<?xml version="1.0" encoding="UTF-8"?>
<library xmlns="urn:hl7-org:elm:r1" xmlns:t="urn:hl7-org:elm-types:r1" xmlns:xsi="http://www.w3.org/2001/XMLSchema-instance" xmlns:xsd="http://www.w3.org/2001/XMLSchema" xmlns:fhir="http://hl7.org/fhir" xmlns:qdm43="urn:healthit-gov:qdm:v4_3" xmlns:qdm53="urn:healthit-gov:qdm:v5_3" xmlns:a="urn:hl7-org:cql-annotations:r1">
   <annotation translatorOptions="EnableAnnotations,EnableLocators,DisableListDemotion,DisableListPromotion,DisableMethodInvocation" xsi:type="a:CqlToElmInfo"/>
   <annotation xsi:type="a:Annotation">
      <a:s r="71">
         <a:s>library HospitalHarmOpioidRelatedAdverseEvents version '3.0.000'</a:s>
      </a:s>
   </annotation>
   <identifier id="HospitalHarmOpioidRelatedAdverseEvents" version="3.0.000"/>
   <schemaIdentifier id="urn:hl7-org:elm" version="r1"/>
   <usings>
      <def localIdentifier="System" uri="urn:hl7-org:elm-types:r1"/>
      <def localId="1" locator="3:1-3:23" localIdentifier="QDM" uri="urn:healthit-gov:qdm:v5_6" version="5.6">
         <annotation xsi:type="a:Annotation">
            <a:s r="1">
               <a:s>using </a:s>
               <a:s>
                  <a:s>QDM</a:s>
               </a:s>
               <a:s> version '5.6'</a:s>
            </a:s>
         </annotation>
      </def>
   </usings>
   <includes>
      <def localId="2" locator="5:1-5:67" localIdentifier="Global" path="MATGlobalCommonFunctionsQDM" version="8.0.000">
         <annotation xsi:type="a:Annotation">
            <a:s r="2">
               <a:s>include </a:s>
               <a:s>
                  <a:s>MATGlobalCommonFunctionsQDM</a:s>
               </a:s>
               <a:s> version '8.0.000' called Global</a:s>
            </a:s>
         </annotation>
      </def>
   </includes>
   <parameters>
      <def localId="16" locator="20:1-20:49" name="Measurement Period" accessLevel="Public">
         <annotation xsi:type="a:Annotation">
            <a:s r="16">
               <a:s>parameter &quot;Measurement Period&quot; </a:s>
               <a:s r="15">
                  <a:s>Interval&lt;</a:s>
                  <a:s r="14">
                     <a:s>DateTime</a:s>
                  </a:s>
                  <a:s>></a:s>
               </a:s>
            </a:s>
         </annotation>
         <parameterTypeSpecifier localId="15" locator="20:32-20:49" xsi:type="IntervalTypeSpecifier">
            <pointType localId="14" locator="20:41-20:48" name="t:DateTime" xsi:type="NamedTypeSpecifier"/>
         </parameterTypeSpecifier>
      </def>
   </parameters>
   <codeSystems>
      <def localId="3" locator="7:1-7:53" name="HSLOC" id="urn:oid:2.16.840.1.113883.6.259" accessLevel="Public">
         <annotation xsi:type="a:Annotation">
            <a:s r="3">
               <a:s>codesystem &quot;HSLOC&quot;: 'urn:oid:2.16.840.1.113883.6.259'</a:s>
            </a:s>
         </annotation>
      </def>
   </codeSystems>
   <valueSets>
      <def localId="4" locator="9:1-9:71" name="Encounter Inpatient" id="urn:oid:2.16.840.1.113883.3.666.5.307" accessLevel="Public">
         <annotation xsi:type="a:Annotation">
            <a:s r="4">
               <a:s>valueset &quot;Encounter Inpatient&quot;: 'urn:oid:2.16.840.1.113883.3.666.5.307'</a:s>
            </a:s>
         </annotation>
      </def>
      <def localId="5" locator="10:1-10:58" name="Ethnicity" id="urn:oid:2.16.840.1.114222.4.11.837" accessLevel="Public">
         <annotation xsi:type="a:Annotation">
            <a:s r="5">
               <a:s>valueset &quot;Ethnicity&quot;: 'urn:oid:2.16.840.1.114222.4.11.837'</a:s>
            </a:s>
         </annotation>
      </def>
      <def localId="6" locator="11:1-11:68" name="ONC Administrative Sex" id="urn:oid:2.16.840.1.113762.1.4.1" accessLevel="Public">
         <annotation xsi:type="a:Annotation">
            <a:s r="6">
               <a:s>valueset &quot;ONC Administrative Sex&quot;: 'urn:oid:2.16.840.1.113762.1.4.1'</a:s>
            </a:s>
         </annotation>
      </def>
      <def localId="7" locator="12:1-12:70" name="Opioid Antagonist" id="urn:oid:2.16.840.1.113762.1.4.1248.119" accessLevel="Public">
         <annotation xsi:type="a:Annotation">
            <a:s r="7">
               <a:s>valueset &quot;Opioid Antagonist&quot;: 'urn:oid:2.16.840.1.113762.1.4.1248.119'</a:s>
            </a:s>
         </annotation>
      </def>
      <def localId="8" locator="13:1-13:65" name="Opioids, All" id="urn:oid:2.16.840.1.113762.1.4.1196.226" accessLevel="Public">
         <annotation xsi:type="a:Annotation">
            <a:s r="8">
               <a:s>valueset &quot;Opioids, All&quot;: 'urn:oid:2.16.840.1.113762.1.4.1196.226'</a:s>
            </a:s>
         </annotation>
      </def>
      <def localId="9" locator="14:1-14:60" name="Payer Type" id="urn:oid:2.16.840.1.114222.4.11.3591" accessLevel="Public">
         <annotation xsi:type="a:Annotation">
            <a:s r="9">
               <a:s>valueset &quot;Payer Type&quot;: 'urn:oid:2.16.840.1.114222.4.11.3591'</a:s>
            </a:s>
         </annotation>
      </def>
      <def localId="10" locator="15:1-15:53" name="Race" id="urn:oid:2.16.840.1.114222.4.11.836" accessLevel="Public">
         <annotation xsi:type="a:Annotation">
            <a:s r="10">
               <a:s>valueset &quot;Race&quot;: 'urn:oid:2.16.840.1.114222.4.11.836'</a:s>
            </a:s>
         </annotation>
      </def>
      <def localId="11" locator="16:1-16:100" name="Routes of Administration for Opioid Antagonists" id="urn:oid:2.16.840.1.113762.1.4.1248.187" accessLevel="Public">
         <annotation xsi:type="a:Annotation">
            <a:s r="11">
               <a:s>valueset &quot;Routes of Administration for Opioid Antagonists&quot;: 'urn:oid:2.16.840.1.113762.1.4.1248.187'</a:s>
            </a:s>
         </annotation>
      </def>
   </valueSets>
   <codes>
      <def localId="13" locator="18:1-18:81" name="Operating Room/Suite" id="1096-7" display="Operating Room/Suite" accessLevel="Public">
         <annotation xsi:type="a:Annotation">
            <a:s r="13">
               <a:s>code &quot;Operating Room/Suite&quot;: '1096-7' from </a:s>
               <a:s r="12">
                  <a:s>&quot;HSLOC&quot;</a:s>
               </a:s>
               <a:s> display 'Operating Room/Suite'</a:s>
            </a:s>
         </annotation>
         <codeSystem localId="12" locator="18:44-18:50" name="HSLOC"/>
      </def>
   </codes>
   <contexts>
      <def locator="22:1-22:15" name="Patient"/>
   </contexts>
   <statements>
      <def locator="22:1-22:15" name="Patient" context="Patient">
         <expression xsi:type="SingletonFrom">
            <operand locator="22:1-22:15" xmlns:ns0="urn:healthit-gov:qdm:v5_6" dataType="ns0:Patient" templateId="Patient" xsi:type="Retrieve"/>
         </expression>
      </def>
      <def localId="32" locator="40:1-43:88" name="Qualifying Encounter" context="Patient" accessLevel="Public">
         <annotation xsi:type="a:Annotation">
            <a:s r="32">
               <a:s>define &quot;Qualifying Encounter&quot;:
  </a:s>
               <a:s r="31">
                  <a:s>
                     <a:s r="18">
                        <a:s r="17">
                           <a:s r="17">
                              <a:s>[&quot;Encounter, Performed&quot;: </a:s>
                              <a:s>
                                 <a:s>&quot;Encounter Inpatient&quot;</a:s>
                              </a:s>
                              <a:s>]</a:s>
                           </a:s>
                        </a:s>
                        <a:s> InpatientHospitalization</a:s>
                     </a:s>
                  </a:s>
                  <a:s>
    </a:s>
                  <a:s r="30">
                     <a:s>where </a:s>
                     <a:s r="30">
                        <a:s r="22">
                           <a:s r="20">
                              <a:s r="19">
                                 <a:s>InpatientHospitalization</a:s>
                              </a:s>
                              <a:s>.</a:s>
                              <a:s r="20">
                                 <a:s>relevantPeriod</a:s>
                              </a:s>
                           </a:s>
                           <a:s r="22"> ends during day of </a:s>
                           <a:s r="21">
                              <a:s>&quot;Measurement Period&quot;</a:s>
                           </a:s>
                        </a:s>
                        <a:s>
      and </a:s>
                        <a:s r="29">
                           <a:s r="27">
                              <a:s>AgeInYearsAt(</a:s>
                              <a:s r="26">
                                 <a:s>date from </a:s>
                                 <a:s r="25">
                                    <a:s>start of </a:s>
                                    <a:s r="24">
                                       <a:s r="23">
                                          <a:s>InpatientHospitalization</a:s>
                                       </a:s>
                                       <a:s>.</a:s>
                                       <a:s r="24">
                                          <a:s>relevantPeriod</a:s>
                                       </a:s>
                                    </a:s>
                                 </a:s>
                              </a:s>
                              <a:s>)</a:s>
                           </a:s>
                           <a:s r="28"> >= 18</a:s>
                        </a:s>
                     </a:s>
                  </a:s>
               </a:s>
            </a:s>
         </annotation>
         <expression localId="31" locator="41:3-43:88" xsi:type="Query">
            <source localId="18" locator="41:3-41:74" alias="InpatientHospitalization">
               <expression localId="17" locator="41:3-41:49" xmlns:ns1="urn:healthit-gov:qdm:v5_6" dataType="ns1:PositiveEncounterPerformed" templateId="PositiveEncounterPerformed" codeProperty="code" codeComparator="in" xsi:type="Retrieve">
                  <codes locator="41:28-41:48" name="Encounter Inpatient" preserve="true" xsi:type="ValueSetRef"/>
               </expression>
            </source>
            <where localId="30" locator="42:5-43:88" xsi:type="And">
               <operand localId="22" locator="42:11-42:89" precision="Day" xsi:type="In">
                  <operand locator="42:51-42:54" xsi:type="End">
                     <operand localId="20" locator="42:11-42:49" path="relevantPeriod" scope="InpatientHospitalization" xsi:type="Property"/>
                  </operand>
                  <operand localId="21" locator="42:70-42:89" name="Measurement Period" xsi:type="ParameterRef"/>
               </operand>
               <operand localId="29" locator="43:11-43:88" xsi:type="GreaterOrEqual">
                  <operand localId="27" locator="43:11-43:82" precision="Year" xsi:type="CalculateAgeAt">
                     <operand xsi:type="ToDate">
                        <operand path="birthDatetime" xsi:type="Property">
                           <source name="Patient" xsi:type="ExpressionRef"/>
                        </operand>
                     </operand>
                     <operand localId="26" locator="43:24-43:81" xsi:type="DateFrom">
                        <operand localId="25" locator="43:34-43:81" xsi:type="Start">
                           <operand localId="24" locator="43:43-43:81" path="relevantPeriod" scope="InpatientHospitalization" xsi:type="Property"/>
                        </operand>
                     </operand>
                  </operand>
                  <operand localId="28" locator="43:87-43:88" valueType="t:Integer" value="18" xsi:type="Literal"/>
               </operand>
            </where>
         </expression>
      </def>
      <def localId="36" locator="37:1-38:46" name="Opioid Administration" context="Patient" accessLevel="Public">
         <annotation xsi:type="a:Annotation">
            <a:s r="36">
               <a:s>define &quot;Opioid Administration&quot;:
  </a:s>
               <a:s r="35">
                  <a:s>[&quot;Medication, Administered&quot;: </a:s>
                  <a:s>
                     <a:s>&quot;Opioids, All&quot;</a:s>
                  </a:s>
                  <a:s>]</a:s>
               </a:s>
            </a:s>
         </annotation>
         <expression localId="35" locator="38:3-38:46" xmlns:ns2="urn:healthit-gov:qdm:v5_6" dataType="ns2:PositiveMedicationAdministered" templateId="PositiveMedicationAdministered" codeProperty="code" codeComparator="in" xsi:type="Retrieve">
            <codes locator="38:32-38:45" name="Opioids, All" preserve="true" xsi:type="ValueSetRef"/>
         </expression>
      </def>
      <def localId="71" locator="85:1-92:9" name="Encounter with Opioid Administration Outside of Operating Room" context="Patient" accessLevel="Public">
         <annotation xsi:type="a:Annotation">
            <a:s r="71">
               <a:s>define &quot;Encounter with Opioid Administration Outside of Operating Room&quot;:
  </a:s>
               <a:s r="70">
                  <a:s>
                     <a:s r="34">
                        <a:s r="33">
                           <a:s>
                              <a:s>&quot;Qualifying Encounter&quot;</a:s>
                           </a:s>
                        </a:s>
                        <a:s> InpatientEncounter</a:s>
                     </a:s>
                  </a:s>
                  <a:s>
    </a:s>
                  <a:s r="69">
                     <a:s>with </a:s>
                     <a:s r="38">
                        <a:s r="37">
                           <a:s>
                              <a:s>&quot;Opioid Administration&quot;</a:s>
                           </a:s>
                        </a:s>
                        <a:s> OpioidGiven</a:s>
                     </a:s>
                     <a:s>
      such that </a:s>
                     <a:s r="68">
                        <a:s r="48">
                           <a:s r="44">
                              <a:s r="39">
                                 <a:s>Global</a:s>
                              </a:s>
                              <a:s>.</a:s>
                              <a:s r="44">
                                 <a:s>&quot;NormalizeInterval&quot; ( </a:s>
                                 <a:s r="41">
                                    <a:s r="40">
                                       <a:s>OpioidGiven</a:s>
                                    </a:s>
                                    <a:s>.</a:s>
                                    <a:s r="41">
                                       <a:s>relevantDatetime</a:s>
                                    </a:s>
                                 </a:s>
                                 <a:s>, </a:s>
                                 <a:s r="43">
                                    <a:s r="42">
                                       <a:s>OpioidGiven</a:s>
                                    </a:s>
                                    <a:s>.</a:s>
                                    <a:s r="43">
                                       <a:s>relevantPeriod</a:s>
                                    </a:s>
                                 </a:s>
                                 <a:s> )</a:s>
                              </a:s>
                           </a:s>
                           <a:s r="48"> starts during </a:s>
                           <a:s r="47">
                              <a:s r="45">
                                 <a:s>Global</a:s>
                              </a:s>
                              <a:s>.</a:s>
                              <a:s r="47">
                                 <a:s>&quot;HospitalizationWithObservation&quot; ( </a:s>
                                 <a:s r="46">
                                    <a:s>InpatientEncounter</a:s>
                                 </a:s>
                                 <a:s> )</a:s>
                              </a:s>
                           </a:s>
                        </a:s>
                        <a:s>
        and </a:s>
                        <a:s r="67">
                           <a:s>not </a:s>
                           <a:s r="66">
                              <a:s>exists </a:s>
                              <a:s r="65">
                                 <a:s>( </a:s>
                                 <a:s r="65">
                                    <a:s>
                                       <a:s r="50">
                                          <a:s r="49">
                                             <a:s>
                                                <a:s>InpatientEncounter.facilityLocations</a:s>
                                             </a:s>
                                          </a:s>
                                          <a:s> EncounterLocation</a:s>
                                       </a:s>
                                    </a:s>
                                    <a:s>
            </a:s>
                                    <a:s r="64">
                                       <a:s>where </a:s>
                                       <a:s r="64">
                                          <a:s r="54">
                                             <a:s r="52">
                                                <a:s r="51">
                                                   <a:s>EncounterLocation</a:s>
                                                </a:s>
                                                <a:s>.</a:s>
                                                <a:s r="52">
                                                   <a:s>code</a:s>
                                                </a:s>
                                             </a:s>
                                             <a:s> ~ </a:s>
                                             <a:s r="53">
                                                <a:s>&quot;Operating Room/Suite&quot;</a:s>
                                             </a:s>
                                          </a:s>
                                          <a:s>
              and </a:s>
                                          <a:s r="63">
                                             <a:s r="60">
                                                <a:s r="55">
                                                   <a:s>Global</a:s>
                                                </a:s>
                                                <a:s>.</a:s>
                                                <a:s r="60">
                                                   <a:s>&quot;NormalizeInterval&quot; ( </a:s>
                                                   <a:s r="57">
                                                      <a:s r="56">
                                                         <a:s>OpioidGiven</a:s>
                                                      </a:s>
                                                      <a:s>.</a:s>
                                                      <a:s r="57">
                                                         <a:s>relevantDatetime</a:s>
                                                      </a:s>
                                                   </a:s>
                                                   <a:s>, </a:s>
                                                   <a:s r="59">
                                                      <a:s r="58">
                                                         <a:s>OpioidGiven</a:s>
                                                      </a:s>
                                                      <a:s>.</a:s>
                                                      <a:s r="59">
                                                         <a:s>relevantPeriod</a:s>
                                                      </a:s>
                                                   </a:s>
                                                   <a:s> )</a:s>
                                                </a:s>
                                             </a:s>
                                             <a:s r="63"> starts during </a:s>
                                             <a:s r="62">
                                                <a:s r="61">
                                                   <a:s>EncounterLocation</a:s>
                                                </a:s>
                                                <a:s>.</a:s>
                                                <a:s r="62">
                                                   <a:s>locationPeriod</a:s>
                                                </a:s>
                                             </a:s>
                                          </a:s>
                                       </a:s>
                                    </a:s>
                                 </a:s>
                                 <a:s>
        )</a:s>
                              </a:s>
                           </a:s>
                        </a:s>
                     </a:s>
                  </a:s>
               </a:s>
            </a:s>
         </annotation>
         <expression localId="70" locator="86:3-92:9" xsi:type="Query">
            <source localId="34" locator="86:3-86:43" alias="InpatientEncounter">
               <expression localId="33" locator="86:3-86:24" name="Qualifying Encounter" xsi:type="ExpressionRef"/>
            </source>
            <relationship localId="69" locator="87:5-92:9" alias="OpioidGiven" xsi:type="With">
               <expression localId="37" locator="87:10-87:32" name="Opioid Administration" xsi:type="ExpressionRef"/>
               <suchThat localId="68" locator="88:17-92:9" xsi:type="And">
                  <operand localId="48" locator="88:17-88:180" xsi:type="In">
                     <operand locator="88:105-88:110" xsi:type="Start">
                        <operand localId="44" locator="88:17-88:103" name="NormalizeInterval" libraryName="Global" xsi:type="FunctionRef">
                           <operand localId="41" locator="88:46-88:73" path="relevantDatetime" scope="OpioidGiven" xsi:type="Property"/>
                           <operand localId="43" locator="88:76-88:101" path="relevantPeriod" scope="OpioidGiven" xsi:type="Property"/>
                        </operand>
                     </operand>
                     <operand localId="47" locator="88:119-88:180" name="HospitalizationWithObservation" libraryName="Global" xsi:type="FunctionRef">
                        <operand localId="46" locator="88:161-88:178" name="InpatientEncounter" xsi:type="AliasRef"/>
                     </operand>
                  </operand>
                  <operand localId="67" locator="89:13-92:9" xsi:type="Not">
                     <operand localId="66" locator="89:17-92:9" xsi:type="Exists">
                        <operand localId="65" locator="89:24-92:9" xsi:type="Query">
                           <source localId="50" locator="89:26-89:79" alias="EncounterLocation">
                              <expression localId="49" locator="89:26-89:61" path="facilityLocations" scope="InpatientEncounter" xsi:type="Property"/>
                           </source>
                           <where localId="64" locator="90:13-91:152" xsi:type="And">
                              <operand localId="54" locator="90:19-90:65" xsi:type="Equivalent">
                                 <operand localId="52" locator="90:19-90:40" path="code" scope="EncounterLocation" xsi:type="Property"/>
                                 <operand localId="53" locator="90:44-90:65" name="Operating Room/Suite" xsi:type="CodeRef"/>
                              </operand>
                              <operand localId="63" locator="91:19-91:152" xsi:type="In">
                                 <operand locator="91:107-91:112" xsi:type="Start">
                                    <operand localId="60" locator="91:19-91:105" name="NormalizeInterval" libraryName="Global" xsi:type="FunctionRef">
                                       <operand localId="57" locator="91:48-91:75" path="relevantDatetime" scope="OpioidGiven" xsi:type="Property"/>
                                       <operand localId="59" locator="91:78-91:103" path="relevantPeriod" scope="OpioidGiven" xsi:type="Property"/>
                                    </operand>
                                 </operand>
                                 <operand localId="62" locator="91:121-91:152" path="locationPeriod" scope="EncounterLocation" xsi:type="Property"/>
                              </operand>
                           </where>
                        </operand>
                     </operand>
                  </operand>
               </suchThat>
            </relationship>
         </expression>
      </def>
      <def localId="73" locator="27:1-28:66" name="Initial Population" context="Patient" accessLevel="Public">
         <annotation xsi:type="a:Annotation">
            <a:s r="73">
               <a:s>define &quot;Initial Population&quot;:
  </a:s>
               <a:s r="72">
                  <a:s>&quot;Encounter with Opioid Administration Outside of Operating Room&quot;</a:s>
               </a:s>
            </a:s>
         </annotation>
         <expression localId="72" locator="28:3-28:66" name="Encounter with Opioid Administration Outside of Operating Room" xsi:type="ExpressionRef"/>
      </def>
      <def localId="75" locator="24:1-25:22" name="Denominator" context="Patient" accessLevel="Public">
         <annotation xsi:type="a:Annotation">
            <a:s r="75">
               <a:s>define &quot;Denominator&quot;:
  </a:s>
               <a:s r="74">
                  <a:s>&quot;Initial Population&quot;</a:s>
               </a:s>
            </a:s>
         </annotation>
         <expression localId="74" locator="25:3-25:22" name="Initial Population" xsi:type="ExpressionRef"/>
      </def>
      <def localId="83" locator="30:1-32:79" name="Non Enteral Opioid Antagonist Administration" context="Patient" accessLevel="Public">
         <annotation xsi:type="a:Annotation">
            <a:s r="83">
               <a:s>define &quot;Non Enteral Opioid Antagonist Administration&quot;:
  </a:s>
               <a:s r="82">
                  <a:s>
                     <a:s r="77">
                        <a:s r="76">
                           <a:s r="76">
                              <a:s>[&quot;Medication, Administered&quot;: </a:s>
                              <a:s>
                                 <a:s>&quot;Opioid Antagonist&quot;</a:s>
                              </a:s>
                              <a:s>]</a:s>
                           </a:s>
                        </a:s>
                        <a:s> Antagonist</a:s>
                     </a:s>
                  </a:s>
                  <a:s>
    </a:s>
                  <a:s r="81">
                     <a:s>where </a:s>
                     <a:s r="81">
                        <a:s r="79">
                           <a:s r="78">
                              <a:s>Antagonist</a:s>
                           </a:s>
                           <a:s>.</a:s>
                           <a:s r="79">
                              <a:s>route</a:s>
                           </a:s>
                        </a:s>
                        <a:s> in </a:s>
                        <a:s r="80">
                           <a:s>&quot;Routes of Administration for Opioid Antagonists&quot;</a:s>
                        </a:s>
                     </a:s>
                  </a:s>
               </a:s>
            </a:s>
         </annotation>
         <expression localId="82" locator="31:3-32:79" xsi:type="Query">
            <source localId="77" locator="31:3-31:62" alias="Antagonist">
               <expression localId="76" locator="31:3-31:51" xmlns:ns3="urn:healthit-gov:qdm:v5_6" dataType="ns3:PositiveMedicationAdministered" templateId="PositiveMedicationAdministered" codeProperty="code" codeComparator="in" xsi:type="Retrieve">
                  <codes locator="31:32-31:50" name="Opioid Antagonist" preserve="true" xsi:type="ValueSetRef"/>
               </expression>
            </source>
            <where localId="81" locator="32:5-32:79" xsi:type="InValueSet">
               <code localId="79" locator="32:11-32:26" path="route" scope="Antagonist" xsi:type="Property"/>
               <valueset localId="80" locator="32:31-32:79" name="Routes of Administration for Opioid Antagonists" preserve="true"/>
            </where>
         </expression>
      </def>
      <def localId="154" locator="57:1-83:35" name="Encounter with Non Enteral Opioid Antagonist Administered Outside of OR and within 12 Hrs After Opioid Administered Outside of OR" context="Patient" accessLevel="Public">
         <annotation xsi:type="a:Annotation">
            <a:s r="154">
               <a:s>define &quot;Encounter with Non Enteral Opioid Antagonist Administered Outside of OR and within 12 Hrs After Opioid Administered Outside of OR&quot;:
  /* 
  Excludes opioid antagonist administered in operating room 
  AND excludes opioids administered in operating room 
  AND opioid is administered before opioid antagonist 
  AND limits opioid antagonist to non-enteral routes
  */
  
  </a:s>
               <a:s r="153">
                  <a:s>
                     <a:s>from
    </a:s>
                     <a:s r="85">
                        <a:s r="84">
                           <a:s>
                              <a:s>&quot;Non Enteral Opioid Antagonist Administration&quot;</a:s>
                           </a:s>
                        </a:s>
                        <a:s> NonEnteralOpioidAntagonistGiven</a:s>
                     </a:s>
                     <a:s>,
    </a:s>
                     <a:s r="87">
                        <a:s r="86">
                           <a:s>
                              <a:s>&quot;Opioid Administration&quot;</a:s>
                           </a:s>
                        </a:s>
                        <a:s> OpioidGiven</a:s>
                     </a:s>
                     <a:s>,
    </a:s>
                     <a:s r="89">
                        <a:s r="88">
                           <a:s>
                              <a:s>&quot;Denominator&quot;</a:s>
                           </a:s>
                        </a:s>
                        <a:s> InpatientHospitalization</a:s>
                     </a:s>
                  </a:s>
                  <a:s>
    </a:s>
                  <a:s>
                     <a:s>let </a:s>
                     <a:s r="96">
                        <a:s>NonEnteralOpioidAntagonistGivenTime: </a:s>
                        <a:s r="95">
                           <a:s r="90">
                              <a:s>Global</a:s>
                           </a:s>
                           <a:s>.</a:s>
                           <a:s r="95">
                              <a:s>&quot;NormalizeInterval&quot; ( </a:s>
                              <a:s r="92">
                                 <a:s r="91">
                                    <a:s>NonEnteralOpioidAntagonistGiven</a:s>
                                 </a:s>
                                 <a:s>.</a:s>
                                 <a:s r="92">
                                    <a:s>relevantDatetime</a:s>
                                 </a:s>
                              </a:s>
                              <a:s>, </a:s>
                              <a:s r="94">
                                 <a:s r="93">
                                    <a:s>NonEnteralOpioidAntagonistGiven</a:s>
                                 </a:s>
                                 <a:s>.</a:s>
                                 <a:s r="94">
                                    <a:s>relevantPeriod</a:s>
                                 </a:s>
                              </a:s>
                              <a:s> )</a:s>
                           </a:s>
                        </a:s>
                     </a:s>
                     <a:s>,
    </a:s>
                     <a:s r="103">
                        <a:s>OpioidGivenTime: </a:s>
                        <a:s r="102">
                           <a:s r="97">
                              <a:s>Global</a:s>
                           </a:s>
                           <a:s>.</a:s>
                           <a:s r="102">
                              <a:s>&quot;NormalizeInterval&quot; ( </a:s>
                              <a:s r="99">
                                 <a:s r="98">
                                    <a:s>OpioidGiven</a:s>
                                 </a:s>
                                 <a:s>.</a:s>
                                 <a:s r="99">
                                    <a:s>relevantDatetime</a:s>
                                 </a:s>
                              </a:s>
                              <a:s>, </a:s>
                              <a:s r="101">
                                 <a:s r="100">
                                    <a:s>OpioidGiven</a:s>
                                 </a:s>
                                 <a:s>.</a:s>
                                 <a:s r="101">
                                    <a:s>relevantPeriod</a:s>
                                 </a:s>
                              </a:s>
                              <a:s> )</a:s>
                           </a:s>
                        </a:s>
                     </a:s>
                     <a:s>,
    </a:s>
                     <a:s r="107">
                        <a:s>HospitalPeriod: </a:s>
                        <a:s r="106">
                           <a:s r="104">
                              <a:s>Global</a:s>
                           </a:s>
                           <a:s>.</a:s>
                           <a:s r="106">
                              <a:s>&quot;HospitalizationWithObservation&quot; ( </a:s>
                              <a:s r="105">
                                 <a:s>InpatientHospitalization</a:s>
                              </a:s>
                              <a:s> )</a:s>
                           </a:s>
                        </a:s>
                     </a:s>
                  </a:s>
                  <a:s>
    </a:s>
                  <a:s r="150">
                     <a:s>where </a:s>
                     <a:s r="150">
                        <a:s r="144">
                           <a:s r="140">
                              <a:s r="136">
                                 <a:s r="121">
                                    <a:s>not </a:s>
                                    <a:s r="120">
                                       <a:s>exists </a:s>
                                       <a:s r="119">
                                          <a:s>( </a:s>
                                          <a:s r="119">
                                             <a:s>
                                                <a:s r="109">
                                                   <a:s r="108">
                                                      <a:s>
                                                         <a:s>InpatientHospitalization.facilityLocations</a:s>
                                                      </a:s>
                                                   </a:s>
                                                   <a:s> EncounterLocation</a:s>
                                                </a:s>
                                             </a:s>
                                             <a:s>
        </a:s>
                                             <a:s r="118">
                                                <a:s>where </a:s>
                                                <a:s r="118">
                                                   <a:s r="113">
                                                      <a:s r="111">
                                                         <a:s r="110">
                                                            <a:s>EncounterLocation</a:s>
                                                         </a:s>
                                                         <a:s>.</a:s>
                                                         <a:s r="111">
                                                            <a:s>code</a:s>
                                                         </a:s>
                                                      </a:s>
                                                      <a:s> ~ </a:s>
                                                      <a:s r="112">
                                                         <a:s>&quot;Operating Room/Suite&quot;</a:s>
                                                      </a:s>
                                                   </a:s>
                                                   <a:s>
          and </a:s>
                                                   <a:s r="117">
                                                      <a:s r="114">
                                                         <a:s>NonEnteralOpioidAntagonistGivenTime</a:s>
                                                      </a:s>
                                                      <a:s r="117"> starts during </a:s>
                                                      <a:s r="116">
                                                         <a:s r="115">
                                                            <a:s>EncounterLocation</a:s>
                                                         </a:s>
                                                         <a:s>.</a:s>
                                                         <a:s r="116">
                                                            <a:s>locationPeriod</a:s>
                                                         </a:s>
                                                      </a:s>
                                                   </a:s>
                                                </a:s>
                                             </a:s>
                                          </a:s>
                                          <a:s>
    )</a:s>
                                       </a:s>
                                    </a:s>
                                 </a:s>
                                 <a:s>
      and </a:s>
                                 <a:s r="135">
                                    <a:s>not </a:s>
                                    <a:s r="134">
                                       <a:s>exists </a:s>
                                       <a:s r="133">
                                          <a:s>( </a:s>
                                          <a:s r="133">
                                             <a:s>
                                                <a:s r="123">
                                                   <a:s r="122">
                                                      <a:s>
                                                         <a:s>InpatientHospitalization.facilityLocations</a:s>
                                                      </a:s>
                                                   </a:s>
                                                   <a:s> EncounterLocation</a:s>
                                                </a:s>
                                             </a:s>
                                             <a:s>
          </a:s>
                                             <a:s r="132">
                                                <a:s>where </a:s>
                                                <a:s r="132">
                                                   <a:s r="127">
                                                      <a:s r="125">
                                                         <a:s r="124">
                                                            <a:s>EncounterLocation</a:s>
                                                         </a:s>
                                                         <a:s>.</a:s>
                                                         <a:s r="125">
                                                            <a:s>code</a:s>
                                                         </a:s>
                                                      </a:s>
                                                      <a:s> ~ </a:s>
                                                      <a:s r="126">
                                                         <a:s>&quot;Operating Room/Suite&quot;</a:s>
                                                      </a:s>
                                                   </a:s>
                                                   <a:s>
            and </a:s>
                                                   <a:s r="131">
                                                      <a:s r="128">
                                                         <a:s>OpioidGivenTime</a:s>
                                                      </a:s>
                                                      <a:s r="131"> starts during </a:s>
                                                      <a:s r="130">
                                                         <a:s r="129">
                                                            <a:s>EncounterLocation</a:s>
                                                         </a:s>
                                                         <a:s>.</a:s>
                                                         <a:s r="130">
                                                            <a:s>locationPeriod</a:s>
                                                         </a:s>
                                                      </a:s>
                                                   </a:s>
                                                </a:s>
                                             </a:s>
                                          </a:s>
                                          <a:s>
      )</a:s>
                                       </a:s>
                                    </a:s>
                                 </a:s>
                              </a:s>
                              <a:s>
      and </a:s>
                              <a:s r="139">
                                 <a:s r="137">
                                    <a:s>NonEnteralOpioidAntagonistGivenTime</a:s>
                                 </a:s>
                                 <a:s r="139"> starts during </a:s>
                                 <a:s r="138">
                                    <a:s>HospitalPeriod</a:s>
                                 </a:s>
                              </a:s>
                           </a:s>
                           <a:s>
      and </a:s>
                           <a:s r="143">
                              <a:s r="141">
                                 <a:s>OpioidGivenTime</a:s>
                              </a:s>
                              <a:s r="143"> starts during </a:s>
                              <a:s r="142">
                                 <a:s>HospitalPeriod</a:s>
                              </a:s>
                           </a:s>
                        </a:s>
                        <a:s>
      and </a:s>
                        <a:s r="149">
                           <a:s r="145">
                              <a:s>OpioidGivenTime</a:s>
                           </a:s>
                           <a:s> </a:s>
                           <a:s r="149">
                              <a:s>ends </a:s>
                              <a:s r="148">
                                 <a:s>12 hours</a:s>
                              </a:s>
                              <a:s> or less before</a:s>
                           </a:s>
                           <a:s> </a:s>
                           <a:s r="147">
                              <a:s>start of </a:s>
                              <a:s r="146">
                                 <a:s>NonEnteralOpioidAntagonistGivenTime</a:s>
                              </a:s>
                           </a:s>
                        </a:s>
                     </a:s>
                  </a:s>
                  <a:s>
    </a:s>
                  <a:s r="152">
                     <a:s>return </a:s>
                     <a:s r="151">
                        <a:s>InpatientHospitalization</a:s>
                     </a:s>
                  </a:s>
               </a:s>
            </a:s>
         </annotation>
         <expression localId="153" locator="65:3-83:35" xsi:type="Query">
            <source localId="85" locator="66:5-66:82" alias="NonEnteralOpioidAntagonistGiven">
               <expression localId="84" locator="66:5-66:50" name="Non Enteral Opioid Antagonist Administration" xsi:type="ExpressionRef"/>
            </source>
            <source localId="87" locator="67:5-67:39" alias="OpioidGiven">
               <expression localId="86" locator="67:5-67:27" name="Opioid Administration" xsi:type="ExpressionRef"/>
            </source>
            <source localId="89" locator="68:5-68:42" alias="InpatientHospitalization">
               <expression localId="88" locator="68:5-68:17" name="Denominator" xsi:type="ExpressionRef"/>
            </source>
            <let localId="96" locator="69:9-69:172" identifier="NonEnteralOpioidAntagonistGivenTime">
               <expression localId="95" locator="69:46-69:172" name="NormalizeInterval" libraryName="Global" xsi:type="FunctionRef">
                  <operand localId="92" locator="69:75-69:122" path="relevantDatetime" scope="NonEnteralOpioidAntagonistGiven" xsi:type="Property"/>
                  <operand localId="94" locator="69:125-69:170" path="relevantPeriod" scope="NonEnteralOpioidAntagonistGiven" xsi:type="Property"/>
               </expression>
            </let>
            <let localId="103" locator="70:5-70:108" identifier="OpioidGivenTime">
               <expression localId="102" locator="70:22-70:108" name="NormalizeInterval" libraryName="Global" xsi:type="FunctionRef">
                  <operand localId="99" locator="70:51-70:78" path="relevantDatetime" scope="OpioidGiven" xsi:type="Property"/>
                  <operand localId="101" locator="70:81-70:106" path="relevantPeriod" scope="OpioidGiven" xsi:type="Property"/>
               </expression>
            </let>
            <let localId="107" locator="71:5-71:88" identifier="HospitalPeriod">
               <expression localId="106" locator="71:21-71:88" name="HospitalizationWithObservation" libraryName="Global" xsi:type="FunctionRef">
                  <operand localId="105" locator="71:63-71:86" name="InpatientHospitalization" xsi:type="AliasRef"/>
               </expression>
            </let>
            <where localId="150" locator="72:5-82:99" xsi:type="And">
               <operand localId="144" locator="72:11-81:54" xsi:type="And">
                  <operand localId="140" locator="72:11-80:74" xsi:type="And">
                     <operand localId="136" locator="72:11-79:7" xsi:type="And">
                        <operand localId="121" locator="72:11-75:5" xsi:type="Not">
                           <operand localId="120" locator="72:15-75:5" xsi:type="Exists">
                              <operand localId="119" locator="72:22-75:5" xsi:type="Query">
                                 <source localId="109" locator="72:24-72:83" alias="EncounterLocation">
                                    <expression localId="108" locator="72:24-72:65" path="facilityLocations" scope="InpatientHospitalization" xsi:type="Property"/>
                                 </source>
                                 <where localId="118" locator="73:9-74:96" xsi:type="And">
                                    <operand localId="113" locator="73:15-73:61" xsi:type="Equivalent">
                                       <operand localId="111" locator="73:15-73:36" path="code" scope="EncounterLocation" xsi:type="Property"/>
                                       <operand localId="112" locator="73:40-73:61" name="Operating Room/Suite" xsi:type="CodeRef"/>
                                    </operand>
                                    <operand localId="117" locator="74:15-74:96" xsi:type="In">
                                       <operand locator="74:51-74:56" xsi:type="Start">
                                          <operand localId="114" locator="74:15-74:49" name="NonEnteralOpioidAntagonistGivenTime" xsi:type="QueryLetRef"/>
                                       </operand>
                                       <operand localId="116" locator="74:65-74:96" path="locationPeriod" scope="EncounterLocation" xsi:type="Property"/>
                                    </operand>
                                 </where>
                              </operand>
                           </operand>
                        </operand>
                        <operand localId="135" locator="76:11-79:7" xsi:type="Not">
                           <operand localId="134" locator="76:15-79:7" xsi:type="Exists">
                              <operand localId="133" locator="76:22-79:7" xsi:type="Query">
                                 <source localId="123" locator="76:24-76:83" alias="EncounterLocation">
                                    <expression localId="122" locator="76:24-76:65" path="facilityLocations" scope="InpatientHospitalization" xsi:type="Property"/>
                                 </source>
                                 <where localId="132" locator="77:11-78:78" xsi:type="And">
                                    <operand localId="127" locator="77:17-77:63" xsi:type="Equivalent">
                                       <operand localId="125" locator="77:17-77:38" path="code" scope="EncounterLocation" xsi:type="Property"/>
                                       <operand localId="126" locator="77:42-77:63" name="Operating Room/Suite" xsi:type="CodeRef"/>
                                    </operand>
                                    <operand localId="131" locator="78:17-78:78" xsi:type="In">
                                       <operand locator="78:33-78:38" xsi:type="Start">
                                          <operand localId="128" locator="78:17-78:31" name="OpioidGivenTime" xsi:type="QueryLetRef"/>
                                       </operand>
                                       <operand localId="130" locator="78:47-78:78" path="locationPeriod" scope="EncounterLocation" xsi:type="Property"/>
                                    </operand>
                                 </where>
                              </operand>
                           </operand>
                        </operand>
                     </operand>
                     <operand localId="139" locator="80:11-80:74" xsi:type="In">
                        <operand locator="80:47-80:52" xsi:type="Start">
                           <operand localId="137" locator="80:11-80:45" name="NonEnteralOpioidAntagonistGivenTime" xsi:type="QueryLetRef"/>
                        </operand>
                        <operand localId="138" locator="80:61-80:74" name="HospitalPeriod" xsi:type="QueryLetRef"/>
                     </operand>
                  </operand>
                  <operand localId="143" locator="81:11-81:54" xsi:type="In">
                     <operand locator="81:27-81:32" xsi:type="Start">
                        <operand localId="141" locator="81:11-81:25" name="OpioidGivenTime" xsi:type="QueryLetRef"/>
                     </operand>
                     <operand localId="142" locator="81:41-81:54" name="HospitalPeriod" xsi:type="QueryLetRef"/>
                  </operand>
               </operand>
               <operand localId="149" locator="82:11-82:99" xsi:type="And">
                  <operand locator="82:32-82:47" xsi:type="In">
                     <operand locator="82:27-82:30" xsi:type="End">
                        <operand localId="145" locator="82:11-82:25" name="OpioidGivenTime" xsi:type="QueryLetRef"/>
                     </operand>
                     <operand locator="82:32-82:47" lowClosed="true" highClosed="false" xsi:type="Interval">
                        <low locator="82:56-82:99" xsi:type="Subtract">
                           <operand localId="147" locator="82:56-82:99" xsi:type="Start">
                              <operand localId="146" locator="82:65-82:99" name="NonEnteralOpioidAntagonistGivenTime" xsi:type="QueryLetRef"/>
                           </operand>
                           <operand localId="148" locator="82:32-82:39" value="12" unit="hours" xsi:type="Quantity"/>
                        </low>
                        <high localId="147" locator="82:56-82:99" xsi:type="Start">
                           <operand localId="146" locator="82:65-82:99" name="NonEnteralOpioidAntagonistGivenTime" xsi:type="QueryLetRef"/>
                        </high>
                     </operand>
                  </operand>
                  <operand locator="82:32-82:47" xsi:type="Not">
                     <operand locator="82:32-82:47" xsi:type="IsNull">
                        <operand localId="147" locator="82:56-82:99" xsi:type="Start">
                           <operand localId="146" locator="82:65-82:99" name="NonEnteralOpioidAntagonistGivenTime" xsi:type="QueryLetRef"/>
                        </operand>
                     </operand>
                  </operand>
               </operand>
            </where>
            <return localId="152" locator="83:5-83:35">
               <expression localId="151" locator="83:12-83:35" name="InpatientHospitalization" xsi:type="AliasRef"/>
            </return>
         </expression>
      </def>
      <def localId="156" locator="34:1-35:133" name="Numerator" context="Patient" accessLevel="Public">
         <annotation xsi:type="a:Annotation">
            <a:s r="156">
               <a:s>define &quot;Numerator&quot;:
  </a:s>
               <a:s r="155">
                  <a:s>&quot;Encounter with Non Enteral Opioid Antagonist Administered Outside of OR and within 12 Hrs After Opioid Administered Outside of OR&quot;</a:s>
               </a:s>
            </a:s>
         </annotation>
         <expression localId="155" locator="35:3-35:133" name="Encounter with Non Enteral Opioid Antagonist Administered Outside of OR and within 12 Hrs After Opioid Administered Outside of OR" xsi:type="ExpressionRef"/>
      </def>
      <def localId="158" locator="45:1-46:51" name="SDE Ethnicity" context="Patient" accessLevel="Public">
         <annotation xsi:type="a:Annotation">
            <a:s r="158">
               <a:s>define &quot;SDE Ethnicity&quot;:
  </a:s>
               <a:s r="157">
                  <a:s>[&quot;Patient Characteristic Ethnicity&quot;: </a:s>
                  <a:s>
                     <a:s>&quot;Ethnicity&quot;</a:s>
                  </a:s>
                  <a:s>]</a:s>
               </a:s>
            </a:s>
         </annotation>
         <expression localId="157" locator="46:3-46:51" xmlns:ns4="urn:healthit-gov:qdm:v5_6" dataType="ns4:PatientCharacteristicEthnicity" codeProperty="code" codeComparator="in" xsi:type="Retrieve">
            <codes locator="46:40-46:50" name="Ethnicity" preserve="true" xsi:type="ValueSetRef"/>
         </expression>
      </def>
      <def localId="160" locator="48:1-49:48" name="SDE Payer" context="Patient" accessLevel="Public">
         <annotation xsi:type="a:Annotation">
            <a:s r="160">
               <a:s>define &quot;SDE Payer&quot;:
  </a:s>
               <a:s r="159">
                  <a:s>[&quot;Patient Characteristic Payer&quot;: </a:s>
                  <a:s>
                     <a:s>&quot;Payer Type&quot;</a:s>
                  </a:s>
                  <a:s>]</a:s>
               </a:s>
            </a:s>
         </annotation>
         <expression localId="159" locator="49:3-49:48" xmlns:ns5="urn:healthit-gov:qdm:v5_6" dataType="ns5:PatientCharacteristicPayer" codeProperty="code" codeComparator="in" xsi:type="Retrieve">
            <codes locator="49:36-49:47" name="Payer Type" preserve="true" xsi:type="ValueSetRef"/>
         </expression>
      </def>
      <def localId="162" locator="51:1-52:41" name="SDE Race" context="Patient" accessLevel="Public">
         <annotation xsi:type="a:Annotation">
            <a:s r="162">
               <a:s>define &quot;SDE Race&quot;:
  </a:s>
               <a:s r="161">
                  <a:s>[&quot;Patient Characteristic Race&quot;: </a:s>
                  <a:s>
                     <a:s>&quot;Race&quot;</a:s>
                  </a:s>
                  <a:s>]</a:s>
               </a:s>
            </a:s>
         </annotation>
         <expression localId="161" locator="52:3-52:41" xmlns:ns6="urn:healthit-gov:qdm:v5_6" dataType="ns6:PatientCharacteristicRace" codeProperty="code" codeComparator="in" xsi:type="Retrieve">
            <codes locator="52:35-52:40" name="Race" preserve="true" xsi:type="ValueSetRef"/>
         </expression>
      </def>
      <def localId="164" locator="54:1-55:58" name="SDE Sex" context="Patient" accessLevel="Public">
         <annotation xsi:type="a:Annotation">
            <a:s r="164">
               <a:s>define &quot;SDE Sex&quot;:
  </a:s>
               <a:s r="163">
                  <a:s>[&quot;Patient Characteristic Sex&quot;: </a:s>
                  <a:s>
                     <a:s>&quot;ONC Administrative Sex&quot;</a:s>
                  </a:s>
                  <a:s>]</a:s>
               </a:s>
            </a:s>
         </annotation>
         <expression localId="163" locator="55:3-55:58" xmlns:ns7="urn:healthit-gov:qdm:v5_6" dataType="ns7:PatientCharacteristicSex" codeProperty="code" codeComparator="in" xsi:type="Retrieve">
            <codes locator="55:34-55:57" name="ONC Administrative Sex" preserve="true" xsi:type="ValueSetRef"/>
         </expression>
      </def>
   </statements>
</library>
