{
   "library" : {
      "annotation" : [ {
         "translatorOptions" : "EnableAnnotations,EnableLocators,DisableListDemotion,DisableListPromotion,DisableMethodInvocation",
         "type" : "CqlToElmInfo"
      }, {
         "type" : "Annotation",
         "s" : {
            "r" : "132",
            "s" : [ {
               "value" : [ "","library ExclusiveBreastMilkFeeding version '11.1.000'" ]
            } ]
         }
      } ],
      "identifier" : {
         "id" : "ExclusiveBreastMilkFeeding",
         "version" : "11.1.000"
      },
      "schemaIdentifier" : {
         "id" : "urn:hl7-org:elm",
         "version" : "r1"
      },
      "usings" : {
         "def" : [ {
            "localIdentifier" : "System",
            "uri" : "urn:hl7-org:elm-types:r1"
         }, {
            "localId" : "1",
            "locator" : "3:1-3:23",
            "localIdentifier" : "QDM",
            "uri" : "urn:healthit-gov:qdm:v5_6",
            "version" : "5.6",
            "annotation" : [ {
               "type" : "Annotation",
               "s" : {
                  "r" : "1",
                  "s" : [ {
                     "value" : [ "","using " ]
                  }, {
                     "s" : [ {
                        "value" : [ "QDM" ]
                     } ]
                  }, {
                     "value" : [ " version ","'5.6'" ]
                  } ]
               }
            } ]
         } ]
      },
      "includes" : {
         "def" : [ {
            "localId" : "2",
            "locator" : "5:1-5:64",
            "localIdentifier" : "Global",
            "path" : "MATGlobalCommonFunctions",
            "version" : "7.0.000",
            "annotation" : [ {
               "type" : "Annotation",
               "s" : {
                  "r" : "2",
                  "s" : [ {
                     "value" : [ "","include " ]
                  }, {
                     "s" : [ {
                        "value" : [ "MATGlobalCommonFunctions" ]
                     } ]
                  }, {
                     "value" : [ " version ","'7.0.000'"," called ","Global" ]
                  } ]
               }
            } ]
         }, {
            "localId" : "3",
            "locator" : "6:1-6:52",
            "localIdentifier" : "PCNewborn",
            "path" : "PCNewborn",
            "version" : "2.0.000",
            "annotation" : [ {
               "type" : "Annotation",
               "s" : {
                  "r" : "3",
                  "s" : [ {
                     "value" : [ "","include " ]
                  }, {
                     "s" : [ {
                        "value" : [ "PCNewborn" ]
                     } ]
                  }, {
                     "value" : [ " version ","'2.0.000'"," called ","PCNewborn" ]
                  } ]
               }
            } ]
         } ]
      },
      "valueSets" : {
         "def" : [ {
            "localId" : "4",
            "locator" : "8:1-8:66",
            "name" : "Breast Milk",
            "id" : "urn:oid:2.16.840.1.113883.3.117.1.7.1.30",
            "accessLevel" : "Public",
            "annotation" : [ {
               "type" : "Annotation",
               "s" : {
                  "r" : "4",
                  "s" : [ {
                     "value" : [ "","valueset ","\"Breast Milk\"",": ","'urn:oid:2.16.840.1.113883.3.117.1.7.1.30'" ]
                  } ]
               }
            } ]
         }, {
            "localId" : "5",
            "locator" : "9:1-9:92",
            "name" : "Dietary Intake Other than Breast Milk",
            "id" : "urn:oid:2.16.840.1.113883.3.117.1.7.1.27",
            "accessLevel" : "Public",
            "annotation" : [ {
               "type" : "Annotation",
               "s" : {
                  "r" : "5",
                  "s" : [ {
                     "value" : [ "","valueset ","\"Dietary Intake Other than Breast Milk\"",": ","'urn:oid:2.16.840.1.113883.3.117.1.7.1.27'" ]
                  } ]
               }
            } ]
         }, {
            "localId" : "6",
            "locator" : "10:1-10:87",
            "name" : "Discharge To Acute Care Facility",
            "id" : "urn:oid:2.16.840.1.113883.3.117.1.7.1.87",
            "accessLevel" : "Public",
            "annotation" : [ {
               "type" : "Annotation",
               "s" : {
                  "r" : "6",
                  "s" : [ {
                     "value" : [ "","valueset ","\"Discharge To Acute Care Facility\"",": ","'urn:oid:2.16.840.1.113883.3.117.1.7.1.87'" ]
                  } ]
               }
            } ]
         }, {
            "localId" : "7",
            "locator" : "11:1-11:58",
            "name" : "Ethnicity",
            "id" : "urn:oid:2.16.840.1.114222.4.11.837",
            "accessLevel" : "Public",
            "annotation" : [ {
               "type" : "Annotation",
               "s" : {
                  "r" : "7",
                  "s" : [ {
                     "value" : [ "","valueset ","\"Ethnicity\"",": ","'urn:oid:2.16.840.1.114222.4.11.837'" ]
                  } ]
               }
            } ]
         }, {
            "localId" : "8",
            "locator" : "12:1-12:67",
            "name" : "Galactosemia",
            "id" : "urn:oid:2.16.840.1.113883.3.117.1.7.1.35",
            "accessLevel" : "Public",
            "annotation" : [ {
               "type" : "Annotation",
               "s" : {
                  "r" : "8",
                  "s" : [ {
                     "value" : [ "","valueset ","\"Galactosemia\"",": ","'urn:oid:2.16.840.1.113883.3.117.1.7.1.35'" ]
                  } ]
               }
            } ]
         }, {
            "localId" : "9",
            "locator" : "13:1-13:72",
            "name" : "Intensive Care Unit",
            "id" : "urn:oid:2.16.840.1.113762.1.4.1029.206",
            "accessLevel" : "Public",
            "annotation" : [ {
               "type" : "Annotation",
               "s" : {
                  "r" : "9",
                  "s" : [ {
                     "value" : [ "","valueset ","\"Intensive Care Unit\"",": ","'urn:oid:2.16.840.1.113762.1.4.1029.206'" ]
                  } ]
               }
            } ]
         }, {
            "localId" : "10",
            "locator" : "14:1-14:88",
            "name" : "Neonatal Intensive Care Unit (NICU)",
            "id" : "urn:oid:2.16.840.1.113762.1.4.1029.205",
            "accessLevel" : "Public",
            "annotation" : [ {
               "type" : "Annotation",
               "s" : {
                  "r" : "10",
                  "s" : [ {
                     "value" : [ "","valueset ","\"Neonatal Intensive Care Unit (NICU)\"",": ","'urn:oid:2.16.840.1.113762.1.4.1029.205'" ]
                  } ]
               }
            } ]
         }, {
            "localId" : "11",
            "locator" : "15:1-15:68",
            "name" : "ONC Administrative Sex",
            "id" : "urn:oid:2.16.840.1.113762.1.4.1",
            "accessLevel" : "Public",
            "annotation" : [ {
               "type" : "Annotation",
               "s" : {
                  "r" : "11",
                  "s" : [ {
                     "value" : [ "","valueset ","\"ONC Administrative Sex\"",": ","'urn:oid:2.16.840.1.113762.1.4.1'" ]
                  } ]
               }
            } ]
         }, {
            "localId" : "12",
            "locator" : "16:1-16:78",
            "name" : "Other Health Care Facility",
            "id" : "urn:oid:2.16.840.1.113762.1.4.1029.67",
            "accessLevel" : "Public",
            "annotation" : [ {
               "type" : "Annotation",
               "s" : {
                  "r" : "12",
                  "s" : [ {
                     "value" : [ "","valueset ","\"Other Health Care Facility\"",": ","'urn:oid:2.16.840.1.113762.1.4.1029.67'" ]
                  } ]
               }
            } ]
         }, {
            "localId" : "13",
            "locator" : "17:1-17:75",
            "name" : "Parenteral Nutrition",
            "id" : "urn:oid:2.16.840.1.113883.3.117.1.7.1.38",
            "accessLevel" : "Public",
            "annotation" : [ {
               "type" : "Annotation",
               "s" : {
                  "r" : "13",
                  "s" : [ {
                     "value" : [ "","valueset ","\"Parenteral Nutrition\"",": ","'urn:oid:2.16.840.1.113883.3.117.1.7.1.38'" ]
                  } ]
               }
            } ]
         }, {
            "localId" : "14",
            "locator" : "18:1-18:71",
            "name" : "Patient Expired",
            "id" : "urn:oid:2.16.840.1.113883.3.117.1.7.1.309",
            "accessLevel" : "Public",
            "annotation" : [ {
               "type" : "Annotation",
               "s" : {
                  "r" : "14",
                  "s" : [ {
                     "value" : [ "","valueset ","\"Patient Expired\"",": ","'urn:oid:2.16.840.1.113883.3.117.1.7.1.309'" ]
                  } ]
               }
            } ]
         }, {
            "localId" : "15",
            "locator" : "19:1-19:55",
            "name" : "Payer",
            "id" : "urn:oid:2.16.840.1.114222.4.11.3591",
            "accessLevel" : "Public",
            "annotation" : [ {
               "type" : "Annotation",
               "s" : {
                  "r" : "15",
                  "s" : [ {
                     "value" : [ "","valueset ","\"Payer\"",": ","'urn:oid:2.16.840.1.114222.4.11.3591'" ]
                  } ]
               }
            } ]
         }, {
            "localId" : "16",
            "locator" : "20:1-20:53",
            "name" : "Race",
            "id" : "urn:oid:2.16.840.1.114222.4.11.836",
            "accessLevel" : "Public",
            "annotation" : [ {
               "type" : "Annotation",
               "s" : {
                  "r" : "16",
                  "s" : [ {
                     "value" : [ "","valueset ","\"Race\"",": ","'urn:oid:2.16.840.1.114222.4.11.836'" ]
                  } ]
               }
            } ]
         }, {
            "localId" : "17",
            "locator" : "21:1-21:78",
            "name" : "Total Parenteral Nutrition",
            "id" : "urn:oid:2.16.840.1.113762.1.4.1110.54",
            "accessLevel" : "Public",
            "annotation" : [ {
               "type" : "Annotation",
               "s" : {
                  "r" : "17",
                  "s" : [ {
                     "value" : [ "","valueset ","\"Total Parenteral Nutrition\"",": ","'urn:oid:2.16.840.1.113762.1.4.1110.54'" ]
                  } ]
               }
            } ]
         } ]
      },
      "contexts" : {
         "def" : [ {
            "locator" : "23:1-23:15",
            "name" : "Patient"
         } ]
      },
      "statements" : {
         "def" : [ {
            "locator" : "23:1-23:15",
            "name" : "Patient",
            "context" : "Patient",
            "expression" : {
               "type" : "SingletonFrom",
               "operand" : {
                  "locator" : "23:1-23:15",
                  "dataType" : "{urn:healthit-gov:qdm:v5_6}Patient",
                  "templateId" : "Patient",
                  "type" : "Retrieve"
               }
            }
         }, {
            "localId" : "20",
            "locator" : "28:1-29:79",
            "name" : "Initial Population",
            "context" : "Patient",
            "accessLevel" : "Public",
            "annotation" : [ {
               "type" : "Annotation",
               "s" : {
                  "r" : "20",
                  "s" : [ {
                     "value" : [ "","define ","\"Initial Population\"",":\n  " ]
                  }, {
                     "r" : "19",
                     "s" : [ {
                        "r" : "18",
                        "s" : [ {
                           "value" : [ "PCNewborn" ]
                        } ]
                     }, {
                        "value" : [ "." ]
                     }, {
                        "r" : "19",
                        "s" : [ {
                           "value" : [ "\"Single Live Term Newborn Encounter Ends During Measurement Period\"" ]
                        } ]
                     } ]
                  } ]
               }
            } ],
            "expression" : {
               "localId" : "19",
               "locator" : "29:3-29:79",
               "name" : "Single Live Term Newborn Encounter Ends During Measurement Period",
               "libraryName" : "PCNewborn",
               "type" : "ExpressionRef"
            }
         }, {
            "localId" : "22",
            "locator" : "25:1-26:22",
            "name" : "Denominator",
            "context" : "Patient",
            "accessLevel" : "Public",
            "annotation" : [ {
               "type" : "Annotation",
               "s" : {
                  "r" : "22",
                  "s" : [ {
                     "value" : [ "","define ","\"Denominator\"",":\n  " ]
                  }, {
                     "r" : "21",
                     "s" : [ {
                        "value" : [ "\"Initial Population\"" ]
                     } ]
                  } ]
               }
            } ],
            "expression" : {
               "localId" : "21",
               "locator" : "26:3-26:22",
               "name" : "Initial Population",
               "type" : "ExpressionRef"
            }
         }, {
            "localId" : "50",
            "locator" : "50:1-55:154",
            "name" : "Single Live Term Newborn Encounter with Newborn Fed Breast Milk Only Since Birth",
            "context" : "Patient",
            "accessLevel" : "Public",
            "annotation" : [ {
               "type" : "Annotation",
               "s" : {
                  "r" : "50",
                  "s" : [ {
                     "value" : [ "","define ","\"Single Live Term Newborn Encounter with Newborn Fed Breast Milk Only Since Birth\"",":\n  " ]
                  }, {
                     "r" : "49",
                     "s" : [ {
                        "s" : [ {
                           "r" : "24",
                           "s" : [ {
                              "r" : "23",
                              "s" : [ {
                                 "s" : [ {
                                    "value" : [ "PCNewborn",".","\"Single Live Term Newborn Encounter Ends During Measurement Period\"" ]
                                 } ]
                              } ]
                           }, {
                              "value" : [ " ","QualifyingEncounter" ]
                           } ]
                        } ]
                     }, {
                        "value" : [ "\n    " ]
                     }, {
                        "r" : "36",
                        "s" : [ {
                           "value" : [ "with " ]
                        }, {
                           "r" : "26",
                           "s" : [ {
                              "r" : "25",
                              "s" : [ {
                                 "r" : "25",
                                 "s" : [ {
                                    "value" : [ "[","\"Substance, Administered\"",": " ]
                                 }, {
                                    "s" : [ {
                                       "value" : [ "\"Breast Milk\"" ]
                                    } ]
                                 }, {
                                    "value" : [ "]" ]
                                 } ]
                              } ]
                           }, {
                              "value" : [ " ","BreastMilkFeeding" ]
                           } ]
                        }, {
                           "value" : [ "\n      such that " ]
                        }, {
                           "r" : "35",
                           "s" : [ {
                              "r" : "32",
                              "s" : [ {
                                 "r" : "27",
                                 "s" : [ {
                                    "value" : [ "Global" ]
                                 } ]
                              }, {
                                 "value" : [ "." ]
                              }, {
                                 "r" : "32",
                                 "s" : [ {
                                    "value" : [ "\"NormalizeInterval\""," ( " ]
                                 }, {
                                    "r" : "29",
                                    "s" : [ {
                                       "r" : "28",
                                       "s" : [ {
                                          "value" : [ "BreastMilkFeeding" ]
                                       } ]
                                    }, {
                                       "value" : [ "." ]
                                    }, {
                                       "r" : "29",
                                       "s" : [ {
                                          "value" : [ "relevantDatetime" ]
                                       } ]
                                    } ]
                                 }, {
                                    "value" : [ ", " ]
                                 }, {
                                    "r" : "31",
                                    "s" : [ {
                                       "r" : "30",
                                       "s" : [ {
                                          "value" : [ "BreastMilkFeeding" ]
                                       } ]
                                    }, {
                                       "value" : [ "." ]
                                    }, {
                                       "r" : "31",
                                       "s" : [ {
                                          "value" : [ "relevantPeriod" ]
                                       } ]
                                    } ]
                                 }, {
                                    "value" : [ " )" ]
                                 } ]
                              } ]
                           }, {
                              "r" : "35",
                              "value" : [ " ","starts during"," " ]
                           }, {
                              "r" : "34",
                              "s" : [ {
                                 "r" : "33",
                                 "s" : [ {
                                    "value" : [ "QualifyingEncounter" ]
                                 } ]
                              }, {
                                 "value" : [ "." ]
                              }, {
                                 "r" : "34",
                                 "s" : [ {
                                    "value" : [ "relevantPeriod" ]
                                 } ]
                              } ]
                           } ]
                        } ]
                     }, {
                        "value" : [ "\n    " ]
                     }, {
                        "r" : "48",
                        "s" : [ {
                           "value" : [ "without " ]
                        }, {
                           "r" : "38",
                           "s" : [ {
                              "r" : "37",
                              "s" : [ {
                                 "r" : "37",
                                 "s" : [ {
                                    "value" : [ "[","\"Substance, Administered\"",": " ]
                                 }, {
                                    "s" : [ {
                                       "value" : [ "\"Dietary Intake Other than Breast Milk\"" ]
                                    } ]
                                 }, {
                                    "value" : [ "]" ]
                                 } ]
                              } ]
                           }, {
                              "value" : [ " ","OtherFeeding" ]
                           } ]
                        }, {
                           "value" : [ "\n      such that " ]
                        }, {
                           "r" : "47",
                           "s" : [ {
                              "r" : "44",
                              "s" : [ {
                                 "r" : "39",
                                 "s" : [ {
                                    "value" : [ "Global" ]
                                 } ]
                              }, {
                                 "value" : [ "." ]
                              }, {
                                 "r" : "44",
                                 "s" : [ {
                                    "value" : [ "\"NormalizeInterval\""," ( " ]
                                 }, {
                                    "r" : "41",
                                    "s" : [ {
                                       "r" : "40",
                                       "s" : [ {
                                          "value" : [ "OtherFeeding" ]
                                       } ]
                                    }, {
                                       "value" : [ "." ]
                                    }, {
                                       "r" : "41",
                                       "s" : [ {
                                          "value" : [ "relevantDatetime" ]
                                       } ]
                                    } ]
                                 }, {
                                    "value" : [ ", " ]
                                 }, {
                                    "r" : "43",
                                    "s" : [ {
                                       "r" : "42",
                                       "s" : [ {
                                          "value" : [ "OtherFeeding" ]
                                       } ]
                                    }, {
                                       "value" : [ "." ]
                                    }, {
                                       "r" : "43",
                                       "s" : [ {
                                          "value" : [ "relevantPeriod" ]
                                       } ]
                                    } ]
                                 }, {
                                    "value" : [ " )" ]
                                 } ]
                              } ]
                           }, {
                              "r" : "47",
                              "value" : [ " ","starts during"," " ]
                           }, {
                              "r" : "46",
                              "s" : [ {
                                 "r" : "45",
                                 "s" : [ {
                                    "value" : [ "QualifyingEncounter" ]
                                 } ]
                              }, {
                                 "value" : [ "." ]
                              }, {
                                 "r" : "46",
                                 "s" : [ {
                                    "value" : [ "relevantPeriod" ]
                                 } ]
                              } ]
                           } ]
                        } ]
                     } ]
                  } ]
               }
            } ],
            "expression" : {
               "localId" : "49",
               "locator" : "51:3-55:154",
               "type" : "Query",
               "source" : [ {
                  "localId" : "24",
                  "locator" : "51:3-51:99",
                  "alias" : "QualifyingEncounter",
                  "expression" : {
                     "localId" : "23",
                     "locator" : "51:3-51:79",
                     "name" : "Single Live Term Newborn Encounter Ends During Measurement Period",
                     "libraryName" : "PCNewborn",
                     "type" : "ExpressionRef"
                  }
               } ],
               "relationship" : [ {
                  "localId" : "36",
                  "locator" : "52:5-53:164",
                  "alias" : "BreastMilkFeeding",
                  "type" : "With",
                  "expression" : {
                     "localId" : "25",
                     "locator" : "52:10-52:51",
                     "dataType" : "{urn:healthit-gov:qdm:v5_6}PositiveSubstanceAdministered",
                     "templateId" : "PositiveSubstanceAdministered",
                     "codeProperty" : "code",
                     "codeComparator" : "in",
                     "type" : "Retrieve",
                     "codes" : {
                        "locator" : "52:38-52:50",
                        "name" : "Breast Milk",
                        "type" : "ValueSetRef"
                     }
                  },
                  "suchThat" : {
                     "localId" : "35",
                     "locator" : "53:17-53:164",
                     "type" : "In",
                     "operand" : [ {
                        "locator" : "53:117-53:122",
                        "type" : "Start",
                        "operand" : {
                           "localId" : "32",
                           "locator" : "53:17-53:115",
                           "name" : "NormalizeInterval",
                           "libraryName" : "Global",
                           "type" : "FunctionRef",
                           "operand" : [ {
                              "localId" : "29",
                              "locator" : "53:46-53:79",
                              "path" : "relevantDatetime",
                              "scope" : "BreastMilkFeeding",
                              "type" : "Property"
                           }, {
                              "localId" : "31",
                              "locator" : "53:82-53:113",
                              "path" : "relevantPeriod",
                              "scope" : "BreastMilkFeeding",
                              "type" : "Property"
                           } ]
                        }
                     }, {
                        "localId" : "34",
                        "locator" : "53:131-53:164",
                        "path" : "relevantPeriod",
                        "scope" : "QualifyingEncounter",
                        "type" : "Property"
                     } ]
                  }
               }, {
                  "localId" : "48",
                  "locator" : "54:5-55:154",
                  "alias" : "OtherFeeding",
                  "type" : "Without",
                  "expression" : {
                     "localId" : "37",
                     "locator" : "54:13-54:80",
                     "dataType" : "{urn:healthit-gov:qdm:v5_6}PositiveSubstanceAdministered",
                     "templateId" : "PositiveSubstanceAdministered",
                     "codeProperty" : "code",
                     "codeComparator" : "in",
                     "type" : "Retrieve",
                     "codes" : {
                        "locator" : "54:41-54:79",
                        "name" : "Dietary Intake Other than Breast Milk",
                        "type" : "ValueSetRef"
                     }
                  },
                  "suchThat" : {
                     "localId" : "47",
                     "locator" : "55:17-55:154",
                     "type" : "In",
                     "operand" : [ {
                        "locator" : "55:107-55:112",
                        "type" : "Start",
                        "operand" : {
                           "localId" : "44",
                           "locator" : "55:17-55:105",
                           "name" : "NormalizeInterval",
                           "libraryName" : "Global",
                           "type" : "FunctionRef",
                           "operand" : [ {
                              "localId" : "41",
                              "locator" : "55:46-55:74",
                              "path" : "relevantDatetime",
                              "scope" : "OtherFeeding",
                              "type" : "Property"
                           }, {
                              "localId" : "43",
                              "locator" : "55:77-55:103",
                              "path" : "relevantPeriod",
                              "scope" : "OtherFeeding",
                              "type" : "Property"
                           } ]
                        }
                     }, {
                        "localId" : "46",
                        "locator" : "55:121-55:154",
                        "path" : "relevantPeriod",
                        "scope" : "QualifyingEncounter",
                        "type" : "Property"
                     } ]
                  }
               } ]
            }
         }, {
            "localId" : "52",
            "locator" : "31:1-32:84",
            "name" : "Numerator",
            "context" : "Patient",
            "accessLevel" : "Public",
            "annotation" : [ {
               "type" : "Annotation",
               "s" : {
                  "r" : "52",
                  "s" : [ {
                     "value" : [ "","define ","\"Numerator\"",":\n  " ]
                  }, {
                     "r" : "51",
                     "s" : [ {
                        "value" : [ "\"Single Live Term Newborn Encounter with Newborn Fed Breast Milk Only Since Birth\"" ]
                     } ]
                  } ]
               }
            } ],
            "expression" : {
               "localId" : "51",
               "locator" : "32:3-32:84",
               "name" : "Single Live Term Newborn Encounter with Newborn Fed Breast Milk Only Since Birth",
               "type" : "ExpressionRef"
            }
         }, {
            "localId" : "54",
            "locator" : "34:1-35:51",
            "name" : "SDE Ethnicity",
            "context" : "Patient",
            "accessLevel" : "Public",
            "annotation" : [ {
               "type" : "Annotation",
               "s" : {
                  "r" : "54",
                  "s" : [ {
                     "value" : [ "","define ","\"SDE Ethnicity\"",":\n  " ]
                  }, {
                     "r" : "53",
                     "s" : [ {
                        "value" : [ "[","\"Patient Characteristic Ethnicity\"",": " ]
                     }, {
                        "s" : [ {
                           "value" : [ "\"Ethnicity\"" ]
                        } ]
                     }, {
                        "value" : [ "]" ]
                     } ]
                  } ]
               }
            } ],
            "expression" : {
               "localId" : "53",
               "locator" : "35:3-35:51",
               "dataType" : "{urn:healthit-gov:qdm:v5_6}PatientCharacteristicEthnicity",
               "codeProperty" : "code",
               "codeComparator" : "in",
               "type" : "Retrieve",
               "codes" : {
                  "locator" : "35:40-35:50",
                  "name" : "Ethnicity",
                  "type" : "ValueSetRef"
               }
            }
         }, {
            "localId" : "56",
            "locator" : "37:1-38:43",
            "name" : "SDE Payer",
            "context" : "Patient",
            "accessLevel" : "Public",
            "annotation" : [ {
               "type" : "Annotation",
               "s" : {
                  "r" : "56",
                  "s" : [ {
                     "value" : [ "","define ","\"SDE Payer\"",":\n  " ]
                  }, {
                     "r" : "55",
                     "s" : [ {
                        "value" : [ "[","\"Patient Characteristic Payer\"",": " ]
                     }, {
                        "s" : [ {
                           "value" : [ "\"Payer\"" ]
                        } ]
                     }, {
                        "value" : [ "]" ]
                     } ]
                  } ]
               }
            } ],
            "expression" : {
               "localId" : "55",
               "locator" : "38:3-38:43",
               "dataType" : "{urn:healthit-gov:qdm:v5_6}PatientCharacteristicPayer",
               "codeProperty" : "code",
               "codeComparator" : "in",
               "type" : "Retrieve",
               "codes" : {
                  "locator" : "38:36-38:42",
                  "name" : "Payer",
                  "type" : "ValueSetRef"
               }
            }
         }, {
            "localId" : "58",
            "locator" : "40:1-41:41",
            "name" : "SDE Race",
            "context" : "Patient",
            "accessLevel" : "Public",
            "annotation" : [ {
               "type" : "Annotation",
               "s" : {
                  "r" : "58",
                  "s" : [ {
                     "value" : [ "","define ","\"SDE Race\"",":\n  " ]
                  }, {
                     "r" : "57",
                     "s" : [ {
                        "value" : [ "[","\"Patient Characteristic Race\"",": " ]
                     }, {
                        "s" : [ {
                           "value" : [ "\"Race\"" ]
                        } ]
                     }, {
                        "value" : [ "]" ]
                     } ]
                  } ]
               }
            } ],
            "expression" : {
               "localId" : "57",
               "locator" : "41:3-41:41",
               "dataType" : "{urn:healthit-gov:qdm:v5_6}PatientCharacteristicRace",
               "codeProperty" : "code",
               "codeComparator" : "in",
               "type" : "Retrieve",
               "codes" : {
                  "locator" : "41:35-41:40",
                  "name" : "Race",
                  "type" : "ValueSetRef"
               }
            }
         }, {
            "localId" : "60",
            "locator" : "43:1-44:58",
            "name" : "SDE Sex",
            "context" : "Patient",
            "accessLevel" : "Public",
            "annotation" : [ {
               "type" : "Annotation",
               "s" : {
                  "r" : "60",
                  "s" : [ {
                     "value" : [ "","define ","\"SDE Sex\"",":\n  " ]
                  }, {
                     "r" : "59",
                     "s" : [ {
                        "value" : [ "[","\"Patient Characteristic Sex\"",": " ]
                     }, {
                        "s" : [ {
                           "value" : [ "\"ONC Administrative Sex\"" ]
                        } ]
                     }, {
                        "value" : [ "]" ]
                     } ]
                  } ]
               }
            } ],
            "expression" : {
               "localId" : "59",
               "locator" : "44:3-44:58",
               "dataType" : "{urn:healthit-gov:qdm:v5_6}PatientCharacteristicSex",
               "codeProperty" : "code",
               "codeComparator" : "in",
               "type" : "Retrieve",
               "codes" : {
                  "locator" : "44:34-44:57",
                  "name" : "ONC Administrative Sex",
                  "type" : "ValueSetRef"
               }
            }
         }, {
            "localId" : "70",
            "locator" : "46:1-48:76",
            "name" : "Single Live Term Newborn Encounter with Length of Stay More Than 120 days",
            "context" : "Patient",
            "accessLevel" : "Public",
            "annotation" : [ {
               "type" : "Annotation",
               "s" : {
                  "r" : "70",
                  "s" : [ {
                     "value" : [ "","define ","\"Single Live Term Newborn Encounter with Length of Stay More Than 120 days\"",":\n  " ]
                  }, {
                     "r" : "69",
                     "s" : [ {
                        "s" : [ {
                           "r" : "62",
                           "s" : [ {
                              "r" : "61",
                              "s" : [ {
                                 "s" : [ {
                                    "value" : [ "PCNewborn",".","\"Single Live Term Newborn Encounter Ends During Measurement Period\"" ]
                                 } ]
                              } ]
                           }, {
                              "value" : [ " ","QualifyingEncounter" ]
                           } ]
                        } ]
                     }, {
                        "value" : [ "\n    " ]
                     }, {
                        "r" : "68",
                        "s" : [ {
                           "value" : [ "where " ]
                        }, {
                           "r" : "68",
                           "s" : [ {
                              "r" : "66",
                              "s" : [ {
                                 "r" : "63",
                                 "s" : [ {
                                    "value" : [ "Global" ]
                                 } ]
                              }, {
                                 "value" : [ "." ]
                              }, {
                                 "r" : "66",
                                 "s" : [ {
                                    "value" : [ "\"LengthInDays\""," ( " ]
                                 }, {
                                    "r" : "65",
                                    "s" : [ {
                                       "r" : "64",
                                       "s" : [ {
                                          "value" : [ "QualifyingEncounter" ]
                                       } ]
                                    }, {
                                       "value" : [ "." ]
                                    }, {
                                       "r" : "65",
                                       "s" : [ {
                                          "value" : [ "relevantPeriod" ]
                                       } ]
                                    } ]
                                 }, {
                                    "value" : [ " )" ]
                                 } ]
                              } ]
                           }, {
                              "r" : "67",
                              "value" : [ " ",">"," ","120" ]
                           } ]
                        } ]
                     } ]
                  } ]
               }
            } ],
            "expression" : {
               "localId" : "69",
               "locator" : "47:3-48:76",
               "type" : "Query",
               "source" : [ {
                  "localId" : "62",
                  "locator" : "47:3-47:99",
                  "alias" : "QualifyingEncounter",
                  "expression" : {
                     "localId" : "61",
                     "locator" : "47:3-47:79",
                     "name" : "Single Live Term Newborn Encounter Ends During Measurement Period",
                     "libraryName" : "PCNewborn",
                     "type" : "ExpressionRef"
                  }
               } ],
               "relationship" : [ ],
               "where" : {
                  "localId" : "68",
                  "locator" : "48:5-48:76",
                  "type" : "Greater",
                  "operand" : [ {
                     "localId" : "66",
                     "locator" : "48:11-48:70",
                     "name" : "LengthInDays",
                     "libraryName" : "Global",
                     "type" : "FunctionRef",
                     "operand" : [ {
                        "localId" : "65",
                        "locator" : "48:35-48:68",
                        "path" : "relevantPeriod",
                        "scope" : "QualifyingEncounter",
                        "type" : "Property"
                     } ]
                  }, {
                     "localId" : "67",
                     "locator" : "48:74-48:76",
                     "valueType" : "{urn:hl7-org:elm-types:r1}Integer",
                     "value" : "120",
                     "type" : "Literal"
                  } ]
               }
            }
         }, {
            "localId" : "100",
            "locator" : "57:1-67:5",
            "name" : "Single Live Term Newborn Encounter with Galactosemia or Parenteral Nutrition",
            "context" : "Patient",
            "accessLevel" : "Public",
            "annotation" : [ {
               "type" : "Annotation",
               "s" : {
                  "r" : "100",
                  "s" : [ {
                     "value" : [ "","define ","\"Single Live Term Newborn Encounter with Galactosemia or Parenteral Nutrition\"",":\n  " ]
                  }, {
                     "r" : "99",
                     "s" : [ {
                        "r" : "87",
                        "s" : [ {
                           "value" : [ "( " ]
                        }, {
                           "r" : "87",
                           "s" : [ {
                              "s" : [ {
                                 "r" : "72",
                                 "s" : [ {
                                    "r" : "71",
                                    "s" : [ {
                                       "s" : [ {
                                          "value" : [ "PCNewborn",".","\"Single Live Term Newborn Encounter Ends During Measurement Period\"" ]
                                       } ]
                                    } ]
                                 }, {
                                    "value" : [ " ","QualifyingEncounter" ]
                                 } ]
                              } ]
                           }, {
                              "value" : [ "\n      " ]
                           }, {
                              "r" : "86",
                              "s" : [ {
                                 "value" : [ "with " ]
                              }, {
                                 "r" : "76",
                                 "s" : [ {
                                    "r" : "75",
                                    "s" : [ {
                                       "value" : [ "( " ]
                                    }, {
                                       "r" : "75",
                                       "s" : [ {
                                          "r" : "73",
                                          "s" : [ {
                                             "value" : [ "[","\"Procedure, Performed\"",": " ]
                                          }, {
                                             "s" : [ {
                                                "value" : [ "\"Parenteral Nutrition\"" ]
                                             } ]
                                          }, {
                                             "value" : [ "]" ]
                                          } ]
                                       }, {
                                          "value" : [ "\n        union " ]
                                       }, {
                                          "r" : "74",
                                          "s" : [ {
                                             "value" : [ "[","\"Medication, Administered\"",": " ]
                                          }, {
                                             "s" : [ {
                                                "value" : [ "\"Total Parenteral Nutrition\"" ]
                                             } ]
                                          }, {
                                             "value" : [ "]" ]
                                          } ]
                                       } ]
                                    }, {
                                       "value" : [ " )" ]
                                    } ]
                                 }, {
                                    "value" : [ " ","ParenteralNutrition" ]
                                 } ]
                              }, {
                                 "value" : [ "\n        such that " ]
                              }, {
                                 "r" : "85",
                                 "s" : [ {
                                    "r" : "82",
                                    "s" : [ {
                                       "r" : "77",
                                       "s" : [ {
                                          "value" : [ "Global" ]
                                       } ]
                                    }, {
                                       "value" : [ "." ]
                                    }, {
                                       "r" : "82",
                                       "s" : [ {
                                          "value" : [ "\"NormalizeInterval\""," ( " ]
                                       }, {
                                          "r" : "79",
                                          "s" : [ {
                                             "r" : "78",
                                             "s" : [ {
                                                "value" : [ "ParenteralNutrition" ]
                                             } ]
                                          }, {
                                             "value" : [ "." ]
                                          }, {
                                             "r" : "79",
                                             "s" : [ {
                                                "value" : [ "relevantDatetime" ]
                                             } ]
                                          } ]
                                       }, {
                                          "value" : [ ", " ]
                                       }, {
                                          "r" : "81",
                                          "s" : [ {
                                             "r" : "80",
                                             "s" : [ {
                                                "value" : [ "ParenteralNutrition" ]
                                             } ]
                                          }, {
                                             "value" : [ "." ]
                                          }, {
                                             "r" : "81",
                                             "s" : [ {
                                                "value" : [ "relevantPeriod" ]
                                             } ]
                                          } ]
                                       }, {
                                          "value" : [ " )" ]
                                       } ]
                                    } ]
                                 }, {
                                    "r" : "85",
                                    "value" : [ " ","starts during"," " ]
                                 }, {
                                    "r" : "84",
                                    "s" : [ {
                                       "r" : "83",
                                       "s" : [ {
                                          "value" : [ "QualifyingEncounter" ]
                                       } ]
                                    }, {
                                       "value" : [ "." ]
                                    }, {
                                       "r" : "84",
                                       "s" : [ {
                                          "value" : [ "relevantPeriod" ]
                                       } ]
                                    } ]
                                 } ]
                              } ]
                           } ]
                        }, {
                           "value" : [ "\n  )" ]
                        } ]
                     }, {
                        "value" : [ "\n    union " ]
                     }, {
                        "r" : "98",
                        "s" : [ {
                           "value" : [ "( " ]
                        }, {
                           "r" : "98",
                           "s" : [ {
                              "s" : [ {
                                 "r" : "89",
                                 "s" : [ {
                                    "r" : "88",
                                    "s" : [ {
                                       "s" : [ {
                                          "value" : [ "PCNewborn",".","\"Single Live Term Newborn Encounter Ends During Measurement Period\"" ]
                                       } ]
                                    } ]
                                 }, {
                                    "value" : [ " ","QualifyingEncounter" ]
                                 } ]
                              } ]
                           }, {
                              "value" : [ "\n        " ]
                           }, {
                              "r" : "97",
                              "s" : [ {
                                 "value" : [ "where " ]
                              }, {
                                 "r" : "97",
                                 "s" : [ {
                                    "value" : [ "exists " ]
                                 }, {
                                    "r" : "96",
                                    "s" : [ {
                                       "value" : [ "( " ]
                                    }, {
                                       "r" : "96",
                                       "s" : [ {
                                          "s" : [ {
                                             "r" : "91",
                                             "s" : [ {
                                                "r" : "90",
                                                "s" : [ {
                                                   "s" : [ {
                                                      "value" : [ "QualifyingEncounter",".","diagnoses" ]
                                                   } ]
                                                } ]
                                             }, {
                                                "value" : [ " ","BirthEncounterDiagnoses" ]
                                             } ]
                                          } ]
                                       }, {
                                          "value" : [ "\n            " ]
                                       }, {
                                          "r" : "95",
                                          "s" : [ {
                                             "value" : [ "where " ]
                                          }, {
                                             "r" : "95",
                                             "s" : [ {
                                                "r" : "93",
                                                "s" : [ {
                                                   "r" : "92",
                                                   "s" : [ {
                                                      "value" : [ "BirthEncounterDiagnoses" ]
                                                   } ]
                                                }, {
                                                   "value" : [ "." ]
                                                }, {
                                                   "r" : "93",
                                                   "s" : [ {
                                                      "value" : [ "code" ]
                                                   } ]
                                                } ]
                                             }, {
                                                "value" : [ " in " ]
                                             }, {
                                                "r" : "94",
                                                "s" : [ {
                                                   "value" : [ "\"Galactosemia\"" ]
                                                } ]
                                             } ]
                                          } ]
                                       } ]
                                    }, {
                                       "value" : [ "\n        )" ]
                                    } ]
                                 } ]
                              } ]
                           } ]
                        }, {
                           "value" : [ "\n    )" ]
                        } ]
                     } ]
                  } ]
               }
            } ],
            "expression" : {
               "localId" : "99",
               "locator" : "58:3-67:5",
               "type" : "Union",
               "operand" : [ {
                  "localId" : "87",
                  "locator" : "58:3-62:3",
                  "type" : "Query",
                  "source" : [ {
                     "localId" : "72",
                     "locator" : "58:5-58:101",
                     "alias" : "QualifyingEncounter",
                     "expression" : {
                        "localId" : "71",
                        "locator" : "58:5-58:81",
                        "name" : "Single Live Term Newborn Encounter Ends During Measurement Period",
                        "libraryName" : "PCNewborn",
                        "type" : "ExpressionRef"
                     }
                  } ],
                  "relationship" : [ {
                     "localId" : "86",
                     "locator" : "59:7-61:170",
                     "alias" : "ParenteralNutrition",
                     "type" : "With",
                     "expression" : {
                        "localId" : "75",
                        "locator" : "59:12-60:74",
                        "type" : "Union",
                        "operand" : [ {
                           "type" : "As",
                           "operand" : {
                              "localId" : "73",
                              "locator" : "59:14-59:61",
                              "dataType" : "{urn:healthit-gov:qdm:v5_6}PositiveProcedurePerformed",
                              "templateId" : "PositiveProcedurePerformed",
                              "codeProperty" : "code",
                              "codeComparator" : "in",
                              "type" : "Retrieve",
                              "codes" : {
                                 "locator" : "59:39-59:60",
                                 "name" : "Parenteral Nutrition",
                                 "type" : "ValueSetRef"
                              }
                           },
                           "asTypeSpecifier" : {
                              "type" : "ListTypeSpecifier",
                              "elementType" : {
                                 "type" : "ChoiceTypeSpecifier",
                                 "choice" : [ {
                                    "name" : "{urn:healthit-gov:qdm:v5_6}PositiveProcedurePerformed",
                                    "type" : "NamedTypeSpecifier"
                                 }, {
                                    "name" : "{urn:healthit-gov:qdm:v5_6}PositiveMedicationAdministered",
                                    "type" : "NamedTypeSpecifier"
                                 } ]
                              }
                           }
                        }, {
                           "type" : "As",
                           "operand" : {
                              "localId" : "74",
                              "locator" : "60:15-60:72",
                              "dataType" : "{urn:healthit-gov:qdm:v5_6}PositiveMedicationAdministered",
                              "templateId" : "PositiveMedicationAdministered",
                              "codeProperty" : "code",
                              "codeComparator" : "in",
                              "type" : "Retrieve",
                              "codes" : {
                                 "locator" : "60:44-60:71",
                                 "name" : "Total Parenteral Nutrition",
                                 "type" : "ValueSetRef"
                              }
                           },
                           "asTypeSpecifier" : {
                              "type" : "ListTypeSpecifier",
                              "elementType" : {
                                 "type" : "ChoiceTypeSpecifier",
                                 "choice" : [ {
                                    "name" : "{urn:healthit-gov:qdm:v5_6}PositiveProcedurePerformed",
                                    "type" : "NamedTypeSpecifier"
                                 }, {
                                    "name" : "{urn:healthit-gov:qdm:v5_6}PositiveMedicationAdministered",
                                    "type" : "NamedTypeSpecifier"
                                 } ]
                              }
                           }
                        } ]
                     },
                     "suchThat" : {
                        "localId" : "85",
                        "locator" : "61:19-61:170",
                        "type" : "In",
                        "operand" : [ {
                           "locator" : "61:123-61:128",
                           "type" : "Start",
                           "operand" : {
                              "localId" : "82",
                              "locator" : "61:19-61:121",
                              "name" : "NormalizeInterval",
                              "libraryName" : "Global",
                              "type" : "FunctionRef",
                              "operand" : [ {
                                 "localId" : "79",
                                 "locator" : "61:48-61:83",
                                 "path" : "relevantDatetime",
                                 "scope" : "ParenteralNutrition",
                                 "type" : "Property"
                              }, {
                                 "localId" : "81",
                                 "locator" : "61:86-61:119",
                                 "path" : "relevantPeriod",
                                 "scope" : "ParenteralNutrition",
                                 "type" : "Property"
                              } ]
                           }
                        }, {
                           "localId" : "84",
                           "locator" : "61:137-61:170",
                           "path" : "relevantPeriod",
                           "scope" : "QualifyingEncounter",
                           "type" : "Property"
                        } ]
                     }
                  } ]
               }, {
                  "localId" : "98",
                  "locator" : "63:11-67:5",
                  "type" : "Query",
                  "source" : [ {
                     "localId" : "89",
                     "locator" : "63:13-63:109",
                     "alias" : "QualifyingEncounter",
                     "expression" : {
                        "localId" : "88",
                        "locator" : "63:13-63:89",
                        "name" : "Single Live Term Newborn Encounter Ends During Measurement Period",
                        "libraryName" : "PCNewborn",
                        "type" : "ExpressionRef"
                     }
                  } ],
                  "relationship" : [ ],
                  "where" : {
                     "localId" : "97",
                     "locator" : "64:9-66:9",
                     "type" : "Exists",
                     "operand" : {
                        "localId" : "96",
                        "locator" : "64:22-66:9",
                        "type" : "Query",
                        "source" : [ {
                           "localId" : "91",
                           "locator" : "64:24-64:76",
                           "alias" : "BirthEncounterDiagnoses",
                           "expression" : {
                              "localId" : "90",
                              "locator" : "64:24-64:52",
                              "path" : "diagnoses",
                              "scope" : "QualifyingEncounter",
                              "type" : "Property"
                           }
                        } ],
                        "relationship" : [ ],
                        "where" : {
                           "localId" : "95",
                           "locator" : "65:13-65:64",
                           "type" : "InValueSet",
                           "code" : {
                              "localId" : "93",
                              "locator" : "65:19-65:46",
                              "path" : "code",
                              "scope" : "BirthEncounterDiagnoses",
                              "type" : "Property"
                           },
                           "valueset" : {
                              "localId" : "94",
                              "locator" : "65:51-65:64",
                              "name" : "Galactosemia",
                              "type" : "ValueSetRef"
                           }
                        }
                     }
                  }
               } ]
            }
         }, {
            "localId" : "132",
            "locator" : "74:1-82:81",
            "name" : "Single Live Term Newborn Encounter with NICU or ICU Admission or Selected Discharge Disposition",
            "context" : "Patient",
            "accessLevel" : "Public",
            "annotation" : [ {
               "type" : "Annotation",
               "s" : {
                  "r" : "132",
                  "s" : [ {
                     "value" : [ "","define ","\"Single Live Term Newborn Encounter with NICU or ICU Admission or Selected Discharge Disposition\"",":\n  " ]
                  }, {
                     "r" : "131",
                     "s" : [ {
                        "s" : [ {
                           "r" : "102",
                           "s" : [ {
                              "r" : "101",
                              "s" : [ {
                                 "s" : [ {
                                    "value" : [ "PCNewborn",".","\"Single Live Term Newborn Encounter Ends During Measurement Period\"" ]
                                 } ]
                              } ]
                           }, {
                              "value" : [ " ","QualifyingEncounter" ]
                           } ]
                        } ]
                     }, {
                        "value" : [ "\n    " ]
                     }, {
                        "r" : "130",
                        "s" : [ {
                           "value" : [ "where " ]
                        }, {
                           "r" : "130",
                           "s" : [ {
                              "r" : "125",
                              "s" : [ {
                                 "r" : "120",
                                 "s" : [ {
                                    "r" : "115",
                                    "s" : [ {
                                       "value" : [ "exists " ]
                                    }, {
                                       "r" : "114",
                                       "s" : [ {
                                          "value" : [ "( " ]
                                       }, {
                                          "r" : "114",
                                          "s" : [ {
                                             "s" : [ {
                                                "r" : "104",
                                                "s" : [ {
                                                   "r" : "103",
                                                   "s" : [ {
                                                      "s" : [ {
                                                         "value" : [ "QualifyingEncounter",".","facilityLocations" ]
                                                      } ]
                                                   } ]
                                                }, {
                                                   "value" : [ " ","Location" ]
                                                } ]
                                             } ]
                                          }, {
                                             "value" : [ "\n        " ]
                                          }, {
                                             "r" : "113",
                                             "s" : [ {
                                                "value" : [ "where " ]
                                             }, {
                                                "r" : "113",
                                                "s" : [ {
                                                   "r" : "108",
                                                   "s" : [ {
                                                      "r" : "106",
                                                      "s" : [ {
                                                         "r" : "105",
                                                         "s" : [ {
                                                            "value" : [ "Location" ]
                                                         } ]
                                                      }, {
                                                         "value" : [ "." ]
                                                      }, {
                                                         "r" : "106",
                                                         "s" : [ {
                                                            "value" : [ "code" ]
                                                         } ]
                                                      } ]
                                                   }, {
                                                      "value" : [ " in " ]
                                                   }, {
                                                      "r" : "107",
                                                      "s" : [ {
                                                         "value" : [ "\"Neonatal Intensive Care Unit (NICU)\"" ]
                                                      } ]
                                                   } ]
                                                }, {
                                                   "value" : [ "\n          or " ]
                                                }, {
                                                   "r" : "112",
                                                   "s" : [ {
                                                      "r" : "110",
                                                      "s" : [ {
                                                         "r" : "109",
                                                         "s" : [ {
                                                            "value" : [ "Location" ]
                                                         } ]
                                                      }, {
                                                         "value" : [ "." ]
                                                      }, {
                                                         "r" : "110",
                                                         "s" : [ {
                                                            "value" : [ "code" ]
                                                         } ]
                                                      } ]
                                                   }, {
                                                      "value" : [ " in " ]
                                                   }, {
                                                      "r" : "111",
                                                      "s" : [ {
                                                         "value" : [ "\"Intensive Care Unit\"" ]
                                                      } ]
                                                   } ]
                                                } ]
                                             } ]
                                          } ]
                                       }, {
                                          "value" : [ " //in case newborn was transferred to regular Intensive Care Unit for special care.\n    )" ]
                                       } ]
                                    } ]
                                 }, {
                                    "value" : [ "\n      or " ]
                                 }, {
                                    "r" : "119",
                                    "s" : [ {
                                       "r" : "117",
                                       "s" : [ {
                                          "r" : "116",
                                          "s" : [ {
                                             "value" : [ "QualifyingEncounter" ]
                                          } ]
                                       }, {
                                          "value" : [ "." ]
                                       }, {
                                          "r" : "117",
                                          "s" : [ {
                                             "value" : [ "dischargeDisposition" ]
                                          } ]
                                       } ]
                                    }, {
                                       "value" : [ " in " ]
                                    }, {
                                       "r" : "118",
                                       "s" : [ {
                                          "value" : [ "\"Patient Expired\"" ]
                                       } ]
                                    } ]
                                 } ]
                              }, {
                                 "value" : [ "\n      or " ]
                              }, {
                                 "r" : "124",
                                 "s" : [ {
                                    "r" : "122",
                                    "s" : [ {
                                       "r" : "121",
                                       "s" : [ {
                                          "value" : [ "QualifyingEncounter" ]
                                       } ]
                                    }, {
                                       "value" : [ "." ]
                                    }, {
                                       "r" : "122",
                                       "s" : [ {
                                          "value" : [ "dischargeDisposition" ]
                                       } ]
                                    } ]
                                 }, {
                                    "value" : [ " in " ]
                                 }, {
                                    "r" : "123",
                                    "s" : [ {
                                       "value" : [ "\"Discharge To Acute Care Facility\"" ]
                                    } ]
                                 } ]
                              } ]
                           }, {
                              "value" : [ "\n      or " ]
                           }, {
                              "r" : "129",
                              "s" : [ {
                                 "r" : "127",
                                 "s" : [ {
                                    "r" : "126",
                                    "s" : [ {
                                       "value" : [ "QualifyingEncounter" ]
                                    } ]
                                 }, {
                                    "value" : [ "." ]
                                 }, {
                                    "r" : "127",
                                    "s" : [ {
                                       "value" : [ "dischargeDisposition" ]
                                    } ]
                                 } ]
                              }, {
                                 "value" : [ " in " ]
                              }, {
                                 "r" : "128",
                                 "s" : [ {
                                    "value" : [ "\"Other Health Care Facility\"" ]
                                 } ]
                              } ]
                           } ]
                        } ]
                     } ]
                  } ]
               }
            } ],
            "expression" : {
               "localId" : "131",
               "locator" : "75:3-82:81",
               "type" : "Query",
               "source" : [ {
                  "localId" : "102",
                  "locator" : "75:3-75:99",
                  "alias" : "QualifyingEncounter",
                  "expression" : {
                     "localId" : "101",
                     "locator" : "75:3-75:79",
                     "name" : "Single Live Term Newborn Encounter Ends During Measurement Period",
                     "libraryName" : "PCNewborn",
                     "type" : "ExpressionRef"
                  }
               } ],
               "relationship" : [ ],
               "where" : {
                  "localId" : "130",
                  "locator" : "76:5-82:81",
                  "type" : "Or",
                  "operand" : [ {
                     "localId" : "125",
                     "locator" : "76:11-81:87",
                     "type" : "Or",
                     "operand" : [ {
                        "localId" : "120",
                        "locator" : "76:11-80:70",
                        "type" : "Or",
                        "operand" : [ {
                           "localId" : "115",
                           "locator" : "76:11-79:5",
                           "type" : "Exists",
                           "operand" : {
                              "localId" : "114",
                              "locator" : "76:18-79:5",
                              "type" : "Query",
                              "source" : [ {
                                 "localId" : "104",
                                 "locator" : "76:20-76:65",
                                 "alias" : "Location",
                                 "expression" : {
                                    "localId" : "103",
                                    "locator" : "76:20-76:56",
                                    "path" : "facilityLocations",
                                    "scope" : "QualifyingEncounter",
                                    "type" : "Property"
                                 }
                              } ],
                              "relationship" : [ ],
                              "where" : {
                                 "localId" : "113",
                                 "locator" : "77:9-78:51",
                                 "type" : "Or",
                                 "operand" : [ {
                                    "localId" : "108",
                                    "locator" : "77:15-77:68",
                                    "type" : "InValueSet",
                                    "code" : {
                                       "localId" : "106",
                                       "locator" : "77:15-77:27",
                                       "path" : "code",
                                       "scope" : "Location",
                                       "type" : "Property"
                                    },
                                    "valueset" : {
                                       "localId" : "107",
                                       "locator" : "77:32-77:68",
                                       "name" : "Neonatal Intensive Care Unit (NICU)",
                                       "type" : "ValueSetRef"
                                    }
                                 }, {
                                    "localId" : "112",
                                    "locator" : "78:14-78:51",
                                    "type" : "InValueSet",
                                    "code" : {
                                       "localId" : "110",
                                       "locator" : "78:14-78:26",
                                       "path" : "code",
                                       "scope" : "Location",
                                       "type" : "Property"
                                    },
                                    "valueset" : {
                                       "localId" : "111",
                                       "locator" : "78:31-78:51",
                                       "name" : "Intensive Care Unit",
                                       "type" : "ValueSetRef"
                                    }
                                 } ]
                              }
                           }
                        }, {
                           "localId" : "119",
                           "locator" : "80:10-80:70",
                           "type" : "InValueSet",
                           "code" : {
                              "localId" : "117",
                              "locator" : "80:10-80:49",
                              "path" : "dischargeDisposition",
                              "scope" : "QualifyingEncounter",
                              "type" : "Property"
                           },
                           "valueset" : {
                              "localId" : "118",
                              "locator" : "80:54-80:70",
                              "name" : "Patient Expired",
                              "type" : "ValueSetRef"
                           }
                        } ]
                     }, {
                        "localId" : "124",
                        "locator" : "81:10-81:87",
                        "type" : "InValueSet",
                        "code" : {
                           "localId" : "122",
                           "locator" : "81:10-81:49",
                           "path" : "dischargeDisposition",
                           "scope" : "QualifyingEncounter",
                           "type" : "Property"
                        },
                        "valueset" : {
                           "localId" : "123",
                           "locator" : "81:54-81:87",
                           "name" : "Discharge To Acute Care Facility",
                           "type" : "ValueSetRef"
                        }
                     } ]
                  }, {
                     "localId" : "129",
                     "locator" : "82:10-82:81",
                     "type" : "InValueSet",
                     "code" : {
                        "localId" : "127",
                        "locator" : "82:10-82:49",
                        "path" : "dischargeDisposition",
                        "scope" : "QualifyingEncounter",
                        "type" : "Property"
                     },
                     "valueset" : {
                        "localId" : "128",
                        "locator" : "82:54-82:81",
                        "name" : "Other Health Care Facility",
                        "type" : "ValueSetRef"
                     }
                  } ]
               }
            }
         }, {
            "localId" : "138",
            "locator" : "69:1-72:88",
            "name" : "Denominator Exclusions",
            "context" : "Patient",
            "accessLevel" : "Public",
            "annotation" : [ {
               "type" : "Annotation",
               "s" : {
                  "r" : "138",
                  "s" : [ {
                     "value" : [ "","define ","\"Denominator Exclusions\"",":\n  " ]
                  }, {
                     "r" : "137",
                     "s" : [ {
                        "r" : "135",
                        "s" : [ {
                           "r" : "133",
                           "s" : [ {
                              "value" : [ "\"Single Live Term Newborn Encounter with NICU or ICU Admission or Selected Discharge Disposition\"" ]
                           } ]
                        }, {
                           "value" : [ "\n    union " ]
                        }, {
                           "r" : "134",
                           "s" : [ {
                              "value" : [ "\"Single Live Term Newborn Encounter with Length of Stay More Than 120 days\"" ]
                           } ]
                        } ]
                     }, {
                        "value" : [ "\n    union " ]
                     }, {
                        "r" : "136",
                        "s" : [ {
                           "value" : [ "\"Single Live Term Newborn Encounter with Galactosemia or Parenteral Nutrition\"" ]
                        } ]
                     } ]
                  } ]
               }
            } ],
            "expression" : {
               "localId" : "137",
               "locator" : "70:3-72:88",
               "type" : "Union",
               "operand" : [ {
                  "localId" : "135",
                  "locator" : "70:3-71:85",
                  "type" : "Union",
                  "operand" : [ {
                     "localId" : "133",
                     "locator" : "70:3-70:99",
                     "name" : "Single Live Term Newborn Encounter with NICU or ICU Admission or Selected Discharge Disposition",
                     "type" : "ExpressionRef"
                  }, {
                     "localId" : "134",
                     "locator" : "71:11-71:85",
                     "name" : "Single Live Term Newborn Encounter with Length of Stay More Than 120 days",
                     "type" : "ExpressionRef"
                  } ]
               }, {
                  "localId" : "136",
                  "locator" : "72:11-72:88",
                  "name" : "Single Live Term Newborn Encounter with Galactosemia or Parenteral Nutrition",
                  "type" : "ExpressionRef"
               } ]
            }
         } ]
      }
   }
}