<?xml version="1.0" encoding="UTF-8"?>
<library xmlns="urn:hl7-org:elm:r1" xmlns:t="urn:hl7-org:elm-types:r1" xmlns:xsi="http://www.w3.org/2001/XMLSchema-instance" xmlns:xsd="http://www.w3.org/2001/XMLSchema" xmlns:fhir="http://hl7.org/fhir" xmlns:qdm43="urn:healthit-gov:qdm:v4_3" xmlns:qdm53="urn:healthit-gov:qdm:v5_3" xmlns:a="urn:hl7-org:cql-annotations:r1">
   <annotation translatorOptions="EnableAnnotations,EnableLocators,DisableListDemotion,DisableListPromotion,DisableMethodInvocation" xsi:type="a:CqlToElmInfo"/>
   <annotation xsi:type="a:Annotation">
      <a:s r="44">
         <a:s>library PCNewborn version '2.0.000'</a:s>
      </a:s>
   </annotation>
   <identifier id="PCNewborn" version="2.0.000"/>
   <schemaIdentifier id="urn:hl7-org:elm" version="r1"/>
   <usings>
      <def localIdentifier="System" uri="urn:hl7-org:elm-types:r1"/>
      <def localId="1" locator="3:1-3:23" localIdentifier="QDM" uri="urn:healthit-gov:qdm:v5_6" version="5.6">
         <annotation xsi:type="a:Annotation">
            <a:s r="1">
               <a:s>using </a:s>
               <a:s>
                  <a:s>QDM</a:s>
               </a:s>
               <a:s> version '5.6'</a:s>
            </a:s>
         </annotation>
      </def>
   </usings>
   <includes>
      <def localId="2" locator="5:1-5:64" localIdentifier="Global" path="MATGlobalCommonFunctions" version="7.0.000">
         <annotation xsi:type="a:Annotation">
            <a:s r="2">
               <a:s>include </a:s>
               <a:s>
                  <a:s>MATGlobalCommonFunctions</a:s>
               </a:s>
               <a:s> version '7.0.000' called Global</a:s>
            </a:s>
         </annotation>
      </def>
   </includes>
   <parameters>
      <def localId="11" locator="15:1-15:49" name="Measurement Period" accessLevel="Public">
         <annotation xsi:type="a:Annotation">
            <a:s r="11">
               <a:s>parameter &quot;Measurement Period&quot; </a:s>
               <a:s r="10">
                  <a:s>Interval&lt;</a:s>
                  <a:s r="9">
                     <a:s>DateTime</a:s>
                  </a:s>
                  <a:s>></a:s>
               </a:s>
            </a:s>
         </annotation>
         <parameterTypeSpecifier localId="10" locator="15:32-15:49" xsi:type="IntervalTypeSpecifier">
            <pointType localId="9" locator="15:41-15:48" name="t:DateTime" xsi:type="NamedTypeSpecifier"/>
         </parameterTypeSpecifier>
      </def>
   </parameters>
   <codeSystems>
      <def localId="3" locator="7:1-7:51" name="LOINC" id="urn:oid:2.16.840.1.113883.6.1" accessLevel="Public">
         <annotation xsi:type="a:Annotation">
            <a:s r="3">
               <a:s>codesystem &quot;LOINC&quot;: 'urn:oid:2.16.840.1.113883.6.1'</a:s>
            </a:s>
         </annotation>
      </def>
   </codeSystems>
   <valueSets>
      <def localId="4" locator="9:1-9:65" name="Birth Weight" id="urn:oid:2.16.840.1.113762.1.4.1029.194" accessLevel="Public">
         <annotation xsi:type="a:Annotation">
            <a:s r="4">
               <a:s>valueset &quot;Birth Weight&quot;: 'urn:oid:2.16.840.1.113762.1.4.1029.194'</a:s>
            </a:s>
         </annotation>
      </def>
      <def localId="5" locator="10:1-10:71" name="Encounter Inpatient" id="urn:oid:2.16.840.1.113883.3.666.5.307" accessLevel="Public">
         <annotation xsi:type="a:Annotation">
            <a:s r="5">
               <a:s>valueset &quot;Encounter Inpatient&quot;: 'urn:oid:2.16.840.1.113883.3.666.5.307'</a:s>
            </a:s>
         </annotation>
      </def>
      <def localId="6" locator="11:1-11:96" name="Single Live Born Newborn Born in Hospital" id="urn:oid:2.16.840.1.113883.3.117.1.7.1.26" accessLevel="Public">
         <annotation xsi:type="a:Annotation">
            <a:s r="6">
               <a:s>valueset &quot;Single Live Born Newborn Born in Hospital&quot;: 'urn:oid:2.16.840.1.113883.3.117.1.7.1.26'</a:s>
            </a:s>
         </annotation>
      </def>
   </valueSets>
   <codes>
      <def localId="8" locator="13:1-13:92" name="Gestational age--at birth" id="76516-4" display="Gestational age--at birth" accessLevel="Public">
         <annotation xsi:type="a:Annotation">
            <a:s r="8">
               <a:s>code &quot;Gestational age--at birth&quot;: '76516-4' from </a:s>
               <a:s r="7">
                  <a:s>&quot;LOINC&quot;</a:s>
               </a:s>
               <a:s> display 'Gestational age--at birth'</a:s>
            </a:s>
         </annotation>
         <codeSystem localId="7" locator="13:50-13:56" name="LOINC"/>
      </def>
   </codes>
   <contexts>
      <def locator="17:1-17:15" name="Patient"/>
   </contexts>
   <statements>
      <def locator="17:1-17:15" name="Patient" context="Patient">
         <expression xsi:type="SingletonFrom">
            <operand locator="17:1-17:15" xmlns:ns0="urn:healthit-gov:qdm:v5_6" dataType="ns0:Patient" templateId="Patient" xsi:type="Retrieve"/>
         </expression>
      </def>
      <def localId="23" locator="19:1-23:5" name="Single Live Birth Encounter" context="Patient" accessLevel="Public">
         <annotation xsi:type="a:Annotation">
            <a:s r="23">
               <a:s>define &quot;Single Live Birth Encounter&quot;:
  </a:s>
               <a:s r="22">
                  <a:s>
                     <a:s r="13">
                        <a:s r="12">
                           <a:s r="12">
                              <a:s>[&quot;Encounter, Performed&quot;: </a:s>
                              <a:s>
                                 <a:s>&quot;Encounter Inpatient&quot;</a:s>
                              </a:s>
                              <a:s>]</a:s>
                           </a:s>
                        </a:s>
                        <a:s> InpatientEncounter</a:s>
                     </a:s>
                  </a:s>
                  <a:s>
    </a:s>
                  <a:s r="21">
                     <a:s>where </a:s>
                     <a:s r="21">
                        <a:s>exists </a:s>
                        <a:s r="20">
                           <a:s>( </a:s>
                           <a:s r="20">
                              <a:s>
                                 <a:s r="15">
                                    <a:s r="14">
                                       <a:s>
                                          <a:s>InpatientEncounter.diagnoses</a:s>
                                       </a:s>
                                    </a:s>
                                    <a:s> EncounterDiagnoses</a:s>
                                 </a:s>
                              </a:s>
                              <a:s>
        </a:s>
                              <a:s r="19">
                                 <a:s>where </a:s>
                                 <a:s r="19">
                                    <a:s r="17">
                                       <a:s r="16">
                                          <a:s>EncounterDiagnoses</a:s>
                                       </a:s>
                                       <a:s>.</a:s>
                                       <a:s r="17">
                                          <a:s>code</a:s>
                                       </a:s>
                                    </a:s>
                                    <a:s> in </a:s>
                                    <a:s r="18">
                                       <a:s>&quot;Single Live Born Newborn Born in Hospital&quot;</a:s>
                                    </a:s>
                                 </a:s>
                              </a:s>
                           </a:s>
                           <a:s>
    )</a:s>
                        </a:s>
                     </a:s>
                  </a:s>
               </a:s>
            </a:s>
         </annotation>
         <expression localId="22" locator="20:3-23:5" xsi:type="Query">
            <source localId="13" locator="20:3-20:68" alias="InpatientEncounter">
               <expression localId="12" locator="20:3-20:49" xmlns:ns1="urn:healthit-gov:qdm:v5_6" dataType="ns1:PositiveEncounterPerformed" templateId="PositiveEncounterPerformed" codeProperty="code" codeComparator="in" xsi:type="Retrieve">
                  <codes locator="20:28-20:48" name="Encounter Inpatient" xsi:type="ValueSetRef"/>
               </expression>
            </source>
            <where localId="21" locator="21:5-23:5" xsi:type="Exists">
               <operand localId="20" locator="21:18-23:5" xsi:type="Query">
                  <source localId="15" locator="21:20-21:66" alias="EncounterDiagnoses">
                     <expression localId="14" locator="21:20-21:47" path="diagnoses" scope="InpatientEncounter" xsi:type="Property"/>
                  </source>
                  <where localId="19" locator="22:9-22:84" xsi:type="InValueSet">
                     <code localId="17" locator="22:15-22:37" path="code" scope="EncounterDiagnoses" xsi:type="Property"/>
                     <valueset localId="18" locator="22:42-22:84" name="Single Live Born Newborn Born in Hospital" xsi:type="ValueSetRef"/>
                  </where>
               </operand>
            </where>
         </expression>
      </def>
      <def localId="44" locator="39:1-43:144" name="Single Live Birth Encounter with Gestational Age 37 Weeks or More" context="Patient" accessLevel="Public">
         <annotation xsi:type="a:Annotation">
            <a:s r="44">
               <a:s>define &quot;Single Live Birth Encounter with Gestational Age 37 Weeks or More&quot;:
  </a:s>
               <a:s r="43">
                  <a:s>
                     <a:s r="25">
                        <a:s r="24">
                           <a:s>
                              <a:s>&quot;Single Live Birth Encounter&quot;</a:s>
                           </a:s>
                        </a:s>
                        <a:s> SingleLiveBornEncounter</a:s>
                     </a:s>
                  </a:s>
                  <a:s>
    </a:s>
                  <a:s r="42">
                     <a:s>with </a:s>
                     <a:s r="27">
                        <a:s r="26">
                           <a:s r="26">
                              <a:s>[&quot;Assessment, Performed&quot;: </a:s>
                              <a:s>
                                 <a:s>&quot;Gestational age--at birth&quot;</a:s>
                              </a:s>
                              <a:s>]</a:s>
                           </a:s>
                        </a:s>
                        <a:s> GestationalAge</a:s>
                     </a:s>
                     <a:s>
      such that </a:s>
                     <a:s r="41">
                        <a:s r="31">
                           <a:s r="29">
                              <a:s r="28">
                                 <a:s>GestationalAge</a:s>
                              </a:s>
                              <a:s>.</a:s>
                              <a:s r="29">
                                 <a:s>result</a:s>
                              </a:s>
                           </a:s>
                           <a:s> >= </a:s>
                           <a:s r="30">
                              <a:s>37 weeks</a:s>
                           </a:s>
                        </a:s>
                        <a:s>
        and </a:s>
                        <a:s r="40">
                           <a:s r="37">
                              <a:s r="32">
                                 <a:s>Global</a:s>
                              </a:s>
                              <a:s>.</a:s>
                              <a:s r="37">
                                 <a:s>&quot;EarliestOf&quot; ( </a:s>
                                 <a:s r="34">
                                    <a:s r="33">
                                       <a:s>GestationalAge</a:s>
                                    </a:s>
                                    <a:s>.</a:s>
                                    <a:s r="34">
                                       <a:s>relevantDatetime</a:s>
                                    </a:s>
                                 </a:s>
                                 <a:s>, </a:s>
                                 <a:s r="36">
                                    <a:s r="35">
                                       <a:s>GestationalAge</a:s>
                                    </a:s>
                                    <a:s>.</a:s>
                                    <a:s r="36">
                                       <a:s>relevantPeriod</a:s>
                                    </a:s>
                                 </a:s>
                                 <a:s> )</a:s>
                              </a:s>
                           </a:s>
                           <a:s r="40"> during </a:s>
                           <a:s r="39">
                              <a:s r="38">
                                 <a:s>SingleLiveBornEncounter</a:s>
                              </a:s>
                              <a:s>.</a:s>
                              <a:s r="39">
                                 <a:s>relevantPeriod</a:s>
                              </a:s>
                           </a:s>
                        </a:s>
                     </a:s>
                  </a:s>
               </a:s>
            </a:s>
         </annotation>
         <expression localId="43" locator="40:3-43:144" xsi:type="Query">
            <source localId="25" locator="40:3-40:55" alias="SingleLiveBornEncounter">
               <expression localId="24" locator="40:3-40:31" name="Single Live Birth Encounter" xsi:type="ExpressionRef"/>
            </source>
            <relationship localId="42" locator="41:5-43:144" alias="GestationalAge" xsi:type="With">
               <expression localId="26" locator="41:10-41:63" xmlns:ns2="urn:healthit-gov:qdm:v5_6" dataType="ns2:PositiveAssessmentPerformed" templateId="PositiveAssessmentPerformed" codeProperty="code" codeComparator="~" xsi:type="Retrieve">
                  <codes xsi:type="ToList">
                     <operand locator="41:36-41:62" name="Gestational age--at birth" xsi:type="CodeRef"/>
                  </codes>
               </expression>
               <suchThat localId="41" locator="42:17-43:144" xsi:type="And">
                  <operand localId="31" locator="42:17-42:49" xsi:type="GreaterOrEqual">
                     <operand asType="t:Quantity" xsi:type="As">
                        <operand localId="29" locator="42:17-42:37" path="result" scope="GestationalAge" xsi:type="Property"/>
                     </operand>
                     <operand localId="30" locator="42:42-42:49" value="37" unit="weeks" xsi:type="Quantity"/>
                  </operand>
                  <operand localId="40" locator="43:13-43:144" xsi:type="In">
                     <operand localId="37" locator="43:13-43:98" name="EarliestOf" libraryName="Global" xsi:type="FunctionRef">
                        <operand localId="34" locator="43:35-43:65" path="relevantDatetime" scope="GestationalAge" xsi:type="Property"/>
                        <operand localId="36" locator="43:68-43:96" path="relevantPeriod" scope="GestationalAge" xsi:type="Property"/>
                     </operand>
                     <operand localId="39" locator="43:107-43:144" path="relevantPeriod" scope="SingleLiveBornEncounter" xsi:type="Property"/>
                  </operand>
               </suchThat>
            </relationship>
         </expression>
      </def>
      <def localId="82" locator="30:1-37:42" name="Single Live Birth Encounter with Birth Weight 3000 grams or More without Gestational Age" context="Patient" accessLevel="Public">
         <annotation xsi:type="a:Annotation">
            <a:s r="82">
               <a:s>define &quot;Single Live Birth Encounter with Birth Weight 3000 grams or More without Gestational Age&quot;:
  </a:s>
               <a:s r="81">
                  <a:s>
                     <a:s r="47">
                        <a:s r="46">
                           <a:s>
                              <a:s>&quot;Single Live Birth Encounter&quot;</a:s>
                           </a:s>
                        </a:s>
                        <a:s> SingleLiveBornEncounter</a:s>
                     </a:s>
                  </a:s>
                  <a:s>
    </a:s>
                  <a:s r="63">
                     <a:s>without </a:s>
                     <a:s r="49">
                        <a:s r="48">
                           <a:s r="48">
                              <a:s>[&quot;Assessment, Performed&quot;: </a:s>
                              <a:s>
                                 <a:s>&quot;Gestational age--at birth&quot;</a:s>
                              </a:s>
                              <a:s>]</a:s>
                           </a:s>
                        </a:s>
                        <a:s> GestationalAge</a:s>
                     </a:s>
                     <a:s>
      such that </a:s>
                     <a:s r="62">
                        <a:s r="58">
                           <a:s r="55">
                              <a:s r="50">
                                 <a:s>Global</a:s>
                              </a:s>
                              <a:s>.</a:s>
                              <a:s r="55">
                                 <a:s>&quot;EarliestOf&quot; ( </a:s>
                                 <a:s r="52">
                                    <a:s r="51">
                                       <a:s>GestationalAge</a:s>
                                    </a:s>
                                    <a:s>.</a:s>
                                    <a:s r="52">
                                       <a:s>relevantDatetime</a:s>
                                    </a:s>
                                 </a:s>
                                 <a:s>, </a:s>
                                 <a:s r="54">
                                    <a:s r="53">
                                       <a:s>GestationalAge</a:s>
                                    </a:s>
                                    <a:s>.</a:s>
                                    <a:s r="54">
                                       <a:s>relevantPeriod</a:s>
                                    </a:s>
                                 </a:s>
                                 <a:s> )</a:s>
                              </a:s>
                           </a:s>
                           <a:s r="58"> during </a:s>
                           <a:s r="57">
                              <a:s r="56">
                                 <a:s>SingleLiveBornEncounter</a:s>
                              </a:s>
                              <a:s>.</a:s>
                              <a:s r="57">
                                 <a:s>relevantPeriod</a:s>
                              </a:s>
                           </a:s>
                        </a:s>
                        <a:s>
        and </a:s>
                        <a:s r="61">
                           <a:s r="60">
                              <a:s r="59">
                                 <a:s>GestationalAge</a:s>
                              </a:s>
                              <a:s>.</a:s>
                              <a:s r="60">
                                 <a:s>result</a:s>
                              </a:s>
                           </a:s>
                           <a:s> is not null</a:s>
                        </a:s>
                     </a:s>
                  </a:s>
                  <a:s>
    </a:s>
                  <a:s r="80">
                     <a:s>with </a:s>
                     <a:s r="65">
                        <a:s r="64">
                           <a:s r="64">
                              <a:s>[&quot;Assessment, Performed&quot;: </a:s>
                              <a:s>
                                 <a:s>&quot;Birth Weight&quot;</a:s>
                              </a:s>
                              <a:s>]</a:s>
                           </a:s>
                        </a:s>
                        <a:s> BirthWeight</a:s>
                     </a:s>
                     <a:s>
      such that </a:s>
                     <a:s r="79">
                        <a:s r="74">
                           <a:s r="71">
                              <a:s r="66">
                                 <a:s>Global</a:s>
                              </a:s>
                              <a:s>.</a:s>
                              <a:s r="71">
                                 <a:s>&quot;EarliestOf&quot; ( </a:s>
                                 <a:s r="68">
                                    <a:s r="67">
                                       <a:s>BirthWeight</a:s>
                                    </a:s>
                                    <a:s>.</a:s>
                                    <a:s r="68">
                                       <a:s>relevantDatetime</a:s>
                                    </a:s>
                                 </a:s>
                                 <a:s>, </a:s>
                                 <a:s r="70">
                                    <a:s r="69">
                                       <a:s>BirthWeight</a:s>
                                    </a:s>
                                    <a:s>.</a:s>
                                    <a:s r="70">
                                       <a:s>relevantPeriod</a:s>
                                    </a:s>
                                 </a:s>
                                 <a:s> )</a:s>
                              </a:s>
                           </a:s>
                           <a:s r="74"> during </a:s>
                           <a:s r="73">
                              <a:s r="72">
                                 <a:s>SingleLiveBornEncounter</a:s>
                              </a:s>
                              <a:s>.</a:s>
                              <a:s r="73">
                                 <a:s>relevantPeriod</a:s>
                              </a:s>
                           </a:s>
                        </a:s>
                        <a:s>
        and </a:s>
                        <a:s r="78">
                           <a:s r="76">
                              <a:s r="75">
                                 <a:s>BirthWeight</a:s>
                              </a:s>
                              <a:s>.</a:s>
                              <a:s r="76">
                                 <a:s>result</a:s>
                              </a:s>
                           </a:s>
                           <a:s> >= </a:s>
                           <a:s r="77">
                              <a:s>3000 'g'</a:s>
                           </a:s>
                        </a:s>
                     </a:s>
                  </a:s>
               </a:s>
            </a:s>
         </annotation>
         <expression localId="81" locator="31:3-37:42" xsi:type="Query">
            <source localId="47" locator="31:3-31:55" alias="SingleLiveBornEncounter">
               <expression localId="46" locator="31:3-31:31" name="Single Live Birth Encounter" xsi:type="ExpressionRef"/>
            </source>
            <relationship localId="63" locator="32:5-34:45" alias="GestationalAge" xsi:type="Without">
               <expression localId="48" locator="32:13-32:66" xmlns:ns3="urn:healthit-gov:qdm:v5_6" dataType="ns3:PositiveAssessmentPerformed" templateId="PositiveAssessmentPerformed" codeProperty="code" codeComparator="~" xsi:type="Retrieve">
                  <codes xsi:type="ToList">
                     <operand locator="32:39-32:65" name="Gestational age--at birth" xsi:type="CodeRef"/>
                  </codes>
               </expression>
               <suchThat localId="62" locator="33:17-34:45" xsi:type="And">
                  <operand localId="58" locator="33:17-33:148" xsi:type="In">
                     <operand localId="55" locator="33:17-33:102" name="EarliestOf" libraryName="Global" xsi:type="FunctionRef">
                        <operand localId="52" locator="33:39-33:69" path="relevantDatetime" scope="GestationalAge" xsi:type="Property"/>
                        <operand localId="54" locator="33:72-33:100" path="relevantPeriod" scope="GestationalAge" xsi:type="Property"/>
                     </operand>
                     <operand localId="57" locator="33:111-33:148" path="relevantPeriod" scope="SingleLiveBornEncounter" xsi:type="Property"/>
                  </operand>
                  <operand localId="61" locator="34:13-34:45" xsi:type="Not">
                     <operand locator="34:13-34:45" xsi:type="IsNull">
                        <operand localId="60" locator="34:13-34:33" path="result" scope="GestationalAge" xsi:type="Property"/>
                     </operand>
                  </operand>
               </suchThat>
            </relationship>
            <relationship localId="80" locator="35:5-37:42" alias="BirthWeight" xsi:type="With">
               <expression localId="64" locator="35:10-35:50" xmlns:ns4="urn:healthit-gov:qdm:v5_6" dataType="ns4:PositiveAssessmentPerformed" templateId="PositiveAssessmentPerformed" codeProperty="code" codeComparator="in" xsi:type="Retrieve">
                  <codes locator="35:36-35:49" name="Birth Weight" xsi:type="ValueSetRef"/>
               </expression>
               <suchThat localId="79" locator="36:17-37:42" xsi:type="And">
                  <operand localId="74" locator="36:17-36:142" xsi:type="In">
                     <operand localId="71" locator="36:17-36:96" name="EarliestOf" libraryName="Global" xsi:type="FunctionRef">
                        <operand localId="68" locator="36:39-36:66" path="relevantDatetime" scope="BirthWeight" xsi:type="Property"/>
                        <operand localId="70" locator="36:69-36:94" path="relevantPeriod" scope="BirthWeight" xsi:type="Property"/>
                     </operand>
                     <operand localId="73" locator="36:105-36:142" path="relevantPeriod" scope="SingleLiveBornEncounter" xsi:type="Property"/>
                  </operand>
                  <operand localId="78" locator="37:13-37:42" xsi:type="GreaterOrEqual">
                     <operand asType="t:Quantity" xsi:type="As">
                        <operand localId="76" locator="37:13-37:30" path="result" scope="BirthWeight" xsi:type="Property"/>
                     </operand>
                     <operand localId="77" locator="37:35-37:42" value="3000" unit="g" xsi:type="Quantity"/>
                  </operand>
               </suchThat>
            </relationship>
         </expression>
      </def>
      <def localId="91" locator="25:1-28:88" name="Single Live Term Newborn Encounter Ends During Measurement Period" context="Patient" accessLevel="Public">
         <annotation xsi:type="a:Annotation">
            <a:s r="91">
               <a:s>define &quot;Single Live Term Newborn Encounter Ends During Measurement Period&quot;:
  </a:s>
               <a:s r="90">
                  <a:s>
                     <a:s r="85">
                        <a:s r="84">
                           <a:s>( </a:s>
                           <a:s r="84">
                              <a:s r="45">
                                 <a:s>&quot;Single Live Birth Encounter with Gestational Age 37 Weeks or More&quot;</a:s>
                              </a:s>
                              <a:s>
    union </a:s>
                              <a:s r="83">
                                 <a:s>&quot;Single Live Birth Encounter with Birth Weight 3000 grams or More without Gestational Age&quot;</a:s>
                              </a:s>
                           </a:s>
                           <a:s> )</a:s>
                        </a:s>
                        <a:s> SingleLiveTermEncounter</a:s>
                     </a:s>
                  </a:s>
                  <a:s>
    </a:s>
                  <a:s r="89">
                     <a:s>where </a:s>
                     <a:s r="89">
                        <a:s r="87">
                           <a:s r="86">
                              <a:s>SingleLiveTermEncounter</a:s>
                           </a:s>
                           <a:s>.</a:s>
                           <a:s r="87">
                              <a:s>relevantPeriod</a:s>
                           </a:s>
                        </a:s>
                        <a:s r="89"> ends during day of </a:s>
                        <a:s r="88">
                           <a:s>&quot;Measurement Period&quot;</a:s>
                        </a:s>
                     </a:s>
                  </a:s>
               </a:s>
            </a:s>
         </annotation>
         <expression localId="90" locator="26:3-28:88" xsi:type="Query">
            <source localId="85" locator="26:3-27:126" alias="SingleLiveTermEncounter">
               <expression localId="84" locator="26:3-27:102" xsi:type="Union">
                  <operand localId="45" locator="26:5-26:71" name="Single Live Birth Encounter with Gestational Age 37 Weeks or More" xsi:type="ExpressionRef"/>
                  <operand localId="83" locator="27:11-27:100" name="Single Live Birth Encounter with Birth Weight 3000 grams or More without Gestational Age" xsi:type="ExpressionRef"/>
               </expression>
            </source>
            <where localId="89" locator="28:5-28:88" precision="Day" xsi:type="In">
               <operand locator="28:50-28:53" xsi:type="End">
                  <operand localId="87" locator="28:11-28:48" path="relevantPeriod" scope="SingleLiveTermEncounter" xsi:type="Property"/>
               </operand>
               <operand localId="88" locator="28:69-28:88" name="Measurement Period" xsi:type="ParameterRef"/>
            </where>
         </expression>
      </def>
   </statements>
</library>
