{
   "library" : {
      "annotation" : [ {
         "translatorOptions" : "EnableAnnotations,EnableLocators,DisableListDemotion,DisableListPromotion,DisableMethodInvocation",
         "type" : "CqlToElmInfo"
      }, {
         "type" : "Annotation",
         "s" : {
            "r" : "44",
            "s" : [ {
               "value" : [ "","library PCNewborn version '2.0.000'" ]
            } ]
         }
      } ],
      "identifier" : {
         "id" : "PCNewborn",
         "version" : "2.0.000"
      },
      "schemaIdentifier" : {
         "id" : "urn:hl7-org:elm",
         "version" : "r1"
      },
      "usings" : {
         "def" : [ {
            "localIdentifier" : "System",
            "uri" : "urn:hl7-org:elm-types:r1"
         }, {
            "localId" : "1",
            "locator" : "3:1-3:23",
            "localIdentifier" : "QDM",
            "uri" : "urn:healthit-gov:qdm:v5_6",
            "version" : "5.6",
            "annotation" : [ {
               "type" : "Annotation",
               "s" : {
                  "r" : "1",
                  "s" : [ {
                     "value" : [ "","using " ]
                  }, {
                     "s" : [ {
                        "value" : [ "QDM" ]
                     } ]
                  }, {
                     "value" : [ " version ","'5.6'" ]
                  } ]
               }
            } ]
         } ]
      },
      "includes" : {
         "def" : [ {
            "localId" : "2",
            "locator" : "5:1-5:64",
            "localIdentifier" : "Global",
            "path" : "MATGlobalCommonFunctions",
            "version" : "7.0.000",
            "annotation" : [ {
               "type" : "Annotation",
               "s" : {
                  "r" : "2",
                  "s" : [ {
                     "value" : [ "","include " ]
                  }, {
                     "s" : [ {
                        "value" : [ "MATGlobalCommonFunctions" ]
                     } ]
                  }, {
                     "value" : [ " version ","'7.0.000'"," called ","Global" ]
                  } ]
               }
            } ]
         } ]
      },
      "parameters" : {
         "def" : [ {
            "localId" : "11",
            "locator" : "15:1-15:49",
            "name" : "Measurement Period",
            "accessLevel" : "Public",
            "annotation" : [ {
               "type" : "Annotation",
               "s" : {
                  "r" : "11",
                  "s" : [ {
                     "value" : [ "","parameter ","\"Measurement Period\""," " ]
                  }, {
                     "r" : "10",
                     "s" : [ {
                        "value" : [ "Interval<" ]
                     }, {
                        "r" : "9",
                        "s" : [ {
                           "value" : [ "DateTime" ]
                        } ]
                     }, {
                        "value" : [ ">" ]
                     } ]
                  } ]
               }
            } ],
            "parameterTypeSpecifier" : {
               "localId" : "10",
               "locator" : "15:32-15:49",
               "type" : "IntervalTypeSpecifier",
               "pointType" : {
                  "localId" : "9",
                  "locator" : "15:41-15:48",
                  "name" : "{urn:hl7-org:elm-types:r1}DateTime",
                  "type" : "NamedTypeSpecifier"
               }
            }
         } ]
      },
      "codeSystems" : {
         "def" : [ {
            "localId" : "3",
            "locator" : "7:1-7:51",
            "name" : "LOINC",
            "id" : "urn:oid:2.16.840.1.113883.6.1",
            "accessLevel" : "Public",
            "annotation" : [ {
               "type" : "Annotation",
               "s" : {
                  "r" : "3",
                  "s" : [ {
                     "value" : [ "","codesystem ","\"LOINC\"",": ","'urn:oid:2.16.840.1.113883.6.1'" ]
                  } ]
               }
            } ]
         } ]
      },
      "valueSets" : {
         "def" : [ {
            "localId" : "4",
            "locator" : "9:1-9:65",
            "name" : "Birth Weight",
            "id" : "urn:oid:2.16.840.1.113762.1.4.1029.194",
            "accessLevel" : "Public",
            "annotation" : [ {
               "type" : "Annotation",
               "s" : {
                  "r" : "4",
                  "s" : [ {
                     "value" : [ "","valueset ","\"Birth Weight\"",": ","'urn:oid:2.16.840.1.113762.1.4.1029.194'" ]
                  } ]
               }
            } ]
         }, {
            "localId" : "5",
            "locator" : "10:1-10:71",
            "name" : "Encounter Inpatient",
            "id" : "urn:oid:2.16.840.1.113883.3.666.5.307",
            "accessLevel" : "Public",
            "annotation" : [ {
               "type" : "Annotation",
               "s" : {
                  "r" : "5",
                  "s" : [ {
                     "value" : [ "","valueset ","\"Encounter Inpatient\"",": ","'urn:oid:2.16.840.1.113883.3.666.5.307'" ]
                  } ]
               }
            } ]
         }, {
            "localId" : "6",
            "locator" : "11:1-11:96",
            "name" : "Single Live Born Newborn Born in Hospital",
            "id" : "urn:oid:2.16.840.1.113883.3.117.1.7.1.26",
            "accessLevel" : "Public",
            "annotation" : [ {
               "type" : "Annotation",
               "s" : {
                  "r" : "6",
                  "s" : [ {
                     "value" : [ "","valueset ","\"Single Live Born Newborn Born in Hospital\"",": ","'urn:oid:2.16.840.1.113883.3.117.1.7.1.26'" ]
                  } ]
               }
            } ]
         } ]
      },
      "codes" : {
         "def" : [ {
            "localId" : "8",
            "locator" : "13:1-13:92",
            "name" : "Gestational age--at birth",
            "id" : "76516-4",
            "display" : "Gestational age--at birth",
            "accessLevel" : "Public",
            "annotation" : [ {
               "type" : "Annotation",
               "s" : {
                  "r" : "8",
                  "s" : [ {
                     "value" : [ "","code ","\"Gestational age--at birth\"",": ","'76516-4'"," from " ]
                  }, {
                     "r" : "7",
                     "s" : [ {
                        "value" : [ "\"LOINC\"" ]
                     } ]
                  }, {
                     "value" : [ " display ","'Gestational age--at birth'" ]
                  } ]
               }
            } ],
            "codeSystem" : {
               "localId" : "7",
               "locator" : "13:50-13:56",
               "name" : "LOINC"
            }
         } ]
      },
      "contexts" : {
         "def" : [ {
            "locator" : "17:1-17:15",
            "name" : "Patient"
         } ]
      },
      "statements" : {
         "def" : [ {
            "locator" : "17:1-17:15",
            "name" : "Patient",
            "context" : "Patient",
            "expression" : {
               "type" : "SingletonFrom",
               "operand" : {
                  "locator" : "17:1-17:15",
                  "dataType" : "{urn:healthit-gov:qdm:v5_6}Patient",
                  "templateId" : "Patient",
                  "type" : "Retrieve"
               }
            }
         }, {
            "localId" : "23",
            "locator" : "19:1-23:5",
            "name" : "Single Live Birth Encounter",
            "context" : "Patient",
            "accessLevel" : "Public",
            "annotation" : [ {
               "type" : "Annotation",
               "s" : {
                  "r" : "23",
                  "s" : [ {
                     "value" : [ "","define ","\"Single Live Birth Encounter\"",":\n  " ]
                  }, {
                     "r" : "22",
                     "s" : [ {
                        "s" : [ {
                           "r" : "13",
                           "s" : [ {
                              "r" : "12",
                              "s" : [ {
                                 "r" : "12",
                                 "s" : [ {
                                    "value" : [ "[","\"Encounter, Performed\"",": " ]
                                 }, {
                                    "s" : [ {
                                       "value" : [ "\"Encounter Inpatient\"" ]
                                    } ]
                                 }, {
                                    "value" : [ "]" ]
                                 } ]
                              } ]
                           }, {
                              "value" : [ " ","InpatientEncounter" ]
                           } ]
                        } ]
                     }, {
                        "value" : [ "\n    " ]
                     }, {
                        "r" : "21",
                        "s" : [ {
                           "value" : [ "where " ]
                        }, {
                           "r" : "21",
                           "s" : [ {
                              "value" : [ "exists " ]
                           }, {
                              "r" : "20",
                              "s" : [ {
                                 "value" : [ "( " ]
                              }, {
                                 "r" : "20",
                                 "s" : [ {
                                    "s" : [ {
                                       "r" : "15",
                                       "s" : [ {
                                          "r" : "14",
                                          "s" : [ {
                                             "s" : [ {
                                                "value" : [ "InpatientEncounter",".","diagnoses" ]
                                             } ]
                                          } ]
                                       }, {
                                          "value" : [ " ","EncounterDiagnoses" ]
                                       } ]
                                    } ]
                                 }, {
                                    "value" : [ "\n        " ]
                                 }, {
                                    "r" : "19",
                                    "s" : [ {
                                       "value" : [ "where " ]
                                    }, {
                                       "r" : "19",
                                       "s" : [ {
                                          "r" : "17",
                                          "s" : [ {
                                             "r" : "16",
                                             "s" : [ {
                                                "value" : [ "EncounterDiagnoses" ]
                                             } ]
                                          }, {
                                             "value" : [ "." ]
                                          }, {
                                             "r" : "17",
                                             "s" : [ {
                                                "value" : [ "code" ]
                                             } ]
                                          } ]
                                       }, {
                                          "value" : [ " in " ]
                                       }, {
                                          "r" : "18",
                                          "s" : [ {
                                             "value" : [ "\"Single Live Born Newborn Born in Hospital\"" ]
                                          } ]
                                       } ]
                                    } ]
                                 } ]
                              }, {
                                 "value" : [ "\n    )" ]
                              } ]
                           } ]
                        } ]
                     } ]
                  } ]
               }
            } ],
            "expression" : {
               "localId" : "22",
               "locator" : "20:3-23:5",
               "type" : "Query",
               "source" : [ {
                  "localId" : "13",
                  "locator" : "20:3-20:68",
                  "alias" : "InpatientEncounter",
                  "expression" : {
                     "localId" : "12",
                     "locator" : "20:3-20:49",
                     "dataType" : "{urn:healthit-gov:qdm:v5_6}PositiveEncounterPerformed",
                     "templateId" : "PositiveEncounterPerformed",
                     "codeProperty" : "code",
                     "codeComparator" : "in",
                     "type" : "Retrieve",
                     "codes" : {
                        "locator" : "20:28-20:48",
                        "name" : "Encounter Inpatient",
                        "type" : "ValueSetRef"
                     }
                  }
               } ],
               "relationship" : [ ],
               "where" : {
                  "localId" : "21",
                  "locator" : "21:5-23:5",
                  "type" : "Exists",
                  "operand" : {
                     "localId" : "20",
                     "locator" : "21:18-23:5",
                     "type" : "Query",
                     "source" : [ {
                        "localId" : "15",
                        "locator" : "21:20-21:66",
                        "alias" : "EncounterDiagnoses",
                        "expression" : {
                           "localId" : "14",
                           "locator" : "21:20-21:47",
                           "path" : "diagnoses",
                           "scope" : "InpatientEncounter",
                           "type" : "Property"
                        }
                     } ],
                     "relationship" : [ ],
                     "where" : {
                        "localId" : "19",
                        "locator" : "22:9-22:84",
                        "type" : "InValueSet",
                        "code" : {
                           "localId" : "17",
                           "locator" : "22:15-22:37",
                           "path" : "code",
                           "scope" : "EncounterDiagnoses",
                           "type" : "Property"
                        },
                        "valueset" : {
                           "localId" : "18",
                           "locator" : "22:42-22:84",
                           "name" : "Single Live Born Newborn Born in Hospital",
                           "type" : "ValueSetRef"
                        }
                     }
                  }
               }
            }
         }, {
            "localId" : "44",
            "locator" : "39:1-43:144",
            "name" : "Single Live Birth Encounter with Gestational Age 37 Weeks or More",
            "context" : "Patient",
            "accessLevel" : "Public",
            "annotation" : [ {
               "type" : "Annotation",
               "s" : {
                  "r" : "44",
                  "s" : [ {
                     "value" : [ "","define ","\"Single Live Birth Encounter with Gestational Age 37 Weeks or More\"",":\n  " ]
                  }, {
                     "r" : "43",
                     "s" : [ {
                        "s" : [ {
                           "r" : "25",
                           "s" : [ {
                              "r" : "24",
                              "s" : [ {
                                 "s" : [ {
                                    "value" : [ "\"Single Live Birth Encounter\"" ]
                                 } ]
                              } ]
                           }, {
                              "value" : [ " ","SingleLiveBornEncounter" ]
                           } ]
                        } ]
                     }, {
                        "value" : [ "\n    " ]
                     }, {
                        "r" : "42",
                        "s" : [ {
                           "value" : [ "with " ]
                        }, {
                           "r" : "27",
                           "s" : [ {
                              "r" : "26",
                              "s" : [ {
                                 "r" : "26",
                                 "s" : [ {
                                    "value" : [ "[","\"Assessment, Performed\"",": " ]
                                 }, {
                                    "s" : [ {
                                       "value" : [ "\"Gestational age--at birth\"" ]
                                    } ]
                                 }, {
                                    "value" : [ "]" ]
                                 } ]
                              } ]
                           }, {
                              "value" : [ " ","GestationalAge" ]
                           } ]
                        }, {
                           "value" : [ "\n      such that " ]
                        }, {
                           "r" : "41",
                           "s" : [ {
                              "r" : "31",
                              "s" : [ {
                                 "r" : "29",
                                 "s" : [ {
                                    "r" : "28",
                                    "s" : [ {
                                       "value" : [ "GestationalAge" ]
                                    } ]
                                 }, {
                                    "value" : [ "." ]
                                 }, {
                                    "r" : "29",
                                    "s" : [ {
                                       "value" : [ "result" ]
                                    } ]
                                 } ]
                              }, {
                                 "value" : [ " ",">="," " ]
                              }, {
                                 "r" : "30",
                                 "s" : [ {
                                    "value" : [ "37 ","weeks" ]
                                 } ]
                              } ]
                           }, {
                              "value" : [ "\n        and " ]
                           }, {
                              "r" : "40",
                              "s" : [ {
                                 "r" : "37",
                                 "s" : [ {
                                    "r" : "32",
                                    "s" : [ {
                                       "value" : [ "Global" ]
                                    } ]
                                 }, {
                                    "value" : [ "." ]
                                 }, {
                                    "r" : "37",
                                    "s" : [ {
                                       "value" : [ "\"EarliestOf\""," ( " ]
                                    }, {
                                       "r" : "34",
                                       "s" : [ {
                                          "r" : "33",
                                          "s" : [ {
                                             "value" : [ "GestationalAge" ]
                                          } ]
                                       }, {
                                          "value" : [ "." ]
                                       }, {
                                          "r" : "34",
                                          "s" : [ {
                                             "value" : [ "relevantDatetime" ]
                                          } ]
                                       } ]
                                    }, {
                                       "value" : [ ", " ]
                                    }, {
                                       "r" : "36",
                                       "s" : [ {
                                          "r" : "35",
                                          "s" : [ {
                                             "value" : [ "GestationalAge" ]
                                          } ]
                                       }, {
                                          "value" : [ "." ]
                                       }, {
                                          "r" : "36",
                                          "s" : [ {
                                             "value" : [ "relevantPeriod" ]
                                          } ]
                                       } ]
                                    }, {
                                       "value" : [ " )" ]
                                    } ]
                                 } ]
                              }, {
                                 "r" : "40",
                                 "value" : [ " ","during"," " ]
                              }, {
                                 "r" : "39",
                                 "s" : [ {
                                    "r" : "38",
                                    "s" : [ {
                                       "value" : [ "SingleLiveBornEncounter" ]
                                    } ]
                                 }, {
                                    "value" : [ "." ]
                                 }, {
                                    "r" : "39",
                                    "s" : [ {
                                       "value" : [ "relevantPeriod" ]
                                    } ]
                                 } ]
                              } ]
                           } ]
                        } ]
                     } ]
                  } ]
               }
            } ],
            "expression" : {
               "localId" : "43",
               "locator" : "40:3-43:144",
               "type" : "Query",
               "source" : [ {
                  "localId" : "25",
                  "locator" : "40:3-40:55",
                  "alias" : "SingleLiveBornEncounter",
                  "expression" : {
                     "localId" : "24",
                     "locator" : "40:3-40:31",
                     "name" : "Single Live Birth Encounter",
                     "type" : "ExpressionRef"
                  }
               } ],
               "relationship" : [ {
                  "localId" : "42",
                  "locator" : "41:5-43:144",
                  "alias" : "GestationalAge",
                  "type" : "With",
                  "expression" : {
                     "localId" : "26",
                     "locator" : "41:10-41:63",
                     "dataType" : "{urn:healthit-gov:qdm:v5_6}PositiveAssessmentPerformed",
                     "templateId" : "PositiveAssessmentPerformed",
                     "codeProperty" : "code",
                     "codeComparator" : "~",
                     "type" : "Retrieve",
                     "codes" : {
                        "type" : "ToList",
                        "operand" : {
                           "locator" : "41:36-41:62",
                           "name" : "Gestational age--at birth",
                           "type" : "CodeRef"
                        }
                     }
                  },
                  "suchThat" : {
                     "localId" : "41",
                     "locator" : "42:17-43:144",
                     "type" : "And",
                     "operand" : [ {
                        "localId" : "31",
                        "locator" : "42:17-42:49",
                        "type" : "GreaterOrEqual",
                        "operand" : [ {
                           "asType" : "{urn:hl7-org:elm-types:r1}Quantity",
                           "type" : "As",
                           "operand" : {
                              "localId" : "29",
                              "locator" : "42:17-42:37",
                              "path" : "result",
                              "scope" : "GestationalAge",
                              "type" : "Property"
                           }
                        }, {
                           "localId" : "30",
                           "locator" : "42:42-42:49",
                           "value" : 37,
                           "unit" : "weeks",
                           "type" : "Quantity"
                        } ]
                     }, {
                        "localId" : "40",
                        "locator" : "43:13-43:144",
                        "type" : "In",
                        "operand" : [ {
                           "localId" : "37",
                           "locator" : "43:13-43:98",
                           "name" : "EarliestOf",
                           "libraryName" : "Global",
                           "type" : "FunctionRef",
                           "operand" : [ {
                              "localId" : "34",
                              "locator" : "43:35-43:65",
                              "path" : "relevantDatetime",
                              "scope" : "GestationalAge",
                              "type" : "Property"
                           }, {
                              "localId" : "36",
                              "locator" : "43:68-43:96",
                              "path" : "relevantPeriod",
                              "scope" : "GestationalAge",
                              "type" : "Property"
                           } ]
                        }, {
                           "localId" : "39",
                           "locator" : "43:107-43:144",
                           "path" : "relevantPeriod",
                           "scope" : "SingleLiveBornEncounter",
                           "type" : "Property"
                        } ]
                     } ]
                  }
               } ]
            }
         }, {
            "localId" : "82",
            "locator" : "30:1-37:42",
            "name" : "Single Live Birth Encounter with Birth Weight 3000 grams or More without Gestational Age",
            "context" : "Patient",
            "accessLevel" : "Public",
            "annotation" : [ {
               "type" : "Annotation",
               "s" : {
                  "r" : "82",
                  "s" : [ {
                     "value" : [ "","define ","\"Single Live Birth Encounter with Birth Weight 3000 grams or More without Gestational Age\"",":\n  " ]
                  }, {
                     "r" : "81",
                     "s" : [ {
                        "s" : [ {
                           "r" : "47",
                           "s" : [ {
                              "r" : "46",
                              "s" : [ {
                                 "s" : [ {
                                    "value" : [ "\"Single Live Birth Encounter\"" ]
                                 } ]
                              } ]
                           }, {
                              "value" : [ " ","SingleLiveBornEncounter" ]
                           } ]
                        } ]
                     }, {
                        "value" : [ "\n    " ]
                     }, {
                        "r" : "63",
                        "s" : [ {
                           "value" : [ "without " ]
                        }, {
                           "r" : "49",
                           "s" : [ {
                              "r" : "48",
                              "s" : [ {
                                 "r" : "48",
                                 "s" : [ {
                                    "value" : [ "[","\"Assessment, Performed\"",": " ]
                                 }, {
                                    "s" : [ {
                                       "value" : [ "\"Gestational age--at birth\"" ]
                                    } ]
                                 }, {
                                    "value" : [ "]" ]
                                 } ]
                              } ]
                           }, {
                              "value" : [ " ","GestationalAge" ]
                           } ]
                        }, {
                           "value" : [ "\n      such that " ]
                        }, {
                           "r" : "62",
                           "s" : [ {
                              "r" : "58",
                              "s" : [ {
                                 "r" : "55",
                                 "s" : [ {
                                    "r" : "50",
                                    "s" : [ {
                                       "value" : [ "Global" ]
                                    } ]
                                 }, {
                                    "value" : [ "." ]
                                 }, {
                                    "r" : "55",
                                    "s" : [ {
                                       "value" : [ "\"EarliestOf\""," ( " ]
                                    }, {
                                       "r" : "52",
                                       "s" : [ {
                                          "r" : "51",
                                          "s" : [ {
                                             "value" : [ "GestationalAge" ]
                                          } ]
                                       }, {
                                          "value" : [ "." ]
                                       }, {
                                          "r" : "52",
                                          "s" : [ {
                                             "value" : [ "relevantDatetime" ]
                                          } ]
                                       } ]
                                    }, {
                                       "value" : [ ", " ]
                                    }, {
                                       "r" : "54",
                                       "s" : [ {
                                          "r" : "53",
                                          "s" : [ {
                                             "value" : [ "GestationalAge" ]
                                          } ]
                                       }, {
                                          "value" : [ "." ]
                                       }, {
                                          "r" : "54",
                                          "s" : [ {
                                             "value" : [ "relevantPeriod" ]
                                          } ]
                                       } ]
                                    }, {
                                       "value" : [ " )" ]
                                    } ]
                                 } ]
                              }, {
                                 "r" : "58",
                                 "value" : [ " ","during"," " ]
                              }, {
                                 "r" : "57",
                                 "s" : [ {
                                    "r" : "56",
                                    "s" : [ {
                                       "value" : [ "SingleLiveBornEncounter" ]
                                    } ]
                                 }, {
                                    "value" : [ "." ]
                                 }, {
                                    "r" : "57",
                                    "s" : [ {
                                       "value" : [ "relevantPeriod" ]
                                    } ]
                                 } ]
                              } ]
                           }, {
                              "value" : [ "\n        and " ]
                           }, {
                              "r" : "61",
                              "s" : [ {
                                 "r" : "60",
                                 "s" : [ {
                                    "r" : "59",
                                    "s" : [ {
                                       "value" : [ "GestationalAge" ]
                                    } ]
                                 }, {
                                    "value" : [ "." ]
                                 }, {
                                    "r" : "60",
                                    "s" : [ {
                                       "value" : [ "result" ]
                                    } ]
                                 } ]
                              }, {
                                 "value" : [ " is not null" ]
                              } ]
                           } ]
                        } ]
                     }, {
                        "value" : [ "\n    " ]
                     }, {
                        "r" : "80",
                        "s" : [ {
                           "value" : [ "with " ]
                        }, {
                           "r" : "65",
                           "s" : [ {
                              "r" : "64",
                              "s" : [ {
                                 "r" : "64",
                                 "s" : [ {
                                    "value" : [ "[","\"Assessment, Performed\"",": " ]
                                 }, {
                                    "s" : [ {
                                       "value" : [ "\"Birth Weight\"" ]
                                    } ]
                                 }, {
                                    "value" : [ "]" ]
                                 } ]
                              } ]
                           }, {
                              "value" : [ " ","BirthWeight" ]
                           } ]
                        }, {
                           "value" : [ "\n      such that " ]
                        }, {
                           "r" : "79",
                           "s" : [ {
                              "r" : "74",
                              "s" : [ {
                                 "r" : "71",
                                 "s" : [ {
                                    "r" : "66",
                                    "s" : [ {
                                       "value" : [ "Global" ]
                                    } ]
                                 }, {
                                    "value" : [ "." ]
                                 }, {
                                    "r" : "71",
                                    "s" : [ {
                                       "value" : [ "\"EarliestOf\""," ( " ]
                                    }, {
                                       "r" : "68",
                                       "s" : [ {
                                          "r" : "67",
                                          "s" : [ {
                                             "value" : [ "BirthWeight" ]
                                          } ]
                                       }, {
                                          "value" : [ "." ]
                                       }, {
                                          "r" : "68",
                                          "s" : [ {
                                             "value" : [ "relevantDatetime" ]
                                          } ]
                                       } ]
                                    }, {
                                       "value" : [ ", " ]
                                    }, {
                                       "r" : "70",
                                       "s" : [ {
                                          "r" : "69",
                                          "s" : [ {
                                             "value" : [ "BirthWeight" ]
                                          } ]
                                       }, {
                                          "value" : [ "." ]
                                       }, {
                                          "r" : "70",
                                          "s" : [ {
                                             "value" : [ "relevantPeriod" ]
                                          } ]
                                       } ]
                                    }, {
                                       "value" : [ " )" ]
                                    } ]
                                 } ]
                              }, {
                                 "r" : "74",
                                 "value" : [ " ","during"," " ]
                              }, {
                                 "r" : "73",
                                 "s" : [ {
                                    "r" : "72",
                                    "s" : [ {
                                       "value" : [ "SingleLiveBornEncounter" ]
                                    } ]
                                 }, {
                                    "value" : [ "." ]
                                 }, {
                                    "r" : "73",
                                    "s" : [ {
                                       "value" : [ "relevantPeriod" ]
                                    } ]
                                 } ]
                              } ]
                           }, {
                              "value" : [ "\n        and " ]
                           }, {
                              "r" : "78",
                              "s" : [ {
                                 "r" : "76",
                                 "s" : [ {
                                    "r" : "75",
                                    "s" : [ {
                                       "value" : [ "BirthWeight" ]
                                    } ]
                                 }, {
                                    "value" : [ "." ]
                                 }, {
                                    "r" : "76",
                                    "s" : [ {
                                       "value" : [ "result" ]
                                    } ]
                                 } ]
                              }, {
                                 "value" : [ " ",">="," " ]
                              }, {
                                 "r" : "77",
                                 "s" : [ {
                                    "value" : [ "3000 ","'g'" ]
                                 } ]
                              } ]
                           } ]
                        } ]
                     } ]
                  } ]
               }
            } ],
            "expression" : {
               "localId" : "81",
               "locator" : "31:3-37:42",
               "type" : "Query",
               "source" : [ {
                  "localId" : "47",
                  "locator" : "31:3-31:55",
                  "alias" : "SingleLiveBornEncounter",
                  "expression" : {
                     "localId" : "46",
                     "locator" : "31:3-31:31",
                     "name" : "Single Live Birth Encounter",
                     "type" : "ExpressionRef"
                  }
               } ],
               "relationship" : [ {
                  "localId" : "63",
                  "locator" : "32:5-34:45",
                  "alias" : "GestationalAge",
                  "type" : "Without",
                  "expression" : {
                     "localId" : "48",
                     "locator" : "32:13-32:66",
                     "dataType" : "{urn:healthit-gov:qdm:v5_6}PositiveAssessmentPerformed",
                     "templateId" : "PositiveAssessmentPerformed",
                     "codeProperty" : "code",
                     "codeComparator" : "~",
                     "type" : "Retrieve",
                     "codes" : {
                        "type" : "ToList",
                        "operand" : {
                           "locator" : "32:39-32:65",
                           "name" : "Gestational age--at birth",
                           "type" : "CodeRef"
                        }
                     }
                  },
                  "suchThat" : {
                     "localId" : "62",
                     "locator" : "33:17-34:45",
                     "type" : "And",
                     "operand" : [ {
                        "localId" : "58",
                        "locator" : "33:17-33:148",
                        "type" : "In",
                        "operand" : [ {
                           "localId" : "55",
                           "locator" : "33:17-33:102",
                           "name" : "EarliestOf",
                           "libraryName" : "Global",
                           "type" : "FunctionRef",
                           "operand" : [ {
                              "localId" : "52",
                              "locator" : "33:39-33:69",
                              "path" : "relevantDatetime",
                              "scope" : "GestationalAge",
                              "type" : "Property"
                           }, {
                              "localId" : "54",
                              "locator" : "33:72-33:100",
                              "path" : "relevantPeriod",
                              "scope" : "GestationalAge",
                              "type" : "Property"
                           } ]
                        }, {
                           "localId" : "57",
                           "locator" : "33:111-33:148",
                           "path" : "relevantPeriod",
                           "scope" : "SingleLiveBornEncounter",
                           "type" : "Property"
                        } ]
                     }, {
                        "localId" : "61",
                        "locator" : "34:13-34:45",
                        "type" : "Not",
                        "operand" : {
                           "locator" : "34:13-34:45",
                           "type" : "IsNull",
                           "operand" : {
                              "localId" : "60",
                              "locator" : "34:13-34:33",
                              "path" : "result",
                              "scope" : "GestationalAge",
                              "type" : "Property"
                           }
                        }
                     } ]
                  }
               }, {
                  "localId" : "80",
                  "locator" : "35:5-37:42",
                  "alias" : "BirthWeight",
                  "type" : "With",
                  "expression" : {
                     "localId" : "64",
                     "locator" : "35:10-35:50",
                     "dataType" : "{urn:healthit-gov:qdm:v5_6}PositiveAssessmentPerformed",
                     "templateId" : "PositiveAssessmentPerformed",
                     "codeProperty" : "code",
                     "codeComparator" : "in",
                     "type" : "Retrieve",
                     "codes" : {
                        "locator" : "35:36-35:49",
                        "name" : "Birth Weight",
                        "type" : "ValueSetRef"
                     }
                  },
                  "suchThat" : {
                     "localId" : "79",
                     "locator" : "36:17-37:42",
                     "type" : "And",
                     "operand" : [ {
                        "localId" : "74",
                        "locator" : "36:17-36:142",
                        "type" : "In",
                        "operand" : [ {
                           "localId" : "71",
                           "locator" : "36:17-36:96",
                           "name" : "EarliestOf",
                           "libraryName" : "Global",
                           "type" : "FunctionRef",
                           "operand" : [ {
                              "localId" : "68",
                              "locator" : "36:39-36:66",
                              "path" : "relevantDatetime",
                              "scope" : "BirthWeight",
                              "type" : "Property"
                           }, {
                              "localId" : "70",
                              "locator" : "36:69-36:94",
                              "path" : "relevantPeriod",
                              "scope" : "BirthWeight",
                              "type" : "Property"
                           } ]
                        }, {
                           "localId" : "73",
                           "locator" : "36:105-36:142",
                           "path" : "relevantPeriod",
                           "scope" : "SingleLiveBornEncounter",
                           "type" : "Property"
                        } ]
                     }, {
                        "localId" : "78",
                        "locator" : "37:13-37:42",
                        "type" : "GreaterOrEqual",
                        "operand" : [ {
                           "asType" : "{urn:hl7-org:elm-types:r1}Quantity",
                           "type" : "As",
                           "operand" : {
                              "localId" : "76",
                              "locator" : "37:13-37:30",
                              "path" : "result",
                              "scope" : "BirthWeight",
                              "type" : "Property"
                           }
                        }, {
                           "localId" : "77",
                           "locator" : "37:35-37:42",
                           "value" : 3000,
                           "unit" : "g",
                           "type" : "Quantity"
                        } ]
                     } ]
                  }
               } ]
            }
         }, {
            "localId" : "91",
            "locator" : "25:1-28:88",
            "name" : "Single Live Term Newborn Encounter Ends During Measurement Period",
            "context" : "Patient",
            "accessLevel" : "Public",
            "annotation" : [ {
               "type" : "Annotation",
               "s" : {
                  "r" : "91",
                  "s" : [ {
                     "value" : [ "","define ","\"Single Live Term Newborn Encounter Ends During Measurement Period\"",":\n  " ]
                  }, {
                     "r" : "90",
                     "s" : [ {
                        "s" : [ {
                           "r" : "85",
                           "s" : [ {
                              "r" : "84",
                              "s" : [ {
                                 "value" : [ "( " ]
                              }, {
                                 "r" : "84",
                                 "s" : [ {
                                    "r" : "45",
                                    "s" : [ {
                                       "value" : [ "\"Single Live Birth Encounter with Gestational Age 37 Weeks or More\"" ]
                                    } ]
                                 }, {
                                    "value" : [ "\n    union " ]
                                 }, {
                                    "r" : "83",
                                    "s" : [ {
                                       "value" : [ "\"Single Live Birth Encounter with Birth Weight 3000 grams or More without Gestational Age\"" ]
                                    } ]
                                 } ]
                              }, {
                                 "value" : [ " )" ]
                              } ]
                           }, {
                              "value" : [ " ","SingleLiveTermEncounter" ]
                           } ]
                        } ]
                     }, {
                        "value" : [ "\n    " ]
                     }, {
                        "r" : "89",
                        "s" : [ {
                           "value" : [ "where " ]
                        }, {
                           "r" : "89",
                           "s" : [ {
                              "r" : "87",
                              "s" : [ {
                                 "r" : "86",
                                 "s" : [ {
                                    "value" : [ "SingleLiveTermEncounter" ]
                                 } ]
                              }, {
                                 "value" : [ "." ]
                              }, {
                                 "r" : "87",
                                 "s" : [ {
                                    "value" : [ "relevantPeriod" ]
                                 } ]
                              } ]
                           }, {
                              "r" : "89",
                              "value" : [ " ","ends during day of"," " ]
                           }, {
                              "r" : "88",
                              "s" : [ {
                                 "value" : [ "\"Measurement Period\"" ]
                              } ]
                           } ]
                        } ]
                     } ]
                  } ]
               }
            } ],
            "expression" : {
               "localId" : "90",
               "locator" : "26:3-28:88",
               "type" : "Query",
               "source" : [ {
                  "localId" : "85",
                  "locator" : "26:3-27:126",
                  "alias" : "SingleLiveTermEncounter",
                  "expression" : {
                     "localId" : "84",
                     "locator" : "26:3-27:102",
                     "type" : "Union",
                     "operand" : [ {
                        "localId" : "45",
                        "locator" : "26:5-26:71",
                        "name" : "Single Live Birth Encounter with Gestational Age 37 Weeks or More",
                        "type" : "ExpressionRef"
                     }, {
                        "localId" : "83",
                        "locator" : "27:11-27:100",
                        "name" : "Single Live Birth Encounter with Birth Weight 3000 grams or More without Gestational Age",
                        "type" : "ExpressionRef"
                     } ]
                  }
               } ],
               "relationship" : [ ],
               "where" : {
                  "localId" : "89",
                  "locator" : "28:5-28:88",
                  "precision" : "Day",
                  "type" : "In",
                  "operand" : [ {
                     "locator" : "28:50-28:53",
                     "type" : "End",
                     "operand" : {
                        "localId" : "87",
                        "locator" : "28:11-28:48",
                        "path" : "relevantPeriod",
                        "scope" : "SingleLiveTermEncounter",
                        "type" : "Property"
                     }
                  }, {
                     "localId" : "88",
                     "locator" : "28:69-28:88",
                     "name" : "Measurement Period",
                     "type" : "ParameterRef"
                  } ]
               }
            }
         } ]
      }
   }
}