<?xml version="1.0" encoding="UTF-8"?>
<library xmlns="urn:hl7-org:elm:r1" xmlns:t="urn:hl7-org:elm-types:r1" xmlns:xsi="http://www.w3.org/2001/XMLSchema-instance" xmlns:xsd="http://www.w3.org/2001/XMLSchema" xmlns:fhir="http://hl7.org/fhir" xmlns:qdm43="urn:healthit-gov:qdm:v4_3" xmlns:qdm53="urn:healthit-gov:qdm:v5_3" xmlns:a="urn:hl7-org:cql-annotations:r1" localId="0">
   <annotation translatorVersion="3.14.0" translatorOptions="EnableAnnotations,EnableLocators,EnableResultTypes,EnableDetailedErrors,DisableListDemotion,DisableListPromotion" signatureLevel="None" xsi:type="a:CqlToElmInfo"/>
   <annotation xsi:type="a:Annotation">
      <a:s r="391">
         <a:s>library CMS349HIVScreeningQDM version '8.0.000'</a:s>
      </a:s>
   </annotation>
   <identifier id="CMS349HIVScreeningQDM" version="8.0.000"/>
   <schemaIdentifier id="urn:hl7-org:elm" version="r1"/>
   <usings>
      <def localId="1" localIdentifier="System" uri="urn:hl7-org:elm-types:r1"/>
      <def localId="206" locator="3:1-3:23" localIdentifier="QDM" uri="urn:healthit-gov:qdm:v5_6" version="5.6">
         <annotation xsi:type="a:Annotation">
            <a:s r="206">
               <a:s>using </a:s>
               <a:s>
                  <a:s>QDM</a:s>
               </a:s>
               <a:s> version '5.6'</a:s>
            </a:s>
         </annotation>
      </def>
   </usings>
   <includes>
      <def localId="207" locator="5:1-5:52" localIdentifier="Global" path="CQMCommonQDM" version="9.0.000">
         <annotation xsi:type="a:Annotation">
            <a:s r="207">
               <a:s>include </a:s>
               <a:s>
                  <a:s>CQMCommonQDM</a:s>
               </a:s>
               <a:s> version '9.0.000' called Global</a:s>
            </a:s>
         </annotation>
      </def>
   </includes>
   <parameters>
      <def localId="225" locator="25:1-25:49" name="Measurement Period" accessLevel="Public">
         <annotation xsi:type="a:Annotation">
            <a:s r="225">
               <a:s>parameter &quot;Measurement Period&quot; </a:s>
               <a:s r="226">
                  <a:s>Interval&lt;</a:s>
                  <a:s r="227">
                     <a:s>DateTime</a:s>
                  </a:s>
                  <a:s>></a:s>
               </a:s>
            </a:s>
         </annotation>
         <resultTypeSpecifier localId="230" xsi:type="IntervalTypeSpecifier">
            <pointType localId="231" name="t:DateTime" xsi:type="NamedTypeSpecifier"/>
         </resultTypeSpecifier>
         <parameterTypeSpecifier localId="226" locator="25:32-25:49" xsi:type="IntervalTypeSpecifier">
            <resultTypeSpecifier localId="228" xsi:type="IntervalTypeSpecifier">
               <pointType localId="229" name="t:DateTime" xsi:type="NamedTypeSpecifier"/>
            </resultTypeSpecifier>
            <pointType localId="227" locator="25:41-25:48" resultTypeName="t:DateTime" name="t:DateTime" xsi:type="NamedTypeSpecifier"/>
         </parameterTypeSpecifier>
      </def>
   </parameters>
   <codeSystems>
      <def localId="208" locator="7:1-7:55" resultTypeName="t:CodeSystem" name="SNOMEDCT" id="urn:oid:2.16.840.1.113883.6.96" accessLevel="Public">
         <annotation xsi:type="a:Annotation">
            <a:s r="208">
               <a:s>codesystem &quot;SNOMEDCT&quot;: 'urn:oid:2.16.840.1.113883.6.96'</a:s>
            </a:s>
         </annotation>
      </def>
      <def localId="209" locator="8:1-8:51" resultTypeName="t:CodeSystem" name="LOINC" id="urn:oid:2.16.840.1.113883.6.1" accessLevel="Public">
         <annotation xsi:type="a:Annotation">
            <a:s r="209">
               <a:s>codesystem &quot;LOINC&quot;: 'urn:oid:2.16.840.1.113883.6.1'</a:s>
            </a:s>
         </annotation>
      </def>
   </codeSystems>
   <valueSets>
      <def localId="210" locator="10:1-10:58" resultTypeName="t:ValueSet" name="Ethnicity" id="urn:oid:2.16.840.1.114222.4.11.837" accessLevel="Public">
         <annotation xsi:type="a:Annotation">
            <a:s r="210">
               <a:s>valueset &quot;Ethnicity&quot;: 'urn:oid:2.16.840.1.114222.4.11.837'</a:s>
            </a:s>
         </annotation>
      </def>
      <def localId="211" locator="11:1-11:66" resultTypeName="t:ValueSet" name="HIV" id="urn:oid:2.16.840.1.113883.3.464.1003.120.12.1003" accessLevel="Public">
         <annotation xsi:type="a:Annotation">
            <a:s r="211">
               <a:s>valueset &quot;HIV&quot;: 'urn:oid:2.16.840.1.113883.3.464.1003.120.12.1003'</a:s>
            </a:s>
         </annotation>
      </def>
      <def localId="212" locator="12:1-12:65" resultTypeName="t:ValueSet" name="HIV Lab Tests" id="urn:oid:2.16.840.1.113762.1.4.1056.50" accessLevel="Public">
         <annotation xsi:type="a:Annotation">
            <a:s r="212">
               <a:s>valueset &quot;HIV Lab Tests&quot;: 'urn:oid:2.16.840.1.113762.1.4.1056.50'</a:s>
            </a:s>
         </annotation>
      </def>
      <def localId="213" locator="13:1-13:75" resultTypeName="t:ValueSet" name="Office Visit" id="urn:oid:2.16.840.1.113883.3.464.1003.101.12.1001" accessLevel="Public">
         <annotation xsi:type="a:Annotation">
            <a:s r="213">
               <a:s>valueset &quot;Office Visit&quot;: 'urn:oid:2.16.840.1.113883.3.464.1003.101.12.1001'</a:s>
            </a:s>
         </annotation>
      </def>
      <def localId="214" locator="14:1-14:79" resultTypeName="t:ValueSet" name="Federal Administrative Sex" id="urn:oid:2.16.840.1.113762.1.4.1021.121" accessLevel="Public">
         <annotation xsi:type="a:Annotation">
            <a:s r="214">
               <a:s>valueset &quot;Federal Administrative Sex&quot;: 'urn:oid:2.16.840.1.113762.1.4.1021.121'</a:s>
            </a:s>
         </annotation>
      </def>
      <def localId="215" locator="15:1-15:60" resultTypeName="t:ValueSet" name="Payer Type" id="urn:oid:2.16.840.1.114222.4.11.3591" accessLevel="Public">
         <annotation xsi:type="a:Annotation">
            <a:s r="215">
               <a:s>valueset &quot;Payer Type&quot;: 'urn:oid:2.16.840.1.114222.4.11.3591'</a:s>
            </a:s>
         </annotation>
      </def>
      <def localId="216" locator="16:1-16:123" resultTypeName="t:ValueSet" name="Preventive Care Services Established Office Visit, 18 and Up" id="urn:oid:2.16.840.1.113883.3.464.1003.101.12.1025" accessLevel="Public">
         <annotation xsi:type="a:Annotation">
            <a:s r="216">
               <a:s>valueset &quot;Preventive Care Services Established Office Visit, 18 and Up&quot;: 'urn:oid:2.16.840.1.113883.3.464.1003.101.12.1025'</a:s>
            </a:s>
         </annotation>
      </def>
      <def localId="217" locator="17:1-17:119" resultTypeName="t:ValueSet" name="Preventive Care Services Initial Office Visit, 18 and Up" id="urn:oid:2.16.840.1.113883.3.464.1003.101.12.1023" accessLevel="Public">
         <annotation xsi:type="a:Annotation">
            <a:s r="217">
               <a:s>valueset &quot;Preventive Care Services Initial Office Visit, 18 and Up&quot;: 'urn:oid:2.16.840.1.113883.3.464.1003.101.12.1023'</a:s>
            </a:s>
         </annotation>
      </def>
      <def localId="218" locator="18:1-18:118" resultTypeName="t:ValueSet" name="Preventive Care Services, Initial Office Visit, 0 to 17" id="urn:oid:2.16.840.1.113883.3.464.1003.101.12.1022" accessLevel="Public">
         <annotation xsi:type="a:Annotation">
            <a:s r="218">
               <a:s>valueset &quot;Preventive Care Services, Initial Office Visit, 0 to 17&quot;: 'urn:oid:2.16.840.1.113883.3.464.1003.101.12.1022'</a:s>
            </a:s>
         </annotation>
      </def>
      <def localId="219" locator="19:1-19:113" resultTypeName="t:ValueSet" name="Preventive Care, Established Office Visit, 0 to 17" id="urn:oid:2.16.840.1.113883.3.464.1003.101.12.1024" accessLevel="Public">
         <annotation xsi:type="a:Annotation">
            <a:s r="219">
               <a:s>valueset &quot;Preventive Care, Established Office Visit, 0 to 17&quot;: 'urn:oid:2.16.840.1.113883.3.464.1003.101.12.1024'</a:s>
            </a:s>
         </annotation>
      </def>
      <def localId="220" locator="20:1-20:53" resultTypeName="t:ValueSet" name="Race" id="urn:oid:2.16.840.1.114222.4.11.836" accessLevel="Public">
         <annotation xsi:type="a:Annotation">
            <a:s r="220">
               <a:s>valueset &quot;Race&quot;: 'urn:oid:2.16.840.1.114222.4.11.836'</a:s>
            </a:s>
         </annotation>
      </def>
   </valueSets>
   <codes>
      <def localId="221" locator="22:1-22:75" resultTypeName="t:Code" name="Dead (finding)" id="419099009" display="Dead (finding)" accessLevel="Public">
         <annotation xsi:type="a:Annotation">
            <a:s r="221">
               <a:s>code &quot;Dead (finding)&quot;: '419099009' from </a:s>
               <a:s r="222">
                  <a:s>&quot;SNOMEDCT&quot;</a:s>
               </a:s>
               <a:s> display 'Dead (finding)'</a:s>
            </a:s>
         </annotation>
         <codeSystem localId="222" locator="22:41-22:50" resultTypeName="t:CodeSystem" name="SNOMEDCT"/>
      </def>
      <def localId="223" locator="23:1-23:118" resultTypeName="t:Code" name="HIV 1 and 2 tests - Meaningful Use set" id="75622-1" display="HIV 1 and 2 tests - Meaningful Use set" accessLevel="Public">
         <annotation xsi:type="a:Annotation">
            <a:s r="223">
               <a:s>code &quot;HIV 1 and 2 tests - Meaningful Use set&quot;: '75622-1' from </a:s>
               <a:s r="224">
                  <a:s>&quot;LOINC&quot;</a:s>
               </a:s>
               <a:s> display 'HIV 1 and 2 tests - Meaningful Use set'</a:s>
            </a:s>
         </annotation>
         <codeSystem localId="224" locator="23:63-23:69" resultTypeName="t:CodeSystem" name="LOINC"/>
      </def>
   </codes>
   <contexts>
      <def localId="235" locator="27:1-27:15" name="Patient"/>
   </contexts>
   <statements>
      <def localId="233" locator="27:1-27:15" name="Patient" context="Patient">
         <expression localId="234" xsi:type="SingletonFrom">
            <operand localId="232" locator="27:1-27:15" xmlns:ns0="urn:healthit-gov:qdm:v5_6" dataType="ns0:Patient" templateId="Patient" xsi:type="Retrieve"/>
         </expression>
      </def>
      <def localId="261" locator="51:1-57:69" name="Qualifying Encounters" context="Patient" accessLevel="Public">
         <annotation xsi:type="a:Annotation">
            <a:s r="261">
               <a:s>define &quot;Qualifying Encounters&quot;:
  </a:s>
               <a:s r="321">
                  <a:s>
                     <a:s r="262">
                        <a:s r="303">
                           <a:s>( </a:s>
                           <a:s r="303">
                              <a:s r="294">
                                 <a:s r="284">
                                    <a:s r="275">
                                       <a:s r="265">
                                          <a:s>[&quot;Encounter, Performed&quot;: </a:s>
                                          <a:s>
                                             <a:s>&quot;Preventive Care Services, Initial Office Visit, 0 to 17&quot;</a:s>
                                          </a:s>
                                          <a:s>]</a:s>
                                       </a:s>
                                       <a:s>
    union </a:s>
                                       <a:s r="271">
                                          <a:s>[&quot;Encounter, Performed&quot;: </a:s>
                                          <a:s>
                                             <a:s>&quot;Preventive Care Services Initial Office Visit, 18 and Up&quot;</a:s>
                                          </a:s>
                                          <a:s>]</a:s>
                                       </a:s>
                                    </a:s>
                                    <a:s>
    union </a:s>
                                    <a:s r="280">
                                       <a:s>[&quot;Encounter, Performed&quot;: </a:s>
                                       <a:s>
                                          <a:s>&quot;Preventive Care, Established Office Visit, 0 to 17&quot;</a:s>
                                       </a:s>
                                       <a:s>]</a:s>
                                    </a:s>
                                 </a:s>
                                 <a:s>
    union </a:s>
                                 <a:s r="289">
                                    <a:s>[&quot;Encounter, Performed&quot;: </a:s>
                                    <a:s>
                                       <a:s>&quot;Preventive Care Services Established Office Visit, 18 and Up&quot;</a:s>
                                    </a:s>
                                    <a:s>]</a:s>
                                 </a:s>
                              </a:s>
                              <a:s>
    union </a:s>
                              <a:s r="299">
                                 <a:s>[&quot;Encounter, Performed&quot;: </a:s>
                                 <a:s>
                                    <a:s>&quot;Office Visit&quot;</a:s>
                                 </a:s>
                                 <a:s>]</a:s>
                              </a:s>
                           </a:s>
                           <a:s> )</a:s>
                        </a:s>
                        <a:s> Encounter</a:s>
                     </a:s>
                  </a:s>
                  <a:s>
    </a:s>
                  <a:s r="319">
                     <a:s>where </a:s>
                     <a:s r="319">
                        <a:s r="311">
                           <a:s r="310">
                              <a:s>Encounter</a:s>
                           </a:s>
                           <a:s>.</a:s>
                           <a:s r="311">
                              <a:s>relevantPeriod</a:s>
                           </a:s>
                        </a:s>
                        <a:s r="319"> during day of </a:s>
                        <a:s r="316">
                           <a:s>&quot;Measurement Period&quot;</a:s>
                        </a:s>
                     </a:s>
                  </a:s>
               </a:s>
            </a:s>
         </annotation>
         <resultTypeSpecifier localId="500" xsi:type="ListTypeSpecifier">
            <elementType localId="501" xmlns:ns1="urn:healthit-gov:qdm:v5_6" name="ns1:PositiveEncounterPerformed" xsi:type="NamedTypeSpecifier"/>
         </resultTypeSpecifier>
         <expression localId="321" locator="52:3-57:69" xsi:type="Query">
            <resultTypeSpecifier localId="322" xsi:type="ListTypeSpecifier">
               <elementType localId="323" xmlns:ns2="urn:healthit-gov:qdm:v5_6" name="ns2:PositiveEncounterPerformed" xsi:type="NamedTypeSpecifier"/>
            </resultTypeSpecifier>
            <source localId="262" locator="52:3-56:62" alias="Encounter">
               <resultTypeSpecifier localId="308" xsi:type="ListTypeSpecifier">
                  <elementType localId="309" xmlns:ns3="urn:healthit-gov:qdm:v5_6" name="ns3:PositiveEncounterPerformed" xsi:type="NamedTypeSpecifier"/>
               </resultTypeSpecifier>
               <expression localId="303" locator="52:3-56:52" xsi:type="Union">
                  <resultTypeSpecifier localId="306" xsi:type="ListTypeSpecifier">
                     <elementType localId="307" xmlns:ns4="urn:healthit-gov:qdm:v5_6" name="ns4:PositiveEncounterPerformed" xsi:type="NamedTypeSpecifier"/>
                  </resultTypeSpecifier>
                  <operand localId="294" locator="52:5-55:98" xsi:type="Union">
                     <resultTypeSpecifier localId="295" xsi:type="ListTypeSpecifier">
                        <elementType localId="296" xmlns:ns5="urn:healthit-gov:qdm:v5_6" name="ns5:PositiveEncounterPerformed" xsi:type="NamedTypeSpecifier"/>
                     </resultTypeSpecifier>
                     <operand localId="275" locator="52:5-53:94" xsi:type="Union">
                        <resultTypeSpecifier localId="276" xsi:type="ListTypeSpecifier">
                           <elementType localId="277" xmlns:ns6="urn:healthit-gov:qdm:v5_6" name="ns6:PositiveEncounterPerformed" xsi:type="NamedTypeSpecifier"/>
                        </resultTypeSpecifier>
                        <operand localId="265" locator="52:5-52:87" xmlns:ns7="urn:healthit-gov:qdm:v5_6" dataType="ns7:PositiveEncounterPerformed" templateId="PositiveEncounterPerformed" codeProperty="code" codeComparator="in" xsi:type="Retrieve">
                           <resultTypeSpecifier localId="267" xsi:type="ListTypeSpecifier">
                              <elementType localId="268" xmlns:ns8="urn:healthit-gov:qdm:v5_6" name="ns8:PositiveEncounterPerformed" xsi:type="NamedTypeSpecifier"/>
                           </resultTypeSpecifier>
                           <codes localId="264" locator="52:30-52:86" resultTypeName="t:ValueSet" name="Preventive Care Services, Initial Office Visit, 0 to 17" preserve="true" xsi:type="ValueSetRef"/>
                        </operand>
                        <operand localId="271" locator="53:11-53:94" xmlns:ns9="urn:healthit-gov:qdm:v5_6" dataType="ns9:PositiveEncounterPerformed" templateId="PositiveEncounterPerformed" codeProperty="code" codeComparator="in" xsi:type="Retrieve">
                           <resultTypeSpecifier localId="273" xsi:type="ListTypeSpecifier">
                              <elementType localId="274" xmlns:ns10="urn:healthit-gov:qdm:v5_6" name="ns10:PositiveEncounterPerformed" xsi:type="NamedTypeSpecifier"/>
                           </resultTypeSpecifier>
                           <codes localId="270" locator="53:36-53:93" resultTypeName="t:ValueSet" name="Preventive Care Services Initial Office Visit, 18 and Up" preserve="true" xsi:type="ValueSetRef"/>
                        </operand>
                     </operand>
                     <operand localId="293" xsi:type="Union">
                        <operand localId="280" locator="54:11-54:88" xmlns:ns11="urn:healthit-gov:qdm:v5_6" dataType="ns11:PositiveEncounterPerformed" templateId="PositiveEncounterPerformed" codeProperty="code" codeComparator="in" xsi:type="Retrieve">
                           <resultTypeSpecifier localId="282" xsi:type="ListTypeSpecifier">
                              <elementType localId="283" xmlns:ns12="urn:healthit-gov:qdm:v5_6" name="ns12:PositiveEncounterPerformed" xsi:type="NamedTypeSpecifier"/>
                           </resultTypeSpecifier>
                           <codes localId="279" locator="54:36-54:87" resultTypeName="t:ValueSet" name="Preventive Care, Established Office Visit, 0 to 17" preserve="true" xsi:type="ValueSetRef"/>
                        </operand>
                        <operand localId="289" locator="55:11-55:98" xmlns:ns13="urn:healthit-gov:qdm:v5_6" dataType="ns13:PositiveEncounterPerformed" templateId="PositiveEncounterPerformed" codeProperty="code" codeComparator="in" xsi:type="Retrieve">
                           <resultTypeSpecifier localId="291" xsi:type="ListTypeSpecifier">
                              <elementType localId="292" xmlns:ns14="urn:healthit-gov:qdm:v5_6" name="ns14:PositiveEncounterPerformed" xsi:type="NamedTypeSpecifier"/>
                           </resultTypeSpecifier>
                           <codes localId="288" locator="55:36-55:97" resultTypeName="t:ValueSet" name="Preventive Care Services Established Office Visit, 18 and Up" preserve="true" xsi:type="ValueSetRef"/>
                        </operand>
                     </operand>
                  </operand>
                  <operand localId="299" locator="56:11-56:50" xmlns:ns15="urn:healthit-gov:qdm:v5_6" dataType="ns15:PositiveEncounterPerformed" templateId="PositiveEncounterPerformed" codeProperty="code" codeComparator="in" xsi:type="Retrieve">
                     <resultTypeSpecifier localId="301" xsi:type="ListTypeSpecifier">
                        <elementType localId="302" xmlns:ns16="urn:healthit-gov:qdm:v5_6" name="ns16:PositiveEncounterPerformed" xsi:type="NamedTypeSpecifier"/>
                     </resultTypeSpecifier>
                     <codes localId="298" locator="56:36-56:49" resultTypeName="t:ValueSet" name="Office Visit" preserve="true" xsi:type="ValueSetRef"/>
                  </operand>
               </expression>
            </source>
            <where localId="319" locator="57:5-57:69" resultTypeName="t:Boolean" precision="Day" xsi:type="IncludedIn">
               <operand localId="311" locator="57:11-57:34" path="relevantPeriod" scope="Encounter" xsi:type="Property">
                  <resultTypeSpecifier localId="314" xsi:type="IntervalTypeSpecifier">
                     <pointType localId="315" name="t:DateTime" xsi:type="NamedTypeSpecifier"/>
                  </resultTypeSpecifier>
               </operand>
               <operand localId="316" locator="57:50-57:69" name="Measurement Period" xsi:type="ParameterRef">
                  <resultTypeSpecifier localId="317" xsi:type="IntervalTypeSpecifier">
                     <pointType localId="318" name="t:DateTime" xsi:type="NamedTypeSpecifier"/>
                  </resultTypeSpecifier>
               </operand>
            </where>
         </expression>
      </def>
      <def localId="239" locator="44:1-46:38" resultTypeName="t:Boolean" name="Initial Population" context="Patient" accessLevel="Public">
         <annotation xsi:type="a:Annotation">
            <a:s r="239">
               <a:s>define &quot;Initial Population&quot;:
  </a:s>
               <a:s r="240">
                  <a:s r="258">
                     <a:s r="252">
                        <a:s>AgeInYearsAt(</a:s>
                        <a:s r="241">
                           <a:s>date from </a:s>
                           <a:s r="242">
                              <a:s>start of </a:s>
                              <a:s r="243">
                                 <a:s>&quot;Measurement Period&quot;</a:s>
                              </a:s>
                           </a:s>
                        </a:s>
                        <a:s>)</a:s>
                     </a:s>
                     <a:s> in </a:s>
                     <a:s r="255">
                        <a:s r="253">Interval[15, 65]</a:s>
                     </a:s>
                  </a:s>
                  <a:s>
    and </a:s>
                  <a:s r="259">
                     <a:s>exists </a:s>
                     <a:s r="326">
                        <a:s>&quot;Qualifying Encounters&quot;</a:s>
                     </a:s>
                  </a:s>
               </a:s>
            </a:s>
         </annotation>
         <expression localId="240" locator="45:3-46:38" resultTypeName="t:Boolean" xsi:type="And">
            <operand localId="258" locator="45:3-45:75" resultTypeName="t:Boolean" xsi:type="In">
               <operand localId="252" locator="45:3-45:55" resultTypeName="t:Integer" precision="Year" xsi:type="CalculateAgeAt">
                  <operand localId="251" xsi:type="ToDate">
                     <operand localId="249" path="birthDatetime" xsi:type="Property">
                        <source localId="248" name="Patient" xsi:type="ExpressionRef"/>
                     </operand>
                  </operand>
                  <operand localId="241" locator="45:16-45:54" resultTypeName="t:Date" xsi:type="DateFrom">
                     <operand localId="242" locator="45:26-45:54" resultTypeName="t:DateTime" xsi:type="Start">
                        <operand localId="243" locator="45:35-45:54" name="Measurement Period" xsi:type="ParameterRef">
                           <resultTypeSpecifier localId="244" xsi:type="IntervalTypeSpecifier">
                              <pointType localId="245" name="t:DateTime" xsi:type="NamedTypeSpecifier"/>
                           </resultTypeSpecifier>
                        </operand>
                     </operand>
                  </operand>
               </operand>
               <operand localId="255" locator="45:60-45:75" lowClosed="true" highClosed="true" xsi:type="Interval">
                  <resultTypeSpecifier localId="256" xsi:type="IntervalTypeSpecifier">
                     <pointType localId="257" name="t:Integer" xsi:type="NamedTypeSpecifier"/>
                  </resultTypeSpecifier>
                  <low localId="253" locator="45:69-45:70" resultTypeName="t:Integer" valueType="t:Integer" value="15" xsi:type="Literal"/>
                  <high localId="254" locator="45:73-45:74" resultTypeName="t:Integer" valueType="t:Integer" value="65" xsi:type="Literal"/>
               </operand>
            </operand>
            <operand localId="259" locator="46:9-46:38" resultTypeName="t:Boolean" xsi:type="Exists">
               <operand localId="326" locator="46:16-46:38" name="Qualifying Encounters" xsi:type="ExpressionRef">
                  <resultTypeSpecifier localId="327" xsi:type="ListTypeSpecifier">
                     <elementType localId="328" xmlns:ns17="urn:healthit-gov:qdm:v5_6" name="ns17:PositiveEncounterPerformed" xsi:type="NamedTypeSpecifier"/>
                  </resultTypeSpecifier>
               </operand>
            </operand>
         </expression>
      </def>
      <def localId="237" locator="29:1-30:22" resultTypeName="t:Boolean" name="Denominator" context="Patient" accessLevel="Public">
         <annotation xsi:type="a:Annotation">
            <a:s r="237">
               <a:s>define &quot;Denominator&quot;:
  </a:s>
               <a:s r="329">
                  <a:s>&quot;Initial Population&quot;</a:s>
               </a:s>
            </a:s>
         </annotation>
         <expression localId="329" locator="30:3-30:22" resultTypeName="t:Boolean" name="Initial Population" xsi:type="ExpressionRef"/>
      </def>
      <def localId="331" locator="33:1-36:3" resultTypeName="t:Boolean" name="Denominator Exception" context="Patient" accessLevel="Public">
         <annotation xsi:type="a:Annotation">
            <a:s r="331">
               <a:s>define &quot;Denominator Exception&quot;:
  </a:s>
               <a:s r="332">
                  <a:s>exists </a:s>
                  <a:s r="352">
                     <a:s>( </a:s>
                     <a:s r="352">
                        <a:s>
                           <a:s r="333">
                              <a:s r="336">
                                 <a:s r="336">
                                    <a:s>[&quot;Patient Characteristic Expired&quot;: </a:s>
                                    <a:s>
                                       <a:s>&quot;Dead (finding)&quot;</a:s>
                                    </a:s>
                                    <a:s>]</a:s>
                                 </a:s>
                              </a:s>
                              <a:s> Deceased</a:s>
                           </a:s>
                        </a:s>
                        <a:s>
      </a:s>
                        <a:s r="351">
                           <a:s>where </a:s>
                           <a:s r="351">
                              <a:s r="346">
                                 <a:s>(</a:s>
                                 <a:s r="346">
                                    <a:s r="345">
                                       <a:s>Deceased</a:s>
                                    </a:s>
                                    <a:s>.</a:s>
                                    <a:s r="346">
                                       <a:s>expiredDatetime</a:s>
                                    </a:s>
                                 </a:s>
                                 <a:s>)</a:s>
                              </a:s>
                              <a:s r="351"> occurs on or before day of </a:s>
                              <a:s r="347">
                                 <a:s>end of </a:s>
                                 <a:s r="348">
                                    <a:s>&quot;Measurement Period&quot;</a:s>
                                 </a:s>
                              </a:s>
                           </a:s>
                        </a:s>
                     </a:s>
                     <a:s>
  )</a:s>
                  </a:s>
               </a:s>
            </a:s>
         </annotation>
         <expression localId="332" locator="34:3-36:3" resultTypeName="t:Boolean" xsi:type="Exists">
            <operand localId="352" locator="34:10-36:3" xsi:type="Query">
               <resultTypeSpecifier localId="355" xsi:type="ListTypeSpecifier">
                  <elementType localId="356" xmlns:ns18="urn:healthit-gov:qdm:v5_6" name="ns18:PatientCharacteristicExpired" xsi:type="NamedTypeSpecifier"/>
               </resultTypeSpecifier>
               <source localId="333" locator="34:12-34:72" alias="Deceased">
                  <resultTypeSpecifier localId="343" xsi:type="ListTypeSpecifier">
                     <elementType localId="344" xmlns:ns19="urn:healthit-gov:qdm:v5_6" name="ns19:PatientCharacteristicExpired" xsi:type="NamedTypeSpecifier"/>
                  </resultTypeSpecifier>
                  <expression localId="336" locator="34:12-34:63" xmlns:ns20="urn:healthit-gov:qdm:v5_6" dataType="ns20:PatientCharacteristicExpired" codeProperty="code" codeComparator="~" xsi:type="Retrieve">
                     <resultTypeSpecifier localId="341" xsi:type="ListTypeSpecifier">
                        <elementType localId="342" xmlns:ns21="urn:healthit-gov:qdm:v5_6" name="ns21:PatientCharacteristicExpired" xsi:type="NamedTypeSpecifier"/>
                     </resultTypeSpecifier>
                     <codes localId="338" xsi:type="ToList">
                        <operand localId="335" locator="34:47-34:62" resultTypeName="t:Code" name="Dead (finding)" xsi:type="CodeRef"/>
                     </codes>
                  </expression>
               </source>
               <where localId="351" locator="35:7-35:93" resultTypeName="t:Boolean" precision="Day" xsi:type="SameOrBefore">
                  <operand localId="346" locator="35:13-35:38" resultTypeName="t:DateTime" path="expiredDatetime" scope="Deceased" xsi:type="Property"/>
                  <operand localId="347" locator="35:67-35:93" resultTypeName="t:DateTime" xsi:type="End">
                     <operand localId="348" locator="35:74-35:93" name="Measurement Period" xsi:type="ParameterRef">
                        <resultTypeSpecifier localId="349" xsi:type="IntervalTypeSpecifier">
                           <pointType localId="350" name="t:DateTime" xsi:type="NamedTypeSpecifier"/>
                        </resultTypeSpecifier>
                     </operand>
                  </operand>
               </where>
            </operand>
         </expression>
      </def>
      <def localId="358" locator="38:1-41:1" resultTypeName="t:Boolean" name="Denominator Exclusions" context="Patient" accessLevel="Public">
         <annotation xsi:type="a:Annotation">
            <a:s r="358">
               <a:s>define &quot;Denominator Exclusions&quot;:
  </a:s>
               <a:s r="359">
                  <a:s>exists </a:s>
                  <a:s r="383">
                     <a:s>( </a:s>
                     <a:s r="383">
                        <a:s>
                           <a:s r="360">
                              <a:s r="363">
                                 <a:s r="363">
                                    <a:s>[&quot;Diagnosis&quot;: </a:s>
                                    <a:s>
                                       <a:s>&quot;HIV&quot;</a:s>
                                    </a:s>
                                    <a:s>]</a:s>
                                 </a:s>
                              </a:s>
                              <a:s> HIVDiagnosis</a:s>
                           </a:s>
                        </a:s>
                        <a:s>
    </a:s>
                        <a:s r="382">
                           <a:s>where </a:s>
                           <a:s r="382">
                              <a:s r="372">
                                 <a:s r="371">
                                    <a:s>HIVDiagnosis</a:s>
                                 </a:s>
                                 <a:s>.</a:s>
                                 <a:s r="372">
                                    <a:s>prevalencePeriod</a:s>
                                 </a:s>
                              </a:s>
                              <a:s r="382"> starts before day of </a:s>
                              <a:s r="377">
                                 <a:s>start of </a:s>
                                 <a:s r="378">
                                    <a:s>&quot;Measurement Period&quot;</a:s>
                                 </a:s>
                              </a:s>
                           </a:s>
                        </a:s>
                     </a:s>
                     <a:s>
)</a:s>
                  </a:s>
               </a:s>
            </a:s>
         </annotation>
         <expression localId="359" locator="39:3-41:1" resultTypeName="t:Boolean" xsi:type="Exists">
            <operand localId="383" locator="39:10-41:1" xsi:type="Query">
               <resultTypeSpecifier localId="386" xsi:type="ListTypeSpecifier">
                  <elementType localId="387" xmlns:ns22="urn:healthit-gov:qdm:v5_6" name="ns22:Diagnosis" xsi:type="NamedTypeSpecifier"/>
               </resultTypeSpecifier>
               <source localId="360" locator="39:12-39:44" alias="HIVDiagnosis">
                  <resultTypeSpecifier localId="369" xsi:type="ListTypeSpecifier">
                     <elementType localId="370" xmlns:ns23="urn:healthit-gov:qdm:v5_6" name="ns23:Diagnosis" xsi:type="NamedTypeSpecifier"/>
                  </resultTypeSpecifier>
                  <expression localId="363" locator="39:12-39:31" xmlns:ns24="urn:healthit-gov:qdm:v5_6" dataType="ns24:Diagnosis" codeProperty="code" codeComparator="in" xsi:type="Retrieve">
                     <resultTypeSpecifier localId="367" xsi:type="ListTypeSpecifier">
                        <elementType localId="368" xmlns:ns25="urn:healthit-gov:qdm:v5_6" name="ns25:Diagnosis" xsi:type="NamedTypeSpecifier"/>
                     </resultTypeSpecifier>
                     <codes localId="362" locator="39:26-39:30" resultTypeName="t:ValueSet" name="HIV" preserve="true" xsi:type="ValueSetRef"/>
                  </expression>
               </source>
               <where localId="382" locator="40:5-40:90" resultTypeName="t:Boolean" precision="Day" xsi:type="Before">
                  <operand localId="381" locator="40:41-40:46" xsi:type="Start">
                     <operand localId="372" locator="40:11-40:39" path="prevalencePeriod" scope="HIVDiagnosis" xsi:type="Property">
                        <resultTypeSpecifier localId="375" xsi:type="IntervalTypeSpecifier">
                           <pointType localId="376" name="t:DateTime" xsi:type="NamedTypeSpecifier"/>
                        </resultTypeSpecifier>
                     </operand>
                  </operand>
                  <operand localId="377" locator="40:62-40:90" resultTypeName="t:DateTime" xsi:type="Start">
                     <operand localId="378" locator="40:71-40:90" name="Measurement Period" xsi:type="ParameterRef">
                        <resultTypeSpecifier localId="379" xsi:type="IntervalTypeSpecifier">
                           <pointType localId="380" name="t:DateTime" xsi:type="NamedTypeSpecifier"/>
                        </resultTypeSpecifier>
                     </operand>
                  </operand>
               </where>
            </operand>
         </expression>
      </def>
      <def localId="391" locator="71:1-78:7" resultTypeName="t:Boolean" name="Has HIV Test Performed" context="Patient" accessLevel="Public">
         <annotation xsi:type="a:Annotation">
            <a:s r="391">
               <a:s>define &quot;Has HIV Test Performed&quot;:
  </a:s>
               <a:s r="392">
                  <a:s>exists </a:s>
                  <a:s r="496">
                     <a:s>
                        <a:s r="393">
                           <a:s r="407">
                              <a:s>( </a:s>
                              <a:s r="407">
                                 <a:s r="396">
                                    <a:s>[&quot;Laboratory Test, Performed&quot;: </a:s>
                                    <a:s>
                                       <a:s>&quot;HIV Lab Tests&quot;</a:s>
                                    </a:s>
                                    <a:s>]</a:s>
                                 </a:s>
                                 <a:s>
    union </a:s>
                                 <a:s r="402">
                                    <a:s>[&quot;Laboratory Test, Performed&quot;: </a:s>
                                    <a:s>
                                       <a:s>&quot;HIV 1 and 2 tests - Meaningful Use set&quot;</a:s>
                                    </a:s>
                                    <a:s>]</a:s>
                                 </a:s>
                              </a:s>
                              <a:s> )</a:s>
                           </a:s>
                           <a:s> HIVTest</a:s>
                        </a:s>
                     </a:s>
                     <a:s>
    </a:s>
                     <a:s r="414">
                        <a:s>where </a:s>
                        <a:s r="414">
                           <a:s r="415">
                              <a:s r="431">
                                 <a:s r="417">
                                    <a:s r="416">
                                       <a:s>HIVTest</a:s>
                                    </a:s>
                                    <a:s>.</a:s>
                                    <a:s r="417">
                                       <a:s>result</a:s>
                                    </a:s>
                                 </a:s>
                                 <a:s> is not null</a:s>
                              </a:s>
                              <a:s>
      and </a:s>
                              <a:s r="467">
                                 <a:s r="461">
                                    <a:s>AgeInYearsAt(</a:s>
                                    <a:s r="454">
                                       <a:s>Coalesce(</a:s>
                                       <a:s r="432">
                                          <a:s>date from </a:s>
                                          <a:s r="433">
                                             <a:s>start of </a:s>
                                             <a:s r="443">
                                                <a:s r="434">
                                                   <a:s>Global</a:s>
                                                </a:s>
                                                <a:s>.</a:s>
                                                <a:s r="443">
                                                   <a:s>&quot;NormalizeInterval&quot;(</a:s>
                                                   <a:s r="436">
                                                      <a:s r="435">
                                                         <a:s>HIVTest</a:s>
                                                      </a:s>
                                                      <a:s>.</a:s>
                                                      <a:s r="436">
                                                         <a:s>relevantDatetime</a:s>
                                                      </a:s>
                                                   </a:s>
                                                   <a:s>, </a:s>
                                                   <a:s r="438">
                                                      <a:s r="437">
                                                         <a:s>HIVTest</a:s>
                                                      </a:s>
                                                      <a:s>.</a:s>
                                                      <a:s r="438">
                                                         <a:s>relevantPeriod</a:s>
                                                      </a:s>
                                                   </a:s>
                                                   <a:s>)</a:s>
                                                </a:s>
                                             </a:s>
                                          </a:s>
                                       </a:s>
                                       <a:s>, </a:s>
                                       <a:s r="449">
                                          <a:s r="448">
                                             <a:s>HIVTest</a:s>
                                          </a:s>
                                          <a:s>.</a:s>
                                          <a:s r="449">
                                             <a:s>resultDatetime</a:s>
                                          </a:s>
                                       </a:s>
                                       <a:s>)</a:s>
                                    </a:s>
                                    <a:s>)</a:s>
                                 </a:s>
                                 <a:s> in </a:s>
                                 <a:s r="464">
                                    <a:s r="462">Interval[15, 65]</a:s>
                                 </a:s>
                              </a:s>
                           </a:s>
                           <a:s>
      and </a:s>
                           <a:s r="468">
                              <a:s>( </a:s>
                              <a:s r="468">
                                 <a:s r="488">
                                    <a:s r="478">
                                       <a:s r="469">
                                          <a:s>Global</a:s>
                                       </a:s>
                                       <a:s>.</a:s>
                                       <a:s r="478">
                                          <a:s>&quot;NormalizeInterval&quot; ( </a:s>
                                          <a:s r="471">
                                             <a:s r="470">
                                                <a:s>HIVTest</a:s>
                                             </a:s>
                                             <a:s>.</a:s>
                                             <a:s r="471">
                                                <a:s>relevantDatetime</a:s>
                                             </a:s>
                                          </a:s>
                                          <a:s>, </a:s>
                                          <a:s r="473">
                                             <a:s r="472">
                                                <a:s>HIVTest</a:s>
                                             </a:s>
                                             <a:s>.</a:s>
                                             <a:s r="473">
                                                <a:s>relevantPeriod</a:s>
                                             </a:s>
                                          </a:s>
                                          <a:s> )</a:s>
                                       </a:s>
                                    </a:s>
                                    <a:s r="488"> starts before day of </a:s>
                                    <a:s r="483">
                                       <a:s>end of </a:s>
                                       <a:s r="484">
                                          <a:s>&quot;Measurement Period&quot;</a:s>
                                       </a:s>
                                    </a:s>
                                 </a:s>
                                 <a:s>
          or </a:s>
                                 <a:s r="495">
                                    <a:s r="490">
                                       <a:s r="489">
                                          <a:s>HIVTest</a:s>
                                       </a:s>
                                       <a:s>.</a:s>
                                       <a:s r="490">
                                          <a:s>resultDatetime</a:s>
                                       </a:s>
                                    </a:s>
                                    <a:s r="495"> before </a:s>
                                    <a:s r="491">
                                       <a:s>end of </a:s>
                                       <a:s r="492">
                                          <a:s>&quot;Measurement Period&quot;</a:s>
                                       </a:s>
                                    </a:s>
                                 </a:s>
                              </a:s>
                              <a:s>
      )</a:s>
                           </a:s>
                        </a:s>
                     </a:s>
                  </a:s>
               </a:s>
            </a:s>
         </annotation>
         <expression localId="392" locator="72:3-78:7" resultTypeName="t:Boolean" xsi:type="Exists">
            <operand localId="496" locator="72:10-78:7" xsi:type="Query">
               <resultTypeSpecifier localId="497" xsi:type="ListTypeSpecifier">
                  <elementType localId="498" xmlns:ns26="urn:healthit-gov:qdm:v5_6" name="ns26:PositiveLaboratoryTestPerformed" xsi:type="NamedTypeSpecifier"/>
               </resultTypeSpecifier>
               <source localId="393" locator="72:10-73:92" alias="HIVTest">
                  <resultTypeSpecifier localId="412" xsi:type="ListTypeSpecifier">
                     <elementType localId="413" xmlns:ns27="urn:healthit-gov:qdm:v5_6" name="ns27:PositiveLaboratoryTestPerformed" xsi:type="NamedTypeSpecifier"/>
                  </resultTypeSpecifier>
                  <expression localId="407" locator="72:10-73:84" xsi:type="Union">
                     <resultTypeSpecifier localId="410" xsi:type="ListTypeSpecifier">
                        <elementType localId="411" xmlns:ns28="urn:healthit-gov:qdm:v5_6" name="ns28:PositiveLaboratoryTestPerformed" xsi:type="NamedTypeSpecifier"/>
                     </resultTypeSpecifier>
                     <operand localId="396" locator="72:12-72:58" xmlns:ns29="urn:healthit-gov:qdm:v5_6" dataType="ns29:PositiveLaboratoryTestPerformed" templateId="PositiveLaboratoryTestPerformed" codeProperty="code" codeComparator="in" xsi:type="Retrieve">
                        <resultTypeSpecifier localId="398" xsi:type="ListTypeSpecifier">
                           <elementType localId="399" xmlns:ns30="urn:healthit-gov:qdm:v5_6" name="ns30:PositiveLaboratoryTestPerformed" xsi:type="NamedTypeSpecifier"/>
                        </resultTypeSpecifier>
                        <codes localId="395" locator="72:43-72:57" resultTypeName="t:ValueSet" name="HIV Lab Tests" preserve="true" xsi:type="ValueSetRef"/>
                     </operand>
                     <operand localId="402" locator="73:11-73:82" xmlns:ns31="urn:healthit-gov:qdm:v5_6" dataType="ns31:PositiveLaboratoryTestPerformed" templateId="PositiveLaboratoryTestPerformed" codeProperty="code" codeComparator="~" xsi:type="Retrieve">
                        <resultTypeSpecifier localId="405" xsi:type="ListTypeSpecifier">
                           <elementType localId="406" xmlns:ns32="urn:healthit-gov:qdm:v5_6" name="ns32:PositiveLaboratoryTestPerformed" xsi:type="NamedTypeSpecifier"/>
                        </resultTypeSpecifier>
                        <codes localId="404" xsi:type="ToList">
                           <operand localId="401" locator="73:42-73:81" resultTypeName="t:Code" name="HIV 1 and 2 tests - Meaningful Use set" xsi:type="CodeRef"/>
                        </codes>
                     </operand>
                  </expression>
               </source>
               <where localId="414" locator="74:5-78:7" resultTypeName="t:Boolean" xsi:type="And">
                  <operand localId="415" locator="74:11-75:173" resultTypeName="t:Boolean" xsi:type="And">
                     <operand localId="431" locator="74:11-74:36" resultTypeName="t:Boolean" xsi:type="Not">
                        <operand localId="430" locator="74:11-74:36" resultTypeName="t:Boolean" xsi:type="IsNull">
                           <operand localId="417" locator="74:11-74:24" path="result" scope="HIVTest" xsi:type="Property">
                              <resultTypeSpecifier localId="424" xsi:type="ChoiceTypeSpecifier">
                                 <choice localId="425" name="t:Integer" xsi:type="NamedTypeSpecifier"/>
                                 <choice localId="426" name="t:Decimal" xsi:type="NamedTypeSpecifier"/>
                                 <choice localId="427" name="t:Code" xsi:type="NamedTypeSpecifier"/>
                                 <choice localId="428" name="t:Quantity" xsi:type="NamedTypeSpecifier"/>
                                 <choice localId="429" name="t:Ratio" xsi:type="NamedTypeSpecifier"/>
                              </resultTypeSpecifier>
                           </operand>
                        </operand>
                     </operand>
                     <operand localId="467" locator="75:11-75:173" resultTypeName="t:Boolean" xsi:type="In">
                        <operand localId="461" locator="75:11-75:153" resultTypeName="t:Integer" precision="Year" xsi:type="CalculateAgeAt">
                           <operand localId="460" path="birthDatetime" xsi:type="Property">
                              <source localId="459" name="Patient" xsi:type="ExpressionRef"/>
                           </operand>
                           <operand localId="454" locator="75:24-75:152" resultTypeName="t:DateTime" xsi:type="Coalesce">
                              <operand localId="456" xsi:type="ToDateTime">
                                 <operand localId="432" locator="75:33-75:127" resultTypeName="t:Date" xsi:type="DateFrom">
                                    <operand localId="433" locator="75:43-75:127" resultTypeName="t:DateTime" xsi:type="Start">
                                       <operand localId="443" locator="75:52-75:127" name="NormalizeInterval" libraryName="Global" xsi:type="FunctionRef">
                                          <resultTypeSpecifier localId="446" xsi:type="IntervalTypeSpecifier">
                                             <pointType localId="447" name="t:DateTime" xsi:type="NamedTypeSpecifier"/>
                                          </resultTypeSpecifier>
                                          <operand localId="436" locator="75:79-75:102" resultTypeName="t:DateTime" path="relevantDatetime" scope="HIVTest" xsi:type="Property"/>
                                          <operand localId="438" locator="75:105-75:126" path="relevantPeriod" scope="HIVTest" xsi:type="Property">
                                             <resultTypeSpecifier localId="441" xsi:type="IntervalTypeSpecifier">
                                                <pointType localId="442" name="t:DateTime" xsi:type="NamedTypeSpecifier"/>
                                             </resultTypeSpecifier>
                                          </operand>
                                       </operand>
                                    </operand>
                                 </operand>
                              </operand>
                              <operand localId="449" locator="75:130-75:151" resultTypeName="t:DateTime" path="resultDatetime" scope="HIVTest" xsi:type="Property"/>
                           </operand>
                        </operand>
                        <operand localId="464" locator="75:158-75:173" lowClosed="true" highClosed="true" xsi:type="Interval">
                           <resultTypeSpecifier localId="465" xsi:type="IntervalTypeSpecifier">
                              <pointType localId="466" name="t:Integer" xsi:type="NamedTypeSpecifier"/>
                           </resultTypeSpecifier>
                           <low localId="462" locator="75:167-75:168" resultTypeName="t:Integer" valueType="t:Integer" value="15" xsi:type="Literal"/>
                           <high localId="463" locator="75:171-75:172" resultTypeName="t:Integer" valueType="t:Integer" value="65" xsi:type="Literal"/>
                        </operand>
                     </operand>
                  </operand>
                  <operand localId="468" locator="76:11-78:7" resultTypeName="t:Boolean" xsi:type="Or">
                     <operand localId="488" locator="76:13-76:140" resultTypeName="t:Boolean" precision="Day" xsi:type="Before">
                        <operand localId="487" locator="76:93-76:98" xsi:type="Start">
                           <operand localId="478" locator="76:13-76:91" name="NormalizeInterval" libraryName="Global" xsi:type="FunctionRef">
                              <resultTypeSpecifier localId="481" xsi:type="IntervalTypeSpecifier">
                                 <pointType localId="482" name="t:DateTime" xsi:type="NamedTypeSpecifier"/>
                              </resultTypeSpecifier>
                              <operand localId="471" locator="76:42-76:65" resultTypeName="t:DateTime" path="relevantDatetime" scope="HIVTest" xsi:type="Property"/>
                              <operand localId="473" locator="76:68-76:89" path="relevantPeriod" scope="HIVTest" xsi:type="Property">
                                 <resultTypeSpecifier localId="476" xsi:type="IntervalTypeSpecifier">
                                    <pointType localId="477" name="t:DateTime" xsi:type="NamedTypeSpecifier"/>
                                 </resultTypeSpecifier>
                              </operand>
                           </operand>
                        </operand>
                        <operand localId="483" locator="76:114-76:140" resultTypeName="t:DateTime" xsi:type="End">
                           <operand localId="484" locator="76:121-76:140" name="Measurement Period" xsi:type="ParameterRef">
                              <resultTypeSpecifier localId="485" xsi:type="IntervalTypeSpecifier">
                                 <pointType localId="486" name="t:DateTime" xsi:type="NamedTypeSpecifier"/>
                              </resultTypeSpecifier>
                           </operand>
                        </operand>
                     </operand>
                     <operand localId="495" locator="77:14-77:70" resultTypeName="t:Boolean" xsi:type="Before">
                        <operand localId="490" locator="77:14-77:35" resultTypeName="t:DateTime" path="resultDatetime" scope="HIVTest" xsi:type="Property"/>
                        <operand localId="491" locator="77:44-77:70" resultTypeName="t:DateTime" xsi:type="End">
                           <operand localId="492" locator="77:51-77:70" name="Measurement Period" xsi:type="ParameterRef">
                              <resultTypeSpecifier localId="493" xsi:type="IntervalTypeSpecifier">
                                 <pointType localId="494" name="t:DateTime" xsi:type="NamedTypeSpecifier"/>
                              </resultTypeSpecifier>
                           </operand>
                        </operand>
                     </operand>
                  </operand>
               </where>
            </operand>
         </expression>
      </def>
      <def localId="389" locator="48:1-49:30" resultTypeName="t:Boolean" name="Numerator" context="Patient" accessLevel="Public">
         <annotation xsi:type="a:Annotation">
            <a:s r="389">
               <a:s>define &quot;Numerator&quot;:
  </a:s>
               <a:s r="499">
                  <a:s>( </a:s>
                  <a:s r="499">
                     <a:s>&quot;Has HIV Test Performed&quot;</a:s>
                  </a:s>
                  <a:s> )</a:s>
               </a:s>
            </a:s>
         </annotation>
         <expression localId="499" locator="49:3-49:30" resultTypeName="t:Boolean" name="Has HIV Test Performed" xsi:type="ExpressionRef"/>
      </def>
      <def localId="503" locator="59:1-60:51" name="SDE Ethnicity" context="Patient" accessLevel="Public">
         <annotation xsi:type="a:Annotation">
            <a:s r="503">
               <a:s>define &quot;SDE Ethnicity&quot;:
  </a:s>
               <a:s r="506">
                  <a:s>[&quot;Patient Characteristic Ethnicity&quot;: </a:s>
                  <a:s>
                     <a:s>&quot;Ethnicity&quot;</a:s>
                  </a:s>
                  <a:s>]</a:s>
               </a:s>
            </a:s>
         </annotation>
         <resultTypeSpecifier localId="510" xsi:type="ListTypeSpecifier">
            <elementType localId="511" xmlns:ns33="urn:healthit-gov:qdm:v5_6" name="ns33:PatientCharacteristicEthnicity" xsi:type="NamedTypeSpecifier"/>
         </resultTypeSpecifier>
         <expression localId="506" locator="60:3-60:51" xmlns:ns34="urn:healthit-gov:qdm:v5_6" dataType="ns34:PatientCharacteristicEthnicity" codeProperty="code" codeComparator="in" xsi:type="Retrieve">
            <resultTypeSpecifier localId="508" xsi:type="ListTypeSpecifier">
               <elementType localId="509" xmlns:ns35="urn:healthit-gov:qdm:v5_6" name="ns35:PatientCharacteristicEthnicity" xsi:type="NamedTypeSpecifier"/>
            </resultTypeSpecifier>
            <codes localId="505" locator="60:40-60:50" resultTypeName="t:ValueSet" name="Ethnicity" preserve="true" xsi:type="ValueSetRef"/>
         </expression>
      </def>
      <def localId="513" locator="62:1-63:48" name="SDE Payer" context="Patient" accessLevel="Public">
         <annotation xsi:type="a:Annotation">
            <a:s r="513">
               <a:s>define &quot;SDE Payer&quot;:
  </a:s>
               <a:s r="516">
                  <a:s>[&quot;Patient Characteristic Payer&quot;: </a:s>
                  <a:s>
                     <a:s>&quot;Payer Type&quot;</a:s>
                  </a:s>
                  <a:s>]</a:s>
               </a:s>
            </a:s>
         </annotation>
         <resultTypeSpecifier localId="520" xsi:type="ListTypeSpecifier">
            <elementType localId="521" xmlns:ns36="urn:healthit-gov:qdm:v5_6" name="ns36:PatientCharacteristicPayer" xsi:type="NamedTypeSpecifier"/>
         </resultTypeSpecifier>
         <expression localId="516" locator="63:3-63:48" xmlns:ns37="urn:healthit-gov:qdm:v5_6" dataType="ns37:PatientCharacteristicPayer" codeProperty="code" codeComparator="in" xsi:type="Retrieve">
            <resultTypeSpecifier localId="518" xsi:type="ListTypeSpecifier">
               <elementType localId="519" xmlns:ns38="urn:healthit-gov:qdm:v5_6" name="ns38:PatientCharacteristicPayer" xsi:type="NamedTypeSpecifier"/>
            </resultTypeSpecifier>
            <codes localId="515" locator="63:36-63:47" resultTypeName="t:ValueSet" name="Payer Type" preserve="true" xsi:type="ValueSetRef"/>
         </expression>
      </def>
      <def localId="523" locator="65:1-66:41" name="SDE Race" context="Patient" accessLevel="Public">
         <annotation xsi:type="a:Annotation">
            <a:s r="523">
               <a:s>define &quot;SDE Race&quot;:
  </a:s>
               <a:s r="526">
                  <a:s>[&quot;Patient Characteristic Race&quot;: </a:s>
                  <a:s>
                     <a:s>&quot;Race&quot;</a:s>
                  </a:s>
                  <a:s>]</a:s>
               </a:s>
            </a:s>
         </annotation>
         <resultTypeSpecifier localId="530" xsi:type="ListTypeSpecifier">
            <elementType localId="531" xmlns:ns39="urn:healthit-gov:qdm:v5_6" name="ns39:PatientCharacteristicRace" xsi:type="NamedTypeSpecifier"/>
         </resultTypeSpecifier>
         <expression localId="526" locator="66:3-66:41" xmlns:ns40="urn:healthit-gov:qdm:v5_6" dataType="ns40:PatientCharacteristicRace" codeProperty="code" codeComparator="in" xsi:type="Retrieve">
            <resultTypeSpecifier localId="528" xsi:type="ListTypeSpecifier">
               <elementType localId="529" xmlns:ns41="urn:healthit-gov:qdm:v5_6" name="ns41:PatientCharacteristicRace" xsi:type="NamedTypeSpecifier"/>
            </resultTypeSpecifier>
            <codes localId="525" locator="66:35-66:40" resultTypeName="t:ValueSet" name="Race" preserve="true" xsi:type="ValueSetRef"/>
         </expression>
      </def>
      <def localId="533" locator="68:1-69:62" name="SDE Sex" context="Patient" accessLevel="Public">
         <annotation xsi:type="a:Annotation">
            <a:s r="533">
               <a:s>define &quot;SDE Sex&quot;:
  </a:s>
               <a:s r="536">
                  <a:s>[&quot;Patient Characteristic Sex&quot;: </a:s>
                  <a:s>
                     <a:s>&quot;Federal Administrative Sex&quot;</a:s>
                  </a:s>
                  <a:s>]</a:s>
               </a:s>
            </a:s>
         </annotation>
         <resultTypeSpecifier localId="540" xsi:type="ListTypeSpecifier">
            <elementType localId="541" xmlns:ns42="urn:healthit-gov:qdm:v5_6" name="ns42:PatientCharacteristicSex" xsi:type="NamedTypeSpecifier"/>
         </resultTypeSpecifier>
         <expression localId="536" locator="69:3-69:62" xmlns:ns43="urn:healthit-gov:qdm:v5_6" dataType="ns43:PatientCharacteristicSex" codeProperty="code" codeComparator="in" xsi:type="Retrieve">
            <resultTypeSpecifier localId="538" xsi:type="ListTypeSpecifier">
               <elementType localId="539" xmlns:ns44="urn:healthit-gov:qdm:v5_6" name="ns44:PatientCharacteristicSex" xsi:type="NamedTypeSpecifier"/>
            </resultTypeSpecifier>
            <codes localId="535" locator="69:34-69:61" resultTypeName="t:ValueSet" name="Federal Administrative Sex" preserve="true" xsi:type="ValueSetRef"/>
         </expression>
      </def>
   </statements>
</library>
