<?xml version="1.0" encoding="UTF-8" standalone="yes"?>
<QualityMeasureDocument xmlns="urn:hl7-org:v3"
                        xmlns:cql-ext="urn:hhs-cql:hqmf-n1-extensions:v1"
                        xmlns:xsi="http://www.w3.org/2001/XMLSchema-instance">

      <!--
            **************************************************************
            Measure Details Section
            **************************************************************
        -->
   <typeId extension="POQM_HD000001UV02" root="2.16.840.1.113883.1.3"/>
   <templateId>
      <item extension="2021-02-01" root="2.16.840.1.113883.10.20.28.1.2"/>
   </templateId>
   <id root="70b5c339-fc50-458a-9d5f-511535de72c6"/>
   <code code="57024-2" codeSystem="2.16.840.1.113883.6.1">
      <displayName value="Health Quality Measure Document"/>
   </code>
   <title
          value="Appropriate Treatment for ST-Segment Elevation Myocardial Infarction (STEMI) Patients in the Emergency Department (ED)"/>
   <text
         value="Percentage of emergency department (ED) encounters for patients 18 years and older with a diagnosis of ST-segment elevation myocardial infarction (STEMI) that received appropriate treatment, defined as fibrinolytic therapy within 30 minutes of ED arrival, percutaneous coronary intervention (PCI) within 90 minutes of ED arrival, or discharge to an acute care facility within 45 minutes of ED arrival"/>
   <statusCode code="COMPLETED"/>
   <setId root="fb8caab1-dc9e-4a95-b14f-4f5dee7c6587"/>
   <versionNumber value="6.3.000"/>
   <author>
      <responsibleParty classCode="ASSIGNED">
         <representedResponsibleOrganization classCode="ORG" determinerCode="INSTANCE">
            <id>
               <item root="e960f2c2-a69f-11ea-bb37-0242ac130002s"/>
            </id>
            <name>
               <item>
                  <part value="Acumen, LLC"/>
               </item>
            </name>
         </representedResponsibleOrganization>
      </responsibleParty>
   </author>
   <custodian>
      <responsibleParty classCode="ASSIGNED">
         <representedResponsibleOrganization classCode="ORG" determinerCode="INSTANCE">
            <id>
               <item root="9048cd4c-b61b-11e4-a71e-12e3f512a338"/>
            </id>
            <name>
               <item>
                  <part value="Centers for Medicare &amp; Medicaid Services (CMS)"/>
               </item>
            </name>
         </representedResponsibleOrganization>
      </responsibleParty>
   </custodian>
   <!--Neurologic impairment-->
   <definition>
      <valueSet classCode="OBS" moodCode="DEF">
         <id root="2.16.840.1.113883.3.464.1003.114.12.1012"/>
         <title value="Neurologic impairment"/>
      </valueSet>
   </definition>
   <!--Fibrinolytic Therapy-->
   <definition>
      <valueSet classCode="OBS" moodCode="DEF">
         <id root="2.16.840.1.113883.3.3157.4019"/>
         <title value="Fibrinolytic Therapy"/>
      </valueSet>
   </definition>
   <!--Percutaneous Coronary Intervention-->
   <definition>
      <valueSet classCode="OBS" moodCode="DEF">
         <id root="2.16.840.1.113883.3.3157.2000.5"/>
         <title value="Percutaneous Coronary Intervention"/>
      </valueSet>
   </definition>
   <!--Oral Anticoagulant Medications-->
   <definition>
      <valueSet classCode="OBS" moodCode="DEF">
         <id root="2.16.840.1.113883.3.3157.4045"/>
         <title value="Oral Anticoagulant Medications"/>
      </valueSet>
   </definition>
   <!--Closed Head and Facial Trauma-->
   <definition>
      <valueSet classCode="OBS" moodCode="DEF">
         <id root="2.16.840.1.113883.3.3157.4026"/>
         <title value="Closed Head and Facial Trauma"/>
      </valueSet>
   </definition>
   <!--Drug Intervention Not Indicated/Contraindicated-->
   <definition>
      <valueSet classCode="OBS" moodCode="DEF">
         <id root="2.16.840.1.113762.1.4.1282.1"/>
         <title value="Drug Intervention Not Indicated/Contraindicated"/>
      </valueSet>
   </definition>
   <!--Active Bleeding or Bleeding Diathesis, Excluding Menses-->
   <definition>
      <valueSet classCode="OBS" moodCode="DEF">
         <id root="2.16.840.1.113883.3.3157.4036"/>
         <title value="Active Bleeding or Bleeding Diathesis, Excluding Menses"/>
      </valueSet>
   </definition>
   <!--Patient Expired-->
   <definition>
      <valueSet classCode="OBS" moodCode="DEF">
         <id root="2.16.840.1.113883.3.117.1.7.1.309"/>
         <title value="Patient Expired"/>
      </valueSet>
   </definition>
   <!--Race-->
   <definition>
      <valueSet classCode="OBS" moodCode="DEF">
         <id root="2.16.840.1.114222.4.11.836"/>
         <title value="Race"/>
      </valueSet>
   </definition>
   <!--Aortic Dissection or Ruptured Aortic Aneurysm-->
   <definition>
      <valueSet classCode="OBS" moodCode="DEF">
         <id root="2.16.840.1.113883.3.3157.4028"/>
         <title value="Aortic Dissection or Ruptured Aortic Aneurysm"/>
      </valueSet>
   </definition>
   <!--Acute Peptic Ulcer-->
   <definition>
      <valueSet classCode="OBS" moodCode="DEF">
         <id root="2.16.840.1.113883.3.3157.4031"/>
         <title value="Acute Peptic Ulcer"/>
      </valueSet>
   </definition>
   <!--Payer Type-->
   <definition>
      <valueSet classCode="OBS" moodCode="DEF">
         <id root="2.16.840.1.114222.4.11.3591"/>
         <title value="Payer Type"/>
      </valueSet>
   </definition>
   <!--Allergy to thrombolytics-->
   <definition>
      <valueSet classCode="OBS" moodCode="DEF">
         <id root="2.16.840.1.113762.1.4.1170.5"/>
         <title value="Allergy to thrombolytics"/>
      </valueSet>
   </definition>
   <!--Discharge To Acute Care Facility-->
   <definition>
      <valueSet classCode="OBS" moodCode="DEF">
         <id root="2.16.840.1.113883.3.117.1.7.1.87"/>
         <title value="Discharge To Acute Care Facility"/>
      </valueSet>
   </definition>
   <!--Thrombolytic medications-->
   <definition>
      <valueSet classCode="OBS" moodCode="DEF">
         <id root="2.16.840.1.113762.1.4.1170.4"/>
         <title value="Thrombolytic medications"/>
      </valueSet>
   </definition>
   <!--Major Surgical Procedure-->
   <definition>
      <valueSet classCode="OBS" moodCode="DEF">
         <id root="2.16.840.1.113883.3.3157.4056"/>
         <title value="Major Surgical Procedure"/>
      </valueSet>
   </definition>
   <!--Mechanical Circulatory Assist Device-->
   <definition>
      <valueSet classCode="OBS" moodCode="DEF">
         <id root="2.16.840.1.113883.3.3157.4052"/>
         <title value="Mechanical Circulatory Assist Device"/>
      </valueSet>
   </definition>
   <!--Cardiopulmonary Emergency-->
   <definition>
      <valueSet classCode="OBS" moodCode="DEF">
         <id root="2.16.840.1.113883.3.3157.4048"/>
         <title value="Cardiopulmonary Emergency"/>
      </valueSet>
   </definition>
   <!--Endotracheal Intubation-->
   <definition>
      <valueSet classCode="OBS" moodCode="DEF">
         <id root="2.16.840.1.113762.1.4.1045.69"/>
         <title value="Endotracheal Intubation"/>
      </valueSet>
   </definition>
   <!--Hospice Care Ambulatory-->
   <definition>
      <valueSet classCode="OBS" moodCode="DEF">
         <id root="2.16.840.1.113883.3.526.3.1584"/>
         <title value="Hospice Care Ambulatory"/>
      </valueSet>
   </definition>
   <!--Ischemic Stroke-->
   <definition>
      <valueSet classCode="OBS" moodCode="DEF">
         <id root="2.16.840.1.113883.3.117.1.7.1.247"/>
         <title value="Ischemic Stroke"/>
      </valueSet>
   </definition>
   <!--Procedure Not Indicated/Contraindicated-->
   <definition>
      <valueSet classCode="OBS" moodCode="DEF">
         <id root="2.16.840.1.113762.1.4.1282.2"/>
         <title value="Procedure Not Indicated/Contraindicated"/>
      </valueSet>
   </definition>
   <!--Left Against Medical Advice-->
   <definition>
      <valueSet classCode="OBS" moodCode="DEF">
         <id root="2.16.840.1.113883.3.117.1.7.1.308"/>
         <title value="Left Against Medical Advice"/>
      </valueSet>
   </definition>
   <!--Encounter Inpatient-->
   <definition>
      <valueSet classCode="OBS" moodCode="DEF">
         <id root="2.16.840.1.113883.3.666.5.307"/>
         <title value="Encounter Inpatient"/>
      </valueSet>
   </definition>
   <!--STEMI-->
   <definition>
      <valueSet classCode="OBS" moodCode="DEF">
         <id root="2.16.840.1.113883.3.3157.4017"/>
         <title value="STEMI"/>
      </valueSet>
   </definition>
   <!--Cerebral Vascular Lesion-->
   <definition>
      <valueSet classCode="OBS" moodCode="DEF">
         <id root="2.16.840.1.113883.3.3157.4025"/>
         <title value="Cerebral Vascular Lesion"/>
      </valueSet>
   </definition>
   <!--Emergency Department Visit-->
   <definition>
      <valueSet classCode="OBS" moodCode="DEF">
         <id root="2.16.840.1.113883.3.117.1.7.1.292"/>
         <title value="Emergency Department Visit"/>
      </valueSet>
   </definition>
   <!--Pregnant State-->
   <definition>
      <valueSet classCode="OBS" moodCode="DEF">
         <id root="2.16.840.1.113883.3.3157.4055"/>
         <title value="Pregnant State"/>
      </valueSet>
   </definition>
   <!--Emergency Department Evaluation and Management Visit-->
   <definition>
      <valueSet classCode="OBS" moodCode="DEF">
         <id root="2.16.840.1.113883.3.464.1003.101.12.1010"/>
         <title value="Emergency Department Evaluation and Management Visit"/>
      </valueSet>
   </definition>
   <!--Intracranial or Intraspinal surgery-->
   <definition>
      <valueSet classCode="OBS" moodCode="DEF">
         <id root="2.16.840.1.113762.1.4.1170.2"/>
         <title value="Intracranial or Intraspinal surgery"/>
      </valueSet>
   </definition>
   <!--Patient Refusal-->
   <definition>
      <valueSet classCode="OBS" moodCode="DEF">
         <id root="2.16.840.1.113883.3.117.1.7.1.93"/>
         <title value="Patient Refusal"/>
      </valueSet>
   </definition>
   <!--Hospice Diagnosis-->
   <definition>
      <valueSet classCode="OBS" moodCode="DEF">
         <id root="2.16.840.1.113883.3.464.1003.1165"/>
         <title value="Hospice Diagnosis"/>
      </valueSet>
   </definition>
   <!--Ethnicity-->
   <definition>
      <valueSet classCode="OBS" moodCode="DEF">
         <id root="2.16.840.1.114222.4.11.837"/>
         <title value="Ethnicity"/>
      </valueSet>
   </definition>
   <!--Hospice Encounter-->
   <definition>
      <valueSet classCode="OBS" moodCode="DEF">
         <id root="2.16.840.1.113883.3.464.1003.1003"/>
         <title value="Hospice Encounter"/>
      </valueSet>
   </definition>
   <!--Dementia and Related Intracranial Pathologies-->
   <definition>
      <valueSet classCode="OBS" moodCode="DEF">
         <id root="2.16.840.1.113883.3.3157.4043"/>
         <title value="Dementia and Related Intracranial Pathologies"/>
      </valueSet>
   </definition>
   <!--Federal Administrative Sex-->
   <definition>
      <valueSet classCode="OBS" moodCode="DEF">
         <id root="2.16.840.1.113762.1.4.1021.121"/>
         <title value="Federal Administrative Sex"/>
      </valueSet>
   </definition>
   <!--Thrombolytics Adverse Event-->
   <definition>
      <valueSet classCode="OBS" moodCode="DEF">
         <id root="2.16.840.1.113762.1.4.1170.6"/>
         <title value="Thrombolytics Adverse Event"/>
      </valueSet>
   </definition>
   <!--Malignant Intracranial Neoplasm Group-->
   <definition>
      <valueSet classCode="OBS" moodCode="DEF">
         <id root="2.16.840.1.113762.1.4.1170.3"/>
         <title value="Malignant Intracranial Neoplasm Group"/>
      </valueSet>
   </definition>
   <!--Discharge to healthcare facility for hospice care (procedure)- -->
   <definition>
      <cql-ext:code code="428371000124100"
                    codeSystem="2.16.840.1.113883.6.96"
                    codeSystemName="SNOMEDCT">
         <displayName value="Discharge to healthcare facility for hospice care (procedure)"/>
      </cql-ext:code>
   </definition>
   <!--Takotsubo cardiomyopathy (disorder)- -->
   <definition>
      <cql-ext:code code="441541008"
                    codeSystem="2.16.840.1.113883.6.96"
                    codeSystemName="SNOMEDCT">
         <displayName value="Takotsubo cardiomyopathy (disorder)"/>
      </cql-ext:code>
   </definition>
   <!--Aneurysm of heart- -->
   <definition>
      <cql-ext:code code="I25.3"
                    codeSystem="2.16.840.1.113883.6.90"
                    codeSystemName="ICD10CM">
         <displayName value="Aneurysm of heart"/>
      </cql-ext:code>
   </definition>
   <!--Takotsubo syndrome- -->
   <definition>
      <cql-ext:code code="I51.81"
                    codeSystem="2.16.840.1.113883.6.90"
                    codeSystemName="ICD10CM">
         <displayName value="Takotsubo syndrome"/>
      </cql-ext:code>
   </definition>
   <!--Status post administration of tPA (rtPA) in a different facility within the last 24 hours prior to admission to current facility- -->
   <definition>
      <cql-ext:code code="Z92.82"
                    codeSystem="2.16.840.1.113883.6.90"
                    codeSystemName="ICD10CM">
         <displayName value="Status post administration of tPA (rtPA) in a different facility within the last 24 hours prior to admission to current facility"/>
      </cql-ext:code>
   </definition>
   <!--Yes (qualifier value)- -->
   <definition>
      <cql-ext:code code="373066001"
                    codeSystem="2.16.840.1.113883.6.96"
                    codeSystemName="SNOMEDCT">
         <displayName value="Yes (qualifier value)"/>
      </cql-ext:code>
   </definition>
   <!--Hospice care [Minimum Data Set]- -->
   <definition>
      <cql-ext:code code="45755-6"
                    codeSystem="2.16.840.1.113883.6.1"
                    codeSystemName="LOINC">
         <displayName value="Hospice care [Minimum Data Set]"/>
      </cql-ext:code>
   </definition>
   <!--Long term (current) use of anticoagulants- -->
   <definition>
      <cql-ext:code code="Z79.01"
                    codeSystem="2.16.840.1.113883.6.90"
                    codeSystemName="ICD10CM">
         <displayName value="Long term (current) use of anticoagulants"/>
      </cql-ext:code>
   </definition>
   <!--Ventricular aneurysm due to and following acute myocardial infarction (disorder)- -->
   <definition>
      <cql-ext:code code="723858002"
                    codeSystem="2.16.840.1.113883.6.96"
                    codeSystemName="SNOMEDCT">
         <displayName value="Ventricular aneurysm due to and following acute myocardial infarction (disorder)"/>
      </cql-ext:code>
   </definition>
   <!--Discharge to home for hospice care (procedure)- -->
   <definition>
      <cql-ext:code code="428361000124107"
                    codeSystem="2.16.840.1.113883.6.96"
                    codeSystemName="SNOMEDCT">
         <displayName value="Discharge to home for hospice care (procedure)"/>
      </cql-ext:code>
   </definition>
   <!--Angina pectoris with documented spasm- -->
   <definition>
      <cql-ext:code code="I20.1"
                    codeSystem="2.16.840.1.113883.6.90"
                    codeSystemName="ICD10CM">
         <displayName value="Angina pectoris with documented spasm"/>
      </cql-ext:code>
   </definition>
   <relatedDocument typeCode="COMP">
      <expressionDocument>
         <id root="bc0c4aae-f47e-46da-91e8-53e3fbdcbc49"/>
         <text mediaType="text/cql">
            <reference value="https://madie.cms.gov/libraries/fb8caab1-dc9e-4a95-b14f-4f5dee7c6587/CMS996AptTxforSTEMI-6.3.000.cql"/>
            <translation mediaType="application/elm+xml">
               <reference value="https://madie.cms.gov/libraries/fb8caab1-dc9e-4a95-b14f-4f5dee7c6587/CMS996AptTxforSTEMI-6.3.000.xml"/>
            </translation>
            <translation mediaType="application/elm+json">
               <reference value="https://madie.cms.gov/libraries/fb8caab1-dc9e-4a95-b14f-4f5dee7c6587/CMS996AptTxforSTEMI-6.3.000.json"/>
            </translation>
         </text>
         <setId extension="fb8caab1-dc9e-4a95-b14f-4f5dee7c6587"
                identifierName="CMS996AptTxforSTEMI"
                root="https://madie.cms.gov/libraries"/>
         <versionNumber value="6.3.000"/>
      </expressionDocument>
   </relatedDocument>
   <relatedDocument typeCode="COMP">
      <expressionDocument>
         <id root="f00ce674-6540-48de-b9fd-9c268064f7cb"/>
         <text mediaType="text/cql">
            <reference value="https://madie.cms.gov/libraries/f00ce674-6540-48de-b9fd-9c268064f7cb/CQMCommonQDM-9.0.000.cql"/>
            <translation mediaType="application/elm+xml">
               <reference value="https://madie.cms.gov/libraries/f00ce674-6540-48de-b9fd-9c268064f7cb/CQMCommonQDM-9.0.000.xml"/>
            </translation>
            <translation mediaType="application/elm+json">
               <reference value="https://madie.cms.gov/libraries/f00ce674-6540-48de-b9fd-9c268064f7cb/CQMCommonQDM-9.0.000.json"/>
            </translation>
         </text>
         <setId extension="f00ce674-6540-48de-b9fd-9c268064f7cb"
                identifierName="CQMCommonQDM"
                root="https://madie.cms.gov/libraries"/>
         <versionNumber value="9.0.000"/>
      </expressionDocument>
   </relatedDocument>
   <controlVariable>
      <measurePeriod>
         <id extension="measureperiod" root="0a2a616f-6ca1-42b1-ad11-54a876dc1acf"/>
         <code code="MSRTP" codeSystem="2.16.840.1.113883.5.4">
            <originalText value="Measurement Period"/>
         </code>
         <value highClosed="false" lowClosed="true" xsi:type="IVL_TS">
            <low value="20260101"/>
            <high value="20270101"/>
         </value>
      </measurePeriod>
   </controlVariable>
   <subjectOf>
      <measureAttribute>
         <code nullFlavor="OTH">
            <originalText value="CMS ID"/>
         </code>
         <value mediaType="text/plain" value="996" xsi:type="ED"/>
      </measureAttribute>
   </subjectOf>
   <subjectOf>
      <measureAttribute>
         <code nullFlavor="OTH">
            <originalText value="CBE Number"/>
         </code>
         <value mediaType="text/plain" value="3613e" xsi:type="ED"/>
      </measureAttribute>
   </subjectOf>
   <subjectOf>
      <measureAttribute>
         <code code="COPY" codeSystem="2.16.840.1.113883.5.4">
            <displayName value="Copyright"/>
         </code>
         <value mediaType="text/plain"
                value="Limited proprietary coding is contained in these specifications for user convenience. Users of proprietary code sets should obtain all necessary licenses from the owners of the code sets. This material contains SNOMED Clinical Terms(R) (SNOMED CT[R]) copyright 2004-2024 International Health Terminology Standards Development Organisation. All rights reserved. LOINC(R) copyright 2004-2024 Regenstrief Institute, Inc. CPT(R) contained in the measure specifications is copyright 2004-2024 American Medical Association. ICD-10 is copyright 2024 World Health Organization. All Rights Reserved."
                xsi:type="ED"/>
      </measureAttribute>
   </subjectOf>
   <subjectOf>
      <measureAttribute>
         <code code="DISC" codeSystem="2.16.840.1.113883.5.4">
            <displayName value="Disclaimer"/>
         </code>
         <value mediaType="text/plain"
                value="These performance specifications are not clinical guidelines, do not establish a standard of medical care, and have not been tested for all potential applications. THE MEASURES AND SPECIFICATIONS ARE PROVIDED &quot;AS IS&quot; WITHOUT WARRANTY OF ANY KIND. Due to technical limitations, registered trademarks are indicated by (R) or [R] and unregistered trademarks are indicated by (TM) or [TM]."
                xsi:type="ED"/>
      </measureAttribute>
   </subjectOf>
   <subjectOf>
      <measureAttribute>
         <code code="MSRSCORE" codeSystem="2.16.840.1.113883.5.4">
            <displayName value="Measure Scoring"/>
         </code>
         <value code="PROPOR" codeSystem="2.16.840.1.113883.5.1063" xsi:type="CD">
            <displayName value="Proportion"/>
         </value>
      </measureAttribute>
   </subjectOf>
   <subjectOf>
      <measureAttribute>
         <code code="MSRTYPE" codeSystem="2.16.840.1.113883.5.4">
            <displayName value="Measure Type"/>
         </code>
         <value code="PROCESS" codeSystem="2.16.840.1.113883.5.1063" xsi:type="CD">
            <displayName value="Process"/>
         </value>
      </measureAttribute>
   </subjectOf>
   <subjectOf>
      <measureAttribute>
         <code code="STRAT" codeSystem="2.16.840.1.113883.5.4">
            <displayName value="Stratification"/>
         </code>
         <value mediaType="text/plain" value="None" xsi:type="ED"/>
      </measureAttribute>
   </subjectOf>
   <subjectOf>
      <measureAttribute>
         <code code="MSRADJ" codeSystem="2.16.840.1.113883.5.4">
            <displayName value="Risk Adjustment"/>
         </code>
         <value mediaType="text/plain" value="None" xsi:type="ED"/>
      </measureAttribute>
   </subjectOf>
   <subjectOf>
      <measureAttribute>
         <code code="MSRAGG" codeSystem="2.16.840.1.113883.5.4">
            <displayName value="Rate Aggregation"/>
         </code>
         <value mediaType="text/plain" value="None" xsi:type="ED"/>
      </measureAttribute>
   </subjectOf>
   <subjectOf>
      <measureAttribute>
         <code code="RAT" codeSystem="2.16.840.1.113883.5.4">
            <displayName value="Rationale"/>
         </code>
         <value mediaType="text/plain"
                value="Studies have shown that delays in the treatment of acute myocardial infarction (AMI) leads to increased risk of in-hospital mortality and morbidity, with nearly two lives per 1,000 patients lost per hour of delay in treatment (Solhpour &amp; Yusuf, 2013; Fibrinolytic Therapy Trialists’ Collaborative Group, 1994). For patients receiving fibrinolytic therapy, the American Heart Association (AHA) estimates that 65 lives will be saved per 1,000 patients if treatment is administered within the first hour of symptom onset, and 131 lives will be saved per 1,000 patients treated if fibrinolytic therapy is delivered within the first three hours (O’Connor et al., 2010). The total ischemic time—that is, the time from onset of STEMI symptoms to the initiation of some form of reperfusion therapy—is the principal determinant of health outcomes for patients with an AMI, so timely care is essential to minimize disease morbidity and mortality. Primary PCI is the preferred treatment approach, with guidelines recommending initiation of PCI within 120 minutes from first medical contact (O’Gara et al., 2013). In situations where it is unlikely or impossible for a patient to receive primary PCI within the 120-minute timeframe, fibrinolytic therapy may be used for reperfusion and should be rapidly administered to reduce mortality and minimize morbidity; guidelines recommend that fibrinolytic therapy administration occur within 30 minutes of hospital arrival; this may also require rapid transfer for PCI (O’Gara et al., 2013). Implementation of an eCQM addressing appropriateness and effectiveness of care for STEMI patients in the ED has the potential to improve the delivery of care furthering alignment with current clinical practice guidelines, while reducing adverse health outcomes such as mortality, bleeding events, and reinfarction. Use of the eCQM could also reduce burden on facilities currently measured using the chart-abstracted Fibrinolytic Therapy Received within 30 Minutes of ED Arrival (OP-2) measure and broaden the population for which performance scores could be publicly reported."
                xsi:type="ED"/>
      </measureAttribute>
   </subjectOf>
   <subjectOf>
      <measureAttribute>
         <code code="CRS" codeSystem="2.16.840.1.113883.5.4">
            <displayName value="Clinical Recommendation Statement"/>
         </code>
         <value mediaType="text/plain"
                value="Primary PCI in STEMI: The 2013 ACCF/AHA clinical practice guideline for the management of STEMI recommends that: - &quot;Primary PCI should be performed in patients with STEMI and ischemic symptoms of less than 12 hours’ duration.&quot; - &quot;Primary PCI should be performed in patients with STEMI and ischemic symptoms of less than 12 hours’ duration who have contraindications to fibrinolytic therapy, irrespective of the time delay from first medical contact.&quot; Fibrinolytic Therapy when there is an Anticipated Delay to Performing Primary PCI within 120 Minutes of First Medical Contact: The 2013 American College of Cardiology Foundation (ACCF)/American Heart Association (AHA) clinical practice guideline for the management of STEMI recommends that: - &quot;In the absence of contraindications, fibrinolytic therapy should be given to patients with STEMI and onset of ischemic symptoms within the previous 12 hours when it is anticipated that primary PCI cannot be performed within 120 minutes of first medical contact.” Transfer to a PCI-Capable Hospital after Fibrinolytic Therapy: The 2013 ACCF/AHA clinical practice guideline for the management of STEMI recommends that: - Immediate transfer to a PCI-capable hospital for coronary angiography is recommended for suitable patients with STEMI who develop cardiogenic shock or acute severe heart failure (HF), irrespective of the time delay from MI onset. - Urgent transfer to a PCI-capable hospital for coronary angiography is reasonable for patients with STEMI who demonstrate evidence of failed reperfusion or reocclusion after fibrinolytic therapy. - Transfer to a PCI-capable hospital for coronary angiography is reasonable for patients with STEMI who have received fibrinolytic therapy even when hemodynamically stable and with clinical evidence of successful reperfusion. Angiography can be performed as soon as logistically feasible at the receiving hospital, and ideally within 24 hours, but should not be performed within the first 2 to 3 hours after administration of fibrinolytic therapy."
                xsi:type="ED"/>
      </measureAttribute>
   </subjectOf>
   <subjectOf>
      <measureAttribute>
         <code code="IDUR" codeSystem="2.16.840.1.113883.5.4">
            <displayName value="Improvement Notation"/>
         </code>
         <value mediaType="text/plain"
                value="Increased score indicates improvement"
                xsi:type="ED"/>
      </measureAttribute>
   </subjectOf>
   <subjectOf>
      <measureAttribute>
         <code code="REF" codeSystem="2.16.840.1.113883.5.4">
            <displayName value="Reference"/>
         </code>
         <value mediaType="text/plain"
                value="Citation Fibrinolytic Therapy Trialists' (FTT) Collaborative Group. (1994). Indications for fibrinolytic therapy in suspected acute myocardial infarction: Collaborative overview of early mortality and major morbidity results from all randomised trials of more than 1000 patients. The Lancet, 343(8893):311-322. https://doi.org/10.1016/S0140-6736(94)91161-4"
                xsi:type="ED"/>
      </measureAttribute>
   </subjectOf>
   <subjectOf>
      <measureAttribute>
         <code code="REF" codeSystem="2.16.840.1.113883.5.4">
            <displayName value="Reference"/>
         </code>
         <value mediaType="text/plain"
                value="Citation O'Gara, P. T., Kushner, F. G., Ascheim, D. D., Casey, D. E., Chung, M. K., de Lemos, J. A., . . . Zhao, D. X. (2013). 2013 ACCF/AHA guideline for the management of ST-elevation myocardial infarction: A report of the American College of Cardiology Foundation/American Heart Association Task Force on Practice Guidelines. Circulation, 127(4): e362-425. https://doi.org/10.1161/CIR.0b013e3182742cf6"
                xsi:type="ED"/>
      </measureAttribute>
   </subjectOf>
   <subjectOf>
      <measureAttribute>
         <code code="REF" codeSystem="2.16.840.1.113883.5.4">
            <displayName value="Reference"/>
         </code>
         <value mediaType="text/plain"
                value="Citation O’Connor, R. E., Brady, W., Brooks, S. C., Diercks, D., Egan, J., Ghaemmaghami, C., . . . Yannapoulos, D. (2010). Part 10: Acute coronary syndromes: 2010 American Heart Association Guidelines for Cardiopulmonary Resuscitation and Emergency Cardiovascular Care. Circulation, s(suppl 3): S787-S817. DOI: 10.1161/circulationaha.110.971028"
                xsi:type="ED"/>
      </measureAttribute>
   </subjectOf>
   <subjectOf>
      <measureAttribute>
         <code code="REF" codeSystem="2.16.840.1.113883.5.4">
            <displayName value="Reference"/>
         </code>
         <value mediaType="text/plain"
                value="Citation Solhpour, A., &amp; Yusuf, S. W. (2013). Fibrinolytic therapy in patients with ST-elevation myocardial infarction. Expert Review of Cardiovascular Therapy, 12(2):201–15. https://doi.org/10.1586/14779072.2014.867805"
                xsi:type="ED"/>
      </measureAttribute>
   </subjectOf>
   <subjectOf>
      <measureAttribute>
         <code code="DEF" codeSystem="2.16.840.1.113883.5.4">
            <displayName value="Definition"/>
         </code>
         <value mediaType="text/plain" value="None" xsi:type="ED"/>
      </measureAttribute>
   </subjectOf>
   <subjectOf>
      <measureAttribute>
         <code code="GUIDE" codeSystem="2.16.840.1.113883.5.4">
            <displayName value="Guidance"/>
         </code>
         <value mediaType="text/plain"
                value="In order to support the best outcomes for patients and align with other guidelines, PCI device deployment time should be used for calculating the “PCI is performed within 90 minutes of ED arrival” numerator criteria and not the start time of the procedure. This eCQM is an episode-based measure and should be reported for each instance of an ED encounter during the measurement period for patients with a STEMI. This version of the eCQM uses QDM version 5.6. Please refer to the eCQI resource center (https://ecqi.healthit.gov/qdm) for more information on the QDM."
                xsi:type="ED"/>
      </measureAttribute>
   </subjectOf>
   <subjectOf>
      <measureAttribute>
         <code code="TRANF" codeSystem="2.16.840.1.113883.5.4">
            <displayName value="Transmission Format"/>
         </code>
         <value mediaType="text/plain" value="TBD" xsi:type="ED"/>
      </measureAttribute>
   </subjectOf>
   <subjectOf>
      <measureAttribute>
         <code code="IPOP" codeSystem="2.16.840.1.113883.5.4">
            <displayName value="Initial Population"/>
         </code>
         <value mediaType="text/plain"
                value="All emergency department encounters for patients 18 years and older at the start of the encounter with a diagnosis of ST-segment elevation myocardial infarction (STEMI) during an Emergency Department encounter that ends during the measurement period"
                xsi:type="ED"/>
      </measureAttribute>
   </subjectOf>
   <subjectOf>
      <measureAttribute>
         <code code="DENOM" codeSystem="2.16.840.1.113883.5.4">
            <displayName value="Denominator"/>
         </code>
         <value mediaType="text/plain"
                value="Equals Initial Population"
                xsi:type="ED"/>
      </measureAttribute>
   </subjectOf>
   <subjectOf>
      <measureAttribute>
         <code code="DENEX" codeSystem="2.16.840.1.113883.5.4">
            <displayName value="Denominator Exclusions"/>
         </code>
         <value mediaType="text/plain"
                value="Patients with the following conditions are excluded from measure denominator: At some point during ED encounter: - Allergic reaction to alteplase, streptokinase, anistreplase, tenecteplase, or reteplase Starts before the start of ED encounter and does not end before ED encounter: - Bleeding or bleeding diathesis (excluding menses) - Known malignant intracranial neoplasm (primary or metastatic) - Known structural cerebral vascular lesion (e.g., arteriovenous malformation) - Advanced dementia - Pregnancy - Diagnosis of allergy to thrombolytics At the start of ED encounter or within 90 days or less of ED encounter: -Active oral anticoagulant therapy Occurs 24 hours or less before start of ED encounter or during ED encounter: - Aortic dissection or ruptured aortic aneurysm, Angina pectoris with documented spasm, Aneurysm of heart, Ventricular aneurysm due to and following acute myocardial infarction, Takotsubo cardiomyopathy or syndrome - Severe neurologic impairment - Mechanical circulatory assist device placement or removal, including: aortic balloon pump, biventricular assist device, intra-aortic balloon, intra-aortic balloon counterpulsation, intra-aortic counterpulsation balloon pump, left ventricular device, percutaneous ventricular assist device, or ventricular assist device - Intubation, including endotracheal intubation, mechanical ventilation, nasotracheal intubation, or orotracheal intubation - Cardiopulmonary arrest, including: cardiac arrest, cardiopulmonary resuscitation (CPR), defibrillation, respiratory arrest, or ventricular fibrillation (V-fib), ventricular tachycardia (VT), or pulseless electrical activity (PEA); or, traumatic or prolonged (&gt;10 minutes) CPR Occurs 21 days or less before start of or starts during ED encounter: - Major surgery Occurs within 90 days before start of or at start of ED encounter: - Ischemic stroke - Significant facial and/or closed head trauma - Peptic ulcer Occurs 90 days or less before start of ED encounter: - Intracranial or intraspinal surgery With a discharge disposition of patient expired in the ED With a discharge disposition of left against medical advice With documentation of hospice services in the 6 months within start of ED encounter, or active hospice status at start of ED encounter"
                xsi:type="ED"/>
      </measureAttribute>
   </subjectOf>
   <subjectOf>
      <measureAttribute>
         <code code="NUMER" codeSystem="2.16.840.1.113883.5.4">
            <displayName value="Numerator"/>
         </code>
         <value mediaType="text/plain"
                value="Emergency department encounters with a diagnosis of STEMI: - where time from ED arrival to fibrinolysis is 30 minutes or fewer; OR - where PCI is performed within 90 minutes of arrival; OR - where the patient is discharged to an acute care facility within 45 minutes of ED arrival"
                xsi:type="ED"/>
      </measureAttribute>
   </subjectOf>
   <subjectOf>
      <measureAttribute>
         <code code="NUMEX" codeSystem="2.16.840.1.113883.5.4">
            <displayName value="Numerator Exclusions"/>
         </code>
         <value mediaType="text/plain" value="None" xsi:type="ED"/>
      </measureAttribute>
   </subjectOf>
   <subjectOf>
      <measureAttribute>
         <code code="DENEXCEP" codeSystem="2.16.840.1.113883.5.4">
            <displayName value="Denominator Exceptions"/>
         </code>
         <value mediaType="text/plain"
                value="Emergency department encounters where the patient received fibrinolytic therapy at another facility within 24 hours. Emergency department encounters with a documented reason for not administering fibrinolytic therapy within 30 minutes of ED arrival. Emergency department encounters with a documented reason for not performing a PCI within 90 minutes of ED arrival."
                xsi:type="ED"/>
      </measureAttribute>
   </subjectOf>
   <subjectOf>
      <measureAttribute>
         <code code="SDE" codeSystem="2.16.840.1.113883.5.4">
            <displayName value="Supplemental Data Elements"/>
         </code>
         <value mediaType="text/plain"
                value="For every patient evaluated by this measure also identify payer, race, ethnicity and sex"
                xsi:type="ED"/>
      </measureAttribute>
   </subjectOf>
   <componentOf>
      <qualityMeasureSet classCode="ACT">
         <id root="fb8caab1-dc9e-4a95-b14f-4f5dee7c6587"/>
         <title value=""/>
      </qualityMeasureSet>
   </componentOf>
   <!--Data Criteria Section-->
   <component>
      <dataCriteriaSection>
         <templateId>
            <item extension="2021-02-01" root="2.16.840.1.113883.10.20.28.2.6"/>
         </templateId>
         <code code="57025-9" codeSystem="2.16.840.1.113883.6.1"/>
         <title value="Data Criteria Section"/>
         <text/>
         <entry typeCode="DRIV">
            <localVariableName value="Neurologicimpairment_Diagnosis_8j1q9"/>
            <observationCriteria classCode="OBS" moodCode="EVN">
               <templateId>
                  <item extension="2021-02-01" root="2.16.840.1.113883.10.20.28.4.110"/>
               </templateId>
               <id extension="Neurologicimpairment_Diagnosis"
                   root="d60d4565-953d-4ed8-b7d5-74d642ced38d"/>
               <code code="282291009"
                     codeSystem="2.16.840.1.113883.6.96"
                     codeSystemName="SNOMED CT">
                  <displayName value="Diagnosis"/>
               </code>
               <title value="Diagnosis"/>
               <statusCode code="COMPLETED"/>
               <value valueSet="2.16.840.1.113883.3.464.1003.114.12.1012" xsi:type="CD"/>
            </observationCriteria>
         </entry>
         <entry typeCode="DRIV">
            <localVariableName value="FibrinolyticTherapy_MedicationAdministered_EJwOt"/>
            <substanceAdministrationCriteria classCode="SBADM" moodCode="EVN">
               <templateId>
                  <item extension="2021-02-01" root="2.16.840.1.113883.10.20.28.4.45"/>
               </templateId>
               <id extension="FibrinolyticTherapy_MedicationAdministered"
                   root="5b678e0d-009b-4387-8c34-27b9e96b23e6"/>
               <code code="416118004" codeSystem="2.16.840.1.113883.6.96"/>
               <title value="Medication, Administered"/>
               <statusCode code="COMPLETED"/>
               <participation typeCode="CSM">
                  <role classCode="MANU">
                     <playingManufacturedMaterial classCode="MMAT" determinerCode="KIND">
                        <code valueSet="2.16.840.1.113883.3.3157.4019"/>
                     </playingManufacturedMaterial>
                  </role>
               </participation>
            </substanceAdministrationCriteria>
         </entry>
         <entry typeCode="DRIV">
            <localVariableName value="PercutaneousCoronaryIntervention_ProcedureNotPerformed_j2ilD"/>
            <procedureCriteria actionNegationInd="TRUE" classCode="PROC" moodCode="EVN">
               <templateId>
                  <item extension="2021-02-01" root="2.16.840.1.113883.10.20.28.4.67"/>
               </templateId>
               <id extension="PercutaneousCoronaryIntervention_ProcedureNotPerformed"
                   root="429558a3-fb9f-4e66-9144-22351cd066dd"/>
               <code valueSet="2.16.840.1.113883.3.3157.2000.5"/>
               <title value="Procedure, Not Performed"/>
               <statusCode code="COMPLETED"/>
            </procedureCriteria>
         </entry>
         <entry typeCode="DRIV">
            <localVariableName value="OralAnticoagulantMedications_MedicationActive_1V82E"/>
            <substanceAdministrationCriteria classCode="SBADM" moodCode="EVN">
               <templateId>
                  <item extension="2021-02-01" root="2.16.840.1.113883.10.20.28.4.44"/>
               </templateId>
               <id extension="OralAnticoagulantMedications_MedicationActive"
                   root="dc267fe8-ed60-428e-af75-0779b0762a12"/>
               <title value="Medication, Active"/>
               <statusCode code="ACTIVE"/>
               <participation typeCode="CSM">
                  <role classCode="MANU">
                     <playingMaterial classCode="MMAT" determinerCode="KIND">
                        <code valueSet="2.16.840.1.113883.3.3157.4045"/>
                     </playingMaterial>
                  </role>
               </participation>
            </substanceAdministrationCriteria>
         </entry>
         <entry typeCode="DRIV">
            <localVariableName value="ClosedHeadandFacialTrauma_Diagnosis_A0QNw"/>
            <observationCriteria classCode="OBS" moodCode="EVN">
               <templateId>
                  <item extension="2021-02-01" root="2.16.840.1.113883.10.20.28.4.110"/>
               </templateId>
               <id extension="ClosedHeadandFacialTrauma_Diagnosis"
                   root="7418f073-d7c4-4d4e-80cf-2188bb801596"/>
               <code code="282291009"
                     codeSystem="2.16.840.1.113883.6.96"
                     codeSystemName="SNOMED CT">
                  <displayName value="Diagnosis"/>
               </code>
               <title value="Diagnosis"/>
               <statusCode code="COMPLETED"/>
               <value valueSet="2.16.840.1.113883.3.3157.4026" xsi:type="CD"/>
            </observationCriteria>
         </entry>
         <entry typeCode="DRIV">
            <localVariableName value="ActiveBleedingorBleedingDiathesisExcludingMenses_Diagnosis_hvRZY"/>
            <observationCriteria classCode="OBS" moodCode="EVN">
               <templateId>
                  <item extension="2021-02-01" root="2.16.840.1.113883.10.20.28.4.110"/>
               </templateId>
               <id extension="ActiveBleedingorBleedingDiathesisExcludingMenses_Diagnosis"
                   root="0277b90c-0ecb-488b-bef8-a2a1c9bae3d0"/>
               <code code="282291009"
                     codeSystem="2.16.840.1.113883.6.96"
                     codeSystemName="SNOMED CT">
                  <displayName value="Diagnosis"/>
               </code>
               <title value="Diagnosis"/>
               <statusCode code="COMPLETED"/>
               <value valueSet="2.16.840.1.113883.3.3157.4036" xsi:type="CD"/>
            </observationCriteria>
         </entry>
         <entry typeCode="DRIV">
            <localVariableName value="PercutaneousCoronaryIntervention_ProcedurePerformed_pqPxO"/>
            <procedureCriteria classCode="PROC" moodCode="EVN">
               <templateId>
                  <item extension="2021-02-01" root="2.16.840.1.113883.10.20.28.4.67"/>
               </templateId>
               <id extension="PercutaneousCoronaryIntervention_ProcedurePerformed"
                   root="93931bdb-fe84-49a9-900a-79bfb2b12ee0"/>
               <code valueSet="2.16.840.1.113883.3.3157.2000.5"/>
               <title value="Procedure, Performed"/>
               <statusCode code="COMPLETED"/>
            </procedureCriteria>
         </entry>
         <entry typeCode="DRIV">
            <localVariableName value="Race_PatientCharacteristicRace_ylaAk"/>
            <observationCriteria classCode="OBS" moodCode="EVN">
               <templateId>
                  <item extension="2017-05-01" root="2.16.840.1.113883.10.20.28.4.59"/>
               </templateId>
               <id extension="Race_PatientCharacteristicRace"
                   root="d4e7ef2b-99ed-42ad-9543-43a6c00e2477"/>
               <code code="32624-9"
                     codeSystem="2.16.840.1.113883.6.1"
                     codeSystemName="LOINC">
                  <displayName value="Race"/>
               </code>
               <title value="Patient Characteristic Race"/>
               <statusCode code="COMPLETED"/>
               <value valueSet="2.16.840.1.114222.4.11.836" xsi:type="CD"/>
            </observationCriteria>
         </entry>
         <entry typeCode="DRIV">
            <localVariableName value="AorticDissectionorRupturedAorticAneurysm_Diagnosis_uuPCf"/>
            <observationCriteria classCode="OBS" moodCode="EVN">
               <templateId>
                  <item extension="2021-02-01" root="2.16.840.1.113883.10.20.28.4.110"/>
               </templateId>
               <id extension="AorticDissectionorRupturedAorticAneurysm_Diagnosis"
                   root="4d99ab38-6c9a-4d2d-833a-58eccc4ade82"/>
               <code code="282291009"
                     codeSystem="2.16.840.1.113883.6.96"
                     codeSystemName="SNOMED CT">
                  <displayName value="Diagnosis"/>
               </code>
               <title value="Diagnosis"/>
               <statusCode code="COMPLETED"/>
               <value valueSet="2.16.840.1.113883.3.3157.4028" xsi:type="CD"/>
            </observationCriteria>
         </entry>
         <entry typeCode="DRIV">
            <localVariableName value="AcutePepticUlcer_Diagnosis_6Sf3F"/>
            <observationCriteria classCode="OBS" moodCode="EVN">
               <templateId>
                  <item extension="2021-02-01" root="2.16.840.1.113883.10.20.28.4.110"/>
               </templateId>
               <id extension="AcutePepticUlcer_Diagnosis"
                   root="2de637eb-324b-40c8-8a60-f457134013ce"/>
               <code code="282291009"
                     codeSystem="2.16.840.1.113883.6.96"
                     codeSystemName="SNOMED CT">
                  <displayName value="Diagnosis"/>
               </code>
               <title value="Diagnosis"/>
               <statusCode code="COMPLETED"/>
               <value valueSet="2.16.840.1.113883.3.3157.4031" xsi:type="CD"/>
            </observationCriteria>
         </entry>
         <entry typeCode="DRIV">
            <localVariableName value="PayerType_PatientCharacteristicPayer_rAL3u"/>
            <observationCriteria classCode="OBS" moodCode="EVN">
               <templateId>
                  <item extension="2017-05-01" root="2.16.840.1.113883.10.20.28.4.58"/>
               </templateId>
               <id extension="PayerType_PatientCharacteristicPayer"
                   root="afe4f48f-b4ae-4c51-9769-8285254612aa"/>
               <code code="48768-6"
                     codeSystem="2.16.840.1.113883.6.1"
                     codeSystemName="LOINC">
                  <displayName value="Payer Type"/>
               </code>
               <title value="Patient Characteristic Payer"/>
               <statusCode code="COMPLETED"/>
               <value valueSet="2.16.840.1.114222.4.11.3591" xsi:type="CD"/>
            </observationCriteria>
         </entry>
         <entry typeCode="DRIV">
            <localVariableName value="Allergytothrombolytics_Diagnosis_kngm6"/>
            <observationCriteria classCode="OBS" moodCode="EVN">
               <templateId>
                  <item extension="2021-02-01" root="2.16.840.1.113883.10.20.28.4.110"/>
               </templateId>
               <id extension="Allergytothrombolytics_Diagnosis"
                   root="214a202e-1226-4652-9bf5-b57ee7ecfd7d"/>
               <code code="282291009"
                     codeSystem="2.16.840.1.113883.6.96"
                     codeSystemName="SNOMED CT">
                  <displayName value="Diagnosis"/>
               </code>
               <title value="Diagnosis"/>
               <statusCode code="COMPLETED"/>
               <value valueSet="2.16.840.1.113762.1.4.1170.5" xsi:type="CD"/>
            </observationCriteria>
         </entry>
         <entry typeCode="DRIV">
            <localVariableName value="Thrombolyticmedications_AdverseEvent_EZHWp"/>
            <observationCriteria classCode="OBS" moodCode="EVN">
               <templateId>
                  <item extension="2021-02-01" root="2.16.840.1.113883.10.20.28.4.120"/>
               </templateId>
               <id extension="Thrombolyticmedications_AdverseEvent"
                   root="eaadebad-dc17-4b47-9851-b1a2a0d1d27b"/>
               <code code="ASSERTION" codeSystem="2.16.840.1.113883.5.4"/>
               <title value="Adverse Event"/>
               <statusCode code="COMPLETED"/>
               <value code="281647001" codeSystem="2.16.840.1.113883.6.96" xsi:type="CD"/>
               <participation typeCode="CSM">
                  <role classCode="MANU">
                     <playingEntity classCode="MMAT" determinerCode="KIND">
                        <code valueSet="2.16.840.1.113762.1.4.1170.4"/>
                     </playingEntity>
                  </role>
               </participation>
            </observationCriteria>
         </entry>
         <entry typeCode="DRIV">
            <localVariableName value="MajorSurgicalProcedure_ProcedurePerformed_RxYju"/>
            <procedureCriteria classCode="PROC" moodCode="EVN">
               <templateId>
                  <item extension="2021-02-01" root="2.16.840.1.113883.10.20.28.4.67"/>
               </templateId>
               <id extension="MajorSurgicalProcedure_ProcedurePerformed"
                   root="a3f1b528-672a-40fe-9305-e57a9d773480"/>
               <code valueSet="2.16.840.1.113883.3.3157.4056"/>
               <title value="Procedure, Performed"/>
               <statusCode code="COMPLETED"/>
            </procedureCriteria>
         </entry>
         <entry typeCode="DRIV">
            <localVariableName value="MechanicalCirculatoryAssistDevice_ProcedurePerformed_cMM23"/>
            <procedureCriteria classCode="PROC" moodCode="EVN">
               <templateId>
                  <item extension="2021-02-01" root="2.16.840.1.113883.10.20.28.4.67"/>
               </templateId>
               <id extension="MechanicalCirculatoryAssistDevice_ProcedurePerformed"
                   root="76996090-ed19-4272-89f6-5fa4fd766dc8"/>
               <code valueSet="2.16.840.1.113883.3.3157.4052"/>
               <title value="Procedure, Performed"/>
               <statusCode code="COMPLETED"/>
            </procedureCriteria>
         </entry>
         <entry typeCode="DRIV">
            <localVariableName value="CardiopulmonaryEmergency_Diagnosis_hr5Ll"/>
            <observationCriteria classCode="OBS" moodCode="EVN">
               <templateId>
                  <item extension="2021-02-01" root="2.16.840.1.113883.10.20.28.4.110"/>
               </templateId>
               <id extension="CardiopulmonaryEmergency_Diagnosis"
                   root="8219f62e-fd3a-4f3c-a6fe-6e743046284e"/>
               <code code="282291009"
                     codeSystem="2.16.840.1.113883.6.96"
                     codeSystemName="SNOMED CT">
                  <displayName value="Diagnosis"/>
               </code>
               <title value="Diagnosis"/>
               <statusCode code="COMPLETED"/>
               <value valueSet="2.16.840.1.113883.3.3157.4048" xsi:type="CD"/>
            </observationCriteria>
         </entry>
         <entry typeCode="DRIV">
            <localVariableName value="EndotrachealIntubation_ProcedurePerformed_gzFxy"/>
            <procedureCriteria classCode="PROC" moodCode="EVN">
               <templateId>
                  <item extension="2021-02-01" root="2.16.840.1.113883.10.20.28.4.67"/>
               </templateId>
               <id extension="EndotrachealIntubation_ProcedurePerformed"
                   root="b58afc36-19b1-4b7a-b8e4-642f7d15b308"/>
               <code valueSet="2.16.840.1.113762.1.4.1045.69"/>
               <title value="Procedure, Performed"/>
               <statusCode code="COMPLETED"/>
            </procedureCriteria>
         </entry>
         <entry typeCode="DRIV">
            <localVariableName value="FibrinolyticTherapy_MedicationNotAdministered_vcR0s"/>
            <substanceAdministrationCriteria actionNegationInd="TRUE" classCode="SBADM" moodCode="EVN">
               <templateId>
                  <item extension="2021-02-01" root="2.16.840.1.113883.10.20.28.4.45"/>
               </templateId>
               <id extension="FibrinolyticTherapy_MedicationNotAdministered"
                   root="1cf82069-ad0d-4a64-8b1a-11b036f03d5e"/>
               <code code="416118004" codeSystem="2.16.840.1.113883.6.96"/>
               <title value="Medication, Not Administered"/>
               <statusCode code="COMPLETED"/>
               <participation typeCode="CSM">
                  <role classCode="MANU">
                     <playingManufacturedMaterial classCode="MMAT" determinerCode="KIND">
                        <code valueSet="2.16.840.1.113883.3.3157.4019"/>
                     </playingManufacturedMaterial>
                  </role>
               </participation>
            </substanceAdministrationCriteria>
         </entry>
         <entry typeCode="DRIV">
            <localVariableName value="HospiceCareAmbulatory_InterventionOrder_T3cJC"/>
            <actCriteria classCode="ACT" moodCode="RQO">
               <templateId>
                  <item extension="2021-02-01" root="2.16.840.1.113883.10.20.28.4.35"/>
               </templateId>
               <id extension="HospiceCareAmbulatory_InterventionOrder"
                   root="ede3a531-41d2-4257-8c84-f10cf46ba815"/>
               <code valueSet="2.16.840.1.113883.3.526.3.1584"/>
               <title value="Intervention, Order"/>
               <statusCode code="ACTIVE"/>
            </actCriteria>
         </entry>
         <entry typeCode="DRIV">
            <localVariableName value="IschemicStroke_Diagnosis_oSydJ"/>
            <observationCriteria classCode="OBS" moodCode="EVN">
               <templateId>
                  <item extension="2021-02-01" root="2.16.840.1.113883.10.20.28.4.110"/>
               </templateId>
               <id extension="IschemicStroke_Diagnosis"
                   root="da53e3e9-2547-43b1-9b73-5f203af9055f"/>
               <code code="282291009"
                     codeSystem="2.16.840.1.113883.6.96"
                     codeSystemName="SNOMED CT">
                  <displayName value="Diagnosis"/>
               </code>
               <title value="Diagnosis"/>
               <statusCode code="COMPLETED"/>
               <value valueSet="2.16.840.1.113883.3.117.1.7.1.247" xsi:type="CD"/>
            </observationCriteria>
         </entry>
         <entry typeCode="DRIV">
            <localVariableName value="Thrombolyticmedications_Allergy/Intolerance_xZC23"/>
            <observationCriteria classCode="OBS" moodCode="EVN">
               <templateId>
                  <item extension="2021-02-01" root="2.16.840.1.113883.10.20.28.4.119"/>
               </templateId>
               <id extension="Thrombolyticmedications_Allergy/Intolerance"
                   root="6abbcb6b-585a-4f87-ab5c-bee8e6b23074"/>
               <code code="ASSERTION"
                     codeSystem="2.16.840.1.113883.5.4"
                     codeSystemName="ActCode"/>
               <title value="Allergy/Intolerance"/>
               <statusCode code="COMPLETED"/>
               <value code="106190000" codeSystem="2.16.840.1.113883.6.96" xsi:type="CD"/>
               <participation typeCode="CSM">
                  <role classCode="MANU">
                     <playingEntity classCode="MMAT" determinerCode="KIND">
                        <code valueSet="2.16.840.1.113762.1.4.1170.4"/>
                     </playingEntity>
                  </role>
               </participation>
            </observationCriteria>
         </entry>
         <entry typeCode="DRIV">
            <localVariableName value="HospiceCareAmbulatory_InterventionPerformed_OHMPb"/>
            <actCriteria classCode="ACT" moodCode="EVN">
               <templateId>
                  <item extension="2021-02-01" root="2.16.840.1.113883.10.20.28.4.36"/>
               </templateId>
               <id extension="HospiceCareAmbulatory_InterventionPerformed"
                   root="58f55e80-524b-4ccd-802d-5642f91570fa"/>
               <code valueSet="2.16.840.1.113883.3.526.3.1584"/>
               <title value="Intervention, Performed"/>
               <statusCode code="COMPLETED"/>
            </actCriteria>
         </entry>
         <entry typeCode="DRIV">
            <localVariableName value="EncounterInpatient_EncounterPerformed_gCJOq"/>
            <encounterCriteria classCode="ENC" moodCode="EVN">
               <templateId>
                  <item extension="2021-02-01" root="2.16.840.1.113883.10.20.28.4.5"/>
               </templateId>
               <id extension="EncounterInpatient_EncounterPerformed"
                   root="f5ce3c76-cb7d-43d3-9add-a865a6eb9e3a"/>
               <code valueSet="2.16.840.1.113883.3.666.5.307"/>
               <title value="Encounter, Performed"/>
               <statusCode code="COMPLETED"/>
            </encounterCriteria>
         </entry>
         <entry typeCode="DRIV">
            <localVariableName value="STEMI_Diagnosis_3Ryf2"/>
            <observationCriteria classCode="OBS" moodCode="EVN">
               <templateId>
                  <item extension="2021-02-01" root="2.16.840.1.113883.10.20.28.4.110"/>
               </templateId>
               <id extension="STEMI_Diagnosis" root="dd5d70a7-8a08-4444-81a7-2440326c85f9"/>
               <code code="282291009"
                     codeSystem="2.16.840.1.113883.6.96"
                     codeSystemName="SNOMED CT">
                  <displayName value="Diagnosis"/>
               </code>
               <title value="Diagnosis"/>
               <statusCode code="COMPLETED"/>
               <value valueSet="2.16.840.1.113883.3.3157.4017" xsi:type="CD"/>
            </observationCriteria>
         </entry>
         <entry typeCode="DRIV">
            <localVariableName value="CerebralVascularLesion_Diagnosis_WQ61j"/>
            <observationCriteria classCode="OBS" moodCode="EVN">
               <templateId>
                  <item extension="2021-02-01" root="2.16.840.1.113883.10.20.28.4.110"/>
               </templateId>
               <id extension="CerebralVascularLesion_Diagnosis"
                   root="218109d4-a60f-4a82-b6c7-43509b8fde77"/>
               <code code="282291009"
                     codeSystem="2.16.840.1.113883.6.96"
                     codeSystemName="SNOMED CT">
                  <displayName value="Diagnosis"/>
               </code>
               <title value="Diagnosis"/>
               <statusCode code="COMPLETED"/>
               <value valueSet="2.16.840.1.113883.3.3157.4025" xsi:type="CD"/>
            </observationCriteria>
         </entry>
         <entry typeCode="DRIV">
            <localVariableName value="EmergencyDepartmentVisit_EncounterPerformed_5M92l"/>
            <encounterCriteria classCode="ENC" moodCode="EVN">
               <templateId>
                  <item extension="2021-02-01" root="2.16.840.1.113883.10.20.28.4.5"/>
               </templateId>
               <id extension="EmergencyDepartmentVisit_EncounterPerformed"
                   root="595220db-d757-4222-a4b0-16f1bb5eb5d0"/>
               <code valueSet="2.16.840.1.113883.3.117.1.7.1.292"/>
               <title value="Encounter, Performed"/>
               <statusCode code="COMPLETED"/>
            </encounterCriteria>
         </entry>
         <entry typeCode="DRIV">
            <localVariableName value="PregnantState_Diagnosis_n7vKM"/>
            <observationCriteria classCode="OBS" moodCode="EVN">
               <templateId>
                  <item extension="2021-02-01" root="2.16.840.1.113883.10.20.28.4.110"/>
               </templateId>
               <id extension="PregnantState_Diagnosis"
                   root="9d240e69-96f3-46aa-839d-a025340b0a22"/>
               <code code="282291009"
                     codeSystem="2.16.840.1.113883.6.96"
                     codeSystemName="SNOMED CT">
                  <displayName value="Diagnosis"/>
               </code>
               <title value="Diagnosis"/>
               <statusCode code="COMPLETED"/>
               <value valueSet="2.16.840.1.113883.3.3157.4055" xsi:type="CD"/>
            </observationCriteria>
         </entry>
         <entry typeCode="DRIV">
            <localVariableName value="EmergencyDepartmentEvaluationandManagementVisit_EncounterPerformed_q1ENo"/>
            <encounterCriteria classCode="ENC" moodCode="EVN">
               <templateId>
                  <item extension="2021-02-01" root="2.16.840.1.113883.10.20.28.4.5"/>
               </templateId>
               <id extension="EmergencyDepartmentEvaluationandManagementVisit_EncounterPerformed"
                   root="e3219ef6-2396-4bc6-a9ba-4026b4042a21"/>
               <code valueSet="2.16.840.1.113883.3.464.1003.101.12.1010"/>
               <title value="Encounter, Performed"/>
               <statusCode code="COMPLETED"/>
            </encounterCriteria>
         </entry>
         <entry typeCode="DRIV">
            <localVariableName value="IntracranialorIntraspinalsurgery_ProcedurePerformed_pSG8X"/>
            <procedureCriteria classCode="PROC" moodCode="EVN">
               <templateId>
                  <item extension="2021-02-01" root="2.16.840.1.113883.10.20.28.4.67"/>
               </templateId>
               <id extension="IntracranialorIntraspinalsurgery_ProcedurePerformed"
                   root="319e3a3f-6f98-4011-9ed8-9d9ffb45e30f"/>
               <code valueSet="2.16.840.1.113762.1.4.1170.2"/>
               <title value="Procedure, Performed"/>
               <statusCode code="COMPLETED"/>
            </procedureCriteria>
         </entry>
         <entry typeCode="DRIV">
            <localVariableName value="HospiceDiagnosis_Diagnosis_7JDw4"/>
            <observationCriteria classCode="OBS" moodCode="EVN">
               <templateId>
                  <item extension="2021-02-01" root="2.16.840.1.113883.10.20.28.4.110"/>
               </templateId>
               <id extension="HospiceDiagnosis_Diagnosis"
                   root="0f9ea235-fe8a-4253-8a30-a9a8d5d78de4"/>
               <code code="282291009"
                     codeSystem="2.16.840.1.113883.6.96"
                     codeSystemName="SNOMED CT">
                  <displayName value="Diagnosis"/>
               </code>
               <title value="Diagnosis"/>
               <statusCode code="COMPLETED"/>
               <value valueSet="2.16.840.1.113883.3.464.1003.1165" xsi:type="CD"/>
            </observationCriteria>
         </entry>
         <entry typeCode="DRIV">
            <localVariableName value="Ethnicity_PatientCharacteristicEthnicity_5Az9R"/>
            <observationCriteria classCode="OBS" moodCode="EVN">
               <templateId>
                  <item extension="2017-05-01" root="2.16.840.1.113883.10.20.28.4.56"/>
               </templateId>
               <id extension="Ethnicity_PatientCharacteristicEthnicity"
                   root="175101dd-2674-4962-bb01-ce4801da5d7c"/>
               <code code="54133-4"
                     codeSystem="2.16.840.1.113883.6.1"
                     codeSystemName="LOINC">
                  <displayName value="Ethnicity"/>
               </code>
               <title value="Patient Characteristic Ethnicity"/>
               <statusCode code="COMPLETED"/>
               <value valueSet="2.16.840.1.114222.4.11.837" xsi:type="CD"/>
            </observationCriteria>
         </entry>
         <entry typeCode="DRIV">
            <localVariableName value="HospiceEncounter_EncounterPerformed_NGa9I"/>
            <encounterCriteria classCode="ENC" moodCode="EVN">
               <templateId>
                  <item extension="2021-02-01" root="2.16.840.1.113883.10.20.28.4.5"/>
               </templateId>
               <id extension="HospiceEncounter_EncounterPerformed"
                   root="d7a77817-2e8e-404f-8055-9f052f6655c0"/>
               <code valueSet="2.16.840.1.113883.3.464.1003.1003"/>
               <title value="Encounter, Performed"/>
               <statusCode code="COMPLETED"/>
            </encounterCriteria>
         </entry>
         <entry typeCode="DRIV">
            <localVariableName value="DementiaandRelatedIntracranialPathologies_Diagnosis_5TVqB"/>
            <observationCriteria classCode="OBS" moodCode="EVN">
               <templateId>
                  <item extension="2021-02-01" root="2.16.840.1.113883.10.20.28.4.110"/>
               </templateId>
               <id extension="DementiaandRelatedIntracranialPathologies_Diagnosis"
                   root="2e564f6a-ecc2-4aaf-970d-b5f04dacc62f"/>
               <code code="282291009"
                     codeSystem="2.16.840.1.113883.6.96"
                     codeSystemName="SNOMED CT">
                  <displayName value="Diagnosis"/>
               </code>
               <title value="Diagnosis"/>
               <statusCode code="COMPLETED"/>
               <value valueSet="2.16.840.1.113883.3.3157.4043" xsi:type="CD"/>
            </observationCriteria>
         </entry>
         <entry typeCode="DRIV">
            <localVariableName value="FederalAdministrativeSex_PatientCharacteristicSex_DXn5g"/>
            <observationCriteria classCode="OBS" moodCode="EVN">
               <templateId>
                  <item extension="2017-05-01" root="2.16.840.1.113883.10.20.28.4.55"/>
               </templateId>
               <id extension="FederalAdministrativeSex_PatientCharacteristicSex"
                   root="75a8ee7a-a80d-47a8-8066-4218c1999acd"/>
               <code code="263495000"
                     codeSystem="2.16.840.1.113883.6.96"
                     codeSystemName="SNOMED CT">
                  <displayName value="Gender"/>
               </code>
               <title value="Patient Characteristic Sex"/>
               <statusCode code="COMPLETED"/>
               <value valueSet="2.16.840.1.113762.1.4.1021.121" xsi:type="CD"/>
            </observationCriteria>
         </entry>
         <entry typeCode="DRIV">
            <localVariableName value="MalignantIntracranialNeoplasmGroup_Diagnosis_WqgpA"/>
            <observationCriteria classCode="OBS" moodCode="EVN">
               <templateId>
                  <item extension="2021-02-01" root="2.16.840.1.113883.10.20.28.4.110"/>
               </templateId>
               <id extension="MalignantIntracranialNeoplasmGroup_Diagnosis"
                   root="adda833f-ed47-42f9-88aa-703c502a8332"/>
               <code code="282291009"
                     codeSystem="2.16.840.1.113883.6.96"
                     codeSystemName="SNOMED CT">
                  <displayName value="Diagnosis"/>
               </code>
               <title value="Diagnosis"/>
               <statusCode code="COMPLETED"/>
               <value valueSet="2.16.840.1.113762.1.4.1170.3" xsi:type="CD"/>
            </observationCriteria>
         </entry>
         <entry typeCode="DRIV">
            <observationCriteria classCode="OBS" moodCode="EVN">
               <templateId>
                  <item extension="2021-02-01" root="2.16.840.1.113883.10.20.28.4.110"/>
               </templateId>
               <id extension="441541008_Diagnosis"
                   root="f555cf51-11b8-4c75-8509-3bb516be0348"/>
               <code code="282291009"
                     codeSystem="2.16.840.1.113883.6.96"
                     codeSystemName="SNOMED CT">
                  <displayName value="Diagnosis"/>
               </code>
               <title value="Diagnosis"/>
               <statusCode code="COMPLETED"/>
               <value code="441541008"
                      codeSystem="2.16.840.1.113883.6.96"
                      codeSystemName="SNOMEDCT"
                      xsi:type="CD"/>
            </observationCriteria>
         </entry>
         <entry typeCode="DRIV">
            <observationCriteria classCode="OBS" moodCode="EVN">
               <templateId>
                  <item extension="2021-02-01" root="2.16.840.1.113883.10.20.28.4.110"/>
               </templateId>
               <id extension="I25.3_Diagnosis" root="91f83603-5e23-4d8f-9e74-7232edcc7706"/>
               <code code="282291009"
                     codeSystem="2.16.840.1.113883.6.96"
                     codeSystemName="SNOMED CT">
                  <displayName value="Diagnosis"/>
               </code>
               <title value="Diagnosis"/>
               <statusCode code="COMPLETED"/>
               <value code="I25.3"
                      codeSystem="2.16.840.1.113883.6.90"
                      codeSystemName="ICD10CM"
                      xsi:type="CD"/>
            </observationCriteria>
         </entry>
         <entry typeCode="DRIV">
            <observationCriteria classCode="OBS" moodCode="EVN">
               <templateId>
                  <item extension="2021-02-01" root="2.16.840.1.113883.10.20.28.4.110"/>
               </templateId>
               <id extension="I51.81_Diagnosis"
                   root="6fdd678f-47b1-4962-8b6f-8cb3222b5bb0"/>
               <code code="282291009"
                     codeSystem="2.16.840.1.113883.6.96"
                     codeSystemName="SNOMED CT">
                  <displayName value="Diagnosis"/>
               </code>
               <title value="Diagnosis"/>
               <statusCode code="COMPLETED"/>
               <value code="I51.81"
                      codeSystem="2.16.840.1.113883.6.90"
                      codeSystemName="ICD10CM"
                      xsi:type="CD"/>
            </observationCriteria>
         </entry>
         <entry typeCode="DRIV">
            <observationCriteria classCode="OBS" moodCode="EVN">
               <templateId>
                  <item extension="2021-02-01" root="2.16.840.1.113883.10.20.28.4.110"/>
               </templateId>
               <id extension="Z92.82_Diagnosis"
                   root="eea1e239-4dfe-4c14-a93a-69aafccf5d6f"/>
               <code code="282291009"
                     codeSystem="2.16.840.1.113883.6.96"
                     codeSystemName="SNOMED CT">
                  <displayName value="Diagnosis"/>
               </code>
               <title value="Diagnosis"/>
               <statusCode code="COMPLETED"/>
               <value code="Z92.82"
                      codeSystem="2.16.840.1.113883.6.90"
                      codeSystemName="ICD10CM"
                      xsi:type="CD"/>
            </observationCriteria>
         </entry>
         <entry typeCode="DRIV">
            <observationCriteria classCode="OBS" moodCode="EVN">
               <templateId>
                  <item extension="2021-02-01" root="2.16.840.1.113883.10.20.28.4.117"/>
               </templateId>
               <id extension="45755-6_AssessmentPerformed"
                   root="d3f7f6b9-b823-431b-a452-2f18d4c973b6"/>
               <code code="45755-6"
                     codeSystem="2.16.840.1.113883.6.1"
                     codeSystemName="LOINC"/>
               <title value="Assessment, Performed"/>
               <statusCode code="COMPLETED"/>
            </observationCriteria>
         </entry>
         <entry typeCode="DRIV">
            <observationCriteria classCode="OBS" moodCode="EVN">
               <templateId>
                  <item extension="2021-02-01" root="2.16.840.1.113883.10.20.28.4.110"/>
               </templateId>
               <id extension="Z79.01_Diagnosis"
                   root="79a4cf60-19b2-4303-86b9-bf6ee84daf3d"/>
               <code code="282291009"
                     codeSystem="2.16.840.1.113883.6.96"
                     codeSystemName="SNOMED CT">
                  <displayName value="Diagnosis"/>
               </code>
               <title value="Diagnosis"/>
               <statusCode code="COMPLETED"/>
               <value code="Z79.01"
                      codeSystem="2.16.840.1.113883.6.90"
                      codeSystemName="ICD10CM"
                      xsi:type="CD"/>
            </observationCriteria>
         </entry>
         <entry typeCode="DRIV">
            <observationCriteria classCode="OBS" moodCode="EVN">
               <templateId>
                  <item extension="2021-02-01" root="2.16.840.1.113883.10.20.28.4.110"/>
               </templateId>
               <id extension="723858002_Diagnosis"
                   root="0b80b80d-fdd3-4dee-8a8f-eef26a194a57"/>
               <code code="282291009"
                     codeSystem="2.16.840.1.113883.6.96"
                     codeSystemName="SNOMED CT">
                  <displayName value="Diagnosis"/>
               </code>
               <title value="Diagnosis"/>
               <statusCode code="COMPLETED"/>
               <value code="723858002"
                      codeSystem="2.16.840.1.113883.6.96"
                      codeSystemName="SNOMEDCT"
                      xsi:type="CD"/>
            </observationCriteria>
         </entry>
         <entry typeCode="DRIV">
            <observationCriteria classCode="OBS" moodCode="EVN">
               <templateId>
                  <item extension="2021-02-01" root="2.16.840.1.113883.10.20.28.4.110"/>
               </templateId>
               <id extension="I20.1_Diagnosis" root="2006090e-cbff-418e-bd38-e5f2eac4a2e8"/>
               <code code="282291009"
                     codeSystem="2.16.840.1.113883.6.96"
                     codeSystemName="SNOMED CT">
                  <displayName value="Diagnosis"/>
               </code>
               <title value="Diagnosis"/>
               <statusCode code="COMPLETED"/>
               <value code="I20.1"
                      codeSystem="2.16.840.1.113883.6.90"
                      codeSystemName="ICD10CM"
                      xsi:type="CD"/>
            </observationCriteria>
         </entry>
      </dataCriteriaSection>
   </component>
   <component>
      <populationCriteriaSection>
         <templateId>
            <item extension="2017-08-01" root="2.16.840.1.113883.10.20.28.2.7"/>
         </templateId>
         <id extension="PopulationCriteria1"
             root="8e67b8c3-387b-48b0-972b-08ff2b3ed279"/>
         <code code="57026-7" codeSystem="2.16.840.1.113883.6.1"/>
         <title value="Population Criteria Section"/>
         <text/>
         <component typeCode="COMP">
            <initialPopulationCriteria classCode="OBS" moodCode="EVN">
               <id extension="initialPopulation"
                   root="970D6B77-3464-443A-8625-A55D43F9FF8E"/>
               <code code="IPOP"
                     codeSystem="2.16.840.1.113883.5.4"
                     codeSystemName="Act Code"/>
               <precondition typeCode="PRCN">
                  <criteriaReference classCode="OBS" moodCode="EVN">
                     <id extension="CMS996AptTxforSTEMI.&quot;Initial Population&quot;"
                         root="bc0c4aae-f47e-46da-91e8-53e3fbdcbc49"/>
                  </criteriaReference>
               </precondition>
            </initialPopulationCriteria>
         </component>
         <component typeCode="COMP">
            <denominatorCriteria classCode="OBS" moodCode="EVN">
               <id extension="denominator" root="662EBA4E-53FA-4D0A-8BC1-9D1AF5CC5D6D"/>
               <code code="DENOM"
                     codeSystem="2.16.840.1.113883.5.4"
                     codeSystemName="Act Code"/>
               <precondition typeCode="PRCN">
                  <criteriaReference classCode="OBS" moodCode="EVN">
                     <id extension="CMS996AptTxforSTEMI.&quot;Denominator&quot;"
                         root="bc0c4aae-f47e-46da-91e8-53e3fbdcbc49"/>
                  </criteriaReference>
               </precondition>
            </denominatorCriteria>
         </component>
         <component typeCode="COMP">
            <denominatorExclusionCriteria classCode="OBS" moodCode="EVN">
               <id extension="denominatorExclusions"
                   root="5B397562-584F-48DE-843E-4B6197AB2D2D"/>
               <code code="DENEX"
                     codeSystem="2.16.840.1.113883.5.4"
                     codeSystemName="Act Code"/>
               <precondition typeCode="PRCN">
                  <criteriaReference classCode="OBS" moodCode="EVN">
                     <id extension="CMS996AptTxforSTEMI.&quot;Denominator Exclusions&quot;"
                         root="bc0c4aae-f47e-46da-91e8-53e3fbdcbc49"/>
                  </criteriaReference>
               </precondition>
            </denominatorExclusionCriteria>
         </component>
         <component typeCode="COMP">
            <numeratorCriteria classCode="OBS" moodCode="EVN">
               <id extension="numerator" root="A03E0821-4045-4A29-8EA9-97E84BA7BF68"/>
               <code code="NUMER"
                     codeSystem="2.16.840.1.113883.5.4"
                     codeSystemName="Act Code"/>
               <precondition typeCode="PRCN">
                  <criteriaReference classCode="OBS" moodCode="EVN">
                     <id extension="CMS996AptTxforSTEMI.&quot;Numerator&quot;"
                         root="bc0c4aae-f47e-46da-91e8-53e3fbdcbc49"/>
                  </criteriaReference>
               </precondition>
            </numeratorCriteria>
         </component>
         <component typeCode="COMP">
            <denominatorExceptionCriteria classCode="OBS" moodCode="EVN">
               <id extension="denominatorExceptions"
                   root="B1BB87EC-E690-4793-AEC5-5078EC7EC9BA"/>
               <code code="DENEXCEP"
                     codeSystem="2.16.840.1.113883.5.4"
                     codeSystemName="Act Code"/>
               <precondition typeCode="PRCN">
                  <criteriaReference classCode="OBS" moodCode="EVN">
                     <id extension="CMS996AptTxforSTEMI.&quot;Denominator Exceptions&quot;"
                         root="bc0c4aae-f47e-46da-91e8-53e3fbdcbc49"/>
                  </criteriaReference>
               </precondition>
            </denominatorExceptionCriteria>
         </component>
         <component typeCode="COMP">
            <cql-ext:supplementalDataElement>
               <id extension="Supplemental Data Elements"
                   root="a5ea62c8-11c9-47ae-a2ec-171703134424"/>
               <code code="SDE"
                     codeSystem="2.16.840.1.113883.5.4"
                     codeSystemName="Act Code"/>
               <precondition typeCode="PRCN">
                  <criteriaReference classCode="OBS" moodCode="EVN">
                     <id extension="CMS996AptTxforSTEMI.&quot;SDE Sex&quot;"
                         root="bc0c4aae-f47e-46da-91e8-53e3fbdcbc49"/>
                  </criteriaReference>
               </precondition>
            </cql-ext:supplementalDataElement>
         </component>
         <component typeCode="COMP">
            <cql-ext:supplementalDataElement>
               <id extension="Supplemental Data Elements"
                   root="2bb1783c-199f-44bf-8d8a-c21d12119dc7"/>
               <code code="SDE"
                     codeSystem="2.16.840.1.113883.5.4"
                     codeSystemName="Act Code"/>
               <precondition typeCode="PRCN">
                  <criteriaReference classCode="OBS" moodCode="EVN">
                     <id extension="CMS996AptTxforSTEMI.&quot;SDE Payer&quot;"
                         root="bc0c4aae-f47e-46da-91e8-53e3fbdcbc49"/>
                  </criteriaReference>
               </precondition>
            </cql-ext:supplementalDataElement>
         </component>
         <component typeCode="COMP">
            <cql-ext:supplementalDataElement>
               <id extension="Supplemental Data Elements"
                   root="d7c42511-da1c-4b49-b36a-a09fcefe482c"/>
               <code code="SDE"
                     codeSystem="2.16.840.1.113883.5.4"
                     codeSystemName="Act Code"/>
               <precondition typeCode="PRCN">
                  <criteriaReference classCode="OBS" moodCode="EVN">
                     <id extension="CMS996AptTxforSTEMI.&quot;SDE Race&quot;"
                         root="bc0c4aae-f47e-46da-91e8-53e3fbdcbc49"/>
                  </criteriaReference>
               </precondition>
            </cql-ext:supplementalDataElement>
         </component>
         <component typeCode="COMP">
            <cql-ext:supplementalDataElement>
               <id extension="Supplemental Data Elements"
                   root="9a17d901-c015-4d7f-91fc-37f10d531043"/>
               <code code="SDE"
                     codeSystem="2.16.840.1.113883.5.4"
                     codeSystemName="Act Code"/>
               <precondition typeCode="PRCN">
                  <criteriaReference classCode="OBS" moodCode="EVN">
                     <id extension="CMS996AptTxforSTEMI.&quot;SDE Ethnicity&quot;"
                         root="bc0c4aae-f47e-46da-91e8-53e3fbdcbc49"/>
                  </criteriaReference>
               </precondition>
            </cql-ext:supplementalDataElement>
         </component>
      </populationCriteriaSection>
   </component>
</QualityMeasureDocument>
