<?xml version="1.0" encoding="UTF-8" standalone="yes"?>
<QualityMeasureDocument xmlns="urn:hl7-org:v3"
                        xmlns:cql-ext="urn:hhs-cql:hqmf-n1-extensions:v1"
                        xmlns:xsi="http://www.w3.org/2001/XMLSchema-instance">

      <!--
            **************************************************************
            Measure Details Section
            **************************************************************
        -->
   <typeId extension="POQM_HD000001UV02" root="2.16.840.1.113883.1.3"/>
   <templateId>
      <item extension="2021-02-01" root="2.16.840.1.113883.10.20.28.1.2"/>
   </templateId>
   <id root="6eabf62a-209b-4969-829e-04c502db761d"/>
   <code code="57024-2" codeSystem="2.16.840.1.113883.6.1">
      <displayName value="Health Quality Measure Document"/>
   </code>
   <title
          value="Preventive Care and Screening Body Mass Index (BMI) Screening and Follow Up Plan"/>
   <text
         value="Percentage of patients aged 18 years and older with a BMI documented during the current encounter or during the measurement period AND who had a follow-up plan documented if BMI was outside of normal parameters"/>
   <statusCode code="COMPLETED"/>
   <setId root="9a031bb8-3d9b-11e1-8634-00237d5bf174"/>
   <versionNumber value="14.0.000"/>
   <author>
      <responsibleParty classCode="ASSIGNED">
         <representedResponsibleOrganization classCode="ORG" determinerCode="INSTANCE">
            <id>
               <item root="e9606bf4-a69f-11ea-bb37-0242ac130002"/>
            </id>
            <name>
               <item>
                  <part value="American Institutes for Research (AIR)"/>
               </item>
            </name>
         </representedResponsibleOrganization>
      </responsibleParty>
   </author>
   <custodian>
      <responsibleParty classCode="ASSIGNED">
         <representedResponsibleOrganization classCode="ORG" determinerCode="INSTANCE">
            <id>
               <item root="9048cd4c-b61b-11e4-a71e-12e3f512a338"/>
            </id>
            <name>
               <item>
                  <part value="Centers for Medicare &amp; Medicaid Services (CMS)"/>
               </item>
            </name>
         </representedResponsibleOrganization>
      </responsibleParty>
   </custodian>
   <!--Palliative Care Diagnosis-->
   <definition>
      <valueSet classCode="OBS" moodCode="DEF">
         <id root="2.16.840.1.113883.3.464.1003.1167"/>
         <title value="Palliative Care Diagnosis"/>
      </valueSet>
   </definition>
   <!--Federal Administrative Sex-->
   <definition>
      <valueSet classCode="OBS" moodCode="DEF">
         <id root="2.16.840.1.113762.1.4.1021.121"/>
         <title value="Federal Administrative Sex"/>
      </valueSet>
   </definition>
   <!--Hospice Care Ambulatory-->
   <definition>
      <valueSet classCode="OBS" moodCode="DEF">
         <id root="2.16.840.1.113883.3.526.3.1584"/>
         <title value="Hospice Care Ambulatory"/>
      </valueSet>
   </definition>
   <!--Race-->
   <definition>
      <valueSet classCode="OBS" moodCode="DEF">
         <id root="2.16.840.1.114222.4.11.836"/>
         <title value="Race"/>
      </valueSet>
   </definition>
   <!--Follow Up for Below Normal BMI-->
   <definition>
      <valueSet classCode="OBS" moodCode="DEF">
         <id root="2.16.840.1.113883.3.600.1.1528"/>
         <title value="Follow Up for Below Normal BMI"/>
      </valueSet>
   </definition>
   <!--Follow Up for Above Normal BMI-->
   <definition>
      <valueSet classCode="OBS" moodCode="DEF">
         <id root="2.16.840.1.113883.3.600.1.1525"/>
         <title value="Follow Up for Above Normal BMI"/>
      </valueSet>
   </definition>
   <!--Pregnancy-->
   <definition>
      <valueSet classCode="OBS" moodCode="DEF">
         <id root="2.16.840.1.113883.3.526.3.378"/>
         <title value="Pregnancy"/>
      </valueSet>
   </definition>
   <!--Medications for Above Normal BMI-->
   <definition>
      <valueSet classCode="OBS" moodCode="DEF">
         <id root="2.16.840.1.113883.3.526.3.1561"/>
         <title value="Medications for Above Normal BMI"/>
      </valueSet>
   </definition>
   <!--Encounter Inpatient-->
   <definition>
      <valueSet classCode="OBS" moodCode="DEF">
         <id root="2.16.840.1.113883.3.666.5.307"/>
         <title value="Encounter Inpatient"/>
      </valueSet>
   </definition>
   <!--Ethnicity-->
   <definition>
      <valueSet classCode="OBS" moodCode="DEF">
         <id root="2.16.840.1.114222.4.11.837"/>
         <title value="Ethnicity"/>
      </valueSet>
   </definition>
   <!--Palliative Care Encounter-->
   <definition>
      <valueSet classCode="OBS" moodCode="DEF">
         <id root="2.16.840.1.113883.3.464.1003.101.12.1090"/>
         <title value="Palliative Care Encounter"/>
      </valueSet>
   </definition>
   <!--Referrals Where Weight Assessment May Occur-->
   <definition>
      <valueSet classCode="OBS" moodCode="DEF">
         <id root="2.16.840.1.113883.3.600.1.1527"/>
         <title value="Referrals Where Weight Assessment May Occur"/>
      </valueSet>
   </definition>
   <!--Encounter to Evaluate BMI-->
   <definition>
      <valueSet classCode="OBS" moodCode="DEF">
         <id root="2.16.840.1.113883.3.600.1.1751"/>
         <title value="Encounter to Evaluate BMI"/>
      </valueSet>
   </definition>
   <!--Medical Reason-->
   <definition>
      <valueSet classCode="OBS" moodCode="DEF">
         <id root="2.16.840.1.113883.3.526.3.1007"/>
         <title value="Medical Reason"/>
      </valueSet>
   </definition>
   <!--Hospice Encounter-->
   <definition>
      <valueSet classCode="OBS" moodCode="DEF">
         <id root="2.16.840.1.113883.3.464.1003.1003"/>
         <title value="Hospice Encounter"/>
      </valueSet>
   </definition>
   <!--Payer Type-->
   <definition>
      <valueSet classCode="OBS" moodCode="DEF">
         <id root="2.16.840.1.114222.4.11.3591"/>
         <title value="Payer Type"/>
      </valueSet>
   </definition>
   <!--Overweight or Obese-->
   <definition>
      <valueSet classCode="OBS" moodCode="DEF">
         <id root="2.16.840.1.113762.1.4.1047.502"/>
         <title value="Overweight or Obese"/>
      </valueSet>
   </definition>
   <!--Underweight-->
   <definition>
      <valueSet classCode="OBS" moodCode="DEF">
         <id root="2.16.840.1.113883.3.526.3.1563"/>
         <title value="Underweight"/>
      </valueSet>
   </definition>
   <!--Patient Declined-->
   <definition>
      <valueSet classCode="OBS" moodCode="DEF">
         <id root="2.16.840.1.113883.3.526.3.1582"/>
         <title value="Patient Declined"/>
      </valueSet>
   </definition>
   <!--Medications for Below Normal BMI-->
   <definition>
      <valueSet classCode="OBS" moodCode="DEF">
         <id root="2.16.840.1.113883.3.526.3.1562"/>
         <title value="Medications for Below Normal BMI"/>
      </valueSet>
   </definition>
   <!--Palliative Care Intervention-->
   <definition>
      <valueSet classCode="OBS" moodCode="DEF">
         <id root="2.16.840.1.113883.3.464.1003.198.12.1135"/>
         <title value="Palliative Care Intervention"/>
      </valueSet>
   </definition>
   <!--Hospice Diagnosis-->
   <definition>
      <valueSet classCode="OBS" moodCode="DEF">
         <id root="2.16.840.1.113883.3.464.1003.1165"/>
         <title value="Hospice Diagnosis"/>
      </valueSet>
   </definition>
   <!--Yes (qualifier value)- -->
   <definition>
      <cql-ext:code code="373066001"
                    codeSystem="2.16.840.1.113883.6.96"
                    codeSystemName="SNOMEDCT">
         <displayName value="Yes (qualifier value)"/>
      </cql-ext:code>
   </definition>
   <!--Hospice care [Minimum Data Set]- -->
   <definition>
      <cql-ext:code code="45755-6"
                    codeSystem="2.16.840.1.113883.6.1"
                    codeSystemName="LOINC">
         <displayName value="Hospice care [Minimum Data Set]"/>
      </cql-ext:code>
   </definition>
   <!--Discharge to healthcare facility for hospice care (procedure)- -->
   <definition>
      <cql-ext:code code="428371000124100"
                    codeSystem="2.16.840.1.113883.6.96"
                    codeSystemName="SNOMEDCT">
         <displayName value="Discharge to healthcare facility for hospice care (procedure)"/>
      </cql-ext:code>
   </definition>
   <!--Discharge to home for hospice care (procedure)- -->
   <definition>
      <cql-ext:code code="428361000124107"
                    codeSystem="2.16.840.1.113883.6.96"
                    codeSystemName="SNOMEDCT">
         <displayName value="Discharge to home for hospice care (procedure)"/>
      </cql-ext:code>
   </definition>
   <!--virtual- -->
   <definition>
      <cql-ext:code code="VR"
                    codeSystem="2.16.840.1.113883.5.4"
                    codeSystemName="ActCode">
         <displayName value="virtual"/>
      </cql-ext:code>
   </definition>
   <!--Body mass index (BMI) [Ratio]- -->
   <definition>
      <cql-ext:code code="39156-5"
                    codeSystem="2.16.840.1.113883.6.1"
                    codeSystemName="LOINC">
         <displayName value="Body mass index (BMI) [Ratio]"/>
      </cql-ext:code>
   </definition>
   <!--Functional Assessment of Chronic Illness Therapy - Palliative Care Questionnaire (FACIT-Pal)- -->
   <definition>
      <cql-ext:code code="71007-9"
                    codeSystem="2.16.840.1.113883.6.1"
                    codeSystemName="LOINC">
         <displayName value="Functional Assessment of Chronic Illness Therapy - Palliative Care Questionnaire (FACIT-Pal)"/>
      </cql-ext:code>
   </definition>
   <relatedDocument typeCode="COMP">
      <expressionDocument>
         <id root="276651ea-f3ff-4a36-a6d0-bf483baaead8"/>
         <text mediaType="text/cql">
            <reference value="https://madie.cms.gov/libraries/9a031bb8-3d9b-11e1-8634-00237d5bf174/CMS69PCSBMIScreenAndFollowUpQDM-14.0.000.cql"/>
            <translation mediaType="application/elm+xml">
               <reference value="https://madie.cms.gov/libraries/9a031bb8-3d9b-11e1-8634-00237d5bf174/CMS69PCSBMIScreenAndFollowUpQDM-14.0.000.xml"/>
            </translation>
            <translation mediaType="application/elm+json">
               <reference value="https://madie.cms.gov/libraries/9a031bb8-3d9b-11e1-8634-00237d5bf174/CMS69PCSBMIScreenAndFollowUpQDM-14.0.000.json"/>
            </translation>
         </text>
         <setId extension="9a031bb8-3d9b-11e1-8634-00237d5bf174"
                identifierName="CMS69PCSBMIScreenAndFollowUpQDM"
                root="https://madie.cms.gov/libraries"/>
         <versionNumber value="14.0.000"/>
      </expressionDocument>
   </relatedDocument>
   <relatedDocument typeCode="COMP">
      <expressionDocument>
         <id root="004f4157-49c1-4b71-b75e-075240e187be"/>
         <text mediaType="text/cql">
            <reference value="https://madie.cms.gov/libraries/004f4157-49c1-4b71-b75e-075240e187be/HospiceQDM-7.0.000.cql"/>
            <translation mediaType="application/elm+xml">
               <reference value="https://madie.cms.gov/libraries/004f4157-49c1-4b71-b75e-075240e187be/HospiceQDM-7.0.000.xml"/>
            </translation>
            <translation mediaType="application/elm+json">
               <reference value="https://madie.cms.gov/libraries/004f4157-49c1-4b71-b75e-075240e187be/HospiceQDM-7.0.000.json"/>
            </translation>
         </text>
         <setId extension="004f4157-49c1-4b71-b75e-075240e187be"
                identifierName="HospiceQDM"
                root="https://madie.cms.gov/libraries"/>
         <versionNumber value="7.0.000"/>
      </expressionDocument>
   </relatedDocument>
   <relatedDocument typeCode="COMP">
      <expressionDocument>
         <id root="3c02b93a-8d97-4c6a-8407-2d4ba77c1072"/>
         <text mediaType="text/cql">
            <reference value="https://madie.cms.gov/libraries/3c02b93a-8d97-4c6a-8407-2d4ba77c1072/CQMCommonQDM-9.0.000.cql"/>
            <translation mediaType="application/elm+xml">
               <reference value="https://madie.cms.gov/libraries/3c02b93a-8d97-4c6a-8407-2d4ba77c1072/CQMCommonQDM-9.0.000.xml"/>
            </translation>
            <translation mediaType="application/elm+json">
               <reference value="https://madie.cms.gov/libraries/3c02b93a-8d97-4c6a-8407-2d4ba77c1072/CQMCommonQDM-9.0.000.json"/>
            </translation>
         </text>
         <setId extension="3c02b93a-8d97-4c6a-8407-2d4ba77c1072"
                identifierName="CQMCommonQDM"
                root="https://madie.cms.gov/libraries"/>
         <versionNumber value="9.0.000"/>
      </expressionDocument>
   </relatedDocument>
   <relatedDocument typeCode="COMP">
      <expressionDocument>
         <id root="e12add5b-fa65-4546-ba1d-3a585e47bd8e"/>
         <text mediaType="text/cql">
            <reference value="https://madie.cms.gov/libraries/e12add5b-fa65-4546-ba1d-3a585e47bd8e/PalliativeCareQDM-5.0.000.cql"/>
            <translation mediaType="application/elm+xml">
               <reference value="https://madie.cms.gov/libraries/e12add5b-fa65-4546-ba1d-3a585e47bd8e/PalliativeCareQDM-5.0.000.xml"/>
            </translation>
            <translation mediaType="application/elm+json">
               <reference value="https://madie.cms.gov/libraries/e12add5b-fa65-4546-ba1d-3a585e47bd8e/PalliativeCareQDM-5.0.000.json"/>
            </translation>
         </text>
         <setId extension="e12add5b-fa65-4546-ba1d-3a585e47bd8e"
                identifierName="PalliativeCareQDM"
                root="https://madie.cms.gov/libraries"/>
         <versionNumber value="5.0.000"/>
      </expressionDocument>
   </relatedDocument>
   <controlVariable>
      <measurePeriod>
         <id extension="measureperiod" root="5aa8ff8a-68ce-4289-86e4-539cebc6cb13"/>
         <code code="MSRTP" codeSystem="2.16.840.1.113883.5.4">
            <originalText value="Measurement Period"/>
         </code>
         <value highClosed="false" lowClosed="true" xsi:type="IVL_TS">
            <low value="20260101"/>
            <high value="20270101"/>
         </value>
      </measurePeriod>
   </controlVariable>
   <subjectOf>
      <measureAttribute>
         <code nullFlavor="OTH">
            <originalText value="CMS ID"/>
         </code>
         <value mediaType="text/plain" value="69" xsi:type="ED"/>
      </measureAttribute>
   </subjectOf>
   <subjectOf>
      <measureAttribute>
         <code nullFlavor="OTH">
            <originalText value="CBE Number"/>
         </code>
         <value mediaType="text/plain" value="Not Applicable" xsi:type="ED"/>
      </measureAttribute>
   </subjectOf>
   <subjectOf>
      <measureAttribute>
         <code code="COPY" codeSystem="2.16.840.1.113883.5.4">
            <displayName value="Copyright"/>
         </code>
         <value mediaType="text/plain"
                value="This electronic clinical quality measure (Measure) and related data specifications are owned and stewarded by the Centers for Medicare &amp; Medicaid Services (CMS). CMS contracted (Contract # 75FCMC18D0027/ Task Order #: 75FCMC24F0144) with the American Institutes for Research (AIR) to develop this electronic measure. AIR is not responsible for any use of the Measure. AIR makes no representations, warranties, or endorsement about the quality of any organization or physician that uses or reports performance measures and AIR has no liability to anyone who relies on such measures or specifications. Limited proprietary coding is contained in the Measure specifications for user convenience. Users of proprietary code sets should obtain all necessary licenses from the owners of the code sets. AIR disclaims all liability for use or accuracy of any third-party codes contained in the specifications. CPT(R) contained in the Measure specifications is copyright 2004-2024 American Medical Association. LOINC(R) is copyright 2004-2024 Regenstrief Institute, Inc. This material contains SNOMED Clinical Terms(R) (SNOMED CT[R]) copyright 2004-2024 International Health Terminology Standards Development Organisation. ICD-10 is copyright 2024 World Health Organization. All Rights Reserved."
                xsi:type="ED"/>
      </measureAttribute>
   </subjectOf>
   <subjectOf>
      <measureAttribute>
         <code code="DISC" codeSystem="2.16.840.1.113883.5.4">
            <displayName value="Disclaimer"/>
         </code>
         <value mediaType="text/plain"
                value="These performance measures are not clinical guidelines and do not establish a standard of medical care, and have not been tested for all potential applications. THE MEASURES AND SPECIFICATIONS ARE PROVIDED “AS IS” WITHOUT WARRANTY OF ANY KIND. Due to technical limitations, registered trademarks are indicated by (R) or [R] and unregistered trademarks are indicated by (TM) or [TM]."
                xsi:type="ED"/>
      </measureAttribute>
   </subjectOf>
   <subjectOf>
      <measureAttribute>
         <code code="MSRSCORE" codeSystem="2.16.840.1.113883.5.4">
            <displayName value="Measure Scoring"/>
         </code>
         <value code="PROPOR" codeSystem="2.16.840.1.113883.5.1063" xsi:type="CD">
            <displayName value="Proportion"/>
         </value>
      </measureAttribute>
   </subjectOf>
   <subjectOf>
      <measureAttribute>
         <code code="MSRTYPE" codeSystem="2.16.840.1.113883.5.4">
            <displayName value="Measure Type"/>
         </code>
         <value code="PROCESS" codeSystem="2.16.840.1.113883.5.1063" xsi:type="CD">
            <displayName value="Process"/>
         </value>
      </measureAttribute>
   </subjectOf>
   <subjectOf>
      <measureAttribute>
         <code code="STRAT" codeSystem="2.16.840.1.113883.5.4">
            <displayName value="Stratification"/>
         </code>
         <value mediaType="text/plain" value="None" xsi:type="ED"/>
      </measureAttribute>
   </subjectOf>
   <subjectOf>
      <measureAttribute>
         <code code="MSRADJ" codeSystem="2.16.840.1.113883.5.4">
            <displayName value="Risk Adjustment"/>
         </code>
         <value mediaType="text/plain" value="None" xsi:type="ED"/>
      </measureAttribute>
   </subjectOf>
   <subjectOf>
      <measureAttribute>
         <code code="MSRAGG" codeSystem="2.16.840.1.113883.5.4">
            <displayName value="Rate Aggregation"/>
         </code>
         <value mediaType="text/plain" value="None" xsi:type="ED"/>
      </measureAttribute>
   </subjectOf>
   <subjectOf>
      <measureAttribute>
         <code code="RAT" codeSystem="2.16.840.1.113883.5.4">
            <displayName value="Rationale"/>
         </code>
         <value mediaType="text/plain"
                value="BMI Above Normal Parameters “Obesity is a chronic, multifactorial disease with complex psychological, environmental (social and cultural), genetic, physiologic, metabolic, and behavioral causes and consequences. The prevalence of overweight and obese people is increasing worldwide at an alarming rate in both developing and developed countries. Environmental and behavioral changes brought about by economic development, modernization, and urbanization have been linked to the rise in global obesity. The health consequences are becoming apparent” (Fitch et al., 2013). More than a third of United States (U.S.) adults have a body mass index (BMI) &gt;= 30 kg/m2 and are at increased risk for diabetes, cardiovascular disease (CVD), and obstructive sleep apnea (Flegal et al., 2012; Ogden et al., 2015; Dong et al., 2020). Hales et al. (2017) reported that the prevalence of obesity among adults and youth in the U.S. was 39.8 percent and 18.5 percent, respectively, from 2015-2016. Furthermore, the prevalence of obesity in adults increased to 42.4 percent in 2018, with the highest percentage among adults in the 40-59 age bracket compared with other age groups (Hales et al., 2020). Hales et al. (2020) also disaggregated the data according to race/ethnicity and noted that obesity prevalence was higher among non-Hispanic Black adults and Hispanic adults when compared with other races and ethnicities. Obesity prevalence was lowest among non-Hispanic Asian men and women. Among males, obesity prevalence was higher among Hispanic males compared with non-Hispanic Black males and non-Hispanic White males. Among females, the prevalence among non-Hispanic Black females was 56.9 percent, which was higher than all other races/ethnicities. In general, the prevalence of obesity in the U.S. remains higher than the Healthy People 2020 goal of 30.5 percent among adults (Hales et al., 2020). BMI continues to be a common and reasonably reliable measurement to identify overweight and obese adults who may be at an increased risk for future morbidity. Although good quality evidence supports obtaining a BMI, it is important to recognize it is not a perfect measurement. For example, BMI and its associated disease and mortality risk appear to vary among ethnic subgroups. Black/African Americans appear to have the lowest mortality risk at a BMI of 26.2-28.5 kg/m2 in Black women and 27.1-30.2 kg/m2 in Black men. In contrast, Asian populations may experience the lowest mortality rates, starting at a BMI of 23 to 24 kg/m2. The correlation between BMI and diabetes risk also varies by ethnicity (LeBlanc et al., 2011). BMI is not a direct measure of adiposity; consequently, it can over or underestimate adiposity. However, overall, BMI is a derived value that correlates well with total body fat and markers of secondary complications, e.g., hypertension and dyslipidemia (Barlow &amp; the Expert Committee, 2007). It is important to enhance beneficiary access to appropriate treatments for obesity, which could result in decreased healthcare costs and lower obesity rates. Behavioral weight management treatment has been identified as an effective first-line treatment for obesity, with an average initial weight loss of 8-10 percent. This percentage of weight loss is associated with a significant risk reduction for diabetes and CVD (Wadden, Butryn &amp; Wilson, 2007). Evidence also shows that when provided 14 or more high-intensity behavioral intervention sessions of face-to-face individual or group treatment across 6 months, participants lose up to 8 percent of their weight during that time and experience improvements in heart disease risk factors and quality of life (Wadden, Tronieri, &amp; Butryn, 2020). There is also evidence that high-intensity behavioral counseling is effective, whether delivered in-person, by phone, or electronically (Tronieri et al., 2019). Moreover, intensive behavioral therapy for obesity provided by registered dietitian nutritionists for 6-12 months shows a significant mean weight loss of up to 10 percent of body weight, maintained over one year’s time (Raynor &amp; Champagne, 2016). Despite the evidence that supports weight management counseling, the rate of use in primary care for patients with obesity decreased by 10 percent from 39.9 percent in 1995-1996 to 29.9 percent in 2007-2008 (Kraschnewski et al., 2013). Weight management counseling during primary care visits further declined from 33 percent to 21 percent between 2008-2009 and 2012-2013. This suggests that obesity management in primary care remains suboptimal (Fitzpatrick &amp; Stevens, 2017). Therefore, screening for BMI and follow-up is critical and will help in reaching the quality goals of population health and cost reduction. However, due to concerns for other underlying conditions (such as bone health) or nutrition-related deficiencies, providers are cautioned to use their best clinical judgment when considering weight management programs for overweight patients, especially the elderly (National Heart, Lung, and Blood Institute [NHLBI] Obesity Education Initiative, 1998). BMI Below Normal Parameters On the other end of the body weight spectrum is underweight (BMI &lt; 18.5 kg/m2), which is also detrimental to population health. When compared to normal-weight individuals (BMI 18.5-25 kg/m2), underweight individuals have significantly higher death rates with a Hazard Ratio of 2.27 and 95 percent confidence intervals = 1.78, 2.90 (Borrell &amp; Samuel, 2014). Individuals with a BMI &lt; 18.5 kg/m2 have been shown to be at a higher risk for adverse events, postoperative infection, and/or mortality following a surgical procedure (Katakam et al., 2021; Ottesen et al., 2020; Ottesen et al., 2022; Rudasill et al., 2021). BMI below normal parameters is a risk factor for developing severe illness from respiratory infections such as influenza and COVID-19 (Moser et al., 2019; Ye et al., 2021). BMI below normal parameters can negatively impact both male and female fertility (Boutari et al., 2020; Guo et al., 2019). Poor nutrition or underlying health conditions can result in underweight (Fryar &amp; Ogden, 2012). The National Health and Nutrition Examination Survey (NHANES) results from 2007-2010 indicate that women are more likely to be underweight than men (Fryar &amp; Ogden, 2012). However, all patients should be equally screened for underweight and followed up with nutritional counseling or another clinically appropriate intervention to reduce mortality and morbidity associated with underweight."
                xsi:type="ED"/>
      </measureAttribute>
   </subjectOf>
   <subjectOf>
      <measureAttribute>
         <code code="CRS" codeSystem="2.16.840.1.113883.5.4">
            <displayName value="Clinical Recommendation Statement"/>
         </code>
         <value mediaType="text/plain"
                value="All adults should be screened annually using a BMI measurement. BMI measurements &gt;= 25 kg/m2 should be used to initiate further evaluation of overweight or obesity after taking into account age, gender, ethnicity, fluid status, and muscularity; therefore, clinical evaluation and judgment must be used when BMI is employed as the anthropometric indicator of excess adiposity, particularly in athletes and those with sarcopenia (Garvey et al., 2016) (Grade A). Overweight and Underweight Categories: Underweight &lt; 18.5; Normal weight 18.5-24.9; Overweight 25-29.9; Obese class I 30-34.9; Obese class II 35-39.9; Obese class III &gt;= 40 (Garvey et al., 2016). BMI cutoff point value of &gt;= 23 kg/m2 should be used in the screening and confirmation of excess adiposity in Asian adults (Garvey et al., 2016) (Grade B). Lifestyle/behavioral therapy for overweight and obesity should include behavioral interventions that enhance adherence to prescriptions for a reduced-calorie meal plan and increased physical activity (behavioral interventions can include: self-monitoring of weight, food intake, and physical activity; clear and reasonable goal-setting; education pertaining to obesity, nutrition, and physical activity; face-to-face and group meetings; stimulus control; systematic approaches for problem-solving; stress reduction; cognitive restructuring [i.e., cognitive behavioral therapy], motivational interviewing; behavioral contracting; psychological counseling; and mobilization of social support structures) (Garvey et al., 2016) (Grade A). Behavioral lifestyle intervention should be tailored to a patient's ethnic, cultural, socioeconomic, and educational background (Garvey et al., 2016) (Grade B). The U.S. Preventive Services Task Force (USPSTF) recommends that clinicians offer or refer adults with a BMI of 30 kg/m2 or higher to intensive, multicomponent behavioral interventions (USPSTF, 2018) (Grade B). Interventions: - Effective intensive behavioral interventions were designed to help participants achieve or maintain weight loss of at least five percent through a combination of dietary changes and increased physical activity - Most interventions lasted for one to two years, and the majority had at least 12 sessions in the first year - Most behavioral interventions focused on problem-solving to identify barriers, self-monitoring of weight, peer support, and relapse prevention - Interventions also provided tools to support weight loss or weight loss maintenance (e.g., pedometers, food scales, or exercise videos) (USPSTF, 2018) Nutritional safety for the elderly should be considered when recommending weight reduction. &quot;A clinical decision to forego obesity treatment in older adults should be guided by an evaluation of the potential benefits of weight reduction for day-to-day functioning and reduction of the risk of future cardiovascular events, as well as the patient's motivation for weight reduction. Care must be taken to ensure that any weight reduction program minimizes the likelihood of adverse effects on bone health or other aspects of nutritional status&quot; (NHLBI Obesity Education Initiative, 1998) (Evidence Category D). In addition, weight reduction prescriptions in older persons should be accompanied by proper nutritional counseling and regular body weight monitoring (NHLBI Obesity Education Initiative, 1998). The possibility that a standard approach to weight loss will work differently in diverse patient populations must be considered when setting expectations about treatment outcomes (NHLBI Obesity Education Initiative, 1998) (Evidence Category B)."
                xsi:type="ED"/>
      </measureAttribute>
   </subjectOf>
   <subjectOf>
      <measureAttribute>
         <code code="IDUR" codeSystem="2.16.840.1.113883.5.4">
            <displayName value="Improvement Notation"/>
         </code>
         <value mediaType="text/plain"
                value="Higher score indicates better quality"
                xsi:type="ED"/>
      </measureAttribute>
   </subjectOf>
   <subjectOf>
      <measureAttribute>
         <code code="REF" codeSystem="2.16.840.1.113883.5.4">
            <displayName value="Reference"/>
         </code>
         <value mediaType="text/plain"
                value="CITATION Barlow, S. E., &amp; the Expert Committee. (2007). Expert committee recommendations regarding the prevention, assessment, and treatment of child and adolescent overweight and obesity: Summary report. Pediatrics, 120(Suppl. 4), S164-S192. doi:10.1542/peds.2007-2329C"
                xsi:type="ED"/>
      </measureAttribute>
   </subjectOf>
   <subjectOf>
      <measureAttribute>
         <code code="REF" codeSystem="2.16.840.1.113883.5.4">
            <displayName value="Reference"/>
         </code>
         <value mediaType="text/plain"
                value="CITATION Borrell, L. N., &amp; Samuel, L. (2014). Body mass index categories and mortality risk in U.S. adults: The effect of overweight and obesity on advancing death. American Journal of Public Health, 104(3), 512-519. doi:10.2105/AJPH.2013.301597"
                xsi:type="ED"/>
      </measureAttribute>
   </subjectOf>
   <subjectOf>
      <measureAttribute>
         <code code="REF" codeSystem="2.16.840.1.113883.5.4">
            <displayName value="Reference"/>
         </code>
         <value mediaType="text/plain"
                value="CITATION Boutari, C., Pappas, P. D., Mintziori, G., Nigdelis, M. P., Athanasiadis, L., Goulis, D. G., &amp; Mantzoros, C. S. (2020). The effect of underweight on female and male reproduction. Metabolism, 107, 154229. https://doi.org/10.1016/j.metabol.2020.154229"
                xsi:type="ED"/>
      </measureAttribute>
   </subjectOf>
   <subjectOf>
      <measureAttribute>
         <code code="REF" codeSystem="2.16.840.1.113883.5.4">
            <displayName value="Reference"/>
         </code>
         <value mediaType="text/plain"
                value="CITATION Diehr, P., O’Meara, E. S., Fitzpatrick A., Newman, A. B., Kuller, L., &amp; Burke, G. (2008). Weight, mortality, years of healthy life, and active life expectancy in older adults. Journal of the American Geriatrics Society, 56(1), 76-83. https://doi.org/10.1111/j.1532-5415.2007.01500.x"
                xsi:type="ED"/>
      </measureAttribute>
   </subjectOf>
   <subjectOf>
      <measureAttribute>
         <code code="REF" codeSystem="2.16.840.1.113883.5.4">
            <displayName value="Reference"/>
         </code>
         <value mediaType="text/plain"
                value="CITATION Dong, Z., Xu, X., Wang, C., Cartledge, S., Maddison, R., &amp; Mohammed Shariful Islam, S. (2020). Association of overweight and obesity with obstructive sleep apnoea: A systematic review and meta-analysis. Obesity Medicine,17. doi:https://doi.org/10.1016/j.obmed.2020.100185"
                xsi:type="ED"/>
      </measureAttribute>
   </subjectOf>
   <subjectOf>
      <measureAttribute>
         <code code="REF" codeSystem="2.16.840.1.113883.5.4">
            <displayName value="Reference"/>
         </code>
         <value mediaType="text/plain"
                value="CITATION Donini, L. M., Savina, C., Gennaro, E., De Felice, M. R., Rosano, A., Pandolfo, M. M., Del Balzo, V., Cannella, C., Ritz, P., &amp; Chumlea, W. C. (2012). A systematic review of the literature concerning the relationship between obesity and mortality in the elderly. The Journal of Nutrition, Health &amp; Aging, 16(1), 89-98. doi:10.1007/s12603-011-0073-x"
                xsi:type="ED"/>
      </measureAttribute>
   </subjectOf>
   <subjectOf>
      <measureAttribute>
         <code code="REF" codeSystem="2.16.840.1.113883.5.4">
            <displayName value="Reference"/>
         </code>
         <value mediaType="text/plain"
                value="CITATION Fitch, A., Everling, L., Fox, C., Goldberg, J., Heim, C., Johnson, K., Kaufman, T., Kennedy, E., Kestenbaun, C., Lano, M., Leslie, D., Newell, T., O’Connor, P., Slusarek, B., Spaniol, A., Stovitz, S., &amp; Webb, B. (2013). Prevention and management of obesity for adults. Bloomington, MN: Institute for Clinical Systems Improvement."
                xsi:type="ED"/>
      </measureAttribute>
   </subjectOf>
   <subjectOf>
      <measureAttribute>
         <code code="REF" codeSystem="2.16.840.1.113883.5.4">
            <displayName value="Reference"/>
         </code>
         <value mediaType="text/plain"
                value="CITATION Fitzpatrick, S. L., &amp; Stevens, V. J. (2017). Adult obesity management in primary care, 2008-2013. Preventive medicine, 99, 128–133. https://doi.org/10.1016/j.ypmed.2017.02.020"
                xsi:type="ED"/>
      </measureAttribute>
   </subjectOf>
   <subjectOf>
      <measureAttribute>
         <code code="REF" codeSystem="2.16.840.1.113883.5.4">
            <displayName value="Reference"/>
         </code>
         <value mediaType="text/plain"
                value="CITATION Flegal, K. M., Carroll, M. D., Kit, B. K., &amp; Ogden, C. L. (2012). Prevalence of obesity and trends in the distribution of body mass index among U. S. adults, 1999-2010. JAMA, 307(5), 491-497. doi.10.1001/jama.2012.39"
                xsi:type="ED"/>
      </measureAttribute>
   </subjectOf>
   <subjectOf>
      <measureAttribute>
         <code code="REF" codeSystem="2.16.840.1.113883.5.4">
            <displayName value="Reference"/>
         </code>
         <value mediaType="text/plain"
                value="CITATION Fryar, C. D., &amp; Ogden, C. L. (2012). Prevalence of underweight among adults aged 20 and over: United States, 1960-1962 through 2007-2010. Hyattsville, MD: NCHS, Division of Health and Nutrition Examination Surveys. http://www.cdc.gov/nchs/data/hestat/underweight_adult_07_10/underweight_adult_07_10.pdf"
                xsi:type="ED"/>
      </measureAttribute>
   </subjectOf>
   <subjectOf>
      <measureAttribute>
         <code code="REF" codeSystem="2.16.840.1.113883.5.4">
            <displayName value="Reference"/>
         </code>
         <value mediaType="text/plain"
                value="CITATION Garvey, W. T., Mechanick, J. I., Brett, E. M., Garber, A. J., Hurley, D. L., Jastrebodd. A. M., Nadolsky, K., Pessah-Pollack, R., Plodkowski, R., &amp; Reviewers of the AACE/ACE Obesity Clinical Practice Guidelines. (2016). American Association of Clinical Endocrinologists and American College of Endocrinology Comprehensive clinical practice guidelines for medical care of patients with obesity. Endocrine Practice, 22(Suppl. 3), 1-203. https://doi.org/10.4158/EP161365.GL"
                xsi:type="ED"/>
      </measureAttribute>
   </subjectOf>
   <subjectOf>
      <measureAttribute>
         <code code="REF" codeSystem="2.16.840.1.113883.5.4">
            <displayName value="Reference"/>
         </code>
         <value mediaType="text/plain"
                value="CITATION Guo, D., Xu, M., Zhou, Q., Wu, C., Ju, R., &amp; Dai, J. (2019). Is low body mass index a risk factor for semen quality? A PRISMA-compliant meta-analysis. Medicine, 98(32), e16677. https://doi.org/10.1097/MD.0000000000016677"
                xsi:type="ED"/>
      </measureAttribute>
   </subjectOf>
   <subjectOf>
      <measureAttribute>
         <code code="REF" codeSystem="2.16.840.1.113883.5.4">
            <displayName value="Reference"/>
         </code>
         <value mediaType="text/plain"
                value="CITATION Hales, C. M., Carroll, M. D., Fryar, C. D., et al. (2017). Prevalence of obesity among adults and youth: United States, 2015-2016. NCHS Data Brief No. 288. https://www.cdc.gov/nchs/products/databriefs/db288.htm"
                xsi:type="ED"/>
      </measureAttribute>
   </subjectOf>
   <subjectOf>
      <measureAttribute>
         <code code="REF" codeSystem="2.16.840.1.113883.5.4">
            <displayName value="Reference"/>
         </code>
         <value mediaType="text/plain"
                value="CITATION Hales, C. M., Carroll, M. D., Fryar, C. D., &amp; Ogden, C.L. (2020). Prevalence of Obesity and Severe Obesity Among Adults: United States, 2017-2018. NCHS Data Brief No. 360. https://www.cdc.gov/nchs/products/databriefs/db360.htm"
                xsi:type="ED"/>
      </measureAttribute>
   </subjectOf>
   <subjectOf>
      <measureAttribute>
         <code code="REF" codeSystem="2.16.840.1.113883.5.4">
            <displayName value="Reference"/>
         </code>
         <value mediaType="text/plain"
                value="CITATION Holme, I., &amp; Tonstad, S. (2015). Survival in elderly men in relation to midlife and current BMI. Age and Ageing, 44(3), 434-439"
                xsi:type="ED"/>
      </measureAttribute>
   </subjectOf>
   <subjectOf>
      <measureAttribute>
         <code code="REF" codeSystem="2.16.840.1.113883.5.4">
            <displayName value="Reference"/>
         </code>
         <value mediaType="text/plain"
                value="CITATION Katakam, A., Melnic, C. M., Bragdon, C. R., Sauder, N., Collins, A. K., &amp; Bedair, H. S. (2021). Low body mass index is a predictor for mortality and increased length of stay following total joint arthroplasty. The Journal of Arthroplasty, 36(1), 72-77. https://doi.org/10.1016/j.arth.2020.07.055"
                xsi:type="ED"/>
      </measureAttribute>
   </subjectOf>
   <subjectOf>
      <measureAttribute>
         <code code="REF" codeSystem="2.16.840.1.113883.5.4">
            <displayName value="Reference"/>
         </code>
         <value mediaType="text/plain"
                value="CITATION Kraschnewski, J. L., Sciamanna, C. N., Stuckey, H. L., Chuang, C. H., Lehman, E. B., Hwang, K. O., Sherwood, L. L., &amp; Nembhard, H. B. (2013). A silent response to the obesity epidemic: Decline in US physician weight counseling. Medical care, 51(2), 186–192. https://doi.org/10.1097/MLR.0b013e3182726c33"
                xsi:type="ED"/>
      </measureAttribute>
   </subjectOf>
   <subjectOf>
      <measureAttribute>
         <code code="REF" codeSystem="2.16.840.1.113883.5.4">
            <displayName value="Reference"/>
         </code>
         <value mediaType="text/plain"
                value="CITATION LeBlanc, E., O’Connor, E., Whitlock, E. P., Patnode, C., &amp; Kapka, T. (2011). Screening for and management of obesity and overweight in adults (Evidence Report No. 89; AHRQ Publication No. 11-05159-EF-1). Rockville, MD: Agency for Healthcare Research and Quality"
                xsi:type="ED"/>
      </measureAttribute>
   </subjectOf>
   <subjectOf>
      <measureAttribute>
         <code code="REF" codeSystem="2.16.840.1.113883.5.4">
            <displayName value="Reference"/>
         </code>
         <value mediaType="text/plain"
                value="CITATION Moser, J. S., Galindo-Fraga, A., Ortiz-Hernández, A. A., Gu, W., Hunsberger, S., Galán-Herrera, J. F., Guerrero, M. L., Ruiz-Palacios, G. M., Beigel, J. H., &amp; La Red ILI 002 Study Group. (2019). Underweight, overweight, and obesity as independent risk factors for hospitalization in adults and children from influenza and other respiratory viruses. Influenza and Other Respiratory Viruses, 13(1), 3-9. https://doi.org/10.1111/irv.12618"
                xsi:type="ED"/>
      </measureAttribute>
   </subjectOf>
   <subjectOf>
      <measureAttribute>
         <code code="REF" codeSystem="2.16.840.1.113883.5.4">
            <displayName value="Reference"/>
         </code>
         <value mediaType="text/plain"
                value="CITATION NHLBI Obesity Education Initiative. (1998). Clinical guidelines on the identification, evaluation, and treatment of overweight and obesity in adults (Report No. 98-4083). Bethesda, MD: NHLBI"
                xsi:type="ED"/>
      </measureAttribute>
   </subjectOf>
   <subjectOf>
      <measureAttribute>
         <code code="REF" codeSystem="2.16.840.1.113883.5.4">
            <displayName value="Reference"/>
         </code>
         <value mediaType="text/plain"
                value="CITATION Ogden, C.L., Carroll, M.D., Fryar, C.D., &amp; Flegal, K.M. (2015). Prevalence of obesity among adults and youth: United States, 2011–2014. NCHS data brief, no 219. Hyattsville, MD: National Center for Health Statistics. https://www.cdc.gov/nchs/data/databriefs/db219.pdf"
                xsi:type="ED"/>
      </measureAttribute>
   </subjectOf>
   <subjectOf>
      <measureAttribute>
         <code code="REF" codeSystem="2.16.840.1.113883.5.4">
            <displayName value="Reference"/>
         </code>
         <value mediaType="text/plain"
                value="CITATION Ottesen, T. D., Malpani, R., Galivanche, A. R., Zogg, C. K., Varthi, A. G., &amp; Grauer, J. N. (2020). Underweight patients are at just as much risk as super morbidly obese patients when undergoing anterior cervical spine surgery. The Spine Journal: Official Journal of the North American Spine Society, 20(7), 1085-1095. https://doi.org/10.1016/j.spinee.2020.03.007"
                xsi:type="ED"/>
      </measureAttribute>
   </subjectOf>
   <subjectOf>
      <measureAttribute>
         <code code="REF" codeSystem="2.16.840.1.113883.5.4">
            <displayName value="Reference"/>
         </code>
         <value mediaType="text/plain"
                value="CITATION Ottesen, T. D., Galivanche, A. R., Greene, J. D., Malpani, R., Varthi, A. G., &amp; Grauer, J. N. (2022). Underweight patients are the highest risk body mass index group for perioperative adverse events following stand-alone anterior lumbar interbody fusion. The Spine Journal: Official Journal of the North American Spine Society, 22(7), 1139-1148. https://doi.org/10.1016/j.spinee.2022.02.012"
                xsi:type="ED"/>
      </measureAttribute>
   </subjectOf>
   <subjectOf>
      <measureAttribute>
         <code code="REF" codeSystem="2.16.840.1.113883.5.4">
            <displayName value="Reference"/>
         </code>
         <value mediaType="text/plain"
                value="CITATION Raynor, H. A., &amp; Champagne, C. M. (2016). Position of the Academy of Nutrition and Dietetics: Interventions for the treatment of overweight and obesity in adults. Journal of the Academy of Nutrition and Dietetics, 116(1), 129-147. doi:10.1016/jand.2015.10.031"
                xsi:type="ED"/>
      </measureAttribute>
   </subjectOf>
   <subjectOf>
      <measureAttribute>
         <code code="REF" codeSystem="2.16.840.1.113883.5.4">
            <displayName value="Reference"/>
         </code>
         <value mediaType="text/plain"
                value="CITATION Rudasill, S. E., Dillon, D., Karunungan, K., Mardock, A. L., Hadaya, J., Sanaiha, Y., Tran, Z., &amp; Benharash, P. (2021). The obesity paradox: Underweight patients are at the greatest risk of mortality after cholecystectomy. Surgery, 170(3), 675-681. https://doi.org/10.1016/j.surg.2021.03.034"
                xsi:type="ED"/>
      </measureAttribute>
   </subjectOf>
   <subjectOf>
      <measureAttribute>
         <code code="REF" codeSystem="2.16.840.1.113883.5.4">
            <displayName value="Reference"/>
         </code>
         <value mediaType="text/plain"
                value="CITATION Tronieri, J. S., Wadden, T. A., Chao, A. M., &amp; Tsai, A. G. (2019). Primary Care Interventions for Obesity: Review of the Evidence. Current obesity reports, 8(2), 128–136. https://doi.org/10.1007/s13679-019-00341-5"
                xsi:type="ED"/>
      </measureAttribute>
   </subjectOf>
   <subjectOf>
      <measureAttribute>
         <code code="REF" codeSystem="2.16.840.1.113883.5.4">
            <displayName value="Reference"/>
         </code>
         <value mediaType="text/plain"
                value="CITATION U.S. Preventive Services Task Force (USPSTF). (2018). Behavioral weight loss interventions to prevent obesity-related morbidity and mortality in adults: U.S. Preventive Services Task Force recommendation statement. JAMA, 320(11), 1163–1171. doi:10.1001/jama.2018.13022"
                xsi:type="ED"/>
      </measureAttribute>
   </subjectOf>
   <subjectOf>
      <measureAttribute>
         <code code="REF" codeSystem="2.16.840.1.113883.5.4">
            <displayName value="Reference"/>
         </code>
         <value mediaType="text/plain"
                value="CITATION Wadden, T. A, Butryn, M. L., &amp; Wilson, C. (2007). Lifestyle modification for the management of obesity. Gastroenterology, 132 (6), 2226-2238. doi: 10.1053/j.gastro.2007.03.051"
                xsi:type="ED"/>
      </measureAttribute>
   </subjectOf>
   <subjectOf>
      <measureAttribute>
         <code code="REF" codeSystem="2.16.840.1.113883.5.4">
            <displayName value="Reference"/>
         </code>
         <value mediaType="text/plain"
                value="CITATION Wadden, T. A., Tronieri, J. S., &amp; Butryn, M. L. (2020). Lifestyle modification approaches for the treatment of obesity in adults. American Psychologist, 75(2), 235–251"
                xsi:type="ED"/>
      </measureAttribute>
   </subjectOf>
   <subjectOf>
      <measureAttribute>
         <code code="REF" codeSystem="2.16.840.1.113883.5.4">
            <displayName value="Reference"/>
         </code>
         <value mediaType="text/plain"
                value="CITATION Ye, P., Pang, R., Li, L., Li, H. R., Liu, S. L., &amp; Zhao, L. (2021). Both underweight and obesity are associated with an increased risk of coronavirus disease 2019 (COVID-19) severity. Frontiers in Nutrition, 8, 649422. https://doi.org/10.3389/fnut.2021.649422"
                xsi:type="ED"/>
      </measureAttribute>
   </subjectOf>
   <subjectOf>
      <measureAttribute>
         <code code="DEF" codeSystem="2.16.840.1.113883.5.4">
            <displayName value="Definition"/>
         </code>
         <value mediaType="text/plain"
                value="Normal BMI Parameters: Age 18 years and older BMI &gt;= 18.5 and &lt; 25 kg/m2. BMI - Body mass index (BMI) is a number calculated using the Quetelet index: weight divided by height squared (W/H2) and is commonly used to classify weight categories. BMI can be calculated using: Metric Units: BMI = Weight (kg) / (Height (m) x Height (m)) OR English Units: BMI = Weight (lbs) / (Height (in) x Height (in)) x 703 Follow-Up Plan - Proposed outline of treatment to be conducted as a result of a BMI outside of normal parameters. A follow-up plan may include but is not limited to, documentation of education, referral (for example, to a registered dietitian nutritionist, occupational therapist, physical therapist, primary care provider, exercise physiologist, mental health professional, or surgeon) for lifestyle/behavioral therapy, pharmacological interventions, dietary supplements, exercise counseling, and/or nutrition counseling."
                xsi:type="ED"/>
      </measureAttribute>
   </subjectOf>
   <subjectOf>
      <measureAttribute>
         <code code="GUIDE" codeSystem="2.16.840.1.113883.5.4">
            <displayName value="Guidance"/>
         </code>
         <value mediaType="text/plain"
                value="This eCQM is a patient-based measure. This measure is to be reported a minimum of once per measurement period for patients seen during the measurement period. This measure may be reported by eligible clinicians who perform the quality actions described in the measure based on the services provided at the time of the qualifying encounter or during the measurement period and the measure-specific denominator coding. Telehealth encounters are not eligible for this measure because the measure requires a clinical action that cannot be conducted via telehealth. BMI Measurement Guidance: - Height and Weight - An eligible clinician or their staff is required to measure both height and weight. Both height and weight must be measured during the measurement period. Self-reported values cannot be used. - The BMI may be documented in the provider's medical record or outside medical records obtained by the provider. - If the documented BMI is outside of normal parameters, then a follow-up plan is documented during the encounter or measurement period. - If more than one BMI is reported during the measurement period, and any of the documented BMI assessments is outside of normal parameters, documentation of an appropriate follow-up plan will be used to determine if performance has been met. - Review the exclusions and exceptions criteria to determine those patients that BMI measurement may not be appropriate or necessary. Follow-Up Plan Guidance: The documented follow-up plan must be based on the documented BMI, outside of normal parameters, for example: &quot;Patient referred to nutrition counseling for BMI above or below normal parameters.&quot; See the Definition section for examples of follow-up plan treatments. Variation has been noted in studies exploring optimal BMI ranges for the elderly (see Donini et al., 2012; Holme &amp; Tonstad, 2015; Diehr et al., 2008). Notably, however, all these studies have arrived at ranges that differ from the standard range for ages 18 and older, which is &gt;= 18.5 and &lt; 25 kg/m2. For instance, both Donini et al. and Holme and Tonstad reported findings that suggest that a higher BMI (higher than the upper end of 25 kg/m2) in the elderly may be beneficial. Similarly, worse outcomes have been associated with being underweight (at a threshold higher than 18.5 kg/m2) at age 65 (Diehr et al., 2008). Because of optimal BMI range variation recommendations from these studies, no specific optimal BMI range for the elderly is used. However, exempting certain patients from a follow-up plan may be appropriate by applying the exception criteria. See Denominator Exception section for examples. Denominator Exception Guidance: If a patient meets exception criteria for the denominator (i.e., the patient refuses height or weight measurement or has a documented medical reason for not documenting BMI or a follow-up plan), an eligible clinician must document those criteria on the same day as the qualifying encounter. This version of the eCQM uses QDM version 5.6. Please refer to the eCQI resource center (https://ecqi.healthit.gov/qdm) for more information on the QDM."
                xsi:type="ED"/>
      </measureAttribute>
   </subjectOf>
   <subjectOf>
      <measureAttribute>
         <code code="TRANF" codeSystem="2.16.840.1.113883.5.4">
            <displayName value="Transmission Format"/>
         </code>
         <value mediaType="text/plain" value="TBD" xsi:type="ED"/>
      </measureAttribute>
   </subjectOf>
   <subjectOf>
      <measureAttribute>
         <code code="IPOP" codeSystem="2.16.840.1.113883.5.4">
            <displayName value="Initial Population"/>
         </code>
         <value mediaType="text/plain"
                value="All patients aged 18 and older on the date of the encounter with at least one qualifying encounter during the measurement period"
                xsi:type="ED"/>
      </measureAttribute>
   </subjectOf>
   <subjectOf>
      <measureAttribute>
         <code code="DENOM" codeSystem="2.16.840.1.113883.5.4">
            <displayName value="Denominator"/>
         </code>
         <value mediaType="text/plain"
                value="Equals Initial Population"
                xsi:type="ED"/>
      </measureAttribute>
   </subjectOf>
   <subjectOf>
      <measureAttribute>
         <code code="DENEX" codeSystem="2.16.840.1.113883.5.4">
            <displayName value="Denominator Exclusions"/>
         </code>
         <value mediaType="text/plain"
                value="Patients who are pregnant at any time during the measurement period. Patients receiving palliative or hospice care at any time during the measurement period."
                xsi:type="ED"/>
      </measureAttribute>
   </subjectOf>
   <subjectOf>
      <measureAttribute>
         <code code="NUMER" codeSystem="2.16.840.1.113883.5.4">
            <displayName value="Numerator"/>
         </code>
         <value mediaType="text/plain"
                value="Patients with a documented BMI during the encounter or during the measurement period, AND when the BMI is outside of normal parameters, a follow-up plan is documented during the encounter or during the measurement period"
                xsi:type="ED"/>
      </measureAttribute>
   </subjectOf>
   <subjectOf>
      <measureAttribute>
         <code code="NUMEX" codeSystem="2.16.840.1.113883.5.4">
            <displayName value="Numerator Exclusions"/>
         </code>
         <value mediaType="text/plain" value="None" xsi:type="ED"/>
      </measureAttribute>
   </subjectOf>
   <subjectOf>
      <measureAttribute>
         <code code="DENEXCEP" codeSystem="2.16.840.1.113883.5.4">
            <displayName value="Denominator Exceptions"/>
         </code>
         <value mediaType="text/plain"
                value="Patients with a documented medical reason for not documenting BMI or for not documenting a follow-up plan for a BMI outside normal parameters (e.g., elderly patients 65 years of age or older for whom weight reduction/weight gain would complicate other underlying health conditions such as illness or physical disability, mental illness, dementia, confusion, or nutritional deficiency such as vitamin/mineral deficiency; patients in an urgent or emergent medical situation where time is of the essence and to delay treatment would jeopardize the patient’s health status). Patients who refuse measurement of height and/or weight."
                xsi:type="ED"/>
      </measureAttribute>
   </subjectOf>
   <subjectOf>
      <measureAttribute>
         <code code="SDE" codeSystem="2.16.840.1.113883.5.4">
            <displayName value="Supplemental Data Elements"/>
         </code>
         <value mediaType="text/plain"
                value="For every patient evaluated by this measure also identify payer, race, ethnicity and sex"
                xsi:type="ED"/>
      </measureAttribute>
   </subjectOf>
   <componentOf>
      <qualityMeasureSet classCode="ACT">
         <id root="9a031bb8-3d9b-11e1-8634-00237d5bf174"/>
         <title value="None"/>
      </qualityMeasureSet>
   </componentOf>
   <!--Data Criteria Section-->
   <component>
      <dataCriteriaSection>
         <templateId>
            <item extension="2021-02-01" root="2.16.840.1.113883.10.20.28.2.6"/>
         </templateId>
         <code code="57025-9" codeSystem="2.16.840.1.113883.6.1"/>
         <title value="Data Criteria Section"/>
         <text/>
         <entry typeCode="DRIV">
            <localVariableName value="PalliativeCareDiagnosis_Diagnosis_Anda4"/>
            <observationCriteria classCode="OBS" moodCode="EVN">
               <templateId>
                  <item extension="2021-02-01" root="2.16.840.1.113883.10.20.28.4.110"/>
               </templateId>
               <id extension="PalliativeCareDiagnosis_Diagnosis"
                   root="81c40118-d089-4849-9ece-cfc62dc4b0eb"/>
               <code code="282291009"
                     codeSystem="2.16.840.1.113883.6.96"
                     codeSystemName="SNOMED CT">
                  <displayName value="Diagnosis"/>
               </code>
               <title value="Diagnosis"/>
               <statusCode code="COMPLETED"/>
               <value valueSet="2.16.840.1.113883.3.464.1003.1167" xsi:type="CD"/>
            </observationCriteria>
         </entry>
         <entry typeCode="DRIV">
            <localVariableName value="FederalAdministrativeSex_PatientCharacteristicSex_9r5hj"/>
            <observationCriteria classCode="OBS" moodCode="EVN">
               <templateId>
                  <item extension="2017-05-01" root="2.16.840.1.113883.10.20.28.4.55"/>
               </templateId>
               <id extension="FederalAdministrativeSex_PatientCharacteristicSex"
                   root="e3c7c4e8-9480-4f99-88c1-cc24ea5ca78d"/>
               <code code="263495000"
                     codeSystem="2.16.840.1.113883.6.96"
                     codeSystemName="SNOMED CT">
                  <displayName value="Gender"/>
               </code>
               <title value="Patient Characteristic Sex"/>
               <statusCode code="COMPLETED"/>
               <value valueSet="2.16.840.1.113762.1.4.1021.121" xsi:type="CD"/>
            </observationCriteria>
         </entry>
         <entry typeCode="DRIV">
            <localVariableName value="HospiceCareAmbulatory_InterventionOrder_x6Ldz"/>
            <actCriteria classCode="ACT" moodCode="RQO">
               <templateId>
                  <item extension="2021-02-01" root="2.16.840.1.113883.10.20.28.4.35"/>
               </templateId>
               <id extension="HospiceCareAmbulatory_InterventionOrder"
                   root="82cbc8ee-110a-4717-89fc-feda8eec2030"/>
               <code valueSet="2.16.840.1.113883.3.526.3.1584"/>
               <title value="Intervention, Order"/>
               <statusCode code="ACTIVE"/>
            </actCriteria>
         </entry>
         <entry typeCode="DRIV">
            <localVariableName value="Race_PatientCharacteristicRace_44TDH"/>
            <observationCriteria classCode="OBS" moodCode="EVN">
               <templateId>
                  <item extension="2017-05-01" root="2.16.840.1.113883.10.20.28.4.59"/>
               </templateId>
               <id extension="Race_PatientCharacteristicRace"
                   root="e645ef1e-5529-480e-890c-c9b180fec048"/>
               <code code="32624-9"
                     codeSystem="2.16.840.1.113883.6.1"
                     codeSystemName="LOINC">
                  <displayName value="Race"/>
               </code>
               <title value="Patient Characteristic Race"/>
               <statusCode code="COMPLETED"/>
               <value valueSet="2.16.840.1.114222.4.11.836" xsi:type="CD"/>
            </observationCriteria>
         </entry>
         <entry typeCode="DRIV">
            <localVariableName value="FollowUpforBelowNormalBMI_InterventionNotPerformed_m0ca6"/>
            <actCriteria actionNegationInd="TRUE" classCode="ACT" moodCode="EVN">
               <templateId>
                  <item extension="2021-02-01" root="2.16.840.1.113883.10.20.28.4.36"/>
               </templateId>
               <id extension="FollowUpforBelowNormalBMI_InterventionNotPerformed"
                   root="df8a7518-3cdd-4cc7-82e1-7f2040b46664"/>
               <code valueSet="2.16.840.1.113883.3.600.1.1528"/>
               <title value="Intervention, Not Performed"/>
               <statusCode code="COMPLETED"/>
            </actCriteria>
         </entry>
         <entry typeCode="DRIV">
            <localVariableName value="FollowUpforAboveNormalBMI_InterventionPerformed_S1ivk"/>
            <actCriteria classCode="ACT" moodCode="EVN">
               <templateId>
                  <item extension="2021-02-01" root="2.16.840.1.113883.10.20.28.4.36"/>
               </templateId>
               <id extension="FollowUpforAboveNormalBMI_InterventionPerformed"
                   root="3b648de1-2b42-400f-a933-e11f09abdfb2"/>
               <code valueSet="2.16.840.1.113883.3.600.1.1525"/>
               <title value="Intervention, Performed"/>
               <statusCode code="COMPLETED"/>
            </actCriteria>
         </entry>
         <entry typeCode="DRIV">
            <localVariableName value="HospiceCareAmbulatory_InterventionPerformed_AMSJb"/>
            <actCriteria classCode="ACT" moodCode="EVN">
               <templateId>
                  <item extension="2021-02-01" root="2.16.840.1.113883.10.20.28.4.36"/>
               </templateId>
               <id extension="HospiceCareAmbulatory_InterventionPerformed"
                   root="d0000798-0251-42f3-ae46-5ea1cff6c34d"/>
               <code valueSet="2.16.840.1.113883.3.526.3.1584"/>
               <title value="Intervention, Performed"/>
               <statusCode code="COMPLETED"/>
            </actCriteria>
         </entry>
         <entry typeCode="DRIV">
            <localVariableName value="Pregnancy_Diagnosis_QWDIr"/>
            <observationCriteria classCode="OBS" moodCode="EVN">
               <templateId>
                  <item extension="2021-02-01" root="2.16.840.1.113883.10.20.28.4.110"/>
               </templateId>
               <id extension="Pregnancy_Diagnosis"
                   root="2e9b6cc6-a4d1-421d-982f-162788ad4536"/>
               <code code="282291009"
                     codeSystem="2.16.840.1.113883.6.96"
                     codeSystemName="SNOMED CT">
                  <displayName value="Diagnosis"/>
               </code>
               <title value="Diagnosis"/>
               <statusCode code="COMPLETED"/>
               <value valueSet="2.16.840.1.113883.3.526.3.378" xsi:type="CD"/>
            </observationCriteria>
         </entry>
         <entry typeCode="DRIV">
            <localVariableName value="MedicationsforAboveNormalBMI_MedicationNotOrdered_nieb4"/>
            <substanceAdministrationCriteria actionNegationInd="TRUE" classCode="SBADM" moodCode="RQO">
               <templateId>
                  <item extension="2021-02-01" root="2.16.840.1.113883.10.20.28.4.51"/>
               </templateId>
               <id extension="MedicationsforAboveNormalBMI_MedicationNotOrdered"
                   root="2fd239ed-4e51-4efe-8219-31f5b02c3916"/>
               <title value="Medication, Not Ordered"/>
               <statusCode code="ACTIVE"/>
               <participation typeCode="CSM">
                  <role classCode="MANU">
                     <playingMaterial classCode="MMAT" determinerCode="KIND">
                        <code valueSet="2.16.840.1.113883.3.526.3.1561"/>
                     </playingMaterial>
                  </role>
               </participation>
            </substanceAdministrationCriteria>
         </entry>
         <entry typeCode="DRIV">
            <localVariableName value="EncounterInpatient_EncounterPerformed_ta88g"/>
            <encounterCriteria classCode="ENC" moodCode="EVN">
               <templateId>
                  <item extension="2021-02-01" root="2.16.840.1.113883.10.20.28.4.5"/>
               </templateId>
               <id extension="EncounterInpatient_EncounterPerformed"
                   root="78cf6e01-a46b-48c3-9ab7-5eb986e1233e"/>
               <code valueSet="2.16.840.1.113883.3.666.5.307"/>
               <title value="Encounter, Performed"/>
               <statusCode code="COMPLETED"/>
            </encounterCriteria>
         </entry>
         <entry typeCode="DRIV">
            <localVariableName value="FollowUpforBelowNormalBMI_InterventionPerformed_sXToj"/>
            <actCriteria classCode="ACT" moodCode="EVN">
               <templateId>
                  <item extension="2021-02-01" root="2.16.840.1.113883.10.20.28.4.36"/>
               </templateId>
               <id extension="FollowUpforBelowNormalBMI_InterventionPerformed"
                   root="3fead721-2ce9-4364-9ed7-dbd6c5efcbc6"/>
               <code valueSet="2.16.840.1.113883.3.600.1.1528"/>
               <title value="Intervention, Performed"/>
               <statusCode code="COMPLETED"/>
            </actCriteria>
         </entry>
         <entry typeCode="DRIV">
            <localVariableName value="Ethnicity_PatientCharacteristicEthnicity_jsCTW"/>
            <observationCriteria classCode="OBS" moodCode="EVN">
               <templateId>
                  <item extension="2017-05-01" root="2.16.840.1.113883.10.20.28.4.56"/>
               </templateId>
               <id extension="Ethnicity_PatientCharacteristicEthnicity"
                   root="149af01f-116f-41ff-90c9-4d09489ce8f6"/>
               <code code="54133-4"
                     codeSystem="2.16.840.1.113883.6.1"
                     codeSystemName="LOINC">
                  <displayName value="Ethnicity"/>
               </code>
               <title value="Patient Characteristic Ethnicity"/>
               <statusCode code="COMPLETED"/>
               <value valueSet="2.16.840.1.114222.4.11.837" xsi:type="CD"/>
            </observationCriteria>
         </entry>
         <entry typeCode="DRIV">
            <localVariableName value="PalliativeCareEncounter_EncounterPerformed_UKOH5"/>
            <encounterCriteria classCode="ENC" moodCode="EVN">
               <templateId>
                  <item extension="2021-02-01" root="2.16.840.1.113883.10.20.28.4.5"/>
               </templateId>
               <id extension="PalliativeCareEncounter_EncounterPerformed"
                   root="c047a0e4-50fc-4c0a-b4ad-3bb0665a1bd1"/>
               <code valueSet="2.16.840.1.113883.3.464.1003.101.12.1090"/>
               <title value="Encounter, Performed"/>
               <statusCode code="COMPLETED"/>
            </encounterCriteria>
         </entry>
         <entry typeCode="DRIV">
            <localVariableName value="ReferralsWhereWeightAssessmentMayOccur_InterventionNotOrdered_ZVKYG"/>
            <actCriteria actionNegationInd="TRUE" classCode="ACT" moodCode="RQO">
               <templateId>
                  <item extension="2021-02-01" root="2.16.840.1.113883.10.20.28.4.35"/>
               </templateId>
               <id extension="ReferralsWhereWeightAssessmentMayOccur_InterventionNotOrdered"
                   root="d9bad370-4a64-44f1-b9a6-4df1b3776644"/>
               <code valueSet="2.16.840.1.113883.3.600.1.1527"/>
               <title value="Intervention, Not Ordered"/>
               <statusCode code="ACTIVE"/>
            </actCriteria>
         </entry>
         <entry typeCode="DRIV">
            <localVariableName value="EncountertoEvaluateBMI_EncounterPerformed_qo6ji"/>
            <encounterCriteria classCode="ENC" moodCode="EVN">
               <templateId>
                  <item extension="2021-02-01" root="2.16.840.1.113883.10.20.28.4.5"/>
               </templateId>
               <id extension="EncountertoEvaluateBMI_EncounterPerformed"
                   root="772cb3a5-6f66-4aba-818c-ad99f80cf8a8"/>
               <code valueSet="2.16.840.1.113883.3.600.1.1751"/>
               <title value="Encounter, Performed"/>
               <statusCode code="COMPLETED"/>
            </encounterCriteria>
         </entry>
         <entry typeCode="DRIV">
            <localVariableName value="HospiceEncounter_EncounterPerformed_U0VBy"/>
            <encounterCriteria classCode="ENC" moodCode="EVN">
               <templateId>
                  <item extension="2021-02-01" root="2.16.840.1.113883.10.20.28.4.5"/>
               </templateId>
               <id extension="HospiceEncounter_EncounterPerformed"
                   root="b513823f-33e6-49eb-a0a5-5f3e1d973fb1"/>
               <code valueSet="2.16.840.1.113883.3.464.1003.1003"/>
               <title value="Encounter, Performed"/>
               <statusCode code="COMPLETED"/>
            </encounterCriteria>
         </entry>
         <entry typeCode="DRIV">
            <localVariableName value="PayerType_PatientCharacteristicPayer_0eFbu"/>
            <observationCriteria classCode="OBS" moodCode="EVN">
               <templateId>
                  <item extension="2017-05-01" root="2.16.840.1.113883.10.20.28.4.58"/>
               </templateId>
               <id extension="PayerType_PatientCharacteristicPayer"
                   root="c6fa6a84-8ac6-43b5-88cf-238b0fa1698c"/>
               <code code="48768-6"
                     codeSystem="2.16.840.1.113883.6.1"
                     codeSystemName="LOINC">
                  <displayName value="Payer Type"/>
               </code>
               <title value="Patient Characteristic Payer"/>
               <statusCode code="COMPLETED"/>
               <value valueSet="2.16.840.1.114222.4.11.3591" xsi:type="CD"/>
            </observationCriteria>
         </entry>
         <entry typeCode="DRIV">
            <localVariableName value="ReferralsWhereWeightAssessmentMayOccur_InterventionOrder_ebR0Z"/>
            <actCriteria classCode="ACT" moodCode="RQO">
               <templateId>
                  <item extension="2021-02-01" root="2.16.840.1.113883.10.20.28.4.35"/>
               </templateId>
               <id extension="ReferralsWhereWeightAssessmentMayOccur_InterventionOrder"
                   root="9bc26fc2-d9af-433c-b4e6-972cf6f35602"/>
               <code valueSet="2.16.840.1.113883.3.600.1.1527"/>
               <title value="Intervention, Order"/>
               <statusCode code="ACTIVE"/>
            </actCriteria>
         </entry>
         <entry typeCode="DRIV">
            <localVariableName value="FollowUpforAboveNormalBMI_InterventionNotPerformed_aK1l5"/>
            <actCriteria actionNegationInd="TRUE" classCode="ACT" moodCode="EVN">
               <templateId>
                  <item extension="2021-02-01" root="2.16.840.1.113883.10.20.28.4.36"/>
               </templateId>
               <id extension="FollowUpforAboveNormalBMI_InterventionNotPerformed"
                   root="2f358fcf-74b1-44ca-b790-68f6b96286d0"/>
               <code valueSet="2.16.840.1.113883.3.600.1.1525"/>
               <title value="Intervention, Not Performed"/>
               <statusCode code="COMPLETED"/>
            </actCriteria>
         </entry>
         <entry typeCode="DRIV">
            <localVariableName value="MedicationsforAboveNormalBMI_MedicationOrder_VpFEh"/>
            <substanceAdministrationCriteria classCode="SBADM" moodCode="RQO">
               <templateId>
                  <item extension="2021-02-01" root="2.16.840.1.113883.10.20.28.4.51"/>
               </templateId>
               <id extension="MedicationsforAboveNormalBMI_MedicationOrder"
                   root="1d1cc08c-dd4b-446a-9f3f-28e4a288623f"/>
               <title value="Medication, Order"/>
               <statusCode code="ACTIVE"/>
               <participation typeCode="CSM">
                  <role classCode="MANU">
                     <playingMaterial classCode="MMAT" determinerCode="KIND">
                        <code valueSet="2.16.840.1.113883.3.526.3.1561"/>
                     </playingMaterial>
                  </role>
               </participation>
            </substanceAdministrationCriteria>
         </entry>
         <entry typeCode="DRIV">
            <localVariableName value="FollowUpforBelowNormalBMI_InterventionOrder_TzQM8"/>
            <actCriteria classCode="ACT" moodCode="RQO">
               <templateId>
                  <item extension="2021-02-01" root="2.16.840.1.113883.10.20.28.4.35"/>
               </templateId>
               <id extension="FollowUpforBelowNormalBMI_InterventionOrder"
                   root="6f517959-b986-472c-b949-b74fbc1e2b94"/>
               <code valueSet="2.16.840.1.113883.3.600.1.1528"/>
               <title value="Intervention, Order"/>
               <statusCode code="ACTIVE"/>
            </actCriteria>
         </entry>
         <entry typeCode="DRIV">
            <localVariableName value="OverweightorObese_Diagnosis_8E5NF"/>
            <observationCriteria classCode="OBS" moodCode="EVN">
               <templateId>
                  <item extension="2021-02-01" root="2.16.840.1.113883.10.20.28.4.110"/>
               </templateId>
               <id extension="OverweightorObese_Diagnosis"
                   root="1af1dee2-5b1f-4101-9b42-6d79fc8e6bf9"/>
               <code code="282291009"
                     codeSystem="2.16.840.1.113883.6.96"
                     codeSystemName="SNOMED CT">
                  <displayName value="Diagnosis"/>
               </code>
               <title value="Diagnosis"/>
               <statusCode code="COMPLETED"/>
               <value valueSet="2.16.840.1.113762.1.4.1047.502" xsi:type="CD"/>
            </observationCriteria>
         </entry>
         <entry typeCode="DRIV">
            <localVariableName value="Underweight_Diagnosis_Ts3hd"/>
            <observationCriteria classCode="OBS" moodCode="EVN">
               <templateId>
                  <item extension="2021-02-01" root="2.16.840.1.113883.10.20.28.4.110"/>
               </templateId>
               <id extension="Underweight_Diagnosis"
                   root="d3d53584-a1de-4865-8f2e-78b86a2e9a97"/>
               <code code="282291009"
                     codeSystem="2.16.840.1.113883.6.96"
                     codeSystemName="SNOMED CT">
                  <displayName value="Diagnosis"/>
               </code>
               <title value="Diagnosis"/>
               <statusCode code="COMPLETED"/>
               <value valueSet="2.16.840.1.113883.3.526.3.1563" xsi:type="CD"/>
            </observationCriteria>
         </entry>
         <entry typeCode="DRIV">
            <localVariableName value="FollowUpforBelowNormalBMI_InterventionNotOrdered_tG79V"/>
            <actCriteria actionNegationInd="TRUE" classCode="ACT" moodCode="RQO">
               <templateId>
                  <item extension="2021-02-01" root="2.16.840.1.113883.10.20.28.4.35"/>
               </templateId>
               <id extension="FollowUpforBelowNormalBMI_InterventionNotOrdered"
                   root="b3300dde-a728-4651-b450-c328bca21f92"/>
               <code valueSet="2.16.840.1.113883.3.600.1.1528"/>
               <title value="Intervention, Not Ordered"/>
               <statusCode code="ACTIVE"/>
            </actCriteria>
         </entry>
         <entry typeCode="DRIV">
            <localVariableName value="MedicationsforBelowNormalBMI_MedicationNotOrdered_FKIgA"/>
            <substanceAdministrationCriteria actionNegationInd="TRUE" classCode="SBADM" moodCode="RQO">
               <templateId>
                  <item extension="2021-02-01" root="2.16.840.1.113883.10.20.28.4.51"/>
               </templateId>
               <id extension="MedicationsforBelowNormalBMI_MedicationNotOrdered"
                   root="db8f277d-eac7-4141-b414-fc82e718c2f3"/>
               <title value="Medication, Not Ordered"/>
               <statusCode code="ACTIVE"/>
               <participation typeCode="CSM">
                  <role classCode="MANU">
                     <playingMaterial classCode="MMAT" determinerCode="KIND">
                        <code valueSet="2.16.840.1.113883.3.526.3.1562"/>
                     </playingMaterial>
                  </role>
               </participation>
            </substanceAdministrationCriteria>
         </entry>
         <entry typeCode="DRIV">
            <localVariableName value="MedicationsforBelowNormalBMI_MedicationOrder_vTvvp"/>
            <substanceAdministrationCriteria classCode="SBADM" moodCode="RQO">
               <templateId>
                  <item extension="2021-02-01" root="2.16.840.1.113883.10.20.28.4.51"/>
               </templateId>
               <id extension="MedicationsforBelowNormalBMI_MedicationOrder"
                   root="2ca55931-b51a-49c5-a9da-011c8315028c"/>
               <title value="Medication, Order"/>
               <statusCode code="ACTIVE"/>
               <participation typeCode="CSM">
                  <role classCode="MANU">
                     <playingMaterial classCode="MMAT" determinerCode="KIND">
                        <code valueSet="2.16.840.1.113883.3.526.3.1562"/>
                     </playingMaterial>
                  </role>
               </participation>
            </substanceAdministrationCriteria>
         </entry>
         <entry typeCode="DRIV">
            <localVariableName value="PalliativeCareIntervention_InterventionPerformed_ZSoaS"/>
            <actCriteria classCode="ACT" moodCode="EVN">
               <templateId>
                  <item extension="2021-02-01" root="2.16.840.1.113883.10.20.28.4.36"/>
               </templateId>
               <id extension="PalliativeCareIntervention_InterventionPerformed"
                   root="cd60ede6-409c-410f-afe0-91a714dd1d6e"/>
               <code valueSet="2.16.840.1.113883.3.464.1003.198.12.1135"/>
               <title value="Intervention, Performed"/>
               <statusCode code="COMPLETED"/>
            </actCriteria>
         </entry>
         <entry typeCode="DRIV">
            <localVariableName value="FollowUpforAboveNormalBMI_InterventionOrder_Sq66M"/>
            <actCriteria classCode="ACT" moodCode="RQO">
               <templateId>
                  <item extension="2021-02-01" root="2.16.840.1.113883.10.20.28.4.35"/>
               </templateId>
               <id extension="FollowUpforAboveNormalBMI_InterventionOrder"
                   root="302a6c92-ad45-492f-bd0f-5bdf680a7333"/>
               <code valueSet="2.16.840.1.113883.3.600.1.1525"/>
               <title value="Intervention, Order"/>
               <statusCode code="ACTIVE"/>
            </actCriteria>
         </entry>
         <entry typeCode="DRIV">
            <localVariableName value="FollowUpforAboveNormalBMI_InterventionNotOrdered_0eBFH"/>
            <actCriteria actionNegationInd="TRUE" classCode="ACT" moodCode="RQO">
               <templateId>
                  <item extension="2021-02-01" root="2.16.840.1.113883.10.20.28.4.35"/>
               </templateId>
               <id extension="FollowUpforAboveNormalBMI_InterventionNotOrdered"
                   root="39dcb176-a935-4812-a1e9-400f72e16931"/>
               <code valueSet="2.16.840.1.113883.3.600.1.1525"/>
               <title value="Intervention, Not Ordered"/>
               <statusCode code="ACTIVE"/>
            </actCriteria>
         </entry>
         <entry typeCode="DRIV">
            <localVariableName value="HospiceDiagnosis_Diagnosis_mWhPN"/>
            <observationCriteria classCode="OBS" moodCode="EVN">
               <templateId>
                  <item extension="2021-02-01" root="2.16.840.1.113883.10.20.28.4.110"/>
               </templateId>
               <id extension="HospiceDiagnosis_Diagnosis"
                   root="4a01d493-feec-43dc-8c76-428c1c0b5be6"/>
               <code code="282291009"
                     codeSystem="2.16.840.1.113883.6.96"
                     codeSystemName="SNOMED CT">
                  <displayName value="Diagnosis"/>
               </code>
               <title value="Diagnosis"/>
               <statusCode code="COMPLETED"/>
               <value valueSet="2.16.840.1.113883.3.464.1003.1165" xsi:type="CD"/>
            </observationCriteria>
         </entry>
         <entry typeCode="DRIV">
            <observationCriteria classCode="OBS" moodCode="EVN">
               <templateId>
                  <item extension="2021-02-01" root="2.16.840.1.113883.10.20.28.4.117"/>
               </templateId>
               <id extension="45755-6_AssessmentPerformed"
                   root="033e1d7a-83f0-4b6b-a91c-3cf553480d9c"/>
               <code code="45755-6"
                     codeSystem="2.16.840.1.113883.6.1"
                     codeSystemName="LOINC"/>
               <title value="Assessment, Performed"/>
               <statusCode code="COMPLETED"/>
            </observationCriteria>
         </entry>
         <entry typeCode="DRIV">
            <observationCriteria actionNegationInd="TRUE" classCode="OBS" moodCode="EVN">
               <templateId>
                  <item extension="2021-02-01" root="2.16.840.1.113883.10.20.28.4.62"/>
               </templateId>
               <id extension="39156-5_PhysicalExamNotPerformed"
                   root="a8a22036-47b7-45aa-a903-dbcb19a12936"/>
               <code code="5880005"
                     codeSystem="2.16.840.1.113883.6.96"
                     codeSystemName="SNOMED CT">
                  <displayName value="physical examination"/>
               </code>
               <title value="Physical Exam, Not Performed"/>
               <statusCode code="COMPLETED"/>
               <value code="39156-5"
                      codeSystem="2.16.840.1.113883.6.1"
                      codeSystemName="LOINC"
                      xsi:type="CD"/>
            </observationCriteria>
         </entry>
         <entry typeCode="DRIV">
            <observationCriteria classCode="OBS" moodCode="EVN">
               <templateId>
                  <item extension="2021-02-01" root="2.16.840.1.113883.10.20.28.4.62"/>
               </templateId>
               <id extension="39156-5_PhysicalExamPerformed"
                   root="4efd0c43-fef5-4028-abee-b29f824d2b91"/>
               <code code="5880005"
                     codeSystem="2.16.840.1.113883.6.96"
                     codeSystemName="SNOMED CT">
                  <displayName value="physical examination"/>
               </code>
               <title value="Physical Exam, Performed"/>
               <statusCode code="COMPLETED"/>
               <value code="39156-5"
                      codeSystem="2.16.840.1.113883.6.1"
                      codeSystemName="LOINC"
                      xsi:type="CD"/>
            </observationCriteria>
         </entry>
         <entry typeCode="DRIV">
            <observationCriteria classCode="OBS" moodCode="EVN">
               <templateId>
                  <item extension="2021-02-01" root="2.16.840.1.113883.10.20.28.4.117"/>
               </templateId>
               <id extension="71007-9_AssessmentPerformed"
                   root="ec3b68d1-6d54-4883-90f1-a2f281176696"/>
               <code code="71007-9"
                     codeSystem="2.16.840.1.113883.6.1"
                     codeSystemName="LOINC"/>
               <title value="Assessment, Performed"/>
               <statusCode code="COMPLETED"/>
            </observationCriteria>
         </entry>
      </dataCriteriaSection>
   </component>
   <component>
      <populationCriteriaSection>
         <templateId>
            <item extension="2017-08-01" root="2.16.840.1.113883.10.20.28.2.7"/>
         </templateId>
         <id extension="PopulationCriteria1"
             root="dea83309-d73b-43da-af04-e1b1214b9c4d"/>
         <code code="57026-7" codeSystem="2.16.840.1.113883.6.1"/>
         <title value="Population Criteria Section"/>
         <text/>
         <component typeCode="COMP">
            <initialPopulationCriteria classCode="OBS" moodCode="EVN">
               <id extension="initialPopulation"
                   root="5A321168-A454-4BD9-B82E-A403B009DE8F"/>
               <code code="IPOP"
                     codeSystem="2.16.840.1.113883.5.4"
                     codeSystemName="Act Code"/>
               <precondition typeCode="PRCN">
                  <criteriaReference classCode="OBS" moodCode="EVN">
                     <id extension="CMS69PCSBMIScreenAndFollowUpQDM.&quot;Initial Population&quot;"
                         root="276651ea-f3ff-4a36-a6d0-bf483baaead8"/>
                  </criteriaReference>
               </precondition>
            </initialPopulationCriteria>
         </component>
         <component typeCode="COMP">
            <denominatorCriteria classCode="OBS" moodCode="EVN">
               <id extension="denominator" root="7980B172-09ED-4A0C-B29C-D652DB845BF5"/>
               <code code="DENOM"
                     codeSystem="2.16.840.1.113883.5.4"
                     codeSystemName="Act Code"/>
               <precondition typeCode="PRCN">
                  <criteriaReference classCode="OBS" moodCode="EVN">
                     <id extension="CMS69PCSBMIScreenAndFollowUpQDM.&quot;Denominator&quot;"
                         root="276651ea-f3ff-4a36-a6d0-bf483baaead8"/>
                  </criteriaReference>
               </precondition>
            </denominatorCriteria>
         </component>
         <component typeCode="COMP">
            <denominatorExclusionCriteria classCode="OBS" moodCode="EVN">
               <id extension="denominatorExclusions"
                   root="50128A04-F2DD-4B6D-A078-B16904431CEC"/>
               <code code="DENEX"
                     codeSystem="2.16.840.1.113883.5.4"
                     codeSystemName="Act Code"/>
               <precondition typeCode="PRCN">
                  <criteriaReference classCode="OBS" moodCode="EVN">
                     <id extension="CMS69PCSBMIScreenAndFollowUpQDM.&quot;Denominator Exclusions&quot;"
                         root="276651ea-f3ff-4a36-a6d0-bf483baaead8"/>
                  </criteriaReference>
               </precondition>
            </denominatorExclusionCriteria>
         </component>
         <component typeCode="COMP">
            <numeratorCriteria classCode="OBS" moodCode="EVN">
               <id extension="numerator" root="5AF09C9B-07A3-4BF4-A366-7AEA9C934050"/>
               <code code="NUMER"
                     codeSystem="2.16.840.1.113883.5.4"
                     codeSystemName="Act Code"/>
               <precondition typeCode="PRCN">
                  <criteriaReference classCode="OBS" moodCode="EVN">
                     <id extension="CMS69PCSBMIScreenAndFollowUpQDM.&quot;Numerator&quot;"
                         root="276651ea-f3ff-4a36-a6d0-bf483baaead8"/>
                  </criteriaReference>
               </precondition>
            </numeratorCriteria>
         </component>
         <component typeCode="COMP">
            <denominatorExceptionCriteria classCode="OBS" moodCode="EVN">
               <id extension="denominatorExceptions"
                   root="5509373E-4ACA-4B71-8E56-E42BBB1A3880"/>
               <code code="DENEXCEP"
                     codeSystem="2.16.840.1.113883.5.4"
                     codeSystemName="Act Code"/>
               <precondition typeCode="PRCN">
                  <criteriaReference classCode="OBS" moodCode="EVN">
                     <id extension="CMS69PCSBMIScreenAndFollowUpQDM.&quot;Denominator Exceptions&quot;"
                         root="276651ea-f3ff-4a36-a6d0-bf483baaead8"/>
                  </criteriaReference>
               </precondition>
            </denominatorExceptionCriteria>
         </component>
         <component typeCode="COMP">
            <cql-ext:supplementalDataElement>
               <id extension="Supplemental Data Elements"
                   root="1e06b1a6-27f2-41b8-9c13-d15246586c22"/>
               <code code="SDE"
                     codeSystem="2.16.840.1.113883.5.4"
                     codeSystemName="Act Code"/>
               <precondition typeCode="PRCN">
                  <criteriaReference classCode="OBS" moodCode="EVN">
                     <id extension="CMS69PCSBMIScreenAndFollowUpQDM.&quot;SDE Sex&quot;"
                         root="276651ea-f3ff-4a36-a6d0-bf483baaead8"/>
                  </criteriaReference>
               </precondition>
            </cql-ext:supplementalDataElement>
         </component>
         <component typeCode="COMP">
            <cql-ext:supplementalDataElement>
               <id extension="Supplemental Data Elements"
                   root="f082905d-298a-43e5-96e5-4463f11effd0"/>
               <code code="SDE"
                     codeSystem="2.16.840.1.113883.5.4"
                     codeSystemName="Act Code"/>
               <precondition typeCode="PRCN">
                  <criteriaReference classCode="OBS" moodCode="EVN">
                     <id extension="CMS69PCSBMIScreenAndFollowUpQDM.&quot;SDE Race&quot;"
                         root="276651ea-f3ff-4a36-a6d0-bf483baaead8"/>
                  </criteriaReference>
               </precondition>
            </cql-ext:supplementalDataElement>
         </component>
         <component typeCode="COMP">
            <cql-ext:supplementalDataElement>
               <id extension="Supplemental Data Elements"
                   root="9ee50544-6f0a-4737-bcef-9a08191cb7c6"/>
               <code code="SDE"
                     codeSystem="2.16.840.1.113883.5.4"
                     codeSystemName="Act Code"/>
               <precondition typeCode="PRCN">
                  <criteriaReference classCode="OBS" moodCode="EVN">
                     <id extension="CMS69PCSBMIScreenAndFollowUpQDM.&quot;SDE Ethnicity&quot;"
                         root="276651ea-f3ff-4a36-a6d0-bf483baaead8"/>
                  </criteriaReference>
               </precondition>
            </cql-ext:supplementalDataElement>
         </component>
         <component typeCode="COMP">
            <cql-ext:supplementalDataElement>
               <id extension="Supplemental Data Elements"
                   root="e1a40c86-9021-4468-8b14-7e791259f3e2"/>
               <code code="SDE"
                     codeSystem="2.16.840.1.113883.5.4"
                     codeSystemName="Act Code"/>
               <precondition typeCode="PRCN">
                  <criteriaReference classCode="OBS" moodCode="EVN">
                     <id extension="CMS69PCSBMIScreenAndFollowUpQDM.&quot;SDE Payer&quot;"
                         root="276651ea-f3ff-4a36-a6d0-bf483baaead8"/>
                  </criteriaReference>
               </precondition>
            </cql-ext:supplementalDataElement>
         </component>
      </populationCriteriaSection>
   </component>
</QualityMeasureDocument>
