<?xml version="1.0" encoding="UTF-8" standalone="yes"?>
<QualityMeasureDocument xmlns="urn:hl7-org:v3" xmlns:cql-ext="urn:hhs-cql:hqmf-n1-extensions:v1"
                        xmlns:xsi="http://www.w3.org/2001/XMLSchema-instance">

      <!--
            **************************************************************
            Measure Details Section
            **************************************************************
        -->

      <typeId extension="POQM_HD000001UV02" root="2.16.840.1.113883.1.3"/>
   <templateId>
      <item extension="2021-02-01" root="2.16.840.1.113883.10.20.28.1.2"/>
   </templateId>
   <id root="2c928082-86db-6718-0186-ec153eff0520"/>
   <code code="57024-2" codeSystem="2.16.840.1.113883.6.1">
      <displayName value="Health Quality Measure Document"/>
   </code>
   <title value="Dementia: Cognitive Assessment"/>
   <text
         value="Percentage of patients, regardless of age, with a diagnosis of dementia for whom an assessment of cognition is performed and the results reviewed at least once within a 12-month period"/>
   <statusCode code="COMPLETED"/>
   <setId root="7c443b9b-1ad1-4467-b527-defc445701ff"/>
   <versionNumber value="12.2.000"/>
   <author>
      <responsibleParty classCode="ASSIGNED">
         <representedResponsibleOrganization classCode="ORG" determinerCode="INSTANCE">
            <id>
               <item root="2.16.840.1.113883.1544"/>
            </id>
            <name>
               <item>
                  <part value="American Academy of Neurology"/>
               </item>
            </name>
         </representedResponsibleOrganization>
      </responsibleParty>
   </author>
   <author>
      <responsibleParty classCode="ASSIGNED">
         <representedResponsibleOrganization classCode="ORG" determinerCode="INSTANCE">
            <id>
               <item root="d041e15c-a7a0-41b8-be5b-87340ecd14bc"/>
            </id>
            <name>
               <item>
                  <part value="American Medical Association (AMA)"/>
               </item>
            </name>
         </representedResponsibleOrganization>
      </responsibleParty>
   </author>
   <author>
      <responsibleParty classCode="ASSIGNED">
         <representedResponsibleOrganization classCode="ORG" determinerCode="INSTANCE">
            <id>
               <item root="83e9797c-adec-4446-8c35-3ffd5d981c66"/>
            </id>
            <name>
               <item>
                  <part value="PCPI(R) Foundation (PCPI[R])"/>
               </item>
            </name>
         </representedResponsibleOrganization>
      </responsibleParty>
   </author>
   <custodian>
      <responsibleParty classCode="ASSIGNED">
         <representedResponsibleOrganization classCode="ORG" determinerCode="INSTANCE">
            <id>
               <item root="10"/>
            </id>
            <name>
               <item>
                  <part value="American Academy of Neurology"/>
               </item>
            </name>
         </representedResponsibleOrganization>
      </responsibleParty>
   </custodian>
   <verifier>
      <responsibleParty classCode="ASSIGNED">
         <representedResponsibleOrganization classCode="ORG" determinerCode="INSTANCE">
            <id>
               <item root="2.16.840.1.113883.3.560"/>
            </id>
            <name>
               <item>
                  <part value="National Quality Forum"/>
               </item>
            </name>
         </representedResponsibleOrganization>
      </responsibleParty>
   </verifier>
   <!--Care Services in Long Term Residential Facility-->
     	 <definition>
      <valueSet classCode="OBS" moodCode="DEF">
         <id root="2.16.840.1.113883.3.464.1003.101.12.1014"/>
         <title value="Care Services in Long Term Residential Facility"/>
      </valueSet>
   </definition>
   <!--Payer-->
     	 <definition>
      <valueSet classCode="OBS" moodCode="DEF">
         <id root="2.16.840.1.114222.4.11.3591"/>
         <title value="Payer"/>
      </valueSet>
   </definition>
   <!--ONC Administrative Sex-->
     	 <definition>
      <valueSet classCode="OBS" moodCode="DEF">
         <id root="2.16.840.1.113762.1.4.1"/>
         <title value="ONC Administrative Sex"/>
      </valueSet>
   </definition>
   <!--Behavioral/Neuropsych Assessment-->
     	 <definition>
      <valueSet classCode="OBS" moodCode="DEF">
         <id root="2.16.840.1.113883.3.526.3.1023"/>
         <title value="Behavioral/Neuropsych Assessment"/>
      </valueSet>
   </definition>
   <!--Outpatient Consultation-->
     	 <definition>
      <valueSet classCode="OBS" moodCode="DEF">
         <id root="2.16.840.1.113883.3.464.1003.101.12.1008"/>
         <title value="Outpatient Consultation"/>
      </valueSet>
   </definition>
   <!--Standardized Tools Score for Assessment of Cognition-->
     	 <definition>
      <valueSet classCode="OBS" moodCode="DEF">
         <id root="2.16.840.1.113883.3.526.3.1006"/>
         <title value="Standardized Tools Score for Assessment of Cognition"/>
      </valueSet>
   </definition>
   <!--Dementia & Mental Degenerations-->
     	 <definition>
      <valueSet classCode="OBS" moodCode="DEF">
         <id root="2.16.840.1.113883.3.526.3.1005"/>
         <title value="Dementia &amp; Mental Degenerations"/>
      </valueSet>
   </definition>
   <!--Psych Visit Diagnostic Evaluation-->
     	 <definition>
      <valueSet classCode="OBS" moodCode="DEF">
         <id root="2.16.840.1.113883.3.526.3.1492"/>
         <title value="Psych Visit Diagnostic Evaluation"/>
      </valueSet>
   </definition>
   <!--Psych Visit Psychotherapy-->
     	 <definition>
      <valueSet classCode="OBS" moodCode="DEF">
         <id root="2.16.840.1.113883.3.526.3.1496"/>
         <title value="Psych Visit Psychotherapy"/>
      </valueSet>
   </definition>
   <!--Cognitive Assessment-->
     	 <definition>
      <valueSet classCode="OBS" moodCode="DEF">
         <id root="2.16.840.1.113883.3.526.3.1332"/>
         <title value="Cognitive Assessment"/>
      </valueSet>
   </definition>
   <!--Ethnicity-->
     	 <definition>
      <valueSet classCode="OBS" moodCode="DEF">
         <id root="2.16.840.1.114222.4.11.837"/>
         <title value="Ethnicity"/>
      </valueSet>
   </definition>
   <!--Occupational Therapy Evaluation-->
     	 <definition>
      <valueSet classCode="OBS" moodCode="DEF">
         <id root="2.16.840.1.113883.3.526.3.1011"/>
         <title value="Occupational Therapy Evaluation"/>
      </valueSet>
   </definition>
   <!--Home Healthcare Services-->
     	 <definition>
      <valueSet classCode="OBS" moodCode="DEF">
         <id root="2.16.840.1.113883.3.464.1003.101.12.1016"/>
         <title value="Home Healthcare Services"/>
      </valueSet>
   </definition>
   <!--Race-->
     	 <definition>
      <valueSet classCode="OBS" moodCode="DEF">
         <id root="2.16.840.1.114222.4.11.836"/>
         <title value="Race"/>
      </valueSet>
   </definition>
   <!--Nursing Facility Visit-->
     	 <definition>
      <valueSet classCode="OBS" moodCode="DEF">
         <id root="2.16.840.1.113883.3.464.1003.101.12.1012"/>
         <title value="Nursing Facility Visit"/>
      </valueSet>
   </definition>
   <!--Patient Provider Interaction-->
     	 <definition>
      <valueSet classCode="OBS" moodCode="DEF">
         <id root="2.16.840.1.113883.3.526.3.1012"/>
         <title value="Patient Provider Interaction"/>
      </valueSet>
   </definition>
   <!--Office Visit-->
     	 <definition>
      <valueSet classCode="OBS" moodCode="DEF">
         <id root="2.16.840.1.113883.3.464.1003.101.12.1001"/>
         <title value="Office Visit"/>
      </valueSet>
   </definition>
   <!--Patient Reason-->
     	 <definition>
      <valueSet classCode="OBS" moodCode="DEF">
         <id root="2.16.840.1.113883.3.526.3.1008"/>
         <title value="Patient Reason"/>
      </valueSet>
   </definition>
   <relatedDocument typeCode="COMP">
      <expressionDocument>
         <id root="9E88B10A-7043-4CA4-B637-940592B68B76"/>
         <text mediaType="text/cql">
            <reference value="https://emeasuretool.cms.gov/libraries/7c443b9b-1ad1-4467-b527-defc445701ff/CMS149-v12-2-000-QDM-5-6.cql"/>
            <translation mediaType="application/elm+xml">
               <reference value="https://emeasuretool.cms.gov/libraries/7c443b9b-1ad1-4467-b527-defc445701ff/CMS149-v12-2-000-QDM-5-6.xml"/>
            </translation>
            <translation mediaType="application/elm+json">
               <reference value="https://emeasuretool.cms.gov/libraries/7c443b9b-1ad1-4467-b527-defc445701ff/CMS149-v12-2-000-QDM-5-6.json"/>
            </translation>
         </text>
         <setId extension="7c443b9b-1ad1-4467-b527-defc445701ff"
                identifierName="DementiaCognitiveAssessment"
                root="https://emeasuretool.cms.gov/libraries"/>
         <versionNumber value="12.2.000"/>
      </expressionDocument>
   </relatedDocument>
   <relatedDocument typeCode="COMP">
      <expressionDocument>
         <id root="2c9280857b2aeb52017b5f8b96c31ff8"/>
         <text mediaType="text/cql">
            <reference value="https://emeasuretool.cms.gov/libraries/8bdc0a19-b210-4a58-8a07-f5d95a34eca9/MATGlobalCommonFunctions-v7-0-000-QDM-5-6.cql"/>
            <translation mediaType="application/elm+xml">
               <reference value="https://emeasuretool.cms.gov/libraries/8bdc0a19-b210-4a58-8a07-f5d95a34eca9/MATGlobalCommonFunctions-v7-0-000-QDM-5-6.xml"/>
            </translation>
            <translation mediaType="application/elm+json">
               <reference value="https://emeasuretool.cms.gov/libraries/8bdc0a19-b210-4a58-8a07-f5d95a34eca9/MATGlobalCommonFunctions-v7-0-000-QDM-5-6.json"/>
            </translation>
         </text>
         <setId extension="8bdc0a19-b210-4a58-8a07-f5d95a34eca9"
                identifierName="MATGlobalCommonFunctions"
                root="https://emeasuretool.cms.gov/libraries"/>
         <versionNumber value="7.0.000"/>
      </expressionDocument>
   </relatedDocument>
   <controlVariable>
      <measurePeriod>
         <id extension="measureperiod" root="0bf34fc8-e098-4478-97de-402c4e73a5f1"/>
         <code code="MSRTP" codeSystem="2.16.840.1.113883.5.4">
            <originalText value="Measurement Period"/>
         </code>
         <value xsi:type="PIVL_TS">
            <phase highClosed="true" lowClosed="true">
               <low value="20230101"/>
               <width unit="a" value="1" xsi:type="PQ"/>
            </phase>
            <period unit="a" value="1"/>
         </value>
      </measurePeriod>
   </controlVariable>
   <subjectOf>
      <measureAttribute>
         <code nullFlavor="OTH">
            <originalText value="eCQM Identifier (Measure Authoring Tool)"/>
         </code>
         <value mediaType="text/plain" value="149" xsi:type="ED"/>
      </measureAttribute>
   </subjectOf>
   <subjectOf>
      <measureAttribute>
         <code nullFlavor="OTH">
            <originalText value="NQF Number"/>
         </code>
         <value mediaType="text/plain" value="2872e" xsi:type="ED"/>
      </measureAttribute>
   </subjectOf>
   <subjectOf>
      <measureAttribute>
         <code code="COPY" codeSystem="2.16.840.1.113883.5.4">
            <displayName value="Copyright"/>
         </code>
         <value mediaType="text/plain"
                value="Attribution: The American Psychiatric Association’s (APA), PCPI’s, and American Medical Association’s (AMA) significant past efforts and contributions to the development and updating of the Measure are acknowledged. &#xA;&#xA;Copyright: (C)2023 American Academy of Neurology Institute (AANI). All rights reserved."
                xsi:type="ED"/>
      </measureAttribute>
   </subjectOf>
   <subjectOf>
      <measureAttribute>
         <code code="DISC" codeSystem="2.16.840.1.113883.5.4">
            <displayName value="Disclaimer"/>
         </code>
         <value mediaType="text/plain"
                value="Limited proprietary coding may be contained in the Measure specifications for convenience. A license agreement must be entered prior to a third party’s use of Current Procedural Terminology (CPT[R]) or other proprietary code set contained in the Measure. Any other use of CPT or other coding by the third party is strictly prohibited. AANI, APA, AMA, and the former members of the PCPI disclaim all liability for use or accuracy of any CPT or other coding contained in the specifications.&#xA;&#xA;CPT(R) contained in the Measure specifications is copyright 2004-2022 American Medical Association. LOINC(R) is copyright 2004-2022 Regenstrief Institute, Inc. This material contains SNOMED Clinical Terms(R) (SNOMED CT[R]) copyright 2004-2022 International Health Terminology Standards Development Organisation. ICD-10 is copyright 2022 World Health Organization. All Rights Reserved."
                xsi:type="ED"/>
      </measureAttribute>
   </subjectOf>
   <subjectOf>
      <measureAttribute>
         <code code="MSRSCORE" codeSystem="2.16.840.1.113883.5.4">
            <displayName value="Measure Scoring"/>
         </code>
         <value code="PROPOR" codeSystem="2.16.840.1.113883.5.1063" xsi:type="CD">
            <displayName value="Proportion"/>
         </value>
      </measureAttribute>
   </subjectOf>
   <subjectOf>
      <measureAttribute>
         <code code="MSRTYPE" codeSystem="2.16.840.1.113883.5.4">
            <displayName value="Measure Type"/>
         </code>
         <value code="PROCESS" codeSystem="2.16.840.1.113883.5.1063" xsi:type="CD">
            <displayName value="PROCESS"/>
         </value>
      </measureAttribute>
   </subjectOf>
   <subjectOf>
      <measureAttribute>
         <code code="STRAT" codeSystem="2.16.840.1.113883.5.4">
            <displayName value="Stratification"/>
         </code>
         <value mediaType="text/plain" value="None" xsi:type="ED"/>
      </measureAttribute>
   </subjectOf>
   <subjectOf>
      <measureAttribute>
         <code code="MSRADJ" codeSystem="2.16.840.1.113883.5.4">
            <displayName value="Risk Adjustment"/>
         </code>
         <value mediaType="text/plain" value="None" xsi:type="ED"/>
      </measureAttribute>
   </subjectOf>
   <subjectOf>
      <measureAttribute>
         <code code="MSRAGG" codeSystem="2.16.840.1.113883.5.4">
            <displayName value="Rate Aggregation"/>
         </code>
         <value mediaType="text/plain" value="None" xsi:type="ED"/>
      </measureAttribute>
   </subjectOf>
   <subjectOf>
      <measureAttribute>
         <code code="RAT" codeSystem="2.16.840.1.113883.5.4">
            <displayName value="Rationale"/>
         </code>
         <value mediaType="text/plain"
                value="An estimated 5.8 million of adults in the US were living with dementia in 2019. Dementia is often characterized by the gradual onset and continuing cognitive decline in one or more domains including memory, communication and language, ability to focus or pay attention, reasoning and judgment and visual perception (Alzheimer’s Association, 2019). Cognitive deterioration represents a major source of morbidity and mortality and poses a significant burden on affected individuals and their caregivers (Daviglus et al., 2010). Although cognitive deterioration follows a different course depending on the type of dementia, significant rates of decline have been reported. For example, one study found that the annual rate of decline for Alzheimer's disease patients was more than four times that of older adults with no cognitive impairment (Wilson et al., 2010). Nevertheless, measurable cognitive abilities remain throughout the course of dementia (American Psychiatric Association, 2007). Initial and ongoing assessments of cognition are fundamental to the proper management of patients with dementia. These assessments serve as the basis for identifying treatment goals, developing a treatment plan, monitoring the effects of treatment, and modifying treatment as appropriate."
                xsi:type="ED"/>
      </measureAttribute>
   </subjectOf>
   <subjectOf>
      <measureAttribute>
         <code code="CRS" codeSystem="2.16.840.1.113883.5.4">
            <displayName value="Clinical Recommendation Statement"/>
         </code>
         <value mediaType="text/plain"
                value="Ongoing assessment includes periodic monitoring of the development and evolution of cognitive and noncognitive psychiatric symptoms and their response to intervention (Category I). Both cognitive and noncognitive neuropsychiatric and behavioral symptoms of dementia tend to evolve over time, so regular monitoring allows detection of new symptoms and adaptation of treatment strategies to current needs... Cognitive symptoms that almost always require assessment include impairments in memory, executive function, language, judgment, and spatial abilities. It is often helpful to track cognitive status with a structured simple examination (American Psychiatric Association, 2007).&#xA;&#xA;The American Psychiatric Association recommends that patients with dementia be assessed for the type, frequency, severity, pattern, and timing of symptoms (Category 1C). Quantitative measures provide a structured replicable way to document the patient's baseline symptoms and determine which symptoms (if any) should be the target of intervention based on factors such as frequency of occurrence, magnitude, potential for associated harm to the patient or others, and associated distress to the patient. The exact frequency at which measures are warranted will depend on clinical circumstances. However, use of quantitative measures as treatment proceeds allows more precise tracking of whether nonpharmacological and pharmacological treatments are having their intended effect or whether a shift in the treatment plan is needed (American Psychiatric Association, 2016).&#xA;&#xA;Conduct and document an assessment and monitor changes in cognitive status using a reliable and valid instrument, e.g., Montreal Cognitive Assessment (MoCA), Ascertain Dementia 8 (AD8) or other tool. Cognitive status should be reassessed periodically to identify sudden changes, as well as to monitor the potential beneficial or harmful effects of environmental changes (including safety, care needs, and abuse and/or neglect), specific medications (both prescription and non-prescription, for appropriate use and contraindications), or other interventions. Proper assessment requires the use of a standardized, objective instrument that is relatively easy to use, reliable (with less variability between different assessors), and valid (results that would be similar to gold-standard evaluations) (California Department of Public Health, 2017).&#xA;&#xA;Recommendation: Perform regular, comprehensive person-centered assessments and timely interim assessments.&#xA;Assessments, conducted at least every 6 months, should prioritize issues that help the person with dementia to live fully. These include assessments of the individual and care partner’s relationships and subjective experience and assessment of cognition, behavior, and function, using reliable and valid tools. Assessment is ongoing and dynamic, combining nomothetic (norm based) and idiographic (individualized) approaches (Fazio, Pace, Maslow, Zimmerman, &amp; Kallmyer, 2018).&#xA;&#xA;Recommendation: Assess cognitive status, functional abilities, behavioral and psychological symptoms of dementia, medical status, living environment, and safety. Reassess regularly and when there is a significant change in condition (U.S. Department of Health and Human Services, 2016)."
                xsi:type="ED"/>
      </measureAttribute>
   </subjectOf>
   <subjectOf>
      <measureAttribute>
         <code code="IDUR" codeSystem="2.16.840.1.113883.5.4">
            <displayName value="Improvement Notation"/>
         </code>
         <value mediaType="text/plain" value="Higher score indicates better quality"
                xsi:type="ED"/>
      </measureAttribute>
   </subjectOf>
   <subjectOf>
      <measureAttribute>
         <code code="REF" codeSystem="2.16.840.1.113883.5.4">
            <displayName value="Reference"/>
         </code>
         <value mediaType="text/plain"
                value="CITATIONAlzheimer’s Association. (2019). 2019 Alzheimer’s Disease Facts and Figures. Alzheimer’s &amp; Dementia, 15(3), 321-387. Retrieved from https://alz.org/media/Documents/alzheimers-facts-and-figures-2019-r.pdf"
                xsi:type="ED"/>
      </measureAttribute>
   </subjectOf>
   <subjectOf>
      <measureAttribute>
         <code code="REF" codeSystem="2.16.840.1.113883.5.4">
            <displayName value="Reference"/>
         </code>
         <value mediaType="text/plain"
                value="CITATIONAmerican Psychiatric Association, Work Group on Alzheimer’s Disease and Other Dementias. (2007). Practice Guideline for the Treatment of Patients with Alzheimer’s Disease and Other Dementias. Retrieved from https://psychiatryonline.org/pb/assets/raw/sitewide/practice_guidelines/guidelines/alzheimers.pdf"
                xsi:type="ED"/>
      </measureAttribute>
   </subjectOf>
   <subjectOf>
      <measureAttribute>
         <code code="REF" codeSystem="2.16.840.1.113883.5.4">
            <displayName value="Reference"/>
         </code>
         <value mediaType="text/plain"
                value="CITATIONAmerican Psychiatric Association. (2016). Practice guideline on the use of antipsychotics to treat agitation or psychosis in patients with dementia. Retrieved from https://psychiatryonline.org/doi/pdf/10.1176/appi.books.9780890426807"
                xsi:type="ED"/>
      </measureAttribute>
   </subjectOf>
   <subjectOf>
      <measureAttribute>
         <code code="REF" codeSystem="2.16.840.1.113883.5.4">
            <displayName value="Reference"/>
         </code>
         <value mediaType="text/plain"
                value="CITATIONCalifornia Department of Public Health. (2017). California guidelines for Alzheimer’s disease management, 2017. Retrieved from https://www.cdph.ca.gov/Programs/CCDPHP/DCDIC/CDCB/CDPH%20Document%20Library/Alzheimers'%20Disease%20Program/ALZ-CareGuidelines.pdf"
                xsi:type="ED"/>
      </measureAttribute>
   </subjectOf>
   <subjectOf>
      <measureAttribute>
         <code code="REF" codeSystem="2.16.840.1.113883.5.4">
            <displayName value="Reference"/>
         </code>
         <value mediaType="text/plain"
                value="CITATIONDaviglus M.L., Bell, C.C., Berrettini, W., Bowen, P.E., Connolly, E.S., Cox, N.J.,…Trevisan, M. (2010). National Institutes of Health State-of-the-Science Conference Statement: Preventing Alzheimer’s Disease and Cognitive Decline. NIH Consensus and State-of-the-Science Statements, 27(4), 1-24. Retrieved from https://consensus.nih.gov/2010/alzstatement.htm"
                xsi:type="ED"/>
      </measureAttribute>
   </subjectOf>
   <subjectOf>
      <measureAttribute>
         <code code="REF" codeSystem="2.16.840.1.113883.5.4">
            <displayName value="Reference"/>
         </code>
         <value mediaType="text/plain"
                value="CITATIONFazio, S., Pace, D., Maslow, K., Zimmerman, S., &amp; Kallmyer, B. (2018). Alzheimer’s Association Dementia Care Practice Recommendations. The Gerontologist, 58(S1), S1-S9. [Supplemental material]. Retrieved from the Alzheimer’s Association website: https://academic.oup.com/gerontologist/article/58/suppl_1/S1/4816759"
                xsi:type="ED"/>
      </measureAttribute>
   </subjectOf>
   <subjectOf>
      <measureAttribute>
         <code code="REF" codeSystem="2.16.840.1.113883.5.4">
            <displayName value="Reference"/>
         </code>
         <value mediaType="text/plain"
                value="CITATIONU.S. Department of Health and Human Services, Assistant Secretary for Planning and Evaluation, Office of Disability, Aging and Long-Term Care Policy. (2016). Examining models of dementia care: Final report. (ASPE Final Report No. 0212704.017.000.001). Retrieved from https://aspe.hhs.gov/system/files/pdf/257216/ExamDCMod.pdf"
                xsi:type="ED"/>
      </measureAttribute>
   </subjectOf>
   <subjectOf>
      <measureAttribute>
         <code code="REF" codeSystem="2.16.840.1.113883.5.4">
            <displayName value="Reference"/>
         </code>
         <value mediaType="text/plain"
                value="CITATIONWilson, R. S., Aggarwal, N. T., Barnes, L. L., Mendes de Leon, C.F., Herbert, L.E., &amp; Evans, D.A. (2010). Cognitive decline in incident Alzheimer disease in a community population. Neurology, 74(12), 951-955."
                xsi:type="ED"/>
      </measureAttribute>
   </subjectOf>
   <subjectOf>
      <measureAttribute>
         <code code="DEF" codeSystem="2.16.840.1.113883.5.4">
            <displayName value="Definition"/>
         </code>
         <value mediaType="text/plain"
                value="Cognition can be assessed by the clinician during the patient's clinical history. &#xA;Cognition can also be assessed by direct examination of the patient using one of a number of instruments, including several originally developed and validated for screening purposes. This can also include, where appropriate, administration to a knowledgeable informant. Examples include, but are not limited to:&#xA;-Blessed Orientation-Memory-Concentration Test (BOMC)&#xA;-Montreal Cognitive Assessment (MoCA)&#xA;-St. Louis University Mental Status Examination (SLUMS)&#xA;-Mini-Mental State Examination (MMSE) [Note: The MMSE has not been well validated for non-Alzheimer's dementias]&#xA;-Short Informant Questionnaire on Cognitive Decline in the Elderly (IQCODE)&#xA;-Ascertain Dementia 8 (AD8) Questionnaire&#xA;-Minimum Data Set (MDS) Brief Interview of Mental Status (BIMS) [Note: Validated for use with nursing home patients only]&#xA;-Formal neuropsychological evaluation&#xA;-Mini-Cog"
                xsi:type="ED"/>
      </measureAttribute>
   </subjectOf>
   <subjectOf>
      <measureAttribute>
         <code code="GUIDE" codeSystem="2.16.840.1.113883.5.4">
            <displayName value="Guidance"/>
         </code>
         <value mediaType="text/plain"
                value="Use of a standardized tool or instrument to assess cognition other than those listed will meet numerator performance if mapped to the concept &quot;Intervention, Performed&quot;: &quot;Cognitive Assessment&quot; included in the numerator logic below.&#xA;&#xA;The requirement of two or more visits is to establish that the eligible professional or eligible clinician has an existing relationship with the patient.&#xA;&#xA;In recognition of the growing use of integrated and team-based care, the diagnosis of dementia and the assessment of cognitive function need not be performed by the same provider or clinician. &#xA;&#xA;The DSM-5 has replaced the term dementia with major neurocognitive disorder and mild neurocognitive disorder. For the purposes of this measure, the terms are equivalent.&#xA;&#xA;This eCQM is a patient-based measure.&#xA;&#xA;This version of the eCQM uses QDM version 5.6. Please refer to the eCQI resource center (https://ecqi.healthit.gov/qdm) for more information on the QDM."
                xsi:type="ED"/>
      </measureAttribute>
   </subjectOf>
   <subjectOf>
      <measureAttribute>
         <code code="TRANF" codeSystem="2.16.840.1.113883.5.4">
            <displayName value="Transmission Format"/>
         </code>
         <value mediaType="text/plain" value="TBD" xsi:type="ED"/>
      </measureAttribute>
   </subjectOf>
   <subjectOf>
      <measureAttribute>
         <code code="IPOP" codeSystem="2.16.840.1.113883.5.4">
            <displayName value="Initial Population"/>
         </code>
         <value mediaType="text/plain"
                value="All patients, regardless of age, with a diagnosis of dementia who have two or more visits during the measurement period"
                xsi:type="ED"/>
      </measureAttribute>
   </subjectOf>
   <subjectOf>
      <measureAttribute>
         <code code="DENOM" codeSystem="2.16.840.1.113883.5.4">
            <displayName value="Denominator"/>
         </code>
         <value mediaType="text/plain" value="Equals Initial Population" xsi:type="ED"/>
      </measureAttribute>
   </subjectOf>
   <subjectOf>
      <measureAttribute>
         <code code="DENEX" codeSystem="2.16.840.1.113883.5.4">
            <displayName value="Denominator Exclusions"/>
         </code>
         <value mediaType="text/plain" value="None" xsi:type="ED"/>
      </measureAttribute>
   </subjectOf>
   <subjectOf>
      <measureAttribute>
         <code code="NUMER" codeSystem="2.16.840.1.113883.5.4">
            <displayName value="Numerator"/>
         </code>
         <value mediaType="text/plain"
                value="Patients for whom an assessment of cognition is performed and the results reviewed at least once within a 12-month period"
                xsi:type="ED"/>
      </measureAttribute>
   </subjectOf>
   <subjectOf>
      <measureAttribute>
         <code code="NUMEX" codeSystem="2.16.840.1.113883.5.4">
            <displayName value="Numerator Exclusions"/>
         </code>
         <value mediaType="text/plain" value="Not Applicable" xsi:type="ED"/>
      </measureAttribute>
   </subjectOf>
   <subjectOf>
      <measureAttribute>
         <code code="DENEXCEP" codeSystem="2.16.840.1.113883.5.4">
            <displayName value="Denominator Exceptions"/>
         </code>
         <value mediaType="text/plain"
                value="Documentation of patient reason(s) for not assessing cognition"
                xsi:type="ED"/>
      </measureAttribute>
   </subjectOf>
   <subjectOf>
      <measureAttribute>
         <code code="SDE" codeSystem="2.16.840.1.113883.5.4">
            <displayName value="Supplemental Data Elements"/>
         </code>
         <value mediaType="text/plain"
                value="For every patient evaluated by this measure also identify payer, race, ethnicity and sex"
                xsi:type="ED"/>
      </measureAttribute>
   </subjectOf>
   <componentOf>
      <qualityMeasureSet classCode="ACT">
         <id root="7c443b9b-1ad1-4467-b527-defc445701ff"/>
         <title value="None"/>
      </qualityMeasureSet>
   </componentOf>
   <!--Data Criteria Section-->
   <component>
      <dataCriteriaSection>
         <templateId>
            <item extension="2021-02-01" root="2.16.840.1.113883.10.20.28.2.6"/>
         </templateId>
         <code code="57025-9" codeSystem="2.16.840.1.113883.6.1"/>
         <title value="Data Criteria Section"/>
         <text/>
         <entry typeCode="DRIV">
            <localVariableName value="CareServicesinLongTermResidentialFacility_EncounterPerformed_DUpOd"/>
            <encounterCriteria classCode="ENC" moodCode="EVN">
               <templateId>
                  <item extension="2021-02-01" root="2.16.840.1.113883.10.20.28.4.5"/>
               </templateId>
               <id extension="CareServicesinLongTermResidentialFacility_EncounterPerformed"
                   root="40280381-3d61-56a7-013e-57fa83c5370e"/>
               <code valueSet="2.16.840.1.113883.3.464.1003.101.12.1014"/>
               <title value="Encounter, Performed"/>
               <statusCode code="COMPLETED"/>
            </encounterCriteria>
         </entry>
         <entry typeCode="DRIV">
            <localVariableName value="Payer_PatientCharacteristicPayer_Lmige"/>
            <observationCriteria classCode="OBS" moodCode="EVN">
               <templateId>
                  <item extension="2017-05-01" root="2.16.840.1.113883.10.20.28.4.58"/>
               </templateId>
               <id extension="Payer_PatientCharacteristicPayer"
                   root="d6da0651-784c-4a0e-a2d7-564601ed9b65"/>
               <code code="48768-6" codeSystem="2.16.840.1.113883.6.1" codeSystemName="LOINC">
                  <displayName value="Payer"/>
               </code>
               <title value="Patient Characteristic Payer"/>
               <statusCode code="COMPLETED"/>
               <value valueSet="2.16.840.1.114222.4.11.3591" xsi:type="CD"/>
            </observationCriteria>
         </entry>
         <entry typeCode="DRIV">
            <localVariableName value="ONCAdministrativeSex_PatientCharacteristicSex_E5Wyc"/>
            <observationCriteria classCode="OBS" moodCode="EVN">
               <templateId>
                  <item extension="2017-05-01" root="2.16.840.1.113883.10.20.28.4.55"/>
               </templateId>
               <id extension="ONCAdministrativeSex_PatientCharacteristicSex"
                   root="eca814ee-cd2b-46c6-82f3-97e2a6247218"/>
               <code code="263495000" codeSystem="2.16.840.1.113883.6.96" codeSystemName="SNOMED CT">
                  <displayName value="Gender"/>
               </code>
               <title value="Patient Characteristic Sex"/>
               <statusCode code="COMPLETED"/>
               <value valueSet="2.16.840.1.113762.1.4.1" xsi:type="CD"/>
            </observationCriteria>
         </entry>
         <entry typeCode="DRIV">
            <localVariableName value="Behavioral/NeuropsychAssessment_EncounterPerformed_tL3Gl"/>
            <encounterCriteria classCode="ENC" moodCode="EVN">
               <templateId>
                  <item extension="2021-02-01" root="2.16.840.1.113883.10.20.28.4.5"/>
               </templateId>
               <id extension="Behavioral/NeuropsychAssessment_EncounterPerformed"
                   root="40280381-3d61-56a7-013e-57fa83c53711"/>
               <code valueSet="2.16.840.1.113883.3.526.3.1023"/>
               <title value="Encounter, Performed"/>
               <statusCode code="COMPLETED"/>
            </encounterCriteria>
         </entry>
         <entry typeCode="DRIV">
            <localVariableName value="OutpatientConsultation_EncounterPerformed_jaKgS"/>
            <encounterCriteria classCode="ENC" moodCode="EVN">
               <templateId>
                  <item extension="2021-02-01" root="2.16.840.1.113883.10.20.28.4.5"/>
               </templateId>
               <id extension="OutpatientConsultation_EncounterPerformed"
                   root="40280381-3d61-56a7-013e-57fa83c5370d"/>
               <code valueSet="2.16.840.1.113883.3.464.1003.101.12.1008"/>
               <title value="Encounter, Performed"/>
               <statusCode code="COMPLETED"/>
            </encounterCriteria>
         </entry>
         <entry typeCode="DRIV">
            <localVariableName value="StandardizedToolsScoreforAssessmentofCognition_AssessmentPerformed_ntJHT"/>
            <observationCriteria classCode="OBS" moodCode="EVN">
               <templateId>
                  <item extension="2021-02-01" root="2.16.840.1.113883.10.20.28.4.117"/>
               </templateId>
               <id extension="StandardizedToolsScoreforAssessmentofCognition_AssessmentPerformed"
                   root="40280381-3d61-56a7-013e-57fa83c53712"/>
               <code valueSet="2.16.840.1.113883.3.526.3.1006"/>
               <title value="Assessment, Performed"/>
               <statusCode code="COMPLETED"/>
            </observationCriteria>
         </entry>
         <entry typeCode="DRIV">
            <localVariableName value="StandardizedToolsScoreforAssessmentofCognition_AssessmentNotPerformed_CtzKy"/>
            <observationCriteria actionNegationInd="TRUE" classCode="OBS" moodCode="EVN">
               <templateId>
                  <item extension="2021-02-01" root="2.16.840.1.113883.10.20.28.4.117"/>
               </templateId>
               <id extension="StandardizedToolsScoreforAssessmentofCognition_AssessmentNotPerformed"
                   root="40280381-3d61-56a7-013e-57fa83c53712"/>
               <code valueSet="2.16.840.1.113883.3.526.3.1006"/>
               <title value="Assessment, Not Performed"/>
               <statusCode code="COMPLETED"/>
            </observationCriteria>
         </entry>
         <entry typeCode="DRIV">
            <localVariableName value="Dementia&amp;MentalDegenerations_Diagnosis_lVsh0"/>
            <observationCriteria classCode="OBS" moodCode="EVN">
               <templateId>
                  <item extension="2021-02-01" root="2.16.840.1.113883.10.20.28.4.110"/>
               </templateId>
               <id extension="Dementia&amp;MentalDegenerations_Diagnosis"
                   root="830d573a-8d27-4f76-bc16-96a34c7c4110"/>
               <code code="282291009" codeSystem="2.16.840.1.113883.6.96" codeSystemName="SNOMED CT">
                  <displayName value="Diagnosis"/>
               </code>
               <title value="Diagnosis"/>
               <statusCode code="COMPLETED"/>
               <value valueSet="2.16.840.1.113883.3.526.3.1005" xsi:type="CD"/>
            </observationCriteria>
         </entry>
         <entry typeCode="DRIV">
            <localVariableName value="PsychVisitDiagnosticEvaluation_EncounterPerformed_yHN0o"/>
            <encounterCriteria classCode="ENC" moodCode="EVN">
               <templateId>
                  <item extension="2021-02-01" root="2.16.840.1.113883.10.20.28.4.5"/>
               </templateId>
               <id extension="PsychVisitDiagnosticEvaluation_EncounterPerformed"
                   root="40280381-3d61-56a7-013e-57fa83c436fb"/>
               <code valueSet="2.16.840.1.113883.3.526.3.1492"/>
               <title value="Encounter, Performed"/>
               <statusCode code="COMPLETED"/>
            </encounterCriteria>
         </entry>
         <entry typeCode="DRIV">
            <localVariableName value="PsychVisitPsychotherapy_EncounterPerformed_hpB5j"/>
            <encounterCriteria classCode="ENC" moodCode="EVN">
               <templateId>
                  <item extension="2021-02-01" root="2.16.840.1.113883.10.20.28.4.5"/>
               </templateId>
               <id extension="PsychVisitPsychotherapy_EncounterPerformed"
                   root="40280381-3d61-56a7-013e-57fa83c436fd"/>
               <code valueSet="2.16.840.1.113883.3.526.3.1496"/>
               <title value="Encounter, Performed"/>
               <statusCode code="COMPLETED"/>
            </encounterCriteria>
         </entry>
         <entry typeCode="DRIV">
            <localVariableName value="CognitiveAssessment_InterventionPerformed_oWSBh"/>
            <actCriteria classCode="ACT" moodCode="EVN">
               <templateId>
                  <item extension="2021-02-01" root="2.16.840.1.113883.10.20.28.4.36"/>
               </templateId>
               <id extension="CognitiveAssessment_InterventionPerformed"
                   root="40280381-3d61-56a7-013e-57fa83c63726"/>
               <code valueSet="2.16.840.1.113883.3.526.3.1332"/>
               <title value="Intervention, Performed"/>
               <statusCode code="COMPLETED"/>
            </actCriteria>
         </entry>
         <entry typeCode="DRIV">
            <localVariableName value="CognitiveAssessment_InterventionNotPerformed_tdx2Y"/>
            <actCriteria actionNegationInd="TRUE" classCode="ACT" moodCode="EVN">
               <templateId>
                  <item extension="2021-02-01" root="2.16.840.1.113883.10.20.28.4.36"/>
               </templateId>
               <id extension="CognitiveAssessment_InterventionNotPerformed"
                   root="40280381-3d61-56a7-013e-57fa83c63726"/>
               <code valueSet="2.16.840.1.113883.3.526.3.1332"/>
               <title value="Intervention, Not Performed"/>
               <statusCode code="COMPLETED"/>
            </actCriteria>
         </entry>
         <entry typeCode="DRIV">
            <localVariableName value="Ethnicity_PatientCharacteristicEthnicity_IEEKP"/>
            <observationCriteria classCode="OBS" moodCode="EVN">
               <templateId>
                  <item extension="2017-05-01" root="2.16.840.1.113883.10.20.28.4.56"/>
               </templateId>
               <id extension="Ethnicity_PatientCharacteristicEthnicity"
                   root="64714837-faf5-4794-99a8-2088f2f33df4"/>
               <code code="54133-4" codeSystem="2.16.840.1.113883.6.1" codeSystemName="LOINC">
                  <displayName value="Ethnicity"/>
               </code>
               <title value="Patient Characteristic Ethnicity"/>
               <statusCode code="COMPLETED"/>
               <value valueSet="2.16.840.1.114222.4.11.837" xsi:type="CD"/>
            </observationCriteria>
         </entry>
         <entry typeCode="DRIV">
            <localVariableName value="OccupationalTherapyEvaluation_EncounterPerformed_mlvW9"/>
            <encounterCriteria classCode="ENC" moodCode="EVN">
               <templateId>
                  <item extension="2021-02-01" root="2.16.840.1.113883.10.20.28.4.5"/>
               </templateId>
               <id extension="OccupationalTherapyEvaluation_EncounterPerformed"
                   root="40280381-3d61-56a7-013e-57fa83c5370b"/>
               <code valueSet="2.16.840.1.113883.3.526.3.1011"/>
               <title value="Encounter, Performed"/>
               <statusCode code="COMPLETED"/>
            </encounterCriteria>
         </entry>
         <entry typeCode="DRIV">
            <localVariableName value="HomeHealthcareServices_EncounterPerformed_WOexo"/>
            <encounterCriteria classCode="ENC" moodCode="EVN">
               <templateId>
                  <item extension="2021-02-01" root="2.16.840.1.113883.10.20.28.4.5"/>
               </templateId>
               <id extension="HomeHealthcareServices_EncounterPerformed"
                   root="40280381-3d61-56a7-013e-57fa83c5370f"/>
               <code valueSet="2.16.840.1.113883.3.464.1003.101.12.1016"/>
               <title value="Encounter, Performed"/>
               <statusCode code="COMPLETED"/>
            </encounterCriteria>
         </entry>
         <entry typeCode="DRIV">
            <localVariableName value="Race_PatientCharacteristicRace_QMltv"/>
            <observationCriteria classCode="OBS" moodCode="EVN">
               <templateId>
                  <item extension="2017-05-01" root="2.16.840.1.113883.10.20.28.4.59"/>
               </templateId>
               <id extension="Race_PatientCharacteristicRace"
                   root="a1b4eba8-c421-4c08-a326-916bec7d18e0"/>
               <code code="32624-9" codeSystem="2.16.840.1.113883.6.1" codeSystemName="LOINC">
                  <displayName value="Race"/>
               </code>
               <title value="Patient Characteristic Race"/>
               <statusCode code="COMPLETED"/>
               <value valueSet="2.16.840.1.114222.4.11.836" xsi:type="CD"/>
            </observationCriteria>
         </entry>
         <entry typeCode="DRIV">
            <localVariableName value="NursingFacilityVisit_EncounterPerformed_eBlZg"/>
            <encounterCriteria classCode="ENC" moodCode="EVN">
               <templateId>
                  <item extension="2021-02-01" root="2.16.840.1.113883.10.20.28.4.5"/>
               </templateId>
               <id extension="NursingFacilityVisit_EncounterPerformed"
                   root="40280381-3d61-56a7-013e-57fa83c53717"/>
               <code valueSet="2.16.840.1.113883.3.464.1003.101.12.1012"/>
               <title value="Encounter, Performed"/>
               <statusCode code="COMPLETED"/>
            </encounterCriteria>
         </entry>
         <entry typeCode="DRIV">
            <localVariableName value="PatientProviderInteraction_EncounterPerformed_JBNIW"/>
            <encounterCriteria classCode="ENC" moodCode="EVN">
               <templateId>
                  <item extension="2021-02-01" root="2.16.840.1.113883.10.20.28.4.5"/>
               </templateId>
               <id extension="PatientProviderInteraction_EncounterPerformed"
                   root="40280381-3d61-56a7-013e-57fa83c53710"/>
               <code valueSet="2.16.840.1.113883.3.526.3.1012"/>
               <title value="Encounter, Performed"/>
               <statusCode code="COMPLETED"/>
            </encounterCriteria>
         </entry>
         <entry typeCode="DRIV">
            <localVariableName value="OfficeVisit_EncounterPerformed_a2mLZ"/>
            <encounterCriteria classCode="ENC" moodCode="EVN">
               <templateId>
                  <item extension="2021-02-01" root="2.16.840.1.113883.10.20.28.4.5"/>
               </templateId>
               <id extension="OfficeVisit_EncounterPerformed"
                   root="40280381-3d61-56a7-013e-57fa83c5370c"/>
               <code valueSet="2.16.840.1.113883.3.464.1003.101.12.1001"/>
               <title value="Encounter, Performed"/>
               <statusCode code="COMPLETED"/>
            </encounterCriteria>
         </entry>
      </dataCriteriaSection>
   </component>
   <component>
      <populationCriteriaSection>
         <templateId>
            <item extension="2017-08-01" root="2.16.840.1.113883.10.20.28.2.7"/>
         </templateId>
         <id extension="PopulationCriteria1" root="0AB029DE-DA72-4581-AD35-6F514A78AC15"/>
         <code code="57026-7" codeSystem="2.16.840.1.113883.6.1"/>
         <title value="Population Criteria Section"/>
         <text/>
         <component typeCode="COMP">
            <initialPopulationCriteria classCode="OBS" moodCode="EVN">
               <id extension="initialPopulation" root="673EA403-B47A-4D1B-AC0E-21433ECB2F6F"/>
               <code code="IPOP" codeSystem="2.16.840.1.113883.5.4" codeSystemName="Act Code"/>
               <precondition typeCode="PRCN">
                  <criteriaReference classCode="OBS" moodCode="EVN">
                     <id extension="DementiaCognitiveAssessment.&quot;Initial Population&quot;"
                         root="9E88B10A-7043-4CA4-B637-940592B68B76"/>
                  </criteriaReference>
               </precondition>
            </initialPopulationCriteria>
         </component>
         <component typeCode="COMP">
            <denominatorCriteria classCode="OBS" moodCode="EVN">
               <id extension="denominator" root="0560F410-479D-4AAC-8637-C60A33BD9EBA"/>
               <code code="DENOM" codeSystem="2.16.840.1.113883.5.4" codeSystemName="Act Code"/>
               <precondition typeCode="PRCN">
                  <criteriaReference classCode="OBS" moodCode="EVN">
                     <id extension="DementiaCognitiveAssessment.&quot;Denominator&quot;"
                         root="9E88B10A-7043-4CA4-B637-940592B68B76"/>
                  </criteriaReference>
               </precondition>
            </denominatorCriteria>
         </component>
         <component typeCode="COMP">
            <denominatorExceptionCriteria classCode="OBS" moodCode="EVN">
               <id extension="denominatorExceptions" root="ECB48742-57C1-44DA-9EAF-14FC0BC55F9B"/>
               <code code="DENEXCEP" codeSystem="2.16.840.1.113883.5.4" codeSystemName="Act Code"/>
               <precondition typeCode="PRCN">
                  <criteriaReference classCode="OBS" moodCode="EVN">
                     <id extension="DementiaCognitiveAssessment.&quot;Denominator Exceptions&quot;"
                         root="9E88B10A-7043-4CA4-B637-940592B68B76"/>
                  </criteriaReference>
               </precondition>
            </denominatorExceptionCriteria>
         </component>
         <component typeCode="COMP">
            <numeratorCriteria classCode="OBS" moodCode="EVN">
               <id extension="numerator" root="A0400F83-1D8C-4EAE-8477-970F25C28916"/>
               <code code="NUMER" codeSystem="2.16.840.1.113883.5.4" codeSystemName="Act Code"/>
               <precondition typeCode="PRCN">
                  <criteriaReference classCode="OBS" moodCode="EVN">
                     <id extension="DementiaCognitiveAssessment.&quot;Numerator&quot;"
                         root="9E88B10A-7043-4CA4-B637-940592B68B76"/>
                  </criteriaReference>
               </precondition>
            </numeratorCriteria>
         </component>
         <component typeCode="COMP">
            <cql-ext:supplementalDataElement>
               <id extension="Supplemental Data Elements"
                   root="B68F5068-BD24-4534-B6AB-AAF45E2116C1"/>
               <code code="SDE" codeSystem="2.16.840.1.113883.5.4" codeSystemName="Act Code"/>
               <precondition typeCode="PRCN">
                  <criteriaReference classCode="OBS" moodCode="EVN">
                     <id extension="DementiaCognitiveAssessment.&quot;SDE Ethnicity&quot;"
                         root="9E88B10A-7043-4CA4-B637-940592B68B76"/>
                  </criteriaReference>
               </precondition>
            </cql-ext:supplementalDataElement>
         </component>
         <component typeCode="COMP">
            <cql-ext:supplementalDataElement>
               <id extension="Supplemental Data Elements"
                   root="5F6F30EE-E712-459A-9B20-877F56256EEA"/>
               <code code="SDE" codeSystem="2.16.840.1.113883.5.4" codeSystemName="Act Code"/>
               <precondition typeCode="PRCN">
                  <criteriaReference classCode="OBS" moodCode="EVN">
                     <id extension="DementiaCognitiveAssessment.&quot;SDE Race&quot;"
                         root="9E88B10A-7043-4CA4-B637-940592B68B76"/>
                  </criteriaReference>
               </precondition>
            </cql-ext:supplementalDataElement>
         </component>
         <component typeCode="COMP">
            <cql-ext:supplementalDataElement>
               <id extension="Supplemental Data Elements"
                   root="6288503B-281C-4B0A-A2D3-81193B80C4E0"/>
               <code code="SDE" codeSystem="2.16.840.1.113883.5.4" codeSystemName="Act Code"/>
               <precondition typeCode="PRCN">
                  <criteriaReference classCode="OBS" moodCode="EVN">
                     <id extension="DementiaCognitiveAssessment.&quot;SDE Sex&quot;"
                         root="9E88B10A-7043-4CA4-B637-940592B68B76"/>
                  </criteriaReference>
               </precondition>
            </cql-ext:supplementalDataElement>
         </component>
         <component typeCode="COMP">
            <cql-ext:supplementalDataElement>
               <id extension="Supplemental Data Elements"
                   root="35E9CA8E-F4AF-4DA6-A741-AB2A7FA1AE4F"/>
               <code code="SDE" codeSystem="2.16.840.1.113883.5.4" codeSystemName="Act Code"/>
               <precondition typeCode="PRCN">
                  <criteriaReference classCode="OBS" moodCode="EVN">
                     <id extension="DementiaCognitiveAssessment.&quot;SDE Payer&quot;"
                         root="9E88B10A-7043-4CA4-B637-940592B68B76"/>
                  </criteriaReference>
               </precondition>
            </cql-ext:supplementalDataElement>
         </component>
      </populationCriteriaSection>
   </component>
</QualityMeasureDocument>