<?xml version="1.0" encoding="UTF-8"?>
<library xmlns="urn:hl7-org:elm:r1" xmlns:t="urn:hl7-org:elm-types:r1" xmlns:xsi="http://www.w3.org/2001/XMLSchema-instance" xmlns:xsd="http://www.w3.org/2001/XMLSchema" xmlns:fhir="http://hl7.org/fhir" xmlns:qdm43="urn:healthit-gov:qdm:v4_3" xmlns:qdm53="urn:healthit-gov:qdm:v5_3" xmlns:a="urn:hl7-org:cql-annotations:r1" localId="0">
   <annotation translatorVersion="3.14.0" translatorOptions="EnableAnnotations,EnableLocators,EnableResultTypes,EnableDetailedErrors,DisableListDemotion,DisableListPromotion" signatureLevel="None" xsi:type="a:CqlToElmInfo"/>
   <annotation xsi:type="a:Annotation">
      <a:s r="630">
         <a:s>library AdvancedIllnessandFrailtyQDM version '10.0.000'</a:s>
      </a:s>
   </annotation>
   <identifier id="AdvancedIllnessandFrailtyQDM" version="10.0.000"/>
   <schemaIdentifier id="urn:hl7-org:elm" version="r1"/>
   <usings>
      <def localId="1" localIdentifier="System" uri="urn:hl7-org:elm-types:r1"/>
      <def localId="206" locator="3:1-3:23" localIdentifier="QDM" uri="urn:healthit-gov:qdm:v5_6" version="5.6">
         <annotation xsi:type="a:Annotation">
            <a:s r="206">
               <a:s>using </a:s>
               <a:s>
                  <a:s>QDM</a:s>
               </a:s>
               <a:s> version '5.6'</a:s>
            </a:s>
         </annotation>
      </def>
   </usings>
   <includes>
      <def localId="207" locator="5:1-5:52" localIdentifier="Global" path="CQMCommonQDM" version="9.0.000">
         <annotation xsi:type="a:Annotation">
            <a:s r="207">
               <a:s>include </a:s>
               <a:s>
                  <a:s>CQMCommonQDM</a:s>
               </a:s>
               <a:s> version '9.0.000' called Global</a:s>
            </a:s>
         </annotation>
      </def>
   </includes>
   <parameters>
      <def localId="222" locator="21:1-21:49" name="Measurement Period" accessLevel="Public">
         <annotation xsi:type="a:Annotation">
            <a:s r="222">
               <a:s>parameter &quot;Measurement Period&quot; </a:s>
               <a:s r="223">
                  <a:s>Interval&lt;</a:s>
                  <a:s r="224">
                     <a:s>DateTime</a:s>
                  </a:s>
                  <a:s>></a:s>
               </a:s>
            </a:s>
         </annotation>
         <resultTypeSpecifier localId="227" xsi:type="IntervalTypeSpecifier">
            <pointType localId="228" name="t:DateTime" xsi:type="NamedTypeSpecifier"/>
         </resultTypeSpecifier>
         <parameterTypeSpecifier localId="223" locator="21:32-21:49" xsi:type="IntervalTypeSpecifier">
            <resultTypeSpecifier localId="225" xsi:type="IntervalTypeSpecifier">
               <pointType localId="226" name="t:DateTime" xsi:type="NamedTypeSpecifier"/>
            </resultTypeSpecifier>
            <pointType localId="224" locator="21:41-21:48" resultTypeName="t:DateTime" name="t:DateTime" xsi:type="NamedTypeSpecifier"/>
         </parameterTypeSpecifier>
      </def>
   </parameters>
   <codeSystems>
      <def localId="208" locator="7:1-7:51" resultTypeName="t:CodeSystem" name="LOINC" id="urn:oid:2.16.840.1.113883.6.1" accessLevel="Public">
         <annotation xsi:type="a:Annotation">
            <a:s r="208">
               <a:s>codesystem &quot;LOINC&quot;: 'urn:oid:2.16.840.1.113883.6.1'</a:s>
            </a:s>
         </annotation>
      </def>
      <def localId="209" locator="8:1-8:55" resultTypeName="t:CodeSystem" name="SNOMEDCT" id="urn:oid:2.16.840.1.113883.6.96" accessLevel="Public">
         <annotation xsi:type="a:Annotation">
            <a:s r="209">
               <a:s>codesystem &quot;SNOMEDCT&quot;: 'urn:oid:2.16.840.1.113883.6.96'</a:s>
            </a:s>
         </annotation>
      </def>
   </codeSystems>
   <valueSets>
      <def localId="210" locator="10:1-10:79" resultTypeName="t:ValueSet" name="Advanced Illness" id="urn:oid:2.16.840.1.113883.3.464.1003.110.12.1082" accessLevel="Public">
         <annotation xsi:type="a:Annotation">
            <a:s r="210">
               <a:s>valueset &quot;Advanced Illness&quot;: 'urn:oid:2.16.840.1.113883.3.464.1003.110.12.1082'</a:s>
            </a:s>
         </annotation>
      </def>
      <def localId="211" locator="11:1-11:83" resultTypeName="t:ValueSet" name="Dementia Medications" id="urn:oid:2.16.840.1.113883.3.464.1003.196.12.1510" accessLevel="Public">
         <annotation xsi:type="a:Annotation">
            <a:s r="211">
               <a:s>valueset &quot;Dementia Medications&quot;: 'urn:oid:2.16.840.1.113883.3.464.1003.196.12.1510'</a:s>
            </a:s>
         </annotation>
      </def>
      <def localId="212" locator="12:1-12:77" resultTypeName="t:ValueSet" name="Frailty Device" id="urn:oid:2.16.840.1.113883.3.464.1003.118.12.1300" accessLevel="Public">
         <annotation xsi:type="a:Annotation">
            <a:s r="212">
               <a:s>valueset &quot;Frailty Device&quot;: 'urn:oid:2.16.840.1.113883.3.464.1003.118.12.1300'</a:s>
            </a:s>
         </annotation>
      </def>
      <def localId="213" locator="13:1-13:80" resultTypeName="t:ValueSet" name="Frailty Diagnosis" id="urn:oid:2.16.840.1.113883.3.464.1003.113.12.1074" accessLevel="Public">
         <annotation xsi:type="a:Annotation">
            <a:s r="213">
               <a:s>valueset &quot;Frailty Diagnosis&quot;: 'urn:oid:2.16.840.1.113883.3.464.1003.113.12.1074'</a:s>
            </a:s>
         </annotation>
      </def>
      <def localId="214" locator="14:1-14:80" resultTypeName="t:ValueSet" name="Frailty Encounter" id="urn:oid:2.16.840.1.113883.3.464.1003.101.12.1088" accessLevel="Public">
         <annotation xsi:type="a:Annotation">
            <a:s r="214">
               <a:s>valueset &quot;Frailty Encounter&quot;: 'urn:oid:2.16.840.1.113883.3.464.1003.101.12.1088'</a:s>
            </a:s>
         </annotation>
      </def>
      <def localId="215" locator="15:1-15:78" resultTypeName="t:ValueSet" name="Frailty Symptom" id="urn:oid:2.16.840.1.113883.3.464.1003.113.12.1075" accessLevel="Public">
         <annotation xsi:type="a:Annotation">
            <a:s r="215">
               <a:s>valueset &quot;Frailty Symptom&quot;: 'urn:oid:2.16.840.1.113883.3.464.1003.113.12.1075'</a:s>
            </a:s>
         </annotation>
      </def>
   </valueSets>
   <codes>
      <def localId="216" locator="17:1-17:70" resultTypeName="t:Code" name="Housing status" id="71802-3" display="Housing status" accessLevel="Public">
         <annotation xsi:type="a:Annotation">
            <a:s r="216">
               <a:s>code &quot;Housing status&quot;: '71802-3' from </a:s>
               <a:s r="217">
                  <a:s>&quot;LOINC&quot;</a:s>
               </a:s>
               <a:s> display 'Housing status'</a:s>
            </a:s>
         </annotation>
         <codeSystem localId="217" locator="17:39-17:45" resultTypeName="t:CodeSystem" name="LOINC"/>
      </def>
      <def localId="218" locator="18:1-18:109" resultTypeName="t:Code" name="Lives in nursing home (finding)" id="160734000" display="Lives in nursing home (finding)" accessLevel="Public">
         <annotation xsi:type="a:Annotation">
            <a:s r="218">
               <a:s>code &quot;Lives in nursing home (finding)&quot;: '160734000' from </a:s>
               <a:s r="219">
                  <a:s>&quot;SNOMEDCT&quot;</a:s>
               </a:s>
               <a:s> display 'Lives in nursing home (finding)'</a:s>
            </a:s>
         </annotation>
         <codeSystem localId="219" locator="18:58-18:67" resultTypeName="t:CodeSystem" name="SNOMEDCT"/>
      </def>
      <def localId="220" locator="19:1-19:86" resultTypeName="t:Code" name="Medical equipment used" id="98181-1" display="Medical equipment used" accessLevel="Public">
         <annotation xsi:type="a:Annotation">
            <a:s r="220">
               <a:s>code &quot;Medical equipment used&quot;: '98181-1' from </a:s>
               <a:s r="221">
                  <a:s>&quot;LOINC&quot;</a:s>
               </a:s>
               <a:s> display 'Medical equipment used'</a:s>
            </a:s>
         </annotation>
         <codeSystem localId="221" locator="19:47-19:53" resultTypeName="t:CodeSystem" name="LOINC"/>
      </def>
   </codes>
   <contexts>
      <def localId="232" locator="23:1-23:15" name="Patient"/>
   </contexts>
   <statements>
      <def localId="572" locator="77:1-80:3" resultTypeName="t:Boolean" name="Has Advanced Illness in Year Before or During Measurement Period" context="Patient" accessLevel="Public">
         <annotation xsi:type="a:Annotation">
            <a:s r="572">
               <a:s>define &quot;Has Advanced Illness in Year Before or During Measurement Period&quot;:
  </a:s>
               <a:s r="573">
                  <a:s>exists </a:s>
                  <a:s r="606">
                     <a:s>( </a:s>
                     <a:s r="606">
                        <a:s>
                           <a:s r="574">
                              <a:s r="577">
                                 <a:s r="577">
                                    <a:s>[&quot;Diagnosis&quot;: </a:s>
                                    <a:s>
                                       <a:s>&quot;Advanced Illness&quot;</a:s>
                                    </a:s>
                                    <a:s>]</a:s>
                                 </a:s>
                              </a:s>
                              <a:s> AdvancedIllnessDiagnosis</a:s>
                           </a:s>
                        </a:s>
                        <a:s>
      </a:s>
                        <a:s r="605">
                           <a:s>where </a:s>
                           <a:s r="605">
                              <a:s r="586">
                                 <a:s r="585">
                                    <a:s>AdvancedIllnessDiagnosis</a:s>
                                 </a:s>
                                 <a:s>.</a:s>
                                 <a:s r="586">
                                    <a:s>prevalencePeriod</a:s>
                                 </a:s>
                              </a:s>
                              <a:s r="605"> starts during day of </a:s>
                              <a:s r="601">
                                 <a:s>Interval[</a:s>
                                 <a:s r="591">
                                    <a:s r="592">
                                       <a:s>start of </a:s>
                                       <a:s r="593">
                                          <a:s>&quot;Measurement Period&quot;</a:s>
                                       </a:s>
                                    </a:s>
                                    <a:s> - </a:s>
                                    <a:s r="596">
                                       <a:s>1 year</a:s>
                                    </a:s>
                                 </a:s>
                                 <a:s>, </a:s>
                                 <a:s r="597">
                                    <a:s>end of </a:s>
                                    <a:s r="598">
                                       <a:s>&quot;Measurement Period&quot;</a:s>
                                    </a:s>
                                 </a:s>
                                 <a:s>]</a:s>
                              </a:s>
                           </a:s>
                        </a:s>
                     </a:s>
                     <a:s>
  )</a:s>
                  </a:s>
               </a:s>
            </a:s>
         </annotation>
         <expression localId="573" locator="78:3-80:3" resultTypeName="t:Boolean" xsi:type="Exists">
            <operand localId="606" locator="78:10-80:3" xsi:type="Query">
               <resultTypeSpecifier localId="609" xsi:type="ListTypeSpecifier">
                  <elementType localId="610" xmlns:ns0="urn:healthit-gov:qdm:v5_6" name="ns0:Diagnosis" xsi:type="NamedTypeSpecifier"/>
               </resultTypeSpecifier>
               <source localId="574" locator="78:12-78:69" alias="AdvancedIllnessDiagnosis">
                  <resultTypeSpecifier localId="583" xsi:type="ListTypeSpecifier">
                     <elementType localId="584" xmlns:ns1="urn:healthit-gov:qdm:v5_6" name="ns1:Diagnosis" xsi:type="NamedTypeSpecifier"/>
                  </resultTypeSpecifier>
                  <expression localId="577" locator="78:12-78:44" xmlns:ns2="urn:healthit-gov:qdm:v5_6" dataType="ns2:Diagnosis" codeProperty="code" codeComparator="in" xsi:type="Retrieve">
                     <resultTypeSpecifier localId="581" xsi:type="ListTypeSpecifier">
                        <elementType localId="582" xmlns:ns3="urn:healthit-gov:qdm:v5_6" name="ns3:Diagnosis" xsi:type="NamedTypeSpecifier"/>
                     </resultTypeSpecifier>
                     <codes localId="576" locator="78:26-78:43" resultTypeName="t:ValueSet" name="Advanced Illness" preserve="true" xsi:type="ValueSetRef"/>
                  </expression>
               </source>
               <where localId="605" locator="79:7-79:152" resultTypeName="t:Boolean" precision="Day" xsi:type="In">
                  <operand localId="604" locator="79:55-79:60" xsi:type="Start">
                     <operand localId="586" locator="79:13-79:53" path="prevalencePeriod" scope="AdvancedIllnessDiagnosis" xsi:type="Property">
                        <resultTypeSpecifier localId="589" xsi:type="IntervalTypeSpecifier">
                           <pointType localId="590" name="t:DateTime" xsi:type="NamedTypeSpecifier"/>
                        </resultTypeSpecifier>
                     </operand>
                  </operand>
                  <operand localId="601" locator="79:76-79:152" lowClosed="true" highClosed="true" xsi:type="Interval">
                     <resultTypeSpecifier localId="602" xsi:type="IntervalTypeSpecifier">
                        <pointType localId="603" name="t:DateTime" xsi:type="NamedTypeSpecifier"/>
                     </resultTypeSpecifier>
                     <low localId="591" locator="79:85-79:122" resultTypeName="t:DateTime" xsi:type="Subtract">
                        <operand localId="592" locator="79:85-79:113" resultTypeName="t:DateTime" xsi:type="Start">
                           <operand localId="593" locator="79:94-79:113" name="Measurement Period" xsi:type="ParameterRef">
                              <resultTypeSpecifier localId="594" xsi:type="IntervalTypeSpecifier">
                                 <pointType localId="595" name="t:DateTime" xsi:type="NamedTypeSpecifier"/>
                              </resultTypeSpecifier>
                           </operand>
                        </operand>
                        <operand localId="596" locator="79:117-79:122" resultTypeName="t:Quantity" value="1" unit="year" xsi:type="Quantity"/>
                     </low>
                     <high localId="597" locator="79:125-79:151" resultTypeName="t:DateTime" xsi:type="End">
                        <operand localId="598" locator="79:132-79:151" name="Measurement Period" xsi:type="ParameterRef">
                           <resultTypeSpecifier localId="599" xsi:type="IntervalTypeSpecifier">
                              <pointType localId="600" name="t:DateTime" xsi:type="NamedTypeSpecifier"/>
                           </resultTypeSpecifier>
                        </operand>
                     </high>
                  </operand>
               </where>
            </operand>
         </expression>
      </def>
      <def localId="400" locator="59:1-75:5" resultTypeName="t:Boolean" name="Has Criteria Indicating Frailty" context="Patient" accessLevel="Public">
         <annotation xsi:type="a:Annotation">
            <a:s r="400">
               <a:s>define &quot;Has Criteria Indicating Frailty&quot;:
  </a:s>
               <a:s r="401">
                  <a:s r="402">
                     <a:s r="403">
                        <a:s r="404">
                           <a:s r="405">
                              <a:s>exists </a:s>
                              <a:s r="424">
                                 <a:s>( </a:s>
                                 <a:s r="424">
                                    <a:s>
                                       <a:s r="406">
                                          <a:s r="409">
                                             <a:s r="409">
                                                <a:s>[&quot;Device, Order&quot;: </a:s>
                                                <a:s>
                                                   <a:s>&quot;Frailty Device&quot;</a:s>
                                                </a:s>
                                                <a:s>]</a:s>
                                             </a:s>
                                          </a:s>
                                          <a:s> FrailtyDeviceOrder</a:s>
                                       </a:s>
                                    </a:s>
                                    <a:s>
      </a:s>
                                    <a:s r="423">
                                       <a:s>where </a:s>
                                       <a:s r="423">
                                          <a:s r="418">
                                             <a:s r="417">
                                                <a:s>FrailtyDeviceOrder</a:s>
                                             </a:s>
                                             <a:s>.</a:s>
                                             <a:s r="418">
                                                <a:s>authorDatetime</a:s>
                                             </a:s>
                                          </a:s>
                                          <a:s r="423"> during day of </a:s>
                                          <a:s r="419">
                                             <a:s>&quot;Measurement Period&quot;</a:s>
                                          </a:s>
                                       </a:s>
                                    </a:s>
                                 </a:s>
                                 <a:s>
  )</a:s>
                              </a:s>
                           </a:s>
                           <a:s>
    or </a:s>
                           <a:s r="429">
                              <a:s>exists </a:s>
                              <a:s r="483">
                                 <a:s>( </a:s>
                                 <a:s r="483">
                                    <a:s>
                                       <a:s r="430">
                                          <a:s r="433">
                                             <a:s r="433">
                                                <a:s>[&quot;Assessment, Performed&quot;: </a:s>
                                                <a:s>
                                                   <a:s>&quot;Medical equipment used&quot;</a:s>
                                                </a:s>
                                                <a:s>]</a:s>
                                             </a:s>
                                          </a:s>
                                          <a:s> EquipmentUsed</a:s>
                                       </a:s>
                                    </a:s>
                                    <a:s>
        </a:s>
                                    <a:s r="442">
                                       <a:s>where </a:s>
                                       <a:s r="442">
                                          <a:s r="462">
                                             <a:s r="444">
                                                <a:s r="443">
                                                   <a:s>EquipmentUsed</a:s>
                                                </a:s>
                                                <a:s>.</a:s>
                                                <a:s r="444">
                                                   <a:s>result</a:s>
                                                </a:s>
                                             </a:s>
                                             <a:s> in </a:s>
                                             <a:s r="461">
                                                <a:s>&quot;Frailty Device&quot;</a:s>
                                             </a:s>
                                          </a:s>
                                          <a:s>
          and </a:s>
                                          <a:s r="482">
                                             <a:s r="473">
                                                <a:s r="464">
                                                   <a:s>Global</a:s>
                                                </a:s>
                                                <a:s>.</a:s>
                                                <a:s r="473">
                                                   <a:s>&quot;NormalizeInterval&quot; ( </a:s>
                                                   <a:s r="466">
                                                      <a:s r="465">
                                                         <a:s>EquipmentUsed</a:s>
                                                      </a:s>
                                                      <a:s>.</a:s>
                                                      <a:s r="466">
                                                         <a:s>relevantDatetime</a:s>
                                                      </a:s>
                                                   </a:s>
                                                   <a:s>, </a:s>
                                                   <a:s r="468">
                                                      <a:s r="467">
                                                         <a:s>EquipmentUsed</a:s>
                                                      </a:s>
                                                      <a:s>.</a:s>
                                                      <a:s r="468">
                                                         <a:s>relevantPeriod</a:s>
                                                      </a:s>
                                                   </a:s>
                                                   <a:s> )</a:s>
                                                </a:s>
                                             </a:s>
                                             <a:s r="482"> ends during day of </a:s>
                                             <a:s r="478">
                                                <a:s>&quot;Measurement Period&quot;</a:s>
                                             </a:s>
                                          </a:s>
                                       </a:s>
                                    </a:s>
                                 </a:s>
                                 <a:s>
    )</a:s>
                              </a:s>
                           </a:s>
                        </a:s>
                        <a:s>
    or </a:s>
                        <a:s r="488">
                           <a:s>exists </a:s>
                           <a:s r="510">
                              <a:s>( </a:s>
                              <a:s r="510">
                                 <a:s>
                                    <a:s r="489">
                                       <a:s r="492">
                                          <a:s r="492">
                                             <a:s>[&quot;Diagnosis&quot;: </a:s>
                                             <a:s>
                                                <a:s>&quot;Frailty Diagnosis&quot;</a:s>
                                             </a:s>
                                             <a:s>]</a:s>
                                          </a:s>
                                       </a:s>
                                       <a:s> FrailtyDiagnosis</a:s>
                                    </a:s>
                                 </a:s>
                                 <a:s>
        </a:s>
                                 <a:s r="509">
                                    <a:s>where </a:s>
                                    <a:s r="509">
                                       <a:s r="501">
                                          <a:s r="500">
                                             <a:s>FrailtyDiagnosis</a:s>
                                          </a:s>
                                          <a:s>.</a:s>
                                          <a:s r="501">
                                             <a:s>prevalencePeriod</a:s>
                                          </a:s>
                                       </a:s>
                                       <a:s r="509"> overlaps day of </a:s>
                                       <a:s r="506">
                                          <a:s>&quot;Measurement Period&quot;</a:s>
                                       </a:s>
                                    </a:s>
                                 </a:s>
                              </a:s>
                              <a:s>
    )</a:s>
                           </a:s>
                        </a:s>
                     </a:s>
                     <a:s>
    or </a:s>
                     <a:s r="515">
                        <a:s>exists </a:s>
                        <a:s r="537">
                           <a:s>( </a:s>
                           <a:s r="537">
                              <a:s>
                                 <a:s r="516">
                                    <a:s r="519">
                                       <a:s r="519">
                                          <a:s>[&quot;Encounter, Performed&quot;: </a:s>
                                          <a:s>
                                             <a:s>&quot;Frailty Encounter&quot;</a:s>
                                          </a:s>
                                          <a:s>]</a:s>
                                       </a:s>
                                    </a:s>
                                    <a:s> FrailtyEncounter</a:s>
                                 </a:s>
                              </a:s>
                              <a:s>
        </a:s>
                              <a:s r="536">
                                 <a:s>where </a:s>
                                 <a:s r="536">
                                    <a:s r="528">
                                       <a:s r="527">
                                          <a:s>FrailtyEncounter</a:s>
                                       </a:s>
                                       <a:s>.</a:s>
                                       <a:s r="528">
                                          <a:s>relevantPeriod</a:s>
                                       </a:s>
                                    </a:s>
                                    <a:s r="536"> overlaps day of </a:s>
                                    <a:s r="533">
                                       <a:s>&quot;Measurement Period&quot;</a:s>
                                    </a:s>
                                 </a:s>
                              </a:s>
                           </a:s>
                           <a:s>
    )</a:s>
                        </a:s>
                     </a:s>
                  </a:s>
                  <a:s>
    or </a:s>
                  <a:s r="542">
                     <a:s>exists </a:s>
                     <a:s r="564">
                        <a:s>( </a:s>
                        <a:s r="564">
                           <a:s>
                              <a:s r="543">
                                 <a:s r="546">
                                    <a:s r="546">
                                       <a:s>[&quot;Symptom&quot;: </a:s>
                                       <a:s>
                                          <a:s>&quot;Frailty Symptom&quot;</a:s>
                                       </a:s>
                                       <a:s>]</a:s>
                                    </a:s>
                                 </a:s>
                                 <a:s> FrailtySymptom</a:s>
                              </a:s>
                           </a:s>
                           <a:s>
        </a:s>
                           <a:s r="563">
                              <a:s>where </a:s>
                              <a:s r="563">
                                 <a:s r="555">
                                    <a:s r="554">
                                       <a:s>FrailtySymptom</a:s>
                                    </a:s>
                                    <a:s>.</a:s>
                                    <a:s r="555">
                                       <a:s>prevalencePeriod</a:s>
                                    </a:s>
                                 </a:s>
                                 <a:s r="563"> overlaps day of </a:s>
                                 <a:s r="560">
                                    <a:s>&quot;Measurement Period&quot;</a:s>
                                 </a:s>
                              </a:s>
                           </a:s>
                        </a:s>
                        <a:s>
    )</a:s>
                     </a:s>
                  </a:s>
               </a:s>
            </a:s>
         </annotation>
         <expression localId="401" locator="60:3-75:5" resultTypeName="t:Boolean" xsi:type="Or">
            <operand localId="402" locator="60:3-72:5" resultTypeName="t:Boolean" xsi:type="Or">
               <operand localId="403" locator="60:3-69:5" resultTypeName="t:Boolean" xsi:type="Or">
                  <operand localId="404" locator="60:3-66:5" resultTypeName="t:Boolean" xsi:type="Or">
                     <operand localId="405" locator="60:3-62:3" resultTypeName="t:Boolean" xsi:type="Exists">
                        <operand localId="424" locator="60:10-62:3" xsi:type="Query">
                           <resultTypeSpecifier localId="427" xsi:type="ListTypeSpecifier">
                              <elementType localId="428" xmlns:ns4="urn:healthit-gov:qdm:v5_6" name="ns4:PositiveDeviceOrder" xsi:type="NamedTypeSpecifier"/>
                           </resultTypeSpecifier>
                           <source localId="406" locator="60:12-60:65" alias="FrailtyDeviceOrder">
                              <resultTypeSpecifier localId="415" xsi:type="ListTypeSpecifier">
                                 <elementType localId="416" xmlns:ns5="urn:healthit-gov:qdm:v5_6" name="ns5:PositiveDeviceOrder" xsi:type="NamedTypeSpecifier"/>
                              </resultTypeSpecifier>
                              <expression localId="409" locator="60:12-60:46" xmlns:ns6="urn:healthit-gov:qdm:v5_6" dataType="ns6:PositiveDeviceOrder" templateId="PositiveDeviceOrder" codeProperty="code" codeComparator="in" xsi:type="Retrieve">
                                 <resultTypeSpecifier localId="413" xsi:type="ListTypeSpecifier">
                                    <elementType localId="414" xmlns:ns7="urn:healthit-gov:qdm:v5_6" name="ns7:PositiveDeviceOrder" xsi:type="NamedTypeSpecifier"/>
                                 </resultTypeSpecifier>
                                 <codes localId="408" locator="60:30-60:45" resultTypeName="t:ValueSet" name="Frailty Device" preserve="true" xsi:type="ValueSetRef"/>
                              </expression>
                           </source>
                           <where localId="423" locator="61:7-61:80" resultTypeName="t:Boolean" precision="Day" xsi:type="In">
                              <operand localId="418" locator="61:13-61:45" resultTypeName="t:DateTime" path="authorDatetime" scope="FrailtyDeviceOrder" xsi:type="Property"/>
                              <operand localId="419" locator="61:61-61:80" name="Measurement Period" xsi:type="ParameterRef">
                                 <resultTypeSpecifier localId="420" xsi:type="IntervalTypeSpecifier">
                                    <pointType localId="421" name="t:DateTime" xsi:type="NamedTypeSpecifier"/>
                                 </resultTypeSpecifier>
                              </operand>
                           </where>
                        </operand>
                     </operand>
                     <operand localId="429" locator="63:8-66:5" resultTypeName="t:Boolean" xsi:type="Exists">
                        <operand localId="483" locator="63:15-66:5" xsi:type="Query">
                           <resultTypeSpecifier localId="486" xsi:type="ListTypeSpecifier">
                              <elementType localId="487" xmlns:ns8="urn:healthit-gov:qdm:v5_6" name="ns8:PositiveAssessmentPerformed" xsi:type="NamedTypeSpecifier"/>
                           </resultTypeSpecifier>
                           <source localId="430" locator="63:17-63:81" alias="EquipmentUsed">
                              <resultTypeSpecifier localId="440" xsi:type="ListTypeSpecifier">
                                 <elementType localId="441" xmlns:ns9="urn:healthit-gov:qdm:v5_6" name="ns9:PositiveAssessmentPerformed" xsi:type="NamedTypeSpecifier"/>
                              </resultTypeSpecifier>
                              <expression localId="433" locator="63:17-63:67" xmlns:ns10="urn:healthit-gov:qdm:v5_6" dataType="ns10:PositiveAssessmentPerformed" templateId="PositiveAssessmentPerformed" codeProperty="code" codeComparator="~" xsi:type="Retrieve">
                                 <resultTypeSpecifier localId="438" xsi:type="ListTypeSpecifier">
                                    <elementType localId="439" xmlns:ns11="urn:healthit-gov:qdm:v5_6" name="ns11:PositiveAssessmentPerformed" xsi:type="NamedTypeSpecifier"/>
                                 </resultTypeSpecifier>
                                 <codes localId="435" xsi:type="ToList">
                                    <operand localId="432" locator="63:43-63:66" resultTypeName="t:Code" name="Medical equipment used" xsi:type="CodeRef"/>
                                 </codes>
                              </expression>
                           </source>
                           <where localId="442" locator="64:9-65:145" resultTypeName="t:Boolean" xsi:type="And">
                              <operand localId="462" locator="64:15-64:54" resultTypeName="t:Boolean" xsi:type="InValueSet">
                                 <code localId="463" asType="t:Code" xsi:type="As">
                                    <operand localId="444" locator="64:15-64:34" path="result" scope="EquipmentUsed" xsi:type="Property">
                                       <resultTypeSpecifier localId="453" xsi:type="ChoiceTypeSpecifier">
                                          <choice localId="454" name="t:Integer" xsi:type="NamedTypeSpecifier"/>
                                          <choice localId="455" name="t:Decimal" xsi:type="NamedTypeSpecifier"/>
                                          <choice localId="456" name="t:Code" xsi:type="NamedTypeSpecifier"/>
                                          <choice localId="457" name="t:Quantity" xsi:type="NamedTypeSpecifier"/>
                                          <choice localId="458" name="t:Ratio" xsi:type="NamedTypeSpecifier"/>
                                          <choice localId="459" name="t:DateTime" xsi:type="NamedTypeSpecifier"/>
                                          <choice localId="460" name="t:Time" xsi:type="NamedTypeSpecifier"/>
                                       </resultTypeSpecifier>
                                    </operand>
                                 </code>
                                 <valueset localId="461" locator="64:39-64:54" resultTypeName="t:ValueSet" name="Frailty Device" preserve="true"/>
                              </operand>
                              <operand localId="482" locator="65:15-65:145" resultTypeName="t:Boolean" precision="Day" xsi:type="In">
                                 <operand localId="481" locator="65:107-65:110" xsi:type="End">
                                    <operand localId="473" locator="65:15-65:105" name="NormalizeInterval" libraryName="Global" xsi:type="FunctionRef">
                                       <resultTypeSpecifier localId="476" xsi:type="IntervalTypeSpecifier">
                                          <pointType localId="477" name="t:DateTime" xsi:type="NamedTypeSpecifier"/>
                                       </resultTypeSpecifier>
                                       <operand localId="466" locator="65:44-65:73" resultTypeName="t:DateTime" path="relevantDatetime" scope="EquipmentUsed" xsi:type="Property"/>
                                       <operand localId="468" locator="65:76-65:103" path="relevantPeriod" scope="EquipmentUsed" xsi:type="Property">
                                          <resultTypeSpecifier localId="471" xsi:type="IntervalTypeSpecifier">
                                             <pointType localId="472" name="t:DateTime" xsi:type="NamedTypeSpecifier"/>
                                          </resultTypeSpecifier>
                                       </operand>
                                    </operand>
                                 </operand>
                                 <operand localId="478" locator="65:126-65:145" name="Measurement Period" xsi:type="ParameterRef">
                                    <resultTypeSpecifier localId="479" xsi:type="IntervalTypeSpecifier">
                                       <pointType localId="480" name="t:DateTime" xsi:type="NamedTypeSpecifier"/>
                                    </resultTypeSpecifier>
                                 </operand>
                              </operand>
                           </where>
                        </operand>
                     </operand>
                  </operand>
                  <operand localId="488" locator="67:8-69:5" resultTypeName="t:Boolean" xsi:type="Exists">
                     <operand localId="510" locator="67:15-69:5" xsi:type="Query">
                        <resultTypeSpecifier localId="513" xsi:type="ListTypeSpecifier">
                           <elementType localId="514" xmlns:ns12="urn:healthit-gov:qdm:v5_6" name="ns12:Diagnosis" xsi:type="NamedTypeSpecifier"/>
                        </resultTypeSpecifier>
                        <source localId="489" locator="67:17-67:67" alias="FrailtyDiagnosis">
                           <resultTypeSpecifier localId="498" xsi:type="ListTypeSpecifier">
                              <elementType localId="499" xmlns:ns13="urn:healthit-gov:qdm:v5_6" name="ns13:Diagnosis" xsi:type="NamedTypeSpecifier"/>
                           </resultTypeSpecifier>
                           <expression localId="492" locator="67:17-67:50" xmlns:ns14="urn:healthit-gov:qdm:v5_6" dataType="ns14:Diagnosis" codeProperty="code" codeComparator="in" xsi:type="Retrieve">
                              <resultTypeSpecifier localId="496" xsi:type="ListTypeSpecifier">
                                 <elementType localId="497" xmlns:ns15="urn:healthit-gov:qdm:v5_6" name="ns15:Diagnosis" xsi:type="NamedTypeSpecifier"/>
                              </resultTypeSpecifier>
                              <codes localId="491" locator="67:31-67:49" resultTypeName="t:ValueSet" name="Frailty Diagnosis" preserve="true" xsi:type="ValueSetRef"/>
                           </expression>
                        </source>
                        <where localId="509" locator="68:9-68:84" resultTypeName="t:Boolean" precision="Day" xsi:type="Overlaps">
                           <operand localId="501" locator="68:15-68:47" path="prevalencePeriod" scope="FrailtyDiagnosis" xsi:type="Property">
                              <resultTypeSpecifier localId="504" xsi:type="IntervalTypeSpecifier">
                                 <pointType localId="505" name="t:DateTime" xsi:type="NamedTypeSpecifier"/>
                              </resultTypeSpecifier>
                           </operand>
                           <operand localId="506" locator="68:65-68:84" name="Measurement Period" xsi:type="ParameterRef">
                              <resultTypeSpecifier localId="507" xsi:type="IntervalTypeSpecifier">
                                 <pointType localId="508" name="t:DateTime" xsi:type="NamedTypeSpecifier"/>
                              </resultTypeSpecifier>
                           </operand>
                        </where>
                     </operand>
                  </operand>
               </operand>
               <operand localId="515" locator="70:8-72:5" resultTypeName="t:Boolean" xsi:type="Exists">
                  <operand localId="537" locator="70:15-72:5" xsi:type="Query">
                     <resultTypeSpecifier localId="540" xsi:type="ListTypeSpecifier">
                        <elementType localId="541" xmlns:ns16="urn:healthit-gov:qdm:v5_6" name="ns16:PositiveEncounterPerformed" xsi:type="NamedTypeSpecifier"/>
                     </resultTypeSpecifier>
                     <source localId="516" locator="70:17-70:78" alias="FrailtyEncounter">
                        <resultTypeSpecifier localId="525" xsi:type="ListTypeSpecifier">
                           <elementType localId="526" xmlns:ns17="urn:healthit-gov:qdm:v5_6" name="ns17:PositiveEncounterPerformed" xsi:type="NamedTypeSpecifier"/>
                        </resultTypeSpecifier>
                        <expression localId="519" locator="70:17-70:61" xmlns:ns18="urn:healthit-gov:qdm:v5_6" dataType="ns18:PositiveEncounterPerformed" templateId="PositiveEncounterPerformed" codeProperty="code" codeComparator="in" xsi:type="Retrieve">
                           <resultTypeSpecifier localId="523" xsi:type="ListTypeSpecifier">
                              <elementType localId="524" xmlns:ns19="urn:healthit-gov:qdm:v5_6" name="ns19:PositiveEncounterPerformed" xsi:type="NamedTypeSpecifier"/>
                           </resultTypeSpecifier>
                           <codes localId="518" locator="70:42-70:60" resultTypeName="t:ValueSet" name="Frailty Encounter" preserve="true" xsi:type="ValueSetRef"/>
                        </expression>
                     </source>
                     <where localId="536" locator="71:9-71:82" resultTypeName="t:Boolean" precision="Day" xsi:type="Overlaps">
                        <operand localId="528" locator="71:15-71:45" path="relevantPeriod" scope="FrailtyEncounter" xsi:type="Property">
                           <resultTypeSpecifier localId="531" xsi:type="IntervalTypeSpecifier">
                              <pointType localId="532" name="t:DateTime" xsi:type="NamedTypeSpecifier"/>
                           </resultTypeSpecifier>
                        </operand>
                        <operand localId="533" locator="71:63-71:82" name="Measurement Period" xsi:type="ParameterRef">
                           <resultTypeSpecifier localId="534" xsi:type="IntervalTypeSpecifier">
                              <pointType localId="535" name="t:DateTime" xsi:type="NamedTypeSpecifier"/>
                           </resultTypeSpecifier>
                        </operand>
                     </where>
                  </operand>
               </operand>
            </operand>
            <operand localId="542" locator="73:8-75:5" resultTypeName="t:Boolean" xsi:type="Exists">
               <operand localId="564" locator="73:15-75:5" xsi:type="Query">
                  <resultTypeSpecifier localId="567" xsi:type="ListTypeSpecifier">
                     <elementType localId="568" xmlns:ns20="urn:healthit-gov:qdm:v5_6" name="ns20:Symptom" xsi:type="NamedTypeSpecifier"/>
                  </resultTypeSpecifier>
                  <source localId="543" locator="73:17-73:61" alias="FrailtySymptom">
                     <resultTypeSpecifier localId="552" xsi:type="ListTypeSpecifier">
                        <elementType localId="553" xmlns:ns21="urn:healthit-gov:qdm:v5_6" name="ns21:Symptom" xsi:type="NamedTypeSpecifier"/>
                     </resultTypeSpecifier>
                     <expression localId="546" locator="73:17-73:46" xmlns:ns22="urn:healthit-gov:qdm:v5_6" dataType="ns22:Symptom" codeProperty="code" codeComparator="in" xsi:type="Retrieve">
                        <resultTypeSpecifier localId="550" xsi:type="ListTypeSpecifier">
                           <elementType localId="551" xmlns:ns23="urn:healthit-gov:qdm:v5_6" name="ns23:Symptom" xsi:type="NamedTypeSpecifier"/>
                        </resultTypeSpecifier>
                        <codes localId="545" locator="73:29-73:45" resultTypeName="t:ValueSet" name="Frailty Symptom" preserve="true" xsi:type="ValueSetRef"/>
                     </expression>
                  </source>
                  <where localId="563" locator="74:9-74:82" resultTypeName="t:Boolean" precision="Day" xsi:type="Overlaps">
                     <operand localId="555" locator="74:15-74:45" path="prevalencePeriod" scope="FrailtySymptom" xsi:type="Property">
                        <resultTypeSpecifier localId="558" xsi:type="IntervalTypeSpecifier">
                           <pointType localId="559" name="t:DateTime" xsi:type="NamedTypeSpecifier"/>
                        </resultTypeSpecifier>
                     </operand>
                     <operand localId="560" locator="74:63-74:82" name="Measurement Period" xsi:type="ParameterRef">
                        <resultTypeSpecifier localId="561" xsi:type="IntervalTypeSpecifier">
                           <pointType localId="562" name="t:DateTime" xsi:type="NamedTypeSpecifier"/>
                        </resultTypeSpecifier>
                     </operand>
                  </where>
               </operand>
            </operand>
         </expression>
      </def>
      <def localId="234" locator="25:1-28:33" resultTypeName="t:Boolean" name="Has Dementia Medications in Year Before or During Measurement Period" context="Patient" accessLevel="Public">
         <annotation xsi:type="a:Annotation">
            <a:s r="234">
               <a:s>define &quot;Has Dementia Medications in Year Before or During Measurement Period&quot;:
  </a:s>
               <a:s r="235">
                  <a:s>exists </a:s>
                  <a:s r="275">
                     <a:s>(</a:s>
                     <a:s r="275">
                        <a:s>
                           <a:s r="236">
                              <a:s r="239">
                                 <a:s r="239">
                                    <a:s>[&quot;Medication, Active&quot;: </a:s>
                                    <a:s>
                                       <a:s>&quot;Dementia Medications&quot;</a:s>
                                    </a:s>
                                    <a:s>]</a:s>
                                 </a:s>
                              </a:s>
                              <a:s> DementiaMedication</a:s>
                           </a:s>
                        </a:s>
                        <a:s>
    </a:s>
                        <a:s r="274">
                           <a:s>where </a:s>
                           <a:s r="274">
                              <a:s r="256">
                                 <a:s r="247">
                                    <a:s>Global</a:s>
                                 </a:s>
                                 <a:s>.</a:s>
                                 <a:s r="256">
                                    <a:s>&quot;NormalizeInterval&quot; ( </a:s>
                                    <a:s r="249">
                                       <a:s r="248">
                                          <a:s>DementiaMedication</a:s>
                                       </a:s>
                                       <a:s>.</a:s>
                                       <a:s r="249">
                                          <a:s>relevantDatetime</a:s>
                                       </a:s>
                                    </a:s>
                                    <a:s>, </a:s>
                                    <a:s r="251">
                                       <a:s r="250">
                                          <a:s>DementiaMedication</a:s>
                                       </a:s>
                                       <a:s>.</a:s>
                                       <a:s r="251">
                                          <a:s>relevantPeriod</a:s>
                                       </a:s>
                                    </a:s>
                                    <a:s> )</a:s>
                                 </a:s>
                              </a:s>
                              <a:s r="274"> overlaps day of </a:s>
                              <a:s r="271">
                                 <a:s>Interval[</a:s>
                                 <a:s r="261">
                                    <a:s r="262">
                                       <a:s>start of </a:s>
                                       <a:s r="263">
                                          <a:s>&quot;Measurement Period&quot;</a:s>
                                       </a:s>
                                    </a:s>
                                    <a:s> - </a:s>
                                    <a:s r="266">
                                       <a:s>1 year</a:s>
                                    </a:s>
                                 </a:s>
                                 <a:s>, 
    </a:s>
                                 <a:s r="267">
                                    <a:s>end of </a:s>
                                    <a:s r="268">
                                       <a:s>&quot;Measurement Period&quot;</a:s>
                                    </a:s>
                                 </a:s>
                                 <a:s>]</a:s>
                              </a:s>
                           </a:s>
                        </a:s>
                     </a:s>
                     <a:s>)</a:s>
                  </a:s>
               </a:s>
            </a:s>
         </annotation>
         <expression localId="235" locator="26:3-28:33" resultTypeName="t:Boolean" xsi:type="Exists">
            <operand localId="275" locator="26:10-28:33" xsi:type="Query">
               <resultTypeSpecifier localId="278" xsi:type="ListTypeSpecifier">
                  <elementType localId="279" xmlns:ns24="urn:healthit-gov:qdm:v5_6" name="ns24:MedicationActive" xsi:type="NamedTypeSpecifier"/>
               </resultTypeSpecifier>
               <source localId="236" locator="26:11-26:75" alias="DementiaMedication">
                  <resultTypeSpecifier localId="245" xsi:type="ListTypeSpecifier">
                     <elementType localId="246" xmlns:ns25="urn:healthit-gov:qdm:v5_6" name="ns25:MedicationActive" xsi:type="NamedTypeSpecifier"/>
                  </resultTypeSpecifier>
                  <expression localId="239" locator="26:11-26:56" xmlns:ns26="urn:healthit-gov:qdm:v5_6" dataType="ns26:MedicationActive" codeProperty="code" codeComparator="in" xsi:type="Retrieve">
                     <resultTypeSpecifier localId="243" xsi:type="ListTypeSpecifier">
                        <elementType localId="244" xmlns:ns27="urn:healthit-gov:qdm:v5_6" name="ns27:MedicationActive" xsi:type="NamedTypeSpecifier"/>
                     </resultTypeSpecifier>
                     <codes localId="238" locator="26:34-26:55" resultTypeName="t:ValueSet" name="Dementia Medications" preserve="true" xsi:type="ValueSetRef"/>
                  </expression>
               </source>
               <where localId="274" locator="27:5-28:32" resultTypeName="t:Boolean" precision="Day" xsi:type="Overlaps">
                  <operand localId="256" locator="27:11-27:111" name="NormalizeInterval" libraryName="Global" xsi:type="FunctionRef">
                     <resultTypeSpecifier localId="259" xsi:type="IntervalTypeSpecifier">
                        <pointType localId="260" name="t:DateTime" xsi:type="NamedTypeSpecifier"/>
                     </resultTypeSpecifier>
                     <operand localId="249" locator="27:40-27:74" resultTypeName="t:DateTime" path="relevantDatetime" scope="DementiaMedication" xsi:type="Property"/>
                     <operand localId="251" locator="27:77-27:109" path="relevantPeriod" scope="DementiaMedication" xsi:type="Property">
                        <resultTypeSpecifier localId="254" xsi:type="IntervalTypeSpecifier">
                           <pointType localId="255" name="t:DateTime" xsi:type="NamedTypeSpecifier"/>
                        </resultTypeSpecifier>
                     </operand>
                  </operand>
                  <operand localId="271" locator="27:129-28:32" lowClosed="true" highClosed="true" xsi:type="Interval">
                     <resultTypeSpecifier localId="272" xsi:type="IntervalTypeSpecifier">
                        <pointType localId="273" name="t:DateTime" xsi:type="NamedTypeSpecifier"/>
                     </resultTypeSpecifier>
                     <low localId="261" locator="27:138-27:175" resultTypeName="t:DateTime" xsi:type="Subtract">
                        <operand localId="262" locator="27:138-27:166" resultTypeName="t:DateTime" xsi:type="Start">
                           <operand localId="263" locator="27:147-27:166" name="Measurement Period" xsi:type="ParameterRef">
                              <resultTypeSpecifier localId="264" xsi:type="IntervalTypeSpecifier">
                                 <pointType localId="265" name="t:DateTime" xsi:type="NamedTypeSpecifier"/>
                              </resultTypeSpecifier>
                           </operand>
                        </operand>
                        <operand localId="266" locator="27:170-27:175" resultTypeName="t:Quantity" value="1" unit="year" xsi:type="Quantity"/>
                     </low>
                     <high localId="267" locator="28:5-28:31" resultTypeName="t:DateTime" xsi:type="End">
                        <operand localId="268" locator="28:12-28:31" name="Measurement Period" xsi:type="ParameterRef">
                           <resultTypeSpecifier localId="269" xsi:type="IntervalTypeSpecifier">
                              <pointType localId="270" name="t:DateTime" xsi:type="NamedTypeSpecifier"/>
                           </resultTypeSpecifier>
                        </operand>
                     </high>
                  </operand>
               </where>
            </operand>
         </expression>
      </def>
      <def localId="281" locator="30:1-42:17" resultTypeName="t:Boolean" name="Is Age 66 or Older Living Long Term in a Nursing Home" context="Patient" accessLevel="Public">
         <annotation xsi:type="a:Annotation">
            <a:s r="281">
               <a:s>define &quot;Is Age 66 or Older Living Long Term in a Nursing Home&quot;:
  </a:s>
               <a:s r="282">
                  <a:s r="283">
                     <a:s>( </a:s>
                     <a:s r="283">
                        <a:s r="295">
                           <a:s>AgeInYearsAt(</a:s>
                           <a:s r="284">
                              <a:s>date from 
      </a:s>
                              <a:s r="285">
                                 <a:s>end of </a:s>
                                 <a:s r="286">
                                    <a:s>&quot;Measurement Period&quot;</a:s>
                                 </a:s>
                              </a:s>
                           </a:s>
                           <a:s>
    )</a:s>
                        </a:s>
                        <a:s r="296">>= 66</a:s>
                     </a:s>
                     <a:s>
  )</a:s>
                  </a:s>
                  <a:s>
    and </a:s>
                  <a:s r="375">
                     <a:s r="373">
                        <a:s>( </a:s>
                        <a:s r="373">
                           <a:s>
                              <a:s r="297">
                                 <a:s r="351">
                                    <a:s>( </a:s>
                                    <a:s r="351">
                                       <a:s>Last(</a:s>
                                       <a:s r="346">
                                          <a:s>
                                             <a:s r="298">
                                                <a:s r="301">
                                                   <a:s r="301">
                                                      <a:s>[&quot;Assessment, Performed&quot;: </a:s>
                                                      <a:s>
                                                         <a:s>&quot;Housing status&quot;</a:s>
                                                      </a:s>
                                                      <a:s>]</a:s>
                                                   </a:s>
                                                </a:s>
                                                <a:s> HousingStatus</a:s>
                                             </a:s>
                                          </a:s>
                                          <a:s>
          </a:s>
                                          <a:s r="329">
                                             <a:s>where </a:s>
                                             <a:s r="329">
                                                <a:s r="319">
                                                   <a:s r="310">
                                                      <a:s>Global</a:s>
                                                   </a:s>
                                                   <a:s>.</a:s>
                                                   <a:s r="319">
                                                      <a:s>&quot;NormalizeInterval&quot;(</a:s>
                                                      <a:s r="312">
                                                         <a:s r="311">
                                                            <a:s>HousingStatus</a:s>
                                                         </a:s>
                                                         <a:s>.</a:s>
                                                         <a:s r="312">
                                                            <a:s>relevantDatetime</a:s>
                                                         </a:s>
                                                      </a:s>
                                                      <a:s>, </a:s>
                                                      <a:s r="314">
                                                         <a:s r="313">
                                                            <a:s>HousingStatus</a:s>
                                                         </a:s>
                                                         <a:s>.</a:s>
                                                         <a:s r="314">
                                                            <a:s>relevantPeriod</a:s>
                                                         </a:s>
                                                      </a:s>
                                                      <a:s>)</a:s>
                                                   </a:s>
                                                </a:s>
                                                <a:s r="329"> ends on or before day of 
          </a:s>
                                                <a:s r="324">
                                                   <a:s>end of </a:s>
                                                   <a:s r="325">
                                                      <a:s>&quot;Measurement Period&quot;</a:s>
                                                   </a:s>
                                                </a:s>
                                             </a:s>
                                          </a:s>
                                          <a:s>
          </a:s>
                                          <a:s r="342">
                                             <a:s>sort by 
          </a:s>
                                             <a:s r="341">
                                                <a:s r="330">
                                                   <a:s>end of </a:s>
                                                   <a:s r="336">
                                                      <a:s r="331">
                                                         <a:s>Global</a:s>
                                                      </a:s>
                                                      <a:s>.</a:s>
                                                      <a:s r="336">
                                                         <a:s>&quot;NormalizeInterval&quot;(</a:s>
                                                         <a:s r="332">
                                                            <a:s>relevantDatetime</a:s>
                                                         </a:s>
                                                         <a:s>, </a:s>
                                                         <a:s r="333">
                                                            <a:s>relevantPeriod</a:s>
                                                         </a:s>
                                                         <a:s>)</a:s>
                                                      </a:s>
                                                   </a:s>
                                                </a:s>
                                                <a:s>asc</a:s>
                                             </a:s>
                                          </a:s>
                                       </a:s>
                                       <a:s>
      )</a:s>
                                    </a:s>
                                    <a:s>)</a:s>
                                 </a:s>
                                 <a:s> LastHousingStatus</a:s>
                              </a:s>
                           </a:s>
                           <a:s>
        </a:s>
                           <a:s r="352">
                              <a:s>where </a:s>
                              <a:s r="352">
                                 <a:s r="354">
                                    <a:s r="353">
                                       <a:s>LastHousingStatus</a:s>
                                    </a:s>
                                    <a:s>.</a:s>
                                    <a:s r="354">
                                       <a:s>result</a:s>
                                    </a:s>
                                 </a:s>
                                 <a:s> ~ </a:s>
                                 <a:s r="371">
                                    <a:s>&quot;Lives in nursing home (finding)&quot;</a:s>
                                 </a:s>
                              </a:s>
                           </a:s>
                        </a:s>
                        <a:s>
    )</a:s>
                     </a:s>
                     <a:s> is not null</a:s>
                  </a:s>
               </a:s>
            </a:s>
         </annotation>
         <expression localId="282" locator="31:3-42:17" resultTypeName="t:Boolean" xsi:type="And">
            <operand localId="283" locator="31:3-34:3" resultTypeName="t:Boolean" xsi:type="GreaterOrEqual">
               <operand localId="295" locator="31:5-33:5" resultTypeName="t:Integer" precision="Year" xsi:type="CalculateAgeAt">
                  <operand localId="294" xsi:type="ToDate">
                     <operand localId="292" path="birthDatetime" xsi:type="Property">
                        <source localId="291" name="Patient" xsi:type="ExpressionRef"/>
                     </operand>
                  </operand>
                  <operand localId="284" locator="31:18-32:33" resultTypeName="t:Date" xsi:type="DateFrom">
                     <operand localId="285" locator="32:7-32:33" resultTypeName="t:DateTime" xsi:type="End">
                        <operand localId="286" locator="32:14-32:33" name="Measurement Period" xsi:type="ParameterRef">
                           <resultTypeSpecifier localId="287" xsi:type="IntervalTypeSpecifier">
                              <pointType localId="288" name="t:DateTime" xsi:type="NamedTypeSpecifier"/>
                           </resultTypeSpecifier>
                        </operand>
                     </operand>
                  </operand>
               </operand>
               <operand localId="296" locator="33:9-33:10" resultTypeName="t:Integer" valueType="t:Integer" value="66" xsi:type="Literal"/>
            </operand>
            <operand localId="375" locator="35:9-42:17" resultTypeName="t:Boolean" xsi:type="Not">
               <operand localId="374" locator="35:9-42:17" resultTypeName="t:Boolean" xsi:type="IsNull">
                  <operand localId="373" locator="35:9-42:5" xmlns:ns28="urn:healthit-gov:qdm:v5_6" resultTypeName="ns28:PositiveAssessmentPerformed" xsi:type="Query">
                     <source localId="297" locator="35:11-40:26" xmlns:ns29="urn:healthit-gov:qdm:v5_6" resultTypeName="ns29:PositiveAssessmentPerformed" alias="LastHousingStatus">
                        <expression localId="351" locator="35:11-40:8" xmlns:ns30="urn:healthit-gov:qdm:v5_6" resultTypeName="ns30:PositiveAssessmentPerformed" xsi:type="Last">
                           <source localId="346" locator="35:18-39:80" xsi:type="Query">
                              <resultTypeSpecifier localId="347" xsi:type="ListTypeSpecifier">
                                 <elementType localId="348" xmlns:ns31="urn:healthit-gov:qdm:v5_6" name="ns31:PositiveAssessmentPerformed" xsi:type="NamedTypeSpecifier"/>
                              </resultTypeSpecifier>
                              <source localId="298" locator="35:18-35:74" alias="HousingStatus">
                                 <resultTypeSpecifier localId="308" xsi:type="ListTypeSpecifier">
                                    <elementType localId="309" xmlns:ns32="urn:healthit-gov:qdm:v5_6" name="ns32:PositiveAssessmentPerformed" xsi:type="NamedTypeSpecifier"/>
                                 </resultTypeSpecifier>
                                 <expression localId="301" locator="35:18-35:60" xmlns:ns33="urn:healthit-gov:qdm:v5_6" dataType="ns33:PositiveAssessmentPerformed" templateId="PositiveAssessmentPerformed" codeProperty="code" codeComparator="~" xsi:type="Retrieve">
                                    <resultTypeSpecifier localId="306" xsi:type="ListTypeSpecifier">
                                       <elementType localId="307" xmlns:ns34="urn:healthit-gov:qdm:v5_6" name="ns34:PositiveAssessmentPerformed" xsi:type="NamedTypeSpecifier"/>
                                    </resultTypeSpecifier>
                                    <codes localId="303" xsi:type="ToList">
                                       <operand localId="300" locator="35:44-35:59" resultTypeName="t:Code" name="Housing status" xsi:type="CodeRef"/>
                                    </codes>
                                 </expression>
                              </source>
                              <where localId="329" locator="36:11-37:37" resultTypeName="t:Boolean" precision="Day" xsi:type="SameOrBefore">
                                 <operand localId="328" locator="36:106-36:109" xsi:type="End">
                                    <operand localId="319" locator="36:17-36:104" name="NormalizeInterval" libraryName="Global" xsi:type="FunctionRef">
                                       <resultTypeSpecifier localId="322" xsi:type="IntervalTypeSpecifier">
                                          <pointType localId="323" name="t:DateTime" xsi:type="NamedTypeSpecifier"/>
                                       </resultTypeSpecifier>
                                       <operand localId="312" locator="36:44-36:73" resultTypeName="t:DateTime" path="relevantDatetime" scope="HousingStatus" xsi:type="Property"/>
                                       <operand localId="314" locator="36:76-36:103" path="relevantPeriod" scope="HousingStatus" xsi:type="Property">
                                          <resultTypeSpecifier localId="317" xsi:type="IntervalTypeSpecifier">
                                             <pointType localId="318" name="t:DateTime" xsi:type="NamedTypeSpecifier"/>
                                          </resultTypeSpecifier>
                                       </operand>
                                    </operand>
                                 </operand>
                                 <operand localId="324" locator="37:11-37:37" resultTypeName="t:DateTime" xsi:type="End">
                                    <operand localId="325" locator="37:18-37:37" name="Measurement Period" xsi:type="ParameterRef">
                                       <resultTypeSpecifier localId="326" xsi:type="IntervalTypeSpecifier">
                                          <pointType localId="327" name="t:DateTime" xsi:type="NamedTypeSpecifier"/>
                                       </resultTypeSpecifier>
                                    </operand>
                                 </operand>
                              </where>
                              <sort localId="342" locator="38:11-39:80">
                                 <by localId="341" locator="39:11-39:80" resultTypeName="t:DateTime" direction="asc" xsi:type="ByExpression">
                                    <expression localId="330" locator="39:11-39:77" resultTypeName="t:DateTime" xsi:type="End">
                                       <operand localId="336" locator="39:18-39:77" name="NormalizeInterval" libraryName="Global" xsi:type="FunctionRef">
                                          <resultTypeSpecifier localId="339" xsi:type="IntervalTypeSpecifier">
                                             <pointType localId="340" name="t:DateTime" xsi:type="NamedTypeSpecifier"/>
                                          </resultTypeSpecifier>
                                          <operand localId="332" locator="39:45-39:60" resultTypeName="t:DateTime" name="relevantDatetime" xsi:type="IdentifierRef"/>
                                          <operand localId="333" locator="39:63-39:76" name="relevantPeriod" xsi:type="IdentifierRef">
                                             <resultTypeSpecifier localId="334" xsi:type="IntervalTypeSpecifier">
                                                <pointType localId="335" name="t:DateTime" xsi:type="NamedTypeSpecifier"/>
                                             </resultTypeSpecifier>
                                          </operand>
                                       </operand>
                                    </expression>
                                 </by>
                              </sort>
                           </source>
                        </expression>
                     </source>
                     <where localId="352" locator="41:9-41:74" resultTypeName="t:Boolean" xsi:type="Equivalent">
                        <operand localId="372" asType="t:Code" xsi:type="As">
                           <operand localId="354" locator="41:15-41:38" path="result" scope="LastHousingStatus" xsi:type="Property">
                              <resultTypeSpecifier localId="363" xsi:type="ChoiceTypeSpecifier">
                                 <choice localId="364" name="t:Integer" xsi:type="NamedTypeSpecifier"/>
                                 <choice localId="365" name="t:Decimal" xsi:type="NamedTypeSpecifier"/>
                                 <choice localId="366" name="t:Code" xsi:type="NamedTypeSpecifier"/>
                                 <choice localId="367" name="t:Quantity" xsi:type="NamedTypeSpecifier"/>
                                 <choice localId="368" name="t:Ratio" xsi:type="NamedTypeSpecifier"/>
                                 <choice localId="369" name="t:DateTime" xsi:type="NamedTypeSpecifier"/>
                                 <choice localId="370" name="t:Time" xsi:type="NamedTypeSpecifier"/>
                              </resultTypeSpecifier>
                           </operand>
                        </operand>
                        <operand localId="371" locator="41:42-41:74" resultTypeName="t:Code" name="Lives in nursing home (finding)" xsi:type="CodeRef"/>
                     </where>
                  </operand>
               </operand>
            </operand>
         </expression>
      </def>
      <def localId="630" locator="82:1-90:3" resultTypeName="t:Boolean" name="Is Age 66 or Older with Advanced Illness and Frailty" context="Patient" accessLevel="Public">
         <annotation xsi:type="a:Annotation">
            <a:s r="630">
               <a:s>define &quot;Is Age 66 or Older with Advanced Illness and Frailty&quot;:
  </a:s>
               <a:s r="631">
                  <a:s>( </a:s>
                  <a:s r="631">
                     <a:s r="632">
                        <a:s r="633">
                           <a:s r="645">
                              <a:s>AgeInYearsAt(</a:s>
                              <a:s r="634">
                                 <a:s>date from 
      </a:s>
                                 <a:s r="635">
                                    <a:s>end of </a:s>
                                    <a:s r="636">
                                       <a:s>&quot;Measurement Period&quot;</a:s>
                                    </a:s>
                                 </a:s>
                              </a:s>
                              <a:s>
    )</a:s>
                           </a:s>
                           <a:s r="646"> >= 66</a:s>
                        </a:s>
                        <a:s>
      and </a:s>
                        <a:s r="647">
                           <a:s>&quot;Has Criteria Indicating Frailty&quot;</a:s>
                        </a:s>
                     </a:s>
                     <a:s>
      and </a:s>
                     <a:s r="648">
                        <a:s>( </a:s>
                        <a:s r="648">
                           <a:s r="649">
                              <a:s>&quot;Has Advanced Illness in Year Before or During Measurement Period&quot;</a:s>
                           </a:s>
                           <a:s>
          or </a:s>
                           <a:s r="650">
                              <a:s>&quot;Has Dementia Medications in Year Before or During Measurement Period&quot;</a:s>
                           </a:s>
                        </a:s>
                        <a:s>
      )</a:s>
                     </a:s>
                  </a:s>
                  <a:s>
  )</a:s>
               </a:s>
            </a:s>
         </annotation>
         <expression localId="631" locator="83:3-90:3" resultTypeName="t:Boolean" xsi:type="And">
            <operand localId="632" locator="83:5-86:43" resultTypeName="t:Boolean" xsi:type="And">
               <operand localId="633" locator="83:5-85:11" resultTypeName="t:Boolean" xsi:type="GreaterOrEqual">
                  <operand localId="645" locator="83:5-85:5" resultTypeName="t:Integer" precision="Year" xsi:type="CalculateAgeAt">
                     <operand localId="644" xsi:type="ToDate">
                        <operand localId="642" path="birthDatetime" xsi:type="Property">
                           <source localId="641" name="Patient" xsi:type="ExpressionRef"/>
                        </operand>
                     </operand>
                     <operand localId="634" locator="83:18-84:33" resultTypeName="t:Date" xsi:type="DateFrom">
                        <operand localId="635" locator="84:7-84:33" resultTypeName="t:DateTime" xsi:type="End">
                           <operand localId="636" locator="84:14-84:33" name="Measurement Period" xsi:type="ParameterRef">
                              <resultTypeSpecifier localId="637" xsi:type="IntervalTypeSpecifier">
                                 <pointType localId="638" name="t:DateTime" xsi:type="NamedTypeSpecifier"/>
                              </resultTypeSpecifier>
                           </operand>
                        </operand>
                     </operand>
                  </operand>
                  <operand localId="646" locator="85:10-85:11" resultTypeName="t:Integer" valueType="t:Integer" value="66" xsi:type="Literal"/>
               </operand>
               <operand localId="647" locator="86:11-86:43" resultTypeName="t:Boolean" name="Has Criteria Indicating Frailty" xsi:type="ExpressionRef"/>
            </operand>
            <operand localId="648" locator="87:11-89:7" resultTypeName="t:Boolean" xsi:type="Or">
               <operand localId="649" locator="87:13-87:78" resultTypeName="t:Boolean" name="Has Advanced Illness in Year Before or During Measurement Period" xsi:type="ExpressionRef"/>
               <operand localId="650" locator="88:14-88:83" resultTypeName="t:Boolean" name="Has Dementia Medications in Year Before or During Measurement Period" xsi:type="ExpressionRef"/>
            </operand>
         </expression>
      </def>
      <def localId="377" locator="44:1-57:5" resultTypeName="t:Boolean" name="Is Age 66 to 80 with Advanced Illness and Frailty or Is Age 81 or Older with Frailty" context="Patient" accessLevel="Public">
         <annotation xsi:type="a:Annotation">
            <a:s r="377">
               <a:s>define &quot;Is Age 66 to 80 with Advanced Illness and Frailty or Is Age 81 or Older with Frailty&quot;:
  </a:s>
               <a:s r="378">
                  <a:s r="379">
                     <a:s>( </a:s>
                     <a:s r="379">
                        <a:s r="380">
                           <a:s r="398">
                              <a:s r="392">
                                 <a:s>AgeInYearsAt(</a:s>
                                 <a:s r="381">
                                    <a:s>date from 
      </a:s>
                                    <a:s r="382">
                                       <a:s>end of </a:s>
                                       <a:s r="383">
                                          <a:s>&quot;Measurement Period&quot;</a:s>
                                       </a:s>
                                    </a:s>
                                 </a:s>
                                 <a:s>
    )</a:s>
                              </a:s>
                              <a:s>in </a:s>
                              <a:s r="395">
                                 <a:s r="393">Interval[66, 80]</a:s>
                              </a:s>
                           </a:s>
                           <a:s>
      and </a:s>
                           <a:s r="569">
                              <a:s>&quot;Has Criteria Indicating Frailty&quot;</a:s>
                           </a:s>
                        </a:s>
                        <a:s>
      and </a:s>
                        <a:s r="570">
                           <a:s>( </a:s>
                           <a:s r="570">
                              <a:s r="611">
                                 <a:s>&quot;Has Advanced Illness in Year Before or During Measurement Period&quot;</a:s>
                              </a:s>
                              <a:s>
          or </a:s>
                              <a:s r="612">
                                 <a:s>&quot;Has Dementia Medications in Year Before or During Measurement Period&quot;</a:s>
                              </a:s>
                           </a:s>
                           <a:s>
      )</a:s>
                        </a:s>
                     </a:s>
                     <a:s>
  )</a:s>
                  </a:s>
                  <a:s>
    or </a:s>
                  <a:s r="613">
                     <a:s>( </a:s>
                     <a:s r="613">
                        <a:s r="614">
                           <a:s r="626">
                              <a:s>AgeInYearsAt(</a:s>
                              <a:s r="615">
                                 <a:s>date from 
        </a:s>
                                 <a:s r="616">
                                    <a:s>end of </a:s>
                                    <a:s r="617">
                                       <a:s>&quot;Measurement Period&quot;</a:s>
                                    </a:s>
                                 </a:s>
                              </a:s>
                              <a:s>
      )</a:s>
                           </a:s>
                           <a:s r="627">>= 81</a:s>
                        </a:s>
                        <a:s>
        and </a:s>
                        <a:s r="628">
                           <a:s>&quot;Has Criteria Indicating Frailty&quot;</a:s>
                        </a:s>
                     </a:s>
                     <a:s>
    )</a:s>
                  </a:s>
               </a:s>
            </a:s>
         </annotation>
         <expression localId="378" locator="45:3-57:5" resultTypeName="t:Boolean" xsi:type="Or">
            <operand localId="379" locator="45:3-52:3" resultTypeName="t:Boolean" xsi:type="And">
               <operand localId="380" locator="45:5-48:43" resultTypeName="t:Boolean" xsi:type="And">
                  <operand localId="398" locator="45:5-47:24" resultTypeName="t:Boolean" xsi:type="In">
                     <operand localId="392" locator="45:5-47:5" resultTypeName="t:Integer" precision="Year" xsi:type="CalculateAgeAt">
                        <operand localId="391" xsi:type="ToDate">
                           <operand localId="389" path="birthDatetime" xsi:type="Property">
                              <source localId="388" name="Patient" xsi:type="ExpressionRef"/>
                           </operand>
                        </operand>
                        <operand localId="381" locator="45:18-46:33" resultTypeName="t:Date" xsi:type="DateFrom">
                           <operand localId="382" locator="46:7-46:33" resultTypeName="t:DateTime" xsi:type="End">
                              <operand localId="383" locator="46:14-46:33" name="Measurement Period" xsi:type="ParameterRef">
                                 <resultTypeSpecifier localId="384" xsi:type="IntervalTypeSpecifier">
                                    <pointType localId="385" name="t:DateTime" xsi:type="NamedTypeSpecifier"/>
                                 </resultTypeSpecifier>
                              </operand>
                           </operand>
                        </operand>
                     </operand>
                     <operand localId="395" locator="47:9-47:24" lowClosed="true" highClosed="true" xsi:type="Interval">
                        <resultTypeSpecifier localId="396" xsi:type="IntervalTypeSpecifier">
                           <pointType localId="397" name="t:Integer" xsi:type="NamedTypeSpecifier"/>
                        </resultTypeSpecifier>
                        <low localId="393" locator="47:18-47:19" resultTypeName="t:Integer" valueType="t:Integer" value="66" xsi:type="Literal"/>
                        <high localId="394" locator="47:22-47:23" resultTypeName="t:Integer" valueType="t:Integer" value="80" xsi:type="Literal"/>
                     </operand>
                  </operand>
                  <operand localId="569" locator="48:11-48:43" resultTypeName="t:Boolean" name="Has Criteria Indicating Frailty" xsi:type="ExpressionRef"/>
               </operand>
               <operand localId="570" locator="49:11-51:7" resultTypeName="t:Boolean" xsi:type="Or">
                  <operand localId="611" locator="49:13-49:78" resultTypeName="t:Boolean" name="Has Advanced Illness in Year Before or During Measurement Period" xsi:type="ExpressionRef"/>
                  <operand localId="612" locator="50:14-50:83" resultTypeName="t:Boolean" name="Has Dementia Medications in Year Before or During Measurement Period" xsi:type="ExpressionRef"/>
               </operand>
            </operand>
            <operand localId="613" locator="53:8-57:5" resultTypeName="t:Boolean" xsi:type="And">
               <operand localId="614" locator="53:10-55:12" resultTypeName="t:Boolean" xsi:type="GreaterOrEqual">
                  <operand localId="626" locator="53:10-55:7" resultTypeName="t:Integer" precision="Year" xsi:type="CalculateAgeAt">
                     <operand localId="625" xsi:type="ToDate">
                        <operand localId="623" path="birthDatetime" xsi:type="Property">
                           <source localId="622" name="Patient" xsi:type="ExpressionRef"/>
                        </operand>
                     </operand>
                     <operand localId="615" locator="53:23-54:35" resultTypeName="t:Date" xsi:type="DateFrom">
                        <operand localId="616" locator="54:9-54:35" resultTypeName="t:DateTime" xsi:type="End">
                           <operand localId="617" locator="54:16-54:35" name="Measurement Period" xsi:type="ParameterRef">
                              <resultTypeSpecifier localId="618" xsi:type="IntervalTypeSpecifier">
                                 <pointType localId="619" name="t:DateTime" xsi:type="NamedTypeSpecifier"/>
                              </resultTypeSpecifier>
                           </operand>
                        </operand>
                     </operand>
                  </operand>
                  <operand localId="627" locator="55:11-55:12" resultTypeName="t:Integer" valueType="t:Integer" value="81" xsi:type="Literal"/>
               </operand>
               <operand localId="628" locator="56:13-56:45" resultTypeName="t:Boolean" name="Has Criteria Indicating Frailty" xsi:type="ExpressionRef"/>
            </operand>
         </expression>
      </def>
      <def localId="230" locator="23:1-23:15" name="Patient" context="Patient">
         <expression localId="231" xsi:type="SingletonFrom">
            <operand localId="229" locator="23:1-23:15" xmlns:ns35="urn:healthit-gov:qdm:v5_6" dataType="ns35:Patient" templateId="Patient" xsi:type="Retrieve"/>
         </expression>
      </def>
   </statements>
</library>
