<?xml version="1.0" encoding="UTF-8"?>
<library xmlns="urn:hl7-org:elm:r1" xmlns:t="urn:hl7-org:elm-types:r1" xmlns:xsi="http://www.w3.org/2001/XMLSchema-instance" xmlns:xsd="http://www.w3.org/2001/XMLSchema" xmlns:fhir="http://hl7.org/fhir" xmlns:qdm43="urn:healthit-gov:qdm:v4_3" xmlns:qdm53="urn:healthit-gov:qdm:v5_3" xmlns:a="urn:hl7-org:cql-annotations:r1" localId="0">
   <annotation translatorVersion="3.14.0" translatorOptions="EnableAnnotations,EnableLocators,EnableResultTypes,EnableDetailedErrors,DisableListDemotion,DisableListPromotion" signatureLevel="None" xsi:type="a:CqlToElmInfo"/>
   <annotation xsi:type="a:Annotation">
      <a:s r="728">
         <a:s>library CMS125BreastCancerScreening version '14.0.000'</a:s>
      </a:s>
   </annotation>
   <identifier id="CMS125BreastCancerScreening" version="14.0.000"/>
   <schemaIdentifier id="urn:hl7-org:elm" version="r1"/>
   <usings>
      <def localId="1" localIdentifier="System" uri="urn:hl7-org:elm-types:r1"/>
      <def localId="206" locator="3:1-3:23" localIdentifier="QDM" uri="urn:healthit-gov:qdm:v5_6" version="5.6">
         <annotation xsi:type="a:Annotation">
            <a:s r="206">
               <a:s>using </a:s>
               <a:s>
                  <a:s>QDM</a:s>
               </a:s>
               <a:s> version '5.6'</a:s>
            </a:s>
         </annotation>
      </def>
   </usings>
   <includes>
      <def localId="207" locator="5:1-5:52" localIdentifier="Global" path="CQMCommonQDM" version="9.0.000">
         <annotation xsi:type="a:Annotation">
            <a:s r="207">
               <a:s>include </a:s>
               <a:s>
                  <a:s>CQMCommonQDM</a:s>
               </a:s>
               <a:s> version '9.0.000' called Global</a:s>
            </a:s>
         </annotation>
      </def>
      <def localId="208" locator="6:1-6:87" localIdentifier="AdultOutpatientEncounters" path="AdultOutpatientEncountersQDM" version="4.0.000">
         <annotation xsi:type="a:Annotation">
            <a:s r="208">
               <a:s>include </a:s>
               <a:s>
                  <a:s>AdultOutpatientEncountersQDM</a:s>
               </a:s>
               <a:s> version '4.0.000' called AdultOutpatientEncounters</a:s>
            </a:s>
         </annotation>
      </def>
      <def localId="209" locator="7:1-7:51" localIdentifier="Hospice" path="HospiceQDM" version="7.0.000">
         <annotation xsi:type="a:Annotation">
            <a:s r="209">
               <a:s>include </a:s>
               <a:s>
                  <a:s>HospiceQDM</a:s>
               </a:s>
               <a:s> version '7.0.000' called Hospice</a:s>
            </a:s>
         </annotation>
      </def>
      <def localId="210" locator="8:1-8:65" localIdentifier="PalliativeCare" path="PalliativeCareQDM" version="5.0.000">
         <annotation xsi:type="a:Annotation">
            <a:s r="210">
               <a:s>include </a:s>
               <a:s>
                  <a:s>PalliativeCareQDM</a:s>
               </a:s>
               <a:s> version '5.0.000' called PalliativeCare</a:s>
            </a:s>
         </annotation>
      </def>
      <def localId="211" locator="9:1-9:74" localIdentifier="AIFrailLTCF" path="AdvancedIllnessandFrailtyQDM" version="10.0.000">
         <annotation xsi:type="a:Annotation">
            <a:s r="211">
               <a:s>include </a:s>
               <a:s>
                  <a:s>AdvancedIllnessandFrailtyQDM</a:s>
               </a:s>
               <a:s> version '10.0.000' called AIFrailLTCF</a:s>
            </a:s>
         </annotation>
      </def>
   </includes>
   <parameters>
      <def localId="231" locator="30:1-30:49" name="Measurement Period" accessLevel="Public">
         <annotation xsi:type="a:Annotation">
            <a:s r="231">
               <a:s>parameter &quot;Measurement Period&quot; </a:s>
               <a:s r="232">
                  <a:s>Interval&lt;</a:s>
                  <a:s r="233">
                     <a:s>DateTime</a:s>
                  </a:s>
                  <a:s>></a:s>
               </a:s>
            </a:s>
         </annotation>
         <resultTypeSpecifier localId="236" xsi:type="IntervalTypeSpecifier">
            <pointType localId="237" name="t:DateTime" xsi:type="NamedTypeSpecifier"/>
         </resultTypeSpecifier>
         <parameterTypeSpecifier localId="232" locator="30:32-30:49" xsi:type="IntervalTypeSpecifier">
            <resultTypeSpecifier localId="234" xsi:type="IntervalTypeSpecifier">
               <pointType localId="235" name="t:DateTime" xsi:type="NamedTypeSpecifier"/>
            </resultTypeSpecifier>
            <pointType localId="233" locator="30:41-30:48" resultTypeName="t:DateTime" name="t:DateTime" xsi:type="NamedTypeSpecifier"/>
         </parameterTypeSpecifier>
      </def>
   </parameters>
   <codeSystems>
      <def localId="212" locator="11:1-11:55" resultTypeName="t:CodeSystem" name="SNOMEDCT" id="urn:oid:2.16.840.1.113883.6.96" accessLevel="Public">
         <annotation xsi:type="a:Annotation">
            <a:s r="212">
               <a:s>codesystem &quot;SNOMEDCT&quot;: 'urn:oid:2.16.840.1.113883.6.96'</a:s>
            </a:s>
         </annotation>
      </def>
   </codeSystems>
   <valueSets>
      <def localId="213" locator="13:1-13:83" resultTypeName="t:ValueSet" name="Bilateral Mastectomy" id="urn:oid:2.16.840.1.113883.3.464.1003.198.12.1005" accessLevel="Public">
         <annotation xsi:type="a:Annotation">
            <a:s r="213">
               <a:s>valueset &quot;Bilateral Mastectomy&quot;: 'urn:oid:2.16.840.1.113883.3.464.1003.198.12.1005'</a:s>
            </a:s>
         </annotation>
      </def>
      <def localId="214" locator="14:1-14:58" resultTypeName="t:ValueSet" name="Ethnicity" id="urn:oid:2.16.840.1.114222.4.11.837" accessLevel="Public">
         <annotation xsi:type="a:Annotation">
            <a:s r="214">
               <a:s>valueset &quot;Ethnicity&quot;: 'urn:oid:2.16.840.1.114222.4.11.837'</a:s>
            </a:s>
         </annotation>
      </def>
      <def localId="215" locator="15:1-15:94" resultTypeName="t:ValueSet" name="History of bilateral mastectomy" id="urn:oid:2.16.840.1.113883.3.464.1003.198.12.1068" accessLevel="Public">
         <annotation xsi:type="a:Annotation">
            <a:s r="215">
               <a:s>valueset &quot;History of bilateral mastectomy&quot;: 'urn:oid:2.16.840.1.113883.3.464.1003.198.12.1068'</a:s>
            </a:s>
         </annotation>
      </def>
      <def localId="216" locator="16:1-16:74" resultTypeName="t:ValueSet" name="Mammography" id="urn:oid:2.16.840.1.113883.3.464.1003.108.12.1018" accessLevel="Public">
         <annotation xsi:type="a:Annotation">
            <a:s r="216">
               <a:s>valueset &quot;Mammography&quot;: 'urn:oid:2.16.840.1.113883.3.464.1003.108.12.1018'</a:s>
            </a:s>
         </annotation>
      </def>
      <def localId="217" locator="17:1-17:79" resultTypeName="t:ValueSet" name="Federal Administrative Sex" id="urn:oid:2.16.840.1.113762.1.4.1021.121" accessLevel="Public">
         <annotation xsi:type="a:Annotation">
            <a:s r="217">
               <a:s>valueset &quot;Federal Administrative Sex&quot;: 'urn:oid:2.16.840.1.113762.1.4.1021.121'</a:s>
            </a:s>
         </annotation>
      </def>
      <def localId="218" locator="18:1-18:60" resultTypeName="t:ValueSet" name="Payer Type" id="urn:oid:2.16.840.1.114222.4.11.3591" accessLevel="Public">
         <annotation xsi:type="a:Annotation">
            <a:s r="218">
               <a:s>valueset &quot;Payer Type&quot;: 'urn:oid:2.16.840.1.114222.4.11.3591'</a:s>
            </a:s>
         </annotation>
      </def>
      <def localId="219" locator="19:1-19:53" resultTypeName="t:ValueSet" name="Race" id="urn:oid:2.16.840.1.114222.4.11.836" accessLevel="Public">
         <annotation xsi:type="a:Annotation">
            <a:s r="219">
               <a:s>valueset &quot;Race&quot;: 'urn:oid:2.16.840.1.114222.4.11.836'</a:s>
            </a:s>
         </annotation>
      </def>
      <def localId="220" locator="20:1-20:90" resultTypeName="t:ValueSet" name="Status Post Left Mastectomy" id="urn:oid:2.16.840.1.113883.3.464.1003.198.12.1069" accessLevel="Public">
         <annotation xsi:type="a:Annotation">
            <a:s r="220">
               <a:s>valueset &quot;Status Post Left Mastectomy&quot;: 'urn:oid:2.16.840.1.113883.3.464.1003.198.12.1069'</a:s>
            </a:s>
         </annotation>
      </def>
      <def localId="221" locator="21:1-21:91" resultTypeName="t:ValueSet" name="Status Post Right Mastectomy" id="urn:oid:2.16.840.1.113883.3.464.1003.198.12.1070" accessLevel="Public">
         <annotation xsi:type="a:Annotation">
            <a:s r="221">
               <a:s>valueset &quot;Status Post Right Mastectomy&quot;: 'urn:oid:2.16.840.1.113883.3.464.1003.198.12.1070'</a:s>
            </a:s>
         </annotation>
      </def>
      <def localId="222" locator="22:1-22:89" resultTypeName="t:ValueSet" name="Unilateral Mastectomy Left" id="urn:oid:2.16.840.1.113883.3.464.1003.198.12.1133" accessLevel="Public">
         <annotation xsi:type="a:Annotation">
            <a:s r="222">
               <a:s>valueset &quot;Unilateral Mastectomy Left&quot;: 'urn:oid:2.16.840.1.113883.3.464.1003.198.12.1133'</a:s>
            </a:s>
         </annotation>
      </def>
      <def localId="223" locator="23:1-23:90" resultTypeName="t:ValueSet" name="Unilateral Mastectomy Right" id="urn:oid:2.16.840.1.113883.3.464.1003.198.12.1134" accessLevel="Public">
         <annotation xsi:type="a:Annotation">
            <a:s r="223">
               <a:s>valueset &quot;Unilateral Mastectomy Right&quot;: 'urn:oid:2.16.840.1.113883.3.464.1003.198.12.1134'</a:s>
            </a:s>
         </annotation>
      </def>
      <def localId="224" locator="24:1-24:108" resultTypeName="t:ValueSet" name="Unilateral Mastectomy, Unspecified Laterality" id="urn:oid:2.16.840.1.113883.3.464.1003.198.12.1071" accessLevel="Public">
         <annotation xsi:type="a:Annotation">
            <a:s r="224">
               <a:s>valueset &quot;Unilateral Mastectomy, Unspecified Laterality&quot;: 'urn:oid:2.16.840.1.113883.3.464.1003.198.12.1071'</a:s>
            </a:s>
         </annotation>
      </def>
   </valueSets>
   <codes>
      <def localId="225" locator="26:1-26:79" resultTypeName="t:Code" name="Female (finding)" id="248152002" display="Female (finding)" accessLevel="Public">
         <annotation xsi:type="a:Annotation">
            <a:s r="225">
               <a:s>code &quot;Female (finding)&quot;: '248152002' from </a:s>
               <a:s r="226">
                  <a:s>&quot;SNOMEDCT&quot;</a:s>
               </a:s>
               <a:s> display 'Female (finding)'</a:s>
            </a:s>
         </annotation>
         <codeSystem localId="226" locator="26:43-26:52" resultTypeName="t:CodeSystem" name="SNOMEDCT"/>
      </def>
      <def localId="227" locator="27:1-27:89" resultTypeName="t:Code" name="Left (qualifier value)" id="7771000" display="Left (qualifier value)" accessLevel="Public">
         <annotation xsi:type="a:Annotation">
            <a:s r="227">
               <a:s>code &quot;Left (qualifier value)&quot;: '7771000' from </a:s>
               <a:s r="228">
                  <a:s>&quot;SNOMEDCT&quot;</a:s>
               </a:s>
               <a:s> display 'Left (qualifier value)'</a:s>
            </a:s>
         </annotation>
         <codeSystem localId="228" locator="27:47-27:56" resultTypeName="t:CodeSystem" name="SNOMEDCT"/>
      </def>
      <def localId="229" locator="28:1-28:92" resultTypeName="t:Code" name="Right (qualifier value)" id="24028007" display="Right (qualifier value)" accessLevel="Public">
         <annotation xsi:type="a:Annotation">
            <a:s r="229">
               <a:s>code &quot;Right (qualifier value)&quot;: '24028007' from </a:s>
               <a:s r="230">
                  <a:s>&quot;SNOMEDCT&quot;</a:s>
               </a:s>
               <a:s> display 'Right (qualifier value)'</a:s>
            </a:s>
         </annotation>
         <codeSystem localId="230" locator="28:49-28:58" resultTypeName="t:CodeSystem" name="SNOMEDCT"/>
      </def>
   </codes>
   <contexts>
      <def localId="241" locator="32:1-32:15" name="Patient"/>
   </contexts>
   <statements>
      <def localId="239" locator="32:1-32:15" name="Patient" context="Patient">
         <expression localId="240" xsi:type="SingletonFrom">
            <operand localId="238" locator="32:1-32:15" xmlns:ns0="urn:healthit-gov:qdm:v5_6" dataType="ns0:Patient" templateId="Patient" xsi:type="Retrieve"/>
         </expression>
      </def>
      <def localId="243" locator="34:1-36:101" name="Bilateral Mastectomy Diagnosis" context="Patient" accessLevel="Public">
         <annotation xsi:type="a:Annotation">
            <a:s r="243">
               <a:s>define &quot;Bilateral Mastectomy Diagnosis&quot;:
  </a:s>
               <a:s r="267">
                  <a:s>
                     <a:s r="244">
                        <a:s r="247">
                           <a:s r="247">
                              <a:s>[&quot;Diagnosis&quot;: </a:s>
                              <a:s>
                                 <a:s>&quot;History of bilateral mastectomy&quot;</a:s>
                              </a:s>
                              <a:s>]</a:s>
                           </a:s>
                        </a:s>
                        <a:s> BilateralMastectomyHistory</a:s>
                     </a:s>
                  </a:s>
                  <a:s>
    </a:s>
                  <a:s r="266">
                     <a:s>where </a:s>
                     <a:s r="266">
                        <a:s r="256">
                           <a:s r="255">
                              <a:s>BilateralMastectomyHistory</a:s>
                           </a:s>
                           <a:s>.</a:s>
                           <a:s r="256">
                              <a:s>prevalencePeriod</a:s>
                           </a:s>
                        </a:s>
                        <a:s r="266"> starts on or before </a:s>
                        <a:s r="261">
                           <a:s>end of </a:s>
                           <a:s r="262">
                              <a:s>&quot;Measurement Period&quot;</a:s>
                           </a:s>
                        </a:s>
                     </a:s>
                  </a:s>
               </a:s>
            </a:s>
         </annotation>
         <resultTypeSpecifier localId="270" xsi:type="ListTypeSpecifier">
            <elementType localId="271" xmlns:ns1="urn:healthit-gov:qdm:v5_6" name="ns1:Diagnosis" xsi:type="NamedTypeSpecifier"/>
         </resultTypeSpecifier>
         <expression localId="267" locator="35:3-36:101" xsi:type="Query">
            <resultTypeSpecifier localId="268" xsi:type="ListTypeSpecifier">
               <elementType localId="269" xmlns:ns2="urn:healthit-gov:qdm:v5_6" name="ns2:Diagnosis" xsi:type="NamedTypeSpecifier"/>
            </resultTypeSpecifier>
            <source localId="244" locator="35:3-35:77" alias="BilateralMastectomyHistory">
               <resultTypeSpecifier localId="253" xsi:type="ListTypeSpecifier">
                  <elementType localId="254" xmlns:ns3="urn:healthit-gov:qdm:v5_6" name="ns3:Diagnosis" xsi:type="NamedTypeSpecifier"/>
               </resultTypeSpecifier>
               <expression localId="247" locator="35:3-35:50" xmlns:ns4="urn:healthit-gov:qdm:v5_6" dataType="ns4:Diagnosis" codeProperty="code" codeComparator="in" xsi:type="Retrieve">
                  <resultTypeSpecifier localId="251" xsi:type="ListTypeSpecifier">
                     <elementType localId="252" xmlns:ns5="urn:healthit-gov:qdm:v5_6" name="ns5:Diagnosis" xsi:type="NamedTypeSpecifier"/>
                  </resultTypeSpecifier>
                  <codes localId="246" locator="35:17-35:49" resultTypeName="t:ValueSet" name="History of bilateral mastectomy" preserve="true" xsi:type="ValueSetRef"/>
               </expression>
            </source>
            <where localId="266" locator="36:5-36:101" resultTypeName="t:Boolean" xsi:type="SameOrBefore">
               <operand localId="265" locator="36:55-36:60" xsi:type="Start">
                  <operand localId="256" locator="36:11-36:53" path="prevalencePeriod" scope="BilateralMastectomyHistory" xsi:type="Property">
                     <resultTypeSpecifier localId="259" xsi:type="IntervalTypeSpecifier">
                        <pointType localId="260" name="t:DateTime" xsi:type="NamedTypeSpecifier"/>
                     </resultTypeSpecifier>
                  </operand>
               </operand>
               <operand localId="261" locator="36:75-36:101" resultTypeName="t:DateTime" xsi:type="End">
                  <operand localId="262" locator="36:82-36:101" name="Measurement Period" xsi:type="ParameterRef">
                     <resultTypeSpecifier localId="263" xsi:type="IntervalTypeSpecifier">
                        <pointType localId="264" name="t:DateTime" xsi:type="NamedTypeSpecifier"/>
                     </resultTypeSpecifier>
                  </operand>
               </operand>
            </where>
         </expression>
      </def>
      <def localId="273" locator="38:1-40:177" name="Bilateral Mastectomy Procedure" context="Patient" accessLevel="Public">
         <annotation xsi:type="a:Annotation">
            <a:s r="273">
               <a:s>define &quot;Bilateral Mastectomy Procedure&quot;:
  </a:s>
               <a:s r="305">
                  <a:s>
                     <a:s r="274">
                        <a:s r="277">
                           <a:s r="277">
                              <a:s>[&quot;Procedure, Performed&quot;: </a:s>
                              <a:s>
                                 <a:s>&quot;Bilateral Mastectomy&quot;</a:s>
                              </a:s>
                              <a:s>]</a:s>
                           </a:s>
                        </a:s>
                        <a:s> BilateralMastectomyPerformed</a:s>
                     </a:s>
                  </a:s>
                  <a:s>
    </a:s>
                  <a:s r="304">
                     <a:s>where </a:s>
                     <a:s r="304">
                        <a:s r="294">
                           <a:s r="285">
                              <a:s>Global</a:s>
                           </a:s>
                           <a:s>.</a:s>
                           <a:s r="294">
                              <a:s>&quot;NormalizeInterval&quot; ( </a:s>
                              <a:s r="287">
                                 <a:s r="286">
                                    <a:s>BilateralMastectomyPerformed</a:s>
                                 </a:s>
                                 <a:s>.</a:s>
                                 <a:s r="287">
                                    <a:s>relevantDatetime</a:s>
                                 </a:s>
                              </a:s>
                              <a:s>, </a:s>
                              <a:s r="289">
                                 <a:s r="288">
                                    <a:s>BilateralMastectomyPerformed</a:s>
                                 </a:s>
                                 <a:s>.</a:s>
                                 <a:s r="289">
                                    <a:s>relevantPeriod</a:s>
                                 </a:s>
                              </a:s>
                              <a:s> )</a:s>
                           </a:s>
                        </a:s>
                        <a:s r="304"> ends on or before </a:s>
                        <a:s r="299">
                           <a:s>end of </a:s>
                           <a:s r="300">
                              <a:s>&quot;Measurement Period&quot;</a:s>
                           </a:s>
                        </a:s>
                     </a:s>
                  </a:s>
               </a:s>
            </a:s>
         </annotation>
         <resultTypeSpecifier localId="308" xsi:type="ListTypeSpecifier">
            <elementType localId="309" xmlns:ns6="urn:healthit-gov:qdm:v5_6" name="ns6:PositiveProcedurePerformed" xsi:type="NamedTypeSpecifier"/>
         </resultTypeSpecifier>
         <expression localId="305" locator="39:3-40:177" xsi:type="Query">
            <resultTypeSpecifier localId="306" xsi:type="ListTypeSpecifier">
               <elementType localId="307" xmlns:ns7="urn:healthit-gov:qdm:v5_6" name="ns7:PositiveProcedurePerformed" xsi:type="NamedTypeSpecifier"/>
            </resultTypeSpecifier>
            <source localId="274" locator="39:3-39:79" alias="BilateralMastectomyPerformed">
               <resultTypeSpecifier localId="283" xsi:type="ListTypeSpecifier">
                  <elementType localId="284" xmlns:ns8="urn:healthit-gov:qdm:v5_6" name="ns8:PositiveProcedurePerformed" xsi:type="NamedTypeSpecifier"/>
               </resultTypeSpecifier>
               <expression localId="277" locator="39:3-39:50" xmlns:ns9="urn:healthit-gov:qdm:v5_6" dataType="ns9:PositiveProcedurePerformed" templateId="PositiveProcedurePerformed" codeProperty="code" codeComparator="in" xsi:type="Retrieve">
                  <resultTypeSpecifier localId="281" xsi:type="ListTypeSpecifier">
                     <elementType localId="282" xmlns:ns10="urn:healthit-gov:qdm:v5_6" name="ns10:PositiveProcedurePerformed" xsi:type="NamedTypeSpecifier"/>
                  </resultTypeSpecifier>
                  <codes localId="276" locator="39:28-39:49" resultTypeName="t:ValueSet" name="Bilateral Mastectomy" preserve="true" xsi:type="ValueSetRef"/>
               </expression>
            </source>
            <where localId="304" locator="40:5-40:177" resultTypeName="t:Boolean" xsi:type="SameOrBefore">
               <operand localId="303" locator="40:133-40:136" xsi:type="End">
                  <operand localId="294" locator="40:11-40:131" name="NormalizeInterval" libraryName="Global" xsi:type="FunctionRef">
                     <resultTypeSpecifier localId="297" xsi:type="IntervalTypeSpecifier">
                        <pointType localId="298" name="t:DateTime" xsi:type="NamedTypeSpecifier"/>
                     </resultTypeSpecifier>
                     <operand localId="287" locator="40:40-40:84" resultTypeName="t:DateTime" path="relevantDatetime" scope="BilateralMastectomyPerformed" xsi:type="Property"/>
                     <operand localId="289" locator="40:87-40:129" path="relevantPeriod" scope="BilateralMastectomyPerformed" xsi:type="Property">
                        <resultTypeSpecifier localId="292" xsi:type="IntervalTypeSpecifier">
                           <pointType localId="293" name="t:DateTime" xsi:type="NamedTypeSpecifier"/>
                        </resultTypeSpecifier>
                     </operand>
                  </operand>
               </operand>
               <operand localId="299" locator="40:151-40:177" resultTypeName="t:DateTime" xsi:type="End">
                  <operand localId="300" locator="40:158-40:177" name="Measurement Period" xsi:type="ParameterRef">
                     <resultTypeSpecifier localId="301" xsi:type="IntervalTypeSpecifier">
                        <pointType localId="302" name="t:DateTime" xsi:type="NamedTypeSpecifier"/>
                     </resultTypeSpecifier>
                  </operand>
               </operand>
            </where>
         </expression>
      </def>
      <def localId="313" locator="102:1-107:64" resultTypeName="t:Boolean" name="Initial Population" context="Patient" accessLevel="Public">
         <annotation xsi:type="a:Annotation">
            <a:s r="313">
               <a:s>define &quot;Initial Population&quot;:
  </a:s>
               <a:s r="314">
                  <a:s r="315">
                     <a:s r="316">
                        <a:s>exists </a:s>
                        <a:s r="319">
                           <a:s>( </a:s>
                           <a:s r="319">
                              <a:s>[&quot;Patient Characteristic Sex&quot;: </a:s>
                              <a:s>
                                 <a:s>&quot;Female (finding)&quot;</a:s>
                              </a:s>
                              <a:s>]</a:s>
                           </a:s>
                           <a:s> )</a:s>
                        </a:s>
                     </a:s>
                     <a:s>
    and </a:s>
                     <a:s r="343">
                        <a:s r="337">
                           <a:s>AgeInYearsAt(</a:s>
                           <a:s r="326">
                              <a:s>date from 
      </a:s>
                              <a:s r="327">
                                 <a:s>end of </a:s>
                                 <a:s r="328">
                                    <a:s>&quot;Measurement Period&quot;</a:s>
                                 </a:s>
                              </a:s>
                           </a:s>
                           <a:s>
    )</a:s>
                        </a:s>
                        <a:s> in </a:s>
                        <a:s r="340">
                           <a:s r="338">Interval[42, 74]</a:s>
                        </a:s>
                     </a:s>
                  </a:s>
                  <a:s>
    and </a:s>
                  <a:s r="344">
                     <a:s>exists </a:s>
                     <a:s r="346">
                        <a:s r="345">
                           <a:s>AdultOutpatientEncounters</a:s>
                        </a:s>
                        <a:s>.</a:s>
                        <a:s r="346">
                           <a:s>&quot;Qualifying Encounters&quot;</a:s>
                        </a:s>
                     </a:s>
                  </a:s>
               </a:s>
            </a:s>
         </annotation>
         <expression localId="314" locator="103:3-107:64" resultTypeName="t:Boolean" xsi:type="And">
            <operand localId="315" locator="103:3-106:25" resultTypeName="t:Boolean" xsi:type="And">
               <operand localId="316" locator="103:3-103:63" resultTypeName="t:Boolean" xsi:type="Exists">
                  <operand localId="319" locator="103:10-103:63" xmlns:ns11="urn:healthit-gov:qdm:v5_6" dataType="ns11:PatientCharacteristicSex" codeProperty="code" codeComparator="~" xsi:type="Retrieve">
                     <resultTypeSpecifier localId="324" xsi:type="ListTypeSpecifier">
                        <elementType localId="325" xmlns:ns12="urn:healthit-gov:qdm:v5_6" name="ns12:PatientCharacteristicSex" xsi:type="NamedTypeSpecifier"/>
                     </resultTypeSpecifier>
                     <codes localId="321" xsi:type="ToList">
                        <operand localId="318" locator="103:43-103:60" resultTypeName="t:Code" name="Female (finding)" xsi:type="CodeRef"/>
                     </codes>
                  </operand>
               </operand>
               <operand localId="343" locator="104:9-106:25" resultTypeName="t:Boolean" xsi:type="In">
                  <operand localId="337" locator="104:9-106:5" resultTypeName="t:Integer" precision="Year" xsi:type="CalculateAgeAt">
                     <operand localId="336" xsi:type="ToDate">
                        <operand localId="334" path="birthDatetime" xsi:type="Property">
                           <source localId="333" name="Patient" xsi:type="ExpressionRef"/>
                        </operand>
                     </operand>
                     <operand localId="326" locator="104:22-105:33" resultTypeName="t:Date" xsi:type="DateFrom">
                        <operand localId="327" locator="105:7-105:33" resultTypeName="t:DateTime" xsi:type="End">
                           <operand localId="328" locator="105:14-105:33" name="Measurement Period" xsi:type="ParameterRef">
                              <resultTypeSpecifier localId="329" xsi:type="IntervalTypeSpecifier">
                                 <pointType localId="330" name="t:DateTime" xsi:type="NamedTypeSpecifier"/>
                              </resultTypeSpecifier>
                           </operand>
                        </operand>
                     </operand>
                  </operand>
                  <operand localId="340" locator="106:10-106:25" lowClosed="true" highClosed="true" xsi:type="Interval">
                     <resultTypeSpecifier localId="341" xsi:type="IntervalTypeSpecifier">
                        <pointType localId="342" name="t:Integer" xsi:type="NamedTypeSpecifier"/>
                     </resultTypeSpecifier>
                     <low localId="338" locator="106:19-106:20" resultTypeName="t:Integer" valueType="t:Integer" value="42" xsi:type="Literal"/>
                     <high localId="339" locator="106:23-106:24" resultTypeName="t:Integer" valueType="t:Integer" value="74" xsi:type="Literal"/>
                  </operand>
               </operand>
            </operand>
            <operand localId="344" locator="107:9-107:64" resultTypeName="t:Boolean" xsi:type="Exists">
               <operand localId="346" locator="107:16-107:64" name="Qualifying Encounters" libraryName="AdultOutpatientEncounters" xsi:type="ExpressionRef">
                  <resultTypeSpecifier localId="349" xsi:type="ListTypeSpecifier">
                     <elementType localId="350" xmlns:ns13="urn:healthit-gov:qdm:v5_6" name="ns13:PositiveEncounterPerformed" xsi:type="NamedTypeSpecifier"/>
                  </resultTypeSpecifier>
               </operand>
            </operand>
         </expression>
      </def>
      <def localId="311" locator="42:1-43:22" resultTypeName="t:Boolean" name="Denominator" context="Patient" accessLevel="Public">
         <annotation xsi:type="a:Annotation">
            <a:s r="311">
               <a:s>define &quot;Denominator&quot;:
  </a:s>
               <a:s r="351">
                  <a:s>&quot;Initial Population&quot;</a:s>
               </a:s>
            </a:s>
         </annotation>
         <expression localId="351" locator="43:3-43:22" resultTypeName="t:Boolean" name="Initial Population" xsi:type="ExpressionRef"/>
      </def>
      <def localId="366" locator="79:1-84:90" name="Right Mastectomy Diagnosis" context="Patient" accessLevel="Public">
         <annotation xsi:type="a:Annotation">
            <a:s r="366">
               <a:s>define &quot;Right Mastectomy Diagnosis&quot;:
  </a:s>
               <a:s r="421">
                  <a:s>
                     <a:s r="367">
                        <a:s r="402">
                           <a:s>( </a:s>
                           <a:s r="402">
                              <a:s r="379">
                                 <a:s>
                                    <a:s r="368">
                                       <a:s r="371">
                                          <a:s r="371">
                                             <a:s>[&quot;Diagnosis&quot;: </a:s>
                                             <a:s>
                                                <a:s>&quot;Status Post Right Mastectomy&quot;</a:s>
                                             </a:s>
                                             <a:s>]</a:s>
                                          </a:s>
                                       </a:s>
                                       <a:s> RightMastectomyProcedure</a:s>
                                    </a:s>
                                 </a:s>
                              </a:s>
                              <a:s>
    union </a:s>
                              <a:s r="397">
                                 <a:s>( </a:s>
                                 <a:s r="397">
                                    <a:s>
                                       <a:s r="382">
                                          <a:s r="385">
                                             <a:s r="385">
                                                <a:s>[&quot;Diagnosis&quot;: </a:s>
                                                <a:s>
                                                   <a:s>&quot;Unilateral Mastectomy, Unspecified Laterality&quot;</a:s>
                                                </a:s>
                                                <a:s>]</a:s>
                                             </a:s>
                                          </a:s>
                                          <a:s> UnilateralMastectomyDiagnosis</a:s>
                                       </a:s>
                                    </a:s>
                                    <a:s>
        </a:s>
                                    <a:s r="393">
                                       <a:s>where </a:s>
                                       <a:s r="393">
                                          <a:s r="395">
                                             <a:s r="394">
                                                <a:s>UnilateralMastectomyDiagnosis</a:s>
                                             </a:s>
                                             <a:s>.</a:s>
                                             <a:s r="395">
                                                <a:s>anatomicalLocationSite</a:s>
                                             </a:s>
                                          </a:s>
                                          <a:s> ~ </a:s>
                                          <a:s r="396">
                                             <a:s>&quot;Right (qualifier value)&quot;</a:s>
                                          </a:s>
                                       </a:s>
                                    </a:s>
                                 </a:s>
                                 <a:s>
    )</a:s>
                              </a:s>
                           </a:s>
                           <a:s> )</a:s>
                        </a:s>
                        <a:s> RightMastectomy</a:s>
                     </a:s>
                  </a:s>
                  <a:s>
    </a:s>
                  <a:s r="420">
                     <a:s>where </a:s>
                     <a:s r="420">
                        <a:s r="410">
                           <a:s r="409">
                              <a:s>RightMastectomy</a:s>
                           </a:s>
                           <a:s>.</a:s>
                           <a:s r="410">
                              <a:s>prevalencePeriod</a:s>
                           </a:s>
                        </a:s>
                        <a:s r="420"> starts on or before </a:s>
                        <a:s r="415">
                           <a:s>end of </a:s>
                           <a:s r="416">
                              <a:s>&quot;Measurement Period&quot;</a:s>
                           </a:s>
                        </a:s>
                     </a:s>
                  </a:s>
               </a:s>
            </a:s>
         </annotation>
         <resultTypeSpecifier localId="663" xsi:type="ListTypeSpecifier">
            <elementType localId="664" xmlns:ns14="urn:healthit-gov:qdm:v5_6" name="ns14:Diagnosis" xsi:type="NamedTypeSpecifier"/>
         </resultTypeSpecifier>
         <expression localId="421" locator="80:3-84:90" xsi:type="Query">
            <resultTypeSpecifier localId="422" xsi:type="ListTypeSpecifier">
               <elementType localId="423" xmlns:ns15="urn:healthit-gov:qdm:v5_6" name="ns15:Diagnosis" xsi:type="NamedTypeSpecifier"/>
            </resultTypeSpecifier>
            <source localId="367" locator="80:3-83:23" alias="RightMastectomy">
               <resultTypeSpecifier localId="407" xsi:type="ListTypeSpecifier">
                  <elementType localId="408" xmlns:ns16="urn:healthit-gov:qdm:v5_6" name="ns16:Diagnosis" xsi:type="NamedTypeSpecifier"/>
               </resultTypeSpecifier>
               <expression localId="402" locator="80:3-83:7" xsi:type="Union">
                  <resultTypeSpecifier localId="405" xsi:type="ListTypeSpecifier">
                     <elementType localId="406" xmlns:ns17="urn:healthit-gov:qdm:v5_6" name="ns17:Diagnosis" xsi:type="NamedTypeSpecifier"/>
                  </resultTypeSpecifier>
                  <operand localId="379" locator="80:5-80:74" xsi:type="Query">
                     <resultTypeSpecifier localId="380" xsi:type="ListTypeSpecifier">
                        <elementType localId="381" xmlns:ns18="urn:healthit-gov:qdm:v5_6" name="ns18:Diagnosis" xsi:type="NamedTypeSpecifier"/>
                     </resultTypeSpecifier>
                     <source localId="368" locator="80:5-80:74" alias="RightMastectomyProcedure">
                        <resultTypeSpecifier localId="377" xsi:type="ListTypeSpecifier">
                           <elementType localId="378" xmlns:ns19="urn:healthit-gov:qdm:v5_6" name="ns19:Diagnosis" xsi:type="NamedTypeSpecifier"/>
                        </resultTypeSpecifier>
                        <expression localId="371" locator="80:5-80:49" xmlns:ns20="urn:healthit-gov:qdm:v5_6" dataType="ns20:Diagnosis" codeProperty="code" codeComparator="in" xsi:type="Retrieve">
                           <resultTypeSpecifier localId="375" xsi:type="ListTypeSpecifier">
                              <elementType localId="376" xmlns:ns21="urn:healthit-gov:qdm:v5_6" name="ns21:Diagnosis" xsi:type="NamedTypeSpecifier"/>
                           </resultTypeSpecifier>
                           <codes localId="370" locator="80:19-80:48" resultTypeName="t:ValueSet" name="Status Post Right Mastectomy" preserve="true" xsi:type="ValueSetRef"/>
                        </expression>
                     </source>
                  </operand>
                  <operand localId="397" locator="81:11-83:5" xsi:type="Query">
                     <resultTypeSpecifier localId="400" xsi:type="ListTypeSpecifier">
                        <elementType localId="401" xmlns:ns22="urn:healthit-gov:qdm:v5_6" name="ns22:Diagnosis" xsi:type="NamedTypeSpecifier"/>
                     </resultTypeSpecifier>
                     <source localId="382" locator="81:13-81:104" alias="UnilateralMastectomyDiagnosis">
                        <resultTypeSpecifier localId="391" xsi:type="ListTypeSpecifier">
                           <elementType localId="392" xmlns:ns23="urn:healthit-gov:qdm:v5_6" name="ns23:Diagnosis" xsi:type="NamedTypeSpecifier"/>
                        </resultTypeSpecifier>
                        <expression localId="385" locator="81:13-81:74" xmlns:ns24="urn:healthit-gov:qdm:v5_6" dataType="ns24:Diagnosis" codeProperty="code" codeComparator="in" xsi:type="Retrieve">
                           <resultTypeSpecifier localId="389" xsi:type="ListTypeSpecifier">
                              <elementType localId="390" xmlns:ns25="urn:healthit-gov:qdm:v5_6" name="ns25:Diagnosis" xsi:type="NamedTypeSpecifier"/>
                           </resultTypeSpecifier>
                           <codes localId="384" locator="81:27-81:73" resultTypeName="t:ValueSet" name="Unilateral Mastectomy, Unspecified Laterality" preserve="true" xsi:type="ValueSetRef"/>
                        </expression>
                     </source>
                     <where localId="393" locator="82:9-82:94" resultTypeName="t:Boolean" xsi:type="Equivalent">
                        <operand localId="395" locator="82:15-82:66" resultTypeName="t:Code" path="anatomicalLocationSite" scope="UnilateralMastectomyDiagnosis" xsi:type="Property"/>
                        <operand localId="396" locator="82:70-82:94" resultTypeName="t:Code" name="Right (qualifier value)" xsi:type="CodeRef"/>
                     </where>
                  </operand>
               </expression>
            </source>
            <where localId="420" locator="84:5-84:90" resultTypeName="t:Boolean" xsi:type="SameOrBefore">
               <operand localId="419" locator="84:44-84:49" xsi:type="Start">
                  <operand localId="410" locator="84:11-84:42" path="prevalencePeriod" scope="RightMastectomy" xsi:type="Property">
                     <resultTypeSpecifier localId="413" xsi:type="IntervalTypeSpecifier">
                        <pointType localId="414" name="t:DateTime" xsi:type="NamedTypeSpecifier"/>
                     </resultTypeSpecifier>
                  </operand>
               </operand>
               <operand localId="415" locator="84:64-84:90" resultTypeName="t:DateTime" xsi:type="End">
                  <operand localId="416" locator="84:71-84:90" name="Measurement Period" xsi:type="ParameterRef">
                     <resultTypeSpecifier localId="417" xsi:type="IntervalTypeSpecifier">
                        <pointType localId="418" name="t:DateTime" xsi:type="NamedTypeSpecifier"/>
                     </resultTypeSpecifier>
                  </operand>
               </operand>
            </where>
         </expression>
      </def>
      <def localId="433" locator="86:1-88:189" name="Right Mastectomy Procedure" context="Patient" accessLevel="Public">
         <annotation xsi:type="a:Annotation">
            <a:s r="433">
               <a:s>define &quot;Right Mastectomy Procedure&quot;:
  </a:s>
               <a:s r="465">
                  <a:s>
                     <a:s r="434">
                        <a:s r="437">
                           <a:s r="437">
                              <a:s>[&quot;Procedure, Performed&quot;: </a:s>
                              <a:s>
                                 <a:s>&quot;Unilateral Mastectomy Right&quot;</a:s>
                              </a:s>
                              <a:s>]</a:s>
                           </a:s>
                        </a:s>
                        <a:s> UnilateralMastectomyRightPerformed</a:s>
                     </a:s>
                  </a:s>
                  <a:s>
    </a:s>
                  <a:s r="464">
                     <a:s>where </a:s>
                     <a:s r="464">
                        <a:s r="454">
                           <a:s r="445">
                              <a:s>Global</a:s>
                           </a:s>
                           <a:s>.</a:s>
                           <a:s r="454">
                              <a:s>&quot;NormalizeInterval&quot; ( </a:s>
                              <a:s r="447">
                                 <a:s r="446">
                                    <a:s>UnilateralMastectomyRightPerformed</a:s>
                                 </a:s>
                                 <a:s>.</a:s>
                                 <a:s r="447">
                                    <a:s>relevantDatetime</a:s>
                                 </a:s>
                              </a:s>
                              <a:s>, </a:s>
                              <a:s r="449">
                                 <a:s r="448">
                                    <a:s>UnilateralMastectomyRightPerformed</a:s>
                                 </a:s>
                                 <a:s>.</a:s>
                                 <a:s r="449">
                                    <a:s>relevantPeriod</a:s>
                                 </a:s>
                              </a:s>
                              <a:s> )</a:s>
                           </a:s>
                        </a:s>
                        <a:s r="464"> ends on or before </a:s>
                        <a:s r="459">
                           <a:s>end of </a:s>
                           <a:s r="460">
                              <a:s>&quot;Measurement Period&quot;</a:s>
                           </a:s>
                        </a:s>
                     </a:s>
                  </a:s>
               </a:s>
            </a:s>
         </annotation>
         <resultTypeSpecifier localId="665" xsi:type="ListTypeSpecifier">
            <elementType localId="666" xmlns:ns26="urn:healthit-gov:qdm:v5_6" name="ns26:PositiveProcedurePerformed" xsi:type="NamedTypeSpecifier"/>
         </resultTypeSpecifier>
         <expression localId="465" locator="87:3-88:189" xsi:type="Query">
            <resultTypeSpecifier localId="466" xsi:type="ListTypeSpecifier">
               <elementType localId="467" xmlns:ns27="urn:healthit-gov:qdm:v5_6" name="ns27:PositiveProcedurePerformed" xsi:type="NamedTypeSpecifier"/>
            </resultTypeSpecifier>
            <source localId="434" locator="87:3-87:92" alias="UnilateralMastectomyRightPerformed">
               <resultTypeSpecifier localId="443" xsi:type="ListTypeSpecifier">
                  <elementType localId="444" xmlns:ns28="urn:healthit-gov:qdm:v5_6" name="ns28:PositiveProcedurePerformed" xsi:type="NamedTypeSpecifier"/>
               </resultTypeSpecifier>
               <expression localId="437" locator="87:3-87:57" xmlns:ns29="urn:healthit-gov:qdm:v5_6" dataType="ns29:PositiveProcedurePerformed" templateId="PositiveProcedurePerformed" codeProperty="code" codeComparator="in" xsi:type="Retrieve">
                  <resultTypeSpecifier localId="441" xsi:type="ListTypeSpecifier">
                     <elementType localId="442" xmlns:ns30="urn:healthit-gov:qdm:v5_6" name="ns30:PositiveProcedurePerformed" xsi:type="NamedTypeSpecifier"/>
                  </resultTypeSpecifier>
                  <codes localId="436" locator="87:28-87:56" resultTypeName="t:ValueSet" name="Unilateral Mastectomy Right" preserve="true" xsi:type="ValueSetRef"/>
               </expression>
            </source>
            <where localId="464" locator="88:5-88:189" resultTypeName="t:Boolean" xsi:type="SameOrBefore">
               <operand localId="463" locator="88:145-88:148" xsi:type="End">
                  <operand localId="454" locator="88:11-88:143" name="NormalizeInterval" libraryName="Global" xsi:type="FunctionRef">
                     <resultTypeSpecifier localId="457" xsi:type="IntervalTypeSpecifier">
                        <pointType localId="458" name="t:DateTime" xsi:type="NamedTypeSpecifier"/>
                     </resultTypeSpecifier>
                     <operand localId="447" locator="88:40-88:90" resultTypeName="t:DateTime" path="relevantDatetime" scope="UnilateralMastectomyRightPerformed" xsi:type="Property"/>
                     <operand localId="449" locator="88:93-88:141" path="relevantPeriod" scope="UnilateralMastectomyRightPerformed" xsi:type="Property">
                        <resultTypeSpecifier localId="452" xsi:type="IntervalTypeSpecifier">
                           <pointType localId="453" name="t:DateTime" xsi:type="NamedTypeSpecifier"/>
                        </resultTypeSpecifier>
                     </operand>
                  </operand>
               </operand>
               <operand localId="459" locator="88:163-88:189" resultTypeName="t:DateTime" xsi:type="End">
                  <operand localId="460" locator="88:170-88:189" name="Measurement Period" xsi:type="ParameterRef">
                     <resultTypeSpecifier localId="461" xsi:type="IntervalTypeSpecifier">
                        <pointType localId="462" name="t:DateTime" xsi:type="NamedTypeSpecifier"/>
                     </resultTypeSpecifier>
                  </operand>
               </operand>
            </where>
         </expression>
      </def>
      <def localId="478" locator="60:1-65:89" name="Left Mastectomy Diagnosis" context="Patient" accessLevel="Public">
         <annotation xsi:type="a:Annotation">
            <a:s r="478">
               <a:s>define &quot;Left Mastectomy Diagnosis&quot;:
  </a:s>
               <a:s r="525">
                  <a:s>
                     <a:s r="479">
                        <a:s r="506">
                           <a:s>( </a:s>
                           <a:s r="506">
                              <a:s r="482">
                                 <a:s>[&quot;Diagnosis&quot;: </a:s>
                                 <a:s>
                                    <a:s>&quot;Status Post Left Mastectomy&quot;</a:s>
                                 </a:s>
                                 <a:s>]</a:s>
                              </a:s>
                              <a:s>
    union </a:s>
                              <a:s r="501">
                                 <a:s>( </a:s>
                                 <a:s r="501">
                                    <a:s>
                                       <a:s r="486">
                                          <a:s r="489">
                                             <a:s r="489">
                                                <a:s>[&quot;Diagnosis&quot;: </a:s>
                                                <a:s>
                                                   <a:s>&quot;Unilateral Mastectomy, Unspecified Laterality&quot;</a:s>
                                                </a:s>
                                                <a:s>]</a:s>
                                             </a:s>
                                          </a:s>
                                          <a:s> UnilateralMastectomyDiagnosis</a:s>
                                       </a:s>
                                    </a:s>
                                    <a:s>
        </a:s>
                                    <a:s r="497">
                                       <a:s>where </a:s>
                                       <a:s r="497">
                                          <a:s r="499">
                                             <a:s r="498">
                                                <a:s>UnilateralMastectomyDiagnosis</a:s>
                                             </a:s>
                                             <a:s>.</a:s>
                                             <a:s r="499">
                                                <a:s>anatomicalLocationSite</a:s>
                                             </a:s>
                                          </a:s>
                                          <a:s> ~ </a:s>
                                          <a:s r="500">
                                             <a:s>&quot;Left (qualifier value)&quot;</a:s>
                                          </a:s>
                                       </a:s>
                                    </a:s>
                                 </a:s>
                                 <a:s>
    )</a:s>
                              </a:s>
                           </a:s>
                           <a:s> )</a:s>
                        </a:s>
                        <a:s> LeftMastectomy</a:s>
                     </a:s>
                  </a:s>
                  <a:s>
    </a:s>
                  <a:s r="524">
                     <a:s>where </a:s>
                     <a:s r="524">
                        <a:s r="514">
                           <a:s r="513">
                              <a:s>LeftMastectomy</a:s>
                           </a:s>
                           <a:s>.</a:s>
                           <a:s r="514">
                              <a:s>prevalencePeriod</a:s>
                           </a:s>
                        </a:s>
                        <a:s r="524"> starts on or before </a:s>
                        <a:s r="519">
                           <a:s>end of </a:s>
                           <a:s r="520">
                              <a:s>&quot;Measurement Period&quot;</a:s>
                           </a:s>
                        </a:s>
                     </a:s>
                  </a:s>
               </a:s>
            </a:s>
         </annotation>
         <resultTypeSpecifier localId="593" xsi:type="ListTypeSpecifier">
            <elementType localId="594" xmlns:ns31="urn:healthit-gov:qdm:v5_6" name="ns31:Diagnosis" xsi:type="NamedTypeSpecifier"/>
         </resultTypeSpecifier>
         <expression localId="525" locator="61:3-65:89" xsi:type="Query">
            <resultTypeSpecifier localId="526" xsi:type="ListTypeSpecifier">
               <elementType localId="527" xmlns:ns32="urn:healthit-gov:qdm:v5_6" name="ns32:Diagnosis" xsi:type="NamedTypeSpecifier"/>
            </resultTypeSpecifier>
            <source localId="479" locator="61:3-64:22" alias="LeftMastectomy">
               <resultTypeSpecifier localId="511" xsi:type="ListTypeSpecifier">
                  <elementType localId="512" xmlns:ns33="urn:healthit-gov:qdm:v5_6" name="ns33:Diagnosis" xsi:type="NamedTypeSpecifier"/>
               </resultTypeSpecifier>
               <expression localId="506" locator="61:3-64:7" xsi:type="Union">
                  <resultTypeSpecifier localId="509" xsi:type="ListTypeSpecifier">
                     <elementType localId="510" xmlns:ns34="urn:healthit-gov:qdm:v5_6" name="ns34:Diagnosis" xsi:type="NamedTypeSpecifier"/>
                  </resultTypeSpecifier>
                  <operand localId="482" locator="61:5-61:48" xmlns:ns35="urn:healthit-gov:qdm:v5_6" dataType="ns35:Diagnosis" codeProperty="code" codeComparator="in" xsi:type="Retrieve">
                     <resultTypeSpecifier localId="484" xsi:type="ListTypeSpecifier">
                        <elementType localId="485" xmlns:ns36="urn:healthit-gov:qdm:v5_6" name="ns36:Diagnosis" xsi:type="NamedTypeSpecifier"/>
                     </resultTypeSpecifier>
                     <codes localId="481" locator="61:19-61:47" resultTypeName="t:ValueSet" name="Status Post Left Mastectomy" preserve="true" xsi:type="ValueSetRef"/>
                  </operand>
                  <operand localId="501" locator="62:11-64:5" xsi:type="Query">
                     <resultTypeSpecifier localId="504" xsi:type="ListTypeSpecifier">
                        <elementType localId="505" xmlns:ns37="urn:healthit-gov:qdm:v5_6" name="ns37:Diagnosis" xsi:type="NamedTypeSpecifier"/>
                     </resultTypeSpecifier>
                     <source localId="486" locator="62:13-62:104" alias="UnilateralMastectomyDiagnosis">
                        <resultTypeSpecifier localId="495" xsi:type="ListTypeSpecifier">
                           <elementType localId="496" xmlns:ns38="urn:healthit-gov:qdm:v5_6" name="ns38:Diagnosis" xsi:type="NamedTypeSpecifier"/>
                        </resultTypeSpecifier>
                        <expression localId="489" locator="62:13-62:74" xmlns:ns39="urn:healthit-gov:qdm:v5_6" dataType="ns39:Diagnosis" codeProperty="code" codeComparator="in" xsi:type="Retrieve">
                           <resultTypeSpecifier localId="493" xsi:type="ListTypeSpecifier">
                              <elementType localId="494" xmlns:ns40="urn:healthit-gov:qdm:v5_6" name="ns40:Diagnosis" xsi:type="NamedTypeSpecifier"/>
                           </resultTypeSpecifier>
                           <codes localId="488" locator="62:27-62:73" resultTypeName="t:ValueSet" name="Unilateral Mastectomy, Unspecified Laterality" preserve="true" xsi:type="ValueSetRef"/>
                        </expression>
                     </source>
                     <where localId="497" locator="63:9-63:93" resultTypeName="t:Boolean" xsi:type="Equivalent">
                        <operand localId="499" locator="63:15-63:66" resultTypeName="t:Code" path="anatomicalLocationSite" scope="UnilateralMastectomyDiagnosis" xsi:type="Property"/>
                        <operand localId="500" locator="63:70-63:93" resultTypeName="t:Code" name="Left (qualifier value)" xsi:type="CodeRef"/>
                     </where>
                  </operand>
               </expression>
            </source>
            <where localId="524" locator="65:5-65:89" resultTypeName="t:Boolean" xsi:type="SameOrBefore">
               <operand localId="523" locator="65:43-65:48" xsi:type="Start">
                  <operand localId="514" locator="65:11-65:41" path="prevalencePeriod" scope="LeftMastectomy" xsi:type="Property">
                     <resultTypeSpecifier localId="517" xsi:type="IntervalTypeSpecifier">
                        <pointType localId="518" name="t:DateTime" xsi:type="NamedTypeSpecifier"/>
                     </resultTypeSpecifier>
                  </operand>
               </operand>
               <operand localId="519" locator="65:63-65:89" resultTypeName="t:DateTime" xsi:type="End">
                  <operand localId="520" locator="65:70-65:89" name="Measurement Period" xsi:type="ParameterRef">
                     <resultTypeSpecifier localId="521" xsi:type="IntervalTypeSpecifier">
                        <pointType localId="522" name="t:DateTime" xsi:type="NamedTypeSpecifier"/>
                     </resultTypeSpecifier>
                  </operand>
               </operand>
            </where>
         </expression>
      </def>
      <def localId="537" locator="67:1-69:187" name="Left Mastectomy Procedure" context="Patient" accessLevel="Public">
         <annotation xsi:type="a:Annotation">
            <a:s r="537">
               <a:s>define &quot;Left Mastectomy Procedure&quot;:
  </a:s>
               <a:s r="569">
                  <a:s>
                     <a:s r="538">
                        <a:s r="541">
                           <a:s r="541">
                              <a:s>[&quot;Procedure, Performed&quot;: </a:s>
                              <a:s>
                                 <a:s>&quot;Unilateral Mastectomy Left&quot;</a:s>
                              </a:s>
                              <a:s>]</a:s>
                           </a:s>
                        </a:s>
                        <a:s> UnilateralMastectomyLeftPerformed</a:s>
                     </a:s>
                  </a:s>
                  <a:s>
    </a:s>
                  <a:s r="568">
                     <a:s>where </a:s>
                     <a:s r="568">
                        <a:s r="558">
                           <a:s r="549">
                              <a:s>Global</a:s>
                           </a:s>
                           <a:s>.</a:s>
                           <a:s r="558">
                              <a:s>&quot;NormalizeInterval&quot; ( </a:s>
                              <a:s r="551">
                                 <a:s r="550">
                                    <a:s>UnilateralMastectomyLeftPerformed</a:s>
                                 </a:s>
                                 <a:s>.</a:s>
                                 <a:s r="551">
                                    <a:s>relevantDatetime</a:s>
                                 </a:s>
                              </a:s>
                              <a:s>, </a:s>
                              <a:s r="553">
                                 <a:s r="552">
                                    <a:s>UnilateralMastectomyLeftPerformed</a:s>
                                 </a:s>
                                 <a:s>.</a:s>
                                 <a:s r="553">
                                    <a:s>relevantPeriod</a:s>
                                 </a:s>
                              </a:s>
                              <a:s> )</a:s>
                           </a:s>
                        </a:s>
                        <a:s r="568"> ends on or before </a:s>
                        <a:s r="563">
                           <a:s>end of </a:s>
                           <a:s r="564">
                              <a:s>&quot;Measurement Period&quot;</a:s>
                           </a:s>
                        </a:s>
                     </a:s>
                  </a:s>
               </a:s>
            </a:s>
         </annotation>
         <resultTypeSpecifier localId="595" xsi:type="ListTypeSpecifier">
            <elementType localId="596" xmlns:ns41="urn:healthit-gov:qdm:v5_6" name="ns41:PositiveProcedurePerformed" xsi:type="NamedTypeSpecifier"/>
         </resultTypeSpecifier>
         <expression localId="569" locator="68:3-69:187" xsi:type="Query">
            <resultTypeSpecifier localId="570" xsi:type="ListTypeSpecifier">
               <elementType localId="571" xmlns:ns42="urn:healthit-gov:qdm:v5_6" name="ns42:PositiveProcedurePerformed" xsi:type="NamedTypeSpecifier"/>
            </resultTypeSpecifier>
            <source localId="538" locator="68:3-68:90" alias="UnilateralMastectomyLeftPerformed">
               <resultTypeSpecifier localId="547" xsi:type="ListTypeSpecifier">
                  <elementType localId="548" xmlns:ns43="urn:healthit-gov:qdm:v5_6" name="ns43:PositiveProcedurePerformed" xsi:type="NamedTypeSpecifier"/>
               </resultTypeSpecifier>
               <expression localId="541" locator="68:3-68:56" xmlns:ns44="urn:healthit-gov:qdm:v5_6" dataType="ns44:PositiveProcedurePerformed" templateId="PositiveProcedurePerformed" codeProperty="code" codeComparator="in" xsi:type="Retrieve">
                  <resultTypeSpecifier localId="545" xsi:type="ListTypeSpecifier">
                     <elementType localId="546" xmlns:ns45="urn:healthit-gov:qdm:v5_6" name="ns45:PositiveProcedurePerformed" xsi:type="NamedTypeSpecifier"/>
                  </resultTypeSpecifier>
                  <codes localId="540" locator="68:28-68:55" resultTypeName="t:ValueSet" name="Unilateral Mastectomy Left" preserve="true" xsi:type="ValueSetRef"/>
               </expression>
            </source>
            <where localId="568" locator="69:5-69:187" resultTypeName="t:Boolean" xsi:type="SameOrBefore">
               <operand localId="567" locator="69:143-69:146" xsi:type="End">
                  <operand localId="558" locator="69:11-69:141" name="NormalizeInterval" libraryName="Global" xsi:type="FunctionRef">
                     <resultTypeSpecifier localId="561" xsi:type="IntervalTypeSpecifier">
                        <pointType localId="562" name="t:DateTime" xsi:type="NamedTypeSpecifier"/>
                     </resultTypeSpecifier>
                     <operand localId="551" locator="69:40-69:89" resultTypeName="t:DateTime" path="relevantDatetime" scope="UnilateralMastectomyLeftPerformed" xsi:type="Property"/>
                     <operand localId="553" locator="69:92-69:139" path="relevantPeriod" scope="UnilateralMastectomyLeftPerformed" xsi:type="Property">
                        <resultTypeSpecifier localId="556" xsi:type="IntervalTypeSpecifier">
                           <pointType localId="557" name="t:DateTime" xsi:type="NamedTypeSpecifier"/>
                        </resultTypeSpecifier>
                     </operand>
                  </operand>
               </operand>
               <operand localId="563" locator="69:161-69:187" resultTypeName="t:DateTime" xsi:type="End">
                  <operand localId="564" locator="69:168-69:187" name="Measurement Period" xsi:type="ParameterRef">
                     <resultTypeSpecifier localId="565" xsi:type="IntervalTypeSpecifier">
                        <pointType localId="566" name="t:DateTime" xsi:type="NamedTypeSpecifier"/>
                     </resultTypeSpecifier>
                  </operand>
               </operand>
            </where>
         </expression>
      </def>
      <def localId="353" locator="45:1-58:69" resultTypeName="t:Boolean" name="Denominator Exclusions" context="Patient" accessLevel="Public">
         <annotation xsi:type="a:Annotation">
            <a:s r="353">
               <a:s>define &quot;Denominator Exclusions&quot;:
  </a:s>
               <a:s r="354">
                  <a:s r="355">
                     <a:s r="356">
                        <a:s r="357">
                           <a:s r="358">
                              <a:s r="359">
                                 <a:s r="361">
                                    <a:s r="360">
                                       <a:s>Hospice</a:s>
                                    </a:s>
                                    <a:s>.</a:s>
                                    <a:s r="361">
                                       <a:s>&quot;Has Hospice Services&quot;</a:s>
                                    </a:s>
                                 </a:s>
                                 <a:s>
    or </a:s>
                                 <a:s r="362">
                                    <a:s>( </a:s>
                                    <a:s r="362">
                                       <a:s r="363">
                                          <a:s>( </a:s>
                                          <a:s r="363">
                                             <a:s r="364">
                                                <a:s>exists </a:s>
                                                <a:s r="426">
                                                   <a:s>( </a:s>
                                                   <a:s r="426">
                                                      <a:s>&quot;Right Mastectomy Diagnosis&quot;</a:s>
                                                   </a:s>
                                                   <a:s> )</a:s>
                                                </a:s>
                                             </a:s>
                                             <a:s>
          or </a:s>
                                             <a:s r="431">
                                                <a:s>exists </a:s>
                                                <a:s r="470">
                                                   <a:s>( </a:s>
                                                   <a:s r="470">
                                                      <a:s>&quot;Right Mastectomy Procedure&quot;</a:s>
                                                   </a:s>
                                                   <a:s> )</a:s>
                                                </a:s>
                                             </a:s>
                                          </a:s>
                                          <a:s>
      )</a:s>
                                       </a:s>
                                       <a:s>
        and </a:s>
                                       <a:s r="475">
                                          <a:s>( </a:s>
                                          <a:s r="475">
                                             <a:s r="476">
                                                <a:s>exists </a:s>
                                                <a:s r="530">
                                                   <a:s>( </a:s>
                                                   <a:s r="530">
                                                      <a:s>&quot;Left Mastectomy Diagnosis&quot;</a:s>
                                                   </a:s>
                                                   <a:s> )</a:s>
                                                </a:s>
                                             </a:s>
                                             <a:s>
            or </a:s>
                                             <a:s r="535">
                                                <a:s>exists </a:s>
                                                <a:s r="574">
                                                   <a:s>( </a:s>
                                                   <a:s r="574">
                                                      <a:s>&quot;Left Mastectomy Procedure&quot;</a:s>
                                                   </a:s>
                                                   <a:s> )</a:s>
                                                </a:s>
                                             </a:s>
                                          </a:s>
                                          <a:s>
        )</a:s>
                                       </a:s>
                                    </a:s>
                                    <a:s>
    )</a:s>
                                 </a:s>
                              </a:s>
                              <a:s>
    or </a:s>
                              <a:s r="579">
                                 <a:s>exists </a:s>
                                 <a:s r="580">
                                    <a:s>&quot;Bilateral Mastectomy Diagnosis&quot;</a:s>
                                 </a:s>
                              </a:s>
                           </a:s>
                           <a:s>
    or </a:s>
                           <a:s r="583">
                              <a:s>exists </a:s>
                              <a:s r="584">
                                 <a:s>&quot;Bilateral Mastectomy Procedure&quot;</a:s>
                              </a:s>
                           </a:s>
                        </a:s>
                        <a:s>
    or </a:s>
                        <a:s r="588">
                           <a:s r="587">
                              <a:s>AIFrailLTCF</a:s>
                           </a:s>
                           <a:s>.</a:s>
                           <a:s r="588">
                              <a:s>&quot;Is Age 66 or Older with Advanced Illness and Frailty&quot;</a:s>
                           </a:s>
                        </a:s>
                     </a:s>
                     <a:s>
    or </a:s>
                     <a:s r="590">
                        <a:s r="589">
                           <a:s>AIFrailLTCF</a:s>
                        </a:s>
                        <a:s>.</a:s>
                        <a:s r="590">
                           <a:s>&quot;Is Age 66 or Older Living Long Term in a Nursing Home&quot;</a:s>
                        </a:s>
                     </a:s>
                  </a:s>
                  <a:s>
    or </a:s>
                  <a:s r="592">
                     <a:s r="591">
                        <a:s>PalliativeCare</a:s>
                     </a:s>
                     <a:s>.</a:s>
                     <a:s r="592">
                        <a:s>&quot;Has Palliative Care in the Measurement Period&quot;</a:s>
                     </a:s>
                  </a:s>
               </a:s>
            </a:s>
         </annotation>
         <expression localId="354" locator="46:3-58:69" resultTypeName="t:Boolean" xsi:type="Or">
            <operand localId="355" locator="46:3-57:74" resultTypeName="t:Boolean" xsi:type="Or">
               <operand localId="356" locator="46:3-56:73" resultTypeName="t:Boolean" xsi:type="Or">
                  <operand localId="357" locator="46:3-55:46" resultTypeName="t:Boolean" xsi:type="Or">
                     <operand localId="358" locator="46:3-54:46" resultTypeName="t:Boolean" xsi:type="Or">
                        <operand localId="359" locator="46:3-53:5" resultTypeName="t:Boolean" xsi:type="Or">
                           <operand localId="361" locator="46:3-46:32" resultTypeName="t:Boolean" name="Has Hospice Services" libraryName="Hospice" xsi:type="ExpressionRef"/>
                           <operand localId="362" locator="47:8-53:5" resultTypeName="t:Boolean" xsi:type="And">
                              <operand localId="363" locator="47:10-49:7" resultTypeName="t:Boolean" xsi:type="Or">
                                 <operand localId="364" locator="47:12-47:50" resultTypeName="t:Boolean" xsi:type="Exists">
                                    <operand localId="426" locator="47:19-47:50" name="Right Mastectomy Diagnosis" xsi:type="ExpressionRef">
                                       <resultTypeSpecifier localId="429" xsi:type="ListTypeSpecifier">
                                          <elementType localId="430" xmlns:ns46="urn:healthit-gov:qdm:v5_6" name="ns46:Diagnosis" xsi:type="NamedTypeSpecifier"/>
                                       </resultTypeSpecifier>
                                    </operand>
                                 </operand>
                                 <operand localId="431" locator="48:14-48:52" resultTypeName="t:Boolean" xsi:type="Exists">
                                    <operand localId="470" locator="48:21-48:52" name="Right Mastectomy Procedure" xsi:type="ExpressionRef">
                                       <resultTypeSpecifier localId="473" xsi:type="ListTypeSpecifier">
                                          <elementType localId="474" xmlns:ns47="urn:healthit-gov:qdm:v5_6" name="ns47:PositiveProcedurePerformed" xsi:type="NamedTypeSpecifier"/>
                                       </resultTypeSpecifier>
                                    </operand>
                                 </operand>
                              </operand>
                              <operand localId="475" locator="50:13-52:9" resultTypeName="t:Boolean" xsi:type="Or">
                                 <operand localId="476" locator="50:15-50:52" resultTypeName="t:Boolean" xsi:type="Exists">
                                    <operand localId="530" locator="50:22-50:52" name="Left Mastectomy Diagnosis" xsi:type="ExpressionRef">
                                       <resultTypeSpecifier localId="533" xsi:type="ListTypeSpecifier">
                                          <elementType localId="534" xmlns:ns48="urn:healthit-gov:qdm:v5_6" name="ns48:Diagnosis" xsi:type="NamedTypeSpecifier"/>
                                       </resultTypeSpecifier>
                                    </operand>
                                 </operand>
                                 <operand localId="535" locator="51:16-51:53" resultTypeName="t:Boolean" xsi:type="Exists">
                                    <operand localId="574" locator="51:23-51:53" name="Left Mastectomy Procedure" xsi:type="ExpressionRef">
                                       <resultTypeSpecifier localId="577" xsi:type="ListTypeSpecifier">
                                          <elementType localId="578" xmlns:ns49="urn:healthit-gov:qdm:v5_6" name="ns49:PositiveProcedurePerformed" xsi:type="NamedTypeSpecifier"/>
                                       </resultTypeSpecifier>
                                    </operand>
                                 </operand>
                              </operand>
                           </operand>
                        </operand>
                        <operand localId="579" locator="54:8-54:46" resultTypeName="t:Boolean" xsi:type="Exists">
                           <operand localId="580" locator="54:15-54:46" name="Bilateral Mastectomy Diagnosis" xsi:type="ExpressionRef">
                              <resultTypeSpecifier localId="581" xsi:type="ListTypeSpecifier">
                                 <elementType localId="582" xmlns:ns50="urn:healthit-gov:qdm:v5_6" name="ns50:Diagnosis" xsi:type="NamedTypeSpecifier"/>
                              </resultTypeSpecifier>
                           </operand>
                        </operand>
                     </operand>
                     <operand localId="583" locator="55:8-55:46" resultTypeName="t:Boolean" xsi:type="Exists">
                        <operand localId="584" locator="55:15-55:46" name="Bilateral Mastectomy Procedure" xsi:type="ExpressionRef">
                           <resultTypeSpecifier localId="585" xsi:type="ListTypeSpecifier">
                              <elementType localId="586" xmlns:ns51="urn:healthit-gov:qdm:v5_6" name="ns51:PositiveProcedurePerformed" xsi:type="NamedTypeSpecifier"/>
                           </resultTypeSpecifier>
                        </operand>
                     </operand>
                  </operand>
                  <operand localId="588" locator="56:8-56:73" resultTypeName="t:Boolean" name="Is Age 66 or Older with Advanced Illness and Frailty" libraryName="AIFrailLTCF" xsi:type="ExpressionRef"/>
               </operand>
               <operand localId="590" locator="57:8-57:74" resultTypeName="t:Boolean" name="Is Age 66 or Older Living Long Term in a Nursing Home" libraryName="AIFrailLTCF" xsi:type="ExpressionRef"/>
            </operand>
            <operand localId="592" locator="58:8-58:69" resultTypeName="t:Boolean" name="Has Palliative Care in the Measurement Period" libraryName="PalliativeCare" xsi:type="ExpressionRef"/>
         </expression>
      </def>
      <def localId="626" locator="76:1-77:79" resultTypeName="t:DateTime" name="October 1 Two Years Prior to the Measurement Period" context="Patient" accessLevel="Public">
         <annotation xsi:type="a:Annotation">
            <a:s r="626">
               <a:s>define &quot;October 1 Two Years Prior to the Measurement Period&quot;:
  </a:s>
               <a:s r="645">
                  <a:s>DateTime(</a:s>
                  <a:s r="627">
                     <a:s>(</a:s>
                     <a:s r="627">
                        <a:s r="628">
                           <a:s>year from </a:s>
                           <a:s r="629">
                              <a:s>start of </a:s>
                              <a:s r="630">
                                 <a:s>&quot;Measurement Period&quot;</a:s>
                              </a:s>
                           </a:s>
                        </a:s>
                        <a:s r="633"> - 2</a:s>
                     </a:s>
                     <a:s>)</a:s>
                  </a:s>
                  <a:s r="634">, 10, 1, 0, 0, 0, 0, 0)</a:s>
               </a:s>
            </a:s>
         </annotation>
         <expression localId="645" locator="77:3-77:79" resultTypeName="t:DateTime" xsi:type="DateTime">
            <year localId="627" locator="77:12-77:56" resultTypeName="t:Integer" xsi:type="Subtract">
               <operand localId="628" locator="77:13-77:51" resultTypeName="t:Integer" precision="Year" xsi:type="DateTimeComponentFrom">
                  <operand localId="629" locator="77:23-77:51" resultTypeName="t:DateTime" xsi:type="Start">
                     <operand localId="630" locator="77:32-77:51" name="Measurement Period" xsi:type="ParameterRef">
                        <resultTypeSpecifier localId="631" xsi:type="IntervalTypeSpecifier">
                           <pointType localId="632" name="t:DateTime" xsi:type="NamedTypeSpecifier"/>
                        </resultTypeSpecifier>
                     </operand>
                  </operand>
               </operand>
               <operand localId="633" locator="77:55" resultTypeName="t:Integer" valueType="t:Integer" value="2" xsi:type="Literal"/>
            </year>
            <month localId="634" locator="77:59-77:60" resultTypeName="t:Integer" valueType="t:Integer" value="10" xsi:type="Literal"/>
            <day localId="635" locator="77:63" resultTypeName="t:Integer" valueType="t:Integer" value="1" xsi:type="Literal"/>
            <hour localId="636" locator="77:66" resultTypeName="t:Integer" valueType="t:Integer" value="0" xsi:type="Literal"/>
            <minute localId="637" locator="77:69" resultTypeName="t:Integer" valueType="t:Integer" value="0" xsi:type="Literal"/>
            <second localId="638" locator="77:72" resultTypeName="t:Integer" valueType="t:Integer" value="0" xsi:type="Literal"/>
            <millisecond localId="639" locator="77:75" resultTypeName="t:Integer" valueType="t:Integer" value="0" xsi:type="Literal"/>
            <timezoneOffset localId="647" xsi:type="ToDecimal">
               <operand localId="640" locator="77:78" resultTypeName="t:Integer" valueType="t:Integer" value="0" xsi:type="Literal"/>
            </timezoneOffset>
         </expression>
      </def>
      <def localId="598" locator="71:1-74:3" resultTypeName="t:Boolean" name="Numerator" context="Patient" accessLevel="Public">
         <annotation xsi:type="a:Annotation">
            <a:s r="598">
               <a:s>define &quot;Numerator&quot;:
  </a:s>
               <a:s r="599">
                  <a:s>exists </a:s>
                  <a:s r="658">
                     <a:s>( </a:s>
                     <a:s r="658">
                        <a:s>
                           <a:s r="600">
                              <a:s r="603">
                                 <a:s r="603">
                                    <a:s>[&quot;Diagnostic Study, Performed&quot;: </a:s>
                                    <a:s>
                                       <a:s>&quot;Mammography&quot;</a:s>
                                    </a:s>
                                    <a:s>]</a:s>
                                 </a:s>
                              </a:s>
                              <a:s> Mammogram</a:s>
                           </a:s>
                        </a:s>
                        <a:s>
      </a:s>
                        <a:s r="657">
                           <a:s>where </a:s>
                           <a:s r="657">
                              <a:s>( </a:s>
                              <a:s r="657">
                                 <a:s r="620">
                                    <a:s r="611">
                                       <a:s>Global</a:s>
                                    </a:s>
                                    <a:s>.</a:s>
                                    <a:s r="620">
                                       <a:s>&quot;NormalizeInterval&quot; ( </a:s>
                                       <a:s r="613">
                                          <a:s r="612">
                                             <a:s>Mammogram</a:s>
                                          </a:s>
                                          <a:s>.</a:s>
                                          <a:s r="613">
                                             <a:s>relevantDatetime</a:s>
                                          </a:s>
                                       </a:s>
                                       <a:s>, </a:s>
                                       <a:s r="615">
                                          <a:s r="614">
                                             <a:s>Mammogram</a:s>
                                          </a:s>
                                          <a:s>.</a:s>
                                          <a:s r="615">
                                             <a:s>relevantPeriod</a:s>
                                          </a:s>
                                       </a:s>
                                       <a:s> )</a:s>
                                    </a:s>
                                 </a:s>
                                 <a:s r="657"> ends during day of </a:s>
                                 <a:s r="653">
                                    <a:s>Interval[</a:s>
                                    <a:s r="648">
                                       <a:s>&quot;October 1 Two Years Prior to the Measurement Period&quot;</a:s>
                                    </a:s>
                                    <a:s>, </a:s>
                                    <a:s r="649">
                                       <a:s>end of </a:s>
                                       <a:s r="650">
                                          <a:s>&quot;Measurement Period&quot;</a:s>
                                       </a:s>
                                    </a:s>
                                    <a:s>]</a:s>
                                 </a:s>
                              </a:s>
                              <a:s>)</a:s>
                           </a:s>
                        </a:s>
                     </a:s>
                     <a:s>
  )</a:s>
                  </a:s>
               </a:s>
            </a:s>
         </annotation>
         <expression localId="599" locator="72:3-74:3" resultTypeName="t:Boolean" xsi:type="Exists">
            <operand localId="658" locator="72:10-74:3" xsi:type="Query">
               <resultTypeSpecifier localId="661" xsi:type="ListTypeSpecifier">
                  <elementType localId="662" xmlns:ns52="urn:healthit-gov:qdm:v5_6" name="ns52:PositiveDiagnosticStudyPerformed" xsi:type="NamedTypeSpecifier"/>
               </resultTypeSpecifier>
               <source localId="600" locator="72:12-72:67" alias="Mammogram">
                  <resultTypeSpecifier localId="609" xsi:type="ListTypeSpecifier">
                     <elementType localId="610" xmlns:ns53="urn:healthit-gov:qdm:v5_6" name="ns53:PositiveDiagnosticStudyPerformed" xsi:type="NamedTypeSpecifier"/>
                  </resultTypeSpecifier>
                  <expression localId="603" locator="72:12-72:57" xmlns:ns54="urn:healthit-gov:qdm:v5_6" dataType="ns54:PositiveDiagnosticStudyPerformed" templateId="PositiveDiagnosticStudyPerformed" codeProperty="code" codeComparator="in" xsi:type="Retrieve">
                     <resultTypeSpecifier localId="607" xsi:type="ListTypeSpecifier">
                        <elementType localId="608" xmlns:ns55="urn:healthit-gov:qdm:v5_6" name="ns55:PositiveDiagnosticStudyPerformed" xsi:type="NamedTypeSpecifier"/>
                     </resultTypeSpecifier>
                     <codes localId="602" locator="72:44-72:56" resultTypeName="t:ValueSet" name="Mammography" preserve="true" xsi:type="ValueSetRef"/>
                  </expression>
               </source>
               <where localId="657" locator="73:7-73:210" resultTypeName="t:Boolean" precision="Day" xsi:type="In">
                  <operand localId="656" locator="73:99-73:102" xsi:type="End">
                     <operand localId="620" locator="73:15-73:97" name="NormalizeInterval" libraryName="Global" xsi:type="FunctionRef">
                        <resultTypeSpecifier localId="623" xsi:type="IntervalTypeSpecifier">
                           <pointType localId="624" name="t:DateTime" xsi:type="NamedTypeSpecifier"/>
                        </resultTypeSpecifier>
                        <operand localId="613" locator="73:44-73:69" resultTypeName="t:DateTime" path="relevantDatetime" scope="Mammogram" xsi:type="Property"/>
                        <operand localId="615" locator="73:72-73:95" path="relevantPeriod" scope="Mammogram" xsi:type="Property">
                           <resultTypeSpecifier localId="618" xsi:type="IntervalTypeSpecifier">
                              <pointType localId="619" name="t:DateTime" xsi:type="NamedTypeSpecifier"/>
                           </resultTypeSpecifier>
                        </operand>
                     </operand>
                  </operand>
                  <operand localId="653" locator="73:118-73:209" lowClosed="true" highClosed="true" xsi:type="Interval">
                     <resultTypeSpecifier localId="654" xsi:type="IntervalTypeSpecifier">
                        <pointType localId="655" name="t:DateTime" xsi:type="NamedTypeSpecifier"/>
                     </resultTypeSpecifier>
                     <low localId="648" locator="73:127-73:179" resultTypeName="t:DateTime" name="October 1 Two Years Prior to the Measurement Period" xsi:type="ExpressionRef"/>
                     <high localId="649" locator="73:182-73:208" resultTypeName="t:DateTime" xsi:type="End">
                        <operand localId="650" locator="73:189-73:208" name="Measurement Period" xsi:type="ParameterRef">
                           <resultTypeSpecifier localId="651" xsi:type="IntervalTypeSpecifier">
                              <pointType localId="652" name="t:DateTime" xsi:type="NamedTypeSpecifier"/>
                           </resultTypeSpecifier>
                        </operand>
                     </high>
                  </operand>
               </where>
            </operand>
         </expression>
      </def>
      <def localId="668" locator="90:1-91:51" name="SDE Ethnicity" context="Patient" accessLevel="Public">
         <annotation xsi:type="a:Annotation">
            <a:s r="668">
               <a:s>define &quot;SDE Ethnicity&quot;:
  </a:s>
               <a:s r="671">
                  <a:s>[&quot;Patient Characteristic Ethnicity&quot;: </a:s>
                  <a:s>
                     <a:s>&quot;Ethnicity&quot;</a:s>
                  </a:s>
                  <a:s>]</a:s>
               </a:s>
            </a:s>
         </annotation>
         <resultTypeSpecifier localId="675" xsi:type="ListTypeSpecifier">
            <elementType localId="676" xmlns:ns56="urn:healthit-gov:qdm:v5_6" name="ns56:PatientCharacteristicEthnicity" xsi:type="NamedTypeSpecifier"/>
         </resultTypeSpecifier>
         <expression localId="671" locator="91:3-91:51" xmlns:ns57="urn:healthit-gov:qdm:v5_6" dataType="ns57:PatientCharacteristicEthnicity" codeProperty="code" codeComparator="in" xsi:type="Retrieve">
            <resultTypeSpecifier localId="673" xsi:type="ListTypeSpecifier">
               <elementType localId="674" xmlns:ns58="urn:healthit-gov:qdm:v5_6" name="ns58:PatientCharacteristicEthnicity" xsi:type="NamedTypeSpecifier"/>
            </resultTypeSpecifier>
            <codes localId="670" locator="91:40-91:50" resultTypeName="t:ValueSet" name="Ethnicity" preserve="true" xsi:type="ValueSetRef"/>
         </expression>
      </def>
      <def localId="678" locator="93:1-94:48" name="SDE Payer" context="Patient" accessLevel="Public">
         <annotation xsi:type="a:Annotation">
            <a:s r="678">
               <a:s>define &quot;SDE Payer&quot;:
  </a:s>
               <a:s r="681">
                  <a:s>[&quot;Patient Characteristic Payer&quot;: </a:s>
                  <a:s>
                     <a:s>&quot;Payer Type&quot;</a:s>
                  </a:s>
                  <a:s>]</a:s>
               </a:s>
            </a:s>
         </annotation>
         <resultTypeSpecifier localId="685" xsi:type="ListTypeSpecifier">
            <elementType localId="686" xmlns:ns59="urn:healthit-gov:qdm:v5_6" name="ns59:PatientCharacteristicPayer" xsi:type="NamedTypeSpecifier"/>
         </resultTypeSpecifier>
         <expression localId="681" locator="94:3-94:48" xmlns:ns60="urn:healthit-gov:qdm:v5_6" dataType="ns60:PatientCharacteristicPayer" codeProperty="code" codeComparator="in" xsi:type="Retrieve">
            <resultTypeSpecifier localId="683" xsi:type="ListTypeSpecifier">
               <elementType localId="684" xmlns:ns61="urn:healthit-gov:qdm:v5_6" name="ns61:PatientCharacteristicPayer" xsi:type="NamedTypeSpecifier"/>
            </resultTypeSpecifier>
            <codes localId="680" locator="94:36-94:47" resultTypeName="t:ValueSet" name="Payer Type" preserve="true" xsi:type="ValueSetRef"/>
         </expression>
      </def>
      <def localId="688" locator="96:1-97:41" name="SDE Race" context="Patient" accessLevel="Public">
         <annotation xsi:type="a:Annotation">
            <a:s r="688">
               <a:s>define &quot;SDE Race&quot;:
  </a:s>
               <a:s r="691">
                  <a:s>[&quot;Patient Characteristic Race&quot;: </a:s>
                  <a:s>
                     <a:s>&quot;Race&quot;</a:s>
                  </a:s>
                  <a:s>]</a:s>
               </a:s>
            </a:s>
         </annotation>
         <resultTypeSpecifier localId="695" xsi:type="ListTypeSpecifier">
            <elementType localId="696" xmlns:ns62="urn:healthit-gov:qdm:v5_6" name="ns62:PatientCharacteristicRace" xsi:type="NamedTypeSpecifier"/>
         </resultTypeSpecifier>
         <expression localId="691" locator="97:3-97:41" xmlns:ns63="urn:healthit-gov:qdm:v5_6" dataType="ns63:PatientCharacteristicRace" codeProperty="code" codeComparator="in" xsi:type="Retrieve">
            <resultTypeSpecifier localId="693" xsi:type="ListTypeSpecifier">
               <elementType localId="694" xmlns:ns64="urn:healthit-gov:qdm:v5_6" name="ns64:PatientCharacteristicRace" xsi:type="NamedTypeSpecifier"/>
            </resultTypeSpecifier>
            <codes localId="690" locator="97:35-97:40" resultTypeName="t:ValueSet" name="Race" preserve="true" xsi:type="ValueSetRef"/>
         </expression>
      </def>
      <def localId="698" locator="99:1-100:62" name="SDE Sex" context="Patient" accessLevel="Public">
         <annotation xsi:type="a:Annotation">
            <a:s r="698">
               <a:s>define &quot;SDE Sex&quot;:
  </a:s>
               <a:s r="701">
                  <a:s>[&quot;Patient Characteristic Sex&quot;: </a:s>
                  <a:s>
                     <a:s>&quot;Federal Administrative Sex&quot;</a:s>
                  </a:s>
                  <a:s>]</a:s>
               </a:s>
            </a:s>
         </annotation>
         <resultTypeSpecifier localId="705" xsi:type="ListTypeSpecifier">
            <elementType localId="706" xmlns:ns65="urn:healthit-gov:qdm:v5_6" name="ns65:PatientCharacteristicSex" xsi:type="NamedTypeSpecifier"/>
         </resultTypeSpecifier>
         <expression localId="701" locator="100:3-100:62" xmlns:ns66="urn:healthit-gov:qdm:v5_6" dataType="ns66:PatientCharacteristicSex" codeProperty="code" codeComparator="in" xsi:type="Retrieve">
            <resultTypeSpecifier localId="703" xsi:type="ListTypeSpecifier">
               <elementType localId="704" xmlns:ns67="urn:healthit-gov:qdm:v5_6" name="ns67:PatientCharacteristicSex" xsi:type="NamedTypeSpecifier"/>
            </resultTypeSpecifier>
            <codes localId="700" locator="100:34-100:61" resultTypeName="t:ValueSet" name="Federal Administrative Sex" preserve="true" xsi:type="ValueSetRef"/>
         </expression>
      </def>
      <def localId="708" locator="109:1-112:22" resultTypeName="t:Boolean" name="Stratification 1" context="Patient" accessLevel="Public">
         <annotation xsi:type="a:Annotation">
            <a:s r="708">
               <a:s>define &quot;Stratification 1&quot;:
	</a:s>
               <a:s r="726">
                  <a:s r="720">
                     <a:s>AgeInYearsAt(</a:s>
                     <a:s r="709">
                        <a:s>date from 
	  </a:s>
                        <a:s r="710">
                           <a:s>end of </a:s>
                           <a:s r="711">
                              <a:s>&quot;Measurement Period&quot;</a:s>
                           </a:s>
                        </a:s>
                     </a:s>
                     <a:s>
	)</a:s>
                  </a:s>
                  <a:s> in </a:s>
                  <a:s r="723">
                     <a:s r="721">Interval[42, 51]</a:s>
                  </a:s>
               </a:s>
            </a:s>
         </annotation>
         <expression localId="726" locator="110:2-112:22" resultTypeName="t:Boolean" xsi:type="In">
            <operand localId="720" locator="110:2-112:2" resultTypeName="t:Integer" precision="Year" xsi:type="CalculateAgeAt">
               <operand localId="719" xsi:type="ToDate">
                  <operand localId="717" path="birthDatetime" xsi:type="Property">
                     <source localId="716" name="Patient" xsi:type="ExpressionRef"/>
                  </operand>
               </operand>
               <operand localId="709" locator="110:15-111:30" resultTypeName="t:Date" xsi:type="DateFrom">
                  <operand localId="710" locator="111:4-111:30" resultTypeName="t:DateTime" xsi:type="End">
                     <operand localId="711" locator="111:11-111:30" name="Measurement Period" xsi:type="ParameterRef">
                        <resultTypeSpecifier localId="712" xsi:type="IntervalTypeSpecifier">
                           <pointType localId="713" name="t:DateTime" xsi:type="NamedTypeSpecifier"/>
                        </resultTypeSpecifier>
                     </operand>
                  </operand>
               </operand>
            </operand>
            <operand localId="723" locator="112:7-112:22" lowClosed="true" highClosed="true" xsi:type="Interval">
               <resultTypeSpecifier localId="724" xsi:type="IntervalTypeSpecifier">
                  <pointType localId="725" name="t:Integer" xsi:type="NamedTypeSpecifier"/>
               </resultTypeSpecifier>
               <low localId="721" locator="112:16-112:17" resultTypeName="t:Integer" valueType="t:Integer" value="42" xsi:type="Literal"/>
               <high localId="722" locator="112:20-112:21" resultTypeName="t:Integer" valueType="t:Integer" value="51" xsi:type="Literal"/>
            </operand>
         </expression>
      </def>
      <def localId="728" locator="115:1-118:22" resultTypeName="t:Boolean" name="Stratification 2" context="Patient" accessLevel="Public">
         <annotation xsi:type="a:Annotation">
            <a:s r="728">
               <a:s>define &quot;Stratification 2&quot;:
	</a:s>
               <a:s r="746">
                  <a:s r="740">
                     <a:s>AgeInYearsAt(</a:s>
                     <a:s r="729">
                        <a:s>date from 
	  </a:s>
                        <a:s r="730">
                           <a:s>end of </a:s>
                           <a:s r="731">
                              <a:s>&quot;Measurement Period&quot;</a:s>
                           </a:s>
                        </a:s>
                     </a:s>
                     <a:s>
	)</a:s>
                  </a:s>
                  <a:s> in </a:s>
                  <a:s r="743">
                     <a:s r="741">Interval[52, 74]</a:s>
                  </a:s>
               </a:s>
            </a:s>
         </annotation>
         <expression localId="746" locator="116:2-118:22" resultTypeName="t:Boolean" xsi:type="In">
            <operand localId="740" locator="116:2-118:2" resultTypeName="t:Integer" precision="Year" xsi:type="CalculateAgeAt">
               <operand localId="739" xsi:type="ToDate">
                  <operand localId="737" path="birthDatetime" xsi:type="Property">
                     <source localId="736" name="Patient" xsi:type="ExpressionRef"/>
                  </operand>
               </operand>
               <operand localId="729" locator="116:15-117:30" resultTypeName="t:Date" xsi:type="DateFrom">
                  <operand localId="730" locator="117:4-117:30" resultTypeName="t:DateTime" xsi:type="End">
                     <operand localId="731" locator="117:11-117:30" name="Measurement Period" xsi:type="ParameterRef">
                        <resultTypeSpecifier localId="732" xsi:type="IntervalTypeSpecifier">
                           <pointType localId="733" name="t:DateTime" xsi:type="NamedTypeSpecifier"/>
                        </resultTypeSpecifier>
                     </operand>
                  </operand>
               </operand>
            </operand>
            <operand localId="743" locator="118:7-118:22" lowClosed="true" highClosed="true" xsi:type="Interval">
               <resultTypeSpecifier localId="744" xsi:type="IntervalTypeSpecifier">
                  <pointType localId="745" name="t:Integer" xsi:type="NamedTypeSpecifier"/>
               </resultTypeSpecifier>
               <low localId="741" locator="118:16-118:17" resultTypeName="t:Integer" valueType="t:Integer" value="52" xsi:type="Literal"/>
               <high localId="742" locator="118:20-118:21" resultTypeName="t:Integer" valueType="t:Integer" value="74" xsi:type="Literal"/>
            </operand>
         </expression>
      </def>
   </statements>
</library>
