<?xml version="1.0" encoding="UTF-8"?>
<library xmlns="urn:hl7-org:elm:r1" xmlns:t="urn:hl7-org:elm-types:r1" xmlns:xsi="http://www.w3.org/2001/XMLSchema-instance" xmlns:xsd="http://www.w3.org/2001/XMLSchema" xmlns:fhir="http://hl7.org/fhir" xmlns:qdm43="urn:healthit-gov:qdm:v4_3" xmlns:qdm53="urn:healthit-gov:qdm:v5_3" xmlns:a="urn:hl7-org:cql-annotations:r1">
   <annotation translatorOptions="EnableAnnotations,EnableLocators,DisableListDemotion,DisableListPromotion,DisableMethodInvocation" xsi:type="a:CqlToElmInfo"/>
   <annotation xsi:type="a:Annotation">
      <a:s r="83">
         <a:s>library ColorectalCancerScreening version '13.0.000'</a:s>
      </a:s>
   </annotation>
   <identifier id="ColorectalCancerScreening" version="13.0.000"/>
   <schemaIdentifier id="urn:hl7-org:elm" version="r1"/>
   <usings>
      <def localIdentifier="System" uri="urn:hl7-org:elm-types:r1"/>
      <def localId="1" locator="3:1-3:23" localIdentifier="QDM" uri="urn:healthit-gov:qdm:v5_6" version="5.6">
         <annotation xsi:type="a:Annotation">
            <a:s r="1">
               <a:s>using </a:s>
               <a:s>
                  <a:s>QDM</a:s>
               </a:s>
               <a:s> version '5.6'</a:s>
            </a:s>
         </annotation>
      </def>
   </usings>
   <includes>
      <def localId="2" locator="5:1-5:67" localIdentifier="Global" path="MATGlobalCommonFunctionsQDM" version="8.0.000">
         <annotation xsi:type="a:Annotation">
            <a:s r="2">
               <a:s>include </a:s>
               <a:s>
                  <a:s>MATGlobalCommonFunctionsQDM</a:s>
               </a:s>
               <a:s> version '8.0.000' called Global</a:s>
            </a:s>
         </annotation>
      </def>
      <def localId="3" locator="6:1-6:87" localIdentifier="AdultOutpatientEncounters" path="AdultOutpatientEncountersQDM" version="4.0.000">
         <annotation xsi:type="a:Annotation">
            <a:s r="3">
               <a:s>include </a:s>
               <a:s>
                  <a:s>AdultOutpatientEncountersQDM</a:s>
               </a:s>
               <a:s> version '4.0.000' called AdultOutpatientEncounters</a:s>
            </a:s>
         </annotation>
      </def>
      <def localId="4" locator="7:1-7:51" localIdentifier="Hospice" path="HospiceQDM" version="6.0.000">
         <annotation xsi:type="a:Annotation">
            <a:s r="4">
               <a:s>include </a:s>
               <a:s>
                  <a:s>HospiceQDM</a:s>
               </a:s>
               <a:s> version '6.0.000' called Hospice</a:s>
            </a:s>
         </annotation>
      </def>
      <def localId="5" locator="8:1-8:65" localIdentifier="PalliativeCare" path="PalliativeCareQDM" version="4.0.000">
         <annotation xsi:type="a:Annotation">
            <a:s r="5">
               <a:s>include </a:s>
               <a:s>
                  <a:s>PalliativeCareQDM</a:s>
               </a:s>
               <a:s> version '4.0.000' called PalliativeCare</a:s>
            </a:s>
         </annotation>
      </def>
      <def localId="6" locator="9:1-9:73" localIdentifier="AIFrailLTCF" path="AdvancedIllnessandFrailtyQDM" version="9.0.000">
         <annotation xsi:type="a:Annotation">
            <a:s r="6">
               <a:s>include </a:s>
               <a:s>
                  <a:s>AdvancedIllnessandFrailtyQDM</a:s>
               </a:s>
               <a:s> version '9.0.000' called AIFrailLTCF</a:s>
            </a:s>
         </annotation>
      </def>
   </includes>
   <parameters>
      <def localId="20" locator="23:1-23:49" name="Measurement Period" accessLevel="Public">
         <annotation xsi:type="a:Annotation">
            <a:s r="20">
               <a:s>parameter &quot;Measurement Period&quot; </a:s>
               <a:s r="19">
                  <a:s>Interval&lt;</a:s>
                  <a:s r="18">
                     <a:s>DateTime</a:s>
                  </a:s>
                  <a:s>></a:s>
               </a:s>
            </a:s>
         </annotation>
         <parameterTypeSpecifier localId="19" locator="23:32-23:49" xsi:type="IntervalTypeSpecifier">
            <pointType localId="18" locator="23:41-23:48" name="t:DateTime" xsi:type="NamedTypeSpecifier"/>
         </parameterTypeSpecifier>
      </def>
   </parameters>
   <valueSets>
      <def localId="7" locator="11:1-11:74" name="Colonoscopy" id="urn:oid:2.16.840.1.113883.3.464.1003.108.12.1020" accessLevel="Public">
         <annotation xsi:type="a:Annotation">
            <a:s r="7">
               <a:s>valueset &quot;Colonoscopy&quot;: 'urn:oid:2.16.840.1.113883.3.464.1003.108.12.1020'</a:s>
            </a:s>
         </annotation>
      </def>
      <def localId="8" locator="12:1-12:78" name="CT Colonography" id="urn:oid:2.16.840.1.113883.3.464.1003.108.12.1038" accessLevel="Public">
         <annotation xsi:type="a:Annotation">
            <a:s r="8">
               <a:s>valueset &quot;CT Colonography&quot;: 'urn:oid:2.16.840.1.113883.3.464.1003.108.12.1038'</a:s>
            </a:s>
         </annotation>
      </def>
      <def localId="9" locator="13:1-13:58" name="Ethnicity" id="urn:oid:2.16.840.1.114222.4.11.837" accessLevel="Public">
         <annotation xsi:type="a:Annotation">
            <a:s r="9">
               <a:s>valueset &quot;Ethnicity&quot;: 'urn:oid:2.16.840.1.114222.4.11.837'</a:s>
            </a:s>
         </annotation>
      </def>
      <def localId="10" locator="14:1-14:93" name="Fecal Occult Blood Test (FOBT)" id="urn:oid:2.16.840.1.113883.3.464.1003.198.12.1011" accessLevel="Public">
         <annotation xsi:type="a:Annotation">
            <a:s r="10">
               <a:s>valueset &quot;Fecal Occult Blood Test (FOBT)&quot;: 'urn:oid:2.16.840.1.113883.3.464.1003.198.12.1011'</a:s>
            </a:s>
         </annotation>
      </def>
      <def localId="11" locator="15:1-15:85" name="Flexible Sigmoidoscopy" id="urn:oid:2.16.840.1.113883.3.464.1003.198.12.1010" accessLevel="Public">
         <annotation xsi:type="a:Annotation">
            <a:s r="11">
               <a:s>valueset &quot;Flexible Sigmoidoscopy&quot;: 'urn:oid:2.16.840.1.113883.3.464.1003.198.12.1010'</a:s>
            </a:s>
         </annotation>
      </def>
      <def localId="12" locator="16:1-16:90" name="Malignant Neoplasm of Colon" id="urn:oid:2.16.840.1.113883.3.464.1003.108.12.1001" accessLevel="Public">
         <annotation xsi:type="a:Annotation">
            <a:s r="12">
               <a:s>valueset &quot;Malignant Neoplasm of Colon&quot;: 'urn:oid:2.16.840.1.113883.3.464.1003.108.12.1001'</a:s>
            </a:s>
         </annotation>
      </def>
      <def localId="13" locator="17:1-17:68" name="ONC Administrative Sex" id="urn:oid:2.16.840.1.113762.1.4.1" accessLevel="Public">
         <annotation xsi:type="a:Annotation">
            <a:s r="13">
               <a:s>valueset &quot;ONC Administrative Sex&quot;: 'urn:oid:2.16.840.1.113762.1.4.1'</a:s>
            </a:s>
         </annotation>
      </def>
      <def localId="14" locator="18:1-18:60" name="Payer Type" id="urn:oid:2.16.840.1.114222.4.11.3591" accessLevel="Public">
         <annotation xsi:type="a:Annotation">
            <a:s r="14">
               <a:s>valueset &quot;Payer Type&quot;: 'urn:oid:2.16.840.1.114222.4.11.3591'</a:s>
            </a:s>
         </annotation>
      </def>
      <def localId="15" locator="19:1-19:53" name="Race" id="urn:oid:2.16.840.1.114222.4.11.836" accessLevel="Public">
         <annotation xsi:type="a:Annotation">
            <a:s r="15">
               <a:s>valueset &quot;Race&quot;: 'urn:oid:2.16.840.1.114222.4.11.836'</a:s>
            </a:s>
         </annotation>
      </def>
      <def localId="16" locator="20:1-20:76" name="sDNA FIT Test" id="urn:oid:2.16.840.1.113883.3.464.1003.108.12.1039" accessLevel="Public">
         <annotation xsi:type="a:Annotation">
            <a:s r="16">
               <a:s>valueset &quot;sDNA FIT Test&quot;: 'urn:oid:2.16.840.1.113883.3.464.1003.108.12.1039'</a:s>
            </a:s>
         </annotation>
      </def>
      <def localId="17" locator="21:1-21:78" name="Total Colectomy" id="urn:oid:2.16.840.1.113883.3.464.1003.198.12.1019" accessLevel="Public">
         <annotation xsi:type="a:Annotation">
            <a:s r="17">
               <a:s>valueset &quot;Total Colectomy&quot;: 'urn:oid:2.16.840.1.113883.3.464.1003.198.12.1019'</a:s>
            </a:s>
         </annotation>
      </def>
   </valueSets>
   <contexts>
      <def locator="25:1-25:15" name="Patient"/>
   </contexts>
   <statements>
      <def locator="25:1-25:15" name="Patient" context="Patient">
         <expression xsi:type="SingletonFrom">
            <operand locator="25:1-25:15" xmlns:ns0="urn:healthit-gov:qdm:v5_6" dataType="ns0:Patient" templateId="Patient" xsi:type="Retrieve"/>
         </expression>
      </def>
      <def localId="22" locator="27:1-28:51" name="SDE Ethnicity" context="Patient" accessLevel="Public">
         <annotation xsi:type="a:Annotation">
            <a:s r="22">
               <a:s>define &quot;SDE Ethnicity&quot;:
  </a:s>
               <a:s r="21">
                  <a:s>[&quot;Patient Characteristic Ethnicity&quot;: </a:s>
                  <a:s>
                     <a:s>&quot;Ethnicity&quot;</a:s>
                  </a:s>
                  <a:s>]</a:s>
               </a:s>
            </a:s>
         </annotation>
         <expression localId="21" locator="28:3-28:51" xmlns:ns1="urn:healthit-gov:qdm:v5_6" dataType="ns1:PatientCharacteristicEthnicity" codeProperty="code" codeComparator="in" xsi:type="Retrieve">
            <codes locator="28:40-28:50" name="Ethnicity" preserve="true" xsi:type="ValueSetRef"/>
         </expression>
      </def>
      <def localId="24" locator="30:1-31:48" name="SDE Payer" context="Patient" accessLevel="Public">
         <annotation xsi:type="a:Annotation">
            <a:s r="24">
               <a:s>define &quot;SDE Payer&quot;:
  </a:s>
               <a:s r="23">
                  <a:s>[&quot;Patient Characteristic Payer&quot;: </a:s>
                  <a:s>
                     <a:s>&quot;Payer Type&quot;</a:s>
                  </a:s>
                  <a:s>]</a:s>
               </a:s>
            </a:s>
         </annotation>
         <expression localId="23" locator="31:3-31:48" xmlns:ns2="urn:healthit-gov:qdm:v5_6" dataType="ns2:PatientCharacteristicPayer" codeProperty="code" codeComparator="in" xsi:type="Retrieve">
            <codes locator="31:36-31:47" name="Payer Type" preserve="true" xsi:type="ValueSetRef"/>
         </expression>
      </def>
      <def localId="26" locator="33:1-34:41" name="SDE Race" context="Patient" accessLevel="Public">
         <annotation xsi:type="a:Annotation">
            <a:s r="26">
               <a:s>define &quot;SDE Race&quot;:
  </a:s>
               <a:s r="25">
                  <a:s>[&quot;Patient Characteristic Race&quot;: </a:s>
                  <a:s>
                     <a:s>&quot;Race&quot;</a:s>
                  </a:s>
                  <a:s>]</a:s>
               </a:s>
            </a:s>
         </annotation>
         <expression localId="25" locator="34:3-34:41" xmlns:ns3="urn:healthit-gov:qdm:v5_6" dataType="ns3:PatientCharacteristicRace" codeProperty="code" codeComparator="in" xsi:type="Retrieve">
            <codes locator="34:35-34:40" name="Race" preserve="true" xsi:type="ValueSetRef"/>
         </expression>
      </def>
      <def localId="28" locator="36:1-37:58" name="SDE Sex" context="Patient" accessLevel="Public">
         <annotation xsi:type="a:Annotation">
            <a:s r="28">
               <a:s>define &quot;SDE Sex&quot;:
  </a:s>
               <a:s r="27">
                  <a:s>[&quot;Patient Characteristic Sex&quot;: </a:s>
                  <a:s>
                     <a:s>&quot;ONC Administrative Sex&quot;</a:s>
                  </a:s>
                  <a:s>]</a:s>
               </a:s>
            </a:s>
         </annotation>
         <expression localId="27" locator="37:3-37:58" xmlns:ns4="urn:healthit-gov:qdm:v5_6" dataType="ns4:PatientCharacteristicSex" codeProperty="code" codeComparator="in" xsi:type="Retrieve">
            <codes locator="37:34-37:57" name="ONC Administrative Sex" preserve="true" xsi:type="ValueSetRef"/>
         </expression>
      </def>
      <def localId="41" locator="62:1-66:64" name="Initial Population" context="Patient" accessLevel="Public">
         <annotation xsi:type="a:Annotation">
            <a:s r="41">
               <a:s>define &quot;Initial Population&quot;:
  </a:s>
               <a:s r="40">
                  <a:s r="36">
                     <a:s r="32">
                        <a:s>AgeInYearsAt(</a:s>
                        <a:s r="31">
                           <a:s>date from 
    </a:s>
                           <a:s r="30">
                              <a:s>end of </a:s>
                              <a:s r="29">
                                 <a:s>&quot;Measurement Period&quot;</a:s>
                              </a:s>
                           </a:s>
                        </a:s>
                        <a:s>
  )</a:s>
                     </a:s>
                     <a:s> in </a:s>
                     <a:s r="35">
                        <a:s r="33">Interval[46, 75]</a:s>
                     </a:s>
                  </a:s>
                  <a:s>
    and </a:s>
                  <a:s r="39">
                     <a:s>exists </a:s>
                     <a:s r="38">
                        <a:s r="37">
                           <a:s>AdultOutpatientEncounters</a:s>
                        </a:s>
                        <a:s>.</a:s>
                        <a:s r="38">
                           <a:s>&quot;Qualifying Encounters&quot;</a:s>
                        </a:s>
                     </a:s>
                  </a:s>
               </a:s>
            </a:s>
         </annotation>
         <expression localId="40" locator="63:3-66:64" xsi:type="And">
            <operand localId="36" locator="63:3-65:23" xsi:type="In">
               <operand localId="32" locator="63:3-65:3" precision="Year" xsi:type="CalculateAgeAt">
                  <operand xsi:type="ToDate">
                     <operand path="birthDatetime" xsi:type="Property">
                        <source name="Patient" xsi:type="ExpressionRef"/>
                     </operand>
                  </operand>
                  <operand localId="31" locator="63:16-64:31" xsi:type="DateFrom">
                     <operand localId="30" locator="64:5-64:31" xsi:type="End">
                        <operand localId="29" locator="64:12-64:31" name="Measurement Period" xsi:type="ParameterRef"/>
                     </operand>
                  </operand>
               </operand>
               <operand localId="35" locator="65:8-65:23" lowClosed="true" highClosed="true" xsi:type="Interval">
                  <low localId="33" locator="65:17-65:18" valueType="t:Integer" value="46" xsi:type="Literal"/>
                  <high localId="34" locator="65:21-65:22" valueType="t:Integer" value="75" xsi:type="Literal"/>
               </operand>
            </operand>
            <operand localId="39" locator="66:9-66:64" xsi:type="Exists">
               <operand localId="38" locator="66:16-66:64" name="Qualifying Encounters" libraryName="AdultOutpatientEncounters" xsi:type="ExpressionRef"/>
            </operand>
         </expression>
      </def>
      <def localId="43" locator="39:1-40:22" name="Denominator" context="Patient" accessLevel="Public">
         <annotation xsi:type="a:Annotation">
            <a:s r="43">
               <a:s>define &quot;Denominator&quot;:
  </a:s>
               <a:s r="42">
                  <a:s>&quot;Initial Population&quot;</a:s>
               </a:s>
            </a:s>
         </annotation>
         <expression localId="42" locator="40:3-40:22" name="Initial Population" xsi:type="ExpressionRef"/>
      </def>
      <def localId="59" locator="49:1-52:135" name="Fecal Occult Blood Test Performed" context="Patient" accessLevel="Public">
         <annotation xsi:type="a:Annotation">
            <a:s r="59">
               <a:s>define &quot;Fecal Occult Blood Test Performed&quot;:
  </a:s>
               <a:s r="58">
                  <a:s>
                     <a:s r="45">
                        <a:s r="44">
                           <a:s r="44">
                              <a:s>[&quot;Laboratory Test, Performed&quot;: </a:s>
                              <a:s>
                                 <a:s>&quot;Fecal Occult Blood Test (FOBT)&quot;</a:s>
                              </a:s>
                              <a:s>]</a:s>
                           </a:s>
                        </a:s>
                        <a:s> FecalOccultResult</a:s>
                     </a:s>
                  </a:s>
                  <a:s>
    </a:s>
                  <a:s r="57">
                     <a:s>where </a:s>
                     <a:s r="57">
                        <a:s r="48">
                           <a:s r="47">
                              <a:s r="46">
                                 <a:s>FecalOccultResult</a:s>
                              </a:s>
                              <a:s>.</a:s>
                              <a:s r="47">
                                 <a:s>result</a:s>
                              </a:s>
                           </a:s>
                           <a:s> is not null</a:s>
                        </a:s>
                        <a:s>
      and </a:s>
                        <a:s r="56">
                           <a:s r="54">
                              <a:s r="49">
                                 <a:s>Global</a:s>
                              </a:s>
                              <a:s>.</a:s>
                              <a:s r="54">
                                 <a:s>&quot;LatestOf&quot; ( </a:s>
                                 <a:s r="51">
                                    <a:s r="50">
                                       <a:s>FecalOccultResult</a:s>
                                    </a:s>
                                    <a:s>.</a:s>
                                    <a:s r="51">
                                       <a:s>relevantDatetime</a:s>
                                    </a:s>
                                 </a:s>
                                 <a:s>, </a:s>
                                 <a:s r="53">
                                    <a:s r="52">
                                       <a:s>FecalOccultResult</a:s>
                                    </a:s>
                                    <a:s>.</a:s>
                                    <a:s r="53">
                                       <a:s>relevantPeriod</a:s>
                                    </a:s>
                                 </a:s>
                                 <a:s> )</a:s>
                              </a:s>
                           </a:s>
                           <a:s r="56"> during day of </a:s>
                           <a:s r="55">
                              <a:s>&quot;Measurement Period&quot;</a:s>
                           </a:s>
                        </a:s>
                     </a:s>
                  </a:s>
               </a:s>
            </a:s>
         </annotation>
         <expression localId="58" locator="50:3-52:135" xsi:type="Query">
            <source localId="45" locator="50:3-50:84" alias="FecalOccultResult">
               <expression localId="44" locator="50:3-50:66" xmlns:ns5="urn:healthit-gov:qdm:v5_6" dataType="ns5:PositiveLaboratoryTestPerformed" templateId="PositiveLaboratoryTestPerformed" codeProperty="code" codeComparator="in" xsi:type="Retrieve">
                  <codes locator="50:34-50:65" name="Fecal Occult Blood Test (FOBT)" preserve="true" xsi:type="ValueSetRef"/>
               </expression>
            </source>
            <where localId="57" locator="51:5-52:135" xsi:type="And">
               <operand localId="48" locator="51:11-51:46" xsi:type="Not">
                  <operand locator="51:11-51:46" xsi:type="IsNull">
                     <operand localId="47" locator="51:11-51:34" path="result" scope="FecalOccultResult" xsi:type="Property"/>
                  </operand>
               </operand>
               <operand localId="56" locator="52:11-52:135" precision="Day" xsi:type="In">
                  <operand localId="54" locator="52:11-52:100" name="LatestOf" libraryName="Global" xsi:type="FunctionRef">
                     <operand localId="51" locator="52:31-52:64" path="relevantDatetime" scope="FecalOccultResult" xsi:type="Property"/>
                     <operand localId="53" locator="52:67-52:98" path="relevantPeriod" scope="FecalOccultResult" xsi:type="Property"/>
                  </operand>
                  <operand localId="55" locator="52:116-52:135" name="Measurement Period" xsi:type="ParameterRef"/>
               </operand>
            </where>
         </expression>
      </def>
      <def localId="83" locator="98:1-101:175" name="Stool DNA with FIT Test Performed" context="Patient" accessLevel="Public">
         <annotation xsi:type="a:Annotation">
            <a:s r="83">
               <a:s>define &quot;Stool DNA with FIT Test Performed&quot;:
  </a:s>
               <a:s r="82">
                  <a:s>
                     <a:s r="63">
                        <a:s r="62">
                           <a:s r="62">
                              <a:s>[&quot;Laboratory Test, Performed&quot;: </a:s>
                              <a:s>
                                 <a:s>&quot;sDNA FIT Test&quot;</a:s>
                              </a:s>
                              <a:s>]</a:s>
                           </a:s>
                        </a:s>
                        <a:s> sDNATest</a:s>
                     </a:s>
                  </a:s>
                  <a:s>
    </a:s>
                  <a:s r="81">
                     <a:s>where </a:s>
                     <a:s r="81">
                        <a:s r="66">
                           <a:s r="65">
                              <a:s r="64">
                                 <a:s>sDNATest</a:s>
                              </a:s>
                              <a:s>.</a:s>
                              <a:s r="65">
                                 <a:s>result</a:s>
                              </a:s>
                           </a:s>
                           <a:s> is not null</a:s>
                        </a:s>
                        <a:s>
      and </a:s>
                        <a:s r="80">
                           <a:s r="72">
                              <a:s r="67">
                                 <a:s>Global</a:s>
                              </a:s>
                              <a:s>.</a:s>
                              <a:s r="72">
                                 <a:s>&quot;LatestOf&quot; ( </a:s>
                                 <a:s r="69">
                                    <a:s r="68">
                                       <a:s>sDNATest</a:s>
                                    </a:s>
                                    <a:s>.</a:s>
                                    <a:s r="69">
                                       <a:s>relevantDatetime</a:s>
                                    </a:s>
                                 </a:s>
                                 <a:s>, </a:s>
                                 <a:s r="71">
                                    <a:s r="70">
                                       <a:s>sDNATest</a:s>
                                    </a:s>
                                    <a:s>.</a:s>
                                    <a:s r="71">
                                       <a:s>relevantPeriod</a:s>
                                    </a:s>
                                 </a:s>
                                 <a:s> )</a:s>
                              </a:s>
                           </a:s>
                           <a:s r="80"> during day of </a:s>
                           <a:s r="79">
                              <a:s>Interval[</a:s>
                              <a:s r="76">
                                 <a:s r="74">
                                    <a:s>start of </a:s>
                                    <a:s r="73">
                                       <a:s>&quot;Measurement Period&quot;</a:s>
                                    </a:s>
                                 </a:s>
                                 <a:s> - </a:s>
                                 <a:s r="75">
                                    <a:s>2 years</a:s>
                                 </a:s>
                              </a:s>
                              <a:s>, </a:s>
                              <a:s r="78">
                                 <a:s>end of </a:s>
                                 <a:s r="77">
                                    <a:s>&quot;Measurement Period&quot;</a:s>
                                 </a:s>
                              </a:s>
                              <a:s>]</a:s>
                           </a:s>
                        </a:s>
                     </a:s>
                  </a:s>
               </a:s>
            </a:s>
         </annotation>
         <expression localId="82" locator="99:3-101:175" xsi:type="Query">
            <source localId="63" locator="99:3-99:58" alias="sDNATest">
               <expression localId="62" locator="99:3-99:49" xmlns:ns6="urn:healthit-gov:qdm:v5_6" dataType="ns6:PositiveLaboratoryTestPerformed" templateId="PositiveLaboratoryTestPerformed" codeProperty="code" codeComparator="in" xsi:type="Retrieve">
                  <codes locator="99:34-99:48" name="sDNA FIT Test" preserve="true" xsi:type="ValueSetRef"/>
               </expression>
            </source>
            <where localId="81" locator="100:5-101:175" xsi:type="And">
               <operand localId="66" locator="100:11-100:37" xsi:type="Not">
                  <operand locator="100:11-100:37" xsi:type="IsNull">
                     <operand localId="65" locator="100:11-100:25" path="result" scope="sDNATest" xsi:type="Property"/>
                  </operand>
               </operand>
               <operand localId="80" locator="101:11-101:175" precision="Day" xsi:type="In">
                  <operand localId="72" locator="101:11-101:82" name="LatestOf" libraryName="Global" xsi:type="FunctionRef">
                     <operand localId="69" locator="101:31-101:55" path="relevantDatetime" scope="sDNATest" xsi:type="Property"/>
                     <operand localId="71" locator="101:58-101:80" path="relevantPeriod" scope="sDNATest" xsi:type="Property"/>
                  </operand>
                  <operand localId="79" locator="101:98-101:175" lowClosed="true" highClosed="true" xsi:type="Interval">
                     <low localId="76" locator="101:107-101:145" xsi:type="Subtract">
                        <operand localId="74" locator="101:107-101:135" xsi:type="Start">
                           <operand localId="73" locator="101:116-101:135" name="Measurement Period" xsi:type="ParameterRef"/>
                        </operand>
                        <operand localId="75" locator="101:139-101:145" value="2" unit="years" xsi:type="Quantity"/>
                     </low>
                     <high localId="78" locator="101:148-101:174" xsi:type="End">
                        <operand localId="77" locator="101:155-101:174" name="Measurement Period" xsi:type="ParameterRef"/>
                     </high>
                  </operand>
               </operand>
            </where>
         </expression>
      </def>
      <def localId="104" locator="82:1-84:215" name="Flexible Sigmoidoscopy Performed" context="Patient" accessLevel="Public">
         <annotation xsi:type="a:Annotation">
            <a:s r="104">
               <a:s>define &quot;Flexible Sigmoidoscopy Performed&quot;:
  </a:s>
               <a:s r="103">
                  <a:s>
                     <a:s r="88">
                        <a:s r="87">
                           <a:s r="87">
                              <a:s>[&quot;Procedure, Performed&quot;: </a:s>
                              <a:s>
                                 <a:s>&quot;Flexible Sigmoidoscopy&quot;</a:s>
                              </a:s>
                              <a:s>]</a:s>
                           </a:s>
                        </a:s>
                        <a:s> FlexibleSigmoidoscopy</a:s>
                     </a:s>
                  </a:s>
                  <a:s>
    </a:s>
                  <a:s r="102">
                     <a:s>where </a:s>
                     <a:s r="102">
                        <a:s r="94">
                           <a:s r="89">
                              <a:s>Global</a:s>
                           </a:s>
                           <a:s>.</a:s>
                           <a:s r="94">
                              <a:s>&quot;NormalizeInterval&quot; ( </a:s>
                              <a:s r="91">
                                 <a:s r="90">
                                    <a:s>FlexibleSigmoidoscopy</a:s>
                                 </a:s>
                                 <a:s>.</a:s>
                                 <a:s r="91">
                                    <a:s>relevantDatetime</a:s>
                                 </a:s>
                              </a:s>
                              <a:s>, </a:s>
                              <a:s r="93">
                                 <a:s r="92">
                                    <a:s>FlexibleSigmoidoscopy</a:s>
                                 </a:s>
                                 <a:s>.</a:s>
                                 <a:s r="93">
                                    <a:s>relevantPeriod</a:s>
                                 </a:s>
                              </a:s>
                              <a:s> )</a:s>
                           </a:s>
                        </a:s>
                        <a:s r="102"> ends during day of </a:s>
                        <a:s r="101">
                           <a:s>Interval[</a:s>
                           <a:s r="98">
                              <a:s r="96">
                                 <a:s>start of </a:s>
                                 <a:s r="95">
                                    <a:s>&quot;Measurement Period&quot;</a:s>
                                 </a:s>
                              </a:s>
                              <a:s> - </a:s>
                              <a:s r="97">
                                 <a:s>4 years</a:s>
                              </a:s>
                           </a:s>
                           <a:s>, </a:s>
                           <a:s r="100">
                              <a:s>end of </a:s>
                              <a:s r="99">
                                 <a:s>&quot;Measurement Period&quot;</a:s>
                              </a:s>
                           </a:s>
                           <a:s>]</a:s>
                        </a:s>
                     </a:s>
                  </a:s>
               </a:s>
            </a:s>
         </annotation>
         <expression localId="103" locator="83:3-84:215" xsi:type="Query">
            <source localId="88" locator="83:3-83:74" alias="FlexibleSigmoidoscopy">
               <expression localId="87" locator="83:3-83:52" xmlns:ns7="urn:healthit-gov:qdm:v5_6" dataType="ns7:PositiveProcedurePerformed" templateId="PositiveProcedurePerformed" codeProperty="code" codeComparator="in" xsi:type="Retrieve">
                  <codes locator="83:28-83:51" name="Flexible Sigmoidoscopy" preserve="true" xsi:type="ValueSetRef"/>
               </expression>
            </source>
            <where localId="102" locator="84:5-84:215" precision="Day" xsi:type="In">
               <operand locator="84:119-84:122" xsi:type="End">
                  <operand localId="94" locator="84:11-84:117" name="NormalizeInterval" libraryName="Global" xsi:type="FunctionRef">
                     <operand localId="91" locator="84:40-84:77" path="relevantDatetime" scope="FlexibleSigmoidoscopy" xsi:type="Property"/>
                     <operand localId="93" locator="84:80-84:115" path="relevantPeriod" scope="FlexibleSigmoidoscopy" xsi:type="Property"/>
                  </operand>
               </operand>
               <operand localId="101" locator="84:138-84:215" lowClosed="true" highClosed="true" xsi:type="Interval">
                  <low localId="98" locator="84:147-84:185" xsi:type="Subtract">
                     <operand localId="96" locator="84:147-84:175" xsi:type="Start">
                        <operand localId="95" locator="84:156-84:175" name="Measurement Period" xsi:type="ParameterRef"/>
                     </operand>
                     <operand localId="97" locator="84:179-84:185" value="4" unit="years" xsi:type="Quantity"/>
                  </low>
                  <high localId="100" locator="84:188-84:214" xsi:type="End">
                     <operand localId="99" locator="84:195-84:214" name="Measurement Period" xsi:type="ParameterRef"/>
                  </high>
               </operand>
            </where>
         </expression>
      </def>
      <def localId="125" locator="86:1-88:197" name="CT Colonography Performed" context="Patient" accessLevel="Public">
         <annotation xsi:type="a:Annotation">
            <a:s r="125">
               <a:s>define &quot;CT Colonography Performed&quot;:
  </a:s>
               <a:s r="124">
                  <a:s>
                     <a:s r="109">
                        <a:s r="108">
                           <a:s r="108">
                              <a:s>[&quot;Diagnostic Study, Performed&quot;: </a:s>
                              <a:s>
                                 <a:s>&quot;CT Colonography&quot;</a:s>
                              </a:s>
                              <a:s>]</a:s>
                           </a:s>
                        </a:s>
                        <a:s> Colonography</a:s>
                     </a:s>
                  </a:s>
                  <a:s>
    </a:s>
                  <a:s r="123">
                     <a:s>where </a:s>
                     <a:s r="123">
                        <a:s r="115">
                           <a:s r="110">
                              <a:s>Global</a:s>
                           </a:s>
                           <a:s>.</a:s>
                           <a:s r="115">
                              <a:s>&quot;NormalizeInterval&quot; ( </a:s>
                              <a:s r="112">
                                 <a:s r="111">
                                    <a:s>Colonography</a:s>
                                 </a:s>
                                 <a:s>.</a:s>
                                 <a:s r="112">
                                    <a:s>relevantDatetime</a:s>
                                 </a:s>
                              </a:s>
                              <a:s>, </a:s>
                              <a:s r="114">
                                 <a:s r="113">
                                    <a:s>Colonography</a:s>
                                 </a:s>
                                 <a:s>.</a:s>
                                 <a:s r="114">
                                    <a:s>relevantPeriod</a:s>
                                 </a:s>
                              </a:s>
                              <a:s> )</a:s>
                           </a:s>
                        </a:s>
                        <a:s r="123"> ends during day of </a:s>
                        <a:s r="122">
                           <a:s>Interval[</a:s>
                           <a:s r="119">
                              <a:s r="117">
                                 <a:s>start of </a:s>
                                 <a:s r="116">
                                    <a:s>&quot;Measurement Period&quot;</a:s>
                                 </a:s>
                              </a:s>
                              <a:s> - </a:s>
                              <a:s r="118">
                                 <a:s>4 years</a:s>
                              </a:s>
                           </a:s>
                           <a:s>, </a:s>
                           <a:s r="121">
                              <a:s>end of </a:s>
                              <a:s r="120">
                                 <a:s>&quot;Measurement Period&quot;</a:s>
                              </a:s>
                           </a:s>
                           <a:s>]</a:s>
                        </a:s>
                     </a:s>
                  </a:s>
               </a:s>
            </a:s>
         </annotation>
         <expression localId="124" locator="87:3-88:197" xsi:type="Query">
            <source localId="109" locator="87:3-87:65" alias="Colonography">
               <expression localId="108" locator="87:3-87:52" xmlns:ns8="urn:healthit-gov:qdm:v5_6" dataType="ns8:PositiveDiagnosticStudyPerformed" templateId="PositiveDiagnosticStudyPerformed" codeProperty="code" codeComparator="in" xsi:type="Retrieve">
                  <codes locator="87:35-87:51" name="CT Colonography" preserve="true" xsi:type="ValueSetRef"/>
               </expression>
            </source>
            <where localId="123" locator="88:5-88:197" precision="Day" xsi:type="In">
               <operand locator="88:101-88:104" xsi:type="End">
                  <operand localId="115" locator="88:11-88:99" name="NormalizeInterval" libraryName="Global" xsi:type="FunctionRef">
                     <operand localId="112" locator="88:40-88:68" path="relevantDatetime" scope="Colonography" xsi:type="Property"/>
                     <operand localId="114" locator="88:71-88:97" path="relevantPeriod" scope="Colonography" xsi:type="Property"/>
                  </operand>
               </operand>
               <operand localId="122" locator="88:120-88:197" lowClosed="true" highClosed="true" xsi:type="Interval">
                  <low localId="119" locator="88:129-88:167" xsi:type="Subtract">
                     <operand localId="117" locator="88:129-88:157" xsi:type="Start">
                        <operand localId="116" locator="88:138-88:157" name="Measurement Period" xsi:type="ParameterRef"/>
                     </operand>
                     <operand localId="118" locator="88:161-88:167" value="4" unit="years" xsi:type="Quantity"/>
                  </low>
                  <high localId="121" locator="88:170-88:196" xsi:type="End">
                     <operand localId="120" locator="88:177-88:196" name="Measurement Period" xsi:type="ParameterRef"/>
                  </high>
               </operand>
            </where>
         </expression>
      </def>
      <def localId="146" locator="78:1-80:195" name="Colonoscopy Performed" context="Patient" accessLevel="Public">
         <annotation xsi:type="a:Annotation">
            <a:s r="146">
               <a:s>define &quot;Colonoscopy Performed&quot;:
  </a:s>
               <a:s r="145">
                  <a:s>
                     <a:s r="130">
                        <a:s r="129">
                           <a:s r="129">
                              <a:s>[&quot;Procedure, Performed&quot;: </a:s>
                              <a:s>
                                 <a:s>&quot;Colonoscopy&quot;</a:s>
                              </a:s>
                              <a:s>]</a:s>
                           </a:s>
                        </a:s>
                        <a:s> Colonoscopy</a:s>
                     </a:s>
                  </a:s>
                  <a:s>
    </a:s>
                  <a:s r="144">
                     <a:s>where </a:s>
                     <a:s r="144">
                        <a:s r="136">
                           <a:s r="131">
                              <a:s>Global</a:s>
                           </a:s>
                           <a:s>.</a:s>
                           <a:s r="136">
                              <a:s>&quot;NormalizeInterval&quot; ( </a:s>
                              <a:s r="133">
                                 <a:s r="132">
                                    <a:s>Colonoscopy</a:s>
                                 </a:s>
                                 <a:s>.</a:s>
                                 <a:s r="133">
                                    <a:s>relevantDatetime</a:s>
                                 </a:s>
                              </a:s>
                              <a:s>, </a:s>
                              <a:s r="135">
                                 <a:s r="134">
                                    <a:s>Colonoscopy</a:s>
                                 </a:s>
                                 <a:s>.</a:s>
                                 <a:s r="135">
                                    <a:s>relevantPeriod</a:s>
                                 </a:s>
                              </a:s>
                              <a:s> )</a:s>
                           </a:s>
                        </a:s>
                        <a:s r="144"> ends during day of </a:s>
                        <a:s r="143">
                           <a:s>Interval[</a:s>
                           <a:s r="140">
                              <a:s r="138">
                                 <a:s>start of </a:s>
                                 <a:s r="137">
                                    <a:s>&quot;Measurement Period&quot;</a:s>
                                 </a:s>
                              </a:s>
                              <a:s> - </a:s>
                              <a:s r="139">
                                 <a:s>9 years</a:s>
                              </a:s>
                           </a:s>
                           <a:s>, </a:s>
                           <a:s r="142">
                              <a:s>end of </a:s>
                              <a:s r="141">
                                 <a:s>&quot;Measurement Period&quot;</a:s>
                              </a:s>
                           </a:s>
                           <a:s>]</a:s>
                        </a:s>
                     </a:s>
                  </a:s>
               </a:s>
            </a:s>
         </annotation>
         <expression localId="145" locator="79:3-80:195" xsi:type="Query">
            <source localId="130" locator="79:3-79:53" alias="Colonoscopy">
               <expression localId="129" locator="79:3-79:41" xmlns:ns9="urn:healthit-gov:qdm:v5_6" dataType="ns9:PositiveProcedurePerformed" templateId="PositiveProcedurePerformed" codeProperty="code" codeComparator="in" xsi:type="Retrieve">
                  <codes locator="79:28-79:40" name="Colonoscopy" preserve="true" xsi:type="ValueSetRef"/>
               </expression>
            </source>
            <where localId="144" locator="80:5-80:195" precision="Day" xsi:type="In">
               <operand locator="80:99-80:102" xsi:type="End">
                  <operand localId="136" locator="80:11-80:97" name="NormalizeInterval" libraryName="Global" xsi:type="FunctionRef">
                     <operand localId="133" locator="80:40-80:67" path="relevantDatetime" scope="Colonoscopy" xsi:type="Property"/>
                     <operand localId="135" locator="80:70-80:95" path="relevantPeriod" scope="Colonoscopy" xsi:type="Property"/>
                  </operand>
               </operand>
               <operand localId="143" locator="80:118-80:195" lowClosed="true" highClosed="true" xsi:type="Interval">
                  <low localId="140" locator="80:127-80:165" xsi:type="Subtract">
                     <operand localId="138" locator="80:127-80:155" xsi:type="Start">
                        <operand localId="137" locator="80:136-80:155" name="Measurement Period" xsi:type="ParameterRef"/>
                     </operand>
                     <operand localId="139" locator="80:159-80:165" value="9" unit="years" xsi:type="Quantity"/>
                  </low>
                  <high localId="142" locator="80:168-80:194" xsi:type="End">
                     <operand localId="141" locator="80:175-80:194" name="Measurement Period" xsi:type="ParameterRef"/>
                  </high>
               </operand>
            </where>
         </expression>
      </def>
      <def localId="150" locator="42:1-47:37" name="Numerator" context="Patient" accessLevel="Public">
         <annotation xsi:type="a:Annotation">
            <a:s r="150">
               <a:s>define &quot;Numerator&quot;:
  </a:s>
               <a:s r="149">
                  <a:s r="128">
                     <a:s r="107">
                        <a:s r="86">
                           <a:s r="61">
                              <a:s>exists </a:s>
                              <a:s r="60">
                                 <a:s>&quot;Fecal Occult Blood Test Performed&quot;</a:s>
                              </a:s>
                           </a:s>
                           <a:s>
    or </a:s>
                           <a:s r="85">
                              <a:s>exists </a:s>
                              <a:s r="84">
                                 <a:s>&quot;Stool DNA with FIT Test Performed&quot;</a:s>
                              </a:s>
                           </a:s>
                        </a:s>
                        <a:s>
    or </a:s>
                        <a:s r="106">
                           <a:s>exists </a:s>
                           <a:s r="105">
                              <a:s>&quot;Flexible Sigmoidoscopy Performed&quot;</a:s>
                           </a:s>
                        </a:s>
                     </a:s>
                     <a:s>
    or </a:s>
                     <a:s r="127">
                        <a:s>exists </a:s>
                        <a:s r="126">
                           <a:s>&quot;CT Colonography Performed&quot;</a:s>
                        </a:s>
                     </a:s>
                  </a:s>
                  <a:s>
    or </a:s>
                  <a:s r="148">
                     <a:s>exists </a:s>
                     <a:s r="147">
                        <a:s>&quot;Colonoscopy Performed&quot;</a:s>
                     </a:s>
                  </a:s>
               </a:s>
            </a:s>
         </annotation>
         <expression localId="149" locator="43:3-47:37" xsi:type="Or">
            <operand localId="128" locator="43:3-46:41" xsi:type="Or">
               <operand localId="107" locator="43:3-45:48" xsi:type="Or">
                  <operand localId="86" locator="43:3-44:49" xsi:type="Or">
                     <operand localId="61" locator="43:3-43:44" xsi:type="Exists">
                        <operand localId="60" locator="43:10-43:44" name="Fecal Occult Blood Test Performed" xsi:type="ExpressionRef"/>
                     </operand>
                     <operand localId="85" locator="44:8-44:49" xsi:type="Exists">
                        <operand localId="84" locator="44:15-44:49" name="Stool DNA with FIT Test Performed" xsi:type="ExpressionRef"/>
                     </operand>
                  </operand>
                  <operand localId="106" locator="45:8-45:48" xsi:type="Exists">
                     <operand localId="105" locator="45:15-45:48" name="Flexible Sigmoidoscopy Performed" xsi:type="ExpressionRef"/>
                  </operand>
               </operand>
               <operand localId="127" locator="46:8-46:41" xsi:type="Exists">
                  <operand localId="126" locator="46:15-46:41" name="CT Colonography Performed" xsi:type="ExpressionRef"/>
               </operand>
            </operand>
            <operand localId="148" locator="47:8-47:37" xsi:type="Exists">
               <operand localId="147" locator="47:15-47:37" name="Colonoscopy Performed" xsi:type="ExpressionRef"/>
            </operand>
         </expression>
      </def>
      <def localId="159" locator="54:1-56:98" name="Malignant Neoplasm" context="Patient" accessLevel="Public">
         <annotation xsi:type="a:Annotation">
            <a:s r="159">
               <a:s>define &quot;Malignant Neoplasm&quot;:
  </a:s>
               <a:s r="158">
                  <a:s>
                     <a:s r="152">
                        <a:s r="151">
                           <a:s r="151">
                              <a:s>[&quot;Diagnosis&quot;: </a:s>
                              <a:s>
                                 <a:s>&quot;Malignant Neoplasm of Colon&quot;</a:s>
                              </a:s>
                              <a:s>]</a:s>
                           </a:s>
                        </a:s>
                        <a:s> ColorectalCancer</a:s>
                     </a:s>
                  </a:s>
                  <a:s>
    </a:s>
                  <a:s r="157">
                     <a:s>where </a:s>
                     <a:s r="157">
                        <a:s r="154">
                           <a:s r="153">
                              <a:s>ColorectalCancer</a:s>
                           </a:s>
                           <a:s>.</a:s>
                           <a:s r="154">
                              <a:s>prevalencePeriod</a:s>
                           </a:s>
                        </a:s>
                        <a:s r="157"> starts on or before day of </a:s>
                        <a:s r="156">
                           <a:s>end of </a:s>
                           <a:s r="155">
                              <a:s>&quot;Measurement Period&quot;</a:s>
                           </a:s>
                        </a:s>
                     </a:s>
                  </a:s>
               </a:s>
            </a:s>
         </annotation>
         <expression localId="158" locator="55:3-56:98" xsi:type="Query">
            <source localId="152" locator="55:3-55:63" alias="ColorectalCancer">
               <expression localId="151" locator="55:3-55:46" xmlns:ns10="urn:healthit-gov:qdm:v5_6" dataType="ns10:Diagnosis" codeProperty="code" codeComparator="in" xsi:type="Retrieve">
                  <codes locator="55:17-55:45" name="Malignant Neoplasm of Colon" preserve="true" xsi:type="ValueSetRef"/>
               </expression>
            </source>
            <where localId="157" locator="56:5-56:98" precision="Day" xsi:type="SameOrBefore">
               <operand locator="56:45-56:50" xsi:type="Start">
                  <operand localId="154" locator="56:11-56:43" path="prevalencePeriod" scope="ColorectalCancer" xsi:type="Property"/>
               </operand>
               <operand localId="156" locator="56:72-56:98" xsi:type="End">
                  <operand localId="155" locator="56:79-56:98" name="Measurement Period" xsi:type="ParameterRef"/>
               </operand>
            </where>
         </expression>
      </def>
      <def localId="172" locator="58:1-60:146" name="Total Colectomy Performed" context="Patient" accessLevel="Public">
         <annotation xsi:type="a:Annotation">
            <a:s r="172">
               <a:s>define &quot;Total Colectomy Performed&quot;:
  </a:s>
               <a:s r="171">
                  <a:s>
                     <a:s r="161">
                        <a:s r="160">
                           <a:s r="160">
                              <a:s>[&quot;Procedure, Performed&quot;: </a:s>
                              <a:s>
                                 <a:s>&quot;Total Colectomy&quot;</a:s>
                              </a:s>
                              <a:s>]</a:s>
                           </a:s>
                        </a:s>
                        <a:s> Colectomy</a:s>
                     </a:s>
                  </a:s>
                  <a:s>
    </a:s>
                  <a:s r="170">
                     <a:s>where </a:s>
                     <a:s r="170">
                        <a:s r="167">
                           <a:s r="162">
                              <a:s>Global</a:s>
                           </a:s>
                           <a:s>.</a:s>
                           <a:s r="167">
                              <a:s>&quot;NormalizeInterval&quot; ( </a:s>
                              <a:s r="164">
                                 <a:s r="163">
                                    <a:s>Colectomy</a:s>
                                 </a:s>
                                 <a:s>.</a:s>
                                 <a:s r="164">
                                    <a:s>relevantDatetime</a:s>
                                 </a:s>
                              </a:s>
                              <a:s>, </a:s>
                              <a:s r="166">
                                 <a:s r="165">
                                    <a:s>Colectomy</a:s>
                                 </a:s>
                                 <a:s>.</a:s>
                                 <a:s r="166">
                                    <a:s>relevantPeriod</a:s>
                                 </a:s>
                              </a:s>
                              <a:s> )</a:s>
                           </a:s>
                        </a:s>
                        <a:s r="170"> ends on or before day of </a:s>
                        <a:s r="169">
                           <a:s>end of </a:s>
                           <a:s r="168">
                              <a:s>&quot;Measurement Period&quot;</a:s>
                           </a:s>
                        </a:s>
                     </a:s>
                  </a:s>
               </a:s>
            </a:s>
         </annotation>
         <expression localId="171" locator="59:3-60:146" xsi:type="Query">
            <source localId="161" locator="59:3-59:55" alias="Colectomy">
               <expression localId="160" locator="59:3-59:45" xmlns:ns11="urn:healthit-gov:qdm:v5_6" dataType="ns11:PositiveProcedurePerformed" templateId="PositiveProcedurePerformed" codeProperty="code" codeComparator="in" xsi:type="Retrieve">
                  <codes locator="59:28-59:44" name="Total Colectomy" preserve="true" xsi:type="ValueSetRef"/>
               </expression>
            </source>
            <where localId="170" locator="60:5-60:146" precision="Day" xsi:type="SameOrBefore">
               <operand locator="60:95-60:98" xsi:type="End">
                  <operand localId="167" locator="60:11-60:93" name="NormalizeInterval" libraryName="Global" xsi:type="FunctionRef">
                     <operand localId="164" locator="60:40-60:65" path="relevantDatetime" scope="Colectomy" xsi:type="Property"/>
                     <operand localId="166" locator="60:68-60:91" path="relevantPeriod" scope="Colectomy" xsi:type="Property"/>
                  </operand>
               </operand>
               <operand localId="169" locator="60:120-60:146" xsi:type="End">
                  <operand localId="168" locator="60:127-60:146" name="Measurement Period" xsi:type="ParameterRef"/>
               </operand>
            </where>
         </expression>
      </def>
      <def localId="181" locator="68:1-71:23" name="Stratification 1" context="Patient" accessLevel="Public">
         <annotation xsi:type="a:Annotation">
            <a:s r="181">
               <a:s>define &quot;Stratification 1&quot;:
  </a:s>
               <a:s r="180">
                  <a:s r="176">
                     <a:s>AgeInYearsAt(</a:s>
                     <a:s r="175">
                        <a:s>date from 
    </a:s>
                        <a:s r="174">
                           <a:s>end of </a:s>
                           <a:s r="173">
                              <a:s>&quot;Measurement Period&quot;</a:s>
                           </a:s>
                        </a:s>
                     </a:s>
                     <a:s>
  )</a:s>
                  </a:s>
                  <a:s> in </a:s>
                  <a:s r="179">
                     <a:s r="177">Interval[46, 49]</a:s>
                  </a:s>
               </a:s>
            </a:s>
         </annotation>
         <expression localId="180" locator="69:3-71:23" xsi:type="In">
            <operand localId="176" locator="69:3-71:3" precision="Year" xsi:type="CalculateAgeAt">
               <operand xsi:type="ToDate">
                  <operand path="birthDatetime" xsi:type="Property">
                     <source name="Patient" xsi:type="ExpressionRef"/>
                  </operand>
               </operand>
               <operand localId="175" locator="69:16-70:31" xsi:type="DateFrom">
                  <operand localId="174" locator="70:5-70:31" xsi:type="End">
                     <operand localId="173" locator="70:12-70:31" name="Measurement Period" xsi:type="ParameterRef"/>
                  </operand>
               </operand>
            </operand>
            <operand localId="179" locator="71:8-71:23" lowClosed="true" highClosed="true" xsi:type="Interval">
               <low localId="177" locator="71:17-71:18" valueType="t:Integer" value="46" xsi:type="Literal"/>
               <high localId="178" locator="71:21-71:22" valueType="t:Integer" value="49" xsi:type="Literal"/>
            </operand>
         </expression>
      </def>
      <def localId="190" locator="73:1-76:23" name="Stratification 2" context="Patient" accessLevel="Public">
         <annotation xsi:type="a:Annotation">
            <a:s r="190">
               <a:s>define &quot;Stratification 2&quot;:
  </a:s>
               <a:s r="189">
                  <a:s r="185">
                     <a:s>AgeInYearsAt(</a:s>
                     <a:s r="184">
                        <a:s>date from 
    </a:s>
                        <a:s r="183">
                           <a:s>end of </a:s>
                           <a:s r="182">
                              <a:s>&quot;Measurement Period&quot;</a:s>
                           </a:s>
                        </a:s>
                     </a:s>
                     <a:s>
  )</a:s>
                  </a:s>
                  <a:s> in </a:s>
                  <a:s r="188">
                     <a:s r="186">Interval[50, 75]</a:s>
                  </a:s>
               </a:s>
            </a:s>
         </annotation>
         <expression localId="189" locator="74:3-76:23" xsi:type="In">
            <operand localId="185" locator="74:3-76:3" precision="Year" xsi:type="CalculateAgeAt">
               <operand xsi:type="ToDate">
                  <operand path="birthDatetime" xsi:type="Property">
                     <source name="Patient" xsi:type="ExpressionRef"/>
                  </operand>
               </operand>
               <operand localId="184" locator="74:16-75:31" xsi:type="DateFrom">
                  <operand localId="183" locator="75:5-75:31" xsi:type="End">
                     <operand localId="182" locator="75:12-75:31" name="Measurement Period" xsi:type="ParameterRef"/>
                  </operand>
               </operand>
            </operand>
            <operand localId="188" locator="76:8-76:23" lowClosed="true" highClosed="true" xsi:type="Interval">
               <low localId="186" locator="76:17-76:18" valueType="t:Integer" value="50" xsi:type="Literal"/>
               <high localId="187" locator="76:21-76:22" valueType="t:Integer" value="75" xsi:type="Literal"/>
            </operand>
         </expression>
      </def>
      <def localId="208" locator="90:1-96:69" name="Denominator Exclusions" context="Patient" accessLevel="Public">
         <annotation xsi:type="a:Annotation">
            <a:s r="208">
               <a:s>define &quot;Denominator Exclusions&quot;:
  </a:s>
               <a:s r="207">
                  <a:s r="204">
                     <a:s r="201">
                        <a:s r="198">
                           <a:s r="195">
                              <a:s r="192">
                                 <a:s r="191">
                                    <a:s>Hospice</a:s>
                                 </a:s>
                                 <a:s>.</a:s>
                                 <a:s r="192">
                                    <a:s>&quot;Has Hospice Services&quot;</a:s>
                                 </a:s>
                              </a:s>
                              <a:s>
    or </a:s>
                              <a:s r="194">
                                 <a:s>exists </a:s>
                                 <a:s r="193">
                                    <a:s>&quot;Malignant Neoplasm&quot;</a:s>
                                 </a:s>
                              </a:s>
                           </a:s>
                           <a:s>
    or </a:s>
                           <a:s r="197">
                              <a:s>exists </a:s>
                              <a:s r="196">
                                 <a:s>&quot;Total Colectomy Performed&quot;</a:s>
                              </a:s>
                           </a:s>
                        </a:s>
                        <a:s>
    or </a:s>
                        <a:s r="200">
                           <a:s r="199">
                              <a:s>AIFrailLTCF</a:s>
                           </a:s>
                           <a:s>.</a:s>
                           <a:s r="200">
                              <a:s>&quot;Is Age 66 or Older with Advanced Illness and Frailty&quot;</a:s>
                           </a:s>
                        </a:s>
                     </a:s>
                     <a:s>
    or </a:s>
                     <a:s r="203">
                        <a:s r="202">
                           <a:s>AIFrailLTCF</a:s>
                        </a:s>
                        <a:s>.</a:s>
                        <a:s r="203">
                           <a:s>&quot;Is Age 66 or Older Living Long Term in a Nursing Home&quot;</a:s>
                        </a:s>
                     </a:s>
                  </a:s>
                  <a:s>
    or </a:s>
                  <a:s r="206">
                     <a:s r="205">
                        <a:s>PalliativeCare</a:s>
                     </a:s>
                     <a:s>.</a:s>
                     <a:s r="206">
                        <a:s>&quot;Has Palliative Care in the Measurement Period&quot;</a:s>
                     </a:s>
                  </a:s>
               </a:s>
            </a:s>
         </annotation>
         <expression localId="207" locator="91:3-96:69" xsi:type="Or">
            <operand localId="204" locator="91:3-95:74" xsi:type="Or">
               <operand localId="201" locator="91:3-94:73" xsi:type="Or">
                  <operand localId="198" locator="91:3-93:41" xsi:type="Or">
                     <operand localId="195" locator="91:3-92:34" xsi:type="Or">
                        <operand localId="192" locator="91:3-91:32" name="Has Hospice Services" libraryName="Hospice" xsi:type="ExpressionRef"/>
                        <operand localId="194" locator="92:8-92:34" xsi:type="Exists">
                           <operand localId="193" locator="92:15-92:34" name="Malignant Neoplasm" xsi:type="ExpressionRef"/>
                        </operand>
                     </operand>
                     <operand localId="197" locator="93:8-93:41" xsi:type="Exists">
                        <operand localId="196" locator="93:15-93:41" name="Total Colectomy Performed" xsi:type="ExpressionRef"/>
                     </operand>
                  </operand>
                  <operand localId="200" locator="94:8-94:73" name="Is Age 66 or Older with Advanced Illness and Frailty" libraryName="AIFrailLTCF" xsi:type="ExpressionRef"/>
               </operand>
               <operand localId="203" locator="95:8-95:74" name="Is Age 66 or Older Living Long Term in a Nursing Home" libraryName="AIFrailLTCF" xsi:type="ExpressionRef"/>
            </operand>
            <operand localId="206" locator="96:8-96:69" name="Has Palliative Care in the Measurement Period" libraryName="PalliativeCare" xsi:type="ExpressionRef"/>
         </expression>
      </def>
   </statements>
</library>
