{
   "library" : {
      "annotation" : [ {
         "translatorOptions" : "EnableAnnotations,EnableLocators,DisableListDemotion,DisableListPromotion,DisableMethodInvocation",
         "type" : "CqlToElmInfo"
      }, {
         "type" : "Annotation",
         "s" : {
            "r" : "55",
            "s" : [ {
               "value" : [ "","library PalliativeCareQDM version '4.0.000'" ]
            } ]
         }
      } ],
      "identifier" : {
         "id" : "PalliativeCareQDM",
         "version" : "4.0.000"
      },
      "schemaIdentifier" : {
         "id" : "urn:hl7-org:elm",
         "version" : "r1"
      },
      "usings" : {
         "def" : [ {
            "localIdentifier" : "System",
            "uri" : "urn:hl7-org:elm-types:r1"
         }, {
            "localId" : "1",
            "locator" : "3:1-3:23",
            "localIdentifier" : "QDM",
            "uri" : "urn:healthit-gov:qdm:v5_6",
            "version" : "5.6",
            "annotation" : [ {
               "type" : "Annotation",
               "s" : {
                  "r" : "1",
                  "s" : [ {
                     "value" : [ "","using " ]
                  }, {
                     "s" : [ {
                        "value" : [ "QDM" ]
                     } ]
                  }, {
                     "value" : [ " version ","'5.6'" ]
                  } ]
               }
            } ]
         } ]
      },
      "includes" : {
         "def" : [ {
            "localId" : "2",
            "locator" : "5:1-5:67",
            "localIdentifier" : "Global",
            "path" : "MATGlobalCommonFunctionsQDM",
            "version" : "8.0.000",
            "annotation" : [ {
               "type" : "Annotation",
               "s" : {
                  "r" : "2",
                  "s" : [ {
                     "value" : [ "","include " ]
                  }, {
                     "s" : [ {
                        "value" : [ "MATGlobalCommonFunctionsQDM" ]
                     } ]
                  }, {
                     "value" : [ " version ","'8.0.000'"," called ","Global" ]
                  } ]
               }
            } ]
         } ]
      },
      "parameters" : {
         "def" : [ {
            "localId" : "11",
            "locator" : "15:1-15:49",
            "name" : "Measurement Period",
            "accessLevel" : "Public",
            "annotation" : [ {
               "type" : "Annotation",
               "s" : {
                  "r" : "11",
                  "s" : [ {
                     "value" : [ "","parameter ","\"Measurement Period\""," " ]
                  }, {
                     "r" : "10",
                     "s" : [ {
                        "value" : [ "Interval<" ]
                     }, {
                        "r" : "9",
                        "s" : [ {
                           "value" : [ "DateTime" ]
                        } ]
                     }, {
                        "value" : [ ">" ]
                     } ]
                  } ]
               }
            } ],
            "parameterTypeSpecifier" : {
               "localId" : "10",
               "locator" : "15:32-15:49",
               "type" : "IntervalTypeSpecifier",
               "pointType" : {
                  "localId" : "9",
                  "locator" : "15:41-15:48",
                  "name" : "{urn:hl7-org:elm-types:r1}DateTime",
                  "type" : "NamedTypeSpecifier"
               }
            }
         } ]
      },
      "codeSystems" : {
         "def" : [ {
            "localId" : "3",
            "locator" : "7:1-7:51",
            "name" : "LOINC",
            "id" : "urn:oid:2.16.840.1.113883.6.1",
            "accessLevel" : "Public",
            "annotation" : [ {
               "type" : "Annotation",
               "s" : {
                  "r" : "3",
                  "s" : [ {
                     "value" : [ "","codesystem ","\"LOINC\"",": ","'urn:oid:2.16.840.1.113883.6.1'" ]
                  } ]
               }
            } ]
         } ]
      },
      "valueSets" : {
         "def" : [ {
            "localId" : "4",
            "locator" : "9:1-9:81",
            "name" : "Palliative Care Diagnosis",
            "id" : "urn:oid:2.16.840.1.113883.3.464.1003.1167",
            "accessLevel" : "Public",
            "annotation" : [ {
               "type" : "Annotation",
               "s" : {
                  "r" : "4",
                  "s" : [ {
                     "value" : [ "","valueset ","\"Palliative Care Diagnosis\"",": ","'urn:oid:2.16.840.1.113883.3.464.1003.1167'" ]
                  } ]
               }
            } ]
         }, {
            "localId" : "5",
            "locator" : "10:1-10:88",
            "name" : "Palliative Care Encounter",
            "id" : "urn:oid:2.16.840.1.113883.3.464.1003.101.12.1090",
            "accessLevel" : "Public",
            "annotation" : [ {
               "type" : "Annotation",
               "s" : {
                  "r" : "5",
                  "s" : [ {
                     "value" : [ "","valueset ","\"Palliative Care Encounter\"",": ","'urn:oid:2.16.840.1.113883.3.464.1003.101.12.1090'" ]
                  } ]
               }
            } ]
         }, {
            "localId" : "6",
            "locator" : "11:1-11:91",
            "name" : "Palliative Care Intervention",
            "id" : "urn:oid:2.16.840.1.113883.3.464.1003.198.12.1135",
            "accessLevel" : "Public",
            "annotation" : [ {
               "type" : "Annotation",
               "s" : {
                  "r" : "6",
                  "s" : [ {
                     "value" : [ "","valueset ","\"Palliative Care Intervention\"",": ","'urn:oid:2.16.840.1.113883.3.464.1003.198.12.1135'" ]
                  } ]
               }
            } ]
         } ]
      },
      "codes" : {
         "def" : [ {
            "localId" : "8",
            "locator" : "13:1-13:226",
            "name" : "Functional Assessment of Chronic Illness Therapy - Palliative Care Questionnaire (FACIT-Pal)",
            "id" : "71007-9",
            "display" : "Functional Assessment of Chronic Illness Therapy - Palliative Care Questionnaire (FACIT-Pal)",
            "accessLevel" : "Public",
            "annotation" : [ {
               "type" : "Annotation",
               "s" : {
                  "r" : "8",
                  "s" : [ {
                     "value" : [ "","code ","\"Functional Assessment of Chronic Illness Therapy - Palliative Care Questionnaire (FACIT-Pal)\"",": ","'71007-9'"," from " ]
                  }, {
                     "r" : "7",
                     "s" : [ {
                        "value" : [ "\"LOINC\"" ]
                     } ]
                  }, {
                     "value" : [ " display ","'Functional Assessment of Chronic Illness Therapy - Palliative Care Questionnaire (FACIT-Pal)'" ]
                  } ]
               }
            } ],
            "codeSystem" : {
               "localId" : "7",
               "locator" : "13:117-13:123",
               "name" : "LOINC"
            }
         } ]
      },
      "contexts" : {
         "def" : [ {
            "locator" : "17:1-17:15",
            "name" : "Patient"
         } ]
      },
      "statements" : {
         "def" : [ {
            "locator" : "17:1-17:15",
            "name" : "Patient",
            "context" : "Patient",
            "expression" : {
               "type" : "SingletonFrom",
               "operand" : {
                  "locator" : "17:1-17:15",
                  "dataType" : "{urn:healthit-gov:qdm:v5_6}Patient",
                  "templateId" : "Patient",
                  "type" : "Retrieve"
               }
            }
         }, {
            "localId" : "55",
            "locator" : "19:1-31:5",
            "name" : "Has Palliative Care in the Measurement Period",
            "context" : "Patient",
            "accessLevel" : "Public",
            "annotation" : [ {
               "type" : "Annotation",
               "s" : {
                  "r" : "55",
                  "s" : [ {
                     "value" : [ "","define ","\"Has Palliative Care in the Measurement Period\"",":\n  " ]
                  }, {
                     "r" : "54",
                     "s" : [ {
                        "r" : "41",
                        "s" : [ {
                           "r" : "32",
                           "s" : [ {
                              "r" : "23",
                              "s" : [ {
                                 "value" : [ "exists " ]
                              }, {
                                 "r" : "22",
                                 "s" : [ {
                                    "value" : [ "( " ]
                                 }, {
                                    "r" : "22",
                                    "s" : [ {
                                       "s" : [ {
                                          "r" : "13",
                                          "s" : [ {
                                             "r" : "12",
                                             "s" : [ {
                                                "r" : "12",
                                                "s" : [ {
                                                   "value" : [ "[","\"Assessment, Performed\"",": " ]
                                                }, {
                                                   "s" : [ {
                                                      "value" : [ "\"Functional Assessment of Chronic Illness Therapy - Palliative Care Questionnaire (FACIT-Pal)\"" ]
                                                   } ]
                                                }, {
                                                   "value" : [ "]" ]
                                                } ]
                                             } ]
                                          }, {
                                             "value" : [ " ","PalliativeAssessment" ]
                                          } ]
                                       } ]
                                    }, {
                                       "value" : [ "\n      " ]
                                    }, {
                                       "r" : "21",
                                       "s" : [ {
                                          "value" : [ "where " ]
                                       }, {
                                          "r" : "21",
                                          "s" : [ {
                                             "r" : "19",
                                             "s" : [ {
                                                "r" : "14",
                                                "s" : [ {
                                                   "value" : [ "Global" ]
                                                } ]
                                             }, {
                                                "value" : [ "." ]
                                             }, {
                                                "r" : "19",
                                                "s" : [ {
                                                   "value" : [ "\"NormalizeInterval\""," ( " ]
                                                }, {
                                                   "r" : "16",
                                                   "s" : [ {
                                                      "r" : "15",
                                                      "s" : [ {
                                                         "value" : [ "PalliativeAssessment" ]
                                                      } ]
                                                   }, {
                                                      "value" : [ "." ]
                                                   }, {
                                                      "r" : "16",
                                                      "s" : [ {
                                                         "value" : [ "relevantDatetime" ]
                                                      } ]
                                                   } ]
                                                }, {
                                                   "value" : [ ", " ]
                                                }, {
                                                   "r" : "18",
                                                   "s" : [ {
                                                      "r" : "17",
                                                      "s" : [ {
                                                         "value" : [ "PalliativeAssessment" ]
                                                      } ]
                                                   }, {
                                                      "value" : [ "." ]
                                                   }, {
                                                      "r" : "18",
                                                      "s" : [ {
                                                         "value" : [ "relevantPeriod" ]
                                                      } ]
                                                   } ]
                                                }, {
                                                   "value" : [ " )" ]
                                                } ]
                                             } ]
                                          }, {
                                             "r" : "21",
                                             "value" : [ " ","overlaps day of"," " ]
                                          }, {
                                             "r" : "20",
                                             "s" : [ {
                                                "value" : [ "\"Measurement Period\"" ]
                                             } ]
                                          } ]
                                       } ]
                                    } ]
                                 }, {
                                    "value" : [ "\n  )" ]
                                 } ]
                              } ]
                           }, {
                              "value" : [ "\n    or " ]
                           }, {
                              "r" : "31",
                              "s" : [ {
                                 "value" : [ "exists " ]
                              }, {
                                 "r" : "30",
                                 "s" : [ {
                                    "value" : [ "( " ]
                                 }, {
                                    "r" : "30",
                                    "s" : [ {
                                       "s" : [ {
                                          "r" : "25",
                                          "s" : [ {
                                             "r" : "24",
                                             "s" : [ {
                                                "r" : "24",
                                                "s" : [ {
                                                   "value" : [ "[","\"Diagnosis\"",": " ]
                                                }, {
                                                   "s" : [ {
                                                      "value" : [ "\"Palliative Care Diagnosis\"" ]
                                                   } ]
                                                }, {
                                                   "value" : [ "]" ]
                                                } ]
                                             } ]
                                          }, {
                                             "value" : [ " ","PalliativeDiagnosis" ]
                                          } ]
                                       } ]
                                    }, {
                                       "value" : [ "\n        " ]
                                    }, {
                                       "r" : "29",
                                       "s" : [ {
                                          "value" : [ "where " ]
                                       }, {
                                          "r" : "29",
                                          "s" : [ {
                                             "r" : "27",
                                             "s" : [ {
                                                "r" : "26",
                                                "s" : [ {
                                                   "value" : [ "PalliativeDiagnosis" ]
                                                } ]
                                             }, {
                                                "value" : [ "." ]
                                             }, {
                                                "r" : "27",
                                                "s" : [ {
                                                   "value" : [ "prevalencePeriod" ]
                                                } ]
                                             } ]
                                          }, {
                                             "r" : "29",
                                             "value" : [ " ","overlaps day of"," " ]
                                          }, {
                                             "r" : "28",
                                             "s" : [ {
                                                "value" : [ "\"Measurement Period\"" ]
                                             } ]
                                          } ]
                                       } ]
                                    } ]
                                 }, {
                                    "value" : [ "\n    )" ]
                                 } ]
                              } ]
                           } ]
                        }, {
                           "value" : [ "\n    or " ]
                        }, {
                           "r" : "40",
                           "s" : [ {
                              "value" : [ "exists " ]
                           }, {
                              "r" : "39",
                              "s" : [ {
                                 "value" : [ "( " ]
                              }, {
                                 "r" : "39",
                                 "s" : [ {
                                    "s" : [ {
                                       "r" : "34",
                                       "s" : [ {
                                          "r" : "33",
                                          "s" : [ {
                                             "r" : "33",
                                             "s" : [ {
                                                "value" : [ "[","\"Encounter, Performed\"",": " ]
                                             }, {
                                                "s" : [ {
                                                   "value" : [ "\"Palliative Care Encounter\"" ]
                                                } ]
                                             }, {
                                                "value" : [ "]" ]
                                             } ]
                                          } ]
                                       }, {
                                          "value" : [ " ","PalliativeEncounter" ]
                                       } ]
                                    } ]
                                 }, {
                                    "value" : [ "\n        " ]
                                 }, {
                                    "r" : "38",
                                    "s" : [ {
                                       "value" : [ "where " ]
                                    }, {
                                       "r" : "38",
                                       "s" : [ {
                                          "r" : "36",
                                          "s" : [ {
                                             "r" : "35",
                                             "s" : [ {
                                                "value" : [ "PalliativeEncounter" ]
                                             } ]
                                          }, {
                                             "value" : [ "." ]
                                          }, {
                                             "r" : "36",
                                             "s" : [ {
                                                "value" : [ "relevantPeriod" ]
                                             } ]
                                          } ]
                                       }, {
                                          "r" : "38",
                                          "value" : [ " ","overlaps day of"," " ]
                                       }, {
                                          "r" : "37",
                                          "s" : [ {
                                             "value" : [ "\"Measurement Period\"" ]
                                          } ]
                                       } ]
                                    } ]
                                 } ]
                              }, {
                                 "value" : [ "\n    )" ]
                              } ]
                           } ]
                        } ]
                     }, {
                        "value" : [ "\n    or " ]
                     }, {
                        "r" : "53",
                        "s" : [ {
                           "value" : [ "exists " ]
                        }, {
                           "r" : "52",
                           "s" : [ {
                              "value" : [ "( " ]
                           }, {
                              "r" : "52",
                              "s" : [ {
                                 "s" : [ {
                                    "r" : "43",
                                    "s" : [ {
                                       "r" : "42",
                                       "s" : [ {
                                          "r" : "42",
                                          "s" : [ {
                                             "value" : [ "[","\"Intervention, Performed\"",": " ]
                                          }, {
                                             "s" : [ {
                                                "value" : [ "\"Palliative Care Intervention\"" ]
                                             } ]
                                          }, {
                                             "value" : [ "]" ]
                                          } ]
                                       } ]
                                    }, {
                                       "value" : [ " ","PalliativeIntervention" ]
                                    } ]
                                 } ]
                              }, {
                                 "value" : [ "\n        " ]
                              }, {
                                 "r" : "51",
                                 "s" : [ {
                                    "value" : [ "where " ]
                                 }, {
                                    "r" : "51",
                                    "s" : [ {
                                       "r" : "49",
                                       "s" : [ {
                                          "r" : "44",
                                          "s" : [ {
                                             "value" : [ "Global" ]
                                          } ]
                                       }, {
                                          "value" : [ "." ]
                                       }, {
                                          "r" : "49",
                                          "s" : [ {
                                             "value" : [ "\"NormalizeInterval\""," ( " ]
                                          }, {
                                             "r" : "46",
                                             "s" : [ {
                                                "r" : "45",
                                                "s" : [ {
                                                   "value" : [ "PalliativeIntervention" ]
                                                } ]
                                             }, {
                                                "value" : [ "." ]
                                             }, {
                                                "r" : "46",
                                                "s" : [ {
                                                   "value" : [ "relevantDatetime" ]
                                                } ]
                                             } ]
                                          }, {
                                             "value" : [ ", " ]
                                          }, {
                                             "r" : "48",
                                             "s" : [ {
                                                "r" : "47",
                                                "s" : [ {
                                                   "value" : [ "PalliativeIntervention" ]
                                                } ]
                                             }, {
                                                "value" : [ "." ]
                                             }, {
                                                "r" : "48",
                                                "s" : [ {
                                                   "value" : [ "relevantPeriod" ]
                                                } ]
                                             } ]
                                          }, {
                                             "value" : [ " )" ]
                                          } ]
                                       } ]
                                    }, {
                                       "r" : "51",
                                       "value" : [ " ","overlaps day of"," " ]
                                    }, {
                                       "r" : "50",
                                       "s" : [ {
                                          "value" : [ "\"Measurement Period\"" ]
                                       } ]
                                    } ]
                                 } ]
                              } ]
                           }, {
                              "value" : [ "\n    )" ]
                           } ]
                        } ]
                     } ]
                  } ]
               }
            } ],
            "expression" : {
               "localId" : "54",
               "locator" : "20:3-31:5",
               "type" : "Or",
               "operand" : [ {
                  "localId" : "41",
                  "locator" : "20:3-28:5",
                  "type" : "Or",
                  "operand" : [ {
                     "localId" : "32",
                     "locator" : "20:3-25:5",
                     "type" : "Or",
                     "operand" : [ {
                        "localId" : "23",
                        "locator" : "20:3-22:3",
                        "type" : "Exists",
                        "operand" : {
                           "localId" : "22",
                           "locator" : "20:10-22:3",
                           "type" : "Query",
                           "source" : [ {
                              "localId" : "13",
                              "locator" : "20:12-20:153",
                              "alias" : "PalliativeAssessment",
                              "expression" : {
                                 "localId" : "12",
                                 "locator" : "20:12-20:132",
                                 "dataType" : "{urn:healthit-gov:qdm:v5_6}PositiveAssessmentPerformed",
                                 "templateId" : "PositiveAssessmentPerformed",
                                 "codeProperty" : "code",
                                 "codeComparator" : "~",
                                 "type" : "Retrieve",
                                 "codes" : {
                                    "type" : "ToList",
                                    "operand" : {
                                       "locator" : "20:38-20:131",
                                       "name" : "Functional Assessment of Chronic Illness Therapy - Palliative Care Questionnaire (FACIT-Pal)",
                                       "type" : "CodeRef"
                                    }
                                 }
                              }
                           } ],
                           "relationship" : [ ],
                           "where" : {
                              "localId" : "21",
                              "locator" : "21:7-21:154",
                              "precision" : "Day",
                              "type" : "Overlaps",
                              "operand" : [ {
                                 "localId" : "19",
                                 "locator" : "21:13-21:117",
                                 "name" : "NormalizeInterval",
                                 "libraryName" : "Global",
                                 "type" : "FunctionRef",
                                 "operand" : [ {
                                    "localId" : "16",
                                    "locator" : "21:42-21:78",
                                    "path" : "relevantDatetime",
                                    "scope" : "PalliativeAssessment",
                                    "type" : "Property"
                                 }, {
                                    "localId" : "18",
                                    "locator" : "21:81-21:115",
                                    "path" : "relevantPeriod",
                                    "scope" : "PalliativeAssessment",
                                    "type" : "Property"
                                 } ]
                              }, {
                                 "localId" : "20",
                                 "locator" : "21:135-21:154",
                                 "name" : "Measurement Period",
                                 "type" : "ParameterRef"
                              } ]
                           }
                        }
                     }, {
                        "localId" : "31",
                        "locator" : "23:8-25:5",
                        "type" : "Exists",
                        "operand" : {
                           "localId" : "30",
                           "locator" : "23:15-25:5",
                           "type" : "Query",
                           "source" : [ {
                              "localId" : "25",
                              "locator" : "23:17-23:78",
                              "alias" : "PalliativeDiagnosis",
                              "expression" : {
                                 "localId" : "24",
                                 "locator" : "23:17-23:58",
                                 "dataType" : "{urn:healthit-gov:qdm:v5_6}Diagnosis",
                                 "codeProperty" : "code",
                                 "codeComparator" : "in",
                                 "type" : "Retrieve",
                                 "codes" : {
                                    "locator" : "23:31-23:57",
                                    "name" : "Palliative Care Diagnosis",
                                    "preserve" : true,
                                    "type" : "ValueSetRef"
                                 }
                              }
                           } ],
                           "relationship" : [ ],
                           "where" : {
                              "localId" : "29",
                              "locator" : "24:9-24:87",
                              "precision" : "Day",
                              "type" : "Overlaps",
                              "operand" : [ {
                                 "localId" : "27",
                                 "locator" : "24:15-24:50",
                                 "path" : "prevalencePeriod",
                                 "scope" : "PalliativeDiagnosis",
                                 "type" : "Property"
                              }, {
                                 "localId" : "28",
                                 "locator" : "24:68-24:87",
                                 "name" : "Measurement Period",
                                 "type" : "ParameterRef"
                              } ]
                           }
                        }
                     } ]
                  }, {
                     "localId" : "40",
                     "locator" : "26:8-28:5",
                     "type" : "Exists",
                     "operand" : {
                        "localId" : "39",
                        "locator" : "26:15-28:5",
                        "type" : "Query",
                        "source" : [ {
                           "localId" : "34",
                           "locator" : "26:17-26:89",
                           "alias" : "PalliativeEncounter",
                           "expression" : {
                              "localId" : "33",
                              "locator" : "26:17-26:69",
                              "dataType" : "{urn:healthit-gov:qdm:v5_6}PositiveEncounterPerformed",
                              "templateId" : "PositiveEncounterPerformed",
                              "codeProperty" : "code",
                              "codeComparator" : "in",
                              "type" : "Retrieve",
                              "codes" : {
                                 "locator" : "26:42-26:68",
                                 "name" : "Palliative Care Encounter",
                                 "preserve" : true,
                                 "type" : "ValueSetRef"
                              }
                           }
                        } ],
                        "relationship" : [ ],
                        "where" : {
                           "localId" : "38",
                           "locator" : "27:9-27:85",
                           "precision" : "Day",
                           "type" : "Overlaps",
                           "operand" : [ {
                              "localId" : "36",
                              "locator" : "27:15-27:48",
                              "path" : "relevantPeriod",
                              "scope" : "PalliativeEncounter",
                              "type" : "Property"
                           }, {
                              "localId" : "37",
                              "locator" : "27:66-27:85",
                              "name" : "Measurement Period",
                              "type" : "ParameterRef"
                           } ]
                        }
                     }
                  } ]
               }, {
                  "localId" : "53",
                  "locator" : "29:8-31:5",
                  "type" : "Exists",
                  "operand" : {
                     "localId" : "52",
                     "locator" : "29:15-31:5",
                     "type" : "Query",
                     "source" : [ {
                        "localId" : "43",
                        "locator" : "29:17-29:98",
                        "alias" : "PalliativeIntervention",
                        "expression" : {
                           "localId" : "42",
                           "locator" : "29:17-29:75",
                           "dataType" : "{urn:healthit-gov:qdm:v5_6}PositiveInterventionPerformed",
                           "templateId" : "PositiveInterventionPerformed",
                           "codeProperty" : "code",
                           "codeComparator" : "in",
                           "type" : "Retrieve",
                           "codes" : {
                              "locator" : "29:45-29:74",
                              "name" : "Palliative Care Intervention",
                              "preserve" : true,
                              "type" : "ValueSetRef"
                           }
                        }
                     } ],
                     "relationship" : [ ],
                     "where" : {
                        "localId" : "51",
                        "locator" : "30:9-30:160",
                        "precision" : "Day",
                        "type" : "Overlaps",
                        "operand" : [ {
                           "localId" : "49",
                           "locator" : "30:15-30:123",
                           "name" : "NormalizeInterval",
                           "libraryName" : "Global",
                           "type" : "FunctionRef",
                           "operand" : [ {
                              "localId" : "46",
                              "locator" : "30:44-30:82",
                              "path" : "relevantDatetime",
                              "scope" : "PalliativeIntervention",
                              "type" : "Property"
                           }, {
                              "localId" : "48",
                              "locator" : "30:85-30:121",
                              "path" : "relevantPeriod",
                              "scope" : "PalliativeIntervention",
                              "type" : "Property"
                           } ]
                        }, {
                           "localId" : "50",
                           "locator" : "30:141-30:160",
                           "name" : "Measurement Period",
                           "type" : "ParameterRef"
                        } ]
                     }
                  }
               } ]
            }
         } ]
      }
   }
}