{
   "library" : {
      "localId" : "0",
      "annotation" : [ {
         "translatorVersion" : "3.14.0",
         "translatorOptions" : "EnableAnnotations,EnableLocators,EnableResultTypes,EnableDetailedErrors,DisableListDemotion,DisableListPromotion",
         "signatureLevel" : "None",
         "type" : "CqlToElmInfo"
      }, {
         "type" : "Annotation",
         "s" : {
            "r" : "400",
            "s" : [ {
               "value" : [ "","library CMS68DocumentationOfCurrentMedicationsQDM version '15.0.000'" ]
            } ]
         }
      } ],
      "identifier" : {
         "id" : "CMS68DocumentationOfCurrentMedicationsQDM",
         "version" : "15.0.000"
      },
      "schemaIdentifier" : {
         "id" : "urn:hl7-org:elm",
         "version" : "r1"
      },
      "usings" : {
         "def" : [ {
            "localId" : "1",
            "localIdentifier" : "System",
            "uri" : "urn:hl7-org:elm-types:r1"
         }, {
            "localId" : "206",
            "locator" : "3:1-3:23",
            "localIdentifier" : "QDM",
            "uri" : "urn:healthit-gov:qdm:v5_6",
            "version" : "5.6",
            "annotation" : [ {
               "type" : "Annotation",
               "s" : {
                  "r" : "206",
                  "s" : [ {
                     "value" : [ "","using " ]
                  }, {
                     "s" : [ {
                        "value" : [ "QDM" ]
                     } ]
                  }, {
                     "value" : [ " version '5.6'" ]
                  } ]
               }
            } ]
         } ]
      },
      "includes" : {
         "def" : [ {
            "localId" : "207",
            "locator" : "5:1-5:52",
            "localIdentifier" : "Global",
            "path" : "CQMCommonQDM",
            "version" : "9.0.000",
            "annotation" : [ {
               "type" : "Annotation",
               "s" : {
                  "r" : "207",
                  "s" : [ {
                     "value" : [ "","include " ]
                  }, {
                     "s" : [ {
                        "value" : [ "CQMCommonQDM" ]
                     } ]
                  }, {
                     "value" : [ " version ","'9.0.000'"," called ","Global" ]
                  } ]
               }
            } ]
         } ]
      },
      "parameters" : {
         "def" : [ {
            "localId" : "218",
            "locator" : "19:1-19:49",
            "name" : "Measurement Period",
            "accessLevel" : "Public",
            "annotation" : [ {
               "type" : "Annotation",
               "s" : {
                  "r" : "218",
                  "s" : [ {
                     "value" : [ "","parameter ","\"Measurement Period\""," " ]
                  }, {
                     "r" : "219",
                     "s" : [ {
                        "value" : [ "Interval<" ]
                     }, {
                        "r" : "220",
                        "s" : [ {
                           "value" : [ "DateTime" ]
                        } ]
                     }, {
                        "value" : [ ">" ]
                     } ]
                  } ]
               }
            } ],
            "resultTypeSpecifier" : {
               "localId" : "223",
               "type" : "IntervalTypeSpecifier",
               "pointType" : {
                  "localId" : "224",
                  "name" : "{urn:hl7-org:elm-types:r1}DateTime",
                  "type" : "NamedTypeSpecifier"
               }
            },
            "parameterTypeSpecifier" : {
               "localId" : "219",
               "locator" : "19:32-19:49",
               "type" : "IntervalTypeSpecifier",
               "resultTypeSpecifier" : {
                  "localId" : "221",
                  "type" : "IntervalTypeSpecifier",
                  "pointType" : {
                     "localId" : "222",
                     "name" : "{urn:hl7-org:elm-types:r1}DateTime",
                     "type" : "NamedTypeSpecifier"
                  }
               },
               "pointType" : {
                  "localId" : "220",
                  "locator" : "19:41-19:48",
                  "resultTypeName" : "{urn:hl7-org:elm-types:r1}DateTime",
                  "name" : "{urn:hl7-org:elm-types:r1}DateTime",
                  "type" : "NamedTypeSpecifier"
               }
            }
         } ]
      },
      "codeSystems" : {
         "def" : [ {
            "localId" : "208",
            "locator" : "8:1-8:55",
            "resultTypeName" : "{urn:hl7-org:elm-types:r1}CodeSystem",
            "name" : "SNOMEDCT",
            "id" : "urn:oid:2.16.840.1.113883.6.96",
            "accessLevel" : "Public",
            "annotation" : [ {
               "type" : "Annotation",
               "s" : {
                  "r" : "208",
                  "s" : [ {
                     "value" : [ "","codesystem ","\"SNOMEDCT\"",": ","'urn:oid:2.16.840.1.113883.6.96'" ]
                  } ]
               }
            } ]
         } ]
      },
      "valueSets" : {
         "def" : [ {
            "localId" : "209",
            "locator" : "10:1-10:86",
            "resultTypeName" : "{urn:hl7-org:elm-types:r1}ValueSet",
            "name" : "Encounter to Document Medications",
            "id" : "urn:oid:2.16.840.1.113883.3.600.1.1834",
            "accessLevel" : "Public",
            "annotation" : [ {
               "type" : "Annotation",
               "s" : {
                  "r" : "209",
                  "s" : [ {
                     "value" : [ "","valueset ","\"Encounter to Document Medications\"",": ","'urn:oid:2.16.840.1.113883.3.600.1.1834'" ]
                  } ]
               }
            } ],
            "codeSystem" : [ ]
         }, {
            "localId" : "210",
            "locator" : "11:1-11:58",
            "resultTypeName" : "{urn:hl7-org:elm-types:r1}ValueSet",
            "name" : "Ethnicity",
            "id" : "urn:oid:2.16.840.1.114222.4.11.837",
            "accessLevel" : "Public",
            "annotation" : [ {
               "type" : "Annotation",
               "s" : {
                  "r" : "210",
                  "s" : [ {
                     "value" : [ "","valueset ","\"Ethnicity\"",": ","'urn:oid:2.16.840.1.114222.4.11.837'" ]
                  } ]
               }
            } ],
            "codeSystem" : [ ]
         }, {
            "localId" : "211",
            "locator" : "12:1-12:79",
            "resultTypeName" : "{urn:hl7-org:elm-types:r1}ValueSet",
            "name" : "Federal Administrative Sex",
            "id" : "urn:oid:2.16.840.1.113762.1.4.1021.121",
            "accessLevel" : "Public",
            "annotation" : [ {
               "type" : "Annotation",
               "s" : {
                  "r" : "211",
                  "s" : [ {
                     "value" : [ "","valueset ","\"Federal Administrative Sex\"",": ","'urn:oid:2.16.840.1.113762.1.4.1021.121'" ]
                  } ]
               }
            } ],
            "codeSystem" : [ ]
         }, {
            "localId" : "212",
            "locator" : "13:1-13:60",
            "resultTypeName" : "{urn:hl7-org:elm-types:r1}ValueSet",
            "name" : "Payer Type",
            "id" : "urn:oid:2.16.840.1.114222.4.11.3591",
            "accessLevel" : "Public",
            "annotation" : [ {
               "type" : "Annotation",
               "s" : {
                  "r" : "212",
                  "s" : [ {
                     "value" : [ "","valueset ","\"Payer Type\"",": ","'urn:oid:2.16.840.1.114222.4.11.3591'" ]
                  } ]
               }
            } ],
            "codeSystem" : [ ]
         }, {
            "localId" : "213",
            "locator" : "14:1-14:53",
            "resultTypeName" : "{urn:hl7-org:elm-types:r1}ValueSet",
            "name" : "Race",
            "id" : "urn:oid:2.16.840.1.114222.4.11.836",
            "accessLevel" : "Public",
            "annotation" : [ {
               "type" : "Annotation",
               "s" : {
                  "r" : "213",
                  "s" : [ {
                     "value" : [ "","valueset ","\"Race\"",": ","'urn:oid:2.16.840.1.114222.4.11.836'" ]
                  } ]
               }
            } ],
            "codeSystem" : [ ]
         } ]
      },
      "codes" : {
         "def" : [ {
            "localId" : "214",
            "locator" : "16:1-16:149",
            "resultTypeName" : "{urn:hl7-org:elm-types:r1}Code",
            "name" : "Documentation of current medications (procedure)",
            "id" : "428191000124101",
            "display" : "Documentation of current medications (procedure)",
            "accessLevel" : "Public",
            "annotation" : [ {
               "type" : "Annotation",
               "s" : {
                  "r" : "214",
                  "s" : [ {
                     "value" : [ "","code ","\"Documentation of current medications (procedure)\"",": ","'428191000124101'"," from " ]
                  }, {
                     "r" : "215",
                     "s" : [ {
                        "value" : [ "\"SNOMEDCT\"" ]
                     } ]
                  }, {
                     "value" : [ " display ","'Documentation of current medications (procedure)'" ]
                  } ]
               }
            } ],
            "codeSystem" : {
               "localId" : "215",
               "locator" : "16:81-16:90",
               "resultTypeName" : "{urn:hl7-org:elm-types:r1}CodeSystem",
               "name" : "SNOMEDCT"
            }
         }, {
            "localId" : "216",
            "locator" : "17:1-17:105",
            "resultTypeName" : "{urn:hl7-org:elm-types:r1}Code",
            "name" : "Acute health crisis (finding)",
            "id" : "705016005",
            "display" : "Acute health crisis (finding)",
            "accessLevel" : "Public",
            "annotation" : [ {
               "type" : "Annotation",
               "s" : {
                  "r" : "216",
                  "s" : [ {
                     "value" : [ "","code ","\"Acute health crisis (finding)\"",": ","'705016005'"," from " ]
                  }, {
                     "r" : "217",
                     "s" : [ {
                        "value" : [ "\"SNOMEDCT\"" ]
                     } ]
                  }, {
                     "value" : [ " display ","'Acute health crisis (finding)'" ]
                  } ]
               }
            } ],
            "codeSystem" : {
               "localId" : "217",
               "locator" : "17:56-17:65",
               "resultTypeName" : "{urn:hl7-org:elm-types:r1}CodeSystem",
               "name" : "SNOMEDCT"
            }
         } ]
      },
      "contexts" : {
         "def" : [ {
            "localId" : "228",
            "locator" : "21:1-21:15",
            "name" : "Patient"
         } ]
      },
      "statements" : {
         "def" : [ {
            "localId" : "226",
            "locator" : "21:1-21:15",
            "name" : "Patient",
            "context" : "Patient",
            "expression" : {
               "localId" : "227",
               "type" : "SingletonFrom",
               "signature" : [ ],
               "operand" : {
                  "localId" : "225",
                  "locator" : "21:1-21:15",
                  "dataType" : "{urn:healthit-gov:qdm:v5_6}Patient",
                  "templateId" : "Patient",
                  "type" : "Retrieve",
                  "include" : [ ],
                  "codeFilter" : [ ],
                  "dateFilter" : [ ],
                  "otherFilter" : [ ]
               }
            }
         }, {
            "localId" : "230",
            "locator" : "23:1-24:51",
            "name" : "SDE Ethnicity",
            "context" : "Patient",
            "accessLevel" : "Public",
            "annotation" : [ {
               "type" : "Annotation",
               "s" : {
                  "r" : "230",
                  "s" : [ {
                     "value" : [ "","define ","\"SDE Ethnicity\"",":\n  " ]
                  }, {
                     "r" : "233",
                     "s" : [ {
                        "value" : [ "[","\"Patient Characteristic Ethnicity\"",": " ]
                     }, {
                        "s" : [ {
                           "value" : [ "\"Ethnicity\"" ]
                        } ]
                     }, {
                        "value" : [ "]" ]
                     } ]
                  } ]
               }
            } ],
            "resultTypeSpecifier" : {
               "localId" : "237",
               "type" : "ListTypeSpecifier",
               "elementType" : {
                  "localId" : "238",
                  "name" : "{urn:healthit-gov:qdm:v5_6}PatientCharacteristicEthnicity",
                  "type" : "NamedTypeSpecifier"
               }
            },
            "expression" : {
               "localId" : "233",
               "locator" : "24:3-24:51",
               "dataType" : "{urn:healthit-gov:qdm:v5_6}PatientCharacteristicEthnicity",
               "codeProperty" : "code",
               "codeComparator" : "in",
               "type" : "Retrieve",
               "resultTypeSpecifier" : {
                  "localId" : "235",
                  "type" : "ListTypeSpecifier",
                  "elementType" : {
                     "localId" : "236",
                     "name" : "{urn:healthit-gov:qdm:v5_6}PatientCharacteristicEthnicity",
                     "type" : "NamedTypeSpecifier"
                  }
               },
               "codes" : {
                  "localId" : "232",
                  "locator" : "24:40-24:50",
                  "resultTypeName" : "{urn:hl7-org:elm-types:r1}ValueSet",
                  "name" : "Ethnicity",
                  "preserve" : true,
                  "type" : "ValueSetRef"
               },
               "include" : [ ],
               "codeFilter" : [ ],
               "dateFilter" : [ ],
               "otherFilter" : [ ]
            }
         }, {
            "localId" : "240",
            "locator" : "26:1-27:48",
            "name" : "SDE Payer",
            "context" : "Patient",
            "accessLevel" : "Public",
            "annotation" : [ {
               "type" : "Annotation",
               "s" : {
                  "r" : "240",
                  "s" : [ {
                     "value" : [ "","define ","\"SDE Payer\"",":\n  " ]
                  }, {
                     "r" : "243",
                     "s" : [ {
                        "value" : [ "[","\"Patient Characteristic Payer\"",": " ]
                     }, {
                        "s" : [ {
                           "value" : [ "\"Payer Type\"" ]
                        } ]
                     }, {
                        "value" : [ "]" ]
                     } ]
                  } ]
               }
            } ],
            "resultTypeSpecifier" : {
               "localId" : "247",
               "type" : "ListTypeSpecifier",
               "elementType" : {
                  "localId" : "248",
                  "name" : "{urn:healthit-gov:qdm:v5_6}PatientCharacteristicPayer",
                  "type" : "NamedTypeSpecifier"
               }
            },
            "expression" : {
               "localId" : "243",
               "locator" : "27:3-27:48",
               "dataType" : "{urn:healthit-gov:qdm:v5_6}PatientCharacteristicPayer",
               "codeProperty" : "code",
               "codeComparator" : "in",
               "type" : "Retrieve",
               "resultTypeSpecifier" : {
                  "localId" : "245",
                  "type" : "ListTypeSpecifier",
                  "elementType" : {
                     "localId" : "246",
                     "name" : "{urn:healthit-gov:qdm:v5_6}PatientCharacteristicPayer",
                     "type" : "NamedTypeSpecifier"
                  }
               },
               "codes" : {
                  "localId" : "242",
                  "locator" : "27:36-27:47",
                  "resultTypeName" : "{urn:hl7-org:elm-types:r1}ValueSet",
                  "name" : "Payer Type",
                  "preserve" : true,
                  "type" : "ValueSetRef"
               },
               "include" : [ ],
               "codeFilter" : [ ],
               "dateFilter" : [ ],
               "otherFilter" : [ ]
            }
         }, {
            "localId" : "250",
            "locator" : "29:1-30:41",
            "name" : "SDE Race",
            "context" : "Patient",
            "accessLevel" : "Public",
            "annotation" : [ {
               "type" : "Annotation",
               "s" : {
                  "r" : "250",
                  "s" : [ {
                     "value" : [ "","define ","\"SDE Race\"",":\n  " ]
                  }, {
                     "r" : "253",
                     "s" : [ {
                        "value" : [ "[","\"Patient Characteristic Race\"",": " ]
                     }, {
                        "s" : [ {
                           "value" : [ "\"Race\"" ]
                        } ]
                     }, {
                        "value" : [ "]" ]
                     } ]
                  } ]
               }
            } ],
            "resultTypeSpecifier" : {
               "localId" : "257",
               "type" : "ListTypeSpecifier",
               "elementType" : {
                  "localId" : "258",
                  "name" : "{urn:healthit-gov:qdm:v5_6}PatientCharacteristicRace",
                  "type" : "NamedTypeSpecifier"
               }
            },
            "expression" : {
               "localId" : "253",
               "locator" : "30:3-30:41",
               "dataType" : "{urn:healthit-gov:qdm:v5_6}PatientCharacteristicRace",
               "codeProperty" : "code",
               "codeComparator" : "in",
               "type" : "Retrieve",
               "resultTypeSpecifier" : {
                  "localId" : "255",
                  "type" : "ListTypeSpecifier",
                  "elementType" : {
                     "localId" : "256",
                     "name" : "{urn:healthit-gov:qdm:v5_6}PatientCharacteristicRace",
                     "type" : "NamedTypeSpecifier"
                  }
               },
               "codes" : {
                  "localId" : "252",
                  "locator" : "30:35-30:40",
                  "resultTypeName" : "{urn:hl7-org:elm-types:r1}ValueSet",
                  "name" : "Race",
                  "preserve" : true,
                  "type" : "ValueSetRef"
               },
               "include" : [ ],
               "codeFilter" : [ ],
               "dateFilter" : [ ],
               "otherFilter" : [ ]
            }
         }, {
            "localId" : "260",
            "locator" : "32:1-33:62",
            "name" : "SDE Sex",
            "context" : "Patient",
            "accessLevel" : "Public",
            "annotation" : [ {
               "type" : "Annotation",
               "s" : {
                  "r" : "260",
                  "s" : [ {
                     "value" : [ "","define ","\"SDE Sex\"",":\n  " ]
                  }, {
                     "r" : "263",
                     "s" : [ {
                        "value" : [ "[","\"Patient Characteristic Sex\"",": " ]
                     }, {
                        "s" : [ {
                           "value" : [ "\"Federal Administrative Sex\"" ]
                        } ]
                     }, {
                        "value" : [ "]" ]
                     } ]
                  } ]
               }
            } ],
            "resultTypeSpecifier" : {
               "localId" : "267",
               "type" : "ListTypeSpecifier",
               "elementType" : {
                  "localId" : "268",
                  "name" : "{urn:healthit-gov:qdm:v5_6}PatientCharacteristicSex",
                  "type" : "NamedTypeSpecifier"
               }
            },
            "expression" : {
               "localId" : "263",
               "locator" : "33:3-33:62",
               "dataType" : "{urn:healthit-gov:qdm:v5_6}PatientCharacteristicSex",
               "codeProperty" : "code",
               "codeComparator" : "in",
               "type" : "Retrieve",
               "resultTypeSpecifier" : {
                  "localId" : "265",
                  "type" : "ListTypeSpecifier",
                  "elementType" : {
                     "localId" : "266",
                     "name" : "{urn:healthit-gov:qdm:v5_6}PatientCharacteristicSex",
                     "type" : "NamedTypeSpecifier"
                  }
               },
               "codes" : {
                  "localId" : "262",
                  "locator" : "33:34-33:61",
                  "resultTypeName" : "{urn:hl7-org:elm-types:r1}ValueSet",
                  "name" : "Federal Administrative Sex",
                  "preserve" : true,
                  "type" : "ValueSetRef"
               },
               "include" : [ ],
               "codeFilter" : [ ],
               "dateFilter" : [ ],
               "otherFilter" : [ ]
            }
         }, {
            "localId" : "275",
            "locator" : "38:1-40:74",
            "name" : "Qualifying Encounter During Day of Measurement Period",
            "context" : "Patient",
            "accessLevel" : "Public",
            "annotation" : [ {
               "type" : "Annotation",
               "s" : {
                  "r" : "275",
                  "s" : [ {
                     "value" : [ "","define ","\"Qualifying Encounter During Day of Measurement Period\"",":\n  " ]
                  }, {
                     "r" : "298",
                     "s" : [ {
                        "s" : [ {
                           "r" : "276",
                           "s" : [ {
                              "r" : "279",
                              "s" : [ {
                                 "r" : "279",
                                 "s" : [ {
                                    "value" : [ "[","\"Encounter, Performed\"",": " ]
                                 }, {
                                    "s" : [ {
                                       "value" : [ "\"Encounter to Document Medications\"" ]
                                    } ]
                                 }, {
                                    "value" : [ "]" ]
                                 } ]
                              } ]
                           }, {
                              "value" : [ " ","ValidEncounter" ]
                           } ]
                        } ]
                     }, {
                        "value" : [ "\n    " ]
                     }, {
                        "r" : "296",
                        "s" : [ {
                           "value" : [ "where " ]
                        }, {
                           "r" : "296",
                           "s" : [ {
                              "r" : "288",
                              "s" : [ {
                                 "r" : "287",
                                 "s" : [ {
                                    "value" : [ "ValidEncounter" ]
                                 } ]
                              }, {
                                 "value" : [ "." ]
                              }, {
                                 "r" : "288",
                                 "s" : [ {
                                    "value" : [ "relevantPeriod" ]
                                 } ]
                              } ]
                           }, {
                              "r" : "296",
                              "value" : [ " ","during day of"," " ]
                           }, {
                              "r" : "293",
                              "s" : [ {
                                 "value" : [ "\"Measurement Period\"" ]
                              } ]
                           } ]
                        } ]
                     } ]
                  } ]
               }
            } ],
            "resultTypeSpecifier" : {
               "localId" : "318",
               "type" : "ListTypeSpecifier",
               "elementType" : {
                  "localId" : "319",
                  "name" : "{urn:healthit-gov:qdm:v5_6}PositiveEncounterPerformed",
                  "type" : "NamedTypeSpecifier"
               }
            },
            "expression" : {
               "localId" : "298",
               "locator" : "39:3-40:74",
               "type" : "Query",
               "resultTypeSpecifier" : {
                  "localId" : "299",
                  "type" : "ListTypeSpecifier",
                  "elementType" : {
                     "localId" : "300",
                     "name" : "{urn:healthit-gov:qdm:v5_6}PositiveEncounterPerformed",
                     "type" : "NamedTypeSpecifier"
                  }
               },
               "source" : [ {
                  "localId" : "276",
                  "locator" : "39:3-39:78",
                  "alias" : "ValidEncounter",
                  "resultTypeSpecifier" : {
                     "localId" : "285",
                     "type" : "ListTypeSpecifier",
                     "elementType" : {
                        "localId" : "286",
                        "name" : "{urn:healthit-gov:qdm:v5_6}PositiveEncounterPerformed",
                        "type" : "NamedTypeSpecifier"
                     }
                  },
                  "expression" : {
                     "localId" : "279",
                     "locator" : "39:3-39:63",
                     "dataType" : "{urn:healthit-gov:qdm:v5_6}PositiveEncounterPerformed",
                     "templateId" : "PositiveEncounterPerformed",
                     "codeProperty" : "code",
                     "codeComparator" : "in",
                     "type" : "Retrieve",
                     "resultTypeSpecifier" : {
                        "localId" : "283",
                        "type" : "ListTypeSpecifier",
                        "elementType" : {
                           "localId" : "284",
                           "name" : "{urn:healthit-gov:qdm:v5_6}PositiveEncounterPerformed",
                           "type" : "NamedTypeSpecifier"
                        }
                     },
                     "codes" : {
                        "localId" : "278",
                        "locator" : "39:28-39:62",
                        "resultTypeName" : "{urn:hl7-org:elm-types:r1}ValueSet",
                        "name" : "Encounter to Document Medications",
                        "preserve" : true,
                        "type" : "ValueSetRef"
                     },
                     "include" : [ ],
                     "codeFilter" : [ ],
                     "dateFilter" : [ ],
                     "otherFilter" : [ ]
                  }
               } ],
               "let" : [ ],
               "relationship" : [ ],
               "where" : {
                  "localId" : "296",
                  "locator" : "40:5-40:74",
                  "resultTypeName" : "{urn:hl7-org:elm-types:r1}Boolean",
                  "precision" : "Day",
                  "type" : "IncludedIn",
                  "signature" : [ ],
                  "operand" : [ {
                     "localId" : "288",
                     "locator" : "40:11-40:39",
                     "path" : "relevantPeriod",
                     "scope" : "ValidEncounter",
                     "type" : "Property",
                     "resultTypeSpecifier" : {
                        "localId" : "291",
                        "type" : "IntervalTypeSpecifier",
                        "pointType" : {
                           "localId" : "292",
                           "name" : "{urn:hl7-org:elm-types:r1}DateTime",
                           "type" : "NamedTypeSpecifier"
                        }
                     }
                  }, {
                     "localId" : "293",
                     "locator" : "40:55-40:74",
                     "name" : "Measurement Period",
                     "type" : "ParameterRef",
                     "resultTypeSpecifier" : {
                        "localId" : "294",
                        "type" : "IntervalTypeSpecifier",
                        "pointType" : {
                           "localId" : "295",
                           "name" : "{urn:hl7-org:elm-types:r1}DateTime",
                           "type" : "NamedTypeSpecifier"
                        }
                     }
                  } ]
               }
            }
         }, {
            "localId" : "272",
            "locator" : "49:1-50:77",
            "name" : "Initial Population",
            "context" : "Patient",
            "accessLevel" : "Public",
            "annotation" : [ {
               "type" : "Annotation",
               "s" : {
                  "r" : "272",
                  "s" : [ {
                     "value" : [ "","define ","\"Initial Population\"",":\n  " ]
                  }, {
                     "r" : "308",
                     "s" : [ {
                        "s" : [ {
                           "r" : "273",
                           "s" : [ {
                              "r" : "303",
                              "s" : [ {
                                 "s" : [ {
                                    "value" : [ "\"Qualifying Encounter During Day of Measurement Period\"" ]
                                 } ]
                              } ]
                           }, {
                              "value" : [ " ","QualifyingEncounter" ]
                           } ]
                        } ]
                     } ]
                  } ]
               }
            } ],
            "resultTypeSpecifier" : {
               "localId" : "397",
               "type" : "ListTypeSpecifier",
               "elementType" : {
                  "localId" : "398",
                  "name" : "{urn:healthit-gov:qdm:v5_6}PositiveEncounterPerformed",
                  "type" : "NamedTypeSpecifier"
               }
            },
            "expression" : {
               "localId" : "308",
               "locator" : "50:3-50:77",
               "type" : "Query",
               "resultTypeSpecifier" : {
                  "localId" : "309",
                  "type" : "ListTypeSpecifier",
                  "elementType" : {
                     "localId" : "310",
                     "name" : "{urn:healthit-gov:qdm:v5_6}PositiveEncounterPerformed",
                     "type" : "NamedTypeSpecifier"
                  }
               },
               "source" : [ {
                  "localId" : "273",
                  "locator" : "50:3-50:77",
                  "alias" : "QualifyingEncounter",
                  "resultTypeSpecifier" : {
                     "localId" : "306",
                     "type" : "ListTypeSpecifier",
                     "elementType" : {
                        "localId" : "307",
                        "name" : "{urn:healthit-gov:qdm:v5_6}PositiveEncounterPerformed",
                        "type" : "NamedTypeSpecifier"
                     }
                  },
                  "expression" : {
                     "localId" : "303",
                     "locator" : "50:3-50:57",
                     "name" : "Qualifying Encounter During Day of Measurement Period",
                     "type" : "ExpressionRef",
                     "resultTypeSpecifier" : {
                        "localId" : "304",
                        "type" : "ListTypeSpecifier",
                        "elementType" : {
                           "localId" : "305",
                           "name" : "{urn:healthit-gov:qdm:v5_6}PositiveEncounterPerformed",
                           "type" : "NamedTypeSpecifier"
                        }
                     }
                  }
               } ],
               "let" : [ ],
               "relationship" : [ ]
            }
         }, {
            "localId" : "270",
            "locator" : "35:1-36:22",
            "name" : "Denominator",
            "context" : "Patient",
            "accessLevel" : "Public",
            "annotation" : [ {
               "type" : "Annotation",
               "s" : {
                  "r" : "270",
                  "s" : [ {
                     "value" : [ "","define ","\"Denominator\"",":\n  " ]
                  }, {
                     "r" : "313",
                     "s" : [ {
                        "value" : [ "\"Initial Population\"" ]
                     } ]
                  } ]
               }
            } ],
            "resultTypeSpecifier" : {
               "localId" : "316",
               "type" : "ListTypeSpecifier",
               "elementType" : {
                  "localId" : "317",
                  "name" : "{urn:healthit-gov:qdm:v5_6}PositiveEncounterPerformed",
                  "type" : "NamedTypeSpecifier"
               }
            },
            "expression" : {
               "localId" : "313",
               "locator" : "36:3-36:22",
               "name" : "Initial Population",
               "type" : "ExpressionRef",
               "resultTypeSpecifier" : {
                  "localId" : "314",
                  "type" : "ListTypeSpecifier",
                  "elementType" : {
                     "localId" : "315",
                     "name" : "{urn:healthit-gov:qdm:v5_6}PositiveEncounterPerformed",
                     "type" : "NamedTypeSpecifier"
                  }
               }
            }
         }, {
            "localId" : "321",
            "locator" : "42:1-47:88",
            "name" : "Denominator Exceptions",
            "context" : "Patient",
            "accessLevel" : "Public",
            "annotation" : [ {
               "type" : "Annotation",
               "s" : {
                  "r" : "321",
                  "s" : [ {
                     "value" : [ "","define ","\"Denominator Exceptions\"",":\n  " ]
                  }, {
                     "r" : "392",
                     "s" : [ {
                        "s" : [ {
                           "r" : "322",
                           "s" : [ {
                              "r" : "323",
                              "s" : [ {
                                 "s" : [ {
                                    "value" : [ "\"Qualifying Encounter During Day of Measurement Period\"" ]
                                 } ]
                              } ]
                           }, {
                              "value" : [ " ","QualifyingEncounter" ]
                           } ]
                        } ]
                     }, {
                        "value" : [ "\n    " ]
                     }, {
                        "r" : "387",
                        "s" : [ {
                           "value" : [ "with " ]
                        }, {
                           "r" : "328",
                           "s" : [ {
                              "r" : "353",
                              "s" : [ {
                                 "value" : [ "( " ]
                              }, {
                                 "r" : "353",
                                 "s" : [ {
                                    "r" : "331",
                                    "s" : [ {
                                       "value" : [ "[","\"Procedure, Not Performed\"",": " ]
                                    }, {
                                       "s" : [ {
                                          "value" : [ "\"Documentation of current medications (procedure)\"" ]
                                       } ]
                                    }, {
                                       "value" : [ "]" ]
                                    } ]
                                 }, {
                                    "value" : [ "\n      union " ]
                                 }, {
                                    "r" : "338",
                                    "s" : [ {
                                       "value" : [ "[","\"Intervention, Not Performed\"",": " ]
                                    }, {
                                       "s" : [ {
                                          "value" : [ "\"Documentation of current medications (procedure)\"" ]
                                       } ]
                                    }, {
                                       "value" : [ "]" ]
                                    } ]
                                 } ]
                              }, {
                                 "value" : [ " )" ]
                              } ]
                           }, {
                              "value" : [ " ","MedicationsNotDocumented" ]
                           } ]
                        }, {
                           "value" : [ "\n      such that " ]
                        }, {
                           "r" : "366",
                           "s" : [ {
                              "r" : "379",
                              "s" : [ {
                                 "r" : "371",
                                 "s" : [ {
                                    "r" : "367",
                                    "s" : [ {
                                       "value" : [ "MedicationsNotDocumented" ]
                                    } ]
                                 }, {
                                    "value" : [ "." ]
                                 }, {
                                    "r" : "371",
                                    "s" : [ {
                                       "value" : [ "authorDatetime" ]
                                    } ]
                                 } ]
                              }, {
                                 "r" : "379",
                                 "value" : [ " ","during day of"," " ]
                              }, {
                                 "r" : "373",
                                 "s" : [ {
                                    "r" : "372",
                                    "s" : [ {
                                       "value" : [ "QualifyingEncounter" ]
                                    } ]
                                 }, {
                                    "value" : [ "." ]
                                 }, {
                                    "r" : "373",
                                    "s" : [ {
                                       "value" : [ "relevantPeriod" ]
                                    } ]
                                 } ]
                              } ]
                           }, {
                              "value" : [ "\n        and " ]
                           }, {
                              "r" : "380",
                              "s" : [ {
                                 "r" : "385",
                                 "s" : [ {
                                    "r" : "381",
                                    "s" : [ {
                                       "value" : [ "MedicationsNotDocumented" ]
                                    } ]
                                 }, {
                                    "value" : [ "." ]
                                 }, {
                                    "r" : "385",
                                    "s" : [ {
                                       "value" : [ "negationRationale" ]
                                    } ]
                                 } ]
                              }, {
                                 "value" : [ " ","="," " ]
                              }, {
                                 "r" : "386",
                                 "s" : [ {
                                    "value" : [ "\"Acute health crisis (finding)\"" ]
                                 } ]
                              } ]
                           } ]
                        } ]
                     } ]
                  } ]
               }
            } ],
            "resultTypeSpecifier" : {
               "localId" : "395",
               "type" : "ListTypeSpecifier",
               "elementType" : {
                  "localId" : "396",
                  "name" : "{urn:healthit-gov:qdm:v5_6}PositiveEncounterPerformed",
                  "type" : "NamedTypeSpecifier"
               }
            },
            "expression" : {
               "localId" : "392",
               "locator" : "43:3-47:88",
               "type" : "Query",
               "resultTypeSpecifier" : {
                  "localId" : "393",
                  "type" : "ListTypeSpecifier",
                  "elementType" : {
                     "localId" : "394",
                     "name" : "{urn:healthit-gov:qdm:v5_6}PositiveEncounterPerformed",
                     "type" : "NamedTypeSpecifier"
                  }
               },
               "source" : [ {
                  "localId" : "322",
                  "locator" : "43:3-43:77",
                  "alias" : "QualifyingEncounter",
                  "resultTypeSpecifier" : {
                     "localId" : "326",
                     "type" : "ListTypeSpecifier",
                     "elementType" : {
                        "localId" : "327",
                        "name" : "{urn:healthit-gov:qdm:v5_6}PositiveEncounterPerformed",
                        "type" : "NamedTypeSpecifier"
                     }
                  },
                  "expression" : {
                     "localId" : "323",
                     "locator" : "43:3-43:57",
                     "name" : "Qualifying Encounter During Day of Measurement Period",
                     "type" : "ExpressionRef",
                     "resultTypeSpecifier" : {
                        "localId" : "324",
                        "type" : "ListTypeSpecifier",
                        "elementType" : {
                           "localId" : "325",
                           "name" : "{urn:healthit-gov:qdm:v5_6}PositiveEncounterPerformed",
                           "type" : "NamedTypeSpecifier"
                        }
                     }
                  }
               } ],
               "let" : [ ],
               "relationship" : [ {
                  "localId" : "387",
                  "locator" : "44:5-47:88",
                  "alias" : "MedicationsNotDocumented",
                  "type" : "With",
                  "resultTypeSpecifier" : {
                     "localId" : "388",
                     "type" : "ListTypeSpecifier",
                     "elementType" : {
                        "localId" : "389",
                        "type" : "ChoiceTypeSpecifier",
                        "choice" : [ {
                           "localId" : "390",
                           "name" : "{urn:healthit-gov:qdm:v5_6}NegativeInterventionPerformed",
                           "type" : "NamedTypeSpecifier"
                        }, {
                           "localId" : "391",
                           "name" : "{urn:healthit-gov:qdm:v5_6}NegativeProcedurePerformed",
                           "type" : "NamedTypeSpecifier"
                        } ]
                     }
                  },
                  "expression" : {
                     "localId" : "353",
                     "locator" : "44:10-45:97",
                     "type" : "Union",
                     "resultTypeSpecifier" : {
                        "localId" : "358",
                        "type" : "ListTypeSpecifier",
                        "elementType" : {
                           "localId" : "359",
                           "type" : "ChoiceTypeSpecifier",
                           "choice" : [ {
                              "localId" : "360",
                              "name" : "{urn:healthit-gov:qdm:v5_6}NegativeInterventionPerformed",
                              "type" : "NamedTypeSpecifier"
                           }, {
                              "localId" : "361",
                              "name" : "{urn:healthit-gov:qdm:v5_6}NegativeProcedurePerformed",
                              "type" : "NamedTypeSpecifier"
                           } ]
                        }
                     },
                     "signature" : [ ],
                     "operand" : [ {
                        "localId" : "343",
                        "type" : "As",
                        "signature" : [ ],
                        "operand" : {
                           "localId" : "331",
                           "locator" : "44:12-44:91",
                           "dataType" : "{urn:healthit-gov:qdm:v5_6}NegativeProcedurePerformed",
                           "templateId" : "NegativeProcedurePerformed",
                           "codeProperty" : "code",
                           "codeComparator" : "~",
                           "type" : "Retrieve",
                           "resultTypeSpecifier" : {
                              "localId" : "334",
                              "type" : "ListTypeSpecifier",
                              "elementType" : {
                                 "localId" : "335",
                                 "name" : "{urn:healthit-gov:qdm:v5_6}NegativeProcedurePerformed",
                                 "type" : "NamedTypeSpecifier"
                              }
                           },
                           "codes" : {
                              "localId" : "333",
                              "type" : "ToList",
                              "signature" : [ ],
                              "operand" : {
                                 "localId" : "330",
                                 "locator" : "44:41-44:90",
                                 "resultTypeName" : "{urn:hl7-org:elm-types:r1}Code",
                                 "name" : "Documentation of current medications (procedure)",
                                 "type" : "CodeRef"
                              }
                           },
                           "include" : [ ],
                           "codeFilter" : [ ],
                           "dateFilter" : [ ],
                           "otherFilter" : [ ]
                        },
                        "asTypeSpecifier" : {
                           "localId" : "344",
                           "type" : "ListTypeSpecifier",
                           "elementType" : {
                              "localId" : "345",
                              "type" : "ChoiceTypeSpecifier",
                              "choice" : [ {
                                 "localId" : "346",
                                 "name" : "{urn:healthit-gov:qdm:v5_6}NegativeInterventionPerformed",
                                 "type" : "NamedTypeSpecifier"
                              }, {
                                 "localId" : "347",
                                 "name" : "{urn:healthit-gov:qdm:v5_6}NegativeProcedurePerformed",
                                 "type" : "NamedTypeSpecifier"
                              } ]
                           }
                        }
                     }, {
                        "localId" : "348",
                        "type" : "As",
                        "signature" : [ ],
                        "operand" : {
                           "localId" : "338",
                           "locator" : "45:13-45:95",
                           "dataType" : "{urn:healthit-gov:qdm:v5_6}NegativeInterventionPerformed",
                           "templateId" : "NegativeInterventionPerformed",
                           "codeProperty" : "code",
                           "codeComparator" : "~",
                           "type" : "Retrieve",
                           "resultTypeSpecifier" : {
                              "localId" : "341",
                              "type" : "ListTypeSpecifier",
                              "elementType" : {
                                 "localId" : "342",
                                 "name" : "{urn:healthit-gov:qdm:v5_6}NegativeInterventionPerformed",
                                 "type" : "NamedTypeSpecifier"
                              }
                           },
                           "codes" : {
                              "localId" : "340",
                              "type" : "ToList",
                              "signature" : [ ],
                              "operand" : {
                                 "localId" : "337",
                                 "locator" : "45:45-45:94",
                                 "resultTypeName" : "{urn:hl7-org:elm-types:r1}Code",
                                 "name" : "Documentation of current medications (procedure)",
                                 "type" : "CodeRef"
                              }
                           },
                           "include" : [ ],
                           "codeFilter" : [ ],
                           "dateFilter" : [ ],
                           "otherFilter" : [ ]
                        },
                        "asTypeSpecifier" : {
                           "localId" : "349",
                           "type" : "ListTypeSpecifier",
                           "elementType" : {
                              "localId" : "350",
                              "type" : "ChoiceTypeSpecifier",
                              "choice" : [ {
                                 "localId" : "351",
                                 "name" : "{urn:healthit-gov:qdm:v5_6}NegativeInterventionPerformed",
                                 "type" : "NamedTypeSpecifier"
                              }, {
                                 "localId" : "352",
                                 "name" : "{urn:healthit-gov:qdm:v5_6}NegativeProcedurePerformed",
                                 "type" : "NamedTypeSpecifier"
                              } ]
                           }
                        }
                     } ]
                  },
                  "suchThat" : {
                     "localId" : "366",
                     "locator" : "46:17-47:88",
                     "resultTypeName" : "{urn:hl7-org:elm-types:r1}Boolean",
                     "type" : "And",
                     "signature" : [ ],
                     "operand" : [ {
                        "localId" : "379",
                        "locator" : "46:17-46:104",
                        "resultTypeName" : "{urn:hl7-org:elm-types:r1}Boolean",
                        "precision" : "Day",
                        "type" : "In",
                        "signature" : [ ],
                        "operand" : [ {
                           "localId" : "371",
                           "locator" : "46:17-46:55",
                           "resultTypeName" : "{urn:hl7-org:elm-types:r1}DateTime",
                           "path" : "authorDatetime",
                           "scope" : "MedicationsNotDocumented",
                           "type" : "Property"
                        }, {
                           "localId" : "373",
                           "locator" : "46:71-46:104",
                           "path" : "relevantPeriod",
                           "scope" : "QualifyingEncounter",
                           "type" : "Property",
                           "resultTypeSpecifier" : {
                              "localId" : "376",
                              "type" : "IntervalTypeSpecifier",
                              "pointType" : {
                                 "localId" : "377",
                                 "name" : "{urn:hl7-org:elm-types:r1}DateTime",
                                 "type" : "NamedTypeSpecifier"
                              }
                           }
                        } ]
                     }, {
                        "localId" : "380",
                        "locator" : "47:13-47:88",
                        "resultTypeName" : "{urn:hl7-org:elm-types:r1}Boolean",
                        "type" : "Equal",
                        "signature" : [ ],
                        "operand" : [ {
                           "localId" : "385",
                           "locator" : "47:13-47:54",
                           "resultTypeName" : "{urn:hl7-org:elm-types:r1}Code",
                           "path" : "negationRationale",
                           "scope" : "MedicationsNotDocumented",
                           "type" : "Property"
                        }, {
                           "localId" : "386",
                           "locator" : "47:58-47:88",
                           "resultTypeName" : "{urn:hl7-org:elm-types:r1}Code",
                           "name" : "Acute health crisis (finding)",
                           "type" : "CodeRef"
                        } ]
                     } ]
                  }
               } ]
            }
         }, {
            "localId" : "400",
            "locator" : "52:1-57:137",
            "name" : "Numerator",
            "context" : "Patient",
            "accessLevel" : "Public",
            "annotation" : [ {
               "type" : "Annotation",
               "s" : {
                  "r" : "400",
                  "s" : [ {
                     "value" : [ "","define ","\"Numerator\"",":\n  " ]
                  }, {
                     "r" : "497",
                     "s" : [ {
                        "s" : [ {
                           "r" : "401",
                           "s" : [ {
                              "r" : "402",
                              "s" : [ {
                                 "s" : [ {
                                    "value" : [ "\"Qualifying Encounter During Day of Measurement Period\"" ]
                                 } ]
                              } ]
                           }, {
                              "value" : [ " ","QualifyingEncounter" ]
                           } ]
                        } ]
                     }, {
                        "value" : [ "\n    " ]
                     }, {
                        "r" : "492",
                        "s" : [ {
                           "value" : [ "with " ]
                        }, {
                           "r" : "407",
                           "s" : [ {
                              "r" : "432",
                              "s" : [ {
                                 "value" : [ "( " ]
                              }, {
                                 "r" : "432",
                                 "s" : [ {
                                    "r" : "410",
                                    "s" : [ {
                                       "value" : [ "[","\"Procedure, Performed\"",": " ]
                                    }, {
                                       "s" : [ {
                                          "value" : [ "\"Documentation of current medications (procedure)\"" ]
                                       } ]
                                    }, {
                                       "value" : [ "]" ]
                                    } ]
                                 }, {
                                    "value" : [ "\n      union " ]
                                 }, {
                                    "r" : "417",
                                    "s" : [ {
                                       "value" : [ "[","\"Intervention, Performed\"",": " ]
                                    }, {
                                       "s" : [ {
                                          "value" : [ "\"Documentation of current medications (procedure)\"" ]
                                       } ]
                                    }, {
                                       "value" : [ "]" ]
                                    } ]
                                 } ]
                              }, {
                                 "value" : [ " )" ]
                              } ]
                           }, {
                              "value" : [ " ","MedicationsDocumented" ]
                           } ]
                        }, {
                           "value" : [ "\n      such that " ]
                        }, {
                           "r" : "445",
                           "s" : [ {
                              "r" : "469",
                              "s" : [ {
                                 "r" : "461",
                                 "s" : [ {
                                    "r" : "446",
                                    "s" : [ {
                                       "value" : [ "Global" ]
                                    } ]
                                 }, {
                                    "value" : [ "." ]
                                 }, {
                                    "r" : "461",
                                    "s" : [ {
                                       "value" : [ "\"EarliestOf\""," ( " ]
                                    }, {
                                       "r" : "451",
                                       "s" : [ {
                                          "r" : "447",
                                          "s" : [ {
                                             "value" : [ "MedicationsDocumented" ]
                                          } ]
                                       }, {
                                          "value" : [ "." ]
                                       }, {
                                          "r" : "451",
                                          "s" : [ {
                                             "value" : [ "relevantDatetime" ]
                                          } ]
                                       } ]
                                    }, {
                                       "value" : [ ", " ]
                                    }, {
                                       "r" : "456",
                                       "s" : [ {
                                          "r" : "452",
                                          "s" : [ {
                                             "value" : [ "MedicationsDocumented" ]
                                          } ]
                                       }, {
                                          "value" : [ "." ]
                                       }, {
                                          "r" : "456",
                                          "s" : [ {
                                             "value" : [ "relevantPeriod" ]
                                          } ]
                                       } ]
                                    }, {
                                       "value" : [ " )" ]
                                    } ]
                                 } ]
                              }, {
                                 "r" : "469",
                                 "value" : [ " ","during day of"," " ]
                              }, {
                                 "r" : "463",
                                 "s" : [ {
                                    "r" : "462",
                                    "s" : [ {
                                       "value" : [ "QualifyingEncounter" ]
                                    } ]
                                 }, {
                                    "value" : [ "." ]
                                 }, {
                                    "r" : "463",
                                    "s" : [ {
                                       "value" : [ "relevantPeriod" ]
                                    } ]
                                 } ]
                              } ]
                           }, {
                              "value" : [ "\n      and " ]
                           }, {
                              "r" : "491",
                              "s" : [ {
                                 "r" : "470",
                                 "s" : [ {
                                    "value" : [ "Global" ]
                                 } ]
                              }, {
                                 "value" : [ "." ]
                              }, {
                                 "r" : "491",
                                 "s" : [ {
                                    "value" : [ "\"HasEnd\""," ( " ]
                                 }, {
                                    "r" : "486",
                                    "s" : [ {
                                       "r" : "471",
                                       "s" : [ {
                                          "value" : [ "Global" ]
                                       } ]
                                    }, {
                                       "value" : [ "." ]
                                    }, {
                                       "r" : "486",
                                       "s" : [ {
                                          "value" : [ "\"NormalizeInterval\""," ( " ]
                                       }, {
                                          "r" : "476",
                                          "s" : [ {
                                             "r" : "472",
                                             "s" : [ {
                                                "value" : [ "MedicationsDocumented" ]
                                             } ]
                                          }, {
                                             "value" : [ "." ]
                                          }, {
                                             "r" : "476",
                                             "s" : [ {
                                                "value" : [ "relevantDatetime" ]
                                             } ]
                                          } ]
                                       }, {
                                          "value" : [ ", " ]
                                       }, {
                                          "r" : "481",
                                          "s" : [ {
                                             "r" : "477",
                                             "s" : [ {
                                                "value" : [ "MedicationsDocumented" ]
                                             } ]
                                          }, {
                                             "value" : [ "." ]
                                          }, {
                                             "r" : "481",
                                             "s" : [ {
                                                "value" : [ "relevantPeriod" ]
                                             } ]
                                          } ]
                                       }, {
                                          "value" : [ " )" ]
                                       } ]
                                    } ]
                                 }, {
                                    "value" : [ " )" ]
                                 } ]
                              } ]
                           } ]
                        } ]
                     } ]
                  } ]
               }
            } ],
            "resultTypeSpecifier" : {
               "localId" : "500",
               "type" : "ListTypeSpecifier",
               "elementType" : {
                  "localId" : "501",
                  "name" : "{urn:healthit-gov:qdm:v5_6}PositiveEncounterPerformed",
                  "type" : "NamedTypeSpecifier"
               }
            },
            "expression" : {
               "localId" : "497",
               "locator" : "53:3-57:137",
               "type" : "Query",
               "resultTypeSpecifier" : {
                  "localId" : "498",
                  "type" : "ListTypeSpecifier",
                  "elementType" : {
                     "localId" : "499",
                     "name" : "{urn:healthit-gov:qdm:v5_6}PositiveEncounterPerformed",
                     "type" : "NamedTypeSpecifier"
                  }
               },
               "source" : [ {
                  "localId" : "401",
                  "locator" : "53:3-53:77",
                  "alias" : "QualifyingEncounter",
                  "resultTypeSpecifier" : {
                     "localId" : "405",
                     "type" : "ListTypeSpecifier",
                     "elementType" : {
                        "localId" : "406",
                        "name" : "{urn:healthit-gov:qdm:v5_6}PositiveEncounterPerformed",
                        "type" : "NamedTypeSpecifier"
                     }
                  },
                  "expression" : {
                     "localId" : "402",
                     "locator" : "53:3-53:57",
                     "name" : "Qualifying Encounter During Day of Measurement Period",
                     "type" : "ExpressionRef",
                     "resultTypeSpecifier" : {
                        "localId" : "403",
                        "type" : "ListTypeSpecifier",
                        "elementType" : {
                           "localId" : "404",
                           "name" : "{urn:healthit-gov:qdm:v5_6}PositiveEncounterPerformed",
                           "type" : "NamedTypeSpecifier"
                        }
                     }
                  }
               } ],
               "let" : [ ],
               "relationship" : [ {
                  "localId" : "492",
                  "locator" : "54:5-57:137",
                  "alias" : "MedicationsDocumented",
                  "type" : "With",
                  "resultTypeSpecifier" : {
                     "localId" : "493",
                     "type" : "ListTypeSpecifier",
                     "elementType" : {
                        "localId" : "494",
                        "type" : "ChoiceTypeSpecifier",
                        "choice" : [ {
                           "localId" : "495",
                           "name" : "{urn:healthit-gov:qdm:v5_6}PositiveInterventionPerformed",
                           "type" : "NamedTypeSpecifier"
                        }, {
                           "localId" : "496",
                           "name" : "{urn:healthit-gov:qdm:v5_6}PositiveProcedurePerformed",
                           "type" : "NamedTypeSpecifier"
                        } ]
                     }
                  },
                  "expression" : {
                     "localId" : "432",
                     "locator" : "54:10-55:93",
                     "type" : "Union",
                     "resultTypeSpecifier" : {
                        "localId" : "437",
                        "type" : "ListTypeSpecifier",
                        "elementType" : {
                           "localId" : "438",
                           "type" : "ChoiceTypeSpecifier",
                           "choice" : [ {
                              "localId" : "439",
                              "name" : "{urn:healthit-gov:qdm:v5_6}PositiveInterventionPerformed",
                              "type" : "NamedTypeSpecifier"
                           }, {
                              "localId" : "440",
                              "name" : "{urn:healthit-gov:qdm:v5_6}PositiveProcedurePerformed",
                              "type" : "NamedTypeSpecifier"
                           } ]
                        }
                     },
                     "signature" : [ ],
                     "operand" : [ {
                        "localId" : "422",
                        "type" : "As",
                        "signature" : [ ],
                        "operand" : {
                           "localId" : "410",
                           "locator" : "54:12-54:87",
                           "dataType" : "{urn:healthit-gov:qdm:v5_6}PositiveProcedurePerformed",
                           "templateId" : "PositiveProcedurePerformed",
                           "codeProperty" : "code",
                           "codeComparator" : "~",
                           "type" : "Retrieve",
                           "resultTypeSpecifier" : {
                              "localId" : "413",
                              "type" : "ListTypeSpecifier",
                              "elementType" : {
                                 "localId" : "414",
                                 "name" : "{urn:healthit-gov:qdm:v5_6}PositiveProcedurePerformed",
                                 "type" : "NamedTypeSpecifier"
                              }
                           },
                           "codes" : {
                              "localId" : "412",
                              "type" : "ToList",
                              "signature" : [ ],
                              "operand" : {
                                 "localId" : "409",
                                 "locator" : "54:37-54:86",
                                 "resultTypeName" : "{urn:hl7-org:elm-types:r1}Code",
                                 "name" : "Documentation of current medications (procedure)",
                                 "type" : "CodeRef"
                              }
                           },
                           "include" : [ ],
                           "codeFilter" : [ ],
                           "dateFilter" : [ ],
                           "otherFilter" : [ ]
                        },
                        "asTypeSpecifier" : {
                           "localId" : "423",
                           "type" : "ListTypeSpecifier",
                           "elementType" : {
                              "localId" : "424",
                              "type" : "ChoiceTypeSpecifier",
                              "choice" : [ {
                                 "localId" : "425",
                                 "name" : "{urn:healthit-gov:qdm:v5_6}PositiveInterventionPerformed",
                                 "type" : "NamedTypeSpecifier"
                              }, {
                                 "localId" : "426",
                                 "name" : "{urn:healthit-gov:qdm:v5_6}PositiveProcedurePerformed",
                                 "type" : "NamedTypeSpecifier"
                              } ]
                           }
                        }
                     }, {
                        "localId" : "427",
                        "type" : "As",
                        "signature" : [ ],
                        "operand" : {
                           "localId" : "417",
                           "locator" : "55:13-55:91",
                           "dataType" : "{urn:healthit-gov:qdm:v5_6}PositiveInterventionPerformed",
                           "templateId" : "PositiveInterventionPerformed",
                           "codeProperty" : "code",
                           "codeComparator" : "~",
                           "type" : "Retrieve",
                           "resultTypeSpecifier" : {
                              "localId" : "420",
                              "type" : "ListTypeSpecifier",
                              "elementType" : {
                                 "localId" : "421",
                                 "name" : "{urn:healthit-gov:qdm:v5_6}PositiveInterventionPerformed",
                                 "type" : "NamedTypeSpecifier"
                              }
                           },
                           "codes" : {
                              "localId" : "419",
                              "type" : "ToList",
                              "signature" : [ ],
                              "operand" : {
                                 "localId" : "416",
                                 "locator" : "55:41-55:90",
                                 "resultTypeName" : "{urn:hl7-org:elm-types:r1}Code",
                                 "name" : "Documentation of current medications (procedure)",
                                 "type" : "CodeRef"
                              }
                           },
                           "include" : [ ],
                           "codeFilter" : [ ],
                           "dateFilter" : [ ],
                           "otherFilter" : [ ]
                        },
                        "asTypeSpecifier" : {
                           "localId" : "428",
                           "type" : "ListTypeSpecifier",
                           "elementType" : {
                              "localId" : "429",
                              "type" : "ChoiceTypeSpecifier",
                              "choice" : [ {
                                 "localId" : "430",
                                 "name" : "{urn:healthit-gov:qdm:v5_6}PositiveInterventionPerformed",
                                 "type" : "NamedTypeSpecifier"
                              }, {
                                 "localId" : "431",
                                 "name" : "{urn:healthit-gov:qdm:v5_6}PositiveProcedurePerformed",
                                 "type" : "NamedTypeSpecifier"
                              } ]
                           }
                        }
                     } ]
                  },
                  "suchThat" : {
                     "localId" : "445",
                     "locator" : "56:17-57:137",
                     "resultTypeName" : "{urn:hl7-org:elm-types:r1}Boolean",
                     "type" : "And",
                     "signature" : [ ],
                     "operand" : [ {
                        "localId" : "469",
                        "locator" : "56:17-56:165",
                        "resultTypeName" : "{urn:hl7-org:elm-types:r1}Boolean",
                        "precision" : "Day",
                        "type" : "In",
                        "signature" : [ ],
                        "operand" : [ {
                           "localId" : "461",
                           "locator" : "56:17-56:116",
                           "resultTypeName" : "{urn:hl7-org:elm-types:r1}DateTime",
                           "name" : "EarliestOf",
                           "libraryName" : "Global",
                           "type" : "FunctionRef",
                           "signature" : [ ],
                           "operand" : [ {
                              "localId" : "451",
                              "locator" : "56:39-56:76",
                              "resultTypeName" : "{urn:hl7-org:elm-types:r1}DateTime",
                              "path" : "relevantDatetime",
                              "scope" : "MedicationsDocumented",
                              "type" : "Property"
                           }, {
                              "localId" : "456",
                              "locator" : "56:79-56:114",
                              "path" : "relevantPeriod",
                              "scope" : "MedicationsDocumented",
                              "type" : "Property",
                              "resultTypeSpecifier" : {
                                 "localId" : "459",
                                 "type" : "IntervalTypeSpecifier",
                                 "pointType" : {
                                    "localId" : "460",
                                    "name" : "{urn:hl7-org:elm-types:r1}DateTime",
                                    "type" : "NamedTypeSpecifier"
                                 }
                              }
                           } ]
                        }, {
                           "localId" : "463",
                           "locator" : "56:132-56:165",
                           "path" : "relevantPeriod",
                           "scope" : "QualifyingEncounter",
                           "type" : "Property",
                           "resultTypeSpecifier" : {
                              "localId" : "466",
                              "type" : "IntervalTypeSpecifier",
                              "pointType" : {
                                 "localId" : "467",
                                 "name" : "{urn:hl7-org:elm-types:r1}DateTime",
                                 "type" : "NamedTypeSpecifier"
                              }
                           }
                        } ]
                     }, {
                        "localId" : "491",
                        "locator" : "57:11-57:137",
                        "resultTypeName" : "{urn:hl7-org:elm-types:r1}Boolean",
                        "name" : "HasEnd",
                        "libraryName" : "Global",
                        "type" : "FunctionRef",
                        "signature" : [ ],
                        "operand" : [ {
                           "localId" : "486",
                           "locator" : "57:29-57:135",
                           "name" : "NormalizeInterval",
                           "libraryName" : "Global",
                           "type" : "FunctionRef",
                           "resultTypeSpecifier" : {
                              "localId" : "489",
                              "type" : "IntervalTypeSpecifier",
                              "pointType" : {
                                 "localId" : "490",
                                 "name" : "{urn:hl7-org:elm-types:r1}DateTime",
                                 "type" : "NamedTypeSpecifier"
                              }
                           },
                           "signature" : [ ],
                           "operand" : [ {
                              "localId" : "476",
                              "locator" : "57:58-57:95",
                              "resultTypeName" : "{urn:hl7-org:elm-types:r1}DateTime",
                              "path" : "relevantDatetime",
                              "scope" : "MedicationsDocumented",
                              "type" : "Property"
                           }, {
                              "localId" : "481",
                              "locator" : "57:98-57:133",
                              "path" : "relevantPeriod",
                              "scope" : "MedicationsDocumented",
                              "type" : "Property",
                              "resultTypeSpecifier" : {
                                 "localId" : "484",
                                 "type" : "IntervalTypeSpecifier",
                                 "pointType" : {
                                    "localId" : "485",
                                    "name" : "{urn:hl7-org:elm-types:r1}DateTime",
                                    "type" : "NamedTypeSpecifier"
                                 }
                              }
                           } ]
                        } ]
                     } ]
                  }
               } ]
            }
         } ]
      }
   }
}