<?xml version="1.0" encoding="UTF-8"?>
<library xmlns="urn:hl7-org:elm:r1" xmlns:t="urn:hl7-org:elm-types:r1" xmlns:xsi="http://www.w3.org/2001/XMLSchema-instance" xmlns:xsd="http://www.w3.org/2001/XMLSchema" xmlns:fhir="http://hl7.org/fhir" xmlns:qdm43="urn:healthit-gov:qdm:v4_3" xmlns:qdm53="urn:healthit-gov:qdm:v5_3" xmlns:a="urn:hl7-org:cql-annotations:r1" localId="0">
   <annotation translatorVersion="3.14.0" translatorOptions="EnableAnnotations,EnableLocators,EnableResultTypes,EnableDetailedErrors,DisableListDemotion,DisableListPromotion" signatureLevel="None" xsi:type="a:CqlToElmInfo"/>
   <annotation xsi:type="a:Annotation">
      <a:s r="400">
         <a:s>library CMS68DocumentationOfCurrentMedicationsQDM version '15.0.000'</a:s>
      </a:s>
   </annotation>
   <identifier id="CMS68DocumentationOfCurrentMedicationsQDM" version="15.0.000"/>
   <schemaIdentifier id="urn:hl7-org:elm" version="r1"/>
   <usings>
      <def localId="1" localIdentifier="System" uri="urn:hl7-org:elm-types:r1"/>
      <def localId="206" locator="3:1-3:23" localIdentifier="QDM" uri="urn:healthit-gov:qdm:v5_6" version="5.6">
         <annotation xsi:type="a:Annotation">
            <a:s r="206">
               <a:s>using </a:s>
               <a:s>
                  <a:s>QDM</a:s>
               </a:s>
               <a:s> version '5.6'</a:s>
            </a:s>
         </annotation>
      </def>
   </usings>
   <includes>
      <def localId="207" locator="5:1-5:52" localIdentifier="Global" path="CQMCommonQDM" version="9.0.000">
         <annotation xsi:type="a:Annotation">
            <a:s r="207">
               <a:s>include </a:s>
               <a:s>
                  <a:s>CQMCommonQDM</a:s>
               </a:s>
               <a:s> version '9.0.000' called Global</a:s>
            </a:s>
         </annotation>
      </def>
   </includes>
   <parameters>
      <def localId="218" locator="19:1-19:49" name="Measurement Period" accessLevel="Public">
         <annotation xsi:type="a:Annotation">
            <a:s r="218">
               <a:s>parameter &quot;Measurement Period&quot; </a:s>
               <a:s r="219">
                  <a:s>Interval&lt;</a:s>
                  <a:s r="220">
                     <a:s>DateTime</a:s>
                  </a:s>
                  <a:s>></a:s>
               </a:s>
            </a:s>
         </annotation>
         <resultTypeSpecifier localId="223" xsi:type="IntervalTypeSpecifier">
            <pointType localId="224" name="t:DateTime" xsi:type="NamedTypeSpecifier"/>
         </resultTypeSpecifier>
         <parameterTypeSpecifier localId="219" locator="19:32-19:49" xsi:type="IntervalTypeSpecifier">
            <resultTypeSpecifier localId="221" xsi:type="IntervalTypeSpecifier">
               <pointType localId="222" name="t:DateTime" xsi:type="NamedTypeSpecifier"/>
            </resultTypeSpecifier>
            <pointType localId="220" locator="19:41-19:48" resultTypeName="t:DateTime" name="t:DateTime" xsi:type="NamedTypeSpecifier"/>
         </parameterTypeSpecifier>
      </def>
   </parameters>
   <codeSystems>
      <def localId="208" locator="8:1-8:55" resultTypeName="t:CodeSystem" name="SNOMEDCT" id="urn:oid:2.16.840.1.113883.6.96" accessLevel="Public">
         <annotation xsi:type="a:Annotation">
            <a:s r="208">
               <a:s>codesystem &quot;SNOMEDCT&quot;: 'urn:oid:2.16.840.1.113883.6.96'</a:s>
            </a:s>
         </annotation>
      </def>
   </codeSystems>
   <valueSets>
      <def localId="209" locator="10:1-10:86" resultTypeName="t:ValueSet" name="Encounter to Document Medications" id="urn:oid:2.16.840.1.113883.3.600.1.1834" accessLevel="Public">
         <annotation xsi:type="a:Annotation">
            <a:s r="209">
               <a:s>valueset &quot;Encounter to Document Medications&quot;: 'urn:oid:2.16.840.1.113883.3.600.1.1834'</a:s>
            </a:s>
         </annotation>
      </def>
      <def localId="210" locator="11:1-11:58" resultTypeName="t:ValueSet" name="Ethnicity" id="urn:oid:2.16.840.1.114222.4.11.837" accessLevel="Public">
         <annotation xsi:type="a:Annotation">
            <a:s r="210">
               <a:s>valueset &quot;Ethnicity&quot;: 'urn:oid:2.16.840.1.114222.4.11.837'</a:s>
            </a:s>
         </annotation>
      </def>
      <def localId="211" locator="12:1-12:79" resultTypeName="t:ValueSet" name="Federal Administrative Sex" id="urn:oid:2.16.840.1.113762.1.4.1021.121" accessLevel="Public">
         <annotation xsi:type="a:Annotation">
            <a:s r="211">
               <a:s>valueset &quot;Federal Administrative Sex&quot;: 'urn:oid:2.16.840.1.113762.1.4.1021.121'</a:s>
            </a:s>
         </annotation>
      </def>
      <def localId="212" locator="13:1-13:60" resultTypeName="t:ValueSet" name="Payer Type" id="urn:oid:2.16.840.1.114222.4.11.3591" accessLevel="Public">
         <annotation xsi:type="a:Annotation">
            <a:s r="212">
               <a:s>valueset &quot;Payer Type&quot;: 'urn:oid:2.16.840.1.114222.4.11.3591'</a:s>
            </a:s>
         </annotation>
      </def>
      <def localId="213" locator="14:1-14:53" resultTypeName="t:ValueSet" name="Race" id="urn:oid:2.16.840.1.114222.4.11.836" accessLevel="Public">
         <annotation xsi:type="a:Annotation">
            <a:s r="213">
               <a:s>valueset &quot;Race&quot;: 'urn:oid:2.16.840.1.114222.4.11.836'</a:s>
            </a:s>
         </annotation>
      </def>
   </valueSets>
   <codes>
      <def localId="214" locator="16:1-16:149" resultTypeName="t:Code" name="Documentation of current medications (procedure)" id="428191000124101" display="Documentation of current medications (procedure)" accessLevel="Public">
         <annotation xsi:type="a:Annotation">
            <a:s r="214">
               <a:s>code &quot;Documentation of current medications (procedure)&quot;: '428191000124101' from </a:s>
               <a:s r="215">
                  <a:s>&quot;SNOMEDCT&quot;</a:s>
               </a:s>
               <a:s> display 'Documentation of current medications (procedure)'</a:s>
            </a:s>
         </annotation>
         <codeSystem localId="215" locator="16:81-16:90" resultTypeName="t:CodeSystem" name="SNOMEDCT"/>
      </def>
      <def localId="216" locator="17:1-17:105" resultTypeName="t:Code" name="Acute health crisis (finding)" id="705016005" display="Acute health crisis (finding)" accessLevel="Public">
         <annotation xsi:type="a:Annotation">
            <a:s r="216">
               <a:s>code &quot;Acute health crisis (finding)&quot;: '705016005' from </a:s>
               <a:s r="217">
                  <a:s>&quot;SNOMEDCT&quot;</a:s>
               </a:s>
               <a:s> display 'Acute health crisis (finding)'</a:s>
            </a:s>
         </annotation>
         <codeSystem localId="217" locator="17:56-17:65" resultTypeName="t:CodeSystem" name="SNOMEDCT"/>
      </def>
   </codes>
   <contexts>
      <def localId="228" locator="21:1-21:15" name="Patient"/>
   </contexts>
   <statements>
      <def localId="226" locator="21:1-21:15" name="Patient" context="Patient">
         <expression localId="227" xsi:type="SingletonFrom">
            <operand localId="225" locator="21:1-21:15" xmlns:ns0="urn:healthit-gov:qdm:v5_6" dataType="ns0:Patient" templateId="Patient" xsi:type="Retrieve"/>
         </expression>
      </def>
      <def localId="230" locator="23:1-24:51" name="SDE Ethnicity" context="Patient" accessLevel="Public">
         <annotation xsi:type="a:Annotation">
            <a:s r="230">
               <a:s>define &quot;SDE Ethnicity&quot;:
  </a:s>
               <a:s r="233">
                  <a:s>[&quot;Patient Characteristic Ethnicity&quot;: </a:s>
                  <a:s>
                     <a:s>&quot;Ethnicity&quot;</a:s>
                  </a:s>
                  <a:s>]</a:s>
               </a:s>
            </a:s>
         </annotation>
         <resultTypeSpecifier localId="237" xsi:type="ListTypeSpecifier">
            <elementType localId="238" xmlns:ns1="urn:healthit-gov:qdm:v5_6" name="ns1:PatientCharacteristicEthnicity" xsi:type="NamedTypeSpecifier"/>
         </resultTypeSpecifier>
         <expression localId="233" locator="24:3-24:51" xmlns:ns2="urn:healthit-gov:qdm:v5_6" dataType="ns2:PatientCharacteristicEthnicity" codeProperty="code" codeComparator="in" xsi:type="Retrieve">
            <resultTypeSpecifier localId="235" xsi:type="ListTypeSpecifier">
               <elementType localId="236" xmlns:ns3="urn:healthit-gov:qdm:v5_6" name="ns3:PatientCharacteristicEthnicity" xsi:type="NamedTypeSpecifier"/>
            </resultTypeSpecifier>
            <codes localId="232" locator="24:40-24:50" resultTypeName="t:ValueSet" name="Ethnicity" preserve="true" xsi:type="ValueSetRef"/>
         </expression>
      </def>
      <def localId="240" locator="26:1-27:48" name="SDE Payer" context="Patient" accessLevel="Public">
         <annotation xsi:type="a:Annotation">
            <a:s r="240">
               <a:s>define &quot;SDE Payer&quot;:
  </a:s>
               <a:s r="243">
                  <a:s>[&quot;Patient Characteristic Payer&quot;: </a:s>
                  <a:s>
                     <a:s>&quot;Payer Type&quot;</a:s>
                  </a:s>
                  <a:s>]</a:s>
               </a:s>
            </a:s>
         </annotation>
         <resultTypeSpecifier localId="247" xsi:type="ListTypeSpecifier">
            <elementType localId="248" xmlns:ns4="urn:healthit-gov:qdm:v5_6" name="ns4:PatientCharacteristicPayer" xsi:type="NamedTypeSpecifier"/>
         </resultTypeSpecifier>
         <expression localId="243" locator="27:3-27:48" xmlns:ns5="urn:healthit-gov:qdm:v5_6" dataType="ns5:PatientCharacteristicPayer" codeProperty="code" codeComparator="in" xsi:type="Retrieve">
            <resultTypeSpecifier localId="245" xsi:type="ListTypeSpecifier">
               <elementType localId="246" xmlns:ns6="urn:healthit-gov:qdm:v5_6" name="ns6:PatientCharacteristicPayer" xsi:type="NamedTypeSpecifier"/>
            </resultTypeSpecifier>
            <codes localId="242" locator="27:36-27:47" resultTypeName="t:ValueSet" name="Payer Type" preserve="true" xsi:type="ValueSetRef"/>
         </expression>
      </def>
      <def localId="250" locator="29:1-30:41" name="SDE Race" context="Patient" accessLevel="Public">
         <annotation xsi:type="a:Annotation">
            <a:s r="250">
               <a:s>define &quot;SDE Race&quot;:
  </a:s>
               <a:s r="253">
                  <a:s>[&quot;Patient Characteristic Race&quot;: </a:s>
                  <a:s>
                     <a:s>&quot;Race&quot;</a:s>
                  </a:s>
                  <a:s>]</a:s>
               </a:s>
            </a:s>
         </annotation>
         <resultTypeSpecifier localId="257" xsi:type="ListTypeSpecifier">
            <elementType localId="258" xmlns:ns7="urn:healthit-gov:qdm:v5_6" name="ns7:PatientCharacteristicRace" xsi:type="NamedTypeSpecifier"/>
         </resultTypeSpecifier>
         <expression localId="253" locator="30:3-30:41" xmlns:ns8="urn:healthit-gov:qdm:v5_6" dataType="ns8:PatientCharacteristicRace" codeProperty="code" codeComparator="in" xsi:type="Retrieve">
            <resultTypeSpecifier localId="255" xsi:type="ListTypeSpecifier">
               <elementType localId="256" xmlns:ns9="urn:healthit-gov:qdm:v5_6" name="ns9:PatientCharacteristicRace" xsi:type="NamedTypeSpecifier"/>
            </resultTypeSpecifier>
            <codes localId="252" locator="30:35-30:40" resultTypeName="t:ValueSet" name="Race" preserve="true" xsi:type="ValueSetRef"/>
         </expression>
      </def>
      <def localId="260" locator="32:1-33:62" name="SDE Sex" context="Patient" accessLevel="Public">
         <annotation xsi:type="a:Annotation">
            <a:s r="260">
               <a:s>define &quot;SDE Sex&quot;:
  </a:s>
               <a:s r="263">
                  <a:s>[&quot;Patient Characteristic Sex&quot;: </a:s>
                  <a:s>
                     <a:s>&quot;Federal Administrative Sex&quot;</a:s>
                  </a:s>
                  <a:s>]</a:s>
               </a:s>
            </a:s>
         </annotation>
         <resultTypeSpecifier localId="267" xsi:type="ListTypeSpecifier">
            <elementType localId="268" xmlns:ns10="urn:healthit-gov:qdm:v5_6" name="ns10:PatientCharacteristicSex" xsi:type="NamedTypeSpecifier"/>
         </resultTypeSpecifier>
         <expression localId="263" locator="33:3-33:62" xmlns:ns11="urn:healthit-gov:qdm:v5_6" dataType="ns11:PatientCharacteristicSex" codeProperty="code" codeComparator="in" xsi:type="Retrieve">
            <resultTypeSpecifier localId="265" xsi:type="ListTypeSpecifier">
               <elementType localId="266" xmlns:ns12="urn:healthit-gov:qdm:v5_6" name="ns12:PatientCharacteristicSex" xsi:type="NamedTypeSpecifier"/>
            </resultTypeSpecifier>
            <codes localId="262" locator="33:34-33:61" resultTypeName="t:ValueSet" name="Federal Administrative Sex" preserve="true" xsi:type="ValueSetRef"/>
         </expression>
      </def>
      <def localId="275" locator="38:1-40:74" name="Qualifying Encounter During Day of Measurement Period" context="Patient" accessLevel="Public">
         <annotation xsi:type="a:Annotation">
            <a:s r="275">
               <a:s>define &quot;Qualifying Encounter During Day of Measurement Period&quot;:
  </a:s>
               <a:s r="298">
                  <a:s>
                     <a:s r="276">
                        <a:s r="279">
                           <a:s r="279">
                              <a:s>[&quot;Encounter, Performed&quot;: </a:s>
                              <a:s>
                                 <a:s>&quot;Encounter to Document Medications&quot;</a:s>
                              </a:s>
                              <a:s>]</a:s>
                           </a:s>
                        </a:s>
                        <a:s> ValidEncounter</a:s>
                     </a:s>
                  </a:s>
                  <a:s>
    </a:s>
                  <a:s r="296">
                     <a:s>where </a:s>
                     <a:s r="296">
                        <a:s r="288">
                           <a:s r="287">
                              <a:s>ValidEncounter</a:s>
                           </a:s>
                           <a:s>.</a:s>
                           <a:s r="288">
                              <a:s>relevantPeriod</a:s>
                           </a:s>
                        </a:s>
                        <a:s r="296"> during day of </a:s>
                        <a:s r="293">
                           <a:s>&quot;Measurement Period&quot;</a:s>
                        </a:s>
                     </a:s>
                  </a:s>
               </a:s>
            </a:s>
         </annotation>
         <resultTypeSpecifier localId="318" xsi:type="ListTypeSpecifier">
            <elementType localId="319" xmlns:ns13="urn:healthit-gov:qdm:v5_6" name="ns13:PositiveEncounterPerformed" xsi:type="NamedTypeSpecifier"/>
         </resultTypeSpecifier>
         <expression localId="298" locator="39:3-40:74" xsi:type="Query">
            <resultTypeSpecifier localId="299" xsi:type="ListTypeSpecifier">
               <elementType localId="300" xmlns:ns14="urn:healthit-gov:qdm:v5_6" name="ns14:PositiveEncounterPerformed" xsi:type="NamedTypeSpecifier"/>
            </resultTypeSpecifier>
            <source localId="276" locator="39:3-39:78" alias="ValidEncounter">
               <resultTypeSpecifier localId="285" xsi:type="ListTypeSpecifier">
                  <elementType localId="286" xmlns:ns15="urn:healthit-gov:qdm:v5_6" name="ns15:PositiveEncounterPerformed" xsi:type="NamedTypeSpecifier"/>
               </resultTypeSpecifier>
               <expression localId="279" locator="39:3-39:63" xmlns:ns16="urn:healthit-gov:qdm:v5_6" dataType="ns16:PositiveEncounterPerformed" templateId="PositiveEncounterPerformed" codeProperty="code" codeComparator="in" xsi:type="Retrieve">
                  <resultTypeSpecifier localId="283" xsi:type="ListTypeSpecifier">
                     <elementType localId="284" xmlns:ns17="urn:healthit-gov:qdm:v5_6" name="ns17:PositiveEncounterPerformed" xsi:type="NamedTypeSpecifier"/>
                  </resultTypeSpecifier>
                  <codes localId="278" locator="39:28-39:62" resultTypeName="t:ValueSet" name="Encounter to Document Medications" preserve="true" xsi:type="ValueSetRef"/>
               </expression>
            </source>
            <where localId="296" locator="40:5-40:74" resultTypeName="t:Boolean" precision="Day" xsi:type="IncludedIn">
               <operand localId="288" locator="40:11-40:39" path="relevantPeriod" scope="ValidEncounter" xsi:type="Property">
                  <resultTypeSpecifier localId="291" xsi:type="IntervalTypeSpecifier">
                     <pointType localId="292" name="t:DateTime" xsi:type="NamedTypeSpecifier"/>
                  </resultTypeSpecifier>
               </operand>
               <operand localId="293" locator="40:55-40:74" name="Measurement Period" xsi:type="ParameterRef">
                  <resultTypeSpecifier localId="294" xsi:type="IntervalTypeSpecifier">
                     <pointType localId="295" name="t:DateTime" xsi:type="NamedTypeSpecifier"/>
                  </resultTypeSpecifier>
               </operand>
            </where>
         </expression>
      </def>
      <def localId="272" locator="49:1-50:77" name="Initial Population" context="Patient" accessLevel="Public">
         <annotation xsi:type="a:Annotation">
            <a:s r="272">
               <a:s>define &quot;Initial Population&quot;:
  </a:s>
               <a:s r="308">
                  <a:s>
                     <a:s r="273">
                        <a:s r="303">
                           <a:s>
                              <a:s>&quot;Qualifying Encounter During Day of Measurement Period&quot;</a:s>
                           </a:s>
                        </a:s>
                        <a:s> QualifyingEncounter</a:s>
                     </a:s>
                  </a:s>
               </a:s>
            </a:s>
         </annotation>
         <resultTypeSpecifier localId="397" xsi:type="ListTypeSpecifier">
            <elementType localId="398" xmlns:ns18="urn:healthit-gov:qdm:v5_6" name="ns18:PositiveEncounterPerformed" xsi:type="NamedTypeSpecifier"/>
         </resultTypeSpecifier>
         <expression localId="308" locator="50:3-50:77" xsi:type="Query">
            <resultTypeSpecifier localId="309" xsi:type="ListTypeSpecifier">
               <elementType localId="310" xmlns:ns19="urn:healthit-gov:qdm:v5_6" name="ns19:PositiveEncounterPerformed" xsi:type="NamedTypeSpecifier"/>
            </resultTypeSpecifier>
            <source localId="273" locator="50:3-50:77" alias="QualifyingEncounter">
               <resultTypeSpecifier localId="306" xsi:type="ListTypeSpecifier">
                  <elementType localId="307" xmlns:ns20="urn:healthit-gov:qdm:v5_6" name="ns20:PositiveEncounterPerformed" xsi:type="NamedTypeSpecifier"/>
               </resultTypeSpecifier>
               <expression localId="303" locator="50:3-50:57" name="Qualifying Encounter During Day of Measurement Period" xsi:type="ExpressionRef">
                  <resultTypeSpecifier localId="304" xsi:type="ListTypeSpecifier">
                     <elementType localId="305" xmlns:ns21="urn:healthit-gov:qdm:v5_6" name="ns21:PositiveEncounterPerformed" xsi:type="NamedTypeSpecifier"/>
                  </resultTypeSpecifier>
               </expression>
            </source>
         </expression>
      </def>
      <def localId="270" locator="35:1-36:22" name="Denominator" context="Patient" accessLevel="Public">
         <annotation xsi:type="a:Annotation">
            <a:s r="270">
               <a:s>define &quot;Denominator&quot;:
  </a:s>
               <a:s r="313">
                  <a:s>&quot;Initial Population&quot;</a:s>
               </a:s>
            </a:s>
         </annotation>
         <resultTypeSpecifier localId="316" xsi:type="ListTypeSpecifier">
            <elementType localId="317" xmlns:ns22="urn:healthit-gov:qdm:v5_6" name="ns22:PositiveEncounterPerformed" xsi:type="NamedTypeSpecifier"/>
         </resultTypeSpecifier>
         <expression localId="313" locator="36:3-36:22" name="Initial Population" xsi:type="ExpressionRef">
            <resultTypeSpecifier localId="314" xsi:type="ListTypeSpecifier">
               <elementType localId="315" xmlns:ns23="urn:healthit-gov:qdm:v5_6" name="ns23:PositiveEncounterPerformed" xsi:type="NamedTypeSpecifier"/>
            </resultTypeSpecifier>
         </expression>
      </def>
      <def localId="321" locator="42:1-47:88" name="Denominator Exceptions" context="Patient" accessLevel="Public">
         <annotation xsi:type="a:Annotation">
            <a:s r="321">
               <a:s>define &quot;Denominator Exceptions&quot;:
  </a:s>
               <a:s r="392">
                  <a:s>
                     <a:s r="322">
                        <a:s r="323">
                           <a:s>
                              <a:s>&quot;Qualifying Encounter During Day of Measurement Period&quot;</a:s>
                           </a:s>
                        </a:s>
                        <a:s> QualifyingEncounter</a:s>
                     </a:s>
                  </a:s>
                  <a:s>
    </a:s>
                  <a:s r="387">
                     <a:s>with </a:s>
                     <a:s r="328">
                        <a:s r="353">
                           <a:s>( </a:s>
                           <a:s r="353">
                              <a:s r="331">
                                 <a:s>[&quot;Procedure, Not Performed&quot;: </a:s>
                                 <a:s>
                                    <a:s>&quot;Documentation of current medications (procedure)&quot;</a:s>
                                 </a:s>
                                 <a:s>]</a:s>
                              </a:s>
                              <a:s>
      union </a:s>
                              <a:s r="338">
                                 <a:s>[&quot;Intervention, Not Performed&quot;: </a:s>
                                 <a:s>
                                    <a:s>&quot;Documentation of current medications (procedure)&quot;</a:s>
                                 </a:s>
                                 <a:s>]</a:s>
                              </a:s>
                           </a:s>
                           <a:s> )</a:s>
                        </a:s>
                        <a:s> MedicationsNotDocumented</a:s>
                     </a:s>
                     <a:s>
      such that </a:s>
                     <a:s r="366">
                        <a:s r="379">
                           <a:s r="371">
                              <a:s r="367">
                                 <a:s>MedicationsNotDocumented</a:s>
                              </a:s>
                              <a:s>.</a:s>
                              <a:s r="371">
                                 <a:s>authorDatetime</a:s>
                              </a:s>
                           </a:s>
                           <a:s r="379"> during day of </a:s>
                           <a:s r="373">
                              <a:s r="372">
                                 <a:s>QualifyingEncounter</a:s>
                              </a:s>
                              <a:s>.</a:s>
                              <a:s r="373">
                                 <a:s>relevantPeriod</a:s>
                              </a:s>
                           </a:s>
                        </a:s>
                        <a:s>
        and </a:s>
                        <a:s r="380">
                           <a:s r="385">
                              <a:s r="381">
                                 <a:s>MedicationsNotDocumented</a:s>
                              </a:s>
                              <a:s>.</a:s>
                              <a:s r="385">
                                 <a:s>negationRationale</a:s>
                              </a:s>
                           </a:s>
                           <a:s> = </a:s>
                           <a:s r="386">
                              <a:s>&quot;Acute health crisis (finding)&quot;</a:s>
                           </a:s>
                        </a:s>
                     </a:s>
                  </a:s>
               </a:s>
            </a:s>
         </annotation>
         <resultTypeSpecifier localId="395" xsi:type="ListTypeSpecifier">
            <elementType localId="396" xmlns:ns24="urn:healthit-gov:qdm:v5_6" name="ns24:PositiveEncounterPerformed" xsi:type="NamedTypeSpecifier"/>
         </resultTypeSpecifier>
         <expression localId="392" locator="43:3-47:88" xsi:type="Query">
            <resultTypeSpecifier localId="393" xsi:type="ListTypeSpecifier">
               <elementType localId="394" xmlns:ns25="urn:healthit-gov:qdm:v5_6" name="ns25:PositiveEncounterPerformed" xsi:type="NamedTypeSpecifier"/>
            </resultTypeSpecifier>
            <source localId="322" locator="43:3-43:77" alias="QualifyingEncounter">
               <resultTypeSpecifier localId="326" xsi:type="ListTypeSpecifier">
                  <elementType localId="327" xmlns:ns26="urn:healthit-gov:qdm:v5_6" name="ns26:PositiveEncounterPerformed" xsi:type="NamedTypeSpecifier"/>
               </resultTypeSpecifier>
               <expression localId="323" locator="43:3-43:57" name="Qualifying Encounter During Day of Measurement Period" xsi:type="ExpressionRef">
                  <resultTypeSpecifier localId="324" xsi:type="ListTypeSpecifier">
                     <elementType localId="325" xmlns:ns27="urn:healthit-gov:qdm:v5_6" name="ns27:PositiveEncounterPerformed" xsi:type="NamedTypeSpecifier"/>
                  </resultTypeSpecifier>
               </expression>
            </source>
            <relationship localId="387" locator="44:5-47:88" alias="MedicationsNotDocumented" xsi:type="With">
               <resultTypeSpecifier localId="388" xsi:type="ListTypeSpecifier">
                  <elementType localId="389" xsi:type="ChoiceTypeSpecifier">
                     <choice localId="390" xmlns:ns28="urn:healthit-gov:qdm:v5_6" name="ns28:NegativeInterventionPerformed" xsi:type="NamedTypeSpecifier"/>
                     <choice localId="391" xmlns:ns29="urn:healthit-gov:qdm:v5_6" name="ns29:NegativeProcedurePerformed" xsi:type="NamedTypeSpecifier"/>
                  </elementType>
               </resultTypeSpecifier>
               <expression localId="353" locator="44:10-45:97" xsi:type="Union">
                  <resultTypeSpecifier localId="358" xsi:type="ListTypeSpecifier">
                     <elementType localId="359" xsi:type="ChoiceTypeSpecifier">
                        <choice localId="360" xmlns:ns30="urn:healthit-gov:qdm:v5_6" name="ns30:NegativeInterventionPerformed" xsi:type="NamedTypeSpecifier"/>
                        <choice localId="361" xmlns:ns31="urn:healthit-gov:qdm:v5_6" name="ns31:NegativeProcedurePerformed" xsi:type="NamedTypeSpecifier"/>
                     </elementType>
                  </resultTypeSpecifier>
                  <operand localId="343" xsi:type="As">
                     <operand localId="331" locator="44:12-44:91" xmlns:ns32="urn:healthit-gov:qdm:v5_6" dataType="ns32:NegativeProcedurePerformed" templateId="NegativeProcedurePerformed" codeProperty="code" codeComparator="~" xsi:type="Retrieve">
                        <resultTypeSpecifier localId="334" xsi:type="ListTypeSpecifier">
                           <elementType localId="335" xmlns:ns33="urn:healthit-gov:qdm:v5_6" name="ns33:NegativeProcedurePerformed" xsi:type="NamedTypeSpecifier"/>
                        </resultTypeSpecifier>
                        <codes localId="333" xsi:type="ToList">
                           <operand localId="330" locator="44:41-44:90" resultTypeName="t:Code" name="Documentation of current medications (procedure)" xsi:type="CodeRef"/>
                        </codes>
                     </operand>
                     <asTypeSpecifier localId="344" xsi:type="ListTypeSpecifier">
                        <elementType localId="345" xsi:type="ChoiceTypeSpecifier">
                           <choice localId="346" xmlns:ns34="urn:healthit-gov:qdm:v5_6" name="ns34:NegativeInterventionPerformed" xsi:type="NamedTypeSpecifier"/>
                           <choice localId="347" xmlns:ns35="urn:healthit-gov:qdm:v5_6" name="ns35:NegativeProcedurePerformed" xsi:type="NamedTypeSpecifier"/>
                        </elementType>
                     </asTypeSpecifier>
                  </operand>
                  <operand localId="348" xsi:type="As">
                     <operand localId="338" locator="45:13-45:95" xmlns:ns36="urn:healthit-gov:qdm:v5_6" dataType="ns36:NegativeInterventionPerformed" templateId="NegativeInterventionPerformed" codeProperty="code" codeComparator="~" xsi:type="Retrieve">
                        <resultTypeSpecifier localId="341" xsi:type="ListTypeSpecifier">
                           <elementType localId="342" xmlns:ns37="urn:healthit-gov:qdm:v5_6" name="ns37:NegativeInterventionPerformed" xsi:type="NamedTypeSpecifier"/>
                        </resultTypeSpecifier>
                        <codes localId="340" xsi:type="ToList">
                           <operand localId="337" locator="45:45-45:94" resultTypeName="t:Code" name="Documentation of current medications (procedure)" xsi:type="CodeRef"/>
                        </codes>
                     </operand>
                     <asTypeSpecifier localId="349" xsi:type="ListTypeSpecifier">
                        <elementType localId="350" xsi:type="ChoiceTypeSpecifier">
                           <choice localId="351" xmlns:ns38="urn:healthit-gov:qdm:v5_6" name="ns38:NegativeInterventionPerformed" xsi:type="NamedTypeSpecifier"/>
                           <choice localId="352" xmlns:ns39="urn:healthit-gov:qdm:v5_6" name="ns39:NegativeProcedurePerformed" xsi:type="NamedTypeSpecifier"/>
                        </elementType>
                     </asTypeSpecifier>
                  </operand>
               </expression>
               <suchThat localId="366" locator="46:17-47:88" resultTypeName="t:Boolean" xsi:type="And">
                  <operand localId="379" locator="46:17-46:104" resultTypeName="t:Boolean" precision="Day" xsi:type="In">
                     <operand localId="371" locator="46:17-46:55" resultTypeName="t:DateTime" path="authorDatetime" scope="MedicationsNotDocumented" xsi:type="Property"/>
                     <operand localId="373" locator="46:71-46:104" path="relevantPeriod" scope="QualifyingEncounter" xsi:type="Property">
                        <resultTypeSpecifier localId="376" xsi:type="IntervalTypeSpecifier">
                           <pointType localId="377" name="t:DateTime" xsi:type="NamedTypeSpecifier"/>
                        </resultTypeSpecifier>
                     </operand>
                  </operand>
                  <operand localId="380" locator="47:13-47:88" resultTypeName="t:Boolean" xsi:type="Equal">
                     <operand localId="385" locator="47:13-47:54" resultTypeName="t:Code" path="negationRationale" scope="MedicationsNotDocumented" xsi:type="Property"/>
                     <operand localId="386" locator="47:58-47:88" resultTypeName="t:Code" name="Acute health crisis (finding)" xsi:type="CodeRef"/>
                  </operand>
               </suchThat>
            </relationship>
         </expression>
      </def>
      <def localId="400" locator="52:1-57:137" name="Numerator" context="Patient" accessLevel="Public">
         <annotation xsi:type="a:Annotation">
            <a:s r="400">
               <a:s>define &quot;Numerator&quot;:
  </a:s>
               <a:s r="497">
                  <a:s>
                     <a:s r="401">
                        <a:s r="402">
                           <a:s>
                              <a:s>&quot;Qualifying Encounter During Day of Measurement Period&quot;</a:s>
                           </a:s>
                        </a:s>
                        <a:s> QualifyingEncounter</a:s>
                     </a:s>
                  </a:s>
                  <a:s>
    </a:s>
                  <a:s r="492">
                     <a:s>with </a:s>
                     <a:s r="407">
                        <a:s r="432">
                           <a:s>( </a:s>
                           <a:s r="432">
                              <a:s r="410">
                                 <a:s>[&quot;Procedure, Performed&quot;: </a:s>
                                 <a:s>
                                    <a:s>&quot;Documentation of current medications (procedure)&quot;</a:s>
                                 </a:s>
                                 <a:s>]</a:s>
                              </a:s>
                              <a:s>
      union </a:s>
                              <a:s r="417">
                                 <a:s>[&quot;Intervention, Performed&quot;: </a:s>
                                 <a:s>
                                    <a:s>&quot;Documentation of current medications (procedure)&quot;</a:s>
                                 </a:s>
                                 <a:s>]</a:s>
                              </a:s>
                           </a:s>
                           <a:s> )</a:s>
                        </a:s>
                        <a:s> MedicationsDocumented</a:s>
                     </a:s>
                     <a:s>
      such that </a:s>
                     <a:s r="445">
                        <a:s r="469">
                           <a:s r="461">
                              <a:s r="446">
                                 <a:s>Global</a:s>
                              </a:s>
                              <a:s>.</a:s>
                              <a:s r="461">
                                 <a:s>&quot;EarliestOf&quot; ( </a:s>
                                 <a:s r="451">
                                    <a:s r="447">
                                       <a:s>MedicationsDocumented</a:s>
                                    </a:s>
                                    <a:s>.</a:s>
                                    <a:s r="451">
                                       <a:s>relevantDatetime</a:s>
                                    </a:s>
                                 </a:s>
                                 <a:s>, </a:s>
                                 <a:s r="456">
                                    <a:s r="452">
                                       <a:s>MedicationsDocumented</a:s>
                                    </a:s>
                                    <a:s>.</a:s>
                                    <a:s r="456">
                                       <a:s>relevantPeriod</a:s>
                                    </a:s>
                                 </a:s>
                                 <a:s> )</a:s>
                              </a:s>
                           </a:s>
                           <a:s r="469"> during day of </a:s>
                           <a:s r="463">
                              <a:s r="462">
                                 <a:s>QualifyingEncounter</a:s>
                              </a:s>
                              <a:s>.</a:s>
                              <a:s r="463">
                                 <a:s>relevantPeriod</a:s>
                              </a:s>
                           </a:s>
                        </a:s>
                        <a:s>
      and </a:s>
                        <a:s r="491">
                           <a:s r="470">
                              <a:s>Global</a:s>
                           </a:s>
                           <a:s>.</a:s>
                           <a:s r="491">
                              <a:s>&quot;HasEnd&quot; ( </a:s>
                              <a:s r="486">
                                 <a:s r="471">
                                    <a:s>Global</a:s>
                                 </a:s>
                                 <a:s>.</a:s>
                                 <a:s r="486">
                                    <a:s>&quot;NormalizeInterval&quot; ( </a:s>
                                    <a:s r="476">
                                       <a:s r="472">
                                          <a:s>MedicationsDocumented</a:s>
                                       </a:s>
                                       <a:s>.</a:s>
                                       <a:s r="476">
                                          <a:s>relevantDatetime</a:s>
                                       </a:s>
                                    </a:s>
                                    <a:s>, </a:s>
                                    <a:s r="481">
                                       <a:s r="477">
                                          <a:s>MedicationsDocumented</a:s>
                                       </a:s>
                                       <a:s>.</a:s>
                                       <a:s r="481">
                                          <a:s>relevantPeriod</a:s>
                                       </a:s>
                                    </a:s>
                                    <a:s> )</a:s>
                                 </a:s>
                              </a:s>
                              <a:s> )</a:s>
                           </a:s>
                        </a:s>
                     </a:s>
                  </a:s>
               </a:s>
            </a:s>
         </annotation>
         <resultTypeSpecifier localId="500" xsi:type="ListTypeSpecifier">
            <elementType localId="501" xmlns:ns40="urn:healthit-gov:qdm:v5_6" name="ns40:PositiveEncounterPerformed" xsi:type="NamedTypeSpecifier"/>
         </resultTypeSpecifier>
         <expression localId="497" locator="53:3-57:137" xsi:type="Query">
            <resultTypeSpecifier localId="498" xsi:type="ListTypeSpecifier">
               <elementType localId="499" xmlns:ns41="urn:healthit-gov:qdm:v5_6" name="ns41:PositiveEncounterPerformed" xsi:type="NamedTypeSpecifier"/>
            </resultTypeSpecifier>
            <source localId="401" locator="53:3-53:77" alias="QualifyingEncounter">
               <resultTypeSpecifier localId="405" xsi:type="ListTypeSpecifier">
                  <elementType localId="406" xmlns:ns42="urn:healthit-gov:qdm:v5_6" name="ns42:PositiveEncounterPerformed" xsi:type="NamedTypeSpecifier"/>
               </resultTypeSpecifier>
               <expression localId="402" locator="53:3-53:57" name="Qualifying Encounter During Day of Measurement Period" xsi:type="ExpressionRef">
                  <resultTypeSpecifier localId="403" xsi:type="ListTypeSpecifier">
                     <elementType localId="404" xmlns:ns43="urn:healthit-gov:qdm:v5_6" name="ns43:PositiveEncounterPerformed" xsi:type="NamedTypeSpecifier"/>
                  </resultTypeSpecifier>
               </expression>
            </source>
            <relationship localId="492" locator="54:5-57:137" alias="MedicationsDocumented" xsi:type="With">
               <resultTypeSpecifier localId="493" xsi:type="ListTypeSpecifier">
                  <elementType localId="494" xsi:type="ChoiceTypeSpecifier">
                     <choice localId="495" xmlns:ns44="urn:healthit-gov:qdm:v5_6" name="ns44:PositiveInterventionPerformed" xsi:type="NamedTypeSpecifier"/>
                     <choice localId="496" xmlns:ns45="urn:healthit-gov:qdm:v5_6" name="ns45:PositiveProcedurePerformed" xsi:type="NamedTypeSpecifier"/>
                  </elementType>
               </resultTypeSpecifier>
               <expression localId="432" locator="54:10-55:93" xsi:type="Union">
                  <resultTypeSpecifier localId="437" xsi:type="ListTypeSpecifier">
                     <elementType localId="438" xsi:type="ChoiceTypeSpecifier">
                        <choice localId="439" xmlns:ns46="urn:healthit-gov:qdm:v5_6" name="ns46:PositiveInterventionPerformed" xsi:type="NamedTypeSpecifier"/>
                        <choice localId="440" xmlns:ns47="urn:healthit-gov:qdm:v5_6" name="ns47:PositiveProcedurePerformed" xsi:type="NamedTypeSpecifier"/>
                     </elementType>
                  </resultTypeSpecifier>
                  <operand localId="422" xsi:type="As">
                     <operand localId="410" locator="54:12-54:87" xmlns:ns48="urn:healthit-gov:qdm:v5_6" dataType="ns48:PositiveProcedurePerformed" templateId="PositiveProcedurePerformed" codeProperty="code" codeComparator="~" xsi:type="Retrieve">
                        <resultTypeSpecifier localId="413" xsi:type="ListTypeSpecifier">
                           <elementType localId="414" xmlns:ns49="urn:healthit-gov:qdm:v5_6" name="ns49:PositiveProcedurePerformed" xsi:type="NamedTypeSpecifier"/>
                        </resultTypeSpecifier>
                        <codes localId="412" xsi:type="ToList">
                           <operand localId="409" locator="54:37-54:86" resultTypeName="t:Code" name="Documentation of current medications (procedure)" xsi:type="CodeRef"/>
                        </codes>
                     </operand>
                     <asTypeSpecifier localId="423" xsi:type="ListTypeSpecifier">
                        <elementType localId="424" xsi:type="ChoiceTypeSpecifier">
                           <choice localId="425" xmlns:ns50="urn:healthit-gov:qdm:v5_6" name="ns50:PositiveInterventionPerformed" xsi:type="NamedTypeSpecifier"/>
                           <choice localId="426" xmlns:ns51="urn:healthit-gov:qdm:v5_6" name="ns51:PositiveProcedurePerformed" xsi:type="NamedTypeSpecifier"/>
                        </elementType>
                     </asTypeSpecifier>
                  </operand>
                  <operand localId="427" xsi:type="As">
                     <operand localId="417" locator="55:13-55:91" xmlns:ns52="urn:healthit-gov:qdm:v5_6" dataType="ns52:PositiveInterventionPerformed" templateId="PositiveInterventionPerformed" codeProperty="code" codeComparator="~" xsi:type="Retrieve">
                        <resultTypeSpecifier localId="420" xsi:type="ListTypeSpecifier">
                           <elementType localId="421" xmlns:ns53="urn:healthit-gov:qdm:v5_6" name="ns53:PositiveInterventionPerformed" xsi:type="NamedTypeSpecifier"/>
                        </resultTypeSpecifier>
                        <codes localId="419" xsi:type="ToList">
                           <operand localId="416" locator="55:41-55:90" resultTypeName="t:Code" name="Documentation of current medications (procedure)" xsi:type="CodeRef"/>
                        </codes>
                     </operand>
                     <asTypeSpecifier localId="428" xsi:type="ListTypeSpecifier">
                        <elementType localId="429" xsi:type="ChoiceTypeSpecifier">
                           <choice localId="430" xmlns:ns54="urn:healthit-gov:qdm:v5_6" name="ns54:PositiveInterventionPerformed" xsi:type="NamedTypeSpecifier"/>
                           <choice localId="431" xmlns:ns55="urn:healthit-gov:qdm:v5_6" name="ns55:PositiveProcedurePerformed" xsi:type="NamedTypeSpecifier"/>
                        </elementType>
                     </asTypeSpecifier>
                  </operand>
               </expression>
               <suchThat localId="445" locator="56:17-57:137" resultTypeName="t:Boolean" xsi:type="And">
                  <operand localId="469" locator="56:17-56:165" resultTypeName="t:Boolean" precision="Day" xsi:type="In">
                     <operand localId="461" locator="56:17-56:116" resultTypeName="t:DateTime" name="EarliestOf" libraryName="Global" xsi:type="FunctionRef">
                        <operand localId="451" locator="56:39-56:76" resultTypeName="t:DateTime" path="relevantDatetime" scope="MedicationsDocumented" xsi:type="Property"/>
                        <operand localId="456" locator="56:79-56:114" path="relevantPeriod" scope="MedicationsDocumented" xsi:type="Property">
                           <resultTypeSpecifier localId="459" xsi:type="IntervalTypeSpecifier">
                              <pointType localId="460" name="t:DateTime" xsi:type="NamedTypeSpecifier"/>
                           </resultTypeSpecifier>
                        </operand>
                     </operand>
                     <operand localId="463" locator="56:132-56:165" path="relevantPeriod" scope="QualifyingEncounter" xsi:type="Property">
                        <resultTypeSpecifier localId="466" xsi:type="IntervalTypeSpecifier">
                           <pointType localId="467" name="t:DateTime" xsi:type="NamedTypeSpecifier"/>
                        </resultTypeSpecifier>
                     </operand>
                  </operand>
                  <operand localId="491" locator="57:11-57:137" resultTypeName="t:Boolean" name="HasEnd" libraryName="Global" xsi:type="FunctionRef">
                     <operand localId="486" locator="57:29-57:135" name="NormalizeInterval" libraryName="Global" xsi:type="FunctionRef">
                        <resultTypeSpecifier localId="489" xsi:type="IntervalTypeSpecifier">
                           <pointType localId="490" name="t:DateTime" xsi:type="NamedTypeSpecifier"/>
                        </resultTypeSpecifier>
                        <operand localId="476" locator="57:58-57:95" resultTypeName="t:DateTime" path="relevantDatetime" scope="MedicationsDocumented" xsi:type="Property"/>
                        <operand localId="481" locator="57:98-57:133" path="relevantPeriod" scope="MedicationsDocumented" xsi:type="Property">
                           <resultTypeSpecifier localId="484" xsi:type="IntervalTypeSpecifier">
                              <pointType localId="485" name="t:DateTime" xsi:type="NamedTypeSpecifier"/>
                           </resultTypeSpecifier>
                        </operand>
                     </operand>
                  </operand>
               </suchThat>
            </relationship>
         </expression>
      </def>
   </statements>
</library>
