<?xml version="1.0" encoding="UTF-8"?>
<library xmlns="urn:hl7-org:elm:r1" xmlns:t="urn:hl7-org:elm-types:r1" xmlns:xsi="http://www.w3.org/2001/XMLSchema-instance" xmlns:xsd="http://www.w3.org/2001/XMLSchema" xmlns:fhir="http://hl7.org/fhir" xmlns:qdm43="urn:healthit-gov:qdm:v4_3" xmlns:qdm53="urn:healthit-gov:qdm:v5_3" xmlns:a="urn:hl7-org:cql-annotations:r1">
   <annotation translatorOptions="EnableAnnotations,EnableLocators,DisableListDemotion,DisableListPromotion,DisableMethodInvocation" xsi:type="a:CqlToElmInfo"/>
   <annotation xsi:type="a:Annotation">
      <a:s r="205">
         <a:s>library DRCommunicationWithPhysicianManagingDiabetes version '13.1.000'</a:s>
      </a:s>
   </annotation>
   <identifier id="DRCommunicationWithPhysicianManagingDiabetes" version="13.1.000"/>
   <schemaIdentifier id="urn:hl7-org:elm" version="r1"/>
   <usings>
      <def localIdentifier="System" uri="urn:hl7-org:elm-types:r1"/>
      <def localId="1" locator="3:1-3:23" localIdentifier="QDM" uri="urn:healthit-gov:qdm:v5_6" version="5.6">
         <annotation xsi:type="a:Annotation">
            <a:s r="1">
               <a:s>using </a:s>
               <a:s>
                  <a:s>QDM</a:s>
               </a:s>
               <a:s> version '5.6'</a:s>
            </a:s>
         </annotation>
      </def>
   </usings>
   <includes>
      <def localId="2" locator="5:1-5:67" localIdentifier="Global" path="MATGlobalCommonFunctionsQDM" version="8.0.000">
         <annotation xsi:type="a:Annotation">
            <a:s r="2">
               <a:s>include </a:s>
               <a:s>
                  <a:s>MATGlobalCommonFunctionsQDM</a:s>
               </a:s>
               <a:s> version '8.0.000' called Global</a:s>
            </a:s>
         </annotation>
      </def>
   </includes>
   <parameters>
      <def localId="26" locator="29:1-29:49" name="Measurement Period" accessLevel="Public">
         <annotation xsi:type="a:Annotation">
            <a:s r="26">
               <a:s>parameter &quot;Measurement Period&quot; </a:s>
               <a:s r="25">
                  <a:s>Interval&lt;</a:s>
                  <a:s r="24">
                     <a:s>DateTime</a:s>
                  </a:s>
                  <a:s>></a:s>
               </a:s>
            </a:s>
         </annotation>
         <parameterTypeSpecifier localId="25" locator="29:32-29:49" xsi:type="IntervalTypeSpecifier">
            <pointType localId="24" locator="29:41-29:48" name="t:DateTime" xsi:type="NamedTypeSpecifier"/>
         </parameterTypeSpecifier>
      </def>
   </parameters>
   <codeSystems>
      <def localId="3" locator="7:1-7:55" name="SNOMEDCT" id="urn:oid:2.16.840.1.113883.6.96" accessLevel="Public">
         <annotation xsi:type="a:Annotation">
            <a:s r="3">
               <a:s>codesystem &quot;SNOMEDCT&quot;: 'urn:oid:2.16.840.1.113883.6.96'</a:s>
            </a:s>
         </annotation>
      </def>
      <def localId="4" locator="8:1-8:53" name="ActCode" id="urn:oid:2.16.840.1.113883.5.4" accessLevel="Public">
         <annotation xsi:type="a:Annotation">
            <a:s r="4">
               <a:s>codesystem &quot;ActCode&quot;: 'urn:oid:2.16.840.1.113883.5.4'</a:s>
            </a:s>
         </annotation>
      </def>
   </codeSystems>
   <valueSets>
      <def localId="5" locator="10:1-10:110" name="Care Services in Long Term Residential Facility" id="urn:oid:2.16.840.1.113883.3.464.1003.101.12.1014" accessLevel="Public">
         <annotation xsi:type="a:Annotation">
            <a:s r="5">
               <a:s>valueset &quot;Care Services in Long Term Residential Facility&quot;: 'urn:oid:2.16.840.1.113883.3.464.1003.101.12.1014'</a:s>
            </a:s>
         </annotation>
      </def>
      <def localId="6" locator="11:1-11:72" name="Diabetic Retinopathy" id="urn:oid:2.16.840.1.113883.3.526.3.327" accessLevel="Public">
         <annotation xsi:type="a:Annotation">
            <a:s r="6">
               <a:s>valueset &quot;Diabetic Retinopathy&quot;: 'urn:oid:2.16.840.1.113883.3.526.3.327'</a:s>
            </a:s>
         </annotation>
      </def>
      <def localId="7" locator="12:1-12:58" name="Ethnicity" id="urn:oid:2.16.840.1.114222.4.11.837" accessLevel="Public">
         <annotation xsi:type="a:Annotation">
            <a:s r="7">
               <a:s>valueset &quot;Ethnicity&quot;: 'urn:oid:2.16.840.1.114222.4.11.837'</a:s>
            </a:s>
         </annotation>
      </def>
      <def localId="8" locator="13:1-13:94" name="Level of Severity of Retinopathy Findings" id="urn:oid:2.16.840.1.113883.3.526.3.1283" accessLevel="Public">
         <annotation xsi:type="a:Annotation">
            <a:s r="8">
               <a:s>valueset &quot;Level of Severity of Retinopathy Findings&quot;: 'urn:oid:2.16.840.1.113883.3.526.3.1283'</a:s>
            </a:s>
         </annotation>
      </def>
      <def localId="9" locator="14:1-14:83" name="Macular Edema Findings Present" id="urn:oid:2.16.840.1.113883.3.526.3.1320" accessLevel="Public">
         <annotation xsi:type="a:Annotation">
            <a:s r="9">
               <a:s>valueset &quot;Macular Edema Findings Present&quot;: 'urn:oid:2.16.840.1.113883.3.526.3.1320'</a:s>
            </a:s>
         </annotation>
      </def>
      <def localId="10" locator="15:1-15:65" name="Macular Exam" id="urn:oid:2.16.840.1.113883.3.526.3.1251" accessLevel="Public">
         <annotation xsi:type="a:Annotation">
            <a:s r="10">
               <a:s>valueset &quot;Macular Exam&quot;: 'urn:oid:2.16.840.1.113883.3.526.3.1251'</a:s>
            </a:s>
         </annotation>
      </def>
      <def localId="11" locator="16:1-16:67" name="Medical Reason" id="urn:oid:2.16.840.1.113883.3.526.3.1007" accessLevel="Public">
         <annotation xsi:type="a:Annotation">
            <a:s r="11">
               <a:s>valueset &quot;Medical Reason&quot;: 'urn:oid:2.16.840.1.113883.3.526.3.1007'</a:s>
            </a:s>
         </annotation>
      </def>
      <def localId="12" locator="17:1-17:85" name="Nursing Facility Visit" id="urn:oid:2.16.840.1.113883.3.464.1003.101.12.1012" accessLevel="Public">
         <annotation xsi:type="a:Annotation">
            <a:s r="12">
               <a:s>valueset &quot;Nursing Facility Visit&quot;: 'urn:oid:2.16.840.1.113883.3.464.1003.101.12.1012'</a:s>
            </a:s>
         </annotation>
      </def>
      <def localId="13" locator="18:1-18:75" name="Office Visit" id="urn:oid:2.16.840.1.113883.3.464.1003.101.12.1001" accessLevel="Public">
         <annotation xsi:type="a:Annotation">
            <a:s r="13">
               <a:s>valueset &quot;Office Visit&quot;: 'urn:oid:2.16.840.1.113883.3.464.1003.101.12.1001'</a:s>
            </a:s>
         </annotation>
      </def>
      <def localId="14" locator="19:1-19:68" name="ONC Administrative Sex" id="urn:oid:2.16.840.1.113762.1.4.1" accessLevel="Public">
         <annotation xsi:type="a:Annotation">
            <a:s r="14">
               <a:s>valueset &quot;ONC Administrative Sex&quot;: 'urn:oid:2.16.840.1.113762.1.4.1'</a:s>
            </a:s>
         </annotation>
      </def>
      <def localId="15" locator="20:1-20:78" name="Ophthalmological Services" id="urn:oid:2.16.840.1.113883.3.526.3.1285" accessLevel="Public">
         <annotation xsi:type="a:Annotation">
            <a:s r="15">
               <a:s>valueset &quot;Ophthalmological Services&quot;: 'urn:oid:2.16.840.1.113883.3.526.3.1285'</a:s>
            </a:s>
         </annotation>
      </def>
      <def localId="16" locator="21:1-21:86" name="Outpatient Consultation" id="urn:oid:2.16.840.1.113883.3.464.1003.101.12.1008" accessLevel="Public">
         <annotation xsi:type="a:Annotation">
            <a:s r="16">
               <a:s>valueset &quot;Outpatient Consultation&quot;: 'urn:oid:2.16.840.1.113883.3.464.1003.101.12.1008'</a:s>
            </a:s>
         </annotation>
      </def>
      <def localId="17" locator="22:1-22:67" name="Patient Reason" id="urn:oid:2.16.840.1.113883.3.526.3.1008" accessLevel="Public">
         <annotation xsi:type="a:Annotation">
            <a:s r="17">
               <a:s>valueset &quot;Patient Reason&quot;: 'urn:oid:2.16.840.1.113883.3.526.3.1008'</a:s>
            </a:s>
         </annotation>
      </def>
      <def localId="18" locator="23:1-23:60" name="Payer Type" id="urn:oid:2.16.840.1.114222.4.11.3591" accessLevel="Public">
         <annotation xsi:type="a:Annotation">
            <a:s r="18">
               <a:s>valueset &quot;Payer Type&quot;: 'urn:oid:2.16.840.1.114222.4.11.3591'</a:s>
            </a:s>
         </annotation>
      </def>
      <def localId="19" locator="24:1-24:53" name="Race" id="urn:oid:2.16.840.1.114222.4.11.836" accessLevel="Public">
         <annotation xsi:type="a:Annotation">
            <a:s r="19">
               <a:s>valueset &quot;Race&quot;: 'urn:oid:2.16.840.1.114222.4.11.836'</a:s>
            </a:s>
         </annotation>
      </def>
   </valueSets>
   <codes>
      <def localId="21" locator="26:1-26:117" name="Macular edema absent (situation)" id="428341000124108" display="Macular edema absent (situation)" accessLevel="Public">
         <annotation xsi:type="a:Annotation">
            <a:s r="21">
               <a:s>code &quot;Macular edema absent (situation)&quot;: '428341000124108' from </a:s>
               <a:s r="20">
                  <a:s>&quot;SNOMEDCT&quot;</a:s>
               </a:s>
               <a:s> display 'Macular edema absent (situation)'</a:s>
            </a:s>
         </annotation>
         <codeSystem localId="20" locator="26:65-26:74" name="SNOMEDCT"/>
      </def>
      <def localId="23" locator="27:1-27:53" name="virtual" id="VR" display="virtual" accessLevel="Public">
         <annotation xsi:type="a:Annotation">
            <a:s r="23">
               <a:s>code &quot;virtual&quot;: 'VR' from </a:s>
               <a:s r="22">
                  <a:s>&quot;ActCode&quot;</a:s>
               </a:s>
               <a:s> display 'virtual'</a:s>
            </a:s>
         </annotation>
         <codeSystem localId="22" locator="27:27-27:35" name="ActCode"/>
      </def>
   </codes>
   <contexts>
      <def locator="31:1-31:15" name="Patient"/>
   </contexts>
   <statements>
      <def locator="31:1-31:15" name="Patient" context="Patient">
         <expression xsi:type="SingletonFrom">
            <operand locator="31:1-31:15" xmlns:ns0="urn:healthit-gov:qdm:v5_6" dataType="ns0:Patient" templateId="Patient" xsi:type="Retrieve"/>
         </expression>
      </def>
      <def localId="55" locator="99:1-106:48" name="Qualifying Encounter During Measurement Period" context="Patient" accessLevel="Public">
         <annotation xsi:type="a:Annotation">
            <a:s r="55">
               <a:s>define &quot;Qualifying Encounter During Measurement Period&quot;:
  </a:s>
               <a:s r="54">
                  <a:s>
                     <a:s r="43">
                        <a:s r="42">
                           <a:s>( </a:s>
                           <a:s r="42">
                              <a:s r="40">
                                 <a:s r="37">
                                    <a:s r="35">
                                       <a:s r="33">
                                          <a:s>[&quot;Encounter, Performed&quot;: </a:s>
                                          <a:s>
                                             <a:s>&quot;Office Visit&quot;</a:s>
                                          </a:s>
                                          <a:s>]</a:s>
                                       </a:s>
                                       <a:s>
    union </a:s>
                                       <a:s r="34">
                                          <a:s>[&quot;Encounter, Performed&quot;: </a:s>
                                          <a:s>
                                             <a:s>&quot;Ophthalmological Services&quot;</a:s>
                                          </a:s>
                                          <a:s>]</a:s>
                                       </a:s>
                                    </a:s>
                                    <a:s>
    union </a:s>
                                    <a:s r="36">
                                       <a:s>[&quot;Encounter, Performed&quot;: </a:s>
                                       <a:s>
                                          <a:s>&quot;Outpatient Consultation&quot;</a:s>
                                       </a:s>
                                       <a:s>]</a:s>
                                    </a:s>
                                 </a:s>
                                 <a:s>
    union </a:s>
                                 <a:s r="38">
                                    <a:s>[&quot;Encounter, Performed&quot;: </a:s>
                                    <a:s>
                                       <a:s>&quot;Care Services in Long Term Residential Facility&quot;</a:s>
                                    </a:s>
                                    <a:s>]</a:s>
                                 </a:s>
                              </a:s>
                              <a:s>
    union </a:s>
                              <a:s r="41">
                                 <a:s>[&quot;Encounter, Performed&quot;: </a:s>
                                 <a:s>
                                    <a:s>&quot;Nursing Facility Visit&quot;</a:s>
                                 </a:s>
                                 <a:s>]</a:s>
                              </a:s>
                           </a:s>
                           <a:s> )</a:s>
                        </a:s>
                        <a:s> QualifyingEncounter</a:s>
                     </a:s>
                  </a:s>
                  <a:s>
    </a:s>
                  <a:s r="53">
                     <a:s>where </a:s>
                     <a:s r="53">
                        <a:s r="47">
                           <a:s r="45">
                              <a:s r="44">
                                 <a:s>QualifyingEncounter</a:s>
                              </a:s>
                              <a:s>.</a:s>
                              <a:s r="45">
                                 <a:s>relevantPeriod</a:s>
                              </a:s>
                           </a:s>
                           <a:s r="47"> during </a:s>
                           <a:s r="46">
                              <a:s>&quot;Measurement Period&quot;</a:s>
                           </a:s>
                        </a:s>
                        <a:s>
      and </a:s>
                        <a:s r="52">
                           <a:s r="49">
                              <a:s r="48">
                                 <a:s>QualifyingEncounter</a:s>
                              </a:s>
                              <a:s>.</a:s>
                              <a:s r="49">
                                 <a:s>class</a:s>
                              </a:s>
                           </a:s>
                           <a:s> !~ </a:s>
                           <a:s r="50">
                              <a:s>&quot;virtual&quot;</a:s>
                           </a:s>
                        </a:s>
                     </a:s>
                  </a:s>
               </a:s>
            </a:s>
         </annotation>
         <expression localId="54" locator="100:3-106:48" xsi:type="Query">
            <source localId="43" locator="100:3-104:82" alias="QualifyingEncounter">
               <expression localId="42" locator="100:3-104:62" xsi:type="Union">
                  <operand localId="40" locator="100:5-103:85" xsi:type="Union">
                     <operand localId="35" locator="100:5-101:63" xsi:type="Union">
                        <operand localId="33" locator="100:5-100:44" xmlns:ns1="urn:healthit-gov:qdm:v5_6" dataType="ns1:PositiveEncounterPerformed" templateId="PositiveEncounterPerformed" codeProperty="code" codeComparator="in" xsi:type="Retrieve">
                           <codes locator="100:30-100:43" name="Office Visit" preserve="true" xsi:type="ValueSetRef"/>
                        </operand>
                        <operand localId="34" locator="101:11-101:63" xmlns:ns2="urn:healthit-gov:qdm:v5_6" dataType="ns2:PositiveEncounterPerformed" templateId="PositiveEncounterPerformed" codeProperty="code" codeComparator="in" xsi:type="Retrieve">
                           <codes locator="101:36-101:62" name="Ophthalmological Services" preserve="true" xsi:type="ValueSetRef"/>
                        </operand>
                     </operand>
                     <operand localId="39" xsi:type="Union">
                        <operand localId="36" locator="102:11-102:61" xmlns:ns3="urn:healthit-gov:qdm:v5_6" dataType="ns3:PositiveEncounterPerformed" templateId="PositiveEncounterPerformed" codeProperty="code" codeComparator="in" xsi:type="Retrieve">
                           <codes locator="102:36-102:60" name="Outpatient Consultation" preserve="true" xsi:type="ValueSetRef"/>
                        </operand>
                        <operand localId="38" locator="103:11-103:85" xmlns:ns4="urn:healthit-gov:qdm:v5_6" dataType="ns4:PositiveEncounterPerformed" templateId="PositiveEncounterPerformed" codeProperty="code" codeComparator="in" xsi:type="Retrieve">
                           <codes locator="103:36-103:84" name="Care Services in Long Term Residential Facility" preserve="true" xsi:type="ValueSetRef"/>
                        </operand>
                     </operand>
                  </operand>
                  <operand localId="41" locator="104:11-104:60" xmlns:ns5="urn:healthit-gov:qdm:v5_6" dataType="ns5:PositiveEncounterPerformed" templateId="PositiveEncounterPerformed" codeProperty="code" codeComparator="in" xsi:type="Retrieve">
                     <codes locator="104:36-104:59" name="Nursing Facility Visit" preserve="true" xsi:type="ValueSetRef"/>
                  </operand>
               </expression>
            </source>
            <where localId="53" locator="105:5-106:48" xsi:type="And">
               <operand localId="47" locator="105:11-105:72" xsi:type="IncludedIn">
                  <operand localId="45" locator="105:11-105:44" path="relevantPeriod" scope="QualifyingEncounter" xsi:type="Property"/>
                  <operand localId="46" locator="105:53-105:72" name="Measurement Period" xsi:type="ParameterRef"/>
               </operand>
               <operand localId="52" locator="106:11-106:48" xsi:type="Not">
                  <operand localId="51" locator="106:11-106:48" xsi:type="Equivalent">
                     <operand localId="49" locator="106:11-106:35" path="class" scope="QualifyingEncounter" xsi:type="Property"/>
                     <operand localId="50" locator="106:40-106:48" name="virtual" xsi:type="CodeRef"/>
                  </operand>
               </operand>
            </where>
         </expression>
      </def>
      <def localId="67" locator="42:1-45:101" name="Diabetic Retinopathy Encounter" context="Patient" accessLevel="Public">
         <annotation xsi:type="a:Annotation">
            <a:s r="67">
               <a:s>define &quot;Diabetic Retinopathy Encounter&quot;:
  </a:s>
               <a:s r="66">
                  <a:s>
                     <a:s r="57">
                        <a:s r="56">
                           <a:s>
                              <a:s>&quot;Qualifying Encounter During Measurement Period&quot;</a:s>
                           </a:s>
                        </a:s>
                        <a:s> ValidQualifyingEncounter</a:s>
                     </a:s>
                  </a:s>
                  <a:s>
    </a:s>
                  <a:s r="65">
                     <a:s>with </a:s>
                     <a:s r="59">
                        <a:s r="58">
                           <a:s r="58">
                              <a:s>[&quot;Diagnosis&quot;: </a:s>
                              <a:s>
                                 <a:s>&quot;Diabetic Retinopathy&quot;</a:s>
                              </a:s>
                              <a:s>]</a:s>
                           </a:s>
                        </a:s>
                        <a:s> DiabeticRetinopathy</a:s>
                     </a:s>
                     <a:s>
      such that </a:s>
                     <a:s r="64">
                        <a:s r="61">
                           <a:s r="60">
                              <a:s>DiabeticRetinopathy</a:s>
                           </a:s>
                           <a:s>.</a:s>
                           <a:s r="61">
                              <a:s>prevalencePeriod</a:s>
                           </a:s>
                        </a:s>
                        <a:s r="64"> overlaps </a:s>
                        <a:s r="63">
                           <a:s r="62">
                              <a:s>ValidQualifyingEncounter</a:s>
                           </a:s>
                           <a:s>.</a:s>
                           <a:s r="63">
                              <a:s>relevantPeriod</a:s>
                           </a:s>
                        </a:s>
                     </a:s>
                  </a:s>
               </a:s>
            </a:s>
         </annotation>
         <expression localId="66" locator="43:3-45:101" xsi:type="Query">
            <source localId="57" locator="43:3-43:75" alias="ValidQualifyingEncounter">
               <expression localId="56" locator="43:3-43:50" name="Qualifying Encounter During Measurement Period" xsi:type="ExpressionRef"/>
            </source>
            <relationship localId="65" locator="44:5-45:101" alias="DiabeticRetinopathy" xsi:type="With">
               <expression localId="58" locator="44:10-44:46" xmlns:ns6="urn:healthit-gov:qdm:v5_6" dataType="ns6:Diagnosis" codeProperty="code" codeComparator="in" xsi:type="Retrieve">
                  <codes locator="44:24-44:45" name="Diabetic Retinopathy" preserve="true" xsi:type="ValueSetRef"/>
               </expression>
               <suchThat localId="64" locator="45:17-45:101" xsi:type="Overlaps">
                  <operand localId="61" locator="45:17-45:52" path="prevalencePeriod" scope="DiabeticRetinopathy" xsi:type="Property"/>
                  <operand localId="63" locator="45:63-45:101" path="relevantPeriod" scope="ValidQualifyingEncounter" xsi:type="Property"/>
               </suchThat>
            </relationship>
         </expression>
      </def>
      <def localId="71" locator="95:1-97:47" name="Initial Population" context="Patient" accessLevel="Public">
         <annotation xsi:type="a:Annotation">
            <a:s r="71">
               <a:s>define &quot;Initial Population&quot;:
  </a:s>
               <a:s r="70">
                  <a:s r="32">
                     <a:s r="30">
                        <a:s>AgeInYearsAt(</a:s>
                        <a:s r="29">
                           <a:s>date from </a:s>
                           <a:s r="28">
                              <a:s>start of </a:s>
                              <a:s r="27">
                                 <a:s>&quot;Measurement Period&quot;</a:s>
                              </a:s>
                           </a:s>
                        </a:s>
                        <a:s>)</a:s>
                     </a:s>
                     <a:s r="31"> >= 18</a:s>
                  </a:s>
                  <a:s>
    and </a:s>
                  <a:s r="69">
                     <a:s>exists </a:s>
                     <a:s r="68">
                        <a:s>&quot;Diabetic Retinopathy Encounter&quot;</a:s>
                     </a:s>
                  </a:s>
               </a:s>
            </a:s>
         </annotation>
         <expression localId="70" locator="96:3-97:47" xsi:type="And">
            <operand localId="32" locator="96:3-96:61" xsi:type="GreaterOrEqual">
               <operand localId="30" locator="96:3-96:55" precision="Year" xsi:type="CalculateAgeAt">
                  <operand xsi:type="ToDate">
                     <operand path="birthDatetime" xsi:type="Property">
                        <source name="Patient" xsi:type="ExpressionRef"/>
                     </operand>
                  </operand>
                  <operand localId="29" locator="96:16-96:54" xsi:type="DateFrom">
                     <operand localId="28" locator="96:26-96:54" xsi:type="Start">
                        <operand localId="27" locator="96:35-96:54" name="Measurement Period" xsi:type="ParameterRef"/>
                     </operand>
                  </operand>
               </operand>
               <operand localId="31" locator="96:60-96:61" valueType="t:Integer" value="18" xsi:type="Literal"/>
            </operand>
            <operand localId="69" locator="97:9-97:47" xsi:type="Exists">
               <operand localId="68" locator="97:16-97:47" name="Diabetic Retinopathy Encounter" xsi:type="ExpressionRef"/>
            </operand>
         </expression>
      </def>
      <def localId="91" locator="47:1-51:40" name="Macular Exam Performed" context="Patient" accessLevel="Public">
         <annotation xsi:type="a:Annotation">
            <a:s r="91">
               <a:s>define &quot;Macular Exam Performed&quot;:
  </a:s>
               <a:s r="90">
                  <a:s>
                     <a:s r="74">
                        <a:s r="73">
                           <a:s r="73">
                              <a:s>[&quot;Diagnostic Study, Performed&quot;: </a:s>
                              <a:s>
                                 <a:s>&quot;Macular Exam&quot;</a:s>
                              </a:s>
                              <a:s>]</a:s>
                           </a:s>
                        </a:s>
                        <a:s> MacularExam</a:s>
                     </a:s>
                  </a:s>
                  <a:s>
    </a:s>
                  <a:s r="86">
                     <a:s>with </a:s>
                     <a:s r="76">
                        <a:s r="75">
                           <a:s>
                              <a:s>&quot;Diabetic Retinopathy Encounter&quot;</a:s>
                           </a:s>
                        </a:s>
                        <a:s> EncounterDiabeticRetinopathy</a:s>
                     </a:s>
                     <a:s>
      such that </a:s>
                     <a:s r="85">
                        <a:s r="82">
                           <a:s r="77">
                              <a:s>Global</a:s>
                           </a:s>
                           <a:s>.</a:s>
                           <a:s r="82">
                              <a:s>&quot;NormalizeInterval&quot; ( </a:s>
                              <a:s r="79">
                                 <a:s r="78">
                                    <a:s>MacularExam</a:s>
                                 </a:s>
                                 <a:s>.</a:s>
                                 <a:s r="79">
                                    <a:s>relevantDatetime</a:s>
                                 </a:s>
                              </a:s>
                              <a:s>, </a:s>
                              <a:s r="81">
                                 <a:s r="80">
                                    <a:s>MacularExam</a:s>
                                 </a:s>
                                 <a:s>.</a:s>
                                 <a:s r="81">
                                    <a:s>relevantPeriod</a:s>
                                 </a:s>
                              </a:s>
                              <a:s> )</a:s>
                           </a:s>
                        </a:s>
                        <a:s r="85"> during </a:s>
                        <a:s r="84">
                           <a:s r="83">
                              <a:s>EncounterDiabeticRetinopathy</a:s>
                           </a:s>
                           <a:s>.</a:s>
                           <a:s r="84">
                              <a:s>relevantPeriod</a:s>
                           </a:s>
                        </a:s>
                     </a:s>
                  </a:s>
                  <a:s>
    </a:s>
                  <a:s r="89">
                     <a:s>where </a:s>
                     <a:s r="89">
                        <a:s r="88">
                           <a:s r="87">
                              <a:s>MacularExam</a:s>
                           </a:s>
                           <a:s>.</a:s>
                           <a:s r="88">
                              <a:s>result</a:s>
                           </a:s>
                        </a:s>
                        <a:s> is not null</a:s>
                     </a:s>
                  </a:s>
               </a:s>
            </a:s>
         </annotation>
         <expression localId="90" locator="48:3-51:40" xsi:type="Query">
            <source localId="74" locator="48:3-48:61" alias="MacularExam">
               <expression localId="73" locator="48:3-48:49" xmlns:ns7="urn:healthit-gov:qdm:v5_6" dataType="ns7:PositiveDiagnosticStudyPerformed" templateId="PositiveDiagnosticStudyPerformed" codeProperty="code" codeComparator="in" xsi:type="Retrieve">
                  <codes locator="48:35-48:48" name="Macular Exam" preserve="true" xsi:type="ValueSetRef"/>
               </expression>
            </source>
            <relationship localId="86" locator="49:5-50:154" alias="EncounterDiabeticRetinopathy" xsi:type="With">
               <expression localId="75" locator="49:10-49:41" name="Diabetic Retinopathy Encounter" xsi:type="ExpressionRef"/>
               <suchThat localId="85" locator="50:17-50:154" xsi:type="IncludedIn">
                  <operand localId="82" locator="50:17-50:103" name="NormalizeInterval" libraryName="Global" xsi:type="FunctionRef">
                     <operand localId="79" locator="50:46-50:73" path="relevantDatetime" scope="MacularExam" xsi:type="Property"/>
                     <operand localId="81" locator="50:76-50:101" path="relevantPeriod" scope="MacularExam" xsi:type="Property"/>
                  </operand>
                  <operand localId="84" locator="50:112-50:154" path="relevantPeriod" scope="EncounterDiabeticRetinopathy" xsi:type="Property"/>
               </suchThat>
            </relationship>
            <where localId="89" locator="51:5-51:40" xsi:type="Not">
               <operand locator="51:11-51:40" xsi:type="IsNull">
                  <operand localId="88" locator="51:11-51:28" path="result" scope="MacularExam" xsi:type="Property"/>
               </operand>
            </where>
         </expression>
      </def>
      <def localId="95" locator="33:1-35:39" name="Denominator" context="Patient" accessLevel="Public">
         <annotation xsi:type="a:Annotation">
            <a:s r="95">
               <a:s>define &quot;Denominator&quot;:
  </a:s>
               <a:s r="94">
                  <a:s r="72">
                     <a:s>&quot;Initial Population&quot;</a:s>
                  </a:s>
                  <a:s>
    and </a:s>
                  <a:s r="93">
                     <a:s>exists </a:s>
                     <a:s r="92">
                        <a:s>&quot;Macular Exam Performed&quot;</a:s>
                     </a:s>
                  </a:s>
               </a:s>
            </a:s>
         </annotation>
         <expression localId="94" locator="34:3-35:39" xsi:type="And">
            <operand localId="72" locator="34:3-34:22" name="Initial Population" xsi:type="ExpressionRef"/>
            <operand localId="93" locator="35:9-35:39" xsi:type="Exists">
               <operand localId="92" locator="35:16-35:39" name="Macular Exam Performed" xsi:type="ExpressionRef"/>
            </operand>
         </expression>
      </def>
      <def localId="116" locator="61:1-67:5" name="Medical or Patient Reason for Not Communicating Level of Severity of Retinopathy" context="Patient" accessLevel="Public">
         <annotation xsi:type="a:Annotation">
            <a:s r="116">
               <a:s>define &quot;Medical or Patient Reason for Not Communicating Level of Severity of Retinopathy&quot;:
  </a:s>
               <a:s r="115">
                  <a:s>
                     <a:s r="97">
                        <a:s r="96">
                           <a:s r="96">
                              <a:s>[&quot;Communication, Not Performed&quot;: </a:s>
                              <a:s>
                                 <a:s>&quot;Level of Severity of Retinopathy Findings&quot;</a:s>
                              </a:s>
                              <a:s>]</a:s>
                           </a:s>
                        </a:s>
                        <a:s> LevelOfSeverityNotCommunicated</a:s>
                     </a:s>
                  </a:s>
                  <a:s>
    </a:s>
                  <a:s r="105">
                     <a:s>with </a:s>
                     <a:s r="99">
                        <a:s r="98">
                           <a:s>
                              <a:s>&quot;Diabetic Retinopathy Encounter&quot;</a:s>
                           </a:s>
                        </a:s>
                        <a:s> EncounterDiabeticRetinopathy</a:s>
                     </a:s>
                     <a:s>
      such that </a:s>
                     <a:s r="104">
                        <a:s r="101">
                           <a:s r="100">
                              <a:s>LevelOfSeverityNotCommunicated</a:s>
                           </a:s>
                           <a:s>.</a:s>
                           <a:s r="101">
                              <a:s>authorDatetime</a:s>
                           </a:s>
                        </a:s>
                        <a:s r="104"> during </a:s>
                        <a:s r="103">
                           <a:s r="102">
                              <a:s>EncounterDiabeticRetinopathy</a:s>
                           </a:s>
                           <a:s>.</a:s>
                           <a:s r="103">
                              <a:s>relevantPeriod</a:s>
                           </a:s>
                        </a:s>
                     </a:s>
                  </a:s>
                  <a:s>
    </a:s>
                  <a:s r="114">
                     <a:s>where </a:s>
                     <a:s r="114">
                        <a:s>( </a:s>
                        <a:s r="114">
                           <a:s r="109">
                              <a:s r="107">
                                 <a:s r="106">
                                    <a:s>LevelOfSeverityNotCommunicated</a:s>
                                 </a:s>
                                 <a:s>.</a:s>
                                 <a:s r="107">
                                    <a:s>negationRationale</a:s>
                                 </a:s>
                              </a:s>
                              <a:s> in </a:s>
                              <a:s r="108">
                                 <a:s>&quot;Medical Reason&quot;</a:s>
                              </a:s>
                           </a:s>
                           <a:s>
        or </a:s>
                           <a:s r="113">
                              <a:s r="111">
                                 <a:s r="110">
                                    <a:s>LevelOfSeverityNotCommunicated</a:s>
                                 </a:s>
                                 <a:s>.</a:s>
                                 <a:s r="111">
                                    <a:s>negationRationale</a:s>
                                 </a:s>
                              </a:s>
                              <a:s> in </a:s>
                              <a:s r="112">
                                 <a:s>&quot;Patient Reason&quot;</a:s>
                              </a:s>
                           </a:s>
                        </a:s>
                        <a:s>
    )</a:s>
                     </a:s>
                  </a:s>
               </a:s>
            </a:s>
         </annotation>
         <expression localId="115" locator="62:3-67:5" xsi:type="Query">
            <source localId="97" locator="62:3-62:110" alias="LevelOfSeverityNotCommunicated">
               <expression localId="96" locator="62:3-62:79" xmlns:ns8="urn:healthit-gov:qdm:v5_6" dataType="ns8:NegativeCommunicationPerformed" templateId="NegativeCommunicationPerformed" codeProperty="code" codeComparator="in" xsi:type="Retrieve">
                  <codes locator="62:36-62:78" name="Level of Severity of Retinopathy Findings" preserve="true" xsi:type="ValueSetRef"/>
               </expression>
            </source>
            <relationship localId="105" locator="63:5-64:112" alias="EncounterDiabeticRetinopathy" xsi:type="With">
               <expression localId="98" locator="63:10-63:41" name="Diabetic Retinopathy Encounter" xsi:type="ExpressionRef"/>
               <suchThat localId="104" locator="64:17-64:112" xsi:type="In">
                  <operand localId="101" locator="64:17-64:61" path="authorDatetime" scope="LevelOfSeverityNotCommunicated" xsi:type="Property"/>
                  <operand localId="103" locator="64:70-64:112" path="relevantPeriod" scope="EncounterDiabeticRetinopathy" xsi:type="Property"/>
               </suchThat>
            </relationship>
            <where localId="114" locator="65:5-67:5" xsi:type="Or">
               <operand localId="109" locator="65:13-65:80" xsi:type="InValueSet">
                  <code localId="107" locator="65:13-65:60" path="negationRationale" scope="LevelOfSeverityNotCommunicated" xsi:type="Property"/>
                  <valueset localId="108" locator="65:65-65:80" name="Medical Reason" preserve="true"/>
               </operand>
               <operand localId="113" locator="66:12-66:79" xsi:type="InValueSet">
                  <code localId="111" locator="66:12-66:59" path="negationRationale" scope="LevelOfSeverityNotCommunicated" xsi:type="Property"/>
                  <valueset localId="112" locator="66:64-66:79" name="Patient Reason" preserve="true"/>
               </operand>
            </where>
         </expression>
      </def>
      <def localId="139" locator="53:1-59:5" name="Medical or Patient Reason for Not Communicating Absence of Macular Edema" context="Patient" accessLevel="Public">
         <annotation xsi:type="a:Annotation">
            <a:s r="139">
               <a:s>define &quot;Medical or Patient Reason for Not Communicating Absence of Macular Edema&quot;:
  </a:s>
               <a:s r="138">
                  <a:s>
                     <a:s r="120">
                        <a:s r="119">
                           <a:s r="119">
                              <a:s>[&quot;Communication, Not Performed&quot;: </a:s>
                              <a:s>
                                 <a:s>&quot;Macular edema absent (situation)&quot;</a:s>
                              </a:s>
                              <a:s>]</a:s>
                           </a:s>
                        </a:s>
                        <a:s> MacularEdemaAbsentNotCommunicated</a:s>
                     </a:s>
                  </a:s>
                  <a:s>
    </a:s>
                  <a:s r="128">
                     <a:s>with </a:s>
                     <a:s r="122">
                        <a:s r="121">
                           <a:s>
                              <a:s>&quot;Diabetic Retinopathy Encounter&quot;</a:s>
                           </a:s>
                        </a:s>
                        <a:s> EncounterDiabeticRetinopathy</a:s>
                     </a:s>
                     <a:s>
      such that </a:s>
                     <a:s r="127">
                        <a:s r="124">
                           <a:s r="123">
                              <a:s>MacularEdemaAbsentNotCommunicated</a:s>
                           </a:s>
                           <a:s>.</a:s>
                           <a:s r="124">
                              <a:s>authorDatetime</a:s>
                           </a:s>
                        </a:s>
                        <a:s r="127"> during </a:s>
                        <a:s r="126">
                           <a:s r="125">
                              <a:s>EncounterDiabeticRetinopathy</a:s>
                           </a:s>
                           <a:s>.</a:s>
                           <a:s r="126">
                              <a:s>relevantPeriod</a:s>
                           </a:s>
                        </a:s>
                     </a:s>
                  </a:s>
                  <a:s>
    </a:s>
                  <a:s r="137">
                     <a:s>where </a:s>
                     <a:s r="137">
                        <a:s>( </a:s>
                        <a:s r="137">
                           <a:s r="132">
                              <a:s r="130">
                                 <a:s r="129">
                                    <a:s>MacularEdemaAbsentNotCommunicated</a:s>
                                 </a:s>
                                 <a:s>.</a:s>
                                 <a:s r="130">
                                    <a:s>negationRationale</a:s>
                                 </a:s>
                              </a:s>
                              <a:s> in </a:s>
                              <a:s r="131">
                                 <a:s>&quot;Medical Reason&quot;</a:s>
                              </a:s>
                           </a:s>
                           <a:s>
        or </a:s>
                           <a:s r="136">
                              <a:s r="134">
                                 <a:s r="133">
                                    <a:s>MacularEdemaAbsentNotCommunicated</a:s>
                                 </a:s>
                                 <a:s>.</a:s>
                                 <a:s r="134">
                                    <a:s>negationRationale</a:s>
                                 </a:s>
                              </a:s>
                              <a:s> in </a:s>
                              <a:s r="135">
                                 <a:s>&quot;Patient Reason&quot;</a:s>
                              </a:s>
                           </a:s>
                        </a:s>
                        <a:s>
    )</a:s>
                     </a:s>
                  </a:s>
               </a:s>
            </a:s>
         </annotation>
         <expression localId="138" locator="54:3-59:5" xsi:type="Query">
            <source localId="120" locator="54:3-54:104" alias="MacularEdemaAbsentNotCommunicated">
               <expression localId="119" locator="54:3-54:70" xmlns:ns9="urn:healthit-gov:qdm:v5_6" dataType="ns9:NegativeCommunicationPerformed" templateId="NegativeCommunicationPerformed" codeProperty="code" codeComparator="~" xsi:type="Retrieve">
                  <codes xsi:type="ToList">
                     <operand locator="54:36-54:69" name="Macular edema absent (situation)" xsi:type="CodeRef"/>
                  </codes>
               </expression>
            </source>
            <relationship localId="128" locator="55:5-56:115" alias="EncounterDiabeticRetinopathy" xsi:type="With">
               <expression localId="121" locator="55:10-55:41" name="Diabetic Retinopathy Encounter" xsi:type="ExpressionRef"/>
               <suchThat localId="127" locator="56:17-56:115" xsi:type="In">
                  <operand localId="124" locator="56:17-56:64" path="authorDatetime" scope="MacularEdemaAbsentNotCommunicated" xsi:type="Property"/>
                  <operand localId="126" locator="56:73-56:115" path="relevantPeriod" scope="EncounterDiabeticRetinopathy" xsi:type="Property"/>
               </suchThat>
            </relationship>
            <where localId="137" locator="57:5-59:5" xsi:type="Or">
               <operand localId="132" locator="57:13-57:83" xsi:type="InValueSet">
                  <code localId="130" locator="57:13-57:63" path="negationRationale" scope="MacularEdemaAbsentNotCommunicated" xsi:type="Property"/>
                  <valueset localId="131" locator="57:68-57:83" name="Medical Reason" preserve="true"/>
               </operand>
               <operand localId="136" locator="58:12-58:82" xsi:type="InValueSet">
                  <code localId="134" locator="58:12-58:62" path="negationRationale" scope="MacularEdemaAbsentNotCommunicated" xsi:type="Property"/>
                  <valueset localId="135" locator="58:67-58:82" name="Patient Reason" preserve="true"/>
               </operand>
            </where>
         </expression>
      </def>
      <def localId="163" locator="69:1-75:5" name="Medical or Patient Reason for Not Communicating Presence of Macular Edema" context="Patient" accessLevel="Public">
         <annotation xsi:type="a:Annotation">
            <a:s r="163">
               <a:s>define &quot;Medical or Patient Reason for Not Communicating Presence of Macular Edema&quot;:
  </a:s>
               <a:s r="162">
                  <a:s>
                     <a:s r="144">
                        <a:s r="143">
                           <a:s r="143">
                              <a:s>[&quot;Communication, Not Performed&quot;: </a:s>
                              <a:s>
                                 <a:s>&quot;Macular Edema Findings Present&quot;</a:s>
                              </a:s>
                              <a:s>]</a:s>
                           </a:s>
                        </a:s>
                        <a:s> MacularEdemaPresentNotCommunicated</a:s>
                     </a:s>
                  </a:s>
                  <a:s>
    </a:s>
                  <a:s r="152">
                     <a:s>with </a:s>
                     <a:s r="146">
                        <a:s r="145">
                           <a:s>
                              <a:s>&quot;Diabetic Retinopathy Encounter&quot;</a:s>
                           </a:s>
                        </a:s>
                        <a:s> EncounterDiabeticRetinopathy</a:s>
                     </a:s>
                     <a:s>
      such that </a:s>
                     <a:s r="151">
                        <a:s r="148">
                           <a:s r="147">
                              <a:s>MacularEdemaPresentNotCommunicated</a:s>
                           </a:s>
                           <a:s>.</a:s>
                           <a:s r="148">
                              <a:s>authorDatetime</a:s>
                           </a:s>
                        </a:s>
                        <a:s r="151"> during </a:s>
                        <a:s r="150">
                           <a:s r="149">
                              <a:s>EncounterDiabeticRetinopathy</a:s>
                           </a:s>
                           <a:s>.</a:s>
                           <a:s r="150">
                              <a:s>relevantPeriod</a:s>
                           </a:s>
                        </a:s>
                     </a:s>
                  </a:s>
                  <a:s>
    </a:s>
                  <a:s r="161">
                     <a:s>where </a:s>
                     <a:s r="161">
                        <a:s>( </a:s>
                        <a:s r="161">
                           <a:s r="156">
                              <a:s r="154">
                                 <a:s r="153">
                                    <a:s>MacularEdemaPresentNotCommunicated</a:s>
                                 </a:s>
                                 <a:s>.</a:s>
                                 <a:s r="154">
                                    <a:s>negationRationale</a:s>
                                 </a:s>
                              </a:s>
                              <a:s> in </a:s>
                              <a:s r="155">
                                 <a:s>&quot;Medical Reason&quot;</a:s>
                              </a:s>
                           </a:s>
                           <a:s>
        or </a:s>
                           <a:s r="160">
                              <a:s r="158">
                                 <a:s r="157">
                                    <a:s>MacularEdemaPresentNotCommunicated</a:s>
                                 </a:s>
                                 <a:s>.</a:s>
                                 <a:s r="158">
                                    <a:s>negationRationale</a:s>
                                 </a:s>
                              </a:s>
                              <a:s> in </a:s>
                              <a:s r="159">
                                 <a:s>&quot;Patient Reason&quot;</a:s>
                              </a:s>
                           </a:s>
                        </a:s>
                        <a:s>
    )</a:s>
                     </a:s>
                  </a:s>
               </a:s>
            </a:s>
         </annotation>
         <expression localId="162" locator="70:3-75:5" xsi:type="Query">
            <source localId="144" locator="70:3-70:103" alias="MacularEdemaPresentNotCommunicated">
               <expression localId="143" locator="70:3-70:68" xmlns:ns10="urn:healthit-gov:qdm:v5_6" dataType="ns10:NegativeCommunicationPerformed" templateId="NegativeCommunicationPerformed" codeProperty="code" codeComparator="in" xsi:type="Retrieve">
                  <codes locator="70:36-70:67" name="Macular Edema Findings Present" preserve="true" xsi:type="ValueSetRef"/>
               </expression>
            </source>
            <relationship localId="152" locator="71:5-72:116" alias="EncounterDiabeticRetinopathy" xsi:type="With">
               <expression localId="145" locator="71:10-71:41" name="Diabetic Retinopathy Encounter" xsi:type="ExpressionRef"/>
               <suchThat localId="151" locator="72:17-72:116" xsi:type="In">
                  <operand localId="148" locator="72:17-72:65" path="authorDatetime" scope="MacularEdemaPresentNotCommunicated" xsi:type="Property"/>
                  <operand localId="150" locator="72:74-72:116" path="relevantPeriod" scope="EncounterDiabeticRetinopathy" xsi:type="Property"/>
               </suchThat>
            </relationship>
            <where localId="161" locator="73:5-75:5" xsi:type="Or">
               <operand localId="156" locator="73:13-73:84" xsi:type="InValueSet">
                  <code localId="154" locator="73:13-73:64" path="negationRationale" scope="MacularEdemaPresentNotCommunicated" xsi:type="Property"/>
                  <valueset localId="155" locator="73:69-73:84" name="Medical Reason" preserve="true"/>
               </operand>
               <operand localId="160" locator="74:12-74:83" xsi:type="InValueSet">
                  <code localId="158" locator="74:12-74:63" path="negationRationale" scope="MacularEdemaPresentNotCommunicated" xsi:type="Property"/>
                  <valueset localId="159" locator="74:68-74:83" name="Patient Reason" preserve="true"/>
               </operand>
            </where>
         </expression>
      </def>
      <def localId="167" locator="37:1-40:89" name="Denominator Exceptions" context="Patient" accessLevel="Public">
         <annotation xsi:type="a:Annotation">
            <a:s r="167">
               <a:s>define &quot;Denominator Exceptions&quot;:
  </a:s>
               <a:s r="166">
                  <a:s r="142">
                     <a:s r="118">
                        <a:s>exists </a:s>
                        <a:s r="117">
                           <a:s>&quot;Medical or Patient Reason for Not Communicating Level of Severity of Retinopathy&quot;</a:s>
                        </a:s>
                     </a:s>
                     <a:s>
    or </a:s>
                     <a:s r="141">
                        <a:s>exists </a:s>
                        <a:s r="140">
                           <a:s>&quot;Medical or Patient Reason for Not Communicating Absence of Macular Edema&quot;</a:s>
                        </a:s>
                     </a:s>
                  </a:s>
                  <a:s>
    or </a:s>
                  <a:s r="165">
                     <a:s>exists </a:s>
                     <a:s r="164">
                        <a:s>&quot;Medical or Patient Reason for Not Communicating Presence of Macular Edema&quot;</a:s>
                     </a:s>
                  </a:s>
               </a:s>
            </a:s>
         </annotation>
         <expression localId="166" locator="38:3-40:89" xsi:type="Or">
            <operand localId="142" locator="38:3-39:88" xsi:type="Or">
               <operand localId="118" locator="38:3-38:91" xsi:type="Exists">
                  <operand localId="117" locator="38:10-38:91" name="Medical or Patient Reason for Not Communicating Level of Severity of Retinopathy" xsi:type="ExpressionRef"/>
               </operand>
               <operand localId="141" locator="39:8-39:88" xsi:type="Exists">
                  <operand localId="140" locator="39:15-39:88" name="Medical or Patient Reason for Not Communicating Absence of Macular Edema" xsi:type="ExpressionRef"/>
               </operand>
            </operand>
            <operand localId="165" locator="40:8-40:89" xsi:type="Exists">
               <operand localId="164" locator="40:15-40:89" name="Medical or Patient Reason for Not Communicating Presence of Macular Edema" xsi:type="ExpressionRef"/>
            </operand>
         </expression>
      </def>
      <def localId="185" locator="108:1-112:87" name="Level of Severity of Retinopathy Findings Communicated" context="Patient" accessLevel="Public">
         <annotation xsi:type="a:Annotation">
            <a:s r="185">
               <a:s>define &quot;Level of Severity of Retinopathy Findings Communicated&quot;:
  </a:s>
               <a:s r="184">
                  <a:s>
                     <a:s r="169">
                        <a:s r="168">
                           <a:s r="168">
                              <a:s>[&quot;Communication, Performed&quot;: </a:s>
                              <a:s>
                                 <a:s>&quot;Level of Severity of Retinopathy Findings&quot;</a:s>
                              </a:s>
                              <a:s>]</a:s>
                           </a:s>
                        </a:s>
                        <a:s> LevelOfSeverityCommunicated</a:s>
                     </a:s>
                  </a:s>
                  <a:s>
    </a:s>
                  <a:s r="183">
                     <a:s>with </a:s>
                     <a:s r="171">
                        <a:s r="170">
                           <a:s>
                              <a:s>&quot;Diabetic Retinopathy Encounter&quot;</a:s>
                           </a:s>
                        </a:s>
                        <a:s> EncounterDiabeticRetinopathy</a:s>
                     </a:s>
                     <a:s>
      such that </a:s>
                     <a:s r="182">
                        <a:s r="177">
                           <a:s r="173">
                              <a:s r="172">
                                 <a:s>LevelOfSeverityCommunicated</a:s>
                              </a:s>
                              <a:s>.</a:s>
                              <a:s r="173">
                                 <a:s>sentDatetime</a:s>
                              </a:s>
                           </a:s>
                           <a:s r="177"> after </a:s>
                           <a:s r="176">
                              <a:s>start of </a:s>
                              <a:s r="175">
                                 <a:s r="174">
                                    <a:s>EncounterDiabeticRetinopathy</a:s>
                                 </a:s>
                                 <a:s>.</a:s>
                                 <a:s r="175">
                                    <a:s>relevantPeriod</a:s>
                                 </a:s>
                              </a:s>
                           </a:s>
                        </a:s>
                        <a:s>
        and </a:s>
                        <a:s r="181">
                           <a:s r="179">
                              <a:s r="178">
                                 <a:s>LevelOfSeverityCommunicated</a:s>
                              </a:s>
                              <a:s>.</a:s>
                              <a:s r="179">
                                 <a:s>sentDatetime</a:s>
                              </a:s>
                           </a:s>
                           <a:s r="181"> during day of </a:s>
                           <a:s r="180">
                              <a:s>&quot;Measurement Period&quot;</a:s>
                           </a:s>
                        </a:s>
                     </a:s>
                  </a:s>
               </a:s>
            </a:s>
         </annotation>
         <expression localId="184" locator="109:3-112:87" xsi:type="Query">
            <source localId="169" locator="109:3-109:103" alias="LevelOfSeverityCommunicated">
               <expression localId="168" locator="109:3-109:75" xmlns:ns11="urn:healthit-gov:qdm:v5_6" dataType="ns11:PositiveCommunicationPerformed" templateId="PositiveCommunicationPerformed" codeProperty="code" codeComparator="in" xsi:type="Retrieve">
                  <codes locator="109:32-109:74" name="Level of Severity of Retinopathy Findings" preserve="true" xsi:type="ValueSetRef"/>
               </expression>
            </source>
            <relationship localId="183" locator="110:5-112:87" alias="EncounterDiabeticRetinopathy" xsi:type="With">
               <expression localId="170" locator="110:10-110:41" name="Diabetic Retinopathy Encounter" xsi:type="ExpressionRef"/>
               <suchThat localId="182" locator="111:17-112:87" xsi:type="And">
                  <operand localId="177" locator="111:17-111:115" xsi:type="After">
                     <operand localId="173" locator="111:17-111:56" path="sentDatetime" scope="LevelOfSeverityCommunicated" xsi:type="Property"/>
                     <operand localId="176" locator="111:64-111:115" xsi:type="Start">
                        <operand localId="175" locator="111:73-111:115" path="relevantPeriod" scope="EncounterDiabeticRetinopathy" xsi:type="Property"/>
                     </operand>
                  </operand>
                  <operand localId="181" locator="112:13-112:87" precision="Day" xsi:type="In">
                     <operand localId="179" locator="112:13-112:52" path="sentDatetime" scope="LevelOfSeverityCommunicated" xsi:type="Property"/>
                     <operand localId="180" locator="112:68-112:87" name="Measurement Period" xsi:type="ParameterRef"/>
                  </operand>
               </suchThat>
            </relationship>
         </expression>
      </def>
      <def localId="205" locator="120:1-124:90" name="Macular Edema Absence Communicated" context="Patient" accessLevel="Public">
         <annotation xsi:type="a:Annotation">
            <a:s r="205">
               <a:s>define &quot;Macular Edema Absence Communicated&quot;:
  </a:s>
               <a:s r="204">
                  <a:s>
                     <a:s r="189">
                        <a:s r="188">
                           <a:s r="188">
                              <a:s>[&quot;Communication, Performed&quot;: </a:s>
                              <a:s>
                                 <a:s>&quot;Macular edema absent (situation)&quot;</a:s>
                              </a:s>
                              <a:s>]</a:s>
                           </a:s>
                        </a:s>
                        <a:s> MacularEdemaAbsentCommunicated</a:s>
                     </a:s>
                  </a:s>
                  <a:s>
    </a:s>
                  <a:s r="203">
                     <a:s>with </a:s>
                     <a:s r="191">
                        <a:s r="190">
                           <a:s>
                              <a:s>&quot;Diabetic Retinopathy Encounter&quot;</a:s>
                           </a:s>
                        </a:s>
                        <a:s> EncounterDiabeticRetinopathy</a:s>
                     </a:s>
                     <a:s>
      such that </a:s>
                     <a:s r="202">
                        <a:s r="197">
                           <a:s r="193">
                              <a:s r="192">
                                 <a:s>MacularEdemaAbsentCommunicated</a:s>
                              </a:s>
                              <a:s>.</a:s>
                              <a:s r="193">
                                 <a:s>sentDatetime</a:s>
                              </a:s>
                           </a:s>
                           <a:s r="197"> after </a:s>
                           <a:s r="196">
                              <a:s>start of </a:s>
                              <a:s r="195">
                                 <a:s r="194">
                                    <a:s>EncounterDiabeticRetinopathy</a:s>
                                 </a:s>
                                 <a:s>.</a:s>
                                 <a:s r="195">
                                    <a:s>relevantPeriod</a:s>
                                 </a:s>
                              </a:s>
                           </a:s>
                        </a:s>
                        <a:s>
        and </a:s>
                        <a:s r="201">
                           <a:s r="199">
                              <a:s r="198">
                                 <a:s>MacularEdemaAbsentCommunicated</a:s>
                              </a:s>
                              <a:s>.</a:s>
                              <a:s r="199">
                                 <a:s>sentDatetime</a:s>
                              </a:s>
                           </a:s>
                           <a:s r="201"> during day of </a:s>
                           <a:s r="200">
                              <a:s>&quot;Measurement Period&quot;</a:s>
                           </a:s>
                        </a:s>
                     </a:s>
                  </a:s>
               </a:s>
            </a:s>
         </annotation>
         <expression localId="204" locator="121:3-124:90" xsi:type="Query">
            <source localId="189" locator="121:3-121:97" alias="MacularEdemaAbsentCommunicated">
               <expression localId="188" locator="121:3-121:66" xmlns:ns12="urn:healthit-gov:qdm:v5_6" dataType="ns12:PositiveCommunicationPerformed" templateId="PositiveCommunicationPerformed" codeProperty="code" codeComparator="~" xsi:type="Retrieve">
                  <codes xsi:type="ToList">
                     <operand locator="121:32-121:65" name="Macular edema absent (situation)" xsi:type="CodeRef"/>
                  </codes>
               </expression>
            </source>
            <relationship localId="203" locator="122:5-124:90" alias="EncounterDiabeticRetinopathy" xsi:type="With">
               <expression localId="190" locator="122:10-122:41" name="Diabetic Retinopathy Encounter" xsi:type="ExpressionRef"/>
               <suchThat localId="202" locator="123:17-124:90" xsi:type="And">
                  <operand localId="197" locator="123:17-123:118" xsi:type="After">
                     <operand localId="193" locator="123:17-123:59" path="sentDatetime" scope="MacularEdemaAbsentCommunicated" xsi:type="Property"/>
                     <operand localId="196" locator="123:67-123:118" xsi:type="Start">
                        <operand localId="195" locator="123:76-123:118" path="relevantPeriod" scope="EncounterDiabeticRetinopathy" xsi:type="Property"/>
                     </operand>
                  </operand>
                  <operand localId="201" locator="124:13-124:90" precision="Day" xsi:type="In">
                     <operand localId="199" locator="124:13-124:55" path="sentDatetime" scope="MacularEdemaAbsentCommunicated" xsi:type="Property"/>
                     <operand localId="200" locator="124:71-124:90" name="Measurement Period" xsi:type="ParameterRef"/>
                  </operand>
               </suchThat>
            </relationship>
         </expression>
      </def>
      <def localId="225" locator="114:1-118:91" name="Macular Edema Presence Communicated" context="Patient" accessLevel="Public">
         <annotation xsi:type="a:Annotation">
            <a:s r="225">
               <a:s>define &quot;Macular Edema Presence Communicated&quot;:
  </a:s>
               <a:s r="224">
                  <a:s>
                     <a:s r="209">
                        <a:s r="208">
                           <a:s r="208">
                              <a:s>[&quot;Communication, Performed&quot;: </a:s>
                              <a:s>
                                 <a:s>&quot;Macular Edema Findings Present&quot;</a:s>
                              </a:s>
                              <a:s>]</a:s>
                           </a:s>
                        </a:s>
                        <a:s> MacularEdemaPresentCommunicated</a:s>
                     </a:s>
                  </a:s>
                  <a:s>
    </a:s>
                  <a:s r="223">
                     <a:s>with </a:s>
                     <a:s r="211">
                        <a:s r="210">
                           <a:s>
                              <a:s>&quot;Diabetic Retinopathy Encounter&quot;</a:s>
                           </a:s>
                        </a:s>
                        <a:s> EncounterDiabeticRetinopathy</a:s>
                     </a:s>
                     <a:s>
      such that </a:s>
                     <a:s r="222">
                        <a:s r="217">
                           <a:s r="213">
                              <a:s r="212">
                                 <a:s>MacularEdemaPresentCommunicated</a:s>
                              </a:s>
                              <a:s>.</a:s>
                              <a:s r="213">
                                 <a:s>sentDatetime</a:s>
                              </a:s>
                           </a:s>
                           <a:s r="217"> after </a:s>
                           <a:s r="216">
                              <a:s>start of </a:s>
                              <a:s r="215">
                                 <a:s r="214">
                                    <a:s>EncounterDiabeticRetinopathy</a:s>
                                 </a:s>
                                 <a:s>.</a:s>
                                 <a:s r="215">
                                    <a:s>relevantPeriod</a:s>
                                 </a:s>
                              </a:s>
                           </a:s>
                        </a:s>
                        <a:s>
        and </a:s>
                        <a:s r="221">
                           <a:s r="219">
                              <a:s r="218">
                                 <a:s>MacularEdemaPresentCommunicated</a:s>
                              </a:s>
                              <a:s>.</a:s>
                              <a:s r="219">
                                 <a:s>sentDatetime</a:s>
                              </a:s>
                           </a:s>
                           <a:s r="221"> during day of </a:s>
                           <a:s r="220">
                              <a:s>&quot;Measurement Period&quot;</a:s>
                           </a:s>
                        </a:s>
                     </a:s>
                  </a:s>
               </a:s>
            </a:s>
         </annotation>
         <expression localId="224" locator="115:3-118:91" xsi:type="Query">
            <source localId="209" locator="115:3-115:96" alias="MacularEdemaPresentCommunicated">
               <expression localId="208" locator="115:3-115:64" xmlns:ns13="urn:healthit-gov:qdm:v5_6" dataType="ns13:PositiveCommunicationPerformed" templateId="PositiveCommunicationPerformed" codeProperty="code" codeComparator="in" xsi:type="Retrieve">
                  <codes locator="115:32-115:63" name="Macular Edema Findings Present" preserve="true" xsi:type="ValueSetRef"/>
               </expression>
            </source>
            <relationship localId="223" locator="116:5-118:91" alias="EncounterDiabeticRetinopathy" xsi:type="With">
               <expression localId="210" locator="116:10-116:41" name="Diabetic Retinopathy Encounter" xsi:type="ExpressionRef"/>
               <suchThat localId="222" locator="117:17-118:91" xsi:type="And">
                  <operand localId="217" locator="117:17-117:119" xsi:type="After">
                     <operand localId="213" locator="117:17-117:60" path="sentDatetime" scope="MacularEdemaPresentCommunicated" xsi:type="Property"/>
                     <operand localId="216" locator="117:68-117:119" xsi:type="Start">
                        <operand localId="215" locator="117:77-117:119" path="relevantPeriod" scope="EncounterDiabeticRetinopathy" xsi:type="Property"/>
                     </operand>
                  </operand>
                  <operand localId="221" locator="118:13-118:91" precision="Day" xsi:type="In">
                     <operand localId="219" locator="118:13-118:56" path="sentDatetime" scope="MacularEdemaPresentCommunicated" xsi:type="Property"/>
                     <operand localId="220" locator="118:72-118:91" name="Measurement Period" xsi:type="ParameterRef"/>
                  </operand>
               </suchThat>
            </relationship>
         </expression>
      </def>
      <def localId="230" locator="77:1-81:5" name="Numerator" context="Patient" accessLevel="Public">
         <annotation xsi:type="a:Annotation">
            <a:s r="230">
               <a:s>define &quot;Numerator&quot;:
  </a:s>
               <a:s r="229">
                  <a:s r="187">
                     <a:s>exists </a:s>
                     <a:s r="186">
                        <a:s>&quot;Level of Severity of Retinopathy Findings Communicated&quot;</a:s>
                     </a:s>
                  </a:s>
                  <a:s>
    and </a:s>
                  <a:s r="228">
                     <a:s>( </a:s>
                     <a:s r="228">
                        <a:s r="207">
                           <a:s>exists </a:s>
                           <a:s r="206">
                              <a:s>&quot;Macular Edema Absence Communicated&quot;</a:s>
                           </a:s>
                        </a:s>
                        <a:s>
        or </a:s>
                        <a:s r="227">
                           <a:s>exists </a:s>
                           <a:s r="226">
                              <a:s>&quot;Macular Edema Presence Communicated&quot;</a:s>
                           </a:s>
                        </a:s>
                     </a:s>
                     <a:s>
    )</a:s>
                  </a:s>
               </a:s>
            </a:s>
         </annotation>
         <expression localId="229" locator="78:3-81:5" xsi:type="And">
            <operand localId="187" locator="78:3-78:65" xsi:type="Exists">
               <operand localId="186" locator="78:10-78:65" name="Level of Severity of Retinopathy Findings Communicated" xsi:type="ExpressionRef"/>
            </operand>
            <operand localId="228" locator="79:9-81:5" xsi:type="Or">
               <operand localId="207" locator="79:11-79:53" xsi:type="Exists">
                  <operand localId="206" locator="79:18-79:53" name="Macular Edema Absence Communicated" xsi:type="ExpressionRef"/>
               </operand>
               <operand localId="227" locator="80:12-80:55" xsi:type="Exists">
                  <operand localId="226" locator="80:19-80:55" name="Macular Edema Presence Communicated" xsi:type="ExpressionRef"/>
               </operand>
            </operand>
         </expression>
      </def>
      <def localId="232" locator="83:1-84:51" name="SDE Ethnicity" context="Patient" accessLevel="Public">
         <annotation xsi:type="a:Annotation">
            <a:s r="232">
               <a:s>define &quot;SDE Ethnicity&quot;:
  </a:s>
               <a:s r="231">
                  <a:s>[&quot;Patient Characteristic Ethnicity&quot;: </a:s>
                  <a:s>
                     <a:s>&quot;Ethnicity&quot;</a:s>
                  </a:s>
                  <a:s>]</a:s>
               </a:s>
            </a:s>
         </annotation>
         <expression localId="231" locator="84:3-84:51" xmlns:ns14="urn:healthit-gov:qdm:v5_6" dataType="ns14:PatientCharacteristicEthnicity" codeProperty="code" codeComparator="in" xsi:type="Retrieve">
            <codes locator="84:40-84:50" name="Ethnicity" preserve="true" xsi:type="ValueSetRef"/>
         </expression>
      </def>
      <def localId="234" locator="86:1-87:48" name="SDE Payer" context="Patient" accessLevel="Public">
         <annotation xsi:type="a:Annotation">
            <a:s r="234">
               <a:s>define &quot;SDE Payer&quot;:
  </a:s>
               <a:s r="233">
                  <a:s>[&quot;Patient Characteristic Payer&quot;: </a:s>
                  <a:s>
                     <a:s>&quot;Payer Type&quot;</a:s>
                  </a:s>
                  <a:s>]</a:s>
               </a:s>
            </a:s>
         </annotation>
         <expression localId="233" locator="87:3-87:48" xmlns:ns15="urn:healthit-gov:qdm:v5_6" dataType="ns15:PatientCharacteristicPayer" codeProperty="code" codeComparator="in" xsi:type="Retrieve">
            <codes locator="87:36-87:47" name="Payer Type" preserve="true" xsi:type="ValueSetRef"/>
         </expression>
      </def>
      <def localId="236" locator="89:1-90:41" name="SDE Race" context="Patient" accessLevel="Public">
         <annotation xsi:type="a:Annotation">
            <a:s r="236">
               <a:s>define &quot;SDE Race&quot;:
  </a:s>
               <a:s r="235">
                  <a:s>[&quot;Patient Characteristic Race&quot;: </a:s>
                  <a:s>
                     <a:s>&quot;Race&quot;</a:s>
                  </a:s>
                  <a:s>]</a:s>
               </a:s>
            </a:s>
         </annotation>
         <expression localId="235" locator="90:3-90:41" xmlns:ns16="urn:healthit-gov:qdm:v5_6" dataType="ns16:PatientCharacteristicRace" codeProperty="code" codeComparator="in" xsi:type="Retrieve">
            <codes locator="90:35-90:40" name="Race" preserve="true" xsi:type="ValueSetRef"/>
         </expression>
      </def>
      <def localId="238" locator="92:1-93:58" name="SDE Sex" context="Patient" accessLevel="Public">
         <annotation xsi:type="a:Annotation">
            <a:s r="238">
               <a:s>define &quot;SDE Sex&quot;:
  </a:s>
               <a:s r="237">
                  <a:s>[&quot;Patient Characteristic Sex&quot;: </a:s>
                  <a:s>
                     <a:s>&quot;ONC Administrative Sex&quot;</a:s>
                  </a:s>
                  <a:s>]</a:s>
               </a:s>
            </a:s>
         </annotation>
         <expression localId="237" locator="93:3-93:58" xmlns:ns17="urn:healthit-gov:qdm:v5_6" dataType="ns17:PatientCharacteristicSex" codeProperty="code" codeComparator="in" xsi:type="Retrieve">
            <codes locator="93:34-93:57" name="ONC Administrative Sex" preserve="true" xsi:type="ValueSetRef"/>
         </expression>
      </def>
   </statements>
</library>
