{
   "library" : {
      "localId" : "0",
      "annotation" : [ {
         "translatorVersion" : "3.14.0",
         "translatorOptions" : "EnableAnnotations,EnableLocators,EnableResultTypes,EnableDetailedErrors,DisableListDemotion,DisableListPromotion",
         "signatureLevel" : "None",
         "type" : "CqlToElmInfo"
      }, {
         "type" : "Annotation",
         "s" : {
            "r" : "445",
            "s" : [ {
               "value" : [ "","library CMS1206CTOQR version '3.3.000'" ]
            } ]
         }
      } ],
      "identifier" : {
         "id" : "CMS1206CTOQR",
         "version" : "3.3.000"
      },
      "schemaIdentifier" : {
         "id" : "urn:hl7-org:elm",
         "version" : "r1"
      },
      "usings" : {
         "def" : [ {
            "localId" : "1",
            "localIdentifier" : "System",
            "uri" : "urn:hl7-org:elm-types:r1"
         }, {
            "localId" : "206",
            "locator" : "3:1-3:23",
            "localIdentifier" : "QDM",
            "uri" : "urn:healthit-gov:qdm:v5_6",
            "version" : "5.6",
            "annotation" : [ {
               "type" : "Annotation",
               "s" : {
                  "r" : "206",
                  "s" : [ {
                     "value" : [ "","using " ]
                  }, {
                     "s" : [ {
                        "value" : [ "QDM" ]
                     } ]
                  }, {
                     "value" : [ " version '5.6'" ]
                  } ]
               }
            } ]
         } ]
      },
      "includes" : {
         "def" : [ {
            "localId" : "207",
            "locator" : "5:1-5:52",
            "localIdentifier" : "Global",
            "path" : "CQMCommonQDM",
            "version" : "9.0.000",
            "annotation" : [ {
               "type" : "Annotation",
               "s" : {
                  "r" : "207",
                  "s" : [ {
                     "value" : [ "","include " ]
                  }, {
                     "s" : [ {
                        "value" : [ "CQMCommonQDM" ]
                     } ]
                  }, {
                     "value" : [ " version ","'9.0.000'"," called ","Global" ]
                  } ]
               }
            } ]
         }, {
            "localId" : "208",
            "locator" : "6:1-6:68",
            "localIdentifier" : "AlaraCommon",
            "path" : "AlaraCommonFunctionsQDM",
            "version" : "1.4.000",
            "annotation" : [ {
               "type" : "Annotation",
               "s" : {
                  "r" : "208",
                  "s" : [ {
                     "value" : [ "","include " ]
                  }, {
                     "s" : [ {
                        "value" : [ "AlaraCommonFunctionsQDM" ]
                     } ]
                  }, {
                     "value" : [ " version ","'1.4.000'"," called ","AlaraCommon" ]
                  } ]
               }
            } ]
         } ]
      },
      "parameters" : {
         "def" : [ {
            "localId" : "219",
            "locator" : "19:1-19:49",
            "name" : "Measurement Period",
            "accessLevel" : "Public",
            "annotation" : [ {
               "type" : "Annotation",
               "s" : {
                  "r" : "219",
                  "s" : [ {
                     "value" : [ "","parameter ","\"Measurement Period\""," " ]
                  }, {
                     "r" : "220",
                     "s" : [ {
                        "value" : [ "Interval<" ]
                     }, {
                        "r" : "221",
                        "s" : [ {
                           "value" : [ "DateTime" ]
                        } ]
                     }, {
                        "value" : [ ">" ]
                     } ]
                  } ]
               }
            } ],
            "resultTypeSpecifier" : {
               "localId" : "224",
               "type" : "IntervalTypeSpecifier",
               "pointType" : {
                  "localId" : "225",
                  "name" : "{urn:hl7-org:elm-types:r1}DateTime",
                  "type" : "NamedTypeSpecifier"
               }
            },
            "parameterTypeSpecifier" : {
               "localId" : "220",
               "locator" : "19:32-19:49",
               "type" : "IntervalTypeSpecifier",
               "resultTypeSpecifier" : {
                  "localId" : "222",
                  "type" : "IntervalTypeSpecifier",
                  "pointType" : {
                     "localId" : "223",
                     "name" : "{urn:hl7-org:elm-types:r1}DateTime",
                     "type" : "NamedTypeSpecifier"
                  }
               },
               "pointType" : {
                  "localId" : "221",
                  "locator" : "19:41-19:48",
                  "resultTypeName" : "{urn:hl7-org:elm-types:r1}DateTime",
                  "name" : "{urn:hl7-org:elm-types:r1}DateTime",
                  "type" : "NamedTypeSpecifier"
               }
            }
         } ]
      },
      "codeSystems" : {
         "def" : [ {
            "localId" : "209",
            "locator" : "8:1-8:51",
            "resultTypeName" : "{urn:hl7-org:elm-types:r1}CodeSystem",
            "name" : "LOINC",
            "id" : "urn:oid:2.16.840.1.113883.6.1",
            "accessLevel" : "Public",
            "annotation" : [ {
               "type" : "Annotation",
               "s" : {
                  "r" : "209",
                  "s" : [ {
                     "value" : [ "","codesystem ","\"LOINC\"",": ","'urn:oid:2.16.840.1.113883.6.1'" ]
                  } ]
               }
            } ]
         } ]
      },
      "valueSets" : {
         "def" : [ {
            "localId" : "210",
            "locator" : "10:1-10:71",
            "resultTypeName" : "{urn:hl7-org:elm-types:r1}ValueSet",
            "name" : "Encounter Inpatient",
            "id" : "urn:oid:2.16.840.1.113883.3.666.5.307",
            "accessLevel" : "Public",
            "annotation" : [ {
               "type" : "Annotation",
               "s" : {
                  "r" : "210",
                  "s" : [ {
                     "value" : [ "","valueset ","\"Encounter Inpatient\"",": ","'urn:oid:2.16.840.1.113883.3.666.5.307'" ]
                  } ]
               }
            } ],
            "codeSystem" : [ ]
         }, {
            "localId" : "211",
            "locator" : "11:1-11:58",
            "resultTypeName" : "{urn:hl7-org:elm-types:r1}ValueSet",
            "name" : "Ethnicity",
            "id" : "urn:oid:2.16.840.1.114222.4.11.837",
            "accessLevel" : "Public",
            "annotation" : [ {
               "type" : "Annotation",
               "s" : {
                  "r" : "211",
                  "s" : [ {
                     "value" : [ "","valueset ","\"Ethnicity\"",": ","'urn:oid:2.16.840.1.114222.4.11.837'" ]
                  } ]
               }
            } ],
            "codeSystem" : [ ]
         }, {
            "localId" : "212",
            "locator" : "12:1-12:79",
            "resultTypeName" : "{urn:hl7-org:elm-types:r1}ValueSet",
            "name" : "Federal Administrative Sex",
            "id" : "urn:oid:2.16.840.1.113762.1.4.1021.121",
            "accessLevel" : "Public",
            "annotation" : [ {
               "type" : "Annotation",
               "s" : {
                  "r" : "212",
                  "s" : [ {
                     "value" : [ "","valueset ","\"Federal Administrative Sex\"",": ","'urn:oid:2.16.840.1.113762.1.4.1021.121'" ]
                  } ]
               }
            } ],
            "codeSystem" : [ ]
         }, {
            "localId" : "213",
            "locator" : "13:1-13:60",
            "resultTypeName" : "{urn:hl7-org:elm-types:r1}ValueSet",
            "name" : "Payer Type",
            "id" : "urn:oid:2.16.840.1.114222.4.11.3591",
            "accessLevel" : "Public",
            "annotation" : [ {
               "type" : "Annotation",
               "s" : {
                  "r" : "213",
                  "s" : [ {
                     "value" : [ "","valueset ","\"Payer Type\"",": ","'urn:oid:2.16.840.1.114222.4.11.3591'" ]
                  } ]
               }
            } ],
            "codeSystem" : [ ]
         }, {
            "localId" : "214",
            "locator" : "14:1-14:53",
            "resultTypeName" : "{urn:hl7-org:elm-types:r1}ValueSet",
            "name" : "Race",
            "id" : "urn:oid:2.16.840.1.114222.4.11.836",
            "accessLevel" : "Public",
            "annotation" : [ {
               "type" : "Annotation",
               "s" : {
                  "r" : "214",
                  "s" : [ {
                     "value" : [ "","valueset ","\"Race\"",": ","'urn:oid:2.16.840.1.114222.4.11.836'" ]
                  } ]
               }
            } ],
            "codeSystem" : [ ]
         } ]
      },
      "codes" : {
         "def" : [ {
            "localId" : "215",
            "locator" : "16:1-16:110",
            "resultTypeName" : "{urn:hl7-org:elm-types:r1}Code",
            "name" : "CT dose and image quality category",
            "id" : "96914-7",
            "display" : "CT dose and image quality category",
            "accessLevel" : "Public",
            "annotation" : [ {
               "type" : "Annotation",
               "s" : {
                  "r" : "215",
                  "s" : [ {
                     "value" : [ "","code ","\"CT dose and image quality category\"",": ","'96914-7'"," from " ]
                  }, {
                     "r" : "216",
                     "s" : [ {
                        "value" : [ "\"LOINC\"" ]
                     } ]
                  }, {
                     "value" : [ " display ","'CT dose and image quality category'" ]
                  } ]
               }
            } ],
            "codeSystem" : {
               "localId" : "216",
               "locator" : "16:59-16:65",
               "resultTypeName" : "{urn:hl7-org:elm-types:r1}CodeSystem",
               "name" : "LOINC"
            }
         }, {
            "localId" : "217",
            "locator" : "17:1-17:62",
            "resultTypeName" : "{urn:hl7-org:elm-types:r1}Code",
            "name" : "Full Body",
            "id" : "LA31771-1",
            "display" : "Full Body",
            "accessLevel" : "Public",
            "annotation" : [ {
               "type" : "Annotation",
               "s" : {
                  "r" : "217",
                  "s" : [ {
                     "value" : [ "","code ","\"Full Body\"",": ","'LA31771-1'"," from " ]
                  }, {
                     "r" : "218",
                     "s" : [ {
                        "value" : [ "\"LOINC\"" ]
                     } ]
                  }, {
                     "value" : [ " display ","'Full Body'" ]
                  } ]
               }
            } ],
            "codeSystem" : {
               "localId" : "218",
               "locator" : "17:36-17:42",
               "resultTypeName" : "{urn:hl7-org:elm-types:r1}CodeSystem",
               "name" : "LOINC"
            }
         } ]
      },
      "contexts" : {
         "def" : [ {
            "localId" : "229",
            "locator" : "21:1-21:15",
            "name" : "Patient"
         } ]
      },
      "statements" : {
         "def" : [ {
            "localId" : "227",
            "locator" : "21:1-21:15",
            "name" : "Patient",
            "context" : "Patient",
            "expression" : {
               "localId" : "228",
               "type" : "SingletonFrom",
               "signature" : [ ],
               "operand" : {
                  "localId" : "226",
                  "locator" : "21:1-21:15",
                  "dataType" : "{urn:healthit-gov:qdm:v5_6}Patient",
                  "templateId" : "Patient",
                  "type" : "Retrieve",
                  "include" : [ ],
                  "codeFilter" : [ ],
                  "dateFilter" : [ ],
                  "otherFilter" : [ ]
               }
            }
         }, {
            "localId" : "231",
            "locator" : "23:1-24:51",
            "name" : "SDE Ethnicity",
            "context" : "Patient",
            "accessLevel" : "Public",
            "annotation" : [ {
               "type" : "Annotation",
               "s" : {
                  "r" : "231",
                  "s" : [ {
                     "value" : [ "","define ","\"SDE Ethnicity\"",":\n  " ]
                  }, {
                     "r" : "234",
                     "s" : [ {
                        "value" : [ "[","\"Patient Characteristic Ethnicity\"",": " ]
                     }, {
                        "s" : [ {
                           "value" : [ "\"Ethnicity\"" ]
                        } ]
                     }, {
                        "value" : [ "]" ]
                     } ]
                  } ]
               }
            } ],
            "resultTypeSpecifier" : {
               "localId" : "238",
               "type" : "ListTypeSpecifier",
               "elementType" : {
                  "localId" : "239",
                  "name" : "{urn:healthit-gov:qdm:v5_6}PatientCharacteristicEthnicity",
                  "type" : "NamedTypeSpecifier"
               }
            },
            "expression" : {
               "localId" : "234",
               "locator" : "24:3-24:51",
               "dataType" : "{urn:healthit-gov:qdm:v5_6}PatientCharacteristicEthnicity",
               "codeProperty" : "code",
               "codeComparator" : "in",
               "type" : "Retrieve",
               "resultTypeSpecifier" : {
                  "localId" : "236",
                  "type" : "ListTypeSpecifier",
                  "elementType" : {
                     "localId" : "237",
                     "name" : "{urn:healthit-gov:qdm:v5_6}PatientCharacteristicEthnicity",
                     "type" : "NamedTypeSpecifier"
                  }
               },
               "codes" : {
                  "localId" : "233",
                  "locator" : "24:40-24:50",
                  "resultTypeName" : "{urn:hl7-org:elm-types:r1}ValueSet",
                  "name" : "Ethnicity",
                  "preserve" : true,
                  "type" : "ValueSetRef"
               },
               "include" : [ ],
               "codeFilter" : [ ],
               "dateFilter" : [ ],
               "otherFilter" : [ ]
            }
         }, {
            "localId" : "241",
            "locator" : "26:1-27:41",
            "name" : "SDE Race",
            "context" : "Patient",
            "accessLevel" : "Public",
            "annotation" : [ {
               "type" : "Annotation",
               "s" : {
                  "r" : "241",
                  "s" : [ {
                     "value" : [ "","define ","\"SDE Race\"",":\n  " ]
                  }, {
                     "r" : "244",
                     "s" : [ {
                        "value" : [ "[","\"Patient Characteristic Race\"",": " ]
                     }, {
                        "s" : [ {
                           "value" : [ "\"Race\"" ]
                        } ]
                     }, {
                        "value" : [ "]" ]
                     } ]
                  } ]
               }
            } ],
            "resultTypeSpecifier" : {
               "localId" : "248",
               "type" : "ListTypeSpecifier",
               "elementType" : {
                  "localId" : "249",
                  "name" : "{urn:healthit-gov:qdm:v5_6}PatientCharacteristicRace",
                  "type" : "NamedTypeSpecifier"
               }
            },
            "expression" : {
               "localId" : "244",
               "locator" : "27:3-27:41",
               "dataType" : "{urn:healthit-gov:qdm:v5_6}PatientCharacteristicRace",
               "codeProperty" : "code",
               "codeComparator" : "in",
               "type" : "Retrieve",
               "resultTypeSpecifier" : {
                  "localId" : "246",
                  "type" : "ListTypeSpecifier",
                  "elementType" : {
                     "localId" : "247",
                     "name" : "{urn:healthit-gov:qdm:v5_6}PatientCharacteristicRace",
                     "type" : "NamedTypeSpecifier"
                  }
               },
               "codes" : {
                  "localId" : "243",
                  "locator" : "27:35-27:40",
                  "resultTypeName" : "{urn:hl7-org:elm-types:r1}ValueSet",
                  "name" : "Race",
                  "preserve" : true,
                  "type" : "ValueSetRef"
               },
               "include" : [ ],
               "codeFilter" : [ ],
               "dateFilter" : [ ],
               "otherFilter" : [ ]
            }
         }, {
            "localId" : "251",
            "locator" : "29:1-30:62",
            "name" : "SDE Sex",
            "context" : "Patient",
            "accessLevel" : "Public",
            "annotation" : [ {
               "type" : "Annotation",
               "s" : {
                  "r" : "251",
                  "s" : [ {
                     "value" : [ "","define ","\"SDE Sex\"",":\n  " ]
                  }, {
                     "r" : "254",
                     "s" : [ {
                        "value" : [ "[","\"Patient Characteristic Sex\"",": " ]
                     }, {
                        "s" : [ {
                           "value" : [ "\"Federal Administrative Sex\"" ]
                        } ]
                     }, {
                        "value" : [ "]" ]
                     } ]
                  } ]
               }
            } ],
            "resultTypeSpecifier" : {
               "localId" : "258",
               "type" : "ListTypeSpecifier",
               "elementType" : {
                  "localId" : "259",
                  "name" : "{urn:healthit-gov:qdm:v5_6}PatientCharacteristicSex",
                  "type" : "NamedTypeSpecifier"
               }
            },
            "expression" : {
               "localId" : "254",
               "locator" : "30:3-30:62",
               "dataType" : "{urn:healthit-gov:qdm:v5_6}PatientCharacteristicSex",
               "codeProperty" : "code",
               "codeComparator" : "in",
               "type" : "Retrieve",
               "resultTypeSpecifier" : {
                  "localId" : "256",
                  "type" : "ListTypeSpecifier",
                  "elementType" : {
                     "localId" : "257",
                     "name" : "{urn:healthit-gov:qdm:v5_6}PatientCharacteristicSex",
                     "type" : "NamedTypeSpecifier"
                  }
               },
               "codes" : {
                  "localId" : "253",
                  "locator" : "30:34-30:61",
                  "resultTypeName" : "{urn:hl7-org:elm-types:r1}ValueSet",
                  "name" : "Federal Administrative Sex",
                  "preserve" : true,
                  "type" : "ValueSetRef"
               },
               "include" : [ ],
               "codeFilter" : [ ],
               "dateFilter" : [ ],
               "otherFilter" : [ ]
            }
         }, {
            "localId" : "261",
            "locator" : "32:1-33:48",
            "name" : "SDE Payer",
            "context" : "Patient",
            "accessLevel" : "Public",
            "annotation" : [ {
               "type" : "Annotation",
               "s" : {
                  "r" : "261",
                  "s" : [ {
                     "value" : [ "","define ","\"SDE Payer\"",":\n  " ]
                  }, {
                     "r" : "264",
                     "s" : [ {
                        "value" : [ "[","\"Patient Characteristic Payer\"",": " ]
                     }, {
                        "s" : [ {
                           "value" : [ "\"Payer Type\"" ]
                        } ]
                     }, {
                        "value" : [ "]" ]
                     } ]
                  } ]
               }
            } ],
            "resultTypeSpecifier" : {
               "localId" : "268",
               "type" : "ListTypeSpecifier",
               "elementType" : {
                  "localId" : "269",
                  "name" : "{urn:healthit-gov:qdm:v5_6}PatientCharacteristicPayer",
                  "type" : "NamedTypeSpecifier"
               }
            },
            "expression" : {
               "localId" : "264",
               "locator" : "33:3-33:48",
               "dataType" : "{urn:healthit-gov:qdm:v5_6}PatientCharacteristicPayer",
               "codeProperty" : "code",
               "codeComparator" : "in",
               "type" : "Retrieve",
               "resultTypeSpecifier" : {
                  "localId" : "266",
                  "type" : "ListTypeSpecifier",
                  "elementType" : {
                     "localId" : "267",
                     "name" : "{urn:healthit-gov:qdm:v5_6}PatientCharacteristicPayer",
                     "type" : "NamedTypeSpecifier"
                  }
               },
               "codes" : {
                  "localId" : "263",
                  "locator" : "33:36-33:47",
                  "resultTypeName" : "{urn:hl7-org:elm-types:r1}ValueSet",
                  "name" : "Payer Type",
                  "preserve" : true,
                  "type" : "ValueSetRef"
               },
               "include" : [ ],
               "codeFilter" : [ ],
               "dateFilter" : [ ],
               "otherFilter" : [ ]
            }
         }, {
            "localId" : "276",
            "locator" : "56:1-59:59",
            "name" : "Qualified Scan",
            "context" : "Patient",
            "accessLevel" : "Public",
            "annotation" : [ {
               "type" : "Annotation",
               "s" : {
                  "r" : "276",
                  "s" : [ {
                     "value" : [ "","define ","\"Qualified Scan\"",":\n  " ]
                  }, {
                     "r" : "320",
                     "s" : [ {
                        "s" : [ {
                           "r" : "277",
                           "s" : [ {
                              "r" : "280",
                              "s" : [ {
                                 "r" : "280",
                                 "s" : [ {
                                    "value" : [ "[","\"Diagnostic Study, Performed\"",": " ]
                                 }, {
                                    "s" : [ {
                                       "value" : [ "\"CT dose and image quality category\"" ]
                                    } ]
                                 }, {
                                    "value" : [ "]" ]
                                 } ]
                              } ]
                           }, {
                              "value" : [ " ","CTScan" ]
                           } ]
                        } ]
                     }, {
                        "value" : [ "\n    " ]
                     }, {
                        "r" : "289",
                        "s" : [ {
                           "value" : [ "where " ]
                        }, {
                           "r" : "289",
                           "s" : [ {
                              "r" : "308",
                              "s" : [ {
                                 "r" : "299",
                                 "s" : [ {
                                    "r" : "290",
                                    "s" : [ {
                                       "value" : [ "Global" ]
                                    } ]
                                 }, {
                                    "value" : [ "." ]
                                 }, {
                                    "r" : "299",
                                    "s" : [ {
                                       "value" : [ "\"NormalizeInterval\""," ( " ]
                                    }, {
                                       "r" : "292",
                                       "s" : [ {
                                          "r" : "291",
                                          "s" : [ {
                                             "value" : [ "CTScan" ]
                                          } ]
                                       }, {
                                          "value" : [ "." ]
                                       }, {
                                          "r" : "292",
                                          "s" : [ {
                                             "value" : [ "relevantDatetime" ]
                                          } ]
                                       } ]
                                    }, {
                                       "value" : [ ", " ]
                                    }, {
                                       "r" : "294",
                                       "s" : [ {
                                          "r" : "293",
                                          "s" : [ {
                                             "value" : [ "CTScan" ]
                                          } ]
                                       }, {
                                          "value" : [ "." ]
                                       }, {
                                          "r" : "294",
                                          "s" : [ {
                                             "value" : [ "relevantPeriod" ]
                                          } ]
                                       } ]
                                    }, {
                                       "value" : [ " )" ]
                                    } ]
                                 } ]
                              }, {
                                 "r" : "308",
                                 "value" : [ " ","ends during day of"," " ]
                              }, {
                                 "r" : "304",
                                 "s" : [ {
                                    "value" : [ "\"Measurement Period\"" ]
                                 } ]
                              } ]
                           }, {
                              "value" : [ "\n      and " ]
                           }, {
                              "r" : "309",
                              "s" : [ {
                                 "r" : "318",
                                 "s" : [ {
                                    "value" : [ "AgeInYearsAt","(" ]
                                 }, {
                                    "r" : "310",
                                    "s" : [ {
                                       "value" : [ "start of " ]
                                    }, {
                                       "r" : "311",
                                       "s" : [ {
                                          "value" : [ "\"Measurement Period\"" ]
                                       } ]
                                    } ]
                                 }, {
                                    "value" : [ ")" ]
                                 } ]
                              }, {
                                 "r" : "319",
                                 "value" : [ " ",">="," ","18" ]
                              } ]
                           } ]
                        } ]
                     } ]
                  } ]
               }
            } ],
            "resultTypeSpecifier" : {
               "localId" : "442",
               "type" : "ListTypeSpecifier",
               "elementType" : {
                  "localId" : "443",
                  "name" : "{urn:healthit-gov:qdm:v5_6}PositiveDiagnosticStudyPerformed",
                  "type" : "NamedTypeSpecifier"
               }
            },
            "expression" : {
               "localId" : "320",
               "locator" : "57:3-59:59",
               "type" : "Query",
               "resultTypeSpecifier" : {
                  "localId" : "321",
                  "type" : "ListTypeSpecifier",
                  "elementType" : {
                     "localId" : "322",
                     "name" : "{urn:healthit-gov:qdm:v5_6}PositiveDiagnosticStudyPerformed",
                     "type" : "NamedTypeSpecifier"
                  }
               },
               "source" : [ {
                  "localId" : "277",
                  "locator" : "57:3-57:78",
                  "alias" : "CTScan",
                  "resultTypeSpecifier" : {
                     "localId" : "287",
                     "type" : "ListTypeSpecifier",
                     "elementType" : {
                        "localId" : "288",
                        "name" : "{urn:healthit-gov:qdm:v5_6}PositiveDiagnosticStudyPerformed",
                        "type" : "NamedTypeSpecifier"
                     }
                  },
                  "expression" : {
                     "localId" : "280",
                     "locator" : "57:3-57:71",
                     "dataType" : "{urn:healthit-gov:qdm:v5_6}PositiveDiagnosticStudyPerformed",
                     "templateId" : "PositiveDiagnosticStudyPerformed",
                     "codeProperty" : "code",
                     "codeComparator" : "~",
                     "type" : "Retrieve",
                     "resultTypeSpecifier" : {
                        "localId" : "285",
                        "type" : "ListTypeSpecifier",
                        "elementType" : {
                           "localId" : "286",
                           "name" : "{urn:healthit-gov:qdm:v5_6}PositiveDiagnosticStudyPerformed",
                           "type" : "NamedTypeSpecifier"
                        }
                     },
                     "codes" : {
                        "localId" : "282",
                        "type" : "ToList",
                        "signature" : [ ],
                        "operand" : {
                           "localId" : "279",
                           "locator" : "57:35-57:70",
                           "resultTypeName" : "{urn:hl7-org:elm-types:r1}Code",
                           "name" : "CT dose and image quality category",
                           "type" : "CodeRef"
                        }
                     },
                     "include" : [ ],
                     "codeFilter" : [ ],
                     "dateFilter" : [ ],
                     "otherFilter" : [ ]
                  }
               } ],
               "let" : [ ],
               "relationship" : [ ],
               "where" : {
                  "localId" : "289",
                  "locator" : "58:5-59:59",
                  "resultTypeName" : "{urn:hl7-org:elm-types:r1}Boolean",
                  "type" : "And",
                  "signature" : [ ],
                  "operand" : [ {
                     "localId" : "308",
                     "locator" : "58:11-58:127",
                     "resultTypeName" : "{urn:hl7-org:elm-types:r1}Boolean",
                     "precision" : "Day",
                     "type" : "In",
                     "signature" : [ ],
                     "operand" : [ {
                        "localId" : "307",
                        "locator" : "58:89-58:92",
                        "type" : "End",
                        "signature" : [ ],
                        "operand" : {
                           "localId" : "299",
                           "locator" : "58:11-58:87",
                           "name" : "NormalizeInterval",
                           "libraryName" : "Global",
                           "type" : "FunctionRef",
                           "resultTypeSpecifier" : {
                              "localId" : "302",
                              "type" : "IntervalTypeSpecifier",
                              "pointType" : {
                                 "localId" : "303",
                                 "name" : "{urn:hl7-org:elm-types:r1}DateTime",
                                 "type" : "NamedTypeSpecifier"
                              }
                           },
                           "signature" : [ ],
                           "operand" : [ {
                              "localId" : "292",
                              "locator" : "58:40-58:62",
                              "resultTypeName" : "{urn:hl7-org:elm-types:r1}DateTime",
                              "path" : "relevantDatetime",
                              "scope" : "CTScan",
                              "type" : "Property"
                           }, {
                              "localId" : "294",
                              "locator" : "58:65-58:85",
                              "path" : "relevantPeriod",
                              "scope" : "CTScan",
                              "type" : "Property",
                              "resultTypeSpecifier" : {
                                 "localId" : "297",
                                 "type" : "IntervalTypeSpecifier",
                                 "pointType" : {
                                    "localId" : "298",
                                    "name" : "{urn:hl7-org:elm-types:r1}DateTime",
                                    "type" : "NamedTypeSpecifier"
                                 }
                              }
                           } ]
                        }
                     }, {
                        "localId" : "304",
                        "locator" : "58:108-58:127",
                        "name" : "Measurement Period",
                        "type" : "ParameterRef",
                        "resultTypeSpecifier" : {
                           "localId" : "305",
                           "type" : "IntervalTypeSpecifier",
                           "pointType" : {
                              "localId" : "306",
                              "name" : "{urn:hl7-org:elm-types:r1}DateTime",
                              "type" : "NamedTypeSpecifier"
                           }
                        }
                     } ]
                  }, {
                     "localId" : "309",
                     "locator" : "59:11-59:59",
                     "resultTypeName" : "{urn:hl7-org:elm-types:r1}Boolean",
                     "type" : "GreaterOrEqual",
                     "signature" : [ ],
                     "operand" : [ {
                        "localId" : "318",
                        "locator" : "59:11-59:53",
                        "resultTypeName" : "{urn:hl7-org:elm-types:r1}Integer",
                        "precision" : "Year",
                        "type" : "CalculateAgeAt",
                        "signature" : [ ],
                        "operand" : [ {
                           "localId" : "317",
                           "path" : "birthDatetime",
                           "type" : "Property",
                           "source" : {
                              "localId" : "316",
                              "name" : "Patient",
                              "type" : "ExpressionRef"
                           }
                        }, {
                           "localId" : "310",
                           "locator" : "59:24-59:52",
                           "resultTypeName" : "{urn:hl7-org:elm-types:r1}DateTime",
                           "type" : "Start",
                           "signature" : [ ],
                           "operand" : {
                              "localId" : "311",
                              "locator" : "59:33-59:52",
                              "name" : "Measurement Period",
                              "type" : "ParameterRef",
                              "resultTypeSpecifier" : {
                                 "localId" : "312",
                                 "type" : "IntervalTypeSpecifier",
                                 "pointType" : {
                                    "localId" : "313",
                                    "name" : "{urn:hl7-org:elm-types:r1}DateTime",
                                    "type" : "NamedTypeSpecifier"
                                 }
                              }
                           }
                        } ]
                     }, {
                        "localId" : "319",
                        "locator" : "59:58-59:59",
                        "resultTypeName" : "{urn:hl7-org:elm-types:r1}Integer",
                        "valueType" : "{urn:hl7-org:elm-types:r1}Integer",
                        "value" : "18",
                        "type" : "Literal"
                     } ]
                  } ]
               }
            }
         }, {
            "localId" : "273",
            "locator" : "38:1-41:150",
            "name" : "Qualified Scan without Inpatient Encounter",
            "context" : "Patient",
            "accessLevel" : "Public",
            "annotation" : [ {
               "type" : "Annotation",
               "s" : {
                  "r" : "273",
                  "s" : [ {
                     "value" : [ "","define ","\"Qualified Scan without Inpatient Encounter\"",":\n  " ]
                  }, {
                     "r" : "366",
                     "s" : [ {
                        "s" : [ {
                           "r" : "274",
                           "s" : [ {
                              "r" : "325",
                              "s" : [ {
                                 "s" : [ {
                                    "value" : [ "\"Qualified Scan\"" ]
                                 } ]
                              } ]
                           }, {
                              "value" : [ " ","QualifiedCTScan" ]
                           } ]
                        } ]
                     }, {
                        "value" : [ "\n    " ]
                     }, {
                        "r" : "363",
                        "s" : [ {
                           "value" : [ "without " ]
                        }, {
                           "r" : "330",
                           "s" : [ {
                              "r" : "333",
                              "s" : [ {
                                 "r" : "333",
                                 "s" : [ {
                                    "value" : [ "[","\"Encounter, Performed\"",": " ]
                                 }, {
                                    "s" : [ {
                                       "value" : [ "\"Encounter Inpatient\"" ]
                                    } ]
                                 }, {
                                    "value" : [ "]" ]
                                 } ]
                              } ]
                           }, {
                              "value" : [ " ","Encounter" ]
                           } ]
                        }, {
                           "value" : [ "\n      such that " ]
                        }, {
                           "r" : "362",
                           "s" : [ {
                              "r" : "350",
                              "s" : [ {
                                 "r" : "341",
                                 "s" : [ {
                                    "value" : [ "Global" ]
                                 } ]
                              }, {
                                 "value" : [ "." ]
                              }, {
                                 "r" : "350",
                                 "s" : [ {
                                    "value" : [ "\"NormalizeInterval\""," ( " ]
                                 }, {
                                    "r" : "343",
                                    "s" : [ {
                                       "r" : "342",
                                       "s" : [ {
                                          "value" : [ "QualifiedCTScan" ]
                                       } ]
                                    }, {
                                       "value" : [ "." ]
                                    }, {
                                       "r" : "343",
                                       "s" : [ {
                                          "value" : [ "relevantDatetime" ]
                                       } ]
                                    } ]
                                 }, {
                                    "value" : [ ", " ]
                                 }, {
                                    "r" : "345",
                                    "s" : [ {
                                       "r" : "344",
                                       "s" : [ {
                                          "value" : [ "QualifiedCTScan" ]
                                       } ]
                                    }, {
                                       "value" : [ "." ]
                                    }, {
                                       "r" : "345",
                                       "s" : [ {
                                          "value" : [ "relevantPeriod" ]
                                       } ]
                                    } ]
                                 }, {
                                    "value" : [ " )" ]
                                 } ]
                              } ]
                           }, {
                              "r" : "362",
                              "value" : [ " ","starts during"," " ]
                           }, {
                              "r" : "356",
                              "s" : [ {
                                 "r" : "355",
                                 "s" : [ {
                                    "value" : [ "Encounter" ]
                                 } ]
                              }, {
                                 "value" : [ "." ]
                              }, {
                                 "r" : "356",
                                 "s" : [ {
                                    "value" : [ "relevantPeriod" ]
                                 } ]
                              } ]
                           } ]
                        } ]
                     } ]
                  } ]
               }
            } ],
            "resultTypeSpecifier" : {
               "localId" : "376",
               "type" : "ListTypeSpecifier",
               "elementType" : {
                  "localId" : "377",
                  "name" : "{urn:healthit-gov:qdm:v5_6}PositiveDiagnosticStudyPerformed",
                  "type" : "NamedTypeSpecifier"
               }
            },
            "expression" : {
               "localId" : "366",
               "locator" : "39:3-41:150",
               "type" : "Query",
               "resultTypeSpecifier" : {
                  "localId" : "367",
                  "type" : "ListTypeSpecifier",
                  "elementType" : {
                     "localId" : "368",
                     "name" : "{urn:healthit-gov:qdm:v5_6}PositiveDiagnosticStudyPerformed",
                     "type" : "NamedTypeSpecifier"
                  }
               },
               "source" : [ {
                  "localId" : "274",
                  "locator" : "39:3-39:34",
                  "alias" : "QualifiedCTScan",
                  "resultTypeSpecifier" : {
                     "localId" : "328",
                     "type" : "ListTypeSpecifier",
                     "elementType" : {
                        "localId" : "329",
                        "name" : "{urn:healthit-gov:qdm:v5_6}PositiveDiagnosticStudyPerformed",
                        "type" : "NamedTypeSpecifier"
                     }
                  },
                  "expression" : {
                     "localId" : "325",
                     "locator" : "39:3-39:18",
                     "name" : "Qualified Scan",
                     "type" : "ExpressionRef",
                     "resultTypeSpecifier" : {
                        "localId" : "326",
                        "type" : "ListTypeSpecifier",
                        "elementType" : {
                           "localId" : "327",
                           "name" : "{urn:healthit-gov:qdm:v5_6}PositiveDiagnosticStudyPerformed",
                           "type" : "NamedTypeSpecifier"
                        }
                     }
                  }
               } ],
               "let" : [ ],
               "relationship" : [ {
                  "localId" : "363",
                  "locator" : "40:5-41:150",
                  "alias" : "Encounter",
                  "type" : "Without",
                  "resultTypeSpecifier" : {
                     "localId" : "364",
                     "type" : "ListTypeSpecifier",
                     "elementType" : {
                        "localId" : "365",
                        "name" : "{urn:healthit-gov:qdm:v5_6}PositiveEncounterPerformed",
                        "type" : "NamedTypeSpecifier"
                     }
                  },
                  "expression" : {
                     "localId" : "333",
                     "locator" : "40:13-40:59",
                     "dataType" : "{urn:healthit-gov:qdm:v5_6}PositiveEncounterPerformed",
                     "templateId" : "PositiveEncounterPerformed",
                     "codeProperty" : "code",
                     "codeComparator" : "in",
                     "type" : "Retrieve",
                     "resultTypeSpecifier" : {
                        "localId" : "337",
                        "type" : "ListTypeSpecifier",
                        "elementType" : {
                           "localId" : "338",
                           "name" : "{urn:healthit-gov:qdm:v5_6}PositiveEncounterPerformed",
                           "type" : "NamedTypeSpecifier"
                        }
                     },
                     "codes" : {
                        "localId" : "332",
                        "locator" : "40:38-40:58",
                        "resultTypeName" : "{urn:hl7-org:elm-types:r1}ValueSet",
                        "name" : "Encounter Inpatient",
                        "preserve" : true,
                        "type" : "ValueSetRef"
                     },
                     "include" : [ ],
                     "codeFilter" : [ ],
                     "dateFilter" : [ ],
                     "otherFilter" : [ ]
                  },
                  "suchThat" : {
                     "localId" : "362",
                     "locator" : "41:17-41:150",
                     "resultTypeName" : "{urn:hl7-org:elm-types:r1}Boolean",
                     "type" : "In",
                     "signature" : [ ],
                     "operand" : [ {
                        "localId" : "361",
                        "locator" : "41:113-41:118",
                        "type" : "Start",
                        "signature" : [ ],
                        "operand" : {
                           "localId" : "350",
                           "locator" : "41:17-41:111",
                           "name" : "NormalizeInterval",
                           "libraryName" : "Global",
                           "type" : "FunctionRef",
                           "resultTypeSpecifier" : {
                              "localId" : "353",
                              "type" : "IntervalTypeSpecifier",
                              "pointType" : {
                                 "localId" : "354",
                                 "name" : "{urn:hl7-org:elm-types:r1}DateTime",
                                 "type" : "NamedTypeSpecifier"
                              }
                           },
                           "signature" : [ ],
                           "operand" : [ {
                              "localId" : "343",
                              "locator" : "41:46-41:77",
                              "resultTypeName" : "{urn:hl7-org:elm-types:r1}DateTime",
                              "path" : "relevantDatetime",
                              "scope" : "QualifiedCTScan",
                              "type" : "Property"
                           }, {
                              "localId" : "345",
                              "locator" : "41:80-41:109",
                              "path" : "relevantPeriod",
                              "scope" : "QualifiedCTScan",
                              "type" : "Property",
                              "resultTypeSpecifier" : {
                                 "localId" : "348",
                                 "type" : "IntervalTypeSpecifier",
                                 "pointType" : {
                                    "localId" : "349",
                                    "name" : "{urn:hl7-org:elm-types:r1}DateTime",
                                    "type" : "NamedTypeSpecifier"
                                 }
                              }
                           } ]
                        }
                     }, {
                        "localId" : "356",
                        "locator" : "41:127-41:150",
                        "path" : "relevantPeriod",
                        "scope" : "Encounter",
                        "type" : "Property",
                        "resultTypeSpecifier" : {
                           "localId" : "359",
                           "type" : "IntervalTypeSpecifier",
                           "pointType" : {
                              "localId" : "360",
                              "name" : "{urn:hl7-org:elm-types:r1}DateTime",
                              "type" : "NamedTypeSpecifier"
                           }
                        }
                     } ]
                  }
               } ]
            }
         }, {
            "localId" : "271",
            "locator" : "35:1-36:46",
            "name" : "Initial Population",
            "context" : "Patient",
            "accessLevel" : "Public",
            "annotation" : [ {
               "type" : "Annotation",
               "s" : {
                  "r" : "271",
                  "s" : [ {
                     "value" : [ "","define ","\"Initial Population\"",":\n  " ]
                  }, {
                     "r" : "371",
                     "s" : [ {
                        "value" : [ "\"Qualified Scan without Inpatient Encounter\"" ]
                     } ]
                  } ]
               }
            } ],
            "resultTypeSpecifier" : {
               "localId" : "374",
               "type" : "ListTypeSpecifier",
               "elementType" : {
                  "localId" : "375",
                  "name" : "{urn:healthit-gov:qdm:v5_6}PositiveDiagnosticStudyPerformed",
                  "type" : "NamedTypeSpecifier"
               }
            },
            "expression" : {
               "localId" : "371",
               "locator" : "36:3-36:46",
               "name" : "Qualified Scan without Inpatient Encounter",
               "type" : "ExpressionRef",
               "resultTypeSpecifier" : {
                  "localId" : "372",
                  "type" : "ListTypeSpecifier",
                  "elementType" : {
                     "localId" : "373",
                     "name" : "{urn:healthit-gov:qdm:v5_6}PositiveDiagnosticStudyPerformed",
                     "type" : "NamedTypeSpecifier"
                  }
               }
            }
         }, {
            "localId" : "379",
            "locator" : "43:1-47:35",
            "name" : "Qualified Scan with Values",
            "context" : "Patient",
            "accessLevel" : "Public",
            "annotation" : [ {
               "type" : "Annotation",
               "s" : {
                  "r" : "379",
                  "s" : [ {
                     "value" : [ "","define ","\"Qualified Scan with Values\"",":\n  " ]
                  }, {
                     "r" : "414",
                     "s" : [ {
                        "s" : [ {
                           "r" : "380",
                           "s" : [ {
                              "r" : "381",
                              "s" : [ {
                                 "s" : [ {
                                    "value" : [ "\"Qualified Scan without Inpatient Encounter\"" ]
                                 } ]
                              } ]
                           }, {
                              "value" : [ " ","CTScan" ]
                           } ]
                        } ]
                     }, {
                        "value" : [ "\n    " ]
                     }, {
                        "r" : "386",
                        "s" : [ {
                           "value" : [ "where " ]
                        }, {
                           "r" : "386",
                           "s" : [ {
                              "r" : "387",
                              "s" : [ {
                                 "r" : "392",
                                 "s" : [ {
                                    "r" : "390",
                                    "s" : [ {
                                       "r" : "388",
                                       "s" : [ {
                                          "value" : [ "AlaraCommon" ]
                                       } ]
                                    }, {
                                       "value" : [ "." ]
                                    }, {
                                       "r" : "390",
                                       "s" : [ {
                                          "value" : [ "\"Global Noise Value\""," ( " ]
                                       }, {
                                          "r" : "389",
                                          "s" : [ {
                                             "value" : [ "CTScan" ]
                                          } ]
                                       }, {
                                          "value" : [ " )" ]
                                       } ]
                                    } ]
                                 }, {
                                    "value" : [ " is not null" ]
                                 } ]
                              }, {
                                 "value" : [ "\n      and " ]
                              }, {
                                 "r" : "397",
                                 "s" : [ {
                                    "r" : "395",
                                    "s" : [ {
                                       "r" : "393",
                                       "s" : [ {
                                          "value" : [ "AlaraCommon" ]
                                       } ]
                                    }, {
                                       "value" : [ "." ]
                                    }, {
                                       "r" : "395",
                                       "s" : [ {
                                          "value" : [ "\"Size Adjusted Value\""," ( " ]
                                       }, {
                                          "r" : "394",
                                          "s" : [ {
                                             "value" : [ "CTScan" ]
                                          } ]
                                       }, {
                                          "value" : [ " )" ]
                                       } ]
                                    } ]
                                 }, {
                                    "value" : [ " is not null" ]
                                 } ]
                              } ]
                           }, {
                              "value" : [ "\n      and " ]
                           }, {
                              "r" : "413",
                              "s" : [ {
                                 "r" : "399",
                                 "s" : [ {
                                    "r" : "398",
                                    "s" : [ {
                                       "value" : [ "CTScan" ]
                                    } ]
                                 }, {
                                    "value" : [ "." ]
                                 }, {
                                    "r" : "399",
                                    "s" : [ {
                                       "value" : [ "result" ]
                                    } ]
                                 } ]
                              }, {
                                 "value" : [ " is not null" ]
                              } ]
                           } ]
                        } ]
                     } ]
                  } ]
               }
            } ],
            "resultTypeSpecifier" : {
               "localId" : "417",
               "type" : "ListTypeSpecifier",
               "elementType" : {
                  "localId" : "418",
                  "name" : "{urn:healthit-gov:qdm:v5_6}PositiveDiagnosticStudyPerformed",
                  "type" : "NamedTypeSpecifier"
               }
            },
            "expression" : {
               "localId" : "414",
               "locator" : "44:3-47:35",
               "type" : "Query",
               "resultTypeSpecifier" : {
                  "localId" : "415",
                  "type" : "ListTypeSpecifier",
                  "elementType" : {
                     "localId" : "416",
                     "name" : "{urn:healthit-gov:qdm:v5_6}PositiveDiagnosticStudyPerformed",
                     "type" : "NamedTypeSpecifier"
                  }
               },
               "source" : [ {
                  "localId" : "380",
                  "locator" : "44:3-44:53",
                  "alias" : "CTScan",
                  "resultTypeSpecifier" : {
                     "localId" : "384",
                     "type" : "ListTypeSpecifier",
                     "elementType" : {
                        "localId" : "385",
                        "name" : "{urn:healthit-gov:qdm:v5_6}PositiveDiagnosticStudyPerformed",
                        "type" : "NamedTypeSpecifier"
                     }
                  },
                  "expression" : {
                     "localId" : "381",
                     "locator" : "44:3-44:46",
                     "name" : "Qualified Scan without Inpatient Encounter",
                     "type" : "ExpressionRef",
                     "resultTypeSpecifier" : {
                        "localId" : "382",
                        "type" : "ListTypeSpecifier",
                        "elementType" : {
                           "localId" : "383",
                           "name" : "{urn:healthit-gov:qdm:v5_6}PositiveDiagnosticStudyPerformed",
                           "type" : "NamedTypeSpecifier"
                        }
                     }
                  }
               } ],
               "let" : [ ],
               "relationship" : [ ],
               "where" : {
                  "localId" : "386",
                  "locator" : "45:5-47:35",
                  "resultTypeName" : "{urn:hl7-org:elm-types:r1}Boolean",
                  "type" : "And",
                  "signature" : [ ],
                  "operand" : [ {
                     "localId" : "387",
                     "locator" : "45:11-46:66",
                     "resultTypeName" : "{urn:hl7-org:elm-types:r1}Boolean",
                     "type" : "And",
                     "signature" : [ ],
                     "operand" : [ {
                        "localId" : "392",
                        "locator" : "45:11-45:65",
                        "resultTypeName" : "{urn:hl7-org:elm-types:r1}Boolean",
                        "type" : "Not",
                        "signature" : [ ],
                        "operand" : {
                           "localId" : "391",
                           "locator" : "45:11-45:65",
                           "resultTypeName" : "{urn:hl7-org:elm-types:r1}Boolean",
                           "type" : "IsNull",
                           "signature" : [ ],
                           "operand" : {
                              "localId" : "390",
                              "locator" : "45:11-45:53",
                              "resultTypeName" : "{urn:hl7-org:elm-types:r1}Decimal",
                              "name" : "Global Noise Value",
                              "libraryName" : "AlaraCommon",
                              "type" : "FunctionRef",
                              "signature" : [ ],
                              "operand" : [ {
                                 "localId" : "389",
                                 "locator" : "45:46-45:51",
                                 "resultTypeName" : "{urn:healthit-gov:qdm:v5_6}PositiveDiagnosticStudyPerformed",
                                 "name" : "CTScan",
                                 "type" : "AliasRef"
                              } ]
                           }
                        }
                     }, {
                        "localId" : "397",
                        "locator" : "46:11-46:66",
                        "resultTypeName" : "{urn:hl7-org:elm-types:r1}Boolean",
                        "type" : "Not",
                        "signature" : [ ],
                        "operand" : {
                           "localId" : "396",
                           "locator" : "46:11-46:66",
                           "resultTypeName" : "{urn:hl7-org:elm-types:r1}Boolean",
                           "type" : "IsNull",
                           "signature" : [ ],
                           "operand" : {
                              "localId" : "395",
                              "locator" : "46:11-46:54",
                              "resultTypeName" : "{urn:hl7-org:elm-types:r1}Decimal",
                              "name" : "Size Adjusted Value",
                              "libraryName" : "AlaraCommon",
                              "type" : "FunctionRef",
                              "signature" : [ ],
                              "operand" : [ {
                                 "localId" : "394",
                                 "locator" : "46:47-46:52",
                                 "resultTypeName" : "{urn:healthit-gov:qdm:v5_6}PositiveDiagnosticStudyPerformed",
                                 "name" : "CTScan",
                                 "type" : "AliasRef"
                              } ]
                           }
                        }
                     } ]
                  }, {
                     "localId" : "413",
                     "locator" : "47:11-47:35",
                     "resultTypeName" : "{urn:hl7-org:elm-types:r1}Boolean",
                     "type" : "Not",
                     "signature" : [ ],
                     "operand" : {
                        "localId" : "412",
                        "locator" : "47:11-47:35",
                        "resultTypeName" : "{urn:hl7-org:elm-types:r1}Boolean",
                        "type" : "IsNull",
                        "signature" : [ ],
                        "operand" : {
                           "localId" : "399",
                           "locator" : "47:11-47:23",
                           "path" : "result",
                           "scope" : "CTScan",
                           "type" : "Property",
                           "resultTypeSpecifier" : {
                              "localId" : "406",
                              "type" : "ChoiceTypeSpecifier",
                              "choice" : [ {
                                 "localId" : "407",
                                 "name" : "{urn:hl7-org:elm-types:r1}Integer",
                                 "type" : "NamedTypeSpecifier"
                              }, {
                                 "localId" : "408",
                                 "name" : "{urn:hl7-org:elm-types:r1}Decimal",
                                 "type" : "NamedTypeSpecifier"
                              }, {
                                 "localId" : "409",
                                 "name" : "{urn:hl7-org:elm-types:r1}Code",
                                 "type" : "NamedTypeSpecifier"
                              }, {
                                 "localId" : "410",
                                 "name" : "{urn:hl7-org:elm-types:r1}Quantity",
                                 "type" : "NamedTypeSpecifier"
                              }, {
                                 "localId" : "411",
                                 "name" : "{urn:hl7-org:elm-types:r1}Ratio",
                                 "type" : "NamedTypeSpecifier"
                              } ]
                           }
                        }
                     }
                  } ]
               }
            }
         }, {
            "localId" : "420",
            "locator" : "49:1-50:30",
            "name" : "Denominator",
            "context" : "Patient",
            "accessLevel" : "Public",
            "annotation" : [ {
               "type" : "Annotation",
               "s" : {
                  "r" : "420",
                  "s" : [ {
                     "value" : [ "","define ","\"Denominator\"",":\n  " ]
                  }, {
                     "r" : "421",
                     "s" : [ {
                        "value" : [ "\"Qualified Scan with Values\"" ]
                     } ]
                  } ]
               }
            } ],
            "resultTypeSpecifier" : {
               "localId" : "424",
               "type" : "ListTypeSpecifier",
               "elementType" : {
                  "localId" : "425",
                  "name" : "{urn:healthit-gov:qdm:v5_6}PositiveDiagnosticStudyPerformed",
                  "type" : "NamedTypeSpecifier"
               }
            },
            "expression" : {
               "localId" : "421",
               "locator" : "50:3-50:30",
               "name" : "Qualified Scan with Values",
               "type" : "ExpressionRef",
               "resultTypeSpecifier" : {
                  "localId" : "422",
                  "type" : "ListTypeSpecifier",
                  "elementType" : {
                     "localId" : "423",
                     "name" : "{urn:healthit-gov:qdm:v5_6}PositiveDiagnosticStudyPerformed",
                     "type" : "NamedTypeSpecifier"
                  }
               }
            }
         }, {
            "localId" : "427",
            "locator" : "52:1-54:52",
            "name" : "Numerator",
            "context" : "Patient",
            "accessLevel" : "Public",
            "annotation" : [ {
               "type" : "Annotation",
               "s" : {
                  "r" : "427",
                  "s" : [ {
                     "value" : [ "","define ","\"Numerator\"",":\n  " ]
                  }, {
                     "r" : "437",
                     "s" : [ {
                        "s" : [ {
                           "r" : "428",
                           "s" : [ {
                              "r" : "429",
                              "s" : [ {
                                 "s" : [ {
                                    "value" : [ "\"Qualified Scan with Values\"" ]
                                 } ]
                              } ]
                           }, {
                              "value" : [ " ","CTScan" ]
                           } ]
                        } ]
                     }, {
                        "value" : [ "\n    " ]
                     }, {
                        "r" : "436",
                        "s" : [ {
                           "value" : [ "where " ]
                        }, {
                           "r" : "436",
                           "s" : [ {
                              "r" : "434",
                              "s" : [ {
                                 "value" : [ "AlaraCommon" ]
                              } ]
                           }, {
                              "value" : [ "." ]
                           }, {
                              "r" : "436",
                              "s" : [ {
                                 "value" : [ "\"CT Scan Qualifies\""," ( " ]
                              }, {
                                 "r" : "435",
                                 "s" : [ {
                                    "value" : [ "CTScan" ]
                                 } ]
                              }, {
                                 "value" : [ " )" ]
                              } ]
                           } ]
                        } ]
                     } ]
                  } ]
               }
            } ],
            "resultTypeSpecifier" : {
               "localId" : "440",
               "type" : "ListTypeSpecifier",
               "elementType" : {
                  "localId" : "441",
                  "name" : "{urn:healthit-gov:qdm:v5_6}PositiveDiagnosticStudyPerformed",
                  "type" : "NamedTypeSpecifier"
               }
            },
            "expression" : {
               "localId" : "437",
               "locator" : "53:3-54:52",
               "type" : "Query",
               "resultTypeSpecifier" : {
                  "localId" : "438",
                  "type" : "ListTypeSpecifier",
                  "elementType" : {
                     "localId" : "439",
                     "name" : "{urn:healthit-gov:qdm:v5_6}PositiveDiagnosticStudyPerformed",
                     "type" : "NamedTypeSpecifier"
                  }
               },
               "source" : [ {
                  "localId" : "428",
                  "locator" : "53:3-53:37",
                  "alias" : "CTScan",
                  "resultTypeSpecifier" : {
                     "localId" : "432",
                     "type" : "ListTypeSpecifier",
                     "elementType" : {
                        "localId" : "433",
                        "name" : "{urn:healthit-gov:qdm:v5_6}PositiveDiagnosticStudyPerformed",
                        "type" : "NamedTypeSpecifier"
                     }
                  },
                  "expression" : {
                     "localId" : "429",
                     "locator" : "53:3-53:30",
                     "name" : "Qualified Scan with Values",
                     "type" : "ExpressionRef",
                     "resultTypeSpecifier" : {
                        "localId" : "430",
                        "type" : "ListTypeSpecifier",
                        "elementType" : {
                           "localId" : "431",
                           "name" : "{urn:healthit-gov:qdm:v5_6}PositiveDiagnosticStudyPerformed",
                           "type" : "NamedTypeSpecifier"
                        }
                     }
                  }
               } ],
               "let" : [ ],
               "relationship" : [ ],
               "where" : {
                  "localId" : "436",
                  "locator" : "54:5-54:52",
                  "resultTypeName" : "{urn:hl7-org:elm-types:r1}Boolean",
                  "name" : "CT Scan Qualifies",
                  "libraryName" : "AlaraCommon",
                  "type" : "FunctionRef",
                  "signature" : [ ],
                  "operand" : [ {
                     "localId" : "435",
                     "locator" : "54:45-54:50",
                     "resultTypeName" : "{urn:healthit-gov:qdm:v5_6}PositiveDiagnosticStudyPerformed",
                     "name" : "CTScan",
                     "type" : "AliasRef"
                  } ]
               }
            }
         }, {
            "localId" : "445",
            "locator" : "61:1-63:37",
            "name" : "Denominator Exclusion",
            "context" : "Patient",
            "accessLevel" : "Public",
            "annotation" : [ {
               "type" : "Annotation",
               "s" : {
                  "r" : "445",
                  "s" : [ {
                     "value" : [ "","define ","\"Denominator Exclusion\"",":\n  " ]
                  }, {
                     "r" : "469",
                     "s" : [ {
                        "s" : [ {
                           "r" : "446",
                           "s" : [ {
                              "r" : "447",
                              "s" : [ {
                                 "s" : [ {
                                    "value" : [ "\"Qualified Scan with Values\"" ]
                                 } ]
                              } ]
                           }, {
                              "value" : [ " ","CTScan" ]
                           } ]
                        } ]
                     }, {
                        "value" : [ "\n    " ]
                     }, {
                        "r" : "452",
                        "s" : [ {
                           "value" : [ "where " ]
                        }, {
                           "r" : "452",
                           "s" : [ {
                              "r" : "454",
                              "s" : [ {
                                 "r" : "453",
                                 "s" : [ {
                                    "value" : [ "CTScan" ]
                                 } ]
                              }, {
                                 "value" : [ "." ]
                              }, {
                                 "r" : "454",
                                 "s" : [ {
                                    "value" : [ "result" ]
                                 } ]
                              } ]
                           }, {
                              "value" : [ " ","~"," " ]
                           }, {
                              "r" : "467",
                              "s" : [ {
                                 "value" : [ "\"Full Body\"" ]
                              } ]
                           } ]
                        } ]
                     } ]
                  } ]
               }
            } ],
            "resultTypeSpecifier" : {
               "localId" : "472",
               "type" : "ListTypeSpecifier",
               "elementType" : {
                  "localId" : "473",
                  "name" : "{urn:healthit-gov:qdm:v5_6}PositiveDiagnosticStudyPerformed",
                  "type" : "NamedTypeSpecifier"
               }
            },
            "expression" : {
               "localId" : "469",
               "locator" : "62:3-63:37",
               "type" : "Query",
               "resultTypeSpecifier" : {
                  "localId" : "470",
                  "type" : "ListTypeSpecifier",
                  "elementType" : {
                     "localId" : "471",
                     "name" : "{urn:healthit-gov:qdm:v5_6}PositiveDiagnosticStudyPerformed",
                     "type" : "NamedTypeSpecifier"
                  }
               },
               "source" : [ {
                  "localId" : "446",
                  "locator" : "62:3-62:37",
                  "alias" : "CTScan",
                  "resultTypeSpecifier" : {
                     "localId" : "450",
                     "type" : "ListTypeSpecifier",
                     "elementType" : {
                        "localId" : "451",
                        "name" : "{urn:healthit-gov:qdm:v5_6}PositiveDiagnosticStudyPerformed",
                        "type" : "NamedTypeSpecifier"
                     }
                  },
                  "expression" : {
                     "localId" : "447",
                     "locator" : "62:3-62:30",
                     "name" : "Qualified Scan with Values",
                     "type" : "ExpressionRef",
                     "resultTypeSpecifier" : {
                        "localId" : "448",
                        "type" : "ListTypeSpecifier",
                        "elementType" : {
                           "localId" : "449",
                           "name" : "{urn:healthit-gov:qdm:v5_6}PositiveDiagnosticStudyPerformed",
                           "type" : "NamedTypeSpecifier"
                        }
                     }
                  }
               } ],
               "let" : [ ],
               "relationship" : [ ],
               "where" : {
                  "localId" : "452",
                  "locator" : "63:5-63:37",
                  "resultTypeName" : "{urn:hl7-org:elm-types:r1}Boolean",
                  "type" : "Equivalent",
                  "signature" : [ ],
                  "operand" : [ {
                     "localId" : "468",
                     "asType" : "{urn:hl7-org:elm-types:r1}Code",
                     "type" : "As",
                     "signature" : [ ],
                     "operand" : {
                        "localId" : "454",
                        "locator" : "63:11-63:23",
                        "path" : "result",
                        "scope" : "CTScan",
                        "type" : "Property",
                        "resultTypeSpecifier" : {
                           "localId" : "461",
                           "type" : "ChoiceTypeSpecifier",
                           "choice" : [ {
                              "localId" : "462",
                              "name" : "{urn:hl7-org:elm-types:r1}Integer",
                              "type" : "NamedTypeSpecifier"
                           }, {
                              "localId" : "463",
                              "name" : "{urn:hl7-org:elm-types:r1}Decimal",
                              "type" : "NamedTypeSpecifier"
                           }, {
                              "localId" : "464",
                              "name" : "{urn:hl7-org:elm-types:r1}Code",
                              "type" : "NamedTypeSpecifier"
                           }, {
                              "localId" : "465",
                              "name" : "{urn:hl7-org:elm-types:r1}Quantity",
                              "type" : "NamedTypeSpecifier"
                           }, {
                              "localId" : "466",
                              "name" : "{urn:hl7-org:elm-types:r1}Ratio",
                              "type" : "NamedTypeSpecifier"
                           } ]
                        }
                     }
                  }, {
                     "localId" : "467",
                     "locator" : "63:27-63:37",
                     "resultTypeName" : "{urn:hl7-org:elm-types:r1}Code",
                     "name" : "Full Body",
                     "type" : "CodeRef"
                  } ]
               }
            }
         } ]
      }
   }
}