<?xml version="1.0" encoding="UTF-8"?>
<library xmlns="urn:hl7-org:elm:r1" xmlns:t="urn:hl7-org:elm-types:r1" xmlns:xsi="http://www.w3.org/2001/XMLSchema-instance" xmlns:xsd="http://www.w3.org/2001/XMLSchema" xmlns:fhir="http://hl7.org/fhir" xmlns:qdm43="urn:healthit-gov:qdm:v4_3" xmlns:qdm53="urn:healthit-gov:qdm:v5_3" xmlns:a="urn:hl7-org:cql-annotations:r1">
   <annotation translatorOptions="EnableAnnotations,EnableLocators,DisableListDemotion,DisableListPromotion,DisableMethodInvocation" xsi:type="a:CqlToElmInfo"/>
   <annotation xsi:type="a:Annotation">
      <a:s r="86">
         <a:s>library Hospice version '4.0.000'</a:s>
      </a:s>
   </annotation>
   <identifier id="Hospice" version="4.0.000"/>
   <schemaIdentifier id="urn:hl7-org:elm" version="r1"/>
   <usings>
      <def localIdentifier="System" uri="urn:hl7-org:elm-types:r1"/>
      <def localId="1" locator="3:1-3:23" localIdentifier="QDM" uri="urn:healthit-gov:qdm:v5_6" version="5.6">
         <annotation xsi:type="a:Annotation">
            <a:s r="1">
               <a:s>using </a:s>
               <a:s>
                  <a:s>QDM</a:s>
               </a:s>
               <a:s> version '5.6'</a:s>
            </a:s>
         </annotation>
      </def>
   </usings>
   <includes>
      <def localId="2" locator="5:1-5:64" localIdentifier="Global" path="MATGlobalCommonFunctions" version="7.0.000">
         <annotation xsi:type="a:Annotation">
            <a:s r="2">
               <a:s>include </a:s>
               <a:s>
                  <a:s>MATGlobalCommonFunctions</a:s>
               </a:s>
               <a:s> version '7.0.000' called Global</a:s>
            </a:s>
         </annotation>
      </def>
   </includes>
   <parameters>
      <def localId="18" locator="19:1-19:49" name="Measurement Period" accessLevel="Public">
         <annotation xsi:type="a:Annotation">
            <a:s r="18">
               <a:s>parameter &quot;Measurement Period&quot; </a:s>
               <a:s r="17">
                  <a:s>Interval&lt;</a:s>
                  <a:s r="16">
                     <a:s>DateTime</a:s>
                  </a:s>
                  <a:s>></a:s>
               </a:s>
            </a:s>
         </annotation>
         <parameterTypeSpecifier localId="17" locator="19:32-19:49" xsi:type="IntervalTypeSpecifier">
            <pointType localId="16" locator="19:41-19:48" name="t:DateTime" xsi:type="NamedTypeSpecifier"/>
         </parameterTypeSpecifier>
      </def>
   </parameters>
   <codeSystems>
      <def localId="3" locator="7:1-7:55" name="SNOMEDCT" id="urn:oid:2.16.840.1.113883.6.96" accessLevel="Public">
         <annotation xsi:type="a:Annotation">
            <a:s r="3">
               <a:s>codesystem &quot;SNOMEDCT&quot;: 'urn:oid:2.16.840.1.113883.6.96'</a:s>
            </a:s>
         </annotation>
      </def>
      <def localId="4" locator="8:1-8:51" name="LOINC" id="urn:oid:2.16.840.1.113883.6.1" accessLevel="Public">
         <annotation xsi:type="a:Annotation">
            <a:s r="4">
               <a:s>codesystem &quot;LOINC&quot;: 'urn:oid:2.16.840.1.113883.6.1'</a:s>
            </a:s>
         </annotation>
      </def>
   </codeSystems>
   <valueSets>
      <def localId="5" locator="10:1-10:71" name="Encounter Inpatient" id="urn:oid:2.16.840.1.113883.3.666.5.307" accessLevel="Public">
         <annotation xsi:type="a:Annotation">
            <a:s r="5">
               <a:s>valueset &quot;Encounter Inpatient&quot;: 'urn:oid:2.16.840.1.113883.3.666.5.307'</a:s>
            </a:s>
         </annotation>
      </def>
      <def localId="6" locator="11:1-11:76" name="Hospice Care Ambulatory" id="urn:oid:2.16.840.1.113883.3.526.3.1584" accessLevel="Public">
         <annotation xsi:type="a:Annotation">
            <a:s r="6">
               <a:s>valueset &quot;Hospice Care Ambulatory&quot;: 'urn:oid:2.16.840.1.113883.3.526.3.1584'</a:s>
            </a:s>
         </annotation>
      </def>
      <def localId="7" locator="12:1-12:73" name="Hospice Encounter" id="urn:oid:2.16.840.1.113883.3.464.1003.1003" accessLevel="Public">
         <annotation xsi:type="a:Annotation">
            <a:s r="7">
               <a:s>valueset &quot;Hospice Encounter&quot;: 'urn:oid:2.16.840.1.113883.3.464.1003.1003'</a:s>
            </a:s>
         </annotation>
      </def>
   </valueSets>
   <codes>
      <def localId="9" locator="14:1-14:175" name="Discharge to healthcare facility for hospice care (procedure)" id="428371000124100" display="Discharge to healthcare facility for hospice care (procedure)" accessLevel="Public">
         <annotation xsi:type="a:Annotation">
            <a:s r="9">
               <a:s>code &quot;Discharge to healthcare facility for hospice care (procedure)&quot;: '428371000124100' from </a:s>
               <a:s r="8">
                  <a:s>&quot;SNOMEDCT&quot;</a:s>
               </a:s>
               <a:s> display 'Discharge to healthcare facility for hospice care (procedure)'</a:s>
            </a:s>
         </annotation>
         <codeSystem localId="8" locator="14:94-14:103" name="SNOMEDCT"/>
      </def>
      <def localId="11" locator="15:1-15:145" name="Discharge to home for hospice care (procedure)" id="428361000124107" display="Discharge to home for hospice care (procedure)" accessLevel="Public">
         <annotation xsi:type="a:Annotation">
            <a:s r="11">
               <a:s>code &quot;Discharge to home for hospice care (procedure)&quot;: '428361000124107' from </a:s>
               <a:s r="10">
                  <a:s>&quot;SNOMEDCT&quot;</a:s>
               </a:s>
               <a:s> display 'Discharge to home for hospice care (procedure)'</a:s>
            </a:s>
         </annotation>
         <codeSystem localId="10" locator="15:79-15:88" name="SNOMEDCT"/>
      </def>
      <def localId="13" locator="16:1-16:104" name="Hospice care [Minimum Data Set]" id="45755-6" display="Hospice care [Minimum Data Set]" accessLevel="Public">
         <annotation xsi:type="a:Annotation">
            <a:s r="13">
               <a:s>code &quot;Hospice care [Minimum Data Set]&quot;: '45755-6' from </a:s>
               <a:s r="12">
                  <a:s>&quot;LOINC&quot;</a:s>
               </a:s>
               <a:s> display 'Hospice care [Minimum Data Set]'</a:s>
            </a:s>
         </annotation>
         <codeSystem localId="12" locator="16:56-16:62" name="LOINC"/>
      </def>
      <def localId="15" locator="17:1-17:89" name="Yes (qualifier value)" id="373066001" display="Yes (qualifier value)" accessLevel="Public">
         <annotation xsi:type="a:Annotation">
            <a:s r="15">
               <a:s>code &quot;Yes (qualifier value)&quot;: '373066001' from </a:s>
               <a:s r="14">
                  <a:s>&quot;SNOMEDCT&quot;</a:s>
               </a:s>
               <a:s> display 'Yes (qualifier value)'</a:s>
            </a:s>
         </annotation>
         <codeSystem localId="14" locator="17:48-17:57" name="SNOMEDCT"/>
      </def>
   </codes>
   <contexts>
      <def locator="21:1-21:15" name="Patient"/>
   </contexts>
   <statements>
      <def locator="21:1-21:15" name="Patient" context="Patient">
         <expression xsi:type="SingletonFrom">
            <operand locator="21:1-21:15" xmlns:ns0="urn:healthit-gov:qdm:v5_6" dataType="ns0:Patient" templateId="Patient" xsi:type="Retrieve"/>
         </expression>
      </def>
      <def localId="86" locator="23:1-42:5" name="Has Hospice Services" context="Patient" accessLevel="Public">
         <annotation xsi:type="a:Annotation">
            <a:s r="86">
               <a:s>define &quot;Has Hospice Services&quot;:
  </a:s>
               <a:s r="85">
                  <a:s r="72">
                     <a:s r="63">
                        <a:s r="45">
                           <a:s r="36">
                              <a:s>exists </a:s>
                              <a:s r="35">
                                 <a:s>( </a:s>
                                 <a:s r="35">
                                    <a:s>
                                       <a:s r="20">
                                          <a:s r="19">
                                             <a:s r="19">
                                                <a:s>[&quot;Encounter, Performed&quot;: </a:s>
                                                <a:s>
                                                   <a:s>&quot;Encounter Inpatient&quot;</a:s>
                                                </a:s>
                                                <a:s>]</a:s>
                                             </a:s>
                                          </a:s>
                                          <a:s> InpatientEncounter</a:s>
                                       </a:s>
                                    </a:s>
                                    <a:s>
      </a:s>
                                    <a:s r="34">
                                       <a:s>where </a:s>
                                       <a:s r="34">
                                          <a:s r="29">
                                             <a:s>( </a:s>
                                             <a:s r="29">
                                                <a:s r="24">
                                                   <a:s r="22">
                                                      <a:s r="21">
                                                         <a:s>InpatientEncounter</a:s>
                                                      </a:s>
                                                      <a:s>.</a:s>
                                                      <a:s r="22">
                                                         <a:s>dischargeDisposition</a:s>
                                                      </a:s>
                                                   </a:s>
                                                   <a:s> ~ </a:s>
                                                   <a:s r="23">
                                                      <a:s>&quot;Discharge to home for hospice care (procedure)&quot;</a:s>
                                                   </a:s>
                                                </a:s>
                                                <a:s>
          or </a:s>
                                                <a:s r="28">
                                                   <a:s r="26">
                                                      <a:s r="25">
                                                         <a:s>InpatientEncounter</a:s>
                                                      </a:s>
                                                      <a:s>.</a:s>
                                                      <a:s r="26">
                                                         <a:s>dischargeDisposition</a:s>
                                                      </a:s>
                                                   </a:s>
                                                   <a:s> ~ </a:s>
                                                   <a:s r="27">
                                                      <a:s>&quot;Discharge to healthcare facility for hospice care (procedure)&quot;</a:s>
                                                   </a:s>
                                                </a:s>
                                             </a:s>
                                             <a:s>
      )</a:s>
                                          </a:s>
                                          <a:s>
        and </a:s>
                                          <a:s r="33">
                                             <a:s r="31">
                                                <a:s r="30">
                                                   <a:s>InpatientEncounter</a:s>
                                                </a:s>
                                                <a:s>.</a:s>
                                                <a:s r="31">
                                                   <a:s>relevantPeriod</a:s>
                                                </a:s>
                                             </a:s>
                                             <a:s r="33"> ends during day of </a:s>
                                             <a:s r="32">
                                                <a:s>&quot;Measurement Period&quot;</a:s>
                                             </a:s>
                                          </a:s>
                                       </a:s>
                                    </a:s>
                                 </a:s>
                                 <a:s>
  )</a:s>
                              </a:s>
                           </a:s>
                           <a:s>
    or </a:s>
                           <a:s r="44">
                              <a:s>exists </a:s>
                              <a:s r="43">
                                 <a:s>( </a:s>
                                 <a:s r="43">
                                    <a:s>
                                       <a:s r="38">
                                          <a:s r="37">
                                             <a:s r="37">
                                                <a:s>[&quot;Encounter, Performed&quot;: </a:s>
                                                <a:s>
                                                   <a:s>&quot;Hospice Encounter&quot;</a:s>
                                                </a:s>
                                                <a:s>]</a:s>
                                             </a:s>
                                          </a:s>
                                          <a:s> HospiceEncounter</a:s>
                                       </a:s>
                                    </a:s>
                                    <a:s>
        </a:s>
                                    <a:s r="42">
                                       <a:s>where </a:s>
                                       <a:s r="42">
                                          <a:s r="40">
                                             <a:s r="39">
                                                <a:s>HospiceEncounter</a:s>
                                             </a:s>
                                             <a:s>.</a:s>
                                             <a:s r="40">
                                                <a:s>relevantPeriod</a:s>
                                             </a:s>
                                          </a:s>
                                          <a:s r="42"> overlaps </a:s>
                                          <a:s r="41">
                                             <a:s>&quot;Measurement Period&quot;</a:s>
                                          </a:s>
                                       </a:s>
                                    </a:s>
                                 </a:s>
                                 <a:s>
    )</a:s>
                              </a:s>
                           </a:s>
                        </a:s>
                        <a:s>
    or </a:s>
                        <a:s r="62">
                           <a:s>exists </a:s>
                           <a:s r="61">
                              <a:s>( </a:s>
                              <a:s r="61">
                                 <a:s>
                                    <a:s r="47">
                                       <a:s r="46">
                                          <a:s r="46">
                                             <a:s>[&quot;Assessment, Performed&quot;: </a:s>
                                             <a:s>
                                                <a:s>&quot;Hospice care [Minimum Data Set]&quot;</a:s>
                                             </a:s>
                                             <a:s>]</a:s>
                                          </a:s>
                                       </a:s>
                                       <a:s> HospiceAssessment</a:s>
                                    </a:s>
                                 </a:s>
                                 <a:s>
        </a:s>
                                 <a:s r="60">
                                    <a:s>where </a:s>
                                    <a:s r="60">
                                       <a:s r="51">
                                          <a:s r="49">
                                             <a:s r="48">
                                                <a:s>HospiceAssessment</a:s>
                                             </a:s>
                                             <a:s>.</a:s>
                                             <a:s r="49">
                                                <a:s>result</a:s>
                                             </a:s>
                                          </a:s>
                                          <a:s> ~ </a:s>
                                          <a:s r="50">
                                             <a:s>&quot;Yes (qualifier value)&quot;</a:s>
                                          </a:s>
                                       </a:s>
                                       <a:s>
          and </a:s>
                                       <a:s r="59">
                                          <a:s r="57">
                                             <a:s r="52">
                                                <a:s>Global</a:s>
                                             </a:s>
                                             <a:s>.</a:s>
                                             <a:s r="57">
                                                <a:s>&quot;NormalizeInterval&quot; ( </a:s>
                                                <a:s r="54">
                                                   <a:s r="53">
                                                      <a:s>HospiceAssessment</a:s>
                                                   </a:s>
                                                   <a:s>.</a:s>
                                                   <a:s r="54">
                                                      <a:s>relevantDatetime</a:s>
                                                   </a:s>
                                                </a:s>
                                                <a:s>, </a:s>
                                                <a:s r="56">
                                                   <a:s r="55">
                                                      <a:s>HospiceAssessment</a:s>
                                                   </a:s>
                                                   <a:s>.</a:s>
                                                   <a:s r="56">
                                                      <a:s>relevantPeriod</a:s>
                                                   </a:s>
                                                </a:s>
                                                <a:s> )</a:s>
                                             </a:s>
                                          </a:s>
                                          <a:s r="59"> overlaps </a:s>
                                          <a:s r="58">
                                             <a:s>&quot;Measurement Period&quot;</a:s>
                                          </a:s>
                                       </a:s>
                                    </a:s>
                                 </a:s>
                              </a:s>
                              <a:s>
    )</a:s>
                           </a:s>
                        </a:s>
                     </a:s>
                     <a:s>
    or </a:s>
                     <a:s r="71">
                        <a:s>exists </a:s>
                        <a:s r="70">
                           <a:s>( </a:s>
                           <a:s r="70">
                              <a:s>
                                 <a:s r="65">
                                    <a:s r="64">
                                       <a:s r="64">
                                          <a:s>[&quot;Intervention, Order&quot;: </a:s>
                                          <a:s>
                                             <a:s>&quot;Hospice Care Ambulatory&quot;</a:s>
                                          </a:s>
                                          <a:s>]</a:s>
                                       </a:s>
                                    </a:s>
                                    <a:s> HospiceOrder</a:s>
                                 </a:s>
                              </a:s>
                              <a:s>
        </a:s>
                              <a:s r="69">
                                 <a:s>where </a:s>
                                 <a:s r="69">
                                    <a:s r="67">
                                       <a:s r="66">
                                          <a:s>HospiceOrder</a:s>
                                       </a:s>
                                       <a:s>.</a:s>
                                       <a:s r="67">
                                          <a:s>authorDatetime</a:s>
                                       </a:s>
                                    </a:s>
                                    <a:s r="69"> during day of </a:s>
                                    <a:s r="68">
                                       <a:s>&quot;Measurement Period&quot;</a:s>
                                    </a:s>
                                 </a:s>
                              </a:s>
                           </a:s>
                           <a:s>
    )</a:s>
                        </a:s>
                     </a:s>
                  </a:s>
                  <a:s>
    or </a:s>
                  <a:s r="84">
                     <a:s>exists </a:s>
                     <a:s r="83">
                        <a:s>( </a:s>
                        <a:s r="83">
                           <a:s>
                              <a:s r="74">
                                 <a:s r="73">
                                    <a:s r="73">
                                       <a:s>[&quot;Intervention, Performed&quot;: </a:s>
                                       <a:s>
                                          <a:s>&quot;Hospice Care Ambulatory&quot;</a:s>
                                       </a:s>
                                       <a:s>]</a:s>
                                    </a:s>
                                 </a:s>
                                 <a:s> HospicePerformed</a:s>
                              </a:s>
                           </a:s>
                           <a:s>
        </a:s>
                           <a:s r="82">
                              <a:s>where </a:s>
                              <a:s r="82">
                                 <a:s r="80">
                                    <a:s r="75">
                                       <a:s>Global</a:s>
                                    </a:s>
                                    <a:s>.</a:s>
                                    <a:s r="80">
                                       <a:s>&quot;NormalizeInterval&quot; ( </a:s>
                                       <a:s r="77">
                                          <a:s r="76">
                                             <a:s>HospicePerformed</a:s>
                                          </a:s>
                                          <a:s>.</a:s>
                                          <a:s r="77">
                                             <a:s>relevantDatetime</a:s>
                                          </a:s>
                                       </a:s>
                                       <a:s>, </a:s>
                                       <a:s r="79">
                                          <a:s r="78">
                                             <a:s>HospicePerformed</a:s>
                                          </a:s>
                                          <a:s>.</a:s>
                                          <a:s r="79">
                                             <a:s>relevantPeriod</a:s>
                                          </a:s>
                                       </a:s>
                                       <a:s> )</a:s>
                                    </a:s>
                                 </a:s>
                                 <a:s r="82"> overlaps </a:s>
                                 <a:s r="81">
                                    <a:s>&quot;Measurement Period&quot;</a:s>
                                 </a:s>
                              </a:s>
                           </a:s>
                        </a:s>
                        <a:s>
    )</a:s>
                     </a:s>
                  </a:s>
               </a:s>
            </a:s>
         </annotation>
         <expression localId="85" locator="24:3-42:5" xsi:type="Or">
            <operand localId="72" locator="24:3-39:5" xsi:type="Or">
               <operand localId="63" locator="24:3-36:5" xsi:type="Or">
                  <operand localId="45" locator="24:3-32:5" xsi:type="Or">
                     <operand localId="36" locator="24:3-29:3" xsi:type="Exists">
                        <operand localId="35" locator="24:10-29:3" xsi:type="Query">
                           <source localId="20" locator="24:12-24:77" alias="InpatientEncounter">
                              <expression localId="19" locator="24:12-24:58" xmlns:ns1="urn:healthit-gov:qdm:v5_6" dataType="ns1:PositiveEncounterPerformed" templateId="PositiveEncounterPerformed" codeProperty="code" codeComparator="in" xsi:type="Retrieve">
                                 <codes locator="24:37-24:57" name="Encounter Inpatient" xsi:type="ValueSetRef"/>
                              </expression>
                           </source>
                           <where localId="34" locator="25:7-28:85" xsi:type="And">
                              <operand localId="29" locator="25:13-27:7" xsi:type="Or">
                                 <operand localId="24" locator="25:15-25:104" xsi:type="Equivalent">
                                    <operand localId="22" locator="25:15-25:53" path="dischargeDisposition" scope="InpatientEncounter" xsi:type="Property"/>
                                    <operand localId="23" locator="25:57-25:104" name="Discharge to home for hospice care (procedure)" xsi:type="CodeRef"/>
                                 </operand>
                                 <operand localId="28" locator="26:14-26:118" xsi:type="Equivalent">
                                    <operand localId="26" locator="26:14-26:52" path="dischargeDisposition" scope="InpatientEncounter" xsi:type="Property"/>
                                    <operand localId="27" locator="26:56-26:118" name="Discharge to healthcare facility for hospice care (procedure)" xsi:type="CodeRef"/>
                                 </operand>
                              </operand>
                              <operand localId="33" locator="28:13-28:85" precision="Day" xsi:type="In">
                                 <operand locator="28:47-28:50" xsi:type="End">
                                    <operand localId="31" locator="28:13-28:45" path="relevantPeriod" scope="InpatientEncounter" xsi:type="Property"/>
                                 </operand>
                                 <operand localId="32" locator="28:66-28:85" name="Measurement Period" xsi:type="ParameterRef"/>
                              </operand>
                           </where>
                        </operand>
                     </operand>
                     <operand localId="44" locator="30:8-32:5" xsi:type="Exists">
                        <operand localId="43" locator="30:15-32:5" xsi:type="Query">
                           <source localId="38" locator="30:17-30:78" alias="HospiceEncounter">
                              <expression localId="37" locator="30:17-30:61" xmlns:ns2="urn:healthit-gov:qdm:v5_6" dataType="ns2:PositiveEncounterPerformed" templateId="PositiveEncounterPerformed" codeProperty="code" codeComparator="in" xsi:type="Retrieve">
                                 <codes locator="30:42-30:60" name="Hospice Encounter" xsi:type="ValueSetRef"/>
                              </expression>
                           </source>
                           <where localId="42" locator="31:9-31:75" xsi:type="Overlaps">
                              <operand localId="40" locator="31:15-31:45" path="relevantPeriod" scope="HospiceEncounter" xsi:type="Property"/>
                              <operand localId="41" locator="31:56-31:75" name="Measurement Period" xsi:type="ParameterRef"/>
                           </where>
                        </operand>
                     </operand>
                  </operand>
                  <operand localId="62" locator="33:8-36:5" xsi:type="Exists">
                     <operand localId="61" locator="33:15-36:5" xsi:type="Query">
                        <source localId="47" locator="33:17-33:94" alias="HospiceAssessment">
                           <expression localId="46" locator="33:17-33:76" xmlns:ns3="urn:healthit-gov:qdm:v5_6" dataType="ns3:PositiveAssessmentPerformed" templateId="PositiveAssessmentPerformed" codeProperty="code" codeComparator="~" xsi:type="Retrieve">
                              <codes xsi:type="ToList">
                                 <operand locator="33:43-33:75" name="Hospice care [Minimum Data Set]" xsi:type="CodeRef"/>
                              </codes>
                           </expression>
                        </source>
                        <where localId="60" locator="34:9-35:143" xsi:type="And">
                           <operand localId="51" locator="34:15-34:64" xsi:type="Equivalent">
                              <operand asType="t:Code" xsi:type="As">
                                 <operand localId="49" locator="34:15-34:38" path="result" scope="HospiceAssessment" xsi:type="Property"/>
                              </operand>
                              <operand localId="50" locator="34:42-34:64" name="Yes (qualifier value)" xsi:type="CodeRef"/>
                           </operand>
                           <operand localId="59" locator="35:15-35:143" xsi:type="Overlaps">
                              <operand localId="57" locator="35:15-35:113" name="NormalizeInterval" libraryName="Global" xsi:type="FunctionRef">
                                 <operand localId="54" locator="35:44-35:77" path="relevantDatetime" scope="HospiceAssessment" xsi:type="Property"/>
                                 <operand localId="56" locator="35:80-35:111" path="relevantPeriod" scope="HospiceAssessment" xsi:type="Property"/>
                              </operand>
                              <operand localId="58" locator="35:124-35:143" name="Measurement Period" xsi:type="ParameterRef"/>
                           </operand>
                        </where>
                     </operand>
                  </operand>
               </operand>
               <operand localId="71" locator="37:8-39:5" xsi:type="Exists">
                  <operand localId="70" locator="37:15-39:5" xsi:type="Query">
                     <source localId="65" locator="37:17-37:79" alias="HospiceOrder">
                        <expression localId="64" locator="37:17-37:66" xmlns:ns4="urn:healthit-gov:qdm:v5_6" dataType="ns4:PositiveInterventionOrder" templateId="PositiveInterventionOrder" codeProperty="code" codeComparator="in" xsi:type="Retrieve">
                           <codes locator="37:41-37:65" name="Hospice Care Ambulatory" xsi:type="ValueSetRef"/>
                        </expression>
                     </source>
                     <where localId="69" locator="38:9-38:76" precision="Day" xsi:type="In">
                        <operand localId="67" locator="38:15-38:41" path="authorDatetime" scope="HospiceOrder" xsi:type="Property"/>
                        <operand localId="68" locator="38:57-38:76" name="Measurement Period" xsi:type="ParameterRef"/>
                     </where>
                  </operand>
               </operand>
            </operand>
            <operand localId="84" locator="40:8-42:5" xsi:type="Exists">
               <operand localId="83" locator="40:15-42:5" xsi:type="Query">
                  <source localId="74" locator="40:17-40:87" alias="HospicePerformed">
                     <expression localId="73" locator="40:17-40:70" xmlns:ns5="urn:healthit-gov:qdm:v5_6" dataType="ns5:PositiveInterventionPerformed" templateId="PositiveInterventionPerformed" codeProperty="code" codeComparator="in" xsi:type="Retrieve">
                        <codes locator="40:45-40:69" name="Hospice Care Ambulatory" xsi:type="ValueSetRef"/>
                     </expression>
                  </source>
                  <where localId="82" locator="41:9-41:141" xsi:type="Overlaps">
                     <operand localId="80" locator="41:15-41:111" name="NormalizeInterval" libraryName="Global" xsi:type="FunctionRef">
                        <operand localId="77" locator="41:44-41:76" path="relevantDatetime" scope="HospicePerformed" xsi:type="Property"/>
                        <operand localId="79" locator="41:79-41:109" path="relevantPeriod" scope="HospicePerformed" xsi:type="Property"/>
                     </operand>
                     <operand localId="81" locator="41:122-41:141" name="Measurement Period" xsi:type="ParameterRef"/>
                  </where>
               </operand>
            </operand>
         </expression>
      </def>
   </statements>
</library>
