{
   "library" : {
      "annotation" : [ {
         "translatorOptions" : "EnableAnnotations,EnableLocators,DisableListDemotion,DisableListPromotion,DisableMethodInvocation",
         "type" : "CqlToElmInfo"
      }, {
         "type" : "Annotation",
         "s" : {
            "r" : "95",
            "s" : [ {
               "value" : [ "","library ChildandAdolescentMajorDepressiveDisorderMDDSuicideRiskAssessment version '12.0.000'" ]
            } ]
         }
      } ],
      "identifier" : {
         "id" : "ChildandAdolescentMajorDepressiveDisorderMDDSuicideRiskAssessment",
         "version" : "12.0.000"
      },
      "schemaIdentifier" : {
         "id" : "urn:hl7-org:elm",
         "version" : "r1"
      },
      "usings" : {
         "def" : [ {
            "localIdentifier" : "System",
            "uri" : "urn:hl7-org:elm-types:r1"
         }, {
            "localId" : "1",
            "locator" : "3:1-3:23",
            "localIdentifier" : "QDM",
            "uri" : "urn:healthit-gov:qdm:v5_6",
            "version" : "5.6",
            "annotation" : [ {
               "type" : "Annotation",
               "s" : {
                  "r" : "1",
                  "s" : [ {
                     "value" : [ "","using " ]
                  }, {
                     "s" : [ {
                        "value" : [ "QDM" ]
                     } ]
                  }, {
                     "value" : [ " version ","'5.6'" ]
                  } ]
               }
            } ]
         } ]
      },
      "includes" : {
         "def" : [ {
            "localId" : "2",
            "locator" : "5:1-5:64",
            "localIdentifier" : "Global",
            "path" : "MATGlobalCommonFunctions",
            "version" : "7.0.000",
            "annotation" : [ {
               "type" : "Annotation",
               "s" : {
                  "r" : "2",
                  "s" : [ {
                     "value" : [ "","include " ]
                  }, {
                     "s" : [ {
                        "value" : [ "MATGlobalCommonFunctions" ]
                     } ]
                  }, {
                     "value" : [ " version ","'7.0.000'"," called ","Global" ]
                  } ]
               }
            } ]
         } ]
      },
      "parameters" : {
         "def" : [ {
            "localId" : "21",
            "locator" : "25:1-25:49",
            "name" : "Measurement Period",
            "accessLevel" : "Public",
            "annotation" : [ {
               "type" : "Annotation",
               "s" : {
                  "r" : "21",
                  "s" : [ {
                     "value" : [ "","parameter ","\"Measurement Period\""," " ]
                  }, {
                     "r" : "20",
                     "s" : [ {
                        "value" : [ "Interval<" ]
                     }, {
                        "r" : "19",
                        "s" : [ {
                           "value" : [ "DateTime" ]
                        } ]
                     }, {
                        "value" : [ ">" ]
                     } ]
                  } ]
               }
            } ],
            "parameterTypeSpecifier" : {
               "localId" : "20",
               "locator" : "25:32-25:49",
               "type" : "IntervalTypeSpecifier",
               "pointType" : {
                  "localId" : "19",
                  "locator" : "25:41-25:48",
                  "name" : "{urn:hl7-org:elm-types:r1}DateTime",
                  "type" : "NamedTypeSpecifier"
               }
            }
         } ]
      },
      "codeSystems" : {
         "def" : [ {
            "localId" : "3",
            "locator" : "7:1-7:55",
            "name" : "SNOMEDCT",
            "id" : "urn:oid:2.16.840.1.113883.6.96",
            "accessLevel" : "Public",
            "annotation" : [ {
               "type" : "Annotation",
               "s" : {
                  "r" : "3",
                  "s" : [ {
                     "value" : [ "","codesystem ","\"SNOMEDCT\"",": ","'urn:oid:2.16.840.1.113883.6.96'" ]
                  } ]
               }
            } ]
         } ]
      },
      "valueSets" : {
         "def" : [ {
            "localId" : "4",
            "locator" : "9:1-9:58",
            "name" : "Ethnicity",
            "id" : "urn:oid:2.16.840.1.114222.4.11.837",
            "accessLevel" : "Public",
            "annotation" : [ {
               "type" : "Annotation",
               "s" : {
                  "r" : "4",
                  "s" : [ {
                     "value" : [ "","valueset ","\"Ethnicity\"",": ","'urn:oid:2.16.840.1.114222.4.11.837'" ]
                  } ]
               }
            } ]
         }, {
            "localId" : "5",
            "locator" : "10:1-10:72",
            "name" : "Group Psychotherapy",
            "id" : "urn:oid:2.16.840.1.113883.3.526.3.1187",
            "accessLevel" : "Public",
            "annotation" : [ {
               "type" : "Annotation",
               "s" : {
                  "r" : "5",
                  "s" : [ {
                     "value" : [ "","valueset ","\"Group Psychotherapy\"",": ","'urn:oid:2.16.840.1.113883.3.526.3.1187'" ]
                  } ]
               }
            } ]
         }, {
            "localId" : "6",
            "locator" : "11:1-11:85",
            "name" : "Major Depressive Disorder Active",
            "id" : "urn:oid:2.16.840.1.113883.3.526.3.1491",
            "accessLevel" : "Public",
            "annotation" : [ {
               "type" : "Annotation",
               "s" : {
                  "r" : "6",
                  "s" : [ {
                     "value" : [ "","valueset ","\"Major Depressive Disorder Active\"",": ","'urn:oid:2.16.840.1.113883.3.526.3.1491'" ]
                  } ]
               }
            } ]
         }, {
            "localId" : "7",
            "locator" : "12:1-12:75",
            "name" : "Office Visit",
            "id" : "urn:oid:2.16.840.1.113883.3.464.1003.101.12.1001",
            "accessLevel" : "Public",
            "annotation" : [ {
               "type" : "Annotation",
               "s" : {
                  "r" : "7",
                  "s" : [ {
                     "value" : [ "","valueset ","\"Office Visit\"",": ","'urn:oid:2.16.840.1.113883.3.464.1003.101.12.1001'" ]
                  } ]
               }
            } ]
         }, {
            "localId" : "8",
            "locator" : "13:1-13:68",
            "name" : "ONC Administrative Sex",
            "id" : "urn:oid:2.16.840.1.113762.1.4.1",
            "accessLevel" : "Public",
            "annotation" : [ {
               "type" : "Annotation",
               "s" : {
                  "r" : "8",
                  "s" : [ {
                     "value" : [ "","valueset ","\"ONC Administrative Sex\"",": ","'urn:oid:2.16.840.1.113762.1.4.1'" ]
                  } ]
               }
            } ]
         }, {
            "localId" : "9",
            "locator" : "14:1-14:86",
            "name" : "Outpatient Consultation",
            "id" : "urn:oid:2.16.840.1.113883.3.464.1003.101.12.1008",
            "accessLevel" : "Public",
            "annotation" : [ {
               "type" : "Annotation",
               "s" : {
                  "r" : "9",
                  "s" : [ {
                     "value" : [ "","valueset ","\"Outpatient Consultation\"",": ","'urn:oid:2.16.840.1.113883.3.464.1003.101.12.1008'" ]
                  } ]
               }
            } ]
         }, {
            "localId" : "10",
            "locator" : "15:1-15:55",
            "name" : "Payer",
            "id" : "urn:oid:2.16.840.1.114222.4.11.3591",
            "accessLevel" : "Public",
            "annotation" : [ {
               "type" : "Annotation",
               "s" : {
                  "r" : "10",
                  "s" : [ {
                     "value" : [ "","valueset ","\"Payer\"",": ","'urn:oid:2.16.840.1.114222.4.11.3591'" ]
                  } ]
               }
            } ]
         }, {
            "localId" : "11",
            "locator" : "16:1-16:86",
            "name" : "Psych Visit Diagnostic Evaluation",
            "id" : "urn:oid:2.16.840.1.113883.3.526.3.1492",
            "accessLevel" : "Public",
            "annotation" : [ {
               "type" : "Annotation",
               "s" : {
                  "r" : "11",
                  "s" : [ {
                     "value" : [ "","valueset ","\"Psych Visit Diagnostic Evaluation\"",": ","'urn:oid:2.16.840.1.113883.3.526.3.1492'" ]
                  } ]
               }
            } ]
         }, {
            "localId" : "12",
            "locator" : "17:1-17:89",
            "name" : "Psych Visit for Family Psychotherapy",
            "id" : "urn:oid:2.16.840.1.113883.3.526.3.1018",
            "accessLevel" : "Public",
            "annotation" : [ {
               "type" : "Annotation",
               "s" : {
                  "r" : "12",
                  "s" : [ {
                     "value" : [ "","valueset ","\"Psych Visit for Family Psychotherapy\"",": ","'urn:oid:2.16.840.1.113883.3.526.3.1018'" ]
                  } ]
               }
            } ]
         }, {
            "localId" : "13",
            "locator" : "18:1-18:78",
            "name" : "Psych Visit Psychotherapy",
            "id" : "urn:oid:2.16.840.1.113883.3.526.3.1496",
            "accessLevel" : "Public",
            "annotation" : [ {
               "type" : "Annotation",
               "s" : {
                  "r" : "13",
                  "s" : [ {
                     "value" : [ "","valueset ","\"Psych Visit Psychotherapy\"",": ","'urn:oid:2.16.840.1.113883.3.526.3.1496'" ]
                  } ]
               }
            } ]
         }, {
            "localId" : "14",
            "locator" : "19:1-19:67",
            "name" : "Psychoanalysis",
            "id" : "urn:oid:2.16.840.1.113883.3.526.3.1141",
            "accessLevel" : "Public",
            "annotation" : [ {
               "type" : "Annotation",
               "s" : {
                  "r" : "14",
                  "s" : [ {
                     "value" : [ "","valueset ","\"Psychoanalysis\"",": ","'urn:oid:2.16.840.1.113883.3.526.3.1141'" ]
                  } ]
               }
            } ]
         }, {
            "localId" : "15",
            "locator" : "20:1-20:53",
            "name" : "Race",
            "id" : "urn:oid:2.16.840.1.114222.4.11.836",
            "accessLevel" : "Public",
            "annotation" : [ {
               "type" : "Annotation",
               "s" : {
                  "r" : "15",
                  "s" : [ {
                     "value" : [ "","valueset ","\"Race\"",": ","'urn:oid:2.16.840.1.114222.4.11.836'" ]
                  } ]
               }
            } ]
         }, {
            "localId" : "16",
            "locator" : "21:1-21:82",
            "name" : "Telehealth Services",
            "id" : "urn:oid:2.16.840.1.113883.3.464.1003.101.12.1031",
            "accessLevel" : "Public",
            "annotation" : [ {
               "type" : "Annotation",
               "s" : {
                  "r" : "16",
                  "s" : [ {
                     "value" : [ "","valueset ","\"Telehealth Services\"",": ","'urn:oid:2.16.840.1.113883.3.464.1003.101.12.1031'" ]
                  } ]
               }
            } ]
         } ]
      },
      "codes" : {
         "def" : [ {
            "localId" : "18",
            "locator" : "23:1-23:117",
            "name" : "Suicide risk assessment (procedure)",
            "id" : "225337009",
            "display" : "Suicide risk assessment (procedure)",
            "accessLevel" : "Public",
            "annotation" : [ {
               "type" : "Annotation",
               "s" : {
                  "r" : "18",
                  "s" : [ {
                     "value" : [ "","code ","\"Suicide risk assessment (procedure)\"",": ","'225337009'"," from " ]
                  }, {
                     "r" : "17",
                     "s" : [ {
                        "value" : [ "\"SNOMEDCT\"" ]
                     } ]
                  }, {
                     "value" : [ " display ","'Suicide risk assessment (procedure)'" ]
                  } ]
               }
            } ],
            "codeSystem" : {
               "localId" : "17",
               "locator" : "23:62-23:71",
               "name" : "SNOMEDCT"
            }
         } ]
      },
      "contexts" : {
         "def" : [ {
            "locator" : "27:1-27:15",
            "name" : "Patient"
         } ]
      },
      "statements" : {
         "def" : [ {
            "locator" : "27:1-27:15",
            "name" : "Patient",
            "context" : "Patient",
            "expression" : {
               "type" : "SingletonFrom",
               "operand" : {
                  "locator" : "27:1-27:15",
                  "dataType" : "{urn:healthit-gov:qdm:v5_6}Patient",
                  "templateId" : "Patient",
                  "type" : "Retrieve"
               }
            }
         }, {
            "localId" : "23",
            "locator" : "29:1-30:51",
            "name" : "SDE Ethnicity",
            "context" : "Patient",
            "accessLevel" : "Public",
            "annotation" : [ {
               "type" : "Annotation",
               "s" : {
                  "r" : "23",
                  "s" : [ {
                     "value" : [ "","define ","\"SDE Ethnicity\"",":\n  " ]
                  }, {
                     "r" : "22",
                     "s" : [ {
                        "value" : [ "[","\"Patient Characteristic Ethnicity\"",": " ]
                     }, {
                        "s" : [ {
                           "value" : [ "\"Ethnicity\"" ]
                        } ]
                     }, {
                        "value" : [ "]" ]
                     } ]
                  } ]
               }
            } ],
            "expression" : {
               "localId" : "22",
               "locator" : "30:3-30:51",
               "dataType" : "{urn:healthit-gov:qdm:v5_6}PatientCharacteristicEthnicity",
               "codeProperty" : "code",
               "codeComparator" : "in",
               "type" : "Retrieve",
               "codes" : {
                  "locator" : "30:40-30:50",
                  "name" : "Ethnicity",
                  "type" : "ValueSetRef"
               }
            }
         }, {
            "localId" : "25",
            "locator" : "32:1-33:43",
            "name" : "SDE Payer",
            "context" : "Patient",
            "accessLevel" : "Public",
            "annotation" : [ {
               "type" : "Annotation",
               "s" : {
                  "r" : "25",
                  "s" : [ {
                     "value" : [ "","define ","\"SDE Payer\"",":\n  " ]
                  }, {
                     "r" : "24",
                     "s" : [ {
                        "value" : [ "[","\"Patient Characteristic Payer\"",": " ]
                     }, {
                        "s" : [ {
                           "value" : [ "\"Payer\"" ]
                        } ]
                     }, {
                        "value" : [ "]" ]
                     } ]
                  } ]
               }
            } ],
            "expression" : {
               "localId" : "24",
               "locator" : "33:3-33:43",
               "dataType" : "{urn:healthit-gov:qdm:v5_6}PatientCharacteristicPayer",
               "codeProperty" : "code",
               "codeComparator" : "in",
               "type" : "Retrieve",
               "codes" : {
                  "locator" : "33:36-33:42",
                  "name" : "Payer",
                  "type" : "ValueSetRef"
               }
            }
         }, {
            "localId" : "27",
            "locator" : "35:1-36:41",
            "name" : "SDE Race",
            "context" : "Patient",
            "accessLevel" : "Public",
            "annotation" : [ {
               "type" : "Annotation",
               "s" : {
                  "r" : "27",
                  "s" : [ {
                     "value" : [ "","define ","\"SDE Race\"",":\n  " ]
                  }, {
                     "r" : "26",
                     "s" : [ {
                        "value" : [ "[","\"Patient Characteristic Race\"",": " ]
                     }, {
                        "s" : [ {
                           "value" : [ "\"Race\"" ]
                        } ]
                     }, {
                        "value" : [ "]" ]
                     } ]
                  } ]
               }
            } ],
            "expression" : {
               "localId" : "26",
               "locator" : "36:3-36:41",
               "dataType" : "{urn:healthit-gov:qdm:v5_6}PatientCharacteristicRace",
               "codeProperty" : "code",
               "codeComparator" : "in",
               "type" : "Retrieve",
               "codes" : {
                  "locator" : "36:35-36:40",
                  "name" : "Race",
                  "type" : "ValueSetRef"
               }
            }
         }, {
            "localId" : "29",
            "locator" : "38:1-39:58",
            "name" : "SDE Sex",
            "context" : "Patient",
            "accessLevel" : "Public",
            "annotation" : [ {
               "type" : "Annotation",
               "s" : {
                  "r" : "29",
                  "s" : [ {
                     "value" : [ "","define ","\"SDE Sex\"",":\n  " ]
                  }, {
                     "r" : "28",
                     "s" : [ {
                        "value" : [ "[","\"Patient Characteristic Sex\"",": " ]
                     }, {
                        "s" : [ {
                           "value" : [ "\"ONC Administrative Sex\"" ]
                        } ]
                     }, {
                        "value" : [ "]" ]
                     } ]
                  } ]
               }
            } ],
            "expression" : {
               "localId" : "28",
               "locator" : "39:3-39:58",
               "dataType" : "{urn:healthit-gov:qdm:v5_6}PatientCharacteristicSex",
               "codeProperty" : "code",
               "codeComparator" : "in",
               "type" : "Retrieve",
               "codes" : {
                  "locator" : "39:34-39:57",
                  "name" : "ONC Administrative Sex",
                  "type" : "ValueSetRef"
               }
            }
         }, {
            "localId" : "60",
            "locator" : "44:1-56:67",
            "name" : "Major Depressive Disorder Encounter",
            "context" : "Patient",
            "accessLevel" : "Public",
            "annotation" : [ {
               "type" : "Annotation",
               "s" : {
                  "r" : "60",
                  "s" : [ {
                     "value" : [ "","define ","\"Major Depressive Disorder Encounter\"",":\n  " ]
                  }, {
                     "r" : "59",
                     "s" : [ {
                        "s" : [ {
                           "r" : "45",
                           "s" : [ {
                              "r" : "44",
                              "s" : [ {
                                 "value" : [ "( " ]
                              }, {
                                 "r" : "44",
                                 "s" : [ {
                                    "r" : "42",
                                    "s" : [ {
                                       "r" : "40",
                                       "s" : [ {
                                          "r" : "38",
                                          "s" : [ {
                                             "r" : "36",
                                             "s" : [ {
                                                "r" : "34",
                                                "s" : [ {
                                                   "r" : "32",
                                                   "s" : [ {
                                                      "r" : "30",
                                                      "s" : [ {
                                                         "value" : [ "[","\"Encounter, Performed\"",": " ]
                                                      }, {
                                                         "s" : [ {
                                                            "value" : [ "\"Office Visit\"" ]
                                                         } ]
                                                      }, {
                                                         "value" : [ "]" ]
                                                      } ]
                                                   }, {
                                                      "value" : [ "\n    union " ]
                                                   }, {
                                                      "r" : "31",
                                                      "s" : [ {
                                                         "value" : [ "[","\"Encounter, Performed\"",": " ]
                                                      }, {
                                                         "s" : [ {
                                                            "value" : [ "\"Outpatient Consultation\"" ]
                                                         } ]
                                                      }, {
                                                         "value" : [ "]" ]
                                                      } ]
                                                   } ]
                                                }, {
                                                   "value" : [ "\n    union " ]
                                                }, {
                                                   "r" : "33",
                                                   "s" : [ {
                                                      "value" : [ "[","\"Encounter, Performed\"",": " ]
                                                   }, {
                                                      "s" : [ {
                                                         "value" : [ "\"Psych Visit Diagnostic Evaluation\"" ]
                                                      } ]
                                                   }, {
                                                      "value" : [ "]" ]
                                                   } ]
                                                } ]
                                             }, {
                                                "value" : [ "\n    union " ]
                                             }, {
                                                "r" : "35",
                                                "s" : [ {
                                                   "value" : [ "[","\"Encounter, Performed\"",": " ]
                                                }, {
                                                   "s" : [ {
                                                      "value" : [ "\"Psych Visit for Family Psychotherapy\"" ]
                                                   } ]
                                                }, {
                                                   "value" : [ "]" ]
                                                } ]
                                             } ]
                                          }, {
                                             "value" : [ "\n    union " ]
                                          }, {
                                             "r" : "37",
                                             "s" : [ {
                                                "value" : [ "[","\"Encounter, Performed\"",": " ]
                                             }, {
                                                "s" : [ {
                                                   "value" : [ "\"Psych Visit Psychotherapy\"" ]
                                                } ]
                                             }, {
                                                "value" : [ "]" ]
                                             } ]
                                          } ]
                                       }, {
                                          "value" : [ "\n    union " ]
                                       }, {
                                          "r" : "39",
                                          "s" : [ {
                                             "value" : [ "[","\"Encounter, Performed\"",": " ]
                                          }, {
                                             "s" : [ {
                                                "value" : [ "\"Psychoanalysis\"" ]
                                             } ]
                                          }, {
                                             "value" : [ "]" ]
                                          } ]
                                       } ]
                                    }, {
                                       "value" : [ "\n    union " ]
                                    }, {
                                       "r" : "41",
                                       "s" : [ {
                                          "value" : [ "[","\"Encounter, Performed\"",": " ]
                                       }, {
                                          "s" : [ {
                                             "value" : [ "\"Group Psychotherapy\"" ]
                                          } ]
                                       }, {
                                          "value" : [ "]" ]
                                       } ]
                                    } ]
                                 }, {
                                    "value" : [ "\n    union " ]
                                 }, {
                                    "r" : "43",
                                    "s" : [ {
                                       "value" : [ "[","\"Encounter, Performed\"",": " ]
                                    }, {
                                       "s" : [ {
                                          "value" : [ "\"Telehealth Services\"" ]
                                       } ]
                                    }, {
                                       "value" : [ "]" ]
                                    } ]
                                 } ]
                              }, {
                                 "value" : [ " )" ]
                              } ]
                           }, {
                              "value" : [ " ","ValidEncounter" ]
                           } ]
                        } ]
                     }, {
                        "value" : [ "\n    " ]
                     }, {
                        "r" : "58",
                        "s" : [ {
                           "value" : [ "where " ]
                        }, {
                           "r" : "58",
                           "s" : [ {
                              "r" : "53",
                              "s" : [ {
                                 "value" : [ "exists " ]
                              }, {
                                 "r" : "52",
                                 "s" : [ {
                                    "value" : [ "( " ]
                                 }, {
                                    "r" : "52",
                                    "s" : [ {
                                       "s" : [ {
                                          "r" : "47",
                                          "s" : [ {
                                             "r" : "46",
                                             "s" : [ {
                                                "s" : [ {
                                                   "value" : [ "ValidEncounter",".","diagnoses" ]
                                                } ]
                                             } ]
                                          }, {
                                             "value" : [ " ","EncounterDiagnosis" ]
                                          } ]
                                       } ]
                                    }, {
                                       "value" : [ "\n        " ]
                                    }, {
                                       "r" : "51",
                                       "s" : [ {
                                          "value" : [ "where " ]
                                       }, {
                                          "r" : "51",
                                          "s" : [ {
                                             "r" : "49",
                                             "s" : [ {
                                                "r" : "48",
                                                "s" : [ {
                                                   "value" : [ "EncounterDiagnosis" ]
                                                } ]
                                             }, {
                                                "value" : [ "." ]
                                             }, {
                                                "r" : "49",
                                                "s" : [ {
                                                   "value" : [ "code" ]
                                                } ]
                                             } ]
                                          }, {
                                             "value" : [ " in " ]
                                          }, {
                                             "r" : "50",
                                             "s" : [ {
                                                "value" : [ "\"Major Depressive Disorder Active\"" ]
                                             } ]
                                          } ]
                                       } ]
                                    } ]
                                 }, {
                                    "value" : [ "\n    )" ]
                                 } ]
                              } ]
                           }, {
                              "value" : [ "\n      and " ]
                           }, {
                              "r" : "57",
                              "s" : [ {
                                 "r" : "55",
                                 "s" : [ {
                                    "r" : "54",
                                    "s" : [ {
                                       "value" : [ "ValidEncounter" ]
                                    } ]
                                 }, {
                                    "value" : [ "." ]
                                 }, {
                                    "r" : "55",
                                    "s" : [ {
                                       "value" : [ "relevantPeriod" ]
                                    } ]
                                 } ]
                              }, {
                                 "r" : "57",
                                 "value" : [ " ","during"," " ]
                              }, {
                                 "r" : "56",
                                 "s" : [ {
                                    "value" : [ "\"Measurement Period\"" ]
                                 } ]
                              } ]
                           } ]
                        } ]
                     } ]
                  } ]
               }
            } ],
            "expression" : {
               "localId" : "59",
               "locator" : "45:3-56:67",
               "type" : "Query",
               "source" : [ {
                  "localId" : "45",
                  "locator" : "45:3-52:74",
                  "alias" : "ValidEncounter",
                  "expression" : {
                     "localId" : "44",
                     "locator" : "45:3-52:59",
                     "type" : "Union",
                     "operand" : [ {
                        "localId" : "40",
                        "locator" : "45:5-50:52",
                        "type" : "Union",
                        "operand" : [ {
                           "localId" : "36",
                           "locator" : "45:5-48:74",
                           "type" : "Union",
                           "operand" : [ {
                              "localId" : "32",
                              "locator" : "45:5-46:61",
                              "type" : "Union",
                              "operand" : [ {
                                 "localId" : "30",
                                 "locator" : "45:5-45:44",
                                 "dataType" : "{urn:healthit-gov:qdm:v5_6}PositiveEncounterPerformed",
                                 "templateId" : "PositiveEncounterPerformed",
                                 "codeProperty" : "code",
                                 "codeComparator" : "in",
                                 "type" : "Retrieve",
                                 "codes" : {
                                    "locator" : "45:30-45:43",
                                    "name" : "Office Visit",
                                    "type" : "ValueSetRef"
                                 }
                              }, {
                                 "localId" : "31",
                                 "locator" : "46:11-46:61",
                                 "dataType" : "{urn:healthit-gov:qdm:v5_6}PositiveEncounterPerformed",
                                 "templateId" : "PositiveEncounterPerformed",
                                 "codeProperty" : "code",
                                 "codeComparator" : "in",
                                 "type" : "Retrieve",
                                 "codes" : {
                                    "locator" : "46:36-46:60",
                                    "name" : "Outpatient Consultation",
                                    "type" : "ValueSetRef"
                                 }
                              } ]
                           }, {
                              "type" : "Union",
                              "operand" : [ {
                                 "localId" : "33",
                                 "locator" : "47:11-47:71",
                                 "dataType" : "{urn:healthit-gov:qdm:v5_6}PositiveEncounterPerformed",
                                 "templateId" : "PositiveEncounterPerformed",
                                 "codeProperty" : "code",
                                 "codeComparator" : "in",
                                 "type" : "Retrieve",
                                 "codes" : {
                                    "locator" : "47:36-47:70",
                                    "name" : "Psych Visit Diagnostic Evaluation",
                                    "type" : "ValueSetRef"
                                 }
                              }, {
                                 "localId" : "35",
                                 "locator" : "48:11-48:74",
                                 "dataType" : "{urn:healthit-gov:qdm:v5_6}PositiveEncounterPerformed",
                                 "templateId" : "PositiveEncounterPerformed",
                                 "codeProperty" : "code",
                                 "codeComparator" : "in",
                                 "type" : "Retrieve",
                                 "codes" : {
                                    "locator" : "48:36-48:73",
                                    "name" : "Psych Visit for Family Psychotherapy",
                                    "type" : "ValueSetRef"
                                 }
                              } ]
                           } ]
                        }, {
                           "type" : "Union",
                           "operand" : [ {
                              "localId" : "37",
                              "locator" : "49:11-49:63",
                              "dataType" : "{urn:healthit-gov:qdm:v5_6}PositiveEncounterPerformed",
                              "templateId" : "PositiveEncounterPerformed",
                              "codeProperty" : "code",
                              "codeComparator" : "in",
                              "type" : "Retrieve",
                              "codes" : {
                                 "locator" : "49:36-49:62",
                                 "name" : "Psych Visit Psychotherapy",
                                 "type" : "ValueSetRef"
                              }
                           }, {
                              "localId" : "39",
                              "locator" : "50:11-50:52",
                              "dataType" : "{urn:healthit-gov:qdm:v5_6}PositiveEncounterPerformed",
                              "templateId" : "PositiveEncounterPerformed",
                              "codeProperty" : "code",
                              "codeComparator" : "in",
                              "type" : "Retrieve",
                              "codes" : {
                                 "locator" : "50:36-50:51",
                                 "name" : "Psychoanalysis",
                                 "type" : "ValueSetRef"
                              }
                           } ]
                        } ]
                     }, {
                        "type" : "Union",
                        "operand" : [ {
                           "localId" : "41",
                           "locator" : "51:11-51:57",
                           "dataType" : "{urn:healthit-gov:qdm:v5_6}PositiveEncounterPerformed",
                           "templateId" : "PositiveEncounterPerformed",
                           "codeProperty" : "code",
                           "codeComparator" : "in",
                           "type" : "Retrieve",
                           "codes" : {
                              "locator" : "51:36-51:56",
                              "name" : "Group Psychotherapy",
                              "type" : "ValueSetRef"
                           }
                        }, {
                           "localId" : "43",
                           "locator" : "52:11-52:57",
                           "dataType" : "{urn:healthit-gov:qdm:v5_6}PositiveEncounterPerformed",
                           "templateId" : "PositiveEncounterPerformed",
                           "codeProperty" : "code",
                           "codeComparator" : "in",
                           "type" : "Retrieve",
                           "codes" : {
                              "locator" : "52:36-52:56",
                              "name" : "Telehealth Services",
                              "type" : "ValueSetRef"
                           }
                        } ]
                     } ]
                  }
               } ],
               "relationship" : [ ],
               "where" : {
                  "localId" : "58",
                  "locator" : "53:5-56:67",
                  "type" : "And",
                  "operand" : [ {
                     "localId" : "53",
                     "locator" : "53:11-55:5",
                     "type" : "Exists",
                     "operand" : {
                        "localId" : "52",
                        "locator" : "53:18-55:5",
                        "type" : "Query",
                        "source" : [ {
                           "localId" : "47",
                           "locator" : "53:20-53:62",
                           "alias" : "EncounterDiagnosis",
                           "expression" : {
                              "localId" : "46",
                              "locator" : "53:20-53:43",
                              "path" : "diagnoses",
                              "scope" : "ValidEncounter",
                              "type" : "Property"
                           }
                        } ],
                        "relationship" : [ ],
                        "where" : {
                           "localId" : "51",
                           "locator" : "54:9-54:75",
                           "type" : "InValueSet",
                           "code" : {
                              "localId" : "49",
                              "locator" : "54:15-54:37",
                              "path" : "code",
                              "scope" : "EncounterDiagnosis",
                              "type" : "Property"
                           },
                           "valueset" : {
                              "localId" : "50",
                              "locator" : "54:42-54:75",
                              "name" : "Major Depressive Disorder Active",
                              "type" : "ValueSetRef"
                           }
                        }
                     }
                  }, {
                     "localId" : "57",
                     "locator" : "56:11-56:67",
                     "type" : "IncludedIn",
                     "operand" : [ {
                        "localId" : "55",
                        "locator" : "56:11-56:39",
                        "path" : "relevantPeriod",
                        "scope" : "ValidEncounter",
                        "type" : "Property"
                     }, {
                        "localId" : "56",
                        "locator" : "56:48-56:67",
                        "name" : "Measurement Period",
                        "type" : "ParameterRef"
                     } ]
                  } ]
               }
            }
         }, {
            "localId" : "77",
            "locator" : "58:1-61:70",
            "name" : "Initial Population",
            "context" : "Patient",
            "accessLevel" : "Public",
            "annotation" : [ {
               "type" : "Annotation",
               "s" : {
                  "r" : "77",
                  "s" : [ {
                     "value" : [ "","define ","\"Initial Population\"",":\n  " ]
                  }, {
                     "r" : "76",
                     "s" : [ {
                        "s" : [ {
                           "r" : "62",
                           "s" : [ {
                              "r" : "61",
                              "s" : [ {
                                 "s" : [ {
                                    "value" : [ "\"Major Depressive Disorder Encounter\"" ]
                                 } ]
                              } ]
                           }, {
                              "value" : [ " ","MDDEncounter" ]
                           } ]
                        } ]
                     }, {
                        "value" : [ "\n    " ]
                     }, {
                        "r" : "75",
                        "s" : [ {
                           "value" : [ "where " ]
                        }, {
                           "r" : "75",
                           "s" : [ {
                              "r" : "68",
                              "s" : [ {
                                 "r" : "66",
                                 "s" : [ {
                                    "value" : [ "\"AgeInYearsAt\"","(" ]
                                 }, {
                                    "r" : "65",
                                    "s" : [ {
                                       "value" : [ "date from " ]
                                    }, {
                                       "r" : "64",
                                       "s" : [ {
                                          "value" : [ "start of " ]
                                       }, {
                                          "r" : "63",
                                          "s" : [ {
                                             "value" : [ "\"Measurement Period\"" ]
                                          } ]
                                       } ]
                                    } ]
                                 }, {
                                    "value" : [ ")" ]
                                 } ]
                              }, {
                                 "r" : "67",
                                 "value" : [ ">="," ","6" ]
                              } ]
                           }, {
                              "value" : [ "\n      and " ]
                           }, {
                              "r" : "74",
                              "s" : [ {
                                 "r" : "72",
                                 "s" : [ {
                                    "value" : [ "\"AgeInYearsAt\"","(" ]
                                 }, {
                                    "r" : "71",
                                    "s" : [ {
                                       "value" : [ "date from " ]
                                    }, {
                                       "r" : "70",
                                       "s" : [ {
                                          "value" : [ "start of " ]
                                       }, {
                                          "r" : "69",
                                          "s" : [ {
                                             "value" : [ "\"Measurement Period\"" ]
                                          } ]
                                       } ]
                                    } ]
                                 }, {
                                    "value" : [ ")" ]
                                 } ]
                              }, {
                                 "r" : "73",
                                 "value" : [ "<="," ","16" ]
                              } ]
                           } ]
                        } ]
                     } ]
                  } ]
               }
            } ],
            "expression" : {
               "localId" : "76",
               "locator" : "59:3-61:70",
               "type" : "Query",
               "source" : [ {
                  "localId" : "62",
                  "locator" : "59:3-59:52",
                  "alias" : "MDDEncounter",
                  "expression" : {
                     "localId" : "61",
                     "locator" : "59:3-59:39",
                     "name" : "Major Depressive Disorder Encounter",
                     "type" : "ExpressionRef"
                  }
               } ],
               "relationship" : [ ],
               "where" : {
                  "localId" : "75",
                  "locator" : "60:5-61:70",
                  "type" : "And",
                  "operand" : [ {
                     "localId" : "68",
                     "locator" : "60:11-60:69",
                     "type" : "GreaterOrEqual",
                     "operand" : [ {
                        "localId" : "66",
                        "locator" : "60:11-60:65",
                        "precision" : "Year",
                        "type" : "CalculateAgeAt",
                        "operand" : [ {
                           "type" : "ToDate",
                           "operand" : {
                              "path" : "birthDatetime",
                              "type" : "Property",
                              "source" : {
                                 "name" : "Patient",
                                 "type" : "ExpressionRef"
                              }
                           }
                        }, {
                           "localId" : "65",
                           "locator" : "60:26-60:64",
                           "type" : "DateFrom",
                           "operand" : {
                              "localId" : "64",
                              "locator" : "60:36-60:64",
                              "type" : "Start",
                              "operand" : {
                                 "localId" : "63",
                                 "locator" : "60:45-60:64",
                                 "name" : "Measurement Period",
                                 "type" : "ParameterRef"
                              }
                           }
                        } ]
                     }, {
                        "localId" : "67",
                        "locator" : "60:69",
                        "valueType" : "{urn:hl7-org:elm-types:r1}Integer",
                        "value" : "6",
                        "type" : "Literal"
                     } ]
                  }, {
                     "localId" : "74",
                     "locator" : "61:11-61:70",
                     "type" : "LessOrEqual",
                     "operand" : [ {
                        "localId" : "72",
                        "locator" : "61:11-61:65",
                        "precision" : "Year",
                        "type" : "CalculateAgeAt",
                        "operand" : [ {
                           "type" : "ToDate",
                           "operand" : {
                              "path" : "birthDatetime",
                              "type" : "Property",
                              "source" : {
                                 "name" : "Patient",
                                 "type" : "ExpressionRef"
                              }
                           }
                        }, {
                           "localId" : "71",
                           "locator" : "61:26-61:64",
                           "type" : "DateFrom",
                           "operand" : {
                              "localId" : "70",
                              "locator" : "61:36-61:64",
                              "type" : "Start",
                              "operand" : {
                                 "localId" : "69",
                                 "locator" : "61:45-61:64",
                                 "name" : "Measurement Period",
                                 "type" : "ParameterRef"
                              }
                           }
                        } ]
                     }, {
                        "localId" : "73",
                        "locator" : "61:69-61:70",
                        "valueType" : "{urn:hl7-org:elm-types:r1}Integer",
                        "value" : "16",
                        "type" : "Literal"
                     } ]
                  } ]
               }
            }
         }, {
            "localId" : "79",
            "locator" : "41:1-42:22",
            "name" : "Denominator",
            "context" : "Patient",
            "accessLevel" : "Public",
            "annotation" : [ {
               "type" : "Annotation",
               "s" : {
                  "r" : "79",
                  "s" : [ {
                     "value" : [ "","define ","\"Denominator\"",":\n  " ]
                  }, {
                     "r" : "78",
                     "s" : [ {
                        "value" : [ "\"Initial Population\"" ]
                     } ]
                  } ]
               }
            } ],
            "expression" : {
               "localId" : "78",
               "locator" : "42:3-42:22",
               "name" : "Initial Population",
               "type" : "ExpressionRef"
            }
         }, {
            "localId" : "95",
            "locator" : "63:1-66:158",
            "name" : "Numerator",
            "context" : "Patient",
            "accessLevel" : "Public",
            "annotation" : [ {
               "type" : "Annotation",
               "s" : {
                  "r" : "95",
                  "s" : [ {
                     "value" : [ "","define ","\"Numerator\"",":\n  " ]
                  }, {
                     "r" : "94",
                     "s" : [ {
                        "s" : [ {
                           "r" : "81",
                           "s" : [ {
                              "r" : "80",
                              "s" : [ {
                                 "s" : [ {
                                    "value" : [ "\"Major Depressive Disorder Encounter\"" ]
                                 } ]
                              } ]
                           }, {
                              "value" : [ " ","MDDEncounter" ]
                           } ]
                        } ]
                     }, {
                        "value" : [ "\n    " ]
                     }, {
                        "r" : "93",
                        "s" : [ {
                           "value" : [ "with " ]
                        }, {
                           "r" : "83",
                           "s" : [ {
                              "r" : "82",
                              "s" : [ {
                                 "r" : "82",
                                 "s" : [ {
                                    "value" : [ "[","\"Intervention, Performed\"",": " ]
                                 }, {
                                    "s" : [ {
                                       "value" : [ "\"Suicide risk assessment (procedure)\"" ]
                                    } ]
                                 }, {
                                    "value" : [ "]" ]
                                 } ]
                              } ]
                           }, {
                              "value" : [ " ","SuicideRiskAssessment" ]
                           } ]
                        }, {
                           "value" : [ "\n      such that " ]
                        }, {
                           "r" : "92",
                           "s" : [ {
                              "r" : "89",
                              "s" : [ {
                                 "r" : "84",
                                 "s" : [ {
                                    "value" : [ "Global" ]
                                 } ]
                              }, {
                                 "value" : [ "." ]
                              }, {
                                 "r" : "89",
                                 "s" : [ {
                                    "value" : [ "\"NormalizeInterval\""," ( " ]
                                 }, {
                                    "r" : "86",
                                    "s" : [ {
                                       "r" : "85",
                                       "s" : [ {
                                          "value" : [ "SuicideRiskAssessment" ]
                                       } ]
                                    }, {
                                       "value" : [ "." ]
                                    }, {
                                       "r" : "86",
                                       "s" : [ {
                                          "value" : [ "relevantDatetime" ]
                                       } ]
                                    } ]
                                 }, {
                                    "value" : [ ", " ]
                                 }, {
                                    "r" : "88",
                                    "s" : [ {
                                       "r" : "87",
                                       "s" : [ {
                                          "value" : [ "SuicideRiskAssessment" ]
                                       } ]
                                    }, {
                                       "value" : [ "." ]
                                    }, {
                                       "r" : "88",
                                       "s" : [ {
                                          "value" : [ "relevantPeriod" ]
                                       } ]
                                    } ]
                                 }, {
                                    "value" : [ " )" ]
                                 } ]
                              } ]
                           }, {
                              "r" : "92",
                              "value" : [ " ","during"," " ]
                           }, {
                              "r" : "91",
                              "s" : [ {
                                 "r" : "90",
                                 "s" : [ {
                                    "value" : [ "MDDEncounter" ]
                                 } ]
                              }, {
                                 "value" : [ "." ]
                              }, {
                                 "r" : "91",
                                 "s" : [ {
                                    "value" : [ "relevantPeriod" ]
                                 } ]
                              } ]
                           } ]
                        } ]
                     } ]
                  } ]
               }
            } ],
            "expression" : {
               "localId" : "94",
               "locator" : "64:3-66:158",
               "type" : "Query",
               "source" : [ {
                  "localId" : "81",
                  "locator" : "64:3-64:52",
                  "alias" : "MDDEncounter",
                  "expression" : {
                     "localId" : "80",
                     "locator" : "64:3-64:39",
                     "name" : "Major Depressive Disorder Encounter",
                     "type" : "ExpressionRef"
                  }
               } ],
               "relationship" : [ {
                  "localId" : "93",
                  "locator" : "65:5-66:158",
                  "alias" : "SuicideRiskAssessment",
                  "type" : "With",
                  "expression" : {
                     "localId" : "82",
                     "locator" : "65:10-65:75",
                     "dataType" : "{urn:healthit-gov:qdm:v5_6}PositiveInterventionPerformed",
                     "templateId" : "PositiveInterventionPerformed",
                     "codeProperty" : "code",
                     "codeComparator" : "~",
                     "type" : "Retrieve",
                     "codes" : {
                        "type" : "ToList",
                        "operand" : {
                           "locator" : "65:38-65:74",
                           "name" : "Suicide risk assessment (procedure)",
                           "type" : "CodeRef"
                        }
                     }
                  },
                  "suchThat" : {
                     "localId" : "92",
                     "locator" : "66:17-66:158",
                     "type" : "IncludedIn",
                     "operand" : [ {
                        "localId" : "89",
                        "locator" : "66:17-66:123",
                        "name" : "NormalizeInterval",
                        "libraryName" : "Global",
                        "type" : "FunctionRef",
                        "operand" : [ {
                           "localId" : "86",
                           "locator" : "66:46-66:83",
                           "path" : "relevantDatetime",
                           "scope" : "SuicideRiskAssessment",
                           "type" : "Property"
                        }, {
                           "localId" : "88",
                           "locator" : "66:86-66:121",
                           "path" : "relevantPeriod",
                           "scope" : "SuicideRiskAssessment",
                           "type" : "Property"
                        } ]
                     }, {
                        "localId" : "91",
                        "locator" : "66:132-66:158",
                        "path" : "relevantPeriod",
                        "scope" : "MDDEncounter",
                        "type" : "Property"
                     } ]
                  }
               } ]
            }
         } ]
      }
   }
}