<?xml version="1.0" encoding="UTF-8" standalone="yes"?>
<QualityMeasureDocument xmlns="urn:hl7-org:v3" xmlns:cql-ext="urn:hhs-cql:hqmf-n1-extensions:v1"
                        xmlns:xsi="http://www.w3.org/2001/XMLSchema-instance">

      <!--
            **************************************************************
            Measure Details Section
            **************************************************************
        -->

      <typeId extension="POQM_HD000001UV02" root="2.16.840.1.113883.1.3"/>
   <templateId>
      <item extension="2021-02-01" root="2.16.840.1.113883.10.20.28.1.2"/>
   </templateId>
   <id root="2c928082-7ce1-6f5f-017c-e6532e90030c"/>
   <code code="57024-2" codeSystem="2.16.840.1.113883.6.1">
      <displayName value="Health Quality Measure Document"/>
   </code>
   <title
          value="Preventive Care and Screening: Screening for Depression and Follow-Up Plan"/>
   <text
         value="Percentage of patients aged 12 years and older screened for depression on the date of the encounter or up to 14 days prior to the date of the encounter using an age-appropriate standardized depression screening tool AND if positive, a follow-up plan is documented on the date of or up to two days after the date of the qualifying encounter"/>
   <statusCode code="COMPLETED"/>
   <setId root="9a031e24-3d9b-11e1-8634-00237d5bf174"/>
   <versionNumber value="12.0.000"/>
   <author>
      <responsibleParty classCode="ASSIGNED">
         <representedResponsibleOrganization classCode="ORG" determinerCode="INSTANCE">
            <id>
               <item root="2.16.840.1.113883.3.1240"/>
            </id>
            <name>
               <item>
                  <part value="Mathematica"/>
               </item>
            </name>
         </representedResponsibleOrganization>
      </responsibleParty>
   </author>
   <custodian>
      <responsibleParty classCode="ASSIGNED">
         <representedResponsibleOrganization classCode="ORG" determinerCode="INSTANCE">
            <id>
               <item root="93"/>
            </id>
            <name>
               <item>
                  <part value="Centers for Medicare &amp; Medicaid Services (CMS)"/>
               </item>
            </name>
         </representedResponsibleOrganization>
      </responsibleParty>
   </custodian>
   <!--Payer-->
     	 <definition>
      <valueSet classCode="OBS" moodCode="DEF">
         <id root="2.16.840.1.114222.4.11.3591"/>
         <title value="Payer"/>
      </valueSet>
   </definition>
   <!--ONC Administrative Sex-->
     	 <definition>
      <valueSet classCode="OBS" moodCode="DEF">
         <id root="2.16.840.1.113762.1.4.1"/>
         <title value="ONC Administrative Sex"/>
      </valueSet>
   </definition>
   <!--Bipolar Diagnosis-->
     	 <definition>
      <valueSet classCode="OBS" moodCode="DEF">
         <id root="2.16.840.1.113883.3.600.450"/>
         <title value="Bipolar Diagnosis"/>
      </valueSet>
   </definition>
   <!--Follow Up for Adolescent Depression-->
     	 <definition>
      <valueSet classCode="OBS" moodCode="DEF">
         <id root="2.16.840.1.113883.3.526.3.1569"/>
         <title value="Follow Up for Adolescent Depression"/>
      </valueSet>
   </definition>
   <!--Telephone Visits-->
     	 <definition>
      <valueSet classCode="OBS" moodCode="DEF">
         <id root="2.16.840.1.113883.3.464.1003.101.12.1080"/>
         <title value="Telephone Visits"/>
      </valueSet>
   </definition>
   <!--Encounter to Screen for Depression-->
     	 <definition>
      <valueSet classCode="OBS" moodCode="DEF">
         <id root="2.16.840.1.113883.3.600.1916"/>
         <title value="Encounter to Screen for Depression"/>
      </valueSet>
   </definition>
   <!--Referral for Adult Depression-->
     	 <definition>
      <valueSet classCode="OBS" moodCode="DEF">
         <id root="2.16.840.1.113883.3.526.3.1571"/>
         <title value="Referral for Adult Depression"/>
      </valueSet>
   </definition>
   <!--Ethnicity-->
     	 <definition>
      <valueSet classCode="OBS" moodCode="DEF">
         <id root="2.16.840.1.114222.4.11.837"/>
         <title value="Ethnicity"/>
      </valueSet>
   </definition>
   <!--Follow Up for Adult Depression-->
     	 <definition>
      <valueSet classCode="OBS" moodCode="DEF">
         <id root="2.16.840.1.113883.3.526.3.1568"/>
         <title value="Follow Up for Adult Depression"/>
      </valueSet>
   </definition>
   <!--Race-->
     	 <definition>
      <valueSet classCode="OBS" moodCode="DEF">
         <id root="2.16.840.1.114222.4.11.836"/>
         <title value="Race"/>
      </valueSet>
   </definition>
   <!--Referral for Adolescent Depression-->
     	 <definition>
      <valueSet classCode="OBS" moodCode="DEF">
         <id root="2.16.840.1.113883.3.526.3.1570"/>
         <title value="Referral for Adolescent Depression"/>
      </valueSet>
   </definition>
   <!--Depression Diagnosis-->
     	 <definition>
      <valueSet classCode="OBS" moodCode="DEF">
         <id root="2.16.840.1.113883.3.600.145"/>
         <title value="Depression Diagnosis"/>
      </valueSet>
   </definition>
   <!--Physical Therapy Evaluation-->
     	 <definition>
      <valueSet classCode="OBS" moodCode="DEF">
         <id root="2.16.840.1.113883.3.526.3.1022"/>
         <title value="Physical Therapy Evaluation"/>
      </valueSet>
   </definition>
   <!--Adolescent Depression Medications-->
     	 <definition>
      <valueSet classCode="OBS" moodCode="DEF">
         <id root="2.16.840.1.113883.3.526.3.1567"/>
         <title value="Adolescent Depression Medications"/>
      </valueSet>
   </definition>
   <!--Adult Depression Medications-->
     	 <definition>
      <valueSet classCode="OBS" moodCode="DEF">
         <id root="2.16.840.1.113883.3.526.3.1566"/>
         <title value="Adult Depression Medications"/>
      </valueSet>
   </definition>
   <!--Medical Reason-->
     	 <definition>
      <valueSet classCode="OBS" moodCode="DEF">
         <id root="2.16.840.1.113883.3.526.3.1007"/>
         <title value="Medical Reason"/>
      </valueSet>
   </definition>
   <!--Patient Declined-->
     	 <definition>
      <valueSet classCode="OBS" moodCode="DEF">
         <id root="2.16.840.1.113883.3.526.3.1582"/>
         <title value="Patient Declined"/>
      </valueSet>
   </definition>
   <!--Adolescent depression screening assessment-CODE:/CodeSystem/LOINC/Version/2.63/Code/73831-0/Info-->
      <definition>
      <cql-ext:code code="73831-0" codeSystem="2.16.840.1.113883.6.1" codeSystemName="LOINC">
         <displayName value="Adolescent depression screening assessment"/>
      </cql-ext:code>
   </definition>
   <!--Adult depression screening assessment-CODE:/CodeSystem/LOINC/Version/2.63/Code/73832-8/Info-->
      <definition>
      <cql-ext:code code="73832-8" codeSystem="2.16.840.1.113883.6.1" codeSystemName="LOINC">
         <displayName value="Adult depression screening assessment"/>
      </cql-ext:code>
   </definition>
   <!--Depression screening negative (finding)-CODE:/CodeSystem/SNOMEDCT/Version/2020-03/Code/428171000124102/Info-->
      <definition>
      <cql-ext:code code="428171000124102" codeSystem="2.16.840.1.113883.6.96"
                    codeSystemName="SNOMEDCT">
         <displayName value="Depression screening negative (finding)"/>
      </cql-ext:code>
   </definition>
   <!--Depression screening positive (finding)-CODE:/CodeSystem/SNOMEDCT/Version/2020-03/Code/428181000124104/Info-->
      <definition>
      <cql-ext:code code="428181000124104" codeSystem="2.16.840.1.113883.6.96"
                    codeSystemName="SNOMEDCT">
         <displayName value="Depression screening positive (finding)"/>
      </cql-ext:code>
   </definition>
   <relatedDocument typeCode="COMP">
      <expressionDocument>
         <id root="F35A48A1-2A77-4B2C-910D-5181AEF5FA5D"/>
         <text mediaType="text/cql">
            <reference value="https://emeasuretool.cms.gov/libraries/9a031e24-3d9b-11e1-8634-00237d5bf174/CMS2-v12-0-000-QDM-5-6.cql"/>
            <translation mediaType="application/elm+xml">
               <reference value="https://emeasuretool.cms.gov/libraries/9a031e24-3d9b-11e1-8634-00237d5bf174/CMS2-v12-0-000-QDM-5-6.xml"/>
            </translation>
            <translation mediaType="application/elm+json">
               <reference value="https://emeasuretool.cms.gov/libraries/9a031e24-3d9b-11e1-8634-00237d5bf174/CMS2-v12-0-000-QDM-5-6.json"/>
            </translation>
         </text>
         <setId extension="9a031e24-3d9b-11e1-8634-00237d5bf174"
                identifierName="PCSDepressionScreenAndFollowUp"
                root="https://emeasuretool.cms.gov/libraries"/>
         <versionNumber value="12.0.000"/>
      </expressionDocument>
   </relatedDocument>
   <relatedDocument typeCode="COMP">
      <expressionDocument>
         <id root="2c9280857b2aeb52017b5f8b96c31ff8"/>
         <text mediaType="text/cql">
            <reference value="https://emeasuretool.cms.gov/libraries/8bdc0a19-b210-4a58-8a07-f5d95a34eca9/MATGlobalCommonFunctions-v7-0-000-QDM-5-6.cql"/>
            <translation mediaType="application/elm+xml">
               <reference value="https://emeasuretool.cms.gov/libraries/8bdc0a19-b210-4a58-8a07-f5d95a34eca9/MATGlobalCommonFunctions-v7-0-000-QDM-5-6.xml"/>
            </translation>
            <translation mediaType="application/elm+json">
               <reference value="https://emeasuretool.cms.gov/libraries/8bdc0a19-b210-4a58-8a07-f5d95a34eca9/MATGlobalCommonFunctions-v7-0-000-QDM-5-6.json"/>
            </translation>
         </text>
         <setId extension="8bdc0a19-b210-4a58-8a07-f5d95a34eca9"
                identifierName="MATGlobalCommonFunctions"
                root="https://emeasuretool.cms.gov/libraries"/>
         <versionNumber value="7.0.000"/>
      </expressionDocument>
   </relatedDocument>
   <controlVariable>
      <measurePeriod>
         <id extension="measureperiod" root="eb9e4be3-f941-417d-9693-fffabd0673d6"/>
         <code code="MSRTP" codeSystem="2.16.840.1.113883.5.4">
            <originalText value="Measurement Period"/>
         </code>
         <value xsi:type="PIVL_TS">
            <phase highClosed="true" lowClosed="true">
               <low value="20220101"/>
               <width unit="a" value="1" xsi:type="PQ"/>
            </phase>
            <period unit="a" value="1"/>
         </value>
      </measurePeriod>
   </controlVariable>
   <subjectOf>
      <measureAttribute>
         <code nullFlavor="OTH">
            <originalText value="eCQM Identifier (Measure Authoring Tool)"/>
         </code>
         <value mediaType="text/plain" value="2" xsi:type="ED"/>
      </measureAttribute>
   </subjectOf>
   <subjectOf>
      <measureAttribute>
         <code nullFlavor="OTH">
            <originalText value="NQF Number"/>
         </code>
         <value mediaType="text/plain" value="Not Applicable" xsi:type="ED"/>
      </measureAttribute>
   </subjectOf>
   <subjectOf>
      <measureAttribute>
         <code code="COPY" codeSystem="2.16.840.1.113883.5.4">
            <displayName value="Copyright"/>
         </code>
         <value mediaType="text/plain"
                value="Limited proprietary coding is contained in the measure specifications for convenience. Users of the proprietary code sets should obtain all necessary licenses from the owners of these code sets. &#xA;&#xA;CPT(R) contained in the Measure specifications is copyright 2004-2021 American Medical Association. LOINC(R) is copyright 2004-2021 Regenstrief Institute, Inc. This material contains SNOMED Clinical Terms(R) (SNOMED CT[R]) copyright 2004-2021 International Health Terminology Standards Development Organisation. ICD-10 is copyright 2021 World Health Organization. All Rights Reserved."
                xsi:type="ED"/>
      </measureAttribute>
   </subjectOf>
   <subjectOf>
      <measureAttribute>
         <code code="DISC" codeSystem="2.16.840.1.113883.5.4">
            <displayName value="Disclaimer"/>
         </code>
         <value mediaType="text/plain"
                value="These performance measures are not clinical guidelines and do not establish a standard of medical care, and have not been tested for all potential applications.&#xA;&#xA;THE MEASURES AND SPECIFICATIONS ARE PROVIDED “AS IS” WITHOUT WARRANTY OF ANY KIND.&#xA;&#xA;Due to technical limitations, registered trademarks are indicated by (R) or [R] and unregistered trademarks are indicated by (TM) or [TM]."
                xsi:type="ED"/>
      </measureAttribute>
   </subjectOf>
   <subjectOf>
      <measureAttribute>
         <code code="MSRSCORE" codeSystem="2.16.840.1.113883.5.4">
            <displayName value="Measure Scoring"/>
         </code>
         <value code="PROPOR" codeSystem="2.16.840.1.113883.5.1063" xsi:type="CD">
            <displayName value="Proportion"/>
         </value>
      </measureAttribute>
   </subjectOf>
   <subjectOf>
      <measureAttribute>
         <code code="MSRTYPE" codeSystem="2.16.840.1.113883.5.4">
            <displayName value="Measure Type"/>
         </code>
         <value code="PROCESS" codeSystem="2.16.840.1.113883.5.1063" xsi:type="CD">
            <displayName value="PROCESS"/>
         </value>
      </measureAttribute>
   </subjectOf>
   <subjectOf>
      <measureAttribute>
         <code code="STRAT" codeSystem="2.16.840.1.113883.5.4">
            <displayName value="Stratification"/>
         </code>
         <value mediaType="text/plain" value="None" xsi:type="ED"/>
      </measureAttribute>
   </subjectOf>
   <subjectOf>
      <measureAttribute>
         <code code="MSRADJ" codeSystem="2.16.840.1.113883.5.4">
            <displayName value="Risk Adjustment"/>
         </code>
         <value mediaType="text/plain" value="None" xsi:type="ED"/>
      </measureAttribute>
   </subjectOf>
   <subjectOf>
      <measureAttribute>
         <code code="MSRAGG" codeSystem="2.16.840.1.113883.5.4">
            <displayName value="Rate Aggregation"/>
         </code>
         <value mediaType="text/plain" value="None" xsi:type="ED"/>
      </measureAttribute>
   </subjectOf>
   <subjectOf>
      <measureAttribute>
         <code code="RAT" codeSystem="2.16.840.1.113883.5.4">
            <displayName value="Rationale"/>
         </code>
         <value mediaType="text/plain"
                value="Depression is a serious medical illness associated with higher rates of chronic disease, increased health care utilization, and impaired functioning (Pratt and Brody, 2014). Results from a 2016 U.S. survey indicated that 12.8 percent of adolescents (3.1 million adolescents) had a major depressive episode (MDE) in the past year, with nine percent of adolescents (2.2 million adolescents) having one MDE with severe impairment (Substance Abuse and Mental Health Services Administration, 2017). The odds of a diagnosis of depression are believed to be 2.6 times greater for children and adolescents exposed to trauma as compared to those unexposed or less exposed (Vibhakar et al., 2019). Children and teens with major depressive disorder (MDD) have been found to have difficulty carrying out their daily activities, relating to others, growing up healthy, and are at an increased risk of suicide (Siu on behalf of the U.S. Preventive Services Task Force [USPSTF], 2016). &#xA;&#xA;The same 2016 study indicated that 6.7 percent of adults aged 18 or older (16.2 million adults) had at least one MDE with 4.3 percent of adults (10.3 million adults) having one MDE with severe impairment in the past year (Substance Abuse and Mental Health Services Administration, 2017). Moreover, it is estimated 22.9 percent of adult patients with chronic pain (2.2 million adults) were diagnosed with comorbid depression from 2011 to 2015, with an upward trend of prevalence among Black Americans, patients aged 65 to 84 years old, Medicare and Medicaid insured patients, and patients from zip code areas with low annual household incomes (Orhurhu et al., 2020). &#xA;&#xA;Depression and other mood disorders, such as bipolar disorder and anxiety disorders, especially during the perinatal period, can have devastating effects on women, infants, and families (American College of Obstetricians and Gynecologists, 2018). It's estimated that the global prevalence of antenatal (or perinatal) depression ranges from 15 to 65 percent, with current or previous exposure to abuse and violence, lack of social support, and family history of mental disorders being risk factors. Depressive symptoms measured during pregnancy have been shown to influence the quality of the postpartum mother-infant relationship (Raine et al., 2020). Additionally, the risk of low birth weight and preterm birth is higher among infants born from depressed mothers (Dadi, Miller, Bisetegn, &amp; Mwanri, 2020).&#xA;&#xA;Negative outcomes associated with depression make it crucial to screen in order to identify and treat depression in its early stages. Data indicates that as the severity of depressive symptoms increase, rates of having difficulty with work, home, or social activities related to depressive symptoms increase. For those twelve and older with mild depressive symptoms, 45.7 percent reported difficulty with activities, and for those with severe depressive symptoms, 88 percent reported difficulty (Pratt &amp; Brody, 2014). Depression also imposes significant economic burden through direct and indirect costs, supporting the need for regular depression screening. &quot;In the United States, an estimated $22.8 billion was spent on depression treatment in 2009, and lost productivity cost an additional estimated $23 billion in 2011&quot; (Siu &amp; USPSTF, 2016, p. 383-384). &#xA;&#xA;Numerous studies have found significant disparities in depression prevalence and treatment among racial/ethnic minorities. One study revealed that Indigenous adults are at a high risk for posttraumatic stress disorder, depression, suicide, substance use disorder, and concurrent behavioral health disorders secondary to these initial health problems (Ka’apu and Burnette, 2019). Additionally, though rates of depression are lower among Blacks and Hispanics than among whites, depression among Blacks and Hispanics is likely to be more recurrent. Furthermore, 48 percent of whites receive mental health services, compared to just 31 percent of Blacks and Hispanics, and 22 percent of Asians (American Psychiatric Association, 2017). Asian Americans and Black Americans are also significantly more likely to utilize emergency rooms for depression treatment, which contributes to inconsistent follow-up care (Lee et al., 2014). &#xA;&#xA;While primary care providers (PCPs) serve as the first line of defense in the detection of depression, studies show that PCPs fail to recognize up to 46 percent of depressed patients (Borner et al, 2010). &quot;In nationally representative U.S. surveys, about eight percent of adolescents reported having major depression in the past year. Only 36 percent to 44 percent of children and adolescents with depression receive treatment, suggesting that the majority of depressed youth are undiagnosed and untreated&quot; (Siu on behalf of USPSTF, 2016, p. 360 &amp; p. 364). Furthermore, evidence supports that screening for depression in pregnant and postpartum women is of moderate net benefit, and treatment options for positive depression screening should be available for patients twelve and older including pregnant and postpartum women. &#xA;&#xA;This measure seeks to align with clinical guideline recommendations as well as the Healthy People 2020 recommendation for routine screening for mental health problems as a part of primary care for both children and adults (U.S. Department of Health and Human Services, 2014) and makes an important contribution to the quality domain of community and population health."
                xsi:type="ED"/>
      </measureAttribute>
   </subjectOf>
   <subjectOf>
      <measureAttribute>
         <code code="CRS" codeSystem="2.16.840.1.113883.5.4">
            <displayName value="Clinical Recommendation Statement"/>
         </code>
         <value mediaType="text/plain"
                value="Adolescent Recommendation (12-18 years):&#xA;&quot;The USPSTF recommends screening for MDD in adolescents aged 12 to 18 years. Screening should be implemented with adequate systems in place to ensure accurate diagnosis, effective treatment, and appropriate follow-up (B recommendation)&quot; (Siu on behalf of USPSTF, 2016, p. 360).&#xA;&#xA;Adult Recommendation (18 years and older):&#xA;&quot;The USPSTF recommends screening for depression in the general adult population, including pregnant and postpartum women. Screening should be implemented with adequate systems in place to ensure accurate diagnosis, effective treatment, and appropriate follow-up (B recommendation)&quot; (Siu &amp; USPSTF, 2016, p. 380).&#xA;&#xA;“The USPSTF recommends that clinicians provide or refer pregnant and postpartum persons who are at increased risk of perinatal depression to counseling interventions. (B recommendation)” (U.S. Preventive Services Task Force, 2019). &#xA;&#xA;The American College of Obstetricians and Gynecologists (ACOG) provides the following recommendation:&#xA;&quot;All obstetrician–gynecologists and other obstetric care providers should complete a full assessment of mood and emotional well-being (including screening for postpartum depression and anxiety with a validated instrument) during the comprehensive postpartum visit for each patient.&quot; (American College of Obstetricians and Gynecologists, 2018) &#xA;&#xA;The Institute for Clinical Systems Improvement (ICSI) health care guideline, Adult Depression in Primary Care, provides the following recommendations:&#xA;1. &quot;Clinicians should routinely screen all adults for depression using a standardized instrument.&quot;&#xA;2. &quot;Clinicians should establish and maintain follow-up with patients.&quot;&#xA;3. &quot;Clinicians should screen and monitor depression in pregnant and post-partum women.&quot; (Trangle et al., 2016, p. 8-10)."
                xsi:type="ED"/>
      </measureAttribute>
   </subjectOf>
   <subjectOf>
      <measureAttribute>
         <code code="IDUR" codeSystem="2.16.840.1.113883.5.4">
            <displayName value="Improvement Notation"/>
         </code>
         <value mediaType="text/plain" value="Higher score indicates better quality"
                xsi:type="ED"/>
      </measureAttribute>
   </subjectOf>
   <subjectOf>
      <measureAttribute>
         <code code="REF" codeSystem="2.16.840.1.113883.5.4">
            <displayName value="Reference"/>
         </code>
         <value mediaType="text/plain"
                value="CITATIONAmerican College of Obstetricians and Gynecologists, Committee on Obstetric Practice. (2018). ACOG Committee Opinion Number 757: Screening for perinatal depression. Obstetrics and Gynecology, 132(5), e208-e212. doi: 10.1097/AOG.0000000000002927"
                xsi:type="ED"/>
      </measureAttribute>
   </subjectOf>
   <subjectOf>
      <measureAttribute>
         <code code="REF" codeSystem="2.16.840.1.113883.5.4">
            <displayName value="Reference"/>
         </code>
         <value mediaType="text/plain"
                value="CITATIONAmerican Psychiatric Association. (2017). Mental Health Disparities: Diverse Populations. Retrieved from https://www.psychiatry.org/psychiatrists/cultural-competency/education/mental-health-facts"
                xsi:type="ED"/>
      </measureAttribute>
   </subjectOf>
   <subjectOf>
      <measureAttribute>
         <code code="REF" codeSystem="2.16.840.1.113883.5.4">
            <displayName value="Reference"/>
         </code>
         <value mediaType="text/plain"
                value="CITATIONBorner, I., Braunstein, J. W., St. Victor, R., &amp; Pollack, J. (2010). Evaluation of a 2-question screening tool for detecting depression in adolescents in primary care. Clinical Pediatrics, 49(10), 947-995. doi:10.1177/0009922810370203"
                xsi:type="ED"/>
      </measureAttribute>
   </subjectOf>
   <subjectOf>
      <measureAttribute>
         <code code="REF" codeSystem="2.16.840.1.113883.5.4">
            <displayName value="Reference"/>
         </code>
         <value mediaType="text/plain"
                value="CITATIONDadi, A. F., Miller, E. R., Bisetegn, T. A., &amp; Mwanri, L. (2020). Global burden of antenatal depression and its association with adverse birth outcomes: an umbrella review. BMC public health, 20(1), 173. https://doi.org/10.1186/s12889-020-8293-9"
                xsi:type="ED"/>
      </measureAttribute>
   </subjectOf>
   <subjectOf>
      <measureAttribute>
         <code code="REF" codeSystem="2.16.840.1.113883.5.4">
            <displayName value="Reference"/>
         </code>
         <value mediaType="text/plain"
                value="CITATIONHazell Raine, K., Nath, S., Howard, L. M., Cockshaw, W., Boyce, P., Sawyer, E., &amp; Thorpe, K. (2020). Associations between prenatal maternal mental health indices and mother-infant relationship quality 6 to 18 months' postpartum: A systematic review. Infant mental health journal, 41(1), 24–39. https://doi.org/10.1002/imhj.21825"
                xsi:type="ED"/>
      </measureAttribute>
   </subjectOf>
   <subjectOf>
      <measureAttribute>
         <code code="REF" codeSystem="2.16.840.1.113883.5.4">
            <displayName value="Reference"/>
         </code>
         <value mediaType="text/plain"
                value="CITATIONKa'apu, K., &amp; Burnette, C. E. (2019). A Culturally Informed Systematic Review of Mental Health Disparities Among Adult Indigenous Men and Women of the USA: What is known?. British journal of social work, 49(4), 880–898. https://doi.org/10.1093/bjsw/bcz009"
                xsi:type="ED"/>
      </measureAttribute>
   </subjectOf>
   <subjectOf>
      <measureAttribute>
         <code code="REF" codeSystem="2.16.840.1.113883.5.4">
            <displayName value="Reference"/>
         </code>
         <value mediaType="text/plain"
                value="CITATIONLee, S. Y., Xue, Q. L., Spira, A. P., &amp; Lee, H. B. (2014). Racial and ethnic differences in depressive subtypes and access to mental health care in the United States. Journal of affective disorders, 155, 130–137. https://doi.org/10.1016/j.jad.2013.10.037"
                xsi:type="ED"/>
      </measureAttribute>
   </subjectOf>
   <subjectOf>
      <measureAttribute>
         <code code="REF" codeSystem="2.16.840.1.113883.5.4">
            <displayName value="Reference"/>
         </code>
         <value mediaType="text/plain"
                value="CITATIONOrhurhu, V., Olusunmade, M., Akinola, Y., Urits, I., Orhurhu, M. S., Viswanath, O., … Gill, J. S. (2019). Depression Trends in Patients with Chronic Pain: An Analysis of the Nationwide Inpatient Sample. Pain physician, 22(5), E487–E494."
                xsi:type="ED"/>
      </measureAttribute>
   </subjectOf>
   <subjectOf>
      <measureAttribute>
         <code code="REF" codeSystem="2.16.840.1.113883.5.4">
            <displayName value="Reference"/>
         </code>
         <value mediaType="text/plain"
                value="CITATIONPratt, L. A., &amp; Brody, D. J. (2014). Depression in the U.S. household population, 2009-2012. NCHS Data Brief No. 172. Hyattsville, MD: U.S. Department of Health and Human Services, Centers for Disease Control and Prevention, National Center for Health Statistics. Retrieved from https://www.cdc.gov/nchs/data/databriefs/db172.pdf"
                xsi:type="ED"/>
      </measureAttribute>
   </subjectOf>
   <subjectOf>
      <measureAttribute>
         <code code="REF" codeSystem="2.16.840.1.113883.5.4">
            <displayName value="Reference"/>
         </code>
         <value mediaType="text/plain"
                value="CITATIONSiu, A. L., &amp; USPSTF. (2016). Screening for depression in adults: U.S. Preventive Services Task Force recommendation statement. Journal of the American Medical Association, 315(4), 380-387. doi:10.1001/jama.2015.18392."
                xsi:type="ED"/>
      </measureAttribute>
   </subjectOf>
   <subjectOf>
      <measureAttribute>
         <code code="REF" codeSystem="2.16.840.1.113883.5.4">
            <displayName value="Reference"/>
         </code>
         <value mediaType="text/plain"
                value="CITATIONSiu, A. L., on behalf of USPSTF. (2016). Screening for depression in children and adolescents: U.S. Preventive Services Task Force recommendation statement. Annals of Internal Medicine, 164(5), 360-366. doi:10.7326/M15-2957"
                xsi:type="ED"/>
      </measureAttribute>
   </subjectOf>
   <subjectOf>
      <measureAttribute>
         <code code="REF" codeSystem="2.16.840.1.113883.5.4">
            <displayName value="Reference"/>
         </code>
         <value mediaType="text/plain"
                value="CITATIONSubstance Abuse and Mental Health Services Administration. (2017). Key substance use and mental health indicators in the United States: Results from the 2016 National Survey on Drug Use and Health. Rockville, MD: Center for Behavioral Health Statistics and Quality, Substance Abuse and Mental Health Services Administration. Retrieved from https://www.samhsa.gov/data/sites/default/files/NSDUH-FFR1-2016/NSDUH-FFR1-2016.htm"
                xsi:type="ED"/>
      </measureAttribute>
   </subjectOf>
   <subjectOf>
      <measureAttribute>
         <code code="REF" codeSystem="2.16.840.1.113883.5.4">
            <displayName value="Reference"/>
         </code>
         <value mediaType="text/plain"
                value="CITATIONTrangle, M., Gursky, J., Haight, R., Hardwig, J., Hinnenkamp, T., Kessler, D.,… Myszkowski, M. (2016). Adult depression in primary care. Bloomington, MN: Institute for Clinical Systems Improvement. Retrieved from https://www.icsi.org/guideline/depression/"
                xsi:type="ED"/>
      </measureAttribute>
   </subjectOf>
   <subjectOf>
      <measureAttribute>
         <code code="REF" codeSystem="2.16.840.1.113883.5.4">
            <displayName value="Reference"/>
         </code>
         <value mediaType="text/plain"
                value="CITATIONU.S. Department of Health and Human Services. (2014). Healthy People 2020: Mental health and mental disorders. Washington, DC: U.S. Department of Health and Human Services. Retrieved from http://www.healthypeople.gov/2020/topicsobjectives2020/objectiveslist.aspx?topicId=28"
                xsi:type="ED"/>
      </measureAttribute>
   </subjectOf>
   <subjectOf>
      <measureAttribute>
         <code code="REF" codeSystem="2.16.840.1.113883.5.4">
            <displayName value="Reference"/>
         </code>
         <value mediaType="text/plain"
                value="CITATIONU.S. Preventive Services Task Force. (2019). Interventions to Prevent Perinatal Depression: US Preventive Services Task Force Recommendation Statement. JAMA, 321(6):580–587. doi:10.1001/jama.2019.0007"
                xsi:type="ED"/>
      </measureAttribute>
   </subjectOf>
   <subjectOf>
      <measureAttribute>
         <code code="REF" codeSystem="2.16.840.1.113883.5.4">
            <displayName value="Reference"/>
         </code>
         <value mediaType="text/plain"
                value="CITATIONVibhakar, V., Allen, L. R., Gee, B., &amp; Meiser-Stedman, R. (2019). A systematic review and meta-analysis on the prevalence of depression in children and adolescents after exposure to trauma. Journal of affective disorders, 255, 77–89. https://doi.org/10.1016/j.jad.2019.05.005"
                xsi:type="ED"/>
      </measureAttribute>
   </subjectOf>
   <subjectOf>
      <measureAttribute>
         <code code="DEF" codeSystem="2.16.840.1.113883.5.4">
            <displayName value="Definition"/>
         </code>
         <value mediaType="text/plain"
                value="Screening:&#xA;Completion of a clinical or diagnostic tool used to identify people at risk of developing or having a certain disease or condition, even in the absence of symptoms.  &#xA;&#xA;Standardized Depression Screening Tool: A normalized and validated depression screening tool developed for the patient population in which it is being utilized.&#xA;&#xA;Examples of standardized depression screening tools include but are not limited to: &#xA;*  Adolescent Screening Tools (12-17 years) &#xA;   *  Patient Health Questionnaire for Adolescents (PHQ-A)&#xA;   *  Beck Depression Inventory-Primary Care Version (BDI-PC)&#xA;   *  Mood Feeling Questionnaire (MFQ)&#xA;   *  Center for Epidemiologic Studies Depression Scale (CES-D)&#xA;   *  Patient Health Questionnaire (PHQ-9)&#xA;   *  Pediatric Symptom Checklist (PSC-17)&#xA;   *  PRIME MD-PHQ2 &#xA;*  Adult Screening Tools (18 years and older) &#xA;   *  Patient Health Questionnaire (PHQ9)&#xA;   *  Beck Depression Inventory (BDI or BDI-II)&#xA;   *  Center for Epidemiologic Studies Depression Scale (CES-D)&#xA;   *  Depression Scale (DEPS)&#xA;   *  Duke Anxiety-Depression Scale (DADS)&#xA;   *  Geriatric Depression Scale (GDS)&#xA;   *  Cornell Scale for Depression in Dementia (CSDD)&#xA;   *  PRIME MD-PHQ2 &#xA;   *  Hamilton Rating Scale for Depression (HAM-D)&#xA;   *  Quick Inventory of Depressive Symptomatology Self-Report (QID-SR)&#xA;   *  Computerized Adaptive Testing Depression Inventory (CAT-DI)&#xA;   *  Computerized Adaptive Diagnostic Screener (CAD-MDD)&#xA;*  Perinatal Screening Tools&#xA;   *  Edinburgh Postnatal Depression Scale&#xA;   *  Postpartum Depression Screening Scale&#xA;   *  Patient Health Questionnaire 9 (PHQ-9)&#xA;   *  Beck Depression Inventory&#xA;   *  Beck Depression Inventory-II&#xA;   *  Center for Epidemiologic Studies Depression Scale&#xA;   *  Zung Self-rating Depression Scale&#xA;   &#xA;Follow-Up Plan: &#xA;Documented follow-up for a positive depression screening must include one or more of the following:&#xA;   *  Referral to a provider for additional evaluation and assessment to formulate a follow-up plan for a positive depression screen&#xA;   *  Pharmacological interventions&#xA;   *  Other interventions or follow-up for the diagnosis or treatment of depression"
                xsi:type="ED"/>
      </measureAttribute>
   </subjectOf>
   <subjectOf>
      <measureAttribute>
         <code code="GUIDE" codeSystem="2.16.840.1.113883.5.4">
            <displayName value="Guidance"/>
         </code>
         <value mediaType="text/plain"
                value="The intent of the measure is to screen for new cases of depression in patients who have never had a diagnosis of depression or bipolar disorder. Patients who have ever been diagnosed with depression or bipolar disorder prior to the qualifying encounter used to evaluate the numerator will be excluded from the measure regardless of whether the diagnosis is active or not.&#xA;&#xA;A depression screen is completed on the date of the encounter or up to 14 calendar days prior to the date of the encounter using an age-appropriate standardized depression screening tool AND if positive, a follow-up plan must be documented on the date of or up to two calendar days after the date of the encounter, such as referral to a provider for additional evaluation, pharmacological interventions, or other interventions for the treatment of depression. An example to illustrate the follow-up plan documentation timing: if the encounter is on a Monday from 3-4 pm (day 0) and the patient screens positive, the clinician has through anytime on Wednesday (day 2) to complete follow-up plan documentation.&#xA;&#xA;This measure does not require documentation of a specific score, just whether results of the normalized and validated depression screening tool used are considered positive or negative. Each standardized screening tool provides guidance on whether a particular score is considered positive for depression.  &#xA;&#xA;This eCQM is a patient-based measure. Depression screening is required once per measurement period, not at all encounters.&#xA;&#xA;Screening Tools:&#xA; *  An age-appropriate, standardized, and validated depression screening tool must be used for numerator compliance.&#xA; *  The name of the age-appropriate standardized depression screening tool utilized must be documented in the medical record.&#xA; *  The depression screening must be reviewed and addressed by the provider, filing the code, on the date of the encounter. Positive pre-screening results indicating a patient is at high risk for self-harm should receive more urgent intervention as determined by the provider practice.&#xA; *  The screening should occur during a qualifying encounter or up to 14 calendar days prior to the date of the qualifying encounter.&#xA; *  The measure assesses the most recent depression screening completed either during the qualifying encounter or within the 14 calendar days prior to that encounter. Therefore, a clinician would not be able to complete another screening at the time of the encounter to count towards a follow-up, because that would serve as the most recent screening. In order to satisfy the follow-up requirement for a patient screening positively, the eligible clinician would need to provide one of the aforementioned follow-up actions, which does not include use of a standardized depression screening tool.&#xA;&#xA;Follow-Up Plan:&#xA;The follow-up plan MUST still be provided for and discussed with the patient during the qualifying encounter used to evaluate the numerator. However, documentation of the follow-up plan can occur up to two calendar days after the qualifying encounter, in accordance with the policies of an eligible clinician or provider’s practice or health system. All services should be documented during, or as soon as practicable, after the qualifying encounter in order to maintain an accurate medical record.&#xA;&#xA;The follow-up plan must be related to a positive depression screening, for example: &quot;Patient referred for psychiatric evaluation due to positive depression screening.&quot;&#xA;&#xA;Examples of a follow-up plan include but are not limited to: &#xA; *  Referral to a provider or program for further evaluation for depression, for example, referral to a psychiatrist, psychiatric nurse practitioner, psychologist, clinical social worker, mental health counselor, or other mental health service such as family or group therapy, support group, depression management program, or other service for treatment of depression&#xA; *  Other interventions designed to treat depression such as behavioral health evaluation, psychotherapy, pharmacological interventions, or additional treatment options&#xA;&#xA;Should a patient screen positive for depression, a clinician should:&#xA;*  Only order pharmacological intervention when appropriate and after sufficient diagnostic evaluation. However, for the purposes of this measure, additional screening and assessment during the qualifying encounter will not qualify as a follow-up plan.&#xA;*  Opt to complete a suicide risk assessment when appropriate and based on individual patient characteristics. However, for the purposes of this measure, a suicide risk assessment or additional screening using a standardized tool will not qualify as a follow-up plan.&#xA;&#xA;This version of the eCQM uses QDM version 5.6. Please refer to the eCQI resource center (https://ecqi.healthit.gov/qdm) for more information on the QDM."
                xsi:type="ED"/>
      </measureAttribute>
   </subjectOf>
   <subjectOf>
      <measureAttribute>
         <code code="TRANF" codeSystem="2.16.840.1.113883.5.4">
            <displayName value="Transmission Format"/>
         </code>
         <value mediaType="text/plain" value="TBD" xsi:type="ED"/>
      </measureAttribute>
   </subjectOf>
   <subjectOf>
      <measureAttribute>
         <code code="IPOP" codeSystem="2.16.840.1.113883.5.4">
            <displayName value="Initial Population"/>
         </code>
         <value mediaType="text/plain"
                value="All patients aged 12 years and older at the beginning of the measurement period with at least one qualifying encounter during the measurement period"
                xsi:type="ED"/>
      </measureAttribute>
   </subjectOf>
   <subjectOf>
      <measureAttribute>
         <code code="DENOM" codeSystem="2.16.840.1.113883.5.4">
            <displayName value="Denominator"/>
         </code>
         <value mediaType="text/plain" value="Equals Initial Population" xsi:type="ED"/>
      </measureAttribute>
   </subjectOf>
   <subjectOf>
      <measureAttribute>
         <code code="DENEX" codeSystem="2.16.840.1.113883.5.4">
            <displayName value="Denominator Exclusions"/>
         </code>
         <value mediaType="text/plain"
                value="Patients who have ever been diagnosed with depression or with bipolar disorder at any time prior to the qualifying encounter"
                xsi:type="ED"/>
      </measureAttribute>
   </subjectOf>
   <subjectOf>
      <measureAttribute>
         <code code="NUMER" codeSystem="2.16.840.1.113883.5.4">
            <displayName value="Numerator"/>
         </code>
         <value mediaType="text/plain"
                value="Patients screened for depression on the date of the encounter or up to 14 days prior to the date of the encounter using an age-appropriate standardized tool AND if positive, a follow-up plan is documented on the date of or up to two days after the date of the qualifying encounter"
                xsi:type="ED"/>
      </measureAttribute>
   </subjectOf>
   <subjectOf>
      <measureAttribute>
         <code code="NUMEX" codeSystem="2.16.840.1.113883.5.4">
            <displayName value="Numerator Exclusions"/>
         </code>
         <value mediaType="text/plain" value="Not Applicable" xsi:type="ED"/>
      </measureAttribute>
   </subjectOf>
   <subjectOf>
      <measureAttribute>
         <code code="DENEXCEP" codeSystem="2.16.840.1.113883.5.4">
            <displayName value="Denominator Exceptions"/>
         </code>
         <value mediaType="text/plain"
                value="Patient Reason(s)&#xA;Patient refuses to participate &#xA;OR&#xA;Medical Reason(s)&#x9;&#xA;Documentation of medical reason for not screening patient for depression (e.g., cognitive, functional, or motivational limitations that may impact accuracy of results; patient is in an urgent or emergent situation where time is of the essence and to delay treatment would jeopardize the patient's health status)"
                xsi:type="ED"/>
      </measureAttribute>
   </subjectOf>
   <subjectOf>
      <measureAttribute>
         <code code="SDE" codeSystem="2.16.840.1.113883.5.4">
            <displayName value="Supplemental Data Elements"/>
         </code>
         <value mediaType="text/plain"
                value="For every patient evaluated by this measure also identify payer, race, ethnicity, and sex"
                xsi:type="ED"/>
      </measureAttribute>
   </subjectOf>
   <componentOf>
      <qualityMeasureSet classCode="ACT">
         <id root="9a031e24-3d9b-11e1-8634-00237d5bf174"/>
         <title value="Preventive Care and Screening"/>
      </qualityMeasureSet>
   </componentOf>
   <!--Data Criteria Section-->
   <component>
      <dataCriteriaSection>
         <templateId>
            <item extension="2021-02-01" root="2.16.840.1.113883.10.20.28.2.6"/>
         </templateId>
         <code code="57025-9" codeSystem="2.16.840.1.113883.6.1"/>
         <title value="Data Criteria Section"/>
         <text/>
         <entry typeCode="DRIV">
            <localVariableName value="Payer_PatientCharacteristicPayer_VmBSs"/>
            <observationCriteria classCode="OBS" moodCode="EVN">
               <templateId>
                  <item extension="2017-05-01" root="2.16.840.1.113883.10.20.28.4.58"/>
               </templateId>
               <id extension="Payer_PatientCharacteristicPayer"
                   root="8a517e4a-bc7e-4732-a4b9-f82f4f2d6a4d"/>
               <code code="48768-6" codeSystem="2.16.840.1.113883.6.1" codeSystemName="LOINC">
                  <displayName value="Payer"/>
               </code>
               <title value="Patient Characteristic Payer"/>
               <statusCode code="COMPLETED"/>
               <value valueSet="2.16.840.1.114222.4.11.3591" xsi:type="CD"/>
            </observationCriteria>
         </entry>
         <entry typeCode="DRIV">
            <localVariableName value="ONCAdministrativeSex_PatientCharacteristicSex_yi3Sg"/>
            <observationCriteria classCode="OBS" moodCode="EVN">
               <templateId>
                  <item extension="2017-05-01" root="2.16.840.1.113883.10.20.28.4.55"/>
               </templateId>
               <id extension="ONCAdministrativeSex_PatientCharacteristicSex"
                   root="51fad7ac-01f3-4909-ac75-5137c88d2782"/>
               <code code="263495000" codeSystem="2.16.840.1.113883.6.96" codeSystemName="SNOMED CT">
                  <displayName value="Gender"/>
               </code>
               <title value="Patient Characteristic Sex"/>
               <statusCode code="COMPLETED"/>
               <value valueSet="2.16.840.1.113762.1.4.1" xsi:type="CD"/>
            </observationCriteria>
         </entry>
         <entry typeCode="DRIV">
            <localVariableName value="BipolarDiagnosis_Diagnosis_AsVXM"/>
            <observationCriteria classCode="OBS" moodCode="EVN">
               <templateId>
                  <item extension="2021-02-01" root="2.16.840.1.113883.10.20.28.4.110"/>
               </templateId>
               <id extension="BipolarDiagnosis_Diagnosis"
                   root="3c230357-a77e-4b04-95b6-64edea004a54"/>
               <code code="282291009" codeSystem="2.16.840.1.113883.6.96" codeSystemName="SNOMED CT">
                  <displayName value="Diagnosis"/>
               </code>
               <title value="Diagnosis"/>
               <statusCode code="COMPLETED"/>
               <value valueSet="2.16.840.1.113883.3.600.450" xsi:type="CD"/>
            </observationCriteria>
         </entry>
         <entry typeCode="DRIV">
            <localVariableName value="FollowUpforAdolescentDepression_InterventionPerformed_yyOpu"/>
            <actCriteria classCode="ACT" moodCode="EVN">
               <templateId>
                  <item extension="2021-02-01" root="2.16.840.1.113883.10.20.28.4.36"/>
               </templateId>
               <id extension="FollowUpforAdolescentDepression_InterventionPerformed"
                   root="40280381-3e93-d1af-013e-9f64279f2251"/>
               <code valueSet="2.16.840.1.113883.3.526.3.1569"/>
               <title value="Intervention, Performed"/>
               <statusCode code="COMPLETED"/>
            </actCriteria>
         </entry>
         <entry typeCode="DRIV">
            <localVariableName value="TelephoneVisits_EncounterPerformed_QYxEs"/>
            <encounterCriteria classCode="ENC" moodCode="EVN">
               <templateId>
                  <item extension="2021-02-01" root="2.16.840.1.113883.10.20.28.4.5"/>
               </templateId>
               <id extension="TelephoneVisits_EncounterPerformed"
                   root="5b1fb6ff-3e4a-4b65-9942-742b718da496"/>
               <code valueSet="2.16.840.1.113883.3.464.1003.101.12.1080"/>
               <title value="Encounter, Performed"/>
               <statusCode code="COMPLETED"/>
            </encounterCriteria>
         </entry>
         <entry typeCode="DRIV">
            <localVariableName value="EncountertoScreenforDepression_EncounterPerformed_QA5ti"/>
            <encounterCriteria classCode="ENC" moodCode="EVN">
               <templateId>
                  <item extension="2021-02-01" root="2.16.840.1.113883.10.20.28.4.5"/>
               </templateId>
               <id extension="EncountertoScreenforDepression_EncounterPerformed"
                   root="04f6615c-81c1-449c-b477-70a87697193a"/>
               <code valueSet="2.16.840.1.113883.3.600.1916"/>
               <title value="Encounter, Performed"/>
               <statusCode code="COMPLETED"/>
            </encounterCriteria>
         </entry>
         <entry typeCode="DRIV">
            <localVariableName value="ReferralforAdultDepression_InterventionOrder_IoEe9"/>
            <actCriteria classCode="ACT" moodCode="RQO">
               <templateId>
                  <item extension="2021-02-01" root="2.16.840.1.113883.10.20.28.4.35"/>
               </templateId>
               <id extension="ReferralforAdultDepression_InterventionOrder"
                   root="40280381-3e93-d1af-013e-9f64279f2254"/>
               <code valueSet="2.16.840.1.113883.3.526.3.1571"/>
               <title value="Intervention, Order"/>
               <statusCode code="ACTIVE"/>
            </actCriteria>
         </entry>
         <entry typeCode="DRIV">
            <localVariableName value="Ethnicity_PatientCharacteristicEthnicity_tZfXa"/>
            <observationCriteria classCode="OBS" moodCode="EVN">
               <templateId>
                  <item extension="2017-05-01" root="2.16.840.1.113883.10.20.28.4.56"/>
               </templateId>
               <id extension="Ethnicity_PatientCharacteristicEthnicity"
                   root="afbb45c6-0aca-4911-9c0c-22d04b2a0e37"/>
               <code code="54133-4" codeSystem="2.16.840.1.113883.6.1" codeSystemName="LOINC">
                  <displayName value="Ethnicity"/>
               </code>
               <title value="Patient Characteristic Ethnicity"/>
               <statusCode code="COMPLETED"/>
               <value valueSet="2.16.840.1.114222.4.11.837" xsi:type="CD"/>
            </observationCriteria>
         </entry>
         <entry typeCode="DRIV">
            <localVariableName value="FollowUpforAdultDepression_InterventionPerformed_wktdA"/>
            <actCriteria classCode="ACT" moodCode="EVN">
               <templateId>
                  <item extension="2021-02-01" root="2.16.840.1.113883.10.20.28.4.36"/>
               </templateId>
               <id extension="FollowUpforAdultDepression_InterventionPerformed"
                   root="40280381-3e93-d1af-013e-9f64279f2252"/>
               <code valueSet="2.16.840.1.113883.3.526.3.1568"/>
               <title value="Intervention, Performed"/>
               <statusCode code="COMPLETED"/>
            </actCriteria>
         </entry>
         <entry typeCode="DRIV">
            <localVariableName value="Race_PatientCharacteristicRace_lzZof"/>
            <observationCriteria classCode="OBS" moodCode="EVN">
               <templateId>
                  <item extension="2017-05-01" root="2.16.840.1.113883.10.20.28.4.59"/>
               </templateId>
               <id extension="Race_PatientCharacteristicRace"
                   root="cf558dad-1ce1-4b91-91db-954da9c6e69c"/>
               <code code="32624-9" codeSystem="2.16.840.1.113883.6.1" codeSystemName="LOINC">
                  <displayName value="Race"/>
               </code>
               <title value="Patient Characteristic Race"/>
               <statusCode code="COMPLETED"/>
               <value valueSet="2.16.840.1.114222.4.11.836" xsi:type="CD"/>
            </observationCriteria>
         </entry>
         <entry typeCode="DRIV">
            <localVariableName value="ReferralforAdolescentDepression_InterventionOrder_oASxF"/>
            <actCriteria classCode="ACT" moodCode="RQO">
               <templateId>
                  <item extension="2021-02-01" root="2.16.840.1.113883.10.20.28.4.35"/>
               </templateId>
               <id extension="ReferralforAdolescentDepression_InterventionOrder"
                   root="40280381-3e93-d1af-013e-9f64279f2253"/>
               <code valueSet="2.16.840.1.113883.3.526.3.1570"/>
               <title value="Intervention, Order"/>
               <statusCode code="ACTIVE"/>
            </actCriteria>
         </entry>
         <entry typeCode="DRIV">
            <localVariableName value="DepressionDiagnosis_Diagnosis_sQmiH"/>
            <observationCriteria classCode="OBS" moodCode="EVN">
               <templateId>
                  <item extension="2021-02-01" root="2.16.840.1.113883.10.20.28.4.110"/>
               </templateId>
               <id extension="DepressionDiagnosis_Diagnosis"
                   root="194d7683-260a-4fd3-aa65-bb27d2cf81bc"/>
               <code code="282291009" codeSystem="2.16.840.1.113883.6.96" codeSystemName="SNOMED CT">
                  <displayName value="Diagnosis"/>
               </code>
               <title value="Diagnosis"/>
               <statusCode code="COMPLETED"/>
               <value valueSet="2.16.840.1.113883.3.600.145" xsi:type="CD"/>
            </observationCriteria>
         </entry>
         <entry typeCode="DRIV">
            <localVariableName value="PhysicalTherapyEvaluation_EncounterPerformed_L0HLV"/>
            <encounterCriteria classCode="ENC" moodCode="EVN">
               <templateId>
                  <item extension="2021-02-01" root="2.16.840.1.113883.10.20.28.4.5"/>
               </templateId>
               <id extension="PhysicalTherapyEvaluation_EncounterPerformed"
                   root="74fd2b0d-43b3-4f2f-8910-f0b4193667db"/>
               <code valueSet="2.16.840.1.113883.3.526.3.1022"/>
               <title value="Encounter, Performed"/>
               <statusCode code="COMPLETED"/>
            </encounterCriteria>
         </entry>
         <entry typeCode="DRIV">
            <localVariableName value="AdolescentDepressionMedications_MedicationOrder_Kezra"/>
            <substanceAdministrationCriteria classCode="SBADM" moodCode="RQO">
               <templateId>
                  <item extension="2021-02-01" root="2.16.840.1.113883.10.20.28.4.51"/>
               </templateId>
               <id extension="AdolescentDepressionMedications_MedicationOrder"
                   root="40280381-3e93-d1af-013e-9f64279f224f"/>
               <title value="Medication, Order"/>
               <statusCode code="ACTIVE"/>
			            <participation typeCode="CSM">
                  <role classCode="MANU">
                     <playingMaterial classCode="MMAT" determinerCode="KIND">
                        <code valueSet="2.16.840.1.113883.3.526.3.1567"/>
                     </playingMaterial>
                  </role>
               </participation>
		          </substanceAdministrationCriteria>
         </entry>
         <entry typeCode="DRIV">
            <localVariableName value="AdultDepressionMedications_MedicationOrder_IpvW7"/>
            <substanceAdministrationCriteria classCode="SBADM" moodCode="RQO">
               <templateId>
                  <item extension="2021-02-01" root="2.16.840.1.113883.10.20.28.4.51"/>
               </templateId>
               <id extension="AdultDepressionMedications_MedicationOrder"
                   root="40280381-3e93-d1af-013e-9f64279f2250"/>
               <title value="Medication, Order"/>
               <statusCode code="ACTIVE"/>
			            <participation typeCode="CSM">
                  <role classCode="MANU">
                     <playingMaterial classCode="MMAT" determinerCode="KIND">
                        <code valueSet="2.16.840.1.113883.3.526.3.1566"/>
                     </playingMaterial>
                  </role>
               </participation>
		          </substanceAdministrationCriteria>
         </entry>
         <entry typeCode="DRIV">
            <observationCriteria classCode="OBS" moodCode="EVN">
               <templateId>
                  <item extension="2021-02-01" root="2.16.840.1.113883.10.20.28.4.117"/>
               </templateId>
               <id extension="73831-0_AssessmentPerformed"
                   root="08D71C11-9E19-4B8E-ACE3-12C84C0DE10E"/>
               <code code="73831-0" codeSystem="2.16.840.1.113883.6.1" codeSystemName="LOINC"/>
               <title value="Assessment, Performed"/>
               <statusCode code="COMPLETED"/>
            </observationCriteria>
         </entry>
         <entry typeCode="DRIV">
            <observationCriteria actionNegationInd="TRUE" classCode="OBS" moodCode="EVN">
               <templateId>
                  <item extension="2021-02-01" root="2.16.840.1.113883.10.20.28.4.117"/>
               </templateId>
               <id extension="73831-0_AssessmentNotPerformed"
                   root="EA0BF5F7-3AB3-49EF-B508-0415FB36FFB8"/>
               <code code="73831-0" codeSystem="2.16.840.1.113883.6.1" codeSystemName="LOINC"/>
               <title value="Assessment, Not Performed"/>
               <statusCode code="COMPLETED"/>
            </observationCriteria>
         </entry>
         <entry typeCode="DRIV">
            <observationCriteria classCode="OBS" moodCode="EVN">
               <templateId>
                  <item extension="2021-02-01" root="2.16.840.1.113883.10.20.28.4.117"/>
               </templateId>
               <id extension="73832-8_AssessmentPerformed"
                   root="A9F961CC-1710-4FD6-A9CB-0CF913FF5072"/>
               <code code="73832-8" codeSystem="2.16.840.1.113883.6.1" codeSystemName="LOINC"/>
               <title value="Assessment, Performed"/>
               <statusCode code="COMPLETED"/>
            </observationCriteria>
         </entry>
         <entry typeCode="DRIV">
            <observationCriteria actionNegationInd="TRUE" classCode="OBS" moodCode="EVN">
               <templateId>
                  <item extension="2021-02-01" root="2.16.840.1.113883.10.20.28.4.117"/>
               </templateId>
               <id extension="73832-8_AssessmentNotPerformed"
                   root="9480D700-42A8-46FA-9C59-ED76F2DC12C0"/>
               <code code="73832-8" codeSystem="2.16.840.1.113883.6.1" codeSystemName="LOINC"/>
               <title value="Assessment, Not Performed"/>
               <statusCode code="COMPLETED"/>
            </observationCriteria>
         </entry>
      </dataCriteriaSection>
   </component>
   <component>
      <populationCriteriaSection>
         <templateId>
            <item extension="2017-08-01" root="2.16.840.1.113883.10.20.28.2.7"/>
         </templateId>
         <id extension="PopulationCriteria1" root="E4C20931-8A07-42B0-BE78-8F4AAA5C4990"/>
         <code code="57026-7" codeSystem="2.16.840.1.113883.6.1"/>
         <title value="Population Criteria Section"/>
         <text/>
         <component typeCode="COMP">
            <initialPopulationCriteria classCode="OBS" moodCode="EVN">
               <id extension="initialPopulation" root="B28864C4-1674-4476-879C-08E620CB7E56"/>
               <code code="IPOP" codeSystem="2.16.840.1.113883.5.4" codeSystemName="Act Code"/>
               <precondition typeCode="PRCN">
                  <criteriaReference classCode="OBS" moodCode="EVN">
                     <id extension="PCSDepressionScreenAndFollowUp.&quot;Initial Population&quot;"
                         root="F35A48A1-2A77-4B2C-910D-5181AEF5FA5D"/>
                  </criteriaReference>
               </precondition>
            </initialPopulationCriteria>
         </component>
         <component typeCode="COMP">
            <denominatorCriteria classCode="OBS" moodCode="EVN">
               <id extension="denominator" root="77F28681-11EB-4BFF-98C8-E68823820AF1"/>
               <code code="DENOM" codeSystem="2.16.840.1.113883.5.4" codeSystemName="Act Code"/>
               <precondition typeCode="PRCN">
                  <criteriaReference classCode="OBS" moodCode="EVN">
                     <id extension="PCSDepressionScreenAndFollowUp.&quot;Denominator&quot;"
                         root="F35A48A1-2A77-4B2C-910D-5181AEF5FA5D"/>
                  </criteriaReference>
               </precondition>
            </denominatorCriteria>
         </component>
         <component typeCode="COMP">
            <denominatorExclusionCriteria classCode="OBS" moodCode="EVN">
               <id extension="denominatorExclusions" root="87A2CE58-EFD2-407A-B771-BE0BEADD8C00"/>
               <code code="DENEX" codeSystem="2.16.840.1.113883.5.4" codeSystemName="Act Code"/>
               <precondition typeCode="PRCN">
                  <criteriaReference classCode="OBS" moodCode="EVN">
                     <id extension="PCSDepressionScreenAndFollowUp.&quot;Denominator Exclusions&quot;"
                         root="F35A48A1-2A77-4B2C-910D-5181AEF5FA5D"/>
                  </criteriaReference>
               </precondition>
            </denominatorExclusionCriteria>
         </component>
         <component typeCode="COMP">
            <denominatorExceptionCriteria classCode="OBS" moodCode="EVN">
               <id extension="denominatorExceptions" root="4DAA814C-005B-4B38-A9B4-980A0BE45EF3"/>
               <code code="DENEXCEP" codeSystem="2.16.840.1.113883.5.4" codeSystemName="Act Code"/>
               <precondition typeCode="PRCN">
                  <criteriaReference classCode="OBS" moodCode="EVN">
                     <id extension="PCSDepressionScreenAndFollowUp.&quot;Denominator Exceptions&quot;"
                         root="F35A48A1-2A77-4B2C-910D-5181AEF5FA5D"/>
                  </criteriaReference>
               </precondition>
            </denominatorExceptionCriteria>
         </component>
         <component typeCode="COMP">
            <numeratorCriteria classCode="OBS" moodCode="EVN">
               <id extension="numerator" root="058B20CD-119E-40C6-9431-A383022AD65C"/>
               <code code="NUMER" codeSystem="2.16.840.1.113883.5.4" codeSystemName="Act Code"/>
               <precondition typeCode="PRCN">
                  <criteriaReference classCode="OBS" moodCode="EVN">
                     <id extension="PCSDepressionScreenAndFollowUp.&quot;Numerator&quot;"
                         root="F35A48A1-2A77-4B2C-910D-5181AEF5FA5D"/>
                  </criteriaReference>
               </precondition>
            </numeratorCriteria>
         </component>
         <component typeCode="COMP">
            <cql-ext:supplementalDataElement>
               <id extension="Supplemental Data Elements"
                   root="E4EA3C46-4012-4E37-B8BD-F365BCFA0C7D"/>
               <code code="SDE" codeSystem="2.16.840.1.113883.5.4" codeSystemName="Act Code"/>
               <precondition typeCode="PRCN">
                  <criteriaReference classCode="OBS" moodCode="EVN">
                     <id extension="PCSDepressionScreenAndFollowUp.&quot;SDE Ethnicity&quot;"
                         root="F35A48A1-2A77-4B2C-910D-5181AEF5FA5D"/>
                  </criteriaReference>
               </precondition>
            </cql-ext:supplementalDataElement>
         </component>
         <component typeCode="COMP">
            <cql-ext:supplementalDataElement>
               <id extension="Supplemental Data Elements"
                   root="8EA931F0-8CFD-4B91-8625-531187F70DAB"/>
               <code code="SDE" codeSystem="2.16.840.1.113883.5.4" codeSystemName="Act Code"/>
               <precondition typeCode="PRCN">
                  <criteriaReference classCode="OBS" moodCode="EVN">
                     <id extension="PCSDepressionScreenAndFollowUp.&quot;SDE Payer&quot;"
                         root="F35A48A1-2A77-4B2C-910D-5181AEF5FA5D"/>
                  </criteriaReference>
               </precondition>
            </cql-ext:supplementalDataElement>
         </component>
         <component typeCode="COMP">
            <cql-ext:supplementalDataElement>
               <id extension="Supplemental Data Elements"
                   root="56FFDB1C-CD33-4105-8303-45D1F64996E7"/>
               <code code="SDE" codeSystem="2.16.840.1.113883.5.4" codeSystemName="Act Code"/>
               <precondition typeCode="PRCN">
                  <criteriaReference classCode="OBS" moodCode="EVN">
                     <id extension="PCSDepressionScreenAndFollowUp.&quot;SDE Race&quot;"
                         root="F35A48A1-2A77-4B2C-910D-5181AEF5FA5D"/>
                  </criteriaReference>
               </precondition>
            </cql-ext:supplementalDataElement>
         </component>
         <component typeCode="COMP">
            <cql-ext:supplementalDataElement>
               <id extension="Supplemental Data Elements"
                   root="6F33B123-ADD3-4921-971C-844277E106CD"/>
               <code code="SDE" codeSystem="2.16.840.1.113883.5.4" codeSystemName="Act Code"/>
               <precondition typeCode="PRCN">
                  <criteriaReference classCode="OBS" moodCode="EVN">
                     <id extension="PCSDepressionScreenAndFollowUp.&quot;SDE Sex&quot;"
                         root="F35A48A1-2A77-4B2C-910D-5181AEF5FA5D"/>
                  </criteriaReference>
               </precondition>
            </cql-ext:supplementalDataElement>
         </component>
      </populationCriteriaSection>
   </component>
</QualityMeasureDocument>