<?xml version="1.0" encoding="UTF-8" standalone="yes"?>
<QualityMeasureDocument xmlns="urn:hl7-org:v3"
                        xmlns:cql-ext="urn:hhs-cql:hqmf-n1-extensions:v1"
                        xmlns:xsi="http://www.w3.org/2001/XMLSchema-instance">

      <!--
            **************************************************************
            Measure Details Section
            **************************************************************
        -->
   <typeId extension="POQM_HD000001UV02" root="2.16.840.1.113883.1.3"/>
   <templateId>
      <item extension="2021-02-01" root="2.16.840.1.113883.10.20.28.1.2"/>
   </templateId>
   <id root="8ea82ad9-51bf-494c-ad91-2b14e8717bc7"/>
   <code code="57024-2" codeSystem="2.16.840.1.113883.6.1">
      <displayName value="Health Quality Measure Document"/>
   </code>
   <title value="HIV Viral Suppression"/>
   <text
         value="Percentage of patients, regardless of age, diagnosed with Human Immunodeficiency Virus (HIV) prior to or during the first 90 days of the measurement period, with an eligible encounter in the first 240 days of the measurement period, whose last HIV viral load test result was less than 200 copies/mL during the measurement period."/>
   <statusCode code="COMPLETED"/>
   <setId root="9e0a7673-bae5-400a-8e3b-19029cac288a"/>
   <versionNumber value="3.0.000"/>
   <author>
      <responsibleParty classCode="ASSIGNED">
         <representedResponsibleOrganization classCode="ORG" determinerCode="INSTANCE">
            <id>
               <item root="2.16.840.1.113883.3.3447"/>
            </id>
            <name>
               <item>
                  <part value="Health Resources &amp; Services Administration"/>
               </item>
            </name>
         </representedResponsibleOrganization>
      </responsibleParty>
   </author>
   <custodian>
      <responsibleParty classCode="ASSIGNED">
         <representedResponsibleOrganization classCode="ORG" determinerCode="INSTANCE">
            <id>
               <item root="2.16.840.1.113883.3.3447"/>
            </id>
            <name>
               <item>
                  <part value="Health Resources &amp; Services Administration"/>
               </item>
            </name>
         </representedResponsibleOrganization>
      </responsibleParty>
   </custodian>
   <!--Office Visit-->
   <definition>
      <valueSet classCode="OBS" moodCode="DEF">
         <id root="2.16.840.1.113883.3.464.1003.101.12.1001"/>
         <title value="Office Visit"/>
      </valueSet>
   </definition>
   <!--Preventive Care, Established Office Visit, 0 to 17-->
   <definition>
      <valueSet classCode="OBS" moodCode="DEF">
         <id root="2.16.840.1.113883.3.464.1003.101.12.1024"/>
         <title value="Preventive Care, Established Office Visit, 0 to 17"/>
      </valueSet>
   </definition>
   <!--Payer Type-->
   <definition>
      <valueSet classCode="OBS" moodCode="DEF">
         <id root="2.16.840.1.114222.4.11.3591"/>
         <title value="Payer Type"/>
      </valueSet>
   </definition>
   <!--Preventive Care Services Initial Office Visit, 18 and Up-->
   <definition>
      <valueSet classCode="OBS" moodCode="DEF">
         <id root="2.16.840.1.113883.3.464.1003.101.12.1023"/>
         <title value="Preventive Care Services Initial Office Visit, 18 and Up"/>
      </valueSet>
   </definition>
   <!--Preventive Care Services Established Office Visit, 18 and Up-->
   <definition>
      <valueSet classCode="OBS" moodCode="DEF">
         <id root="2.16.840.1.113883.3.464.1003.101.12.1025"/>
         <title value="Preventive Care Services Established Office Visit, 18 and Up"/>
      </valueSet>
   </definition>
   <!--Telephone Visits-->
   <definition>
      <valueSet classCode="OBS" moodCode="DEF">
         <id root="2.16.840.1.113883.3.464.1003.101.12.1080"/>
         <title value="Telephone Visits"/>
      </valueSet>
   </definition>
   <!--Preventive Care Services, Initial Office Visit, 0 to 17-->
   <definition>
      <valueSet classCode="OBS" moodCode="DEF">
         <id root="2.16.840.1.113883.3.464.1003.101.12.1022"/>
         <title value="Preventive Care Services, Initial Office Visit, 0 to 17"/>
      </valueSet>
   </definition>
   <!--Race-->
   <definition>
      <valueSet classCode="OBS" moodCode="DEF">
         <id root="2.16.840.1.114222.4.11.836"/>
         <title value="Race"/>
      </valueSet>
   </definition>
   <!--Federal Administrative Sex-->
   <definition>
      <valueSet classCode="OBS" moodCode="DEF">
         <id root="2.16.840.1.113762.1.4.1021.121"/>
         <title value="Federal Administrative Sex"/>
      </valueSet>
   </definition>
   <!--Annual Wellness Visit-->
   <definition>
      <valueSet classCode="OBS" moodCode="DEF">
         <id root="2.16.840.1.113883.3.526.3.1240"/>
         <title value="Annual Wellness Visit"/>
      </valueSet>
   </definition>
   <!--Outpatient Consultation-->
   <definition>
      <valueSet classCode="OBS" moodCode="DEF">
         <id root="2.16.840.1.113883.3.464.1003.101.12.1008"/>
         <title value="Outpatient Consultation"/>
      </valueSet>
   </definition>
   <!--Home Healthcare Services-->
   <definition>
      <valueSet classCode="OBS" moodCode="DEF">
         <id root="2.16.840.1.113883.3.464.1003.101.12.1016"/>
         <title value="Home Healthcare Services"/>
      </valueSet>
   </definition>
   <!--HIV-->
   <definition>
      <valueSet classCode="OBS" moodCode="DEF">
         <id root="2.16.840.1.113883.3.464.1003.120.12.1003"/>
         <title value="HIV"/>
      </valueSet>
   </definition>
   <!--Ethnicity-->
   <definition>
      <valueSet classCode="OBS" moodCode="DEF">
         <id root="2.16.840.1.114222.4.11.837"/>
         <title value="Ethnicity"/>
      </valueSet>
   </definition>
   <!--Face to Face Interaction-->
   <definition>
      <valueSet classCode="OBS" moodCode="DEF">
         <id root="2.16.840.1.113762.1.4.1248.375"/>
         <title value="Face to Face Interaction"/>
      </valueSet>
   </definition>
   <!--HIV Viral Load Tests-->
   <definition>
      <valueSet classCode="OBS" moodCode="DEF">
         <id root="2.16.840.1.113762.1.4.1248.377"/>
         <title value="HIV Viral Load Tests"/>
      </valueSet>
   </definition>
   <!--Not detected (qualifier value)- -->
   <definition>
      <cql-ext:code code="260415000"
                    codeSystem="2.16.840.1.113883.6.96"
                    codeSystemName="SNOMEDCT">
         <displayName value="Not detected (qualifier value)"/>
      </cql-ext:code>
   </definition>
   <!--Below threshold level (qualifier value)- -->
   <definition>
      <cql-ext:code code="260988000"
                    codeSystem="2.16.840.1.113883.6.96"
                    codeSystemName="SNOMEDCT">
         <displayName value="Below threshold level (qualifier value)"/>
      </cql-ext:code>
   </definition>
   <!--Unlisted preventive medicine service- -->
   <definition>
      <cql-ext:code code="99429"
                    codeSystem="2.16.840.1.113883.6.12"
                    codeSystemName="CPT">
         <displayName value="Unlisted preventive medicine service"/>
      </cql-ext:code>
   </definition>
   <relatedDocument typeCode="COMP">
      <expressionDocument>
         <id root="4e2326b8-61a6-4406-a5f3-14bf174023e5"/>
         <text mediaType="text/cql">
            <reference value="https://madie.cms.gov/libraries/9e0a7673-bae5-400a-8e3b-19029cac288a/CMS314HIVSuppressionQDM-3.0.000.cql"/>
            <translation mediaType="application/elm+xml">
               <reference value="https://madie.cms.gov/libraries/9e0a7673-bae5-400a-8e3b-19029cac288a/CMS314HIVSuppressionQDM-3.0.000.xml"/>
            </translation>
            <translation mediaType="application/elm+json">
               <reference value="https://madie.cms.gov/libraries/9e0a7673-bae5-400a-8e3b-19029cac288a/CMS314HIVSuppressionQDM-3.0.000.json"/>
            </translation>
         </text>
         <setId extension="9e0a7673-bae5-400a-8e3b-19029cac288a"
                identifierName="CMS314HIVSuppressionQDM"
                root="https://madie.cms.gov/libraries"/>
         <versionNumber value="3.0.000"/>
      </expressionDocument>
   </relatedDocument>
   <relatedDocument typeCode="COMP">
      <expressionDocument>
         <id root="4d9c9808-972e-435e-a5a6-1e032f8e3d47"/>
         <text mediaType="text/cql">
            <reference value="https://madie.cms.gov/libraries/4d9c9808-972e-435e-a5a6-1e032f8e3d47/CQMCommonQDM-9.0.000.cql"/>
            <translation mediaType="application/elm+xml">
               <reference value="https://madie.cms.gov/libraries/4d9c9808-972e-435e-a5a6-1e032f8e3d47/CQMCommonQDM-9.0.000.xml"/>
            </translation>
            <translation mediaType="application/elm+json">
               <reference value="https://madie.cms.gov/libraries/4d9c9808-972e-435e-a5a6-1e032f8e3d47/CQMCommonQDM-9.0.000.json"/>
            </translation>
         </text>
         <setId extension="4d9c9808-972e-435e-a5a6-1e032f8e3d47"
                identifierName="CQMCommonQDM"
                root="https://madie.cms.gov/libraries"/>
         <versionNumber value="9.0.000"/>
      </expressionDocument>
   </relatedDocument>
   <controlVariable>
      <measurePeriod>
         <id extension="measureperiod" root="4f622d67-f2fc-4f7c-a31e-c7a77321a99a"/>
         <code code="MSRTP" codeSystem="2.16.840.1.113883.5.4">
            <originalText value="Measurement Period"/>
         </code>
         <value highClosed="false" lowClosed="true" xsi:type="IVL_TS">
            <low value="20260101"/>
            <high value="20270101"/>
         </value>
      </measurePeriod>
   </controlVariable>
   <subjectOf>
      <measureAttribute>
         <code nullFlavor="OTH">
            <originalText value="CMS ID"/>
         </code>
         <value mediaType="text/plain" value="314" xsi:type="ED"/>
      </measureAttribute>
   </subjectOf>
   <subjectOf>
      <measureAttribute>
         <code nullFlavor="OTH">
            <originalText value="CBE Number"/>
         </code>
         <value mediaType="text/plain" value="Not Applicable" xsi:type="ED"/>
      </measureAttribute>
   </subjectOf>
   <subjectOf>
      <measureAttribute>
         <code code="COPY" codeSystem="2.16.840.1.113883.5.4">
            <displayName value="Copyright"/>
         </code>
         <value mediaType="text/plain"
                value="This measure was developed by the Health Resources &amp; Services Administration (HRSA) of the U.S. Department of Health &amp; Human Services (HHS). It is in the public domain. Citation of HRSA as the source of the original measure is appreciated. Any modified versions may not be represented as approved, endorsed, or authorized by HRSA or HHS. 42 U.S.C. Section 1320b-10. Users of modified versions should clearly explain how they deviate from HRSA's original measure. Limited proprietary coding is contained in the Measure specifications for user convenience. Users of proprietary code sets should obtain all necessary licenses from the owners of the code sets. CPT(R) contained in the Measure specifications is copyright 2004-2024 American Medical Association. LOINC(R) is copyright 2004-2024 Regenstrief Institute, Inc. This material contains SNOMED Clinical Terms(R) (SNOMED CT[R]) copyright 2004-2024 International Health Terminology Standards Development Organisation. ICD-10 is copyright 2024 World Health Organization. All Rights Reserved. Due to technical limitations, registered trademarks are indicated by (R) or [R] and unregistered trademarks are indicated by (TM) or [TM]."
                xsi:type="ED"/>
      </measureAttribute>
   </subjectOf>
   <subjectOf>
      <measureAttribute>
         <code code="DISC" codeSystem="2.16.840.1.113883.5.4">
            <displayName value="Disclaimer"/>
         </code>
         <value mediaType="text/plain"
                value="These performance measures are not clinical guidelines and do not establish a standard of medical care, and have not been tested for all potential applications. THE MEASURES AND SPECIFICATIONS ARE PROVIDED &quot;AS IS&quot; WITHOUT WARRANTY OF ANY KIND. Due to technical limitations, registered trademarks are indicated by (R) or [R] and unregistered trademarks are indicated by (TM) or [TM]."
                xsi:type="ED"/>
      </measureAttribute>
   </subjectOf>
   <subjectOf>
      <measureAttribute>
         <code code="MSRSCORE" codeSystem="2.16.840.1.113883.5.4">
            <displayName value="Measure Scoring"/>
         </code>
         <value code="PROPOR" codeSystem="2.16.840.1.113883.5.1063" xsi:type="CD">
            <displayName value="Proportion"/>
         </value>
      </measureAttribute>
   </subjectOf>
   <subjectOf>
      <measureAttribute>
         <code code="MSRTYPE" codeSystem="2.16.840.1.113883.5.4">
            <displayName value="Measure Type"/>
         </code>
         <value code="OUTCOME" codeSystem="2.16.840.1.113883.5.1063" xsi:type="CD">
            <displayName value="Outcome"/>
         </value>
      </measureAttribute>
   </subjectOf>
   <subjectOf>
      <measureAttribute>
         <code code="STRAT" codeSystem="2.16.840.1.113883.5.4">
            <displayName value="Stratification"/>
         </code>
         <value mediaType="text/plain" value="None" xsi:type="ED"/>
      </measureAttribute>
   </subjectOf>
   <subjectOf>
      <measureAttribute>
         <code code="MSRADJ" codeSystem="2.16.840.1.113883.5.4">
            <displayName value="Risk Adjustment"/>
         </code>
         <value mediaType="text/plain" value="None" xsi:type="ED"/>
      </measureAttribute>
   </subjectOf>
   <subjectOf>
      <measureAttribute>
         <code code="MSRAGG" codeSystem="2.16.840.1.113883.5.4">
            <displayName value="Rate Aggregation"/>
         </code>
         <value mediaType="text/plain" value="None" xsi:type="ED"/>
      </measureAttribute>
   </subjectOf>
   <subjectOf>
      <measureAttribute>
         <code code="RAT" codeSystem="2.16.840.1.113883.5.4">
            <displayName value="Rationale"/>
         </code>
         <value mediaType="text/plain"
                value="HIV is a communicable infection that leads to a progressive disease with a long asymptomatic period. Approximately 40,000 persons in the United States are newly infected with HIV each year (Centers for Disease Control and Prevention, 2021, p. 51). Without treatment, most persons develop acquired immunodeficiency syndrome (AIDS) within 10 years of HIV infection. HIV viral suppression is a long-standing priority outcome among the HIV community in the United States and around the world. The National HIV/AIDS Strategy for the United States from 2022-2025, developed by the White House Office of National AIDS Policy with input from the HIV community across the United States, prioritizes increasing HIV viral suppression rates to 95 percent (The White House, 2020). The DHHS Panel on Antiretroviral Guidelines for Adults and Adolescents defines viral suppression as a viral load below the lower limits of detection in its guidelines on virologic failure, and it defines viral suppression as a viral load of less than 200 copies/mL as part of its guidelines for the use of antiretroviral therapy to prevent HIV transmission (Panel on Antiretroviral Guidelines for Adults and Adolescents, 2022). Antiretroviral therapy (ART) delays the progression to AIDS and increases the length of survival. ART reduces HIV-associated morbidity and mortality by maximally inhibiting HIV replication to achieve viral suppression (Hogg et al., 2001; Lundgren et al., 2015). ART has also been shown to reduce transmission of HIV (Rodger et al., 2019). Studies show disparities in rates of viral suppression by race and ethnicity among MSM and among women, with Black and Hispanic or Latino/a study participants having lower rates of viral suppression than White participants (Buchacz et al., 2020; Buchacz et al., 2018; Geter et al., 2018). This measure will help providers direct their attention and quality improvement efforts towards improving HIV viral suppression rates."
                xsi:type="ED"/>
      </measureAttribute>
   </subjectOf>
   <subjectOf>
      <measureAttribute>
         <code code="CRS" codeSystem="2.16.840.1.113883.5.4">
            <displayName value="Clinical Recommendation Statement"/>
         </code>
         <value mediaType="text/plain"
                value="Adult guidelines: &quot;The primary goal of antiretroviral therapy (ART) is to prevent HIV-associated morbidity and mortality. This goal is accomplished by using effective ART to achieve and maintain a plasma HIV-1 RNA (viral load) below the quantification limits of commercially available assays. Durable viral suppression improves immune function and overall quality of life, lowers the risk of both AIDS-defining and non-AIDS–defining complications, and allows persons with HIV to live a lifespan approaching that of persons without HIV&quot; (Panel on Antiretroviral Guidelines for Adults and Adolescents, 2022, p. E-1). &quot;ART is recommended for all individuals with HIV to reduce the morbidity and mortality associated with HIV infection and to prevent HIV transmission to sexual partners and infants (AI). ART should be initiated as soon as possible after HIV diagnosis (AI)&quot; (Panel on Antiretroviral Guidelines for Adults and Adolescents, 2022, p. E-2). &quot;The guidelines and the AIDS Clinical Trials Group (ACTG) now define virologic failure as a confirmed viral load &gt;200 copies/mL- a threshold that eliminates most cases of apparent viremia caused by viral load blips or assay variability&quot; (Panel on Antiretroviral Guidelines for Adults and Adolescents, 2022, p. C-6). &quot;Individuals who are adherent to their ARV regimen and do not harbor resistance mutations to the component drugs can generally achieve suppression 8 to 24 weeks after ART initiation; rarely, in some patients it may take longer&quot; (Panel on Antiretroviral Guidelines for Adults and Adolescents, 2022, p. C-6). Pediatric guidelines: &quot;Based on accumulated experience with currently available assays, the current definition of virologic suppression is a plasma viral load below the detection limit of the assay used (generally &lt;20 to 75 copies/mL)&quot; (Panel on Antiretroviral Therapy and Medical Management of Children Living with HIV, 2022, p. D-5). &quot;Temporary viral load elevations (&quot;blips&quot;) that are between the level of detection and 200 copies/mL to 500 copies/mL are often detected in adults and children who are on ART; these temporary elevations do not represent virologic failure, as long as the values have returned to below the level of detection when testing is repeated&quot; (Panel on Antiretroviral Therapy and Medical Management of Children Living with HIV, 2022, p. D-5)."
                xsi:type="ED"/>
      </measureAttribute>
   </subjectOf>
   <subjectOf>
      <measureAttribute>
         <code code="IDUR" codeSystem="2.16.840.1.113883.5.4">
            <displayName value="Improvement Notation"/>
         </code>
         <value mediaType="text/plain"
                value="Higher score equals better quality"
                xsi:type="ED"/>
      </measureAttribute>
   </subjectOf>
   <subjectOf>
      <measureAttribute>
         <code code="REF" codeSystem="2.16.840.1.113883.5.4">
            <displayName value="Reference"/>
         </code>
         <value mediaType="text/plain"
                value="CITATION Buchacz, K., Armon, C., Palella, F. J., Novak, R. M., Fuhrer, J., Tedaldi, E., . . . Investigators, HOPS (2020). The HIV Outpatient study-25 Years of HIV patient care and epidemiologic research. Open Forum Infect Dis, 7(5), ofaa123. https://doi.org/10.1093/ofid/ofaa123"
                xsi:type="ED"/>
      </measureAttribute>
   </subjectOf>
   <subjectOf>
      <measureAttribute>
         <code code="REF" codeSystem="2.16.840.1.113883.5.4">
            <displayName value="Reference"/>
         </code>
         <value mediaType="text/plain"
                value="CITATION Buchacz, K., Armon, C., Tedaldi, E., Palella, F. J., Novak, R. M., Ward, D., . . . Investigators, HOPS (2018). Disparities in HIV viral load suppression by race/ethnicity among men who have sex with men in the HIV Outpatient Study. AIDS Res Hum Retroviruses, 34(4), 357-364. https://doi.org/10.1089/AID.2017.0162"
                xsi:type="ED"/>
      </measureAttribute>
   </subjectOf>
   <subjectOf>
      <measureAttribute>
         <code code="REF" codeSystem="2.16.840.1.113883.5.4">
            <displayName value="Reference"/>
         </code>
         <value mediaType="text/plain"
                value="CITATION Centers for Disease Control and Prevention (2021). HIV surveillance report, 2019. http://www.cdc.gov/hiv/library/reports/hiv-surveillance.html"
                xsi:type="ED"/>
      </measureAttribute>
   </subjectOf>
   <subjectOf>
      <measureAttribute>
         <code code="REF" codeSystem="2.16.840.1.113883.5.4">
            <displayName value="Reference"/>
         </code>
         <value mediaType="text/plain"
                value="CITATION Geter, A., Sutton, M. Y., Armon, C., Durham, M. D., Palella, F. J., Tedaldi, E., . . . Investigators, HOPS (2018). Trends of racial and ethnic disparities in virologic suppression among women in the HIV Outpatient Study, USA, 2010-2015. PLoS One, 13(1), e0189973. https://doi.org/10.1371/journal.pone.0189973"
                xsi:type="ED"/>
      </measureAttribute>
   </subjectOf>
   <subjectOf>
      <measureAttribute>
         <code code="REF" codeSystem="2.16.840.1.113883.5.4">
            <displayName value="Reference"/>
         </code>
         <value mediaType="text/plain"
                value="CITATION Hogg, R. S., Yip, B., Chan, K. J., Wood, E., Craib, K. J., O'Shaughnessy, M. V., &amp; Montaner, J. S. (2001). Rates of disease progression by baseline CD4 cell count and viral load after initiating triple-drug therapy. JAMA, 286(20), 2568-2577. https://doi.org/10.1001/jama.286.20.2568"
                xsi:type="ED"/>
      </measureAttribute>
   </subjectOf>
   <subjectOf>
      <measureAttribute>
         <code code="REF" codeSystem="2.16.840.1.113883.5.4">
            <displayName value="Reference"/>
         </code>
         <value mediaType="text/plain"
                value="CITATION Lundgren, J. D., Babiker, A. G., Gordin, F., Emery, S., Grund, B., Sharma, S., . . . Group, ISS (2015a). Initiation of antiretroviral therapy in early asymptomatic HIV infection. N Engl J Med, 373(9), 795-807. https://doi.org/10.1056/NEJMoa1506816"
                xsi:type="ED"/>
      </measureAttribute>
   </subjectOf>
   <subjectOf>
      <measureAttribute>
         <code code="REF" codeSystem="2.16.840.1.113883.5.4">
            <displayName value="Reference"/>
         </code>
         <value mediaType="text/plain"
                value="CITATION Panel on Antiretroviral Guidelines for Adults and Adolescents. (2022, September). &quot;Guidelines for the Use of Antiretroviral Agents in Adults and Adolescents with HIV.&quot; Retrieved from https://clinicalinfo.hiv.gov/sites/default/files/guidelines/documents/adult-adolescent-arv/guidelines-adult-adolescent-arv.pdf"
                xsi:type="ED"/>
      </measureAttribute>
   </subjectOf>
   <subjectOf>
      <measureAttribute>
         <code code="REF" codeSystem="2.16.840.1.113883.5.4">
            <displayName value="Reference"/>
         </code>
         <value mediaType="text/plain"
                value="CITATION Panel on Antiretroviral Therapy and Medical Management of Children Living with HIV. (2022, October). Guidelines for the use of antiretroviral agents in pediatric HIV infection. Retrieved from https://clinicalinfo.hiv.gov/sites/default/files/guidelines/documents/pediatric-arv/guidelines-pediatric-arv.pdf"
                xsi:type="ED"/>
      </measureAttribute>
   </subjectOf>
   <subjectOf>
      <measureAttribute>
         <code code="REF" codeSystem="2.16.840.1.113883.5.4">
            <displayName value="Reference"/>
         </code>
         <value mediaType="text/plain"
                value="CITATION Rodger, A. J., Cambiano, V., Bruun, T., Vernazza, P., Collins, S., Degen, O., . . . Group, PS (2019). Risk of HIV transmission through condomless sex in serodifferent gay couples with the HIV-positive partner taking suppressive antiretroviral therapy (PARTNER): Final results of a multicentre, prospective, observational study. Lancet, 393(10189), 2428-2438. https://doi.org/10.1016/S0140-6736(19)30418-0"
                xsi:type="ED"/>
      </measureAttribute>
   </subjectOf>
   <subjectOf>
      <measureAttribute>
         <code code="REF" codeSystem="2.16.840.1.113883.5.4">
            <displayName value="Reference"/>
         </code>
         <value mediaType="text/plain"
                value="CITATION The White House. (2021). National HIV/AIDS strategy for the United States 2022–2025. https://files.hiv.gov/s3fs-public/NHAS-2022-2025.pdf"
                xsi:type="ED"/>
      </measureAttribute>
   </subjectOf>
   <subjectOf>
      <measureAttribute>
         <code code="DEF" codeSystem="2.16.840.1.113883.5.4">
            <displayName value="Definition"/>
         </code>
         <value mediaType="text/plain"
                value="Only patients diagnosed with HIV prior to or in the first 90 days of the measurement period are included in this measure to allow for sufficient time for patients to achieve viral suppression after their initial HIV diagnosis. Only patients with an eligible encounter in the first 240 days of the measurement period are included in this measure to allow the reporting clinician to have sufficient time to collect follow-up labs on patients in the clinic before the end of the measurement period."
                xsi:type="ED"/>
      </measureAttribute>
   </subjectOf>
   <subjectOf>
      <measureAttribute>
         <code code="GUIDE" codeSystem="2.16.840.1.113883.5.4">
            <displayName value="Guidance"/>
         </code>
         <value mediaType="text/plain"
                value="HIV viral load data should be captured either as a numeric value or as a character/text value, depending on whether a given viral load result falls above or below the lab’s lower limit of detection. For viral loads at or above the lower limit of detection, the viral load should be captured as a numeric value (expressed as the number of copies/mL). For viral loads below the lower limit of detection, the viral load should be populated with a character/text value equivalent to &quot;Below lower limit of detection.&quot; The EHR need not record this character value using this exact wording (for example, the character value could be recorded as &quot;&lt;20 copies/mL&quot; or &quot;not detected&quot;), but values below the lower limit of detection should be documented to allow the submitter to accurately map them to a value of &quot;Below lower limit of detection&quot; for reporting purposes. HIV viral load test results may be expressed as log values (log copies/mL). For this eCQM, please convert the log value to copies/mL. This eCQM is a patient-based measure. This version of the eCQM uses QDM version 5.6. Please refer to the eCQI resource center (https://ecqi.healthit.gov/qdm) for more information on the QDM."
                xsi:type="ED"/>
      </measureAttribute>
   </subjectOf>
   <subjectOf>
      <measureAttribute>
         <code code="TRANF" codeSystem="2.16.840.1.113883.5.4">
            <displayName value="Transmission Format"/>
         </code>
         <value mediaType="text/plain" value="TBD" xsi:type="ED"/>
      </measureAttribute>
   </subjectOf>
   <subjectOf>
      <measureAttribute>
         <code code="IPOP" codeSystem="2.16.840.1.113883.5.4">
            <displayName value="Initial Population"/>
         </code>
         <value mediaType="text/plain"
                value="All patients, regardless of age, diagnosed with HIV prior to or during the first 90 days of the measurement period with at least one eligible encounter in the first 240 days of the measurement period"
                xsi:type="ED"/>
      </measureAttribute>
   </subjectOf>
   <subjectOf>
      <measureAttribute>
         <code code="DENOM" codeSystem="2.16.840.1.113883.5.4">
            <displayName value="Denominator"/>
         </code>
         <value mediaType="text/plain"
                value="Equals Initial Population"
                xsi:type="ED"/>
      </measureAttribute>
   </subjectOf>
   <subjectOf>
      <measureAttribute>
         <code code="DENEX" codeSystem="2.16.840.1.113883.5.4">
            <displayName value="Denominator Exclusions"/>
         </code>
         <value mediaType="text/plain" value="None" xsi:type="ED"/>
      </measureAttribute>
   </subjectOf>
   <subjectOf>
      <measureAttribute>
         <code code="NUMER" codeSystem="2.16.840.1.113883.5.4">
            <displayName value="Numerator"/>
         </code>
         <value mediaType="text/plain"
                value="Patients with a last HIV viral load test result of less than 200 copies/mL during the measurement period"
                xsi:type="ED"/>
      </measureAttribute>
   </subjectOf>
   <subjectOf>
      <measureAttribute>
         <code code="NUMEX" codeSystem="2.16.840.1.113883.5.4">
            <displayName value="Numerator Exclusions"/>
         </code>
         <value mediaType="text/plain" value="None" xsi:type="ED"/>
      </measureAttribute>
   </subjectOf>
   <subjectOf>
      <measureAttribute>
         <code code="DENEXCEP" codeSystem="2.16.840.1.113883.5.4">
            <displayName value="Denominator Exceptions"/>
         </code>
         <value mediaType="text/plain" value="None" xsi:type="ED"/>
      </measureAttribute>
   </subjectOf>
   <subjectOf>
      <measureAttribute>
         <code code="SDE" codeSystem="2.16.840.1.113883.5.4">
            <displayName value="Supplemental Data Elements"/>
         </code>
         <value mediaType="text/plain"
                value="For every patient evaluated by this measure also identify payer, race, ethnicity and sex"
                xsi:type="ED"/>
      </measureAttribute>
   </subjectOf>
   <componentOf>
      <qualityMeasureSet classCode="ACT">
         <id root="9e0a7673-bae5-400a-8e3b-19029cac288a"/>
         <title value="None"/>
      </qualityMeasureSet>
   </componentOf>
   <!--Data Criteria Section-->
   <component>
      <dataCriteriaSection>
         <templateId>
            <item extension="2021-02-01" root="2.16.840.1.113883.10.20.28.2.6"/>
         </templateId>
         <code code="57025-9" codeSystem="2.16.840.1.113883.6.1"/>
         <title value="Data Criteria Section"/>
         <text/>
         <entry typeCode="DRIV">
            <localVariableName value="OfficeVisit_EncounterPerformed_KlDtH"/>
            <encounterCriteria classCode="ENC" moodCode="EVN">
               <templateId>
                  <item extension="2021-02-01" root="2.16.840.1.113883.10.20.28.4.5"/>
               </templateId>
               <id extension="OfficeVisit_EncounterPerformed"
                   root="f8ecfdf8-d9fc-4d0d-bb14-cd5062077cb9"/>
               <code valueSet="2.16.840.1.113883.3.464.1003.101.12.1001"/>
               <title value="Encounter, Performed"/>
               <statusCode code="COMPLETED"/>
            </encounterCriteria>
         </entry>
         <entry typeCode="DRIV">
            <localVariableName value="PreventiveCareEstablishedOfficeVisit0to17_EncounterPerformed_BNHcP"/>
            <encounterCriteria classCode="ENC" moodCode="EVN">
               <templateId>
                  <item extension="2021-02-01" root="2.16.840.1.113883.10.20.28.4.5"/>
               </templateId>
               <id extension="PreventiveCareEstablishedOfficeVisit0to17_EncounterPerformed"
                   root="471378f1-3670-4437-94e5-375981f56ebb"/>
               <code valueSet="2.16.840.1.113883.3.464.1003.101.12.1024"/>
               <title value="Encounter, Performed"/>
               <statusCode code="COMPLETED"/>
            </encounterCriteria>
         </entry>
         <entry typeCode="DRIV">
            <localVariableName value="PayerType_PatientCharacteristicPayer_UycoK"/>
            <observationCriteria classCode="OBS" moodCode="EVN">
               <templateId>
                  <item extension="2017-05-01" root="2.16.840.1.113883.10.20.28.4.58"/>
               </templateId>
               <id extension="PayerType_PatientCharacteristicPayer"
                   root="d4c4493c-e4d5-43da-905c-120d24f65b02"/>
               <code code="48768-6"
                     codeSystem="2.16.840.1.113883.6.1"
                     codeSystemName="LOINC">
                  <displayName value="Payer Type"/>
               </code>
               <title value="Patient Characteristic Payer"/>
               <statusCode code="COMPLETED"/>
               <value valueSet="2.16.840.1.114222.4.11.3591" xsi:type="CD"/>
            </observationCriteria>
         </entry>
         <entry typeCode="DRIV">
            <localVariableName value="PreventiveCareServicesInitialOfficeVisit18andUp_EncounterPerformed_otmfH"/>
            <encounterCriteria classCode="ENC" moodCode="EVN">
               <templateId>
                  <item extension="2021-02-01" root="2.16.840.1.113883.10.20.28.4.5"/>
               </templateId>
               <id extension="PreventiveCareServicesInitialOfficeVisit18andUp_EncounterPerformed"
                   root="8ec2137b-c93b-4166-a2a2-511a4958a0e5"/>
               <code valueSet="2.16.840.1.113883.3.464.1003.101.12.1023"/>
               <title value="Encounter, Performed"/>
               <statusCode code="COMPLETED"/>
            </encounterCriteria>
         </entry>
         <entry typeCode="DRIV">
            <localVariableName value="PreventiveCareServicesEstablishedOfficeVisit18andUp_EncounterPerformed_lkyZT"/>
            <encounterCriteria classCode="ENC" moodCode="EVN">
               <templateId>
                  <item extension="2021-02-01" root="2.16.840.1.113883.10.20.28.4.5"/>
               </templateId>
               <id extension="PreventiveCareServicesEstablishedOfficeVisit18andUp_EncounterPerformed"
                   root="5ea11a1e-01a4-4a1e-b36f-d494e9db117d"/>
               <code valueSet="2.16.840.1.113883.3.464.1003.101.12.1025"/>
               <title value="Encounter, Performed"/>
               <statusCode code="COMPLETED"/>
            </encounterCriteria>
         </entry>
         <entry typeCode="DRIV">
            <localVariableName value="TelephoneVisits_EncounterPerformed_bRvur"/>
            <encounterCriteria classCode="ENC" moodCode="EVN">
               <templateId>
                  <item extension="2021-02-01" root="2.16.840.1.113883.10.20.28.4.5"/>
               </templateId>
               <id extension="TelephoneVisits_EncounterPerformed"
                   root="c7669864-1bd3-4646-8885-1622639519de"/>
               <code valueSet="2.16.840.1.113883.3.464.1003.101.12.1080"/>
               <title value="Encounter, Performed"/>
               <statusCode code="COMPLETED"/>
            </encounterCriteria>
         </entry>
         <entry typeCode="DRIV">
            <localVariableName value="PreventiveCareServicesInitialOfficeVisit0to17_EncounterPerformed_YnB7N"/>
            <encounterCriteria classCode="ENC" moodCode="EVN">
               <templateId>
                  <item extension="2021-02-01" root="2.16.840.1.113883.10.20.28.4.5"/>
               </templateId>
               <id extension="PreventiveCareServicesInitialOfficeVisit0to17_EncounterPerformed"
                   root="bfbda86f-dabb-4c38-9d83-ddaa6eddac31"/>
               <code valueSet="2.16.840.1.113883.3.464.1003.101.12.1022"/>
               <title value="Encounter, Performed"/>
               <statusCode code="COMPLETED"/>
            </encounterCriteria>
         </entry>
         <entry typeCode="DRIV">
            <localVariableName value="Race_PatientCharacteristicRace_4D3JP"/>
            <observationCriteria classCode="OBS" moodCode="EVN">
               <templateId>
                  <item extension="2017-05-01" root="2.16.840.1.113883.10.20.28.4.59"/>
               </templateId>
               <id extension="Race_PatientCharacteristicRace"
                   root="31778326-4ea9-4579-aa8d-3be374d63983"/>
               <code code="32624-9"
                     codeSystem="2.16.840.1.113883.6.1"
                     codeSystemName="LOINC">
                  <displayName value="Race"/>
               </code>
               <title value="Patient Characteristic Race"/>
               <statusCode code="COMPLETED"/>
               <value valueSet="2.16.840.1.114222.4.11.836" xsi:type="CD"/>
            </observationCriteria>
         </entry>
         <entry typeCode="DRIV">
            <localVariableName value="FederalAdministrativeSex_PatientCharacteristicSex_Fx8Vi"/>
            <observationCriteria classCode="OBS" moodCode="EVN">
               <templateId>
                  <item extension="2017-05-01" root="2.16.840.1.113883.10.20.28.4.55"/>
               </templateId>
               <id extension="FederalAdministrativeSex_PatientCharacteristicSex"
                   root="b416539e-5595-4e4d-9362-2201a13c0cbf"/>
               <code code="263495000"
                     codeSystem="2.16.840.1.113883.6.96"
                     codeSystemName="SNOMED CT">
                  <displayName value="Gender"/>
               </code>
               <title value="Patient Characteristic Sex"/>
               <statusCode code="COMPLETED"/>
               <value valueSet="2.16.840.1.113762.1.4.1021.121" xsi:type="CD"/>
            </observationCriteria>
         </entry>
         <entry typeCode="DRIV">
            <localVariableName value="AnnualWellnessVisit_EncounterPerformed_LQlWn"/>
            <encounterCriteria classCode="ENC" moodCode="EVN">
               <templateId>
                  <item extension="2021-02-01" root="2.16.840.1.113883.10.20.28.4.5"/>
               </templateId>
               <id extension="AnnualWellnessVisit_EncounterPerformed"
                   root="fbf6ef64-1cfb-493d-954c-f9a3412e36f7"/>
               <code valueSet="2.16.840.1.113883.3.526.3.1240"/>
               <title value="Encounter, Performed"/>
               <statusCode code="COMPLETED"/>
            </encounterCriteria>
         </entry>
         <entry typeCode="DRIV">
            <localVariableName value="OutpatientConsultation_EncounterPerformed_C1ZBP"/>
            <encounterCriteria classCode="ENC" moodCode="EVN">
               <templateId>
                  <item extension="2021-02-01" root="2.16.840.1.113883.10.20.28.4.5"/>
               </templateId>
               <id extension="OutpatientConsultation_EncounterPerformed"
                   root="ee57fda8-dc3f-4472-a246-b7b985acb5f6"/>
               <code valueSet="2.16.840.1.113883.3.464.1003.101.12.1008"/>
               <title value="Encounter, Performed"/>
               <statusCode code="COMPLETED"/>
            </encounterCriteria>
         </entry>
         <entry typeCode="DRIV">
            <localVariableName value="HomeHealthcareServices_EncounterPerformed_LNn3O"/>
            <encounterCriteria classCode="ENC" moodCode="EVN">
               <templateId>
                  <item extension="2021-02-01" root="2.16.840.1.113883.10.20.28.4.5"/>
               </templateId>
               <id extension="HomeHealthcareServices_EncounterPerformed"
                   root="732e2015-eef6-4ea0-8923-3d1577141f08"/>
               <code valueSet="2.16.840.1.113883.3.464.1003.101.12.1016"/>
               <title value="Encounter, Performed"/>
               <statusCode code="COMPLETED"/>
            </encounterCriteria>
         </entry>
         <entry typeCode="DRIV">
            <localVariableName value="HIV_Diagnosis_ZKGD5"/>
            <observationCriteria classCode="OBS" moodCode="EVN">
               <templateId>
                  <item extension="2021-02-01" root="2.16.840.1.113883.10.20.28.4.110"/>
               </templateId>
               <id extension="HIV_Diagnosis" root="945480f3-28de-4d74-8422-a794983b8e8d"/>
               <code code="282291009"
                     codeSystem="2.16.840.1.113883.6.96"
                     codeSystemName="SNOMED CT">
                  <displayName value="Diagnosis"/>
               </code>
               <title value="Diagnosis"/>
               <statusCode code="COMPLETED"/>
               <value valueSet="2.16.840.1.113883.3.464.1003.120.12.1003" xsi:type="CD"/>
            </observationCriteria>
         </entry>
         <entry typeCode="DRIV">
            <localVariableName value="Ethnicity_PatientCharacteristicEthnicity_VLrX3"/>
            <observationCriteria classCode="OBS" moodCode="EVN">
               <templateId>
                  <item extension="2017-05-01" root="2.16.840.1.113883.10.20.28.4.56"/>
               </templateId>
               <id extension="Ethnicity_PatientCharacteristicEthnicity"
                   root="2f12e577-bed4-44c2-b540-4b96b940101d"/>
               <code code="54133-4"
                     codeSystem="2.16.840.1.113883.6.1"
                     codeSystemName="LOINC">
                  <displayName value="Ethnicity"/>
               </code>
               <title value="Patient Characteristic Ethnicity"/>
               <statusCode code="COMPLETED"/>
               <value valueSet="2.16.840.1.114222.4.11.837" xsi:type="CD"/>
            </observationCriteria>
         </entry>
         <entry typeCode="DRIV">
            <localVariableName value="FacetoFaceInteraction_EncounterPerformed_lUxra"/>
            <encounterCriteria classCode="ENC" moodCode="EVN">
               <templateId>
                  <item extension="2021-02-01" root="2.16.840.1.113883.10.20.28.4.5"/>
               </templateId>
               <id extension="FacetoFaceInteraction_EncounterPerformed"
                   root="2ab8d90a-01c3-47d2-a4ae-9b25fb077fa1"/>
               <code valueSet="2.16.840.1.113762.1.4.1248.375"/>
               <title value="Encounter, Performed"/>
               <statusCode code="COMPLETED"/>
            </encounterCriteria>
         </entry>
         <entry typeCode="DRIV">
            <localVariableName value="HIVViralLoadTests_LaboratoryTestPerformed_fCRuF"/>
            <observationCriteria classCode="OBS" moodCode="EVN">
               <templateId>
                  <item extension="2021-02-01" root="2.16.840.1.113883.10.20.28.4.42"/>
               </templateId>
               <id extension="HIVViralLoadTests_LaboratoryTestPerformed"
                   root="529d44c4-9d4a-4483-90d3-e93f081d53dd"/>
               <code valueSet="2.16.840.1.113762.1.4.1248.377"/>
               <title value="Laboratory Test, Performed"/>
               <statusCode code="COMPLETED"/>
            </observationCriteria>
         </entry>
         <entry typeCode="DRIV">
            <encounterCriteria classCode="ENC" moodCode="EVN">
               <templateId>
                  <item extension="2021-02-01" root="2.16.840.1.113883.10.20.28.4.5"/>
               </templateId>
               <id extension="99429_EncounterPerformed"
                   root="82222524-a7f0-489f-b1ab-c2496372aa5e"/>
               <code code="99429"
                     codeSystem="2.16.840.1.113883.6.12"
                     codeSystemName="CPT"/>
               <title value="Encounter, Performed"/>
               <statusCode code="COMPLETED"/>
            </encounterCriteria>
         </entry>
      </dataCriteriaSection>
   </component>
   <component>
      <populationCriteriaSection>
         <templateId>
            <item extension="2017-08-01" root="2.16.840.1.113883.10.20.28.2.7"/>
         </templateId>
         <id extension="PopulationCriteria1"
             root="69ffa3bc-037d-40c5-8d45-87f6a8c00ed4"/>
         <code code="57026-7" codeSystem="2.16.840.1.113883.6.1"/>
         <title value="Population Criteria Section"/>
         <text/>
         <component typeCode="COMP">
            <initialPopulationCriteria classCode="OBS" moodCode="EVN">
               <id extension="initialPopulation"
                   root="3528D887-61BE-4C3C-B7D9-5F47174AEBFF"/>
               <code code="IPOP"
                     codeSystem="2.16.840.1.113883.5.4"
                     codeSystemName="Act Code"/>
               <precondition typeCode="PRCN">
                  <criteriaReference classCode="OBS" moodCode="EVN">
                     <id extension="CMS314HIVSuppressionQDM.&quot;Initial Population&quot;"
                         root="4e2326b8-61a6-4406-a5f3-14bf174023e5"/>
                  </criteriaReference>
               </precondition>
            </initialPopulationCriteria>
         </component>
         <component typeCode="COMP">
            <denominatorCriteria classCode="OBS" moodCode="EVN">
               <id extension="denominator" root="D8FB20C1-A50F-4028-AC7F-4DADFE67C998"/>
               <code code="DENOM"
                     codeSystem="2.16.840.1.113883.5.4"
                     codeSystemName="Act Code"/>
               <precondition typeCode="PRCN">
                  <criteriaReference classCode="OBS" moodCode="EVN">
                     <id extension="CMS314HIVSuppressionQDM.&quot;Denominator&quot;"
                         root="4e2326b8-61a6-4406-a5f3-14bf174023e5"/>
                  </criteriaReference>
               </precondition>
            </denominatorCriteria>
         </component>
         <component typeCode="COMP">
            <numeratorCriteria classCode="OBS" moodCode="EVN">
               <id extension="numerator" root="6AEBD0C9-6E38-4353-A6BB-DB44FBC6DC87"/>
               <code code="NUMER"
                     codeSystem="2.16.840.1.113883.5.4"
                     codeSystemName="Act Code"/>
               <precondition typeCode="PRCN">
                  <criteriaReference classCode="OBS" moodCode="EVN">
                     <id extension="CMS314HIVSuppressionQDM.&quot;Numerator&quot;"
                         root="4e2326b8-61a6-4406-a5f3-14bf174023e5"/>
                  </criteriaReference>
               </precondition>
            </numeratorCriteria>
         </component>
         <component typeCode="COMP">
            <cql-ext:supplementalDataElement>
               <id extension="Supplemental Data Elements"
                   root="e4030f55-036b-4568-ab7d-62afc5d3faa1"/>
               <code code="SDE"
                     codeSystem="2.16.840.1.113883.5.4"
                     codeSystemName="Act Code"/>
               <precondition typeCode="PRCN">
                  <criteriaReference classCode="OBS" moodCode="EVN">
                     <id extension="CMS314HIVSuppressionQDM.&quot;SDE Race&quot;"
                         root="4e2326b8-61a6-4406-a5f3-14bf174023e5"/>
                  </criteriaReference>
               </precondition>
            </cql-ext:supplementalDataElement>
         </component>
         <component typeCode="COMP">
            <cql-ext:supplementalDataElement>
               <id extension="Supplemental Data Elements"
                   root="22dd9b9f-ab0d-4a30-937c-fb4a9da9ee01"/>
               <code code="SDE"
                     codeSystem="2.16.840.1.113883.5.4"
                     codeSystemName="Act Code"/>
               <precondition typeCode="PRCN">
                  <criteriaReference classCode="OBS" moodCode="EVN">
                     <id extension="CMS314HIVSuppressionQDM.&quot;SDE Ethnicity&quot;"
                         root="4e2326b8-61a6-4406-a5f3-14bf174023e5"/>
                  </criteriaReference>
               </precondition>
            </cql-ext:supplementalDataElement>
         </component>
         <component typeCode="COMP">
            <cql-ext:supplementalDataElement>
               <id extension="Supplemental Data Elements"
                   root="37c9438f-fe00-4e84-a43e-7367185c970d"/>
               <code code="SDE"
                     codeSystem="2.16.840.1.113883.5.4"
                     codeSystemName="Act Code"/>
               <precondition typeCode="PRCN">
                  <criteriaReference classCode="OBS" moodCode="EVN">
                     <id extension="CMS314HIVSuppressionQDM.&quot;SDE Payer&quot;"
                         root="4e2326b8-61a6-4406-a5f3-14bf174023e5"/>
                  </criteriaReference>
               </precondition>
            </cql-ext:supplementalDataElement>
         </component>
         <component typeCode="COMP">
            <cql-ext:supplementalDataElement>
               <id extension="Supplemental Data Elements"
                   root="54308fec-422c-432f-b31f-d73d320a6c72"/>
               <code code="SDE"
                     codeSystem="2.16.840.1.113883.5.4"
                     codeSystemName="Act Code"/>
               <precondition typeCode="PRCN">
                  <criteriaReference classCode="OBS" moodCode="EVN">
                     <id extension="CMS314HIVSuppressionQDM.&quot;SDE Sex&quot;"
                         root="4e2326b8-61a6-4406-a5f3-14bf174023e5"/>
                  </criteriaReference>
               </precondition>
            </cql-ext:supplementalDataElement>
         </component>
      </populationCriteriaSection>
   </component>
</QualityMeasureDocument>
