<?xml version="1.0" encoding="UTF-8"?>
<library xmlns="urn:hl7-org:elm:r1" xmlns:t="urn:hl7-org:elm-types:r1" xmlns:xsi="http://www.w3.org/2001/XMLSchema-instance" xmlns:xsd="http://www.w3.org/2001/XMLSchema" xmlns:fhir="http://hl7.org/fhir" xmlns:qdm43="urn:healthit-gov:qdm:v4_3" xmlns:qdm53="urn:healthit-gov:qdm:v5_3" xmlns:a="urn:hl7-org:cql-annotations:r1">
   <annotation translatorOptions="EnableAnnotations,EnableLocators,DisableListDemotion,DisableListPromotion,DisableMethodInvocation" xsi:type="a:CqlToElmInfo"/>
   <annotation xsi:type="a:Annotation">
      <a:s r="280">
         <a:s>library CesareanBirth version '4.0.000'</a:s>
      </a:s>
   </annotation>
   <identifier id="CesareanBirth" version="4.0.000"/>
   <schemaIdentifier id="urn:hl7-org:elm" version="r1"/>
   <usings>
      <def localIdentifier="System" uri="urn:hl7-org:elm-types:r1"/>
      <def localId="1" locator="3:1-3:23" localIdentifier="QDM" uri="urn:healthit-gov:qdm:v5_6" version="5.6">
         <annotation xsi:type="a:Annotation">
            <a:s r="1">
               <a:s>using </a:s>
               <a:s>
                  <a:s>QDM</a:s>
               </a:s>
               <a:s> version '5.6'</a:s>
            </a:s>
         </annotation>
      </def>
   </usings>
   <includes>
      <def localId="2" locator="5:1-5:64" localIdentifier="Global" path="MATGlobalCommonFunctions" version="7.0.000">
         <annotation xsi:type="a:Annotation">
            <a:s r="2">
               <a:s>include </a:s>
               <a:s>
                  <a:s>MATGlobalCommonFunctions</a:s>
               </a:s>
               <a:s> version '7.0.000' called Global</a:s>
            </a:s>
         </annotation>
      </def>
      <def localId="3" locator="6:1-6:55" localIdentifier="PCMaternal" path="PCMaternal" version="2.21.000">
         <annotation xsi:type="a:Annotation">
            <a:s r="3">
               <a:s>include </a:s>
               <a:s>
                  <a:s>PCMaternal</a:s>
               </a:s>
               <a:s> version '2.21.000' called PCMaternal</a:s>
            </a:s>
         </annotation>
      </def>
   </includes>
   <codeSystems>
      <def localId="4" locator="8:1-8:51" name="LOINC" id="urn:oid:2.16.840.1.113883.6.1" accessLevel="Public">
         <annotation xsi:type="a:Annotation">
            <a:s r="4">
               <a:s>codesystem &quot;LOINC&quot;: 'urn:oid:2.16.840.1.113883.6.1'</a:s>
            </a:s>
         </annotation>
      </def>
   </codeSystems>
   <valueSets>
      <def localId="5" locator="10:1-10:74" name="Abnormal Presentation" id="urn:oid:2.16.840.1.113762.1.4.1045.105" accessLevel="Public">
         <annotation xsi:type="a:Annotation">
            <a:s r="5">
               <a:s>valueset &quot;Abnormal Presentation&quot;: 'urn:oid:2.16.840.1.113762.1.4.1045.105'</a:s>
            </a:s>
         </annotation>
      </def>
      <def localId="6" locator="11:1-11:70" name="Cesarean Birth" id="urn:oid:2.16.840.1.113883.3.117.1.7.1.282" accessLevel="Public">
         <annotation xsi:type="a:Annotation">
            <a:s r="6">
               <a:s>valueset &quot;Cesarean Birth&quot;: 'urn:oid:2.16.840.1.113883.3.117.1.7.1.282'</a:s>
            </a:s>
         </annotation>
      </def>
      <def localId="7" locator="12:1-12:73" name="Delivery of Singleton" id="urn:oid:2.16.840.1.113762.1.4.1045.99" accessLevel="Public">
         <annotation xsi:type="a:Annotation">
            <a:s r="7">
               <a:s>valueset &quot;Delivery of Singleton&quot;: 'urn:oid:2.16.840.1.113762.1.4.1045.99'</a:s>
            </a:s>
         </annotation>
      </def>
      <def localId="8" locator="13:1-13:58" name="Ethnicity" id="urn:oid:2.16.840.1.114222.4.11.837" accessLevel="Public">
         <annotation xsi:type="a:Annotation">
            <a:s r="8">
               <a:s>valueset &quot;Ethnicity&quot;: 'urn:oid:2.16.840.1.114222.4.11.837'</a:s>
            </a:s>
         </annotation>
      </def>
      <def localId="9" locator="14:1-14:68" name="ONC Administrative Sex" id="urn:oid:2.16.840.1.113762.1.4.1" accessLevel="Public">
         <annotation xsi:type="a:Annotation">
            <a:s r="9">
               <a:s>valueset &quot;ONC Administrative Sex&quot;: 'urn:oid:2.16.840.1.113762.1.4.1'</a:s>
            </a:s>
         </annotation>
      </def>
      <def localId="10" locator="15:1-15:55" name="Payer" id="urn:oid:2.16.840.1.114222.4.11.3591" accessLevel="Public">
         <annotation xsi:type="a:Annotation">
            <a:s r="10">
               <a:s>valueset &quot;Payer&quot;: 'urn:oid:2.16.840.1.114222.4.11.3591'</a:s>
            </a:s>
         </annotation>
      </def>
      <def localId="11" locator="16:1-16:67" name="Placenta Previa" id="urn:oid:2.16.840.1.113762.1.4.1110.37" accessLevel="Public">
         <annotation xsi:type="a:Annotation">
            <a:s r="11">
               <a:s>valueset &quot;Placenta Previa&quot;: 'urn:oid:2.16.840.1.113762.1.4.1110.37'</a:s>
            </a:s>
         </annotation>
      </def>
      <def localId="12" locator="17:1-17:53" name="Race" id="urn:oid:2.16.840.1.114222.4.11.836" accessLevel="Public">
         <annotation xsi:type="a:Annotation">
            <a:s r="12">
               <a:s>valueset &quot;Race&quot;: 'urn:oid:2.16.840.1.114222.4.11.836'</a:s>
            </a:s>
         </annotation>
      </def>
   </valueSets>
   <codes>
      <def localId="14" locator="19:1-19:78" name="[#] Births.preterm" id="11637-6" display="[#] Births.preterm" accessLevel="Public">
         <annotation xsi:type="a:Annotation">
            <a:s r="14">
               <a:s>code &quot;[#] Births.preterm&quot;: '11637-6' from </a:s>
               <a:s r="13">
                  <a:s>&quot;LOINC&quot;</a:s>
               </a:s>
               <a:s> display '[#] Births.preterm'</a:s>
            </a:s>
         </annotation>
         <codeSystem localId="13" locator="19:43-19:49" name="LOINC"/>
      </def>
      <def localId="16" locator="20:1-20:72" name="[#] Births.term" id="11639-2" display="[#] Births.term" accessLevel="Public">
         <annotation xsi:type="a:Annotation">
            <a:s r="16">
               <a:s>code &quot;[#] Births.term&quot;: '11639-2' from </a:s>
               <a:s r="15">
                  <a:s>&quot;LOINC&quot;</a:s>
               </a:s>
               <a:s> display '[#] Births.term'</a:s>
            </a:s>
         </annotation>
         <codeSystem localId="15" locator="20:40-20:46" name="LOINC"/>
      </def>
      <def localId="18" locator="21:1-21:62" name="[#] Parity" id="11977-6" display="[#] Parity" accessLevel="Public">
         <annotation xsi:type="a:Annotation">
            <a:s r="18">
               <a:s>code &quot;[#] Parity&quot;: '11977-6' from </a:s>
               <a:s r="17">
                  <a:s>&quot;LOINC&quot;</a:s>
               </a:s>
               <a:s> display '[#] Parity'</a:s>
            </a:s>
         </annotation>
         <codeSystem localId="17" locator="21:35-21:41" name="LOINC"/>
      </def>
      <def localId="20" locator="22:1-22:72" name="[#] Pregnancies" id="11996-6" display="[#] Pregnancies" accessLevel="Public">
         <annotation xsi:type="a:Annotation">
            <a:s r="20">
               <a:s>code &quot;[#] Pregnancies&quot;: '11996-6' from </a:s>
               <a:s r="19">
                  <a:s>&quot;LOINC&quot;</a:s>
               </a:s>
               <a:s> display '[#] Pregnancies'</a:s>
            </a:s>
         </annotation>
         <codeSystem localId="19" locator="22:40-22:46" name="LOINC"/>
      </def>
   </codes>
   <contexts>
      <def locator="24:1-24:15" name="Patient"/>
   </contexts>
   <statements>
      <def locator="24:1-24:15" name="Patient" context="Patient">
         <expression xsi:type="SingletonFrom">
            <operand locator="24:1-24:15" xmlns:ns0="urn:healthit-gov:qdm:v5_6" dataType="ns0:Patient" templateId="Patient" xsi:type="Retrieve"/>
         </expression>
      </def>
      <def localId="29" locator="30:1-32:75" name="Delivery Encounter with Calculated Gestational Age Greater than or Equal to 37 Weeks" context="Patient" accessLevel="Public">
         <annotation xsi:type="a:Annotation">
            <a:s r="29">
               <a:s>define &quot;Delivery Encounter with Calculated Gestational Age Greater than or Equal to 37 Weeks&quot;:
  </a:s>
               <a:s r="28">
                  <a:s>
                     <a:s r="22">
                        <a:s r="21">
                           <a:s>
                              <a:s>PCMaternal.&quot;Delivery Encounter with Age Range&quot;</a:s>
                           </a:s>
                        </a:s>
                        <a:s> DeliveryEncounter</a:s>
                     </a:s>
                  </a:s>
                  <a:s>
    </a:s>
                  <a:s r="27">
                     <a:s>where </a:s>
                     <a:s r="27">
                        <a:s r="25">
                           <a:s r="23">
                              <a:s>PCMaternal</a:s>
                           </a:s>
                           <a:s>.</a:s>
                           <a:s r="25">
                              <a:s>&quot;CalculatedGestationalAge&quot; ( </a:s>
                              <a:s r="24">
                                 <a:s>DeliveryEncounter</a:s>
                              </a:s>
                              <a:s> )</a:s>
                           </a:s>
                        </a:s>
                        <a:s r="26"> >= 37</a:s>
                     </a:s>
                  </a:s>
               </a:s>
            </a:s>
         </annotation>
         <expression localId="28" locator="31:3-32:75" xsi:type="Query">
            <source localId="22" locator="31:3-31:66" alias="DeliveryEncounter">
               <expression localId="21" locator="31:3-31:48" name="Delivery Encounter with Age Range" libraryName="PCMaternal" xsi:type="ExpressionRef"/>
            </source>
            <where localId="27" locator="32:5-32:75" xsi:type="GreaterOrEqual">
               <operand localId="25" locator="32:11-32:69" name="CalculatedGestationalAge" libraryName="PCMaternal" xsi:type="FunctionRef">
                  <operand localId="24" locator="32:51-32:67" name="DeliveryEncounter" xsi:type="AliasRef"/>
               </operand>
               <operand localId="26" locator="32:74-32:75" valueType="t:Integer" value="37" xsi:type="Literal"/>
            </where>
         </expression>
      </def>
      <def localId="44" locator="39:1-42:84" name="Delivery Encounter with Estimated Gestational Age Greater than or Equal to 37 Weeks" context="Patient" accessLevel="Public">
         <annotation xsi:type="a:Annotation">
            <a:s r="44">
               <a:s>define &quot;Delivery Encounter with Estimated Gestational Age Greater than or Equal to 37 Weeks&quot;:
  </a:s>
               <a:s r="43">
                  <a:s>
                     <a:s r="32">
                        <a:s r="31">
                           <a:s>
                              <a:s>PCMaternal.&quot;Delivery Encounter with Age Range&quot;</a:s>
                           </a:s>
                        </a:s>
                        <a:s> DeliveryEncounter</a:s>
                     </a:s>
                  </a:s>
                  <a:s>
    </a:s>
                  <a:s r="42">
                     <a:s>where </a:s>
                     <a:s r="42">
                        <a:s r="36">
                           <a:s r="35">
                              <a:s r="33">
                                 <a:s>PCMaternal</a:s>
                              </a:s>
                              <a:s>.</a:s>
                              <a:s r="35">
                                 <a:s>&quot;CalculatedGestationalAge&quot; ( </a:s>
                                 <a:s r="34">
                                    <a:s>DeliveryEncounter</a:s>
                                 </a:s>
                                 <a:s> )</a:s>
                              </a:s>
                           </a:s>
                           <a:s> is null</a:s>
                        </a:s>
                        <a:s>
      and </a:s>
                        <a:s r="41">
                           <a:s r="39">
                              <a:s r="37">
                                 <a:s>PCMaternal</a:s>
                              </a:s>
                              <a:s>.</a:s>
                              <a:s r="39">
                                 <a:s>&quot;LastEstimatedGestationalAge&quot; ( </a:s>
                                 <a:s r="38">
                                    <a:s>DeliveryEncounter</a:s>
                                 </a:s>
                                 <a:s> )</a:s>
                              </a:s>
                           </a:s>
                           <a:s> >= </a:s>
                           <a:s r="40">
                              <a:s>37 weeks</a:s>
                           </a:s>
                        </a:s>
                     </a:s>
                  </a:s>
               </a:s>
            </a:s>
         </annotation>
         <expression localId="43" locator="40:3-42:84" xsi:type="Query">
            <source localId="32" locator="40:3-40:66" alias="DeliveryEncounter">
               <expression localId="31" locator="40:3-40:48" name="Delivery Encounter with Age Range" libraryName="PCMaternal" xsi:type="ExpressionRef"/>
            </source>
            <where localId="42" locator="41:5-42:84" xsi:type="And">
               <operand localId="36" locator="41:11-41:77" xsi:type="IsNull">
                  <operand localId="35" locator="41:11-41:69" name="CalculatedGestationalAge" libraryName="PCMaternal" xsi:type="FunctionRef">
                     <operand localId="34" locator="41:51-41:67" name="DeliveryEncounter" xsi:type="AliasRef"/>
                  </operand>
               </operand>
               <operand localId="41" locator="42:11-42:84" xsi:type="GreaterOrEqual">
                  <operand localId="39" locator="42:11-42:72" name="LastEstimatedGestationalAge" libraryName="PCMaternal" xsi:type="FunctionRef">
                     <operand localId="38" locator="42:54-42:70" name="DeliveryEncounter" xsi:type="AliasRef"/>
                  </operand>
                  <operand localId="40" locator="42:77-42:84" value="37" unit="weeks" xsi:type="Quantity"/>
               </operand>
            </where>
         </expression>
      </def>
      <def localId="47" locator="44:1-46:95" name="Delivery Encounter with Gestational Age Greater than or Equal to 37 Weeks" context="Patient" accessLevel="Public">
         <annotation xsi:type="a:Annotation">
            <a:s r="47">
               <a:s>define &quot;Delivery Encounter with Gestational Age Greater than or Equal to 37 Weeks&quot;:
  </a:s>
               <a:s r="46">
                  <a:s r="30">
                     <a:s>&quot;Delivery Encounter with Calculated Gestational Age Greater than or Equal to 37 Weeks&quot;</a:s>
                  </a:s>
                  <a:s>
    union </a:s>
                  <a:s r="45">
                     <a:s>&quot;Delivery Encounter with Estimated Gestational Age Greater than or Equal to 37 Weeks&quot;</a:s>
                  </a:s>
               </a:s>
            </a:s>
         </annotation>
         <expression localId="46" locator="45:3-46:95" xsi:type="Union">
            <operand localId="30" locator="45:3-45:88" name="Delivery Encounter with Calculated Gestational Age Greater than or Equal to 37 Weeks" xsi:type="ExpressionRef"/>
            <operand localId="45" locator="46:11-46:95" name="Delivery Encounter with Estimated Gestational Age Greater than or Equal to 37 Weeks" xsi:type="ExpressionRef"/>
         </expression>
      </def>
      <def localId="60" locator="70:1-74:5" name="Encounter with Singleton Delivery" context="Patient" accessLevel="Public">
         <annotation xsi:type="a:Annotation">
            <a:s r="60">
               <a:s>define &quot;Encounter with Singleton Delivery&quot;:
  </a:s>
               <a:s r="59">
                  <a:s>
                     <a:s r="50">
                        <a:s r="49">
                           <a:s>
                              <a:s>PCMaternal.&quot;Delivery Encounter with Age Range&quot;</a:s>
                           </a:s>
                        </a:s>
                        <a:s> DeliveryEncounter</a:s>
                     </a:s>
                  </a:s>
                  <a:s>
    </a:s>
                  <a:s r="58">
                     <a:s>where </a:s>
                     <a:s r="58">
                        <a:s>exists </a:s>
                        <a:s r="57">
                           <a:s>( </a:s>
                           <a:s r="57">
                              <a:s>
                                 <a:s r="52">
                                    <a:s r="51">
                                       <a:s>
                                          <a:s>DeliveryEncounter.diagnoses</a:s>
                                       </a:s>
                                    </a:s>
                                    <a:s> EncounterDiagnoses</a:s>
                                 </a:s>
                              </a:s>
                              <a:s>
        </a:s>
                              <a:s r="56">
                                 <a:s>where </a:s>
                                 <a:s r="56">
                                    <a:s r="54">
                                       <a:s r="53">
                                          <a:s>EncounterDiagnoses</a:s>
                                       </a:s>
                                       <a:s>.</a:s>
                                       <a:s r="54">
                                          <a:s>code</a:s>
                                       </a:s>
                                    </a:s>
                                    <a:s> in </a:s>
                                    <a:s r="55">
                                       <a:s>&quot;Delivery of Singleton&quot;</a:s>
                                    </a:s>
                                 </a:s>
                              </a:s>
                           </a:s>
                           <a:s>
    )</a:s>
                        </a:s>
                     </a:s>
                  </a:s>
               </a:s>
            </a:s>
         </annotation>
         <expression localId="59" locator="71:3-74:5" xsi:type="Query">
            <source localId="50" locator="71:3-71:66" alias="DeliveryEncounter">
               <expression localId="49" locator="71:3-71:48" name="Delivery Encounter with Age Range" libraryName="PCMaternal" xsi:type="ExpressionRef"/>
            </source>
            <where localId="58" locator="72:5-74:5" xsi:type="Exists">
               <operand localId="57" locator="72:18-74:5" xsi:type="Query">
                  <source localId="52" locator="72:20-72:65" alias="EncounterDiagnoses">
                     <expression localId="51" locator="72:20-72:46" path="diagnoses" scope="DeliveryEncounter" xsi:type="Property"/>
                  </source>
                  <where localId="56" locator="73:9-73:64" xsi:type="InValueSet">
                     <code localId="54" locator="73:15-73:37" path="code" scope="EncounterDiagnoses" xsi:type="Property"/>
                     <valueset localId="55" locator="73:42-73:64" name="Delivery of Singleton" xsi:type="ValueSetRef"/>
                  </where>
               </operand>
            </where>
         </expression>
      </def>
      <def localId="87" locator="107:1-112:21" name="LastGravida" context="Patient" accessLevel="Public" xsi:type="FunctionDef">
         <annotation xsi:type="a:Annotation">
            <a:s r="87">
               <a:s>define function &quot;LastGravida&quot;(Encounter </a:s>
               <a:s r="65">
                  <a:s>&quot;Encounter, Performed&quot;</a:s>
               </a:s>
               <a:s> ):
  </a:s>
               <a:s r="86">
                  <a:s r="86">
                     <a:s r="84">
                        <a:s r="83">
                           <a:s>Last(</a:s>
                           <a:s r="82">
                              <a:s>
                                 <a:s r="67">
                                    <a:s r="66">
                                       <a:s r="66">
                                          <a:s>[&quot;Assessment, Performed&quot;: </a:s>
                                          <a:s>
                                             <a:s>&quot;[#] Pregnancies&quot;</a:s>
                                          </a:s>
                                          <a:s>]</a:s>
                                       </a:s>
                                    </a:s>
                                    <a:s> Gravida</a:s>
                                 </a:s>
                              </a:s>
                              <a:s>
      </a:s>
                              <a:s r="78">
                                 <a:s>where </a:s>
                                 <a:s r="78">
                                    <a:s r="74">
                                       <a:s r="69">
                                          <a:s r="68">
                                             <a:s>Gravida</a:s>
                                          </a:s>
                                          <a:s>.</a:s>
                                          <a:s r="69">
                                             <a:s>relevantDatetime</a:s>
                                          </a:s>
                                       </a:s>
                                       <a:s> </a:s>
                                       <a:s r="74">
                                          <a:s r="73">
                                             <a:s>42 weeks</a:s>
                                          </a:s>
                                          <a:s> or less before</a:s>
                                       </a:s>
                                       <a:s> </a:s>
                                       <a:s r="72">
                                          <a:s r="70">
                                             <a:s>PCMaternal</a:s>
                                          </a:s>
                                          <a:s>.</a:s>
                                          <a:s r="72">
                                             <a:s>&quot;LastTimeOfDelivery&quot;(</a:s>
                                             <a:s r="71">
                                                <a:s>Encounter</a:s>
                                             </a:s>
                                             <a:s>)</a:s>
                                          </a:s>
                                       </a:s>
                                    </a:s>
                                    <a:s>
        and </a:s>
                                    <a:s r="77">
                                       <a:s r="76">
                                          <a:s r="75">
                                             <a:s>Gravida</a:s>
                                          </a:s>
                                          <a:s>.</a:s>
                                          <a:s r="76">
                                             <a:s>result</a:s>
                                          </a:s>
                                       </a:s>
                                       <a:s> is not null</a:s>
                                    </a:s>
                                 </a:s>
                              </a:s>
                              <a:s>
      </a:s>
                              <a:s r="81">
                                 <a:s>sort by </a:s>
                                 <a:s r="80">
                                    <a:s r="79">
                                       <a:s>relevantDatetime</a:s>
                                    </a:s>
                                 </a:s>
                              </a:s>
                           </a:s>
                           <a:s>
  )</a:s>
                        </a:s>
                        <a:s>.</a:s>
                        <a:s r="84">
                           <a:s>result</a:s>
                        </a:s>
                     </a:s>
                     <a:s> as </a:s>
                     <a:s r="85">
                        <a:s>Integer</a:s>
                     </a:s>
                  </a:s>
               </a:s>
            </a:s>
         </annotation>
         <expression localId="86" locator="108:3-112:21" strict="false" xsi:type="As">
            <operand localId="84" locator="108:3-112:10" path="result" xsi:type="Property">
               <source localId="83" locator="108:3-112:3" xsi:type="Last">
                  <source localId="82" locator="108:8-111:30" xsi:type="Query">
                     <source localId="67" locator="108:8-108:59" alias="Gravida">
                        <expression localId="66" locator="108:8-108:51" xmlns:ns1="urn:healthit-gov:qdm:v5_6" dataType="ns1:PositiveAssessmentPerformed" templateId="PositiveAssessmentPerformed" codeProperty="code" codeComparator="~" xsi:type="Retrieve">
                           <codes xsi:type="ToList">
                              <operand locator="108:34-108:50" name="[#] Pregnancies" xsi:type="CodeRef"/>
                           </codes>
                        </expression>
                     </source>
                     <where localId="78" locator="109:7-110:38" xsi:type="And">
                        <operand localId="74" locator="109:13-109:103" xsi:type="And">
                           <operand locator="109:38-109:53" xsi:type="In">
                              <operand localId="69" locator="109:13-109:36" path="relevantDatetime" scope="Gravida" xsi:type="Property"/>
                              <operand locator="109:38-109:53" lowClosed="true" highClosed="false" xsi:type="Interval">
                                 <low locator="109:73-109:103" xsi:type="Subtract">
                                    <operand localId="72" locator="109:62-109:103" name="LastTimeOfDelivery" libraryName="PCMaternal" xsi:type="FunctionRef">
                                       <operand localId="71" locator="109:94-109:102" name="Encounter" xsi:type="OperandRef"/>
                                    </operand>
                                    <operand localId="73" locator="109:38-109:45" value="42" unit="weeks" xsi:type="Quantity"/>
                                 </low>
                                 <high localId="72" locator="109:62-109:103" name="LastTimeOfDelivery" libraryName="PCMaternal" xsi:type="FunctionRef">
                                    <operand localId="71" locator="109:94-109:102" name="Encounter" xsi:type="OperandRef"/>
                                 </high>
                              </operand>
                           </operand>
                           <operand locator="109:38-109:53" xsi:type="Not">
                              <operand locator="109:38-109:53" xsi:type="IsNull">
                                 <operand localId="72" locator="109:62-109:103" name="LastTimeOfDelivery" libraryName="PCMaternal" xsi:type="FunctionRef">
                                    <operand localId="71" locator="109:94-109:102" name="Encounter" xsi:type="OperandRef"/>
                                 </operand>
                              </operand>
                           </operand>
                        </operand>
                        <operand localId="77" locator="110:13-110:38" xsi:type="Not">
                           <operand locator="110:13-110:38" xsi:type="IsNull">
                              <operand localId="76" locator="110:13-110:26" path="result" scope="Gravida" xsi:type="Property"/>
                           </operand>
                        </operand>
                     </where>
                     <sort localId="81" locator="111:7-111:30">
                        <by localId="80" locator="111:15-111:30" direction="asc" path="relevantDatetime" xsi:type="ByColumn"/>
                     </sort>
                  </source>
               </source>
            </operand>
            <asTypeSpecifier localId="85" locator="112:15-112:21" name="t:Integer" xsi:type="NamedTypeSpecifier"/>
         </expression>
         <operand name="Encounter">
            <operandTypeSpecifier localId="65" locator="107:41-107:62" xmlns:ns2="urn:healthit-gov:qdm:v5_6" name="ns2:PositiveEncounterPerformed" xsi:type="NamedTypeSpecifier"/>
         </operand>
      </def>
      <def localId="114" locator="128:1-133:21" name="LastParity" context="Patient" accessLevel="Public" xsi:type="FunctionDef">
         <annotation xsi:type="a:Annotation">
            <a:s r="114">
               <a:s>define function &quot;LastParity&quot;(Encounter </a:s>
               <a:s r="92">
                  <a:s>&quot;Encounter, Performed&quot;</a:s>
               </a:s>
               <a:s> ):
  </a:s>
               <a:s r="113">
                  <a:s r="113">
                     <a:s r="111">
                        <a:s r="110">
                           <a:s>Last(</a:s>
                           <a:s r="109">
                              <a:s>
                                 <a:s r="94">
                                    <a:s r="93">
                                       <a:s r="93">
                                          <a:s>[&quot;Assessment, Performed&quot;: </a:s>
                                          <a:s>
                                             <a:s>&quot;[#] Parity&quot;</a:s>
                                          </a:s>
                                          <a:s>]</a:s>
                                       </a:s>
                                    </a:s>
                                    <a:s> Parity</a:s>
                                 </a:s>
                              </a:s>
                              <a:s>
      </a:s>
                              <a:s r="105">
                                 <a:s>where </a:s>
                                 <a:s r="105">
                                    <a:s r="101">
                                       <a:s r="96">
                                          <a:s r="95">
                                             <a:s>Parity</a:s>
                                          </a:s>
                                          <a:s>.</a:s>
                                          <a:s r="96">
                                             <a:s>relevantDatetime</a:s>
                                          </a:s>
                                       </a:s>
                                       <a:s> </a:s>
                                       <a:s r="101">
                                          <a:s r="100">
                                             <a:s>42 weeks</a:s>
                                          </a:s>
                                          <a:s> or less before</a:s>
                                       </a:s>
                                       <a:s> </a:s>
                                       <a:s r="99">
                                          <a:s r="97">
                                             <a:s>PCMaternal</a:s>
                                          </a:s>
                                          <a:s>.</a:s>
                                          <a:s r="99">
                                             <a:s>&quot;LastTimeOfDelivery&quot;(</a:s>
                                             <a:s r="98">
                                                <a:s>Encounter</a:s>
                                             </a:s>
                                             <a:s>)</a:s>
                                          </a:s>
                                       </a:s>
                                    </a:s>
                                    <a:s>
        and </a:s>
                                    <a:s r="104">
                                       <a:s r="103">
                                          <a:s r="102">
                                             <a:s>Parity</a:s>
                                          </a:s>
                                          <a:s>.</a:s>
                                          <a:s r="103">
                                             <a:s>result</a:s>
                                          </a:s>
                                       </a:s>
                                       <a:s> is not null</a:s>
                                    </a:s>
                                 </a:s>
                              </a:s>
                              <a:s>
      </a:s>
                              <a:s r="108">
                                 <a:s>sort by </a:s>
                                 <a:s r="107">
                                    <a:s r="106">
                                       <a:s>relevantDatetime</a:s>
                                    </a:s>
                                 </a:s>
                              </a:s>
                           </a:s>
                           <a:s>
  )</a:s>
                        </a:s>
                        <a:s>.</a:s>
                        <a:s r="111">
                           <a:s>result</a:s>
                        </a:s>
                     </a:s>
                     <a:s> as </a:s>
                     <a:s r="112">
                        <a:s>Integer</a:s>
                     </a:s>
                  </a:s>
               </a:s>
            </a:s>
         </annotation>
         <expression localId="113" locator="129:3-133:21" strict="false" xsi:type="As">
            <operand localId="111" locator="129:3-133:10" path="result" xsi:type="Property">
               <source localId="110" locator="129:3-133:3" xsi:type="Last">
                  <source localId="109" locator="129:8-132:30" xsi:type="Query">
                     <source localId="94" locator="129:8-129:53" alias="Parity">
                        <expression localId="93" locator="129:8-129:46" xmlns:ns3="urn:healthit-gov:qdm:v5_6" dataType="ns3:PositiveAssessmentPerformed" templateId="PositiveAssessmentPerformed" codeProperty="code" codeComparator="~" xsi:type="Retrieve">
                           <codes xsi:type="ToList">
                              <operand locator="129:34-129:45" name="[#] Parity" xsi:type="CodeRef"/>
                           </codes>
                        </expression>
                     </source>
                     <where localId="105" locator="130:7-131:37" xsi:type="And">
                        <operand localId="101" locator="130:13-130:102" xsi:type="And">
                           <operand locator="130:37-130:52" xsi:type="In">
                              <operand localId="96" locator="130:13-130:35" path="relevantDatetime" scope="Parity" xsi:type="Property"/>
                              <operand locator="130:37-130:52" lowClosed="true" highClosed="false" xsi:type="Interval">
                                 <low locator="130:72-130:102" xsi:type="Subtract">
                                    <operand localId="99" locator="130:61-130:102" name="LastTimeOfDelivery" libraryName="PCMaternal" xsi:type="FunctionRef">
                                       <operand localId="98" locator="130:93-130:101" name="Encounter" xsi:type="OperandRef"/>
                                    </operand>
                                    <operand localId="100" locator="130:37-130:44" value="42" unit="weeks" xsi:type="Quantity"/>
                                 </low>
                                 <high localId="99" locator="130:61-130:102" name="LastTimeOfDelivery" libraryName="PCMaternal" xsi:type="FunctionRef">
                                    <operand localId="98" locator="130:93-130:101" name="Encounter" xsi:type="OperandRef"/>
                                 </high>
                              </operand>
                           </operand>
                           <operand locator="130:37-130:52" xsi:type="Not">
                              <operand locator="130:37-130:52" xsi:type="IsNull">
                                 <operand localId="99" locator="130:61-130:102" name="LastTimeOfDelivery" libraryName="PCMaternal" xsi:type="FunctionRef">
                                    <operand localId="98" locator="130:93-130:101" name="Encounter" xsi:type="OperandRef"/>
                                 </operand>
                              </operand>
                           </operand>
                        </operand>
                        <operand localId="104" locator="131:13-131:37" xsi:type="Not">
                           <operand locator="131:13-131:37" xsi:type="IsNull">
                              <operand localId="103" locator="131:13-131:25" path="result" scope="Parity" xsi:type="Property"/>
                           </operand>
                        </operand>
                     </where>
                     <sort localId="108" locator="132:7-132:30">
                        <by localId="107" locator="132:15-132:30" direction="asc" path="relevantDatetime" xsi:type="ByColumn"/>
                     </sort>
                  </source>
               </source>
            </operand>
            <asTypeSpecifier localId="112" locator="133:15-133:21" name="t:Integer" xsi:type="NamedTypeSpecifier"/>
         </expression>
         <operand name="Encounter">
            <operandTypeSpecifier localId="92" locator="128:40-128:61" xmlns:ns4="urn:healthit-gov:qdm:v5_6" name="ns4:PositiveEncounterPerformed" xsi:type="NamedTypeSpecifier"/>
         </operand>
      </def>
      <def localId="142" locator="114:1-119:21" name="LastHistoryPretermBirth" context="Patient" accessLevel="Public" xsi:type="FunctionDef">
         <annotation xsi:type="a:Annotation">
            <a:s r="142">
               <a:s>define function &quot;LastHistoryPretermBirth&quot;(Encounter </a:s>
               <a:s r="120">
                  <a:s>&quot;Encounter, Performed&quot;</a:s>
               </a:s>
               <a:s> ):
  </a:s>
               <a:s r="141">
                  <a:s r="141">
                     <a:s r="139">
                        <a:s r="138">
                           <a:s>Last(</a:s>
                           <a:s r="137">
                              <a:s>
                                 <a:s r="122">
                                    <a:s r="121">
                                       <a:s r="121">
                                          <a:s>[&quot;Assessment, Performed&quot;: </a:s>
                                          <a:s>
                                             <a:s>&quot;[#] Births.preterm&quot;</a:s>
                                          </a:s>
                                          <a:s>]</a:s>
                                       </a:s>
                                    </a:s>
                                    <a:s> PretermBirth</a:s>
                                 </a:s>
                              </a:s>
                              <a:s>
      </a:s>
                              <a:s r="133">
                                 <a:s>where </a:s>
                                 <a:s r="133">
                                    <a:s r="129">
                                       <a:s r="124">
                                          <a:s r="123">
                                             <a:s>PretermBirth</a:s>
                                          </a:s>
                                          <a:s>.</a:s>
                                          <a:s r="124">
                                             <a:s>relevantDatetime</a:s>
                                          </a:s>
                                       </a:s>
                                       <a:s> </a:s>
                                       <a:s r="129">
                                          <a:s r="128">
                                             <a:s>42 weeks</a:s>
                                          </a:s>
                                          <a:s> or less before</a:s>
                                       </a:s>
                                       <a:s> </a:s>
                                       <a:s r="127">
                                          <a:s r="125">
                                             <a:s>PCMaternal</a:s>
                                          </a:s>
                                          <a:s>.</a:s>
                                          <a:s r="127">
                                             <a:s>&quot;LastTimeOfDelivery&quot;(</a:s>
                                             <a:s r="126">
                                                <a:s>Encounter</a:s>
                                             </a:s>
                                             <a:s>)</a:s>
                                          </a:s>
                                       </a:s>
                                    </a:s>
                                    <a:s>
        and </a:s>
                                    <a:s r="132">
                                       <a:s r="131">
                                          <a:s r="130">
                                             <a:s>PretermBirth</a:s>
                                          </a:s>
                                          <a:s>.</a:s>
                                          <a:s r="131">
                                             <a:s>result</a:s>
                                          </a:s>
                                       </a:s>
                                       <a:s> is not null</a:s>
                                    </a:s>
                                 </a:s>
                              </a:s>
                              <a:s>
      </a:s>
                              <a:s r="136">
                                 <a:s>sort by </a:s>
                                 <a:s r="135">
                                    <a:s r="134">
                                       <a:s>relevantDatetime</a:s>
                                    </a:s>
                                 </a:s>
                              </a:s>
                           </a:s>
                           <a:s>
  )</a:s>
                        </a:s>
                        <a:s>.</a:s>
                        <a:s r="139">
                           <a:s>result</a:s>
                        </a:s>
                     </a:s>
                     <a:s> as </a:s>
                     <a:s r="140">
                        <a:s>Integer</a:s>
                     </a:s>
                  </a:s>
               </a:s>
            </a:s>
         </annotation>
         <expression localId="141" locator="115:3-119:21" strict="false" xsi:type="As">
            <operand localId="139" locator="115:3-119:10" path="result" xsi:type="Property">
               <source localId="138" locator="115:3-119:3" xsi:type="Last">
                  <source localId="137" locator="115:8-118:30" xsi:type="Query">
                     <source localId="122" locator="115:8-115:67" alias="PretermBirth">
                        <expression localId="121" locator="115:8-115:54" xmlns:ns5="urn:healthit-gov:qdm:v5_6" dataType="ns5:PositiveAssessmentPerformed" templateId="PositiveAssessmentPerformed" codeProperty="code" codeComparator="~" xsi:type="Retrieve">
                           <codes xsi:type="ToList">
                              <operand locator="115:34-115:53" name="[#] Births.preterm" xsi:type="CodeRef"/>
                           </codes>
                        </expression>
                     </source>
                     <where localId="133" locator="116:7-117:43" xsi:type="And">
                        <operand localId="129" locator="116:13-116:108" xsi:type="And">
                           <operand locator="116:43-116:58" xsi:type="In">
                              <operand localId="124" locator="116:13-116:41" path="relevantDatetime" scope="PretermBirth" xsi:type="Property"/>
                              <operand locator="116:43-116:58" lowClosed="true" highClosed="false" xsi:type="Interval">
                                 <low locator="116:78-116:108" xsi:type="Subtract">
                                    <operand localId="127" locator="116:67-116:108" name="LastTimeOfDelivery" libraryName="PCMaternal" xsi:type="FunctionRef">
                                       <operand localId="126" locator="116:99-116:107" name="Encounter" xsi:type="OperandRef"/>
                                    </operand>
                                    <operand localId="128" locator="116:43-116:50" value="42" unit="weeks" xsi:type="Quantity"/>
                                 </low>
                                 <high localId="127" locator="116:67-116:108" name="LastTimeOfDelivery" libraryName="PCMaternal" xsi:type="FunctionRef">
                                    <operand localId="126" locator="116:99-116:107" name="Encounter" xsi:type="OperandRef"/>
                                 </high>
                              </operand>
                           </operand>
                           <operand locator="116:43-116:58" xsi:type="Not">
                              <operand locator="116:43-116:58" xsi:type="IsNull">
                                 <operand localId="127" locator="116:67-116:108" name="LastTimeOfDelivery" libraryName="PCMaternal" xsi:type="FunctionRef">
                                    <operand localId="126" locator="116:99-116:107" name="Encounter" xsi:type="OperandRef"/>
                                 </operand>
                              </operand>
                           </operand>
                        </operand>
                        <operand localId="132" locator="117:13-117:43" xsi:type="Not">
                           <operand locator="117:13-117:43" xsi:type="IsNull">
                              <operand localId="131" locator="117:13-117:31" path="result" scope="PretermBirth" xsi:type="Property"/>
                           </operand>
                        </operand>
                     </where>
                     <sort localId="136" locator="118:7-118:30">
                        <by localId="135" locator="118:15-118:30" direction="asc" path="relevantDatetime" xsi:type="ByColumn"/>
                     </sort>
                  </source>
               </source>
            </operand>
            <asTypeSpecifier localId="140" locator="119:15-119:21" name="t:Integer" xsi:type="NamedTypeSpecifier"/>
         </expression>
         <operand name="Encounter">
            <operandTypeSpecifier localId="120" locator="114:53-114:74" xmlns:ns6="urn:healthit-gov:qdm:v5_6" name="ns6:PositiveEncounterPerformed" xsi:type="NamedTypeSpecifier"/>
         </operand>
      </def>
      <def localId="169" locator="121:1-126:21" name="LastHistoryTermBirth" context="Patient" accessLevel="Public" xsi:type="FunctionDef">
         <annotation xsi:type="a:Annotation">
            <a:s r="169">
               <a:s>define function &quot;LastHistoryTermBirth&quot;(Encounter </a:s>
               <a:s r="147">
                  <a:s>&quot;Encounter, Performed&quot;</a:s>
               </a:s>
               <a:s> ):
  </a:s>
               <a:s r="168">
                  <a:s r="168">
                     <a:s r="166">
                        <a:s r="165">
                           <a:s>Last(</a:s>
                           <a:s r="164">
                              <a:s>
                                 <a:s r="149">
                                    <a:s r="148">
                                       <a:s r="148">
                                          <a:s>[&quot;Assessment, Performed&quot;: </a:s>
                                          <a:s>
                                             <a:s>&quot;[#] Births.term&quot;</a:s>
                                          </a:s>
                                          <a:s>]</a:s>
                                       </a:s>
                                    </a:s>
                                    <a:s> TermBirth</a:s>
                                 </a:s>
                              </a:s>
                              <a:s>
      </a:s>
                              <a:s r="160">
                                 <a:s>where </a:s>
                                 <a:s r="160">
                                    <a:s r="156">
                                       <a:s r="151">
                                          <a:s r="150">
                                             <a:s>TermBirth</a:s>
                                          </a:s>
                                          <a:s>.</a:s>
                                          <a:s r="151">
                                             <a:s>relevantDatetime</a:s>
                                          </a:s>
                                       </a:s>
                                       <a:s> </a:s>
                                       <a:s r="156">
                                          <a:s r="155">
                                             <a:s>42 weeks</a:s>
                                          </a:s>
                                          <a:s> or less before</a:s>
                                       </a:s>
                                       <a:s> </a:s>
                                       <a:s r="154">
                                          <a:s r="152">
                                             <a:s>PCMaternal</a:s>
                                          </a:s>
                                          <a:s>.</a:s>
                                          <a:s r="154">
                                             <a:s>&quot;LastTimeOfDelivery&quot;(</a:s>
                                             <a:s r="153">
                                                <a:s>Encounter</a:s>
                                             </a:s>
                                             <a:s>)</a:s>
                                          </a:s>
                                       </a:s>
                                    </a:s>
                                    <a:s>
        and </a:s>
                                    <a:s r="159">
                                       <a:s r="158">
                                          <a:s r="157">
                                             <a:s>TermBirth</a:s>
                                          </a:s>
                                          <a:s>.</a:s>
                                          <a:s r="158">
                                             <a:s>result</a:s>
                                          </a:s>
                                       </a:s>
                                       <a:s> is not null</a:s>
                                    </a:s>
                                 </a:s>
                              </a:s>
                              <a:s>
      </a:s>
                              <a:s r="163">
                                 <a:s>sort by </a:s>
                                 <a:s r="162">
                                    <a:s r="161">
                                       <a:s>relevantDatetime</a:s>
                                    </a:s>
                                 </a:s>
                              </a:s>
                           </a:s>
                           <a:s>
  )</a:s>
                        </a:s>
                        <a:s>.</a:s>
                        <a:s r="166">
                           <a:s>result</a:s>
                        </a:s>
                     </a:s>
                     <a:s> as </a:s>
                     <a:s r="167">
                        <a:s>Integer</a:s>
                     </a:s>
                  </a:s>
               </a:s>
            </a:s>
         </annotation>
         <expression localId="168" locator="122:3-126:21" strict="false" xsi:type="As">
            <operand localId="166" locator="122:3-126:10" path="result" xsi:type="Property">
               <source localId="165" locator="122:3-126:3" xsi:type="Last">
                  <source localId="164" locator="122:8-125:30" xsi:type="Query">
                     <source localId="149" locator="122:8-122:61" alias="TermBirth">
                        <expression localId="148" locator="122:8-122:51" xmlns:ns7="urn:healthit-gov:qdm:v5_6" dataType="ns7:PositiveAssessmentPerformed" templateId="PositiveAssessmentPerformed" codeProperty="code" codeComparator="~" xsi:type="Retrieve">
                           <codes xsi:type="ToList">
                              <operand locator="122:34-122:50" name="[#] Births.term" xsi:type="CodeRef"/>
                           </codes>
                        </expression>
                     </source>
                     <where localId="160" locator="123:7-124:40" xsi:type="And">
                        <operand localId="156" locator="123:13-123:105" xsi:type="And">
                           <operand locator="123:40-123:55" xsi:type="In">
                              <operand localId="151" locator="123:13-123:38" path="relevantDatetime" scope="TermBirth" xsi:type="Property"/>
                              <operand locator="123:40-123:55" lowClosed="true" highClosed="false" xsi:type="Interval">
                                 <low locator="123:75-123:105" xsi:type="Subtract">
                                    <operand localId="154" locator="123:64-123:105" name="LastTimeOfDelivery" libraryName="PCMaternal" xsi:type="FunctionRef">
                                       <operand localId="153" locator="123:96-123:104" name="Encounter" xsi:type="OperandRef"/>
                                    </operand>
                                    <operand localId="155" locator="123:40-123:47" value="42" unit="weeks" xsi:type="Quantity"/>
                                 </low>
                                 <high localId="154" locator="123:64-123:105" name="LastTimeOfDelivery" libraryName="PCMaternal" xsi:type="FunctionRef">
                                    <operand localId="153" locator="123:96-123:104" name="Encounter" xsi:type="OperandRef"/>
                                 </high>
                              </operand>
                           </operand>
                           <operand locator="123:40-123:55" xsi:type="Not">
                              <operand locator="123:40-123:55" xsi:type="IsNull">
                                 <operand localId="154" locator="123:64-123:105" name="LastTimeOfDelivery" libraryName="PCMaternal" xsi:type="FunctionRef">
                                    <operand localId="153" locator="123:96-123:104" name="Encounter" xsi:type="OperandRef"/>
                                 </operand>
                              </operand>
                           </operand>
                        </operand>
                        <operand localId="159" locator="124:13-124:40" xsi:type="Not">
                           <operand locator="124:13-124:40" xsi:type="IsNull">
                              <operand localId="158" locator="124:13-124:28" path="result" scope="TermBirth" xsi:type="Property"/>
                           </operand>
                        </operand>
                     </where>
                     <sort localId="163" locator="125:7-125:30">
                        <by localId="162" locator="125:15-125:30" direction="asc" path="relevantDatetime" xsi:type="ByColumn"/>
                     </sort>
                  </source>
               </source>
            </operand>
            <asTypeSpecifier localId="167" locator="126:15-126:21" name="t:Integer" xsi:type="NamedTypeSpecifier"/>
         </expression>
         <operand name="Encounter">
            <operandTypeSpecifier localId="147" locator="121:50-121:71" xmlns:ns8="urn:healthit-gov:qdm:v5_6" name="ns8:PositiveEncounterPerformed" xsi:type="NamedTypeSpecifier"/>
         </operand>
      </def>
      <def localId="176" locator="94:1-102:5" name="Singleton Delivery Encounters at 37 Plus Weeks Gravida 1 Parity 0, No Previous Births" context="Patient" accessLevel="Public">
         <annotation xsi:type="a:Annotation">
            <a:s r="176">
               <a:s>define &quot;Singleton Delivery Encounters at 37 Plus Weeks Gravida 1 Parity 0, No Previous Births&quot;:
  </a:s>
               <a:s r="175">
                  <a:s>
                     <a:s r="63">
                        <a:s r="62">
                           <a:s>( </a:s>
                           <a:s r="62">
                              <a:s r="48">
                                 <a:s>&quot;Delivery Encounter with Gestational Age Greater than or Equal to 37 Weeks&quot;</a:s>
                              </a:s>
                              <a:s>
    intersect </a:s>
                              <a:s r="61">
                                 <a:s>&quot;Encounter with Singleton Delivery&quot;</a:s>
                              </a:s>
                           </a:s>
                           <a:s> )</a:s>
                        </a:s>
                        <a:s> SingletonEncounterGE37Weeks</a:s>
                     </a:s>
                  </a:s>
                  <a:s>
    </a:s>
                  <a:s r="174">
                     <a:s>where </a:s>
                     <a:s r="174">
                        <a:s>( </a:s>
                        <a:s r="174">
                           <a:s r="118">
                              <a:s r="90">
                                 <a:s>( </a:s>
                                 <a:s r="90">
                                    <a:s r="88">
                                       <a:s>&quot;LastGravida&quot;(</a:s>
                                       <a:s r="64">
                                          <a:s>SingletonEncounterGE37Weeks</a:s>
                                       </a:s>
                                       <a:s>)</a:s>
                                    </a:s>
                                    <a:s r="89">= 1</a:s>
                                 </a:s>
                                 <a:s> )</a:s>
                              </a:s>
                              <a:s>
        or </a:s>
                              <a:s r="117">
                                 <a:s>( </a:s>
                                 <a:s r="117">
                                    <a:s r="115">
                                       <a:s>&quot;LastParity&quot;(</a:s>
                                       <a:s r="91">
                                          <a:s>SingletonEncounterGE37Weeks</a:s>
                                       </a:s>
                                       <a:s>)</a:s>
                                    </a:s>
                                    <a:s r="116">= 0</a:s>
                                 </a:s>
                                 <a:s> )</a:s>
                              </a:s>
                           </a:s>
                           <a:s>
        or </a:s>
                           <a:s r="173">
                              <a:s>( </a:s>
                              <a:s r="173">
                                 <a:s r="145">
                                    <a:s>( </a:s>
                                    <a:s r="145">
                                       <a:s r="143">
                                          <a:s>&quot;LastHistoryPretermBirth&quot;(</a:s>
                                          <a:s r="119">
                                             <a:s>SingletonEncounterGE37Weeks</a:s>
                                          </a:s>
                                          <a:s>)</a:s>
                                       </a:s>
                                       <a:s r="144">= 0</a:s>
                                    </a:s>
                                    <a:s> )</a:s>
                                 </a:s>
                                 <a:s>
            and </a:s>
                                 <a:s r="172">
                                    <a:s>( </a:s>
                                    <a:s r="172">
                                       <a:s r="170">
                                          <a:s>&quot;LastHistoryTermBirth&quot;(</a:s>
                                          <a:s r="146">
                                             <a:s>SingletonEncounterGE37Weeks</a:s>
                                          </a:s>
                                          <a:s>)</a:s>
                                       </a:s>
                                       <a:s r="171">= 0</a:s>
                                    </a:s>
                                    <a:s> )</a:s>
                                 </a:s>
                              </a:s>
                              <a:s>
        )</a:s>
                           </a:s>
                        </a:s>
                        <a:s>
    )</a:s>
                     </a:s>
                  </a:s>
               </a:s>
            </a:s>
         </annotation>
         <expression localId="175" locator="95:3-102:5" xsi:type="Query">
            <source localId="63" locator="95:3-96:79" alias="SingletonEncounterGE37Weeks">
               <expression localId="62" locator="95:3-96:51" xsi:type="Intersect">
                  <operand localId="48" locator="95:5-95:79" name="Delivery Encounter with Gestational Age Greater than or Equal to 37 Weeks" xsi:type="ExpressionRef"/>
                  <operand localId="61" locator="96:15-96:49" name="Encounter with Singleton Delivery" xsi:type="ExpressionRef"/>
               </expression>
            </source>
            <where localId="174" locator="97:5-102:5" xsi:type="Or">
               <operand localId="118" locator="97:13-98:59" xsi:type="Or">
                  <operand localId="90" locator="97:13-97:61" xsi:type="Equal">
                     <operand localId="88" locator="97:15-97:56" name="LastGravida" xsi:type="FunctionRef">
                        <operand localId="64" locator="97:29-97:55" name="SingletonEncounterGE37Weeks" xsi:type="AliasRef"/>
                     </operand>
                     <operand localId="89" locator="97:59" valueType="t:Integer" value="1" xsi:type="Literal"/>
                  </operand>
                  <operand localId="117" locator="98:12-98:59" xsi:type="Equal">
                     <operand localId="115" locator="98:14-98:54" name="LastParity" xsi:type="FunctionRef">
                        <operand localId="91" locator="98:27-98:53" name="SingletonEncounterGE37Weeks" xsi:type="AliasRef"/>
                     </operand>
                     <operand localId="116" locator="98:57" valueType="t:Integer" value="0" xsi:type="Literal"/>
                  </operand>
               </operand>
               <operand localId="173" locator="99:12-101:9" xsi:type="And">
                  <operand localId="145" locator="99:14-99:74" xsi:type="Equal">
                     <operand localId="143" locator="99:16-99:69" name="LastHistoryPretermBirth" xsi:type="FunctionRef">
                        <operand localId="119" locator="99:42-99:68" name="SingletonEncounterGE37Weeks" xsi:type="AliasRef"/>
                     </operand>
                     <operand localId="144" locator="99:72" valueType="t:Integer" value="0" xsi:type="Literal"/>
                  </operand>
                  <operand localId="172" locator="100:17-100:74" xsi:type="Equal">
                     <operand localId="170" locator="100:19-100:69" name="LastHistoryTermBirth" xsi:type="FunctionRef">
                        <operand localId="146" locator="100:42-100:68" name="SingletonEncounterGE37Weeks" xsi:type="AliasRef"/>
                     </operand>
                     <operand localId="171" locator="100:72" valueType="t:Integer" value="0" xsi:type="Literal"/>
                  </operand>
               </operand>
            </where>
         </expression>
      </def>
      <def localId="219" locator="54:1-63:157" name="Encounter with Abnormal Presentation" context="Patient" accessLevel="Public">
         <annotation xsi:type="a:Annotation">
            <a:s r="219">
               <a:s>define &quot;Encounter with Abnormal Presentation&quot;:
  </a:s>
               <a:s r="218">
                  <a:s>
                     <a:s r="178">
                        <a:s r="177">
                           <a:s>
                              <a:s>&quot;Singleton Delivery Encounters at 37 Plus Weeks Gravida 1 Parity 0, No Previous Births&quot;</a:s>
                           </a:s>
                        </a:s>
                        <a:s> QualifyingEncounter</a:s>
                     </a:s>
                  </a:s>
                  <a:s>
    </a:s>
                  <a:s>
                     <a:s>let </a:s>
                     <a:s r="199">
                        <a:s>LastAbnormalPresentation: </a:s>
                        <a:s r="198">
                           <a:s>Last(</a:s>
                           <a:s r="197">
                              <a:s>
                                 <a:s r="180">
                                    <a:s r="179">
                                       <a:s r="179">
                                          <a:s>[&quot;Assessment, Performed&quot;: </a:s>
                                          <a:s>
                                             <a:s>&quot;Abnormal Presentation&quot;</a:s>
                                          </a:s>
                                          <a:s>]</a:s>
                                       </a:s>
                                    </a:s>
                                    <a:s> AbnormalPresentation</a:s>
                                 </a:s>
                              </a:s>
                              <a:s>
        </a:s>
                              <a:s r="190">
                                 <a:s>where </a:s>
                                 <a:s r="190">
                                    <a:s r="186">
                                       <a:s r="181">
                                          <a:s>Global</a:s>
                                       </a:s>
                                       <a:s>.</a:s>
                                       <a:s r="186">
                                          <a:s>&quot;EarliestOf&quot;(</a:s>
                                          <a:s r="183">
                                             <a:s r="182">
                                                <a:s>AbnormalPresentation</a:s>
                                             </a:s>
                                             <a:s>.</a:s>
                                             <a:s r="183">
                                                <a:s>relevantDatetime</a:s>
                                             </a:s>
                                          </a:s>
                                          <a:s>, </a:s>
                                          <a:s r="185">
                                             <a:s r="184">
                                                <a:s>AbnormalPresentation</a:s>
                                             </a:s>
                                             <a:s>.</a:s>
                                             <a:s r="185">
                                                <a:s>relevantPeriod</a:s>
                                             </a:s>
                                          </a:s>
                                          <a:s>)</a:s>
                                       </a:s>
                                    </a:s>
                                    <a:s r="190">before or on </a:s>
                                    <a:s r="189">
                                       <a:s r="187">
                                          <a:s>PCMaternal</a:s>
                                       </a:s>
                                       <a:s>.</a:s>
                                       <a:s r="189">
                                          <a:s>&quot;LastTimeOfDelivery&quot;(</a:s>
                                          <a:s r="188">
                                             <a:s>QualifyingEncounter</a:s>
                                          </a:s>
                                          <a:s>)</a:s>
                                       </a:s>
                                    </a:s>
                                 </a:s>
                              </a:s>
                              <a:s>
        </a:s>
                              <a:s r="196">
                                 <a:s>sort by </a:s>
                                 <a:s r="195">
                                    <a:s r="194">
                                       <a:s r="191">
                                          <a:s>Global</a:s>
                                       </a:s>
                                       <a:s>.</a:s>
                                       <a:s r="194">
                                          <a:s>&quot;EarliestOf&quot;(</a:s>
                                          <a:s r="192">
                                             <a:s>relevantDatetime</a:s>
                                          </a:s>
                                          <a:s>, </a:s>
                                          <a:s r="193">
                                             <a:s>relevantPeriod</a:s>
                                          </a:s>
                                          <a:s>)</a:s>
                                       </a:s>
                                    </a:s>
                                 </a:s>
                              </a:s>
                           </a:s>
                           <a:s>
    )</a:s>
                        </a:s>
                     </a:s>
                  </a:s>
                  <a:s>
    </a:s>
                  <a:s r="217">
                     <a:s>where </a:s>
                     <a:s r="217">
                        <a:s r="207">
                           <a:s>exists </a:s>
                           <a:s r="206">
                              <a:s>( </a:s>
                              <a:s r="206">
                                 <a:s>
                                    <a:s r="201">
                                       <a:s r="200">
                                          <a:s>
                                             <a:s>QualifyingEncounter.diagnoses</a:s>
                                          </a:s>
                                       </a:s>
                                       <a:s> EncounterDiagnosis</a:s>
                                    </a:s>
                                 </a:s>
                                 <a:s>
        </a:s>
                                 <a:s r="205">
                                    <a:s>where </a:s>
                                    <a:s r="205">
                                       <a:s r="203">
                                          <a:s r="202">
                                             <a:s>EncounterDiagnosis</a:s>
                                          </a:s>
                                          <a:s>.</a:s>
                                          <a:s r="203">
                                             <a:s>code</a:s>
                                          </a:s>
                                       </a:s>
                                       <a:s> in </a:s>
                                       <a:s r="204">
                                          <a:s>&quot;Abnormal Presentation&quot;</a:s>
                                       </a:s>
                                    </a:s>
                                 </a:s>
                              </a:s>
                              <a:s>
    )</a:s>
                           </a:s>
                        </a:s>
                        <a:s>
      or </a:s>
                        <a:s r="216">
                           <a:s r="213">
                              <a:s r="208">
                                 <a:s>Global</a:s>
                              </a:s>
                              <a:s>.</a:s>
                              <a:s r="213">
                                 <a:s>&quot;EarliestOf&quot; ( </a:s>
                                 <a:s r="210">
                                    <a:s r="209">
                                       <a:s>LastAbnormalPresentation</a:s>
                                    </a:s>
                                    <a:s>.</a:s>
                                    <a:s r="210">
                                       <a:s>relevantDatetime</a:s>
                                    </a:s>
                                 </a:s>
                                 <a:s>, </a:s>
                                 <a:s r="212">
                                    <a:s r="211">
                                       <a:s>LastAbnormalPresentation</a:s>
                                    </a:s>
                                    <a:s>.</a:s>
                                    <a:s r="212">
                                       <a:s>relevantPeriod</a:s>
                                    </a:s>
                                 </a:s>
                                 <a:s> )</a:s>
                              </a:s>
                           </a:s>
                           <a:s r="216"> during </a:s>
                           <a:s r="215">
                              <a:s r="214">
                                 <a:s>QualifyingEncounter</a:s>
                              </a:s>
                              <a:s>.</a:s>
                              <a:s r="215">
                                 <a:s>relevantPeriod</a:s>
                              </a:s>
                           </a:s>
                        </a:s>
                     </a:s>
                  </a:s>
               </a:s>
            </a:s>
         </annotation>
         <expression localId="218" locator="55:3-63:157" xsi:type="Query">
            <source localId="178" locator="55:3-55:109" alias="QualifyingEncounter">
               <expression localId="177" locator="55:3-55:89" name="Singleton Delivery Encounters at 37 Plus Weeks Gravida 1 Parity 0, No Previous Births" xsi:type="ExpressionRef"/>
            </source>
            <let localId="199" locator="56:9-59:5" identifier="LastAbnormalPresentation">
               <expression localId="198" locator="56:35-59:5" xsi:type="Last">
                  <source localId="197" locator="56:40-58:69" xsi:type="Query">
                     <source localId="180" locator="56:40-56:110" alias="AbnormalPresentation">
                        <expression localId="179" locator="56:40-56:89" xmlns:ns9="urn:healthit-gov:qdm:v5_6" dataType="ns9:PositiveAssessmentPerformed" templateId="PositiveAssessmentPerformed" codeProperty="code" codeComparator="in" xsi:type="Retrieve">
                           <codes locator="56:66-56:88" name="Abnormal Presentation" xsi:type="ValueSetRef"/>
                        </expression>
                     </source>
                     <where localId="190" locator="57:9-57:174" xsi:type="SameOrBefore">
                        <operand localId="186" locator="57:15-57:109" name="EarliestOf" libraryName="Global" xsi:type="FunctionRef">
                           <operand localId="183" locator="57:35-57:71" path="relevantDatetime" scope="AbnormalPresentation" xsi:type="Property"/>
                           <operand localId="185" locator="57:74-57:108" path="relevantPeriod" scope="AbnormalPresentation" xsi:type="Property"/>
                        </operand>
                        <operand localId="189" locator="57:123-57:174" name="LastTimeOfDelivery" libraryName="PCMaternal" xsi:type="FunctionRef">
                           <operand localId="188" locator="57:155-57:173" name="QualifyingEncounter" xsi:type="AliasRef"/>
                        </operand>
                     </where>
                     <sort localId="196" locator="58:9-58:69">
                        <by localId="195" locator="58:17-58:69" direction="asc" xsi:type="ByExpression">
                           <expression localId="194" locator="58:17-58:69" name="EarliestOf" libraryName="Global" xsi:type="FunctionRef">
                              <operand localId="192" locator="58:37-58:52" name="relevantDatetime" xsi:type="IdentifierRef"/>
                              <operand localId="193" locator="58:55-58:68" name="relevantPeriod" xsi:type="IdentifierRef"/>
                           </expression>
                        </by>
                     </sort>
                  </source>
               </expression>
            </let>
            <where localId="217" locator="60:5-63:157" xsi:type="Or">
               <operand localId="207" locator="60:11-62:5" xsi:type="Exists">
                  <operand localId="206" locator="60:18-62:5" xsi:type="Query">
                     <source localId="201" locator="60:20-60:67" alias="EncounterDiagnosis">
                        <expression localId="200" locator="60:20-60:48" path="diagnoses" scope="QualifyingEncounter" xsi:type="Property"/>
                     </source>
                     <where localId="205" locator="61:9-61:64" xsi:type="InValueSet">
                        <code localId="203" locator="61:15-61:37" path="code" scope="EncounterDiagnosis" xsi:type="Property"/>
                        <valueset localId="204" locator="61:42-61:64" name="Abnormal Presentation" xsi:type="ValueSetRef"/>
                     </where>
                  </operand>
               </operand>
               <operand localId="216" locator="63:10-63:157" xsi:type="In">
                  <operand localId="213" locator="63:10-63:115" name="EarliestOf" libraryName="Global" xsi:type="FunctionRef">
                     <operand localId="210" locator="63:32-63:72" path="relevantDatetime" xsi:type="Property">
                        <source localId="209" locator="63:32-63:55" name="LastAbnormalPresentation" xsi:type="QueryLetRef"/>
                     </operand>
                     <operand localId="212" locator="63:75-63:113" path="relevantPeriod" xsi:type="Property">
                        <source localId="211" locator="63:75-63:98" name="LastAbnormalPresentation" xsi:type="QueryLetRef"/>
                     </operand>
                  </operand>
                  <operand localId="215" locator="63:124-63:157" path="relevantPeriod" scope="QualifyingEncounter" xsi:type="Property"/>
               </operand>
            </where>
         </expression>
      </def>
      <def localId="232" locator="65:1-68:56" name="Encounter with Placenta Previa" context="Patient" accessLevel="Public">
         <annotation xsi:type="a:Annotation">
            <a:s r="232">
               <a:s>define &quot;Encounter with Placenta Previa&quot;:
  </a:s>
               <a:s r="231">
                  <a:s>
                     <a:s r="222">
                        <a:s r="221">
                           <a:s>
                              <a:s>&quot;Singleton Delivery Encounters at 37 Plus Weeks Gravida 1 Parity 0, No Previous Births&quot;</a:s>
                           </a:s>
                        </a:s>
                        <a:s> QualifyingEncounter</a:s>
                     </a:s>
                  </a:s>
                  <a:s>
    </a:s>
                  <a:s r="230">
                     <a:s>where </a:s>
                     <a:s r="230">
                        <a:s>exists </a:s>
                        <a:s r="229">
                           <a:s>
                              <a:s r="224">
                                 <a:s r="223">
                                    <a:s>
                                       <a:s>QualifyingEncounter.diagnoses</a:s>
                                    </a:s>
                                 </a:s>
                                 <a:s> EncounterDiagnosis</a:s>
                              </a:s>
                           </a:s>
                           <a:s>
      </a:s>
                           <a:s r="228">
                              <a:s>where </a:s>
                              <a:s r="228">
                                 <a:s r="226">
                                    <a:s r="225">
                                       <a:s>EncounterDiagnosis</a:s>
                                    </a:s>
                                    <a:s>.</a:s>
                                    <a:s r="226">
                                       <a:s>code</a:s>
                                    </a:s>
                                 </a:s>
                                 <a:s> in </a:s>
                                 <a:s r="227">
                                    <a:s>&quot;Placenta Previa&quot;</a:s>
                                 </a:s>
                              </a:s>
                           </a:s>
                        </a:s>
                     </a:s>
                  </a:s>
               </a:s>
            </a:s>
         </annotation>
         <expression localId="231" locator="66:3-68:56" xsi:type="Query">
            <source localId="222" locator="66:3-66:109" alias="QualifyingEncounter">
               <expression localId="221" locator="66:3-66:89" name="Singleton Delivery Encounters at 37 Plus Weeks Gravida 1 Parity 0, No Previous Births" xsi:type="ExpressionRef"/>
            </source>
            <where localId="230" locator="67:5-68:56" xsi:type="Exists">
               <operand localId="229" locator="67:18-68:56" xsi:type="Query">
                  <source localId="224" locator="67:18-67:65" alias="EncounterDiagnosis">
                     <expression localId="223" locator="67:18-67:46" path="diagnoses" scope="QualifyingEncounter" xsi:type="Property"/>
                  </source>
                  <where localId="228" locator="68:7-68:56" xsi:type="InValueSet">
                     <code localId="226" locator="68:13-68:35" path="code" scope="EncounterDiagnosis" xsi:type="Property"/>
                     <valueset localId="227" locator="68:40-68:56" name="Placenta Previa" xsi:type="ValueSetRef"/>
                  </where>
               </operand>
            </where>
         </expression>
      </def>
      <def localId="235" locator="26:1-28:42" name="Delivery Encounter with Abnormal Presentation or Placenta Previa" context="Patient" accessLevel="Public">
         <annotation xsi:type="a:Annotation">
            <a:s r="235">
               <a:s>define &quot;Delivery Encounter with Abnormal Presentation or Placenta Previa&quot;:
  </a:s>
               <a:s r="234">
                  <a:s r="220">
                     <a:s>&quot;Encounter with Abnormal Presentation&quot;</a:s>
                  </a:s>
                  <a:s>
    union </a:s>
                  <a:s r="233">
                     <a:s>&quot;Encounter with Placenta Previa&quot;</a:s>
                  </a:s>
               </a:s>
            </a:s>
         </annotation>
         <expression localId="234" locator="27:3-28:42" xsi:type="Union">
            <operand localId="220" locator="27:3-27:40" name="Encounter with Abnormal Presentation" xsi:type="ExpressionRef"/>
            <operand localId="233" locator="28:11-28:42" name="Encounter with Placenta Previa" xsi:type="ExpressionRef"/>
         </expression>
      </def>
      <def localId="252" locator="34:1-37:182" name="Delivery Encounter with Cesarean Birth" context="Patient" accessLevel="Public">
         <annotation xsi:type="a:Annotation">
            <a:s r="252">
               <a:s>define &quot;Delivery Encounter with Cesarean Birth&quot;:
  </a:s>
               <a:s r="251">
                  <a:s>
                     <a:s r="237">
                        <a:s r="236">
                           <a:s>
                              <a:s>&quot;Singleton Delivery Encounters at 37 Plus Weeks Gravida 1 Parity 0, No Previous Births&quot;</a:s>
                           </a:s>
                        </a:s>
                        <a:s> QualifyingEncounter</a:s>
                     </a:s>
                  </a:s>
                  <a:s>
    </a:s>
                  <a:s r="250">
                     <a:s>with </a:s>
                     <a:s r="239">
                        <a:s r="238">
                           <a:s r="238">
                              <a:s>[&quot;Procedure, Performed&quot;: </a:s>
                              <a:s>
                                 <a:s>&quot;Cesarean Birth&quot;</a:s>
                              </a:s>
                              <a:s>]</a:s>
                           </a:s>
                        </a:s>
                        <a:s> CSection</a:s>
                     </a:s>
                     <a:s>
      such that </a:s>
                     <a:s r="249">
                        <a:s r="245">
                           <a:s r="240">
                              <a:s>Global</a:s>
                           </a:s>
                           <a:s>.</a:s>
                           <a:s r="245">
                              <a:s>&quot;NormalizeInterval&quot; ( </a:s>
                              <a:s r="242">
                                 <a:s r="241">
                                    <a:s>CSection</a:s>
                                 </a:s>
                                 <a:s>.</a:s>
                                 <a:s r="242">
                                    <a:s>relevantDatetime</a:s>
                                 </a:s>
                              </a:s>
                              <a:s>, </a:s>
                              <a:s r="244">
                                 <a:s r="243">
                                    <a:s>CSection</a:s>
                                 </a:s>
                                 <a:s>.</a:s>
                                 <a:s r="244">
                                    <a:s>relevantPeriod</a:s>
                                 </a:s>
                              </a:s>
                              <a:s> )</a:s>
                           </a:s>
                        </a:s>
                        <a:s r="249"> during </a:s>
                        <a:s r="248">
                           <a:s r="246">
                              <a:s>PCMaternal</a:s>
                           </a:s>
                           <a:s>.</a:s>
                           <a:s r="248">
                              <a:s>&quot;HospitalizationWithEDOBTriageObservation&quot; ( </a:s>
                              <a:s r="247">
                                 <a:s>QualifyingEncounter</a:s>
                              </a:s>
                              <a:s> )</a:s>
                           </a:s>
                        </a:s>
                     </a:s>
                  </a:s>
               </a:s>
            </a:s>
         </annotation>
         <expression localId="251" locator="35:3-37:182" xsi:type="Query">
            <source localId="237" locator="35:3-35:109" alias="QualifyingEncounter">
               <expression localId="236" locator="35:3-35:89" name="Singleton Delivery Encounters at 37 Plus Weeks Gravida 1 Parity 0, No Previous Births" xsi:type="ExpressionRef"/>
            </source>
            <relationship localId="250" locator="36:5-37:182" alias="CSection" xsi:type="With">
               <expression localId="238" locator="36:10-36:51" xmlns:ns10="urn:healthit-gov:qdm:v5_6" dataType="ns10:PositiveProcedurePerformed" templateId="PositiveProcedurePerformed" codeProperty="code" codeComparator="in" xsi:type="Retrieve">
                  <codes locator="36:35-36:50" name="Cesarean Birth" xsi:type="ValueSetRef"/>
               </expression>
               <suchThat localId="249" locator="37:17-37:182" xsi:type="IncludedIn">
                  <operand localId="245" locator="37:17-37:97" name="NormalizeInterval" libraryName="Global" xsi:type="FunctionRef">
                     <operand localId="242" locator="37:46-37:70" path="relevantDatetime" scope="CSection" xsi:type="Property"/>
                     <operand localId="244" locator="37:73-37:95" path="relevantPeriod" scope="CSection" xsi:type="Property"/>
                  </operand>
                  <operand localId="248" locator="37:106-37:182" name="HospitalizationWithEDOBTriageObservation" libraryName="PCMaternal" xsi:type="FunctionRef">
                     <operand localId="247" locator="37:162-37:180" name="QualifyingEncounter" xsi:type="AliasRef"/>
                  </operand>
               </suchThat>
            </relationship>
         </expression>
      </def>
      <def localId="254" locator="48:1-49:89" name="Denominator" context="Patient" accessLevel="Public">
         <annotation xsi:type="a:Annotation">
            <a:s r="254">
               <a:s>define &quot;Denominator&quot;:
  </a:s>
               <a:s r="253">
                  <a:s>&quot;Singleton Delivery Encounters at 37 Plus Weeks Gravida 1 Parity 0, No Previous Births&quot;</a:s>
               </a:s>
            </a:s>
         </annotation>
         <expression localId="253" locator="49:3-49:89" name="Singleton Delivery Encounters at 37 Plus Weeks Gravida 1 Parity 0, No Previous Births" xsi:type="ExpressionRef"/>
      </def>
      <def localId="256" locator="51:1-52:68" name="Denominator Exclusions" context="Patient" accessLevel="Public">
         <annotation xsi:type="a:Annotation">
            <a:s r="256">
               <a:s>define &quot;Denominator Exclusions&quot;:
  </a:s>
               <a:s r="255">
                  <a:s>&quot;Delivery Encounter with Abnormal Presentation or Placenta Previa&quot;</a:s>
               </a:s>
            </a:s>
         </annotation>
         <expression localId="255" locator="52:3-52:68" name="Delivery Encounter with Abnormal Presentation or Placenta Previa" xsi:type="ExpressionRef"/>
      </def>
      <def localId="259" locator="76:1-77:48" name="Initial Population" context="Patient" accessLevel="Public">
         <annotation xsi:type="a:Annotation">
            <a:s r="259">
               <a:s>define &quot;Initial Population&quot;:
  </a:s>
               <a:s r="258">
                  <a:s r="257">
                     <a:s>PCMaternal</a:s>
                  </a:s>
                  <a:s>.</a:s>
                  <a:s r="258">
                     <a:s>&quot;Delivery Encounter with Age Range&quot;</a:s>
                  </a:s>
               </a:s>
            </a:s>
         </annotation>
         <expression localId="258" locator="77:3-77:48" name="Delivery Encounter with Age Range" libraryName="PCMaternal" xsi:type="ExpressionRef"/>
      </def>
      <def localId="261" locator="79:1-80:42" name="Numerator" context="Patient" accessLevel="Public">
         <annotation xsi:type="a:Annotation">
            <a:s r="261">
               <a:s>define &quot;Numerator&quot;:
  </a:s>
               <a:s r="260">
                  <a:s>&quot;Delivery Encounter with Cesarean Birth&quot;</a:s>
               </a:s>
            </a:s>
         </annotation>
         <expression localId="260" locator="80:3-80:42" name="Delivery Encounter with Cesarean Birth" xsi:type="ExpressionRef"/>
      </def>
      <def localId="263" locator="82:1-83:51" name="SDE Ethnicity" context="Patient" accessLevel="Public">
         <annotation xsi:type="a:Annotation">
            <a:s r="263">
               <a:s>define &quot;SDE Ethnicity&quot;:
  </a:s>
               <a:s r="262">
                  <a:s>[&quot;Patient Characteristic Ethnicity&quot;: </a:s>
                  <a:s>
                     <a:s>&quot;Ethnicity&quot;</a:s>
                  </a:s>
                  <a:s>]</a:s>
               </a:s>
            </a:s>
         </annotation>
         <expression localId="262" locator="83:3-83:51" xmlns:ns11="urn:healthit-gov:qdm:v5_6" dataType="ns11:PatientCharacteristicEthnicity" codeProperty="code" codeComparator="in" xsi:type="Retrieve">
            <codes locator="83:40-83:50" name="Ethnicity" xsi:type="ValueSetRef"/>
         </expression>
      </def>
      <def localId="265" locator="85:1-86:43" name="SDE Payer" context="Patient" accessLevel="Public">
         <annotation xsi:type="a:Annotation">
            <a:s r="265">
               <a:s>define &quot;SDE Payer&quot;:
  </a:s>
               <a:s r="264">
                  <a:s>[&quot;Patient Characteristic Payer&quot;: </a:s>
                  <a:s>
                     <a:s>&quot;Payer&quot;</a:s>
                  </a:s>
                  <a:s>]</a:s>
               </a:s>
            </a:s>
         </annotation>
         <expression localId="264" locator="86:3-86:43" xmlns:ns12="urn:healthit-gov:qdm:v5_6" dataType="ns12:PatientCharacteristicPayer" codeProperty="code" codeComparator="in" xsi:type="Retrieve">
            <codes locator="86:36-86:42" name="Payer" xsi:type="ValueSetRef"/>
         </expression>
      </def>
      <def localId="267" locator="88:1-89:41" name="SDE Race" context="Patient" accessLevel="Public">
         <annotation xsi:type="a:Annotation">
            <a:s r="267">
               <a:s>define &quot;SDE Race&quot;:
  </a:s>
               <a:s r="266">
                  <a:s>[&quot;Patient Characteristic Race&quot;: </a:s>
                  <a:s>
                     <a:s>&quot;Race&quot;</a:s>
                  </a:s>
                  <a:s>]</a:s>
               </a:s>
            </a:s>
         </annotation>
         <expression localId="266" locator="89:3-89:41" xmlns:ns13="urn:healthit-gov:qdm:v5_6" dataType="ns13:PatientCharacteristicRace" codeProperty="code" codeComparator="in" xsi:type="Retrieve">
            <codes locator="89:35-89:40" name="Race" xsi:type="ValueSetRef"/>
         </expression>
      </def>
      <def localId="269" locator="91:1-92:58" name="SDE Sex" context="Patient" accessLevel="Public">
         <annotation xsi:type="a:Annotation">
            <a:s r="269">
               <a:s>define &quot;SDE Sex&quot;:
  </a:s>
               <a:s r="268">
                  <a:s>[&quot;Patient Characteristic Sex&quot;: </a:s>
                  <a:s>
                     <a:s>&quot;ONC Administrative Sex&quot;</a:s>
                  </a:s>
                  <a:s>]</a:s>
               </a:s>
            </a:s>
         </annotation>
         <expression localId="268" locator="92:3-92:58" xmlns:ns14="urn:healthit-gov:qdm:v5_6" dataType="ns14:PatientCharacteristicSex" codeProperty="code" codeComparator="in" xsi:type="Retrieve">
            <codes locator="92:34-92:57" name="ONC Administrative Sex" xsi:type="ValueSetRef"/>
         </expression>
      </def>
      <def localId="272" locator="104:1-105:50" name="Variable Calculated Gestational Age" context="Patient" accessLevel="Public">
         <annotation xsi:type="a:Annotation">
            <a:s r="272">
               <a:s>define &quot;Variable Calculated Gestational Age&quot;:
  </a:s>
               <a:s r="271">
                  <a:s r="270">
                     <a:s>PCMaternal</a:s>
                  </a:s>
                  <a:s>.</a:s>
                  <a:s r="271">
                     <a:s>&quot;Variable Calculated Gestational Age&quot;</a:s>
                  </a:s>
               </a:s>
            </a:s>
         </annotation>
         <expression localId="271" locator="105:3-105:50" name="Variable Calculated Gestational Age" libraryName="PCMaternal" xsi:type="ExpressionRef"/>
      </def>
   </statements>
</library>
