{
   "library" : {
      "annotation" : [ {
         "translatorOptions" : "EnableAnnotations,EnableLocators,DisableListDemotion,DisableListPromotion,DisableMethodInvocation",
         "type" : "CqlToElmInfo"
      }, {
         "type" : "Annotation",
         "s" : {
            "r" : "54",
            "s" : [ {
               "value" : [ "","library DischargedonAntithromboticTherapy version '11.0.000'" ]
            } ]
         }
      } ],
      "identifier" : {
         "id" : "DischargedonAntithromboticTherapy",
         "version" : "11.0.000"
      },
      "schemaIdentifier" : {
         "id" : "urn:hl7-org:elm",
         "version" : "r1"
      },
      "usings" : {
         "def" : [ {
            "localIdentifier" : "System",
            "uri" : "urn:hl7-org:elm-types:r1"
         }, {
            "localId" : "1",
            "locator" : "3:1-3:23",
            "localIdentifier" : "QDM",
            "uri" : "urn:healthit-gov:qdm:v5_6",
            "version" : "5.6",
            "annotation" : [ {
               "type" : "Annotation",
               "s" : {
                  "r" : "1",
                  "s" : [ {
                     "value" : [ "","using " ]
                  }, {
                     "s" : [ {
                        "value" : [ "QDM" ]
                     } ]
                  }, {
                     "value" : [ " version ","'5.6'" ]
                  } ]
               }
            } ]
         } ]
      },
      "includes" : {
         "def" : [ {
            "localId" : "2",
            "locator" : "5:1-5:64",
            "localIdentifier" : "Global",
            "path" : "MATGlobalCommonFunctions",
            "version" : "7.0.000",
            "annotation" : [ {
               "type" : "Annotation",
               "s" : {
                  "r" : "2",
                  "s" : [ {
                     "value" : [ "","include " ]
                  }, {
                     "s" : [ {
                        "value" : [ "MATGlobalCommonFunctions" ]
                     } ]
                  }, {
                     "value" : [ " version ","'7.0.000'"," called ","Global" ]
                  } ]
               }
            } ]
         }, {
            "localId" : "3",
            "locator" : "6:1-6:47",
            "localIdentifier" : "TJC",
            "path" : "TJCOverall",
            "version" : "6.0.000",
            "annotation" : [ {
               "type" : "Annotation",
               "s" : {
                  "r" : "3",
                  "s" : [ {
                     "value" : [ "","include " ]
                  }, {
                     "s" : [ {
                        "value" : [ "TJCOverall" ]
                     } ]
                  }, {
                     "value" : [ " version ","'6.0.000'"," called ","TJC" ]
                  } ]
               }
            } ]
         } ]
      },
      "valueSets" : {
         "def" : [ {
            "localId" : "4",
            "locator" : "8:1-8:74",
            "name" : "Antithrombotic Therapy",
            "id" : "urn:oid:2.16.840.1.113762.1.4.1110.62",
            "accessLevel" : "Public",
            "annotation" : [ {
               "type" : "Annotation",
               "s" : {
                  "r" : "4",
                  "s" : [ {
                     "value" : [ "","valueset ","\"Antithrombotic Therapy\"",": ","'urn:oid:2.16.840.1.113762.1.4.1110.62'" ]
                  } ]
               }
            } ]
         }, {
            "localId" : "5",
            "locator" : "9:1-9:58",
            "name" : "Ethnicity",
            "id" : "urn:oid:2.16.840.1.114222.4.11.837",
            "accessLevel" : "Public",
            "annotation" : [ {
               "type" : "Annotation",
               "s" : {
                  "r" : "5",
                  "s" : [ {
                     "value" : [ "","valueset ","\"Ethnicity\"",": ","'urn:oid:2.16.840.1.114222.4.11.837'" ]
                  } ]
               }
            } ]
         }, {
            "localId" : "6",
            "locator" : "10:1-10:70",
            "name" : "Medical Reason",
            "id" : "urn:oid:2.16.840.1.113883.3.117.1.7.1.473",
            "accessLevel" : "Public",
            "annotation" : [ {
               "type" : "Annotation",
               "s" : {
                  "r" : "6",
                  "s" : [ {
                     "value" : [ "","valueset ","\"Medical Reason\"",": ","'urn:oid:2.16.840.1.113883.3.117.1.7.1.473'" ]
                  } ]
               }
            } ]
         }, {
            "localId" : "7",
            "locator" : "11:1-11:68",
            "name" : "ONC Administrative Sex",
            "id" : "urn:oid:2.16.840.1.113762.1.4.1",
            "accessLevel" : "Public",
            "annotation" : [ {
               "type" : "Annotation",
               "s" : {
                  "r" : "7",
                  "s" : [ {
                     "value" : [ "","valueset ","\"ONC Administrative Sex\"",": ","'urn:oid:2.16.840.1.113762.1.4.1'" ]
                  } ]
               }
            } ]
         }, {
            "localId" : "8",
            "locator" : "12:1-12:70",
            "name" : "Patient Refusal",
            "id" : "urn:oid:2.16.840.1.113883.3.117.1.7.1.93",
            "accessLevel" : "Public",
            "annotation" : [ {
               "type" : "Annotation",
               "s" : {
                  "r" : "8",
                  "s" : [ {
                     "value" : [ "","valueset ","\"Patient Refusal\"",": ","'urn:oid:2.16.840.1.113883.3.117.1.7.1.93'" ]
                  } ]
               }
            } ]
         }, {
            "localId" : "9",
            "locator" : "13:1-13:55",
            "name" : "Payer",
            "id" : "urn:oid:2.16.840.1.114222.4.11.3591",
            "accessLevel" : "Public",
            "annotation" : [ {
               "type" : "Annotation",
               "s" : {
                  "r" : "9",
                  "s" : [ {
                     "value" : [ "","valueset ","\"Payer\"",": ","'urn:oid:2.16.840.1.114222.4.11.3591'" ]
                  } ]
               }
            } ]
         }, {
            "localId" : "10",
            "locator" : "14:1-14:112",
            "name" : "Pharmacological Contraindications For Antithrombotic Therapy",
            "id" : "urn:oid:2.16.840.1.113762.1.4.1110.52",
            "accessLevel" : "Public",
            "annotation" : [ {
               "type" : "Annotation",
               "s" : {
                  "r" : "10",
                  "s" : [ {
                     "value" : [ "","valueset ","\"Pharmacological Contraindications For Antithrombotic Therapy\"",": ","'urn:oid:2.16.840.1.113762.1.4.1110.52'" ]
                  } ]
               }
            } ]
         }, {
            "localId" : "11",
            "locator" : "15:1-15:53",
            "name" : "Race",
            "id" : "urn:oid:2.16.840.1.114222.4.11.836",
            "accessLevel" : "Public",
            "annotation" : [ {
               "type" : "Annotation",
               "s" : {
                  "r" : "11",
                  "s" : [ {
                     "value" : [ "","valueset ","\"Race\"",": ","'urn:oid:2.16.840.1.114222.4.11.836'" ]
                  } ]
               }
            } ]
         } ]
      },
      "contexts" : {
         "def" : [ {
            "locator" : "17:1-17:15",
            "name" : "Patient"
         } ]
      },
      "statements" : {
         "def" : [ {
            "locator" : "17:1-17:15",
            "name" : "Patient",
            "context" : "Patient",
            "expression" : {
               "type" : "SingletonFrom",
               "operand" : {
                  "locator" : "17:1-17:15",
                  "dataType" : "{urn:healthit-gov:qdm:v5_6}Patient",
                  "templateId" : "Patient",
                  "type" : "Retrieve"
               }
            }
         }, {
            "localId" : "13",
            "locator" : "19:1-20:51",
            "name" : "SDE Ethnicity",
            "context" : "Patient",
            "accessLevel" : "Public",
            "annotation" : [ {
               "type" : "Annotation",
               "s" : {
                  "r" : "13",
                  "s" : [ {
                     "value" : [ "","define ","\"SDE Ethnicity\"",":\n  " ]
                  }, {
                     "r" : "12",
                     "s" : [ {
                        "value" : [ "[","\"Patient Characteristic Ethnicity\"",": " ]
                     }, {
                        "s" : [ {
                           "value" : [ "\"Ethnicity\"" ]
                        } ]
                     }, {
                        "value" : [ "]" ]
                     } ]
                  } ]
               }
            } ],
            "expression" : {
               "localId" : "12",
               "locator" : "20:3-20:51",
               "dataType" : "{urn:healthit-gov:qdm:v5_6}PatientCharacteristicEthnicity",
               "codeProperty" : "code",
               "codeComparator" : "in",
               "type" : "Retrieve",
               "codes" : {
                  "locator" : "20:40-20:50",
                  "name" : "Ethnicity",
                  "type" : "ValueSetRef"
               }
            }
         }, {
            "localId" : "15",
            "locator" : "22:1-23:43",
            "name" : "SDE Payer",
            "context" : "Patient",
            "accessLevel" : "Public",
            "annotation" : [ {
               "type" : "Annotation",
               "s" : {
                  "r" : "15",
                  "s" : [ {
                     "value" : [ "","define ","\"SDE Payer\"",":\n  " ]
                  }, {
                     "r" : "14",
                     "s" : [ {
                        "value" : [ "[","\"Patient Characteristic Payer\"",": " ]
                     }, {
                        "s" : [ {
                           "value" : [ "\"Payer\"" ]
                        } ]
                     }, {
                        "value" : [ "]" ]
                     } ]
                  } ]
               }
            } ],
            "expression" : {
               "localId" : "14",
               "locator" : "23:3-23:43",
               "dataType" : "{urn:healthit-gov:qdm:v5_6}PatientCharacteristicPayer",
               "codeProperty" : "code",
               "codeComparator" : "in",
               "type" : "Retrieve",
               "codes" : {
                  "locator" : "23:36-23:42",
                  "name" : "Payer",
                  "type" : "ValueSetRef"
               }
            }
         }, {
            "localId" : "17",
            "locator" : "25:1-26:41",
            "name" : "SDE Race",
            "context" : "Patient",
            "accessLevel" : "Public",
            "annotation" : [ {
               "type" : "Annotation",
               "s" : {
                  "r" : "17",
                  "s" : [ {
                     "value" : [ "","define ","\"SDE Race\"",":\n  " ]
                  }, {
                     "r" : "16",
                     "s" : [ {
                        "value" : [ "[","\"Patient Characteristic Race\"",": " ]
                     }, {
                        "s" : [ {
                           "value" : [ "\"Race\"" ]
                        } ]
                     }, {
                        "value" : [ "]" ]
                     } ]
                  } ]
               }
            } ],
            "expression" : {
               "localId" : "16",
               "locator" : "26:3-26:41",
               "dataType" : "{urn:healthit-gov:qdm:v5_6}PatientCharacteristicRace",
               "codeProperty" : "code",
               "codeComparator" : "in",
               "type" : "Retrieve",
               "codes" : {
                  "locator" : "26:35-26:40",
                  "name" : "Race",
                  "type" : "ValueSetRef"
               }
            }
         }, {
            "localId" : "19",
            "locator" : "28:1-29:58",
            "name" : "SDE Sex",
            "context" : "Patient",
            "accessLevel" : "Public",
            "annotation" : [ {
               "type" : "Annotation",
               "s" : {
                  "r" : "19",
                  "s" : [ {
                     "value" : [ "","define ","\"SDE Sex\"",":\n  " ]
                  }, {
                     "r" : "18",
                     "s" : [ {
                        "value" : [ "[","\"Patient Characteristic Sex\"",": " ]
                     }, {
                        "s" : [ {
                           "value" : [ "\"ONC Administrative Sex\"" ]
                        } ]
                     }, {
                        "value" : [ "]" ]
                     } ]
                  } ]
               }
            } ],
            "expression" : {
               "localId" : "18",
               "locator" : "29:3-29:58",
               "dataType" : "{urn:healthit-gov:qdm:v5_6}PatientCharacteristicSex",
               "codeProperty" : "code",
               "codeComparator" : "in",
               "type" : "Retrieve",
               "codes" : {
                  "locator" : "29:34-29:57",
                  "name" : "ONC Administrative Sex",
                  "type" : "ValueSetRef"
               }
            }
         }, {
            "localId" : "21",
            "locator" : "31:1-32:53",
            "name" : "Antithrombotic Therapy at Discharge",
            "context" : "Patient",
            "accessLevel" : "Public",
            "annotation" : [ {
               "type" : "Annotation",
               "s" : {
                  "r" : "21",
                  "s" : [ {
                     "value" : [ "","define ","\"Antithrombotic Therapy at Discharge\"",":\n  " ]
                  }, {
                     "r" : "20",
                     "s" : [ {
                        "value" : [ "[","\"Medication, Discharge\"",": " ]
                     }, {
                        "s" : [ {
                           "value" : [ "\"Antithrombotic Therapy\"" ]
                        } ]
                     }, {
                        "value" : [ "]" ]
                     } ]
                  } ]
               }
            } ],
            "expression" : {
               "localId" : "20",
               "locator" : "32:3-32:53",
               "dataType" : "{urn:healthit-gov:qdm:v5_6}PositiveMedicationDischarge",
               "templateId" : "PositiveMedicationDischarge",
               "codeProperty" : "code",
               "codeComparator" : "in",
               "type" : "Retrieve",
               "codes" : {
                  "locator" : "32:29-32:52",
                  "name" : "Antithrombotic Therapy",
                  "type" : "ValueSetRef"
               }
            }
         }, {
            "localId" : "24",
            "locator" : "34:1-35:33",
            "name" : "Denominator",
            "context" : "Patient",
            "accessLevel" : "Public",
            "annotation" : [ {
               "type" : "Annotation",
               "s" : {
                  "r" : "24",
                  "s" : [ {
                     "value" : [ "","define ","\"Denominator\"",":\n  " ]
                  }, {
                     "r" : "23",
                     "s" : [ {
                        "r" : "22",
                        "s" : [ {
                           "value" : [ "TJC" ]
                        } ]
                     }, {
                        "value" : [ "." ]
                     }, {
                        "r" : "23",
                        "s" : [ {
                           "value" : [ "\"Ischemic Stroke Encounter\"" ]
                        } ]
                     } ]
                  } ]
               }
            } ],
            "expression" : {
               "localId" : "23",
               "locator" : "35:3-35:33",
               "name" : "Ischemic Stroke Encounter",
               "libraryName" : "TJC",
               "type" : "ExpressionRef"
            }
         }, {
            "localId" : "36",
            "locator" : "37:1-40:100",
            "name" : "Numerator",
            "context" : "Patient",
            "accessLevel" : "Public",
            "annotation" : [ {
               "type" : "Annotation",
               "s" : {
                  "r" : "36",
                  "s" : [ {
                     "value" : [ "","define ","\"Numerator\"",":\n  " ]
                  }, {
                     "r" : "35",
                     "s" : [ {
                        "s" : [ {
                           "r" : "26",
                           "s" : [ {
                              "r" : "25",
                              "s" : [ {
                                 "s" : [ {
                                    "value" : [ "TJC",".","\"Ischemic Stroke Encounter\"" ]
                                 } ]
                              } ]
                           }, {
                              "value" : [ " ","IschemicStrokeEncounter" ]
                           } ]
                        } ]
                     }, {
                        "value" : [ "\n    " ]
                     }, {
                        "r" : "34",
                        "s" : [ {
                           "value" : [ "with " ]
                        }, {
                           "r" : "28",
                           "s" : [ {
                              "r" : "27",
                              "s" : [ {
                                 "s" : [ {
                                    "value" : [ "\"Antithrombotic Therapy at Discharge\"" ]
                                 } ]
                              } ]
                           }, {
                              "value" : [ " ","DischargeAntithrombotic" ]
                           } ]
                        }, {
                           "value" : [ "\n      such that " ]
                        }, {
                           "r" : "33",
                           "s" : [ {
                              "r" : "30",
                              "s" : [ {
                                 "r" : "29",
                                 "s" : [ {
                                    "value" : [ "DischargeAntithrombotic" ]
                                 } ]
                              }, {
                                 "value" : [ "." ]
                              }, {
                                 "r" : "30",
                                 "s" : [ {
                                    "value" : [ "authorDatetime" ]
                                 } ]
                              } ]
                           }, {
                              "r" : "33",
                              "value" : [ " ","during"," " ]
                           }, {
                              "r" : "32",
                              "s" : [ {
                                 "r" : "31",
                                 "s" : [ {
                                    "value" : [ "IschemicStrokeEncounter" ]
                                 } ]
                              }, {
                                 "value" : [ "." ]
                              }, {
                                 "r" : "32",
                                 "s" : [ {
                                    "value" : [ "relevantPeriod" ]
                                 } ]
                              } ]
                           } ]
                        } ]
                     } ]
                  } ]
               }
            } ],
            "expression" : {
               "localId" : "35",
               "locator" : "38:3-40:100",
               "type" : "Query",
               "source" : [ {
                  "localId" : "26",
                  "locator" : "38:3-38:57",
                  "alias" : "IschemicStrokeEncounter",
                  "expression" : {
                     "localId" : "25",
                     "locator" : "38:3-38:33",
                     "name" : "Ischemic Stroke Encounter",
                     "libraryName" : "TJC",
                     "type" : "ExpressionRef"
                  }
               } ],
               "relationship" : [ {
                  "localId" : "34",
                  "locator" : "39:5-40:100",
                  "alias" : "DischargeAntithrombotic",
                  "type" : "With",
                  "expression" : {
                     "localId" : "27",
                     "locator" : "39:10-39:46",
                     "name" : "Antithrombotic Therapy at Discharge",
                     "type" : "ExpressionRef"
                  },
                  "suchThat" : {
                     "localId" : "33",
                     "locator" : "40:17-40:100",
                     "type" : "In",
                     "operand" : [ {
                        "localId" : "30",
                        "locator" : "40:17-40:54",
                        "path" : "authorDatetime",
                        "scope" : "DischargeAntithrombotic",
                        "type" : "Property"
                     }, {
                        "localId" : "32",
                        "locator" : "40:63-40:100",
                        "path" : "relevantPeriod",
                        "scope" : "IschemicStrokeEncounter",
                        "type" : "Property"
                     } ]
                  }
               } ]
            }
         }, {
            "localId" : "39",
            "locator" : "42:1-43:50",
            "name" : "Initial Population",
            "context" : "Patient",
            "accessLevel" : "Public",
            "annotation" : [ {
               "type" : "Annotation",
               "s" : {
                  "r" : "39",
                  "s" : [ {
                     "value" : [ "","define ","\"Initial Population\"",":\n  " ]
                  }, {
                     "r" : "38",
                     "s" : [ {
                        "r" : "37",
                        "s" : [ {
                           "value" : [ "TJC" ]
                        } ]
                     }, {
                        "value" : [ "." ]
                     }, {
                        "r" : "38",
                        "s" : [ {
                           "value" : [ "\"Encounter with Principal Diagnosis and Age\"" ]
                        } ]
                     } ]
                  } ]
               }
            } ],
            "expression" : {
               "localId" : "38",
               "locator" : "43:3-43:50",
               "name" : "Encounter with Principal Diagnosis and Age",
               "libraryName" : "TJC",
               "type" : "ExpressionRef"
            }
         }, {
            "localId" : "54",
            "locator" : "63:1-66:73",
            "name" : "Reason for Not Giving Antithrombotic at Discharge",
            "context" : "Patient",
            "accessLevel" : "Public",
            "annotation" : [ {
               "type" : "Annotation",
               "s" : {
                  "r" : "54",
                  "s" : [ {
                     "value" : [ "","define ","\"Reason for Not Giving Antithrombotic at Discharge\"",":\n  " ]
                  }, {
                     "r" : "53",
                     "s" : [ {
                        "s" : [ {
                           "r" : "43",
                           "s" : [ {
                              "r" : "42",
                              "s" : [ {
                                 "r" : "42",
                                 "s" : [ {
                                    "value" : [ "[","\"Medication, Not Discharged\"",": " ]
                                 }, {
                                    "s" : [ {
                                       "value" : [ "\"Antithrombotic Therapy\"" ]
                                    } ]
                                 }, {
                                    "value" : [ "]" ]
                                 } ]
                              } ]
                           }, {
                              "value" : [ " ","NoAntithromboticDischarge" ]
                           } ]
                        } ]
                     }, {
                        "value" : [ "\n    " ]
                     }, {
                        "r" : "52",
                        "s" : [ {
                           "value" : [ "where " ]
                        }, {
                           "r" : "52",
                           "s" : [ {
                              "r" : "47",
                              "s" : [ {
                                 "r" : "45",
                                 "s" : [ {
                                    "r" : "44",
                                    "s" : [ {
                                       "value" : [ "NoAntithromboticDischarge" ]
                                    } ]
                                 }, {
                                    "value" : [ "." ]
                                 }, {
                                    "r" : "45",
                                    "s" : [ {
                                       "value" : [ "negationRationale" ]
                                    } ]
                                 } ]
                              }, {
                                 "value" : [ " in " ]
                              }, {
                                 "r" : "46",
                                 "s" : [ {
                                    "value" : [ "\"Medical Reason\"" ]
                                 } ]
                              } ]
                           }, {
                              "value" : [ "\n      or " ]
                           }, {
                              "r" : "51",
                              "s" : [ {
                                 "r" : "49",
                                 "s" : [ {
                                    "r" : "48",
                                    "s" : [ {
                                       "value" : [ "NoAntithromboticDischarge" ]
                                    } ]
                                 }, {
                                    "value" : [ "." ]
                                 }, {
                                    "r" : "49",
                                    "s" : [ {
                                       "value" : [ "negationRationale" ]
                                    } ]
                                 } ]
                              }, {
                                 "value" : [ " in " ]
                              }, {
                                 "r" : "50",
                                 "s" : [ {
                                    "value" : [ "\"Patient Refusal\"" ]
                                 } ]
                              } ]
                           } ]
                        } ]
                     } ]
                  } ]
               }
            } ],
            "expression" : {
               "localId" : "53",
               "locator" : "64:3-66:73",
               "type" : "Query",
               "source" : [ {
                  "localId" : "43",
                  "locator" : "64:3-64:84",
                  "alias" : "NoAntithromboticDischarge",
                  "expression" : {
                     "localId" : "42",
                     "locator" : "64:3-64:58",
                     "dataType" : "{urn:healthit-gov:qdm:v5_6}NegativeMedicationDischarge",
                     "templateId" : "NegativeMedicationDischarge",
                     "codeProperty" : "code",
                     "codeComparator" : "in",
                     "type" : "Retrieve",
                     "codes" : {
                        "locator" : "64:34-64:57",
                        "name" : "Antithrombotic Therapy",
                        "type" : "ValueSetRef"
                     }
                  }
               } ],
               "relationship" : [ ],
               "where" : {
                  "localId" : "52",
                  "locator" : "65:5-66:73",
                  "type" : "Or",
                  "operand" : [ {
                     "localId" : "47",
                     "locator" : "65:11-65:73",
                     "type" : "InValueSet",
                     "code" : {
                        "localId" : "45",
                        "locator" : "65:11-65:53",
                        "path" : "negationRationale",
                        "scope" : "NoAntithromboticDischarge",
                        "type" : "Property"
                     },
                     "valueset" : {
                        "localId" : "46",
                        "locator" : "65:58-65:73",
                        "name" : "Medical Reason",
                        "type" : "ValueSetRef"
                     }
                  }, {
                     "localId" : "51",
                     "locator" : "66:10-66:73",
                     "type" : "InValueSet",
                     "code" : {
                        "localId" : "49",
                        "locator" : "66:10-66:52",
                        "path" : "negationRationale",
                        "scope" : "NoAntithromboticDischarge",
                        "type" : "Property"
                     },
                     "valueset" : {
                        "localId" : "50",
                        "locator" : "66:57-66:73",
                        "name" : "Patient Refusal",
                        "type" : "ValueSetRef"
                     }
                  } ]
               }
            }
         }, {
            "localId" : "64",
            "locator" : "53:1-56:102",
            "name" : "Encounter with No Antithrombotic At Discharge",
            "context" : "Patient",
            "accessLevel" : "Public",
            "annotation" : [ {
               "type" : "Annotation",
               "s" : {
                  "r" : "64",
                  "s" : [ {
                     "value" : [ "","define ","\"Encounter with No Antithrombotic At Discharge\"",":\n  " ]
                  }, {
                     "r" : "63",
                     "s" : [ {
                        "s" : [ {
                           "r" : "41",
                           "s" : [ {
                              "r" : "40",
                              "s" : [ {
                                 "s" : [ {
                                    "value" : [ "TJC",".","\"Ischemic Stroke Encounter\"" ]
                                 } ]
                              } ]
                           }, {
                              "value" : [ " ","IschemicStrokeEncounter" ]
                           } ]
                        } ]
                     }, {
                        "value" : [ "\n    " ]
                     }, {
                        "r" : "62",
                        "s" : [ {
                           "value" : [ "with " ]
                        }, {
                           "r" : "56",
                           "s" : [ {
                              "r" : "55",
                              "s" : [ {
                                 "s" : [ {
                                    "value" : [ "\"Reason for Not Giving Antithrombotic at Discharge\"" ]
                                 } ]
                              } ]
                           }, {
                              "value" : [ " ","NoDischargeAntithrombotic" ]
                           } ]
                        }, {
                           "value" : [ "\n      such that " ]
                        }, {
                           "r" : "61",
                           "s" : [ {
                              "r" : "58",
                              "s" : [ {
                                 "r" : "57",
                                 "s" : [ {
                                    "value" : [ "NoDischargeAntithrombotic" ]
                                 } ]
                              }, {
                                 "value" : [ "." ]
                              }, {
                                 "r" : "58",
                                 "s" : [ {
                                    "value" : [ "authorDatetime" ]
                                 } ]
                              } ]
                           }, {
                              "r" : "61",
                              "value" : [ " ","during"," " ]
                           }, {
                              "r" : "60",
                              "s" : [ {
                                 "r" : "59",
                                 "s" : [ {
                                    "value" : [ "IschemicStrokeEncounter" ]
                                 } ]
                              }, {
                                 "value" : [ "." ]
                              }, {
                                 "r" : "60",
                                 "s" : [ {
                                    "value" : [ "relevantPeriod" ]
                                 } ]
                              } ]
                           } ]
                        } ]
                     } ]
                  } ]
               }
            } ],
            "expression" : {
               "localId" : "63",
               "locator" : "54:3-56:102",
               "type" : "Query",
               "source" : [ {
                  "localId" : "41",
                  "locator" : "54:3-54:57",
                  "alias" : "IschemicStrokeEncounter",
                  "expression" : {
                     "localId" : "40",
                     "locator" : "54:3-54:33",
                     "name" : "Ischemic Stroke Encounter",
                     "libraryName" : "TJC",
                     "type" : "ExpressionRef"
                  }
               } ],
               "relationship" : [ {
                  "localId" : "62",
                  "locator" : "55:5-56:102",
                  "alias" : "NoDischargeAntithrombotic",
                  "type" : "With",
                  "expression" : {
                     "localId" : "55",
                     "locator" : "55:10-55:60",
                     "name" : "Reason for Not Giving Antithrombotic at Discharge",
                     "type" : "ExpressionRef"
                  },
                  "suchThat" : {
                     "localId" : "61",
                     "locator" : "56:17-56:102",
                     "type" : "In",
                     "operand" : [ {
                        "localId" : "58",
                        "locator" : "56:17-56:56",
                        "path" : "authorDatetime",
                        "scope" : "NoDischargeAntithrombotic",
                        "type" : "Property"
                     }, {
                        "localId" : "60",
                        "locator" : "56:65-56:102",
                        "path" : "relevantPeriod",
                        "scope" : "IschemicStrokeEncounter",
                        "type" : "Property"
                     } ]
                  }
               } ]
            }
         }, {
            "localId" : "77",
            "locator" : "58:1-61:92",
            "name" : "Encounter with Pharmacological Contraindications for Antithrombotic Therapy at Discharge",
            "context" : "Patient",
            "accessLevel" : "Public",
            "annotation" : [ {
               "type" : "Annotation",
               "s" : {
                  "r" : "77",
                  "s" : [ {
                     "value" : [ "","define ","\"Encounter with Pharmacological Contraindications for Antithrombotic Therapy at Discharge\"",":\n  " ]
                  }, {
                     "r" : "76",
                     "s" : [ {
                        "s" : [ {
                           "r" : "67",
                           "s" : [ {
                              "r" : "66",
                              "s" : [ {
                                 "s" : [ {
                                    "value" : [ "TJC",".","\"Ischemic Stroke Encounter\"" ]
                                 } ]
                              } ]
                           }, {
                              "value" : [ " ","IschemicStrokeEncounter" ]
                           } ]
                        } ]
                     }, {
                        "value" : [ "\n    " ]
                     }, {
                        "r" : "75",
                        "s" : [ {
                           "value" : [ "with " ]
                        }, {
                           "r" : "69",
                           "s" : [ {
                              "r" : "68",
                              "s" : [ {
                                 "r" : "68",
                                 "s" : [ {
                                    "value" : [ "[","\"Medication, Discharge\"",": " ]
                                 }, {
                                    "s" : [ {
                                       "value" : [ "\"Pharmacological Contraindications For Antithrombotic Therapy\"" ]
                                    } ]
                                 }, {
                                    "value" : [ "]" ]
                                 } ]
                              } ]
                           }, {
                              "value" : [ " ","Pharmacological" ]
                           } ]
                        }, {
                           "value" : [ "\n      such that " ]
                        }, {
                           "r" : "74",
                           "s" : [ {
                              "r" : "71",
                              "s" : [ {
                                 "r" : "70",
                                 "s" : [ {
                                    "value" : [ "Pharmacological" ]
                                 } ]
                              }, {
                                 "value" : [ "." ]
                              }, {
                                 "r" : "71",
                                 "s" : [ {
                                    "value" : [ "authorDatetime" ]
                                 } ]
                              } ]
                           }, {
                              "r" : "74",
                              "value" : [ " ","during"," " ]
                           }, {
                              "r" : "73",
                              "s" : [ {
                                 "r" : "72",
                                 "s" : [ {
                                    "value" : [ "IschemicStrokeEncounter" ]
                                 } ]
                              }, {
                                 "value" : [ "." ]
                              }, {
                                 "r" : "73",
                                 "s" : [ {
                                    "value" : [ "relevantPeriod" ]
                                 } ]
                              } ]
                           } ]
                        } ]
                     } ]
                  } ]
               }
            } ],
            "expression" : {
               "localId" : "76",
               "locator" : "59:3-61:92",
               "type" : "Query",
               "source" : [ {
                  "localId" : "67",
                  "locator" : "59:3-59:57",
                  "alias" : "IschemicStrokeEncounter",
                  "expression" : {
                     "localId" : "66",
                     "locator" : "59:3-59:33",
                     "name" : "Ischemic Stroke Encounter",
                     "libraryName" : "TJC",
                     "type" : "ExpressionRef"
                  }
               } ],
               "relationship" : [ {
                  "localId" : "75",
                  "locator" : "60:5-61:92",
                  "alias" : "Pharmacological",
                  "type" : "With",
                  "expression" : {
                     "localId" : "68",
                     "locator" : "60:10-60:98",
                     "dataType" : "{urn:healthit-gov:qdm:v5_6}PositiveMedicationDischarge",
                     "templateId" : "PositiveMedicationDischarge",
                     "codeProperty" : "code",
                     "codeComparator" : "in",
                     "type" : "Retrieve",
                     "codes" : {
                        "locator" : "60:36-60:97",
                        "name" : "Pharmacological Contraindications For Antithrombotic Therapy",
                        "type" : "ValueSetRef"
                     }
                  },
                  "suchThat" : {
                     "localId" : "74",
                     "locator" : "61:17-61:92",
                     "type" : "In",
                     "operand" : [ {
                        "localId" : "71",
                        "locator" : "61:17-61:46",
                        "path" : "authorDatetime",
                        "scope" : "Pharmacological",
                        "type" : "Property"
                     }, {
                        "localId" : "73",
                        "locator" : "61:55-61:92",
                        "path" : "relevantPeriod",
                        "scope" : "IschemicStrokeEncounter",
                        "type" : "Property"
                     } ]
                  }
               } ]
            }
         }, {
            "localId" : "80",
            "locator" : "45:1-47:100",
            "name" : "Denominator Exceptions",
            "context" : "Patient",
            "accessLevel" : "Public",
            "annotation" : [ {
               "type" : "Annotation",
               "s" : {
                  "r" : "80",
                  "s" : [ {
                     "value" : [ "","define ","\"Denominator Exceptions\"",":\n  " ]
                  }, {
                     "r" : "79",
                     "s" : [ {
                        "r" : "65",
                        "s" : [ {
                           "value" : [ "\"Encounter with No Antithrombotic At Discharge\"" ]
                        } ]
                     }, {
                        "value" : [ "\n    union " ]
                     }, {
                        "r" : "78",
                        "s" : [ {
                           "value" : [ "\"Encounter with Pharmacological Contraindications for Antithrombotic Therapy at Discharge\"" ]
                        } ]
                     } ]
                  } ]
               }
            } ],
            "expression" : {
               "localId" : "79",
               "locator" : "46:3-47:100",
               "type" : "Union",
               "operand" : [ {
                  "localId" : "65",
                  "locator" : "46:3-46:49",
                  "name" : "Encounter with No Antithrombotic At Discharge",
                  "type" : "ExpressionRef"
               }, {
                  "localId" : "78",
                  "locator" : "47:11-47:100",
                  "name" : "Encounter with Pharmacological Contraindications for Antithrombotic Therapy at Discharge",
                  "type" : "ExpressionRef"
               } ]
            }
         }, {
            "localId" : "86",
            "locator" : "49:1-51:70",
            "name" : "Denominator Exclusions",
            "context" : "Patient",
            "accessLevel" : "Public",
            "annotation" : [ {
               "type" : "Annotation",
               "s" : {
                  "r" : "86",
                  "s" : [ {
                     "value" : [ "","define ","\"Denominator Exclusions\"",":\n  " ]
                  }, {
                     "r" : "85",
                     "s" : [ {
                        "r" : "82",
                        "s" : [ {
                           "r" : "81",
                           "s" : [ {
                              "value" : [ "TJC" ]
                           } ]
                        }, {
                           "value" : [ "." ]
                        }, {
                           "r" : "82",
                           "s" : [ {
                              "value" : [ "\"Ischemic Stroke Encounters with Discharge Disposition\"" ]
                           } ]
                        } ]
                     }, {
                        "value" : [ "\n    union " ]
                     }, {
                        "r" : "84",
                        "s" : [ {
                           "r" : "83",
                           "s" : [ {
                              "value" : [ "TJC" ]
                           } ]
                        }, {
                           "value" : [ "." ]
                        }, {
                           "r" : "84",
                           "s" : [ {
                              "value" : [ "\"Encounter with Comfort Measures during Hospitalization\"" ]
                           } ]
                        } ]
                     } ]
                  } ]
               }
            } ],
            "expression" : {
               "localId" : "85",
               "locator" : "50:3-51:70",
               "type" : "Union",
               "operand" : [ {
                  "localId" : "82",
                  "locator" : "50:3-50:61",
                  "name" : "Ischemic Stroke Encounters with Discharge Disposition",
                  "libraryName" : "TJC",
                  "type" : "ExpressionRef"
               }, {
                  "localId" : "84",
                  "locator" : "51:11-51:70",
                  "name" : "Encounter with Comfort Measures during Hospitalization",
                  "libraryName" : "TJC",
                  "type" : "ExpressionRef"
               } ]
            }
         } ]
      }
   }
}