<?xml version="1.0" encoding="UTF-8"?>
<library xmlns="urn:hl7-org:elm:r1" xmlns:t="urn:hl7-org:elm-types:r1" xmlns:xsi="http://www.w3.org/2001/XMLSchema-instance" xmlns:xsd="http://www.w3.org/2001/XMLSchema" xmlns:fhir="http://hl7.org/fhir" xmlns:qdm43="urn:healthit-gov:qdm:v4_3" xmlns:qdm53="urn:healthit-gov:qdm:v5_3" xmlns:a="urn:hl7-org:cql-annotations:r1">
   <annotation translatorOptions="EnableAnnotations,EnableLocators,DisableListDemotion,DisableListPromotion,DisableMethodInvocation" xsi:type="a:CqlToElmInfo"/>
   <annotation xsi:type="a:Annotation">
      <a:s r="54">
         <a:s>library DischargedonAntithromboticTherapy version '11.0.000'</a:s>
      </a:s>
   </annotation>
   <identifier id="DischargedonAntithromboticTherapy" version="11.0.000"/>
   <schemaIdentifier id="urn:hl7-org:elm" version="r1"/>
   <usings>
      <def localIdentifier="System" uri="urn:hl7-org:elm-types:r1"/>
      <def localId="1" locator="3:1-3:23" localIdentifier="QDM" uri="urn:healthit-gov:qdm:v5_6" version="5.6">
         <annotation xsi:type="a:Annotation">
            <a:s r="1">
               <a:s>using </a:s>
               <a:s>
                  <a:s>QDM</a:s>
               </a:s>
               <a:s> version '5.6'</a:s>
            </a:s>
         </annotation>
      </def>
   </usings>
   <includes>
      <def localId="2" locator="5:1-5:64" localIdentifier="Global" path="MATGlobalCommonFunctions" version="7.0.000">
         <annotation xsi:type="a:Annotation">
            <a:s r="2">
               <a:s>include </a:s>
               <a:s>
                  <a:s>MATGlobalCommonFunctions</a:s>
               </a:s>
               <a:s> version '7.0.000' called Global</a:s>
            </a:s>
         </annotation>
      </def>
      <def localId="3" locator="6:1-6:47" localIdentifier="TJC" path="TJCOverall" version="6.0.000">
         <annotation xsi:type="a:Annotation">
            <a:s r="3">
               <a:s>include </a:s>
               <a:s>
                  <a:s>TJCOverall</a:s>
               </a:s>
               <a:s> version '6.0.000' called TJC</a:s>
            </a:s>
         </annotation>
      </def>
   </includes>
   <valueSets>
      <def localId="4" locator="8:1-8:74" name="Antithrombotic Therapy" id="urn:oid:2.16.840.1.113762.1.4.1110.62" accessLevel="Public">
         <annotation xsi:type="a:Annotation">
            <a:s r="4">
               <a:s>valueset &quot;Antithrombotic Therapy&quot;: 'urn:oid:2.16.840.1.113762.1.4.1110.62'</a:s>
            </a:s>
         </annotation>
      </def>
      <def localId="5" locator="9:1-9:58" name="Ethnicity" id="urn:oid:2.16.840.1.114222.4.11.837" accessLevel="Public">
         <annotation xsi:type="a:Annotation">
            <a:s r="5">
               <a:s>valueset &quot;Ethnicity&quot;: 'urn:oid:2.16.840.1.114222.4.11.837'</a:s>
            </a:s>
         </annotation>
      </def>
      <def localId="6" locator="10:1-10:70" name="Medical Reason" id="urn:oid:2.16.840.1.113883.3.117.1.7.1.473" accessLevel="Public">
         <annotation xsi:type="a:Annotation">
            <a:s r="6">
               <a:s>valueset &quot;Medical Reason&quot;: 'urn:oid:2.16.840.1.113883.3.117.1.7.1.473'</a:s>
            </a:s>
         </annotation>
      </def>
      <def localId="7" locator="11:1-11:68" name="ONC Administrative Sex" id="urn:oid:2.16.840.1.113762.1.4.1" accessLevel="Public">
         <annotation xsi:type="a:Annotation">
            <a:s r="7">
               <a:s>valueset &quot;ONC Administrative Sex&quot;: 'urn:oid:2.16.840.1.113762.1.4.1'</a:s>
            </a:s>
         </annotation>
      </def>
      <def localId="8" locator="12:1-12:70" name="Patient Refusal" id="urn:oid:2.16.840.1.113883.3.117.1.7.1.93" accessLevel="Public">
         <annotation xsi:type="a:Annotation">
            <a:s r="8">
               <a:s>valueset &quot;Patient Refusal&quot;: 'urn:oid:2.16.840.1.113883.3.117.1.7.1.93'</a:s>
            </a:s>
         </annotation>
      </def>
      <def localId="9" locator="13:1-13:55" name="Payer" id="urn:oid:2.16.840.1.114222.4.11.3591" accessLevel="Public">
         <annotation xsi:type="a:Annotation">
            <a:s r="9">
               <a:s>valueset &quot;Payer&quot;: 'urn:oid:2.16.840.1.114222.4.11.3591'</a:s>
            </a:s>
         </annotation>
      </def>
      <def localId="10" locator="14:1-14:112" name="Pharmacological Contraindications For Antithrombotic Therapy" id="urn:oid:2.16.840.1.113762.1.4.1110.52" accessLevel="Public">
         <annotation xsi:type="a:Annotation">
            <a:s r="10">
               <a:s>valueset &quot;Pharmacological Contraindications For Antithrombotic Therapy&quot;: 'urn:oid:2.16.840.1.113762.1.4.1110.52'</a:s>
            </a:s>
         </annotation>
      </def>
      <def localId="11" locator="15:1-15:53" name="Race" id="urn:oid:2.16.840.1.114222.4.11.836" accessLevel="Public">
         <annotation xsi:type="a:Annotation">
            <a:s r="11">
               <a:s>valueset &quot;Race&quot;: 'urn:oid:2.16.840.1.114222.4.11.836'</a:s>
            </a:s>
         </annotation>
      </def>
   </valueSets>
   <contexts>
      <def locator="17:1-17:15" name="Patient"/>
   </contexts>
   <statements>
      <def locator="17:1-17:15" name="Patient" context="Patient">
         <expression xsi:type="SingletonFrom">
            <operand locator="17:1-17:15" xmlns:ns0="urn:healthit-gov:qdm:v5_6" dataType="ns0:Patient" templateId="Patient" xsi:type="Retrieve"/>
         </expression>
      </def>
      <def localId="13" locator="19:1-20:51" name="SDE Ethnicity" context="Patient" accessLevel="Public">
         <annotation xsi:type="a:Annotation">
            <a:s r="13">
               <a:s>define &quot;SDE Ethnicity&quot;:
  </a:s>
               <a:s r="12">
                  <a:s>[&quot;Patient Characteristic Ethnicity&quot;: </a:s>
                  <a:s>
                     <a:s>&quot;Ethnicity&quot;</a:s>
                  </a:s>
                  <a:s>]</a:s>
               </a:s>
            </a:s>
         </annotation>
         <expression localId="12" locator="20:3-20:51" xmlns:ns1="urn:healthit-gov:qdm:v5_6" dataType="ns1:PatientCharacteristicEthnicity" codeProperty="code" codeComparator="in" xsi:type="Retrieve">
            <codes locator="20:40-20:50" name="Ethnicity" xsi:type="ValueSetRef"/>
         </expression>
      </def>
      <def localId="15" locator="22:1-23:43" name="SDE Payer" context="Patient" accessLevel="Public">
         <annotation xsi:type="a:Annotation">
            <a:s r="15">
               <a:s>define &quot;SDE Payer&quot;:
  </a:s>
               <a:s r="14">
                  <a:s>[&quot;Patient Characteristic Payer&quot;: </a:s>
                  <a:s>
                     <a:s>&quot;Payer&quot;</a:s>
                  </a:s>
                  <a:s>]</a:s>
               </a:s>
            </a:s>
         </annotation>
         <expression localId="14" locator="23:3-23:43" xmlns:ns2="urn:healthit-gov:qdm:v5_6" dataType="ns2:PatientCharacteristicPayer" codeProperty="code" codeComparator="in" xsi:type="Retrieve">
            <codes locator="23:36-23:42" name="Payer" xsi:type="ValueSetRef"/>
         </expression>
      </def>
      <def localId="17" locator="25:1-26:41" name="SDE Race" context="Patient" accessLevel="Public">
         <annotation xsi:type="a:Annotation">
            <a:s r="17">
               <a:s>define &quot;SDE Race&quot;:
  </a:s>
               <a:s r="16">
                  <a:s>[&quot;Patient Characteristic Race&quot;: </a:s>
                  <a:s>
                     <a:s>&quot;Race&quot;</a:s>
                  </a:s>
                  <a:s>]</a:s>
               </a:s>
            </a:s>
         </annotation>
         <expression localId="16" locator="26:3-26:41" xmlns:ns3="urn:healthit-gov:qdm:v5_6" dataType="ns3:PatientCharacteristicRace" codeProperty="code" codeComparator="in" xsi:type="Retrieve">
            <codes locator="26:35-26:40" name="Race" xsi:type="ValueSetRef"/>
         </expression>
      </def>
      <def localId="19" locator="28:1-29:58" name="SDE Sex" context="Patient" accessLevel="Public">
         <annotation xsi:type="a:Annotation">
            <a:s r="19">
               <a:s>define &quot;SDE Sex&quot;:
  </a:s>
               <a:s r="18">
                  <a:s>[&quot;Patient Characteristic Sex&quot;: </a:s>
                  <a:s>
                     <a:s>&quot;ONC Administrative Sex&quot;</a:s>
                  </a:s>
                  <a:s>]</a:s>
               </a:s>
            </a:s>
         </annotation>
         <expression localId="18" locator="29:3-29:58" xmlns:ns4="urn:healthit-gov:qdm:v5_6" dataType="ns4:PatientCharacteristicSex" codeProperty="code" codeComparator="in" xsi:type="Retrieve">
            <codes locator="29:34-29:57" name="ONC Administrative Sex" xsi:type="ValueSetRef"/>
         </expression>
      </def>
      <def localId="21" locator="31:1-32:53" name="Antithrombotic Therapy at Discharge" context="Patient" accessLevel="Public">
         <annotation xsi:type="a:Annotation">
            <a:s r="21">
               <a:s>define &quot;Antithrombotic Therapy at Discharge&quot;:
  </a:s>
               <a:s r="20">
                  <a:s>[&quot;Medication, Discharge&quot;: </a:s>
                  <a:s>
                     <a:s>&quot;Antithrombotic Therapy&quot;</a:s>
                  </a:s>
                  <a:s>]</a:s>
               </a:s>
            </a:s>
         </annotation>
         <expression localId="20" locator="32:3-32:53" xmlns:ns5="urn:healthit-gov:qdm:v5_6" dataType="ns5:PositiveMedicationDischarge" templateId="PositiveMedicationDischarge" codeProperty="code" codeComparator="in" xsi:type="Retrieve">
            <codes locator="32:29-32:52" name="Antithrombotic Therapy" xsi:type="ValueSetRef"/>
         </expression>
      </def>
      <def localId="24" locator="34:1-35:33" name="Denominator" context="Patient" accessLevel="Public">
         <annotation xsi:type="a:Annotation">
            <a:s r="24">
               <a:s>define &quot;Denominator&quot;:
  </a:s>
               <a:s r="23">
                  <a:s r="22">
                     <a:s>TJC</a:s>
                  </a:s>
                  <a:s>.</a:s>
                  <a:s r="23">
                     <a:s>&quot;Ischemic Stroke Encounter&quot;</a:s>
                  </a:s>
               </a:s>
            </a:s>
         </annotation>
         <expression localId="23" locator="35:3-35:33" name="Ischemic Stroke Encounter" libraryName="TJC" xsi:type="ExpressionRef"/>
      </def>
      <def localId="36" locator="37:1-40:100" name="Numerator" context="Patient" accessLevel="Public">
         <annotation xsi:type="a:Annotation">
            <a:s r="36">
               <a:s>define &quot;Numerator&quot;:
  </a:s>
               <a:s r="35">
                  <a:s>
                     <a:s r="26">
                        <a:s r="25">
                           <a:s>
                              <a:s>TJC.&quot;Ischemic Stroke Encounter&quot;</a:s>
                           </a:s>
                        </a:s>
                        <a:s> IschemicStrokeEncounter</a:s>
                     </a:s>
                  </a:s>
                  <a:s>
    </a:s>
                  <a:s r="34">
                     <a:s>with </a:s>
                     <a:s r="28">
                        <a:s r="27">
                           <a:s>
                              <a:s>&quot;Antithrombotic Therapy at Discharge&quot;</a:s>
                           </a:s>
                        </a:s>
                        <a:s> DischargeAntithrombotic</a:s>
                     </a:s>
                     <a:s>
      such that </a:s>
                     <a:s r="33">
                        <a:s r="30">
                           <a:s r="29">
                              <a:s>DischargeAntithrombotic</a:s>
                           </a:s>
                           <a:s>.</a:s>
                           <a:s r="30">
                              <a:s>authorDatetime</a:s>
                           </a:s>
                        </a:s>
                        <a:s r="33"> during </a:s>
                        <a:s r="32">
                           <a:s r="31">
                              <a:s>IschemicStrokeEncounter</a:s>
                           </a:s>
                           <a:s>.</a:s>
                           <a:s r="32">
                              <a:s>relevantPeriod</a:s>
                           </a:s>
                        </a:s>
                     </a:s>
                  </a:s>
               </a:s>
            </a:s>
         </annotation>
         <expression localId="35" locator="38:3-40:100" xsi:type="Query">
            <source localId="26" locator="38:3-38:57" alias="IschemicStrokeEncounter">
               <expression localId="25" locator="38:3-38:33" name="Ischemic Stroke Encounter" libraryName="TJC" xsi:type="ExpressionRef"/>
            </source>
            <relationship localId="34" locator="39:5-40:100" alias="DischargeAntithrombotic" xsi:type="With">
               <expression localId="27" locator="39:10-39:46" name="Antithrombotic Therapy at Discharge" xsi:type="ExpressionRef"/>
               <suchThat localId="33" locator="40:17-40:100" xsi:type="In">
                  <operand localId="30" locator="40:17-40:54" path="authorDatetime" scope="DischargeAntithrombotic" xsi:type="Property"/>
                  <operand localId="32" locator="40:63-40:100" path="relevantPeriod" scope="IschemicStrokeEncounter" xsi:type="Property"/>
               </suchThat>
            </relationship>
         </expression>
      </def>
      <def localId="39" locator="42:1-43:50" name="Initial Population" context="Patient" accessLevel="Public">
         <annotation xsi:type="a:Annotation">
            <a:s r="39">
               <a:s>define &quot;Initial Population&quot;:
  </a:s>
               <a:s r="38">
                  <a:s r="37">
                     <a:s>TJC</a:s>
                  </a:s>
                  <a:s>.</a:s>
                  <a:s r="38">
                     <a:s>&quot;Encounter with Principal Diagnosis and Age&quot;</a:s>
                  </a:s>
               </a:s>
            </a:s>
         </annotation>
         <expression localId="38" locator="43:3-43:50" name="Encounter with Principal Diagnosis and Age" libraryName="TJC" xsi:type="ExpressionRef"/>
      </def>
      <def localId="54" locator="63:1-66:73" name="Reason for Not Giving Antithrombotic at Discharge" context="Patient" accessLevel="Public">
         <annotation xsi:type="a:Annotation">
            <a:s r="54">
               <a:s>define &quot;Reason for Not Giving Antithrombotic at Discharge&quot;:
  </a:s>
               <a:s r="53">
                  <a:s>
                     <a:s r="43">
                        <a:s r="42">
                           <a:s r="42">
                              <a:s>[&quot;Medication, Not Discharged&quot;: </a:s>
                              <a:s>
                                 <a:s>&quot;Antithrombotic Therapy&quot;</a:s>
                              </a:s>
                              <a:s>]</a:s>
                           </a:s>
                        </a:s>
                        <a:s> NoAntithromboticDischarge</a:s>
                     </a:s>
                  </a:s>
                  <a:s>
    </a:s>
                  <a:s r="52">
                     <a:s>where </a:s>
                     <a:s r="52">
                        <a:s r="47">
                           <a:s r="45">
                              <a:s r="44">
                                 <a:s>NoAntithromboticDischarge</a:s>
                              </a:s>
                              <a:s>.</a:s>
                              <a:s r="45">
                                 <a:s>negationRationale</a:s>
                              </a:s>
                           </a:s>
                           <a:s> in </a:s>
                           <a:s r="46">
                              <a:s>&quot;Medical Reason&quot;</a:s>
                           </a:s>
                        </a:s>
                        <a:s>
      or </a:s>
                        <a:s r="51">
                           <a:s r="49">
                              <a:s r="48">
                                 <a:s>NoAntithromboticDischarge</a:s>
                              </a:s>
                              <a:s>.</a:s>
                              <a:s r="49">
                                 <a:s>negationRationale</a:s>
                              </a:s>
                           </a:s>
                           <a:s> in </a:s>
                           <a:s r="50">
                              <a:s>&quot;Patient Refusal&quot;</a:s>
                           </a:s>
                        </a:s>
                     </a:s>
                  </a:s>
               </a:s>
            </a:s>
         </annotation>
         <expression localId="53" locator="64:3-66:73" xsi:type="Query">
            <source localId="43" locator="64:3-64:84" alias="NoAntithromboticDischarge">
               <expression localId="42" locator="64:3-64:58" xmlns:ns6="urn:healthit-gov:qdm:v5_6" dataType="ns6:NegativeMedicationDischarge" templateId="NegativeMedicationDischarge" codeProperty="code" codeComparator="in" xsi:type="Retrieve">
                  <codes locator="64:34-64:57" name="Antithrombotic Therapy" xsi:type="ValueSetRef"/>
               </expression>
            </source>
            <where localId="52" locator="65:5-66:73" xsi:type="Or">
               <operand localId="47" locator="65:11-65:73" xsi:type="InValueSet">
                  <code localId="45" locator="65:11-65:53" path="negationRationale" scope="NoAntithromboticDischarge" xsi:type="Property"/>
                  <valueset localId="46" locator="65:58-65:73" name="Medical Reason" xsi:type="ValueSetRef"/>
               </operand>
               <operand localId="51" locator="66:10-66:73" xsi:type="InValueSet">
                  <code localId="49" locator="66:10-66:52" path="negationRationale" scope="NoAntithromboticDischarge" xsi:type="Property"/>
                  <valueset localId="50" locator="66:57-66:73" name="Patient Refusal" xsi:type="ValueSetRef"/>
               </operand>
            </where>
         </expression>
      </def>
      <def localId="64" locator="53:1-56:102" name="Encounter with No Antithrombotic At Discharge" context="Patient" accessLevel="Public">
         <annotation xsi:type="a:Annotation">
            <a:s r="64">
               <a:s>define &quot;Encounter with No Antithrombotic At Discharge&quot;:
  </a:s>
               <a:s r="63">
                  <a:s>
                     <a:s r="41">
                        <a:s r="40">
                           <a:s>
                              <a:s>TJC.&quot;Ischemic Stroke Encounter&quot;</a:s>
                           </a:s>
                        </a:s>
                        <a:s> IschemicStrokeEncounter</a:s>
                     </a:s>
                  </a:s>
                  <a:s>
    </a:s>
                  <a:s r="62">
                     <a:s>with </a:s>
                     <a:s r="56">
                        <a:s r="55">
                           <a:s>
                              <a:s>&quot;Reason for Not Giving Antithrombotic at Discharge&quot;</a:s>
                           </a:s>
                        </a:s>
                        <a:s> NoDischargeAntithrombotic</a:s>
                     </a:s>
                     <a:s>
      such that </a:s>
                     <a:s r="61">
                        <a:s r="58">
                           <a:s r="57">
                              <a:s>NoDischargeAntithrombotic</a:s>
                           </a:s>
                           <a:s>.</a:s>
                           <a:s r="58">
                              <a:s>authorDatetime</a:s>
                           </a:s>
                        </a:s>
                        <a:s r="61"> during </a:s>
                        <a:s r="60">
                           <a:s r="59">
                              <a:s>IschemicStrokeEncounter</a:s>
                           </a:s>
                           <a:s>.</a:s>
                           <a:s r="60">
                              <a:s>relevantPeriod</a:s>
                           </a:s>
                        </a:s>
                     </a:s>
                  </a:s>
               </a:s>
            </a:s>
         </annotation>
         <expression localId="63" locator="54:3-56:102" xsi:type="Query">
            <source localId="41" locator="54:3-54:57" alias="IschemicStrokeEncounter">
               <expression localId="40" locator="54:3-54:33" name="Ischemic Stroke Encounter" libraryName="TJC" xsi:type="ExpressionRef"/>
            </source>
            <relationship localId="62" locator="55:5-56:102" alias="NoDischargeAntithrombotic" xsi:type="With">
               <expression localId="55" locator="55:10-55:60" name="Reason for Not Giving Antithrombotic at Discharge" xsi:type="ExpressionRef"/>
               <suchThat localId="61" locator="56:17-56:102" xsi:type="In">
                  <operand localId="58" locator="56:17-56:56" path="authorDatetime" scope="NoDischargeAntithrombotic" xsi:type="Property"/>
                  <operand localId="60" locator="56:65-56:102" path="relevantPeriod" scope="IschemicStrokeEncounter" xsi:type="Property"/>
               </suchThat>
            </relationship>
         </expression>
      </def>
      <def localId="77" locator="58:1-61:92" name="Encounter with Pharmacological Contraindications for Antithrombotic Therapy at Discharge" context="Patient" accessLevel="Public">
         <annotation xsi:type="a:Annotation">
            <a:s r="77">
               <a:s>define &quot;Encounter with Pharmacological Contraindications for Antithrombotic Therapy at Discharge&quot;:
  </a:s>
               <a:s r="76">
                  <a:s>
                     <a:s r="67">
                        <a:s r="66">
                           <a:s>
                              <a:s>TJC.&quot;Ischemic Stroke Encounter&quot;</a:s>
                           </a:s>
                        </a:s>
                        <a:s> IschemicStrokeEncounter</a:s>
                     </a:s>
                  </a:s>
                  <a:s>
    </a:s>
                  <a:s r="75">
                     <a:s>with </a:s>
                     <a:s r="69">
                        <a:s r="68">
                           <a:s r="68">
                              <a:s>[&quot;Medication, Discharge&quot;: </a:s>
                              <a:s>
                                 <a:s>&quot;Pharmacological Contraindications For Antithrombotic Therapy&quot;</a:s>
                              </a:s>
                              <a:s>]</a:s>
                           </a:s>
                        </a:s>
                        <a:s> Pharmacological</a:s>
                     </a:s>
                     <a:s>
      such that </a:s>
                     <a:s r="74">
                        <a:s r="71">
                           <a:s r="70">
                              <a:s>Pharmacological</a:s>
                           </a:s>
                           <a:s>.</a:s>
                           <a:s r="71">
                              <a:s>authorDatetime</a:s>
                           </a:s>
                        </a:s>
                        <a:s r="74"> during </a:s>
                        <a:s r="73">
                           <a:s r="72">
                              <a:s>IschemicStrokeEncounter</a:s>
                           </a:s>
                           <a:s>.</a:s>
                           <a:s r="73">
                              <a:s>relevantPeriod</a:s>
                           </a:s>
                        </a:s>
                     </a:s>
                  </a:s>
               </a:s>
            </a:s>
         </annotation>
         <expression localId="76" locator="59:3-61:92" xsi:type="Query">
            <source localId="67" locator="59:3-59:57" alias="IschemicStrokeEncounter">
               <expression localId="66" locator="59:3-59:33" name="Ischemic Stroke Encounter" libraryName="TJC" xsi:type="ExpressionRef"/>
            </source>
            <relationship localId="75" locator="60:5-61:92" alias="Pharmacological" xsi:type="With">
               <expression localId="68" locator="60:10-60:98" xmlns:ns7="urn:healthit-gov:qdm:v5_6" dataType="ns7:PositiveMedicationDischarge" templateId="PositiveMedicationDischarge" codeProperty="code" codeComparator="in" xsi:type="Retrieve">
                  <codes locator="60:36-60:97" name="Pharmacological Contraindications For Antithrombotic Therapy" xsi:type="ValueSetRef"/>
               </expression>
               <suchThat localId="74" locator="61:17-61:92" xsi:type="In">
                  <operand localId="71" locator="61:17-61:46" path="authorDatetime" scope="Pharmacological" xsi:type="Property"/>
                  <operand localId="73" locator="61:55-61:92" path="relevantPeriod" scope="IschemicStrokeEncounter" xsi:type="Property"/>
               </suchThat>
            </relationship>
         </expression>
      </def>
      <def localId="80" locator="45:1-47:100" name="Denominator Exceptions" context="Patient" accessLevel="Public">
         <annotation xsi:type="a:Annotation">
            <a:s r="80">
               <a:s>define &quot;Denominator Exceptions&quot;:
  </a:s>
               <a:s r="79">
                  <a:s r="65">
                     <a:s>&quot;Encounter with No Antithrombotic At Discharge&quot;</a:s>
                  </a:s>
                  <a:s>
    union </a:s>
                  <a:s r="78">
                     <a:s>&quot;Encounter with Pharmacological Contraindications for Antithrombotic Therapy at Discharge&quot;</a:s>
                  </a:s>
               </a:s>
            </a:s>
         </annotation>
         <expression localId="79" locator="46:3-47:100" xsi:type="Union">
            <operand localId="65" locator="46:3-46:49" name="Encounter with No Antithrombotic At Discharge" xsi:type="ExpressionRef"/>
            <operand localId="78" locator="47:11-47:100" name="Encounter with Pharmacological Contraindications for Antithrombotic Therapy at Discharge" xsi:type="ExpressionRef"/>
         </expression>
      </def>
      <def localId="86" locator="49:1-51:70" name="Denominator Exclusions" context="Patient" accessLevel="Public">
         <annotation xsi:type="a:Annotation">
            <a:s r="86">
               <a:s>define &quot;Denominator Exclusions&quot;:
  </a:s>
               <a:s r="85">
                  <a:s r="82">
                     <a:s r="81">
                        <a:s>TJC</a:s>
                     </a:s>
                     <a:s>.</a:s>
                     <a:s r="82">
                        <a:s>&quot;Ischemic Stroke Encounters with Discharge Disposition&quot;</a:s>
                     </a:s>
                  </a:s>
                  <a:s>
    union </a:s>
                  <a:s r="84">
                     <a:s r="83">
                        <a:s>TJC</a:s>
                     </a:s>
                     <a:s>.</a:s>
                     <a:s r="84">
                        <a:s>&quot;Encounter with Comfort Measures during Hospitalization&quot;</a:s>
                     </a:s>
                  </a:s>
               </a:s>
            </a:s>
         </annotation>
         <expression localId="85" locator="50:3-51:70" xsi:type="Union">
            <operand localId="82" locator="50:3-50:61" name="Ischemic Stroke Encounters with Discharge Disposition" libraryName="TJC" xsi:type="ExpressionRef"/>
            <operand localId="84" locator="51:11-51:70" name="Encounter with Comfort Measures during Hospitalization" libraryName="TJC" xsi:type="ExpressionRef"/>
         </expression>
      </def>
   </statements>
</library>
