{
   "library" : {
      "annotation" : [ {
         "translatorOptions" : "EnableAnnotations,EnableLocators,DisableListDemotion,DisableListPromotion,DisableMethodInvocation",
         "type" : "CqlToElmInfo"
      }, {
         "type" : "Annotation",
         "s" : {
            "r" : "165",
            "s" : [ {
               "value" : [ "","library TJCOverall version '6.0.000'" ]
            } ]
         }
      } ],
      "identifier" : {
         "id" : "TJCOverall",
         "version" : "6.0.000"
      },
      "schemaIdentifier" : {
         "id" : "urn:hl7-org:elm",
         "version" : "r1"
      },
      "usings" : {
         "def" : [ {
            "localIdentifier" : "System",
            "uri" : "urn:hl7-org:elm-types:r1"
         }, {
            "localId" : "1",
            "locator" : "3:1-3:23",
            "localIdentifier" : "QDM",
            "uri" : "urn:healthit-gov:qdm:v5_6",
            "version" : "5.6",
            "annotation" : [ {
               "type" : "Annotation",
               "s" : {
                  "r" : "1",
                  "s" : [ {
                     "value" : [ "","using " ]
                  }, {
                     "s" : [ {
                        "value" : [ "QDM" ]
                     } ]
                  }, {
                     "value" : [ " version ","'5.6'" ]
                  } ]
               }
            } ]
         } ]
      },
      "includes" : {
         "def" : [ {
            "localId" : "2",
            "locator" : "5:1-5:64",
            "localIdentifier" : "Global",
            "path" : "MATGlobalCommonFunctions",
            "version" : "7.0.000",
            "annotation" : [ {
               "type" : "Annotation",
               "s" : {
                  "r" : "2",
                  "s" : [ {
                     "value" : [ "","include " ]
                  }, {
                     "s" : [ {
                        "value" : [ "MATGlobalCommonFunctions" ]
                     } ]
                  }, {
                     "value" : [ " version ","'7.0.000'"," called ","Global" ]
                  } ]
               }
            } ]
         } ]
      },
      "parameters" : {
         "def" : [ {
            "localId" : "16",
            "locator" : "19:1-19:49",
            "name" : "Measurement Period",
            "accessLevel" : "Public",
            "annotation" : [ {
               "type" : "Annotation",
               "s" : {
                  "r" : "16",
                  "s" : [ {
                     "value" : [ "","parameter ","\"Measurement Period\""," " ]
                  }, {
                     "r" : "15",
                     "s" : [ {
                        "value" : [ "Interval<" ]
                     }, {
                        "r" : "14",
                        "s" : [ {
                           "value" : [ "DateTime" ]
                        } ]
                     }, {
                        "value" : [ ">" ]
                     } ]
                  } ]
               }
            } ],
            "parameterTypeSpecifier" : {
               "localId" : "15",
               "locator" : "19:32-19:49",
               "type" : "IntervalTypeSpecifier",
               "pointType" : {
                  "localId" : "14",
                  "locator" : "19:41-19:48",
                  "name" : "{urn:hl7-org:elm-types:r1}DateTime",
                  "type" : "NamedTypeSpecifier"
               }
            }
         } ]
      },
      "valueSets" : {
         "def" : [ {
            "localId" : "3",
            "locator" : "7:1-7:65",
            "name" : "Comfort Measures",
            "id" : "urn:oid:1.3.6.1.4.1.33895.1.3.0.45",
            "accessLevel" : "Public",
            "annotation" : [ {
               "type" : "Annotation",
               "s" : {
                  "r" : "3",
                  "s" : [ {
                     "value" : [ "","valueset ","\"Comfort Measures\"",": ","'urn:oid:1.3.6.1.4.1.33895.1.3.0.45'" ]
                  } ]
               }
            } ]
         }, {
            "localId" : "4",
            "locator" : "8:1-8:87",
            "name" : "Discharge To Acute Care Facility",
            "id" : "urn:oid:2.16.840.1.113883.3.117.1.7.1.87",
            "accessLevel" : "Public",
            "annotation" : [ {
               "type" : "Annotation",
               "s" : {
                  "r" : "4",
                  "s" : [ {
                     "value" : [ "","valueset ","\"Discharge To Acute Care Facility\"",": ","'urn:oid:2.16.840.1.113883.3.117.1.7.1.87'" ]
                  } ]
               }
            } ]
         }, {
            "localId" : "5",
            "locator" : "9:1-9:107",
            "name" : "Discharged to Health Care Facility for Hospice Care",
            "id" : "urn:oid:2.16.840.1.113883.3.117.1.7.1.207",
            "accessLevel" : "Public",
            "annotation" : [ {
               "type" : "Annotation",
               "s" : {
                  "r" : "5",
                  "s" : [ {
                     "value" : [ "","valueset ","\"Discharged to Health Care Facility for Hospice Care\"",": ","'urn:oid:2.16.840.1.113883.3.117.1.7.1.207'" ]
                  } ]
               }
            } ]
         }, {
            "localId" : "6",
            "locator" : "10:1-10:91",
            "name" : "Discharged to Home for Hospice Care",
            "id" : "urn:oid:2.16.840.1.113883.3.117.1.7.1.209",
            "accessLevel" : "Public",
            "annotation" : [ {
               "type" : "Annotation",
               "s" : {
                  "r" : "6",
                  "s" : [ {
                     "value" : [ "","valueset ","\"Discharged to Home for Hospice Care\"",": ","'urn:oid:2.16.840.1.113883.3.117.1.7.1.209'" ]
                  } ]
               }
            } ]
         }, {
            "localId" : "7",
            "locator" : "11:1-11:82",
            "name" : "Emergency Department Visit",
            "id" : "urn:oid:2.16.840.1.113883.3.117.1.7.1.292",
            "accessLevel" : "Public",
            "annotation" : [ {
               "type" : "Annotation",
               "s" : {
                  "r" : "7",
                  "s" : [ {
                     "value" : [ "","valueset ","\"Emergency Department Visit\"",": ","'urn:oid:2.16.840.1.113883.3.117.1.7.1.292'" ]
                  } ]
               }
            } ]
         }, {
            "localId" : "8",
            "locator" : "12:1-12:74",
            "name" : "Hemorrhagic Stroke",
            "id" : "urn:oid:2.16.840.1.113883.3.117.1.7.1.212",
            "accessLevel" : "Public",
            "annotation" : [ {
               "type" : "Annotation",
               "s" : {
                  "r" : "8",
                  "s" : [ {
                     "value" : [ "","valueset ","\"Hemorrhagic Stroke\"",": ","'urn:oid:2.16.840.1.113883.3.117.1.7.1.212'" ]
                  } ]
               }
            } ]
         }, {
            "localId" : "9",
            "locator" : "13:1-13:71",
            "name" : "Ischemic Stroke",
            "id" : "urn:oid:2.16.840.1.113883.3.117.1.7.1.247",
            "accessLevel" : "Public",
            "annotation" : [ {
               "type" : "Annotation",
               "s" : {
                  "r" : "9",
                  "s" : [ {
                     "value" : [ "","valueset ","\"Ischemic Stroke\"",": ","'urn:oid:2.16.840.1.113883.3.117.1.7.1.247'" ]
                  } ]
               }
            } ]
         }, {
            "localId" : "10",
            "locator" : "14:1-14:83",
            "name" : "Left Against Medical Advice",
            "id" : "urn:oid:2.16.840.1.113883.3.117.1.7.1.308",
            "accessLevel" : "Public",
            "annotation" : [ {
               "type" : "Annotation",
               "s" : {
                  "r" : "10",
                  "s" : [ {
                     "value" : [ "","valueset ","\"Left Against Medical Advice\"",": ","'urn:oid:2.16.840.1.113883.3.117.1.7.1.308'" ]
                  } ]
               }
            } ]
         }, {
            "localId" : "11",
            "locator" : "15:1-15:88",
            "name" : "Non-Elective Inpatient Encounter",
            "id" : "urn:oid:2.16.840.1.113883.3.117.1.7.1.424",
            "accessLevel" : "Public",
            "annotation" : [ {
               "type" : "Annotation",
               "s" : {
                  "r" : "11",
                  "s" : [ {
                     "value" : [ "","valueset ","\"Non-Elective Inpatient Encounter\"",": ","'urn:oid:2.16.840.1.113883.3.117.1.7.1.424'" ]
                  } ]
               }
            } ]
         }, {
            "localId" : "12",
            "locator" : "16:1-16:73",
            "name" : "Observation Services",
            "id" : "urn:oid:2.16.840.1.113762.1.4.1111.143",
            "accessLevel" : "Public",
            "annotation" : [ {
               "type" : "Annotation",
               "s" : {
                  "r" : "12",
                  "s" : [ {
                     "value" : [ "","valueset ","\"Observation Services\"",": ","'urn:oid:2.16.840.1.113762.1.4.1111.143'" ]
                  } ]
               }
            } ]
         }, {
            "localId" : "13",
            "locator" : "17:1-17:71",
            "name" : "Patient Expired",
            "id" : "urn:oid:2.16.840.1.113883.3.117.1.7.1.309",
            "accessLevel" : "Public",
            "annotation" : [ {
               "type" : "Annotation",
               "s" : {
                  "r" : "13",
                  "s" : [ {
                     "value" : [ "","valueset ","\"Patient Expired\"",": ","'urn:oid:2.16.840.1.113883.3.117.1.7.1.309'" ]
                  } ]
               }
            } ]
         } ]
      },
      "contexts" : {
         "def" : [ {
            "locator" : "21:1-21:15",
            "name" : "Patient"
         } ]
      },
      "statements" : {
         "def" : [ {
            "locator" : "21:1-21:15",
            "name" : "Patient",
            "context" : "Patient",
            "expression" : {
               "type" : "SingletonFrom",
               "operand" : {
                  "locator" : "21:1-21:15",
                  "dataType" : "{urn:healthit-gov:qdm:v5_6}Patient",
                  "templateId" : "Patient",
                  "type" : "Retrieve"
               }
            }
         }, {
            "localId" : "20",
            "locator" : "23:1-25:57",
            "name" : "Intervention Comfort Measures",
            "context" : "Patient",
            "accessLevel" : "Public",
            "annotation" : [ {
               "type" : "Annotation",
               "s" : {
                  "r" : "20",
                  "s" : [ {
                     "value" : [ "","define ","\"Intervention Comfort Measures\"",":\n  " ]
                  }, {
                     "r" : "19",
                     "s" : [ {
                        "r" : "17",
                        "s" : [ {
                           "value" : [ "[","\"Intervention, Order\"",": " ]
                        }, {
                           "s" : [ {
                              "value" : [ "\"Comfort Measures\"" ]
                           } ]
                        }, {
                           "value" : [ "]" ]
                        } ]
                     }, {
                        "value" : [ "\n    union " ]
                     }, {
                        "r" : "18",
                        "s" : [ {
                           "value" : [ "[","\"Intervention, Performed\"",": " ]
                        }, {
                           "s" : [ {
                              "value" : [ "\"Comfort Measures\"" ]
                           } ]
                        }, {
                           "value" : [ "]" ]
                        } ]
                     } ]
                  } ]
               }
            } ],
            "expression" : {
               "localId" : "19",
               "locator" : "24:3-25:57",
               "type" : "Union",
               "operand" : [ {
                  "type" : "As",
                  "operand" : {
                     "localId" : "17",
                     "locator" : "24:3-24:45",
                     "dataType" : "{urn:healthit-gov:qdm:v5_6}PositiveInterventionOrder",
                     "templateId" : "PositiveInterventionOrder",
                     "codeProperty" : "code",
                     "codeComparator" : "in",
                     "type" : "Retrieve",
                     "codes" : {
                        "locator" : "24:27-24:44",
                        "name" : "Comfort Measures",
                        "type" : "ValueSetRef"
                     }
                  },
                  "asTypeSpecifier" : {
                     "type" : "ListTypeSpecifier",
                     "elementType" : {
                        "type" : "ChoiceTypeSpecifier",
                        "choice" : [ {
                           "name" : "{urn:healthit-gov:qdm:v5_6}PositiveInterventionPerformed",
                           "type" : "NamedTypeSpecifier"
                        }, {
                           "name" : "{urn:healthit-gov:qdm:v5_6}PositiveInterventionOrder",
                           "type" : "NamedTypeSpecifier"
                        } ]
                     }
                  }
               }, {
                  "type" : "As",
                  "operand" : {
                     "localId" : "18",
                     "locator" : "25:11-25:57",
                     "dataType" : "{urn:healthit-gov:qdm:v5_6}PositiveInterventionPerformed",
                     "templateId" : "PositiveInterventionPerformed",
                     "codeProperty" : "code",
                     "codeComparator" : "in",
                     "type" : "Retrieve",
                     "codes" : {
                        "locator" : "25:39-25:56",
                        "name" : "Comfort Measures",
                        "type" : "ValueSetRef"
                     }
                  },
                  "asTypeSpecifier" : {
                     "type" : "ListTypeSpecifier",
                     "elementType" : {
                        "type" : "ChoiceTypeSpecifier",
                        "choice" : [ {
                           "name" : "{urn:healthit-gov:qdm:v5_6}PositiveInterventionPerformed",
                           "type" : "NamedTypeSpecifier"
                        }, {
                           "name" : "{urn:healthit-gov:qdm:v5_6}PositiveInterventionOrder",
                           "type" : "NamedTypeSpecifier"
                        } ]
                     }
                  }
               } ]
            }
         }, {
            "localId" : "35",
            "locator" : "58:1-61:85",
            "name" : "Non Elective Inpatient Encounter",
            "context" : "Patient",
            "accessLevel" : "Public",
            "annotation" : [ {
               "type" : "Annotation",
               "s" : {
                  "r" : "35",
                  "s" : [ {
                     "value" : [ "","define ","\"Non Elective Inpatient Encounter\"",":\n  " ]
                  }, {
                     "r" : "34",
                     "s" : [ {
                        "s" : [ {
                           "r" : "22",
                           "s" : [ {
                              "r" : "21",
                              "s" : [ {
                                 "r" : "21",
                                 "s" : [ {
                                    "value" : [ "[","\"Encounter, Performed\"",": " ]
                                 }, {
                                    "s" : [ {
                                       "value" : [ "\"Non-Elective Inpatient Encounter\"" ]
                                    } ]
                                 }, {
                                    "value" : [ "]" ]
                                 } ]
                              } ]
                           }, {
                              "value" : [ " ","NonElectiveEncounter" ]
                           } ]
                        } ]
                     }, {
                        "value" : [ "\n    " ]
                     }, {
                        "r" : "33",
                        "s" : [ {
                           "value" : [ "where " ]
                        }, {
                           "r" : "33",
                           "s" : [ {
                              "r" : "28",
                              "s" : [ {
                                 "r" : "26",
                                 "s" : [ {
                                    "r" : "23",
                                    "s" : [ {
                                       "value" : [ "Global" ]
                                    } ]
                                 }, {
                                    "value" : [ "." ]
                                 }, {
                                    "r" : "26",
                                    "s" : [ {
                                       "value" : [ "\"LengthInDays\""," ( " ]
                                    }, {
                                       "r" : "25",
                                       "s" : [ {
                                          "r" : "24",
                                          "s" : [ {
                                             "value" : [ "NonElectiveEncounter" ]
                                          } ]
                                       }, {
                                          "value" : [ "." ]
                                       }, {
                                          "r" : "25",
                                          "s" : [ {
                                             "value" : [ "relevantPeriod" ]
                                          } ]
                                       } ]
                                    }, {
                                       "value" : [ " )" ]
                                    } ]
                                 } ]
                              }, {
                                 "r" : "27",
                                 "value" : [ " ","<="," ","120" ]
                              } ]
                           }, {
                              "value" : [ "\n      and " ]
                           }, {
                              "r" : "32",
                              "s" : [ {
                                 "r" : "30",
                                 "s" : [ {
                                    "r" : "29",
                                    "s" : [ {
                                       "value" : [ "NonElectiveEncounter" ]
                                    } ]
                                 }, {
                                    "value" : [ "." ]
                                 }, {
                                    "r" : "30",
                                    "s" : [ {
                                       "value" : [ "relevantPeriod" ]
                                    } ]
                                 } ]
                              }, {
                                 "r" : "32",
                                 "value" : [ " ","ends during day of"," " ]
                              }, {
                                 "r" : "31",
                                 "s" : [ {
                                    "value" : [ "\"Measurement Period\"" ]
                                 } ]
                              } ]
                           } ]
                        } ]
                     } ]
                  } ]
               }
            } ],
            "expression" : {
               "localId" : "34",
               "locator" : "59:3-61:85",
               "type" : "Query",
               "source" : [ {
                  "localId" : "22",
                  "locator" : "59:3-59:83",
                  "alias" : "NonElectiveEncounter",
                  "expression" : {
                     "localId" : "21",
                     "locator" : "59:3-59:62",
                     "dataType" : "{urn:healthit-gov:qdm:v5_6}PositiveEncounterPerformed",
                     "templateId" : "PositiveEncounterPerformed",
                     "codeProperty" : "code",
                     "codeComparator" : "in",
                     "type" : "Retrieve",
                     "codes" : {
                        "locator" : "59:28-59:61",
                        "name" : "Non-Elective Inpatient Encounter",
                        "type" : "ValueSetRef"
                     }
                  }
               } ],
               "relationship" : [ ],
               "where" : {
                  "localId" : "33",
                  "locator" : "60:5-61:85",
                  "type" : "And",
                  "operand" : [ {
                     "localId" : "28",
                     "locator" : "60:11-60:78",
                     "type" : "LessOrEqual",
                     "operand" : [ {
                        "localId" : "26",
                        "locator" : "60:11-60:71",
                        "name" : "LengthInDays",
                        "libraryName" : "Global",
                        "type" : "FunctionRef",
                        "operand" : [ {
                           "localId" : "25",
                           "locator" : "60:35-60:69",
                           "path" : "relevantPeriod",
                           "scope" : "NonElectiveEncounter",
                           "type" : "Property"
                        } ]
                     }, {
                        "localId" : "27",
                        "locator" : "60:76-60:78",
                        "valueType" : "{urn:hl7-org:elm-types:r1}Integer",
                        "value" : "120",
                        "type" : "Literal"
                     } ]
                  }, {
                     "localId" : "32",
                     "locator" : "61:11-61:85",
                     "precision" : "Day",
                     "type" : "In",
                     "operand" : [ {
                        "locator" : "61:47-61:50",
                        "type" : "End",
                        "operand" : {
                           "localId" : "30",
                           "locator" : "61:11-61:45",
                           "path" : "relevantPeriod",
                           "scope" : "NonElectiveEncounter",
                           "type" : "Property"
                        }
                     }, {
                        "localId" : "31",
                        "locator" : "61:66-61:85",
                        "name" : "Measurement Period",
                        "type" : "ParameterRef"
                     } ]
                  } ]
               }
            }
         }, {
            "localId" : "57",
            "locator" : "44:1-51:5",
            "name" : "All Stroke Encounter",
            "context" : "Patient",
            "accessLevel" : "Public",
            "annotation" : [ {
               "type" : "Annotation",
               "s" : {
                  "r" : "57",
                  "s" : [ {
                     "value" : [ "","define ","\"All Stroke Encounter\"",":\n  " ]
                  }, {
                     "r" : "56",
                     "s" : [ {
                        "s" : [ {
                           "r" : "37",
                           "s" : [ {
                              "r" : "36",
                              "s" : [ {
                                 "s" : [ {
                                    "value" : [ "\"Non Elective Inpatient Encounter\"" ]
                                 } ]
                              } ]
                           }, {
                              "value" : [ " ","NonElectiveEncounter" ]
                           } ]
                        } ]
                     }, {
                        "value" : [ "\n    " ]
                     }, {
                        "r" : "55",
                        "s" : [ {
                           "value" : [ "where " ]
                        }, {
                           "r" : "55",
                           "s" : [ {
                              "value" : [ "exists " ]
                           }, {
                              "r" : "54",
                              "s" : [ {
                                 "value" : [ "( " ]
                              }, {
                                 "r" : "54",
                                 "s" : [ {
                                    "s" : [ {
                                       "r" : "39",
                                       "s" : [ {
                                          "r" : "38",
                                          "s" : [ {
                                             "s" : [ {
                                                "value" : [ "NonElectiveEncounter",".","diagnoses" ]
                                             } ]
                                          } ]
                                       }, {
                                          "value" : [ " ","Diagnosis" ]
                                       } ]
                                    } ]
                                 }, {
                                    "value" : [ "\n        " ]
                                 }, {
                                    "r" : "53",
                                    "s" : [ {
                                       "value" : [ "where " ]
                                    }, {
                                       "r" : "53",
                                       "s" : [ {
                                          "r" : "43",
                                          "s" : [ {
                                             "r" : "41",
                                             "s" : [ {
                                                "r" : "40",
                                                "s" : [ {
                                                   "value" : [ "Diagnosis" ]
                                                } ]
                                             }, {
                                                "value" : [ "." ]
                                             }, {
                                                "r" : "41",
                                                "s" : [ {
                                                   "value" : [ "rank" ]
                                                } ]
                                             } ]
                                          }, {
                                             "r" : "42",
                                             "value" : [ " ","="," ","1" ]
                                          } ]
                                       }, {
                                          "value" : [ "\n          and " ]
                                       }, {
                                          "r" : "52",
                                          "s" : [ {
                                             "value" : [ "( " ]
                                          }, {
                                             "r" : "52",
                                             "s" : [ {
                                                "r" : "47",
                                                "s" : [ {
                                                   "r" : "45",
                                                   "s" : [ {
                                                      "r" : "44",
                                                      "s" : [ {
                                                         "value" : [ "Diagnosis" ]
                                                      } ]
                                                   }, {
                                                      "value" : [ "." ]
                                                   }, {
                                                      "r" : "45",
                                                      "s" : [ {
                                                         "value" : [ "code" ]
                                                      } ]
                                                   } ]
                                                }, {
                                                   "value" : [ " in " ]
                                                }, {
                                                   "r" : "46",
                                                   "s" : [ {
                                                      "value" : [ "\"Hemorrhagic Stroke\"" ]
                                                   } ]
                                                } ]
                                             }, {
                                                "value" : [ "\n              or " ]
                                             }, {
                                                "r" : "51",
                                                "s" : [ {
                                                   "r" : "49",
                                                   "s" : [ {
                                                      "r" : "48",
                                                      "s" : [ {
                                                         "value" : [ "Diagnosis" ]
                                                      } ]
                                                   }, {
                                                      "value" : [ "." ]
                                                   }, {
                                                      "r" : "49",
                                                      "s" : [ {
                                                         "value" : [ "code" ]
                                                      } ]
                                                   } ]
                                                }, {
                                                   "value" : [ " in " ]
                                                }, {
                                                   "r" : "50",
                                                   "s" : [ {
                                                      "value" : [ "\"Ischemic Stroke\"" ]
                                                   } ]
                                                } ]
                                             } ]
                                          }, {
                                             "value" : [ "\n          )" ]
                                          } ]
                                       } ]
                                    } ]
                                 } ]
                              }, {
                                 "value" : [ "\n    )" ]
                              } ]
                           } ]
                        } ]
                     } ]
                  } ]
               }
            } ],
            "expression" : {
               "localId" : "56",
               "locator" : "45:3-51:5",
               "type" : "Query",
               "source" : [ {
                  "localId" : "37",
                  "locator" : "45:3-45:57",
                  "alias" : "NonElectiveEncounter",
                  "expression" : {
                     "localId" : "36",
                     "locator" : "45:3-45:36",
                     "name" : "Non Elective Inpatient Encounter",
                     "type" : "ExpressionRef"
                  }
               } ],
               "relationship" : [ ],
               "where" : {
                  "localId" : "55",
                  "locator" : "46:5-51:5",
                  "type" : "Exists",
                  "operand" : {
                     "localId" : "54",
                     "locator" : "46:18-51:5",
                     "type" : "Query",
                     "source" : [ {
                        "localId" : "39",
                        "locator" : "46:20-46:59",
                        "alias" : "Diagnosis",
                        "expression" : {
                           "localId" : "38",
                           "locator" : "46:20-46:49",
                           "path" : "diagnoses",
                           "scope" : "NonElectiveEncounter",
                           "type" : "Property"
                        }
                     } ],
                     "relationship" : [ ],
                     "where" : {
                        "localId" : "53",
                        "locator" : "47:9-50:11",
                        "type" : "And",
                        "operand" : [ {
                           "localId" : "43",
                           "locator" : "47:15-47:32",
                           "type" : "Equal",
                           "operand" : [ {
                              "localId" : "41",
                              "locator" : "47:15-47:28",
                              "path" : "rank",
                              "scope" : "Diagnosis",
                              "type" : "Property"
                           }, {
                              "localId" : "42",
                              "locator" : "47:32",
                              "valueType" : "{urn:hl7-org:elm-types:r1}Integer",
                              "value" : "1",
                              "type" : "Literal"
                           } ]
                        }, {
                           "localId" : "52",
                           "locator" : "48:15-50:11",
                           "type" : "Or",
                           "operand" : [ {
                              "localId" : "47",
                              "locator" : "48:17-48:54",
                              "type" : "InValueSet",
                              "code" : {
                                 "localId" : "45",
                                 "locator" : "48:17-48:30",
                                 "path" : "code",
                                 "scope" : "Diagnosis",
                                 "type" : "Property"
                              },
                              "valueset" : {
                                 "localId" : "46",
                                 "locator" : "48:35-48:54",
                                 "name" : "Hemorrhagic Stroke",
                                 "type" : "ValueSetRef"
                              }
                           }, {
                              "localId" : "51",
                              "locator" : "49:18-49:52",
                              "type" : "InValueSet",
                              "code" : {
                                 "localId" : "49",
                                 "locator" : "49:18-49:31",
                                 "path" : "code",
                                 "scope" : "Diagnosis",
                                 "type" : "Property"
                              },
                              "valueset" : {
                                 "localId" : "50",
                                 "locator" : "49:36-49:52",
                                 "name" : "Ischemic Stroke",
                                 "type" : "ValueSetRef"
                              }
                           } ]
                        } ]
                     }
                  }
               }
            }
         }, {
            "localId" : "68",
            "locator" : "63:1-65:82",
            "name" : "Encounter with Principal Diagnosis and Age",
            "context" : "Patient",
            "accessLevel" : "Public",
            "annotation" : [ {
               "type" : "Annotation",
               "s" : {
                  "r" : "68",
                  "s" : [ {
                     "value" : [ "","define ","\"Encounter with Principal Diagnosis and Age\"",":\n  " ]
                  }, {
                     "r" : "67",
                     "s" : [ {
                        "s" : [ {
                           "r" : "59",
                           "s" : [ {
                              "r" : "58",
                              "s" : [ {
                                 "s" : [ {
                                    "value" : [ "\"All Stroke Encounter\"" ]
                                 } ]
                              } ]
                           }, {
                              "value" : [ " ","AllStrokeEncounter" ]
                           } ]
                        } ]
                     }, {
                        "value" : [ "\n    " ]
                     }, {
                        "r" : "66",
                        "s" : [ {
                           "value" : [ "where " ]
                        }, {
                           "r" : "66",
                           "s" : [ {
                              "r" : "64",
                              "s" : [ {
                                 "value" : [ "AgeInYearsAt","(" ]
                              }, {
                                 "r" : "63",
                                 "s" : [ {
                                    "value" : [ "date from" ]
                                 }, {
                                    "r" : "62",
                                    "s" : [ {
                                       "value" : [ "(" ]
                                    }, {
                                       "r" : "62",
                                       "s" : [ {
                                          "value" : [ "start of " ]
                                       }, {
                                          "r" : "61",
                                          "s" : [ {
                                             "r" : "60",
                                             "s" : [ {
                                                "value" : [ "AllStrokeEncounter" ]
                                             } ]
                                          }, {
                                             "value" : [ "." ]
                                          }, {
                                             "r" : "61",
                                             "s" : [ {
                                                "value" : [ "relevantPeriod" ]
                                             } ]
                                          } ]
                                       } ]
                                    }, {
                                       "value" : [ ")" ]
                                    } ]
                                 } ]
                              }, {
                                 "value" : [ ")" ]
                              } ]
                           }, {
                              "r" : "65",
                              "value" : [ ">="," ","18" ]
                           } ]
                        } ]
                     } ]
                  } ]
               }
            } ],
            "expression" : {
               "localId" : "67",
               "locator" : "64:3-65:82",
               "type" : "Query",
               "source" : [ {
                  "localId" : "59",
                  "locator" : "64:3-64:43",
                  "alias" : "AllStrokeEncounter",
                  "expression" : {
                     "localId" : "58",
                     "locator" : "64:3-64:24",
                     "name" : "All Stroke Encounter",
                     "type" : "ExpressionRef"
                  }
               } ],
               "relationship" : [ ],
               "where" : {
                  "localId" : "66",
                  "locator" : "65:5-65:82",
                  "type" : "GreaterOrEqual",
                  "operand" : [ {
                     "localId" : "64",
                     "locator" : "65:11-65:77",
                     "precision" : "Year",
                     "type" : "CalculateAgeAt",
                     "operand" : [ {
                        "type" : "ToDate",
                        "operand" : {
                           "path" : "birthDatetime",
                           "type" : "Property",
                           "source" : {
                              "name" : "Patient",
                              "type" : "ExpressionRef"
                           }
                        }
                     }, {
                        "localId" : "63",
                        "locator" : "65:24-65:76",
                        "type" : "DateFrom",
                        "operand" : {
                           "localId" : "62",
                           "locator" : "65:33-65:76",
                           "type" : "Start",
                           "operand" : {
                              "localId" : "61",
                              "locator" : "65:43-65:75",
                              "path" : "relevantPeriod",
                              "scope" : "AllStrokeEncounter",
                              "type" : "Property"
                           }
                        }
                     } ]
                  }, {
                     "localId" : "65",
                     "locator" : "65:81-65:82",
                     "valueType" : "{urn:hl7-org:elm-types:r1}Integer",
                     "value" : "18",
                     "type" : "Literal"
                  } ]
               }
            }
         }, {
            "localId" : "85",
            "locator" : "37:1-42:5",
            "name" : "Ischemic Stroke Encounter",
            "context" : "Patient",
            "accessLevel" : "Public",
            "annotation" : [ {
               "type" : "Annotation",
               "s" : {
                  "r" : "85",
                  "s" : [ {
                     "value" : [ "","define ","\"Ischemic Stroke Encounter\"",":\n  " ]
                  }, {
                     "r" : "84",
                     "s" : [ {
                        "s" : [ {
                           "r" : "70",
                           "s" : [ {
                              "r" : "69",
                              "s" : [ {
                                 "s" : [ {
                                    "value" : [ "\"Encounter with Principal Diagnosis and Age\"" ]
                                 } ]
                              } ]
                           }, {
                              "value" : [ " ","EncounterWithAge" ]
                           } ]
                        } ]
                     }, {
                        "value" : [ "\n    " ]
                     }, {
                        "r" : "83",
                        "s" : [ {
                           "value" : [ "where " ]
                        }, {
                           "r" : "83",
                           "s" : [ {
                              "value" : [ "exists " ]
                           }, {
                              "r" : "82",
                              "s" : [ {
                                 "value" : [ "( " ]
                              }, {
                                 "r" : "82",
                                 "s" : [ {
                                    "s" : [ {
                                       "r" : "72",
                                       "s" : [ {
                                          "r" : "71",
                                          "s" : [ {
                                             "s" : [ {
                                                "value" : [ "EncounterWithAge",".","diagnoses" ]
                                             } ]
                                          } ]
                                       }, {
                                          "value" : [ " ","Diagnosis" ]
                                       } ]
                                    } ]
                                 }, {
                                    "value" : [ "\n        " ]
                                 }, {
                                    "r" : "81",
                                    "s" : [ {
                                       "value" : [ "where " ]
                                    }, {
                                       "r" : "81",
                                       "s" : [ {
                                          "r" : "76",
                                          "s" : [ {
                                             "r" : "74",
                                             "s" : [ {
                                                "r" : "73",
                                                "s" : [ {
                                                   "value" : [ "Diagnosis" ]
                                                } ]
                                             }, {
                                                "value" : [ "." ]
                                             }, {
                                                "r" : "74",
                                                "s" : [ {
                                                   "value" : [ "code" ]
                                                } ]
                                             } ]
                                          }, {
                                             "value" : [ " in " ]
                                          }, {
                                             "r" : "75",
                                             "s" : [ {
                                                "value" : [ "\"Ischemic Stroke\"" ]
                                             } ]
                                          } ]
                                       }, {
                                          "value" : [ "\n          and " ]
                                       }, {
                                          "r" : "80",
                                          "s" : [ {
                                             "r" : "78",
                                             "s" : [ {
                                                "r" : "77",
                                                "s" : [ {
                                                   "value" : [ "Diagnosis" ]
                                                } ]
                                             }, {
                                                "value" : [ "." ]
                                             }, {
                                                "r" : "78",
                                                "s" : [ {
                                                   "value" : [ "rank" ]
                                                } ]
                                             } ]
                                          }, {
                                             "r" : "79",
                                             "value" : [ " ","="," ","1" ]
                                          } ]
                                       } ]
                                    } ]
                                 } ]
                              }, {
                                 "value" : [ "\n    )" ]
                              } ]
                           } ]
                        } ]
                     } ]
                  } ]
               }
            } ],
            "expression" : {
               "localId" : "84",
               "locator" : "38:3-42:5",
               "type" : "Query",
               "source" : [ {
                  "localId" : "70",
                  "locator" : "38:3-38:63",
                  "alias" : "EncounterWithAge",
                  "expression" : {
                     "localId" : "69",
                     "locator" : "38:3-38:46",
                     "name" : "Encounter with Principal Diagnosis and Age",
                     "type" : "ExpressionRef"
                  }
               } ],
               "relationship" : [ ],
               "where" : {
                  "localId" : "83",
                  "locator" : "39:5-42:5",
                  "type" : "Exists",
                  "operand" : {
                     "localId" : "82",
                     "locator" : "39:18-42:5",
                     "type" : "Query",
                     "source" : [ {
                        "localId" : "72",
                        "locator" : "39:20-39:55",
                        "alias" : "Diagnosis",
                        "expression" : {
                           "localId" : "71",
                           "locator" : "39:20-39:45",
                           "path" : "diagnoses",
                           "scope" : "EncounterWithAge",
                           "type" : "Property"
                        }
                     } ],
                     "relationship" : [ ],
                     "where" : {
                        "localId" : "81",
                        "locator" : "40:9-41:32",
                        "type" : "And",
                        "operand" : [ {
                           "localId" : "76",
                           "locator" : "40:15-40:49",
                           "type" : "InValueSet",
                           "code" : {
                              "localId" : "74",
                              "locator" : "40:15-40:28",
                              "path" : "code",
                              "scope" : "Diagnosis",
                              "type" : "Property"
                           },
                           "valueset" : {
                              "localId" : "75",
                              "locator" : "40:33-40:49",
                              "name" : "Ischemic Stroke",
                              "type" : "ValueSetRef"
                           }
                        }, {
                           "localId" : "80",
                           "locator" : "41:15-41:32",
                           "type" : "Equal",
                           "operand" : [ {
                              "localId" : "78",
                              "locator" : "41:15-41:28",
                              "path" : "rank",
                              "scope" : "Diagnosis",
                              "type" : "Property"
                           }, {
                              "localId" : "79",
                              "locator" : "41:32",
                              "valueType" : "{urn:hl7-org:elm-types:r1}Integer",
                              "value" : "1",
                              "type" : "Literal"
                           } ]
                        } ]
                     }
                  }
               }
            }
         }, {
            "localId" : "113",
            "locator" : "27:1-35:3",
            "name" : "Ischemic Stroke Encounters with Discharge Disposition",
            "context" : "Patient",
            "accessLevel" : "Public",
            "annotation" : [ {
               "type" : "Annotation",
               "s" : {
                  "r" : "113",
                  "s" : [ {
                     "value" : [ "","define ","\"Ischemic Stroke Encounters with Discharge Disposition\"",":\n  " ]
                  }, {
                     "r" : "112",
                     "s" : [ {
                        "value" : [ "( " ]
                     }, {
                        "r" : "112",
                        "s" : [ {
                           "value" : [ "( " ]
                        }, {
                           "r" : "112",
                           "s" : [ {
                              "s" : [ {
                                 "r" : "87",
                                 "s" : [ {
                                    "r" : "86",
                                    "s" : [ {
                                       "s" : [ {
                                          "value" : [ "\"Ischemic Stroke Encounter\"" ]
                                       } ]
                                    } ]
                                 }, {
                                    "value" : [ " ","IschemicStrokeEncounter" ]
                                 } ]
                              } ]
                           }, {
                              "value" : [ "\n        " ]
                           }, {
                              "r" : "111",
                              "s" : [ {
                                 "value" : [ "where " ]
                              }, {
                                 "r" : "111",
                                 "s" : [ {
                                    "r" : "106",
                                    "s" : [ {
                                       "r" : "101",
                                       "s" : [ {
                                          "r" : "96",
                                          "s" : [ {
                                             "r" : "91",
                                             "s" : [ {
                                                "r" : "89",
                                                "s" : [ {
                                                   "r" : "88",
                                                   "s" : [ {
                                                      "value" : [ "IschemicStrokeEncounter" ]
                                                   } ]
                                                }, {
                                                   "value" : [ "." ]
                                                }, {
                                                   "r" : "89",
                                                   "s" : [ {
                                                      "value" : [ "dischargeDisposition" ]
                                                   } ]
                                                } ]
                                             }, {
                                                "value" : [ " in " ]
                                             }, {
                                                "r" : "90",
                                                "s" : [ {
                                                   "value" : [ "\"Discharge To Acute Care Facility\"" ]
                                                } ]
                                             } ]
                                          }, {
                                             "value" : [ "\n          or " ]
                                          }, {
                                             "r" : "95",
                                             "s" : [ {
                                                "r" : "93",
                                                "s" : [ {
                                                   "r" : "92",
                                                   "s" : [ {
                                                      "value" : [ "IschemicStrokeEncounter" ]
                                                   } ]
                                                }, {
                                                   "value" : [ "." ]
                                                }, {
                                                   "r" : "93",
                                                   "s" : [ {
                                                      "value" : [ "dischargeDisposition" ]
                                                   } ]
                                                } ]
                                             }, {
                                                "value" : [ " in " ]
                                             }, {
                                                "r" : "94",
                                                "s" : [ {
                                                   "value" : [ "\"Left Against Medical Advice\"" ]
                                                } ]
                                             } ]
                                          } ]
                                       }, {
                                          "value" : [ "\n          or " ]
                                       }, {
                                          "r" : "100",
                                          "s" : [ {
                                             "r" : "98",
                                             "s" : [ {
                                                "r" : "97",
                                                "s" : [ {
                                                   "value" : [ "IschemicStrokeEncounter" ]
                                                } ]
                                             }, {
                                                "value" : [ "." ]
                                             }, {
                                                "r" : "98",
                                                "s" : [ {
                                                   "value" : [ "dischargeDisposition" ]
                                                } ]
                                             } ]
                                          }, {
                                             "value" : [ " in " ]
                                          }, {
                                             "r" : "99",
                                             "s" : [ {
                                                "value" : [ "\"Patient Expired\"" ]
                                             } ]
                                          } ]
                                       } ]
                                    }, {
                                       "value" : [ "\n          or " ]
                                    }, {
                                       "r" : "105",
                                       "s" : [ {
                                          "r" : "103",
                                          "s" : [ {
                                             "r" : "102",
                                             "s" : [ {
                                                "value" : [ "IschemicStrokeEncounter" ]
                                             } ]
                                          }, {
                                             "value" : [ "." ]
                                          }, {
                                             "r" : "103",
                                             "s" : [ {
                                                "value" : [ "dischargeDisposition" ]
                                             } ]
                                          } ]
                                       }, {
                                          "value" : [ " in " ]
                                       }, {
                                          "r" : "104",
                                          "s" : [ {
                                             "value" : [ "\"Discharged to Home for Hospice Care\"" ]
                                          } ]
                                       } ]
                                    } ]
                                 }, {
                                    "value" : [ "\n          or " ]
                                 }, {
                                    "r" : "110",
                                    "s" : [ {
                                       "r" : "108",
                                       "s" : [ {
                                          "r" : "107",
                                          "s" : [ {
                                             "value" : [ "IschemicStrokeEncounter" ]
                                          } ]
                                       }, {
                                          "value" : [ "." ]
                                       }, {
                                          "r" : "108",
                                          "s" : [ {
                                             "value" : [ "dischargeDisposition" ]
                                          } ]
                                       } ]
                                    }, {
                                       "value" : [ " in " ]
                                    }, {
                                       "r" : "109",
                                       "s" : [ {
                                          "value" : [ "\"Discharged to Health Care Facility for Hospice Care\"" ]
                                       } ]
                                    } ]
                                 } ]
                              } ]
                           } ]
                        }, {
                           "value" : [ "\n    )" ]
                        } ]
                     }, {
                        "value" : [ "\n  )" ]
                     } ]
                  } ]
               }
            } ],
            "expression" : {
               "localId" : "112",
               "locator" : "28:3-35:3",
               "type" : "Query",
               "source" : [ {
                  "localId" : "87",
                  "locator" : "28:7-28:57",
                  "alias" : "IschemicStrokeEncounter",
                  "expression" : {
                     "localId" : "86",
                     "locator" : "28:7-28:33",
                     "name" : "Ischemic Stroke Encounter",
                     "type" : "ExpressionRef"
                  }
               } ],
               "relationship" : [ ],
               "where" : {
                  "localId" : "111",
                  "locator" : "29:9-33:114",
                  "type" : "Or",
                  "operand" : [ {
                     "localId" : "106",
                     "locator" : "29:15-32:98",
                     "type" : "Or",
                     "operand" : [ {
                        "localId" : "101",
                        "locator" : "29:15-31:78",
                        "type" : "Or",
                        "operand" : [ {
                           "localId" : "96",
                           "locator" : "29:15-30:90",
                           "type" : "Or",
                           "operand" : [ {
                              "localId" : "91",
                              "locator" : "29:15-29:96",
                              "type" : "InValueSet",
                              "code" : {
                                 "localId" : "89",
                                 "locator" : "29:15-29:58",
                                 "path" : "dischargeDisposition",
                                 "scope" : "IschemicStrokeEncounter",
                                 "type" : "Property"
                              },
                              "valueset" : {
                                 "localId" : "90",
                                 "locator" : "29:63-29:96",
                                 "name" : "Discharge To Acute Care Facility",
                                 "type" : "ValueSetRef"
                              }
                           }, {
                              "localId" : "95",
                              "locator" : "30:14-30:90",
                              "type" : "InValueSet",
                              "code" : {
                                 "localId" : "93",
                                 "locator" : "30:14-30:57",
                                 "path" : "dischargeDisposition",
                                 "scope" : "IschemicStrokeEncounter",
                                 "type" : "Property"
                              },
                              "valueset" : {
                                 "localId" : "94",
                                 "locator" : "30:62-30:90",
                                 "name" : "Left Against Medical Advice",
                                 "type" : "ValueSetRef"
                              }
                           } ]
                        }, {
                           "localId" : "100",
                           "locator" : "31:14-31:78",
                           "type" : "InValueSet",
                           "code" : {
                              "localId" : "98",
                              "locator" : "31:14-31:57",
                              "path" : "dischargeDisposition",
                              "scope" : "IschemicStrokeEncounter",
                              "type" : "Property"
                           },
                           "valueset" : {
                              "localId" : "99",
                              "locator" : "31:62-31:78",
                              "name" : "Patient Expired",
                              "type" : "ValueSetRef"
                           }
                        } ]
                     }, {
                        "localId" : "105",
                        "locator" : "32:14-32:98",
                        "type" : "InValueSet",
                        "code" : {
                           "localId" : "103",
                           "locator" : "32:14-32:57",
                           "path" : "dischargeDisposition",
                           "scope" : "IschemicStrokeEncounter",
                           "type" : "Property"
                        },
                        "valueset" : {
                           "localId" : "104",
                           "locator" : "32:62-32:98",
                           "name" : "Discharged to Home for Hospice Care",
                           "type" : "ValueSetRef"
                        }
                     } ]
                  }, {
                     "localId" : "110",
                     "locator" : "33:14-33:114",
                     "type" : "InValueSet",
                     "code" : {
                        "localId" : "108",
                        "locator" : "33:14-33:57",
                        "path" : "dischargeDisposition",
                        "scope" : "IschemicStrokeEncounter",
                        "type" : "Property"
                     },
                     "valueset" : {
                        "localId" : "109",
                        "locator" : "33:62-33:114",
                        "name" : "Discharged to Health Care Facility for Hospice Care",
                        "type" : "ValueSetRef"
                     }
                  } ]
               }
            }
         }, {
            "localId" : "134",
            "locator" : "53:1-56:230",
            "name" : "Encounter with Comfort Measures during Hospitalization",
            "context" : "Patient",
            "accessLevel" : "Public",
            "annotation" : [ {
               "type" : "Annotation",
               "s" : {
                  "r" : "134",
                  "s" : [ {
                     "value" : [ "","define ","\"Encounter with Comfort Measures during Hospitalization\"",":\n  " ]
                  }, {
                     "r" : "133",
                     "s" : [ {
                        "s" : [ {
                           "r" : "115",
                           "s" : [ {
                              "r" : "114",
                              "s" : [ {
                                 "s" : [ {
                                    "value" : [ "\"Ischemic Stroke Encounter\"" ]
                                 } ]
                              } ]
                           }, {
                              "value" : [ " ","IschemicStrokeEncounter" ]
                           } ]
                        } ]
                     }, {
                        "value" : [ "\n    " ]
                     }, {
                        "r" : "132",
                        "s" : [ {
                           "value" : [ "with " ]
                        }, {
                           "r" : "117",
                           "s" : [ {
                              "r" : "116",
                              "s" : [ {
                                 "s" : [ {
                                    "value" : [ "\"Intervention Comfort Measures\"" ]
                                 } ]
                              } ]
                           }, {
                              "value" : [ " ","ComfortMeasure" ]
                           } ]
                        }, {
                           "value" : [ "\n      such that " ]
                        }, {
                           "r" : "131",
                           "s" : [ {
                              "r" : "127",
                              "s" : [ {
                                 "value" : [ "Coalesce","(" ]
                              }, {
                                 "r" : "124",
                                 "s" : [ {
                                    "value" : [ "start of " ]
                                 }, {
                                    "r" : "123",
                                    "s" : [ {
                                       "r" : "118",
                                       "s" : [ {
                                          "value" : [ "Global" ]
                                       } ]
                                    }, {
                                       "value" : [ "." ]
                                    }, {
                                       "r" : "123",
                                       "s" : [ {
                                          "value" : [ "\"NormalizeInterval\"","(" ]
                                       }, {
                                          "r" : "120",
                                          "s" : [ {
                                             "r" : "119",
                                             "s" : [ {
                                                "value" : [ "ComfortMeasure" ]
                                             } ]
                                          }, {
                                             "value" : [ "." ]
                                          }, {
                                             "r" : "120",
                                             "s" : [ {
                                                "value" : [ "relevantDatetime" ]
                                             } ]
                                          } ]
                                       }, {
                                          "value" : [ ", " ]
                                       }, {
                                          "r" : "122",
                                          "s" : [ {
                                             "r" : "121",
                                             "s" : [ {
                                                "value" : [ "ComfortMeasure" ]
                                             } ]
                                          }, {
                                             "value" : [ "." ]
                                          }, {
                                             "r" : "122",
                                             "s" : [ {
                                                "value" : [ "relevantPeriod" ]
                                             } ]
                                          } ]
                                       }, {
                                          "value" : [ ")" ]
                                       } ]
                                    } ]
                                 } ]
                              }, {
                                 "value" : [ ", " ]
                              }, {
                                 "r" : "126",
                                 "s" : [ {
                                    "r" : "125",
                                    "s" : [ {
                                       "value" : [ "ComfortMeasure" ]
                                    } ]
                                 }, {
                                    "value" : [ "." ]
                                 }, {
                                    "r" : "126",
                                    "s" : [ {
                                       "value" : [ "authorDatetime" ]
                                    } ]
                                 } ]
                              }, {
                                 "value" : [ ")" ]
                              } ]
                           }, {
                              "r" : "131",
                              "value" : [ "during"," " ]
                           }, {
                              "r" : "130",
                              "s" : [ {
                                 "r" : "128",
                                 "s" : [ {
                                    "value" : [ "Global" ]
                                 } ]
                              }, {
                                 "value" : [ "." ]
                              }, {
                                 "r" : "130",
                                 "s" : [ {
                                    "value" : [ "\"HospitalizationWithObservation\""," ( " ]
                                 }, {
                                    "r" : "129",
                                    "s" : [ {
                                       "value" : [ "IschemicStrokeEncounter" ]
                                    } ]
                                 }, {
                                    "value" : [ " )" ]
                                 } ]
                              } ]
                           } ]
                        } ]
                     } ]
                  } ]
               }
            } ],
            "expression" : {
               "localId" : "133",
               "locator" : "54:3-56:230",
               "type" : "Query",
               "source" : [ {
                  "localId" : "115",
                  "locator" : "54:3-54:53",
                  "alias" : "IschemicStrokeEncounter",
                  "expression" : {
                     "localId" : "114",
                     "locator" : "54:3-54:29",
                     "name" : "Ischemic Stroke Encounter",
                     "type" : "ExpressionRef"
                  }
               } ],
               "relationship" : [ {
                  "localId" : "132",
                  "locator" : "55:5-56:230",
                  "alias" : "ComfortMeasure",
                  "type" : "With",
                  "expression" : {
                     "localId" : "116",
                     "locator" : "55:10-55:40",
                     "name" : "Intervention Comfort Measures",
                     "type" : "ExpressionRef"
                  },
                  "suchThat" : {
                     "localId" : "131",
                     "locator" : "56:17-56:230",
                     "type" : "In",
                     "operand" : [ {
                        "localId" : "127",
                        "locator" : "56:17-56:156",
                        "type" : "Coalesce",
                        "operand" : [ {
                           "localId" : "124",
                           "locator" : "56:26-56:124",
                           "type" : "Start",
                           "operand" : {
                              "localId" : "123",
                              "locator" : "56:35-56:124",
                              "name" : "NormalizeInterval",
                              "libraryName" : "Global",
                              "type" : "FunctionRef",
                              "operand" : [ {
                                 "localId" : "120",
                                 "locator" : "56:62-56:92",
                                 "path" : "relevantDatetime",
                                 "scope" : "ComfortMeasure",
                                 "type" : "Property"
                              }, {
                                 "localId" : "122",
                                 "locator" : "56:95-56:123",
                                 "path" : "relevantPeriod",
                                 "scope" : "ComfortMeasure",
                                 "type" : "Property"
                              } ]
                           }
                        }, {
                           "localId" : "126",
                           "locator" : "56:127-56:155",
                           "path" : "authorDatetime",
                           "scope" : "ComfortMeasure",
                           "type" : "Property"
                        } ]
                     }, {
                        "localId" : "130",
                        "locator" : "56:164-56:230",
                        "name" : "HospitalizationWithObservation",
                        "libraryName" : "Global",
                        "type" : "FunctionRef",
                        "operand" : [ {
                           "localId" : "129",
                           "locator" : "56:206-56:228",
                           "name" : "IschemicStrokeEncounter",
                           "type" : "AliasRef"
                        } ]
                     } ]
                  }
               } ]
            }
         }, {
            "localId" : "149",
            "locator" : "67:1-68:100",
            "name" : "TruncateTime",
            "context" : "Patient",
            "accessLevel" : "Public",
            "type" : "FunctionDef",
            "annotation" : [ {
               "type" : "Annotation",
               "s" : {
                  "r" : "149",
                  "s" : [ {
                     "value" : [ "","define function ","\"TruncateTime\"","(","Value"," " ]
                  }, {
                     "r" : "135",
                     "s" : [ {
                        "value" : [ "DateTime" ]
                     } ]
                  }, {
                     "value" : [ " ):\n  " ]
                  }, {
                     "r" : "148",
                     "s" : [ {
                        "r" : "148",
                        "s" : [ {
                           "value" : [ "DateTime","(" ]
                        }, {
                           "r" : "137",
                           "s" : [ {
                              "value" : [ "year from " ]
                           }, {
                              "r" : "136",
                              "s" : [ {
                                 "value" : [ "Value" ]
                              } ]
                           } ]
                        }, {
                           "value" : [ ", " ]
                        }, {
                           "r" : "139",
                           "s" : [ {
                              "value" : [ "month from " ]
                           }, {
                              "r" : "138",
                              "s" : [ {
                                 "value" : [ "Value" ]
                              } ]
                           } ]
                        }, {
                           "value" : [ ", " ]
                        }, {
                           "r" : "141",
                           "s" : [ {
                              "value" : [ "day from " ]
                           }, {
                              "r" : "140",
                              "s" : [ {
                                 "value" : [ "Value" ]
                              } ]
                           } ]
                        }, {
                           "r" : "142",
                           "value" : [ ", ","0",", ","0",", ","0",", ","0",", " ]
                        }, {
                           "r" : "147",
                           "s" : [ {
                              "value" : [ "timezoneoffset from " ]
                           }, {
                              "r" : "146",
                              "s" : [ {
                                 "value" : [ "Value" ]
                              } ]
                           } ]
                        }, {
                           "value" : [ ")" ]
                        } ]
                     } ]
                  } ]
               }
            } ],
            "expression" : {
               "localId" : "148",
               "locator" : "68:3-68:100",
               "type" : "DateTime",
               "year" : {
                  "localId" : "137",
                  "locator" : "68:12-68:26",
                  "precision" : "Year",
                  "type" : "DateTimeComponentFrom",
                  "operand" : {
                     "localId" : "136",
                     "locator" : "68:22-68:26",
                     "name" : "Value",
                     "type" : "OperandRef"
                  }
               },
               "month" : {
                  "localId" : "139",
                  "locator" : "68:29-68:44",
                  "precision" : "Month",
                  "type" : "DateTimeComponentFrom",
                  "operand" : {
                     "localId" : "138",
                     "locator" : "68:40-68:44",
                     "name" : "Value",
                     "type" : "OperandRef"
                  }
               },
               "day" : {
                  "localId" : "141",
                  "locator" : "68:47-68:60",
                  "precision" : "Day",
                  "type" : "DateTimeComponentFrom",
                  "operand" : {
                     "localId" : "140",
                     "locator" : "68:56-68:60",
                     "name" : "Value",
                     "type" : "OperandRef"
                  }
               },
               "hour" : {
                  "localId" : "142",
                  "locator" : "68:63",
                  "valueType" : "{urn:hl7-org:elm-types:r1}Integer",
                  "value" : "0",
                  "type" : "Literal"
               },
               "minute" : {
                  "localId" : "143",
                  "locator" : "68:66",
                  "valueType" : "{urn:hl7-org:elm-types:r1}Integer",
                  "value" : "0",
                  "type" : "Literal"
               },
               "second" : {
                  "localId" : "144",
                  "locator" : "68:69",
                  "valueType" : "{urn:hl7-org:elm-types:r1}Integer",
                  "value" : "0",
                  "type" : "Literal"
               },
               "millisecond" : {
                  "localId" : "145",
                  "locator" : "68:72",
                  "valueType" : "{urn:hl7-org:elm-types:r1}Integer",
                  "value" : "0",
                  "type" : "Literal"
               },
               "timezoneOffset" : {
                  "localId" : "147",
                  "locator" : "68:75-68:99",
                  "type" : "TimezoneOffsetFrom",
                  "operand" : {
                     "localId" : "146",
                     "locator" : "68:95-68:99",
                     "name" : "Value",
                     "type" : "OperandRef"
                  }
               }
            },
            "operand" : [ {
               "name" : "Value",
               "operandTypeSpecifier" : {
                  "localId" : "135",
                  "locator" : "67:38-67:45",
                  "name" : "{urn:hl7-org:elm-types:r1}DateTime",
                  "type" : "NamedTypeSpecifier"
               }
            } ]
         }, {
            "localId" : "158",
            "locator" : "70:1-71:75",
            "name" : "CalendarDayOfOrDayAfter",
            "context" : "Patient",
            "accessLevel" : "Public",
            "type" : "FunctionDef",
            "annotation" : [ {
               "type" : "Annotation",
               "s" : {
                  "r" : "158",
                  "s" : [ {
                     "value" : [ "","define function ","\"CalendarDayOfOrDayAfter\"","(","StartValue"," " ]
                  }, {
                     "r" : "150",
                     "s" : [ {
                        "value" : [ "DateTime" ]
                     } ]
                  }, {
                     "value" : [ " ):\n  " ]
                  }, {
                     "r" : "157",
                     "s" : [ {
                        "r" : "157",
                        "s" : [ {
                           "value" : [ "Interval[" ]
                        }, {
                           "r" : "152",
                           "s" : [ {
                              "value" : [ "\"TruncateTime\"","(" ]
                           }, {
                              "r" : "151",
                              "s" : [ {
                                 "value" : [ "StartValue" ]
                              } ]
                           }, {
                              "value" : [ ")" ]
                           } ]
                        }, {
                           "value" : [ ", " ]
                        }, {
                           "r" : "156",
                           "s" : [ {
                              "value" : [ "\"TruncateTime\"","(" ]
                           }, {
                              "r" : "155",
                              "s" : [ {
                                 "r" : "153",
                                 "s" : [ {
                                    "value" : [ "StartValue" ]
                                 } ]
                              }, {
                                 "value" : [ " + " ]
                              }, {
                                 "r" : "154",
                                 "s" : [ {
                                    "value" : [ "2 ","days" ]
                                 } ]
                              } ]
                           }, {
                              "value" : [ ")" ]
                           } ]
                        }, {
                           "value" : [ ")" ]
                        } ]
                     } ]
                  } ]
               }
            } ],
            "expression" : {
               "localId" : "157",
               "locator" : "71:3-71:75",
               "lowClosed" : true,
               "highClosed" : false,
               "type" : "Interval",
               "low" : {
                  "localId" : "152",
                  "locator" : "71:12-71:37",
                  "name" : "TruncateTime",
                  "type" : "FunctionRef",
                  "operand" : [ {
                     "localId" : "151",
                     "locator" : "71:27-71:36",
                     "name" : "StartValue",
                     "type" : "OperandRef"
                  } ]
               },
               "high" : {
                  "localId" : "156",
                  "locator" : "71:40-71:74",
                  "name" : "TruncateTime",
                  "type" : "FunctionRef",
                  "operand" : [ {
                     "localId" : "155",
                     "locator" : "71:55-71:73",
                     "type" : "Add",
                     "operand" : [ {
                        "localId" : "153",
                        "locator" : "71:55-71:64",
                        "name" : "StartValue",
                        "type" : "OperandRef"
                     }, {
                        "localId" : "154",
                        "locator" : "71:68-71:73",
                        "value" : 2,
                        "unit" : "days",
                        "type" : "Quantity"
                     } ]
                  } ]
               }
            },
            "operand" : [ {
               "name" : "StartValue",
               "operandTypeSpecifier" : {
                  "localId" : "150",
                  "locator" : "70:54-70:61",
                  "name" : "{urn:hl7-org:elm-types:r1}DateTime",
                  "type" : "NamedTypeSpecifier"
               }
            } ]
         }, {
            "localId" : "165",
            "locator" : "73:1-74:81",
            "name" : "HospitalizationWithObservationLengthofStay",
            "context" : "Patient",
            "accessLevel" : "Public",
            "type" : "FunctionDef",
            "annotation" : [ {
               "type" : "Annotation",
               "s" : {
                  "r" : "165",
                  "s" : [ {
                     "value" : [ "","define function ","\"HospitalizationWithObservationLengthofStay\"","(","Encounter"," " ]
                  }, {
                     "r" : "159",
                     "s" : [ {
                        "value" : [ "\"Encounter, Performed\"" ]
                     } ]
                  }, {
                     "value" : [ " ):\n  " ]
                  }, {
                     "r" : "164",
                     "s" : [ {
                        "r" : "164",
                        "s" : [ {
                           "r" : "160",
                           "s" : [ {
                              "value" : [ "Global" ]
                           } ]
                        }, {
                           "value" : [ "." ]
                        }, {
                           "r" : "164",
                           "s" : [ {
                              "value" : [ "\"LengthInDays\""," ( " ]
                           }, {
                              "r" : "163",
                              "s" : [ {
                                 "r" : "161",
                                 "s" : [ {
                                    "value" : [ "Global" ]
                                 } ]
                              }, {
                                 "value" : [ "." ]
                              }, {
                                 "r" : "163",
                                 "s" : [ {
                                    "value" : [ "\"HospitalizationWithObservation\""," ( " ]
                                 }, {
                                    "r" : "162",
                                    "s" : [ {
                                       "value" : [ "Encounter" ]
                                    } ]
                                 }, {
                                    "value" : [ " )" ]
                                 } ]
                              } ]
                           }, {
                              "value" : [ " )" ]
                           } ]
                        } ]
                     } ]
                  } ]
               }
            } ],
            "expression" : {
               "localId" : "164",
               "locator" : "74:3-74:81",
               "name" : "LengthInDays",
               "libraryName" : "Global",
               "type" : "FunctionRef",
               "operand" : [ {
                  "localId" : "163",
                  "locator" : "74:27-74:79",
                  "name" : "HospitalizationWithObservation",
                  "libraryName" : "Global",
                  "type" : "FunctionRef",
                  "operand" : [ {
                     "localId" : "162",
                     "locator" : "74:69-74:77",
                     "name" : "Encounter",
                     "type" : "OperandRef"
                  } ]
               } ]
            },
            "operand" : [ {
               "name" : "Encounter",
               "operandTypeSpecifier" : {
                  "localId" : "159",
                  "locator" : "73:72-73:93",
                  "name" : "{urn:healthit-gov:qdm:v5_6}PositiveEncounterPerformed",
                  "type" : "NamedTypeSpecifier"
               }
            } ]
         } ]
      }
   }
}