<?xml version="1.0" encoding="UTF-8" standalone="yes"?>
<QualityMeasureDocument xmlns="urn:hl7-org:v3"
                        xmlns:cql-ext="urn:hhs-cql:hqmf-n1-extensions:v1"
                        xmlns:xsi="http://www.w3.org/2001/XMLSchema-instance">

      <!--
            **************************************************************
            Measure Details Section
            **************************************************************
        -->
   <typeId extension="POQM_HD000001UV02" root="2.16.840.1.113883.1.3"/>
   <templateId>
      <item extension="2021-02-01" root="2.16.840.1.113883.10.20.28.1.2"/>
   </templateId>
   <id root="5f4ca523-517d-4872-ba8d-63a29e337d85"/>
   <code code="57024-2" codeSystem="2.16.840.1.113883.6.1">
      <displayName value="Health Quality Measure Document"/>
   </code>
   <title value="Colorectal Cancer Screening"/>
   <text
         value="Percentage of adults 45-75 years of age who had appropriate screening for colorectal cancer"/>
   <statusCode code="COMPLETED"/>
   <setId root="aa2a4bbc-864f-45ee-b17a-7ebcc62e6aac"/>
   <versionNumber value="14.0.000"/>
   <author>
      <responsibleParty classCode="ASSIGNED">
         <representedResponsibleOrganization classCode="ORG" determinerCode="INSTANCE">
            <id>
               <item root="2.16.840.1.113883.3.464"/>
            </id>
            <name>
               <item>
                  <part value="National Committee for Quality Assurance"/>
               </item>
            </name>
         </representedResponsibleOrganization>
      </responsibleParty>
   </author>
   <custodian>
      <responsibleParty classCode="ASSIGNED">
         <representedResponsibleOrganization classCode="ORG" determinerCode="INSTANCE">
            <id>
               <item root="2.16.840.1.113883.3.464"/>
            </id>
            <name>
               <item>
                  <part value="National Committee for Quality Assurance"/>
               </item>
            </name>
         </representedResponsibleOrganization>
      </responsibleParty>
   </custodian>
   <!--Encounter Inpatient-->
   <definition>
      <valueSet classCode="OBS" moodCode="DEF">
         <id root="2.16.840.1.113883.3.666.5.307"/>
         <title value="Encounter Inpatient"/>
      </valueSet>
   </definition>
   <!--sDNA FIT Test-->
   <definition>
      <valueSet classCode="OBS" moodCode="DEF">
         <id root="2.16.840.1.113883.3.464.1003.108.12.1039"/>
         <title value="sDNA FIT Test"/>
      </valueSet>
   </definition>
   <!--CT Colonography-->
   <definition>
      <valueSet classCode="OBS" moodCode="DEF">
         <id root="2.16.840.1.113883.3.464.1003.108.12.1038"/>
         <title value="CT Colonography"/>
      </valueSet>
   </definition>
   <!--Dementia Medications-->
   <definition>
      <valueSet classCode="OBS" moodCode="DEF">
         <id root="2.16.840.1.113883.3.464.1003.196.12.1510"/>
         <title value="Dementia Medications"/>
      </valueSet>
   </definition>
   <!--Race-->
   <definition>
      <valueSet classCode="OBS" moodCode="DEF">
         <id root="2.16.840.1.114222.4.11.836"/>
         <title value="Race"/>
      </valueSet>
   </definition>
   <!--Payer Type-->
   <definition>
      <valueSet classCode="OBS" moodCode="DEF">
         <id root="2.16.840.1.114222.4.11.3591"/>
         <title value="Payer Type"/>
      </valueSet>
   </definition>
   <!--Malignant Neoplasm of Colon-->
   <definition>
      <valueSet classCode="OBS" moodCode="DEF">
         <id root="2.16.840.1.113883.3.464.1003.108.12.1001"/>
         <title value="Malignant Neoplasm of Colon"/>
      </valueSet>
   </definition>
   <!--Hospice Care Ambulatory-->
   <definition>
      <valueSet classCode="OBS" moodCode="DEF">
         <id root="2.16.840.1.113883.3.526.3.1584"/>
         <title value="Hospice Care Ambulatory"/>
      </valueSet>
   </definition>
   <!--Federal Administrative Sex-->
   <definition>
      <valueSet classCode="OBS" moodCode="DEF">
         <id root="2.16.840.1.113762.1.4.1021.121"/>
         <title value="Federal Administrative Sex"/>
      </valueSet>
   </definition>
   <!--Ethnicity-->
   <definition>
      <valueSet classCode="OBS" moodCode="DEF">
         <id root="2.16.840.1.114222.4.11.837"/>
         <title value="Ethnicity"/>
      </valueSet>
   </definition>
   <!--Frailty Device-->
   <definition>
      <valueSet classCode="OBS" moodCode="DEF">
         <id root="2.16.840.1.113883.3.464.1003.118.12.1300"/>
         <title value="Frailty Device"/>
      </valueSet>
   </definition>
   <!--Total Colectomy-->
   <definition>
      <valueSet classCode="OBS" moodCode="DEF">
         <id root="2.16.840.1.113883.3.464.1003.198.12.1019"/>
         <title value="Total Colectomy"/>
      </valueSet>
   </definition>
   <!--Fecal Occult Blood Test (FOBT)-->
   <definition>
      <valueSet classCode="OBS" moodCode="DEF">
         <id root="2.16.840.1.113883.3.464.1003.198.12.1011"/>
         <title value="Fecal Occult Blood Test (FOBT)"/>
      </valueSet>
   </definition>
   <!--Office Visit-->
   <definition>
      <valueSet classCode="OBS" moodCode="DEF">
         <id root="2.16.840.1.113883.3.464.1003.101.12.1001"/>
         <title value="Office Visit"/>
      </valueSet>
   </definition>
   <!--Hospice Diagnosis-->
   <definition>
      <valueSet classCode="OBS" moodCode="DEF">
         <id root="2.16.840.1.113883.3.464.1003.1165"/>
         <title value="Hospice Diagnosis"/>
      </valueSet>
   </definition>
   <!--Palliative Care Encounter-->
   <definition>
      <valueSet classCode="OBS" moodCode="DEF">
         <id root="2.16.840.1.113883.3.464.1003.101.12.1090"/>
         <title value="Palliative Care Encounter"/>
      </valueSet>
   </definition>
   <!--Flexible Sigmoidoscopy-->
   <definition>
      <valueSet classCode="OBS" moodCode="DEF">
         <id root="2.16.840.1.113883.3.464.1003.198.12.1010"/>
         <title value="Flexible Sigmoidoscopy"/>
      </valueSet>
   </definition>
   <!--Frailty Symptom-->
   <definition>
      <valueSet classCode="OBS" moodCode="DEF">
         <id root="2.16.840.1.113883.3.464.1003.113.12.1075"/>
         <title value="Frailty Symptom"/>
      </valueSet>
   </definition>
   <!--Home Healthcare Services-->
   <definition>
      <valueSet classCode="OBS" moodCode="DEF">
         <id root="2.16.840.1.113883.3.464.1003.101.12.1016"/>
         <title value="Home Healthcare Services"/>
      </valueSet>
   </definition>
   <!--Hospice Encounter-->
   <definition>
      <valueSet classCode="OBS" moodCode="DEF">
         <id root="2.16.840.1.113883.3.464.1003.1003"/>
         <title value="Hospice Encounter"/>
      </valueSet>
   </definition>
   <!--Colonoscopy-->
   <definition>
      <valueSet classCode="OBS" moodCode="DEF">
         <id root="2.16.840.1.113883.3.464.1003.108.12.1020"/>
         <title value="Colonoscopy"/>
      </valueSet>
   </definition>
   <!--Annual Wellness Visit-->
   <definition>
      <valueSet classCode="OBS" moodCode="DEF">
         <id root="2.16.840.1.113883.3.526.3.1240"/>
         <title value="Annual Wellness Visit"/>
      </valueSet>
   </definition>
   <!--Palliative Care Intervention-->
   <definition>
      <valueSet classCode="OBS" moodCode="DEF">
         <id root="2.16.840.1.113883.3.464.1003.198.12.1135"/>
         <title value="Palliative Care Intervention"/>
      </valueSet>
   </definition>
   <!--Telephone Visits-->
   <definition>
      <valueSet classCode="OBS" moodCode="DEF">
         <id root="2.16.840.1.113883.3.464.1003.101.12.1080"/>
         <title value="Telephone Visits"/>
      </valueSet>
   </definition>
   <!--Advanced Illness-->
   <definition>
      <valueSet classCode="OBS" moodCode="DEF">
         <id root="2.16.840.1.113883.3.464.1003.110.12.1082"/>
         <title value="Advanced Illness"/>
      </valueSet>
   </definition>
   <!--Palliative Care Diagnosis-->
   <definition>
      <valueSet classCode="OBS" moodCode="DEF">
         <id root="2.16.840.1.113883.3.464.1003.1167"/>
         <title value="Palliative Care Diagnosis"/>
      </valueSet>
   </definition>
   <!--Preventive Care Services Established Office Visit, 18 and Up-->
   <definition>
      <valueSet classCode="OBS" moodCode="DEF">
         <id root="2.16.840.1.113883.3.464.1003.101.12.1025"/>
         <title value="Preventive Care Services Established Office Visit, 18 and Up"/>
      </valueSet>
   </definition>
   <!--Virtual Encounter-->
   <definition>
      <valueSet classCode="OBS" moodCode="DEF">
         <id root="2.16.840.1.113883.3.464.1003.101.12.1089"/>
         <title value="Virtual Encounter"/>
      </valueSet>
   </definition>
   <!--Frailty Diagnosis-->
   <definition>
      <valueSet classCode="OBS" moodCode="DEF">
         <id root="2.16.840.1.113883.3.464.1003.113.12.1074"/>
         <title value="Frailty Diagnosis"/>
      </valueSet>
   </definition>
   <!--Preventive Care Services Initial Office Visit, 18 and Up-->
   <definition>
      <valueSet classCode="OBS" moodCode="DEF">
         <id root="2.16.840.1.113883.3.464.1003.101.12.1023"/>
         <title value="Preventive Care Services Initial Office Visit, 18 and Up"/>
      </valueSet>
   </definition>
   <!--Frailty Encounter-->
   <definition>
      <valueSet classCode="OBS" moodCode="DEF">
         <id root="2.16.840.1.113883.3.464.1003.101.12.1088"/>
         <title value="Frailty Encounter"/>
      </valueSet>
   </definition>
   <!--Discharge to healthcare facility for hospice care (procedure)- -->
   <definition>
      <cql-ext:code code="428371000124100"
                    codeSystem="2.16.840.1.113883.6.96"
                    codeSystemName="SNOMEDCT">
         <displayName value="Discharge to healthcare facility for hospice care (procedure)"/>
      </cql-ext:code>
   </definition>
   <!--Yes (qualifier value)- -->
   <definition>
      <cql-ext:code code="373066001"
                    codeSystem="2.16.840.1.113883.6.96"
                    codeSystemName="SNOMEDCT">
         <displayName value="Yes (qualifier value)"/>
      </cql-ext:code>
   </definition>
   <!--Discharge to home for hospice care (procedure)- -->
   <definition>
      <cql-ext:code code="428361000124107"
                    codeSystem="2.16.840.1.113883.6.96"
                    codeSystemName="SNOMEDCT">
         <displayName value="Discharge to home for hospice care (procedure)"/>
      </cql-ext:code>
   </definition>
   <!--Hospice care [Minimum Data Set]- -->
   <definition>
      <cql-ext:code code="45755-6"
                    codeSystem="2.16.840.1.113883.6.1"
                    codeSystemName="LOINC">
         <displayName value="Hospice care [Minimum Data Set]"/>
      </cql-ext:code>
   </definition>
   <!--Functional Assessment of Chronic Illness Therapy - Palliative Care Questionnaire (FACIT-Pal)- -->
   <definition>
      <cql-ext:code code="71007-9"
                    codeSystem="2.16.840.1.113883.6.1"
                    codeSystemName="LOINC">
         <displayName value="Functional Assessment of Chronic Illness Therapy - Palliative Care Questionnaire (FACIT-Pal)"/>
      </cql-ext:code>
   </definition>
   <!--Lives in nursing home (finding)- -->
   <definition>
      <cql-ext:code code="160734000"
                    codeSystem="2.16.840.1.113883.6.96"
                    codeSystemName="SNOMEDCT">
         <displayName value="Lives in nursing home (finding)"/>
      </cql-ext:code>
   </definition>
   <!--Housing status- -->
   <definition>
      <cql-ext:code code="71802-3"
                    codeSystem="2.16.840.1.113883.6.1"
                    codeSystemName="LOINC">
         <displayName value="Housing status"/>
      </cql-ext:code>
   </definition>
   <!--Medical equipment used- -->
   <definition>
      <cql-ext:code code="98181-1"
                    codeSystem="2.16.840.1.113883.6.1"
                    codeSystemName="LOINC">
         <displayName value="Medical equipment used"/>
      </cql-ext:code>
   </definition>
   <relatedDocument typeCode="COMP">
      <expressionDocument>
         <id root="bd53eb57-a384-4697-99f8-3e4f0f24f647"/>
         <text mediaType="text/cql">
            <reference value="https://madie.cms.gov/libraries/aa2a4bbc-864f-45ee-b17a-7ebcc62e6aac/CMS130ColorectalCancerScreening-14.0.000.cql"/>
            <translation mediaType="application/elm+xml">
               <reference value="https://madie.cms.gov/libraries/aa2a4bbc-864f-45ee-b17a-7ebcc62e6aac/CMS130ColorectalCancerScreening-14.0.000.xml"/>
            </translation>
            <translation mediaType="application/elm+json">
               <reference value="https://madie.cms.gov/libraries/aa2a4bbc-864f-45ee-b17a-7ebcc62e6aac/CMS130ColorectalCancerScreening-14.0.000.json"/>
            </translation>
         </text>
         <setId extension="aa2a4bbc-864f-45ee-b17a-7ebcc62e6aac"
                identifierName="CMS130ColorectalCancerScreening"
                root="https://madie.cms.gov/libraries"/>
         <versionNumber value="14.0.000"/>
      </expressionDocument>
   </relatedDocument>
   <relatedDocument typeCode="COMP">
      <expressionDocument>
         <id root="a8b2f000-8dbc-4b8c-afd4-c869cda9ce49"/>
         <text mediaType="text/cql">
            <reference value="https://madie.cms.gov/libraries/a8b2f000-8dbc-4b8c-afd4-c869cda9ce49/CQMCommonQDM-9.0.000.cql"/>
            <translation mediaType="application/elm+xml">
               <reference value="https://madie.cms.gov/libraries/a8b2f000-8dbc-4b8c-afd4-c869cda9ce49/CQMCommonQDM-9.0.000.xml"/>
            </translation>
            <translation mediaType="application/elm+json">
               <reference value="https://madie.cms.gov/libraries/a8b2f000-8dbc-4b8c-afd4-c869cda9ce49/CQMCommonQDM-9.0.000.json"/>
            </translation>
         </text>
         <setId extension="a8b2f000-8dbc-4b8c-afd4-c869cda9ce49"
                identifierName="CQMCommonQDM"
                root="https://madie.cms.gov/libraries"/>
         <versionNumber value="9.0.000"/>
      </expressionDocument>
   </relatedDocument>
   <relatedDocument typeCode="COMP">
      <expressionDocument>
         <id root="dce9dbab-466d-479b-82b8-a56e83eb21ed"/>
         <text mediaType="text/cql">
            <reference value="https://madie.cms.gov/libraries/dce9dbab-466d-479b-82b8-a56e83eb21ed/AdultOutpatientEncountersQDM-4.0.000.cql"/>
            <translation mediaType="application/elm+xml">
               <reference value="https://madie.cms.gov/libraries/dce9dbab-466d-479b-82b8-a56e83eb21ed/AdultOutpatientEncountersQDM-4.0.000.xml"/>
            </translation>
            <translation mediaType="application/elm+json">
               <reference value="https://madie.cms.gov/libraries/dce9dbab-466d-479b-82b8-a56e83eb21ed/AdultOutpatientEncountersQDM-4.0.000.json"/>
            </translation>
         </text>
         <setId extension="dce9dbab-466d-479b-82b8-a56e83eb21ed"
                identifierName="AdultOutpatientEncountersQDM"
                root="https://madie.cms.gov/libraries"/>
         <versionNumber value="4.0.000"/>
      </expressionDocument>
   </relatedDocument>
   <relatedDocument typeCode="COMP">
      <expressionDocument>
         <id root="263bbd51-e8d8-44a8-8ed2-c77d80a41576"/>
         <text mediaType="text/cql">
            <reference value="https://madie.cms.gov/libraries/263bbd51-e8d8-44a8-8ed2-c77d80a41576/AdvancedIllnessandFrailtyQDM-10.0.000.cql"/>
            <translation mediaType="application/elm+xml">
               <reference value="https://madie.cms.gov/libraries/263bbd51-e8d8-44a8-8ed2-c77d80a41576/AdvancedIllnessandFrailtyQDM-10.0.000.xml"/>
            </translation>
            <translation mediaType="application/elm+json">
               <reference value="https://madie.cms.gov/libraries/263bbd51-e8d8-44a8-8ed2-c77d80a41576/AdvancedIllnessandFrailtyQDM-10.0.000.json"/>
            </translation>
         </text>
         <setId extension="263bbd51-e8d8-44a8-8ed2-c77d80a41576"
                identifierName="AdvancedIllnessandFrailtyQDM"
                root="https://madie.cms.gov/libraries"/>
         <versionNumber value="10.0.000"/>
      </expressionDocument>
   </relatedDocument>
   <relatedDocument typeCode="COMP">
      <expressionDocument>
         <id root="7d70672e-7cbe-49e7-84ca-0d59d890da7c"/>
         <text mediaType="text/cql">
            <reference value="https://madie.cms.gov/libraries/7d70672e-7cbe-49e7-84ca-0d59d890da7c/PalliativeCareQDM-5.0.000.cql"/>
            <translation mediaType="application/elm+xml">
               <reference value="https://madie.cms.gov/libraries/7d70672e-7cbe-49e7-84ca-0d59d890da7c/PalliativeCareQDM-5.0.000.xml"/>
            </translation>
            <translation mediaType="application/elm+json">
               <reference value="https://madie.cms.gov/libraries/7d70672e-7cbe-49e7-84ca-0d59d890da7c/PalliativeCareQDM-5.0.000.json"/>
            </translation>
         </text>
         <setId extension="7d70672e-7cbe-49e7-84ca-0d59d890da7c"
                identifierName="PalliativeCareQDM"
                root="https://madie.cms.gov/libraries"/>
         <versionNumber value="5.0.000"/>
      </expressionDocument>
   </relatedDocument>
   <relatedDocument typeCode="COMP">
      <expressionDocument>
         <id root="c9838d94-1643-4233-a890-4731133552ec"/>
         <text mediaType="text/cql">
            <reference value="https://madie.cms.gov/libraries/c9838d94-1643-4233-a890-4731133552ec/HospiceQDM-7.0.000.cql"/>
            <translation mediaType="application/elm+xml">
               <reference value="https://madie.cms.gov/libraries/c9838d94-1643-4233-a890-4731133552ec/HospiceQDM-7.0.000.xml"/>
            </translation>
            <translation mediaType="application/elm+json">
               <reference value="https://madie.cms.gov/libraries/c9838d94-1643-4233-a890-4731133552ec/HospiceQDM-7.0.000.json"/>
            </translation>
         </text>
         <setId extension="c9838d94-1643-4233-a890-4731133552ec"
                identifierName="HospiceQDM"
                root="https://madie.cms.gov/libraries"/>
         <versionNumber value="7.0.000"/>
      </expressionDocument>
   </relatedDocument>
   <controlVariable>
      <measurePeriod>
         <id extension="measureperiod" root="05c59802-efca-4aec-973e-a78efe0416da"/>
         <code code="MSRTP" codeSystem="2.16.840.1.113883.5.4">
            <originalText value="Measurement Period"/>
         </code>
         <value highClosed="false" lowClosed="true" xsi:type="IVL_TS">
            <low value="20260101"/>
            <high value="20270101"/>
         </value>
      </measurePeriod>
   </controlVariable>
   <subjectOf>
      <measureAttribute>
         <code nullFlavor="OTH">
            <originalText value="CMS ID"/>
         </code>
         <value mediaType="text/plain" value="130" xsi:type="ED"/>
      </measureAttribute>
   </subjectOf>
   <subjectOf>
      <measureAttribute>
         <code nullFlavor="OTH">
            <originalText value="CBE Number"/>
         </code>
         <value mediaType="text/plain" value="Not Applicable" xsi:type="ED"/>
      </measureAttribute>
   </subjectOf>
   <subjectOf>
      <measureAttribute>
         <code code="COPY" codeSystem="2.16.840.1.113883.5.4">
            <displayName value="Copyright"/>
         </code>
         <value mediaType="text/plain"
                value="This Physician Performance Measure (Measure) and related data specifications are owned and were developed by the National Committee for Quality Assurance (NCQA). NCQA is not responsible for any use of the Measure. NCQA makes no representations, warranties or endorsements about the quality of any product, test or protocol identified as numerator compliant or otherwise identified as meeting the requirements of the measure or specification. NCQA makes no representations, warranties, or endorsement about the quality of any organization or physician that uses or reports performance measures and NCQA has no liability to anyone who relies on such measures or specifications. NCQA holds a copyright in the Measure. The Measure may be used for internal, noncommercial purposes (e.g., use by healthcare providers in connection with their practices) without obtaining approval from NCQA. All other uses, including a commercial use (including but not limited to vendors using or embedding the measures and specifications into any product or service to calculate measure results for customers for any purpose), must be approved by NCQA and are subject to a license at the discretion of NCQA. (C) 2012-2025 National Committee for Quality Assurance. All Rights Reserved. Limited proprietary coding is contained in the Measure specifications for user convenience. Users of proprietary code sets should obtain all necessary licenses from the owners of the code sets. NCQA disclaims all liability for use or accuracy of any third-party codes contained in the specifications. CPT(R) codes, descriptions and other data are copyright 2025. American Medical Association. All rights reserved. CPT is a trademark of the American Medical Association. Fee schedules, relative value units, conversion factors and/or related components are not assigned by the AMA, are not part of CPT, and the AMA is not recommending their use. The AMA does not directly or indirectly practice medicine or dispense medical services. The AMA assumes no liability for data contained or not contained herein. Applicable FARS/DFARS restrictions apply to government use. Some measure specifications contain coding from LOINC(R) (https://loinc.org). The LOINC table, LOINC codes, LOINC panels and form file, LOINC linguistic variants file, LOINC/RSNA Radiology Playbook, and LOINC/IEEE Medical Device Code Mapping Table are copyright 2004-2025 Regenstrief Institute, Inc. and the Logical Observation Identifiers Names and Codes (LOINC) Committee, and are available at no cost under the license at https://loinc.org/kb/license/. This material contains SNOMED Clinical Terms(R) (SNOMED CT[R]) copyright 2004-2024 International Health Terminology Standards Development Organisation. ICD-10 copyright 2025 World Health Organization. All Rights Reserved. Some measures use RxNorm, a standardized nomenclature and coding for clinical drugs and drug delivery devices, which is made publicly available courtesy of the U.S. National Library of Medicine (NLM), National Institutes of Health, Department of Health and Human Services. NLM is not responsible for the measures and does not endorse or recommend this or any other product. “HL7” is the registered trademark of Health Level Seven International."
                xsi:type="ED"/>
      </measureAttribute>
   </subjectOf>
   <subjectOf>
      <measureAttribute>
         <code code="DISC" codeSystem="2.16.840.1.113883.5.4">
            <displayName value="Disclaimer"/>
         </code>
         <value mediaType="text/plain"
                value="The performance Measure is not a clinical guideline and does not establish a standard of medical care, and has not been tested for all potential applications. THE MEASURE AND SPECIFICATIONS ARE PROVIDED &quot;AS IS&quot; WITHOUT WARRANTY OF ANY KIND. Due to technical limitations, registered trademarks are indicated by (R) or [R] and unregistered trademarks are indicated by (TM) or [TM]."
                xsi:type="ED"/>
      </measureAttribute>
   </subjectOf>
   <subjectOf>
      <measureAttribute>
         <code code="MSRSCORE" codeSystem="2.16.840.1.113883.5.4">
            <displayName value="Measure Scoring"/>
         </code>
         <value code="PROPOR" codeSystem="2.16.840.1.113883.5.1063" xsi:type="CD">
            <displayName value="Proportion"/>
         </value>
      </measureAttribute>
   </subjectOf>
   <subjectOf>
      <measureAttribute>
         <code code="MSRTYPE" codeSystem="2.16.840.1.113883.5.4">
            <displayName value="Measure Type"/>
         </code>
         <value code="PROCESS" codeSystem="2.16.840.1.113883.5.1063" xsi:type="CD">
            <displayName value="Process"/>
         </value>
      </measureAttribute>
   </subjectOf>
   <subjectOf>
      <measureAttribute>
         <code code="STRAT" codeSystem="2.16.840.1.113883.5.4">
            <displayName value="Stratification"/>
         </code>
         <value mediaType="text/plain"
                value="Report a total rate, and each of the following age strata: Stratum 1: Patients age 46-49 by the end of the measurement period Stratum 2: Patients age 50-75 by the end of the measurement period"
                xsi:type="ED"/>
      </measureAttribute>
   </subjectOf>
   <subjectOf>
      <measureAttribute>
         <code code="MSRADJ" codeSystem="2.16.840.1.113883.5.4">
            <displayName value="Risk Adjustment"/>
         </code>
         <value mediaType="text/plain" value="None" xsi:type="ED"/>
      </measureAttribute>
   </subjectOf>
   <subjectOf>
      <measureAttribute>
         <code code="MSRAGG" codeSystem="2.16.840.1.113883.5.4">
            <displayName value="Rate Aggregation"/>
         </code>
         <value mediaType="text/plain" value="None" xsi:type="ED"/>
      </measureAttribute>
   </subjectOf>
   <subjectOf>
      <measureAttribute>
         <code code="RAT" codeSystem="2.16.840.1.113883.5.4">
            <displayName value="Rationale"/>
         </code>
         <value mediaType="text/plain"
                value="Colorectal cancer represents eight percent of all new cancer cases in the United States. In 2020, there were an estimated 147,950 new cases of colorectal cancer and an estimated 53,200 deaths attributed to it. According to the National Cancer Institute, about 4.2 percent of men and women will be diagnosed with colorectal cancer at some point during their lifetimes. For most adults, older age is the most important risk factor for colorectal cancer, although being male and black are also associated with higher incidence and mortality. Colorectal cancer is most frequently diagnosed among people 65 to 74 years old (Howlader et al., 2020). Screening can be effective for finding precancerous lesions (polyps) that could later become malignant, and for detecting early cancers that can be more easily and effectively treated. Precancerous polyps usually take about 10 to 15 years to develop into colorectal cancer, and most can be found and removed before turning into cancer. The five-year relative survival rate for people whose colorectal cancer is found in the early stage before it has spread is about 90 percent (SEER, 2022)."
                xsi:type="ED"/>
      </measureAttribute>
   </subjectOf>
   <subjectOf>
      <measureAttribute>
         <code code="CRS" codeSystem="2.16.840.1.113883.5.4">
            <displayName value="Clinical Recommendation Statement"/>
         </code>
         <value mediaType="text/plain"
                value="The U.S. Preventive Services Task Force (2021) recommends screening for colorectal cancer in adults aged 45 to 49 years. This is a Grade B recommendation (U.S. Preventive Services Task Force, 2021). The U.S. Preventive Services Task Force (2021) recommends screening for colorectal cancer in adults aged 50 to 75 years. This is a Grade A recommendation (U.S. Preventive Services Task Force, 2021). Appropriate screenings are defined by any one of the following: - Fecal occult blood test (annually) - Stool DNA (sDNA) with FIT test (every 3 years) - Flexible sigmoidoscopy (every 5 years) - Computed tomographic (CT) colonography (every 5 years) - Colonoscopy (every 10 years)"
                xsi:type="ED"/>
      </measureAttribute>
   </subjectOf>
   <subjectOf>
      <measureAttribute>
         <code code="IDUR" codeSystem="2.16.840.1.113883.5.4">
            <displayName value="Improvement Notation"/>
         </code>
         <value mediaType="text/plain"
                value="Higher score indicates better quality"
                xsi:type="ED"/>
      </measureAttribute>
   </subjectOf>
   <subjectOf>
      <measureAttribute>
         <code code="REF" codeSystem="2.16.840.1.113883.5.4">
            <displayName value="Reference"/>
         </code>
         <value mediaType="text/plain"
                value="CITATION Howlader N, Noone AM, Krapcho M, Miller D, Brest A, Yu M, Ruhl J, Tatalovich Z, Mariotto A, Lewis DR, Chen HS, Feuer EJ, Cronin KA (2020). SEER Cancer Statistics Review, 195-2017. Retrieved September 22, 2020, https://seer.cancer.gov/csr/1975_2017/"
                xsi:type="ED"/>
      </measureAttribute>
   </subjectOf>
   <subjectOf>
      <measureAttribute>
         <code code="REF" codeSystem="2.16.840.1.113883.5.4">
            <displayName value="Reference"/>
         </code>
         <value mediaType="text/plain"
                value="CITATION SEER. (n.d.). Cancer of the Colon and Rectum. https://seer.cancer.gov/statfacts/html/colorect.html"
                xsi:type="ED"/>
      </measureAttribute>
   </subjectOf>
   <subjectOf>
      <measureAttribute>
         <code code="REF" codeSystem="2.16.840.1.113883.5.4">
            <displayName value="Reference"/>
         </code>
         <value mediaType="text/plain"
                value="CITATION US Preventive Services Task Force, Davidson, K. W., Barry, M. J., Mangione, C. M., Cabana, M., Caughey, A. B., Davis, E. M., Donahue, K. E., Doubeni, C. A., Krist, A. H., Kubik, M., Li, L., Ogedegbe, G., Owens, D. K., Pbert, L., Silverstein, M., Stevermer, J., Tseng, C. W., &amp; Wong, J. B. (2021). Screening for Colorectal Cancer: US Preventive Services Task Force Recommendation Statement. JAMA, 325(19), 1965–1977. https://doi.org/10.1001/jama.2021.6238"
                xsi:type="ED"/>
      </measureAttribute>
   </subjectOf>
   <subjectOf>
      <measureAttribute>
         <code code="DEF" codeSystem="2.16.840.1.113883.5.4">
            <displayName value="Definition"/>
         </code>
         <value mediaType="text/plain" value="None" xsi:type="ED"/>
      </measureAttribute>
   </subjectOf>
   <subjectOf>
      <measureAttribute>
         <code code="GUIDE" codeSystem="2.16.840.1.113883.5.4">
            <displayName value="Guidance"/>
         </code>
         <value mediaType="text/plain"
                value="Do not count digital rectal exams (DRE), fecal occult blood tests (FOBTs) performed in an office setting or performed on a sample collected via DRE. Please note the measure may include screenings performed outside the age range of patients referenced in the initial population. Screenings that occur prior to the measurement period are valid to meet measure criteria. This eCQM is a patient-based measure. This version of the eCQM uses QDM version 5.6. Please refer to the eCQI resource center (https://ecqi.healthit.gov/qdm) for more information on the QDM."
                xsi:type="ED"/>
      </measureAttribute>
   </subjectOf>
   <subjectOf>
      <measureAttribute>
         <code code="TRANF" codeSystem="2.16.840.1.113883.5.4">
            <displayName value="Transmission Format"/>
         </code>
         <value mediaType="text/plain" value="TBD" xsi:type="ED"/>
      </measureAttribute>
   </subjectOf>
   <subjectOf>
      <measureAttribute>
         <code code="IPOP" codeSystem="2.16.840.1.113883.5.4">
            <displayName value="Initial Population"/>
         </code>
         <value mediaType="text/plain"
                value="Patients 46-75 years of age by the end of the measurement period with a visit during the measurement period"
                xsi:type="ED"/>
      </measureAttribute>
   </subjectOf>
   <subjectOf>
      <measureAttribute>
         <code code="DENOM" codeSystem="2.16.840.1.113883.5.4">
            <displayName value="Denominator"/>
         </code>
         <value mediaType="text/plain"
                value="Equals Initial Population"
                xsi:type="ED"/>
      </measureAttribute>
   </subjectOf>
   <subjectOf>
      <measureAttribute>
         <code code="DENEX" codeSystem="2.16.840.1.113883.5.4">
            <displayName value="Denominator Exclusions"/>
         </code>
         <value mediaType="text/plain"
                value="Exclude patients who are in hospice care for any part of the measurement period. Exclude patients with a diagnosis or past history of total colectomy or colorectal cancer. Exclude patients 66 and older by the end of the measurement period with an indication of frailty for any part of the measurement period who also meet any of the following advanced illness criteria: - Advanced illness diagnosis during the measurement period or the year prior - OR taking dementia medications during the measurement period or the year prior Exclude patients 66 and older by the end of the measurement period who are living long term in a nursing home any time on or before the end of the measurement period. Exclude patients receiving palliative care for any part of the measurement period."
                xsi:type="ED"/>
      </measureAttribute>
   </subjectOf>
   <subjectOf>
      <measureAttribute>
         <code code="NUMER" codeSystem="2.16.840.1.113883.5.4">
            <displayName value="Numerator"/>
         </code>
         <value mediaType="text/plain"
                value="Patients with one or more screenings for colorectal cancer. Appropriate screenings are defined by any one of the following criteria: - Fecal occult blood test (FOBT) during the measurement period - Stool DNA (sDNA) with FIT test during the measurement period or the two years prior to the measurement period - Flexible sigmoidoscopy during the measurement period or the four years prior to the measurement period - CT Colonography during the measurement period or the four years prior to the measurement period - Colonoscopy during the measurement period or the nine years prior to the measurement period"
                xsi:type="ED"/>
      </measureAttribute>
   </subjectOf>
   <subjectOf>
      <measureAttribute>
         <code code="NUMEX" codeSystem="2.16.840.1.113883.5.4">
            <displayName value="Numerator Exclusions"/>
         </code>
         <value mediaType="text/plain" value="None" xsi:type="ED"/>
      </measureAttribute>
   </subjectOf>
   <subjectOf>
      <measureAttribute>
         <code code="DENEXCEP" codeSystem="2.16.840.1.113883.5.4">
            <displayName value="Denominator Exceptions"/>
         </code>
         <value mediaType="text/plain" value="None" xsi:type="ED"/>
      </measureAttribute>
   </subjectOf>
   <subjectOf>
      <measureAttribute>
         <code code="SDE" codeSystem="2.16.840.1.113883.5.4">
            <displayName value="Supplemental Data Elements"/>
         </code>
         <value mediaType="text/plain"
                value="For every patient evaluated by this measure also identify payer, race, ethnicity and sex"
                xsi:type="ED"/>
      </measureAttribute>
   </subjectOf>
   <componentOf>
      <qualityMeasureSet classCode="ACT">
         <id root="aa2a4bbc-864f-45ee-b17a-7ebcc62e6aac"/>
         <title value="None"/>
      </qualityMeasureSet>
   </componentOf>
   <!--Data Criteria Section-->
   <component>
      <dataCriteriaSection>
         <templateId>
            <item extension="2021-02-01" root="2.16.840.1.113883.10.20.28.2.6"/>
         </templateId>
         <code code="57025-9" codeSystem="2.16.840.1.113883.6.1"/>
         <title value="Data Criteria Section"/>
         <text/>
         <entry typeCode="DRIV">
            <localVariableName value="EncounterInpatient_EncounterPerformed_NfUIc"/>
            <encounterCriteria classCode="ENC" moodCode="EVN">
               <templateId>
                  <item extension="2021-02-01" root="2.16.840.1.113883.10.20.28.4.5"/>
               </templateId>
               <id extension="EncounterInpatient_EncounterPerformed"
                   root="f722d217-6734-4a1c-91f5-61b02c8b9ce3"/>
               <code valueSet="2.16.840.1.113883.3.666.5.307"/>
               <title value="Encounter, Performed"/>
               <statusCode code="COMPLETED"/>
            </encounterCriteria>
         </entry>
         <entry typeCode="DRIV">
            <localVariableName value="sDNAFITTest_LaboratoryTestPerformed_agFqt"/>
            <observationCriteria classCode="OBS" moodCode="EVN">
               <templateId>
                  <item extension="2021-02-01" root="2.16.840.1.113883.10.20.28.4.42"/>
               </templateId>
               <id extension="sDNAFITTest_LaboratoryTestPerformed"
                   root="6f397cd9-2644-443b-b779-c72122dfb428"/>
               <code valueSet="2.16.840.1.113883.3.464.1003.108.12.1039"/>
               <title value="Laboratory Test, Performed"/>
               <statusCode code="COMPLETED"/>
            </observationCriteria>
         </entry>
         <entry typeCode="DRIV">
            <localVariableName value="CTColonography_DiagnosticStudyPerformed_yZ3PU"/>
            <observationCriteria classCode="OBS" moodCode="EVN">
               <templateId>
                  <item extension="2021-02-01" root="2.16.840.1.113883.10.20.28.4.23"/>
               </templateId>
               <id extension="CTColonography_DiagnosticStudyPerformed"
                   root="f2b48da8-cd34-448b-b52d-629a03635abd"/>
               <code valueSet="2.16.840.1.113883.3.464.1003.108.12.1038"/>
               <title value="Diagnostic Study, Performed"/>
               <statusCode code="COMPLETED"/>
            </observationCriteria>
         </entry>
         <entry typeCode="DRIV">
            <localVariableName value="DementiaMedications_MedicationActive_JrbBE"/>
            <substanceAdministrationCriteria classCode="SBADM" moodCode="EVN">
               <templateId>
                  <item extension="2021-02-01" root="2.16.840.1.113883.10.20.28.4.44"/>
               </templateId>
               <id extension="DementiaMedications_MedicationActive"
                   root="0270757e-7ac4-4800-b0ea-f64e9d41f8f4"/>
               <title value="Medication, Active"/>
               <statusCode code="ACTIVE"/>
               <participation typeCode="CSM">
                  <role classCode="MANU">
                     <playingMaterial classCode="MMAT" determinerCode="KIND">
                        <code valueSet="2.16.840.1.113883.3.464.1003.196.12.1510"/>
                     </playingMaterial>
                  </role>
               </participation>
            </substanceAdministrationCriteria>
         </entry>
         <entry typeCode="DRIV">
            <localVariableName value="Race_PatientCharacteristicRace_TwbcR"/>
            <observationCriteria classCode="OBS" moodCode="EVN">
               <templateId>
                  <item extension="2017-05-01" root="2.16.840.1.113883.10.20.28.4.59"/>
               </templateId>
               <id extension="Race_PatientCharacteristicRace"
                   root="c6682c4d-8d3b-43e6-a5b2-c5db2b4a9ca2"/>
               <code code="32624-9"
                     codeSystem="2.16.840.1.113883.6.1"
                     codeSystemName="LOINC">
                  <displayName value="Race"/>
               </code>
               <title value="Patient Characteristic Race"/>
               <statusCode code="COMPLETED"/>
               <value valueSet="2.16.840.1.114222.4.11.836" xsi:type="CD"/>
            </observationCriteria>
         </entry>
         <entry typeCode="DRIV">
            <localVariableName value="PayerType_PatientCharacteristicPayer_4neAH"/>
            <observationCriteria classCode="OBS" moodCode="EVN">
               <templateId>
                  <item extension="2017-05-01" root="2.16.840.1.113883.10.20.28.4.58"/>
               </templateId>
               <id extension="PayerType_PatientCharacteristicPayer"
                   root="6fe2e58b-f04b-4536-ab53-521c6d07861f"/>
               <code code="48768-6"
                     codeSystem="2.16.840.1.113883.6.1"
                     codeSystemName="LOINC">
                  <displayName value="Payer Type"/>
               </code>
               <title value="Patient Characteristic Payer"/>
               <statusCode code="COMPLETED"/>
               <value valueSet="2.16.840.1.114222.4.11.3591" xsi:type="CD"/>
            </observationCriteria>
         </entry>
         <entry typeCode="DRIV">
            <localVariableName value="MalignantNeoplasmofColon_Diagnosis_Rh4Bs"/>
            <observationCriteria classCode="OBS" moodCode="EVN">
               <templateId>
                  <item extension="2021-02-01" root="2.16.840.1.113883.10.20.28.4.110"/>
               </templateId>
               <id extension="MalignantNeoplasmofColon_Diagnosis"
                   root="0a833a42-b3d5-4997-ba1e-631815660130"/>
               <code code="282291009"
                     codeSystem="2.16.840.1.113883.6.96"
                     codeSystemName="SNOMED CT">
                  <displayName value="Diagnosis"/>
               </code>
               <title value="Diagnosis"/>
               <statusCode code="COMPLETED"/>
               <value valueSet="2.16.840.1.113883.3.464.1003.108.12.1001" xsi:type="CD"/>
            </observationCriteria>
         </entry>
         <entry typeCode="DRIV">
            <localVariableName value="HospiceCareAmbulatory_InterventionOrder_hBzAN"/>
            <actCriteria classCode="ACT" moodCode="RQO">
               <templateId>
                  <item extension="2021-02-01" root="2.16.840.1.113883.10.20.28.4.35"/>
               </templateId>
               <id extension="HospiceCareAmbulatory_InterventionOrder"
                   root="7bb742ca-f427-4273-bbb5-e7cc9e66b6c1"/>
               <code valueSet="2.16.840.1.113883.3.526.3.1584"/>
               <title value="Intervention, Order"/>
               <statusCode code="ACTIVE"/>
            </actCriteria>
         </entry>
         <entry typeCode="DRIV">
            <localVariableName value="FederalAdministrativeSex_PatientCharacteristicSex_uj8Ug"/>
            <observationCriteria classCode="OBS" moodCode="EVN">
               <templateId>
                  <item extension="2017-05-01" root="2.16.840.1.113883.10.20.28.4.55"/>
               </templateId>
               <id extension="FederalAdministrativeSex_PatientCharacteristicSex"
                   root="2d58576c-4fb3-4a53-a4ff-4bd06c52a081"/>
               <code code="263495000"
                     codeSystem="2.16.840.1.113883.6.96"
                     codeSystemName="SNOMED CT">
                  <displayName value="Gender"/>
               </code>
               <title value="Patient Characteristic Sex"/>
               <statusCode code="COMPLETED"/>
               <value valueSet="2.16.840.1.113762.1.4.1021.121" xsi:type="CD"/>
            </observationCriteria>
         </entry>
         <entry typeCode="DRIV">
            <localVariableName value="Ethnicity_PatientCharacteristicEthnicity_qVLDx"/>
            <observationCriteria classCode="OBS" moodCode="EVN">
               <templateId>
                  <item extension="2017-05-01" root="2.16.840.1.113883.10.20.28.4.56"/>
               </templateId>
               <id extension="Ethnicity_PatientCharacteristicEthnicity"
                   root="9bac35e8-3fb7-4314-b395-12416d2435a3"/>
               <code code="54133-4"
                     codeSystem="2.16.840.1.113883.6.1"
                     codeSystemName="LOINC">
                  <displayName value="Ethnicity"/>
               </code>
               <title value="Patient Characteristic Ethnicity"/>
               <statusCode code="COMPLETED"/>
               <value valueSet="2.16.840.1.114222.4.11.837" xsi:type="CD"/>
            </observationCriteria>
         </entry>
         <entry typeCode="DRIV">
            <localVariableName value="FrailtyDevice_DeviceOrder_Zx8Wi"/>
            <supplyCriteria classCode="SPLY" moodCode="RQO">
               <templateId>
                  <item extension="2021-02-01" root="2.16.840.1.113883.10.20.28.4.15"/>
               </templateId>
               <id extension="FrailtyDevice_DeviceOrder"
                   root="873deaf4-af4b-4761-85a1-6ac3bff3a86d"/>
               <title value="Device, Order"/>
               <statusCode code="ACTIVE"/>
               <participation typeCode="DEV">
                  <role classCode="MANU">
                     <playingDevice classCode="DEV" determinerCode="KIND">
                        <code valueSet="2.16.840.1.113883.3.464.1003.118.12.1300"/>
                     </playingDevice>
                  </role>
               </participation>
            </supplyCriteria>
         </entry>
         <entry typeCode="DRIV">
            <localVariableName value="TotalColectomy_ProcedurePerformed_gtjZk"/>
            <procedureCriteria classCode="PROC" moodCode="EVN">
               <templateId>
                  <item extension="2021-02-01" root="2.16.840.1.113883.10.20.28.4.67"/>
               </templateId>
               <id extension="TotalColectomy_ProcedurePerformed"
                   root="465de833-8198-4e0c-b667-d8a6c5e67fe5"/>
               <code valueSet="2.16.840.1.113883.3.464.1003.198.12.1019"/>
               <title value="Procedure, Performed"/>
               <statusCode code="COMPLETED"/>
            </procedureCriteria>
         </entry>
         <entry typeCode="DRIV">
            <localVariableName value="FecalOccultBloodTest(FOBT)_LaboratoryTestPerformed_egrfc"/>
            <observationCriteria classCode="OBS" moodCode="EVN">
               <templateId>
                  <item extension="2021-02-01" root="2.16.840.1.113883.10.20.28.4.42"/>
               </templateId>
               <id extension="FecalOccultBloodTest(FOBT)_LaboratoryTestPerformed"
                   root="e41d7f63-2438-4855-8eb6-58ebf8330d8a"/>
               <code valueSet="2.16.840.1.113883.3.464.1003.198.12.1011"/>
               <title value="Laboratory Test, Performed"/>
               <statusCode code="COMPLETED"/>
            </observationCriteria>
         </entry>
         <entry typeCode="DRIV">
            <localVariableName value="OfficeVisit_EncounterPerformed_1k4gK"/>
            <encounterCriteria classCode="ENC" moodCode="EVN">
               <templateId>
                  <item extension="2021-02-01" root="2.16.840.1.113883.10.20.28.4.5"/>
               </templateId>
               <id extension="OfficeVisit_EncounterPerformed"
                   root="ef2d7f2a-2d6b-4790-a90b-f893b7cd885c"/>
               <code valueSet="2.16.840.1.113883.3.464.1003.101.12.1001"/>
               <title value="Encounter, Performed"/>
               <statusCode code="COMPLETED"/>
            </encounterCriteria>
         </entry>
         <entry typeCode="DRIV">
            <localVariableName value="HospiceDiagnosis_Diagnosis_sqyd7"/>
            <observationCriteria classCode="OBS" moodCode="EVN">
               <templateId>
                  <item extension="2021-02-01" root="2.16.840.1.113883.10.20.28.4.110"/>
               </templateId>
               <id extension="HospiceDiagnosis_Diagnosis"
                   root="fb67657b-9ce5-4980-ace4-b99aedee2014"/>
               <code code="282291009"
                     codeSystem="2.16.840.1.113883.6.96"
                     codeSystemName="SNOMED CT">
                  <displayName value="Diagnosis"/>
               </code>
               <title value="Diagnosis"/>
               <statusCode code="COMPLETED"/>
               <value valueSet="2.16.840.1.113883.3.464.1003.1165" xsi:type="CD"/>
            </observationCriteria>
         </entry>
         <entry typeCode="DRIV">
            <localVariableName value="PalliativeCareEncounter_EncounterPerformed_ayT8O"/>
            <encounterCriteria classCode="ENC" moodCode="EVN">
               <templateId>
                  <item extension="2021-02-01" root="2.16.840.1.113883.10.20.28.4.5"/>
               </templateId>
               <id extension="PalliativeCareEncounter_EncounterPerformed"
                   root="00fa6718-30cd-40ee-a91b-4fd3c13912af"/>
               <code valueSet="2.16.840.1.113883.3.464.1003.101.12.1090"/>
               <title value="Encounter, Performed"/>
               <statusCode code="COMPLETED"/>
            </encounterCriteria>
         </entry>
         <entry typeCode="DRIV">
            <localVariableName value="FlexibleSigmoidoscopy_ProcedurePerformed_BJVWH"/>
            <procedureCriteria classCode="PROC" moodCode="EVN">
               <templateId>
                  <item extension="2021-02-01" root="2.16.840.1.113883.10.20.28.4.67"/>
               </templateId>
               <id extension="FlexibleSigmoidoscopy_ProcedurePerformed"
                   root="4e1f908f-33d7-45f5-b279-b4ae65abe9b6"/>
               <code valueSet="2.16.840.1.113883.3.464.1003.198.12.1010"/>
               <title value="Procedure, Performed"/>
               <statusCode code="COMPLETED"/>
            </procedureCriteria>
         </entry>
         <entry typeCode="DRIV">
            <localVariableName value="FrailtySymptom_Symptom_EK8jc"/>
            <observationCriteria classCode="OBS" moodCode="EVN">
               <templateId>
                  <item extension="2021-02-01" root="2.16.840.1.113883.10.20.28.4.116"/>
               </templateId>
               <id extension="FrailtySymptom_Symptom"
                   root="c670bb29-3131-4841-9aac-bc5886594d62"/>
               <code code="418799008"
                     codeSystem="2.16.840.1.113883.6.96"
                     codeSystemName="SNOMED CT">
                  <displayName value="Symptom"/>
               </code>
               <title value="Symptom"/>
               <statusCode code="COMPLETED"/>
               <value valueSet="2.16.840.1.113883.3.464.1003.113.12.1075" xsi:type="CD"/>
            </observationCriteria>
         </entry>
         <entry typeCode="DRIV">
            <localVariableName value="HomeHealthcareServices_EncounterPerformed_2JG72"/>
            <encounterCriteria classCode="ENC" moodCode="EVN">
               <templateId>
                  <item extension="2021-02-01" root="2.16.840.1.113883.10.20.28.4.5"/>
               </templateId>
               <id extension="HomeHealthcareServices_EncounterPerformed"
                   root="150bbded-6024-495b-8ad9-1dd7e6790f44"/>
               <code valueSet="2.16.840.1.113883.3.464.1003.101.12.1016"/>
               <title value="Encounter, Performed"/>
               <statusCode code="COMPLETED"/>
            </encounterCriteria>
         </entry>
         <entry typeCode="DRIV">
            <localVariableName value="HospiceEncounter_EncounterPerformed_ptFIv"/>
            <encounterCriteria classCode="ENC" moodCode="EVN">
               <templateId>
                  <item extension="2021-02-01" root="2.16.840.1.113883.10.20.28.4.5"/>
               </templateId>
               <id extension="HospiceEncounter_EncounterPerformed"
                   root="bf793345-47a2-48f4-ad62-a442c006d48b"/>
               <code valueSet="2.16.840.1.113883.3.464.1003.1003"/>
               <title value="Encounter, Performed"/>
               <statusCode code="COMPLETED"/>
            </encounterCriteria>
         </entry>
         <entry typeCode="DRIV">
            <localVariableName value="Colonoscopy_ProcedurePerformed_sDHfq"/>
            <procedureCriteria classCode="PROC" moodCode="EVN">
               <templateId>
                  <item extension="2021-02-01" root="2.16.840.1.113883.10.20.28.4.67"/>
               </templateId>
               <id extension="Colonoscopy_ProcedurePerformed"
                   root="d29a15fd-e2b1-4bda-9e7d-78a1ae19c4b4"/>
               <code valueSet="2.16.840.1.113883.3.464.1003.108.12.1020"/>
               <title value="Procedure, Performed"/>
               <statusCode code="COMPLETED"/>
            </procedureCriteria>
         </entry>
         <entry typeCode="DRIV">
            <localVariableName value="AnnualWellnessVisit_EncounterPerformed_jWJmB"/>
            <encounterCriteria classCode="ENC" moodCode="EVN">
               <templateId>
                  <item extension="2021-02-01" root="2.16.840.1.113883.10.20.28.4.5"/>
               </templateId>
               <id extension="AnnualWellnessVisit_EncounterPerformed"
                   root="148e1f42-6d1c-42af-9f5d-34d094225c91"/>
               <code valueSet="2.16.840.1.113883.3.526.3.1240"/>
               <title value="Encounter, Performed"/>
               <statusCode code="COMPLETED"/>
            </encounterCriteria>
         </entry>
         <entry typeCode="DRIV">
            <localVariableName value="PalliativeCareIntervention_InterventionPerformed_mkrhi"/>
            <actCriteria classCode="ACT" moodCode="EVN">
               <templateId>
                  <item extension="2021-02-01" root="2.16.840.1.113883.10.20.28.4.36"/>
               </templateId>
               <id extension="PalliativeCareIntervention_InterventionPerformed"
                   root="317fcd8d-737e-4c73-ade3-a38e1f301471"/>
               <code valueSet="2.16.840.1.113883.3.464.1003.198.12.1135"/>
               <title value="Intervention, Performed"/>
               <statusCode code="COMPLETED"/>
            </actCriteria>
         </entry>
         <entry typeCode="DRIV">
            <localVariableName value="TelephoneVisits_EncounterPerformed_ZoWzN"/>
            <encounterCriteria classCode="ENC" moodCode="EVN">
               <templateId>
                  <item extension="2021-02-01" root="2.16.840.1.113883.10.20.28.4.5"/>
               </templateId>
               <id extension="TelephoneVisits_EncounterPerformed"
                   root="9e3d96e4-4351-413d-80c8-c0d8a839ed0e"/>
               <code valueSet="2.16.840.1.113883.3.464.1003.101.12.1080"/>
               <title value="Encounter, Performed"/>
               <statusCode code="COMPLETED"/>
            </encounterCriteria>
         </entry>
         <entry typeCode="DRIV">
            <localVariableName value="AdvancedIllness_Diagnosis_2ykAR"/>
            <observationCriteria classCode="OBS" moodCode="EVN">
               <templateId>
                  <item extension="2021-02-01" root="2.16.840.1.113883.10.20.28.4.110"/>
               </templateId>
               <id extension="AdvancedIllness_Diagnosis"
                   root="a36007c2-5c78-493f-95f3-65100b767580"/>
               <code code="282291009"
                     codeSystem="2.16.840.1.113883.6.96"
                     codeSystemName="SNOMED CT">
                  <displayName value="Diagnosis"/>
               </code>
               <title value="Diagnosis"/>
               <statusCode code="COMPLETED"/>
               <value valueSet="2.16.840.1.113883.3.464.1003.110.12.1082" xsi:type="CD"/>
            </observationCriteria>
         </entry>
         <entry typeCode="DRIV">
            <localVariableName value="PalliativeCareDiagnosis_Diagnosis_XsHDM"/>
            <observationCriteria classCode="OBS" moodCode="EVN">
               <templateId>
                  <item extension="2021-02-01" root="2.16.840.1.113883.10.20.28.4.110"/>
               </templateId>
               <id extension="PalliativeCareDiagnosis_Diagnosis"
                   root="fb1ff20e-4638-42b1-b0da-eedafd6aba78"/>
               <code code="282291009"
                     codeSystem="2.16.840.1.113883.6.96"
                     codeSystemName="SNOMED CT">
                  <displayName value="Diagnosis"/>
               </code>
               <title value="Diagnosis"/>
               <statusCode code="COMPLETED"/>
               <value valueSet="2.16.840.1.113883.3.464.1003.1167" xsi:type="CD"/>
            </observationCriteria>
         </entry>
         <entry typeCode="DRIV">
            <localVariableName value="PreventiveCareServicesEstablishedOfficeVisit18andUp_EncounterPerformed_lyrq6"/>
            <encounterCriteria classCode="ENC" moodCode="EVN">
               <templateId>
                  <item extension="2021-02-01" root="2.16.840.1.113883.10.20.28.4.5"/>
               </templateId>
               <id extension="PreventiveCareServicesEstablishedOfficeVisit18andUp_EncounterPerformed"
                   root="29b6f4e0-3fc6-4b32-ad5b-0699eb2426ea"/>
               <code valueSet="2.16.840.1.113883.3.464.1003.101.12.1025"/>
               <title value="Encounter, Performed"/>
               <statusCode code="COMPLETED"/>
            </encounterCriteria>
         </entry>
         <entry typeCode="DRIV">
            <localVariableName value="HospiceCareAmbulatory_InterventionPerformed_3CqV1"/>
            <actCriteria classCode="ACT" moodCode="EVN">
               <templateId>
                  <item extension="2021-02-01" root="2.16.840.1.113883.10.20.28.4.36"/>
               </templateId>
               <id extension="HospiceCareAmbulatory_InterventionPerformed"
                   root="49c3f7bf-1bc3-4ac6-ba8f-e6af00d7fd46"/>
               <code valueSet="2.16.840.1.113883.3.526.3.1584"/>
               <title value="Intervention, Performed"/>
               <statusCode code="COMPLETED"/>
            </actCriteria>
         </entry>
         <entry typeCode="DRIV">
            <localVariableName value="VirtualEncounter_EncounterPerformed_1O3RX"/>
            <encounterCriteria classCode="ENC" moodCode="EVN">
               <templateId>
                  <item extension="2021-02-01" root="2.16.840.1.113883.10.20.28.4.5"/>
               </templateId>
               <id extension="VirtualEncounter_EncounterPerformed"
                   root="f7793446-2984-4ccb-9a6e-f6d0d2ddd85e"/>
               <code valueSet="2.16.840.1.113883.3.464.1003.101.12.1089"/>
               <title value="Encounter, Performed"/>
               <statusCode code="COMPLETED"/>
            </encounterCriteria>
         </entry>
         <entry typeCode="DRIV">
            <localVariableName value="FrailtyDiagnosis_Diagnosis_YCKpJ"/>
            <observationCriteria classCode="OBS" moodCode="EVN">
               <templateId>
                  <item extension="2021-02-01" root="2.16.840.1.113883.10.20.28.4.110"/>
               </templateId>
               <id extension="FrailtyDiagnosis_Diagnosis"
                   root="1f27127a-3015-410b-a0d6-ca5dd136e50c"/>
               <code code="282291009"
                     codeSystem="2.16.840.1.113883.6.96"
                     codeSystemName="SNOMED CT">
                  <displayName value="Diagnosis"/>
               </code>
               <title value="Diagnosis"/>
               <statusCode code="COMPLETED"/>
               <value valueSet="2.16.840.1.113883.3.464.1003.113.12.1074" xsi:type="CD"/>
            </observationCriteria>
         </entry>
         <entry typeCode="DRIV">
            <localVariableName value="PreventiveCareServicesInitialOfficeVisit18andUp_EncounterPerformed_0NDiJ"/>
            <encounterCriteria classCode="ENC" moodCode="EVN">
               <templateId>
                  <item extension="2021-02-01" root="2.16.840.1.113883.10.20.28.4.5"/>
               </templateId>
               <id extension="PreventiveCareServicesInitialOfficeVisit18andUp_EncounterPerformed"
                   root="5a7240f4-63fe-40fb-a437-303d6e9ce870"/>
               <code valueSet="2.16.840.1.113883.3.464.1003.101.12.1023"/>
               <title value="Encounter, Performed"/>
               <statusCode code="COMPLETED"/>
            </encounterCriteria>
         </entry>
         <entry typeCode="DRIV">
            <localVariableName value="FrailtyEncounter_EncounterPerformed_0HHIi"/>
            <encounterCriteria classCode="ENC" moodCode="EVN">
               <templateId>
                  <item extension="2021-02-01" root="2.16.840.1.113883.10.20.28.4.5"/>
               </templateId>
               <id extension="FrailtyEncounter_EncounterPerformed"
                   root="8964cd79-a960-4591-84d8-0939e20385b5"/>
               <code valueSet="2.16.840.1.113883.3.464.1003.101.12.1088"/>
               <title value="Encounter, Performed"/>
               <statusCode code="COMPLETED"/>
            </encounterCriteria>
         </entry>
         <entry typeCode="DRIV">
            <observationCriteria classCode="OBS" moodCode="EVN">
               <templateId>
                  <item extension="2021-02-01" root="2.16.840.1.113883.10.20.28.4.117"/>
               </templateId>
               <id extension="45755-6_AssessmentPerformed"
                   root="73204cb7-2507-4f9e-84cb-dfecf5e8b7d8"/>
               <code code="45755-6"
                     codeSystem="2.16.840.1.113883.6.1"
                     codeSystemName="LOINC"/>
               <title value="Assessment, Performed"/>
               <statusCode code="COMPLETED"/>
            </observationCriteria>
         </entry>
         <entry typeCode="DRIV">
            <observationCriteria classCode="OBS" moodCode="EVN">
               <templateId>
                  <item extension="2021-02-01" root="2.16.840.1.113883.10.20.28.4.117"/>
               </templateId>
               <id extension="71007-9_AssessmentPerformed"
                   root="bc7d4f54-4e09-49f9-8d1c-ed5c5d1ccafe"/>
               <code code="71007-9"
                     codeSystem="2.16.840.1.113883.6.1"
                     codeSystemName="LOINC"/>
               <title value="Assessment, Performed"/>
               <statusCode code="COMPLETED"/>
            </observationCriteria>
         </entry>
         <entry typeCode="DRIV">
            <observationCriteria classCode="OBS" moodCode="EVN">
               <templateId>
                  <item extension="2021-02-01" root="2.16.840.1.113883.10.20.28.4.117"/>
               </templateId>
               <id extension="71802-3_AssessmentPerformed"
                   root="cd6c5b33-6f10-4594-be78-a15aa7ab341c"/>
               <code code="71802-3"
                     codeSystem="2.16.840.1.113883.6.1"
                     codeSystemName="LOINC"/>
               <title value="Assessment, Performed"/>
               <statusCode code="COMPLETED"/>
            </observationCriteria>
         </entry>
         <entry typeCode="DRIV">
            <observationCriteria classCode="OBS" moodCode="EVN">
               <templateId>
                  <item extension="2021-02-01" root="2.16.840.1.113883.10.20.28.4.117"/>
               </templateId>
               <id extension="98181-1_AssessmentPerformed"
                   root="f9fde01c-2f9e-4f4c-ad3f-4874ddda56ee"/>
               <code code="98181-1"
                     codeSystem="2.16.840.1.113883.6.1"
                     codeSystemName="LOINC"/>
               <title value="Assessment, Performed"/>
               <statusCode code="COMPLETED"/>
            </observationCriteria>
         </entry>
      </dataCriteriaSection>
   </component>
   <component>
      <populationCriteriaSection>
         <templateId>
            <item extension="2017-08-01" root="2.16.840.1.113883.10.20.28.2.7"/>
         </templateId>
         <id extension="PopulationCriteria1"
             root="a6b9f1ed-8a9e-4dd8-ba88-a4d90f2ecd4a"/>
         <code code="57026-7" codeSystem="2.16.840.1.113883.6.1"/>
         <title value="Population Criteria Section"/>
         <text/>
         <component typeCode="COMP">
            <initialPopulationCriteria classCode="OBS" moodCode="EVN">
               <id extension="initialPopulation"
                   root="F551C910-F688-450C-9C76-88401EDA98FA"/>
               <code code="IPOP"
                     codeSystem="2.16.840.1.113883.5.4"
                     codeSystemName="Act Code"/>
               <precondition typeCode="PRCN">
                  <criteriaReference classCode="OBS" moodCode="EVN">
                     <id extension="CMS130ColorectalCancerScreening.&quot;Initial Population&quot;"
                         root="bd53eb57-a384-4697-99f8-3e4f0f24f647"/>
                  </criteriaReference>
               </precondition>
            </initialPopulationCriteria>
         </component>
         <component typeCode="COMP">
            <denominatorCriteria classCode="OBS" moodCode="EVN">
               <id extension="denominator" root="5B1B895A-CD14-4AE2-9461-D599B5D73D31"/>
               <code code="DENOM"
                     codeSystem="2.16.840.1.113883.5.4"
                     codeSystemName="Act Code"/>
               <precondition typeCode="PRCN">
                  <criteriaReference classCode="OBS" moodCode="EVN">
                     <id extension="CMS130ColorectalCancerScreening.&quot;Denominator&quot;"
                         root="bd53eb57-a384-4697-99f8-3e4f0f24f647"/>
                  </criteriaReference>
               </precondition>
            </denominatorCriteria>
         </component>
         <component typeCode="COMP">
            <denominatorExclusionCriteria classCode="OBS" moodCode="EVN">
               <id extension="denominatorExclusions"
                   root="7AEB935C-8F1E-47B3-97AE-CEB97C06E4E6"/>
               <code code="DENEX"
                     codeSystem="2.16.840.1.113883.5.4"
                     codeSystemName="Act Code"/>
               <precondition typeCode="PRCN">
                  <criteriaReference classCode="OBS" moodCode="EVN">
                     <id extension="CMS130ColorectalCancerScreening.&quot;Denominator Exclusions&quot;"
                         root="bd53eb57-a384-4697-99f8-3e4f0f24f647"/>
                  </criteriaReference>
               </precondition>
            </denominatorExclusionCriteria>
         </component>
         <component typeCode="COMP">
            <numeratorCriteria classCode="OBS" moodCode="EVN">
               <id extension="numerator" root="1C4A619B-74C1-4C1F-A6C8-3178C7E595AA"/>
               <code code="NUMER"
                     codeSystem="2.16.840.1.113883.5.4"
                     codeSystemName="Act Code"/>
               <precondition typeCode="PRCN">
                  <criteriaReference classCode="OBS" moodCode="EVN">
                     <id extension="CMS130ColorectalCancerScreening.&quot;Numerator&quot;"
                         root="bd53eb57-a384-4697-99f8-3e4f0f24f647"/>
                  </criteriaReference>
               </precondition>
            </numeratorCriteria>
         </component>
         <component typeCode="COMP">
            <stratifierCriteria>
               <id extension="Stratifiers" root="7e4ffd7d-9488-4056-a84f-494767668e09"/>
               <code code="STRAT"
                     codeSystem="2.16.840.1.113883.5.4"
                     codeSystemName="Act Code"/>
               <precondition typeCode="PRCN">
                  <criteriaReference classCode="OBS" moodCode="EVN">
                     <id extension="CMS130ColorectalCancerScreening.&quot;Stratification 1&quot;"
                         root="bd53eb57-a384-4697-99f8-3e4f0f24f647"/>
                  </criteriaReference>
               </precondition>
            </stratifierCriteria>
         </component>
         <component typeCode="COMP">
            <stratifierCriteria>
               <id extension="Stratifiers" root="24170b02-9435-4a38-bb47-d5837475d0db"/>
               <code code="STRAT"
                     codeSystem="2.16.840.1.113883.5.4"
                     codeSystemName="Act Code"/>
               <precondition typeCode="PRCN">
                  <criteriaReference classCode="OBS" moodCode="EVN">
                     <id extension="CMS130ColorectalCancerScreening.&quot;Stratification 2&quot;"
                         root="bd53eb57-a384-4697-99f8-3e4f0f24f647"/>
                  </criteriaReference>
               </precondition>
            </stratifierCriteria>
         </component>
         <component typeCode="COMP">
            <cql-ext:supplementalDataElement>
               <id extension="Supplemental Data Elements"
                   root="b002b26e-dd18-47e1-8bf0-b87da7956050"/>
               <code code="SDE"
                     codeSystem="2.16.840.1.113883.5.4"
                     codeSystemName="Act Code"/>
               <precondition typeCode="PRCN">
                  <criteriaReference classCode="OBS" moodCode="EVN">
                     <id extension="CMS130ColorectalCancerScreening.&quot;SDE Payer&quot;"
                         root="bd53eb57-a384-4697-99f8-3e4f0f24f647"/>
                  </criteriaReference>
               </precondition>
            </cql-ext:supplementalDataElement>
         </component>
         <component typeCode="COMP">
            <cql-ext:supplementalDataElement>
               <id extension="Supplemental Data Elements"
                   root="f8192954-ac62-40eb-a83a-b3a54f07de51"/>
               <code code="SDE"
                     codeSystem="2.16.840.1.113883.5.4"
                     codeSystemName="Act Code"/>
               <precondition typeCode="PRCN">
                  <criteriaReference classCode="OBS" moodCode="EVN">
                     <id extension="CMS130ColorectalCancerScreening.&quot;SDE Race&quot;"
                         root="bd53eb57-a384-4697-99f8-3e4f0f24f647"/>
                  </criteriaReference>
               </precondition>
            </cql-ext:supplementalDataElement>
         </component>
         <component typeCode="COMP">
            <cql-ext:supplementalDataElement>
               <id extension="Supplemental Data Elements"
                   root="3df5c373-12a4-4bc6-a1b2-79cf0c54ac0f"/>
               <code code="SDE"
                     codeSystem="2.16.840.1.113883.5.4"
                     codeSystemName="Act Code"/>
               <precondition typeCode="PRCN">
                  <criteriaReference classCode="OBS" moodCode="EVN">
                     <id extension="CMS130ColorectalCancerScreening.&quot;SDE Sex&quot;"
                         root="bd53eb57-a384-4697-99f8-3e4f0f24f647"/>
                  </criteriaReference>
               </precondition>
            </cql-ext:supplementalDataElement>
         </component>
         <component typeCode="COMP">
            <cql-ext:supplementalDataElement>
               <id extension="Supplemental Data Elements"
                   root="965abd0f-d995-47b2-b20a-efacdf91112f"/>
               <code code="SDE"
                     codeSystem="2.16.840.1.113883.5.4"
                     codeSystemName="Act Code"/>
               <precondition typeCode="PRCN">
                  <criteriaReference classCode="OBS" moodCode="EVN">
                     <id extension="CMS130ColorectalCancerScreening.&quot;SDE Ethnicity&quot;"
                         root="bd53eb57-a384-4697-99f8-3e4f0f24f647"/>
                  </criteriaReference>
               </precondition>
            </cql-ext:supplementalDataElement>
         </component>
      </populationCriteriaSection>
   </component>
</QualityMeasureDocument>
