<?xml version="1.0" encoding="UTF-8"?>
<library xmlns="urn:hl7-org:elm:r1" xmlns:t="urn:hl7-org:elm-types:r1" xmlns:xsi="http://www.w3.org/2001/XMLSchema-instance" xmlns:xsd="http://www.w3.org/2001/XMLSchema" xmlns:fhir="http://hl7.org/fhir" xmlns:qdm43="urn:healthit-gov:qdm:v4_3" xmlns:qdm53="urn:healthit-gov:qdm:v5_3" xmlns:a="urn:hl7-org:cql-annotations:r1">
   <annotation translatorOptions="EnableAnnotations,EnableLocators,DisableListDemotion,DisableListPromotion,DisableMethodInvocation" xsi:type="a:CqlToElmInfo"/>
   <annotation xsi:type="a:Annotation">
      <a:s r="176">
         <a:s>library HospitalHarmSevereHypoglycemia version '4.0.000'</a:s>
      </a:s>
   </annotation>
   <identifier id="HospitalHarmSevereHypoglycemia" version="4.0.000"/>
   <schemaIdentifier id="urn:hl7-org:elm" version="r1"/>
   <usings>
      <def localIdentifier="System" uri="urn:hl7-org:elm-types:r1"/>
      <def localId="1" locator="3:1-3:23" localIdentifier="QDM" uri="urn:healthit-gov:qdm:v5_6" version="5.6">
         <annotation xsi:type="a:Annotation">
            <a:s r="1">
               <a:s>using </a:s>
               <a:s>
                  <a:s>QDM</a:s>
               </a:s>
               <a:s> version '5.6'</a:s>
            </a:s>
         </annotation>
      </def>
   </usings>
   <includes>
      <def localId="2" locator="5:1-5:67" localIdentifier="Global" path="MATGlobalCommonFunctionsQDM" version="8.0.000">
         <annotation xsi:type="a:Annotation">
            <a:s r="2">
               <a:s>include </a:s>
               <a:s>
                  <a:s>MATGlobalCommonFunctionsQDM</a:s>
               </a:s>
               <a:s> version '8.0.000' called Global</a:s>
            </a:s>
         </annotation>
      </def>
   </includes>
   <parameters>
      <def localId="12" locator="15:1-15:49" name="Measurement Period" accessLevel="Public">
         <annotation xsi:type="a:Annotation">
            <a:s r="12">
               <a:s>parameter &quot;Measurement Period&quot; </a:s>
               <a:s r="11">
                  <a:s>Interval&lt;</a:s>
                  <a:s r="10">
                     <a:s>DateTime</a:s>
                  </a:s>
                  <a:s>></a:s>
               </a:s>
            </a:s>
         </annotation>
         <parameterTypeSpecifier localId="11" locator="15:32-15:49" xsi:type="IntervalTypeSpecifier">
            <pointType localId="10" locator="15:41-15:48" name="t:DateTime" xsi:type="NamedTypeSpecifier"/>
         </parameterTypeSpecifier>
      </def>
   </parameters>
   <valueSets>
      <def localId="3" locator="7:1-7:71" name="Encounter Inpatient" id="urn:oid:2.16.840.1.113883.3.666.5.307" accessLevel="Public">
         <annotation xsi:type="a:Annotation">
            <a:s r="3">
               <a:s>valueset &quot;Encounter Inpatient&quot;: 'urn:oid:2.16.840.1.113883.3.666.5.307'</a:s>
            </a:s>
         </annotation>
      </def>
      <def localId="4" locator="8:1-8:58" name="Ethnicity" id="urn:oid:2.16.840.1.114222.4.11.837" accessLevel="Public">
         <annotation xsi:type="a:Annotation">
            <a:s r="4">
               <a:s>valueset &quot;Ethnicity&quot;: 'urn:oid:2.16.840.1.114222.4.11.837'</a:s>
            </a:s>
         </annotation>
      </def>
      <def localId="5" locator="9:1-9:84" name="Glucose Lab Test Mass Per Volume" id="urn:oid:2.16.840.1.113762.1.4.1248.34" accessLevel="Public">
         <annotation xsi:type="a:Annotation">
            <a:s r="5">
               <a:s>valueset &quot;Glucose Lab Test Mass Per Volume&quot;: 'urn:oid:2.16.840.1.113762.1.4.1248.34'</a:s>
            </a:s>
         </annotation>
      </def>
      <def localId="6" locator="10:1-10:86" name="Hypoglycemics Severe Hypoglycemia" id="urn:oid:2.16.840.1.113762.1.4.1196.393" accessLevel="Public">
         <annotation xsi:type="a:Annotation">
            <a:s r="6">
               <a:s>valueset &quot;Hypoglycemics Severe Hypoglycemia&quot;: 'urn:oid:2.16.840.1.113762.1.4.1196.393'</a:s>
            </a:s>
         </annotation>
      </def>
      <def localId="7" locator="11:1-11:68" name="ONC Administrative Sex" id="urn:oid:2.16.840.1.113762.1.4.1" accessLevel="Public">
         <annotation xsi:type="a:Annotation">
            <a:s r="7">
               <a:s>valueset &quot;ONC Administrative Sex&quot;: 'urn:oid:2.16.840.1.113762.1.4.1'</a:s>
            </a:s>
         </annotation>
      </def>
      <def localId="8" locator="12:1-12:60" name="Payer Type" id="urn:oid:2.16.840.1.114222.4.11.3591" accessLevel="Public">
         <annotation xsi:type="a:Annotation">
            <a:s r="8">
               <a:s>valueset &quot;Payer Type&quot;: 'urn:oid:2.16.840.1.114222.4.11.3591'</a:s>
            </a:s>
         </annotation>
      </def>
      <def localId="9" locator="13:1-13:53" name="Race" id="urn:oid:2.16.840.1.114222.4.11.836" accessLevel="Public">
         <annotation xsi:type="a:Annotation">
            <a:s r="9">
               <a:s>valueset &quot;Race&quot;: 'urn:oid:2.16.840.1.114222.4.11.836'</a:s>
            </a:s>
         </annotation>
      </def>
   </valueSets>
   <contexts>
      <def locator="17:1-17:15" name="Patient"/>
   </contexts>
   <statements>
      <def locator="17:1-17:15" name="Patient" context="Patient">
         <expression xsi:type="SingletonFrom">
            <operand locator="17:1-17:15" xmlns:ns0="urn:healthit-gov:qdm:v5_6" dataType="ns0:Patient" templateId="Patient" xsi:type="Retrieve"/>
         </expression>
      </def>
      <def localId="28" locator="45:1-48:82" name="Qualifying Encounter" context="Patient" accessLevel="Public">
         <annotation xsi:type="a:Annotation">
            <a:s r="28">
               <a:s>define &quot;Qualifying Encounter&quot;:
  </a:s>
               <a:s r="27">
                  <a:s>
                     <a:s r="14">
                        <a:s r="13">
                           <a:s r="13">
                              <a:s>[&quot;Encounter, Performed&quot;: </a:s>
                              <a:s>
                                 <a:s>&quot;Encounter Inpatient&quot;</a:s>
                              </a:s>
                              <a:s>]</a:s>
                           </a:s>
                        </a:s>
                        <a:s> InpatientEncounter</a:s>
                     </a:s>
                  </a:s>
                  <a:s>
    </a:s>
                  <a:s r="26">
                     <a:s>where </a:s>
                     <a:s r="26">
                        <a:s r="18">
                           <a:s r="16">
                              <a:s r="15">
                                 <a:s>InpatientEncounter</a:s>
                              </a:s>
                              <a:s>.</a:s>
                              <a:s r="16">
                                 <a:s>relevantPeriod</a:s>
                              </a:s>
                           </a:s>
                           <a:s r="18"> ends during day of </a:s>
                           <a:s r="17">
                              <a:s>&quot;Measurement Period&quot;</a:s>
                           </a:s>
                        </a:s>
                        <a:s>
      and </a:s>
                        <a:s r="25">
                           <a:s r="23">
                              <a:s>AgeInYearsAt(</a:s>
                              <a:s r="22">
                                 <a:s>date from </a:s>
                                 <a:s r="21">
                                    <a:s>start of </a:s>
                                    <a:s r="20">
                                       <a:s r="19">
                                          <a:s>InpatientEncounter</a:s>
                                       </a:s>
                                       <a:s>.</a:s>
                                       <a:s r="20">
                                          <a:s>relevantPeriod</a:s>
                                       </a:s>
                                    </a:s>
                                 </a:s>
                              </a:s>
                              <a:s>)</a:s>
                           </a:s>
                           <a:s r="24"> >= 18</a:s>
                        </a:s>
                     </a:s>
                  </a:s>
               </a:s>
            </a:s>
         </annotation>
         <expression localId="27" locator="46:3-48:82" xsi:type="Query">
            <source localId="14" locator="46:3-46:68" alias="InpatientEncounter">
               <expression localId="13" locator="46:3-46:49" xmlns:ns1="urn:healthit-gov:qdm:v5_6" dataType="ns1:PositiveEncounterPerformed" templateId="PositiveEncounterPerformed" codeProperty="code" codeComparator="in" xsi:type="Retrieve">
                  <codes locator="46:28-46:48" name="Encounter Inpatient" preserve="true" xsi:type="ValueSetRef"/>
               </expression>
            </source>
            <where localId="26" locator="47:5-48:82" xsi:type="And">
               <operand localId="18" locator="47:11-47:83" precision="Day" xsi:type="In">
                  <operand locator="47:45-47:48" xsi:type="End">
                     <operand localId="16" locator="47:11-47:43" path="relevantPeriod" scope="InpatientEncounter" xsi:type="Property"/>
                  </operand>
                  <operand localId="17" locator="47:64-47:83" name="Measurement Period" xsi:type="ParameterRef"/>
               </operand>
               <operand localId="25" locator="48:11-48:82" xsi:type="GreaterOrEqual">
                  <operand localId="23" locator="48:11-48:76" precision="Year" xsi:type="CalculateAgeAt">
                     <operand xsi:type="ToDate">
                        <operand path="birthDatetime" xsi:type="Property">
                           <source name="Patient" xsi:type="ExpressionRef"/>
                        </operand>
                     </operand>
                     <operand localId="22" locator="48:24-48:75" xsi:type="DateFrom">
                        <operand localId="21" locator="48:34-48:75" xsi:type="Start">
                           <operand localId="20" locator="48:43-48:75" path="relevantPeriod" scope="InpatientEncounter" xsi:type="Property"/>
                        </operand>
                     </operand>
                  </operand>
                  <operand localId="24" locator="48:81-48:82" valueType="t:Integer" value="18" xsi:type="Literal"/>
               </operand>
            </where>
         </expression>
      </def>
      <def localId="32" locator="22:1-23:67" name="Hypoglycemic Medication Administration" context="Patient" accessLevel="Public">
         <annotation xsi:type="a:Annotation">
            <a:s r="32">
               <a:s>define &quot;Hypoglycemic Medication Administration&quot;:
  </a:s>
               <a:s r="31">
                  <a:s>[&quot;Medication, Administered&quot;: </a:s>
                  <a:s>
                     <a:s>&quot;Hypoglycemics Severe Hypoglycemia&quot;</a:s>
                  </a:s>
                  <a:s>]</a:s>
               </a:s>
            </a:s>
         </annotation>
         <expression localId="31" locator="23:3-23:67" xmlns:ns2="urn:healthit-gov:qdm:v5_6" dataType="ns2:PositiveMedicationAdministered" templateId="PositiveMedicationAdministered" codeProperty="code" codeComparator="in" xsi:type="Retrieve">
            <codes locator="23:32-23:66" name="Hypoglycemics Severe Hypoglycemia" preserve="true" xsi:type="ValueSetRef"/>
         </expression>
      </def>
      <def localId="47" locator="79:1-82:200" name="Encounter with Hypoglycemic Medication Administration" context="Patient" accessLevel="Public">
         <annotation xsi:type="a:Annotation">
            <a:s r="47">
               <a:s>define &quot;Encounter with Hypoglycemic Medication Administration&quot;:
  </a:s>
               <a:s r="46">
                  <a:s>
                     <a:s r="30">
                        <a:s r="29">
                           <a:s>
                              <a:s>&quot;Qualifying Encounter&quot;</a:s>
                           </a:s>
                        </a:s>
                        <a:s> EncounterInpatient</a:s>
                     </a:s>
                  </a:s>
                  <a:s>
    </a:s>
                  <a:s r="45">
                     <a:s>with </a:s>
                     <a:s r="34">
                        <a:s r="33">
                           <a:s>
                              <a:s>&quot;Hypoglycemic Medication Administration&quot;</a:s>
                           </a:s>
                        </a:s>
                        <a:s> HypoglycemicMedication</a:s>
                     </a:s>
                     <a:s>
      such that </a:s>
                     <a:s r="44">
                        <a:s r="40">
                           <a:s r="35">
                              <a:s>Global</a:s>
                           </a:s>
                           <a:s>.</a:s>
                           <a:s r="40">
                              <a:s>&quot;NormalizeInterval&quot; ( </a:s>
                              <a:s r="37">
                                 <a:s r="36">
                                    <a:s>HypoglycemicMedication</a:s>
                                 </a:s>
                                 <a:s>.</a:s>
                                 <a:s r="37">
                                    <a:s>relevantDatetime</a:s>
                                 </a:s>
                              </a:s>
                              <a:s>, </a:s>
                              <a:s r="39">
                                 <a:s r="38">
                                    <a:s>HypoglycemicMedication</a:s>
                                 </a:s>
                                 <a:s>.</a:s>
                                 <a:s r="39">
                                    <a:s>relevantPeriod</a:s>
                                 </a:s>
                              </a:s>
                              <a:s> )</a:s>
                           </a:s>
                        </a:s>
                        <a:s r="44"> starts during </a:s>
                        <a:s r="43">
                           <a:s r="41">
                              <a:s>Global</a:s>
                           </a:s>
                           <a:s>.</a:s>
                           <a:s r="43">
                              <a:s>HospitalizationWithObservation ( </a:s>
                              <a:s r="42">
                                 <a:s>EncounterInpatient</a:s>
                              </a:s>
                              <a:s> )</a:s>
                           </a:s>
                        </a:s>
                     </a:s>
                  </a:s>
               </a:s>
            </a:s>
         </annotation>
         <expression localId="46" locator="80:3-82:200" xsi:type="Query">
            <source localId="30" locator="80:3-80:43" alias="EncounterInpatient">
               <expression localId="29" locator="80:3-80:24" name="Qualifying Encounter" xsi:type="ExpressionRef"/>
            </source>
            <relationship localId="45" locator="81:5-82:200" alias="HypoglycemicMedication" xsi:type="With">
               <expression localId="33" locator="81:10-81:49" name="Hypoglycemic Medication Administration" xsi:type="ExpressionRef"/>
               <suchThat localId="44" locator="82:17-82:200" xsi:type="In">
                  <operand locator="82:127-82:132" xsi:type="Start">
                     <operand localId="40" locator="82:17-82:125" name="NormalizeInterval" libraryName="Global" xsi:type="FunctionRef">
                        <operand localId="37" locator="82:46-82:84" path="relevantDatetime" scope="HypoglycemicMedication" xsi:type="Property"/>
                        <operand localId="39" locator="82:87-82:123" path="relevantPeriod" scope="HypoglycemicMedication" xsi:type="Property"/>
                     </operand>
                  </operand>
                  <operand localId="43" locator="82:141-82:200" name="HospitalizationWithObservation" libraryName="Global" xsi:type="FunctionRef">
                     <operand localId="42" locator="82:181-82:198" name="EncounterInpatient" xsi:type="AliasRef"/>
                  </operand>
               </suchThat>
            </relationship>
         </expression>
      </def>
      <def localId="49" locator="25:1-26:57" name="Initial Population" context="Patient" accessLevel="Public">
         <annotation xsi:type="a:Annotation">
            <a:s r="49">
               <a:s>define &quot;Initial Population&quot;:
  </a:s>
               <a:s r="48">
                  <a:s>&quot;Encounter with Hypoglycemic Medication Administration&quot;</a:s>
               </a:s>
            </a:s>
         </annotation>
         <expression localId="48" locator="26:3-26:57" name="Encounter with Hypoglycemic Medication Administration" xsi:type="ExpressionRef"/>
      </def>
      <def localId="51" locator="19:1-20:22" name="Denominator" context="Patient" accessLevel="Public">
         <annotation xsi:type="a:Annotation">
            <a:s r="51">
               <a:s>define &quot;Denominator&quot;:
  </a:s>
               <a:s r="50">
                  <a:s>&quot;Initial Population&quot;</a:s>
               </a:s>
            </a:s>
         </annotation>
         <expression localId="50" locator="20:3-20:22" name="Initial Population" xsi:type="ExpressionRef"/>
      </def>
      <def localId="94" locator="66:1-77:22" name="Glucose Test with Result Less Than 40" context="Patient" accessLevel="Public">
         <annotation xsi:type="a:Annotation">
            <a:s r="94">
               <a:s>define &quot;Glucose Test with Result Less Than 40&quot;:
  </a:s>
               <a:s r="93">
                  <a:s>
                     <a:s>from
    </a:s>
                     <a:s r="55">
                        <a:s r="54">
                           <a:s>
                              <a:s>&quot;Denominator&quot;</a:s>
                           </a:s>
                        </a:s>
                        <a:s> QualifyingEncounter</a:s>
                     </a:s>
                     <a:s>,
    </a:s>
                     <a:s r="57">
                        <a:s r="56">
                           <a:s>
                              <a:s>&quot;Hypoglycemic Medication Administration&quot;</a:s>
                           </a:s>
                        </a:s>
                        <a:s> HypoglycemicMedication</a:s>
                     </a:s>
                     <a:s>,
    </a:s>
                     <a:s r="59">
                        <a:s r="58">
                           <a:s r="58">
                              <a:s>[&quot;Laboratory Test, Performed&quot;: </a:s>
                              <a:s>
                                 <a:s>&quot;Glucose Lab Test Mass Per Volume&quot;</a:s>
                              </a:s>
                              <a:s>]</a:s>
                           </a:s>
                        </a:s>
                        <a:s> GlucoseTest</a:s>
                     </a:s>
                  </a:s>
                  <a:s>
    </a:s>
                  <a:s>
                     <a:s>let </a:s>
                     <a:s r="63">
                        <a:s>HospitalizationInterval: </a:s>
                        <a:s r="62">
                           <a:s r="60">
                              <a:s>Global</a:s>
                           </a:s>
                           <a:s>.</a:s>
                           <a:s r="62">
                              <a:s>&quot;HospitalizationWithObservation&quot; ( </a:s>
                              <a:s r="61">
                                 <a:s>QualifyingEncounter</a:s>
                              </a:s>
                              <a:s> )</a:s>
                           </a:s>
                        </a:s>
                     </a:s>
                     <a:s>,
    </a:s>
                     <a:s r="70">
                        <a:s>HypoglycemicMedicationInterval: </a:s>
                        <a:s r="69">
                           <a:s r="64">
                              <a:s>Global</a:s>
                           </a:s>
                           <a:s>.</a:s>
                           <a:s r="69">
                              <a:s>&quot;NormalizeInterval&quot; ( </a:s>
                              <a:s r="66">
                                 <a:s r="65">
                                    <a:s>HypoglycemicMedication</a:s>
                                 </a:s>
                                 <a:s>.</a:s>
                                 <a:s r="66">
                                    <a:s>relevantDatetime</a:s>
                                 </a:s>
                              </a:s>
                              <a:s>, </a:s>
                              <a:s r="68">
                                 <a:s r="67">
                                    <a:s>HypoglycemicMedication</a:s>
                                 </a:s>
                                 <a:s>.</a:s>
                                 <a:s r="68">
                                    <a:s>relevantPeriod</a:s>
                                 </a:s>
                              </a:s>
                              <a:s> )</a:s>
                           </a:s>
                        </a:s>
                     </a:s>
                     <a:s>,
    </a:s>
                     <a:s r="77">
                        <a:s>GlucoseTestTime: </a:s>
                        <a:s r="76">
                           <a:s r="71">
                              <a:s>Global</a:s>
                           </a:s>
                           <a:s>.</a:s>
                           <a:s r="76">
                              <a:s>&quot;EarliestOf&quot; ( </a:s>
                              <a:s r="73">
                                 <a:s r="72">
                                    <a:s>GlucoseTest</a:s>
                                 </a:s>
                                 <a:s>.</a:s>
                                 <a:s r="73">
                                    <a:s>relevantDatetime</a:s>
                                 </a:s>
                              </a:s>
                              <a:s>, </a:s>
                              <a:s r="75">
                                 <a:s r="74">
                                    <a:s>GlucoseTest</a:s>
                                 </a:s>
                                 <a:s>.</a:s>
                                 <a:s r="75">
                                    <a:s>relevantPeriod</a:s>
                                 </a:s>
                              </a:s>
                              <a:s> )</a:s>
                           </a:s>
                        </a:s>
                     </a:s>
                  </a:s>
                  <a:s>
    </a:s>
                  <a:s r="90">
                     <a:s>where </a:s>
                     <a:s r="90">
                        <a:s r="85">
                           <a:s r="80">
                              <a:s r="78">
                                 <a:s>GlucoseTestTime</a:s>
                              </a:s>
                              <a:s r="80"> during </a:s>
                              <a:s r="79">
                                 <a:s>HospitalizationInterval</a:s>
                              </a:s>
                           </a:s>
                           <a:s>
      and </a:s>
                           <a:s r="84">
                              <a:s r="82">
                                 <a:s r="81">
                                    <a:s>GlucoseTest</a:s>
                                 </a:s>
                                 <a:s>.</a:s>
                                 <a:s r="82">
                                    <a:s>result</a:s>
                                 </a:s>
                              </a:s>
                              <a:s> &lt; </a:s>
                              <a:s r="83">
                                 <a:s>40 'mg/dL'</a:s>
                              </a:s>
                           </a:s>
                        </a:s>
                        <a:s>
      and </a:s>
                        <a:s r="89">
                           <a:s r="86">
                              <a:s>HypoglycemicMedicationInterval</a:s>
                           </a:s>
                           <a:s> </a:s>
                           <a:s r="89">
                              <a:s>starts </a:s>
                              <a:s r="88">
                                 <a:s>24 hours</a:s>
                              </a:s>
                              <a:s> or less before or on</a:s>
                           </a:s>
                           <a:s> </a:s>
                           <a:s r="87">
                              <a:s>GlucoseTestTime</a:s>
                           </a:s>
                        </a:s>
                     </a:s>
                  </a:s>
                  <a:s>
    </a:s>
                  <a:s r="92">
                     <a:s>return </a:s>
                     <a:s r="91">
                        <a:s>GlucoseTest</a:s>
                     </a:s>
                  </a:s>
               </a:s>
            </a:s>
         </annotation>
         <expression localId="93" locator="67:3-77:22" xsi:type="Query">
            <source localId="55" locator="68:5-68:37" alias="QualifyingEncounter">
               <expression localId="54" locator="68:5-68:17" name="Denominator" xsi:type="ExpressionRef"/>
            </source>
            <source localId="57" locator="69:5-69:67" alias="HypoglycemicMedication">
               <expression localId="56" locator="69:5-69:44" name="Hypoglycemic Medication Administration" xsi:type="ExpressionRef"/>
            </source>
            <source localId="59" locator="70:5-70:82" alias="GlucoseTest">
               <expression localId="58" locator="70:5-70:70" xmlns:ns3="urn:healthit-gov:qdm:v5_6" dataType="ns3:PositiveLaboratoryTestPerformed" templateId="PositiveLaboratoryTestPerformed" codeProperty="code" codeComparator="in" xsi:type="Retrieve">
                  <codes locator="70:36-70:69" name="Glucose Lab Test Mass Per Volume" preserve="true" xsi:type="ValueSetRef"/>
               </expression>
            </source>
            <let localId="63" locator="71:9-71:96" identifier="HospitalizationInterval">
               <expression localId="62" locator="71:34-71:96" name="HospitalizationWithObservation" libraryName="Global" xsi:type="FunctionRef">
                  <operand localId="61" locator="71:76-71:94" name="QualifyingEncounter" xsi:type="AliasRef"/>
               </expression>
            </let>
            <let localId="70" locator="72:5-72:145" identifier="HypoglycemicMedicationInterval">
               <expression localId="69" locator="72:37-72:145" name="NormalizeInterval" libraryName="Global" xsi:type="FunctionRef">
                  <operand localId="66" locator="72:66-72:104" path="relevantDatetime" scope="HypoglycemicMedication" xsi:type="Property"/>
                  <operand localId="68" locator="72:107-72:143" path="relevantPeriod" scope="HypoglycemicMedication" xsi:type="Property"/>
               </expression>
            </let>
            <let localId="77" locator="73:5-73:101" identifier="GlucoseTestTime">
               <expression localId="76" locator="73:22-73:101" name="EarliestOf" libraryName="Global" xsi:type="FunctionRef">
                  <operand localId="73" locator="73:44-73:71" path="relevantDatetime" scope="GlucoseTest" xsi:type="Property"/>
                  <operand localId="75" locator="73:74-73:99" path="relevantPeriod" scope="GlucoseTest" xsi:type="Property"/>
               </expression>
            </let>
            <where localId="90" locator="74:5-76:93" xsi:type="And">
               <operand localId="85" locator="74:11-75:41" xsi:type="And">
                  <operand localId="80" locator="74:11-74:56" xsi:type="In">
                     <operand localId="78" locator="74:11-74:25" name="GlucoseTestTime" xsi:type="QueryLetRef"/>
                     <operand localId="79" locator="74:34-74:56" name="HospitalizationInterval" xsi:type="QueryLetRef"/>
                  </operand>
                  <operand localId="84" locator="75:11-75:41" xsi:type="Less">
                     <operand asType="t:Quantity" xsi:type="As">
                        <operand localId="82" locator="75:11-75:28" path="result" scope="GlucoseTest" xsi:type="Property"/>
                     </operand>
                     <operand localId="83" locator="75:32-75:41" value="40" unit="mg/dL" xsi:type="Quantity"/>
                  </operand>
               </operand>
               <operand localId="89" locator="76:11-76:93" xsi:type="And">
                  <operand locator="76:49-76:64" xsi:type="In">
                     <operand locator="76:42-76:47" xsi:type="Start">
                        <operand localId="86" locator="76:11-76:40" name="HypoglycemicMedicationInterval" xsi:type="QueryLetRef"/>
                     </operand>
                     <operand locator="76:49-76:64" lowClosed="true" highClosed="true" xsi:type="Interval">
                        <low locator="76:79-76:93" xsi:type="Subtract">
                           <operand localId="87" locator="76:79-76:93" name="GlucoseTestTime" xsi:type="QueryLetRef"/>
                           <operand localId="88" locator="76:49-76:56" value="24" unit="hours" xsi:type="Quantity"/>
                        </low>
                        <high localId="87" locator="76:79-76:93" name="GlucoseTestTime" xsi:type="QueryLetRef"/>
                     </operand>
                  </operand>
                  <operand locator="76:49-76:64" xsi:type="Not">
                     <operand locator="76:49-76:64" xsi:type="IsNull">
                        <operand localId="87" locator="76:79-76:93" name="GlucoseTestTime" xsi:type="QueryLetRef"/>
                     </operand>
                  </operand>
               </operand>
            </where>
            <return localId="92" locator="77:5-77:22">
               <expression localId="91" locator="77:12-77:22" name="GlucoseTest" xsi:type="AliasRef"/>
            </return>
         </expression>
      </def>
      <def localId="144" locator="28:1-40:25" name="Low Glucose Test Followed By Glucose Test Result Greater Than 80" context="Patient" accessLevel="Public">
         <annotation xsi:type="a:Annotation">
            <a:s r="144">
               <a:s>define &quot;Low Glucose Test Followed By Glucose Test Result Greater Than 80&quot;:
  </a:s>
               <a:s r="143">
                  <a:s>
                     <a:s>from
    </a:s>
                     <a:s r="53">
                        <a:s r="52">
                           <a:s>
                              <a:s>&quot;Denominator&quot;</a:s>
                           </a:s>
                        </a:s>
                        <a:s> QualifyingEncounter</a:s>
                     </a:s>
                     <a:s>,
    </a:s>
                     <a:s r="96">
                        <a:s r="95">
                           <a:s>
                              <a:s>&quot;Glucose Test with Result Less Than 40&quot;</a:s>
                           </a:s>
                        </a:s>
                        <a:s> LowGlucoseTest</a:s>
                     </a:s>
                     <a:s>,
    </a:s>
                     <a:s r="98">
                        <a:s r="97">
                           <a:s r="97">
                              <a:s>[&quot;Laboratory Test, Performed&quot;: </a:s>
                              <a:s>
                                 <a:s>&quot;Glucose Lab Test Mass Per Volume&quot;</a:s>
                              </a:s>
                              <a:s>]</a:s>
                           </a:s>
                        </a:s>
                        <a:s> FollowupGlucoseTest</a:s>
                     </a:s>
                  </a:s>
                  <a:s>
    </a:s>
                  <a:s>
                     <a:s>let </a:s>
                     <a:s r="105">
                        <a:s>GlucoseTestTime: </a:s>
                        <a:s r="104">
                           <a:s r="99">
                              <a:s>Global</a:s>
                           </a:s>
                           <a:s>.</a:s>
                           <a:s r="104">
                              <a:s>&quot;EarliestOf&quot; ( </a:s>
                              <a:s r="101">
                                 <a:s r="100">
                                    <a:s>LowGlucoseTest</a:s>
                                 </a:s>
                                 <a:s>.</a:s>
                                 <a:s r="101">
                                    <a:s>relevantDatetime</a:s>
                                 </a:s>
                              </a:s>
                              <a:s>, </a:s>
                              <a:s r="103">
                                 <a:s r="102">
                                    <a:s>LowGlucoseTest</a:s>
                                 </a:s>
                                 <a:s>.</a:s>
                                 <a:s r="103">
                                    <a:s>relevantPeriod</a:s>
                                 </a:s>
                              </a:s>
                              <a:s> )</a:s>
                           </a:s>
                        </a:s>
                     </a:s>
                     <a:s>,
    </a:s>
                     <a:s r="112">
                        <a:s>FollowupGlucoseTestTime: </a:s>
                        <a:s r="111">
                           <a:s r="106">
                              <a:s>Global</a:s>
                           </a:s>
                           <a:s>.</a:s>
                           <a:s r="111">
                              <a:s>&quot;EarliestOf&quot; ( </a:s>
                              <a:s r="108">
                                 <a:s r="107">
                                    <a:s>FollowupGlucoseTest</a:s>
                                 </a:s>
                                 <a:s>.</a:s>
                                 <a:s r="108">
                                    <a:s>relevantDatetime</a:s>
                                 </a:s>
                              </a:s>
                              <a:s>, </a:s>
                              <a:s r="110">
                                 <a:s r="109">
                                    <a:s>FollowupGlucoseTest</a:s>
                                 </a:s>
                                 <a:s>.</a:s>
                                 <a:s r="110">
                                    <a:s>relevantPeriod</a:s>
                                 </a:s>
                              </a:s>
                              <a:s> )</a:s>
                           </a:s>
                        </a:s>
                     </a:s>
                  </a:s>
                  <a:s>
    </a:s>
                  <a:s r="140">
                     <a:s>where </a:s>
                     <a:s r="140">
                        <a:s r="135">
                           <a:s r="128">
                              <a:s r="122">
                                 <a:s r="116">
                                    <a:s r="113">
                                       <a:s>FollowupGlucoseTestTime</a:s>
                                    </a:s>
                                    <a:s> </a:s>
                                    <a:s r="116">
                                       <a:s r="115">
                                          <a:s>5 minutes</a:s>
                                       </a:s>
                                       <a:s> or less after</a:s>
                                    </a:s>
                                    <a:s> </a:s>
                                    <a:s r="114">
                                       <a:s>GlucoseTestTime</a:s>
                                    </a:s>
                                 </a:s>
                                 <a:s>
      and </a:s>
                                 <a:s r="121">
                                    <a:s r="117">
                                       <a:s>GlucoseTestTime</a:s>
                                    </a:s>
                                    <a:s r="121"> during </a:s>
                                    <a:s r="120">
                                       <a:s r="118">
                                          <a:s>Global</a:s>
                                       </a:s>
                                       <a:s>.</a:s>
                                       <a:s r="120">
                                          <a:s>&quot;HospitalizationWithObservation&quot; ( </a:s>
                                          <a:s r="119">
                                             <a:s>QualifyingEncounter</a:s>
                                          </a:s>
                                          <a:s> )</a:s>
                                       </a:s>
                                    </a:s>
                                 </a:s>
                              </a:s>
                              <a:s>
      and </a:s>
                              <a:s r="127">
                                 <a:s r="123">
                                    <a:s>FollowupGlucoseTestTime</a:s>
                                 </a:s>
                                 <a:s r="127"> during </a:s>
                                 <a:s r="126">
                                    <a:s r="124">
                                       <a:s>Global</a:s>
                                    </a:s>
                                    <a:s>.</a:s>
                                    <a:s r="126">
                                       <a:s>&quot;HospitalizationWithObservation&quot; ( </a:s>
                                       <a:s r="125">
                                          <a:s>QualifyingEncounter</a:s>
                                       </a:s>
                                       <a:s> )</a:s>
                                    </a:s>
                                 </a:s>
                              </a:s>
                           </a:s>
                           <a:s>
      and </a:s>
                           <a:s r="134">
                              <a:s r="130">
                                 <a:s r="129">
                                    <a:s>FollowupGlucoseTest</a:s>
                                 </a:s>
                                 <a:s>.</a:s>
                                 <a:s r="130">
                                    <a:s>id</a:s>
                                 </a:s>
                              </a:s>
                              <a:s> !~ </a:s>
                              <a:s r="132">
                                 <a:s r="131">
                                    <a:s>LowGlucoseTest</a:s>
                                 </a:s>
                                 <a:s>.</a:s>
                                 <a:s r="132">
                                    <a:s>id</a:s>
                                 </a:s>
                              </a:s>
                           </a:s>
                        </a:s>
                        <a:s>
      and </a:s>
                        <a:s r="139">
                           <a:s r="137">
                              <a:s r="136">
                                 <a:s>FollowupGlucoseTest</a:s>
                              </a:s>
                              <a:s>.</a:s>
                              <a:s r="137">
                                 <a:s>result</a:s>
                              </a:s>
                           </a:s>
                           <a:s> > </a:s>
                           <a:s r="138">
                              <a:s>80 'mg/dL'</a:s>
                           </a:s>
                        </a:s>
                     </a:s>
                  </a:s>
                  <a:s>
    </a:s>
                  <a:s r="142">
                     <a:s>return </a:s>
                     <a:s r="141">
                        <a:s>LowGlucoseTest</a:s>
                     </a:s>
                  </a:s>
               </a:s>
            </a:s>
         </annotation>
         <expression localId="143" locator="29:3-40:25" xsi:type="Query">
            <source localId="53" locator="30:5-30:37" alias="QualifyingEncounter">
               <expression localId="52" locator="30:5-30:17" name="Denominator" xsi:type="ExpressionRef"/>
            </source>
            <source localId="96" locator="31:5-31:58" alias="LowGlucoseTest">
               <expression localId="95" locator="31:5-31:43" name="Glucose Test with Result Less Than 40" xsi:type="ExpressionRef"/>
            </source>
            <source localId="98" locator="32:5-32:90" alias="FollowupGlucoseTest">
               <expression localId="97" locator="32:5-32:70" xmlns:ns4="urn:healthit-gov:qdm:v5_6" dataType="ns4:PositiveLaboratoryTestPerformed" templateId="PositiveLaboratoryTestPerformed" codeProperty="code" codeComparator="in" xsi:type="Retrieve">
                  <codes locator="32:36-32:69" name="Glucose Lab Test Mass Per Volume" preserve="true" xsi:type="ValueSetRef"/>
               </expression>
            </source>
            <let localId="105" locator="33:9-33:111" identifier="GlucoseTestTime">
               <expression localId="104" locator="33:26-33:111" name="EarliestOf" libraryName="Global" xsi:type="FunctionRef">
                  <operand localId="101" locator="33:48-33:78" path="relevantDatetime" scope="LowGlucoseTest" xsi:type="Property"/>
                  <operand localId="103" locator="33:81-33:109" path="relevantPeriod" scope="LowGlucoseTest" xsi:type="Property"/>
               </expression>
            </let>
            <let localId="112" locator="34:5-34:125" identifier="FollowupGlucoseTestTime">
               <expression localId="111" locator="34:30-34:125" name="EarliestOf" libraryName="Global" xsi:type="FunctionRef">
                  <operand localId="108" locator="34:52-34:87" path="relevantDatetime" scope="FollowupGlucoseTest" xsi:type="Property"/>
                  <operand localId="110" locator="34:90-34:123" path="relevantPeriod" scope="FollowupGlucoseTest" xsi:type="Property"/>
               </expression>
            </let>
            <where localId="140" locator="35:5-39:49" xsi:type="And">
               <operand localId="135" locator="35:11-38:53" xsi:type="And">
                  <operand localId="128" locator="35:11-37:104" xsi:type="And">
                     <operand localId="122" locator="35:11-36:96" xsi:type="And">
                        <operand localId="116" locator="35:11-35:73" xsi:type="And">
                           <operand locator="35:35-35:51" xsi:type="In">
                              <operand localId="113" locator="35:11-35:33" name="FollowupGlucoseTestTime" xsi:type="QueryLetRef"/>
                              <operand locator="35:35-35:51" lowClosed="false" highClosed="true" xsi:type="Interval">
                                 <low localId="114" locator="35:59-35:73" name="GlucoseTestTime" xsi:type="QueryLetRef"/>
                                 <high locator="35:59-35:73" xsi:type="Add">
                                    <operand localId="114" locator="35:59-35:73" name="GlucoseTestTime" xsi:type="QueryLetRef"/>
                                    <operand localId="115" locator="35:35-35:43" value="5" unit="minutes" xsi:type="Quantity"/>
                                 </high>
                              </operand>
                           </operand>
                           <operand locator="35:35-35:51" xsi:type="Not">
                              <operand locator="35:35-35:51" xsi:type="IsNull">
                                 <operand localId="114" locator="35:59-35:73" name="GlucoseTestTime" xsi:type="QueryLetRef"/>
                              </operand>
                           </operand>
                        </operand>
                        <operand localId="121" locator="36:11-36:96" xsi:type="In">
                           <operand localId="117" locator="36:11-36:25" name="GlucoseTestTime" xsi:type="QueryLetRef"/>
                           <operand localId="120" locator="36:34-36:96" name="HospitalizationWithObservation" libraryName="Global" xsi:type="FunctionRef">
                              <operand localId="119" locator="36:76-36:94" name="QualifyingEncounter" xsi:type="AliasRef"/>
                           </operand>
                        </operand>
                     </operand>
                     <operand localId="127" locator="37:11-37:104" xsi:type="In">
                        <operand localId="123" locator="37:11-37:33" name="FollowupGlucoseTestTime" xsi:type="QueryLetRef"/>
                        <operand localId="126" locator="37:42-37:104" name="HospitalizationWithObservation" libraryName="Global" xsi:type="FunctionRef">
                           <operand localId="125" locator="37:84-37:102" name="QualifyingEncounter" xsi:type="AliasRef"/>
                        </operand>
                     </operand>
                  </operand>
                  <operand localId="134" locator="38:11-38:53" xsi:type="Not">
                     <operand localId="133" locator="38:11-38:53" xsi:type="Equivalent">
                        <operand localId="130" locator="38:11-38:32" path="id" scope="FollowupGlucoseTest" xsi:type="Property"/>
                        <operand localId="132" locator="38:37-38:53" path="id" scope="LowGlucoseTest" xsi:type="Property"/>
                     </operand>
                  </operand>
               </operand>
               <operand localId="139" locator="39:11-39:49" xsi:type="Greater">
                  <operand asType="t:Quantity" xsi:type="As">
                     <operand localId="137" locator="39:11-39:36" path="result" scope="FollowupGlucoseTest" xsi:type="Property"/>
                  </operand>
                  <operand localId="138" locator="39:40-39:49" value="80" unit="mg/dL" xsi:type="Quantity"/>
               </operand>
            </where>
            <return localId="142" locator="40:5-40:25">
               <expression localId="141" locator="40:12-40:25" name="LowGlucoseTest" xsi:type="AliasRef"/>
            </return>
         </expression>
      </def>
      <def localId="156" locator="62:1-64:108" name="Severe Hypoglycemic Harm Event" context="Patient" accessLevel="Public">
         <annotation xsi:type="a:Annotation">
            <a:s r="156">
               <a:s>define &quot;Severe Hypoglycemic Harm Event&quot;:
  </a:s>
               <a:s r="155">
                  <a:s>
                     <a:s r="148">
                        <a:s r="147">
                           <a:s>
                              <a:s>&quot;Glucose Test with Result Less Than 40&quot;</a:s>
                           </a:s>
                        </a:s>
                        <a:s> LowGlucoseTest</a:s>
                     </a:s>
                  </a:s>
                  <a:s>
    </a:s>
                  <a:s r="154">
                     <a:s>where </a:s>
                     <a:s r="154">
                        <a:s>not </a:s>
                        <a:s r="153">
                           <a:s>( </a:s>
                           <a:s r="153">
                              <a:s r="150">
                                 <a:s r="149">
                                    <a:s>LowGlucoseTest</a:s>
                                 </a:s>
                                 <a:s>.</a:s>
                                 <a:s r="150">
                                    <a:s>id</a:s>
                                 </a:s>
                              </a:s>
                              <a:s> in </a:s>
                              <a:s r="152">
                                 <a:s r="151">
                                    <a:s>&quot;Low Glucose Test Followed By Glucose Test Result Greater Than 80&quot;</a:s>
                                 </a:s>
                                 <a:s>.</a:s>
                                 <a:s r="152">
                                    <a:s>id</a:s>
                                 </a:s>
                              </a:s>
                           </a:s>
                           <a:s> )</a:s>
                        </a:s>
                     </a:s>
                  </a:s>
               </a:s>
            </a:s>
         </annotation>
         <expression localId="155" locator="63:3-64:108" xsi:type="Query">
            <source localId="148" locator="63:3-63:56" alias="LowGlucoseTest">
               <expression localId="147" locator="63:3-63:41" name="Glucose Test with Result Less Than 40" xsi:type="ExpressionRef"/>
            </source>
            <where localId="154" locator="64:5-64:108" xsi:type="Not">
               <operand localId="153" locator="64:15-64:108" xsi:type="In">
                  <operand localId="150" locator="64:17-64:33" path="id" scope="LowGlucoseTest" xsi:type="Property"/>
                  <operand localId="152" locator="64:38-64:106" xsi:type="Query">
                     <source alias="$this">
                        <expression localId="151" locator="64:38-64:103" name="Low Glucose Test Followed By Glucose Test Result Greater Than 80" xsi:type="ExpressionRef"/>
                     </source>
                     <where xsi:type="Not">
                        <operand xsi:type="IsNull">
                           <operand path="id" xsi:type="Property">
                              <source name="$this" xsi:type="AliasRef"/>
                           </operand>
                        </operand>
                     </where>
                     <return distinct="false">
                        <expression path="id" xsi:type="Property">
                           <source name="$this" xsi:type="AliasRef"/>
                        </expression>
                     </return>
                  </operand>
               </operand>
            </where>
         </expression>
      </def>
      <def localId="176" locator="84:1-91:35" name="Encounter with Severe Hypoglycemic Harm Event" context="Patient" accessLevel="Public">
         <annotation xsi:type="a:Annotation">
            <a:s r="176">
               <a:s>define &quot;Encounter with Severe Hypoglycemic Harm Event&quot;:
  </a:s>
               <a:s r="175">
                  <a:s>
                     <a:s>from
    </a:s>
                     <a:s r="146">
                        <a:s r="145">
                           <a:s>
                              <a:s>&quot;Denominator&quot;</a:s>
                           </a:s>
                        </a:s>
                        <a:s> InpatientHospitalization</a:s>
                     </a:s>
                     <a:s>,
    </a:s>
                     <a:s r="158">
                        <a:s r="157">
                           <a:s>
                              <a:s>&quot;Severe Hypoglycemic Harm Event&quot;</a:s>
                           </a:s>
                        </a:s>
                        <a:s> HypoglycemicEvent</a:s>
                     </a:s>
                  </a:s>
                  <a:s>
    </a:s>
                  <a:s>
                     <a:s>let </a:s>
                     <a:s r="165">
                        <a:s>GlucoseTestTime: </a:s>
                        <a:s r="164">
                           <a:s r="159">
                              <a:s>Global</a:s>
                           </a:s>
                           <a:s>.</a:s>
                           <a:s r="164">
                              <a:s>&quot;EarliestOf&quot; ( </a:s>
                              <a:s r="161">
                                 <a:s r="160">
                                    <a:s>HypoglycemicEvent</a:s>
                                 </a:s>
                                 <a:s>.</a:s>
                                 <a:s r="161">
                                    <a:s>relevantDatetime</a:s>
                                 </a:s>
                              </a:s>
                              <a:s>, </a:s>
                              <a:s r="163">
                                 <a:s r="162">
                                    <a:s>HypoglycemicEvent</a:s>
                                 </a:s>
                                 <a:s>.</a:s>
                                 <a:s r="163">
                                    <a:s>relevantPeriod</a:s>
                                 </a:s>
                              </a:s>
                              <a:s> )</a:s>
                           </a:s>
                        </a:s>
                     </a:s>
                     <a:s>,
    </a:s>
                     <a:s r="169">
                        <a:s>HospitalizationInterval: </a:s>
                        <a:s r="168">
                           <a:s r="166">
                              <a:s>Global</a:s>
                           </a:s>
                           <a:s>.</a:s>
                           <a:s r="168">
                              <a:s>&quot;HospitalizationWithObservation&quot; ( </a:s>
                              <a:s r="167">
                                 <a:s>InpatientHospitalization</a:s>
                              </a:s>
                              <a:s> )</a:s>
                           </a:s>
                        </a:s>
                     </a:s>
                  </a:s>
                  <a:s>
    </a:s>
                  <a:s r="172">
                     <a:s>where </a:s>
                     <a:s r="172">
                        <a:s r="170">
                           <a:s>GlucoseTestTime</a:s>
                        </a:s>
                        <a:s r="172"> during </a:s>
                        <a:s r="171">
                           <a:s>HospitalizationInterval</a:s>
                        </a:s>
                     </a:s>
                  </a:s>
                  <a:s>
    </a:s>
                  <a:s r="174">
                     <a:s>return </a:s>
                     <a:s r="173">
                        <a:s>InpatientHospitalization</a:s>
                     </a:s>
                  </a:s>
               </a:s>
            </a:s>
         </annotation>
         <expression localId="175" locator="85:3-91:35" xsi:type="Query">
            <source localId="146" locator="86:5-86:42" alias="InpatientHospitalization">
               <expression localId="145" locator="86:5-86:17" name="Denominator" xsi:type="ExpressionRef"/>
            </source>
            <source localId="158" locator="87:5-87:54" alias="HypoglycemicEvent">
               <expression localId="157" locator="87:5-87:36" name="Severe Hypoglycemic Harm Event" xsi:type="ExpressionRef"/>
            </source>
            <let localId="165" locator="88:9-88:117" identifier="GlucoseTestTime">
               <expression localId="164" locator="88:26-88:117" name="EarliestOf" libraryName="Global" xsi:type="FunctionRef">
                  <operand localId="161" locator="88:48-88:81" path="relevantDatetime" scope="HypoglycemicEvent" xsi:type="Property"/>
                  <operand localId="163" locator="88:84-88:115" path="relevantPeriod" scope="HypoglycemicEvent" xsi:type="Property"/>
               </expression>
            </let>
            <let localId="169" locator="89:5-89:97" identifier="HospitalizationInterval">
               <expression localId="168" locator="89:30-89:97" name="HospitalizationWithObservation" libraryName="Global" xsi:type="FunctionRef">
                  <operand localId="167" locator="89:72-89:95" name="InpatientHospitalization" xsi:type="AliasRef"/>
               </expression>
            </let>
            <where localId="172" locator="90:5-90:56" xsi:type="In">
               <operand localId="170" locator="90:11-90:25" name="GlucoseTestTime" xsi:type="QueryLetRef"/>
               <operand localId="171" locator="90:34-90:56" name="HospitalizationInterval" xsi:type="QueryLetRef"/>
            </where>
            <return localId="174" locator="91:5-91:35">
               <expression localId="173" locator="91:12-91:35" name="InpatientHospitalization" xsi:type="AliasRef"/>
            </return>
         </expression>
      </def>
      <def localId="178" locator="42:1-43:49" name="Numerator" context="Patient" accessLevel="Public">
         <annotation xsi:type="a:Annotation">
            <a:s r="178">
               <a:s>define &quot;Numerator&quot;:
  </a:s>
               <a:s r="177">
                  <a:s>&quot;Encounter with Severe Hypoglycemic Harm Event&quot;</a:s>
               </a:s>
            </a:s>
         </annotation>
         <expression localId="177" locator="43:3-43:49" name="Encounter with Severe Hypoglycemic Harm Event" xsi:type="ExpressionRef"/>
      </def>
      <def localId="180" locator="50:1-51:51" name="SDE Ethnicity" context="Patient" accessLevel="Public">
         <annotation xsi:type="a:Annotation">
            <a:s r="180">
               <a:s>define &quot;SDE Ethnicity&quot;:
  </a:s>
               <a:s r="179">
                  <a:s>[&quot;Patient Characteristic Ethnicity&quot;: </a:s>
                  <a:s>
                     <a:s>&quot;Ethnicity&quot;</a:s>
                  </a:s>
                  <a:s>]</a:s>
               </a:s>
            </a:s>
         </annotation>
         <expression localId="179" locator="51:3-51:51" xmlns:ns5="urn:healthit-gov:qdm:v5_6" dataType="ns5:PatientCharacteristicEthnicity" codeProperty="code" codeComparator="in" xsi:type="Retrieve">
            <codes locator="51:40-51:50" name="Ethnicity" preserve="true" xsi:type="ValueSetRef"/>
         </expression>
      </def>
      <def localId="182" locator="53:1-54:48" name="SDE Payer" context="Patient" accessLevel="Public">
         <annotation xsi:type="a:Annotation">
            <a:s r="182">
               <a:s>define &quot;SDE Payer&quot;:
  </a:s>
               <a:s r="181">
                  <a:s>[&quot;Patient Characteristic Payer&quot;: </a:s>
                  <a:s>
                     <a:s>&quot;Payer Type&quot;</a:s>
                  </a:s>
                  <a:s>]</a:s>
               </a:s>
            </a:s>
         </annotation>
         <expression localId="181" locator="54:3-54:48" xmlns:ns6="urn:healthit-gov:qdm:v5_6" dataType="ns6:PatientCharacteristicPayer" codeProperty="code" codeComparator="in" xsi:type="Retrieve">
            <codes locator="54:36-54:47" name="Payer Type" preserve="true" xsi:type="ValueSetRef"/>
         </expression>
      </def>
      <def localId="184" locator="56:1-57:41" name="SDE Race" context="Patient" accessLevel="Public">
         <annotation xsi:type="a:Annotation">
            <a:s r="184">
               <a:s>define &quot;SDE Race&quot;:
  </a:s>
               <a:s r="183">
                  <a:s>[&quot;Patient Characteristic Race&quot;: </a:s>
                  <a:s>
                     <a:s>&quot;Race&quot;</a:s>
                  </a:s>
                  <a:s>]</a:s>
               </a:s>
            </a:s>
         </annotation>
         <expression localId="183" locator="57:3-57:41" xmlns:ns7="urn:healthit-gov:qdm:v5_6" dataType="ns7:PatientCharacteristicRace" codeProperty="code" codeComparator="in" xsi:type="Retrieve">
            <codes locator="57:35-57:40" name="Race" preserve="true" xsi:type="ValueSetRef"/>
         </expression>
      </def>
      <def localId="186" locator="59:1-60:58" name="SDE Sex" context="Patient" accessLevel="Public">
         <annotation xsi:type="a:Annotation">
            <a:s r="186">
               <a:s>define &quot;SDE Sex&quot;:
  </a:s>
               <a:s r="185">
                  <a:s>[&quot;Patient Characteristic Sex&quot;: </a:s>
                  <a:s>
                     <a:s>&quot;ONC Administrative Sex&quot;</a:s>
                  </a:s>
                  <a:s>]</a:s>
               </a:s>
            </a:s>
         </annotation>
         <expression localId="185" locator="60:3-60:58" xmlns:ns8="urn:healthit-gov:qdm:v5_6" dataType="ns8:PatientCharacteristicSex" codeProperty="code" codeComparator="in" xsi:type="Retrieve">
            <codes locator="60:34-60:57" name="ONC Administrative Sex" preserve="true" xsi:type="ValueSetRef"/>
         </expression>
      </def>
   </statements>
</library>
