{
   "library" : {
      "annotation" : [ {
         "translatorOptions" : "EnableAnnotations,EnableLocators,DisableListDemotion,DisableListPromotion,DisableMethodInvocation",
         "type" : "CqlToElmInfo"
      }, {
         "type" : "Annotation",
         "s" : {
            "r" : "158",
            "s" : [ {
               "value" : [ "","library POAGOpticNerveEvaluation version '13.0.000'" ]
            } ]
         }
      } ],
      "identifier" : {
         "id" : "POAGOpticNerveEvaluation",
         "version" : "13.0.000"
      },
      "schemaIdentifier" : {
         "id" : "urn:hl7-org:elm",
         "version" : "r1"
      },
      "usings" : {
         "def" : [ {
            "localIdentifier" : "System",
            "uri" : "urn:hl7-org:elm-types:r1"
         }, {
            "localId" : "1",
            "locator" : "3:1-3:23",
            "localIdentifier" : "QDM",
            "uri" : "urn:healthit-gov:qdm:v5_6",
            "version" : "5.6",
            "annotation" : [ {
               "type" : "Annotation",
               "s" : {
                  "r" : "1",
                  "s" : [ {
                     "value" : [ "","using " ]
                  }, {
                     "s" : [ {
                        "value" : [ "QDM" ]
                     } ]
                  }, {
                     "value" : [ " version ","'5.6'" ]
                  } ]
               }
            } ]
         } ]
      },
      "includes" : {
         "def" : [ {
            "localId" : "2",
            "locator" : "5:1-5:67",
            "localIdentifier" : "Global",
            "path" : "MATGlobalCommonFunctionsQDM",
            "version" : "8.0.000",
            "annotation" : [ {
               "type" : "Annotation",
               "s" : {
                  "r" : "2",
                  "s" : [ {
                     "value" : [ "","include " ]
                  }, {
                     "s" : [ {
                        "value" : [ "MATGlobalCommonFunctionsQDM" ]
                     } ]
                  }, {
                     "value" : [ " version ","'8.0.000'"," called ","Global" ]
                  } ]
               }
            } ]
         } ]
      },
      "parameters" : {
         "def" : [ {
            "localId" : "21",
            "locator" : "25:1-25:49",
            "name" : "Measurement Period",
            "accessLevel" : "Public",
            "annotation" : [ {
               "type" : "Annotation",
               "s" : {
                  "r" : "21",
                  "s" : [ {
                     "value" : [ "","parameter ","\"Measurement Period\""," " ]
                  }, {
                     "r" : "20",
                     "s" : [ {
                        "value" : [ "Interval<" ]
                     }, {
                        "r" : "19",
                        "s" : [ {
                           "value" : [ "DateTime" ]
                        } ]
                     }, {
                        "value" : [ ">" ]
                     } ]
                  } ]
               }
            } ],
            "parameterTypeSpecifier" : {
               "localId" : "20",
               "locator" : "25:32-25:49",
               "type" : "IntervalTypeSpecifier",
               "pointType" : {
                  "localId" : "19",
                  "locator" : "25:41-25:48",
                  "name" : "{urn:hl7-org:elm-types:r1}DateTime",
                  "type" : "NamedTypeSpecifier"
               }
            }
         } ]
      },
      "codeSystems" : {
         "def" : [ {
            "localId" : "3",
            "locator" : "7:1-7:53",
            "name" : "ActCode",
            "id" : "urn:oid:2.16.840.1.113883.5.4",
            "accessLevel" : "Public",
            "annotation" : [ {
               "type" : "Annotation",
               "s" : {
                  "r" : "3",
                  "s" : [ {
                     "value" : [ "","codesystem ","\"ActCode\"",": ","'urn:oid:2.16.840.1.113883.5.4'" ]
                  } ]
               }
            } ]
         } ]
      },
      "valueSets" : {
         "def" : [ {
            "localId" : "4",
            "locator" : "9:1-9:110",
            "name" : "Care Services in Long Term Residential Facility",
            "id" : "urn:oid:2.16.840.1.113883.3.464.1003.101.12.1014",
            "accessLevel" : "Public",
            "annotation" : [ {
               "type" : "Annotation",
               "s" : {
                  "r" : "4",
                  "s" : [ {
                     "value" : [ "","valueset ","\"Care Services in Long Term Residential Facility\"",": ","'urn:oid:2.16.840.1.113883.3.464.1003.101.12.1014'" ]
                  } ]
               }
            } ]
         }, {
            "localId" : "5",
            "locator" : "10:1-10:70",
            "name" : "Cup to Disc Ratio",
            "id" : "urn:oid:2.16.840.1.113883.3.526.3.1333",
            "accessLevel" : "Public",
            "annotation" : [ {
               "type" : "Annotation",
               "s" : {
                  "r" : "5",
                  "s" : [ {
                     "value" : [ "","valueset ","\"Cup to Disc Ratio\"",": ","'urn:oid:2.16.840.1.113883.3.526.3.1333'" ]
                  } ]
               }
            } ]
         }, {
            "localId" : "6",
            "locator" : "11:1-11:58",
            "name" : "Ethnicity",
            "id" : "urn:oid:2.16.840.1.114222.4.11.837",
            "accessLevel" : "Public",
            "annotation" : [ {
               "type" : "Annotation",
               "s" : {
                  "r" : "6",
                  "s" : [ {
                     "value" : [ "","valueset ","\"Ethnicity\"",": ","'urn:oid:2.16.840.1.114222.4.11.837'" ]
                  } ]
               }
            } ]
         }, {
            "localId" : "7",
            "locator" : "12:1-12:67",
            "name" : "Medical Reason",
            "id" : "urn:oid:2.16.840.1.113883.3.526.3.1007",
            "accessLevel" : "Public",
            "annotation" : [ {
               "type" : "Annotation",
               "s" : {
                  "r" : "7",
                  "s" : [ {
                     "value" : [ "","valueset ","\"Medical Reason\"",": ","'urn:oid:2.16.840.1.113883.3.526.3.1007'" ]
                  } ]
               }
            } ]
         }, {
            "localId" : "8",
            "locator" : "13:1-13:85",
            "name" : "Nursing Facility Visit",
            "id" : "urn:oid:2.16.840.1.113883.3.464.1003.101.12.1012",
            "accessLevel" : "Public",
            "annotation" : [ {
               "type" : "Annotation",
               "s" : {
                  "r" : "8",
                  "s" : [ {
                     "value" : [ "","valueset ","\"Nursing Facility Visit\"",": ","'urn:oid:2.16.840.1.113883.3.464.1003.101.12.1012'" ]
                  } ]
               }
            } ]
         }, {
            "localId" : "9",
            "locator" : "14:1-14:75",
            "name" : "Office Visit",
            "id" : "urn:oid:2.16.840.1.113883.3.464.1003.101.12.1001",
            "accessLevel" : "Public",
            "annotation" : [ {
               "type" : "Annotation",
               "s" : {
                  "r" : "9",
                  "s" : [ {
                     "value" : [ "","valueset ","\"Office Visit\"",": ","'urn:oid:2.16.840.1.113883.3.464.1003.101.12.1001'" ]
                  } ]
               }
            } ]
         }, {
            "localId" : "10",
            "locator" : "15:1-15:68",
            "name" : "ONC Administrative Sex",
            "id" : "urn:oid:2.16.840.1.113762.1.4.1",
            "accessLevel" : "Public",
            "annotation" : [ {
               "type" : "Annotation",
               "s" : {
                  "r" : "10",
                  "s" : [ {
                     "value" : [ "","valueset ","\"ONC Administrative Sex\"",": ","'urn:oid:2.16.840.1.113762.1.4.1'" ]
                  } ]
               }
            } ]
         }, {
            "localId" : "11",
            "locator" : "16:1-16:78",
            "name" : "Ophthalmological Services",
            "id" : "urn:oid:2.16.840.1.113883.3.526.3.1285",
            "accessLevel" : "Public",
            "annotation" : [ {
               "type" : "Annotation",
               "s" : {
                  "r" : "11",
                  "s" : [ {
                     "value" : [ "","valueset ","\"Ophthalmological Services\"",": ","'urn:oid:2.16.840.1.113883.3.526.3.1285'" ]
                  } ]
               }
            } ]
         }, {
            "localId" : "12",
            "locator" : "17:1-17:97",
            "name" : "Optic Disc Exam for Structural Abnormalities",
            "id" : "urn:oid:2.16.840.1.113883.3.526.3.1334",
            "accessLevel" : "Public",
            "annotation" : [ {
               "type" : "Annotation",
               "s" : {
                  "r" : "12",
                  "s" : [ {
                     "value" : [ "","valueset ","\"Optic Disc Exam for Structural Abnormalities\"",": ","'urn:oid:2.16.840.1.113883.3.526.3.1334'" ]
                  } ]
               }
            } ]
         }, {
            "localId" : "13",
            "locator" : "18:1-18:86",
            "name" : "Outpatient Consultation",
            "id" : "urn:oid:2.16.840.1.113883.3.464.1003.101.12.1008",
            "accessLevel" : "Public",
            "annotation" : [ {
               "type" : "Annotation",
               "s" : {
                  "r" : "13",
                  "s" : [ {
                     "value" : [ "","valueset ","\"Outpatient Consultation\"",": ","'urn:oid:2.16.840.1.113883.3.464.1003.101.12.1008'" ]
                  } ]
               }
            } ]
         }, {
            "localId" : "14",
            "locator" : "19:1-19:60",
            "name" : "Payer Type",
            "id" : "urn:oid:2.16.840.1.114222.4.11.3591",
            "accessLevel" : "Public",
            "annotation" : [ {
               "type" : "Annotation",
               "s" : {
                  "r" : "14",
                  "s" : [ {
                     "value" : [ "","valueset ","\"Payer Type\"",": ","'urn:oid:2.16.840.1.114222.4.11.3591'" ]
                  } ]
               }
            } ]
         }, {
            "localId" : "15",
            "locator" : "20:1-20:79",
            "name" : "Primary Open Angle Glaucoma",
            "id" : "urn:oid:2.16.840.1.113883.3.526.3.326",
            "accessLevel" : "Public",
            "annotation" : [ {
               "type" : "Annotation",
               "s" : {
                  "r" : "15",
                  "s" : [ {
                     "value" : [ "","valueset ","\"Primary Open Angle Glaucoma\"",": ","'urn:oid:2.16.840.1.113883.3.526.3.326'" ]
                  } ]
               }
            } ]
         }, {
            "localId" : "16",
            "locator" : "21:1-21:53",
            "name" : "Race",
            "id" : "urn:oid:2.16.840.1.114222.4.11.836",
            "accessLevel" : "Public",
            "annotation" : [ {
               "type" : "Annotation",
               "s" : {
                  "r" : "16",
                  "s" : [ {
                     "value" : [ "","valueset ","\"Race\"",": ","'urn:oid:2.16.840.1.114222.4.11.836'" ]
                  } ]
               }
            } ]
         } ]
      },
      "codes" : {
         "def" : [ {
            "localId" : "18",
            "locator" : "23:1-23:53",
            "name" : "virtual",
            "id" : "VR",
            "display" : "virtual",
            "accessLevel" : "Public",
            "annotation" : [ {
               "type" : "Annotation",
               "s" : {
                  "r" : "18",
                  "s" : [ {
                     "value" : [ "","code ","\"virtual\"",": ","'VR'"," from " ]
                  }, {
                     "r" : "17",
                     "s" : [ {
                        "value" : [ "\"ActCode\"" ]
                     } ]
                  }, {
                     "value" : [ " display ","'virtual'" ]
                  } ]
               }
            } ],
            "codeSystem" : {
               "localId" : "17",
               "locator" : "23:27-23:35",
               "name" : "ActCode"
            }
         } ]
      },
      "contexts" : {
         "def" : [ {
            "locator" : "27:1-27:15",
            "name" : "Patient"
         } ]
      },
      "statements" : {
         "def" : [ {
            "locator" : "27:1-27:15",
            "name" : "Patient",
            "context" : "Patient",
            "expression" : {
               "type" : "SingletonFrom",
               "operand" : {
                  "locator" : "27:1-27:15",
                  "dataType" : "{urn:healthit-gov:qdm:v5_6}Patient",
                  "templateId" : "Patient",
                  "type" : "Retrieve"
               }
            }
         }, {
            "localId" : "23",
            "locator" : "29:1-30:51",
            "name" : "SDE Ethnicity",
            "context" : "Patient",
            "accessLevel" : "Public",
            "annotation" : [ {
               "type" : "Annotation",
               "s" : {
                  "r" : "23",
                  "s" : [ {
                     "value" : [ "","define ","\"SDE Ethnicity\"",":\n  " ]
                  }, {
                     "r" : "22",
                     "s" : [ {
                        "value" : [ "[","\"Patient Characteristic Ethnicity\"",": " ]
                     }, {
                        "s" : [ {
                           "value" : [ "\"Ethnicity\"" ]
                        } ]
                     }, {
                        "value" : [ "]" ]
                     } ]
                  } ]
               }
            } ],
            "expression" : {
               "localId" : "22",
               "locator" : "30:3-30:51",
               "dataType" : "{urn:healthit-gov:qdm:v5_6}PatientCharacteristicEthnicity",
               "codeProperty" : "code",
               "codeComparator" : "in",
               "type" : "Retrieve",
               "codes" : {
                  "locator" : "30:40-30:50",
                  "name" : "Ethnicity",
                  "preserve" : true,
                  "type" : "ValueSetRef"
               }
            }
         }, {
            "localId" : "25",
            "locator" : "32:1-33:41",
            "name" : "SDE Race",
            "context" : "Patient",
            "accessLevel" : "Public",
            "annotation" : [ {
               "type" : "Annotation",
               "s" : {
                  "r" : "25",
                  "s" : [ {
                     "value" : [ "","define ","\"SDE Race\"",":\n  " ]
                  }, {
                     "r" : "24",
                     "s" : [ {
                        "value" : [ "[","\"Patient Characteristic Race\"",": " ]
                     }, {
                        "s" : [ {
                           "value" : [ "\"Race\"" ]
                        } ]
                     }, {
                        "value" : [ "]" ]
                     } ]
                  } ]
               }
            } ],
            "expression" : {
               "localId" : "24",
               "locator" : "33:3-33:41",
               "dataType" : "{urn:healthit-gov:qdm:v5_6}PatientCharacteristicRace",
               "codeProperty" : "code",
               "codeComparator" : "in",
               "type" : "Retrieve",
               "codes" : {
                  "locator" : "33:35-33:40",
                  "name" : "Race",
                  "preserve" : true,
                  "type" : "ValueSetRef"
               }
            }
         }, {
            "localId" : "27",
            "locator" : "35:1-36:58",
            "name" : "SDE Sex",
            "context" : "Patient",
            "accessLevel" : "Public",
            "annotation" : [ {
               "type" : "Annotation",
               "s" : {
                  "r" : "27",
                  "s" : [ {
                     "value" : [ "","define ","\"SDE Sex\"",":\n  " ]
                  }, {
                     "r" : "26",
                     "s" : [ {
                        "value" : [ "[","\"Patient Characteristic Sex\"",": " ]
                     }, {
                        "s" : [ {
                           "value" : [ "\"ONC Administrative Sex\"" ]
                        } ]
                     }, {
                        "value" : [ "]" ]
                     } ]
                  } ]
               }
            } ],
            "expression" : {
               "localId" : "26",
               "locator" : "36:3-36:58",
               "dataType" : "{urn:healthit-gov:qdm:v5_6}PatientCharacteristicSex",
               "codeProperty" : "code",
               "codeComparator" : "in",
               "type" : "Retrieve",
               "codes" : {
                  "locator" : "36:34-36:57",
                  "name" : "ONC Administrative Sex",
                  "preserve" : true,
                  "type" : "ValueSetRef"
               }
            }
         }, {
            "localId" : "56",
            "locator" : "77:1-84:48",
            "name" : "Qualifying Encounter During Measurement Period",
            "context" : "Patient",
            "accessLevel" : "Public",
            "annotation" : [ {
               "type" : "Annotation",
               "s" : {
                  "r" : "56",
                  "s" : [ {
                     "value" : [ "","define ","\"Qualifying Encounter During Measurement Period\"",":\n  " ]
                  }, {
                     "r" : "55",
                     "s" : [ {
                        "s" : [ {
                           "r" : "44",
                           "s" : [ {
                              "r" : "43",
                              "s" : [ {
                                 "value" : [ "( " ]
                              }, {
                                 "r" : "43",
                                 "s" : [ {
                                    "r" : "41",
                                    "s" : [ {
                                       "r" : "38",
                                       "s" : [ {
                                          "r" : "36",
                                          "s" : [ {
                                             "r" : "34",
                                             "s" : [ {
                                                "value" : [ "[","\"Encounter, Performed\"",": " ]
                                             }, {
                                                "s" : [ {
                                                   "value" : [ "\"Office Visit\"" ]
                                                } ]
                                             }, {
                                                "value" : [ "]" ]
                                             } ]
                                          }, {
                                             "value" : [ "\n    union " ]
                                          }, {
                                             "r" : "35",
                                             "s" : [ {
                                                "value" : [ "[","\"Encounter, Performed\"",": " ]
                                             }, {
                                                "s" : [ {
                                                   "value" : [ "\"Ophthalmological Services\"" ]
                                                } ]
                                             }, {
                                                "value" : [ "]" ]
                                             } ]
                                          } ]
                                       }, {
                                          "value" : [ "\n    union " ]
                                       }, {
                                          "r" : "37",
                                          "s" : [ {
                                             "value" : [ "[","\"Encounter, Performed\"",": " ]
                                          }, {
                                             "s" : [ {
                                                "value" : [ "\"Outpatient Consultation\"" ]
                                             } ]
                                          }, {
                                             "value" : [ "]" ]
                                          } ]
                                       } ]
                                    }, {
                                       "value" : [ "\n    union " ]
                                    }, {
                                       "r" : "39",
                                       "s" : [ {
                                          "value" : [ "[","\"Encounter, Performed\"",": " ]
                                       }, {
                                          "s" : [ {
                                             "value" : [ "\"Nursing Facility Visit\"" ]
                                          } ]
                                       }, {
                                          "value" : [ "]" ]
                                       } ]
                                    } ]
                                 }, {
                                    "value" : [ "\n    union " ]
                                 }, {
                                    "r" : "42",
                                    "s" : [ {
                                       "value" : [ "[","\"Encounter, Performed\"",": " ]
                                    }, {
                                       "s" : [ {
                                          "value" : [ "\"Care Services in Long Term Residential Facility\"" ]
                                       } ]
                                    }, {
                                       "value" : [ "]" ]
                                    } ]
                                 } ]
                              }, {
                                 "value" : [ " )" ]
                              } ]
                           }, {
                              "value" : [ " ","QualifyingEncounter" ]
                           } ]
                        } ]
                     }, {
                        "value" : [ "\n    " ]
                     }, {
                        "r" : "54",
                        "s" : [ {
                           "value" : [ "where " ]
                        }, {
                           "r" : "54",
                           "s" : [ {
                              "r" : "48",
                              "s" : [ {
                                 "r" : "46",
                                 "s" : [ {
                                    "r" : "45",
                                    "s" : [ {
                                       "value" : [ "QualifyingEncounter" ]
                                    } ]
                                 }, {
                                    "value" : [ "." ]
                                 }, {
                                    "r" : "46",
                                    "s" : [ {
                                       "value" : [ "relevantPeriod" ]
                                    } ]
                                 } ]
                              }, {
                                 "r" : "48",
                                 "value" : [ " ","during"," " ]
                              }, {
                                 "r" : "47",
                                 "s" : [ {
                                    "value" : [ "\"Measurement Period\"" ]
                                 } ]
                              } ]
                           }, {
                              "value" : [ "\n      and " ]
                           }, {
                              "r" : "53",
                              "s" : [ {
                                 "r" : "50",
                                 "s" : [ {
                                    "r" : "49",
                                    "s" : [ {
                                       "value" : [ "QualifyingEncounter" ]
                                    } ]
                                 }, {
                                    "value" : [ "." ]
                                 }, {
                                    "r" : "50",
                                    "s" : [ {
                                       "value" : [ "class" ]
                                    } ]
                                 } ]
                              }, {
                                 "value" : [ " ","!~"," " ]
                              }, {
                                 "r" : "51",
                                 "s" : [ {
                                    "value" : [ "\"virtual\"" ]
                                 } ]
                              } ]
                           } ]
                        } ]
                     } ]
                  } ]
               }
            } ],
            "expression" : {
               "localId" : "55",
               "locator" : "78:3-84:48",
               "type" : "Query",
               "source" : [ {
                  "localId" : "44",
                  "locator" : "78:3-82:107",
                  "alias" : "QualifyingEncounter",
                  "expression" : {
                     "localId" : "43",
                     "locator" : "78:3-82:87",
                     "type" : "Union",
                     "operand" : [ {
                        "localId" : "41",
                        "locator" : "78:5-81:60",
                        "type" : "Union",
                        "operand" : [ {
                           "localId" : "36",
                           "locator" : "78:5-79:63",
                           "type" : "Union",
                           "operand" : [ {
                              "localId" : "34",
                              "locator" : "78:5-78:44",
                              "dataType" : "{urn:healthit-gov:qdm:v5_6}PositiveEncounterPerformed",
                              "templateId" : "PositiveEncounterPerformed",
                              "codeProperty" : "code",
                              "codeComparator" : "in",
                              "type" : "Retrieve",
                              "codes" : {
                                 "locator" : "78:30-78:43",
                                 "name" : "Office Visit",
                                 "preserve" : true,
                                 "type" : "ValueSetRef"
                              }
                           }, {
                              "localId" : "35",
                              "locator" : "79:11-79:63",
                              "dataType" : "{urn:healthit-gov:qdm:v5_6}PositiveEncounterPerformed",
                              "templateId" : "PositiveEncounterPerformed",
                              "codeProperty" : "code",
                              "codeComparator" : "in",
                              "type" : "Retrieve",
                              "codes" : {
                                 "locator" : "79:36-79:62",
                                 "name" : "Ophthalmological Services",
                                 "preserve" : true,
                                 "type" : "ValueSetRef"
                              }
                           } ]
                        }, {
                           "localId" : "40",
                           "type" : "Union",
                           "operand" : [ {
                              "localId" : "37",
                              "locator" : "80:11-80:61",
                              "dataType" : "{urn:healthit-gov:qdm:v5_6}PositiveEncounterPerformed",
                              "templateId" : "PositiveEncounterPerformed",
                              "codeProperty" : "code",
                              "codeComparator" : "in",
                              "type" : "Retrieve",
                              "codes" : {
                                 "locator" : "80:36-80:60",
                                 "name" : "Outpatient Consultation",
                                 "preserve" : true,
                                 "type" : "ValueSetRef"
                              }
                           }, {
                              "localId" : "39",
                              "locator" : "81:11-81:60",
                              "dataType" : "{urn:healthit-gov:qdm:v5_6}PositiveEncounterPerformed",
                              "templateId" : "PositiveEncounterPerformed",
                              "codeProperty" : "code",
                              "codeComparator" : "in",
                              "type" : "Retrieve",
                              "codes" : {
                                 "locator" : "81:36-81:59",
                                 "name" : "Nursing Facility Visit",
                                 "preserve" : true,
                                 "type" : "ValueSetRef"
                              }
                           } ]
                        } ]
                     }, {
                        "localId" : "42",
                        "locator" : "82:11-82:85",
                        "dataType" : "{urn:healthit-gov:qdm:v5_6}PositiveEncounterPerformed",
                        "templateId" : "PositiveEncounterPerformed",
                        "codeProperty" : "code",
                        "codeComparator" : "in",
                        "type" : "Retrieve",
                        "codes" : {
                           "locator" : "82:36-82:84",
                           "name" : "Care Services in Long Term Residential Facility",
                           "preserve" : true,
                           "type" : "ValueSetRef"
                        }
                     } ]
                  }
               } ],
               "relationship" : [ ],
               "where" : {
                  "localId" : "54",
                  "locator" : "83:5-84:48",
                  "type" : "And",
                  "operand" : [ {
                     "localId" : "48",
                     "locator" : "83:11-83:72",
                     "type" : "IncludedIn",
                     "operand" : [ {
                        "localId" : "46",
                        "locator" : "83:11-83:44",
                        "path" : "relevantPeriod",
                        "scope" : "QualifyingEncounter",
                        "type" : "Property"
                     }, {
                        "localId" : "47",
                        "locator" : "83:53-83:72",
                        "name" : "Measurement Period",
                        "type" : "ParameterRef"
                     } ]
                  }, {
                     "localId" : "53",
                     "locator" : "84:11-84:48",
                     "type" : "Not",
                     "operand" : {
                        "localId" : "52",
                        "locator" : "84:11-84:48",
                        "type" : "Equivalent",
                        "operand" : [ {
                           "localId" : "50",
                           "locator" : "84:11-84:35",
                           "path" : "class",
                           "scope" : "QualifyingEncounter",
                           "type" : "Property"
                        }, {
                           "localId" : "51",
                           "locator" : "84:40-84:48",
                           "name" : "virtual",
                           "type" : "CodeRef"
                        } ]
                     }
                  } ]
               }
            }
         }, {
            "localId" : "68",
            "locator" : "86:1-89:106",
            "name" : "Primary Open Angle Glaucoma Encounter",
            "context" : "Patient",
            "accessLevel" : "Public",
            "annotation" : [ {
               "type" : "Annotation",
               "s" : {
                  "r" : "68",
                  "s" : [ {
                     "value" : [ "","define ","\"Primary Open Angle Glaucoma Encounter\"",":\n  " ]
                  }, {
                     "r" : "67",
                     "s" : [ {
                        "s" : [ {
                           "r" : "58",
                           "s" : [ {
                              "r" : "57",
                              "s" : [ {
                                 "s" : [ {
                                    "value" : [ "\"Qualifying Encounter During Measurement Period\"" ]
                                 } ]
                              } ]
                           }, {
                              "value" : [ " ","ValidQualifyingEncounter" ]
                           } ]
                        } ]
                     }, {
                        "value" : [ "\n    " ]
                     }, {
                        "r" : "66",
                        "s" : [ {
                           "value" : [ "with " ]
                        }, {
                           "r" : "60",
                           "s" : [ {
                              "r" : "59",
                              "s" : [ {
                                 "r" : "59",
                                 "s" : [ {
                                    "value" : [ "[","\"Diagnosis\"",": " ]
                                 }, {
                                    "s" : [ {
                                       "value" : [ "\"Primary Open Angle Glaucoma\"" ]
                                    } ]
                                 }, {
                                    "value" : [ "]" ]
                                 } ]
                              } ]
                           }, {
                              "value" : [ " ","PrimaryOpenAngleGlaucoma" ]
                           } ]
                        }, {
                           "value" : [ "\n      such that " ]
                        }, {
                           "r" : "65",
                           "s" : [ {
                              "r" : "62",
                              "s" : [ {
                                 "r" : "61",
                                 "s" : [ {
                                    "value" : [ "PrimaryOpenAngleGlaucoma" ]
                                 } ]
                              }, {
                                 "value" : [ "." ]
                              }, {
                                 "r" : "62",
                                 "s" : [ {
                                    "value" : [ "prevalencePeriod" ]
                                 } ]
                              } ]
                           }, {
                              "r" : "65",
                              "value" : [ " ","overlaps"," " ]
                           }, {
                              "r" : "64",
                              "s" : [ {
                                 "r" : "63",
                                 "s" : [ {
                                    "value" : [ "ValidQualifyingEncounter" ]
                                 } ]
                              }, {
                                 "value" : [ "." ]
                              }, {
                                 "r" : "64",
                                 "s" : [ {
                                    "value" : [ "relevantPeriod" ]
                                 } ]
                              } ]
                           } ]
                        } ]
                     } ]
                  } ]
               }
            } ],
            "expression" : {
               "localId" : "67",
               "locator" : "87:3-89:106",
               "type" : "Query",
               "source" : [ {
                  "localId" : "58",
                  "locator" : "87:3-87:75",
                  "alias" : "ValidQualifyingEncounter",
                  "expression" : {
                     "localId" : "57",
                     "locator" : "87:3-87:50",
                     "name" : "Qualifying Encounter During Measurement Period",
                     "type" : "ExpressionRef"
                  }
               } ],
               "relationship" : [ {
                  "localId" : "66",
                  "locator" : "88:5-89:106",
                  "alias" : "PrimaryOpenAngleGlaucoma",
                  "type" : "With",
                  "expression" : {
                     "localId" : "59",
                     "locator" : "88:10-88:53",
                     "dataType" : "{urn:healthit-gov:qdm:v5_6}Diagnosis",
                     "codeProperty" : "code",
                     "codeComparator" : "in",
                     "type" : "Retrieve",
                     "codes" : {
                        "locator" : "88:24-88:52",
                        "name" : "Primary Open Angle Glaucoma",
                        "preserve" : true,
                        "type" : "ValueSetRef"
                     }
                  },
                  "suchThat" : {
                     "localId" : "65",
                     "locator" : "89:17-89:106",
                     "type" : "Overlaps",
                     "operand" : [ {
                        "localId" : "62",
                        "locator" : "89:17-89:57",
                        "path" : "prevalencePeriod",
                        "scope" : "PrimaryOpenAngleGlaucoma",
                        "type" : "Property"
                     }, {
                        "localId" : "64",
                        "locator" : "89:68-89:106",
                        "path" : "relevantPeriod",
                        "scope" : "ValidQualifyingEncounter",
                        "type" : "Property"
                     } ]
                  }
               } ]
            }
         }, {
            "localId" : "72",
            "locator" : "73:1-75:54",
            "name" : "Initial Population",
            "context" : "Patient",
            "accessLevel" : "Public",
            "annotation" : [ {
               "type" : "Annotation",
               "s" : {
                  "r" : "72",
                  "s" : [ {
                     "value" : [ "","define ","\"Initial Population\"",":\n  " ]
                  }, {
                     "r" : "71",
                     "s" : [ {
                        "r" : "33",
                        "s" : [ {
                           "r" : "31",
                           "s" : [ {
                              "value" : [ "AgeInYearsAt","(" ]
                           }, {
                              "r" : "30",
                              "s" : [ {
                                 "value" : [ "date from " ]
                              }, {
                                 "r" : "29",
                                 "s" : [ {
                                    "value" : [ "start of " ]
                                 }, {
                                    "r" : "28",
                                    "s" : [ {
                                       "value" : [ "\"Measurement Period\"" ]
                                    } ]
                                 } ]
                              } ]
                           }, {
                              "value" : [ ")" ]
                           } ]
                        }, {
                           "r" : "32",
                           "value" : [ " ",">="," ","18" ]
                        } ]
                     }, {
                        "value" : [ "\n    and " ]
                     }, {
                        "r" : "70",
                        "s" : [ {
                           "value" : [ "exists " ]
                        }, {
                           "r" : "69",
                           "s" : [ {
                              "value" : [ "\"Primary Open Angle Glaucoma Encounter\"" ]
                           } ]
                        } ]
                     } ]
                  } ]
               }
            } ],
            "expression" : {
               "localId" : "71",
               "locator" : "74:3-75:54",
               "type" : "And",
               "operand" : [ {
                  "localId" : "33",
                  "locator" : "74:3-74:61",
                  "type" : "GreaterOrEqual",
                  "operand" : [ {
                     "localId" : "31",
                     "locator" : "74:3-74:55",
                     "precision" : "Year",
                     "type" : "CalculateAgeAt",
                     "operand" : [ {
                        "type" : "ToDate",
                        "operand" : {
                           "path" : "birthDatetime",
                           "type" : "Property",
                           "source" : {
                              "name" : "Patient",
                              "type" : "ExpressionRef"
                           }
                        }
                     }, {
                        "localId" : "30",
                        "locator" : "74:16-74:54",
                        "type" : "DateFrom",
                        "operand" : {
                           "localId" : "29",
                           "locator" : "74:26-74:54",
                           "type" : "Start",
                           "operand" : {
                              "localId" : "28",
                              "locator" : "74:35-74:54",
                              "name" : "Measurement Period",
                              "type" : "ParameterRef"
                           }
                        }
                     } ]
                  }, {
                     "localId" : "32",
                     "locator" : "74:60-74:61",
                     "valueType" : "{urn:hl7-org:elm-types:r1}Integer",
                     "value" : "18",
                     "type" : "Literal"
                  } ]
               }, {
                  "localId" : "70",
                  "locator" : "75:9-75:54",
                  "type" : "Exists",
                  "operand" : {
                     "localId" : "69",
                     "locator" : "75:16-75:54",
                     "name" : "Primary Open Angle Glaucoma Encounter",
                     "type" : "ExpressionRef"
                  }
               } ]
            }
         }, {
            "localId" : "74",
            "locator" : "38:1-39:22",
            "name" : "Denominator",
            "context" : "Patient",
            "accessLevel" : "Public",
            "annotation" : [ {
               "type" : "Annotation",
               "s" : {
                  "r" : "74",
                  "s" : [ {
                     "value" : [ "","define ","\"Denominator\"",":\n  " ]
                  }, {
                     "r" : "73",
                     "s" : [ {
                        "value" : [ "\"Initial Population\"" ]
                     } ]
                  } ]
               }
            } ],
            "expression" : {
               "localId" : "73",
               "locator" : "39:3-39:22",
               "name" : "Initial Population",
               "type" : "ExpressionRef"
            }
         }, {
            "localId" : "90",
            "locator" : "41:1-45:73",
            "name" : "Medical Reason for Not Performing Cup to Disc Ratio",
            "context" : "Patient",
            "accessLevel" : "Public",
            "annotation" : [ {
               "type" : "Annotation",
               "s" : {
                  "r" : "90",
                  "s" : [ {
                     "value" : [ "","define ","\"Medical Reason for Not Performing Cup to Disc Ratio\"",":\n  " ]
                  }, {
                     "r" : "89",
                     "s" : [ {
                        "s" : [ {
                           "r" : "76",
                           "s" : [ {
                              "r" : "75",
                              "s" : [ {
                                 "r" : "75",
                                 "s" : [ {
                                    "value" : [ "[","\"Diagnostic Study, Not Performed\"",": " ]
                                 }, {
                                    "s" : [ {
                                       "value" : [ "\"Cup to Disc Ratio\"" ]
                                    } ]
                                 }, {
                                    "value" : [ "]" ]
                                 } ]
                              } ]
                           }, {
                              "value" : [ " ","CupToDiscExamNotPerformed" ]
                           } ]
                        } ]
                     }, {
                        "value" : [ "\n    " ]
                     }, {
                        "r" : "84",
                        "s" : [ {
                           "value" : [ "with " ]
                        }, {
                           "r" : "78",
                           "s" : [ {
                              "r" : "77",
                              "s" : [ {
                                 "s" : [ {
                                    "value" : [ "\"Primary Open Angle Glaucoma Encounter\"" ]
                                 } ]
                              } ]
                           }, {
                              "value" : [ " ","EncounterWithPOAG" ]
                           } ]
                        }, {
                           "value" : [ "\n      such that " ]
                        }, {
                           "r" : "83",
                           "s" : [ {
                              "r" : "80",
                              "s" : [ {
                                 "r" : "79",
                                 "s" : [ {
                                    "value" : [ "CupToDiscExamNotPerformed" ]
                                 } ]
                              }, {
                                 "value" : [ "." ]
                              }, {
                                 "r" : "80",
                                 "s" : [ {
                                    "value" : [ "authorDatetime" ]
                                 } ]
                              } ]
                           }, {
                              "r" : "83",
                              "value" : [ " ","during"," " ]
                           }, {
                              "r" : "82",
                              "s" : [ {
                                 "r" : "81",
                                 "s" : [ {
                                    "value" : [ "EncounterWithPOAG" ]
                                 } ]
                              }, {
                                 "value" : [ "." ]
                              }, {
                                 "r" : "82",
                                 "s" : [ {
                                    "value" : [ "relevantPeriod" ]
                                 } ]
                              } ]
                           } ]
                        } ]
                     }, {
                        "value" : [ "\n    " ]
                     }, {
                        "r" : "88",
                        "s" : [ {
                           "value" : [ "where " ]
                        }, {
                           "r" : "88",
                           "s" : [ {
                              "r" : "86",
                              "s" : [ {
                                 "r" : "85",
                                 "s" : [ {
                                    "value" : [ "CupToDiscExamNotPerformed" ]
                                 } ]
                              }, {
                                 "value" : [ "." ]
                              }, {
                                 "r" : "86",
                                 "s" : [ {
                                    "value" : [ "negationRationale" ]
                                 } ]
                              } ]
                           }, {
                              "value" : [ " in " ]
                           }, {
                              "r" : "87",
                              "s" : [ {
                                 "value" : [ "\"Medical Reason\"" ]
                              } ]
                           } ]
                        } ]
                     } ]
                  } ]
               }
            } ],
            "expression" : {
               "localId" : "89",
               "locator" : "42:3-45:73",
               "type" : "Query",
               "source" : [ {
                  "localId" : "76",
                  "locator" : "42:3-42:84",
                  "alias" : "CupToDiscExamNotPerformed",
                  "expression" : {
                     "localId" : "75",
                     "locator" : "42:3-42:58",
                     "dataType" : "{urn:healthit-gov:qdm:v5_6}NegativeDiagnosticStudyPerformed",
                     "templateId" : "NegativeDiagnosticStudyPerformed",
                     "codeProperty" : "code",
                     "codeComparator" : "in",
                     "type" : "Retrieve",
                     "codes" : {
                        "locator" : "42:39-42:57",
                        "name" : "Cup to Disc Ratio",
                        "preserve" : true,
                        "type" : "ValueSetRef"
                     }
                  }
               } ],
               "relationship" : [ {
                  "localId" : "84",
                  "locator" : "43:5-44:96",
                  "alias" : "EncounterWithPOAG",
                  "type" : "With",
                  "expression" : {
                     "localId" : "77",
                     "locator" : "43:10-43:48",
                     "name" : "Primary Open Angle Glaucoma Encounter",
                     "type" : "ExpressionRef"
                  },
                  "suchThat" : {
                     "localId" : "83",
                     "locator" : "44:17-44:96",
                     "type" : "In",
                     "operand" : [ {
                        "localId" : "80",
                        "locator" : "44:17-44:56",
                        "path" : "authorDatetime",
                        "scope" : "CupToDiscExamNotPerformed",
                        "type" : "Property"
                     }, {
                        "localId" : "82",
                        "locator" : "44:65-44:96",
                        "path" : "relevantPeriod",
                        "scope" : "EncounterWithPOAG",
                        "type" : "Property"
                     } ]
                  }
               } ],
               "where" : {
                  "localId" : "88",
                  "locator" : "45:5-45:73",
                  "type" : "InValueSet",
                  "code" : {
                     "localId" : "86",
                     "locator" : "45:11-45:53",
                     "path" : "negationRationale",
                     "scope" : "CupToDiscExamNotPerformed",
                     "type" : "Property"
                  },
                  "valueset" : {
                     "localId" : "87",
                     "locator" : "45:58-45:73",
                     "name" : "Medical Reason",
                     "preserve" : true
                  }
               }
            }
         }, {
            "localId" : "106",
            "locator" : "47:1-51:73",
            "name" : "Medical Reason for Not Performing Optic Disc Exam",
            "context" : "Patient",
            "accessLevel" : "Public",
            "annotation" : [ {
               "type" : "Annotation",
               "s" : {
                  "r" : "106",
                  "s" : [ {
                     "value" : [ "","define ","\"Medical Reason for Not Performing Optic Disc Exam\"",":\n  " ]
                  }, {
                     "r" : "105",
                     "s" : [ {
                        "s" : [ {
                           "r" : "92",
                           "s" : [ {
                              "r" : "91",
                              "s" : [ {
                                 "r" : "91",
                                 "s" : [ {
                                    "value" : [ "[","\"Diagnostic Study, Not Performed\"",": " ]
                                 }, {
                                    "s" : [ {
                                       "value" : [ "\"Optic Disc Exam for Structural Abnormalities\"" ]
                                    } ]
                                 }, {
                                    "value" : [ "]" ]
                                 } ]
                              } ]
                           }, {
                              "value" : [ " ","OpticDiscExamNotPerformed" ]
                           } ]
                        } ]
                     }, {
                        "value" : [ "\n    " ]
                     }, {
                        "r" : "100",
                        "s" : [ {
                           "value" : [ "with " ]
                        }, {
                           "r" : "94",
                           "s" : [ {
                              "r" : "93",
                              "s" : [ {
                                 "s" : [ {
                                    "value" : [ "\"Primary Open Angle Glaucoma Encounter\"" ]
                                 } ]
                              } ]
                           }, {
                              "value" : [ " ","EncounterWithPOAG" ]
                           } ]
                        }, {
                           "value" : [ "\n      such that " ]
                        }, {
                           "r" : "99",
                           "s" : [ {
                              "r" : "96",
                              "s" : [ {
                                 "r" : "95",
                                 "s" : [ {
                                    "value" : [ "OpticDiscExamNotPerformed" ]
                                 } ]
                              }, {
                                 "value" : [ "." ]
                              }, {
                                 "r" : "96",
                                 "s" : [ {
                                    "value" : [ "authorDatetime" ]
                                 } ]
                              } ]
                           }, {
                              "r" : "99",
                              "value" : [ " ","during"," " ]
                           }, {
                              "r" : "98",
                              "s" : [ {
                                 "r" : "97",
                                 "s" : [ {
                                    "value" : [ "EncounterWithPOAG" ]
                                 } ]
                              }, {
                                 "value" : [ "." ]
                              }, {
                                 "r" : "98",
                                 "s" : [ {
                                    "value" : [ "relevantPeriod" ]
                                 } ]
                              } ]
                           } ]
                        } ]
                     }, {
                        "value" : [ "\n    " ]
                     }, {
                        "r" : "104",
                        "s" : [ {
                           "value" : [ "where " ]
                        }, {
                           "r" : "104",
                           "s" : [ {
                              "r" : "102",
                              "s" : [ {
                                 "r" : "101",
                                 "s" : [ {
                                    "value" : [ "OpticDiscExamNotPerformed" ]
                                 } ]
                              }, {
                                 "value" : [ "." ]
                              }, {
                                 "r" : "102",
                                 "s" : [ {
                                    "value" : [ "negationRationale" ]
                                 } ]
                              } ]
                           }, {
                              "value" : [ " in " ]
                           }, {
                              "r" : "103",
                              "s" : [ {
                                 "value" : [ "\"Medical Reason\"" ]
                              } ]
                           } ]
                        } ]
                     } ]
                  } ]
               }
            } ],
            "expression" : {
               "localId" : "105",
               "locator" : "48:3-51:73",
               "type" : "Query",
               "source" : [ {
                  "localId" : "92",
                  "locator" : "48:3-48:111",
                  "alias" : "OpticDiscExamNotPerformed",
                  "expression" : {
                     "localId" : "91",
                     "locator" : "48:3-48:85",
                     "dataType" : "{urn:healthit-gov:qdm:v5_6}NegativeDiagnosticStudyPerformed",
                     "templateId" : "NegativeDiagnosticStudyPerformed",
                     "codeProperty" : "code",
                     "codeComparator" : "in",
                     "type" : "Retrieve",
                     "codes" : {
                        "locator" : "48:39-48:84",
                        "name" : "Optic Disc Exam for Structural Abnormalities",
                        "preserve" : true,
                        "type" : "ValueSetRef"
                     }
                  }
               } ],
               "relationship" : [ {
                  "localId" : "100",
                  "locator" : "49:5-50:96",
                  "alias" : "EncounterWithPOAG",
                  "type" : "With",
                  "expression" : {
                     "localId" : "93",
                     "locator" : "49:10-49:48",
                     "name" : "Primary Open Angle Glaucoma Encounter",
                     "type" : "ExpressionRef"
                  },
                  "suchThat" : {
                     "localId" : "99",
                     "locator" : "50:17-50:96",
                     "type" : "In",
                     "operand" : [ {
                        "localId" : "96",
                        "locator" : "50:17-50:56",
                        "path" : "authorDatetime",
                        "scope" : "OpticDiscExamNotPerformed",
                        "type" : "Property"
                     }, {
                        "localId" : "98",
                        "locator" : "50:65-50:96",
                        "path" : "relevantPeriod",
                        "scope" : "EncounterWithPOAG",
                        "type" : "Property"
                     } ]
                  }
               } ],
               "where" : {
                  "localId" : "104",
                  "locator" : "51:5-51:73",
                  "type" : "InValueSet",
                  "code" : {
                     "localId" : "102",
                     "locator" : "51:11-51:53",
                     "path" : "negationRationale",
                     "scope" : "OpticDiscExamNotPerformed",
                     "type" : "Property"
                  },
                  "valueset" : {
                     "localId" : "103",
                     "locator" : "51:58-51:73",
                     "name" : "Medical Reason",
                     "preserve" : true
                  }
               }
            }
         }, {
            "localId" : "112",
            "locator" : "53:1-55:65",
            "name" : "Denominator Exceptions",
            "context" : "Patient",
            "accessLevel" : "Public",
            "annotation" : [ {
               "type" : "Annotation",
               "s" : {
                  "r" : "112",
                  "s" : [ {
                     "value" : [ "","define ","\"Denominator Exceptions\"",":\n  " ]
                  }, {
                     "r" : "111",
                     "s" : [ {
                        "r" : "108",
                        "s" : [ {
                           "value" : [ "exists " ]
                        }, {
                           "r" : "107",
                           "s" : [ {
                              "value" : [ "\"Medical Reason for Not Performing Cup to Disc Ratio\"" ]
                           } ]
                        } ]
                     }, {
                        "value" : [ "\n    or " ]
                     }, {
                        "r" : "110",
                        "s" : [ {
                           "value" : [ "exists " ]
                        }, {
                           "r" : "109",
                           "s" : [ {
                              "value" : [ "\"Medical Reason for Not Performing Optic Disc Exam\"" ]
                           } ]
                        } ]
                     } ]
                  } ]
               }
            } ],
            "expression" : {
               "localId" : "111",
               "locator" : "54:3-55:65",
               "type" : "Or",
               "operand" : [ {
                  "localId" : "108",
                  "locator" : "54:3-54:62",
                  "type" : "Exists",
                  "operand" : {
                     "localId" : "107",
                     "locator" : "54:10-54:62",
                     "name" : "Medical Reason for Not Performing Cup to Disc Ratio",
                     "type" : "ExpressionRef"
                  }
               }, {
                  "localId" : "110",
                  "locator" : "55:8-55:65",
                  "type" : "Exists",
                  "operand" : {
                     "localId" : "109",
                     "locator" : "55:15-55:65",
                     "name" : "Medical Reason for Not Performing Optic Disc Exam",
                     "type" : "ExpressionRef"
                  }
               } ]
            }
         }, {
            "localId" : "131",
            "locator" : "61:1-65:51",
            "name" : "Cup to Disc Ratio Performed with Result",
            "context" : "Patient",
            "accessLevel" : "Public",
            "annotation" : [ {
               "type" : "Annotation",
               "s" : {
                  "r" : "131",
                  "s" : [ {
                     "value" : [ "","define ","\"Cup to Disc Ratio Performed with Result\"",":\n  " ]
                  }, {
                     "r" : "130",
                     "s" : [ {
                        "s" : [ {
                           "r" : "114",
                           "s" : [ {
                              "r" : "113",
                              "s" : [ {
                                 "r" : "113",
                                 "s" : [ {
                                    "value" : [ "[","\"Diagnostic Study, Performed\"",": " ]
                                 }, {
                                    "s" : [ {
                                       "value" : [ "\"Cup to Disc Ratio\"" ]
                                    } ]
                                 }, {
                                    "value" : [ "]" ]
                                 } ]
                              } ]
                           }, {
                              "value" : [ " ","CupToDiscExamPerformed" ]
                           } ]
                        } ]
                     }, {
                        "value" : [ "\n    " ]
                     }, {
                        "r" : "126",
                        "s" : [ {
                           "value" : [ "with " ]
                        }, {
                           "r" : "116",
                           "s" : [ {
                              "r" : "115",
                              "s" : [ {
                                 "s" : [ {
                                    "value" : [ "\"Primary Open Angle Glaucoma Encounter\"" ]
                                 } ]
                              } ]
                           }, {
                              "value" : [ " ","EncounterWithPOAG" ]
                           } ]
                        }, {
                           "value" : [ "\n      such that " ]
                        }, {
                           "r" : "125",
                           "s" : [ {
                              "r" : "122",
                              "s" : [ {
                                 "r" : "117",
                                 "s" : [ {
                                    "value" : [ "Global" ]
                                 } ]
                              }, {
                                 "value" : [ "." ]
                              }, {
                                 "r" : "122",
                                 "s" : [ {
                                    "value" : [ "\"NormalizeInterval\""," ( " ]
                                 }, {
                                    "r" : "119",
                                    "s" : [ {
                                       "r" : "118",
                                       "s" : [ {
                                          "value" : [ "CupToDiscExamPerformed" ]
                                       } ]
                                    }, {
                                       "value" : [ "." ]
                                    }, {
                                       "r" : "119",
                                       "s" : [ {
                                          "value" : [ "relevantDatetime" ]
                                       } ]
                                    } ]
                                 }, {
                                    "value" : [ ", " ]
                                 }, {
                                    "r" : "121",
                                    "s" : [ {
                                       "r" : "120",
                                       "s" : [ {
                                          "value" : [ "CupToDiscExamPerformed" ]
                                       } ]
                                    }, {
                                       "value" : [ "." ]
                                    }, {
                                       "r" : "121",
                                       "s" : [ {
                                          "value" : [ "relevantPeriod" ]
                                       } ]
                                    } ]
                                 }, {
                                    "value" : [ " )" ]
                                 } ]
                              } ]
                           }, {
                              "r" : "125",
                              "value" : [ " ","during"," " ]
                           }, {
                              "r" : "124",
                              "s" : [ {
                                 "r" : "123",
                                 "s" : [ {
                                    "value" : [ "EncounterWithPOAG" ]
                                 } ]
                              }, {
                                 "value" : [ "." ]
                              }, {
                                 "r" : "124",
                                 "s" : [ {
                                    "value" : [ "relevantPeriod" ]
                                 } ]
                              } ]
                           } ]
                        } ]
                     }, {
                        "value" : [ "\n    " ]
                     }, {
                        "r" : "129",
                        "s" : [ {
                           "value" : [ "where " ]
                        }, {
                           "r" : "129",
                           "s" : [ {
                              "r" : "128",
                              "s" : [ {
                                 "r" : "127",
                                 "s" : [ {
                                    "value" : [ "CupToDiscExamPerformed" ]
                                 } ]
                              }, {
                                 "value" : [ "." ]
                              }, {
                                 "r" : "128",
                                 "s" : [ {
                                    "value" : [ "result" ]
                                 } ]
                              } ]
                           }, {
                              "value" : [ " is not null" ]
                           } ]
                        } ]
                     } ]
                  } ]
               }
            } ],
            "expression" : {
               "localId" : "130",
               "locator" : "62:3-65:51",
               "type" : "Query",
               "source" : [ {
                  "localId" : "114",
                  "locator" : "62:3-62:77",
                  "alias" : "CupToDiscExamPerformed",
                  "expression" : {
                     "localId" : "113",
                     "locator" : "62:3-62:54",
                     "dataType" : "{urn:healthit-gov:qdm:v5_6}PositiveDiagnosticStudyPerformed",
                     "templateId" : "PositiveDiagnosticStudyPerformed",
                     "codeProperty" : "code",
                     "codeComparator" : "in",
                     "type" : "Retrieve",
                     "codes" : {
                        "locator" : "62:35-62:53",
                        "name" : "Cup to Disc Ratio",
                        "preserve" : true,
                        "type" : "ValueSetRef"
                     }
                  }
               } ],
               "relationship" : [ {
                  "localId" : "126",
                  "locator" : "63:5-64:165",
                  "alias" : "EncounterWithPOAG",
                  "type" : "With",
                  "expression" : {
                     "localId" : "115",
                     "locator" : "63:10-63:48",
                     "name" : "Primary Open Angle Glaucoma Encounter",
                     "type" : "ExpressionRef"
                  },
                  "suchThat" : {
                     "localId" : "125",
                     "locator" : "64:17-64:165",
                     "type" : "IncludedIn",
                     "operand" : [ {
                        "localId" : "122",
                        "locator" : "64:17-64:125",
                        "name" : "NormalizeInterval",
                        "libraryName" : "Global",
                        "type" : "FunctionRef",
                        "operand" : [ {
                           "localId" : "119",
                           "locator" : "64:46-64:84",
                           "path" : "relevantDatetime",
                           "scope" : "CupToDiscExamPerformed",
                           "type" : "Property"
                        }, {
                           "localId" : "121",
                           "locator" : "64:87-64:123",
                           "path" : "relevantPeriod",
                           "scope" : "CupToDiscExamPerformed",
                           "type" : "Property"
                        } ]
                     }, {
                        "localId" : "124",
                        "locator" : "64:134-64:165",
                        "path" : "relevantPeriod",
                        "scope" : "EncounterWithPOAG",
                        "type" : "Property"
                     } ]
                  }
               } ],
               "where" : {
                  "localId" : "129",
                  "locator" : "65:5-65:51",
                  "type" : "Not",
                  "operand" : {
                     "locator" : "65:11-65:51",
                     "type" : "IsNull",
                     "operand" : {
                        "localId" : "128",
                        "locator" : "65:11-65:39",
                        "path" : "result",
                        "scope" : "CupToDiscExamPerformed",
                        "type" : "Property"
                     }
                  }
               }
            }
         }, {
            "localId" : "152",
            "locator" : "67:1-71:51",
            "name" : "Optic Disc Exam Performed with Result",
            "context" : "Patient",
            "accessLevel" : "Public",
            "annotation" : [ {
               "type" : "Annotation",
               "s" : {
                  "r" : "152",
                  "s" : [ {
                     "value" : [ "","define ","\"Optic Disc Exam Performed with Result\"",":\n  " ]
                  }, {
                     "r" : "151",
                     "s" : [ {
                        "s" : [ {
                           "r" : "135",
                           "s" : [ {
                              "r" : "134",
                              "s" : [ {
                                 "r" : "134",
                                 "s" : [ {
                                    "value" : [ "[","\"Diagnostic Study, Performed\"",": " ]
                                 }, {
                                    "s" : [ {
                                       "value" : [ "\"Optic Disc Exam for Structural Abnormalities\"" ]
                                    } ]
                                 }, {
                                    "value" : [ "]" ]
                                 } ]
                              } ]
                           }, {
                              "value" : [ " ","OpticDiscExamPerformed" ]
                           } ]
                        } ]
                     }, {
                        "value" : [ "\n    " ]
                     }, {
                        "r" : "147",
                        "s" : [ {
                           "value" : [ "with " ]
                        }, {
                           "r" : "137",
                           "s" : [ {
                              "r" : "136",
                              "s" : [ {
                                 "s" : [ {
                                    "value" : [ "\"Primary Open Angle Glaucoma Encounter\"" ]
                                 } ]
                              } ]
                           }, {
                              "value" : [ " ","EncounterWithPOAG" ]
                           } ]
                        }, {
                           "value" : [ "\n      such that " ]
                        }, {
                           "r" : "146",
                           "s" : [ {
                              "r" : "143",
                              "s" : [ {
                                 "r" : "138",
                                 "s" : [ {
                                    "value" : [ "Global" ]
                                 } ]
                              }, {
                                 "value" : [ "." ]
                              }, {
                                 "r" : "143",
                                 "s" : [ {
                                    "value" : [ "\"NormalizeInterval\""," ( " ]
                                 }, {
                                    "r" : "140",
                                    "s" : [ {
                                       "r" : "139",
                                       "s" : [ {
                                          "value" : [ "OpticDiscExamPerformed" ]
                                       } ]
                                    }, {
                                       "value" : [ "." ]
                                    }, {
                                       "r" : "140",
                                       "s" : [ {
                                          "value" : [ "relevantDatetime" ]
                                       } ]
                                    } ]
                                 }, {
                                    "value" : [ ", " ]
                                 }, {
                                    "r" : "142",
                                    "s" : [ {
                                       "r" : "141",
                                       "s" : [ {
                                          "value" : [ "OpticDiscExamPerformed" ]
                                       } ]
                                    }, {
                                       "value" : [ "." ]
                                    }, {
                                       "r" : "142",
                                       "s" : [ {
                                          "value" : [ "relevantPeriod" ]
                                       } ]
                                    } ]
                                 }, {
                                    "value" : [ " )" ]
                                 } ]
                              } ]
                           }, {
                              "r" : "146",
                              "value" : [ " ","during"," " ]
                           }, {
                              "r" : "145",
                              "s" : [ {
                                 "r" : "144",
                                 "s" : [ {
                                    "value" : [ "EncounterWithPOAG" ]
                                 } ]
                              }, {
                                 "value" : [ "." ]
                              }, {
                                 "r" : "145",
                                 "s" : [ {
                                    "value" : [ "relevantPeriod" ]
                                 } ]
                              } ]
                           } ]
                        } ]
                     }, {
                        "value" : [ "\n    " ]
                     }, {
                        "r" : "150",
                        "s" : [ {
                           "value" : [ "where " ]
                        }, {
                           "r" : "150",
                           "s" : [ {
                              "r" : "149",
                              "s" : [ {
                                 "r" : "148",
                                 "s" : [ {
                                    "value" : [ "OpticDiscExamPerformed" ]
                                 } ]
                              }, {
                                 "value" : [ "." ]
                              }, {
                                 "r" : "149",
                                 "s" : [ {
                                    "value" : [ "result" ]
                                 } ]
                              } ]
                           }, {
                              "value" : [ " is not null" ]
                           } ]
                        } ]
                     } ]
                  } ]
               }
            } ],
            "expression" : {
               "localId" : "151",
               "locator" : "68:3-71:51",
               "type" : "Query",
               "source" : [ {
                  "localId" : "135",
                  "locator" : "68:3-68:104",
                  "alias" : "OpticDiscExamPerformed",
                  "expression" : {
                     "localId" : "134",
                     "locator" : "68:3-68:81",
                     "dataType" : "{urn:healthit-gov:qdm:v5_6}PositiveDiagnosticStudyPerformed",
                     "templateId" : "PositiveDiagnosticStudyPerformed",
                     "codeProperty" : "code",
                     "codeComparator" : "in",
                     "type" : "Retrieve",
                     "codes" : {
                        "locator" : "68:35-68:80",
                        "name" : "Optic Disc Exam for Structural Abnormalities",
                        "preserve" : true,
                        "type" : "ValueSetRef"
                     }
                  }
               } ],
               "relationship" : [ {
                  "localId" : "147",
                  "locator" : "69:5-70:165",
                  "alias" : "EncounterWithPOAG",
                  "type" : "With",
                  "expression" : {
                     "localId" : "136",
                     "locator" : "69:10-69:48",
                     "name" : "Primary Open Angle Glaucoma Encounter",
                     "type" : "ExpressionRef"
                  },
                  "suchThat" : {
                     "localId" : "146",
                     "locator" : "70:17-70:165",
                     "type" : "IncludedIn",
                     "operand" : [ {
                        "localId" : "143",
                        "locator" : "70:17-70:125",
                        "name" : "NormalizeInterval",
                        "libraryName" : "Global",
                        "type" : "FunctionRef",
                        "operand" : [ {
                           "localId" : "140",
                           "locator" : "70:46-70:84",
                           "path" : "relevantDatetime",
                           "scope" : "OpticDiscExamPerformed",
                           "type" : "Property"
                        }, {
                           "localId" : "142",
                           "locator" : "70:87-70:123",
                           "path" : "relevantPeriod",
                           "scope" : "OpticDiscExamPerformed",
                           "type" : "Property"
                        } ]
                     }, {
                        "localId" : "145",
                        "locator" : "70:134-70:165",
                        "path" : "relevantPeriod",
                        "scope" : "EncounterWithPOAG",
                        "type" : "Property"
                     } ]
                  }
               } ],
               "where" : {
                  "localId" : "150",
                  "locator" : "71:5-71:51",
                  "type" : "Not",
                  "operand" : {
                     "locator" : "71:11-71:51",
                     "type" : "IsNull",
                     "operand" : {
                        "localId" : "149",
                        "locator" : "71:11-71:39",
                        "path" : "result",
                        "scope" : "OpticDiscExamPerformed",
                        "type" : "Property"
                     }
                  }
               }
            }
         }, {
            "localId" : "156",
            "locator" : "57:1-59:54",
            "name" : "Numerator",
            "context" : "Patient",
            "accessLevel" : "Public",
            "annotation" : [ {
               "type" : "Annotation",
               "s" : {
                  "r" : "156",
                  "s" : [ {
                     "value" : [ "","define ","\"Numerator\"",":\n  " ]
                  }, {
                     "r" : "155",
                     "s" : [ {
                        "r" : "133",
                        "s" : [ {
                           "value" : [ "exists " ]
                        }, {
                           "r" : "132",
                           "s" : [ {
                              "value" : [ "\"Cup to Disc Ratio Performed with Result\"" ]
                           } ]
                        } ]
                     }, {
                        "value" : [ "\n    and " ]
                     }, {
                        "r" : "154",
                        "s" : [ {
                           "value" : [ "exists " ]
                        }, {
                           "r" : "153",
                           "s" : [ {
                              "value" : [ "\"Optic Disc Exam Performed with Result\"" ]
                           } ]
                        } ]
                     } ]
                  } ]
               }
            } ],
            "expression" : {
               "localId" : "155",
               "locator" : "58:3-59:54",
               "type" : "And",
               "operand" : [ {
                  "localId" : "133",
                  "locator" : "58:3-58:50",
                  "type" : "Exists",
                  "operand" : {
                     "localId" : "132",
                     "locator" : "58:10-58:50",
                     "name" : "Cup to Disc Ratio Performed with Result",
                     "type" : "ExpressionRef"
                  }
               }, {
                  "localId" : "154",
                  "locator" : "59:9-59:54",
                  "type" : "Exists",
                  "operand" : {
                     "localId" : "153",
                     "locator" : "59:16-59:54",
                     "name" : "Optic Disc Exam Performed with Result",
                     "type" : "ExpressionRef"
                  }
               } ]
            }
         }, {
            "localId" : "158",
            "locator" : "91:1-92:48",
            "name" : "SDE Payer",
            "context" : "Patient",
            "accessLevel" : "Public",
            "annotation" : [ {
               "type" : "Annotation",
               "s" : {
                  "r" : "158",
                  "s" : [ {
                     "value" : [ "","define ","\"SDE Payer\"",":\n  " ]
                  }, {
                     "r" : "157",
                     "s" : [ {
                        "value" : [ "[","\"Patient Characteristic Payer\"",": " ]
                     }, {
                        "s" : [ {
                           "value" : [ "\"Payer Type\"" ]
                        } ]
                     }, {
                        "value" : [ "]" ]
                     } ]
                  } ]
               }
            } ],
            "expression" : {
               "localId" : "157",
               "locator" : "92:3-92:48",
               "dataType" : "{urn:healthit-gov:qdm:v5_6}PatientCharacteristicPayer",
               "codeProperty" : "code",
               "codeComparator" : "in",
               "type" : "Retrieve",
               "codes" : {
                  "locator" : "92:36-92:47",
                  "name" : "Payer Type",
                  "preserve" : true,
                  "type" : "ValueSetRef"
               }
            }
         } ]
      }
   }
}