<?xml version="1.0" encoding="UTF-8" standalone="yes"?>
<QualityMeasureDocument xmlns="urn:hl7-org:v3" xmlns:cql-ext="urn:hhs-cql:hqmf-n1-extensions:v1"
                        xmlns:xsi="http://www.w3.org/2001/XMLSchema-instance">

      <!--
            **************************************************************
            Measure Details Section
            **************************************************************
        -->

      <typeId extension="POQM_HD000001UV02" root="2.16.840.1.113883.1.3"/>
   <templateId>
      <item extension="2021-02-01" root="2.16.840.1.113883.10.20.28.1.2"/>
   </templateId>
   <id root="8a6d0454-8df0-2d9f-018e-68a1046135de"/>
   <code code="57024-2" codeSystem="2.16.840.1.113883.6.1">
      <displayName value="Health Quality Measure Document"/>
   </code>
   <title
          value="Core Clinical Data Elements for the Hybrid Hospital-Wide Readmission Measure with Claims and Electronic Health Record Data - HWR"/>
   <text
         value="This logic is intended to extract electronic clinical data. This is not an electronic clinical quality measure and this logic will not produce measure results. Instead, it will produce a file containing the data that CMS will link with administrative claims to risk adjust the Hybrid HWR outcome measure. It is designed to extract the first resulted set of vital signs and basic laboratory results obtained from hospitalizations for adult Medicare Fee-For-Service (FFS) and Medicare Advantage (MA) patients admitted to acute care hospitals."/>
   <statusCode code="COMPLETED"/>
   <setId root="fa75de85-a934-45d7-a2f7-c700a756078b"/>
   <versionNumber value="5.5.000"/>
   <author>
      <responsibleParty classCode="ASSIGNED">
         <representedResponsibleOrganization classCode="ORG" determinerCode="INSTANCE">
            <id>
               <item root="2.16.840.1.113883.3.1240"/>
            </id>
            <name>
               <item>
                  <part value="Mathematica"/>
               </item>
            </name>
         </representedResponsibleOrganization>
      </responsibleParty>
   </author>
   <author>
      <responsibleParty classCode="ASSIGNED">
         <representedResponsibleOrganization classCode="ORG" determinerCode="INSTANCE">
            <id>
               <item root="88a7ab8e-b92d-11e4-a71e-12e3f512a338"/>
            </id>
            <name>
               <item>
                  <part value="Yale New Haven Health Service Corporation/ Center for Outcomes Research and Evaluation"/>
               </item>
            </name>
         </representedResponsibleOrganization>
      </responsibleParty>
   </author>
   <custodian>
      <responsibleParty classCode="ASSIGNED">
         <representedResponsibleOrganization classCode="ORG" determinerCode="INSTANCE">
            <id>
               <item root="93"/>
            </id>
            <name>
               <item>
                  <part value="Centers for Medicare &amp; Medicaid Services (CMS)"/>
               </item>
            </name>
         </representedResponsibleOrganization>
      </responsibleParty>
   </custodian>
   <!--Encounter Inpatient-->
     	 <definition>
      <valueSet classCode="OBS" moodCode="DEF">
         <id root="2.16.840.1.113883.3.666.5.307"/>
         <title value="Encounter Inpatient"/>
      </valueSet>
   </definition>
   <!--Heart Rate-->
     	 <definition>
      <valueSet classCode="OBS" moodCode="DEF">
         <id root="2.16.840.1.113883.3.526.2.1341"/>
         <title value="Heart Rate"/>
      </valueSet>
   </definition>
   <!--Sodium Lab Test-->
     	 <definition>
      <valueSet classCode="OBS" moodCode="DEF">
         <id root="2.16.840.1.113762.1.4.1045.119"/>
         <title value="Sodium Lab Test"/>
      </valueSet>
   </definition>
   <!--ONC Administrative Sex-->
     	 <definition>
      <valueSet classCode="OBS" moodCode="DEF">
         <id root="2.16.840.1.113762.1.4.1"/>
         <title value="ONC Administrative Sex"/>
      </valueSet>
   </definition>
   <!--Outpatient Surgery Service-->
     	 <definition>
      <valueSet classCode="OBS" moodCode="DEF">
         <id root="2.16.840.1.113762.1.4.1110.38"/>
         <title value="Outpatient Surgery Service"/>
      </valueSet>
   </definition>
   <!--Respiratory Rate-->
     	 <definition>
      <valueSet classCode="OBS" moodCode="DEF">
         <id root="2.16.840.1.113762.1.4.1045.130"/>
         <title value="Respiratory Rate"/>
      </valueSet>
   </definition>
   <!--Systolic Blood Pressure-->
     	 <definition>
      <valueSet classCode="OBS" moodCode="DEF">
         <id root="2.16.840.1.113762.1.4.1045.163"/>
         <title value="Systolic Blood Pressure"/>
      </valueSet>
   </definition>
   <!--Body Weight-->
     	 <definition>
      <valueSet classCode="OBS" moodCode="DEF">
         <id root="2.16.840.1.113762.1.4.1045.159"/>
         <title value="Body Weight"/>
      </valueSet>
   </definition>
   <!--Glucose Lab Test-->
     	 <definition>
      <valueSet classCode="OBS" moodCode="DEF">
         <id root="2.16.840.1.113762.1.4.1045.134"/>
         <title value="Glucose Lab Test"/>
      </valueSet>
   </definition>
   <!--White Blood Cells Count Lab Test-->
     	 <definition>
      <valueSet classCode="OBS" moodCode="DEF">
         <id root="2.16.840.1.113762.1.4.1045.129"/>
         <title value="White Blood Cells Count Lab Test"/>
      </valueSet>
   </definition>
   <!--Bicarbonate Lab Test-->
     	 <definition>
      <valueSet classCode="OBS" moodCode="DEF">
         <id root="2.16.840.1.113762.1.4.1045.139"/>
         <title value="Bicarbonate Lab Test"/>
      </valueSet>
   </definition>
   <!--Observation Services-->
     	 <definition>
      <valueSet classCode="OBS" moodCode="DEF">
         <id root="2.16.840.1.113762.1.4.1111.143"/>
         <title value="Observation Services"/>
      </valueSet>
   </definition>
   <!--Medicare Advantage Payer-->
     	 <definition>
      <valueSet classCode="OBS" moodCode="DEF">
         <id root="2.16.840.1.113762.1.4.1104.12"/>
         <title value="Medicare Advantage Payer"/>
      </valueSet>
   </definition>
   <!--Body Temperature-->
     	 <definition>
      <valueSet classCode="OBS" moodCode="DEF">
         <id root="2.16.840.1.113762.1.4.1045.152"/>
         <title value="Body Temperature"/>
      </valueSet>
   </definition>
   <!--Ethnicity-->
     	 <definition>
      <valueSet classCode="OBS" moodCode="DEF">
         <id root="2.16.840.1.114222.4.11.837"/>
         <title value="Ethnicity"/>
      </valueSet>
   </definition>
   <!--Hematocrit Lab Test-->
     	 <definition>
      <valueSet classCode="OBS" moodCode="DEF">
         <id root="2.16.840.1.113762.1.4.1045.114"/>
         <title value="Hematocrit Lab Test"/>
      </valueSet>
   </definition>
   <!--Emergency Department Visit-->
     	 <definition>
      <valueSet classCode="OBS" moodCode="DEF">
         <id root="2.16.840.1.113883.3.117.1.7.1.292"/>
         <title value="Emergency Department Visit"/>
      </valueSet>
   </definition>
   <!--Race-->
     	 <definition>
      <valueSet classCode="OBS" moodCode="DEF">
         <id root="2.16.840.1.114222.4.11.836"/>
         <title value="Race"/>
      </valueSet>
   </definition>
   <!--Potassium Lab Test-->
     	 <definition>
      <valueSet classCode="OBS" moodCode="DEF">
         <id root="2.16.840.1.113762.1.4.1045.117"/>
         <title value="Potassium Lab Test"/>
      </valueSet>
   </definition>
   <!--Oxygen Saturation by Pulse Oximetry-->
     	 <definition>
      <valueSet classCode="OBS" moodCode="DEF">
         <id root="2.16.840.1.113762.1.4.1045.151"/>
         <title value="Oxygen Saturation by Pulse Oximetry"/>
      </valueSet>
   </definition>
   <!--Medicare FFS Payer-->
     	 <definition>
      <valueSet classCode="OBS" moodCode="DEF">
         <id root="2.16.840.1.113762.1.4.1104.10"/>
         <title value="Medicare FFS Payer"/>
      </valueSet>
   </definition>
   <!--Payer Type-->
     	 <definition>
      <valueSet classCode="OBS" moodCode="DEF">
         <id root="2.16.840.1.114222.4.11.3591"/>
         <title value="Payer Type"/>
      </valueSet>
   </definition>
   <!--Creatinine Lab Test-->
     	 <definition>
      <valueSet classCode="OBS" moodCode="DEF">
         <id root="2.16.840.1.113883.3.666.5.2363"/>
         <title value="Creatinine Lab Test"/>
      </valueSet>
   </definition>
   <relatedDocument typeCode="COMP">
      <expressionDocument>
         <id root="71CEEC15-338C-4C6D-AA7B-BDD639FCFE70"/>
         <text mediaType="text/cql">
            <reference value="https://emeasuretool.cms.gov/libraries/fa75de85-a934-45d7-a2f7-c700a756078b/CMS529-v5-5-000-QDM-5-6.cql"/>
            <translation mediaType="application/elm+xml">
               <reference value="https://emeasuretool.cms.gov/libraries/fa75de85-a934-45d7-a2f7-c700a756078b/CMS529-v5-5-000-QDM-5-6.xml"/>
            </translation>
            <translation mediaType="application/elm+json">
               <reference value="https://emeasuretool.cms.gov/libraries/fa75de85-a934-45d7-a2f7-c700a756078b/CMS529-v5-5-000-QDM-5-6.json"/>
            </translation>
         </text>
         <setId extension="fa75de85-a934-45d7-a2f7-c700a756078b"
                identifierName="HybridHospitalWideReadmission"
                root="https://emeasuretool.cms.gov/libraries"/>
         <versionNumber value="5.5.000"/>
      </expressionDocument>
   </relatedDocument>
   <relatedDocument typeCode="COMP">
      <expressionDocument>
         <id root="8a6d042a8c5931d0018c6e282a31073d"/>
         <text mediaType="text/cql">
            <reference value="https://emeasuretool.cms.gov/libraries/8bdc0a19-b210-4a58-8a07-f5d95a34eca9/MATGlobalCommonFunctionsQDM-v8-0-000-QDM-5-6.cql"/>
            <translation mediaType="application/elm+xml">
               <reference value="https://emeasuretool.cms.gov/libraries/8bdc0a19-b210-4a58-8a07-f5d95a34eca9/MATGlobalCommonFunctionsQDM-v8-0-000-QDM-5-6.xml"/>
            </translation>
            <translation mediaType="application/elm+json">
               <reference value="https://emeasuretool.cms.gov/libraries/8bdc0a19-b210-4a58-8a07-f5d95a34eca9/MATGlobalCommonFunctionsQDM-v8-0-000-QDM-5-6.json"/>
            </translation>
         </text>
         <setId extension="8bdc0a19-b210-4a58-8a07-f5d95a34eca9"
                identifierName="MATGlobalCommonFunctionsQDM"
                root="https://emeasuretool.cms.gov/libraries"/>
         <versionNumber value="8.0.000"/>
      </expressionDocument>
   </relatedDocument>
   <controlVariable>
      <measurePeriod>
         <id extension="measureperiod" root="fcbe8dce-9a7f-432f-8539-26326368de88"/>
         <code code="MSRTP" codeSystem="2.16.840.1.113883.5.4">
            <originalText value="Measurement Period"/>
         </code>
         <value highClosed="false" lowClosed="true" xsi:type="IVL_TS">
            <low value="20250701"/>
            <high value="20260701"/>
         </value>
      </measurePeriod>
   </controlVariable>
   <subjectOf>
      <measureAttribute>
         <code nullFlavor="OTH">
            <originalText value="eCQM Identifier (Measure Authoring Tool)"/>
         </code>
         <value mediaType="text/plain" value="529" xsi:type="ED"/>
      </measureAttribute>
   </subjectOf>
   <subjectOf>
      <measureAttribute>
         <code nullFlavor="OTH">
            <originalText value="CBE Number"/>
         </code>
         <value mediaType="text/plain" value="2879" xsi:type="ED"/>
      </measureAttribute>
   </subjectOf>
   <subjectOf>
      <measureAttribute>
         <code code="COPY" codeSystem="2.16.840.1.113883.5.4">
            <displayName value="Copyright"/>
         </code>
         <value mediaType="text/plain"
                value="Limited proprietary coding is contained in these specifications for user convenience. Users of proprietary code sets should obtain all necessary licenses from the owners of the code sets.&#xA;&#xA;This material contains SNOMED Clinical Terms(R) (SNOMED CT[R]) copyright 2004-2023 International Health Terminology Standards Development Organisation. All rights reserved.&#xA;&#xA;LOINC(R) copyright 2004-2023 Regenstrief Institute, Inc."
                xsi:type="ED"/>
      </measureAttribute>
   </subjectOf>
   <subjectOf>
      <measureAttribute>
         <code code="DISC" codeSystem="2.16.840.1.113883.5.4">
            <displayName value="Disclaimer"/>
         </code>
         <value mediaType="text/plain"
                value="These performance specifications are not clinical guidelines and do not establish a standard of medical care and have not been tested for all potential applications.&#xA;&#xA;THE MEASURES AND SPECIFICATIONS ARE PROVIDED &quot;AS IS&quot; WITHOUT WARRANTY OF ANY KIND.&#xA;&#xA;Due to technical limitations, registered trademarks are indicated by (R) or [R] and unregistered trademarks are indicated by (TM) or [TM]."
                xsi:type="ED"/>
      </measureAttribute>
   </subjectOf>
   <subjectOf>
      <measureAttribute>
         <code code="MSRSCORE" codeSystem="2.16.840.1.113883.5.4">
            <displayName value="Measure Scoring"/>
         </code>
         <value code="COHORT" codeSystem="2.16.840.1.113883.5.1063" xsi:type="CD">
            <displayName value="Cohort"/>
         </value>
      </measureAttribute>
   </subjectOf>
   <subjectOf>
      <measureAttribute>
         <code code="STRAT" codeSystem="2.16.840.1.113883.5.4">
            <displayName value="Stratification"/>
         </code>
         <value mediaType="text/plain" value="None" xsi:type="ED"/>
      </measureAttribute>
   </subjectOf>
   <subjectOf>
      <measureAttribute>
         <code code="MSRADJ" codeSystem="2.16.840.1.113883.5.4">
            <displayName value="Risk Adjustment"/>
         </code>
         <value mediaType="text/plain"
                value="For a detailed description of how the core clinical data elements (CCDEs) are used in the Hybrid HWR measure risk adjustment model, see the Hybrid HWR Measure with Electronic Health Record Extracted Risk Factors Specifications Report on QualityNet here:&#xA;https://qualitynet.cms.gov/inpatient/measures/hybrid/methodology"
                xsi:type="ED"/>
      </measureAttribute>
   </subjectOf>
   <subjectOf>
      <measureAttribute>
         <code code="MSRAGG" codeSystem="2.16.840.1.113883.5.4">
            <displayName value="Rate Aggregation"/>
         </code>
         <value mediaType="text/plain" value="None" xsi:type="ED"/>
      </measureAttribute>
   </subjectOf>
   <subjectOf>
      <measureAttribute>
         <code code="RAT" codeSystem="2.16.840.1.113883.5.4">
            <displayName value="Rationale"/>
         </code>
         <value mediaType="text/plain"
                value="The intent of this logic is to extract the FIRST set of clinical data elements from hospital electronic health records (EHRs) for all qualifying hospitalizations. The data will be linked with administrative claims to risk adjust the Hybrid HWR outcome measure. This work addresses stakeholder concerns that clinical data garnered from patients and used by clinicians to guide diagnostic decisions and treatment, are preferable to administrative claims data when profiling hospitals' case mix. We are calling the list of data elements for extraction the &quot;HWR-specific core clinical data elements&quot; (CCDE). The CCDE are the first set of vital signs and basic laboratory tests resulted from hospitalizations for adult Medicare FFS and MA patients, age 65 or older (Initial Population), after they arrive at the hospital to which they are subsequently admitted. For example, this first set of data values are often captured in the emergency department or in the pre-operative area, sometimes hours before a patient is admitted to that same facility. &#xA;&#xA;These data elements were selected because they: 1. reflect patients' clinical status when they first present to the hospital, 2. are clinically and statistically relevant to patient outcomes, 3. are consistently obtained during adult inpatient hospitalizations based on current clinical practice, 4. are captured with a standard definition and recorded in a standard format across providers, and 5. are entered in structured fields that are feasibly retrieved from current EHR systems (YNHHS/CORE, 2015).&#xA;&#xA;Additional data called Linking Variables are used to link EHR data files with administrative claims data for CMS to calculate results for the Hybrid HWR measure, which are: CMS Certification Number (CCN); National Provider Identifier (NPI) for MA patients; Medicare Beneficiary Identifier (MBI); Inpatient Admission Date; and Discharge Date."
                xsi:type="ED"/>
      </measureAttribute>
   </subjectOf>
   <subjectOf>
      <measureAttribute>
         <code code="CRS" codeSystem="2.16.840.1.113883.5.4">
            <displayName value="Clinical Recommendation Statement"/>
         </code>
         <value mediaType="text/plain"
                value="The logic is not meant to guide or alter the care patients receive. The purpose of this CCDE logic is to extract clinical data that are already routinely captured in EHRs from hospitalizations for adult patients. It is not intended to require that clinical staff perform additional measurements or tests that are not needed for diagnostic assessment or treatment of patients."
                xsi:type="ED"/>
      </measureAttribute>
   </subjectOf>
   <subjectOf>
      <measureAttribute>
         <code code="IDUR" codeSystem="2.16.840.1.113883.5.4">
            <displayName value="Improvement Notation"/>
         </code>
         <value mediaType="text/plain"
                value="No actual measure score will be generated by hospitals. Instead, hospitals will report the data values for each of the CCDEs for all hospitalizations in the Initial Population. These CCDEs will be linked to administrative claims data and used by CMS to calculate results for the Hybrid HWR measure."
                xsi:type="ED"/>
      </measureAttribute>
   </subjectOf>
   <subjectOf>
      <measureAttribute>
         <code code="REF" codeSystem="2.16.840.1.113883.5.4">
            <displayName value="Reference"/>
         </code>
         <value mediaType="text/plain"
                value="CITATIONYale New Haven Health Services Corporation/Center for Outcomes Research &amp; Evaluation (YNHHSC/CORE) Prepared for CMS. (2015). 2013 Core Clinical Data Elements Technical Report (Version 1.1). https://www.cms.gov/Medicare/Quality-Initiatives-Patient-Assessment-Instruments/HospitalQualityInits/Downloads/Core-Clinical-Data-Elements-and-Hybrid-Measures.zip"
                xsi:type="ED"/>
      </measureAttribute>
   </subjectOf>
   <subjectOf>
      <measureAttribute>
         <code code="DEF" codeSystem="2.16.840.1.113883.5.4">
            <displayName value="Definition"/>
         </code>
         <value mediaType="text/plain" value="HWR-Specific Core Clinical Data Elements"
                xsi:type="ED"/>
      </measureAttribute>
   </subjectOf>
   <subjectOf>
      <measureAttribute>
         <code code="GUIDE" codeSystem="2.16.840.1.113883.5.4">
            <displayName value="Guidance"/>
         </code>
         <value mediaType="text/plain"
                value="These specifications are for use for data with discharges that occur between July 1, 2025 and June 30, 2026. The associated Hospital Specific Report (HSR) is anticipated to be released in Spring 2027.&#xA;&#xA;This logic guides the user to extract the FIRST resulted HWR-specific CCDEs for all Medicare FFS and MA hospitalizations for patients age 65 or older (Initial Population) directly admitted to the hospital or admitted to the same facility after being treated in another area such as the emergency department or hospital outpatient/same day surgery location. &#xA;&#xA;The logic supports extraction of the FIRST set of HWR-specific CCDE in two different ways depending on if the patient was a direct admission, meaning that the patient was admitted directly to an inpatient unit without first receiving care in the emergency department or other hospital outpatient locations within the same admitting facility: &#xA;&#xA;1. If the patient was a direct admission, the logic supports extraction of the FIRST resulted vital signs (physical exams) within 2 hours (120 minutes) after the start of the inpatient admission, and the FIRST resulted laboratory tests within 24 hours (1440 minutes) after the start of the inpatient admission. &#xA;2. If the patient has values captured prior to admission, for example from the emergency department, pre-operative, or other outpatient area within the hospital, the logic supports extraction of the FIRST resulted vital signs and laboratory tests within 24 hours (1440 minutes) PRIOR to the start of the inpatient admission. All clinical systems used in inpatient and outpatient locations within the hospital facility should be queried when looking for CCDE values related to a patient who is subsequently admitted.&#xA;&#xA;For weight, the logic supports extraction of the FIRST resulted vital sign recorded during the hospitalization, which may be prior to, or during admission.&#xA;&#xA;Value sets for the laboratory tests are represented using Logical Observation Identifiers Names Codes (LOINC) currently available for these tests. If the institution is using local codes to capture and store relevant laboratory test data, those sites should map that information to the LOINC code for reporting of the CCDEs.&#xA;&#xA;NOTE: It is recommended hospitals only report the FIRST resulted value for EACH core clinical data element collected in the appropriate timeframe, if available. Hospitals may also choose to report ALL values on an encounter during their entire admission; however, only the first resulted values are utilized in the logic for measure calculation.&#xA;&#xA;For each CCDE, it is recommended that hospitals report the below Unified Code for Units of Measure (UCUM) units, however, any units may be submitted. Where the reported unit is not easily converted to the requested UCUM units, the value will be set to missing and the median value reported for that CCDE will be imputed.&#xA;&#xA;CCDE                                              UCUM Units&#xA;&#xA;Bicarbonate-------------------------------------meq/L &#xA;                                                               mmol/L &#xA;&#xA;Creatinine---------------------------------------mg/dL &#xA;                                                   &#xA;&#xA;Glucose------------------------------------------mg/dL&#xA;                                                                mmol/L&#xA;-&#xA;Heart rate---------------------------------------{Beats}/min&#xA;&#xA;Hematocrit --------------------------------------%&#xA;&#xA;Oxygen saturation (by pulse oximetry)- -%{Oxygen}&#xA;&#xA;Potassium----------------------------------------meq/L &#xA;                                                                 mmol/L&#xA;&#xA;Respiratory rate---------------------------------{Breaths}/min&#xA;&#xA;Sodium--------------------------------------------meq/L&#xA;                                                                 mmol/L&#xA; &#xA;Systolic blood pressure-----------------------mm[Hg]&#xA;&#xA;Temperature-------------------------------------Cel&#xA;                                                                [degF]  &#xA;&#xA;Weight---------------------------------------------kg&#xA;                                                                 [lb_av]&#xA;                                                                  g&#xA;                                                          &#xA;White blood cell count -----------------------{Cells}/uL&#xA;                                                               10*3/uL&#xA;                                                               10*9/L &#xA;                                                             &#xA;For each hospitalization please also submit the following Linking Variables: &#xA;CMS Certification Number (CCN); &#xA;National Provider Identifier (NPI) for MA patients;   &#xA;Medicare Beneficiary Identifier (MBI);&#xA;Inpatient Admission Date; and&#xA;Discharge Date.&#xA;&#xA;&#xA;The initial population includes patients with inpatient hospitalizations and patients from Acute Hospital Care at Home programs, who are treated and billed as inpatients but receive care in their home.&#xA;&#xA;This version of the specifications uses Quality Data Model (QDM) version 5.6. Please refer to the eCQI Resource Center (https://ecqi.healthit.gov/qdm) for more information on the QDM."
                xsi:type="ED"/>
      </measureAttribute>
   </subjectOf>
   <subjectOf>
      <measureAttribute>
         <code code="TRANF" codeSystem="2.16.840.1.113883.5.4">
            <displayName value="Transmission Format"/>
         </code>
         <value mediaType="text/plain" value="TBD" xsi:type="ED"/>
      </measureAttribute>
   </subjectOf>
   <subjectOf>
      <measureAttribute>
         <code code="IPOP" codeSystem="2.16.840.1.113883.5.4">
            <displayName value="Initial Population"/>
         </code>
         <value mediaType="text/plain"
                value="All Medicare FFS and MA hospitalizations for patients aged 65 and older at the start of an inpatient admission, where the length of stay is less than 365 days, and the hospitalization ends during the measurement period. &#xA;&#xA;NOTE: All Medicare FFS and MA hospitalizations meeting the above criteria should be included, regardless of whether Medicare FFS/MA is the primary, secondary, or tertiary payer."
                xsi:type="ED"/>
      </measureAttribute>
   </subjectOf>
   <subjectOf>
      <measureAttribute>
         <code code="SDE" codeSystem="2.16.840.1.113883.5.4">
            <displayName value="Supplemental Data Elements"/>
         </code>
         <value mediaType="text/plain"
                value="For hospitalizations in the Initial Population, report the FIRST value for vital signs (physical exams) resulted within the 24 hours prior to the inpatient admission. If no values were resulted in the 24 hours prior to the admission (for example, for patients directly admitted to the hospital), report the first value resulted within 2 hours after the start of the inpatient admission. &#xA;&#xA;The physical exam CCDEs are as follows:&#xA;&#xA;Body Temperature&#xA;Heart rate&#xA;Oxygen saturation (by pulse oximetry)&#xA;Respiratory rate&#xA;Systolic blood pressure&#xA;&#xA;For body weight, the logic supports extraction of the FIRST resulted vital sign recorded during the hospitalization, which may be prior to, or during admission.&#xA;&#xA;For laboratory test results, report the FIRST value resulted within the 24 hours prior to admission. If there are no values in the 24 hours prior to admission, report the first value resulted within 24 hours after the start of the inpatient admission. &#xA;&#xA;The laboratory test CCDEs are as follows:&#xA;&#xA;Bicarbonate&#xA;Creatinine &#xA;Glucose&#xA;Hematocrit&#xA;Potassium&#xA;Sodium&#xA;White blood cell count&#xA;&#xA;First values for the CCDEs may be resulted in the emergency department or other hospital outpatient locations within the hospital facility before a patient is subsequently admitted to the same hospital. First values for these data elements may also be resulted in an inpatient location for directly admitted patients who do not receive care in the emergency department or other hospital outpatient/same day surgery locations before admission. &#xA;&#xA;NOTE: Do not report ALL values on a hospitalization during the entire admission. Only report the FIRST resulted value for EACH CCDE collected in the appropriate timeframe, if available.&#xA;&#xA;For every patient in the Initial Population, also identify payer, race, ethnicity and sex."
                xsi:type="ED"/>
      </measureAttribute>
   </subjectOf>
   <componentOf>
      <qualityMeasureSet classCode="ACT">
         <id root="fa75de85-a934-45d7-a2f7-c700a756078b"/>
         <title value=""/>
      </qualityMeasureSet>
   </componentOf>
   <!--Data Criteria Section-->
   <component>
      <dataCriteriaSection>
         <templateId>
            <item extension="2021-02-01" root="2.16.840.1.113883.10.20.28.2.6"/>
         </templateId>
         <code code="57025-9" codeSystem="2.16.840.1.113883.6.1"/>
         <title value="Data Criteria Section"/>
         <text/>
         <entry typeCode="DRIV">
            <localVariableName value="EncounterInpatient_EncounterPerformed_TKUp1"/>
            <encounterCriteria classCode="ENC" moodCode="EVN">
               <templateId>
                  <item extension="2021-02-01" root="2.16.840.1.113883.10.20.28.4.5"/>
               </templateId>
               <id extension="EncounterInpatient_EncounterPerformed"
                   root="d249e28a-f593-4762-9205-fc7150f1aec3"/>
               <code valueSet="2.16.840.1.113883.3.666.5.307"/>
               <title value="Encounter, Performed"/>
               <statusCode code="COMPLETED"/>
            </encounterCriteria>
         </entry>
         <entry typeCode="DRIV">
            <localVariableName value="HeartRate_PhysicalExamPerformed_gRPDH"/>
            <observationCriteria classCode="OBS" moodCode="EVN">
               <templateId>
                  <item extension="2021-02-01" root="2.16.840.1.113883.10.20.28.4.62"/>
               </templateId>
               <id extension="HeartRate_PhysicalExamPerformed"
                   root="e1e1c00e-c574-419d-abe4-5220959a65df"/>
               <code code="5880005" codeSystem="2.16.840.1.113883.6.96" codeSystemName="SNOMED CT">
                  <displayName value="physical examination"/>
               </code>
               <title value="Physical Exam, Performed"/>
               <statusCode code="COMPLETED"/>
               <value valueSet="2.16.840.1.113883.3.526.2.1341" xsi:type="CD"/>
            </observationCriteria>
         </entry>
         <entry typeCode="DRIV">
            <localVariableName value="SodiumLabTest_LaboratoryTestPerformed_dsfyV"/>
            <observationCriteria classCode="OBS" moodCode="EVN">
               <templateId>
                  <item extension="2021-02-01" root="2.16.840.1.113883.10.20.28.4.42"/>
               </templateId>
               <id extension="SodiumLabTest_LaboratoryTestPerformed"
                   root="7e9f9e68-052f-4703-abee-5ac80a41b317"/>
               <code valueSet="2.16.840.1.113762.1.4.1045.119"/>
               <title value="Laboratory Test, Performed"/>
               <statusCode code="COMPLETED"/>
            </observationCriteria>
         </entry>
         <entry typeCode="DRIV">
            <localVariableName value="ONCAdministrativeSex_PatientCharacteristicSex_zrdzi"/>
            <observationCriteria classCode="OBS" moodCode="EVN">
               <templateId>
                  <item extension="2017-05-01" root="2.16.840.1.113883.10.20.28.4.55"/>
               </templateId>
               <id extension="ONCAdministrativeSex_PatientCharacteristicSex"
                   root="01915e63-a980-4c33-90f4-e20c172923cb"/>
               <code code="263495000" codeSystem="2.16.840.1.113883.6.96" codeSystemName="SNOMED CT">
                  <displayName value="Gender"/>
               </code>
               <title value="Patient Characteristic Sex"/>
               <statusCode code="COMPLETED"/>
               <value valueSet="2.16.840.1.113762.1.4.1" xsi:type="CD"/>
            </observationCriteria>
         </entry>
         <entry typeCode="DRIV">
            <localVariableName value="OutpatientSurgeryService_EncounterPerformed_RpUms"/>
            <encounterCriteria classCode="ENC" moodCode="EVN">
               <templateId>
                  <item extension="2021-02-01" root="2.16.840.1.113883.10.20.28.4.5"/>
               </templateId>
               <id extension="OutpatientSurgeryService_EncounterPerformed"
                   root="b83ac179-68d9-4566-b510-def0a48a73dc"/>
               <code valueSet="2.16.840.1.113762.1.4.1110.38"/>
               <title value="Encounter, Performed"/>
               <statusCode code="COMPLETED"/>
            </encounterCriteria>
         </entry>
         <entry typeCode="DRIV">
            <localVariableName value="RespiratoryRate_PhysicalExamPerformed_gi2rk"/>
            <observationCriteria classCode="OBS" moodCode="EVN">
               <templateId>
                  <item extension="2021-02-01" root="2.16.840.1.113883.10.20.28.4.62"/>
               </templateId>
               <id extension="RespiratoryRate_PhysicalExamPerformed"
                   root="1c635188-7321-4cc1-a479-3365fbd333fe"/>
               <code code="5880005" codeSystem="2.16.840.1.113883.6.96" codeSystemName="SNOMED CT">
                  <displayName value="physical examination"/>
               </code>
               <title value="Physical Exam, Performed"/>
               <statusCode code="COMPLETED"/>
               <value valueSet="2.16.840.1.113762.1.4.1045.130" xsi:type="CD"/>
            </observationCriteria>
         </entry>
         <entry typeCode="DRIV">
            <localVariableName value="SystolicBloodPressure_PhysicalExamPerformed_E0fci"/>
            <observationCriteria classCode="OBS" moodCode="EVN">
               <templateId>
                  <item extension="2021-02-01" root="2.16.840.1.113883.10.20.28.4.62"/>
               </templateId>
               <id extension="SystolicBloodPressure_PhysicalExamPerformed"
                   root="56e6f11d-76f8-4674-a114-902efb126d16"/>
               <code code="5880005" codeSystem="2.16.840.1.113883.6.96" codeSystemName="SNOMED CT">
                  <displayName value="physical examination"/>
               </code>
               <title value="Physical Exam, Performed"/>
               <statusCode code="COMPLETED"/>
               <value valueSet="2.16.840.1.113762.1.4.1045.163" xsi:type="CD"/>
            </observationCriteria>
         </entry>
         <entry typeCode="DRIV">
            <localVariableName value="BodyWeight_PhysicalExamPerformed_UpVQp"/>
            <observationCriteria classCode="OBS" moodCode="EVN">
               <templateId>
                  <item extension="2021-02-01" root="2.16.840.1.113883.10.20.28.4.62"/>
               </templateId>
               <id extension="BodyWeight_PhysicalExamPerformed"
                   root="dc80045e-4464-4e8d-b830-8bb0b22a229c"/>
               <code code="5880005" codeSystem="2.16.840.1.113883.6.96" codeSystemName="SNOMED CT">
                  <displayName value="physical examination"/>
               </code>
               <title value="Physical Exam, Performed"/>
               <statusCode code="COMPLETED"/>
               <value valueSet="2.16.840.1.113762.1.4.1045.159" xsi:type="CD"/>
            </observationCriteria>
         </entry>
         <entry typeCode="DRIV">
            <localVariableName value="GlucoseLabTest_LaboratoryTestPerformed_2l6vH"/>
            <observationCriteria classCode="OBS" moodCode="EVN">
               <templateId>
                  <item extension="2021-02-01" root="2.16.840.1.113883.10.20.28.4.42"/>
               </templateId>
               <id extension="GlucoseLabTest_LaboratoryTestPerformed"
                   root="2719267e-2474-47db-a07e-712db786577d"/>
               <code valueSet="2.16.840.1.113762.1.4.1045.134"/>
               <title value="Laboratory Test, Performed"/>
               <statusCode code="COMPLETED"/>
            </observationCriteria>
         </entry>
         <entry typeCode="DRIV">
            <localVariableName value="WhiteBloodCellsCountLabTest_LaboratoryTestPerformed_0WSdJ"/>
            <observationCriteria classCode="OBS" moodCode="EVN">
               <templateId>
                  <item extension="2021-02-01" root="2.16.840.1.113883.10.20.28.4.42"/>
               </templateId>
               <id extension="WhiteBloodCellsCountLabTest_LaboratoryTestPerformed"
                   root="25b05c8c-66bb-4aa3-80a6-be2b86e9e7cf"/>
               <code valueSet="2.16.840.1.113762.1.4.1045.129"/>
               <title value="Laboratory Test, Performed"/>
               <statusCode code="COMPLETED"/>
            </observationCriteria>
         </entry>
         <entry typeCode="DRIV">
            <localVariableName value="BicarbonateLabTest_LaboratoryTestPerformed_RfrHV"/>
            <observationCriteria classCode="OBS" moodCode="EVN">
               <templateId>
                  <item extension="2021-02-01" root="2.16.840.1.113883.10.20.28.4.42"/>
               </templateId>
               <id extension="BicarbonateLabTest_LaboratoryTestPerformed"
                   root="b617f0fd-7f2a-490b-a9be-987099e34bef"/>
               <code valueSet="2.16.840.1.113762.1.4.1045.139"/>
               <title value="Laboratory Test, Performed"/>
               <statusCode code="COMPLETED"/>
            </observationCriteria>
         </entry>
         <entry typeCode="DRIV">
            <localVariableName value="ObservationServices_EncounterPerformed_PCaFS"/>
            <encounterCriteria classCode="ENC" moodCode="EVN">
               <templateId>
                  <item extension="2021-02-01" root="2.16.840.1.113883.10.20.28.4.5"/>
               </templateId>
               <id extension="ObservationServices_EncounterPerformed"
                   root="215b8958-753d-4e97-88e4-80e69c50bd14"/>
               <code valueSet="2.16.840.1.113762.1.4.1111.143"/>
               <title value="Encounter, Performed"/>
               <statusCode code="COMPLETED"/>
            </encounterCriteria>
         </entry>
         <entry typeCode="DRIV">
            <localVariableName value="MedicareAdvantagePayer_PatientCharacteristicPayer_UgXvb"/>
            <observationCriteria classCode="OBS" moodCode="EVN">
               <templateId>
                  <item extension="2017-05-01" root="2.16.840.1.113883.10.20.28.4.58"/>
               </templateId>
               <id extension="MedicareAdvantagePayer_PatientCharacteristicPayer"
                   root="dc2bf9da-ada8-416e-97ee-5c9faa1bc466"/>
               <code code="48768-6" codeSystem="2.16.840.1.113883.6.1" codeSystemName="LOINC">
                  <displayName value="Payer Type"/>
               </code>
               <title value="Patient Characteristic Payer"/>
               <statusCode code="COMPLETED"/>
               <value valueSet="2.16.840.1.113762.1.4.1104.12" xsi:type="CD"/>
            </observationCriteria>
         </entry>
         <entry typeCode="DRIV">
            <localVariableName value="BodyTemperature_PhysicalExamPerformed_0YBtb"/>
            <observationCriteria classCode="OBS" moodCode="EVN">
               <templateId>
                  <item extension="2021-02-01" root="2.16.840.1.113883.10.20.28.4.62"/>
               </templateId>
               <id extension="BodyTemperature_PhysicalExamPerformed"
                   root="efae3a9a-e721-4ae3-b7c7-9cd40bf51274"/>
               <code code="5880005" codeSystem="2.16.840.1.113883.6.96" codeSystemName="SNOMED CT">
                  <displayName value="physical examination"/>
               </code>
               <title value="Physical Exam, Performed"/>
               <statusCode code="COMPLETED"/>
               <value valueSet="2.16.840.1.113762.1.4.1045.152" xsi:type="CD"/>
            </observationCriteria>
         </entry>
         <entry typeCode="DRIV">
            <localVariableName value="Ethnicity_PatientCharacteristicEthnicity_DenEd"/>
            <observationCriteria classCode="OBS" moodCode="EVN">
               <templateId>
                  <item extension="2017-05-01" root="2.16.840.1.113883.10.20.28.4.56"/>
               </templateId>
               <id extension="Ethnicity_PatientCharacteristicEthnicity"
                   root="4bf33d89-3c0e-4cbe-9787-a2008b58507c"/>
               <code code="54133-4" codeSystem="2.16.840.1.113883.6.1" codeSystemName="LOINC">
                  <displayName value="Ethnicity"/>
               </code>
               <title value="Patient Characteristic Ethnicity"/>
               <statusCode code="COMPLETED"/>
               <value valueSet="2.16.840.1.114222.4.11.837" xsi:type="CD"/>
            </observationCriteria>
         </entry>
         <entry typeCode="DRIV">
            <localVariableName value="HematocritLabTest_LaboratoryTestPerformed_pQVqB"/>
            <observationCriteria classCode="OBS" moodCode="EVN">
               <templateId>
                  <item extension="2021-02-01" root="2.16.840.1.113883.10.20.28.4.42"/>
               </templateId>
               <id extension="HematocritLabTest_LaboratoryTestPerformed"
                   root="80cec38d-992c-41eb-81ea-060db8f7e889"/>
               <code valueSet="2.16.840.1.113762.1.4.1045.114"/>
               <title value="Laboratory Test, Performed"/>
               <statusCode code="COMPLETED"/>
            </observationCriteria>
         </entry>
         <entry typeCode="DRIV">
            <localVariableName value="EmergencyDepartmentVisit_EncounterPerformed_JX94s"/>
            <encounterCriteria classCode="ENC" moodCode="EVN">
               <templateId>
                  <item extension="2021-02-01" root="2.16.840.1.113883.10.20.28.4.5"/>
               </templateId>
               <id extension="EmergencyDepartmentVisit_EncounterPerformed"
                   root="943fd468-a486-47eb-bcef-69bbc31a73a0"/>
               <code valueSet="2.16.840.1.113883.3.117.1.7.1.292"/>
               <title value="Encounter, Performed"/>
               <statusCode code="COMPLETED"/>
            </encounterCriteria>
         </entry>
         <entry typeCode="DRIV">
            <localVariableName value="Race_PatientCharacteristicRace_0lz1w"/>
            <observationCriteria classCode="OBS" moodCode="EVN">
               <templateId>
                  <item extension="2017-05-01" root="2.16.840.1.113883.10.20.28.4.59"/>
               </templateId>
               <id extension="Race_PatientCharacteristicRace"
                   root="715b4daf-0528-4f42-ac85-378aff2679d5"/>
               <code code="32624-9" codeSystem="2.16.840.1.113883.6.1" codeSystemName="LOINC">
                  <displayName value="Race"/>
               </code>
               <title value="Patient Characteristic Race"/>
               <statusCode code="COMPLETED"/>
               <value valueSet="2.16.840.1.114222.4.11.836" xsi:type="CD"/>
            </observationCriteria>
         </entry>
         <entry typeCode="DRIV">
            <localVariableName value="PotassiumLabTest_LaboratoryTestPerformed_EU6H1"/>
            <observationCriteria classCode="OBS" moodCode="EVN">
               <templateId>
                  <item extension="2021-02-01" root="2.16.840.1.113883.10.20.28.4.42"/>
               </templateId>
               <id extension="PotassiumLabTest_LaboratoryTestPerformed"
                   root="82158d31-1f08-4b57-a857-f5d6805375f9"/>
               <code valueSet="2.16.840.1.113762.1.4.1045.117"/>
               <title value="Laboratory Test, Performed"/>
               <statusCode code="COMPLETED"/>
            </observationCriteria>
         </entry>
         <entry typeCode="DRIV">
            <localVariableName value="OxygenSaturationbyPulseOximetry_PhysicalExamPerformed_rwwNP"/>
            <observationCriteria classCode="OBS" moodCode="EVN">
               <templateId>
                  <item extension="2021-02-01" root="2.16.840.1.113883.10.20.28.4.62"/>
               </templateId>
               <id extension="OxygenSaturationbyPulseOximetry_PhysicalExamPerformed"
                   root="0b920acd-c226-4658-a269-35e5b0807934"/>
               <code code="5880005" codeSystem="2.16.840.1.113883.6.96" codeSystemName="SNOMED CT">
                  <displayName value="physical examination"/>
               </code>
               <title value="Physical Exam, Performed"/>
               <statusCode code="COMPLETED"/>
               <value valueSet="2.16.840.1.113762.1.4.1045.151" xsi:type="CD"/>
            </observationCriteria>
         </entry>
         <entry typeCode="DRIV">
            <localVariableName value="MedicareFFSPayer_PatientCharacteristicPayer_b8Tym"/>
            <observationCriteria classCode="OBS" moodCode="EVN">
               <templateId>
                  <item extension="2017-05-01" root="2.16.840.1.113883.10.20.28.4.58"/>
               </templateId>
               <id extension="MedicareFFSPayer_PatientCharacteristicPayer"
                   root="6efb4bc4-e088-4bea-a69b-6b139e1b2d09"/>
               <code code="48768-6" codeSystem="2.16.840.1.113883.6.1" codeSystemName="LOINC">
                  <displayName value="Payer Type"/>
               </code>
               <title value="Patient Characteristic Payer"/>
               <statusCode code="COMPLETED"/>
               <value valueSet="2.16.840.1.113762.1.4.1104.10" xsi:type="CD"/>
            </observationCriteria>
         </entry>
         <entry typeCode="DRIV">
            <localVariableName value="PayerType_PatientCharacteristicPayer_pCdCM"/>
            <observationCriteria classCode="OBS" moodCode="EVN">
               <templateId>
                  <item extension="2017-05-01" root="2.16.840.1.113883.10.20.28.4.58"/>
               </templateId>
               <id extension="PayerType_PatientCharacteristicPayer"
                   root="41dc8804-cc7b-413d-9a39-e815347fcb46"/>
               <code code="48768-6" codeSystem="2.16.840.1.113883.6.1" codeSystemName="LOINC">
                  <displayName value="Payer Type"/>
               </code>
               <title value="Patient Characteristic Payer"/>
               <statusCode code="COMPLETED"/>
               <value valueSet="2.16.840.1.114222.4.11.3591" xsi:type="CD"/>
            </observationCriteria>
         </entry>
         <entry typeCode="DRIV">
            <localVariableName value="CreatinineLabTest_LaboratoryTestPerformed_O33pG"/>
            <observationCriteria classCode="OBS" moodCode="EVN">
               <templateId>
                  <item extension="2021-02-01" root="2.16.840.1.113883.10.20.28.4.42"/>
               </templateId>
               <id extension="CreatinineLabTest_LaboratoryTestPerformed"
                   root="680904bf-5c17-4f6d-9d9e-e550855f4a4b"/>
               <code valueSet="2.16.840.1.113883.3.666.5.2363"/>
               <title value="Laboratory Test, Performed"/>
               <statusCode code="COMPLETED"/>
            </observationCriteria>
         </entry>
      </dataCriteriaSection>
   </component>
   <component>
      <populationCriteriaSection>
         <templateId>
            <item extension="2017-08-01" root="2.16.840.1.113883.10.20.28.2.7"/>
         </templateId>
         <id extension="PopulationCriteria1" root="D05464BA-6BE2-4964-A6F2-5488AC3774D9"/>
         <code code="57026-7" codeSystem="2.16.840.1.113883.6.1"/>
         <title value="Population Criteria Section"/>
         <text/>
         <component typeCode="COMP">
            <initialPopulationCriteria classCode="OBS" moodCode="EVN">
               <id extension="initialPopulation" root="E7F0D3C5-0718-40B0-85AF-C2E0330923DA"/>
               <code code="IPOP" codeSystem="2.16.840.1.113883.5.4" codeSystemName="Act Code"/>
               <precondition typeCode="PRCN">
                  <criteriaReference classCode="OBS" moodCode="EVN">
                     <id extension="HybridHospitalWideReadmission.&quot;Initial Population&quot;"
                         root="71CEEC15-338C-4C6D-AA7B-BDD639FCFE70"/>
                  </criteriaReference>
               </precondition>
            </initialPopulationCriteria>
         </component>
         <component typeCode="COMP">
            <cql-ext:supplementalDataElement>
               <id extension="Supplemental Data Elements"
                   root="0CF94FB1-54D0-46AA-A1F0-E04402D1B8F4"/>
               <code code="SDE" codeSystem="2.16.840.1.113883.5.4" codeSystemName="Act Code"/>
               <precondition typeCode="PRCN">
                  <criteriaReference classCode="OBS" moodCode="EVN">
                     <id extension="HybridHospitalWideReadmission.&quot;SDE Ethnicity&quot;"
                         root="71CEEC15-338C-4C6D-AA7B-BDD639FCFE70"/>
                  </criteriaReference>
               </precondition>
            </cql-ext:supplementalDataElement>
         </component>
         <component typeCode="COMP">
            <cql-ext:supplementalDataElement>
               <id extension="Supplemental Data Elements"
                   root="98C344DE-025C-4E17-AE8C-E3F063971970"/>
               <code code="SDE" codeSystem="2.16.840.1.113883.5.4" codeSystemName="Act Code"/>
               <precondition typeCode="PRCN">
                  <criteriaReference classCode="OBS" moodCode="EVN">
                     <id extension="HybridHospitalWideReadmission.&quot;SDE Payer&quot;"
                         root="71CEEC15-338C-4C6D-AA7B-BDD639FCFE70"/>
                  </criteriaReference>
               </precondition>
            </cql-ext:supplementalDataElement>
         </component>
         <component typeCode="COMP">
            <cql-ext:supplementalDataElement>
               <id extension="Supplemental Data Elements"
                   root="5B5F6CDA-48AA-4EAD-8F9A-AE5616D59251"/>
               <code code="SDE" codeSystem="2.16.840.1.113883.5.4" codeSystemName="Act Code"/>
               <precondition typeCode="PRCN">
                  <criteriaReference classCode="OBS" moodCode="EVN">
                     <id extension="HybridHospitalWideReadmission.&quot;SDE Race&quot;"
                         root="71CEEC15-338C-4C6D-AA7B-BDD639FCFE70"/>
                  </criteriaReference>
               </precondition>
            </cql-ext:supplementalDataElement>
         </component>
         <component typeCode="COMP">
            <cql-ext:supplementalDataElement>
               <id extension="Supplemental Data Elements"
                   root="69BCA511-AE62-4F14-B765-A4FC43C66E4F"/>
               <code code="SDE" codeSystem="2.16.840.1.113883.5.4" codeSystemName="Act Code"/>
               <precondition typeCode="PRCN">
                  <criteriaReference classCode="OBS" moodCode="EVN">
                     <id extension="HybridHospitalWideReadmission.&quot;SDE Sex&quot;"
                         root="71CEEC15-338C-4C6D-AA7B-BDD639FCFE70"/>
                  </criteriaReference>
               </precondition>
            </cql-ext:supplementalDataElement>
         </component>
         <component typeCode="COMP">
            <cql-ext:supplementalDataElement>
               <id extension="Supplemental Data Elements"
                   root="A48A1693-D9A7-4ABE-9716-8525BA3A5ABC"/>
               <code code="SDE" codeSystem="2.16.840.1.113883.5.4" codeSystemName="Act Code"/>
               <precondition typeCode="PRCN">
                  <criteriaReference classCode="OBS" moodCode="EVN">
                     <id extension="HybridHospitalWideReadmission.&quot;SDE Results&quot;"
                         root="71CEEC15-338C-4C6D-AA7B-BDD639FCFE70"/>
                  </criteriaReference>
               </precondition>
            </cql-ext:supplementalDataElement>
         </component>
      </populationCriteriaSection>
   </component>
</QualityMeasureDocument>