<?xml version="1.0" encoding="UTF-8"?>
<library xmlns="urn:hl7-org:elm:r1" xmlns:t="urn:hl7-org:elm-types:r1" xmlns:xsi="http://www.w3.org/2001/XMLSchema-instance" xmlns:xsd="http://www.w3.org/2001/XMLSchema" xmlns:fhir="http://hl7.org/fhir" xmlns:qdm43="urn:healthit-gov:qdm:v4_3" xmlns:qdm53="urn:healthit-gov:qdm:v5_3" xmlns:a="urn:hl7-org:cql-annotations:r1">
   <annotation translatorOptions="EnableAnnotations,EnableLocators,DisableListDemotion,DisableListPromotion,DisableMethodInvocation" xsi:type="a:CqlToElmInfo"/>
   <annotation xsi:type="a:Annotation">
      <a:s r="32">
         <a:s>library HospitalHarmOpioidRelatedAdverseEvents version '2.0.000'</a:s>
      </a:s>
   </annotation>
   <identifier id="HospitalHarmOpioidRelatedAdverseEvents" version="2.0.000"/>
   <schemaIdentifier id="urn:hl7-org:elm" version="r1"/>
   <usings>
      <def localIdentifier="System" uri="urn:hl7-org:elm-types:r1"/>
      <def localId="1" locator="3:1-3:23" localIdentifier="QDM" uri="urn:healthit-gov:qdm:v5_6" version="5.6">
         <annotation xsi:type="a:Annotation">
            <a:s r="1">
               <a:s>using </a:s>
               <a:s>
                  <a:s>QDM</a:s>
               </a:s>
               <a:s> version '5.6'</a:s>
            </a:s>
         </annotation>
      </def>
   </usings>
   <includes>
      <def localId="2" locator="5:1-5:64" localIdentifier="Global" path="MATGlobalCommonFunctions" version="7.0.000">
         <annotation xsi:type="a:Annotation">
            <a:s r="2">
               <a:s>include </a:s>
               <a:s>
                  <a:s>MATGlobalCommonFunctions</a:s>
               </a:s>
               <a:s> version '7.0.000' called Global</a:s>
            </a:s>
         </annotation>
      </def>
   </includes>
   <parameters>
      <def localId="16" locator="20:1-20:49" name="Measurement Period" accessLevel="Public">
         <annotation xsi:type="a:Annotation">
            <a:s r="16">
               <a:s>parameter &quot;Measurement Period&quot; </a:s>
               <a:s r="15">
                  <a:s>Interval&lt;</a:s>
                  <a:s r="14">
                     <a:s>DateTime</a:s>
                  </a:s>
                  <a:s>></a:s>
               </a:s>
            </a:s>
         </annotation>
         <parameterTypeSpecifier localId="15" locator="20:32-20:49" xsi:type="IntervalTypeSpecifier">
            <pointType localId="14" locator="20:41-20:48" name="t:DateTime" xsi:type="NamedTypeSpecifier"/>
         </parameterTypeSpecifier>
      </def>
   </parameters>
   <codeSystems>
      <def localId="3" locator="7:1-7:53" name="HSLOC" id="urn:oid:2.16.840.1.113883.6.259" accessLevel="Public">
         <annotation xsi:type="a:Annotation">
            <a:s r="3">
               <a:s>codesystem &quot;HSLOC&quot;: 'urn:oid:2.16.840.1.113883.6.259'</a:s>
            </a:s>
         </annotation>
      </def>
   </codeSystems>
   <valueSets>
      <def localId="4" locator="9:1-9:71" name="Encounter Inpatient" id="urn:oid:2.16.840.1.113883.3.666.5.307" accessLevel="Public">
         <annotation xsi:type="a:Annotation">
            <a:s r="4">
               <a:s>valueset &quot;Encounter Inpatient&quot;: 'urn:oid:2.16.840.1.113883.3.666.5.307'</a:s>
            </a:s>
         </annotation>
      </def>
      <def localId="5" locator="10:1-10:58" name="Ethnicity" id="urn:oid:2.16.840.1.114222.4.11.837" accessLevel="Public">
         <annotation xsi:type="a:Annotation">
            <a:s r="5">
               <a:s>valueset &quot;Ethnicity&quot;: 'urn:oid:2.16.840.1.114222.4.11.837'</a:s>
            </a:s>
         </annotation>
      </def>
      <def localId="6" locator="11:1-11:68" name="ONC Administrative Sex" id="urn:oid:2.16.840.1.113762.1.4.1" accessLevel="Public">
         <annotation xsi:type="a:Annotation">
            <a:s r="6">
               <a:s>valueset &quot;ONC Administrative Sex&quot;: 'urn:oid:2.16.840.1.113762.1.4.1'</a:s>
            </a:s>
         </annotation>
      </def>
      <def localId="7" locator="12:1-12:70" name="Opioid Antagonist" id="urn:oid:2.16.840.1.113762.1.4.1248.119" accessLevel="Public">
         <annotation xsi:type="a:Annotation">
            <a:s r="7">
               <a:s>valueset &quot;Opioid Antagonist&quot;: 'urn:oid:2.16.840.1.113762.1.4.1248.119'</a:s>
            </a:s>
         </annotation>
      </def>
      <def localId="8" locator="13:1-13:65" name="Opioids, All" id="urn:oid:2.16.840.1.113762.1.4.1196.226" accessLevel="Public">
         <annotation xsi:type="a:Annotation">
            <a:s r="8">
               <a:s>valueset &quot;Opioids, All&quot;: 'urn:oid:2.16.840.1.113762.1.4.1196.226'</a:s>
            </a:s>
         </annotation>
      </def>
      <def localId="9" locator="14:1-14:55" name="Payer" id="urn:oid:2.16.840.1.114222.4.11.3591" accessLevel="Public">
         <annotation xsi:type="a:Annotation">
            <a:s r="9">
               <a:s>valueset &quot;Payer&quot;: 'urn:oid:2.16.840.1.114222.4.11.3591'</a:s>
            </a:s>
         </annotation>
      </def>
      <def localId="10" locator="15:1-15:53" name="Race" id="urn:oid:2.16.840.1.114222.4.11.836" accessLevel="Public">
         <annotation xsi:type="a:Annotation">
            <a:s r="10">
               <a:s>valueset &quot;Race&quot;: 'urn:oid:2.16.840.1.114222.4.11.836'</a:s>
            </a:s>
         </annotation>
      </def>
      <def localId="11" locator="16:1-16:100" name="Routes of Administration for Opioid Antagonists" id="urn:oid:2.16.840.1.113762.1.4.1248.187" accessLevel="Public">
         <annotation xsi:type="a:Annotation">
            <a:s r="11">
               <a:s>valueset &quot;Routes of Administration for Opioid Antagonists&quot;: 'urn:oid:2.16.840.1.113762.1.4.1248.187'</a:s>
            </a:s>
         </annotation>
      </def>
   </valueSets>
   <codes>
      <def localId="13" locator="18:1-18:81" name="Operating Room/Suite" id="1096-7" display="Operating Room/Suite" accessLevel="Public">
         <annotation xsi:type="a:Annotation">
            <a:s r="13">
               <a:s>code &quot;Operating Room/Suite&quot;: '1096-7' from </a:s>
               <a:s r="12">
                  <a:s>&quot;HSLOC&quot;</a:s>
               </a:s>
               <a:s> display 'Operating Room/Suite'</a:s>
            </a:s>
         </annotation>
         <codeSystem localId="12" locator="18:44-18:50" name="HSLOC"/>
      </def>
   </codes>
   <contexts>
      <def locator="22:1-22:15" name="Patient"/>
   </contexts>
   <statements>
      <def locator="22:1-22:15" name="Patient" context="Patient">
         <expression xsi:type="SingletonFrom">
            <operand locator="22:1-22:15" xmlns:ns0="urn:healthit-gov:qdm:v5_6" dataType="ns0:Patient" templateId="Patient" xsi:type="Retrieve"/>
         </expression>
      </def>
      <def localId="32" locator="74:1-77:87" name="Qualifying Encounter" context="Patient" accessLevel="Public">
         <annotation xsi:type="a:Annotation">
            <a:s r="32">
               <a:s>define &quot;Qualifying Encounter&quot;:
  </a:s>
               <a:s r="31">
                  <a:s>
                     <a:s r="18">
                        <a:s r="17">
                           <a:s r="17">
                              <a:s>[&quot;Encounter, Performed&quot;: </a:s>
                              <a:s>
                                 <a:s>&quot;Encounter Inpatient&quot;</a:s>
                              </a:s>
                              <a:s>]</a:s>
                           </a:s>
                        </a:s>
                        <a:s> InpatientHospitalization</a:s>
                     </a:s>
                  </a:s>
                  <a:s>
    </a:s>
                  <a:s r="30">
                     <a:s>where </a:s>
                     <a:s r="30">
                        <a:s r="22">
                           <a:s r="20">
                              <a:s r="19">
                                 <a:s>InpatientHospitalization</a:s>
                              </a:s>
                              <a:s>.</a:s>
                              <a:s r="20">
                                 <a:s>relevantPeriod</a:s>
                              </a:s>
                           </a:s>
                           <a:s r="22"> ends during day of </a:s>
                           <a:s r="21">
                              <a:s>&quot;Measurement Period&quot;</a:s>
                           </a:s>
                        </a:s>
                        <a:s>
      and </a:s>
                        <a:s r="29">
                           <a:s r="27">
                              <a:s>AgeInYearsAt(</a:s>
                              <a:s r="26">
                                 <a:s>date from </a:s>
                                 <a:s r="25">
                                    <a:s>start of </a:s>
                                    <a:s r="24">
                                       <a:s r="23">
                                          <a:s>InpatientHospitalization</a:s>
                                       </a:s>
                                       <a:s>.</a:s>
                                       <a:s r="24">
                                          <a:s>relevantPeriod</a:s>
                                       </a:s>
                                    </a:s>
                                 </a:s>
                              </a:s>
                              <a:s>)</a:s>
                           </a:s>
                           <a:s r="28">>= 18</a:s>
                        </a:s>
                     </a:s>
                  </a:s>
               </a:s>
            </a:s>
         </annotation>
         <expression localId="31" locator="75:3-77:87" xsi:type="Query">
            <source localId="18" locator="75:3-75:74" alias="InpatientHospitalization">
               <expression localId="17" locator="75:3-75:49" xmlns:ns1="urn:healthit-gov:qdm:v5_6" dataType="ns1:PositiveEncounterPerformed" templateId="PositiveEncounterPerformed" codeProperty="code" codeComparator="in" xsi:type="Retrieve">
                  <codes locator="75:28-75:48" name="Encounter Inpatient" xsi:type="ValueSetRef"/>
               </expression>
            </source>
            <where localId="30" locator="76:5-77:87" xsi:type="And">
               <operand localId="22" locator="76:11-76:89" precision="Day" xsi:type="In">
                  <operand locator="76:51-76:54" xsi:type="End">
                     <operand localId="20" locator="76:11-76:49" path="relevantPeriod" scope="InpatientHospitalization" xsi:type="Property"/>
                  </operand>
                  <operand localId="21" locator="76:70-76:89" name="Measurement Period" xsi:type="ParameterRef"/>
               </operand>
               <operand localId="29" locator="77:11-77:87" xsi:type="GreaterOrEqual">
                  <operand localId="27" locator="77:11-77:82" precision="Year" xsi:type="CalculateAgeAt">
                     <operand xsi:type="ToDate">
                        <operand path="birthDatetime" xsi:type="Property">
                           <source name="Patient" xsi:type="ExpressionRef"/>
                        </operand>
                     </operand>
                     <operand localId="26" locator="77:24-77:81" xsi:type="DateFrom">
                        <operand localId="25" locator="77:34-77:81" xsi:type="Start">
                           <operand localId="24" locator="77:43-77:81" path="relevantPeriod" scope="InpatientHospitalization" xsi:type="Property"/>
                        </operand>
                     </operand>
                  </operand>
                  <operand localId="28" locator="77:86-77:87" valueType="t:Integer" value="18" xsi:type="Literal"/>
               </operand>
            </where>
         </expression>
      </def>
      <def localId="36" locator="33:1-34:46" name="Opioid Administration" context="Patient" accessLevel="Public">
         <annotation xsi:type="a:Annotation">
            <a:s r="36">
               <a:s>define &quot;Opioid Administration&quot;:
  </a:s>
               <a:s r="35">
                  <a:s>[&quot;Medication, Administered&quot;: </a:s>
                  <a:s>
                     <a:s>&quot;Opioids, All&quot;</a:s>
                  </a:s>
                  <a:s>]</a:s>
               </a:s>
            </a:s>
         </annotation>
         <expression localId="35" locator="34:3-34:46" xmlns:ns2="urn:healthit-gov:qdm:v5_6" dataType="ns2:PositiveMedicationAdministered" templateId="PositiveMedicationAdministered" codeProperty="code" codeComparator="in" xsi:type="Retrieve">
            <codes locator="34:32-34:45" name="Opioids, All" xsi:type="ValueSetRef"/>
         </expression>
      </def>
      <def localId="71" locator="48:1-55:9" name="Encounter with Opioid Administration Outside of Operating Room" context="Patient" accessLevel="Public">
         <annotation xsi:type="a:Annotation">
            <a:s r="71">
               <a:s>define &quot;Encounter with Opioid Administration Outside of Operating Room&quot;:
  </a:s>
               <a:s r="70">
                  <a:s>
                     <a:s r="34">
                        <a:s r="33">
                           <a:s>
                              <a:s>&quot;Qualifying Encounter&quot;</a:s>
                           </a:s>
                        </a:s>
                        <a:s> InpatientEncounter</a:s>
                     </a:s>
                  </a:s>
                  <a:s>
    </a:s>
                  <a:s r="69">
                     <a:s>with </a:s>
                     <a:s r="38">
                        <a:s r="37">
                           <a:s>
                              <a:s>&quot;Opioid Administration&quot;</a:s>
                           </a:s>
                        </a:s>
                        <a:s> OpioidGiven</a:s>
                     </a:s>
                     <a:s>
      such that </a:s>
                     <a:s r="68">
                        <a:s r="48">
                           <a:s r="44">
                              <a:s r="39">
                                 <a:s>Global</a:s>
                              </a:s>
                              <a:s>.</a:s>
                              <a:s r="44">
                                 <a:s>&quot;NormalizeInterval&quot; ( </a:s>
                                 <a:s r="41">
                                    <a:s r="40">
                                       <a:s>OpioidGiven</a:s>
                                    </a:s>
                                    <a:s>.</a:s>
                                    <a:s r="41">
                                       <a:s>relevantDatetime</a:s>
                                    </a:s>
                                 </a:s>
                                 <a:s>, </a:s>
                                 <a:s r="43">
                                    <a:s r="42">
                                       <a:s>OpioidGiven</a:s>
                                    </a:s>
                                    <a:s>.</a:s>
                                    <a:s r="43">
                                       <a:s>relevantPeriod</a:s>
                                    </a:s>
                                 </a:s>
                                 <a:s> )</a:s>
                              </a:s>
                           </a:s>
                           <a:s r="48"> starts during </a:s>
                           <a:s r="47">
                              <a:s r="45">
                                 <a:s>Global</a:s>
                              </a:s>
                              <a:s>.</a:s>
                              <a:s r="47">
                                 <a:s>&quot;HospitalizationWithObservation&quot; ( </a:s>
                                 <a:s r="46">
                                    <a:s>InpatientEncounter</a:s>
                                 </a:s>
                                 <a:s> )</a:s>
                              </a:s>
                           </a:s>
                        </a:s>
                        <a:s>
        and </a:s>
                        <a:s r="67">
                           <a:s>not </a:s>
                           <a:s r="66">
                              <a:s>exists </a:s>
                              <a:s r="65">
                                 <a:s>( </a:s>
                                 <a:s r="65">
                                    <a:s>
                                       <a:s r="50">
                                          <a:s r="49">
                                             <a:s>
                                                <a:s>InpatientEncounter.facilityLocations</a:s>
                                             </a:s>
                                          </a:s>
                                          <a:s> EncounterLocation</a:s>
                                       </a:s>
                                    </a:s>
                                    <a:s>
            </a:s>
                                    <a:s r="64">
                                       <a:s>where </a:s>
                                       <a:s r="64">
                                          <a:s r="54">
                                             <a:s r="52">
                                                <a:s r="51">
                                                   <a:s>EncounterLocation</a:s>
                                                </a:s>
                                                <a:s>.</a:s>
                                                <a:s r="52">
                                                   <a:s>code</a:s>
                                                </a:s>
                                             </a:s>
                                             <a:s> ~ </a:s>
                                             <a:s r="53">
                                                <a:s>&quot;Operating Room/Suite&quot;</a:s>
                                             </a:s>
                                          </a:s>
                                          <a:s>
              and </a:s>
                                          <a:s r="63">
                                             <a:s r="60">
                                                <a:s r="55">
                                                   <a:s>Global</a:s>
                                                </a:s>
                                                <a:s>.</a:s>
                                                <a:s r="60">
                                                   <a:s>&quot;NormalizeInterval&quot; ( </a:s>
                                                   <a:s r="57">
                                                      <a:s r="56">
                                                         <a:s>OpioidGiven</a:s>
                                                      </a:s>
                                                      <a:s>.</a:s>
                                                      <a:s r="57">
                                                         <a:s>relevantDatetime</a:s>
                                                      </a:s>
                                                   </a:s>
                                                   <a:s>, </a:s>
                                                   <a:s r="59">
                                                      <a:s r="58">
                                                         <a:s>OpioidGiven</a:s>
                                                      </a:s>
                                                      <a:s>.</a:s>
                                                      <a:s r="59">
                                                         <a:s>relevantPeriod</a:s>
                                                      </a:s>
                                                   </a:s>
                                                   <a:s> )</a:s>
                                                </a:s>
                                             </a:s>
                                             <a:s r="63"> starts during </a:s>
                                             <a:s r="62">
                                                <a:s r="61">
                                                   <a:s>EncounterLocation</a:s>
                                                </a:s>
                                                <a:s>.</a:s>
                                                <a:s r="62">
                                                   <a:s>locationPeriod</a:s>
                                                </a:s>
                                             </a:s>
                                          </a:s>
                                       </a:s>
                                    </a:s>
                                 </a:s>
                                 <a:s>
        )</a:s>
                              </a:s>
                           </a:s>
                        </a:s>
                     </a:s>
                  </a:s>
               </a:s>
            </a:s>
         </annotation>
         <expression localId="70" locator="49:3-55:9" xsi:type="Query">
            <source localId="34" locator="49:3-49:43" alias="InpatientEncounter">
               <expression localId="33" locator="49:3-49:24" name="Qualifying Encounter" xsi:type="ExpressionRef"/>
            </source>
            <relationship localId="69" locator="50:5-55:9" alias="OpioidGiven" xsi:type="With">
               <expression localId="37" locator="50:10-50:32" name="Opioid Administration" xsi:type="ExpressionRef"/>
               <suchThat localId="68" locator="51:17-55:9" xsi:type="And">
                  <operand localId="48" locator="51:17-51:180" xsi:type="In">
                     <operand locator="51:105-51:110" xsi:type="Start">
                        <operand localId="44" locator="51:17-51:103" name="NormalizeInterval" libraryName="Global" xsi:type="FunctionRef">
                           <operand localId="41" locator="51:46-51:73" path="relevantDatetime" scope="OpioidGiven" xsi:type="Property"/>
                           <operand localId="43" locator="51:76-51:101" path="relevantPeriod" scope="OpioidGiven" xsi:type="Property"/>
                        </operand>
                     </operand>
                     <operand localId="47" locator="51:119-51:180" name="HospitalizationWithObservation" libraryName="Global" xsi:type="FunctionRef">
                        <operand localId="46" locator="51:161-51:178" name="InpatientEncounter" xsi:type="AliasRef"/>
                     </operand>
                  </operand>
                  <operand localId="67" locator="52:13-55:9" xsi:type="Not">
                     <operand localId="66" locator="52:17-55:9" xsi:type="Exists">
                        <operand localId="65" locator="52:24-55:9" xsi:type="Query">
                           <source localId="50" locator="52:26-52:79" alias="EncounterLocation">
                              <expression localId="49" locator="52:26-52:61" path="facilityLocations" scope="InpatientEncounter" xsi:type="Property"/>
                           </source>
                           <where localId="64" locator="53:13-54:152" xsi:type="And">
                              <operand localId="54" locator="53:19-53:65" xsi:type="Equivalent">
                                 <operand localId="52" locator="53:19-53:40" path="code" scope="EncounterLocation" xsi:type="Property"/>
                                 <operand localId="53" locator="53:44-53:65" name="Operating Room/Suite" xsi:type="CodeRef"/>
                              </operand>
                              <operand localId="63" locator="54:19-54:152" xsi:type="In">
                                 <operand locator="54:107-54:112" xsi:type="Start">
                                    <operand localId="60" locator="54:19-54:105" name="NormalizeInterval" libraryName="Global" xsi:type="FunctionRef">
                                       <operand localId="57" locator="54:48-54:75" path="relevantDatetime" scope="OpioidGiven" xsi:type="Property"/>
                                       <operand localId="59" locator="54:78-54:103" path="relevantPeriod" scope="OpioidGiven" xsi:type="Property"/>
                                    </operand>
                                 </operand>
                                 <operand localId="62" locator="54:121-54:152" path="locationPeriod" scope="EncounterLocation" xsi:type="Property"/>
                              </operand>
                           </where>
                        </operand>
                     </operand>
                  </operand>
               </suchThat>
            </relationship>
         </expression>
      </def>
      <def localId="73" locator="27:1-28:66" name="Initial Population" context="Patient" accessLevel="Public">
         <annotation xsi:type="a:Annotation">
            <a:s r="73">
               <a:s>define &quot;Initial Population&quot;:
  </a:s>
               <a:s r="72">
                  <a:s>&quot;Encounter with Opioid Administration Outside of Operating Room&quot;</a:s>
               </a:s>
            </a:s>
         </annotation>
         <expression localId="72" locator="28:3-28:66" name="Encounter with Opioid Administration Outside of Operating Room" xsi:type="ExpressionRef"/>
      </def>
      <def localId="75" locator="24:1-25:22" name="Denominator" context="Patient" accessLevel="Public">
         <annotation xsi:type="a:Annotation">
            <a:s r="75">
               <a:s>define &quot;Denominator&quot;:
  </a:s>
               <a:s r="74">
                  <a:s>&quot;Initial Population&quot;</a:s>
               </a:s>
            </a:s>
         </annotation>
         <expression localId="74" locator="25:3-25:22" name="Initial Population" xsi:type="ExpressionRef"/>
      </def>
      <def localId="147" locator="57:1-72:37" name="Encounter with Non Enteral Opioid Antagonist Administration Outside of Operating Room and within 12 Hrs After Opioid" context="Patient" accessLevel="Public">
         <annotation xsi:type="a:Annotation">
            <a:s r="147">
               <a:s>define &quot;Encounter with Non Enteral Opioid Antagonist Administration Outside of Operating Room and within 12 Hrs After Opioid&quot;:
  // Opioids administered before opioid antagonist AND excludes opioid antagonist administered in operating room AND limits opioid antagonist to non-enteral routes
  </a:s>
               <a:s r="146">
                  <a:s>
                     <a:s>from
    </a:s>
                     <a:s r="77">
                        <a:s r="76">
                           <a:s r="76">
                              <a:s>[&quot;Medication, Administered&quot;: </a:s>
                              <a:s>
                                 <a:s>&quot;Opioid Antagonist&quot;</a:s>
                              </a:s>
                              <a:s>]</a:s>
                           </a:s>
                        </a:s>
                        <a:s> OpioidAntagonistGiven</a:s>
                     </a:s>
                     <a:s>,
    </a:s>
                     <a:s r="79">
                        <a:s r="78">
                           <a:s>
                              <a:s>&quot;Opioid Administration&quot;</a:s>
                           </a:s>
                        </a:s>
                        <a:s> OpioidGiven</a:s>
                     </a:s>
                     <a:s>,
    </a:s>
                     <a:s r="81">
                        <a:s r="80">
                           <a:s>
                              <a:s>&quot;Denominator&quot;</a:s>
                           </a:s>
                        </a:s>
                        <a:s> EncounterWithQualifyingAge</a:s>
                     </a:s>
                  </a:s>
                  <a:s>
    </a:s>
                  <a:s r="143">
                     <a:s>where </a:s>
                     <a:s r="143">
                        <a:s r="100">
                           <a:s>not </a:s>
                           <a:s r="99">
                              <a:s>exists </a:s>
                              <a:s r="98">
                                 <a:s>( </a:s>
                                 <a:s r="98">
                                    <a:s>
                                       <a:s r="83">
                                          <a:s r="82">
                                             <a:s>
                                                <a:s>EncounterWithQualifyingAge.facilityLocations</a:s>
                                             </a:s>
                                          </a:s>
                                          <a:s> EncounterLocation</a:s>
                                       </a:s>
                                    </a:s>
                                    <a:s>
        </a:s>
                                    <a:s r="97">
                                       <a:s>where </a:s>
                                       <a:s r="97">
                                          <a:s r="87">
                                             <a:s r="85">
                                                <a:s r="84">
                                                   <a:s>EncounterLocation</a:s>
                                                </a:s>
                                                <a:s>.</a:s>
                                                <a:s r="85">
                                                   <a:s>code</a:s>
                                                </a:s>
                                             </a:s>
                                             <a:s> ~ </a:s>
                                             <a:s r="86">
                                                <a:s>&quot;Operating Room/Suite&quot;</a:s>
                                             </a:s>
                                          </a:s>
                                          <a:s>
          and </a:s>
                                          <a:s r="96">
                                             <a:s r="93">
                                                <a:s r="88">
                                                   <a:s>Global</a:s>
                                                </a:s>
                                                <a:s>.</a:s>
                                                <a:s r="93">
                                                   <a:s>&quot;NormalizeInterval&quot; ( </a:s>
                                                   <a:s r="90">
                                                      <a:s r="89">
                                                         <a:s>OpioidAntagonistGiven</a:s>
                                                      </a:s>
                                                      <a:s>.</a:s>
                                                      <a:s r="90">
                                                         <a:s>relevantDatetime</a:s>
                                                      </a:s>
                                                   </a:s>
                                                   <a:s>, </a:s>
                                                   <a:s r="92">
                                                      <a:s r="91">
                                                         <a:s>OpioidAntagonistGiven</a:s>
                                                      </a:s>
                                                      <a:s>.</a:s>
                                                      <a:s r="92">
                                                         <a:s>relevantPeriod</a:s>
                                                      </a:s>
                                                   </a:s>
                                                   <a:s> )</a:s>
                                                </a:s>
                                             </a:s>
                                             <a:s r="96"> starts during </a:s>
                                             <a:s r="95">
                                                <a:s r="94">
                                                   <a:s>EncounterLocation</a:s>
                                                </a:s>
                                                <a:s>.</a:s>
                                                <a:s r="95">
                                                   <a:s>locationPeriod</a:s>
                                                </a:s>
                                             </a:s>
                                          </a:s>
                                       </a:s>
                                    </a:s>
                                 </a:s>
                                 <a:s>
    )</a:s>
                              </a:s>
                           </a:s>
                        </a:s>
                        <a:s>
      and </a:s>
                        <a:s r="142">
                           <a:s>( </a:s>
                           <a:s r="142">
                              <a:s r="137">
                                 <a:s r="121">
                                    <a:s r="110">
                                       <a:s r="106">
                                          <a:s r="101">
                                             <a:s>Global</a:s>
                                          </a:s>
                                          <a:s>.</a:s>
                                          <a:s r="106">
                                             <a:s>&quot;NormalizeInterval&quot; ( </a:s>
                                             <a:s r="103">
                                                <a:s r="102">
                                                   <a:s>OpioidAntagonistGiven</a:s>
                                                </a:s>
                                                <a:s>.</a:s>
                                                <a:s r="103">
                                                   <a:s>relevantDatetime</a:s>
                                                </a:s>
                                             </a:s>
                                             <a:s>, </a:s>
                                             <a:s r="105">
                                                <a:s r="104">
                                                   <a:s>OpioidAntagonistGiven</a:s>
                                                </a:s>
                                                <a:s>.</a:s>
                                                <a:s r="105">
                                                   <a:s>relevantPeriod</a:s>
                                                </a:s>
                                             </a:s>
                                             <a:s> )</a:s>
                                          </a:s>
                                       </a:s>
                                       <a:s r="110"> starts during </a:s>
                                       <a:s r="109">
                                          <a:s r="107">
                                             <a:s>Global</a:s>
                                          </a:s>
                                          <a:s>.</a:s>
                                          <a:s r="109">
                                             <a:s>&quot;HospitalizationWithObservation&quot; ( </a:s>
                                             <a:s r="108">
                                                <a:s>EncounterWithQualifyingAge</a:s>
                                             </a:s>
                                             <a:s> )</a:s>
                                          </a:s>
                                       </a:s>
                                    </a:s>
                                    <a:s>
          and </a:s>
                                    <a:s r="120">
                                       <a:s r="116">
                                          <a:s r="111">
                                             <a:s>Global</a:s>
                                          </a:s>
                                          <a:s>.</a:s>
                                          <a:s r="116">
                                             <a:s>&quot;NormalizeInterval&quot; ( </a:s>
                                             <a:s r="113">
                                                <a:s r="112">
                                                   <a:s>OpioidGiven</a:s>
                                                </a:s>
                                                <a:s>.</a:s>
                                                <a:s r="113">
                                                   <a:s>relevantDatetime</a:s>
                                                </a:s>
                                             </a:s>
                                             <a:s>, </a:s>
                                             <a:s r="115">
                                                <a:s r="114">
                                                   <a:s>OpioidGiven</a:s>
                                                </a:s>
                                                <a:s>.</a:s>
                                                <a:s r="115">
                                                   <a:s>relevantPeriod</a:s>
                                                </a:s>
                                             </a:s>
                                             <a:s> )</a:s>
                                          </a:s>
                                       </a:s>
                                       <a:s r="120"> starts during </a:s>
                                       <a:s r="119">
                                          <a:s r="117">
                                             <a:s>Global</a:s>
                                          </a:s>
                                          <a:s>.</a:s>
                                          <a:s r="119">
                                             <a:s>&quot;HospitalizationWithObservation&quot; ( </a:s>
                                             <a:s r="118">
                                                <a:s>EncounterWithQualifyingAge</a:s>
                                             </a:s>
                                             <a:s> )</a:s>
                                          </a:s>
                                       </a:s>
                                    </a:s>
                                 </a:s>
                                 <a:s>
          and </a:s>
                                 <a:s r="136">
                                    <a:s r="127">
                                       <a:s r="122">
                                          <a:s>Global</a:s>
                                       </a:s>
                                       <a:s>.</a:s>
                                       <a:s r="127">
                                          <a:s>&quot;NormalizeInterval&quot; ( </a:s>
                                          <a:s r="124">
                                             <a:s r="123">
                                                <a:s>OpioidGiven</a:s>
                                             </a:s>
                                             <a:s>.</a:s>
                                             <a:s r="124">
                                                <a:s>relevantDatetime</a:s>
                                             </a:s>
                                          </a:s>
                                          <a:s>, </a:s>
                                          <a:s r="126">
                                             <a:s r="125">
                                                <a:s>OpioidGiven</a:s>
                                             </a:s>
                                             <a:s>.</a:s>
                                             <a:s r="126">
                                                <a:s>relevantPeriod</a:s>
                                             </a:s>
                                          </a:s>
                                          <a:s> )</a:s>
                                       </a:s>
                                    </a:s>
                                    <a:s> </a:s>
                                    <a:s r="136">
                                       <a:s>ends </a:s>
                                       <a:s r="135">
                                          <a:s>12 hours</a:s>
                                       </a:s>
                                       <a:s> or less before</a:s>
                                    </a:s>
                                    <a:s> </a:s>
                                    <a:s r="134">
                                       <a:s>start of </a:s>
                                       <a:s r="133">
                                          <a:s r="128">
                                             <a:s>Global</a:s>
                                          </a:s>
                                          <a:s>.</a:s>
                                          <a:s r="133">
                                             <a:s>&quot;NormalizeInterval&quot; ( </a:s>
                                             <a:s r="130">
                                                <a:s r="129">
                                                   <a:s>OpioidAntagonistGiven</a:s>
                                                </a:s>
                                                <a:s>.</a:s>
                                                <a:s r="130">
                                                   <a:s>relevantDatetime</a:s>
                                                </a:s>
                                             </a:s>
                                             <a:s>, </a:s>
                                             <a:s r="132">
                                                <a:s r="131">
                                                   <a:s>OpioidAntagonistGiven</a:s>
                                                </a:s>
                                                <a:s>.</a:s>
                                                <a:s r="132">
                                                   <a:s>relevantPeriod</a:s>
                                                </a:s>
                                             </a:s>
                                             <a:s> )</a:s>
                                          </a:s>
                                       </a:s>
                                    </a:s>
                                 </a:s>
                              </a:s>
                              <a:s>
          and </a:s>
                              <a:s r="141">
                                 <a:s r="139">
                                    <a:s r="138">
                                       <a:s>OpioidAntagonistGiven</a:s>
                                    </a:s>
                                    <a:s>.</a:s>
                                    <a:s r="139">
                                       <a:s>route</a:s>
                                    </a:s>
                                 </a:s>
                                 <a:s> in </a:s>
                                 <a:s r="140">
                                    <a:s>&quot;Routes of Administration for Opioid Antagonists&quot;</a:s>
                                 </a:s>
                              </a:s>
                           </a:s>
                           <a:s>
      )</a:s>
                        </a:s>
                     </a:s>
                  </a:s>
                  <a:s>
    </a:s>
                  <a:s r="145">
                     <a:s>return </a:s>
                     <a:s r="144">
                        <a:s>EncounterWithQualifyingAge</a:s>
                     </a:s>
                  </a:s>
               </a:s>
            </a:s>
         </annotation>
         <expression localId="146" locator="59:3-72:37" xsi:type="Query">
            <source localId="77" locator="60:5-60:75" alias="OpioidAntagonistGiven">
               <expression localId="76" locator="60:5-60:53" xmlns:ns3="urn:healthit-gov:qdm:v5_6" dataType="ns3:PositiveMedicationAdministered" templateId="PositiveMedicationAdministered" codeProperty="code" codeComparator="in" xsi:type="Retrieve">
                  <codes locator="60:34-60:52" name="Opioid Antagonist" xsi:type="ValueSetRef"/>
               </expression>
            </source>
            <source localId="79" locator="61:5-61:39" alias="OpioidGiven">
               <expression localId="78" locator="61:5-61:27" name="Opioid Administration" xsi:type="ExpressionRef"/>
            </source>
            <source localId="81" locator="62:5-62:44" alias="EncounterWithQualifyingAge">
               <expression localId="80" locator="62:5-62:17" name="Denominator" xsi:type="ExpressionRef"/>
            </source>
            <where localId="143" locator="63:5-71:7" xsi:type="And">
               <operand localId="100" locator="63:11-66:5" xsi:type="Not">
                  <operand localId="99" locator="63:15-66:5" xsi:type="Exists">
                     <operand localId="98" locator="63:22-66:5" xsi:type="Query">
                        <source localId="83" locator="63:24-63:85" alias="EncounterLocation">
                           <expression localId="82" locator="63:24-63:67" path="facilityLocations" scope="EncounterWithQualifyingAge" xsi:type="Property"/>
                        </source>
                        <where localId="97" locator="64:9-65:168" xsi:type="And">
                           <operand localId="87" locator="64:15-64:61" xsi:type="Equivalent">
                              <operand localId="85" locator="64:15-64:36" path="code" scope="EncounterLocation" xsi:type="Property"/>
                              <operand localId="86" locator="64:40-64:61" name="Operating Room/Suite" xsi:type="CodeRef"/>
                           </operand>
                           <operand localId="96" locator="65:15-65:168" xsi:type="In">
                              <operand locator="65:123-65:128" xsi:type="Start">
                                 <operand localId="93" locator="65:15-65:121" name="NormalizeInterval" libraryName="Global" xsi:type="FunctionRef">
                                    <operand localId="90" locator="65:44-65:81" path="relevantDatetime" scope="OpioidAntagonistGiven" xsi:type="Property"/>
                                    <operand localId="92" locator="65:84-65:119" path="relevantPeriod" scope="OpioidAntagonistGiven" xsi:type="Property"/>
                                 </operand>
                              </operand>
                              <operand localId="95" locator="65:137-65:168" path="locationPeriod" scope="EncounterLocation" xsi:type="Property"/>
                           </operand>
                        </where>
                     </operand>
                  </operand>
               </operand>
               <operand localId="142" locator="67:11-71:7" xsi:type="And">
                  <operand localId="137" locator="67:13-69:247" xsi:type="And">
                     <operand localId="121" locator="67:13-68:186" xsi:type="And">
                        <operand localId="110" locator="67:13-67:204" xsi:type="In">
                           <operand locator="67:121-67:126" xsi:type="Start">
                              <operand localId="106" locator="67:13-67:119" name="NormalizeInterval" libraryName="Global" xsi:type="FunctionRef">
                                 <operand localId="103" locator="67:42-67:79" path="relevantDatetime" scope="OpioidAntagonistGiven" xsi:type="Property"/>
                                 <operand localId="105" locator="67:82-67:117" path="relevantPeriod" scope="OpioidAntagonistGiven" xsi:type="Property"/>
                              </operand>
                           </operand>
                           <operand localId="109" locator="67:135-67:204" name="HospitalizationWithObservation" libraryName="Global" xsi:type="FunctionRef">
                              <operand localId="108" locator="67:177-67:202" name="EncounterWithQualifyingAge" xsi:type="AliasRef"/>
                           </operand>
                        </operand>
                        <operand localId="120" locator="68:15-68:186" xsi:type="In">
                           <operand locator="68:103-68:108" xsi:type="Start">
                              <operand localId="116" locator="68:15-68:101" name="NormalizeInterval" libraryName="Global" xsi:type="FunctionRef">
                                 <operand localId="113" locator="68:44-68:71" path="relevantDatetime" scope="OpioidGiven" xsi:type="Property"/>
                                 <operand localId="115" locator="68:74-68:99" path="relevantPeriod" scope="OpioidGiven" xsi:type="Property"/>
                              </operand>
                           </operand>
                           <operand localId="119" locator="68:117-68:186" name="HospitalizationWithObservation" libraryName="Global" xsi:type="FunctionRef">
                              <operand localId="118" locator="68:159-68:184" name="EncounterWithQualifyingAge" xsi:type="AliasRef"/>
                           </operand>
                        </operand>
                     </operand>
                     <operand localId="136" locator="69:15-69:247" xsi:type="And">
                        <operand locator="69:108-69:123" xsi:type="In">
                           <operand locator="69:103-69:106" xsi:type="End">
                              <operand localId="127" locator="69:15-69:101" name="NormalizeInterval" libraryName="Global" xsi:type="FunctionRef">
                                 <operand localId="124" locator="69:44-69:71" path="relevantDatetime" scope="OpioidGiven" xsi:type="Property"/>
                                 <operand localId="126" locator="69:74-69:99" path="relevantPeriod" scope="OpioidGiven" xsi:type="Property"/>
                              </operand>
                           </operand>
                           <operand locator="69:108-69:123" lowClosed="true" highClosed="false" xsi:type="Interval">
                              <low locator="69:132-69:247" xsi:type="Subtract">
                                 <operand localId="134" locator="69:132-69:247" xsi:type="Start">
                                    <operand localId="133" locator="69:141-69:247" name="NormalizeInterval" libraryName="Global" xsi:type="FunctionRef">
                                       <operand localId="130" locator="69:170-69:207" path="relevantDatetime" scope="OpioidAntagonistGiven" xsi:type="Property"/>
                                       <operand localId="132" locator="69:210-69:245" path="relevantPeriod" scope="OpioidAntagonistGiven" xsi:type="Property"/>
                                    </operand>
                                 </operand>
                                 <operand localId="135" locator="69:108-69:115" value="12" unit="hours" xsi:type="Quantity"/>
                              </low>
                              <high localId="134" locator="69:132-69:247" xsi:type="Start">
                                 <operand localId="133" locator="69:141-69:247" name="NormalizeInterval" libraryName="Global" xsi:type="FunctionRef">
                                    <operand localId="130" locator="69:170-69:207" path="relevantDatetime" scope="OpioidAntagonistGiven" xsi:type="Property"/>
                                    <operand localId="132" locator="69:210-69:245" path="relevantPeriod" scope="OpioidAntagonistGiven" xsi:type="Property"/>
                                 </operand>
                              </high>
                           </operand>
                        </operand>
                        <operand locator="69:108-69:123" xsi:type="Not">
                           <operand locator="69:108-69:123" xsi:type="IsNull">
                              <operand localId="134" locator="69:132-69:247" xsi:type="Start">
                                 <operand localId="133" locator="69:141-69:247" name="NormalizeInterval" libraryName="Global" xsi:type="FunctionRef">
                                    <operand localId="130" locator="69:170-69:207" path="relevantDatetime" scope="OpioidAntagonistGiven" xsi:type="Property"/>
                                    <operand localId="132" locator="69:210-69:245" path="relevantPeriod" scope="OpioidAntagonistGiven" xsi:type="Property"/>
                                 </operand>
                              </operand>
                           </operand>
                        </operand>
                     </operand>
                  </operand>
                  <operand localId="141" locator="70:15-70:94" xsi:type="InValueSet">
                     <code localId="139" locator="70:15-70:41" path="route" scope="OpioidAntagonistGiven" xsi:type="Property"/>
                     <valueset localId="140" locator="70:46-70:94" name="Routes of Administration for Opioid Antagonists" xsi:type="ValueSetRef"/>
                  </operand>
               </operand>
            </where>
            <return localId="145" locator="72:5-72:37">
               <expression localId="144" locator="72:12-72:37" name="EncounterWithQualifyingAge" xsi:type="AliasRef"/>
            </return>
         </expression>
      </def>
      <def localId="149" locator="30:1-31:120" name="Numerator" context="Patient" accessLevel="Public">
         <annotation xsi:type="a:Annotation">
            <a:s r="149">
               <a:s>define &quot;Numerator&quot;:
  </a:s>
               <a:s r="148">
                  <a:s>&quot;Encounter with Non Enteral Opioid Antagonist Administration Outside of Operating Room and within 12 Hrs After Opioid&quot;</a:s>
               </a:s>
            </a:s>
         </annotation>
         <expression localId="148" locator="31:3-31:120" name="Encounter with Non Enteral Opioid Antagonist Administration Outside of Operating Room and within 12 Hrs After Opioid" xsi:type="ExpressionRef"/>
      </def>
      <def localId="151" locator="36:1-37:51" name="SDE Ethnicity" context="Patient" accessLevel="Public">
         <annotation xsi:type="a:Annotation">
            <a:s r="151">
               <a:s>define &quot;SDE Ethnicity&quot;:
  </a:s>
               <a:s r="150">
                  <a:s>[&quot;Patient Characteristic Ethnicity&quot;: </a:s>
                  <a:s>
                     <a:s>&quot;Ethnicity&quot;</a:s>
                  </a:s>
                  <a:s>]</a:s>
               </a:s>
            </a:s>
         </annotation>
         <expression localId="150" locator="37:3-37:51" xmlns:ns4="urn:healthit-gov:qdm:v5_6" dataType="ns4:PatientCharacteristicEthnicity" codeProperty="code" codeComparator="in" xsi:type="Retrieve">
            <codes locator="37:40-37:50" name="Ethnicity" xsi:type="ValueSetRef"/>
         </expression>
      </def>
      <def localId="153" locator="39:1-40:43" name="SDE Payer" context="Patient" accessLevel="Public">
         <annotation xsi:type="a:Annotation">
            <a:s r="153">
               <a:s>define &quot;SDE Payer&quot;:
  </a:s>
               <a:s r="152">
                  <a:s>[&quot;Patient Characteristic Payer&quot;: </a:s>
                  <a:s>
                     <a:s>&quot;Payer&quot;</a:s>
                  </a:s>
                  <a:s>]</a:s>
               </a:s>
            </a:s>
         </annotation>
         <expression localId="152" locator="40:3-40:43" xmlns:ns5="urn:healthit-gov:qdm:v5_6" dataType="ns5:PatientCharacteristicPayer" codeProperty="code" codeComparator="in" xsi:type="Retrieve">
            <codes locator="40:36-40:42" name="Payer" xsi:type="ValueSetRef"/>
         </expression>
      </def>
      <def localId="155" locator="42:1-43:41" name="SDE Race" context="Patient" accessLevel="Public">
         <annotation xsi:type="a:Annotation">
            <a:s r="155">
               <a:s>define &quot;SDE Race&quot;:
  </a:s>
               <a:s r="154">
                  <a:s>[&quot;Patient Characteristic Race&quot;: </a:s>
                  <a:s>
                     <a:s>&quot;Race&quot;</a:s>
                  </a:s>
                  <a:s>]</a:s>
               </a:s>
            </a:s>
         </annotation>
         <expression localId="154" locator="43:3-43:41" xmlns:ns6="urn:healthit-gov:qdm:v5_6" dataType="ns6:PatientCharacteristicRace" codeProperty="code" codeComparator="in" xsi:type="Retrieve">
            <codes locator="43:35-43:40" name="Race" xsi:type="ValueSetRef"/>
         </expression>
      </def>
      <def localId="157" locator="45:1-46:58" name="SDE Sex" context="Patient" accessLevel="Public">
         <annotation xsi:type="a:Annotation">
            <a:s r="157">
               <a:s>define &quot;SDE Sex&quot;:
  </a:s>
               <a:s r="156">
                  <a:s>[&quot;Patient Characteristic Sex&quot;: </a:s>
                  <a:s>
                     <a:s>&quot;ONC Administrative Sex&quot;</a:s>
                  </a:s>
                  <a:s>]</a:s>
               </a:s>
            </a:s>
         </annotation>
         <expression localId="156" locator="46:3-46:58" xmlns:ns7="urn:healthit-gov:qdm:v5_6" dataType="ns7:PatientCharacteristicSex" codeProperty="code" codeComparator="in" xsi:type="Retrieve">
            <codes locator="46:34-46:57" name="ONC Administrative Sex" xsi:type="ValueSetRef"/>
         </expression>
      </def>
   </statements>
</library>
