{
   "library" : {
      "localId" : "0",
      "annotation" : [ {
         "translatorVersion" : "3.14.0",
         "translatorOptions" : "EnableAnnotations,EnableLocators,EnableResultTypes,EnableDetailedErrors,DisableListDemotion,DisableListPromotion",
         "signatureLevel" : "None",
         "type" : "CqlToElmInfo"
      }, {
         "type" : "Annotation",
         "s" : {
            "r" : "226",
            "s" : [ {
               "value" : [ "","library AdultOutpatientEncountersQDM version '4.0.000'" ]
            } ]
         }
      } ],
      "identifier" : {
         "id" : "AdultOutpatientEncountersQDM",
         "version" : "4.0.000"
      },
      "schemaIdentifier" : {
         "id" : "urn:hl7-org:elm",
         "version" : "r1"
      },
      "usings" : {
         "def" : [ {
            "localId" : "1",
            "localIdentifier" : "System",
            "uri" : "urn:hl7-org:elm-types:r1"
         }, {
            "localId" : "206",
            "locator" : "3:1-3:23",
            "localIdentifier" : "QDM",
            "uri" : "urn:healthit-gov:qdm:v5_6",
            "version" : "5.6",
            "annotation" : [ {
               "type" : "Annotation",
               "s" : {
                  "r" : "206",
                  "s" : [ {
                     "value" : [ "","using " ]
                  }, {
                     "s" : [ {
                        "value" : [ "QDM" ]
                     } ]
                  }, {
                     "value" : [ " version '5.6'" ]
                  } ]
               }
            } ]
         } ]
      },
      "parameters" : {
         "def" : [ {
            "localId" : "214",
            "locator" : "13:1-13:49",
            "name" : "Measurement Period",
            "accessLevel" : "Public",
            "annotation" : [ {
               "type" : "Annotation",
               "s" : {
                  "r" : "214",
                  "s" : [ {
                     "value" : [ "","parameter ","\"Measurement Period\""," " ]
                  }, {
                     "r" : "215",
                     "s" : [ {
                        "value" : [ "Interval<" ]
                     }, {
                        "r" : "216",
                        "s" : [ {
                           "value" : [ "DateTime" ]
                        } ]
                     }, {
                        "value" : [ ">" ]
                     } ]
                  } ]
               }
            } ],
            "resultTypeSpecifier" : {
               "localId" : "219",
               "type" : "IntervalTypeSpecifier",
               "pointType" : {
                  "localId" : "220",
                  "name" : "{urn:hl7-org:elm-types:r1}DateTime",
                  "type" : "NamedTypeSpecifier"
               }
            },
            "parameterTypeSpecifier" : {
               "localId" : "215",
               "locator" : "13:32-13:49",
               "type" : "IntervalTypeSpecifier",
               "resultTypeSpecifier" : {
                  "localId" : "217",
                  "type" : "IntervalTypeSpecifier",
                  "pointType" : {
                     "localId" : "218",
                     "name" : "{urn:hl7-org:elm-types:r1}DateTime",
                     "type" : "NamedTypeSpecifier"
                  }
               },
               "pointType" : {
                  "localId" : "216",
                  "locator" : "13:41-13:48",
                  "resultTypeName" : "{urn:hl7-org:elm-types:r1}DateTime",
                  "name" : "{urn:hl7-org:elm-types:r1}DateTime",
                  "type" : "NamedTypeSpecifier"
               }
            }
         } ]
      },
      "valueSets" : {
         "def" : [ {
            "localId" : "207",
            "locator" : "5:1-5:74",
            "resultTypeName" : "{urn:hl7-org:elm-types:r1}ValueSet",
            "name" : "Annual Wellness Visit",
            "id" : "urn:oid:2.16.840.1.113883.3.526.3.1240",
            "accessLevel" : "Public",
            "annotation" : [ {
               "type" : "Annotation",
               "s" : {
                  "r" : "207",
                  "s" : [ {
                     "value" : [ "","valueset ","\"Annual Wellness Visit\"",": ","'urn:oid:2.16.840.1.113883.3.526.3.1240'" ]
                  } ]
               }
            } ],
            "codeSystem" : [ ]
         }, {
            "localId" : "208",
            "locator" : "6:1-6:87",
            "resultTypeName" : "{urn:hl7-org:elm-types:r1}ValueSet",
            "name" : "Home Healthcare Services",
            "id" : "urn:oid:2.16.840.1.113883.3.464.1003.101.12.1016",
            "accessLevel" : "Public",
            "annotation" : [ {
               "type" : "Annotation",
               "s" : {
                  "r" : "208",
                  "s" : [ {
                     "value" : [ "","valueset ","\"Home Healthcare Services\"",": ","'urn:oid:2.16.840.1.113883.3.464.1003.101.12.1016'" ]
                  } ]
               }
            } ],
            "codeSystem" : [ ]
         }, {
            "localId" : "209",
            "locator" : "7:1-7:75",
            "resultTypeName" : "{urn:hl7-org:elm-types:r1}ValueSet",
            "name" : "Office Visit",
            "id" : "urn:oid:2.16.840.1.113883.3.464.1003.101.12.1001",
            "accessLevel" : "Public",
            "annotation" : [ {
               "type" : "Annotation",
               "s" : {
                  "r" : "209",
                  "s" : [ {
                     "value" : [ "","valueset ","\"Office Visit\"",": ","'urn:oid:2.16.840.1.113883.3.464.1003.101.12.1001'" ]
                  } ]
               }
            } ],
            "codeSystem" : [ ]
         }, {
            "localId" : "210",
            "locator" : "8:1-8:123",
            "resultTypeName" : "{urn:hl7-org:elm-types:r1}ValueSet",
            "name" : "Preventive Care Services Established Office Visit, 18 and Up",
            "id" : "urn:oid:2.16.840.1.113883.3.464.1003.101.12.1025",
            "accessLevel" : "Public",
            "annotation" : [ {
               "type" : "Annotation",
               "s" : {
                  "r" : "210",
                  "s" : [ {
                     "value" : [ "","valueset ","\"Preventive Care Services Established Office Visit, 18 and Up\"",": ","'urn:oid:2.16.840.1.113883.3.464.1003.101.12.1025'" ]
                  } ]
               }
            } ],
            "codeSystem" : [ ]
         }, {
            "localId" : "211",
            "locator" : "9:1-9:119",
            "resultTypeName" : "{urn:hl7-org:elm-types:r1}ValueSet",
            "name" : "Preventive Care Services Initial Office Visit, 18 and Up",
            "id" : "urn:oid:2.16.840.1.113883.3.464.1003.101.12.1023",
            "accessLevel" : "Public",
            "annotation" : [ {
               "type" : "Annotation",
               "s" : {
                  "r" : "211",
                  "s" : [ {
                     "value" : [ "","valueset ","\"Preventive Care Services Initial Office Visit, 18 and Up\"",": ","'urn:oid:2.16.840.1.113883.3.464.1003.101.12.1023'" ]
                  } ]
               }
            } ],
            "codeSystem" : [ ]
         }, {
            "localId" : "212",
            "locator" : "10:1-10:79",
            "resultTypeName" : "{urn:hl7-org:elm-types:r1}ValueSet",
            "name" : "Telephone Visits",
            "id" : "urn:oid:2.16.840.1.113883.3.464.1003.101.12.1080",
            "accessLevel" : "Public",
            "annotation" : [ {
               "type" : "Annotation",
               "s" : {
                  "r" : "212",
                  "s" : [ {
                     "value" : [ "","valueset ","\"Telephone Visits\"",": ","'urn:oid:2.16.840.1.113883.3.464.1003.101.12.1080'" ]
                  } ]
               }
            } ],
            "codeSystem" : [ ]
         }, {
            "localId" : "213",
            "locator" : "11:1-11:80",
            "resultTypeName" : "{urn:hl7-org:elm-types:r1}ValueSet",
            "name" : "Virtual Encounter",
            "id" : "urn:oid:2.16.840.1.113883.3.464.1003.101.12.1089",
            "accessLevel" : "Public",
            "annotation" : [ {
               "type" : "Annotation",
               "s" : {
                  "r" : "213",
                  "s" : [ {
                     "value" : [ "","valueset ","\"Virtual Encounter\"",": ","'urn:oid:2.16.840.1.113883.3.464.1003.101.12.1089'" ]
                  } ]
               }
            } ],
            "codeSystem" : [ ]
         } ]
      },
      "contexts" : {
         "def" : [ {
            "localId" : "224",
            "locator" : "15:1-15:15",
            "name" : "Patient"
         } ]
      },
      "statements" : {
         "def" : [ {
            "localId" : "222",
            "locator" : "15:1-15:15",
            "name" : "Patient",
            "context" : "Patient",
            "expression" : {
               "localId" : "223",
               "type" : "SingletonFrom",
               "signature" : [ ],
               "operand" : {
                  "localId" : "221",
                  "locator" : "15:1-15:15",
                  "dataType" : "{urn:healthit-gov:qdm:v5_6}Patient",
                  "templateId" : "Patient",
                  "type" : "Retrieve",
                  "include" : [ ],
                  "codeFilter" : [ ],
                  "dateFilter" : [ ],
                  "otherFilter" : [ ]
               }
            }
         }, {
            "localId" : "226",
            "locator" : "17:1-25:74",
            "name" : "Qualifying Encounters",
            "context" : "Patient",
            "accessLevel" : "Public",
            "annotation" : [ {
               "type" : "Annotation",
               "s" : {
                  "r" : "226",
                  "s" : [ {
                     "value" : [ "","define ","\"Qualifying Encounters\"",":\n  " ]
                  }, {
                     "r" : "305",
                     "s" : [ {
                        "s" : [ {
                           "r" : "227",
                           "s" : [ {
                              "r" : "287",
                              "s" : [ {
                                 "value" : [ "( " ]
                              }, {
                                 "r" : "287",
                                 "s" : [ {
                                    "r" : "278",
                                    "s" : [ {
                                       "r" : "268",
                                       "s" : [ {
                                          "r" : "259",
                                          "s" : [ {
                                             "r" : "249",
                                             "s" : [ {
                                                "r" : "240",
                                                "s" : [ {
                                                   "r" : "230",
                                                   "s" : [ {
                                                      "value" : [ "[","\"Encounter, Performed\"",": " ]
                                                   }, {
                                                      "s" : [ {
                                                         "value" : [ "\"Office Visit\"" ]
                                                      } ]
                                                   }, {
                                                      "value" : [ "]" ]
                                                   } ]
                                                }, {
                                                   "value" : [ "\n    union " ]
                                                }, {
                                                   "r" : "236",
                                                   "s" : [ {
                                                      "value" : [ "[","\"Encounter, Performed\"",": " ]
                                                   }, {
                                                      "s" : [ {
                                                         "value" : [ "\"Annual Wellness Visit\"" ]
                                                      } ]
                                                   }, {
                                                      "value" : [ "]" ]
                                                   } ]
                                                } ]
                                             }, {
                                                "value" : [ "\n    union " ]
                                             }, {
                                                "r" : "245",
                                                "s" : [ {
                                                   "value" : [ "[","\"Encounter, Performed\"",": " ]
                                                }, {
                                                   "s" : [ {
                                                      "value" : [ "\"Preventive Care Services Established Office Visit, 18 and Up\"" ]
                                                   } ]
                                                }, {
                                                   "value" : [ "]" ]
                                                } ]
                                             } ]
                                          }, {
                                             "value" : [ "\n    union " ]
                                          }, {
                                             "r" : "254",
                                             "s" : [ {
                                                "value" : [ "[","\"Encounter, Performed\"",": " ]
                                             }, {
                                                "s" : [ {
                                                   "value" : [ "\"Preventive Care Services Initial Office Visit, 18 and Up\"" ]
                                                } ]
                                             }, {
                                                "value" : [ "]" ]
                                             } ]
                                          } ]
                                       }, {
                                          "value" : [ "\n    union " ]
                                       }, {
                                          "r" : "264",
                                          "s" : [ {
                                             "value" : [ "[","\"Encounter, Performed\"",": " ]
                                          }, {
                                             "s" : [ {
                                                "value" : [ "\"Home Healthcare Services\"" ]
                                             } ]
                                          }, {
                                             "value" : [ "]" ]
                                          } ]
                                       } ]
                                    }, {
                                       "value" : [ "\n    union " ]
                                    }, {
                                       "r" : "273",
                                       "s" : [ {
                                          "value" : [ "[","\"Encounter, Performed\"",": " ]
                                       }, {
                                          "s" : [ {
                                             "value" : [ "\"Virtual Encounter\"" ]
                                          } ]
                                       }, {
                                          "value" : [ "]" ]
                                       } ]
                                    } ]
                                 }, {
                                    "value" : [ "\n    union " ]
                                 }, {
                                    "r" : "283",
                                    "s" : [ {
                                       "value" : [ "[","\"Encounter, Performed\"",": " ]
                                    }, {
                                       "s" : [ {
                                          "value" : [ "\"Telephone Visits\"" ]
                                       } ]
                                    }, {
                                       "value" : [ "]" ]
                                    } ]
                                 } ]
                              }, {
                                 "value" : [ " )" ]
                              } ]
                           }, {
                              "value" : [ " ","ValidEncounter" ]
                           } ]
                        } ]
                     }, {
                        "value" : [ "\n    " ]
                     }, {
                        "r" : "303",
                        "s" : [ {
                           "value" : [ "where " ]
                        }, {
                           "r" : "303",
                           "s" : [ {
                              "r" : "295",
                              "s" : [ {
                                 "r" : "294",
                                 "s" : [ {
                                    "value" : [ "ValidEncounter" ]
                                 } ]
                              }, {
                                 "value" : [ "." ]
                              }, {
                                 "r" : "295",
                                 "s" : [ {
                                    "value" : [ "relevantPeriod" ]
                                 } ]
                              } ]
                           }, {
                              "r" : "303",
                              "value" : [ " ","during day of"," " ]
                           }, {
                              "r" : "300",
                              "s" : [ {
                                 "value" : [ "\"Measurement Period\"" ]
                              } ]
                           } ]
                        } ]
                     } ]
                  } ]
               }
            } ],
            "resultTypeSpecifier" : {
               "localId" : "308",
               "type" : "ListTypeSpecifier",
               "elementType" : {
                  "localId" : "309",
                  "name" : "{urn:healthit-gov:qdm:v5_6}PositiveEncounterPerformed",
                  "type" : "NamedTypeSpecifier"
               }
            },
            "expression" : {
               "localId" : "305",
               "locator" : "18:3-25:74",
               "type" : "Query",
               "resultTypeSpecifier" : {
                  "localId" : "306",
                  "type" : "ListTypeSpecifier",
                  "elementType" : {
                     "localId" : "307",
                     "name" : "{urn:healthit-gov:qdm:v5_6}PositiveEncounterPerformed",
                     "type" : "NamedTypeSpecifier"
                  }
               },
               "source" : [ {
                  "localId" : "227",
                  "locator" : "18:3-24:71",
                  "alias" : "ValidEncounter",
                  "resultTypeSpecifier" : {
                     "localId" : "292",
                     "type" : "ListTypeSpecifier",
                     "elementType" : {
                        "localId" : "293",
                        "name" : "{urn:healthit-gov:qdm:v5_6}PositiveEncounterPerformed",
                        "type" : "NamedTypeSpecifier"
                     }
                  },
                  "expression" : {
                     "localId" : "287",
                     "locator" : "18:3-24:56",
                     "type" : "Union",
                     "resultTypeSpecifier" : {
                        "localId" : "290",
                        "type" : "ListTypeSpecifier",
                        "elementType" : {
                           "localId" : "291",
                           "name" : "{urn:healthit-gov:qdm:v5_6}PositiveEncounterPerformed",
                           "type" : "NamedTypeSpecifier"
                        }
                     },
                     "signature" : [ ],
                     "operand" : [ {
                        "localId" : "278",
                        "locator" : "18:5-23:55",
                        "type" : "Union",
                        "resultTypeSpecifier" : {
                           "localId" : "279",
                           "type" : "ListTypeSpecifier",
                           "elementType" : {
                              "localId" : "280",
                              "name" : "{urn:healthit-gov:qdm:v5_6}PositiveEncounterPerformed",
                              "type" : "NamedTypeSpecifier"
                           }
                        },
                        "signature" : [ ],
                        "operand" : [ {
                           "localId" : "259",
                           "locator" : "18:5-21:94",
                           "type" : "Union",
                           "resultTypeSpecifier" : {
                              "localId" : "260",
                              "type" : "ListTypeSpecifier",
                              "elementType" : {
                                 "localId" : "261",
                                 "name" : "{urn:healthit-gov:qdm:v5_6}PositiveEncounterPerformed",
                                 "type" : "NamedTypeSpecifier"
                              }
                           },
                           "signature" : [ ],
                           "operand" : [ {
                              "localId" : "240",
                              "locator" : "18:5-19:59",
                              "type" : "Union",
                              "resultTypeSpecifier" : {
                                 "localId" : "241",
                                 "type" : "ListTypeSpecifier",
                                 "elementType" : {
                                    "localId" : "242",
                                    "name" : "{urn:healthit-gov:qdm:v5_6}PositiveEncounterPerformed",
                                    "type" : "NamedTypeSpecifier"
                                 }
                              },
                              "signature" : [ ],
                              "operand" : [ {
                                 "localId" : "230",
                                 "locator" : "18:5-18:44",
                                 "dataType" : "{urn:healthit-gov:qdm:v5_6}PositiveEncounterPerformed",
                                 "templateId" : "PositiveEncounterPerformed",
                                 "codeProperty" : "code",
                                 "codeComparator" : "in",
                                 "type" : "Retrieve",
                                 "resultTypeSpecifier" : {
                                    "localId" : "232",
                                    "type" : "ListTypeSpecifier",
                                    "elementType" : {
                                       "localId" : "233",
                                       "name" : "{urn:healthit-gov:qdm:v5_6}PositiveEncounterPerformed",
                                       "type" : "NamedTypeSpecifier"
                                    }
                                 },
                                 "codes" : {
                                    "localId" : "229",
                                    "locator" : "18:30-18:43",
                                    "resultTypeName" : "{urn:hl7-org:elm-types:r1}ValueSet",
                                    "name" : "Office Visit",
                                    "preserve" : true,
                                    "type" : "ValueSetRef"
                                 },
                                 "include" : [ ],
                                 "codeFilter" : [ ],
                                 "dateFilter" : [ ],
                                 "otherFilter" : [ ]
                              }, {
                                 "localId" : "236",
                                 "locator" : "19:11-19:59",
                                 "dataType" : "{urn:healthit-gov:qdm:v5_6}PositiveEncounterPerformed",
                                 "templateId" : "PositiveEncounterPerformed",
                                 "codeProperty" : "code",
                                 "codeComparator" : "in",
                                 "type" : "Retrieve",
                                 "resultTypeSpecifier" : {
                                    "localId" : "238",
                                    "type" : "ListTypeSpecifier",
                                    "elementType" : {
                                       "localId" : "239",
                                       "name" : "{urn:healthit-gov:qdm:v5_6}PositiveEncounterPerformed",
                                       "type" : "NamedTypeSpecifier"
                                    }
                                 },
                                 "codes" : {
                                    "localId" : "235",
                                    "locator" : "19:36-19:58",
                                    "resultTypeName" : "{urn:hl7-org:elm-types:r1}ValueSet",
                                    "name" : "Annual Wellness Visit",
                                    "preserve" : true,
                                    "type" : "ValueSetRef"
                                 },
                                 "include" : [ ],
                                 "codeFilter" : [ ],
                                 "dateFilter" : [ ],
                                 "otherFilter" : [ ]
                              } ]
                           }, {
                              "localId" : "258",
                              "type" : "Union",
                              "signature" : [ ],
                              "operand" : [ {
                                 "localId" : "245",
                                 "locator" : "20:11-20:98",
                                 "dataType" : "{urn:healthit-gov:qdm:v5_6}PositiveEncounterPerformed",
                                 "templateId" : "PositiveEncounterPerformed",
                                 "codeProperty" : "code",
                                 "codeComparator" : "in",
                                 "type" : "Retrieve",
                                 "resultTypeSpecifier" : {
                                    "localId" : "247",
                                    "type" : "ListTypeSpecifier",
                                    "elementType" : {
                                       "localId" : "248",
                                       "name" : "{urn:healthit-gov:qdm:v5_6}PositiveEncounterPerformed",
                                       "type" : "NamedTypeSpecifier"
                                    }
                                 },
                                 "codes" : {
                                    "localId" : "244",
                                    "locator" : "20:36-20:97",
                                    "resultTypeName" : "{urn:hl7-org:elm-types:r1}ValueSet",
                                    "name" : "Preventive Care Services Established Office Visit, 18 and Up",
                                    "preserve" : true,
                                    "type" : "ValueSetRef"
                                 },
                                 "include" : [ ],
                                 "codeFilter" : [ ],
                                 "dateFilter" : [ ],
                                 "otherFilter" : [ ]
                              }, {
                                 "localId" : "254",
                                 "locator" : "21:11-21:94",
                                 "dataType" : "{urn:healthit-gov:qdm:v5_6}PositiveEncounterPerformed",
                                 "templateId" : "PositiveEncounterPerformed",
                                 "codeProperty" : "code",
                                 "codeComparator" : "in",
                                 "type" : "Retrieve",
                                 "resultTypeSpecifier" : {
                                    "localId" : "256",
                                    "type" : "ListTypeSpecifier",
                                    "elementType" : {
                                       "localId" : "257",
                                       "name" : "{urn:healthit-gov:qdm:v5_6}PositiveEncounterPerformed",
                                       "type" : "NamedTypeSpecifier"
                                    }
                                 },
                                 "codes" : {
                                    "localId" : "253",
                                    "locator" : "21:36-21:93",
                                    "resultTypeName" : "{urn:hl7-org:elm-types:r1}ValueSet",
                                    "name" : "Preventive Care Services Initial Office Visit, 18 and Up",
                                    "preserve" : true,
                                    "type" : "ValueSetRef"
                                 },
                                 "include" : [ ],
                                 "codeFilter" : [ ],
                                 "dateFilter" : [ ],
                                 "otherFilter" : [ ]
                              } ]
                           } ]
                        }, {
                           "localId" : "277",
                           "type" : "Union",
                           "signature" : [ ],
                           "operand" : [ {
                              "localId" : "264",
                              "locator" : "22:11-22:62",
                              "dataType" : "{urn:healthit-gov:qdm:v5_6}PositiveEncounterPerformed",
                              "templateId" : "PositiveEncounterPerformed",
                              "codeProperty" : "code",
                              "codeComparator" : "in",
                              "type" : "Retrieve",
                              "resultTypeSpecifier" : {
                                 "localId" : "266",
                                 "type" : "ListTypeSpecifier",
                                 "elementType" : {
                                    "localId" : "267",
                                    "name" : "{urn:healthit-gov:qdm:v5_6}PositiveEncounterPerformed",
                                    "type" : "NamedTypeSpecifier"
                                 }
                              },
                              "codes" : {
                                 "localId" : "263",
                                 "locator" : "22:36-22:61",
                                 "resultTypeName" : "{urn:hl7-org:elm-types:r1}ValueSet",
                                 "name" : "Home Healthcare Services",
                                 "preserve" : true,
                                 "type" : "ValueSetRef"
                              },
                              "include" : [ ],
                              "codeFilter" : [ ],
                              "dateFilter" : [ ],
                              "otherFilter" : [ ]
                           }, {
                              "localId" : "273",
                              "locator" : "23:11-23:55",
                              "dataType" : "{urn:healthit-gov:qdm:v5_6}PositiveEncounterPerformed",
                              "templateId" : "PositiveEncounterPerformed",
                              "codeProperty" : "code",
                              "codeComparator" : "in",
                              "type" : "Retrieve",
                              "resultTypeSpecifier" : {
                                 "localId" : "275",
                                 "type" : "ListTypeSpecifier",
                                 "elementType" : {
                                    "localId" : "276",
                                    "name" : "{urn:healthit-gov:qdm:v5_6}PositiveEncounterPerformed",
                                    "type" : "NamedTypeSpecifier"
                                 }
                              },
                              "codes" : {
                                 "localId" : "272",
                                 "locator" : "23:36-23:54",
                                 "resultTypeName" : "{urn:hl7-org:elm-types:r1}ValueSet",
                                 "name" : "Virtual Encounter",
                                 "preserve" : true,
                                 "type" : "ValueSetRef"
                              },
                              "include" : [ ],
                              "codeFilter" : [ ],
                              "dateFilter" : [ ],
                              "otherFilter" : [ ]
                           } ]
                        } ]
                     }, {
                        "localId" : "283",
                        "locator" : "24:11-24:54",
                        "dataType" : "{urn:healthit-gov:qdm:v5_6}PositiveEncounterPerformed",
                        "templateId" : "PositiveEncounterPerformed",
                        "codeProperty" : "code",
                        "codeComparator" : "in",
                        "type" : "Retrieve",
                        "resultTypeSpecifier" : {
                           "localId" : "285",
                           "type" : "ListTypeSpecifier",
                           "elementType" : {
                              "localId" : "286",
                              "name" : "{urn:healthit-gov:qdm:v5_6}PositiveEncounterPerformed",
                              "type" : "NamedTypeSpecifier"
                           }
                        },
                        "codes" : {
                           "localId" : "282",
                           "locator" : "24:36-24:53",
                           "resultTypeName" : "{urn:hl7-org:elm-types:r1}ValueSet",
                           "name" : "Telephone Visits",
                           "preserve" : true,
                           "type" : "ValueSetRef"
                        },
                        "include" : [ ],
                        "codeFilter" : [ ],
                        "dateFilter" : [ ],
                        "otherFilter" : [ ]
                     } ]
                  }
               } ],
               "let" : [ ],
               "relationship" : [ ],
               "where" : {
                  "localId" : "303",
                  "locator" : "25:5-25:74",
                  "resultTypeName" : "{urn:hl7-org:elm-types:r1}Boolean",
                  "precision" : "Day",
                  "type" : "IncludedIn",
                  "signature" : [ ],
                  "operand" : [ {
                     "localId" : "295",
                     "locator" : "25:11-25:39",
                     "path" : "relevantPeriod",
                     "scope" : "ValidEncounter",
                     "type" : "Property",
                     "resultTypeSpecifier" : {
                        "localId" : "298",
                        "type" : "IntervalTypeSpecifier",
                        "pointType" : {
                           "localId" : "299",
                           "name" : "{urn:hl7-org:elm-types:r1}DateTime",
                           "type" : "NamedTypeSpecifier"
                        }
                     }
                  }, {
                     "localId" : "300",
                     "locator" : "25:55-25:74",
                     "name" : "Measurement Period",
                     "type" : "ParameterRef",
                     "resultTypeSpecifier" : {
                        "localId" : "301",
                        "type" : "IntervalTypeSpecifier",
                        "pointType" : {
                           "localId" : "302",
                           "name" : "{urn:hl7-org:elm-types:r1}DateTime",
                           "type" : "NamedTypeSpecifier"
                        }
                     }
                  } ]
               }
            }
         } ]
      }
   }
}