<?xml version="1.0" encoding="UTF-8"?>
<library xmlns="urn:hl7-org:elm:r1" xmlns:t="urn:hl7-org:elm-types:r1" xmlns:xsi="http://www.w3.org/2001/XMLSchema-instance" xmlns:xsd="http://www.w3.org/2001/XMLSchema" xmlns:fhir="http://hl7.org/fhir" xmlns:qdm43="urn:healthit-gov:qdm:v4_3" xmlns:qdm53="urn:healthit-gov:qdm:v5_3" xmlns:a="urn:hl7-org:cql-annotations:r1" localId="0">
   <annotation translatorVersion="3.14.0" translatorOptions="EnableAnnotations,EnableLocators,EnableResultTypes,EnableDetailedErrors,DisableListDemotion,DisableListPromotion" signatureLevel="None" xsi:type="a:CqlToElmInfo"/>
   <annotation xsi:type="a:Annotation">
      <a:s r="367">
         <a:s>library CMS130ColorectalCancerScreening version '14.0.000'</a:s>
      </a:s>
   </annotation>
   <identifier id="CMS130ColorectalCancerScreening" version="14.0.000"/>
   <schemaIdentifier id="urn:hl7-org:elm" version="r1"/>
   <usings>
      <def localId="1" localIdentifier="System" uri="urn:hl7-org:elm-types:r1"/>
      <def localId="206" locator="3:1-3:23" localIdentifier="QDM" uri="urn:healthit-gov:qdm:v5_6" version="5.6">
         <annotation xsi:type="a:Annotation">
            <a:s r="206">
               <a:s>using </a:s>
               <a:s>
                  <a:s>QDM</a:s>
               </a:s>
               <a:s> version '5.6'</a:s>
            </a:s>
         </annotation>
      </def>
   </usings>
   <includes>
      <def localId="207" locator="5:1-5:52" localIdentifier="Global" path="CQMCommonQDM" version="9.0.000">
         <annotation xsi:type="a:Annotation">
            <a:s r="207">
               <a:s>include </a:s>
               <a:s>
                  <a:s>CQMCommonQDM</a:s>
               </a:s>
               <a:s> version '9.0.000' called Global</a:s>
            </a:s>
         </annotation>
      </def>
      <def localId="208" locator="6:1-6:87" localIdentifier="AdultOutpatientEncounters" path="AdultOutpatientEncountersQDM" version="4.0.000">
         <annotation xsi:type="a:Annotation">
            <a:s r="208">
               <a:s>include </a:s>
               <a:s>
                  <a:s>AdultOutpatientEncountersQDM</a:s>
               </a:s>
               <a:s> version '4.0.000' called AdultOutpatientEncounters</a:s>
            </a:s>
         </annotation>
      </def>
      <def localId="209" locator="7:1-7:51" localIdentifier="Hospice" path="HospiceQDM" version="7.0.000">
         <annotation xsi:type="a:Annotation">
            <a:s r="209">
               <a:s>include </a:s>
               <a:s>
                  <a:s>HospiceQDM</a:s>
               </a:s>
               <a:s> version '7.0.000' called Hospice</a:s>
            </a:s>
         </annotation>
      </def>
      <def localId="210" locator="8:1-8:65" localIdentifier="PalliativeCare" path="PalliativeCareQDM" version="5.0.000">
         <annotation xsi:type="a:Annotation">
            <a:s r="210">
               <a:s>include </a:s>
               <a:s>
                  <a:s>PalliativeCareQDM</a:s>
               </a:s>
               <a:s> version '5.0.000' called PalliativeCare</a:s>
            </a:s>
         </annotation>
      </def>
      <def localId="211" locator="9:1-9:74" localIdentifier="AIFrailLTCF" path="AdvancedIllnessandFrailtyQDM" version="10.0.000">
         <annotation xsi:type="a:Annotation">
            <a:s r="211">
               <a:s>include </a:s>
               <a:s>
                  <a:s>AdvancedIllnessandFrailtyQDM</a:s>
               </a:s>
               <a:s> version '10.0.000' called AIFrailLTCF</a:s>
            </a:s>
         </annotation>
      </def>
   </includes>
   <parameters>
      <def localId="223" locator="23:1-23:49" name="Measurement Period" accessLevel="Public">
         <annotation xsi:type="a:Annotation">
            <a:s r="223">
               <a:s>parameter &quot;Measurement Period&quot; </a:s>
               <a:s r="224">
                  <a:s>Interval&lt;</a:s>
                  <a:s r="225">
                     <a:s>DateTime</a:s>
                  </a:s>
                  <a:s>></a:s>
               </a:s>
            </a:s>
         </annotation>
         <resultTypeSpecifier localId="228" xsi:type="IntervalTypeSpecifier">
            <pointType localId="229" name="t:DateTime" xsi:type="NamedTypeSpecifier"/>
         </resultTypeSpecifier>
         <parameterTypeSpecifier localId="224" locator="23:32-23:49" xsi:type="IntervalTypeSpecifier">
            <resultTypeSpecifier localId="226" xsi:type="IntervalTypeSpecifier">
               <pointType localId="227" name="t:DateTime" xsi:type="NamedTypeSpecifier"/>
            </resultTypeSpecifier>
            <pointType localId="225" locator="23:41-23:48" resultTypeName="t:DateTime" name="t:DateTime" xsi:type="NamedTypeSpecifier"/>
         </parameterTypeSpecifier>
      </def>
   </parameters>
   <valueSets>
      <def localId="212" locator="11:1-11:79" resultTypeName="t:ValueSet" name="Federal Administrative Sex" id="urn:oid:2.16.840.1.113762.1.4.1021.121" accessLevel="Public">
         <annotation xsi:type="a:Annotation">
            <a:s r="212">
               <a:s>valueset &quot;Federal Administrative Sex&quot;: 'urn:oid:2.16.840.1.113762.1.4.1021.121'</a:s>
            </a:s>
         </annotation>
      </def>
      <def localId="213" locator="12:1-12:74" resultTypeName="t:ValueSet" name="Colonoscopy" id="urn:oid:2.16.840.1.113883.3.464.1003.108.12.1020" accessLevel="Public">
         <annotation xsi:type="a:Annotation">
            <a:s r="213">
               <a:s>valueset &quot;Colonoscopy&quot;: 'urn:oid:2.16.840.1.113883.3.464.1003.108.12.1020'</a:s>
            </a:s>
         </annotation>
      </def>
      <def localId="214" locator="13:1-13:78" resultTypeName="t:ValueSet" name="CT Colonography" id="urn:oid:2.16.840.1.113883.3.464.1003.108.12.1038" accessLevel="Public">
         <annotation xsi:type="a:Annotation">
            <a:s r="214">
               <a:s>valueset &quot;CT Colonography&quot;: 'urn:oid:2.16.840.1.113883.3.464.1003.108.12.1038'</a:s>
            </a:s>
         </annotation>
      </def>
      <def localId="215" locator="14:1-14:58" resultTypeName="t:ValueSet" name="Ethnicity" id="urn:oid:2.16.840.1.114222.4.11.837" accessLevel="Public">
         <annotation xsi:type="a:Annotation">
            <a:s r="215">
               <a:s>valueset &quot;Ethnicity&quot;: 'urn:oid:2.16.840.1.114222.4.11.837'</a:s>
            </a:s>
         </annotation>
      </def>
      <def localId="216" locator="15:1-15:93" resultTypeName="t:ValueSet" name="Fecal Occult Blood Test (FOBT)" id="urn:oid:2.16.840.1.113883.3.464.1003.198.12.1011" accessLevel="Public">
         <annotation xsi:type="a:Annotation">
            <a:s r="216">
               <a:s>valueset &quot;Fecal Occult Blood Test (FOBT)&quot;: 'urn:oid:2.16.840.1.113883.3.464.1003.198.12.1011'</a:s>
            </a:s>
         </annotation>
      </def>
      <def localId="217" locator="16:1-16:85" resultTypeName="t:ValueSet" name="Flexible Sigmoidoscopy" id="urn:oid:2.16.840.1.113883.3.464.1003.198.12.1010" accessLevel="Public">
         <annotation xsi:type="a:Annotation">
            <a:s r="217">
               <a:s>valueset &quot;Flexible Sigmoidoscopy&quot;: 'urn:oid:2.16.840.1.113883.3.464.1003.198.12.1010'</a:s>
            </a:s>
         </annotation>
      </def>
      <def localId="218" locator="17:1-17:90" resultTypeName="t:ValueSet" name="Malignant Neoplasm of Colon" id="urn:oid:2.16.840.1.113883.3.464.1003.108.12.1001" accessLevel="Public">
         <annotation xsi:type="a:Annotation">
            <a:s r="218">
               <a:s>valueset &quot;Malignant Neoplasm of Colon&quot;: 'urn:oid:2.16.840.1.113883.3.464.1003.108.12.1001'</a:s>
            </a:s>
         </annotation>
      </def>
      <def localId="219" locator="18:1-18:60" resultTypeName="t:ValueSet" name="Payer Type" id="urn:oid:2.16.840.1.114222.4.11.3591" accessLevel="Public">
         <annotation xsi:type="a:Annotation">
            <a:s r="219">
               <a:s>valueset &quot;Payer Type&quot;: 'urn:oid:2.16.840.1.114222.4.11.3591'</a:s>
            </a:s>
         </annotation>
      </def>
      <def localId="220" locator="19:1-19:53" resultTypeName="t:ValueSet" name="Race" id="urn:oid:2.16.840.1.114222.4.11.836" accessLevel="Public">
         <annotation xsi:type="a:Annotation">
            <a:s r="220">
               <a:s>valueset &quot;Race&quot;: 'urn:oid:2.16.840.1.114222.4.11.836'</a:s>
            </a:s>
         </annotation>
      </def>
      <def localId="221" locator="20:1-20:76" resultTypeName="t:ValueSet" name="sDNA FIT Test" id="urn:oid:2.16.840.1.113883.3.464.1003.108.12.1039" accessLevel="Public">
         <annotation xsi:type="a:Annotation">
            <a:s r="221">
               <a:s>valueset &quot;sDNA FIT Test&quot;: 'urn:oid:2.16.840.1.113883.3.464.1003.108.12.1039'</a:s>
            </a:s>
         </annotation>
      </def>
      <def localId="222" locator="21:1-21:78" resultTypeName="t:ValueSet" name="Total Colectomy" id="urn:oid:2.16.840.1.113883.3.464.1003.198.12.1019" accessLevel="Public">
         <annotation xsi:type="a:Annotation">
            <a:s r="222">
               <a:s>valueset &quot;Total Colectomy&quot;: 'urn:oid:2.16.840.1.113883.3.464.1003.198.12.1019'</a:s>
            </a:s>
         </annotation>
      </def>
   </valueSets>
   <contexts>
      <def localId="233" locator="25:1-25:15" name="Patient"/>
   </contexts>
   <statements>
      <def localId="231" locator="25:1-25:15" name="Patient" context="Patient">
         <expression localId="232" xsi:type="SingletonFrom">
            <operand localId="230" locator="25:1-25:15" xmlns:ns0="urn:healthit-gov:qdm:v5_6" dataType="ns0:Patient" templateId="Patient" xsi:type="Retrieve"/>
         </expression>
      </def>
      <def localId="235" locator="27:1-28:51" name="SDE Ethnicity" context="Patient" accessLevel="Public">
         <annotation xsi:type="a:Annotation">
            <a:s r="235">
               <a:s>define &quot;SDE Ethnicity&quot;:
  </a:s>
               <a:s r="238">
                  <a:s>[&quot;Patient Characteristic Ethnicity&quot;: </a:s>
                  <a:s>
                     <a:s>&quot;Ethnicity&quot;</a:s>
                  </a:s>
                  <a:s>]</a:s>
               </a:s>
            </a:s>
         </annotation>
         <resultTypeSpecifier localId="242" xsi:type="ListTypeSpecifier">
            <elementType localId="243" xmlns:ns1="urn:healthit-gov:qdm:v5_6" name="ns1:PatientCharacteristicEthnicity" xsi:type="NamedTypeSpecifier"/>
         </resultTypeSpecifier>
         <expression localId="238" locator="28:3-28:51" xmlns:ns2="urn:healthit-gov:qdm:v5_6" dataType="ns2:PatientCharacteristicEthnicity" codeProperty="code" codeComparator="in" xsi:type="Retrieve">
            <resultTypeSpecifier localId="240" xsi:type="ListTypeSpecifier">
               <elementType localId="241" xmlns:ns3="urn:healthit-gov:qdm:v5_6" name="ns3:PatientCharacteristicEthnicity" xsi:type="NamedTypeSpecifier"/>
            </resultTypeSpecifier>
            <codes localId="237" locator="28:40-28:50" resultTypeName="t:ValueSet" name="Ethnicity" preserve="true" xsi:type="ValueSetRef"/>
         </expression>
      </def>
      <def localId="245" locator="30:1-31:48" name="SDE Payer" context="Patient" accessLevel="Public">
         <annotation xsi:type="a:Annotation">
            <a:s r="245">
               <a:s>define &quot;SDE Payer&quot;:
  </a:s>
               <a:s r="248">
                  <a:s>[&quot;Patient Characteristic Payer&quot;: </a:s>
                  <a:s>
                     <a:s>&quot;Payer Type&quot;</a:s>
                  </a:s>
                  <a:s>]</a:s>
               </a:s>
            </a:s>
         </annotation>
         <resultTypeSpecifier localId="252" xsi:type="ListTypeSpecifier">
            <elementType localId="253" xmlns:ns4="urn:healthit-gov:qdm:v5_6" name="ns4:PatientCharacteristicPayer" xsi:type="NamedTypeSpecifier"/>
         </resultTypeSpecifier>
         <expression localId="248" locator="31:3-31:48" xmlns:ns5="urn:healthit-gov:qdm:v5_6" dataType="ns5:PatientCharacteristicPayer" codeProperty="code" codeComparator="in" xsi:type="Retrieve">
            <resultTypeSpecifier localId="250" xsi:type="ListTypeSpecifier">
               <elementType localId="251" xmlns:ns6="urn:healthit-gov:qdm:v5_6" name="ns6:PatientCharacteristicPayer" xsi:type="NamedTypeSpecifier"/>
            </resultTypeSpecifier>
            <codes localId="247" locator="31:36-31:47" resultTypeName="t:ValueSet" name="Payer Type" preserve="true" xsi:type="ValueSetRef"/>
         </expression>
      </def>
      <def localId="255" locator="33:1-34:41" name="SDE Race" context="Patient" accessLevel="Public">
         <annotation xsi:type="a:Annotation">
            <a:s r="255">
               <a:s>define &quot;SDE Race&quot;:
  </a:s>
               <a:s r="258">
                  <a:s>[&quot;Patient Characteristic Race&quot;: </a:s>
                  <a:s>
                     <a:s>&quot;Race&quot;</a:s>
                  </a:s>
                  <a:s>]</a:s>
               </a:s>
            </a:s>
         </annotation>
         <resultTypeSpecifier localId="262" xsi:type="ListTypeSpecifier">
            <elementType localId="263" xmlns:ns7="urn:healthit-gov:qdm:v5_6" name="ns7:PatientCharacteristicRace" xsi:type="NamedTypeSpecifier"/>
         </resultTypeSpecifier>
         <expression localId="258" locator="34:3-34:41" xmlns:ns8="urn:healthit-gov:qdm:v5_6" dataType="ns8:PatientCharacteristicRace" codeProperty="code" codeComparator="in" xsi:type="Retrieve">
            <resultTypeSpecifier localId="260" xsi:type="ListTypeSpecifier">
               <elementType localId="261" xmlns:ns9="urn:healthit-gov:qdm:v5_6" name="ns9:PatientCharacteristicRace" xsi:type="NamedTypeSpecifier"/>
            </resultTypeSpecifier>
            <codes localId="257" locator="34:35-34:40" resultTypeName="t:ValueSet" name="Race" preserve="true" xsi:type="ValueSetRef"/>
         </expression>
      </def>
      <def localId="265" locator="36:1-37:62" name="SDE Sex" context="Patient" accessLevel="Public">
         <annotation xsi:type="a:Annotation">
            <a:s r="265">
               <a:s>define &quot;SDE Sex&quot;:
  </a:s>
               <a:s r="268">
                  <a:s>[&quot;Patient Characteristic Sex&quot;: </a:s>
                  <a:s>
                     <a:s>&quot;Federal Administrative Sex&quot;</a:s>
                  </a:s>
                  <a:s>]</a:s>
               </a:s>
            </a:s>
         </annotation>
         <resultTypeSpecifier localId="272" xsi:type="ListTypeSpecifier">
            <elementType localId="273" xmlns:ns10="urn:healthit-gov:qdm:v5_6" name="ns10:PatientCharacteristicSex" xsi:type="NamedTypeSpecifier"/>
         </resultTypeSpecifier>
         <expression localId="268" locator="37:3-37:62" xmlns:ns11="urn:healthit-gov:qdm:v5_6" dataType="ns11:PatientCharacteristicSex" codeProperty="code" codeComparator="in" xsi:type="Retrieve">
            <resultTypeSpecifier localId="270" xsi:type="ListTypeSpecifier">
               <elementType localId="271" xmlns:ns12="urn:healthit-gov:qdm:v5_6" name="ns12:PatientCharacteristicSex" xsi:type="NamedTypeSpecifier"/>
            </resultTypeSpecifier>
            <codes localId="267" locator="37:34-37:61" resultTypeName="t:ValueSet" name="Federal Administrative Sex" preserve="true" xsi:type="ValueSetRef"/>
         </expression>
      </def>
      <def localId="277" locator="62:1-66:64" resultTypeName="t:Boolean" name="Initial Population" context="Patient" accessLevel="Public">
         <annotation xsi:type="a:Annotation">
            <a:s r="277">
               <a:s>define &quot;Initial Population&quot;:
  </a:s>
               <a:s r="278">
                  <a:s r="296">
                     <a:s r="290">
                        <a:s>AgeInYearsAt(</a:s>
                        <a:s r="279">
                           <a:s>date from 
    </a:s>
                           <a:s r="280">
                              <a:s>end of </a:s>
                              <a:s r="281">
                                 <a:s>&quot;Measurement Period&quot;</a:s>
                              </a:s>
                           </a:s>
                        </a:s>
                        <a:s>
  )</a:s>
                     </a:s>
                     <a:s> in </a:s>
                     <a:s r="293">
                        <a:s r="291">Interval[46, 75]</a:s>
                     </a:s>
                  </a:s>
                  <a:s>
    and </a:s>
                  <a:s r="297">
                     <a:s>exists </a:s>
                     <a:s r="299">
                        <a:s r="298">
                           <a:s>AdultOutpatientEncounters</a:s>
                        </a:s>
                        <a:s>.</a:s>
                        <a:s r="299">
                           <a:s>&quot;Qualifying Encounters&quot;</a:s>
                        </a:s>
                     </a:s>
                  </a:s>
               </a:s>
            </a:s>
         </annotation>
         <expression localId="278" locator="63:3-66:64" resultTypeName="t:Boolean" xsi:type="And">
            <operand localId="296" locator="63:3-65:23" resultTypeName="t:Boolean" xsi:type="In">
               <operand localId="290" locator="63:3-65:3" resultTypeName="t:Integer" precision="Year" xsi:type="CalculateAgeAt">
                  <operand localId="289" xsi:type="ToDate">
                     <operand localId="287" path="birthDatetime" xsi:type="Property">
                        <source localId="286" name="Patient" xsi:type="ExpressionRef"/>
                     </operand>
                  </operand>
                  <operand localId="279" locator="63:16-64:31" resultTypeName="t:Date" xsi:type="DateFrom">
                     <operand localId="280" locator="64:5-64:31" resultTypeName="t:DateTime" xsi:type="End">
                        <operand localId="281" locator="64:12-64:31" name="Measurement Period" xsi:type="ParameterRef">
                           <resultTypeSpecifier localId="282" xsi:type="IntervalTypeSpecifier">
                              <pointType localId="283" name="t:DateTime" xsi:type="NamedTypeSpecifier"/>
                           </resultTypeSpecifier>
                        </operand>
                     </operand>
                  </operand>
               </operand>
               <operand localId="293" locator="65:8-65:23" lowClosed="true" highClosed="true" xsi:type="Interval">
                  <resultTypeSpecifier localId="294" xsi:type="IntervalTypeSpecifier">
                     <pointType localId="295" name="t:Integer" xsi:type="NamedTypeSpecifier"/>
                  </resultTypeSpecifier>
                  <low localId="291" locator="65:17-65:18" resultTypeName="t:Integer" valueType="t:Integer" value="46" xsi:type="Literal"/>
                  <high localId="292" locator="65:21-65:22" resultTypeName="t:Integer" valueType="t:Integer" value="75" xsi:type="Literal"/>
               </operand>
            </operand>
            <operand localId="297" locator="66:9-66:64" resultTypeName="t:Boolean" xsi:type="Exists">
               <operand localId="299" locator="66:16-66:64" name="Qualifying Encounters" libraryName="AdultOutpatientEncounters" xsi:type="ExpressionRef">
                  <resultTypeSpecifier localId="302" xsi:type="ListTypeSpecifier">
                     <elementType localId="303" xmlns:ns13="urn:healthit-gov:qdm:v5_6" name="ns13:PositiveEncounterPerformed" xsi:type="NamedTypeSpecifier"/>
                  </resultTypeSpecifier>
               </operand>
            </operand>
         </expression>
      </def>
      <def localId="275" locator="39:1-40:22" resultTypeName="t:Boolean" name="Denominator" context="Patient" accessLevel="Public">
         <annotation xsi:type="a:Annotation">
            <a:s r="275">
               <a:s>define &quot;Denominator&quot;:
  </a:s>
               <a:s r="304">
                  <a:s>&quot;Initial Population&quot;</a:s>
               </a:s>
            </a:s>
         </annotation>
         <expression localId="304" locator="40:3-40:22" resultTypeName="t:Boolean" name="Initial Population" xsi:type="ExpressionRef"/>
      </def>
      <def localId="313" locator="49:1-52:135" name="Fecal Occult Blood Test Performed" context="Patient" accessLevel="Public">
         <annotation xsi:type="a:Annotation">
            <a:s r="313">
               <a:s>define &quot;Fecal Occult Blood Test Performed&quot;:
  </a:s>
               <a:s r="357">
                  <a:s>
                     <a:s r="314">
                        <a:s r="317">
                           <a:s r="317">
                              <a:s>[&quot;Laboratory Test, Performed&quot;: </a:s>
                              <a:s>
                                 <a:s>&quot;Fecal Occult Blood Test (FOBT)&quot;</a:s>
                              </a:s>
                              <a:s>]</a:s>
                           </a:s>
                        </a:s>
                        <a:s> FecalOccultResult</a:s>
                     </a:s>
                  </a:s>
                  <a:s>
    </a:s>
                  <a:s r="325">
                     <a:s>where </a:s>
                     <a:s r="325">
                        <a:s r="341">
                           <a:s r="327">
                              <a:s r="326">
                                 <a:s>FecalOccultResult</a:s>
                              </a:s>
                              <a:s>.</a:s>
                              <a:s r="327">
                                 <a:s>result</a:s>
                              </a:s>
                           </a:s>
                           <a:s> is not null</a:s>
                        </a:s>
                        <a:s>
      and </a:s>
                        <a:s r="356">
                           <a:s r="351">
                              <a:s r="342">
                                 <a:s>Global</a:s>
                              </a:s>
                              <a:s>.</a:s>
                              <a:s r="351">
                                 <a:s>&quot;LatestOf&quot; ( </a:s>
                                 <a:s r="344">
                                    <a:s r="343">
                                       <a:s>FecalOccultResult</a:s>
                                    </a:s>
                                    <a:s>.</a:s>
                                    <a:s r="344">
                                       <a:s>relevantDatetime</a:s>
                                    </a:s>
                                 </a:s>
                                 <a:s>, </a:s>
                                 <a:s r="346">
                                    <a:s r="345">
                                       <a:s>FecalOccultResult</a:s>
                                    </a:s>
                                    <a:s>.</a:s>
                                    <a:s r="346">
                                       <a:s>relevantPeriod</a:s>
                                    </a:s>
                                 </a:s>
                                 <a:s> )</a:s>
                              </a:s>
                           </a:s>
                           <a:s r="356"> during day of </a:s>
                           <a:s r="352">
                              <a:s>&quot;Measurement Period&quot;</a:s>
                           </a:s>
                        </a:s>
                     </a:s>
                  </a:s>
               </a:s>
            </a:s>
         </annotation>
         <resultTypeSpecifier localId="582" xsi:type="ListTypeSpecifier">
            <elementType localId="583" xmlns:ns14="urn:healthit-gov:qdm:v5_6" name="ns14:PositiveLaboratoryTestPerformed" xsi:type="NamedTypeSpecifier"/>
         </resultTypeSpecifier>
         <expression localId="357" locator="50:3-52:135" xsi:type="Query">
            <resultTypeSpecifier localId="358" xsi:type="ListTypeSpecifier">
               <elementType localId="359" xmlns:ns15="urn:healthit-gov:qdm:v5_6" name="ns15:PositiveLaboratoryTestPerformed" xsi:type="NamedTypeSpecifier"/>
            </resultTypeSpecifier>
            <source localId="314" locator="50:3-50:84" alias="FecalOccultResult">
               <resultTypeSpecifier localId="323" xsi:type="ListTypeSpecifier">
                  <elementType localId="324" xmlns:ns16="urn:healthit-gov:qdm:v5_6" name="ns16:PositiveLaboratoryTestPerformed" xsi:type="NamedTypeSpecifier"/>
               </resultTypeSpecifier>
               <expression localId="317" locator="50:3-50:66" xmlns:ns17="urn:healthit-gov:qdm:v5_6" dataType="ns17:PositiveLaboratoryTestPerformed" templateId="PositiveLaboratoryTestPerformed" codeProperty="code" codeComparator="in" xsi:type="Retrieve">
                  <resultTypeSpecifier localId="321" xsi:type="ListTypeSpecifier">
                     <elementType localId="322" xmlns:ns18="urn:healthit-gov:qdm:v5_6" name="ns18:PositiveLaboratoryTestPerformed" xsi:type="NamedTypeSpecifier"/>
                  </resultTypeSpecifier>
                  <codes localId="316" locator="50:34-50:65" resultTypeName="t:ValueSet" name="Fecal Occult Blood Test (FOBT)" preserve="true" xsi:type="ValueSetRef"/>
               </expression>
            </source>
            <where localId="325" locator="51:5-52:135" resultTypeName="t:Boolean" xsi:type="And">
               <operand localId="341" locator="51:11-51:46" resultTypeName="t:Boolean" xsi:type="Not">
                  <operand localId="340" locator="51:11-51:46" resultTypeName="t:Boolean" xsi:type="IsNull">
                     <operand localId="327" locator="51:11-51:34" path="result" scope="FecalOccultResult" xsi:type="Property">
                        <resultTypeSpecifier localId="334" xsi:type="ChoiceTypeSpecifier">
                           <choice localId="335" name="t:Integer" xsi:type="NamedTypeSpecifier"/>
                           <choice localId="336" name="t:Decimal" xsi:type="NamedTypeSpecifier"/>
                           <choice localId="337" name="t:Code" xsi:type="NamedTypeSpecifier"/>
                           <choice localId="338" name="t:Quantity" xsi:type="NamedTypeSpecifier"/>
                           <choice localId="339" name="t:Ratio" xsi:type="NamedTypeSpecifier"/>
                        </resultTypeSpecifier>
                     </operand>
                  </operand>
               </operand>
               <operand localId="356" locator="52:11-52:135" resultTypeName="t:Boolean" precision="Day" xsi:type="In">
                  <operand localId="351" locator="52:11-52:100" resultTypeName="t:DateTime" name="LatestOf" libraryName="Global" xsi:type="FunctionRef">
                     <operand localId="344" locator="52:31-52:64" resultTypeName="t:DateTime" path="relevantDatetime" scope="FecalOccultResult" xsi:type="Property"/>
                     <operand localId="346" locator="52:67-52:98" path="relevantPeriod" scope="FecalOccultResult" xsi:type="Property">
                        <resultTypeSpecifier localId="349" xsi:type="IntervalTypeSpecifier">
                           <pointType localId="350" name="t:DateTime" xsi:type="NamedTypeSpecifier"/>
                        </resultTypeSpecifier>
                     </operand>
                  </operand>
                  <operand localId="352" locator="52:116-52:135" name="Measurement Period" xsi:type="ParameterRef">
                     <resultTypeSpecifier localId="353" xsi:type="IntervalTypeSpecifier">
                        <pointType localId="354" name="t:DateTime" xsi:type="NamedTypeSpecifier"/>
                     </resultTypeSpecifier>
                  </operand>
               </operand>
            </where>
         </expression>
      </def>
      <def localId="367" locator="98:1-101:175" name="Stool DNA with FIT Test Performed" context="Patient" accessLevel="Public">
         <annotation xsi:type="a:Annotation">
            <a:s r="367">
               <a:s>define &quot;Stool DNA with FIT Test Performed&quot;:
  </a:s>
               <a:s r="421">
                  <a:s>
                     <a:s r="368">
                        <a:s r="371">
                           <a:s r="371">
                              <a:s>[&quot;Laboratory Test, Performed&quot;: </a:s>
                              <a:s>
                                 <a:s>&quot;sDNA FIT Test&quot;</a:s>
                              </a:s>
                              <a:s>]</a:s>
                           </a:s>
                        </a:s>
                        <a:s> sDNATest</a:s>
                     </a:s>
                  </a:s>
                  <a:s>
    </a:s>
                  <a:s r="379">
                     <a:s>where </a:s>
                     <a:s r="379">
                        <a:s r="395">
                           <a:s r="381">
                              <a:s r="380">
                                 <a:s>sDNATest</a:s>
                              </a:s>
                              <a:s>.</a:s>
                              <a:s r="381">
                                 <a:s>result</a:s>
                              </a:s>
                           </a:s>
                           <a:s> is not null</a:s>
                        </a:s>
                        <a:s>
      and </a:s>
                        <a:s r="420">
                           <a:s r="405">
                              <a:s r="396">
                                 <a:s>Global</a:s>
                              </a:s>
                              <a:s>.</a:s>
                              <a:s r="405">
                                 <a:s>&quot;LatestOf&quot; ( </a:s>
                                 <a:s r="398">
                                    <a:s r="397">
                                       <a:s>sDNATest</a:s>
                                    </a:s>
                                    <a:s>.</a:s>
                                    <a:s r="398">
                                       <a:s>relevantDatetime</a:s>
                                    </a:s>
                                 </a:s>
                                 <a:s>, </a:s>
                                 <a:s r="400">
                                    <a:s r="399">
                                       <a:s>sDNATest</a:s>
                                    </a:s>
                                    <a:s>.</a:s>
                                    <a:s r="400">
                                       <a:s>relevantPeriod</a:s>
                                    </a:s>
                                 </a:s>
                                 <a:s> )</a:s>
                              </a:s>
                           </a:s>
                           <a:s r="420"> during day of </a:s>
                           <a:s r="416">
                              <a:s>Interval[</a:s>
                              <a:s r="406">
                                 <a:s r="407">
                                    <a:s>start of </a:s>
                                    <a:s r="408">
                                       <a:s>&quot;Measurement Period&quot;</a:s>
                                    </a:s>
                                 </a:s>
                                 <a:s> - </a:s>
                                 <a:s r="411">
                                    <a:s>2 years</a:s>
                                 </a:s>
                              </a:s>
                              <a:s>, </a:s>
                              <a:s r="412">
                                 <a:s>end of </a:s>
                                 <a:s r="413">
                                    <a:s>&quot;Measurement Period&quot;</a:s>
                                 </a:s>
                              </a:s>
                              <a:s>]</a:s>
                           </a:s>
                        </a:s>
                     </a:s>
                  </a:s>
               </a:s>
            </a:s>
         </annotation>
         <resultTypeSpecifier localId="721" xsi:type="ListTypeSpecifier">
            <elementType localId="722" xmlns:ns19="urn:healthit-gov:qdm:v5_6" name="ns19:PositiveLaboratoryTestPerformed" xsi:type="NamedTypeSpecifier"/>
         </resultTypeSpecifier>
         <expression localId="421" locator="99:3-101:175" xsi:type="Query">
            <resultTypeSpecifier localId="422" xsi:type="ListTypeSpecifier">
               <elementType localId="423" xmlns:ns20="urn:healthit-gov:qdm:v5_6" name="ns20:PositiveLaboratoryTestPerformed" xsi:type="NamedTypeSpecifier"/>
            </resultTypeSpecifier>
            <source localId="368" locator="99:3-99:58" alias="sDNATest">
               <resultTypeSpecifier localId="377" xsi:type="ListTypeSpecifier">
                  <elementType localId="378" xmlns:ns21="urn:healthit-gov:qdm:v5_6" name="ns21:PositiveLaboratoryTestPerformed" xsi:type="NamedTypeSpecifier"/>
               </resultTypeSpecifier>
               <expression localId="371" locator="99:3-99:49" xmlns:ns22="urn:healthit-gov:qdm:v5_6" dataType="ns22:PositiveLaboratoryTestPerformed" templateId="PositiveLaboratoryTestPerformed" codeProperty="code" codeComparator="in" xsi:type="Retrieve">
                  <resultTypeSpecifier localId="375" xsi:type="ListTypeSpecifier">
                     <elementType localId="376" xmlns:ns23="urn:healthit-gov:qdm:v5_6" name="ns23:PositiveLaboratoryTestPerformed" xsi:type="NamedTypeSpecifier"/>
                  </resultTypeSpecifier>
                  <codes localId="370" locator="99:34-99:48" resultTypeName="t:ValueSet" name="sDNA FIT Test" preserve="true" xsi:type="ValueSetRef"/>
               </expression>
            </source>
            <where localId="379" locator="100:5-101:175" resultTypeName="t:Boolean" xsi:type="And">
               <operand localId="395" locator="100:11-100:37" resultTypeName="t:Boolean" xsi:type="Not">
                  <operand localId="394" locator="100:11-100:37" resultTypeName="t:Boolean" xsi:type="IsNull">
                     <operand localId="381" locator="100:11-100:25" path="result" scope="sDNATest" xsi:type="Property">
                        <resultTypeSpecifier localId="388" xsi:type="ChoiceTypeSpecifier">
                           <choice localId="389" name="t:Integer" xsi:type="NamedTypeSpecifier"/>
                           <choice localId="390" name="t:Decimal" xsi:type="NamedTypeSpecifier"/>
                           <choice localId="391" name="t:Code" xsi:type="NamedTypeSpecifier"/>
                           <choice localId="392" name="t:Quantity" xsi:type="NamedTypeSpecifier"/>
                           <choice localId="393" name="t:Ratio" xsi:type="NamedTypeSpecifier"/>
                        </resultTypeSpecifier>
                     </operand>
                  </operand>
               </operand>
               <operand localId="420" locator="101:11-101:175" resultTypeName="t:Boolean" precision="Day" xsi:type="In">
                  <operand localId="405" locator="101:11-101:82" resultTypeName="t:DateTime" name="LatestOf" libraryName="Global" xsi:type="FunctionRef">
                     <operand localId="398" locator="101:31-101:55" resultTypeName="t:DateTime" path="relevantDatetime" scope="sDNATest" xsi:type="Property"/>
                     <operand localId="400" locator="101:58-101:80" path="relevantPeriod" scope="sDNATest" xsi:type="Property">
                        <resultTypeSpecifier localId="403" xsi:type="IntervalTypeSpecifier">
                           <pointType localId="404" name="t:DateTime" xsi:type="NamedTypeSpecifier"/>
                        </resultTypeSpecifier>
                     </operand>
                  </operand>
                  <operand localId="416" locator="101:98-101:175" lowClosed="true" highClosed="true" xsi:type="Interval">
                     <resultTypeSpecifier localId="417" xsi:type="IntervalTypeSpecifier">
                        <pointType localId="418" name="t:DateTime" xsi:type="NamedTypeSpecifier"/>
                     </resultTypeSpecifier>
                     <low localId="406" locator="101:107-101:145" resultTypeName="t:DateTime" xsi:type="Subtract">
                        <operand localId="407" locator="101:107-101:135" resultTypeName="t:DateTime" xsi:type="Start">
                           <operand localId="408" locator="101:116-101:135" name="Measurement Period" xsi:type="ParameterRef">
                              <resultTypeSpecifier localId="409" xsi:type="IntervalTypeSpecifier">
                                 <pointType localId="410" name="t:DateTime" xsi:type="NamedTypeSpecifier"/>
                              </resultTypeSpecifier>
                           </operand>
                        </operand>
                        <operand localId="411" locator="101:139-101:145" resultTypeName="t:Quantity" value="2" unit="years" xsi:type="Quantity"/>
                     </low>
                     <high localId="412" locator="101:148-101:174" resultTypeName="t:DateTime" xsi:type="End">
                        <operand localId="413" locator="101:155-101:174" name="Measurement Period" xsi:type="ParameterRef">
                           <resultTypeSpecifier localId="414" xsi:type="IntervalTypeSpecifier">
                              <pointType localId="415" name="t:DateTime" xsi:type="NamedTypeSpecifier"/>
                           </resultTypeSpecifier>
                        </operand>
                     </high>
                  </operand>
               </operand>
            </where>
         </expression>
      </def>
      <def localId="431" locator="82:1-84:215" name="Flexible Sigmoidoscopy Performed" context="Patient" accessLevel="Public">
         <annotation xsi:type="a:Annotation">
            <a:s r="431">
               <a:s>define &quot;Flexible Sigmoidoscopy Performed&quot;:
  </a:s>
               <a:s r="472">
                  <a:s>
                     <a:s r="432">
                        <a:s r="435">
                           <a:s r="435">
                              <a:s>[&quot;Procedure, Performed&quot;: </a:s>
                              <a:s>
                                 <a:s>&quot;Flexible Sigmoidoscopy&quot;</a:s>
                              </a:s>
                              <a:s>]</a:s>
                           </a:s>
                        </a:s>
                        <a:s> FlexibleSigmoidoscopy</a:s>
                     </a:s>
                  </a:s>
                  <a:s>
    </a:s>
                  <a:s r="471">
                     <a:s>where </a:s>
                     <a:s r="471">
                        <a:s r="452">
                           <a:s r="443">
                              <a:s>Global</a:s>
                           </a:s>
                           <a:s>.</a:s>
                           <a:s r="452">
                              <a:s>&quot;NormalizeInterval&quot; ( </a:s>
                              <a:s r="445">
                                 <a:s r="444">
                                    <a:s>FlexibleSigmoidoscopy</a:s>
                                 </a:s>
                                 <a:s>.</a:s>
                                 <a:s r="445">
                                    <a:s>relevantDatetime</a:s>
                                 </a:s>
                              </a:s>
                              <a:s>, </a:s>
                              <a:s r="447">
                                 <a:s r="446">
                                    <a:s>FlexibleSigmoidoscopy</a:s>
                                 </a:s>
                                 <a:s>.</a:s>
                                 <a:s r="447">
                                    <a:s>relevantPeriod</a:s>
                                 </a:s>
                              </a:s>
                              <a:s> )</a:s>
                           </a:s>
                        </a:s>
                        <a:s r="471"> ends during day of </a:s>
                        <a:s r="467">
                           <a:s>Interval[</a:s>
                           <a:s r="457">
                              <a:s r="458">
                                 <a:s>start of </a:s>
                                 <a:s r="459">
                                    <a:s>&quot;Measurement Period&quot;</a:s>
                                 </a:s>
                              </a:s>
                              <a:s> - </a:s>
                              <a:s r="462">
                                 <a:s>4 years</a:s>
                              </a:s>
                           </a:s>
                           <a:s>, </a:s>
                           <a:s r="463">
                              <a:s>end of </a:s>
                              <a:s r="464">
                                 <a:s>&quot;Measurement Period&quot;</a:s>
                              </a:s>
                           </a:s>
                           <a:s>]</a:s>
                        </a:s>
                     </a:s>
                  </a:s>
               </a:s>
            </a:s>
         </annotation>
         <resultTypeSpecifier localId="694" xsi:type="ListTypeSpecifier">
            <elementType localId="695" xmlns:ns24="urn:healthit-gov:qdm:v5_6" name="ns24:PositiveProcedurePerformed" xsi:type="NamedTypeSpecifier"/>
         </resultTypeSpecifier>
         <expression localId="472" locator="83:3-84:215" xsi:type="Query">
            <resultTypeSpecifier localId="473" xsi:type="ListTypeSpecifier">
               <elementType localId="474" xmlns:ns25="urn:healthit-gov:qdm:v5_6" name="ns25:PositiveProcedurePerformed" xsi:type="NamedTypeSpecifier"/>
            </resultTypeSpecifier>
            <source localId="432" locator="83:3-83:74" alias="FlexibleSigmoidoscopy">
               <resultTypeSpecifier localId="441" xsi:type="ListTypeSpecifier">
                  <elementType localId="442" xmlns:ns26="urn:healthit-gov:qdm:v5_6" name="ns26:PositiveProcedurePerformed" xsi:type="NamedTypeSpecifier"/>
               </resultTypeSpecifier>
               <expression localId="435" locator="83:3-83:52" xmlns:ns27="urn:healthit-gov:qdm:v5_6" dataType="ns27:PositiveProcedurePerformed" templateId="PositiveProcedurePerformed" codeProperty="code" codeComparator="in" xsi:type="Retrieve">
                  <resultTypeSpecifier localId="439" xsi:type="ListTypeSpecifier">
                     <elementType localId="440" xmlns:ns28="urn:healthit-gov:qdm:v5_6" name="ns28:PositiveProcedurePerformed" xsi:type="NamedTypeSpecifier"/>
                  </resultTypeSpecifier>
                  <codes localId="434" locator="83:28-83:51" resultTypeName="t:ValueSet" name="Flexible Sigmoidoscopy" preserve="true" xsi:type="ValueSetRef"/>
               </expression>
            </source>
            <where localId="471" locator="84:5-84:215" resultTypeName="t:Boolean" precision="Day" xsi:type="In">
               <operand localId="470" locator="84:119-84:122" xsi:type="End">
                  <operand localId="452" locator="84:11-84:117" name="NormalizeInterval" libraryName="Global" xsi:type="FunctionRef">
                     <resultTypeSpecifier localId="455" xsi:type="IntervalTypeSpecifier">
                        <pointType localId="456" name="t:DateTime" xsi:type="NamedTypeSpecifier"/>
                     </resultTypeSpecifier>
                     <operand localId="445" locator="84:40-84:77" resultTypeName="t:DateTime" path="relevantDatetime" scope="FlexibleSigmoidoscopy" xsi:type="Property"/>
                     <operand localId="447" locator="84:80-84:115" path="relevantPeriod" scope="FlexibleSigmoidoscopy" xsi:type="Property">
                        <resultTypeSpecifier localId="450" xsi:type="IntervalTypeSpecifier">
                           <pointType localId="451" name="t:DateTime" xsi:type="NamedTypeSpecifier"/>
                        </resultTypeSpecifier>
                     </operand>
                  </operand>
               </operand>
               <operand localId="467" locator="84:138-84:215" lowClosed="true" highClosed="true" xsi:type="Interval">
                  <resultTypeSpecifier localId="468" xsi:type="IntervalTypeSpecifier">
                     <pointType localId="469" name="t:DateTime" xsi:type="NamedTypeSpecifier"/>
                  </resultTypeSpecifier>
                  <low localId="457" locator="84:147-84:185" resultTypeName="t:DateTime" xsi:type="Subtract">
                     <operand localId="458" locator="84:147-84:175" resultTypeName="t:DateTime" xsi:type="Start">
                        <operand localId="459" locator="84:156-84:175" name="Measurement Period" xsi:type="ParameterRef">
                           <resultTypeSpecifier localId="460" xsi:type="IntervalTypeSpecifier">
                              <pointType localId="461" name="t:DateTime" xsi:type="NamedTypeSpecifier"/>
                           </resultTypeSpecifier>
                        </operand>
                     </operand>
                     <operand localId="462" locator="84:179-84:185" resultTypeName="t:Quantity" value="4" unit="years" xsi:type="Quantity"/>
                  </low>
                  <high localId="463" locator="84:188-84:214" resultTypeName="t:DateTime" xsi:type="End">
                     <operand localId="464" locator="84:195-84:214" name="Measurement Period" xsi:type="ParameterRef">
                        <resultTypeSpecifier localId="465" xsi:type="IntervalTypeSpecifier">
                           <pointType localId="466" name="t:DateTime" xsi:type="NamedTypeSpecifier"/>
                        </resultTypeSpecifier>
                     </operand>
                  </high>
               </operand>
            </where>
         </expression>
      </def>
      <def localId="482" locator="86:1-88:197" name="CT Colonography Performed" context="Patient" accessLevel="Public">
         <annotation xsi:type="a:Annotation">
            <a:s r="482">
               <a:s>define &quot;CT Colonography Performed&quot;:
  </a:s>
               <a:s r="523">
                  <a:s>
                     <a:s r="483">
                        <a:s r="486">
                           <a:s r="486">
                              <a:s>[&quot;Diagnostic Study, Performed&quot;: </a:s>
                              <a:s>
                                 <a:s>&quot;CT Colonography&quot;</a:s>
                              </a:s>
                              <a:s>]</a:s>
                           </a:s>
                        </a:s>
                        <a:s> Colonography</a:s>
                     </a:s>
                  </a:s>
                  <a:s>
    </a:s>
                  <a:s r="522">
                     <a:s>where </a:s>
                     <a:s r="522">
                        <a:s r="503">
                           <a:s r="494">
                              <a:s>Global</a:s>
                           </a:s>
                           <a:s>.</a:s>
                           <a:s r="503">
                              <a:s>&quot;NormalizeInterval&quot; ( </a:s>
                              <a:s r="496">
                                 <a:s r="495">
                                    <a:s>Colonography</a:s>
                                 </a:s>
                                 <a:s>.</a:s>
                                 <a:s r="496">
                                    <a:s>relevantDatetime</a:s>
                                 </a:s>
                              </a:s>
                              <a:s>, </a:s>
                              <a:s r="498">
                                 <a:s r="497">
                                    <a:s>Colonography</a:s>
                                 </a:s>
                                 <a:s>.</a:s>
                                 <a:s r="498">
                                    <a:s>relevantPeriod</a:s>
                                 </a:s>
                              </a:s>
                              <a:s> )</a:s>
                           </a:s>
                        </a:s>
                        <a:s r="522"> ends during day of </a:s>
                        <a:s r="518">
                           <a:s>Interval[</a:s>
                           <a:s r="508">
                              <a:s r="509">
                                 <a:s>start of </a:s>
                                 <a:s r="510">
                                    <a:s>&quot;Measurement Period&quot;</a:s>
                                 </a:s>
                              </a:s>
                              <a:s> - </a:s>
                              <a:s r="513">
                                 <a:s>4 years</a:s>
                              </a:s>
                           </a:s>
                           <a:s>, </a:s>
                           <a:s r="514">
                              <a:s>end of </a:s>
                              <a:s r="515">
                                 <a:s>&quot;Measurement Period&quot;</a:s>
                              </a:s>
                           </a:s>
                           <a:s>]</a:s>
                        </a:s>
                     </a:s>
                  </a:s>
               </a:s>
            </a:s>
         </annotation>
         <resultTypeSpecifier localId="696" xsi:type="ListTypeSpecifier">
            <elementType localId="697" xmlns:ns29="urn:healthit-gov:qdm:v5_6" name="ns29:PositiveDiagnosticStudyPerformed" xsi:type="NamedTypeSpecifier"/>
         </resultTypeSpecifier>
         <expression localId="523" locator="87:3-88:197" xsi:type="Query">
            <resultTypeSpecifier localId="524" xsi:type="ListTypeSpecifier">
               <elementType localId="525" xmlns:ns30="urn:healthit-gov:qdm:v5_6" name="ns30:PositiveDiagnosticStudyPerformed" xsi:type="NamedTypeSpecifier"/>
            </resultTypeSpecifier>
            <source localId="483" locator="87:3-87:65" alias="Colonography">
               <resultTypeSpecifier localId="492" xsi:type="ListTypeSpecifier">
                  <elementType localId="493" xmlns:ns31="urn:healthit-gov:qdm:v5_6" name="ns31:PositiveDiagnosticStudyPerformed" xsi:type="NamedTypeSpecifier"/>
               </resultTypeSpecifier>
               <expression localId="486" locator="87:3-87:52" xmlns:ns32="urn:healthit-gov:qdm:v5_6" dataType="ns32:PositiveDiagnosticStudyPerformed" templateId="PositiveDiagnosticStudyPerformed" codeProperty="code" codeComparator="in" xsi:type="Retrieve">
                  <resultTypeSpecifier localId="490" xsi:type="ListTypeSpecifier">
                     <elementType localId="491" xmlns:ns33="urn:healthit-gov:qdm:v5_6" name="ns33:PositiveDiagnosticStudyPerformed" xsi:type="NamedTypeSpecifier"/>
                  </resultTypeSpecifier>
                  <codes localId="485" locator="87:35-87:51" resultTypeName="t:ValueSet" name="CT Colonography" preserve="true" xsi:type="ValueSetRef"/>
               </expression>
            </source>
            <where localId="522" locator="88:5-88:197" resultTypeName="t:Boolean" precision="Day" xsi:type="In">
               <operand localId="521" locator="88:101-88:104" xsi:type="End">
                  <operand localId="503" locator="88:11-88:99" name="NormalizeInterval" libraryName="Global" xsi:type="FunctionRef">
                     <resultTypeSpecifier localId="506" xsi:type="IntervalTypeSpecifier">
                        <pointType localId="507" name="t:DateTime" xsi:type="NamedTypeSpecifier"/>
                     </resultTypeSpecifier>
                     <operand localId="496" locator="88:40-88:68" resultTypeName="t:DateTime" path="relevantDatetime" scope="Colonography" xsi:type="Property"/>
                     <operand localId="498" locator="88:71-88:97" path="relevantPeriod" scope="Colonography" xsi:type="Property">
                        <resultTypeSpecifier localId="501" xsi:type="IntervalTypeSpecifier">
                           <pointType localId="502" name="t:DateTime" xsi:type="NamedTypeSpecifier"/>
                        </resultTypeSpecifier>
                     </operand>
                  </operand>
               </operand>
               <operand localId="518" locator="88:120-88:197" lowClosed="true" highClosed="true" xsi:type="Interval">
                  <resultTypeSpecifier localId="519" xsi:type="IntervalTypeSpecifier">
                     <pointType localId="520" name="t:DateTime" xsi:type="NamedTypeSpecifier"/>
                  </resultTypeSpecifier>
                  <low localId="508" locator="88:129-88:167" resultTypeName="t:DateTime" xsi:type="Subtract">
                     <operand localId="509" locator="88:129-88:157" resultTypeName="t:DateTime" xsi:type="Start">
                        <operand localId="510" locator="88:138-88:157" name="Measurement Period" xsi:type="ParameterRef">
                           <resultTypeSpecifier localId="511" xsi:type="IntervalTypeSpecifier">
                              <pointType localId="512" name="t:DateTime" xsi:type="NamedTypeSpecifier"/>
                           </resultTypeSpecifier>
                        </operand>
                     </operand>
                     <operand localId="513" locator="88:161-88:167" resultTypeName="t:Quantity" value="4" unit="years" xsi:type="Quantity"/>
                  </low>
                  <high localId="514" locator="88:170-88:196" resultTypeName="t:DateTime" xsi:type="End">
                     <operand localId="515" locator="88:177-88:196" name="Measurement Period" xsi:type="ParameterRef">
                        <resultTypeSpecifier localId="516" xsi:type="IntervalTypeSpecifier">
                           <pointType localId="517" name="t:DateTime" xsi:type="NamedTypeSpecifier"/>
                        </resultTypeSpecifier>
                     </operand>
                  </high>
               </operand>
            </where>
         </expression>
      </def>
      <def localId="533" locator="78:1-80:213" name="Colonoscopy Performed" context="Patient" accessLevel="Public">
         <annotation xsi:type="a:Annotation">
            <a:s r="533">
               <a:s>define &quot;Colonoscopy Performed&quot;:
  </a:s>
               <a:s r="574">
                  <a:s>
                     <a:s r="534">
                        <a:s r="537">
                           <a:s r="537">
                              <a:s>[&quot;Procedure, Performed&quot;: </a:s>
                              <a:s>
                                 <a:s>&quot;Colonoscopy&quot;</a:s>
                              </a:s>
                              <a:s>]</a:s>
                           </a:s>
                        </a:s>
                        <a:s> ColonoscopyPerformed</a:s>
                     </a:s>
                  </a:s>
                  <a:s>
    </a:s>
                  <a:s r="573">
                     <a:s>where </a:s>
                     <a:s r="573">
                        <a:s r="554">
                           <a:s r="545">
                              <a:s>Global</a:s>
                           </a:s>
                           <a:s>.</a:s>
                           <a:s r="554">
                              <a:s>&quot;NormalizeInterval&quot; ( </a:s>
                              <a:s r="547">
                                 <a:s r="546">
                                    <a:s>ColonoscopyPerformed</a:s>
                                 </a:s>
                                 <a:s>.</a:s>
                                 <a:s r="547">
                                    <a:s>relevantDatetime</a:s>
                                 </a:s>
                              </a:s>
                              <a:s>, </a:s>
                              <a:s r="549">
                                 <a:s r="548">
                                    <a:s>ColonoscopyPerformed</a:s>
                                 </a:s>
                                 <a:s>.</a:s>
                                 <a:s r="549">
                                    <a:s>relevantPeriod</a:s>
                                 </a:s>
                              </a:s>
                              <a:s> )</a:s>
                           </a:s>
                        </a:s>
                        <a:s r="573"> ends during day of </a:s>
                        <a:s r="569">
                           <a:s>Interval[</a:s>
                           <a:s r="559">
                              <a:s r="560">
                                 <a:s>start of </a:s>
                                 <a:s r="561">
                                    <a:s>&quot;Measurement Period&quot;</a:s>
                                 </a:s>
                              </a:s>
                              <a:s> - </a:s>
                              <a:s r="564">
                                 <a:s>9 years</a:s>
                              </a:s>
                           </a:s>
                           <a:s>, </a:s>
                           <a:s r="565">
                              <a:s>end of </a:s>
                              <a:s r="566">
                                 <a:s>&quot;Measurement Period&quot;</a:s>
                              </a:s>
                           </a:s>
                           <a:s>]</a:s>
                        </a:s>
                     </a:s>
                  </a:s>
               </a:s>
            </a:s>
         </annotation>
         <resultTypeSpecifier localId="692" xsi:type="ListTypeSpecifier">
            <elementType localId="693" xmlns:ns34="urn:healthit-gov:qdm:v5_6" name="ns34:PositiveProcedurePerformed" xsi:type="NamedTypeSpecifier"/>
         </resultTypeSpecifier>
         <expression localId="574" locator="79:3-80:213" xsi:type="Query">
            <resultTypeSpecifier localId="575" xsi:type="ListTypeSpecifier">
               <elementType localId="576" xmlns:ns35="urn:healthit-gov:qdm:v5_6" name="ns35:PositiveProcedurePerformed" xsi:type="NamedTypeSpecifier"/>
            </resultTypeSpecifier>
            <source localId="534" locator="79:3-79:62" alias="ColonoscopyPerformed">
               <resultTypeSpecifier localId="543" xsi:type="ListTypeSpecifier">
                  <elementType localId="544" xmlns:ns36="urn:healthit-gov:qdm:v5_6" name="ns36:PositiveProcedurePerformed" xsi:type="NamedTypeSpecifier"/>
               </resultTypeSpecifier>
               <expression localId="537" locator="79:3-79:41" xmlns:ns37="urn:healthit-gov:qdm:v5_6" dataType="ns37:PositiveProcedurePerformed" templateId="PositiveProcedurePerformed" codeProperty="code" codeComparator="in" xsi:type="Retrieve">
                  <resultTypeSpecifier localId="541" xsi:type="ListTypeSpecifier">
                     <elementType localId="542" xmlns:ns38="urn:healthit-gov:qdm:v5_6" name="ns38:PositiveProcedurePerformed" xsi:type="NamedTypeSpecifier"/>
                  </resultTypeSpecifier>
                  <codes localId="536" locator="79:28-79:40" resultTypeName="t:ValueSet" name="Colonoscopy" preserve="true" xsi:type="ValueSetRef"/>
               </expression>
            </source>
            <where localId="573" locator="80:5-80:213" resultTypeName="t:Boolean" precision="Day" xsi:type="In">
               <operand localId="572" locator="80:117-80:120" xsi:type="End">
                  <operand localId="554" locator="80:11-80:115" name="NormalizeInterval" libraryName="Global" xsi:type="FunctionRef">
                     <resultTypeSpecifier localId="557" xsi:type="IntervalTypeSpecifier">
                        <pointType localId="558" name="t:DateTime" xsi:type="NamedTypeSpecifier"/>
                     </resultTypeSpecifier>
                     <operand localId="547" locator="80:40-80:76" resultTypeName="t:DateTime" path="relevantDatetime" scope="ColonoscopyPerformed" xsi:type="Property"/>
                     <operand localId="549" locator="80:79-80:113" path="relevantPeriod" scope="ColonoscopyPerformed" xsi:type="Property">
                        <resultTypeSpecifier localId="552" xsi:type="IntervalTypeSpecifier">
                           <pointType localId="553" name="t:DateTime" xsi:type="NamedTypeSpecifier"/>
                        </resultTypeSpecifier>
                     </operand>
                  </operand>
               </operand>
               <operand localId="569" locator="80:136-80:213" lowClosed="true" highClosed="true" xsi:type="Interval">
                  <resultTypeSpecifier localId="570" xsi:type="IntervalTypeSpecifier">
                     <pointType localId="571" name="t:DateTime" xsi:type="NamedTypeSpecifier"/>
                  </resultTypeSpecifier>
                  <low localId="559" locator="80:145-80:183" resultTypeName="t:DateTime" xsi:type="Subtract">
                     <operand localId="560" locator="80:145-80:173" resultTypeName="t:DateTime" xsi:type="Start">
                        <operand localId="561" locator="80:154-80:173" name="Measurement Period" xsi:type="ParameterRef">
                           <resultTypeSpecifier localId="562" xsi:type="IntervalTypeSpecifier">
                              <pointType localId="563" name="t:DateTime" xsi:type="NamedTypeSpecifier"/>
                           </resultTypeSpecifier>
                        </operand>
                     </operand>
                     <operand localId="564" locator="80:177-80:183" resultTypeName="t:Quantity" value="9" unit="years" xsi:type="Quantity"/>
                  </low>
                  <high localId="565" locator="80:186-80:212" resultTypeName="t:DateTime" xsi:type="End">
                     <operand localId="566" locator="80:193-80:212" name="Measurement Period" xsi:type="ParameterRef">
                        <resultTypeSpecifier localId="567" xsi:type="IntervalTypeSpecifier">
                           <pointType localId="568" name="t:DateTime" xsi:type="NamedTypeSpecifier"/>
                        </resultTypeSpecifier>
                     </operand>
                  </high>
               </operand>
            </where>
         </expression>
      </def>
      <def localId="306" locator="42:1-47:37" resultTypeName="t:Boolean" name="Numerator" context="Patient" accessLevel="Public">
         <annotation xsi:type="a:Annotation">
            <a:s r="306">
               <a:s>define &quot;Numerator&quot;:
  </a:s>
               <a:s r="307">
                  <a:s r="308">
                     <a:s r="309">
                        <a:s r="310">
                           <a:s r="311">
                              <a:s>exists </a:s>
                              <a:s r="362">
                                 <a:s>&quot;Fecal Occult Blood Test Performed&quot;</a:s>
                              </a:s>
                           </a:s>
                           <a:s>
    or </a:s>
                           <a:s r="365">
                              <a:s>exists </a:s>
                              <a:s r="426">
                                 <a:s>&quot;Stool DNA with FIT Test Performed&quot;</a:s>
                              </a:s>
                           </a:s>
                        </a:s>
                        <a:s>
    or </a:s>
                        <a:s r="429">
                           <a:s>exists </a:s>
                           <a:s r="477">
                              <a:s>&quot;Flexible Sigmoidoscopy Performed&quot;</a:s>
                           </a:s>
                        </a:s>
                     </a:s>
                     <a:s>
    or </a:s>
                     <a:s r="480">
                        <a:s>exists </a:s>
                        <a:s r="528">
                           <a:s>&quot;CT Colonography Performed&quot;</a:s>
                        </a:s>
                     </a:s>
                  </a:s>
                  <a:s>
    or </a:s>
                  <a:s r="531">
                     <a:s>exists </a:s>
                     <a:s r="579">
                        <a:s>&quot;Colonoscopy Performed&quot;</a:s>
                     </a:s>
                  </a:s>
               </a:s>
            </a:s>
         </annotation>
         <expression localId="307" locator="43:3-47:37" resultTypeName="t:Boolean" xsi:type="Or">
            <operand localId="308" locator="43:3-46:41" resultTypeName="t:Boolean" xsi:type="Or">
               <operand localId="309" locator="43:3-45:48" resultTypeName="t:Boolean" xsi:type="Or">
                  <operand localId="310" locator="43:3-44:49" resultTypeName="t:Boolean" xsi:type="Or">
                     <operand localId="311" locator="43:3-43:44" resultTypeName="t:Boolean" xsi:type="Exists">
                        <operand localId="362" locator="43:10-43:44" name="Fecal Occult Blood Test Performed" xsi:type="ExpressionRef">
                           <resultTypeSpecifier localId="363" xsi:type="ListTypeSpecifier">
                              <elementType localId="364" xmlns:ns39="urn:healthit-gov:qdm:v5_6" name="ns39:PositiveLaboratoryTestPerformed" xsi:type="NamedTypeSpecifier"/>
                           </resultTypeSpecifier>
                        </operand>
                     </operand>
                     <operand localId="365" locator="44:8-44:49" resultTypeName="t:Boolean" xsi:type="Exists">
                        <operand localId="426" locator="44:15-44:49" name="Stool DNA with FIT Test Performed" xsi:type="ExpressionRef">
                           <resultTypeSpecifier localId="427" xsi:type="ListTypeSpecifier">
                              <elementType localId="428" xmlns:ns40="urn:healthit-gov:qdm:v5_6" name="ns40:PositiveLaboratoryTestPerformed" xsi:type="NamedTypeSpecifier"/>
                           </resultTypeSpecifier>
                        </operand>
                     </operand>
                  </operand>
                  <operand localId="429" locator="45:8-45:48" resultTypeName="t:Boolean" xsi:type="Exists">
                     <operand localId="477" locator="45:15-45:48" name="Flexible Sigmoidoscopy Performed" xsi:type="ExpressionRef">
                        <resultTypeSpecifier localId="478" xsi:type="ListTypeSpecifier">
                           <elementType localId="479" xmlns:ns41="urn:healthit-gov:qdm:v5_6" name="ns41:PositiveProcedurePerformed" xsi:type="NamedTypeSpecifier"/>
                        </resultTypeSpecifier>
                     </operand>
                  </operand>
               </operand>
               <operand localId="480" locator="46:8-46:41" resultTypeName="t:Boolean" xsi:type="Exists">
                  <operand localId="528" locator="46:15-46:41" name="CT Colonography Performed" xsi:type="ExpressionRef">
                     <resultTypeSpecifier localId="529" xsi:type="ListTypeSpecifier">
                        <elementType localId="530" xmlns:ns42="urn:healthit-gov:qdm:v5_6" name="ns42:PositiveDiagnosticStudyPerformed" xsi:type="NamedTypeSpecifier"/>
                     </resultTypeSpecifier>
                  </operand>
               </operand>
            </operand>
            <operand localId="531" locator="47:8-47:37" resultTypeName="t:Boolean" xsi:type="Exists">
               <operand localId="579" locator="47:15-47:37" name="Colonoscopy Performed" xsi:type="ExpressionRef">
                  <resultTypeSpecifier localId="580" xsi:type="ListTypeSpecifier">
                     <elementType localId="581" xmlns:ns43="urn:healthit-gov:qdm:v5_6" name="ns43:PositiveProcedurePerformed" xsi:type="NamedTypeSpecifier"/>
                  </resultTypeSpecifier>
               </operand>
            </operand>
         </expression>
      </def>
      <def localId="585" locator="54:1-56:98" name="Malignant Neoplasm" context="Patient" accessLevel="Public">
         <annotation xsi:type="a:Annotation">
            <a:s r="585">
               <a:s>define &quot;Malignant Neoplasm&quot;:
  </a:s>
               <a:s r="609">
                  <a:s>
                     <a:s r="586">
                        <a:s r="589">
                           <a:s r="589">
                              <a:s>[&quot;Diagnosis&quot;: </a:s>
                              <a:s>
                                 <a:s>&quot;Malignant Neoplasm of Colon&quot;</a:s>
                              </a:s>
                              <a:s>]</a:s>
                           </a:s>
                        </a:s>
                        <a:s> ColorectalCancer</a:s>
                     </a:s>
                  </a:s>
                  <a:s>
    </a:s>
                  <a:s r="608">
                     <a:s>where </a:s>
                     <a:s r="608">
                        <a:s r="598">
                           <a:s r="597">
                              <a:s>ColorectalCancer</a:s>
                           </a:s>
                           <a:s>.</a:s>
                           <a:s r="598">
                              <a:s>prevalencePeriod</a:s>
                           </a:s>
                        </a:s>
                        <a:s r="608"> starts on or before day of </a:s>
                        <a:s r="603">
                           <a:s>end of </a:s>
                           <a:s r="604">
                              <a:s>&quot;Measurement Period&quot;</a:s>
                           </a:s>
                        </a:s>
                     </a:s>
                  </a:s>
               </a:s>
            </a:s>
         </annotation>
         <resultTypeSpecifier localId="612" xsi:type="ListTypeSpecifier">
            <elementType localId="613" xmlns:ns44="urn:healthit-gov:qdm:v5_6" name="ns44:Diagnosis" xsi:type="NamedTypeSpecifier"/>
         </resultTypeSpecifier>
         <expression localId="609" locator="55:3-56:98" xsi:type="Query">
            <resultTypeSpecifier localId="610" xsi:type="ListTypeSpecifier">
               <elementType localId="611" xmlns:ns45="urn:healthit-gov:qdm:v5_6" name="ns45:Diagnosis" xsi:type="NamedTypeSpecifier"/>
            </resultTypeSpecifier>
            <source localId="586" locator="55:3-55:63" alias="ColorectalCancer">
               <resultTypeSpecifier localId="595" xsi:type="ListTypeSpecifier">
                  <elementType localId="596" xmlns:ns46="urn:healthit-gov:qdm:v5_6" name="ns46:Diagnosis" xsi:type="NamedTypeSpecifier"/>
               </resultTypeSpecifier>
               <expression localId="589" locator="55:3-55:46" xmlns:ns47="urn:healthit-gov:qdm:v5_6" dataType="ns47:Diagnosis" codeProperty="code" codeComparator="in" xsi:type="Retrieve">
                  <resultTypeSpecifier localId="593" xsi:type="ListTypeSpecifier">
                     <elementType localId="594" xmlns:ns48="urn:healthit-gov:qdm:v5_6" name="ns48:Diagnosis" xsi:type="NamedTypeSpecifier"/>
                  </resultTypeSpecifier>
                  <codes localId="588" locator="55:17-55:45" resultTypeName="t:ValueSet" name="Malignant Neoplasm of Colon" preserve="true" xsi:type="ValueSetRef"/>
               </expression>
            </source>
            <where localId="608" locator="56:5-56:98" resultTypeName="t:Boolean" precision="Day" xsi:type="SameOrBefore">
               <operand localId="607" locator="56:45-56:50" xsi:type="Start">
                  <operand localId="598" locator="56:11-56:43" path="prevalencePeriod" scope="ColorectalCancer" xsi:type="Property">
                     <resultTypeSpecifier localId="601" xsi:type="IntervalTypeSpecifier">
                        <pointType localId="602" name="t:DateTime" xsi:type="NamedTypeSpecifier"/>
                     </resultTypeSpecifier>
                  </operand>
               </operand>
               <operand localId="603" locator="56:72-56:98" resultTypeName="t:DateTime" xsi:type="End">
                  <operand localId="604" locator="56:79-56:98" name="Measurement Period" xsi:type="ParameterRef">
                     <resultTypeSpecifier localId="605" xsi:type="IntervalTypeSpecifier">
                        <pointType localId="606" name="t:DateTime" xsi:type="NamedTypeSpecifier"/>
                     </resultTypeSpecifier>
                  </operand>
               </operand>
            </where>
         </expression>
      </def>
      <def localId="615" locator="58:1-60:146" name="Total Colectomy Performed" context="Patient" accessLevel="Public">
         <annotation xsi:type="a:Annotation">
            <a:s r="615">
               <a:s>define &quot;Total Colectomy Performed&quot;:
  </a:s>
               <a:s r="647">
                  <a:s>
                     <a:s r="616">
                        <a:s r="619">
                           <a:s r="619">
                              <a:s>[&quot;Procedure, Performed&quot;: </a:s>
                              <a:s>
                                 <a:s>&quot;Total Colectomy&quot;</a:s>
                              </a:s>
                              <a:s>]</a:s>
                           </a:s>
                        </a:s>
                        <a:s> Colectomy</a:s>
                     </a:s>
                  </a:s>
                  <a:s>
    </a:s>
                  <a:s r="646">
                     <a:s>where </a:s>
                     <a:s r="646">
                        <a:s r="636">
                           <a:s r="627">
                              <a:s>Global</a:s>
                           </a:s>
                           <a:s>.</a:s>
                           <a:s r="636">
                              <a:s>&quot;NormalizeInterval&quot; ( </a:s>
                              <a:s r="629">
                                 <a:s r="628">
                                    <a:s>Colectomy</a:s>
                                 </a:s>
                                 <a:s>.</a:s>
                                 <a:s r="629">
                                    <a:s>relevantDatetime</a:s>
                                 </a:s>
                              </a:s>
                              <a:s>, </a:s>
                              <a:s r="631">
                                 <a:s r="630">
                                    <a:s>Colectomy</a:s>
                                 </a:s>
                                 <a:s>.</a:s>
                                 <a:s r="631">
                                    <a:s>relevantPeriod</a:s>
                                 </a:s>
                              </a:s>
                              <a:s> )</a:s>
                           </a:s>
                        </a:s>
                        <a:s r="646"> ends on or before day of </a:s>
                        <a:s r="641">
                           <a:s>end of </a:s>
                           <a:s r="642">
                              <a:s>&quot;Measurement Period&quot;</a:s>
                           </a:s>
                        </a:s>
                     </a:s>
                  </a:s>
               </a:s>
            </a:s>
         </annotation>
         <resultTypeSpecifier localId="650" xsi:type="ListTypeSpecifier">
            <elementType localId="651" xmlns:ns49="urn:healthit-gov:qdm:v5_6" name="ns49:PositiveProcedurePerformed" xsi:type="NamedTypeSpecifier"/>
         </resultTypeSpecifier>
         <expression localId="647" locator="59:3-60:146" xsi:type="Query">
            <resultTypeSpecifier localId="648" xsi:type="ListTypeSpecifier">
               <elementType localId="649" xmlns:ns50="urn:healthit-gov:qdm:v5_6" name="ns50:PositiveProcedurePerformed" xsi:type="NamedTypeSpecifier"/>
            </resultTypeSpecifier>
            <source localId="616" locator="59:3-59:55" alias="Colectomy">
               <resultTypeSpecifier localId="625" xsi:type="ListTypeSpecifier">
                  <elementType localId="626" xmlns:ns51="urn:healthit-gov:qdm:v5_6" name="ns51:PositiveProcedurePerformed" xsi:type="NamedTypeSpecifier"/>
               </resultTypeSpecifier>
               <expression localId="619" locator="59:3-59:45" xmlns:ns52="urn:healthit-gov:qdm:v5_6" dataType="ns52:PositiveProcedurePerformed" templateId="PositiveProcedurePerformed" codeProperty="code" codeComparator="in" xsi:type="Retrieve">
                  <resultTypeSpecifier localId="623" xsi:type="ListTypeSpecifier">
                     <elementType localId="624" xmlns:ns53="urn:healthit-gov:qdm:v5_6" name="ns53:PositiveProcedurePerformed" xsi:type="NamedTypeSpecifier"/>
                  </resultTypeSpecifier>
                  <codes localId="618" locator="59:28-59:44" resultTypeName="t:ValueSet" name="Total Colectomy" preserve="true" xsi:type="ValueSetRef"/>
               </expression>
            </source>
            <where localId="646" locator="60:5-60:146" resultTypeName="t:Boolean" precision="Day" xsi:type="SameOrBefore">
               <operand localId="645" locator="60:95-60:98" xsi:type="End">
                  <operand localId="636" locator="60:11-60:93" name="NormalizeInterval" libraryName="Global" xsi:type="FunctionRef">
                     <resultTypeSpecifier localId="639" xsi:type="IntervalTypeSpecifier">
                        <pointType localId="640" name="t:DateTime" xsi:type="NamedTypeSpecifier"/>
                     </resultTypeSpecifier>
                     <operand localId="629" locator="60:40-60:65" resultTypeName="t:DateTime" path="relevantDatetime" scope="Colectomy" xsi:type="Property"/>
                     <operand localId="631" locator="60:68-60:91" path="relevantPeriod" scope="Colectomy" xsi:type="Property">
                        <resultTypeSpecifier localId="634" xsi:type="IntervalTypeSpecifier">
                           <pointType localId="635" name="t:DateTime" xsi:type="NamedTypeSpecifier"/>
                        </resultTypeSpecifier>
                     </operand>
                  </operand>
               </operand>
               <operand localId="641" locator="60:120-60:146" resultTypeName="t:DateTime" xsi:type="End">
                  <operand localId="642" locator="60:127-60:146" name="Measurement Period" xsi:type="ParameterRef">
                     <resultTypeSpecifier localId="643" xsi:type="IntervalTypeSpecifier">
                        <pointType localId="644" name="t:DateTime" xsi:type="NamedTypeSpecifier"/>
                     </resultTypeSpecifier>
                  </operand>
               </operand>
            </where>
         </expression>
      </def>
      <def localId="653" locator="68:1-71:23" resultTypeName="t:Boolean" name="Stratification 1" context="Patient" accessLevel="Public">
         <annotation xsi:type="a:Annotation">
            <a:s r="653">
               <a:s>define &quot;Stratification 1&quot;:
  </a:s>
               <a:s r="671">
                  <a:s r="665">
                     <a:s>AgeInYearsAt(</a:s>
                     <a:s r="654">
                        <a:s>date from 
    </a:s>
                        <a:s r="655">
                           <a:s>end of </a:s>
                           <a:s r="656">
                              <a:s>&quot;Measurement Period&quot;</a:s>
                           </a:s>
                        </a:s>
                     </a:s>
                     <a:s>
  )</a:s>
                  </a:s>
                  <a:s> in </a:s>
                  <a:s r="668">
                     <a:s r="666">Interval[46, 49]</a:s>
                  </a:s>
               </a:s>
            </a:s>
         </annotation>
         <expression localId="671" locator="69:3-71:23" resultTypeName="t:Boolean" xsi:type="In">
            <operand localId="665" locator="69:3-71:3" resultTypeName="t:Integer" precision="Year" xsi:type="CalculateAgeAt">
               <operand localId="664" xsi:type="ToDate">
                  <operand localId="662" path="birthDatetime" xsi:type="Property">
                     <source localId="661" name="Patient" xsi:type="ExpressionRef"/>
                  </operand>
               </operand>
               <operand localId="654" locator="69:16-70:31" resultTypeName="t:Date" xsi:type="DateFrom">
                  <operand localId="655" locator="70:5-70:31" resultTypeName="t:DateTime" xsi:type="End">
                     <operand localId="656" locator="70:12-70:31" name="Measurement Period" xsi:type="ParameterRef">
                        <resultTypeSpecifier localId="657" xsi:type="IntervalTypeSpecifier">
                           <pointType localId="658" name="t:DateTime" xsi:type="NamedTypeSpecifier"/>
                        </resultTypeSpecifier>
                     </operand>
                  </operand>
               </operand>
            </operand>
            <operand localId="668" locator="71:8-71:23" lowClosed="true" highClosed="true" xsi:type="Interval">
               <resultTypeSpecifier localId="669" xsi:type="IntervalTypeSpecifier">
                  <pointType localId="670" name="t:Integer" xsi:type="NamedTypeSpecifier"/>
               </resultTypeSpecifier>
               <low localId="666" locator="71:17-71:18" resultTypeName="t:Integer" valueType="t:Integer" value="46" xsi:type="Literal"/>
               <high localId="667" locator="71:21-71:22" resultTypeName="t:Integer" valueType="t:Integer" value="49" xsi:type="Literal"/>
            </operand>
         </expression>
      </def>
      <def localId="673" locator="73:1-76:23" resultTypeName="t:Boolean" name="Stratification 2" context="Patient" accessLevel="Public">
         <annotation xsi:type="a:Annotation">
            <a:s r="673">
               <a:s>define &quot;Stratification 2&quot;:
  </a:s>
               <a:s r="691">
                  <a:s r="685">
                     <a:s>AgeInYearsAt(</a:s>
                     <a:s r="674">
                        <a:s>date from 
    </a:s>
                        <a:s r="675">
                           <a:s>end of </a:s>
                           <a:s r="676">
                              <a:s>&quot;Measurement Period&quot;</a:s>
                           </a:s>
                        </a:s>
                     </a:s>
                     <a:s>
  )</a:s>
                  </a:s>
                  <a:s> in </a:s>
                  <a:s r="688">
                     <a:s r="686">Interval[50, 75]</a:s>
                  </a:s>
               </a:s>
            </a:s>
         </annotation>
         <expression localId="691" locator="74:3-76:23" resultTypeName="t:Boolean" xsi:type="In">
            <operand localId="685" locator="74:3-76:3" resultTypeName="t:Integer" precision="Year" xsi:type="CalculateAgeAt">
               <operand localId="684" xsi:type="ToDate">
                  <operand localId="682" path="birthDatetime" xsi:type="Property">
                     <source localId="681" name="Patient" xsi:type="ExpressionRef"/>
                  </operand>
               </operand>
               <operand localId="674" locator="74:16-75:31" resultTypeName="t:Date" xsi:type="DateFrom">
                  <operand localId="675" locator="75:5-75:31" resultTypeName="t:DateTime" xsi:type="End">
                     <operand localId="676" locator="75:12-75:31" name="Measurement Period" xsi:type="ParameterRef">
                        <resultTypeSpecifier localId="677" xsi:type="IntervalTypeSpecifier">
                           <pointType localId="678" name="t:DateTime" xsi:type="NamedTypeSpecifier"/>
                        </resultTypeSpecifier>
                     </operand>
                  </operand>
               </operand>
            </operand>
            <operand localId="688" locator="76:8-76:23" lowClosed="true" highClosed="true" xsi:type="Interval">
               <resultTypeSpecifier localId="689" xsi:type="IntervalTypeSpecifier">
                  <pointType localId="690" name="t:Integer" xsi:type="NamedTypeSpecifier"/>
               </resultTypeSpecifier>
               <low localId="686" locator="76:17-76:18" resultTypeName="t:Integer" valueType="t:Integer" value="50" xsi:type="Literal"/>
               <high localId="687" locator="76:21-76:22" resultTypeName="t:Integer" valueType="t:Integer" value="75" xsi:type="Literal"/>
            </operand>
         </expression>
      </def>
      <def localId="699" locator="90:1-96:69" resultTypeName="t:Boolean" name="Denominator Exclusions" context="Patient" accessLevel="Public">
         <annotation xsi:type="a:Annotation">
            <a:s r="699">
               <a:s>define &quot;Denominator Exclusions&quot;:
  </a:s>
               <a:s r="700">
                  <a:s r="701">
                     <a:s r="702">
                        <a:s r="703">
                           <a:s r="704">
                              <a:s r="706">
                                 <a:s r="705">
                                    <a:s>Hospice</a:s>
                                 </a:s>
                                 <a:s>.</a:s>
                                 <a:s r="706">
                                    <a:s>&quot;Has Hospice Services&quot;</a:s>
                                 </a:s>
                              </a:s>
                              <a:s>
    or </a:s>
                              <a:s r="707">
                                 <a:s>exists </a:s>
                                 <a:s r="708">
                                    <a:s>&quot;Malignant Neoplasm&quot;</a:s>
                                 </a:s>
                              </a:s>
                           </a:s>
                           <a:s>
    or </a:s>
                           <a:s r="711">
                              <a:s>exists </a:s>
                              <a:s r="712">
                                 <a:s>&quot;Total Colectomy Performed&quot;</a:s>
                              </a:s>
                           </a:s>
                        </a:s>
                        <a:s>
    or </a:s>
                        <a:s r="716">
                           <a:s r="715">
                              <a:s>AIFrailLTCF</a:s>
                           </a:s>
                           <a:s>.</a:s>
                           <a:s r="716">
                              <a:s>&quot;Is Age 66 or Older with Advanced Illness and Frailty&quot;</a:s>
                           </a:s>
                        </a:s>
                     </a:s>
                     <a:s>
    or </a:s>
                     <a:s r="718">
                        <a:s r="717">
                           <a:s>AIFrailLTCF</a:s>
                        </a:s>
                        <a:s>.</a:s>
                        <a:s r="718">
                           <a:s>&quot;Is Age 66 or Older Living Long Term in a Nursing Home&quot;</a:s>
                        </a:s>
                     </a:s>
                  </a:s>
                  <a:s>
    or </a:s>
                  <a:s r="720">
                     <a:s r="719">
                        <a:s>PalliativeCare</a:s>
                     </a:s>
                     <a:s>.</a:s>
                     <a:s r="720">
                        <a:s>&quot;Has Palliative Care in the Measurement Period&quot;</a:s>
                     </a:s>
                  </a:s>
               </a:s>
            </a:s>
         </annotation>
         <expression localId="700" locator="91:3-96:69" resultTypeName="t:Boolean" xsi:type="Or">
            <operand localId="701" locator="91:3-95:74" resultTypeName="t:Boolean" xsi:type="Or">
               <operand localId="702" locator="91:3-94:73" resultTypeName="t:Boolean" xsi:type="Or">
                  <operand localId="703" locator="91:3-93:41" resultTypeName="t:Boolean" xsi:type="Or">
                     <operand localId="704" locator="91:3-92:34" resultTypeName="t:Boolean" xsi:type="Or">
                        <operand localId="706" locator="91:3-91:32" resultTypeName="t:Boolean" name="Has Hospice Services" libraryName="Hospice" xsi:type="ExpressionRef"/>
                        <operand localId="707" locator="92:8-92:34" resultTypeName="t:Boolean" xsi:type="Exists">
                           <operand localId="708" locator="92:15-92:34" name="Malignant Neoplasm" xsi:type="ExpressionRef">
                              <resultTypeSpecifier localId="709" xsi:type="ListTypeSpecifier">
                                 <elementType localId="710" xmlns:ns54="urn:healthit-gov:qdm:v5_6" name="ns54:Diagnosis" xsi:type="NamedTypeSpecifier"/>
                              </resultTypeSpecifier>
                           </operand>
                        </operand>
                     </operand>
                     <operand localId="711" locator="93:8-93:41" resultTypeName="t:Boolean" xsi:type="Exists">
                        <operand localId="712" locator="93:15-93:41" name="Total Colectomy Performed" xsi:type="ExpressionRef">
                           <resultTypeSpecifier localId="713" xsi:type="ListTypeSpecifier">
                              <elementType localId="714" xmlns:ns55="urn:healthit-gov:qdm:v5_6" name="ns55:PositiveProcedurePerformed" xsi:type="NamedTypeSpecifier"/>
                           </resultTypeSpecifier>
                        </operand>
                     </operand>
                  </operand>
                  <operand localId="716" locator="94:8-94:73" resultTypeName="t:Boolean" name="Is Age 66 or Older with Advanced Illness and Frailty" libraryName="AIFrailLTCF" xsi:type="ExpressionRef"/>
               </operand>
               <operand localId="718" locator="95:8-95:74" resultTypeName="t:Boolean" name="Is Age 66 or Older Living Long Term in a Nursing Home" libraryName="AIFrailLTCF" xsi:type="ExpressionRef"/>
            </operand>
            <operand localId="720" locator="96:8-96:69" resultTypeName="t:Boolean" name="Has Palliative Care in the Measurement Period" libraryName="PalliativeCare" xsi:type="ExpressionRef"/>
         </expression>
      </def>
   </statements>
</library>
