{
   "library" : {
      "annotation" : [ {
         "translatorOptions" : "EnableAnnotations,EnableLocators,DisableListDemotion,DisableListPromotion,DisableMethodInvocation",
         "type" : "CqlToElmInfo"
      }, {
         "type" : "Annotation",
         "s" : {
            "r" : "124",
            "s" : [ {
               "value" : [ "","library HospitalHarmSevereHypoglycemia version '2.0.000'" ]
            } ]
         }
      } ],
      "identifier" : {
         "id" : "HospitalHarmSevereHypoglycemia",
         "version" : "2.0.000"
      },
      "schemaIdentifier" : {
         "id" : "urn:hl7-org:elm",
         "version" : "r1"
      },
      "usings" : {
         "def" : [ {
            "localIdentifier" : "System",
            "uri" : "urn:hl7-org:elm-types:r1"
         }, {
            "localId" : "1",
            "locator" : "3:1-3:23",
            "localIdentifier" : "QDM",
            "uri" : "urn:healthit-gov:qdm:v5_6",
            "version" : "5.6",
            "annotation" : [ {
               "type" : "Annotation",
               "s" : {
                  "r" : "1",
                  "s" : [ {
                     "value" : [ "","using " ]
                  }, {
                     "s" : [ {
                        "value" : [ "QDM" ]
                     } ]
                  }, {
                     "value" : [ " version ","'5.6'" ]
                  } ]
               }
            } ]
         } ]
      },
      "includes" : {
         "def" : [ {
            "localId" : "2",
            "locator" : "5:1-5:64",
            "localIdentifier" : "Global",
            "path" : "MATGlobalCommonFunctions",
            "version" : "7.0.000",
            "annotation" : [ {
               "type" : "Annotation",
               "s" : {
                  "r" : "2",
                  "s" : [ {
                     "value" : [ "","include " ]
                  }, {
                     "s" : [ {
                        "value" : [ "MATGlobalCommonFunctions" ]
                     } ]
                  }, {
                     "value" : [ " version ","'7.0.000'"," called ","Global" ]
                  } ]
               }
            } ]
         } ]
      },
      "parameters" : {
         "def" : [ {
            "localId" : "12",
            "locator" : "15:1-15:49",
            "name" : "Measurement Period",
            "accessLevel" : "Public",
            "annotation" : [ {
               "type" : "Annotation",
               "s" : {
                  "r" : "12",
                  "s" : [ {
                     "value" : [ "","parameter ","\"Measurement Period\""," " ]
                  }, {
                     "r" : "11",
                     "s" : [ {
                        "value" : [ "Interval<" ]
                     }, {
                        "r" : "10",
                        "s" : [ {
                           "value" : [ "DateTime" ]
                        } ]
                     }, {
                        "value" : [ ">" ]
                     } ]
                  } ]
               }
            } ],
            "parameterTypeSpecifier" : {
               "localId" : "11",
               "locator" : "15:32-15:49",
               "type" : "IntervalTypeSpecifier",
               "pointType" : {
                  "localId" : "10",
                  "locator" : "15:41-15:48",
                  "name" : "{urn:hl7-org:elm-types:r1}DateTime",
                  "type" : "NamedTypeSpecifier"
               }
            }
         } ]
      },
      "valueSets" : {
         "def" : [ {
            "localId" : "3",
            "locator" : "7:1-7:71",
            "name" : "Encounter Inpatient",
            "id" : "urn:oid:2.16.840.1.113883.3.666.5.307",
            "accessLevel" : "Public",
            "annotation" : [ {
               "type" : "Annotation",
               "s" : {
                  "r" : "3",
                  "s" : [ {
                     "value" : [ "","valueset ","\"Encounter Inpatient\"",": ","'urn:oid:2.16.840.1.113883.3.666.5.307'" ]
                  } ]
               }
            } ]
         }, {
            "localId" : "4",
            "locator" : "8:1-8:58",
            "name" : "Ethnicity",
            "id" : "urn:oid:2.16.840.1.114222.4.11.837",
            "accessLevel" : "Public",
            "annotation" : [ {
               "type" : "Annotation",
               "s" : {
                  "r" : "4",
                  "s" : [ {
                     "value" : [ "","valueset ","\"Ethnicity\"",": ","'urn:oid:2.16.840.1.114222.4.11.837'" ]
                  } ]
               }
            } ]
         }, {
            "localId" : "5",
            "locator" : "9:1-9:84",
            "name" : "Glucose Lab Test Mass Per Volume",
            "id" : "urn:oid:2.16.840.1.113762.1.4.1248.34",
            "accessLevel" : "Public",
            "annotation" : [ {
               "type" : "Annotation",
               "s" : {
                  "r" : "5",
                  "s" : [ {
                     "value" : [ "","valueset ","\"Glucose Lab Test Mass Per Volume\"",": ","'urn:oid:2.16.840.1.113762.1.4.1248.34'" ]
                  } ]
               }
            } ]
         }, {
            "localId" : "6",
            "locator" : "10:1-10:86",
            "name" : "Hypoglycemics Severe Hypoglycemia",
            "id" : "urn:oid:2.16.840.1.113762.1.4.1196.393",
            "accessLevel" : "Public",
            "annotation" : [ {
               "type" : "Annotation",
               "s" : {
                  "r" : "6",
                  "s" : [ {
                     "value" : [ "","valueset ","\"Hypoglycemics Severe Hypoglycemia\"",": ","'urn:oid:2.16.840.1.113762.1.4.1196.393'" ]
                  } ]
               }
            } ]
         }, {
            "localId" : "7",
            "locator" : "11:1-11:68",
            "name" : "ONC Administrative Sex",
            "id" : "urn:oid:2.16.840.1.113762.1.4.1",
            "accessLevel" : "Public",
            "annotation" : [ {
               "type" : "Annotation",
               "s" : {
                  "r" : "7",
                  "s" : [ {
                     "value" : [ "","valueset ","\"ONC Administrative Sex\"",": ","'urn:oid:2.16.840.1.113762.1.4.1'" ]
                  } ]
               }
            } ]
         }, {
            "localId" : "8",
            "locator" : "12:1-12:55",
            "name" : "Payer",
            "id" : "urn:oid:2.16.840.1.114222.4.11.3591",
            "accessLevel" : "Public",
            "annotation" : [ {
               "type" : "Annotation",
               "s" : {
                  "r" : "8",
                  "s" : [ {
                     "value" : [ "","valueset ","\"Payer\"",": ","'urn:oid:2.16.840.1.114222.4.11.3591'" ]
                  } ]
               }
            } ]
         }, {
            "localId" : "9",
            "locator" : "13:1-13:53",
            "name" : "Race",
            "id" : "urn:oid:2.16.840.1.114222.4.11.836",
            "accessLevel" : "Public",
            "annotation" : [ {
               "type" : "Annotation",
               "s" : {
                  "r" : "9",
                  "s" : [ {
                     "value" : [ "","valueset ","\"Race\"",": ","'urn:oid:2.16.840.1.114222.4.11.836'" ]
                  } ]
               }
            } ]
         } ]
      },
      "contexts" : {
         "def" : [ {
            "locator" : "17:1-17:15",
            "name" : "Patient"
         } ]
      },
      "statements" : {
         "def" : [ {
            "locator" : "17:1-17:15",
            "name" : "Patient",
            "context" : "Patient",
            "expression" : {
               "type" : "SingletonFrom",
               "operand" : {
                  "locator" : "17:1-17:15",
                  "dataType" : "{urn:healthit-gov:qdm:v5_6}Patient",
                  "templateId" : "Patient",
                  "type" : "Retrieve"
               }
            }
         }, {
            "localId" : "29",
            "locator" : "48:1-51:107",
            "name" : "Qualifying Encounter",
            "context" : "Patient",
            "accessLevel" : "Public",
            "annotation" : [ {
               "type" : "Annotation",
               "s" : {
                  "r" : "29",
                  "s" : [ {
                     "value" : [ "","define ","\"Qualifying Encounter\"",":\n  " ]
                  }, {
                     "r" : "28",
                     "s" : [ {
                        "s" : [ {
                           "r" : "14",
                           "s" : [ {
                              "r" : "13",
                              "s" : [ {
                                 "r" : "13",
                                 "s" : [ {
                                    "value" : [ "[","\"Encounter, Performed\"",": " ]
                                 }, {
                                    "s" : [ {
                                       "value" : [ "\"Encounter Inpatient\"" ]
                                    } ]
                                 }, {
                                    "value" : [ "]" ]
                                 } ]
                              } ]
                           }, {
                              "value" : [ " ","InpatientEncounter" ]
                           } ]
                        } ]
                     }, {
                        "value" : [ "\n    " ]
                     }, {
                        "r" : "27",
                        "s" : [ {
                           "value" : [ "where " ]
                        }, {
                           "r" : "27",
                           "s" : [ {
                              "r" : "18",
                              "s" : [ {
                                 "r" : "16",
                                 "s" : [ {
                                    "r" : "15",
                                    "s" : [ {
                                       "value" : [ "InpatientEncounter" ]
                                    } ]
                                 }, {
                                    "value" : [ "." ]
                                 }, {
                                    "r" : "16",
                                    "s" : [ {
                                       "value" : [ "relevantPeriod" ]
                                    } ]
                                 } ]
                              }, {
                                 "r" : "18",
                                 "value" : [ " ","ends during day of"," " ]
                              }, {
                                 "r" : "17",
                                 "s" : [ {
                                    "value" : [ "\"Measurement Period\"" ]
                                 } ]
                              } ]
                           }, {
                              "value" : [ "\n      and " ]
                           }, {
                              "r" : "26",
                              "s" : [ {
                                 "r" : "24",
                                 "s" : [ {
                                    "value" : [ "AgeInYearsAt","(" ]
                                 }, {
                                    "r" : "23",
                                    "s" : [ {
                                       "value" : [ "date from " ]
                                    }, {
                                       "r" : "22",
                                       "s" : [ {
                                          "value" : [ "start of " ]
                                       }, {
                                          "r" : "21",
                                          "s" : [ {
                                             "r" : "19",
                                             "s" : [ {
                                                "value" : [ "Global" ]
                                             } ]
                                          }, {
                                             "value" : [ "." ]
                                          }, {
                                             "r" : "21",
                                             "s" : [ {
                                                "value" : [ "\"HospitalizationWithObservation\"","(" ]
                                             }, {
                                                "r" : "20",
                                                "s" : [ {
                                                   "value" : [ "InpatientEncounter" ]
                                                } ]
                                             }, {
                                                "value" : [ ")" ]
                                             } ]
                                          } ]
                                       } ]
                                    } ]
                                 }, {
                                    "value" : [ ")" ]
                                 } ]
                              }, {
                                 "r" : "25",
                                 "value" : [ ">="," ","18" ]
                              } ]
                           } ]
                        } ]
                     } ]
                  } ]
               }
            } ],
            "expression" : {
               "localId" : "28",
               "locator" : "49:3-51:107",
               "type" : "Query",
               "source" : [ {
                  "localId" : "14",
                  "locator" : "49:3-49:68",
                  "alias" : "InpatientEncounter",
                  "expression" : {
                     "localId" : "13",
                     "locator" : "49:3-49:49",
                     "dataType" : "{urn:healthit-gov:qdm:v5_6}PositiveEncounterPerformed",
                     "templateId" : "PositiveEncounterPerformed",
                     "codeProperty" : "code",
                     "codeComparator" : "in",
                     "type" : "Retrieve",
                     "codes" : {
                        "locator" : "49:28-49:48",
                        "name" : "Encounter Inpatient",
                        "type" : "ValueSetRef"
                     }
                  }
               } ],
               "relationship" : [ ],
               "where" : {
                  "localId" : "27",
                  "locator" : "50:5-51:107",
                  "type" : "And",
                  "operand" : [ {
                     "localId" : "18",
                     "locator" : "50:11-50:83",
                     "precision" : "Day",
                     "type" : "In",
                     "operand" : [ {
                        "locator" : "50:45-50:48",
                        "type" : "End",
                        "operand" : {
                           "localId" : "16",
                           "locator" : "50:11-50:43",
                           "path" : "relevantPeriod",
                           "scope" : "InpatientEncounter",
                           "type" : "Property"
                        }
                     }, {
                        "localId" : "17",
                        "locator" : "50:64-50:83",
                        "name" : "Measurement Period",
                        "type" : "ParameterRef"
                     } ]
                  }, {
                     "localId" : "26",
                     "locator" : "51:11-51:107",
                     "type" : "GreaterOrEqual",
                     "operand" : [ {
                        "localId" : "24",
                        "locator" : "51:11-51:102",
                        "precision" : "Year",
                        "type" : "CalculateAgeAt",
                        "operand" : [ {
                           "type" : "ToDate",
                           "operand" : {
                              "path" : "birthDatetime",
                              "type" : "Property",
                              "source" : {
                                 "name" : "Patient",
                                 "type" : "ExpressionRef"
                              }
                           }
                        }, {
                           "localId" : "23",
                           "locator" : "51:24-51:101",
                           "type" : "DateFrom",
                           "operand" : {
                              "localId" : "22",
                              "locator" : "51:34-51:101",
                              "type" : "Start",
                              "operand" : {
                                 "localId" : "21",
                                 "locator" : "51:43-51:101",
                                 "name" : "HospitalizationWithObservation",
                                 "libraryName" : "Global",
                                 "type" : "FunctionRef",
                                 "operand" : [ {
                                    "localId" : "20",
                                    "locator" : "51:83-51:100",
                                    "name" : "InpatientEncounter",
                                    "type" : "AliasRef"
                                 } ]
                              }
                           }
                        } ]
                     }, {
                        "localId" : "25",
                        "locator" : "51:106-51:107",
                        "valueType" : "{urn:hl7-org:elm-types:r1}Integer",
                        "value" : "18",
                        "type" : "Literal"
                     } ]
                  } ]
               }
            }
         }, {
            "localId" : "33",
            "locator" : "34:1-35:67",
            "name" : "Hypoglycemic Medication Administration",
            "context" : "Patient",
            "accessLevel" : "Public",
            "annotation" : [ {
               "type" : "Annotation",
               "s" : {
                  "r" : "33",
                  "s" : [ {
                     "value" : [ "","define ","\"Hypoglycemic Medication Administration\"",":\n  " ]
                  }, {
                     "r" : "32",
                     "s" : [ {
                        "value" : [ "[","\"Medication, Administered\"",": " ]
                     }, {
                        "s" : [ {
                           "value" : [ "\"Hypoglycemics Severe Hypoglycemia\"" ]
                        } ]
                     }, {
                        "value" : [ "]" ]
                     } ]
                  } ]
               }
            } ],
            "expression" : {
               "localId" : "32",
               "locator" : "35:3-35:67",
               "dataType" : "{urn:healthit-gov:qdm:v5_6}PositiveMedicationAdministered",
               "templateId" : "PositiveMedicationAdministered",
               "codeProperty" : "code",
               "codeComparator" : "in",
               "type" : "Retrieve",
               "codes" : {
                  "locator" : "35:32-35:66",
                  "name" : "Hypoglycemics Severe Hypoglycemia",
                  "type" : "ValueSetRef"
               }
            }
         }, {
            "localId" : "48",
            "locator" : "40:1-43:186",
            "name" : "Encounter With Hypoglycemic Medication Administration",
            "context" : "Patient",
            "accessLevel" : "Public",
            "annotation" : [ {
               "type" : "Annotation",
               "s" : {
                  "r" : "48",
                  "s" : [ {
                     "value" : [ "","define ","\"Encounter With Hypoglycemic Medication Administration\"",":\n  " ]
                  }, {
                     "r" : "47",
                     "s" : [ {
                        "s" : [ {
                           "r" : "31",
                           "s" : [ {
                              "r" : "30",
                              "s" : [ {
                                 "s" : [ {
                                    "value" : [ "\"Qualifying Encounter\"" ]
                                 } ]
                              } ]
                           }, {
                              "value" : [ " ","InpatientEncounter" ]
                           } ]
                        } ]
                     }, {
                        "value" : [ "\n    " ]
                     }, {
                        "r" : "46",
                        "s" : [ {
                           "value" : [ "with " ]
                        }, {
                           "r" : "35",
                           "s" : [ {
                              "r" : "34",
                              "s" : [ {
                                 "s" : [ {
                                    "value" : [ "\"Hypoglycemic Medication Administration\"" ]
                                 } ]
                              } ]
                           }, {
                              "value" : [ " ","HypoglycemicMed" ]
                           } ]
                        }, {
                           "value" : [ "\n      such that " ]
                        }, {
                           "r" : "45",
                           "s" : [ {
                              "r" : "41",
                              "s" : [ {
                                 "r" : "36",
                                 "s" : [ {
                                    "value" : [ "Global" ]
                                 } ]
                              }, {
                                 "value" : [ "." ]
                              }, {
                                 "r" : "41",
                                 "s" : [ {
                                    "value" : [ "\"NormalizeInterval\""," ( " ]
                                 }, {
                                    "r" : "38",
                                    "s" : [ {
                                       "r" : "37",
                                       "s" : [ {
                                          "value" : [ "HypoglycemicMed" ]
                                       } ]
                                    }, {
                                       "value" : [ "." ]
                                    }, {
                                       "r" : "38",
                                       "s" : [ {
                                          "value" : [ "relevantDatetime" ]
                                       } ]
                                    } ]
                                 }, {
                                    "value" : [ ", " ]
                                 }, {
                                    "r" : "40",
                                    "s" : [ {
                                       "r" : "39",
                                       "s" : [ {
                                          "value" : [ "HypoglycemicMed" ]
                                       } ]
                                    }, {
                                       "value" : [ "." ]
                                    }, {
                                       "r" : "40",
                                       "s" : [ {
                                          "value" : [ "relevantPeriod" ]
                                       } ]
                                    } ]
                                 }, {
                                    "value" : [ " )" ]
                                 } ]
                              } ]
                           }, {
                              "r" : "45",
                              "value" : [ " ","starts during"," " ]
                           }, {
                              "r" : "44",
                              "s" : [ {
                                 "r" : "42",
                                 "s" : [ {
                                    "value" : [ "Global" ]
                                 } ]
                              }, {
                                 "value" : [ "." ]
                              }, {
                                 "r" : "44",
                                 "s" : [ {
                                    "value" : [ "HospitalizationWithObservation"," ( " ]
                                 }, {
                                    "r" : "43",
                                    "s" : [ {
                                       "value" : [ "InpatientEncounter" ]
                                    } ]
                                 }, {
                                    "value" : [ " )" ]
                                 } ]
                              } ]
                           } ]
                        } ]
                     } ]
                  } ]
               }
            } ],
            "expression" : {
               "localId" : "47",
               "locator" : "41:3-43:186",
               "type" : "Query",
               "source" : [ {
                  "localId" : "31",
                  "locator" : "41:3-41:43",
                  "alias" : "InpatientEncounter",
                  "expression" : {
                     "localId" : "30",
                     "locator" : "41:3-41:24",
                     "name" : "Qualifying Encounter",
                     "type" : "ExpressionRef"
                  }
               } ],
               "relationship" : [ {
                  "localId" : "46",
                  "locator" : "42:5-43:186",
                  "alias" : "HypoglycemicMed",
                  "type" : "With",
                  "expression" : {
                     "localId" : "34",
                     "locator" : "42:10-42:49",
                     "name" : "Hypoglycemic Medication Administration",
                     "type" : "ExpressionRef"
                  },
                  "suchThat" : {
                     "localId" : "45",
                     "locator" : "43:17-43:186",
                     "type" : "In",
                     "operand" : [ {
                        "locator" : "43:113-43:118",
                        "type" : "Start",
                        "operand" : {
                           "localId" : "41",
                           "locator" : "43:17-43:111",
                           "name" : "NormalizeInterval",
                           "libraryName" : "Global",
                           "type" : "FunctionRef",
                           "operand" : [ {
                              "localId" : "38",
                              "locator" : "43:46-43:77",
                              "path" : "relevantDatetime",
                              "scope" : "HypoglycemicMed",
                              "type" : "Property"
                           }, {
                              "localId" : "40",
                              "locator" : "43:80-43:109",
                              "path" : "relevantPeriod",
                              "scope" : "HypoglycemicMed",
                              "type" : "Property"
                           } ]
                        }
                     }, {
                        "localId" : "44",
                        "locator" : "43:127-43:186",
                        "name" : "HospitalizationWithObservation",
                        "libraryName" : "Global",
                        "type" : "FunctionRef",
                        "operand" : [ {
                           "localId" : "43",
                           "locator" : "43:167-43:184",
                           "name" : "InpatientEncounter",
                           "type" : "AliasRef"
                        } ]
                     } ]
                  }
               } ]
            }
         }, {
            "localId" : "50",
            "locator" : "45:1-46:57",
            "name" : "Initial Population",
            "context" : "Patient",
            "accessLevel" : "Public",
            "annotation" : [ {
               "type" : "Annotation",
               "s" : {
                  "r" : "50",
                  "s" : [ {
                     "value" : [ "","define ","\"Initial Population\"",":\n  " ]
                  }, {
                     "r" : "49",
                     "s" : [ {
                        "value" : [ "\"Encounter With Hypoglycemic Medication Administration\"" ]
                     } ]
                  } ]
               }
            } ],
            "expression" : {
               "localId" : "49",
               "locator" : "46:3-46:57",
               "name" : "Encounter With Hypoglycemic Medication Administration",
               "type" : "ExpressionRef"
            }
         }, {
            "localId" : "52",
            "locator" : "19:1-20:22",
            "name" : "Denominator",
            "context" : "Patient",
            "accessLevel" : "Public",
            "annotation" : [ {
               "type" : "Annotation",
               "s" : {
                  "r" : "52",
                  "s" : [ {
                     "value" : [ "","define ","\"Denominator\"",":\n  " ]
                  }, {
                     "r" : "51",
                     "s" : [ {
                        "value" : [ "\"Initial Population\"" ]
                     } ]
                  } ]
               }
            } ],
            "expression" : {
               "localId" : "51",
               "locator" : "20:3-20:22",
               "name" : "Initial Population",
               "type" : "ExpressionRef"
            }
         }, {
            "localId" : "54",
            "locator" : "22:1-23:51",
            "name" : "SDE Ethnicity",
            "context" : "Patient",
            "accessLevel" : "Public",
            "annotation" : [ {
               "type" : "Annotation",
               "s" : {
                  "r" : "54",
                  "s" : [ {
                     "value" : [ "","define ","\"SDE Ethnicity\"",":\n  " ]
                  }, {
                     "r" : "53",
                     "s" : [ {
                        "value" : [ "[","\"Patient Characteristic Ethnicity\"",": " ]
                     }, {
                        "s" : [ {
                           "value" : [ "\"Ethnicity\"" ]
                        } ]
                     }, {
                        "value" : [ "]" ]
                     } ]
                  } ]
               }
            } ],
            "expression" : {
               "localId" : "53",
               "locator" : "23:3-23:51",
               "dataType" : "{urn:healthit-gov:qdm:v5_6}PatientCharacteristicEthnicity",
               "codeProperty" : "code",
               "codeComparator" : "in",
               "type" : "Retrieve",
               "codes" : {
                  "locator" : "23:40-23:50",
                  "name" : "Ethnicity",
                  "type" : "ValueSetRef"
               }
            }
         }, {
            "localId" : "56",
            "locator" : "25:1-26:43",
            "name" : "SDE Payer",
            "context" : "Patient",
            "accessLevel" : "Public",
            "annotation" : [ {
               "type" : "Annotation",
               "s" : {
                  "r" : "56",
                  "s" : [ {
                     "value" : [ "","define ","\"SDE Payer\"",":\n  " ]
                  }, {
                     "r" : "55",
                     "s" : [ {
                        "value" : [ "[","\"Patient Characteristic Payer\"",": " ]
                     }, {
                        "s" : [ {
                           "value" : [ "\"Payer\"" ]
                        } ]
                     }, {
                        "value" : [ "]" ]
                     } ]
                  } ]
               }
            } ],
            "expression" : {
               "localId" : "55",
               "locator" : "26:3-26:43",
               "dataType" : "{urn:healthit-gov:qdm:v5_6}PatientCharacteristicPayer",
               "codeProperty" : "code",
               "codeComparator" : "in",
               "type" : "Retrieve",
               "codes" : {
                  "locator" : "26:36-26:42",
                  "name" : "Payer",
                  "type" : "ValueSetRef"
               }
            }
         }, {
            "localId" : "58",
            "locator" : "28:1-29:41",
            "name" : "SDE Race",
            "context" : "Patient",
            "accessLevel" : "Public",
            "annotation" : [ {
               "type" : "Annotation",
               "s" : {
                  "r" : "58",
                  "s" : [ {
                     "value" : [ "","define ","\"SDE Race\"",":\n  " ]
                  }, {
                     "r" : "57",
                     "s" : [ {
                        "value" : [ "[","\"Patient Characteristic Race\"",": " ]
                     }, {
                        "s" : [ {
                           "value" : [ "\"Race\"" ]
                        } ]
                     }, {
                        "value" : [ "]" ]
                     } ]
                  } ]
               }
            } ],
            "expression" : {
               "localId" : "57",
               "locator" : "29:3-29:41",
               "dataType" : "{urn:healthit-gov:qdm:v5_6}PatientCharacteristicRace",
               "codeProperty" : "code",
               "codeComparator" : "in",
               "type" : "Retrieve",
               "codes" : {
                  "locator" : "29:35-29:40",
                  "name" : "Race",
                  "type" : "ValueSetRef"
               }
            }
         }, {
            "localId" : "60",
            "locator" : "31:1-32:58",
            "name" : "SDE Sex",
            "context" : "Patient",
            "accessLevel" : "Public",
            "annotation" : [ {
               "type" : "Annotation",
               "s" : {
                  "r" : "60",
                  "s" : [ {
                     "value" : [ "","define ","\"SDE Sex\"",":\n  " ]
                  }, {
                     "r" : "59",
                     "s" : [ {
                        "value" : [ "[","\"Patient Characteristic Sex\"",": " ]
                     }, {
                        "s" : [ {
                           "value" : [ "\"ONC Administrative Sex\"" ]
                        } ]
                     }, {
                        "value" : [ "]" ]
                     } ]
                  } ]
               }
            } ],
            "expression" : {
               "localId" : "59",
               "locator" : "32:3-32:58",
               "dataType" : "{urn:healthit-gov:qdm:v5_6}PatientCharacteristicSex",
               "codeProperty" : "code",
               "codeComparator" : "in",
               "type" : "Retrieve",
               "codes" : {
                  "locator" : "32:34-32:57",
                  "name" : "ONC Administrative Sex",
                  "type" : "ValueSetRef"
               }
            }
         }, {
            "localId" : "124",
            "locator" : "53:1-65:5",
            "name" : "Encounter With Severe Hypoglycemic Harm Event",
            "context" : "Patient",
            "accessLevel" : "Public",
            "annotation" : [ {
               "type" : "Annotation",
               "s" : {
                  "r" : "124",
                  "s" : [ {
                     "value" : [ "","define ","\"Encounter With Severe Hypoglycemic Harm Event\"",":\n  " ]
                  }, {
                     "r" : "123",
                     "s" : [ {
                        "s" : [ {
                           "r" : "62",
                           "s" : [ {
                              "r" : "61",
                              "s" : [ {
                                 "s" : [ {
                                    "value" : [ "\"Encounter With Hypoglycemic Medication Administration\"" ]
                                 } ]
                              } ]
                           }, {
                              "value" : [ " ","QualifyingEncounter" ]
                           } ]
                        } ]
                     }, {
                        "value" : [ "\n    " ]
                     }, {
                        "r" : "122",
                        "s" : [ {
                           "value" : [ "where " ]
                        }, {
                           "r" : "122",
                           "s" : [ {
                              "value" : [ "exists " ]
                           }, {
                              "r" : "121",
                              "s" : [ {
                                 "value" : [ "( " ]
                              }, {
                                 "r" : "121",
                                 "s" : [ {
                                    "s" : [ {
                                       "r" : "64",
                                       "s" : [ {
                                          "r" : "63",
                                          "s" : [ {
                                             "r" : "63",
                                             "s" : [ {
                                                "value" : [ "[","\"Laboratory Test, Performed\"",": " ]
                                             }, {
                                                "s" : [ {
                                                   "value" : [ "\"Glucose Lab Test Mass Per Volume\"" ]
                                                } ]
                                             }, {
                                                "value" : [ "]" ]
                                             } ]
                                          } ]
                                       }, {
                                          "value" : [ " ","BloodGlucoseLab1" ]
                                       } ]
                                    } ]
                                 }, {
                                    "value" : [ "\n        " ]
                                 }, {
                                    "r" : "88",
                                    "s" : [ {
                                       "value" : [ "with " ]
                                    }, {
                                       "r" : "66",
                                       "s" : [ {
                                          "r" : "65",
                                          "s" : [ {
                                             "r" : "65",
                                             "s" : [ {
                                                "value" : [ "[","\"Medication, Administered\"",": " ]
                                             }, {
                                                "s" : [ {
                                                   "value" : [ "\"Hypoglycemics Severe Hypoglycemia\"" ]
                                                } ]
                                             }, {
                                                "value" : [ "]" ]
                                             } ]
                                          } ]
                                       }, {
                                          "value" : [ " ","HypoglycemicMed" ]
                                       } ]
                                    }, {
                                       "value" : [ "\n          such that " ]
                                    }, {
                                       "r" : "87",
                                       "s" : [ {
                                          "r" : "76",
                                          "s" : [ {
                                             "r" : "72",
                                             "s" : [ {
                                                "r" : "67",
                                                "s" : [ {
                                                   "value" : [ "Global" ]
                                                } ]
                                             }, {
                                                "value" : [ "." ]
                                             }, {
                                                "r" : "72",
                                                "s" : [ {
                                                   "value" : [ "\"NormalizeInterval\""," ( " ]
                                                }, {
                                                   "r" : "69",
                                                   "s" : [ {
                                                      "r" : "68",
                                                      "s" : [ {
                                                         "value" : [ "HypoglycemicMed" ]
                                                      } ]
                                                   }, {
                                                      "value" : [ "." ]
                                                   }, {
                                                      "r" : "69",
                                                      "s" : [ {
                                                         "value" : [ "relevantDatetime" ]
                                                      } ]
                                                   } ]
                                                }, {
                                                   "value" : [ ", " ]
                                                }, {
                                                   "r" : "71",
                                                   "s" : [ {
                                                      "r" : "70",
                                                      "s" : [ {
                                                         "value" : [ "HypoglycemicMed" ]
                                                      } ]
                                                   }, {
                                                      "value" : [ "." ]
                                                   }, {
                                                      "r" : "71",
                                                      "s" : [ {
                                                         "value" : [ "relevantPeriod" ]
                                                      } ]
                                                   } ]
                                                }, {
                                                   "value" : [ " )" ]
                                                } ]
                                             } ]
                                          }, {
                                             "value" : [ " " ]
                                          }, {
                                             "r" : "76",
                                             "s" : [ {
                                                "value" : [ "starts " ]
                                             }, {
                                                "r" : "75",
                                                "s" : [ {
                                                   "value" : [ "24 ","hours" ]
                                                } ]
                                             }, {
                                                "value" : [ " or less before or on" ]
                                             } ]
                                          }, {
                                             "value" : [ " " ]
                                          }, {
                                             "r" : "74",
                                             "s" : [ {
                                                "r" : "73",
                                                "s" : [ {
                                                   "value" : [ "BloodGlucoseLab1" ]
                                                } ]
                                             }, {
                                                "value" : [ "." ]
                                             }, {
                                                "r" : "74",
                                                "s" : [ {
                                                   "value" : [ "relevantDatetime" ]
                                                } ]
                                             } ]
                                          } ]
                                       }, {
                                          "value" : [ "\n            and " ]
                                       }, {
                                          "r" : "86",
                                          "s" : [ {
                                             "r" : "82",
                                             "s" : [ {
                                                "r" : "77",
                                                "s" : [ {
                                                   "value" : [ "Global" ]
                                                } ]
                                             }, {
                                                "value" : [ "." ]
                                             }, {
                                                "r" : "82",
                                                "s" : [ {
                                                   "value" : [ "\"NormalizeInterval\""," ( " ]
                                                }, {
                                                   "r" : "79",
                                                   "s" : [ {
                                                      "r" : "78",
                                                      "s" : [ {
                                                         "value" : [ "HypoglycemicMed" ]
                                                      } ]
                                                   }, {
                                                      "value" : [ "." ]
                                                   }, {
                                                      "r" : "79",
                                                      "s" : [ {
                                                         "value" : [ "relevantDatetime" ]
                                                      } ]
                                                   } ]
                                                }, {
                                                   "value" : [ ", " ]
                                                }, {
                                                   "r" : "81",
                                                   "s" : [ {
                                                      "r" : "80",
                                                      "s" : [ {
                                                         "value" : [ "HypoglycemicMed" ]
                                                      } ]
                                                   }, {
                                                      "value" : [ "." ]
                                                   }, {
                                                      "r" : "81",
                                                      "s" : [ {
                                                         "value" : [ "relevantPeriod" ]
                                                      } ]
                                                   } ]
                                                }, {
                                                   "value" : [ " )" ]
                                                } ]
                                             } ]
                                          }, {
                                             "r" : "86",
                                             "value" : [ " ","starts during"," " ]
                                          }, {
                                             "r" : "85",
                                             "s" : [ {
                                                "r" : "83",
                                                "s" : [ {
                                                   "value" : [ "Global" ]
                                                } ]
                                             }, {
                                                "value" : [ "." ]
                                             }, {
                                                "r" : "85",
                                                "s" : [ {
                                                   "value" : [ "\"HospitalizationWithObservation\""," ( " ]
                                                }, {
                                                   "r" : "84",
                                                   "s" : [ {
                                                      "value" : [ "QualifyingEncounter" ]
                                                   } ]
                                                }, {
                                                   "value" : [ " )" ]
                                                } ]
                                             } ]
                                          } ]
                                       } ]
                                    } ]
                                 }, {
                                    "value" : [ "\n        " ]
                                 }, {
                                    "r" : "109",
                                    "s" : [ {
                                       "value" : [ "without " ]
                                    }, {
                                       "r" : "90",
                                       "s" : [ {
                                          "r" : "89",
                                          "s" : [ {
                                             "r" : "89",
                                             "s" : [ {
                                                "value" : [ "[","\"Laboratory Test, Performed\"",": " ]
                                             }, {
                                                "s" : [ {
                                                   "value" : [ "\"Glucose Lab Test Mass Per Volume\"" ]
                                                } ]
                                             }, {
                                                "value" : [ "]" ]
                                             } ]
                                          } ]
                                       }, {
                                          "value" : [ " ","BloodGlucoseLab2" ]
                                       } ]
                                    }, {
                                       "value" : [ "\n          such that " ]
                                    }, {
                                       "r" : "108",
                                       "s" : [ {
                                          "r" : "103",
                                          "s" : [ {
                                             "r" : "96",
                                             "s" : [ {
                                                "r" : "92",
                                                "s" : [ {
                                                   "r" : "91",
                                                   "s" : [ {
                                                      "value" : [ "BloodGlucoseLab2" ]
                                                   } ]
                                                }, {
                                                   "value" : [ "." ]
                                                }, {
                                                   "r" : "92",
                                                   "s" : [ {
                                                      "value" : [ "relevantDatetime" ]
                                                   } ]
                                                } ]
                                             }, {
                                                "r" : "96",
                                                "value" : [ " ","during"," " ]
                                             }, {
                                                "r" : "95",
                                                "s" : [ {
                                                   "r" : "93",
                                                   "s" : [ {
                                                      "value" : [ "Global" ]
                                                   } ]
                                                }, {
                                                   "value" : [ "." ]
                                                }, {
                                                   "r" : "95",
                                                   "s" : [ {
                                                      "value" : [ "\"HospitalizationWithObservation\""," ( " ]
                                                   }, {
                                                      "r" : "94",
                                                      "s" : [ {
                                                         "value" : [ "QualifyingEncounter" ]
                                                      } ]
                                                   }, {
                                                      "value" : [ " )" ]
                                                   } ]
                                                } ]
                                             } ]
                                          }, {
                                             "value" : [ "\n            and " ]
                                          }, {
                                             "r" : "102",
                                             "s" : [ {
                                                "r" : "98",
                                                "s" : [ {
                                                   "r" : "97",
                                                   "s" : [ {
                                                      "value" : [ "BloodGlucoseLab2" ]
                                                   } ]
                                                }, {
                                                   "value" : [ "." ]
                                                }, {
                                                   "r" : "98",
                                                   "s" : [ {
                                                      "value" : [ "relevantDatetime" ]
                                                   } ]
                                                } ]
                                             }, {
                                                "value" : [ " " ]
                                             }, {
                                                "r" : "102",
                                                "s" : [ {
                                                   "r" : "101",
                                                   "s" : [ {
                                                      "value" : [ "5 ","minutes" ]
                                                   } ]
                                                }, {
                                                   "value" : [ " or less after" ]
                                                } ]
                                             }, {
                                                "value" : [ " " ]
                                             }, {
                                                "r" : "100",
                                                "s" : [ {
                                                   "r" : "99",
                                                   "s" : [ {
                                                      "value" : [ "BloodGlucoseLab1" ]
                                                   } ]
                                                }, {
                                                   "value" : [ "." ]
                                                }, {
                                                   "r" : "100",
                                                   "s" : [ {
                                                      "value" : [ "relevantDatetime" ]
                                                   } ]
                                                } ]
                                             } ]
                                          } ]
                                       }, {
                                          "value" : [ "\n            and " ]
                                       }, {
                                          "r" : "107",
                                          "s" : [ {
                                             "r" : "105",
                                             "s" : [ {
                                                "r" : "104",
                                                "s" : [ {
                                                   "value" : [ "BloodGlucoseLab2" ]
                                                } ]
                                             }, {
                                                "value" : [ "." ]
                                             }, {
                                                "r" : "105",
                                                "s" : [ {
                                                   "value" : [ "result" ]
                                                } ]
                                             } ]
                                          }, {
                                             "value" : [ " ",">"," " ]
                                          }, {
                                             "r" : "106",
                                             "s" : [ {
                                                "value" : [ "80 ","'mg/dL'" ]
                                             } ]
                                          } ]
                                       } ]
                                    } ]
                                 }, {
                                    "value" : [ "\n        " ]
                                 }, {
                                    "r" : "120",
                                    "s" : [ {
                                       "value" : [ "where " ]
                                    }, {
                                       "r" : "120",
                                       "s" : [ {
                                          "r" : "115",
                                          "s" : [ {
                                             "r" : "111",
                                             "s" : [ {
                                                "r" : "110",
                                                "s" : [ {
                                                   "value" : [ "BloodGlucoseLab1" ]
                                                } ]
                                             }, {
                                                "value" : [ "." ]
                                             }, {
                                                "r" : "111",
                                                "s" : [ {
                                                   "value" : [ "relevantDatetime" ]
                                                } ]
                                             } ]
                                          }, {
                                             "r" : "115",
                                             "value" : [ " ","during"," " ]
                                          }, {
                                             "r" : "114",
                                             "s" : [ {
                                                "r" : "112",
                                                "s" : [ {
                                                   "value" : [ "Global" ]
                                                } ]
                                             }, {
                                                "value" : [ "." ]
                                             }, {
                                                "r" : "114",
                                                "s" : [ {
                                                   "value" : [ "\"HospitalizationWithObservation\""," ( " ]
                                                }, {
                                                   "r" : "113",
                                                   "s" : [ {
                                                      "value" : [ "QualifyingEncounter" ]
                                                   } ]
                                                }, {
                                                   "value" : [ " )" ]
                                                } ]
                                             } ]
                                          } ]
                                       }, {
                                          "value" : [ "\n          and " ]
                                       }, {
                                          "r" : "119",
                                          "s" : [ {
                                             "r" : "117",
                                             "s" : [ {
                                                "r" : "116",
                                                "s" : [ {
                                                   "value" : [ "BloodGlucoseLab1" ]
                                                } ]
                                             }, {
                                                "value" : [ "." ]
                                             }, {
                                                "r" : "117",
                                                "s" : [ {
                                                   "value" : [ "result" ]
                                                } ]
                                             } ]
                                          }, {
                                             "value" : [ " ","<"," " ]
                                          }, {
                                             "r" : "118",
                                             "s" : [ {
                                                "value" : [ "40 ","'mg/dL'" ]
                                             } ]
                                          } ]
                                       } ]
                                    } ]
                                 } ]
                              }, {
                                 "value" : [ "\n    )" ]
                              } ]
                           } ]
                        } ]
                     } ]
                  } ]
               }
            } ],
            "expression" : {
               "localId" : "123",
               "locator" : "54:3-65:5",
               "type" : "Query",
               "source" : [ {
                  "localId" : "62",
                  "locator" : "54:3-54:77",
                  "alias" : "QualifyingEncounter",
                  "expression" : {
                     "localId" : "61",
                     "locator" : "54:3-54:57",
                     "name" : "Encounter With Hypoglycemic Medication Administration",
                     "type" : "ExpressionRef"
                  }
               } ],
               "relationship" : [ ],
               "where" : {
                  "localId" : "122",
                  "locator" : "55:5-65:5",
                  "type" : "Exists",
                  "operand" : {
                     "localId" : "121",
                     "locator" : "55:18-65:5",
                     "type" : "Query",
                     "source" : [ {
                        "localId" : "64",
                        "locator" : "55:20-55:102",
                        "alias" : "BloodGlucoseLab1",
                        "expression" : {
                           "localId" : "63",
                           "locator" : "55:20-55:85",
                           "dataType" : "{urn:healthit-gov:qdm:v5_6}PositiveLaboratoryTestPerformed",
                           "templateId" : "PositiveLaboratoryTestPerformed",
                           "codeProperty" : "code",
                           "codeComparator" : "in",
                           "type" : "Retrieve",
                           "codes" : {
                              "locator" : "55:51-55:84",
                              "name" : "Glucose Lab Test Mass Per Volume",
                              "type" : "ValueSetRef"
                           }
                        }
                     } ],
                     "relationship" : [ {
                        "localId" : "88",
                        "locator" : "56:9-58:189",
                        "alias" : "HypoglycemicMed",
                        "type" : "With",
                        "expression" : {
                           "localId" : "65",
                           "locator" : "56:14-56:78",
                           "dataType" : "{urn:healthit-gov:qdm:v5_6}PositiveMedicationAdministered",
                           "templateId" : "PositiveMedicationAdministered",
                           "codeProperty" : "code",
                           "codeComparator" : "in",
                           "type" : "Retrieve",
                           "codes" : {
                              "locator" : "56:43-56:77",
                              "name" : "Hypoglycemics Severe Hypoglycemia",
                              "type" : "ValueSetRef"
                           }
                        },
                        "suchThat" : {
                           "localId" : "87",
                           "locator" : "57:21-58:189",
                           "type" : "And",
                           "operand" : [ {
                              "localId" : "76",
                              "locator" : "57:21-57:186",
                              "type" : "And",
                              "operand" : [ {
                                 "locator" : "57:124-57:139",
                                 "type" : "In",
                                 "operand" : [ {
                                    "locator" : "57:117-57:122",
                                    "type" : "Start",
                                    "operand" : {
                                       "localId" : "72",
                                       "locator" : "57:21-57:115",
                                       "name" : "NormalizeInterval",
                                       "libraryName" : "Global",
                                       "type" : "FunctionRef",
                                       "operand" : [ {
                                          "localId" : "69",
                                          "locator" : "57:50-57:81",
                                          "path" : "relevantDatetime",
                                          "scope" : "HypoglycemicMed",
                                          "type" : "Property"
                                       }, {
                                          "localId" : "71",
                                          "locator" : "57:84-57:113",
                                          "path" : "relevantPeriod",
                                          "scope" : "HypoglycemicMed",
                                          "type" : "Property"
                                       } ]
                                    }
                                 }, {
                                    "locator" : "57:124-57:139",
                                    "lowClosed" : true,
                                    "highClosed" : true,
                                    "type" : "Interval",
                                    "low" : {
                                       "locator" : "57:171-57:186",
                                       "type" : "Subtract",
                                       "operand" : [ {
                                          "localId" : "74",
                                          "locator" : "57:154-57:186",
                                          "path" : "relevantDatetime",
                                          "scope" : "BloodGlucoseLab1",
                                          "type" : "Property"
                                       }, {
                                          "localId" : "75",
                                          "locator" : "57:124-57:131",
                                          "value" : 24,
                                          "unit" : "hours",
                                          "type" : "Quantity"
                                       } ]
                                    },
                                    "high" : {
                                       "localId" : "74",
                                       "locator" : "57:154-57:186",
                                       "path" : "relevantDatetime",
                                       "scope" : "BloodGlucoseLab1",
                                       "type" : "Property"
                                    }
                                 } ]
                              }, {
                                 "locator" : "57:124-57:139",
                                 "type" : "Not",
                                 "operand" : {
                                    "locator" : "57:124-57:139",
                                    "type" : "IsNull",
                                    "operand" : {
                                       "localId" : "74",
                                       "locator" : "57:154-57:186",
                                       "path" : "relevantDatetime",
                                       "scope" : "BloodGlucoseLab1",
                                       "type" : "Property"
                                    }
                                 }
                              } ]
                           }, {
                              "localId" : "86",
                              "locator" : "58:17-58:189",
                              "type" : "In",
                              "operand" : [ {
                                 "locator" : "58:113-58:118",
                                 "type" : "Start",
                                 "operand" : {
                                    "localId" : "82",
                                    "locator" : "58:17-58:111",
                                    "name" : "NormalizeInterval",
                                    "libraryName" : "Global",
                                    "type" : "FunctionRef",
                                    "operand" : [ {
                                       "localId" : "79",
                                       "locator" : "58:46-58:77",
                                       "path" : "relevantDatetime",
                                       "scope" : "HypoglycemicMed",
                                       "type" : "Property"
                                    }, {
                                       "localId" : "81",
                                       "locator" : "58:80-58:109",
                                       "path" : "relevantPeriod",
                                       "scope" : "HypoglycemicMed",
                                       "type" : "Property"
                                    } ]
                                 }
                              }, {
                                 "localId" : "85",
                                 "locator" : "58:127-58:189",
                                 "name" : "HospitalizationWithObservation",
                                 "libraryName" : "Global",
                                 "type" : "FunctionRef",
                                 "operand" : [ {
                                    "localId" : "84",
                                    "locator" : "58:169-58:187",
                                    "name" : "QualifyingEncounter",
                                    "type" : "AliasRef"
                                 } ]
                              } ]
                           } ]
                        }
                     }, {
                        "localId" : "109",
                        "locator" : "59:9-62:52",
                        "alias" : "BloodGlucoseLab2",
                        "type" : "Without",
                        "expression" : {
                           "localId" : "89",
                           "locator" : "59:17-59:82",
                           "dataType" : "{urn:healthit-gov:qdm:v5_6}PositiveLaboratoryTestPerformed",
                           "templateId" : "PositiveLaboratoryTestPerformed",
                           "codeProperty" : "code",
                           "codeComparator" : "in",
                           "type" : "Retrieve",
                           "codes" : {
                              "locator" : "59:48-59:81",
                              "name" : "Glucose Lab Test Mass Per Volume",
                              "type" : "ValueSetRef"
                           }
                        },
                        "suchThat" : {
                           "localId" : "108",
                           "locator" : "60:21-62:52",
                           "type" : "And",
                           "operand" : [ {
                              "localId" : "103",
                              "locator" : "60:21-61:107",
                              "type" : "And",
                              "operand" : [ {
                                 "localId" : "96",
                                 "locator" : "60:21-60:124",
                                 "type" : "In",
                                 "operand" : [ {
                                    "localId" : "92",
                                    "locator" : "60:21-60:53",
                                    "path" : "relevantDatetime",
                                    "scope" : "BloodGlucoseLab2",
                                    "type" : "Property"
                                 }, {
                                    "localId" : "95",
                                    "locator" : "60:62-60:124",
                                    "name" : "HospitalizationWithObservation",
                                    "libraryName" : "Global",
                                    "type" : "FunctionRef",
                                    "operand" : [ {
                                       "localId" : "94",
                                       "locator" : "60:104-60:122",
                                       "name" : "QualifyingEncounter",
                                       "type" : "AliasRef"
                                    } ]
                                 } ]
                              }, {
                                 "localId" : "102",
                                 "locator" : "61:17-61:107",
                                 "type" : "And",
                                 "operand" : [ {
                                    "locator" : "61:51-61:67",
                                    "type" : "In",
                                    "operand" : [ {
                                       "localId" : "98",
                                       "locator" : "61:17-61:49",
                                       "path" : "relevantDatetime",
                                       "scope" : "BloodGlucoseLab2",
                                       "type" : "Property"
                                    }, {
                                       "locator" : "61:51-61:67",
                                       "lowClosed" : false,
                                       "highClosed" : true,
                                       "type" : "Interval",
                                       "low" : {
                                          "localId" : "100",
                                          "locator" : "61:75-61:107",
                                          "path" : "relevantDatetime",
                                          "scope" : "BloodGlucoseLab1",
                                          "type" : "Property"
                                       },
                                       "high" : {
                                          "locator" : "61:92-61:107",
                                          "type" : "Add",
                                          "operand" : [ {
                                             "localId" : "100",
                                             "locator" : "61:75-61:107",
                                             "path" : "relevantDatetime",
                                             "scope" : "BloodGlucoseLab1",
                                             "type" : "Property"
                                          }, {
                                             "localId" : "101",
                                             "locator" : "61:51-61:59",
                                             "value" : 5,
                                             "unit" : "minutes",
                                             "type" : "Quantity"
                                          } ]
                                       }
                                    } ]
                                 }, {
                                    "locator" : "61:51-61:67",
                                    "type" : "Not",
                                    "operand" : {
                                       "locator" : "61:51-61:67",
                                       "type" : "IsNull",
                                       "operand" : {
                                          "localId" : "100",
                                          "locator" : "61:75-61:107",
                                          "path" : "relevantDatetime",
                                          "scope" : "BloodGlucoseLab1",
                                          "type" : "Property"
                                       }
                                    }
                                 } ]
                              } ]
                           }, {
                              "localId" : "107",
                              "locator" : "62:17-62:52",
                              "type" : "Greater",
                              "operand" : [ {
                                 "asType" : "{urn:hl7-org:elm-types:r1}Quantity",
                                 "type" : "As",
                                 "operand" : {
                                    "localId" : "105",
                                    "locator" : "62:17-62:39",
                                    "path" : "result",
                                    "scope" : "BloodGlucoseLab2",
                                    "type" : "Property"
                                 }
                              }, {
                                 "localId" : "106",
                                 "locator" : "62:43-62:52",
                                 "value" : 80,
                                 "unit" : "mg/dL",
                                 "type" : "Quantity"
                              } ]
                           } ]
                        }
                     } ],
                     "where" : {
                        "localId" : "120",
                        "locator" : "63:9-64:50",
                        "type" : "And",
                        "operand" : [ {
                           "localId" : "115",
                           "locator" : "63:15-63:118",
                           "type" : "In",
                           "operand" : [ {
                              "localId" : "111",
                              "locator" : "63:15-63:47",
                              "path" : "relevantDatetime",
                              "scope" : "BloodGlucoseLab1",
                              "type" : "Property"
                           }, {
                              "localId" : "114",
                              "locator" : "63:56-63:118",
                              "name" : "HospitalizationWithObservation",
                              "libraryName" : "Global",
                              "type" : "FunctionRef",
                              "operand" : [ {
                                 "localId" : "113",
                                 "locator" : "63:98-63:116",
                                 "name" : "QualifyingEncounter",
                                 "type" : "AliasRef"
                              } ]
                           } ]
                        }, {
                           "localId" : "119",
                           "locator" : "64:15-64:50",
                           "type" : "Less",
                           "operand" : [ {
                              "asType" : "{urn:hl7-org:elm-types:r1}Quantity",
                              "type" : "As",
                              "operand" : {
                                 "localId" : "117",
                                 "locator" : "64:15-64:37",
                                 "path" : "result",
                                 "scope" : "BloodGlucoseLab1",
                                 "type" : "Property"
                              }
                           }, {
                              "localId" : "118",
                              "locator" : "64:41-64:50",
                              "value" : 40,
                              "unit" : "mg/dL",
                              "type" : "Quantity"
                           } ]
                        } ]
                     }
                  }
               }
            }
         }, {
            "localId" : "126",
            "locator" : "37:1-38:49",
            "name" : "Numerator",
            "context" : "Patient",
            "accessLevel" : "Public",
            "annotation" : [ {
               "type" : "Annotation",
               "s" : {
                  "r" : "126",
                  "s" : [ {
                     "value" : [ "","define ","\"Numerator\"",":\n  " ]
                  }, {
                     "r" : "125",
                     "s" : [ {
                        "value" : [ "\"Encounter With Severe Hypoglycemic Harm Event\"" ]
                     } ]
                  } ]
               }
            } ],
            "expression" : {
               "localId" : "125",
               "locator" : "38:3-38:49",
               "name" : "Encounter With Severe Hypoglycemic Harm Event",
               "type" : "ExpressionRef"
            }
         } ]
      }
   }
}