{
   "library" : {
      "localId" : "0",
      "annotation" : [ {
         "translatorVersion" : "3.14.0",
         "translatorOptions" : "EnableAnnotations,EnableLocators,EnableResultTypes,EnableDetailedErrors,DisableListDemotion,DisableListPromotion",
         "signatureLevel" : "None",
         "type" : "CqlToElmInfo"
      }, {
         "type" : "Annotation",
         "s" : {
            "r" : "392",
            "s" : [ {
               "value" : [ "","library CMS74DentalCariesPreventionQDM version '15.0.000'" ]
            } ]
         }
      } ],
      "identifier" : {
         "id" : "CMS74DentalCariesPreventionQDM",
         "version" : "15.0.000"
      },
      "schemaIdentifier" : {
         "id" : "urn:hl7-org:elm",
         "version" : "r1"
      },
      "usings" : {
         "def" : [ {
            "localId" : "1",
            "localIdentifier" : "System",
            "uri" : "urn:hl7-org:elm-types:r1"
         }, {
            "localId" : "206",
            "locator" : "3:1-3:23",
            "localIdentifier" : "QDM",
            "uri" : "urn:healthit-gov:qdm:v5_6",
            "version" : "5.6",
            "annotation" : [ {
               "type" : "Annotation",
               "s" : {
                  "r" : "206",
                  "s" : [ {
                     "value" : [ "","using " ]
                  }, {
                     "s" : [ {
                        "value" : [ "QDM" ]
                     } ]
                  }, {
                     "value" : [ " version '5.6'" ]
                  } ]
               }
            } ]
         } ]
      },
      "includes" : {
         "def" : [ {
            "localId" : "207",
            "locator" : "5:1-5:52",
            "localIdentifier" : "Global",
            "path" : "CQMCommonQDM",
            "version" : "9.0.000",
            "annotation" : [ {
               "type" : "Annotation",
               "s" : {
                  "r" : "207",
                  "s" : [ {
                     "value" : [ "","include " ]
                  }, {
                     "s" : [ {
                        "value" : [ "CQMCommonQDM" ]
                     } ]
                  }, {
                     "value" : [ " version ","'9.0.000'"," called ","Global" ]
                  } ]
               }
            } ]
         }, {
            "localId" : "208",
            "locator" : "7:1-7:51",
            "localIdentifier" : "Hospice",
            "path" : "HospiceQDM",
            "version" : "7.0.000",
            "annotation" : [ {
               "type" : "Annotation",
               "s" : {
                  "r" : "208",
                  "s" : [ {
                     "value" : [ "","include " ]
                  }, {
                     "s" : [ {
                        "value" : [ "HospiceQDM" ]
                     } ]
                  }, {
                     "value" : [ " version ","'7.0.000'"," called ","Hospice" ]
                  } ]
               }
            } ]
         } ]
      },
      "parameters" : {
         "def" : [ {
            "localId" : "215",
            "locator" : "16:1-16:49",
            "name" : "Measurement Period",
            "accessLevel" : "Public",
            "annotation" : [ {
               "type" : "Annotation",
               "s" : {
                  "r" : "215",
                  "s" : [ {
                     "value" : [ "","parameter ","\"Measurement Period\""," " ]
                  }, {
                     "r" : "216",
                     "s" : [ {
                        "value" : [ "Interval<" ]
                     }, {
                        "r" : "217",
                        "s" : [ {
                           "value" : [ "DateTime" ]
                        } ]
                     }, {
                        "value" : [ ">" ]
                     } ]
                  } ]
               }
            } ],
            "resultTypeSpecifier" : {
               "localId" : "220",
               "type" : "IntervalTypeSpecifier",
               "pointType" : {
                  "localId" : "221",
                  "name" : "{urn:hl7-org:elm-types:r1}DateTime",
                  "type" : "NamedTypeSpecifier"
               }
            },
            "parameterTypeSpecifier" : {
               "localId" : "216",
               "locator" : "16:32-16:49",
               "type" : "IntervalTypeSpecifier",
               "resultTypeSpecifier" : {
                  "localId" : "218",
                  "type" : "IntervalTypeSpecifier",
                  "pointType" : {
                     "localId" : "219",
                     "name" : "{urn:hl7-org:elm-types:r1}DateTime",
                     "type" : "NamedTypeSpecifier"
                  }
               },
               "pointType" : {
                  "localId" : "217",
                  "locator" : "16:41-16:48",
                  "resultTypeName" : "{urn:hl7-org:elm-types:r1}DateTime",
                  "name" : "{urn:hl7-org:elm-types:r1}DateTime",
                  "type" : "NamedTypeSpecifier"
               }
            }
         } ]
      },
      "valueSets" : {
         "def" : [ {
            "localId" : "209",
            "locator" : "9:1-9:87",
            "resultTypeName" : "{urn:hl7-org:elm-types:r1}ValueSet",
            "name" : "Clinical Oral Evaluation",
            "id" : "urn:oid:2.16.840.1.113883.3.464.1003.125.12.1003",
            "accessLevel" : "Public",
            "annotation" : [ {
               "type" : "Annotation",
               "s" : {
                  "r" : "209",
                  "s" : [ {
                     "value" : [ "","valueset ","\"Clinical Oral Evaluation\"",": ","'urn:oid:2.16.840.1.113883.3.464.1003.125.12.1003'" ]
                  } ]
               }
            } ],
            "codeSystem" : [ ]
         }, {
            "localId" : "210",
            "locator" : "10:1-10:58",
            "resultTypeName" : "{urn:hl7-org:elm-types:r1}ValueSet",
            "name" : "Ethnicity",
            "id" : "urn:oid:2.16.840.1.114222.4.11.837",
            "accessLevel" : "Public",
            "annotation" : [ {
               "type" : "Annotation",
               "s" : {
                  "r" : "210",
                  "s" : [ {
                     "value" : [ "","valueset ","\"Ethnicity\"",": ","'urn:oid:2.16.840.1.114222.4.11.837'" ]
                  } ]
               }
            } ],
            "codeSystem" : [ ]
         }, {
            "localId" : "211",
            "locator" : "11:1-11:104",
            "resultTypeName" : "{urn:hl7-org:elm-types:r1}ValueSet",
            "name" : "Fluoride Varnish Application for Children",
            "id" : "urn:oid:2.16.840.1.113883.3.464.1003.125.12.1002",
            "accessLevel" : "Public",
            "annotation" : [ {
               "type" : "Annotation",
               "s" : {
                  "r" : "211",
                  "s" : [ {
                     "value" : [ "","valueset ","\"Fluoride Varnish Application for Children\"",": ","'urn:oid:2.16.840.1.113883.3.464.1003.125.12.1002'" ]
                  } ]
               }
            } ],
            "codeSystem" : [ ]
         }, {
            "localId" : "212",
            "locator" : "12:1-12:79",
            "resultTypeName" : "{urn:hl7-org:elm-types:r1}ValueSet",
            "name" : "Federal Administrative Sex",
            "id" : "urn:oid:2.16.840.1.113762.1.4.1021.121",
            "accessLevel" : "Public",
            "annotation" : [ {
               "type" : "Annotation",
               "s" : {
                  "r" : "212",
                  "s" : [ {
                     "value" : [ "","valueset ","\"Federal Administrative Sex\"",": ","'urn:oid:2.16.840.1.113762.1.4.1021.121'" ]
                  } ]
               }
            } ],
            "codeSystem" : [ ]
         }, {
            "localId" : "213",
            "locator" : "13:1-13:60",
            "resultTypeName" : "{urn:hl7-org:elm-types:r1}ValueSet",
            "name" : "Payer Type",
            "id" : "urn:oid:2.16.840.1.114222.4.11.3591",
            "accessLevel" : "Public",
            "annotation" : [ {
               "type" : "Annotation",
               "s" : {
                  "r" : "213",
                  "s" : [ {
                     "value" : [ "","valueset ","\"Payer Type\"",": ","'urn:oid:2.16.840.1.114222.4.11.3591'" ]
                  } ]
               }
            } ],
            "codeSystem" : [ ]
         }, {
            "localId" : "214",
            "locator" : "14:1-14:53",
            "resultTypeName" : "{urn:hl7-org:elm-types:r1}ValueSet",
            "name" : "Race",
            "id" : "urn:oid:2.16.840.1.114222.4.11.836",
            "accessLevel" : "Public",
            "annotation" : [ {
               "type" : "Annotation",
               "s" : {
                  "r" : "214",
                  "s" : [ {
                     "value" : [ "","valueset ","\"Race\"",": ","'urn:oid:2.16.840.1.114222.4.11.836'" ]
                  } ]
               }
            } ],
            "codeSystem" : [ ]
         } ]
      },
      "contexts" : {
         "def" : [ {
            "localId" : "225",
            "locator" : "18:1-18:15",
            "name" : "Patient"
         } ]
      },
      "statements" : {
         "def" : [ {
            "localId" : "223",
            "locator" : "18:1-18:15",
            "name" : "Patient",
            "context" : "Patient",
            "expression" : {
               "localId" : "224",
               "type" : "SingletonFrom",
               "signature" : [ ],
               "operand" : {
                  "localId" : "222",
                  "locator" : "18:1-18:15",
                  "dataType" : "{urn:healthit-gov:qdm:v5_6}Patient",
                  "templateId" : "Patient",
                  "type" : "Retrieve",
                  "include" : [ ],
                  "codeFilter" : [ ],
                  "dateFilter" : [ ],
                  "otherFilter" : [ ]
               }
            }
         }, {
            "localId" : "227",
            "locator" : "20:1-21:51",
            "name" : "SDE Ethnicity",
            "context" : "Patient",
            "accessLevel" : "Public",
            "annotation" : [ {
               "type" : "Annotation",
               "s" : {
                  "r" : "227",
                  "s" : [ {
                     "value" : [ "","define ","\"SDE Ethnicity\"",":\n  " ]
                  }, {
                     "r" : "230",
                     "s" : [ {
                        "value" : [ "[","\"Patient Characteristic Ethnicity\"",": " ]
                     }, {
                        "s" : [ {
                           "value" : [ "\"Ethnicity\"" ]
                        } ]
                     }, {
                        "value" : [ "]" ]
                     } ]
                  } ]
               }
            } ],
            "resultTypeSpecifier" : {
               "localId" : "234",
               "type" : "ListTypeSpecifier",
               "elementType" : {
                  "localId" : "235",
                  "name" : "{urn:healthit-gov:qdm:v5_6}PatientCharacteristicEthnicity",
                  "type" : "NamedTypeSpecifier"
               }
            },
            "expression" : {
               "localId" : "230",
               "locator" : "21:3-21:51",
               "dataType" : "{urn:healthit-gov:qdm:v5_6}PatientCharacteristicEthnicity",
               "codeProperty" : "code",
               "codeComparator" : "in",
               "type" : "Retrieve",
               "resultTypeSpecifier" : {
                  "localId" : "232",
                  "type" : "ListTypeSpecifier",
                  "elementType" : {
                     "localId" : "233",
                     "name" : "{urn:healthit-gov:qdm:v5_6}PatientCharacteristicEthnicity",
                     "type" : "NamedTypeSpecifier"
                  }
               },
               "codes" : {
                  "localId" : "229",
                  "locator" : "21:40-21:50",
                  "resultTypeName" : "{urn:hl7-org:elm-types:r1}ValueSet",
                  "name" : "Ethnicity",
                  "preserve" : true,
                  "type" : "ValueSetRef"
               },
               "include" : [ ],
               "codeFilter" : [ ],
               "dateFilter" : [ ],
               "otherFilter" : [ ]
            }
         }, {
            "localId" : "237",
            "locator" : "23:1-24:48",
            "name" : "SDE Payer",
            "context" : "Patient",
            "accessLevel" : "Public",
            "annotation" : [ {
               "type" : "Annotation",
               "s" : {
                  "r" : "237",
                  "s" : [ {
                     "value" : [ "","define ","\"SDE Payer\"",":\n  " ]
                  }, {
                     "r" : "240",
                     "s" : [ {
                        "value" : [ "[","\"Patient Characteristic Payer\"",": " ]
                     }, {
                        "s" : [ {
                           "value" : [ "\"Payer Type\"" ]
                        } ]
                     }, {
                        "value" : [ "]" ]
                     } ]
                  } ]
               }
            } ],
            "resultTypeSpecifier" : {
               "localId" : "244",
               "type" : "ListTypeSpecifier",
               "elementType" : {
                  "localId" : "245",
                  "name" : "{urn:healthit-gov:qdm:v5_6}PatientCharacteristicPayer",
                  "type" : "NamedTypeSpecifier"
               }
            },
            "expression" : {
               "localId" : "240",
               "locator" : "24:3-24:48",
               "dataType" : "{urn:healthit-gov:qdm:v5_6}PatientCharacteristicPayer",
               "codeProperty" : "code",
               "codeComparator" : "in",
               "type" : "Retrieve",
               "resultTypeSpecifier" : {
                  "localId" : "242",
                  "type" : "ListTypeSpecifier",
                  "elementType" : {
                     "localId" : "243",
                     "name" : "{urn:healthit-gov:qdm:v5_6}PatientCharacteristicPayer",
                     "type" : "NamedTypeSpecifier"
                  }
               },
               "codes" : {
                  "localId" : "239",
                  "locator" : "24:36-24:47",
                  "resultTypeName" : "{urn:hl7-org:elm-types:r1}ValueSet",
                  "name" : "Payer Type",
                  "preserve" : true,
                  "type" : "ValueSetRef"
               },
               "include" : [ ],
               "codeFilter" : [ ],
               "dateFilter" : [ ],
               "otherFilter" : [ ]
            }
         }, {
            "localId" : "247",
            "locator" : "26:1-27:41",
            "name" : "SDE Race",
            "context" : "Patient",
            "accessLevel" : "Public",
            "annotation" : [ {
               "type" : "Annotation",
               "s" : {
                  "r" : "247",
                  "s" : [ {
                     "value" : [ "","define ","\"SDE Race\"",":\n  " ]
                  }, {
                     "r" : "250",
                     "s" : [ {
                        "value" : [ "[","\"Patient Characteristic Race\"",": " ]
                     }, {
                        "s" : [ {
                           "value" : [ "\"Race\"" ]
                        } ]
                     }, {
                        "value" : [ "]" ]
                     } ]
                  } ]
               }
            } ],
            "resultTypeSpecifier" : {
               "localId" : "254",
               "type" : "ListTypeSpecifier",
               "elementType" : {
                  "localId" : "255",
                  "name" : "{urn:healthit-gov:qdm:v5_6}PatientCharacteristicRace",
                  "type" : "NamedTypeSpecifier"
               }
            },
            "expression" : {
               "localId" : "250",
               "locator" : "27:3-27:41",
               "dataType" : "{urn:healthit-gov:qdm:v5_6}PatientCharacteristicRace",
               "codeProperty" : "code",
               "codeComparator" : "in",
               "type" : "Retrieve",
               "resultTypeSpecifier" : {
                  "localId" : "252",
                  "type" : "ListTypeSpecifier",
                  "elementType" : {
                     "localId" : "253",
                     "name" : "{urn:healthit-gov:qdm:v5_6}PatientCharacteristicRace",
                     "type" : "NamedTypeSpecifier"
                  }
               },
               "codes" : {
                  "localId" : "249",
                  "locator" : "27:35-27:40",
                  "resultTypeName" : "{urn:hl7-org:elm-types:r1}ValueSet",
                  "name" : "Race",
                  "preserve" : true,
                  "type" : "ValueSetRef"
               },
               "include" : [ ],
               "codeFilter" : [ ],
               "dateFilter" : [ ],
               "otherFilter" : [ ]
            }
         }, {
            "localId" : "257",
            "locator" : "29:1-30:62",
            "name" : "SDE Sex",
            "context" : "Patient",
            "accessLevel" : "Public",
            "annotation" : [ {
               "type" : "Annotation",
               "s" : {
                  "r" : "257",
                  "s" : [ {
                     "value" : [ "","define ","\"SDE Sex\"",":\n  " ]
                  }, {
                     "r" : "260",
                     "s" : [ {
                        "value" : [ "[","\"Patient Characteristic Sex\"",": " ]
                     }, {
                        "s" : [ {
                           "value" : [ "\"Federal Administrative Sex\"" ]
                        } ]
                     }, {
                        "value" : [ "]" ]
                     } ]
                  } ]
               }
            } ],
            "resultTypeSpecifier" : {
               "localId" : "264",
               "type" : "ListTypeSpecifier",
               "elementType" : {
                  "localId" : "265",
                  "name" : "{urn:healthit-gov:qdm:v5_6}PatientCharacteristicSex",
                  "type" : "NamedTypeSpecifier"
               }
            },
            "expression" : {
               "localId" : "260",
               "locator" : "30:3-30:62",
               "dataType" : "{urn:healthit-gov:qdm:v5_6}PatientCharacteristicSex",
               "codeProperty" : "code",
               "codeComparator" : "in",
               "type" : "Retrieve",
               "resultTypeSpecifier" : {
                  "localId" : "262",
                  "type" : "ListTypeSpecifier",
                  "elementType" : {
                     "localId" : "263",
                     "name" : "{urn:healthit-gov:qdm:v5_6}PatientCharacteristicSex",
                     "type" : "NamedTypeSpecifier"
                  }
               },
               "codes" : {
                  "localId" : "259",
                  "locator" : "30:34-30:61",
                  "resultTypeName" : "{urn:hl7-org:elm-types:r1}ValueSet",
                  "name" : "Federal Administrative Sex",
                  "preserve" : true,
                  "type" : "ValueSetRef"
               },
               "include" : [ ],
               "codeFilter" : [ ],
               "dateFilter" : [ ],
               "otherFilter" : [ ]
            }
         }, {
            "localId" : "291",
            "locator" : "44:1-46:74",
            "name" : "Qualifying Encounters",
            "context" : "Patient",
            "accessLevel" : "Public",
            "annotation" : [ {
               "type" : "Annotation",
               "s" : {
                  "r" : "291",
                  "s" : [ {
                     "value" : [ "","define ","\"Qualifying Encounters\"",":\n  " ]
                  }, {
                     "r" : "314",
                     "s" : [ {
                        "s" : [ {
                           "r" : "292",
                           "s" : [ {
                              "r" : "295",
                              "s" : [ {
                                 "r" : "295",
                                 "s" : [ {
                                    "value" : [ "[","\"Encounter, Performed\"",": " ]
                                 }, {
                                    "s" : [ {
                                       "value" : [ "\"Clinical Oral Evaluation\"" ]
                                    } ]
                                 }, {
                                    "value" : [ "]" ]
                                 } ]
                              } ]
                           }, {
                              "value" : [ " ","ValidEncounter" ]
                           } ]
                        } ]
                     }, {
                        "value" : [ "\n    " ]
                     }, {
                        "r" : "312",
                        "s" : [ {
                           "value" : [ "where " ]
                        }, {
                           "r" : "312",
                           "s" : [ {
                              "r" : "304",
                              "s" : [ {
                                 "r" : "303",
                                 "s" : [ {
                                    "value" : [ "ValidEncounter" ]
                                 } ]
                              }, {
                                 "value" : [ "." ]
                              }, {
                                 "r" : "304",
                                 "s" : [ {
                                    "value" : [ "relevantPeriod" ]
                                 } ]
                              } ]
                           }, {
                              "r" : "312",
                              "value" : [ " ","during day of"," " ]
                           }, {
                              "r" : "309",
                              "s" : [ {
                                 "value" : [ "\"Measurement Period\"" ]
                              } ]
                           } ]
                        } ]
                     } ]
                  } ]
               }
            } ],
            "resultTypeSpecifier" : {
               "localId" : "385",
               "type" : "ListTypeSpecifier",
               "elementType" : {
                  "localId" : "386",
                  "name" : "{urn:healthit-gov:qdm:v5_6}PositiveEncounterPerformed",
                  "type" : "NamedTypeSpecifier"
               }
            },
            "expression" : {
               "localId" : "314",
               "locator" : "45:3-46:74",
               "type" : "Query",
               "resultTypeSpecifier" : {
                  "localId" : "315",
                  "type" : "ListTypeSpecifier",
                  "elementType" : {
                     "localId" : "316",
                     "name" : "{urn:healthit-gov:qdm:v5_6}PositiveEncounterPerformed",
                     "type" : "NamedTypeSpecifier"
                  }
               },
               "source" : [ {
                  "localId" : "292",
                  "locator" : "45:3-45:69",
                  "alias" : "ValidEncounter",
                  "resultTypeSpecifier" : {
                     "localId" : "301",
                     "type" : "ListTypeSpecifier",
                     "elementType" : {
                        "localId" : "302",
                        "name" : "{urn:healthit-gov:qdm:v5_6}PositiveEncounterPerformed",
                        "type" : "NamedTypeSpecifier"
                     }
                  },
                  "expression" : {
                     "localId" : "295",
                     "locator" : "45:3-45:54",
                     "dataType" : "{urn:healthit-gov:qdm:v5_6}PositiveEncounterPerformed",
                     "templateId" : "PositiveEncounterPerformed",
                     "codeProperty" : "code",
                     "codeComparator" : "in",
                     "type" : "Retrieve",
                     "resultTypeSpecifier" : {
                        "localId" : "299",
                        "type" : "ListTypeSpecifier",
                        "elementType" : {
                           "localId" : "300",
                           "name" : "{urn:healthit-gov:qdm:v5_6}PositiveEncounterPerformed",
                           "type" : "NamedTypeSpecifier"
                        }
                     },
                     "codes" : {
                        "localId" : "294",
                        "locator" : "45:28-45:53",
                        "resultTypeName" : "{urn:hl7-org:elm-types:r1}ValueSet",
                        "name" : "Clinical Oral Evaluation",
                        "preserve" : true,
                        "type" : "ValueSetRef"
                     },
                     "include" : [ ],
                     "codeFilter" : [ ],
                     "dateFilter" : [ ],
                     "otherFilter" : [ ]
                  }
               } ],
               "let" : [ ],
               "relationship" : [ ],
               "where" : {
                  "localId" : "312",
                  "locator" : "46:5-46:74",
                  "resultTypeName" : "{urn:hl7-org:elm-types:r1}Boolean",
                  "precision" : "Day",
                  "type" : "IncludedIn",
                  "signature" : [ ],
                  "operand" : [ {
                     "localId" : "304",
                     "locator" : "46:11-46:39",
                     "path" : "relevantPeriod",
                     "scope" : "ValidEncounter",
                     "type" : "Property",
                     "resultTypeSpecifier" : {
                        "localId" : "307",
                        "type" : "IntervalTypeSpecifier",
                        "pointType" : {
                           "localId" : "308",
                           "name" : "{urn:hl7-org:elm-types:r1}DateTime",
                           "type" : "NamedTypeSpecifier"
                        }
                     }
                  }, {
                     "localId" : "309",
                     "locator" : "46:55-46:74",
                     "name" : "Measurement Period",
                     "type" : "ParameterRef",
                     "resultTypeSpecifier" : {
                        "localId" : "310",
                        "type" : "IntervalTypeSpecifier",
                        "pointType" : {
                           "localId" : "311",
                           "name" : "{urn:hl7-org:elm-types:r1}DateTime",
                           "type" : "NamedTypeSpecifier"
                        }
                     }
                  } ]
               }
            }
         }, {
            "localId" : "269",
            "locator" : "48:1-50:42",
            "resultTypeName" : "{urn:hl7-org:elm-types:r1}Boolean",
            "name" : "Initial Population",
            "context" : "Patient",
            "accessLevel" : "Public",
            "annotation" : [ {
               "type" : "Annotation",
               "s" : {
                  "r" : "269",
                  "s" : [ {
                     "value" : [ "","define ","\"Initial Population\"",":\n  " ]
                  }, {
                     "r" : "270",
                     "s" : [ {
                        "r" : "288",
                        "s" : [ {
                           "r" : "282",
                           "s" : [ {
                              "value" : [ "AgeInYearsAt","(" ]
                           }, {
                              "r" : "271",
                              "s" : [ {
                                 "value" : [ "date from " ]
                              }, {
                                 "r" : "272",
                                 "s" : [ {
                                    "value" : [ "start of " ]
                                 }, {
                                    "r" : "273",
                                    "s" : [ {
                                       "value" : [ "\"Measurement Period\"" ]
                                    } ]
                                 } ]
                              } ]
                           }, {
                              "value" : [ ")" ]
                           } ]
                        }, {
                           "value" : [ " in " ]
                        }, {
                           "r" : "285",
                           "s" : [ {
                              "r" : "283",
                              "value" : [ "Interval[","1",", ","20","]" ]
                           } ]
                        } ]
                     }, {
                        "value" : [ "\n    and " ]
                     }, {
                        "r" : "289",
                        "s" : [ {
                           "value" : [ "exists " ]
                        }, {
                           "r" : "319",
                           "s" : [ {
                              "value" : [ "( " ]
                           }, {
                              "r" : "319",
                              "s" : [ {
                                 "value" : [ "\"Qualifying Encounters\"" ]
                              } ]
                           }, {
                              "value" : [ " )" ]
                           } ]
                        } ]
                     } ]
                  } ]
               }
            } ],
            "expression" : {
               "localId" : "270",
               "locator" : "49:3-50:42",
               "resultTypeName" : "{urn:hl7-org:elm-types:r1}Boolean",
               "type" : "And",
               "signature" : [ ],
               "operand" : [ {
                  "localId" : "288",
                  "locator" : "49:3-49:74",
                  "resultTypeName" : "{urn:hl7-org:elm-types:r1}Boolean",
                  "type" : "In",
                  "signature" : [ ],
                  "operand" : [ {
                     "localId" : "282",
                     "locator" : "49:3-49:55",
                     "resultTypeName" : "{urn:hl7-org:elm-types:r1}Integer",
                     "precision" : "Year",
                     "type" : "CalculateAgeAt",
                     "signature" : [ ],
                     "operand" : [ {
                        "localId" : "281",
                        "type" : "ToDate",
                        "signature" : [ ],
                        "operand" : {
                           "localId" : "279",
                           "path" : "birthDatetime",
                           "type" : "Property",
                           "source" : {
                              "localId" : "278",
                              "name" : "Patient",
                              "type" : "ExpressionRef"
                           }
                        }
                     }, {
                        "localId" : "271",
                        "locator" : "49:16-49:54",
                        "resultTypeName" : "{urn:hl7-org:elm-types:r1}Date",
                        "type" : "DateFrom",
                        "signature" : [ ],
                        "operand" : {
                           "localId" : "272",
                           "locator" : "49:26-49:54",
                           "resultTypeName" : "{urn:hl7-org:elm-types:r1}DateTime",
                           "type" : "Start",
                           "signature" : [ ],
                           "operand" : {
                              "localId" : "273",
                              "locator" : "49:35-49:54",
                              "name" : "Measurement Period",
                              "type" : "ParameterRef",
                              "resultTypeSpecifier" : {
                                 "localId" : "274",
                                 "type" : "IntervalTypeSpecifier",
                                 "pointType" : {
                                    "localId" : "275",
                                    "name" : "{urn:hl7-org:elm-types:r1}DateTime",
                                    "type" : "NamedTypeSpecifier"
                                 }
                              }
                           }
                        }
                     } ]
                  }, {
                     "localId" : "285",
                     "locator" : "49:60-49:74",
                     "lowClosed" : true,
                     "highClosed" : true,
                     "type" : "Interval",
                     "resultTypeSpecifier" : {
                        "localId" : "286",
                        "type" : "IntervalTypeSpecifier",
                        "pointType" : {
                           "localId" : "287",
                           "name" : "{urn:hl7-org:elm-types:r1}Integer",
                           "type" : "NamedTypeSpecifier"
                        }
                     },
                     "low" : {
                        "localId" : "283",
                        "locator" : "49:69",
                        "resultTypeName" : "{urn:hl7-org:elm-types:r1}Integer",
                        "valueType" : "{urn:hl7-org:elm-types:r1}Integer",
                        "value" : "1",
                        "type" : "Literal"
                     },
                     "high" : {
                        "localId" : "284",
                        "locator" : "49:72-49:73",
                        "resultTypeName" : "{urn:hl7-org:elm-types:r1}Integer",
                        "valueType" : "{urn:hl7-org:elm-types:r1}Integer",
                        "value" : "20",
                        "type" : "Literal"
                     }
                  } ]
               }, {
                  "localId" : "289",
                  "locator" : "50:9-50:42",
                  "resultTypeName" : "{urn:hl7-org:elm-types:r1}Boolean",
                  "type" : "Exists",
                  "signature" : [ ],
                  "operand" : {
                     "localId" : "319",
                     "locator" : "50:16-50:42",
                     "name" : "Qualifying Encounters",
                     "type" : "ExpressionRef",
                     "resultTypeSpecifier" : {
                        "localId" : "322",
                        "type" : "ListTypeSpecifier",
                        "elementType" : {
                           "localId" : "323",
                           "name" : "{urn:healthit-gov:qdm:v5_6}PositiveEncounterPerformed",
                           "type" : "NamedTypeSpecifier"
                        }
                     }
                  }
               } ]
            }
         }, {
            "localId" : "267",
            "locator" : "32:1-33:22",
            "resultTypeName" : "{urn:hl7-org:elm-types:r1}Boolean",
            "name" : "Denominator",
            "context" : "Patient",
            "accessLevel" : "Public",
            "annotation" : [ {
               "type" : "Annotation",
               "s" : {
                  "r" : "267",
                  "s" : [ {
                     "value" : [ "","define ","\"Denominator\"",":\n  " ]
                  }, {
                     "r" : "324",
                     "s" : [ {
                        "value" : [ "\"Initial Population\"" ]
                     } ]
                  } ]
               }
            } ],
            "expression" : {
               "localId" : "324",
               "locator" : "33:3-33:22",
               "resultTypeName" : "{urn:hl7-org:elm-types:r1}Boolean",
               "name" : "Initial Population",
               "type" : "ExpressionRef"
            }
         }, {
            "localId" : "326",
            "locator" : "35:1-36:73",
            "resultTypeName" : "{urn:hl7-org:elm-types:r1}Boolean",
            "name" : "Stratification 1",
            "context" : "Patient",
            "accessLevel" : "Public",
            "annotation" : [ {
               "type" : "Annotation",
               "s" : {
                  "r" : "326",
                  "s" : [ {
                     "value" : [ "","define ","\"Stratification 1\"",":\n  " ]
                  }, {
                     "r" : "344",
                     "s" : [ {
                        "r" : "338",
                        "s" : [ {
                           "value" : [ "AgeInYearsAt","(" ]
                        }, {
                           "r" : "327",
                           "s" : [ {
                              "value" : [ "date from " ]
                           }, {
                              "r" : "328",
                              "s" : [ {
                                 "value" : [ "start of " ]
                              }, {
                                 "r" : "329",
                                 "s" : [ {
                                    "value" : [ "\"Measurement Period\"" ]
                                 } ]
                              } ]
                           } ]
                        }, {
                           "value" : [ ")" ]
                        } ]
                     }, {
                        "value" : [ " in " ]
                     }, {
                        "r" : "341",
                        "s" : [ {
                           "r" : "339",
                           "value" : [ "Interval[","1",", ","5","]" ]
                        } ]
                     } ]
                  } ]
               }
            } ],
            "expression" : {
               "localId" : "344",
               "locator" : "36:3-36:73",
               "resultTypeName" : "{urn:hl7-org:elm-types:r1}Boolean",
               "type" : "In",
               "signature" : [ ],
               "operand" : [ {
                  "localId" : "338",
                  "locator" : "36:3-36:55",
                  "resultTypeName" : "{urn:hl7-org:elm-types:r1}Integer",
                  "precision" : "Year",
                  "type" : "CalculateAgeAt",
                  "signature" : [ ],
                  "operand" : [ {
                     "localId" : "337",
                     "type" : "ToDate",
                     "signature" : [ ],
                     "operand" : {
                        "localId" : "335",
                        "path" : "birthDatetime",
                        "type" : "Property",
                        "source" : {
                           "localId" : "334",
                           "name" : "Patient",
                           "type" : "ExpressionRef"
                        }
                     }
                  }, {
                     "localId" : "327",
                     "locator" : "36:16-36:54",
                     "resultTypeName" : "{urn:hl7-org:elm-types:r1}Date",
                     "type" : "DateFrom",
                     "signature" : [ ],
                     "operand" : {
                        "localId" : "328",
                        "locator" : "36:26-36:54",
                        "resultTypeName" : "{urn:hl7-org:elm-types:r1}DateTime",
                        "type" : "Start",
                        "signature" : [ ],
                        "operand" : {
                           "localId" : "329",
                           "locator" : "36:35-36:54",
                           "name" : "Measurement Period",
                           "type" : "ParameterRef",
                           "resultTypeSpecifier" : {
                              "localId" : "330",
                              "type" : "IntervalTypeSpecifier",
                              "pointType" : {
                                 "localId" : "331",
                                 "name" : "{urn:hl7-org:elm-types:r1}DateTime",
                                 "type" : "NamedTypeSpecifier"
                              }
                           }
                        }
                     }
                  } ]
               }, {
                  "localId" : "341",
                  "locator" : "36:60-36:73",
                  "lowClosed" : true,
                  "highClosed" : true,
                  "type" : "Interval",
                  "resultTypeSpecifier" : {
                     "localId" : "342",
                     "type" : "IntervalTypeSpecifier",
                     "pointType" : {
                        "localId" : "343",
                        "name" : "{urn:hl7-org:elm-types:r1}Integer",
                        "type" : "NamedTypeSpecifier"
                     }
                  },
                  "low" : {
                     "localId" : "339",
                     "locator" : "36:69",
                     "resultTypeName" : "{urn:hl7-org:elm-types:r1}Integer",
                     "valueType" : "{urn:hl7-org:elm-types:r1}Integer",
                     "value" : "1",
                     "type" : "Literal"
                  },
                  "high" : {
                     "localId" : "340",
                     "locator" : "36:72",
                     "resultTypeName" : "{urn:hl7-org:elm-types:r1}Integer",
                     "valueType" : "{urn:hl7-org:elm-types:r1}Integer",
                     "value" : "5",
                     "type" : "Literal"
                  }
               } ]
            }
         }, {
            "localId" : "346",
            "locator" : "38:1-39:74",
            "resultTypeName" : "{urn:hl7-org:elm-types:r1}Boolean",
            "name" : "Stratification 2",
            "context" : "Patient",
            "accessLevel" : "Public",
            "annotation" : [ {
               "type" : "Annotation",
               "s" : {
                  "r" : "346",
                  "s" : [ {
                     "value" : [ "","define ","\"Stratification 2\"",":\n  " ]
                  }, {
                     "r" : "364",
                     "s" : [ {
                        "r" : "358",
                        "s" : [ {
                           "value" : [ "AgeInYearsAt","(" ]
                        }, {
                           "r" : "347",
                           "s" : [ {
                              "value" : [ "date from " ]
                           }, {
                              "r" : "348",
                              "s" : [ {
                                 "value" : [ "start of " ]
                              }, {
                                 "r" : "349",
                                 "s" : [ {
                                    "value" : [ "\"Measurement Period\"" ]
                                 } ]
                              } ]
                           } ]
                        }, {
                           "value" : [ ")" ]
                        } ]
                     }, {
                        "value" : [ " in " ]
                     }, {
                        "r" : "361",
                        "s" : [ {
                           "r" : "359",
                           "value" : [ "Interval[","6",", ","12","]" ]
                        } ]
                     } ]
                  } ]
               }
            } ],
            "expression" : {
               "localId" : "364",
               "locator" : "39:3-39:74",
               "resultTypeName" : "{urn:hl7-org:elm-types:r1}Boolean",
               "type" : "In",
               "signature" : [ ],
               "operand" : [ {
                  "localId" : "358",
                  "locator" : "39:3-39:55",
                  "resultTypeName" : "{urn:hl7-org:elm-types:r1}Integer",
                  "precision" : "Year",
                  "type" : "CalculateAgeAt",
                  "signature" : [ ],
                  "operand" : [ {
                     "localId" : "357",
                     "type" : "ToDate",
                     "signature" : [ ],
                     "operand" : {
                        "localId" : "355",
                        "path" : "birthDatetime",
                        "type" : "Property",
                        "source" : {
                           "localId" : "354",
                           "name" : "Patient",
                           "type" : "ExpressionRef"
                        }
                     }
                  }, {
                     "localId" : "347",
                     "locator" : "39:16-39:54",
                     "resultTypeName" : "{urn:hl7-org:elm-types:r1}Date",
                     "type" : "DateFrom",
                     "signature" : [ ],
                     "operand" : {
                        "localId" : "348",
                        "locator" : "39:26-39:54",
                        "resultTypeName" : "{urn:hl7-org:elm-types:r1}DateTime",
                        "type" : "Start",
                        "signature" : [ ],
                        "operand" : {
                           "localId" : "349",
                           "locator" : "39:35-39:54",
                           "name" : "Measurement Period",
                           "type" : "ParameterRef",
                           "resultTypeSpecifier" : {
                              "localId" : "350",
                              "type" : "IntervalTypeSpecifier",
                              "pointType" : {
                                 "localId" : "351",
                                 "name" : "{urn:hl7-org:elm-types:r1}DateTime",
                                 "type" : "NamedTypeSpecifier"
                              }
                           }
                        }
                     }
                  } ]
               }, {
                  "localId" : "361",
                  "locator" : "39:60-39:74",
                  "lowClosed" : true,
                  "highClosed" : true,
                  "type" : "Interval",
                  "resultTypeSpecifier" : {
                     "localId" : "362",
                     "type" : "IntervalTypeSpecifier",
                     "pointType" : {
                        "localId" : "363",
                        "name" : "{urn:hl7-org:elm-types:r1}Integer",
                        "type" : "NamedTypeSpecifier"
                     }
                  },
                  "low" : {
                     "localId" : "359",
                     "locator" : "39:69",
                     "resultTypeName" : "{urn:hl7-org:elm-types:r1}Integer",
                     "valueType" : "{urn:hl7-org:elm-types:r1}Integer",
                     "value" : "6",
                     "type" : "Literal"
                  },
                  "high" : {
                     "localId" : "360",
                     "locator" : "39:72-39:73",
                     "resultTypeName" : "{urn:hl7-org:elm-types:r1}Integer",
                     "valueType" : "{urn:hl7-org:elm-types:r1}Integer",
                     "value" : "12",
                     "type" : "Literal"
                  }
               } ]
            }
         }, {
            "localId" : "366",
            "locator" : "41:1-42:75",
            "resultTypeName" : "{urn:hl7-org:elm-types:r1}Boolean",
            "name" : "Stratification 3",
            "context" : "Patient",
            "accessLevel" : "Public",
            "annotation" : [ {
               "type" : "Annotation",
               "s" : {
                  "r" : "366",
                  "s" : [ {
                     "value" : [ "","define ","\"Stratification 3\"",":\n  " ]
                  }, {
                     "r" : "384",
                     "s" : [ {
                        "r" : "378",
                        "s" : [ {
                           "value" : [ "AgeInYearsAt","(" ]
                        }, {
                           "r" : "367",
                           "s" : [ {
                              "value" : [ "date from " ]
                           }, {
                              "r" : "368",
                              "s" : [ {
                                 "value" : [ "start of " ]
                              }, {
                                 "r" : "369",
                                 "s" : [ {
                                    "value" : [ "\"Measurement Period\"" ]
                                 } ]
                              } ]
                           } ]
                        }, {
                           "value" : [ ")" ]
                        } ]
                     }, {
                        "value" : [ " in " ]
                     }, {
                        "r" : "381",
                        "s" : [ {
                           "r" : "379",
                           "value" : [ "Interval[","13",", ","20","]" ]
                        } ]
                     } ]
                  } ]
               }
            } ],
            "expression" : {
               "localId" : "384",
               "locator" : "42:3-42:75",
               "resultTypeName" : "{urn:hl7-org:elm-types:r1}Boolean",
               "type" : "In",
               "signature" : [ ],
               "operand" : [ {
                  "localId" : "378",
                  "locator" : "42:3-42:55",
                  "resultTypeName" : "{urn:hl7-org:elm-types:r1}Integer",
                  "precision" : "Year",
                  "type" : "CalculateAgeAt",
                  "signature" : [ ],
                  "operand" : [ {
                     "localId" : "377",
                     "type" : "ToDate",
                     "signature" : [ ],
                     "operand" : {
                        "localId" : "375",
                        "path" : "birthDatetime",
                        "type" : "Property",
                        "source" : {
                           "localId" : "374",
                           "name" : "Patient",
                           "type" : "ExpressionRef"
                        }
                     }
                  }, {
                     "localId" : "367",
                     "locator" : "42:16-42:54",
                     "resultTypeName" : "{urn:hl7-org:elm-types:r1}Date",
                     "type" : "DateFrom",
                     "signature" : [ ],
                     "operand" : {
                        "localId" : "368",
                        "locator" : "42:26-42:54",
                        "resultTypeName" : "{urn:hl7-org:elm-types:r1}DateTime",
                        "type" : "Start",
                        "signature" : [ ],
                        "operand" : {
                           "localId" : "369",
                           "locator" : "42:35-42:54",
                           "name" : "Measurement Period",
                           "type" : "ParameterRef",
                           "resultTypeSpecifier" : {
                              "localId" : "370",
                              "type" : "IntervalTypeSpecifier",
                              "pointType" : {
                                 "localId" : "371",
                                 "name" : "{urn:hl7-org:elm-types:r1}DateTime",
                                 "type" : "NamedTypeSpecifier"
                              }
                           }
                        }
                     }
                  } ]
               }, {
                  "localId" : "381",
                  "locator" : "42:60-42:75",
                  "lowClosed" : true,
                  "highClosed" : true,
                  "type" : "Interval",
                  "resultTypeSpecifier" : {
                     "localId" : "382",
                     "type" : "IntervalTypeSpecifier",
                     "pointType" : {
                        "localId" : "383",
                        "name" : "{urn:hl7-org:elm-types:r1}Integer",
                        "type" : "NamedTypeSpecifier"
                     }
                  },
                  "low" : {
                     "localId" : "379",
                     "locator" : "42:69-42:70",
                     "resultTypeName" : "{urn:hl7-org:elm-types:r1}Integer",
                     "valueType" : "{urn:hl7-org:elm-types:r1}Integer",
                     "value" : "13",
                     "type" : "Literal"
                  },
                  "high" : {
                     "localId" : "380",
                     "locator" : "42:73-42:74",
                     "resultTypeName" : "{urn:hl7-org:elm-types:r1}Integer",
                     "valueType" : "{urn:hl7-org:elm-types:r1}Integer",
                     "value" : "20",
                     "type" : "Literal"
                  }
               } ]
            }
         }, {
            "localId" : "388",
            "locator" : "52:1-53:32",
            "resultTypeName" : "{urn:hl7-org:elm-types:r1}Boolean",
            "name" : "Denominator Exclusions",
            "context" : "Patient",
            "accessLevel" : "Public",
            "annotation" : [ {
               "type" : "Annotation",
               "s" : {
                  "r" : "388",
                  "s" : [ {
                     "value" : [ "","define ","\"Denominator Exclusions\"",":\n  " ]
                  }, {
                     "r" : "390",
                     "s" : [ {
                        "r" : "389",
                        "s" : [ {
                           "value" : [ "Hospice" ]
                        } ]
                     }, {
                        "value" : [ "." ]
                     }, {
                        "r" : "390",
                        "s" : [ {
                           "value" : [ "\"Has Hospice Services\"" ]
                        } ]
                     } ]
                  } ]
               }
            } ],
            "expression" : {
               "localId" : "390",
               "locator" : "53:3-53:32",
               "resultTypeName" : "{urn:hl7-org:elm-types:r1}Boolean",
               "name" : "Has Hospice Services",
               "libraryName" : "Hospice",
               "type" : "ExpressionRef"
            }
         }, {
            "localId" : "392",
            "locator" : "55:1-60:8",
            "resultTypeName" : "{urn:hl7-org:elm-types:r1}Boolean",
            "name" : "Numerator",
            "context" : "Patient",
            "accessLevel" : "Public",
            "annotation" : [ {
               "type" : "Annotation",
               "s" : {
                  "r" : "392",
                  "s" : [ {
                     "value" : [ "","define ","\"Numerator\"",":\n  " ]
                  }, {
                     "r" : "393",
                     "s" : [ {
                        "r" : "448",
                        "s" : [ {
                           "value" : [ "Count","(" ]
                        }, {
                           "r" : "443",
                           "s" : [ {
                              "s" : [ {
                                 "r" : "394",
                                 "s" : [ {
                                    "r" : "397",
                                    "s" : [ {
                                       "r" : "397",
                                       "s" : [ {
                                          "value" : [ "[","\"Procedure, Performed\"",": " ]
                                       }, {
                                          "s" : [ {
                                             "value" : [ "\"Fluoride Varnish Application for Children\"" ]
                                          } ]
                                       }, {
                                          "value" : [ "]" ]
                                       } ]
                                    } ]
                                 }, {
                                    "value" : [ " ","FluorideApplication" ]
                                 } ]
                              } ]
                           }, {
                              "value" : [ "\n      " ]
                           }, {
                              "r" : "423",
                              "s" : [ {
                                 "value" : [ "where " ]
                              }, {
                                 "r" : "423",
                                 "s" : [ {
                                    "r" : "414",
                                    "s" : [ {
                                       "r" : "405",
                                       "s" : [ {
                                          "value" : [ "Global" ]
                                       } ]
                                    }, {
                                       "value" : [ "." ]
                                    }, {
                                       "r" : "414",
                                       "s" : [ {
                                          "value" : [ "\"NormalizeInterval\"","(" ]
                                       }, {
                                          "r" : "407",
                                          "s" : [ {
                                             "r" : "406",
                                             "s" : [ {
                                                "value" : [ "FluorideApplication" ]
                                             } ]
                                          }, {
                                             "value" : [ "." ]
                                          }, {
                                             "r" : "407",
                                             "s" : [ {
                                                "value" : [ "relevantDatetime" ]
                                             } ]
                                          } ]
                                       }, {
                                          "value" : [ ", " ]
                                       }, {
                                          "r" : "409",
                                          "s" : [ {
                                             "r" : "408",
                                             "s" : [ {
                                                "value" : [ "FluorideApplication" ]
                                             } ]
                                          }, {
                                             "value" : [ "." ]
                                          }, {
                                             "r" : "409",
                                             "s" : [ {
                                                "value" : [ "relevantPeriod" ]
                                             } ]
                                          } ]
                                       }, {
                                          "value" : [ ")" ]
                                       } ]
                                    } ]
                                 }, {
                                    "r" : "423",
                                    "value" : [ " ","ends during day of"," " ]
                                 }, {
                                    "r" : "419",
                                    "s" : [ {
                                       "value" : [ "\"Measurement Period\"" ]
                                    } ]
                                 } ]
                              } ]
                           }, {
                              "value" : [ "\n      " ]
                           }, {
                              "r" : "424",
                              "s" : [ {
                                 "value" : [ "return distinct " ]
                              }, {
                                 "r" : "425",
                                 "s" : [ {
                                    "value" : [ "date from \n      " ]
                                 }, {
                                    "r" : "426",
                                    "s" : [ {
                                       "value" : [ "end of " ]
                                    }, {
                                       "r" : "436",
                                       "s" : [ {
                                          "r" : "427",
                                          "s" : [ {
                                             "value" : [ "Global" ]
                                          } ]
                                       }, {
                                          "value" : [ "." ]
                                       }, {
                                          "r" : "436",
                                          "s" : [ {
                                             "value" : [ "\"NormalizeInterval\"","(" ]
                                          }, {
                                             "r" : "429",
                                             "s" : [ {
                                                "r" : "428",
                                                "s" : [ {
                                                   "value" : [ "FluorideApplication" ]
                                                } ]
                                             }, {
                                                "value" : [ "." ]
                                             }, {
                                                "r" : "429",
                                                "s" : [ {
                                                   "value" : [ "relevantDatetime" ]
                                                } ]
                                             } ]
                                          }, {
                                             "value" : [ ", " ]
                                          }, {
                                             "r" : "431",
                                             "s" : [ {
                                                "r" : "430",
                                                "s" : [ {
                                                   "value" : [ "FluorideApplication" ]
                                                } ]
                                             }, {
                                                "value" : [ "." ]
                                             }, {
                                                "r" : "431",
                                                "s" : [ {
                                                   "value" : [ "relevantPeriod" ]
                                                } ]
                                             } ]
                                          }, {
                                             "value" : [ ")" ]
                                          } ]
                                       } ]
                                    } ]
                                 } ]
                              } ]
                           } ]
                        }, {
                           "value" : [ "\n  )" ]
                        } ]
                     }, {
                        "r" : "449",
                        "value" : [ " ",">="," ","2" ]
                     } ]
                  } ]
               }
            } ],
            "expression" : {
               "localId" : "393",
               "locator" : "56:3-60:8",
               "resultTypeName" : "{urn:hl7-org:elm-types:r1}Boolean",
               "type" : "GreaterOrEqual",
               "signature" : [ ],
               "operand" : [ {
                  "localId" : "448",
                  "locator" : "56:3-60:3",
                  "resultTypeName" : "{urn:hl7-org:elm-types:r1}Integer",
                  "type" : "Count",
                  "signature" : [ ],
                  "source" : {
                     "localId" : "443",
                     "locator" : "56:9-59:113",
                     "type" : "Query",
                     "resultTypeSpecifier" : {
                        "localId" : "444",
                        "type" : "ListTypeSpecifier",
                        "elementType" : {
                           "localId" : "445",
                           "name" : "{urn:hl7-org:elm-types:r1}Date",
                           "type" : "NamedTypeSpecifier"
                        }
                     },
                     "source" : [ {
                        "localId" : "394",
                        "locator" : "56:9-56:97",
                        "alias" : "FluorideApplication",
                        "resultTypeSpecifier" : {
                           "localId" : "403",
                           "type" : "ListTypeSpecifier",
                           "elementType" : {
                              "localId" : "404",
                              "name" : "{urn:healthit-gov:qdm:v5_6}PositiveProcedurePerformed",
                              "type" : "NamedTypeSpecifier"
                           }
                        },
                        "expression" : {
                           "localId" : "397",
                           "locator" : "56:9-56:77",
                           "dataType" : "{urn:healthit-gov:qdm:v5_6}PositiveProcedurePerformed",
                           "templateId" : "PositiveProcedurePerformed",
                           "codeProperty" : "code",
                           "codeComparator" : "in",
                           "type" : "Retrieve",
                           "resultTypeSpecifier" : {
                              "localId" : "401",
                              "type" : "ListTypeSpecifier",
                              "elementType" : {
                                 "localId" : "402",
                                 "name" : "{urn:healthit-gov:qdm:v5_6}PositiveProcedurePerformed",
                                 "type" : "NamedTypeSpecifier"
                              }
                           },
                           "codes" : {
                              "localId" : "396",
                              "locator" : "56:34-56:76",
                              "resultTypeName" : "{urn:hl7-org:elm-types:r1}ValueSet",
                              "name" : "Fluoride Varnish Application for Children",
                              "preserve" : true,
                              "type" : "ValueSetRef"
                           },
                           "include" : [ ],
                           "codeFilter" : [ ],
                           "dateFilter" : [ ],
                           "otherFilter" : [ ]
                        }
                     } ],
                     "let" : [ ],
                     "relationship" : [ ],
                     "where" : {
                        "localId" : "423",
                        "locator" : "57:7-57:152",
                        "resultTypeName" : "{urn:hl7-org:elm-types:r1}Boolean",
                        "precision" : "Day",
                        "type" : "In",
                        "signature" : [ ],
                        "operand" : [ {
                           "localId" : "422",
                           "locator" : "57:114-57:117",
                           "type" : "End",
                           "signature" : [ ],
                           "operand" : {
                              "localId" : "414",
                              "locator" : "57:13-57:112",
                              "name" : "NormalizeInterval",
                              "libraryName" : "Global",
                              "type" : "FunctionRef",
                              "resultTypeSpecifier" : {
                                 "localId" : "417",
                                 "type" : "IntervalTypeSpecifier",
                                 "pointType" : {
                                    "localId" : "418",
                                    "name" : "{urn:hl7-org:elm-types:r1}DateTime",
                                    "type" : "NamedTypeSpecifier"
                                 }
                              },
                              "signature" : [ ],
                              "operand" : [ {
                                 "localId" : "407",
                                 "locator" : "57:40-57:75",
                                 "resultTypeName" : "{urn:hl7-org:elm-types:r1}DateTime",
                                 "path" : "relevantDatetime",
                                 "scope" : "FluorideApplication",
                                 "type" : "Property"
                              }, {
                                 "localId" : "409",
                                 "locator" : "57:78-57:111",
                                 "path" : "relevantPeriod",
                                 "scope" : "FluorideApplication",
                                 "type" : "Property",
                                 "resultTypeSpecifier" : {
                                    "localId" : "412",
                                    "type" : "IntervalTypeSpecifier",
                                    "pointType" : {
                                       "localId" : "413",
                                       "name" : "{urn:hl7-org:elm-types:r1}DateTime",
                                       "type" : "NamedTypeSpecifier"
                                    }
                                 }
                              } ]
                           }
                        }, {
                           "localId" : "419",
                           "locator" : "57:133-57:152",
                           "name" : "Measurement Period",
                           "type" : "ParameterRef",
                           "resultTypeSpecifier" : {
                              "localId" : "420",
                              "type" : "IntervalTypeSpecifier",
                              "pointType" : {
                                 "localId" : "421",
                                 "name" : "{urn:hl7-org:elm-types:r1}DateTime",
                                 "type" : "NamedTypeSpecifier"
                              }
                           }
                        } ]
                     },
                     "return" : {
                        "localId" : "424",
                        "locator" : "58:7-59:113",
                        "distinct" : true,
                        "resultTypeSpecifier" : {
                           "localId" : "441",
                           "type" : "ListTypeSpecifier",
                           "elementType" : {
                              "localId" : "442",
                              "name" : "{urn:hl7-org:elm-types:r1}Date",
                              "type" : "NamedTypeSpecifier"
                           }
                        },
                        "expression" : {
                           "localId" : "425",
                           "locator" : "58:23-59:113",
                           "resultTypeName" : "{urn:hl7-org:elm-types:r1}Date",
                           "type" : "DateFrom",
                           "signature" : [ ],
                           "operand" : {
                              "localId" : "426",
                              "locator" : "59:7-59:113",
                              "resultTypeName" : "{urn:hl7-org:elm-types:r1}DateTime",
                              "type" : "End",
                              "signature" : [ ],
                              "operand" : {
                                 "localId" : "436",
                                 "locator" : "59:14-59:113",
                                 "name" : "NormalizeInterval",
                                 "libraryName" : "Global",
                                 "type" : "FunctionRef",
                                 "resultTypeSpecifier" : {
                                    "localId" : "439",
                                    "type" : "IntervalTypeSpecifier",
                                    "pointType" : {
                                       "localId" : "440",
                                       "name" : "{urn:hl7-org:elm-types:r1}DateTime",
                                       "type" : "NamedTypeSpecifier"
                                    }
                                 },
                                 "signature" : [ ],
                                 "operand" : [ {
                                    "localId" : "429",
                                    "locator" : "59:41-59:76",
                                    "resultTypeName" : "{urn:hl7-org:elm-types:r1}DateTime",
                                    "path" : "relevantDatetime",
                                    "scope" : "FluorideApplication",
                                    "type" : "Property"
                                 }, {
                                    "localId" : "431",
                                    "locator" : "59:79-59:112",
                                    "path" : "relevantPeriod",
                                    "scope" : "FluorideApplication",
                                    "type" : "Property",
                                    "resultTypeSpecifier" : {
                                       "localId" : "434",
                                       "type" : "IntervalTypeSpecifier",
                                       "pointType" : {
                                          "localId" : "435",
                                          "name" : "{urn:hl7-org:elm-types:r1}DateTime",
                                          "type" : "NamedTypeSpecifier"
                                       }
                                    }
                                 } ]
                              }
                           }
                        }
                     }
                  }
               }, {
                  "localId" : "449",
                  "locator" : "60:8",
                  "resultTypeName" : "{urn:hl7-org:elm-types:r1}Integer",
                  "valueType" : "{urn:hl7-org:elm-types:r1}Integer",
                  "value" : "2",
                  "type" : "Literal"
               } ]
            }
         } ]
      }
   }
}