<?xml version="1.0" encoding="UTF-8"?>
<library xmlns="urn:hl7-org:elm:r1" xmlns:t="urn:hl7-org:elm-types:r1" xmlns:xsi="http://www.w3.org/2001/XMLSchema-instance" xmlns:xsd="http://www.w3.org/2001/XMLSchema" xmlns:fhir="http://hl7.org/fhir" xmlns:qdm43="urn:healthit-gov:qdm:v4_3" xmlns:qdm53="urn:healthit-gov:qdm:v5_3" xmlns:a="urn:hl7-org:cql-annotations:r1" localId="0">
   <annotation translatorVersion="3.14.0" translatorOptions="EnableAnnotations,EnableLocators,EnableResultTypes,EnableDetailedErrors,DisableListDemotion,DisableListPromotion" signatureLevel="None" xsi:type="a:CqlToElmInfo"/>
   <annotation xsi:type="a:Annotation">
      <a:s r="392">
         <a:s>library CMS74DentalCariesPreventionQDM version '15.0.000'</a:s>
      </a:s>
   </annotation>
   <identifier id="CMS74DentalCariesPreventionQDM" version="15.0.000"/>
   <schemaIdentifier id="urn:hl7-org:elm" version="r1"/>
   <usings>
      <def localId="1" localIdentifier="System" uri="urn:hl7-org:elm-types:r1"/>
      <def localId="206" locator="3:1-3:23" localIdentifier="QDM" uri="urn:healthit-gov:qdm:v5_6" version="5.6">
         <annotation xsi:type="a:Annotation">
            <a:s r="206">
               <a:s>using </a:s>
               <a:s>
                  <a:s>QDM</a:s>
               </a:s>
               <a:s> version '5.6'</a:s>
            </a:s>
         </annotation>
      </def>
   </usings>
   <includes>
      <def localId="207" locator="5:1-5:52" localIdentifier="Global" path="CQMCommonQDM" version="9.0.000">
         <annotation xsi:type="a:Annotation">
            <a:s r="207">
               <a:s>include </a:s>
               <a:s>
                  <a:s>CQMCommonQDM</a:s>
               </a:s>
               <a:s> version '9.0.000' called Global</a:s>
            </a:s>
         </annotation>
      </def>
      <def localId="208" locator="7:1-7:51" localIdentifier="Hospice" path="HospiceQDM" version="7.0.000">
         <annotation xsi:type="a:Annotation">
            <a:s r="208">
               <a:s>include </a:s>
               <a:s>
                  <a:s>HospiceQDM</a:s>
               </a:s>
               <a:s> version '7.0.000' called Hospice</a:s>
            </a:s>
         </annotation>
      </def>
   </includes>
   <parameters>
      <def localId="215" locator="16:1-16:49" name="Measurement Period" accessLevel="Public">
         <annotation xsi:type="a:Annotation">
            <a:s r="215">
               <a:s>parameter &quot;Measurement Period&quot; </a:s>
               <a:s r="216">
                  <a:s>Interval&lt;</a:s>
                  <a:s r="217">
                     <a:s>DateTime</a:s>
                  </a:s>
                  <a:s>></a:s>
               </a:s>
            </a:s>
         </annotation>
         <resultTypeSpecifier localId="220" xsi:type="IntervalTypeSpecifier">
            <pointType localId="221" name="t:DateTime" xsi:type="NamedTypeSpecifier"/>
         </resultTypeSpecifier>
         <parameterTypeSpecifier localId="216" locator="16:32-16:49" xsi:type="IntervalTypeSpecifier">
            <resultTypeSpecifier localId="218" xsi:type="IntervalTypeSpecifier">
               <pointType localId="219" name="t:DateTime" xsi:type="NamedTypeSpecifier"/>
            </resultTypeSpecifier>
            <pointType localId="217" locator="16:41-16:48" resultTypeName="t:DateTime" name="t:DateTime" xsi:type="NamedTypeSpecifier"/>
         </parameterTypeSpecifier>
      </def>
   </parameters>
   <valueSets>
      <def localId="209" locator="9:1-9:87" resultTypeName="t:ValueSet" name="Clinical Oral Evaluation" id="urn:oid:2.16.840.1.113883.3.464.1003.125.12.1003" accessLevel="Public">
         <annotation xsi:type="a:Annotation">
            <a:s r="209">
               <a:s>valueset &quot;Clinical Oral Evaluation&quot;: 'urn:oid:2.16.840.1.113883.3.464.1003.125.12.1003'</a:s>
            </a:s>
         </annotation>
      </def>
      <def localId="210" locator="10:1-10:58" resultTypeName="t:ValueSet" name="Ethnicity" id="urn:oid:2.16.840.1.114222.4.11.837" accessLevel="Public">
         <annotation xsi:type="a:Annotation">
            <a:s r="210">
               <a:s>valueset &quot;Ethnicity&quot;: 'urn:oid:2.16.840.1.114222.4.11.837'</a:s>
            </a:s>
         </annotation>
      </def>
      <def localId="211" locator="11:1-11:104" resultTypeName="t:ValueSet" name="Fluoride Varnish Application for Children" id="urn:oid:2.16.840.1.113883.3.464.1003.125.12.1002" accessLevel="Public">
         <annotation xsi:type="a:Annotation">
            <a:s r="211">
               <a:s>valueset &quot;Fluoride Varnish Application for Children&quot;: 'urn:oid:2.16.840.1.113883.3.464.1003.125.12.1002'</a:s>
            </a:s>
         </annotation>
      </def>
      <def localId="212" locator="12:1-12:79" resultTypeName="t:ValueSet" name="Federal Administrative Sex" id="urn:oid:2.16.840.1.113762.1.4.1021.121" accessLevel="Public">
         <annotation xsi:type="a:Annotation">
            <a:s r="212">
               <a:s>valueset &quot;Federal Administrative Sex&quot;: 'urn:oid:2.16.840.1.113762.1.4.1021.121'</a:s>
            </a:s>
         </annotation>
      </def>
      <def localId="213" locator="13:1-13:60" resultTypeName="t:ValueSet" name="Payer Type" id="urn:oid:2.16.840.1.114222.4.11.3591" accessLevel="Public">
         <annotation xsi:type="a:Annotation">
            <a:s r="213">
               <a:s>valueset &quot;Payer Type&quot;: 'urn:oid:2.16.840.1.114222.4.11.3591'</a:s>
            </a:s>
         </annotation>
      </def>
      <def localId="214" locator="14:1-14:53" resultTypeName="t:ValueSet" name="Race" id="urn:oid:2.16.840.1.114222.4.11.836" accessLevel="Public">
         <annotation xsi:type="a:Annotation">
            <a:s r="214">
               <a:s>valueset &quot;Race&quot;: 'urn:oid:2.16.840.1.114222.4.11.836'</a:s>
            </a:s>
         </annotation>
      </def>
   </valueSets>
   <contexts>
      <def localId="225" locator="18:1-18:15" name="Patient"/>
   </contexts>
   <statements>
      <def localId="223" locator="18:1-18:15" name="Patient" context="Patient">
         <expression localId="224" xsi:type="SingletonFrom">
            <operand localId="222" locator="18:1-18:15" xmlns:ns0="urn:healthit-gov:qdm:v5_6" dataType="ns0:Patient" templateId="Patient" xsi:type="Retrieve"/>
         </expression>
      </def>
      <def localId="227" locator="20:1-21:51" name="SDE Ethnicity" context="Patient" accessLevel="Public">
         <annotation xsi:type="a:Annotation">
            <a:s r="227">
               <a:s>define &quot;SDE Ethnicity&quot;:
  </a:s>
               <a:s r="230">
                  <a:s>[&quot;Patient Characteristic Ethnicity&quot;: </a:s>
                  <a:s>
                     <a:s>&quot;Ethnicity&quot;</a:s>
                  </a:s>
                  <a:s>]</a:s>
               </a:s>
            </a:s>
         </annotation>
         <resultTypeSpecifier localId="234" xsi:type="ListTypeSpecifier">
            <elementType localId="235" xmlns:ns1="urn:healthit-gov:qdm:v5_6" name="ns1:PatientCharacteristicEthnicity" xsi:type="NamedTypeSpecifier"/>
         </resultTypeSpecifier>
         <expression localId="230" locator="21:3-21:51" xmlns:ns2="urn:healthit-gov:qdm:v5_6" dataType="ns2:PatientCharacteristicEthnicity" codeProperty="code" codeComparator="in" xsi:type="Retrieve">
            <resultTypeSpecifier localId="232" xsi:type="ListTypeSpecifier">
               <elementType localId="233" xmlns:ns3="urn:healthit-gov:qdm:v5_6" name="ns3:PatientCharacteristicEthnicity" xsi:type="NamedTypeSpecifier"/>
            </resultTypeSpecifier>
            <codes localId="229" locator="21:40-21:50" resultTypeName="t:ValueSet" name="Ethnicity" preserve="true" xsi:type="ValueSetRef"/>
         </expression>
      </def>
      <def localId="237" locator="23:1-24:48" name="SDE Payer" context="Patient" accessLevel="Public">
         <annotation xsi:type="a:Annotation">
            <a:s r="237">
               <a:s>define &quot;SDE Payer&quot;:
  </a:s>
               <a:s r="240">
                  <a:s>[&quot;Patient Characteristic Payer&quot;: </a:s>
                  <a:s>
                     <a:s>&quot;Payer Type&quot;</a:s>
                  </a:s>
                  <a:s>]</a:s>
               </a:s>
            </a:s>
         </annotation>
         <resultTypeSpecifier localId="244" xsi:type="ListTypeSpecifier">
            <elementType localId="245" xmlns:ns4="urn:healthit-gov:qdm:v5_6" name="ns4:PatientCharacteristicPayer" xsi:type="NamedTypeSpecifier"/>
         </resultTypeSpecifier>
         <expression localId="240" locator="24:3-24:48" xmlns:ns5="urn:healthit-gov:qdm:v5_6" dataType="ns5:PatientCharacteristicPayer" codeProperty="code" codeComparator="in" xsi:type="Retrieve">
            <resultTypeSpecifier localId="242" xsi:type="ListTypeSpecifier">
               <elementType localId="243" xmlns:ns6="urn:healthit-gov:qdm:v5_6" name="ns6:PatientCharacteristicPayer" xsi:type="NamedTypeSpecifier"/>
            </resultTypeSpecifier>
            <codes localId="239" locator="24:36-24:47" resultTypeName="t:ValueSet" name="Payer Type" preserve="true" xsi:type="ValueSetRef"/>
         </expression>
      </def>
      <def localId="247" locator="26:1-27:41" name="SDE Race" context="Patient" accessLevel="Public">
         <annotation xsi:type="a:Annotation">
            <a:s r="247">
               <a:s>define &quot;SDE Race&quot;:
  </a:s>
               <a:s r="250">
                  <a:s>[&quot;Patient Characteristic Race&quot;: </a:s>
                  <a:s>
                     <a:s>&quot;Race&quot;</a:s>
                  </a:s>
                  <a:s>]</a:s>
               </a:s>
            </a:s>
         </annotation>
         <resultTypeSpecifier localId="254" xsi:type="ListTypeSpecifier">
            <elementType localId="255" xmlns:ns7="urn:healthit-gov:qdm:v5_6" name="ns7:PatientCharacteristicRace" xsi:type="NamedTypeSpecifier"/>
         </resultTypeSpecifier>
         <expression localId="250" locator="27:3-27:41" xmlns:ns8="urn:healthit-gov:qdm:v5_6" dataType="ns8:PatientCharacteristicRace" codeProperty="code" codeComparator="in" xsi:type="Retrieve">
            <resultTypeSpecifier localId="252" xsi:type="ListTypeSpecifier">
               <elementType localId="253" xmlns:ns9="urn:healthit-gov:qdm:v5_6" name="ns9:PatientCharacteristicRace" xsi:type="NamedTypeSpecifier"/>
            </resultTypeSpecifier>
            <codes localId="249" locator="27:35-27:40" resultTypeName="t:ValueSet" name="Race" preserve="true" xsi:type="ValueSetRef"/>
         </expression>
      </def>
      <def localId="257" locator="29:1-30:62" name="SDE Sex" context="Patient" accessLevel="Public">
         <annotation xsi:type="a:Annotation">
            <a:s r="257">
               <a:s>define &quot;SDE Sex&quot;:
  </a:s>
               <a:s r="260">
                  <a:s>[&quot;Patient Characteristic Sex&quot;: </a:s>
                  <a:s>
                     <a:s>&quot;Federal Administrative Sex&quot;</a:s>
                  </a:s>
                  <a:s>]</a:s>
               </a:s>
            </a:s>
         </annotation>
         <resultTypeSpecifier localId="264" xsi:type="ListTypeSpecifier">
            <elementType localId="265" xmlns:ns10="urn:healthit-gov:qdm:v5_6" name="ns10:PatientCharacteristicSex" xsi:type="NamedTypeSpecifier"/>
         </resultTypeSpecifier>
         <expression localId="260" locator="30:3-30:62" xmlns:ns11="urn:healthit-gov:qdm:v5_6" dataType="ns11:PatientCharacteristicSex" codeProperty="code" codeComparator="in" xsi:type="Retrieve">
            <resultTypeSpecifier localId="262" xsi:type="ListTypeSpecifier">
               <elementType localId="263" xmlns:ns12="urn:healthit-gov:qdm:v5_6" name="ns12:PatientCharacteristicSex" xsi:type="NamedTypeSpecifier"/>
            </resultTypeSpecifier>
            <codes localId="259" locator="30:34-30:61" resultTypeName="t:ValueSet" name="Federal Administrative Sex" preserve="true" xsi:type="ValueSetRef"/>
         </expression>
      </def>
      <def localId="291" locator="44:1-46:74" name="Qualifying Encounters" context="Patient" accessLevel="Public">
         <annotation xsi:type="a:Annotation">
            <a:s r="291">
               <a:s>define &quot;Qualifying Encounters&quot;:
  </a:s>
               <a:s r="314">
                  <a:s>
                     <a:s r="292">
                        <a:s r="295">
                           <a:s r="295">
                              <a:s>[&quot;Encounter, Performed&quot;: </a:s>
                              <a:s>
                                 <a:s>&quot;Clinical Oral Evaluation&quot;</a:s>
                              </a:s>
                              <a:s>]</a:s>
                           </a:s>
                        </a:s>
                        <a:s> ValidEncounter</a:s>
                     </a:s>
                  </a:s>
                  <a:s>
    </a:s>
                  <a:s r="312">
                     <a:s>where </a:s>
                     <a:s r="312">
                        <a:s r="304">
                           <a:s r="303">
                              <a:s>ValidEncounter</a:s>
                           </a:s>
                           <a:s>.</a:s>
                           <a:s r="304">
                              <a:s>relevantPeriod</a:s>
                           </a:s>
                        </a:s>
                        <a:s r="312"> during day of </a:s>
                        <a:s r="309">
                           <a:s>&quot;Measurement Period&quot;</a:s>
                        </a:s>
                     </a:s>
                  </a:s>
               </a:s>
            </a:s>
         </annotation>
         <resultTypeSpecifier localId="385" xsi:type="ListTypeSpecifier">
            <elementType localId="386" xmlns:ns13="urn:healthit-gov:qdm:v5_6" name="ns13:PositiveEncounterPerformed" xsi:type="NamedTypeSpecifier"/>
         </resultTypeSpecifier>
         <expression localId="314" locator="45:3-46:74" xsi:type="Query">
            <resultTypeSpecifier localId="315" xsi:type="ListTypeSpecifier">
               <elementType localId="316" xmlns:ns14="urn:healthit-gov:qdm:v5_6" name="ns14:PositiveEncounterPerformed" xsi:type="NamedTypeSpecifier"/>
            </resultTypeSpecifier>
            <source localId="292" locator="45:3-45:69" alias="ValidEncounter">
               <resultTypeSpecifier localId="301" xsi:type="ListTypeSpecifier">
                  <elementType localId="302" xmlns:ns15="urn:healthit-gov:qdm:v5_6" name="ns15:PositiveEncounterPerformed" xsi:type="NamedTypeSpecifier"/>
               </resultTypeSpecifier>
               <expression localId="295" locator="45:3-45:54" xmlns:ns16="urn:healthit-gov:qdm:v5_6" dataType="ns16:PositiveEncounterPerformed" templateId="PositiveEncounterPerformed" codeProperty="code" codeComparator="in" xsi:type="Retrieve">
                  <resultTypeSpecifier localId="299" xsi:type="ListTypeSpecifier">
                     <elementType localId="300" xmlns:ns17="urn:healthit-gov:qdm:v5_6" name="ns17:PositiveEncounterPerformed" xsi:type="NamedTypeSpecifier"/>
                  </resultTypeSpecifier>
                  <codes localId="294" locator="45:28-45:53" resultTypeName="t:ValueSet" name="Clinical Oral Evaluation" preserve="true" xsi:type="ValueSetRef"/>
               </expression>
            </source>
            <where localId="312" locator="46:5-46:74" resultTypeName="t:Boolean" precision="Day" xsi:type="IncludedIn">
               <operand localId="304" locator="46:11-46:39" path="relevantPeriod" scope="ValidEncounter" xsi:type="Property">
                  <resultTypeSpecifier localId="307" xsi:type="IntervalTypeSpecifier">
                     <pointType localId="308" name="t:DateTime" xsi:type="NamedTypeSpecifier"/>
                  </resultTypeSpecifier>
               </operand>
               <operand localId="309" locator="46:55-46:74" name="Measurement Period" xsi:type="ParameterRef">
                  <resultTypeSpecifier localId="310" xsi:type="IntervalTypeSpecifier">
                     <pointType localId="311" name="t:DateTime" xsi:type="NamedTypeSpecifier"/>
                  </resultTypeSpecifier>
               </operand>
            </where>
         </expression>
      </def>
      <def localId="269" locator="48:1-50:42" resultTypeName="t:Boolean" name="Initial Population" context="Patient" accessLevel="Public">
         <annotation xsi:type="a:Annotation">
            <a:s r="269">
               <a:s>define &quot;Initial Population&quot;:
  </a:s>
               <a:s r="270">
                  <a:s r="288">
                     <a:s r="282">
                        <a:s>AgeInYearsAt(</a:s>
                        <a:s r="271">
                           <a:s>date from </a:s>
                           <a:s r="272">
                              <a:s>start of </a:s>
                              <a:s r="273">
                                 <a:s>&quot;Measurement Period&quot;</a:s>
                              </a:s>
                           </a:s>
                        </a:s>
                        <a:s>)</a:s>
                     </a:s>
                     <a:s> in </a:s>
                     <a:s r="285">
                        <a:s r="283">Interval[1, 20]</a:s>
                     </a:s>
                  </a:s>
                  <a:s>
    and </a:s>
                  <a:s r="289">
                     <a:s>exists </a:s>
                     <a:s r="319">
                        <a:s>( </a:s>
                        <a:s r="319">
                           <a:s>&quot;Qualifying Encounters&quot;</a:s>
                        </a:s>
                        <a:s> )</a:s>
                     </a:s>
                  </a:s>
               </a:s>
            </a:s>
         </annotation>
         <expression localId="270" locator="49:3-50:42" resultTypeName="t:Boolean" xsi:type="And">
            <operand localId="288" locator="49:3-49:74" resultTypeName="t:Boolean" xsi:type="In">
               <operand localId="282" locator="49:3-49:55" resultTypeName="t:Integer" precision="Year" xsi:type="CalculateAgeAt">
                  <operand localId="281" xsi:type="ToDate">
                     <operand localId="279" path="birthDatetime" xsi:type="Property">
                        <source localId="278" name="Patient" xsi:type="ExpressionRef"/>
                     </operand>
                  </operand>
                  <operand localId="271" locator="49:16-49:54" resultTypeName="t:Date" xsi:type="DateFrom">
                     <operand localId="272" locator="49:26-49:54" resultTypeName="t:DateTime" xsi:type="Start">
                        <operand localId="273" locator="49:35-49:54" name="Measurement Period" xsi:type="ParameterRef">
                           <resultTypeSpecifier localId="274" xsi:type="IntervalTypeSpecifier">
                              <pointType localId="275" name="t:DateTime" xsi:type="NamedTypeSpecifier"/>
                           </resultTypeSpecifier>
                        </operand>
                     </operand>
                  </operand>
               </operand>
               <operand localId="285" locator="49:60-49:74" lowClosed="true" highClosed="true" xsi:type="Interval">
                  <resultTypeSpecifier localId="286" xsi:type="IntervalTypeSpecifier">
                     <pointType localId="287" name="t:Integer" xsi:type="NamedTypeSpecifier"/>
                  </resultTypeSpecifier>
                  <low localId="283" locator="49:69" resultTypeName="t:Integer" valueType="t:Integer" value="1" xsi:type="Literal"/>
                  <high localId="284" locator="49:72-49:73" resultTypeName="t:Integer" valueType="t:Integer" value="20" xsi:type="Literal"/>
               </operand>
            </operand>
            <operand localId="289" locator="50:9-50:42" resultTypeName="t:Boolean" xsi:type="Exists">
               <operand localId="319" locator="50:16-50:42" name="Qualifying Encounters" xsi:type="ExpressionRef">
                  <resultTypeSpecifier localId="322" xsi:type="ListTypeSpecifier">
                     <elementType localId="323" xmlns:ns18="urn:healthit-gov:qdm:v5_6" name="ns18:PositiveEncounterPerformed" xsi:type="NamedTypeSpecifier"/>
                  </resultTypeSpecifier>
               </operand>
            </operand>
         </expression>
      </def>
      <def localId="267" locator="32:1-33:22" resultTypeName="t:Boolean" name="Denominator" context="Patient" accessLevel="Public">
         <annotation xsi:type="a:Annotation">
            <a:s r="267">
               <a:s>define &quot;Denominator&quot;:
  </a:s>
               <a:s r="324">
                  <a:s>&quot;Initial Population&quot;</a:s>
               </a:s>
            </a:s>
         </annotation>
         <expression localId="324" locator="33:3-33:22" resultTypeName="t:Boolean" name="Initial Population" xsi:type="ExpressionRef"/>
      </def>
      <def localId="326" locator="35:1-36:73" resultTypeName="t:Boolean" name="Stratification 1" context="Patient" accessLevel="Public">
         <annotation xsi:type="a:Annotation">
            <a:s r="326">
               <a:s>define &quot;Stratification 1&quot;:
  </a:s>
               <a:s r="344">
                  <a:s r="338">
                     <a:s>AgeInYearsAt(</a:s>
                     <a:s r="327">
                        <a:s>date from </a:s>
                        <a:s r="328">
                           <a:s>start of </a:s>
                           <a:s r="329">
                              <a:s>&quot;Measurement Period&quot;</a:s>
                           </a:s>
                        </a:s>
                     </a:s>
                     <a:s>)</a:s>
                  </a:s>
                  <a:s> in </a:s>
                  <a:s r="341">
                     <a:s r="339">Interval[1, 5]</a:s>
                  </a:s>
               </a:s>
            </a:s>
         </annotation>
         <expression localId="344" locator="36:3-36:73" resultTypeName="t:Boolean" xsi:type="In">
            <operand localId="338" locator="36:3-36:55" resultTypeName="t:Integer" precision="Year" xsi:type="CalculateAgeAt">
               <operand localId="337" xsi:type="ToDate">
                  <operand localId="335" path="birthDatetime" xsi:type="Property">
                     <source localId="334" name="Patient" xsi:type="ExpressionRef"/>
                  </operand>
               </operand>
               <operand localId="327" locator="36:16-36:54" resultTypeName="t:Date" xsi:type="DateFrom">
                  <operand localId="328" locator="36:26-36:54" resultTypeName="t:DateTime" xsi:type="Start">
                     <operand localId="329" locator="36:35-36:54" name="Measurement Period" xsi:type="ParameterRef">
                        <resultTypeSpecifier localId="330" xsi:type="IntervalTypeSpecifier">
                           <pointType localId="331" name="t:DateTime" xsi:type="NamedTypeSpecifier"/>
                        </resultTypeSpecifier>
                     </operand>
                  </operand>
               </operand>
            </operand>
            <operand localId="341" locator="36:60-36:73" lowClosed="true" highClosed="true" xsi:type="Interval">
               <resultTypeSpecifier localId="342" xsi:type="IntervalTypeSpecifier">
                  <pointType localId="343" name="t:Integer" xsi:type="NamedTypeSpecifier"/>
               </resultTypeSpecifier>
               <low localId="339" locator="36:69" resultTypeName="t:Integer" valueType="t:Integer" value="1" xsi:type="Literal"/>
               <high localId="340" locator="36:72" resultTypeName="t:Integer" valueType="t:Integer" value="5" xsi:type="Literal"/>
            </operand>
         </expression>
      </def>
      <def localId="346" locator="38:1-39:74" resultTypeName="t:Boolean" name="Stratification 2" context="Patient" accessLevel="Public">
         <annotation xsi:type="a:Annotation">
            <a:s r="346">
               <a:s>define &quot;Stratification 2&quot;:
  </a:s>
               <a:s r="364">
                  <a:s r="358">
                     <a:s>AgeInYearsAt(</a:s>
                     <a:s r="347">
                        <a:s>date from </a:s>
                        <a:s r="348">
                           <a:s>start of </a:s>
                           <a:s r="349">
                              <a:s>&quot;Measurement Period&quot;</a:s>
                           </a:s>
                        </a:s>
                     </a:s>
                     <a:s>)</a:s>
                  </a:s>
                  <a:s> in </a:s>
                  <a:s r="361">
                     <a:s r="359">Interval[6, 12]</a:s>
                  </a:s>
               </a:s>
            </a:s>
         </annotation>
         <expression localId="364" locator="39:3-39:74" resultTypeName="t:Boolean" xsi:type="In">
            <operand localId="358" locator="39:3-39:55" resultTypeName="t:Integer" precision="Year" xsi:type="CalculateAgeAt">
               <operand localId="357" xsi:type="ToDate">
                  <operand localId="355" path="birthDatetime" xsi:type="Property">
                     <source localId="354" name="Patient" xsi:type="ExpressionRef"/>
                  </operand>
               </operand>
               <operand localId="347" locator="39:16-39:54" resultTypeName="t:Date" xsi:type="DateFrom">
                  <operand localId="348" locator="39:26-39:54" resultTypeName="t:DateTime" xsi:type="Start">
                     <operand localId="349" locator="39:35-39:54" name="Measurement Period" xsi:type="ParameterRef">
                        <resultTypeSpecifier localId="350" xsi:type="IntervalTypeSpecifier">
                           <pointType localId="351" name="t:DateTime" xsi:type="NamedTypeSpecifier"/>
                        </resultTypeSpecifier>
                     </operand>
                  </operand>
               </operand>
            </operand>
            <operand localId="361" locator="39:60-39:74" lowClosed="true" highClosed="true" xsi:type="Interval">
               <resultTypeSpecifier localId="362" xsi:type="IntervalTypeSpecifier">
                  <pointType localId="363" name="t:Integer" xsi:type="NamedTypeSpecifier"/>
               </resultTypeSpecifier>
               <low localId="359" locator="39:69" resultTypeName="t:Integer" valueType="t:Integer" value="6" xsi:type="Literal"/>
               <high localId="360" locator="39:72-39:73" resultTypeName="t:Integer" valueType="t:Integer" value="12" xsi:type="Literal"/>
            </operand>
         </expression>
      </def>
      <def localId="366" locator="41:1-42:75" resultTypeName="t:Boolean" name="Stratification 3" context="Patient" accessLevel="Public">
         <annotation xsi:type="a:Annotation">
            <a:s r="366">
               <a:s>define &quot;Stratification 3&quot;:
  </a:s>
               <a:s r="384">
                  <a:s r="378">
                     <a:s>AgeInYearsAt(</a:s>
                     <a:s r="367">
                        <a:s>date from </a:s>
                        <a:s r="368">
                           <a:s>start of </a:s>
                           <a:s r="369">
                              <a:s>&quot;Measurement Period&quot;</a:s>
                           </a:s>
                        </a:s>
                     </a:s>
                     <a:s>)</a:s>
                  </a:s>
                  <a:s> in </a:s>
                  <a:s r="381">
                     <a:s r="379">Interval[13, 20]</a:s>
                  </a:s>
               </a:s>
            </a:s>
         </annotation>
         <expression localId="384" locator="42:3-42:75" resultTypeName="t:Boolean" xsi:type="In">
            <operand localId="378" locator="42:3-42:55" resultTypeName="t:Integer" precision="Year" xsi:type="CalculateAgeAt">
               <operand localId="377" xsi:type="ToDate">
                  <operand localId="375" path="birthDatetime" xsi:type="Property">
                     <source localId="374" name="Patient" xsi:type="ExpressionRef"/>
                  </operand>
               </operand>
               <operand localId="367" locator="42:16-42:54" resultTypeName="t:Date" xsi:type="DateFrom">
                  <operand localId="368" locator="42:26-42:54" resultTypeName="t:DateTime" xsi:type="Start">
                     <operand localId="369" locator="42:35-42:54" name="Measurement Period" xsi:type="ParameterRef">
                        <resultTypeSpecifier localId="370" xsi:type="IntervalTypeSpecifier">
                           <pointType localId="371" name="t:DateTime" xsi:type="NamedTypeSpecifier"/>
                        </resultTypeSpecifier>
                     </operand>
                  </operand>
               </operand>
            </operand>
            <operand localId="381" locator="42:60-42:75" lowClosed="true" highClosed="true" xsi:type="Interval">
               <resultTypeSpecifier localId="382" xsi:type="IntervalTypeSpecifier">
                  <pointType localId="383" name="t:Integer" xsi:type="NamedTypeSpecifier"/>
               </resultTypeSpecifier>
               <low localId="379" locator="42:69-42:70" resultTypeName="t:Integer" valueType="t:Integer" value="13" xsi:type="Literal"/>
               <high localId="380" locator="42:73-42:74" resultTypeName="t:Integer" valueType="t:Integer" value="20" xsi:type="Literal"/>
            </operand>
         </expression>
      </def>
      <def localId="388" locator="52:1-53:32" resultTypeName="t:Boolean" name="Denominator Exclusions" context="Patient" accessLevel="Public">
         <annotation xsi:type="a:Annotation">
            <a:s r="388">
               <a:s>define &quot;Denominator Exclusions&quot;:
  </a:s>
               <a:s r="390">
                  <a:s r="389">
                     <a:s>Hospice</a:s>
                  </a:s>
                  <a:s>.</a:s>
                  <a:s r="390">
                     <a:s>&quot;Has Hospice Services&quot;</a:s>
                  </a:s>
               </a:s>
            </a:s>
         </annotation>
         <expression localId="390" locator="53:3-53:32" resultTypeName="t:Boolean" name="Has Hospice Services" libraryName="Hospice" xsi:type="ExpressionRef"/>
      </def>
      <def localId="392" locator="55:1-60:8" resultTypeName="t:Boolean" name="Numerator" context="Patient" accessLevel="Public">
         <annotation xsi:type="a:Annotation">
            <a:s r="392">
               <a:s>define &quot;Numerator&quot;:
  </a:s>
               <a:s r="393">
                  <a:s r="448">
                     <a:s>Count(</a:s>
                     <a:s r="443">
                        <a:s>
                           <a:s r="394">
                              <a:s r="397">
                                 <a:s r="397">
                                    <a:s>[&quot;Procedure, Performed&quot;: </a:s>
                                    <a:s>
                                       <a:s>&quot;Fluoride Varnish Application for Children&quot;</a:s>
                                    </a:s>
                                    <a:s>]</a:s>
                                 </a:s>
                              </a:s>
                              <a:s> FluorideApplication</a:s>
                           </a:s>
                        </a:s>
                        <a:s>
      </a:s>
                        <a:s r="423">
                           <a:s>where </a:s>
                           <a:s r="423">
                              <a:s r="414">
                                 <a:s r="405">
                                    <a:s>Global</a:s>
                                 </a:s>
                                 <a:s>.</a:s>
                                 <a:s r="414">
                                    <a:s>&quot;NormalizeInterval&quot;(</a:s>
                                    <a:s r="407">
                                       <a:s r="406">
                                          <a:s>FluorideApplication</a:s>
                                       </a:s>
                                       <a:s>.</a:s>
                                       <a:s r="407">
                                          <a:s>relevantDatetime</a:s>
                                       </a:s>
                                    </a:s>
                                    <a:s>, </a:s>
                                    <a:s r="409">
                                       <a:s r="408">
                                          <a:s>FluorideApplication</a:s>
                                       </a:s>
                                       <a:s>.</a:s>
                                       <a:s r="409">
                                          <a:s>relevantPeriod</a:s>
                                       </a:s>
                                    </a:s>
                                    <a:s>)</a:s>
                                 </a:s>
                              </a:s>
                              <a:s r="423"> ends during day of </a:s>
                              <a:s r="419">
                                 <a:s>&quot;Measurement Period&quot;</a:s>
                              </a:s>
                           </a:s>
                        </a:s>
                        <a:s>
      </a:s>
                        <a:s r="424">
                           <a:s>return distinct </a:s>
                           <a:s r="425">
                              <a:s>date from 
      </a:s>
                              <a:s r="426">
                                 <a:s>end of </a:s>
                                 <a:s r="436">
                                    <a:s r="427">
                                       <a:s>Global</a:s>
                                    </a:s>
                                    <a:s>.</a:s>
                                    <a:s r="436">
                                       <a:s>&quot;NormalizeInterval&quot;(</a:s>
                                       <a:s r="429">
                                          <a:s r="428">
                                             <a:s>FluorideApplication</a:s>
                                          </a:s>
                                          <a:s>.</a:s>
                                          <a:s r="429">
                                             <a:s>relevantDatetime</a:s>
                                          </a:s>
                                       </a:s>
                                       <a:s>, </a:s>
                                       <a:s r="431">
                                          <a:s r="430">
                                             <a:s>FluorideApplication</a:s>
                                          </a:s>
                                          <a:s>.</a:s>
                                          <a:s r="431">
                                             <a:s>relevantPeriod</a:s>
                                          </a:s>
                                       </a:s>
                                       <a:s>)</a:s>
                                    </a:s>
                                 </a:s>
                              </a:s>
                           </a:s>
                        </a:s>
                     </a:s>
                     <a:s>
  )</a:s>
                  </a:s>
                  <a:s r="449"> >= 2</a:s>
               </a:s>
            </a:s>
         </annotation>
         <expression localId="393" locator="56:3-60:8" resultTypeName="t:Boolean" xsi:type="GreaterOrEqual">
            <operand localId="448" locator="56:3-60:3" resultTypeName="t:Integer" xsi:type="Count">
               <source localId="443" locator="56:9-59:113" xsi:type="Query">
                  <resultTypeSpecifier localId="444" xsi:type="ListTypeSpecifier">
                     <elementType localId="445" name="t:Date" xsi:type="NamedTypeSpecifier"/>
                  </resultTypeSpecifier>
                  <source localId="394" locator="56:9-56:97" alias="FluorideApplication">
                     <resultTypeSpecifier localId="403" xsi:type="ListTypeSpecifier">
                        <elementType localId="404" xmlns:ns19="urn:healthit-gov:qdm:v5_6" name="ns19:PositiveProcedurePerformed" xsi:type="NamedTypeSpecifier"/>
                     </resultTypeSpecifier>
                     <expression localId="397" locator="56:9-56:77" xmlns:ns20="urn:healthit-gov:qdm:v5_6" dataType="ns20:PositiveProcedurePerformed" templateId="PositiveProcedurePerformed" codeProperty="code" codeComparator="in" xsi:type="Retrieve">
                        <resultTypeSpecifier localId="401" xsi:type="ListTypeSpecifier">
                           <elementType localId="402" xmlns:ns21="urn:healthit-gov:qdm:v5_6" name="ns21:PositiveProcedurePerformed" xsi:type="NamedTypeSpecifier"/>
                        </resultTypeSpecifier>
                        <codes localId="396" locator="56:34-56:76" resultTypeName="t:ValueSet" name="Fluoride Varnish Application for Children" preserve="true" xsi:type="ValueSetRef"/>
                     </expression>
                  </source>
                  <where localId="423" locator="57:7-57:152" resultTypeName="t:Boolean" precision="Day" xsi:type="In">
                     <operand localId="422" locator="57:114-57:117" xsi:type="End">
                        <operand localId="414" locator="57:13-57:112" name="NormalizeInterval" libraryName="Global" xsi:type="FunctionRef">
                           <resultTypeSpecifier localId="417" xsi:type="IntervalTypeSpecifier">
                              <pointType localId="418" name="t:DateTime" xsi:type="NamedTypeSpecifier"/>
                           </resultTypeSpecifier>
                           <operand localId="407" locator="57:40-57:75" resultTypeName="t:DateTime" path="relevantDatetime" scope="FluorideApplication" xsi:type="Property"/>
                           <operand localId="409" locator="57:78-57:111" path="relevantPeriod" scope="FluorideApplication" xsi:type="Property">
                              <resultTypeSpecifier localId="412" xsi:type="IntervalTypeSpecifier">
                                 <pointType localId="413" name="t:DateTime" xsi:type="NamedTypeSpecifier"/>
                              </resultTypeSpecifier>
                           </operand>
                        </operand>
                     </operand>
                     <operand localId="419" locator="57:133-57:152" name="Measurement Period" xsi:type="ParameterRef">
                        <resultTypeSpecifier localId="420" xsi:type="IntervalTypeSpecifier">
                           <pointType localId="421" name="t:DateTime" xsi:type="NamedTypeSpecifier"/>
                        </resultTypeSpecifier>
                     </operand>
                  </where>
                  <return localId="424" locator="58:7-59:113" distinct="true">
                     <resultTypeSpecifier localId="441" xsi:type="ListTypeSpecifier">
                        <elementType localId="442" name="t:Date" xsi:type="NamedTypeSpecifier"/>
                     </resultTypeSpecifier>
                     <expression localId="425" locator="58:23-59:113" resultTypeName="t:Date" xsi:type="DateFrom">
                        <operand localId="426" locator="59:7-59:113" resultTypeName="t:DateTime" xsi:type="End">
                           <operand localId="436" locator="59:14-59:113" name="NormalizeInterval" libraryName="Global" xsi:type="FunctionRef">
                              <resultTypeSpecifier localId="439" xsi:type="IntervalTypeSpecifier">
                                 <pointType localId="440" name="t:DateTime" xsi:type="NamedTypeSpecifier"/>
                              </resultTypeSpecifier>
                              <operand localId="429" locator="59:41-59:76" resultTypeName="t:DateTime" path="relevantDatetime" scope="FluorideApplication" xsi:type="Property"/>
                              <operand localId="431" locator="59:79-59:112" path="relevantPeriod" scope="FluorideApplication" xsi:type="Property">
                                 <resultTypeSpecifier localId="434" xsi:type="IntervalTypeSpecifier">
                                    <pointType localId="435" name="t:DateTime" xsi:type="NamedTypeSpecifier"/>
                                 </resultTypeSpecifier>
                              </operand>
                           </operand>
                        </operand>
                     </expression>
                  </return>
               </source>
            </operand>
            <operand localId="449" locator="60:8" resultTypeName="t:Integer" valueType="t:Integer" value="2" xsi:type="Literal"/>
         </expression>
      </def>
   </statements>
</library>
