<?xml version="1.0" encoding="UTF-8"?>
<library xmlns="urn:hl7-org:elm:r1" xmlns:t="urn:hl7-org:elm-types:r1" xmlns:xsi="http://www.w3.org/2001/XMLSchema-instance" xmlns:xsd="http://www.w3.org/2001/XMLSchema" xmlns:fhir="http://hl7.org/fhir" xmlns:qdm43="urn:healthit-gov:qdm:v4_3" xmlns:qdm53="urn:healthit-gov:qdm:v5_3" xmlns:a="urn:hl7-org:cql-annotations:r1">
   <annotation translatorOptions="EnableAnnotations,EnableLocators,DisableListDemotion,DisableListPromotion,DisableMethodInvocation" xsi:type="a:CqlToElmInfo"/>
   <annotation xsi:type="a:Annotation">
      <a:s r="76">
         <a:s>library AppropriateTreatmentforUpperRespiratoryInfectionURI version '12.0.000'</a:s>
      </a:s>
   </annotation>
   <identifier id="AppropriateTreatmentforUpperRespiratoryInfectionURI" version="12.0.000"/>
   <schemaIdentifier id="urn:hl7-org:elm" version="r1"/>
   <usings>
      <def localIdentifier="System" uri="urn:hl7-org:elm-types:r1"/>
      <def localId="1" locator="3:1-3:23" localIdentifier="QDM" uri="urn:healthit-gov:qdm:v5_6" version="5.6">
         <annotation xsi:type="a:Annotation">
            <a:s r="1">
               <a:s>using </a:s>
               <a:s>
                  <a:s>QDM</a:s>
               </a:s>
               <a:s> version '5.6'</a:s>
            </a:s>
         </annotation>
      </def>
   </usings>
   <includes>
      <def localId="2" locator="5:1-5:64" localIdentifier="Global" path="MATGlobalCommonFunctions" version="7.0.000">
         <annotation xsi:type="a:Annotation">
            <a:s r="2">
               <a:s>include </a:s>
               <a:s>
                  <a:s>MATGlobalCommonFunctions</a:s>
               </a:s>
               <a:s> version '7.0.000' called Global</a:s>
            </a:s>
         </annotation>
      </def>
      <def localId="3" locator="6:1-6:48" localIdentifier="Hospice" path="Hospice" version="5.0.000">
         <annotation xsi:type="a:Annotation">
            <a:s r="3">
               <a:s>include </a:s>
               <a:s>
                  <a:s>Hospice</a:s>
               </a:s>
               <a:s> version '5.0.000' called Hospice</a:s>
            </a:s>
         </annotation>
      </def>
   </includes>
   <parameters>
      <def localId="32" locator="36:1-36:49" name="Measurement Period" accessLevel="Public">
         <annotation xsi:type="a:Annotation">
            <a:s r="32">
               <a:s>parameter &quot;Measurement Period&quot; </a:s>
               <a:s r="31">
                  <a:s>Interval&lt;</a:s>
                  <a:s r="30">
                     <a:s>DateTime</a:s>
                  </a:s>
                  <a:s>></a:s>
               </a:s>
            </a:s>
         </annotation>
         <parameterTypeSpecifier localId="31" locator="36:32-36:49" xsi:type="IntervalTypeSpecifier">
            <pointType localId="30" locator="36:41-36:48" name="t:DateTime" xsi:type="NamedTypeSpecifier"/>
         </parameterTypeSpecifier>
      </def>
   </parameters>
   <codeSystems>
      <def localId="4" locator="8:1-8:50" name="CPT" id="urn:oid:2.16.840.1.113883.6.12" accessLevel="Public">
         <annotation xsi:type="a:Annotation">
            <a:s r="4">
               <a:s>codesystem &quot;CPT&quot;: 'urn:oid:2.16.840.1.113883.6.12'</a:s>
            </a:s>
         </annotation>
      </def>
   </codeSystems>
   <valueSets>
      <def localId="5" locator="10:1-10:110" name="Antibiotic Medications for Upper Respiratory Infection" id="urn:oid:2.16.840.1.113883.3.464.1003.1190" accessLevel="Public">
         <annotation xsi:type="a:Annotation">
            <a:s r="5">
               <a:s>valueset &quot;Antibiotic Medications for Upper Respiratory Infection&quot;: 'urn:oid:2.16.840.1.113883.3.464.1003.1190'</a:s>
            </a:s>
         </annotation>
      </def>
      <def localId="6" locator="11:1-11:109" name="Comorbid Conditions for Respiratory Conditions" id="urn:oid:2.16.840.1.113883.3.464.1003.102.12.1025" accessLevel="Public">
         <annotation xsi:type="a:Annotation">
            <a:s r="6">
               <a:s>valueset &quot;Comorbid Conditions for Respiratory Conditions&quot;: 'urn:oid:2.16.840.1.113883.3.464.1003.102.12.1025'</a:s>
            </a:s>
         </annotation>
      </def>
      <def localId="7" locator="12:1-12:110" name="Competing Conditions for Respiratory Conditions" id="urn:oid:2.16.840.1.113883.3.464.1003.102.12.1017" accessLevel="Public">
         <annotation xsi:type="a:Annotation">
            <a:s r="7">
               <a:s>valueset &quot;Competing Conditions for Respiratory Conditions&quot;: 'urn:oid:2.16.840.1.113883.3.464.1003.102.12.1017'</a:s>
            </a:s>
         </annotation>
      </def>
      <def localId="8" locator="13:1-13:115" name="Emergency Department Evaluation and Management Visit" id="urn:oid:2.16.840.1.113883.3.464.1003.101.12.1010" accessLevel="Public">
         <annotation xsi:type="a:Annotation">
            <a:s r="8">
               <a:s>valueset &quot;Emergency Department Evaluation and Management Visit&quot;: 'urn:oid:2.16.840.1.113883.3.464.1003.101.12.1010'</a:s>
            </a:s>
         </annotation>
      </def>
      <def localId="9" locator="14:1-14:58" name="Ethnicity" id="urn:oid:2.16.840.1.114222.4.11.837" accessLevel="Public">
         <annotation xsi:type="a:Annotation">
            <a:s r="9">
               <a:s>valueset &quot;Ethnicity&quot;: 'urn:oid:2.16.840.1.114222.4.11.837'</a:s>
            </a:s>
         </annotation>
      </def>
      <def localId="10" locator="15:1-15:87" name="Home Healthcare Services" id="urn:oid:2.16.840.1.113883.3.464.1003.101.12.1016" accessLevel="Public">
         <annotation xsi:type="a:Annotation">
            <a:s r="10">
               <a:s>valueset &quot;Home Healthcare Services&quot;: 'urn:oid:2.16.840.1.113883.3.464.1003.101.12.1016'</a:s>
            </a:s>
         </annotation>
      </def>
      <def localId="11" locator="16:1-16:96" name="Initial Hospital Observation Care" id="urn:oid:2.16.840.1.113883.3.464.1003.101.12.1002" accessLevel="Public">
         <annotation xsi:type="a:Annotation">
            <a:s r="11">
               <a:s>valueset &quot;Initial Hospital Observation Care&quot;: 'urn:oid:2.16.840.1.113883.3.464.1003.101.12.1002'</a:s>
            </a:s>
         </annotation>
      </def>
      <def localId="12" locator="17:1-17:86" name="Medical Disability Exam" id="urn:oid:2.16.840.1.113883.3.464.1003.101.12.1073" accessLevel="Public">
         <annotation xsi:type="a:Annotation">
            <a:s r="12">
               <a:s>valueset &quot;Medical Disability Exam&quot;: 'urn:oid:2.16.840.1.113883.3.464.1003.101.12.1073'</a:s>
            </a:s>
         </annotation>
      </def>
      <def localId="13" locator="18:1-18:74" name="Observation" id="urn:oid:2.16.840.1.113883.3.464.1003.101.12.1086" accessLevel="Public">
         <annotation xsi:type="a:Annotation">
            <a:s r="13">
               <a:s>valueset &quot;Observation&quot;: 'urn:oid:2.16.840.1.113883.3.464.1003.101.12.1086'</a:s>
            </a:s>
         </annotation>
      </def>
      <def localId="14" locator="19:1-19:75" name="Office Visit" id="urn:oid:2.16.840.1.113883.3.464.1003.101.12.1001" accessLevel="Public">
         <annotation xsi:type="a:Annotation">
            <a:s r="14">
               <a:s>valueset &quot;Office Visit&quot;: 'urn:oid:2.16.840.1.113883.3.464.1003.101.12.1001'</a:s>
            </a:s>
         </annotation>
      </def>
      <def localId="15" locator="20:1-20:68" name="ONC Administrative Sex" id="urn:oid:2.16.840.1.113762.1.4.1" accessLevel="Public">
         <annotation xsi:type="a:Annotation">
            <a:s r="15">
               <a:s>valueset &quot;ONC Administrative Sex&quot;: 'urn:oid:2.16.840.1.113762.1.4.1'</a:s>
            </a:s>
         </annotation>
      </def>
      <def localId="16" locator="21:1-21:81" name="Online Assessments" id="urn:oid:2.16.840.1.113883.3.464.1003.101.12.1089" accessLevel="Public">
         <annotation xsi:type="a:Annotation">
            <a:s r="16">
               <a:s>valueset &quot;Online Assessments&quot;: 'urn:oid:2.16.840.1.113883.3.464.1003.101.12.1089'</a:s>
            </a:s>
         </annotation>
      </def>
      <def localId="17" locator="22:1-22:86" name="Outpatient Consultation" id="urn:oid:2.16.840.1.113883.3.464.1003.101.12.1008" accessLevel="Public">
         <annotation xsi:type="a:Annotation">
            <a:s r="17">
               <a:s>valueset &quot;Outpatient Consultation&quot;: 'urn:oid:2.16.840.1.113883.3.464.1003.101.12.1008'</a:s>
            </a:s>
         </annotation>
      </def>
      <def localId="18" locator="23:1-23:55" name="Payer" id="urn:oid:2.16.840.1.114222.4.11.3591" accessLevel="Public">
         <annotation xsi:type="a:Annotation">
            <a:s r="18">
               <a:s>valueset &quot;Payer&quot;: 'urn:oid:2.16.840.1.114222.4.11.3591'</a:s>
            </a:s>
         </annotation>
      </def>
      <def localId="19" locator="24:1-24:123" name="Preventive Care Services Established Office Visit, 18 and Up" id="urn:oid:2.16.840.1.113883.3.464.1003.101.12.1025" accessLevel="Public">
         <annotation xsi:type="a:Annotation">
            <a:s r="19">
               <a:s>valueset &quot;Preventive Care Services Established Office Visit, 18 and Up&quot;: 'urn:oid:2.16.840.1.113883.3.464.1003.101.12.1025'</a:s>
            </a:s>
         </annotation>
      </def>
      <def localId="20" locator="25:1-25:104" name="Preventive Care Services Group Counseling" id="urn:oid:2.16.840.1.113883.3.464.1003.101.12.1027" accessLevel="Public">
         <annotation xsi:type="a:Annotation">
            <a:s r="20">
               <a:s>valueset &quot;Preventive Care Services Group Counseling&quot;: 'urn:oid:2.16.840.1.113883.3.464.1003.101.12.1027'</a:s>
            </a:s>
         </annotation>
      </def>
      <def localId="21" locator="26:1-26:109" name="Preventive Care Services Individual Counseling" id="urn:oid:2.16.840.1.113883.3.464.1003.101.12.1026" accessLevel="Public">
         <annotation xsi:type="a:Annotation">
            <a:s r="21">
               <a:s>valueset &quot;Preventive Care Services Individual Counseling&quot;: 'urn:oid:2.16.840.1.113883.3.464.1003.101.12.1026'</a:s>
            </a:s>
         </annotation>
      </def>
      <def localId="22" locator="27:1-27:119" name="Preventive Care Services Initial Office Visit, 18 and Up" id="urn:oid:2.16.840.1.113883.3.464.1003.101.12.1023" accessLevel="Public">
         <annotation xsi:type="a:Annotation">
            <a:s r="22">
               <a:s>valueset &quot;Preventive Care Services Initial Office Visit, 18 and Up&quot;: 'urn:oid:2.16.840.1.113883.3.464.1003.101.12.1023'</a:s>
            </a:s>
         </annotation>
      </def>
      <def localId="23" locator="28:1-28:118" name="Preventive Care Services, Initial Office Visit, 0 to 17" id="urn:oid:2.16.840.1.113883.3.464.1003.101.12.1022" accessLevel="Public">
         <annotation xsi:type="a:Annotation">
            <a:s r="23">
               <a:s>valueset &quot;Preventive Care Services, Initial Office Visit, 0 to 17&quot;: 'urn:oid:2.16.840.1.113883.3.464.1003.101.12.1022'</a:s>
            </a:s>
         </annotation>
      </def>
      <def localId="24" locator="29:1-29:113" name="Preventive Care, Established Office Visit, 0 to 17" id="urn:oid:2.16.840.1.113883.3.464.1003.101.12.1024" accessLevel="Public">
         <annotation xsi:type="a:Annotation">
            <a:s r="24">
               <a:s>valueset &quot;Preventive Care, Established Office Visit, 0 to 17&quot;: 'urn:oid:2.16.840.1.113883.3.464.1003.101.12.1024'</a:s>
            </a:s>
         </annotation>
      </def>
      <def localId="25" locator="30:1-30:53" name="Race" id="urn:oid:2.16.840.1.114222.4.11.836" accessLevel="Public">
         <annotation xsi:type="a:Annotation">
            <a:s r="25">
               <a:s>valueset &quot;Race&quot;: 'urn:oid:2.16.840.1.114222.4.11.836'</a:s>
            </a:s>
         </annotation>
      </def>
      <def localId="26" locator="31:1-31:79" name="Telephone Visits" id="urn:oid:2.16.840.1.113883.3.464.1003.101.12.1080" accessLevel="Public">
         <annotation xsi:type="a:Annotation">
            <a:s r="26">
               <a:s>valueset &quot;Telephone Visits&quot;: 'urn:oid:2.16.840.1.113883.3.464.1003.101.12.1080'</a:s>
            </a:s>
         </annotation>
      </def>
      <def localId="27" locator="32:1-32:90" name="Upper Respiratory Infection" id="urn:oid:2.16.840.1.113883.3.464.1003.102.12.1022" accessLevel="Public">
         <annotation xsi:type="a:Annotation">
            <a:s r="27">
               <a:s>valueset &quot;Upper Respiratory Infection&quot;: 'urn:oid:2.16.840.1.113883.3.464.1003.102.12.1022'</a:s>
            </a:s>
         </annotation>
      </def>
   </valueSets>
   <codes>
      <def localId="29" locator="34:1-34:110" name="Unlisted preventive medicine service" id="99429" display="Unlisted preventive medicine service" accessLevel="Public">
         <annotation xsi:type="a:Annotation">
            <a:s r="29">
               <a:s>code &quot;Unlisted preventive medicine service&quot;: '99429' from </a:s>
               <a:s r="28">
                  <a:s>&quot;CPT&quot;</a:s>
               </a:s>
               <a:s> display 'Unlisted preventive medicine service'</a:s>
            </a:s>
         </annotation>
         <codeSystem localId="28" locator="34:59-34:63" name="CPT"/>
      </def>
   </codes>
   <contexts>
      <def locator="38:1-38:15" name="Patient"/>
   </contexts>
   <statements>
      <def locator="38:1-38:15" name="Patient" context="Patient">
         <expression xsi:type="SingletonFrom">
            <operand locator="38:1-38:15" xmlns:ns0="urn:healthit-gov:qdm:v5_6" dataType="ns0:Patient" templateId="Patient" xsi:type="Retrieve"/>
         </expression>
      </def>
      <def localId="76" locator="120:1-138:41" name="Qualifying Encounters" context="Patient" accessLevel="Public">
         <annotation xsi:type="a:Annotation">
            <a:s r="76">
               <a:s>define &quot;Qualifying Encounters&quot;:
  </a:s>
               <a:s r="75">
                  <a:s>
                     <a:s r="64">
                        <a:s r="63">
                           <a:s>( </a:s>
                           <a:s r="63">
                              <a:s r="61">
                                 <a:s r="59">
                                    <a:s r="57">
                                       <a:s r="55">
                                          <a:s r="53">
                                             <a:s r="51">
                                                <a:s r="49">
                                                   <a:s r="47">
                                                      <a:s r="45">
                                                         <a:s r="43">
                                                            <a:s r="41">
                                                               <a:s r="39">
                                                                  <a:s r="37">
                                                                     <a:s r="35">
                                                                        <a:s r="33">
                                                                           <a:s>[&quot;Encounter, Performed&quot;: </a:s>
                                                                           <a:s>
                                                                              <a:s>&quot;Emergency Department Evaluation and Management Visit&quot;</a:s>
                                                                           </a:s>
                                                                           <a:s>]</a:s>
                                                                        </a:s>
                                                                        <a:s>
    union </a:s>
                                                                        <a:s r="34">
                                                                           <a:s>[&quot;Encounter, Performed&quot;: </a:s>
                                                                           <a:s>
                                                                              <a:s>&quot;Home Healthcare Services&quot;</a:s>
                                                                           </a:s>
                                                                           <a:s>]</a:s>
                                                                        </a:s>
                                                                     </a:s>
                                                                     <a:s>
    union </a:s>
                                                                     <a:s r="36">
                                                                        <a:s>[&quot;Encounter, Performed&quot;: </a:s>
                                                                        <a:s>
                                                                           <a:s>&quot;Initial Hospital Observation Care&quot;</a:s>
                                                                        </a:s>
                                                                        <a:s>]</a:s>
                                                                     </a:s>
                                                                  </a:s>
                                                                  <a:s>
    union </a:s>
                                                                  <a:s r="38">
                                                                     <a:s>[&quot;Encounter, Performed&quot;: </a:s>
                                                                     <a:s>
                                                                        <a:s>&quot;Medical Disability Exam&quot;</a:s>
                                                                     </a:s>
                                                                     <a:s>]</a:s>
                                                                  </a:s>
                                                               </a:s>
                                                               <a:s>
    union </a:s>
                                                               <a:s r="40">
                                                                  <a:s>[&quot;Encounter, Performed&quot;: </a:s>
                                                                  <a:s>
                                                                     <a:s>&quot;Observation&quot;</a:s>
                                                                  </a:s>
                                                                  <a:s>]</a:s>
                                                               </a:s>
                                                            </a:s>
                                                            <a:s>
    union </a:s>
                                                            <a:s r="42">
                                                               <a:s>[&quot;Encounter, Performed&quot;: </a:s>
                                                               <a:s>
                                                                  <a:s>&quot;Office Visit&quot;</a:s>
                                                               </a:s>
                                                               <a:s>]</a:s>
                                                            </a:s>
                                                         </a:s>
                                                         <a:s>
    union </a:s>
                                                         <a:s r="44">
                                                            <a:s>[&quot;Encounter, Performed&quot;: </a:s>
                                                            <a:s>
                                                               <a:s>&quot;Outpatient Consultation&quot;</a:s>
                                                            </a:s>
                                                            <a:s>]</a:s>
                                                         </a:s>
                                                      </a:s>
                                                      <a:s>
    union </a:s>
                                                      <a:s r="46">
                                                         <a:s>[&quot;Encounter, Performed&quot;: </a:s>
                                                         <a:s>
                                                            <a:s>&quot;Preventive Care Services Group Counseling&quot;</a:s>
                                                         </a:s>
                                                         <a:s>]</a:s>
                                                      </a:s>
                                                   </a:s>
                                                   <a:s>
    union </a:s>
                                                   <a:s r="48">
                                                      <a:s>[&quot;Encounter, Performed&quot;: </a:s>
                                                      <a:s>
                                                         <a:s>&quot;Preventive Care Services Individual Counseling&quot;</a:s>
                                                      </a:s>
                                                      <a:s>]</a:s>
                                                   </a:s>
                                                </a:s>
                                                <a:s>
    union </a:s>
                                                <a:s r="50">
                                                   <a:s>[&quot;Encounter, Performed&quot;: </a:s>
                                                   <a:s>
                                                      <a:s>&quot;Preventive Care Services, Initial Office Visit, 0 to 17&quot;</a:s>
                                                   </a:s>
                                                   <a:s>]</a:s>
                                                </a:s>
                                             </a:s>
                                             <a:s>
    union </a:s>
                                             <a:s r="52">
                                                <a:s>[&quot;Encounter, Performed&quot;: </a:s>
                                                <a:s>
                                                   <a:s>&quot;Preventive Care, Established Office Visit, 0 to 17&quot;</a:s>
                                                </a:s>
                                                <a:s>]</a:s>
                                             </a:s>
                                          </a:s>
                                          <a:s>
    union </a:s>
                                          <a:s r="54">
                                             <a:s>[&quot;Encounter, Performed&quot;: </a:s>
                                             <a:s>
                                                <a:s>&quot;Preventive Care Services Established Office Visit, 18 and Up&quot;</a:s>
                                             </a:s>
                                             <a:s>]</a:s>
                                          </a:s>
                                       </a:s>
                                       <a:s>
    union </a:s>
                                       <a:s r="56">
                                          <a:s>[&quot;Encounter, Performed&quot;: </a:s>
                                          <a:s>
                                             <a:s>&quot;Preventive Care Services Initial Office Visit, 18 and Up&quot;</a:s>
                                          </a:s>
                                          <a:s>]</a:s>
                                       </a:s>
                                    </a:s>
                                    <a:s>
    union </a:s>
                                    <a:s r="58">
                                       <a:s>[&quot;Encounter, Performed&quot;: </a:s>
                                       <a:s>
                                          <a:s>&quot;Telephone Visits&quot;</a:s>
                                       </a:s>
                                       <a:s>]</a:s>
                                    </a:s>
                                 </a:s>
                                 <a:s>
    union </a:s>
                                 <a:s r="60">
                                    <a:s>[&quot;Encounter, Performed&quot;: </a:s>
                                    <a:s>
                                       <a:s>&quot;Online Assessments&quot;</a:s>
                                    </a:s>
                                    <a:s>]</a:s>
                                 </a:s>
                              </a:s>
                              <a:s>
    union </a:s>
                              <a:s r="62">
                                 <a:s>[&quot;Encounter, Performed&quot;: </a:s>
                                 <a:s>
                                    <a:s>&quot;Unlisted preventive medicine service&quot;</a:s>
                                 </a:s>
                                 <a:s>]</a:s>
                              </a:s>
                           </a:s>
                           <a:s> )</a:s>
                        </a:s>
                        <a:s> ValidEncounters</a:s>
                     </a:s>
                  </a:s>
                  <a:s>
    </a:s>
                  <a:s r="74">
                     <a:s>where </a:s>
                     <a:s r="74">
                        <a:s r="66">
                           <a:s r="65">
                              <a:s>ValidEncounters</a:s>
                           </a:s>
                           <a:s>.</a:s>
                           <a:s r="66">
                              <a:s>relevantPeriod</a:s>
                           </a:s>
                        </a:s>
                        <a:s r="74"> ends during day of </a:s>
                        <a:s r="73">
                           <a:s>Interval[</a:s>
                           <a:s r="68">
                              <a:s>start of </a:s>
                              <a:s r="67">
                                 <a:s>&quot;Measurement Period&quot;</a:s>
                              </a:s>
                           </a:s>
                           <a:s>, 
    </a:s>
                           <a:s r="72">
                              <a:s r="70">
                                 <a:s>end of </a:s>
                                 <a:s r="69">
                                    <a:s>&quot;Measurement Period&quot;</a:s>
                                 </a:s>
                              </a:s>
                              <a:s> - </a:s>
                              <a:s r="71">
                                 <a:s>3 days</a:s>
                              </a:s>
                           </a:s>
                           <a:s>]</a:s>
                        </a:s>
                     </a:s>
                  </a:s>
               </a:s>
            </a:s>
         </annotation>
         <expression localId="75" locator="121:3-138:41" xsi:type="Query">
            <source localId="64" locator="121:3-136:92" alias="ValidEncounters">
               <expression localId="63" locator="121:3-136:76" xsi:type="Union">
                  <operand localId="59" locator="121:5-134:54" xsi:type="Union">
                     <operand localId="55" locator="121:5-132:98" xsi:type="Union">
                        <operand localId="51" locator="121:5-130:93" xsi:type="Union">
                           <operand localId="47" locator="121:5-128:79" xsi:type="Union">
                              <operand localId="43" locator="121:5-126:50" xsi:type="Union">
                                 <operand localId="39" locator="121:5-124:61" xsi:type="Union">
                                    <operand localId="35" locator="121:5-122:62" xsi:type="Union">
                                       <operand localId="33" locator="121:5-121:84" xmlns:ns1="urn:healthit-gov:qdm:v5_6" dataType="ns1:PositiveEncounterPerformed" templateId="PositiveEncounterPerformed" codeProperty="code" codeComparator="in" xsi:type="Retrieve">
                                          <codes locator="121:30-121:83" name="Emergency Department Evaluation and Management Visit" xsi:type="ValueSetRef"/>
                                       </operand>
                                       <operand localId="34" locator="122:11-122:62" xmlns:ns2="urn:healthit-gov:qdm:v5_6" dataType="ns2:PositiveEncounterPerformed" templateId="PositiveEncounterPerformed" codeProperty="code" codeComparator="in" xsi:type="Retrieve">
                                          <codes locator="122:36-122:61" name="Home Healthcare Services" xsi:type="ValueSetRef"/>
                                       </operand>
                                    </operand>
                                    <operand xsi:type="Union">
                                       <operand localId="36" locator="123:11-123:71" xmlns:ns3="urn:healthit-gov:qdm:v5_6" dataType="ns3:PositiveEncounterPerformed" templateId="PositiveEncounterPerformed" codeProperty="code" codeComparator="in" xsi:type="Retrieve">
                                          <codes locator="123:36-123:70" name="Initial Hospital Observation Care" xsi:type="ValueSetRef"/>
                                       </operand>
                                       <operand localId="38" locator="124:11-124:61" xmlns:ns4="urn:healthit-gov:qdm:v5_6" dataType="ns4:PositiveEncounterPerformed" templateId="PositiveEncounterPerformed" codeProperty="code" codeComparator="in" xsi:type="Retrieve">
                                          <codes locator="124:36-124:60" name="Medical Disability Exam" xsi:type="ValueSetRef"/>
                                       </operand>
                                    </operand>
                                 </operand>
                                 <operand xsi:type="Union">
                                    <operand localId="40" locator="125:11-125:49" xmlns:ns5="urn:healthit-gov:qdm:v5_6" dataType="ns5:PositiveEncounterPerformed" templateId="PositiveEncounterPerformed" codeProperty="code" codeComparator="in" xsi:type="Retrieve">
                                       <codes locator="125:36-125:48" name="Observation" xsi:type="ValueSetRef"/>
                                    </operand>
                                    <operand localId="42" locator="126:11-126:50" xmlns:ns6="urn:healthit-gov:qdm:v5_6" dataType="ns6:PositiveEncounterPerformed" templateId="PositiveEncounterPerformed" codeProperty="code" codeComparator="in" xsi:type="Retrieve">
                                       <codes locator="126:36-126:49" name="Office Visit" xsi:type="ValueSetRef"/>
                                    </operand>
                                 </operand>
                              </operand>
                              <operand xsi:type="Union">
                                 <operand localId="44" locator="127:11-127:61" xmlns:ns7="urn:healthit-gov:qdm:v5_6" dataType="ns7:PositiveEncounterPerformed" templateId="PositiveEncounterPerformed" codeProperty="code" codeComparator="in" xsi:type="Retrieve">
                                    <codes locator="127:36-127:60" name="Outpatient Consultation" xsi:type="ValueSetRef"/>
                                 </operand>
                                 <operand localId="46" locator="128:11-128:79" xmlns:ns8="urn:healthit-gov:qdm:v5_6" dataType="ns8:PositiveEncounterPerformed" templateId="PositiveEncounterPerformed" codeProperty="code" codeComparator="in" xsi:type="Retrieve">
                                    <codes locator="128:36-128:78" name="Preventive Care Services Group Counseling" xsi:type="ValueSetRef"/>
                                 </operand>
                              </operand>
                           </operand>
                           <operand xsi:type="Union">
                              <operand localId="48" locator="129:11-129:84" xmlns:ns9="urn:healthit-gov:qdm:v5_6" dataType="ns9:PositiveEncounterPerformed" templateId="PositiveEncounterPerformed" codeProperty="code" codeComparator="in" xsi:type="Retrieve">
                                 <codes locator="129:36-129:83" name="Preventive Care Services Individual Counseling" xsi:type="ValueSetRef"/>
                              </operand>
                              <operand localId="50" locator="130:11-130:93" xmlns:ns10="urn:healthit-gov:qdm:v5_6" dataType="ns10:PositiveEncounterPerformed" templateId="PositiveEncounterPerformed" codeProperty="code" codeComparator="in" xsi:type="Retrieve">
                                 <codes locator="130:36-130:92" name="Preventive Care Services, Initial Office Visit, 0 to 17" xsi:type="ValueSetRef"/>
                              </operand>
                           </operand>
                        </operand>
                        <operand xsi:type="Union">
                           <operand localId="52" locator="131:11-131:88" xmlns:ns11="urn:healthit-gov:qdm:v5_6" dataType="ns11:PositiveEncounterPerformed" templateId="PositiveEncounterPerformed" codeProperty="code" codeComparator="in" xsi:type="Retrieve">
                              <codes locator="131:36-131:87" name="Preventive Care, Established Office Visit, 0 to 17" xsi:type="ValueSetRef"/>
                           </operand>
                           <operand localId="54" locator="132:11-132:98" xmlns:ns12="urn:healthit-gov:qdm:v5_6" dataType="ns12:PositiveEncounterPerformed" templateId="PositiveEncounterPerformed" codeProperty="code" codeComparator="in" xsi:type="Retrieve">
                              <codes locator="132:36-132:97" name="Preventive Care Services Established Office Visit, 18 and Up" xsi:type="ValueSetRef"/>
                           </operand>
                        </operand>
                     </operand>
                     <operand xsi:type="Union">
                        <operand localId="56" locator="133:11-133:94" xmlns:ns13="urn:healthit-gov:qdm:v5_6" dataType="ns13:PositiveEncounterPerformed" templateId="PositiveEncounterPerformed" codeProperty="code" codeComparator="in" xsi:type="Retrieve">
                           <codes locator="133:36-133:93" name="Preventive Care Services Initial Office Visit, 18 and Up" xsi:type="ValueSetRef"/>
                        </operand>
                        <operand localId="58" locator="134:11-134:54" xmlns:ns14="urn:healthit-gov:qdm:v5_6" dataType="ns14:PositiveEncounterPerformed" templateId="PositiveEncounterPerformed" codeProperty="code" codeComparator="in" xsi:type="Retrieve">
                           <codes locator="134:36-134:53" name="Telephone Visits" xsi:type="ValueSetRef"/>
                        </operand>
                     </operand>
                  </operand>
                  <operand xsi:type="Union">
                     <operand localId="60" locator="135:11-135:56" xmlns:ns15="urn:healthit-gov:qdm:v5_6" dataType="ns15:PositiveEncounterPerformed" templateId="PositiveEncounterPerformed" codeProperty="code" codeComparator="in" xsi:type="Retrieve">
                        <codes locator="135:36-135:55" name="Online Assessments" xsi:type="ValueSetRef"/>
                     </operand>
                     <operand localId="62" locator="136:11-136:74" xmlns:ns16="urn:healthit-gov:qdm:v5_6" dataType="ns16:PositiveEncounterPerformed" templateId="PositiveEncounterPerformed" codeProperty="code" codeComparator="~" xsi:type="Retrieve">
                        <codes xsi:type="ToList">
                           <operand locator="136:36-136:73" name="Unlisted preventive medicine service" xsi:type="CodeRef"/>
                        </codes>
                     </operand>
                  </operand>
               </expression>
            </source>
            <where localId="74" locator="137:5-138:41" precision="Day" xsi:type="In">
               <operand locator="137:42-137:45" xsi:type="End">
                  <operand localId="66" locator="137:11-137:40" path="relevantPeriod" scope="ValidEncounters" xsi:type="Property"/>
               </operand>
               <operand localId="73" locator="137:61-138:41" lowClosed="true" highClosed="true" xsi:type="Interval">
                  <low localId="68" locator="137:70-137:98" xsi:type="Start">
                     <operand localId="67" locator="137:79-137:98" name="Measurement Period" xsi:type="ParameterRef"/>
                  </low>
                  <high localId="72" locator="138:5-138:40" xsi:type="Subtract">
                     <operand localId="70" locator="138:5-138:31" xsi:type="End">
                        <operand localId="69" locator="138:12-138:31" name="Measurement Period" xsi:type="ParameterRef"/>
                     </operand>
                     <operand localId="71" locator="138:35-138:40" value="3" unit="days" xsi:type="Quantity"/>
                  </high>
               </operand>
            </where>
         </expression>
      </def>
      <def localId="95" locator="100:1-106:31" name="Encounter with Upper Respiratory Infection" context="Patient" accessLevel="Public">
         <annotation xsi:type="a:Annotation">
            <a:s r="95">
               <a:s>define &quot;Encounter with Upper Respiratory Infection&quot;:
  </a:s>
               <a:s r="94">
                  <a:s>
                     <a:s>from
    </a:s>
                     <a:s r="78">
                        <a:s r="77">
                           <a:s>
                              <a:s>&quot;Qualifying Encounters&quot;</a:s>
                           </a:s>
                        </a:s>
                        <a:s> QualifyingEncounters</a:s>
                     </a:s>
                     <a:s>,
    </a:s>
                     <a:s r="80">
                        <a:s r="79">
                           <a:s r="79">
                              <a:s>[&quot;Diagnosis&quot;: </a:s>
                              <a:s>
                                 <a:s>&quot;Upper Respiratory Infection&quot;</a:s>
                              </a:s>
                              <a:s>]</a:s>
                           </a:s>
                        </a:s>
                        <a:s> URI</a:s>
                     </a:s>
                  </a:s>
                  <a:s>
    </a:s>
                  <a:s r="91">
                     <a:s>where </a:s>
                     <a:s r="91">
                        <a:s r="85">
                           <a:s r="82">
                              <a:s r="81">
                                 <a:s>URI</a:s>
                              </a:s>
                              <a:s>.</a:s>
                              <a:s r="82">
                                 <a:s>prevalencePeriod</a:s>
                              </a:s>
                           </a:s>
                           <a:s r="85"> starts during day of </a:s>
                           <a:s r="84">
                              <a:s r="83">
                                 <a:s>QualifyingEncounters</a:s>
                              </a:s>
                              <a:s>.</a:s>
                              <a:s r="84">
                                 <a:s>relevantPeriod</a:s>
                              </a:s>
                           </a:s>
                        </a:s>
                        <a:s>
      or </a:s>
                        <a:s r="90">
                           <a:s r="87">
                              <a:s r="86">
                                 <a:s>URI</a:s>
                              </a:s>
                              <a:s>.</a:s>
                              <a:s r="87">
                                 <a:s>prevalencePeriod</a:s>
                              </a:s>
                           </a:s>
                           <a:s r="90"> overlaps before </a:s>
                           <a:s r="89">
                              <a:s r="88">
                                 <a:s>QualifyingEncounters</a:s>
                              </a:s>
                              <a:s>.</a:s>
                              <a:s r="89">
                                 <a:s>relevantPeriod</a:s>
                              </a:s>
                           </a:s>
                        </a:s>
                     </a:s>
                  </a:s>
                  <a:s>
    </a:s>
                  <a:s r="93">
                     <a:s>return </a:s>
                     <a:s r="92">
                        <a:s>QualifyingEncounters</a:s>
                     </a:s>
                  </a:s>
               </a:s>
            </a:s>
         </annotation>
         <expression localId="94" locator="101:3-106:31" xsi:type="Query">
            <source localId="78" locator="102:5-102:48" alias="QualifyingEncounters">
               <expression localId="77" locator="102:5-102:27" name="Qualifying Encounters" xsi:type="ExpressionRef"/>
            </source>
            <source localId="80" locator="103:5-103:52" alias="URI">
               <expression localId="79" locator="103:5-103:48" xmlns:ns17="urn:healthit-gov:qdm:v5_6" dataType="ns17:Diagnosis" codeProperty="code" codeComparator="in" xsi:type="Retrieve">
                  <codes locator="103:19-103:47" name="Upper Respiratory Infection" xsi:type="ValueSetRef"/>
               </expression>
            </source>
            <where localId="91" locator="104:5-105:81" xsi:type="Or">
               <operand localId="85" locator="104:11-104:87" precision="Day" xsi:type="In">
                  <operand locator="104:32-104:37" xsi:type="Start">
                     <operand localId="82" locator="104:11-104:30" path="prevalencePeriod" scope="URI" xsi:type="Property"/>
                  </operand>
                  <operand localId="84" locator="104:53-104:87" path="relevantPeriod" scope="QualifyingEncounters" xsi:type="Property"/>
               </operand>
               <operand localId="90" locator="105:10-105:81" xsi:type="OverlapsBefore">
                  <operand localId="87" locator="105:10-105:29" path="prevalencePeriod" scope="URI" xsi:type="Property"/>
                  <operand localId="89" locator="105:47-105:81" path="relevantPeriod" scope="QualifyingEncounters" xsi:type="Property"/>
               </operand>
            </where>
            <return localId="93" locator="106:5-106:31">
               <expression localId="92" locator="106:12-106:31" name="QualifyingEncounters" xsi:type="AliasRef"/>
            </return>
         </expression>
      </def>
      <def localId="107" locator="95:1-98:27" name="Initial Population" context="Patient" accessLevel="Public">
         <annotation xsi:type="a:Annotation">
            <a:s r="107">
               <a:s>define &quot;Initial Population&quot;:
  </a:s>
               <a:s r="106">
                  <a:s>
                     <a:s r="97">
                        <a:s r="96">
                           <a:s>
                              <a:s>&quot;Encounter with Upper Respiratory Infection&quot;</a:s>
                           </a:s>
                        </a:s>
                        <a:s> EncounterWithURI</a:s>
                     </a:s>
                  </a:s>
                  <a:s>
    </a:s>
                  <a:s r="103">
                     <a:s>where </a:s>
                     <a:s r="103">
                        <a:s r="101">
                           <a:s>AgeInMonthsAt(</a:s>
                           <a:s r="100">
                              <a:s>date from </a:s>
                              <a:s r="99">
                                 <a:s>start of </a:s>
                                 <a:s r="98">
                                    <a:s>&quot;Measurement Period&quot;</a:s>
                                 </a:s>
                              </a:s>
                           </a:s>
                           <a:s>)</a:s>
                        </a:s>
                        <a:s r="102">>= 3</a:s>
                     </a:s>
                  </a:s>
                  <a:s>
    </a:s>
                  <a:s r="105">
                     <a:s>return </a:s>
                     <a:s r="104">
                        <a:s>EncounterWithURI</a:s>
                     </a:s>
                  </a:s>
               </a:s>
            </a:s>
         </annotation>
         <expression localId="106" locator="96:3-98:27" xsi:type="Query">
            <source localId="97" locator="96:3-96:63" alias="EncounterWithURI">
               <expression localId="96" locator="96:3-96:46" name="Encounter with Upper Respiratory Infection" xsi:type="ExpressionRef"/>
            </source>
            <where localId="103" locator="97:5-97:68" xsi:type="GreaterOrEqual">
               <operand localId="101" locator="97:11-97:64" precision="Month" xsi:type="CalculateAgeAt">
                  <operand xsi:type="ToDate">
                     <operand path="birthDatetime" xsi:type="Property">
                        <source name="Patient" xsi:type="ExpressionRef"/>
                     </operand>
                  </operand>
                  <operand localId="100" locator="97:25-97:63" xsi:type="DateFrom">
                     <operand localId="99" locator="97:35-97:63" xsi:type="Start">
                        <operand localId="98" locator="97:44-97:63" name="Measurement Period" xsi:type="ParameterRef"/>
                     </operand>
                  </operand>
               </operand>
               <operand localId="102" locator="97:68" valueType="t:Integer" value="3" xsi:type="Literal"/>
            </where>
            <return localId="105" locator="98:5-98:27">
               <expression localId="104" locator="98:12-98:27" name="EncounterWithURI" xsi:type="AliasRef"/>
            </return>
         </expression>
      </def>
      <def localId="109" locator="40:1-41:22" name="Denominator" context="Patient" accessLevel="Public">
         <annotation xsi:type="a:Annotation">
            <a:s r="109">
               <a:s>define &quot;Denominator&quot;:
  </a:s>
               <a:s r="108">
                  <a:s>&quot;Initial Population&quot;</a:s>
               </a:s>
            </a:s>
         </annotation>
         <expression localId="108" locator="41:3-41:22" name="Initial Population" xsi:type="ExpressionRef"/>
      </def>
      <def localId="125" locator="43:1-48:3" name="Encounter with Competing Diagnosis for Upper Respiratory Infection" context="Patient" accessLevel="Public">
         <annotation xsi:type="a:Annotation">
            <a:s r="125">
               <a:s>define &quot;Encounter with Competing Diagnosis for Upper Respiratory Infection&quot;:
  </a:s>
               <a:s r="124">
                  <a:s>( </a:s>
                  <a:s r="124">
                     <a:s>
                        <a:s r="111">
                           <a:s r="110">
                              <a:s>
                                 <a:s>&quot;Encounter with Upper Respiratory Infection&quot;</a:s>
                              </a:s>
                           </a:s>
                           <a:s> EncounterWithURI</a:s>
                        </a:s>
                     </a:s>
                     <a:s>
      </a:s>
                     <a:s r="121">
                        <a:s>with </a:s>
                        <a:s r="113">
                           <a:s r="112">
                              <a:s r="112">
                                 <a:s>[&quot;Diagnosis&quot;: </a:s>
                                 <a:s>
                                    <a:s>&quot;Competing Conditions for Respiratory Conditions&quot;</a:s>
                                 </a:s>
                                 <a:s>]</a:s>
                              </a:s>
                           </a:s>
                           <a:s> CompetingCondition</a:s>
                        </a:s>
                        <a:s>
        such that </a:s>
                        <a:s r="120">
                           <a:s r="115">
                              <a:s r="114">
                                 <a:s>CompetingCondition</a:s>
                              </a:s>
                              <a:s>.</a:s>
                              <a:s r="115">
                                 <a:s>prevalencePeriod</a:s>
                              </a:s>
                           </a:s>
                           <a:s> </a:s>
                           <a:s r="120">
                              <a:s>starts </a:s>
                              <a:s r="119">
                                 <a:s>3 days</a:s>
                              </a:s>
                              <a:s> or less on or after day of</a:s>
                           </a:s>
                           <a:s> </a:s>
                           <a:s r="118">
                              <a:s>start of </a:s>
                              <a:s r="117">
                                 <a:s r="116">
                                    <a:s>EncounterWithURI</a:s>
                                 </a:s>
                                 <a:s>.</a:s>
                                 <a:s r="117">
                                    <a:s>relevantPeriod</a:s>
                                 </a:s>
                              </a:s>
                           </a:s>
                        </a:s>
                     </a:s>
                     <a:s>
      </a:s>
                     <a:s r="123">
                        <a:s>return </a:s>
                        <a:s r="122">
                           <a:s>EncounterWithURI</a:s>
                        </a:s>
                     </a:s>
                  </a:s>
                  <a:s>
  )</a:s>
               </a:s>
            </a:s>
         </annotation>
         <expression localId="124" locator="44:3-48:3" xsi:type="Query">
            <source localId="111" locator="44:5-44:65" alias="EncounterWithURI">
               <expression localId="110" locator="44:5-44:48" name="Encounter with Upper Respiratory Infection" xsi:type="ExpressionRef"/>
            </source>
            <relationship localId="121" locator="45:7-46:135" alias="CompetingCondition" xsi:type="With">
               <expression localId="112" locator="45:12-45:75" xmlns:ns18="urn:healthit-gov:qdm:v5_6" dataType="ns18:Diagnosis" codeProperty="code" codeComparator="in" xsi:type="Retrieve">
                  <codes locator="45:26-45:74" name="Competing Conditions for Respiratory Conditions" xsi:type="ValueSetRef"/>
               </expression>
               <suchThat localId="120" locator="46:19-46:135" xsi:type="And">
                  <operand locator="46:62-46:75" precision="Day" xsi:type="In">
                     <operand locator="46:55-46:60" xsi:type="Start">
                        <operand localId="115" locator="46:19-46:53" path="prevalencePeriod" scope="CompetingCondition" xsi:type="Property"/>
                     </operand>
                     <operand locator="46:62-46:75" lowClosed="true" highClosed="true" xsi:type="Interval">
                        <low localId="118" locator="46:96-46:135" xsi:type="Start">
                           <operand localId="117" locator="46:105-46:135" path="relevantPeriod" scope="EncounterWithURI" xsi:type="Property"/>
                        </low>
                        <high locator="46:96-46:135" xsi:type="Add">
                           <operand localId="118" locator="46:96-46:135" xsi:type="Start">
                              <operand localId="117" locator="46:105-46:135" path="relevantPeriod" scope="EncounterWithURI" xsi:type="Property"/>
                           </operand>
                           <operand localId="119" locator="46:62-46:67" value="3" unit="days" xsi:type="Quantity"/>
                        </high>
                     </operand>
                  </operand>
                  <operand locator="46:62-46:75" xsi:type="Not">
                     <operand locator="46:62-46:75" xsi:type="IsNull">
                        <operand localId="118" locator="46:96-46:135" xsi:type="Start">
                           <operand localId="117" locator="46:105-46:135" path="relevantPeriod" scope="EncounterWithURI" xsi:type="Property"/>
                        </operand>
                     </operand>
                  </operand>
               </suchThat>
            </relationship>
            <return localId="123" locator="47:7-47:29">
               <expression localId="122" locator="47:14-47:29" name="EncounterWithURI" xsi:type="AliasRef"/>
            </return>
         </expression>
      </def>
      <def localId="127" locator="50:1-51:51" name="SDE Ethnicity" context="Patient" accessLevel="Public">
         <annotation xsi:type="a:Annotation">
            <a:s r="127">
               <a:s>define &quot;SDE Ethnicity&quot;:
  </a:s>
               <a:s r="126">
                  <a:s>[&quot;Patient Characteristic Ethnicity&quot;: </a:s>
                  <a:s>
                     <a:s>&quot;Ethnicity&quot;</a:s>
                  </a:s>
                  <a:s>]</a:s>
               </a:s>
            </a:s>
         </annotation>
         <expression localId="126" locator="51:3-51:51" xmlns:ns19="urn:healthit-gov:qdm:v5_6" dataType="ns19:PatientCharacteristicEthnicity" codeProperty="code" codeComparator="in" xsi:type="Retrieve">
            <codes locator="51:40-51:50" name="Ethnicity" xsi:type="ValueSetRef"/>
         </expression>
      </def>
      <def localId="129" locator="53:1-54:43" name="SDE Payer" context="Patient" accessLevel="Public">
         <annotation xsi:type="a:Annotation">
            <a:s r="129">
               <a:s>define &quot;SDE Payer&quot;:
  </a:s>
               <a:s r="128">
                  <a:s>[&quot;Patient Characteristic Payer&quot;: </a:s>
                  <a:s>
                     <a:s>&quot;Payer&quot;</a:s>
                  </a:s>
                  <a:s>]</a:s>
               </a:s>
            </a:s>
         </annotation>
         <expression localId="128" locator="54:3-54:43" xmlns:ns20="urn:healthit-gov:qdm:v5_6" dataType="ns20:PatientCharacteristicPayer" codeProperty="code" codeComparator="in" xsi:type="Retrieve">
            <codes locator="54:36-54:42" name="Payer" xsi:type="ValueSetRef"/>
         </expression>
      </def>
      <def localId="131" locator="56:1-57:41" name="SDE Race" context="Patient" accessLevel="Public">
         <annotation xsi:type="a:Annotation">
            <a:s r="131">
               <a:s>define &quot;SDE Race&quot;:
  </a:s>
               <a:s r="130">
                  <a:s>[&quot;Patient Characteristic Race&quot;: </a:s>
                  <a:s>
                     <a:s>&quot;Race&quot;</a:s>
                  </a:s>
                  <a:s>]</a:s>
               </a:s>
            </a:s>
         </annotation>
         <expression localId="130" locator="57:3-57:41" xmlns:ns21="urn:healthit-gov:qdm:v5_6" dataType="ns21:PatientCharacteristicRace" codeProperty="code" codeComparator="in" xsi:type="Retrieve">
            <codes locator="57:35-57:40" name="Race" xsi:type="ValueSetRef"/>
         </expression>
      </def>
      <def localId="133" locator="59:1-60:58" name="SDE Sex" context="Patient" accessLevel="Public">
         <annotation xsi:type="a:Annotation">
            <a:s r="133">
               <a:s>define &quot;SDE Sex&quot;:
  </a:s>
               <a:s r="132">
                  <a:s>[&quot;Patient Characteristic Sex&quot;: </a:s>
                  <a:s>
                     <a:s>&quot;ONC Administrative Sex&quot;</a:s>
                  </a:s>
                  <a:s>]</a:s>
               </a:s>
            </a:s>
         </annotation>
         <expression localId="132" locator="60:3-60:58" xmlns:ns22="urn:healthit-gov:qdm:v5_6" dataType="ns22:PatientCharacteristicSex" codeProperty="code" codeComparator="in" xsi:type="Retrieve">
            <codes locator="60:34-60:57" name="ONC Administrative Sex" xsi:type="ValueSetRef"/>
         </expression>
      </def>
      <def localId="152" locator="62:1-66:27" name="Stratification 1" context="Patient" accessLevel="Public">
         <annotation xsi:type="a:Annotation">
            <a:s r="152">
               <a:s>define &quot;Stratification 1&quot;:
  </a:s>
               <a:s r="151">
                  <a:s>
                     <a:s r="135">
                        <a:s r="134">
                           <a:s>
                              <a:s>&quot;Encounter with Upper Respiratory Infection&quot;</a:s>
                           </a:s>
                        </a:s>
                        <a:s> EncounterWithURI</a:s>
                     </a:s>
                  </a:s>
                  <a:s>
    </a:s>
                  <a:s r="148">
                     <a:s>where </a:s>
                     <a:s r="148">
                        <a:s r="141">
                           <a:s r="139">
                              <a:s>AgeInMonthsAt(</a:s>
                              <a:s r="138">
                                 <a:s>date from </a:s>
                                 <a:s r="137">
                                    <a:s>start of </a:s>
                                    <a:s r="136">
                                       <a:s>&quot;Measurement Period&quot;</a:s>
                                    </a:s>
                                 </a:s>
                              </a:s>
                              <a:s>)</a:s>
                           </a:s>
                           <a:s r="140">>= 3</a:s>
                        </a:s>
                        <a:s>
      and </a:s>
                        <a:s r="147">
                           <a:s r="145">
                              <a:s>AgeInYearsAt(</a:s>
                              <a:s r="144">
                                 <a:s>date from </a:s>
                                 <a:s r="143">
                                    <a:s>start of </a:s>
                                    <a:s r="142">
                                       <a:s>&quot;Measurement Period&quot;</a:s>
                                    </a:s>
                                 </a:s>
                              </a:s>
                              <a:s>)</a:s>
                           </a:s>
                           <a:s r="146">&lt;= 17</a:s>
                        </a:s>
                     </a:s>
                  </a:s>
                  <a:s>
    </a:s>
                  <a:s r="150">
                     <a:s>return </a:s>
                     <a:s r="149">
                        <a:s>EncounterWithURI</a:s>
                     </a:s>
                  </a:s>
               </a:s>
            </a:s>
         </annotation>
         <expression localId="151" locator="63:3-66:27" xsi:type="Query">
            <source localId="135" locator="63:3-63:63" alias="EncounterWithURI">
               <expression localId="134" locator="63:3-63:46" name="Encounter with Upper Respiratory Infection" xsi:type="ExpressionRef"/>
            </source>
            <where localId="148" locator="64:5-65:68" xsi:type="And">
               <operand localId="141" locator="64:11-64:68" xsi:type="GreaterOrEqual">
                  <operand localId="139" locator="64:11-64:64" precision="Month" xsi:type="CalculateAgeAt">
                     <operand xsi:type="ToDate">
                        <operand path="birthDatetime" xsi:type="Property">
                           <source name="Patient" xsi:type="ExpressionRef"/>
                        </operand>
                     </operand>
                     <operand localId="138" locator="64:25-64:63" xsi:type="DateFrom">
                        <operand localId="137" locator="64:35-64:63" xsi:type="Start">
                           <operand localId="136" locator="64:44-64:63" name="Measurement Period" xsi:type="ParameterRef"/>
                        </operand>
                     </operand>
                  </operand>
                  <operand localId="140" locator="64:68" valueType="t:Integer" value="3" xsi:type="Literal"/>
               </operand>
               <operand localId="147" locator="65:11-65:68" xsi:type="LessOrEqual">
                  <operand localId="145" locator="65:11-65:63" precision="Year" xsi:type="CalculateAgeAt">
                     <operand xsi:type="ToDate">
                        <operand path="birthDatetime" xsi:type="Property">
                           <source name="Patient" xsi:type="ExpressionRef"/>
                        </operand>
                     </operand>
                     <operand localId="144" locator="65:24-65:62" xsi:type="DateFrom">
                        <operand localId="143" locator="65:34-65:62" xsi:type="Start">
                           <operand localId="142" locator="65:43-65:62" name="Measurement Period" xsi:type="ParameterRef"/>
                        </operand>
                     </operand>
                  </operand>
                  <operand localId="146" locator="65:67-65:68" valueType="t:Integer" value="17" xsi:type="Literal"/>
               </operand>
            </where>
            <return localId="150" locator="66:5-66:27">
               <expression localId="149" locator="66:12-66:27" name="EncounterWithURI" xsi:type="AliasRef"/>
            </return>
         </expression>
      </def>
      <def localId="166" locator="68:1-71:27" name="Stratification 2" context="Patient" accessLevel="Public">
         <annotation xsi:type="a:Annotation">
            <a:s r="166">
               <a:s>define &quot;Stratification 2&quot;:
  </a:s>
               <a:s r="165">
                  <a:s>
                     <a:s r="154">
                        <a:s r="153">
                           <a:s>
                              <a:s>&quot;Encounter with Upper Respiratory Infection&quot;</a:s>
                           </a:s>
                        </a:s>
                        <a:s> EncounterWithURI</a:s>
                     </a:s>
                  </a:s>
                  <a:s>
    </a:s>
                  <a:s r="162">
                     <a:s>where </a:s>
                     <a:s r="162">
                        <a:s r="158">
                           <a:s>AgeInYearsAt(</a:s>
                           <a:s r="157">
                              <a:s>date from </a:s>
                              <a:s r="156">
                                 <a:s>start of </a:s>
                                 <a:s r="155">
                                    <a:s>&quot;Measurement Period&quot;</a:s>
                                 </a:s>
                              </a:s>
                           </a:s>
                           <a:s>)</a:s>
                        </a:s>
                        <a:s>in </a:s>
                        <a:s r="161">
                           <a:s r="159">Interval[18, 64]</a:s>
                        </a:s>
                     </a:s>
                  </a:s>
                  <a:s>
    </a:s>
                  <a:s r="164">
                     <a:s>return </a:s>
                     <a:s r="163">
                        <a:s>EncounterWithURI</a:s>
                     </a:s>
                  </a:s>
               </a:s>
            </a:s>
         </annotation>
         <expression localId="165" locator="69:3-71:27" xsi:type="Query">
            <source localId="154" locator="69:3-69:63" alias="EncounterWithURI">
               <expression localId="153" locator="69:3-69:46" name="Encounter with Upper Respiratory Infection" xsi:type="ExpressionRef"/>
            </source>
            <where localId="162" locator="70:5-70:82" xsi:type="In">
               <operand localId="158" locator="70:11-70:63" precision="Year" xsi:type="CalculateAgeAt">
                  <operand xsi:type="ToDate">
                     <operand path="birthDatetime" xsi:type="Property">
                        <source name="Patient" xsi:type="ExpressionRef"/>
                     </operand>
                  </operand>
                  <operand localId="157" locator="70:24-70:62" xsi:type="DateFrom">
                     <operand localId="156" locator="70:34-70:62" xsi:type="Start">
                        <operand localId="155" locator="70:43-70:62" name="Measurement Period" xsi:type="ParameterRef"/>
                     </operand>
                  </operand>
               </operand>
               <operand localId="161" locator="70:67-70:82" lowClosed="true" highClosed="true" xsi:type="Interval">
                  <low localId="159" locator="70:76-70:77" valueType="t:Integer" value="18" xsi:type="Literal"/>
                  <high localId="160" locator="70:80-70:81" valueType="t:Integer" value="64" xsi:type="Literal"/>
               </operand>
            </where>
            <return localId="164" locator="71:5-71:27">
               <expression localId="163" locator="71:12-71:27" name="EncounterWithURI" xsi:type="AliasRef"/>
            </return>
         </expression>
      </def>
      <def localId="178" locator="73:1-76:27" name="Stratification 3" context="Patient" accessLevel="Public">
         <annotation xsi:type="a:Annotation">
            <a:s r="178">
               <a:s>define &quot;Stratification 3&quot;:
  </a:s>
               <a:s r="177">
                  <a:s>
                     <a:s r="168">
                        <a:s r="167">
                           <a:s>
                              <a:s>&quot;Encounter with Upper Respiratory Infection&quot;</a:s>
                           </a:s>
                        </a:s>
                        <a:s> EncounterWithURI</a:s>
                     </a:s>
                  </a:s>
                  <a:s>
    </a:s>
                  <a:s r="174">
                     <a:s>where </a:s>
                     <a:s r="174">
                        <a:s r="172">
                           <a:s>AgeInYearsAt(</a:s>
                           <a:s r="171">
                              <a:s>date from </a:s>
                              <a:s r="170">
                                 <a:s>start of </a:s>
                                 <a:s r="169">
                                    <a:s>&quot;Measurement Period&quot;</a:s>
                                 </a:s>
                              </a:s>
                           </a:s>
                           <a:s>)</a:s>
                        </a:s>
                        <a:s r="173">>= 65</a:s>
                     </a:s>
                  </a:s>
                  <a:s>
    </a:s>
                  <a:s r="176">
                     <a:s>return </a:s>
                     <a:s r="175">
                        <a:s>EncounterWithURI</a:s>
                     </a:s>
                  </a:s>
               </a:s>
            </a:s>
         </annotation>
         <expression localId="177" locator="74:3-76:27" xsi:type="Query">
            <source localId="168" locator="74:3-74:63" alias="EncounterWithURI">
               <expression localId="167" locator="74:3-74:46" name="Encounter with Upper Respiratory Infection" xsi:type="ExpressionRef"/>
            </source>
            <where localId="174" locator="75:5-75:68" xsi:type="GreaterOrEqual">
               <operand localId="172" locator="75:11-75:63" precision="Year" xsi:type="CalculateAgeAt">
                  <operand xsi:type="ToDate">
                     <operand path="birthDatetime" xsi:type="Property">
                        <source name="Patient" xsi:type="ExpressionRef"/>
                     </operand>
                  </operand>
                  <operand localId="171" locator="75:24-75:62" xsi:type="DateFrom">
                     <operand localId="170" locator="75:34-75:62" xsi:type="Start">
                        <operand localId="169" locator="75:43-75:62" name="Measurement Period" xsi:type="ParameterRef"/>
                     </operand>
                  </operand>
               </operand>
               <operand localId="173" locator="75:67-75:68" valueType="t:Integer" value="65" xsi:type="Literal"/>
            </where>
            <return localId="176" locator="76:5-76:27">
               <expression localId="175" locator="76:12-76:27" name="EncounterWithURI" xsi:type="AliasRef"/>
            </return>
         </expression>
      </def>
      <def localId="200" locator="78:1-83:3" name="Encounter with Comorbid Condition for Upper Respiratory Infection Prior" context="Patient" accessLevel="Public">
         <annotation xsi:type="a:Annotation">
            <a:s r="200">
               <a:s>define &quot;Encounter with Comorbid Condition for Upper Respiratory Infection Prior&quot;:
  </a:s>
               <a:s r="199">
                  <a:s>( </a:s>
                  <a:s r="199">
                     <a:s>
                        <a:s r="180">
                           <a:s r="179">
                              <a:s>
                                 <a:s>&quot;Encounter with Upper Respiratory Infection&quot;</a:s>
                              </a:s>
                           </a:s>
                           <a:s> EncounterWithURI</a:s>
                        </a:s>
                     </a:s>
                     <a:s>
      </a:s>
                     <a:s r="196">
                        <a:s>with </a:s>
                        <a:s r="182">
                           <a:s r="181">
                              <a:s r="181">
                                 <a:s>[&quot;Diagnosis&quot;: </a:s>
                                 <a:s>
                                    <a:s>&quot;Comorbid Conditions for Respiratory Conditions&quot;</a:s>
                                 </a:s>
                                 <a:s>]</a:s>
                              </a:s>
                           </a:s>
                           <a:s> ComorbidCondition</a:s>
                        </a:s>
                        <a:s>
        such that </a:s>
                        <a:s r="195">
                           <a:s r="185">
                              <a:s>start of </a:s>
                              <a:s r="184">
                                 <a:s r="183">
                                    <a:s>ComorbidCondition</a:s>
                                 </a:s>
                                 <a:s>.</a:s>
                                 <a:s r="184">
                                    <a:s>prevalencePeriod</a:s>
                                 </a:s>
                              </a:s>
                           </a:s>
                           <a:s> in day of </a:s>
                           <a:s r="194">
                              <a:s>Interval[</a:s>
                              <a:s r="190">
                                 <a:s r="188">
                                    <a:s>start of </a:s>
                                    <a:s r="187">
                                       <a:s r="186">
                                          <a:s>EncounterWithURI</a:s>
                                       </a:s>
                                       <a:s>.</a:s>
                                       <a:s r="187">
                                          <a:s>relevantPeriod</a:s>
                                       </a:s>
                                    </a:s>
                                 </a:s>
                                 <a:s> - </a:s>
                                 <a:s r="189">
                                    <a:s>1 year</a:s>
                                 </a:s>
                              </a:s>
                              <a:s>, </a:s>
                              <a:s r="193">
                                 <a:s>start of </a:s>
                                 <a:s r="192">
                                    <a:s r="191">
                                       <a:s>EncounterWithURI</a:s>
                                    </a:s>
                                    <a:s>.</a:s>
                                    <a:s r="192">
                                       <a:s>relevantPeriod</a:s>
                                    </a:s>
                                 </a:s>
                              </a:s>
                              <a:s>]</a:s>
                           </a:s>
                        </a:s>
                     </a:s>
                     <a:s>
      </a:s>
                     <a:s r="198">
                        <a:s>return </a:s>
                        <a:s r="197">
                           <a:s>EncounterWithURI</a:s>
                        </a:s>
                     </a:s>
                  </a:s>
                  <a:s>
  )</a:s>
               </a:s>
            </a:s>
         </annotation>
         <expression localId="199" locator="79:3-83:3" xsi:type="Query">
            <source localId="180" locator="79:5-79:65" alias="EncounterWithURI">
               <expression localId="179" locator="79:5-79:48" name="Encounter with Upper Respiratory Infection" xsi:type="ExpressionRef"/>
            </source>
            <relationship localId="196" locator="80:7-81:173" alias="ComorbidCondition" xsi:type="With">
               <expression localId="181" locator="80:12-80:74" xmlns:ns23="urn:healthit-gov:qdm:v5_6" dataType="ns23:Diagnosis" codeProperty="code" codeComparator="in" xsi:type="Retrieve">
                  <codes locator="80:26-80:73" name="Comorbid Conditions for Respiratory Conditions" xsi:type="ValueSetRef"/>
               </expression>
               <suchThat localId="195" locator="81:19-81:173" precision="Day" xsi:type="In">
                  <operand localId="185" locator="81:19-81:61" xsi:type="Start">
                     <operand localId="184" locator="81:28-81:61" path="prevalencePeriod" scope="ComorbidCondition" xsi:type="Property"/>
                  </operand>
                  <operand localId="194" locator="81:73-81:173" lowClosed="true" highClosed="true" xsi:type="Interval">
                     <low localId="190" locator="81:82-81:130" xsi:type="Subtract">
                        <operand localId="188" locator="81:82-81:121" xsi:type="Start">
                           <operand localId="187" locator="81:91-81:121" path="relevantPeriod" scope="EncounterWithURI" xsi:type="Property"/>
                        </operand>
                        <operand localId="189" locator="81:125-81:130" value="1" unit="year" xsi:type="Quantity"/>
                     </low>
                     <high localId="193" locator="81:133-81:172" xsi:type="Start">
                        <operand localId="192" locator="81:142-81:172" path="relevantPeriod" scope="EncounterWithURI" xsi:type="Property"/>
                     </high>
                  </operand>
               </suchThat>
            </relationship>
            <return localId="198" locator="82:7-82:29">
               <expression localId="197" locator="82:14-82:29" name="EncounterWithURI" xsi:type="AliasRef"/>
            </return>
         </expression>
      </def>
      <def localId="206" locator="85:1-87:40" name="Encounters and Assessments with Hospice Patient" context="Patient" accessLevel="Public">
         <annotation xsi:type="a:Annotation">
            <a:s r="206">
               <a:s>define &quot;Encounters and Assessments with Hospice Patient&quot;:
  </a:s>
               <a:s r="205">
                  <a:s>
                     <a:s r="202">
                        <a:s r="201">
                           <a:s>
                              <a:s>&quot;Initial Population&quot;</a:s>
                           </a:s>
                        </a:s>
                        <a:s> InitialPopulation</a:s>
                     </a:s>
                  </a:s>
                  <a:s>
    </a:s>
                  <a:s r="204">
                     <a:s>where </a:s>
                     <a:s r="204">
                        <a:s r="203">
                           <a:s>Hospice</a:s>
                        </a:s>
                        <a:s>.</a:s>
                        <a:s r="204">
                           <a:s>&quot;Has Hospice Services&quot;</a:s>
                        </a:s>
                     </a:s>
                  </a:s>
               </a:s>
            </a:s>
         </annotation>
         <expression localId="205" locator="86:3-87:40" xsi:type="Query">
            <source localId="202" locator="86:3-86:40" alias="InitialPopulation">
               <expression localId="201" locator="86:3-86:22" name="Initial Population" xsi:type="ExpressionRef"/>
            </source>
            <where localId="204" locator="87:5-87:40" name="Has Hospice Services" libraryName="Hospice" xsi:type="ExpressionRef"/>
         </expression>
      </def>
      <def localId="222" locator="89:1-93:27" name="Numerator" context="Patient" accessLevel="Public">
         <annotation xsi:type="a:Annotation">
            <a:s r="222">
               <a:s>define &quot;Numerator&quot;:
  </a:s>
               <a:s r="221">
                  <a:s>
                     <a:s r="208">
                        <a:s r="207">
                           <a:s>
                              <a:s>&quot;Encounter with Upper Respiratory Infection&quot;</a:s>
                           </a:s>
                        </a:s>
                        <a:s> EncounterWithURI</a:s>
                     </a:s>
                  </a:s>
                  <a:s>
    </a:s>
                  <a:s r="218">
                     <a:s>without </a:s>
                     <a:s r="210">
                        <a:s r="209">
                           <a:s r="209">
                              <a:s>[&quot;Medication, Order&quot;: </a:s>
                              <a:s>
                                 <a:s>&quot;Antibiotic Medications for Upper Respiratory Infection&quot;</a:s>
                              </a:s>
                              <a:s>]</a:s>
                           </a:s>
                        </a:s>
                        <a:s> OrderedAntibiotic</a:s>
                     </a:s>
                     <a:s>
      such that </a:s>
                     <a:s r="217">
                        <a:s r="212">
                           <a:s r="211">
                              <a:s>OrderedAntibiotic</a:s>
                           </a:s>
                           <a:s>.</a:s>
                           <a:s r="212">
                              <a:s>authorDatetime</a:s>
                           </a:s>
                        </a:s>
                        <a:s> </a:s>
                        <a:s r="217">
                           <a:s r="216">
                              <a:s>3 days</a:s>
                           </a:s>
                           <a:s> or less on or after</a:s>
                        </a:s>
                        <a:s> </a:s>
                        <a:s r="215">
                           <a:s>start of </a:s>
                           <a:s r="214">
                              <a:s r="213">
                                 <a:s>EncounterWithURI</a:s>
                              </a:s>
                              <a:s>.</a:s>
                              <a:s r="214">
                                 <a:s>relevantPeriod</a:s>
                              </a:s>
                           </a:s>
                        </a:s>
                     </a:s>
                  </a:s>
                  <a:s>
    </a:s>
                  <a:s r="220">
                     <a:s>return </a:s>
                     <a:s r="219">
                        <a:s>EncounterWithURI</a:s>
                     </a:s>
                  </a:s>
               </a:s>
            </a:s>
         </annotation>
         <expression localId="221" locator="90:3-93:27" xsi:type="Query">
            <source localId="208" locator="90:3-90:63" alias="EncounterWithURI">
               <expression localId="207" locator="90:3-90:46" name="Encounter with Upper Respiratory Infection" xsi:type="ExpressionRef"/>
            </source>
            <relationship localId="218" locator="91:5-92:116" alias="OrderedAntibiotic" xsi:type="Without">
               <expression localId="209" locator="91:13-91:91" xmlns:ns24="urn:healthit-gov:qdm:v5_6" dataType="ns24:PositiveMedicationOrder" templateId="PositiveMedicationOrder" codeProperty="code" codeComparator="in" xsi:type="Retrieve">
                  <codes locator="91:35-91:90" name="Antibiotic Medications for Upper Respiratory Infection" xsi:type="ValueSetRef"/>
               </expression>
               <suchThat localId="217" locator="92:17-92:116" xsi:type="And">
                  <operand locator="92:50-92:63" xsi:type="In">
                     <operand localId="212" locator="92:17-92:48" path="authorDatetime" scope="OrderedAntibiotic" xsi:type="Property"/>
                     <operand locator="92:50-92:63" lowClosed="true" highClosed="true" xsi:type="Interval">
                        <low localId="215" locator="92:77-92:116" xsi:type="Start">
                           <operand localId="214" locator="92:86-92:116" path="relevantPeriod" scope="EncounterWithURI" xsi:type="Property"/>
                        </low>
                        <high locator="92:77-92:116" xsi:type="Add">
                           <operand localId="215" locator="92:77-92:116" xsi:type="Start">
                              <operand localId="214" locator="92:86-92:116" path="relevantPeriod" scope="EncounterWithURI" xsi:type="Property"/>
                           </operand>
                           <operand localId="216" locator="92:50-92:55" value="3" unit="days" xsi:type="Quantity"/>
                        </high>
                     </operand>
                  </operand>
                  <operand locator="92:50-92:63" xsi:type="Not">
                     <operand locator="92:50-92:63" xsi:type="IsNull">
                        <operand localId="215" locator="92:77-92:116" xsi:type="Start">
                           <operand localId="214" locator="92:86-92:116" path="relevantPeriod" scope="EncounterWithURI" xsi:type="Property"/>
                        </operand>
                     </operand>
                  </operand>
               </suchThat>
            </relationship>
            <return localId="220" locator="93:5-93:27">
               <expression localId="219" locator="93:12-93:27" name="EncounterWithURI" xsi:type="AliasRef"/>
            </return>
         </expression>
      </def>
      <def localId="249" locator="108:1-112:27" name="Encounter with Upper Respiratory Infection and Antibiotics Active In 30 Days Prior to the Episode Date" context="Patient" accessLevel="Public">
         <annotation xsi:type="a:Annotation">
            <a:s r="249">
               <a:s>define &quot;Encounter with Upper Respiratory Infection and Antibiotics Active In 30 Days Prior to the Episode Date&quot;:
  </a:s>
               <a:s r="248">
                  <a:s>
                     <a:s r="224">
                        <a:s r="223">
                           <a:s>
                              <a:s>&quot;Encounter with Upper Respiratory Infection&quot;</a:s>
                           </a:s>
                        </a:s>
                        <a:s> EncounterWithURI</a:s>
                     </a:s>
                  </a:s>
                  <a:s>
    </a:s>
                  <a:s r="245">
                     <a:s>with </a:s>
                     <a:s r="226">
                        <a:s r="225">
                           <a:s r="225">
                              <a:s>[&quot;Medication, Active&quot;: </a:s>
                              <a:s>
                                 <a:s>&quot;Antibiotic Medications for Upper Respiratory Infection&quot;</a:s>
                              </a:s>
                              <a:s>]</a:s>
                           </a:s>
                        </a:s>
                        <a:s> ActiveAntibiotic</a:s>
                     </a:s>
                     <a:s>
      such that </a:s>
                     <a:s r="244">
                        <a:s>( </a:s>
                        <a:s r="244">
                           <a:s r="232">
                              <a:s r="227">
                                 <a:s>Global</a:s>
                              </a:s>
                              <a:s>.</a:s>
                              <a:s r="232">
                                 <a:s>&quot;NormalizeInterval&quot; ( </a:s>
                                 <a:s r="229">
                                    <a:s r="228">
                                       <a:s>ActiveAntibiotic</a:s>
                                    </a:s>
                                    <a:s>.</a:s>
                                    <a:s r="229">
                                       <a:s>relevantDatetime</a:s>
                                    </a:s>
                                 </a:s>
                                 <a:s>, </a:s>
                                 <a:s r="231">
                                    <a:s r="230">
                                       <a:s>ActiveAntibiotic</a:s>
                                    </a:s>
                                    <a:s>.</a:s>
                                    <a:s r="231">
                                       <a:s>relevantPeriod</a:s>
                                    </a:s>
                                 </a:s>
                                 <a:s> )</a:s>
                              </a:s>
                           </a:s>
                           <a:s r="244"> overlaps day of </a:s>
                           <a:s r="243">
                              <a:s>Interval[</a:s>
                              <a:s r="237">
                                 <a:s r="235">
                                    <a:s>start of </a:s>
                                    <a:s r="234">
                                       <a:s r="233">
                                          <a:s>EncounterWithURI</a:s>
                                       </a:s>
                                       <a:s>.</a:s>
                                       <a:s r="234">
                                          <a:s>relevantPeriod</a:s>
                                       </a:s>
                                    </a:s>
                                 </a:s>
                                 <a:s> - </a:s>
                                 <a:s r="236">
                                    <a:s>30 days</a:s>
                                 </a:s>
                              </a:s>
                              <a:s>, </a:s>
                              <a:s r="242">
                                 <a:s r="240">
                                    <a:s>start of </a:s>
                                    <a:s r="239">
                                       <a:s r="238">
                                          <a:s>EncounterWithURI</a:s>
                                       </a:s>
                                       <a:s>.</a:s>
                                       <a:s r="239">
                                          <a:s>relevantPeriod</a:s>
                                       </a:s>
                                    </a:s>
                                 </a:s>
                                 <a:s> - </a:s>
                                 <a:s r="241">
                                    <a:s>1 day</a:s>
                                 </a:s>
                              </a:s>
                              <a:s>]</a:s>
                           </a:s>
                        </a:s>
                        <a:s>)</a:s>
                     </a:s>
                  </a:s>
                  <a:s>
    </a:s>
                  <a:s r="247">
                     <a:s>return </a:s>
                     <a:s r="246">
                        <a:s>EncounterWithURI</a:s>
                     </a:s>
                  </a:s>
               </a:s>
            </a:s>
         </annotation>
         <expression localId="248" locator="109:3-112:27" xsi:type="Query">
            <source localId="224" locator="109:3-109:63" alias="EncounterWithURI">
               <expression localId="223" locator="109:3-109:46" name="Encounter with Upper Respiratory Infection" xsi:type="ExpressionRef"/>
            </source>
            <relationship localId="245" locator="110:5-111:243" alias="ActiveAntibiotic" xsi:type="With">
               <expression localId="225" locator="110:10-110:89" xmlns:ns25="urn:healthit-gov:qdm:v5_6" dataType="ns25:MedicationActive" codeProperty="code" codeComparator="in" xsi:type="Retrieve">
                  <codes locator="110:33-110:88" name="Antibiotic Medications for Upper Respiratory Infection" xsi:type="ValueSetRef"/>
               </expression>
               <suchThat localId="244" locator="111:17-111:243" precision="Day" xsi:type="Overlaps">
                  <operand localId="232" locator="111:19-111:115" name="NormalizeInterval" libraryName="Global" xsi:type="FunctionRef">
                     <operand localId="229" locator="111:48-111:80" path="relevantDatetime" scope="ActiveAntibiotic" xsi:type="Property"/>
                     <operand localId="231" locator="111:83-111:113" path="relevantPeriod" scope="ActiveAntibiotic" xsi:type="Property"/>
                  </operand>
                  <operand localId="243" locator="111:133-111:242" lowClosed="true" highClosed="true" xsi:type="Interval">
                     <low localId="237" locator="111:142-111:191" xsi:type="Subtract">
                        <operand localId="235" locator="111:142-111:181" xsi:type="Start">
                           <operand localId="234" locator="111:151-111:181" path="relevantPeriod" scope="EncounterWithURI" xsi:type="Property"/>
                        </operand>
                        <operand localId="236" locator="111:185-111:191" value="30" unit="days" xsi:type="Quantity"/>
                     </low>
                     <high localId="242" locator="111:194-111:241" xsi:type="Subtract">
                        <operand localId="240" locator="111:194-111:233" xsi:type="Start">
                           <operand localId="239" locator="111:203-111:233" path="relevantPeriod" scope="EncounterWithURI" xsi:type="Property"/>
                        </operand>
                        <operand localId="241" locator="111:237-111:241" value="1" unit="day" xsi:type="Quantity"/>
                     </high>
                  </operand>
               </suchThat>
            </relationship>
            <return localId="247" locator="112:5-112:27">
               <expression localId="246" locator="112:12-112:27" name="EncounterWithURI" xsi:type="AliasRef"/>
            </return>
         </expression>
      </def>
      <def localId="257" locator="114:1-118:78" name="Denominator Exclusions" context="Patient" accessLevel="Public">
         <annotation xsi:type="a:Annotation">
            <a:s r="257">
               <a:s>define &quot;Denominator Exclusions&quot;:
  </a:s>
               <a:s r="256">
                  <a:s r="254">
                     <a:s r="252">
                        <a:s r="250">
                           <a:s>&quot;Encounters and Assessments with Hospice Patient&quot;</a:s>
                        </a:s>
                        <a:s>
    union </a:s>
                        <a:s r="251">
                           <a:s>&quot;Encounter with Comorbid Condition for Upper Respiratory Infection Prior&quot;</a:s>
                        </a:s>
                     </a:s>
                     <a:s>
    union </a:s>
                     <a:s r="253">
                        <a:s>&quot;Encounter with Upper Respiratory Infection and Antibiotics Active In 30 Days Prior to the Episode Date&quot;</a:s>
                     </a:s>
                  </a:s>
                  <a:s>
    union </a:s>
                  <a:s r="255">
                     <a:s>&quot;Encounter with Competing Diagnosis for Upper Respiratory Infection&quot;</a:s>
                  </a:s>
               </a:s>
            </a:s>
         </annotation>
         <expression localId="256" locator="115:3-118:78" xsi:type="Union">
            <operand localId="252" locator="115:3-116:83" xsi:type="Union">
               <operand localId="250" locator="115:3-115:51" name="Encounters and Assessments with Hospice Patient" xsi:type="ExpressionRef"/>
               <operand localId="251" locator="116:11-116:83" name="Encounter with Comorbid Condition for Upper Respiratory Infection Prior" xsi:type="ExpressionRef"/>
            </operand>
            <operand xsi:type="Union">
               <operand localId="253" locator="117:11-117:114" name="Encounter with Upper Respiratory Infection and Antibiotics Active In 30 Days Prior to the Episode Date" xsi:type="ExpressionRef"/>
               <operand localId="255" locator="118:11-118:78" name="Encounter with Competing Diagnosis for Upper Respiratory Infection" xsi:type="ExpressionRef"/>
            </operand>
         </expression>
      </def>
   </statements>
</library>
