<?xml version="1.0" encoding="UTF-8" standalone="yes"?>
<QualityMeasureDocument xmlns="urn:hl7-org:v3" xmlns:cql-ext="urn:hhs-cql:hqmf-n1-extensions:v1"
                        xmlns:xsi="http://www.w3.org/2001/XMLSchema-instance">

      <!--
            **************************************************************
            Measure Details Section
            **************************************************************
        -->

      <typeId extension="POQM_HD000001UV02" root="2.16.840.1.113883.1.3"/>
   <templateId>
      <item extension="2021-02-01" root="2.16.840.1.113883.10.20.28.1.2"/>
   </templateId>
   <id root="2c928082-7d0a-17c1-017d-0a2f702d00a4"/>
   <code code="57024-2" codeSystem="2.16.840.1.113883.6.1">
      <displayName value="Health Quality Measure Document"/>
   </code>
   <title
          value="Bone density evaluation for patients with prostate cancer and receiving androgen deprivation therapy"/>
   <text
         value="Patients determined as having prostate cancer who are currently starting or undergoing androgen deprivation therapy (ADT), for an anticipated period of 12 months or greater and who receive an initial bone density evaluation. The bone density evaluation must be prior to the start of ADT or within 3 months of the start of ADT."/>
   <statusCode code="COMPLETED"/>
   <setId root="977b302e-cdf3-4ba2-8020-5e099d93ad18"/>
   <versionNumber value="6.0.000"/>
   <author>
      <responsibleParty classCode="ASSIGNED">
         <representedResponsibleOrganization classCode="ORG" determinerCode="INSTANCE">
            <id>
               <item root="2.16.840.1.113883.3.6734"/>
            </id>
            <name>
               <item>
                  <part value="Oregon Urology"/>
               </item>
            </name>
         </representedResponsibleOrganization>
      </responsibleParty>
   </author>
   <custodian>
      <responsibleParty classCode="ASSIGNED">
         <representedResponsibleOrganization classCode="ORG" determinerCode="INSTANCE">
            <id>
               <item root="133"/>
            </id>
            <name>
               <item>
                  <part value="Oregon Urology"/>
               </item>
            </name>
         </representedResponsibleOrganization>
      </responsibleParty>
   </custodian>
   <!--Payer-->
     	 <definition>
      <valueSet classCode="OBS" moodCode="DEF">
         <id root="2.16.840.1.114222.4.11.3591"/>
         <title value="Payer"/>
      </valueSet>
   </definition>
   <!--ONC Administrative Sex-->
     	 <definition>
      <valueSet classCode="OBS" moodCode="DEF">
         <id root="2.16.840.1.113762.1.4.1"/>
         <title value="ONC Administrative Sex"/>
      </valueSet>
   </definition>
   <!--Ethnicity-->
     	 <definition>
      <valueSet classCode="OBS" moodCode="DEF">
         <id root="2.16.840.1.114222.4.11.837"/>
         <title value="Ethnicity"/>
      </valueSet>
   </definition>
   <!--Race-->
     	 <definition>
      <valueSet classCode="OBS" moodCode="DEF">
         <id root="2.16.840.1.114222.4.11.836"/>
         <title value="Race"/>
      </valueSet>
   </definition>
   <!--Prostate Cancer-->
     	 <definition>
      <valueSet classCode="OBS" moodCode="DEF">
         <id root="2.16.840.1.113883.3.526.3.319"/>
         <title value="Prostate Cancer"/>
      </valueSet>
   </definition>
   <!--Androgen deprivation therapy for Urology Care-->
     	 <definition>
      <valueSet classCode="OBS" moodCode="DEF">
         <id root="2.16.840.1.113762.1.4.1151.48"/>
         <title value="Androgen deprivation therapy for Urology Care"/>
      </valueSet>
   </definition>
   <!--DEXA Dual Energy Xray Absorptiometry, Bone Density for Urology Care-->
     	 <definition>
      <valueSet classCode="OBS" moodCode="DEF">
         <id root="2.16.840.1.113762.1.4.1151.38"/>
         <title value="DEXA Dual Energy Xray Absorptiometry, Bone Density for Urology Care"/>
      </valueSet>
   </definition>
   <!--Office Visit-->
     	 <definition>
      <valueSet classCode="OBS" moodCode="DEF">
         <id root="2.16.840.1.113883.3.464.1003.101.12.1001"/>
         <title value="Office Visit"/>
      </valueSet>
   </definition>
   <!--Patient Declined-->
     	 <definition>
      <valueSet classCode="OBS" moodCode="DEF">
         <id root="2.16.840.1.113883.3.526.3.1582"/>
         <title value="Patient Declined"/>
      </valueSet>
   </definition>
   <!--Injection of leuprolide acetate for twelve month period (regime/therapy)-CODE:/CodeSystem/SNOMEDCT/Version/2018-09/Code/456381000124102/Info-->
      <definition>
      <cql-ext:code code="456381000124102" codeSystem="2.16.840.1.113883.6.96"
                    codeSystemName="SNOMEDCT">
         <displayName value="Injection of leuprolide acetate for twelve month period (regime/therapy)"/>
      </cql-ext:code>
   </definition>
   <!--Male-CODE:/CodeSystem/AdministrativeGender/Version/HL7V3.0_2019-03/Code/M/Info-->
      <definition>
      <cql-ext:code code="M" codeSystem="2.16.840.1.113883.5.1"
                    codeSystemName="AdministrativeGender">
         <displayName value="Male"/>
      </cql-ext:code>
   </definition>
   <relatedDocument typeCode="COMP">
      <expressionDocument>
         <id root="BE9F9CDA-146C-4503-9F20-CB62AB7E0106"/>
         <text mediaType="text/cql">
            <reference value="https://emeasuretool.cms.gov/libraries/977b302e-cdf3-4ba2-8020-5e099d93ad18/CMS645-v6-0-000-QDM-5-6.cql"/>
            <translation mediaType="application/elm+xml">
               <reference value="https://emeasuretool.cms.gov/libraries/977b302e-cdf3-4ba2-8020-5e099d93ad18/CMS645-v6-0-000-QDM-5-6.xml"/>
            </translation>
            <translation mediaType="application/elm+json">
               <reference value="https://emeasuretool.cms.gov/libraries/977b302e-cdf3-4ba2-8020-5e099d93ad18/CMS645-v6-0-000-QDM-5-6.json"/>
            </translation>
         </text>
         <setId extension="977b302e-cdf3-4ba2-8020-5e099d93ad18"
                identifierName="BoneDensityProstateCancerAndrogenDeprivationTherapy"
                root="https://emeasuretool.cms.gov/libraries"/>
         <versionNumber value="6.0.000"/>
      </expressionDocument>
   </relatedDocument>
   <relatedDocument typeCode="COMP">
      <expressionDocument>
         <id root="2c9280857b2aeb52017b5f8b96c31ff8"/>
         <text mediaType="text/cql">
            <reference value="https://emeasuretool.cms.gov/libraries/8bdc0a19-b210-4a58-8a07-f5d95a34eca9/MATGlobalCommonFunctions-v7-0-000-QDM-5-6.cql"/>
            <translation mediaType="application/elm+xml">
               <reference value="https://emeasuretool.cms.gov/libraries/8bdc0a19-b210-4a58-8a07-f5d95a34eca9/MATGlobalCommonFunctions-v7-0-000-QDM-5-6.xml"/>
            </translation>
            <translation mediaType="application/elm+json">
               <reference value="https://emeasuretool.cms.gov/libraries/8bdc0a19-b210-4a58-8a07-f5d95a34eca9/MATGlobalCommonFunctions-v7-0-000-QDM-5-6.json"/>
            </translation>
         </text>
         <setId extension="8bdc0a19-b210-4a58-8a07-f5d95a34eca9"
                identifierName="MATGlobalCommonFunctions"
                root="https://emeasuretool.cms.gov/libraries"/>
         <versionNumber value="7.0.000"/>
      </expressionDocument>
   </relatedDocument>
   <controlVariable>
      <measurePeriod>
         <id extension="measureperiod" root="3023be58-8891-451c-9e2b-0e94f3f2a144"/>
         <code code="MSRTP" codeSystem="2.16.840.1.113883.5.4">
            <originalText value="Measurement Period"/>
         </code>
         <value xsi:type="PIVL_TS">
            <phase highClosed="true" lowClosed="true">
               <low value="20220101"/>
               <width unit="a" value="1" xsi:type="PQ"/>
            </phase>
            <period unit="a" value="1"/>
         </value>
      </measurePeriod>
   </controlVariable>
   <subjectOf>
      <measureAttribute>
         <code nullFlavor="OTH">
            <originalText value="eCQM Identifier (Measure Authoring Tool)"/>
         </code>
         <value mediaType="text/plain" value="645" xsi:type="ED"/>
      </measureAttribute>
   </subjectOf>
   <subjectOf>
      <measureAttribute>
         <code nullFlavor="OTH">
            <originalText value="NQF Number"/>
         </code>
         <value mediaType="text/plain" value="Not Applicable" xsi:type="ED"/>
      </measureAttribute>
   </subjectOf>
   <subjectOf>
      <measureAttribute>
         <code code="COPY" codeSystem="2.16.840.1.113883.5.4">
            <displayName value="Copyright"/>
         </code>
         <value mediaType="text/plain"
                value="Limited proprietary coding is contained in the measure specifications for convenience. Users of the proprietary code sets should obtain all necessary licenses from the owners of these code sets. Oregon Urology Institute (OUI) and Large Urology Group Practice Association (LUGPA) disclaim all liability for use or accuracy of third party codes contained in the specifications.&#xA;&#xA;CPT(R) contained in the Measure specifications is copyright 2004-2021. American Medical Association. LOINC(R) copyright 2004-2021 Regenstrief Institute, Inc. This material contains SNOMED Clinical Terms(R) (SNOMED CT[R]) copyright 2004-2021. International Health Terminology Standards Development Organisation. ICD-10 copyright 2021 World Health Organization. All Rights Reserved."
                xsi:type="ED"/>
      </measureAttribute>
   </subjectOf>
   <subjectOf>
      <measureAttribute>
         <code code="DISC" codeSystem="2.16.840.1.113883.5.4">
            <displayName value="Disclaimer"/>
         </code>
         <value mediaType="text/plain"
                value="The performance measure is not a clinical guideline and does not establish a standard of medical care, and has not been tested for all potential applications.&#xA;&#xA;THE MEASURES AND SPECIFICATIONS ARE PROVIDED &quot;AS IS&quot; WITHOUT WARRANTY OF ANY KIND.&#xA;&#xA;Due to technical limitations, registered trademarks are indicated by (R) or [R] and unregistered trademarks are indicated by (TM) or [TM]."
                xsi:type="ED"/>
      </measureAttribute>
   </subjectOf>
   <subjectOf>
      <measureAttribute>
         <code code="MSRSCORE" codeSystem="2.16.840.1.113883.5.4">
            <displayName value="Measure Scoring"/>
         </code>
         <value code="PROPOR" codeSystem="2.16.840.1.113883.5.1063" xsi:type="CD">
            <displayName value="Proportion"/>
         </value>
      </measureAttribute>
   </subjectOf>
   <subjectOf>
      <measureAttribute>
         <code code="MSRTYPE" codeSystem="2.16.840.1.113883.5.4">
            <displayName value="Measure Type"/>
         </code>
         <value code="PROCESS" codeSystem="2.16.840.1.113883.5.1063" xsi:type="CD">
            <displayName value="PROCESS"/>
         </value>
      </measureAttribute>
   </subjectOf>
   <subjectOf>
      <measureAttribute>
         <code code="STRAT" codeSystem="2.16.840.1.113883.5.4">
            <displayName value="Stratification"/>
         </code>
         <value mediaType="text/plain" value="None" xsi:type="ED"/>
      </measureAttribute>
   </subjectOf>
   <subjectOf>
      <measureAttribute>
         <code code="MSRADJ" codeSystem="2.16.840.1.113883.5.4">
            <displayName value="Risk Adjustment"/>
         </code>
         <value mediaType="text/plain" value="None" xsi:type="ED"/>
      </measureAttribute>
   </subjectOf>
   <subjectOf>
      <measureAttribute>
         <code code="MSRAGG" codeSystem="2.16.840.1.113883.5.4">
            <displayName value="Rate Aggregation"/>
         </code>
         <value mediaType="text/plain" value="None" xsi:type="ED"/>
      </measureAttribute>
   </subjectOf>
   <subjectOf>
      <measureAttribute>
         <code code="RAT" codeSystem="2.16.840.1.113883.5.4">
            <displayName value="Rationale"/>
         </code>
         <value mediaType="text/plain"
                value="Androgen suppression as a treatment for prostate cancer can cause osteoporosis (Qaseem, 2008). Men undergoing prolonged androgen deprivation therapy (ADT) incur bone loss at a rate higher than menopausal women (Guise, 2007). In preserving bone health, the goal is to prevent or treat osteopenia/osteoporosis for the patient on ADT and to prevent or delay skeletal related events. The National Osteoporosis Foundation recommendations including a baseline assessment of bone density with a DEXA scan and daily calcium and Vitamin D supplementation (Watts, 2012). The DEXA scan is the gold standard for bone density screening. Men at risk for adverse bone consequences from chronic ADT do not always receive care according to evidence-based guidelines. These findings call for improved processes that standardize evidence-based practice including baseline and follow up bone density assessment (Watts, 2012)."
                xsi:type="ED"/>
      </measureAttribute>
   </subjectOf>
   <subjectOf>
      <measureAttribute>
         <code code="CRS" codeSystem="2.16.840.1.113883.5.4">
            <displayName value="Clinical Recommendation Statement"/>
         </code>
         <value mediaType="text/plain"
                value="Bone density screening should be performed at the start of Androgen Deprivation Therapy (ADT) for prostate cancer. It should also be performed every 2 years for the patient with continued ADT or for patients with known osteoporosis. Current insurance practice is to possibly cover the cost of bone density screening if osteoporosis is known or if there is a high-risk drug. Some patients choose to delay bone density screening until after ADT is started and they therefore have insurance authorization due to the administration of a high-risk drug."
                xsi:type="ED"/>
      </measureAttribute>
   </subjectOf>
   <subjectOf>
      <measureAttribute>
         <code code="IDUR" codeSystem="2.16.840.1.113883.5.4">
            <displayName value="Improvement Notation"/>
         </code>
         <value mediaType="text/plain" value="A higher score indicates better quality"
                xsi:type="ED"/>
      </measureAttribute>
   </subjectOf>
   <subjectOf>
      <measureAttribute>
         <code code="REF" codeSystem="2.16.840.1.113883.5.4">
            <displayName value="Reference"/>
         </code>
         <value mediaType="text/plain"
                value="CITATIONCosman, F., deBeur, S., LeBoff, M., et al. (2014,June). Clinician’s guide to prevention and treatment of osteoporosis. Osteoporosis International, 25(10), 2359–2381. Retrieved from&#xA;http://link.springer.com/article/10.1007/s00198-014-2794-2"
                xsi:type="ED"/>
      </measureAttribute>
   </subjectOf>
   <subjectOf>
      <measureAttribute>
         <code code="REF" codeSystem="2.16.840.1.113883.5.4">
            <displayName value="Reference"/>
         </code>
         <value mediaType="text/plain"
                value="CITATIONFinkelstein, J., &amp; Yu, E. (2017). Clinical manifestations, diagnosis, and evaluation of osteoporosis in men. Retrieved from&#xA;https://www.uptodate.com/contents/clinical-manifestations-diagnosis-and-evaluation-of-osteoporosis-in-men/print?source=see_link"
                xsi:type="ED"/>
      </measureAttribute>
   </subjectOf>
   <subjectOf>
      <measureAttribute>
         <code code="REF" codeSystem="2.16.840.1.113883.5.4">
            <displayName value="Reference"/>
         </code>
         <value mediaType="text/plain"
                value="CITATIONGuise, T., Oefelein, M., Eastham, J., et al. (2007). Estrogenic side effects of androgen deprivation therapy. Reviews in Urology, 9(4), 163-180. Retrieved from&#xA;https://www.researchgate.net/profile/Celestia_Higano/publication/5619579_Estrogenic_side_effects_of_androgen_deprivation_therapy/links/0c960526434483fdfd000000.pdf"
                xsi:type="ED"/>
      </measureAttribute>
   </subjectOf>
   <subjectOf>
      <measureAttribute>
         <code code="REF" codeSystem="2.16.840.1.113883.5.4">
            <displayName value="Reference"/>
         </code>
         <value mediaType="text/plain"
                value="CITATIONQaseem, A., Snow, V., Shekelle, P., et al. (2008). Annals of Internal Medicine. Screening for osteoporosis in men: A clinical practice guideline from the American College of Physicians, 2008. Annals of Internal Medicine, 148(9), 680-684. Retrieved from&#xA;http://annals.org/aim/article/740825/screening-osteoporosis-men-clinical-practice-guideline-from-american-college-physicians"
                xsi:type="ED"/>
      </measureAttribute>
   </subjectOf>
   <subjectOf>
      <measureAttribute>
         <code code="REF" codeSystem="2.16.840.1.113883.5.4">
            <displayName value="Reference"/>
         </code>
         <value mediaType="text/plain"
                value="CITATIONWard, R., Roberts, C., Bencardino, J., et al. (2016). American College of Radiology: ACR Appropriateness Criteria (R)—Osteoporosis and bone mineral density. Retrieved from&#xA;https://www.jacr.org/article/S1546-1440(17)30198-9/pdf"
                xsi:type="ED"/>
      </measureAttribute>
   </subjectOf>
   <subjectOf>
      <measureAttribute>
         <code code="REF" codeSystem="2.16.840.1.113883.5.4">
            <displayName value="Reference"/>
         </code>
         <value mediaType="text/plain"
                value="CITATIONWatts, N., Adler, R., Bilezikian, J., et al. (2012, June). Osteoporosis in men: An Endocrine Society clinical practice guideline, Journal of Clinical Endocrinology &amp; Metabolism, 97(6), 1802–1822. Retrieved from&#xA;https://academic.oup.com/jcem/article-lookup/doi/10.1210/jc.2011-3045"
                xsi:type="ED"/>
      </measureAttribute>
   </subjectOf>
   <subjectOf>
      <measureAttribute>
         <code code="DEF" codeSystem="2.16.840.1.113883.5.4">
            <displayName value="Definition"/>
         </code>
         <value mediaType="text/plain"
                value="DEXA - Dual Energy X-ray Absorptiometry - A scan that measures the bone of the spine, hip or total body and measures bone mineral density. It is considered one of the most accurate measurements.&#xA;PDXA - Peripheral Dual Energy X-ray Absorptiometry - Bone mineral density measurement of the wrist, heel or finger.&#xA;&#xA;First Androgen Deprivation Therapy - The first Androgen Deprivation Therapy (ADT) is measured as the first order or administration of ADT for an anticipated period of 12 months or greater to a patient with prostate cancer."
                xsi:type="ED"/>
      </measureAttribute>
   </subjectOf>
   <subjectOf>
      <measureAttribute>
         <code code="GUIDE" codeSystem="2.16.840.1.113883.5.4">
            <displayName value="Guidance"/>
         </code>
         <value mediaType="text/plain"
                value="In order to capture the practitioner's intent of androgen deprivation therapy (ADT) for a period of 12 months or greater, SNOMEDCT 456381000124102 which is Injection of leuprolide acetate for twelve month period (regime/therapy) is the correct code.&#xA;&#xA;This eCQM is a patient-based measure.&#xA;&#xA;This version of the eCQM uses QDM version 5.6. Please refer to the eCQI resource center (https://ecqi.healthit.gov/qdm) for more information on the QDM."
                xsi:type="ED"/>
      </measureAttribute>
   </subjectOf>
   <subjectOf>
      <measureAttribute>
         <code code="TRANF" codeSystem="2.16.840.1.113883.5.4">
            <displayName value="Transmission Format"/>
         </code>
         <value mediaType="text/plain" value="TBD" xsi:type="ED"/>
      </measureAttribute>
   </subjectOf>
   <subjectOf>
      <measureAttribute>
         <code code="IPOP" codeSystem="2.16.840.1.113883.5.4">
            <displayName value="Initial Population"/>
         </code>
         <value mediaType="text/plain"
                value="Male patients with a qualifying encounter in the measurement period AND with a diagnosis of prostate cancer AND with an order for ADT or an active medication of ADT with an intent for treatment greater than or equal to 12 months during the measurement period"
                xsi:type="ED"/>
      </measureAttribute>
   </subjectOf>
   <subjectOf>
      <measureAttribute>
         <code code="DENOM" codeSystem="2.16.840.1.113883.5.4">
            <displayName value="Denominator"/>
         </code>
         <value mediaType="text/plain" value="Equals Initial Population" xsi:type="ED"/>
      </measureAttribute>
   </subjectOf>
   <subjectOf>
      <measureAttribute>
         <code code="DENEX" codeSystem="2.16.840.1.113883.5.4">
            <displayName value="Denominator Exclusions"/>
         </code>
         <value mediaType="text/plain" value="None" xsi:type="ED"/>
      </measureAttribute>
   </subjectOf>
   <subjectOf>
      <measureAttribute>
         <code code="NUMER" codeSystem="2.16.840.1.113883.5.4">
            <displayName value="Numerator"/>
         </code>
         <value mediaType="text/plain"
                value="Patients with a bone density evaluation within the two years prior to the start of or less than three months after the start of ADT treatment"
                xsi:type="ED"/>
      </measureAttribute>
   </subjectOf>
   <subjectOf>
      <measureAttribute>
         <code code="NUMEX" codeSystem="2.16.840.1.113883.5.4">
            <displayName value="Numerator Exclusions"/>
         </code>
         <value mediaType="text/plain" value="Not Applicable" xsi:type="ED"/>
      </measureAttribute>
   </subjectOf>
   <subjectOf>
      <measureAttribute>
         <code code="DENEXCEP" codeSystem="2.16.840.1.113883.5.4">
            <displayName value="Denominator Exceptions"/>
         </code>
         <value mediaType="text/plain"
                value="Patient refused the bone density evaluation at the time ordered or did not have it performed within 3 months after the start of ADT"
                xsi:type="ED"/>
      </measureAttribute>
   </subjectOf>
   <subjectOf>
      <measureAttribute>
         <code code="SDE" codeSystem="2.16.840.1.113883.5.4">
            <displayName value="Supplemental Data Elements"/>
         </code>
         <value mediaType="text/plain"
                value="For every patient evaluated by this measure also identify payer, race, ethnicity and sex"
                xsi:type="ED"/>
      </measureAttribute>
   </subjectOf>
   <componentOf>
      <qualityMeasureSet classCode="ACT">
         <id root="977b302e-cdf3-4ba2-8020-5e099d93ad18"/>
         <title value="None"/>
      </qualityMeasureSet>
   </componentOf>
   <!--Data Criteria Section-->
   <component>
      <dataCriteriaSection>
         <templateId>
            <item extension="2021-02-01" root="2.16.840.1.113883.10.20.28.2.6"/>
         </templateId>
         <code code="57025-9" codeSystem="2.16.840.1.113883.6.1"/>
         <title value="Data Criteria Section"/>
         <text/>
         <entry typeCode="DRIV">
            <localVariableName value="Payer_PatientCharacteristicPayer_65g7F"/>
            <observationCriteria classCode="OBS" moodCode="EVN">
               <templateId>
                  <item extension="2017-05-01" root="2.16.840.1.113883.10.20.28.4.58"/>
               </templateId>
               <id extension="Payer_PatientCharacteristicPayer"
                   root="51380eb3-ef6a-4248-816c-f713c3a77786"/>
               <code code="48768-6" codeSystem="2.16.840.1.113883.6.1" codeSystemName="LOINC">
                  <displayName value="Payer"/>
               </code>
               <title value="Patient Characteristic Payer"/>
               <statusCode code="COMPLETED"/>
               <value valueSet="2.16.840.1.114222.4.11.3591" xsi:type="CD"/>
            </observationCriteria>
         </entry>
         <entry typeCode="DRIV">
            <localVariableName value="ONCAdministrativeSex_PatientCharacteristicSex_enlqA"/>
            <observationCriteria classCode="OBS" moodCode="EVN">
               <templateId>
                  <item extension="2017-05-01" root="2.16.840.1.113883.10.20.28.4.55"/>
               </templateId>
               <id extension="ONCAdministrativeSex_PatientCharacteristicSex"
                   root="e5b67eaf-22ad-4a7a-89c0-ee3266e85b59"/>
               <code code="263495000" codeSystem="2.16.840.1.113883.6.96" codeSystemName="SNOMED CT">
                  <displayName value="Gender"/>
               </code>
               <title value="Patient Characteristic Sex"/>
               <statusCode code="COMPLETED"/>
               <value valueSet="2.16.840.1.113762.1.4.1" xsi:type="CD"/>
            </observationCriteria>
         </entry>
         <entry typeCode="DRIV">
            <localVariableName value="Ethnicity_PatientCharacteristicEthnicity_p0qXi"/>
            <observationCriteria classCode="OBS" moodCode="EVN">
               <templateId>
                  <item extension="2017-05-01" root="2.16.840.1.113883.10.20.28.4.56"/>
               </templateId>
               <id extension="Ethnicity_PatientCharacteristicEthnicity"
                   root="0ea61c21-ab8b-4b8b-bf23-786186370b16"/>
               <code code="54133-4" codeSystem="2.16.840.1.113883.6.1" codeSystemName="LOINC">
                  <displayName value="Ethnicity"/>
               </code>
               <title value="Patient Characteristic Ethnicity"/>
               <statusCode code="COMPLETED"/>
               <value valueSet="2.16.840.1.114222.4.11.837" xsi:type="CD"/>
            </observationCriteria>
         </entry>
         <entry typeCode="DRIV">
            <localVariableName value="Race_PatientCharacteristicRace_yNfkG"/>
            <observationCriteria classCode="OBS" moodCode="EVN">
               <templateId>
                  <item extension="2017-05-01" root="2.16.840.1.113883.10.20.28.4.59"/>
               </templateId>
               <id extension="Race_PatientCharacteristicRace"
                   root="36f040d6-e745-47ae-b564-47a925b867d9"/>
               <code code="32624-9" codeSystem="2.16.840.1.113883.6.1" codeSystemName="LOINC">
                  <displayName value="Race"/>
               </code>
               <title value="Patient Characteristic Race"/>
               <statusCode code="COMPLETED"/>
               <value valueSet="2.16.840.1.114222.4.11.836" xsi:type="CD"/>
            </observationCriteria>
         </entry>
         <entry typeCode="DRIV">
            <localVariableName value="ProstateCancer_Diagnosis_mcEaD"/>
            <observationCriteria classCode="OBS" moodCode="EVN">
               <templateId>
                  <item extension="2021-02-01" root="2.16.840.1.113883.10.20.28.4.110"/>
               </templateId>
               <id extension="ProstateCancer_Diagnosis"
                   root="f481aa7e-57b4-466e-a778-dd575c6e4f5f"/>
               <code code="282291009" codeSystem="2.16.840.1.113883.6.96" codeSystemName="SNOMED CT">
                  <displayName value="Diagnosis"/>
               </code>
               <title value="Diagnosis"/>
               <statusCode code="COMPLETED"/>
               <value valueSet="2.16.840.1.113883.3.526.3.319" xsi:type="CD"/>
            </observationCriteria>
         </entry>
         <entry typeCode="DRIV">
            <localVariableName value="AndrogendeprivationtherapyforUrologyCare_MedicationActive_OLYx9"/>
            <substanceAdministrationCriteria classCode="SBADM" moodCode="EVN">
               <templateId>
                  <item extension="2021-02-01" root="2.16.840.1.113883.10.20.28.4.44"/>
               </templateId>
               <id extension="AndrogendeprivationtherapyforUrologyCare_MedicationActive"
                   root="4db5b087-e562-4f9d-ab20-40715b94f696"/>
               <title value="Medication, Active"/>
               <statusCode code="ACTIVE"/>
			            <participation typeCode="CSM">
                  <role classCode="MANU">
                     <playingMaterial classCode="MMAT" determinerCode="KIND">
                        <code valueSet="2.16.840.1.113762.1.4.1151.48"/>
                     </playingMaterial>
                  </role>
               </participation>
		          </substanceAdministrationCriteria>
         </entry>
         <entry typeCode="DRIV">
            <localVariableName value="AndrogendeprivationtherapyforUrologyCare_MedicationOrder_U4a4J"/>
            <substanceAdministrationCriteria classCode="SBADM" moodCode="RQO">
               <templateId>
                  <item extension="2021-02-01" root="2.16.840.1.113883.10.20.28.4.51"/>
               </templateId>
               <id extension="AndrogendeprivationtherapyforUrologyCare_MedicationOrder"
                   root="4db5b087-e562-4f9d-ab20-40715b94f696"/>
               <title value="Medication, Order"/>
               <statusCode code="ACTIVE"/>
			            <participation typeCode="CSM">
                  <role classCode="MANU">
                     <playingMaterial classCode="MMAT" determinerCode="KIND">
                        <code valueSet="2.16.840.1.113762.1.4.1151.48"/>
                     </playingMaterial>
                  </role>
               </participation>
		          </substanceAdministrationCriteria>
         </entry>
         <entry typeCode="DRIV">
            <localVariableName value="DEXADualEnergyXrayAbsorptiometryBoneDensityforUrologyCare_DiagnosticStudyOrder_f1tBT"/>
            <observationCriteria classCode="OBS" moodCode="RQO">
               <templateId>
                  <item extension="2021-02-01" root="2.16.840.1.113883.10.20.28.4.22"/>
               </templateId>
               <id extension="DEXADualEnergyXrayAbsorptiometryBoneDensityforUrologyCare_DiagnosticStudyOrder"
                   root="0b51f18c-79d8-4143-8972-9f680f9ff535"/>
               <code valueSet="2.16.840.1.113762.1.4.1151.38"/>
               <title value="Diagnostic Study, Order"/>
               <statusCode code="ACTIVE"/>
            </observationCriteria>
         </entry>
         <entry typeCode="DRIV">
            <localVariableName value="DEXADualEnergyXrayAbsorptiometryBoneDensityforUrologyCare_DiagnosticStudyPerformed_NkzmD"/>
            <observationCriteria classCode="OBS" moodCode="EVN">
               <templateId>
                  <item extension="2021-02-01" root="2.16.840.1.113883.10.20.28.4.23"/>
               </templateId>
               <id extension="DEXADualEnergyXrayAbsorptiometryBoneDensityforUrologyCare_DiagnosticStudyPerformed"
                   root="0b51f18c-79d8-4143-8972-9f680f9ff535"/>
               <code valueSet="2.16.840.1.113762.1.4.1151.38"/>
               <title value="Diagnostic Study, Performed"/>
               <statusCode code="COMPLETED"/>
            </observationCriteria>
         </entry>
         <entry typeCode="DRIV">
            <localVariableName value="DEXADualEnergyXrayAbsorptiometryBoneDensityforUrologyCare_DiagnosticStudyNotOrdered_IueR8"/>
            <observationCriteria actionNegationInd="TRUE" classCode="OBS" moodCode="RQO">
               <templateId>
                  <item extension="2021-02-01" root="2.16.840.1.113883.10.20.28.4.22"/>
               </templateId>
               <id extension="DEXADualEnergyXrayAbsorptiometryBoneDensityforUrologyCare_DiagnosticStudyNotOrdered"
                   root="0b51f18c-79d8-4143-8972-9f680f9ff535"/>
               <code valueSet="2.16.840.1.113762.1.4.1151.38"/>
               <title value="Diagnostic Study, Not Ordered"/>
               <statusCode code="ACTIVE"/>
            </observationCriteria>
         </entry>
         <entry typeCode="DRIV">
            <localVariableName value="DEXADualEnergyXrayAbsorptiometryBoneDensityforUrologyCare_DiagnosticStudyNotPerformed_1GYqn"/>
            <observationCriteria actionNegationInd="TRUE" classCode="OBS" moodCode="EVN">
               <templateId>
                  <item extension="2021-02-01" root="2.16.840.1.113883.10.20.28.4.23"/>
               </templateId>
               <id extension="DEXADualEnergyXrayAbsorptiometryBoneDensityforUrologyCare_DiagnosticStudyNotPerformed"
                   root="0b51f18c-79d8-4143-8972-9f680f9ff535"/>
               <code valueSet="2.16.840.1.113762.1.4.1151.38"/>
               <title value="Diagnostic Study, Not Performed"/>
               <statusCode code="COMPLETED"/>
            </observationCriteria>
         </entry>
         <entry typeCode="DRIV">
            <localVariableName value="OfficeVisit_EncounterPerformed_XiZF4"/>
            <encounterCriteria classCode="ENC" moodCode="EVN">
               <templateId>
                  <item extension="2021-02-01" root="2.16.840.1.113883.10.20.28.4.5"/>
               </templateId>
               <id extension="OfficeVisit_EncounterPerformed"
                   root="b9c0c42b-7216-4b76-9215-b44d55fc3254"/>
               <code valueSet="2.16.840.1.113883.3.464.1003.101.12.1001"/>
               <title value="Encounter, Performed"/>
               <statusCode code="COMPLETED"/>
            </encounterCriteria>
         </entry>
         <entry typeCode="DRIV">
            <procedureCriteria classCode="PROC" moodCode="RQO">
               <templateId>
                  <item extension="2021-02-01" root="2.16.840.1.113883.10.20.28.4.66"/>
               </templateId>
               <id extension="456381000124102_ProcedureOrder"
                   root="D8C7F31F-0E6A-4E72-952D-FE2BC6623EF2"/>
               <code code="456381000124102" codeSystem="2.16.840.1.113883.6.96"
                     codeSystemName="SNOMEDCT"/>
               <title value="Procedure, Order"/>
               <statusCode code="ACTIVE"/>
            </procedureCriteria>
         </entry>
         <entry typeCode="DRIV">
            <observationCriteria classCode="OBS" moodCode="EVN">
               <templateId>
                  <item extension="2017-05-01" root="2.16.840.1.113883.10.20.28.4.55"/>
               </templateId>
               <id extension="M_PatientCharacteristicSex"
                   root="B8274227-4667-4FBD-B054-3D42A75AD3A1"/>
               <code code="263495000" codeSystem="2.16.840.1.113883.6.96" codeSystemName="SNOMED CT">
                  <displayName value="Gender"/>
               </code>
               <title value="Patient Characteristic Sex"/>
               <statusCode code="COMPLETED"/>
               <value code="M" codeSystem="2.16.840.1.113883.5.1"
                      codeSystemName="AdministrativeGender"
                      xsi:type="CD"/>
            </observationCriteria>
         </entry>
      </dataCriteriaSection>
   </component>
   <component>
      <populationCriteriaSection>
         <templateId>
            <item extension="2017-08-01" root="2.16.840.1.113883.10.20.28.2.7"/>
         </templateId>
         <id extension="PopulationCriteria1" root="E89E41CC-7402-4945-B85C-AC85ADF543D0"/>
         <code code="57026-7" codeSystem="2.16.840.1.113883.6.1"/>
         <title value="Population Criteria Section"/>
         <text/>
         <component typeCode="COMP">
            <initialPopulationCriteria classCode="OBS" moodCode="EVN">
               <id extension="initialPopulation" root="A63A2F2D-81BC-4905-800A-195FC31797FE"/>
               <code code="IPOP" codeSystem="2.16.840.1.113883.5.4" codeSystemName="Act Code"/>
               <precondition typeCode="PRCN">
                  <criteriaReference classCode="OBS" moodCode="EVN">
                     <id extension="BoneDensityProstateCancerAndrogenDeprivationTherapy.&quot;Initial Population&quot;"
                         root="BE9F9CDA-146C-4503-9F20-CB62AB7E0106"/>
                  </criteriaReference>
               </precondition>
            </initialPopulationCriteria>
         </component>
         <component typeCode="COMP">
            <denominatorCriteria classCode="OBS" moodCode="EVN">
               <id extension="denominator" root="7723BDB0-95DB-4430-A1A1-8B164E777E88"/>
               <code code="DENOM" codeSystem="2.16.840.1.113883.5.4" codeSystemName="Act Code"/>
               <precondition typeCode="PRCN">
                  <criteriaReference classCode="OBS" moodCode="EVN">
                     <id extension="BoneDensityProstateCancerAndrogenDeprivationTherapy.&quot;Denominator&quot;"
                         root="BE9F9CDA-146C-4503-9F20-CB62AB7E0106"/>
                  </criteriaReference>
               </precondition>
            </denominatorCriteria>
         </component>
         <component typeCode="COMP">
            <denominatorExceptionCriteria classCode="OBS" moodCode="EVN">
               <id extension="denominatorExceptions" root="2091C83F-1866-4797-9858-877986C576F7"/>
               <code code="DENEXCEP" codeSystem="2.16.840.1.113883.5.4" codeSystemName="Act Code"/>
               <precondition typeCode="PRCN">
                  <criteriaReference classCode="OBS" moodCode="EVN">
                     <id extension="BoneDensityProstateCancerAndrogenDeprivationTherapy.&quot;Denominator Exception&quot;"
                         root="BE9F9CDA-146C-4503-9F20-CB62AB7E0106"/>
                  </criteriaReference>
               </precondition>
            </denominatorExceptionCriteria>
         </component>
         <component typeCode="COMP">
            <numeratorCriteria classCode="OBS" moodCode="EVN">
               <id extension="numerator" root="5EC744C6-2ABB-4E81-AEEC-6310E081EDC9"/>
               <code code="NUMER" codeSystem="2.16.840.1.113883.5.4" codeSystemName="Act Code"/>
               <precondition typeCode="PRCN">
                  <criteriaReference classCode="OBS" moodCode="EVN">
                     <id extension="BoneDensityProstateCancerAndrogenDeprivationTherapy.&quot;Numerator&quot;"
                         root="BE9F9CDA-146C-4503-9F20-CB62AB7E0106"/>
                  </criteriaReference>
               </precondition>
            </numeratorCriteria>
         </component>
         <component typeCode="COMP">
            <cql-ext:supplementalDataElement>
               <id extension="Supplemental Data Elements"
                   root="519F52A0-DBE0-4DC4-81C4-63381F13E5E8"/>
               <code code="SDE" codeSystem="2.16.840.1.113883.5.4" codeSystemName="Act Code"/>
               <precondition typeCode="PRCN">
                  <criteriaReference classCode="OBS" moodCode="EVN">
                     <id extension="BoneDensityProstateCancerAndrogenDeprivationTherapy.&quot;SDE Ethnicity&quot;"
                         root="BE9F9CDA-146C-4503-9F20-CB62AB7E0106"/>
                  </criteriaReference>
               </precondition>
            </cql-ext:supplementalDataElement>
         </component>
         <component typeCode="COMP">
            <cql-ext:supplementalDataElement>
               <id extension="Supplemental Data Elements"
                   root="7AB320DE-509D-402C-9215-D0CF9B6D7885"/>
               <code code="SDE" codeSystem="2.16.840.1.113883.5.4" codeSystemName="Act Code"/>
               <precondition typeCode="PRCN">
                  <criteriaReference classCode="OBS" moodCode="EVN">
                     <id extension="BoneDensityProstateCancerAndrogenDeprivationTherapy.&quot;SDE Payer&quot;"
                         root="BE9F9CDA-146C-4503-9F20-CB62AB7E0106"/>
                  </criteriaReference>
               </precondition>
            </cql-ext:supplementalDataElement>
         </component>
         <component typeCode="COMP">
            <cql-ext:supplementalDataElement>
               <id extension="Supplemental Data Elements"
                   root="04330D6E-B6AE-4A27-A481-ACD46959D3C5"/>
               <code code="SDE" codeSystem="2.16.840.1.113883.5.4" codeSystemName="Act Code"/>
               <precondition typeCode="PRCN">
                  <criteriaReference classCode="OBS" moodCode="EVN">
                     <id extension="BoneDensityProstateCancerAndrogenDeprivationTherapy.&quot;SDE Race&quot;"
                         root="BE9F9CDA-146C-4503-9F20-CB62AB7E0106"/>
                  </criteriaReference>
               </precondition>
            </cql-ext:supplementalDataElement>
         </component>
         <component typeCode="COMP">
            <cql-ext:supplementalDataElement>
               <id extension="Supplemental Data Elements"
                   root="BE7C4734-EFBC-4EFA-9EB7-1CAC39B0DDD7"/>
               <code code="SDE" codeSystem="2.16.840.1.113883.5.4" codeSystemName="Act Code"/>
               <precondition typeCode="PRCN">
                  <criteriaReference classCode="OBS" moodCode="EVN">
                     <id extension="BoneDensityProstateCancerAndrogenDeprivationTherapy.&quot;SDE Sex&quot;"
                         root="BE9F9CDA-146C-4503-9F20-CB62AB7E0106"/>
                  </criteriaReference>
               </precondition>
            </cql-ext:supplementalDataElement>
         </component>
      </populationCriteriaSection>
   </component>
</QualityMeasureDocument>