<?xml version="1.0" encoding="UTF-8" standalone="yes"?>
<QualityMeasureDocument xmlns="urn:hl7-org:v3" xmlns:cql-ext="urn:hhs-cql:hqmf-n1-extensions:v1"
                        xmlns:xsi="http://www.w3.org/2001/XMLSchema-instance">

      <!--
            **************************************************************
            Measure Details Section
            **************************************************************
        -->

      <typeId extension="POQM_HD000001UV02" root="2.16.840.1.113883.1.3"/>
   <templateId>
      <item extension="2021-02-01" root="2.16.840.1.113883.10.20.28.1.2"/>
   </templateId>
   <id root="2c928084-82ea-d7c5-0183-80636c102400"/>
   <code code="57024-2" codeSystem="2.16.840.1.113883.6.1">
      <displayName value="Health Quality Measure Document"/>
   </code>
   <title
          value="Intravesical Bacillus-Calmette-Guerin for non-muscle invasive bladder cancer"/>
   <text
         value="Percentage of patients initially diagnosed with non-muscle invasive bladder cancer and who received intravesical Bacillus-Calmette-Guerin (BCG) within 6 months of bladder cancer staging"/>
   <statusCode code="COMPLETED"/>
   <setId root="224b1722-aef9-4e7f-97f8-284267fc1b00"/>
   <versionNumber value="4.0.000"/>
   <author>
      <responsibleParty classCode="ASSIGNED">
         <representedResponsibleOrganization classCode="ORG" determinerCode="INSTANCE">
            <id>
               <item root="2.16.840.1.113883.3.6734"/>
            </id>
            <name>
               <item>
                  <part value="Oregon Urology"/>
               </item>
            </name>
         </representedResponsibleOrganization>
      </responsibleParty>
   </author>
   <custodian>
      <responsibleParty classCode="ASSIGNED">
         <representedResponsibleOrganization classCode="ORG" determinerCode="INSTANCE">
            <id>
               <item root="133"/>
            </id>
            <name>
               <item>
                  <part value="Oregon Urology"/>
               </item>
            </name>
         </representedResponsibleOrganization>
      </responsibleParty>
   </custodian>
   <!--Payer-->
     	 <definition>
      <valueSet classCode="OBS" moodCode="DEF">
         <id root="2.16.840.1.114222.4.11.3591"/>
         <title value="Payer"/>
      </valueSet>
   </definition>
   <!--Immunosuppressive Drugs for Urology Care-->
     	 <definition>
      <valueSet classCode="OBS" moodCode="DEF">
         <id root="2.16.840.1.113762.1.4.1151.32"/>
         <title value="Immunosuppressive Drugs for Urology Care"/>
      </valueSet>
   </definition>
   <!--Mixed histology urothelial cell carcinoma for Urology Care-->
     	 <definition>
      <valueSet classCode="OBS" moodCode="DEF">
         <id root="2.16.840.1.113762.1.4.1151.39"/>
         <title value="Mixed histology urothelial cell carcinoma for Urology Care"/>
      </valueSet>
   </definition>
   <!--ONC Administrative Sex-->
     	 <definition>
      <valueSet classCode="OBS" moodCode="DEF">
         <id root="2.16.840.1.113762.1.4.1"/>
         <title value="ONC Administrative Sex"/>
      </valueSet>
   </definition>
   <!--Chemotherapy Agents for Advanced Cancer-->
     	 <definition>
      <valueSet classCode="OBS" moodCode="DEF">
         <id root="2.16.840.1.113762.1.4.1151.60"/>
         <title value="Chemotherapy Agents for Advanced Cancer"/>
      </valueSet>
   </definition>
   <!--Cystectomy for Urology Care-->
     	 <definition>
      <valueSet classCode="OBS" moodCode="DEF">
         <id root="2.16.840.1.113762.1.4.1151.55"/>
         <title value="Cystectomy for Urology Care"/>
      </valueSet>
   </definition>
   <!--Active Tuberculosis for Urology Care-->
     	 <definition>
      <valueSet classCode="OBS" moodCode="DEF">
         <id root="2.16.840.1.113762.1.4.1151.56"/>
         <title value="Active Tuberculosis for Urology Care"/>
      </valueSet>
   </definition>
   <!--Ethnicity-->
     	 <definition>
      <valueSet classCode="OBS" moodCode="DEF">
         <id root="2.16.840.1.114222.4.11.837"/>
         <title value="Ethnicity"/>
      </valueSet>
   </definition>
   <!--BCG Bacillus Calmette Guerin for Urology Care-->
     	 <definition>
      <valueSet classCode="OBS" moodCode="DEF">
         <id root="2.16.840.1.113762.1.4.1151.52"/>
         <title value="BCG Bacillus Calmette Guerin for Urology Care"/>
      </valueSet>
   </definition>
   <!--HIV-->
     	 <definition>
      <valueSet classCode="OBS" moodCode="DEF">
         <id root="2.16.840.1.113883.3.464.1003.120.12.1003"/>
         <title value="HIV"/>
      </valueSet>
   </definition>
   <!--Race-->
     	 <definition>
      <valueSet classCode="OBS" moodCode="DEF">
         <id root="2.16.840.1.114222.4.11.836"/>
         <title value="Race"/>
      </valueSet>
   </definition>
   <!--Immunocompromised Conditions-->
     	 <definition>
      <valueSet classCode="OBS" moodCode="DEF">
         <id root="2.16.840.1.113883.3.666.5.1940"/>
         <title value="Immunocompromised Conditions"/>
      </valueSet>
   </definition>
   <!--Bladder Cancer for Urology Care-->
     	 <definition>
      <valueSet classCode="OBS" moodCode="DEF">
         <id root="2.16.840.1.113762.1.4.1151.45"/>
         <title value="Bladder Cancer for Urology Care"/>
      </valueSet>
   </definition>
   <!--Office Visit-->
     	 <definition>
      <valueSet classCode="OBS" moodCode="DEF">
         <id root="2.16.840.1.113883.3.464.1003.101.12.1001"/>
         <title value="Office Visit"/>
      </valueSet>
   </definition>
   <!--Unavailability of Bacillus Calmette Guerin for urology care-->
     	 <definition>
      <valueSet classCode="OBS" moodCode="DEF">
         <id root="2.16.840.1.113762.1.4.1151.44"/>
         <title value="Unavailability of Bacillus Calmette Guerin for urology care"/>
      </valueSet>
   </definition>
   <!--Tumor staging (tumor staging)-CODE:/CodeSystem/SNOMEDCT/Version/2021-09/Code/254292007/Info-->
      <definition>
      <cql-ext:code code="254292007" codeSystem="2.16.840.1.113883.6.96" codeSystemName="SNOMEDCT">
         <displayName value="Tumor staging (tumor staging)"/>
      </cql-ext:code>
   </definition>
   <!--Combined radiotherapy (procedure)-CODE:/CodeSystem/SNOMEDCT/Version/2019-09/Code/169331000/Info-->
      <definition>
      <cql-ext:code code="169331000" codeSystem="2.16.840.1.113883.6.96" codeSystemName="SNOMEDCT">
         <displayName value="Combined radiotherapy (procedure)"/>
      </cql-ext:code>
   </definition>
   <!--virtual-CODE:/CodeSystem/ActCode/Version/HL7V3.0_2021-03/Code/VR/Info-->
      <definition>
      <cql-ext:code code="VR" codeSystem="2.16.840.1.113883.5.4" codeSystemName="ActCode">
         <displayName value="virtual"/>
      </cql-ext:code>
   </definition>
   <!--T1: Urinary tract tumor invades subepithelial connective tissue (finding)-CODE:/CodeSystem/SNOMEDCT/Version/2019-09/Code/369935001/Info-->
      <definition>
      <cql-ext:code code="369935001" codeSystem="2.16.840.1.113883.6.96" codeSystemName="SNOMEDCT">
         <displayName value="T1: Urinary tract tumor invades subepithelial connective tissue (finding)"/>
      </cql-ext:code>
   </definition>
   <!--Carcinoma in situ of bladder-CODE:/CodeSystem/ICD10CM/Version/2020/Code/D09.0/Info-->
      <definition>
      <cql-ext:code code="D09.0" codeSystem="2.16.840.1.113883.6.90" codeSystemName="ICD10CM">
         <displayName value="Carcinoma in situ of bladder"/>
      </cql-ext:code>
   </definition>
   <!--Ta: Noninvasive papillary carcinoma (urinary tract) (finding)-CODE:/CodeSystem/SNOMEDCT/Version/2019-09/Code/369949005/Info-->
      <definition>
      <cql-ext:code code="369949005" codeSystem="2.16.840.1.113883.6.96" codeSystemName="SNOMEDCT">
         <displayName value="Ta: Noninvasive papillary carcinoma (urinary tract) (finding)"/>
      </cql-ext:code>
   </definition>
   <!--Tis: Carcinoma in situ (flat tumor of urinary bladder) (finding)-CODE:/CodeSystem/SNOMEDCT/Version/2020-09/Code/369934002/Info-->
      <definition>
      <cql-ext:code code="369934002" codeSystem="2.16.840.1.113883.6.96" codeSystemName="SNOMEDCT">
         <displayName value="Tis: Carcinoma in situ (flat tumor of urinary bladder) (finding)"/>
      </cql-ext:code>
   </definition>
   <relatedDocument typeCode="COMP">
      <expressionDocument>
         <id root="B782A121-FF3C-46A4-9097-CD16741D5694"/>
         <text mediaType="text/cql">
            <reference value="https://emeasuretool.cms.gov/libraries/224b1722-aef9-4e7f-97f8-284267fc1b00/CMS646-v4-0-000-QDM-5-6.cql"/>
            <translation mediaType="application/elm+xml">
               <reference value="https://emeasuretool.cms.gov/libraries/224b1722-aef9-4e7f-97f8-284267fc1b00/CMS646-v4-0-000-QDM-5-6.xml"/>
            </translation>
            <translation mediaType="application/elm+json">
               <reference value="https://emeasuretool.cms.gov/libraries/224b1722-aef9-4e7f-97f8-284267fc1b00/CMS646-v4-0-000-QDM-5-6.json"/>
            </translation>
         </text>
         <setId extension="224b1722-aef9-4e7f-97f8-284267fc1b00"
                identifierName="IntravesicalBacillusCalmetteGuerinForBladderCancer"
                root="https://emeasuretool.cms.gov/libraries"/>
         <versionNumber value="4.0.000"/>
      </expressionDocument>
   </relatedDocument>
   <relatedDocument typeCode="COMP">
      <expressionDocument>
         <id root="2c9280857b2aeb52017b5f8b96c31ff8"/>
         <text mediaType="text/cql">
            <reference value="https://emeasuretool.cms.gov/libraries/8bdc0a19-b210-4a58-8a07-f5d95a34eca9/MATGlobalCommonFunctions-v7-0-000-QDM-5-6.cql"/>
            <translation mediaType="application/elm+xml">
               <reference value="https://emeasuretool.cms.gov/libraries/8bdc0a19-b210-4a58-8a07-f5d95a34eca9/MATGlobalCommonFunctions-v7-0-000-QDM-5-6.xml"/>
            </translation>
            <translation mediaType="application/elm+json">
               <reference value="https://emeasuretool.cms.gov/libraries/8bdc0a19-b210-4a58-8a07-f5d95a34eca9/MATGlobalCommonFunctions-v7-0-000-QDM-5-6.json"/>
            </translation>
         </text>
         <setId extension="8bdc0a19-b210-4a58-8a07-f5d95a34eca9"
                identifierName="MATGlobalCommonFunctions"
                root="https://emeasuretool.cms.gov/libraries"/>
         <versionNumber value="7.0.000"/>
      </expressionDocument>
   </relatedDocument>
   <controlVariable>
      <measurePeriod>
         <id extension="measureperiod" root="481087d8-2f65-4a54-bf77-6d3d2789a57d"/>
         <code code="MSRTP" codeSystem="2.16.840.1.113883.5.4">
            <originalText value="Measurement Period"/>
         </code>
         <value xsi:type="PIVL_TS">
            <phase highClosed="true" lowClosed="true">
               <low value="20230101"/>
               <width unit="a" value="1" xsi:type="PQ"/>
            </phase>
            <period unit="a" value="1"/>
         </value>
      </measurePeriod>
   </controlVariable>
   <subjectOf>
      <measureAttribute>
         <code nullFlavor="OTH">
            <originalText value="eCQM Identifier (Measure Authoring Tool)"/>
         </code>
         <value mediaType="text/plain" value="646" xsi:type="ED"/>
      </measureAttribute>
   </subjectOf>
   <subjectOf>
      <measureAttribute>
         <code nullFlavor="OTH">
            <originalText value="NQF Number"/>
         </code>
         <value mediaType="text/plain" value="Not Applicable" xsi:type="ED"/>
      </measureAttribute>
   </subjectOf>
   <subjectOf>
      <measureAttribute>
         <code code="COPY" codeSystem="2.16.840.1.113883.5.4">
            <displayName value="Copyright"/>
         </code>
         <value mediaType="text/plain"
                value="Limited proprietary coding is contained in the measure specifications for convenience. Users of the proprietary code sets should obtain all necessary licenses from the owners of these code sets. Oregon Urology Institute (OUI) and Large Urology Group Practice Association (LUGPA) disclaim all liability for use or accuracy of third party codes contained in the specifications.&#xA;&#xA;CPT(R) contained in the Measure specifications is copyright 2004-2022. American Medical Association. LOINC(R) copyright 2004-2022 Regenstrief Institute, Inc. This material contains SNOMED Clinical Terms(R) (SNOMED CT[R]) copyright 2004-2022 International Health Terminology Standards Development Organisation. ICD-10 copyright 2022 World Health Organization. All Rights Reserved."
                xsi:type="ED"/>
      </measureAttribute>
   </subjectOf>
   <subjectOf>
      <measureAttribute>
         <code code="DISC" codeSystem="2.16.840.1.113883.5.4">
            <displayName value="Disclaimer"/>
         </code>
         <value mediaType="text/plain"
                value="The performance measure is not a clinical guideline and does not establish a standard of medical care, and has not been tested for all potential applications.&#xA;&#xA;THE MEASURES AND SPECIFICATIONS ARE PROVIDED &quot;AS IS&quot; WITHOUT WARRANTY OF ANY KIND.&#xA;&#xA;Due to technical limitations, registered trademarks are indicated by (R) or [R] and unregistered trademarks are indicated by TM or [TM]."
                xsi:type="ED"/>
      </measureAttribute>
   </subjectOf>
   <subjectOf>
      <measureAttribute>
         <code code="MSRSCORE" codeSystem="2.16.840.1.113883.5.4">
            <displayName value="Measure Scoring"/>
         </code>
         <value code="PROPOR" codeSystem="2.16.840.1.113883.5.1063" xsi:type="CD">
            <displayName value="Proportion"/>
         </value>
      </measureAttribute>
   </subjectOf>
   <subjectOf>
      <measureAttribute>
         <code code="MSRTYPE" codeSystem="2.16.840.1.113883.5.4">
            <displayName value="Measure Type"/>
         </code>
         <value code="PROCESS" codeSystem="2.16.840.1.113883.5.1063" xsi:type="CD">
            <displayName value="PROCESS"/>
         </value>
      </measureAttribute>
   </subjectOf>
   <subjectOf>
      <measureAttribute>
         <code code="STRAT" codeSystem="2.16.840.1.113883.5.4">
            <displayName value="Stratification"/>
         </code>
         <value mediaType="text/plain" value="None" xsi:type="ED"/>
      </measureAttribute>
   </subjectOf>
   <subjectOf>
      <measureAttribute>
         <code code="MSRADJ" codeSystem="2.16.840.1.113883.5.4">
            <displayName value="Risk Adjustment"/>
         </code>
         <value mediaType="text/plain" value="None" xsi:type="ED"/>
      </measureAttribute>
   </subjectOf>
   <subjectOf>
      <measureAttribute>
         <code code="MSRAGG" codeSystem="2.16.840.1.113883.5.4">
            <displayName value="Rate Aggregation"/>
         </code>
         <value mediaType="text/plain" value="None" xsi:type="ED"/>
      </measureAttribute>
   </subjectOf>
   <subjectOf>
      <measureAttribute>
         <code code="RAT" codeSystem="2.16.840.1.113883.5.4">
            <displayName value="Rationale"/>
         </code>
         <value mediaType="text/plain"
                value="Bladder cancer is ranked 10th for new cancer cases in 2020 and is the 9th leading cause of cancer death in the United States. There are 81,400 estimated new cases in 2020 and 17,980 estimated deaths in 2020. In 2016, there were an estimated 699,450 people living with bladder cancer in the United States. Early detection (discovery of cancer in situ or localized to the primary site) is found in 85% of the patients, and with these there is a five-year survival rate of 95.8% for In Situ and 69.2% for Localized. Bladder cancer is rarely found in patients under age 20, with the median age of diagnosis being 73 (NIH, 2020).&#xA;National Comprehensive Cancer Network (NCCN) Guidelines for Bladder Cancer (version 6.2020) defines intravesical BCG as Category 1 Treatment for Ta - high grade, T1 and Tis non-muscle invasive bladder cancer. Most public data reflects prophylactic or adjuvant use of intravesical therapy with the goal of preventing recurrence or delaying progression to a higher grade or stage. BCG has been shown to be effective as prophylaxis to prevent bladder cancer recurrences following TURBT. The NCCN Bladder Cancer Panel Members recommend BCG as the preferred option over Mitomycin C for adjuvant treatment of high-grade lesions (Ta). BCG is also standard therapy for Primary Tis. Most T1 lesions are high risk and are similarly treated with adjuvant intravesical therapy with BCG being a Category 1 recommendation. (NCCN, 2020)."
                xsi:type="ED"/>
      </measureAttribute>
   </subjectOf>
   <subjectOf>
      <measureAttribute>
         <code code="CRS" codeSystem="2.16.840.1.113883.5.4">
            <displayName value="Clinical Recommendation Statement"/>
         </code>
         <value mediaType="text/plain"
                value="Intravesical BCG should be administered within 6 months of the initial diagnosis of non-muscle invasive bladder cancer. It may be administered 3-4 weeks after resection, but there needs to be pathological tumor confirmation and must be withheld if there is traumatic catheterization, bacteriuria, persistent gross hematuria, persistent severe local symptoms or systemic symptoms. The normal induction course is 6 weekly instillations of intravesical BCG (AUA Non-Muscle Invasive Bladder Cancer and American Urological Association (AUA) Guideline for the Management of Non-muscle Invasive Bladder Cancer: Stages Ta High Risk, T1 and TIS)."
                xsi:type="ED"/>
      </measureAttribute>
   </subjectOf>
   <subjectOf>
      <measureAttribute>
         <code code="IDUR" codeSystem="2.16.840.1.113883.5.4">
            <displayName value="Improvement Notation"/>
         </code>
         <value mediaType="text/plain"
                value="A higher score is the preferred result and indicates better quality"
                xsi:type="ED"/>
      </measureAttribute>
   </subjectOf>
   <subjectOf>
      <measureAttribute>
         <code code="REF" codeSystem="2.16.840.1.113883.5.4">
            <displayName value="Reference"/>
         </code>
         <value mediaType="text/plain"
                value="CITATIONChamie, K., Saigal, C.S., Lai, J., Hanley, J.M., Setodji, C.M., Konety, B.R., Litwin, M.S., &amp; Urologic Diseases in America Project (2011). Compliance with Guidelines for Patients with Bladder Cancer: Variation in the Delivery of Care. Cancer.2011 Dec 1: 117(23): 5392--5401.&#xA;https://www.ncbi.nlm.nih.gov/pmc/articles/PMC3206145/"
                xsi:type="ED"/>
      </measureAttribute>
   </subjectOf>
   <subjectOf>
      <measureAttribute>
         <code code="REF" codeSystem="2.16.840.1.113883.5.4">
            <displayName value="Reference"/>
         </code>
         <value mediaType="text/plain"
                value="CITATIONChang, S.S., Boorjian, S.A., Chou, R., Clark, P.E., Daneshmand, S., Konety, B.R., Pruthi, R., Quale, D.Z., Ritch, C.R., Seigne, J.D., Skinner, E.C., Smith, N.M., &amp; Mckiernan, J. M., (2016, April) American Urological Association. Non-Muscle Invasive Bladder Cancer.&#xA;https://www.auanet.org/guidelines-and-quality/guidelines/bladder-cancer-non-muscle-invasive-guideline"
                xsi:type="ED"/>
      </measureAttribute>
   </subjectOf>
   <subjectOf>
      <measureAttribute>
         <code code="REF" codeSystem="2.16.840.1.113883.5.4">
            <displayName value="Reference"/>
         </code>
         <value mediaType="text/plain"
                value="CITATIONHall, M.C., Chang, S.S., Dalbagni, G., Pruthi, R.S., Schellhammer, P.F., Seigne, J.D., Skinner, E.C., &amp; Wolf .S., (2016). American Urological Association. Guideline for the Management of Non-muscle Invasive Bladder Cancer (Stages Ta, T1, and Tis): Update 2016.&#xA;https://www.auajournals.org/doi/10.1016/j.juro.2007.09.003"
                xsi:type="ED"/>
      </measureAttribute>
   </subjectOf>
   <subjectOf>
      <measureAttribute>
         <code code="REF" codeSystem="2.16.840.1.113883.5.4">
            <displayName value="Reference"/>
         </code>
         <value mediaType="text/plain"
                value="CITATIONKassouf, W., Black, P., (2016) Treatment of primary non-muscle invasive urothelial bladder cancer. Literature review current through Dec. 2016.&#xA;https://www.uptodate.com/contents/treatment-of-primary-non-muscle-invasive-urothelial-bladder-cancer?source=search_result&amp;search=Treatment%20of%20primary%20non-muscle%20invasive%20urothelial%20bladder%20cancer&amp;selectedTitle=1~150 T of primary"
                xsi:type="ED"/>
      </measureAttribute>
   </subjectOf>
   <subjectOf>
      <measureAttribute>
         <code code="REF" codeSystem="2.16.840.1.113883.5.4">
            <displayName value="Reference"/>
         </code>
         <value mediaType="text/plain"
                value="CITATIONNCCN Clinical Practice Guidelines in Oncology (NCCN Guidelines). (2021). Bladder Cancer. Version 6.2021-December 6. 2021.&#xA;https://www.nccn.org/professionals/physician_gls/pdf/bladder.pdf"
                xsi:type="ED"/>
      </measureAttribute>
   </subjectOf>
   <subjectOf>
      <measureAttribute>
         <code code="REF" codeSystem="2.16.840.1.113883.5.4">
            <displayName value="Reference"/>
         </code>
         <value mediaType="text/plain"
                value="CITATIONNIH National Cancer Institute Surveillance, Epidemiology, and End Results Program. SEER Cancer Stat Facts: Bladder Cancer. National Cancer Institute. Bethesda,MD, https://seer.cancer.gov/statfacts/html/urinb.html"
                xsi:type="ED"/>
      </measureAttribute>
   </subjectOf>
   <subjectOf>
      <measureAttribute>
         <code code="REF" codeSystem="2.16.840.1.113883.5.4">
            <displayName value="Reference"/>
         </code>
         <value mediaType="text/plain"
                value="CITATIONPacific Northwest Evidence-based Practice Center, Oregon Health &amp; Science University. (2016). PCORI Topic Brief. Comparative Effectiveness of Treatments for Non-Muscle-Invasive Bladder Cancer&#xA;http://www.pcori.org/sites/default/files/PCORI-Assessment-Options-Advisory-Panel-Fall-2016-Topic-Brief-Non-Muscle-Invasive-Bladder-Cancer.pdf"
                xsi:type="ED"/>
      </measureAttribute>
   </subjectOf>
   <subjectOf>
      <measureAttribute>
         <code code="DEF" codeSystem="2.16.840.1.113883.5.4">
            <displayName value="Definition"/>
         </code>
         <value mediaType="text/plain"
                value="Intravesical - Within the urinary bladder&#xA;Bacillus Calmette-Guerin (BCG) - A live attenuated strain of Mycobacterium bovis, first indicated as a tuberculosis vaccine, has had widespread use in intravesical immunotherapy since the 1970's.&#xA;Tumor location: urinary bladder&#xA;Histology: urothelial carcinoma&#xA;Primary Tumor (T) stage:&#xA;Ta - Noninvasive and high grade&#xA;Tis - Carcinoma in situ: &quot;flat tumor&quot;&#xA;T1- tumor invades subepithelial connective tissue (high grade or low grade)"
                xsi:type="ED"/>
      </measureAttribute>
   </subjectOf>
   <subjectOf>
      <measureAttribute>
         <code code="GUIDE" codeSystem="2.16.840.1.113883.5.4">
            <displayName value="Guidance"/>
         </code>
         <value mediaType="text/plain"
                value="Ta bladder cancer must be high grade Ta only and is supported by the 2016 AUA guidelines and 2018 NCCN guidelines.&#xA;&#xA;The BCG dose can be full or partial and can be from any lot or manufacturer.&#xA;&#xA;This eCQM is a patient-based measure.&#xA;&#xA;Telehealth encounters are not eligible for this measure because the measure requires a clinical action that cannot be conducted via telehealth.&#xA;&#xA;This version of the eCQM uses QDM version 5.6.  Please refer to the eCQI resource center (https://ecqi.healthit.gov/qdm) for more information on the QDM."
                xsi:type="ED"/>
      </measureAttribute>
   </subjectOf>
   <subjectOf>
      <measureAttribute>
         <code code="TRANF" codeSystem="2.16.840.1.113883.5.4">
            <displayName value="Transmission Format"/>
         </code>
         <value mediaType="text/plain" value="TBD" xsi:type="ED"/>
      </measureAttribute>
   </subjectOf>
   <subjectOf>
      <measureAttribute>
         <code code="IPOP" codeSystem="2.16.840.1.113883.5.4">
            <displayName value="Initial Population"/>
         </code>
         <value mediaType="text/plain"
                value="All patients initially diagnosed with T1, Tis or high grade Ta non-muscle invasive bladder cancer with bladder cancer staging within 6 months before to 6 months after the start of the measurement period and a qualified encounter in the measurement period"
                xsi:type="ED"/>
      </measureAttribute>
   </subjectOf>
   <subjectOf>
      <measureAttribute>
         <code code="DENOM" codeSystem="2.16.840.1.113883.5.4">
            <displayName value="Denominator"/>
         </code>
         <value mediaType="text/plain" value="Equals Initial Population" xsi:type="ED"/>
      </measureAttribute>
   </subjectOf>
   <subjectOf>
      <measureAttribute>
         <code code="DENEX" codeSystem="2.16.840.1.113883.5.4">
            <displayName value="Denominator Exclusions"/>
         </code>
         <value mediaType="text/plain"
                value="Immunosuppressed patients, includes HIV and immunocompromised state, with a diagnosis prior to Bladder Cancer Staging&#xA;&#xA;Immunosuppressive drug therapy starting on or before Bladder Cancer Staging&#xA;&#xA;Active Tuberculosis diagnosis during the Bladder Cancer Staging&#xA;&#xA;Mixed histology urothelial cell carcinoma including micropapillary, plasmacytoid, sarcomatoid, adenocarcinoma and squamous disease prior to Bladder Cancer Staging&#xA;&#xA;Patients who undergo cystectomy, chemotherapy or radiation within 6 months of Bladder Cancer Staging"
                xsi:type="ED"/>
      </measureAttribute>
   </subjectOf>
   <subjectOf>
      <measureAttribute>
         <code code="NUMER" codeSystem="2.16.840.1.113883.5.4">
            <displayName value="Numerator"/>
         </code>
         <value mediaType="text/plain"
                value="Intravesical Bacillus-Calmette Guerin (BCG) instillation for initial dose or series:&#xA;BCG is initiated within 6 months of the bladder cancer staging"
                xsi:type="ED"/>
      </measureAttribute>
   </subjectOf>
   <subjectOf>
      <measureAttribute>
         <code code="NUMEX" codeSystem="2.16.840.1.113883.5.4">
            <displayName value="Numerator Exclusions"/>
         </code>
         <value mediaType="text/plain" value="Not Applicable" xsi:type="ED"/>
      </measureAttribute>
   </subjectOf>
   <subjectOf>
      <measureAttribute>
         <code code="DENEXCEP" codeSystem="2.16.840.1.113883.5.4">
            <displayName value="Denominator Exceptions"/>
         </code>
         <value mediaType="text/plain"
                value="Unavailability of BCG within 6 months after Bladder Cancer Staging"
                xsi:type="ED"/>
      </measureAttribute>
   </subjectOf>
   <subjectOf>
      <measureAttribute>
         <code code="SDE" codeSystem="2.16.840.1.113883.5.4">
            <displayName value="Supplemental Data Elements"/>
         </code>
         <value mediaType="text/plain"
                value="For every patient evaluated by this measure also identify payer, race, ethnicity and sex"
                xsi:type="ED"/>
      </measureAttribute>
   </subjectOf>
   <componentOf>
      <qualityMeasureSet classCode="ACT">
         <id root="224b1722-aef9-4e7f-97f8-284267fc1b00"/>
         <title value="None"/>
      </qualityMeasureSet>
   </componentOf>
   <!--Data Criteria Section-->
   <component>
      <dataCriteriaSection>
         <templateId>
            <item extension="2021-02-01" root="2.16.840.1.113883.10.20.28.2.6"/>
         </templateId>
         <code code="57025-9" codeSystem="2.16.840.1.113883.6.1"/>
         <title value="Data Criteria Section"/>
         <text/>
         <entry typeCode="DRIV">
            <localVariableName value="Payer_PatientCharacteristicPayer_rABQq"/>
            <observationCriteria classCode="OBS" moodCode="EVN">
               <templateId>
                  <item extension="2017-05-01" root="2.16.840.1.113883.10.20.28.4.58"/>
               </templateId>
               <id extension="Payer_PatientCharacteristicPayer"
                   root="b826b36d-f7e6-49b0-9fca-78045aa111fe"/>
               <code code="48768-6" codeSystem="2.16.840.1.113883.6.1" codeSystemName="LOINC">
                  <displayName value="Payer"/>
               </code>
               <title value="Patient Characteristic Payer"/>
               <statusCode code="COMPLETED"/>
               <value valueSet="2.16.840.1.114222.4.11.3591" xsi:type="CD"/>
            </observationCriteria>
         </entry>
         <entry typeCode="DRIV">
            <localVariableName value="ImmunosuppressiveDrugsforUrologyCare_MedicationActive_pIniJ"/>
            <substanceAdministrationCriteria classCode="SBADM" moodCode="EVN">
               <templateId>
                  <item extension="2021-02-01" root="2.16.840.1.113883.10.20.28.4.44"/>
               </templateId>
               <id extension="ImmunosuppressiveDrugsforUrologyCare_MedicationActive"
                   root="decfa407-75d0-4470-a39b-84f7fbd03af1"/>
               <title value="Medication, Active"/>
               <statusCode code="ACTIVE"/>
			            <participation typeCode="CSM">
                  <role classCode="MANU">
                     <playingMaterial classCode="MMAT" determinerCode="KIND">
                        <code valueSet="2.16.840.1.113762.1.4.1151.32"/>
                     </playingMaterial>
                  </role>
               </participation>
		          </substanceAdministrationCriteria>
         </entry>
         <entry typeCode="DRIV">
            <localVariableName value="MixedhistologyurothelialcellcarcinomaforUrologyCare_Diagnosis_lUKiW"/>
            <observationCriteria classCode="OBS" moodCode="EVN">
               <templateId>
                  <item extension="2021-02-01" root="2.16.840.1.113883.10.20.28.4.110"/>
               </templateId>
               <id extension="MixedhistologyurothelialcellcarcinomaforUrologyCare_Diagnosis"
                   root="43956f50-de06-49a5-992f-0e824821d700"/>
               <code code="282291009" codeSystem="2.16.840.1.113883.6.96" codeSystemName="SNOMED CT">
                  <displayName value="Diagnosis"/>
               </code>
               <title value="Diagnosis"/>
               <statusCode code="COMPLETED"/>
               <value valueSet="2.16.840.1.113762.1.4.1151.39" xsi:type="CD"/>
            </observationCriteria>
         </entry>
         <entry typeCode="DRIV">
            <localVariableName value="ONCAdministrativeSex_PatientCharacteristicSex_3SR6F"/>
            <observationCriteria classCode="OBS" moodCode="EVN">
               <templateId>
                  <item extension="2017-05-01" root="2.16.840.1.113883.10.20.28.4.55"/>
               </templateId>
               <id extension="ONCAdministrativeSex_PatientCharacteristicSex"
                   root="d4a898c6-bfa7-45b7-a00f-c0027995c4f0"/>
               <code code="263495000" codeSystem="2.16.840.1.113883.6.96" codeSystemName="SNOMED CT">
                  <displayName value="Gender"/>
               </code>
               <title value="Patient Characteristic Sex"/>
               <statusCode code="COMPLETED"/>
               <value valueSet="2.16.840.1.113762.1.4.1" xsi:type="CD"/>
            </observationCriteria>
         </entry>
         <entry typeCode="DRIV">
            <localVariableName value="ChemotherapyAgentsforAdvancedCancer_MedicationActive_KrC3H"/>
            <substanceAdministrationCriteria classCode="SBADM" moodCode="EVN">
               <templateId>
                  <item extension="2021-02-01" root="2.16.840.1.113883.10.20.28.4.44"/>
               </templateId>
               <id extension="ChemotherapyAgentsforAdvancedCancer_MedicationActive"
                   root="689d152c-57fb-40de-b21b-90d1a306b380"/>
               <title value="Medication, Active"/>
               <statusCode code="ACTIVE"/>
			            <participation typeCode="CSM">
                  <role classCode="MANU">
                     <playingMaterial classCode="MMAT" determinerCode="KIND">
                        <code valueSet="2.16.840.1.113762.1.4.1151.60"/>
                     </playingMaterial>
                  </role>
               </participation>
		          </substanceAdministrationCriteria>
         </entry>
         <entry typeCode="DRIV">
            <localVariableName value="CystectomyforUrologyCare_ProcedurePerformed_K2xTO"/>
            <procedureCriteria classCode="PROC" moodCode="EVN">
               <templateId>
                  <item extension="2021-02-01" root="2.16.840.1.113883.10.20.28.4.67"/>
               </templateId>
               <id extension="CystectomyforUrologyCare_ProcedurePerformed"
                   root="b11a4930-2af1-47f0-af35-da8a65ab37b2"/>
               <code valueSet="2.16.840.1.113762.1.4.1151.55"/>
               <title value="Procedure, Performed"/>
               <statusCode code="COMPLETED"/>
            </procedureCriteria>
         </entry>
         <entry typeCode="DRIV">
            <localVariableName value="ActiveTuberculosisforUrologyCare_Diagnosis_qTfWr"/>
            <observationCriteria classCode="OBS" moodCode="EVN">
               <templateId>
                  <item extension="2021-02-01" root="2.16.840.1.113883.10.20.28.4.110"/>
               </templateId>
               <id extension="ActiveTuberculosisforUrologyCare_Diagnosis"
                   root="2db43e67-fcfd-4424-b160-cf3c255b1349"/>
               <code code="282291009" codeSystem="2.16.840.1.113883.6.96" codeSystemName="SNOMED CT">
                  <displayName value="Diagnosis"/>
               </code>
               <title value="Diagnosis"/>
               <statusCode code="COMPLETED"/>
               <value valueSet="2.16.840.1.113762.1.4.1151.56" xsi:type="CD"/>
            </observationCriteria>
         </entry>
         <entry typeCode="DRIV">
            <localVariableName value="Ethnicity_PatientCharacteristicEthnicity_e8liV"/>
            <observationCriteria classCode="OBS" moodCode="EVN">
               <templateId>
                  <item extension="2017-05-01" root="2.16.840.1.113883.10.20.28.4.56"/>
               </templateId>
               <id extension="Ethnicity_PatientCharacteristicEthnicity"
                   root="3a9e3f02-7f2d-4dce-83ba-b48429eb2113"/>
               <code code="54133-4" codeSystem="2.16.840.1.113883.6.1" codeSystemName="LOINC">
                  <displayName value="Ethnicity"/>
               </code>
               <title value="Patient Characteristic Ethnicity"/>
               <statusCode code="COMPLETED"/>
               <value valueSet="2.16.840.1.114222.4.11.837" xsi:type="CD"/>
            </observationCriteria>
         </entry>
         <entry typeCode="DRIV">
            <localVariableName value="BCGBacillusCalmetteGuerinforUrologyCare_MedicationAdministered_7wIev"/>
            <substanceAdministrationCriteria classCode="SBADM" moodCode="EVN">
               <templateId>
                  <item extension="2021-02-01" root="2.16.840.1.113883.10.20.28.4.45"/>
               </templateId>
               <id extension="BCGBacillusCalmetteGuerinforUrologyCare_MedicationAdministered"
                   root="4e73933d-36c0-4a7e-87c3-120e1ab101d2"/>
               <code code="416118004" codeSystem="2.16.840.1.113883.6.96"/>
               <title value="Medication, Administered"/>
               <statusCode code="COMPLETED"/>
			            <participation typeCode="CSM">
                  <role classCode="MANU">
                     <playingManufacturedMaterial classCode="MMAT" determinerCode="KIND">
                        <code valueSet="2.16.840.1.113762.1.4.1151.52"/>
                     </playingManufacturedMaterial>
                  </role>
               </participation>
		          </substanceAdministrationCriteria>
         </entry>
         <entry typeCode="DRIV">
            <localVariableName value="BCGBacillusCalmetteGuerinforUrologyCare_MedicationNotAdministered_fflie"/>
            <substanceAdministrationCriteria actionNegationInd="TRUE" classCode="SBADM" moodCode="EVN">
               <templateId>
                  <item extension="2021-02-01" root="2.16.840.1.113883.10.20.28.4.45"/>
               </templateId>
               <id extension="BCGBacillusCalmetteGuerinforUrologyCare_MedicationNotAdministered"
                   root="4e73933d-36c0-4a7e-87c3-120e1ab101d2"/>
               <code code="416118004" codeSystem="2.16.840.1.113883.6.96"/>
               <title value="Medication, Not Administered"/>
               <statusCode code="COMPLETED"/>
			            <participation typeCode="CSM">
                  <role classCode="MANU">
                     <playingManufacturedMaterial classCode="MMAT" determinerCode="KIND">
                        <code valueSet="2.16.840.1.113762.1.4.1151.52"/>
                     </playingManufacturedMaterial>
                  </role>
               </participation>
		          </substanceAdministrationCriteria>
         </entry>
         <entry typeCode="DRIV">
            <localVariableName value="HIV_Diagnosis_R98l0"/>
            <observationCriteria classCode="OBS" moodCode="EVN">
               <templateId>
                  <item extension="2021-02-01" root="2.16.840.1.113883.10.20.28.4.110"/>
               </templateId>
               <id extension="HIV_Diagnosis" root="c973bc99-62b0-4dba-87c2-48316859f721"/>
               <code code="282291009" codeSystem="2.16.840.1.113883.6.96" codeSystemName="SNOMED CT">
                  <displayName value="Diagnosis"/>
               </code>
               <title value="Diagnosis"/>
               <statusCode code="COMPLETED"/>
               <value valueSet="2.16.840.1.113883.3.464.1003.120.12.1003" xsi:type="CD"/>
            </observationCriteria>
         </entry>
         <entry typeCode="DRIV">
            <localVariableName value="Race_PatientCharacteristicRace_OuuXw"/>
            <observationCriteria classCode="OBS" moodCode="EVN">
               <templateId>
                  <item extension="2017-05-01" root="2.16.840.1.113883.10.20.28.4.59"/>
               </templateId>
               <id extension="Race_PatientCharacteristicRace"
                   root="cd99e635-71e4-4c6a-b396-c335c6427b16"/>
               <code code="32624-9" codeSystem="2.16.840.1.113883.6.1" codeSystemName="LOINC">
                  <displayName value="Race"/>
               </code>
               <title value="Patient Characteristic Race"/>
               <statusCode code="COMPLETED"/>
               <value valueSet="2.16.840.1.114222.4.11.836" xsi:type="CD"/>
            </observationCriteria>
         </entry>
         <entry typeCode="DRIV">
            <localVariableName value="ImmunocompromisedConditions_Diagnosis_AOjiW"/>
            <observationCriteria classCode="OBS" moodCode="EVN">
               <templateId>
                  <item extension="2021-02-01" root="2.16.840.1.113883.10.20.28.4.110"/>
               </templateId>
               <id extension="ImmunocompromisedConditions_Diagnosis"
                   root="cac18710-6377-4a46-9a98-d9f40027f22f"/>
               <code code="282291009" codeSystem="2.16.840.1.113883.6.96" codeSystemName="SNOMED CT">
                  <displayName value="Diagnosis"/>
               </code>
               <title value="Diagnosis"/>
               <statusCode code="COMPLETED"/>
               <value valueSet="2.16.840.1.113883.3.666.5.1940" xsi:type="CD"/>
            </observationCriteria>
         </entry>
         <entry typeCode="DRIV">
            <localVariableName value="BladderCancerforUrologyCare_Diagnosis_MRndF"/>
            <observationCriteria classCode="OBS" moodCode="EVN">
               <templateId>
                  <item extension="2021-02-01" root="2.16.840.1.113883.10.20.28.4.110"/>
               </templateId>
               <id extension="BladderCancerforUrologyCare_Diagnosis"
                   root="7f7355df-bd57-4f32-97b3-5b7c1eb00dc4"/>
               <code code="282291009" codeSystem="2.16.840.1.113883.6.96" codeSystemName="SNOMED CT">
                  <displayName value="Diagnosis"/>
               </code>
               <title value="Diagnosis"/>
               <statusCode code="COMPLETED"/>
               <value valueSet="2.16.840.1.113762.1.4.1151.45" xsi:type="CD"/>
            </observationCriteria>
         </entry>
         <entry typeCode="DRIV">
            <localVariableName value="OfficeVisit_EncounterPerformed_2o4Gt"/>
            <encounterCriteria classCode="ENC" moodCode="EVN">
               <templateId>
                  <item extension="2021-02-01" root="2.16.840.1.113883.10.20.28.4.5"/>
               </templateId>
               <id extension="OfficeVisit_EncounterPerformed"
                   root="abe1d8ac-1615-40fe-8dd5-307c82a77d91"/>
               <code valueSet="2.16.840.1.113883.3.464.1003.101.12.1001"/>
               <title value="Encounter, Performed"/>
               <statusCode code="COMPLETED"/>
            </encounterCriteria>
         </entry>
         <entry typeCode="DRIV">
            <procedureCriteria classCode="PROC" moodCode="EVN">
               <templateId>
                  <item extension="2021-02-01" root="2.16.840.1.113883.10.20.28.4.67"/>
               </templateId>
               <id extension="254292007_ProcedurePerformed"
                   root="AC443557-2147-4DFD-927C-A80F54C93A98"/>
               <code code="254292007" codeSystem="2.16.840.1.113883.6.96" codeSystemName="SNOMEDCT"/>
               <title value="Procedure, Performed"/>
               <statusCode code="COMPLETED"/>
            </procedureCriteria>
         </entry>
         <entry typeCode="DRIV">
            <procedureCriteria classCode="PROC" moodCode="EVN">
               <templateId>
                  <item extension="2021-02-01" root="2.16.840.1.113883.10.20.28.4.67"/>
               </templateId>
               <id extension="169331000_ProcedurePerformed"
                   root="9E70FAD3-966F-429D-9FE2-E5BF26C1A652"/>
               <code code="169331000" codeSystem="2.16.840.1.113883.6.96" codeSystemName="SNOMEDCT"/>
               <title value="Procedure, Performed"/>
               <statusCode code="COMPLETED"/>
            </procedureCriteria>
         </entry>
      </dataCriteriaSection>
   </component>
   <component>
      <populationCriteriaSection>
         <templateId>
            <item extension="2017-08-01" root="2.16.840.1.113883.10.20.28.2.7"/>
         </templateId>
         <id extension="PopulationCriteria1" root="1AC42AB7-BAF4-4F36-AA6A-37EDF78200AD"/>
         <code code="57026-7" codeSystem="2.16.840.1.113883.6.1"/>
         <title value="Population Criteria Section"/>
         <text/>
         <component typeCode="COMP">
            <initialPopulationCriteria classCode="OBS" moodCode="EVN">
               <id extension="initialPopulation" root="CA862BB0-8855-448D-9BE7-01C5B7CF208D"/>
               <code code="IPOP" codeSystem="2.16.840.1.113883.5.4" codeSystemName="Act Code"/>
               <precondition typeCode="PRCN">
                  <criteriaReference classCode="OBS" moodCode="EVN">
                     <id extension="IntravesicalBacillusCalmetteGuerinForBladderCancer.&quot;Initial Population&quot;"
                         root="B782A121-FF3C-46A4-9097-CD16741D5694"/>
                  </criteriaReference>
               </precondition>
            </initialPopulationCriteria>
         </component>
         <component typeCode="COMP">
            <denominatorCriteria classCode="OBS" moodCode="EVN">
               <id extension="denominator" root="F785197D-F7C7-4146-883B-204B75CC0738"/>
               <code code="DENOM" codeSystem="2.16.840.1.113883.5.4" codeSystemName="Act Code"/>
               <precondition typeCode="PRCN">
                  <criteriaReference classCode="OBS" moodCode="EVN">
                     <id extension="IntravesicalBacillusCalmetteGuerinForBladderCancer.&quot;Denominator&quot;"
                         root="B782A121-FF3C-46A4-9097-CD16741D5694"/>
                  </criteriaReference>
               </precondition>
            </denominatorCriteria>
         </component>
         <component typeCode="COMP">
            <denominatorExclusionCriteria classCode="OBS" moodCode="EVN">
               <id extension="denominatorExclusions" root="5C4B56EC-9420-448F-BD0C-1BBF0D0D00B4"/>
               <code code="DENEX" codeSystem="2.16.840.1.113883.5.4" codeSystemName="Act Code"/>
               <precondition typeCode="PRCN">
                  <criteriaReference classCode="OBS" moodCode="EVN">
                     <id extension="IntravesicalBacillusCalmetteGuerinForBladderCancer.&quot;Denominator Exclusion&quot;"
                         root="B782A121-FF3C-46A4-9097-CD16741D5694"/>
                  </criteriaReference>
               </precondition>
            </denominatorExclusionCriteria>
         </component>
         <component typeCode="COMP">
            <denominatorExceptionCriteria classCode="OBS" moodCode="EVN">
               <id extension="denominatorExceptions" root="BB1A3D97-EF9F-4F2E-8574-2A43A12B045F"/>
               <code code="DENEXCEP" codeSystem="2.16.840.1.113883.5.4" codeSystemName="Act Code"/>
               <precondition typeCode="PRCN">
                  <criteriaReference classCode="OBS" moodCode="EVN">
                     <id extension="IntravesicalBacillusCalmetteGuerinForBladderCancer.&quot;Denominator Exception&quot;"
                         root="B782A121-FF3C-46A4-9097-CD16741D5694"/>
                  </criteriaReference>
               </precondition>
            </denominatorExceptionCriteria>
         </component>
         <component typeCode="COMP">
            <numeratorCriteria classCode="OBS" moodCode="EVN">
               <id extension="numerator" root="03D37613-A20E-44BD-B417-724A97F1A95F"/>
               <code code="NUMER" codeSystem="2.16.840.1.113883.5.4" codeSystemName="Act Code"/>
               <precondition typeCode="PRCN">
                  <criteriaReference classCode="OBS" moodCode="EVN">
                     <id extension="IntravesicalBacillusCalmetteGuerinForBladderCancer.&quot;Numerator&quot;"
                         root="B782A121-FF3C-46A4-9097-CD16741D5694"/>
                  </criteriaReference>
               </precondition>
            </numeratorCriteria>
         </component>
         <component typeCode="COMP">
            <cql-ext:supplementalDataElement>
               <id extension="Supplemental Data Elements"
                   root="FD3B4555-1049-4F24-AABC-D8FBCE173427"/>
               <code code="SDE" codeSystem="2.16.840.1.113883.5.4" codeSystemName="Act Code"/>
               <precondition typeCode="PRCN">
                  <criteriaReference classCode="OBS" moodCode="EVN">
                     <id extension="IntravesicalBacillusCalmetteGuerinForBladderCancer.&quot;SDE Ethnicity&quot;"
                         root="B782A121-FF3C-46A4-9097-CD16741D5694"/>
                  </criteriaReference>
               </precondition>
            </cql-ext:supplementalDataElement>
         </component>
         <component typeCode="COMP">
            <cql-ext:supplementalDataElement>
               <id extension="Supplemental Data Elements"
                   root="958FDBA4-F04C-47D6-B577-46193844DF58"/>
               <code code="SDE" codeSystem="2.16.840.1.113883.5.4" codeSystemName="Act Code"/>
               <precondition typeCode="PRCN">
                  <criteriaReference classCode="OBS" moodCode="EVN">
                     <id extension="IntravesicalBacillusCalmetteGuerinForBladderCancer.&quot;SDE Payer&quot;"
                         root="B782A121-FF3C-46A4-9097-CD16741D5694"/>
                  </criteriaReference>
               </precondition>
            </cql-ext:supplementalDataElement>
         </component>
         <component typeCode="COMP">
            <cql-ext:supplementalDataElement>
               <id extension="Supplemental Data Elements"
                   root="AE3DAEF0-9FE8-4121-8C4D-F2C2157AFF1F"/>
               <code code="SDE" codeSystem="2.16.840.1.113883.5.4" codeSystemName="Act Code"/>
               <precondition typeCode="PRCN">
                  <criteriaReference classCode="OBS" moodCode="EVN">
                     <id extension="IntravesicalBacillusCalmetteGuerinForBladderCancer.&quot;SDE Race&quot;"
                         root="B782A121-FF3C-46A4-9097-CD16741D5694"/>
                  </criteriaReference>
               </precondition>
            </cql-ext:supplementalDataElement>
         </component>
         <component typeCode="COMP">
            <cql-ext:supplementalDataElement>
               <id extension="Supplemental Data Elements"
                   root="9D824E17-84C9-4977-B1E9-599F8A12D3D8"/>
               <code code="SDE" codeSystem="2.16.840.1.113883.5.4" codeSystemName="Act Code"/>
               <precondition typeCode="PRCN">
                  <criteriaReference classCode="OBS" moodCode="EVN">
                     <id extension="IntravesicalBacillusCalmetteGuerinForBladderCancer.&quot;SDE Sex&quot;"
                         root="B782A121-FF3C-46A4-9097-CD16741D5694"/>
                  </criteriaReference>
               </precondition>
            </cql-ext:supplementalDataElement>
         </component>
      </populationCriteriaSection>
   </component>
</QualityMeasureDocument>