<?xml version="1.0" encoding="UTF-8"?>
<library xmlns="urn:hl7-org:elm:r1" xmlns:t="urn:hl7-org:elm-types:r1" xmlns:xsi="http://www.w3.org/2001/XMLSchema-instance" xmlns:xsd="http://www.w3.org/2001/XMLSchema" xmlns:fhir="http://hl7.org/fhir" xmlns:qdm43="urn:healthit-gov:qdm:v4_3" xmlns:qdm53="urn:healthit-gov:qdm:v5_3" xmlns:a="urn:hl7-org:cql-annotations:r1">
   <annotation translatorOptions="EnableAnnotations,EnableLocators,DisableListDemotion,DisableListPromotion,DisableMethodInvocation" xsi:type="a:CqlToElmInfo"/>
   <annotation xsi:type="a:Annotation">
      <a:s r="273">
         <a:s>library ControllingHighBloodPressure version '13.0.000'</a:s>
      </a:s>
   </annotation>
   <identifier id="ControllingHighBloodPressure" version="13.0.000"/>
   <schemaIdentifier id="urn:hl7-org:elm" version="r1"/>
   <usings>
      <def localIdentifier="System" uri="urn:hl7-org:elm-types:r1"/>
      <def localId="1" locator="3:1-3:23" localIdentifier="QDM" uri="urn:healthit-gov:qdm:v5_6" version="5.6">
         <annotation xsi:type="a:Annotation">
            <a:s r="1">
               <a:s>using </a:s>
               <a:s>
                  <a:s>QDM</a:s>
               </a:s>
               <a:s> version '5.6'</a:s>
            </a:s>
         </annotation>
      </def>
   </usings>
   <includes>
      <def localId="2" locator="5:1-5:67" localIdentifier="Global" path="MATGlobalCommonFunctionsQDM" version="8.0.000">
         <annotation xsi:type="a:Annotation">
            <a:s r="2">
               <a:s>include </a:s>
               <a:s>
                  <a:s>MATGlobalCommonFunctionsQDM</a:s>
               </a:s>
               <a:s> version '8.0.000' called Global</a:s>
            </a:s>
         </annotation>
      </def>
      <def localId="3" locator="6:1-6:87" localIdentifier="AdultOutpatientEncounters" path="AdultOutpatientEncountersQDM" version="4.0.000">
         <annotation xsi:type="a:Annotation">
            <a:s r="3">
               <a:s>include </a:s>
               <a:s>
                  <a:s>AdultOutpatientEncountersQDM</a:s>
               </a:s>
               <a:s> version '4.0.000' called AdultOutpatientEncounters</a:s>
            </a:s>
         </annotation>
      </def>
      <def localId="4" locator="7:1-7:51" localIdentifier="Hospice" path="HospiceQDM" version="6.0.000">
         <annotation xsi:type="a:Annotation">
            <a:s r="4">
               <a:s>include </a:s>
               <a:s>
                  <a:s>HospiceQDM</a:s>
               </a:s>
               <a:s> version '6.0.000' called Hospice</a:s>
            </a:s>
         </annotation>
      </def>
      <def localId="5" locator="8:1-8:65" localIdentifier="PalliativeCare" path="PalliativeCareQDM" version="4.0.000">
         <annotation xsi:type="a:Annotation">
            <a:s r="5">
               <a:s>include </a:s>
               <a:s>
                  <a:s>PalliativeCareQDM</a:s>
               </a:s>
               <a:s> version '4.0.000' called PalliativeCare</a:s>
            </a:s>
         </annotation>
      </def>
      <def localId="6" locator="9:1-9:73" localIdentifier="AIFrailLTCF" path="AdvancedIllnessandFrailtyQDM" version="9.0.000">
         <annotation xsi:type="a:Annotation">
            <a:s r="6">
               <a:s>include </a:s>
               <a:s>
                  <a:s>AdvancedIllnessandFrailtyQDM</a:s>
               </a:s>
               <a:s> version '9.0.000' called AIFrailLTCF</a:s>
            </a:s>
         </annotation>
      </def>
   </includes>
   <parameters>
      <def localId="28" locator="31:1-31:49" name="Measurement Period" accessLevel="Public">
         <annotation xsi:type="a:Annotation">
            <a:s r="28">
               <a:s>parameter &quot;Measurement Period&quot; </a:s>
               <a:s r="27">
                  <a:s>Interval&lt;</a:s>
                  <a:s r="26">
                     <a:s>DateTime</a:s>
                  </a:s>
                  <a:s>></a:s>
               </a:s>
            </a:s>
         </annotation>
         <parameterTypeSpecifier localId="27" locator="31:32-31:49" xsi:type="IntervalTypeSpecifier">
            <pointType localId="26" locator="31:41-31:48" name="t:DateTime" xsi:type="NamedTypeSpecifier"/>
         </parameterTypeSpecifier>
      </def>
   </parameters>
   <codeSystems>
      <def localId="7" locator="11:1-11:51" name="LOINC" id="urn:oid:2.16.840.1.113883.6.1" accessLevel="Public">
         <annotation xsi:type="a:Annotation">
            <a:s r="7">
               <a:s>codesystem &quot;LOINC&quot;: 'urn:oid:2.16.840.1.113883.6.1'</a:s>
            </a:s>
         </annotation>
      </def>
   </codeSystems>
   <valueSets>
      <def localId="8" locator="13:1-13:84" name="Chronic Kidney Disease, Stage 5" id="urn:oid:2.16.840.1.113883.3.526.3.1002" accessLevel="Public">
         <annotation xsi:type="a:Annotation">
            <a:s r="8">
               <a:s>valueset &quot;Chronic Kidney Disease, Stage 5&quot;: 'urn:oid:2.16.840.1.113883.3.526.3.1002'</a:s>
            </a:s>
         </annotation>
      </def>
      <def localId="9" locator="14:1-14:80" name="Dialysis Services" id="urn:oid:2.16.840.1.113883.3.464.1003.109.12.1013" accessLevel="Public">
         <annotation xsi:type="a:Annotation">
            <a:s r="9">
               <a:s>valueset &quot;Dialysis Services&quot;: 'urn:oid:2.16.840.1.113883.3.464.1003.109.12.1013'</a:s>
            </a:s>
         </annotation>
      </def>
      <def localId="10" locator="15:1-15:115" name="Emergency Department Evaluation and Management Visit" id="urn:oid:2.16.840.1.113883.3.464.1003.101.12.1010" accessLevel="Public">
         <annotation xsi:type="a:Annotation">
            <a:s r="10">
               <a:s>valueset &quot;Emergency Department Evaluation and Management Visit&quot;: 'urn:oid:2.16.840.1.113883.3.464.1003.101.12.1010'</a:s>
            </a:s>
         </annotation>
      </def>
      <def localId="11" locator="16:1-16:71" name="Encounter Inpatient" id="urn:oid:2.16.840.1.113883.3.666.5.307" accessLevel="Public">
         <annotation xsi:type="a:Annotation">
            <a:s r="11">
               <a:s>valueset &quot;Encounter Inpatient&quot;: 'urn:oid:2.16.840.1.113883.3.666.5.307'</a:s>
            </a:s>
         </annotation>
      </def>
      <def localId="12" locator="17:1-17:75" name="End Stage Renal Disease" id="urn:oid:2.16.840.1.113883.3.526.3.353" accessLevel="Public">
         <annotation xsi:type="a:Annotation">
            <a:s r="12">
               <a:s>valueset &quot;End Stage Renal Disease&quot;: 'urn:oid:2.16.840.1.113883.3.526.3.353'</a:s>
            </a:s>
         </annotation>
      </def>
      <def localId="13" locator="18:1-18:95" name="ESRD Monthly Outpatient Services" id="urn:oid:2.16.840.1.113883.3.464.1003.109.12.1014" accessLevel="Public">
         <annotation xsi:type="a:Annotation">
            <a:s r="13">
               <a:s>valueset &quot;ESRD Monthly Outpatient Services&quot;: 'urn:oid:2.16.840.1.113883.3.464.1003.109.12.1014'</a:s>
            </a:s>
         </annotation>
      </def>
      <def localId="14" locator="19:1-19:85" name="Essential Hypertension" id="urn:oid:2.16.840.1.113883.3.464.1003.104.12.1011" accessLevel="Public">
         <annotation xsi:type="a:Annotation">
            <a:s r="14">
               <a:s>valueset &quot;Essential Hypertension&quot;: 'urn:oid:2.16.840.1.113883.3.464.1003.104.12.1011'</a:s>
            </a:s>
         </annotation>
      </def>
      <def localId="15" locator="20:1-20:58" name="Ethnicity" id="urn:oid:2.16.840.1.114222.4.11.837" accessLevel="Public">
         <annotation xsi:type="a:Annotation">
            <a:s r="15">
               <a:s>valueset &quot;Ethnicity&quot;: 'urn:oid:2.16.840.1.114222.4.11.837'</a:s>
            </a:s>
         </annotation>
      </def>
      <def localId="16" locator="21:1-21:80" name="Kidney Transplant" id="urn:oid:2.16.840.1.113883.3.464.1003.109.12.1012" accessLevel="Public">
         <annotation xsi:type="a:Annotation">
            <a:s r="16">
               <a:s>valueset &quot;Kidney Transplant&quot;: 'urn:oid:2.16.840.1.113883.3.464.1003.109.12.1012'</a:s>
            </a:s>
         </annotation>
      </def>
      <def localId="17" locator="22:1-22:90" name="Kidney Transplant Recipient" id="urn:oid:2.16.840.1.113883.3.464.1003.109.12.1029" accessLevel="Public">
         <annotation xsi:type="a:Annotation">
            <a:s r="17">
               <a:s>valueset &quot;Kidney Transplant Recipient&quot;: 'urn:oid:2.16.840.1.113883.3.464.1003.109.12.1029'</a:s>
            </a:s>
         </annotation>
      </def>
      <def localId="18" locator="23:1-23:68" name="ONC Administrative Sex" id="urn:oid:2.16.840.1.113762.1.4.1" accessLevel="Public">
         <annotation xsi:type="a:Annotation">
            <a:s r="18">
               <a:s>valueset &quot;ONC Administrative Sex&quot;: 'urn:oid:2.16.840.1.113762.1.4.1'</a:s>
            </a:s>
         </annotation>
      </def>
      <def localId="19" locator="24:1-24:60" name="Payer Type" id="urn:oid:2.16.840.1.114222.4.11.3591" accessLevel="Public">
         <annotation xsi:type="a:Annotation">
            <a:s r="19">
               <a:s>valueset &quot;Payer Type&quot;: 'urn:oid:2.16.840.1.114222.4.11.3591'</a:s>
            </a:s>
         </annotation>
      </def>
      <def localId="20" locator="25:1-25:61" name="Pregnancy" id="urn:oid:2.16.840.1.113883.3.526.3.378" accessLevel="Public">
         <annotation xsi:type="a:Annotation">
            <a:s r="20">
               <a:s>valueset &quot;Pregnancy&quot;: 'urn:oid:2.16.840.1.113883.3.526.3.378'</a:s>
            </a:s>
         </annotation>
      </def>
      <def localId="21" locator="26:1-26:53" name="Race" id="urn:oid:2.16.840.1.114222.4.11.836" accessLevel="Public">
         <annotation xsi:type="a:Annotation">
            <a:s r="21">
               <a:s>valueset &quot;Race&quot;: 'urn:oid:2.16.840.1.114222.4.11.836'</a:s>
            </a:s>
         </annotation>
      </def>
   </valueSets>
   <codes>
      <def localId="23" locator="28:1-28:89" name="Diastolic blood pressure" id="8462-4" display="Diastolic blood pressure" accessLevel="Public">
         <annotation xsi:type="a:Annotation">
            <a:s r="23">
               <a:s>code &quot;Diastolic blood pressure&quot;: '8462-4' from </a:s>
               <a:s r="22">
                  <a:s>&quot;LOINC&quot;</a:s>
               </a:s>
               <a:s> display 'Diastolic blood pressure'</a:s>
            </a:s>
         </annotation>
         <codeSystem localId="22" locator="28:48-28:54" name="LOINC"/>
      </def>
      <def localId="25" locator="29:1-29:87" name="Systolic blood pressure" id="8480-6" display="Systolic blood pressure" accessLevel="Public">
         <annotation xsi:type="a:Annotation">
            <a:s r="25">
               <a:s>code &quot;Systolic blood pressure&quot;: '8480-6' from </a:s>
               <a:s r="24">
                  <a:s>&quot;LOINC&quot;</a:s>
               </a:s>
               <a:s> display 'Systolic blood pressure'</a:s>
            </a:s>
         </annotation>
         <codeSystem localId="24" locator="29:47-29:53" name="LOINC"/>
      </def>
   </codes>
   <contexts>
      <def locator="33:1-33:15" name="Patient"/>
   </contexts>
   <statements>
      <def locator="33:1-33:15" name="Patient" context="Patient">
         <expression xsi:type="SingletonFrom">
            <operand locator="33:1-33:15" xmlns:ns0="urn:healthit-gov:qdm:v5_6" dataType="ns0:Patient" templateId="Patient" xsi:type="Retrieve"/>
         </expression>
      </def>
      <def localId="30" locator="35:1-36:51" name="SDE Ethnicity" context="Patient" accessLevel="Public">
         <annotation xsi:type="a:Annotation">
            <a:s r="30">
               <a:s>define &quot;SDE Ethnicity&quot;:
  </a:s>
               <a:s r="29">
                  <a:s>[&quot;Patient Characteristic Ethnicity&quot;: </a:s>
                  <a:s>
                     <a:s>&quot;Ethnicity&quot;</a:s>
                  </a:s>
                  <a:s>]</a:s>
               </a:s>
            </a:s>
         </annotation>
         <expression localId="29" locator="36:3-36:51" xmlns:ns1="urn:healthit-gov:qdm:v5_6" dataType="ns1:PatientCharacteristicEthnicity" codeProperty="code" codeComparator="in" xsi:type="Retrieve">
            <codes locator="36:40-36:50" name="Ethnicity" preserve="true" xsi:type="ValueSetRef"/>
         </expression>
      </def>
      <def localId="32" locator="38:1-39:48" name="SDE Payer" context="Patient" accessLevel="Public">
         <annotation xsi:type="a:Annotation">
            <a:s r="32">
               <a:s>define &quot;SDE Payer&quot;:
  </a:s>
               <a:s r="31">
                  <a:s>[&quot;Patient Characteristic Payer&quot;: </a:s>
                  <a:s>
                     <a:s>&quot;Payer Type&quot;</a:s>
                  </a:s>
                  <a:s>]</a:s>
               </a:s>
            </a:s>
         </annotation>
         <expression localId="31" locator="39:3-39:48" xmlns:ns2="urn:healthit-gov:qdm:v5_6" dataType="ns2:PatientCharacteristicPayer" codeProperty="code" codeComparator="in" xsi:type="Retrieve">
            <codes locator="39:36-39:47" name="Payer Type" preserve="true" xsi:type="ValueSetRef"/>
         </expression>
      </def>
      <def localId="34" locator="41:1-42:41" name="SDE Race" context="Patient" accessLevel="Public">
         <annotation xsi:type="a:Annotation">
            <a:s r="34">
               <a:s>define &quot;SDE Race&quot;:
  </a:s>
               <a:s r="33">
                  <a:s>[&quot;Patient Characteristic Race&quot;: </a:s>
                  <a:s>
                     <a:s>&quot;Race&quot;</a:s>
                  </a:s>
                  <a:s>]</a:s>
               </a:s>
            </a:s>
         </annotation>
         <expression localId="33" locator="42:3-42:41" xmlns:ns3="urn:healthit-gov:qdm:v5_6" dataType="ns3:PatientCharacteristicRace" codeProperty="code" codeComparator="in" xsi:type="Retrieve">
            <codes locator="42:35-42:40" name="Race" preserve="true" xsi:type="ValueSetRef"/>
         </expression>
      </def>
      <def localId="36" locator="44:1-45:58" name="SDE Sex" context="Patient" accessLevel="Public">
         <annotation xsi:type="a:Annotation">
            <a:s r="36">
               <a:s>define &quot;SDE Sex&quot;:
  </a:s>
               <a:s r="35">
                  <a:s>[&quot;Patient Characteristic Sex&quot;: </a:s>
                  <a:s>
                     <a:s>&quot;ONC Administrative Sex&quot;</a:s>
                  </a:s>
                  <a:s>]</a:s>
               </a:s>
            </a:s>
         </annotation>
         <expression localId="35" locator="45:3-45:58" xmlns:ns4="urn:healthit-gov:qdm:v5_6" dataType="ns4:PatientCharacteristicSex" codeProperty="code" codeComparator="in" xsi:type="Retrieve">
            <codes locator="45:34-45:57" name="ONC Administrative Sex" preserve="true" xsi:type="ValueSetRef"/>
         </expression>
      </def>
      <def localId="58" locator="73:1-75:131" name="Essential Hypertension Diagnosis" context="Patient" accessLevel="Public">
         <annotation xsi:type="a:Annotation">
            <a:s r="58">
               <a:s>define &quot;Essential Hypertension Diagnosis&quot;:
  </a:s>
               <a:s r="57">
                  <a:s>
                     <a:s r="46">
                        <a:s r="45">
                           <a:s r="45">
                              <a:s>[&quot;Diagnosis&quot;: </a:s>
                              <a:s>
                                 <a:s>&quot;Essential Hypertension&quot;</a:s>
                              </a:s>
                              <a:s>]</a:s>
                           </a:s>
                        </a:s>
                        <a:s> Hypertension</a:s>
                     </a:s>
                  </a:s>
                  <a:s>
    </a:s>
                  <a:s r="56">
                     <a:s>where </a:s>
                     <a:s r="56">
                        <a:s r="48">
                           <a:s r="47">
                              <a:s>Hypertension</a:s>
                           </a:s>
                           <a:s>.</a:s>
                           <a:s r="48">
                              <a:s>prevalencePeriod</a:s>
                           </a:s>
                        </a:s>
                        <a:s r="56"> overlaps </a:s>
                        <a:s r="55">
                           <a:s>Interval[</a:s>
                           <a:s r="50">
                              <a:s>start of </a:s>
                              <a:s r="49">
                                 <a:s>&quot;Measurement Period&quot;</a:s>
                              </a:s>
                           </a:s>
                           <a:s>, </a:s>
                           <a:s r="54">
                              <a:s r="52">
                                 <a:s>start of </a:s>
                                 <a:s r="51">
                                    <a:s>&quot;Measurement Period&quot;</a:s>
                                 </a:s>
                              </a:s>
                              <a:s> + </a:s>
                              <a:s r="53">
                                 <a:s>6 months</a:s>
                              </a:s>
                           </a:s>
                           <a:s> )</a:s>
                        </a:s>
                     </a:s>
                  </a:s>
               </a:s>
            </a:s>
         </annotation>
         <expression localId="57" locator="74:3-75:131" xsi:type="Query">
            <source localId="46" locator="74:3-74:54" alias="Hypertension">
               <expression localId="45" locator="74:3-74:41" xmlns:ns5="urn:healthit-gov:qdm:v5_6" dataType="ns5:Diagnosis" codeProperty="code" codeComparator="in" xsi:type="Retrieve">
                  <codes locator="74:17-74:40" name="Essential Hypertension" preserve="true" xsi:type="ValueSetRef"/>
               </expression>
            </source>
            <where localId="56" locator="75:5-75:131" xsi:type="Overlaps">
               <operand localId="48" locator="75:11-75:39" path="prevalencePeriod" scope="Hypertension" xsi:type="Property"/>
               <operand localId="55" locator="75:50-75:131" lowClosed="true" highClosed="false" xsi:type="Interval">
                  <low localId="50" locator="75:59-75:87" xsi:type="Start">
                     <operand localId="49" locator="75:68-75:87" name="Measurement Period" xsi:type="ParameterRef"/>
                  </low>
                  <high localId="54" locator="75:90-75:129" xsi:type="Add">
                     <operand localId="52" locator="75:90-75:118" xsi:type="Start">
                        <operand localId="51" locator="75:99-75:118" name="Measurement Period" xsi:type="ParameterRef"/>
                     </operand>
                     <operand localId="53" locator="75:122-75:129" value="6" unit="months" xsi:type="Quantity"/>
                  </high>
               </operand>
            </where>
         </expression>
      </def>
      <def localId="66" locator="121:1-126:64" name="Initial Population" context="Patient" accessLevel="Public">
         <annotation xsi:type="a:Annotation">
            <a:s r="66">
               <a:s>define &quot;Initial Population&quot;:
  </a:s>
               <a:s r="65">
                  <a:s r="61">
                     <a:s r="44">
                        <a:s r="40">
                           <a:s>AgeInYearsAt(</a:s>
                           <a:s r="39">
                              <a:s>date from 
    </a:s>
                              <a:s r="38">
                                 <a:s>end of </a:s>
                                 <a:s r="37">
                                    <a:s>&quot;Measurement Period&quot;</a:s>
                                 </a:s>
                              </a:s>
                           </a:s>
                           <a:s>
  )</a:s>
                        </a:s>
                        <a:s> in </a:s>
                        <a:s r="43">
                           <a:s r="41">Interval[18, 85]</a:s>
                        </a:s>
                     </a:s>
                     <a:s>
    and </a:s>
                     <a:s r="60">
                        <a:s>exists </a:s>
                        <a:s r="59">
                           <a:s>&quot;Essential Hypertension Diagnosis&quot;</a:s>
                        </a:s>
                     </a:s>
                  </a:s>
                  <a:s>
    and </a:s>
                  <a:s r="64">
                     <a:s>exists </a:s>
                     <a:s r="63">
                        <a:s r="62">
                           <a:s>AdultOutpatientEncounters</a:s>
                        </a:s>
                        <a:s>.</a:s>
                        <a:s r="63">
                           <a:s>&quot;Qualifying Encounters&quot;</a:s>
                        </a:s>
                     </a:s>
                  </a:s>
               </a:s>
            </a:s>
         </annotation>
         <expression localId="65" locator="122:3-126:64" xsi:type="And">
            <operand localId="61" locator="122:3-125:49" xsi:type="And">
               <operand localId="44" locator="122:3-124:23" xsi:type="In">
                  <operand localId="40" locator="122:3-124:3" precision="Year" xsi:type="CalculateAgeAt">
                     <operand xsi:type="ToDate">
                        <operand path="birthDatetime" xsi:type="Property">
                           <source name="Patient" xsi:type="ExpressionRef"/>
                        </operand>
                     </operand>
                     <operand localId="39" locator="122:16-123:31" xsi:type="DateFrom">
                        <operand localId="38" locator="123:5-123:31" xsi:type="End">
                           <operand localId="37" locator="123:12-123:31" name="Measurement Period" xsi:type="ParameterRef"/>
                        </operand>
                     </operand>
                  </operand>
                  <operand localId="43" locator="124:8-124:23" lowClosed="true" highClosed="true" xsi:type="Interval">
                     <low localId="41" locator="124:17-124:18" valueType="t:Integer" value="18" xsi:type="Literal"/>
                     <high localId="42" locator="124:21-124:22" valueType="t:Integer" value="85" xsi:type="Literal"/>
                  </operand>
               </operand>
               <operand localId="60" locator="125:9-125:49" xsi:type="Exists">
                  <operand localId="59" locator="125:16-125:49" name="Essential Hypertension Diagnosis" xsi:type="ExpressionRef"/>
               </operand>
            </operand>
            <operand localId="64" locator="126:9-126:64" xsi:type="Exists">
               <operand localId="63" locator="126:16-126:64" name="Qualifying Encounters" libraryName="AdultOutpatientEncounters" xsi:type="ExpressionRef"/>
            </operand>
         </expression>
      </def>
      <def localId="68" locator="47:1-48:22" name="Denominator" context="Patient" accessLevel="Public">
         <annotation xsi:type="a:Annotation">
            <a:s r="68">
               <a:s>define &quot;Denominator&quot;:
  </a:s>
               <a:s r="67">
                  <a:s>&quot;Initial Population&quot;</a:s>
               </a:s>
            </a:s>
         </annotation>
         <expression localId="67" locator="48:3-48:22" name="Initial Population" xsi:type="ExpressionRef"/>
      </def>
      <def localId="100" locator="105:1-111:123" name="Qualifying Diastolic Blood Pressure Reading" context="Patient" accessLevel="Public">
         <annotation xsi:type="a:Annotation">
            <a:s r="100">
               <a:s>define &quot;Qualifying Diastolic Blood Pressure Reading&quot;:
  </a:s>
               <a:s r="99">
                  <a:s>
                     <a:s r="70">
                        <a:s r="69">
                           <a:s r="69">
                              <a:s>[&quot;Physical Exam, Performed&quot;: </a:s>
                              <a:s>
                                 <a:s>&quot;Diastolic blood pressure&quot;</a:s>
                              </a:s>
                              <a:s>]</a:s>
                           </a:s>
                        </a:s>
                        <a:s> DiastolicBP</a:s>
                     </a:s>
                  </a:s>
                  <a:s>
    </a:s>
                  <a:s r="84">
                     <a:s>without </a:s>
                     <a:s r="74">
                        <a:s r="73">
                           <a:s>( </a:s>
                           <a:s r="73">
                              <a:s r="71">
                                 <a:s>[&quot;Encounter, Performed&quot;: </a:s>
                                 <a:s>
                                    <a:s>&quot;Encounter Inpatient&quot;</a:s>
                                 </a:s>
                                 <a:s>]</a:s>
                              </a:s>
                              <a:s>
      union </a:s>
                              <a:s r="72">
                                 <a:s>[&quot;Encounter, Performed&quot;: </a:s>
                                 <a:s>
                                    <a:s>&quot;Emergency Department Evaluation and Management Visit&quot;</a:s>
                                 </a:s>
                                 <a:s>]</a:s>
                              </a:s>
                           </a:s>
                           <a:s> )</a:s>
                        </a:s>
                        <a:s> DisqualifyingEncounter</a:s>
                     </a:s>
                     <a:s>
      such that </a:s>
                     <a:s r="83">
                        <a:s r="80">
                           <a:s r="75">
                              <a:s>Global</a:s>
                           </a:s>
                           <a:s>.</a:s>
                           <a:s r="80">
                              <a:s>&quot;LatestOf&quot; ( </a:s>
                              <a:s r="77">
                                 <a:s r="76">
                                    <a:s>DiastolicBP</a:s>
                                 </a:s>
                                 <a:s>.</a:s>
                                 <a:s r="77">
                                    <a:s>relevantDatetime</a:s>
                                 </a:s>
                              </a:s>
                              <a:s>, </a:s>
                              <a:s r="79">
                                 <a:s r="78">
                                    <a:s>DiastolicBP</a:s>
                                 </a:s>
                                 <a:s>.</a:s>
                                 <a:s r="79">
                                    <a:s>relevantPeriod</a:s>
                                 </a:s>
                              </a:s>
                              <a:s> )</a:s>
                           </a:s>
                        </a:s>
                        <a:s r="83"> during day of </a:s>
                        <a:s r="82">
                           <a:s r="81">
                              <a:s>DisqualifyingEncounter</a:s>
                           </a:s>
                           <a:s>.</a:s>
                           <a:s r="82">
                              <a:s>relevantPeriod</a:s>
                           </a:s>
                        </a:s>
                     </a:s>
                  </a:s>
                  <a:s>
    </a:s>
                  <a:s r="98">
                     <a:s>where </a:s>
                     <a:s r="98">
                        <a:s r="89">
                           <a:s r="87">
                              <a:s r="86">
                                 <a:s r="85">
                                    <a:s>DiastolicBP</a:s>
                                 </a:s>
                                 <a:s>.</a:s>
                                 <a:s r="86">
                                    <a:s>result</a:s>
                                 </a:s>
                              </a:s>
                              <a:s>.</a:s>
                              <a:s r="87">
                                 <a:s>unit</a:s>
                              </a:s>
                           </a:s>
                           <a:s> = </a:s>
                           <a:s r="88">
                              <a:s>'mm[Hg]'</a:s>
                           </a:s>
                        </a:s>
                        <a:s>
      and </a:s>
                        <a:s r="97">
                           <a:s r="95">
                              <a:s r="90">
                                 <a:s>Global</a:s>
                              </a:s>
                              <a:s>.</a:s>
                              <a:s r="95">
                                 <a:s>&quot;LatestOf&quot; ( </a:s>
                                 <a:s r="92">
                                    <a:s r="91">
                                       <a:s>DiastolicBP</a:s>
                                    </a:s>
                                    <a:s>.</a:s>
                                    <a:s r="92">
                                       <a:s>relevantDatetime</a:s>
                                    </a:s>
                                 </a:s>
                                 <a:s>, </a:s>
                                 <a:s r="94">
                                    <a:s r="93">
                                       <a:s>DiastolicBP</a:s>
                                    </a:s>
                                    <a:s>.</a:s>
                                    <a:s r="94">
                                       <a:s>relevantPeriod</a:s>
                                    </a:s>
                                 </a:s>
                                 <a:s> )</a:s>
                              </a:s>
                           </a:s>
                           <a:s r="97"> during day of </a:s>
                           <a:s r="96">
                              <a:s>&quot;Measurement Period&quot;</a:s>
                           </a:s>
                        </a:s>
                     </a:s>
                  </a:s>
               </a:s>
            </a:s>
         </annotation>
         <expression localId="99" locator="106:3-111:123" xsi:type="Query">
            <source localId="70" locator="106:3-106:70" alias="DiastolicBP">
               <expression localId="69" locator="106:3-106:58" xmlns:ns6="urn:healthit-gov:qdm:v5_6" dataType="ns6:PositivePhysicalExamPerformed" templateId="PositivePhysicalExamPerformed" codeProperty="code" codeComparator="~" xsi:type="Retrieve">
                  <codes xsi:type="ToList">
                     <operand locator="106:32-106:57" name="Diastolic blood pressure" xsi:type="CodeRef"/>
                  </codes>
               </expression>
            </source>
            <relationship localId="84" locator="107:5-109:146" alias="DisqualifyingEncounter" xsi:type="Without">
               <expression localId="73" locator="107:13-108:94" xsi:type="Union">
                  <operand localId="71" locator="107:15-107:61" xmlns:ns7="urn:healthit-gov:qdm:v5_6" dataType="ns7:PositiveEncounterPerformed" templateId="PositiveEncounterPerformed" codeProperty="code" codeComparator="in" xsi:type="Retrieve">
                     <codes locator="107:40-107:60" name="Encounter Inpatient" preserve="true" xsi:type="ValueSetRef"/>
                  </operand>
                  <operand localId="72" locator="108:13-108:92" xmlns:ns8="urn:healthit-gov:qdm:v5_6" dataType="ns8:PositiveEncounterPerformed" templateId="PositiveEncounterPerformed" codeProperty="code" codeComparator="in" xsi:type="Retrieve">
                     <codes locator="108:38-108:91" name="Emergency Department Evaluation and Management Visit" preserve="true" xsi:type="ValueSetRef"/>
                  </operand>
               </expression>
               <suchThat localId="83" locator="109:17-109:146" precision="Day" xsi:type="In">
                  <operand localId="80" locator="109:17-109:94" name="LatestOf" libraryName="Global" xsi:type="FunctionRef">
                     <operand localId="77" locator="109:37-109:64" path="relevantDatetime" scope="DiastolicBP" xsi:type="Property"/>
                     <operand localId="79" locator="109:67-109:92" path="relevantPeriod" scope="DiastolicBP" xsi:type="Property"/>
                  </operand>
                  <operand localId="82" locator="109:110-109:146" path="relevantPeriod" scope="DisqualifyingEncounter" xsi:type="Property"/>
               </suchThat>
            </relationship>
            <where localId="98" locator="110:5-111:123" xsi:type="And">
               <operand localId="89" locator="110:11-110:44" xsi:type="Equal">
                  <operand localId="87" locator="110:11-110:33" path="unit" xsi:type="Property">
                     <source localId="86" locator="110:11-110:28" path="result" scope="DiastolicBP" xsi:type="Property"/>
                  </operand>
                  <operand localId="88" locator="110:37-110:44" valueType="t:String" value="mm[Hg]" xsi:type="Literal"/>
               </operand>
               <operand localId="97" locator="111:11-111:123" precision="Day" xsi:type="In">
                  <operand localId="95" locator="111:11-111:88" name="LatestOf" libraryName="Global" xsi:type="FunctionRef">
                     <operand localId="92" locator="111:31-111:58" path="relevantDatetime" scope="DiastolicBP" xsi:type="Property"/>
                     <operand localId="94" locator="111:61-111:86" path="relevantPeriod" scope="DiastolicBP" xsi:type="Property"/>
                  </operand>
                  <operand localId="96" locator="111:104-111:123" name="Measurement Period" xsi:type="ParameterRef"/>
               </operand>
            </where>
         </expression>
      </def>
      <def localId="151" locator="113:1-119:121" name="Qualifying Systolic Blood Pressure Reading" context="Patient" accessLevel="Public">
         <annotation xsi:type="a:Annotation">
            <a:s r="151">
               <a:s>define &quot;Qualifying Systolic Blood Pressure Reading&quot;:
  </a:s>
               <a:s r="150">
                  <a:s>
                     <a:s r="121">
                        <a:s r="120">
                           <a:s r="120">
                              <a:s>[&quot;Physical Exam, Performed&quot;: </a:s>
                              <a:s>
                                 <a:s>&quot;Systolic blood pressure&quot;</a:s>
                              </a:s>
                              <a:s>]</a:s>
                           </a:s>
                        </a:s>
                        <a:s> SystolicBP</a:s>
                     </a:s>
                  </a:s>
                  <a:s>
    </a:s>
                  <a:s r="135">
                     <a:s>without </a:s>
                     <a:s r="125">
                        <a:s r="124">
                           <a:s>( </a:s>
                           <a:s r="124">
                              <a:s r="122">
                                 <a:s>[&quot;Encounter, Performed&quot;: </a:s>
                                 <a:s>
                                    <a:s>&quot;Encounter Inpatient&quot;</a:s>
                                 </a:s>
                                 <a:s>]</a:s>
                              </a:s>
                              <a:s>
      union </a:s>
                              <a:s r="123">
                                 <a:s>[&quot;Encounter, Performed&quot;: </a:s>
                                 <a:s>
                                    <a:s>&quot;Emergency Department Evaluation and Management Visit&quot;</a:s>
                                 </a:s>
                                 <a:s>]</a:s>
                              </a:s>
                           </a:s>
                           <a:s> )</a:s>
                        </a:s>
                        <a:s> DisqualifyingEncounter</a:s>
                     </a:s>
                     <a:s>
      such that </a:s>
                     <a:s r="134">
                        <a:s r="131">
                           <a:s r="126">
                              <a:s>Global</a:s>
                           </a:s>
                           <a:s>.</a:s>
                           <a:s r="131">
                              <a:s>&quot;LatestOf&quot; ( </a:s>
                              <a:s r="128">
                                 <a:s r="127">
                                    <a:s>SystolicBP</a:s>
                                 </a:s>
                                 <a:s>.</a:s>
                                 <a:s r="128">
                                    <a:s>relevantDatetime</a:s>
                                 </a:s>
                              </a:s>
                              <a:s>, </a:s>
                              <a:s r="130">
                                 <a:s r="129">
                                    <a:s>SystolicBP</a:s>
                                 </a:s>
                                 <a:s>.</a:s>
                                 <a:s r="130">
                                    <a:s>relevantPeriod</a:s>
                                 </a:s>
                              </a:s>
                              <a:s> )</a:s>
                           </a:s>
                        </a:s>
                        <a:s r="134"> during day of </a:s>
                        <a:s r="133">
                           <a:s r="132">
                              <a:s>DisqualifyingEncounter</a:s>
                           </a:s>
                           <a:s>.</a:s>
                           <a:s r="133">
                              <a:s>relevantPeriod</a:s>
                           </a:s>
                        </a:s>
                     </a:s>
                  </a:s>
                  <a:s>
    </a:s>
                  <a:s r="149">
                     <a:s>where </a:s>
                     <a:s r="149">
                        <a:s r="140">
                           <a:s r="138">
                              <a:s r="137">
                                 <a:s r="136">
                                    <a:s>SystolicBP</a:s>
                                 </a:s>
                                 <a:s>.</a:s>
                                 <a:s r="137">
                                    <a:s>result</a:s>
                                 </a:s>
                              </a:s>
                              <a:s>.</a:s>
                              <a:s r="138">
                                 <a:s>unit</a:s>
                              </a:s>
                           </a:s>
                           <a:s> = </a:s>
                           <a:s r="139">
                              <a:s>'mm[Hg]'</a:s>
                           </a:s>
                        </a:s>
                        <a:s>
      and </a:s>
                        <a:s r="148">
                           <a:s r="146">
                              <a:s r="141">
                                 <a:s>Global</a:s>
                              </a:s>
                              <a:s>.</a:s>
                              <a:s r="146">
                                 <a:s>&quot;LatestOf&quot; ( </a:s>
                                 <a:s r="143">
                                    <a:s r="142">
                                       <a:s>SystolicBP</a:s>
                                    </a:s>
                                    <a:s>.</a:s>
                                    <a:s r="143">
                                       <a:s>relevantDatetime</a:s>
                                    </a:s>
                                 </a:s>
                                 <a:s>, </a:s>
                                 <a:s r="145">
                                    <a:s r="144">
                                       <a:s>SystolicBP</a:s>
                                    </a:s>
                                    <a:s>.</a:s>
                                    <a:s r="145">
                                       <a:s>relevantPeriod</a:s>
                                    </a:s>
                                 </a:s>
                                 <a:s> )</a:s>
                              </a:s>
                           </a:s>
                           <a:s r="148"> during day of </a:s>
                           <a:s r="147">
                              <a:s>&quot;Measurement Period&quot;</a:s>
                           </a:s>
                        </a:s>
                     </a:s>
                  </a:s>
               </a:s>
            </a:s>
         </annotation>
         <expression localId="150" locator="114:3-119:121" xsi:type="Query">
            <source localId="121" locator="114:3-114:68" alias="SystolicBP">
               <expression localId="120" locator="114:3-114:57" xmlns:ns9="urn:healthit-gov:qdm:v5_6" dataType="ns9:PositivePhysicalExamPerformed" templateId="PositivePhysicalExamPerformed" codeProperty="code" codeComparator="~" xsi:type="Retrieve">
                  <codes xsi:type="ToList">
                     <operand locator="114:32-114:56" name="Systolic blood pressure" xsi:type="CodeRef"/>
                  </codes>
               </expression>
            </source>
            <relationship localId="135" locator="115:5-117:144" alias="DisqualifyingEncounter" xsi:type="Without">
               <expression localId="124" locator="115:13-116:94" xsi:type="Union">
                  <operand localId="122" locator="115:15-115:61" xmlns:ns10="urn:healthit-gov:qdm:v5_6" dataType="ns10:PositiveEncounterPerformed" templateId="PositiveEncounterPerformed" codeProperty="code" codeComparator="in" xsi:type="Retrieve">
                     <codes locator="115:40-115:60" name="Encounter Inpatient" preserve="true" xsi:type="ValueSetRef"/>
                  </operand>
                  <operand localId="123" locator="116:13-116:92" xmlns:ns11="urn:healthit-gov:qdm:v5_6" dataType="ns11:PositiveEncounterPerformed" templateId="PositiveEncounterPerformed" codeProperty="code" codeComparator="in" xsi:type="Retrieve">
                     <codes locator="116:38-116:91" name="Emergency Department Evaluation and Management Visit" preserve="true" xsi:type="ValueSetRef"/>
                  </operand>
               </expression>
               <suchThat localId="134" locator="117:17-117:144" precision="Day" xsi:type="In">
                  <operand localId="131" locator="117:17-117:92" name="LatestOf" libraryName="Global" xsi:type="FunctionRef">
                     <operand localId="128" locator="117:37-117:63" path="relevantDatetime" scope="SystolicBP" xsi:type="Property"/>
                     <operand localId="130" locator="117:66-117:90" path="relevantPeriod" scope="SystolicBP" xsi:type="Property"/>
                  </operand>
                  <operand localId="133" locator="117:108-117:144" path="relevantPeriod" scope="DisqualifyingEncounter" xsi:type="Property"/>
               </suchThat>
            </relationship>
            <where localId="149" locator="118:5-119:121" xsi:type="And">
               <operand localId="140" locator="118:11-118:43" xsi:type="Equal">
                  <operand localId="138" locator="118:11-118:32" path="unit" xsi:type="Property">
                     <source localId="137" locator="118:11-118:27" path="result" scope="SystolicBP" xsi:type="Property"/>
                  </operand>
                  <operand localId="139" locator="118:36-118:43" valueType="t:String" value="mm[Hg]" xsi:type="Literal"/>
               </operand>
               <operand localId="148" locator="119:11-119:121" precision="Day" xsi:type="In">
                  <operand localId="146" locator="119:11-119:86" name="LatestOf" libraryName="Global" xsi:type="FunctionRef">
                     <operand localId="143" locator="119:31-119:57" path="relevantDatetime" scope="SystolicBP" xsi:type="Property"/>
                     <operand localId="145" locator="119:60-119:84" path="relevantPeriod" scope="SystolicBP" xsi:type="Property"/>
                  </operand>
                  <operand localId="147" locator="119:102-119:121" name="Measurement Period" xsi:type="ParameterRef"/>
               </operand>
            </where>
         </expression>
      </def>
      <def localId="164" locator="65:1-71:5" name="Blood Pressure Days" context="Patient" accessLevel="Public">
         <annotation xsi:type="a:Annotation">
            <a:s r="164">
               <a:s>define &quot;Blood Pressure Days&quot;:
  </a:s>
               <a:s r="163">
                  <a:s r="119">
                     <a:s>( </a:s>
                     <a:s r="119">
                        <a:s>
                           <a:s r="110">
                              <a:s r="109">
                                 <a:s>
                                    <a:s>&quot;Qualifying Diastolic Blood Pressure Reading&quot;</a:s>
                                 </a:s>
                              </a:s>
                              <a:s> DBPExam</a:s>
                           </a:s>
                        </a:s>
                        <a:s>
      </a:s>
                        <a:s r="118">
                           <a:s>return </a:s>
                           <a:s r="117">
                              <a:s>date from </a:s>
                              <a:s r="116">
                                 <a:s r="111">
                                    <a:s>Global</a:s>
                                 </a:s>
                                 <a:s>.</a:s>
                                 <a:s r="116">
                                    <a:s>&quot;LatestOf&quot; ( </a:s>
                                    <a:s r="113">
                                       <a:s r="112">
                                          <a:s>DBPExam</a:s>
                                       </a:s>
                                       <a:s>.</a:s>
                                       <a:s r="113">
                                          <a:s>relevantDatetime</a:s>
                                       </a:s>
                                    </a:s>
                                    <a:s>, </a:s>
                                    <a:s r="115">
                                       <a:s r="114">
                                          <a:s>DBPExam</a:s>
                                       </a:s>
                                       <a:s>.</a:s>
                                       <a:s r="115">
                                          <a:s>relevantPeriod</a:s>
                                       </a:s>
                                    </a:s>
                                    <a:s> )</a:s>
                                 </a:s>
                              </a:s>
                           </a:s>
                        </a:s>
                     </a:s>
                     <a:s>
  )</a:s>
                  </a:s>
                  <a:s>
    intersect </a:s>
                  <a:s r="162">
                     <a:s>( </a:s>
                     <a:s r="162">
                        <a:s>
                           <a:s r="153">
                              <a:s r="152">
                                 <a:s>
                                    <a:s>&quot;Qualifying Systolic Blood Pressure Reading&quot;</a:s>
                                 </a:s>
                              </a:s>
                              <a:s> SBPExam</a:s>
                           </a:s>
                        </a:s>
                        <a:s>
        </a:s>
                        <a:s r="161">
                           <a:s>return </a:s>
                           <a:s r="160">
                              <a:s>date from </a:s>
                              <a:s r="159">
                                 <a:s r="154">
                                    <a:s>Global</a:s>
                                 </a:s>
                                 <a:s>.</a:s>
                                 <a:s r="159">
                                    <a:s>&quot;LatestOf&quot; ( </a:s>
                                    <a:s r="156">
                                       <a:s r="155">
                                          <a:s>SBPExam</a:s>
                                       </a:s>
                                       <a:s>.</a:s>
                                       <a:s r="156">
                                          <a:s>relevantDatetime</a:s>
                                       </a:s>
                                    </a:s>
                                    <a:s>, </a:s>
                                    <a:s r="158">
                                       <a:s r="157">
                                          <a:s>SBPExam</a:s>
                                       </a:s>
                                       <a:s>.</a:s>
                                       <a:s r="158">
                                          <a:s>relevantPeriod</a:s>
                                       </a:s>
                                    </a:s>
                                    <a:s> )</a:s>
                                 </a:s>
                              </a:s>
                           </a:s>
                        </a:s>
                     </a:s>
                     <a:s>
    )</a:s>
                  </a:s>
               </a:s>
            </a:s>
         </annotation>
         <expression localId="163" locator="66:3-71:5" xsi:type="Intersect">
            <operand localId="119" locator="66:3-68:3" xsi:type="Query">
               <source localId="110" locator="66:5-66:57" alias="DBPExam">
                  <expression localId="109" locator="66:5-66:49" name="Qualifying Diastolic Blood Pressure Reading" xsi:type="ExpressionRef"/>
               </source>
               <return localId="118" locator="67:7-67:93">
                  <expression localId="117" locator="67:14-67:93" xsi:type="DateFrom">
                     <operand localId="116" locator="67:24-67:93" name="LatestOf" libraryName="Global" xsi:type="FunctionRef">
                        <operand localId="113" locator="67:44-67:67" path="relevantDatetime" scope="DBPExam" xsi:type="Property"/>
                        <operand localId="115" locator="67:70-67:91" path="relevantPeriod" scope="DBPExam" xsi:type="Property"/>
                     </operand>
                  </expression>
               </return>
            </operand>
            <operand localId="162" locator="69:15-71:5" xsi:type="Query">
               <source localId="153" locator="69:17-69:68" alias="SBPExam">
                  <expression localId="152" locator="69:17-69:60" name="Qualifying Systolic Blood Pressure Reading" xsi:type="ExpressionRef"/>
               </source>
               <return localId="161" locator="70:9-70:95">
                  <expression localId="160" locator="70:16-70:95" xsi:type="DateFrom">
                     <operand localId="159" locator="70:26-70:95" name="LatestOf" libraryName="Global" xsi:type="FunctionRef">
                        <operand localId="156" locator="70:46-70:69" path="relevantDatetime" scope="SBPExam" xsi:type="Property"/>
                        <operand localId="158" locator="70:72-70:93" path="relevantPeriod" scope="SBPExam" xsi:type="Property"/>
                     </operand>
                  </expression>
               </return>
            </operand>
         </expression>
      </def>
      <def localId="170" locator="89:1-92:3" name="Most Recent Blood Pressure Day" context="Patient" accessLevel="Public">
         <annotation xsi:type="a:Annotation">
            <a:s r="170">
               <a:s>define &quot;Most Recent Blood Pressure Day&quot;:
  </a:s>
               <a:s r="169">
                  <a:s>Last(</a:s>
                  <a:s r="168">
                     <a:s>
                        <a:s r="166">
                           <a:s r="165">
                              <a:s>
                                 <a:s>&quot;Blood Pressure Days&quot;</a:s>
                              </a:s>
                           </a:s>
                           <a:s> BPDays</a:s>
                        </a:s>
                     </a:s>
                     <a:s r="167">
      sort asc</a:s>
                  </a:s>
                  <a:s>
  )</a:s>
               </a:s>
            </a:s>
         </annotation>
         <expression localId="169" locator="90:3-92:3" xsi:type="Last">
            <source localId="168" locator="90:8-91:14" xsi:type="Query">
               <source localId="166" locator="90:8-90:35" alias="BPDays">
                  <expression localId="165" locator="90:8-90:28" name="Blood Pressure Days" xsi:type="ExpressionRef"/>
               </source>
               <sort localId="167" locator="91:7-91:14">
                  <by direction="asc" xsi:type="ByDirection"/>
               </sort>
            </source>
         </expression>
      </def>
      <def localId="180" locator="83:1-87:3" name="Lowest Diastolic Reading on Most Recent Blood Pressure Day" context="Patient" accessLevel="Public">
         <annotation xsi:type="a:Annotation">
            <a:s r="180">
               <a:s>define &quot;Lowest Diastolic Reading on Most Recent Blood Pressure Day&quot;:
  </a:s>
               <a:s r="179">
                  <a:s>First(</a:s>
                  <a:s r="178">
                     <a:s>
                        <a:s r="102">
                           <a:s r="101">
                              <a:s>
                                 <a:s>&quot;Qualifying Diastolic Blood Pressure Reading&quot;</a:s>
                              </a:s>
                           </a:s>
                           <a:s> DBPReading</a:s>
                        </a:s>
                     </a:s>
                     <a:s>
      </a:s>
                     <a:s r="172">
                        <a:s>where </a:s>
                        <a:s r="172">
                           <a:s r="108">
                              <a:s r="103">
                                 <a:s>Global</a:s>
                              </a:s>
                              <a:s>.</a:s>
                              <a:s r="108">
                                 <a:s>&quot;LatestOf&quot;(</a:s>
                                 <a:s r="105">
                                    <a:s r="104">
                                       <a:s>DBPReading</a:s>
                                    </a:s>
                                    <a:s>.</a:s>
                                    <a:s r="105">
                                       <a:s>relevantDatetime</a:s>
                                    </a:s>
                                 </a:s>
                                 <a:s>, </a:s>
                                 <a:s r="107">
                                    <a:s r="106">
                                       <a:s>DBPReading</a:s>
                                    </a:s>
                                    <a:s>.</a:s>
                                    <a:s r="107">
                                       <a:s>relevantPeriod</a:s>
                                    </a:s>
                                 </a:s>
                                 <a:s>)</a:s>
                              </a:s>
                           </a:s>
                           <a:s r="172"> same day as </a:s>
                           <a:s r="171">
                              <a:s>&quot;Most Recent Blood Pressure Day&quot;</a:s>
                           </a:s>
                        </a:s>
                     </a:s>
                     <a:s>
      </a:s>
                     <a:s r="177">
                        <a:s>sort by</a:s>
                        <a:s r="176">
                           <a:s r="175">
                              <a:s>(</a:s>
                              <a:s r="175">
                                 <a:s r="173">
                                    <a:s>result</a:s>
                                 </a:s>
                                 <a:s> as </a:s>
                                 <a:s r="174">
                                    <a:s>Quantity</a:s>
                                 </a:s>
                              </a:s>
                              <a:s>)</a:s>
                           </a:s>
                        </a:s>
                     </a:s>
                  </a:s>
                  <a:s>
  )</a:s>
               </a:s>
            </a:s>
         </annotation>
         <expression localId="179" locator="84:3-87:3" xsi:type="First">
            <source localId="178" locator="84:9-86:33" xsi:type="Query">
               <source localId="102" locator="84:9-84:64" alias="DBPReading">
                  <expression localId="101" locator="84:9-84:53" name="Qualifying Diastolic Blood Pressure Reading" xsi:type="ExpressionRef"/>
               </source>
               <where localId="172" locator="85:7-85:130" precision="Day" xsi:type="SameAs">
                  <operand localId="108" locator="85:13-85:85" name="LatestOf" libraryName="Global" xsi:type="FunctionRef">
                     <operand localId="105" locator="85:31-85:57" path="relevantDatetime" scope="DBPReading" xsi:type="Property"/>
                     <operand localId="107" locator="85:60-85:84" path="relevantPeriod" scope="DBPReading" xsi:type="Property"/>
                  </operand>
                  <operand xsi:type="ToDateTime">
                     <operand localId="171" locator="85:99-85:130" name="Most Recent Blood Pressure Day" xsi:type="ExpressionRef"/>
                  </operand>
               </where>
               <sort localId="177" locator="86:7-86:33">
                  <by localId="176" locator="86:14-86:33" direction="asc" xsi:type="ByExpression">
                     <expression localId="175" locator="86:14-86:33" strict="false" xsi:type="As">
                        <operand localId="173" locator="86:15-86:20" name="result" xsi:type="IdentifierRef"/>
                        <asTypeSpecifier localId="174" locator="86:25-86:32" name="t:Quantity" xsi:type="NamedTypeSpecifier"/>
                     </expression>
                  </by>
               </sort>
            </source>
         </expression>
      </def>
      <def localId="185" locator="50:1-51:83" name="Has Diastolic Blood Pressure Less Than 90" context="Patient" accessLevel="Public">
         <annotation xsi:type="a:Annotation">
            <a:s r="185">
               <a:s>define &quot;Has Diastolic Blood Pressure Less Than 90&quot;:
  </a:s>
               <a:s r="184">
                  <a:s r="182">
                     <a:s r="181">
                        <a:s>&quot;Lowest Diastolic Reading on Most Recent Blood Pressure Day&quot;</a:s>
                     </a:s>
                     <a:s>.</a:s>
                     <a:s r="182">
                        <a:s>result</a:s>
                     </a:s>
                  </a:s>
                  <a:s> &lt; </a:s>
                  <a:s r="183">
                     <a:s>90 'mm[Hg]'</a:s>
                  </a:s>
               </a:s>
            </a:s>
         </annotation>
         <expression localId="184" locator="51:3-51:83" xsi:type="Less">
            <operand asType="t:Quantity" xsi:type="As">
               <operand localId="182" locator="51:3-51:69" path="result" xsi:type="Property">
                  <source localId="181" locator="51:3-51:62" name="Lowest Diastolic Reading on Most Recent Blood Pressure Day" xsi:type="ExpressionRef"/>
               </operand>
            </operand>
            <operand localId="183" locator="51:73-51:83" value="90" unit="mm[Hg]" xsi:type="Quantity"/>
         </expression>
      </def>
      <def localId="203" locator="77:1-81:3" name="Lowest Systolic Reading on Most Recent Blood Pressure Day" context="Patient" accessLevel="Public">
         <annotation xsi:type="a:Annotation">
            <a:s r="203">
               <a:s>define &quot;Lowest Systolic Reading on Most Recent Blood Pressure Day&quot;:
  </a:s>
               <a:s r="202">
                  <a:s>First(</a:s>
                  <a:s r="201">
                     <a:s>
                        <a:s r="187">
                           <a:s r="186">
                              <a:s>
                                 <a:s>&quot;Qualifying Systolic Blood Pressure Reading&quot;</a:s>
                              </a:s>
                           </a:s>
                           <a:s> SBPReading</a:s>
                        </a:s>
                     </a:s>
                     <a:s>
      </a:s>
                     <a:s r="195">
                        <a:s>where </a:s>
                        <a:s r="195">
                           <a:s r="193">
                              <a:s r="188">
                                 <a:s>Global</a:s>
                              </a:s>
                              <a:s>.</a:s>
                              <a:s r="193">
                                 <a:s>&quot;LatestOf&quot;(</a:s>
                                 <a:s r="190">
                                    <a:s r="189">
                                       <a:s>SBPReading</a:s>
                                    </a:s>
                                    <a:s>.</a:s>
                                    <a:s r="190">
                                       <a:s>relevantDatetime</a:s>
                                    </a:s>
                                 </a:s>
                                 <a:s>, </a:s>
                                 <a:s r="192">
                                    <a:s r="191">
                                       <a:s>SBPReading</a:s>
                                    </a:s>
                                    <a:s>.</a:s>
                                    <a:s r="192">
                                       <a:s>relevantPeriod</a:s>
                                    </a:s>
                                 </a:s>
                                 <a:s>)</a:s>
                              </a:s>
                           </a:s>
                           <a:s r="195"> same day as </a:s>
                           <a:s r="194">
                              <a:s>&quot;Most Recent Blood Pressure Day&quot;</a:s>
                           </a:s>
                        </a:s>
                     </a:s>
                     <a:s>
      </a:s>
                     <a:s r="200">
                        <a:s>sort by</a:s>
                        <a:s r="199">
                           <a:s r="198">
                              <a:s>(</a:s>
                              <a:s r="198">
                                 <a:s r="196">
                                    <a:s>result</a:s>
                                 </a:s>
                                 <a:s> as </a:s>
                                 <a:s r="197">
                                    <a:s>Quantity</a:s>
                                 </a:s>
                              </a:s>
                              <a:s>)</a:s>
                           </a:s>
                        </a:s>
                     </a:s>
                  </a:s>
                  <a:s>
  )</a:s>
               </a:s>
            </a:s>
         </annotation>
         <expression localId="202" locator="78:3-81:3" xsi:type="First">
            <source localId="201" locator="78:9-80:33" xsi:type="Query">
               <source localId="187" locator="78:9-78:63" alias="SBPReading">
                  <expression localId="186" locator="78:9-78:52" name="Qualifying Systolic Blood Pressure Reading" xsi:type="ExpressionRef"/>
               </source>
               <where localId="195" locator="79:7-79:130" precision="Day" xsi:type="SameAs">
                  <operand localId="193" locator="79:13-79:85" name="LatestOf" libraryName="Global" xsi:type="FunctionRef">
                     <operand localId="190" locator="79:31-79:57" path="relevantDatetime" scope="SBPReading" xsi:type="Property"/>
                     <operand localId="192" locator="79:60-79:84" path="relevantPeriod" scope="SBPReading" xsi:type="Property"/>
                  </operand>
                  <operand xsi:type="ToDateTime">
                     <operand localId="194" locator="79:99-79:130" name="Most Recent Blood Pressure Day" xsi:type="ExpressionRef"/>
                  </operand>
               </where>
               <sort localId="200" locator="80:7-80:33">
                  <by localId="199" locator="80:14-80:33" direction="asc" xsi:type="ByExpression">
                     <expression localId="198" locator="80:14-80:33" strict="false" xsi:type="As">
                        <operand localId="196" locator="80:15-80:20" name="result" xsi:type="IdentifierRef"/>
                        <asTypeSpecifier localId="197" locator="80:25-80:32" name="t:Quantity" xsi:type="NamedTypeSpecifier"/>
                     </expression>
                  </by>
               </sort>
            </source>
         </expression>
      </def>
      <def localId="208" locator="53:1-54:83" name="Has Systolic Blood Pressure Less Than 140" context="Patient" accessLevel="Public">
         <annotation xsi:type="a:Annotation">
            <a:s r="208">
               <a:s>define &quot;Has Systolic Blood Pressure Less Than 140&quot;:
  </a:s>
               <a:s r="207">
                  <a:s r="205">
                     <a:s r="204">
                        <a:s>&quot;Lowest Systolic Reading on Most Recent Blood Pressure Day&quot;</a:s>
                     </a:s>
                     <a:s>.</a:s>
                     <a:s r="205">
                        <a:s>result</a:s>
                     </a:s>
                  </a:s>
                  <a:s> &lt; </a:s>
                  <a:s r="206">
                     <a:s>140 'mm[Hg]'</a:s>
                  </a:s>
               </a:s>
            </a:s>
         </annotation>
         <expression localId="207" locator="54:3-54:83" xsi:type="Less">
            <operand asType="t:Quantity" xsi:type="As">
               <operand localId="205" locator="54:3-54:68" path="result" xsi:type="Property">
                  <source localId="204" locator="54:3-54:61" name="Lowest Systolic Reading on Most Recent Blood Pressure Day" xsi:type="ExpressionRef"/>
               </operand>
            </operand>
            <operand localId="206" locator="54:72-54:83" value="140" unit="mm[Hg]" xsi:type="Quantity"/>
         </expression>
      </def>
      <def localId="224" locator="56:1-59:149" name="End Stage Renal Disease Procedures" context="Patient" accessLevel="Public">
         <annotation xsi:type="a:Annotation">
            <a:s r="224">
               <a:s>define &quot;End Stage Renal Disease Procedures&quot;:
  </a:s>
               <a:s r="223">
                  <a:s>
                     <a:s r="212">
                        <a:s r="211">
                           <a:s>( </a:s>
                           <a:s r="211">
                              <a:s r="209">
                                 <a:s>[&quot;Procedure, Performed&quot;: </a:s>
                                 <a:s>
                                    <a:s>&quot;Kidney Transplant&quot;</a:s>
                                 </a:s>
                                 <a:s>]</a:s>
                              </a:s>
                              <a:s>
    union </a:s>
                              <a:s r="210">
                                 <a:s>[&quot;Procedure, Performed&quot;: </a:s>
                                 <a:s>
                                    <a:s>&quot;Dialysis Services&quot;</a:s>
                                 </a:s>
                                 <a:s>]</a:s>
                              </a:s>
                           </a:s>
                           <a:s> )</a:s>
                        </a:s>
                        <a:s> ESRDProcedure</a:s>
                     </a:s>
                  </a:s>
                  <a:s>
    </a:s>
                  <a:s r="222">
                     <a:s>where </a:s>
                     <a:s r="222">
                        <a:s r="219">
                           <a:s>end of </a:s>
                           <a:s r="218">
                              <a:s r="213">
                                 <a:s>Global</a:s>
                              </a:s>
                              <a:s>.</a:s>
                              <a:s r="218">
                                 <a:s>&quot;NormalizeInterval&quot; ( </a:s>
                                 <a:s r="215">
                                    <a:s r="214">
                                       <a:s>ESRDProcedure</a:s>
                                    </a:s>
                                    <a:s>.</a:s>
                                    <a:s r="215">
                                       <a:s>relevantDatetime</a:s>
                                    </a:s>
                                 </a:s>
                                 <a:s>, </a:s>
                                 <a:s r="217">
                                    <a:s r="216">
                                       <a:s>ESRDProcedure</a:s>
                                    </a:s>
                                    <a:s>.</a:s>
                                    <a:s r="217">
                                       <a:s>relevantPeriod</a:s>
                                    </a:s>
                                 </a:s>
                                 <a:s> )</a:s>
                              </a:s>
                           </a:s>
                        </a:s>
                        <a:s r="222"> on or before </a:s>
                        <a:s r="221">
                           <a:s>end of </a:s>
                           <a:s r="220">
                              <a:s>&quot;Measurement Period&quot;</a:s>
                           </a:s>
                        </a:s>
                     </a:s>
                  </a:s>
               </a:s>
            </a:s>
         </annotation>
         <expression localId="223" locator="57:3-59:149" xsi:type="Query">
            <source localId="212" locator="57:3-58:71" alias="ESRDProcedure">
               <expression localId="211" locator="57:3-58:57" xsi:type="Union">
                  <operand localId="209" locator="57:5-57:49" xmlns:ns12="urn:healthit-gov:qdm:v5_6" dataType="ns12:PositiveProcedurePerformed" templateId="PositiveProcedurePerformed" codeProperty="code" codeComparator="in" xsi:type="Retrieve">
                     <codes locator="57:30-57:48" name="Kidney Transplant" preserve="true" xsi:type="ValueSetRef"/>
                  </operand>
                  <operand localId="210" locator="58:11-58:55" xmlns:ns13="urn:healthit-gov:qdm:v5_6" dataType="ns13:PositiveProcedurePerformed" templateId="PositiveProcedurePerformed" codeProperty="code" codeComparator="in" xsi:type="Retrieve">
                     <codes locator="58:36-58:54" name="Dialysis Services" preserve="true" xsi:type="ValueSetRef"/>
                  </operand>
               </expression>
            </source>
            <where localId="222" locator="59:5-59:149" xsi:type="SameOrBefore">
               <operand localId="219" locator="59:11-59:108" xsi:type="End">
                  <operand localId="218" locator="59:18-59:108" name="NormalizeInterval" libraryName="Global" xsi:type="FunctionRef">
                     <operand localId="215" locator="59:47-59:76" path="relevantDatetime" scope="ESRDProcedure" xsi:type="Property"/>
                     <operand localId="217" locator="59:79-59:106" path="relevantPeriod" scope="ESRDProcedure" xsi:type="Property"/>
                  </operand>
               </operand>
               <operand localId="221" locator="59:123-59:149" xsi:type="End">
                  <operand localId="220" locator="59:130-59:149" name="Measurement Period" xsi:type="ParameterRef"/>
               </operand>
            </where>
         </expression>
      </def>
      <def localId="233" locator="61:1-63:86" name="End Stage Renal Disease Encounter" context="Patient" accessLevel="Public">
         <annotation xsi:type="a:Annotation">
            <a:s r="233">
               <a:s>define &quot;End Stage Renal Disease Encounter&quot;:
  </a:s>
               <a:s r="232">
                  <a:s>
                     <a:s r="226">
                        <a:s r="225">
                           <a:s r="225">
                              <a:s>[&quot;Encounter, Performed&quot;: </a:s>
                              <a:s>
                                 <a:s>&quot;ESRD Monthly Outpatient Services&quot;</a:s>
                              </a:s>
                              <a:s>]</a:s>
                           </a:s>
                        </a:s>
                        <a:s> ESRDEncounter</a:s>
                     </a:s>
                  </a:s>
                  <a:s>
    </a:s>
                  <a:s r="231">
                     <a:s>where </a:s>
                     <a:s r="231">
                        <a:s r="228">
                           <a:s r="227">
                              <a:s>ESRDEncounter</a:s>
                           </a:s>
                           <a:s>.</a:s>
                           <a:s r="228">
                              <a:s>relevantPeriod</a:s>
                           </a:s>
                        </a:s>
                        <a:s r="231"> starts on or before </a:s>
                        <a:s r="230">
                           <a:s>end of </a:s>
                           <a:s r="229">
                              <a:s>&quot;Measurement Period&quot;</a:s>
                           </a:s>
                        </a:s>
                     </a:s>
                  </a:s>
               </a:s>
            </a:s>
         </annotation>
         <expression localId="232" locator="62:3-63:86" xsi:type="Query">
            <source localId="226" locator="62:3-62:76" alias="ESRDEncounter">
               <expression localId="225" locator="62:3-62:62" xmlns:ns14="urn:healthit-gov:qdm:v5_6" dataType="ns14:PositiveEncounterPerformed" templateId="PositiveEncounterPerformed" codeProperty="code" codeComparator="in" xsi:type="Retrieve">
                  <codes locator="62:28-62:61" name="ESRD Monthly Outpatient Services" preserve="true" xsi:type="ValueSetRef"/>
               </expression>
            </source>
            <where localId="231" locator="63:5-63:86" xsi:type="SameOrBefore">
               <operand locator="63:40-63:45" xsi:type="Start">
                  <operand localId="228" locator="63:11-63:38" path="relevantPeriod" scope="ESRDEncounter" xsi:type="Property"/>
               </operand>
               <operand localId="230" locator="63:60-63:86" xsi:type="End">
                  <operand localId="229" locator="63:67-63:86" name="Measurement Period" xsi:type="ParameterRef"/>
               </operand>
            </where>
         </expression>
      </def>
      <def localId="248" locator="94:1-99:79" name="Pregnancy or Renal Diagnosis" context="Patient" accessLevel="Public">
         <annotation xsi:type="a:Annotation">
            <a:s r="248">
               <a:s>define &quot;Pregnancy or Renal Diagnosis&quot;:
  </a:s>
               <a:s r="247">
                  <a:s>
                     <a:s r="242">
                        <a:s r="241">
                           <a:s>( </a:s>
                           <a:s r="241">
                              <a:s r="238">
                                 <a:s r="236">
                                    <a:s r="234">
                                       <a:s>[&quot;Diagnosis&quot;: </a:s>
                                       <a:s>
                                          <a:s>&quot;Pregnancy&quot;</a:s>
                                       </a:s>
                                       <a:s>]</a:s>
                                    </a:s>
                                    <a:s>
    union </a:s>
                                    <a:s r="235">
                                       <a:s>[&quot;Diagnosis&quot;: </a:s>
                                       <a:s>
                                          <a:s>&quot;End Stage Renal Disease&quot;</a:s>
                                       </a:s>
                                       <a:s>]</a:s>
                                    </a:s>
                                 </a:s>
                                 <a:s>
    union </a:s>
                                 <a:s r="237">
                                    <a:s>[&quot;Diagnosis&quot;: </a:s>
                                    <a:s>
                                       <a:s>&quot;Kidney Transplant Recipient&quot;</a:s>
                                    </a:s>
                                    <a:s>]</a:s>
                                 </a:s>
                              </a:s>
                              <a:s>
    union </a:s>
                              <a:s r="239">
                                 <a:s>[&quot;Diagnosis&quot;: </a:s>
                                 <a:s>
                                    <a:s>&quot;Chronic Kidney Disease, Stage 5&quot;</a:s>
                                 </a:s>
                                 <a:s>]</a:s>
                              </a:s>
                           </a:s>
                           <a:s> )</a:s>
                        </a:s>
                        <a:s> PregnancyESRDDiagnosis</a:s>
                     </a:s>
                  </a:s>
                  <a:s>
    </a:s>
                  <a:s r="246">
                     <a:s>where </a:s>
                     <a:s r="246">
                        <a:s r="244">
                           <a:s r="243">
                              <a:s>PregnancyESRDDiagnosis</a:s>
                           </a:s>
                           <a:s>.</a:s>
                           <a:s r="244">
                              <a:s>prevalencePeriod</a:s>
                           </a:s>
                        </a:s>
                        <a:s r="246"> overlaps </a:s>
                        <a:s r="245">
                           <a:s>&quot;Measurement Period&quot;</a:s>
                        </a:s>
                     </a:s>
                  </a:s>
               </a:s>
            </a:s>
         </annotation>
         <expression localId="247" locator="95:3-99:79" xsi:type="Query">
            <source localId="242" locator="95:3-98:83" alias="PregnancyESRDDiagnosis">
               <expression localId="241" locator="95:3-98:60" xsi:type="Union">
                  <operand localId="236" locator="95:5-96:50" xsi:type="Union">
                     <operand localId="234" locator="95:5-95:30" xmlns:ns15="urn:healthit-gov:qdm:v5_6" dataType="ns15:Diagnosis" codeProperty="code" codeComparator="in" xsi:type="Retrieve">
                        <codes locator="95:19-95:29" name="Pregnancy" preserve="true" xsi:type="ValueSetRef"/>
                     </operand>
                     <operand localId="235" locator="96:11-96:50" xmlns:ns16="urn:healthit-gov:qdm:v5_6" dataType="ns16:Diagnosis" codeProperty="code" codeComparator="in" xsi:type="Retrieve">
                        <codes locator="96:25-96:49" name="End Stage Renal Disease" preserve="true" xsi:type="ValueSetRef"/>
                     </operand>
                  </operand>
                  <operand localId="240" xsi:type="Union">
                     <operand localId="237" locator="97:11-97:54" xmlns:ns17="urn:healthit-gov:qdm:v5_6" dataType="ns17:Diagnosis" codeProperty="code" codeComparator="in" xsi:type="Retrieve">
                        <codes locator="97:25-97:53" name="Kidney Transplant Recipient" preserve="true" xsi:type="ValueSetRef"/>
                     </operand>
                     <operand localId="239" locator="98:11-98:58" xmlns:ns18="urn:healthit-gov:qdm:v5_6" dataType="ns18:Diagnosis" codeProperty="code" codeComparator="in" xsi:type="Retrieve">
                        <codes locator="98:25-98:57" name="Chronic Kidney Disease, Stage 5" preserve="true" xsi:type="ValueSetRef"/>
                     </operand>
                  </operand>
               </expression>
            </source>
            <where localId="246" locator="99:5-99:79" xsi:type="Overlaps">
               <operand localId="244" locator="99:11-99:49" path="prevalencePeriod" scope="PregnancyESRDDiagnosis" xsi:type="Property"/>
               <operand localId="245" locator="99:60-99:79" name="Measurement Period" xsi:type="ParameterRef"/>
            </where>
         </expression>
      </def>
      <def localId="252" locator="101:1-103:51" name="Numerator" context="Patient" accessLevel="Public">
         <annotation xsi:type="a:Annotation">
            <a:s r="252">
               <a:s>define &quot;Numerator&quot;:
  </a:s>
               <a:s r="251">
                  <a:s r="249">
                     <a:s>&quot;Has Systolic Blood Pressure Less Than 140&quot;</a:s>
                  </a:s>
                  <a:s>
    and </a:s>
                  <a:s r="250">
                     <a:s>&quot;Has Diastolic Blood Pressure Less Than 90&quot;</a:s>
                  </a:s>
               </a:s>
            </a:s>
         </annotation>
         <expression localId="251" locator="102:3-103:51" xsi:type="And">
            <operand localId="249" locator="102:3-102:45" name="Has Systolic Blood Pressure Less Than 140" xsi:type="ExpressionRef"/>
            <operand localId="250" locator="103:9-103:51" name="Has Diastolic Blood Pressure Less Than 90" xsi:type="ExpressionRef"/>
         </expression>
      </def>
      <def localId="273" locator="128:1-135:69" name="Denominator Exclusions" context="Patient" accessLevel="Public">
         <annotation xsi:type="a:Annotation">
            <a:s r="273">
               <a:s>define &quot;Denominator Exclusions&quot;:
  </a:s>
               <a:s r="272">
                  <a:s r="269">
                     <a:s r="266">
                        <a:s r="263">
                           <a:s r="260">
                              <a:s r="257">
                                 <a:s r="254">
                                    <a:s r="253">
                                       <a:s>Hospice</a:s>
                                    </a:s>
                                    <a:s>.</a:s>
                                    <a:s r="254">
                                       <a:s>&quot;Has Hospice Services&quot;</a:s>
                                    </a:s>
                                 </a:s>
                                 <a:s>
    or </a:s>
                                 <a:s r="256">
                                    <a:s>exists </a:s>
                                    <a:s r="255">
                                       <a:s>( </a:s>
                                       <a:s r="255">
                                          <a:s>&quot;Pregnancy or Renal Diagnosis&quot;</a:s>
                                       </a:s>
                                       <a:s> )</a:s>
                                    </a:s>
                                 </a:s>
                              </a:s>
                              <a:s>
    or </a:s>
                              <a:s r="259">
                                 <a:s>exists </a:s>
                                 <a:s r="258">
                                    <a:s>( </a:s>
                                    <a:s r="258">
                                       <a:s>&quot;End Stage Renal Disease Procedures&quot;</a:s>
                                    </a:s>
                                    <a:s> )</a:s>
                                 </a:s>
                              </a:s>
                           </a:s>
                           <a:s>
    or </a:s>
                           <a:s r="262">
                              <a:s>exists </a:s>
                              <a:s r="261">
                                 <a:s>( </a:s>
                                 <a:s r="261">
                                    <a:s>&quot;End Stage Renal Disease Encounter&quot;</a:s>
                                 </a:s>
                                 <a:s> )</a:s>
                              </a:s>
                           </a:s>
                        </a:s>
                        <a:s>
    or </a:s>
                        <a:s r="265">
                           <a:s r="264">
                              <a:s>AIFrailLTCF</a:s>
                           </a:s>
                           <a:s>.</a:s>
                           <a:s r="265">
                              <a:s>&quot;Is Age 66 to 80 with Advanced Illness and Frailty or Is Age 81 or Older with Frailty&quot;</a:s>
                           </a:s>
                        </a:s>
                     </a:s>
                     <a:s>
    or </a:s>
                     <a:s r="268">
                        <a:s r="267">
                           <a:s>AIFrailLTCF</a:s>
                        </a:s>
                        <a:s>.</a:s>
                        <a:s r="268">
                           <a:s>&quot;Is Age 66 or Older Living Long Term in a Nursing Home&quot;</a:s>
                        </a:s>
                     </a:s>
                  </a:s>
                  <a:s>
    or </a:s>
                  <a:s r="271">
                     <a:s r="270">
                        <a:s>PalliativeCare</a:s>
                     </a:s>
                     <a:s>.</a:s>
                     <a:s r="271">
                        <a:s>&quot;Has Palliative Care in the Measurement Period&quot;</a:s>
                     </a:s>
                  </a:s>
               </a:s>
            </a:s>
         </annotation>
         <expression localId="272" locator="129:3-135:69" xsi:type="Or">
            <operand localId="269" locator="129:3-134:74" xsi:type="Or">
               <operand localId="266" locator="129:3-133:105" xsi:type="Or">
                  <operand localId="263" locator="129:3-132:53" xsi:type="Or">
                     <operand localId="260" locator="129:3-131:54" xsi:type="Or">
                        <operand localId="257" locator="129:3-130:48" xsi:type="Or">
                           <operand localId="254" locator="129:3-129:32" name="Has Hospice Services" libraryName="Hospice" xsi:type="ExpressionRef"/>
                           <operand localId="256" locator="130:8-130:48" xsi:type="Exists">
                              <operand localId="255" locator="130:15-130:48" name="Pregnancy or Renal Diagnosis" xsi:type="ExpressionRef"/>
                           </operand>
                        </operand>
                        <operand localId="259" locator="131:8-131:54" xsi:type="Exists">
                           <operand localId="258" locator="131:15-131:54" name="End Stage Renal Disease Procedures" xsi:type="ExpressionRef"/>
                        </operand>
                     </operand>
                     <operand localId="262" locator="132:8-132:53" xsi:type="Exists">
                        <operand localId="261" locator="132:15-132:53" name="End Stage Renal Disease Encounter" xsi:type="ExpressionRef"/>
                     </operand>
                  </operand>
                  <operand localId="265" locator="133:8-133:105" name="Is Age 66 to 80 with Advanced Illness and Frailty or Is Age 81 or Older with Frailty" libraryName="AIFrailLTCF" xsi:type="ExpressionRef"/>
               </operand>
               <operand localId="268" locator="134:8-134:74" name="Is Age 66 or Older Living Long Term in a Nursing Home" libraryName="AIFrailLTCF" xsi:type="ExpressionRef"/>
            </operand>
            <operand localId="271" locator="135:8-135:69" name="Has Palliative Care in the Measurement Period" libraryName="PalliativeCare" xsi:type="ExpressionRef"/>
         </expression>
      </def>
   </statements>
</library>
