<?xml version="1.0" encoding="UTF-8"?>
<library xmlns="urn:hl7-org:elm:r1" xmlns:t="urn:hl7-org:elm-types:r1" xmlns:xsi="http://www.w3.org/2001/XMLSchema-instance" xmlns:xsd="http://www.w3.org/2001/XMLSchema" xmlns:fhir="http://hl7.org/fhir" xmlns:qdm43="urn:healthit-gov:qdm:v4_3" xmlns:qdm53="urn:healthit-gov:qdm:v5_3" xmlns:a="urn:hl7-org:cql-annotations:r1">
   <annotation translatorOptions="EnableAnnotations,EnableLocators,DisableListDemotion,DisableListPromotion,DisableMethodInvocation" xsi:type="a:CqlToElmInfo"/>
   <annotation xsi:type="a:Annotation">
      <a:s r="121">
         <a:s>library PneumococcalVaccinationStatusforOlderAdults version '12.0.000'</a:s>
      </a:s>
   </annotation>
   <identifier id="PneumococcalVaccinationStatusforOlderAdults" version="12.0.000"/>
   <schemaIdentifier id="urn:hl7-org:elm" version="r1"/>
   <usings>
      <def localIdentifier="System" uri="urn:hl7-org:elm-types:r1"/>
      <def localId="1" locator="3:1-3:23" localIdentifier="QDM" uri="urn:healthit-gov:qdm:v5_6" version="5.6">
         <annotation xsi:type="a:Annotation">
            <a:s r="1">
               <a:s>using </a:s>
               <a:s>
                  <a:s>QDM</a:s>
               </a:s>
               <a:s> version '5.6'</a:s>
            </a:s>
         </annotation>
      </def>
   </usings>
   <includes>
      <def localId="2" locator="5:1-5:64" localIdentifier="Global" path="MATGlobalCommonFunctions" version="7.0.000">
         <annotation xsi:type="a:Annotation">
            <a:s r="2">
               <a:s>include </a:s>
               <a:s>
                  <a:s>MATGlobalCommonFunctions</a:s>
               </a:s>
               <a:s> version '7.0.000' called Global</a:s>
            </a:s>
         </annotation>
      </def>
      <def localId="3" locator="6:1-6:48" localIdentifier="Hospice" path="Hospice" version="5.0.000">
         <annotation xsi:type="a:Annotation">
            <a:s r="3">
               <a:s>include </a:s>
               <a:s>
                  <a:s>Hospice</a:s>
               </a:s>
               <a:s> version '5.0.000' called Hospice</a:s>
            </a:s>
         </annotation>
      </def>
   </includes>
   <parameters>
      <def localId="28" locator="31:1-31:49" name="Measurement Period" accessLevel="Public">
         <annotation xsi:type="a:Annotation">
            <a:s r="28">
               <a:s>parameter &quot;Measurement Period&quot; </a:s>
               <a:s r="27">
                  <a:s>Interval&lt;</a:s>
                  <a:s r="26">
                     <a:s>DateTime</a:s>
                  </a:s>
                  <a:s>></a:s>
               </a:s>
            </a:s>
         </annotation>
         <parameterTypeSpecifier localId="27" locator="31:32-31:49" xsi:type="IntervalTypeSpecifier">
            <pointType localId="26" locator="31:41-31:48" name="t:DateTime" xsi:type="NamedTypeSpecifier"/>
         </parameterTypeSpecifier>
      </def>
   </parameters>
   <codeSystems>
      <def localId="4" locator="8:1-8:55" name="SNOMEDCT" id="urn:oid:2.16.840.1.113883.6.96" accessLevel="Public">
         <annotation xsi:type="a:Annotation">
            <a:s r="4">
               <a:s>codesystem &quot;SNOMEDCT&quot;: 'urn:oid:2.16.840.1.113883.6.96'</a:s>
            </a:s>
         </annotation>
      </def>
      <def localId="5" locator="9:1-9:50" name="CPT" id="urn:oid:2.16.840.1.113883.6.12" accessLevel="Public">
         <annotation xsi:type="a:Annotation">
            <a:s r="5">
               <a:s>codesystem &quot;CPT&quot;: 'urn:oid:2.16.840.1.113883.6.12'</a:s>
            </a:s>
         </annotation>
      </def>
   </codeSystems>
   <valueSets>
      <def localId="6" locator="11:1-11:82" name="Adult Pneumococcal Vaccine" id="urn:oid:2.16.840.1.113883.3.464.1003.1161" accessLevel="Public">
         <annotation xsi:type="a:Annotation">
            <a:s r="6">
               <a:s>valueset &quot;Adult Pneumococcal Vaccine&quot;: 'urn:oid:2.16.840.1.113883.3.464.1003.1161'</a:s>
            </a:s>
         </annotation>
      </def>
      <def localId="7" locator="12:1-12:95" name="Adult Pneumococcal Vaccine Administered" id="urn:oid:2.16.840.1.113883.3.464.1003.1162" accessLevel="Public">
         <annotation xsi:type="a:Annotation">
            <a:s r="7">
               <a:s>valueset &quot;Adult Pneumococcal Vaccine Administered&quot;: 'urn:oid:2.16.840.1.113883.3.464.1003.1162'</a:s>
            </a:s>
         </annotation>
      </def>
      <def localId="8" locator="13:1-13:74" name="Annual Wellness Visit" id="urn:oid:2.16.840.1.113883.3.526.3.1240" accessLevel="Public">
         <annotation xsi:type="a:Annotation">
            <a:s r="8">
               <a:s>valueset &quot;Annual Wellness Visit&quot;: 'urn:oid:2.16.840.1.113883.3.526.3.1240'</a:s>
            </a:s>
         </annotation>
      </def>
      <def localId="9" locator="14:1-14:110" name="Care Services in Long Term Residential Facility" id="urn:oid:2.16.840.1.113883.3.464.1003.101.12.1014" accessLevel="Public">
         <annotation xsi:type="a:Annotation">
            <a:s r="9">
               <a:s>valueset &quot;Care Services in Long Term Residential Facility&quot;: 'urn:oid:2.16.840.1.113883.3.464.1003.101.12.1014'</a:s>
            </a:s>
         </annotation>
      </def>
      <def localId="10" locator="15:1-15:98" name="Discharge Services Nursing Facility" id="urn:oid:2.16.840.1.113883.3.464.1003.101.12.1013" accessLevel="Public">
         <annotation xsi:type="a:Annotation">
            <a:s r="10">
               <a:s>valueset &quot;Discharge Services Nursing Facility&quot;: 'urn:oid:2.16.840.1.113883.3.464.1003.101.12.1013'</a:s>
            </a:s>
         </annotation>
      </def>
      <def localId="11" locator="16:1-16:58" name="Ethnicity" id="urn:oid:2.16.840.1.114222.4.11.837" accessLevel="Public">
         <annotation xsi:type="a:Annotation">
            <a:s r="11">
               <a:s>valueset &quot;Ethnicity&quot;: 'urn:oid:2.16.840.1.114222.4.11.837'</a:s>
            </a:s>
         </annotation>
      </def>
      <def localId="12" locator="17:1-17:87" name="Home Healthcare Services" id="urn:oid:2.16.840.1.113883.3.464.1003.101.12.1016" accessLevel="Public">
         <annotation xsi:type="a:Annotation">
            <a:s r="12">
               <a:s>valueset &quot;Home Healthcare Services&quot;: 'urn:oid:2.16.840.1.113883.3.464.1003.101.12.1016'</a:s>
            </a:s>
         </annotation>
      </def>
      <def localId="13" locator="18:1-18:85" name="Nursing Facility Visit" id="urn:oid:2.16.840.1.113883.3.464.1003.101.12.1012" accessLevel="Public">
         <annotation xsi:type="a:Annotation">
            <a:s r="13">
               <a:s>valueset &quot;Nursing Facility Visit&quot;: 'urn:oid:2.16.840.1.113883.3.464.1003.101.12.1012'</a:s>
            </a:s>
         </annotation>
      </def>
      <def localId="14" locator="19:1-19:75" name="Office Visit" id="urn:oid:2.16.840.1.113883.3.464.1003.101.12.1001" accessLevel="Public">
         <annotation xsi:type="a:Annotation">
            <a:s r="14">
               <a:s>valueset &quot;Office Visit&quot;: 'urn:oid:2.16.840.1.113883.3.464.1003.101.12.1001'</a:s>
            </a:s>
         </annotation>
      </def>
      <def localId="15" locator="20:1-20:68" name="ONC Administrative Sex" id="urn:oid:2.16.840.1.113762.1.4.1" accessLevel="Public">
         <annotation xsi:type="a:Annotation">
            <a:s r="15">
               <a:s>valueset &quot;ONC Administrative Sex&quot;: 'urn:oid:2.16.840.1.113762.1.4.1'</a:s>
            </a:s>
         </annotation>
      </def>
      <def localId="16" locator="21:1-21:81" name="Online Assessments" id="urn:oid:2.16.840.1.113883.3.464.1003.101.12.1089" accessLevel="Public">
         <annotation xsi:type="a:Annotation">
            <a:s r="16">
               <a:s>valueset &quot;Online Assessments&quot;: 'urn:oid:2.16.840.1.113883.3.464.1003.101.12.1089'</a:s>
            </a:s>
         </annotation>
      </def>
      <def localId="17" locator="22:1-22:55" name="Payer" id="urn:oid:2.16.840.1.114222.4.11.3591" accessLevel="Public">
         <annotation xsi:type="a:Annotation">
            <a:s r="17">
               <a:s>valueset &quot;Payer&quot;: 'urn:oid:2.16.840.1.114222.4.11.3591'</a:s>
            </a:s>
         </annotation>
      </def>
      <def localId="18" locator="23:1-23:123" name="Preventive Care Services Established Office Visit, 18 and Up" id="urn:oid:2.16.840.1.113883.3.464.1003.101.12.1025" accessLevel="Public">
         <annotation xsi:type="a:Annotation">
            <a:s r="18">
               <a:s>valueset &quot;Preventive Care Services Established Office Visit, 18 and Up&quot;: 'urn:oid:2.16.840.1.113883.3.464.1003.101.12.1025'</a:s>
            </a:s>
         </annotation>
      </def>
      <def localId="19" locator="24:1-24:119" name="Preventive Care Services Initial Office Visit, 18 and Up" id="urn:oid:2.16.840.1.113883.3.464.1003.101.12.1023" accessLevel="Public">
         <annotation xsi:type="a:Annotation">
            <a:s r="19">
               <a:s>valueset &quot;Preventive Care Services Initial Office Visit, 18 and Up&quot;: 'urn:oid:2.16.840.1.113883.3.464.1003.101.12.1023'</a:s>
            </a:s>
         </annotation>
      </def>
      <def localId="20" locator="25:1-25:53" name="Race" id="urn:oid:2.16.840.1.114222.4.11.836" accessLevel="Public">
         <annotation xsi:type="a:Annotation">
            <a:s r="20">
               <a:s>valueset &quot;Race&quot;: 'urn:oid:2.16.840.1.114222.4.11.836'</a:s>
            </a:s>
         </annotation>
      </def>
      <def localId="21" locator="26:1-26:79" name="Telephone Visits" id="urn:oid:2.16.840.1.113883.3.464.1003.101.12.1080" accessLevel="Public">
         <annotation xsi:type="a:Annotation">
            <a:s r="21">
               <a:s>valueset &quot;Telephone Visits&quot;: 'urn:oid:2.16.840.1.113883.3.464.1003.101.12.1080'</a:s>
            </a:s>
         </annotation>
      </def>
   </valueSets>
   <codes>
      <def localId="23" locator="28:1-28:237" name="Anaphylaxis caused by vaccine product containing Streptococcus pneumoniae antigen (disorder)" id="471141000124102" display="Anaphylaxis caused by vaccine product containing Streptococcus pneumoniae antigen (disorder)" accessLevel="Public">
         <annotation xsi:type="a:Annotation">
            <a:s r="23">
               <a:s>code &quot;Anaphylaxis caused by vaccine product containing Streptococcus pneumoniae antigen (disorder)&quot;: '471141000124102' from </a:s>
               <a:s r="22">
                  <a:s>&quot;SNOMEDCT&quot;</a:s>
               </a:s>
               <a:s> display 'Anaphylaxis caused by vaccine product containing Streptococcus pneumoniae antigen (disorder)'</a:s>
            </a:s>
         </annotation>
         <codeSystem localId="22" locator="28:125-28:134" name="SNOMEDCT"/>
      </def>
      <def localId="25" locator="29:1-29:408" name="Office or other outpatient visit for the evaluation and management of an established patient that may not require the presence of a physician or other qualified health care professional" id="99211" display="Office or other outpatient visit for the evaluation and management of an established patient that may not require the presence of a physician or other qualified health care professional" accessLevel="Public">
         <annotation xsi:type="a:Annotation">
            <a:s r="25">
               <a:s>code &quot;Office or other outpatient visit for the evaluation and management of an established patient that may not require the presence of a physician or other qualified health care professional&quot;: '99211' from </a:s>
               <a:s r="24">
                  <a:s>&quot;CPT&quot;</a:s>
               </a:s>
               <a:s> display 'Office or other outpatient visit for the evaluation and management of an established patient that may not require the presence of a physician or other qualified health care professional'</a:s>
            </a:s>
         </annotation>
         <codeSystem localId="24" locator="29:208-29:212" name="CPT"/>
      </def>
   </codes>
   <contexts>
      <def locator="33:1-33:15" name="Patient"/>
   </contexts>
   <statements>
      <def locator="33:1-33:15" name="Patient" context="Patient">
         <expression xsi:type="SingletonFrom">
            <operand locator="33:1-33:15" xmlns:ns0="urn:healthit-gov:qdm:v5_6" dataType="ns0:Patient" templateId="Patient" xsi:type="Retrieve"/>
         </expression>
      </def>
      <def localId="62" locator="54:1-66:75" name="Qualifying Encounters" context="Patient" accessLevel="Public">
         <annotation xsi:type="a:Annotation">
            <a:s r="62">
               <a:s>define &quot;Qualifying Encounters&quot;:
  </a:s>
               <a:s r="61">
                  <a:s>
                     <a:s r="56">
                        <a:s r="55">
                           <a:s>( </a:s>
                           <a:s r="55">
                              <a:s r="53">
                                 <a:s r="51">
                                    <a:s r="49">
                                       <a:s r="47">
                                          <a:s r="45">
                                             <a:s r="43">
                                                <a:s r="41">
                                                   <a:s r="39">
                                                      <a:s r="37">
                                                         <a:s r="35">
                                                            <a:s>[&quot;Encounter, Performed&quot;: </a:s>
                                                            <a:s>
                                                               <a:s>&quot;Office Visit&quot;</a:s>
                                                            </a:s>
                                                            <a:s>]</a:s>
                                                         </a:s>
                                                         <a:s>
    union </a:s>
                                                         <a:s r="36">
                                                            <a:s>[&quot;Encounter, Performed&quot;: </a:s>
                                                            <a:s>
                                                               <a:s>&quot;Annual Wellness Visit&quot;</a:s>
                                                            </a:s>
                                                            <a:s>]</a:s>
                                                         </a:s>
                                                      </a:s>
                                                      <a:s>
    union </a:s>
                                                      <a:s r="38">
                                                         <a:s>[&quot;Encounter, Performed&quot;: </a:s>
                                                         <a:s>
                                                            <a:s>&quot;Preventive Care Services Established Office Visit, 18 and Up&quot;</a:s>
                                                         </a:s>
                                                         <a:s>]</a:s>
                                                      </a:s>
                                                   </a:s>
                                                   <a:s>
    union </a:s>
                                                   <a:s r="40">
                                                      <a:s>[&quot;Encounter, Performed&quot;: </a:s>
                                                      <a:s>
                                                         <a:s>&quot;Preventive Care Services Initial Office Visit, 18 and Up&quot;</a:s>
                                                      </a:s>
                                                      <a:s>]</a:s>
                                                   </a:s>
                                                </a:s>
                                                <a:s>
    union </a:s>
                                                <a:s r="42">
                                                   <a:s>[&quot;Encounter, Performed&quot;: </a:s>
                                                   <a:s>
                                                      <a:s>&quot;Home Healthcare Services&quot;</a:s>
                                                   </a:s>
                                                   <a:s>]</a:s>
                                                </a:s>
                                             </a:s>
                                             <a:s>
    union </a:s>
                                             <a:s r="44">
                                                <a:s>[&quot;Encounter, Performed&quot;: </a:s>
                                                <a:s>
                                                   <a:s>&quot;Care Services in Long Term Residential Facility&quot;</a:s>
                                                </a:s>
                                                <a:s>]</a:s>
                                             </a:s>
                                          </a:s>
                                          <a:s>
    union </a:s>
                                          <a:s r="46">
                                             <a:s>[&quot;Encounter, Performed&quot;: </a:s>
                                             <a:s>
                                                <a:s>&quot;Nursing Facility Visit&quot;</a:s>
                                             </a:s>
                                             <a:s>]</a:s>
                                          </a:s>
                                       </a:s>
                                       <a:s>
    union </a:s>
                                       <a:s r="48">
                                          <a:s>[&quot;Encounter, Performed&quot;: </a:s>
                                          <a:s>
                                             <a:s>&quot;Discharge Services Nursing Facility&quot;</a:s>
                                          </a:s>
                                          <a:s>]</a:s>
                                       </a:s>
                                    </a:s>
                                    <a:s>
    union </a:s>
                                    <a:s r="50">
                                       <a:s>[&quot;Encounter, Performed&quot;: </a:s>
                                       <a:s>
                                          <a:s>&quot;Online Assessments&quot;</a:s>
                                       </a:s>
                                       <a:s>]</a:s>
                                    </a:s>
                                 </a:s>
                                 <a:s>
    union </a:s>
                                 <a:s r="52">
                                    <a:s>[&quot;Encounter, Performed&quot;: </a:s>
                                    <a:s>
                                       <a:s>&quot;Telephone Visits&quot;</a:s>
                                    </a:s>
                                    <a:s>]</a:s>
                                 </a:s>
                              </a:s>
                              <a:s>
    union </a:s>
                              <a:s r="54">
                                 <a:s>[&quot;Encounter, Performed&quot;: </a:s>
                                 <a:s>
                                    <a:s>&quot;Office or other outpatient visit for the evaluation and management of an established patient that may not require the presence of a physician or other qualified health care professional&quot;</a:s>
                                 </a:s>
                                 <a:s>]</a:s>
                              </a:s>
                           </a:s>
                           <a:s> )</a:s>
                        </a:s>
                        <a:s> ValidEncounters</a:s>
                     </a:s>
                  </a:s>
                  <a:s>
    </a:s>
                  <a:s r="60">
                     <a:s>where </a:s>
                     <a:s r="60">
                        <a:s r="58">
                           <a:s r="57">
                              <a:s>ValidEncounters</a:s>
                           </a:s>
                           <a:s>.</a:s>
                           <a:s r="58">
                              <a:s>relevantPeriod</a:s>
                           </a:s>
                        </a:s>
                        <a:s r="60"> during day of </a:s>
                        <a:s r="59">
                           <a:s>&quot;Measurement Period&quot;</a:s>
                        </a:s>
                     </a:s>
                  </a:s>
               </a:s>
            </a:s>
         </annotation>
         <expression localId="61" locator="55:3-66:75" xsi:type="Query">
            <source localId="56" locator="55:3-65:241" alias="ValidEncounters">
               <expression localId="55" locator="55:3-65:225" xsi:type="Union">
                  <operand localId="53" locator="55:5-64:54" xsi:type="Union">
                     <operand localId="49" locator="55:5-62:73" xsi:type="Union">
                        <operand localId="45" locator="55:5-60:85" xsi:type="Union">
                           <operand localId="41" locator="55:5-58:94" xsi:type="Union">
                              <operand localId="37" locator="55:5-56:59" xsi:type="Union">
                                 <operand localId="35" locator="55:5-55:44" xmlns:ns1="urn:healthit-gov:qdm:v5_6" dataType="ns1:PositiveEncounterPerformed" templateId="PositiveEncounterPerformed" codeProperty="code" codeComparator="in" xsi:type="Retrieve">
                                    <codes locator="55:30-55:43" name="Office Visit" xsi:type="ValueSetRef"/>
                                 </operand>
                                 <operand localId="36" locator="56:11-56:59" xmlns:ns2="urn:healthit-gov:qdm:v5_6" dataType="ns2:PositiveEncounterPerformed" templateId="PositiveEncounterPerformed" codeProperty="code" codeComparator="in" xsi:type="Retrieve">
                                    <codes locator="56:36-56:58" name="Annual Wellness Visit" xsi:type="ValueSetRef"/>
                                 </operand>
                              </operand>
                              <operand xsi:type="Union">
                                 <operand localId="38" locator="57:11-57:98" xmlns:ns3="urn:healthit-gov:qdm:v5_6" dataType="ns3:PositiveEncounterPerformed" templateId="PositiveEncounterPerformed" codeProperty="code" codeComparator="in" xsi:type="Retrieve">
                                    <codes locator="57:36-57:97" name="Preventive Care Services Established Office Visit, 18 and Up" xsi:type="ValueSetRef"/>
                                 </operand>
                                 <operand localId="40" locator="58:11-58:94" xmlns:ns4="urn:healthit-gov:qdm:v5_6" dataType="ns4:PositiveEncounterPerformed" templateId="PositiveEncounterPerformed" codeProperty="code" codeComparator="in" xsi:type="Retrieve">
                                    <codes locator="58:36-58:93" name="Preventive Care Services Initial Office Visit, 18 and Up" xsi:type="ValueSetRef"/>
                                 </operand>
                              </operand>
                           </operand>
                           <operand xsi:type="Union">
                              <operand localId="42" locator="59:11-59:62" xmlns:ns5="urn:healthit-gov:qdm:v5_6" dataType="ns5:PositiveEncounterPerformed" templateId="PositiveEncounterPerformed" codeProperty="code" codeComparator="in" xsi:type="Retrieve">
                                 <codes locator="59:36-59:61" name="Home Healthcare Services" xsi:type="ValueSetRef"/>
                              </operand>
                              <operand localId="44" locator="60:11-60:85" xmlns:ns6="urn:healthit-gov:qdm:v5_6" dataType="ns6:PositiveEncounterPerformed" templateId="PositiveEncounterPerformed" codeProperty="code" codeComparator="in" xsi:type="Retrieve">
                                 <codes locator="60:36-60:84" name="Care Services in Long Term Residential Facility" xsi:type="ValueSetRef"/>
                              </operand>
                           </operand>
                        </operand>
                        <operand xsi:type="Union">
                           <operand localId="46" locator="61:11-61:60" xmlns:ns7="urn:healthit-gov:qdm:v5_6" dataType="ns7:PositiveEncounterPerformed" templateId="PositiveEncounterPerformed" codeProperty="code" codeComparator="in" xsi:type="Retrieve">
                              <codes locator="61:36-61:59" name="Nursing Facility Visit" xsi:type="ValueSetRef"/>
                           </operand>
                           <operand localId="48" locator="62:11-62:73" xmlns:ns8="urn:healthit-gov:qdm:v5_6" dataType="ns8:PositiveEncounterPerformed" templateId="PositiveEncounterPerformed" codeProperty="code" codeComparator="in" xsi:type="Retrieve">
                              <codes locator="62:36-62:72" name="Discharge Services Nursing Facility" xsi:type="ValueSetRef"/>
                           </operand>
                        </operand>
                     </operand>
                     <operand xsi:type="Union">
                        <operand localId="50" locator="63:11-63:56" xmlns:ns9="urn:healthit-gov:qdm:v5_6" dataType="ns9:PositiveEncounterPerformed" templateId="PositiveEncounterPerformed" codeProperty="code" codeComparator="in" xsi:type="Retrieve">
                           <codes locator="63:36-63:55" name="Online Assessments" xsi:type="ValueSetRef"/>
                        </operand>
                        <operand localId="52" locator="64:11-64:54" xmlns:ns10="urn:healthit-gov:qdm:v5_6" dataType="ns10:PositiveEncounterPerformed" templateId="PositiveEncounterPerformed" codeProperty="code" codeComparator="in" xsi:type="Retrieve">
                           <codes locator="64:36-64:53" name="Telephone Visits" xsi:type="ValueSetRef"/>
                        </operand>
                     </operand>
                  </operand>
                  <operand localId="54" locator="65:11-65:223" xmlns:ns11="urn:healthit-gov:qdm:v5_6" dataType="ns11:PositiveEncounterPerformed" templateId="PositiveEncounterPerformed" codeProperty="code" codeComparator="~" xsi:type="Retrieve">
                     <codes xsi:type="ToList">
                        <operand locator="65:36-65:222" name="Office or other outpatient visit for the evaluation and management of an established patient that may not require the presence of a physician or other qualified health care professional" xsi:type="CodeRef"/>
                     </codes>
                  </operand>
               </expression>
            </source>
            <where localId="60" locator="66:5-66:75" precision="Day" xsi:type="IncludedIn">
               <operand localId="58" locator="66:11-66:40" path="relevantPeriod" scope="ValidEncounters" xsi:type="Property"/>
               <operand localId="59" locator="66:56-66:75" name="Measurement Period" xsi:type="ParameterRef"/>
            </where>
         </expression>
      </def>
      <def localId="66" locator="76:1-78:38" name="Initial Population" context="Patient" accessLevel="Public">
         <annotation xsi:type="a:Annotation">
            <a:s r="66">
               <a:s>define &quot;Initial Population&quot;:
  </a:s>
               <a:s r="65">
                  <a:s r="34">
                     <a:s r="32">
                        <a:s>AgeInYearsAt(</a:s>
                        <a:s r="31">
                           <a:s>date from </a:s>
                           <a:s r="30">
                              <a:s>start of </a:s>
                              <a:s r="29">
                                 <a:s>&quot;Measurement Period&quot;</a:s>
                              </a:s>
                           </a:s>
                        </a:s>
                        <a:s>)</a:s>
                     </a:s>
                     <a:s r="33">>= 65</a:s>
                  </a:s>
                  <a:s>
    and </a:s>
                  <a:s r="64">
                     <a:s>exists </a:s>
                     <a:s r="63">
                        <a:s>&quot;Qualifying Encounters&quot;</a:s>
                     </a:s>
                  </a:s>
               </a:s>
            </a:s>
         </annotation>
         <expression localId="65" locator="77:3-78:38" xsi:type="And">
            <operand localId="34" locator="77:3-77:60" xsi:type="GreaterOrEqual">
               <operand localId="32" locator="77:3-77:55" precision="Year" xsi:type="CalculateAgeAt">
                  <operand xsi:type="ToDate">
                     <operand path="birthDatetime" xsi:type="Property">
                        <source name="Patient" xsi:type="ExpressionRef"/>
                     </operand>
                  </operand>
                  <operand localId="31" locator="77:16-77:54" xsi:type="DateFrom">
                     <operand localId="30" locator="77:26-77:54" xsi:type="Start">
                        <operand localId="29" locator="77:35-77:54" name="Measurement Period" xsi:type="ParameterRef"/>
                     </operand>
                  </operand>
               </operand>
               <operand localId="33" locator="77:59-77:60" valueType="t:Integer" value="65" xsi:type="Literal"/>
            </operand>
            <operand localId="64" locator="78:9-78:38" xsi:type="Exists">
               <operand localId="63" locator="78:16-78:38" name="Qualifying Encounters" xsi:type="ExpressionRef"/>
            </operand>
         </expression>
      </def>
      <def localId="68" locator="35:1-36:22" name="Denominator" context="Patient" accessLevel="Public">
         <annotation xsi:type="a:Annotation">
            <a:s r="68">
               <a:s>define &quot;Denominator&quot;:
  </a:s>
               <a:s r="67">
                  <a:s>&quot;Initial Population&quot;</a:s>
               </a:s>
            </a:s>
         </annotation>
         <expression localId="67" locator="36:3-36:22" name="Initial Population" xsi:type="ExpressionRef"/>
      </def>
      <def localId="80" locator="80:1-83:31" name="Has Pneumococcal Vaccine Anaphylaxis" context="Patient" accessLevel="Public">
         <annotation xsi:type="a:Annotation">
            <a:s r="80">
               <a:s>define &quot;Has Pneumococcal Vaccine Anaphylaxis&quot;:
  </a:s>
               <a:s r="79">
                  <a:s>exists </a:s>
                  <a:s r="78">
                     <a:s>
                        <a:s r="72">
                           <a:s r="71">
                              <a:s r="71">
                                 <a:s>[&quot;Diagnosis&quot;: </a:s>
                                 <a:s>
                                    <a:s>&quot;Anaphylaxis caused by vaccine product containing Streptococcus pneumoniae antigen (disorder)&quot;</a:s>
                                 </a:s>
                                 <a:s>]</a:s>
                              </a:s>
                           </a:s>
                           <a:s> PneumococcalAnaphylaxis</a:s>
                        </a:s>
                     </a:s>
                     <a:s>
    </a:s>
                     <a:s r="77">
                        <a:s>where </a:s>
                        <a:s r="77">
                           <a:s r="74">
                              <a:s r="73">
                                 <a:s>PneumococcalAnaphylaxis</a:s>
                              </a:s>
                              <a:s>.</a:s>
                              <a:s r="74">
                                 <a:s>prevalencePeriod</a:s>
                              </a:s>
                           </a:s>
                           <a:s r="77"> starts on or before 
    </a:s>
                           <a:s r="76">
                              <a:s>end of </a:s>
                              <a:s r="75">
                                 <a:s>&quot;Measurement Period&quot;</a:s>
                              </a:s>
                           </a:s>
                        </a:s>
                     </a:s>
                  </a:s>
               </a:s>
            </a:s>
         </annotation>
         <expression localId="79" locator="81:3-83:31" xsi:type="Exists">
            <operand localId="78" locator="81:10-83:31" xsi:type="Query">
               <source localId="72" locator="81:10-81:142" alias="PneumococcalAnaphylaxis">
                  <expression localId="71" locator="81:10-81:118" xmlns:ns12="urn:healthit-gov:qdm:v5_6" dataType="ns12:Diagnosis" codeProperty="code" codeComparator="~" xsi:type="Retrieve">
                     <codes xsi:type="ToList">
                        <operand locator="81:24-81:117" name="Anaphylaxis caused by vaccine product containing Streptococcus pneumoniae antigen (disorder)" xsi:type="CodeRef"/>
                     </codes>
                  </expression>
               </source>
               <where localId="77" locator="82:5-83:31" xsi:type="SameOrBefore">
                  <operand locator="82:52-82:57" xsi:type="Start">
                     <operand localId="74" locator="82:11-82:50" path="prevalencePeriod" scope="PneumococcalAnaphylaxis" xsi:type="Property"/>
                  </operand>
                  <operand localId="76" locator="83:5-83:31" xsi:type="End">
                     <operand localId="75" locator="83:12-83:31" name="Measurement Period" xsi:type="ParameterRef"/>
                  </operand>
               </where>
            </operand>
         </expression>
      </def>
      <def localId="83" locator="38:1-40:45" name="Denominator Exclusions" context="Patient" accessLevel="Public">
         <annotation xsi:type="a:Annotation">
            <a:s r="83">
               <a:s>define &quot;Denominator Exclusions&quot;:
  </a:s>
               <a:s r="82">
                  <a:s r="70">
                     <a:s r="69">
                        <a:s>Hospice</a:s>
                     </a:s>
                     <a:s>.</a:s>
                     <a:s r="70">
                        <a:s>&quot;Has Hospice Services&quot;</a:s>
                     </a:s>
                  </a:s>
                  <a:s>
    or </a:s>
                  <a:s r="81">
                     <a:s>&quot;Has Pneumococcal Vaccine Anaphylaxis&quot;</a:s>
                  </a:s>
               </a:s>
            </a:s>
         </annotation>
         <expression localId="82" locator="39:3-40:45" xsi:type="Or">
            <operand localId="70" locator="39:3-39:32" name="Has Hospice Services" libraryName="Hospice" xsi:type="ExpressionRef"/>
            <operand localId="81" locator="40:8-40:45" name="Has Pneumococcal Vaccine Anaphylaxis" xsi:type="ExpressionRef"/>
         </expression>
      </def>
      <def localId="85" locator="42:1-43:51" name="SDE Ethnicity" context="Patient" accessLevel="Public">
         <annotation xsi:type="a:Annotation">
            <a:s r="85">
               <a:s>define &quot;SDE Ethnicity&quot;:
  </a:s>
               <a:s r="84">
                  <a:s>[&quot;Patient Characteristic Ethnicity&quot;: </a:s>
                  <a:s>
                     <a:s>&quot;Ethnicity&quot;</a:s>
                  </a:s>
                  <a:s>]</a:s>
               </a:s>
            </a:s>
         </annotation>
         <expression localId="84" locator="43:3-43:51" xmlns:ns13="urn:healthit-gov:qdm:v5_6" dataType="ns13:PatientCharacteristicEthnicity" codeProperty="code" codeComparator="in" xsi:type="Retrieve">
            <codes locator="43:40-43:50" name="Ethnicity" xsi:type="ValueSetRef"/>
         </expression>
      </def>
      <def localId="87" locator="45:1-46:43" name="SDE Payer" context="Patient" accessLevel="Public">
         <annotation xsi:type="a:Annotation">
            <a:s r="87">
               <a:s>define &quot;SDE Payer&quot;:
  </a:s>
               <a:s r="86">
                  <a:s>[&quot;Patient Characteristic Payer&quot;: </a:s>
                  <a:s>
                     <a:s>&quot;Payer&quot;</a:s>
                  </a:s>
                  <a:s>]</a:s>
               </a:s>
            </a:s>
         </annotation>
         <expression localId="86" locator="46:3-46:43" xmlns:ns14="urn:healthit-gov:qdm:v5_6" dataType="ns14:PatientCharacteristicPayer" codeProperty="code" codeComparator="in" xsi:type="Retrieve">
            <codes locator="46:36-46:42" name="Payer" xsi:type="ValueSetRef"/>
         </expression>
      </def>
      <def localId="89" locator="48:1-49:41" name="SDE Race" context="Patient" accessLevel="Public">
         <annotation xsi:type="a:Annotation">
            <a:s r="89">
               <a:s>define &quot;SDE Race&quot;:
  </a:s>
               <a:s r="88">
                  <a:s>[&quot;Patient Characteristic Race&quot;: </a:s>
                  <a:s>
                     <a:s>&quot;Race&quot;</a:s>
                  </a:s>
                  <a:s>]</a:s>
               </a:s>
            </a:s>
         </annotation>
         <expression localId="88" locator="49:3-49:41" xmlns:ns15="urn:healthit-gov:qdm:v5_6" dataType="ns15:PatientCharacteristicRace" codeProperty="code" codeComparator="in" xsi:type="Retrieve">
            <codes locator="49:35-49:40" name="Race" xsi:type="ValueSetRef"/>
         </expression>
      </def>
      <def localId="91" locator="51:1-52:58" name="SDE Sex" context="Patient" accessLevel="Public">
         <annotation xsi:type="a:Annotation">
            <a:s r="91">
               <a:s>define &quot;SDE Sex&quot;:
  </a:s>
               <a:s r="90">
                  <a:s>[&quot;Patient Characteristic Sex&quot;: </a:s>
                  <a:s>
                     <a:s>&quot;ONC Administrative Sex&quot;</a:s>
                  </a:s>
                  <a:s>]</a:s>
               </a:s>
            </a:s>
         </annotation>
         <expression localId="90" locator="52:3-52:58" xmlns:ns16="urn:healthit-gov:qdm:v5_6" dataType="ns16:PatientCharacteristicSex" codeProperty="code" codeComparator="in" xsi:type="Retrieve">
            <codes locator="52:34-52:57" name="ONC Administrative Sex" xsi:type="ValueSetRef"/>
         </expression>
      </def>
      <def localId="119" locator="68:1-74:3" name="Has Adult Pneumococcal Vaccine Administered" context="Patient" accessLevel="Public">
         <annotation xsi:type="a:Annotation">
            <a:s r="119">
               <a:s>define &quot;Has Adult Pneumococcal Vaccine Administered&quot;:
  </a:s>
               <a:s r="118">
                  <a:s>exists </a:s>
                  <a:s r="117">
                     <a:s>( </a:s>
                     <a:s r="117">
                        <a:s>
                           <a:s r="95">
                              <a:s r="94">
                                 <a:s>( </a:s>
                                 <a:s r="94">
                                    <a:s r="92">
                                       <a:s>[&quot;Immunization, Administered&quot;: </a:s>
                                       <a:s>
                                          <a:s>&quot;Adult Pneumococcal Vaccine&quot;</a:s>
                                       </a:s>
                                       <a:s>]</a:s>
                                    </a:s>
                                    <a:s>
      union </a:s>
                                    <a:s r="93">
                                       <a:s>[&quot;Procedure, Performed&quot;: </a:s>
                                       <a:s>
                                          <a:s>&quot;Adult Pneumococcal Vaccine Administered&quot;</a:s>
                                       </a:s>
                                       <a:s>]</a:s>
                                    </a:s>
                                 </a:s>
                                 <a:s> )</a:s>
                              </a:s>
                              <a:s> PneumococcalVaccination</a:s>
                           </a:s>
                        </a:s>
                        <a:s>
      </a:s>
                        <a:s r="116">
                           <a:s>where </a:s>
                           <a:s r="116">
                              <a:s r="106">
                                 <a:s r="104">
                                    <a:s>AgeInYearsAt(</a:s>
                                    <a:s r="103">
                                       <a:s>date from </a:s>
                                       <a:s r="102">
                                          <a:s>start of </a:s>
                                          <a:s r="101">
                                             <a:s r="96">
                                                <a:s>Global</a:s>
                                             </a:s>
                                             <a:s>.</a:s>
                                             <a:s r="101">
                                                <a:s>&quot;NormalizeInterval&quot;(</a:s>
                                                <a:s r="98">
                                                   <a:s r="97">
                                                      <a:s>PneumococcalVaccination</a:s>
                                                   </a:s>
                                                   <a:s>.</a:s>
                                                   <a:s r="98">
                                                      <a:s>relevantDatetime</a:s>
                                                   </a:s>
                                                </a:s>
                                                <a:s>, </a:s>
                                                <a:s r="100">
                                                   <a:s r="99">
                                                      <a:s>PneumococcalVaccination</a:s>
                                                   </a:s>
                                                   <a:s>.</a:s>
                                                   <a:s r="100">
                                                      <a:s>relevantPeriod</a:s>
                                                   </a:s>
                                                </a:s>
                                                <a:s>)</a:s>
                                             </a:s>
                                          </a:s>
                                       </a:s>
                                    </a:s>
                                    <a:s>)</a:s>
                                 </a:s>
                                 <a:s r="105">>= 19</a:s>
                              </a:s>
                              <a:s>
        and </a:s>
                              <a:s r="115">
                                 <a:s r="112">
                                    <a:s r="107">
                                       <a:s>Global</a:s>
                                    </a:s>
                                    <a:s>.</a:s>
                                    <a:s r="112">
                                       <a:s>&quot;NormalizeInterval&quot; ( </a:s>
                                       <a:s r="109">
                                          <a:s r="108">
                                             <a:s>PneumococcalVaccination</a:s>
                                          </a:s>
                                          <a:s>.</a:s>
                                          <a:s r="109">
                                             <a:s>relevantDatetime</a:s>
                                          </a:s>
                                       </a:s>
                                       <a:s>, </a:s>
                                       <a:s r="111">
                                          <a:s r="110">
                                             <a:s>PneumococcalVaccination</a:s>
                                          </a:s>
                                          <a:s>.</a:s>
                                          <a:s r="111">
                                             <a:s>relevantPeriod</a:s>
                                          </a:s>
                                       </a:s>
                                       <a:s> )</a:s>
                                    </a:s>
                                 </a:s>
                                 <a:s r="115"> on or before day of 
        </a:s>
                                 <a:s r="114">
                                    <a:s>end of </a:s>
                                    <a:s r="113">
                                       <a:s>&quot;Measurement Period&quot;</a:s>
                                    </a:s>
                                 </a:s>
                              </a:s>
                           </a:s>
                        </a:s>
                     </a:s>
                     <a:s>
  )</a:s>
                  </a:s>
               </a:s>
            </a:s>
         </annotation>
         <expression localId="118" locator="69:3-74:3" xsi:type="Exists">
            <operand localId="117" locator="69:10-74:3" xsi:type="Query">
               <source localId="95" locator="69:12-70:105" alias="PneumococcalVaccination">
                  <expression localId="94" locator="69:12-70:81" xsi:type="Union">
                     <operand xsi:type="As">
                        <operand localId="92" locator="69:14-69:73" xmlns:ns17="urn:healthit-gov:qdm:v5_6" dataType="ns17:PositiveImmunizationAdministered" templateId="PositiveImmunizationAdministered" codeProperty="code" codeComparator="in" xsi:type="Retrieve">
                           <codes locator="69:45-69:72" name="Adult Pneumococcal Vaccine" xsi:type="ValueSetRef"/>
                        </operand>
                        <asTypeSpecifier xsi:type="ListTypeSpecifier">
                           <elementType xsi:type="ChoiceTypeSpecifier">
                              <choice xmlns:ns18="urn:healthit-gov:qdm:v5_6" name="ns18:PositiveProcedurePerformed" xsi:type="NamedTypeSpecifier"/>
                              <choice xmlns:ns19="urn:healthit-gov:qdm:v5_6" name="ns19:PositiveImmunizationAdministered" xsi:type="NamedTypeSpecifier"/>
                           </elementType>
                        </asTypeSpecifier>
                     </operand>
                     <operand xsi:type="As">
                        <operand localId="93" locator="70:13-70:79" xmlns:ns20="urn:healthit-gov:qdm:v5_6" dataType="ns20:PositiveProcedurePerformed" templateId="PositiveProcedurePerformed" codeProperty="code" codeComparator="in" xsi:type="Retrieve">
                           <codes locator="70:38-70:78" name="Adult Pneumococcal Vaccine Administered" xsi:type="ValueSetRef"/>
                        </operand>
                        <asTypeSpecifier xsi:type="ListTypeSpecifier">
                           <elementType xsi:type="ChoiceTypeSpecifier">
                              <choice xmlns:ns21="urn:healthit-gov:qdm:v5_6" name="ns21:PositiveProcedurePerformed" xsi:type="NamedTypeSpecifier"/>
                              <choice xmlns:ns22="urn:healthit-gov:qdm:v5_6" name="ns22:PositiveImmunizationAdministered" xsi:type="NamedTypeSpecifier"/>
                           </elementType>
                        </asTypeSpecifier>
                     </operand>
                  </expression>
               </source>
               <where localId="116" locator="71:7-73:35" xsi:type="And">
                  <operand localId="106" locator="71:13-71:158" xsi:type="GreaterOrEqual">
                     <operand localId="104" locator="71:13-71:153" precision="Year" xsi:type="CalculateAgeAt">
                        <operand xsi:type="ToDate">
                           <operand path="birthDatetime" xsi:type="Property">
                              <source name="Patient" xsi:type="ExpressionRef"/>
                           </operand>
                        </operand>
                        <operand localId="103" locator="71:26-71:152" xsi:type="DateFrom">
                           <operand localId="102" locator="71:36-71:152" xsi:type="Start">
                              <operand localId="101" locator="71:45-71:152" name="NormalizeInterval" libraryName="Global" xsi:type="FunctionRef">
                                 <operand localId="98" locator="71:72-71:111" path="relevantDatetime" scope="PneumococcalVaccination" xsi:type="Property"/>
                                 <operand localId="100" locator="71:114-71:151" path="relevantPeriod" scope="PneumococcalVaccination" xsi:type="Property"/>
                              </operand>
                           </operand>
                        </operand>
                     </operand>
                     <operand localId="105" locator="71:157-71:158" valueType="t:Integer" value="19" xsi:type="Literal"/>
                  </operand>
                  <operand localId="115" locator="72:13-73:35" precision="Day" xsi:type="SameOrBefore">
                     <operand localId="112" locator="72:13-72:123" name="NormalizeInterval" libraryName="Global" xsi:type="FunctionRef">
                        <operand localId="109" locator="72:42-72:81" path="relevantDatetime" scope="PneumococcalVaccination" xsi:type="Property"/>
                        <operand localId="111" locator="72:84-72:121" path="relevantPeriod" scope="PneumococcalVaccination" xsi:type="Property"/>
                     </operand>
                     <operand xsi:type="If">
                        <condition xsi:type="IsNull">
                           <operand localId="114" locator="73:9-73:35" xsi:type="End">
                              <operand localId="113" locator="73:16-73:35" name="Measurement Period" xsi:type="ParameterRef"/>
                           </operand>
                        </condition>
                        <then xsi:type="Null">
                           <resultTypeSpecifier xsi:type="IntervalTypeSpecifier">
                              <pointType name="t:DateTime" xsi:type="NamedTypeSpecifier"/>
                           </resultTypeSpecifier>
                        </then>
                        <else lowClosed="true" highClosed="true" xsi:type="Interval">
                           <low localId="114" locator="73:9-73:35" xsi:type="End">
                              <operand localId="113" locator="73:16-73:35" name="Measurement Period" xsi:type="ParameterRef"/>
                           </low>
                           <high localId="114" locator="73:9-73:35" xsi:type="End">
                              <operand localId="113" locator="73:16-73:35" name="Measurement Period" xsi:type="ParameterRef"/>
                           </high>
                        </else>
                     </operand>
                  </operand>
               </where>
            </operand>
         </expression>
      </def>
      <def localId="121" locator="85:1-86:47" name="Numerator" context="Patient" accessLevel="Public">
         <annotation xsi:type="a:Annotation">
            <a:s r="121">
               <a:s>define &quot;Numerator&quot;:
  </a:s>
               <a:s r="120">
                  <a:s>&quot;Has Adult Pneumococcal Vaccine Administered&quot;</a:s>
               </a:s>
            </a:s>
         </annotation>
         <expression localId="120" locator="86:3-86:47" name="Has Adult Pneumococcal Vaccine Administered" xsi:type="ExpressionRef"/>
      </def>
   </statements>
</library>
