{
   "library" : {
      "annotation" : [ {
         "translatorOptions" : "EnableAnnotations,EnableLocators,DisableListDemotion,DisableListPromotion,DisableMethodInvocation",
         "type" : "CqlToElmInfo"
      }, {
         "type" : "Annotation",
         "s" : {
            "r" : "121",
            "s" : [ {
               "value" : [ "","library PneumococcalVaccinationStatusforOlderAdults version '12.0.000'" ]
            } ]
         }
      } ],
      "identifier" : {
         "id" : "PneumococcalVaccinationStatusforOlderAdults",
         "version" : "12.0.000"
      },
      "schemaIdentifier" : {
         "id" : "urn:hl7-org:elm",
         "version" : "r1"
      },
      "usings" : {
         "def" : [ {
            "localIdentifier" : "System",
            "uri" : "urn:hl7-org:elm-types:r1"
         }, {
            "localId" : "1",
            "locator" : "3:1-3:23",
            "localIdentifier" : "QDM",
            "uri" : "urn:healthit-gov:qdm:v5_6",
            "version" : "5.6",
            "annotation" : [ {
               "type" : "Annotation",
               "s" : {
                  "r" : "1",
                  "s" : [ {
                     "value" : [ "","using " ]
                  }, {
                     "s" : [ {
                        "value" : [ "QDM" ]
                     } ]
                  }, {
                     "value" : [ " version ","'5.6'" ]
                  } ]
               }
            } ]
         } ]
      },
      "includes" : {
         "def" : [ {
            "localId" : "2",
            "locator" : "5:1-5:64",
            "localIdentifier" : "Global",
            "path" : "MATGlobalCommonFunctions",
            "version" : "7.0.000",
            "annotation" : [ {
               "type" : "Annotation",
               "s" : {
                  "r" : "2",
                  "s" : [ {
                     "value" : [ "","include " ]
                  }, {
                     "s" : [ {
                        "value" : [ "MATGlobalCommonFunctions" ]
                     } ]
                  }, {
                     "value" : [ " version ","'7.0.000'"," called ","Global" ]
                  } ]
               }
            } ]
         }, {
            "localId" : "3",
            "locator" : "6:1-6:48",
            "localIdentifier" : "Hospice",
            "path" : "Hospice",
            "version" : "5.0.000",
            "annotation" : [ {
               "type" : "Annotation",
               "s" : {
                  "r" : "3",
                  "s" : [ {
                     "value" : [ "","include " ]
                  }, {
                     "s" : [ {
                        "value" : [ "Hospice" ]
                     } ]
                  }, {
                     "value" : [ " version ","'5.0.000'"," called ","Hospice" ]
                  } ]
               }
            } ]
         } ]
      },
      "parameters" : {
         "def" : [ {
            "localId" : "28",
            "locator" : "31:1-31:49",
            "name" : "Measurement Period",
            "accessLevel" : "Public",
            "annotation" : [ {
               "type" : "Annotation",
               "s" : {
                  "r" : "28",
                  "s" : [ {
                     "value" : [ "","parameter ","\"Measurement Period\""," " ]
                  }, {
                     "r" : "27",
                     "s" : [ {
                        "value" : [ "Interval<" ]
                     }, {
                        "r" : "26",
                        "s" : [ {
                           "value" : [ "DateTime" ]
                        } ]
                     }, {
                        "value" : [ ">" ]
                     } ]
                  } ]
               }
            } ],
            "parameterTypeSpecifier" : {
               "localId" : "27",
               "locator" : "31:32-31:49",
               "type" : "IntervalTypeSpecifier",
               "pointType" : {
                  "localId" : "26",
                  "locator" : "31:41-31:48",
                  "name" : "{urn:hl7-org:elm-types:r1}DateTime",
                  "type" : "NamedTypeSpecifier"
               }
            }
         } ]
      },
      "codeSystems" : {
         "def" : [ {
            "localId" : "4",
            "locator" : "8:1-8:55",
            "name" : "SNOMEDCT",
            "id" : "urn:oid:2.16.840.1.113883.6.96",
            "accessLevel" : "Public",
            "annotation" : [ {
               "type" : "Annotation",
               "s" : {
                  "r" : "4",
                  "s" : [ {
                     "value" : [ "","codesystem ","\"SNOMEDCT\"",": ","'urn:oid:2.16.840.1.113883.6.96'" ]
                  } ]
               }
            } ]
         }, {
            "localId" : "5",
            "locator" : "9:1-9:50",
            "name" : "CPT",
            "id" : "urn:oid:2.16.840.1.113883.6.12",
            "accessLevel" : "Public",
            "annotation" : [ {
               "type" : "Annotation",
               "s" : {
                  "r" : "5",
                  "s" : [ {
                     "value" : [ "","codesystem ","\"CPT\"",": ","'urn:oid:2.16.840.1.113883.6.12'" ]
                  } ]
               }
            } ]
         } ]
      },
      "valueSets" : {
         "def" : [ {
            "localId" : "6",
            "locator" : "11:1-11:82",
            "name" : "Adult Pneumococcal Vaccine",
            "id" : "urn:oid:2.16.840.1.113883.3.464.1003.1161",
            "accessLevel" : "Public",
            "annotation" : [ {
               "type" : "Annotation",
               "s" : {
                  "r" : "6",
                  "s" : [ {
                     "value" : [ "","valueset ","\"Adult Pneumococcal Vaccine\"",": ","'urn:oid:2.16.840.1.113883.3.464.1003.1161'" ]
                  } ]
               }
            } ]
         }, {
            "localId" : "7",
            "locator" : "12:1-12:95",
            "name" : "Adult Pneumococcal Vaccine Administered",
            "id" : "urn:oid:2.16.840.1.113883.3.464.1003.1162",
            "accessLevel" : "Public",
            "annotation" : [ {
               "type" : "Annotation",
               "s" : {
                  "r" : "7",
                  "s" : [ {
                     "value" : [ "","valueset ","\"Adult Pneumococcal Vaccine Administered\"",": ","'urn:oid:2.16.840.1.113883.3.464.1003.1162'" ]
                  } ]
               }
            } ]
         }, {
            "localId" : "8",
            "locator" : "13:1-13:74",
            "name" : "Annual Wellness Visit",
            "id" : "urn:oid:2.16.840.1.113883.3.526.3.1240",
            "accessLevel" : "Public",
            "annotation" : [ {
               "type" : "Annotation",
               "s" : {
                  "r" : "8",
                  "s" : [ {
                     "value" : [ "","valueset ","\"Annual Wellness Visit\"",": ","'urn:oid:2.16.840.1.113883.3.526.3.1240'" ]
                  } ]
               }
            } ]
         }, {
            "localId" : "9",
            "locator" : "14:1-14:110",
            "name" : "Care Services in Long Term Residential Facility",
            "id" : "urn:oid:2.16.840.1.113883.3.464.1003.101.12.1014",
            "accessLevel" : "Public",
            "annotation" : [ {
               "type" : "Annotation",
               "s" : {
                  "r" : "9",
                  "s" : [ {
                     "value" : [ "","valueset ","\"Care Services in Long Term Residential Facility\"",": ","'urn:oid:2.16.840.1.113883.3.464.1003.101.12.1014'" ]
                  } ]
               }
            } ]
         }, {
            "localId" : "10",
            "locator" : "15:1-15:98",
            "name" : "Discharge Services Nursing Facility",
            "id" : "urn:oid:2.16.840.1.113883.3.464.1003.101.12.1013",
            "accessLevel" : "Public",
            "annotation" : [ {
               "type" : "Annotation",
               "s" : {
                  "r" : "10",
                  "s" : [ {
                     "value" : [ "","valueset ","\"Discharge Services Nursing Facility\"",": ","'urn:oid:2.16.840.1.113883.3.464.1003.101.12.1013'" ]
                  } ]
               }
            } ]
         }, {
            "localId" : "11",
            "locator" : "16:1-16:58",
            "name" : "Ethnicity",
            "id" : "urn:oid:2.16.840.1.114222.4.11.837",
            "accessLevel" : "Public",
            "annotation" : [ {
               "type" : "Annotation",
               "s" : {
                  "r" : "11",
                  "s" : [ {
                     "value" : [ "","valueset ","\"Ethnicity\"",": ","'urn:oid:2.16.840.1.114222.4.11.837'" ]
                  } ]
               }
            } ]
         }, {
            "localId" : "12",
            "locator" : "17:1-17:87",
            "name" : "Home Healthcare Services",
            "id" : "urn:oid:2.16.840.1.113883.3.464.1003.101.12.1016",
            "accessLevel" : "Public",
            "annotation" : [ {
               "type" : "Annotation",
               "s" : {
                  "r" : "12",
                  "s" : [ {
                     "value" : [ "","valueset ","\"Home Healthcare Services\"",": ","'urn:oid:2.16.840.1.113883.3.464.1003.101.12.1016'" ]
                  } ]
               }
            } ]
         }, {
            "localId" : "13",
            "locator" : "18:1-18:85",
            "name" : "Nursing Facility Visit",
            "id" : "urn:oid:2.16.840.1.113883.3.464.1003.101.12.1012",
            "accessLevel" : "Public",
            "annotation" : [ {
               "type" : "Annotation",
               "s" : {
                  "r" : "13",
                  "s" : [ {
                     "value" : [ "","valueset ","\"Nursing Facility Visit\"",": ","'urn:oid:2.16.840.1.113883.3.464.1003.101.12.1012'" ]
                  } ]
               }
            } ]
         }, {
            "localId" : "14",
            "locator" : "19:1-19:75",
            "name" : "Office Visit",
            "id" : "urn:oid:2.16.840.1.113883.3.464.1003.101.12.1001",
            "accessLevel" : "Public",
            "annotation" : [ {
               "type" : "Annotation",
               "s" : {
                  "r" : "14",
                  "s" : [ {
                     "value" : [ "","valueset ","\"Office Visit\"",": ","'urn:oid:2.16.840.1.113883.3.464.1003.101.12.1001'" ]
                  } ]
               }
            } ]
         }, {
            "localId" : "15",
            "locator" : "20:1-20:68",
            "name" : "ONC Administrative Sex",
            "id" : "urn:oid:2.16.840.1.113762.1.4.1",
            "accessLevel" : "Public",
            "annotation" : [ {
               "type" : "Annotation",
               "s" : {
                  "r" : "15",
                  "s" : [ {
                     "value" : [ "","valueset ","\"ONC Administrative Sex\"",": ","'urn:oid:2.16.840.1.113762.1.4.1'" ]
                  } ]
               }
            } ]
         }, {
            "localId" : "16",
            "locator" : "21:1-21:81",
            "name" : "Online Assessments",
            "id" : "urn:oid:2.16.840.1.113883.3.464.1003.101.12.1089",
            "accessLevel" : "Public",
            "annotation" : [ {
               "type" : "Annotation",
               "s" : {
                  "r" : "16",
                  "s" : [ {
                     "value" : [ "","valueset ","\"Online Assessments\"",": ","'urn:oid:2.16.840.1.113883.3.464.1003.101.12.1089'" ]
                  } ]
               }
            } ]
         }, {
            "localId" : "17",
            "locator" : "22:1-22:55",
            "name" : "Payer",
            "id" : "urn:oid:2.16.840.1.114222.4.11.3591",
            "accessLevel" : "Public",
            "annotation" : [ {
               "type" : "Annotation",
               "s" : {
                  "r" : "17",
                  "s" : [ {
                     "value" : [ "","valueset ","\"Payer\"",": ","'urn:oid:2.16.840.1.114222.4.11.3591'" ]
                  } ]
               }
            } ]
         }, {
            "localId" : "18",
            "locator" : "23:1-23:123",
            "name" : "Preventive Care Services Established Office Visit, 18 and Up",
            "id" : "urn:oid:2.16.840.1.113883.3.464.1003.101.12.1025",
            "accessLevel" : "Public",
            "annotation" : [ {
               "type" : "Annotation",
               "s" : {
                  "r" : "18",
                  "s" : [ {
                     "value" : [ "","valueset ","\"Preventive Care Services Established Office Visit, 18 and Up\"",": ","'urn:oid:2.16.840.1.113883.3.464.1003.101.12.1025'" ]
                  } ]
               }
            } ]
         }, {
            "localId" : "19",
            "locator" : "24:1-24:119",
            "name" : "Preventive Care Services Initial Office Visit, 18 and Up",
            "id" : "urn:oid:2.16.840.1.113883.3.464.1003.101.12.1023",
            "accessLevel" : "Public",
            "annotation" : [ {
               "type" : "Annotation",
               "s" : {
                  "r" : "19",
                  "s" : [ {
                     "value" : [ "","valueset ","\"Preventive Care Services Initial Office Visit, 18 and Up\"",": ","'urn:oid:2.16.840.1.113883.3.464.1003.101.12.1023'" ]
                  } ]
               }
            } ]
         }, {
            "localId" : "20",
            "locator" : "25:1-25:53",
            "name" : "Race",
            "id" : "urn:oid:2.16.840.1.114222.4.11.836",
            "accessLevel" : "Public",
            "annotation" : [ {
               "type" : "Annotation",
               "s" : {
                  "r" : "20",
                  "s" : [ {
                     "value" : [ "","valueset ","\"Race\"",": ","'urn:oid:2.16.840.1.114222.4.11.836'" ]
                  } ]
               }
            } ]
         }, {
            "localId" : "21",
            "locator" : "26:1-26:79",
            "name" : "Telephone Visits",
            "id" : "urn:oid:2.16.840.1.113883.3.464.1003.101.12.1080",
            "accessLevel" : "Public",
            "annotation" : [ {
               "type" : "Annotation",
               "s" : {
                  "r" : "21",
                  "s" : [ {
                     "value" : [ "","valueset ","\"Telephone Visits\"",": ","'urn:oid:2.16.840.1.113883.3.464.1003.101.12.1080'" ]
                  } ]
               }
            } ]
         } ]
      },
      "codes" : {
         "def" : [ {
            "localId" : "23",
            "locator" : "28:1-28:237",
            "name" : "Anaphylaxis caused by vaccine product containing Streptococcus pneumoniae antigen (disorder)",
            "id" : "471141000124102",
            "display" : "Anaphylaxis caused by vaccine product containing Streptococcus pneumoniae antigen (disorder)",
            "accessLevel" : "Public",
            "annotation" : [ {
               "type" : "Annotation",
               "s" : {
                  "r" : "23",
                  "s" : [ {
                     "value" : [ "","code ","\"Anaphylaxis caused by vaccine product containing Streptococcus pneumoniae antigen (disorder)\"",": ","'471141000124102'"," from " ]
                  }, {
                     "r" : "22",
                     "s" : [ {
                        "value" : [ "\"SNOMEDCT\"" ]
                     } ]
                  }, {
                     "value" : [ " display ","'Anaphylaxis caused by vaccine product containing Streptococcus pneumoniae antigen (disorder)'" ]
                  } ]
               }
            } ],
            "codeSystem" : {
               "localId" : "22",
               "locator" : "28:125-28:134",
               "name" : "SNOMEDCT"
            }
         }, {
            "localId" : "25",
            "locator" : "29:1-29:408",
            "name" : "Office or other outpatient visit for the evaluation and management of an established patient that may not require the presence of a physician or other qualified health care professional",
            "id" : "99211",
            "display" : "Office or other outpatient visit for the evaluation and management of an established patient that may not require the presence of a physician or other qualified health care professional",
            "accessLevel" : "Public",
            "annotation" : [ {
               "type" : "Annotation",
               "s" : {
                  "r" : "25",
                  "s" : [ {
                     "value" : [ "","code ","\"Office or other outpatient visit for the evaluation and management of an established patient that may not require the presence of a physician or other qualified health care professional\"",": ","'99211'"," from " ]
                  }, {
                     "r" : "24",
                     "s" : [ {
                        "value" : [ "\"CPT\"" ]
                     } ]
                  }, {
                     "value" : [ " display ","'Office or other outpatient visit for the evaluation and management of an established patient that may not require the presence of a physician or other qualified health care professional'" ]
                  } ]
               }
            } ],
            "codeSystem" : {
               "localId" : "24",
               "locator" : "29:208-29:212",
               "name" : "CPT"
            }
         } ]
      },
      "contexts" : {
         "def" : [ {
            "locator" : "33:1-33:15",
            "name" : "Patient"
         } ]
      },
      "statements" : {
         "def" : [ {
            "locator" : "33:1-33:15",
            "name" : "Patient",
            "context" : "Patient",
            "expression" : {
               "type" : "SingletonFrom",
               "operand" : {
                  "locator" : "33:1-33:15",
                  "dataType" : "{urn:healthit-gov:qdm:v5_6}Patient",
                  "templateId" : "Patient",
                  "type" : "Retrieve"
               }
            }
         }, {
            "localId" : "62",
            "locator" : "54:1-66:75",
            "name" : "Qualifying Encounters",
            "context" : "Patient",
            "accessLevel" : "Public",
            "annotation" : [ {
               "type" : "Annotation",
               "s" : {
                  "r" : "62",
                  "s" : [ {
                     "value" : [ "","define ","\"Qualifying Encounters\"",":\n  " ]
                  }, {
                     "r" : "61",
                     "s" : [ {
                        "s" : [ {
                           "r" : "56",
                           "s" : [ {
                              "r" : "55",
                              "s" : [ {
                                 "value" : [ "( " ]
                              }, {
                                 "r" : "55",
                                 "s" : [ {
                                    "r" : "53",
                                    "s" : [ {
                                       "r" : "51",
                                       "s" : [ {
                                          "r" : "49",
                                          "s" : [ {
                                             "r" : "47",
                                             "s" : [ {
                                                "r" : "45",
                                                "s" : [ {
                                                   "r" : "43",
                                                   "s" : [ {
                                                      "r" : "41",
                                                      "s" : [ {
                                                         "r" : "39",
                                                         "s" : [ {
                                                            "r" : "37",
                                                            "s" : [ {
                                                               "r" : "35",
                                                               "s" : [ {
                                                                  "value" : [ "[","\"Encounter, Performed\"",": " ]
                                                               }, {
                                                                  "s" : [ {
                                                                     "value" : [ "\"Office Visit\"" ]
                                                                  } ]
                                                               }, {
                                                                  "value" : [ "]" ]
                                                               } ]
                                                            }, {
                                                               "value" : [ "\n    union " ]
                                                            }, {
                                                               "r" : "36",
                                                               "s" : [ {
                                                                  "value" : [ "[","\"Encounter, Performed\"",": " ]
                                                               }, {
                                                                  "s" : [ {
                                                                     "value" : [ "\"Annual Wellness Visit\"" ]
                                                                  } ]
                                                               }, {
                                                                  "value" : [ "]" ]
                                                               } ]
                                                            } ]
                                                         }, {
                                                            "value" : [ "\n    union " ]
                                                         }, {
                                                            "r" : "38",
                                                            "s" : [ {
                                                               "value" : [ "[","\"Encounter, Performed\"",": " ]
                                                            }, {
                                                               "s" : [ {
                                                                  "value" : [ "\"Preventive Care Services Established Office Visit, 18 and Up\"" ]
                                                               } ]
                                                            }, {
                                                               "value" : [ "]" ]
                                                            } ]
                                                         } ]
                                                      }, {
                                                         "value" : [ "\n    union " ]
                                                      }, {
                                                         "r" : "40",
                                                         "s" : [ {
                                                            "value" : [ "[","\"Encounter, Performed\"",": " ]
                                                         }, {
                                                            "s" : [ {
                                                               "value" : [ "\"Preventive Care Services Initial Office Visit, 18 and Up\"" ]
                                                            } ]
                                                         }, {
                                                            "value" : [ "]" ]
                                                         } ]
                                                      } ]
                                                   }, {
                                                      "value" : [ "\n    union " ]
                                                   }, {
                                                      "r" : "42",
                                                      "s" : [ {
                                                         "value" : [ "[","\"Encounter, Performed\"",": " ]
                                                      }, {
                                                         "s" : [ {
                                                            "value" : [ "\"Home Healthcare Services\"" ]
                                                         } ]
                                                      }, {
                                                         "value" : [ "]" ]
                                                      } ]
                                                   } ]
                                                }, {
                                                   "value" : [ "\n    union " ]
                                                }, {
                                                   "r" : "44",
                                                   "s" : [ {
                                                      "value" : [ "[","\"Encounter, Performed\"",": " ]
                                                   }, {
                                                      "s" : [ {
                                                         "value" : [ "\"Care Services in Long Term Residential Facility\"" ]
                                                      } ]
                                                   }, {
                                                      "value" : [ "]" ]
                                                   } ]
                                                } ]
                                             }, {
                                                "value" : [ "\n    union " ]
                                             }, {
                                                "r" : "46",
                                                "s" : [ {
                                                   "value" : [ "[","\"Encounter, Performed\"",": " ]
                                                }, {
                                                   "s" : [ {
                                                      "value" : [ "\"Nursing Facility Visit\"" ]
                                                   } ]
                                                }, {
                                                   "value" : [ "]" ]
                                                } ]
                                             } ]
                                          }, {
                                             "value" : [ "\n    union " ]
                                          }, {
                                             "r" : "48",
                                             "s" : [ {
                                                "value" : [ "[","\"Encounter, Performed\"",": " ]
                                             }, {
                                                "s" : [ {
                                                   "value" : [ "\"Discharge Services Nursing Facility\"" ]
                                                } ]
                                             }, {
                                                "value" : [ "]" ]
                                             } ]
                                          } ]
                                       }, {
                                          "value" : [ "\n    union " ]
                                       }, {
                                          "r" : "50",
                                          "s" : [ {
                                             "value" : [ "[","\"Encounter, Performed\"",": " ]
                                          }, {
                                             "s" : [ {
                                                "value" : [ "\"Online Assessments\"" ]
                                             } ]
                                          }, {
                                             "value" : [ "]" ]
                                          } ]
                                       } ]
                                    }, {
                                       "value" : [ "\n    union " ]
                                    }, {
                                       "r" : "52",
                                       "s" : [ {
                                          "value" : [ "[","\"Encounter, Performed\"",": " ]
                                       }, {
                                          "s" : [ {
                                             "value" : [ "\"Telephone Visits\"" ]
                                          } ]
                                       }, {
                                          "value" : [ "]" ]
                                       } ]
                                    } ]
                                 }, {
                                    "value" : [ "\n    union " ]
                                 }, {
                                    "r" : "54",
                                    "s" : [ {
                                       "value" : [ "[","\"Encounter, Performed\"",": " ]
                                    }, {
                                       "s" : [ {
                                          "value" : [ "\"Office or other outpatient visit for the evaluation and management of an established patient that may not require the presence of a physician or other qualified health care professional\"" ]
                                       } ]
                                    }, {
                                       "value" : [ "]" ]
                                    } ]
                                 } ]
                              }, {
                                 "value" : [ " )" ]
                              } ]
                           }, {
                              "value" : [ " ","ValidEncounters" ]
                           } ]
                        } ]
                     }, {
                        "value" : [ "\n    " ]
                     }, {
                        "r" : "60",
                        "s" : [ {
                           "value" : [ "where " ]
                        }, {
                           "r" : "60",
                           "s" : [ {
                              "r" : "58",
                              "s" : [ {
                                 "r" : "57",
                                 "s" : [ {
                                    "value" : [ "ValidEncounters" ]
                                 } ]
                              }, {
                                 "value" : [ "." ]
                              }, {
                                 "r" : "58",
                                 "s" : [ {
                                    "value" : [ "relevantPeriod" ]
                                 } ]
                              } ]
                           }, {
                              "r" : "60",
                              "value" : [ " ","during day of"," " ]
                           }, {
                              "r" : "59",
                              "s" : [ {
                                 "value" : [ "\"Measurement Period\"" ]
                              } ]
                           } ]
                        } ]
                     } ]
                  } ]
               }
            } ],
            "expression" : {
               "localId" : "61",
               "locator" : "55:3-66:75",
               "type" : "Query",
               "source" : [ {
                  "localId" : "56",
                  "locator" : "55:3-65:241",
                  "alias" : "ValidEncounters",
                  "expression" : {
                     "localId" : "55",
                     "locator" : "55:3-65:225",
                     "type" : "Union",
                     "operand" : [ {
                        "localId" : "53",
                        "locator" : "55:5-64:54",
                        "type" : "Union",
                        "operand" : [ {
                           "localId" : "49",
                           "locator" : "55:5-62:73",
                           "type" : "Union",
                           "operand" : [ {
                              "localId" : "45",
                              "locator" : "55:5-60:85",
                              "type" : "Union",
                              "operand" : [ {
                                 "localId" : "41",
                                 "locator" : "55:5-58:94",
                                 "type" : "Union",
                                 "operand" : [ {
                                    "localId" : "37",
                                    "locator" : "55:5-56:59",
                                    "type" : "Union",
                                    "operand" : [ {
                                       "localId" : "35",
                                       "locator" : "55:5-55:44",
                                       "dataType" : "{urn:healthit-gov:qdm:v5_6}PositiveEncounterPerformed",
                                       "templateId" : "PositiveEncounterPerformed",
                                       "codeProperty" : "code",
                                       "codeComparator" : "in",
                                       "type" : "Retrieve",
                                       "codes" : {
                                          "locator" : "55:30-55:43",
                                          "name" : "Office Visit",
                                          "type" : "ValueSetRef"
                                       }
                                    }, {
                                       "localId" : "36",
                                       "locator" : "56:11-56:59",
                                       "dataType" : "{urn:healthit-gov:qdm:v5_6}PositiveEncounterPerformed",
                                       "templateId" : "PositiveEncounterPerformed",
                                       "codeProperty" : "code",
                                       "codeComparator" : "in",
                                       "type" : "Retrieve",
                                       "codes" : {
                                          "locator" : "56:36-56:58",
                                          "name" : "Annual Wellness Visit",
                                          "type" : "ValueSetRef"
                                       }
                                    } ]
                                 }, {
                                    "type" : "Union",
                                    "operand" : [ {
                                       "localId" : "38",
                                       "locator" : "57:11-57:98",
                                       "dataType" : "{urn:healthit-gov:qdm:v5_6}PositiveEncounterPerformed",
                                       "templateId" : "PositiveEncounterPerformed",
                                       "codeProperty" : "code",
                                       "codeComparator" : "in",
                                       "type" : "Retrieve",
                                       "codes" : {
                                          "locator" : "57:36-57:97",
                                          "name" : "Preventive Care Services Established Office Visit, 18 and Up",
                                          "type" : "ValueSetRef"
                                       }
                                    }, {
                                       "localId" : "40",
                                       "locator" : "58:11-58:94",
                                       "dataType" : "{urn:healthit-gov:qdm:v5_6}PositiveEncounterPerformed",
                                       "templateId" : "PositiveEncounterPerformed",
                                       "codeProperty" : "code",
                                       "codeComparator" : "in",
                                       "type" : "Retrieve",
                                       "codes" : {
                                          "locator" : "58:36-58:93",
                                          "name" : "Preventive Care Services Initial Office Visit, 18 and Up",
                                          "type" : "ValueSetRef"
                                       }
                                    } ]
                                 } ]
                              }, {
                                 "type" : "Union",
                                 "operand" : [ {
                                    "localId" : "42",
                                    "locator" : "59:11-59:62",
                                    "dataType" : "{urn:healthit-gov:qdm:v5_6}PositiveEncounterPerformed",
                                    "templateId" : "PositiveEncounterPerformed",
                                    "codeProperty" : "code",
                                    "codeComparator" : "in",
                                    "type" : "Retrieve",
                                    "codes" : {
                                       "locator" : "59:36-59:61",
                                       "name" : "Home Healthcare Services",
                                       "type" : "ValueSetRef"
                                    }
                                 }, {
                                    "localId" : "44",
                                    "locator" : "60:11-60:85",
                                    "dataType" : "{urn:healthit-gov:qdm:v5_6}PositiveEncounterPerformed",
                                    "templateId" : "PositiveEncounterPerformed",
                                    "codeProperty" : "code",
                                    "codeComparator" : "in",
                                    "type" : "Retrieve",
                                    "codes" : {
                                       "locator" : "60:36-60:84",
                                       "name" : "Care Services in Long Term Residential Facility",
                                       "type" : "ValueSetRef"
                                    }
                                 } ]
                              } ]
                           }, {
                              "type" : "Union",
                              "operand" : [ {
                                 "localId" : "46",
                                 "locator" : "61:11-61:60",
                                 "dataType" : "{urn:healthit-gov:qdm:v5_6}PositiveEncounterPerformed",
                                 "templateId" : "PositiveEncounterPerformed",
                                 "codeProperty" : "code",
                                 "codeComparator" : "in",
                                 "type" : "Retrieve",
                                 "codes" : {
                                    "locator" : "61:36-61:59",
                                    "name" : "Nursing Facility Visit",
                                    "type" : "ValueSetRef"
                                 }
                              }, {
                                 "localId" : "48",
                                 "locator" : "62:11-62:73",
                                 "dataType" : "{urn:healthit-gov:qdm:v5_6}PositiveEncounterPerformed",
                                 "templateId" : "PositiveEncounterPerformed",
                                 "codeProperty" : "code",
                                 "codeComparator" : "in",
                                 "type" : "Retrieve",
                                 "codes" : {
                                    "locator" : "62:36-62:72",
                                    "name" : "Discharge Services Nursing Facility",
                                    "type" : "ValueSetRef"
                                 }
                              } ]
                           } ]
                        }, {
                           "type" : "Union",
                           "operand" : [ {
                              "localId" : "50",
                              "locator" : "63:11-63:56",
                              "dataType" : "{urn:healthit-gov:qdm:v5_6}PositiveEncounterPerformed",
                              "templateId" : "PositiveEncounterPerformed",
                              "codeProperty" : "code",
                              "codeComparator" : "in",
                              "type" : "Retrieve",
                              "codes" : {
                                 "locator" : "63:36-63:55",
                                 "name" : "Online Assessments",
                                 "type" : "ValueSetRef"
                              }
                           }, {
                              "localId" : "52",
                              "locator" : "64:11-64:54",
                              "dataType" : "{urn:healthit-gov:qdm:v5_6}PositiveEncounterPerformed",
                              "templateId" : "PositiveEncounterPerformed",
                              "codeProperty" : "code",
                              "codeComparator" : "in",
                              "type" : "Retrieve",
                              "codes" : {
                                 "locator" : "64:36-64:53",
                                 "name" : "Telephone Visits",
                                 "type" : "ValueSetRef"
                              }
                           } ]
                        } ]
                     }, {
                        "localId" : "54",
                        "locator" : "65:11-65:223",
                        "dataType" : "{urn:healthit-gov:qdm:v5_6}PositiveEncounterPerformed",
                        "templateId" : "PositiveEncounterPerformed",
                        "codeProperty" : "code",
                        "codeComparator" : "~",
                        "type" : "Retrieve",
                        "codes" : {
                           "type" : "ToList",
                           "operand" : {
                              "locator" : "65:36-65:222",
                              "name" : "Office or other outpatient visit for the evaluation and management of an established patient that may not require the presence of a physician or other qualified health care professional",
                              "type" : "CodeRef"
                           }
                        }
                     } ]
                  }
               } ],
               "relationship" : [ ],
               "where" : {
                  "localId" : "60",
                  "locator" : "66:5-66:75",
                  "precision" : "Day",
                  "type" : "IncludedIn",
                  "operand" : [ {
                     "localId" : "58",
                     "locator" : "66:11-66:40",
                     "path" : "relevantPeriod",
                     "scope" : "ValidEncounters",
                     "type" : "Property"
                  }, {
                     "localId" : "59",
                     "locator" : "66:56-66:75",
                     "name" : "Measurement Period",
                     "type" : "ParameterRef"
                  } ]
               }
            }
         }, {
            "localId" : "66",
            "locator" : "76:1-78:38",
            "name" : "Initial Population",
            "context" : "Patient",
            "accessLevel" : "Public",
            "annotation" : [ {
               "type" : "Annotation",
               "s" : {
                  "r" : "66",
                  "s" : [ {
                     "value" : [ "","define ","\"Initial Population\"",":\n  " ]
                  }, {
                     "r" : "65",
                     "s" : [ {
                        "r" : "34",
                        "s" : [ {
                           "r" : "32",
                           "s" : [ {
                              "value" : [ "AgeInYearsAt","(" ]
                           }, {
                              "r" : "31",
                              "s" : [ {
                                 "value" : [ "date from " ]
                              }, {
                                 "r" : "30",
                                 "s" : [ {
                                    "value" : [ "start of " ]
                                 }, {
                                    "r" : "29",
                                    "s" : [ {
                                       "value" : [ "\"Measurement Period\"" ]
                                    } ]
                                 } ]
                              } ]
                           }, {
                              "value" : [ ")" ]
                           } ]
                        }, {
                           "r" : "33",
                           "value" : [ ">="," ","65" ]
                        } ]
                     }, {
                        "value" : [ "\n    and " ]
                     }, {
                        "r" : "64",
                        "s" : [ {
                           "value" : [ "exists " ]
                        }, {
                           "r" : "63",
                           "s" : [ {
                              "value" : [ "\"Qualifying Encounters\"" ]
                           } ]
                        } ]
                     } ]
                  } ]
               }
            } ],
            "expression" : {
               "localId" : "65",
               "locator" : "77:3-78:38",
               "type" : "And",
               "operand" : [ {
                  "localId" : "34",
                  "locator" : "77:3-77:60",
                  "type" : "GreaterOrEqual",
                  "operand" : [ {
                     "localId" : "32",
                     "locator" : "77:3-77:55",
                     "precision" : "Year",
                     "type" : "CalculateAgeAt",
                     "operand" : [ {
                        "type" : "ToDate",
                        "operand" : {
                           "path" : "birthDatetime",
                           "type" : "Property",
                           "source" : {
                              "name" : "Patient",
                              "type" : "ExpressionRef"
                           }
                        }
                     }, {
                        "localId" : "31",
                        "locator" : "77:16-77:54",
                        "type" : "DateFrom",
                        "operand" : {
                           "localId" : "30",
                           "locator" : "77:26-77:54",
                           "type" : "Start",
                           "operand" : {
                              "localId" : "29",
                              "locator" : "77:35-77:54",
                              "name" : "Measurement Period",
                              "type" : "ParameterRef"
                           }
                        }
                     } ]
                  }, {
                     "localId" : "33",
                     "locator" : "77:59-77:60",
                     "valueType" : "{urn:hl7-org:elm-types:r1}Integer",
                     "value" : "65",
                     "type" : "Literal"
                  } ]
               }, {
                  "localId" : "64",
                  "locator" : "78:9-78:38",
                  "type" : "Exists",
                  "operand" : {
                     "localId" : "63",
                     "locator" : "78:16-78:38",
                     "name" : "Qualifying Encounters",
                     "type" : "ExpressionRef"
                  }
               } ]
            }
         }, {
            "localId" : "68",
            "locator" : "35:1-36:22",
            "name" : "Denominator",
            "context" : "Patient",
            "accessLevel" : "Public",
            "annotation" : [ {
               "type" : "Annotation",
               "s" : {
                  "r" : "68",
                  "s" : [ {
                     "value" : [ "","define ","\"Denominator\"",":\n  " ]
                  }, {
                     "r" : "67",
                     "s" : [ {
                        "value" : [ "\"Initial Population\"" ]
                     } ]
                  } ]
               }
            } ],
            "expression" : {
               "localId" : "67",
               "locator" : "36:3-36:22",
               "name" : "Initial Population",
               "type" : "ExpressionRef"
            }
         }, {
            "localId" : "80",
            "locator" : "80:1-83:31",
            "name" : "Has Pneumococcal Vaccine Anaphylaxis",
            "context" : "Patient",
            "accessLevel" : "Public",
            "annotation" : [ {
               "type" : "Annotation",
               "s" : {
                  "r" : "80",
                  "s" : [ {
                     "value" : [ "","define ","\"Has Pneumococcal Vaccine Anaphylaxis\"",":\n  " ]
                  }, {
                     "r" : "79",
                     "s" : [ {
                        "value" : [ "exists " ]
                     }, {
                        "r" : "78",
                        "s" : [ {
                           "s" : [ {
                              "r" : "72",
                              "s" : [ {
                                 "r" : "71",
                                 "s" : [ {
                                    "r" : "71",
                                    "s" : [ {
                                       "value" : [ "[","\"Diagnosis\"",": " ]
                                    }, {
                                       "s" : [ {
                                          "value" : [ "\"Anaphylaxis caused by vaccine product containing Streptococcus pneumoniae antigen (disorder)\"" ]
                                       } ]
                                    }, {
                                       "value" : [ "]" ]
                                    } ]
                                 } ]
                              }, {
                                 "value" : [ " ","PneumococcalAnaphylaxis" ]
                              } ]
                           } ]
                        }, {
                           "value" : [ "\n    " ]
                        }, {
                           "r" : "77",
                           "s" : [ {
                              "value" : [ "where " ]
                           }, {
                              "r" : "77",
                              "s" : [ {
                                 "r" : "74",
                                 "s" : [ {
                                    "r" : "73",
                                    "s" : [ {
                                       "value" : [ "PneumococcalAnaphylaxis" ]
                                    } ]
                                 }, {
                                    "value" : [ "." ]
                                 }, {
                                    "r" : "74",
                                    "s" : [ {
                                       "value" : [ "prevalencePeriod" ]
                                    } ]
                                 } ]
                              }, {
                                 "r" : "77",
                                 "value" : [ " ","starts on or before"," \n    " ]
                              }, {
                                 "r" : "76",
                                 "s" : [ {
                                    "value" : [ "end of " ]
                                 }, {
                                    "r" : "75",
                                    "s" : [ {
                                       "value" : [ "\"Measurement Period\"" ]
                                    } ]
                                 } ]
                              } ]
                           } ]
                        } ]
                     } ]
                  } ]
               }
            } ],
            "expression" : {
               "localId" : "79",
               "locator" : "81:3-83:31",
               "type" : "Exists",
               "operand" : {
                  "localId" : "78",
                  "locator" : "81:10-83:31",
                  "type" : "Query",
                  "source" : [ {
                     "localId" : "72",
                     "locator" : "81:10-81:142",
                     "alias" : "PneumococcalAnaphylaxis",
                     "expression" : {
                        "localId" : "71",
                        "locator" : "81:10-81:118",
                        "dataType" : "{urn:healthit-gov:qdm:v5_6}Diagnosis",
                        "codeProperty" : "code",
                        "codeComparator" : "~",
                        "type" : "Retrieve",
                        "codes" : {
                           "type" : "ToList",
                           "operand" : {
                              "locator" : "81:24-81:117",
                              "name" : "Anaphylaxis caused by vaccine product containing Streptococcus pneumoniae antigen (disorder)",
                              "type" : "CodeRef"
                           }
                        }
                     }
                  } ],
                  "relationship" : [ ],
                  "where" : {
                     "localId" : "77",
                     "locator" : "82:5-83:31",
                     "type" : "SameOrBefore",
                     "operand" : [ {
                        "locator" : "82:52-82:57",
                        "type" : "Start",
                        "operand" : {
                           "localId" : "74",
                           "locator" : "82:11-82:50",
                           "path" : "prevalencePeriod",
                           "scope" : "PneumococcalAnaphylaxis",
                           "type" : "Property"
                        }
                     }, {
                        "localId" : "76",
                        "locator" : "83:5-83:31",
                        "type" : "End",
                        "operand" : {
                           "localId" : "75",
                           "locator" : "83:12-83:31",
                           "name" : "Measurement Period",
                           "type" : "ParameterRef"
                        }
                     } ]
                  }
               }
            }
         }, {
            "localId" : "83",
            "locator" : "38:1-40:45",
            "name" : "Denominator Exclusions",
            "context" : "Patient",
            "accessLevel" : "Public",
            "annotation" : [ {
               "type" : "Annotation",
               "s" : {
                  "r" : "83",
                  "s" : [ {
                     "value" : [ "","define ","\"Denominator Exclusions\"",":\n  " ]
                  }, {
                     "r" : "82",
                     "s" : [ {
                        "r" : "70",
                        "s" : [ {
                           "r" : "69",
                           "s" : [ {
                              "value" : [ "Hospice" ]
                           } ]
                        }, {
                           "value" : [ "." ]
                        }, {
                           "r" : "70",
                           "s" : [ {
                              "value" : [ "\"Has Hospice Services\"" ]
                           } ]
                        } ]
                     }, {
                        "value" : [ "\n    or " ]
                     }, {
                        "r" : "81",
                        "s" : [ {
                           "value" : [ "\"Has Pneumococcal Vaccine Anaphylaxis\"" ]
                        } ]
                     } ]
                  } ]
               }
            } ],
            "expression" : {
               "localId" : "82",
               "locator" : "39:3-40:45",
               "type" : "Or",
               "operand" : [ {
                  "localId" : "70",
                  "locator" : "39:3-39:32",
                  "name" : "Has Hospice Services",
                  "libraryName" : "Hospice",
                  "type" : "ExpressionRef"
               }, {
                  "localId" : "81",
                  "locator" : "40:8-40:45",
                  "name" : "Has Pneumococcal Vaccine Anaphylaxis",
                  "type" : "ExpressionRef"
               } ]
            }
         }, {
            "localId" : "85",
            "locator" : "42:1-43:51",
            "name" : "SDE Ethnicity",
            "context" : "Patient",
            "accessLevel" : "Public",
            "annotation" : [ {
               "type" : "Annotation",
               "s" : {
                  "r" : "85",
                  "s" : [ {
                     "value" : [ "","define ","\"SDE Ethnicity\"",":\n  " ]
                  }, {
                     "r" : "84",
                     "s" : [ {
                        "value" : [ "[","\"Patient Characteristic Ethnicity\"",": " ]
                     }, {
                        "s" : [ {
                           "value" : [ "\"Ethnicity\"" ]
                        } ]
                     }, {
                        "value" : [ "]" ]
                     } ]
                  } ]
               }
            } ],
            "expression" : {
               "localId" : "84",
               "locator" : "43:3-43:51",
               "dataType" : "{urn:healthit-gov:qdm:v5_6}PatientCharacteristicEthnicity",
               "codeProperty" : "code",
               "codeComparator" : "in",
               "type" : "Retrieve",
               "codes" : {
                  "locator" : "43:40-43:50",
                  "name" : "Ethnicity",
                  "type" : "ValueSetRef"
               }
            }
         }, {
            "localId" : "87",
            "locator" : "45:1-46:43",
            "name" : "SDE Payer",
            "context" : "Patient",
            "accessLevel" : "Public",
            "annotation" : [ {
               "type" : "Annotation",
               "s" : {
                  "r" : "87",
                  "s" : [ {
                     "value" : [ "","define ","\"SDE Payer\"",":\n  " ]
                  }, {
                     "r" : "86",
                     "s" : [ {
                        "value" : [ "[","\"Patient Characteristic Payer\"",": " ]
                     }, {
                        "s" : [ {
                           "value" : [ "\"Payer\"" ]
                        } ]
                     }, {
                        "value" : [ "]" ]
                     } ]
                  } ]
               }
            } ],
            "expression" : {
               "localId" : "86",
               "locator" : "46:3-46:43",
               "dataType" : "{urn:healthit-gov:qdm:v5_6}PatientCharacteristicPayer",
               "codeProperty" : "code",
               "codeComparator" : "in",
               "type" : "Retrieve",
               "codes" : {
                  "locator" : "46:36-46:42",
                  "name" : "Payer",
                  "type" : "ValueSetRef"
               }
            }
         }, {
            "localId" : "89",
            "locator" : "48:1-49:41",
            "name" : "SDE Race",
            "context" : "Patient",
            "accessLevel" : "Public",
            "annotation" : [ {
               "type" : "Annotation",
               "s" : {
                  "r" : "89",
                  "s" : [ {
                     "value" : [ "","define ","\"SDE Race\"",":\n  " ]
                  }, {
                     "r" : "88",
                     "s" : [ {
                        "value" : [ "[","\"Patient Characteristic Race\"",": " ]
                     }, {
                        "s" : [ {
                           "value" : [ "\"Race\"" ]
                        } ]
                     }, {
                        "value" : [ "]" ]
                     } ]
                  } ]
               }
            } ],
            "expression" : {
               "localId" : "88",
               "locator" : "49:3-49:41",
               "dataType" : "{urn:healthit-gov:qdm:v5_6}PatientCharacteristicRace",
               "codeProperty" : "code",
               "codeComparator" : "in",
               "type" : "Retrieve",
               "codes" : {
                  "locator" : "49:35-49:40",
                  "name" : "Race",
                  "type" : "ValueSetRef"
               }
            }
         }, {
            "localId" : "91",
            "locator" : "51:1-52:58",
            "name" : "SDE Sex",
            "context" : "Patient",
            "accessLevel" : "Public",
            "annotation" : [ {
               "type" : "Annotation",
               "s" : {
                  "r" : "91",
                  "s" : [ {
                     "value" : [ "","define ","\"SDE Sex\"",":\n  " ]
                  }, {
                     "r" : "90",
                     "s" : [ {
                        "value" : [ "[","\"Patient Characteristic Sex\"",": " ]
                     }, {
                        "s" : [ {
                           "value" : [ "\"ONC Administrative Sex\"" ]
                        } ]
                     }, {
                        "value" : [ "]" ]
                     } ]
                  } ]
               }
            } ],
            "expression" : {
               "localId" : "90",
               "locator" : "52:3-52:58",
               "dataType" : "{urn:healthit-gov:qdm:v5_6}PatientCharacteristicSex",
               "codeProperty" : "code",
               "codeComparator" : "in",
               "type" : "Retrieve",
               "codes" : {
                  "locator" : "52:34-52:57",
                  "name" : "ONC Administrative Sex",
                  "type" : "ValueSetRef"
               }
            }
         }, {
            "localId" : "119",
            "locator" : "68:1-74:3",
            "name" : "Has Adult Pneumococcal Vaccine Administered",
            "context" : "Patient",
            "accessLevel" : "Public",
            "annotation" : [ {
               "type" : "Annotation",
               "s" : {
                  "r" : "119",
                  "s" : [ {
                     "value" : [ "","define ","\"Has Adult Pneumococcal Vaccine Administered\"",":\n  " ]
                  }, {
                     "r" : "118",
                     "s" : [ {
                        "value" : [ "exists " ]
                     }, {
                        "r" : "117",
                        "s" : [ {
                           "value" : [ "( " ]
                        }, {
                           "r" : "117",
                           "s" : [ {
                              "s" : [ {
                                 "r" : "95",
                                 "s" : [ {
                                    "r" : "94",
                                    "s" : [ {
                                       "value" : [ "( " ]
                                    }, {
                                       "r" : "94",
                                       "s" : [ {
                                          "r" : "92",
                                          "s" : [ {
                                             "value" : [ "[","\"Immunization, Administered\"",": " ]
                                          }, {
                                             "s" : [ {
                                                "value" : [ "\"Adult Pneumococcal Vaccine\"" ]
                                             } ]
                                          }, {
                                             "value" : [ "]" ]
                                          } ]
                                       }, {
                                          "value" : [ "\n      union " ]
                                       }, {
                                          "r" : "93",
                                          "s" : [ {
                                             "value" : [ "[","\"Procedure, Performed\"",": " ]
                                          }, {
                                             "s" : [ {
                                                "value" : [ "\"Adult Pneumococcal Vaccine Administered\"" ]
                                             } ]
                                          }, {
                                             "value" : [ "]" ]
                                          } ]
                                       } ]
                                    }, {
                                       "value" : [ " )" ]
                                    } ]
                                 }, {
                                    "value" : [ " ","PneumococcalVaccination" ]
                                 } ]
                              } ]
                           }, {
                              "value" : [ "\n      " ]
                           }, {
                              "r" : "116",
                              "s" : [ {
                                 "value" : [ "where " ]
                              }, {
                                 "r" : "116",
                                 "s" : [ {
                                    "r" : "106",
                                    "s" : [ {
                                       "r" : "104",
                                       "s" : [ {
                                          "value" : [ "AgeInYearsAt","(" ]
                                       }, {
                                          "r" : "103",
                                          "s" : [ {
                                             "value" : [ "date from " ]
                                          }, {
                                             "r" : "102",
                                             "s" : [ {
                                                "value" : [ "start of " ]
                                             }, {
                                                "r" : "101",
                                                "s" : [ {
                                                   "r" : "96",
                                                   "s" : [ {
                                                      "value" : [ "Global" ]
                                                   } ]
                                                }, {
                                                   "value" : [ "." ]
                                                }, {
                                                   "r" : "101",
                                                   "s" : [ {
                                                      "value" : [ "\"NormalizeInterval\"","(" ]
                                                   }, {
                                                      "r" : "98",
                                                      "s" : [ {
                                                         "r" : "97",
                                                         "s" : [ {
                                                            "value" : [ "PneumococcalVaccination" ]
                                                         } ]
                                                      }, {
                                                         "value" : [ "." ]
                                                      }, {
                                                         "r" : "98",
                                                         "s" : [ {
                                                            "value" : [ "relevantDatetime" ]
                                                         } ]
                                                      } ]
                                                   }, {
                                                      "value" : [ ", " ]
                                                   }, {
                                                      "r" : "100",
                                                      "s" : [ {
                                                         "r" : "99",
                                                         "s" : [ {
                                                            "value" : [ "PneumococcalVaccination" ]
                                                         } ]
                                                      }, {
                                                         "value" : [ "." ]
                                                      }, {
                                                         "r" : "100",
                                                         "s" : [ {
                                                            "value" : [ "relevantPeriod" ]
                                                         } ]
                                                      } ]
                                                   }, {
                                                      "value" : [ ")" ]
                                                   } ]
                                                } ]
                                             } ]
                                          } ]
                                       }, {
                                          "value" : [ ")" ]
                                       } ]
                                    }, {
                                       "r" : "105",
                                       "value" : [ ">="," ","19" ]
                                    } ]
                                 }, {
                                    "value" : [ "\n        and " ]
                                 }, {
                                    "r" : "115",
                                    "s" : [ {
                                       "r" : "112",
                                       "s" : [ {
                                          "r" : "107",
                                          "s" : [ {
                                             "value" : [ "Global" ]
                                          } ]
                                       }, {
                                          "value" : [ "." ]
                                       }, {
                                          "r" : "112",
                                          "s" : [ {
                                             "value" : [ "\"NormalizeInterval\""," ( " ]
                                          }, {
                                             "r" : "109",
                                             "s" : [ {
                                                "r" : "108",
                                                "s" : [ {
                                                   "value" : [ "PneumococcalVaccination" ]
                                                } ]
                                             }, {
                                                "value" : [ "." ]
                                             }, {
                                                "r" : "109",
                                                "s" : [ {
                                                   "value" : [ "relevantDatetime" ]
                                                } ]
                                             } ]
                                          }, {
                                             "value" : [ ", " ]
                                          }, {
                                             "r" : "111",
                                             "s" : [ {
                                                "r" : "110",
                                                "s" : [ {
                                                   "value" : [ "PneumococcalVaccination" ]
                                                } ]
                                             }, {
                                                "value" : [ "." ]
                                             }, {
                                                "r" : "111",
                                                "s" : [ {
                                                   "value" : [ "relevantPeriod" ]
                                                } ]
                                             } ]
                                          }, {
                                             "value" : [ " )" ]
                                          } ]
                                       } ]
                                    }, {
                                       "r" : "115",
                                       "value" : [ " ","on or before day of"," \n        " ]
                                    }, {
                                       "r" : "114",
                                       "s" : [ {
                                          "value" : [ "end of " ]
                                       }, {
                                          "r" : "113",
                                          "s" : [ {
                                             "value" : [ "\"Measurement Period\"" ]
                                          } ]
                                       } ]
                                    } ]
                                 } ]
                              } ]
                           } ]
                        }, {
                           "value" : [ "\n  )" ]
                        } ]
                     } ]
                  } ]
               }
            } ],
            "expression" : {
               "localId" : "118",
               "locator" : "69:3-74:3",
               "type" : "Exists",
               "operand" : {
                  "localId" : "117",
                  "locator" : "69:10-74:3",
                  "type" : "Query",
                  "source" : [ {
                     "localId" : "95",
                     "locator" : "69:12-70:105",
                     "alias" : "PneumococcalVaccination",
                     "expression" : {
                        "localId" : "94",
                        "locator" : "69:12-70:81",
                        "type" : "Union",
                        "operand" : [ {
                           "type" : "As",
                           "operand" : {
                              "localId" : "92",
                              "locator" : "69:14-69:73",
                              "dataType" : "{urn:healthit-gov:qdm:v5_6}PositiveImmunizationAdministered",
                              "templateId" : "PositiveImmunizationAdministered",
                              "codeProperty" : "code",
                              "codeComparator" : "in",
                              "type" : "Retrieve",
                              "codes" : {
                                 "locator" : "69:45-69:72",
                                 "name" : "Adult Pneumococcal Vaccine",
                                 "type" : "ValueSetRef"
                              }
                           },
                           "asTypeSpecifier" : {
                              "type" : "ListTypeSpecifier",
                              "elementType" : {
                                 "type" : "ChoiceTypeSpecifier",
                                 "choice" : [ {
                                    "name" : "{urn:healthit-gov:qdm:v5_6}PositiveProcedurePerformed",
                                    "type" : "NamedTypeSpecifier"
                                 }, {
                                    "name" : "{urn:healthit-gov:qdm:v5_6}PositiveImmunizationAdministered",
                                    "type" : "NamedTypeSpecifier"
                                 } ]
                              }
                           }
                        }, {
                           "type" : "As",
                           "operand" : {
                              "localId" : "93",
                              "locator" : "70:13-70:79",
                              "dataType" : "{urn:healthit-gov:qdm:v5_6}PositiveProcedurePerformed",
                              "templateId" : "PositiveProcedurePerformed",
                              "codeProperty" : "code",
                              "codeComparator" : "in",
                              "type" : "Retrieve",
                              "codes" : {
                                 "locator" : "70:38-70:78",
                                 "name" : "Adult Pneumococcal Vaccine Administered",
                                 "type" : "ValueSetRef"
                              }
                           },
                           "asTypeSpecifier" : {
                              "type" : "ListTypeSpecifier",
                              "elementType" : {
                                 "type" : "ChoiceTypeSpecifier",
                                 "choice" : [ {
                                    "name" : "{urn:healthit-gov:qdm:v5_6}PositiveProcedurePerformed",
                                    "type" : "NamedTypeSpecifier"
                                 }, {
                                    "name" : "{urn:healthit-gov:qdm:v5_6}PositiveImmunizationAdministered",
                                    "type" : "NamedTypeSpecifier"
                                 } ]
                              }
                           }
                        } ]
                     }
                  } ],
                  "relationship" : [ ],
                  "where" : {
                     "localId" : "116",
                     "locator" : "71:7-73:35",
                     "type" : "And",
                     "operand" : [ {
                        "localId" : "106",
                        "locator" : "71:13-71:158",
                        "type" : "GreaterOrEqual",
                        "operand" : [ {
                           "localId" : "104",
                           "locator" : "71:13-71:153",
                           "precision" : "Year",
                           "type" : "CalculateAgeAt",
                           "operand" : [ {
                              "type" : "ToDate",
                              "operand" : {
                                 "path" : "birthDatetime",
                                 "type" : "Property",
                                 "source" : {
                                    "name" : "Patient",
                                    "type" : "ExpressionRef"
                                 }
                              }
                           }, {
                              "localId" : "103",
                              "locator" : "71:26-71:152",
                              "type" : "DateFrom",
                              "operand" : {
                                 "localId" : "102",
                                 "locator" : "71:36-71:152",
                                 "type" : "Start",
                                 "operand" : {
                                    "localId" : "101",
                                    "locator" : "71:45-71:152",
                                    "name" : "NormalizeInterval",
                                    "libraryName" : "Global",
                                    "type" : "FunctionRef",
                                    "operand" : [ {
                                       "localId" : "98",
                                       "locator" : "71:72-71:111",
                                       "path" : "relevantDatetime",
                                       "scope" : "PneumococcalVaccination",
                                       "type" : "Property"
                                    }, {
                                       "localId" : "100",
                                       "locator" : "71:114-71:151",
                                       "path" : "relevantPeriod",
                                       "scope" : "PneumococcalVaccination",
                                       "type" : "Property"
                                    } ]
                                 }
                              }
                           } ]
                        }, {
                           "localId" : "105",
                           "locator" : "71:157-71:158",
                           "valueType" : "{urn:hl7-org:elm-types:r1}Integer",
                           "value" : "19",
                           "type" : "Literal"
                        } ]
                     }, {
                        "localId" : "115",
                        "locator" : "72:13-73:35",
                        "precision" : "Day",
                        "type" : "SameOrBefore",
                        "operand" : [ {
                           "localId" : "112",
                           "locator" : "72:13-72:123",
                           "name" : "NormalizeInterval",
                           "libraryName" : "Global",
                           "type" : "FunctionRef",
                           "operand" : [ {
                              "localId" : "109",
                              "locator" : "72:42-72:81",
                              "path" : "relevantDatetime",
                              "scope" : "PneumococcalVaccination",
                              "type" : "Property"
                           }, {
                              "localId" : "111",
                              "locator" : "72:84-72:121",
                              "path" : "relevantPeriod",
                              "scope" : "PneumococcalVaccination",
                              "type" : "Property"
                           } ]
                        }, {
                           "type" : "If",
                           "condition" : {
                              "type" : "IsNull",
                              "operand" : {
                                 "localId" : "114",
                                 "locator" : "73:9-73:35",
                                 "type" : "End",
                                 "operand" : {
                                    "localId" : "113",
                                    "locator" : "73:16-73:35",
                                    "name" : "Measurement Period",
                                    "type" : "ParameterRef"
                                 }
                              }
                           },
                           "then" : {
                              "type" : "Null",
                              "resultTypeSpecifier" : {
                                 "type" : "IntervalTypeSpecifier",
                                 "pointType" : {
                                    "name" : "{urn:hl7-org:elm-types:r1}DateTime",
                                    "type" : "NamedTypeSpecifier"
                                 }
                              }
                           },
                           "else" : {
                              "lowClosed" : true,
                              "highClosed" : true,
                              "type" : "Interval",
                              "low" : {
                                 "localId" : "114",
                                 "locator" : "73:9-73:35",
                                 "type" : "End",
                                 "operand" : {
                                    "localId" : "113",
                                    "locator" : "73:16-73:35",
                                    "name" : "Measurement Period",
                                    "type" : "ParameterRef"
                                 }
                              },
                              "high" : {
                                 "localId" : "114",
                                 "locator" : "73:9-73:35",
                                 "type" : "End",
                                 "operand" : {
                                    "localId" : "113",
                                    "locator" : "73:16-73:35",
                                    "name" : "Measurement Period",
                                    "type" : "ParameterRef"
                                 }
                              }
                           }
                        } ]
                     } ]
                  }
               }
            }
         }, {
            "localId" : "121",
            "locator" : "85:1-86:47",
            "name" : "Numerator",
            "context" : "Patient",
            "accessLevel" : "Public",
            "annotation" : [ {
               "type" : "Annotation",
               "s" : {
                  "r" : "121",
                  "s" : [ {
                     "value" : [ "","define ","\"Numerator\"",":\n  " ]
                  }, {
                     "r" : "120",
                     "s" : [ {
                        "value" : [ "\"Has Adult Pneumococcal Vaccine Administered\"" ]
                     } ]
                  } ]
               }
            } ],
            "expression" : {
               "localId" : "120",
               "locator" : "86:3-86:47",
               "name" : "Has Adult Pneumococcal Vaccine Administered",
               "type" : "ExpressionRef"
            }
         } ]
      }
   }
}