{
   "library" : {
      "localId" : "0",
      "annotation" : [ {
         "translatorVersion" : "3.14.0",
         "translatorOptions" : "EnableAnnotations,EnableLocators,EnableResultTypes,EnableDetailedErrors,DisableListDemotion,DisableListPromotion",
         "signatureLevel" : "None",
         "type" : "CqlToElmInfo"
      }, {
         "type" : "Annotation",
         "s" : {
            "r" : "291",
            "s" : [ {
               "value" : [ "","library CMS75ChildrenWithDentalDecayOrCavitiesQDM version '14.0.000'" ]
            } ]
         }
      } ],
      "identifier" : {
         "id" : "CMS75ChildrenWithDentalDecayOrCavitiesQDM",
         "version" : "14.0.000"
      },
      "schemaIdentifier" : {
         "id" : "urn:hl7-org:elm",
         "version" : "r1"
      },
      "usings" : {
         "def" : [ {
            "localId" : "1",
            "localIdentifier" : "System",
            "uri" : "urn:hl7-org:elm-types:r1"
         }, {
            "localId" : "206",
            "locator" : "3:1-3:23",
            "localIdentifier" : "QDM",
            "uri" : "urn:healthit-gov:qdm:v5_6",
            "version" : "5.6",
            "annotation" : [ {
               "type" : "Annotation",
               "s" : {
                  "r" : "206",
                  "s" : [ {
                     "value" : [ "","using " ]
                  }, {
                     "s" : [ {
                        "value" : [ "QDM" ]
                     } ]
                  }, {
                     "value" : [ " version '5.6'" ]
                  } ]
               }
            } ]
         } ]
      },
      "includes" : {
         "def" : [ {
            "localId" : "207",
            "locator" : "5:1-5:53",
            "localIdentifier" : "Global",
            "path" : "CQMCommonQDM",
            "version" : "9.0.000",
            "annotation" : [ {
               "type" : "Annotation",
               "s" : {
                  "r" : "207",
                  "s" : [ {
                     "value" : [ "","include " ]
                  }, {
                     "s" : [ {
                        "value" : [ "CQMCommonQDM" ]
                     } ]
                  }, {
                     "value" : [ "  version ","'9.0.000'"," called ","Global" ]
                  } ]
               }
            } ]
         }, {
            "localId" : "208",
            "locator" : "6:1-6:51",
            "localIdentifier" : "Hospice",
            "path" : "HospiceQDM",
            "version" : "7.0.000",
            "annotation" : [ {
               "type" : "Annotation",
               "s" : {
                  "r" : "208",
                  "s" : [ {
                     "value" : [ "","include " ]
                  }, {
                     "s" : [ {
                        "value" : [ "HospiceQDM" ]
                     } ]
                  }, {
                     "value" : [ " version ","'7.0.000'"," called ","Hospice" ]
                  } ]
               }
            } ]
         } ]
      },
      "parameters" : {
         "def" : [ {
            "localId" : "215",
            "locator" : "15:1-15:49",
            "name" : "Measurement Period",
            "accessLevel" : "Public",
            "annotation" : [ {
               "type" : "Annotation",
               "s" : {
                  "r" : "215",
                  "s" : [ {
                     "value" : [ "","parameter ","\"Measurement Period\""," " ]
                  }, {
                     "r" : "216",
                     "s" : [ {
                        "value" : [ "Interval<" ]
                     }, {
                        "r" : "217",
                        "s" : [ {
                           "value" : [ "DateTime" ]
                        } ]
                     }, {
                        "value" : [ ">" ]
                     } ]
                  } ]
               }
            } ],
            "resultTypeSpecifier" : {
               "localId" : "220",
               "type" : "IntervalTypeSpecifier",
               "pointType" : {
                  "localId" : "221",
                  "name" : "{urn:hl7-org:elm-types:r1}DateTime",
                  "type" : "NamedTypeSpecifier"
               }
            },
            "parameterTypeSpecifier" : {
               "localId" : "216",
               "locator" : "15:32-15:49",
               "type" : "IntervalTypeSpecifier",
               "resultTypeSpecifier" : {
                  "localId" : "218",
                  "type" : "IntervalTypeSpecifier",
                  "pointType" : {
                     "localId" : "219",
                     "name" : "{urn:hl7-org:elm-types:r1}DateTime",
                     "type" : "NamedTypeSpecifier"
                  }
               },
               "pointType" : {
                  "localId" : "217",
                  "locator" : "15:41-15:48",
                  "resultTypeName" : "{urn:hl7-org:elm-types:r1}DateTime",
                  "name" : "{urn:hl7-org:elm-types:r1}DateTime",
                  "type" : "NamedTypeSpecifier"
               }
            }
         } ]
      },
      "valueSets" : {
         "def" : [ {
            "localId" : "209",
            "locator" : "8:1-8:87",
            "resultTypeName" : "{urn:hl7-org:elm-types:r1}ValueSet",
            "name" : "Clinical Oral Evaluation",
            "id" : "urn:oid:2.16.840.1.113883.3.464.1003.125.12.1003",
            "accessLevel" : "Public",
            "annotation" : [ {
               "type" : "Annotation",
               "s" : {
                  "r" : "209",
                  "s" : [ {
                     "value" : [ "","valueset ","\"Clinical Oral Evaluation\"",": ","'urn:oid:2.16.840.1.113883.3.464.1003.125.12.1003'" ]
                  } ]
               }
            } ],
            "codeSystem" : [ ]
         }, {
            "localId" : "210",
            "locator" : "9:1-9:76",
            "resultTypeName" : "{urn:hl7-org:elm-types:r1}ValueSet",
            "name" : "Dental Caries",
            "id" : "urn:oid:2.16.840.1.113883.3.464.1003.125.12.1004",
            "accessLevel" : "Public",
            "annotation" : [ {
               "type" : "Annotation",
               "s" : {
                  "r" : "210",
                  "s" : [ {
                     "value" : [ "","valueset ","\"Dental Caries\"",": ","'urn:oid:2.16.840.1.113883.3.464.1003.125.12.1004'" ]
                  } ]
               }
            } ],
            "codeSystem" : [ ]
         }, {
            "localId" : "211",
            "locator" : "10:1-10:58",
            "resultTypeName" : "{urn:hl7-org:elm-types:r1}ValueSet",
            "name" : "Ethnicity",
            "id" : "urn:oid:2.16.840.1.114222.4.11.837",
            "accessLevel" : "Public",
            "annotation" : [ {
               "type" : "Annotation",
               "s" : {
                  "r" : "211",
                  "s" : [ {
                     "value" : [ "","valueset ","\"Ethnicity\"",": ","'urn:oid:2.16.840.1.114222.4.11.837'" ]
                  } ]
               }
            } ],
            "codeSystem" : [ ]
         }, {
            "localId" : "212",
            "locator" : "11:1-11:79",
            "resultTypeName" : "{urn:hl7-org:elm-types:r1}ValueSet",
            "name" : "Federal Administrative Sex",
            "id" : "urn:oid:2.16.840.1.113762.1.4.1021.121",
            "accessLevel" : "Public",
            "annotation" : [ {
               "type" : "Annotation",
               "s" : {
                  "r" : "212",
                  "s" : [ {
                     "value" : [ "","valueset ","\"Federal Administrative Sex\"",": ","'urn:oid:2.16.840.1.113762.1.4.1021.121'" ]
                  } ]
               }
            } ],
            "codeSystem" : [ ]
         }, {
            "localId" : "213",
            "locator" : "12:1-12:60",
            "resultTypeName" : "{urn:hl7-org:elm-types:r1}ValueSet",
            "name" : "Payer Type",
            "id" : "urn:oid:2.16.840.1.114222.4.11.3591",
            "accessLevel" : "Public",
            "annotation" : [ {
               "type" : "Annotation",
               "s" : {
                  "r" : "213",
                  "s" : [ {
                     "value" : [ "","valueset ","\"Payer Type\"",": ","'urn:oid:2.16.840.1.114222.4.11.3591'" ]
                  } ]
               }
            } ],
            "codeSystem" : [ ]
         }, {
            "localId" : "214",
            "locator" : "13:1-13:53",
            "resultTypeName" : "{urn:hl7-org:elm-types:r1}ValueSet",
            "name" : "Race",
            "id" : "urn:oid:2.16.840.1.114222.4.11.836",
            "accessLevel" : "Public",
            "annotation" : [ {
               "type" : "Annotation",
               "s" : {
                  "r" : "214",
                  "s" : [ {
                     "value" : [ "","valueset ","\"Race\"",": ","'urn:oid:2.16.840.1.114222.4.11.836'" ]
                  } ]
               }
            } ],
            "codeSystem" : [ ]
         } ]
      },
      "contexts" : {
         "def" : [ {
            "localId" : "225",
            "locator" : "17:1-17:15",
            "name" : "Patient"
         } ]
      },
      "statements" : {
         "def" : [ {
            "localId" : "223",
            "locator" : "17:1-17:15",
            "name" : "Patient",
            "context" : "Patient",
            "expression" : {
               "localId" : "224",
               "type" : "SingletonFrom",
               "signature" : [ ],
               "operand" : {
                  "localId" : "222",
                  "locator" : "17:1-17:15",
                  "dataType" : "{urn:healthit-gov:qdm:v5_6}Patient",
                  "templateId" : "Patient",
                  "type" : "Retrieve",
                  "include" : [ ],
                  "codeFilter" : [ ],
                  "dateFilter" : [ ],
                  "otherFilter" : [ ]
               }
            }
         }, {
            "localId" : "227",
            "locator" : "19:1-20:51",
            "name" : "SDE Ethnicity",
            "context" : "Patient",
            "accessLevel" : "Public",
            "annotation" : [ {
               "type" : "Annotation",
               "s" : {
                  "r" : "227",
                  "s" : [ {
                     "value" : [ "","define ","\"SDE Ethnicity\"",":\n  " ]
                  }, {
                     "r" : "230",
                     "s" : [ {
                        "value" : [ "[","\"Patient Characteristic Ethnicity\"",": " ]
                     }, {
                        "s" : [ {
                           "value" : [ "\"Ethnicity\"" ]
                        } ]
                     }, {
                        "value" : [ "]" ]
                     } ]
                  } ]
               }
            } ],
            "resultTypeSpecifier" : {
               "localId" : "234",
               "type" : "ListTypeSpecifier",
               "elementType" : {
                  "localId" : "235",
                  "name" : "{urn:healthit-gov:qdm:v5_6}PatientCharacteristicEthnicity",
                  "type" : "NamedTypeSpecifier"
               }
            },
            "expression" : {
               "localId" : "230",
               "locator" : "20:3-20:51",
               "dataType" : "{urn:healthit-gov:qdm:v5_6}PatientCharacteristicEthnicity",
               "codeProperty" : "code",
               "codeComparator" : "in",
               "type" : "Retrieve",
               "resultTypeSpecifier" : {
                  "localId" : "232",
                  "type" : "ListTypeSpecifier",
                  "elementType" : {
                     "localId" : "233",
                     "name" : "{urn:healthit-gov:qdm:v5_6}PatientCharacteristicEthnicity",
                     "type" : "NamedTypeSpecifier"
                  }
               },
               "codes" : {
                  "localId" : "229",
                  "locator" : "20:40-20:50",
                  "resultTypeName" : "{urn:hl7-org:elm-types:r1}ValueSet",
                  "name" : "Ethnicity",
                  "preserve" : true,
                  "type" : "ValueSetRef"
               },
               "include" : [ ],
               "codeFilter" : [ ],
               "dateFilter" : [ ],
               "otherFilter" : [ ]
            }
         }, {
            "localId" : "237",
            "locator" : "22:1-23:48",
            "name" : "SDE Payer",
            "context" : "Patient",
            "accessLevel" : "Public",
            "annotation" : [ {
               "type" : "Annotation",
               "s" : {
                  "r" : "237",
                  "s" : [ {
                     "value" : [ "","define ","\"SDE Payer\"",":\n  " ]
                  }, {
                     "r" : "240",
                     "s" : [ {
                        "value" : [ "[","\"Patient Characteristic Payer\"",": " ]
                     }, {
                        "s" : [ {
                           "value" : [ "\"Payer Type\"" ]
                        } ]
                     }, {
                        "value" : [ "]" ]
                     } ]
                  } ]
               }
            } ],
            "resultTypeSpecifier" : {
               "localId" : "244",
               "type" : "ListTypeSpecifier",
               "elementType" : {
                  "localId" : "245",
                  "name" : "{urn:healthit-gov:qdm:v5_6}PatientCharacteristicPayer",
                  "type" : "NamedTypeSpecifier"
               }
            },
            "expression" : {
               "localId" : "240",
               "locator" : "23:3-23:48",
               "dataType" : "{urn:healthit-gov:qdm:v5_6}PatientCharacteristicPayer",
               "codeProperty" : "code",
               "codeComparator" : "in",
               "type" : "Retrieve",
               "resultTypeSpecifier" : {
                  "localId" : "242",
                  "type" : "ListTypeSpecifier",
                  "elementType" : {
                     "localId" : "243",
                     "name" : "{urn:healthit-gov:qdm:v5_6}PatientCharacteristicPayer",
                     "type" : "NamedTypeSpecifier"
                  }
               },
               "codes" : {
                  "localId" : "239",
                  "locator" : "23:36-23:47",
                  "resultTypeName" : "{urn:hl7-org:elm-types:r1}ValueSet",
                  "name" : "Payer Type",
                  "preserve" : true,
                  "type" : "ValueSetRef"
               },
               "include" : [ ],
               "codeFilter" : [ ],
               "dateFilter" : [ ],
               "otherFilter" : [ ]
            }
         }, {
            "localId" : "247",
            "locator" : "25:1-26:41",
            "name" : "SDE Race",
            "context" : "Patient",
            "accessLevel" : "Public",
            "annotation" : [ {
               "type" : "Annotation",
               "s" : {
                  "r" : "247",
                  "s" : [ {
                     "value" : [ "","define ","\"SDE Race\"",":\n  " ]
                  }, {
                     "r" : "250",
                     "s" : [ {
                        "value" : [ "[","\"Patient Characteristic Race\"",": " ]
                     }, {
                        "s" : [ {
                           "value" : [ "\"Race\"" ]
                        } ]
                     }, {
                        "value" : [ "]" ]
                     } ]
                  } ]
               }
            } ],
            "resultTypeSpecifier" : {
               "localId" : "254",
               "type" : "ListTypeSpecifier",
               "elementType" : {
                  "localId" : "255",
                  "name" : "{urn:healthit-gov:qdm:v5_6}PatientCharacteristicRace",
                  "type" : "NamedTypeSpecifier"
               }
            },
            "expression" : {
               "localId" : "250",
               "locator" : "26:3-26:41",
               "dataType" : "{urn:healthit-gov:qdm:v5_6}PatientCharacteristicRace",
               "codeProperty" : "code",
               "codeComparator" : "in",
               "type" : "Retrieve",
               "resultTypeSpecifier" : {
                  "localId" : "252",
                  "type" : "ListTypeSpecifier",
                  "elementType" : {
                     "localId" : "253",
                     "name" : "{urn:healthit-gov:qdm:v5_6}PatientCharacteristicRace",
                     "type" : "NamedTypeSpecifier"
                  }
               },
               "codes" : {
                  "localId" : "249",
                  "locator" : "26:35-26:40",
                  "resultTypeName" : "{urn:hl7-org:elm-types:r1}ValueSet",
                  "name" : "Race",
                  "preserve" : true,
                  "type" : "ValueSetRef"
               },
               "include" : [ ],
               "codeFilter" : [ ],
               "dateFilter" : [ ],
               "otherFilter" : [ ]
            }
         }, {
            "localId" : "257",
            "locator" : "28:1-29:60",
            "name" : "SDE Sex",
            "context" : "Patient",
            "accessLevel" : "Public",
            "annotation" : [ {
               "type" : "Annotation",
               "s" : {
                  "r" : "257",
                  "s" : [ {
                     "value" : [ "","define ","\"SDE Sex\"",":\n" ]
                  }, {
                     "r" : "260",
                     "s" : [ {
                        "value" : [ "[","\"Patient Characteristic Sex\"",": " ]
                     }, {
                        "s" : [ {
                           "value" : [ "\"Federal Administrative Sex\"" ]
                        } ]
                     }, {
                        "value" : [ "]" ]
                     } ]
                  } ]
               }
            } ],
            "resultTypeSpecifier" : {
               "localId" : "264",
               "type" : "ListTypeSpecifier",
               "elementType" : {
                  "localId" : "265",
                  "name" : "{urn:healthit-gov:qdm:v5_6}PatientCharacteristicSex",
                  "type" : "NamedTypeSpecifier"
               }
            },
            "expression" : {
               "localId" : "260",
               "locator" : "29:1-29:60",
               "dataType" : "{urn:healthit-gov:qdm:v5_6}PatientCharacteristicSex",
               "codeProperty" : "code",
               "codeComparator" : "in",
               "type" : "Retrieve",
               "resultTypeSpecifier" : {
                  "localId" : "262",
                  "type" : "ListTypeSpecifier",
                  "elementType" : {
                     "localId" : "263",
                     "name" : "{urn:healthit-gov:qdm:v5_6}PatientCharacteristicSex",
                     "type" : "NamedTypeSpecifier"
                  }
               },
               "codes" : {
                  "localId" : "259",
                  "locator" : "29:32-29:59",
                  "resultTypeName" : "{urn:hl7-org:elm-types:r1}ValueSet",
                  "name" : "Federal Administrative Sex",
                  "preserve" : true,
                  "type" : "ValueSetRef"
               },
               "include" : [ ],
               "codeFilter" : [ ],
               "dateFilter" : [ ],
               "otherFilter" : [ ]
            }
         }, {
            "localId" : "291",
            "locator" : "46:1-48:74",
            "name" : "Qualifying Encounters",
            "context" : "Patient",
            "accessLevel" : "Public",
            "annotation" : [ {
               "type" : "Annotation",
               "s" : {
                  "r" : "291",
                  "s" : [ {
                     "value" : [ "","define ","\"Qualifying Encounters\"",":\n  " ]
                  }, {
                     "r" : "314",
                     "s" : [ {
                        "s" : [ {
                           "r" : "292",
                           "s" : [ {
                              "r" : "295",
                              "s" : [ {
                                 "r" : "295",
                                 "s" : [ {
                                    "value" : [ "[","\"Encounter, Performed\"",": " ]
                                 }, {
                                    "s" : [ {
                                       "value" : [ "\"Clinical Oral Evaluation\"" ]
                                    } ]
                                 }, {
                                    "value" : [ "]" ]
                                 } ]
                              } ]
                           }, {
                              "value" : [ " ","ValidEncounter" ]
                           } ]
                        } ]
                     }, {
                        "value" : [ "\n    " ]
                     }, {
                        "r" : "312",
                        "s" : [ {
                           "value" : [ "where " ]
                        }, {
                           "r" : "312",
                           "s" : [ {
                              "r" : "304",
                              "s" : [ {
                                 "r" : "303",
                                 "s" : [ {
                                    "value" : [ "ValidEncounter" ]
                                 } ]
                              }, {
                                 "value" : [ "." ]
                              }, {
                                 "r" : "304",
                                 "s" : [ {
                                    "value" : [ "relevantPeriod" ]
                                 } ]
                              } ]
                           }, {
                              "r" : "312",
                              "value" : [ " ","during day of"," " ]
                           }, {
                              "r" : "309",
                              "s" : [ {
                                 "value" : [ "\"Measurement Period\"" ]
                              } ]
                           } ]
                        } ]
                     } ]
                  } ]
               }
            } ],
            "resultTypeSpecifier" : {
               "localId" : "358",
               "type" : "ListTypeSpecifier",
               "elementType" : {
                  "localId" : "359",
                  "name" : "{urn:healthit-gov:qdm:v5_6}PositiveEncounterPerformed",
                  "type" : "NamedTypeSpecifier"
               }
            },
            "expression" : {
               "localId" : "314",
               "locator" : "47:3-48:74",
               "type" : "Query",
               "resultTypeSpecifier" : {
                  "localId" : "315",
                  "type" : "ListTypeSpecifier",
                  "elementType" : {
                     "localId" : "316",
                     "name" : "{urn:healthit-gov:qdm:v5_6}PositiveEncounterPerformed",
                     "type" : "NamedTypeSpecifier"
                  }
               },
               "source" : [ {
                  "localId" : "292",
                  "locator" : "47:3-47:69",
                  "alias" : "ValidEncounter",
                  "resultTypeSpecifier" : {
                     "localId" : "301",
                     "type" : "ListTypeSpecifier",
                     "elementType" : {
                        "localId" : "302",
                        "name" : "{urn:healthit-gov:qdm:v5_6}PositiveEncounterPerformed",
                        "type" : "NamedTypeSpecifier"
                     }
                  },
                  "expression" : {
                     "localId" : "295",
                     "locator" : "47:3-47:54",
                     "dataType" : "{urn:healthit-gov:qdm:v5_6}PositiveEncounterPerformed",
                     "templateId" : "PositiveEncounterPerformed",
                     "codeProperty" : "code",
                     "codeComparator" : "in",
                     "type" : "Retrieve",
                     "resultTypeSpecifier" : {
                        "localId" : "299",
                        "type" : "ListTypeSpecifier",
                        "elementType" : {
                           "localId" : "300",
                           "name" : "{urn:healthit-gov:qdm:v5_6}PositiveEncounterPerformed",
                           "type" : "NamedTypeSpecifier"
                        }
                     },
                     "codes" : {
                        "localId" : "294",
                        "locator" : "47:28-47:53",
                        "resultTypeName" : "{urn:hl7-org:elm-types:r1}ValueSet",
                        "name" : "Clinical Oral Evaluation",
                        "preserve" : true,
                        "type" : "ValueSetRef"
                     },
                     "include" : [ ],
                     "codeFilter" : [ ],
                     "dateFilter" : [ ],
                     "otherFilter" : [ ]
                  }
               } ],
               "let" : [ ],
               "relationship" : [ ],
               "where" : {
                  "localId" : "312",
                  "locator" : "48:5-48:74",
                  "resultTypeName" : "{urn:hl7-org:elm-types:r1}Boolean",
                  "precision" : "Day",
                  "type" : "IncludedIn",
                  "signature" : [ ],
                  "operand" : [ {
                     "localId" : "304",
                     "locator" : "48:11-48:39",
                     "path" : "relevantPeriod",
                     "scope" : "ValidEncounter",
                     "type" : "Property",
                     "resultTypeSpecifier" : {
                        "localId" : "307",
                        "type" : "IntervalTypeSpecifier",
                        "pointType" : {
                           "localId" : "308",
                           "name" : "{urn:hl7-org:elm-types:r1}DateTime",
                           "type" : "NamedTypeSpecifier"
                        }
                     }
                  }, {
                     "localId" : "309",
                     "locator" : "48:55-48:74",
                     "name" : "Measurement Period",
                     "type" : "ParameterRef",
                     "resultTypeSpecifier" : {
                        "localId" : "310",
                        "type" : "IntervalTypeSpecifier",
                        "pointType" : {
                           "localId" : "311",
                           "name" : "{urn:hl7-org:elm-types:r1}DateTime",
                           "type" : "NamedTypeSpecifier"
                        }
                     }
                  } ]
               }
            }
         }, {
            "localId" : "269",
            "locator" : "42:1-44:42",
            "resultTypeName" : "{urn:hl7-org:elm-types:r1}Boolean",
            "name" : "Initial Population",
            "context" : "Patient",
            "accessLevel" : "Public",
            "annotation" : [ {
               "type" : "Annotation",
               "s" : {
                  "r" : "269",
                  "s" : [ {
                     "value" : [ "","define ","\"Initial Population\"",":\n  " ]
                  }, {
                     "r" : "270",
                     "s" : [ {
                        "r" : "288",
                        "s" : [ {
                           "r" : "282",
                           "s" : [ {
                              "value" : [ "AgeInYearsAt","(" ]
                           }, {
                              "r" : "271",
                              "s" : [ {
                                 "value" : [ "date from " ]
                              }, {
                                 "r" : "272",
                                 "s" : [ {
                                    "value" : [ "start of " ]
                                 }, {
                                    "r" : "273",
                                    "s" : [ {
                                       "value" : [ "\"Measurement Period\"" ]
                                    } ]
                                 } ]
                              } ]
                           }, {
                              "value" : [ ")" ]
                           } ]
                        }, {
                           "value" : [ " in " ]
                        }, {
                           "r" : "285",
                           "s" : [ {
                              "r" : "283",
                              "value" : [ "Interval[","1",", ","20","]" ]
                           } ]
                        } ]
                     }, {
                        "value" : [ "\n    and " ]
                     }, {
                        "r" : "289",
                        "s" : [ {
                           "value" : [ "exists " ]
                        }, {
                           "r" : "319",
                           "s" : [ {
                              "value" : [ "( " ]
                           }, {
                              "r" : "319",
                              "s" : [ {
                                 "value" : [ "\"Qualifying Encounters\"" ]
                              } ]
                           }, {
                              "value" : [ " )" ]
                           } ]
                        } ]
                     } ]
                  } ]
               }
            } ],
            "expression" : {
               "localId" : "270",
               "locator" : "43:3-44:42",
               "resultTypeName" : "{urn:hl7-org:elm-types:r1}Boolean",
               "type" : "And",
               "signature" : [ ],
               "operand" : [ {
                  "localId" : "288",
                  "locator" : "43:3-43:74",
                  "resultTypeName" : "{urn:hl7-org:elm-types:r1}Boolean",
                  "type" : "In",
                  "signature" : [ ],
                  "operand" : [ {
                     "localId" : "282",
                     "locator" : "43:3-43:55",
                     "resultTypeName" : "{urn:hl7-org:elm-types:r1}Integer",
                     "precision" : "Year",
                     "type" : "CalculateAgeAt",
                     "signature" : [ ],
                     "operand" : [ {
                        "localId" : "281",
                        "type" : "ToDate",
                        "signature" : [ ],
                        "operand" : {
                           "localId" : "279",
                           "path" : "birthDatetime",
                           "type" : "Property",
                           "source" : {
                              "localId" : "278",
                              "name" : "Patient",
                              "type" : "ExpressionRef"
                           }
                        }
                     }, {
                        "localId" : "271",
                        "locator" : "43:16-43:54",
                        "resultTypeName" : "{urn:hl7-org:elm-types:r1}Date",
                        "type" : "DateFrom",
                        "signature" : [ ],
                        "operand" : {
                           "localId" : "272",
                           "locator" : "43:26-43:54",
                           "resultTypeName" : "{urn:hl7-org:elm-types:r1}DateTime",
                           "type" : "Start",
                           "signature" : [ ],
                           "operand" : {
                              "localId" : "273",
                              "locator" : "43:35-43:54",
                              "name" : "Measurement Period",
                              "type" : "ParameterRef",
                              "resultTypeSpecifier" : {
                                 "localId" : "274",
                                 "type" : "IntervalTypeSpecifier",
                                 "pointType" : {
                                    "localId" : "275",
                                    "name" : "{urn:hl7-org:elm-types:r1}DateTime",
                                    "type" : "NamedTypeSpecifier"
                                 }
                              }
                           }
                        }
                     } ]
                  }, {
                     "localId" : "285",
                     "locator" : "43:60-43:74",
                     "lowClosed" : true,
                     "highClosed" : true,
                     "type" : "Interval",
                     "resultTypeSpecifier" : {
                        "localId" : "286",
                        "type" : "IntervalTypeSpecifier",
                        "pointType" : {
                           "localId" : "287",
                           "name" : "{urn:hl7-org:elm-types:r1}Integer",
                           "type" : "NamedTypeSpecifier"
                        }
                     },
                     "low" : {
                        "localId" : "283",
                        "locator" : "43:69",
                        "resultTypeName" : "{urn:hl7-org:elm-types:r1}Integer",
                        "valueType" : "{urn:hl7-org:elm-types:r1}Integer",
                        "value" : "1",
                        "type" : "Literal"
                     },
                     "high" : {
                        "localId" : "284",
                        "locator" : "43:72-43:73",
                        "resultTypeName" : "{urn:hl7-org:elm-types:r1}Integer",
                        "valueType" : "{urn:hl7-org:elm-types:r1}Integer",
                        "value" : "20",
                        "type" : "Literal"
                     }
                  } ]
               }, {
                  "localId" : "289",
                  "locator" : "44:9-44:42",
                  "resultTypeName" : "{urn:hl7-org:elm-types:r1}Boolean",
                  "type" : "Exists",
                  "signature" : [ ],
                  "operand" : {
                     "localId" : "319",
                     "locator" : "44:16-44:42",
                     "name" : "Qualifying Encounters",
                     "type" : "ExpressionRef",
                     "resultTypeSpecifier" : {
                        "localId" : "322",
                        "type" : "ListTypeSpecifier",
                        "elementType" : {
                           "localId" : "323",
                           "name" : "{urn:healthit-gov:qdm:v5_6}PositiveEncounterPerformed",
                           "type" : "NamedTypeSpecifier"
                        }
                     }
                  }
               } ]
            }
         }, {
            "localId" : "267",
            "locator" : "31:1-32:22",
            "resultTypeName" : "{urn:hl7-org:elm-types:r1}Boolean",
            "name" : "Denominator",
            "context" : "Patient",
            "accessLevel" : "Public",
            "annotation" : [ {
               "type" : "Annotation",
               "s" : {
                  "r" : "267",
                  "s" : [ {
                     "value" : [ "","define ","\"Denominator\"",":\n  " ]
                  }, {
                     "r" : "324",
                     "s" : [ {
                        "value" : [ "\"Initial Population\"" ]
                     } ]
                  } ]
               }
            } ],
            "expression" : {
               "localId" : "324",
               "locator" : "32:3-32:22",
               "resultTypeName" : "{urn:hl7-org:elm-types:r1}Boolean",
               "name" : "Initial Population",
               "type" : "ExpressionRef"
            }
         }, {
            "localId" : "326",
            "locator" : "34:1-37:3",
            "resultTypeName" : "{urn:hl7-org:elm-types:r1}Boolean",
            "name" : "Numerator",
            "context" : "Patient",
            "accessLevel" : "Public",
            "annotation" : [ {
               "type" : "Annotation",
               "s" : {
                  "r" : "326",
                  "s" : [ {
                     "value" : [ "","define ","\"Numerator\"",":\n  " ]
                  }, {
                     "r" : "327",
                     "s" : [ {
                        "value" : [ "exists " ]
                     }, {
                        "r" : "349",
                        "s" : [ {
                           "value" : [ "( " ]
                        }, {
                           "r" : "349",
                           "s" : [ {
                              "s" : [ {
                                 "r" : "328",
                                 "s" : [ {
                                    "r" : "331",
                                    "s" : [ {
                                       "r" : "331",
                                       "s" : [ {
                                          "value" : [ "[","\"Diagnosis\"",": " ]
                                       }, {
                                          "s" : [ {
                                             "value" : [ "\"Dental Caries\"" ]
                                          } ]
                                       }, {
                                          "value" : [ "]" ]
                                       } ]
                                    } ]
                                 }, {
                                    "value" : [ " ","DentalCaries" ]
                                 } ]
                              } ]
                           }, {
                              "value" : [ "\n      " ]
                           }, {
                              "r" : "348",
                              "s" : [ {
                                 "value" : [ "where " ]
                              }, {
                                 "r" : "348",
                                 "s" : [ {
                                    "r" : "340",
                                    "s" : [ {
                                       "r" : "339",
                                       "s" : [ {
                                          "value" : [ "DentalCaries" ]
                                       } ]
                                    }, {
                                       "value" : [ "." ]
                                    }, {
                                       "r" : "340",
                                       "s" : [ {
                                          "value" : [ "prevalencePeriod" ]
                                       } ]
                                    } ]
                                 }, {
                                    "r" : "348",
                                    "value" : [ " ","overlaps"," " ]
                                 }, {
                                    "r" : "345",
                                    "s" : [ {
                                       "value" : [ "\"Measurement Period\"" ]
                                    } ]
                                 } ]
                              } ]
                           } ]
                        }, {
                           "value" : [ "\n  )" ]
                        } ]
                     } ]
                  } ]
               }
            } ],
            "expression" : {
               "localId" : "327",
               "locator" : "35:3-37:3",
               "resultTypeName" : "{urn:hl7-org:elm-types:r1}Boolean",
               "type" : "Exists",
               "signature" : [ ],
               "operand" : {
                  "localId" : "349",
                  "locator" : "35:10-37:3",
                  "type" : "Query",
                  "resultTypeSpecifier" : {
                     "localId" : "352",
                     "type" : "ListTypeSpecifier",
                     "elementType" : {
                        "localId" : "353",
                        "name" : "{urn:healthit-gov:qdm:v5_6}Diagnosis",
                        "type" : "NamedTypeSpecifier"
                     }
                  },
                  "source" : [ {
                     "localId" : "328",
                     "locator" : "35:12-35:54",
                     "alias" : "DentalCaries",
                     "resultTypeSpecifier" : {
                        "localId" : "337",
                        "type" : "ListTypeSpecifier",
                        "elementType" : {
                           "localId" : "338",
                           "name" : "{urn:healthit-gov:qdm:v5_6}Diagnosis",
                           "type" : "NamedTypeSpecifier"
                        }
                     },
                     "expression" : {
                        "localId" : "331",
                        "locator" : "35:12-35:41",
                        "dataType" : "{urn:healthit-gov:qdm:v5_6}Diagnosis",
                        "codeProperty" : "code",
                        "codeComparator" : "in",
                        "type" : "Retrieve",
                        "resultTypeSpecifier" : {
                           "localId" : "335",
                           "type" : "ListTypeSpecifier",
                           "elementType" : {
                              "localId" : "336",
                              "name" : "{urn:healthit-gov:qdm:v5_6}Diagnosis",
                              "type" : "NamedTypeSpecifier"
                           }
                        },
                        "codes" : {
                           "localId" : "330",
                           "locator" : "35:26-35:40",
                           "resultTypeName" : "{urn:hl7-org:elm-types:r1}ValueSet",
                           "name" : "Dental Caries",
                           "preserve" : true,
                           "type" : "ValueSetRef"
                        },
                        "include" : [ ],
                        "codeFilter" : [ ],
                        "dateFilter" : [ ],
                        "otherFilter" : [ ]
                     }
                  } ],
                  "let" : [ ],
                  "relationship" : [ ],
                  "where" : {
                     "localId" : "348",
                     "locator" : "36:7-36:71",
                     "resultTypeName" : "{urn:hl7-org:elm-types:r1}Boolean",
                     "type" : "Overlaps",
                     "signature" : [ ],
                     "operand" : [ {
                        "localId" : "340",
                        "locator" : "36:13-36:41",
                        "path" : "prevalencePeriod",
                        "scope" : "DentalCaries",
                        "type" : "Property",
                        "resultTypeSpecifier" : {
                           "localId" : "343",
                           "type" : "IntervalTypeSpecifier",
                           "pointType" : {
                              "localId" : "344",
                              "name" : "{urn:hl7-org:elm-types:r1}DateTime",
                              "type" : "NamedTypeSpecifier"
                           }
                        }
                     }, {
                        "localId" : "345",
                        "locator" : "36:52-36:71",
                        "name" : "Measurement Period",
                        "type" : "ParameterRef",
                        "resultTypeSpecifier" : {
                           "localId" : "346",
                           "type" : "IntervalTypeSpecifier",
                           "pointType" : {
                              "localId" : "347",
                              "name" : "{urn:hl7-org:elm-types:r1}DateTime",
                              "type" : "NamedTypeSpecifier"
                           }
                        }
                     } ]
                  }
               }
            }
         }, {
            "localId" : "355",
            "locator" : "39:1-40:32",
            "resultTypeName" : "{urn:hl7-org:elm-types:r1}Boolean",
            "name" : "Denominator Exclusions",
            "context" : "Patient",
            "accessLevel" : "Public",
            "annotation" : [ {
               "type" : "Annotation",
               "s" : {
                  "r" : "355",
                  "s" : [ {
                     "value" : [ "","define ","\"Denominator Exclusions\"",":\n  " ]
                  }, {
                     "r" : "357",
                     "s" : [ {
                        "r" : "356",
                        "s" : [ {
                           "value" : [ "Hospice" ]
                        } ]
                     }, {
                        "value" : [ "." ]
                     }, {
                        "r" : "357",
                        "s" : [ {
                           "value" : [ "\"Has Hospice Services\"" ]
                        } ]
                     } ]
                  } ]
               }
            } ],
            "expression" : {
               "localId" : "357",
               "locator" : "40:3-40:32",
               "resultTypeName" : "{urn:hl7-org:elm-types:r1}Boolean",
               "name" : "Has Hospice Services",
               "libraryName" : "Hospice",
               "type" : "ExpressionRef"
            }
         } ]
      }
   }
}