<?xml version="1.0" encoding="UTF-8" standalone="yes"?>
<QualityMeasureDocument xmlns="urn:hl7-org:v3" xmlns:cql-ext="urn:hhs-cql:hqmf-n1-extensions:v1"
                        xmlns:xsi="http://www.w3.org/2001/XMLSchema-instance">

      <!--
            **************************************************************
            Measure Details Section
            **************************************************************
        -->

      <typeId extension="POQM_HD000001UV02" root="2.16.840.1.113883.1.3"/>
   <templateId>
      <item extension="2021-02-01" root="2.16.840.1.113883.10.20.28.1.2"/>
   </templateId>
   <id root="2c928084-82ea-d7c5-0183-3dcf0a3e17b3"/>
   <code code="57024-2" codeSystem="2.16.840.1.113883.6.1">
      <displayName value="Health Quality Measure Document"/>
   </code>
   <title value="Severe Obstetric Complications"/>
   <text
         value="Patients with severe obstetric complications which occur during the inpatient delivery hospitalization"/>
   <statusCode code="COMPLETED"/>
   <setId root="44eb11cf-56d6-4dc2-b986-c58c72474b16"/>
   <versionNumber value="2.0.000"/>
   <author>
      <responsibleParty classCode="ASSIGNED">
         <representedResponsibleOrganization classCode="ORG" determinerCode="INSTANCE">
            <id>
               <item root="1.3.6.1.4.1.33895"/>
            </id>
            <name>
               <item>
                  <part value="The Joint Commission"/>
               </item>
            </name>
         </representedResponsibleOrganization>
      </responsibleParty>
   </author>
   <author>
      <responsibleParty classCode="ASSIGNED">
         <representedResponsibleOrganization classCode="ORG" determinerCode="INSTANCE">
            <id>
               <item root="9048cd4c-b61b-11e4-a71e-12e3f512a338"/>
            </id>
            <name>
               <item>
                  <part value="Centers for Medicare &amp; Medicaid Services (CMS)"/>
               </item>
            </name>
         </representedResponsibleOrganization>
      </responsibleParty>
   </author>
   <author>
      <responsibleParty classCode="ASSIGNED">
         <representedResponsibleOrganization classCode="ORG" determinerCode="INSTANCE">
            <id>
               <item root="88a7ab8e-b92d-11e4-a71e-12e3f512a338"/>
            </id>
            <name>
               <item>
                  <part value="Yale New Haven Health Service Corporation/ Center for Outcomes Research and Evaluation"/>
               </item>
            </name>
         </representedResponsibleOrganization>
      </responsibleParty>
   </author>
   <custodian>
      <responsibleParty classCode="ASSIGNED">
         <representedResponsibleOrganization classCode="ORG" determinerCode="INSTANCE">
            <id>
               <item root="5"/>
            </id>
            <name>
               <item>
                  <part value="The Joint Commission"/>
               </item>
            </name>
         </representedResponsibleOrganization>
      </responsibleParty>
   </custodian>
   <!--Severe Maternal Morbidity Procedures-->
     	 <definition>
      <valueSet classCode="OBS" moodCode="DEF">
         <id root="2.16.840.1.113762.1.4.1029.256"/>
         <title value="Severe Maternal Morbidity Procedures"/>
      </valueSet>
   </definition>
   <!--Payer-->
     	 <definition>
      <valueSet classCode="OBS" moodCode="DEF">
         <id root="2.16.840.1.114222.4.11.3591"/>
         <title value="Payer"/>
      </valueSet>
   </definition>
   <!--ONC Administrative Sex-->
     	 <definition>
      <valueSet classCode="OBS" moodCode="DEF">
         <id root="2.16.840.1.113762.1.4.1"/>
         <title value="ONC Administrative Sex"/>
      </valueSet>
   </definition>
   <!--Observation Services-->
     	 <definition>
      <valueSet classCode="OBS" moodCode="DEF">
         <id root="2.16.840.1.113762.1.4.1111.143"/>
         <title value="Observation Services"/>
      </valueSet>
   </definition>
   <!--Respiratory Support Procedures Related to COVID 19-->
     	 <definition>
      <valueSet classCode="OBS" moodCode="DEF">
         <id root="2.16.840.1.113762.1.4.1029.379"/>
         <title value="Respiratory Support Procedures Related to COVID 19"/>
      </valueSet>
   </definition>
   <!--Delivery Procedures-->
     	 <definition>
      <valueSet classCode="OBS" moodCode="DEF">
         <id root="2.16.840.1.113762.1.4.1045.59"/>
         <title value="Delivery Procedures"/>
      </valueSet>
   </definition>
   <!--Estimated Gestational Age at Delivery-->
     	 <definition>
      <valueSet classCode="OBS" moodCode="DEF">
         <id root="2.16.840.1.113762.1.4.1045.26"/>
         <title value="Estimated Gestational Age at Delivery"/>
      </valueSet>
   </definition>
   <!--Ethnicity-->
     	 <definition>
      <valueSet classCode="OBS" moodCode="DEF">
         <id root="2.16.840.1.114222.4.11.837"/>
         <title value="Ethnicity"/>
      </valueSet>
   </definition>
   <!--Blood Transfusion-->
     	 <definition>
      <valueSet classCode="OBS" moodCode="DEF">
         <id root="2.16.840.1.113762.1.4.1029.213"/>
         <title value="Blood Transfusion"/>
      </valueSet>
   </definition>
   <!--ED Visit and OB Triage-->
     	 <definition>
      <valueSet classCode="OBS" moodCode="DEF">
         <id root="2.16.840.1.113762.1.4.1029.369"/>
         <title value="ED Visit and OB Triage"/>
      </valueSet>
   </definition>
   <!--Race-->
     	 <definition>
      <valueSet classCode="OBS" moodCode="DEF">
         <id root="2.16.840.1.114222.4.11.836"/>
         <title value="Race"/>
      </valueSet>
   </definition>
   <!--White blood cells count lab test-->
     	 <definition>
      <valueSet classCode="OBS" moodCode="DEF">
         <id root="2.16.840.1.113762.1.4.1045.129"/>
         <title value="White blood cells count lab test"/>
      </valueSet>
   </definition>
   <!--Hematocrit lab test-->
     	 <definition>
      <valueSet classCode="OBS" moodCode="DEF">
         <id root="2.16.840.1.113762.1.4.1045.114"/>
         <title value="Hematocrit lab test"/>
      </valueSet>
   </definition>
   <!--Encounter Inpatient-->
     	 <definition>
      <valueSet classCode="OBS" moodCode="DEF">
         <id root="2.16.840.1.113883.3.666.5.307"/>
         <title value="Encounter Inpatient"/>
      </valueSet>
   </definition>
   <!--Gastrointestinal Disease-->
     	 <definition>
      <valueSet classCode="OBS" moodCode="DEF">
         <id root="2.16.840.1.113762.1.4.1029.338"/>
         <title value="Gastrointestinal Disease"/>
      </valueSet>
   </definition>
   <!--Multiple Pregnancy-->
     	 <definition>
      <valueSet classCode="OBS" moodCode="DEF">
         <id root="2.16.840.1.113762.1.4.1029.284"/>
         <title value="Multiple Pregnancy"/>
      </valueSet>
   </definition>
   <!--Preexisting Diabetes-->
     	 <definition>
      <valueSet classCode="OBS" moodCode="DEF">
         <id root="2.16.840.1.113762.1.4.1029.275"/>
         <title value="Preexisting Diabetes"/>
      </valueSet>
   </definition>
   <!--Autoimmune Disease-->
     	 <definition>
      <valueSet classCode="OBS" moodCode="DEF">
         <id root="2.16.840.1.113762.1.4.1029.311"/>
         <title value="Autoimmune Disease"/>
      </valueSet>
   </definition>
   <!--COVID 19 Confirmed-->
     	 <definition>
      <valueSet classCode="OBS" moodCode="DEF">
         <id root="2.16.840.1.113762.1.4.1029.373"/>
         <title value="COVID 19 Confirmed"/>
      </valueSet>
   </definition>
   <!--Mild or Moderate Preeclampsia-->
     	 <definition>
      <valueSet classCode="OBS" moodCode="DEF">
         <id root="2.16.840.1.113762.1.4.1029.329"/>
         <title value="Mild or Moderate Preeclampsia"/>
      </valueSet>
   </definition>
   <!--Placental Abruption-->
     	 <definition>
      <valueSet classCode="OBS" moodCode="DEF">
         <id root="2.16.840.1.113762.1.4.1029.305"/>
         <title value="Placental Abruption"/>
      </valueSet>
   </definition>
   <!--Cardiac Disease-->
     	 <definition>
      <valueSet classCode="OBS" moodCode="DEF">
         <id root="2.16.840.1.113762.1.4.1029.341"/>
         <title value="Cardiac Disease"/>
      </valueSet>
   </definition>
   <!--Bariatric Surgery-->
     	 <definition>
      <valueSet classCode="OBS" moodCode="DEF">
         <id root="2.16.840.1.113762.1.4.1029.317"/>
         <title value="Bariatric Surgery"/>
      </valueSet>
   </definition>
   <!--Renal Disease-->
     	 <definition>
      <valueSet classCode="OBS" moodCode="DEF">
         <id root="2.16.840.1.113762.1.4.1029.335"/>
         <title value="Renal Disease"/>
      </valueSet>
   </definition>
   <!--Bleeding Disorder-->
     	 <definition>
      <valueSet classCode="OBS" moodCode="DEF">
         <id root="2.16.840.1.113762.1.4.1029.287"/>
         <title value="Bleeding Disorder"/>
      </valueSet>
   </definition>
   <!--Anemia-->
     	 <definition>
      <valueSet classCode="OBS" moodCode="DEF">
         <id root="2.16.840.1.113762.1.4.1029.323"/>
         <title value="Anemia"/>
      </valueSet>
   </definition>
   <!--Long Term Anticoagulant Use-->
     	 <definition>
      <valueSet classCode="OBS" moodCode="DEF">
         <id root="2.16.840.1.113762.1.4.1029.366"/>
         <title value="Long Term Anticoagulant Use"/>
      </valueSet>
   </definition>
   <!--Placental Accreta Spectrum-->
     	 <definition>
      <valueSet classCode="OBS" moodCode="DEF">
         <id root="2.16.840.1.113762.1.4.1029.302"/>
         <title value="Placental Accreta Spectrum"/>
      </valueSet>
   </definition>
   <!--Economic Housing Instability-->
     	 <definition>
      <valueSet classCode="OBS" moodCode="DEF">
         <id root="2.16.840.1.113762.1.4.1029.292"/>
         <title value="Economic Housing Instability"/>
      </valueSet>
   </definition>
   <!--Thyrotoxicosis-->
     	 <definition>
      <valueSet classCode="OBS" moodCode="DEF">
         <id root="2.16.840.1.113762.1.4.1029.296"/>
         <title value="Thyrotoxicosis"/>
      </valueSet>
   </definition>
   <!--Gestational Diabetes-->
     	 <definition>
      <valueSet classCode="OBS" moodCode="DEF">
         <id root="2.16.840.1.113762.1.4.1029.269"/>
         <title value="Gestational Diabetes"/>
      </valueSet>
   </definition>
   <!--Patient Expired-->
     	 <definition>
      <valueSet classCode="OBS" moodCode="DEF">
         <id root="2.16.840.1.113883.3.117.1.7.1.309"/>
         <title value="Patient Expired"/>
      </valueSet>
   </definition>
   <!--Venous Thromboembolism in Pregnancy-->
     	 <definition>
      <valueSet classCode="OBS" moodCode="DEF">
         <id root="2.16.840.1.113762.1.4.1029.363"/>
         <title value="Venous Thromboembolism in Pregnancy"/>
      </valueSet>
   </definition>
   <!--Substance Abuse-->
     	 <definition>
      <valueSet classCode="OBS" moodCode="DEF">
         <id root="2.16.840.1.113762.1.4.1029.320"/>
         <title value="Substance Abuse"/>
      </valueSet>
   </definition>
   <!--Morbid or Severe Obesity-->
     	 <definition>
      <valueSet classCode="OBS" moodCode="DEF">
         <id root="2.16.840.1.113762.1.4.1029.290"/>
         <title value="Morbid or Severe Obesity"/>
      </valueSet>
   </definition>
   <!--Mental Health Disorder-->
     	 <definition>
      <valueSet classCode="OBS" moodCode="DEF">
         <id root="2.16.840.1.113762.1.4.1029.314"/>
         <title value="Mental Health Disorder"/>
      </valueSet>
   </definition>
   <!--Pulmonary Hypertension-->
     	 <definition>
      <valueSet classCode="OBS" moodCode="DEF">
         <id root="2.16.840.1.113762.1.4.1029.281"/>
         <title value="Pulmonary Hypertension"/>
      </valueSet>
   </definition>
   <!--20 to 42 Plus Weeks Gestation-->
     	 <definition>
      <valueSet classCode="OBS" moodCode="DEF">
         <id root="2.16.840.1.113762.1.4.1110.67"/>
         <title value="20 to 42 Plus Weeks Gestation"/>
      </valueSet>
   </definition>
   <!--Hypertension-->
     	 <definition>
      <valueSet classCode="OBS" moodCode="DEF">
         <id root="2.16.840.1.113762.1.4.1029.332"/>
         <title value="Hypertension"/>
      </valueSet>
   </definition>
   <!--Previous Cesarean-->
     	 <definition>
      <valueSet classCode="OBS" moodCode="DEF">
         <id root="2.16.840.1.113762.1.4.1029.278"/>
         <title value="Previous Cesarean"/>
      </valueSet>
   </definition>
   <!--Acute or Persistent Asthma-->
     	 <definition>
      <valueSet classCode="OBS" moodCode="DEF">
         <id root="2.16.840.1.113883.3.117.1.7.1.271"/>
         <title value="Acute or Persistent Asthma"/>
      </valueSet>
   </definition>
   <!--Preterm Birth-->
     	 <definition>
      <valueSet classCode="OBS" moodCode="DEF">
         <id root="2.16.840.1.113762.1.4.1029.299"/>
         <title value="Preterm Birth"/>
      </valueSet>
   </definition>
   <!--Severe Maternal Morbidity Diagnoses-->
     	 <definition>
      <valueSet classCode="OBS" moodCode="DEF">
         <id root="2.16.840.1.113762.1.4.1029.255"/>
         <title value="Severe Maternal Morbidity Diagnoses"/>
      </valueSet>
   </definition>
   <!--Placenta Previa-->
     	 <definition>
      <valueSet classCode="OBS" moodCode="DEF">
         <id root="2.16.840.1.113762.1.4.1110.35"/>
         <title value="Placenta Previa"/>
      </valueSet>
   </definition>
   <!--Neuromuscular Disease-->
     	 <definition>
      <valueSet classCode="OBS" moodCode="DEF">
         <id root="2.16.840.1.113762.1.4.1029.308"/>
         <title value="Neuromuscular Disease"/>
      </valueSet>
   </definition>
   <!--Respiratory Conditions Related to COVID 19-->
     	 <definition>
      <valueSet classCode="OBS" moodCode="DEF">
         <id root="2.16.840.1.113762.1.4.1029.376"/>
         <title value="Respiratory Conditions Related to COVID 19"/>
      </valueSet>
   </definition>
   <!--Present On Admission is Yes or Exempt-->
     	 <definition>
      <valueSet classCode="OBS" moodCode="DEF">
         <id root="2.16.840.1.113762.1.4.1110.63"/>
         <title value="Present On Admission is Yes or Exempt"/>
      </valueSet>
   </definition>
   <!--HIV in Pregnancy Childbirth and Puerperium-->
     	 <definition>
      <valueSet classCode="OBS" moodCode="DEF">
         <id root="2.16.840.1.113762.1.4.1029.272"/>
         <title value="HIV in Pregnancy Childbirth and Puerperium"/>
      </valueSet>
   </definition>
   <!--Present on Admission is No or Unable To Determine-->
     	 <definition>
      <valueSet classCode="OBS" moodCode="DEF">
         <id root="2.16.840.1.113762.1.4.1029.370"/>
         <title value="Present on Admission is No or Unable To Determine"/>
      </valueSet>
   </definition>
   <!--Severe Preeclampsia-->
     	 <definition>
      <valueSet classCode="OBS" moodCode="DEF">
         <id root="2.16.840.1.113762.1.4.1029.327"/>
         <title value="Severe Preeclampsia"/>
      </valueSet>
   </definition>
   <!--Heart rate-CODE:/CodeSystem/LOINC/Version/2.73/Code/8867-4/Info-->
      <definition>
      <cql-ext:code code="8867-4" codeSystem="2.16.840.1.113883.6.1" codeSystemName="LOINC">
         <displayName value="Heart rate"/>
      </cql-ext:code>
   </definition>
   <!--Systolic blood pressure-CODE:/CodeSystem/LOINC/Version/2.73/Code/8480-6/Info-->
      <definition>
      <cql-ext:code code="8480-6" codeSystem="2.16.840.1.113883.6.1" codeSystemName="LOINC">
         <displayName value="Systolic blood pressure"/>
      </cql-ext:code>
   </definition>
   <!--Date and time of obstetric delivery-CODE:/CodeSystem/LOINC/Version/2.69/Code/93857-1/Info-->
      <definition>
      <cql-ext:code code="93857-1" codeSystem="2.16.840.1.113883.6.1" codeSystemName="LOINC">
         <displayName value="Date and time of obstetric delivery"/>
      </cql-ext:code>
   </definition>
   <!--Delivery date Estimated-CODE:/CodeSystem/LOINC/Version/2.69/Code/11778-8/Info-->
      <definition>
      <cql-ext:code code="11778-8" codeSystem="2.16.840.1.113883.6.1" codeSystemName="LOINC">
         <displayName value="Delivery date Estimated"/>
      </cql-ext:code>
   </definition>
   <relatedDocument typeCode="COMP">
      <expressionDocument>
         <id root="DB73D35C-3221-43D9-8B11-84A9F445436E"/>
         <text mediaType="text/cql">
            <reference value="https://emeasuretool.cms.gov/libraries/44eb11cf-56d6-4dc2-b986-c58c72474b16/CMS1028-v2-0-000-QDM-5-6.cql"/>
            <translation mediaType="application/elm+xml">
               <reference value="https://emeasuretool.cms.gov/libraries/44eb11cf-56d6-4dc2-b986-c58c72474b16/CMS1028-v2-0-000-QDM-5-6.xml"/>
            </translation>
            <translation mediaType="application/elm+json">
               <reference value="https://emeasuretool.cms.gov/libraries/44eb11cf-56d6-4dc2-b986-c58c72474b16/CMS1028-v2-0-000-QDM-5-6.json"/>
            </translation>
         </text>
         <setId extension="44eb11cf-56d6-4dc2-b986-c58c72474b16"
                identifierName="SevereObstetricComplications"
                root="https://emeasuretool.cms.gov/libraries"/>
         <versionNumber value="2.0.000"/>
      </expressionDocument>
   </relatedDocument>
   <relatedDocument typeCode="COMP">
      <expressionDocument>
         <id root="2c928083865108a3018699cbd2dc0d86"/>
         <text mediaType="text/cql">
            <reference value="https://emeasuretool.cms.gov/libraries/037cce0a-d996-4c98-bc66-f8aa5bbce760/PCMaternal-v3-0-000-QDM-5-6.cql"/>
            <translation mediaType="application/elm+xml">
               <reference value="https://emeasuretool.cms.gov/libraries/037cce0a-d996-4c98-bc66-f8aa5bbce760/PCMaternal-v3-0-000-QDM-5-6.xml"/>
            </translation>
            <translation mediaType="application/elm+json">
               <reference value="https://emeasuretool.cms.gov/libraries/037cce0a-d996-4c98-bc66-f8aa5bbce760/PCMaternal-v3-0-000-QDM-5-6.json"/>
            </translation>
         </text>
         <setId extension="037cce0a-d996-4c98-bc66-f8aa5bbce760" identifierName="PCMaternal"
                root="https://emeasuretool.cms.gov/libraries"/>
         <versionNumber value="3.0.000"/>
      </expressionDocument>
   </relatedDocument>
   <relatedDocument typeCode="COMP">
      <expressionDocument>
         <id root="2c9280857b2aeb52017b5f8b96c31ff8"/>
         <text mediaType="text/cql">
            <reference value="https://emeasuretool.cms.gov/libraries/8bdc0a19-b210-4a58-8a07-f5d95a34eca9/MATGlobalCommonFunctions-v7-0-000-QDM-5-6.cql"/>
            <translation mediaType="application/elm+xml">
               <reference value="https://emeasuretool.cms.gov/libraries/8bdc0a19-b210-4a58-8a07-f5d95a34eca9/MATGlobalCommonFunctions-v7-0-000-QDM-5-6.xml"/>
            </translation>
            <translation mediaType="application/elm+json">
               <reference value="https://emeasuretool.cms.gov/libraries/8bdc0a19-b210-4a58-8a07-f5d95a34eca9/MATGlobalCommonFunctions-v7-0-000-QDM-5-6.json"/>
            </translation>
         </text>
         <setId extension="8bdc0a19-b210-4a58-8a07-f5d95a34eca9"
                identifierName="MATGlobalCommonFunctions"
                root="https://emeasuretool.cms.gov/libraries"/>
         <versionNumber value="7.0.000"/>
      </expressionDocument>
   </relatedDocument>
   <controlVariable>
      <measurePeriod>
         <id extension="measureperiod" root="bbdf9d29-0710-4810-b1db-a80ab1451968"/>
         <code code="MSRTP" codeSystem="2.16.840.1.113883.5.4">
            <originalText value="Measurement Period"/>
         </code>
         <value xsi:type="PIVL_TS">
            <phase highClosed="true" lowClosed="true">
               <low value="20230101"/>
               <width unit="a" value="1" xsi:type="PQ"/>
            </phase>
            <period unit="a" value="1"/>
         </value>
      </measurePeriod>
   </controlVariable>
   <subjectOf>
      <measureAttribute>
         <code nullFlavor="OTH">
            <originalText value="eCQM Identifier (Measure Authoring Tool)"/>
         </code>
         <value mediaType="text/plain" value="1028" xsi:type="ED"/>
      </measureAttribute>
   </subjectOf>
   <subjectOf>
      <measureAttribute>
         <code nullFlavor="OTH">
            <originalText value="NQF Number"/>
         </code>
         <value mediaType="text/plain" value="Not Applicable" xsi:type="ED"/>
      </measureAttribute>
   </subjectOf>
   <subjectOf>
      <measureAttribute>
         <code code="COPY" codeSystem="2.16.840.1.113883.5.4">
            <displayName value="Copyright"/>
         </code>
         <value mediaType="text/plain"
                value="Measure specifications are in the Public Domain.&#xA;&#xA;LOINC(R) copyright 2004-2022 Regenstrief Institute, Inc. This material contains SNOMED Clinical Terms(R) (SNOMED CT[R]) copyright 2004-2022 International Health Terminology Standards Development Organisation. ICD-10 copyright 2022 World Health Organization. All Rights Reserved."
                xsi:type="ED"/>
      </measureAttribute>
   </subjectOf>
   <subjectOf>
      <measureAttribute>
         <code code="DISC" codeSystem="2.16.840.1.113883.5.4">
            <displayName value="Disclaimer"/>
         </code>
         <value mediaType="text/plain"
                value="These performance measures are not clinical guidelines and do not establish a standard of medical care, and have not been tested for all potential applications. The measures and specifications are provided without warranty."
                xsi:type="ED"/>
      </measureAttribute>
   </subjectOf>
   <subjectOf>
      <measureAttribute>
         <code code="MSRSCORE" codeSystem="2.16.840.1.113883.5.4">
            <displayName value="Measure Scoring"/>
         </code>
         <value code="PROPOR" codeSystem="2.16.840.1.113883.5.1063" xsi:type="CD">
            <displayName value="Proportion"/>
         </value>
      </measureAttribute>
   </subjectOf>
   <subjectOf>
      <measureAttribute>
         <code code="MSRTYPE" codeSystem="2.16.840.1.113883.5.4">
            <displayName value="Measure Type"/>
         </code>
         <value code="OUTCOME" codeSystem="2.16.840.1.113883.5.1063" xsi:type="CD">
            <displayName value="OUTCOME"/>
         </value>
      </measureAttribute>
   </subjectOf>
   <subjectOf>
      <measureAttribute>
         <code code="STRAT" codeSystem="2.16.840.1.113883.5.4">
            <displayName value="Stratification"/>
         </code>
         <value mediaType="text/plain"
                value="Stratum1: Delivery hospitalizations with severe obstetric complications excluding hospitalizations where transfusion was the only severe obstetric complication.&#xA;&#xA;Additionally, this measure will be stratified by race and ethnicity after measure submission."
                xsi:type="ED"/>
      </measureAttribute>
   </subjectOf>
   <subjectOf>
      <measureAttribute>
         <code code="MSRADJ" codeSystem="2.16.840.1.113883.5.4">
            <displayName value="Risk Adjustment"/>
         </code>
         <value mediaType="text/plain"
                value="The Severe Obstetric Complications Risk Adjustment Methodology Report is available on the eCQI Resource Center (https://ecqi.healthit.gov).&#xA;Pre-existing conditions and variables must be present on admission.  Please note that present on admission codes may be those entered by coding staff, extracted from billing/claims data.&#xA;-&#x9;Anemia&#xA;-&#x9;Asthma &#xA;-&#x9;Autoimmune Disease&#xA;-&#x9;Bariatric Surgery&#xA;-&#x9;Bleeding disorder&#xA;-&#x9;Cardiac Disease&#xA;-&#x9;Gastrointestinal Disease &#xA;-&#x9;Gestational Diabetes&#xA;-&#x9;HIV&#xA;-&#x9;Housing Instability&#xA;-&#x9;Hypertension&#xA;-&#x9;Maternal Age (derived from birthdate)&#xA;-&#x9;Mental Health Disorder&#xA;-       Morbid Obesity&#xA;-&#x9;Multiple Pregnancy&#x9;&#xA;-&#x9;Neuromuscular Disease &#xA;-&#x9;Other Pre-eclampsia&#xA;-&#x9;Placenta Previa&#xA;-&#x9;Placental Abruption&#xA;-&#x9;Placental Accreta Spectrum&#xA;-&#x9;Pre-existing Diabetes &#xA;-&#x9;Preterm Birth&#xA;-&#x9;Previous Cesarean &#xA;-&#x9;Pulmonary Hypertension&#xA;-&#x9;Renal Disease &#xA;-&#x9;Severe Pre-eclampsia&#xA;-&#x9;Substance Abuse&#xA;-&#x9;Thyrotoxicosis &#xA;-&#x9;Long-term Anticoagulant Use&#xA;-&#x9;Obstetric VTE&#xA;&#xA;Lab and Physical Exam Results:&#xA;Report the first resulted value 24 hours prior to start of encounter and before time of delivery in UCUM units specified:&#xA;-&#x9;Heart rate: {beats}/min&#xA;-&#x9;Systolic blood pressure: mm[Hg]&#xA;-&#x9;White blood cell count: 10*3/uL &#xA;-       Hematocrit: %&#xA;&#xA;Note regarding submission of risk variable data: The risk variable definitions are included in the specifications and risk variable data should be sent with eCQM data in the QRDA1 file. Specific risk variable templates are not needed in the QRDA1 files."
                xsi:type="ED"/>
      </measureAttribute>
   </subjectOf>
   <subjectOf>
      <measureAttribute>
         <code code="MSRAGG" codeSystem="2.16.840.1.113883.5.4">
            <displayName value="Rate Aggregation"/>
         </code>
         <value mediaType="text/plain"
                value="Hospital-level measure scores are calculated as a risk-adjusted proportion of the number of delivery hospitalizations for women who experience a severe obstetric complication, as defined by the numerator, by the total number of delivery hospitalizations in the denominator during the measurement period. The hospital-level measure score will be reported as a rate per 10,000 delivery hospitalizations.&#xA;&#xA;Stratum 1 is a subset of the numerator population:  &#xA;(Number of delivery hospitalizations with severe obstetric complications excluding hospitalizations where transfusion was the only severe obstetric complication / (Number of encounters in Denominator - Number of encounters in Denominator Exclusions)) * 10,000"
                xsi:type="ED"/>
      </measureAttribute>
   </subjectOf>
   <subjectOf>
      <measureAttribute>
         <code code="RAT" codeSystem="2.16.840.1.113883.5.4">
            <displayName value="Rationale"/>
         </code>
         <value mediaType="text/plain"
                value="The United States (US) experiences higher rates of maternal morbidity and mortality than most other developed countries. These rates have continued to trend upward in recent decades (CDC, n.d.). Research indicates that the overall rate of severe maternal morbidity (SMM) increased by almost 200% between 1993 and 2014 to 144 per 10,000 delivery hospitalizations (CDC, n.d.), with more than 25,000 women per year experiencing obstetric complications (U.S. Department of Health and Human Services, 2020). Recent maternal mortality data from 2018 reveal that 658 women in the US died from maternal causes, resulting in a rate of 17.4 deaths per 100,000 live births, with 77% of the deaths attributed to direct obstetric causes like hemorrhage, preeclampsia, obstetric embolism, and other complications (Hoyert &amp; Minino, 2018). 144 per 10,000 women hospitalized for delivery have experienced SMM, including hemorrhage, embolism, hypertension, stroke, and other serious complications (CDC,2020). Racial and ethnic disparities for Black women and Hispanic women are at a significantly higher risk for developing these complications than are Non-Hispanic White women (Leonard et al., 2019). Increasing rates of SMM are resulting in increased healthcare costs, longer hospitalization stays and impacts on a woman's health. &#xA;&#xA;There is limited national evaluation of hospitals' performance on maternal morbidity and mortality although SMM is widely used at the population level. SMM is linked to maternal mortality, varies significantly among hospitals, and has significant racial/ethnic and urban/rural disparities. SMM is a cost driver for both Medicaid and commercial plans. This measure is important as it will assist in the discovery and understanding of SMM patterns which can lead to improvements in the safety and quality of maternal care necessary to reduce SMM rates."
                xsi:type="ED"/>
      </measureAttribute>
   </subjectOf>
   <subjectOf>
      <measureAttribute>
         <code code="CRS" codeSystem="2.16.840.1.113883.5.4">
            <displayName value="Clinical Recommendation Statement"/>
         </code>
         <value mediaType="text/plain"
                value="Healthy People 2030 Measure (MICH-05): Reduce severe maternal complications identified during delivery hospitalizations&#xA;&#xA;The American College of Obstetricians and Gynecologists (the College) and the Society for Maternal-Fetal Medicine (SMFM) recommend identifying potential cases of severe maternal morbidity for further review, with a focus on outcomes and complications, and consider this an important step toward promoting safe obstetric care."
                xsi:type="ED"/>
      </measureAttribute>
   </subjectOf>
   <subjectOf>
      <measureAttribute>
         <code code="IDUR" codeSystem="2.16.840.1.113883.5.4">
            <displayName value="Improvement Notation"/>
         </code>
         <value mediaType="text/plain" value="Improvement noted as a decrease in the rate"
                xsi:type="ED"/>
      </measureAttribute>
   </subjectOf>
   <subjectOf>
      <measureAttribute>
         <code code="REF" codeSystem="2.16.840.1.113883.5.4">
            <displayName value="Reference"/>
         </code>
         <value mediaType="text/plain"
                value="CITATIONAmerican College of Obstetricians and Gynecologists and the Society for Maternal–Fetal Medicine, Kilpatrick, S. K., &amp; Ecker, J. L. (2016). Severe maternal morbidity: screening and review. American journal of obstetrics and gynecology, 215(3), B17–B22. https://doi.org/10.1016/j.ajog.2016.07.050"
                xsi:type="ED"/>
      </measureAttribute>
   </subjectOf>
   <subjectOf>
      <measureAttribute>
         <code code="REF" codeSystem="2.16.840.1.113883.5.4">
            <displayName value="Reference"/>
         </code>
         <value mediaType="text/plain"
                value="CITATIONCenters for Disease Control and Prevention. (2021, February 2). Severe maternal morbidity in the United States. Division of Reproductive Health. Retrieved December 14, 2022, from https://www.cdc.gov/reproductivehealth/maternalinfanthealth/severematernalmorbidity.html"
                xsi:type="ED"/>
      </measureAttribute>
   </subjectOf>
   <subjectOf>
      <measureAttribute>
         <code code="REF" codeSystem="2.16.840.1.113883.5.4">
            <displayName value="Reference"/>
         </code>
         <value mediaType="text/plain"
                value="CITATIONHoyert, D. L., &amp; Minino, A. M. (2020). Maternal Mortality in the United States: Changes in Coding, Publication, and Data Release, 2018. National vital statistics reports : from the Centers for Disease Control and Prevention, National Center for Health Statistics, National Vital Statistics System, 69(2), 1–18."
                xsi:type="ED"/>
      </measureAttribute>
   </subjectOf>
   <subjectOf>
      <measureAttribute>
         <code code="REF" codeSystem="2.16.840.1.113883.5.4">
            <displayName value="Reference"/>
         </code>
         <value mediaType="text/plain"
                value="CITATIONLeonard, S. A., Kennedy, C. J., Carmichael, S. L., Lyell, D. J., &amp; Main, E. K. (2020). An Expanded Obstetric Comorbidity Scoring System for Predicting Severe Maternal Morbidity. Obstetrics and gynecology, 136(3), 440–449. https://doi.org/10.1097/AOG.0000000000004022"
                xsi:type="ED"/>
      </measureAttribute>
   </subjectOf>
   <subjectOf>
      <measureAttribute>
         <code code="REF" codeSystem="2.16.840.1.113883.5.4">
            <displayName value="Reference"/>
         </code>
         <value mediaType="text/plain"
                value="CITATIONLeonard, S. A., Main, E. K., &amp; Carmichael, S. L. (2019). The contribution of maternal characteristics and cesarean delivery to an increasing trend of severe maternal morbidity. BMC pregnancy and childbirth, 19(1), 16. https://doi.org/10.1186/s12884-018-2169-3"
                xsi:type="ED"/>
      </measureAttribute>
   </subjectOf>
   <subjectOf>
      <measureAttribute>
         <code code="REF" codeSystem="2.16.840.1.113883.5.4">
            <displayName value="Reference"/>
         </code>
         <value mediaType="text/plain"
                value="CITATIONLeonard, S. A., Main, E. K., Scott, K. A., Profit, J., &amp; Carmichael, S. L. (2019). Racial and ethnic disparities in severe maternal morbidity prevalence and trends. Annals of epidemiology, 33, 30–36. https://doi.org/10.1016/j.annepidem.2019.02.007"
                xsi:type="ED"/>
      </measureAttribute>
   </subjectOf>
   <subjectOf>
      <measureAttribute>
         <code code="REF" codeSystem="2.16.840.1.113883.5.4">
            <displayName value="Reference"/>
         </code>
         <value mediaType="text/plain"
                value="CITATIONMain, E. K., Leonard, S. A., &amp; Menard, M. K. (2020). Association of Maternal Comorbidity With Severe Maternal Morbidity: A Cohort Study of California Mothers Delivering Between 1997 and 2014. Annals of internal medicine, 173(11 Suppl), S11–S18. https://doi.org/10.7326/M19-3253"
                xsi:type="ED"/>
      </measureAttribute>
   </subjectOf>
   <subjectOf>
      <measureAttribute>
         <code code="REF" codeSystem="2.16.840.1.113883.5.4">
            <displayName value="Reference"/>
         </code>
         <value mediaType="text/plain"
                value="CITATIONOffice of Disease Prevention and Health Promotion (Ed.). (n.d.). Reduce severe maternal complications identified during delivery hospitalizations - mich‑05. Retrieved December 14, 2022, from https://health.gov/healthypeople/objectives-and-data/browse-objectives/pregnancy-and-childbirth/reduce-severe-maternal-complications-identified-during-delivery-hospitalizations-mich-05"
                xsi:type="ED"/>
      </measureAttribute>
   </subjectOf>
   <subjectOf>
      <measureAttribute>
         <code code="REF" codeSystem="2.16.840.1.113883.5.4">
            <displayName value="Reference"/>
         </code>
         <value mediaType="text/plain"
                value="CITATIONU.S. Department of Health and Human Services. (n.d.). The Surgeon General's Call to Action to Improve Maternal Health. Retrieved December 15, 2022, from https://www.hhs.gov/sites/default/files/call-to-action-maternal-health.pdf"
                xsi:type="ED"/>
      </measureAttribute>
   </subjectOf>
   <subjectOf>
      <measureAttribute>
         <code code="DEF" codeSystem="2.16.840.1.113883.5.4">
            <displayName value="Definition"/>
         </code>
         <value mediaType="text/plain"
                value="For this measure, specifications are modeled after the nationally available and adopted CDC definition for Severe Maternal Morbidity (SMM) with the addition of maternal mortality. At times, we may refer to the CDC indicators of morbidity as SMM, but the outcome of the measure, which includes morbidity and mortality, is referred to as Severe Obstetric Complications (SOC)."
                xsi:type="ED"/>
      </measureAttribute>
   </subjectOf>
   <subjectOf>
      <measureAttribute>
         <code code="GUIDE" codeSystem="2.16.840.1.113883.5.4">
            <displayName value="Guidance"/>
         </code>
         <value mediaType="text/plain"
                value="In the case of multiple births, map the first delivery date/time (Baby A) as the delivery date/time for the encounter.&#xA;&#xA;This measure allows for 3 approaches to determine gestational age (GA) in the following order of precedence:&#xA;&#xA;1.  The GA is calculated using the American College of Obstetricians and Gynecologists ReVITALize guidelines.*&#xA;2.  The GA is obtained from a discrete field in the electronic health record.  This option is only used when the calculated GA is not available.&#xA;3.  The GA is based on ICD10 or SNOMED codes indicative of weeks gestation.  This option is only used when results from items #1 and #2 (see above) are not available.&#xA;&#xA;Wherever gestational age is mentioned, relative to the delivery, the intent is to capture the last estimated gestational age prior to or at the time of delivery.  &#xA; &#xA;*ACOG ReVITALize Guidelines for Calculating Gestational Age:      &#xA;     &#xA;                                Gestational Age = (280-(Estimated Due Date minus Reference Date))/7&#xA;&#xA;--Estimated Due Date (EDD): The best obstetrical EDD is determined by last menstrual period if confirmed by early ultrasound or no ultrasound performed, or early ultrasound if no known last menstrual period or the ultrasound is not consistent with last menstrual period, or known date of fertilization (e.g., assisted reproductive technology) &#xA;--Reference Date is the date on which you are trying to determine gestational age. For purposes of this eCQM, Reference Date would be the Date of Delivery.   &#xA;&#xA;Note however the calculation may yield a non-whole number and gestational age should be rounded off to the nearest completed week. For example, an infant born on the 5th day of the 36th week (35 weeks and 5/7 days) is at a gestational age of 35 weeks, not 36 weeks.&#xA;&#xA;This eCQM is an episode-based measure. An episode is defined as each inpatient hospitalization or encounter that ends during the measurement period.&#xA;&#xA;This version of the eCQM uses QDM version 5.6. Please refer to the eCQI resource center (https://ecqi.healthit.gov/qdm) for more information on the QDM."
                xsi:type="ED"/>
      </measureAttribute>
   </subjectOf>
   <subjectOf>
      <measureAttribute>
         <code code="TRANF" codeSystem="2.16.840.1.113883.5.4">
            <displayName value="Transmission Format"/>
         </code>
         <value mediaType="text/plain" value="TBD" xsi:type="ED"/>
      </measureAttribute>
   </subjectOf>
   <subjectOf>
      <measureAttribute>
         <code code="IPOP" codeSystem="2.16.840.1.113883.5.4">
            <displayName value="Initial Population"/>
         </code>
         <value mediaType="text/plain"
                value="Inpatient hospitalizations for patients age &gt;= 8 years and &lt; 65 admitted to the hospital for inpatient acute care who undergo a delivery procedure with a discharge date that ends during the measurement period"
                xsi:type="ED"/>
      </measureAttribute>
   </subjectOf>
   <subjectOf>
      <measureAttribute>
         <code code="DENOM" codeSystem="2.16.840.1.113883.5.4">
            <displayName value="Denominator"/>
         </code>
         <value mediaType="text/plain"
                value="Inpatient hospitalizations for patients delivering stillborn or live birth with &gt;= 20 weeks, 0 days gestation completed"
                xsi:type="ED"/>
      </measureAttribute>
   </subjectOf>
   <subjectOf>
      <measureAttribute>
         <code code="DENEX" codeSystem="2.16.840.1.113883.5.4">
            <displayName value="Denominator Exclusions"/>
         </code>
         <value mediaType="text/plain"
                value="Inpatient hospitalizations for patients with confirmed diagnosis of COVID with COVID-related respiratory condition or patients with confirmed diagnosis of COVID with COVID-related respiratory procedure"
                xsi:type="ED"/>
      </measureAttribute>
   </subjectOf>
   <subjectOf>
      <measureAttribute>
         <code code="NUMER" codeSystem="2.16.840.1.113883.5.4">
            <displayName value="Numerator"/>
         </code>
         <value mediaType="text/plain"
                value="Inpatient hospitalizations for patients with severe obstetric complications (not present on admission that occur during the current delivery encounter) including the following: &#xA;-  Severe maternal morbidity diagnoses (see list below)&#xA;-  Severe maternal morbidity procedures (see list below)&#xA;-  Discharge disposition of expired&#xA;Please note that present on admission codes may be those entered by coding staff, extracted from billing/claims data.&#xA;&#xA;Severe Maternal Morbidity Diagnoses:&#xA;-  Cardiac&#xA;&#x9;          Acute heart failure &#xA;&#x9;          Acute myocardial infarction&#xA;&#x9;          Aortic aneurysm&#xA;&#x9;          Cardiac arrest/ventricular fibrillation&#xA;&#x9;          Heart failure/arrest during procedure or surgery&#xA;-  Hemorrhage&#xA;&#x9;          Disseminated intravascular coagulation&#xA;&#x9;          Shock&#xA;-  Renal&#xA;                  Acute renal failure&#xA;-  Respiratory&#xA;&#x9;          Adult respiratory distress syndrome&#xA;&#x9;          Pulmonary edema&#xA;-  Sepsis&#xA;-  Other OB&#xA;&#x9;          Air and thrombotic embolism&#xA;&#x9;          Amniotic fluid embolism&#xA;&#x9;          Eclampsia&#xA;&#x9;          Severe anesthesia complications&#xA;-  Other Medical&#xA;&#x9;          Puerperal cerebrovascular disorder&#xA;&#x9;          Sickle cell disease with crisis&#xA;&#xA;&#xA;Severe Maternal Morbidity Procedures:&#xA;-  Blood transfusion&#xA;-  Conversion of cardiac rhythm&#xA;-  Hysterectomy&#xA;-  Temporary tracheostomy&#xA;-  Ventilation"
                xsi:type="ED"/>
      </measureAttribute>
   </subjectOf>
   <subjectOf>
      <measureAttribute>
         <code code="NUMEX" codeSystem="2.16.840.1.113883.5.4">
            <displayName value="Numerator Exclusions"/>
         </code>
         <value mediaType="text/plain" value="Not applicable" xsi:type="ED"/>
      </measureAttribute>
   </subjectOf>
   <subjectOf>
      <measureAttribute>
         <code code="DENEXCEP" codeSystem="2.16.840.1.113883.5.4">
            <displayName value="Denominator Exceptions"/>
         </code>
         <value mediaType="text/plain" value="None" xsi:type="ED"/>
      </measureAttribute>
   </subjectOf>
   <subjectOf>
      <measureAttribute>
         <code code="SDE" codeSystem="2.16.840.1.113883.5.4">
            <displayName value="Supplemental Data Elements"/>
         </code>
         <value mediaType="text/plain"
                value="For every patient evaluated by this measure also identify payer, race, ethnicity, sex and calculated gestational age"
                xsi:type="ED"/>
      </measureAttribute>
   </subjectOf>
   <componentOf>
      <qualityMeasureSet classCode="ACT">
         <id root="44eb11cf-56d6-4dc2-b986-c58c72474b16"/>
         <title value="Perinatal Care Maternal"/>
      </qualityMeasureSet>
   </componentOf>
   <!--Data Criteria Section-->
   <component>
      <dataCriteriaSection>
         <templateId>
            <item extension="2021-02-01" root="2.16.840.1.113883.10.20.28.2.6"/>
         </templateId>
         <code code="57025-9" codeSystem="2.16.840.1.113883.6.1"/>
         <title value="Data Criteria Section"/>
         <text/>
         <entry typeCode="DRIV">
            <localVariableName value="SevereMaternalMorbidityProcedures_ProcedurePerformed_PEoTa"/>
            <procedureCriteria classCode="PROC" moodCode="EVN">
               <templateId>
                  <item extension="2021-02-01" root="2.16.840.1.113883.10.20.28.4.67"/>
               </templateId>
               <id extension="SevereMaternalMorbidityProcedures_ProcedurePerformed"
                   root="0f28c77b-dda5-43e1-952c-2bc3e7b014fa"/>
               <code valueSet="2.16.840.1.113762.1.4.1029.256"/>
               <title value="Procedure, Performed"/>
               <statusCode code="COMPLETED"/>
            </procedureCriteria>
         </entry>
         <entry typeCode="DRIV">
            <localVariableName value="Payer_PatientCharacteristicPayer_onHSM"/>
            <observationCriteria classCode="OBS" moodCode="EVN">
               <templateId>
                  <item extension="2017-05-01" root="2.16.840.1.113883.10.20.28.4.58"/>
               </templateId>
               <id extension="Payer_PatientCharacteristicPayer"
                   root="2266f87f-9875-46b8-a662-432fed12431c"/>
               <code code="48768-6" codeSystem="2.16.840.1.113883.6.1" codeSystemName="LOINC">
                  <displayName value="Payer"/>
               </code>
               <title value="Patient Characteristic Payer"/>
               <statusCode code="COMPLETED"/>
               <value valueSet="2.16.840.1.114222.4.11.3591" xsi:type="CD"/>
            </observationCriteria>
         </entry>
         <entry typeCode="DRIV">
            <localVariableName value="ONCAdministrativeSex_PatientCharacteristicSex_knsN5"/>
            <observationCriteria classCode="OBS" moodCode="EVN">
               <templateId>
                  <item extension="2017-05-01" root="2.16.840.1.113883.10.20.28.4.55"/>
               </templateId>
               <id extension="ONCAdministrativeSex_PatientCharacteristicSex"
                   root="a05781e9-4407-4805-a568-d312883b4c91"/>
               <code code="263495000" codeSystem="2.16.840.1.113883.6.96" codeSystemName="SNOMED CT">
                  <displayName value="Gender"/>
               </code>
               <title value="Patient Characteristic Sex"/>
               <statusCode code="COMPLETED"/>
               <value valueSet="2.16.840.1.113762.1.4.1" xsi:type="CD"/>
            </observationCriteria>
         </entry>
         <entry typeCode="DRIV">
            <localVariableName value="ObservationServices_EncounterPerformed_8RnDC"/>
            <encounterCriteria classCode="ENC" moodCode="EVN">
               <templateId>
                  <item extension="2021-02-01" root="2.16.840.1.113883.10.20.28.4.5"/>
               </templateId>
               <id extension="ObservationServices_EncounterPerformed"
                   root="fc27bc50-96f1-47fc-a074-727ad7275a87"/>
               <code valueSet="2.16.840.1.113762.1.4.1111.143"/>
               <title value="Encounter, Performed"/>
               <statusCode code="COMPLETED"/>
            </encounterCriteria>
         </entry>
         <entry typeCode="DRIV">
            <localVariableName value="RespiratorySupportProceduresRelatedtoCOVID19_ProcedurePerformed_nHQRJ"/>
            <procedureCriteria classCode="PROC" moodCode="EVN">
               <templateId>
                  <item extension="2021-02-01" root="2.16.840.1.113883.10.20.28.4.67"/>
               </templateId>
               <id extension="RespiratorySupportProceduresRelatedtoCOVID19_ProcedurePerformed"
                   root="b9480744-d2bd-4b27-8b20-8274164a1628"/>
               <code valueSet="2.16.840.1.113762.1.4.1029.379"/>
               <title value="Procedure, Performed"/>
               <statusCode code="COMPLETED"/>
            </procedureCriteria>
         </entry>
         <entry typeCode="DRIV">
            <localVariableName value="DeliveryProcedures_ProcedurePerformed_sH6Ul"/>
            <procedureCriteria classCode="PROC" moodCode="EVN">
               <templateId>
                  <item extension="2021-02-01" root="2.16.840.1.113883.10.20.28.4.67"/>
               </templateId>
               <id extension="DeliveryProcedures_ProcedurePerformed"
                   root="449779a6-00d9-41a2-864e-7572be8bc1c6"/>
               <code valueSet="2.16.840.1.113762.1.4.1045.59"/>
               <title value="Procedure, Performed"/>
               <statusCode code="COMPLETED"/>
            </procedureCriteria>
         </entry>
         <entry typeCode="DRIV">
            <localVariableName value="EstimatedGestationalAgeatDelivery_AssessmentPerformed_yRLau"/>
            <observationCriteria classCode="OBS" moodCode="EVN">
               <templateId>
                  <item extension="2021-02-01" root="2.16.840.1.113883.10.20.28.4.117"/>
               </templateId>
               <id extension="EstimatedGestationalAgeatDelivery_AssessmentPerformed"
                   root="ae918b35-8b62-4a95-b7a4-ea5ec79228d0"/>
               <code valueSet="2.16.840.1.113762.1.4.1045.26"/>
               <title value="Assessment, Performed"/>
               <statusCode code="COMPLETED"/>
            </observationCriteria>
         </entry>
         <entry typeCode="DRIV">
            <localVariableName value="Ethnicity_PatientCharacteristicEthnicity_Uqj6R"/>
            <observationCriteria classCode="OBS" moodCode="EVN">
               <templateId>
                  <item extension="2017-05-01" root="2.16.840.1.113883.10.20.28.4.56"/>
               </templateId>
               <id extension="Ethnicity_PatientCharacteristicEthnicity"
                   root="4466590c-1a8f-482b-9898-8b9a9e261153"/>
               <code code="54133-4" codeSystem="2.16.840.1.113883.6.1" codeSystemName="LOINC">
                  <displayName value="Ethnicity"/>
               </code>
               <title value="Patient Characteristic Ethnicity"/>
               <statusCode code="COMPLETED"/>
               <value valueSet="2.16.840.1.114222.4.11.837" xsi:type="CD"/>
            </observationCriteria>
         </entry>
         <entry typeCode="DRIV">
            <localVariableName value="BloodTransfusion_ProcedurePerformed_YqoKW"/>
            <procedureCriteria classCode="PROC" moodCode="EVN">
               <templateId>
                  <item extension="2021-02-01" root="2.16.840.1.113883.10.20.28.4.67"/>
               </templateId>
               <id extension="BloodTransfusion_ProcedurePerformed"
                   root="7ce2cdb4-279d-4093-b084-c6b6a89bf9b7"/>
               <code valueSet="2.16.840.1.113762.1.4.1029.213"/>
               <title value="Procedure, Performed"/>
               <statusCode code="COMPLETED"/>
            </procedureCriteria>
         </entry>
         <entry typeCode="DRIV">
            <localVariableName value="EDVisitandOBTriage_EncounterPerformed_Fz0oh"/>
            <encounterCriteria classCode="ENC" moodCode="EVN">
               <templateId>
                  <item extension="2021-02-01" root="2.16.840.1.113883.10.20.28.4.5"/>
               </templateId>
               <id extension="EDVisitandOBTriage_EncounterPerformed"
                   root="79f0f95e-c034-49a7-826a-03d1cd864086"/>
               <code valueSet="2.16.840.1.113762.1.4.1029.369"/>
               <title value="Encounter, Performed"/>
               <statusCode code="COMPLETED"/>
            </encounterCriteria>
         </entry>
         <entry typeCode="DRIV">
            <localVariableName value="Race_PatientCharacteristicRace_mYtRx"/>
            <observationCriteria classCode="OBS" moodCode="EVN">
               <templateId>
                  <item extension="2017-05-01" root="2.16.840.1.113883.10.20.28.4.59"/>
               </templateId>
               <id extension="Race_PatientCharacteristicRace"
                   root="73664613-857b-444d-85f2-82c4e1d4a9ae"/>
               <code code="32624-9" codeSystem="2.16.840.1.113883.6.1" codeSystemName="LOINC">
                  <displayName value="Race"/>
               </code>
               <title value="Patient Characteristic Race"/>
               <statusCode code="COMPLETED"/>
               <value valueSet="2.16.840.1.114222.4.11.836" xsi:type="CD"/>
            </observationCriteria>
         </entry>
         <entry typeCode="DRIV">
            <localVariableName value="Whitebloodcellscountlabtest_LaboratoryTestPerformed_z9d5i"/>
            <observationCriteria classCode="OBS" moodCode="EVN">
               <templateId>
                  <item extension="2021-02-01" root="2.16.840.1.113883.10.20.28.4.42"/>
               </templateId>
               <id extension="Whitebloodcellscountlabtest_LaboratoryTestPerformed"
                   root="94423456-5ae5-422c-9c67-12b769b7bd08"/>
               <code valueSet="2.16.840.1.113762.1.4.1045.129"/>
               <title value="Laboratory Test, Performed"/>
               <statusCode code="COMPLETED"/>
            </observationCriteria>
         </entry>
         <entry typeCode="DRIV">
            <localVariableName value="Hematocritlabtest_LaboratoryTestPerformed_enVJk"/>
            <observationCriteria classCode="OBS" moodCode="EVN">
               <templateId>
                  <item extension="2021-02-01" root="2.16.840.1.113883.10.20.28.4.42"/>
               </templateId>
               <id extension="Hematocritlabtest_LaboratoryTestPerformed"
                   root="cf36e4c5-f324-4155-90a8-0ff981866d4c"/>
               <code valueSet="2.16.840.1.113762.1.4.1045.114"/>
               <title value="Laboratory Test, Performed"/>
               <statusCode code="COMPLETED"/>
            </observationCriteria>
         </entry>
         <entry typeCode="DRIV">
            <localVariableName value="EncounterInpatient_EncounterPerformed_trcW2"/>
            <encounterCriteria classCode="ENC" moodCode="EVN">
               <templateId>
                  <item extension="2021-02-01" root="2.16.840.1.113883.10.20.28.4.5"/>
               </templateId>
               <id extension="EncounterInpatient_EncounterPerformed"
                   root="7c8fbb7c-3c15-47eb-b52d-66886da53844"/>
               <code valueSet="2.16.840.1.113883.3.666.5.307"/>
               <title value="Encounter, Performed"/>
               <statusCode code="COMPLETED"/>
            </encounterCriteria>
         </entry>
         <entry typeCode="DRIV">
            <observationCriteria classCode="OBS" moodCode="EVN">
               <templateId>
                  <item extension="2021-02-01" root="2.16.840.1.113883.10.20.28.4.62"/>
               </templateId>
               <id extension="8867-4_PhysicalExamPerformed"
                   root="38749494-4DF0-4DC3-9352-8AAFF2AD560E"/>
               <code code="5880005" codeSystem="2.16.840.1.113883.6.96" codeSystemName="SNOMED CT">
                  <displayName value="physical examination"/>
               </code>
               <title value="Physical Exam, Performed"/>
               <statusCode code="COMPLETED"/>
               <value code="8867-4" codeSystem="2.16.840.1.113883.6.1" codeSystemName="LOINC"
                      xsi:type="CD"/>
            </observationCriteria>
         </entry>
         <entry typeCode="DRIV">
            <observationCriteria classCode="OBS" moodCode="EVN">
               <templateId>
                  <item extension="2021-02-01" root="2.16.840.1.113883.10.20.28.4.62"/>
               </templateId>
               <id extension="8480-6_PhysicalExamPerformed"
                   root="DE57AF54-4098-4B9D-B203-0003C5CF5009"/>
               <code code="5880005" codeSystem="2.16.840.1.113883.6.96" codeSystemName="SNOMED CT">
                  <displayName value="physical examination"/>
               </code>
               <title value="Physical Exam, Performed"/>
               <statusCode code="COMPLETED"/>
               <value code="8480-6" codeSystem="2.16.840.1.113883.6.1" codeSystemName="LOINC"
                      xsi:type="CD"/>
            </observationCriteria>
         </entry>
         <entry typeCode="DRIV">
            <observationCriteria classCode="OBS" moodCode="EVN">
               <templateId>
                  <item extension="2021-02-01" root="2.16.840.1.113883.10.20.28.4.117"/>
               </templateId>
               <id extension="93857-1_AssessmentPerformed"
                   root="775EA932-8358-416E-9212-8196513E0862"/>
               <code code="93857-1" codeSystem="2.16.840.1.113883.6.1" codeSystemName="LOINC"/>
               <title value="Assessment, Performed"/>
               <statusCode code="COMPLETED"/>
            </observationCriteria>
         </entry>
         <entry typeCode="DRIV">
            <observationCriteria classCode="OBS" moodCode="EVN">
               <templateId>
                  <item extension="2021-02-01" root="2.16.840.1.113883.10.20.28.4.117"/>
               </templateId>
               <id extension="11778-8_AssessmentPerformed"
                   root="9AD8A771-9382-4F0C-8395-7FEE0D7DE9AE"/>
               <code code="11778-8" codeSystem="2.16.840.1.113883.6.1" codeSystemName="LOINC"/>
               <title value="Assessment, Performed"/>
               <statusCode code="COMPLETED"/>
            </observationCriteria>
         </entry>
      </dataCriteriaSection>
   </component>
   <component>
      <populationCriteriaSection>
         <templateId>
            <item extension="2017-08-01" root="2.16.840.1.113883.10.20.28.2.7"/>
         </templateId>
         <id extension="PopulationCriteria1" root="F7658C11-E074-4C62-A401-6B9AF72A7033"/>
         <code code="57026-7" codeSystem="2.16.840.1.113883.6.1"/>
         <title value="Population Criteria Section"/>
         <text/>
         <component typeCode="COMP">
            <initialPopulationCriteria classCode="OBS" moodCode="EVN">
               <id extension="initialPopulation" root="40B42154-70AD-4219-BACF-4D8048B2022A"/>
               <code code="IPOP" codeSystem="2.16.840.1.113883.5.4" codeSystemName="Act Code"/>
               <precondition typeCode="PRCN">
                  <criteriaReference classCode="OBS" moodCode="EVN">
                     <id extension="SevereObstetricComplications.&quot;Initial Population&quot;"
                         root="DB73D35C-3221-43D9-8B11-84A9F445436E"/>
                  </criteriaReference>
               </precondition>
            </initialPopulationCriteria>
         </component>
         <component typeCode="COMP">
            <denominatorCriteria classCode="OBS" moodCode="EVN">
               <id extension="denominator" root="341ABC61-E962-48EC-9100-2918799800F4"/>
               <code code="DENOM" codeSystem="2.16.840.1.113883.5.4" codeSystemName="Act Code"/>
               <precondition typeCode="PRCN">
                  <criteriaReference classCode="OBS" moodCode="EVN">
                     <id extension="SevereObstetricComplications.&quot;Denominator&quot;"
                         root="DB73D35C-3221-43D9-8B11-84A9F445436E"/>
                  </criteriaReference>
               </precondition>
            </denominatorCriteria>
         </component>
         <component typeCode="COMP">
            <denominatorExclusionCriteria classCode="OBS" moodCode="EVN">
               <id extension="denominatorExclusions" root="FD8193E5-36DC-44E6-AF42-FFDD46F380D0"/>
               <code code="DENEX" codeSystem="2.16.840.1.113883.5.4" codeSystemName="Act Code"/>
               <precondition typeCode="PRCN">
                  <criteriaReference classCode="OBS" moodCode="EVN">
                     <id extension="SevereObstetricComplications.&quot;Denominator Exclusion&quot;"
                         root="DB73D35C-3221-43D9-8B11-84A9F445436E"/>
                  </criteriaReference>
               </precondition>
            </denominatorExclusionCriteria>
         </component>
         <component typeCode="COMP">
            <numeratorCriteria classCode="OBS" moodCode="EVN">
               <id extension="numerator" root="74500BFB-6199-42D5-A992-A860286BCA97"/>
               <code code="NUMER" codeSystem="2.16.840.1.113883.5.4" codeSystemName="Act Code"/>
               <precondition typeCode="PRCN">
                  <criteriaReference classCode="OBS" moodCode="EVN">
                     <id extension="SevereObstetricComplications.&quot;Numerator&quot;"
                         root="DB73D35C-3221-43D9-8B11-84A9F445436E"/>
                  </criteriaReference>
               </precondition>
            </numeratorCriteria>
         </component>
         <component typeCode="COMP">
            <stratifierCriteria>
               <id extension="Stratifiers" root="7DC4278D-BD20-42F9-B12D-119199BC737D"/>
               <code code="STRAT" codeSystem="2.16.840.1.113883.5.4" codeSystemName="Act Code"/>
               <precondition typeCode="PRCN">
                  <criteriaReference classCode="OBS" moodCode="EVN">
                     <id extension="SevereObstetricComplications.&quot;Stratum 1&quot;"
                         root="DB73D35C-3221-43D9-8B11-84A9F445436E"/>
                  </criteriaReference>
               </precondition>
            </stratifierCriteria>
         </component>
         <component typeCode="COMP">
            <cql-ext:supplementalDataElement>
               <id extension="Supplemental Data Elements"
                   root="2849D566-13D9-4925-AAAF-FDD8A6FFDE44"/>
               <code code="SDE" codeSystem="2.16.840.1.113883.5.4" codeSystemName="Act Code"/>
               <precondition typeCode="PRCN">
                  <criteriaReference classCode="OBS" moodCode="EVN">
                     <id extension="SevereObstetricComplications.&quot;SDE Ethnicity&quot;"
                         root="DB73D35C-3221-43D9-8B11-84A9F445436E"/>
                  </criteriaReference>
               </precondition>
            </cql-ext:supplementalDataElement>
         </component>
         <component typeCode="COMP">
            <cql-ext:supplementalDataElement>
               <id extension="Supplemental Data Elements"
                   root="1BD6AD07-3680-433B-BEF6-BF39387DBA03"/>
               <code code="SDE" codeSystem="2.16.840.1.113883.5.4" codeSystemName="Act Code"/>
               <precondition typeCode="PRCN">
                  <criteriaReference classCode="OBS" moodCode="EVN">
                     <id extension="SevereObstetricComplications.&quot;SDE Payer&quot;"
                         root="DB73D35C-3221-43D9-8B11-84A9F445436E"/>
                  </criteriaReference>
               </precondition>
            </cql-ext:supplementalDataElement>
         </component>
         <component typeCode="COMP">
            <cql-ext:supplementalDataElement>
               <id extension="Supplemental Data Elements"
                   root="2EA3BCF4-1F34-4095-8847-64D7F883601C"/>
               <code code="SDE" codeSystem="2.16.840.1.113883.5.4" codeSystemName="Act Code"/>
               <precondition typeCode="PRCN">
                  <criteriaReference classCode="OBS" moodCode="EVN">
                     <id extension="SevereObstetricComplications.&quot;SDE Race&quot;"
                         root="DB73D35C-3221-43D9-8B11-84A9F445436E"/>
                  </criteriaReference>
               </precondition>
            </cql-ext:supplementalDataElement>
         </component>
         <component typeCode="COMP">
            <cql-ext:supplementalDataElement>
               <id extension="Supplemental Data Elements"
                   root="A5C07796-87A5-42A0-B7C9-682CCA95BF39"/>
               <code code="SDE" codeSystem="2.16.840.1.113883.5.4" codeSystemName="Act Code"/>
               <precondition typeCode="PRCN">
                  <criteriaReference classCode="OBS" moodCode="EVN">
                     <id extension="SevereObstetricComplications.&quot;SDE Sex&quot;"
                         root="DB73D35C-3221-43D9-8B11-84A9F445436E"/>
                  </criteriaReference>
               </precondition>
            </cql-ext:supplementalDataElement>
         </component>
         <component typeCode="COMP">
            <cql-ext:supplementalDataElement>
               <id extension="Supplemental Data Elements"
                   root="678C89B9-325E-4643-B2B4-F33ADE9B8285"/>
               <code code="SDE" codeSystem="2.16.840.1.113883.5.4" codeSystemName="Act Code"/>
               <precondition typeCode="PRCN">
                  <criteriaReference classCode="OBS" moodCode="EVN">
                     <id extension="SevereObstetricComplications.&quot;Variable Calculated Gestational Age&quot;"
                         root="DB73D35C-3221-43D9-8B11-84A9F445436E"/>
                  </criteriaReference>
               </precondition>
            </cql-ext:supplementalDataElement>
         </component>
         <component typeCode="COMP">
            <cql-ext:supplementalDataElement>
               <id extension="Risk Adjustment Variables"
                   root="3862309A-6749-4765-B226-303E89329756"/>
               <code code="MSRADJ" codeSystem="2.16.840.1.113883.5.4" codeSystemName="Act Code"/>
               <precondition typeCode="PRCN">
                  <criteriaReference classCode="OBS" moodCode="EVN">
                     <id extension="SevereObstetricComplications.&quot;Risk Variable Anemia&quot;"
                         root="DB73D35C-3221-43D9-8B11-84A9F445436E"/>
                  </criteriaReference>
               </precondition>
            </cql-ext:supplementalDataElement>
         </component>
         <component typeCode="COMP">
            <cql-ext:supplementalDataElement>
               <id extension="Risk Adjustment Variables"
                   root="0D87FD60-AD90-45A0-9655-DD2ADEE9B108"/>
               <code code="MSRADJ" codeSystem="2.16.840.1.113883.5.4" codeSystemName="Act Code"/>
               <precondition typeCode="PRCN">
                  <criteriaReference classCode="OBS" moodCode="EVN">
                     <id extension="SevereObstetricComplications.&quot;Risk Variable Asthma&quot;"
                         root="DB73D35C-3221-43D9-8B11-84A9F445436E"/>
                  </criteriaReference>
               </precondition>
            </cql-ext:supplementalDataElement>
         </component>
         <component typeCode="COMP">
            <cql-ext:supplementalDataElement>
               <id extension="Risk Adjustment Variables"
                   root="694A3C75-AC83-4BD6-BF1F-CEE6C07F3C08"/>
               <code code="MSRADJ" codeSystem="2.16.840.1.113883.5.4" codeSystemName="Act Code"/>
               <precondition typeCode="PRCN">
                  <criteriaReference classCode="OBS" moodCode="EVN">
                     <id extension="SevereObstetricComplications.&quot;Risk Variable Autoimmune Disease&quot;"
                         root="DB73D35C-3221-43D9-8B11-84A9F445436E"/>
                  </criteriaReference>
               </precondition>
            </cql-ext:supplementalDataElement>
         </component>
         <component typeCode="COMP">
            <cql-ext:supplementalDataElement>
               <id extension="Risk Adjustment Variables"
                   root="53B8DDBA-5ED4-4164-993E-31A61499F93F"/>
               <code code="MSRADJ" codeSystem="2.16.840.1.113883.5.4" codeSystemName="Act Code"/>
               <precondition typeCode="PRCN">
                  <criteriaReference classCode="OBS" moodCode="EVN">
                     <id extension="SevereObstetricComplications.&quot;Risk Variable Morbid Obesity&quot;"
                         root="DB73D35C-3221-43D9-8B11-84A9F445436E"/>
                  </criteriaReference>
               </precondition>
            </cql-ext:supplementalDataElement>
         </component>
         <component typeCode="COMP">
            <cql-ext:supplementalDataElement>
               <id extension="Risk Adjustment Variables"
                   root="F2BEBCE9-0622-4A7A-A3AD-64EAC732A1E6"/>
               <code code="MSRADJ" codeSystem="2.16.840.1.113883.5.4" codeSystemName="Act Code"/>
               <precondition typeCode="PRCN">
                  <criteriaReference classCode="OBS" moodCode="EVN">
                     <id extension="SevereObstetricComplications.&quot;Risk Variable Bariatric Surgery&quot;"
                         root="DB73D35C-3221-43D9-8B11-84A9F445436E"/>
                  </criteriaReference>
               </precondition>
            </cql-ext:supplementalDataElement>
         </component>
         <component typeCode="COMP">
            <cql-ext:supplementalDataElement>
               <id extension="Risk Adjustment Variables"
                   root="D994CCA7-64A2-4C65-B64E-66E80E8BE11D"/>
               <code code="MSRADJ" codeSystem="2.16.840.1.113883.5.4" codeSystemName="Act Code"/>
               <precondition typeCode="PRCN">
                  <criteriaReference classCode="OBS" moodCode="EVN">
                     <id extension="SevereObstetricComplications.&quot;Risk Variable Bleeding Disorder&quot;"
                         root="DB73D35C-3221-43D9-8B11-84A9F445436E"/>
                  </criteriaReference>
               </precondition>
            </cql-ext:supplementalDataElement>
         </component>
         <component typeCode="COMP">
            <cql-ext:supplementalDataElement>
               <id extension="Risk Adjustment Variables"
                   root="05917ED0-E41C-467D-B979-D41457D9322C"/>
               <code code="MSRADJ" codeSystem="2.16.840.1.113883.5.4" codeSystemName="Act Code"/>
               <precondition typeCode="PRCN">
                  <criteriaReference classCode="OBS" moodCode="EVN">
                     <id extension="SevereObstetricComplications.&quot;Risk Variable Cardiac Disease&quot;"
                         root="DB73D35C-3221-43D9-8B11-84A9F445436E"/>
                  </criteriaReference>
               </precondition>
            </cql-ext:supplementalDataElement>
         </component>
         <component typeCode="COMP">
            <cql-ext:supplementalDataElement>
               <id extension="Risk Adjustment Variables"
                   root="F5D447B4-46C8-4FCD-80DD-CD2CDBB32113"/>
               <code code="MSRADJ" codeSystem="2.16.840.1.113883.5.4" codeSystemName="Act Code"/>
               <precondition typeCode="PRCN">
                  <criteriaReference classCode="OBS" moodCode="EVN">
                     <id extension="SevereObstetricComplications.&quot;Risk Variable Economic Housing Instability&quot;"
                         root="DB73D35C-3221-43D9-8B11-84A9F445436E"/>
                  </criteriaReference>
               </precondition>
            </cql-ext:supplementalDataElement>
         </component>
         <component typeCode="COMP">
            <cql-ext:supplementalDataElement>
               <id extension="Risk Adjustment Variables"
                   root="D9A5FCBB-B80D-49D4-AF35-98CC8DB0A21D"/>
               <code code="MSRADJ" codeSystem="2.16.840.1.113883.5.4" codeSystemName="Act Code"/>
               <precondition typeCode="PRCN">
                  <criteriaReference classCode="OBS" moodCode="EVN">
                     <id extension="SevereObstetricComplications.&quot;Risk Variable Gastrointestinal Disease&quot;"
                         root="DB73D35C-3221-43D9-8B11-84A9F445436E"/>
                  </criteriaReference>
               </precondition>
            </cql-ext:supplementalDataElement>
         </component>
         <component typeCode="COMP">
            <cql-ext:supplementalDataElement>
               <id extension="Risk Adjustment Variables"
                   root="3E36C02C-DDD0-4E1D-8214-36679CA12C77"/>
               <code code="MSRADJ" codeSystem="2.16.840.1.113883.5.4" codeSystemName="Act Code"/>
               <precondition typeCode="PRCN">
                  <criteriaReference classCode="OBS" moodCode="EVN">
                     <id extension="SevereObstetricComplications.&quot;Risk Variable Gestational Diabetes&quot;"
                         root="DB73D35C-3221-43D9-8B11-84A9F445436E"/>
                  </criteriaReference>
               </precondition>
            </cql-ext:supplementalDataElement>
         </component>
         <component typeCode="COMP">
            <cql-ext:supplementalDataElement>
               <id extension="Risk Adjustment Variables"
                   root="DB008BF6-497A-4259-ACF7-A1F569C9E696"/>
               <code code="MSRADJ" codeSystem="2.16.840.1.113883.5.4" codeSystemName="Act Code"/>
               <precondition typeCode="PRCN">
                  <criteriaReference classCode="OBS" moodCode="EVN">
                     <id extension="SevereObstetricComplications.&quot;Risk Variable HIV&quot;"
                         root="DB73D35C-3221-43D9-8B11-84A9F445436E"/>
                  </criteriaReference>
               </precondition>
            </cql-ext:supplementalDataElement>
         </component>
         <component typeCode="COMP">
            <cql-ext:supplementalDataElement>
               <id extension="Risk Adjustment Variables"
                   root="31F3D7F2-3651-45AE-90DB-7DED460431E8"/>
               <code code="MSRADJ" codeSystem="2.16.840.1.113883.5.4" codeSystemName="Act Code"/>
               <precondition typeCode="PRCN">
                  <criteriaReference classCode="OBS" moodCode="EVN">
                     <id extension="SevereObstetricComplications.&quot;Risk Variable Hypertension&quot;"
                         root="DB73D35C-3221-43D9-8B11-84A9F445436E"/>
                  </criteriaReference>
               </precondition>
            </cql-ext:supplementalDataElement>
         </component>
         <component typeCode="COMP">
            <cql-ext:supplementalDataElement>
               <id extension="Risk Adjustment Variables"
                   root="0527343D-6B43-455D-A3BB-5D67DF6B5219"/>
               <code code="MSRADJ" codeSystem="2.16.840.1.113883.5.4" codeSystemName="Act Code"/>
               <precondition typeCode="PRCN">
                  <criteriaReference classCode="OBS" moodCode="EVN">
                     <id extension="SevereObstetricComplications.&quot;Risk Variable Lab and Physical Exam Results&quot;"
                         root="DB73D35C-3221-43D9-8B11-84A9F445436E"/>
                  </criteriaReference>
               </precondition>
            </cql-ext:supplementalDataElement>
         </component>
         <component typeCode="COMP">
            <cql-ext:supplementalDataElement>
               <id extension="Risk Adjustment Variables"
                   root="3EB17CFF-60B0-4E22-AFBF-108DB5189206"/>
               <code code="MSRADJ" codeSystem="2.16.840.1.113883.5.4" codeSystemName="Act Code"/>
               <precondition typeCode="PRCN">
                  <criteriaReference classCode="OBS" moodCode="EVN">
                     <id extension="SevereObstetricComplications.&quot;Risk Variable Long Term Anticoagulant Use&quot;"
                         root="DB73D35C-3221-43D9-8B11-84A9F445436E"/>
                  </criteriaReference>
               </precondition>
            </cql-ext:supplementalDataElement>
         </component>
         <component typeCode="COMP">
            <cql-ext:supplementalDataElement>
               <id extension="Risk Adjustment Variables"
                   root="8FCFBEC2-9E3E-4C2D-ADAC-F4A9EBEDC2E2"/>
               <code code="MSRADJ" codeSystem="2.16.840.1.113883.5.4" codeSystemName="Act Code"/>
               <precondition typeCode="PRCN">
                  <criteriaReference classCode="OBS" moodCode="EVN">
                     <id extension="SevereObstetricComplications.&quot;Risk Variable Mental Health Disorder&quot;"
                         root="DB73D35C-3221-43D9-8B11-84A9F445436E"/>
                  </criteriaReference>
               </precondition>
            </cql-ext:supplementalDataElement>
         </component>
         <component typeCode="COMP">
            <cql-ext:supplementalDataElement>
               <id extension="Risk Adjustment Variables"
                   root="B8E592A0-DAB5-41DE-9AA0-01768F9933CD"/>
               <code code="MSRADJ" codeSystem="2.16.840.1.113883.5.4" codeSystemName="Act Code"/>
               <precondition typeCode="PRCN">
                  <criteriaReference classCode="OBS" moodCode="EVN">
                     <id extension="SevereObstetricComplications.&quot;Risk Variable Multiple Pregnancy&quot;"
                         root="DB73D35C-3221-43D9-8B11-84A9F445436E"/>
                  </criteriaReference>
               </precondition>
            </cql-ext:supplementalDataElement>
         </component>
         <component typeCode="COMP">
            <cql-ext:supplementalDataElement>
               <id extension="Risk Adjustment Variables"
                   root="5410FAAC-F7A6-4C58-A0FF-839ED8F1764B"/>
               <code code="MSRADJ" codeSystem="2.16.840.1.113883.5.4" codeSystemName="Act Code"/>
               <precondition typeCode="PRCN">
                  <criteriaReference classCode="OBS" moodCode="EVN">
                     <id extension="SevereObstetricComplications.&quot;Risk Variable Neuromuscular&quot;"
                         root="DB73D35C-3221-43D9-8B11-84A9F445436E"/>
                  </criteriaReference>
               </precondition>
            </cql-ext:supplementalDataElement>
         </component>
         <component typeCode="COMP">
            <cql-ext:supplementalDataElement>
               <id extension="Risk Adjustment Variables"
                   root="88671137-3D95-4E0C-A0A5-90B6B4708D29"/>
               <code code="MSRADJ" codeSystem="2.16.840.1.113883.5.4" codeSystemName="Act Code"/>
               <precondition typeCode="PRCN">
                  <criteriaReference classCode="OBS" moodCode="EVN">
                     <id extension="SevereObstetricComplications.&quot;Risk Variable Obstetrical VTE&quot;"
                         root="DB73D35C-3221-43D9-8B11-84A9F445436E"/>
                  </criteriaReference>
               </precondition>
            </cql-ext:supplementalDataElement>
         </component>
         <component typeCode="COMP">
            <cql-ext:supplementalDataElement>
               <id extension="Risk Adjustment Variables"
                   root="7913FD86-4D25-454C-AAD8-3B4F3B6C2710"/>
               <code code="MSRADJ" codeSystem="2.16.840.1.113883.5.4" codeSystemName="Act Code"/>
               <precondition typeCode="PRCN">
                  <criteriaReference classCode="OBS" moodCode="EVN">
                     <id extension="SevereObstetricComplications.&quot;Risk Variable Other Preeclampsia&quot;"
                         root="DB73D35C-3221-43D9-8B11-84A9F445436E"/>
                  </criteriaReference>
               </precondition>
            </cql-ext:supplementalDataElement>
         </component>
         <component typeCode="COMP">
            <cql-ext:supplementalDataElement>
               <id extension="Risk Adjustment Variables"
                   root="BB6BAA82-B87F-4565-91E9-94E64B9C73E8"/>
               <code code="MSRADJ" codeSystem="2.16.840.1.113883.5.4" codeSystemName="Act Code"/>
               <precondition typeCode="PRCN">
                  <criteriaReference classCode="OBS" moodCode="EVN">
                     <id extension="SevereObstetricComplications.&quot;Risk Variable Placenta Previa&quot;"
                         root="DB73D35C-3221-43D9-8B11-84A9F445436E"/>
                  </criteriaReference>
               </precondition>
            </cql-ext:supplementalDataElement>
         </component>
         <component typeCode="COMP">
            <cql-ext:supplementalDataElement>
               <id extension="Risk Adjustment Variables"
                   root="33145F5B-E382-40B0-8863-BB9D3373F013"/>
               <code code="MSRADJ" codeSystem="2.16.840.1.113883.5.4" codeSystemName="Act Code"/>
               <precondition typeCode="PRCN">
                  <criteriaReference classCode="OBS" moodCode="EVN">
                     <id extension="SevereObstetricComplications.&quot;Risk Variable Placental Abruption&quot;"
                         root="DB73D35C-3221-43D9-8B11-84A9F445436E"/>
                  </criteriaReference>
               </precondition>
            </cql-ext:supplementalDataElement>
         </component>
         <component typeCode="COMP">
            <cql-ext:supplementalDataElement>
               <id extension="Risk Adjustment Variables"
                   root="A35AD812-2260-42CB-B947-F0EAC73380A6"/>
               <code code="MSRADJ" codeSystem="2.16.840.1.113883.5.4" codeSystemName="Act Code"/>
               <precondition typeCode="PRCN">
                  <criteriaReference classCode="OBS" moodCode="EVN">
                     <id extension="SevereObstetricComplications.&quot;Risk Variable Placental Accreta Spectrum&quot;"
                         root="DB73D35C-3221-43D9-8B11-84A9F445436E"/>
                  </criteriaReference>
               </precondition>
            </cql-ext:supplementalDataElement>
         </component>
         <component typeCode="COMP">
            <cql-ext:supplementalDataElement>
               <id extension="Risk Adjustment Variables"
                   root="5714D517-D2A4-4D9A-8174-FEEFEE5092BB"/>
               <code code="MSRADJ" codeSystem="2.16.840.1.113883.5.4" codeSystemName="Act Code"/>
               <precondition typeCode="PRCN">
                  <criteriaReference classCode="OBS" moodCode="EVN">
                     <id extension="SevereObstetricComplications.&quot;Risk Variable Preexisting Diabetes&quot;"
                         root="DB73D35C-3221-43D9-8B11-84A9F445436E"/>
                  </criteriaReference>
               </precondition>
            </cql-ext:supplementalDataElement>
         </component>
         <component typeCode="COMP">
            <cql-ext:supplementalDataElement>
               <id extension="Risk Adjustment Variables"
                   root="FC4D7BEB-05FC-444A-8248-3CFEC23EDC98"/>
               <code code="MSRADJ" codeSystem="2.16.840.1.113883.5.4" codeSystemName="Act Code"/>
               <precondition typeCode="PRCN">
                  <criteriaReference classCode="OBS" moodCode="EVN">
                     <id extension="SevereObstetricComplications.&quot;Risk Variable Preterm Birth&quot;"
                         root="DB73D35C-3221-43D9-8B11-84A9F445436E"/>
                  </criteriaReference>
               </precondition>
            </cql-ext:supplementalDataElement>
         </component>
         <component typeCode="COMP">
            <cql-ext:supplementalDataElement>
               <id extension="Risk Adjustment Variables"
                   root="8F57E3B7-EA89-42DD-9A3B-DF494CE51B9C"/>
               <code code="MSRADJ" codeSystem="2.16.840.1.113883.5.4" codeSystemName="Act Code"/>
               <precondition typeCode="PRCN">
                  <criteriaReference classCode="OBS" moodCode="EVN">
                     <id extension="SevereObstetricComplications.&quot;Risk Variable Previous Cesarean&quot;"
                         root="DB73D35C-3221-43D9-8B11-84A9F445436E"/>
                  </criteriaReference>
               </precondition>
            </cql-ext:supplementalDataElement>
         </component>
         <component typeCode="COMP">
            <cql-ext:supplementalDataElement>
               <id extension="Risk Adjustment Variables"
                   root="9100029A-DAA9-4DE2-BA87-E06DA023CEA2"/>
               <code code="MSRADJ" codeSystem="2.16.840.1.113883.5.4" codeSystemName="Act Code"/>
               <precondition typeCode="PRCN">
                  <criteriaReference classCode="OBS" moodCode="EVN">
                     <id extension="SevereObstetricComplications.&quot;Risk Variable Pulmonary Hypertension&quot;"
                         root="DB73D35C-3221-43D9-8B11-84A9F445436E"/>
                  </criteriaReference>
               </precondition>
            </cql-ext:supplementalDataElement>
         </component>
         <component typeCode="COMP">
            <cql-ext:supplementalDataElement>
               <id extension="Risk Adjustment Variables"
                   root="ADDDF83C-ACA6-4171-AA46-BA8B643D2959"/>
               <code code="MSRADJ" codeSystem="2.16.840.1.113883.5.4" codeSystemName="Act Code"/>
               <precondition typeCode="PRCN">
                  <criteriaReference classCode="OBS" moodCode="EVN">
                     <id extension="SevereObstetricComplications.&quot;Risk Variable Renal Disease&quot;"
                         root="DB73D35C-3221-43D9-8B11-84A9F445436E"/>
                  </criteriaReference>
               </precondition>
            </cql-ext:supplementalDataElement>
         </component>
         <component typeCode="COMP">
            <cql-ext:supplementalDataElement>
               <id extension="Risk Adjustment Variables"
                   root="E0D7B833-0461-4AF9-8791-F3FE0DB3D9FD"/>
               <code code="MSRADJ" codeSystem="2.16.840.1.113883.5.4" codeSystemName="Act Code"/>
               <precondition typeCode="PRCN">
                  <criteriaReference classCode="OBS" moodCode="EVN">
                     <id extension="SevereObstetricComplications.&quot;Risk Variable Severe Preeclampsia&quot;"
                         root="DB73D35C-3221-43D9-8B11-84A9F445436E"/>
                  </criteriaReference>
               </precondition>
            </cql-ext:supplementalDataElement>
         </component>
         <component typeCode="COMP">
            <cql-ext:supplementalDataElement>
               <id extension="Risk Adjustment Variables"
                   root="9E953E48-3C0A-4C9D-9820-A2882FB6A2F3"/>
               <code code="MSRADJ" codeSystem="2.16.840.1.113883.5.4" codeSystemName="Act Code"/>
               <precondition typeCode="PRCN">
                  <criteriaReference classCode="OBS" moodCode="EVN">
                     <id extension="SevereObstetricComplications.&quot;Risk Variable Substance Abuse&quot;"
                         root="DB73D35C-3221-43D9-8B11-84A9F445436E"/>
                  </criteriaReference>
               </precondition>
            </cql-ext:supplementalDataElement>
         </component>
         <component typeCode="COMP">
            <cql-ext:supplementalDataElement>
               <id extension="Risk Adjustment Variables"
                   root="38996568-D932-4398-9D24-FF71CEC9118A"/>
               <code code="MSRADJ" codeSystem="2.16.840.1.113883.5.4" codeSystemName="Act Code"/>
               <precondition typeCode="PRCN">
                  <criteriaReference classCode="OBS" moodCode="EVN">
                     <id extension="SevereObstetricComplications.&quot;Risk Variable Thyrotoxicosis&quot;"
                         root="DB73D35C-3221-43D9-8B11-84A9F445436E"/>
                  </criteriaReference>
               </precondition>
            </cql-ext:supplementalDataElement>
         </component>
      </populationCriteriaSection>
   </component>
</QualityMeasureDocument>