<?xml version="1.0" encoding="UTF-8"?>
<library xmlns="urn:hl7-org:elm:r1" xmlns:t="urn:hl7-org:elm-types:r1" xmlns:xsi="http://www.w3.org/2001/XMLSchema-instance" xmlns:xsd="http://www.w3.org/2001/XMLSchema" xmlns:fhir="http://hl7.org/fhir" xmlns:qdm43="urn:healthit-gov:qdm:v4_3" xmlns:qdm53="urn:healthit-gov:qdm:v5_3" xmlns:a="urn:hl7-org:cql-annotations:r1">
   <annotation translatorOptions="EnableAnnotations,EnableLocators,DisableListDemotion,DisableListPromotion,DisableMethodInvocation" xsi:type="a:CqlToElmInfo"/>
   <annotation xsi:type="a:Annotation">
      <a:s r="264">
         <a:s>library AlaraCT version '1.1.000'</a:s>
      </a:s>
   </annotation>
   <identifier id="AlaraCT" version="1.1.000"/>
   <schemaIdentifier id="urn:hl7-org:elm" version="r1"/>
   <usings>
      <def localIdentifier="System" uri="urn:hl7-org:elm-types:r1"/>
      <def localId="1" locator="3:1-3:23" localIdentifier="QDM" uri="urn:healthit-gov:qdm:v5_6" version="5.6">
         <annotation xsi:type="a:Annotation">
            <a:s r="1">
               <a:s>using </a:s>
               <a:s>
                  <a:s>QDM</a:s>
               </a:s>
               <a:s> version '5.6'</a:s>
            </a:s>
         </annotation>
      </def>
   </usings>
   <includes>
      <def localId="2" locator="5:1-5:64" localIdentifier="Global" path="MATGlobalCommonFunctions" version="7.0.000">
         <annotation xsi:type="a:Annotation">
            <a:s r="2">
               <a:s>include </a:s>
               <a:s>
                  <a:s>MATGlobalCommonFunctions</a:s>
               </a:s>
               <a:s> version '7.0.000' called Global</a:s>
            </a:s>
         </annotation>
      </def>
   </includes>
   <parameters>
      <def localId="16" locator="18:1-18:49" name="Measurement Period" accessLevel="Public">
         <annotation xsi:type="a:Annotation">
            <a:s r="16">
               <a:s>parameter &quot;Measurement Period&quot; </a:s>
               <a:s r="15">
                  <a:s>Interval&lt;</a:s>
                  <a:s r="14">
                     <a:s>DateTime</a:s>
                  </a:s>
                  <a:s>></a:s>
               </a:s>
            </a:s>
         </annotation>
         <parameterTypeSpecifier localId="15" locator="18:32-18:49" xsi:type="IntervalTypeSpecifier">
            <pointType localId="14" locator="18:41-18:48" name="t:DateTime" xsi:type="NamedTypeSpecifier"/>
         </parameterTypeSpecifier>
      </def>
   </parameters>
   <codeSystems>
      <def localId="3" locator="7:1-7:51" name="LOINC" id="urn:oid:2.16.840.1.113883.6.1" accessLevel="Public">
         <annotation xsi:type="a:Annotation">
            <a:s r="3">
               <a:s>codesystem &quot;LOINC&quot;: 'urn:oid:2.16.840.1.113883.6.1'</a:s>
            </a:s>
         </annotation>
      </def>
   </codeSystems>
   <valueSets>
      <def localId="4" locator="9:1-9:58" name="Ethnicity" id="urn:oid:2.16.840.1.114222.4.11.837" accessLevel="Public">
         <annotation xsi:type="a:Annotation">
            <a:s r="4">
               <a:s>valueset &quot;Ethnicity&quot;: 'urn:oid:2.16.840.1.114222.4.11.837'</a:s>
            </a:s>
         </annotation>
      </def>
      <def localId="5" locator="10:1-10:68" name="ONC Administrative Sex" id="urn:oid:2.16.840.1.113762.1.4.1" accessLevel="Public">
         <annotation xsi:type="a:Annotation">
            <a:s r="5">
               <a:s>valueset &quot;ONC Administrative Sex&quot;: 'urn:oid:2.16.840.1.113762.1.4.1'</a:s>
            </a:s>
         </annotation>
      </def>
      <def localId="6" locator="11:1-11:55" name="Payer" id="urn:oid:2.16.840.1.114222.4.11.3591" accessLevel="Public">
         <annotation xsi:type="a:Annotation">
            <a:s r="6">
               <a:s>valueset &quot;Payer&quot;: 'urn:oid:2.16.840.1.114222.4.11.3591'</a:s>
            </a:s>
         </annotation>
      </def>
      <def localId="7" locator="12:1-12:53" name="Race" id="urn:oid:2.16.840.1.114222.4.11.836" accessLevel="Public">
         <annotation xsi:type="a:Annotation">
            <a:s r="7">
               <a:s>valueset &quot;Race&quot;: 'urn:oid:2.16.840.1.114222.4.11.836'</a:s>
            </a:s>
         </annotation>
      </def>
   </valueSets>
   <codes>
      <def localId="9" locator="14:1-14:94" name="Calculated CT global noise" id="96912-1" display="Calculated CT global noise" accessLevel="Public">
         <annotation xsi:type="a:Annotation">
            <a:s r="9">
               <a:s>code &quot;Calculated CT global noise&quot;: '96912-1' from </a:s>
               <a:s r="8">
                  <a:s>&quot;LOINC&quot;</a:s>
               </a:s>
               <a:s> display 'Calculated CT global noise'</a:s>
            </a:s>
         </annotation>
         <codeSystem localId="8" locator="14:51-14:57" name="LOINC"/>
      </def>
      <def localId="11" locator="15:1-15:106" name="Calculated CT size-adjusted dose" id="96913-9" display="Calculated CT size-adjusted dose" accessLevel="Public">
         <annotation xsi:type="a:Annotation">
            <a:s r="11">
               <a:s>code &quot;Calculated CT size-adjusted dose&quot;: '96913-9' from </a:s>
               <a:s r="10">
                  <a:s>&quot;LOINC&quot;</a:s>
               </a:s>
               <a:s> display 'Calculated CT size-adjusted dose'</a:s>
            </a:s>
         </annotation>
         <codeSystem localId="10" locator="15:57-15:63" name="LOINC"/>
      </def>
      <def localId="13" locator="16:1-16:110" name="CT dose and image quality category" id="96914-7" display="CT dose and image quality category" accessLevel="Public">
         <annotation xsi:type="a:Annotation">
            <a:s r="13">
               <a:s>code &quot;CT dose and image quality category&quot;: '96914-7' from </a:s>
               <a:s r="12">
                  <a:s>&quot;LOINC&quot;</a:s>
               </a:s>
               <a:s> display 'CT dose and image quality category'</a:s>
            </a:s>
         </annotation>
         <codeSystem localId="12" locator="16:59-16:65" name="LOINC"/>
      </def>
   </codes>
   <contexts>
      <def locator="20:1-20:15" name="Patient"/>
   </contexts>
   <statements>
      <def locator="20:1-20:15" name="Patient" context="Patient">
         <expression xsi:type="SingletonFrom">
            <operand locator="20:1-20:15" xmlns:ns0="urn:healthit-gov:qdm:v5_6" dataType="ns0:Patient" templateId="Patient" xsi:type="Retrieve"/>
         </expression>
      </def>
      <def localId="18" locator="22:1-23:51" name="SDE Ethnicity" context="Patient" accessLevel="Public">
         <annotation xsi:type="a:Annotation">
            <a:s r="18">
               <a:s>define &quot;SDE Ethnicity&quot;:
  </a:s>
               <a:s r="17">
                  <a:s>[&quot;Patient Characteristic Ethnicity&quot;: </a:s>
                  <a:s>
                     <a:s>&quot;Ethnicity&quot;</a:s>
                  </a:s>
                  <a:s>]</a:s>
               </a:s>
            </a:s>
         </annotation>
         <expression localId="17" locator="23:3-23:51" xmlns:ns1="urn:healthit-gov:qdm:v5_6" dataType="ns1:PatientCharacteristicEthnicity" codeProperty="code" codeComparator="in" xsi:type="Retrieve">
            <codes locator="23:40-23:50" name="Ethnicity" xsi:type="ValueSetRef"/>
         </expression>
      </def>
      <def localId="20" locator="25:1-26:43" name="SDE Payer" context="Patient" accessLevel="Public">
         <annotation xsi:type="a:Annotation">
            <a:s r="20">
               <a:s>define &quot;SDE Payer&quot;:
  </a:s>
               <a:s r="19">
                  <a:s>[&quot;Patient Characteristic Payer&quot;: </a:s>
                  <a:s>
                     <a:s>&quot;Payer&quot;</a:s>
                  </a:s>
                  <a:s>]</a:s>
               </a:s>
            </a:s>
         </annotation>
         <expression localId="19" locator="26:3-26:43" xmlns:ns2="urn:healthit-gov:qdm:v5_6" dataType="ns2:PatientCharacteristicPayer" codeProperty="code" codeComparator="in" xsi:type="Retrieve">
            <codes locator="26:36-26:42" name="Payer" xsi:type="ValueSetRef"/>
         </expression>
      </def>
      <def localId="22" locator="28:1-29:41" name="SDE Race" context="Patient" accessLevel="Public">
         <annotation xsi:type="a:Annotation">
            <a:s r="22">
               <a:s>define &quot;SDE Race&quot;:
  </a:s>
               <a:s r="21">
                  <a:s>[&quot;Patient Characteristic Race&quot;: </a:s>
                  <a:s>
                     <a:s>&quot;Race&quot;</a:s>
                  </a:s>
                  <a:s>]</a:s>
               </a:s>
            </a:s>
         </annotation>
         <expression localId="21" locator="29:3-29:41" xmlns:ns3="urn:healthit-gov:qdm:v5_6" dataType="ns3:PatientCharacteristicRace" codeProperty="code" codeComparator="in" xsi:type="Retrieve">
            <codes locator="29:35-29:40" name="Race" xsi:type="ValueSetRef"/>
         </expression>
      </def>
      <def localId="24" locator="31:1-32:58" name="SDE Sex" context="Patient" accessLevel="Public">
         <annotation xsi:type="a:Annotation">
            <a:s r="24">
               <a:s>define &quot;SDE Sex&quot;:
  </a:s>
               <a:s r="23">
                  <a:s>[&quot;Patient Characteristic Sex&quot;: </a:s>
                  <a:s>
                     <a:s>&quot;ONC Administrative Sex&quot;</a:s>
                  </a:s>
                  <a:s>]</a:s>
               </a:s>
            </a:s>
         </annotation>
         <expression localId="23" locator="32:3-32:58" xmlns:ns4="urn:healthit-gov:qdm:v5_6" dataType="ns4:PatientCharacteristicSex" codeProperty="code" codeComparator="in" xsi:type="Retrieve">
            <codes locator="32:34-32:57" name="ONC Administrative Sex" xsi:type="ValueSetRef"/>
         </expression>
      </def>
      <def localId="42" locator="50:1-53:62" name="Qualifying CTScan" context="Patient" accessLevel="Public">
         <annotation xsi:type="a:Annotation">
            <a:s r="42">
               <a:s>define &quot;Qualifying CTScan&quot;:
  </a:s>
               <a:s r="41">
                  <a:s>
                     <a:s r="26">
                        <a:s r="25">
                           <a:s r="25">
                              <a:s>[&quot;Diagnostic Study, Performed&quot;: </a:s>
                              <a:s>
                                 <a:s>&quot;CT dose and image quality category&quot;</a:s>
                              </a:s>
                              <a:s>]</a:s>
                           </a:s>
                        </a:s>
                        <a:s> CTScanResult</a:s>
                     </a:s>
                  </a:s>
                  <a:s>
    </a:s>
                  <a:s r="40">
                     <a:s>where </a:s>
                     <a:s r="40">
                        <a:s r="34">
                           <a:s r="32">
                              <a:s r="27">
                                 <a:s>Global</a:s>
                              </a:s>
                              <a:s>.</a:s>
                              <a:s r="32">
                                 <a:s>&quot;NormalizeInterval&quot; ( </a:s>
                                 <a:s r="29">
                                    <a:s r="28">
                                       <a:s>CTScanResult</a:s>
                                    </a:s>
                                    <a:s>.</a:s>
                                    <a:s r="29">
                                       <a:s>relevantDatetime</a:s>
                                    </a:s>
                                 </a:s>
                                 <a:s>, </a:s>
                                 <a:s r="31">
                                    <a:s r="30">
                                       <a:s>CTScanResult</a:s>
                                    </a:s>
                                    <a:s>.</a:s>
                                    <a:s r="31">
                                       <a:s>relevantPeriod</a:s>
                                    </a:s>
                                 </a:s>
                                 <a:s> )</a:s>
                              </a:s>
                           </a:s>
                           <a:s r="34"> occurs during </a:s>
                           <a:s r="33">
                              <a:s>&quot;Measurement Period&quot;</a:s>
                           </a:s>
                        </a:s>
                        <a:s>
      and </a:s>
                        <a:s r="39">
                           <a:s>( </a:s>
                           <a:s r="39">
                              <a:s r="37">
                                 <a:s>AgeInYearsAt(</a:s>
                                 <a:s r="36">
                                    <a:s>start of </a:s>
                                    <a:s r="35">
                                       <a:s>&quot;Measurement Period&quot;</a:s>
                                    </a:s>
                                 </a:s>
                                 <a:s>)</a:s>
                              </a:s>
                              <a:s r="38">>= 18</a:s>
                           </a:s>
                           <a:s> )</a:s>
                        </a:s>
                     </a:s>
                  </a:s>
               </a:s>
            </a:s>
         </annotation>
         <expression localId="41" locator="51:3-53:62" xsi:type="Query">
            <source localId="26" locator="51:3-51:84" alias="CTScanResult">
               <expression localId="25" locator="51:3-51:71" xmlns:ns5="urn:healthit-gov:qdm:v5_6" dataType="ns5:PositiveDiagnosticStudyPerformed" templateId="PositiveDiagnosticStudyPerformed" codeProperty="code" codeComparator="~" xsi:type="Retrieve">
                  <codes xsi:type="ToList">
                     <operand locator="51:35-51:70" name="CT dose and image quality category" xsi:type="CodeRef"/>
                  </codes>
               </expression>
            </source>
            <where localId="40" locator="52:5-53:62" xsi:type="And">
               <operand localId="34" locator="52:11-52:134" xsi:type="IncludedIn">
                  <operand localId="32" locator="52:11-52:99" name="NormalizeInterval" libraryName="Global" xsi:type="FunctionRef">
                     <operand localId="29" locator="52:40-52:68" path="relevantDatetime" scope="CTScanResult" xsi:type="Property"/>
                     <operand localId="31" locator="52:71-52:97" path="relevantPeriod" scope="CTScanResult" xsi:type="Property"/>
                  </operand>
                  <operand localId="33" locator="52:115-52:134" name="Measurement Period" xsi:type="ParameterRef"/>
               </operand>
               <operand localId="39" locator="53:11-53:62" xsi:type="GreaterOrEqual">
                  <operand localId="37" locator="53:13-53:55" precision="Year" xsi:type="CalculateAgeAt">
                     <operand path="birthDatetime" xsi:type="Property">
                        <source name="Patient" xsi:type="ExpressionRef"/>
                     </operand>
                     <operand localId="36" locator="53:26-53:54" xsi:type="Start">
                        <operand localId="35" locator="53:35-53:54" name="Measurement Period" xsi:type="ParameterRef"/>
                     </operand>
                  </operand>
                  <operand localId="38" locator="53:59-53:60" valueType="t:Integer" value="18" xsi:type="Literal"/>
               </operand>
            </where>
         </expression>
      </def>
      <def localId="45" locator="34:1-35:32" name="Initial Population" context="Patient" accessLevel="Public">
         <annotation xsi:type="a:Annotation">
            <a:s r="45">
               <a:s>define &quot;Initial Population&quot;:
  </a:s>
               <a:s r="44">
                  <a:s>exists </a:s>
                  <a:s r="43">
                     <a:s>( </a:s>
                     <a:s r="43">
                        <a:s>&quot;Qualifying CTScan&quot;</a:s>
                     </a:s>
                     <a:s> )</a:s>
                  </a:s>
               </a:s>
            </a:s>
         </annotation>
         <expression localId="44" locator="35:3-35:32" xsi:type="Exists">
            <operand localId="43" locator="35:10-35:32" name="Qualifying CTScan" xsi:type="ExpressionRef"/>
         </expression>
      </def>
      <def localId="70" locator="87:1-92:3" name="Global Noise Value" context="Patient" accessLevel="Public" xsi:type="FunctionDef">
         <annotation xsi:type="a:Annotation">
            <a:s r="70">
               <a:s>define function &quot;Global Noise Value&quot;(Study </a:s>
               <a:s r="49">
                  <a:s>&quot;Diagnostic Study, Performed&quot;</a:s>
               </a:s>
               <a:s> ):
  </a:s>
               <a:s r="69">
                  <a:s r="69">
                     <a:s>singleton from </a:s>
                     <a:s r="68">
                        <a:s>( </a:s>
                        <a:s r="68">
                           <a:s>
                              <a:s r="51">
                                 <a:s r="50">
                                    <a:s>
                                       <a:s>Study.components</a:s>
                                    </a:s>
                                 </a:s>
                                 <a:s> C</a:s>
                              </a:s>
                           </a:s>
                           <a:s>
      </a:s>
                           <a:s r="61">
                              <a:s>where </a:s>
                              <a:s r="61">
                                 <a:s r="55">
                                    <a:s r="53">
                                       <a:s r="52">
                                          <a:s>C</a:s>
                                       </a:s>
                                       <a:s>.</a:s>
                                       <a:s r="53">
                                          <a:s>code</a:s>
                                       </a:s>
                                    </a:s>
                                    <a:s> ~ </a:s>
                                    <a:s r="54">
                                       <a:s>&quot;Calculated CT global noise&quot;</a:s>
                                    </a:s>
                                 </a:s>
                                 <a:s>
        and </a:s>
                                 <a:s r="60">
                                    <a:s r="58">
                                       <a:s r="57">
                                          <a:s r="56">
                                             <a:s>C</a:s>
                                          </a:s>
                                          <a:s>.</a:s>
                                          <a:s r="57">
                                             <a:s>result</a:s>
                                          </a:s>
                                       </a:s>
                                       <a:s>.</a:s>
                                       <a:s r="58">
                                          <a:s>unit</a:s>
                                       </a:s>
                                    </a:s>
                                    <a:s> = </a:s>
                                    <a:s r="59">
                                       <a:s>'[hnsf\'U]'</a:s>
                                    </a:s>
                                 </a:s>
                              </a:s>
                           </a:s>
                           <a:s>
      </a:s>
                           <a:s r="67">
                              <a:s>return </a:s>
                              <a:s r="66">
                                 <a:s r="64">
                                    <a:s r="63">
                                       <a:s r="62">
                                          <a:s>C</a:s>
                                       </a:s>
                                       <a:s>.</a:s>
                                       <a:s r="63">
                                          <a:s>result</a:s>
                                       </a:s>
                                    </a:s>
                                    <a:s>.</a:s>
                                    <a:s r="64">
                                       <a:s>value</a:s>
                                    </a:s>
                                 </a:s>
                                 <a:s> as </a:s>
                                 <a:s r="65">
                                    <a:s>Decimal</a:s>
                                 </a:s>
                              </a:s>
                           </a:s>
                        </a:s>
                        <a:s>
  )</a:s>
                     </a:s>
                  </a:s>
               </a:s>
            </a:s>
         </annotation>
         <expression localId="69" locator="88:3-92:3" xsi:type="SingletonFrom">
            <operand localId="68" locator="88:18-92:3" xsi:type="Query">
               <source localId="51" locator="88:20-88:37" alias="C">
                  <expression localId="50" locator="88:20-88:35" path="components" xsi:type="Property">
                     <source name="Study" xsi:type="OperandRef"/>
                  </expression>
               </source>
               <where localId="61" locator="89:7-90:39" xsi:type="And">
                  <operand localId="55" locator="89:13-89:49" xsi:type="Equivalent">
                     <operand localId="53" locator="89:13-89:18" path="code" scope="C" xsi:type="Property"/>
                     <operand localId="54" locator="89:22-89:49" name="Calculated CT global noise" xsi:type="CodeRef"/>
                  </operand>
                  <operand localId="60" locator="90:13-90:39" xsi:type="Equal">
                     <operand localId="58" locator="90:13-90:25" path="unit" xsi:type="Property">
                        <source localId="57" locator="90:13-90:20" path="result" scope="C" xsi:type="Property"/>
                     </operand>
                     <operand localId="59" locator="90:29-90:39" valueType="t:String" value="[hnsf'U]" xsi:type="Literal"/>
                  </operand>
               </where>
               <return localId="67" locator="91:7-91:38">
                  <expression localId="66" locator="91:14-91:38" strict="false" xsi:type="As">
                     <operand localId="64" locator="91:14-91:27" path="value" xsi:type="Property">
                        <source localId="63" locator="91:14-91:21" path="result" scope="C" xsi:type="Property"/>
                     </operand>
                     <asTypeSpecifier localId="65" locator="91:32-91:38" name="t:Decimal" xsi:type="NamedTypeSpecifier"/>
                  </expression>
               </return>
            </operand>
         </expression>
         <operand name="Study">
            <operandTypeSpecifier localId="49" locator="87:44-87:72" xmlns:ns6="urn:healthit-gov:qdm:v5_6" name="ns6:PositiveDiagnosticStudyPerformed" xsi:type="NamedTypeSpecifier"/>
         </operand>
      </def>
      <def localId="95" locator="94:1-99:3" name="Size Adjusted Value" context="Patient" accessLevel="Public" xsi:type="FunctionDef">
         <annotation xsi:type="a:Annotation">
            <a:s r="95">
               <a:s>define function &quot;Size Adjusted Value&quot;(Study </a:s>
               <a:s r="74">
                  <a:s>&quot;Diagnostic Study, Performed&quot;</a:s>
               </a:s>
               <a:s> ):
  </a:s>
               <a:s r="94">
                  <a:s r="94">
                     <a:s>singleton from </a:s>
                     <a:s r="93">
                        <a:s>( </a:s>
                        <a:s r="93">
                           <a:s>
                              <a:s r="76">
                                 <a:s r="75">
                                    <a:s>
                                       <a:s>Study.components</a:s>
                                    </a:s>
                                 </a:s>
                                 <a:s> C</a:s>
                              </a:s>
                           </a:s>
                           <a:s>
      </a:s>
                           <a:s r="86">
                              <a:s>where </a:s>
                              <a:s r="86">
                                 <a:s r="80">
                                    <a:s r="78">
                                       <a:s r="77">
                                          <a:s>C</a:s>
                                       </a:s>
                                       <a:s>.</a:s>
                                       <a:s r="78">
                                          <a:s>code</a:s>
                                       </a:s>
                                    </a:s>
                                    <a:s> ~ </a:s>
                                    <a:s r="79">
                                       <a:s>&quot;Calculated CT size-adjusted dose&quot;</a:s>
                                    </a:s>
                                 </a:s>
                                 <a:s>
        and </a:s>
                                 <a:s r="85">
                                    <a:s r="83">
                                       <a:s r="82">
                                          <a:s r="81">
                                             <a:s>C</a:s>
                                          </a:s>
                                          <a:s>.</a:s>
                                          <a:s r="82">
                                             <a:s>result</a:s>
                                          </a:s>
                                       </a:s>
                                       <a:s>.</a:s>
                                       <a:s r="83">
                                          <a:s>unit</a:s>
                                       </a:s>
                                    </a:s>
                                    <a:s> = </a:s>
                                    <a:s r="84">
                                       <a:s>'mGy.cm'</a:s>
                                    </a:s>
                                 </a:s>
                              </a:s>
                           </a:s>
                           <a:s>
      </a:s>
                           <a:s r="92">
                              <a:s>return </a:s>
                              <a:s r="91">
                                 <a:s r="89">
                                    <a:s r="88">
                                       <a:s r="87">
                                          <a:s>C</a:s>
                                       </a:s>
                                       <a:s>.</a:s>
                                       <a:s r="88">
                                          <a:s>result</a:s>
                                       </a:s>
                                    </a:s>
                                    <a:s>.</a:s>
                                    <a:s r="89">
                                       <a:s>value</a:s>
                                    </a:s>
                                 </a:s>
                                 <a:s> as </a:s>
                                 <a:s r="90">
                                    <a:s>Decimal</a:s>
                                 </a:s>
                              </a:s>
                           </a:s>
                        </a:s>
                        <a:s>
  )</a:s>
                     </a:s>
                  </a:s>
               </a:s>
            </a:s>
         </annotation>
         <expression localId="94" locator="95:3-99:3" xsi:type="SingletonFrom">
            <operand localId="93" locator="95:18-99:3" xsi:type="Query">
               <source localId="76" locator="95:20-95:37" alias="C">
                  <expression localId="75" locator="95:20-95:35" path="components" xsi:type="Property">
                     <source name="Study" xsi:type="OperandRef"/>
                  </expression>
               </source>
               <where localId="86" locator="96:7-97:36" xsi:type="And">
                  <operand localId="80" locator="96:13-96:55" xsi:type="Equivalent">
                     <operand localId="78" locator="96:13-96:18" path="code" scope="C" xsi:type="Property"/>
                     <operand localId="79" locator="96:22-96:55" name="Calculated CT size-adjusted dose" xsi:type="CodeRef"/>
                  </operand>
                  <operand localId="85" locator="97:13-97:36" xsi:type="Equal">
                     <operand localId="83" locator="97:13-97:25" path="unit" xsi:type="Property">
                        <source localId="82" locator="97:13-97:20" path="result" scope="C" xsi:type="Property"/>
                     </operand>
                     <operand localId="84" locator="97:29-97:36" valueType="t:String" value="mGy.cm" xsi:type="Literal"/>
                  </operand>
               </where>
               <return localId="92" locator="98:7-98:38">
                  <expression localId="91" locator="98:14-98:38" strict="false" xsi:type="As">
                     <operand localId="89" locator="98:14-98:27" path="value" xsi:type="Property">
                        <source localId="88" locator="98:14-98:21" path="result" scope="C" xsi:type="Property"/>
                     </operand>
                     <asTypeSpecifier localId="90" locator="98:32-98:38" name="t:Decimal" xsi:type="NamedTypeSpecifier"/>
                  </expression>
               </return>
            </operand>
         </expression>
         <operand name="Study">
            <operandTypeSpecifier localId="74" locator="94:45-94:73" xmlns:ns7="urn:healthit-gov:qdm:v5_6" name="ns7:PositiveDiagnosticStudyPerformed" xsi:type="NamedTypeSpecifier"/>
         </operand>
      </def>
      <def localId="104" locator="55:1-59:45" name="Qualifying CTScan with Values" context="Patient" accessLevel="Public">
         <annotation xsi:type="a:Annotation">
            <a:s r="104">
               <a:s>define &quot;Qualifying CTScan with Values&quot;:
  </a:s>
               <a:s r="103">
                  <a:s>
                     <a:s r="47">
                        <a:s r="46">
                           <a:s>
                              <a:s>&quot;Qualifying CTScan&quot;</a:s>
                           </a:s>
                        </a:s>
                        <a:s> QualifyingCTScan</a:s>
                     </a:s>
                  </a:s>
                  <a:s>
    </a:s>
                  <a:s r="102">
                     <a:s>where </a:s>
                     <a:s r="102">
                        <a:s r="98">
                           <a:s r="72">
                              <a:s r="71">
                                 <a:s>&quot;Global Noise Value&quot;(</a:s>
                                 <a:s r="48">
                                    <a:s>QualifyingCTScan</a:s>
                                 </a:s>
                                 <a:s>)</a:s>
                              </a:s>
                              <a:s>is not null</a:s>
                           </a:s>
                           <a:s>
      and </a:s>
                           <a:s r="97">
                              <a:s r="96">
                                 <a:s>&quot;Size Adjusted Value&quot;(</a:s>
                                 <a:s r="73">
                                    <a:s>QualifyingCTScan</a:s>
                                 </a:s>
                                 <a:s>)</a:s>
                              </a:s>
                              <a:s>is not null</a:s>
                           </a:s>
                        </a:s>
                        <a:s>
      and </a:s>
                        <a:s r="101">
                           <a:s r="100">
                              <a:s r="99">
                                 <a:s>QualifyingCTScan</a:s>
                              </a:s>
                              <a:s>.</a:s>
                              <a:s r="100">
                                 <a:s>result</a:s>
                              </a:s>
                           </a:s>
                           <a:s> is not null</a:s>
                        </a:s>
                     </a:s>
                  </a:s>
               </a:s>
            </a:s>
         </annotation>
         <expression localId="103" locator="56:3-59:45" xsi:type="Query">
            <source localId="47" locator="56:3-56:38" alias="QualifyingCTScan">
               <expression localId="46" locator="56:3-56:21" name="Qualifying CTScan" xsi:type="ExpressionRef"/>
            </source>
            <where localId="102" locator="57:5-59:45" xsi:type="And">
               <operand localId="98" locator="57:11-58:60" xsi:type="And">
                  <operand localId="72" locator="57:11-57:59" xsi:type="Not">
                     <operand locator="57:11-57:59" xsi:type="IsNull">
                        <operand localId="71" locator="57:11-57:48" name="Global Noise Value" xsi:type="FunctionRef">
                           <operand localId="48" locator="57:32-57:47" name="QualifyingCTScan" xsi:type="AliasRef"/>
                        </operand>
                     </operand>
                  </operand>
                  <operand localId="97" locator="58:11-58:60" xsi:type="Not">
                     <operand locator="58:11-58:60" xsi:type="IsNull">
                        <operand localId="96" locator="58:11-58:49" name="Size Adjusted Value" xsi:type="FunctionRef">
                           <operand localId="73" locator="58:33-58:48" name="QualifyingCTScan" xsi:type="AliasRef"/>
                        </operand>
                     </operand>
                  </operand>
               </operand>
               <operand localId="101" locator="59:11-59:45" xsi:type="Not">
                  <operand locator="59:11-59:45" xsi:type="IsNull">
                     <operand localId="100" locator="59:11-59:33" path="result" scope="QualifyingCTScan" xsi:type="Property"/>
                  </operand>
               </operand>
            </where>
         </expression>
      </def>
      <def localId="107" locator="37:1-38:44" name="Denominator" context="Patient" accessLevel="Public">
         <annotation xsi:type="a:Annotation">
            <a:s r="107">
               <a:s>define &quot;Denominator&quot;:
  </a:s>
               <a:s r="106">
                  <a:s>exists </a:s>
                  <a:s r="105">
                     <a:s>( </a:s>
                     <a:s r="105">
                        <a:s>&quot;Qualifying CTScan with Values&quot;</a:s>
                     </a:s>
                     <a:s> )</a:s>
                  </a:s>
               </a:s>
            </a:s>
         </annotation>
         <expression localId="106" locator="38:3-38:44" xsi:type="Exists">
            <operand localId="105" locator="38:10-38:44" name="Qualifying CTScan with Values" xsi:type="ExpressionRef"/>
         </expression>
      </def>
      <def localId="117" locator="40:1-43:3" name="Denominator Exclusion" context="Patient" accessLevel="Public">
         <annotation xsi:type="a:Annotation">
            <a:s r="117">
               <a:s>define &quot;Denominator Exclusion&quot;:
  </a:s>
               <a:s r="116">
                  <a:s>exists </a:s>
                  <a:s r="115">
                     <a:s>( </a:s>
                     <a:s r="115">
                        <a:s>
                           <a:s r="109">
                              <a:s r="108">
                                 <a:s>
                                    <a:s>&quot;Qualifying CTScan with Values&quot;</a:s>
                                 </a:s>
                              </a:s>
                              <a:s> CTScan</a:s>
                           </a:s>
                        </a:s>
                        <a:s>
      </a:s>
                        <a:s r="114">
                           <a:s>where </a:s>
                           <a:s r="114">
                              <a:s r="112">
                                 <a:s r="111">
                                    <a:s r="110">
                                       <a:s>CTScan</a:s>
                                    </a:s>
                                    <a:s>.</a:s>
                                    <a:s r="111">
                                       <a:s>result</a:s>
                                    </a:s>
                                 </a:s>
                                 <a:s>.</a:s>
                                 <a:s r="112">
                                    <a:s>code</a:s>
                                 </a:s>
                              </a:s>
                              <a:s> ~ </a:s>
                              <a:s r="113">
                                 <a:s>'FULLBODY'</a:s>
                              </a:s>
                           </a:s>
                        </a:s>
                     </a:s>
                     <a:s>
  )</a:s>
                  </a:s>
               </a:s>
            </a:s>
         </annotation>
         <expression localId="116" locator="41:3-43:3" xsi:type="Exists">
            <operand localId="115" locator="41:10-43:3" xsi:type="Query">
               <source localId="109" locator="41:12-41:49" alias="CTScan">
                  <expression localId="108" locator="41:12-41:42" name="Qualifying CTScan with Values" xsi:type="ExpressionRef"/>
               </source>
               <where localId="114" locator="42:7-42:43" xsi:type="Equivalent">
                  <operand localId="112" locator="42:13-42:30" path="code" xsi:type="Property">
                     <source localId="111" locator="42:13-42:25" path="result" scope="CTScan" xsi:type="Property"/>
                  </operand>
                  <operand localId="113" locator="42:34-42:43" valueType="t:String" value="FULLBODY" xsi:type="Literal"/>
               </where>
            </operand>
         </expression>
      </def>
      <def localId="145" locator="61:1-65:5" name="Qualifies" context="Patient" accessLevel="Public" xsi:type="FunctionDef">
         <annotation xsi:type="a:Annotation">
            <a:s r="145">
               <a:s>define function &quot;Qualifies&quot;(Study </a:s>
               <a:s r="126">
                  <a:s>&quot;Diagnostic Study, Performed&quot;</a:s>
               </a:s>
               <a:s>, code </a:s>
               <a:s r="127">
                  <a:s>String</a:s>
               </a:s>
               <a:s>, noiseThreshold </a:s>
               <a:s r="128">
                  <a:s>Decimal</a:s>
               </a:s>
               <a:s>, sizeDoseThreshold </a:s>
               <a:s r="129">
                  <a:s>Decimal</a:s>
               </a:s>
               <a:s> ):
  </a:s>
               <a:s r="144">
                  <a:s r="144">
                     <a:s r="134">
                        <a:s r="132">
                           <a:s r="131">
                              <a:s r="130">
                                 <a:s>Study</a:s>
                              </a:s>
                              <a:s>.</a:s>
                              <a:s r="131">
                                 <a:s>result</a:s>
                              </a:s>
                           </a:s>
                           <a:s>.</a:s>
                           <a:s r="132">
                              <a:s>code</a:s>
                           </a:s>
                        </a:s>
                        <a:s> ~ </a:s>
                        <a:s r="133">
                           <a:s>code</a:s>
                        </a:s>
                     </a:s>
                     <a:s>
    and </a:s>
                     <a:s r="143">
                        <a:s>( </a:s>
                        <a:s r="143">
                           <a:s r="138">
                              <a:s r="136">
                                 <a:s>&quot;Global Noise Value&quot;(</a:s>
                                 <a:s r="135">
                                    <a:s>Study</a:s>
                                 </a:s>
                                 <a:s>)</a:s>
                              </a:s>
                              <a:s>>= </a:s>
                              <a:s r="137">
                                 <a:s>noiseThreshold</a:s>
                              </a:s>
                           </a:s>
                           <a:s>
        or </a:s>
                           <a:s r="142">
                              <a:s r="140">
                                 <a:s>&quot;Size Adjusted Value&quot;(</a:s>
                                 <a:s r="139">
                                    <a:s>Study</a:s>
                                 </a:s>
                                 <a:s>)</a:s>
                              </a:s>
                              <a:s>>= </a:s>
                              <a:s r="141">
                                 <a:s>sizeDoseThreshold</a:s>
                              </a:s>
                           </a:s>
                        </a:s>
                        <a:s>
    )</a:s>
                     </a:s>
                  </a:s>
               </a:s>
            </a:s>
         </annotation>
         <expression localId="144" locator="62:3-65:5" xsi:type="And">
            <operand localId="134" locator="62:3-62:26" xsi:type="Equivalent">
               <operand localId="132" locator="62:3-62:19" path="code" xsi:type="Property">
                  <source localId="131" locator="62:3-62:14" path="result" xsi:type="Property">
                     <source localId="130" locator="62:3-62:7" name="Study" xsi:type="OperandRef"/>
                  </source>
               </operand>
               <operand localId="133" locator="62:23-62:26" name="code" xsi:type="OperandRef"/>
            </operand>
            <operand localId="143" locator="63:9-65:5" xsi:type="Or">
               <operand localId="138" locator="63:11-63:54" xsi:type="GreaterOrEqual">
                  <operand localId="136" locator="63:11-63:37" name="Global Noise Value" xsi:type="FunctionRef">
                     <operand localId="135" locator="63:32-63:36" name="Study" xsi:type="OperandRef"/>
                  </operand>
                  <operand localId="137" locator="63:41-63:54" name="noiseThreshold" xsi:type="OperandRef"/>
               </operand>
               <operand localId="142" locator="64:12-64:59" xsi:type="GreaterOrEqual">
                  <operand localId="140" locator="64:12-64:39" name="Size Adjusted Value" xsi:type="FunctionRef">
                     <operand localId="139" locator="64:34-64:38" name="Study" xsi:type="OperandRef"/>
                  </operand>
                  <operand localId="141" locator="64:43-64:59" name="sizeDoseThreshold" xsi:type="OperandRef"/>
               </operand>
            </operand>
         </expression>
         <operand name="Study">
            <operandTypeSpecifier localId="126" locator="61:35-61:63" xmlns:ns8="urn:healthit-gov:qdm:v5_6" name="ns8:PositiveDiagnosticStudyPerformed" xsi:type="NamedTypeSpecifier"/>
         </operand>
         <operand name="code">
            <operandTypeSpecifier localId="127" locator="61:71-61:76" name="t:String" xsi:type="NamedTypeSpecifier"/>
         </operand>
         <operand name="noiseThreshold">
            <operandTypeSpecifier localId="128" locator="61:94-61:100" name="t:Decimal" xsi:type="NamedTypeSpecifier"/>
         </operand>
         <operand name="sizeDoseThreshold">
            <operandTypeSpecifier localId="129" locator="61:121-61:127" name="t:Decimal" xsi:type="NamedTypeSpecifier"/>
         </operand>
      </def>
      <def localId="249" locator="67:1-85:47" name="CT Scan Qualifies" context="Patient" accessLevel="Public" xsi:type="FunctionDef">
         <annotation xsi:type="a:Annotation">
            <a:s r="249">
               <a:s>define function &quot;CT Scan Qualifies&quot;(IP </a:s>
               <a:s r="121">
                  <a:s>&quot;Diagnostic Study, Performed&quot;</a:s>
               </a:s>
               <a:s> ):
  </a:s>
               <a:s r="248">
                  <a:s r="248">
                     <a:s r="242">
                        <a:s r="236">
                           <a:s r="230">
                              <a:s r="224">
                                 <a:s r="218">
                                    <a:s r="212">
                                       <a:s r="206">
                                          <a:s r="200">
                                             <a:s r="194">
                                                <a:s r="188">
                                                   <a:s r="182">
                                                      <a:s r="176">
                                                         <a:s r="170">
                                                            <a:s r="164">
                                                               <a:s r="158">
                                                                  <a:s r="152">
                                                                     <a:s r="146">
                                                                        <a:s>&quot;Qualifies&quot;(</a:s>
                                                                        <a:s r="122">
                                                                           <a:s>IP</a:s>
                                                                        </a:s>
                                                                        <a:s>, </a:s>
                                                                        <a:s r="123">
                                                                           <a:s>'ABDOPEL LD'</a:s>
                                                                        </a:s>
                                                                        <a:s r="124">, 64, 598)</a:s>
                                                                     </a:s>
                                                                     <a:s>
    or </a:s>
                                                                     <a:s r="151">
                                                                        <a:s>&quot;Qualifies&quot;(</a:s>
                                                                        <a:s r="147">
                                                                           <a:s>IP</a:s>
                                                                        </a:s>
                                                                        <a:s>, </a:s>
                                                                        <a:s r="148">
                                                                           <a:s>'ABDOPEL RT'</a:s>
                                                                        </a:s>
                                                                        <a:s r="149">, 29, 644)</a:s>
                                                                     </a:s>
                                                                  </a:s>
                                                                  <a:s>
    or </a:s>
                                                                  <a:s r="157">
                                                                     <a:s>&quot;Qualifies&quot;(</a:s>
                                                                     <a:s r="153">
                                                                        <a:s>IP</a:s>
                                                                     </a:s>
                                                                     <a:s>, </a:s>
                                                                     <a:s r="154">
                                                                        <a:s>'ABDOPEL HD'</a:s>
                                                                     </a:s>
                                                                     <a:s r="155">, 29, 1260)</a:s>
                                                                  </a:s>
                                                               </a:s>
                                                               <a:s>
    or </a:s>
                                                               <a:s r="163">
                                                                  <a:s>&quot;Qualifies&quot;(</a:s>
                                                                  <a:s r="159">
                                                                     <a:s>IP</a:s>
                                                                  </a:s>
                                                                  <a:s>, </a:s>
                                                                  <a:s r="160">
                                                                     <a:s>'CARDIAC LD'</a:s>
                                                                  </a:s>
                                                                  <a:s r="161">, 55, 93)</a:s>
                                                               </a:s>
                                                            </a:s>
                                                            <a:s>
    or </a:s>
                                                            <a:s r="169">
                                                               <a:s>&quot;Qualifies&quot;(</a:s>
                                                               <a:s r="165">
                                                                  <a:s>IP</a:s>
                                                               </a:s>
                                                               <a:s>, </a:s>
                                                               <a:s r="166">
                                                                  <a:s>'CARDIAC RT'</a:s>
                                                               </a:s>
                                                               <a:s r="167">, 32, 576)</a:s>
                                                            </a:s>
                                                         </a:s>
                                                         <a:s>
    or </a:s>
                                                         <a:s r="175">
                                                            <a:s>&quot;Qualifies&quot;(</a:s>
                                                            <a:s r="171">
                                                               <a:s>IP</a:s>
                                                            </a:s>
                                                            <a:s>, </a:s>
                                                            <a:s r="172">
                                                               <a:s>'CHEST LD'</a:s>
                                                            </a:s>
                                                            <a:s r="173">, 55, 377)</a:s>
                                                         </a:s>
                                                      </a:s>
                                                      <a:s>
    or </a:s>
                                                      <a:s r="181">
                                                         <a:s>&quot;Qualifies&quot;(</a:s>
                                                         <a:s r="177">
                                                            <a:s>IP</a:s>
                                                         </a:s>
                                                         <a:s>, </a:s>
                                                         <a:s r="178">
                                                            <a:s>'CHEST RT'</a:s>
                                                         </a:s>
                                                         <a:s r="179">, 49, 377)</a:s>
                                                      </a:s>
                                                   </a:s>
                                                   <a:s>
    or </a:s>
                                                   <a:s r="187">
                                                      <a:s>&quot;Qualifies&quot;(</a:s>
                                                      <a:s r="183">
                                                         <a:s>IP</a:s>
                                                      </a:s>
                                                      <a:s>, </a:s>
                                                      <a:s r="184">
                                                         <a:s>'CHEST-CARDIAC HD'</a:s>
                                                      </a:s>
                                                      <a:s r="185">, 49, 1282)</a:s>
                                                   </a:s>
                                                </a:s>
                                                <a:s>
    or </a:s>
                                                <a:s r="193">
                                                   <a:s>&quot;Qualifies&quot;(</a:s>
                                                   <a:s r="189">
                                                      <a:s>IP</a:s>
                                                   </a:s>
                                                   <a:s>, </a:s>
                                                   <a:s r="190">
                                                      <a:s>'HEAD LD'</a:s>
                                                   </a:s>
                                                   <a:s r="191">, 115, 582)</a:s>
                                                </a:s>
                                             </a:s>
                                             <a:s>
    or </a:s>
                                             <a:s r="199">
                                                <a:s>&quot;Qualifies&quot;(</a:s>
                                                <a:s r="195">
                                                   <a:s>IP</a:s>
                                                </a:s>
                                                <a:s>, </a:s>
                                                <a:s r="196">
                                                   <a:s>'HEAD RT'</a:s>
                                                </a:s>
                                                <a:s r="197">, 115, 1025)</a:s>
                                             </a:s>
                                          </a:s>
                                          <a:s>
    or </a:s>
                                          <a:s r="205">
                                             <a:s>&quot;Qualifies&quot;(</a:s>
                                             <a:s r="201">
                                                <a:s>IP</a:s>
                                             </a:s>
                                             <a:s>, </a:s>
                                             <a:s r="202">
                                                <a:s>'HEAD HD'</a:s>
                                             </a:s>
                                             <a:s r="203">, 115, 1832)</a:s>
                                          </a:s>
                                       </a:s>
                                       <a:s>
    or </a:s>
                                       <a:s r="211">
                                          <a:s>&quot;Qualifies&quot;(</a:s>
                                          <a:s r="207">
                                             <a:s>IP</a:s>
                                          </a:s>
                                          <a:s>, </a:s>
                                          <a:s r="208">
                                             <a:s>'EXTREMITIES'</a:s>
                                          </a:s>
                                          <a:s r="209">, 73, 320)</a:s>
                                       </a:s>
                                    </a:s>
                                    <a:s>
    or </a:s>
                                    <a:s r="217">
                                       <a:s>&quot;Qualifies&quot;(</a:s>
                                       <a:s r="213">
                                          <a:s>IP</a:s>
                                       </a:s>
                                       <a:s>, </a:s>
                                       <a:s r="214">
                                          <a:s>'NECK-CSPINE'</a:s>
                                       </a:s>
                                       <a:s r="215">, 25, 1260)</a:s>
                                    </a:s>
                                 </a:s>
                                 <a:s>
    or </a:s>
                                 <a:s r="223">
                                    <a:s>&quot;Qualifies&quot;(</a:s>
                                    <a:s r="219">
                                       <a:s>IP</a:s>
                                    </a:s>
                                    <a:s>, </a:s>
                                    <a:s r="220">
                                       <a:s>'TSPINE-LSPINE'</a:s>
                                    </a:s>
                                    <a:s r="221">, 25, 1260)</a:s>
                                 </a:s>
                              </a:s>
                              <a:s>
    or </a:s>
                              <a:s r="229">
                                 <a:s>&quot;Qualifies&quot;(</a:s>
                                 <a:s r="225">
                                    <a:s>IP</a:s>
                                 </a:s>
                                 <a:s>, </a:s>
                                 <a:s r="226">
                                    <a:s>'CAP'</a:s>
                                 </a:s>
                                 <a:s r="227">, 29, 1637)</a:s>
                              </a:s>
                           </a:s>
                           <a:s>
    or </a:s>
                           <a:s r="235">
                              <a:s>&quot;Qualifies&quot;(</a:s>
                              <a:s r="231">
                                 <a:s>IP</a:s>
                              </a:s>
                              <a:s>, </a:s>
                              <a:s r="232">
                                 <a:s>'TLSPINE'</a:s>
                              </a:s>
                              <a:s r="233">, 25, 2520)</a:s>
                           </a:s>
                        </a:s>
                        <a:s>
    or </a:s>
                        <a:s r="241">
                           <a:s>&quot;Qualifies&quot;(</a:s>
                           <a:s r="237">
                              <a:s>IP</a:s>
                           </a:s>
                           <a:s>, </a:s>
                           <a:s r="238">
                              <a:s>'HEADNECK RT'</a:s>
                           </a:s>
                           <a:s r="239">, 25, 2285)</a:s>
                        </a:s>
                     </a:s>
                     <a:s>
    or </a:s>
                     <a:s r="247">
                        <a:s>&quot;Qualifies&quot;(</a:s>
                        <a:s r="243">
                           <a:s>IP</a:s>
                        </a:s>
                        <a:s>, </a:s>
                        <a:s r="244">
                           <a:s>'HEADNECK HD'</a:s>
                        </a:s>
                        <a:s r="245">, 25, 3092)</a:s>
                     </a:s>
                  </a:s>
               </a:s>
            </a:s>
         </annotation>
         <expression localId="248" locator="68:3-85:47" xsi:type="Or">
            <operand localId="242" locator="68:3-84:47" xsi:type="Or">
               <operand localId="236" locator="68:3-83:43" xsi:type="Or">
                  <operand localId="230" locator="68:3-82:39" xsi:type="Or">
                     <operand localId="224" locator="68:3-81:49" xsi:type="Or">
                        <operand localId="218" locator="68:3-80:47" xsi:type="Or">
                           <operand localId="212" locator="68:3-79:46" xsi:type="Or">
                              <operand localId="206" locator="68:3-78:44" xsi:type="Or">
                                 <operand localId="200" locator="68:3-77:44" xsi:type="Or">
                                    <operand localId="194" locator="68:3-76:43" xsi:type="Or">
                                       <operand localId="188" locator="68:3-75:52" xsi:type="Or">
                                          <operand localId="182" locator="68:3-74:43" xsi:type="Or">
                                             <operand localId="176" locator="68:3-73:43" xsi:type="Or">
                                                <operand localId="170" locator="68:3-72:45" xsi:type="Or">
                                                   <operand localId="164" locator="68:3-71:44" xsi:type="Or">
                                                      <operand localId="158" locator="68:3-70:46" xsi:type="Or">
                                                         <operand localId="152" locator="68:3-69:45" xsi:type="Or">
                                                            <operand localId="146" locator="68:3-68:40" name="Qualifies" xsi:type="FunctionRef">
                                                               <operand localId="122" locator="68:15-68:16" name="IP" xsi:type="OperandRef"/>
                                                               <operand localId="123" locator="68:19-68:30" valueType="t:String" value="ABDOPEL LD" xsi:type="Literal"/>
                                                               <operand xsi:type="ToDecimal">
                                                                  <operand localId="124" locator="68:33-68:34" valueType="t:Integer" value="64" xsi:type="Literal"/>
                                                               </operand>
                                                               <operand xsi:type="ToDecimal">
                                                                  <operand localId="125" locator="68:37-68:39" valueType="t:Integer" value="598" xsi:type="Literal"/>
                                                               </operand>
                                                            </operand>
                                                            <operand localId="151" locator="69:8-69:45" name="Qualifies" xsi:type="FunctionRef">
                                                               <operand localId="147" locator="69:20-69:21" name="IP" xsi:type="OperandRef"/>
                                                               <operand localId="148" locator="69:24-69:35" valueType="t:String" value="ABDOPEL RT" xsi:type="Literal"/>
                                                               <operand xsi:type="ToDecimal">
                                                                  <operand localId="149" locator="69:38-69:39" valueType="t:Integer" value="29" xsi:type="Literal"/>
                                                               </operand>
                                                               <operand xsi:type="ToDecimal">
                                                                  <operand localId="150" locator="69:42-69:44" valueType="t:Integer" value="644" xsi:type="Literal"/>
                                                               </operand>
                                                            </operand>
                                                         </operand>
                                                         <operand localId="157" locator="70:8-70:46" name="Qualifies" xsi:type="FunctionRef">
                                                            <operand localId="153" locator="70:20-70:21" name="IP" xsi:type="OperandRef"/>
                                                            <operand localId="154" locator="70:24-70:35" valueType="t:String" value="ABDOPEL HD" xsi:type="Literal"/>
                                                            <operand xsi:type="ToDecimal">
                                                               <operand localId="155" locator="70:38-70:39" valueType="t:Integer" value="29" xsi:type="Literal"/>
                                                            </operand>
                                                            <operand xsi:type="ToDecimal">
                                                               <operand localId="156" locator="70:42-70:45" valueType="t:Integer" value="1260" xsi:type="Literal"/>
                                                            </operand>
                                                         </operand>
                                                      </operand>
                                                      <operand localId="163" locator="71:8-71:44" name="Qualifies" xsi:type="FunctionRef">
                                                         <operand localId="159" locator="71:20-71:21" name="IP" xsi:type="OperandRef"/>
                                                         <operand localId="160" locator="71:24-71:35" valueType="t:String" value="CARDIAC LD" xsi:type="Literal"/>
                                                         <operand xsi:type="ToDecimal">
                                                            <operand localId="161" locator="71:38-71:39" valueType="t:Integer" value="55" xsi:type="Literal"/>
                                                         </operand>
                                                         <operand xsi:type="ToDecimal">
                                                            <operand localId="162" locator="71:42-71:43" valueType="t:Integer" value="93" xsi:type="Literal"/>
                                                         </operand>
                                                      </operand>
                                                   </operand>
                                                   <operand localId="169" locator="72:8-72:45" name="Qualifies" xsi:type="FunctionRef">
                                                      <operand localId="165" locator="72:20-72:21" name="IP" xsi:type="OperandRef"/>
                                                      <operand localId="166" locator="72:24-72:35" valueType="t:String" value="CARDIAC RT" xsi:type="Literal"/>
                                                      <operand xsi:type="ToDecimal">
                                                         <operand localId="167" locator="72:38-72:39" valueType="t:Integer" value="32" xsi:type="Literal"/>
                                                      </operand>
                                                      <operand xsi:type="ToDecimal">
                                                         <operand localId="168" locator="72:42-72:44" valueType="t:Integer" value="576" xsi:type="Literal"/>
                                                      </operand>
                                                   </operand>
                                                </operand>
                                                <operand localId="175" locator="73:8-73:43" name="Qualifies" xsi:type="FunctionRef">
                                                   <operand localId="171" locator="73:20-73:21" name="IP" xsi:type="OperandRef"/>
                                                   <operand localId="172" locator="73:24-73:33" valueType="t:String" value="CHEST LD" xsi:type="Literal"/>
                                                   <operand xsi:type="ToDecimal">
                                                      <operand localId="173" locator="73:36-73:37" valueType="t:Integer" value="55" xsi:type="Literal"/>
                                                   </operand>
                                                   <operand xsi:type="ToDecimal">
                                                      <operand localId="174" locator="73:40-73:42" valueType="t:Integer" value="377" xsi:type="Literal"/>
                                                   </operand>
                                                </operand>
                                             </operand>
                                             <operand localId="181" locator="74:8-74:43" name="Qualifies" xsi:type="FunctionRef">
                                                <operand localId="177" locator="74:20-74:21" name="IP" xsi:type="OperandRef"/>
                                                <operand localId="178" locator="74:24-74:33" valueType="t:String" value="CHEST RT" xsi:type="Literal"/>
                                                <operand xsi:type="ToDecimal">
                                                   <operand localId="179" locator="74:36-74:37" valueType="t:Integer" value="49" xsi:type="Literal"/>
                                                </operand>
                                                <operand xsi:type="ToDecimal">
                                                   <operand localId="180" locator="74:40-74:42" valueType="t:Integer" value="377" xsi:type="Literal"/>
                                                </operand>
                                             </operand>
                                          </operand>
                                          <operand localId="187" locator="75:8-75:52" name="Qualifies" xsi:type="FunctionRef">
                                             <operand localId="183" locator="75:20-75:21" name="IP" xsi:type="OperandRef"/>
                                             <operand localId="184" locator="75:24-75:41" valueType="t:String" value="CHEST-CARDIAC HD" xsi:type="Literal"/>
                                             <operand xsi:type="ToDecimal">
                                                <operand localId="185" locator="75:44-75:45" valueType="t:Integer" value="49" xsi:type="Literal"/>
                                             </operand>
                                             <operand xsi:type="ToDecimal">
                                                <operand localId="186" locator="75:48-75:51" valueType="t:Integer" value="1282" xsi:type="Literal"/>
                                             </operand>
                                          </operand>
                                       </operand>
                                       <operand localId="193" locator="76:8-76:43" name="Qualifies" xsi:type="FunctionRef">
                                          <operand localId="189" locator="76:20-76:21" name="IP" xsi:type="OperandRef"/>
                                          <operand localId="190" locator="76:24-76:32" valueType="t:String" value="HEAD LD" xsi:type="Literal"/>
                                          <operand xsi:type="ToDecimal">
                                             <operand localId="191" locator="76:35-76:37" valueType="t:Integer" value="115" xsi:type="Literal"/>
                                          </operand>
                                          <operand xsi:type="ToDecimal">
                                             <operand localId="192" locator="76:40-76:42" valueType="t:Integer" value="582" xsi:type="Literal"/>
                                          </operand>
                                       </operand>
                                    </operand>
                                    <operand localId="199" locator="77:8-77:44" name="Qualifies" xsi:type="FunctionRef">
                                       <operand localId="195" locator="77:20-77:21" name="IP" xsi:type="OperandRef"/>
                                       <operand localId="196" locator="77:24-77:32" valueType="t:String" value="HEAD RT" xsi:type="Literal"/>
                                       <operand xsi:type="ToDecimal">
                                          <operand localId="197" locator="77:35-77:37" valueType="t:Integer" value="115" xsi:type="Literal"/>
                                       </operand>
                                       <operand xsi:type="ToDecimal">
                                          <operand localId="198" locator="77:40-77:43" valueType="t:Integer" value="1025" xsi:type="Literal"/>
                                       </operand>
                                    </operand>
                                 </operand>
                                 <operand localId="205" locator="78:8-78:44" name="Qualifies" xsi:type="FunctionRef">
                                    <operand localId="201" locator="78:20-78:21" name="IP" xsi:type="OperandRef"/>
                                    <operand localId="202" locator="78:24-78:32" valueType="t:String" value="HEAD HD" xsi:type="Literal"/>
                                    <operand xsi:type="ToDecimal">
                                       <operand localId="203" locator="78:35-78:37" valueType="t:Integer" value="115" xsi:type="Literal"/>
                                    </operand>
                                    <operand xsi:type="ToDecimal">
                                       <operand localId="204" locator="78:40-78:43" valueType="t:Integer" value="1832" xsi:type="Literal"/>
                                    </operand>
                                 </operand>
                              </operand>
                              <operand localId="211" locator="79:8-79:46" name="Qualifies" xsi:type="FunctionRef">
                                 <operand localId="207" locator="79:20-79:21" name="IP" xsi:type="OperandRef"/>
                                 <operand localId="208" locator="79:24-79:36" valueType="t:String" value="EXTREMITIES" xsi:type="Literal"/>
                                 <operand xsi:type="ToDecimal">
                                    <operand localId="209" locator="79:39-79:40" valueType="t:Integer" value="73" xsi:type="Literal"/>
                                 </operand>
                                 <operand xsi:type="ToDecimal">
                                    <operand localId="210" locator="79:43-79:45" valueType="t:Integer" value="320" xsi:type="Literal"/>
                                 </operand>
                              </operand>
                           </operand>
                           <operand localId="217" locator="80:8-80:47" name="Qualifies" xsi:type="FunctionRef">
                              <operand localId="213" locator="80:20-80:21" name="IP" xsi:type="OperandRef"/>
                              <operand localId="214" locator="80:24-80:36" valueType="t:String" value="NECK-CSPINE" xsi:type="Literal"/>
                              <operand xsi:type="ToDecimal">
                                 <operand localId="215" locator="80:39-80:40" valueType="t:Integer" value="25" xsi:type="Literal"/>
                              </operand>
                              <operand xsi:type="ToDecimal">
                                 <operand localId="216" locator="80:43-80:46" valueType="t:Integer" value="1260" xsi:type="Literal"/>
                              </operand>
                           </operand>
                        </operand>
                        <operand localId="223" locator="81:8-81:49" name="Qualifies" xsi:type="FunctionRef">
                           <operand localId="219" locator="81:20-81:21" name="IP" xsi:type="OperandRef"/>
                           <operand localId="220" locator="81:24-81:38" valueType="t:String" value="TSPINE-LSPINE" xsi:type="Literal"/>
                           <operand xsi:type="ToDecimal">
                              <operand localId="221" locator="81:41-81:42" valueType="t:Integer" value="25" xsi:type="Literal"/>
                           </operand>
                           <operand xsi:type="ToDecimal">
                              <operand localId="222" locator="81:45-81:48" valueType="t:Integer" value="1260" xsi:type="Literal"/>
                           </operand>
                        </operand>
                     </operand>
                     <operand localId="229" locator="82:8-82:39" name="Qualifies" xsi:type="FunctionRef">
                        <operand localId="225" locator="82:20-82:21" name="IP" xsi:type="OperandRef"/>
                        <operand localId="226" locator="82:24-82:28" valueType="t:String" value="CAP" xsi:type="Literal"/>
                        <operand xsi:type="ToDecimal">
                           <operand localId="227" locator="82:31-82:32" valueType="t:Integer" value="29" xsi:type="Literal"/>
                        </operand>
                        <operand xsi:type="ToDecimal">
                           <operand localId="228" locator="82:35-82:38" valueType="t:Integer" value="1637" xsi:type="Literal"/>
                        </operand>
                     </operand>
                  </operand>
                  <operand localId="235" locator="83:8-83:43" name="Qualifies" xsi:type="FunctionRef">
                     <operand localId="231" locator="83:20-83:21" name="IP" xsi:type="OperandRef"/>
                     <operand localId="232" locator="83:24-83:32" valueType="t:String" value="TLSPINE" xsi:type="Literal"/>
                     <operand xsi:type="ToDecimal">
                        <operand localId="233" locator="83:35-83:36" valueType="t:Integer" value="25" xsi:type="Literal"/>
                     </operand>
                     <operand xsi:type="ToDecimal">
                        <operand localId="234" locator="83:39-83:42" valueType="t:Integer" value="2520" xsi:type="Literal"/>
                     </operand>
                  </operand>
               </operand>
               <operand localId="241" locator="84:8-84:47" name="Qualifies" xsi:type="FunctionRef">
                  <operand localId="237" locator="84:20-84:21" name="IP" xsi:type="OperandRef"/>
                  <operand localId="238" locator="84:24-84:36" valueType="t:String" value="HEADNECK RT" xsi:type="Literal"/>
                  <operand xsi:type="ToDecimal">
                     <operand localId="239" locator="84:39-84:40" valueType="t:Integer" value="25" xsi:type="Literal"/>
                  </operand>
                  <operand xsi:type="ToDecimal">
                     <operand localId="240" locator="84:43-84:46" valueType="t:Integer" value="2285" xsi:type="Literal"/>
                  </operand>
               </operand>
            </operand>
            <operand localId="247" locator="85:8-85:47" name="Qualifies" xsi:type="FunctionRef">
               <operand localId="243" locator="85:20-85:21" name="IP" xsi:type="OperandRef"/>
               <operand localId="244" locator="85:24-85:36" valueType="t:String" value="HEADNECK HD" xsi:type="Literal"/>
               <operand xsi:type="ToDecimal">
                  <operand localId="245" locator="85:39-85:40" valueType="t:Integer" value="25" xsi:type="Literal"/>
               </operand>
               <operand xsi:type="ToDecimal">
                  <operand localId="246" locator="85:43-85:46" valueType="t:Integer" value="3092" xsi:type="Literal"/>
               </operand>
            </operand>
         </expression>
         <operand name="IP">
            <operandTypeSpecifier localId="121" locator="67:40-67:68" xmlns:ns9="urn:healthit-gov:qdm:v5_6" name="ns9:PositiveDiagnosticStudyPerformed" xsi:type="NamedTypeSpecifier"/>
         </operand>
      </def>
      <def localId="253" locator="45:1-48:3" name="Numerator" context="Patient" accessLevel="Public">
         <annotation xsi:type="a:Annotation">
            <a:s r="253">
               <a:s>define &quot;Numerator&quot;:
  </a:s>
               <a:s r="252">
                  <a:s>exists </a:s>
                  <a:s r="251">
                     <a:s>( </a:s>
                     <a:s r="251">
                        <a:s>
                           <a:s r="119">
                              <a:s r="118">
                                 <a:s>
                                    <a:s>&quot;Qualifying CTScan with Values&quot;</a:s>
                                 </a:s>
                              </a:s>
                              <a:s> CTScan</a:s>
                           </a:s>
                        </a:s>
                        <a:s>
      </a:s>
                        <a:s r="250">
                           <a:s>where </a:s>
                           <a:s r="250">
                              <a:s>&quot;CT Scan Qualifies&quot;(</a:s>
                              <a:s r="120">
                                 <a:s>CTScan</a:s>
                              </a:s>
                              <a:s>)</a:s>
                           </a:s>
                        </a:s>
                     </a:s>
                     <a:s>
  )</a:s>
                  </a:s>
               </a:s>
            </a:s>
         </annotation>
         <expression localId="252" locator="46:3-48:3" xsi:type="Exists">
            <operand localId="251" locator="46:10-48:3" xsi:type="Query">
               <source localId="119" locator="46:12-46:49" alias="CTScan">
                  <expression localId="118" locator="46:12-46:42" name="Qualifying CTScan with Values" xsi:type="ExpressionRef"/>
               </source>
               <where localId="250" locator="47:7-47:39" name="CT Scan Qualifies" xsi:type="FunctionRef">
                  <operand localId="120" locator="47:33-47:38" name="CTScan" xsi:type="AliasRef"/>
               </where>
            </operand>
         </expression>
      </def>
   </statements>
</library>
