{
   "library" : {
      "annotation" : [ {
         "translatorOptions" : "EnableAnnotations,EnableLocators,DisableListDemotion,DisableListPromotion,DisableMethodInvocation",
         "type" : "CqlToElmInfo"
      }, {
         "type" : "Annotation",
         "s" : {
            "r" : "31",
            "s" : [ {
               "value" : [ "","library AdultOutpatientEncounters version '3.0.000'" ]
            } ]
         }
      } ],
      "identifier" : {
         "id" : "AdultOutpatientEncounters",
         "version" : "3.0.000"
      },
      "schemaIdentifier" : {
         "id" : "urn:hl7-org:elm",
         "version" : "r1"
      },
      "usings" : {
         "def" : [ {
            "localIdentifier" : "System",
            "uri" : "urn:hl7-org:elm-types:r1"
         }, {
            "localId" : "1",
            "locator" : "3:1-3:23",
            "localIdentifier" : "QDM",
            "uri" : "urn:healthit-gov:qdm:v5_6",
            "version" : "5.6",
            "annotation" : [ {
               "type" : "Annotation",
               "s" : {
                  "r" : "1",
                  "s" : [ {
                     "value" : [ "","using " ]
                  }, {
                     "s" : [ {
                        "value" : [ "QDM" ]
                     } ]
                  }, {
                     "value" : [ " version ","'5.6'" ]
                  } ]
               }
            } ]
         } ]
      },
      "parameters" : {
         "def" : [ {
            "localId" : "11",
            "locator" : "13:1-13:49",
            "name" : "Measurement Period",
            "accessLevel" : "Public",
            "annotation" : [ {
               "type" : "Annotation",
               "s" : {
                  "r" : "11",
                  "s" : [ {
                     "value" : [ "","parameter ","\"Measurement Period\""," " ]
                  }, {
                     "r" : "10",
                     "s" : [ {
                        "value" : [ "Interval<" ]
                     }, {
                        "r" : "9",
                        "s" : [ {
                           "value" : [ "DateTime" ]
                        } ]
                     }, {
                        "value" : [ ">" ]
                     } ]
                  } ]
               }
            } ],
            "parameterTypeSpecifier" : {
               "localId" : "10",
               "locator" : "13:32-13:49",
               "type" : "IntervalTypeSpecifier",
               "pointType" : {
                  "localId" : "9",
                  "locator" : "13:41-13:48",
                  "name" : "{urn:hl7-org:elm-types:r1}DateTime",
                  "type" : "NamedTypeSpecifier"
               }
            }
         } ]
      },
      "valueSets" : {
         "def" : [ {
            "localId" : "2",
            "locator" : "5:1-5:74",
            "name" : "Annual Wellness Visit",
            "id" : "urn:oid:2.16.840.1.113883.3.526.3.1240",
            "accessLevel" : "Public",
            "annotation" : [ {
               "type" : "Annotation",
               "s" : {
                  "r" : "2",
                  "s" : [ {
                     "value" : [ "","valueset ","\"Annual Wellness Visit\"",": ","'urn:oid:2.16.840.1.113883.3.526.3.1240'" ]
                  } ]
               }
            } ]
         }, {
            "localId" : "3",
            "locator" : "6:1-6:87",
            "name" : "Home Healthcare Services",
            "id" : "urn:oid:2.16.840.1.113883.3.464.1003.101.12.1016",
            "accessLevel" : "Public",
            "annotation" : [ {
               "type" : "Annotation",
               "s" : {
                  "r" : "3",
                  "s" : [ {
                     "value" : [ "","valueset ","\"Home Healthcare Services\"",": ","'urn:oid:2.16.840.1.113883.3.464.1003.101.12.1016'" ]
                  } ]
               }
            } ]
         }, {
            "localId" : "4",
            "locator" : "7:1-7:75",
            "name" : "Office Visit",
            "id" : "urn:oid:2.16.840.1.113883.3.464.1003.101.12.1001",
            "accessLevel" : "Public",
            "annotation" : [ {
               "type" : "Annotation",
               "s" : {
                  "r" : "4",
                  "s" : [ {
                     "value" : [ "","valueset ","\"Office Visit\"",": ","'urn:oid:2.16.840.1.113883.3.464.1003.101.12.1001'" ]
                  } ]
               }
            } ]
         }, {
            "localId" : "5",
            "locator" : "8:1-8:81",
            "name" : "Online Assessments",
            "id" : "urn:oid:2.16.840.1.113883.3.464.1003.101.12.1089",
            "accessLevel" : "Public",
            "annotation" : [ {
               "type" : "Annotation",
               "s" : {
                  "r" : "5",
                  "s" : [ {
                     "value" : [ "","valueset ","\"Online Assessments\"",": ","'urn:oid:2.16.840.1.113883.3.464.1003.101.12.1089'" ]
                  } ]
               }
            } ]
         }, {
            "localId" : "6",
            "locator" : "9:1-9:123",
            "name" : "Preventive Care Services Established Office Visit, 18 and Up",
            "id" : "urn:oid:2.16.840.1.113883.3.464.1003.101.12.1025",
            "accessLevel" : "Public",
            "annotation" : [ {
               "type" : "Annotation",
               "s" : {
                  "r" : "6",
                  "s" : [ {
                     "value" : [ "","valueset ","\"Preventive Care Services Established Office Visit, 18 and Up\"",": ","'urn:oid:2.16.840.1.113883.3.464.1003.101.12.1025'" ]
                  } ]
               }
            } ]
         }, {
            "localId" : "7",
            "locator" : "10:1-10:119",
            "name" : "Preventive Care Services Initial Office Visit, 18 and Up",
            "id" : "urn:oid:2.16.840.1.113883.3.464.1003.101.12.1023",
            "accessLevel" : "Public",
            "annotation" : [ {
               "type" : "Annotation",
               "s" : {
                  "r" : "7",
                  "s" : [ {
                     "value" : [ "","valueset ","\"Preventive Care Services Initial Office Visit, 18 and Up\"",": ","'urn:oid:2.16.840.1.113883.3.464.1003.101.12.1023'" ]
                  } ]
               }
            } ]
         }, {
            "localId" : "8",
            "locator" : "11:1-11:79",
            "name" : "Telephone Visits",
            "id" : "urn:oid:2.16.840.1.113883.3.464.1003.101.12.1080",
            "accessLevel" : "Public",
            "annotation" : [ {
               "type" : "Annotation",
               "s" : {
                  "r" : "8",
                  "s" : [ {
                     "value" : [ "","valueset ","\"Telephone Visits\"",": ","'urn:oid:2.16.840.1.113883.3.464.1003.101.12.1080'" ]
                  } ]
               }
            } ]
         } ]
      },
      "contexts" : {
         "def" : [ {
            "locator" : "15:1-15:15",
            "name" : "Patient"
         } ]
      },
      "statements" : {
         "def" : [ {
            "locator" : "15:1-15:15",
            "name" : "Patient",
            "context" : "Patient",
            "expression" : {
               "type" : "SingletonFrom",
               "operand" : {
                  "locator" : "15:1-15:15",
                  "dataType" : "{urn:healthit-gov:qdm:v5_6}Patient",
                  "templateId" : "Patient",
                  "type" : "Retrieve"
               }
            }
         }, {
            "localId" : "31",
            "locator" : "17:1-25:74",
            "name" : "Qualifying Encounters",
            "context" : "Patient",
            "accessLevel" : "Public",
            "annotation" : [ {
               "type" : "Annotation",
               "s" : {
                  "r" : "31",
                  "s" : [ {
                     "value" : [ "","define ","\"Qualifying Encounters\"",":\n  " ]
                  }, {
                     "r" : "30",
                     "s" : [ {
                        "s" : [ {
                           "r" : "25",
                           "s" : [ {
                              "r" : "24",
                              "s" : [ {
                                 "value" : [ "( " ]
                              }, {
                                 "r" : "24",
                                 "s" : [ {
                                    "r" : "22",
                                    "s" : [ {
                                       "r" : "20",
                                       "s" : [ {
                                          "r" : "18",
                                          "s" : [ {
                                             "r" : "16",
                                             "s" : [ {
                                                "r" : "14",
                                                "s" : [ {
                                                   "r" : "12",
                                                   "s" : [ {
                                                      "value" : [ "[","\"Encounter, Performed\"",": " ]
                                                   }, {
                                                      "s" : [ {
                                                         "value" : [ "\"Office Visit\"" ]
                                                      } ]
                                                   }, {
                                                      "value" : [ "]" ]
                                                   } ]
                                                }, {
                                                   "value" : [ "\n    union " ]
                                                }, {
                                                   "r" : "13",
                                                   "s" : [ {
                                                      "value" : [ "[","\"Encounter, Performed\"",": " ]
                                                   }, {
                                                      "s" : [ {
                                                         "value" : [ "\"Annual Wellness Visit\"" ]
                                                      } ]
                                                   }, {
                                                      "value" : [ "]" ]
                                                   } ]
                                                } ]
                                             }, {
                                                "value" : [ "\n    union " ]
                                             }, {
                                                "r" : "15",
                                                "s" : [ {
                                                   "value" : [ "[","\"Encounter, Performed\"",": " ]
                                                }, {
                                                   "s" : [ {
                                                      "value" : [ "\"Preventive Care Services Established Office Visit, 18 and Up\"" ]
                                                   } ]
                                                }, {
                                                   "value" : [ "]" ]
                                                } ]
                                             } ]
                                          }, {
                                             "value" : [ "\n    union " ]
                                          }, {
                                             "r" : "17",
                                             "s" : [ {
                                                "value" : [ "[","\"Encounter, Performed\"",": " ]
                                             }, {
                                                "s" : [ {
                                                   "value" : [ "\"Preventive Care Services Initial Office Visit, 18 and Up\"" ]
                                                } ]
                                             }, {
                                                "value" : [ "]" ]
                                             } ]
                                          } ]
                                       }, {
                                          "value" : [ "\n    union " ]
                                       }, {
                                          "r" : "19",
                                          "s" : [ {
                                             "value" : [ "[","\"Encounter, Performed\"",": " ]
                                          }, {
                                             "s" : [ {
                                                "value" : [ "\"Home Healthcare Services\"" ]
                                             } ]
                                          }, {
                                             "value" : [ "]" ]
                                          } ]
                                       } ]
                                    }, {
                                       "value" : [ " \n    union " ]
                                    }, {
                                       "r" : "21",
                                       "s" : [ {
                                          "value" : [ "[","\"Encounter, Performed\"",": " ]
                                       }, {
                                          "s" : [ {
                                             "value" : [ "\"Online Assessments\"" ]
                                          } ]
                                       }, {
                                          "value" : [ "]" ]
                                       } ]
                                    } ]
                                 }, {
                                    "value" : [ "\n    union " ]
                                 }, {
                                    "r" : "23",
                                    "s" : [ {
                                       "value" : [ "[","\"Encounter, Performed\"",": " ]
                                    }, {
                                       "s" : [ {
                                          "value" : [ "\"Telephone Visits\"" ]
                                       } ]
                                    }, {
                                       "value" : [ "]" ]
                                    } ]
                                 } ]
                              }, {
                                 "value" : [ " )" ]
                              } ]
                           }, {
                              "value" : [ " ","ValidEncounter" ]
                           } ]
                        } ]
                     }, {
                        "value" : [ "\n    " ]
                     }, {
                        "r" : "29",
                        "s" : [ {
                           "value" : [ "where " ]
                        }, {
                           "r" : "29",
                           "s" : [ {
                              "r" : "27",
                              "s" : [ {
                                 "r" : "26",
                                 "s" : [ {
                                    "value" : [ "ValidEncounter" ]
                                 } ]
                              }, {
                                 "value" : [ "." ]
                              }, {
                                 "r" : "27",
                                 "s" : [ {
                                    "value" : [ "relevantPeriod" ]
                                 } ]
                              } ]
                           }, {
                              "r" : "29",
                              "value" : [ " ","during day of"," " ]
                           }, {
                              "r" : "28",
                              "s" : [ {
                                 "value" : [ "\"Measurement Period\"" ]
                              } ]
                           } ]
                        } ]
                     } ]
                  } ]
               }
            } ],
            "expression" : {
               "localId" : "30",
               "locator" : "18:3-25:74",
               "type" : "Query",
               "source" : [ {
                  "localId" : "25",
                  "locator" : "18:3-24:71",
                  "alias" : "ValidEncounter",
                  "expression" : {
                     "localId" : "24",
                     "locator" : "18:3-24:56",
                     "type" : "Union",
                     "operand" : [ {
                        "localId" : "22",
                        "locator" : "18:5-23:56",
                        "type" : "Union",
                        "operand" : [ {
                           "localId" : "18",
                           "locator" : "18:5-21:94",
                           "type" : "Union",
                           "operand" : [ {
                              "localId" : "14",
                              "locator" : "18:5-19:59",
                              "type" : "Union",
                              "operand" : [ {
                                 "localId" : "12",
                                 "locator" : "18:5-18:44",
                                 "dataType" : "{urn:healthit-gov:qdm:v5_6}PositiveEncounterPerformed",
                                 "templateId" : "PositiveEncounterPerformed",
                                 "codeProperty" : "code",
                                 "codeComparator" : "in",
                                 "type" : "Retrieve",
                                 "codes" : {
                                    "locator" : "18:30-18:43",
                                    "name" : "Office Visit",
                                    "type" : "ValueSetRef"
                                 }
                              }, {
                                 "localId" : "13",
                                 "locator" : "19:11-19:59",
                                 "dataType" : "{urn:healthit-gov:qdm:v5_6}PositiveEncounterPerformed",
                                 "templateId" : "PositiveEncounterPerformed",
                                 "codeProperty" : "code",
                                 "codeComparator" : "in",
                                 "type" : "Retrieve",
                                 "codes" : {
                                    "locator" : "19:36-19:58",
                                    "name" : "Annual Wellness Visit",
                                    "type" : "ValueSetRef"
                                 }
                              } ]
                           }, {
                              "type" : "Union",
                              "operand" : [ {
                                 "localId" : "15",
                                 "locator" : "20:11-20:98",
                                 "dataType" : "{urn:healthit-gov:qdm:v5_6}PositiveEncounterPerformed",
                                 "templateId" : "PositiveEncounterPerformed",
                                 "codeProperty" : "code",
                                 "codeComparator" : "in",
                                 "type" : "Retrieve",
                                 "codes" : {
                                    "locator" : "20:36-20:97",
                                    "name" : "Preventive Care Services Established Office Visit, 18 and Up",
                                    "type" : "ValueSetRef"
                                 }
                              }, {
                                 "localId" : "17",
                                 "locator" : "21:11-21:94",
                                 "dataType" : "{urn:healthit-gov:qdm:v5_6}PositiveEncounterPerformed",
                                 "templateId" : "PositiveEncounterPerformed",
                                 "codeProperty" : "code",
                                 "codeComparator" : "in",
                                 "type" : "Retrieve",
                                 "codes" : {
                                    "locator" : "21:36-21:93",
                                    "name" : "Preventive Care Services Initial Office Visit, 18 and Up",
                                    "type" : "ValueSetRef"
                                 }
                              } ]
                           } ]
                        }, {
                           "type" : "Union",
                           "operand" : [ {
                              "localId" : "19",
                              "locator" : "22:11-22:62",
                              "dataType" : "{urn:healthit-gov:qdm:v5_6}PositiveEncounterPerformed",
                              "templateId" : "PositiveEncounterPerformed",
                              "codeProperty" : "code",
                              "codeComparator" : "in",
                              "type" : "Retrieve",
                              "codes" : {
                                 "locator" : "22:36-22:61",
                                 "name" : "Home Healthcare Services",
                                 "type" : "ValueSetRef"
                              }
                           }, {
                              "localId" : "21",
                              "locator" : "23:11-23:56",
                              "dataType" : "{urn:healthit-gov:qdm:v5_6}PositiveEncounterPerformed",
                              "templateId" : "PositiveEncounterPerformed",
                              "codeProperty" : "code",
                              "codeComparator" : "in",
                              "type" : "Retrieve",
                              "codes" : {
                                 "locator" : "23:36-23:55",
                                 "name" : "Online Assessments",
                                 "type" : "ValueSetRef"
                              }
                           } ]
                        } ]
                     }, {
                        "localId" : "23",
                        "locator" : "24:11-24:54",
                        "dataType" : "{urn:healthit-gov:qdm:v5_6}PositiveEncounterPerformed",
                        "templateId" : "PositiveEncounterPerformed",
                        "codeProperty" : "code",
                        "codeComparator" : "in",
                        "type" : "Retrieve",
                        "codes" : {
                           "locator" : "24:36-24:53",
                           "name" : "Telephone Visits",
                           "type" : "ValueSetRef"
                        }
                     } ]
                  }
               } ],
               "relationship" : [ ],
               "where" : {
                  "localId" : "29",
                  "locator" : "25:5-25:74",
                  "precision" : "Day",
                  "type" : "IncludedIn",
                  "operand" : [ {
                     "localId" : "27",
                     "locator" : "25:11-25:39",
                     "path" : "relevantPeriod",
                     "scope" : "ValidEncounter",
                     "type" : "Property"
                  }, {
                     "localId" : "28",
                     "locator" : "25:55-25:74",
                     "name" : "Measurement Period",
                     "type" : "ParameterRef"
                  } ]
               }
            }
         } ]
      }
   }
}