{
   "library" : {
      "annotation" : [ {
         "translatorOptions" : "EnableAnnotations,EnableLocators,DisableListDemotion,DisableListPromotion,DisableMethodInvocation",
         "type" : "CqlToElmInfo"
      }, {
         "type" : "Annotation",
         "s" : {
            "r" : "148",
            "s" : [ {
               "value" : [ "","library SafeUseofOpioidsConcurrentPrescribing version '6.1.000'" ]
            } ]
         }
      } ],
      "identifier" : {
         "id" : "SafeUseofOpioidsConcurrentPrescribing",
         "version" : "6.1.000"
      },
      "schemaIdentifier" : {
         "id" : "urn:hl7-org:elm",
         "version" : "r1"
      },
      "usings" : {
         "def" : [ {
            "localIdentifier" : "System",
            "uri" : "urn:hl7-org:elm-types:r1"
         }, {
            "localId" : "1",
            "locator" : "3:1-3:23",
            "localIdentifier" : "QDM",
            "uri" : "urn:healthit-gov:qdm:v5_6",
            "version" : "5.6",
            "annotation" : [ {
               "type" : "Annotation",
               "s" : {
                  "r" : "1",
                  "s" : [ {
                     "value" : [ "","using " ]
                  }, {
                     "s" : [ {
                        "value" : [ "QDM" ]
                     } ]
                  }, {
                     "value" : [ " version ","'5.6'" ]
                  } ]
               }
            } ]
         } ]
      },
      "includes" : {
         "def" : [ {
            "localId" : "2",
            "locator" : "5:1-5:64",
            "localIdentifier" : "Global",
            "path" : "MATGlobalCommonFunctions",
            "version" : "7.0.000",
            "annotation" : [ {
               "type" : "Annotation",
               "s" : {
                  "r" : "2",
                  "s" : [ {
                     "value" : [ "","include " ]
                  }, {
                     "s" : [ {
                        "value" : [ "MATGlobalCommonFunctions" ]
                     } ]
                  }, {
                     "value" : [ " version ","'7.0.000'"," called ","Global" ]
                  } ]
               }
            } ]
         } ]
      },
      "valueSets" : {
         "def" : [ {
            "localId" : "3",
            "locator" : "7:1-7:85",
            "name" : "All Primary and Secondary Cancer",
            "id" : "urn:oid:2.16.840.1.113762.1.4.1111.161",
            "accessLevel" : "Public",
            "annotation" : [ {
               "type" : "Annotation",
               "s" : {
                  "r" : "3",
                  "s" : [ {
                     "value" : [ "","valueset ","\"All Primary and Secondary Cancer\"",": ","'urn:oid:2.16.840.1.113762.1.4.1111.161'" ]
                  } ]
               }
            } ]
         }, {
            "localId" : "4",
            "locator" : "8:1-8:87",
            "name" : "Discharge To Acute Care Facility",
            "id" : "urn:oid:2.16.840.1.113883.3.117.1.7.1.87",
            "accessLevel" : "Public",
            "annotation" : [ {
               "type" : "Annotation",
               "s" : {
                  "r" : "4",
                  "s" : [ {
                     "value" : [ "","valueset ","\"Discharge To Acute Care Facility\"",": ","'urn:oid:2.16.840.1.113883.3.117.1.7.1.87'" ]
                  } ]
               }
            } ]
         }, {
            "localId" : "5",
            "locator" : "9:1-9:58",
            "name" : "Ethnicity",
            "id" : "urn:oid:2.16.840.1.114222.4.11.837",
            "accessLevel" : "Public",
            "annotation" : [ {
               "type" : "Annotation",
               "s" : {
                  "r" : "5",
                  "s" : [ {
                     "value" : [ "","valueset ","\"Ethnicity\"",": ","'urn:oid:2.16.840.1.114222.4.11.837'" ]
                  } ]
               }
            } ]
         }, {
            "localId" : "6",
            "locator" : "10:1-10:87",
            "name" : "Hospice Care Referral or Admission",
            "id" : "urn:oid:2.16.840.1.113762.1.4.1116.365",
            "accessLevel" : "Public",
            "annotation" : [ {
               "type" : "Annotation",
               "s" : {
                  "r" : "6",
                  "s" : [ {
                     "value" : [ "","valueset ","\"Hospice Care Referral or Admission\"",": ","'urn:oid:2.16.840.1.113762.1.4.1116.365'" ]
                  } ]
               }
            } ]
         }, {
            "localId" : "7",
            "locator" : "11:1-11:68",
            "name" : "ONC Administrative Sex",
            "id" : "urn:oid:2.16.840.1.113762.1.4.1",
            "accessLevel" : "Public",
            "annotation" : [ {
               "type" : "Annotation",
               "s" : {
                  "r" : "7",
                  "s" : [ {
                     "value" : [ "","valueset ","\"ONC Administrative Sex\"",": ","'urn:oid:2.16.840.1.113762.1.4.1'" ]
                  } ]
               }
            } ]
         }, {
            "localId" : "8",
            "locator" : "12:1-12:79",
            "name" : "Palliative or Hospice Care",
            "id" : "urn:oid:2.16.840.1.113883.3.600.1.1579",
            "accessLevel" : "Public",
            "annotation" : [ {
               "type" : "Annotation",
               "s" : {
                  "r" : "8",
                  "s" : [ {
                     "value" : [ "","valueset ","\"Palliative or Hospice Care\"",": ","'urn:oid:2.16.840.1.113883.3.600.1.1579'" ]
                  } ]
               }
            } ]
         }, {
            "localId" : "9",
            "locator" : "13:1-13:71",
            "name" : "Patient Expired",
            "id" : "urn:oid:2.16.840.1.113883.3.117.1.7.1.309",
            "accessLevel" : "Public",
            "annotation" : [ {
               "type" : "Annotation",
               "s" : {
                  "r" : "9",
                  "s" : [ {
                     "value" : [ "","valueset ","\"Patient Expired\"",": ","'urn:oid:2.16.840.1.113883.3.117.1.7.1.309'" ]
                  } ]
               }
            } ]
         }, {
            "localId" : "10",
            "locator" : "14:1-14:55",
            "name" : "Payer",
            "id" : "urn:oid:2.16.840.1.114222.4.11.3591",
            "accessLevel" : "Public",
            "annotation" : [ {
               "type" : "Annotation",
               "s" : {
                  "r" : "10",
                  "s" : [ {
                     "value" : [ "","valueset ","\"Payer\"",": ","'urn:oid:2.16.840.1.114222.4.11.3591'" ]
                  } ]
               }
            } ]
         }, {
            "localId" : "11",
            "locator" : "15:1-15:53",
            "name" : "Race",
            "id" : "urn:oid:2.16.840.1.114222.4.11.836",
            "accessLevel" : "Public",
            "annotation" : [ {
               "type" : "Annotation",
               "s" : {
                  "r" : "11",
                  "s" : [ {
                     "value" : [ "","valueset ","\"Race\"",": ","'urn:oid:2.16.840.1.114222.4.11.836'" ]
                  } ]
               }
            } ]
         }, {
            "localId" : "12",
            "locator" : "16:1-16:89",
            "name" : "Schedule II & III Opioid Medications",
            "id" : "urn:oid:2.16.840.1.113762.1.4.1111.165",
            "accessLevel" : "Public",
            "annotation" : [ {
               "type" : "Annotation",
               "s" : {
                  "r" : "12",
                  "s" : [ {
                     "value" : [ "","valueset ","\"Schedule II & III Opioid Medications\"",": ","'urn:oid:2.16.840.1.113762.1.4.1111.165'" ]
                  } ]
               }
            } ]
         }, {
            "localId" : "13",
            "locator" : "17:1-17:78",
            "name" : "Schedule IV Benzodiazepines",
            "id" : "urn:oid:2.16.840.1.113762.1.4.1125.1",
            "accessLevel" : "Public",
            "annotation" : [ {
               "type" : "Annotation",
               "s" : {
                  "r" : "13",
                  "s" : [ {
                     "value" : [ "","valueset ","\"Schedule IV Benzodiazepines\"",": ","'urn:oid:2.16.840.1.113762.1.4.1125.1'" ]
                  } ]
               }
            } ]
         } ]
      },
      "contexts" : {
         "def" : [ {
            "locator" : "19:1-19:15",
            "name" : "Patient"
         } ]
      },
      "statements" : {
         "def" : [ {
            "locator" : "19:1-19:15",
            "name" : "Patient",
            "context" : "Patient",
            "expression" : {
               "type" : "SingletonFrom",
               "operand" : {
                  "locator" : "19:1-19:15",
                  "dataType" : "{urn:healthit-gov:qdm:v5_6}Patient",
                  "templateId" : "Patient",
                  "type" : "Retrieve"
               }
            }
         }, {
            "localId" : "24",
            "locator" : "24:1-26:89",
            "name" : "Inpatient Encounter with Age Greater than or Equal to 18",
            "context" : "Patient",
            "accessLevel" : "Public",
            "annotation" : [ {
               "type" : "Annotation",
               "s" : {
                  "r" : "24",
                  "s" : [ {
                     "value" : [ "","define ","\"Inpatient Encounter with Age Greater than or Equal to 18\"",":\n  " ]
                  }, {
                     "r" : "23",
                     "s" : [ {
                        "s" : [ {
                           "r" : "15",
                           "s" : [ {
                              "r" : "14",
                              "s" : [ {
                                 "s" : [ {
                                    "value" : [ "Global",".","\"Inpatient Encounter\"" ]
                                 } ]
                              } ]
                           }, {
                              "value" : [ " ","InpatientHospitalEncounter" ]
                           } ]
                        } ]
                     }, {
                        "value" : [ "\n    " ]
                     }, {
                        "r" : "22",
                        "s" : [ {
                           "value" : [ "where " ]
                        }, {
                           "r" : "22",
                           "s" : [ {
                              "r" : "20",
                              "s" : [ {
                                 "value" : [ "AgeInYearsAt","(" ]
                              }, {
                                 "r" : "19",
                                 "s" : [ {
                                    "value" : [ "date from " ]
                                 }, {
                                    "r" : "18",
                                    "s" : [ {
                                       "value" : [ "start of " ]
                                    }, {
                                       "r" : "17",
                                       "s" : [ {
                                          "r" : "16",
                                          "s" : [ {
                                             "value" : [ "InpatientHospitalEncounter" ]
                                          } ]
                                       }, {
                                          "value" : [ "." ]
                                       }, {
                                          "r" : "17",
                                          "s" : [ {
                                             "value" : [ "relevantPeriod" ]
                                          } ]
                                       } ]
                                    } ]
                                 } ]
                              }, {
                                 "value" : [ ")" ]
                              } ]
                           }, {
                              "r" : "21",
                              "value" : [ ">="," ","18" ]
                           } ]
                        } ]
                     } ]
                  } ]
               }
            } ],
            "expression" : {
               "localId" : "23",
               "locator" : "25:3-26:89",
               "type" : "Query",
               "source" : [ {
                  "localId" : "15",
                  "locator" : "25:3-25:57",
                  "alias" : "InpatientHospitalEncounter",
                  "expression" : {
                     "localId" : "14",
                     "locator" : "25:3-25:30",
                     "name" : "Inpatient Encounter",
                     "libraryName" : "Global",
                     "type" : "ExpressionRef"
                  }
               } ],
               "relationship" : [ ],
               "where" : {
                  "localId" : "22",
                  "locator" : "26:5-26:89",
                  "type" : "GreaterOrEqual",
                  "operand" : [ {
                     "localId" : "20",
                     "locator" : "26:11-26:84",
                     "precision" : "Year",
                     "type" : "CalculateAgeAt",
                     "operand" : [ {
                        "type" : "ToDate",
                        "operand" : {
                           "path" : "birthDatetime",
                           "type" : "Property",
                           "source" : {
                              "name" : "Patient",
                              "type" : "ExpressionRef"
                           }
                        }
                     }, {
                        "localId" : "19",
                        "locator" : "26:24-26:83",
                        "type" : "DateFrom",
                        "operand" : {
                           "localId" : "18",
                           "locator" : "26:34-26:83",
                           "type" : "Start",
                           "operand" : {
                              "localId" : "17",
                              "locator" : "26:43-26:83",
                              "path" : "relevantPeriod",
                              "scope" : "InpatientHospitalEncounter",
                              "type" : "Property"
                           }
                        }
                     } ]
                  }, {
                     "localId" : "21",
                     "locator" : "26:88-26:89",
                     "valueType" : "{urn:hl7-org:elm-types:r1}Integer",
                     "value" : "18",
                     "type" : "Literal"
                  } ]
               }
            }
         }, {
            "localId" : "38",
            "locator" : "44:1-49:113",
            "name" : "Inpatient Encounters with an Opioid or Benzodiazepine at Discharge",
            "context" : "Patient",
            "accessLevel" : "Public",
            "annotation" : [ {
               "type" : "Annotation",
               "s" : {
                  "r" : "38",
                  "s" : [ {
                     "value" : [ "","define ","\"Inpatient Encounters with an Opioid or Benzodiazepine at Discharge\"",":\n  /*Captures encounters of patients with an opioid(s), benzodiazepine, or a combination of these medications at discharge*/\n  " ]
                  }, {
                     "r" : "37",
                     "s" : [ {
                        "s" : [ {
                           "r" : "26",
                           "s" : [ {
                              "r" : "25",
                              "s" : [ {
                                 "s" : [ {
                                    "value" : [ "\"Inpatient Encounter with Age Greater than or Equal to 18\"" ]
                                 } ]
                              } ]
                           }, {
                              "value" : [ " ","InpatientEncounter" ]
                           } ]
                        } ]
                     }, {
                        "value" : [ "\n    " ]
                     }, {
                        "r" : "36",
                        "s" : [ {
                           "value" : [ "with " ]
                        }, {
                           "r" : "30",
                           "s" : [ {
                              "r" : "29",
                              "s" : [ {
                                 "value" : [ "( " ]
                              }, {
                                 "r" : "29",
                                 "s" : [ {
                                    "r" : "27",
                                    "s" : [ {
                                       "value" : [ "[","\"Medication, Discharge\"",": " ]
                                    }, {
                                       "s" : [ {
                                          "value" : [ "\"Schedule II & III Opioid Medications\"" ]
                                       } ]
                                    }, {
                                       "value" : [ "]" ]
                                    } ]
                                 }, {
                                    "value" : [ "\n      union " ]
                                 }, {
                                    "r" : "28",
                                    "s" : [ {
                                       "value" : [ "[","\"Medication, Discharge\"",": " ]
                                    }, {
                                       "s" : [ {
                                          "value" : [ "\"Schedule IV Benzodiazepines\"" ]
                                       } ]
                                    }, {
                                       "value" : [ "]" ]
                                    } ]
                                 } ]
                              }, {
                                 "value" : [ " )" ]
                              } ]
                           }, {
                              "value" : [ " ","OpioidOrBenzodiazepineDischargeMedication" ]
                           } ]
                        }, {
                           "value" : [ "\n      such that " ]
                        }, {
                           "r" : "35",
                           "s" : [ {
                              "r" : "32",
                              "s" : [ {
                                 "r" : "31",
                                 "s" : [ {
                                    "value" : [ "OpioidOrBenzodiazepineDischargeMedication" ]
                                 } ]
                              }, {
                                 "value" : [ "." ]
                              }, {
                                 "r" : "32",
                                 "s" : [ {
                                    "value" : [ "authorDatetime" ]
                                 } ]
                              } ]
                           }, {
                              "r" : "35",
                              "value" : [ " ","during"," " ]
                           }, {
                              "r" : "34",
                              "s" : [ {
                                 "r" : "33",
                                 "s" : [ {
                                    "value" : [ "InpatientEncounter" ]
                                 } ]
                              }, {
                                 "value" : [ "." ]
                              }, {
                                 "r" : "34",
                                 "s" : [ {
                                    "value" : [ "relevantPeriod" ]
                                 } ]
                              } ]
                           } ]
                        } ]
                     } ]
                  } ]
               }
            } ],
            "expression" : {
               "localId" : "37",
               "locator" : "46:3-49:113",
               "type" : "Query",
               "source" : [ {
                  "localId" : "26",
                  "locator" : "46:3-46:79",
                  "alias" : "InpatientEncounter",
                  "expression" : {
                     "localId" : "25",
                     "locator" : "46:3-46:60",
                     "name" : "Inpatient Encounter with Age Greater than or Equal to 18",
                     "type" : "ExpressionRef"
                  }
               } ],
               "relationship" : [ {
                  "localId" : "36",
                  "locator" : "47:5-49:113",
                  "alias" : "OpioidOrBenzodiazepineDischargeMedication",
                  "type" : "With",
                  "expression" : {
                     "localId" : "29",
                     "locator" : "47:10-48:70",
                     "type" : "Union",
                     "operand" : [ {
                        "localId" : "27",
                        "locator" : "47:12-47:76",
                        "dataType" : "{urn:healthit-gov:qdm:v5_6}PositiveMedicationDischarge",
                        "templateId" : "PositiveMedicationDischarge",
                        "codeProperty" : "code",
                        "codeComparator" : "in",
                        "type" : "Retrieve",
                        "codes" : {
                           "locator" : "47:38-47:75",
                           "name" : "Schedule II & III Opioid Medications",
                           "type" : "ValueSetRef"
                        }
                     }, {
                        "localId" : "28",
                        "locator" : "48:13-48:68",
                        "dataType" : "{urn:healthit-gov:qdm:v5_6}PositiveMedicationDischarge",
                        "templateId" : "PositiveMedicationDischarge",
                        "codeProperty" : "code",
                        "codeComparator" : "in",
                        "type" : "Retrieve",
                        "codes" : {
                           "locator" : "48:39-48:67",
                           "name" : "Schedule IV Benzodiazepines",
                           "type" : "ValueSetRef"
                        }
                     } ]
                  },
                  "suchThat" : {
                     "localId" : "35",
                     "locator" : "49:17-49:113",
                     "type" : "In",
                     "operand" : [ {
                        "localId" : "32",
                        "locator" : "49:17-49:72",
                        "path" : "authorDatetime",
                        "scope" : "OpioidOrBenzodiazepineDischargeMedication",
                        "type" : "Property"
                     }, {
                        "localId" : "34",
                        "locator" : "49:81-49:113",
                        "path" : "relevantPeriod",
                        "scope" : "InpatientEncounter",
                        "type" : "Property"
                     } ]
                  }
               } ]
            }
         }, {
            "localId" : "40",
            "locator" : "51:1-52:70",
            "name" : "Initial Population",
            "context" : "Patient",
            "accessLevel" : "Public",
            "annotation" : [ {
               "type" : "Annotation",
               "s" : {
                  "r" : "40",
                  "s" : [ {
                     "value" : [ "","define ","\"Initial Population\"",":\n  " ]
                  }, {
                     "r" : "39",
                     "s" : [ {
                        "value" : [ "\"Inpatient Encounters with an Opioid or Benzodiazepine at Discharge\"" ]
                     } ]
                  } ]
               }
            } ],
            "expression" : {
               "localId" : "39",
               "locator" : "52:3-52:70",
               "name" : "Inpatient Encounters with an Opioid or Benzodiazepine at Discharge",
               "type" : "ExpressionRef"
            }
         }, {
            "localId" : "42",
            "locator" : "21:1-22:22",
            "name" : "Denominator",
            "context" : "Patient",
            "accessLevel" : "Public",
            "annotation" : [ {
               "type" : "Annotation",
               "s" : {
                  "r" : "42",
                  "s" : [ {
                     "value" : [ "","define ","\"Denominator\"",":\n  " ]
                  }, {
                     "r" : "41",
                     "s" : [ {
                        "value" : [ "\"Initial Population\"" ]
                     } ]
                  } ]
               }
            } ],
            "expression" : {
               "localId" : "41",
               "locator" : "22:3-22:22",
               "name" : "Initial Population",
               "type" : "ExpressionRef"
            }
         }, {
            "localId" : "44",
            "locator" : "28:1-29:51",
            "name" : "SDE Ethnicity",
            "context" : "Patient",
            "accessLevel" : "Public",
            "annotation" : [ {
               "type" : "Annotation",
               "s" : {
                  "r" : "44",
                  "s" : [ {
                     "value" : [ "","define ","\"SDE Ethnicity\"",":\n  " ]
                  }, {
                     "r" : "43",
                     "s" : [ {
                        "value" : [ "[","\"Patient Characteristic Ethnicity\"",": " ]
                     }, {
                        "s" : [ {
                           "value" : [ "\"Ethnicity\"" ]
                        } ]
                     }, {
                        "value" : [ "]" ]
                     } ]
                  } ]
               }
            } ],
            "expression" : {
               "localId" : "43",
               "locator" : "29:3-29:51",
               "dataType" : "{urn:healthit-gov:qdm:v5_6}PatientCharacteristicEthnicity",
               "codeProperty" : "code",
               "codeComparator" : "in",
               "type" : "Retrieve",
               "codes" : {
                  "locator" : "29:40-29:50",
                  "name" : "Ethnicity",
                  "type" : "ValueSetRef"
               }
            }
         }, {
            "localId" : "46",
            "locator" : "31:1-32:43",
            "name" : "SDE Payer",
            "context" : "Patient",
            "accessLevel" : "Public",
            "annotation" : [ {
               "type" : "Annotation",
               "s" : {
                  "r" : "46",
                  "s" : [ {
                     "value" : [ "","define ","\"SDE Payer\"",":\n  " ]
                  }, {
                     "r" : "45",
                     "s" : [ {
                        "value" : [ "[","\"Patient Characteristic Payer\"",": " ]
                     }, {
                        "s" : [ {
                           "value" : [ "\"Payer\"" ]
                        } ]
                     }, {
                        "value" : [ "]" ]
                     } ]
                  } ]
               }
            } ],
            "expression" : {
               "localId" : "45",
               "locator" : "32:3-32:43",
               "dataType" : "{urn:healthit-gov:qdm:v5_6}PatientCharacteristicPayer",
               "codeProperty" : "code",
               "codeComparator" : "in",
               "type" : "Retrieve",
               "codes" : {
                  "locator" : "32:36-32:42",
                  "name" : "Payer",
                  "type" : "ValueSetRef"
               }
            }
         }, {
            "localId" : "48",
            "locator" : "34:1-35:41",
            "name" : "SDE Race",
            "context" : "Patient",
            "accessLevel" : "Public",
            "annotation" : [ {
               "type" : "Annotation",
               "s" : {
                  "r" : "48",
                  "s" : [ {
                     "value" : [ "","define ","\"SDE Race\"",":\n  " ]
                  }, {
                     "r" : "47",
                     "s" : [ {
                        "value" : [ "[","\"Patient Characteristic Race\"",": " ]
                     }, {
                        "s" : [ {
                           "value" : [ "\"Race\"" ]
                        } ]
                     }, {
                        "value" : [ "]" ]
                     } ]
                  } ]
               }
            } ],
            "expression" : {
               "localId" : "47",
               "locator" : "35:3-35:41",
               "dataType" : "{urn:healthit-gov:qdm:v5_6}PatientCharacteristicRace",
               "codeProperty" : "code",
               "codeComparator" : "in",
               "type" : "Retrieve",
               "codes" : {
                  "locator" : "35:35-35:40",
                  "name" : "Race",
                  "type" : "ValueSetRef"
               }
            }
         }, {
            "localId" : "50",
            "locator" : "37:1-38:58",
            "name" : "SDE Sex",
            "context" : "Patient",
            "accessLevel" : "Public",
            "annotation" : [ {
               "type" : "Annotation",
               "s" : {
                  "r" : "50",
                  "s" : [ {
                     "value" : [ "","define ","\"SDE Sex\"",":\n  " ]
                  }, {
                     "r" : "49",
                     "s" : [ {
                        "value" : [ "[","\"Patient Characteristic Sex\"",": " ]
                     }, {
                        "s" : [ {
                           "value" : [ "\"ONC Administrative Sex\"" ]
                        } ]
                     }, {
                        "value" : [ "]" ]
                     } ]
                  } ]
               }
            } ],
            "expression" : {
               "localId" : "49",
               "locator" : "38:3-38:58",
               "dataType" : "{urn:healthit-gov:qdm:v5_6}PatientCharacteristicSex",
               "codeProperty" : "code",
               "codeComparator" : "in",
               "type" : "Retrieve",
               "codes" : {
                  "locator" : "38:34-38:57",
                  "name" : "ONC Administrative Sex",
                  "type" : "ValueSetRef"
               }
            }
         }, {
            "localId" : "54",
            "locator" : "40:1-42:67",
            "name" : "Intervention Palliative or Hospice Care",
            "context" : "Patient",
            "accessLevel" : "Public",
            "annotation" : [ {
               "type" : "Annotation",
               "s" : {
                  "r" : "54",
                  "s" : [ {
                     "value" : [ "","define ","\"Intervention Palliative or Hospice Care\"",":\n  " ]
                  }, {
                     "r" : "53",
                     "s" : [ {
                        "r" : "51",
                        "s" : [ {
                           "value" : [ "[","\"Intervention, Order\"",": " ]
                        }, {
                           "s" : [ {
                              "value" : [ "\"Palliative or Hospice Care\"" ]
                           } ]
                        }, {
                           "value" : [ "]" ]
                        } ]
                     }, {
                        "value" : [ "\n    union " ]
                     }, {
                        "r" : "52",
                        "s" : [ {
                           "value" : [ "[","\"Intervention, Performed\"",": " ]
                        }, {
                           "s" : [ {
                              "value" : [ "\"Palliative or Hospice Care\"" ]
                           } ]
                        }, {
                           "value" : [ "]" ]
                        } ]
                     } ]
                  } ]
               }
            } ],
            "expression" : {
               "localId" : "53",
               "locator" : "41:3-42:67",
               "type" : "Union",
               "operand" : [ {
                  "type" : "As",
                  "operand" : {
                     "localId" : "51",
                     "locator" : "41:3-41:55",
                     "dataType" : "{urn:healthit-gov:qdm:v5_6}PositiveInterventionOrder",
                     "templateId" : "PositiveInterventionOrder",
                     "codeProperty" : "code",
                     "codeComparator" : "in",
                     "type" : "Retrieve",
                     "codes" : {
                        "locator" : "41:27-41:54",
                        "name" : "Palliative or Hospice Care",
                        "type" : "ValueSetRef"
                     }
                  },
                  "asTypeSpecifier" : {
                     "type" : "ListTypeSpecifier",
                     "elementType" : {
                        "type" : "ChoiceTypeSpecifier",
                        "choice" : [ {
                           "name" : "{urn:healthit-gov:qdm:v5_6}PositiveInterventionPerformed",
                           "type" : "NamedTypeSpecifier"
                        }, {
                           "name" : "{urn:healthit-gov:qdm:v5_6}PositiveInterventionOrder",
                           "type" : "NamedTypeSpecifier"
                        } ]
                     }
                  }
               }, {
                  "type" : "As",
                  "operand" : {
                     "localId" : "52",
                     "locator" : "42:11-42:67",
                     "dataType" : "{urn:healthit-gov:qdm:v5_6}PositiveInterventionPerformed",
                     "templateId" : "PositiveInterventionPerformed",
                     "codeProperty" : "code",
                     "codeComparator" : "in",
                     "type" : "Retrieve",
                     "codes" : {
                        "locator" : "42:39-42:66",
                        "name" : "Palliative or Hospice Care",
                        "type" : "ValueSetRef"
                     }
                  },
                  "asTypeSpecifier" : {
                     "type" : "ListTypeSpecifier",
                     "elementType" : {
                        "type" : "ChoiceTypeSpecifier",
                        "choice" : [ {
                           "name" : "{urn:healthit-gov:qdm:v5_6}PositiveInterventionPerformed",
                           "type" : "NamedTypeSpecifier"
                        }, {
                           "name" : "{urn:healthit-gov:qdm:v5_6}PositiveInterventionOrder",
                           "type" : "NamedTypeSpecifier"
                        } ]
                     }
                  }
               } ]
            }
         }, {
            "localId" : "92",
            "locator" : "54:1-69:5",
            "name" : "Numerator",
            "context" : "Patient",
            "accessLevel" : "Public",
            "annotation" : [ {
               "type" : "Annotation",
               "s" : {
                  "r" : "92",
                  "s" : [ {
                     "value" : [ "","define ","\"Numerator\"",":\n  /*Encounters of patients prescribed two or more opioids or an opioid and benzodiazepine at discharge.\n  */\n  " ]
                  }, {
                     "r" : "91",
                     "s" : [ {
                        "r" : "71",
                        "s" : [ {
                           "value" : [ "( " ]
                        }, {
                           "r" : "71",
                           "s" : [ {
                              "s" : [ {
                                 "r" : "56",
                                 "s" : [ {
                                    "r" : "55",
                                    "s" : [ {
                                       "s" : [ {
                                          "value" : [ "\"Inpatient Encounters with an Opioid or Benzodiazepine at Discharge\"" ]
                                       } ]
                                    } ]
                                 }, {
                                    "value" : [ " ","InpatientEncounter" ]
                                 } ]
                              } ]
                           }, {
                              "value" : [ "\n      " ]
                           }, {
                              "r" : "70",
                              "s" : [ {
                                 "value" : [ "where " ]
                              }, {
                                 "r" : "70",
                                 "s" : [ {
                                    "value" : [ "( " ]
                                 }, {
                                    "r" : "70",
                                    "s" : [ {
                                       "r" : "68",
                                       "s" : [ {
                                          "value" : [ "Count","(" ]
                                       }, {
                                          "r" : "67",
                                          "s" : [ {
                                             "s" : [ {
                                                "r" : "58",
                                                "s" : [ {
                                                   "r" : "57",
                                                   "s" : [ {
                                                      "r" : "57",
                                                      "s" : [ {
                                                         "value" : [ "[","\"Medication, Discharge\"",": " ]
                                                      }, {
                                                         "s" : [ {
                                                            "value" : [ "\"Schedule II & III Opioid Medications\"" ]
                                                         } ]
                                                      }, {
                                                         "value" : [ "]" ]
                                                      } ]
                                                   } ]
                                                }, {
                                                   "value" : [ " ","Opioids" ]
                                                } ]
                                             } ]
                                          }, {
                                             "value" : [ "\n            " ]
                                          }, {
                                             "r" : "63",
                                             "s" : [ {
                                                "value" : [ "where " ]
                                             }, {
                                                "r" : "63",
                                                "s" : [ {
                                                   "r" : "60",
                                                   "s" : [ {
                                                      "r" : "59",
                                                      "s" : [ {
                                                         "value" : [ "Opioids" ]
                                                      } ]
                                                   }, {
                                                      "value" : [ "." ]
                                                   }, {
                                                      "r" : "60",
                                                      "s" : [ {
                                                         "value" : [ "authorDatetime" ]
                                                      } ]
                                                   } ]
                                                }, {
                                                   "r" : "63",
                                                   "value" : [ " ","during"," " ]
                                                }, {
                                                   "r" : "62",
                                                   "s" : [ {
                                                      "r" : "61",
                                                      "s" : [ {
                                                         "value" : [ "InpatientEncounter" ]
                                                      } ]
                                                   }, {
                                                      "value" : [ "." ]
                                                   }, {
                                                      "r" : "62",
                                                      "s" : [ {
                                                         "value" : [ "relevantPeriod" ]
                                                      } ]
                                                   } ]
                                                } ]
                                             } ]
                                          }, {
                                             "value" : [ "\n            " ]
                                          }, {
                                             "r" : "66",
                                             "s" : [ {
                                                "value" : [ "return distinct " ]
                                             }, {
                                                "r" : "65",
                                                "s" : [ {
                                                   "r" : "64",
                                                   "s" : [ {
                                                      "value" : [ "Opioids" ]
                                                   } ]
                                                }, {
                                                   "value" : [ "." ]
                                                }, {
                                                   "r" : "65",
                                                   "s" : [ {
                                                      "value" : [ "code" ]
                                                   } ]
                                                } ]
                                             } ]
                                          } ]
                                       }, {
                                          "value" : [ "\n        )" ]
                                       } ]
                                    }, {
                                       "r" : "69",
                                       "value" : [ ">="," ","2" ]
                                    } ]
                                 }, {
                                    "value" : [ "\n      )" ]
                                 } ]
                              } ]
                           } ]
                        }, {
                           "value" : [ "\n  )" ]
                        } ]
                     }, {
                        "value" : [ "\n    union " ]
                     }, {
                        "r" : "90",
                        "s" : [ {
                           "value" : [ "( " ]
                        }, {
                           "r" : "90",
                           "s" : [ {
                              "s" : [ {
                                 "r" : "73",
                                 "s" : [ {
                                    "r" : "72",
                                    "s" : [ {
                                       "s" : [ {
                                          "value" : [ "\"Inpatient Encounters with an Opioid or Benzodiazepine at Discharge\"" ]
                                       } ]
                                    } ]
                                 }, {
                                    "value" : [ " ","InpatientEncounter" ]
                                 } ]
                              } ]
                           }, {
                              "value" : [ "\n        " ]
                           }, {
                              "r" : "81",
                              "s" : [ {
                                 "value" : [ "with " ]
                              }, {
                                 "r" : "75",
                                 "s" : [ {
                                    "r" : "74",
                                    "s" : [ {
                                       "r" : "74",
                                       "s" : [ {
                                          "value" : [ "[","\"Medication, Discharge\"",": " ]
                                       }, {
                                          "s" : [ {
                                             "value" : [ "\"Schedule II & III Opioid Medications\"" ]
                                          } ]
                                       }, {
                                          "value" : [ "]" ]
                                       } ]
                                    } ]
                                 }, {
                                    "value" : [ " ","OpioidsDischarge" ]
                                 } ]
                              }, {
                                 "value" : [ "\n          such that " ]
                              }, {
                                 "r" : "80",
                                 "s" : [ {
                                    "r" : "77",
                                    "s" : [ {
                                       "r" : "76",
                                       "s" : [ {
                                          "value" : [ "OpioidsDischarge" ]
                                       } ]
                                    }, {
                                       "value" : [ "." ]
                                    }, {
                                       "r" : "77",
                                       "s" : [ {
                                          "value" : [ "authorDatetime" ]
                                       } ]
                                    } ]
                                 }, {
                                    "r" : "80",
                                    "value" : [ " ","during"," " ]
                                 }, {
                                    "r" : "79",
                                    "s" : [ {
                                       "r" : "78",
                                       "s" : [ {
                                          "value" : [ "InpatientEncounter" ]
                                       } ]
                                    }, {
                                       "value" : [ "." ]
                                    }, {
                                       "r" : "79",
                                       "s" : [ {
                                          "value" : [ "relevantPeriod" ]
                                       } ]
                                    } ]
                                 } ]
                              } ]
                           }, {
                              "value" : [ "\n        " ]
                           }, {
                              "r" : "89",
                              "s" : [ {
                                 "value" : [ "with " ]
                              }, {
                                 "r" : "83",
                                 "s" : [ {
                                    "r" : "82",
                                    "s" : [ {
                                       "r" : "82",
                                       "s" : [ {
                                          "value" : [ "[","\"Medication, Discharge\"",": " ]
                                       }, {
                                          "s" : [ {
                                             "value" : [ "\"Schedule IV Benzodiazepines\"" ]
                                          } ]
                                       }, {
                                          "value" : [ "]" ]
                                       } ]
                                    } ]
                                 }, {
                                    "value" : [ " ","BenzodiazepinesDischarge" ]
                                 } ]
                              }, {
                                 "value" : [ "\n          such that " ]
                              }, {
                                 "r" : "88",
                                 "s" : [ {
                                    "r" : "85",
                                    "s" : [ {
                                       "r" : "84",
                                       "s" : [ {
                                          "value" : [ "BenzodiazepinesDischarge" ]
                                       } ]
                                    }, {
                                       "value" : [ "." ]
                                    }, {
                                       "r" : "85",
                                       "s" : [ {
                                          "value" : [ "authorDatetime" ]
                                       } ]
                                    } ]
                                 }, {
                                    "r" : "88",
                                    "value" : [ " ","during"," " ]
                                 }, {
                                    "r" : "87",
                                    "s" : [ {
                                       "r" : "86",
                                       "s" : [ {
                                          "value" : [ "InpatientEncounter" ]
                                       } ]
                                    }, {
                                       "value" : [ "." ]
                                    }, {
                                       "r" : "87",
                                       "s" : [ {
                                          "value" : [ "relevantPeriod" ]
                                       } ]
                                    } ]
                                 } ]
                              } ]
                           } ]
                        }, {
                           "value" : [ "\n    )" ]
                        } ]
                     } ]
                  } ]
               }
            } ],
            "expression" : {
               "localId" : "91",
               "locator" : "57:3-69:5",
               "type" : "Union",
               "operand" : [ {
                  "localId" : "71",
                  "locator" : "57:3-63:3",
                  "type" : "Query",
                  "source" : [ {
                     "localId" : "56",
                     "locator" : "57:5-57:91",
                     "alias" : "InpatientEncounter",
                     "expression" : {
                        "localId" : "55",
                        "locator" : "57:5-57:72",
                        "name" : "Inpatient Encounters with an Opioid or Benzodiazepine at Discharge",
                        "type" : "ExpressionRef"
                     }
                  } ],
                  "relationship" : [ ],
                  "where" : {
                     "localId" : "70",
                     "locator" : "58:7-62:7",
                     "type" : "GreaterOrEqual",
                     "operand" : [ {
                        "localId" : "68",
                        "locator" : "58:15-61:9",
                        "type" : "Count",
                        "source" : {
                           "localId" : "67",
                           "locator" : "58:21-60:40",
                           "type" : "Query",
                           "source" : [ {
                              "localId" : "58",
                              "locator" : "58:21-58:93",
                              "alias" : "Opioids",
                              "expression" : {
                                 "localId" : "57",
                                 "locator" : "58:21-58:85",
                                 "dataType" : "{urn:healthit-gov:qdm:v5_6}PositiveMedicationDischarge",
                                 "templateId" : "PositiveMedicationDischarge",
                                 "codeProperty" : "code",
                                 "codeComparator" : "in",
                                 "type" : "Retrieve",
                                 "codes" : {
                                    "locator" : "58:47-58:84",
                                    "name" : "Schedule II & III Opioid Medications",
                                    "type" : "ValueSetRef"
                                 }
                              }
                           } ],
                           "relationship" : [ ],
                           "where" : {
                              "localId" : "63",
                              "locator" : "59:13-59:81",
                              "type" : "In",
                              "operand" : [ {
                                 "localId" : "60",
                                 "locator" : "59:19-59:40",
                                 "path" : "authorDatetime",
                                 "scope" : "Opioids",
                                 "type" : "Property"
                              }, {
                                 "localId" : "62",
                                 "locator" : "59:49-59:81",
                                 "path" : "relevantPeriod",
                                 "scope" : "InpatientEncounter",
                                 "type" : "Property"
                              } ]
                           },
                           "return" : {
                              "localId" : "66",
                              "locator" : "60:13-60:40",
                              "distinct" : true,
                              "expression" : {
                                 "localId" : "65",
                                 "locator" : "60:29-60:40",
                                 "path" : "code",
                                 "scope" : "Opioids",
                                 "type" : "Property"
                              }
                           }
                        }
                     }, {
                        "localId" : "69",
                        "locator" : "61:13",
                        "valueType" : "{urn:hl7-org:elm-types:r1}Integer",
                        "value" : "2",
                        "type" : "Literal"
                     } ]
                  }
               }, {
                  "localId" : "90",
                  "locator" : "64:11-69:5",
                  "type" : "Query",
                  "source" : [ {
                     "localId" : "73",
                     "locator" : "64:13-64:99",
                     "alias" : "InpatientEncounter",
                     "expression" : {
                        "localId" : "72",
                        "locator" : "64:13-64:80",
                        "name" : "Inpatient Encounters with an Opioid or Benzodiazepine at Discharge",
                        "type" : "ExpressionRef"
                     }
                  } ],
                  "relationship" : [ {
                     "localId" : "81",
                     "locator" : "65:9-66:92",
                     "alias" : "OpioidsDischarge",
                     "type" : "With",
                     "expression" : {
                        "localId" : "74",
                        "locator" : "65:14-65:78",
                        "dataType" : "{urn:healthit-gov:qdm:v5_6}PositiveMedicationDischarge",
                        "templateId" : "PositiveMedicationDischarge",
                        "codeProperty" : "code",
                        "codeComparator" : "in",
                        "type" : "Retrieve",
                        "codes" : {
                           "locator" : "65:40-65:77",
                           "name" : "Schedule II & III Opioid Medications",
                           "type" : "ValueSetRef"
                        }
                     },
                     "suchThat" : {
                        "localId" : "80",
                        "locator" : "66:21-66:92",
                        "type" : "In",
                        "operand" : [ {
                           "localId" : "77",
                           "locator" : "66:21-66:51",
                           "path" : "authorDatetime",
                           "scope" : "OpioidsDischarge",
                           "type" : "Property"
                        }, {
                           "localId" : "79",
                           "locator" : "66:60-66:92",
                           "path" : "relevantPeriod",
                           "scope" : "InpatientEncounter",
                           "type" : "Property"
                        } ]
                     }
                  }, {
                     "localId" : "89",
                     "locator" : "67:9-68:100",
                     "alias" : "BenzodiazepinesDischarge",
                     "type" : "With",
                     "expression" : {
                        "localId" : "82",
                        "locator" : "67:14-67:69",
                        "dataType" : "{urn:healthit-gov:qdm:v5_6}PositiveMedicationDischarge",
                        "templateId" : "PositiveMedicationDischarge",
                        "codeProperty" : "code",
                        "codeComparator" : "in",
                        "type" : "Retrieve",
                        "codes" : {
                           "locator" : "67:40-67:68",
                           "name" : "Schedule IV Benzodiazepines",
                           "type" : "ValueSetRef"
                        }
                     },
                     "suchThat" : {
                        "localId" : "88",
                        "locator" : "68:21-68:100",
                        "type" : "In",
                        "operand" : [ {
                           "localId" : "85",
                           "locator" : "68:21-68:59",
                           "path" : "authorDatetime",
                           "scope" : "BenzodiazepinesDischarge",
                           "type" : "Property"
                        }, {
                           "localId" : "87",
                           "locator" : "68:68-68:100",
                           "path" : "relevantPeriod",
                           "scope" : "InpatientEncounter",
                           "type" : "Property"
                        } ]
                     }
                  } ]
               } ]
            }
         }, {
            "localId" : "148",
            "locator" : "71:1-86:7",
            "name" : "Denominator Exclusion",
            "context" : "Patient",
            "accessLevel" : "Public",
            "annotation" : [ {
               "type" : "Annotation",
               "s" : {
                  "r" : "148",
                  "s" : [ {
                     "value" : [ "","define ","\"Denominator Exclusion\"",":\n  /*Excludes encounters of patients with cancer or who are receiving palliative or hospice care at the time of the encounter or who are discharged to another inpatient care facility or expire during the inpatient stay*/\n  " ]
                  }, {
                     "r" : "147",
                     "s" : [ {
                        "s" : [ {
                           "r" : "94",
                           "s" : [ {
                              "r" : "93",
                              "s" : [ {
                                 "s" : [ {
                                    "value" : [ "\"Inpatient Encounters with an Opioid or Benzodiazepine at Discharge\"" ]
                                 } ]
                              } ]
                           }, {
                              "value" : [ " ","InpatientEncounter" ]
                           } ]
                        } ]
                     }, {
                        "value" : [ "\n    " ]
                     }, {
                        "r" : "146",
                        "s" : [ {
                           "value" : [ "where " ]
                        }, {
                           "r" : "146",
                           "s" : [ {
                              "r" : "131",
                              "s" : [ {
                                 "r" : "112",
                                 "s" : [ {
                                    "r" : "103",
                                    "s" : [ {
                                       "value" : [ "exists " ]
                                    }, {
                                       "r" : "102",
                                       "s" : [ {
                                          "value" : [ "( " ]
                                       }, {
                                          "r" : "102",
                                          "s" : [ {
                                             "s" : [ {
                                                "r" : "96",
                                                "s" : [ {
                                                   "r" : "95",
                                                   "s" : [ {
                                                      "r" : "95",
                                                      "s" : [ {
                                                         "value" : [ "[","\"Diagnosis\"",": " ]
                                                      }, {
                                                         "s" : [ {
                                                            "value" : [ "\"All Primary and Secondary Cancer\"" ]
                                                         } ]
                                                      }, {
                                                         "value" : [ "]" ]
                                                      } ]
                                                   } ]
                                                }, {
                                                   "value" : [ " ","Cancer" ]
                                                } ]
                                             } ]
                                          }, {
                                             "value" : [ "\n        " ]
                                          }, {
                                             "r" : "101",
                                             "s" : [ {
                                                "value" : [ "where " ]
                                             }, {
                                                "r" : "101",
                                                "s" : [ {
                                                   "r" : "98",
                                                   "s" : [ {
                                                      "r" : "97",
                                                      "s" : [ {
                                                         "value" : [ "Cancer" ]
                                                      } ]
                                                   }, {
                                                      "value" : [ "." ]
                                                   }, {
                                                      "r" : "98",
                                                      "s" : [ {
                                                         "value" : [ "prevalencePeriod" ]
                                                      } ]
                                                   } ]
                                                }, {
                                                   "r" : "101",
                                                   "value" : [ " ","overlaps"," " ]
                                                }, {
                                                   "r" : "100",
                                                   "s" : [ {
                                                      "r" : "99",
                                                      "s" : [ {
                                                         "value" : [ "InpatientEncounter" ]
                                                      } ]
                                                   }, {
                                                      "value" : [ "." ]
                                                   }, {
                                                      "r" : "100",
                                                      "s" : [ {
                                                         "value" : [ "relevantPeriod" ]
                                                      } ]
                                                   } ]
                                                } ]
                                             } ]
                                          } ]
                                       }, {
                                          "value" : [ "\n    )" ]
                                       } ]
                                    } ]
                                 }, {
                                    "value" : [ "\n      or " ]
                                 }, {
                                    "r" : "111",
                                    "s" : [ {
                                       "value" : [ "exists " ]
                                    }, {
                                       "r" : "110",
                                       "s" : [ {
                                          "value" : [ "( " ]
                                       }, {
                                          "r" : "110",
                                          "s" : [ {
                                             "s" : [ {
                                                "r" : "105",
                                                "s" : [ {
                                                   "r" : "104",
                                                   "s" : [ {
                                                      "s" : [ {
                                                         "value" : [ "InpatientEncounter",".","diagnoses" ]
                                                      } ]
                                                   } ]
                                                }, {
                                                   "value" : [ " ","Diagnosis" ]
                                                } ]
                                             } ]
                                          }, {
                                             "value" : [ "\n          " ]
                                          }, {
                                             "r" : "109",
                                             "s" : [ {
                                                "value" : [ "where " ]
                                             }, {
                                                "r" : "109",
                                                "s" : [ {
                                                   "r" : "107",
                                                   "s" : [ {
                                                      "r" : "106",
                                                      "s" : [ {
                                                         "value" : [ "Diagnosis" ]
                                                      } ]
                                                   }, {
                                                      "value" : [ "." ]
                                                   }, {
                                                      "r" : "107",
                                                      "s" : [ {
                                                         "value" : [ "code" ]
                                                      } ]
                                                   } ]
                                                }, {
                                                   "value" : [ " in " ]
                                                }, {
                                                   "r" : "108",
                                                   "s" : [ {
                                                      "value" : [ "\"All Primary and Secondary Cancer\"" ]
                                                   } ]
                                                } ]
                                             } ]
                                          } ]
                                       }, {
                                          "value" : [ "\n      )" ]
                                       } ]
                                    } ]
                                 } ]
                              }, {
                                 "value" : [ "\n      or " ]
                              }, {
                                 "r" : "130",
                                 "s" : [ {
                                    "value" : [ "exists " ]
                                 }, {
                                    "r" : "129",
                                    "s" : [ {
                                       "value" : [ "( " ]
                                    }, {
                                       "r" : "129",
                                       "s" : [ {
                                          "s" : [ {
                                             "r" : "114",
                                             "s" : [ {
                                                "r" : "113",
                                                "s" : [ {
                                                   "s" : [ {
                                                      "value" : [ "\"Intervention Palliative or Hospice Care\"" ]
                                                   } ]
                                                } ]
                                             }, {
                                                "value" : [ " ","PalliativeOrHospiceCare" ]
                                             } ]
                                          } ]
                                       }, {
                                          "value" : [ "\n          " ]
                                       }, {
                                          "r" : "128",
                                          "s" : [ {
                                             "value" : [ "where " ]
                                          }, {
                                             "r" : "128",
                                             "s" : [ {
                                                "r" : "124",
                                                "s" : [ {
                                                   "value" : [ "Coalesce","(" ]
                                                }, {
                                                   "r" : "121",
                                                   "s" : [ {
                                                      "value" : [ "start of " ]
                                                   }, {
                                                      "r" : "120",
                                                      "s" : [ {
                                                         "r" : "115",
                                                         "s" : [ {
                                                            "value" : [ "Global" ]
                                                         } ]
                                                      }, {
                                                         "value" : [ "." ]
                                                      }, {
                                                         "r" : "120",
                                                         "s" : [ {
                                                            "value" : [ "\"NormalizeInterval\"","(" ]
                                                         }, {
                                                            "r" : "117",
                                                            "s" : [ {
                                                               "r" : "116",
                                                               "s" : [ {
                                                                  "value" : [ "PalliativeOrHospiceCare" ]
                                                               } ]
                                                            }, {
                                                               "value" : [ "." ]
                                                            }, {
                                                               "r" : "117",
                                                               "s" : [ {
                                                                  "value" : [ "relevantDatetime" ]
                                                               } ]
                                                            } ]
                                                         }, {
                                                            "value" : [ ", " ]
                                                         }, {
                                                            "r" : "119",
                                                            "s" : [ {
                                                               "r" : "118",
                                                               "s" : [ {
                                                                  "value" : [ "PalliativeOrHospiceCare" ]
                                                               } ]
                                                            }, {
                                                               "value" : [ "." ]
                                                            }, {
                                                               "r" : "119",
                                                               "s" : [ {
                                                                  "value" : [ "relevantPeriod" ]
                                                               } ]
                                                            } ]
                                                         }, {
                                                            "value" : [ ")" ]
                                                         } ]
                                                      } ]
                                                   } ]
                                                }, {
                                                   "value" : [ ", " ]
                                                }, {
                                                   "r" : "123",
                                                   "s" : [ {
                                                      "r" : "122",
                                                      "s" : [ {
                                                         "value" : [ "PalliativeOrHospiceCare" ]
                                                      } ]
                                                   }, {
                                                      "value" : [ "." ]
                                                   }, {
                                                      "r" : "123",
                                                      "s" : [ {
                                                         "value" : [ "authorDatetime" ]
                                                      } ]
                                                   } ]
                                                }, {
                                                   "value" : [ ")" ]
                                                } ]
                                             }, {
                                                "r" : "128",
                                                "value" : [ "during"," " ]
                                             }, {
                                                "r" : "127",
                                                "s" : [ {
                                                   "r" : "125",
                                                   "s" : [ {
                                                      "value" : [ "Global" ]
                                                   } ]
                                                }, {
                                                   "value" : [ "." ]
                                                }, {
                                                   "r" : "127",
                                                   "s" : [ {
                                                      "value" : [ "\"HospitalizationWithObservation\""," ( " ]
                                                   }, {
                                                      "r" : "126",
                                                      "s" : [ {
                                                         "value" : [ "InpatientEncounter" ]
                                                      } ]
                                                   }, {
                                                      "value" : [ " )" ]
                                                   } ]
                                                } ]
                                             } ]
                                          } ]
                                       } ]
                                    }, {
                                       "value" : [ "\n      )" ]
                                    } ]
                                 } ]
                              } ]
                           }, {
                              "value" : [ "\n      or " ]
                           }, {
                              "r" : "145",
                              "s" : [ {
                                 "value" : [ "( " ]
                              }, {
                                 "r" : "145",
                                 "s" : [ {
                                    "r" : "140",
                                    "s" : [ {
                                       "r" : "135",
                                       "s" : [ {
                                          "r" : "133",
                                          "s" : [ {
                                             "r" : "132",
                                             "s" : [ {
                                                "value" : [ "InpatientEncounter" ]
                                             } ]
                                          }, {
                                             "value" : [ "." ]
                                          }, {
                                             "r" : "133",
                                             "s" : [ {
                                                "value" : [ "dischargeDisposition" ]
                                             } ]
                                          } ]
                                       }, {
                                          "value" : [ " in " ]
                                       }, {
                                          "r" : "134",
                                          "s" : [ {
                                             "value" : [ "\"Discharge To Acute Care Facility\"" ]
                                          } ]
                                       } ]
                                    }, {
                                       "value" : [ "\n          or " ]
                                    }, {
                                       "r" : "139",
                                       "s" : [ {
                                          "r" : "137",
                                          "s" : [ {
                                             "r" : "136",
                                             "s" : [ {
                                                "value" : [ "InpatientEncounter" ]
                                             } ]
                                          }, {
                                             "value" : [ "." ]
                                          }, {
                                             "r" : "137",
                                             "s" : [ {
                                                "value" : [ "dischargeDisposition" ]
                                             } ]
                                          } ]
                                       }, {
                                          "value" : [ " in " ]
                                       }, {
                                          "r" : "138",
                                          "s" : [ {
                                             "value" : [ "\"Hospice Care Referral or Admission\"" ]
                                          } ]
                                       } ]
                                    } ]
                                 }, {
                                    "value" : [ "\n          or " ]
                                 }, {
                                    "r" : "144",
                                    "s" : [ {
                                       "r" : "142",
                                       "s" : [ {
                                          "r" : "141",
                                          "s" : [ {
                                             "value" : [ "InpatientEncounter" ]
                                          } ]
                                       }, {
                                          "value" : [ "." ]
                                       }, {
                                          "r" : "142",
                                          "s" : [ {
                                             "value" : [ "dischargeDisposition" ]
                                          } ]
                                       } ]
                                    }, {
                                       "value" : [ " in " ]
                                    }, {
                                       "r" : "143",
                                       "s" : [ {
                                          "value" : [ "\"Patient Expired\"" ]
                                       } ]
                                    } ]
                                 } ]
                              }, {
                                 "value" : [ "\n      )" ]
                              } ]
                           } ]
                        } ]
                     } ]
                  } ]
               }
            } ],
            "expression" : {
               "localId" : "147",
               "locator" : "73:3-86:7",
               "type" : "Query",
               "source" : [ {
                  "localId" : "94",
                  "locator" : "73:3-73:89",
                  "alias" : "InpatientEncounter",
                  "expression" : {
                     "localId" : "93",
                     "locator" : "73:3-73:70",
                     "name" : "Inpatient Encounters with an Opioid or Benzodiazepine at Discharge",
                     "type" : "ExpressionRef"
                  }
               } ],
               "relationship" : [ ],
               "where" : {
                  "localId" : "146",
                  "locator" : "74:5-86:7",
                  "type" : "Or",
                  "operand" : [ {
                     "localId" : "131",
                     "locator" : "74:11-82:7",
                     "type" : "Or",
                     "operand" : [ {
                        "localId" : "112",
                        "locator" : "74:11-79:7",
                        "type" : "Or",
                        "operand" : [ {
                           "localId" : "103",
                           "locator" : "74:11-76:5",
                           "type" : "Exists",
                           "operand" : {
                              "localId" : "102",
                              "locator" : "74:18-76:5",
                              "type" : "Query",
                              "source" : [ {
                                 "localId" : "96",
                                 "locator" : "74:20-74:75",
                                 "alias" : "Cancer",
                                 "expression" : {
                                    "localId" : "95",
                                    "locator" : "74:20-74:68",
                                    "dataType" : "{urn:healthit-gov:qdm:v5_6}Diagnosis",
                                    "codeProperty" : "code",
                                    "codeComparator" : "in",
                                    "type" : "Retrieve",
                                    "codes" : {
                                       "locator" : "74:34-74:67",
                                       "name" : "All Primary and Secondary Cancer",
                                       "type" : "ValueSetRef"
                                    }
                                 }
                              } ],
                              "relationship" : [ ],
                              "where" : {
                                 "localId" : "101",
                                 "locator" : "75:9-75:80",
                                 "type" : "Overlaps",
                                 "operand" : [ {
                                    "localId" : "98",
                                    "locator" : "75:15-75:37",
                                    "path" : "prevalencePeriod",
                                    "scope" : "Cancer",
                                    "type" : "Property"
                                 }, {
                                    "localId" : "100",
                                    "locator" : "75:48-75:80",
                                    "path" : "relevantPeriod",
                                    "scope" : "InpatientEncounter",
                                    "type" : "Property"
                                 } ]
                              }
                           }
                        }, {
                           "localId" : "111",
                           "locator" : "77:10-79:7",
                           "type" : "Exists",
                           "operand" : {
                              "localId" : "110",
                              "locator" : "77:17-79:7",
                              "type" : "Query",
                              "source" : [ {
                                 "localId" : "105",
                                 "locator" : "77:19-77:56",
                                 "alias" : "Diagnosis",
                                 "expression" : {
                                    "localId" : "104",
                                    "locator" : "77:19-77:46",
                                    "path" : "diagnoses",
                                    "scope" : "InpatientEncounter",
                                    "type" : "Property"
                                 }
                              } ],
                              "relationship" : [ ],
                              "where" : {
                                 "localId" : "109",
                                 "locator" : "78:11-78:68",
                                 "type" : "InValueSet",
                                 "code" : {
                                    "localId" : "107",
                                    "locator" : "78:17-78:30",
                                    "path" : "code",
                                    "scope" : "Diagnosis",
                                    "type" : "Property"
                                 },
                                 "valueset" : {
                                    "localId" : "108",
                                    "locator" : "78:35-78:68",
                                    "name" : "All Primary and Secondary Cancer",
                                    "type" : "ValueSetRef"
                                 }
                              }
                           }
                        } ]
                     }, {
                        "localId" : "130",
                        "locator" : "80:10-82:7",
                        "type" : "Exists",
                        "operand" : {
                           "localId" : "129",
                           "locator" : "80:17-82:7",
                           "type" : "Query",
                           "source" : [ {
                              "localId" : "114",
                              "locator" : "80:19-80:83",
                              "alias" : "PalliativeOrHospiceCare",
                              "expression" : {
                                 "localId" : "113",
                                 "locator" : "80:19-80:59",
                                 "name" : "Intervention Palliative or Hospice Care",
                                 "type" : "ExpressionRef"
                              }
                           } ],
                           "relationship" : [ ],
                           "where" : {
                              "localId" : "128",
                              "locator" : "81:11-81:252",
                              "type" : "In",
                              "operand" : [ {
                                 "localId" : "124",
                                 "locator" : "81:17-81:183",
                                 "type" : "Coalesce",
                                 "operand" : [ {
                                    "localId" : "121",
                                    "locator" : "81:26-81:142",
                                    "type" : "Start",
                                    "operand" : {
                                       "localId" : "120",
                                       "locator" : "81:35-81:142",
                                       "name" : "NormalizeInterval",
                                       "libraryName" : "Global",
                                       "type" : "FunctionRef",
                                       "operand" : [ {
                                          "localId" : "117",
                                          "locator" : "81:62-81:101",
                                          "path" : "relevantDatetime",
                                          "scope" : "PalliativeOrHospiceCare",
                                          "type" : "Property"
                                       }, {
                                          "localId" : "119",
                                          "locator" : "81:104-81:141",
                                          "path" : "relevantPeriod",
                                          "scope" : "PalliativeOrHospiceCare",
                                          "type" : "Property"
                                       } ]
                                    }
                                 }, {
                                    "localId" : "123",
                                    "locator" : "81:145-81:182",
                                    "path" : "authorDatetime",
                                    "scope" : "PalliativeOrHospiceCare",
                                    "type" : "Property"
                                 } ]
                              }, {
                                 "localId" : "127",
                                 "locator" : "81:191-81:252",
                                 "name" : "HospitalizationWithObservation",
                                 "libraryName" : "Global",
                                 "type" : "FunctionRef",
                                 "operand" : [ {
                                    "localId" : "126",
                                    "locator" : "81:233-81:250",
                                    "name" : "InpatientEncounter",
                                    "type" : "AliasRef"
                                 } ]
                              } ]
                           }
                        }
                     } ]
                  }, {
                     "localId" : "145",
                     "locator" : "83:10-86:7",
                     "type" : "Or",
                     "operand" : [ {
                        "localId" : "140",
                        "locator" : "83:12-84:92",
                        "type" : "Or",
                        "operand" : [ {
                           "localId" : "135",
                           "locator" : "83:12-83:88",
                           "type" : "InValueSet",
                           "code" : {
                              "localId" : "133",
                              "locator" : "83:12-83:50",
                              "path" : "dischargeDisposition",
                              "scope" : "InpatientEncounter",
                              "type" : "Property"
                           },
                           "valueset" : {
                              "localId" : "134",
                              "locator" : "83:55-83:88",
                              "name" : "Discharge To Acute Care Facility",
                              "type" : "ValueSetRef"
                           }
                        }, {
                           "localId" : "139",
                           "locator" : "84:14-84:92",
                           "type" : "InValueSet",
                           "code" : {
                              "localId" : "137",
                              "locator" : "84:14-84:52",
                              "path" : "dischargeDisposition",
                              "scope" : "InpatientEncounter",
                              "type" : "Property"
                           },
                           "valueset" : {
                              "localId" : "138",
                              "locator" : "84:57-84:92",
                              "name" : "Hospice Care Referral or Admission",
                              "type" : "ValueSetRef"
                           }
                        } ]
                     }, {
                        "localId" : "144",
                        "locator" : "85:14-85:73",
                        "type" : "InValueSet",
                        "code" : {
                           "localId" : "142",
                           "locator" : "85:14-85:52",
                           "path" : "dischargeDisposition",
                           "scope" : "InpatientEncounter",
                           "type" : "Property"
                        },
                        "valueset" : {
                           "localId" : "143",
                           "locator" : "85:57-85:73",
                           "name" : "Patient Expired",
                           "type" : "ValueSetRef"
                        }
                     } ]
                  } ]
               }
            }
         } ]
      }
   }
}