{
   "library" : {
      "annotation" : [ {
         "translatorOptions" : "EnableAnnotations,EnableLocators,DisableListDemotion,DisableListPromotion,DisableMethodInvocation",
         "type" : "CqlToElmInfo"
      }, {
         "type" : "Annotation",
         "s" : {
            "r" : "98",
            "s" : [ {
               "value" : [ "","library FallsScreeningForFutureFallRisk version '12.0.000'" ]
            } ]
         }
      } ],
      "identifier" : {
         "id" : "FallsScreeningForFutureFallRisk",
         "version" : "12.0.000"
      },
      "schemaIdentifier" : {
         "id" : "urn:hl7-org:elm",
         "version" : "r1"
      },
      "usings" : {
         "def" : [ {
            "localIdentifier" : "System",
            "uri" : "urn:hl7-org:elm-types:r1"
         }, {
            "localId" : "1",
            "locator" : "3:1-3:23",
            "localIdentifier" : "QDM",
            "uri" : "urn:healthit-gov:qdm:v5_6",
            "version" : "5.6",
            "annotation" : [ {
               "type" : "Annotation",
               "s" : {
                  "r" : "1",
                  "s" : [ {
                     "value" : [ "","using " ]
                  }, {
                     "s" : [ {
                        "value" : [ "QDM" ]
                     } ]
                  }, {
                     "value" : [ " version ","'5.6'" ]
                  } ]
               }
            } ]
         } ]
      },
      "includes" : {
         "def" : [ {
            "localId" : "2",
            "locator" : "5:1-5:64",
            "localIdentifier" : "Global",
            "path" : "MATGlobalCommonFunctions",
            "version" : "7.0.000",
            "annotation" : [ {
               "type" : "Annotation",
               "s" : {
                  "r" : "2",
                  "s" : [ {
                     "value" : [ "","include " ]
                  }, {
                     "s" : [ {
                        "value" : [ "MATGlobalCommonFunctions" ]
                     } ]
                  }, {
                     "value" : [ " version ","'7.0.000'"," called ","Global" ]
                  } ]
               }
            } ]
         }, {
            "localId" : "3",
            "locator" : "6:1-6:48",
            "localIdentifier" : "Hospice",
            "path" : "Hospice",
            "version" : "5.0.000",
            "annotation" : [ {
               "type" : "Annotation",
               "s" : {
                  "r" : "3",
                  "s" : [ {
                     "value" : [ "","include " ]
                  }, {
                     "s" : [ {
                        "value" : [ "Hospice" ]
                     } ]
                  }, {
                     "value" : [ " version ","'5.0.000'"," called ","Hospice" ]
                  } ]
               }
            } ]
         } ]
      },
      "parameters" : {
         "def" : [ {
            "localId" : "26",
            "locator" : "29:1-29:49",
            "name" : "Measurement Period",
            "accessLevel" : "Public",
            "annotation" : [ {
               "type" : "Annotation",
               "s" : {
                  "r" : "26",
                  "s" : [ {
                     "value" : [ "","parameter ","\"Measurement Period\""," " ]
                  }, {
                     "r" : "25",
                     "s" : [ {
                        "value" : [ "Interval<" ]
                     }, {
                        "r" : "24",
                        "s" : [ {
                           "value" : [ "DateTime" ]
                        } ]
                     }, {
                        "value" : [ ">" ]
                     } ]
                  } ]
               }
            } ],
            "parameterTypeSpecifier" : {
               "localId" : "25",
               "locator" : "29:32-29:49",
               "type" : "IntervalTypeSpecifier",
               "pointType" : {
                  "localId" : "24",
                  "locator" : "29:41-29:48",
                  "name" : "{urn:hl7-org:elm-types:r1}DateTime",
                  "type" : "NamedTypeSpecifier"
               }
            }
         } ]
      },
      "valueSets" : {
         "def" : [ {
            "localId" : "4",
            "locator" : "8:1-8:74",
            "name" : "Annual Wellness Visit",
            "id" : "urn:oid:2.16.840.1.113883.3.526.3.1240",
            "accessLevel" : "Public",
            "annotation" : [ {
               "type" : "Annotation",
               "s" : {
                  "r" : "4",
                  "s" : [ {
                     "value" : [ "","valueset ","\"Annual Wellness Visit\"",": ","'urn:oid:2.16.840.1.113883.3.526.3.1240'" ]
                  } ]
               }
            } ]
         }, {
            "localId" : "5",
            "locator" : "9:1-9:78",
            "name" : "Audiology Visit",
            "id" : "urn:oid:2.16.840.1.113883.3.464.1003.101.12.1066",
            "accessLevel" : "Public",
            "annotation" : [ {
               "type" : "Annotation",
               "s" : {
                  "r" : "5",
                  "s" : [ {
                     "value" : [ "","valueset ","\"Audiology Visit\"",": ","'urn:oid:2.16.840.1.113883.3.464.1003.101.12.1066'" ]
                  } ]
               }
            } ]
         }, {
            "localId" : "6",
            "locator" : "10:1-10:110",
            "name" : "Care Services in Long Term Residential Facility",
            "id" : "urn:oid:2.16.840.1.113883.3.464.1003.101.12.1014",
            "accessLevel" : "Public",
            "annotation" : [ {
               "type" : "Annotation",
               "s" : {
                  "r" : "6",
                  "s" : [ {
                     "value" : [ "","valueset ","\"Care Services in Long Term Residential Facility\"",": ","'urn:oid:2.16.840.1.113883.3.464.1003.101.12.1014'" ]
                  } ]
               }
            } ]
         }, {
            "localId" : "7",
            "locator" : "11:1-11:98",
            "name" : "Discharge Services Nursing Facility",
            "id" : "urn:oid:2.16.840.1.113883.3.464.1003.101.12.1013",
            "accessLevel" : "Public",
            "annotation" : [ {
               "type" : "Annotation",
               "s" : {
                  "r" : "7",
                  "s" : [ {
                     "value" : [ "","valueset ","\"Discharge Services Nursing Facility\"",": ","'urn:oid:2.16.840.1.113883.3.464.1003.101.12.1013'" ]
                  } ]
               }
            } ]
         }, {
            "localId" : "8",
            "locator" : "12:1-12:58",
            "name" : "Ethnicity",
            "id" : "urn:oid:2.16.840.1.114222.4.11.837",
            "accessLevel" : "Public",
            "annotation" : [ {
               "type" : "Annotation",
               "s" : {
                  "r" : "8",
                  "s" : [ {
                     "value" : [ "","valueset ","\"Ethnicity\"",": ","'urn:oid:2.16.840.1.114222.4.11.837'" ]
                  } ]
               }
            } ]
         }, {
            "localId" : "9",
            "locator" : "13:1-13:78",
            "name" : "Falls Screening",
            "id" : "urn:oid:2.16.840.1.113883.3.464.1003.118.12.1028",
            "accessLevel" : "Public",
            "annotation" : [ {
               "type" : "Annotation",
               "s" : {
                  "r" : "9",
                  "s" : [ {
                     "value" : [ "","valueset ","\"Falls Screening\"",": ","'urn:oid:2.16.840.1.113883.3.464.1003.118.12.1028'" ]
                  } ]
               }
            } ]
         }, {
            "localId" : "10",
            "locator" : "14:1-14:87",
            "name" : "Home Healthcare Services",
            "id" : "urn:oid:2.16.840.1.113883.3.464.1003.101.12.1016",
            "accessLevel" : "Public",
            "annotation" : [ {
               "type" : "Annotation",
               "s" : {
                  "r" : "10",
                  "s" : [ {
                     "value" : [ "","valueset ","\"Home Healthcare Services\"",": ","'urn:oid:2.16.840.1.113883.3.464.1003.101.12.1016'" ]
                  } ]
               }
            } ]
         }, {
            "localId" : "11",
            "locator" : "15:1-15:85",
            "name" : "Nursing Facility Visit",
            "id" : "urn:oid:2.16.840.1.113883.3.464.1003.101.12.1012",
            "accessLevel" : "Public",
            "annotation" : [ {
               "type" : "Annotation",
               "s" : {
                  "r" : "11",
                  "s" : [ {
                     "value" : [ "","valueset ","\"Nursing Facility Visit\"",": ","'urn:oid:2.16.840.1.113883.3.464.1003.101.12.1012'" ]
                  } ]
               }
            } ]
         }, {
            "localId" : "12",
            "locator" : "16:1-16:84",
            "name" : "Occupational Therapy Evaluation",
            "id" : "urn:oid:2.16.840.1.113883.3.526.3.1011",
            "accessLevel" : "Public",
            "annotation" : [ {
               "type" : "Annotation",
               "s" : {
                  "r" : "12",
                  "s" : [ {
                     "value" : [ "","valueset ","\"Occupational Therapy Evaluation\"",": ","'urn:oid:2.16.840.1.113883.3.526.3.1011'" ]
                  } ]
               }
            } ]
         }, {
            "localId" : "13",
            "locator" : "17:1-17:75",
            "name" : "Office Visit",
            "id" : "urn:oid:2.16.840.1.113883.3.464.1003.101.12.1001",
            "accessLevel" : "Public",
            "annotation" : [ {
               "type" : "Annotation",
               "s" : {
                  "r" : "13",
                  "s" : [ {
                     "value" : [ "","valueset ","\"Office Visit\"",": ","'urn:oid:2.16.840.1.113883.3.464.1003.101.12.1001'" ]
                  } ]
               }
            } ]
         }, {
            "localId" : "14",
            "locator" : "18:1-18:68",
            "name" : "ONC Administrative Sex",
            "id" : "urn:oid:2.16.840.1.113762.1.4.1",
            "accessLevel" : "Public",
            "annotation" : [ {
               "type" : "Annotation",
               "s" : {
                  "r" : "14",
                  "s" : [ {
                     "value" : [ "","valueset ","\"ONC Administrative Sex\"",": ","'urn:oid:2.16.840.1.113762.1.4.1'" ]
                  } ]
               }
            } ]
         }, {
            "localId" : "15",
            "locator" : "19:1-19:81",
            "name" : "Online Assessments",
            "id" : "urn:oid:2.16.840.1.113883.3.464.1003.101.12.1089",
            "accessLevel" : "Public",
            "annotation" : [ {
               "type" : "Annotation",
               "s" : {
                  "r" : "15",
                  "s" : [ {
                     "value" : [ "","valueset ","\"Online Assessments\"",": ","'urn:oid:2.16.840.1.113883.3.464.1003.101.12.1089'" ]
                  } ]
               }
            } ]
         }, {
            "localId" : "16",
            "locator" : "20:1-20:78",
            "name" : "Ophthalmological Services",
            "id" : "urn:oid:2.16.840.1.113883.3.526.3.1285",
            "accessLevel" : "Public",
            "annotation" : [ {
               "type" : "Annotation",
               "s" : {
                  "r" : "16",
                  "s" : [ {
                     "value" : [ "","valueset ","\"Ophthalmological Services\"",": ","'urn:oid:2.16.840.1.113883.3.526.3.1285'" ]
                  } ]
               }
            } ]
         }, {
            "localId" : "17",
            "locator" : "21:1-21:55",
            "name" : "Payer",
            "id" : "urn:oid:2.16.840.1.114222.4.11.3591",
            "accessLevel" : "Public",
            "annotation" : [ {
               "type" : "Annotation",
               "s" : {
                  "r" : "17",
                  "s" : [ {
                     "value" : [ "","valueset ","\"Payer\"",": ","'urn:oid:2.16.840.1.114222.4.11.3591'" ]
                  } ]
               }
            } ]
         }, {
            "localId" : "18",
            "locator" : "22:1-22:80",
            "name" : "Physical Therapy Evaluation",
            "id" : "urn:oid:2.16.840.1.113883.3.526.3.1022",
            "accessLevel" : "Public",
            "annotation" : [ {
               "type" : "Annotation",
               "s" : {
                  "r" : "18",
                  "s" : [ {
                     "value" : [ "","valueset ","\"Physical Therapy Evaluation\"",": ","'urn:oid:2.16.840.1.113883.3.526.3.1022'" ]
                  } ]
               }
            } ]
         }, {
            "localId" : "19",
            "locator" : "23:1-23:123",
            "name" : "Preventive Care Services Established Office Visit, 18 and Up",
            "id" : "urn:oid:2.16.840.1.113883.3.464.1003.101.12.1025",
            "accessLevel" : "Public",
            "annotation" : [ {
               "type" : "Annotation",
               "s" : {
                  "r" : "19",
                  "s" : [ {
                     "value" : [ "","valueset ","\"Preventive Care Services Established Office Visit, 18 and Up\"",": ","'urn:oid:2.16.840.1.113883.3.464.1003.101.12.1025'" ]
                  } ]
               }
            } ]
         }, {
            "localId" : "20",
            "locator" : "24:1-24:109",
            "name" : "Preventive Care Services Individual Counseling",
            "id" : "urn:oid:2.16.840.1.113883.3.464.1003.101.12.1026",
            "accessLevel" : "Public",
            "annotation" : [ {
               "type" : "Annotation",
               "s" : {
                  "r" : "20",
                  "s" : [ {
                     "value" : [ "","valueset ","\"Preventive Care Services Individual Counseling\"",": ","'urn:oid:2.16.840.1.113883.3.464.1003.101.12.1026'" ]
                  } ]
               }
            } ]
         }, {
            "localId" : "21",
            "locator" : "25:1-25:119",
            "name" : "Preventive Care Services Initial Office Visit, 18 and Up",
            "id" : "urn:oid:2.16.840.1.113883.3.464.1003.101.12.1023",
            "accessLevel" : "Public",
            "annotation" : [ {
               "type" : "Annotation",
               "s" : {
                  "r" : "21",
                  "s" : [ {
                     "value" : [ "","valueset ","\"Preventive Care Services Initial Office Visit, 18 and Up\"",": ","'urn:oid:2.16.840.1.113883.3.464.1003.101.12.1023'" ]
                  } ]
               }
            } ]
         }, {
            "localId" : "22",
            "locator" : "26:1-26:53",
            "name" : "Race",
            "id" : "urn:oid:2.16.840.1.114222.4.11.836",
            "accessLevel" : "Public",
            "annotation" : [ {
               "type" : "Annotation",
               "s" : {
                  "r" : "22",
                  "s" : [ {
                     "value" : [ "","valueset ","\"Race\"",": ","'urn:oid:2.16.840.1.114222.4.11.836'" ]
                  } ]
               }
            } ]
         }, {
            "localId" : "23",
            "locator" : "27:1-27:79",
            "name" : "Telephone Visits",
            "id" : "urn:oid:2.16.840.1.113883.3.464.1003.101.12.1080",
            "accessLevel" : "Public",
            "annotation" : [ {
               "type" : "Annotation",
               "s" : {
                  "r" : "23",
                  "s" : [ {
                     "value" : [ "","valueset ","\"Telephone Visits\"",": ","'urn:oid:2.16.840.1.113883.3.464.1003.101.12.1080'" ]
                  } ]
               }
            } ]
         } ]
      },
      "contexts" : {
         "def" : [ {
            "locator" : "31:1-31:15",
            "name" : "Patient"
         } ]
      },
      "statements" : {
         "def" : [ {
            "locator" : "31:1-31:15",
            "name" : "Patient",
            "context" : "Patient",
            "expression" : {
               "type" : "SingletonFrom",
               "operand" : {
                  "locator" : "31:1-31:15",
                  "dataType" : "{urn:healthit-gov:qdm:v5_6}Patient",
                  "templateId" : "Patient",
                  "type" : "Retrieve"
               }
            }
         }, {
            "localId" : "68",
            "locator" : "43:1-59:75",
            "name" : "Qualifying Encounter",
            "context" : "Patient",
            "accessLevel" : "Public",
            "annotation" : [ {
               "type" : "Annotation",
               "s" : {
                  "r" : "68",
                  "s" : [ {
                     "value" : [ "","define ","\"Qualifying Encounter\"",":\n  " ]
                  }, {
                     "r" : "67",
                     "s" : [ {
                        "s" : [ {
                           "r" : "62",
                           "s" : [ {
                              "r" : "61",
                              "s" : [ {
                                 "value" : [ "( " ]
                              }, {
                                 "r" : "61",
                                 "s" : [ {
                                    "r" : "59",
                                    "s" : [ {
                                       "r" : "57",
                                       "s" : [ {
                                          "r" : "55",
                                          "s" : [ {
                                             "r" : "53",
                                             "s" : [ {
                                                "r" : "51",
                                                "s" : [ {
                                                   "r" : "49",
                                                   "s" : [ {
                                                      "r" : "47",
                                                      "s" : [ {
                                                         "r" : "45",
                                                         "s" : [ {
                                                            "r" : "43",
                                                            "s" : [ {
                                                               "r" : "41",
                                                               "s" : [ {
                                                                  "r" : "39",
                                                                  "s" : [ {
                                                                     "r" : "37",
                                                                     "s" : [ {
                                                                        "r" : "35",
                                                                        "s" : [ {
                                                                           "r" : "33",
                                                                           "s" : [ {
                                                                              "value" : [ "[","\"Encounter, Performed\"",": " ]
                                                                           }, {
                                                                              "s" : [ {
                                                                                 "value" : [ "\"Office Visit\"" ]
                                                                              } ]
                                                                           }, {
                                                                              "value" : [ "]" ]
                                                                           } ]
                                                                        }, {
                                                                           "value" : [ "\n    union " ]
                                                                        }, {
                                                                           "r" : "34",
                                                                           "s" : [ {
                                                                              "value" : [ "[","\"Encounter, Performed\"",": " ]
                                                                           }, {
                                                                              "s" : [ {
                                                                                 "value" : [ "\"Annual Wellness Visit\"" ]
                                                                              } ]
                                                                           }, {
                                                                              "value" : [ "]" ]
                                                                           } ]
                                                                        } ]
                                                                     }, {
                                                                        "value" : [ "\n    union " ]
                                                                     }, {
                                                                        "r" : "36",
                                                                        "s" : [ {
                                                                           "value" : [ "[","\"Encounter, Performed\"",": " ]
                                                                        }, {
                                                                           "s" : [ {
                                                                              "value" : [ "\"Preventive Care Services Established Office Visit, 18 and Up\"" ]
                                                                           } ]
                                                                        }, {
                                                                           "value" : [ "]" ]
                                                                        } ]
                                                                     } ]
                                                                  }, {
                                                                     "value" : [ "\n    union " ]
                                                                  }, {
                                                                     "r" : "38",
                                                                     "s" : [ {
                                                                        "value" : [ "[","\"Encounter, Performed\"",": " ]
                                                                     }, {
                                                                        "s" : [ {
                                                                           "value" : [ "\"Preventive Care Services Initial Office Visit, 18 and Up\"" ]
                                                                        } ]
                                                                     }, {
                                                                        "value" : [ "]" ]
                                                                     } ]
                                                                  } ]
                                                               }, {
                                                                  "value" : [ "\n    union " ]
                                                               }, {
                                                                  "r" : "40",
                                                                  "s" : [ {
                                                                     "value" : [ "[","\"Encounter, Performed\"",": " ]
                                                                  }, {
                                                                     "s" : [ {
                                                                        "value" : [ "\"Home Healthcare Services\"" ]
                                                                     } ]
                                                                  }, {
                                                                     "value" : [ "]" ]
                                                                  } ]
                                                               } ]
                                                            }, {
                                                               "value" : [ "\n    union " ]
                                                            }, {
                                                               "r" : "42",
                                                               "s" : [ {
                                                                  "value" : [ "[","\"Encounter, Performed\"",": " ]
                                                               }, {
                                                                  "s" : [ {
                                                                     "value" : [ "\"Ophthalmological Services\"" ]
                                                                  } ]
                                                               }, {
                                                                  "value" : [ "]" ]
                                                               } ]
                                                            } ]
                                                         }, {
                                                            "value" : [ "\n    union " ]
                                                         }, {
                                                            "r" : "44",
                                                            "s" : [ {
                                                               "value" : [ "[","\"Encounter, Performed\"",": " ]
                                                            }, {
                                                               "s" : [ {
                                                                  "value" : [ "\"Preventive Care Services Individual Counseling\"" ]
                                                               } ]
                                                            }, {
                                                               "value" : [ "]" ]
                                                            } ]
                                                         } ]
                                                      }, {
                                                         "value" : [ "\n    union " ]
                                                      }, {
                                                         "r" : "46",
                                                         "s" : [ {
                                                            "value" : [ "[","\"Encounter, Performed\"",": " ]
                                                         }, {
                                                            "s" : [ {
                                                               "value" : [ "\"Discharge Services Nursing Facility\"" ]
                                                            } ]
                                                         }, {
                                                            "value" : [ "]" ]
                                                         } ]
                                                      } ]
                                                   }, {
                                                      "value" : [ "\n    union " ]
                                                   }, {
                                                      "r" : "48",
                                                      "s" : [ {
                                                         "value" : [ "[","\"Encounter, Performed\"",": " ]
                                                      }, {
                                                         "s" : [ {
                                                            "value" : [ "\"Nursing Facility Visit\"" ]
                                                         } ]
                                                      }, {
                                                         "value" : [ "]" ]
                                                      } ]
                                                   } ]
                                                }, {
                                                   "value" : [ "\n    union " ]
                                                }, {
                                                   "r" : "50",
                                                   "s" : [ {
                                                      "value" : [ "[","\"Encounter, Performed\"",": " ]
                                                   }, {
                                                      "s" : [ {
                                                         "value" : [ "\"Care Services in Long Term Residential Facility\"" ]
                                                      } ]
                                                   }, {
                                                      "value" : [ "]" ]
                                                   } ]
                                                } ]
                                             }, {
                                                "value" : [ "\n    union " ]
                                             }, {
                                                "r" : "52",
                                                "s" : [ {
                                                   "value" : [ "[","\"Encounter, Performed\"",": " ]
                                                }, {
                                                   "s" : [ {
                                                      "value" : [ "\"Audiology Visit\"" ]
                                                   } ]
                                                }, {
                                                   "value" : [ "]" ]
                                                } ]
                                             } ]
                                          }, {
                                             "value" : [ "\n    union " ]
                                          }, {
                                             "r" : "54",
                                             "s" : [ {
                                                "value" : [ "[","\"Encounter, Performed\"",": " ]
                                             }, {
                                                "s" : [ {
                                                   "value" : [ "\"Telephone Visits\"" ]
                                                } ]
                                             }, {
                                                "value" : [ "]" ]
                                             } ]
                                          } ]
                                       }, {
                                          "value" : [ "\n    union " ]
                                       }, {
                                          "r" : "56",
                                          "s" : [ {
                                             "value" : [ "[","\"Encounter, Performed\"",": " ]
                                          }, {
                                             "s" : [ {
                                                "value" : [ "\"Online Assessments\"" ]
                                             } ]
                                          }, {
                                             "value" : [ "]" ]
                                          } ]
                                       } ]
                                    }, {
                                       "value" : [ "\n    union " ]
                                    }, {
                                       "r" : "58",
                                       "s" : [ {
                                          "value" : [ "[","\"Encounter, Performed\"",": " ]
                                       }, {
                                          "s" : [ {
                                             "value" : [ "\"Physical Therapy Evaluation\"" ]
                                          } ]
                                       }, {
                                          "value" : [ "]" ]
                                       } ]
                                    } ]
                                 }, {
                                    "value" : [ "\n    union " ]
                                 }, {
                                    "r" : "60",
                                    "s" : [ {
                                       "value" : [ "[","\"Encounter, Performed\"",": " ]
                                    }, {
                                       "s" : [ {
                                          "value" : [ "\"Occupational Therapy Evaluation\"" ]
                                       } ]
                                    }, {
                                       "value" : [ "]" ]
                                    } ]
                                 } ]
                              }, {
                                 "value" : [ " )" ]
                              } ]
                           }, {
                              "value" : [ " ","ValidEncounters" ]
                           } ]
                        } ]
                     }, {
                        "value" : [ "\n    " ]
                     }, {
                        "r" : "66",
                        "s" : [ {
                           "value" : [ "where " ]
                        }, {
                           "r" : "66",
                           "s" : [ {
                              "r" : "64",
                              "s" : [ {
                                 "r" : "63",
                                 "s" : [ {
                                    "value" : [ "ValidEncounters" ]
                                 } ]
                              }, {
                                 "value" : [ "." ]
                              }, {
                                 "r" : "64",
                                 "s" : [ {
                                    "value" : [ "relevantPeriod" ]
                                 } ]
                              } ]
                           }, {
                              "r" : "66",
                              "value" : [ " ","during day of"," " ]
                           }, {
                              "r" : "65",
                              "s" : [ {
                                 "value" : [ "\"Measurement Period\"" ]
                              } ]
                           } ]
                        } ]
                     } ]
                  } ]
               }
            } ],
            "expression" : {
               "localId" : "67",
               "locator" : "44:3-59:75",
               "type" : "Query",
               "source" : [ {
                  "localId" : "62",
                  "locator" : "44:3-58:87",
                  "alias" : "ValidEncounters",
                  "expression" : {
                     "localId" : "61",
                     "locator" : "44:3-58:71",
                     "type" : "Union",
                     "operand" : [ {
                        "localId" : "59",
                        "locator" : "44:5-57:65",
                        "type" : "Union",
                        "operand" : [ {
                           "localId" : "55",
                           "locator" : "44:5-55:54",
                           "type" : "Union",
                           "operand" : [ {
                              "localId" : "51",
                              "locator" : "44:5-53:85",
                              "type" : "Union",
                              "operand" : [ {
                                 "localId" : "47",
                                 "locator" : "44:5-51:73",
                                 "type" : "Union",
                                 "operand" : [ {
                                    "localId" : "43",
                                    "locator" : "44:5-49:63",
                                    "type" : "Union",
                                    "operand" : [ {
                                       "localId" : "39",
                                       "locator" : "44:5-47:94",
                                       "type" : "Union",
                                       "operand" : [ {
                                          "localId" : "35",
                                          "locator" : "44:5-45:59",
                                          "type" : "Union",
                                          "operand" : [ {
                                             "localId" : "33",
                                             "locator" : "44:5-44:44",
                                             "dataType" : "{urn:healthit-gov:qdm:v5_6}PositiveEncounterPerformed",
                                             "templateId" : "PositiveEncounterPerformed",
                                             "codeProperty" : "code",
                                             "codeComparator" : "in",
                                             "type" : "Retrieve",
                                             "codes" : {
                                                "locator" : "44:30-44:43",
                                                "name" : "Office Visit",
                                                "type" : "ValueSetRef"
                                             }
                                          }, {
                                             "localId" : "34",
                                             "locator" : "45:11-45:59",
                                             "dataType" : "{urn:healthit-gov:qdm:v5_6}PositiveEncounterPerformed",
                                             "templateId" : "PositiveEncounterPerformed",
                                             "codeProperty" : "code",
                                             "codeComparator" : "in",
                                             "type" : "Retrieve",
                                             "codes" : {
                                                "locator" : "45:36-45:58",
                                                "name" : "Annual Wellness Visit",
                                                "type" : "ValueSetRef"
                                             }
                                          } ]
                                       }, {
                                          "type" : "Union",
                                          "operand" : [ {
                                             "localId" : "36",
                                             "locator" : "46:11-46:98",
                                             "dataType" : "{urn:healthit-gov:qdm:v5_6}PositiveEncounterPerformed",
                                             "templateId" : "PositiveEncounterPerformed",
                                             "codeProperty" : "code",
                                             "codeComparator" : "in",
                                             "type" : "Retrieve",
                                             "codes" : {
                                                "locator" : "46:36-46:97",
                                                "name" : "Preventive Care Services Established Office Visit, 18 and Up",
                                                "type" : "ValueSetRef"
                                             }
                                          }, {
                                             "localId" : "38",
                                             "locator" : "47:11-47:94",
                                             "dataType" : "{urn:healthit-gov:qdm:v5_6}PositiveEncounterPerformed",
                                             "templateId" : "PositiveEncounterPerformed",
                                             "codeProperty" : "code",
                                             "codeComparator" : "in",
                                             "type" : "Retrieve",
                                             "codes" : {
                                                "locator" : "47:36-47:93",
                                                "name" : "Preventive Care Services Initial Office Visit, 18 and Up",
                                                "type" : "ValueSetRef"
                                             }
                                          } ]
                                       } ]
                                    }, {
                                       "type" : "Union",
                                       "operand" : [ {
                                          "localId" : "40",
                                          "locator" : "48:11-48:62",
                                          "dataType" : "{urn:healthit-gov:qdm:v5_6}PositiveEncounterPerformed",
                                          "templateId" : "PositiveEncounterPerformed",
                                          "codeProperty" : "code",
                                          "codeComparator" : "in",
                                          "type" : "Retrieve",
                                          "codes" : {
                                             "locator" : "48:36-48:61",
                                             "name" : "Home Healthcare Services",
                                             "type" : "ValueSetRef"
                                          }
                                       }, {
                                          "localId" : "42",
                                          "locator" : "49:11-49:63",
                                          "dataType" : "{urn:healthit-gov:qdm:v5_6}PositiveEncounterPerformed",
                                          "templateId" : "PositiveEncounterPerformed",
                                          "codeProperty" : "code",
                                          "codeComparator" : "in",
                                          "type" : "Retrieve",
                                          "codes" : {
                                             "locator" : "49:36-49:62",
                                             "name" : "Ophthalmological Services",
                                             "type" : "ValueSetRef"
                                          }
                                       } ]
                                    } ]
                                 }, {
                                    "type" : "Union",
                                    "operand" : [ {
                                       "localId" : "44",
                                       "locator" : "50:11-50:84",
                                       "dataType" : "{urn:healthit-gov:qdm:v5_6}PositiveEncounterPerformed",
                                       "templateId" : "PositiveEncounterPerformed",
                                       "codeProperty" : "code",
                                       "codeComparator" : "in",
                                       "type" : "Retrieve",
                                       "codes" : {
                                          "locator" : "50:36-50:83",
                                          "name" : "Preventive Care Services Individual Counseling",
                                          "type" : "ValueSetRef"
                                       }
                                    }, {
                                       "localId" : "46",
                                       "locator" : "51:11-51:73",
                                       "dataType" : "{urn:healthit-gov:qdm:v5_6}PositiveEncounterPerformed",
                                       "templateId" : "PositiveEncounterPerformed",
                                       "codeProperty" : "code",
                                       "codeComparator" : "in",
                                       "type" : "Retrieve",
                                       "codes" : {
                                          "locator" : "51:36-51:72",
                                          "name" : "Discharge Services Nursing Facility",
                                          "type" : "ValueSetRef"
                                       }
                                    } ]
                                 } ]
                              }, {
                                 "type" : "Union",
                                 "operand" : [ {
                                    "localId" : "48",
                                    "locator" : "52:11-52:60",
                                    "dataType" : "{urn:healthit-gov:qdm:v5_6}PositiveEncounterPerformed",
                                    "templateId" : "PositiveEncounterPerformed",
                                    "codeProperty" : "code",
                                    "codeComparator" : "in",
                                    "type" : "Retrieve",
                                    "codes" : {
                                       "locator" : "52:36-52:59",
                                       "name" : "Nursing Facility Visit",
                                       "type" : "ValueSetRef"
                                    }
                                 }, {
                                    "localId" : "50",
                                    "locator" : "53:11-53:85",
                                    "dataType" : "{urn:healthit-gov:qdm:v5_6}PositiveEncounterPerformed",
                                    "templateId" : "PositiveEncounterPerformed",
                                    "codeProperty" : "code",
                                    "codeComparator" : "in",
                                    "type" : "Retrieve",
                                    "codes" : {
                                       "locator" : "53:36-53:84",
                                       "name" : "Care Services in Long Term Residential Facility",
                                       "type" : "ValueSetRef"
                                    }
                                 } ]
                              } ]
                           }, {
                              "type" : "Union",
                              "operand" : [ {
                                 "localId" : "52",
                                 "locator" : "54:11-54:53",
                                 "dataType" : "{urn:healthit-gov:qdm:v5_6}PositiveEncounterPerformed",
                                 "templateId" : "PositiveEncounterPerformed",
                                 "codeProperty" : "code",
                                 "codeComparator" : "in",
                                 "type" : "Retrieve",
                                 "codes" : {
                                    "locator" : "54:36-54:52",
                                    "name" : "Audiology Visit",
                                    "type" : "ValueSetRef"
                                 }
                              }, {
                                 "localId" : "54",
                                 "locator" : "55:11-55:54",
                                 "dataType" : "{urn:healthit-gov:qdm:v5_6}PositiveEncounterPerformed",
                                 "templateId" : "PositiveEncounterPerformed",
                                 "codeProperty" : "code",
                                 "codeComparator" : "in",
                                 "type" : "Retrieve",
                                 "codes" : {
                                    "locator" : "55:36-55:53",
                                    "name" : "Telephone Visits",
                                    "type" : "ValueSetRef"
                                 }
                              } ]
                           } ]
                        }, {
                           "type" : "Union",
                           "operand" : [ {
                              "localId" : "56",
                              "locator" : "56:11-56:56",
                              "dataType" : "{urn:healthit-gov:qdm:v5_6}PositiveEncounterPerformed",
                              "templateId" : "PositiveEncounterPerformed",
                              "codeProperty" : "code",
                              "codeComparator" : "in",
                              "type" : "Retrieve",
                              "codes" : {
                                 "locator" : "56:36-56:55",
                                 "name" : "Online Assessments",
                                 "type" : "ValueSetRef"
                              }
                           }, {
                              "localId" : "58",
                              "locator" : "57:11-57:65",
                              "dataType" : "{urn:healthit-gov:qdm:v5_6}PositiveEncounterPerformed",
                              "templateId" : "PositiveEncounterPerformed",
                              "codeProperty" : "code",
                              "codeComparator" : "in",
                              "type" : "Retrieve",
                              "codes" : {
                                 "locator" : "57:36-57:64",
                                 "name" : "Physical Therapy Evaluation",
                                 "type" : "ValueSetRef"
                              }
                           } ]
                        } ]
                     }, {
                        "localId" : "60",
                        "locator" : "58:11-58:69",
                        "dataType" : "{urn:healthit-gov:qdm:v5_6}PositiveEncounterPerformed",
                        "templateId" : "PositiveEncounterPerformed",
                        "codeProperty" : "code",
                        "codeComparator" : "in",
                        "type" : "Retrieve",
                        "codes" : {
                           "locator" : "58:36-58:68",
                           "name" : "Occupational Therapy Evaluation",
                           "type" : "ValueSetRef"
                        }
                     } ]
                  }
               } ],
               "relationship" : [ ],
               "where" : {
                  "localId" : "66",
                  "locator" : "59:5-59:75",
                  "precision" : "Day",
                  "type" : "IncludedIn",
                  "operand" : [ {
                     "localId" : "64",
                     "locator" : "59:11-59:40",
                     "path" : "relevantPeriod",
                     "scope" : "ValidEncounters",
                     "type" : "Property"
                  }, {
                     "localId" : "65",
                     "locator" : "59:56-59:75",
                     "name" : "Measurement Period",
                     "type" : "ParameterRef"
                  } ]
               }
            }
         }, {
            "localId" : "72",
            "locator" : "39:1-41:37",
            "name" : "Initial Population",
            "context" : "Patient",
            "accessLevel" : "Public",
            "annotation" : [ {
               "type" : "Annotation",
               "s" : {
                  "r" : "72",
                  "s" : [ {
                     "value" : [ "","define ","\"Initial Population\"",":\n  " ]
                  }, {
                     "r" : "71",
                     "s" : [ {
                        "r" : "32",
                        "s" : [ {
                           "r" : "30",
                           "s" : [ {
                              "value" : [ "AgeInYearsAt","(" ]
                           }, {
                              "r" : "29",
                              "s" : [ {
                                 "value" : [ "date from " ]
                              }, {
                                 "r" : "28",
                                 "s" : [ {
                                    "value" : [ "start of " ]
                                 }, {
                                    "r" : "27",
                                    "s" : [ {
                                       "value" : [ "\"Measurement Period\"" ]
                                    } ]
                                 } ]
                              } ]
                           }, {
                              "value" : [ ")" ]
                           } ]
                        }, {
                           "r" : "31",
                           "value" : [ ">="," ","65" ]
                        } ]
                     }, {
                        "value" : [ "\n    and " ]
                     }, {
                        "r" : "70",
                        "s" : [ {
                           "value" : [ "exists " ]
                        }, {
                           "r" : "69",
                           "s" : [ {
                              "value" : [ "\"Qualifying Encounter\"" ]
                           } ]
                        } ]
                     } ]
                  } ]
               }
            } ],
            "expression" : {
               "localId" : "71",
               "locator" : "40:3-41:37",
               "type" : "And",
               "operand" : [ {
                  "localId" : "32",
                  "locator" : "40:3-40:60",
                  "type" : "GreaterOrEqual",
                  "operand" : [ {
                     "localId" : "30",
                     "locator" : "40:3-40:55",
                     "precision" : "Year",
                     "type" : "CalculateAgeAt",
                     "operand" : [ {
                        "type" : "ToDate",
                        "operand" : {
                           "path" : "birthDatetime",
                           "type" : "Property",
                           "source" : {
                              "name" : "Patient",
                              "type" : "ExpressionRef"
                           }
                        }
                     }, {
                        "localId" : "29",
                        "locator" : "40:16-40:54",
                        "type" : "DateFrom",
                        "operand" : {
                           "localId" : "28",
                           "locator" : "40:26-40:54",
                           "type" : "Start",
                           "operand" : {
                              "localId" : "27",
                              "locator" : "40:35-40:54",
                              "name" : "Measurement Period",
                              "type" : "ParameterRef"
                           }
                        }
                     } ]
                  }, {
                     "localId" : "31",
                     "locator" : "40:59-40:60",
                     "valueType" : "{urn:hl7-org:elm-types:r1}Integer",
                     "value" : "65",
                     "type" : "Literal"
                  } ]
               }, {
                  "localId" : "70",
                  "locator" : "41:9-41:37",
                  "type" : "Exists",
                  "operand" : {
                     "localId" : "69",
                     "locator" : "41:16-41:37",
                     "name" : "Qualifying Encounter",
                     "type" : "ExpressionRef"
                  }
               } ]
            }
         }, {
            "localId" : "74",
            "locator" : "33:1-34:22",
            "name" : "Denominator",
            "context" : "Patient",
            "accessLevel" : "Public",
            "annotation" : [ {
               "type" : "Annotation",
               "s" : {
                  "r" : "74",
                  "s" : [ {
                     "value" : [ "","define ","\"Denominator\"",":\n  " ]
                  }, {
                     "r" : "73",
                     "s" : [ {
                        "value" : [ "\"Initial Population\"" ]
                     } ]
                  } ]
               }
            } ],
            "expression" : {
               "localId" : "73",
               "locator" : "34:3-34:22",
               "name" : "Initial Population",
               "type" : "ExpressionRef"
            }
         }, {
            "localId" : "77",
            "locator" : "36:1-37:32",
            "name" : "Denominator Exclusions",
            "context" : "Patient",
            "accessLevel" : "Public",
            "annotation" : [ {
               "type" : "Annotation",
               "s" : {
                  "r" : "77",
                  "s" : [ {
                     "value" : [ "","define ","\"Denominator Exclusions\"",":\n  " ]
                  }, {
                     "r" : "76",
                     "s" : [ {
                        "r" : "75",
                        "s" : [ {
                           "value" : [ "Hospice" ]
                        } ]
                     }, {
                        "value" : [ "." ]
                     }, {
                        "r" : "76",
                        "s" : [ {
                           "value" : [ "\"Has Hospice Services\"" ]
                        } ]
                     } ]
                  } ]
               }
            } ],
            "expression" : {
               "localId" : "76",
               "locator" : "37:3-37:32",
               "name" : "Has Hospice Services",
               "libraryName" : "Hospice",
               "type" : "ExpressionRef"
            }
         }, {
            "localId" : "79",
            "locator" : "61:1-62:51",
            "name" : "SDE Ethnicity",
            "context" : "Patient",
            "accessLevel" : "Public",
            "annotation" : [ {
               "type" : "Annotation",
               "s" : {
                  "r" : "79",
                  "s" : [ {
                     "value" : [ "","define ","\"SDE Ethnicity\"",":\n  " ]
                  }, {
                     "r" : "78",
                     "s" : [ {
                        "value" : [ "[","\"Patient Characteristic Ethnicity\"",": " ]
                     }, {
                        "s" : [ {
                           "value" : [ "\"Ethnicity\"" ]
                        } ]
                     }, {
                        "value" : [ "]" ]
                     } ]
                  } ]
               }
            } ],
            "expression" : {
               "localId" : "78",
               "locator" : "62:3-62:51",
               "dataType" : "{urn:healthit-gov:qdm:v5_6}PatientCharacteristicEthnicity",
               "codeProperty" : "code",
               "codeComparator" : "in",
               "type" : "Retrieve",
               "codes" : {
                  "locator" : "62:40-62:50",
                  "name" : "Ethnicity",
                  "type" : "ValueSetRef"
               }
            }
         }, {
            "localId" : "81",
            "locator" : "64:1-65:43",
            "name" : "SDE Payer",
            "context" : "Patient",
            "accessLevel" : "Public",
            "annotation" : [ {
               "type" : "Annotation",
               "s" : {
                  "r" : "81",
                  "s" : [ {
                     "value" : [ "","define ","\"SDE Payer\"",":\n  " ]
                  }, {
                     "r" : "80",
                     "s" : [ {
                        "value" : [ "[","\"Patient Characteristic Payer\"",": " ]
                     }, {
                        "s" : [ {
                           "value" : [ "\"Payer\"" ]
                        } ]
                     }, {
                        "value" : [ "]" ]
                     } ]
                  } ]
               }
            } ],
            "expression" : {
               "localId" : "80",
               "locator" : "65:3-65:43",
               "dataType" : "{urn:healthit-gov:qdm:v5_6}PatientCharacteristicPayer",
               "codeProperty" : "code",
               "codeComparator" : "in",
               "type" : "Retrieve",
               "codes" : {
                  "locator" : "65:36-65:42",
                  "name" : "Payer",
                  "type" : "ValueSetRef"
               }
            }
         }, {
            "localId" : "83",
            "locator" : "67:1-68:41",
            "name" : "SDE Race",
            "context" : "Patient",
            "accessLevel" : "Public",
            "annotation" : [ {
               "type" : "Annotation",
               "s" : {
                  "r" : "83",
                  "s" : [ {
                     "value" : [ "","define ","\"SDE Race\"",":\n  " ]
                  }, {
                     "r" : "82",
                     "s" : [ {
                        "value" : [ "[","\"Patient Characteristic Race\"",": " ]
                     }, {
                        "s" : [ {
                           "value" : [ "\"Race\"" ]
                        } ]
                     }, {
                        "value" : [ "]" ]
                     } ]
                  } ]
               }
            } ],
            "expression" : {
               "localId" : "82",
               "locator" : "68:3-68:41",
               "dataType" : "{urn:healthit-gov:qdm:v5_6}PatientCharacteristicRace",
               "codeProperty" : "code",
               "codeComparator" : "in",
               "type" : "Retrieve",
               "codes" : {
                  "locator" : "68:35-68:40",
                  "name" : "Race",
                  "type" : "ValueSetRef"
               }
            }
         }, {
            "localId" : "85",
            "locator" : "70:1-71:58",
            "name" : "SDE Sex",
            "context" : "Patient",
            "accessLevel" : "Public",
            "annotation" : [ {
               "type" : "Annotation",
               "s" : {
                  "r" : "85",
                  "s" : [ {
                     "value" : [ "","define ","\"SDE Sex\"",":\n  " ]
                  }, {
                     "r" : "84",
                     "s" : [ {
                        "value" : [ "[","\"Patient Characteristic Sex\"",": " ]
                     }, {
                        "s" : [ {
                           "value" : [ "\"ONC Administrative Sex\"" ]
                        } ]
                     }, {
                        "value" : [ "]" ]
                     } ]
                  } ]
               }
            } ],
            "expression" : {
               "localId" : "84",
               "locator" : "71:3-71:58",
               "dataType" : "{urn:healthit-gov:qdm:v5_6}PatientCharacteristicSex",
               "codeProperty" : "code",
               "codeComparator" : "in",
               "type" : "Retrieve",
               "codes" : {
                  "locator" : "71:34-71:57",
                  "name" : "ONC Administrative Sex",
                  "type" : "ValueSetRef"
               }
            }
         }, {
            "localId" : "98",
            "locator" : "73:1-76:3",
            "name" : "Numerator",
            "context" : "Patient",
            "accessLevel" : "Public",
            "annotation" : [ {
               "type" : "Annotation",
               "s" : {
                  "r" : "98",
                  "s" : [ {
                     "value" : [ "","define ","\"Numerator\"",":\n  " ]
                  }, {
                     "r" : "97",
                     "s" : [ {
                        "value" : [ "exists " ]
                     }, {
                        "r" : "96",
                        "s" : [ {
                           "value" : [ "( " ]
                        }, {
                           "r" : "96",
                           "s" : [ {
                              "s" : [ {
                                 "r" : "87",
                                 "s" : [ {
                                    "r" : "86",
                                    "s" : [ {
                                       "r" : "86",
                                       "s" : [ {
                                          "value" : [ "[","\"Assessment, Performed\"",": " ]
                                       }, {
                                          "s" : [ {
                                             "value" : [ "\"Falls Screening\"" ]
                                          } ]
                                       }, {
                                          "value" : [ "]" ]
                                       } ]
                                    } ]
                                 }, {
                                    "value" : [ " ","FallsScreening" ]
                                 } ]
                              } ]
                           }, {
                              "value" : [ "\n      " ]
                           }, {
                              "r" : "95",
                              "s" : [ {
                                 "value" : [ "where " ]
                              }, {
                                 "r" : "95",
                                 "s" : [ {
                                    "r" : "93",
                                    "s" : [ {
                                       "r" : "88",
                                       "s" : [ {
                                          "value" : [ "Global" ]
                                       } ]
                                    }, {
                                       "value" : [ "." ]
                                    }, {
                                       "r" : "93",
                                       "s" : [ {
                                          "value" : [ "\"NormalizeInterval\""," ( " ]
                                       }, {
                                          "r" : "90",
                                          "s" : [ {
                                             "r" : "89",
                                             "s" : [ {
                                                "value" : [ "FallsScreening" ]
                                             } ]
                                          }, {
                                             "value" : [ "." ]
                                          }, {
                                             "r" : "90",
                                             "s" : [ {
                                                "value" : [ "relevantDatetime" ]
                                             } ]
                                          } ]
                                       }, {
                                          "value" : [ ", " ]
                                       }, {
                                          "r" : "92",
                                          "s" : [ {
                                             "r" : "91",
                                             "s" : [ {
                                                "value" : [ "FallsScreening" ]
                                             } ]
                                          }, {
                                             "value" : [ "." ]
                                          }, {
                                             "r" : "92",
                                             "s" : [ {
                                                "value" : [ "relevantPeriod" ]
                                             } ]
                                          } ]
                                       }, {
                                          "value" : [ " )" ]
                                       } ]
                                    } ]
                                 }, {
                                    "r" : "95",
                                    "value" : [ " ","during day of"," " ]
                                 }, {
                                    "r" : "94",
                                    "s" : [ {
                                       "value" : [ "\"Measurement Period\"" ]
                                    } ]
                                 } ]
                              } ]
                           } ]
                        }, {
                           "value" : [ "\n  )" ]
                        } ]
                     } ]
                  } ]
               }
            } ],
            "expression" : {
               "localId" : "97",
               "locator" : "74:3-76:3",
               "type" : "Exists",
               "operand" : {
                  "localId" : "96",
                  "locator" : "74:10-76:3",
                  "type" : "Query",
                  "source" : [ {
                     "localId" : "87",
                     "locator" : "74:12-74:70",
                     "alias" : "FallsScreening",
                     "expression" : {
                        "localId" : "86",
                        "locator" : "74:12-74:55",
                        "dataType" : "{urn:healthit-gov:qdm:v5_6}PositiveAssessmentPerformed",
                        "templateId" : "PositiveAssessmentPerformed",
                        "codeProperty" : "code",
                        "codeComparator" : "in",
                        "type" : "Retrieve",
                        "codes" : {
                           "locator" : "74:38-74:54",
                           "name" : "Falls Screening",
                           "type" : "ValueSetRef"
                        }
                     }
                  } ],
                  "relationship" : [ ],
                  "where" : {
                     "localId" : "95",
                     "locator" : "75:7-75:140",
                     "precision" : "Day",
                     "type" : "IncludedIn",
                     "operand" : [ {
                        "localId" : "93",
                        "locator" : "75:13-75:105",
                        "name" : "NormalizeInterval",
                        "libraryName" : "Global",
                        "type" : "FunctionRef",
                        "operand" : [ {
                           "localId" : "90",
                           "locator" : "75:42-75:72",
                           "path" : "relevantDatetime",
                           "scope" : "FallsScreening",
                           "type" : "Property"
                        }, {
                           "localId" : "92",
                           "locator" : "75:75-75:103",
                           "path" : "relevantPeriod",
                           "scope" : "FallsScreening",
                           "type" : "Property"
                        } ]
                     }, {
                        "localId" : "94",
                        "locator" : "75:121-75:140",
                        "name" : "Measurement Period",
                        "type" : "ParameterRef"
                     } ]
                  }
               }
            }
         } ]
      }
   }
}