{
   "library" : {
      "annotation" : [ {
         "translatorOptions" : "EnableAnnotations,EnableLocators,DisableListDemotion,DisableListPromotion,DisableMethodInvocation",
         "type" : "CqlToElmInfo"
      }, {
         "type" : "Annotation",
         "s" : {
            "r" : "79",
            "s" : [ {
               "value" : [ "","library DocumentationofCurrentMedications version '12.0.000'" ]
            } ]
         }
      } ],
      "identifier" : {
         "id" : "DocumentationofCurrentMedications",
         "version" : "12.0.000"
      },
      "schemaIdentifier" : {
         "id" : "urn:hl7-org:elm",
         "version" : "r1"
      },
      "usings" : {
         "def" : [ {
            "localIdentifier" : "System",
            "uri" : "urn:hl7-org:elm-types:r1"
         }, {
            "localId" : "1",
            "locator" : "3:1-3:23",
            "localIdentifier" : "QDM",
            "uri" : "urn:healthit-gov:qdm:v5_6",
            "version" : "5.6",
            "annotation" : [ {
               "type" : "Annotation",
               "s" : {
                  "r" : "1",
                  "s" : [ {
                     "value" : [ "","using " ]
                  }, {
                     "s" : [ {
                        "value" : [ "QDM" ]
                     } ]
                  }, {
                     "value" : [ " version ","'5.6'" ]
                  } ]
               }
            } ]
         } ]
      },
      "includes" : {
         "def" : [ {
            "localId" : "2",
            "locator" : "5:1-5:64",
            "localIdentifier" : "Global",
            "path" : "MATGlobalCommonFunctions",
            "version" : "7.0.000",
            "annotation" : [ {
               "type" : "Annotation",
               "s" : {
                  "r" : "2",
                  "s" : [ {
                     "value" : [ "","include " ]
                  }, {
                     "s" : [ {
                        "value" : [ "MATGlobalCommonFunctions" ]
                     } ]
                  }, {
                     "value" : [ " version ","'7.0.000'"," called ","Global" ]
                  } ]
               }
            } ]
         } ]
      },
      "parameters" : {
         "def" : [ {
            "localId" : "14",
            "locator" : "18:1-18:49",
            "name" : "Measurement Period",
            "accessLevel" : "Public",
            "annotation" : [ {
               "type" : "Annotation",
               "s" : {
                  "r" : "14",
                  "s" : [ {
                     "value" : [ "","parameter ","\"Measurement Period\""," " ]
                  }, {
                     "r" : "13",
                     "s" : [ {
                        "value" : [ "Interval<" ]
                     }, {
                        "r" : "12",
                        "s" : [ {
                           "value" : [ "DateTime" ]
                        } ]
                     }, {
                        "value" : [ ">" ]
                     } ]
                  } ]
               }
            } ],
            "parameterTypeSpecifier" : {
               "localId" : "13",
               "locator" : "18:32-18:49",
               "type" : "IntervalTypeSpecifier",
               "pointType" : {
                  "localId" : "12",
                  "locator" : "18:41-18:48",
                  "name" : "{urn:hl7-org:elm-types:r1}DateTime",
                  "type" : "NamedTypeSpecifier"
               }
            }
         } ]
      },
      "codeSystems" : {
         "def" : [ {
            "localId" : "3",
            "locator" : "7:1-7:55",
            "name" : "SNOMEDCT",
            "id" : "urn:oid:2.16.840.1.113883.6.96",
            "accessLevel" : "Public",
            "annotation" : [ {
               "type" : "Annotation",
               "s" : {
                  "r" : "3",
                  "s" : [ {
                     "value" : [ "","codesystem ","\"SNOMEDCT\"",": ","'urn:oid:2.16.840.1.113883.6.96'" ]
                  } ]
               }
            } ]
         } ]
      },
      "valueSets" : {
         "def" : [ {
            "localId" : "4",
            "locator" : "9:1-9:86",
            "name" : "Encounter to Document Medications",
            "id" : "urn:oid:2.16.840.1.113883.3.600.1.1834",
            "accessLevel" : "Public",
            "annotation" : [ {
               "type" : "Annotation",
               "s" : {
                  "r" : "4",
                  "s" : [ {
                     "value" : [ "","valueset ","\"Encounter to Document Medications\"",": ","'urn:oid:2.16.840.1.113883.3.600.1.1834'" ]
                  } ]
               }
            } ]
         }, {
            "localId" : "5",
            "locator" : "10:1-10:58",
            "name" : "Ethnicity",
            "id" : "urn:oid:2.16.840.1.114222.4.11.837",
            "accessLevel" : "Public",
            "annotation" : [ {
               "type" : "Annotation",
               "s" : {
                  "r" : "5",
                  "s" : [ {
                     "value" : [ "","valueset ","\"Ethnicity\"",": ","'urn:oid:2.16.840.1.114222.4.11.837'" ]
                  } ]
               }
            } ]
         }, {
            "localId" : "6",
            "locator" : "11:1-11:67",
            "name" : "Medical Reason",
            "id" : "urn:oid:2.16.840.1.113883.3.526.3.1007",
            "accessLevel" : "Public",
            "annotation" : [ {
               "type" : "Annotation",
               "s" : {
                  "r" : "6",
                  "s" : [ {
                     "value" : [ "","valueset ","\"Medical Reason\"",": ","'urn:oid:2.16.840.1.113883.3.526.3.1007'" ]
                  } ]
               }
            } ]
         }, {
            "localId" : "7",
            "locator" : "12:1-12:68",
            "name" : "ONC Administrative Sex",
            "id" : "urn:oid:2.16.840.1.113762.1.4.1",
            "accessLevel" : "Public",
            "annotation" : [ {
               "type" : "Annotation",
               "s" : {
                  "r" : "7",
                  "s" : [ {
                     "value" : [ "","valueset ","\"ONC Administrative Sex\"",": ","'urn:oid:2.16.840.1.113762.1.4.1'" ]
                  } ]
               }
            } ]
         }, {
            "localId" : "8",
            "locator" : "13:1-13:55",
            "name" : "Payer",
            "id" : "urn:oid:2.16.840.1.114222.4.11.3591",
            "accessLevel" : "Public",
            "annotation" : [ {
               "type" : "Annotation",
               "s" : {
                  "r" : "8",
                  "s" : [ {
                     "value" : [ "","valueset ","\"Payer\"",": ","'urn:oid:2.16.840.1.114222.4.11.3591'" ]
                  } ]
               }
            } ]
         }, {
            "localId" : "9",
            "locator" : "14:1-14:53",
            "name" : "Race",
            "id" : "urn:oid:2.16.840.1.114222.4.11.836",
            "accessLevel" : "Public",
            "annotation" : [ {
               "type" : "Annotation",
               "s" : {
                  "r" : "9",
                  "s" : [ {
                     "value" : [ "","valueset ","\"Race\"",": ","'urn:oid:2.16.840.1.114222.4.11.836'" ]
                  } ]
               }
            } ]
         } ]
      },
      "codes" : {
         "def" : [ {
            "localId" : "11",
            "locator" : "16:1-16:149",
            "name" : "Documentation of current medications (procedure)",
            "id" : "428191000124101",
            "display" : "Documentation of current medications (procedure)",
            "accessLevel" : "Public",
            "annotation" : [ {
               "type" : "Annotation",
               "s" : {
                  "r" : "11",
                  "s" : [ {
                     "value" : [ "","code ","\"Documentation of current medications (procedure)\"",": ","'428191000124101'"," from " ]
                  }, {
                     "r" : "10",
                     "s" : [ {
                        "value" : [ "\"SNOMEDCT\"" ]
                     } ]
                  }, {
                     "value" : [ " display ","'Documentation of current medications (procedure)'" ]
                  } ]
               }
            } ],
            "codeSystem" : {
               "localId" : "10",
               "locator" : "16:81-16:90",
               "name" : "SNOMEDCT"
            }
         } ]
      },
      "contexts" : {
         "def" : [ {
            "locator" : "20:1-20:15",
            "name" : "Patient"
         } ]
      },
      "statements" : {
         "def" : [ {
            "locator" : "20:1-20:15",
            "name" : "Patient",
            "context" : "Patient",
            "expression" : {
               "type" : "SingletonFrom",
               "operand" : {
                  "locator" : "20:1-20:15",
                  "dataType" : "{urn:healthit-gov:qdm:v5_6}Patient",
                  "templateId" : "Patient",
                  "type" : "Retrieve"
               }
            }
         }, {
            "localId" : "16",
            "locator" : "22:1-23:51",
            "name" : "SDE Ethnicity",
            "context" : "Patient",
            "accessLevel" : "Public",
            "annotation" : [ {
               "type" : "Annotation",
               "s" : {
                  "r" : "16",
                  "s" : [ {
                     "value" : [ "","define ","\"SDE Ethnicity\"",":\n  " ]
                  }, {
                     "r" : "15",
                     "s" : [ {
                        "value" : [ "[","\"Patient Characteristic Ethnicity\"",": " ]
                     }, {
                        "s" : [ {
                           "value" : [ "\"Ethnicity\"" ]
                        } ]
                     }, {
                        "value" : [ "]" ]
                     } ]
                  } ]
               }
            } ],
            "expression" : {
               "localId" : "15",
               "locator" : "23:3-23:51",
               "dataType" : "{urn:healthit-gov:qdm:v5_6}PatientCharacteristicEthnicity",
               "codeProperty" : "code",
               "codeComparator" : "in",
               "type" : "Retrieve",
               "codes" : {
                  "locator" : "23:40-23:50",
                  "name" : "Ethnicity",
                  "type" : "ValueSetRef"
               }
            }
         }, {
            "localId" : "18",
            "locator" : "25:1-26:43",
            "name" : "SDE Payer",
            "context" : "Patient",
            "accessLevel" : "Public",
            "annotation" : [ {
               "type" : "Annotation",
               "s" : {
                  "r" : "18",
                  "s" : [ {
                     "value" : [ "","define ","\"SDE Payer\"",":\n  " ]
                  }, {
                     "r" : "17",
                     "s" : [ {
                        "value" : [ "[","\"Patient Characteristic Payer\"",": " ]
                     }, {
                        "s" : [ {
                           "value" : [ "\"Payer\"" ]
                        } ]
                     }, {
                        "value" : [ "]" ]
                     } ]
                  } ]
               }
            } ],
            "expression" : {
               "localId" : "17",
               "locator" : "26:3-26:43",
               "dataType" : "{urn:healthit-gov:qdm:v5_6}PatientCharacteristicPayer",
               "codeProperty" : "code",
               "codeComparator" : "in",
               "type" : "Retrieve",
               "codes" : {
                  "locator" : "26:36-26:42",
                  "name" : "Payer",
                  "type" : "ValueSetRef"
               }
            }
         }, {
            "localId" : "20",
            "locator" : "28:1-29:41",
            "name" : "SDE Race",
            "context" : "Patient",
            "accessLevel" : "Public",
            "annotation" : [ {
               "type" : "Annotation",
               "s" : {
                  "r" : "20",
                  "s" : [ {
                     "value" : [ "","define ","\"SDE Race\"",":\n  " ]
                  }, {
                     "r" : "19",
                     "s" : [ {
                        "value" : [ "[","\"Patient Characteristic Race\"",": " ]
                     }, {
                        "s" : [ {
                           "value" : [ "\"Race\"" ]
                        } ]
                     }, {
                        "value" : [ "]" ]
                     } ]
                  } ]
               }
            } ],
            "expression" : {
               "localId" : "19",
               "locator" : "29:3-29:41",
               "dataType" : "{urn:healthit-gov:qdm:v5_6}PatientCharacteristicRace",
               "codeProperty" : "code",
               "codeComparator" : "in",
               "type" : "Retrieve",
               "codes" : {
                  "locator" : "29:35-29:40",
                  "name" : "Race",
                  "type" : "ValueSetRef"
               }
            }
         }, {
            "localId" : "22",
            "locator" : "31:1-32:58",
            "name" : "SDE Sex",
            "context" : "Patient",
            "accessLevel" : "Public",
            "annotation" : [ {
               "type" : "Annotation",
               "s" : {
                  "r" : "22",
                  "s" : [ {
                     "value" : [ "","define ","\"SDE Sex\"",":\n  " ]
                  }, {
                     "r" : "21",
                     "s" : [ {
                        "value" : [ "[","\"Patient Characteristic Sex\"",": " ]
                     }, {
                        "s" : [ {
                           "value" : [ "\"ONC Administrative Sex\"" ]
                        } ]
                     }, {
                        "value" : [ "]" ]
                     } ]
                  } ]
               }
            } ],
            "expression" : {
               "localId" : "21",
               "locator" : "32:3-32:58",
               "dataType" : "{urn:healthit-gov:qdm:v5_6}PatientCharacteristicSex",
               "codeProperty" : "code",
               "codeComparator" : "in",
               "type" : "Retrieve",
               "codes" : {
                  "locator" : "32:34-32:57",
                  "name" : "ONC Administrative Sex",
                  "type" : "ValueSetRef"
               }
            }
         }, {
            "localId" : "30",
            "locator" : "48:1-50:67",
            "name" : "Qualifying Encounter during Measurement Period",
            "context" : "Patient",
            "accessLevel" : "Public",
            "annotation" : [ {
               "type" : "Annotation",
               "s" : {
                  "r" : "30",
                  "s" : [ {
                     "value" : [ "","define ","\"Qualifying Encounter during Measurement Period\"",":\n  " ]
                  }, {
                     "r" : "29",
                     "s" : [ {
                        "s" : [ {
                           "r" : "24",
                           "s" : [ {
                              "r" : "23",
                              "s" : [ {
                                 "r" : "23",
                                 "s" : [ {
                                    "value" : [ "[","\"Encounter, Performed\"",": " ]
                                 }, {
                                    "s" : [ {
                                       "value" : [ "\"Encounter to Document Medications\"" ]
                                    } ]
                                 }, {
                                    "value" : [ "]" ]
                                 } ]
                              } ]
                           }, {
                              "value" : [ " ","ValidEncounter" ]
                           } ]
                        } ]
                     }, {
                        "value" : [ "\n    " ]
                     }, {
                        "r" : "28",
                        "s" : [ {
                           "value" : [ "where " ]
                        }, {
                           "r" : "28",
                           "s" : [ {
                              "r" : "26",
                              "s" : [ {
                                 "r" : "25",
                                 "s" : [ {
                                    "value" : [ "ValidEncounter" ]
                                 } ]
                              }, {
                                 "value" : [ "." ]
                              }, {
                                 "r" : "26",
                                 "s" : [ {
                                    "value" : [ "relevantPeriod" ]
                                 } ]
                              } ]
                           }, {
                              "r" : "28",
                              "value" : [ " ","during"," " ]
                           }, {
                              "r" : "27",
                              "s" : [ {
                                 "value" : [ "\"Measurement Period\"" ]
                              } ]
                           } ]
                        } ]
                     } ]
                  } ]
               }
            } ],
            "expression" : {
               "localId" : "29",
               "locator" : "49:3-50:67",
               "type" : "Query",
               "source" : [ {
                  "localId" : "24",
                  "locator" : "49:3-49:78",
                  "alias" : "ValidEncounter",
                  "expression" : {
                     "localId" : "23",
                     "locator" : "49:3-49:63",
                     "dataType" : "{urn:healthit-gov:qdm:v5_6}PositiveEncounterPerformed",
                     "templateId" : "PositiveEncounterPerformed",
                     "codeProperty" : "code",
                     "codeComparator" : "in",
                     "type" : "Retrieve",
                     "codes" : {
                        "locator" : "49:28-49:62",
                        "name" : "Encounter to Document Medications",
                        "type" : "ValueSetRef"
                     }
                  }
               } ],
               "relationship" : [ ],
               "where" : {
                  "localId" : "28",
                  "locator" : "50:5-50:67",
                  "type" : "IncludedIn",
                  "operand" : [ {
                     "localId" : "26",
                     "locator" : "50:11-50:39",
                     "path" : "relevantPeriod",
                     "scope" : "ValidEncounter",
                     "type" : "Property"
                  }, {
                     "localId" : "27",
                     "locator" : "50:48-50:67",
                     "name" : "Measurement Period",
                     "type" : "ParameterRef"
                  } ]
               }
            }
         }, {
            "localId" : "40",
            "locator" : "44:1-46:68",
            "name" : "Initial Population",
            "context" : "Patient",
            "accessLevel" : "Public",
            "annotation" : [ {
               "type" : "Annotation",
               "s" : {
                  "r" : "40",
                  "s" : [ {
                     "value" : [ "","define ","\"Initial Population\"",":\n  " ]
                  }, {
                     "r" : "39",
                     "s" : [ {
                        "s" : [ {
                           "r" : "32",
                           "s" : [ {
                              "r" : "31",
                              "s" : [ {
                                 "s" : [ {
                                    "value" : [ "\"Qualifying Encounter during Measurement Period\"" ]
                                 } ]
                              } ]
                           }, {
                              "value" : [ " ","QualifyingEncounter" ]
                           } ]
                        } ]
                     }, {
                        "value" : [ "\n    " ]
                     }, {
                        "r" : "38",
                        "s" : [ {
                           "value" : [ "where " ]
                        }, {
                           "r" : "38",
                           "s" : [ {
                              "r" : "36",
                              "s" : [ {
                                 "value" : [ "AgeInYearsAt","(" ]
                              }, {
                                 "r" : "35",
                                 "s" : [ {
                                    "value" : [ "date from " ]
                                 }, {
                                    "r" : "34",
                                    "s" : [ {
                                       "value" : [ "start of " ]
                                    }, {
                                       "r" : "33",
                                       "s" : [ {
                                          "value" : [ "\"Measurement Period\"" ]
                                       } ]
                                    } ]
                                 } ]
                              }, {
                                 "value" : [ ")" ]
                              } ]
                           }, {
                              "r" : "37",
                              "value" : [ ">="," ","18" ]
                           } ]
                        } ]
                     } ]
                  } ]
               }
            } ],
            "expression" : {
               "localId" : "39",
               "locator" : "45:3-46:68",
               "type" : "Query",
               "source" : [ {
                  "localId" : "32",
                  "locator" : "45:3-45:70",
                  "alias" : "QualifyingEncounter",
                  "expression" : {
                     "localId" : "31",
                     "locator" : "45:3-45:50",
                     "name" : "Qualifying Encounter during Measurement Period",
                     "type" : "ExpressionRef"
                  }
               } ],
               "relationship" : [ ],
               "where" : {
                  "localId" : "38",
                  "locator" : "46:5-46:68",
                  "type" : "GreaterOrEqual",
                  "operand" : [ {
                     "localId" : "36",
                     "locator" : "46:11-46:63",
                     "precision" : "Year",
                     "type" : "CalculateAgeAt",
                     "operand" : [ {
                        "type" : "ToDate",
                        "operand" : {
                           "path" : "birthDatetime",
                           "type" : "Property",
                           "source" : {
                              "name" : "Patient",
                              "type" : "ExpressionRef"
                           }
                        }
                     }, {
                        "localId" : "35",
                        "locator" : "46:24-46:62",
                        "type" : "DateFrom",
                        "operand" : {
                           "localId" : "34",
                           "locator" : "46:34-46:62",
                           "type" : "Start",
                           "operand" : {
                              "localId" : "33",
                              "locator" : "46:43-46:62",
                              "name" : "Measurement Period",
                              "type" : "ParameterRef"
                           }
                        }
                     } ]
                  }, {
                     "localId" : "37",
                     "locator" : "46:67-46:68",
                     "valueType" : "{urn:hl7-org:elm-types:r1}Integer",
                     "value" : "18",
                     "type" : "Literal"
                  } ]
               }
            }
         }, {
            "localId" : "42",
            "locator" : "34:1-35:22",
            "name" : "Denominator",
            "context" : "Patient",
            "accessLevel" : "Public",
            "annotation" : [ {
               "type" : "Annotation",
               "s" : {
                  "r" : "42",
                  "s" : [ {
                     "value" : [ "","define ","\"Denominator\"",":\n  " ]
                  }, {
                     "r" : "41",
                     "s" : [ {
                        "value" : [ "\"Initial Population\"" ]
                     } ]
                  } ]
               }
            } ],
            "expression" : {
               "localId" : "41",
               "locator" : "35:3-35:22",
               "name" : "Initial Population",
               "type" : "ExpressionRef"
            }
         }, {
            "localId" : "61",
            "locator" : "37:1-42:74",
            "name" : "Denominator Exceptions",
            "context" : "Patient",
            "accessLevel" : "Public",
            "annotation" : [ {
               "type" : "Annotation",
               "s" : {
                  "r" : "61",
                  "s" : [ {
                     "value" : [ "","define ","\"Denominator Exceptions\"",":\n  " ]
                  }, {
                     "r" : "60",
                     "s" : [ {
                        "s" : [ {
                           "r" : "44",
                           "s" : [ {
                              "r" : "43",
                              "s" : [ {
                                 "s" : [ {
                                    "value" : [ "\"Qualifying Encounter during Measurement Period\"" ]
                                 } ]
                              } ]
                           }, {
                              "value" : [ " ","QualifyingEncounter" ]
                           } ]
                        } ]
                     }, {
                        "value" : [ "\n    " ]
                     }, {
                        "r" : "59",
                        "s" : [ {
                           "value" : [ "with " ]
                        }, {
                           "r" : "48",
                           "s" : [ {
                              "r" : "47",
                              "s" : [ {
                                 "value" : [ "( " ]
                              }, {
                                 "r" : "47",
                                 "s" : [ {
                                    "r" : "45",
                                    "s" : [ {
                                       "value" : [ "[","\"Procedure, Not Performed\"",": " ]
                                    }, {
                                       "s" : [ {
                                          "value" : [ "\"Documentation of current medications (procedure)\"" ]
                                       } ]
                                    }, {
                                       "value" : [ "]" ]
                                    } ]
                                 }, {
                                    "value" : [ "\n      union " ]
                                 }, {
                                    "r" : "46",
                                    "s" : [ {
                                       "value" : [ "[","\"Intervention, Not Performed\"",": " ]
                                    }, {
                                       "s" : [ {
                                          "value" : [ "\"Documentation of current medications (procedure)\"" ]
                                       } ]
                                    }, {
                                       "value" : [ "]" ]
                                    } ]
                                 } ]
                              }, {
                                 "value" : [ " )" ]
                              } ]
                           }, {
                              "value" : [ " ","MedicationsNotDocumented" ]
                           } ]
                        }, {
                           "value" : [ "\n      such that " ]
                        }, {
                           "r" : "58",
                           "s" : [ {
                              "r" : "53",
                              "s" : [ {
                                 "r" : "50",
                                 "s" : [ {
                                    "r" : "49",
                                    "s" : [ {
                                       "value" : [ "MedicationsNotDocumented" ]
                                    } ]
                                 }, {
                                    "value" : [ "." ]
                                 }, {
                                    "r" : "50",
                                    "s" : [ {
                                       "value" : [ "authorDatetime" ]
                                    } ]
                                 } ]
                              }, {
                                 "r" : "53",
                                 "value" : [ " ","during"," " ]
                              }, {
                                 "r" : "52",
                                 "s" : [ {
                                    "r" : "51",
                                    "s" : [ {
                                       "value" : [ "QualifyingEncounter" ]
                                    } ]
                                 }, {
                                    "value" : [ "." ]
                                 }, {
                                    "r" : "52",
                                    "s" : [ {
                                       "value" : [ "relevantPeriod" ]
                                    } ]
                                 } ]
                              } ]
                           }, {
                              "value" : [ "\n        and " ]
                           }, {
                              "r" : "57",
                              "s" : [ {
                                 "r" : "55",
                                 "s" : [ {
                                    "r" : "54",
                                    "s" : [ {
                                       "value" : [ "MedicationsNotDocumented" ]
                                    } ]
                                 }, {
                                    "value" : [ "." ]
                                 }, {
                                    "r" : "55",
                                    "s" : [ {
                                       "value" : [ "negationRationale" ]
                                    } ]
                                 } ]
                              }, {
                                 "value" : [ " in " ]
                              }, {
                                 "r" : "56",
                                 "s" : [ {
                                    "value" : [ "\"Medical Reason\"" ]
                                 } ]
                              } ]
                           } ]
                        } ]
                     } ]
                  } ]
               }
            } ],
            "expression" : {
               "localId" : "60",
               "locator" : "38:3-42:74",
               "type" : "Query",
               "source" : [ {
                  "localId" : "44",
                  "locator" : "38:3-38:70",
                  "alias" : "QualifyingEncounter",
                  "expression" : {
                     "localId" : "43",
                     "locator" : "38:3-38:50",
                     "name" : "Qualifying Encounter during Measurement Period",
                     "type" : "ExpressionRef"
                  }
               } ],
               "relationship" : [ {
                  "localId" : "59",
                  "locator" : "39:5-42:74",
                  "alias" : "MedicationsNotDocumented",
                  "type" : "With",
                  "expression" : {
                     "localId" : "47",
                     "locator" : "39:10-40:97",
                     "type" : "Union",
                     "operand" : [ {
                        "type" : "As",
                        "operand" : {
                           "localId" : "45",
                           "locator" : "39:12-39:91",
                           "dataType" : "{urn:healthit-gov:qdm:v5_6}NegativeProcedurePerformed",
                           "templateId" : "NegativeProcedurePerformed",
                           "codeProperty" : "code",
                           "codeComparator" : "~",
                           "type" : "Retrieve",
                           "codes" : {
                              "type" : "ToList",
                              "operand" : {
                                 "locator" : "39:41-39:90",
                                 "name" : "Documentation of current medications (procedure)",
                                 "type" : "CodeRef"
                              }
                           }
                        },
                        "asTypeSpecifier" : {
                           "type" : "ListTypeSpecifier",
                           "elementType" : {
                              "type" : "ChoiceTypeSpecifier",
                              "choice" : [ {
                                 "name" : "{urn:healthit-gov:qdm:v5_6}NegativeInterventionPerformed",
                                 "type" : "NamedTypeSpecifier"
                              }, {
                                 "name" : "{urn:healthit-gov:qdm:v5_6}NegativeProcedurePerformed",
                                 "type" : "NamedTypeSpecifier"
                              } ]
                           }
                        }
                     }, {
                        "type" : "As",
                        "operand" : {
                           "localId" : "46",
                           "locator" : "40:13-40:95",
                           "dataType" : "{urn:healthit-gov:qdm:v5_6}NegativeInterventionPerformed",
                           "templateId" : "NegativeInterventionPerformed",
                           "codeProperty" : "code",
                           "codeComparator" : "~",
                           "type" : "Retrieve",
                           "codes" : {
                              "type" : "ToList",
                              "operand" : {
                                 "locator" : "40:45-40:94",
                                 "name" : "Documentation of current medications (procedure)",
                                 "type" : "CodeRef"
                              }
                           }
                        },
                        "asTypeSpecifier" : {
                           "type" : "ListTypeSpecifier",
                           "elementType" : {
                              "type" : "ChoiceTypeSpecifier",
                              "choice" : [ {
                                 "name" : "{urn:healthit-gov:qdm:v5_6}NegativeInterventionPerformed",
                                 "type" : "NamedTypeSpecifier"
                              }, {
                                 "name" : "{urn:healthit-gov:qdm:v5_6}NegativeProcedurePerformed",
                                 "type" : "NamedTypeSpecifier"
                              } ]
                           }
                        }
                     } ]
                  },
                  "suchThat" : {
                     "localId" : "58",
                     "locator" : "41:17-42:74",
                     "type" : "And",
                     "operand" : [ {
                        "localId" : "53",
                        "locator" : "41:17-41:97",
                        "type" : "In",
                        "operand" : [ {
                           "localId" : "50",
                           "locator" : "41:17-41:55",
                           "path" : "authorDatetime",
                           "scope" : "MedicationsNotDocumented",
                           "type" : "Property"
                        }, {
                           "localId" : "52",
                           "locator" : "41:64-41:97",
                           "path" : "relevantPeriod",
                           "scope" : "QualifyingEncounter",
                           "type" : "Property"
                        } ]
                     }, {
                        "localId" : "57",
                        "locator" : "42:13-42:74",
                        "type" : "InValueSet",
                        "code" : {
                           "localId" : "55",
                           "locator" : "42:13-42:54",
                           "path" : "negationRationale",
                           "scope" : "MedicationsNotDocumented",
                           "type" : "Property"
                        },
                        "valueset" : {
                           "localId" : "56",
                           "locator" : "42:59-42:74",
                           "name" : "Medical Reason",
                           "type" : "ValueSetRef"
                        }
                     } ]
                  }
               } ]
            }
         }, {
            "localId" : "79",
            "locator" : "52:1-56:165",
            "name" : "Numerator",
            "context" : "Patient",
            "accessLevel" : "Public",
            "annotation" : [ {
               "type" : "Annotation",
               "s" : {
                  "r" : "79",
                  "s" : [ {
                     "value" : [ "","define ","\"Numerator\"",":\n  " ]
                  }, {
                     "r" : "78",
                     "s" : [ {
                        "s" : [ {
                           "r" : "63",
                           "s" : [ {
                              "r" : "62",
                              "s" : [ {
                                 "s" : [ {
                                    "value" : [ "\"Qualifying Encounter during Measurement Period\"" ]
                                 } ]
                              } ]
                           }, {
                              "value" : [ " ","QualifyingEncounter" ]
                           } ]
                        } ]
                     }, {
                        "value" : [ "\n    " ]
                     }, {
                        "r" : "77",
                        "s" : [ {
                           "value" : [ "with " ]
                        }, {
                           "r" : "67",
                           "s" : [ {
                              "r" : "66",
                              "s" : [ {
                                 "value" : [ "( " ]
                              }, {
                                 "r" : "66",
                                 "s" : [ {
                                    "r" : "64",
                                    "s" : [ {
                                       "value" : [ "[","\"Procedure, Performed\"",": " ]
                                    }, {
                                       "s" : [ {
                                          "value" : [ "\"Documentation of current medications (procedure)\"" ]
                                       } ]
                                    }, {
                                       "value" : [ "]" ]
                                    } ]
                                 }, {
                                    "value" : [ "\n      union " ]
                                 }, {
                                    "r" : "65",
                                    "s" : [ {
                                       "value" : [ "[","\"Intervention, Performed\"",": " ]
                                    }, {
                                       "s" : [ {
                                          "value" : [ "\"Documentation of current medications (procedure)\"" ]
                                       } ]
                                    }, {
                                       "value" : [ "]" ]
                                    } ]
                                 } ]
                              }, {
                                 "value" : [ " )" ]
                              } ]
                           }, {
                              "value" : [ " ","MedicationsDocumented" ]
                           } ]
                        }, {
                           "value" : [ "\n      such that " ]
                        }, {
                           "r" : "76",
                           "s" : [ {
                              "r" : "73",
                              "s" : [ {
                                 "r" : "68",
                                 "s" : [ {
                                    "value" : [ "Global" ]
                                 } ]
                              }, {
                                 "value" : [ "." ]
                              }, {
                                 "r" : "73",
                                 "s" : [ {
                                    "value" : [ "\"NormalizeInterval\""," ( " ]
                                 }, {
                                    "r" : "70",
                                    "s" : [ {
                                       "r" : "69",
                                       "s" : [ {
                                          "value" : [ "MedicationsDocumented" ]
                                       } ]
                                    }, {
                                       "value" : [ "." ]
                                    }, {
                                       "r" : "70",
                                       "s" : [ {
                                          "value" : [ "relevantDatetime" ]
                                       } ]
                                    } ]
                                 }, {
                                    "value" : [ ", " ]
                                 }, {
                                    "r" : "72",
                                    "s" : [ {
                                       "r" : "71",
                                       "s" : [ {
                                          "value" : [ "MedicationsDocumented" ]
                                       } ]
                                    }, {
                                       "value" : [ "." ]
                                    }, {
                                       "r" : "72",
                                       "s" : [ {
                                          "value" : [ "relevantPeriod" ]
                                       } ]
                                    } ]
                                 }, {
                                    "value" : [ " )" ]
                                 } ]
                              } ]
                           }, {
                              "r" : "76",
                              "value" : [ " ","during"," " ]
                           }, {
                              "r" : "75",
                              "s" : [ {
                                 "r" : "74",
                                 "s" : [ {
                                    "value" : [ "QualifyingEncounter" ]
                                 } ]
                              }, {
                                 "value" : [ "." ]
                              }, {
                                 "r" : "75",
                                 "s" : [ {
                                    "value" : [ "relevantPeriod" ]
                                 } ]
                              } ]
                           } ]
                        } ]
                     } ]
                  } ]
               }
            } ],
            "expression" : {
               "localId" : "78",
               "locator" : "53:3-56:165",
               "type" : "Query",
               "source" : [ {
                  "localId" : "63",
                  "locator" : "53:3-53:70",
                  "alias" : "QualifyingEncounter",
                  "expression" : {
                     "localId" : "62",
                     "locator" : "53:3-53:50",
                     "name" : "Qualifying Encounter during Measurement Period",
                     "type" : "ExpressionRef"
                  }
               } ],
               "relationship" : [ {
                  "localId" : "77",
                  "locator" : "54:5-56:165",
                  "alias" : "MedicationsDocumented",
                  "type" : "With",
                  "expression" : {
                     "localId" : "66",
                     "locator" : "54:10-55:93",
                     "type" : "Union",
                     "operand" : [ {
                        "type" : "As",
                        "operand" : {
                           "localId" : "64",
                           "locator" : "54:12-54:87",
                           "dataType" : "{urn:healthit-gov:qdm:v5_6}PositiveProcedurePerformed",
                           "templateId" : "PositiveProcedurePerformed",
                           "codeProperty" : "code",
                           "codeComparator" : "~",
                           "type" : "Retrieve",
                           "codes" : {
                              "type" : "ToList",
                              "operand" : {
                                 "locator" : "54:37-54:86",
                                 "name" : "Documentation of current medications (procedure)",
                                 "type" : "CodeRef"
                              }
                           }
                        },
                        "asTypeSpecifier" : {
                           "type" : "ListTypeSpecifier",
                           "elementType" : {
                              "type" : "ChoiceTypeSpecifier",
                              "choice" : [ {
                                 "name" : "{urn:healthit-gov:qdm:v5_6}PositiveInterventionPerformed",
                                 "type" : "NamedTypeSpecifier"
                              }, {
                                 "name" : "{urn:healthit-gov:qdm:v5_6}PositiveProcedurePerformed",
                                 "type" : "NamedTypeSpecifier"
                              } ]
                           }
                        }
                     }, {
                        "type" : "As",
                        "operand" : {
                           "localId" : "65",
                           "locator" : "55:13-55:91",
                           "dataType" : "{urn:healthit-gov:qdm:v5_6}PositiveInterventionPerformed",
                           "templateId" : "PositiveInterventionPerformed",
                           "codeProperty" : "code",
                           "codeComparator" : "~",
                           "type" : "Retrieve",
                           "codes" : {
                              "type" : "ToList",
                              "operand" : {
                                 "locator" : "55:41-55:90",
                                 "name" : "Documentation of current medications (procedure)",
                                 "type" : "CodeRef"
                              }
                           }
                        },
                        "asTypeSpecifier" : {
                           "type" : "ListTypeSpecifier",
                           "elementType" : {
                              "type" : "ChoiceTypeSpecifier",
                              "choice" : [ {
                                 "name" : "{urn:healthit-gov:qdm:v5_6}PositiveInterventionPerformed",
                                 "type" : "NamedTypeSpecifier"
                              }, {
                                 "name" : "{urn:healthit-gov:qdm:v5_6}PositiveProcedurePerformed",
                                 "type" : "NamedTypeSpecifier"
                              } ]
                           }
                        }
                     } ]
                  },
                  "suchThat" : {
                     "localId" : "76",
                     "locator" : "56:17-56:165",
                     "type" : "IncludedIn",
                     "operand" : [ {
                        "localId" : "73",
                        "locator" : "56:17-56:123",
                        "name" : "NormalizeInterval",
                        "libraryName" : "Global",
                        "type" : "FunctionRef",
                        "operand" : [ {
                           "localId" : "70",
                           "locator" : "56:46-56:83",
                           "path" : "relevantDatetime",
                           "scope" : "MedicationsDocumented",
                           "type" : "Property"
                        }, {
                           "localId" : "72",
                           "locator" : "56:86-56:121",
                           "path" : "relevantPeriod",
                           "scope" : "MedicationsDocumented",
                           "type" : "Property"
                        } ]
                     }, {
                        "localId" : "75",
                        "locator" : "56:132-56:165",
                        "path" : "relevantPeriod",
                        "scope" : "QualifyingEncounter",
                        "type" : "Property"
                     } ]
                  }
               } ]
            }
         } ]
      }
   }
}