<?xml version="1.0" encoding="UTF-8" standalone="yes"?>
<QualityMeasureDocument xmlns="urn:hl7-org:v3" xmlns:cql-ext="urn:hhs-cql:hqmf-n1-extensions:v1"
                        xmlns:xsi="http://www.w3.org/2001/XMLSchema-instance">

      <!--
            **************************************************************
            Measure Details Section
            **************************************************************
        -->

      <typeId extension="POQM_HD000001UV02" root="2.16.840.1.113883.1.3"/>
   <templateId>
      <item extension="2021-02-01" root="2.16.840.1.113883.10.20.28.1.2"/>
   </templateId>
   <id root="2c928082-86db-6718-0187-09773acf09d0"/>
   <code code="57024-2" codeSystem="2.16.840.1.113883.6.1">
      <displayName value="Health Quality Measure Document"/>
   </code>
   <title
          value="Preventive Care and Screening: Screening for High Blood Pressure and Follow-Up Documented"/>
   <text
         value="Percentage of patient visits for patients aged 18 years and older seen during the measurement period who were screened for high blood pressure AND a recommended follow-up plan is documented, as indicated, if blood pressure is elevated or hypertensive"/>
   <statusCode code="COMPLETED"/>
   <setId root="9a033a94-3d9b-11e1-8634-00237d5bf174"/>
   <versionNumber value="12.1.000"/>
   <author>
      <responsibleParty classCode="ASSIGNED">
         <representedResponsibleOrganization classCode="ORG" determinerCode="INSTANCE">
            <id>
               <item root="2.16.840.1.113883.3.1240"/>
            </id>
            <name>
               <item>
                  <part value="Mathematica"/>
               </item>
            </name>
         </representedResponsibleOrganization>
      </responsibleParty>
   </author>
   <custodian>
      <responsibleParty classCode="ASSIGNED">
         <representedResponsibleOrganization classCode="ORG" determinerCode="INSTANCE">
            <id>
               <item root="93"/>
            </id>
            <name>
               <item>
                  <part value="Centers for Medicare &amp; Medicaid Services (CMS)"/>
               </item>
            </name>
         </representedResponsibleOrganization>
      </responsibleParty>
   </custodian>
   <!--Payer-->
     	 <definition>
      <valueSet classCode="OBS" moodCode="DEF">
         <id root="2.16.840.1.114222.4.11.3591"/>
         <title value="Payer"/>
      </valueSet>
   </definition>
   <!--Lifestyle Recommendation-->
     	 <definition>
      <valueSet classCode="OBS" moodCode="DEF">
         <id root="2.16.840.1.113883.3.526.3.1581"/>
         <title value="Lifestyle Recommendation"/>
      </valueSet>
   </definition>
   <!--ONC Administrative Sex-->
     	 <definition>
      <valueSet classCode="OBS" moodCode="DEF">
         <id root="2.16.840.1.113762.1.4.1"/>
         <title value="ONC Administrative Sex"/>
      </valueSet>
   </definition>
   <!--Dietary Recommendations-->
     	 <definition>
      <valueSet classCode="OBS" moodCode="DEF">
         <id root="2.16.840.1.113883.3.600.1515"/>
         <title value="Dietary Recommendations"/>
      </valueSet>
   </definition>
   <!--Weight Reduction Recommended-->
     	 <definition>
      <valueSet classCode="OBS" moodCode="DEF">
         <id root="2.16.840.1.113883.3.600.1510"/>
         <title value="Weight Reduction Recommended"/>
      </valueSet>
   </definition>
   <!--Recommendation to Increase Physical Activity-->
     	 <definition>
      <valueSet classCode="OBS" moodCode="DEF">
         <id root="2.16.840.1.113883.3.600.1518"/>
         <title value="Recommendation to Increase Physical Activity"/>
      </valueSet>
   </definition>
   <!--Diagnosis of Hypertension-->
     	 <definition>
      <valueSet classCode="OBS" moodCode="DEF">
         <id root="2.16.840.1.113883.3.600.263"/>
         <title value="Diagnosis of Hypertension"/>
      </valueSet>
   </definition>
   <!--Ethnicity-->
     	 <definition>
      <valueSet classCode="OBS" moodCode="DEF">
         <id root="2.16.840.1.114222.4.11.837"/>
         <title value="Ethnicity"/>
      </valueSet>
   </definition>
   <!--Referral to Primary Care or Alternate Provider-->
     	 <definition>
      <valueSet classCode="OBS" moodCode="DEF">
         <id root="2.16.840.1.113883.3.526.3.1580"/>
         <title value="Referral to Primary Care or Alternate Provider"/>
      </valueSet>
   </definition>
   <!--Race-->
     	 <definition>
      <valueSet classCode="OBS" moodCode="DEF">
         <id root="2.16.840.1.114222.4.11.836"/>
         <title value="Race"/>
      </valueSet>
   </definition>
   <!--Laboratory Tests for Hypertension-->
     	 <definition>
      <valueSet classCode="OBS" moodCode="DEF">
         <id root="2.16.840.1.113883.3.600.1482"/>
         <title value="Laboratory Tests for Hypertension"/>
      </valueSet>
   </definition>
   <!--Pharmacologic Therapy for Hypertension-->
     	 <definition>
      <valueSet classCode="OBS" moodCode="DEF">
         <id root="2.16.840.1.113883.3.526.1577"/>
         <title value="Pharmacologic Therapy for Hypertension"/>
      </valueSet>
   </definition>
   <!--Encounter to Screen for Blood Pressure-->
     	 <definition>
      <valueSet classCode="OBS" moodCode="DEF">
         <id root="2.16.840.1.113883.3.600.1920"/>
         <title value="Encounter to Screen for Blood Pressure"/>
      </valueSet>
   </definition>
   <!--Referral or Counseling for Alcohol Consumption-->
     	 <definition>
      <valueSet classCode="OBS" moodCode="DEF">
         <id root="2.16.840.1.113883.3.526.3.1583"/>
         <title value="Referral or Counseling for Alcohol Consumption"/>
      </valueSet>
   </definition>
   <!--Follow Up Within 4 Weeks-->
     	 <definition>
      <valueSet classCode="OBS" moodCode="DEF">
         <id root="2.16.840.1.113883.3.526.3.1578"/>
         <title value="Follow Up Within 4 Weeks"/>
      </valueSet>
   </definition>
   <!--Finding of Elevated Blood Pressure or Hypertension-->
     	 <definition>
      <valueSet classCode="OBS" moodCode="DEF">
         <id root="2.16.840.1.113762.1.4.1047.514"/>
         <title value="Finding of Elevated Blood Pressure or Hypertension"/>
      </valueSet>
   </definition>
   <!--Medical Reason-->
     	 <definition>
      <valueSet classCode="OBS" moodCode="DEF">
         <id root="2.16.840.1.113883.3.526.3.1007"/>
         <title value="Medical Reason"/>
      </valueSet>
   </definition>
   <!--Patient Declined-->
     	 <definition>
      <valueSet classCode="OBS" moodCode="DEF">
         <id root="2.16.840.1.113883.3.526.3.1582"/>
         <title value="Patient Declined"/>
      </valueSet>
   </definition>
   <!--Systolic blood pressure-CODE:/CodeSystem/LOINC/Version/2.73/Code/8480-6/Info-->
      <definition>
      <cql-ext:code code="8480-6" codeSystem="2.16.840.1.113883.6.1" codeSystemName="LOINC">
         <displayName value="Systolic blood pressure"/>
      </cql-ext:code>
   </definition>
   <!--EKG study-CODE:/CodeSystem/LOINC/Version/2.73/Code/11524-6/Info-->
      <definition>
      <cql-ext:code code="11524-6" codeSystem="2.16.840.1.113883.6.1" codeSystemName="LOINC">
         <displayName value="EKG study"/>
      </cql-ext:code>
   </definition>
   <!--Diastolic blood pressure-CODE:/CodeSystem/LOINC/Version/2.73/Code/8462-4/Info-->
      <definition>
      <cql-ext:code code="8462-4" codeSystem="2.16.840.1.113883.6.1" codeSystemName="LOINC">
         <displayName value="Diastolic blood pressure"/>
      </cql-ext:code>
   </definition>
   <!--Follow-up 4-6 months (finding)-CODE:/CodeSystem/SNOMEDCT/Version/2022-09/Code/183625007/Info-->
      <definition>
      <cql-ext:code code="183625007" codeSystem="2.16.840.1.113883.6.96" codeSystemName="SNOMEDCT">
         <displayName value="Follow-up 4-6 months (finding)"/>
      </cql-ext:code>
   </definition>
   <!--Follow-up 2-3 months (finding)-CODE:/CodeSystem/SNOMEDCT/Version/2022-09/Code/183624006/Info-->
      <definition>
      <cql-ext:code code="183624006" codeSystem="2.16.840.1.113883.6.96" codeSystemName="SNOMEDCT">
         <displayName value="Follow-up 2-3 months (finding)"/>
      </cql-ext:code>
   </definition>
   <!--12 lead EKG panel-CODE:/CodeSystem/LOINC/Version/2.73/Code/34534-8/Info-->
      <definition>
      <cql-ext:code code="34534-8" codeSystem="2.16.840.1.113883.6.1" codeSystemName="LOINC">
         <displayName value="12 lead EKG panel"/>
      </cql-ext:code>
   </definition>
   <!--virtual-CODE:/CodeSystem/ActCode/Version/2022-11/Code/VR/Info-->
      <definition>
      <cql-ext:code code="VR" codeSystem="2.16.840.1.113883.5.4" codeSystemName="ActCode">
         <displayName value="virtual"/>
      </cql-ext:code>
   </definition>
   <relatedDocument typeCode="COMP">
      <expressionDocument>
         <id root="52DD91C0-28A8-4A7E-9D77-6AF0F854BD96"/>
         <text mediaType="text/cql">
            <reference value="https://emeasuretool.cms.gov/libraries/9a033a94-3d9b-11e1-8634-00237d5bf174/CMS22-v12-1-000-QDM-5-6.cql"/>
            <translation mediaType="application/elm+xml">
               <reference value="https://emeasuretool.cms.gov/libraries/9a033a94-3d9b-11e1-8634-00237d5bf174/CMS22-v12-1-000-QDM-5-6.xml"/>
            </translation>
            <translation mediaType="application/elm+json">
               <reference value="https://emeasuretool.cms.gov/libraries/9a033a94-3d9b-11e1-8634-00237d5bf174/CMS22-v12-1-000-QDM-5-6.json"/>
            </translation>
         </text>
         <setId extension="9a033a94-3d9b-11e1-8634-00237d5bf174"
                identifierName="PCS-BPScreeningFollowUp"
                root="https://emeasuretool.cms.gov/libraries"/>
         <versionNumber value="12.1.000"/>
      </expressionDocument>
   </relatedDocument>
   <relatedDocument typeCode="COMP">
      <expressionDocument>
         <id root="2c9280857b2aeb52017b5f8b96c31ff8"/>
         <text mediaType="text/cql">
            <reference value="https://emeasuretool.cms.gov/libraries/8bdc0a19-b210-4a58-8a07-f5d95a34eca9/MATGlobalCommonFunctions-v7-0-000-QDM-5-6.cql"/>
            <translation mediaType="application/elm+xml">
               <reference value="https://emeasuretool.cms.gov/libraries/8bdc0a19-b210-4a58-8a07-f5d95a34eca9/MATGlobalCommonFunctions-v7-0-000-QDM-5-6.xml"/>
            </translation>
            <translation mediaType="application/elm+json">
               <reference value="https://emeasuretool.cms.gov/libraries/8bdc0a19-b210-4a58-8a07-f5d95a34eca9/MATGlobalCommonFunctions-v7-0-000-QDM-5-6.json"/>
            </translation>
         </text>
         <setId extension="8bdc0a19-b210-4a58-8a07-f5d95a34eca9"
                identifierName="MATGlobalCommonFunctions"
                root="https://emeasuretool.cms.gov/libraries"/>
         <versionNumber value="7.0.000"/>
      </expressionDocument>
   </relatedDocument>
   <controlVariable>
      <measurePeriod>
         <id extension="measureperiod" root="20990ae8-8966-4205-9f77-87501a66357c"/>
         <code code="MSRTP" codeSystem="2.16.840.1.113883.5.4">
            <originalText value="Measurement Period"/>
         </code>
         <value xsi:type="PIVL_TS">
            <phase highClosed="true" lowClosed="true">
               <low value="20230101"/>
               <width unit="a" value="1" xsi:type="PQ"/>
            </phase>
            <period unit="a" value="1"/>
         </value>
      </measurePeriod>
   </controlVariable>
   <subjectOf>
      <measureAttribute>
         <code nullFlavor="OTH">
            <originalText value="eCQM Identifier (Measure Authoring Tool)"/>
         </code>
         <value mediaType="text/plain" value="22" xsi:type="ED"/>
      </measureAttribute>
   </subjectOf>
   <subjectOf>
      <measureAttribute>
         <code nullFlavor="OTH">
            <originalText value="NQF Number"/>
         </code>
         <value mediaType="text/plain" value="Not Applicable" xsi:type="ED"/>
      </measureAttribute>
   </subjectOf>
   <subjectOf>
      <measureAttribute>
         <code code="COPY" codeSystem="2.16.840.1.113883.5.4">
            <displayName value="Copyright"/>
         </code>
         <value mediaType="text/plain"
                value="Limited proprietary coding is contained in the measure specifications for convenience. Users of the proprietary code sets should obtain all necessary licenses from the owners of these code sets. &#xA;&#xA;CPT(R) contained in the Measure specifications is copyright 2004-2022 American Medical Association. LOINC(R) is copyright 2004-2022 Regenstrief Institute, Inc. This material contains SNOMED Clinical Terms(R) (SNOMED CT[R]) copyright 2004-2022 International Health Terminology Standards Development Organisation. ICD-10 is copyright 2022 World Health Organization. All Rights Reserved."
                xsi:type="ED"/>
      </measureAttribute>
   </subjectOf>
   <subjectOf>
      <measureAttribute>
         <code code="DISC" codeSystem="2.16.840.1.113883.5.4">
            <displayName value="Disclaimer"/>
         </code>
         <value mediaType="text/plain"
                value="These performance measures are not clinical guidelines and do not establish a standard of medical care, and have not been tested for all potential applications.&#xA;&#xA;THE MEASURES AND SPECIFICATIONS ARE PROVIDED &quot;AS IS&quot; WITHOUT WARRANTY OF ANY KIND.&#xA;&#xA;Due to technical limitations, registered trademarks are indicated by (R) or [R] and unregistered trademarks are indicated by (TM) or [TM]."
                xsi:type="ED"/>
      </measureAttribute>
   </subjectOf>
   <subjectOf>
      <measureAttribute>
         <code code="MSRSCORE" codeSystem="2.16.840.1.113883.5.4">
            <displayName value="Measure Scoring"/>
         </code>
         <value code="PROPOR" codeSystem="2.16.840.1.113883.5.1063" xsi:type="CD">
            <displayName value="Proportion"/>
         </value>
      </measureAttribute>
   </subjectOf>
   <subjectOf>
      <measureAttribute>
         <code code="MSRTYPE" codeSystem="2.16.840.1.113883.5.4">
            <displayName value="Measure Type"/>
         </code>
         <value code="PROCESS" codeSystem="2.16.840.1.113883.5.1063" xsi:type="CD">
            <displayName value="PROCESS"/>
         </value>
      </measureAttribute>
   </subjectOf>
   <subjectOf>
      <measureAttribute>
         <code code="STRAT" codeSystem="2.16.840.1.113883.5.4">
            <displayName value="Stratification"/>
         </code>
         <value mediaType="text/plain" value="None" xsi:type="ED"/>
      </measureAttribute>
   </subjectOf>
   <subjectOf>
      <measureAttribute>
         <code code="MSRADJ" codeSystem="2.16.840.1.113883.5.4">
            <displayName value="Risk Adjustment"/>
         </code>
         <value mediaType="text/plain" value="None" xsi:type="ED"/>
      </measureAttribute>
   </subjectOf>
   <subjectOf>
      <measureAttribute>
         <code code="MSRAGG" codeSystem="2.16.840.1.113883.5.4">
            <displayName value="Rate Aggregation"/>
         </code>
         <value mediaType="text/plain" value="None" xsi:type="ED"/>
      </measureAttribute>
   </subjectOf>
   <subjectOf>
      <measureAttribute>
         <code code="RAT" codeSystem="2.16.840.1.113883.5.4">
            <displayName value="Rationale"/>
         </code>
         <value mediaType="text/plain"
                value="Hypertension is a prevalent condition that affects approximately 66.9 million people in the United States. It is estimated that about 20-40% of the adult population has hypertension; the majority of people over age 65 have a hypertension diagnosis (Appleton et al., 2013 and Luehr et al., 2012). Winter (2013) noted that 1 in 3 American adults have hypertension and the lifetime risk of developing hypertension is 90%. The African American population or non-Hispanic Blacks, the elderly, diabetics and those with chronic kidney disease are at increased risk of stroke, myocardial infarction and renal disease. Non-Hispanic Blacks have the highest prevalence at 38.6% (Winter et al., 2013). Hypertension is a major risk factor for ischemic heart disease, left ventricular hypertrophy, renal failure, stroke and dementia (Luehr et al., 2012). Prevention of hypertension and the treatment of established hypertension are complementary approaches to reducing cardiovascular disease risk in the population, but prevention of hypertension provides the optimal means of reducing risk and avoiding harmful consequences. Periodic blood pressure (BP) screening can identify individuals who develop elevated BP over time. More frequent BP screening may be particularly important for individuals with elevated atherosclerotic cardiovascular disease (ASCVD) risk (Whelton et al., 2018).  &#xA;&#xA;Hypertension is the most common reason for adult office visits other than pregnancy. Garrison (2013) stated that in 2007, 42 million ambulatory visits were attributed to hypertension (Garrison &amp; Oberhelman, 2013). It also has the highest utilization of prescription drugs. Numerous resources and treatment options are available, yet only about 40-50% of the hypertensive patients have their blood pressure under control (&lt;140/90) (Appleton et al., 2013 and Luehr et al., 2012). In addition to medication non-compliance, poor outcomes are also attributed to poor adherence to lifestyle changes such as a low-sodium diet, weight loss, increased exercise and limiting alcohol intake. Many adults find it difficult to continue medications and lifestyle changes when they are asymptomatic. Symptoms of elevated blood pressure usually do not occur until secondary problems arise such as with vascular diseases (myocardial infarction, stroke, heart failure and renal insufficiency) (Luehr et al., 2012).&#xA;&#xA;Appropriate follow-up after blood pressure measurement is a pivotal component in preventing the progression of hypertension and the development of heart disease. Detection of marginally or fully elevated blood pressure by a specialty clinician warrants referral to a provider familiar with the management of hypertension and prehypertension. &#xA;&#xA;The American College of Cardiology/American Heart Association (ACC/AHA) 2017 Guidelines provide updated recommendations for ASCVD risk. For additional information please refer to the 2017 ACC/AHA guidelines: https://www.acc.org/latest-in-cardiology/ten-points-to-remember/2017/11/09/11/41/2017-guideline-for-high-blood-pressure-in-adults.&#xA;&#xA;Lifestyle modifications have demonstrated effectiveness in lowering blood pressure (U.S. Department of Health and Human Services, 2003). The synergistic effect of several lifestyle modifications results in greater benefits than a single modification alone. Baseline diagnostic/laboratory testing establishes if a co-existing underlying condition is the etiology of hypertension and evaluates if end organ damage from hypertension has already occurred. Landmark trials such as the Antihypertensive and Lipid-Lowering Treatment to Prevent Heart Attack Trial (ALLHAT) have repeatedly proven the efficacy of pharmacologic therapy to control blood pressure and reduce the complications of hypertension. A review of 35 studies found that the pharmacist-led interventions involved medication counseling and patient education. Twenty-nine of the 35 studies showed statistically significant improvement in BP levels of the intervention groups at follow-up (Reeves et al., 2020). Follow-up intervals based on blood pressure control have been established by the 2017 ACC/AHA guideline and the United States Preventive Services Task Force (Whelton et al., 2018; USPSTF, 2021)."
                xsi:type="ED"/>
      </measureAttribute>
   </subjectOf>
   <subjectOf>
      <measureAttribute>
         <code code="CRS" codeSystem="2.16.840.1.113883.5.4">
            <displayName value="Clinical Recommendation Statement"/>
         </code>
         <value mediaType="text/plain"
                value="The U.S. Preventive Services Task Force (USPSTF, 2021) recommends screening for high blood pressure in adults aged 18 years and older. This is a grade A recommendation."
                xsi:type="ED"/>
      </measureAttribute>
   </subjectOf>
   <subjectOf>
      <measureAttribute>
         <code code="IDUR" codeSystem="2.16.840.1.113883.5.4">
            <displayName value="Improvement Notation"/>
         </code>
         <value mediaType="text/plain" value="Higher score indicates better quality"
                xsi:type="ED"/>
      </measureAttribute>
   </subjectOf>
   <subjectOf>
      <measureAttribute>
         <code code="REF" codeSystem="2.16.840.1.113883.5.4">
            <displayName value="Reference"/>
         </code>
         <value mediaType="text/plain"
                value="CITATIONAppleton, S. L., Neo, C., Hill, C. L., Douglas, K. A., &amp; Adams, R. J. (2013). Untreated hypertension: prevalence and patient factors and beliefs associated with under-treatment in a population sample. Journal of Human Hypertension, 27, 453-462. https://doi.org/10.1038/jhh.2012.62"
                xsi:type="ED"/>
      </measureAttribute>
   </subjectOf>
   <subjectOf>
      <measureAttribute>
         <code code="REF" codeSystem="2.16.840.1.113883.5.4">
            <displayName value="Reference"/>
         </code>
         <value mediaType="text/plain"
                value="CITATIONGarrison, G. M. &amp; Oberhelman, S. (2013). Screening for hypertension annually compared with current practice. Annals of Family Medicine, 11 (2), 116-121. doi:10.1370/afm.1467"
                xsi:type="ED"/>
      </measureAttribute>
   </subjectOf>
   <subjectOf>
      <measureAttribute>
         <code code="REF" codeSystem="2.16.840.1.113883.5.4">
            <displayName value="Reference"/>
         </code>
         <value mediaType="text/plain"
                value="CITATIONLuehr, D., Woolley, T., Burke, R., Dohmen, F., Hayes, R., Johnson, M...., Schoenleber, M. (2012). Hypertension diagnosis and treatment; Institute for Clinical Systems Improvement health care guideline. Updated November, 2012"
                xsi:type="ED"/>
      </measureAttribute>
   </subjectOf>
   <subjectOf>
      <measureAttribute>
         <code code="REF" codeSystem="2.16.840.1.113883.5.4">
            <displayName value="Reference"/>
         </code>
         <value mediaType="text/plain"
                value="CITATIONReeves, L., Robinson, K., McClelland, T., Adedoyin, C., Broeseker, A., and Adunlin, G. (2020). Pharmacist Interventions in the Management of Blood Pressure Control and Adherence to Antihypertensive Medications: A Systematic Review of Randomized Controlled Trials. Journal of Pharmacy Practice. Available at https://doi.org/10.1177/0897190020903573. Accessed October 5, 2020"
                xsi:type="ED"/>
      </measureAttribute>
   </subjectOf>
   <subjectOf>
      <measureAttribute>
         <code code="REF" codeSystem="2.16.840.1.113883.5.4">
            <displayName value="Reference"/>
         </code>
         <value mediaType="text/plain"
                value="CITATIONU.S. Department of Health and Human Services, National Institutes of Health, National Heart, Lung, and Blood Institute &amp; National High Blood Pressure Education Program (2003). The Seventh Report of the Joint National Committee on the Prevention, Detection, Evaluation, and Treatment of High Blood Pressure (JNC-7). NIH Publication No. 03-5233"
                xsi:type="ED"/>
      </measureAttribute>
   </subjectOf>
   <subjectOf>
      <measureAttribute>
         <code code="REF" codeSystem="2.16.840.1.113883.5.4">
            <displayName value="Reference"/>
         </code>
         <value mediaType="text/plain"
                value="CITATIONU.S. Preventive Services Task Force (USPSTF) (2021). Screening for hypertension in adults. US Preventive Services Task Force reaffirmation recommendation statement. Journal of the American Medical Association, 325(16): 1650-1656. doi:10.1001/jama.2021.4987"
                xsi:type="ED"/>
      </measureAttribute>
   </subjectOf>
   <subjectOf>
      <measureAttribute>
         <code code="REF" codeSystem="2.16.840.1.113883.5.4">
            <displayName value="Reference"/>
         </code>
         <value mediaType="text/plain"
                value="CITATIONWhelton, P.K., Carey, R.M., Aronow, W.S., Casey, D.E., Collins, K., Dennison Himmelfarb, C., Depalma, S.M., Gidding, S., Jamerson, K.A., Jones, D.W., MacLaughlin, E.J, Muntener, P., Ovbiaggele, B., Smith, S.C., Spencer, C.C., Stafford, R.S., Taler, S.J., Thomas, R.J., Williams, K. A., Williamson, J.D., Wright, J.T., (2018). 2017 ACC/AHA/AAPA/ABC/ACPM/AGS/APhA/ASH/ASPC/NMA/PCNA Guideline for the Prevention, Detection, Evaluation, and Management of High Blood Pressure in Adults: A Report of the American College of Cardiology/American Heart Association Task Force on Clinical Practice Guidelines. Hypertension, 71(6), e13-e115. doi.org/10.1161/HYP.0000000000000065"
                xsi:type="ED"/>
      </measureAttribute>
   </subjectOf>
   <subjectOf>
      <measureAttribute>
         <code code="REF" codeSystem="2.16.840.1.113883.5.4">
            <displayName value="Reference"/>
         </code>
         <value mediaType="text/plain"
                value="CITATIONWinter, K. H., Tuttle, L. A. &amp; Viera, A.J. (2013). Hypertension. Primary Care Clinics in Office Practice, 40, 179-194. doi:10.1016/j.pop.2012.11.008"
                xsi:type="ED"/>
      </measureAttribute>
   </subjectOf>
   <subjectOf>
      <measureAttribute>
         <code code="DEF" codeSystem="2.16.840.1.113883.5.4">
            <displayName value="Definition"/>
         </code>
         <value mediaType="text/plain"
                value="Blood Pressure (BP) Classification: &#xA;BP is defined by four (4) BP reading classifications: Normal, Elevated, First Hypertensive, and Second Hypertensive Readings&#xA;-Normal BP: Systolic BP (SBP) &lt; 120 mmHg AND Diastolic BP (DBP) &lt; 80 mmHg&#xA;-Elevated BP: SBP of 120-129 mmHg AND DBP &lt; 80 mmHg&#xA;-First Hypertensive Reading: SBP of &gt;= 130 mmHg OR DBP of &gt;= 80 mmHg without a previous SBP of &gt;= 130 mmHg OR DBP of &gt;= 80 mmHg during the 12 months prior to the encounter&#xA;-Second Hypertensive Reading: Requires a SBP &gt;= 130 mmHg OR DBP &gt;= 80 mmHg during the current encounter AND a most recent BP reading within the last 12 months SBP &gt;= 130 mmHg OR DBP &gt;= 80 mmHg&#xA;&#xA;Recommended BP Follow-Up: &#xA;The 2017 Guideline for the Prevention, Detection, Evaluation and Management of High Blood Pressure in Adults from the American College of Cardiology and American Heart Association recommends BP screening thresholds as defined under Blood Pressure Classifications and recommends interventions based on the current BP reading as listed in the &quot;Recommended Blood Pressure Follow-Up Interventions&quot; below (Whelton et al., 2018).&#xA;&#xA;The types of Recommended Nonpharmacologic Interventions, such as lifestyle modifications, are listed following the section on Recommended Follow-Up Interventions based on BP Classification. &#xA;&#xA;Recommended Blood Pressure Follow-Up Interventions:&#xA;-Normal BP: No follow-up required for SBP &lt; 120 mmHg AND DBP &lt; 80 mmHg  &#xA;-Elevated BP: Patients with SBP of 120-129 mmHg AND DBP &lt; 80 mmHg: &#xA;   -Referral to Alternate/Primary Care Health Care Professional&#xA;   OR&#xA;   -Follow-up with rescreen in 2 to 6 months AND recommend nonpharmacologic interventions               &#xA;-First Hypertensive BP Reading: Patients with one elevated reading of SBP &gt;= 130 mmHg&#xA; OR DBP &gt;= 80 mmHg: &#xA;   -Referral to Alternate/Primary Care Health Care Professional  &#xA;    OR&#xA;    -Follow-up with rescreen &gt; 1 day and &lt; 4 weeks AND recommend nonpharmacologic interventions&#xA;-Second Hypertensive BP Reading:&#xA;   -Second Hypertensive BP Reading: Patients with second elevated reading of &#xA;           SBP of 130-139 mmHg OR DBP of 80-89 mmHg (and not SBP &gt;=140 OR DBP &gt;=90):&#xA;          -Referral to Alternate/Primary Care Healthcare Professional &#xA;           OR&#xA;          -Nonpharmacologic intervention AND reassessment in 2-6 months &#xA;             AND an order for a laboratory test or ECG for hypertension&#xA;   -Second Hypertensive BP Reading: SBP&gt;=140 or DBP&gt;=90:&#xA;          -Referral to Alternate/Primary Care Healthcare Professional &#xA;           OR&#xA;          -Nonpharmacologic intervention AND BP-lowering medication &#xA;           AND reassessment within 4 weeks AND an order for a laboratory test or ECG for hypertension&#xA;&#xA;The 2017 Guideline outlines nonpharmacologic interventions (lifestyle modifications) which must include one or more of the following as indicated:&#xA;-Weight Reduction&#xA;-Dietary Approaches to Stop Hypertension (DASH) Eating Plan &#xA;-Dietary Sodium Restriction&#xA;-Increased Physical Activity&#xA;-Moderation in alcohol (ethanol alcohol (ETOH))"
                xsi:type="ED"/>
      </measureAttribute>
   </subjectOf>
   <subjectOf>
      <measureAttribute>
         <code code="GUIDE" codeSystem="2.16.840.1.113883.5.4">
            <displayName value="Guidance"/>
         </code>
         <value mediaType="text/plain"
                value="This eCQM is an episode-based measure. An episode is defined as each eligible encounter for patients aged 18 years and older during the measurement period. This measure should be reported for every visit. The measure requires that blood pressure measurements (i.e., diastolic and systolic) be obtained during each visit in order to determine the blood pressure reading used to evaluate if an intervention is needed. &#xA;&#xA;Both the systolic and diastolic blood pressure measurements are required for inclusion. If there are multiple blood pressures obtained during a patient visit, only the last, or most recent, pressure measurement will be used to evaluate the measure requirements.&#xA;&#xA;The intent of this measure is to screen patients for high blood pressure and provide recommended follow-up as indicated. The documented follow-up plan must be related to the current blood pressure reading as indicated, example: &quot;Patient referred to primary care provider for BP management.&quot;&#xA;&#xA;Telehealth encounters are not eligible for this measure because the measure requires a clinical action that cannot be conducted via telehealth.  &#xA;&#xA;This version of the eCQM uses QDM version 5.6. Please refer to the eCQI resource center (https://ecqi.healthit.gov/qdm) for more information on the QDM."
                xsi:type="ED"/>
      </measureAttribute>
   </subjectOf>
   <subjectOf>
      <measureAttribute>
         <code code="TRANF" codeSystem="2.16.840.1.113883.5.4">
            <displayName value="Transmission Format"/>
         </code>
         <value mediaType="text/plain" value="TBD" xsi:type="ED"/>
      </measureAttribute>
   </subjectOf>
   <subjectOf>
      <measureAttribute>
         <code code="IPOP" codeSystem="2.16.840.1.113883.5.4">
            <displayName value="Initial Population"/>
         </code>
         <value mediaType="text/plain"
                value="All patient visits for patients aged 18 years and older at the beginning of the measurement period"
                xsi:type="ED"/>
      </measureAttribute>
   </subjectOf>
   <subjectOf>
      <measureAttribute>
         <code code="DENOM" codeSystem="2.16.840.1.113883.5.4">
            <displayName value="Denominator"/>
         </code>
         <value mediaType="text/plain" value="Equals Initial Population" xsi:type="ED"/>
      </measureAttribute>
   </subjectOf>
   <subjectOf>
      <measureAttribute>
         <code code="DENEX" codeSystem="2.16.840.1.113883.5.4">
            <displayName value="Denominator Exclusions"/>
         </code>
         <value mediaType="text/plain" value="Patient has an active diagnosis of hypertension"
                xsi:type="ED"/>
      </measureAttribute>
   </subjectOf>
   <subjectOf>
      <measureAttribute>
         <code code="NUMER" codeSystem="2.16.840.1.113883.5.4">
            <displayName value="Numerator"/>
         </code>
         <value mediaType="text/plain"
                value="Patient visits where patients were screened for high blood pressure AND have a recommended follow-up plan documented, as indicated, if the blood pressure is elevated or hypertensive"
                xsi:type="ED"/>
      </measureAttribute>
   </subjectOf>
   <subjectOf>
      <measureAttribute>
         <code code="NUMEX" codeSystem="2.16.840.1.113883.5.4">
            <displayName value="Numerator Exclusions"/>
         </code>
         <value mediaType="text/plain" value="Not Applicable" xsi:type="ED"/>
      </measureAttribute>
   </subjectOf>
   <subjectOf>
      <measureAttribute>
         <code code="DENEXCEP" codeSystem="2.16.840.1.113883.5.4">
            <displayName value="Denominator Exceptions"/>
         </code>
         <value mediaType="text/plain"
                value="Documentation of medical reason(s) for not screening for high blood pressure (e.g., patient is in an urgent or emergent medical situation where time is of the essence and to delay treatment would jeopardize the patient's health status).&#xA;&#xA;Documentation of patient reason(s) for not screening for blood pressure measurements or for not ordering an appropriate follow-up intervention if patient BP is elevated or hypertensive (e.g., patient refuses)."
                xsi:type="ED"/>
      </measureAttribute>
   </subjectOf>
   <subjectOf>
      <measureAttribute>
         <code code="SDE" codeSystem="2.16.840.1.113883.5.4">
            <displayName value="Supplemental Data Elements"/>
         </code>
         <value mediaType="text/plain"
                value="For every patient evaluated by this measure also identify payer, race, ethnicity and sex"
                xsi:type="ED"/>
      </measureAttribute>
   </subjectOf>
   <componentOf>
      <qualityMeasureSet classCode="ACT">
         <id root="9a033a94-3d9b-11e1-8634-00237d5bf174"/>
         <title value="Preventive Care and Screening"/>
      </qualityMeasureSet>
   </componentOf>
   <!--Data Criteria Section-->
   <component>
      <dataCriteriaSection>
         <templateId>
            <item extension="2021-02-01" root="2.16.840.1.113883.10.20.28.2.6"/>
         </templateId>
         <code code="57025-9" codeSystem="2.16.840.1.113883.6.1"/>
         <title value="Data Criteria Section"/>
         <text/>
         <entry typeCode="DRIV">
            <localVariableName value="Payer_PatientCharacteristicPayer_F81j2"/>
            <observationCriteria classCode="OBS" moodCode="EVN">
               <templateId>
                  <item extension="2017-05-01" root="2.16.840.1.113883.10.20.28.4.58"/>
               </templateId>
               <id extension="Payer_PatientCharacteristicPayer"
                   root="55e71033-ea67-4862-a5b9-54f1498c3843"/>
               <code code="48768-6" codeSystem="2.16.840.1.113883.6.1" codeSystemName="LOINC">
                  <displayName value="Payer"/>
               </code>
               <title value="Patient Characteristic Payer"/>
               <statusCode code="COMPLETED"/>
               <value valueSet="2.16.840.1.114222.4.11.3591" xsi:type="CD"/>
            </observationCriteria>
         </entry>
         <entry typeCode="DRIV">
            <localVariableName value="LifestyleRecommendation_InterventionOrder_0SRd3"/>
            <actCriteria classCode="ACT" moodCode="RQO">
               <templateId>
                  <item extension="2021-02-01" root="2.16.840.1.113883.10.20.28.4.35"/>
               </templateId>
               <id extension="LifestyleRecommendation_InterventionOrder"
                   root="40280381-3e93-d1af-013e-af14fc8f566e"/>
               <code valueSet="2.16.840.1.113883.3.526.3.1581"/>
               <title value="Intervention, Order"/>
               <statusCode code="ACTIVE"/>
            </actCriteria>
         </entry>
         <entry typeCode="DRIV">
            <localVariableName value="LifestyleRecommendation_InterventionNotOrdered_8S8cz"/>
            <actCriteria actionNegationInd="TRUE" classCode="ACT" moodCode="RQO">
               <templateId>
                  <item extension="2021-02-01" root="2.16.840.1.113883.10.20.28.4.35"/>
               </templateId>
               <id extension="LifestyleRecommendation_InterventionNotOrdered"
                   root="40280381-3e93-d1af-013e-af14fc8f566e"/>
               <code valueSet="2.16.840.1.113883.3.526.3.1581"/>
               <title value="Intervention, Not Ordered"/>
               <statusCode code="ACTIVE"/>
            </actCriteria>
         </entry>
         <entry typeCode="DRIV">
            <localVariableName value="ONCAdministrativeSex_PatientCharacteristicSex_KqzTA"/>
            <observationCriteria classCode="OBS" moodCode="EVN">
               <templateId>
                  <item extension="2017-05-01" root="2.16.840.1.113883.10.20.28.4.55"/>
               </templateId>
               <id extension="ONCAdministrativeSex_PatientCharacteristicSex"
                   root="660244cb-18ec-4d71-aa3a-9067177442e7"/>
               <code code="263495000" codeSystem="2.16.840.1.113883.6.96" codeSystemName="SNOMED CT">
                  <displayName value="Gender"/>
               </code>
               <title value="Patient Characteristic Sex"/>
               <statusCode code="COMPLETED"/>
               <value valueSet="2.16.840.1.113762.1.4.1" xsi:type="CD"/>
            </observationCriteria>
         </entry>
         <entry typeCode="DRIV">
            <localVariableName value="DietaryRecommendations_InterventionOrder_09cKL"/>
            <actCriteria classCode="ACT" moodCode="RQO">
               <templateId>
                  <item extension="2021-02-01" root="2.16.840.1.113883.10.20.28.4.35"/>
               </templateId>
               <id extension="DietaryRecommendations_InterventionOrder"
                   root="40280381-3e93-d1af-013e-af14fc8f5670"/>
               <code valueSet="2.16.840.1.113883.3.600.1515"/>
               <title value="Intervention, Order"/>
               <statusCode code="ACTIVE"/>
            </actCriteria>
         </entry>
         <entry typeCode="DRIV">
            <localVariableName value="DietaryRecommendations_InterventionNotOrdered_sgO88"/>
            <actCriteria actionNegationInd="TRUE" classCode="ACT" moodCode="RQO">
               <templateId>
                  <item extension="2021-02-01" root="2.16.840.1.113883.10.20.28.4.35"/>
               </templateId>
               <id extension="DietaryRecommendations_InterventionNotOrdered"
                   root="40280381-3e93-d1af-013e-af14fc8f5670"/>
               <code valueSet="2.16.840.1.113883.3.600.1515"/>
               <title value="Intervention, Not Ordered"/>
               <statusCode code="ACTIVE"/>
            </actCriteria>
         </entry>
         <entry typeCode="DRIV">
            <localVariableName value="WeightReductionRecommended_InterventionOrder_yauDk"/>
            <actCriteria classCode="ACT" moodCode="RQO">
               <templateId>
                  <item extension="2021-02-01" root="2.16.840.1.113883.10.20.28.4.35"/>
               </templateId>
               <id extension="WeightReductionRecommended_InterventionOrder"
                   root="40280381-3e93-d1af-013e-af14fc8f566f"/>
               <code valueSet="2.16.840.1.113883.3.600.1510"/>
               <title value="Intervention, Order"/>
               <statusCode code="ACTIVE"/>
            </actCriteria>
         </entry>
         <entry typeCode="DRIV">
            <localVariableName value="WeightReductionRecommended_InterventionNotOrdered_vaAaf"/>
            <actCriteria actionNegationInd="TRUE" classCode="ACT" moodCode="RQO">
               <templateId>
                  <item extension="2021-02-01" root="2.16.840.1.113883.10.20.28.4.35"/>
               </templateId>
               <id extension="WeightReductionRecommended_InterventionNotOrdered"
                   root="40280381-3e93-d1af-013e-af14fc8f566f"/>
               <code valueSet="2.16.840.1.113883.3.600.1510"/>
               <title value="Intervention, Not Ordered"/>
               <statusCode code="ACTIVE"/>
            </actCriteria>
         </entry>
         <entry typeCode="DRIV">
            <localVariableName value="RecommendationtoIncreasePhysicalActivity_InterventionOrder_YQYg3"/>
            <actCriteria classCode="ACT" moodCode="RQO">
               <templateId>
                  <item extension="2021-02-01" root="2.16.840.1.113883.10.20.28.4.35"/>
               </templateId>
               <id extension="RecommendationtoIncreasePhysicalActivity_InterventionOrder"
                   root="40280381-3e93-d1af-013e-af14fc8f5671"/>
               <code valueSet="2.16.840.1.113883.3.600.1518"/>
               <title value="Intervention, Order"/>
               <statusCode code="ACTIVE"/>
            </actCriteria>
         </entry>
         <entry typeCode="DRIV">
            <localVariableName value="RecommendationtoIncreasePhysicalActivity_InterventionNotOrdered_wc4GB"/>
            <actCriteria actionNegationInd="TRUE" classCode="ACT" moodCode="RQO">
               <templateId>
                  <item extension="2021-02-01" root="2.16.840.1.113883.10.20.28.4.35"/>
               </templateId>
               <id extension="RecommendationtoIncreasePhysicalActivity_InterventionNotOrdered"
                   root="40280381-3e93-d1af-013e-af14fc8f5671"/>
               <code valueSet="2.16.840.1.113883.3.600.1518"/>
               <title value="Intervention, Not Ordered"/>
               <statusCode code="ACTIVE"/>
            </actCriteria>
         </entry>
         <entry typeCode="DRIV">
            <localVariableName value="DiagnosisofHypertension_Diagnosis_e2via"/>
            <observationCriteria classCode="OBS" moodCode="EVN">
               <templateId>
                  <item extension="2021-02-01" root="2.16.840.1.113883.10.20.28.4.110"/>
               </templateId>
               <id extension="DiagnosisofHypertension_Diagnosis"
                   root="9fd6bbc1-949a-48d4-a6c9-254ab3825799"/>
               <code code="282291009" codeSystem="2.16.840.1.113883.6.96" codeSystemName="SNOMED CT">
                  <displayName value="Diagnosis"/>
               </code>
               <title value="Diagnosis"/>
               <statusCode code="COMPLETED"/>
               <value valueSet="2.16.840.1.113883.3.600.263" xsi:type="CD"/>
            </observationCriteria>
         </entry>
         <entry typeCode="DRIV">
            <localVariableName value="Ethnicity_PatientCharacteristicEthnicity_XAYGL"/>
            <observationCriteria classCode="OBS" moodCode="EVN">
               <templateId>
                  <item extension="2017-05-01" root="2.16.840.1.113883.10.20.28.4.56"/>
               </templateId>
               <id extension="Ethnicity_PatientCharacteristicEthnicity"
                   root="bc0d14eb-23a9-46e5-aa86-9c5ce8769975"/>
               <code code="54133-4" codeSystem="2.16.840.1.113883.6.1" codeSystemName="LOINC">
                  <displayName value="Ethnicity"/>
               </code>
               <title value="Patient Characteristic Ethnicity"/>
               <statusCode code="COMPLETED"/>
               <value valueSet="2.16.840.1.114222.4.11.837" xsi:type="CD"/>
            </observationCriteria>
         </entry>
         <entry typeCode="DRIV">
            <localVariableName value="ReferraltoPrimaryCareorAlternateProvider_InterventionNotOrdered_h7HUY"/>
            <actCriteria actionNegationInd="TRUE" classCode="ACT" moodCode="RQO">
               <templateId>
                  <item extension="2021-02-01" root="2.16.840.1.113883.10.20.28.4.35"/>
               </templateId>
               <id extension="ReferraltoPrimaryCareorAlternateProvider_InterventionNotOrdered"
                   root="40280381-3e93-d1af-013e-af14fc8f566c"/>
               <code valueSet="2.16.840.1.113883.3.526.3.1580"/>
               <title value="Intervention, Not Ordered"/>
               <statusCode code="ACTIVE"/>
            </actCriteria>
         </entry>
         <entry typeCode="DRIV">
            <localVariableName value="ReferraltoPrimaryCareorAlternateProvider_InterventionOrder_Ztqm1"/>
            <actCriteria classCode="ACT" moodCode="RQO">
               <templateId>
                  <item extension="2021-02-01" root="2.16.840.1.113883.10.20.28.4.35"/>
               </templateId>
               <id extension="ReferraltoPrimaryCareorAlternateProvider_InterventionOrder"
                   root="40280381-3e93-d1af-013e-af14fc8f566c"/>
               <code valueSet="2.16.840.1.113883.3.526.3.1580"/>
               <title value="Intervention, Order"/>
               <statusCode code="ACTIVE"/>
            </actCriteria>
         </entry>
         <entry typeCode="DRIV">
            <localVariableName value="Race_PatientCharacteristicRace_dPeY7"/>
            <observationCriteria classCode="OBS" moodCode="EVN">
               <templateId>
                  <item extension="2017-05-01" root="2.16.840.1.113883.10.20.28.4.59"/>
               </templateId>
               <id extension="Race_PatientCharacteristicRace"
                   root="51910997-436a-4621-a65a-5e8e73bcd693"/>
               <code code="32624-9" codeSystem="2.16.840.1.113883.6.1" codeSystemName="LOINC">
                  <displayName value="Race"/>
               </code>
               <title value="Patient Characteristic Race"/>
               <statusCode code="COMPLETED"/>
               <value valueSet="2.16.840.1.114222.4.11.836" xsi:type="CD"/>
            </observationCriteria>
         </entry>
         <entry typeCode="DRIV">
            <localVariableName value="LaboratoryTestsforHypertension_LaboratoryTestOrder_H3qn2"/>
            <procedureCriteria classCode="PROC" moodCode="RQO">
               <templateId>
                  <item extension="2021-02-01" root="2.16.840.1.113883.10.20.28.4.41"/>
               </templateId>
               <id extension="LaboratoryTestsforHypertension_LaboratoryTestOrder"
                   root="40280381-3e93-d1af-013e-af14fc8f566a"/>
               <code valueSet="2.16.840.1.113883.3.600.1482"/>
               <title value="Laboratory Test, Order"/>
               <statusCode code="ACTIVE"/>
            </procedureCriteria>
         </entry>
         <entry typeCode="DRIV">
            <localVariableName value="LaboratoryTestsforHypertension_LaboratoryTestNotOrdered_1AW7v"/>
            <procedureCriteria actionNegationInd="TRUE" classCode="PROC" moodCode="RQO">
               <templateId>
                  <item extension="2021-02-01" root="2.16.840.1.113883.10.20.28.4.41"/>
               </templateId>
               <id extension="LaboratoryTestsforHypertension_LaboratoryTestNotOrdered"
                   root="40280381-3e93-d1af-013e-af14fc8f566a"/>
               <code valueSet="2.16.840.1.113883.3.600.1482"/>
               <title value="Laboratory Test, Not Ordered"/>
               <statusCode code="ACTIVE"/>
            </procedureCriteria>
         </entry>
         <entry typeCode="DRIV">
            <localVariableName value="PharmacologicTherapyforHypertension_MedicationOrder_bwyDJ"/>
            <substanceAdministrationCriteria classCode="SBADM" moodCode="RQO">
               <templateId>
                  <item extension="2021-02-01" root="2.16.840.1.113883.10.20.28.4.51"/>
               </templateId>
               <id extension="PharmacologicTherapyforHypertension_MedicationOrder"
                   root="40280381-3e93-d1af-013e-af14fc8f5669"/>
               <title value="Medication, Order"/>
               <statusCode code="ACTIVE"/>
			            <participation typeCode="CSM">
                  <role classCode="MANU">
                     <playingMaterial classCode="MMAT" determinerCode="KIND">
                        <code valueSet="2.16.840.1.113883.3.526.1577"/>
                     </playingMaterial>
                  </role>
               </participation>
		          </substanceAdministrationCriteria>
         </entry>
         <entry typeCode="DRIV">
            <localVariableName value="PharmacologicTherapyforHypertension_MedicationNotOrdered_glsfg"/>
            <substanceAdministrationCriteria actionNegationInd="TRUE" classCode="SBADM" moodCode="RQO">
               <templateId>
                  <item extension="2021-02-01" root="2.16.840.1.113883.10.20.28.4.51"/>
               </templateId>
               <id extension="PharmacologicTherapyforHypertension_MedicationNotOrdered"
                   root="40280381-3e93-d1af-013e-af14fc8f5669"/>
               <title value="Medication, Not Ordered"/>
               <statusCode code="ACTIVE"/>
			            <participation typeCode="CSM">
                  <role classCode="MANU">
                     <playingMaterial classCode="MMAT" determinerCode="KIND">
                        <code valueSet="2.16.840.1.113883.3.526.1577"/>
                     </playingMaterial>
                  </role>
               </participation>
		          </substanceAdministrationCriteria>
         </entry>
         <entry typeCode="DRIV">
            <localVariableName value="EncountertoScreenforBloodPressure_EncounterPerformed_ml0wY"/>
            <encounterCriteria classCode="ENC" moodCode="EVN">
               <templateId>
                  <item extension="2021-02-01" root="2.16.840.1.113883.10.20.28.4.5"/>
               </templateId>
               <id extension="EncountertoScreenforBloodPressure_EncounterPerformed"
                   root="18bdd700-2339-4add-9789-4085da57d912"/>
               <code valueSet="2.16.840.1.113883.3.600.1920"/>
               <title value="Encounter, Performed"/>
               <statusCode code="COMPLETED"/>
            </encounterCriteria>
         </entry>
         <entry typeCode="DRIV">
            <localVariableName value="ReferralorCounselingforAlcoholConsumption_InterventionOrder_Rqekm"/>
            <actCriteria classCode="ACT" moodCode="RQO">
               <templateId>
                  <item extension="2021-02-01" root="2.16.840.1.113883.10.20.28.4.35"/>
               </templateId>
               <id extension="ReferralorCounselingforAlcoholConsumption_InterventionOrder"
                   root="40280381-3e93-d1af-013e-af14fc8f5672"/>
               <code valueSet="2.16.840.1.113883.3.526.3.1583"/>
               <title value="Intervention, Order"/>
               <statusCode code="ACTIVE"/>
            </actCriteria>
         </entry>
         <entry typeCode="DRIV">
            <localVariableName value="ReferralorCounselingforAlcoholConsumption_InterventionNotOrdered_73MSE"/>
            <actCriteria actionNegationInd="TRUE" classCode="ACT" moodCode="RQO">
               <templateId>
                  <item extension="2021-02-01" root="2.16.840.1.113883.10.20.28.4.35"/>
               </templateId>
               <id extension="ReferralorCounselingforAlcoholConsumption_InterventionNotOrdered"
                   root="40280381-3e93-d1af-013e-af14fc8f5672"/>
               <code valueSet="2.16.840.1.113883.3.526.3.1583"/>
               <title value="Intervention, Not Ordered"/>
               <statusCode code="ACTIVE"/>
            </actCriteria>
         </entry>
         <entry typeCode="DRIV">
            <localVariableName value="FollowUpWithin4Weeks_InterventionOrder_76qT9"/>
            <actCriteria classCode="ACT" moodCode="RQO">
               <templateId>
                  <item extension="2021-02-01" root="2.16.840.1.113883.10.20.28.4.35"/>
               </templateId>
               <id extension="FollowUpWithin4Weeks_InterventionOrder"
                   root="40280381-3e93-d1af-013e-af14fc8f5677"/>
               <code valueSet="2.16.840.1.113883.3.526.3.1578"/>
               <title value="Intervention, Order"/>
               <statusCode code="ACTIVE"/>
            </actCriteria>
         </entry>
         <entry typeCode="DRIV">
            <localVariableName value="FollowUpWithin4Weeks_InterventionNotOrdered_oeGQz"/>
            <actCriteria actionNegationInd="TRUE" classCode="ACT" moodCode="RQO">
               <templateId>
                  <item extension="2021-02-01" root="2.16.840.1.113883.10.20.28.4.35"/>
               </templateId>
               <id extension="FollowUpWithin4Weeks_InterventionNotOrdered"
                   root="40280381-3e93-d1af-013e-af14fc8f5677"/>
               <code valueSet="2.16.840.1.113883.3.526.3.1578"/>
               <title value="Intervention, Not Ordered"/>
               <statusCode code="ACTIVE"/>
            </actCriteria>
         </entry>
         <entry typeCode="DRIV">
            <observationCriteria actionNegationInd="TRUE" classCode="OBS" moodCode="EVN">
               <templateId>
                  <item extension="2021-02-01" root="2.16.840.1.113883.10.20.28.4.62"/>
               </templateId>
               <id extension="8480-6_PhysicalExamNotPerformed"
                   root="3BB9B0B5-404B-49E9-B525-EF97B74ED080"/>
               <code code="5880005" codeSystem="2.16.840.1.113883.6.96" codeSystemName="SNOMED CT">
                  <displayName value="physical examination"/>
               </code>
               <title value="Physical Exam, Not Performed"/>
               <statusCode code="COMPLETED"/>
               <value code="8480-6" codeSystem="2.16.840.1.113883.6.1" codeSystemName="LOINC"
                      xsi:type="CD"/>
            </observationCriteria>
         </entry>
         <entry typeCode="DRIV">
            <observationCriteria classCode="OBS" moodCode="EVN">
               <templateId>
                  <item extension="2021-02-01" root="2.16.840.1.113883.10.20.28.4.62"/>
               </templateId>
               <id extension="8480-6_PhysicalExamPerformed"
                   root="5602A224-658D-4C9E-BDCF-7533452A6993"/>
               <code code="5880005" codeSystem="2.16.840.1.113883.6.96" codeSystemName="SNOMED CT">
                  <displayName value="physical examination"/>
               </code>
               <title value="Physical Exam, Performed"/>
               <statusCode code="COMPLETED"/>
               <value code="8480-6" codeSystem="2.16.840.1.113883.6.1" codeSystemName="LOINC"
                      xsi:type="CD"/>
            </observationCriteria>
         </entry>
         <entry typeCode="DRIV">
            <observationCriteria classCode="OBS" moodCode="RQO">
               <templateId>
                  <item extension="2021-02-01" root="2.16.840.1.113883.10.20.28.4.22"/>
               </templateId>
               <id extension="11524-6_DiagnosticStudyOrder"
                   root="EDE1C5F6-E80C-4D34-A439-2DB2E46AE769"/>
               <code code="11524-6" codeSystem="2.16.840.1.113883.6.1" codeSystemName="LOINC"/>
               <title value="Diagnostic Study, Order"/>
               <statusCode code="ACTIVE"/>
            </observationCriteria>
         </entry>
         <entry typeCode="DRIV">
            <observationCriteria actionNegationInd="TRUE" classCode="OBS" moodCode="RQO">
               <templateId>
                  <item extension="2021-02-01" root="2.16.840.1.113883.10.20.28.4.22"/>
               </templateId>
               <id extension="11524-6_DiagnosticStudyNotOrdered"
                   root="88A4F0CF-1B77-445A-8020-CF6393225DF5"/>
               <code code="11524-6" codeSystem="2.16.840.1.113883.6.1" codeSystemName="LOINC"/>
               <title value="Diagnostic Study, Not Ordered"/>
               <statusCode code="ACTIVE"/>
            </observationCriteria>
         </entry>
         <entry typeCode="DRIV">
            <observationCriteria actionNegationInd="TRUE" classCode="OBS" moodCode="EVN">
               <templateId>
                  <item extension="2021-02-01" root="2.16.840.1.113883.10.20.28.4.62"/>
               </templateId>
               <id extension="8462-4_PhysicalExamNotPerformed"
                   root="B207AB71-ECE7-4F40-B949-933C634A18BE"/>
               <code code="5880005" codeSystem="2.16.840.1.113883.6.96" codeSystemName="SNOMED CT">
                  <displayName value="physical examination"/>
               </code>
               <title value="Physical Exam, Not Performed"/>
               <statusCode code="COMPLETED"/>
               <value code="8462-4" codeSystem="2.16.840.1.113883.6.1" codeSystemName="LOINC"
                      xsi:type="CD"/>
            </observationCriteria>
         </entry>
         <entry typeCode="DRIV">
            <observationCriteria classCode="OBS" moodCode="EVN">
               <templateId>
                  <item extension="2021-02-01" root="2.16.840.1.113883.10.20.28.4.62"/>
               </templateId>
               <id extension="8462-4_PhysicalExamPerformed"
                   root="34BEC8B7-71A8-4A96-A442-FB8295CE19D6"/>
               <code code="5880005" codeSystem="2.16.840.1.113883.6.96" codeSystemName="SNOMED CT">
                  <displayName value="physical examination"/>
               </code>
               <title value="Physical Exam, Performed"/>
               <statusCode code="COMPLETED"/>
               <value code="8462-4" codeSystem="2.16.840.1.113883.6.1" codeSystemName="LOINC"
                      xsi:type="CD"/>
            </observationCriteria>
         </entry>
         <entry typeCode="DRIV">
            <actCriteria actionNegationInd="TRUE" classCode="ACT" moodCode="RQO">
               <templateId>
                  <item extension="2021-02-01" root="2.16.840.1.113883.10.20.28.4.35"/>
               </templateId>
               <id extension="183625007_InterventionNotOrdered"
                   root="9A41E669-C5E7-4BED-ACB3-06125F5DEDC3"/>
               <code code="183625007" codeSystem="2.16.840.1.113883.6.96" codeSystemName="SNOMEDCT"/>
               <title value="Intervention, Not Ordered"/>
               <statusCode code="ACTIVE"/>
            </actCriteria>
         </entry>
         <entry typeCode="DRIV">
            <actCriteria classCode="ACT" moodCode="RQO">
               <templateId>
                  <item extension="2021-02-01" root="2.16.840.1.113883.10.20.28.4.35"/>
               </templateId>
               <id extension="183625007_InterventionOrder"
                   root="0F164C32-136B-438A-BC35-41560C81F8AB"/>
               <code code="183625007" codeSystem="2.16.840.1.113883.6.96" codeSystemName="SNOMEDCT"/>
               <title value="Intervention, Order"/>
               <statusCode code="ACTIVE"/>
            </actCriteria>
         </entry>
         <entry typeCode="DRIV">
            <actCriteria actionNegationInd="TRUE" classCode="ACT" moodCode="RQO">
               <templateId>
                  <item extension="2021-02-01" root="2.16.840.1.113883.10.20.28.4.35"/>
               </templateId>
               <id extension="183624006_InterventionNotOrdered"
                   root="331F0BEE-A860-4C63-BF3B-ABAC244E7963"/>
               <code code="183624006" codeSystem="2.16.840.1.113883.6.96" codeSystemName="SNOMEDCT"/>
               <title value="Intervention, Not Ordered"/>
               <statusCode code="ACTIVE"/>
            </actCriteria>
         </entry>
         <entry typeCode="DRIV">
            <actCriteria classCode="ACT" moodCode="RQO">
               <templateId>
                  <item extension="2021-02-01" root="2.16.840.1.113883.10.20.28.4.35"/>
               </templateId>
               <id extension="183624006_InterventionOrder"
                   root="C1329327-7022-4828-91BB-66AFB041BFE9"/>
               <code code="183624006" codeSystem="2.16.840.1.113883.6.96" codeSystemName="SNOMEDCT"/>
               <title value="Intervention, Order"/>
               <statusCode code="ACTIVE"/>
            </actCriteria>
         </entry>
         <entry typeCode="DRIV">
            <observationCriteria classCode="OBS" moodCode="RQO">
               <templateId>
                  <item extension="2021-02-01" root="2.16.840.1.113883.10.20.28.4.22"/>
               </templateId>
               <id extension="34534-8_DiagnosticStudyOrder"
                   root="52A16214-6510-4BA6-B5BD-0B224467E6D4"/>
               <code code="34534-8" codeSystem="2.16.840.1.113883.6.1" codeSystemName="LOINC"/>
               <title value="Diagnostic Study, Order"/>
               <statusCode code="ACTIVE"/>
            </observationCriteria>
         </entry>
         <entry typeCode="DRIV">
            <observationCriteria actionNegationInd="TRUE" classCode="OBS" moodCode="RQO">
               <templateId>
                  <item extension="2021-02-01" root="2.16.840.1.113883.10.20.28.4.22"/>
               </templateId>
               <id extension="34534-8_DiagnosticStudyNotOrdered"
                   root="CEE1C912-0243-4E6E-AA88-9B773CA6BE91"/>
               <code code="34534-8" codeSystem="2.16.840.1.113883.6.1" codeSystemName="LOINC"/>
               <title value="Diagnostic Study, Not Ordered"/>
               <statusCode code="ACTIVE"/>
            </observationCriteria>
         </entry>
      </dataCriteriaSection>
   </component>
   <component>
      <populationCriteriaSection>
         <templateId>
            <item extension="2017-08-01" root="2.16.840.1.113883.10.20.28.2.7"/>
         </templateId>
         <id extension="PopulationCriteria1" root="EAAE39BC-EDCF-4ED5-86C1-E81447A391A9"/>
         <code code="57026-7" codeSystem="2.16.840.1.113883.6.1"/>
         <title value="Population Criteria Section"/>
         <text/>
         <component typeCode="COMP">
            <initialPopulationCriteria classCode="OBS" moodCode="EVN">
               <id extension="initialPopulation" root="F071FE72-E624-401F-BEA1-93B16E883386"/>
               <code code="IPOP" codeSystem="2.16.840.1.113883.5.4" codeSystemName="Act Code"/>
               <precondition typeCode="PRCN">
                  <criteriaReference classCode="OBS" moodCode="EVN">
                     <id extension="PCS_BPScreeningFollowUp.&quot;Initial Population&quot;"
                         root="52DD91C0-28A8-4A7E-9D77-6AF0F854BD96"/>
                  </criteriaReference>
               </precondition>
            </initialPopulationCriteria>
         </component>
         <component typeCode="COMP">
            <denominatorCriteria classCode="OBS" moodCode="EVN">
               <id extension="denominator" root="8A30830D-9606-4AF2-836C-40EC4CF3A4D4"/>
               <code code="DENOM" codeSystem="2.16.840.1.113883.5.4" codeSystemName="Act Code"/>
               <precondition typeCode="PRCN">
                  <criteriaReference classCode="OBS" moodCode="EVN">
                     <id extension="PCS_BPScreeningFollowUp.&quot;Denominator&quot;"
                         root="52DD91C0-28A8-4A7E-9D77-6AF0F854BD96"/>
                  </criteriaReference>
               </precondition>
            </denominatorCriteria>
         </component>
         <component typeCode="COMP">
            <denominatorExclusionCriteria classCode="OBS" moodCode="EVN">
               <id extension="denominatorExclusions" root="DEBE98FB-5956-4BFD-8EA4-D14B15E53BE1"/>
               <code code="DENEX" codeSystem="2.16.840.1.113883.5.4" codeSystemName="Act Code"/>
               <precondition typeCode="PRCN">
                  <criteriaReference classCode="OBS" moodCode="EVN">
                     <id extension="PCS_BPScreeningFollowUp.&quot;Denominator Exclusions&quot;"
                         root="52DD91C0-28A8-4A7E-9D77-6AF0F854BD96"/>
                  </criteriaReference>
               </precondition>
            </denominatorExclusionCriteria>
         </component>
         <component typeCode="COMP">
            <denominatorExceptionCriteria classCode="OBS" moodCode="EVN">
               <id extension="denominatorExceptions" root="5AC75B0E-E6A1-419E-8F46-1F49755BCC09"/>
               <code code="DENEXCEP" codeSystem="2.16.840.1.113883.5.4" codeSystemName="Act Code"/>
               <precondition typeCode="PRCN">
                  <criteriaReference classCode="OBS" moodCode="EVN">
                     <id extension="PCS_BPScreeningFollowUp.&quot;Denominator Exceptions&quot;"
                         root="52DD91C0-28A8-4A7E-9D77-6AF0F854BD96"/>
                  </criteriaReference>
               </precondition>
            </denominatorExceptionCriteria>
         </component>
         <component typeCode="COMP">
            <numeratorCriteria classCode="OBS" moodCode="EVN">
               <id extension="numerator" root="B9122899-0E15-4BB1-A049-B5038D708AD2"/>
               <code code="NUMER" codeSystem="2.16.840.1.113883.5.4" codeSystemName="Act Code"/>
               <precondition typeCode="PRCN">
                  <criteriaReference classCode="OBS" moodCode="EVN">
                     <id extension="PCS_BPScreeningFollowUp.&quot;Numerator&quot;"
                         root="52DD91C0-28A8-4A7E-9D77-6AF0F854BD96"/>
                  </criteriaReference>
               </precondition>
            </numeratorCriteria>
         </component>
         <component typeCode="COMP">
            <cql-ext:supplementalDataElement>
               <id extension="Supplemental Data Elements"
                   root="061404C0-6BC7-411F-8F7D-BFE525905D99"/>
               <code code="SDE" codeSystem="2.16.840.1.113883.5.4" codeSystemName="Act Code"/>
               <precondition typeCode="PRCN">
                  <criteriaReference classCode="OBS" moodCode="EVN">
                     <id extension="PCS_BPScreeningFollowUp.&quot;SDE Ethnicity&quot;"
                         root="52DD91C0-28A8-4A7E-9D77-6AF0F854BD96"/>
                  </criteriaReference>
               </precondition>
            </cql-ext:supplementalDataElement>
         </component>
         <component typeCode="COMP">
            <cql-ext:supplementalDataElement>
               <id extension="Supplemental Data Elements"
                   root="6075E6C8-F136-4282-9B97-842568685C29"/>
               <code code="SDE" codeSystem="2.16.840.1.113883.5.4" codeSystemName="Act Code"/>
               <precondition typeCode="PRCN">
                  <criteriaReference classCode="OBS" moodCode="EVN">
                     <id extension="PCS_BPScreeningFollowUp.&quot;SDE Payer&quot;"
                         root="52DD91C0-28A8-4A7E-9D77-6AF0F854BD96"/>
                  </criteriaReference>
               </precondition>
            </cql-ext:supplementalDataElement>
         </component>
         <component typeCode="COMP">
            <cql-ext:supplementalDataElement>
               <id extension="Supplemental Data Elements"
                   root="E1094DDC-FE95-4456-B3E7-BF9CCF63C12A"/>
               <code code="SDE" codeSystem="2.16.840.1.113883.5.4" codeSystemName="Act Code"/>
               <precondition typeCode="PRCN">
                  <criteriaReference classCode="OBS" moodCode="EVN">
                     <id extension="PCS_BPScreeningFollowUp.&quot;SDE Race&quot;"
                         root="52DD91C0-28A8-4A7E-9D77-6AF0F854BD96"/>
                  </criteriaReference>
               </precondition>
            </cql-ext:supplementalDataElement>
         </component>
         <component typeCode="COMP">
            <cql-ext:supplementalDataElement>
               <id extension="Supplemental Data Elements"
                   root="3ECC9898-8052-4C06-87EC-D0EC68C34DAC"/>
               <code code="SDE" codeSystem="2.16.840.1.113883.5.4" codeSystemName="Act Code"/>
               <precondition typeCode="PRCN">
                  <criteriaReference classCode="OBS" moodCode="EVN">
                     <id extension="PCS_BPScreeningFollowUp.&quot;SDE Sex&quot;"
                         root="52DD91C0-28A8-4A7E-9D77-6AF0F854BD96"/>
                  </criteriaReference>
               </precondition>
            </cql-ext:supplementalDataElement>
         </component>
      </populationCriteriaSection>
   </component>
</QualityMeasureDocument>