<?xml version="1.0" encoding="UTF-8" standalone="yes"?>
<QualityMeasureDocument xmlns="urn:hl7-org:v3" xmlns:cql-ext="urn:hhs-cql:hqmf-n1-extensions:v1"
                        xmlns:xsi="http://www.w3.org/2001/XMLSchema-instance">

      <!--
            **************************************************************
            Measure Details Section
            **************************************************************
        -->

      <typeId extension="POQM_HD000001UV02" root="2.16.840.1.113883.1.3"/>
   <templateId>
      <item extension="2021-02-01" root="2.16.840.1.113883.10.20.28.1.2"/>
   </templateId>
   <id root="2c928082-7c31-8117-017c-a3bc7c842491"/>
   <code code="57024-2" codeSystem="2.16.840.1.113883.6.1">
      <displayName value="Health Quality Measure Document"/>
   </code>
   <title
          value="Diabetic Retinopathy: Communication with the Physician Managing Ongoing Diabetes Care"/>
   <text
         value="Percentage of patients aged 18 years and older with a diagnosis of diabetic retinopathy who had a dilated macular or fundus exam performed with documented communication to the physician who manages the ongoing care of the patient with diabetes mellitus regarding the findings of the macular or fundus exam at least once within 12 months"/>
   <statusCode code="COMPLETED"/>
   <setId root="53d6d7c3-43fb-4d24-8099-17e74c022c05"/>
   <versionNumber value="11.0.000"/>
   <author>
      <responsibleParty classCode="ASSIGNED">
         <representedResponsibleOrganization classCode="ORG" determinerCode="INSTANCE">
            <id>
               <item root="2.16.840.1.113883.3.1934"/>
            </id>
            <name>
               <item>
                  <part value="American Academy of Ophthalmology"/>
               </item>
            </name>
         </representedResponsibleOrganization>
      </responsibleParty>
   </author>
   <author>
      <responsibleParty classCode="ASSIGNED">
         <representedResponsibleOrganization classCode="ORG" determinerCode="INSTANCE">
            <id>
               <item root="d041e15c-a7a0-41b8-be5b-87340ecd14bc"/>
            </id>
            <name>
               <item>
                  <part value="American Medical Association (AMA)"/>
               </item>
            </name>
         </representedResponsibleOrganization>
      </responsibleParty>
   </author>
   <author>
      <responsibleParty classCode="ASSIGNED">
         <representedResponsibleOrganization classCode="ORG" determinerCode="INSTANCE">
            <id>
               <item root="83e9797c-adec-4446-8c35-3ffd5d981c66"/>
            </id>
            <name>
               <item>
                  <part value="PCPI(R) Foundation (PCPI[R])"/>
               </item>
            </name>
         </representedResponsibleOrganization>
      </responsibleParty>
   </author>
   <custodian>
      <responsibleParty classCode="ASSIGNED">
         <representedResponsibleOrganization classCode="ORG" determinerCode="INSTANCE">
            <id>
               <item root="31"/>
            </id>
            <name>
               <item>
                  <part value="American Academy of Ophthalmology"/>
               </item>
            </name>
         </representedResponsibleOrganization>
      </responsibleParty>
   </custodian>
   <!--Payer-->
     	 <definition>
      <valueSet classCode="OBS" moodCode="DEF">
         <id root="2.16.840.1.114222.4.11.3591"/>
         <title value="Payer"/>
      </valueSet>
   </definition>
   <!--Level of Severity of Retinopathy Findings-->
     	 <definition>
      <valueSet classCode="OBS" moodCode="DEF">
         <id root="2.16.840.1.113883.3.526.3.1283"/>
         <title value="Level of Severity of Retinopathy Findings"/>
      </valueSet>
   </definition>
   <!--ONC Administrative Sex-->
     	 <definition>
      <valueSet classCode="OBS" moodCode="DEF">
         <id root="2.16.840.1.113762.1.4.1"/>
         <title value="ONC Administrative Sex"/>
      </valueSet>
   </definition>
   <!--Macular Exam-->
     	 <definition>
      <valueSet classCode="OBS" moodCode="DEF">
         <id root="2.16.840.1.113883.3.526.3.1251"/>
         <title value="Macular Exam"/>
      </valueSet>
   </definition>
   <!--Outpatient Consultation-->
     	 <definition>
      <valueSet classCode="OBS" moodCode="DEF">
         <id root="2.16.840.1.113883.3.464.1003.101.12.1008"/>
         <title value="Outpatient Consultation"/>
      </valueSet>
   </definition>
   <!--Care Services in Long-Term Residential Facility-->
     	 <definition>
      <valueSet classCode="OBS" moodCode="DEF">
         <id root="2.16.840.1.113883.3.464.1003.101.12.1014"/>
         <title value="Care Services in Long-Term Residential Facility"/>
      </valueSet>
   </definition>
   <!--Macular Edema Findings Present-->
     	 <definition>
      <valueSet classCode="OBS" moodCode="DEF">
         <id root="2.16.840.1.113883.3.526.3.1320"/>
         <title value="Macular Edema Findings Present"/>
      </valueSet>
   </definition>
   <!--Ethnicity-->
     	 <definition>
      <valueSet classCode="OBS" moodCode="DEF">
         <id root="2.16.840.1.114222.4.11.837"/>
         <title value="Ethnicity"/>
      </valueSet>
   </definition>
   <!--Ophthalmological Services-->
     	 <definition>
      <valueSet classCode="OBS" moodCode="DEF">
         <id root="2.16.840.1.113883.3.526.3.1285"/>
         <title value="Ophthalmological Services"/>
      </valueSet>
   </definition>
   <!--Race-->
     	 <definition>
      <valueSet classCode="OBS" moodCode="DEF">
         <id root="2.16.840.1.114222.4.11.836"/>
         <title value="Race"/>
      </valueSet>
   </definition>
   <!--Nursing Facility Visit-->
     	 <definition>
      <valueSet classCode="OBS" moodCode="DEF">
         <id root="2.16.840.1.113883.3.464.1003.101.12.1012"/>
         <title value="Nursing Facility Visit"/>
      </valueSet>
   </definition>
   <!--Diabetic Retinopathy-->
     	 <definition>
      <valueSet classCode="OBS" moodCode="DEF">
         <id root="2.16.840.1.113883.3.526.3.327"/>
         <title value="Diabetic Retinopathy"/>
      </valueSet>
   </definition>
   <!--Office Visit-->
     	 <definition>
      <valueSet classCode="OBS" moodCode="DEF">
         <id root="2.16.840.1.113883.3.464.1003.101.12.1001"/>
         <title value="Office Visit"/>
      </valueSet>
   </definition>
   <!--Patient Reason-->
     	 <definition>
      <valueSet classCode="OBS" moodCode="DEF">
         <id root="2.16.840.1.113883.3.526.3.1008"/>
         <title value="Patient Reason"/>
      </valueSet>
   </definition>
   <!--Medical Reason-->
     	 <definition>
      <valueSet classCode="OBS" moodCode="DEF">
         <id root="2.16.840.1.113883.3.526.3.1007"/>
         <title value="Medical Reason"/>
      </valueSet>
   </definition>
   <!--Macular edema absent (situation)-CODE:/CodeSystem/SNOMEDCT/Version/2019-09/Code/428341000124108/Info-->
      <definition>
      <cql-ext:code code="428341000124108" codeSystem="2.16.840.1.113883.6.96"
                    codeSystemName="SNOMEDCT">
         <displayName value="Macular edema absent (situation)"/>
      </cql-ext:code>
   </definition>
   <!--virtual-CODE:/CodeSystem/ActCode/Version/HL7V3.0_2021-03/Code/VR/Info-->
      <definition>
      <cql-ext:code code="VR" codeSystem="2.16.840.1.113883.5.4" codeSystemName="ActCode">
         <displayName value="virtual"/>
      </cql-ext:code>
   </definition>
   <relatedDocument typeCode="COMP">
      <expressionDocument>
         <id root="38F6AFAC-D427-4534-9C60-59DDA298189C"/>
         <text mediaType="text/cql">
            <reference value="https://emeasuretool.cms.gov/libraries/53d6d7c3-43fb-4d24-8099-17e74c022c05/CMS142-v11-0-000-QDM-5-6.cql"/>
            <translation mediaType="application/elm+xml">
               <reference value="https://emeasuretool.cms.gov/libraries/53d6d7c3-43fb-4d24-8099-17e74c022c05/CMS142-v11-0-000-QDM-5-6.xml"/>
            </translation>
            <translation mediaType="application/elm+json">
               <reference value="https://emeasuretool.cms.gov/libraries/53d6d7c3-43fb-4d24-8099-17e74c022c05/CMS142-v11-0-000-QDM-5-6.json"/>
            </translation>
         </text>
         <setId extension="53d6d7c3-43fb-4d24-8099-17e74c022c05"
                identifierName="DRCommunicationWithPhysicianManagingDiabetes"
                root="https://emeasuretool.cms.gov/libraries"/>
         <versionNumber value="11.0.000"/>
      </expressionDocument>
   </relatedDocument>
   <relatedDocument typeCode="COMP">
      <expressionDocument>
         <id root="2c9280857b2aeb52017b5f8b96c31ff8"/>
         <text mediaType="text/cql">
            <reference value="https://emeasuretool.cms.gov/libraries/8bdc0a19-b210-4a58-8a07-f5d95a34eca9/MATGlobalCommonFunctions-v7-0-000-QDM-5-6.cql"/>
            <translation mediaType="application/elm+xml">
               <reference value="https://emeasuretool.cms.gov/libraries/8bdc0a19-b210-4a58-8a07-f5d95a34eca9/MATGlobalCommonFunctions-v7-0-000-QDM-5-6.xml"/>
            </translation>
            <translation mediaType="application/elm+json">
               <reference value="https://emeasuretool.cms.gov/libraries/8bdc0a19-b210-4a58-8a07-f5d95a34eca9/MATGlobalCommonFunctions-v7-0-000-QDM-5-6.json"/>
            </translation>
         </text>
         <setId extension="8bdc0a19-b210-4a58-8a07-f5d95a34eca9"
                identifierName="MATGlobalCommonFunctions"
                root="https://emeasuretool.cms.gov/libraries"/>
         <versionNumber value="7.0.000"/>
      </expressionDocument>
   </relatedDocument>
   <controlVariable>
      <measurePeriod>
         <id extension="measureperiod" root="dd7705b8-7ab2-4b4f-9b0c-b40ec5fc25ae"/>
         <code code="MSRTP" codeSystem="2.16.840.1.113883.5.4">
            <originalText value="Measurement Period"/>
         </code>
         <value xsi:type="PIVL_TS">
            <phase highClosed="true" lowClosed="true">
               <low value="20220101"/>
               <width unit="a" value="1" xsi:type="PQ"/>
            </phase>
            <period unit="a" value="1"/>
         </value>
      </measurePeriod>
   </controlVariable>
   <subjectOf>
      <measureAttribute>
         <code nullFlavor="OTH">
            <originalText value="eCQM Identifier (Measure Authoring Tool)"/>
         </code>
         <value mediaType="text/plain" value="142" xsi:type="ED"/>
      </measureAttribute>
   </subjectOf>
   <subjectOf>
      <measureAttribute>
         <code nullFlavor="OTH">
            <originalText value="NQF Number"/>
         </code>
         <value mediaType="text/plain" value="Not Applicable" xsi:type="ED"/>
      </measureAttribute>
   </subjectOf>
   <subjectOf>
      <measureAttribute>
         <code code="COPY" codeSystem="2.16.840.1.113883.5.4">
            <displayName value="Copyright"/>
         </code>
         <value mediaType="text/plain"
                value="Copyright 2022 American Academy of Ophthalmology. All Rights Reserved."
                xsi:type="ED"/>
      </measureAttribute>
   </subjectOf>
   <subjectOf>
      <measureAttribute>
         <code code="DISC" codeSystem="2.16.840.1.113883.5.4">
            <displayName value="Disclaimer"/>
         </code>
         <value mediaType="text/plain"
                value="The Measure is not a clinical guideline, does not establish a standard of medical care, and has not been tested for all potential applications. &#xA;&#xA;The Measure, while copyrighted, can be reproduced and distributed, without modification, for noncommercial purposes, e.g., use by health care providers in connection with their practices. Commercial use is defined as the sale, license, or distribution of the Measure for commercial gain, or incorporation of the Measure into a product or service that is sold, licensed or distributed for commercial gain. &#xA;&#xA;Commercial uses of the Measure require a license agreement between the user and the American Academy of Ophthalmology (Academy). Neither the Academy, its members, the American Medical Association (AMA), nor the former AMA-convened Physician Consortium for Performance Improvement(R) (AMA-PCPI), nor PCPI, nor their members shall be responsible for any use of the Measure.&#xA;&#xA;The PCPI’s and AMA’s significant past efforts and contributions to the development and updating of the Measures are acknowledged. The National Committee for Quality Assurance's significant past efforts and contributions to the development and updating of the Measure is acknowledged. &#xA;&#xA;THE MEASURE AND SPECIFICATIONS ARE PROVIDED &quot;AS IS&quot; WITHOUT WARRANTY OF ANY KIND.&#xA;&#xA;Limited proprietary coding is contained in the Measure specifications for convenience. A license agreement must be entered prior to a third party’s use of Current Procedural Terminology (CPT[R]) or other proprietary code set contained in the Measures. Any other use of CPT or other coding by the third party is strictly prohibited. The Academy, the AMA, and former members of the PCPI disclaim all liability for use or accuracy of any CPT or other coding contained in the specifications. &#xA;&#xA;CPT(R) contained in the Measure specifications is copyright 2004-2021 American Medical Association. LOINC(R) is copyright 2004-2021 Regenstrief Institute, Inc. This material contains SNOMED Clinical Terms(R) (SNOMED CT[R]) copyright 2004-2021 International Health Terminology Standards Development Organisation. ICD-10 is copyright 2021 World Health Organization. All Rights Reserved.&#xA;&#xA;Due to technical limitations, registered trademarks are indicated by (R) or [R]."
                xsi:type="ED"/>
      </measureAttribute>
   </subjectOf>
   <subjectOf>
      <measureAttribute>
         <code code="MSRSCORE" codeSystem="2.16.840.1.113883.5.4">
            <displayName value="Measure Scoring"/>
         </code>
         <value code="PROPOR" codeSystem="2.16.840.1.113883.5.1063" xsi:type="CD">
            <displayName value="Proportion"/>
         </value>
      </measureAttribute>
   </subjectOf>
   <subjectOf>
      <measureAttribute>
         <code code="MSRTYPE" codeSystem="2.16.840.1.113883.5.4">
            <displayName value="Measure Type"/>
         </code>
         <value code="PROCESS" codeSystem="2.16.840.1.113883.5.1063" xsi:type="CD">
            <displayName value="PROCESS"/>
         </value>
      </measureAttribute>
   </subjectOf>
   <subjectOf>
      <measureAttribute>
         <code code="STRAT" codeSystem="2.16.840.1.113883.5.4">
            <displayName value="Stratification"/>
         </code>
         <value mediaType="text/plain" value="None" xsi:type="ED"/>
      </measureAttribute>
   </subjectOf>
   <subjectOf>
      <measureAttribute>
         <code code="MSRADJ" codeSystem="2.16.840.1.113883.5.4">
            <displayName value="Risk Adjustment"/>
         </code>
         <value mediaType="text/plain" value="None" xsi:type="ED"/>
      </measureAttribute>
   </subjectOf>
   <subjectOf>
      <measureAttribute>
         <code code="MSRAGG" codeSystem="2.16.840.1.113883.5.4">
            <displayName value="Rate Aggregation"/>
         </code>
         <value mediaType="text/plain" value="None" xsi:type="ED"/>
      </measureAttribute>
   </subjectOf>
   <subjectOf>
      <measureAttribute>
         <code code="RAT" codeSystem="2.16.840.1.113883.5.4">
            <displayName value="Rationale"/>
         </code>
         <value mediaType="text/plain"
                value="Diabetic retinopathy is a prevalent complication of diabetes, estimated to affect 28.5% of diabetic patients in the US (Zhang et al., 2010). Diabetic Retinopathy is a key indicator of systemic complications of diabetes (Zhang, 2010). Coordination of care between the eye care specialist and the physician managing a patient’s ongoing diabetes care is essential in stemming the progression of vision loss. Communication from the eye care specialist to a primary care physician facilitates the exchange of information about the severity and progression of a patient’s diabetic retinopathy, adherence to recommended ocular care, need for follow-up visits, and treatment plans (Storey et al., 2016). Data from the Diabetes Control and Complications Trial showed that diabetic treatment and maintenance of glucose control delays the onset and slows the progression of diabetic retinopathy (Aiello &amp; DCCT/EDIC Research Group, 2014)."
                xsi:type="ED"/>
      </measureAttribute>
   </subjectOf>
   <subjectOf>
      <measureAttribute>
         <code code="CRS" codeSystem="2.16.840.1.113883.5.4">
            <displayName value="Clinical Recommendation Statement"/>
         </code>
         <value mediaType="text/plain"
                value="The ophthalmologist should refer patients with diabetes to a primary care physician for appropriate management of their systemic condition and should communicate examination results to the physician managing the patient's ongoing diabetes care (III; Good Quality; Strong Recommendation) (American Academy of Ophthalmology, 2017).&#xA;&#xA;Ophthalmologists should communicate the ophthalmologic findings and level of retinopathy with the primary care physician as well as the need for optimizing metabolic control (III; Good Quality; Strong Recommendation) (American Academy of Ophthalmology, 2017). &#xA;&#xA;Close partnership with the primary care physician is important to make sure that the care of the patient is optimized (III; Good Quality; Strong Recommendation) (American Academy of Ophthalmology, 2017)."
                xsi:type="ED"/>
      </measureAttribute>
   </subjectOf>
   <subjectOf>
      <measureAttribute>
         <code code="IDUR" codeSystem="2.16.840.1.113883.5.4">
            <displayName value="Improvement Notation"/>
         </code>
         <value mediaType="text/plain" value="Higher score indicates better quality"
                xsi:type="ED"/>
      </measureAttribute>
   </subjectOf>
   <subjectOf>
      <measureAttribute>
         <code code="REF" codeSystem="2.16.840.1.113883.5.4">
            <displayName value="Reference"/>
         </code>
         <value mediaType="text/plain"
                value="CITATIONAiello, L. P., &amp; DCCT/EDIC Research Group (2014). Diabetic retinopathy and other ocular findings in the diabetes control and complications trial/epidemiology of diabetes interventions and complications study. Diabetes care, 37(1), 17–23. doi:10.2337/dc13-2251"
                xsi:type="ED"/>
      </measureAttribute>
   </subjectOf>
   <subjectOf>
      <measureAttribute>
         <code code="REF" codeSystem="2.16.840.1.113883.5.4">
            <displayName value="Reference"/>
         </code>
         <value mediaType="text/plain"
                value="CITATIONAmerican Academy of Ophthalmology. (2017). Diabetic retinopathy Preferred Practice Pattern. San Francisco, CA: American Academy of Ophthalmology."
                xsi:type="ED"/>
      </measureAttribute>
   </subjectOf>
   <subjectOf>
      <measureAttribute>
         <code code="REF" codeSystem="2.16.840.1.113883.5.4">
            <displayName value="Reference"/>
         </code>
         <value mediaType="text/plain"
                value="CITATIONStorey, P. P., Murchison, A. P., Pizzi, L. T., Hark, L. A., Dai, Y., Leiby, B. E., &amp; Haller, J. A. Impact of physician communication on diabetic eye examination adherence: Results from a Retrospective Cohort Analysis. Retina. 2016 Jan;36(1),20-7. doi:10.1097/IAE.0000000000000652"
                xsi:type="ED"/>
      </measureAttribute>
   </subjectOf>
   <subjectOf>
      <measureAttribute>
         <code code="REF" codeSystem="2.16.840.1.113883.5.4">
            <displayName value="Reference"/>
         </code>
         <value mediaType="text/plain"
                value="CITATIONZhang, X., Saaddine, J. B., Chou, C. F., Cotch, M. F., Cheng, Y. J., Geiss, L. S., … Klein, R. (2010). Prevalence of diabetic retinopathy in the United States, 2005-2008. JAMA, 304(6), 649–656. doi:10.1001/jama.2010.1111"
                xsi:type="ED"/>
      </measureAttribute>
   </subjectOf>
   <subjectOf>
      <measureAttribute>
         <code code="DEF" codeSystem="2.16.840.1.113883.5.4">
            <displayName value="Definition"/>
         </code>
         <value mediaType="text/plain"
                value="Communication - May include documentation in the medical record indicating that the findings of the dilated macular or fundus exam were communicated (e.g., verbally, by letter) with the clinician managing the patient's diabetic care OR a copy of a letter in the medical record to the clinician managing the patient's diabetic care outlining the findings of the dilated macular or fundus exam.&#xA;&#xA;Findings - Includes level of severity of retinopathy (e.g., mild nonproliferative, moderate nonproliferative, severe nonproliferative, very severe nonproliferative, proliferative) AND the presence or absence of macular edema."
                xsi:type="ED"/>
      </measureAttribute>
   </subjectOf>
   <subjectOf>
      <measureAttribute>
         <code code="GUIDE" codeSystem="2.16.840.1.113883.5.4">
            <displayName value="Guidance"/>
         </code>
         <value mediaType="text/plain"
                value="The measure, as written, does not specifically require documentation of laterality. Coding limitations in particular clinical terminologies do not currently allow for that level of specificity (ICD-10-CM includes laterality, but SNOMED-CT does not uniformly include this distinction). Therefore, at this time, it is not a requirement of this measure to indicate laterality of the diagnoses, findings or procedures. Available coding to capture the data elements specified in this measure has been provided. It is assumed that the eligible professional or eligible clinician will record laterality in the patient medical record, as quality care and clinical documentation should include laterality.&#xA;&#xA;The communication of results to the primary care physician providing ongoing care of a patient's diabetes should be completed soon after the dilated exam is performed. Eligible professionals or eligible clinicians reporting on this measure should note that all data for the reporting year is to be submitted by the deadline established by CMS. Therefore, eligible professionals or eligible clinicians who see patients towards the end of the reporting period (i.e., December in particular), should communicate the results of the dilated macular exam as soon as possible in order for those patients to be counted in the measure numerator. Communicating the results as soon as possible after the date of the exam will ensure the data are included in the submission to CMS.&#xA;&#xA;This eCQM is a patient-based measure.&#xA;&#xA;Telehealth encounters are not eligible for this measure because the measure requires a clinical action that cannot be conducted via telehealth.&#xA;&#xA;This version of the eCQM uses QDM version 5.6. Please refer to the eCQI resource center (https://ecqi.healthit.gov/qdm) for more information on the QDM."
                xsi:type="ED"/>
      </measureAttribute>
   </subjectOf>
   <subjectOf>
      <measureAttribute>
         <code code="TRANF" codeSystem="2.16.840.1.113883.5.4">
            <displayName value="Transmission Format"/>
         </code>
         <value mediaType="text/plain" value="TBD" xsi:type="ED"/>
      </measureAttribute>
   </subjectOf>
   <subjectOf>
      <measureAttribute>
         <code code="IPOP" codeSystem="2.16.840.1.113883.5.4">
            <displayName value="Initial Population"/>
         </code>
         <value mediaType="text/plain"
                value="All patients aged 18 years and older with a diagnosis of diabetic retinopathy"
                xsi:type="ED"/>
      </measureAttribute>
   </subjectOf>
   <subjectOf>
      <measureAttribute>
         <code code="DENOM" codeSystem="2.16.840.1.113883.5.4">
            <displayName value="Denominator"/>
         </code>
         <value mediaType="text/plain"
                value="Equals Initial Population who had a dilated macular or fundus exam performed"
                xsi:type="ED"/>
      </measureAttribute>
   </subjectOf>
   <subjectOf>
      <measureAttribute>
         <code code="DENEX" codeSystem="2.16.840.1.113883.5.4">
            <displayName value="Denominator Exclusions"/>
         </code>
         <value mediaType="text/plain" value="None" xsi:type="ED"/>
      </measureAttribute>
   </subjectOf>
   <subjectOf>
      <measureAttribute>
         <code code="NUMER" codeSystem="2.16.840.1.113883.5.4">
            <displayName value="Numerator"/>
         </code>
         <value mediaType="text/plain"
                value="Patients with documentation, at least once within 12 months, of the findings of the dilated macular or fundus exam via communication to the physician who manages the patient's diabetic care"
                xsi:type="ED"/>
      </measureAttribute>
   </subjectOf>
   <subjectOf>
      <measureAttribute>
         <code code="NUMEX" codeSystem="2.16.840.1.113883.5.4">
            <displayName value="Numerator Exclusions"/>
         </code>
         <value mediaType="text/plain" value="Not Applicable" xsi:type="ED"/>
      </measureAttribute>
   </subjectOf>
   <subjectOf>
      <measureAttribute>
         <code code="DENEXCEP" codeSystem="2.16.840.1.113883.5.4">
            <displayName value="Denominator Exceptions"/>
         </code>
         <value mediaType="text/plain"
                value="Documentation of medical reason(s) for not communicating the findings of the dilated macular or fundus exam to the physician who manages the ongoing care of the patient with diabetes.&#xA;&#xA;Documentation of patient reason(s) for not communicating the findings of the dilated macular or fundus exam to the physician who manages the ongoing care of the patient with diabetes."
                xsi:type="ED"/>
      </measureAttribute>
   </subjectOf>
   <subjectOf>
      <measureAttribute>
         <code code="SDE" codeSystem="2.16.840.1.113883.5.4">
            <displayName value="Supplemental Data Elements"/>
         </code>
         <value mediaType="text/plain"
                value="For every patient evaluated by this measure also identify payer, race, ethnicity and sex"
                xsi:type="ED"/>
      </measureAttribute>
   </subjectOf>
   <componentOf>
      <qualityMeasureSet classCode="ACT">
         <id root="53d6d7c3-43fb-4d24-8099-17e74c022c05"/>
         <title value="None"/>
      </qualityMeasureSet>
   </componentOf>
   <!--Data Criteria Section-->
   <component>
      <dataCriteriaSection>
         <templateId>
            <item extension="2021-02-01" root="2.16.840.1.113883.10.20.28.2.6"/>
         </templateId>
         <code code="57025-9" codeSystem="2.16.840.1.113883.6.1"/>
         <title value="Data Criteria Section"/>
         <text/>
         <entry typeCode="DRIV">
            <localVariableName value="Payer_PatientCharacteristicPayer_Dm5tE"/>
            <observationCriteria classCode="OBS" moodCode="EVN">
               <templateId>
                  <item extension="2017-05-01" root="2.16.840.1.113883.10.20.28.4.58"/>
               </templateId>
               <id extension="Payer_PatientCharacteristicPayer"
                   root="284cd8af-f5f8-47ae-8254-c51c5f864729"/>
               <code code="48768-6" codeSystem="2.16.840.1.113883.6.1" codeSystemName="LOINC">
                  <displayName value="Payer"/>
               </code>
               <title value="Patient Characteristic Payer"/>
               <statusCode code="COMPLETED"/>
               <value valueSet="2.16.840.1.114222.4.11.3591" xsi:type="CD"/>
            </observationCriteria>
         </entry>
         <entry typeCode="DRIV">
            <localVariableName value="LevelofSeverityofRetinopathyFindings_CommunicationNotPerformed_Syz8t"/>
            <actCriteria actionNegationInd="TRUE" classCode="ACT" moodCode="EVN">
               <templateId>
                  <item extension="2021-02-01" root="2.16.840.1.113883.10.20.28.4.132"/>
               </templateId>
               <id extension="LevelofSeverityofRetinopathyFindings_CommunicationNotPerformed"
                   root="4fd09b3d-1be7-405a-bed9-ccd02479c37c"/>
               <title value="Communication, Not Performed"/>
               <statusCode code="COMPLETED"/>
			            <outboundRelationship typeCode="RSON">
                  <observationCriteria classCode="OBS" moodCode="EVN">
                     <templateId>
                        <item extension="2017-05-01" root="2.16.840.1.113883.10.20.28.4.88"/>
                     </templateId>
                     <id extension="23C02425-3FEB-4337-BBA9-310AF410FD0C"
                         root="4fd09b3d-1be7-405a-bed9-ccd02479c37c"/>
                     <code code="410666004" codeSystem="2.16.840.1.113883.6.96" codeSystemName="SNOMED CT">
                        <displayName value="Reason"/>
                     </code>
                     <title value="Reason"/>
                     <value valueSet="2.16.840.1.113883.3.526.3.1283" xsi:type="CD"/>
                  </observationCriteria>
               </outboundRelationship>
		          </actCriteria>
         </entry>
         <entry typeCode="DRIV">
            <localVariableName value="LevelofSeverityofRetinopathyFindings_CommunicationPerformed_RQFcV"/>
            <actCriteria classCode="ACT" moodCode="EVN">
               <templateId>
                  <item extension="2021-02-01" root="2.16.840.1.113883.10.20.28.4.132"/>
               </templateId>
               <id extension="LevelofSeverityofRetinopathyFindings_CommunicationPerformed"
                   root="4fd09b3d-1be7-405a-bed9-ccd02479c37c"/>
               <title value="Communication, Performed"/>
               <statusCode code="COMPLETED"/>
			            <outboundRelationship typeCode="RSON">
                  <observationCriteria classCode="OBS" moodCode="EVN">
                     <templateId>
                        <item extension="2017-05-01" root="2.16.840.1.113883.10.20.28.4.88"/>
                     </templateId>
                     <id extension="2DFD0054-E756-4277-89BB-4BE8F565AD3D"
                         root="4fd09b3d-1be7-405a-bed9-ccd02479c37c"/>
                     <code code="410666004" codeSystem="2.16.840.1.113883.6.96" codeSystemName="SNOMED CT">
                        <displayName value="Reason"/>
                     </code>
                     <title value="Reason"/>
                     <value valueSet="2.16.840.1.113883.3.526.3.1283" xsi:type="CD"/>
                  </observationCriteria>
               </outboundRelationship>
		          </actCriteria>
         </entry>
         <entry typeCode="DRIV">
            <localVariableName value="ONCAdministrativeSex_PatientCharacteristicSex_MErtj"/>
            <observationCriteria classCode="OBS" moodCode="EVN">
               <templateId>
                  <item extension="2017-05-01" root="2.16.840.1.113883.10.20.28.4.55"/>
               </templateId>
               <id extension="ONCAdministrativeSex_PatientCharacteristicSex"
                   root="3c0dead0-393d-4767-889d-0295707ee254"/>
               <code code="263495000" codeSystem="2.16.840.1.113883.6.96" codeSystemName="SNOMED CT">
                  <displayName value="Gender"/>
               </code>
               <title value="Patient Characteristic Sex"/>
               <statusCode code="COMPLETED"/>
               <value valueSet="2.16.840.1.113762.1.4.1" xsi:type="CD"/>
            </observationCriteria>
         </entry>
         <entry typeCode="DRIV">
            <localVariableName value="MacularExam_DiagnosticStudyPerformed_q43xb"/>
            <observationCriteria classCode="OBS" moodCode="EVN">
               <templateId>
                  <item extension="2021-02-01" root="2.16.840.1.113883.10.20.28.4.23"/>
               </templateId>
               <id extension="MacularExam_DiagnosticStudyPerformed"
                   root="8f811408-a2b4-465a-8349-9c6b63d3b8bb"/>
               <code valueSet="2.16.840.1.113883.3.526.3.1251"/>
               <title value="Diagnostic Study, Performed"/>
               <statusCode code="COMPLETED"/>
            </observationCriteria>
         </entry>
         <entry typeCode="DRIV">
            <localVariableName value="OutpatientConsultation_EncounterPerformed_NSZft"/>
            <encounterCriteria classCode="ENC" moodCode="EVN">
               <templateId>
                  <item extension="2021-02-01" root="2.16.840.1.113883.10.20.28.4.5"/>
               </templateId>
               <id extension="OutpatientConsultation_EncounterPerformed"
                   root="944bef5d-1ca0-44e8-bd29-bf24d5b37f27"/>
               <code valueSet="2.16.840.1.113883.3.464.1003.101.12.1008"/>
               <title value="Encounter, Performed"/>
               <statusCode code="COMPLETED"/>
            </encounterCriteria>
         </entry>
         <entry typeCode="DRIV">
            <localVariableName value="CareServicesinLong-TermResidentialFacility_EncounterPerformed_pPcis"/>
            <encounterCriteria classCode="ENC" moodCode="EVN">
               <templateId>
                  <item extension="2021-02-01" root="2.16.840.1.113883.10.20.28.4.5"/>
               </templateId>
               <id extension="CareServicesinLong-TermResidentialFacility_EncounterPerformed"
                   root="68b3576d-e7fd-4ee4-a3bd-b5b0e8b0e41e"/>
               <code valueSet="2.16.840.1.113883.3.464.1003.101.12.1014"/>
               <title value="Encounter, Performed"/>
               <statusCode code="COMPLETED"/>
            </encounterCriteria>
         </entry>
         <entry typeCode="DRIV">
            <localVariableName value="MacularEdemaFindingsPresent_CommunicationPerformed_Xtu1c"/>
            <actCriteria classCode="ACT" moodCode="EVN">
               <templateId>
                  <item extension="2021-02-01" root="2.16.840.1.113883.10.20.28.4.132"/>
               </templateId>
               <id extension="MacularEdemaFindingsPresent_CommunicationPerformed"
                   root="9e4073ea-696f-484b-afb0-5167888e330c"/>
               <title value="Communication, Performed"/>
               <statusCode code="COMPLETED"/>
			            <outboundRelationship typeCode="RSON">
                  <observationCriteria classCode="OBS" moodCode="EVN">
                     <templateId>
                        <item extension="2017-05-01" root="2.16.840.1.113883.10.20.28.4.88"/>
                     </templateId>
                     <id extension="8E087BD2-F204-4457-8EBD-EA088B889C3F"
                         root="9e4073ea-696f-484b-afb0-5167888e330c"/>
                     <code code="410666004" codeSystem="2.16.840.1.113883.6.96" codeSystemName="SNOMED CT">
                        <displayName value="Reason"/>
                     </code>
                     <title value="Reason"/>
                     <value valueSet="2.16.840.1.113883.3.526.3.1320" xsi:type="CD"/>
                  </observationCriteria>
               </outboundRelationship>
		          </actCriteria>
         </entry>
         <entry typeCode="DRIV">
            <localVariableName value="MacularEdemaFindingsPresent_CommunicationNotPerformed_zdzW2"/>
            <actCriteria actionNegationInd="TRUE" classCode="ACT" moodCode="EVN">
               <templateId>
                  <item extension="2021-02-01" root="2.16.840.1.113883.10.20.28.4.132"/>
               </templateId>
               <id extension="MacularEdemaFindingsPresent_CommunicationNotPerformed"
                   root="9e4073ea-696f-484b-afb0-5167888e330c"/>
               <title value="Communication, Not Performed"/>
               <statusCode code="COMPLETED"/>
			            <outboundRelationship typeCode="RSON">
                  <observationCriteria classCode="OBS" moodCode="EVN">
                     <templateId>
                        <item extension="2017-05-01" root="2.16.840.1.113883.10.20.28.4.88"/>
                     </templateId>
                     <id extension="9F3876E8-A1F6-403B-B945-FFB7CBFB6E0B"
                         root="9e4073ea-696f-484b-afb0-5167888e330c"/>
                     <code code="410666004" codeSystem="2.16.840.1.113883.6.96" codeSystemName="SNOMED CT">
                        <displayName value="Reason"/>
                     </code>
                     <title value="Reason"/>
                     <value valueSet="2.16.840.1.113883.3.526.3.1320" xsi:type="CD"/>
                  </observationCriteria>
               </outboundRelationship>
		          </actCriteria>
         </entry>
         <entry typeCode="DRIV">
            <localVariableName value="Ethnicity_PatientCharacteristicEthnicity_Y23Rj"/>
            <observationCriteria classCode="OBS" moodCode="EVN">
               <templateId>
                  <item extension="2017-05-01" root="2.16.840.1.113883.10.20.28.4.56"/>
               </templateId>
               <id extension="Ethnicity_PatientCharacteristicEthnicity"
                   root="0fe56a6d-7940-453c-96c8-88c2f4c68edd"/>
               <code code="54133-4" codeSystem="2.16.840.1.113883.6.1" codeSystemName="LOINC">
                  <displayName value="Ethnicity"/>
               </code>
               <title value="Patient Characteristic Ethnicity"/>
               <statusCode code="COMPLETED"/>
               <value valueSet="2.16.840.1.114222.4.11.837" xsi:type="CD"/>
            </observationCriteria>
         </entry>
         <entry typeCode="DRIV">
            <localVariableName value="OphthalmologicalServices_EncounterPerformed_uYnTl"/>
            <encounterCriteria classCode="ENC" moodCode="EVN">
               <templateId>
                  <item extension="2021-02-01" root="2.16.840.1.113883.10.20.28.4.5"/>
               </templateId>
               <id extension="OphthalmologicalServices_EncounterPerformed"
                   root="8d52063d-149f-446d-95f8-e36d79fbd46f"/>
               <code valueSet="2.16.840.1.113883.3.526.3.1285"/>
               <title value="Encounter, Performed"/>
               <statusCode code="COMPLETED"/>
            </encounterCriteria>
         </entry>
         <entry typeCode="DRIV">
            <localVariableName value="Race_PatientCharacteristicRace_t5FHD"/>
            <observationCriteria classCode="OBS" moodCode="EVN">
               <templateId>
                  <item extension="2017-05-01" root="2.16.840.1.113883.10.20.28.4.59"/>
               </templateId>
               <id extension="Race_PatientCharacteristicRace"
                   root="193d56ab-afbc-47a1-96c8-675108718a57"/>
               <code code="32624-9" codeSystem="2.16.840.1.113883.6.1" codeSystemName="LOINC">
                  <displayName value="Race"/>
               </code>
               <title value="Patient Characteristic Race"/>
               <statusCode code="COMPLETED"/>
               <value valueSet="2.16.840.1.114222.4.11.836" xsi:type="CD"/>
            </observationCriteria>
         </entry>
         <entry typeCode="DRIV">
            <localVariableName value="NursingFacilityVisit_EncounterPerformed_zjA0A"/>
            <encounterCriteria classCode="ENC" moodCode="EVN">
               <templateId>
                  <item extension="2021-02-01" root="2.16.840.1.113883.10.20.28.4.5"/>
               </templateId>
               <id extension="NursingFacilityVisit_EncounterPerformed"
                   root="eb57c643-93ce-4f8a-99a7-2b661ce6f6ad"/>
               <code valueSet="2.16.840.1.113883.3.464.1003.101.12.1012"/>
               <title value="Encounter, Performed"/>
               <statusCode code="COMPLETED"/>
            </encounterCriteria>
         </entry>
         <entry typeCode="DRIV">
            <localVariableName value="DiabeticRetinopathy_Diagnosis_BBovs"/>
            <observationCriteria classCode="OBS" moodCode="EVN">
               <templateId>
                  <item extension="2021-02-01" root="2.16.840.1.113883.10.20.28.4.110"/>
               </templateId>
               <id extension="DiabeticRetinopathy_Diagnosis"
                   root="1fed3d51-7f4c-496d-9a34-3cf7afa0bb37"/>
               <code code="282291009" codeSystem="2.16.840.1.113883.6.96" codeSystemName="SNOMED CT">
                  <displayName value="Diagnosis"/>
               </code>
               <title value="Diagnosis"/>
               <statusCode code="COMPLETED"/>
               <value valueSet="2.16.840.1.113883.3.526.3.327" xsi:type="CD"/>
            </observationCriteria>
         </entry>
         <entry typeCode="DRIV">
            <localVariableName value="OfficeVisit_EncounterPerformed_o60J8"/>
            <encounterCriteria classCode="ENC" moodCode="EVN">
               <templateId>
                  <item extension="2021-02-01" root="2.16.840.1.113883.10.20.28.4.5"/>
               </templateId>
               <id extension="OfficeVisit_EncounterPerformed"
                   root="fbe4aa1e-7bb8-4764-aab8-55b559b515fa"/>
               <code valueSet="2.16.840.1.113883.3.464.1003.101.12.1001"/>
               <title value="Encounter, Performed"/>
               <statusCode code="COMPLETED"/>
            </encounterCriteria>
         </entry>
         <entry typeCode="DRIV">
            <actCriteria actionNegationInd="TRUE" classCode="ACT" moodCode="EVN">
               <templateId>
                  <item extension="2021-02-01" root="2.16.840.1.113883.10.20.28.4.132"/>
               </templateId>
               <id extension="428341000124108_CommunicationNotPerformed"
                   root="23712F7C-2288-4EBF-966B-5213CB91B7BB"/>
               <title value="Communication, Not Performed"/>
               <statusCode code="COMPLETED"/>
			            <outboundRelationship typeCode="RSON">
                  <observationCriteria classCode="OBS" moodCode="EVN">
                     <templateId>
                        <item extension="2017-05-01" root="2.16.840.1.113883.10.20.28.4.88"/>
                     </templateId>
                     <id extension="E2A77B00-18E6-4D42-868D-1D7317E303E7"
                         root="23712F7C-2288-4EBF-966B-5213CB91B7BB"/>
                     <code code="410666004" codeSystem="2.16.840.1.113883.6.96" codeSystemName="SNOMED CT">
                        <displayName value="Reason"/>
                     </code>
                     <title value="Reason"/>
                     <value code="428341000124108" codeSystem="2.16.840.1.113883.6.96"
                            codeSystemName="SNOMEDCT"
                            xsi:type="CD"/>
                  </observationCriteria>
               </outboundRelationship>
		          </actCriteria>
         </entry>
         <entry typeCode="DRIV">
            <actCriteria classCode="ACT" moodCode="EVN">
               <templateId>
                  <item extension="2021-02-01" root="2.16.840.1.113883.10.20.28.4.132"/>
               </templateId>
               <id extension="428341000124108_CommunicationPerformed"
                   root="0C55BD6C-05EA-4D1F-9B0E-7CD892E4A031"/>
               <title value="Communication, Performed"/>
               <statusCode code="COMPLETED"/>
			            <outboundRelationship typeCode="RSON">
                  <observationCriteria classCode="OBS" moodCode="EVN">
                     <templateId>
                        <item extension="2017-05-01" root="2.16.840.1.113883.10.20.28.4.88"/>
                     </templateId>
                     <id extension="3091421A-1D0F-4A7E-90DF-6AD76DA5202D"
                         root="0C55BD6C-05EA-4D1F-9B0E-7CD892E4A031"/>
                     <code code="410666004" codeSystem="2.16.840.1.113883.6.96" codeSystemName="SNOMED CT">
                        <displayName value="Reason"/>
                     </code>
                     <title value="Reason"/>
                     <value code="428341000124108" codeSystem="2.16.840.1.113883.6.96"
                            codeSystemName="SNOMEDCT"
                            xsi:type="CD"/>
                  </observationCriteria>
               </outboundRelationship>
		          </actCriteria>
         </entry>
      </dataCriteriaSection>
   </component>
   <component>
      <populationCriteriaSection>
         <templateId>
            <item extension="2017-08-01" root="2.16.840.1.113883.10.20.28.2.7"/>
         </templateId>
         <id extension="PopulationCriteria1" root="2D4CF913-11D9-4210-AFD4-435BAEC65C1D"/>
         <code code="57026-7" codeSystem="2.16.840.1.113883.6.1"/>
         <title value="Population Criteria Section"/>
         <text/>
         <component typeCode="COMP">
            <initialPopulationCriteria classCode="OBS" moodCode="EVN">
               <id extension="initialPopulation" root="E1C52911-4CF0-4D47-AF14-0DC3BEE657AA"/>
               <code code="IPOP" codeSystem="2.16.840.1.113883.5.4" codeSystemName="Act Code"/>
               <precondition typeCode="PRCN">
                  <criteriaReference classCode="OBS" moodCode="EVN">
                     <id extension="DRCommunicationWithPhysicianManagingDiabetes.&quot;Initial Population&quot;"
                         root="38F6AFAC-D427-4534-9C60-59DDA298189C"/>
                  </criteriaReference>
               </precondition>
            </initialPopulationCriteria>
         </component>
         <component typeCode="COMP">
            <denominatorCriteria classCode="OBS" moodCode="EVN">
               <id extension="denominator" root="B3C7A77A-1620-43E6-B1BB-82CE0798DF07"/>
               <code code="DENOM" codeSystem="2.16.840.1.113883.5.4" codeSystemName="Act Code"/>
               <precondition typeCode="PRCN">
                  <criteriaReference classCode="OBS" moodCode="EVN">
                     <id extension="DRCommunicationWithPhysicianManagingDiabetes.&quot;Denominator&quot;"
                         root="38F6AFAC-D427-4534-9C60-59DDA298189C"/>
                  </criteriaReference>
               </precondition>
            </denominatorCriteria>
         </component>
         <component typeCode="COMP">
            <denominatorExceptionCriteria classCode="OBS" moodCode="EVN">
               <id extension="denominatorExceptions" root="F5A57901-16EE-4072-938D-C2049D6F1CC5"/>
               <code code="DENEXCEP" codeSystem="2.16.840.1.113883.5.4" codeSystemName="Act Code"/>
               <precondition typeCode="PRCN">
                  <criteriaReference classCode="OBS" moodCode="EVN">
                     <id extension="DRCommunicationWithPhysicianManagingDiabetes.&quot;Denominator Exceptions&quot;"
                         root="38F6AFAC-D427-4534-9C60-59DDA298189C"/>
                  </criteriaReference>
               </precondition>
            </denominatorExceptionCriteria>
         </component>
         <component typeCode="COMP">
            <numeratorCriteria classCode="OBS" moodCode="EVN">
               <id extension="numerator" root="C1BBE3BB-D0D4-43A2-A376-62C6A76E4FC4"/>
               <code code="NUMER" codeSystem="2.16.840.1.113883.5.4" codeSystemName="Act Code"/>
               <precondition typeCode="PRCN">
                  <criteriaReference classCode="OBS" moodCode="EVN">
                     <id extension="DRCommunicationWithPhysicianManagingDiabetes.&quot;Numerator&quot;"
                         root="38F6AFAC-D427-4534-9C60-59DDA298189C"/>
                  </criteriaReference>
               </precondition>
            </numeratorCriteria>
         </component>
         <component typeCode="COMP">
            <cql-ext:supplementalDataElement>
               <id extension="Supplemental Data Elements"
                   root="0BBB5364-94FA-45C5-AA66-96580AD757B5"/>
               <code code="SDE" codeSystem="2.16.840.1.113883.5.4" codeSystemName="Act Code"/>
               <precondition typeCode="PRCN">
                  <criteriaReference classCode="OBS" moodCode="EVN">
                     <id extension="DRCommunicationWithPhysicianManagingDiabetes.&quot;SDE Ethnicity&quot;"
                         root="38F6AFAC-D427-4534-9C60-59DDA298189C"/>
                  </criteriaReference>
               </precondition>
            </cql-ext:supplementalDataElement>
         </component>
         <component typeCode="COMP">
            <cql-ext:supplementalDataElement>
               <id extension="Supplemental Data Elements"
                   root="E27EE470-6C58-4C75-ABB5-1727B356F495"/>
               <code code="SDE" codeSystem="2.16.840.1.113883.5.4" codeSystemName="Act Code"/>
               <precondition typeCode="PRCN">
                  <criteriaReference classCode="OBS" moodCode="EVN">
                     <id extension="DRCommunicationWithPhysicianManagingDiabetes.&quot;SDE Payer&quot;"
                         root="38F6AFAC-D427-4534-9C60-59DDA298189C"/>
                  </criteriaReference>
               </precondition>
            </cql-ext:supplementalDataElement>
         </component>
         <component typeCode="COMP">
            <cql-ext:supplementalDataElement>
               <id extension="Supplemental Data Elements"
                   root="FD0B2E2A-F8B4-4F66-876D-0ED59D0FA4FE"/>
               <code code="SDE" codeSystem="2.16.840.1.113883.5.4" codeSystemName="Act Code"/>
               <precondition typeCode="PRCN">
                  <criteriaReference classCode="OBS" moodCode="EVN">
                     <id extension="DRCommunicationWithPhysicianManagingDiabetes.&quot;SDE Race&quot;"
                         root="38F6AFAC-D427-4534-9C60-59DDA298189C"/>
                  </criteriaReference>
               </precondition>
            </cql-ext:supplementalDataElement>
         </component>
         <component typeCode="COMP">
            <cql-ext:supplementalDataElement>
               <id extension="Supplemental Data Elements"
                   root="42CF10A6-BD79-4644-AE1F-FAF93CF31F22"/>
               <code code="SDE" codeSystem="2.16.840.1.113883.5.4" codeSystemName="Act Code"/>
               <precondition typeCode="PRCN">
                  <criteriaReference classCode="OBS" moodCode="EVN">
                     <id extension="DRCommunicationWithPhysicianManagingDiabetes.&quot;SDE Sex&quot;"
                         root="38F6AFAC-D427-4534-9C60-59DDA298189C"/>
                  </criteriaReference>
               </precondition>
            </cql-ext:supplementalDataElement>
         </component>
      </populationCriteriaSection>
   </component>
</QualityMeasureDocument>