<?xml version="1.0" encoding="UTF-8" standalone="yes"?>
<QualityMeasureDocument xmlns="urn:hl7-org:v3" xmlns:cql-ext="urn:hhs-cql:hqmf-n1-extensions:v1"
                        xmlns:xsi="http://www.w3.org/2001/XMLSchema-instance">

      <!--
            **************************************************************
            Measure Details Section
            **************************************************************
        -->

      <typeId extension="POQM_HD000001UV02" root="2.16.840.1.113883.1.3"/>
   <templateId>
      <item extension="2021-02-01" root="2.16.840.1.113883.10.20.28.1.2"/>
   </templateId>
   <id root="2c928082-86db-6718-0187-0ad80afa0a7e"/>
   <code code="57024-2" codeSystem="2.16.840.1.113883.6.1">
      <displayName value="Health Quality Measure Document"/>
   </code>
   <title value="Depression Remission at Twelve Months"/>
   <text
         value="The percentage of adolescent patients 12 to 17 years of age and adult patients 18 years of age or older with major depression or dysthymia who reached remission 12 months (+/- 60 days) after an index event"/>
   <statusCode code="COMPLETED"/>
   <setId root="8455cd3e-dbb9-4e0c-8084-3ece4068fe94"/>
   <versionNumber value="12.1.000"/>
   <author>
      <responsibleParty classCode="ASSIGNED">
         <representedResponsibleOrganization classCode="ORG" determinerCode="INSTANCE">
            <id>
               <item root="2.16.840.1.113883.3.3144"/>
            </id>
            <name>
               <item>
                  <part value="MN Community Measurement"/>
               </item>
            </name>
         </representedResponsibleOrganization>
      </responsibleParty>
   </author>
   <custodian>
      <responsibleParty classCode="ASSIGNED">
         <representedResponsibleOrganization classCode="ORG" determinerCode="INSTANCE">
            <id>
               <item root="35"/>
            </id>
            <name>
               <item>
                  <part value="MN Community Measurement"/>
               </item>
            </name>
         </representedResponsibleOrganization>
      </responsibleParty>
   </custodian>
   <verifier>
      <responsibleParty classCode="ASSIGNED">
         <representedResponsibleOrganization classCode="ORG" determinerCode="INSTANCE">
            <id>
               <item root="2.16.840.1.113883.3.560"/>
            </id>
            <name>
               <item>
                  <part value="National Quality Forum"/>
               </item>
            </name>
         </representedResponsibleOrganization>
      </responsibleParty>
   </verifier>
   <!--Encounter Inpatient-->
     	 <definition>
      <valueSet classCode="OBS" moodCode="DEF">
         <id root="2.16.840.1.113883.3.666.5.307"/>
         <title value="Encounter Inpatient"/>
      </valueSet>
   </definition>
   <!--Payer-->
     	 <definition>
      <valueSet classCode="OBS" moodCode="DEF">
         <id root="2.16.840.1.114222.4.11.3591"/>
         <title value="Payer"/>
      </valueSet>
   </definition>
   <!--Palliative Care Intervention-->
     	 <definition>
      <valueSet classCode="OBS" moodCode="DEF">
         <id root="2.16.840.1.113883.3.464.1003.198.12.1135"/>
         <title value="Palliative Care Intervention"/>
      </valueSet>
   </definition>
   <!--ONC Administrative Sex-->
     	 <definition>
      <valueSet classCode="OBS" moodCode="DEF">
         <id root="2.16.840.1.113762.1.4.1"/>
         <title value="ONC Administrative Sex"/>
      </valueSet>
   </definition>
   <!--Hospice Care Ambulatory-->
     	 <definition>
      <valueSet classCode="OBS" moodCode="DEF">
         <id root="2.16.840.1.113883.3.526.3.1584"/>
         <title value="Hospice Care Ambulatory"/>
      </valueSet>
   </definition>
   <!--PHQ 9 and PHQ 9M Tools-->
     	 <definition>
      <valueSet classCode="OBS" moodCode="DEF">
         <id root="2.16.840.1.113883.3.67.1.101.1.263"/>
         <title value="PHQ 9 and PHQ 9M Tools"/>
      </valueSet>
   </definition>
   <!--Pervasive Developmental Disorder-->
     	 <definition>
      <valueSet classCode="OBS" moodCode="DEF">
         <id root="2.16.840.1.113883.3.464.1003.105.12.1152"/>
         <title value="Pervasive Developmental Disorder"/>
      </valueSet>
   </definition>
   <!--Palliative Care Encounter-->
     	 <definition>
      <valueSet classCode="OBS" moodCode="DEF">
         <id root="2.16.840.1.113883.3.464.1003.101.12.1090"/>
         <title value="Palliative Care Encounter"/>
      </valueSet>
   </definition>
   <!--Dysthymia-->
     	 <definition>
      <valueSet classCode="OBS" moodCode="DEF">
         <id root="2.16.840.1.113883.3.67.1.101.1.254"/>
         <title value="Dysthymia"/>
      </valueSet>
   </definition>
   <!--Ethnicity-->
     	 <definition>
      <valueSet classCode="OBS" moodCode="DEF">
         <id root="2.16.840.1.114222.4.11.837"/>
         <title value="Ethnicity"/>
      </valueSet>
   </definition>
   <!--Bipolar Disorder-->
     	 <definition>
      <valueSet classCode="OBS" moodCode="DEF">
         <id root="2.16.840.1.113883.3.67.1.101.1.128"/>
         <title value="Bipolar Disorder"/>
      </valueSet>
   </definition>
   <!--Palliative Care Diagnosis-->
     	 <definition>
      <valueSet classCode="OBS" moodCode="DEF">
         <id root="2.16.840.1.113883.3.464.1003.1167"/>
         <title value="Palliative Care Diagnosis"/>
      </valueSet>
   </definition>
   <!--Contact or Office Visit-->
     	 <definition>
      <valueSet classCode="OBS" moodCode="DEF">
         <id root="2.16.840.1.113762.1.4.1080.5"/>
         <title value="Contact or Office Visit"/>
      </valueSet>
   </definition>
   <!--Race-->
     	 <definition>
      <valueSet classCode="OBS" moodCode="DEF">
         <id root="2.16.840.1.114222.4.11.836"/>
         <title value="Race"/>
      </valueSet>
   </definition>
   <!--Hospice Encounter-->
     	 <definition>
      <valueSet classCode="OBS" moodCode="DEF">
         <id root="2.16.840.1.113883.3.464.1003.1003"/>
         <title value="Hospice Encounter"/>
      </valueSet>
   </definition>
   <!--Schizophrenia or Psychotic Disorder-->
     	 <definition>
      <valueSet classCode="OBS" moodCode="DEF">
         <id root="2.16.840.1.113883.3.464.1003.105.12.1104"/>
         <title value="Schizophrenia or Psychotic Disorder"/>
      </valueSet>
   </definition>
   <!--Hospice Diagnosis-->
     	 <definition>
      <valueSet classCode="OBS" moodCode="DEF">
         <id root="2.16.840.1.113883.3.464.1003.1165"/>
         <title value="Hospice Diagnosis"/>
      </valueSet>
   </definition>
   <!--Personality Disorder Emotionally Labile-->
     	 <definition>
      <valueSet classCode="OBS" moodCode="DEF">
         <id root="2.16.840.1.113883.3.67.1.101.1.246"/>
         <title value="Personality Disorder Emotionally Labile"/>
      </valueSet>
   </definition>
   <!--Major Depression Including Remission-->
     	 <definition>
      <valueSet classCode="OBS" moodCode="DEF">
         <id root="2.16.840.113883.3.67.1.101.3.2444"/>
         <title value="Major Depression Including Remission"/>
      </valueSet>
   </definition>
   <!--Functional Assessment of Chronic Illness Therapy - Palliative Care Questionnaire (FACIT-Pal)-CODE:/CodeSystem/LOINC/Version/2.71/Code/71007-9/Info-->
      <definition>
      <cql-ext:code code="71007-9" codeSystem="2.16.840.1.113883.6.1" codeSystemName="LOINC">
         <displayName value="Functional Assessment of Chronic Illness Therapy - Palliative Care Questionnaire (FACIT-Pal)"/>
      </cql-ext:code>
   </definition>
   <!--Dead (finding)-CODE:/CodeSystem/SNOMEDCT/Version/2015-09/Code/419099009/Info-->
      <definition>
      <cql-ext:code code="419099009" codeSystem="2.16.840.1.113883.6.96" codeSystemName="SNOMEDCT">
         <displayName value="Dead (finding)"/>
      </cql-ext:code>
   </definition>
   <!--Birth date-CODE:/CodeSystem/LOINC/Version/2.52/Code/21112-8/Info-->
      <definition>
      <cql-ext:code code="21112-8" codeSystem="2.16.840.1.113883.6.1" codeSystemName="LOINC">
         <displayName value="Birth date"/>
      </cql-ext:code>
   </definition>
   <!--Hospice care [Minimum Data Set]-CODE:/CodeSystem/LOINC/Version/2.71/Code/45755-6/Info-->
      <definition>
      <cql-ext:code code="45755-6" codeSystem="2.16.840.1.113883.6.1" codeSystemName="LOINC">
         <displayName value="Hospice care [Minimum Data Set]"/>
      </cql-ext:code>
   </definition>
   <!--Discharge to home for hospice care (procedure)-CODE:/CodeSystem/SNOMEDCT/Version/2021-09/Code/428361000124107/Info-->
      <definition>
      <cql-ext:code code="428361000124107" codeSystem="2.16.840.1.113883.6.96"
                    codeSystemName="SNOMEDCT">
         <displayName value="Discharge to home for hospice care (procedure)"/>
      </cql-ext:code>
   </definition>
   <!--Discharge to healthcare facility for hospice care (procedure)-CODE:/CodeSystem/SNOMEDCT/Version/2021-09/Code/428371000124100/Info-->
      <definition>
      <cql-ext:code code="428371000124100" codeSystem="2.16.840.1.113883.6.96"
                    codeSystemName="SNOMEDCT">
         <displayName value="Discharge to healthcare facility for hospice care (procedure)"/>
      </cql-ext:code>
   </definition>
   <!--Yes (qualifier value)-CODE:/CodeSystem/SNOMEDCT/Version/2021-09/Code/373066001/Info-->
      <definition>
      <cql-ext:code code="373066001" codeSystem="2.16.840.1.113883.6.96" codeSystemName="SNOMEDCT">
         <displayName value="Yes (qualifier value)"/>
      </cql-ext:code>
   </definition>
   <relatedDocument typeCode="COMP">
      <expressionDocument>
         <id root="1C36ABDA-4E55-4C7E-AF60-DF7208FF350D"/>
         <text mediaType="text/cql">
            <reference value="https://emeasuretool.cms.gov/libraries/8455cd3e-dbb9-4e0c-8084-3ece4068fe94/CMS159-v12-1-000-QDM-5-6.cql"/>
            <translation mediaType="application/elm+xml">
               <reference value="https://emeasuretool.cms.gov/libraries/8455cd3e-dbb9-4e0c-8084-3ece4068fe94/CMS159-v12-1-000-QDM-5-6.xml"/>
            </translation>
            <translation mediaType="application/elm+json">
               <reference value="https://emeasuretool.cms.gov/libraries/8455cd3e-dbb9-4e0c-8084-3ece4068fe94/CMS159-v12-1-000-QDM-5-6.json"/>
            </translation>
         </text>
         <setId extension="8455cd3e-dbb9-4e0c-8084-3ece4068fe94"
                identifierName="DepressionRemissionatTwelveMonths"
                root="https://emeasuretool.cms.gov/libraries"/>
         <versionNumber value="12.1.000"/>
      </expressionDocument>
   </relatedDocument>
   <relatedDocument typeCode="COMP">
      <expressionDocument>
         <id root="2c9280857b2aeb52017b5f8b96c31ff8"/>
         <text mediaType="text/cql">
            <reference value="https://emeasuretool.cms.gov/libraries/8bdc0a19-b210-4a58-8a07-f5d95a34eca9/MATGlobalCommonFunctions-v7-0-000-QDM-5-6.cql"/>
            <translation mediaType="application/elm+xml">
               <reference value="https://emeasuretool.cms.gov/libraries/8bdc0a19-b210-4a58-8a07-f5d95a34eca9/MATGlobalCommonFunctions-v7-0-000-QDM-5-6.xml"/>
            </translation>
            <translation mediaType="application/elm+json">
               <reference value="https://emeasuretool.cms.gov/libraries/8bdc0a19-b210-4a58-8a07-f5d95a34eca9/MATGlobalCommonFunctions-v7-0-000-QDM-5-6.json"/>
            </translation>
         </text>
         <setId extension="8bdc0a19-b210-4a58-8a07-f5d95a34eca9"
                identifierName="MATGlobalCommonFunctions"
                root="https://emeasuretool.cms.gov/libraries"/>
         <versionNumber value="7.0.000"/>
      </expressionDocument>
   </relatedDocument>
   <controlVariable>
      <measurePeriod>
         <id extension="measureperiod" root="2dd1e63f-f82a-40a8-80ef-5355a5417f3b"/>
         <code code="MSRTP" codeSystem="2.16.840.1.113883.5.4">
            <originalText value="Measurement Period"/>
         </code>
         <value xsi:type="PIVL_TS">
            <phase highClosed="true" lowClosed="true">
               <low value="20230101"/>
               <width unit="a" value="1" xsi:type="PQ"/>
            </phase>
            <period unit="a" value="1"/>
         </value>
      </measurePeriod>
   </controlVariable>
   <subjectOf>
      <measureAttribute>
         <code nullFlavor="OTH">
            <originalText value="eCQM Identifier (Measure Authoring Tool)"/>
         </code>
         <value mediaType="text/plain" value="159" xsi:type="ED"/>
      </measureAttribute>
   </subjectOf>
   <subjectOf>
      <measureAttribute>
         <code nullFlavor="OTH">
            <originalText value="NQF Number"/>
         </code>
         <value mediaType="text/plain" value="0710e" xsi:type="ED"/>
      </measureAttribute>
   </subjectOf>
   <subjectOf>
      <measureAttribute>
         <code code="COPY" codeSystem="2.16.840.1.113883.5.4">
            <displayName value="Copyright"/>
         </code>
         <value mediaType="text/plain"
                value="Copyright MN Community Measurement, 2023. All rights reserved.&#xA;&#xA;Limited proprietary coding is contained in the Measure specifications for user convenience. Users of proprietary code sets should obtain all necessary licenses from the owners of the code sets. Mathematica disclaims all liability for use or accuracy of any third party codes contained in the specifications.&#xA;&#xA;CPT(R) contained in the Measure specifications is copyright 2004-2022 American Medical Association. LOINC(R) copyright 2004-2022 Regenstrief Institute, Inc. This material contains SNOMED Clinical Terms(R) (SNOMED CT[R]) copyright 2004-2022 International Health Terminology Standards Development Organisation. ICD-10 copyright 2022 World Health Organization. All Rights Reserved."
                xsi:type="ED"/>
      </measureAttribute>
   </subjectOf>
   <subjectOf>
      <measureAttribute>
         <code code="DISC" codeSystem="2.16.840.1.113883.5.4">
            <displayName value="Disclaimer"/>
         </code>
         <value mediaType="text/plain"
                value="The performance measure is not a clinical guideline and does not establish a standard of medical care, and has not been tested for all potential applications.&#xA;&#xA;THE MEASURES AND SPECIFICATIONS ARE PROVIDED “AS IS” WITHOUT WARRANTY OF ANY KIND.&#xA;&#xA;Due to technical limitations, registered trademarks are indicated by (R) or [R] and unregistered trademarks are indicated by (TM) or [TM]."
                xsi:type="ED"/>
      </measureAttribute>
   </subjectOf>
   <subjectOf>
      <measureAttribute>
         <code code="MSRSCORE" codeSystem="2.16.840.1.113883.5.4">
            <displayName value="Measure Scoring"/>
         </code>
         <value code="PROPOR" codeSystem="2.16.840.1.113883.5.1063" xsi:type="CD">
            <displayName value="Proportion"/>
         </value>
      </measureAttribute>
   </subjectOf>
   <subjectOf>
      <measureAttribute>
         <code code="MSRTYPE" codeSystem="2.16.840.1.113883.5.4">
            <displayName value="Measure Type"/>
         </code>
         <value code="OUTCOME" codeSystem="2.16.840.1.113883.5.1063" xsi:type="CD">
            <displayName value="OUTCOME"/>
         </value>
      </measureAttribute>
   </subjectOf>
   <subjectOf>
      <measureAttribute>
         <code code="STRAT" codeSystem="2.16.840.1.113883.5.4">
            <displayName value="Stratification"/>
         </code>
         <value mediaType="text/plain"
                value="Ages 12 to 17 at the time of the index assessment&#xA;Ages 18 and older at the time of the index assessment"
                xsi:type="ED"/>
      </measureAttribute>
   </subjectOf>
   <subjectOf>
      <measureAttribute>
         <code code="MSRADJ" codeSystem="2.16.840.1.113883.5.4">
            <displayName value="Risk Adjustment"/>
         </code>
         <value mediaType="text/plain" value="None" xsi:type="ED"/>
      </measureAttribute>
   </subjectOf>
   <subjectOf>
      <measureAttribute>
         <code code="MSRAGG" codeSystem="2.16.840.1.113883.5.4">
            <displayName value="Rate Aggregation"/>
         </code>
         <value mediaType="text/plain" value="None" xsi:type="ED"/>
      </measureAttribute>
   </subjectOf>
   <subjectOf>
      <measureAttribute>
         <code code="RAT" codeSystem="2.16.840.1.113883.5.4">
            <displayName value="Rationale"/>
         </code>
         <value mediaType="text/plain"
                value="Adults:&#xA;Depression is a common and treatable mental disorder. During 2013-2016, 8.1% of American adults age 20 and over had depression in a given 2 week period. Women (10.4%) were almost twice as likely as men (5.5%) to have had depression. The prevalence of depression among adults decreased as family income levels increased. About 80% of adults with depression reported at least some difficulty with work, home, or social activities because of their depression symptoms (Brody, Pratt, and Hughes, 2018).&#xA;&#xA;Depression is a risk factor for development of chronic illnesses such as diabetes and coronary heart disease and adversely affects the course, complications and management of chronic medical illness. Both maladaptive health risk behaviors and psychobiological factors associated with depression may explain depression's negative effect on outcomes of chronic illness (Katon, 2011).&#xA;&#xA;Adolescents and Adults:&#xA;The Centers for Disease Control and Prevention states that during 2009-2012 an estimated 7.6% of the U.S. population aged 12 and over had depression, including 3% of Americans with severe depressive symptoms. Almost 43% of persons with severe depressive symptoms reported serious difficulties in work, home and social activities, yet only 35% reported having contact with a mental health professional in the past year (Pratt and Brody, 2014).&#xA;&#xA;Depression is associated with higher mortality rates in all age groups. Depression is also a leading cause of medical disability, and depressed people lose 5.6 hours of productive work every week when they are depressed, 50% of which is due to absenteeism and short-term disability (Stewart et al., 2003).&#xA;&#xA;Adolescents:&#xA;In 2014, an estimated 2.8 million adolescents age 12 to 17 in the United States had at least one major depressive episode (MDE) in the past year (Center for Behavioral Health Statistics and Quality, 2015). The 2013 Youth Risk Behavior Survey of students grades 9 to 12 indicated that during the past 12 months 39.1% (F) and 20.8% (M) indicated feeling sad or hopeless almost every day for at least 2 weeks, planned suicide attempt 16.9% (F) and 10.3% (M), with attempted suicide 10.6% (F) and 5.4% (M) (Kann et al., 2014). Adolescent-onset depression is associated with chronic depression in adulthood. Many mental health conditions (anxiety, bipolar, depression, eating disorders, and substance abuse) are evident by age 14. The 12-month prevalence of MDEs increased from 8.7% in 2005 to 11.3% in 2014 in adolescents and from 8.8% to 9.6% in young adults (both P &lt; .001). The increase was larger and statistically significant only in the age range of 12 to 20 years. The trends remained significant after adjustment for substance use disorders and sociodemographic factors (Mojtabai, Olfson, and Han 2016). Mental health care contacts overall did not change over time; however, the use of specialty mental health providers increased in adolescents and young adults, and the use of prescription medications and inpatient hospitalizations increased in adolescents (Mojtabai, Olfson, and Han 2016)."
                xsi:type="ED"/>
      </measureAttribute>
   </subjectOf>
   <subjectOf>
      <measureAttribute>
         <code code="CRS" codeSystem="2.16.840.1.113883.5.4">
            <displayName value="Clinical Recommendation Statement"/>
         </code>
         <value mediaType="text/plain"
                value="Adults:&#xA;&#xA;Recommendations and algorithm notations supporting depression outcomes and duration of treatment according to Institute for Clinical Systems Improvement Health Care Guideline (Trangle et al., 2016):&#xA;&#xA;Recommendation: Clinicians should establish and maintain follow-up with patients. Appropriate, reliable follow-up is highly correlated with improved response and remission scores. It is also correlated with the improved safety and efficacy of medications and helps prevent relapse (Trangle et al., 2016).&#xA;&#xA;Proactive follow-up contacts (in person, telephone) based on the collaborative care model have been shown to significantly lower depression severity (Unutzer et al., 2002). In the available clinical effectiveness trials conducted in real clinical practice settings, even the addition of a care manager leads to modest remission rates (Trivedi et al., 2006; Unutzer et al., 2002). Interventions are critical to educating the patient regarding the importance of preventing relapse, safety and efficacy of medications, and management of potential side effects. Establish and maintain initial follow-up contact intervals (office, phone, other) (Hunkeler et al., 2000; Simon et al., 2000).&#xA;&#xA;The Patient Health Questionnaire-9 (PHQ-9) is an effective monitoring and management tool, and should be used routinely for subsequent visits to monitor treatment outcomes and severity. It can also help the clinician decide if/how to modify the treatment plan (Duffy et al., 2008; Lowe et al., 2004). Using a measurement-based approach to depression care, PHQ-9 results and side effect evaluation should be combined with treatment algorithms to drive patients toward remission. A five-point drop in PHQ-9 score is considered the minimal clinically significant difference (Trivedi, 2009).&#xA;&#xA;The goals of treatment should be to achieve remission, reduce relapse and recurrence, and return to previous level of occupational and psychosocial function.&#xA;&#xA;If using a PHQ-9 tool, remission translates to PHQ-9 score of less than 5 (Kroenke, 2001). Results from the Sequenced Treatment Alternatives to Relieve Depression (STAR*D) study showed that remission rates lowered with more treatment steps, but the overall cumulative rate was 67% (Rush et al., 2006).&#xA;&#xA;Response and remission take time. In the STAR*D study, longer times than expected were needed to reach response or remission. In fact, one-third of those who ultimately responded did so after six weeks. Of those who achieved remission by Quick Inventory of Depressive Symptomatology, 50% did so only at or after six weeks of treatment (Trivedi et al., 2006). If the primary care clinician is seeing some improvement, continue working with that patient to augment or increase dosage to reach remission. This can take up to three months.&#xA;&#xA;This measure assesses achievement of remission, which is a desired outcome of effective depression treatment and monitoring.&#xA;&#xA;Adult Depression in Primary Care - Guideline Aims (Trangle et al., 2016): &#xA;- Increase the percentage of patients with major depression or persistent depressive disorder who have improvement in outcomes from treatment for major depression or persistent depressive disorder.&#xA;- Increase the percentage of patients with major depression or persistent depressive disorder who have follow-up to assess for outcomes from treatment.&#xA;- Improve communication between the primary care physician and the mental health care clinician (if patient is co-managed).&#xA;&#xA;Adolescents:&#xA;&#xA;Recommendations supporting depression outcomes and duration of treatment according to American Academy of Child and Adolescent Psychiatry guideline (Birmaher et al., 2007): &#xA;- Treatment of depressive disorders should always include an acute and continuation phase; some children may also require maintenance treatment. The main goal of the acute phase is to achieve response and ultimately full symptomatic remission (definitions below).&#xA;- Each phase of treatment should include psychoeducation, supportive management, and family and school involvement.&#xA;- Education, support, and case management appear to be sufficient treatment for the management of depressed children and adolescents with an uncomplicated or brief depression or with mild psychosocial impairment.&#xA;- For children and adolescents who do not respond to supportive psychotherapy or who have more complicated depressions, a trial with specific types of psychotherapy and/or antidepressants is indicated.&#xA;&#xA;Recommendations supporting depression outcomes and duration of treatment according to Guidelines for Adolescent Depression in Primary Care (Zuckerbrot et al., 2018 (Part I), Zuckerbrot et al., 2018 (Part II)): &#xA;- Mild depression: consider a period of active support and monitoring before starting other evidence-based treatment&#xA;- Moderate or severe major clinical depression or complicating factors:&#xA;  -- consultation with mental health specialist with agreed upon roles&#xA;  -- evidence based treatment (cognitive behavioral therapy or interpersonal psychotherapy and/or antidepressant selective serotonin reuptake inhibitors)  &#xA;- Monitor for adverse effects during antidepressant therapy&#xA;  -- clinical worsening, suicidality, unusual changes in behavior&#xA;- Systematic and regular tracking of goals and outcomes&#xA;  -- improvement in functioning status and resolution of depressive symptoms&#xA;Regardless of the length of treatment, all patients should be monitored on a monthly basis for 6 to 12 months after the full resolution of symptoms."
                xsi:type="ED"/>
      </measureAttribute>
   </subjectOf>
   <subjectOf>
      <measureAttribute>
         <code code="IDUR" codeSystem="2.16.840.1.113883.5.4">
            <displayName value="Improvement Notation"/>
         </code>
         <value mediaType="text/plain" value="Higher score indicates better quality"
                xsi:type="ED"/>
      </measureAttribute>
   </subjectOf>
   <subjectOf>
      <measureAttribute>
         <code code="REF" codeSystem="2.16.840.1.113883.5.4">
            <displayName value="Reference"/>
         </code>
         <value mediaType="text/plain"
                value="CITATIONBirmaher, B., Brent, D., et al. (2007). Practice Parameter for the Assessment and Treatment of Children and Adolescents With Depressive Disorders J. Am. Acad. Child Adolesc. Psychiatry, 2007;46(11):1503Y1526."
                xsi:type="ED"/>
      </measureAttribute>
   </subjectOf>
   <subjectOf>
      <measureAttribute>
         <code code="REF" codeSystem="2.16.840.1.113883.5.4">
            <displayName value="Reference"/>
         </code>
         <value mediaType="text/plain"
                value="CITATIONBrody, D.J., Pratt, L.A., and Hughes, J. (2018, February). Prevalence of depression among adults aged 2018 and over: United States, 2013-2016. NCHS Data Brief, no 303. Hyattsville, MD: National Center for Health Statistics. 2018."
                xsi:type="ED"/>
      </measureAttribute>
   </subjectOf>
   <subjectOf>
      <measureAttribute>
         <code code="REF" codeSystem="2.16.840.1.113883.5.4">
            <displayName value="Reference"/>
         </code>
         <value mediaType="text/plain"
                value="CITATIONDuffy, F. F., Chung, H., Trivedi, M., et al. (2008, October). Systematic use of patient-rated depression severity monitoring: Is it helpful and feasible in clinical psychiatry? Psychiatric Services, 59(10), 1148-1154."
                xsi:type="ED"/>
      </measureAttribute>
   </subjectOf>
   <subjectOf>
      <measureAttribute>
         <code code="REF" codeSystem="2.16.840.1.113883.5.4">
            <displayName value="Reference"/>
         </code>
         <value mediaType="text/plain"
                value="CITATIONHunkeler, E. M., Meresman, J. F., Hargreaves, W. A., et al. (2000, August). Efficacy of nurse telehealth care and peer support in augmenting treatment of depression in primary care. Archives of Family Medicine, 9(8), 700-708."
                xsi:type="ED"/>
      </measureAttribute>
   </subjectOf>
   <subjectOf>
      <measureAttribute>
         <code code="REF" codeSystem="2.16.840.1.113883.5.4">
            <displayName value="Reference"/>
         </code>
         <value mediaType="text/plain"
                value="CITATIONKann, L., Kinchen, S., Shanklin, S.L., et al. (2014). Youth Risk Behavior Surveillance – United States, 2013. Morbidity and Mortality Weekly Report, 63(4), 1-168."
                xsi:type="ED"/>
      </measureAttribute>
   </subjectOf>
   <subjectOf>
      <measureAttribute>
         <code code="REF" codeSystem="2.16.840.1.113883.5.4">
            <displayName value="Reference"/>
         </code>
         <value mediaType="text/plain"
                value="CITATIONKaton, W.J. (2011). Epidemiology and treatment of depression in patients with chronic medical illness Dialogues in Clinical Neuroscience v.13(1) PMC3181964"
                xsi:type="ED"/>
      </measureAttribute>
   </subjectOf>
   <subjectOf>
      <measureAttribute>
         <code code="REF" codeSystem="2.16.840.1.113883.5.4">
            <displayName value="Reference"/>
         </code>
         <value mediaType="text/plain"
                value="CITATIONKroenke, K., Spitzer, R. L., &amp; Williams, J. B. W. (2001). The PHQ-9: Validity of a brief depression severity measure. Journal of General Internal Medicine, 16(9), 606-613. Retrieved from https://www.ncbi.nlm.nih.gov/pmc/articles/PMC1495268/"
                xsi:type="ED"/>
      </measureAttribute>
   </subjectOf>
   <subjectOf>
      <measureAttribute>
         <code code="REF" codeSystem="2.16.840.1.113883.5.4">
            <displayName value="Reference"/>
         </code>
         <value mediaType="text/plain"
                value="CITATIONLowe, B., Unutzer, J., Callahan, C. M., et al. (2004). Monitoring depression treatment outcomes with the Patient Health Questionnaire-9. Medical Care, 42(12), 1194-1201."
                xsi:type="ED"/>
      </measureAttribute>
   </subjectOf>
   <subjectOf>
      <measureAttribute>
         <code code="REF" codeSystem="2.16.840.1.113883.5.4">
            <displayName value="Reference"/>
         </code>
         <value mediaType="text/plain"
                value="CITATIONPratt, L.A., and Brody, D.J. (2014). Depression in the U.S. household population, 2009-2012. NCHS data brief, no 172. Hyattsville, MD: National Center for Health Statistics."
                xsi:type="ED"/>
      </measureAttribute>
   </subjectOf>
   <subjectOf>
      <measureAttribute>
         <code code="REF" codeSystem="2.16.840.1.113883.5.4">
            <displayName value="Reference"/>
         </code>
         <value mediaType="text/plain"
                value="CITATIONRush, A. J., Trivedi, M. H., Wisniewski, S. R., et al. (2006). Acute and longer-term outcomes in depressed outpatients requiring one or several treatment steps: A STAR*D report. American Journal of Psychiatry, 163, 1905-1917."
                xsi:type="ED"/>
      </measureAttribute>
   </subjectOf>
   <subjectOf>
      <measureAttribute>
         <code code="REF" codeSystem="2.16.840.1.113883.5.4">
            <displayName value="Reference"/>
         </code>
         <value mediaType="text/plain"
                value="CITATIONSimon, G. E., Van Korff, M., Rutter, C., et al. (2000). Randomised trial of monitoring, feedback, and management of care by telephone to improve treatment of depression in primary care. BMJ, 320, 550-554."
                xsi:type="ED"/>
      </measureAttribute>
   </subjectOf>
   <subjectOf>
      <measureAttribute>
         <code code="REF" codeSystem="2.16.840.1.113883.5.4">
            <displayName value="Reference"/>
         </code>
         <value mediaType="text/plain"
                value="CITATIONStewart, W.F., Ricci, J.A., Chee, E., et al. (2003). Cost of lost productive work time among US workers with depression. Journal of the American Medical Association, 289(23), 3135-3144."
                xsi:type="ED"/>
      </measureAttribute>
   </subjectOf>
   <subjectOf>
      <measureAttribute>
         <code code="REF" codeSystem="2.16.840.1.113883.5.4">
            <displayName value="Reference"/>
         </code>
         <value mediaType="text/plain"
                value="CITATIONTrangle, M., Gursky, J., Haight, R., et al. Depression, adults in primary care. (Updated 2016, March). Retrieved from https://www.icsi.org/guidelines__more/catalog_guidelines_and_more/catalog_guidelines/catalog_behavioral_health_guidelines/depression/"
                xsi:type="ED"/>
      </measureAttribute>
   </subjectOf>
   <subjectOf>
      <measureAttribute>
         <code code="REF" codeSystem="2.16.840.1.113883.5.4">
            <displayName value="Reference"/>
         </code>
         <value mediaType="text/plain"
                value="CITATIONTrivedi, M. H. (2009). Tools and strategies for ongoing assessment of depression: A measurement-based approach to remission. Journal of Clinical Psychiatry, 70, 26-31."
                xsi:type="ED"/>
      </measureAttribute>
   </subjectOf>
   <subjectOf>
      <measureAttribute>
         <code code="REF" codeSystem="2.16.840.1.113883.5.4">
            <displayName value="Reference"/>
         </code>
         <value mediaType="text/plain"
                value="CITATIONTrivedi, M. H., Rush, A. J., Wisniewski, S. R., et al. (2006). Evaluation of outcomes with citalopram for depression using measurement-based care in STAR*D: Implications for clinical practice. American Journal of Psychiatry, 163(1), 28-40."
                xsi:type="ED"/>
      </measureAttribute>
   </subjectOf>
   <subjectOf>
      <measureAttribute>
         <code code="REF" codeSystem="2.16.840.1.113883.5.4">
            <displayName value="Reference"/>
         </code>
         <value mediaType="text/plain"
                value="CITATIONUnutzer, J., Katon, W., Callahan, C. M., et al. (2002). Collaborative care management of late-life depression in the primary care setting: A randomized controlled trial. JAMA, 288, 2836-2845."
                xsi:type="ED"/>
      </measureAttribute>
   </subjectOf>
   <subjectOf>
      <measureAttribute>
         <code code="REF" codeSystem="2.16.840.1.113883.5.4">
            <displayName value="Reference"/>
         </code>
         <value mediaType="text/plain"
                value="CITATIONZuckerbrot, R. A., Cheung, A., Jensen, P., Stein, R. E. K., Laraque, D., et al. (2018). Guidelines for Adolescent Depression in Primary Care (GLAD-PC): Part I. Practice Preparation, Identification, Assessment, and Initial Management. Pediatrics. 141 (3): e20174081. Retrieved from: https://doi.org/10.1542/peds.2017-4081"
                xsi:type="ED"/>
      </measureAttribute>
   </subjectOf>
   <subjectOf>
      <measureAttribute>
         <code code="REF" codeSystem="2.16.840.1.113883.5.4">
            <displayName value="Reference"/>
         </code>
         <value mediaType="text/plain"
                value="CITATIONZuckerbrot, R. A., Cheung, A., Jensen, P., Stein, R. E. K., Laraque, D., et al. (2018). Guidelines for Adolescent Depression in Primary Care (GLAD-PC): Part II. Treatment and Ongoing Management. Pediatrics. 141 (3): e20174082. Retrieved from https://doi.org/10.1542/peds.2017-4082"
                xsi:type="ED"/>
      </measureAttribute>
   </subjectOf>
   <subjectOf>
      <measureAttribute>
         <code code="DEF" codeSystem="2.16.840.1.113883.5.4">
            <displayName value="Definition"/>
         </code>
         <value mediaType="text/plain"
                value="Denominator Identification Period:&#xA;The period in which eligible patients can have an index event. The denominator identification period occurs prior to the measurement period and is defined as 14 months to two months prior to the start of the measurement period. For patients with an index event, there needs to be enough time following index for the patients to have the opportunity to reach remission twelve months +/- 60 days after the index event date. &#xA;&#xA;Index Event Date: &#xA;The date in which the first instance of elevated PHQ-9 or PHQ-9M greater than nine and diagnosis of depression or dysthymia occurs during the denominator identification measurement period. Patients may be assessed using PHQ-9 or PHQ-9M on the same date or up to 7 days prior to the encounter (index event). &#xA;&#xA;Measure Assessment Period:&#xA;The index event date marks the start of the measurement assessment period for each patient which is 14 months (12 months +/- 60 days) in length to allow for a follow-up PHQ-9 or PHQ-9M between 10 and 14 months following the index event. This assessment period is fixed and does not start over with a higher PHQ-9 or PHQ-9M that may occur after the index event date.&#xA;&#xA;Remission is defined as a PHQ-9 or PHQ-9M score of less than five.&#xA;&#xA;Twelve months is defined as the point in time from the index event date extending out twelve months and then allowing a grace period of sixty days prior to and sixty days after this date. The most recent PHQ-9 or PHQ-9M score less than five obtained during this four month period is deemed as remission at twelve months, values obtained prior to or after this period are not counted as numerator compliant (remission)."
                xsi:type="ED"/>
      </measureAttribute>
   </subjectOf>
   <subjectOf>
      <measureAttribute>
         <code code="GUIDE" codeSystem="2.16.840.1.113883.5.4">
            <displayName value="Guidance"/>
         </code>
         <value mediaType="text/plain"
                value="When an index assessment is conducted with PHQ-9M, the follow-up assessment can use either a PHQ-9M or PHQ-9.&#xA;&#xA;This eCQM is a patient-based measure.&#xA;&#xA;This version of the eCQM uses QDM version 5.6. Please refer to the eCQI resource center (https://ecqi.healthit.gov/qdm) for more information on the QDM."
                xsi:type="ED"/>
      </measureAttribute>
   </subjectOf>
   <subjectOf>
      <measureAttribute>
         <code code="TRANF" codeSystem="2.16.840.1.113883.5.4">
            <displayName value="Transmission Format"/>
         </code>
         <value mediaType="text/plain" value="TBD" xsi:type="ED"/>
      </measureAttribute>
   </subjectOf>
   <subjectOf>
      <measureAttribute>
         <code code="IPOP" codeSystem="2.16.840.1.113883.5.4">
            <displayName value="Initial Population"/>
         </code>
         <value mediaType="text/plain"
                value="Adolescent patients 12 to 17 years of age and adult patients 18 years of age and older with a diagnosis of major depression or dysthymia and an initial PHQ-9 or PHQ-9M score greater than nine during the index event. Patients may be assessed using PHQ-9 or PHQ-9M on the same date or up to 7 days prior to the encounter (index event)."
                xsi:type="ED"/>
      </measureAttribute>
   </subjectOf>
   <subjectOf>
      <measureAttribute>
         <code code="DENOM" codeSystem="2.16.840.1.113883.5.4">
            <displayName value="Denominator"/>
         </code>
         <value mediaType="text/plain" value="Equals Initial Population" xsi:type="ED"/>
      </measureAttribute>
   </subjectOf>
   <subjectOf>
      <measureAttribute>
         <code code="DENEX" codeSystem="2.16.840.1.113883.5.4">
            <displayName value="Denominator Exclusions"/>
         </code>
         <value mediaType="text/plain"
                value="1: Patients who died any time prior to the end of the measure assessment period&#xA;2: Patients who received hospice or palliative care services between the start of the denominator period and the end of the measurement assessment period&#xA;3: Patients with a diagnosis of bipolar disorder any time prior to the end of the measure assessment period&#xA;4: Patients with a diagnosis of personality disorder emotionally labile any time prior to the end of the measure assessment period&#xA;5: Patients with a diagnosis of schizophrenia or psychotic disorder any time prior to the end of the measure assessment period&#xA;6: Patients with a diagnosis of pervasive developmental disorder any time prior to the end of the measure assessment period"
                xsi:type="ED"/>
      </measureAttribute>
   </subjectOf>
   <subjectOf>
      <measureAttribute>
         <code code="NUMER" codeSystem="2.16.840.1.113883.5.4">
            <displayName value="Numerator"/>
         </code>
         <value mediaType="text/plain"
                value="Adolescent patients 12 to 17 years of age and adult patients 18 years of age and older who achieved remission at twelve months as demonstrated by the most recent twelve month (+/- 60 days) PHQ-9 or PHQ-9M score of less than five"
                xsi:type="ED"/>
      </measureAttribute>
   </subjectOf>
   <subjectOf>
      <measureAttribute>
         <code code="NUMEX" codeSystem="2.16.840.1.113883.5.4">
            <displayName value="Numerator Exclusions"/>
         </code>
         <value mediaType="text/plain" value="Not Applicable" xsi:type="ED"/>
      </measureAttribute>
   </subjectOf>
   <subjectOf>
      <measureAttribute>
         <code code="DENEXCEP" codeSystem="2.16.840.1.113883.5.4">
            <displayName value="Denominator Exceptions"/>
         </code>
         <value mediaType="text/plain" value="None" xsi:type="ED"/>
      </measureAttribute>
   </subjectOf>
   <subjectOf>
      <measureAttribute>
         <code code="SDE" codeSystem="2.16.840.1.113883.5.4">
            <displayName value="Supplemental Data Elements"/>
         </code>
         <value mediaType="text/plain"
                value="For every patient evaluated by this measure also identify payer, race, ethnicity and sex"
                xsi:type="ED"/>
      </measureAttribute>
   </subjectOf>
   <componentOf>
      <qualityMeasureSet classCode="ACT">
         <id root="8455cd3e-dbb9-4e0c-8084-3ece4068fe94"/>
         <title value="None"/>
      </qualityMeasureSet>
   </componentOf>
   <!--Data Criteria Section-->
   <component>
      <dataCriteriaSection>
         <templateId>
            <item extension="2021-02-01" root="2.16.840.1.113883.10.20.28.2.6"/>
         </templateId>
         <code code="57025-9" codeSystem="2.16.840.1.113883.6.1"/>
         <title value="Data Criteria Section"/>
         <text/>
         <entry typeCode="DRIV">
            <localVariableName value="EncounterInpatient_EncounterPerformed_JbJAB"/>
            <encounterCriteria classCode="ENC" moodCode="EVN">
               <templateId>
                  <item extension="2021-02-01" root="2.16.840.1.113883.10.20.28.4.5"/>
               </templateId>
               <id extension="EncounterInpatient_EncounterPerformed"
                   root="11b8b276-3db8-4723-b3df-bd027e2e359f"/>
               <code valueSet="2.16.840.1.113883.3.666.5.307"/>
               <title value="Encounter, Performed"/>
               <statusCode code="COMPLETED"/>
            </encounterCriteria>
         </entry>
         <entry typeCode="DRIV">
            <localVariableName value="Payer_PatientCharacteristicPayer_qRlVa"/>
            <observationCriteria classCode="OBS" moodCode="EVN">
               <templateId>
                  <item extension="2017-05-01" root="2.16.840.1.113883.10.20.28.4.58"/>
               </templateId>
               <id extension="Payer_PatientCharacteristicPayer"
                   root="5b6a347e-8b37-4954-82cc-5c1408c9bb66"/>
               <code code="48768-6" codeSystem="2.16.840.1.113883.6.1" codeSystemName="LOINC">
                  <displayName value="Payer"/>
               </code>
               <title value="Patient Characteristic Payer"/>
               <statusCode code="COMPLETED"/>
               <value valueSet="2.16.840.1.114222.4.11.3591" xsi:type="CD"/>
            </observationCriteria>
         </entry>
         <entry typeCode="DRIV">
            <localVariableName value="PalliativeCareIntervention_InterventionPerformed_oN7ha"/>
            <actCriteria classCode="ACT" moodCode="EVN">
               <templateId>
                  <item extension="2021-02-01" root="2.16.840.1.113883.10.20.28.4.36"/>
               </templateId>
               <id extension="PalliativeCareIntervention_InterventionPerformed"
                   root="38ef4555-71cb-45d7-9524-585cad11597b"/>
               <code valueSet="2.16.840.1.113883.3.464.1003.198.12.1135"/>
               <title value="Intervention, Performed"/>
               <statusCode code="COMPLETED"/>
            </actCriteria>
         </entry>
         <entry typeCode="DRIV">
            <localVariableName value="ONCAdministrativeSex_PatientCharacteristicSex_lzTfm"/>
            <observationCriteria classCode="OBS" moodCode="EVN">
               <templateId>
                  <item extension="2017-05-01" root="2.16.840.1.113883.10.20.28.4.55"/>
               </templateId>
               <id extension="ONCAdministrativeSex_PatientCharacteristicSex"
                   root="14b28864-ccd5-4350-a0a1-6ef260044f5a"/>
               <code code="263495000" codeSystem="2.16.840.1.113883.6.96" codeSystemName="SNOMED CT">
                  <displayName value="Gender"/>
               </code>
               <title value="Patient Characteristic Sex"/>
               <statusCode code="COMPLETED"/>
               <value valueSet="2.16.840.1.113762.1.4.1" xsi:type="CD"/>
            </observationCriteria>
         </entry>
         <entry typeCode="DRIV">
            <localVariableName value="HospiceCareAmbulatory_InterventionOrder_YFI0o"/>
            <actCriteria classCode="ACT" moodCode="RQO">
               <templateId>
                  <item extension="2021-02-01" root="2.16.840.1.113883.10.20.28.4.35"/>
               </templateId>
               <id extension="HospiceCareAmbulatory_InterventionOrder"
                   root="581c59f8-0182-45a0-ade6-5d4d0a8a2a19"/>
               <code valueSet="2.16.840.1.113883.3.526.3.1584"/>
               <title value="Intervention, Order"/>
               <statusCode code="ACTIVE"/>
            </actCriteria>
         </entry>
         <entry typeCode="DRIV">
            <localVariableName value="HospiceCareAmbulatory_InterventionPerformed_2S4EP"/>
            <actCriteria classCode="ACT" moodCode="EVN">
               <templateId>
                  <item extension="2021-02-01" root="2.16.840.1.113883.10.20.28.4.36"/>
               </templateId>
               <id extension="HospiceCareAmbulatory_InterventionPerformed"
                   root="581c59f8-0182-45a0-ade6-5d4d0a8a2a19"/>
               <code valueSet="2.16.840.1.113883.3.526.3.1584"/>
               <title value="Intervention, Performed"/>
               <statusCode code="COMPLETED"/>
            </actCriteria>
         </entry>
         <entry typeCode="DRIV">
            <localVariableName value="PHQ9andPHQ9MTools_AssessmentPerformed_yhsk6"/>
            <observationCriteria classCode="OBS" moodCode="EVN">
               <templateId>
                  <item extension="2021-02-01" root="2.16.840.1.113883.10.20.28.4.117"/>
               </templateId>
               <id extension="PHQ9andPHQ9MTools_AssessmentPerformed"
                   root="db784b3c-5577-40fd-aaa0-200ff9f89043"/>
               <code valueSet="2.16.840.1.113883.3.67.1.101.1.263"/>
               <title value="Assessment, Performed"/>
               <statusCode code="COMPLETED"/>
            </observationCriteria>
         </entry>
         <entry typeCode="DRIV">
            <localVariableName value="PervasiveDevelopmentalDisorder_Diagnosis_Y1znr"/>
            <observationCriteria classCode="OBS" moodCode="EVN">
               <templateId>
                  <item extension="2021-02-01" root="2.16.840.1.113883.10.20.28.4.110"/>
               </templateId>
               <id extension="PervasiveDevelopmentalDisorder_Diagnosis"
                   root="94b7ae42-caa0-4853-8c2c-c8ae29dbe2f0"/>
               <code code="282291009" codeSystem="2.16.840.1.113883.6.96" codeSystemName="SNOMED CT">
                  <displayName value="Diagnosis"/>
               </code>
               <title value="Diagnosis"/>
               <statusCode code="COMPLETED"/>
               <value valueSet="2.16.840.1.113883.3.464.1003.105.12.1152" xsi:type="CD"/>
            </observationCriteria>
         </entry>
         <entry typeCode="DRIV">
            <localVariableName value="PalliativeCareEncounter_EncounterPerformed_puquV"/>
            <encounterCriteria classCode="ENC" moodCode="EVN">
               <templateId>
                  <item extension="2021-02-01" root="2.16.840.1.113883.10.20.28.4.5"/>
               </templateId>
               <id extension="PalliativeCareEncounter_EncounterPerformed"
                   root="a4d0dd24-5bd4-46f4-8560-d5d9416e3292"/>
               <code valueSet="2.16.840.1.113883.3.464.1003.101.12.1090"/>
               <title value="Encounter, Performed"/>
               <statusCode code="COMPLETED"/>
            </encounterCriteria>
         </entry>
         <entry typeCode="DRIV">
            <localVariableName value="Dysthymia_Diagnosis_zPXKP"/>
            <observationCriteria classCode="OBS" moodCode="EVN">
               <templateId>
                  <item extension="2021-02-01" root="2.16.840.1.113883.10.20.28.4.110"/>
               </templateId>
               <id extension="Dysthymia_Diagnosis" root="c8089c2f-6d58-483e-9147-c43453e70cb6"/>
               <code code="282291009" codeSystem="2.16.840.1.113883.6.96" codeSystemName="SNOMED CT">
                  <displayName value="Diagnosis"/>
               </code>
               <title value="Diagnosis"/>
               <statusCode code="COMPLETED"/>
               <value valueSet="2.16.840.1.113883.3.67.1.101.1.254" xsi:type="CD"/>
            </observationCriteria>
         </entry>
         <entry typeCode="DRIV">
            <localVariableName value="Ethnicity_PatientCharacteristicEthnicity_RWQDr"/>
            <observationCriteria classCode="OBS" moodCode="EVN">
               <templateId>
                  <item extension="2017-05-01" root="2.16.840.1.113883.10.20.28.4.56"/>
               </templateId>
               <id extension="Ethnicity_PatientCharacteristicEthnicity"
                   root="4227e78b-d94e-4085-950c-943f68beb59f"/>
               <code code="54133-4" codeSystem="2.16.840.1.113883.6.1" codeSystemName="LOINC">
                  <displayName value="Ethnicity"/>
               </code>
               <title value="Patient Characteristic Ethnicity"/>
               <statusCode code="COMPLETED"/>
               <value valueSet="2.16.840.1.114222.4.11.837" xsi:type="CD"/>
            </observationCriteria>
         </entry>
         <entry typeCode="DRIV">
            <localVariableName value="BipolarDisorder_Diagnosis_xX9JV"/>
            <observationCriteria classCode="OBS" moodCode="EVN">
               <templateId>
                  <item extension="2021-02-01" root="2.16.840.1.113883.10.20.28.4.110"/>
               </templateId>
               <id extension="BipolarDisorder_Diagnosis"
                   root="b45c9942-72a0-4c8e-be54-74393945dd48"/>
               <code code="282291009" codeSystem="2.16.840.1.113883.6.96" codeSystemName="SNOMED CT">
                  <displayName value="Diagnosis"/>
               </code>
               <title value="Diagnosis"/>
               <statusCode code="COMPLETED"/>
               <value valueSet="2.16.840.1.113883.3.67.1.101.1.128" xsi:type="CD"/>
            </observationCriteria>
         </entry>
         <entry typeCode="DRIV">
            <localVariableName value="PalliativeCareDiagnosis_Diagnosis_ScXat"/>
            <observationCriteria classCode="OBS" moodCode="EVN">
               <templateId>
                  <item extension="2021-02-01" root="2.16.840.1.113883.10.20.28.4.110"/>
               </templateId>
               <id extension="PalliativeCareDiagnosis_Diagnosis"
                   root="1973064a-7ab4-433b-9d6d-5e9806a1a827"/>
               <code code="282291009" codeSystem="2.16.840.1.113883.6.96" codeSystemName="SNOMED CT">
                  <displayName value="Diagnosis"/>
               </code>
               <title value="Diagnosis"/>
               <statusCode code="COMPLETED"/>
               <value valueSet="2.16.840.1.113883.3.464.1003.1167" xsi:type="CD"/>
            </observationCriteria>
         </entry>
         <entry typeCode="DRIV">
            <localVariableName value="ContactorOfficeVisit_EncounterPerformed_zQv1w"/>
            <encounterCriteria classCode="ENC" moodCode="EVN">
               <templateId>
                  <item extension="2021-02-01" root="2.16.840.1.113883.10.20.28.4.5"/>
               </templateId>
               <id extension="ContactorOfficeVisit_EncounterPerformed"
                   root="ce116525-40a6-4e97-be48-beff717e267a"/>
               <code valueSet="2.16.840.1.113762.1.4.1080.5"/>
               <title value="Encounter, Performed"/>
               <statusCode code="COMPLETED"/>
            </encounterCriteria>
         </entry>
         <entry typeCode="DRIV">
            <localVariableName value="Race_PatientCharacteristicRace_4yS0F"/>
            <observationCriteria classCode="OBS" moodCode="EVN">
               <templateId>
                  <item extension="2017-05-01" root="2.16.840.1.113883.10.20.28.4.59"/>
               </templateId>
               <id extension="Race_PatientCharacteristicRace"
                   root="9ba973e0-053e-47a1-8ebb-69b3738e6495"/>
               <code code="32624-9" codeSystem="2.16.840.1.113883.6.1" codeSystemName="LOINC">
                  <displayName value="Race"/>
               </code>
               <title value="Patient Characteristic Race"/>
               <statusCode code="COMPLETED"/>
               <value valueSet="2.16.840.1.114222.4.11.836" xsi:type="CD"/>
            </observationCriteria>
         </entry>
         <entry typeCode="DRIV">
            <localVariableName value="HospiceEncounter_EncounterPerformed_s78Mi"/>
            <encounterCriteria classCode="ENC" moodCode="EVN">
               <templateId>
                  <item extension="2021-02-01" root="2.16.840.1.113883.10.20.28.4.5"/>
               </templateId>
               <id extension="HospiceEncounter_EncounterPerformed"
                   root="78f76ead-8efb-47d3-b45e-f9a47c1711a8"/>
               <code valueSet="2.16.840.1.113883.3.464.1003.1003"/>
               <title value="Encounter, Performed"/>
               <statusCode code="COMPLETED"/>
            </encounterCriteria>
         </entry>
         <entry typeCode="DRIV">
            <localVariableName value="SchizophreniaorPsychoticDisorder_Diagnosis_S6uHJ"/>
            <observationCriteria classCode="OBS" moodCode="EVN">
               <templateId>
                  <item extension="2021-02-01" root="2.16.840.1.113883.10.20.28.4.110"/>
               </templateId>
               <id extension="SchizophreniaorPsychoticDisorder_Diagnosis"
                   root="72f929ff-944e-4603-93f5-e110a0bfa43b"/>
               <code code="282291009" codeSystem="2.16.840.1.113883.6.96" codeSystemName="SNOMED CT">
                  <displayName value="Diagnosis"/>
               </code>
               <title value="Diagnosis"/>
               <statusCode code="COMPLETED"/>
               <value valueSet="2.16.840.1.113883.3.464.1003.105.12.1104" xsi:type="CD"/>
            </observationCriteria>
         </entry>
         <entry typeCode="DRIV">
            <localVariableName value="HospiceDiagnosis_Diagnosis_5W8xV"/>
            <observationCriteria classCode="OBS" moodCode="EVN">
               <templateId>
                  <item extension="2021-02-01" root="2.16.840.1.113883.10.20.28.4.110"/>
               </templateId>
               <id extension="HospiceDiagnosis_Diagnosis"
                   root="017db117-13df-4a00-8f40-14264ccf1c49"/>
               <code code="282291009" codeSystem="2.16.840.1.113883.6.96" codeSystemName="SNOMED CT">
                  <displayName value="Diagnosis"/>
               </code>
               <title value="Diagnosis"/>
               <statusCode code="COMPLETED"/>
               <value valueSet="2.16.840.1.113883.3.464.1003.1165" xsi:type="CD"/>
            </observationCriteria>
         </entry>
         <entry typeCode="DRIV">
            <localVariableName value="PersonalityDisorderEmotionallyLabile_Diagnosis_UbSsJ"/>
            <observationCriteria classCode="OBS" moodCode="EVN">
               <templateId>
                  <item extension="2021-02-01" root="2.16.840.1.113883.10.20.28.4.110"/>
               </templateId>
               <id extension="PersonalityDisorderEmotionallyLabile_Diagnosis"
                   root="366dd5ed-2fc6-4c17-a2da-9b0ba41f2617"/>
               <code code="282291009" codeSystem="2.16.840.1.113883.6.96" codeSystemName="SNOMED CT">
                  <displayName value="Diagnosis"/>
               </code>
               <title value="Diagnosis"/>
               <statusCode code="COMPLETED"/>
               <value valueSet="2.16.840.1.113883.3.67.1.101.1.246" xsi:type="CD"/>
            </observationCriteria>
         </entry>
         <entry typeCode="DRIV">
            <localVariableName value="MajorDepressionIncludingRemission_Diagnosis_YSW47"/>
            <observationCriteria classCode="OBS" moodCode="EVN">
               <templateId>
                  <item extension="2021-02-01" root="2.16.840.1.113883.10.20.28.4.110"/>
               </templateId>
               <id extension="MajorDepressionIncludingRemission_Diagnosis"
                   root="301a0fe0-2cf9-4c59-919d-087081f526f9"/>
               <code code="282291009" codeSystem="2.16.840.1.113883.6.96" codeSystemName="SNOMED CT">
                  <displayName value="Diagnosis"/>
               </code>
               <title value="Diagnosis"/>
               <statusCode code="COMPLETED"/>
               <value valueSet="2.16.840.113883.3.67.1.101.3.2444" xsi:type="CD"/>
            </observationCriteria>
         </entry>
         <entry typeCode="DRIV">
            <observationCriteria classCode="OBS" moodCode="EVN">
               <templateId>
                  <item extension="2021-02-01" root="2.16.840.1.113883.10.20.28.4.117"/>
               </templateId>
               <id extension="71007-9_AssessmentPerformed"
                   root="56F15FF9-D818-4C3F-8FBA-2BD93406E976"/>
               <code code="71007-9" codeSystem="2.16.840.1.113883.6.1" codeSystemName="LOINC"/>
               <title value="Assessment, Performed"/>
               <statusCode code="COMPLETED"/>
            </observationCriteria>
         </entry>
         <entry typeCode="DRIV">
            <observationCriteria classCode="OBS" moodCode="EVN">
               <templateId>
                  <item extension="2017-05-01" root="2.16.840.1.113883.10.20.28.4.57"/>
               </templateId>
               <id extension="419099009_PatientCharacteristicExpired"
                   root="0B3641F9-A392-4A64-8005-62BEDDB887EA"/>
               <code code="ASSERTION" codeSystem="2.16.840.1.113883.5.4">
                  <displayName value="Assertion"/>
               </code>
               <title value="Patient Characteristic Expired"/>
               <statusCode code="COMPLETED"/>
               <value code="419099009" codeSystem="2.16.840.1.113883.6.96" xsi:type="CD"/>
            </observationCriteria>
         </entry>
         <entry typeCode="DRIV">
            <observationCriteria classCode="OBS" moodCode="EVN">
               <templateId>
                  <item extension="2017-05-01" root="2.16.840.1.113883.10.20.28.4.54"/>
               </templateId>
               <id extension="21112-8_PatientCharacteristicBirthdate"
                   root="D83B189C-7B28-41CE-87B0-4924D3267088"/>
               <code code="21112-8" codeSystem="2.16.840.1.113883.6.1" codeSystemName="LOINC"/>
               <title value="Patient Characteristic Birthdate"/>
               <statusCode code="COMPLETED"/>
            </observationCriteria>
         </entry>
         <entry typeCode="DRIV">
            <observationCriteria classCode="OBS" moodCode="EVN">
               <templateId>
                  <item extension="2021-02-01" root="2.16.840.1.113883.10.20.28.4.117"/>
               </templateId>
               <id extension="45755-6_AssessmentPerformed"
                   root="C4F79D99-1C64-4147-B601-E5A5C3608044"/>
               <code code="45755-6" codeSystem="2.16.840.1.113883.6.1" codeSystemName="LOINC"/>
               <title value="Assessment, Performed"/>
               <statusCode code="COMPLETED"/>
            </observationCriteria>
         </entry>
      </dataCriteriaSection>
   </component>
   <component>
      <populationCriteriaSection>
         <templateId>
            <item extension="2017-08-01" root="2.16.840.1.113883.10.20.28.2.7"/>
         </templateId>
         <id extension="PopulationCriteria1" root="BB1F1BFE-FD78-4C21-A9BC-C40F5AAEBFAD"/>
         <code code="57026-7" codeSystem="2.16.840.1.113883.6.1"/>
         <title value="Population Criteria Section"/>
         <text/>
         <component typeCode="COMP">
            <initialPopulationCriteria classCode="OBS" moodCode="EVN">
               <id extension="initialPopulation" root="E4E92400-0CE1-403C-818D-EF5C25A952AA"/>
               <code code="IPOP" codeSystem="2.16.840.1.113883.5.4" codeSystemName="Act Code"/>
               <precondition typeCode="PRCN">
                  <criteriaReference classCode="OBS" moodCode="EVN">
                     <id extension="DepressionRemissionatTwelveMonths.&quot;Initial Population&quot;"
                         root="1C36ABDA-4E55-4C7E-AF60-DF7208FF350D"/>
                  </criteriaReference>
               </precondition>
            </initialPopulationCriteria>
         </component>
         <component typeCode="COMP">
            <denominatorCriteria classCode="OBS" moodCode="EVN">
               <id extension="denominator" root="4B7B1714-FE42-40EB-A652-7C077636A8BF"/>
               <code code="DENOM" codeSystem="2.16.840.1.113883.5.4" codeSystemName="Act Code"/>
               <precondition typeCode="PRCN">
                  <criteriaReference classCode="OBS" moodCode="EVN">
                     <id extension="DepressionRemissionatTwelveMonths.&quot;Denominator&quot;"
                         root="1C36ABDA-4E55-4C7E-AF60-DF7208FF350D"/>
                  </criteriaReference>
               </precondition>
            </denominatorCriteria>
         </component>
         <component typeCode="COMP">
            <denominatorExclusionCriteria classCode="OBS" moodCode="EVN">
               <id extension="denominatorExclusions" root="4539BAD0-93C8-4606-B167-91086446F8D8"/>
               <code code="DENEX" codeSystem="2.16.840.1.113883.5.4" codeSystemName="Act Code"/>
               <precondition typeCode="PRCN">
                  <criteriaReference classCode="OBS" moodCode="EVN">
                     <id extension="DepressionRemissionatTwelveMonths.&quot;Denominator Exclusions&quot;"
                         root="1C36ABDA-4E55-4C7E-AF60-DF7208FF350D"/>
                  </criteriaReference>
               </precondition>
            </denominatorExclusionCriteria>
         </component>
         <component typeCode="COMP">
            <numeratorCriteria classCode="OBS" moodCode="EVN">
               <id extension="numerator" root="8A5DE292-E5E6-45CE-99C6-22E6F8E688E4"/>
               <code code="NUMER" codeSystem="2.16.840.1.113883.5.4" codeSystemName="Act Code"/>
               <precondition typeCode="PRCN">
                  <criteriaReference classCode="OBS" moodCode="EVN">
                     <id extension="DepressionRemissionatTwelveMonths.&quot;Numerator&quot;"
                         root="1C36ABDA-4E55-4C7E-AF60-DF7208FF350D"/>
                  </criteriaReference>
               </precondition>
            </numeratorCriteria>
         </component>
         <component typeCode="COMP">
            <stratifierCriteria>
               <id extension="Stratifiers" root="16B03548-4E23-4D9B-B1C6-F7D3DC6F1727"/>
               <code code="STRAT" codeSystem="2.16.840.1.113883.5.4" codeSystemName="Act Code"/>
               <precondition typeCode="PRCN">
                  <criteriaReference classCode="OBS" moodCode="EVN">
                     <id extension="DepressionRemissionatTwelveMonths.&quot;Stratification 1&quot;"
                         root="1C36ABDA-4E55-4C7E-AF60-DF7208FF350D"/>
                  </criteriaReference>
               </precondition>
            </stratifierCriteria>
         </component>
         <component typeCode="COMP">
            <stratifierCriteria>
               <id extension="Stratifiers" root="B44C46D8-64D6-405B-8283-981CDC1D6E5E"/>
               <code code="STRAT" codeSystem="2.16.840.1.113883.5.4" codeSystemName="Act Code"/>
               <precondition typeCode="PRCN">
                  <criteriaReference classCode="OBS" moodCode="EVN">
                     <id extension="DepressionRemissionatTwelveMonths.&quot;Stratification 2&quot;"
                         root="1C36ABDA-4E55-4C7E-AF60-DF7208FF350D"/>
                  </criteriaReference>
               </precondition>
            </stratifierCriteria>
         </component>
         <component typeCode="COMP">
            <cql-ext:supplementalDataElement>
               <id extension="Supplemental Data Elements"
                   root="10E0269D-63F1-4CE9-BCFF-A6C47ED85AA8"/>
               <code code="SDE" codeSystem="2.16.840.1.113883.5.4" codeSystemName="Act Code"/>
               <precondition typeCode="PRCN">
                  <criteriaReference classCode="OBS" moodCode="EVN">
                     <id extension="DepressionRemissionatTwelveMonths.&quot;SDE Ethnicity&quot;"
                         root="1C36ABDA-4E55-4C7E-AF60-DF7208FF350D"/>
                  </criteriaReference>
               </precondition>
            </cql-ext:supplementalDataElement>
         </component>
         <component typeCode="COMP">
            <cql-ext:supplementalDataElement>
               <id extension="Supplemental Data Elements"
                   root="30C9C301-7F9A-4B07-8D01-190C1E0FC821"/>
               <code code="SDE" codeSystem="2.16.840.1.113883.5.4" codeSystemName="Act Code"/>
               <precondition typeCode="PRCN">
                  <criteriaReference classCode="OBS" moodCode="EVN">
                     <id extension="DepressionRemissionatTwelveMonths.&quot;SDE Payer&quot;"
                         root="1C36ABDA-4E55-4C7E-AF60-DF7208FF350D"/>
                  </criteriaReference>
               </precondition>
            </cql-ext:supplementalDataElement>
         </component>
         <component typeCode="COMP">
            <cql-ext:supplementalDataElement>
               <id extension="Supplemental Data Elements"
                   root="D6E0A144-A944-4B6D-B7E3-247485823823"/>
               <code code="SDE" codeSystem="2.16.840.1.113883.5.4" codeSystemName="Act Code"/>
               <precondition typeCode="PRCN">
                  <criteriaReference classCode="OBS" moodCode="EVN">
                     <id extension="DepressionRemissionatTwelveMonths.&quot;SDE Race&quot;"
                         root="1C36ABDA-4E55-4C7E-AF60-DF7208FF350D"/>
                  </criteriaReference>
               </precondition>
            </cql-ext:supplementalDataElement>
         </component>
         <component typeCode="COMP">
            <cql-ext:supplementalDataElement>
               <id extension="Supplemental Data Elements"
                   root="37BC187E-C17A-4121-AC34-F1ECBA0E011F"/>
               <code code="SDE" codeSystem="2.16.840.1.113883.5.4" codeSystemName="Act Code"/>
               <precondition typeCode="PRCN">
                  <criteriaReference classCode="OBS" moodCode="EVN">
                     <id extension="DepressionRemissionatTwelveMonths.&quot;SDE Sex&quot;"
                         root="1C36ABDA-4E55-4C7E-AF60-DF7208FF350D"/>
                  </criteriaReference>
               </precondition>
            </cql-ext:supplementalDataElement>
         </component>
      </populationCriteriaSection>
   </component>
</QualityMeasureDocument>