<?xml version="1.0" encoding="UTF-8" standalone="yes"?>
<QualityMeasureDocument xmlns="urn:hl7-org:v3"
                        xmlns:cql-ext="urn:hhs-cql:hqmf-n1-extensions:v1"
                        xmlns:xsi="http://www.w3.org/2001/XMLSchema-instance">

      <!--
            **************************************************************
            Measure Details Section
            **************************************************************
        -->
   <typeId extension="POQM_HD000001UV02" root="2.16.840.1.113883.1.3"/>
   <templateId>
      <item extension="2021-02-01" root="2.16.840.1.113883.10.20.28.1.2"/>
   </templateId>
   <id root="a08c5ba7-6c2a-465b-8415-92861ee15fa4"/>
   <code code="57024-2" codeSystem="2.16.840.1.113883.6.1">
      <displayName value="Health Quality Measure Document"/>
   </code>
   <title
          value="Intravesical Bacillus-Calmette-Guerin for Non-Muscle Invasive Bladder Cancer"/>
   <text
         value="Percentage of patients initially diagnosed with non-muscle invasive bladder cancer and who received intravesical Bacillus-Calmette-Guerin (BCG) within 6 months of bladder cancer staging"/>
   <statusCode code="COMPLETED"/>
   <setId root="224b1722-aef9-4e7f-97f8-284267fc1b00"/>
   <versionNumber value="6.0.000"/>
   <author>
      <responsibleParty classCode="ASSIGNED">
         <representedResponsibleOrganization classCode="ORG" determinerCode="INSTANCE">
            <id>
               <item root="2.16.840.1.113883.3.6734"/>
            </id>
            <name>
               <item>
                  <part value="Oregon Urology"/>
               </item>
            </name>
         </representedResponsibleOrganization>
      </responsibleParty>
   </author>
   <custodian>
      <responsibleParty classCode="ASSIGNED">
         <representedResponsibleOrganization classCode="ORG" determinerCode="INSTANCE">
            <id>
               <item root="2.16.840.1.113883.3.6734"/>
            </id>
            <name>
               <item>
                  <part value="Oregon Urology"/>
               </item>
            </name>
         </representedResponsibleOrganization>
      </responsibleParty>
   </custodian>
   <!--Office Visit-->
   <definition>
      <valueSet classCode="OBS" moodCode="DEF">
         <id root="2.16.840.1.113883.3.464.1003.101.12.1001"/>
         <title value="Office Visit"/>
      </valueSet>
   </definition>
   <!--Payer Type-->
   <definition>
      <valueSet classCode="OBS" moodCode="DEF">
         <id root="2.16.840.1.114222.4.11.3591"/>
         <title value="Payer Type"/>
      </valueSet>
   </definition>
   <!--Bladder Cancer for Urology Care-->
   <definition>
      <valueSet classCode="OBS" moodCode="DEF">
         <id root="2.16.840.1.113762.1.4.1248.354"/>
         <title value="Bladder Cancer for Urology Care"/>
      </valueSet>
   </definition>
   <!--Bacillus Calmette Guerin for Urology Care-->
   <definition>
      <valueSet classCode="OBS" moodCode="DEF">
         <id root="2.16.840.1.113762.1.4.1248.353"/>
         <title value="Bacillus Calmette Guerin for Urology Care"/>
      </valueSet>
   </definition>
   <!--Federal Administrative Sex-->
   <definition>
      <valueSet classCode="OBS" moodCode="DEF">
         <id root="2.16.840.1.113762.1.4.1021.121"/>
         <title value="Federal Administrative Sex"/>
      </valueSet>
   </definition>
   <!--Unavailability of Bacillus Calmette Guerin for Urology Care-->
   <definition>
      <valueSet classCode="OBS" moodCode="DEF">
         <id root="2.16.840.1.113762.1.4.1248.369"/>
         <title value="Unavailability of Bacillus Calmette Guerin for Urology Care"/>
      </valueSet>
   </definition>
   <!--HIV-->
   <definition>
      <valueSet classCode="OBS" moodCode="DEF">
         <id root="2.16.840.1.113883.3.464.1003.120.12.1003"/>
         <title value="HIV"/>
      </valueSet>
   </definition>
   <!--Immunosuppressive Drugs for Urology Care-->
   <definition>
      <valueSet classCode="OBS" moodCode="DEF">
         <id root="2.16.840.1.113762.1.4.1248.364"/>
         <title value="Immunosuppressive Drugs for Urology Care"/>
      </valueSet>
   </definition>
   <!--Chemotherapy Agents for Advanced Cancer-->
   <definition>
      <valueSet classCode="OBS" moodCode="DEF">
         <id root="2.16.840.1.113762.1.4.1248.355"/>
         <title value="Chemotherapy Agents for Advanced Cancer"/>
      </valueSet>
   </definition>
   <!--Mixed Histology Urothelial Cell Carcinoma for Urology Care-->
   <definition>
      <valueSet classCode="OBS" moodCode="DEF">
         <id root="2.16.840.1.113762.1.4.1248.365"/>
         <title value="Mixed Histology Urothelial Cell Carcinoma for Urology Care"/>
      </valueSet>
   </definition>
   <!--Cystectomy for Urology Care-->
   <definition>
      <valueSet classCode="OBS" moodCode="DEF">
         <id root="2.16.840.1.113762.1.4.1248.358"/>
         <title value="Cystectomy for Urology Care"/>
      </valueSet>
   </definition>
   <!--Immunocompromised Conditions-->
   <definition>
      <valueSet classCode="OBS" moodCode="DEF">
         <id root="2.16.840.1.113762.1.4.1248.363"/>
         <title value="Immunocompromised Conditions"/>
      </valueSet>
   </definition>
   <!--Race-->
   <definition>
      <valueSet classCode="OBS" moodCode="DEF">
         <id root="2.16.840.1.114222.4.11.836"/>
         <title value="Race"/>
      </valueSet>
   </definition>
   <!--Ethnicity-->
   <definition>
      <valueSet classCode="OBS" moodCode="DEF">
         <id root="2.16.840.1.114222.4.11.837"/>
         <title value="Ethnicity"/>
      </valueSet>
   </definition>
   <!--Tuberculosis for Urology Care-->
   <definition>
      <valueSet classCode="OBS" moodCode="DEF">
         <id root="2.16.840.1.113762.1.4.1248.351"/>
         <title value="Tuberculosis for Urology Care"/>
      </valueSet>
   </definition>
   <!--Carcinoma in situ of bladder- -->
   <definition>
      <cql-ext:code code="D09.0"
                    codeSystem="2.16.840.1.113883.6.90"
                    codeSystemName="ICD10CM">
         <displayName value="Carcinoma in situ of bladder"/>
      </cql-ext:code>
   </definition>
   <!--virtual- -->
   <definition>
      <cql-ext:code code="VR"
                    codeSystem="2.16.840.1.113883.5.4"
                    codeSystemName="ActCode">
         <displayName value="virtual"/>
      </cql-ext:code>
   </definition>
   <!--Combined radiotherapy (procedure)- -->
   <definition>
      <cql-ext:code code="169331000"
                    codeSystem="2.16.840.1.113883.6.96"
                    codeSystemName="SNOMEDCT">
         <displayName value="Combined radiotherapy (procedure)"/>
      </cql-ext:code>
   </definition>
   <!--Tumor staging (tumor staging)- -->
   <definition>
      <cql-ext:code code="254292007"
                    codeSystem="2.16.840.1.113883.6.96"
                    codeSystemName="SNOMEDCT">
         <displayName value="Tumor staging (tumor staging)"/>
      </cql-ext:code>
   </definition>
   <!--American Joint Committee on Cancer cT1 (qualifier value)- -->
   <definition>
      <cql-ext:code code="1228889001"
                    codeSystem="2.16.840.1.113883.6.96"
                    codeSystemName="SNOMEDCT">
         <displayName value="American Joint Committee on Cancer cT1 (qualifier value)"/>
      </cql-ext:code>
   </definition>
   <!--American Joint Committee on Cancer cTa (qualifier value)- -->
   <definition>
      <cql-ext:code code="1228883000"
                    codeSystem="2.16.840.1.113883.6.96"
                    codeSystemName="SNOMEDCT">
         <displayName value="American Joint Committee on Cancer cTa (qualifier value)"/>
      </cql-ext:code>
   </definition>
   <!--American Joint Committee on Cancer cTis (qualifier value)- -->
   <definition>
      <cql-ext:code code="1228884006"
                    codeSystem="2.16.840.1.113883.6.96"
                    codeSystemName="SNOMEDCT">
         <displayName value="American Joint Committee on Cancer cTis (qualifier value)"/>
      </cql-ext:code>
   </definition>
   <relatedDocument typeCode="COMP">
      <expressionDocument>
         <id root="7df548f7-f676-4c5c-bc1e-3cc9c95ef1bd"/>
         <text mediaType="text/cql">
            <reference value="https://madie.cms.gov/libraries/224b1722-aef9-4e7f-97f8-284267fc1b00/CMS646IntravesicalBCGforBladderCancerQDM-6.0.000.cql"/>
            <translation mediaType="application/elm+xml">
               <reference value="https://madie.cms.gov/libraries/224b1722-aef9-4e7f-97f8-284267fc1b00/CMS646IntravesicalBCGforBladderCancerQDM-6.0.000.xml"/>
            </translation>
            <translation mediaType="application/elm+json">
               <reference value="https://madie.cms.gov/libraries/224b1722-aef9-4e7f-97f8-284267fc1b00/CMS646IntravesicalBCGforBladderCancerQDM-6.0.000.json"/>
            </translation>
         </text>
         <setId extension="224b1722-aef9-4e7f-97f8-284267fc1b00"
                identifierName="CMS646IntravesicalBCGforBladderCancerQDM"
                root="https://madie.cms.gov/libraries"/>
         <versionNumber value="6.0.000"/>
      </expressionDocument>
   </relatedDocument>
   <relatedDocument typeCode="COMP">
      <expressionDocument>
         <id root="beb60ff7-b472-4673-b435-0f1f0363774f"/>
         <text mediaType="text/cql">
            <reference value="https://madie.cms.gov/libraries/beb60ff7-b472-4673-b435-0f1f0363774f/CQMCommonQDM-9.0.000.cql"/>
            <translation mediaType="application/elm+xml">
               <reference value="https://madie.cms.gov/libraries/beb60ff7-b472-4673-b435-0f1f0363774f/CQMCommonQDM-9.0.000.xml"/>
            </translation>
            <translation mediaType="application/elm+json">
               <reference value="https://madie.cms.gov/libraries/beb60ff7-b472-4673-b435-0f1f0363774f/CQMCommonQDM-9.0.000.json"/>
            </translation>
         </text>
         <setId extension="beb60ff7-b472-4673-b435-0f1f0363774f"
                identifierName="CQMCommonQDM"
                root="https://madie.cms.gov/libraries"/>
         <versionNumber value="9.0.000"/>
      </expressionDocument>
   </relatedDocument>
   <controlVariable>
      <measurePeriod>
         <id extension="measureperiod" root="515fde89-97b0-498a-b92c-32b956b2a782"/>
         <code code="MSRTP" codeSystem="2.16.840.1.113883.5.4">
            <originalText value="Measurement Period"/>
         </code>
         <value highClosed="false" lowClosed="true" xsi:type="IVL_TS">
            <low value="20260101"/>
            <high value="20270101"/>
         </value>
      </measurePeriod>
   </controlVariable>
   <subjectOf>
      <measureAttribute>
         <code nullFlavor="OTH">
            <originalText value="CMS ID"/>
         </code>
         <value mediaType="text/plain" value="646" xsi:type="ED"/>
      </measureAttribute>
   </subjectOf>
   <subjectOf>
      <measureAttribute>
         <code nullFlavor="OTH">
            <originalText value="CBE Number"/>
         </code>
         <value mediaType="text/plain" value="Not Applicable" xsi:type="ED"/>
      </measureAttribute>
   </subjectOf>
   <subjectOf>
      <measureAttribute>
         <code code="COPY" codeSystem="2.16.840.1.113883.5.4">
            <displayName value="Copyright"/>
         </code>
         <value mediaType="text/plain"
                value="Limited proprietary coding is contained in the measure specifications for convenience. Users of the proprietary code sets should obtain all necessary licenses from the owners of these code sets. Oregon Urology Institute (OUI) and Large Urology Group Practice Association (LUGPA) disclaim all liability for the use or accuracy of third-party codes contained in the specifications. CPT(R) contained in the Measure specifications is copyright 2004-2024. American Medical Association. LOINC(R) copyright 2004-2024 Regenstrief Institute, Inc. This material contains SNOMED Clinical Terms(R) (SNOMED CT[R]) copyright 2004-2024 International Health Terminology Standards Development Organisation. ICD-10 copyright 2024 World Health Organization. All Rights Reserved."
                xsi:type="ED"/>
      </measureAttribute>
   </subjectOf>
   <subjectOf>
      <measureAttribute>
         <code code="DISC" codeSystem="2.16.840.1.113883.5.4">
            <displayName value="Disclaimer"/>
         </code>
         <value mediaType="text/plain"
                value="The performance measure is not a clinical guideline, does not establish a standard of medical care, and has not been tested for all potential applications. THE MEASURES AND SPECIFICATIONS ARE PROVIDED &quot;AS IS&quot; WITHOUT WARRANTY OF ANY KIND. Due to technical limitations, registered trademarks are indicated by (R) or [R] and unregistered trademarks are indicated by TM or [TM]."
                xsi:type="ED"/>
      </measureAttribute>
   </subjectOf>
   <subjectOf>
      <measureAttribute>
         <code code="MSRSCORE" codeSystem="2.16.840.1.113883.5.4">
            <displayName value="Measure Scoring"/>
         </code>
         <value code="PROPOR" codeSystem="2.16.840.1.113883.5.1063" xsi:type="CD">
            <displayName value="Proportion"/>
         </value>
      </measureAttribute>
   </subjectOf>
   <subjectOf>
      <measureAttribute>
         <code code="MSRTYPE" codeSystem="2.16.840.1.113883.5.4">
            <displayName value="Measure Type"/>
         </code>
         <value code="PROCESS" codeSystem="2.16.840.1.113883.5.1063" xsi:type="CD">
            <displayName value="Process"/>
         </value>
      </measureAttribute>
   </subjectOf>
   <subjectOf>
      <measureAttribute>
         <code code="STRAT" codeSystem="2.16.840.1.113883.5.4">
            <displayName value="Stratification"/>
         </code>
         <value mediaType="text/plain" value="None" xsi:type="ED"/>
      </measureAttribute>
   </subjectOf>
   <subjectOf>
      <measureAttribute>
         <code code="MSRADJ" codeSystem="2.16.840.1.113883.5.4">
            <displayName value="Risk Adjustment"/>
         </code>
         <value mediaType="text/plain" value="None" xsi:type="ED"/>
      </measureAttribute>
   </subjectOf>
   <subjectOf>
      <measureAttribute>
         <code code="MSRAGG" codeSystem="2.16.840.1.113883.5.4">
            <displayName value="Rate Aggregation"/>
         </code>
         <value mediaType="text/plain" value="None" xsi:type="ED"/>
      </measureAttribute>
   </subjectOf>
   <subjectOf>
      <measureAttribute>
         <code code="RAT" codeSystem="2.16.840.1.113883.5.4">
            <displayName value="Rationale"/>
         </code>
         <value mediaType="text/plain"
                value="Bladder cancer is ranked 10th for new cancer cases in 2020 and is the ninth leading cause of cancer death in the United States. There are 81,400 estimated new cases in 2020 and 17,980 estimated deaths in 2020. In 2016, an estimated 699,450 people were living with bladder cancer in the United States. Early detection (discovery of cancer in situ or localized to the primary site) is found in 85% of the patients, and with these there is a five-year survival rate of 95.8% for In Situ and 69.2% for Localized. Bladder cancer is rarely found in patients under age 20, with the median age of diagnosis being 73 (NIH, 2020). National Comprehensive Cancer Network (NCCN) Guidelines for Bladder Cancer (version 6.2021) defines intravesical BCG as Category 1 Treatment for T1, Tis and Ta - high grade, non-muscle invasive bladder cancer. Most public data reflects prophylactic or adjuvant use of intravesical therapy to prevent recurrence or delay progression to a higher grade or stage. BCG has been shown to be effective as prophylaxis to prevent bladder cancer recurrences following TURBT. The NCCN Bladder Cancer Panel Members recommend BCG as the preferred option over Mitomycin C for adjuvant treatment of high-grade lesions (Ta). BCG is also standard therapy for Primary Tis. Most T1 lesions are high-risk and are similarly treated with adjuvant intravesical therapy, with BCG being a Category 1 recommendation. (NCCN, 2021)."
                xsi:type="ED"/>
      </measureAttribute>
   </subjectOf>
   <subjectOf>
      <measureAttribute>
         <code code="CRS" codeSystem="2.16.840.1.113883.5.4">
            <displayName value="Clinical Recommendation Statement"/>
         </code>
         <value mediaType="text/plain"
                value="Intravesical BCG should be administered within 6 months of the initial diagnosis of non-muscle invasive bladder cancer. It may be administered 3-4 weeks after resection, but there needs to be pathological tumor confirmation and must be withheld if there is traumatic catheterization, bacteriuria, persistent gross hematuria, persistent severe local symptoms or systemic symptoms. The normal induction course is 6 weekly instillations of intravesical BCG (AUA Non-Muscle Invasive Bladder Cancer and American Urological Association (AUA) Guideline for the Management of Non-muscle Invasive Bladder Cancer: Stages T1, TIS, and Ta High Risk."
                xsi:type="ED"/>
      </measureAttribute>
   </subjectOf>
   <subjectOf>
      <measureAttribute>
         <code code="IDUR" codeSystem="2.16.840.1.113883.5.4">
            <displayName value="Improvement Notation"/>
         </code>
         <value mediaType="text/plain"
                value="Higher score indicates better quality"
                xsi:type="ED"/>
      </measureAttribute>
   </subjectOf>
   <subjectOf>
      <measureAttribute>
         <code code="REF" codeSystem="2.16.840.1.113883.5.4">
            <displayName value="Reference"/>
         </code>
         <value mediaType="text/plain"
                value="CITATION Chamie, K., Saigal, C.S., Lai, J., Hanley, J.M., Setodji, C.M., Konety, B.R., … Urologic Diseases in America Project (2011). Compliance with Guidelines for Patients with Bladder Cancer: Variation in the Delivery of Care. Cancer.2011 Dec 1: 117(23): 5392-5401. https://www.ncbi.nlm.nih.gov/pmc/articles/PMC3206145/&quot;"
                xsi:type="ED"/>
      </measureAttribute>
   </subjectOf>
   <subjectOf>
      <measureAttribute>
         <code code="REF" codeSystem="2.16.840.1.113883.5.4">
            <displayName value="Reference"/>
         </code>
         <value mediaType="text/plain"
                value="CITATION Chang, S.S., Boorjian, S.A., Chou, R., Clark, P.E., Daneshmand, S., Konety, B.R., … Mckiernan, J. M., (2016) American Urological Association. Non-Muscle Invasive Bladder Cancer. https://www.auanet.org/guidelines-and-quality/guidelines/bladder-cancer-non-muscle-invasive-guideline"
                xsi:type="ED"/>
      </measureAttribute>
   </subjectOf>
   <subjectOf>
      <measureAttribute>
         <code code="REF" codeSystem="2.16.840.1.113883.5.4">
            <displayName value="Reference"/>
         </code>
         <value mediaType="text/plain"
                value="CITATION Hall, M.C., Chang, S.S., Dalbagni, G., Pruthi, R.S., Schellhammer, P.F., Seigne, J.D.,... Wolf .S., (2016). American Urological Association. Guideline for the Management of Non-muscle Invasive Bladder Cancer (Stages Ta, T1, and Tis): Update 2016. https://www.auajournals.org/doi/10.1016/j.juro.2007.09.003"
                xsi:type="ED"/>
      </measureAttribute>
   </subjectOf>
   <subjectOf>
      <measureAttribute>
         <code code="REF" codeSystem="2.16.840.1.113883.5.4">
            <displayName value="Reference"/>
         </code>
         <value mediaType="text/plain"
                value="CITATION Kassouf, W., Black, P., (2016) Treatment of primary non-muscle invasive urothelial bladder cancer. Literature review current through Dec. 2016. https://www.uptodate.com/contents/treatment-of-primary-non-muscle-invasive-urothelial-bladder-cancer?source=search_result&amp;search=Treatment%20of%20primary%20non-muscle%20invasive%20urothelial%20bladder%20cancer&amp;selectedTitle=1~150 T of primary"
                xsi:type="ED"/>
      </measureAttribute>
   </subjectOf>
   <subjectOf>
      <measureAttribute>
         <code code="REF" codeSystem="2.16.840.1.113883.5.4">
            <displayName value="Reference"/>
         </code>
         <value mediaType="text/plain"
                value="CITATION NCCN Clinical Practice Guidelines in Oncology (NCCN Guidelines). (2021). Bladder Cancer. Version 6.2021. https://www.nccn.org/professionals/physician_gls/pdf/bladder.pdf"
                xsi:type="ED"/>
      </measureAttribute>
   </subjectOf>
   <subjectOf>
      <measureAttribute>
         <code code="REF" codeSystem="2.16.840.1.113883.5.4">
            <displayName value="Reference"/>
         </code>
         <value mediaType="text/plain"
                value="CITATION NIH National Cancer Institute Surveillance, (2020) Epidemiology, and End Results Program. SEER Cancer Stat Facts: Bladder Cancer. National Cancer Institute. Bethesda,MD, https://seer.cancer.gov/statfacts/html/urinb.html"
                xsi:type="ED"/>
      </measureAttribute>
   </subjectOf>
   <subjectOf>
      <measureAttribute>
         <code code="REF" codeSystem="2.16.840.1.113883.5.4">
            <displayName value="Reference"/>
         </code>
         <value mediaType="text/plain"
                value="CITATION Pacific Northwest Evidence-based Practice Center, Oregon Health &amp; Science University. (2016). PCORI Topic Brief. Comparative Effectiveness of Treatments for Non-Muscle-Invasive Bladder Cancer http://www.pcori.org/sites/default/files/PCORI-Assessment-Options-Advisory-Panel-Fall-2016-Topic-Brief-Non-Muscle-Invasive-Bladder-Cancer.pdf"
                xsi:type="ED"/>
      </measureAttribute>
   </subjectOf>
   <subjectOf>
      <measureAttribute>
         <code code="DEF" codeSystem="2.16.840.1.113883.5.4">
            <displayName value="Definition"/>
         </code>
         <value mediaType="text/plain"
                value="Intravesical - Within the urinary bladder Bacillus Calmette-Guerin (BCG) - A live attenuated strain of Mycobacterium bovis, first indicated as a tuberculosis vaccine, has had widespread use in intravesical immunotherapy since the 1970's. Tumor location: urinary bladder Histology: urothelial carcinoma Primary Tumor (T) stage: T1- tumor invades subepithelial connective tissue (high grade or low grade) Tis - Carcinoma in situ: &quot;flat tumor&quot; Ta - Noninvasive and high grade"
                xsi:type="ED"/>
      </measureAttribute>
   </subjectOf>
   <subjectOf>
      <measureAttribute>
         <code code="GUIDE" codeSystem="2.16.840.1.113883.5.4">
            <displayName value="Guidance"/>
         </code>
         <value mediaType="text/plain"
                value="Ta bladder cancer must be high grade Ta only and is supported by the 2016 AUA guidelines and 2018 NCCN guidelines. The BCG dose can be full or partial and can be from any lot or manufacturer. This eCQM is a patient-based measure. Telehealth encounters are not eligible for this measure because the measure requires a clinical action that cannot be conducted via telehealth. This version of the eCQM uses QDM version 5.6. Please refer to the eCQI resource center (https://ecqi.healthit.gov/qdm) for more information on the QDM."
                xsi:type="ED"/>
      </measureAttribute>
   </subjectOf>
   <subjectOf>
      <measureAttribute>
         <code code="TRANF" codeSystem="2.16.840.1.113883.5.4">
            <displayName value="Transmission Format"/>
         </code>
         <value mediaType="text/plain" value="TBD" xsi:type="ED"/>
      </measureAttribute>
   </subjectOf>
   <subjectOf>
      <measureAttribute>
         <code code="IPOP" codeSystem="2.16.840.1.113883.5.4">
            <displayName value="Initial Population"/>
         </code>
         <value mediaType="text/plain"
                value="All patients initially diagnosed with T1, Tis or high grade Ta non-muscle invasive bladder cancer with bladder cancer staging within 6 months before to 6 months after the start of the measurement period and a qualified encounter in the measurement period"
                xsi:type="ED"/>
      </measureAttribute>
   </subjectOf>
   <subjectOf>
      <measureAttribute>
         <code code="DENOM" codeSystem="2.16.840.1.113883.5.4">
            <displayName value="Denominator"/>
         </code>
         <value mediaType="text/plain"
                value="Equals Initial Population"
                xsi:type="ED"/>
      </measureAttribute>
   </subjectOf>
   <subjectOf>
      <measureAttribute>
         <code code="DENEX" codeSystem="2.16.840.1.113883.5.4">
            <displayName value="Denominator Exclusions"/>
         </code>
         <value mediaType="text/plain"
                value="Immunosuppressed patients, includes HIV and immunocompromised state, with a diagnosis prior to Bladder Cancer Staging Immunosuppressive drug therapy starting on or before Bladder Cancer Staging Active Tuberculosis diagnosis during the Bladder Cancer Staging Mixed histology urothelial cell carcinoma including micropapillary, plasmacytoid, sarcomatoid, adenocarcinoma and squamous disease prior to Bladder Cancer Staging Patients who undergo cystectomy, chemotherapy or radiation within 6 months prior to Bladder Cancer Staging"
                xsi:type="ED"/>
      </measureAttribute>
   </subjectOf>
   <subjectOf>
      <measureAttribute>
         <code code="NUMER" codeSystem="2.16.840.1.113883.5.4">
            <displayName value="Numerator"/>
         </code>
         <value mediaType="text/plain"
                value="Intravesical Bacillus-Calmette Guerin (BCG) instillation for initial dose or series: BCG is initiated within 6 months of the bladder cancer staging"
                xsi:type="ED"/>
      </measureAttribute>
   </subjectOf>
   <subjectOf>
      <measureAttribute>
         <code code="NUMEX" codeSystem="2.16.840.1.113883.5.4">
            <displayName value="Numerator Exclusions"/>
         </code>
         <value mediaType="text/plain" value="None" xsi:type="ED"/>
      </measureAttribute>
   </subjectOf>
   <subjectOf>
      <measureAttribute>
         <code code="DENEXCEP" codeSystem="2.16.840.1.113883.5.4">
            <displayName value="Denominator Exceptions"/>
         </code>
         <value mediaType="text/plain"
                value="Unavailability of BCG within 6 months after Bladder Cancer Staging"
                xsi:type="ED"/>
      </measureAttribute>
   </subjectOf>
   <subjectOf>
      <measureAttribute>
         <code code="SDE" codeSystem="2.16.840.1.113883.5.4">
            <displayName value="Supplemental Data Elements"/>
         </code>
         <value mediaType="text/plain"
                value="For every patient evaluated by this measure also identify payer, race, ethnicity and sex"
                xsi:type="ED"/>
      </measureAttribute>
   </subjectOf>
   <componentOf>
      <qualityMeasureSet classCode="ACT">
         <id root="224b1722-aef9-4e7f-97f8-284267fc1b00"/>
         <title value="None"/>
      </qualityMeasureSet>
   </componentOf>
   <!--Data Criteria Section-->
   <component>
      <dataCriteriaSection>
         <templateId>
            <item extension="2021-02-01" root="2.16.840.1.113883.10.20.28.2.6"/>
         </templateId>
         <code code="57025-9" codeSystem="2.16.840.1.113883.6.1"/>
         <title value="Data Criteria Section"/>
         <text/>
         <entry typeCode="DRIV">
            <localVariableName value="OfficeVisit_EncounterPerformed_X9rWp"/>
            <encounterCriteria classCode="ENC" moodCode="EVN">
               <templateId>
                  <item extension="2021-02-01" root="2.16.840.1.113883.10.20.28.4.5"/>
               </templateId>
               <id extension="OfficeVisit_EncounterPerformed"
                   root="345239a0-dea7-4926-956b-a60f948daf27"/>
               <code valueSet="2.16.840.1.113883.3.464.1003.101.12.1001"/>
               <title value="Encounter, Performed"/>
               <statusCode code="COMPLETED"/>
            </encounterCriteria>
         </entry>
         <entry typeCode="DRIV">
            <localVariableName value="PayerType_PatientCharacteristicPayer_5E8y8"/>
            <observationCriteria classCode="OBS" moodCode="EVN">
               <templateId>
                  <item extension="2017-05-01" root="2.16.840.1.113883.10.20.28.4.58"/>
               </templateId>
               <id extension="PayerType_PatientCharacteristicPayer"
                   root="cb3ba299-affb-4912-bcf1-790bf0d687da"/>
               <code code="48768-6"
                     codeSystem="2.16.840.1.113883.6.1"
                     codeSystemName="LOINC">
                  <displayName value="Payer Type"/>
               </code>
               <title value="Patient Characteristic Payer"/>
               <statusCode code="COMPLETED"/>
               <value valueSet="2.16.840.1.114222.4.11.3591" xsi:type="CD"/>
            </observationCriteria>
         </entry>
         <entry typeCode="DRIV">
            <localVariableName value="BladderCancerforUrologyCare_Diagnosis_QOv8V"/>
            <observationCriteria classCode="OBS" moodCode="EVN">
               <templateId>
                  <item extension="2021-02-01" root="2.16.840.1.113883.10.20.28.4.110"/>
               </templateId>
               <id extension="BladderCancerforUrologyCare_Diagnosis"
                   root="7f487290-277e-45b7-9b36-09a6e3488059"/>
               <code code="282291009"
                     codeSystem="2.16.840.1.113883.6.96"
                     codeSystemName="SNOMED CT">
                  <displayName value="Diagnosis"/>
               </code>
               <title value="Diagnosis"/>
               <statusCode code="COMPLETED"/>
               <value valueSet="2.16.840.1.113762.1.4.1248.354" xsi:type="CD"/>
            </observationCriteria>
         </entry>
         <entry typeCode="DRIV">
            <localVariableName value="BacillusCalmetteGuerinforUrologyCare_MedicationNotAdministered_LAuhA"/>
            <substanceAdministrationCriteria actionNegationInd="TRUE" classCode="SBADM" moodCode="EVN">
               <templateId>
                  <item extension="2021-02-01" root="2.16.840.1.113883.10.20.28.4.45"/>
               </templateId>
               <id extension="BacillusCalmetteGuerinforUrologyCare_MedicationNotAdministered"
                   root="39929829-faae-48e8-800f-350dbeb18974"/>
               <code code="416118004" codeSystem="2.16.840.1.113883.6.96"/>
               <title value="Medication, Not Administered"/>
               <statusCode code="COMPLETED"/>
               <participation typeCode="CSM">
                  <role classCode="MANU">
                     <playingManufacturedMaterial classCode="MMAT" determinerCode="KIND">
                        <code valueSet="2.16.840.1.113762.1.4.1248.353"/>
                     </playingManufacturedMaterial>
                  </role>
               </participation>
            </substanceAdministrationCriteria>
         </entry>
         <entry typeCode="DRIV">
            <localVariableName value="FederalAdministrativeSex_PatientCharacteristicSex_dNuxE"/>
            <observationCriteria classCode="OBS" moodCode="EVN">
               <templateId>
                  <item extension="2017-05-01" root="2.16.840.1.113883.10.20.28.4.55"/>
               </templateId>
               <id extension="FederalAdministrativeSex_PatientCharacteristicSex"
                   root="a4fe69b1-7a42-434c-a0c1-e03f535cf5c6"/>
               <code code="263495000"
                     codeSystem="2.16.840.1.113883.6.96"
                     codeSystemName="SNOMED CT">
                  <displayName value="Gender"/>
               </code>
               <title value="Patient Characteristic Sex"/>
               <statusCode code="COMPLETED"/>
               <value valueSet="2.16.840.1.113762.1.4.1021.121" xsi:type="CD"/>
            </observationCriteria>
         </entry>
         <entry typeCode="DRIV">
            <localVariableName value="HIV_Diagnosis_SYbvM"/>
            <observationCriteria classCode="OBS" moodCode="EVN">
               <templateId>
                  <item extension="2021-02-01" root="2.16.840.1.113883.10.20.28.4.110"/>
               </templateId>
               <id extension="HIV_Diagnosis" root="75730150-7be3-4667-a630-3e00a663ca75"/>
               <code code="282291009"
                     codeSystem="2.16.840.1.113883.6.96"
                     codeSystemName="SNOMED CT">
                  <displayName value="Diagnosis"/>
               </code>
               <title value="Diagnosis"/>
               <statusCode code="COMPLETED"/>
               <value valueSet="2.16.840.1.113883.3.464.1003.120.12.1003" xsi:type="CD"/>
            </observationCriteria>
         </entry>
         <entry typeCode="DRIV">
            <localVariableName value="ImmunosuppressiveDrugsforUrologyCare_MedicationActive_NoZyc"/>
            <substanceAdministrationCriteria classCode="SBADM" moodCode="EVN">
               <templateId>
                  <item extension="2021-02-01" root="2.16.840.1.113883.10.20.28.4.44"/>
               </templateId>
               <id extension="ImmunosuppressiveDrugsforUrologyCare_MedicationActive"
                   root="036e5ede-86fe-49dc-a4b9-758f846032a3"/>
               <title value="Medication, Active"/>
               <statusCode code="ACTIVE"/>
               <participation typeCode="CSM">
                  <role classCode="MANU">
                     <playingMaterial classCode="MMAT" determinerCode="KIND">
                        <code valueSet="2.16.840.1.113762.1.4.1248.364"/>
                     </playingMaterial>
                  </role>
               </participation>
            </substanceAdministrationCriteria>
         </entry>
         <entry typeCode="DRIV">
            <localVariableName value="ChemotherapyAgentsforAdvancedCancer_MedicationActive_l2SQo"/>
            <substanceAdministrationCriteria classCode="SBADM" moodCode="EVN">
               <templateId>
                  <item extension="2021-02-01" root="2.16.840.1.113883.10.20.28.4.44"/>
               </templateId>
               <id extension="ChemotherapyAgentsforAdvancedCancer_MedicationActive"
                   root="785dad00-91de-47d5-89ac-92f6799fc1c5"/>
               <title value="Medication, Active"/>
               <statusCode code="ACTIVE"/>
               <participation typeCode="CSM">
                  <role classCode="MANU">
                     <playingMaterial classCode="MMAT" determinerCode="KIND">
                        <code valueSet="2.16.840.1.113762.1.4.1248.355"/>
                     </playingMaterial>
                  </role>
               </participation>
            </substanceAdministrationCriteria>
         </entry>
         <entry typeCode="DRIV">
            <localVariableName value="BacillusCalmetteGuerinforUrologyCare_MedicationAdministered_epCTM"/>
            <substanceAdministrationCriteria classCode="SBADM" moodCode="EVN">
               <templateId>
                  <item extension="2021-02-01" root="2.16.840.1.113883.10.20.28.4.45"/>
               </templateId>
               <id extension="BacillusCalmetteGuerinforUrologyCare_MedicationAdministered"
                   root="390dc7ae-abfa-4e38-b617-6c1b0f4fbbbe"/>
               <code code="416118004" codeSystem="2.16.840.1.113883.6.96"/>
               <title value="Medication, Administered"/>
               <statusCode code="COMPLETED"/>
               <participation typeCode="CSM">
                  <role classCode="MANU">
                     <playingManufacturedMaterial classCode="MMAT" determinerCode="KIND">
                        <code valueSet="2.16.840.1.113762.1.4.1248.353"/>
                     </playingManufacturedMaterial>
                  </role>
               </participation>
            </substanceAdministrationCriteria>
         </entry>
         <entry typeCode="DRIV">
            <localVariableName value="MixedHistologyUrothelialCellCarcinomaforUrologyCare_Diagnosis_IEWp6"/>
            <observationCriteria classCode="OBS" moodCode="EVN">
               <templateId>
                  <item extension="2021-02-01" root="2.16.840.1.113883.10.20.28.4.110"/>
               </templateId>
               <id extension="MixedHistologyUrothelialCellCarcinomaforUrologyCare_Diagnosis"
                   root="25d18b8f-dc62-45bc-aaa2-d926c156141c"/>
               <code code="282291009"
                     codeSystem="2.16.840.1.113883.6.96"
                     codeSystemName="SNOMED CT">
                  <displayName value="Diagnosis"/>
               </code>
               <title value="Diagnosis"/>
               <statusCode code="COMPLETED"/>
               <value valueSet="2.16.840.1.113762.1.4.1248.365" xsi:type="CD"/>
            </observationCriteria>
         </entry>
         <entry typeCode="DRIV">
            <localVariableName value="CystectomyforUrologyCare_ProcedurePerformed_f9WVl"/>
            <procedureCriteria classCode="PROC" moodCode="EVN">
               <templateId>
                  <item extension="2021-02-01" root="2.16.840.1.113883.10.20.28.4.67"/>
               </templateId>
               <id extension="CystectomyforUrologyCare_ProcedurePerformed"
                   root="383f9bce-8475-4de0-a6a2-9459bd96dbe0"/>
               <code valueSet="2.16.840.1.113762.1.4.1248.358"/>
               <title value="Procedure, Performed"/>
               <statusCode code="COMPLETED"/>
            </procedureCriteria>
         </entry>
         <entry typeCode="DRIV">
            <localVariableName value="ImmunocompromisedConditions_Diagnosis_yCdGC"/>
            <observationCriteria classCode="OBS" moodCode="EVN">
               <templateId>
                  <item extension="2021-02-01" root="2.16.840.1.113883.10.20.28.4.110"/>
               </templateId>
               <id extension="ImmunocompromisedConditions_Diagnosis"
                   root="d381997a-846e-430c-90e0-559b5565d2d3"/>
               <code code="282291009"
                     codeSystem="2.16.840.1.113883.6.96"
                     codeSystemName="SNOMED CT">
                  <displayName value="Diagnosis"/>
               </code>
               <title value="Diagnosis"/>
               <statusCode code="COMPLETED"/>
               <value valueSet="2.16.840.1.113762.1.4.1248.363" xsi:type="CD"/>
            </observationCriteria>
         </entry>
         <entry typeCode="DRIV">
            <localVariableName value="Race_PatientCharacteristicRace_3D235"/>
            <observationCriteria classCode="OBS" moodCode="EVN">
               <templateId>
                  <item extension="2017-05-01" root="2.16.840.1.113883.10.20.28.4.59"/>
               </templateId>
               <id extension="Race_PatientCharacteristicRace"
                   root="0bea29bf-7abd-4c41-8ce0-c1ccbffe1818"/>
               <code code="32624-9"
                     codeSystem="2.16.840.1.113883.6.1"
                     codeSystemName="LOINC">
                  <displayName value="Race"/>
               </code>
               <title value="Patient Characteristic Race"/>
               <statusCode code="COMPLETED"/>
               <value valueSet="2.16.840.1.114222.4.11.836" xsi:type="CD"/>
            </observationCriteria>
         </entry>
         <entry typeCode="DRIV">
            <localVariableName value="Ethnicity_PatientCharacteristicEthnicity_d5W6q"/>
            <observationCriteria classCode="OBS" moodCode="EVN">
               <templateId>
                  <item extension="2017-05-01" root="2.16.840.1.113883.10.20.28.4.56"/>
               </templateId>
               <id extension="Ethnicity_PatientCharacteristicEthnicity"
                   root="739a97ab-3f9c-442f-bebc-a08c2ae322a0"/>
               <code code="54133-4"
                     codeSystem="2.16.840.1.113883.6.1"
                     codeSystemName="LOINC">
                  <displayName value="Ethnicity"/>
               </code>
               <title value="Patient Characteristic Ethnicity"/>
               <statusCode code="COMPLETED"/>
               <value valueSet="2.16.840.1.114222.4.11.837" xsi:type="CD"/>
            </observationCriteria>
         </entry>
         <entry typeCode="DRIV">
            <localVariableName value="TuberculosisforUrologyCare_Diagnosis_MKSsk"/>
            <observationCriteria classCode="OBS" moodCode="EVN">
               <templateId>
                  <item extension="2021-02-01" root="2.16.840.1.113883.10.20.28.4.110"/>
               </templateId>
               <id extension="TuberculosisforUrologyCare_Diagnosis"
                   root="7dd189c2-97b4-43b9-b134-4154ced643aa"/>
               <code code="282291009"
                     codeSystem="2.16.840.1.113883.6.96"
                     codeSystemName="SNOMED CT">
                  <displayName value="Diagnosis"/>
               </code>
               <title value="Diagnosis"/>
               <statusCode code="COMPLETED"/>
               <value valueSet="2.16.840.1.113762.1.4.1248.351" xsi:type="CD"/>
            </observationCriteria>
         </entry>
         <entry typeCode="DRIV">
            <procedureCriteria classCode="PROC" moodCode="EVN">
               <templateId>
                  <item extension="2021-02-01" root="2.16.840.1.113883.10.20.28.4.67"/>
               </templateId>
               <id extension="169331000_ProcedurePerformed"
                   root="0c9c7710-027b-445e-a97f-6a10f6cf4c61"/>
               <code code="169331000"
                     codeSystem="2.16.840.1.113883.6.96"
                     codeSystemName="SNOMEDCT"/>
               <title value="Procedure, Performed"/>
               <statusCode code="COMPLETED"/>
            </procedureCriteria>
         </entry>
         <entry typeCode="DRIV">
            <procedureCriteria classCode="PROC" moodCode="EVN">
               <templateId>
                  <item extension="2021-02-01" root="2.16.840.1.113883.10.20.28.4.67"/>
               </templateId>
               <id extension="254292007_ProcedurePerformed"
                   root="68bae9da-54e7-4827-8441-626360395564"/>
               <code code="254292007"
                     codeSystem="2.16.840.1.113883.6.96"
                     codeSystemName="SNOMEDCT"/>
               <title value="Procedure, Performed"/>
               <statusCode code="COMPLETED"/>
            </procedureCriteria>
         </entry>
      </dataCriteriaSection>
   </component>
   <component>
      <populationCriteriaSection>
         <templateId>
            <item extension="2017-08-01" root="2.16.840.1.113883.10.20.28.2.7"/>
         </templateId>
         <id extension="PopulationCriteria1"
             root="64388018-14ad-4bbf-bd7d-a6d5b66e4969"/>
         <code code="57026-7" codeSystem="2.16.840.1.113883.6.1"/>
         <title value="Population Criteria Section"/>
         <text/>
         <component typeCode="COMP">
            <initialPopulationCriteria classCode="OBS" moodCode="EVN">
               <id extension="initialPopulation"
                   root="AA2E8D12-F5D5-49A4-B15A-5C16B5F18667"/>
               <code code="IPOP"
                     codeSystem="2.16.840.1.113883.5.4"
                     codeSystemName="Act Code"/>
               <precondition typeCode="PRCN">
                  <criteriaReference classCode="OBS" moodCode="EVN">
                     <id extension="CMS646IntravesicalBCGforBladderCancerQDM.&quot;Initial Population&quot;"
                         root="7df548f7-f676-4c5c-bc1e-3cc9c95ef1bd"/>
                  </criteriaReference>
               </precondition>
            </initialPopulationCriteria>
         </component>
         <component typeCode="COMP">
            <denominatorCriteria classCode="OBS" moodCode="EVN">
               <id extension="denominator" root="C3968A41-F665-4131-9EF4-E850845E2D1F"/>
               <code code="DENOM"
                     codeSystem="2.16.840.1.113883.5.4"
                     codeSystemName="Act Code"/>
               <precondition typeCode="PRCN">
                  <criteriaReference classCode="OBS" moodCode="EVN">
                     <id extension="CMS646IntravesicalBCGforBladderCancerQDM.&quot;Denominator&quot;"
                         root="7df548f7-f676-4c5c-bc1e-3cc9c95ef1bd"/>
                  </criteriaReference>
               </precondition>
            </denominatorCriteria>
         </component>
         <component typeCode="COMP">
            <denominatorExclusionCriteria classCode="OBS" moodCode="EVN">
               <id extension="denominatorExclusions"
                   root="E1CA1D66-73AB-4CA4-997F-0CBACD08C4B4"/>
               <code code="DENEX"
                     codeSystem="2.16.840.1.113883.5.4"
                     codeSystemName="Act Code"/>
               <precondition typeCode="PRCN">
                  <criteriaReference classCode="OBS" moodCode="EVN">
                     <id extension="CMS646IntravesicalBCGforBladderCancerQDM.&quot;Denominator Exclusion&quot;"
                         root="7df548f7-f676-4c5c-bc1e-3cc9c95ef1bd"/>
                  </criteriaReference>
               </precondition>
            </denominatorExclusionCriteria>
         </component>
         <component typeCode="COMP">
            <numeratorCriteria classCode="OBS" moodCode="EVN">
               <id extension="numerator" root="EAD93629-C7CB-4682-B599-EE13B03FEF38"/>
               <code code="NUMER"
                     codeSystem="2.16.840.1.113883.5.4"
                     codeSystemName="Act Code"/>
               <precondition typeCode="PRCN">
                  <criteriaReference classCode="OBS" moodCode="EVN">
                     <id extension="CMS646IntravesicalBCGforBladderCancerQDM.&quot;Numerator&quot;"
                         root="7df548f7-f676-4c5c-bc1e-3cc9c95ef1bd"/>
                  </criteriaReference>
               </precondition>
            </numeratorCriteria>
         </component>
         <component typeCode="COMP">
            <denominatorExceptionCriteria classCode="OBS" moodCode="EVN">
               <id extension="denominatorExceptions"
                   root="D629A3FE-F02D-40A7-ACE3-99A465A9BE83"/>
               <code code="DENEXCEP"
                     codeSystem="2.16.840.1.113883.5.4"
                     codeSystemName="Act Code"/>
               <precondition typeCode="PRCN">
                  <criteriaReference classCode="OBS" moodCode="EVN">
                     <id extension="CMS646IntravesicalBCGforBladderCancerQDM.&quot;Denominator Exception&quot;"
                         root="7df548f7-f676-4c5c-bc1e-3cc9c95ef1bd"/>
                  </criteriaReference>
               </precondition>
            </denominatorExceptionCriteria>
         </component>
         <component typeCode="COMP">
            <cql-ext:supplementalDataElement>
               <id extension="Supplemental Data Elements"
                   root="76078f1c-31d9-4d25-b9c3-95ee14679f23"/>
               <code code="SDE"
                     codeSystem="2.16.840.1.113883.5.4"
                     codeSystemName="Act Code"/>
               <precondition typeCode="PRCN">
                  <criteriaReference classCode="OBS" moodCode="EVN">
                     <id extension="CMS646IntravesicalBCGforBladderCancerQDM.&quot;SDE Race&quot;"
                         root="7df548f7-f676-4c5c-bc1e-3cc9c95ef1bd"/>
                  </criteriaReference>
               </precondition>
            </cql-ext:supplementalDataElement>
         </component>
         <component typeCode="COMP">
            <cql-ext:supplementalDataElement>
               <id extension="Supplemental Data Elements"
                   root="2b8d023a-5139-480f-87c3-5d8f45b57e88"/>
               <code code="SDE"
                     codeSystem="2.16.840.1.113883.5.4"
                     codeSystemName="Act Code"/>
               <precondition typeCode="PRCN">
                  <criteriaReference classCode="OBS" moodCode="EVN">
                     <id extension="CMS646IntravesicalBCGforBladderCancerQDM.&quot;SDE Ethnicity&quot;"
                         root="7df548f7-f676-4c5c-bc1e-3cc9c95ef1bd"/>
                  </criteriaReference>
               </precondition>
            </cql-ext:supplementalDataElement>
         </component>
         <component typeCode="COMP">
            <cql-ext:supplementalDataElement>
               <id extension="Supplemental Data Elements"
                   root="72b625b0-9241-45e5-ba2d-cc61cec28958"/>
               <code code="SDE"
                     codeSystem="2.16.840.1.113883.5.4"
                     codeSystemName="Act Code"/>
               <precondition typeCode="PRCN">
                  <criteriaReference classCode="OBS" moodCode="EVN">
                     <id extension="CMS646IntravesicalBCGforBladderCancerQDM.&quot;SDE Payer&quot;"
                         root="7df548f7-f676-4c5c-bc1e-3cc9c95ef1bd"/>
                  </criteriaReference>
               </precondition>
            </cql-ext:supplementalDataElement>
         </component>
         <component typeCode="COMP">
            <cql-ext:supplementalDataElement>
               <id extension="Supplemental Data Elements"
                   root="3acfdc9f-c35b-46b6-b0d2-39a0bb313b4f"/>
               <code code="SDE"
                     codeSystem="2.16.840.1.113883.5.4"
                     codeSystemName="Act Code"/>
               <precondition typeCode="PRCN">
                  <criteriaReference classCode="OBS" moodCode="EVN">
                     <id extension="CMS646IntravesicalBCGforBladderCancerQDM.&quot;SDE Sex&quot;"
                         root="7df548f7-f676-4c5c-bc1e-3cc9c95ef1bd"/>
                  </criteriaReference>
               </precondition>
            </cql-ext:supplementalDataElement>
         </component>
      </populationCriteriaSection>
   </component>
</QualityMeasureDocument>
