<?xml version="1.0" encoding="UTF-8"?>
<library xmlns="urn:hl7-org:elm:r1" xmlns:t="urn:hl7-org:elm-types:r1" xmlns:xsi="http://www.w3.org/2001/XMLSchema-instance" xmlns:xsd="http://www.w3.org/2001/XMLSchema" xmlns:fhir="http://hl7.org/fhir" xmlns:qdm43="urn:healthit-gov:qdm:v4_3" xmlns:qdm53="urn:healthit-gov:qdm:v5_3" xmlns:a="urn:hl7-org:cql-annotations:r1">
   <annotation translatorOptions="EnableAnnotations,EnableLocators,DisableListDemotion,DisableListPromotion,DisableMethodInvocation" xsi:type="a:CqlToElmInfo"/>
   <annotation xsi:type="a:Annotation">
      <a:s r="217">
         <a:s>library AlaraCommonFunctions version '1.4.000'</a:s>
      </a:s>
   </annotation>
   <identifier id="AlaraCommonFunctions" version="1.4.000"/>
   <schemaIdentifier id="urn:hl7-org:elm" version="r1"/>
   <usings>
      <def localIdentifier="System" uri="urn:hl7-org:elm-types:r1"/>
      <def localId="1" locator="3:1-3:23" localIdentifier="QDM" uri="urn:healthit-gov:qdm:v5_6" version="5.6">
         <annotation xsi:type="a:Annotation">
            <a:s r="1">
               <a:s>using </a:s>
               <a:s>
                  <a:s>QDM</a:s>
               </a:s>
               <a:s> version '5.6'</a:s>
            </a:s>
         </annotation>
      </def>
   </usings>
   <parameters>
      <def localId="45" locator="28:1-28:49" name="Measurement Period" accessLevel="Public">
         <annotation xsi:type="a:Annotation">
            <a:s r="45">
               <a:s>parameter &quot;Measurement Period&quot; </a:s>
               <a:s r="44">
                  <a:s>Interval&lt;</a:s>
                  <a:s r="43">
                     <a:s>DateTime</a:s>
                  </a:s>
                  <a:s>></a:s>
               </a:s>
            </a:s>
         </annotation>
         <parameterTypeSpecifier localId="44" locator="28:32-28:49" xsi:type="IntervalTypeSpecifier">
            <pointType localId="43" locator="28:41-28:48" name="t:DateTime" xsi:type="NamedTypeSpecifier"/>
         </parameterTypeSpecifier>
      </def>
   </parameters>
   <codeSystems>
      <def localId="2" locator="5:1-5:51" name="LOINC" id="urn:oid:2.16.840.1.113883.6.1" accessLevel="Public">
         <annotation xsi:type="a:Annotation">
            <a:s r="2">
               <a:s>codesystem &quot;LOINC&quot;: 'urn:oid:2.16.840.1.113883.6.1'</a:s>
            </a:s>
         </annotation>
      </def>
   </codeSystems>
   <codes>
      <def localId="4" locator="7:1-7:100" name="Abdomen and Pelvis High Dose" id="LA31754-7" display="Abdomen and Pelvis High Dose" accessLevel="Public">
         <annotation xsi:type="a:Annotation">
            <a:s r="4">
               <a:s>code &quot;Abdomen and Pelvis High Dose&quot;: 'LA31754-7' from </a:s>
               <a:s r="3">
                  <a:s>&quot;LOINC&quot;</a:s>
               </a:s>
               <a:s> display 'Abdomen and Pelvis High Dose'</a:s>
            </a:s>
         </annotation>
         <codeSystem localId="3" locator="7:55-7:61" name="LOINC"/>
      </def>
      <def localId="6" locator="8:1-8:98" name="Abdomen and Pelvis Low Dose" id="LA31752-1" display="Abdomen and Pelvis Low Dose" accessLevel="Public">
         <annotation xsi:type="a:Annotation">
            <a:s r="6">
               <a:s>code &quot;Abdomen and Pelvis Low Dose&quot;: 'LA31752-1' from </a:s>
               <a:s r="5">
                  <a:s>&quot;LOINC&quot;</a:s>
               </a:s>
               <a:s> display 'Abdomen and Pelvis Low Dose'</a:s>
            </a:s>
         </annotation>
         <codeSystem localId="5" locator="8:54-8:60" name="LOINC"/>
      </def>
      <def localId="8" locator="9:1-9:106" name="Abdomen and Pelvis Routine Dose" id="LA31753-9" display="Abdomen and Pelvis Routine Dose" accessLevel="Public">
         <annotation xsi:type="a:Annotation">
            <a:s r="8">
               <a:s>code &quot;Abdomen and Pelvis Routine Dose&quot;: 'LA31753-9' from </a:s>
               <a:s r="7">
                  <a:s>&quot;LOINC&quot;</a:s>
               </a:s>
               <a:s> display 'Abdomen and Pelvis Routine Dose'</a:s>
            </a:s>
         </annotation>
         <codeSystem localId="7" locator="9:58-9:64" name="LOINC"/>
      </def>
      <def localId="10" locator="10:1-10:94" name="Calculated CT global noise" id="96912-1" display="Calculated CT global noise" accessLevel="Public">
         <annotation xsi:type="a:Annotation">
            <a:s r="10">
               <a:s>code &quot;Calculated CT global noise&quot;: '96912-1' from </a:s>
               <a:s r="9">
                  <a:s>&quot;LOINC&quot;</a:s>
               </a:s>
               <a:s> display 'Calculated CT global noise'</a:s>
            </a:s>
         </annotation>
         <codeSystem localId="9" locator="10:51-10:57" name="LOINC"/>
      </def>
      <def localId="12" locator="11:1-11:106" name="Calculated CT size-adjusted dose" id="96913-9" display="Calculated CT size-adjusted dose" accessLevel="Public">
         <annotation xsi:type="a:Annotation">
            <a:s r="12">
               <a:s>code &quot;Calculated CT size-adjusted dose&quot;: '96913-9' from </a:s>
               <a:s r="11">
                  <a:s>&quot;LOINC&quot;</a:s>
               </a:s>
               <a:s> display 'Calculated CT size-adjusted dose'</a:s>
            </a:s>
         </annotation>
         <codeSystem localId="11" locator="11:57-11:63" name="LOINC"/>
      </def>
      <def localId="14" locator="12:1-12:116" name="Cardiac High Dose or Chest High Dose" id="LA31761-2" display="Cardiac High Dose or Chest High Dose" accessLevel="Public">
         <annotation xsi:type="a:Annotation">
            <a:s r="14">
               <a:s>code &quot;Cardiac High Dose or Chest High Dose&quot;: 'LA31761-2' from </a:s>
               <a:s r="13">
                  <a:s>&quot;LOINC&quot;</a:s>
               </a:s>
               <a:s> display 'Cardiac High Dose or Chest High Dose'</a:s>
            </a:s>
         </annotation>
         <codeSystem localId="13" locator="12:63-12:69" name="LOINC"/>
      </def>
      <def localId="16" locator="13:1-13:76" name="Cardiac Low Dose" id="LA31755-4" display="Cardiac Low Dose" accessLevel="Public">
         <annotation xsi:type="a:Annotation">
            <a:s r="16">
               <a:s>code &quot;Cardiac Low Dose&quot;: 'LA31755-4' from </a:s>
               <a:s r="15">
                  <a:s>&quot;LOINC&quot;</a:s>
               </a:s>
               <a:s> display 'Cardiac Low Dose'</a:s>
            </a:s>
         </annotation>
         <codeSystem localId="15" locator="13:43-13:49" name="LOINC"/>
      </def>
      <def localId="18" locator="14:1-14:84" name="Cardiac Routine Dose" id="LA31756-2" display="Cardiac Routine Dose" accessLevel="Public">
         <annotation xsi:type="a:Annotation">
            <a:s r="18">
               <a:s>code &quot;Cardiac Routine Dose&quot;: 'LA31756-2' from </a:s>
               <a:s r="17">
                  <a:s>&quot;LOINC&quot;</a:s>
               </a:s>
               <a:s> display 'Cardiac Routine Dose'</a:s>
            </a:s>
         </annotation>
         <codeSystem localId="17" locator="14:47-14:53" name="LOINC"/>
      </def>
      <def localId="20" locator="15:1-15:72" name="Chest Low Dose" id="LA31758-8" display="Chest Low Dose" accessLevel="Public">
         <annotation xsi:type="a:Annotation">
            <a:s r="20">
               <a:s>code &quot;Chest Low Dose&quot;: 'LA31758-8' from </a:s>
               <a:s r="19">
                  <a:s>&quot;LOINC&quot;</a:s>
               </a:s>
               <a:s> display 'Chest Low Dose'</a:s>
            </a:s>
         </annotation>
         <codeSystem localId="19" locator="15:41-15:47" name="LOINC"/>
      </def>
      <def localId="22" locator="16:1-16:80" name="Chest Routine Dose" id="LA31759-6" display="Chest Routine Dose" accessLevel="Public">
         <annotation xsi:type="a:Annotation">
            <a:s r="22">
               <a:s>code &quot;Chest Routine Dose&quot;: 'LA31759-6' from </a:s>
               <a:s r="21">
                  <a:s>&quot;LOINC&quot;</a:s>
               </a:s>
               <a:s> display 'Chest Routine Dose'</a:s>
            </a:s>
         </annotation>
         <codeSystem localId="21" locator="16:45-16:51" name="LOINC"/>
      </def>
      <def localId="24" locator="17:1-17:62" name="Extremity" id="LA31765-3" display="Extremity" accessLevel="Public">
         <annotation xsi:type="a:Annotation">
            <a:s r="24">
               <a:s>code &quot;Extremity&quot;: 'LA31765-3' from </a:s>
               <a:s r="23">
                  <a:s>&quot;LOINC&quot;</a:s>
               </a:s>
               <a:s> display 'Extremity'</a:s>
            </a:s>
         </annotation>
         <codeSystem localId="23" locator="17:36-17:42" name="LOINC"/>
      </def>
      <def localId="26" locator="18:1-18:72" name="Head High Dose" id="LA31764-6" display="Head High Dose" accessLevel="Public">
         <annotation xsi:type="a:Annotation">
            <a:s r="26">
               <a:s>code &quot;Head High Dose&quot;: 'LA31764-6' from </a:s>
               <a:s r="25">
                  <a:s>&quot;LOINC&quot;</a:s>
               </a:s>
               <a:s> display 'Head High Dose'</a:s>
            </a:s>
         </annotation>
         <codeSystem localId="25" locator="18:41-18:47" name="LOINC"/>
      </def>
      <def localId="28" locator="19:1-19:70" name="Head Low Dose" id="LA31762-0" display="Head Low Dose" accessLevel="Public">
         <annotation xsi:type="a:Annotation">
            <a:s r="28">
               <a:s>code &quot;Head Low Dose&quot;: 'LA31762-0' from </a:s>
               <a:s r="27">
                  <a:s>&quot;LOINC&quot;</a:s>
               </a:s>
               <a:s> display 'Head Low Dose'</a:s>
            </a:s>
         </annotation>
         <codeSystem localId="27" locator="19:40-19:46" name="LOINC"/>
      </def>
      <def localId="30" locator="20:1-20:78" name="Head Routine Dose" id="LA31763-8" display="Head Routine Dose" accessLevel="Public">
         <annotation xsi:type="a:Annotation">
            <a:s r="30">
               <a:s>code &quot;Head Routine Dose&quot;: 'LA31763-8' from </a:s>
               <a:s r="29">
                  <a:s>&quot;LOINC&quot;</a:s>
               </a:s>
               <a:s> display 'Head Routine Dose'</a:s>
            </a:s>
         </annotation>
         <codeSystem localId="29" locator="20:44-20:50" name="LOINC"/>
      </def>
      <def localId="32" locator="21:1-21:88" name="Neck or Cervical Spine" id="LA31766-1" display="Neck or Cervical Spine" accessLevel="Public">
         <annotation xsi:type="a:Annotation">
            <a:s r="32">
               <a:s>code &quot;Neck or Cervical Spine&quot;: 'LA31766-1' from </a:s>
               <a:s r="31">
                  <a:s>&quot;LOINC&quot;</a:s>
               </a:s>
               <a:s> display 'Neck or Cervical Spine'</a:s>
            </a:s>
         </annotation>
         <codeSystem localId="31" locator="21:49-21:55" name="LOINC"/>
      </def>
      <def localId="34" locator="22:1-22:126" name="Simultaneous Chest and Abdomen and Pelvis" id="LA31768-7" display="Simultaneous Chest and Abdomen and Pelvis" accessLevel="Public">
         <annotation xsi:type="a:Annotation">
            <a:s r="34">
               <a:s>code &quot;Simultaneous Chest and Abdomen and Pelvis&quot;: 'LA31768-7' from </a:s>
               <a:s r="33">
                  <a:s>&quot;LOINC&quot;</a:s>
               </a:s>
               <a:s> display 'Simultaneous Chest and Abdomen and Pelvis'</a:s>
            </a:s>
         </annotation>
         <codeSystem localId="33" locator="22:68-22:74" name="LOINC"/>
      </def>
      <def localId="36" locator="23:1-23:116" name="Simultaneous Head and Neck High Dose" id="LA31770-3" display="Simultaneous Head and Neck High Dose" accessLevel="Public">
         <annotation xsi:type="a:Annotation">
            <a:s r="36">
               <a:s>code &quot;Simultaneous Head and Neck High Dose&quot;: 'LA31770-3' from </a:s>
               <a:s r="35">
                  <a:s>&quot;LOINC&quot;</a:s>
               </a:s>
               <a:s> display 'Simultaneous Head and Neck High Dose'</a:s>
            </a:s>
         </annotation>
         <codeSystem localId="35" locator="23:63-23:69" name="LOINC"/>
      </def>
      <def localId="38" locator="24:1-24:122" name="Simultaneous Head and Neck Routine Dose" id="LA31769-5" display="Simultaneous Head and Neck Routine Dose" accessLevel="Public">
         <annotation xsi:type="a:Annotation">
            <a:s r="38">
               <a:s>code &quot;Simultaneous Head and Neck Routine Dose&quot;: 'LA31769-5' from </a:s>
               <a:s r="37">
                  <a:s>&quot;LOINC&quot;</a:s>
               </a:s>
               <a:s> display 'Simultaneous Head and Neck Routine Dose'</a:s>
            </a:s>
         </annotation>
         <codeSystem localId="37" locator="24:66-24:72" name="LOINC"/>
      </def>
      <def localId="40" locator="25:1-25:120" name="Simultaneous Thoracic and Lumbar Spine" id="LA31851-1" display="Simultaneous Thoracic and Lumbar Spine" accessLevel="Public">
         <annotation xsi:type="a:Annotation">
            <a:s r="40">
               <a:s>code &quot;Simultaneous Thoracic and Lumbar Spine&quot;: 'LA31851-1' from </a:s>
               <a:s r="39">
                  <a:s>&quot;LOINC&quot;</a:s>
               </a:s>
               <a:s> display 'Simultaneous Thoracic and Lumbar Spine'</a:s>
            </a:s>
         </annotation>
         <codeSystem localId="39" locator="25:65-25:71" name="LOINC"/>
      </def>
      <def localId="42" locator="26:1-26:92" name="Thoracic or Lumbar Spine" id="LA31767-9" display="Thoracic or Lumbar Spine" accessLevel="Public">
         <annotation xsi:type="a:Annotation">
            <a:s r="42">
               <a:s>code &quot;Thoracic or Lumbar Spine&quot;: 'LA31767-9' from </a:s>
               <a:s r="41">
                  <a:s>&quot;LOINC&quot;</a:s>
               </a:s>
               <a:s> display 'Thoracic or Lumbar Spine'</a:s>
            </a:s>
         </annotation>
         <codeSystem localId="41" locator="26:51-26:57" name="LOINC"/>
      </def>
   </codes>
   <contexts>
      <def locator="30:1-30:15" name="Patient"/>
   </contexts>
   <statements>
      <def locator="30:1-30:15" name="Patient" context="Patient">
         <expression xsi:type="SingletonFrom">
            <operand locator="30:1-30:15" xmlns:ns0="urn:healthit-gov:qdm:v5_6" dataType="ns0:Patient" templateId="Patient" xsi:type="Retrieve"/>
         </expression>
      </def>
      <def localId="67" locator="32:1-37:3" name="Size Adjusted Value" context="Patient" accessLevel="Public" xsi:type="FunctionDef">
         <annotation xsi:type="a:Annotation">
            <a:s r="67">
               <a:s>define function &quot;Size Adjusted Value&quot;(Study </a:s>
               <a:s r="46">
                  <a:s>&quot;Diagnostic Study, Performed&quot;</a:s>
               </a:s>
               <a:s> ):
  </a:s>
               <a:s r="66">
                  <a:s r="66">
                     <a:s>singleton from </a:s>
                     <a:s r="65">
                        <a:s>( </a:s>
                        <a:s r="65">
                           <a:s>
                              <a:s r="48">
                                 <a:s r="47">
                                    <a:s>
                                       <a:s>Study.components</a:s>
                                    </a:s>
                                 </a:s>
                                 <a:s> C</a:s>
                              </a:s>
                           </a:s>
                           <a:s>
      </a:s>
                           <a:s r="58">
                              <a:s>where </a:s>
                              <a:s r="58">
                                 <a:s r="52">
                                    <a:s r="50">
                                       <a:s r="49">
                                          <a:s>C</a:s>
                                       </a:s>
                                       <a:s>.</a:s>
                                       <a:s r="50">
                                          <a:s>code</a:s>
                                       </a:s>
                                    </a:s>
                                    <a:s> ~ </a:s>
                                    <a:s r="51">
                                       <a:s>&quot;Calculated CT size-adjusted dose&quot;</a:s>
                                    </a:s>
                                 </a:s>
                                 <a:s>
        and </a:s>
                                 <a:s r="57">
                                    <a:s r="55">
                                       <a:s r="54">
                                          <a:s r="53">
                                             <a:s>C</a:s>
                                          </a:s>
                                          <a:s>.</a:s>
                                          <a:s r="54">
                                             <a:s>result</a:s>
                                          </a:s>
                                       </a:s>
                                       <a:s>.</a:s>
                                       <a:s r="55">
                                          <a:s>unit</a:s>
                                       </a:s>
                                    </a:s>
                                    <a:s> = </a:s>
                                    <a:s r="56">
                                       <a:s>'mGy.cm'</a:s>
                                    </a:s>
                                 </a:s>
                              </a:s>
                           </a:s>
                           <a:s>
      </a:s>
                           <a:s r="64">
                              <a:s>return </a:s>
                              <a:s r="63">
                                 <a:s r="61">
                                    <a:s r="60">
                                       <a:s r="59">
                                          <a:s>C</a:s>
                                       </a:s>
                                       <a:s>.</a:s>
                                       <a:s r="60">
                                          <a:s>result</a:s>
                                       </a:s>
                                    </a:s>
                                    <a:s>.</a:s>
                                    <a:s r="61">
                                       <a:s>value</a:s>
                                    </a:s>
                                 </a:s>
                                 <a:s> as </a:s>
                                 <a:s r="62">
                                    <a:s>Decimal</a:s>
                                 </a:s>
                              </a:s>
                           </a:s>
                        </a:s>
                        <a:s>
  )</a:s>
                     </a:s>
                  </a:s>
               </a:s>
            </a:s>
         </annotation>
         <expression localId="66" locator="33:3-37:3" xsi:type="SingletonFrom">
            <operand localId="65" locator="33:18-37:3" xsi:type="Query">
               <source localId="48" locator="33:20-33:37" alias="C">
                  <expression localId="47" locator="33:20-33:35" path="components" xsi:type="Property">
                     <source name="Study" xsi:type="OperandRef"/>
                  </expression>
               </source>
               <where localId="58" locator="34:7-35:36" xsi:type="And">
                  <operand localId="52" locator="34:13-34:55" xsi:type="Equivalent">
                     <operand localId="50" locator="34:13-34:18" path="code" scope="C" xsi:type="Property"/>
                     <operand localId="51" locator="34:22-34:55" name="Calculated CT size-adjusted dose" xsi:type="CodeRef"/>
                  </operand>
                  <operand localId="57" locator="35:13-35:36" xsi:type="Equal">
                     <operand localId="55" locator="35:13-35:25" path="unit" xsi:type="Property">
                        <source localId="54" locator="35:13-35:20" path="result" scope="C" xsi:type="Property"/>
                     </operand>
                     <operand localId="56" locator="35:29-35:36" valueType="t:String" value="mGy.cm" xsi:type="Literal"/>
                  </operand>
               </where>
               <return localId="64" locator="36:7-36:38">
                  <expression localId="63" locator="36:14-36:38" strict="false" xsi:type="As">
                     <operand localId="61" locator="36:14-36:27" path="value" xsi:type="Property">
                        <source localId="60" locator="36:14-36:21" path="result" scope="C" xsi:type="Property"/>
                     </operand>
                     <asTypeSpecifier localId="62" locator="36:32-36:38" name="t:Decimal" xsi:type="NamedTypeSpecifier"/>
                  </expression>
               </return>
            </operand>
         </expression>
         <operand name="Study">
            <operandTypeSpecifier localId="46" locator="32:45-32:73" xmlns:ns1="urn:healthit-gov:qdm:v5_6" name="ns1:PositiveDiagnosticStudyPerformed" xsi:type="NamedTypeSpecifier"/>
         </operand>
      </def>
      <def localId="89" locator="39:1-44:3" name="Global Noise Value" context="Patient" accessLevel="Public" xsi:type="FunctionDef">
         <annotation xsi:type="a:Annotation">
            <a:s r="89">
               <a:s>define function &quot;Global Noise Value&quot;(Study </a:s>
               <a:s r="68">
                  <a:s>&quot;Diagnostic Study, Performed&quot;</a:s>
               </a:s>
               <a:s> ):
  </a:s>
               <a:s r="88">
                  <a:s r="88">
                     <a:s>singleton from </a:s>
                     <a:s r="87">
                        <a:s>( </a:s>
                        <a:s r="87">
                           <a:s>
                              <a:s r="70">
                                 <a:s r="69">
                                    <a:s>
                                       <a:s>Study.components</a:s>
                                    </a:s>
                                 </a:s>
                                 <a:s> C</a:s>
                              </a:s>
                           </a:s>
                           <a:s>
      </a:s>
                           <a:s r="80">
                              <a:s>where </a:s>
                              <a:s r="80">
                                 <a:s r="74">
                                    <a:s r="72">
                                       <a:s r="71">
                                          <a:s>C</a:s>
                                       </a:s>
                                       <a:s>.</a:s>
                                       <a:s r="72">
                                          <a:s>code</a:s>
                                       </a:s>
                                    </a:s>
                                    <a:s> ~ </a:s>
                                    <a:s r="73">
                                       <a:s>&quot;Calculated CT global noise&quot;</a:s>
                                    </a:s>
                                 </a:s>
                                 <a:s>
        and </a:s>
                                 <a:s r="79">
                                    <a:s r="77">
                                       <a:s r="76">
                                          <a:s r="75">
                                             <a:s>C</a:s>
                                          </a:s>
                                          <a:s>.</a:s>
                                          <a:s r="76">
                                             <a:s>result</a:s>
                                          </a:s>
                                       </a:s>
                                       <a:s>.</a:s>
                                       <a:s r="77">
                                          <a:s>unit</a:s>
                                       </a:s>
                                    </a:s>
                                    <a:s> = </a:s>
                                    <a:s r="78">
                                       <a:s>'[hnsf\'U]'</a:s>
                                    </a:s>
                                 </a:s>
                              </a:s>
                           </a:s>
                           <a:s>
      </a:s>
                           <a:s r="86">
                              <a:s>return </a:s>
                              <a:s r="85">
                                 <a:s r="83">
                                    <a:s r="82">
                                       <a:s r="81">
                                          <a:s>C</a:s>
                                       </a:s>
                                       <a:s>.</a:s>
                                       <a:s r="82">
                                          <a:s>result</a:s>
                                       </a:s>
                                    </a:s>
                                    <a:s>.</a:s>
                                    <a:s r="83">
                                       <a:s>value</a:s>
                                    </a:s>
                                 </a:s>
                                 <a:s> as </a:s>
                                 <a:s r="84">
                                    <a:s>Decimal</a:s>
                                 </a:s>
                              </a:s>
                           </a:s>
                        </a:s>
                        <a:s>
  )</a:s>
                     </a:s>
                  </a:s>
               </a:s>
            </a:s>
         </annotation>
         <expression localId="88" locator="40:3-44:3" xsi:type="SingletonFrom">
            <operand localId="87" locator="40:18-44:3" xsi:type="Query">
               <source localId="70" locator="40:20-40:37" alias="C">
                  <expression localId="69" locator="40:20-40:35" path="components" xsi:type="Property">
                     <source name="Study" xsi:type="OperandRef"/>
                  </expression>
               </source>
               <where localId="80" locator="41:7-42:39" xsi:type="And">
                  <operand localId="74" locator="41:13-41:49" xsi:type="Equivalent">
                     <operand localId="72" locator="41:13-41:18" path="code" scope="C" xsi:type="Property"/>
                     <operand localId="73" locator="41:22-41:49" name="Calculated CT global noise" xsi:type="CodeRef"/>
                  </operand>
                  <operand localId="79" locator="42:13-42:39" xsi:type="Equal">
                     <operand localId="77" locator="42:13-42:25" path="unit" xsi:type="Property">
                        <source localId="76" locator="42:13-42:20" path="result" scope="C" xsi:type="Property"/>
                     </operand>
                     <operand localId="78" locator="42:29-42:39" valueType="t:String" value="[hnsf'U]" xsi:type="Literal"/>
                  </operand>
               </where>
               <return localId="86" locator="43:7-43:38">
                  <expression localId="85" locator="43:14-43:38" strict="false" xsi:type="As">
                     <operand localId="83" locator="43:14-43:27" path="value" xsi:type="Property">
                        <source localId="82" locator="43:14-43:21" path="result" scope="C" xsi:type="Property"/>
                     </operand>
                     <asTypeSpecifier localId="84" locator="43:32-43:38" name="t:Decimal" xsi:type="NamedTypeSpecifier"/>
                  </expression>
               </return>
            </operand>
         </expression>
         <operand name="Study">
            <operandTypeSpecifier localId="68" locator="39:44-39:72" xmlns:ns2="urn:healthit-gov:qdm:v5_6" name="ns2:PositiveDiagnosticStudyPerformed" xsi:type="NamedTypeSpecifier"/>
         </operand>
      </def>
      <def localId="108" locator="46:1-50:5" name="Qualifies" context="Patient" accessLevel="Public" xsi:type="FunctionDef">
         <annotation xsi:type="a:Annotation">
            <a:s r="108">
               <a:s>define function &quot;Qualifies&quot;(Study </a:s>
               <a:s r="90">
                  <a:s>&quot;Diagnostic Study, Performed&quot;</a:s>
               </a:s>
               <a:s>, code </a:s>
               <a:s r="91">
                  <a:s>System.Code</a:s>
               </a:s>
               <a:s>, noiseThreshold </a:s>
               <a:s r="92">
                  <a:s>Decimal</a:s>
               </a:s>
               <a:s>, sizeDoseThreshold </a:s>
               <a:s r="93">
                  <a:s>Decimal</a:s>
               </a:s>
               <a:s> ):
  </a:s>
               <a:s r="107">
                  <a:s r="107">
                     <a:s r="97">
                        <a:s r="95">
                           <a:s r="94">
                              <a:s>Study</a:s>
                           </a:s>
                           <a:s>.</a:s>
                           <a:s r="95">
                              <a:s>result</a:s>
                           </a:s>
                        </a:s>
                        <a:s> ~ </a:s>
                        <a:s r="96">
                           <a:s>code</a:s>
                        </a:s>
                     </a:s>
                     <a:s>
    and </a:s>
                     <a:s r="106">
                        <a:s>( </a:s>
                        <a:s r="106">
                           <a:s r="101">
                              <a:s r="99">
                                 <a:s>&quot;Global Noise Value&quot;(</a:s>
                                 <a:s r="98">
                                    <a:s>Study</a:s>
                                 </a:s>
                                 <a:s>)</a:s>
                              </a:s>
                              <a:s> >= </a:s>
                              <a:s r="100">
                                 <a:s>noiseThreshold</a:s>
                              </a:s>
                           </a:s>
                           <a:s>
        or </a:s>
                           <a:s r="105">
                              <a:s r="103">
                                 <a:s>&quot;Size Adjusted Value&quot;(</a:s>
                                 <a:s r="102">
                                    <a:s>Study</a:s>
                                 </a:s>
                                 <a:s>)</a:s>
                              </a:s>
                              <a:s> >= </a:s>
                              <a:s r="104">
                                 <a:s>sizeDoseThreshold</a:s>
                              </a:s>
                           </a:s>
                        </a:s>
                        <a:s>
    )</a:s>
                     </a:s>
                  </a:s>
               </a:s>
            </a:s>
         </annotation>
         <expression localId="107" locator="47:3-50:5" xsi:type="And">
            <operand localId="97" locator="47:3-47:21" xsi:type="Equivalent">
               <operand asType="t:Code" xsi:type="As">
                  <operand localId="95" locator="47:3-47:14" path="result" xsi:type="Property">
                     <source localId="94" locator="47:3-47:7" name="Study" xsi:type="OperandRef"/>
                  </operand>
               </operand>
               <operand localId="96" locator="47:18-47:21" name="code" xsi:type="OperandRef"/>
            </operand>
            <operand localId="106" locator="48:9-50:5" xsi:type="Or">
               <operand localId="101" locator="48:11-48:55" xsi:type="GreaterOrEqual">
                  <operand localId="99" locator="48:11-48:37" name="Global Noise Value" xsi:type="FunctionRef">
                     <operand localId="98" locator="48:32-48:36" name="Study" xsi:type="OperandRef"/>
                  </operand>
                  <operand localId="100" locator="48:42-48:55" name="noiseThreshold" xsi:type="OperandRef"/>
               </operand>
               <operand localId="105" locator="49:12-49:60" xsi:type="GreaterOrEqual">
                  <operand localId="103" locator="49:12-49:39" name="Size Adjusted Value" xsi:type="FunctionRef">
                     <operand localId="102" locator="49:34-49:38" name="Study" xsi:type="OperandRef"/>
                  </operand>
                  <operand localId="104" locator="49:44-49:60" name="sizeDoseThreshold" xsi:type="OperandRef"/>
               </operand>
            </operand>
         </expression>
         <operand name="Study">
            <operandTypeSpecifier localId="90" locator="46:35-46:63" xmlns:ns3="urn:healthit-gov:qdm:v5_6" name="ns3:PositiveDiagnosticStudyPerformed" xsi:type="NamedTypeSpecifier"/>
         </operand>
         <operand name="code">
            <operandTypeSpecifier localId="91" locator="46:71-46:81" name="t:Code" xsi:type="NamedTypeSpecifier"/>
         </operand>
         <operand name="noiseThreshold">
            <operandTypeSpecifier localId="92" locator="46:99-46:105" name="t:Decimal" xsi:type="NamedTypeSpecifier"/>
         </operand>
         <operand name="sizeDoseThreshold">
            <operandTypeSpecifier localId="93" locator="46:126-46:132" name="t:Decimal" xsi:type="NamedTypeSpecifier"/>
         </operand>
      </def>
      <def localId="217" locator="52:1-70:75" name="CT Scan Qualifies" context="Patient" accessLevel="Public" xsi:type="FunctionDef">
         <annotation xsi:type="a:Annotation">
            <a:s r="217">
               <a:s>define function &quot;CT Scan Qualifies&quot;(Study </a:s>
               <a:s r="109">
                  <a:s>&quot;Diagnostic Study, Performed&quot;</a:s>
               </a:s>
               <a:s> ):
  </a:s>
               <a:s r="216">
                  <a:s r="216">
                     <a:s r="210">
                        <a:s r="204">
                           <a:s r="198">
                              <a:s r="192">
                                 <a:s r="186">
                                    <a:s r="180">
                                       <a:s r="174">
                                          <a:s r="168">
                                             <a:s r="162">
                                                <a:s r="156">
                                                   <a:s r="150">
                                                      <a:s r="144">
                                                         <a:s r="138">
                                                            <a:s r="132">
                                                               <a:s r="126">
                                                                  <a:s r="120">
                                                                     <a:s r="114">
                                                                        <a:s>&quot;Qualifies&quot;(</a:s>
                                                                        <a:s r="110">
                                                                           <a:s>Study</a:s>
                                                                        </a:s>
                                                                        <a:s>, </a:s>
                                                                        <a:s r="111">
                                                                           <a:s>&quot;Abdomen and Pelvis Low Dose&quot;</a:s>
                                                                        </a:s>
                                                                        <a:s r="112">, 64, 598)</a:s>
                                                                     </a:s>
                                                                     <a:s>
    or </a:s>
                                                                     <a:s r="119">
                                                                        <a:s>&quot;Qualifies&quot;(</a:s>
                                                                        <a:s r="115">
                                                                           <a:s>Study</a:s>
                                                                        </a:s>
                                                                        <a:s>, </a:s>
                                                                        <a:s r="116">
                                                                           <a:s>&quot;Abdomen and Pelvis Routine Dose&quot;</a:s>
                                                                        </a:s>
                                                                        <a:s r="117">, 29, 644)</a:s>
                                                                     </a:s>
                                                                  </a:s>
                                                                  <a:s>
    or </a:s>
                                                                  <a:s r="125">
                                                                     <a:s>&quot;Qualifies&quot;(</a:s>
                                                                     <a:s r="121">
                                                                        <a:s>Study</a:s>
                                                                     </a:s>
                                                                     <a:s>, </a:s>
                                                                     <a:s r="122">
                                                                        <a:s>&quot;Abdomen and Pelvis High Dose&quot;</a:s>
                                                                     </a:s>
                                                                     <a:s r="123">, 29, 1260)</a:s>
                                                                  </a:s>
                                                               </a:s>
                                                               <a:s>
    or </a:s>
                                                               <a:s r="131">
                                                                  <a:s>&quot;Qualifies&quot;(</a:s>
                                                                  <a:s r="127">
                                                                     <a:s>Study</a:s>
                                                                  </a:s>
                                                                  <a:s>, </a:s>
                                                                  <a:s r="128">
                                                                     <a:s>&quot;Cardiac Low Dose&quot;</a:s>
                                                                  </a:s>
                                                                  <a:s r="129">, 55, 93)</a:s>
                                                               </a:s>
                                                            </a:s>
                                                            <a:s>
    or </a:s>
                                                            <a:s r="137">
                                                               <a:s>&quot;Qualifies&quot;(</a:s>
                                                               <a:s r="133">
                                                                  <a:s>Study</a:s>
                                                               </a:s>
                                                               <a:s>, </a:s>
                                                               <a:s r="134">
                                                                  <a:s>&quot;Cardiac Routine Dose&quot;</a:s>
                                                               </a:s>
                                                               <a:s r="135">, 32, 576)</a:s>
                                                            </a:s>
                                                         </a:s>
                                                         <a:s>
    or </a:s>
                                                         <a:s r="143">
                                                            <a:s>&quot;Qualifies&quot;(</a:s>
                                                            <a:s r="139">
                                                               <a:s>Study</a:s>
                                                            </a:s>
                                                            <a:s>, </a:s>
                                                            <a:s r="140">
                                                               <a:s>&quot;Chest Low Dose&quot;</a:s>
                                                            </a:s>
                                                            <a:s r="141">, 55, 377)</a:s>
                                                         </a:s>
                                                      </a:s>
                                                      <a:s>
    or </a:s>
                                                      <a:s r="149">
                                                         <a:s>&quot;Qualifies&quot;(</a:s>
                                                         <a:s r="145">
                                                            <a:s>Study</a:s>
                                                         </a:s>
                                                         <a:s>, </a:s>
                                                         <a:s r="146">
                                                            <a:s>&quot;Chest Routine Dose&quot;</a:s>
                                                         </a:s>
                                                         <a:s r="147">, 49, 377)</a:s>
                                                      </a:s>
                                                   </a:s>
                                                   <a:s>
    or </a:s>
                                                   <a:s r="155">
                                                      <a:s>&quot;Qualifies&quot;(</a:s>
                                                      <a:s r="151">
                                                         <a:s>Study</a:s>
                                                      </a:s>
                                                      <a:s>, </a:s>
                                                      <a:s r="152">
                                                         <a:s>&quot;Cardiac High Dose or Chest High Dose&quot;</a:s>
                                                      </a:s>
                                                      <a:s r="153">, 49, 1282)</a:s>
                                                   </a:s>
                                                </a:s>
                                                <a:s>
    or </a:s>
                                                <a:s r="161">
                                                   <a:s>&quot;Qualifies&quot;(</a:s>
                                                   <a:s r="157">
                                                      <a:s>Study</a:s>
                                                   </a:s>
                                                   <a:s>, </a:s>
                                                   <a:s r="158">
                                                      <a:s>&quot;Head Low Dose&quot;</a:s>
                                                   </a:s>
                                                   <a:s r="159">, 115, 582)</a:s>
                                                </a:s>
                                             </a:s>
                                             <a:s>
    or </a:s>
                                             <a:s r="167">
                                                <a:s>&quot;Qualifies&quot;(</a:s>
                                                <a:s r="163">
                                                   <a:s>Study</a:s>
                                                </a:s>
                                                <a:s>, </a:s>
                                                <a:s r="164">
                                                   <a:s>&quot;Head Routine Dose&quot;</a:s>
                                                </a:s>
                                                <a:s r="165">, 115, 1025)</a:s>
                                             </a:s>
                                          </a:s>
                                          <a:s>
    or </a:s>
                                          <a:s r="173">
                                             <a:s>&quot;Qualifies&quot;(</a:s>
                                             <a:s r="169">
                                                <a:s>Study</a:s>
                                             </a:s>
                                             <a:s>, </a:s>
                                             <a:s r="170">
                                                <a:s>&quot;Head High Dose&quot;</a:s>
                                             </a:s>
                                             <a:s r="171">, 115, 1832)</a:s>
                                          </a:s>
                                       </a:s>
                                       <a:s>
    or </a:s>
                                       <a:s r="179">
                                          <a:s>&quot;Qualifies&quot;(</a:s>
                                          <a:s r="175">
                                             <a:s>Study</a:s>
                                          </a:s>
                                          <a:s>, </a:s>
                                          <a:s r="176">
                                             <a:s>&quot;Extremity&quot;</a:s>
                                          </a:s>
                                          <a:s r="177">, 73, 320)</a:s>
                                       </a:s>
                                    </a:s>
                                    <a:s>
    or </a:s>
                                    <a:s r="185">
                                       <a:s>&quot;Qualifies&quot;(</a:s>
                                       <a:s r="181">
                                          <a:s>Study</a:s>
                                       </a:s>
                                       <a:s>, </a:s>
                                       <a:s r="182">
                                          <a:s>&quot;Neck or Cervical Spine&quot;</a:s>
                                       </a:s>
                                       <a:s r="183">, 25, 1260)</a:s>
                                    </a:s>
                                 </a:s>
                                 <a:s>
    or </a:s>
                                 <a:s r="191">
                                    <a:s>&quot;Qualifies&quot;(</a:s>
                                    <a:s r="187">
                                       <a:s>Study</a:s>
                                    </a:s>
                                    <a:s>, </a:s>
                                    <a:s r="188">
                                       <a:s>&quot;Thoracic or Lumbar Spine&quot;</a:s>
                                    </a:s>
                                    <a:s r="189">, 25, 1260)</a:s>
                                 </a:s>
                              </a:s>
                              <a:s>
    or </a:s>
                              <a:s r="197">
                                 <a:s>&quot;Qualifies&quot;(</a:s>
                                 <a:s r="193">
                                    <a:s>Study</a:s>
                                 </a:s>
                                 <a:s>, </a:s>
                                 <a:s r="194">
                                    <a:s>&quot;Simultaneous Chest and Abdomen and Pelvis&quot;</a:s>
                                 </a:s>
                                 <a:s r="195">, 29, 1637)</a:s>
                              </a:s>
                           </a:s>
                           <a:s>
    or </a:s>
                           <a:s r="203">
                              <a:s>&quot;Qualifies&quot;(</a:s>
                              <a:s r="199">
                                 <a:s>Study</a:s>
                              </a:s>
                              <a:s>, </a:s>
                              <a:s r="200">
                                 <a:s>&quot;Simultaneous Thoracic and Lumbar Spine&quot;</a:s>
                              </a:s>
                              <a:s r="201">, 25, 2520)</a:s>
                           </a:s>
                        </a:s>
                        <a:s>
    or </a:s>
                        <a:s r="209">
                           <a:s>&quot;Qualifies&quot;(</a:s>
                           <a:s r="205">
                              <a:s>Study</a:s>
                           </a:s>
                           <a:s>, </a:s>
                           <a:s r="206">
                              <a:s>&quot;Simultaneous Head and Neck Routine Dose&quot;</a:s>
                           </a:s>
                           <a:s r="207">, 25, 2285)</a:s>
                        </a:s>
                     </a:s>
                     <a:s>
    or </a:s>
                     <a:s r="215">
                        <a:s>&quot;Qualifies&quot;(</a:s>
                        <a:s r="211">
                           <a:s>Study</a:s>
                        </a:s>
                        <a:s>, </a:s>
                        <a:s r="212">
                           <a:s>&quot;Simultaneous Head and Neck High Dose&quot;</a:s>
                        </a:s>
                        <a:s r="213">, 25, 3092)</a:s>
                     </a:s>
                  </a:s>
               </a:s>
            </a:s>
         </annotation>
         <expression localId="216" locator="53:3-70:75" xsi:type="Or">
            <operand localId="210" locator="53:3-69:78" xsi:type="Or">
               <operand localId="204" locator="53:3-68:77" xsi:type="Or">
                  <operand localId="198" locator="53:3-67:80" xsi:type="Or">
                     <operand localId="192" locator="53:3-66:63" xsi:type="Or">
                        <operand localId="186" locator="53:3-65:61" xsi:type="Or">
                           <operand localId="180" locator="53:3-64:47" xsi:type="Or">
                              <operand localId="174" locator="53:3-63:54" xsi:type="Or">
                                 <operand localId="168" locator="53:3-62:57" xsi:type="Or">
                                    <operand localId="162" locator="53:3-61:52" xsi:type="Or">
                                       <operand localId="156" locator="53:3-60:75" xsi:type="Or">
                                          <operand localId="150" locator="53:3-59:56" xsi:type="Or">
                                             <operand localId="144" locator="53:3-58:52" xsi:type="Or">
                                                <operand localId="138" locator="53:3-57:58" xsi:type="Or">
                                                   <operand localId="132" locator="53:3-56:53" xsi:type="Or">
                                                      <operand localId="126" locator="53:3-55:67" xsi:type="Or">
                                                         <operand localId="120" locator="53:3-54:69" xsi:type="Or">
                                                            <operand localId="114" locator="53:3-53:60" name="Qualifies" xsi:type="FunctionRef">
                                                               <operand localId="110" locator="53:15-53:19" name="Study" xsi:type="OperandRef"/>
                                                               <operand localId="111" locator="53:22-53:50" name="Abdomen and Pelvis Low Dose" xsi:type="CodeRef"/>
                                                               <operand xsi:type="ToDecimal">
                                                                  <operand localId="112" locator="53:53-53:54" valueType="t:Integer" value="64" xsi:type="Literal"/>
                                                               </operand>
                                                               <operand xsi:type="ToDecimal">
                                                                  <operand localId="113" locator="53:57-53:59" valueType="t:Integer" value="598" xsi:type="Literal"/>
                                                               </operand>
                                                            </operand>
                                                            <operand localId="119" locator="54:8-54:69" name="Qualifies" xsi:type="FunctionRef">
                                                               <operand localId="115" locator="54:20-54:24" name="Study" xsi:type="OperandRef"/>
                                                               <operand localId="116" locator="54:27-54:59" name="Abdomen and Pelvis Routine Dose" xsi:type="CodeRef"/>
                                                               <operand xsi:type="ToDecimal">
                                                                  <operand localId="117" locator="54:62-54:63" valueType="t:Integer" value="29" xsi:type="Literal"/>
                                                               </operand>
                                                               <operand xsi:type="ToDecimal">
                                                                  <operand localId="118" locator="54:66-54:68" valueType="t:Integer" value="644" xsi:type="Literal"/>
                                                               </operand>
                                                            </operand>
                                                         </operand>
                                                         <operand localId="125" locator="55:8-55:67" name="Qualifies" xsi:type="FunctionRef">
                                                            <operand localId="121" locator="55:20-55:24" name="Study" xsi:type="OperandRef"/>
                                                            <operand localId="122" locator="55:27-55:56" name="Abdomen and Pelvis High Dose" xsi:type="CodeRef"/>
                                                            <operand xsi:type="ToDecimal">
                                                               <operand localId="123" locator="55:59-55:60" valueType="t:Integer" value="29" xsi:type="Literal"/>
                                                            </operand>
                                                            <operand xsi:type="ToDecimal">
                                                               <operand localId="124" locator="55:63-55:66" valueType="t:Integer" value="1260" xsi:type="Literal"/>
                                                            </operand>
                                                         </operand>
                                                      </operand>
                                                      <operand localId="131" locator="56:8-56:53" name="Qualifies" xsi:type="FunctionRef">
                                                         <operand localId="127" locator="56:20-56:24" name="Study" xsi:type="OperandRef"/>
                                                         <operand localId="128" locator="56:27-56:44" name="Cardiac Low Dose" xsi:type="CodeRef"/>
                                                         <operand xsi:type="ToDecimal">
                                                            <operand localId="129" locator="56:47-56:48" valueType="t:Integer" value="55" xsi:type="Literal"/>
                                                         </operand>
                                                         <operand xsi:type="ToDecimal">
                                                            <operand localId="130" locator="56:51-56:52" valueType="t:Integer" value="93" xsi:type="Literal"/>
                                                         </operand>
                                                      </operand>
                                                   </operand>
                                                   <operand localId="137" locator="57:8-57:58" name="Qualifies" xsi:type="FunctionRef">
                                                      <operand localId="133" locator="57:20-57:24" name="Study" xsi:type="OperandRef"/>
                                                      <operand localId="134" locator="57:27-57:48" name="Cardiac Routine Dose" xsi:type="CodeRef"/>
                                                      <operand xsi:type="ToDecimal">
                                                         <operand localId="135" locator="57:51-57:52" valueType="t:Integer" value="32" xsi:type="Literal"/>
                                                      </operand>
                                                      <operand xsi:type="ToDecimal">
                                                         <operand localId="136" locator="57:55-57:57" valueType="t:Integer" value="576" xsi:type="Literal"/>
                                                      </operand>
                                                   </operand>
                                                </operand>
                                                <operand localId="143" locator="58:8-58:52" name="Qualifies" xsi:type="FunctionRef">
                                                   <operand localId="139" locator="58:20-58:24" name="Study" xsi:type="OperandRef"/>
                                                   <operand localId="140" locator="58:27-58:42" name="Chest Low Dose" xsi:type="CodeRef"/>
                                                   <operand xsi:type="ToDecimal">
                                                      <operand localId="141" locator="58:45-58:46" valueType="t:Integer" value="55" xsi:type="Literal"/>
                                                   </operand>
                                                   <operand xsi:type="ToDecimal">
                                                      <operand localId="142" locator="58:49-58:51" valueType="t:Integer" value="377" xsi:type="Literal"/>
                                                   </operand>
                                                </operand>
                                             </operand>
                                             <operand localId="149" locator="59:8-59:56" name="Qualifies" xsi:type="FunctionRef">
                                                <operand localId="145" locator="59:20-59:24" name="Study" xsi:type="OperandRef"/>
                                                <operand localId="146" locator="59:27-59:46" name="Chest Routine Dose" xsi:type="CodeRef"/>
                                                <operand xsi:type="ToDecimal">
                                                   <operand localId="147" locator="59:49-59:50" valueType="t:Integer" value="49" xsi:type="Literal"/>
                                                </operand>
                                                <operand xsi:type="ToDecimal">
                                                   <operand localId="148" locator="59:53-59:55" valueType="t:Integer" value="377" xsi:type="Literal"/>
                                                </operand>
                                             </operand>
                                          </operand>
                                          <operand localId="155" locator="60:8-60:75" name="Qualifies" xsi:type="FunctionRef">
                                             <operand localId="151" locator="60:20-60:24" name="Study" xsi:type="OperandRef"/>
                                             <operand localId="152" locator="60:27-60:64" name="Cardiac High Dose or Chest High Dose" xsi:type="CodeRef"/>
                                             <operand xsi:type="ToDecimal">
                                                <operand localId="153" locator="60:67-60:68" valueType="t:Integer" value="49" xsi:type="Literal"/>
                                             </operand>
                                             <operand xsi:type="ToDecimal">
                                                <operand localId="154" locator="60:71-60:74" valueType="t:Integer" value="1282" xsi:type="Literal"/>
                                             </operand>
                                          </operand>
                                       </operand>
                                       <operand localId="161" locator="61:8-61:52" name="Qualifies" xsi:type="FunctionRef">
                                          <operand localId="157" locator="61:20-61:24" name="Study" xsi:type="OperandRef"/>
                                          <operand localId="158" locator="61:27-61:41" name="Head Low Dose" xsi:type="CodeRef"/>
                                          <operand xsi:type="ToDecimal">
                                             <operand localId="159" locator="61:44-61:46" valueType="t:Integer" value="115" xsi:type="Literal"/>
                                          </operand>
                                          <operand xsi:type="ToDecimal">
                                             <operand localId="160" locator="61:49-61:51" valueType="t:Integer" value="582" xsi:type="Literal"/>
                                          </operand>
                                       </operand>
                                    </operand>
                                    <operand localId="167" locator="62:8-62:57" name="Qualifies" xsi:type="FunctionRef">
                                       <operand localId="163" locator="62:20-62:24" name="Study" xsi:type="OperandRef"/>
                                       <operand localId="164" locator="62:27-62:45" name="Head Routine Dose" xsi:type="CodeRef"/>
                                       <operand xsi:type="ToDecimal">
                                          <operand localId="165" locator="62:48-62:50" valueType="t:Integer" value="115" xsi:type="Literal"/>
                                       </operand>
                                       <operand xsi:type="ToDecimal">
                                          <operand localId="166" locator="62:53-62:56" valueType="t:Integer" value="1025" xsi:type="Literal"/>
                                       </operand>
                                    </operand>
                                 </operand>
                                 <operand localId="173" locator="63:8-63:54" name="Qualifies" xsi:type="FunctionRef">
                                    <operand localId="169" locator="63:20-63:24" name="Study" xsi:type="OperandRef"/>
                                    <operand localId="170" locator="63:27-63:42" name="Head High Dose" xsi:type="CodeRef"/>
                                    <operand xsi:type="ToDecimal">
                                       <operand localId="171" locator="63:45-63:47" valueType="t:Integer" value="115" xsi:type="Literal"/>
                                    </operand>
                                    <operand xsi:type="ToDecimal">
                                       <operand localId="172" locator="63:50-63:53" valueType="t:Integer" value="1832" xsi:type="Literal"/>
                                    </operand>
                                 </operand>
                              </operand>
                              <operand localId="179" locator="64:8-64:47" name="Qualifies" xsi:type="FunctionRef">
                                 <operand localId="175" locator="64:20-64:24" name="Study" xsi:type="OperandRef"/>
                                 <operand localId="176" locator="64:27-64:37" name="Extremity" xsi:type="CodeRef"/>
                                 <operand xsi:type="ToDecimal">
                                    <operand localId="177" locator="64:40-64:41" valueType="t:Integer" value="73" xsi:type="Literal"/>
                                 </operand>
                                 <operand xsi:type="ToDecimal">
                                    <operand localId="178" locator="64:44-64:46" valueType="t:Integer" value="320" xsi:type="Literal"/>
                                 </operand>
                              </operand>
                           </operand>
                           <operand localId="185" locator="65:8-65:61" name="Qualifies" xsi:type="FunctionRef">
                              <operand localId="181" locator="65:20-65:24" name="Study" xsi:type="OperandRef"/>
                              <operand localId="182" locator="65:27-65:50" name="Neck or Cervical Spine" xsi:type="CodeRef"/>
                              <operand xsi:type="ToDecimal">
                                 <operand localId="183" locator="65:53-65:54" valueType="t:Integer" value="25" xsi:type="Literal"/>
                              </operand>
                              <operand xsi:type="ToDecimal">
                                 <operand localId="184" locator="65:57-65:60" valueType="t:Integer" value="1260" xsi:type="Literal"/>
                              </operand>
                           </operand>
                        </operand>
                        <operand localId="191" locator="66:8-66:63" name="Qualifies" xsi:type="FunctionRef">
                           <operand localId="187" locator="66:20-66:24" name="Study" xsi:type="OperandRef"/>
                           <operand localId="188" locator="66:27-66:52" name="Thoracic or Lumbar Spine" xsi:type="CodeRef"/>
                           <operand xsi:type="ToDecimal">
                              <operand localId="189" locator="66:55-66:56" valueType="t:Integer" value="25" xsi:type="Literal"/>
                           </operand>
                           <operand xsi:type="ToDecimal">
                              <operand localId="190" locator="66:59-66:62" valueType="t:Integer" value="1260" xsi:type="Literal"/>
                           </operand>
                        </operand>
                     </operand>
                     <operand localId="197" locator="67:8-67:80" name="Qualifies" xsi:type="FunctionRef">
                        <operand localId="193" locator="67:20-67:24" name="Study" xsi:type="OperandRef"/>
                        <operand localId="194" locator="67:27-67:69" name="Simultaneous Chest and Abdomen and Pelvis" xsi:type="CodeRef"/>
                        <operand xsi:type="ToDecimal">
                           <operand localId="195" locator="67:72-67:73" valueType="t:Integer" value="29" xsi:type="Literal"/>
                        </operand>
                        <operand xsi:type="ToDecimal">
                           <operand localId="196" locator="67:76-67:79" valueType="t:Integer" value="1637" xsi:type="Literal"/>
                        </operand>
                     </operand>
                  </operand>
                  <operand localId="203" locator="68:8-68:77" name="Qualifies" xsi:type="FunctionRef">
                     <operand localId="199" locator="68:20-68:24" name="Study" xsi:type="OperandRef"/>
                     <operand localId="200" locator="68:27-68:66" name="Simultaneous Thoracic and Lumbar Spine" xsi:type="CodeRef"/>
                     <operand xsi:type="ToDecimal">
                        <operand localId="201" locator="68:69-68:70" valueType="t:Integer" value="25" xsi:type="Literal"/>
                     </operand>
                     <operand xsi:type="ToDecimal">
                        <operand localId="202" locator="68:73-68:76" valueType="t:Integer" value="2520" xsi:type="Literal"/>
                     </operand>
                  </operand>
               </operand>
               <operand localId="209" locator="69:8-69:78" name="Qualifies" xsi:type="FunctionRef">
                  <operand localId="205" locator="69:20-69:24" name="Study" xsi:type="OperandRef"/>
                  <operand localId="206" locator="69:27-69:67" name="Simultaneous Head and Neck Routine Dose" xsi:type="CodeRef"/>
                  <operand xsi:type="ToDecimal">
                     <operand localId="207" locator="69:70-69:71" valueType="t:Integer" value="25" xsi:type="Literal"/>
                  </operand>
                  <operand xsi:type="ToDecimal">
                     <operand localId="208" locator="69:74-69:77" valueType="t:Integer" value="2285" xsi:type="Literal"/>
                  </operand>
               </operand>
            </operand>
            <operand localId="215" locator="70:8-70:75" name="Qualifies" xsi:type="FunctionRef">
               <operand localId="211" locator="70:20-70:24" name="Study" xsi:type="OperandRef"/>
               <operand localId="212" locator="70:27-70:64" name="Simultaneous Head and Neck High Dose" xsi:type="CodeRef"/>
               <operand xsi:type="ToDecimal">
                  <operand localId="213" locator="70:67-70:68" valueType="t:Integer" value="25" xsi:type="Literal"/>
               </operand>
               <operand xsi:type="ToDecimal">
                  <operand localId="214" locator="70:71-70:74" valueType="t:Integer" value="3092" xsi:type="Literal"/>
               </operand>
            </operand>
         </expression>
         <operand name="Study">
            <operandTypeSpecifier localId="109" locator="52:43-52:71" xmlns:ns4="urn:healthit-gov:qdm:v5_6" name="ns4:PositiveDiagnosticStudyPerformed" xsi:type="NamedTypeSpecifier"/>
         </operand>
      </def>
   </statements>
</library>
