{
   "library" : {
      "annotation" : [ {
         "translatorOptions" : "EnableAnnotations,EnableLocators,DisableListDemotion,DisableListPromotion,DisableMethodInvocation",
         "type" : "CqlToElmInfo"
      }, {
         "type" : "Annotation",
         "s" : {
            "r" : "94",
            "s" : [ {
               "value" : [ "","library AlaraCTOQR version '2.0.000'" ]
            } ]
         }
      } ],
      "identifier" : {
         "id" : "AlaraCTOQR",
         "version" : "2.0.000"
      },
      "schemaIdentifier" : {
         "id" : "urn:hl7-org:elm",
         "version" : "r1"
      },
      "usings" : {
         "def" : [ {
            "localIdentifier" : "System",
            "uri" : "urn:hl7-org:elm-types:r1"
         }, {
            "localId" : "1",
            "locator" : "3:1-3:23",
            "localIdentifier" : "QDM",
            "uri" : "urn:healthit-gov:qdm:v5_6",
            "version" : "5.6",
            "annotation" : [ {
               "type" : "Annotation",
               "s" : {
                  "r" : "1",
                  "s" : [ {
                     "value" : [ "","using " ]
                  }, {
                     "s" : [ {
                        "value" : [ "QDM" ]
                     } ]
                  }, {
                     "value" : [ " version ","'5.6'" ]
                  } ]
               }
            } ]
         } ]
      },
      "includes" : {
         "def" : [ {
            "localId" : "2",
            "locator" : "5:1-5:67",
            "localIdentifier" : "Global",
            "path" : "MATGlobalCommonFunctionsQDM",
            "version" : "8.0.000",
            "annotation" : [ {
               "type" : "Annotation",
               "s" : {
                  "r" : "2",
                  "s" : [ {
                     "value" : [ "","include " ]
                  }, {
                     "s" : [ {
                        "value" : [ "MATGlobalCommonFunctionsQDM" ]
                     } ]
                  }, {
                     "value" : [ " version ","'8.0.000'"," called ","Global" ]
                  } ]
               }
            } ]
         }, {
            "localId" : "3",
            "locator" : "6:1-6:65",
            "localIdentifier" : "AlaraCommon",
            "path" : "AlaraCommonFunctions",
            "version" : "1.4.000",
            "annotation" : [ {
               "type" : "Annotation",
               "s" : {
                  "r" : "3",
                  "s" : [ {
                     "value" : [ "","include " ]
                  }, {
                     "s" : [ {
                        "value" : [ "AlaraCommonFunctions" ]
                     } ]
                  }, {
                     "value" : [ " version ","'1.4.000'"," called ","AlaraCommon" ]
                  } ]
               }
            } ]
         } ]
      },
      "parameters" : {
         "def" : [ {
            "localId" : "16",
            "locator" : "19:1-19:49",
            "name" : "Measurement Period",
            "accessLevel" : "Public",
            "annotation" : [ {
               "type" : "Annotation",
               "s" : {
                  "r" : "16",
                  "s" : [ {
                     "value" : [ "","parameter ","\"Measurement Period\""," " ]
                  }, {
                     "r" : "15",
                     "s" : [ {
                        "value" : [ "Interval<" ]
                     }, {
                        "r" : "14",
                        "s" : [ {
                           "value" : [ "DateTime" ]
                        } ]
                     }, {
                        "value" : [ ">" ]
                     } ]
                  } ]
               }
            } ],
            "parameterTypeSpecifier" : {
               "localId" : "15",
               "locator" : "19:32-19:49",
               "type" : "IntervalTypeSpecifier",
               "pointType" : {
                  "localId" : "14",
                  "locator" : "19:41-19:48",
                  "name" : "{urn:hl7-org:elm-types:r1}DateTime",
                  "type" : "NamedTypeSpecifier"
               }
            }
         } ]
      },
      "codeSystems" : {
         "def" : [ {
            "localId" : "4",
            "locator" : "8:1-8:51",
            "name" : "LOINC",
            "id" : "urn:oid:2.16.840.1.113883.6.1",
            "accessLevel" : "Public",
            "annotation" : [ {
               "type" : "Annotation",
               "s" : {
                  "r" : "4",
                  "s" : [ {
                     "value" : [ "","codesystem ","\"LOINC\"",": ","'urn:oid:2.16.840.1.113883.6.1'" ]
                  } ]
               }
            } ]
         } ]
      },
      "valueSets" : {
         "def" : [ {
            "localId" : "5",
            "locator" : "10:1-10:71",
            "name" : "Encounter Inpatient",
            "id" : "urn:oid:2.16.840.1.113883.3.666.5.307",
            "accessLevel" : "Public",
            "annotation" : [ {
               "type" : "Annotation",
               "s" : {
                  "r" : "5",
                  "s" : [ {
                     "value" : [ "","valueset ","\"Encounter Inpatient\"",": ","'urn:oid:2.16.840.1.113883.3.666.5.307'" ]
                  } ]
               }
            } ]
         }, {
            "localId" : "6",
            "locator" : "11:1-11:58",
            "name" : "Ethnicity",
            "id" : "urn:oid:2.16.840.1.114222.4.11.837",
            "accessLevel" : "Public",
            "annotation" : [ {
               "type" : "Annotation",
               "s" : {
                  "r" : "6",
                  "s" : [ {
                     "value" : [ "","valueset ","\"Ethnicity\"",": ","'urn:oid:2.16.840.1.114222.4.11.837'" ]
                  } ]
               }
            } ]
         }, {
            "localId" : "7",
            "locator" : "12:1-12:68",
            "name" : "ONC Administrative Sex",
            "id" : "urn:oid:2.16.840.1.113762.1.4.1",
            "accessLevel" : "Public",
            "annotation" : [ {
               "type" : "Annotation",
               "s" : {
                  "r" : "7",
                  "s" : [ {
                     "value" : [ "","valueset ","\"ONC Administrative Sex\"",": ","'urn:oid:2.16.840.1.113762.1.4.1'" ]
                  } ]
               }
            } ]
         }, {
            "localId" : "8",
            "locator" : "13:1-13:60",
            "name" : "Payer Type",
            "id" : "urn:oid:2.16.840.1.114222.4.11.3591",
            "accessLevel" : "Public",
            "annotation" : [ {
               "type" : "Annotation",
               "s" : {
                  "r" : "8",
                  "s" : [ {
                     "value" : [ "","valueset ","\"Payer Type\"",": ","'urn:oid:2.16.840.1.114222.4.11.3591'" ]
                  } ]
               }
            } ]
         }, {
            "localId" : "9",
            "locator" : "14:1-14:53",
            "name" : "Race",
            "id" : "urn:oid:2.16.840.1.114222.4.11.836",
            "accessLevel" : "Public",
            "annotation" : [ {
               "type" : "Annotation",
               "s" : {
                  "r" : "9",
                  "s" : [ {
                     "value" : [ "","valueset ","\"Race\"",": ","'urn:oid:2.16.840.1.114222.4.11.836'" ]
                  } ]
               }
            } ]
         } ]
      },
      "codes" : {
         "def" : [ {
            "localId" : "11",
            "locator" : "16:1-16:110",
            "name" : "CT dose and image quality category",
            "id" : "96914-7",
            "display" : "CT dose and image quality category",
            "accessLevel" : "Public",
            "annotation" : [ {
               "type" : "Annotation",
               "s" : {
                  "r" : "11",
                  "s" : [ {
                     "value" : [ "","code ","\"CT dose and image quality category\"",": ","'96914-7'"," from " ]
                  }, {
                     "r" : "10",
                     "s" : [ {
                        "value" : [ "\"LOINC\"" ]
                     } ]
                  }, {
                     "value" : [ " display ","'CT dose and image quality category'" ]
                  } ]
               }
            } ],
            "codeSystem" : {
               "localId" : "10",
               "locator" : "16:59-16:65",
               "name" : "LOINC"
            }
         }, {
            "localId" : "13",
            "locator" : "17:1-17:62",
            "name" : "Full Body",
            "id" : "LA31771-1",
            "display" : "Full Body",
            "accessLevel" : "Public",
            "annotation" : [ {
               "type" : "Annotation",
               "s" : {
                  "r" : "13",
                  "s" : [ {
                     "value" : [ "","code ","\"Full Body\"",": ","'LA31771-1'"," from " ]
                  }, {
                     "r" : "12",
                     "s" : [ {
                        "value" : [ "\"LOINC\"" ]
                     } ]
                  }, {
                     "value" : [ " display ","'Full Body'" ]
                  } ]
               }
            } ],
            "codeSystem" : {
               "localId" : "12",
               "locator" : "17:36-17:42",
               "name" : "LOINC"
            }
         } ]
      },
      "contexts" : {
         "def" : [ {
            "locator" : "21:1-21:15",
            "name" : "Patient"
         } ]
      },
      "statements" : {
         "def" : [ {
            "locator" : "21:1-21:15",
            "name" : "Patient",
            "context" : "Patient",
            "expression" : {
               "type" : "SingletonFrom",
               "operand" : {
                  "locator" : "21:1-21:15",
                  "dataType" : "{urn:healthit-gov:qdm:v5_6}Patient",
                  "templateId" : "Patient",
                  "type" : "Retrieve"
               }
            }
         }, {
            "localId" : "18",
            "locator" : "23:1-24:51",
            "name" : "SDE Ethnicity",
            "context" : "Patient",
            "accessLevel" : "Public",
            "annotation" : [ {
               "type" : "Annotation",
               "s" : {
                  "r" : "18",
                  "s" : [ {
                     "value" : [ "","define ","\"SDE Ethnicity\"",":\n  " ]
                  }, {
                     "r" : "17",
                     "s" : [ {
                        "value" : [ "[","\"Patient Characteristic Ethnicity\"",": " ]
                     }, {
                        "s" : [ {
                           "value" : [ "\"Ethnicity\"" ]
                        } ]
                     }, {
                        "value" : [ "]" ]
                     } ]
                  } ]
               }
            } ],
            "expression" : {
               "localId" : "17",
               "locator" : "24:3-24:51",
               "dataType" : "{urn:healthit-gov:qdm:v5_6}PatientCharacteristicEthnicity",
               "codeProperty" : "code",
               "codeComparator" : "in",
               "type" : "Retrieve",
               "codes" : {
                  "locator" : "24:40-24:50",
                  "name" : "Ethnicity",
                  "preserve" : true,
                  "type" : "ValueSetRef"
               }
            }
         }, {
            "localId" : "20",
            "locator" : "26:1-27:41",
            "name" : "SDE Race",
            "context" : "Patient",
            "accessLevel" : "Public",
            "annotation" : [ {
               "type" : "Annotation",
               "s" : {
                  "r" : "20",
                  "s" : [ {
                     "value" : [ "","define ","\"SDE Race\"",":\n  " ]
                  }, {
                     "r" : "19",
                     "s" : [ {
                        "value" : [ "[","\"Patient Characteristic Race\"",": " ]
                     }, {
                        "s" : [ {
                           "value" : [ "\"Race\"" ]
                        } ]
                     }, {
                        "value" : [ "]" ]
                     } ]
                  } ]
               }
            } ],
            "expression" : {
               "localId" : "19",
               "locator" : "27:3-27:41",
               "dataType" : "{urn:healthit-gov:qdm:v5_6}PatientCharacteristicRace",
               "codeProperty" : "code",
               "codeComparator" : "in",
               "type" : "Retrieve",
               "codes" : {
                  "locator" : "27:35-27:40",
                  "name" : "Race",
                  "preserve" : true,
                  "type" : "ValueSetRef"
               }
            }
         }, {
            "localId" : "22",
            "locator" : "29:1-30:58",
            "name" : "SDE Sex",
            "context" : "Patient",
            "accessLevel" : "Public",
            "annotation" : [ {
               "type" : "Annotation",
               "s" : {
                  "r" : "22",
                  "s" : [ {
                     "value" : [ "","define ","\"SDE Sex\"",":\n  " ]
                  }, {
                     "r" : "21",
                     "s" : [ {
                        "value" : [ "[","\"Patient Characteristic Sex\"",": " ]
                     }, {
                        "s" : [ {
                           "value" : [ "\"ONC Administrative Sex\"" ]
                        } ]
                     }, {
                        "value" : [ "]" ]
                     } ]
                  } ]
               }
            } ],
            "expression" : {
               "localId" : "21",
               "locator" : "30:3-30:58",
               "dataType" : "{urn:healthit-gov:qdm:v5_6}PatientCharacteristicSex",
               "codeProperty" : "code",
               "codeComparator" : "in",
               "type" : "Retrieve",
               "codes" : {
                  "locator" : "30:34-30:57",
                  "name" : "ONC Administrative Sex",
                  "preserve" : true,
                  "type" : "ValueSetRef"
               }
            }
         }, {
            "localId" : "24",
            "locator" : "32:1-33:48",
            "name" : "SDE Payer",
            "context" : "Patient",
            "accessLevel" : "Public",
            "annotation" : [ {
               "type" : "Annotation",
               "s" : {
                  "r" : "24",
                  "s" : [ {
                     "value" : [ "","define ","\"SDE Payer\"",":\n  " ]
                  }, {
                     "r" : "23",
                     "s" : [ {
                        "value" : [ "[","\"Patient Characteristic Payer\"",": " ]
                     }, {
                        "s" : [ {
                           "value" : [ "\"Payer Type\"" ]
                        } ]
                     }, {
                        "value" : [ "]" ]
                     } ]
                  } ]
               }
            } ],
            "expression" : {
               "localId" : "23",
               "locator" : "33:3-33:48",
               "dataType" : "{urn:healthit-gov:qdm:v5_6}PatientCharacteristicPayer",
               "codeProperty" : "code",
               "codeComparator" : "in",
               "type" : "Retrieve",
               "codes" : {
                  "locator" : "33:36-33:47",
                  "name" : "Payer Type",
                  "preserve" : true,
                  "type" : "ValueSetRef"
               }
            }
         }, {
            "localId" : "42",
            "locator" : "56:1-59:59",
            "name" : "Qualified Scan",
            "context" : "Patient",
            "accessLevel" : "Public",
            "annotation" : [ {
               "type" : "Annotation",
               "s" : {
                  "r" : "42",
                  "s" : [ {
                     "value" : [ "","define ","\"Qualified Scan\"",":\n  " ]
                  }, {
                     "r" : "41",
                     "s" : [ {
                        "s" : [ {
                           "r" : "26",
                           "s" : [ {
                              "r" : "25",
                              "s" : [ {
                                 "r" : "25",
                                 "s" : [ {
                                    "value" : [ "[","\"Diagnostic Study, Performed\"",": " ]
                                 }, {
                                    "s" : [ {
                                       "value" : [ "\"CT dose and image quality category\"" ]
                                    } ]
                                 }, {
                                    "value" : [ "]" ]
                                 } ]
                              } ]
                           }, {
                              "value" : [ " ","CTScan" ]
                           } ]
                        } ]
                     }, {
                        "value" : [ "\n    " ]
                     }, {
                        "r" : "40",
                        "s" : [ {
                           "value" : [ "where " ]
                        }, {
                           "r" : "40",
                           "s" : [ {
                              "r" : "34",
                              "s" : [ {
                                 "r" : "32",
                                 "s" : [ {
                                    "r" : "27",
                                    "s" : [ {
                                       "value" : [ "Global" ]
                                    } ]
                                 }, {
                                    "value" : [ "." ]
                                 }, {
                                    "r" : "32",
                                    "s" : [ {
                                       "value" : [ "\"NormalizeInterval\""," ( " ]
                                    }, {
                                       "r" : "29",
                                       "s" : [ {
                                          "r" : "28",
                                          "s" : [ {
                                             "value" : [ "CTScan" ]
                                          } ]
                                       }, {
                                          "value" : [ "." ]
                                       }, {
                                          "r" : "29",
                                          "s" : [ {
                                             "value" : [ "relevantDatetime" ]
                                          } ]
                                       } ]
                                    }, {
                                       "value" : [ ", " ]
                                    }, {
                                       "r" : "31",
                                       "s" : [ {
                                          "r" : "30",
                                          "s" : [ {
                                             "value" : [ "CTScan" ]
                                          } ]
                                       }, {
                                          "value" : [ "." ]
                                       }, {
                                          "r" : "31",
                                          "s" : [ {
                                             "value" : [ "relevantPeriod" ]
                                          } ]
                                       } ]
                                    }, {
                                       "value" : [ " )" ]
                                    } ]
                                 } ]
                              }, {
                                 "r" : "34",
                                 "value" : [ " ","ends during day of"," " ]
                              }, {
                                 "r" : "33",
                                 "s" : [ {
                                    "value" : [ "\"Measurement Period\"" ]
                                 } ]
                              } ]
                           }, {
                              "value" : [ "\n      and " ]
                           }, {
                              "r" : "39",
                              "s" : [ {
                                 "r" : "37",
                                 "s" : [ {
                                    "value" : [ "AgeInYearsAt","(" ]
                                 }, {
                                    "r" : "36",
                                    "s" : [ {
                                       "value" : [ "start of " ]
                                    }, {
                                       "r" : "35",
                                       "s" : [ {
                                          "value" : [ "\"Measurement Period\"" ]
                                       } ]
                                    } ]
                                 }, {
                                    "value" : [ ")" ]
                                 } ]
                              }, {
                                 "r" : "38",
                                 "value" : [ " ",">="," ","18" ]
                              } ]
                           } ]
                        } ]
                     } ]
                  } ]
               }
            } ],
            "expression" : {
               "localId" : "41",
               "locator" : "57:3-59:59",
               "type" : "Query",
               "source" : [ {
                  "localId" : "26",
                  "locator" : "57:3-57:78",
                  "alias" : "CTScan",
                  "expression" : {
                     "localId" : "25",
                     "locator" : "57:3-57:71",
                     "dataType" : "{urn:healthit-gov:qdm:v5_6}PositiveDiagnosticStudyPerformed",
                     "templateId" : "PositiveDiagnosticStudyPerformed",
                     "codeProperty" : "code",
                     "codeComparator" : "~",
                     "type" : "Retrieve",
                     "codes" : {
                        "type" : "ToList",
                        "operand" : {
                           "locator" : "57:35-57:70",
                           "name" : "CT dose and image quality category",
                           "type" : "CodeRef"
                        }
                     }
                  }
               } ],
               "relationship" : [ ],
               "where" : {
                  "localId" : "40",
                  "locator" : "58:5-59:59",
                  "type" : "And",
                  "operand" : [ {
                     "localId" : "34",
                     "locator" : "58:11-58:127",
                     "precision" : "Day",
                     "type" : "In",
                     "operand" : [ {
                        "locator" : "58:89-58:92",
                        "type" : "End",
                        "operand" : {
                           "localId" : "32",
                           "locator" : "58:11-58:87",
                           "name" : "NormalizeInterval",
                           "libraryName" : "Global",
                           "type" : "FunctionRef",
                           "operand" : [ {
                              "localId" : "29",
                              "locator" : "58:40-58:62",
                              "path" : "relevantDatetime",
                              "scope" : "CTScan",
                              "type" : "Property"
                           }, {
                              "localId" : "31",
                              "locator" : "58:65-58:85",
                              "path" : "relevantPeriod",
                              "scope" : "CTScan",
                              "type" : "Property"
                           } ]
                        }
                     }, {
                        "localId" : "33",
                        "locator" : "58:108-58:127",
                        "name" : "Measurement Period",
                        "type" : "ParameterRef"
                     } ]
                  }, {
                     "localId" : "39",
                     "locator" : "59:11-59:59",
                     "type" : "GreaterOrEqual",
                     "operand" : [ {
                        "localId" : "37",
                        "locator" : "59:11-59:53",
                        "precision" : "Year",
                        "type" : "CalculateAgeAt",
                        "operand" : [ {
                           "path" : "birthDatetime",
                           "type" : "Property",
                           "source" : {
                              "name" : "Patient",
                              "type" : "ExpressionRef"
                           }
                        }, {
                           "localId" : "36",
                           "locator" : "59:24-59:52",
                           "type" : "Start",
                           "operand" : {
                              "localId" : "35",
                              "locator" : "59:33-59:52",
                              "name" : "Measurement Period",
                              "type" : "ParameterRef"
                           }
                        } ]
                     }, {
                        "localId" : "38",
                        "locator" : "59:58-59:59",
                        "valueType" : "{urn:hl7-org:elm-types:r1}Integer",
                        "value" : "18",
                        "type" : "Literal"
                     } ]
                  } ]
               }
            }
         }, {
            "localId" : "58",
            "locator" : "38:1-41:150",
            "name" : "Qualified Scan without Inpatient Encounter",
            "context" : "Patient",
            "accessLevel" : "Public",
            "annotation" : [ {
               "type" : "Annotation",
               "s" : {
                  "r" : "58",
                  "s" : [ {
                     "value" : [ "","define ","\"Qualified Scan without Inpatient Encounter\"",":\n  " ]
                  }, {
                     "r" : "57",
                     "s" : [ {
                        "s" : [ {
                           "r" : "44",
                           "s" : [ {
                              "r" : "43",
                              "s" : [ {
                                 "s" : [ {
                                    "value" : [ "\"Qualified Scan\"" ]
                                 } ]
                              } ]
                           }, {
                              "value" : [ " ","QualifiedCTScan" ]
                           } ]
                        } ]
                     }, {
                        "value" : [ "\n    " ]
                     }, {
                        "r" : "56",
                        "s" : [ {
                           "value" : [ "without " ]
                        }, {
                           "r" : "46",
                           "s" : [ {
                              "r" : "45",
                              "s" : [ {
                                 "r" : "45",
                                 "s" : [ {
                                    "value" : [ "[","\"Encounter, Performed\"",": " ]
                                 }, {
                                    "s" : [ {
                                       "value" : [ "\"Encounter Inpatient\"" ]
                                    } ]
                                 }, {
                                    "value" : [ "]" ]
                                 } ]
                              } ]
                           }, {
                              "value" : [ " ","Encounter" ]
                           } ]
                        }, {
                           "value" : [ "\n      such that " ]
                        }, {
                           "r" : "55",
                           "s" : [ {
                              "r" : "52",
                              "s" : [ {
                                 "r" : "47",
                                 "s" : [ {
                                    "value" : [ "Global" ]
                                 } ]
                              }, {
                                 "value" : [ "." ]
                              }, {
                                 "r" : "52",
                                 "s" : [ {
                                    "value" : [ "\"NormalizeInterval\""," ( " ]
                                 }, {
                                    "r" : "49",
                                    "s" : [ {
                                       "r" : "48",
                                       "s" : [ {
                                          "value" : [ "QualifiedCTScan" ]
                                       } ]
                                    }, {
                                       "value" : [ "." ]
                                    }, {
                                       "r" : "49",
                                       "s" : [ {
                                          "value" : [ "relevantDatetime" ]
                                       } ]
                                    } ]
                                 }, {
                                    "value" : [ ", " ]
                                 }, {
                                    "r" : "51",
                                    "s" : [ {
                                       "r" : "50",
                                       "s" : [ {
                                          "value" : [ "QualifiedCTScan" ]
                                       } ]
                                    }, {
                                       "value" : [ "." ]
                                    }, {
                                       "r" : "51",
                                       "s" : [ {
                                          "value" : [ "relevantPeriod" ]
                                       } ]
                                    } ]
                                 }, {
                                    "value" : [ " )" ]
                                 } ]
                              } ]
                           }, {
                              "r" : "55",
                              "value" : [ " ","starts during"," " ]
                           }, {
                              "r" : "54",
                              "s" : [ {
                                 "r" : "53",
                                 "s" : [ {
                                    "value" : [ "Encounter" ]
                                 } ]
                              }, {
                                 "value" : [ "." ]
                              }, {
                                 "r" : "54",
                                 "s" : [ {
                                    "value" : [ "relevantPeriod" ]
                                 } ]
                              } ]
                           } ]
                        } ]
                     } ]
                  } ]
               }
            } ],
            "expression" : {
               "localId" : "57",
               "locator" : "39:3-41:150",
               "type" : "Query",
               "source" : [ {
                  "localId" : "44",
                  "locator" : "39:3-39:34",
                  "alias" : "QualifiedCTScan",
                  "expression" : {
                     "localId" : "43",
                     "locator" : "39:3-39:18",
                     "name" : "Qualified Scan",
                     "type" : "ExpressionRef"
                  }
               } ],
               "relationship" : [ {
                  "localId" : "56",
                  "locator" : "40:5-41:150",
                  "alias" : "Encounter",
                  "type" : "Without",
                  "expression" : {
                     "localId" : "45",
                     "locator" : "40:13-40:59",
                     "dataType" : "{urn:healthit-gov:qdm:v5_6}PositiveEncounterPerformed",
                     "templateId" : "PositiveEncounterPerformed",
                     "codeProperty" : "code",
                     "codeComparator" : "in",
                     "type" : "Retrieve",
                     "codes" : {
                        "locator" : "40:38-40:58",
                        "name" : "Encounter Inpatient",
                        "preserve" : true,
                        "type" : "ValueSetRef"
                     }
                  },
                  "suchThat" : {
                     "localId" : "55",
                     "locator" : "41:17-41:150",
                     "type" : "In",
                     "operand" : [ {
                        "locator" : "41:113-41:118",
                        "type" : "Start",
                        "operand" : {
                           "localId" : "52",
                           "locator" : "41:17-41:111",
                           "name" : "NormalizeInterval",
                           "libraryName" : "Global",
                           "type" : "FunctionRef",
                           "operand" : [ {
                              "localId" : "49",
                              "locator" : "41:46-41:77",
                              "path" : "relevantDatetime",
                              "scope" : "QualifiedCTScan",
                              "type" : "Property"
                           }, {
                              "localId" : "51",
                              "locator" : "41:80-41:109",
                              "path" : "relevantPeriod",
                              "scope" : "QualifiedCTScan",
                              "type" : "Property"
                           } ]
                        }
                     }, {
                        "localId" : "54",
                        "locator" : "41:127-41:150",
                        "path" : "relevantPeriod",
                        "scope" : "Encounter",
                        "type" : "Property"
                     } ]
                  }
               } ]
            }
         }, {
            "localId" : "60",
            "locator" : "35:1-36:46",
            "name" : "Initial Population",
            "context" : "Patient",
            "accessLevel" : "Public",
            "annotation" : [ {
               "type" : "Annotation",
               "s" : {
                  "r" : "60",
                  "s" : [ {
                     "value" : [ "","define ","\"Initial Population\"",":\n  " ]
                  }, {
                     "r" : "59",
                     "s" : [ {
                        "value" : [ "\"Qualified Scan without Inpatient Encounter\"" ]
                     } ]
                  } ]
               }
            } ],
            "expression" : {
               "localId" : "59",
               "locator" : "36:3-36:46",
               "name" : "Qualified Scan without Inpatient Encounter",
               "type" : "ExpressionRef"
            }
         }, {
            "localId" : "77",
            "locator" : "43:1-47:35",
            "name" : "Qualified Scan with Values",
            "context" : "Patient",
            "accessLevel" : "Public",
            "annotation" : [ {
               "type" : "Annotation",
               "s" : {
                  "r" : "77",
                  "s" : [ {
                     "value" : [ "","define ","\"Qualified Scan with Values\"",":\n  " ]
                  }, {
                     "r" : "76",
                     "s" : [ {
                        "s" : [ {
                           "r" : "62",
                           "s" : [ {
                              "r" : "61",
                              "s" : [ {
                                 "s" : [ {
                                    "value" : [ "\"Qualified Scan without Inpatient Encounter\"" ]
                                 } ]
                              } ]
                           }, {
                              "value" : [ " ","CTScan" ]
                           } ]
                        } ]
                     }, {
                        "value" : [ "\n    " ]
                     }, {
                        "r" : "75",
                        "s" : [ {
                           "value" : [ "where " ]
                        }, {
                           "r" : "75",
                           "s" : [ {
                              "r" : "71",
                              "s" : [ {
                                 "r" : "66",
                                 "s" : [ {
                                    "r" : "65",
                                    "s" : [ {
                                       "r" : "63",
                                       "s" : [ {
                                          "value" : [ "AlaraCommon" ]
                                       } ]
                                    }, {
                                       "value" : [ "." ]
                                    }, {
                                       "r" : "65",
                                       "s" : [ {
                                          "value" : [ "\"Global Noise Value\""," ( " ]
                                       }, {
                                          "r" : "64",
                                          "s" : [ {
                                             "value" : [ "CTScan" ]
                                          } ]
                                       }, {
                                          "value" : [ " )" ]
                                       } ]
                                    } ]
                                 }, {
                                    "value" : [ " is not null" ]
                                 } ]
                              }, {
                                 "value" : [ "\n      and " ]
                              }, {
                                 "r" : "70",
                                 "s" : [ {
                                    "r" : "69",
                                    "s" : [ {
                                       "r" : "67",
                                       "s" : [ {
                                          "value" : [ "AlaraCommon" ]
                                       } ]
                                    }, {
                                       "value" : [ "." ]
                                    }, {
                                       "r" : "69",
                                       "s" : [ {
                                          "value" : [ "\"Size Adjusted Value\""," ( " ]
                                       }, {
                                          "r" : "68",
                                          "s" : [ {
                                             "value" : [ "CTScan" ]
                                          } ]
                                       }, {
                                          "value" : [ " )" ]
                                       } ]
                                    } ]
                                 }, {
                                    "value" : [ " is not null" ]
                                 } ]
                              } ]
                           }, {
                              "value" : [ "\n      and " ]
                           }, {
                              "r" : "74",
                              "s" : [ {
                                 "r" : "73",
                                 "s" : [ {
                                    "r" : "72",
                                    "s" : [ {
                                       "value" : [ "CTScan" ]
                                    } ]
                                 }, {
                                    "value" : [ "." ]
                                 }, {
                                    "r" : "73",
                                    "s" : [ {
                                       "value" : [ "result" ]
                                    } ]
                                 } ]
                              }, {
                                 "value" : [ " is not null" ]
                              } ]
                           } ]
                        } ]
                     } ]
                  } ]
               }
            } ],
            "expression" : {
               "localId" : "76",
               "locator" : "44:3-47:35",
               "type" : "Query",
               "source" : [ {
                  "localId" : "62",
                  "locator" : "44:3-44:53",
                  "alias" : "CTScan",
                  "expression" : {
                     "localId" : "61",
                     "locator" : "44:3-44:46",
                     "name" : "Qualified Scan without Inpatient Encounter",
                     "type" : "ExpressionRef"
                  }
               } ],
               "relationship" : [ ],
               "where" : {
                  "localId" : "75",
                  "locator" : "45:5-47:35",
                  "type" : "And",
                  "operand" : [ {
                     "localId" : "71",
                     "locator" : "45:11-46:66",
                     "type" : "And",
                     "operand" : [ {
                        "localId" : "66",
                        "locator" : "45:11-45:65",
                        "type" : "Not",
                        "operand" : {
                           "locator" : "45:11-45:65",
                           "type" : "IsNull",
                           "operand" : {
                              "localId" : "65",
                              "locator" : "45:11-45:53",
                              "name" : "Global Noise Value",
                              "libraryName" : "AlaraCommon",
                              "type" : "FunctionRef",
                              "operand" : [ {
                                 "localId" : "64",
                                 "locator" : "45:46-45:51",
                                 "name" : "CTScan",
                                 "type" : "AliasRef"
                              } ]
                           }
                        }
                     }, {
                        "localId" : "70",
                        "locator" : "46:11-46:66",
                        "type" : "Not",
                        "operand" : {
                           "locator" : "46:11-46:66",
                           "type" : "IsNull",
                           "operand" : {
                              "localId" : "69",
                              "locator" : "46:11-46:54",
                              "name" : "Size Adjusted Value",
                              "libraryName" : "AlaraCommon",
                              "type" : "FunctionRef",
                              "operand" : [ {
                                 "localId" : "68",
                                 "locator" : "46:47-46:52",
                                 "name" : "CTScan",
                                 "type" : "AliasRef"
                              } ]
                           }
                        }
                     } ]
                  }, {
                     "localId" : "74",
                     "locator" : "47:11-47:35",
                     "type" : "Not",
                     "operand" : {
                        "locator" : "47:11-47:35",
                        "type" : "IsNull",
                        "operand" : {
                           "localId" : "73",
                           "locator" : "47:11-47:23",
                           "path" : "result",
                           "scope" : "CTScan",
                           "type" : "Property"
                        }
                     }
                  } ]
               }
            }
         }, {
            "localId" : "79",
            "locator" : "49:1-50:30",
            "name" : "Denominator",
            "context" : "Patient",
            "accessLevel" : "Public",
            "annotation" : [ {
               "type" : "Annotation",
               "s" : {
                  "r" : "79",
                  "s" : [ {
                     "value" : [ "","define ","\"Denominator\"",":\n  " ]
                  }, {
                     "r" : "78",
                     "s" : [ {
                        "value" : [ "\"Qualified Scan with Values\"" ]
                     } ]
                  } ]
               }
            } ],
            "expression" : {
               "localId" : "78",
               "locator" : "50:3-50:30",
               "name" : "Qualified Scan with Values",
               "type" : "ExpressionRef"
            }
         }, {
            "localId" : "86",
            "locator" : "52:1-54:52",
            "name" : "Numerator",
            "context" : "Patient",
            "accessLevel" : "Public",
            "annotation" : [ {
               "type" : "Annotation",
               "s" : {
                  "r" : "86",
                  "s" : [ {
                     "value" : [ "","define ","\"Numerator\"",":\n  " ]
                  }, {
                     "r" : "85",
                     "s" : [ {
                        "s" : [ {
                           "r" : "81",
                           "s" : [ {
                              "r" : "80",
                              "s" : [ {
                                 "s" : [ {
                                    "value" : [ "\"Qualified Scan with Values\"" ]
                                 } ]
                              } ]
                           }, {
                              "value" : [ " ","CTScan" ]
                           } ]
                        } ]
                     }, {
                        "value" : [ "\n    " ]
                     }, {
                        "r" : "84",
                        "s" : [ {
                           "value" : [ "where " ]
                        }, {
                           "r" : "84",
                           "s" : [ {
                              "r" : "82",
                              "s" : [ {
                                 "value" : [ "AlaraCommon" ]
                              } ]
                           }, {
                              "value" : [ "." ]
                           }, {
                              "r" : "84",
                              "s" : [ {
                                 "value" : [ "\"CT Scan Qualifies\""," ( " ]
                              }, {
                                 "r" : "83",
                                 "s" : [ {
                                    "value" : [ "CTScan" ]
                                 } ]
                              }, {
                                 "value" : [ " )" ]
                              } ]
                           } ]
                        } ]
                     } ]
                  } ]
               }
            } ],
            "expression" : {
               "localId" : "85",
               "locator" : "53:3-54:52",
               "type" : "Query",
               "source" : [ {
                  "localId" : "81",
                  "locator" : "53:3-53:37",
                  "alias" : "CTScan",
                  "expression" : {
                     "localId" : "80",
                     "locator" : "53:3-53:30",
                     "name" : "Qualified Scan with Values",
                     "type" : "ExpressionRef"
                  }
               } ],
               "relationship" : [ ],
               "where" : {
                  "localId" : "84",
                  "locator" : "54:5-54:52",
                  "name" : "CT Scan Qualifies",
                  "libraryName" : "AlaraCommon",
                  "type" : "FunctionRef",
                  "operand" : [ {
                     "localId" : "83",
                     "locator" : "54:45-54:50",
                     "name" : "CTScan",
                     "type" : "AliasRef"
                  } ]
               }
            }
         }, {
            "localId" : "94",
            "locator" : "61:1-63:37",
            "name" : "Denominator Exclusion",
            "context" : "Patient",
            "accessLevel" : "Public",
            "annotation" : [ {
               "type" : "Annotation",
               "s" : {
                  "r" : "94",
                  "s" : [ {
                     "value" : [ "","define ","\"Denominator Exclusion\"",":\n  " ]
                  }, {
                     "r" : "93",
                     "s" : [ {
                        "s" : [ {
                           "r" : "88",
                           "s" : [ {
                              "r" : "87",
                              "s" : [ {
                                 "s" : [ {
                                    "value" : [ "\"Qualified Scan with Values\"" ]
                                 } ]
                              } ]
                           }, {
                              "value" : [ " ","CTScan" ]
                           } ]
                        } ]
                     }, {
                        "value" : [ "\n    " ]
                     }, {
                        "r" : "92",
                        "s" : [ {
                           "value" : [ "where " ]
                        }, {
                           "r" : "92",
                           "s" : [ {
                              "r" : "90",
                              "s" : [ {
                                 "r" : "89",
                                 "s" : [ {
                                    "value" : [ "CTScan" ]
                                 } ]
                              }, {
                                 "value" : [ "." ]
                              }, {
                                 "r" : "90",
                                 "s" : [ {
                                    "value" : [ "result" ]
                                 } ]
                              } ]
                           }, {
                              "value" : [ " ","~"," " ]
                           }, {
                              "r" : "91",
                              "s" : [ {
                                 "value" : [ "\"Full Body\"" ]
                              } ]
                           } ]
                        } ]
                     } ]
                  } ]
               }
            } ],
            "expression" : {
               "localId" : "93",
               "locator" : "62:3-63:37",
               "type" : "Query",
               "source" : [ {
                  "localId" : "88",
                  "locator" : "62:3-62:37",
                  "alias" : "CTScan",
                  "expression" : {
                     "localId" : "87",
                     "locator" : "62:3-62:30",
                     "name" : "Qualified Scan with Values",
                     "type" : "ExpressionRef"
                  }
               } ],
               "relationship" : [ ],
               "where" : {
                  "localId" : "92",
                  "locator" : "63:5-63:37",
                  "type" : "Equivalent",
                  "operand" : [ {
                     "asType" : "{urn:hl7-org:elm-types:r1}Code",
                     "type" : "As",
                     "operand" : {
                        "localId" : "90",
                        "locator" : "63:11-63:23",
                        "path" : "result",
                        "scope" : "CTScan",
                        "type" : "Property"
                     }
                  }, {
                     "localId" : "91",
                     "locator" : "63:27-63:37",
                     "name" : "Full Body",
                     "type" : "CodeRef"
                  } ]
               }
            }
         } ]
      }
   }
}