{
   "library" : {
      "annotation" : [ {
         "translatorOptions" : "EnableAnnotations,EnableLocators,DisableListDemotion,DisableListPromotion,DisableMethodInvocation",
         "type" : "CqlToElmInfo"
      }, {
         "type" : "Annotation",
         "s" : {
            "r" : "108",
            "s" : [ {
               "value" : [ "","library DischargedonStatinMedication version '11.0.000'" ]
            } ]
         }
      } ],
      "identifier" : {
         "id" : "DischargedonStatinMedication",
         "version" : "11.0.000"
      },
      "schemaIdentifier" : {
         "id" : "urn:hl7-org:elm",
         "version" : "r1"
      },
      "usings" : {
         "def" : [ {
            "localIdentifier" : "System",
            "uri" : "urn:hl7-org:elm-types:r1"
         }, {
            "localId" : "1",
            "locator" : "3:1-3:23",
            "localIdentifier" : "QDM",
            "uri" : "urn:healthit-gov:qdm:v5_6",
            "version" : "5.6",
            "annotation" : [ {
               "type" : "Annotation",
               "s" : {
                  "r" : "1",
                  "s" : [ {
                     "value" : [ "","using " ]
                  }, {
                     "s" : [ {
                        "value" : [ "QDM" ]
                     } ]
                  }, {
                     "value" : [ " version ","'5.6'" ]
                  } ]
               }
            } ]
         } ]
      },
      "includes" : {
         "def" : [ {
            "localId" : "2",
            "locator" : "5:1-5:64",
            "localIdentifier" : "Global",
            "path" : "MATGlobalCommonFunctions",
            "version" : "7.0.000",
            "annotation" : [ {
               "type" : "Annotation",
               "s" : {
                  "r" : "2",
                  "s" : [ {
                     "value" : [ "","include " ]
                  }, {
                     "s" : [ {
                        "value" : [ "MATGlobalCommonFunctions" ]
                     } ]
                  }, {
                     "value" : [ " version ","'7.0.000'"," called ","Global" ]
                  } ]
               }
            } ]
         }, {
            "localId" : "3",
            "locator" : "6:1-6:47",
            "localIdentifier" : "TJC",
            "path" : "TJCOverall",
            "version" : "6.0.000",
            "annotation" : [ {
               "type" : "Annotation",
               "s" : {
                  "r" : "3",
                  "s" : [ {
                     "value" : [ "","include " ]
                  }, {
                     "s" : [ {
                        "value" : [ "TJCOverall" ]
                     } ]
                  }, {
                     "value" : [ " version ","'6.0.000'"," called ","TJC" ]
                  } ]
               }
            } ]
         } ]
      },
      "valueSets" : {
         "def" : [ {
            "localId" : "4",
            "locator" : "8:1-8:58",
            "name" : "Ethnicity",
            "id" : "urn:oid:2.16.840.1.114222.4.11.837",
            "accessLevel" : "Public",
            "annotation" : [ {
               "type" : "Annotation",
               "s" : {
                  "r" : "4",
                  "s" : [ {
                     "value" : [ "","valueset ","\"Ethnicity\"",": ","'urn:oid:2.16.840.1.114222.4.11.837'" ]
                  } ]
               }
            } ]
         }, {
            "localId" : "5",
            "locator" : "9:1-9:61",
            "name" : "LDL-c",
            "id" : "urn:oid:2.16.840.1.113883.3.117.1.7.1.215",
            "accessLevel" : "Public",
            "annotation" : [ {
               "type" : "Annotation",
               "s" : {
                  "r" : "5",
                  "s" : [ {
                     "value" : [ "","valueset ","\"LDL-c\"",": ","'urn:oid:2.16.840.1.113883.3.117.1.7.1.215'" ]
                  } ]
               }
            } ]
         }, {
            "localId" : "6",
            "locator" : "10:1-10:70",
            "name" : "Medical Reason",
            "id" : "urn:oid:2.16.840.1.113883.3.117.1.7.1.473",
            "accessLevel" : "Public",
            "annotation" : [ {
               "type" : "Annotation",
               "s" : {
                  "r" : "6",
                  "s" : [ {
                     "value" : [ "","valueset ","\"Medical Reason\"",": ","'urn:oid:2.16.840.1.113883.3.117.1.7.1.473'" ]
                  } ]
               }
            } ]
         }, {
            "localId" : "7",
            "locator" : "11:1-11:68",
            "name" : "ONC Administrative Sex",
            "id" : "urn:oid:2.16.840.1.113762.1.4.1",
            "accessLevel" : "Public",
            "annotation" : [ {
               "type" : "Annotation",
               "s" : {
                  "r" : "7",
                  "s" : [ {
                     "value" : [ "","valueset ","\"ONC Administrative Sex\"",": ","'urn:oid:2.16.840.1.113762.1.4.1'" ]
                  } ]
               }
            } ]
         }, {
            "localId" : "8",
            "locator" : "12:1-12:70",
            "name" : "Patient Refusal",
            "id" : "urn:oid:2.16.840.1.113883.3.117.1.7.1.93",
            "accessLevel" : "Public",
            "annotation" : [ {
               "type" : "Annotation",
               "s" : {
                  "r" : "8",
                  "s" : [ {
                     "value" : [ "","valueset ","\"Patient Refusal\"",": ","'urn:oid:2.16.840.1.113883.3.117.1.7.1.93'" ]
                  } ]
               }
            } ]
         }, {
            "localId" : "9",
            "locator" : "13:1-13:55",
            "name" : "Payer",
            "id" : "urn:oid:2.16.840.1.114222.4.11.3591",
            "accessLevel" : "Public",
            "annotation" : [ {
               "type" : "Annotation",
               "s" : {
                  "r" : "9",
                  "s" : [ {
                     "value" : [ "","valueset ","\"Payer\"",": ","'urn:oid:2.16.840.1.114222.4.11.3591'" ]
                  } ]
               }
            } ]
         }, {
            "localId" : "10",
            "locator" : "14:1-14:53",
            "name" : "Race",
            "id" : "urn:oid:2.16.840.1.114222.4.11.836",
            "accessLevel" : "Public",
            "annotation" : [ {
               "type" : "Annotation",
               "s" : {
                  "r" : "10",
                  "s" : [ {
                     "value" : [ "","valueset ","\"Race\"",": ","'urn:oid:2.16.840.1.114222.4.11.836'" ]
                  } ]
               }
            } ]
         }, {
            "localId" : "11",
            "locator" : "15:1-15:67",
            "name" : "Statin Allergen",
            "id" : "urn:oid:2.16.840.1.113762.1.4.1110.42",
            "accessLevel" : "Public",
            "annotation" : [ {
               "type" : "Annotation",
               "s" : {
                  "r" : "11",
                  "s" : [ {
                     "value" : [ "","valueset ","\"Statin Allergen\"",": ","'urn:oid:2.16.840.1.113762.1.4.1110.42'" ]
                  } ]
               }
            } ]
         }, {
            "localId" : "12",
            "locator" : "16:1-16:66",
            "name" : "Statin Grouper",
            "id" : "urn:oid:2.16.840.1.113762.1.4.1110.19",
            "accessLevel" : "Public",
            "annotation" : [ {
               "type" : "Annotation",
               "s" : {
                  "r" : "12",
                  "s" : [ {
                     "value" : [ "","valueset ","\"Statin Grouper\"",": ","'urn:oid:2.16.840.1.113762.1.4.1110.19'" ]
                  } ]
               }
            } ]
         } ]
      },
      "contexts" : {
         "def" : [ {
            "locator" : "18:1-18:15",
            "name" : "Patient"
         } ]
      },
      "statements" : {
         "def" : [ {
            "locator" : "18:1-18:15",
            "name" : "Patient",
            "context" : "Patient",
            "expression" : {
               "type" : "SingletonFrom",
               "operand" : {
                  "locator" : "18:1-18:15",
                  "dataType" : "{urn:healthit-gov:qdm:v5_6}Patient",
                  "templateId" : "Patient",
                  "type" : "Retrieve"
               }
            }
         }, {
            "localId" : "14",
            "locator" : "20:1-21:51",
            "name" : "SDE Ethnicity",
            "context" : "Patient",
            "accessLevel" : "Public",
            "annotation" : [ {
               "type" : "Annotation",
               "s" : {
                  "r" : "14",
                  "s" : [ {
                     "value" : [ "","define ","\"SDE Ethnicity\"",":\n  " ]
                  }, {
                     "r" : "13",
                     "s" : [ {
                        "value" : [ "[","\"Patient Characteristic Ethnicity\"",": " ]
                     }, {
                        "s" : [ {
                           "value" : [ "\"Ethnicity\"" ]
                        } ]
                     }, {
                        "value" : [ "]" ]
                     } ]
                  } ]
               }
            } ],
            "expression" : {
               "localId" : "13",
               "locator" : "21:3-21:51",
               "dataType" : "{urn:healthit-gov:qdm:v5_6}PatientCharacteristicEthnicity",
               "codeProperty" : "code",
               "codeComparator" : "in",
               "type" : "Retrieve",
               "codes" : {
                  "locator" : "21:40-21:50",
                  "name" : "Ethnicity",
                  "type" : "ValueSetRef"
               }
            }
         }, {
            "localId" : "16",
            "locator" : "23:1-24:43",
            "name" : "SDE Payer",
            "context" : "Patient",
            "accessLevel" : "Public",
            "annotation" : [ {
               "type" : "Annotation",
               "s" : {
                  "r" : "16",
                  "s" : [ {
                     "value" : [ "","define ","\"SDE Payer\"",":\n  " ]
                  }, {
                     "r" : "15",
                     "s" : [ {
                        "value" : [ "[","\"Patient Characteristic Payer\"",": " ]
                     }, {
                        "s" : [ {
                           "value" : [ "\"Payer\"" ]
                        } ]
                     }, {
                        "value" : [ "]" ]
                     } ]
                  } ]
               }
            } ],
            "expression" : {
               "localId" : "15",
               "locator" : "24:3-24:43",
               "dataType" : "{urn:healthit-gov:qdm:v5_6}PatientCharacteristicPayer",
               "codeProperty" : "code",
               "codeComparator" : "in",
               "type" : "Retrieve",
               "codes" : {
                  "locator" : "24:36-24:42",
                  "name" : "Payer",
                  "type" : "ValueSetRef"
               }
            }
         }, {
            "localId" : "18",
            "locator" : "26:1-27:41",
            "name" : "SDE Race",
            "context" : "Patient",
            "accessLevel" : "Public",
            "annotation" : [ {
               "type" : "Annotation",
               "s" : {
                  "r" : "18",
                  "s" : [ {
                     "value" : [ "","define ","\"SDE Race\"",":\n  " ]
                  }, {
                     "r" : "17",
                     "s" : [ {
                        "value" : [ "[","\"Patient Characteristic Race\"",": " ]
                     }, {
                        "s" : [ {
                           "value" : [ "\"Race\"" ]
                        } ]
                     }, {
                        "value" : [ "]" ]
                     } ]
                  } ]
               }
            } ],
            "expression" : {
               "localId" : "17",
               "locator" : "27:3-27:41",
               "dataType" : "{urn:healthit-gov:qdm:v5_6}PatientCharacteristicRace",
               "codeProperty" : "code",
               "codeComparator" : "in",
               "type" : "Retrieve",
               "codes" : {
                  "locator" : "27:35-27:40",
                  "name" : "Race",
                  "type" : "ValueSetRef"
               }
            }
         }, {
            "localId" : "20",
            "locator" : "29:1-30:58",
            "name" : "SDE Sex",
            "context" : "Patient",
            "accessLevel" : "Public",
            "annotation" : [ {
               "type" : "Annotation",
               "s" : {
                  "r" : "20",
                  "s" : [ {
                     "value" : [ "","define ","\"SDE Sex\"",":\n  " ]
                  }, {
                     "r" : "19",
                     "s" : [ {
                        "value" : [ "[","\"Patient Characteristic Sex\"",": " ]
                     }, {
                        "s" : [ {
                           "value" : [ "\"ONC Administrative Sex\"" ]
                        } ]
                     }, {
                        "value" : [ "]" ]
                     } ]
                  } ]
               }
            } ],
            "expression" : {
               "localId" : "19",
               "locator" : "30:3-30:58",
               "dataType" : "{urn:healthit-gov:qdm:v5_6}PatientCharacteristicSex",
               "codeProperty" : "code",
               "codeComparator" : "in",
               "type" : "Retrieve",
               "codes" : {
                  "locator" : "30:34-30:57",
                  "name" : "ONC Administrative Sex",
                  "type" : "ValueSetRef"
               }
            }
         }, {
            "localId" : "22",
            "locator" : "32:1-33:44",
            "name" : "Statin Allergy",
            "context" : "Patient",
            "accessLevel" : "Public",
            "annotation" : [ {
               "type" : "Annotation",
               "s" : {
                  "r" : "22",
                  "s" : [ {
                     "value" : [ "","define ","\"Statin Allergy\"",":\n  " ]
                  }, {
                     "r" : "21",
                     "s" : [ {
                        "value" : [ "[","\"Allergy/Intolerance\"",": " ]
                     }, {
                        "s" : [ {
                           "value" : [ "\"Statin Allergen\"" ]
                        } ]
                     }, {
                        "value" : [ "]" ]
                     } ]
                  } ]
               }
            } ],
            "expression" : {
               "localId" : "21",
               "locator" : "33:3-33:44",
               "dataType" : "{urn:healthit-gov:qdm:v5_6}AllergyIntolerance",
               "codeProperty" : "code",
               "codeComparator" : "in",
               "type" : "Retrieve",
               "codes" : {
                  "locator" : "33:27-33:43",
                  "name" : "Statin Allergen",
                  "type" : "ValueSetRef"
               }
            }
         }, {
            "localId" : "24",
            "locator" : "35:1-36:45",
            "name" : "Statin at Discharge",
            "context" : "Patient",
            "accessLevel" : "Public",
            "annotation" : [ {
               "type" : "Annotation",
               "s" : {
                  "r" : "24",
                  "s" : [ {
                     "value" : [ "","define ","\"Statin at Discharge\"",":\n  " ]
                  }, {
                     "r" : "23",
                     "s" : [ {
                        "value" : [ "[","\"Medication, Discharge\"",": " ]
                     }, {
                        "s" : [ {
                           "value" : [ "\"Statin Grouper\"" ]
                        } ]
                     }, {
                        "value" : [ "]" ]
                     } ]
                  } ]
               }
            } ],
            "expression" : {
               "localId" : "23",
               "locator" : "36:3-36:45",
               "dataType" : "{urn:healthit-gov:qdm:v5_6}PositiveMedicationDischarge",
               "templateId" : "PositiveMedicationDischarge",
               "codeProperty" : "code",
               "codeComparator" : "in",
               "type" : "Retrieve",
               "codes" : {
                  "locator" : "36:29-36:44",
                  "name" : "Statin Grouper",
                  "type" : "ValueSetRef"
               }
            }
         }, {
            "localId" : "27",
            "locator" : "38:1-39:33",
            "name" : "Denominator",
            "context" : "Patient",
            "accessLevel" : "Public",
            "annotation" : [ {
               "type" : "Annotation",
               "s" : {
                  "r" : "27",
                  "s" : [ {
                     "value" : [ "","define ","\"Denominator\"",":\n  " ]
                  }, {
                     "r" : "26",
                     "s" : [ {
                        "r" : "25",
                        "s" : [ {
                           "value" : [ "TJC" ]
                        } ]
                     }, {
                        "value" : [ "." ]
                     }, {
                        "r" : "26",
                        "s" : [ {
                           "value" : [ "\"Ischemic Stroke Encounter\"" ]
                        } ]
                     } ]
                  } ]
               }
            } ],
            "expression" : {
               "localId" : "26",
               "locator" : "39:3-39:33",
               "name" : "Ischemic Stroke Encounter",
               "libraryName" : "TJC",
               "type" : "ExpressionRef"
            }
         }, {
            "localId" : "30",
            "locator" : "41:1-42:50",
            "name" : "Initial Population",
            "context" : "Patient",
            "accessLevel" : "Public",
            "annotation" : [ {
               "type" : "Annotation",
               "s" : {
                  "r" : "30",
                  "s" : [ {
                     "value" : [ "","define ","\"Initial Population\"",":\n  " ]
                  }, {
                     "r" : "29",
                     "s" : [ {
                        "r" : "28",
                        "s" : [ {
                           "value" : [ "TJC" ]
                        } ]
                     }, {
                        "value" : [ "." ]
                     }, {
                        "r" : "29",
                        "s" : [ {
                           "value" : [ "\"Encounter with Principal Diagnosis and Age\"" ]
                        } ]
                     } ]
                  } ]
               }
            } ],
            "expression" : {
               "localId" : "29",
               "locator" : "42:3-42:50",
               "name" : "Encounter with Principal Diagnosis and Age",
               "libraryName" : "TJC",
               "type" : "ExpressionRef"
            }
         }, {
            "localId" : "42",
            "locator" : "44:1-47:92",
            "name" : "Numerator",
            "context" : "Patient",
            "accessLevel" : "Public",
            "annotation" : [ {
               "type" : "Annotation",
               "s" : {
                  "r" : "42",
                  "s" : [ {
                     "value" : [ "","define ","\"Numerator\"",":\n  " ]
                  }, {
                     "r" : "41",
                     "s" : [ {
                        "s" : [ {
                           "r" : "32",
                           "s" : [ {
                              "r" : "31",
                              "s" : [ {
                                 "s" : [ {
                                    "value" : [ "TJC",".","\"Ischemic Stroke Encounter\"" ]
                                 } ]
                              } ]
                           }, {
                              "value" : [ " ","IschemicStrokeEncounter" ]
                           } ]
                        } ]
                     }, {
                        "value" : [ "\n    " ]
                     }, {
                        "r" : "40",
                        "s" : [ {
                           "value" : [ "with " ]
                        }, {
                           "r" : "34",
                           "s" : [ {
                              "r" : "33",
                              "s" : [ {
                                 "s" : [ {
                                    "value" : [ "\"Statin at Discharge\"" ]
                                 } ]
                              } ]
                           }, {
                              "value" : [ " ","DischargeStatin" ]
                           } ]
                        }, {
                           "value" : [ "\n      such that " ]
                        }, {
                           "r" : "39",
                           "s" : [ {
                              "r" : "36",
                              "s" : [ {
                                 "r" : "35",
                                 "s" : [ {
                                    "value" : [ "DischargeStatin" ]
                                 } ]
                              }, {
                                 "value" : [ "." ]
                              }, {
                                 "r" : "36",
                                 "s" : [ {
                                    "value" : [ "authorDatetime" ]
                                 } ]
                              } ]
                           }, {
                              "r" : "39",
                              "value" : [ " ","during"," " ]
                           }, {
                              "r" : "38",
                              "s" : [ {
                                 "r" : "37",
                                 "s" : [ {
                                    "value" : [ "IschemicStrokeEncounter" ]
                                 } ]
                              }, {
                                 "value" : [ "." ]
                              }, {
                                 "r" : "38",
                                 "s" : [ {
                                    "value" : [ "relevantPeriod" ]
                                 } ]
                              } ]
                           } ]
                        } ]
                     } ]
                  } ]
               }
            } ],
            "expression" : {
               "localId" : "41",
               "locator" : "45:3-47:92",
               "type" : "Query",
               "source" : [ {
                  "localId" : "32",
                  "locator" : "45:3-45:57",
                  "alias" : "IschemicStrokeEncounter",
                  "expression" : {
                     "localId" : "31",
                     "locator" : "45:3-45:33",
                     "name" : "Ischemic Stroke Encounter",
                     "libraryName" : "TJC",
                     "type" : "ExpressionRef"
                  }
               } ],
               "relationship" : [ {
                  "localId" : "40",
                  "locator" : "46:5-47:92",
                  "alias" : "DischargeStatin",
                  "type" : "With",
                  "expression" : {
                     "localId" : "33",
                     "locator" : "46:10-46:30",
                     "name" : "Statin at Discharge",
                     "type" : "ExpressionRef"
                  },
                  "suchThat" : {
                     "localId" : "39",
                     "locator" : "47:17-47:92",
                     "type" : "In",
                     "operand" : [ {
                        "localId" : "36",
                        "locator" : "47:17-47:46",
                        "path" : "authorDatetime",
                        "scope" : "DischargeStatin",
                        "type" : "Property"
                     }, {
                        "localId" : "38",
                        "locator" : "47:55-47:92",
                        "path" : "relevantPeriod",
                        "scope" : "IschemicStrokeEncounter",
                        "type" : "Property"
                     } ]
                  }
               } ]
            }
         }, {
            "localId" : "57",
            "locator" : "65:1-68:65",
            "name" : "Reason for Not Giving Statin at Discharge",
            "context" : "Patient",
            "accessLevel" : "Public",
            "annotation" : [ {
               "type" : "Annotation",
               "s" : {
                  "r" : "57",
                  "s" : [ {
                     "value" : [ "","define ","\"Reason for Not Giving Statin at Discharge\"",":\n  " ]
                  }, {
                     "r" : "56",
                     "s" : [ {
                        "s" : [ {
                           "r" : "46",
                           "s" : [ {
                              "r" : "45",
                              "s" : [ {
                                 "r" : "45",
                                 "s" : [ {
                                    "value" : [ "[","\"Medication, Not Discharged\"",": " ]
                                 }, {
                                    "s" : [ {
                                       "value" : [ "\"Statin Grouper\"" ]
                                    } ]
                                 }, {
                                    "value" : [ "]" ]
                                 } ]
                              } ]
                           }, {
                              "value" : [ " ","NoStatinDischarge" ]
                           } ]
                        } ]
                     }, {
                        "value" : [ "\n    " ]
                     }, {
                        "r" : "55",
                        "s" : [ {
                           "value" : [ "where " ]
                        }, {
                           "r" : "55",
                           "s" : [ {
                              "r" : "50",
                              "s" : [ {
                                 "r" : "48",
                                 "s" : [ {
                                    "r" : "47",
                                    "s" : [ {
                                       "value" : [ "NoStatinDischarge" ]
                                    } ]
                                 }, {
                                    "value" : [ "." ]
                                 }, {
                                    "r" : "48",
                                    "s" : [ {
                                       "value" : [ "negationRationale" ]
                                    } ]
                                 } ]
                              }, {
                                 "value" : [ " in " ]
                              }, {
                                 "r" : "49",
                                 "s" : [ {
                                    "value" : [ "\"Medical Reason\"" ]
                                 } ]
                              } ]
                           }, {
                              "value" : [ "\n      or " ]
                           }, {
                              "r" : "54",
                              "s" : [ {
                                 "r" : "52",
                                 "s" : [ {
                                    "r" : "51",
                                    "s" : [ {
                                       "value" : [ "NoStatinDischarge" ]
                                    } ]
                                 }, {
                                    "value" : [ "." ]
                                 }, {
                                    "r" : "52",
                                    "s" : [ {
                                       "value" : [ "negationRationale" ]
                                    } ]
                                 } ]
                              }, {
                                 "value" : [ " in " ]
                              }, {
                                 "r" : "53",
                                 "s" : [ {
                                    "value" : [ "\"Patient Refusal\"" ]
                                 } ]
                              } ]
                           } ]
                        } ]
                     } ]
                  } ]
               }
            } ],
            "expression" : {
               "localId" : "56",
               "locator" : "66:3-68:65",
               "type" : "Query",
               "source" : [ {
                  "localId" : "46",
                  "locator" : "66:3-66:68",
                  "alias" : "NoStatinDischarge",
                  "expression" : {
                     "localId" : "45",
                     "locator" : "66:3-66:50",
                     "dataType" : "{urn:healthit-gov:qdm:v5_6}NegativeMedicationDischarge",
                     "templateId" : "NegativeMedicationDischarge",
                     "codeProperty" : "code",
                     "codeComparator" : "in",
                     "type" : "Retrieve",
                     "codes" : {
                        "locator" : "66:34-66:49",
                        "name" : "Statin Grouper",
                        "type" : "ValueSetRef"
                     }
                  }
               } ],
               "relationship" : [ ],
               "where" : {
                  "localId" : "55",
                  "locator" : "67:5-68:65",
                  "type" : "Or",
                  "operand" : [ {
                     "localId" : "50",
                     "locator" : "67:11-67:65",
                     "type" : "InValueSet",
                     "code" : {
                        "localId" : "48",
                        "locator" : "67:11-67:45",
                        "path" : "negationRationale",
                        "scope" : "NoStatinDischarge",
                        "type" : "Property"
                     },
                     "valueset" : {
                        "localId" : "49",
                        "locator" : "67:50-67:65",
                        "name" : "Medical Reason",
                        "type" : "ValueSetRef"
                     }
                  }, {
                     "localId" : "54",
                     "locator" : "68:10-68:65",
                     "type" : "InValueSet",
                     "code" : {
                        "localId" : "52",
                        "locator" : "68:10-68:44",
                        "path" : "negationRationale",
                        "scope" : "NoStatinDischarge",
                        "type" : "Property"
                     },
                     "valueset" : {
                        "localId" : "53",
                        "locator" : "68:49-68:65",
                        "name" : "Patient Refusal",
                        "type" : "ValueSetRef"
                     }
                  } ]
               }
            }
         }, {
            "localId" : "108",
            "locator" : "70:1-76:17",
            "name" : "Encounter with Max LDL less than 70 mg per dL",
            "context" : "Patient",
            "accessLevel" : "Public",
            "annotation" : [ {
               "type" : "Annotation",
               "s" : {
                  "r" : "108",
                  "s" : [ {
                     "value" : [ "","define ","\"Encounter with Max LDL less than 70 mg per dL\"",":\n  " ]
                  }, {
                     "r" : "107",
                     "s" : [ {
                        "s" : [ {
                           "r" : "81",
                           "s" : [ {
                              "r" : "80",
                              "s" : [ {
                                 "s" : [ {
                                    "value" : [ "TJC",".","\"Ischemic Stroke Encounter\"" ]
                                 } ]
                              } ]
                           }, {
                              "value" : [ " ","IschemicStrokeEncounter" ]
                           } ]
                        } ]
                     }, {
                        "value" : [ "\n    " ]
                     }, {
                        "r" : "106",
                        "s" : [ {
                           "value" : [ "where " ]
                        }, {
                           "r" : "106",
                           "s" : [ {
                              "r" : "104",
                              "s" : [ {
                                 "value" : [ "Max","(" ]
                              }, {
                                 "r" : "103",
                                 "s" : [ {
                                    "s" : [ {
                                       "r" : "83",
                                       "s" : [ {
                                          "r" : "82",
                                          "s" : [ {
                                             "r" : "82",
                                             "s" : [ {
                                                "value" : [ "[","\"Laboratory Test, Performed\"",": " ]
                                             }, {
                                                "s" : [ {
                                                   "value" : [ "\"LDL-c\"" ]
                                                } ]
                                             }, {
                                                "value" : [ "]" ]
                                             } ]
                                          } ]
                                       }, {
                                          "value" : [ " ","Ldl" ]
                                       } ]
                                    } ]
                                 }, {
                                    "value" : [ "\n        " ]
                                 }, {
                                    "r" : "97",
                                    "s" : [ {
                                       "value" : [ "where " ]
                                    }, {
                                       "r" : "97",
                                       "s" : [ {
                                          "r" : "85",
                                          "s" : [ {
                                             "r" : "84",
                                             "s" : [ {
                                                "value" : [ "Ldl" ]
                                             } ]
                                          }, {
                                             "value" : [ "." ]
                                          }, {
                                             "r" : "85",
                                             "s" : [ {
                                                "value" : [ "resultDatetime" ]
                                             } ]
                                          } ]
                                       }, {
                                          "r" : "97",
                                          "value" : [ " ","during"," " ]
                                       }, {
                                          "r" : "96",
                                          "s" : [ {
                                             "value" : [ "Interval[" ]
                                          }, {
                                             "r" : "92",
                                             "s" : [ {
                                                "r" : "86",
                                                "s" : [ {
                                                   "value" : [ "TJC" ]
                                                } ]
                                             }, {
                                                "value" : [ "." ]
                                             }, {
                                                "r" : "92",
                                                "s" : [ {
                                                   "value" : [ "\"TruncateTime\"","(" ]
                                                }, {
                                                   "r" : "91",
                                                   "s" : [ {
                                                      "r" : "89",
                                                      "s" : [ {
                                                         "value" : [ "start of " ]
                                                      }, {
                                                         "r" : "88",
                                                         "s" : [ {
                                                            "r" : "87",
                                                            "s" : [ {
                                                               "value" : [ "IschemicStrokeEncounter" ]
                                                            } ]
                                                         }, {
                                                            "value" : [ "." ]
                                                         }, {
                                                            "r" : "88",
                                                            "s" : [ {
                                                               "value" : [ "relevantPeriod" ]
                                                            } ]
                                                         } ]
                                                      } ]
                                                   }, {
                                                      "value" : [ " - " ]
                                                   }, {
                                                      "r" : "90",
                                                      "s" : [ {
                                                         "value" : [ "30 ","days" ]
                                                      } ]
                                                   } ]
                                                }, {
                                                   "value" : [ ")" ]
                                                } ]
                                             } ]
                                          }, {
                                             "value" : [ ", \n        " ]
                                          }, {
                                             "r" : "95",
                                             "s" : [ {
                                                "value" : [ "end of " ]
                                             }, {
                                                "r" : "94",
                                                "s" : [ {
                                                   "r" : "93",
                                                   "s" : [ {
                                                      "value" : [ "IschemicStrokeEncounter" ]
                                                   } ]
                                                }, {
                                                   "value" : [ "." ]
                                                }, {
                                                   "r" : "94",
                                                   "s" : [ {
                                                      "value" : [ "relevantPeriod" ]
                                                   } ]
                                                } ]
                                             } ]
                                          }, {
                                             "value" : [ "]" ]
                                          } ]
                                       } ]
                                    } ]
                                 }, {
                                    "value" : [ "\n        " ]
                                 }, {
                                    "r" : "102",
                                    "s" : [ {
                                       "value" : [ "return " ]
                                    }, {
                                       "r" : "101",
                                       "s" : [ {
                                          "r" : "99",
                                          "s" : [ {
                                             "r" : "98",
                                             "s" : [ {
                                                "value" : [ "Ldl" ]
                                             } ]
                                          }, {
                                             "value" : [ "." ]
                                          }, {
                                             "r" : "99",
                                             "s" : [ {
                                                "value" : [ "result" ]
                                             } ]
                                          } ]
                                       }, {
                                          "value" : [ " as " ]
                                       }, {
                                          "r" : "100",
                                          "s" : [ {
                                             "value" : [ "Quantity" ]
                                          } ]
                                       } ]
                                    } ]
                                 } ]
                              }, {
                                 "value" : [ "\n    )" ]
                              } ]
                           }, {
                              "value" : [ "<"," " ]
                           }, {
                              "r" : "105",
                              "s" : [ {
                                 "value" : [ "70 ","'mg/dL'" ]
                              } ]
                           } ]
                        } ]
                     } ]
                  } ]
               }
            } ],
            "expression" : {
               "localId" : "107",
               "locator" : "71:3-76:17",
               "type" : "Query",
               "source" : [ {
                  "localId" : "81",
                  "locator" : "71:3-71:57",
                  "alias" : "IschemicStrokeEncounter",
                  "expression" : {
                     "localId" : "80",
                     "locator" : "71:3-71:33",
                     "name" : "Ischemic Stroke Encounter",
                     "libraryName" : "TJC",
                     "type" : "ExpressionRef"
                  }
               } ],
               "relationship" : [ ],
               "where" : {
                  "localId" : "106",
                  "locator" : "72:5-76:17",
                  "type" : "Less",
                  "operand" : [ {
                     "localId" : "104",
                     "locator" : "72:11-76:5",
                     "type" : "Max",
                     "source" : {
                        "localId" : "103",
                        "locator" : "72:15-75:37",
                        "type" : "Query",
                        "source" : [ {
                           "localId" : "83",
                           "locator" : "72:15-72:57",
                           "alias" : "Ldl",
                           "expression" : {
                              "localId" : "82",
                              "locator" : "72:15-72:53",
                              "dataType" : "{urn:healthit-gov:qdm:v5_6}PositiveLaboratoryTestPerformed",
                              "templateId" : "PositiveLaboratoryTestPerformed",
                              "codeProperty" : "code",
                              "codeComparator" : "in",
                              "type" : "Retrieve",
                              "codes" : {
                                 "locator" : "72:46-72:52",
                                 "name" : "LDL-c",
                                 "type" : "ValueSetRef"
                              }
                           }
                        } ],
                        "relationship" : [ ],
                        "where" : {
                           "localId" : "97",
                           "locator" : "73:9-74:54",
                           "type" : "In",
                           "operand" : [ {
                              "localId" : "85",
                              "locator" : "73:15-73:32",
                              "path" : "resultDatetime",
                              "scope" : "Ldl",
                              "type" : "Property"
                           }, {
                              "localId" : "96",
                              "locator" : "73:41-74:54",
                              "lowClosed" : true,
                              "highClosed" : true,
                              "type" : "Interval",
                              "low" : {
                                 "localId" : "92",
                                 "locator" : "73:50-73:126",
                                 "name" : "TruncateTime",
                                 "libraryName" : "TJC",
                                 "type" : "FunctionRef",
                                 "operand" : [ {
                                    "localId" : "91",
                                    "locator" : "73:69-73:125",
                                    "type" : "Subtract",
                                    "operand" : [ {
                                       "localId" : "89",
                                       "locator" : "73:69-73:115",
                                       "type" : "Start",
                                       "operand" : {
                                          "localId" : "88",
                                          "locator" : "73:78-73:115",
                                          "path" : "relevantPeriod",
                                          "scope" : "IschemicStrokeEncounter",
                                          "type" : "Property"
                                       }
                                    }, {
                                       "localId" : "90",
                                       "locator" : "73:119-73:125",
                                       "value" : 30,
                                       "unit" : "days",
                                       "type" : "Quantity"
                                    } ]
                                 } ]
                              },
                              "high" : {
                                 "localId" : "95",
                                 "locator" : "74:9-74:53",
                                 "type" : "End",
                                 "operand" : {
                                    "localId" : "94",
                                    "locator" : "74:16-74:53",
                                    "path" : "relevantPeriod",
                                    "scope" : "IschemicStrokeEncounter",
                                    "type" : "Property"
                                 }
                              }
                           } ]
                        },
                        "return" : {
                           "localId" : "102",
                           "locator" : "75:9-75:37",
                           "expression" : {
                              "localId" : "101",
                              "locator" : "75:16-75:37",
                              "strict" : false,
                              "type" : "As",
                              "operand" : {
                                 "localId" : "99",
                                 "locator" : "75:16-75:25",
                                 "path" : "result",
                                 "scope" : "Ldl",
                                 "type" : "Property"
                              },
                              "asTypeSpecifier" : {
                                 "localId" : "100",
                                 "locator" : "75:30-75:37",
                                 "name" : "{urn:hl7-org:elm-types:r1}Quantity",
                                 "type" : "NamedTypeSpecifier"
                              }
                           }
                        }
                     }
                  }, {
                     "localId" : "105",
                     "locator" : "76:8-76:17",
                     "value" : 70,
                     "unit" : "mg/dL",
                     "type" : "Quantity"
                  } ]
               }
            }
         }, {
            "localId" : "111",
            "locator" : "49:1-59:57",
            "name" : "Denominator Exceptions",
            "context" : "Patient",
            "accessLevel" : "Public",
            "annotation" : [ {
               "type" : "Annotation",
               "s" : {
                  "r" : "111",
                  "s" : [ {
                     "value" : [ "","define ","\"Denominator Exceptions\"",":\n  " ]
                  }, {
                     "r" : "110",
                     "s" : [ {
                        "r" : "79",
                        "s" : [ {
                           "r" : "66",
                           "s" : [ {
                              "value" : [ "( " ]
                           }, {
                              "r" : "66",
                              "s" : [ {
                                 "s" : [ {
                                    "r" : "44",
                                    "s" : [ {
                                       "r" : "43",
                                       "s" : [ {
                                          "s" : [ {
                                             "value" : [ "TJC",".","\"Ischemic Stroke Encounter\"" ]
                                          } ]
                                       } ]
                                    }, {
                                       "value" : [ " ","IschemicStrokeEncounter" ]
                                    } ]
                                 } ]
                              }, {
                                 "value" : [ "\n      " ]
                              }, {
                                 "r" : "65",
                                 "s" : [ {
                                    "value" : [ "with " ]
                                 }, {
                                    "r" : "59",
                                    "s" : [ {
                                       "r" : "58",
                                       "s" : [ {
                                          "s" : [ {
                                             "value" : [ "\"Reason for Not Giving Statin at Discharge\"" ]
                                          } ]
                                       } ]
                                    }, {
                                       "value" : [ " ","NoDischargeStatin" ]
                                    } ]
                                 }, {
                                    "value" : [ "\n        such that " ]
                                 }, {
                                    "r" : "64",
                                    "s" : [ {
                                       "r" : "61",
                                       "s" : [ {
                                          "r" : "60",
                                          "s" : [ {
                                             "value" : [ "NoDischargeStatin" ]
                                          } ]
                                       }, {
                                          "value" : [ "." ]
                                       }, {
                                          "r" : "61",
                                          "s" : [ {
                                             "value" : [ "authorDatetime" ]
                                          } ]
                                       } ]
                                    }, {
                                       "r" : "64",
                                       "value" : [ " ","during"," " ]
                                    }, {
                                       "r" : "63",
                                       "s" : [ {
                                          "r" : "62",
                                          "s" : [ {
                                             "value" : [ "IschemicStrokeEncounter" ]
                                          } ]
                                       }, {
                                          "value" : [ "." ]
                                       }, {
                                          "r" : "63",
                                          "s" : [ {
                                             "value" : [ "relevantPeriod" ]
                                          } ]
                                       } ]
                                    } ]
                                 } ]
                              } ]
                           }, {
                              "value" : [ "\n  )" ]
                           } ]
                        }, {
                           "value" : [ "\n    union " ]
                        }, {
                           "r" : "78",
                           "s" : [ {
                              "value" : [ "( " ]
                           }, {
                              "r" : "78",
                              "s" : [ {
                                 "s" : [ {
                                    "r" : "68",
                                    "s" : [ {
                                       "r" : "67",
                                       "s" : [ {
                                          "s" : [ {
                                             "value" : [ "TJC",".","\"Ischemic Stroke Encounter\"" ]
                                          } ]
                                       } ]
                                    }, {
                                       "value" : [ " ","IschemicStrokeEncounter" ]
                                    } ]
                                 } ]
                              }, {
                                 "value" : [ "\n        " ]
                              }, {
                                 "r" : "77",
                                 "s" : [ {
                                    "value" : [ "with " ]
                                 }, {
                                    "r" : "70",
                                    "s" : [ {
                                       "r" : "69",
                                       "s" : [ {
                                          "s" : [ {
                                             "value" : [ "\"Statin Allergy\"" ]
                                          } ]
                                       } ]
                                    }, {
                                       "value" : [ " ","StatinAllergy" ]
                                    } ]
                                 }, {
                                    "value" : [ "\n          such that " ]
                                 }, {
                                    "r" : "76",
                                    "s" : [ {
                                       "r" : "72",
                                       "s" : [ {
                                          "r" : "71",
                                          "s" : [ {
                                             "value" : [ "StatinAllergy" ]
                                          } ]
                                       }, {
                                          "value" : [ "." ]
                                       }, {
                                          "r" : "72",
                                          "s" : [ {
                                             "value" : [ "prevalencePeriod" ]
                                          } ]
                                       } ]
                                    }, {
                                       "r" : "76",
                                       "value" : [ " ","starts on or before"," \n          " ]
                                    }, {
                                       "r" : "75",
                                       "s" : [ {
                                          "value" : [ "end of " ]
                                       }, {
                                          "r" : "74",
                                          "s" : [ {
                                             "r" : "73",
                                             "s" : [ {
                                                "value" : [ "IschemicStrokeEncounter" ]
                                             } ]
                                          }, {
                                             "value" : [ "." ]
                                          }, {
                                             "r" : "74",
                                             "s" : [ {
                                                "value" : [ "relevantPeriod" ]
                                             } ]
                                          } ]
                                       } ]
                                    } ]
                                 } ]
                              } ]
                           }, {
                              "value" : [ "\n    )" ]
                           } ]
                        } ]
                     }, {
                        "value" : [ "\n    union " ]
                     }, {
                        "r" : "109",
                        "s" : [ {
                           "value" : [ "\"Encounter with Max LDL less than 70 mg per dL\"" ]
                        } ]
                     } ]
                  } ]
               }
            } ],
            "expression" : {
               "localId" : "110",
               "locator" : "50:3-59:57",
               "type" : "Union",
               "operand" : [ {
                  "localId" : "79",
                  "locator" : "50:3-58:5",
                  "type" : "Union",
                  "operand" : [ {
                     "localId" : "66",
                     "locator" : "50:3-53:3",
                     "type" : "Query",
                     "source" : [ {
                        "localId" : "44",
                        "locator" : "50:5-50:59",
                        "alias" : "IschemicStrokeEncounter",
                        "expression" : {
                           "localId" : "43",
                           "locator" : "50:5-50:35",
                           "name" : "Ischemic Stroke Encounter",
                           "libraryName" : "TJC",
                           "type" : "ExpressionRef"
                        }
                     } ],
                     "relationship" : [ {
                        "localId" : "65",
                        "locator" : "51:7-52:96",
                        "alias" : "NoDischargeStatin",
                        "type" : "With",
                        "expression" : {
                           "localId" : "58",
                           "locator" : "51:12-51:54",
                           "name" : "Reason for Not Giving Statin at Discharge",
                           "type" : "ExpressionRef"
                        },
                        "suchThat" : {
                           "localId" : "64",
                           "locator" : "52:19-52:96",
                           "type" : "In",
                           "operand" : [ {
                              "localId" : "61",
                              "locator" : "52:19-52:50",
                              "path" : "authorDatetime",
                              "scope" : "NoDischargeStatin",
                              "type" : "Property"
                           }, {
                              "localId" : "63",
                              "locator" : "52:59-52:96",
                              "path" : "relevantPeriod",
                              "scope" : "IschemicStrokeEncounter",
                              "type" : "Property"
                           } ]
                        }
                     } ]
                  }, {
                     "localId" : "78",
                     "locator" : "54:11-58:5",
                     "type" : "Query",
                     "source" : [ {
                        "localId" : "68",
                        "locator" : "54:13-54:67",
                        "alias" : "IschemicStrokeEncounter",
                        "expression" : {
                           "localId" : "67",
                           "locator" : "54:13-54:43",
                           "name" : "Ischemic Stroke Encounter",
                           "libraryName" : "TJC",
                           "type" : "ExpressionRef"
                        }
                     } ],
                     "relationship" : [ {
                        "localId" : "77",
                        "locator" : "55:9-57:55",
                        "alias" : "StatinAllergy",
                        "type" : "With",
                        "expression" : {
                           "localId" : "69",
                           "locator" : "55:14-55:29",
                           "name" : "Statin Allergy",
                           "type" : "ExpressionRef"
                        },
                        "suchThat" : {
                           "localId" : "76",
                           "locator" : "56:21-57:55",
                           "type" : "SameOrBefore",
                           "operand" : [ {
                              "locator" : "56:52-56:57",
                              "type" : "Start",
                              "operand" : {
                                 "localId" : "72",
                                 "locator" : "56:21-56:50",
                                 "path" : "prevalencePeriod",
                                 "scope" : "StatinAllergy",
                                 "type" : "Property"
                              }
                           }, {
                              "localId" : "75",
                              "locator" : "57:11-57:55",
                              "type" : "End",
                              "operand" : {
                                 "localId" : "74",
                                 "locator" : "57:18-57:55",
                                 "path" : "relevantPeriod",
                                 "scope" : "IschemicStrokeEncounter",
                                 "type" : "Property"
                              }
                           } ]
                        }
                     } ]
                  } ]
               }, {
                  "localId" : "109",
                  "locator" : "59:11-59:57",
                  "name" : "Encounter with Max LDL less than 70 mg per dL",
                  "type" : "ExpressionRef"
               } ]
            }
         }, {
            "localId" : "117",
            "locator" : "61:1-63:70",
            "name" : "Denominator Exclusions",
            "context" : "Patient",
            "accessLevel" : "Public",
            "annotation" : [ {
               "type" : "Annotation",
               "s" : {
                  "r" : "117",
                  "s" : [ {
                     "value" : [ "","define ","\"Denominator Exclusions\"",":\n  " ]
                  }, {
                     "r" : "116",
                     "s" : [ {
                        "r" : "113",
                        "s" : [ {
                           "r" : "112",
                           "s" : [ {
                              "value" : [ "TJC" ]
                           } ]
                        }, {
                           "value" : [ "." ]
                        }, {
                           "r" : "113",
                           "s" : [ {
                              "value" : [ "\"Ischemic Stroke Encounters with Discharge Disposition\"" ]
                           } ]
                        } ]
                     }, {
                        "value" : [ "\n    union " ]
                     }, {
                        "r" : "115",
                        "s" : [ {
                           "r" : "114",
                           "s" : [ {
                              "value" : [ "TJC" ]
                           } ]
                        }, {
                           "value" : [ "." ]
                        }, {
                           "r" : "115",
                           "s" : [ {
                              "value" : [ "\"Encounter with Comfort Measures during Hospitalization\"" ]
                           } ]
                        } ]
                     } ]
                  } ]
               }
            } ],
            "expression" : {
               "localId" : "116",
               "locator" : "62:3-63:70",
               "type" : "Union",
               "operand" : [ {
                  "localId" : "113",
                  "locator" : "62:3-62:61",
                  "name" : "Ischemic Stroke Encounters with Discharge Disposition",
                  "libraryName" : "TJC",
                  "type" : "ExpressionRef"
               }, {
                  "localId" : "115",
                  "locator" : "63:11-63:70",
                  "name" : "Encounter with Comfort Measures during Hospitalization",
                  "libraryName" : "TJC",
                  "type" : "ExpressionRef"
               } ]
            }
         } ]
      }
   }
}