<?xml version="1.0" encoding="UTF-8"?>
<library xmlns="urn:hl7-org:elm:r1" xmlns:t="urn:hl7-org:elm-types:r1" xmlns:xsi="http://www.w3.org/2001/XMLSchema-instance" xmlns:xsd="http://www.w3.org/2001/XMLSchema" xmlns:fhir="http://hl7.org/fhir" xmlns:qdm43="urn:healthit-gov:qdm:v4_3" xmlns:qdm53="urn:healthit-gov:qdm:v5_3" xmlns:a="urn:hl7-org:cql-annotations:r1" localId="0">
   <annotation translatorVersion="3.14.0" translatorOptions="EnableAnnotations,EnableLocators,EnableResultTypes,EnableDetailedErrors,DisableListDemotion,DisableListPromotion" signatureLevel="None" xsi:type="a:CqlToElmInfo"/>
   <annotation xsi:type="a:Annotation">
      <a:s r="280">
         <a:s>library CMS149DementiaCognitiveAssessmentQDM version '14.0.000'</a:s>
      </a:s>
   </annotation>
   <identifier id="CMS149DementiaCognitiveAssessmentQDM" version="14.0.000"/>
   <schemaIdentifier id="urn:hl7-org:elm" version="r1"/>
   <usings>
      <def localId="1" localIdentifier="System" uri="urn:hl7-org:elm-types:r1"/>
      <def localId="206" locator="3:1-3:23" localIdentifier="QDM" uri="urn:healthit-gov:qdm:v5_6" version="5.6">
         <annotation xsi:type="a:Annotation">
            <a:s r="206">
               <a:s>using </a:s>
               <a:s>
                  <a:s>QDM</a:s>
               </a:s>
               <a:s> version '5.6'</a:s>
            </a:s>
         </annotation>
      </def>
   </usings>
   <includes>
      <def localId="207" locator="5:1-5:52" localIdentifier="Global" path="CQMCommonQDM" version="9.0.000">
         <annotation xsi:type="a:Annotation">
            <a:s r="207">
               <a:s>include </a:s>
               <a:s>
                  <a:s>CQMCommonQDM</a:s>
               </a:s>
               <a:s> version '9.0.000' called Global</a:s>
            </a:s>
         </annotation>
      </def>
   </includes>
   <parameters>
      <def localId="226" locator="26:1-26:49" name="Measurement Period" accessLevel="Public">
         <annotation xsi:type="a:Annotation">
            <a:s r="226">
               <a:s>parameter &quot;Measurement Period&quot; </a:s>
               <a:s r="227">
                  <a:s>Interval&lt;</a:s>
                  <a:s r="228">
                     <a:s>DateTime</a:s>
                  </a:s>
                  <a:s>></a:s>
               </a:s>
            </a:s>
         </annotation>
         <resultTypeSpecifier localId="231" xsi:type="IntervalTypeSpecifier">
            <pointType localId="232" name="t:DateTime" xsi:type="NamedTypeSpecifier"/>
         </resultTypeSpecifier>
         <parameterTypeSpecifier localId="227" locator="26:32-26:49" xsi:type="IntervalTypeSpecifier">
            <resultTypeSpecifier localId="229" xsi:type="IntervalTypeSpecifier">
               <pointType localId="230" name="t:DateTime" xsi:type="NamedTypeSpecifier"/>
            </resultTypeSpecifier>
            <pointType localId="228" locator="26:41-26:48" resultTypeName="t:DateTime" name="t:DateTime" xsi:type="NamedTypeSpecifier"/>
         </parameterTypeSpecifier>
      </def>
   </parameters>
   <valueSets>
      <def localId="208" locator="7:1-7:88" resultTypeName="t:ValueSet" name="Behavioral or Neuropsych Assessment" id="urn:oid:2.16.840.1.113883.3.526.3.1023" accessLevel="Public">
         <annotation xsi:type="a:Annotation">
            <a:s r="208">
               <a:s>valueset &quot;Behavioral or Neuropsych Assessment&quot;: 'urn:oid:2.16.840.1.113883.3.526.3.1023'</a:s>
            </a:s>
         </annotation>
      </def>
      <def localId="209" locator="8:1-8:110" resultTypeName="t:ValueSet" name="Care Services in Long Term Residential Facility" id="urn:oid:2.16.840.1.113883.3.464.1003.101.12.1014" accessLevel="Public">
         <annotation xsi:type="a:Annotation">
            <a:s r="209">
               <a:s>valueset &quot;Care Services in Long Term Residential Facility&quot;: 'urn:oid:2.16.840.1.113883.3.464.1003.101.12.1014'</a:s>
            </a:s>
         </annotation>
      </def>
      <def localId="210" locator="9:1-9:79" resultTypeName="t:ValueSet" name="Federal Administrative Sex" id="urn:oid:2.16.840.1.113762.1.4.1021.121" accessLevel="Public">
         <annotation xsi:type="a:Annotation">
            <a:s r="210">
               <a:s>valueset &quot;Federal Administrative Sex&quot;: 'urn:oid:2.16.840.1.113762.1.4.1021.121'</a:s>
            </a:s>
         </annotation>
      </def>
      <def localId="211" locator="10:1-10:73" resultTypeName="t:ValueSet" name="Cognitive Assessment" id="urn:oid:2.16.840.1.113883.3.526.3.1332" accessLevel="Public">
         <annotation xsi:type="a:Annotation">
            <a:s r="211">
               <a:s>valueset &quot;Cognitive Assessment&quot;: 'urn:oid:2.16.840.1.113883.3.526.3.1332'</a:s>
            </a:s>
         </annotation>
      </def>
      <def localId="212" locator="11:1-11:86" resultTypeName="t:ValueSet" name="Dementia and Mental Degenerations" id="urn:oid:2.16.840.1.113883.3.526.3.1005" accessLevel="Public">
         <annotation xsi:type="a:Annotation">
            <a:s r="212">
               <a:s>valueset &quot;Dementia and Mental Degenerations&quot;: 'urn:oid:2.16.840.1.113883.3.526.3.1005'</a:s>
            </a:s>
         </annotation>
      </def>
      <def localId="213" locator="12:1-12:58" resultTypeName="t:ValueSet" name="Ethnicity" id="urn:oid:2.16.840.1.114222.4.11.837" accessLevel="Public">
         <annotation xsi:type="a:Annotation">
            <a:s r="213">
               <a:s>valueset &quot;Ethnicity&quot;: 'urn:oid:2.16.840.1.114222.4.11.837'</a:s>
            </a:s>
         </annotation>
      </def>
      <def localId="214" locator="13:1-13:87" resultTypeName="t:ValueSet" name="Home Healthcare Services" id="urn:oid:2.16.840.1.113883.3.464.1003.101.12.1016" accessLevel="Public">
         <annotation xsi:type="a:Annotation">
            <a:s r="214">
               <a:s>valueset &quot;Home Healthcare Services&quot;: 'urn:oid:2.16.840.1.113883.3.464.1003.101.12.1016'</a:s>
            </a:s>
         </annotation>
      </def>
      <def localId="215" locator="14:1-14:85" resultTypeName="t:ValueSet" name="Nursing Facility Visit" id="urn:oid:2.16.840.1.113883.3.464.1003.101.12.1012" accessLevel="Public">
         <annotation xsi:type="a:Annotation">
            <a:s r="215">
               <a:s>valueset &quot;Nursing Facility Visit&quot;: 'urn:oid:2.16.840.1.113883.3.464.1003.101.12.1012'</a:s>
            </a:s>
         </annotation>
      </def>
      <def localId="216" locator="15:1-15:84" resultTypeName="t:ValueSet" name="Occupational Therapy Evaluation" id="urn:oid:2.16.840.1.113883.3.526.3.1011" accessLevel="Public">
         <annotation xsi:type="a:Annotation">
            <a:s r="216">
               <a:s>valueset &quot;Occupational Therapy Evaluation&quot;: 'urn:oid:2.16.840.1.113883.3.526.3.1011'</a:s>
            </a:s>
         </annotation>
      </def>
      <def localId="217" locator="16:1-16:75" resultTypeName="t:ValueSet" name="Office Visit" id="urn:oid:2.16.840.1.113883.3.464.1003.101.12.1001" accessLevel="Public">
         <annotation xsi:type="a:Annotation">
            <a:s r="217">
               <a:s>valueset &quot;Office Visit&quot;: 'urn:oid:2.16.840.1.113883.3.464.1003.101.12.1001'</a:s>
            </a:s>
         </annotation>
      </def>
      <def localId="218" locator="17:1-17:86" resultTypeName="t:ValueSet" name="Outpatient Consultation" id="urn:oid:2.16.840.1.113883.3.464.1003.101.12.1008" accessLevel="Public">
         <annotation xsi:type="a:Annotation">
            <a:s r="218">
               <a:s>valueset &quot;Outpatient Consultation&quot;: 'urn:oid:2.16.840.1.113883.3.464.1003.101.12.1008'</a:s>
            </a:s>
         </annotation>
      </def>
      <def localId="219" locator="18:1-18:81" resultTypeName="t:ValueSet" name="Patient Provider Interaction" id="urn:oid:2.16.840.1.113883.3.526.3.1012" accessLevel="Public">
         <annotation xsi:type="a:Annotation">
            <a:s r="219">
               <a:s>valueset &quot;Patient Provider Interaction&quot;: 'urn:oid:2.16.840.1.113883.3.526.3.1012'</a:s>
            </a:s>
         </annotation>
      </def>
      <def localId="220" locator="19:1-19:67" resultTypeName="t:ValueSet" name="Patient Reason" id="urn:oid:2.16.840.1.113883.3.526.3.1008" accessLevel="Public">
         <annotation xsi:type="a:Annotation">
            <a:s r="220">
               <a:s>valueset &quot;Patient Reason&quot;: 'urn:oid:2.16.840.1.113883.3.526.3.1008'</a:s>
            </a:s>
         </annotation>
      </def>
      <def localId="221" locator="20:1-20:60" resultTypeName="t:ValueSet" name="Payer Type" id="urn:oid:2.16.840.1.114222.4.11.3591" accessLevel="Public">
         <annotation xsi:type="a:Annotation">
            <a:s r="221">
               <a:s>valueset &quot;Payer Type&quot;: 'urn:oid:2.16.840.1.114222.4.11.3591'</a:s>
            </a:s>
         </annotation>
      </def>
      <def localId="222" locator="21:1-21:86" resultTypeName="t:ValueSet" name="Psych Visit Diagnostic Evaluation" id="urn:oid:2.16.840.1.113883.3.526.3.1492" accessLevel="Public">
         <annotation xsi:type="a:Annotation">
            <a:s r="222">
               <a:s>valueset &quot;Psych Visit Diagnostic Evaluation&quot;: 'urn:oid:2.16.840.1.113883.3.526.3.1492'</a:s>
            </a:s>
         </annotation>
      </def>
      <def localId="223" locator="22:1-22:78" resultTypeName="t:ValueSet" name="Psych Visit Psychotherapy" id="urn:oid:2.16.840.1.113883.3.526.3.1496" accessLevel="Public">
         <annotation xsi:type="a:Annotation">
            <a:s r="223">
               <a:s>valueset &quot;Psych Visit Psychotherapy&quot;: 'urn:oid:2.16.840.1.113883.3.526.3.1496'</a:s>
            </a:s>
         </annotation>
      </def>
      <def localId="224" locator="23:1-23:53" resultTypeName="t:ValueSet" name="Race" id="urn:oid:2.16.840.1.114222.4.11.836" accessLevel="Public">
         <annotation xsi:type="a:Annotation">
            <a:s r="224">
               <a:s>valueset &quot;Race&quot;: 'urn:oid:2.16.840.1.114222.4.11.836'</a:s>
            </a:s>
         </annotation>
      </def>
      <def localId="225" locator="24:1-24:105" resultTypeName="t:ValueSet" name="Standardized Tools Score for Assessment of Cognition" id="urn:oid:2.16.840.1.113883.3.526.3.1006" accessLevel="Public">
         <annotation xsi:type="a:Annotation">
            <a:s r="225">
               <a:s>valueset &quot;Standardized Tools Score for Assessment of Cognition&quot;: 'urn:oid:2.16.840.1.113883.3.526.3.1006'</a:s>
            </a:s>
         </annotation>
      </def>
   </valueSets>
   <contexts>
      <def localId="236" locator="28:1-28:15" name="Patient"/>
   </contexts>
   <statements>
      <def localId="234" locator="28:1-28:15" name="Patient" context="Patient">
         <expression localId="235" xsi:type="SingletonFrom">
            <operand localId="233" locator="28:1-28:15" xmlns:ns0="urn:healthit-gov:qdm:v5_6" dataType="ns0:Patient" templateId="Patient" xsi:type="Retrieve"/>
         </expression>
      </def>
      <def localId="283" locator="52:1-61:61" name="Encounter to Assess Cognition" context="Patient" accessLevel="Public">
         <annotation xsi:type="a:Annotation">
            <a:s r="283">
               <a:s>define &quot;Encounter to Assess Cognition&quot;:
  </a:s>
               <a:s r="362">
                  <a:s r="353">
                     <a:s r="343">
                        <a:s r="334">
                           <a:s r="324">
                              <a:s r="315">
                                 <a:s r="305">
                                    <a:s r="296">
                                       <a:s r="286">
                                          <a:s>[&quot;Encounter, Performed&quot;: </a:s>
                                          <a:s>
                                             <a:s>&quot;Psych Visit Diagnostic Evaluation&quot;</a:s>
                                          </a:s>
                                          <a:s>]</a:s>
                                       </a:s>
                                       <a:s>
    union </a:s>
                                       <a:s r="292">
                                          <a:s>[&quot;Encounter, Performed&quot;: </a:s>
                                          <a:s>
                                             <a:s>&quot;Nursing Facility Visit&quot;</a:s>
                                          </a:s>
                                          <a:s>]</a:s>
                                       </a:s>
                                    </a:s>
                                    <a:s>
    union </a:s>
                                    <a:s r="301">
                                       <a:s>[&quot;Encounter, Performed&quot;: </a:s>
                                       <a:s>
                                          <a:s>&quot;Care Services in Long Term Residential Facility&quot;</a:s>
                                       </a:s>
                                       <a:s>]</a:s>
                                    </a:s>
                                 </a:s>
                                 <a:s>
    union </a:s>
                                 <a:s r="310">
                                    <a:s>[&quot;Encounter, Performed&quot;: </a:s>
                                    <a:s>
                                       <a:s>&quot;Home Healthcare Services&quot;</a:s>
                                    </a:s>
                                    <a:s>]</a:s>
                                 </a:s>
                              </a:s>
                              <a:s>
    union </a:s>
                              <a:s r="320">
                                 <a:s>[&quot;Encounter, Performed&quot;: </a:s>
                                 <a:s>
                                    <a:s>&quot;Psych Visit Psychotherapy&quot;</a:s>
                                 </a:s>
                                 <a:s>]</a:s>
                              </a:s>
                           </a:s>
                           <a:s>
    union </a:s>
                           <a:s r="329">
                              <a:s>[&quot;Encounter, Performed&quot;: </a:s>
                              <a:s>
                                 <a:s>&quot;Behavioral or Neuropsych Assessment&quot;</a:s>
                              </a:s>
                              <a:s>]</a:s>
                           </a:s>
                        </a:s>
                        <a:s>
    union </a:s>
                        <a:s r="339">
                           <a:s>[&quot;Encounter, Performed&quot;: </a:s>
                           <a:s>
                              <a:s>&quot;Occupational Therapy Evaluation&quot;</a:s>
                           </a:s>
                           <a:s>]</a:s>
                        </a:s>
                     </a:s>
                     <a:s>
    union </a:s>
                     <a:s r="348">
                        <a:s>[&quot;Encounter, Performed&quot;: </a:s>
                        <a:s>
                           <a:s>&quot;Office Visit&quot;</a:s>
                        </a:s>
                        <a:s>]</a:s>
                     </a:s>
                  </a:s>
                  <a:s>
    union </a:s>
                  <a:s r="358">
                     <a:s>[&quot;Encounter, Performed&quot;: </a:s>
                     <a:s>
                        <a:s>&quot;Outpatient Consultation&quot;</a:s>
                     </a:s>
                     <a:s>]</a:s>
                  </a:s>
               </a:s>
            </a:s>
         </annotation>
         <resultTypeSpecifier localId="682" xsi:type="ListTypeSpecifier">
            <elementType localId="683" xmlns:ns1="urn:healthit-gov:qdm:v5_6" name="ns1:PositiveEncounterPerformed" xsi:type="NamedTypeSpecifier"/>
         </resultTypeSpecifier>
         <expression localId="362" locator="53:3-61:61" xsi:type="Union">
            <resultTypeSpecifier localId="363" xsi:type="ListTypeSpecifier">
               <elementType localId="364" xmlns:ns2="urn:healthit-gov:qdm:v5_6" name="ns2:PositiveEncounterPerformed" xsi:type="NamedTypeSpecifier"/>
            </resultTypeSpecifier>
            <operand localId="353" locator="53:3-60:50" xsi:type="Union">
               <resultTypeSpecifier localId="354" xsi:type="ListTypeSpecifier">
                  <elementType localId="355" xmlns:ns3="urn:healthit-gov:qdm:v5_6" name="ns3:PositiveEncounterPerformed" xsi:type="NamedTypeSpecifier"/>
               </resultTypeSpecifier>
               <operand localId="334" locator="53:3-58:73" xsi:type="Union">
                  <resultTypeSpecifier localId="335" xsi:type="ListTypeSpecifier">
                     <elementType localId="336" xmlns:ns4="urn:healthit-gov:qdm:v5_6" name="ns4:PositiveEncounterPerformed" xsi:type="NamedTypeSpecifier"/>
                  </resultTypeSpecifier>
                  <operand localId="315" locator="53:3-56:62" xsi:type="Union">
                     <resultTypeSpecifier localId="316" xsi:type="ListTypeSpecifier">
                        <elementType localId="317" xmlns:ns5="urn:healthit-gov:qdm:v5_6" name="ns5:PositiveEncounterPerformed" xsi:type="NamedTypeSpecifier"/>
                     </resultTypeSpecifier>
                     <operand localId="296" locator="53:3-54:60" xsi:type="Union">
                        <resultTypeSpecifier localId="297" xsi:type="ListTypeSpecifier">
                           <elementType localId="298" xmlns:ns6="urn:healthit-gov:qdm:v5_6" name="ns6:PositiveEncounterPerformed" xsi:type="NamedTypeSpecifier"/>
                        </resultTypeSpecifier>
                        <operand localId="286" locator="53:3-53:63" xmlns:ns7="urn:healthit-gov:qdm:v5_6" dataType="ns7:PositiveEncounterPerformed" templateId="PositiveEncounterPerformed" codeProperty="code" codeComparator="in" xsi:type="Retrieve">
                           <resultTypeSpecifier localId="288" xsi:type="ListTypeSpecifier">
                              <elementType localId="289" xmlns:ns8="urn:healthit-gov:qdm:v5_6" name="ns8:PositiveEncounterPerformed" xsi:type="NamedTypeSpecifier"/>
                           </resultTypeSpecifier>
                           <codes localId="285" locator="53:28-53:62" resultTypeName="t:ValueSet" name="Psych Visit Diagnostic Evaluation" preserve="true" xsi:type="ValueSetRef"/>
                        </operand>
                        <operand localId="292" locator="54:11-54:60" xmlns:ns9="urn:healthit-gov:qdm:v5_6" dataType="ns9:PositiveEncounterPerformed" templateId="PositiveEncounterPerformed" codeProperty="code" codeComparator="in" xsi:type="Retrieve">
                           <resultTypeSpecifier localId="294" xsi:type="ListTypeSpecifier">
                              <elementType localId="295" xmlns:ns10="urn:healthit-gov:qdm:v5_6" name="ns10:PositiveEncounterPerformed" xsi:type="NamedTypeSpecifier"/>
                           </resultTypeSpecifier>
                           <codes localId="291" locator="54:36-54:59" resultTypeName="t:ValueSet" name="Nursing Facility Visit" preserve="true" xsi:type="ValueSetRef"/>
                        </operand>
                     </operand>
                     <operand localId="314" xsi:type="Union">
                        <operand localId="301" locator="55:11-55:85" xmlns:ns11="urn:healthit-gov:qdm:v5_6" dataType="ns11:PositiveEncounterPerformed" templateId="PositiveEncounterPerformed" codeProperty="code" codeComparator="in" xsi:type="Retrieve">
                           <resultTypeSpecifier localId="303" xsi:type="ListTypeSpecifier">
                              <elementType localId="304" xmlns:ns12="urn:healthit-gov:qdm:v5_6" name="ns12:PositiveEncounterPerformed" xsi:type="NamedTypeSpecifier"/>
                           </resultTypeSpecifier>
                           <codes localId="300" locator="55:36-55:84" resultTypeName="t:ValueSet" name="Care Services in Long Term Residential Facility" preserve="true" xsi:type="ValueSetRef"/>
                        </operand>
                        <operand localId="310" locator="56:11-56:62" xmlns:ns13="urn:healthit-gov:qdm:v5_6" dataType="ns13:PositiveEncounterPerformed" templateId="PositiveEncounterPerformed" codeProperty="code" codeComparator="in" xsi:type="Retrieve">
                           <resultTypeSpecifier localId="312" xsi:type="ListTypeSpecifier">
                              <elementType localId="313" xmlns:ns14="urn:healthit-gov:qdm:v5_6" name="ns14:PositiveEncounterPerformed" xsi:type="NamedTypeSpecifier"/>
                           </resultTypeSpecifier>
                           <codes localId="309" locator="56:36-56:61" resultTypeName="t:ValueSet" name="Home Healthcare Services" preserve="true" xsi:type="ValueSetRef"/>
                        </operand>
                     </operand>
                  </operand>
                  <operand localId="333" xsi:type="Union">
                     <operand localId="320" locator="57:11-57:63" xmlns:ns15="urn:healthit-gov:qdm:v5_6" dataType="ns15:PositiveEncounterPerformed" templateId="PositiveEncounterPerformed" codeProperty="code" codeComparator="in" xsi:type="Retrieve">
                        <resultTypeSpecifier localId="322" xsi:type="ListTypeSpecifier">
                           <elementType localId="323" xmlns:ns16="urn:healthit-gov:qdm:v5_6" name="ns16:PositiveEncounterPerformed" xsi:type="NamedTypeSpecifier"/>
                        </resultTypeSpecifier>
                        <codes localId="319" locator="57:36-57:62" resultTypeName="t:ValueSet" name="Psych Visit Psychotherapy" preserve="true" xsi:type="ValueSetRef"/>
                     </operand>
                     <operand localId="329" locator="58:11-58:73" xmlns:ns17="urn:healthit-gov:qdm:v5_6" dataType="ns17:PositiveEncounterPerformed" templateId="PositiveEncounterPerformed" codeProperty="code" codeComparator="in" xsi:type="Retrieve">
                        <resultTypeSpecifier localId="331" xsi:type="ListTypeSpecifier">
                           <elementType localId="332" xmlns:ns18="urn:healthit-gov:qdm:v5_6" name="ns18:PositiveEncounterPerformed" xsi:type="NamedTypeSpecifier"/>
                        </resultTypeSpecifier>
                        <codes localId="328" locator="58:36-58:72" resultTypeName="t:ValueSet" name="Behavioral or Neuropsych Assessment" preserve="true" xsi:type="ValueSetRef"/>
                     </operand>
                  </operand>
               </operand>
               <operand localId="352" xsi:type="Union">
                  <operand localId="339" locator="59:11-59:69" xmlns:ns19="urn:healthit-gov:qdm:v5_6" dataType="ns19:PositiveEncounterPerformed" templateId="PositiveEncounterPerformed" codeProperty="code" codeComparator="in" xsi:type="Retrieve">
                     <resultTypeSpecifier localId="341" xsi:type="ListTypeSpecifier">
                        <elementType localId="342" xmlns:ns20="urn:healthit-gov:qdm:v5_6" name="ns20:PositiveEncounterPerformed" xsi:type="NamedTypeSpecifier"/>
                     </resultTypeSpecifier>
                     <codes localId="338" locator="59:36-59:68" resultTypeName="t:ValueSet" name="Occupational Therapy Evaluation" preserve="true" xsi:type="ValueSetRef"/>
                  </operand>
                  <operand localId="348" locator="60:11-60:50" xmlns:ns21="urn:healthit-gov:qdm:v5_6" dataType="ns21:PositiveEncounterPerformed" templateId="PositiveEncounterPerformed" codeProperty="code" codeComparator="in" xsi:type="Retrieve">
                     <resultTypeSpecifier localId="350" xsi:type="ListTypeSpecifier">
                        <elementType localId="351" xmlns:ns22="urn:healthit-gov:qdm:v5_6" name="ns22:PositiveEncounterPerformed" xsi:type="NamedTypeSpecifier"/>
                     </resultTypeSpecifier>
                     <codes localId="347" locator="60:36-60:49" resultTypeName="t:ValueSet" name="Office Visit" preserve="true" xsi:type="ValueSetRef"/>
                  </operand>
               </operand>
            </operand>
            <operand localId="358" locator="61:11-61:61" xmlns:ns23="urn:healthit-gov:qdm:v5_6" dataType="ns23:PositiveEncounterPerformed" templateId="PositiveEncounterPerformed" codeProperty="code" codeComparator="in" xsi:type="Retrieve">
               <resultTypeSpecifier localId="360" xsi:type="ListTypeSpecifier">
                  <elementType localId="361" xmlns:ns24="urn:healthit-gov:qdm:v5_6" name="ns24:PositiveEncounterPerformed" xsi:type="NamedTypeSpecifier"/>
               </resultTypeSpecifier>
               <codes localId="357" locator="61:36-61:60" resultTypeName="t:ValueSet" name="Outpatient Consultation" preserve="true" xsi:type="ValueSetRef"/>
            </operand>
         </expression>
      </def>
      <def localId="280" locator="85:1-89:93" name="Dementia Encounter During Measurement Period" context="Patient" accessLevel="Public">
         <annotation xsi:type="a:Annotation">
            <a:s r="280">
               <a:s>define &quot;Dementia Encounter During Measurement Period&quot;:
  </a:s>
               <a:s r="411">
                  <a:s>
                     <a:s r="281">
                        <a:s r="367">
                           <a:s>
                              <a:s>&quot;Encounter to Assess Cognition&quot;</a:s>
                           </a:s>
                        </a:s>
                        <a:s> EncounterAssessCognition</a:s>
                     </a:s>
                  </a:s>
                  <a:s>
    </a:s>
                  <a:s r="408">
                     <a:s>with </a:s>
                     <a:s r="372">
                        <a:s r="375">
                           <a:s r="375">
                              <a:s>[&quot;Diagnosis&quot;: </a:s>
                              <a:s>
                                 <a:s>&quot;Dementia and Mental Degenerations&quot;</a:s>
                              </a:s>
                              <a:s>]</a:s>
                           </a:s>
                        </a:s>
                        <a:s> Dementia</a:s>
                     </a:s>
                     <a:s>
      such that </a:s>
                     <a:s r="383">
                        <a:s r="393">
                           <a:s r="385">
                              <a:s r="384">
                                 <a:s>EncounterAssessCognition</a:s>
                              </a:s>
                              <a:s>.</a:s>
                              <a:s r="385">
                                 <a:s>relevantPeriod</a:s>
                              </a:s>
                           </a:s>
                           <a:s r="393"> during day of </a:s>
                           <a:s r="390">
                              <a:s>&quot;Measurement Period&quot;</a:s>
                           </a:s>
                        </a:s>
                        <a:s>
        and </a:s>
                        <a:s r="407">
                           <a:s r="396">
                              <a:s r="395">
                                 <a:s>Dementia</a:s>
                              </a:s>
                              <a:s>.</a:s>
                              <a:s r="396">
                                 <a:s>prevalencePeriod</a:s>
                              </a:s>
                           </a:s>
                           <a:s r="407"> overlaps day of </a:s>
                           <a:s r="402">
                              <a:s r="401">
                                 <a:s>EncounterAssessCognition</a:s>
                              </a:s>
                              <a:s>.</a:s>
                              <a:s r="402">
                                 <a:s>relevantPeriod</a:s>
                              </a:s>
                           </a:s>
                        </a:s>
                     </a:s>
                  </a:s>
               </a:s>
            </a:s>
         </annotation>
         <resultTypeSpecifier localId="697" xsi:type="ListTypeSpecifier">
            <elementType localId="698" xmlns:ns25="urn:healthit-gov:qdm:v5_6" name="ns25:PositiveEncounterPerformed" xsi:type="NamedTypeSpecifier"/>
         </resultTypeSpecifier>
         <expression localId="411" locator="86:3-89:93" xsi:type="Query">
            <resultTypeSpecifier localId="412" xsi:type="ListTypeSpecifier">
               <elementType localId="413" xmlns:ns26="urn:healthit-gov:qdm:v5_6" name="ns26:PositiveEncounterPerformed" xsi:type="NamedTypeSpecifier"/>
            </resultTypeSpecifier>
            <source localId="281" locator="86:3-86:58" alias="EncounterAssessCognition">
               <resultTypeSpecifier localId="370" xsi:type="ListTypeSpecifier">
                  <elementType localId="371" xmlns:ns27="urn:healthit-gov:qdm:v5_6" name="ns27:PositiveEncounterPerformed" xsi:type="NamedTypeSpecifier"/>
               </resultTypeSpecifier>
               <expression localId="367" locator="86:3-86:33" name="Encounter to Assess Cognition" xsi:type="ExpressionRef">
                  <resultTypeSpecifier localId="368" xsi:type="ListTypeSpecifier">
                     <elementType localId="369" xmlns:ns28="urn:healthit-gov:qdm:v5_6" name="ns28:PositiveEncounterPerformed" xsi:type="NamedTypeSpecifier"/>
                  </resultTypeSpecifier>
               </expression>
            </source>
            <relationship localId="408" locator="87:5-89:93" alias="Dementia" xsi:type="With">
               <resultTypeSpecifier localId="409" xsi:type="ListTypeSpecifier">
                  <elementType localId="410" xmlns:ns29="urn:healthit-gov:qdm:v5_6" name="ns29:Diagnosis" xsi:type="NamedTypeSpecifier"/>
               </resultTypeSpecifier>
               <expression localId="375" locator="87:10-87:59" xmlns:ns30="urn:healthit-gov:qdm:v5_6" dataType="ns30:Diagnosis" codeProperty="code" codeComparator="in" xsi:type="Retrieve">
                  <resultTypeSpecifier localId="379" xsi:type="ListTypeSpecifier">
                     <elementType localId="380" xmlns:ns31="urn:healthit-gov:qdm:v5_6" name="ns31:Diagnosis" xsi:type="NamedTypeSpecifier"/>
                  </resultTypeSpecifier>
                  <codes localId="374" locator="87:24-87:58" resultTypeName="t:ValueSet" name="Dementia and Mental Degenerations" preserve="true" xsi:type="ValueSetRef"/>
               </expression>
               <suchThat localId="383" locator="88:17-89:93" resultTypeName="t:Boolean" xsi:type="And">
                  <operand localId="393" locator="88:17-88:90" resultTypeName="t:Boolean" precision="Day" xsi:type="IncludedIn">
                     <operand localId="385" locator="88:17-88:55" path="relevantPeriod" scope="EncounterAssessCognition" xsi:type="Property">
                        <resultTypeSpecifier localId="388" xsi:type="IntervalTypeSpecifier">
                           <pointType localId="389" name="t:DateTime" xsi:type="NamedTypeSpecifier"/>
                        </resultTypeSpecifier>
                     </operand>
                     <operand localId="390" locator="88:71-88:90" name="Measurement Period" xsi:type="ParameterRef">
                        <resultTypeSpecifier localId="391" xsi:type="IntervalTypeSpecifier">
                           <pointType localId="392" name="t:DateTime" xsi:type="NamedTypeSpecifier"/>
                        </resultTypeSpecifier>
                     </operand>
                  </operand>
                  <operand localId="407" locator="89:13-89:93" resultTypeName="t:Boolean" precision="Day" xsi:type="Overlaps">
                     <operand localId="396" locator="89:13-89:37" path="prevalencePeriod" scope="Dementia" xsi:type="Property">
                        <resultTypeSpecifier localId="399" xsi:type="IntervalTypeSpecifier">
                           <pointType localId="400" name="t:DateTime" xsi:type="NamedTypeSpecifier"/>
                        </resultTypeSpecifier>
                     </operand>
                     <operand localId="402" locator="89:55-89:93" path="relevantPeriod" scope="EncounterAssessCognition" xsi:type="Property">
                        <resultTypeSpecifier localId="405" xsi:type="IntervalTypeSpecifier">
                           <pointType localId="406" name="t:DateTime" xsi:type="NamedTypeSpecifier"/>
                        </resultTypeSpecifier>
                     </operand>
                  </operand>
               </suchThat>
            </relationship>
         </expression>
      </def>
      <def localId="241" locator="63:1-68:57" name="Assessment of Cognition Using Standardized Tools or Alternate Methods" context="Patient" accessLevel="Public">
         <annotation xsi:type="a:Annotation">
            <a:s r="241">
               <a:s>define &quot;Assessment of Cognition Using Standardized Tools or Alternate Methods&quot;:
  </a:s>
               <a:s r="494">
                  <a:s>
                     <a:s r="242">
                        <a:s r="265">
                           <a:s>( </a:s>
                           <a:s r="265">
                              <a:s r="245">
                                 <a:s>[&quot;Assessment, Performed&quot;: </a:s>
                                 <a:s>
                                    <a:s>&quot;Standardized Tools Score for Assessment of Cognition&quot;</a:s>
                                 </a:s>
                                 <a:s>]</a:s>
                              </a:s>
                              <a:s>
    union </a:s>
                              <a:s r="251">
                                 <a:s>[&quot;Intervention, Performed&quot;: </a:s>
                                 <a:s>
                                    <a:s>&quot;Cognitive Assessment&quot;</a:s>
                                 </a:s>
                                 <a:s>]</a:s>
                              </a:s>
                           </a:s>
                           <a:s> )</a:s>
                        </a:s>
                        <a:s> CognitiveAssessmentPerformed</a:s>
                     </a:s>
                  </a:s>
                  <a:s>
    </a:s>
                  <a:s r="458">
                     <a:s>with </a:s>
                     <a:s r="278">
                        <a:s r="416">
                           <a:s>
                              <a:s>&quot;Dementia Encounter During Measurement Period&quot;</a:s>
                           </a:s>
                        </a:s>
                        <a:s> EncounterDementia</a:s>
                     </a:s>
                     <a:s>
      such that </a:s>
                     <a:s r="457">
                        <a:s r="436">
                           <a:s r="421">
                              <a:s>Global</a:s>
                           </a:s>
                           <a:s>.</a:s>
                           <a:s r="436">
                              <a:s>&quot;NormalizeInterval&quot; ( </a:s>
                              <a:s r="426">
                                 <a:s r="422">
                                    <a:s>CognitiveAssessmentPerformed</a:s>
                                 </a:s>
                                 <a:s>.</a:s>
                                 <a:s r="426">
                                    <a:s>relevantDatetime</a:s>
                                 </a:s>
                              </a:s>
                              <a:s>, </a:s>
                              <a:s r="431">
                                 <a:s r="427">
                                    <a:s>CognitiveAssessmentPerformed</a:s>
                                 </a:s>
                                 <a:s>.</a:s>
                                 <a:s r="431">
                                    <a:s>relevantPeriod</a:s>
                                 </a:s>
                              </a:s>
                              <a:s> )</a:s>
                           </a:s>
                        </a:s>
                        <a:s> </a:s>
                        <a:s r="457">
                           <a:s>starts </a:s>
                           <a:s r="449">
                              <a:s>12 months</a:s>
                           </a:s>
                           <a:s> or less on or before day of</a:s>
                        </a:s>
                        <a:s> </a:s>
                        <a:s r="441">
                           <a:s>end of </a:s>
                           <a:s r="443">
                              <a:s r="442">
                                 <a:s>EncounterDementia</a:s>
                              </a:s>
                              <a:s>.</a:s>
                              <a:s r="443">
                                 <a:s>relevantPeriod</a:s>
                              </a:s>
                           </a:s>
                        </a:s>
                     </a:s>
                  </a:s>
                  <a:s>
    </a:s>
                  <a:s r="493">
                     <a:s>where </a:s>
                     <a:s r="493">
                        <a:s r="465">
                           <a:s r="461">
                              <a:s>CognitiveAssessmentPerformed</a:s>
                           </a:s>
                           <a:s>.</a:s>
                           <a:s r="465">
                              <a:s>result</a:s>
                           </a:s>
                        </a:s>
                        <a:s> is not null</a:s>
                     </a:s>
                  </a:s>
               </a:s>
            </a:s>
         </annotation>
         <resultTypeSpecifier localId="684" xsi:type="ListTypeSpecifier">
            <elementType localId="685" xsi:type="ChoiceTypeSpecifier">
               <choice localId="686" xmlns:ns32="urn:healthit-gov:qdm:v5_6" name="ns32:PositiveInterventionPerformed" xsi:type="NamedTypeSpecifier"/>
               <choice localId="687" xmlns:ns33="urn:healthit-gov:qdm:v5_6" name="ns33:PositiveAssessmentPerformed" xsi:type="NamedTypeSpecifier"/>
            </elementType>
         </resultTypeSpecifier>
         <expression localId="494" locator="64:3-68:57" xsi:type="Query">
            <resultTypeSpecifier localId="495" xsi:type="ListTypeSpecifier">
               <elementType localId="496" xsi:type="ChoiceTypeSpecifier">
                  <choice localId="497" xmlns:ns34="urn:healthit-gov:qdm:v5_6" name="ns34:PositiveInterventionPerformed" xsi:type="NamedTypeSpecifier"/>
                  <choice localId="498" xmlns:ns35="urn:healthit-gov:qdm:v5_6" name="ns35:PositiveAssessmentPerformed" xsi:type="NamedTypeSpecifier"/>
               </elementType>
            </resultTypeSpecifier>
            <source localId="242" locator="64:3-65:92" alias="CognitiveAssessmentPerformed">
               <resultTypeSpecifier localId="274" xsi:type="ListTypeSpecifier">
                  <elementType localId="275" xsi:type="ChoiceTypeSpecifier">
                     <choice localId="276" xmlns:ns36="urn:healthit-gov:qdm:v5_6" name="ns36:PositiveInterventionPerformed" xsi:type="NamedTypeSpecifier"/>
                     <choice localId="277" xmlns:ns37="urn:healthit-gov:qdm:v5_6" name="ns37:PositiveAssessmentPerformed" xsi:type="NamedTypeSpecifier"/>
                  </elementType>
               </resultTypeSpecifier>
               <expression localId="265" locator="64:3-65:63" xsi:type="Union">
                  <resultTypeSpecifier localId="270" xsi:type="ListTypeSpecifier">
                     <elementType localId="271" xsi:type="ChoiceTypeSpecifier">
                        <choice localId="272" xmlns:ns38="urn:healthit-gov:qdm:v5_6" name="ns38:PositiveInterventionPerformed" xsi:type="NamedTypeSpecifier"/>
                        <choice localId="273" xmlns:ns39="urn:healthit-gov:qdm:v5_6" name="ns39:PositiveAssessmentPerformed" xsi:type="NamedTypeSpecifier"/>
                     </elementType>
                  </resultTypeSpecifier>
                  <operand localId="255" xsi:type="As">
                     <operand localId="245" locator="64:5-64:85" xmlns:ns40="urn:healthit-gov:qdm:v5_6" dataType="ns40:PositiveAssessmentPerformed" templateId="PositiveAssessmentPerformed" codeProperty="code" codeComparator="in" xsi:type="Retrieve">
                        <resultTypeSpecifier localId="247" xsi:type="ListTypeSpecifier">
                           <elementType localId="248" xmlns:ns41="urn:healthit-gov:qdm:v5_6" name="ns41:PositiveAssessmentPerformed" xsi:type="NamedTypeSpecifier"/>
                        </resultTypeSpecifier>
                        <codes localId="244" locator="64:31-64:84" resultTypeName="t:ValueSet" name="Standardized Tools Score for Assessment of Cognition" preserve="true" xsi:type="ValueSetRef"/>
                     </operand>
                     <asTypeSpecifier localId="256" xsi:type="ListTypeSpecifier">
                        <elementType localId="257" xsi:type="ChoiceTypeSpecifier">
                           <choice localId="258" xmlns:ns42="urn:healthit-gov:qdm:v5_6" name="ns42:PositiveInterventionPerformed" xsi:type="NamedTypeSpecifier"/>
                           <choice localId="259" xmlns:ns43="urn:healthit-gov:qdm:v5_6" name="ns43:PositiveAssessmentPerformed" xsi:type="NamedTypeSpecifier"/>
                        </elementType>
                     </asTypeSpecifier>
                  </operand>
                  <operand localId="260" xsi:type="As">
                     <operand localId="251" locator="65:11-65:61" xmlns:ns44="urn:healthit-gov:qdm:v5_6" dataType="ns44:PositiveInterventionPerformed" templateId="PositiveInterventionPerformed" codeProperty="code" codeComparator="in" xsi:type="Retrieve">
                        <resultTypeSpecifier localId="253" xsi:type="ListTypeSpecifier">
                           <elementType localId="254" xmlns:ns45="urn:healthit-gov:qdm:v5_6" name="ns45:PositiveInterventionPerformed" xsi:type="NamedTypeSpecifier"/>
                        </resultTypeSpecifier>
                        <codes localId="250" locator="65:39-65:60" resultTypeName="t:ValueSet" name="Cognitive Assessment" preserve="true" xsi:type="ValueSetRef"/>
                     </operand>
                     <asTypeSpecifier localId="261" xsi:type="ListTypeSpecifier">
                        <elementType localId="262" xsi:type="ChoiceTypeSpecifier">
                           <choice localId="263" xmlns:ns46="urn:healthit-gov:qdm:v5_6" name="ns46:PositiveInterventionPerformed" xsi:type="NamedTypeSpecifier"/>
                           <choice localId="264" xmlns:ns47="urn:healthit-gov:qdm:v5_6" name="ns47:PositiveAssessmentPerformed" xsi:type="NamedTypeSpecifier"/>
                        </elementType>
                     </asTypeSpecifier>
                  </operand>
               </expression>
            </source>
            <relationship localId="458" locator="66:5-67:222" alias="EncounterDementia" xsi:type="With">
               <resultTypeSpecifier localId="459" xsi:type="ListTypeSpecifier">
                  <elementType localId="460" xmlns:ns48="urn:healthit-gov:qdm:v5_6" name="ns48:PositiveEncounterPerformed" xsi:type="NamedTypeSpecifier"/>
               </resultTypeSpecifier>
               <expression localId="416" locator="66:10-66:55" name="Dementia Encounter During Measurement Period" xsi:type="ExpressionRef">
                  <resultTypeSpecifier localId="417" xsi:type="ListTypeSpecifier">
                     <elementType localId="418" xmlns:ns49="urn:healthit-gov:qdm:v5_6" name="ns49:PositiveEncounterPerformed" xsi:type="NamedTypeSpecifier"/>
                  </resultTypeSpecifier>
               </expression>
               <suchThat localId="457" locator="67:17-67:222" resultTypeName="t:Boolean" xsi:type="And">
                  <operand localId="454" locator="67:146-67:162" precision="Day" xsi:type="In">
                     <operand localId="448" locator="67:139-67:144" xsi:type="Start">
                        <operand localId="436" locator="67:17-67:137" name="NormalizeInterval" libraryName="Global" xsi:type="FunctionRef">
                           <resultTypeSpecifier localId="439" xsi:type="IntervalTypeSpecifier">
                              <pointType localId="440" name="t:DateTime" xsi:type="NamedTypeSpecifier"/>
                           </resultTypeSpecifier>
                           <operand localId="426" locator="67:46-67:90" resultTypeName="t:DateTime" path="relevantDatetime" scope="CognitiveAssessmentPerformed" xsi:type="Property"/>
                           <operand localId="431" locator="67:93-67:135" path="relevantPeriod" scope="CognitiveAssessmentPerformed" xsi:type="Property">
                              <resultTypeSpecifier localId="434" xsi:type="IntervalTypeSpecifier">
                                 <pointType localId="435" name="t:DateTime" xsi:type="NamedTypeSpecifier"/>
                              </resultTypeSpecifier>
                           </operand>
                        </operand>
                     </operand>
                     <operand localId="451" locator="67:146-67:162" lowClosed="true" highClosed="true" xsi:type="Interval">
                        <resultTypeSpecifier localId="452" xsi:type="IntervalTypeSpecifier">
                           <pointType localId="453" name="t:DateTime" xsi:type="NamedTypeSpecifier"/>
                        </resultTypeSpecifier>
                        <low localId="450" locator="67:184-67:222" xsi:type="Subtract">
                           <operand localId="441" locator="67:184-67:222" resultTypeName="t:DateTime" xsi:type="End">
                              <operand localId="443" locator="67:191-67:222" path="relevantPeriod" scope="EncounterDementia" xsi:type="Property">
                                 <resultTypeSpecifier localId="446" xsi:type="IntervalTypeSpecifier">
                                    <pointType localId="447" name="t:DateTime" xsi:type="NamedTypeSpecifier"/>
                                 </resultTypeSpecifier>
                              </operand>
                           </operand>
                           <operand localId="449" locator="67:146-67:154" resultTypeName="t:Quantity" value="12" unit="months" xsi:type="Quantity"/>
                        </low>
                        <high localId="441" locator="67:184-67:222" resultTypeName="t:DateTime" xsi:type="End">
                           <operand localId="443" locator="67:191-67:222" path="relevantPeriod" scope="EncounterDementia" xsi:type="Property">
                              <resultTypeSpecifier localId="446" xsi:type="IntervalTypeSpecifier">
                                 <pointType localId="447" name="t:DateTime" xsi:type="NamedTypeSpecifier"/>
                              </resultTypeSpecifier>
                           </operand>
                        </high>
                     </operand>
                  </operand>
                  <operand localId="456" locator="67:146-67:162" xsi:type="Not">
                     <operand localId="455" locator="67:146-67:162" xsi:type="IsNull">
                        <operand localId="441" locator="67:184-67:222" resultTypeName="t:DateTime" xsi:type="End">
                           <operand localId="443" locator="67:191-67:222" path="relevantPeriod" scope="EncounterDementia" xsi:type="Property">
                              <resultTypeSpecifier localId="446" xsi:type="IntervalTypeSpecifier">
                                 <pointType localId="447" name="t:DateTime" xsi:type="NamedTypeSpecifier"/>
                              </resultTypeSpecifier>
                           </operand>
                        </operand>
                     </operand>
                  </operand>
               </suchThat>
            </relationship>
            <where localId="493" locator="68:5-68:57" resultTypeName="t:Boolean" xsi:type="Not">
               <operand localId="492" locator="68:11-68:57" resultTypeName="t:Boolean" xsi:type="IsNull">
                  <operand localId="465" locator="68:11-68:45" path="result" scope="CognitiveAssessmentPerformed" xsi:type="Property">
                     <resultTypeSpecifier localId="479" xsi:type="ChoiceTypeSpecifier">
                        <choice localId="480" name="t:Integer" xsi:type="NamedTypeSpecifier"/>
                        <choice localId="481" name="t:Decimal" xsi:type="NamedTypeSpecifier"/>
                        <choice localId="482" name="t:Code" xsi:type="NamedTypeSpecifier"/>
                        <choice localId="483" name="t:Quantity" xsi:type="NamedTypeSpecifier"/>
                        <choice localId="484" name="t:Ratio" xsi:type="NamedTypeSpecifier"/>
                        <choice localId="485" name="t:DateTime" xsi:type="NamedTypeSpecifier"/>
                        <choice localId="486" name="t:Time" xsi:type="NamedTypeSpecifier"/>
                        <choice localId="487" name="t:Integer" xsi:type="NamedTypeSpecifier"/>
                        <choice localId="488" name="t:Decimal" xsi:type="NamedTypeSpecifier"/>
                        <choice localId="489" name="t:Code" xsi:type="NamedTypeSpecifier"/>
                        <choice localId="490" name="t:Quantity" xsi:type="NamedTypeSpecifier"/>
                        <choice localId="491" name="t:Ratio" xsi:type="NamedTypeSpecifier"/>
                     </resultTypeSpecifier>
                  </operand>
               </operand>
            </where>
         </expression>
      </def>
      <def localId="238" locator="30:1-31:80" resultTypeName="t:Boolean" name="Numerator" context="Patient" accessLevel="Public">
         <annotation xsi:type="a:Annotation">
            <a:s r="238">
               <a:s>define &quot;Numerator&quot;:
  </a:s>
               <a:s r="239">
                  <a:s>exists </a:s>
                  <a:s r="503">
                     <a:s>&quot;Assessment of Cognition Using Standardized Tools or Alternate Methods&quot;</a:s>
                  </a:s>
               </a:s>
            </a:s>
         </annotation>
         <expression localId="239" locator="31:3-31:80" resultTypeName="t:Boolean" xsi:type="Exists">
            <operand localId="503" locator="31:10-31:80" name="Assessment of Cognition Using Standardized Tools or Alternate Methods" xsi:type="ExpressionRef">
               <resultTypeSpecifier localId="504" xsi:type="ListTypeSpecifier">
                  <elementType localId="505" xsi:type="ChoiceTypeSpecifier">
                     <choice localId="506" xmlns:ns50="urn:healthit-gov:qdm:v5_6" name="ns50:PositiveInterventionPerformed" xsi:type="NamedTypeSpecifier"/>
                     <choice localId="507" xmlns:ns51="urn:healthit-gov:qdm:v5_6" name="ns51:PositiveAssessmentPerformed" xsi:type="NamedTypeSpecifier"/>
                  </elementType>
               </resultTypeSpecifier>
            </operand>
         </expression>
      </def>
      <def localId="509" locator="33:1-34:51" name="SDE Ethnicity" context="Patient" accessLevel="Public">
         <annotation xsi:type="a:Annotation">
            <a:s r="509">
               <a:s>define &quot;SDE Ethnicity&quot;:
  </a:s>
               <a:s r="512">
                  <a:s>[&quot;Patient Characteristic Ethnicity&quot;: </a:s>
                  <a:s>
                     <a:s>&quot;Ethnicity&quot;</a:s>
                  </a:s>
                  <a:s>]</a:s>
               </a:s>
            </a:s>
         </annotation>
         <resultTypeSpecifier localId="516" xsi:type="ListTypeSpecifier">
            <elementType localId="517" xmlns:ns52="urn:healthit-gov:qdm:v5_6" name="ns52:PatientCharacteristicEthnicity" xsi:type="NamedTypeSpecifier"/>
         </resultTypeSpecifier>
         <expression localId="512" locator="34:3-34:51" xmlns:ns53="urn:healthit-gov:qdm:v5_6" dataType="ns53:PatientCharacteristicEthnicity" codeProperty="code" codeComparator="in" xsi:type="Retrieve">
            <resultTypeSpecifier localId="514" xsi:type="ListTypeSpecifier">
               <elementType localId="515" xmlns:ns54="urn:healthit-gov:qdm:v5_6" name="ns54:PatientCharacteristicEthnicity" xsi:type="NamedTypeSpecifier"/>
            </resultTypeSpecifier>
            <codes localId="511" locator="34:40-34:50" resultTypeName="t:ValueSet" name="Ethnicity" preserve="true" xsi:type="ValueSetRef"/>
         </expression>
      </def>
      <def localId="519" locator="36:1-37:41" name="SDE Race" context="Patient" accessLevel="Public">
         <annotation xsi:type="a:Annotation">
            <a:s r="519">
               <a:s>define &quot;SDE Race&quot;:
  </a:s>
               <a:s r="522">
                  <a:s>[&quot;Patient Characteristic Race&quot;: </a:s>
                  <a:s>
                     <a:s>&quot;Race&quot;</a:s>
                  </a:s>
                  <a:s>]</a:s>
               </a:s>
            </a:s>
         </annotation>
         <resultTypeSpecifier localId="526" xsi:type="ListTypeSpecifier">
            <elementType localId="527" xmlns:ns55="urn:healthit-gov:qdm:v5_6" name="ns55:PatientCharacteristicRace" xsi:type="NamedTypeSpecifier"/>
         </resultTypeSpecifier>
         <expression localId="522" locator="37:3-37:41" xmlns:ns56="urn:healthit-gov:qdm:v5_6" dataType="ns56:PatientCharacteristicRace" codeProperty="code" codeComparator="in" xsi:type="Retrieve">
            <resultTypeSpecifier localId="524" xsi:type="ListTypeSpecifier">
               <elementType localId="525" xmlns:ns57="urn:healthit-gov:qdm:v5_6" name="ns57:PatientCharacteristicRace" xsi:type="NamedTypeSpecifier"/>
            </resultTypeSpecifier>
            <codes localId="521" locator="37:35-37:40" resultTypeName="t:ValueSet" name="Race" preserve="true" xsi:type="ValueSetRef"/>
         </expression>
      </def>
      <def localId="529" locator="39:1-40:62" name="SDE Sex" context="Patient" accessLevel="Public">
         <annotation xsi:type="a:Annotation">
            <a:s r="529">
               <a:s>define &quot;SDE Sex&quot;:
  </a:s>
               <a:s r="532">
                  <a:s>[&quot;Patient Characteristic Sex&quot;: </a:s>
                  <a:s>
                     <a:s>&quot;Federal Administrative Sex&quot;</a:s>
                  </a:s>
                  <a:s>]</a:s>
               </a:s>
            </a:s>
         </annotation>
         <resultTypeSpecifier localId="536" xsi:type="ListTypeSpecifier">
            <elementType localId="537" xmlns:ns58="urn:healthit-gov:qdm:v5_6" name="ns58:PatientCharacteristicSex" xsi:type="NamedTypeSpecifier"/>
         </resultTypeSpecifier>
         <expression localId="532" locator="40:3-40:62" xmlns:ns59="urn:healthit-gov:qdm:v5_6" dataType="ns59:PatientCharacteristicSex" codeProperty="code" codeComparator="in" xsi:type="Retrieve">
            <resultTypeSpecifier localId="534" xsi:type="ListTypeSpecifier">
               <elementType localId="535" xmlns:ns60="urn:healthit-gov:qdm:v5_6" name="ns60:PatientCharacteristicSex" xsi:type="NamedTypeSpecifier"/>
            </resultTypeSpecifier>
            <codes localId="531" locator="40:34-40:61" resultTypeName="t:ValueSet" name="Federal Administrative Sex" preserve="true" xsi:type="ValueSetRef"/>
         </expression>
      </def>
      <def localId="542" locator="73:1-78:69" name="Patient Reason for Not Performing Assessment of Cognition Using Standardized Tools or Alternate Methods" context="Patient" accessLevel="Public">
         <annotation xsi:type="a:Annotation">
            <a:s r="542">
               <a:s>define &quot;Patient Reason for Not Performing Assessment of Cognition Using Standardized Tools or Alternate Methods&quot;:
  </a:s>
               <a:s r="608">
                  <a:s>
                     <a:s r="543">
                        <a:s r="566">
                           <a:s>( </a:s>
                           <a:s r="566">
                              <a:s r="546">
                                 <a:s>[&quot;Assessment, Not Performed&quot;: </a:s>
                                 <a:s>
                                    <a:s>&quot;Standardized Tools Score for Assessment of Cognition&quot;</a:s>
                                 </a:s>
                                 <a:s>]</a:s>
                              </a:s>
                              <a:s>
    union </a:s>
                              <a:s r="552">
                                 <a:s>[&quot;Intervention, Not Performed&quot;: </a:s>
                                 <a:s>
                                    <a:s>&quot;Cognitive Assessment&quot;</a:s>
                                 </a:s>
                                 <a:s>]</a:s>
                              </a:s>
                           </a:s>
                           <a:s> )</a:s>
                        </a:s>
                        <a:s> NoCognitiveAssessment</a:s>
                     </a:s>
                  </a:s>
                  <a:s>
    </a:s>
                  <a:s r="598">
                     <a:s>with </a:s>
                     <a:s r="579">
                        <a:s r="580">
                           <a:s>
                              <a:s>&quot;Dementia Encounter During Measurement Period&quot;</a:s>
                           </a:s>
                        </a:s>
                        <a:s> EncounterDementia</a:s>
                     </a:s>
                     <a:s>
      such that </a:s>
                     <a:s r="597">
                        <a:s r="589">
                           <a:s r="585">
                              <a:s>NoCognitiveAssessment</a:s>
                           </a:s>
                           <a:s>.</a:s>
                           <a:s r="589">
                              <a:s>authorDatetime</a:s>
                           </a:s>
                        </a:s>
                        <a:s r="597"> during day of </a:s>
                        <a:s r="591">
                           <a:s r="590">
                              <a:s>EncounterDementia</a:s>
                           </a:s>
                           <a:s>.</a:s>
                           <a:s r="591">
                              <a:s>relevantPeriod</a:s>
                           </a:s>
                        </a:s>
                     </a:s>
                  </a:s>
                  <a:s>
    </a:s>
                  <a:s r="607">
                     <a:s>where </a:s>
                     <a:s r="607">
                        <a:s r="605">
                           <a:s r="601">
                              <a:s>NoCognitiveAssessment</a:s>
                           </a:s>
                           <a:s>.</a:s>
                           <a:s r="605">
                              <a:s>negationRationale</a:s>
                           </a:s>
                        </a:s>
                        <a:s> in </a:s>
                        <a:s r="606">
                           <a:s>&quot;Patient Reason&quot;</a:s>
                        </a:s>
                     </a:s>
                  </a:s>
               </a:s>
            </a:s>
         </annotation>
         <resultTypeSpecifier localId="691" xsi:type="ListTypeSpecifier">
            <elementType localId="692" xsi:type="ChoiceTypeSpecifier">
               <choice localId="693" xmlns:ns61="urn:healthit-gov:qdm:v5_6" name="ns61:NegativeAssessmentPerformed" xsi:type="NamedTypeSpecifier"/>
               <choice localId="694" xmlns:ns62="urn:healthit-gov:qdm:v5_6" name="ns62:NegativeInterventionPerformed" xsi:type="NamedTypeSpecifier"/>
            </elementType>
         </resultTypeSpecifier>
         <expression localId="608" locator="74:3-78:69" xsi:type="Query">
            <resultTypeSpecifier localId="609" xsi:type="ListTypeSpecifier">
               <elementType localId="610" xsi:type="ChoiceTypeSpecifier">
                  <choice localId="611" xmlns:ns63="urn:healthit-gov:qdm:v5_6" name="ns63:NegativeAssessmentPerformed" xsi:type="NamedTypeSpecifier"/>
                  <choice localId="612" xmlns:ns64="urn:healthit-gov:qdm:v5_6" name="ns64:NegativeInterventionPerformed" xsi:type="NamedTypeSpecifier"/>
               </elementType>
            </resultTypeSpecifier>
            <source localId="543" locator="74:3-75:89" alias="NoCognitiveAssessment">
               <resultTypeSpecifier localId="575" xsi:type="ListTypeSpecifier">
                  <elementType localId="576" xsi:type="ChoiceTypeSpecifier">
                     <choice localId="577" xmlns:ns65="urn:healthit-gov:qdm:v5_6" name="ns65:NegativeAssessmentPerformed" xsi:type="NamedTypeSpecifier"/>
                     <choice localId="578" xmlns:ns66="urn:healthit-gov:qdm:v5_6" name="ns66:NegativeInterventionPerformed" xsi:type="NamedTypeSpecifier"/>
                  </elementType>
               </resultTypeSpecifier>
               <expression localId="566" locator="74:3-75:67" xsi:type="Union">
                  <resultTypeSpecifier localId="571" xsi:type="ListTypeSpecifier">
                     <elementType localId="572" xsi:type="ChoiceTypeSpecifier">
                        <choice localId="573" xmlns:ns67="urn:healthit-gov:qdm:v5_6" name="ns67:NegativeAssessmentPerformed" xsi:type="NamedTypeSpecifier"/>
                        <choice localId="574" xmlns:ns68="urn:healthit-gov:qdm:v5_6" name="ns68:NegativeInterventionPerformed" xsi:type="NamedTypeSpecifier"/>
                     </elementType>
                  </resultTypeSpecifier>
                  <operand localId="556" xsi:type="As">
                     <operand localId="546" locator="74:5-74:89" xmlns:ns69="urn:healthit-gov:qdm:v5_6" dataType="ns69:NegativeAssessmentPerformed" templateId="NegativeAssessmentPerformed" codeProperty="code" codeComparator="in" xsi:type="Retrieve">
                        <resultTypeSpecifier localId="548" xsi:type="ListTypeSpecifier">
                           <elementType localId="549" xmlns:ns70="urn:healthit-gov:qdm:v5_6" name="ns70:NegativeAssessmentPerformed" xsi:type="NamedTypeSpecifier"/>
                        </resultTypeSpecifier>
                        <codes localId="545" locator="74:35-74:88" resultTypeName="t:ValueSet" name="Standardized Tools Score for Assessment of Cognition" preserve="true" xsi:type="ValueSetRef"/>
                     </operand>
                     <asTypeSpecifier localId="557" xsi:type="ListTypeSpecifier">
                        <elementType localId="558" xsi:type="ChoiceTypeSpecifier">
                           <choice localId="559" xmlns:ns71="urn:healthit-gov:qdm:v5_6" name="ns71:NegativeAssessmentPerformed" xsi:type="NamedTypeSpecifier"/>
                           <choice localId="560" xmlns:ns72="urn:healthit-gov:qdm:v5_6" name="ns72:NegativeInterventionPerformed" xsi:type="NamedTypeSpecifier"/>
                        </elementType>
                     </asTypeSpecifier>
                  </operand>
                  <operand localId="561" xsi:type="As">
                     <operand localId="552" locator="75:11-75:65" xmlns:ns73="urn:healthit-gov:qdm:v5_6" dataType="ns73:NegativeInterventionPerformed" templateId="NegativeInterventionPerformed" codeProperty="code" codeComparator="in" xsi:type="Retrieve">
                        <resultTypeSpecifier localId="554" xsi:type="ListTypeSpecifier">
                           <elementType localId="555" xmlns:ns74="urn:healthit-gov:qdm:v5_6" name="ns74:NegativeInterventionPerformed" xsi:type="NamedTypeSpecifier"/>
                        </resultTypeSpecifier>
                        <codes localId="551" locator="75:43-75:64" resultTypeName="t:ValueSet" name="Cognitive Assessment" preserve="true" xsi:type="ValueSetRef"/>
                     </operand>
                     <asTypeSpecifier localId="562" xsi:type="ListTypeSpecifier">
                        <elementType localId="563" xsi:type="ChoiceTypeSpecifier">
                           <choice localId="564" xmlns:ns75="urn:healthit-gov:qdm:v5_6" name="ns75:NegativeAssessmentPerformed" xsi:type="NamedTypeSpecifier"/>
                           <choice localId="565" xmlns:ns76="urn:healthit-gov:qdm:v5_6" name="ns76:NegativeInterventionPerformed" xsi:type="NamedTypeSpecifier"/>
                        </elementType>
                     </asTypeSpecifier>
                  </operand>
               </expression>
            </source>
            <relationship localId="598" locator="76:5-77:99" alias="EncounterDementia" xsi:type="With">
               <resultTypeSpecifier localId="599" xsi:type="ListTypeSpecifier">
                  <elementType localId="600" xmlns:ns77="urn:healthit-gov:qdm:v5_6" name="ns77:PositiveEncounterPerformed" xsi:type="NamedTypeSpecifier"/>
               </resultTypeSpecifier>
               <expression localId="580" locator="76:10-76:55" name="Dementia Encounter During Measurement Period" xsi:type="ExpressionRef">
                  <resultTypeSpecifier localId="581" xsi:type="ListTypeSpecifier">
                     <elementType localId="582" xmlns:ns78="urn:healthit-gov:qdm:v5_6" name="ns78:PositiveEncounterPerformed" xsi:type="NamedTypeSpecifier"/>
                  </resultTypeSpecifier>
               </expression>
               <suchThat localId="597" locator="77:17-77:99" resultTypeName="t:Boolean" precision="Day" xsi:type="In">
                  <operand localId="589" locator="77:17-77:52" resultTypeName="t:DateTime" path="authorDatetime" scope="NoCognitiveAssessment" xsi:type="Property"/>
                  <operand localId="591" locator="77:68-77:99" path="relevantPeriod" scope="EncounterDementia" xsi:type="Property">
                     <resultTypeSpecifier localId="594" xsi:type="IntervalTypeSpecifier">
                        <pointType localId="595" name="t:DateTime" xsi:type="NamedTypeSpecifier"/>
                     </resultTypeSpecifier>
                  </operand>
               </suchThat>
            </relationship>
            <where localId="607" locator="78:5-78:69" resultTypeName="t:Boolean" xsi:type="InValueSet">
               <code localId="605" locator="78:11-78:49" resultTypeName="t:Code" path="negationRationale" scope="NoCognitiveAssessment" xsi:type="Property"/>
               <valueset localId="606" locator="78:54-78:69" resultTypeName="t:ValueSet" name="Patient Reason" preserve="true"/>
            </where>
         </expression>
      </def>
      <def localId="539" locator="42:1-43:114" resultTypeName="t:Boolean" name="Denominator Exceptions" context="Patient" accessLevel="Public">
         <annotation xsi:type="a:Annotation">
            <a:s r="539">
               <a:s>define &quot;Denominator Exceptions&quot;:
  </a:s>
               <a:s r="540">
                  <a:s>exists </a:s>
                  <a:s r="617">
                     <a:s>&quot;Patient Reason for Not Performing Assessment of Cognition Using Standardized Tools or Alternate Methods&quot;</a:s>
                  </a:s>
               </a:s>
            </a:s>
         </annotation>
         <expression localId="540" locator="43:3-43:114" resultTypeName="t:Boolean" xsi:type="Exists">
            <operand localId="617" locator="43:10-43:114" name="Patient Reason for Not Performing Assessment of Cognition Using Standardized Tools or Alternate Methods" xsi:type="ExpressionRef">
               <resultTypeSpecifier localId="618" xsi:type="ListTypeSpecifier">
                  <elementType localId="619" xsi:type="ChoiceTypeSpecifier">
                     <choice localId="620" xmlns:ns79="urn:healthit-gov:qdm:v5_6" name="ns79:NegativeAssessmentPerformed" xsi:type="NamedTypeSpecifier"/>
                     <choice localId="621" xmlns:ns80="urn:healthit-gov:qdm:v5_6" name="ns80:NegativeInterventionPerformed" xsi:type="NamedTypeSpecifier"/>
                  </elementType>
               </resultTypeSpecifier>
            </operand>
         </expression>
      </def>
      <def localId="631" locator="80:1-83:74" name="Qualifying Encounter During Measurement Period" context="Patient" accessLevel="Public">
         <annotation xsi:type="a:Annotation">
            <a:s r="631">
               <a:s>define &quot;Qualifying Encounter During Measurement Period&quot;:
  </a:s>
               <a:s r="660">
                  <a:s>
                     <a:s r="632">
                        <a:s r="642">
                           <a:s>( </a:s>
                           <a:s r="642">
                              <a:s r="633">
                                 <a:s>&quot;Encounter to Assess Cognition&quot;</a:s>
                              </a:s>
                              <a:s>
    union </a:s>
                              <a:s r="638">
                                 <a:s>[&quot;Encounter, Performed&quot;: </a:s>
                                 <a:s>
                                    <a:s>&quot;Patient Provider Interaction&quot;</a:s>
                                 </a:s>
                                 <a:s>]</a:s>
                              </a:s>
                           </a:s>
                           <a:s> )</a:s>
                        </a:s>
                        <a:s> ValidEncounter</a:s>
                     </a:s>
                  </a:s>
                  <a:s>
    </a:s>
                  <a:s r="658">
                     <a:s>where </a:s>
                     <a:s r="658">
                        <a:s r="650">
                           <a:s r="649">
                              <a:s>ValidEncounter</a:s>
                           </a:s>
                           <a:s>.</a:s>
                           <a:s r="650">
                              <a:s>relevantPeriod</a:s>
                           </a:s>
                        </a:s>
                        <a:s r="658"> during day of </a:s>
                        <a:s r="655">
                           <a:s>&quot;Measurement Period&quot;</a:s>
                        </a:s>
                     </a:s>
                  </a:s>
               </a:s>
            </a:s>
         </annotation>
         <resultTypeSpecifier localId="695" xsi:type="ListTypeSpecifier">
            <elementType localId="696" xmlns:ns81="urn:healthit-gov:qdm:v5_6" name="ns81:PositiveEncounterPerformed" xsi:type="NamedTypeSpecifier"/>
         </resultTypeSpecifier>
         <expression localId="660" locator="81:3-83:74" xsi:type="Query">
            <resultTypeSpecifier localId="661" xsi:type="ListTypeSpecifier">
               <elementType localId="662" xmlns:ns82="urn:healthit-gov:qdm:v5_6" name="ns82:PositiveEncounterPerformed" xsi:type="NamedTypeSpecifier"/>
            </resultTypeSpecifier>
            <source localId="632" locator="81:3-82:83" alias="ValidEncounter">
               <resultTypeSpecifier localId="647" xsi:type="ListTypeSpecifier">
                  <elementType localId="648" xmlns:ns83="urn:healthit-gov:qdm:v5_6" name="ns83:PositiveEncounterPerformed" xsi:type="NamedTypeSpecifier"/>
               </resultTypeSpecifier>
               <expression localId="642" locator="81:3-82:68" xsi:type="Union">
                  <resultTypeSpecifier localId="645" xsi:type="ListTypeSpecifier">
                     <elementType localId="646" xmlns:ns84="urn:healthit-gov:qdm:v5_6" name="ns84:PositiveEncounterPerformed" xsi:type="NamedTypeSpecifier"/>
                  </resultTypeSpecifier>
                  <operand localId="633" locator="81:5-81:35" name="Encounter to Assess Cognition" xsi:type="ExpressionRef">
                     <resultTypeSpecifier localId="634" xsi:type="ListTypeSpecifier">
                        <elementType localId="635" xmlns:ns85="urn:healthit-gov:qdm:v5_6" name="ns85:PositiveEncounterPerformed" xsi:type="NamedTypeSpecifier"/>
                     </resultTypeSpecifier>
                  </operand>
                  <operand localId="638" locator="82:11-82:66" xmlns:ns86="urn:healthit-gov:qdm:v5_6" dataType="ns86:PositiveEncounterPerformed" templateId="PositiveEncounterPerformed" codeProperty="code" codeComparator="in" xsi:type="Retrieve">
                     <resultTypeSpecifier localId="640" xsi:type="ListTypeSpecifier">
                        <elementType localId="641" xmlns:ns87="urn:healthit-gov:qdm:v5_6" name="ns87:PositiveEncounterPerformed" xsi:type="NamedTypeSpecifier"/>
                     </resultTypeSpecifier>
                     <codes localId="637" locator="82:36-82:65" resultTypeName="t:ValueSet" name="Patient Provider Interaction" preserve="true" xsi:type="ValueSetRef"/>
                  </operand>
               </expression>
            </source>
            <where localId="658" locator="83:5-83:74" resultTypeName="t:Boolean" precision="Day" xsi:type="IncludedIn">
               <operand localId="650" locator="83:11-83:39" path="relevantPeriod" scope="ValidEncounter" xsi:type="Property">
                  <resultTypeSpecifier localId="653" xsi:type="IntervalTypeSpecifier">
                     <pointType localId="654" name="t:DateTime" xsi:type="NamedTypeSpecifier"/>
                  </resultTypeSpecifier>
               </operand>
               <operand localId="655" locator="83:55-83:74" name="Measurement Period" xsi:type="ParameterRef">
                  <resultTypeSpecifier localId="656" xsi:type="IntervalTypeSpecifier">
                     <pointType localId="657" name="t:DateTime" xsi:type="NamedTypeSpecifier"/>
                  </resultTypeSpecifier>
               </operand>
            </where>
         </expression>
      </def>
      <def localId="623" locator="45:1-47:72" resultTypeName="t:Boolean" name="Initial Population" context="Patient" accessLevel="Public">
         <annotation xsi:type="a:Annotation">
            <a:s r="623">
               <a:s>define &quot;Initial Population&quot;:
  </a:s>
               <a:s r="624">
                  <a:s r="625">
                     <a:s>exists </a:s>
                     <a:s r="626">
                        <a:s>&quot;Dementia Encounter During Measurement Period&quot;</a:s>
                     </a:s>
                  </a:s>
                  <a:s>
    and </a:s>
                  <a:s r="629">
                     <a:s>( </a:s>
                     <a:s r="629">
                        <a:s r="670">
                           <a:s>Count(</a:s>
                           <a:s r="665">
                              <a:s>&quot;Qualifying Encounter During Measurement Period&quot;</a:s>
                           </a:s>
                           <a:s>)</a:s>
                        </a:s>
                        <a:s r="671"> >= 2</a:s>
                     </a:s>
                     <a:s> )</a:s>
                  </a:s>
               </a:s>
            </a:s>
         </annotation>
         <expression localId="624" locator="46:3-47:72" resultTypeName="t:Boolean" xsi:type="And">
            <operand localId="625" locator="46:3-46:55" resultTypeName="t:Boolean" xsi:type="Exists">
               <operand localId="626" locator="46:10-46:55" name="Dementia Encounter During Measurement Period" xsi:type="ExpressionRef">
                  <resultTypeSpecifier localId="627" xsi:type="ListTypeSpecifier">
                     <elementType localId="628" xmlns:ns88="urn:healthit-gov:qdm:v5_6" name="ns88:PositiveEncounterPerformed" xsi:type="NamedTypeSpecifier"/>
                  </resultTypeSpecifier>
               </operand>
            </operand>
            <operand localId="629" locator="47:9-47:72" resultTypeName="t:Boolean" xsi:type="GreaterOrEqual">
               <operand localId="670" locator="47:11-47:65" resultTypeName="t:Integer" xsi:type="Count">
                  <source localId="665" locator="47:17-47:64" name="Qualifying Encounter During Measurement Period" xsi:type="ExpressionRef">
                     <resultTypeSpecifier localId="666" xsi:type="ListTypeSpecifier">
                        <elementType localId="667" xmlns:ns89="urn:healthit-gov:qdm:v5_6" name="ns89:PositiveEncounterPerformed" xsi:type="NamedTypeSpecifier"/>
                     </resultTypeSpecifier>
                  </source>
               </operand>
               <operand localId="671" locator="47:70" resultTypeName="t:Integer" valueType="t:Integer" value="2" xsi:type="Literal"/>
            </operand>
         </expression>
      </def>
      <def localId="673" locator="49:1-50:48" name="SDE Payer" context="Patient" accessLevel="Public">
         <annotation xsi:type="a:Annotation">
            <a:s r="673">
               <a:s>define &quot;SDE Payer&quot;:
  </a:s>
               <a:s r="676">
                  <a:s>[&quot;Patient Characteristic Payer&quot;: </a:s>
                  <a:s>
                     <a:s>&quot;Payer Type&quot;</a:s>
                  </a:s>
                  <a:s>]</a:s>
               </a:s>
            </a:s>
         </annotation>
         <resultTypeSpecifier localId="680" xsi:type="ListTypeSpecifier">
            <elementType localId="681" xmlns:ns90="urn:healthit-gov:qdm:v5_6" name="ns90:PatientCharacteristicPayer" xsi:type="NamedTypeSpecifier"/>
         </resultTypeSpecifier>
         <expression localId="676" locator="50:3-50:48" xmlns:ns91="urn:healthit-gov:qdm:v5_6" dataType="ns91:PatientCharacteristicPayer" codeProperty="code" codeComparator="in" xsi:type="Retrieve">
            <resultTypeSpecifier localId="678" xsi:type="ListTypeSpecifier">
               <elementType localId="679" xmlns:ns92="urn:healthit-gov:qdm:v5_6" name="ns92:PatientCharacteristicPayer" xsi:type="NamedTypeSpecifier"/>
            </resultTypeSpecifier>
            <codes localId="675" locator="50:36-50:47" resultTypeName="t:ValueSet" name="Payer Type" preserve="true" xsi:type="ValueSetRef"/>
         </expression>
      </def>
      <def localId="689" locator="70:1-71:22" resultTypeName="t:Boolean" name="Denominator" context="Patient" accessLevel="Public">
         <annotation xsi:type="a:Annotation">
            <a:s r="689">
               <a:s>define &quot;Denominator&quot;:
  </a:s>
               <a:s r="690">
                  <a:s>&quot;Initial Population&quot;</a:s>
               </a:s>
            </a:s>
         </annotation>
         <expression localId="690" locator="71:3-71:22" resultTypeName="t:Boolean" name="Initial Population" xsi:type="ExpressionRef"/>
      </def>
   </statements>
</library>
