<?xml version="1.0" encoding="UTF-8"?>
<library xmlns="urn:hl7-org:elm:r1" xmlns:t="urn:hl7-org:elm-types:r1" xmlns:xsi="http://www.w3.org/2001/XMLSchema-instance" xmlns:xsd="http://www.w3.org/2001/XMLSchema" xmlns:fhir="http://hl7.org/fhir" xmlns:qdm43="urn:healthit-gov:qdm:v4_3" xmlns:qdm53="urn:healthit-gov:qdm:v5_3" xmlns:a="urn:hl7-org:cql-annotations:r1" localId="0">
   <annotation translatorVersion="3.14.0" translatorOptions="EnableAnnotations,EnableLocators,EnableResultTypes,EnableDetailedErrors,DisableListDemotion,DisableListPromotion" signatureLevel="None" xsi:type="a:CqlToElmInfo"/>
   <annotation xsi:type="a:Annotation">
      <a:s r="427">
         <a:s>library AlaraCommonFunctionsQDM version '1.4.000'</a:s>
      </a:s>
   </annotation>
   <identifier id="AlaraCommonFunctionsQDM" version="1.4.000"/>
   <schemaIdentifier id="urn:hl7-org:elm" version="r1"/>
   <usings>
      <def localId="1" localIdentifier="System" uri="urn:hl7-org:elm-types:r1"/>
      <def localId="206" locator="3:1-3:23" localIdentifier="QDM" uri="urn:healthit-gov:qdm:v5_6" version="5.6">
         <annotation xsi:type="a:Annotation">
            <a:s r="206">
               <a:s>using </a:s>
               <a:s>
                  <a:s>QDM</a:s>
               </a:s>
               <a:s> version '5.6'</a:s>
            </a:s>
         </annotation>
      </def>
   </usings>
   <parameters>
      <def localId="248" locator="28:1-28:49" name="Measurement Period" accessLevel="Public">
         <annotation xsi:type="a:Annotation">
            <a:s r="248">
               <a:s>parameter &quot;Measurement Period&quot; </a:s>
               <a:s r="249">
                  <a:s>Interval&lt;</a:s>
                  <a:s r="250">
                     <a:s>DateTime</a:s>
                  </a:s>
                  <a:s>></a:s>
               </a:s>
            </a:s>
         </annotation>
         <resultTypeSpecifier localId="253" xsi:type="IntervalTypeSpecifier">
            <pointType localId="254" name="t:DateTime" xsi:type="NamedTypeSpecifier"/>
         </resultTypeSpecifier>
         <parameterTypeSpecifier localId="249" locator="28:32-28:49" xsi:type="IntervalTypeSpecifier">
            <resultTypeSpecifier localId="251" xsi:type="IntervalTypeSpecifier">
               <pointType localId="252" name="t:DateTime" xsi:type="NamedTypeSpecifier"/>
            </resultTypeSpecifier>
            <pointType localId="250" locator="28:41-28:48" resultTypeName="t:DateTime" name="t:DateTime" xsi:type="NamedTypeSpecifier"/>
         </parameterTypeSpecifier>
      </def>
   </parameters>
   <codeSystems>
      <def localId="207" locator="5:1-5:51" resultTypeName="t:CodeSystem" name="LOINC" id="urn:oid:2.16.840.1.113883.6.1" accessLevel="Public">
         <annotation xsi:type="a:Annotation">
            <a:s r="207">
               <a:s>codesystem &quot;LOINC&quot;: 'urn:oid:2.16.840.1.113883.6.1'</a:s>
            </a:s>
         </annotation>
      </def>
   </codeSystems>
   <codes>
      <def localId="208" locator="7:1-7:100" resultTypeName="t:Code" name="Abdomen and Pelvis High Dose" id="LA31754-7" display="Abdomen and Pelvis High Dose" accessLevel="Public">
         <annotation xsi:type="a:Annotation">
            <a:s r="208">
               <a:s>code &quot;Abdomen and Pelvis High Dose&quot;: 'LA31754-7' from </a:s>
               <a:s r="209">
                  <a:s>&quot;LOINC&quot;</a:s>
               </a:s>
               <a:s> display 'Abdomen and Pelvis High Dose'</a:s>
            </a:s>
         </annotation>
         <codeSystem localId="209" locator="7:55-7:61" resultTypeName="t:CodeSystem" name="LOINC"/>
      </def>
      <def localId="210" locator="8:1-8:98" resultTypeName="t:Code" name="Abdomen and Pelvis Low Dose" id="LA31752-1" display="Abdomen and Pelvis Low Dose" accessLevel="Public">
         <annotation xsi:type="a:Annotation">
            <a:s r="210">
               <a:s>code &quot;Abdomen and Pelvis Low Dose&quot;: 'LA31752-1' from </a:s>
               <a:s r="211">
                  <a:s>&quot;LOINC&quot;</a:s>
               </a:s>
               <a:s> display 'Abdomen and Pelvis Low Dose'</a:s>
            </a:s>
         </annotation>
         <codeSystem localId="211" locator="8:54-8:60" resultTypeName="t:CodeSystem" name="LOINC"/>
      </def>
      <def localId="212" locator="9:1-9:106" resultTypeName="t:Code" name="Abdomen and Pelvis Routine Dose" id="LA31753-9" display="Abdomen and Pelvis Routine Dose" accessLevel="Public">
         <annotation xsi:type="a:Annotation">
            <a:s r="212">
               <a:s>code &quot;Abdomen and Pelvis Routine Dose&quot;: 'LA31753-9' from </a:s>
               <a:s r="213">
                  <a:s>&quot;LOINC&quot;</a:s>
               </a:s>
               <a:s> display 'Abdomen and Pelvis Routine Dose'</a:s>
            </a:s>
         </annotation>
         <codeSystem localId="213" locator="9:58-9:64" resultTypeName="t:CodeSystem" name="LOINC"/>
      </def>
      <def localId="214" locator="10:1-10:94" resultTypeName="t:Code" name="Calculated CT global noise" id="96912-1" display="Calculated CT global noise" accessLevel="Public">
         <annotation xsi:type="a:Annotation">
            <a:s r="214">
               <a:s>code &quot;Calculated CT global noise&quot;: '96912-1' from </a:s>
               <a:s r="215">
                  <a:s>&quot;LOINC&quot;</a:s>
               </a:s>
               <a:s> display 'Calculated CT global noise'</a:s>
            </a:s>
         </annotation>
         <codeSystem localId="215" locator="10:51-10:57" resultTypeName="t:CodeSystem" name="LOINC"/>
      </def>
      <def localId="216" locator="11:1-11:106" resultTypeName="t:Code" name="Calculated CT size-adjusted dose" id="96913-9" display="Calculated CT size-adjusted dose" accessLevel="Public">
         <annotation xsi:type="a:Annotation">
            <a:s r="216">
               <a:s>code &quot;Calculated CT size-adjusted dose&quot;: '96913-9' from </a:s>
               <a:s r="217">
                  <a:s>&quot;LOINC&quot;</a:s>
               </a:s>
               <a:s> display 'Calculated CT size-adjusted dose'</a:s>
            </a:s>
         </annotation>
         <codeSystem localId="217" locator="11:57-11:63" resultTypeName="t:CodeSystem" name="LOINC"/>
      </def>
      <def localId="218" locator="12:1-12:116" resultTypeName="t:Code" name="Cardiac High Dose or Chest High Dose" id="LA31761-2" display="Cardiac High Dose or Chest High Dose" accessLevel="Public">
         <annotation xsi:type="a:Annotation">
            <a:s r="218">
               <a:s>code &quot;Cardiac High Dose or Chest High Dose&quot;: 'LA31761-2' from </a:s>
               <a:s r="219">
                  <a:s>&quot;LOINC&quot;</a:s>
               </a:s>
               <a:s> display 'Cardiac High Dose or Chest High Dose'</a:s>
            </a:s>
         </annotation>
         <codeSystem localId="219" locator="12:63-12:69" resultTypeName="t:CodeSystem" name="LOINC"/>
      </def>
      <def localId="220" locator="13:1-13:76" resultTypeName="t:Code" name="Cardiac Low Dose" id="LA31755-4" display="Cardiac Low Dose" accessLevel="Public">
         <annotation xsi:type="a:Annotation">
            <a:s r="220">
               <a:s>code &quot;Cardiac Low Dose&quot;: 'LA31755-4' from </a:s>
               <a:s r="221">
                  <a:s>&quot;LOINC&quot;</a:s>
               </a:s>
               <a:s> display 'Cardiac Low Dose'</a:s>
            </a:s>
         </annotation>
         <codeSystem localId="221" locator="13:43-13:49" resultTypeName="t:CodeSystem" name="LOINC"/>
      </def>
      <def localId="222" locator="14:1-14:84" resultTypeName="t:Code" name="Cardiac Routine Dose" id="LA31756-2" display="Cardiac Routine Dose" accessLevel="Public">
         <annotation xsi:type="a:Annotation">
            <a:s r="222">
               <a:s>code &quot;Cardiac Routine Dose&quot;: 'LA31756-2' from </a:s>
               <a:s r="223">
                  <a:s>&quot;LOINC&quot;</a:s>
               </a:s>
               <a:s> display 'Cardiac Routine Dose'</a:s>
            </a:s>
         </annotation>
         <codeSystem localId="223" locator="14:47-14:53" resultTypeName="t:CodeSystem" name="LOINC"/>
      </def>
      <def localId="224" locator="15:1-15:72" resultTypeName="t:Code" name="Chest Low Dose" id="LA31758-8" display="Chest Low Dose" accessLevel="Public">
         <annotation xsi:type="a:Annotation">
            <a:s r="224">
               <a:s>code &quot;Chest Low Dose&quot;: 'LA31758-8' from </a:s>
               <a:s r="225">
                  <a:s>&quot;LOINC&quot;</a:s>
               </a:s>
               <a:s> display 'Chest Low Dose'</a:s>
            </a:s>
         </annotation>
         <codeSystem localId="225" locator="15:41-15:47" resultTypeName="t:CodeSystem" name="LOINC"/>
      </def>
      <def localId="226" locator="16:1-16:80" resultTypeName="t:Code" name="Chest Routine Dose" id="LA31759-6" display="Chest Routine Dose" accessLevel="Public">
         <annotation xsi:type="a:Annotation">
            <a:s r="226">
               <a:s>code &quot;Chest Routine Dose&quot;: 'LA31759-6' from </a:s>
               <a:s r="227">
                  <a:s>&quot;LOINC&quot;</a:s>
               </a:s>
               <a:s> display 'Chest Routine Dose'</a:s>
            </a:s>
         </annotation>
         <codeSystem localId="227" locator="16:45-16:51" resultTypeName="t:CodeSystem" name="LOINC"/>
      </def>
      <def localId="228" locator="17:1-17:62" resultTypeName="t:Code" name="Extremity" id="LA31765-3" display="Extremity" accessLevel="Public">
         <annotation xsi:type="a:Annotation">
            <a:s r="228">
               <a:s>code &quot;Extremity&quot;: 'LA31765-3' from </a:s>
               <a:s r="229">
                  <a:s>&quot;LOINC&quot;</a:s>
               </a:s>
               <a:s> display 'Extremity'</a:s>
            </a:s>
         </annotation>
         <codeSystem localId="229" locator="17:36-17:42" resultTypeName="t:CodeSystem" name="LOINC"/>
      </def>
      <def localId="230" locator="18:1-18:72" resultTypeName="t:Code" name="Head High Dose" id="LA31764-6" display="Head High Dose" accessLevel="Public">
         <annotation xsi:type="a:Annotation">
            <a:s r="230">
               <a:s>code &quot;Head High Dose&quot;: 'LA31764-6' from </a:s>
               <a:s r="231">
                  <a:s>&quot;LOINC&quot;</a:s>
               </a:s>
               <a:s> display 'Head High Dose'</a:s>
            </a:s>
         </annotation>
         <codeSystem localId="231" locator="18:41-18:47" resultTypeName="t:CodeSystem" name="LOINC"/>
      </def>
      <def localId="232" locator="19:1-19:70" resultTypeName="t:Code" name="Head Low Dose" id="LA31762-0" display="Head Low Dose" accessLevel="Public">
         <annotation xsi:type="a:Annotation">
            <a:s r="232">
               <a:s>code &quot;Head Low Dose&quot;: 'LA31762-0' from </a:s>
               <a:s r="233">
                  <a:s>&quot;LOINC&quot;</a:s>
               </a:s>
               <a:s> display 'Head Low Dose'</a:s>
            </a:s>
         </annotation>
         <codeSystem localId="233" locator="19:40-19:46" resultTypeName="t:CodeSystem" name="LOINC"/>
      </def>
      <def localId="234" locator="20:1-20:78" resultTypeName="t:Code" name="Head Routine Dose" id="LA31763-8" display="Head Routine Dose" accessLevel="Public">
         <annotation xsi:type="a:Annotation">
            <a:s r="234">
               <a:s>code &quot;Head Routine Dose&quot;: 'LA31763-8' from </a:s>
               <a:s r="235">
                  <a:s>&quot;LOINC&quot;</a:s>
               </a:s>
               <a:s> display 'Head Routine Dose'</a:s>
            </a:s>
         </annotation>
         <codeSystem localId="235" locator="20:44-20:50" resultTypeName="t:CodeSystem" name="LOINC"/>
      </def>
      <def localId="236" locator="21:1-21:88" resultTypeName="t:Code" name="Neck or Cervical Spine" id="LA31766-1" display="Neck or Cervical Spine" accessLevel="Public">
         <annotation xsi:type="a:Annotation">
            <a:s r="236">
               <a:s>code &quot;Neck or Cervical Spine&quot;: 'LA31766-1' from </a:s>
               <a:s r="237">
                  <a:s>&quot;LOINC&quot;</a:s>
               </a:s>
               <a:s> display 'Neck or Cervical Spine'</a:s>
            </a:s>
         </annotation>
         <codeSystem localId="237" locator="21:49-21:55" resultTypeName="t:CodeSystem" name="LOINC"/>
      </def>
      <def localId="238" locator="22:1-22:126" resultTypeName="t:Code" name="Simultaneous Chest and Abdomen and Pelvis" id="LA31768-7" display="Simultaneous Chest and Abdomen and Pelvis" accessLevel="Public">
         <annotation xsi:type="a:Annotation">
            <a:s r="238">
               <a:s>code &quot;Simultaneous Chest and Abdomen and Pelvis&quot;: 'LA31768-7' from </a:s>
               <a:s r="239">
                  <a:s>&quot;LOINC&quot;</a:s>
               </a:s>
               <a:s> display 'Simultaneous Chest and Abdomen and Pelvis'</a:s>
            </a:s>
         </annotation>
         <codeSystem localId="239" locator="22:68-22:74" resultTypeName="t:CodeSystem" name="LOINC"/>
      </def>
      <def localId="240" locator="23:1-23:116" resultTypeName="t:Code" name="Simultaneous Head and Neck High Dose" id="LA31770-3" display="Simultaneous Head and Neck High Dose" accessLevel="Public">
         <annotation xsi:type="a:Annotation">
            <a:s r="240">
               <a:s>code &quot;Simultaneous Head and Neck High Dose&quot;: 'LA31770-3' from </a:s>
               <a:s r="241">
                  <a:s>&quot;LOINC&quot;</a:s>
               </a:s>
               <a:s> display 'Simultaneous Head and Neck High Dose'</a:s>
            </a:s>
         </annotation>
         <codeSystem localId="241" locator="23:63-23:69" resultTypeName="t:CodeSystem" name="LOINC"/>
      </def>
      <def localId="242" locator="24:1-24:122" resultTypeName="t:Code" name="Simultaneous Head and Neck Routine Dose" id="LA31769-5" display="Simultaneous Head and Neck Routine Dose" accessLevel="Public">
         <annotation xsi:type="a:Annotation">
            <a:s r="242">
               <a:s>code &quot;Simultaneous Head and Neck Routine Dose&quot;: 'LA31769-5' from </a:s>
               <a:s r="243">
                  <a:s>&quot;LOINC&quot;</a:s>
               </a:s>
               <a:s> display 'Simultaneous Head and Neck Routine Dose'</a:s>
            </a:s>
         </annotation>
         <codeSystem localId="243" locator="24:66-24:72" resultTypeName="t:CodeSystem" name="LOINC"/>
      </def>
      <def localId="244" locator="25:1-25:120" resultTypeName="t:Code" name="Simultaneous Thoracic and Lumbar Spine" id="LA31851-1" display="Simultaneous Thoracic and Lumbar Spine" accessLevel="Public">
         <annotation xsi:type="a:Annotation">
            <a:s r="244">
               <a:s>code &quot;Simultaneous Thoracic and Lumbar Spine&quot;: 'LA31851-1' from </a:s>
               <a:s r="245">
                  <a:s>&quot;LOINC&quot;</a:s>
               </a:s>
               <a:s> display 'Simultaneous Thoracic and Lumbar Spine'</a:s>
            </a:s>
         </annotation>
         <codeSystem localId="245" locator="25:65-25:71" resultTypeName="t:CodeSystem" name="LOINC"/>
      </def>
      <def localId="246" locator="26:1-26:92" resultTypeName="t:Code" name="Thoracic or Lumbar Spine" id="LA31767-9" display="Thoracic or Lumbar Spine" accessLevel="Public">
         <annotation xsi:type="a:Annotation">
            <a:s r="246">
               <a:s>code &quot;Thoracic or Lumbar Spine&quot;: 'LA31767-9' from </a:s>
               <a:s r="247">
                  <a:s>&quot;LOINC&quot;</a:s>
               </a:s>
               <a:s> display 'Thoracic or Lumbar Spine'</a:s>
            </a:s>
         </annotation>
         <codeSystem localId="247" locator="26:51-26:57" resultTypeName="t:CodeSystem" name="LOINC"/>
      </def>
   </codes>
   <contexts>
      <def localId="258" locator="30:1-30:15" name="Patient"/>
   </contexts>
   <statements>
      <def localId="427" locator="52:1-70:75" resultTypeName="t:Boolean" name="CT Scan Qualifies" context="Patient" accessLevel="Public" xsi:type="FunctionDef">
         <annotation xsi:type="a:Annotation">
            <a:s r="427">
               <a:s>define function &quot;CT Scan Qualifies&quot;(Study &quot;Diagnostic Study, Performed&quot; ):
  </a:s>
               <a:s r="430">
                  <a:s r="430">
                     <a:s r="431">
                        <a:s r="432">
                           <a:s r="433">
                              <a:s r="434">
                                 <a:s r="435">
                                    <a:s r="436">
                                       <a:s r="437">
                                          <a:s r="438">
                                             <a:s r="439">
                                                <a:s r="440">
                                                   <a:s r="441">
                                                      <a:s r="442">
                                                         <a:s r="443">
                                                            <a:s r="444">
                                                               <a:s r="445">
                                                                  <a:s r="446">
                                                                     <a:s r="451">
                                                                        <a:s>&quot;Qualifies&quot;(</a:s>
                                                                        <a:s r="447">
                                                                           <a:s>Study</a:s>
                                                                        </a:s>
                                                                        <a:s>, </a:s>
                                                                        <a:s r="448">
                                                                           <a:s>&quot;Abdomen and Pelvis Low Dose&quot;</a:s>
                                                                        </a:s>
                                                                        <a:s r="449">, 64, 598)</a:s>
                                                                     </a:s>
                                                                     <a:s>
    or </a:s>
                                                                     <a:s r="460">
                                                                        <a:s>&quot;Qualifies&quot;(</a:s>
                                                                        <a:s r="456">
                                                                           <a:s>Study</a:s>
                                                                        </a:s>
                                                                        <a:s>, </a:s>
                                                                        <a:s r="457">
                                                                           <a:s>&quot;Abdomen and Pelvis Routine Dose&quot;</a:s>
                                                                        </a:s>
                                                                        <a:s r="458">, 29, 644)</a:s>
                                                                     </a:s>
                                                                  </a:s>
                                                                  <a:s>
    or </a:s>
                                                                  <a:s r="469">
                                                                     <a:s>&quot;Qualifies&quot;(</a:s>
                                                                     <a:s r="465">
                                                                        <a:s>Study</a:s>
                                                                     </a:s>
                                                                     <a:s>, </a:s>
                                                                     <a:s r="466">
                                                                        <a:s>&quot;Abdomen and Pelvis High Dose&quot;</a:s>
                                                                     </a:s>
                                                                     <a:s r="467">, 29, 1260)</a:s>
                                                                  </a:s>
                                                               </a:s>
                                                               <a:s>
    or </a:s>
                                                               <a:s r="478">
                                                                  <a:s>&quot;Qualifies&quot;(</a:s>
                                                                  <a:s r="474">
                                                                     <a:s>Study</a:s>
                                                                  </a:s>
                                                                  <a:s>, </a:s>
                                                                  <a:s r="475">
                                                                     <a:s>&quot;Cardiac Low Dose&quot;</a:s>
                                                                  </a:s>
                                                                  <a:s r="476">, 55, 93)</a:s>
                                                               </a:s>
                                                            </a:s>
                                                            <a:s>
    or </a:s>
                                                            <a:s r="487">
                                                               <a:s>&quot;Qualifies&quot;(</a:s>
                                                               <a:s r="483">
                                                                  <a:s>Study</a:s>
                                                               </a:s>
                                                               <a:s>, </a:s>
                                                               <a:s r="484">
                                                                  <a:s>&quot;Cardiac Routine Dose&quot;</a:s>
                                                               </a:s>
                                                               <a:s r="485">, 32, 576)</a:s>
                                                            </a:s>
                                                         </a:s>
                                                         <a:s>
    or </a:s>
                                                         <a:s r="496">
                                                            <a:s>&quot;Qualifies&quot;(</a:s>
                                                            <a:s r="492">
                                                               <a:s>Study</a:s>
                                                            </a:s>
                                                            <a:s>, </a:s>
                                                            <a:s r="493">
                                                               <a:s>&quot;Chest Low Dose&quot;</a:s>
                                                            </a:s>
                                                            <a:s r="494">, 55, 377)</a:s>
                                                         </a:s>
                                                      </a:s>
                                                      <a:s>
    or </a:s>
                                                      <a:s r="505">
                                                         <a:s>&quot;Qualifies&quot;(</a:s>
                                                         <a:s r="501">
                                                            <a:s>Study</a:s>
                                                         </a:s>
                                                         <a:s>, </a:s>
                                                         <a:s r="502">
                                                            <a:s>&quot;Chest Routine Dose&quot;</a:s>
                                                         </a:s>
                                                         <a:s r="503">, 49, 377)</a:s>
                                                      </a:s>
                                                   </a:s>
                                                   <a:s>
    or </a:s>
                                                   <a:s r="514">
                                                      <a:s>&quot;Qualifies&quot;(</a:s>
                                                      <a:s r="510">
                                                         <a:s>Study</a:s>
                                                      </a:s>
                                                      <a:s>, </a:s>
                                                      <a:s r="511">
                                                         <a:s>&quot;Cardiac High Dose or Chest High Dose&quot;</a:s>
                                                      </a:s>
                                                      <a:s r="512">, 49, 1282)</a:s>
                                                   </a:s>
                                                </a:s>
                                                <a:s>
    or </a:s>
                                                <a:s r="523">
                                                   <a:s>&quot;Qualifies&quot;(</a:s>
                                                   <a:s r="519">
                                                      <a:s>Study</a:s>
                                                   </a:s>
                                                   <a:s>, </a:s>
                                                   <a:s r="520">
                                                      <a:s>&quot;Head Low Dose&quot;</a:s>
                                                   </a:s>
                                                   <a:s r="521">, 115, 582)</a:s>
                                                </a:s>
                                             </a:s>
                                             <a:s>
    or </a:s>
                                             <a:s r="532">
                                                <a:s>&quot;Qualifies&quot;(</a:s>
                                                <a:s r="528">
                                                   <a:s>Study</a:s>
                                                </a:s>
                                                <a:s>, </a:s>
                                                <a:s r="529">
                                                   <a:s>&quot;Head Routine Dose&quot;</a:s>
                                                </a:s>
                                                <a:s r="530">, 115, 1025)</a:s>
                                             </a:s>
                                          </a:s>
                                          <a:s>
    or </a:s>
                                          <a:s r="541">
                                             <a:s>&quot;Qualifies&quot;(</a:s>
                                             <a:s r="537">
                                                <a:s>Study</a:s>
                                             </a:s>
                                             <a:s>, </a:s>
                                             <a:s r="538">
                                                <a:s>&quot;Head High Dose&quot;</a:s>
                                             </a:s>
                                             <a:s r="539">, 115, 1832)</a:s>
                                          </a:s>
                                       </a:s>
                                       <a:s>
    or </a:s>
                                       <a:s r="550">
                                          <a:s>&quot;Qualifies&quot;(</a:s>
                                          <a:s r="546">
                                             <a:s>Study</a:s>
                                          </a:s>
                                          <a:s>, </a:s>
                                          <a:s r="547">
                                             <a:s>&quot;Extremity&quot;</a:s>
                                          </a:s>
                                          <a:s r="548">, 73, 320)</a:s>
                                       </a:s>
                                    </a:s>
                                    <a:s>
    or </a:s>
                                    <a:s r="559">
                                       <a:s>&quot;Qualifies&quot;(</a:s>
                                       <a:s r="555">
                                          <a:s>Study</a:s>
                                       </a:s>
                                       <a:s>, </a:s>
                                       <a:s r="556">
                                          <a:s>&quot;Neck or Cervical Spine&quot;</a:s>
                                       </a:s>
                                       <a:s r="557">, 25, 1260)</a:s>
                                    </a:s>
                                 </a:s>
                                 <a:s>
    or </a:s>
                                 <a:s r="568">
                                    <a:s>&quot;Qualifies&quot;(</a:s>
                                    <a:s r="564">
                                       <a:s>Study</a:s>
                                    </a:s>
                                    <a:s>, </a:s>
                                    <a:s r="565">
                                       <a:s>&quot;Thoracic or Lumbar Spine&quot;</a:s>
                                    </a:s>
                                    <a:s r="566">, 25, 1260)</a:s>
                                 </a:s>
                              </a:s>
                              <a:s>
    or </a:s>
                              <a:s r="577">
                                 <a:s>&quot;Qualifies&quot;(</a:s>
                                 <a:s r="573">
                                    <a:s>Study</a:s>
                                 </a:s>
                                 <a:s>, </a:s>
                                 <a:s r="574">
                                    <a:s>&quot;Simultaneous Chest and Abdomen and Pelvis&quot;</a:s>
                                 </a:s>
                                 <a:s r="575">, 29, 1637)</a:s>
                              </a:s>
                           </a:s>
                           <a:s>
    or </a:s>
                           <a:s r="586">
                              <a:s>&quot;Qualifies&quot;(</a:s>
                              <a:s r="582">
                                 <a:s>Study</a:s>
                              </a:s>
                              <a:s>, </a:s>
                              <a:s r="583">
                                 <a:s>&quot;Simultaneous Thoracic and Lumbar Spine&quot;</a:s>
                              </a:s>
                              <a:s r="584">, 25, 2520)</a:s>
                           </a:s>
                        </a:s>
                        <a:s>
    or </a:s>
                        <a:s r="595">
                           <a:s>&quot;Qualifies&quot;(</a:s>
                           <a:s r="591">
                              <a:s>Study</a:s>
                           </a:s>
                           <a:s>, </a:s>
                           <a:s r="592">
                              <a:s>&quot;Simultaneous Head and Neck Routine Dose&quot;</a:s>
                           </a:s>
                           <a:s r="593">, 25, 2285)</a:s>
                        </a:s>
                     </a:s>
                     <a:s>
    or </a:s>
                     <a:s r="604">
                        <a:s>&quot;Qualifies&quot;(</a:s>
                        <a:s r="600">
                           <a:s>Study</a:s>
                        </a:s>
                        <a:s>, </a:s>
                        <a:s r="601">
                           <a:s>&quot;Simultaneous Head and Neck High Dose&quot;</a:s>
                        </a:s>
                        <a:s r="602">, 25, 3092)</a:s>
                     </a:s>
                  </a:s>
               </a:s>
            </a:s>
         </annotation>
         <expression localId="430" locator="53:3-70:75" resultTypeName="t:Boolean" xsi:type="Or">
            <operand localId="431" locator="53:3-69:78" resultTypeName="t:Boolean" xsi:type="Or">
               <operand localId="432" locator="53:3-68:77" resultTypeName="t:Boolean" xsi:type="Or">
                  <operand localId="433" locator="53:3-67:80" resultTypeName="t:Boolean" xsi:type="Or">
                     <operand localId="434" locator="53:3-66:63" resultTypeName="t:Boolean" xsi:type="Or">
                        <operand localId="435" locator="53:3-65:61" resultTypeName="t:Boolean" xsi:type="Or">
                           <operand localId="436" locator="53:3-64:47" resultTypeName="t:Boolean" xsi:type="Or">
                              <operand localId="437" locator="53:3-63:54" resultTypeName="t:Boolean" xsi:type="Or">
                                 <operand localId="438" locator="53:3-62:57" resultTypeName="t:Boolean" xsi:type="Or">
                                    <operand localId="439" locator="53:3-61:52" resultTypeName="t:Boolean" xsi:type="Or">
                                       <operand localId="440" locator="53:3-60:75" resultTypeName="t:Boolean" xsi:type="Or">
                                          <operand localId="441" locator="53:3-59:56" resultTypeName="t:Boolean" xsi:type="Or">
                                             <operand localId="442" locator="53:3-58:52" resultTypeName="t:Boolean" xsi:type="Or">
                                                <operand localId="443" locator="53:3-57:58" resultTypeName="t:Boolean" xsi:type="Or">
                                                   <operand localId="444" locator="53:3-56:53" resultTypeName="t:Boolean" xsi:type="Or">
                                                      <operand localId="445" locator="53:3-55:67" resultTypeName="t:Boolean" xsi:type="Or">
                                                         <operand localId="446" locator="53:3-54:69" resultTypeName="t:Boolean" xsi:type="Or">
                                                            <operand localId="451" locator="53:3-53:60" resultTypeName="t:Boolean" name="Qualifies" xsi:type="FunctionRef">
                                                               <operand localId="447" locator="53:15-53:19" xmlns:ns0="urn:healthit-gov:qdm:v5_6" resultTypeName="ns0:PositiveDiagnosticStudyPerformed" name="Study" xsi:type="OperandRef"/>
                                                               <operand localId="448" locator="53:22-53:50" resultTypeName="t:Code" name="Abdomen and Pelvis Low Dose" xsi:type="CodeRef"/>
                                                               <operand localId="453" xsi:type="ToDecimal">
                                                                  <operand localId="449" locator="53:53-53:54" resultTypeName="t:Integer" valueType="t:Integer" value="64" xsi:type="Literal"/>
                                                               </operand>
                                                               <operand localId="455" xsi:type="ToDecimal">
                                                                  <operand localId="450" locator="53:57-53:59" resultTypeName="t:Integer" valueType="t:Integer" value="598" xsi:type="Literal"/>
                                                               </operand>
                                                            </operand>
                                                            <operand localId="460" locator="54:8-54:69" resultTypeName="t:Boolean" name="Qualifies" xsi:type="FunctionRef">
                                                               <operand localId="456" locator="54:20-54:24" xmlns:ns1="urn:healthit-gov:qdm:v5_6" resultTypeName="ns1:PositiveDiagnosticStudyPerformed" name="Study" xsi:type="OperandRef"/>
                                                               <operand localId="457" locator="54:27-54:59" resultTypeName="t:Code" name="Abdomen and Pelvis Routine Dose" xsi:type="CodeRef"/>
                                                               <operand localId="462" xsi:type="ToDecimal">
                                                                  <operand localId="458" locator="54:62-54:63" resultTypeName="t:Integer" valueType="t:Integer" value="29" xsi:type="Literal"/>
                                                               </operand>
                                                               <operand localId="464" xsi:type="ToDecimal">
                                                                  <operand localId="459" locator="54:66-54:68" resultTypeName="t:Integer" valueType="t:Integer" value="644" xsi:type="Literal"/>
                                                               </operand>
                                                            </operand>
                                                         </operand>
                                                         <operand localId="469" locator="55:8-55:67" resultTypeName="t:Boolean" name="Qualifies" xsi:type="FunctionRef">
                                                            <operand localId="465" locator="55:20-55:24" xmlns:ns2="urn:healthit-gov:qdm:v5_6" resultTypeName="ns2:PositiveDiagnosticStudyPerformed" name="Study" xsi:type="OperandRef"/>
                                                            <operand localId="466" locator="55:27-55:56" resultTypeName="t:Code" name="Abdomen and Pelvis High Dose" xsi:type="CodeRef"/>
                                                            <operand localId="471" xsi:type="ToDecimal">
                                                               <operand localId="467" locator="55:59-55:60" resultTypeName="t:Integer" valueType="t:Integer" value="29" xsi:type="Literal"/>
                                                            </operand>
                                                            <operand localId="473" xsi:type="ToDecimal">
                                                               <operand localId="468" locator="55:63-55:66" resultTypeName="t:Integer" valueType="t:Integer" value="1260" xsi:type="Literal"/>
                                                            </operand>
                                                         </operand>
                                                      </operand>
                                                      <operand localId="478" locator="56:8-56:53" resultTypeName="t:Boolean" name="Qualifies" xsi:type="FunctionRef">
                                                         <operand localId="474" locator="56:20-56:24" xmlns:ns3="urn:healthit-gov:qdm:v5_6" resultTypeName="ns3:PositiveDiagnosticStudyPerformed" name="Study" xsi:type="OperandRef"/>
                                                         <operand localId="475" locator="56:27-56:44" resultTypeName="t:Code" name="Cardiac Low Dose" xsi:type="CodeRef"/>
                                                         <operand localId="480" xsi:type="ToDecimal">
                                                            <operand localId="476" locator="56:47-56:48" resultTypeName="t:Integer" valueType="t:Integer" value="55" xsi:type="Literal"/>
                                                         </operand>
                                                         <operand localId="482" xsi:type="ToDecimal">
                                                            <operand localId="477" locator="56:51-56:52" resultTypeName="t:Integer" valueType="t:Integer" value="93" xsi:type="Literal"/>
                                                         </operand>
                                                      </operand>
                                                   </operand>
                                                   <operand localId="487" locator="57:8-57:58" resultTypeName="t:Boolean" name="Qualifies" xsi:type="FunctionRef">
                                                      <operand localId="483" locator="57:20-57:24" xmlns:ns4="urn:healthit-gov:qdm:v5_6" resultTypeName="ns4:PositiveDiagnosticStudyPerformed" name="Study" xsi:type="OperandRef"/>
                                                      <operand localId="484" locator="57:27-57:48" resultTypeName="t:Code" name="Cardiac Routine Dose" xsi:type="CodeRef"/>
                                                      <operand localId="489" xsi:type="ToDecimal">
                                                         <operand localId="485" locator="57:51-57:52" resultTypeName="t:Integer" valueType="t:Integer" value="32" xsi:type="Literal"/>
                                                      </operand>
                                                      <operand localId="491" xsi:type="ToDecimal">
                                                         <operand localId="486" locator="57:55-57:57" resultTypeName="t:Integer" valueType="t:Integer" value="576" xsi:type="Literal"/>
                                                      </operand>
                                                   </operand>
                                                </operand>
                                                <operand localId="496" locator="58:8-58:52" resultTypeName="t:Boolean" name="Qualifies" xsi:type="FunctionRef">
                                                   <operand localId="492" locator="58:20-58:24" xmlns:ns5="urn:healthit-gov:qdm:v5_6" resultTypeName="ns5:PositiveDiagnosticStudyPerformed" name="Study" xsi:type="OperandRef"/>
                                                   <operand localId="493" locator="58:27-58:42" resultTypeName="t:Code" name="Chest Low Dose" xsi:type="CodeRef"/>
                                                   <operand localId="498" xsi:type="ToDecimal">
                                                      <operand localId="494" locator="58:45-58:46" resultTypeName="t:Integer" valueType="t:Integer" value="55" xsi:type="Literal"/>
                                                   </operand>
                                                   <operand localId="500" xsi:type="ToDecimal">
                                                      <operand localId="495" locator="58:49-58:51" resultTypeName="t:Integer" valueType="t:Integer" value="377" xsi:type="Literal"/>
                                                   </operand>
                                                </operand>
                                             </operand>
                                             <operand localId="505" locator="59:8-59:56" resultTypeName="t:Boolean" name="Qualifies" xsi:type="FunctionRef">
                                                <operand localId="501" locator="59:20-59:24" xmlns:ns6="urn:healthit-gov:qdm:v5_6" resultTypeName="ns6:PositiveDiagnosticStudyPerformed" name="Study" xsi:type="OperandRef"/>
                                                <operand localId="502" locator="59:27-59:46" resultTypeName="t:Code" name="Chest Routine Dose" xsi:type="CodeRef"/>
                                                <operand localId="507" xsi:type="ToDecimal">
                                                   <operand localId="503" locator="59:49-59:50" resultTypeName="t:Integer" valueType="t:Integer" value="49" xsi:type="Literal"/>
                                                </operand>
                                                <operand localId="509" xsi:type="ToDecimal">
                                                   <operand localId="504" locator="59:53-59:55" resultTypeName="t:Integer" valueType="t:Integer" value="377" xsi:type="Literal"/>
                                                </operand>
                                             </operand>
                                          </operand>
                                          <operand localId="514" locator="60:8-60:75" resultTypeName="t:Boolean" name="Qualifies" xsi:type="FunctionRef">
                                             <operand localId="510" locator="60:20-60:24" xmlns:ns7="urn:healthit-gov:qdm:v5_6" resultTypeName="ns7:PositiveDiagnosticStudyPerformed" name="Study" xsi:type="OperandRef"/>
                                             <operand localId="511" locator="60:27-60:64" resultTypeName="t:Code" name="Cardiac High Dose or Chest High Dose" xsi:type="CodeRef"/>
                                             <operand localId="516" xsi:type="ToDecimal">
                                                <operand localId="512" locator="60:67-60:68" resultTypeName="t:Integer" valueType="t:Integer" value="49" xsi:type="Literal"/>
                                             </operand>
                                             <operand localId="518" xsi:type="ToDecimal">
                                                <operand localId="513" locator="60:71-60:74" resultTypeName="t:Integer" valueType="t:Integer" value="1282" xsi:type="Literal"/>
                                             </operand>
                                          </operand>
                                       </operand>
                                       <operand localId="523" locator="61:8-61:52" resultTypeName="t:Boolean" name="Qualifies" xsi:type="FunctionRef">
                                          <operand localId="519" locator="61:20-61:24" xmlns:ns8="urn:healthit-gov:qdm:v5_6" resultTypeName="ns8:PositiveDiagnosticStudyPerformed" name="Study" xsi:type="OperandRef"/>
                                          <operand localId="520" locator="61:27-61:41" resultTypeName="t:Code" name="Head Low Dose" xsi:type="CodeRef"/>
                                          <operand localId="525" xsi:type="ToDecimal">
                                             <operand localId="521" locator="61:44-61:46" resultTypeName="t:Integer" valueType="t:Integer" value="115" xsi:type="Literal"/>
                                          </operand>
                                          <operand localId="527" xsi:type="ToDecimal">
                                             <operand localId="522" locator="61:49-61:51" resultTypeName="t:Integer" valueType="t:Integer" value="582" xsi:type="Literal"/>
                                          </operand>
                                       </operand>
                                    </operand>
                                    <operand localId="532" locator="62:8-62:57" resultTypeName="t:Boolean" name="Qualifies" xsi:type="FunctionRef">
                                       <operand localId="528" locator="62:20-62:24" xmlns:ns9="urn:healthit-gov:qdm:v5_6" resultTypeName="ns9:PositiveDiagnosticStudyPerformed" name="Study" xsi:type="OperandRef"/>
                                       <operand localId="529" locator="62:27-62:45" resultTypeName="t:Code" name="Head Routine Dose" xsi:type="CodeRef"/>
                                       <operand localId="534" xsi:type="ToDecimal">
                                          <operand localId="530" locator="62:48-62:50" resultTypeName="t:Integer" valueType="t:Integer" value="115" xsi:type="Literal"/>
                                       </operand>
                                       <operand localId="536" xsi:type="ToDecimal">
                                          <operand localId="531" locator="62:53-62:56" resultTypeName="t:Integer" valueType="t:Integer" value="1025" xsi:type="Literal"/>
                                       </operand>
                                    </operand>
                                 </operand>
                                 <operand localId="541" locator="63:8-63:54" resultTypeName="t:Boolean" name="Qualifies" xsi:type="FunctionRef">
                                    <operand localId="537" locator="63:20-63:24" xmlns:ns10="urn:healthit-gov:qdm:v5_6" resultTypeName="ns10:PositiveDiagnosticStudyPerformed" name="Study" xsi:type="OperandRef"/>
                                    <operand localId="538" locator="63:27-63:42" resultTypeName="t:Code" name="Head High Dose" xsi:type="CodeRef"/>
                                    <operand localId="543" xsi:type="ToDecimal">
                                       <operand localId="539" locator="63:45-63:47" resultTypeName="t:Integer" valueType="t:Integer" value="115" xsi:type="Literal"/>
                                    </operand>
                                    <operand localId="545" xsi:type="ToDecimal">
                                       <operand localId="540" locator="63:50-63:53" resultTypeName="t:Integer" valueType="t:Integer" value="1832" xsi:type="Literal"/>
                                    </operand>
                                 </operand>
                              </operand>
                              <operand localId="550" locator="64:8-64:47" resultTypeName="t:Boolean" name="Qualifies" xsi:type="FunctionRef">
                                 <operand localId="546" locator="64:20-64:24" xmlns:ns11="urn:healthit-gov:qdm:v5_6" resultTypeName="ns11:PositiveDiagnosticStudyPerformed" name="Study" xsi:type="OperandRef"/>
                                 <operand localId="547" locator="64:27-64:37" resultTypeName="t:Code" name="Extremity" xsi:type="CodeRef"/>
                                 <operand localId="552" xsi:type="ToDecimal">
                                    <operand localId="548" locator="64:40-64:41" resultTypeName="t:Integer" valueType="t:Integer" value="73" xsi:type="Literal"/>
                                 </operand>
                                 <operand localId="554" xsi:type="ToDecimal">
                                    <operand localId="549" locator="64:44-64:46" resultTypeName="t:Integer" valueType="t:Integer" value="320" xsi:type="Literal"/>
                                 </operand>
                              </operand>
                           </operand>
                           <operand localId="559" locator="65:8-65:61" resultTypeName="t:Boolean" name="Qualifies" xsi:type="FunctionRef">
                              <operand localId="555" locator="65:20-65:24" xmlns:ns12="urn:healthit-gov:qdm:v5_6" resultTypeName="ns12:PositiveDiagnosticStudyPerformed" name="Study" xsi:type="OperandRef"/>
                              <operand localId="556" locator="65:27-65:50" resultTypeName="t:Code" name="Neck or Cervical Spine" xsi:type="CodeRef"/>
                              <operand localId="561" xsi:type="ToDecimal">
                                 <operand localId="557" locator="65:53-65:54" resultTypeName="t:Integer" valueType="t:Integer" value="25" xsi:type="Literal"/>
                              </operand>
                              <operand localId="563" xsi:type="ToDecimal">
                                 <operand localId="558" locator="65:57-65:60" resultTypeName="t:Integer" valueType="t:Integer" value="1260" xsi:type="Literal"/>
                              </operand>
                           </operand>
                        </operand>
                        <operand localId="568" locator="66:8-66:63" resultTypeName="t:Boolean" name="Qualifies" xsi:type="FunctionRef">
                           <operand localId="564" locator="66:20-66:24" xmlns:ns13="urn:healthit-gov:qdm:v5_6" resultTypeName="ns13:PositiveDiagnosticStudyPerformed" name="Study" xsi:type="OperandRef"/>
                           <operand localId="565" locator="66:27-66:52" resultTypeName="t:Code" name="Thoracic or Lumbar Spine" xsi:type="CodeRef"/>
                           <operand localId="570" xsi:type="ToDecimal">
                              <operand localId="566" locator="66:55-66:56" resultTypeName="t:Integer" valueType="t:Integer" value="25" xsi:type="Literal"/>
                           </operand>
                           <operand localId="572" xsi:type="ToDecimal">
                              <operand localId="567" locator="66:59-66:62" resultTypeName="t:Integer" valueType="t:Integer" value="1260" xsi:type="Literal"/>
                           </operand>
                        </operand>
                     </operand>
                     <operand localId="577" locator="67:8-67:80" resultTypeName="t:Boolean" name="Qualifies" xsi:type="FunctionRef">
                        <operand localId="573" locator="67:20-67:24" xmlns:ns14="urn:healthit-gov:qdm:v5_6" resultTypeName="ns14:PositiveDiagnosticStudyPerformed" name="Study" xsi:type="OperandRef"/>
                        <operand localId="574" locator="67:27-67:69" resultTypeName="t:Code" name="Simultaneous Chest and Abdomen and Pelvis" xsi:type="CodeRef"/>
                        <operand localId="579" xsi:type="ToDecimal">
                           <operand localId="575" locator="67:72-67:73" resultTypeName="t:Integer" valueType="t:Integer" value="29" xsi:type="Literal"/>
                        </operand>
                        <operand localId="581" xsi:type="ToDecimal">
                           <operand localId="576" locator="67:76-67:79" resultTypeName="t:Integer" valueType="t:Integer" value="1637" xsi:type="Literal"/>
                        </operand>
                     </operand>
                  </operand>
                  <operand localId="586" locator="68:8-68:77" resultTypeName="t:Boolean" name="Qualifies" xsi:type="FunctionRef">
                     <operand localId="582" locator="68:20-68:24" xmlns:ns15="urn:healthit-gov:qdm:v5_6" resultTypeName="ns15:PositiveDiagnosticStudyPerformed" name="Study" xsi:type="OperandRef"/>
                     <operand localId="583" locator="68:27-68:66" resultTypeName="t:Code" name="Simultaneous Thoracic and Lumbar Spine" xsi:type="CodeRef"/>
                     <operand localId="588" xsi:type="ToDecimal">
                        <operand localId="584" locator="68:69-68:70" resultTypeName="t:Integer" valueType="t:Integer" value="25" xsi:type="Literal"/>
                     </operand>
                     <operand localId="590" xsi:type="ToDecimal">
                        <operand localId="585" locator="68:73-68:76" resultTypeName="t:Integer" valueType="t:Integer" value="2520" xsi:type="Literal"/>
                     </operand>
                  </operand>
               </operand>
               <operand localId="595" locator="69:8-69:78" resultTypeName="t:Boolean" name="Qualifies" xsi:type="FunctionRef">
                  <operand localId="591" locator="69:20-69:24" xmlns:ns16="urn:healthit-gov:qdm:v5_6" resultTypeName="ns16:PositiveDiagnosticStudyPerformed" name="Study" xsi:type="OperandRef"/>
                  <operand localId="592" locator="69:27-69:67" resultTypeName="t:Code" name="Simultaneous Head and Neck Routine Dose" xsi:type="CodeRef"/>
                  <operand localId="597" xsi:type="ToDecimal">
                     <operand localId="593" locator="69:70-69:71" resultTypeName="t:Integer" valueType="t:Integer" value="25" xsi:type="Literal"/>
                  </operand>
                  <operand localId="599" xsi:type="ToDecimal">
                     <operand localId="594" locator="69:74-69:77" resultTypeName="t:Integer" valueType="t:Integer" value="2285" xsi:type="Literal"/>
                  </operand>
               </operand>
            </operand>
            <operand localId="604" locator="70:8-70:75" resultTypeName="t:Boolean" name="Qualifies" xsi:type="FunctionRef">
               <operand localId="600" locator="70:20-70:24" xmlns:ns17="urn:healthit-gov:qdm:v5_6" resultTypeName="ns17:PositiveDiagnosticStudyPerformed" name="Study" xsi:type="OperandRef"/>
               <operand localId="601" locator="70:27-70:64" resultTypeName="t:Code" name="Simultaneous Head and Neck High Dose" xsi:type="CodeRef"/>
               <operand localId="606" xsi:type="ToDecimal">
                  <operand localId="602" locator="70:67-70:68" resultTypeName="t:Integer" valueType="t:Integer" value="25" xsi:type="Literal"/>
               </operand>
               <operand localId="608" xsi:type="ToDecimal">
                  <operand localId="603" locator="70:71-70:74" resultTypeName="t:Integer" valueType="t:Integer" value="3092" xsi:type="Literal"/>
               </operand>
            </operand>
         </expression>
         <operand localId="429" name="Study">
            <operandTypeSpecifier localId="428" locator="52:43-52:71" xmlns:ns18="urn:healthit-gov:qdm:v5_6" resultTypeName="ns18:PositiveDiagnosticStudyPerformed" xmlns:ns19="urn:healthit-gov:qdm:v5_6" name="ns19:PositiveDiagnosticStudyPerformed" xsi:type="NamedTypeSpecifier"/>
         </operand>
      </def>
      <def localId="325" locator="39:1-44:3" resultTypeName="t:Decimal" name="Global Noise Value" context="Patient" accessLevel="Public" xsi:type="FunctionDef">
         <annotation xsi:type="a:Annotation">
            <a:s r="325">
               <a:s>define function &quot;Global Noise Value&quot;(Study &quot;Diagnostic Study, Performed&quot; ):
  </a:s>
               <a:s r="328">
                  <a:s r="328">
                     <a:s>singleton from </a:s>
                     <a:s r="386">
                        <a:s>( </a:s>
                        <a:s r="386">
                           <a:s>
                              <a:s r="329">
                                 <a:s r="331">
                                    <a:s>
                                       <a:s>Study.components</a:s>
                                    </a:s>
                                 </a:s>
                                 <a:s> C</a:s>
                              </a:s>
                           </a:s>
                           <a:s>
      </a:s>
                           <a:s r="336">
                              <a:s>where </a:s>
                              <a:s r="336">
                                 <a:s r="337">
                                    <a:s r="339">
                                       <a:s r="338">
                                          <a:s>C</a:s>
                                       </a:s>
                                       <a:s>.</a:s>
                                       <a:s r="339">
                                          <a:s>code</a:s>
                                       </a:s>
                                    </a:s>
                                    <a:s> ~ </a:s>
                                    <a:s r="340">
                                       <a:s>&quot;Calculated CT global noise&quot;</a:s>
                                    </a:s>
                                 </a:s>
                                 <a:s>
        and </a:s>
                                 <a:s r="341">
                                    <a:s r="360">
                                       <a:s r="343">
                                          <a:s r="342">
                                             <a:s>C</a:s>
                                          </a:s>
                                          <a:s>.</a:s>
                                          <a:s r="343">
                                             <a:s>result</a:s>
                                          </a:s>
                                       </a:s>
                                       <a:s>.</a:s>
                                       <a:s r="360">
                                          <a:s>unit</a:s>
                                       </a:s>
                                    </a:s>
                                    <a:s> = </a:s>
                                    <a:s r="361">
                                       <a:s>'[hnsf\'U]'</a:s>
                                    </a:s>
                                 </a:s>
                              </a:s>
                           </a:s>
                           <a:s>
      </a:s>
                           <a:s r="362">
                              <a:s>return </a:s>
                              <a:s r="363">
                                 <a:s r="382">
                                    <a:s r="365">
                                       <a:s r="364">
                                          <a:s>C</a:s>
                                       </a:s>
                                       <a:s>.</a:s>
                                       <a:s r="365">
                                          <a:s>result</a:s>
                                       </a:s>
                                    </a:s>
                                    <a:s>.</a:s>
                                    <a:s r="382">
                                       <a:s>value</a:s>
                                    </a:s>
                                 </a:s>
                                 <a:s> as </a:s>
                                 <a:s r="383">
                                    <a:s>Decimal</a:s>
                                 </a:s>
                              </a:s>
                           </a:s>
                        </a:s>
                        <a:s>
  )</a:s>
                     </a:s>
                  </a:s>
               </a:s>
            </a:s>
         </annotation>
         <expression localId="328" locator="40:3-44:3" resultTypeName="t:Decimal" xsi:type="SingletonFrom">
            <operand localId="386" locator="40:18-44:3" xsi:type="Query">
               <resultTypeSpecifier localId="389" xsi:type="ListTypeSpecifier">
                  <elementType localId="390" name="t:Decimal" xsi:type="NamedTypeSpecifier"/>
               </resultTypeSpecifier>
               <source localId="329" locator="40:20-40:37" alias="C">
                  <resultTypeSpecifier localId="334" xsi:type="ListTypeSpecifier">
                     <elementType localId="335" xmlns:ns20="urn:healthit-gov:qdm:v5_6" name="ns20:Component" xsi:type="NamedTypeSpecifier"/>
                  </resultTypeSpecifier>
                  <expression localId="331" locator="40:20-40:35" path="components" xsi:type="Property">
                     <resultTypeSpecifier localId="332" xsi:type="ListTypeSpecifier">
                        <elementType localId="333" xmlns:ns21="urn:healthit-gov:qdm:v5_6" name="ns21:Component" xsi:type="NamedTypeSpecifier"/>
                     </resultTypeSpecifier>
                     <source localId="330" name="Study" xsi:type="OperandRef"/>
                  </expression>
               </source>
               <where localId="336" locator="41:7-42:39" resultTypeName="t:Boolean" xsi:type="And">
                  <operand localId="337" locator="41:13-41:49" resultTypeName="t:Boolean" xsi:type="Equivalent">
                     <operand localId="339" locator="41:13-41:18" resultTypeName="t:Code" path="code" scope="C" xsi:type="Property"/>
                     <operand localId="340" locator="41:22-41:49" resultTypeName="t:Code" name="Calculated CT global noise" xsi:type="CodeRef"/>
                  </operand>
                  <operand localId="341" locator="42:13-42:39" resultTypeName="t:Boolean" xsi:type="Equal">
                     <operand localId="360" locator="42:13-42:25" resultTypeName="t:String" path="unit" xsi:type="Property">
                        <source localId="343" locator="42:13-42:20" path="result" scope="C" xsi:type="Property">
                           <resultTypeSpecifier localId="352" xsi:type="ChoiceTypeSpecifier">
                              <choice localId="353" name="t:Integer" xsi:type="NamedTypeSpecifier"/>
                              <choice localId="354" name="t:Decimal" xsi:type="NamedTypeSpecifier"/>
                              <choice localId="355" name="t:Code" xsi:type="NamedTypeSpecifier"/>
                              <choice localId="356" name="t:Quantity" xsi:type="NamedTypeSpecifier"/>
                              <choice localId="357" name="t:Ratio" xsi:type="NamedTypeSpecifier"/>
                              <choice localId="358" name="t:DateTime" xsi:type="NamedTypeSpecifier"/>
                              <choice localId="359" name="t:Time" xsi:type="NamedTypeSpecifier"/>
                           </resultTypeSpecifier>
                        </source>
                     </operand>
                     <operand localId="361" locator="42:29-42:39" resultTypeName="t:String" valueType="t:String" value="[hnsf'U]" xsi:type="Literal"/>
                  </operand>
               </where>
               <return localId="362" locator="43:7-43:38">
                  <resultTypeSpecifier localId="384" xsi:type="ListTypeSpecifier">
                     <elementType localId="385" name="t:Decimal" xsi:type="NamedTypeSpecifier"/>
                  </resultTypeSpecifier>
                  <expression localId="363" locator="43:14-43:38" resultTypeName="t:Decimal" strict="false" xsi:type="As">
                     <operand localId="382" locator="43:14-43:27" resultTypeName="t:Decimal" path="value" xsi:type="Property">
                        <source localId="365" locator="43:14-43:21" path="result" scope="C" xsi:type="Property">
                           <resultTypeSpecifier localId="374" xsi:type="ChoiceTypeSpecifier">
                              <choice localId="375" name="t:Integer" xsi:type="NamedTypeSpecifier"/>
                              <choice localId="376" name="t:Decimal" xsi:type="NamedTypeSpecifier"/>
                              <choice localId="377" name="t:Code" xsi:type="NamedTypeSpecifier"/>
                              <choice localId="378" name="t:Quantity" xsi:type="NamedTypeSpecifier"/>
                              <choice localId="379" name="t:Ratio" xsi:type="NamedTypeSpecifier"/>
                              <choice localId="380" name="t:DateTime" xsi:type="NamedTypeSpecifier"/>
                              <choice localId="381" name="t:Time" xsi:type="NamedTypeSpecifier"/>
                           </resultTypeSpecifier>
                        </source>
                     </operand>
                     <asTypeSpecifier localId="383" locator="43:32-43:38" resultTypeName="t:Decimal" name="t:Decimal" xsi:type="NamedTypeSpecifier"/>
                  </expression>
               </return>
            </operand>
         </expression>
         <operand localId="327" name="Study">
            <operandTypeSpecifier localId="326" locator="39:44-39:72" xmlns:ns22="urn:healthit-gov:qdm:v5_6" resultTypeName="ns22:PositiveDiagnosticStudyPerformed" xmlns:ns23="urn:healthit-gov:qdm:v5_6" name="ns23:PositiveDiagnosticStudyPerformed" xsi:type="NamedTypeSpecifier"/>
         </operand>
      </def>
      <def localId="256" locator="30:1-30:15" name="Patient" context="Patient">
         <expression localId="257" xsi:type="SingletonFrom">
            <operand localId="255" locator="30:1-30:15" xmlns:ns24="urn:healthit-gov:qdm:v5_6" dataType="ns24:Patient" templateId="Patient" xsi:type="Retrieve"/>
         </expression>
      </def>
      <def localId="391" locator="46:1-50:5" resultTypeName="t:Boolean" name="Qualifies" context="Patient" accessLevel="Public" xsi:type="FunctionDef">
         <annotation xsi:type="a:Annotation">
            <a:s r="391">
               <a:s>define function &quot;Qualifies&quot;(Study &quot;Diagnostic Study, Performed&quot;, code System.Code, noiseThreshold Decimal, sizeDoseThreshold Decimal ):
  </a:s>
               <a:s r="400">
                  <a:s r="400">
                     <a:s r="401">
                        <a:s r="403">
                           <a:s r="402">
                              <a:s>Study</a:s>
                           </a:s>
                           <a:s>.</a:s>
                           <a:s r="403">
                              <a:s>result</a:s>
                           </a:s>
                        </a:s>
                        <a:s> ~ </a:s>
                        <a:s r="416">
                           <a:s>code</a:s>
                        </a:s>
                     </a:s>
                     <a:s>
    and </a:s>
                     <a:s r="418">
                        <a:s>( </a:s>
                        <a:s r="418">
                           <a:s r="419">
                              <a:s r="421">
                                 <a:s>&quot;Global Noise Value&quot;(</a:s>
                                 <a:s r="420">
                                    <a:s>Study</a:s>
                                 </a:s>
                                 <a:s>)</a:s>
                              </a:s>
                              <a:s> >= </a:s>
                              <a:s r="422">
                                 <a:s>noiseThreshold</a:s>
                              </a:s>
                           </a:s>
                           <a:s>
        or </a:s>
                           <a:s r="423">
                              <a:s r="425">
                                 <a:s>&quot;Size Adjusted Value&quot;(</a:s>
                                 <a:s r="424">
                                    <a:s>Study</a:s>
                                 </a:s>
                                 <a:s>)</a:s>
                              </a:s>
                              <a:s> >= </a:s>
                              <a:s r="426">
                                 <a:s>sizeDoseThreshold</a:s>
                              </a:s>
                           </a:s>
                        </a:s>
                        <a:s>
    )</a:s>
                     </a:s>
                  </a:s>
               </a:s>
            </a:s>
         </annotation>
         <expression localId="400" locator="47:3-50:5" resultTypeName="t:Boolean" xsi:type="And">
            <operand localId="401" locator="47:3-47:21" resultTypeName="t:Boolean" xsi:type="Equivalent">
               <operand localId="417" asType="t:Code" xsi:type="As">
                  <operand localId="403" locator="47:3-47:14" path="result" xsi:type="Property">
                     <resultTypeSpecifier localId="410" xsi:type="ChoiceTypeSpecifier">
                        <choice localId="411" name="t:Integer" xsi:type="NamedTypeSpecifier"/>
                        <choice localId="412" name="t:Decimal" xsi:type="NamedTypeSpecifier"/>
                        <choice localId="413" name="t:Code" xsi:type="NamedTypeSpecifier"/>
                        <choice localId="414" name="t:Quantity" xsi:type="NamedTypeSpecifier"/>
                        <choice localId="415" name="t:Ratio" xsi:type="NamedTypeSpecifier"/>
                     </resultTypeSpecifier>
                     <source localId="402" locator="47:3-47:7" xmlns:ns25="urn:healthit-gov:qdm:v5_6" resultTypeName="ns25:PositiveDiagnosticStudyPerformed" name="Study" xsi:type="OperandRef"/>
                  </operand>
               </operand>
               <operand localId="416" locator="47:18-47:21" resultTypeName="t:Code" name="code" xsi:type="OperandRef"/>
            </operand>
            <operand localId="418" locator="48:9-50:5" resultTypeName="t:Boolean" xsi:type="Or">
               <operand localId="419" locator="48:11-48:55" resultTypeName="t:Boolean" xsi:type="GreaterOrEqual">
                  <operand localId="421" locator="48:11-48:37" resultTypeName="t:Decimal" name="Global Noise Value" xsi:type="FunctionRef">
                     <operand localId="420" locator="48:32-48:36" xmlns:ns26="urn:healthit-gov:qdm:v5_6" resultTypeName="ns26:PositiveDiagnosticStudyPerformed" name="Study" xsi:type="OperandRef"/>
                  </operand>
                  <operand localId="422" locator="48:42-48:55" resultTypeName="t:Decimal" name="noiseThreshold" xsi:type="OperandRef"/>
               </operand>
               <operand localId="423" locator="49:12-49:60" resultTypeName="t:Boolean" xsi:type="GreaterOrEqual">
                  <operand localId="425" locator="49:12-49:39" resultTypeName="t:Decimal" name="Size Adjusted Value" xsi:type="FunctionRef">
                     <operand localId="424" locator="49:34-49:38" xmlns:ns27="urn:healthit-gov:qdm:v5_6" resultTypeName="ns27:PositiveDiagnosticStudyPerformed" name="Study" xsi:type="OperandRef"/>
                  </operand>
                  <operand localId="426" locator="49:44-49:60" resultTypeName="t:Decimal" name="sizeDoseThreshold" xsi:type="OperandRef"/>
               </operand>
            </operand>
         </expression>
         <operand localId="393" name="Study">
            <operandTypeSpecifier localId="392" locator="46:35-46:63" xmlns:ns28="urn:healthit-gov:qdm:v5_6" resultTypeName="ns28:PositiveDiagnosticStudyPerformed" xmlns:ns29="urn:healthit-gov:qdm:v5_6" name="ns29:PositiveDiagnosticStudyPerformed" xsi:type="NamedTypeSpecifier"/>
         </operand>
         <operand localId="395" name="code">
            <operandTypeSpecifier localId="394" locator="46:71-46:81" resultTypeName="t:Code" name="t:Code" xsi:type="NamedTypeSpecifier"/>
         </operand>
         <operand localId="397" name="noiseThreshold">
            <operandTypeSpecifier localId="396" locator="46:99-46:105" resultTypeName="t:Decimal" name="t:Decimal" xsi:type="NamedTypeSpecifier"/>
         </operand>
         <operand localId="399" name="sizeDoseThreshold">
            <operandTypeSpecifier localId="398" locator="46:126-46:132" resultTypeName="t:Decimal" name="t:Decimal" xsi:type="NamedTypeSpecifier"/>
         </operand>
      </def>
      <def localId="259" locator="32:1-37:3" resultTypeName="t:Decimal" name="Size Adjusted Value" context="Patient" accessLevel="Public" xsi:type="FunctionDef">
         <annotation xsi:type="a:Annotation">
            <a:s r="259">
               <a:s>define function &quot;Size Adjusted Value&quot;(Study &quot;Diagnostic Study, Performed&quot; ):
  </a:s>
               <a:s r="262">
                  <a:s r="262">
                     <a:s>singleton from </a:s>
                     <a:s r="320">
                        <a:s>( </a:s>
                        <a:s r="320">
                           <a:s>
                              <a:s r="263">
                                 <a:s r="265">
                                    <a:s>
                                       <a:s>Study.components</a:s>
                                    </a:s>
                                 </a:s>
                                 <a:s> C</a:s>
                              </a:s>
                           </a:s>
                           <a:s>
      </a:s>
                           <a:s r="270">
                              <a:s>where </a:s>
                              <a:s r="270">
                                 <a:s r="271">
                                    <a:s r="273">
                                       <a:s r="272">
                                          <a:s>C</a:s>
                                       </a:s>
                                       <a:s>.</a:s>
                                       <a:s r="273">
                                          <a:s>code</a:s>
                                       </a:s>
                                    </a:s>
                                    <a:s> ~ </a:s>
                                    <a:s r="274">
                                       <a:s>&quot;Calculated CT size-adjusted dose&quot;</a:s>
                                    </a:s>
                                 </a:s>
                                 <a:s>
        and </a:s>
                                 <a:s r="275">
                                    <a:s r="294">
                                       <a:s r="277">
                                          <a:s r="276">
                                             <a:s>C</a:s>
                                          </a:s>
                                          <a:s>.</a:s>
                                          <a:s r="277">
                                             <a:s>result</a:s>
                                          </a:s>
                                       </a:s>
                                       <a:s>.</a:s>
                                       <a:s r="294">
                                          <a:s>unit</a:s>
                                       </a:s>
                                    </a:s>
                                    <a:s> = </a:s>
                                    <a:s r="295">
                                       <a:s>'mGy.cm'</a:s>
                                    </a:s>
                                 </a:s>
                              </a:s>
                           </a:s>
                           <a:s>
      </a:s>
                           <a:s r="296">
                              <a:s>return </a:s>
                              <a:s r="297">
                                 <a:s r="316">
                                    <a:s r="299">
                                       <a:s r="298">
                                          <a:s>C</a:s>
                                       </a:s>
                                       <a:s>.</a:s>
                                       <a:s r="299">
                                          <a:s>result</a:s>
                                       </a:s>
                                    </a:s>
                                    <a:s>.</a:s>
                                    <a:s r="316">
                                       <a:s>value</a:s>
                                    </a:s>
                                 </a:s>
                                 <a:s> as </a:s>
                                 <a:s r="317">
                                    <a:s>Decimal</a:s>
                                 </a:s>
                              </a:s>
                           </a:s>
                        </a:s>
                        <a:s>
  )</a:s>
                     </a:s>
                  </a:s>
               </a:s>
            </a:s>
         </annotation>
         <expression localId="262" locator="33:3-37:3" resultTypeName="t:Decimal" xsi:type="SingletonFrom">
            <operand localId="320" locator="33:18-37:3" xsi:type="Query">
               <resultTypeSpecifier localId="323" xsi:type="ListTypeSpecifier">
                  <elementType localId="324" name="t:Decimal" xsi:type="NamedTypeSpecifier"/>
               </resultTypeSpecifier>
               <source localId="263" locator="33:20-33:37" alias="C">
                  <resultTypeSpecifier localId="268" xsi:type="ListTypeSpecifier">
                     <elementType localId="269" xmlns:ns30="urn:healthit-gov:qdm:v5_6" name="ns30:Component" xsi:type="NamedTypeSpecifier"/>
                  </resultTypeSpecifier>
                  <expression localId="265" locator="33:20-33:35" path="components" xsi:type="Property">
                     <resultTypeSpecifier localId="266" xsi:type="ListTypeSpecifier">
                        <elementType localId="267" xmlns:ns31="urn:healthit-gov:qdm:v5_6" name="ns31:Component" xsi:type="NamedTypeSpecifier"/>
                     </resultTypeSpecifier>
                     <source localId="264" name="Study" xsi:type="OperandRef"/>
                  </expression>
               </source>
               <where localId="270" locator="34:7-35:36" resultTypeName="t:Boolean" xsi:type="And">
                  <operand localId="271" locator="34:13-34:55" resultTypeName="t:Boolean" xsi:type="Equivalent">
                     <operand localId="273" locator="34:13-34:18" resultTypeName="t:Code" path="code" scope="C" xsi:type="Property"/>
                     <operand localId="274" locator="34:22-34:55" resultTypeName="t:Code" name="Calculated CT size-adjusted dose" xsi:type="CodeRef"/>
                  </operand>
                  <operand localId="275" locator="35:13-35:36" resultTypeName="t:Boolean" xsi:type="Equal">
                     <operand localId="294" locator="35:13-35:25" resultTypeName="t:String" path="unit" xsi:type="Property">
                        <source localId="277" locator="35:13-35:20" path="result" scope="C" xsi:type="Property">
                           <resultTypeSpecifier localId="286" xsi:type="ChoiceTypeSpecifier">
                              <choice localId="287" name="t:Integer" xsi:type="NamedTypeSpecifier"/>
                              <choice localId="288" name="t:Decimal" xsi:type="NamedTypeSpecifier"/>
                              <choice localId="289" name="t:Code" xsi:type="NamedTypeSpecifier"/>
                              <choice localId="290" name="t:Quantity" xsi:type="NamedTypeSpecifier"/>
                              <choice localId="291" name="t:Ratio" xsi:type="NamedTypeSpecifier"/>
                              <choice localId="292" name="t:DateTime" xsi:type="NamedTypeSpecifier"/>
                              <choice localId="293" name="t:Time" xsi:type="NamedTypeSpecifier"/>
                           </resultTypeSpecifier>
                        </source>
                     </operand>
                     <operand localId="295" locator="35:29-35:36" resultTypeName="t:String" valueType="t:String" value="mGy.cm" xsi:type="Literal"/>
                  </operand>
               </where>
               <return localId="296" locator="36:7-36:38">
                  <resultTypeSpecifier localId="318" xsi:type="ListTypeSpecifier">
                     <elementType localId="319" name="t:Decimal" xsi:type="NamedTypeSpecifier"/>
                  </resultTypeSpecifier>
                  <expression localId="297" locator="36:14-36:38" resultTypeName="t:Decimal" strict="false" xsi:type="As">
                     <operand localId="316" locator="36:14-36:27" resultTypeName="t:Decimal" path="value" xsi:type="Property">
                        <source localId="299" locator="36:14-36:21" path="result" scope="C" xsi:type="Property">
                           <resultTypeSpecifier localId="308" xsi:type="ChoiceTypeSpecifier">
                              <choice localId="309" name="t:Integer" xsi:type="NamedTypeSpecifier"/>
                              <choice localId="310" name="t:Decimal" xsi:type="NamedTypeSpecifier"/>
                              <choice localId="311" name="t:Code" xsi:type="NamedTypeSpecifier"/>
                              <choice localId="312" name="t:Quantity" xsi:type="NamedTypeSpecifier"/>
                              <choice localId="313" name="t:Ratio" xsi:type="NamedTypeSpecifier"/>
                              <choice localId="314" name="t:DateTime" xsi:type="NamedTypeSpecifier"/>
                              <choice localId="315" name="t:Time" xsi:type="NamedTypeSpecifier"/>
                           </resultTypeSpecifier>
                        </source>
                     </operand>
                     <asTypeSpecifier localId="317" locator="36:32-36:38" resultTypeName="t:Decimal" name="t:Decimal" xsi:type="NamedTypeSpecifier"/>
                  </expression>
               </return>
            </operand>
         </expression>
         <operand localId="261" name="Study">
            <operandTypeSpecifier localId="260" locator="32:45-32:73" xmlns:ns32="urn:healthit-gov:qdm:v5_6" resultTypeName="ns32:PositiveDiagnosticStudyPerformed" xmlns:ns33="urn:healthit-gov:qdm:v5_6" name="ns33:PositiveDiagnosticStudyPerformed" xsi:type="NamedTypeSpecifier"/>
         </operand>
      </def>
   </statements>
</library>
