<?xml version="1.0" encoding="UTF-8"?>
<library xmlns="urn:hl7-org:elm:r1" xmlns:t="urn:hl7-org:elm-types:r1" xmlns:xsi="http://www.w3.org/2001/XMLSchema-instance" xmlns:xsd="http://www.w3.org/2001/XMLSchema" xmlns:fhir="http://hl7.org/fhir" xmlns:qdm43="urn:healthit-gov:qdm:v4_3" xmlns:qdm53="urn:healthit-gov:qdm:v5_3" xmlns:a="urn:hl7-org:cql-annotations:r1" localId="0">
   <annotation translatorVersion="3.14.0" translatorOptions="EnableAnnotations,EnableLocators,EnableResultTypes,EnableDetailedErrors,DisableListDemotion,DisableListPromotion" signatureLevel="None" xsi:type="a:CqlToElmInfo"/>
   <annotation xsi:type="a:Annotation">
      <a:s r="435">
         <a:s>library CMS1074CTIQR version '3.3.000'</a:s>
      </a:s>
   </annotation>
   <identifier id="CMS1074CTIQR" version="3.3.000"/>
   <schemaIdentifier id="urn:hl7-org:elm" version="r1"/>
   <usings>
      <def localId="1" localIdentifier="System" uri="urn:hl7-org:elm-types:r1"/>
      <def localId="206" locator="3:1-3:23" localIdentifier="QDM" uri="urn:healthit-gov:qdm:v5_6" version="5.6">
         <annotation xsi:type="a:Annotation">
            <a:s r="206">
               <a:s>using </a:s>
               <a:s>
                  <a:s>QDM</a:s>
               </a:s>
               <a:s> version '5.6'</a:s>
            </a:s>
         </annotation>
      </def>
   </usings>
   <includes>
      <def localId="207" locator="5:1-5:52" localIdentifier="Global" path="CQMCommonQDM" version="9.0.000">
         <annotation xsi:type="a:Annotation">
            <a:s r="207">
               <a:s>include </a:s>
               <a:s>
                  <a:s>CQMCommonQDM</a:s>
               </a:s>
               <a:s> version '9.0.000' called Global</a:s>
            </a:s>
         </annotation>
      </def>
      <def localId="208" locator="6:1-6:68" localIdentifier="AlaraCommon" path="AlaraCommonFunctionsQDM" version="1.4.000">
         <annotation xsi:type="a:Annotation">
            <a:s r="208">
               <a:s>include </a:s>
               <a:s>
                  <a:s>AlaraCommonFunctionsQDM</a:s>
               </a:s>
               <a:s> version '1.4.000' called AlaraCommon</a:s>
            </a:s>
         </annotation>
      </def>
   </includes>
   <parameters>
      <def localId="219" locator="19:1-19:49" name="Measurement Period" accessLevel="Public">
         <annotation xsi:type="a:Annotation">
            <a:s r="219">
               <a:s>parameter &quot;Measurement Period&quot; </a:s>
               <a:s r="220">
                  <a:s>Interval&lt;</a:s>
                  <a:s r="221">
                     <a:s>DateTime</a:s>
                  </a:s>
                  <a:s>></a:s>
               </a:s>
            </a:s>
         </annotation>
         <resultTypeSpecifier localId="224" xsi:type="IntervalTypeSpecifier">
            <pointType localId="225" name="t:DateTime" xsi:type="NamedTypeSpecifier"/>
         </resultTypeSpecifier>
         <parameterTypeSpecifier localId="220" locator="19:32-19:49" xsi:type="IntervalTypeSpecifier">
            <resultTypeSpecifier localId="222" xsi:type="IntervalTypeSpecifier">
               <pointType localId="223" name="t:DateTime" xsi:type="NamedTypeSpecifier"/>
            </resultTypeSpecifier>
            <pointType localId="221" locator="19:41-19:48" resultTypeName="t:DateTime" name="t:DateTime" xsi:type="NamedTypeSpecifier"/>
         </parameterTypeSpecifier>
      </def>
   </parameters>
   <codeSystems>
      <def localId="209" locator="8:1-8:51" resultTypeName="t:CodeSystem" name="LOINC" id="urn:oid:2.16.840.1.113883.6.1" accessLevel="Public">
         <annotation xsi:type="a:Annotation">
            <a:s r="209">
               <a:s>codesystem &quot;LOINC&quot;: 'urn:oid:2.16.840.1.113883.6.1'</a:s>
            </a:s>
         </annotation>
      </def>
   </codeSystems>
   <valueSets>
      <def localId="210" locator="10:1-10:71" resultTypeName="t:ValueSet" name="Encounter Inpatient" id="urn:oid:2.16.840.1.113883.3.666.5.307" accessLevel="Public">
         <annotation xsi:type="a:Annotation">
            <a:s r="210">
               <a:s>valueset &quot;Encounter Inpatient&quot;: 'urn:oid:2.16.840.1.113883.3.666.5.307'</a:s>
            </a:s>
         </annotation>
      </def>
      <def localId="211" locator="11:1-11:58" resultTypeName="t:ValueSet" name="Ethnicity" id="urn:oid:2.16.840.1.114222.4.11.837" accessLevel="Public">
         <annotation xsi:type="a:Annotation">
            <a:s r="211">
               <a:s>valueset &quot;Ethnicity&quot;: 'urn:oid:2.16.840.1.114222.4.11.837'</a:s>
            </a:s>
         </annotation>
      </def>
      <def localId="212" locator="12:1-12:79" resultTypeName="t:ValueSet" name="Federal Administrative Sex" id="urn:oid:2.16.840.1.113762.1.4.1021.121" accessLevel="Public">
         <annotation xsi:type="a:Annotation">
            <a:s r="212">
               <a:s>valueset &quot;Federal Administrative Sex&quot;: 'urn:oid:2.16.840.1.113762.1.4.1021.121'</a:s>
            </a:s>
         </annotation>
      </def>
      <def localId="213" locator="13:1-13:60" resultTypeName="t:ValueSet" name="Payer Type" id="urn:oid:2.16.840.1.114222.4.11.3591" accessLevel="Public">
         <annotation xsi:type="a:Annotation">
            <a:s r="213">
               <a:s>valueset &quot;Payer Type&quot;: 'urn:oid:2.16.840.1.114222.4.11.3591'</a:s>
            </a:s>
         </annotation>
      </def>
      <def localId="214" locator="14:1-14:53" resultTypeName="t:ValueSet" name="Race" id="urn:oid:2.16.840.1.114222.4.11.836" accessLevel="Public">
         <annotation xsi:type="a:Annotation">
            <a:s r="214">
               <a:s>valueset &quot;Race&quot;: 'urn:oid:2.16.840.1.114222.4.11.836'</a:s>
            </a:s>
         </annotation>
      </def>
   </valueSets>
   <codes>
      <def localId="215" locator="16:1-16:110" resultTypeName="t:Code" name="CT dose and image quality category" id="96914-7" display="CT dose and image quality category" accessLevel="Public">
         <annotation xsi:type="a:Annotation">
            <a:s r="215">
               <a:s>code &quot;CT dose and image quality category&quot;: '96914-7' from </a:s>
               <a:s r="216">
                  <a:s>&quot;LOINC&quot;</a:s>
               </a:s>
               <a:s> display 'CT dose and image quality category'</a:s>
            </a:s>
         </annotation>
         <codeSystem localId="216" locator="16:59-16:65" resultTypeName="t:CodeSystem" name="LOINC"/>
      </def>
      <def localId="217" locator="17:1-17:62" resultTypeName="t:Code" name="Full Body" id="LA31771-1" display="Full Body" accessLevel="Public">
         <annotation xsi:type="a:Annotation">
            <a:s r="217">
               <a:s>code &quot;Full Body&quot;: 'LA31771-1' from </a:s>
               <a:s r="218">
                  <a:s>&quot;LOINC&quot;</a:s>
               </a:s>
               <a:s> display 'Full Body'</a:s>
            </a:s>
         </annotation>
         <codeSystem localId="218" locator="17:36-17:42" resultTypeName="t:CodeSystem" name="LOINC"/>
      </def>
   </codes>
   <contexts>
      <def localId="229" locator="21:1-21:15" name="Patient"/>
   </contexts>
   <statements>
      <def localId="227" locator="21:1-21:15" name="Patient" context="Patient">
         <expression localId="228" xsi:type="SingletonFrom">
            <operand localId="226" locator="21:1-21:15" xmlns:ns0="urn:healthit-gov:qdm:v5_6" dataType="ns0:Patient" templateId="Patient" xsi:type="Retrieve"/>
         </expression>
      </def>
      <def localId="231" locator="23:1-26:59" name="Qualifying Inpatient Encounters" context="Patient" accessLevel="Public">
         <annotation xsi:type="a:Annotation">
            <a:s r="231">
               <a:s>define &quot;Qualifying Inpatient Encounters&quot;:
  </a:s>
               <a:s r="266">
                  <a:s>
                     <a:s r="232">
                        <a:s r="235">
                           <a:s r="235">
                              <a:s>[&quot;Encounter, Performed&quot;: </a:s>
                              <a:s>
                                 <a:s>&quot;Encounter Inpatient&quot;</a:s>
                              </a:s>
                              <a:s>]</a:s>
                           </a:s>
                        </a:s>
                        <a:s> InpatientEncounter</a:s>
                     </a:s>
                  </a:s>
                  <a:s>
    </a:s>
                  <a:s r="243">
                     <a:s>where </a:s>
                     <a:s r="243">
                        <a:s r="254">
                           <a:s r="245">
                              <a:s r="244">
                                 <a:s>InpatientEncounter</a:s>
                              </a:s>
                              <a:s>.</a:s>
                              <a:s r="245">
                                 <a:s>relevantPeriod</a:s>
                              </a:s>
                           </a:s>
                           <a:s r="254"> ends during day of </a:s>
                           <a:s r="250">
                              <a:s>&quot;Measurement Period&quot;</a:s>
                           </a:s>
                        </a:s>
                        <a:s>
      and </a:s>
                        <a:s r="255">
                           <a:s r="264">
                              <a:s>AgeInYearsAt(</a:s>
                              <a:s r="256">
                                 <a:s>start of </a:s>
                                 <a:s r="257">
                                    <a:s>&quot;Measurement Period&quot;</a:s>
                                 </a:s>
                              </a:s>
                              <a:s>)</a:s>
                           </a:s>
                           <a:s r="265"> >= 18</a:s>
                        </a:s>
                     </a:s>
                  </a:s>
               </a:s>
            </a:s>
         </annotation>
         <resultTypeSpecifier localId="269" xsi:type="ListTypeSpecifier">
            <elementType localId="270" xmlns:ns1="urn:healthit-gov:qdm:v5_6" name="ns1:PositiveEncounterPerformed" xsi:type="NamedTypeSpecifier"/>
         </resultTypeSpecifier>
         <expression localId="266" locator="24:3-26:59" xsi:type="Query">
            <resultTypeSpecifier localId="267" xsi:type="ListTypeSpecifier">
               <elementType localId="268" xmlns:ns2="urn:healthit-gov:qdm:v5_6" name="ns2:PositiveEncounterPerformed" xsi:type="NamedTypeSpecifier"/>
            </resultTypeSpecifier>
            <source localId="232" locator="24:3-24:68" alias="InpatientEncounter">
               <resultTypeSpecifier localId="241" xsi:type="ListTypeSpecifier">
                  <elementType localId="242" xmlns:ns3="urn:healthit-gov:qdm:v5_6" name="ns3:PositiveEncounterPerformed" xsi:type="NamedTypeSpecifier"/>
               </resultTypeSpecifier>
               <expression localId="235" locator="24:3-24:49" xmlns:ns4="urn:healthit-gov:qdm:v5_6" dataType="ns4:PositiveEncounterPerformed" templateId="PositiveEncounterPerformed" codeProperty="code" codeComparator="in" xsi:type="Retrieve">
                  <resultTypeSpecifier localId="239" xsi:type="ListTypeSpecifier">
                     <elementType localId="240" xmlns:ns5="urn:healthit-gov:qdm:v5_6" name="ns5:PositiveEncounterPerformed" xsi:type="NamedTypeSpecifier"/>
                  </resultTypeSpecifier>
                  <codes localId="234" locator="24:28-24:48" resultTypeName="t:ValueSet" name="Encounter Inpatient" preserve="true" xsi:type="ValueSetRef"/>
               </expression>
            </source>
            <where localId="243" locator="25:5-26:59" resultTypeName="t:Boolean" xsi:type="And">
               <operand localId="254" locator="25:11-25:83" resultTypeName="t:Boolean" precision="Day" xsi:type="In">
                  <operand localId="253" locator="25:45-25:48" xsi:type="End">
                     <operand localId="245" locator="25:11-25:43" path="relevantPeriod" scope="InpatientEncounter" xsi:type="Property">
                        <resultTypeSpecifier localId="248" xsi:type="IntervalTypeSpecifier">
                           <pointType localId="249" name="t:DateTime" xsi:type="NamedTypeSpecifier"/>
                        </resultTypeSpecifier>
                     </operand>
                  </operand>
                  <operand localId="250" locator="25:64-25:83" name="Measurement Period" xsi:type="ParameterRef">
                     <resultTypeSpecifier localId="251" xsi:type="IntervalTypeSpecifier">
                        <pointType localId="252" name="t:DateTime" xsi:type="NamedTypeSpecifier"/>
                     </resultTypeSpecifier>
                  </operand>
               </operand>
               <operand localId="255" locator="26:11-26:59" resultTypeName="t:Boolean" xsi:type="GreaterOrEqual">
                  <operand localId="264" locator="26:11-26:53" resultTypeName="t:Integer" precision="Year" xsi:type="CalculateAgeAt">
                     <operand localId="263" path="birthDatetime" xsi:type="Property">
                        <source localId="262" name="Patient" xsi:type="ExpressionRef"/>
                     </operand>
                     <operand localId="256" locator="26:24-26:52" resultTypeName="t:DateTime" xsi:type="Start">
                        <operand localId="257" locator="26:33-26:52" name="Measurement Period" xsi:type="ParameterRef">
                           <resultTypeSpecifier localId="258" xsi:type="IntervalTypeSpecifier">
                              <pointType localId="259" name="t:DateTime" xsi:type="NamedTypeSpecifier"/>
                           </resultTypeSpecifier>
                        </operand>
                     </operand>
                  </operand>
                  <operand localId="265" locator="26:58-26:59" resultTypeName="t:Integer" valueType="t:Integer" value="18" xsi:type="Literal"/>
               </operand>
            </where>
         </expression>
      </def>
      <def localId="272" locator="28:1-29:51" name="SDE Ethnicity" context="Patient" accessLevel="Public">
         <annotation xsi:type="a:Annotation">
            <a:s r="272">
               <a:s>define &quot;SDE Ethnicity&quot;:
  </a:s>
               <a:s r="275">
                  <a:s>[&quot;Patient Characteristic Ethnicity&quot;: </a:s>
                  <a:s>
                     <a:s>&quot;Ethnicity&quot;</a:s>
                  </a:s>
                  <a:s>]</a:s>
               </a:s>
            </a:s>
         </annotation>
         <resultTypeSpecifier localId="279" xsi:type="ListTypeSpecifier">
            <elementType localId="280" xmlns:ns6="urn:healthit-gov:qdm:v5_6" name="ns6:PatientCharacteristicEthnicity" xsi:type="NamedTypeSpecifier"/>
         </resultTypeSpecifier>
         <expression localId="275" locator="29:3-29:51" xmlns:ns7="urn:healthit-gov:qdm:v5_6" dataType="ns7:PatientCharacteristicEthnicity" codeProperty="code" codeComparator="in" xsi:type="Retrieve">
            <resultTypeSpecifier localId="277" xsi:type="ListTypeSpecifier">
               <elementType localId="278" xmlns:ns8="urn:healthit-gov:qdm:v5_6" name="ns8:PatientCharacteristicEthnicity" xsi:type="NamedTypeSpecifier"/>
            </resultTypeSpecifier>
            <codes localId="274" locator="29:40-29:50" resultTypeName="t:ValueSet" name="Ethnicity" preserve="true" xsi:type="ValueSetRef"/>
         </expression>
      </def>
      <def localId="282" locator="31:1-32:41" name="SDE Race" context="Patient" accessLevel="Public">
         <annotation xsi:type="a:Annotation">
            <a:s r="282">
               <a:s>define &quot;SDE Race&quot;:
  </a:s>
               <a:s r="285">
                  <a:s>[&quot;Patient Characteristic Race&quot;: </a:s>
                  <a:s>
                     <a:s>&quot;Race&quot;</a:s>
                  </a:s>
                  <a:s>]</a:s>
               </a:s>
            </a:s>
         </annotation>
         <resultTypeSpecifier localId="289" xsi:type="ListTypeSpecifier">
            <elementType localId="290" xmlns:ns9="urn:healthit-gov:qdm:v5_6" name="ns9:PatientCharacteristicRace" xsi:type="NamedTypeSpecifier"/>
         </resultTypeSpecifier>
         <expression localId="285" locator="32:3-32:41" xmlns:ns10="urn:healthit-gov:qdm:v5_6" dataType="ns10:PatientCharacteristicRace" codeProperty="code" codeComparator="in" xsi:type="Retrieve">
            <resultTypeSpecifier localId="287" xsi:type="ListTypeSpecifier">
               <elementType localId="288" xmlns:ns11="urn:healthit-gov:qdm:v5_6" name="ns11:PatientCharacteristicRace" xsi:type="NamedTypeSpecifier"/>
            </resultTypeSpecifier>
            <codes localId="284" locator="32:35-32:40" resultTypeName="t:ValueSet" name="Race" preserve="true" xsi:type="ValueSetRef"/>
         </expression>
      </def>
      <def localId="292" locator="34:1-35:62" name="SDE Sex" context="Patient" accessLevel="Public">
         <annotation xsi:type="a:Annotation">
            <a:s r="292">
               <a:s>define &quot;SDE Sex&quot;:
  </a:s>
               <a:s r="295">
                  <a:s>[&quot;Patient Characteristic Sex&quot;: </a:s>
                  <a:s>
                     <a:s>&quot;Federal Administrative Sex&quot;</a:s>
                  </a:s>
                  <a:s>]</a:s>
               </a:s>
            </a:s>
         </annotation>
         <resultTypeSpecifier localId="299" xsi:type="ListTypeSpecifier">
            <elementType localId="300" xmlns:ns12="urn:healthit-gov:qdm:v5_6" name="ns12:PatientCharacteristicSex" xsi:type="NamedTypeSpecifier"/>
         </resultTypeSpecifier>
         <expression localId="295" locator="35:3-35:62" xmlns:ns13="urn:healthit-gov:qdm:v5_6" dataType="ns13:PatientCharacteristicSex" codeProperty="code" codeComparator="in" xsi:type="Retrieve">
            <resultTypeSpecifier localId="297" xsi:type="ListTypeSpecifier">
               <elementType localId="298" xmlns:ns14="urn:healthit-gov:qdm:v5_6" name="ns14:PatientCharacteristicSex" xsi:type="NamedTypeSpecifier"/>
            </resultTypeSpecifier>
            <codes localId="294" locator="35:34-35:61" resultTypeName="t:ValueSet" name="Federal Administrative Sex" preserve="true" xsi:type="ValueSetRef"/>
         </expression>
      </def>
      <def localId="302" locator="37:1-38:48" name="SDE Payer" context="Patient" accessLevel="Public">
         <annotation xsi:type="a:Annotation">
            <a:s r="302">
               <a:s>define &quot;SDE Payer&quot;:
  </a:s>
               <a:s r="305">
                  <a:s>[&quot;Patient Characteristic Payer&quot;: </a:s>
                  <a:s>
                     <a:s>&quot;Payer Type&quot;</a:s>
                  </a:s>
                  <a:s>]</a:s>
               </a:s>
            </a:s>
         </annotation>
         <resultTypeSpecifier localId="309" xsi:type="ListTypeSpecifier">
            <elementType localId="310" xmlns:ns15="urn:healthit-gov:qdm:v5_6" name="ns15:PatientCharacteristicPayer" xsi:type="NamedTypeSpecifier"/>
         </resultTypeSpecifier>
         <expression localId="305" locator="38:3-38:48" xmlns:ns16="urn:healthit-gov:qdm:v5_6" dataType="ns16:PatientCharacteristicPayer" codeProperty="code" codeComparator="in" xsi:type="Retrieve">
            <resultTypeSpecifier localId="307" xsi:type="ListTypeSpecifier">
               <elementType localId="308" xmlns:ns17="urn:healthit-gov:qdm:v5_6" name="ns17:PatientCharacteristicPayer" xsi:type="NamedTypeSpecifier"/>
            </resultTypeSpecifier>
            <codes localId="304" locator="38:36-38:47" resultTypeName="t:ValueSet" name="Payer Type" preserve="true" xsi:type="ValueSetRef"/>
         </expression>
      </def>
      <def localId="314" locator="56:1-59:142" name="Qualifying Scan During Inpatient Encounter" context="Patient" accessLevel="Public">
         <annotation xsi:type="a:Annotation">
            <a:s r="314">
               <a:s>define &quot;Qualifying Scan During Inpatient Encounter&quot;:
  </a:s>
               <a:s r="358">
                  <a:s>
                     <a:s r="315">
                        <a:s r="318">
                           <a:s r="318">
                              <a:s>[&quot;Diagnostic Study, Performed&quot;: </a:s>
                              <a:s>
                                 <a:s>&quot;CT dose and image quality category&quot;</a:s>
                              </a:s>
                              <a:s>]</a:s>
                           </a:s>
                        </a:s>
                        <a:s> CTScan</a:s>
                     </a:s>
                  </a:s>
                  <a:s>
    </a:s>
                  <a:s r="355">
                     <a:s>with </a:s>
                     <a:s r="327">
                        <a:s r="328">
                           <a:s>
                              <a:s>&quot;Qualifying Inpatient Encounters&quot;</a:s>
                           </a:s>
                        </a:s>
                        <a:s> InpatientEncounters</a:s>
                     </a:s>
                     <a:s>
      such that </a:s>
                     <a:s r="354">
                        <a:s r="342">
                           <a:s r="333">
                              <a:s>Global</a:s>
                           </a:s>
                           <a:s>.</a:s>
                           <a:s r="342">
                              <a:s>&quot;NormalizeInterval&quot; ( </a:s>
                              <a:s r="335">
                                 <a:s r="334">
                                    <a:s>CTScan</a:s>
                                 </a:s>
                                 <a:s>.</a:s>
                                 <a:s r="335">
                                    <a:s>relevantDatetime</a:s>
                                 </a:s>
                              </a:s>
                              <a:s>, </a:s>
                              <a:s r="337">
                                 <a:s r="336">
                                    <a:s>CTScan</a:s>
                                 </a:s>
                                 <a:s>.</a:s>
                                 <a:s r="337">
                                    <a:s>relevantPeriod</a:s>
                                 </a:s>
                              </a:s>
                              <a:s> )</a:s>
                           </a:s>
                        </a:s>
                        <a:s r="354"> starts during </a:s>
                        <a:s r="348">
                           <a:s r="347">
                              <a:s>InpatientEncounters</a:s>
                           </a:s>
                           <a:s>.</a:s>
                           <a:s r="348">
                              <a:s>relevantPeriod</a:s>
                           </a:s>
                        </a:s>
                     </a:s>
                  </a:s>
               </a:s>
            </a:s>
         </annotation>
         <resultTypeSpecifier localId="432" xsi:type="ListTypeSpecifier">
            <elementType localId="433" xmlns:ns18="urn:healthit-gov:qdm:v5_6" name="ns18:PositiveDiagnosticStudyPerformed" xsi:type="NamedTypeSpecifier"/>
         </resultTypeSpecifier>
         <expression localId="358" locator="57:3-59:142" xsi:type="Query">
            <resultTypeSpecifier localId="359" xsi:type="ListTypeSpecifier">
               <elementType localId="360" xmlns:ns19="urn:healthit-gov:qdm:v5_6" name="ns19:PositiveDiagnosticStudyPerformed" xsi:type="NamedTypeSpecifier"/>
            </resultTypeSpecifier>
            <source localId="315" locator="57:3-57:78" alias="CTScan">
               <resultTypeSpecifier localId="325" xsi:type="ListTypeSpecifier">
                  <elementType localId="326" xmlns:ns20="urn:healthit-gov:qdm:v5_6" name="ns20:PositiveDiagnosticStudyPerformed" xsi:type="NamedTypeSpecifier"/>
               </resultTypeSpecifier>
               <expression localId="318" locator="57:3-57:71" xmlns:ns21="urn:healthit-gov:qdm:v5_6" dataType="ns21:PositiveDiagnosticStudyPerformed" templateId="PositiveDiagnosticStudyPerformed" codeProperty="code" codeComparator="~" xsi:type="Retrieve">
                  <resultTypeSpecifier localId="323" xsi:type="ListTypeSpecifier">
                     <elementType localId="324" xmlns:ns22="urn:healthit-gov:qdm:v5_6" name="ns22:PositiveDiagnosticStudyPerformed" xsi:type="NamedTypeSpecifier"/>
                  </resultTypeSpecifier>
                  <codes localId="320" xsi:type="ToList">
                     <operand localId="317" locator="57:35-57:70" resultTypeName="t:Code" name="CT dose and image quality category" xsi:type="CodeRef"/>
                  </codes>
               </expression>
            </source>
            <relationship localId="355" locator="58:5-59:142" alias="InpatientEncounters" xsi:type="With">
               <resultTypeSpecifier localId="356" xsi:type="ListTypeSpecifier">
                  <elementType localId="357" xmlns:ns23="urn:healthit-gov:qdm:v5_6" name="ns23:PositiveEncounterPerformed" xsi:type="NamedTypeSpecifier"/>
               </resultTypeSpecifier>
               <expression localId="328" locator="58:10-58:42" name="Qualifying Inpatient Encounters" xsi:type="ExpressionRef">
                  <resultTypeSpecifier localId="329" xsi:type="ListTypeSpecifier">
                     <elementType localId="330" xmlns:ns24="urn:healthit-gov:qdm:v5_6" name="ns24:PositiveEncounterPerformed" xsi:type="NamedTypeSpecifier"/>
                  </resultTypeSpecifier>
               </expression>
               <suchThat localId="354" locator="59:17-59:142" resultTypeName="t:Boolean" xsi:type="In">
                  <operand localId="353" locator="59:95-59:100" xsi:type="Start">
                     <operand localId="342" locator="59:17-59:93" name="NormalizeInterval" libraryName="Global" xsi:type="FunctionRef">
                        <resultTypeSpecifier localId="345" xsi:type="IntervalTypeSpecifier">
                           <pointType localId="346" name="t:DateTime" xsi:type="NamedTypeSpecifier"/>
                        </resultTypeSpecifier>
                        <operand localId="335" locator="59:46-59:68" resultTypeName="t:DateTime" path="relevantDatetime" scope="CTScan" xsi:type="Property"/>
                        <operand localId="337" locator="59:71-59:91" path="relevantPeriod" scope="CTScan" xsi:type="Property">
                           <resultTypeSpecifier localId="340" xsi:type="IntervalTypeSpecifier">
                              <pointType localId="341" name="t:DateTime" xsi:type="NamedTypeSpecifier"/>
                           </resultTypeSpecifier>
                        </operand>
                     </operand>
                  </operand>
                  <operand localId="348" locator="59:109-59:142" path="relevantPeriod" scope="InpatientEncounters" xsi:type="Property">
                     <resultTypeSpecifier localId="351" xsi:type="IntervalTypeSpecifier">
                        <pointType localId="352" name="t:DateTime" xsi:type="NamedTypeSpecifier"/>
                     </resultTypeSpecifier>
                  </operand>
               </suchThat>
            </relationship>
         </expression>
      </def>
      <def localId="312" locator="40:1-41:46" name="Initial Population" context="Patient" accessLevel="Public">
         <annotation xsi:type="a:Annotation">
            <a:s r="312">
               <a:s>define &quot;Initial Population&quot;:
  </a:s>
               <a:s r="363">
                  <a:s>&quot;Qualifying Scan During Inpatient Encounter&quot;</a:s>
               </a:s>
            </a:s>
         </annotation>
         <resultTypeSpecifier localId="366" xsi:type="ListTypeSpecifier">
            <elementType localId="367" xmlns:ns25="urn:healthit-gov:qdm:v5_6" name="ns25:PositiveDiagnosticStudyPerformed" xsi:type="NamedTypeSpecifier"/>
         </resultTypeSpecifier>
         <expression localId="363" locator="41:3-41:46" name="Qualifying Scan During Inpatient Encounter" xsi:type="ExpressionRef">
            <resultTypeSpecifier localId="364" xsi:type="ListTypeSpecifier">
               <elementType localId="365" xmlns:ns26="urn:healthit-gov:qdm:v5_6" name="ns26:PositiveDiagnosticStudyPerformed" xsi:type="NamedTypeSpecifier"/>
            </resultTypeSpecifier>
         </expression>
      </def>
      <def localId="369" locator="43:1-47:35" name="Qualifying Scan with Values" context="Patient" accessLevel="Public">
         <annotation xsi:type="a:Annotation">
            <a:s r="369">
               <a:s>define &quot;Qualifying Scan with Values&quot;:
  </a:s>
               <a:s r="404">
                  <a:s>
                     <a:s r="370">
                        <a:s r="371">
                           <a:s>
                              <a:s>&quot;Qualifying Scan During Inpatient Encounter&quot;</a:s>
                           </a:s>
                        </a:s>
                        <a:s> CTScan</a:s>
                     </a:s>
                  </a:s>
                  <a:s>
    </a:s>
                  <a:s r="376">
                     <a:s>where </a:s>
                     <a:s r="376">
                        <a:s r="377">
                           <a:s r="382">
                              <a:s r="380">
                                 <a:s r="378">
                                    <a:s>AlaraCommon</a:s>
                                 </a:s>
                                 <a:s>.</a:s>
                                 <a:s r="380">
                                    <a:s>&quot;Global Noise Value&quot; ( </a:s>
                                    <a:s r="379">
                                       <a:s>CTScan</a:s>
                                    </a:s>
                                    <a:s> )</a:s>
                                 </a:s>
                              </a:s>
                              <a:s> is not null</a:s>
                           </a:s>
                           <a:s>
      and </a:s>
                           <a:s r="387">
                              <a:s r="385">
                                 <a:s r="383">
                                    <a:s>AlaraCommon</a:s>
                                 </a:s>
                                 <a:s>.</a:s>
                                 <a:s r="385">
                                    <a:s>&quot;Size Adjusted Value&quot; ( </a:s>
                                    <a:s r="384">
                                       <a:s>CTScan</a:s>
                                    </a:s>
                                    <a:s> )</a:s>
                                 </a:s>
                              </a:s>
                              <a:s> is not null</a:s>
                           </a:s>
                        </a:s>
                        <a:s>
      and </a:s>
                        <a:s r="403">
                           <a:s r="389">
                              <a:s r="388">
                                 <a:s>CTScan</a:s>
                              </a:s>
                              <a:s>.</a:s>
                              <a:s r="389">
                                 <a:s>result</a:s>
                              </a:s>
                           </a:s>
                           <a:s> is not null</a:s>
                        </a:s>
                     </a:s>
                  </a:s>
               </a:s>
            </a:s>
         </annotation>
         <resultTypeSpecifier localId="407" xsi:type="ListTypeSpecifier">
            <elementType localId="408" xmlns:ns27="urn:healthit-gov:qdm:v5_6" name="ns27:PositiveDiagnosticStudyPerformed" xsi:type="NamedTypeSpecifier"/>
         </resultTypeSpecifier>
         <expression localId="404" locator="44:3-47:35" xsi:type="Query">
            <resultTypeSpecifier localId="405" xsi:type="ListTypeSpecifier">
               <elementType localId="406" xmlns:ns28="urn:healthit-gov:qdm:v5_6" name="ns28:PositiveDiagnosticStudyPerformed" xsi:type="NamedTypeSpecifier"/>
            </resultTypeSpecifier>
            <source localId="370" locator="44:3-44:53" alias="CTScan">
               <resultTypeSpecifier localId="374" xsi:type="ListTypeSpecifier">
                  <elementType localId="375" xmlns:ns29="urn:healthit-gov:qdm:v5_6" name="ns29:PositiveDiagnosticStudyPerformed" xsi:type="NamedTypeSpecifier"/>
               </resultTypeSpecifier>
               <expression localId="371" locator="44:3-44:46" name="Qualifying Scan During Inpatient Encounter" xsi:type="ExpressionRef">
                  <resultTypeSpecifier localId="372" xsi:type="ListTypeSpecifier">
                     <elementType localId="373" xmlns:ns30="urn:healthit-gov:qdm:v5_6" name="ns30:PositiveDiagnosticStudyPerformed" xsi:type="NamedTypeSpecifier"/>
                  </resultTypeSpecifier>
               </expression>
            </source>
            <where localId="376" locator="45:5-47:35" resultTypeName="t:Boolean" xsi:type="And">
               <operand localId="377" locator="45:11-46:66" resultTypeName="t:Boolean" xsi:type="And">
                  <operand localId="382" locator="45:11-45:65" resultTypeName="t:Boolean" xsi:type="Not">
                     <operand localId="381" locator="45:11-45:65" resultTypeName="t:Boolean" xsi:type="IsNull">
                        <operand localId="380" locator="45:11-45:53" resultTypeName="t:Decimal" name="Global Noise Value" libraryName="AlaraCommon" xsi:type="FunctionRef">
                           <operand localId="379" locator="45:46-45:51" xmlns:ns31="urn:healthit-gov:qdm:v5_6" resultTypeName="ns31:PositiveDiagnosticStudyPerformed" name="CTScan" xsi:type="AliasRef"/>
                        </operand>
                     </operand>
                  </operand>
                  <operand localId="387" locator="46:11-46:66" resultTypeName="t:Boolean" xsi:type="Not">
                     <operand localId="386" locator="46:11-46:66" resultTypeName="t:Boolean" xsi:type="IsNull">
                        <operand localId="385" locator="46:11-46:54" resultTypeName="t:Decimal" name="Size Adjusted Value" libraryName="AlaraCommon" xsi:type="FunctionRef">
                           <operand localId="384" locator="46:47-46:52" xmlns:ns32="urn:healthit-gov:qdm:v5_6" resultTypeName="ns32:PositiveDiagnosticStudyPerformed" name="CTScan" xsi:type="AliasRef"/>
                        </operand>
                     </operand>
                  </operand>
               </operand>
               <operand localId="403" locator="47:11-47:35" resultTypeName="t:Boolean" xsi:type="Not">
                  <operand localId="402" locator="47:11-47:35" resultTypeName="t:Boolean" xsi:type="IsNull">
                     <operand localId="389" locator="47:11-47:23" path="result" scope="CTScan" xsi:type="Property">
                        <resultTypeSpecifier localId="396" xsi:type="ChoiceTypeSpecifier">
                           <choice localId="397" name="t:Integer" xsi:type="NamedTypeSpecifier"/>
                           <choice localId="398" name="t:Decimal" xsi:type="NamedTypeSpecifier"/>
                           <choice localId="399" name="t:Code" xsi:type="NamedTypeSpecifier"/>
                           <choice localId="400" name="t:Quantity" xsi:type="NamedTypeSpecifier"/>
                           <choice localId="401" name="t:Ratio" xsi:type="NamedTypeSpecifier"/>
                        </resultTypeSpecifier>
                     </operand>
                  </operand>
               </operand>
            </where>
         </expression>
      </def>
      <def localId="410" locator="49:1-50:31" name="Denominator" context="Patient" accessLevel="Public">
         <annotation xsi:type="a:Annotation">
            <a:s r="410">
               <a:s>define &quot;Denominator&quot;:
  </a:s>
               <a:s r="411">
                  <a:s>&quot;Qualifying Scan with Values&quot;</a:s>
               </a:s>
            </a:s>
         </annotation>
         <resultTypeSpecifier localId="414" xsi:type="ListTypeSpecifier">
            <elementType localId="415" xmlns:ns33="urn:healthit-gov:qdm:v5_6" name="ns33:PositiveDiagnosticStudyPerformed" xsi:type="NamedTypeSpecifier"/>
         </resultTypeSpecifier>
         <expression localId="411" locator="50:3-50:31" name="Qualifying Scan with Values" xsi:type="ExpressionRef">
            <resultTypeSpecifier localId="412" xsi:type="ListTypeSpecifier">
               <elementType localId="413" xmlns:ns34="urn:healthit-gov:qdm:v5_6" name="ns34:PositiveDiagnosticStudyPerformed" xsi:type="NamedTypeSpecifier"/>
            </resultTypeSpecifier>
         </expression>
      </def>
      <def localId="417" locator="52:1-54:52" name="Numerator" context="Patient" accessLevel="Public">
         <annotation xsi:type="a:Annotation">
            <a:s r="417">
               <a:s>define &quot;Numerator&quot;:
  </a:s>
               <a:s r="427">
                  <a:s>
                     <a:s r="418">
                        <a:s r="419">
                           <a:s>
                              <a:s>&quot;Qualifying Scan with Values&quot;</a:s>
                           </a:s>
                        </a:s>
                        <a:s> CTScan</a:s>
                     </a:s>
                  </a:s>
                  <a:s>
    </a:s>
                  <a:s r="426">
                     <a:s>where </a:s>
                     <a:s r="426">
                        <a:s r="424">
                           <a:s>AlaraCommon</a:s>
                        </a:s>
                        <a:s>.</a:s>
                        <a:s r="426">
                           <a:s>&quot;CT Scan Qualifies&quot; ( </a:s>
                           <a:s r="425">
                              <a:s>CTScan</a:s>
                           </a:s>
                           <a:s> )</a:s>
                        </a:s>
                     </a:s>
                  </a:s>
               </a:s>
            </a:s>
         </annotation>
         <resultTypeSpecifier localId="430" xsi:type="ListTypeSpecifier">
            <elementType localId="431" xmlns:ns35="urn:healthit-gov:qdm:v5_6" name="ns35:PositiveDiagnosticStudyPerformed" xsi:type="NamedTypeSpecifier"/>
         </resultTypeSpecifier>
         <expression localId="427" locator="53:3-54:52" xsi:type="Query">
            <resultTypeSpecifier localId="428" xsi:type="ListTypeSpecifier">
               <elementType localId="429" xmlns:ns36="urn:healthit-gov:qdm:v5_6" name="ns36:PositiveDiagnosticStudyPerformed" xsi:type="NamedTypeSpecifier"/>
            </resultTypeSpecifier>
            <source localId="418" locator="53:3-53:38" alias="CTScan">
               <resultTypeSpecifier localId="422" xsi:type="ListTypeSpecifier">
                  <elementType localId="423" xmlns:ns37="urn:healthit-gov:qdm:v5_6" name="ns37:PositiveDiagnosticStudyPerformed" xsi:type="NamedTypeSpecifier"/>
               </resultTypeSpecifier>
               <expression localId="419" locator="53:3-53:31" name="Qualifying Scan with Values" xsi:type="ExpressionRef">
                  <resultTypeSpecifier localId="420" xsi:type="ListTypeSpecifier">
                     <elementType localId="421" xmlns:ns38="urn:healthit-gov:qdm:v5_6" name="ns38:PositiveDiagnosticStudyPerformed" xsi:type="NamedTypeSpecifier"/>
                  </resultTypeSpecifier>
               </expression>
            </source>
            <where localId="426" locator="54:5-54:52" resultTypeName="t:Boolean" name="CT Scan Qualifies" libraryName="AlaraCommon" xsi:type="FunctionRef">
               <operand localId="425" locator="54:45-54:50" xmlns:ns39="urn:healthit-gov:qdm:v5_6" resultTypeName="ns39:PositiveDiagnosticStudyPerformed" name="CTScan" xsi:type="AliasRef"/>
            </where>
         </expression>
      </def>
      <def localId="435" locator="61:1-63:37" name="Denominator Exclusion" context="Patient" accessLevel="Public">
         <annotation xsi:type="a:Annotation">
            <a:s r="435">
               <a:s>define &quot;Denominator Exclusion&quot;:
  </a:s>
               <a:s r="459">
                  <a:s>
                     <a:s r="436">
                        <a:s r="437">
                           <a:s>
                              <a:s>&quot;Qualifying Scan with Values&quot;</a:s>
                           </a:s>
                        </a:s>
                        <a:s> CTScan</a:s>
                     </a:s>
                  </a:s>
                  <a:s>
    </a:s>
                  <a:s r="442">
                     <a:s>where </a:s>
                     <a:s r="442">
                        <a:s r="444">
                           <a:s r="443">
                              <a:s>CTScan</a:s>
                           </a:s>
                           <a:s>.</a:s>
                           <a:s r="444">
                              <a:s>result</a:s>
                           </a:s>
                        </a:s>
                        <a:s> ~ </a:s>
                        <a:s r="457">
                           <a:s>&quot;Full Body&quot;</a:s>
                        </a:s>
                     </a:s>
                  </a:s>
               </a:s>
            </a:s>
         </annotation>
         <resultTypeSpecifier localId="462" xsi:type="ListTypeSpecifier">
            <elementType localId="463" xmlns:ns40="urn:healthit-gov:qdm:v5_6" name="ns40:PositiveDiagnosticStudyPerformed" xsi:type="NamedTypeSpecifier"/>
         </resultTypeSpecifier>
         <expression localId="459" locator="62:3-63:37" xsi:type="Query">
            <resultTypeSpecifier localId="460" xsi:type="ListTypeSpecifier">
               <elementType localId="461" xmlns:ns41="urn:healthit-gov:qdm:v5_6" name="ns41:PositiveDiagnosticStudyPerformed" xsi:type="NamedTypeSpecifier"/>
            </resultTypeSpecifier>
            <source localId="436" locator="62:3-62:38" alias="CTScan">
               <resultTypeSpecifier localId="440" xsi:type="ListTypeSpecifier">
                  <elementType localId="441" xmlns:ns42="urn:healthit-gov:qdm:v5_6" name="ns42:PositiveDiagnosticStudyPerformed" xsi:type="NamedTypeSpecifier"/>
               </resultTypeSpecifier>
               <expression localId="437" locator="62:3-62:31" name="Qualifying Scan with Values" xsi:type="ExpressionRef">
                  <resultTypeSpecifier localId="438" xsi:type="ListTypeSpecifier">
                     <elementType localId="439" xmlns:ns43="urn:healthit-gov:qdm:v5_6" name="ns43:PositiveDiagnosticStudyPerformed" xsi:type="NamedTypeSpecifier"/>
                  </resultTypeSpecifier>
               </expression>
            </source>
            <where localId="442" locator="63:5-63:37" resultTypeName="t:Boolean" xsi:type="Equivalent">
               <operand localId="458" asType="t:Code" xsi:type="As">
                  <operand localId="444" locator="63:11-63:23" path="result" scope="CTScan" xsi:type="Property">
                     <resultTypeSpecifier localId="451" xsi:type="ChoiceTypeSpecifier">
                        <choice localId="452" name="t:Integer" xsi:type="NamedTypeSpecifier"/>
                        <choice localId="453" name="t:Decimal" xsi:type="NamedTypeSpecifier"/>
                        <choice localId="454" name="t:Code" xsi:type="NamedTypeSpecifier"/>
                        <choice localId="455" name="t:Quantity" xsi:type="NamedTypeSpecifier"/>
                        <choice localId="456" name="t:Ratio" xsi:type="NamedTypeSpecifier"/>
                     </resultTypeSpecifier>
                  </operand>
               </operand>
               <operand localId="457" locator="63:27-63:37" resultTypeName="t:Code" name="Full Body" xsi:type="CodeRef"/>
            </where>
         </expression>
      </def>
   </statements>
</library>
