{
   "library" : {
      "localId" : "0",
      "annotation" : [ {
         "translatorVersion" : "3.14.0",
         "translatorOptions" : "EnableAnnotations,EnableLocators,EnableResultTypes,EnableDetailedErrors,DisableListDemotion,DisableListPromotion",
         "signatureLevel" : "None",
         "type" : "CqlToElmInfo"
      }, {
         "type" : "Annotation",
         "s" : {
            "r" : "435",
            "s" : [ {
               "value" : [ "","library CMS1074CTIQR version '3.3.000'" ]
            } ]
         }
      } ],
      "identifier" : {
         "id" : "CMS1074CTIQR",
         "version" : "3.3.000"
      },
      "schemaIdentifier" : {
         "id" : "urn:hl7-org:elm",
         "version" : "r1"
      },
      "usings" : {
         "def" : [ {
            "localId" : "1",
            "localIdentifier" : "System",
            "uri" : "urn:hl7-org:elm-types:r1"
         }, {
            "localId" : "206",
            "locator" : "3:1-3:23",
            "localIdentifier" : "QDM",
            "uri" : "urn:healthit-gov:qdm:v5_6",
            "version" : "5.6",
            "annotation" : [ {
               "type" : "Annotation",
               "s" : {
                  "r" : "206",
                  "s" : [ {
                     "value" : [ "","using " ]
                  }, {
                     "s" : [ {
                        "value" : [ "QDM" ]
                     } ]
                  }, {
                     "value" : [ " version '5.6'" ]
                  } ]
               }
            } ]
         } ]
      },
      "includes" : {
         "def" : [ {
            "localId" : "207",
            "locator" : "5:1-5:52",
            "localIdentifier" : "Global",
            "path" : "CQMCommonQDM",
            "version" : "9.0.000",
            "annotation" : [ {
               "type" : "Annotation",
               "s" : {
                  "r" : "207",
                  "s" : [ {
                     "value" : [ "","include " ]
                  }, {
                     "s" : [ {
                        "value" : [ "CQMCommonQDM" ]
                     } ]
                  }, {
                     "value" : [ " version ","'9.0.000'"," called ","Global" ]
                  } ]
               }
            } ]
         }, {
            "localId" : "208",
            "locator" : "6:1-6:68",
            "localIdentifier" : "AlaraCommon",
            "path" : "AlaraCommonFunctionsQDM",
            "version" : "1.4.000",
            "annotation" : [ {
               "type" : "Annotation",
               "s" : {
                  "r" : "208",
                  "s" : [ {
                     "value" : [ "","include " ]
                  }, {
                     "s" : [ {
                        "value" : [ "AlaraCommonFunctionsQDM" ]
                     } ]
                  }, {
                     "value" : [ " version ","'1.4.000'"," called ","AlaraCommon" ]
                  } ]
               }
            } ]
         } ]
      },
      "parameters" : {
         "def" : [ {
            "localId" : "219",
            "locator" : "19:1-19:49",
            "name" : "Measurement Period",
            "accessLevel" : "Public",
            "annotation" : [ {
               "type" : "Annotation",
               "s" : {
                  "r" : "219",
                  "s" : [ {
                     "value" : [ "","parameter ","\"Measurement Period\""," " ]
                  }, {
                     "r" : "220",
                     "s" : [ {
                        "value" : [ "Interval<" ]
                     }, {
                        "r" : "221",
                        "s" : [ {
                           "value" : [ "DateTime" ]
                        } ]
                     }, {
                        "value" : [ ">" ]
                     } ]
                  } ]
               }
            } ],
            "resultTypeSpecifier" : {
               "localId" : "224",
               "type" : "IntervalTypeSpecifier",
               "pointType" : {
                  "localId" : "225",
                  "name" : "{urn:hl7-org:elm-types:r1}DateTime",
                  "type" : "NamedTypeSpecifier"
               }
            },
            "parameterTypeSpecifier" : {
               "localId" : "220",
               "locator" : "19:32-19:49",
               "type" : "IntervalTypeSpecifier",
               "resultTypeSpecifier" : {
                  "localId" : "222",
                  "type" : "IntervalTypeSpecifier",
                  "pointType" : {
                     "localId" : "223",
                     "name" : "{urn:hl7-org:elm-types:r1}DateTime",
                     "type" : "NamedTypeSpecifier"
                  }
               },
               "pointType" : {
                  "localId" : "221",
                  "locator" : "19:41-19:48",
                  "resultTypeName" : "{urn:hl7-org:elm-types:r1}DateTime",
                  "name" : "{urn:hl7-org:elm-types:r1}DateTime",
                  "type" : "NamedTypeSpecifier"
               }
            }
         } ]
      },
      "codeSystems" : {
         "def" : [ {
            "localId" : "209",
            "locator" : "8:1-8:51",
            "resultTypeName" : "{urn:hl7-org:elm-types:r1}CodeSystem",
            "name" : "LOINC",
            "id" : "urn:oid:2.16.840.1.113883.6.1",
            "accessLevel" : "Public",
            "annotation" : [ {
               "type" : "Annotation",
               "s" : {
                  "r" : "209",
                  "s" : [ {
                     "value" : [ "","codesystem ","\"LOINC\"",": ","'urn:oid:2.16.840.1.113883.6.1'" ]
                  } ]
               }
            } ]
         } ]
      },
      "valueSets" : {
         "def" : [ {
            "localId" : "210",
            "locator" : "10:1-10:71",
            "resultTypeName" : "{urn:hl7-org:elm-types:r1}ValueSet",
            "name" : "Encounter Inpatient",
            "id" : "urn:oid:2.16.840.1.113883.3.666.5.307",
            "accessLevel" : "Public",
            "annotation" : [ {
               "type" : "Annotation",
               "s" : {
                  "r" : "210",
                  "s" : [ {
                     "value" : [ "","valueset ","\"Encounter Inpatient\"",": ","'urn:oid:2.16.840.1.113883.3.666.5.307'" ]
                  } ]
               }
            } ],
            "codeSystem" : [ ]
         }, {
            "localId" : "211",
            "locator" : "11:1-11:58",
            "resultTypeName" : "{urn:hl7-org:elm-types:r1}ValueSet",
            "name" : "Ethnicity",
            "id" : "urn:oid:2.16.840.1.114222.4.11.837",
            "accessLevel" : "Public",
            "annotation" : [ {
               "type" : "Annotation",
               "s" : {
                  "r" : "211",
                  "s" : [ {
                     "value" : [ "","valueset ","\"Ethnicity\"",": ","'urn:oid:2.16.840.1.114222.4.11.837'" ]
                  } ]
               }
            } ],
            "codeSystem" : [ ]
         }, {
            "localId" : "212",
            "locator" : "12:1-12:79",
            "resultTypeName" : "{urn:hl7-org:elm-types:r1}ValueSet",
            "name" : "Federal Administrative Sex",
            "id" : "urn:oid:2.16.840.1.113762.1.4.1021.121",
            "accessLevel" : "Public",
            "annotation" : [ {
               "type" : "Annotation",
               "s" : {
                  "r" : "212",
                  "s" : [ {
                     "value" : [ "","valueset ","\"Federal Administrative Sex\"",": ","'urn:oid:2.16.840.1.113762.1.4.1021.121'" ]
                  } ]
               }
            } ],
            "codeSystem" : [ ]
         }, {
            "localId" : "213",
            "locator" : "13:1-13:60",
            "resultTypeName" : "{urn:hl7-org:elm-types:r1}ValueSet",
            "name" : "Payer Type",
            "id" : "urn:oid:2.16.840.1.114222.4.11.3591",
            "accessLevel" : "Public",
            "annotation" : [ {
               "type" : "Annotation",
               "s" : {
                  "r" : "213",
                  "s" : [ {
                     "value" : [ "","valueset ","\"Payer Type\"",": ","'urn:oid:2.16.840.1.114222.4.11.3591'" ]
                  } ]
               }
            } ],
            "codeSystem" : [ ]
         }, {
            "localId" : "214",
            "locator" : "14:1-14:53",
            "resultTypeName" : "{urn:hl7-org:elm-types:r1}ValueSet",
            "name" : "Race",
            "id" : "urn:oid:2.16.840.1.114222.4.11.836",
            "accessLevel" : "Public",
            "annotation" : [ {
               "type" : "Annotation",
               "s" : {
                  "r" : "214",
                  "s" : [ {
                     "value" : [ "","valueset ","\"Race\"",": ","'urn:oid:2.16.840.1.114222.4.11.836'" ]
                  } ]
               }
            } ],
            "codeSystem" : [ ]
         } ]
      },
      "codes" : {
         "def" : [ {
            "localId" : "215",
            "locator" : "16:1-16:110",
            "resultTypeName" : "{urn:hl7-org:elm-types:r1}Code",
            "name" : "CT dose and image quality category",
            "id" : "96914-7",
            "display" : "CT dose and image quality category",
            "accessLevel" : "Public",
            "annotation" : [ {
               "type" : "Annotation",
               "s" : {
                  "r" : "215",
                  "s" : [ {
                     "value" : [ "","code ","\"CT dose and image quality category\"",": ","'96914-7'"," from " ]
                  }, {
                     "r" : "216",
                     "s" : [ {
                        "value" : [ "\"LOINC\"" ]
                     } ]
                  }, {
                     "value" : [ " display ","'CT dose and image quality category'" ]
                  } ]
               }
            } ],
            "codeSystem" : {
               "localId" : "216",
               "locator" : "16:59-16:65",
               "resultTypeName" : "{urn:hl7-org:elm-types:r1}CodeSystem",
               "name" : "LOINC"
            }
         }, {
            "localId" : "217",
            "locator" : "17:1-17:62",
            "resultTypeName" : "{urn:hl7-org:elm-types:r1}Code",
            "name" : "Full Body",
            "id" : "LA31771-1",
            "display" : "Full Body",
            "accessLevel" : "Public",
            "annotation" : [ {
               "type" : "Annotation",
               "s" : {
                  "r" : "217",
                  "s" : [ {
                     "value" : [ "","code ","\"Full Body\"",": ","'LA31771-1'"," from " ]
                  }, {
                     "r" : "218",
                     "s" : [ {
                        "value" : [ "\"LOINC\"" ]
                     } ]
                  }, {
                     "value" : [ " display ","'Full Body'" ]
                  } ]
               }
            } ],
            "codeSystem" : {
               "localId" : "218",
               "locator" : "17:36-17:42",
               "resultTypeName" : "{urn:hl7-org:elm-types:r1}CodeSystem",
               "name" : "LOINC"
            }
         } ]
      },
      "contexts" : {
         "def" : [ {
            "localId" : "229",
            "locator" : "21:1-21:15",
            "name" : "Patient"
         } ]
      },
      "statements" : {
         "def" : [ {
            "localId" : "227",
            "locator" : "21:1-21:15",
            "name" : "Patient",
            "context" : "Patient",
            "expression" : {
               "localId" : "228",
               "type" : "SingletonFrom",
               "signature" : [ ],
               "operand" : {
                  "localId" : "226",
                  "locator" : "21:1-21:15",
                  "dataType" : "{urn:healthit-gov:qdm:v5_6}Patient",
                  "templateId" : "Patient",
                  "type" : "Retrieve",
                  "include" : [ ],
                  "codeFilter" : [ ],
                  "dateFilter" : [ ],
                  "otherFilter" : [ ]
               }
            }
         }, {
            "localId" : "231",
            "locator" : "23:1-26:59",
            "name" : "Qualifying Inpatient Encounters",
            "context" : "Patient",
            "accessLevel" : "Public",
            "annotation" : [ {
               "type" : "Annotation",
               "s" : {
                  "r" : "231",
                  "s" : [ {
                     "value" : [ "","define ","\"Qualifying Inpatient Encounters\"",":\n  " ]
                  }, {
                     "r" : "266",
                     "s" : [ {
                        "s" : [ {
                           "r" : "232",
                           "s" : [ {
                              "r" : "235",
                              "s" : [ {
                                 "r" : "235",
                                 "s" : [ {
                                    "value" : [ "[","\"Encounter, Performed\"",": " ]
                                 }, {
                                    "s" : [ {
                                       "value" : [ "\"Encounter Inpatient\"" ]
                                    } ]
                                 }, {
                                    "value" : [ "]" ]
                                 } ]
                              } ]
                           }, {
                              "value" : [ " ","InpatientEncounter" ]
                           } ]
                        } ]
                     }, {
                        "value" : [ "\n    " ]
                     }, {
                        "r" : "243",
                        "s" : [ {
                           "value" : [ "where " ]
                        }, {
                           "r" : "243",
                           "s" : [ {
                              "r" : "254",
                              "s" : [ {
                                 "r" : "245",
                                 "s" : [ {
                                    "r" : "244",
                                    "s" : [ {
                                       "value" : [ "InpatientEncounter" ]
                                    } ]
                                 }, {
                                    "value" : [ "." ]
                                 }, {
                                    "r" : "245",
                                    "s" : [ {
                                       "value" : [ "relevantPeriod" ]
                                    } ]
                                 } ]
                              }, {
                                 "r" : "254",
                                 "value" : [ " ","ends during day of"," " ]
                              }, {
                                 "r" : "250",
                                 "s" : [ {
                                    "value" : [ "\"Measurement Period\"" ]
                                 } ]
                              } ]
                           }, {
                              "value" : [ "\n      and " ]
                           }, {
                              "r" : "255",
                              "s" : [ {
                                 "r" : "264",
                                 "s" : [ {
                                    "value" : [ "AgeInYearsAt","(" ]
                                 }, {
                                    "r" : "256",
                                    "s" : [ {
                                       "value" : [ "start of " ]
                                    }, {
                                       "r" : "257",
                                       "s" : [ {
                                          "value" : [ "\"Measurement Period\"" ]
                                       } ]
                                    } ]
                                 }, {
                                    "value" : [ ")" ]
                                 } ]
                              }, {
                                 "r" : "265",
                                 "value" : [ " ",">="," ","18" ]
                              } ]
                           } ]
                        } ]
                     } ]
                  } ]
               }
            } ],
            "resultTypeSpecifier" : {
               "localId" : "269",
               "type" : "ListTypeSpecifier",
               "elementType" : {
                  "localId" : "270",
                  "name" : "{urn:healthit-gov:qdm:v5_6}PositiveEncounterPerformed",
                  "type" : "NamedTypeSpecifier"
               }
            },
            "expression" : {
               "localId" : "266",
               "locator" : "24:3-26:59",
               "type" : "Query",
               "resultTypeSpecifier" : {
                  "localId" : "267",
                  "type" : "ListTypeSpecifier",
                  "elementType" : {
                     "localId" : "268",
                     "name" : "{urn:healthit-gov:qdm:v5_6}PositiveEncounterPerformed",
                     "type" : "NamedTypeSpecifier"
                  }
               },
               "source" : [ {
                  "localId" : "232",
                  "locator" : "24:3-24:68",
                  "alias" : "InpatientEncounter",
                  "resultTypeSpecifier" : {
                     "localId" : "241",
                     "type" : "ListTypeSpecifier",
                     "elementType" : {
                        "localId" : "242",
                        "name" : "{urn:healthit-gov:qdm:v5_6}PositiveEncounterPerformed",
                        "type" : "NamedTypeSpecifier"
                     }
                  },
                  "expression" : {
                     "localId" : "235",
                     "locator" : "24:3-24:49",
                     "dataType" : "{urn:healthit-gov:qdm:v5_6}PositiveEncounterPerformed",
                     "templateId" : "PositiveEncounterPerformed",
                     "codeProperty" : "code",
                     "codeComparator" : "in",
                     "type" : "Retrieve",
                     "resultTypeSpecifier" : {
                        "localId" : "239",
                        "type" : "ListTypeSpecifier",
                        "elementType" : {
                           "localId" : "240",
                           "name" : "{urn:healthit-gov:qdm:v5_6}PositiveEncounterPerformed",
                           "type" : "NamedTypeSpecifier"
                        }
                     },
                     "codes" : {
                        "localId" : "234",
                        "locator" : "24:28-24:48",
                        "resultTypeName" : "{urn:hl7-org:elm-types:r1}ValueSet",
                        "name" : "Encounter Inpatient",
                        "preserve" : true,
                        "type" : "ValueSetRef"
                     },
                     "include" : [ ],
                     "codeFilter" : [ ],
                     "dateFilter" : [ ],
                     "otherFilter" : [ ]
                  }
               } ],
               "let" : [ ],
               "relationship" : [ ],
               "where" : {
                  "localId" : "243",
                  "locator" : "25:5-26:59",
                  "resultTypeName" : "{urn:hl7-org:elm-types:r1}Boolean",
                  "type" : "And",
                  "signature" : [ ],
                  "operand" : [ {
                     "localId" : "254",
                     "locator" : "25:11-25:83",
                     "resultTypeName" : "{urn:hl7-org:elm-types:r1}Boolean",
                     "precision" : "Day",
                     "type" : "In",
                     "signature" : [ ],
                     "operand" : [ {
                        "localId" : "253",
                        "locator" : "25:45-25:48",
                        "type" : "End",
                        "signature" : [ ],
                        "operand" : {
                           "localId" : "245",
                           "locator" : "25:11-25:43",
                           "path" : "relevantPeriod",
                           "scope" : "InpatientEncounter",
                           "type" : "Property",
                           "resultTypeSpecifier" : {
                              "localId" : "248",
                              "type" : "IntervalTypeSpecifier",
                              "pointType" : {
                                 "localId" : "249",
                                 "name" : "{urn:hl7-org:elm-types:r1}DateTime",
                                 "type" : "NamedTypeSpecifier"
                              }
                           }
                        }
                     }, {
                        "localId" : "250",
                        "locator" : "25:64-25:83",
                        "name" : "Measurement Period",
                        "type" : "ParameterRef",
                        "resultTypeSpecifier" : {
                           "localId" : "251",
                           "type" : "IntervalTypeSpecifier",
                           "pointType" : {
                              "localId" : "252",
                              "name" : "{urn:hl7-org:elm-types:r1}DateTime",
                              "type" : "NamedTypeSpecifier"
                           }
                        }
                     } ]
                  }, {
                     "localId" : "255",
                     "locator" : "26:11-26:59",
                     "resultTypeName" : "{urn:hl7-org:elm-types:r1}Boolean",
                     "type" : "GreaterOrEqual",
                     "signature" : [ ],
                     "operand" : [ {
                        "localId" : "264",
                        "locator" : "26:11-26:53",
                        "resultTypeName" : "{urn:hl7-org:elm-types:r1}Integer",
                        "precision" : "Year",
                        "type" : "CalculateAgeAt",
                        "signature" : [ ],
                        "operand" : [ {
                           "localId" : "263",
                           "path" : "birthDatetime",
                           "type" : "Property",
                           "source" : {
                              "localId" : "262",
                              "name" : "Patient",
                              "type" : "ExpressionRef"
                           }
                        }, {
                           "localId" : "256",
                           "locator" : "26:24-26:52",
                           "resultTypeName" : "{urn:hl7-org:elm-types:r1}DateTime",
                           "type" : "Start",
                           "signature" : [ ],
                           "operand" : {
                              "localId" : "257",
                              "locator" : "26:33-26:52",
                              "name" : "Measurement Period",
                              "type" : "ParameterRef",
                              "resultTypeSpecifier" : {
                                 "localId" : "258",
                                 "type" : "IntervalTypeSpecifier",
                                 "pointType" : {
                                    "localId" : "259",
                                    "name" : "{urn:hl7-org:elm-types:r1}DateTime",
                                    "type" : "NamedTypeSpecifier"
                                 }
                              }
                           }
                        } ]
                     }, {
                        "localId" : "265",
                        "locator" : "26:58-26:59",
                        "resultTypeName" : "{urn:hl7-org:elm-types:r1}Integer",
                        "valueType" : "{urn:hl7-org:elm-types:r1}Integer",
                        "value" : "18",
                        "type" : "Literal"
                     } ]
                  } ]
               }
            }
         }, {
            "localId" : "272",
            "locator" : "28:1-29:51",
            "name" : "SDE Ethnicity",
            "context" : "Patient",
            "accessLevel" : "Public",
            "annotation" : [ {
               "type" : "Annotation",
               "s" : {
                  "r" : "272",
                  "s" : [ {
                     "value" : [ "","define ","\"SDE Ethnicity\"",":\n  " ]
                  }, {
                     "r" : "275",
                     "s" : [ {
                        "value" : [ "[","\"Patient Characteristic Ethnicity\"",": " ]
                     }, {
                        "s" : [ {
                           "value" : [ "\"Ethnicity\"" ]
                        } ]
                     }, {
                        "value" : [ "]" ]
                     } ]
                  } ]
               }
            } ],
            "resultTypeSpecifier" : {
               "localId" : "279",
               "type" : "ListTypeSpecifier",
               "elementType" : {
                  "localId" : "280",
                  "name" : "{urn:healthit-gov:qdm:v5_6}PatientCharacteristicEthnicity",
                  "type" : "NamedTypeSpecifier"
               }
            },
            "expression" : {
               "localId" : "275",
               "locator" : "29:3-29:51",
               "dataType" : "{urn:healthit-gov:qdm:v5_6}PatientCharacteristicEthnicity",
               "codeProperty" : "code",
               "codeComparator" : "in",
               "type" : "Retrieve",
               "resultTypeSpecifier" : {
                  "localId" : "277",
                  "type" : "ListTypeSpecifier",
                  "elementType" : {
                     "localId" : "278",
                     "name" : "{urn:healthit-gov:qdm:v5_6}PatientCharacteristicEthnicity",
                     "type" : "NamedTypeSpecifier"
                  }
               },
               "codes" : {
                  "localId" : "274",
                  "locator" : "29:40-29:50",
                  "resultTypeName" : "{urn:hl7-org:elm-types:r1}ValueSet",
                  "name" : "Ethnicity",
                  "preserve" : true,
                  "type" : "ValueSetRef"
               },
               "include" : [ ],
               "codeFilter" : [ ],
               "dateFilter" : [ ],
               "otherFilter" : [ ]
            }
         }, {
            "localId" : "282",
            "locator" : "31:1-32:41",
            "name" : "SDE Race",
            "context" : "Patient",
            "accessLevel" : "Public",
            "annotation" : [ {
               "type" : "Annotation",
               "s" : {
                  "r" : "282",
                  "s" : [ {
                     "value" : [ "","define ","\"SDE Race\"",":\n  " ]
                  }, {
                     "r" : "285",
                     "s" : [ {
                        "value" : [ "[","\"Patient Characteristic Race\"",": " ]
                     }, {
                        "s" : [ {
                           "value" : [ "\"Race\"" ]
                        } ]
                     }, {
                        "value" : [ "]" ]
                     } ]
                  } ]
               }
            } ],
            "resultTypeSpecifier" : {
               "localId" : "289",
               "type" : "ListTypeSpecifier",
               "elementType" : {
                  "localId" : "290",
                  "name" : "{urn:healthit-gov:qdm:v5_6}PatientCharacteristicRace",
                  "type" : "NamedTypeSpecifier"
               }
            },
            "expression" : {
               "localId" : "285",
               "locator" : "32:3-32:41",
               "dataType" : "{urn:healthit-gov:qdm:v5_6}PatientCharacteristicRace",
               "codeProperty" : "code",
               "codeComparator" : "in",
               "type" : "Retrieve",
               "resultTypeSpecifier" : {
                  "localId" : "287",
                  "type" : "ListTypeSpecifier",
                  "elementType" : {
                     "localId" : "288",
                     "name" : "{urn:healthit-gov:qdm:v5_6}PatientCharacteristicRace",
                     "type" : "NamedTypeSpecifier"
                  }
               },
               "codes" : {
                  "localId" : "284",
                  "locator" : "32:35-32:40",
                  "resultTypeName" : "{urn:hl7-org:elm-types:r1}ValueSet",
                  "name" : "Race",
                  "preserve" : true,
                  "type" : "ValueSetRef"
               },
               "include" : [ ],
               "codeFilter" : [ ],
               "dateFilter" : [ ],
               "otherFilter" : [ ]
            }
         }, {
            "localId" : "292",
            "locator" : "34:1-35:62",
            "name" : "SDE Sex",
            "context" : "Patient",
            "accessLevel" : "Public",
            "annotation" : [ {
               "type" : "Annotation",
               "s" : {
                  "r" : "292",
                  "s" : [ {
                     "value" : [ "","define ","\"SDE Sex\"",":\n  " ]
                  }, {
                     "r" : "295",
                     "s" : [ {
                        "value" : [ "[","\"Patient Characteristic Sex\"",": " ]
                     }, {
                        "s" : [ {
                           "value" : [ "\"Federal Administrative Sex\"" ]
                        } ]
                     }, {
                        "value" : [ "]" ]
                     } ]
                  } ]
               }
            } ],
            "resultTypeSpecifier" : {
               "localId" : "299",
               "type" : "ListTypeSpecifier",
               "elementType" : {
                  "localId" : "300",
                  "name" : "{urn:healthit-gov:qdm:v5_6}PatientCharacteristicSex",
                  "type" : "NamedTypeSpecifier"
               }
            },
            "expression" : {
               "localId" : "295",
               "locator" : "35:3-35:62",
               "dataType" : "{urn:healthit-gov:qdm:v5_6}PatientCharacteristicSex",
               "codeProperty" : "code",
               "codeComparator" : "in",
               "type" : "Retrieve",
               "resultTypeSpecifier" : {
                  "localId" : "297",
                  "type" : "ListTypeSpecifier",
                  "elementType" : {
                     "localId" : "298",
                     "name" : "{urn:healthit-gov:qdm:v5_6}PatientCharacteristicSex",
                     "type" : "NamedTypeSpecifier"
                  }
               },
               "codes" : {
                  "localId" : "294",
                  "locator" : "35:34-35:61",
                  "resultTypeName" : "{urn:hl7-org:elm-types:r1}ValueSet",
                  "name" : "Federal Administrative Sex",
                  "preserve" : true,
                  "type" : "ValueSetRef"
               },
               "include" : [ ],
               "codeFilter" : [ ],
               "dateFilter" : [ ],
               "otherFilter" : [ ]
            }
         }, {
            "localId" : "302",
            "locator" : "37:1-38:48",
            "name" : "SDE Payer",
            "context" : "Patient",
            "accessLevel" : "Public",
            "annotation" : [ {
               "type" : "Annotation",
               "s" : {
                  "r" : "302",
                  "s" : [ {
                     "value" : [ "","define ","\"SDE Payer\"",":\n  " ]
                  }, {
                     "r" : "305",
                     "s" : [ {
                        "value" : [ "[","\"Patient Characteristic Payer\"",": " ]
                     }, {
                        "s" : [ {
                           "value" : [ "\"Payer Type\"" ]
                        } ]
                     }, {
                        "value" : [ "]" ]
                     } ]
                  } ]
               }
            } ],
            "resultTypeSpecifier" : {
               "localId" : "309",
               "type" : "ListTypeSpecifier",
               "elementType" : {
                  "localId" : "310",
                  "name" : "{urn:healthit-gov:qdm:v5_6}PatientCharacteristicPayer",
                  "type" : "NamedTypeSpecifier"
               }
            },
            "expression" : {
               "localId" : "305",
               "locator" : "38:3-38:48",
               "dataType" : "{urn:healthit-gov:qdm:v5_6}PatientCharacteristicPayer",
               "codeProperty" : "code",
               "codeComparator" : "in",
               "type" : "Retrieve",
               "resultTypeSpecifier" : {
                  "localId" : "307",
                  "type" : "ListTypeSpecifier",
                  "elementType" : {
                     "localId" : "308",
                     "name" : "{urn:healthit-gov:qdm:v5_6}PatientCharacteristicPayer",
                     "type" : "NamedTypeSpecifier"
                  }
               },
               "codes" : {
                  "localId" : "304",
                  "locator" : "38:36-38:47",
                  "resultTypeName" : "{urn:hl7-org:elm-types:r1}ValueSet",
                  "name" : "Payer Type",
                  "preserve" : true,
                  "type" : "ValueSetRef"
               },
               "include" : [ ],
               "codeFilter" : [ ],
               "dateFilter" : [ ],
               "otherFilter" : [ ]
            }
         }, {
            "localId" : "314",
            "locator" : "56:1-59:142",
            "name" : "Qualifying Scan During Inpatient Encounter",
            "context" : "Patient",
            "accessLevel" : "Public",
            "annotation" : [ {
               "type" : "Annotation",
               "s" : {
                  "r" : "314",
                  "s" : [ {
                     "value" : [ "","define ","\"Qualifying Scan During Inpatient Encounter\"",":\n  " ]
                  }, {
                     "r" : "358",
                     "s" : [ {
                        "s" : [ {
                           "r" : "315",
                           "s" : [ {
                              "r" : "318",
                              "s" : [ {
                                 "r" : "318",
                                 "s" : [ {
                                    "value" : [ "[","\"Diagnostic Study, Performed\"",": " ]
                                 }, {
                                    "s" : [ {
                                       "value" : [ "\"CT dose and image quality category\"" ]
                                    } ]
                                 }, {
                                    "value" : [ "]" ]
                                 } ]
                              } ]
                           }, {
                              "value" : [ " ","CTScan" ]
                           } ]
                        } ]
                     }, {
                        "value" : [ "\n    " ]
                     }, {
                        "r" : "355",
                        "s" : [ {
                           "value" : [ "with " ]
                        }, {
                           "r" : "327",
                           "s" : [ {
                              "r" : "328",
                              "s" : [ {
                                 "s" : [ {
                                    "value" : [ "\"Qualifying Inpatient Encounters\"" ]
                                 } ]
                              } ]
                           }, {
                              "value" : [ " ","InpatientEncounters" ]
                           } ]
                        }, {
                           "value" : [ "\n      such that " ]
                        }, {
                           "r" : "354",
                           "s" : [ {
                              "r" : "342",
                              "s" : [ {
                                 "r" : "333",
                                 "s" : [ {
                                    "value" : [ "Global" ]
                                 } ]
                              }, {
                                 "value" : [ "." ]
                              }, {
                                 "r" : "342",
                                 "s" : [ {
                                    "value" : [ "\"NormalizeInterval\""," ( " ]
                                 }, {
                                    "r" : "335",
                                    "s" : [ {
                                       "r" : "334",
                                       "s" : [ {
                                          "value" : [ "CTScan" ]
                                       } ]
                                    }, {
                                       "value" : [ "." ]
                                    }, {
                                       "r" : "335",
                                       "s" : [ {
                                          "value" : [ "relevantDatetime" ]
                                       } ]
                                    } ]
                                 }, {
                                    "value" : [ ", " ]
                                 }, {
                                    "r" : "337",
                                    "s" : [ {
                                       "r" : "336",
                                       "s" : [ {
                                          "value" : [ "CTScan" ]
                                       } ]
                                    }, {
                                       "value" : [ "." ]
                                    }, {
                                       "r" : "337",
                                       "s" : [ {
                                          "value" : [ "relevantPeriod" ]
                                       } ]
                                    } ]
                                 }, {
                                    "value" : [ " )" ]
                                 } ]
                              } ]
                           }, {
                              "r" : "354",
                              "value" : [ " ","starts during"," " ]
                           }, {
                              "r" : "348",
                              "s" : [ {
                                 "r" : "347",
                                 "s" : [ {
                                    "value" : [ "InpatientEncounters" ]
                                 } ]
                              }, {
                                 "value" : [ "." ]
                              }, {
                                 "r" : "348",
                                 "s" : [ {
                                    "value" : [ "relevantPeriod" ]
                                 } ]
                              } ]
                           } ]
                        } ]
                     } ]
                  } ]
               }
            } ],
            "resultTypeSpecifier" : {
               "localId" : "432",
               "type" : "ListTypeSpecifier",
               "elementType" : {
                  "localId" : "433",
                  "name" : "{urn:healthit-gov:qdm:v5_6}PositiveDiagnosticStudyPerformed",
                  "type" : "NamedTypeSpecifier"
               }
            },
            "expression" : {
               "localId" : "358",
               "locator" : "57:3-59:142",
               "type" : "Query",
               "resultTypeSpecifier" : {
                  "localId" : "359",
                  "type" : "ListTypeSpecifier",
                  "elementType" : {
                     "localId" : "360",
                     "name" : "{urn:healthit-gov:qdm:v5_6}PositiveDiagnosticStudyPerformed",
                     "type" : "NamedTypeSpecifier"
                  }
               },
               "source" : [ {
                  "localId" : "315",
                  "locator" : "57:3-57:78",
                  "alias" : "CTScan",
                  "resultTypeSpecifier" : {
                     "localId" : "325",
                     "type" : "ListTypeSpecifier",
                     "elementType" : {
                        "localId" : "326",
                        "name" : "{urn:healthit-gov:qdm:v5_6}PositiveDiagnosticStudyPerformed",
                        "type" : "NamedTypeSpecifier"
                     }
                  },
                  "expression" : {
                     "localId" : "318",
                     "locator" : "57:3-57:71",
                     "dataType" : "{urn:healthit-gov:qdm:v5_6}PositiveDiagnosticStudyPerformed",
                     "templateId" : "PositiveDiagnosticStudyPerformed",
                     "codeProperty" : "code",
                     "codeComparator" : "~",
                     "type" : "Retrieve",
                     "resultTypeSpecifier" : {
                        "localId" : "323",
                        "type" : "ListTypeSpecifier",
                        "elementType" : {
                           "localId" : "324",
                           "name" : "{urn:healthit-gov:qdm:v5_6}PositiveDiagnosticStudyPerformed",
                           "type" : "NamedTypeSpecifier"
                        }
                     },
                     "codes" : {
                        "localId" : "320",
                        "type" : "ToList",
                        "signature" : [ ],
                        "operand" : {
                           "localId" : "317",
                           "locator" : "57:35-57:70",
                           "resultTypeName" : "{urn:hl7-org:elm-types:r1}Code",
                           "name" : "CT dose and image quality category",
                           "type" : "CodeRef"
                        }
                     },
                     "include" : [ ],
                     "codeFilter" : [ ],
                     "dateFilter" : [ ],
                     "otherFilter" : [ ]
                  }
               } ],
               "let" : [ ],
               "relationship" : [ {
                  "localId" : "355",
                  "locator" : "58:5-59:142",
                  "alias" : "InpatientEncounters",
                  "type" : "With",
                  "resultTypeSpecifier" : {
                     "localId" : "356",
                     "type" : "ListTypeSpecifier",
                     "elementType" : {
                        "localId" : "357",
                        "name" : "{urn:healthit-gov:qdm:v5_6}PositiveEncounterPerformed",
                        "type" : "NamedTypeSpecifier"
                     }
                  },
                  "expression" : {
                     "localId" : "328",
                     "locator" : "58:10-58:42",
                     "name" : "Qualifying Inpatient Encounters",
                     "type" : "ExpressionRef",
                     "resultTypeSpecifier" : {
                        "localId" : "329",
                        "type" : "ListTypeSpecifier",
                        "elementType" : {
                           "localId" : "330",
                           "name" : "{urn:healthit-gov:qdm:v5_6}PositiveEncounterPerformed",
                           "type" : "NamedTypeSpecifier"
                        }
                     }
                  },
                  "suchThat" : {
                     "localId" : "354",
                     "locator" : "59:17-59:142",
                     "resultTypeName" : "{urn:hl7-org:elm-types:r1}Boolean",
                     "type" : "In",
                     "signature" : [ ],
                     "operand" : [ {
                        "localId" : "353",
                        "locator" : "59:95-59:100",
                        "type" : "Start",
                        "signature" : [ ],
                        "operand" : {
                           "localId" : "342",
                           "locator" : "59:17-59:93",
                           "name" : "NormalizeInterval",
                           "libraryName" : "Global",
                           "type" : "FunctionRef",
                           "resultTypeSpecifier" : {
                              "localId" : "345",
                              "type" : "IntervalTypeSpecifier",
                              "pointType" : {
                                 "localId" : "346",
                                 "name" : "{urn:hl7-org:elm-types:r1}DateTime",
                                 "type" : "NamedTypeSpecifier"
                              }
                           },
                           "signature" : [ ],
                           "operand" : [ {
                              "localId" : "335",
                              "locator" : "59:46-59:68",
                              "resultTypeName" : "{urn:hl7-org:elm-types:r1}DateTime",
                              "path" : "relevantDatetime",
                              "scope" : "CTScan",
                              "type" : "Property"
                           }, {
                              "localId" : "337",
                              "locator" : "59:71-59:91",
                              "path" : "relevantPeriod",
                              "scope" : "CTScan",
                              "type" : "Property",
                              "resultTypeSpecifier" : {
                                 "localId" : "340",
                                 "type" : "IntervalTypeSpecifier",
                                 "pointType" : {
                                    "localId" : "341",
                                    "name" : "{urn:hl7-org:elm-types:r1}DateTime",
                                    "type" : "NamedTypeSpecifier"
                                 }
                              }
                           } ]
                        }
                     }, {
                        "localId" : "348",
                        "locator" : "59:109-59:142",
                        "path" : "relevantPeriod",
                        "scope" : "InpatientEncounters",
                        "type" : "Property",
                        "resultTypeSpecifier" : {
                           "localId" : "351",
                           "type" : "IntervalTypeSpecifier",
                           "pointType" : {
                              "localId" : "352",
                              "name" : "{urn:hl7-org:elm-types:r1}DateTime",
                              "type" : "NamedTypeSpecifier"
                           }
                        }
                     } ]
                  }
               } ]
            }
         }, {
            "localId" : "312",
            "locator" : "40:1-41:46",
            "name" : "Initial Population",
            "context" : "Patient",
            "accessLevel" : "Public",
            "annotation" : [ {
               "type" : "Annotation",
               "s" : {
                  "r" : "312",
                  "s" : [ {
                     "value" : [ "","define ","\"Initial Population\"",":\n  " ]
                  }, {
                     "r" : "363",
                     "s" : [ {
                        "value" : [ "\"Qualifying Scan During Inpatient Encounter\"" ]
                     } ]
                  } ]
               }
            } ],
            "resultTypeSpecifier" : {
               "localId" : "366",
               "type" : "ListTypeSpecifier",
               "elementType" : {
                  "localId" : "367",
                  "name" : "{urn:healthit-gov:qdm:v5_6}PositiveDiagnosticStudyPerformed",
                  "type" : "NamedTypeSpecifier"
               }
            },
            "expression" : {
               "localId" : "363",
               "locator" : "41:3-41:46",
               "name" : "Qualifying Scan During Inpatient Encounter",
               "type" : "ExpressionRef",
               "resultTypeSpecifier" : {
                  "localId" : "364",
                  "type" : "ListTypeSpecifier",
                  "elementType" : {
                     "localId" : "365",
                     "name" : "{urn:healthit-gov:qdm:v5_6}PositiveDiagnosticStudyPerformed",
                     "type" : "NamedTypeSpecifier"
                  }
               }
            }
         }, {
            "localId" : "369",
            "locator" : "43:1-47:35",
            "name" : "Qualifying Scan with Values",
            "context" : "Patient",
            "accessLevel" : "Public",
            "annotation" : [ {
               "type" : "Annotation",
               "s" : {
                  "r" : "369",
                  "s" : [ {
                     "value" : [ "","define ","\"Qualifying Scan with Values\"",":\n  " ]
                  }, {
                     "r" : "404",
                     "s" : [ {
                        "s" : [ {
                           "r" : "370",
                           "s" : [ {
                              "r" : "371",
                              "s" : [ {
                                 "s" : [ {
                                    "value" : [ "\"Qualifying Scan During Inpatient Encounter\"" ]
                                 } ]
                              } ]
                           }, {
                              "value" : [ " ","CTScan" ]
                           } ]
                        } ]
                     }, {
                        "value" : [ "\n    " ]
                     }, {
                        "r" : "376",
                        "s" : [ {
                           "value" : [ "where " ]
                        }, {
                           "r" : "376",
                           "s" : [ {
                              "r" : "377",
                              "s" : [ {
                                 "r" : "382",
                                 "s" : [ {
                                    "r" : "380",
                                    "s" : [ {
                                       "r" : "378",
                                       "s" : [ {
                                          "value" : [ "AlaraCommon" ]
                                       } ]
                                    }, {
                                       "value" : [ "." ]
                                    }, {
                                       "r" : "380",
                                       "s" : [ {
                                          "value" : [ "\"Global Noise Value\""," ( " ]
                                       }, {
                                          "r" : "379",
                                          "s" : [ {
                                             "value" : [ "CTScan" ]
                                          } ]
                                       }, {
                                          "value" : [ " )" ]
                                       } ]
                                    } ]
                                 }, {
                                    "value" : [ " is not null" ]
                                 } ]
                              }, {
                                 "value" : [ "\n      and " ]
                              }, {
                                 "r" : "387",
                                 "s" : [ {
                                    "r" : "385",
                                    "s" : [ {
                                       "r" : "383",
                                       "s" : [ {
                                          "value" : [ "AlaraCommon" ]
                                       } ]
                                    }, {
                                       "value" : [ "." ]
                                    }, {
                                       "r" : "385",
                                       "s" : [ {
                                          "value" : [ "\"Size Adjusted Value\""," ( " ]
                                       }, {
                                          "r" : "384",
                                          "s" : [ {
                                             "value" : [ "CTScan" ]
                                          } ]
                                       }, {
                                          "value" : [ " )" ]
                                       } ]
                                    } ]
                                 }, {
                                    "value" : [ " is not null" ]
                                 } ]
                              } ]
                           }, {
                              "value" : [ "\n      and " ]
                           }, {
                              "r" : "403",
                              "s" : [ {
                                 "r" : "389",
                                 "s" : [ {
                                    "r" : "388",
                                    "s" : [ {
                                       "value" : [ "CTScan" ]
                                    } ]
                                 }, {
                                    "value" : [ "." ]
                                 }, {
                                    "r" : "389",
                                    "s" : [ {
                                       "value" : [ "result" ]
                                    } ]
                                 } ]
                              }, {
                                 "value" : [ " is not null" ]
                              } ]
                           } ]
                        } ]
                     } ]
                  } ]
               }
            } ],
            "resultTypeSpecifier" : {
               "localId" : "407",
               "type" : "ListTypeSpecifier",
               "elementType" : {
                  "localId" : "408",
                  "name" : "{urn:healthit-gov:qdm:v5_6}PositiveDiagnosticStudyPerformed",
                  "type" : "NamedTypeSpecifier"
               }
            },
            "expression" : {
               "localId" : "404",
               "locator" : "44:3-47:35",
               "type" : "Query",
               "resultTypeSpecifier" : {
                  "localId" : "405",
                  "type" : "ListTypeSpecifier",
                  "elementType" : {
                     "localId" : "406",
                     "name" : "{urn:healthit-gov:qdm:v5_6}PositiveDiagnosticStudyPerformed",
                     "type" : "NamedTypeSpecifier"
                  }
               },
               "source" : [ {
                  "localId" : "370",
                  "locator" : "44:3-44:53",
                  "alias" : "CTScan",
                  "resultTypeSpecifier" : {
                     "localId" : "374",
                     "type" : "ListTypeSpecifier",
                     "elementType" : {
                        "localId" : "375",
                        "name" : "{urn:healthit-gov:qdm:v5_6}PositiveDiagnosticStudyPerformed",
                        "type" : "NamedTypeSpecifier"
                     }
                  },
                  "expression" : {
                     "localId" : "371",
                     "locator" : "44:3-44:46",
                     "name" : "Qualifying Scan During Inpatient Encounter",
                     "type" : "ExpressionRef",
                     "resultTypeSpecifier" : {
                        "localId" : "372",
                        "type" : "ListTypeSpecifier",
                        "elementType" : {
                           "localId" : "373",
                           "name" : "{urn:healthit-gov:qdm:v5_6}PositiveDiagnosticStudyPerformed",
                           "type" : "NamedTypeSpecifier"
                        }
                     }
                  }
               } ],
               "let" : [ ],
               "relationship" : [ ],
               "where" : {
                  "localId" : "376",
                  "locator" : "45:5-47:35",
                  "resultTypeName" : "{urn:hl7-org:elm-types:r1}Boolean",
                  "type" : "And",
                  "signature" : [ ],
                  "operand" : [ {
                     "localId" : "377",
                     "locator" : "45:11-46:66",
                     "resultTypeName" : "{urn:hl7-org:elm-types:r1}Boolean",
                     "type" : "And",
                     "signature" : [ ],
                     "operand" : [ {
                        "localId" : "382",
                        "locator" : "45:11-45:65",
                        "resultTypeName" : "{urn:hl7-org:elm-types:r1}Boolean",
                        "type" : "Not",
                        "signature" : [ ],
                        "operand" : {
                           "localId" : "381",
                           "locator" : "45:11-45:65",
                           "resultTypeName" : "{urn:hl7-org:elm-types:r1}Boolean",
                           "type" : "IsNull",
                           "signature" : [ ],
                           "operand" : {
                              "localId" : "380",
                              "locator" : "45:11-45:53",
                              "resultTypeName" : "{urn:hl7-org:elm-types:r1}Decimal",
                              "name" : "Global Noise Value",
                              "libraryName" : "AlaraCommon",
                              "type" : "FunctionRef",
                              "signature" : [ ],
                              "operand" : [ {
                                 "localId" : "379",
                                 "locator" : "45:46-45:51",
                                 "resultTypeName" : "{urn:healthit-gov:qdm:v5_6}PositiveDiagnosticStudyPerformed",
                                 "name" : "CTScan",
                                 "type" : "AliasRef"
                              } ]
                           }
                        }
                     }, {
                        "localId" : "387",
                        "locator" : "46:11-46:66",
                        "resultTypeName" : "{urn:hl7-org:elm-types:r1}Boolean",
                        "type" : "Not",
                        "signature" : [ ],
                        "operand" : {
                           "localId" : "386",
                           "locator" : "46:11-46:66",
                           "resultTypeName" : "{urn:hl7-org:elm-types:r1}Boolean",
                           "type" : "IsNull",
                           "signature" : [ ],
                           "operand" : {
                              "localId" : "385",
                              "locator" : "46:11-46:54",
                              "resultTypeName" : "{urn:hl7-org:elm-types:r1}Decimal",
                              "name" : "Size Adjusted Value",
                              "libraryName" : "AlaraCommon",
                              "type" : "FunctionRef",
                              "signature" : [ ],
                              "operand" : [ {
                                 "localId" : "384",
                                 "locator" : "46:47-46:52",
                                 "resultTypeName" : "{urn:healthit-gov:qdm:v5_6}PositiveDiagnosticStudyPerformed",
                                 "name" : "CTScan",
                                 "type" : "AliasRef"
                              } ]
                           }
                        }
                     } ]
                  }, {
                     "localId" : "403",
                     "locator" : "47:11-47:35",
                     "resultTypeName" : "{urn:hl7-org:elm-types:r1}Boolean",
                     "type" : "Not",
                     "signature" : [ ],
                     "operand" : {
                        "localId" : "402",
                        "locator" : "47:11-47:35",
                        "resultTypeName" : "{urn:hl7-org:elm-types:r1}Boolean",
                        "type" : "IsNull",
                        "signature" : [ ],
                        "operand" : {
                           "localId" : "389",
                           "locator" : "47:11-47:23",
                           "path" : "result",
                           "scope" : "CTScan",
                           "type" : "Property",
                           "resultTypeSpecifier" : {
                              "localId" : "396",
                              "type" : "ChoiceTypeSpecifier",
                              "choice" : [ {
                                 "localId" : "397",
                                 "name" : "{urn:hl7-org:elm-types:r1}Integer",
                                 "type" : "NamedTypeSpecifier"
                              }, {
                                 "localId" : "398",
                                 "name" : "{urn:hl7-org:elm-types:r1}Decimal",
                                 "type" : "NamedTypeSpecifier"
                              }, {
                                 "localId" : "399",
                                 "name" : "{urn:hl7-org:elm-types:r1}Code",
                                 "type" : "NamedTypeSpecifier"
                              }, {
                                 "localId" : "400",
                                 "name" : "{urn:hl7-org:elm-types:r1}Quantity",
                                 "type" : "NamedTypeSpecifier"
                              }, {
                                 "localId" : "401",
                                 "name" : "{urn:hl7-org:elm-types:r1}Ratio",
                                 "type" : "NamedTypeSpecifier"
                              } ]
                           }
                        }
                     }
                  } ]
               }
            }
         }, {
            "localId" : "410",
            "locator" : "49:1-50:31",
            "name" : "Denominator",
            "context" : "Patient",
            "accessLevel" : "Public",
            "annotation" : [ {
               "type" : "Annotation",
               "s" : {
                  "r" : "410",
                  "s" : [ {
                     "value" : [ "","define ","\"Denominator\"",":\n  " ]
                  }, {
                     "r" : "411",
                     "s" : [ {
                        "value" : [ "\"Qualifying Scan with Values\"" ]
                     } ]
                  } ]
               }
            } ],
            "resultTypeSpecifier" : {
               "localId" : "414",
               "type" : "ListTypeSpecifier",
               "elementType" : {
                  "localId" : "415",
                  "name" : "{urn:healthit-gov:qdm:v5_6}PositiveDiagnosticStudyPerformed",
                  "type" : "NamedTypeSpecifier"
               }
            },
            "expression" : {
               "localId" : "411",
               "locator" : "50:3-50:31",
               "name" : "Qualifying Scan with Values",
               "type" : "ExpressionRef",
               "resultTypeSpecifier" : {
                  "localId" : "412",
                  "type" : "ListTypeSpecifier",
                  "elementType" : {
                     "localId" : "413",
                     "name" : "{urn:healthit-gov:qdm:v5_6}PositiveDiagnosticStudyPerformed",
                     "type" : "NamedTypeSpecifier"
                  }
               }
            }
         }, {
            "localId" : "417",
            "locator" : "52:1-54:52",
            "name" : "Numerator",
            "context" : "Patient",
            "accessLevel" : "Public",
            "annotation" : [ {
               "type" : "Annotation",
               "s" : {
                  "r" : "417",
                  "s" : [ {
                     "value" : [ "","define ","\"Numerator\"",":\n  " ]
                  }, {
                     "r" : "427",
                     "s" : [ {
                        "s" : [ {
                           "r" : "418",
                           "s" : [ {
                              "r" : "419",
                              "s" : [ {
                                 "s" : [ {
                                    "value" : [ "\"Qualifying Scan with Values\"" ]
                                 } ]
                              } ]
                           }, {
                              "value" : [ " ","CTScan" ]
                           } ]
                        } ]
                     }, {
                        "value" : [ "\n    " ]
                     }, {
                        "r" : "426",
                        "s" : [ {
                           "value" : [ "where " ]
                        }, {
                           "r" : "426",
                           "s" : [ {
                              "r" : "424",
                              "s" : [ {
                                 "value" : [ "AlaraCommon" ]
                              } ]
                           }, {
                              "value" : [ "." ]
                           }, {
                              "r" : "426",
                              "s" : [ {
                                 "value" : [ "\"CT Scan Qualifies\""," ( " ]
                              }, {
                                 "r" : "425",
                                 "s" : [ {
                                    "value" : [ "CTScan" ]
                                 } ]
                              }, {
                                 "value" : [ " )" ]
                              } ]
                           } ]
                        } ]
                     } ]
                  } ]
               }
            } ],
            "resultTypeSpecifier" : {
               "localId" : "430",
               "type" : "ListTypeSpecifier",
               "elementType" : {
                  "localId" : "431",
                  "name" : "{urn:healthit-gov:qdm:v5_6}PositiveDiagnosticStudyPerformed",
                  "type" : "NamedTypeSpecifier"
               }
            },
            "expression" : {
               "localId" : "427",
               "locator" : "53:3-54:52",
               "type" : "Query",
               "resultTypeSpecifier" : {
                  "localId" : "428",
                  "type" : "ListTypeSpecifier",
                  "elementType" : {
                     "localId" : "429",
                     "name" : "{urn:healthit-gov:qdm:v5_6}PositiveDiagnosticStudyPerformed",
                     "type" : "NamedTypeSpecifier"
                  }
               },
               "source" : [ {
                  "localId" : "418",
                  "locator" : "53:3-53:38",
                  "alias" : "CTScan",
                  "resultTypeSpecifier" : {
                     "localId" : "422",
                     "type" : "ListTypeSpecifier",
                     "elementType" : {
                        "localId" : "423",
                        "name" : "{urn:healthit-gov:qdm:v5_6}PositiveDiagnosticStudyPerformed",
                        "type" : "NamedTypeSpecifier"
                     }
                  },
                  "expression" : {
                     "localId" : "419",
                     "locator" : "53:3-53:31",
                     "name" : "Qualifying Scan with Values",
                     "type" : "ExpressionRef",
                     "resultTypeSpecifier" : {
                        "localId" : "420",
                        "type" : "ListTypeSpecifier",
                        "elementType" : {
                           "localId" : "421",
                           "name" : "{urn:healthit-gov:qdm:v5_6}PositiveDiagnosticStudyPerformed",
                           "type" : "NamedTypeSpecifier"
                        }
                     }
                  }
               } ],
               "let" : [ ],
               "relationship" : [ ],
               "where" : {
                  "localId" : "426",
                  "locator" : "54:5-54:52",
                  "resultTypeName" : "{urn:hl7-org:elm-types:r1}Boolean",
                  "name" : "CT Scan Qualifies",
                  "libraryName" : "AlaraCommon",
                  "type" : "FunctionRef",
                  "signature" : [ ],
                  "operand" : [ {
                     "localId" : "425",
                     "locator" : "54:45-54:50",
                     "resultTypeName" : "{urn:healthit-gov:qdm:v5_6}PositiveDiagnosticStudyPerformed",
                     "name" : "CTScan",
                     "type" : "AliasRef"
                  } ]
               }
            }
         }, {
            "localId" : "435",
            "locator" : "61:1-63:37",
            "name" : "Denominator Exclusion",
            "context" : "Patient",
            "accessLevel" : "Public",
            "annotation" : [ {
               "type" : "Annotation",
               "s" : {
                  "r" : "435",
                  "s" : [ {
                     "value" : [ "","define ","\"Denominator Exclusion\"",":\n  " ]
                  }, {
                     "r" : "459",
                     "s" : [ {
                        "s" : [ {
                           "r" : "436",
                           "s" : [ {
                              "r" : "437",
                              "s" : [ {
                                 "s" : [ {
                                    "value" : [ "\"Qualifying Scan with Values\"" ]
                                 } ]
                              } ]
                           }, {
                              "value" : [ " ","CTScan" ]
                           } ]
                        } ]
                     }, {
                        "value" : [ "\n    " ]
                     }, {
                        "r" : "442",
                        "s" : [ {
                           "value" : [ "where " ]
                        }, {
                           "r" : "442",
                           "s" : [ {
                              "r" : "444",
                              "s" : [ {
                                 "r" : "443",
                                 "s" : [ {
                                    "value" : [ "CTScan" ]
                                 } ]
                              }, {
                                 "value" : [ "." ]
                              }, {
                                 "r" : "444",
                                 "s" : [ {
                                    "value" : [ "result" ]
                                 } ]
                              } ]
                           }, {
                              "value" : [ " ","~"," " ]
                           }, {
                              "r" : "457",
                              "s" : [ {
                                 "value" : [ "\"Full Body\"" ]
                              } ]
                           } ]
                        } ]
                     } ]
                  } ]
               }
            } ],
            "resultTypeSpecifier" : {
               "localId" : "462",
               "type" : "ListTypeSpecifier",
               "elementType" : {
                  "localId" : "463",
                  "name" : "{urn:healthit-gov:qdm:v5_6}PositiveDiagnosticStudyPerformed",
                  "type" : "NamedTypeSpecifier"
               }
            },
            "expression" : {
               "localId" : "459",
               "locator" : "62:3-63:37",
               "type" : "Query",
               "resultTypeSpecifier" : {
                  "localId" : "460",
                  "type" : "ListTypeSpecifier",
                  "elementType" : {
                     "localId" : "461",
                     "name" : "{urn:healthit-gov:qdm:v5_6}PositiveDiagnosticStudyPerformed",
                     "type" : "NamedTypeSpecifier"
                  }
               },
               "source" : [ {
                  "localId" : "436",
                  "locator" : "62:3-62:38",
                  "alias" : "CTScan",
                  "resultTypeSpecifier" : {
                     "localId" : "440",
                     "type" : "ListTypeSpecifier",
                     "elementType" : {
                        "localId" : "441",
                        "name" : "{urn:healthit-gov:qdm:v5_6}PositiveDiagnosticStudyPerformed",
                        "type" : "NamedTypeSpecifier"
                     }
                  },
                  "expression" : {
                     "localId" : "437",
                     "locator" : "62:3-62:31",
                     "name" : "Qualifying Scan with Values",
                     "type" : "ExpressionRef",
                     "resultTypeSpecifier" : {
                        "localId" : "438",
                        "type" : "ListTypeSpecifier",
                        "elementType" : {
                           "localId" : "439",
                           "name" : "{urn:healthit-gov:qdm:v5_6}PositiveDiagnosticStudyPerformed",
                           "type" : "NamedTypeSpecifier"
                        }
                     }
                  }
               } ],
               "let" : [ ],
               "relationship" : [ ],
               "where" : {
                  "localId" : "442",
                  "locator" : "63:5-63:37",
                  "resultTypeName" : "{urn:hl7-org:elm-types:r1}Boolean",
                  "type" : "Equivalent",
                  "signature" : [ ],
                  "operand" : [ {
                     "localId" : "458",
                     "asType" : "{urn:hl7-org:elm-types:r1}Code",
                     "type" : "As",
                     "signature" : [ ],
                     "operand" : {
                        "localId" : "444",
                        "locator" : "63:11-63:23",
                        "path" : "result",
                        "scope" : "CTScan",
                        "type" : "Property",
                        "resultTypeSpecifier" : {
                           "localId" : "451",
                           "type" : "ChoiceTypeSpecifier",
                           "choice" : [ {
                              "localId" : "452",
                              "name" : "{urn:hl7-org:elm-types:r1}Integer",
                              "type" : "NamedTypeSpecifier"
                           }, {
                              "localId" : "453",
                              "name" : "{urn:hl7-org:elm-types:r1}Decimal",
                              "type" : "NamedTypeSpecifier"
                           }, {
                              "localId" : "454",
                              "name" : "{urn:hl7-org:elm-types:r1}Code",
                              "type" : "NamedTypeSpecifier"
                           }, {
                              "localId" : "455",
                              "name" : "{urn:hl7-org:elm-types:r1}Quantity",
                              "type" : "NamedTypeSpecifier"
                           }, {
                              "localId" : "456",
                              "name" : "{urn:hl7-org:elm-types:r1}Ratio",
                              "type" : "NamedTypeSpecifier"
                           } ]
                        }
                     }
                  }, {
                     "localId" : "457",
                     "locator" : "63:27-63:37",
                     "resultTypeName" : "{urn:hl7-org:elm-types:r1}Code",
                     "name" : "Full Body",
                     "type" : "CodeRef"
                  } ]
               }
            }
         } ]
      }
   }
}