<?xml version="1.0" encoding="UTF-8" standalone="yes"?>
<QualityMeasureDocument xmlns="urn:hl7-org:v3" xmlns:cql-ext="urn:hhs-cql:hqmf-n1-extensions:v1"
                        xmlns:xsi="http://www.w3.org/2001/XMLSchema-instance">

      <!--
            **************************************************************
            Measure Details Section
            **************************************************************
        -->

      <typeId extension="POQM_HD000001UV02" root="2.16.840.1.113883.1.3"/>
   <templateId>
      <item extension="2021-02-01" root="2.16.840.1.113883.10.20.28.1.2"/>
   </templateId>
   <id root="2c928082-7fac-c041-017f-b3038b3e0469"/>
   <code code="57024-2" codeSystem="2.16.840.1.113883.6.1">
      <displayName value="Health Quality Measure Document"/>
   </code>
   <title
          value="Preventive Care and Screening: Body Mass Index (BMI) Screening and Follow-Up Plan"/>
   <text
         value="Percentage of patients aged 18 years and older with a BMI documented during the current encounter or during the measurement period AND who had a follow-up plan documented if BMI was outside of normal parameters"/>
   <statusCode code="COMPLETED"/>
   <setId root="9a031bb8-3d9b-11e1-8634-00237d5bf174"/>
   <versionNumber value="11.2.000"/>
   <author>
      <responsibleParty classCode="ASSIGNED">
         <representedResponsibleOrganization classCode="ORG" determinerCode="INSTANCE">
            <id>
               <item root="2.16.840.1.113883.3.1240"/>
            </id>
            <name>
               <item>
                  <part value="Mathematica"/>
               </item>
            </name>
         </representedResponsibleOrganization>
      </responsibleParty>
   </author>
   <custodian>
      <responsibleParty classCode="ASSIGNED">
         <representedResponsibleOrganization classCode="ORG" determinerCode="INSTANCE">
            <id>
               <item root="93"/>
            </id>
            <name>
               <item>
                  <part value="Centers for Medicare &amp; Medicaid Services (CMS)"/>
               </item>
            </name>
         </representedResponsibleOrganization>
      </responsibleParty>
   </custodian>
   <!--Payer-->
     	 <definition>
      <valueSet classCode="OBS" moodCode="DEF">
         <id root="2.16.840.1.114222.4.11.3591"/>
         <title value="Payer"/>
      </valueSet>
   </definition>
   <!--ONC Administrative Sex-->
     	 <definition>
      <valueSet classCode="OBS" moodCode="DEF">
         <id root="2.16.840.1.113762.1.4.1"/>
         <title value="ONC Administrative Sex"/>
      </valueSet>
   </definition>
   <!--Palliative Care Intervention-->
     	 <definition>
      <valueSet classCode="OBS" moodCode="DEF">
         <id root="2.16.840.1.113883.3.464.1003.198.12.1135"/>
         <title value="Palliative Care Intervention"/>
      </valueSet>
   </definition>
   <!--Palliative Care Encounter-->
     	 <definition>
      <valueSet classCode="OBS" moodCode="DEF">
         <id root="2.16.840.1.113883.3.464.1003.101.12.1090"/>
         <title value="Palliative Care Encounter"/>
      </valueSet>
   </definition>
   <!--Encounter Inpatient-->
     	 <definition>
      <valueSet classCode="OBS" moodCode="DEF">
         <id root="2.16.840.1.113883.3.666.5.307"/>
         <title value="Encounter Inpatient"/>
      </valueSet>
   </definition>
   <!--Overweight or Obese-->
     	 <definition>
      <valueSet classCode="OBS" moodCode="DEF">
         <id root="2.16.840.1.113762.1.4.1047.502"/>
         <title value="Overweight or Obese"/>
      </valueSet>
   </definition>
   <!--Medications for Above Normal BMI-->
     	 <definition>
      <valueSet classCode="OBS" moodCode="DEF">
         <id root="2.16.840.1.113883.3.526.3.1561"/>
         <title value="Medications for Above Normal BMI"/>
      </valueSet>
   </definition>
   <!--Pregnancy or Other Related Diagnoses-->
     	 <definition>
      <valueSet classCode="OBS" moodCode="DEF">
         <id root="2.16.840.1.113883.3.600.1.1623"/>
         <title value="Pregnancy or Other Related Diagnoses"/>
      </valueSet>
   </definition>
   <!--Hospice Care Ambulatory-->
     	 <definition>
      <valueSet classCode="OBS" moodCode="DEF">
         <id root="2.16.840.1.113883.3.526.3.1584"/>
         <title value="Hospice Care Ambulatory"/>
      </valueSet>
   </definition>
   <!--Ethnicity-->
     	 <definition>
      <valueSet classCode="OBS" moodCode="DEF">
         <id root="2.16.840.1.114222.4.11.837"/>
         <title value="Ethnicity"/>
      </valueSet>
   </definition>
   <!--Encounter to Evaluate BMI-->
     	 <definition>
      <valueSet classCode="OBS" moodCode="DEF">
         <id root="2.16.840.1.113883.3.600.1.1751"/>
         <title value="Encounter to Evaluate BMI"/>
      </valueSet>
   </definition>
   <!--Hospice Encounter-->
     	 <definition>
      <valueSet classCode="OBS" moodCode="DEF">
         <id root="2.16.840.1.113883.3.464.1003.1003"/>
         <title value="Hospice Encounter"/>
      </valueSet>
   </definition>
   <!--Underweight-->
     	 <definition>
      <valueSet classCode="OBS" moodCode="DEF">
         <id root="2.16.840.1.113883.3.526.3.1563"/>
         <title value="Underweight"/>
      </valueSet>
   </definition>
   <!--Race-->
     	 <definition>
      <valueSet classCode="OBS" moodCode="DEF">
         <id root="2.16.840.1.114222.4.11.836"/>
         <title value="Race"/>
      </valueSet>
   </definition>
   <!--Referrals Where Weight Assessment May Occur-->
     	 <definition>
      <valueSet classCode="OBS" moodCode="DEF">
         <id root="2.16.840.1.113883.3.600.1.1527"/>
         <title value="Referrals Where Weight Assessment May Occur"/>
      </valueSet>
   </definition>
   <!--Medications for Below Normal BMI-->
     	 <definition>
      <valueSet classCode="OBS" moodCode="DEF">
         <id root="2.16.840.1.113883.3.526.3.1562"/>
         <title value="Medications for Below Normal BMI"/>
      </valueSet>
   </definition>
   <!--Follow Up for Above Normal BMI-->
     	 <definition>
      <valueSet classCode="OBS" moodCode="DEF">
         <id root="2.16.840.1.113883.3.600.1.1525"/>
         <title value="Follow Up for Above Normal BMI"/>
      </valueSet>
   </definition>
   <!--Follow Up for Below Normal BMI-->
     	 <definition>
      <valueSet classCode="OBS" moodCode="DEF">
         <id root="2.16.840.1.113883.3.600.1.1528"/>
         <title value="Follow Up for Below Normal BMI"/>
      </valueSet>
   </definition>
   <!--Medical Reason-->
     	 <definition>
      <valueSet classCode="OBS" moodCode="DEF">
         <id root="2.16.840.1.113883.3.526.3.1007"/>
         <title value="Medical Reason"/>
      </valueSet>
   </definition>
   <!--Patient Declined-->
     	 <definition>
      <valueSet classCode="OBS" moodCode="DEF">
         <id root="2.16.840.1.113883.3.526.3.1582"/>
         <title value="Patient Declined"/>
      </valueSet>
   </definition>
   <!--Encounter for palliative care-CODE:/CodeSystem/ICD10CM/Version/2022/Code/Z51.5/Info-->
      <definition>
      <cql-ext:code code="Z51.5" codeSystem="2.16.840.1.113883.6.90" codeSystemName="ICD10CM">
         <displayName value="Encounter for palliative care"/>
      </cql-ext:code>
   </definition>
   <!--Functional Assessment of Chronic Illness Therapy - Palliative Care Questionnaire (FACIT-Pal)-CODE:/CodeSystem/LOINC/Version/2.71/Code/71007-9/Info-->
      <definition>
      <cql-ext:code code="71007-9" codeSystem="2.16.840.1.113883.6.1" codeSystemName="LOINC">
         <displayName value="Functional Assessment of Chronic Illness Therapy - Palliative Care Questionnaire (FACIT-Pal)"/>
      </cql-ext:code>
   </definition>
   <!--Hospice care [Minimum Data Set]-CODE:/CodeSystem/LOINC/Version/2.71/Code/45755-6/Info-->
      <definition>
      <cql-ext:code code="45755-6" codeSystem="2.16.840.1.113883.6.1" codeSystemName="LOINC">
         <displayName value="Hospice care [Minimum Data Set]"/>
      </cql-ext:code>
   </definition>
   <!--Body mass index (BMI) [Ratio]-CODE:/CodeSystem/LOINC/Version/2.63/Code/39156-5/Info-->
      <definition>
      <cql-ext:code code="39156-5" codeSystem="2.16.840.1.113883.6.1" codeSystemName="LOINC">
         <displayName value="Body mass index (BMI) [Ratio]"/>
      </cql-ext:code>
   </definition>
   <!--virtual-CODE:/CodeSystem/ActCode/Version/HL7V3.0_2021-03/Code/VR/Info-->
      <definition>
      <cql-ext:code code="VR" codeSystem="2.16.840.1.113883.5.4" codeSystemName="ActCode">
         <displayName value="virtual"/>
      </cql-ext:code>
   </definition>
   <!--Discharge to home for hospice care (procedure)-CODE:/CodeSystem/SNOMEDCT/Version/2021-09/Code/428361000124107/Info-->
      <definition>
      <cql-ext:code code="428361000124107" codeSystem="2.16.840.1.113883.6.96"
                    codeSystemName="SNOMEDCT">
         <displayName value="Discharge to home for hospice care (procedure)"/>
      </cql-ext:code>
   </definition>
   <!--Discharge to healthcare facility for hospice care (procedure)-CODE:/CodeSystem/SNOMEDCT/Version/2021-09/Code/428371000124100/Info-->
      <definition>
      <cql-ext:code code="428371000124100" codeSystem="2.16.840.1.113883.6.96"
                    codeSystemName="SNOMEDCT">
         <displayName value="Discharge to healthcare facility for hospice care (procedure)"/>
      </cql-ext:code>
   </definition>
   <!--Yes (qualifier value)-CODE:/CodeSystem/SNOMEDCT/Version/2021-09/Code/373066001/Info-->
      <definition>
      <cql-ext:code code="373066001" codeSystem="2.16.840.1.113883.6.96" codeSystemName="SNOMEDCT">
         <displayName value="Yes (qualifier value)"/>
      </cql-ext:code>
   </definition>
   <relatedDocument typeCode="COMP">
      <expressionDocument>
         <id root="D37145B2-D489-43A4-9366-594C18B32C3A"/>
         <text mediaType="text/cql">
            <reference value="https://emeasuretool.cms.gov/libraries/9a031bb8-3d9b-11e1-8634-00237d5bf174/CMS69-v11-2-000-QDM-5-6.cql"/>
            <translation mediaType="application/elm+xml">
               <reference value="https://emeasuretool.cms.gov/libraries/9a031bb8-3d9b-11e1-8634-00237d5bf174/CMS69-v11-2-000-QDM-5-6.xml"/>
            </translation>
            <translation mediaType="application/elm+json">
               <reference value="https://emeasuretool.cms.gov/libraries/9a031bb8-3d9b-11e1-8634-00237d5bf174/CMS69-v11-2-000-QDM-5-6.json"/>
            </translation>
         </text>
         <setId extension="9a031bb8-3d9b-11e1-8634-00237d5bf174"
                identifierName="PCSBMIScreenAndFollowUp"
                root="https://emeasuretool.cms.gov/libraries"/>
         <versionNumber value="11.2.000"/>
      </expressionDocument>
   </relatedDocument>
   <relatedDocument typeCode="COMP">
      <expressionDocument>
         <id root="2c9280827eb12de9017f46ca852237f7"/>
         <text mediaType="text/cql">
            <reference value="https://emeasuretool.cms.gov/libraries/b2549666-62cd-4750-8e34-047a0451d042/PalliativeCareExclusionECQM-v2-0-000-QDM-5-6.cql"/>
            <translation mediaType="application/elm+xml">
               <reference value="https://emeasuretool.cms.gov/libraries/b2549666-62cd-4750-8e34-047a0451d042/PalliativeCareExclusionECQM-v2-0-000-QDM-5-6.xml"/>
            </translation>
            <translation mediaType="application/elm+json">
               <reference value="https://emeasuretool.cms.gov/libraries/b2549666-62cd-4750-8e34-047a0451d042/PalliativeCareExclusionECQM-v2-0-000-QDM-5-6.json"/>
            </translation>
         </text>
         <setId extension="b2549666-62cd-4750-8e34-047a0451d042"
                identifierName="PalliativeCareExclusionECQM"
                root="https://emeasuretool.cms.gov/libraries"/>
         <versionNumber value="2.0.000"/>
      </expressionDocument>
   </relatedDocument>
   <relatedDocument typeCode="COMP">
      <expressionDocument>
         <id root="2c9280857b2aeb52017b5f8b96c31ff8"/>
         <text mediaType="text/cql">
            <reference value="https://emeasuretool.cms.gov/libraries/8bdc0a19-b210-4a58-8a07-f5d95a34eca9/MATGlobalCommonFunctions-v7-0-000-QDM-5-6.cql"/>
            <translation mediaType="application/elm+xml">
               <reference value="https://emeasuretool.cms.gov/libraries/8bdc0a19-b210-4a58-8a07-f5d95a34eca9/MATGlobalCommonFunctions-v7-0-000-QDM-5-6.xml"/>
            </translation>
            <translation mediaType="application/elm+json">
               <reference value="https://emeasuretool.cms.gov/libraries/8bdc0a19-b210-4a58-8a07-f5d95a34eca9/MATGlobalCommonFunctions-v7-0-000-QDM-5-6.json"/>
            </translation>
         </text>
         <setId extension="8bdc0a19-b210-4a58-8a07-f5d95a34eca9"
                identifierName="MATGlobalCommonFunctions"
                root="https://emeasuretool.cms.gov/libraries"/>
         <versionNumber value="7.0.000"/>
      </expressionDocument>
   </relatedDocument>
   <relatedDocument typeCode="COMP">
      <expressionDocument>
         <id root="2c9280827eb12de9017f46ba134b37d9"/>
         <text mediaType="text/cql">
            <reference value="https://emeasuretool.cms.gov/libraries/64299b80-f383-4dc9-82e4-d6ef0b271b11/Hospice-v4-0-000-QDM-5-6.cql"/>
            <translation mediaType="application/elm+xml">
               <reference value="https://emeasuretool.cms.gov/libraries/64299b80-f383-4dc9-82e4-d6ef0b271b11/Hospice-v4-0-000-QDM-5-6.xml"/>
            </translation>
            <translation mediaType="application/elm+json">
               <reference value="https://emeasuretool.cms.gov/libraries/64299b80-f383-4dc9-82e4-d6ef0b271b11/Hospice-v4-0-000-QDM-5-6.json"/>
            </translation>
         </text>
         <setId extension="64299b80-f383-4dc9-82e4-d6ef0b271b11" identifierName="Hospice"
                root="https://emeasuretool.cms.gov/libraries"/>
         <versionNumber value="4.0.000"/>
      </expressionDocument>
   </relatedDocument>
   <controlVariable>
      <measurePeriod>
         <id extension="measureperiod" root="8b2db594-b5f4-485a-89ce-c5947d4fe38c"/>
         <code code="MSRTP" codeSystem="2.16.840.1.113883.5.4">
            <originalText value="Measurement Period"/>
         </code>
         <value xsi:type="PIVL_TS">
            <phase highClosed="true" lowClosed="true">
               <low value="20220101"/>
               <width unit="a" value="1" xsi:type="PQ"/>
            </phase>
            <period unit="a" value="1"/>
         </value>
      </measurePeriod>
   </controlVariable>
   <subjectOf>
      <measureAttribute>
         <code nullFlavor="OTH">
            <originalText value="eCQM Identifier (Measure Authoring Tool)"/>
         </code>
         <value mediaType="text/plain" value="69" xsi:type="ED"/>
      </measureAttribute>
   </subjectOf>
   <subjectOf>
      <measureAttribute>
         <code nullFlavor="OTH">
            <originalText value="NQF Number"/>
         </code>
         <value mediaType="text/plain" value="Not Applicable" xsi:type="ED"/>
      </measureAttribute>
   </subjectOf>
   <subjectOf>
      <measureAttribute>
         <code code="COPY" codeSystem="2.16.840.1.113883.5.4">
            <displayName value="Copyright"/>
         </code>
         <value mediaType="text/plain"
                value="Limited proprietary coding is contained in the measure specifications for convenience. Users of the proprietary code sets should obtain all necessary licenses from the owners of these code sets. &#xA;&#xA;CPT(R) contained in the Measure specifications is copyright 2004-2021 American Medical Association. LOINC(R) is copyright 2004-2021 Regenstrief Institute, Inc. This material contains SNOMED Clinical Terms(R) (SNOMED CT[R]) copyright 2004-2021 International Health Terminology Standards Development Organisation. ICD-10 is copyright 2021 World Health Organization. All Rights Reserved."
                xsi:type="ED"/>
      </measureAttribute>
   </subjectOf>
   <subjectOf>
      <measureAttribute>
         <code code="DISC" codeSystem="2.16.840.1.113883.5.4">
            <displayName value="Disclaimer"/>
         </code>
         <value mediaType="text/plain"
                value="These performance measures are not clinical guidelines and do not establish a standard of medical care, and have not been tested for all potential applications.&#xA;&#xA;THE MEASURES AND SPECIFICATIONS ARE PROVIDED “AS IS” WITHOUT WARRANTY OF ANY KIND.&#xA;&#xA;Due to technical limitations, registered trademarks are indicated by (R) or [R] and unregistered trademarks are indicated by (TM) or [TM]."
                xsi:type="ED"/>
      </measureAttribute>
   </subjectOf>
   <subjectOf>
      <measureAttribute>
         <code code="MSRSCORE" codeSystem="2.16.840.1.113883.5.4">
            <displayName value="Measure Scoring"/>
         </code>
         <value code="PROPOR" codeSystem="2.16.840.1.113883.5.1063" xsi:type="CD">
            <displayName value="Proportion"/>
         </value>
      </measureAttribute>
   </subjectOf>
   <subjectOf>
      <measureAttribute>
         <code code="MSRTYPE" codeSystem="2.16.840.1.113883.5.4">
            <displayName value="Measure Type"/>
         </code>
         <value code="PROCESS" codeSystem="2.16.840.1.113883.5.1063" xsi:type="CD">
            <displayName value="PROCESS"/>
         </value>
      </measureAttribute>
   </subjectOf>
   <subjectOf>
      <measureAttribute>
         <code code="STRAT" codeSystem="2.16.840.1.113883.5.4">
            <displayName value="Stratification"/>
         </code>
         <value mediaType="text/plain" value="None" xsi:type="ED"/>
      </measureAttribute>
   </subjectOf>
   <subjectOf>
      <measureAttribute>
         <code code="MSRADJ" codeSystem="2.16.840.1.113883.5.4">
            <displayName value="Risk Adjustment"/>
         </code>
         <value mediaType="text/plain" value="None" xsi:type="ED"/>
      </measureAttribute>
   </subjectOf>
   <subjectOf>
      <measureAttribute>
         <code code="MSRAGG" codeSystem="2.16.840.1.113883.5.4">
            <displayName value="Rate Aggregation"/>
         </code>
         <value mediaType="text/plain" value="None" xsi:type="ED"/>
      </measureAttribute>
   </subjectOf>
   <subjectOf>
      <measureAttribute>
         <code code="RAT" codeSystem="2.16.840.1.113883.5.4">
            <displayName value="Rationale"/>
         </code>
         <value mediaType="text/plain"
                value="BMI Above Normal Parameters&#xA;&#xA;“Obesity is a chronic, multifactorial disease with complex psychological, environmental (social and cultural), genetic, physiologic, metabolic and behavioral causes and consequences. The prevalence of overweight and obese people is increasing worldwide at an alarming rate in both developing and developed countries. Environmental and behavioral changes brought about by economic development, modernization and urbanization have been linked to the rise in global obesity. The health consequences are becoming apparent” (Fitch et al., 2013).&#xA;&#xA;More than a third of U.S. adults have a body mass index [BMI] &gt;= 30 kg/m2 and are at increased risk for diabetes, cardiovascular disease (CVD), and obstructive sleep apnea (Flegal et al., 2012; Ogden et al., 2015; Dong et al., 2020). Hales et al. (2017), reported that the prevalence of obesity among adults and youth in the United States was 39.8 percent and 18.5 percent respectively, from 2015-2016. Furthermore, the prevalence of obesity in adults increased to 42.4 percent in 2018, with the highest percentage among adults in the 40-59 age bracket compared with other age groups (Hales et al., 2020). Hales et al. (2020) also disaggregated the data according to race/ethnicity and noted that obesity prevalence was higher among non-Hispanic Black adults and Hispanic adults when compared with other races and ethnicities. Obesity prevalence was lowest among non-Hispanic Asian men and women. Among men, obesity prevalence was higher among Hispanic men compared with non-Hispanic Black men and non-Hispanic White men. Among women, the prevalence among non-Hispanic Black women was 56.9 percent, which was higher than all other race/ethnicities. In general, the prevalence of obesity in the U.S. remains higher than the Healthy People 2020 goals of 30.5 percent among adults (Hales et al., 2020). &#xA;&#xA;BMI continues to be a common and reasonably reliable measurement to identify overweight and obese adults who may be at an increased risk for future morbidity. Although good quality evidence supports obtaining a BMI, it is important to recognize it is not a perfect measurement. For example, BMI and its associated disease and mortality risk appear to vary among ethnic subgroups. Black/African Americans appear to have the lowest mortality risk at a BMI of 26.2-28.5 kg/m2 in Black women and 27.1-30.2 kg/m2 in Black men. In contrast, Asian populations may experience lowest mortality rates starting at a BMI of 23 to 24 kg/m2. The correlation between BMI and diabetes risk also varies by ethnicity (LeBlanc et al., 2011, pp. 2-3). BMI is not a direct measure of adiposity and as a consequence, it can over or underestimate adiposity. However, overall, BMI is a derived value that correlates well with total body fat and markers of secondary complications, e.g., hypertension and dyslipidemia (Barlow &amp; the Expert Committee, 2007).&#xA;&#xA;It is important to enhance beneficiary access to appropriate treatments for obesity, which could result in decreased healthcare costs and lower obesity rates. Behavioral weight management treatment has been identified as an effective first-line treatment for obesity with an average initial weight loss of 8-10 percent. This percentage weight loss is associated with a significant risk reduction for diabetes and CVD (Wadden, Butryn &amp; Wilson, 2007). Evidence also shows that when provided 14 or more high-intensity behavioral intervention sessions of face-to-face individual or group treatment across 6 months, participants lose up to 8 percent of their weight during that time and experience improvements in heart disease risk factors and quality of life (Wadden, Tronieri, &amp; Butryn, 2020). There is also evidence that high-intensity behavioral counseling is effective, whether delivered in-person, by phone, or electronically (Tronieri et al., 2019). Moreover, Intensive Behavioral Therapy (IBT) for obesity provided by Registered Dietitian Nutritionists for 6-12 months shows significant mean weight loss of up to 10 percent of body weight, maintained over one year’s time (Raynor &amp; Champagne, 2016). Despite the evidence that supports weight management counseling, the rate of use in primary care for patients with obesity decreased by 10 percent from 39.9 percent in 1995-1996 to 29.9 percent in 2007-2008 (Kraschnewski et al., 2013). Weight management counseling during primary care visits further declined from 33 percent to 21 percent between 2008-2009 and 2012-2013. This suggests that obesity management in primary care remains suboptimal (Fitzpatrick &amp; Stevens, 2017).&#xA;&#xA;Therefore, screening for BMI and follow-up is critical and will help in reaching the quality goals of population health and cost reduction. However, due to concerns for other underlying conditions (such as bone health) or nutrition-related deficiencies, providers are cautioned to use their best clinical judgment when considering weight management programs for overweight patients, especially the elderly (National Heart, Lung, and Blood Institute [NHLBI] Obesity Education Initiative, 1998, p. 91).&#xA;&#xA;BMI Below Normal Parameters &#xA;&#xA;On the other end of the body weight spectrum is underweight (BMI &lt; 18.5 kg/m2), which is equally detrimental to population health. When compared to normal weight individuals (BMI 18.5-25 kg/m2), underweight individuals have significantly higher death rates with a Hazard Ratio of 2.27 and 95 percent confidence intervals (CI) = 1.78, 2.90 (Borrell &amp; Samuel, 2014). &#xA;&#xA;Poor nutrition or underlying health conditions can result in underweight (Fryar &amp; Ogden, 2012). The National Health and Nutrition Examination Survey (NHANES) results from 2007-2010 indicate that women are more likely to be underweight than men (Centers for Disease Control and Prevention, 2012). However, all patients should be equally screened for underweight and followed up with nutritional counseling to reduce mortality and morbidity associated with underweight."
                xsi:type="ED"/>
      </measureAttribute>
   </subjectOf>
   <subjectOf>
      <measureAttribute>
         <code code="CRS" codeSystem="2.16.840.1.113883.5.4">
            <displayName value="Clinical Recommendation Statement"/>
         </code>
         <value mediaType="text/plain"
                value="All adults should be screened annually using a BMI measurement. BMI measurements &gt;= 25 kg/m2 should be used to initiate further evaluation of overweight or obesity after taking into account age, gender, ethnicity, fluid status, and muscularity; therefore, clinical evaluation and judgment must be used when BMI is employed as the anthropometric indicator of excess adiposity, particularly in athletes and those with sarcopenia (Garvey et al., 2016 AACE/ACE Guidelines, 2016, pp. 12-13) (Grade A).&#xA;&#xA;Overweight and Underweight Categories:&#xA;Underweight &lt; 18.5; Normal weight 18.5-24.9; Overweight 25-29.9; Obese class I 30-34.9; Obese class II 35-39.9; Obese class III &gt;= 40 (Garvey et al., 2016 AACE/ACE Guidelines, 2016, p. 15).&#xA;&#xA;BMI cutoff point value of &gt;= 23 kg/m2 should be used in the screening and confirmation of excess adiposity in Asian adults (Garvey et al., 2016 AACE/ACE Guidelines, 2016, p. 13) (Grade B).  &#xA;&#xA;Lifestyle/Behavioral Therapy for Overweight and Obesity should include behavioral interventions that enhance adherence to prescriptions for a reduced-calorie meal plan and increased physical activity (behavioral interventions can include: self-monitoring of weight, food intake, and physical activity; clear and reasonable goal-setting; education pertaining to obesity, nutrition, and physical activity; face-to-face and group meetings; stimulus control; systematic approaches for problem solving; stress reduction; cognitive restructuring [i.e., cognitive behavioral therapy], motivational interviewing; behavioral contracting; psychological counseling; and mobilization of social support structures) (Garvey et al., 2016 AACE/ACE Guidelines, 2016, p. 22) (Grade A).&#xA;&#xA;Behavioral lifestyle intervention should be tailored to a patient's ethnic, cultural, socioeconomic, and educational background (Garvey et al., 2016 AACE/ACE Guidelines, 2016, p. 22) (Grade B).&#xA;&#xA;The U.S. Preventive Services Task Force (USPSTF) recommends that clinicians offer or refer adults with a BMI of 30 kg/m2 or higher to intensive, multicomponent behavioral interventions (USPSTF, 2018) (Grade B).&#xA;&#xA;Interventions:&#xA;- Effective intensive behavioral interventions were designed to help participants achieve or maintain weight loss of at least five percent through a combination of dietary changes and increased physical activity&#xA;- Most interventions lasted for one to two years, and the majority had at least 12 sessions in the first year &#xA;- Most behavioral interventions focused on problem solving to identify barriers, self-monitoring of weight, peer support, and relapse prevention&#xA;- Interventions also provided tools to support weight loss or weight loss maintenance (e.g., pedometers, food scales, or exercise videos) (USPSTF, 2018)&#xA;&#xA;Nutritional safety for the elderly should be considered when recommending weight reduction. &quot;A clinical decision to forego obesity treatment in older adults should be guided by an evaluation of the potential benefits of weight reduction for day-to-day functioning and reduction of the risk of future cardiovascular events, as well as the patient's motivation for weight reduction. Care must be taken to ensure that any weight reduction program minimizes the likelihood of adverse effects on bone health or other aspects of nutritional status&quot; (NHLBI Obesity Education Initiative, 1998, p. 91) (Evidence Category D). In addition, weight reduction prescriptions in older persons should be accompanied by proper nutritional counseling and regular body weight monitoring (NHLBI Obesity Education Initiative, 1998, p. 91).&#xA;&#xA;The possibility that a standard approach to weight loss will work differently in diverse patient populations must be considered when setting expectations about treatment outcomes (NHLBI Obesity Education Initiative, 1998, p. 97) (Evidence Category B)."
                xsi:type="ED"/>
      </measureAttribute>
   </subjectOf>
   <subjectOf>
      <measureAttribute>
         <code code="IDUR" codeSystem="2.16.840.1.113883.5.4">
            <displayName value="Improvement Notation"/>
         </code>
         <value mediaType="text/plain" value="Higher score indicates better quality"
                xsi:type="ED"/>
      </measureAttribute>
   </subjectOf>
   <subjectOf>
      <measureAttribute>
         <code code="REF" codeSystem="2.16.840.1.113883.5.4">
            <displayName value="Reference"/>
         </code>
         <value mediaType="text/plain"
                value="CITATIONBarlow, S. E., &amp; the Expert Committee. (2007). Expert committee recommendations regarding the prevention, assessment, and treatment of child and adolescent overweight and obesity: Summary report. Pediatrics, 120(Suppl. 4), S164-S192. doi:10.1542/peds.2007-2329C"
                xsi:type="ED"/>
      </measureAttribute>
   </subjectOf>
   <subjectOf>
      <measureAttribute>
         <code code="REF" codeSystem="2.16.840.1.113883.5.4">
            <displayName value="Reference"/>
         </code>
         <value mediaType="text/plain"
                value="CITATIONBorrell, L. N., &amp; Samuel, L. (2014). Body mass index categories and mortality risk in U.S. adults: The effect of overweight and obesity on advancing death. American Journal of Public Health, 104(3), 512-519. doi:10.2105/AJPH.2013.301597"
                xsi:type="ED"/>
      </measureAttribute>
   </subjectOf>
   <subjectOf>
      <measureAttribute>
         <code code="REF" codeSystem="2.16.840.1.113883.5.4">
            <displayName value="Reference"/>
         </code>
         <value mediaType="text/plain"
                value="CITATIONCenters for Disease Control and Prevention (CDC). (2012). National Health and Nutrition Examination Survey (NHANES). Prevalence of underweight among adults aged 20 and over:&#xA;United States, 1960–1962 Through 2011–2012. Retrieved from https://www.cdc.gov/nchs/data/hestat/underweight_adult_11_12/underweight_adult_11_12.htm"
                xsi:type="ED"/>
      </measureAttribute>
   </subjectOf>
   <subjectOf>
      <measureAttribute>
         <code code="REF" codeSystem="2.16.840.1.113883.5.4">
            <displayName value="Reference"/>
         </code>
         <value mediaType="text/plain"
                value="CITATIONDiehr, P., O’Meara, E. S., Fitzpatrick A., Newman, A. B., Kuller, L., Burke, G. (2008). Weight, mortality, years of healthy life, and active life expectancy in older adults. Journal of the American Geriatrics Society, 56(1), 76-83. https://doi.org/10.1111/j.1532-5415.2007.01500.x"
                xsi:type="ED"/>
      </measureAttribute>
   </subjectOf>
   <subjectOf>
      <measureAttribute>
         <code code="REF" codeSystem="2.16.840.1.113883.5.4">
            <displayName value="Reference"/>
         </code>
         <value mediaType="text/plain"
                value="CITATIONDong, Z., Xu, X., Wang, C., Cartledge, S., Maddison, R., &amp; Mohammed Shariful Islam, S. (2020). Association of overweight and obesity with obstructive sleep apnoea: A systematic review and meta-analysis. Obesity Medicine, 17. doi:https://doi.org/10.1016/j.obmed.2020.100185"
                xsi:type="ED"/>
      </measureAttribute>
   </subjectOf>
   <subjectOf>
      <measureAttribute>
         <code code="REF" codeSystem="2.16.840.1.113883.5.4">
            <displayName value="Reference"/>
         </code>
         <value mediaType="text/plain"
                value="CITATIONDonini, L. M., Savina, C., Gennaro, E., De Felice, M. R., Rosano, A., Pandolfo, M. M., Del Balzo, V., …Chumlea, W. C. et al. (2012). A systematic review of the literature concerning the relationship between obesity and mortality in the elderly. The Journal of Nutrition, Health &amp; Aging, 16(1), 89-98. doi:10.1007/s12603-011-0073-x"
                xsi:type="ED"/>
      </measureAttribute>
   </subjectOf>
   <subjectOf>
      <measureAttribute>
         <code code="REF" codeSystem="2.16.840.1.113883.5.4">
            <displayName value="Reference"/>
         </code>
         <value mediaType="text/plain"
                value="CITATIONFitch, A., Everling, L., Fox, C.,Goldberg, J., Heim, C., Johnson, K., …Webb, B. (2013, May). Prevention and management of obesity for adults. Bloomington, MN: Institute for Clinical Systems Improvement."
                xsi:type="ED"/>
      </measureAttribute>
   </subjectOf>
   <subjectOf>
      <measureAttribute>
         <code code="REF" codeSystem="2.16.840.1.113883.5.4">
            <displayName value="Reference"/>
         </code>
         <value mediaType="text/plain"
                value="CITATIONFitzpatrick, S. L., &amp; Stevens, V. J. (2017). Adult obesity management in primary care, 2008-2013. Preventive medicine, 99, 128–133. https://doi.org/10.1016/j.ypmed.2017.02.020"
                xsi:type="ED"/>
      </measureAttribute>
   </subjectOf>
   <subjectOf>
      <measureAttribute>
         <code code="REF" codeSystem="2.16.840.1.113883.5.4">
            <displayName value="Reference"/>
         </code>
         <value mediaType="text/plain"
                value="CITATIONFlegal, K. M., Carroll, M. D., Kit, B. K., &amp; Ogden, C. L. (2012). Prevalence of obesity and trends in the distribution of body mass index among U. S. adults, 1999-2010. JAMA, 307(5), 491-497. doi.10.1001/jama.2012.39"
                xsi:type="ED"/>
      </measureAttribute>
   </subjectOf>
   <subjectOf>
      <measureAttribute>
         <code code="REF" codeSystem="2.16.840.1.113883.5.4">
            <displayName value="Reference"/>
         </code>
         <value mediaType="text/plain"
                value="CITATIONFryar, C. D., &amp; Ogden, C. L. (2012). Prevalence of underweight among adults aged 20 and over: United States, 1960-1962 through 2007-2010. Hyattsville, MD: NCHS, Division of Health and Nutrition Examination Surveys. Retrieved from http://www.cdc.gov/nchs/data/hestat/underweight_adult_07_10/underweight_adult_07_10.pdf"
                xsi:type="ED"/>
      </measureAttribute>
   </subjectOf>
   <subjectOf>
      <measureAttribute>
         <code code="REF" codeSystem="2.16.840.1.113883.5.4">
            <displayName value="Reference"/>
         </code>
         <value mediaType="text/plain"
                value="CITATIONGarvey, W. T., Mechanick, J. I., Brett, E. M., Garber, A. J., Hurley, D. L., Jastrebodd. A. M., …and Reviewers of the AACE/ACE Obesity Clinical Practice Guidelines. (2016). American Association of Clinical Endocrinologists and American College of Endocrinology Comprehensive clinical practice guidelines for medical care of patients with obesity. Endocrine Practice, 22(Suppl. 3), 1-203. https://doi.org/10.4158/EP161365.GL"
                xsi:type="ED"/>
      </measureAttribute>
   </subjectOf>
   <subjectOf>
      <measureAttribute>
         <code code="REF" codeSystem="2.16.840.1.113883.5.4">
            <displayName value="Reference"/>
         </code>
         <value mediaType="text/plain"
                value="CITATIONHales, C. M., Carroll, M. D., Fryar, C. D., et al. (2017). Prevalence of obesity among adults and youth: United States, 2015-2016. NCHS Data Brief No. 288. Retrieved from https://www.cdc.gov/nchs/products/databriefs/db288.htm"
                xsi:type="ED"/>
      </measureAttribute>
   </subjectOf>
   <subjectOf>
      <measureAttribute>
         <code code="REF" codeSystem="2.16.840.1.113883.5.4">
            <displayName value="Reference"/>
         </code>
         <value mediaType="text/plain"
                value="CITATIONHales, C. M., Carroll, M. D., Fryar, C. D., &amp; Ogden, C.L. (2020). Prevalence of Obesity and Severe Obesity Among Adults: United States, 2017-2018. NCHS Data Brief No. 360. Retrieved from https://www.cdc.gov/nchs/products/databriefs/db360.htm"
                xsi:type="ED"/>
      </measureAttribute>
   </subjectOf>
   <subjectOf>
      <measureAttribute>
         <code code="REF" codeSystem="2.16.840.1.113883.5.4">
            <displayName value="Reference"/>
         </code>
         <value mediaType="text/plain"
                value="CITATIONHolme, I., &amp; Tonstad, S. (2015). Survival in elderly men in relation to midlife and current BMI. Age and Ageing, 44(3), 434-439"
                xsi:type="ED"/>
      </measureAttribute>
   </subjectOf>
   <subjectOf>
      <measureAttribute>
         <code code="REF" codeSystem="2.16.840.1.113883.5.4">
            <displayName value="Reference"/>
         </code>
         <value mediaType="text/plain"
                value="CITATIONKraschnewski, J. L., Sciamanna, C. N., Stuckey, H. L., Chuang, C. H., Lehman, E. B., Hwang, K. O., Sherwood, L. L., &amp; Nembhard, H. B. (2013). A silent response to the obesity epidemic: decline in US physician weight counseling. Medical care, 51(2), 186–192. https://doi.org/10.1097/MLR.0b013e3182726c33"
                xsi:type="ED"/>
      </measureAttribute>
   </subjectOf>
   <subjectOf>
      <measureAttribute>
         <code code="REF" codeSystem="2.16.840.1.113883.5.4">
            <displayName value="Reference"/>
         </code>
         <value mediaType="text/plain"
                value="CITATIONLeBlanc, E., O’Connor, E., Whitlock, E. P., et al. (2011). Screening for and management of obesity and overweight in adults (Evidence Report No. 89; AHRQ Publication No. 11-05159-EF-1). Rockville, MD: Agency for Healthcare Research and Quality"
                xsi:type="ED"/>
      </measureAttribute>
   </subjectOf>
   <subjectOf>
      <measureAttribute>
         <code code="REF" codeSystem="2.16.840.1.113883.5.4">
            <displayName value="Reference"/>
         </code>
         <value mediaType="text/plain"
                value="CITATIONNHLBI Obesity Education Initiative. (1998). Clinical guidelines on the identification, evaluation, and treatment of overweight and obesity in adults (Report No. 98-4083). Bethesda, MD: NHLBI"
                xsi:type="ED"/>
      </measureAttribute>
   </subjectOf>
   <subjectOf>
      <measureAttribute>
         <code code="REF" codeSystem="2.16.840.1.113883.5.4">
            <displayName value="Reference"/>
         </code>
         <value mediaType="text/plain"
                value="CITATIONOgden, C.L., Carroll, M.D., Fryar, C.D., Flegal, K.M. (2015). Prevalence of obesity among adults and youth: United States, 2011–2014. NCHS data brief, no 219. Hyattsville, MD: National Center for Health Statistics. Retrieved from https://www.cdc.gov/nchs/data/databriefs/db219.pdf"
                xsi:type="ED"/>
      </measureAttribute>
   </subjectOf>
   <subjectOf>
      <measureAttribute>
         <code code="REF" codeSystem="2.16.840.1.113883.5.4">
            <displayName value="Reference"/>
         </code>
         <value mediaType="text/plain"
                value="CITATIONRaynor, H. A., &amp; Champagne, C. M. (2016). Position of the Academy of Nutrition and Dietetics: Interventions for the treatment of overweight and obesity in adults. Journal of the Academy of Nutrition and Dietetics, 116(1), 129-147. doi:10.1016/jand.2015.10.031"
                xsi:type="ED"/>
      </measureAttribute>
   </subjectOf>
   <subjectOf>
      <measureAttribute>
         <code code="REF" codeSystem="2.16.840.1.113883.5.4">
            <displayName value="Reference"/>
         </code>
         <value mediaType="text/plain"
                value="CITATIONTronieri, J. S., Wadden, T. A., Chao, A. M., &amp; Tsai, A. G. (2019). Primary Care Interventions for Obesity: Review of the Evidence. Current obesity reports, 8(2), 128–136. https://doi.org/10.1007/s13679-019-00341-5"
                xsi:type="ED"/>
      </measureAttribute>
   </subjectOf>
   <subjectOf>
      <measureAttribute>
         <code code="REF" codeSystem="2.16.840.1.113883.5.4">
            <displayName value="Reference"/>
         </code>
         <value mediaType="text/plain"
                value="CITATIONU.S. Preventive Services Task Force (USPSTF). (2018). Behavioral weight loss interventions to prevent obesity-related morbidity and mortality in adults: U.S. Preventive Services Task Force recommendation statement. JAMA, 320(11), 1163–1171. doi:10.1001/jama.2018.13022"
                xsi:type="ED"/>
      </measureAttribute>
   </subjectOf>
   <subjectOf>
      <measureAttribute>
         <code code="REF" codeSystem="2.16.840.1.113883.5.4">
            <displayName value="Reference"/>
         </code>
         <value mediaType="text/plain"
                value="CITATIONWadden, T. A, Butryn, M. L., Wilson, C. (2007). Lifestyle modification for the management of obesity. Gastroenterology, 132 (6), 2226-2238. doi: 10.1053/j.gastro.2007.03.051"
                xsi:type="ED"/>
      </measureAttribute>
   </subjectOf>
   <subjectOf>
      <measureAttribute>
         <code code="REF" codeSystem="2.16.840.1.113883.5.4">
            <displayName value="Reference"/>
         </code>
         <value mediaType="text/plain"
                value="CITATIONWadden, T. A., Tronieri, J. S., &amp; Butryn, M. L. (2020). Lifestyle modification approaches for the treatment of obesity in adults. American Psychologist, 75(2), 235–251"
                xsi:type="ED"/>
      </measureAttribute>
   </subjectOf>
   <subjectOf>
      <measureAttribute>
         <code code="DEF" codeSystem="2.16.840.1.113883.5.4">
            <displayName value="Definition"/>
         </code>
         <value mediaType="text/plain"
                value="Normal BMI Parameters:  Age 18 years and older BMI &gt;= 18.5 and &lt; 25 kg/m2&#xA;&#xA;BMI- Body mass index (BMI) is a number calculated using the Quetelet index: weight divided by height squared (W/H2) and is commonly used to classify weight categories. BMI can be calculated using:&#xA;&#xA;Metric Units:  BMI = Weight (kg) / (Height (m) x Height (m))    &#xA;OR             &#xA;English Units:  BMI = Weight (lbs.) / (Height (in) x Height (in)) x 703&#xA;&#xA;Follow-Up Plan - Proposed outline of treatment to be conducted as a result of a BMI out of normal parameters. A follow-up plan may include, but is not limited to: documentation of education, referral (for example a Registered Dietitian Nutritionist (RDN), occupational therapist, physical therapist, primary care provider, exercise physiologist, mental health professional, or surgeon) for lifestyle/behavioral therapy, pharmacological interventions, dietary supplements, exercise counseling and/or nutrition counseling"
                xsi:type="ED"/>
      </measureAttribute>
   </subjectOf>
   <subjectOf>
      <measureAttribute>
         <code code="GUIDE" codeSystem="2.16.840.1.113883.5.4">
            <displayName value="Guidance"/>
         </code>
         <value mediaType="text/plain"
                value="BMI Measurement Guidance:&#xA;*  Height and Weight - An eligible professional or their staff is required to measure both height and weight. Both height and weight must be measured during the measurement period. Self-reported values cannot be used.&#xA;*  The BMI may be documented in the medical record of the provider or in outside medical records obtained by the provider. &#xA;*  If the documented BMI is outside of normal parameters, then a follow-up plan is documented during the encounter or during the measurement period. &#xA;*  If more than one BMI is reported during the measurement period, and any of the documented BMI assessments is outside of normal parameters, documentation of an appropriate follow-up plan will be used to determine if performance has been met. &#xA;*  Review the exclusions and exceptions criteria to determine those patients that BMI measurement may not be appropriate or necessary. &#xA;&#xA;Follow-Up Plan Guidance: &#xA;*  The documented follow-up plan must be based on the documented BMI, outside of normal parameters, example: &quot;Patient referred to nutrition counseling for BMI above or below normal parameters.&quot; See the Definition section for examples of follow-up plan treatments.&#xA;&#xA;Variation has been noted in studies exploring optimal BMI ranges for the elderly (see Donini et al., [2012]; Holme &amp; Tonstad [2015]; Diehr et al. [2008]). Notably however, all these studies have arrived at ranges that differ from the standard range for ages 18 and older, which is &gt;=18.5 and &lt; 25 kg/m2. For instance, both Donini et al. (2012) and Holme and Tonstad (2015) reported findings that suggest that higher BMI (higher than the upper end of 25kg/m2) in the elderly may be beneficial. Similarly, worse outcomes have been associated with being underweight (at a threshold higher than 18.5 kg/m2) at age 65 (Diehr et al. 2008). Because of optimal BMI range variation recommendations from these studies, no specific optimal BMI range for the elderly is used. However, it may be appropriate to exempt certain patients from a follow-up plan by applying the exception criteria. See Denominator Exception section for examples.&#xA;&#xA;This eCQM is a patient-based measure. This measure is to be reported a minimum of once per reporting period for patients seen during the reporting period.&#xA;&#xA;This measure may be reported by eligible professionals who perform the quality actions described in the measure based on the services provided at the time of the qualifying encounter and the measure-specific denominator coding. &#xA;&#xA;Telehealth encounters are not eligible for this measure because the measure requires a clinical action that cannot be conducted via telehealth.&#xA;&#xA;This version of the eCQM uses QDM version 5.6. Please refer to the eCQI resource center (https://ecqi.healthit.gov/qdm) for more information on the QDM."
                xsi:type="ED"/>
      </measureAttribute>
   </subjectOf>
   <subjectOf>
      <measureAttribute>
         <code code="TRANF" codeSystem="2.16.840.1.113883.5.4">
            <displayName value="Transmission Format"/>
         </code>
         <value mediaType="text/plain" value="TBD" xsi:type="ED"/>
      </measureAttribute>
   </subjectOf>
   <subjectOf>
      <measureAttribute>
         <code code="IPOP" codeSystem="2.16.840.1.113883.5.4">
            <displayName value="Initial Population"/>
         </code>
         <value mediaType="text/plain"
                value="All patients aged 18 and older on the date of the encounter with at least one eligible encounter during the measurement period"
                xsi:type="ED"/>
      </measureAttribute>
   </subjectOf>
   <subjectOf>
      <measureAttribute>
         <code code="DENOM" codeSystem="2.16.840.1.113883.5.4">
            <displayName value="Denominator"/>
         </code>
         <value mediaType="text/plain" value="Equals Initial Population" xsi:type="ED"/>
      </measureAttribute>
   </subjectOf>
   <subjectOf>
      <measureAttribute>
         <code code="DENEX" codeSystem="2.16.840.1.113883.5.4">
            <displayName value="Denominator Exclusions"/>
         </code>
         <value mediaType="text/plain"
                value="Patients who are pregnant at any time during the measurement period.&#xA;&#xA;Patients receiving palliative or hospice care at any time during the measurement period."
                xsi:type="ED"/>
      </measureAttribute>
   </subjectOf>
   <subjectOf>
      <measureAttribute>
         <code code="NUMER" codeSystem="2.16.840.1.113883.5.4">
            <displayName value="Numerator"/>
         </code>
         <value mediaType="text/plain"
                value="Patients with a documented BMI during the encounter or during the measurement period, AND when the BMI is outside of normal parameters, a follow-up plan is documented during the encounter or during the measurement period"
                xsi:type="ED"/>
      </measureAttribute>
   </subjectOf>
   <subjectOf>
      <measureAttribute>
         <code code="NUMEX" codeSystem="2.16.840.1.113883.5.4">
            <displayName value="Numerator Exclusions"/>
         </code>
         <value mediaType="text/plain" value="Not Applicable" xsi:type="ED"/>
      </measureAttribute>
   </subjectOf>
   <subjectOf>
      <measureAttribute>
         <code code="DENEXCEP" codeSystem="2.16.840.1.113883.5.4">
            <displayName value="Denominator Exceptions"/>
         </code>
         <value mediaType="text/plain"
                value="Patients with a documented medical reason for not documenting BMI or for not documenting a follow-up plan for a BMI outside normal parameters (e.g., elderly patients 65 years of age or older for whom weight reduction/weight gain would complicate other underlying health conditions such as illness or physical disability, mental illness, dementia, confusion, or nutritional deficiency such as vitamin/mineral deficiency; patients in an urgent or emergent medical situation where time is of the essence and to delay treatment would jeopardize the patient’s health status).&#xA;&#xA;Patients who refuse measurement of height and/or weight."
                xsi:type="ED"/>
      </measureAttribute>
   </subjectOf>
   <subjectOf>
      <measureAttribute>
         <code code="SDE" codeSystem="2.16.840.1.113883.5.4">
            <displayName value="Supplemental Data Elements"/>
         </code>
         <value mediaType="text/plain"
                value="For every patient evaluated by this measure also identify payer, race, ethnicity, and sex"
                xsi:type="ED"/>
      </measureAttribute>
   </subjectOf>
   <componentOf>
      <qualityMeasureSet classCode="ACT">
         <id root="9a031bb8-3d9b-11e1-8634-00237d5bf174"/>
         <title value="None"/>
      </qualityMeasureSet>
   </componentOf>
   <!--Data Criteria Section-->
   <component>
      <dataCriteriaSection>
         <templateId>
            <item extension="2021-02-01" root="2.16.840.1.113883.10.20.28.2.6"/>
         </templateId>
         <code code="57025-9" codeSystem="2.16.840.1.113883.6.1"/>
         <title value="Data Criteria Section"/>
         <text/>
         <entry typeCode="DRIV">
            <localVariableName value="Payer_PatientCharacteristicPayer_d19nh"/>
            <observationCriteria classCode="OBS" moodCode="EVN">
               <templateId>
                  <item extension="2017-05-01" root="2.16.840.1.113883.10.20.28.4.58"/>
               </templateId>
               <id extension="Payer_PatientCharacteristicPayer"
                   root="84f87cf9-e2fc-412e-84a1-ca137eda5d02"/>
               <code code="48768-6" codeSystem="2.16.840.1.113883.6.1" codeSystemName="LOINC">
                  <displayName value="Payer"/>
               </code>
               <title value="Patient Characteristic Payer"/>
               <statusCode code="COMPLETED"/>
               <value valueSet="2.16.840.1.114222.4.11.3591" xsi:type="CD"/>
            </observationCriteria>
         </entry>
         <entry typeCode="DRIV">
            <localVariableName value="ONCAdministrativeSex_PatientCharacteristicSex_87NL6"/>
            <observationCriteria classCode="OBS" moodCode="EVN">
               <templateId>
                  <item extension="2017-05-01" root="2.16.840.1.113883.10.20.28.4.55"/>
               </templateId>
               <id extension="ONCAdministrativeSex_PatientCharacteristicSex"
                   root="79f35acf-8647-4ec9-8456-79e05be06667"/>
               <code code="263495000" codeSystem="2.16.840.1.113883.6.96" codeSystemName="SNOMED CT">
                  <displayName value="Gender"/>
               </code>
               <title value="Patient Characteristic Sex"/>
               <statusCode code="COMPLETED"/>
               <value valueSet="2.16.840.1.113762.1.4.1" xsi:type="CD"/>
            </observationCriteria>
         </entry>
         <entry typeCode="DRIV">
            <localVariableName value="PalliativeCareIntervention_InterventionPerformed_DICHS"/>
            <actCriteria classCode="ACT" moodCode="EVN">
               <templateId>
                  <item extension="2021-02-01" root="2.16.840.1.113883.10.20.28.4.36"/>
               </templateId>
               <id extension="PalliativeCareIntervention_InterventionPerformed"
                   root="4c1c7283-05bd-4b45-b59e-9cc76b294159"/>
               <code valueSet="2.16.840.1.113883.3.464.1003.198.12.1135"/>
               <title value="Intervention, Performed"/>
               <statusCode code="COMPLETED"/>
            </actCriteria>
         </entry>
         <entry typeCode="DRIV">
            <localVariableName value="PalliativeCareEncounter_EncounterPerformed_yicji"/>
            <encounterCriteria classCode="ENC" moodCode="EVN">
               <templateId>
                  <item extension="2021-02-01" root="2.16.840.1.113883.10.20.28.4.5"/>
               </templateId>
               <id extension="PalliativeCareEncounter_EncounterPerformed"
                   root="7d662797-a810-4f66-9362-c419d038be97"/>
               <code valueSet="2.16.840.1.113883.3.464.1003.101.12.1090"/>
               <title value="Encounter, Performed"/>
               <statusCode code="COMPLETED"/>
            </encounterCriteria>
         </entry>
         <entry typeCode="DRIV">
            <localVariableName value="EncounterInpatient_EncounterPerformed_rGFK8"/>
            <encounterCriteria classCode="ENC" moodCode="EVN">
               <templateId>
                  <item extension="2021-02-01" root="2.16.840.1.113883.10.20.28.4.5"/>
               </templateId>
               <id extension="EncounterInpatient_EncounterPerformed"
                   root="59c3933e-c568-4119-b89d-c29b7c752ef3"/>
               <code valueSet="2.16.840.1.113883.3.666.5.307"/>
               <title value="Encounter, Performed"/>
               <statusCode code="COMPLETED"/>
            </encounterCriteria>
         </entry>
         <entry typeCode="DRIV">
            <localVariableName value="OverweightorObese_Diagnosis_oBG4g"/>
            <observationCriteria classCode="OBS" moodCode="EVN">
               <templateId>
                  <item extension="2021-02-01" root="2.16.840.1.113883.10.20.28.4.110"/>
               </templateId>
               <id extension="OverweightorObese_Diagnosis"
                   root="de4218bc-cc2b-4ba2-a5f4-a4f8a406f24a"/>
               <code code="282291009" codeSystem="2.16.840.1.113883.6.96" codeSystemName="SNOMED CT">
                  <displayName value="Diagnosis"/>
               </code>
               <title value="Diagnosis"/>
               <statusCode code="COMPLETED"/>
               <value valueSet="2.16.840.1.113762.1.4.1047.502" xsi:type="CD"/>
            </observationCriteria>
         </entry>
         <entry typeCode="DRIV">
            <localVariableName value="MedicationsforAboveNormalBMI_MedicationNotOrdered_8JXzY"/>
            <substanceAdministrationCriteria actionNegationInd="TRUE" classCode="SBADM" moodCode="RQO">
               <templateId>
                  <item extension="2021-02-01" root="2.16.840.1.113883.10.20.28.4.51"/>
               </templateId>
               <id extension="MedicationsforAboveNormalBMI_MedicationNotOrdered"
                   root="85b9efdc-82b1-40c7-a16d-69d9da13360b"/>
               <title value="Medication, Not Ordered"/>
               <statusCode code="ACTIVE"/>
			            <participation typeCode="CSM">
                  <role classCode="MANU">
                     <playingMaterial classCode="MMAT" determinerCode="KIND">
                        <code valueSet="2.16.840.1.113883.3.526.3.1561"/>
                     </playingMaterial>
                  </role>
               </participation>
		          </substanceAdministrationCriteria>
         </entry>
         <entry typeCode="DRIV">
            <localVariableName value="MedicationsforAboveNormalBMI_MedicationOrder_JXvkR"/>
            <substanceAdministrationCriteria classCode="SBADM" moodCode="RQO">
               <templateId>
                  <item extension="2021-02-01" root="2.16.840.1.113883.10.20.28.4.51"/>
               </templateId>
               <id extension="MedicationsforAboveNormalBMI_MedicationOrder"
                   root="85b9efdc-82b1-40c7-a16d-69d9da13360b"/>
               <title value="Medication, Order"/>
               <statusCode code="ACTIVE"/>
			            <participation typeCode="CSM">
                  <role classCode="MANU">
                     <playingMaterial classCode="MMAT" determinerCode="KIND">
                        <code valueSet="2.16.840.1.113883.3.526.3.1561"/>
                     </playingMaterial>
                  </role>
               </participation>
		          </substanceAdministrationCriteria>
         </entry>
         <entry typeCode="DRIV">
            <localVariableName value="PregnancyorOtherRelatedDiagnoses_Diagnosis_7tc0O"/>
            <observationCriteria classCode="OBS" moodCode="EVN">
               <templateId>
                  <item extension="2021-02-01" root="2.16.840.1.113883.10.20.28.4.110"/>
               </templateId>
               <id extension="PregnancyorOtherRelatedDiagnoses_Diagnosis"
                   root="82ee5fd8-40fb-4e56-88ad-006e3aa88b69"/>
               <code code="282291009" codeSystem="2.16.840.1.113883.6.96" codeSystemName="SNOMED CT">
                  <displayName value="Diagnosis"/>
               </code>
               <title value="Diagnosis"/>
               <statusCode code="COMPLETED"/>
               <value valueSet="2.16.840.1.113883.3.600.1.1623" xsi:type="CD"/>
            </observationCriteria>
         </entry>
         <entry typeCode="DRIV">
            <localVariableName value="HospiceCareAmbulatory_InterventionOrder_YiXxJ"/>
            <actCriteria classCode="ACT" moodCode="RQO">
               <templateId>
                  <item extension="2021-02-01" root="2.16.840.1.113883.10.20.28.4.35"/>
               </templateId>
               <id extension="HospiceCareAmbulatory_InterventionOrder"
                   root="1a2e5eaf-2061-42da-a70b-5906364289a2"/>
               <code valueSet="2.16.840.1.113883.3.526.3.1584"/>
               <title value="Intervention, Order"/>
               <statusCode code="ACTIVE"/>
            </actCriteria>
         </entry>
         <entry typeCode="DRIV">
            <localVariableName value="HospiceCareAmbulatory_InterventionPerformed_EVhck"/>
            <actCriteria classCode="ACT" moodCode="EVN">
               <templateId>
                  <item extension="2021-02-01" root="2.16.840.1.113883.10.20.28.4.36"/>
               </templateId>
               <id extension="HospiceCareAmbulatory_InterventionPerformed"
                   root="1a2e5eaf-2061-42da-a70b-5906364289a2"/>
               <code valueSet="2.16.840.1.113883.3.526.3.1584"/>
               <title value="Intervention, Performed"/>
               <statusCode code="COMPLETED"/>
            </actCriteria>
         </entry>
         <entry typeCode="DRIV">
            <localVariableName value="Ethnicity_PatientCharacteristicEthnicity_5qC2I"/>
            <observationCriteria classCode="OBS" moodCode="EVN">
               <templateId>
                  <item extension="2017-05-01" root="2.16.840.1.113883.10.20.28.4.56"/>
               </templateId>
               <id extension="Ethnicity_PatientCharacteristicEthnicity"
                   root="03071542-80d3-4ab5-b3ef-1f5c9a4c7f07"/>
               <code code="54133-4" codeSystem="2.16.840.1.113883.6.1" codeSystemName="LOINC">
                  <displayName value="Ethnicity"/>
               </code>
               <title value="Patient Characteristic Ethnicity"/>
               <statusCode code="COMPLETED"/>
               <value valueSet="2.16.840.1.114222.4.11.837" xsi:type="CD"/>
            </observationCriteria>
         </entry>
         <entry typeCode="DRIV">
            <localVariableName value="EncountertoEvaluateBMI_EncounterPerformed_KDPE0"/>
            <encounterCriteria classCode="ENC" moodCode="EVN">
               <templateId>
                  <item extension="2021-02-01" root="2.16.840.1.113883.10.20.28.4.5"/>
               </templateId>
               <id extension="EncountertoEvaluateBMI_EncounterPerformed"
                   root="6080e2c9-ab66-414a-ae50-2179d25a1d52"/>
               <code valueSet="2.16.840.1.113883.3.600.1.1751"/>
               <title value="Encounter, Performed"/>
               <statusCode code="COMPLETED"/>
            </encounterCriteria>
         </entry>
         <entry typeCode="DRIV">
            <localVariableName value="HospiceEncounter_EncounterPerformed_NmHNc"/>
            <encounterCriteria classCode="ENC" moodCode="EVN">
               <templateId>
                  <item extension="2021-02-01" root="2.16.840.1.113883.10.20.28.4.5"/>
               </templateId>
               <id extension="HospiceEncounter_EncounterPerformed"
                   root="93a22f5a-a867-4e89-bb6d-f087930fc43b"/>
               <code valueSet="2.16.840.1.113883.3.464.1003.1003"/>
               <title value="Encounter, Performed"/>
               <statusCode code="COMPLETED"/>
            </encounterCriteria>
         </entry>
         <entry typeCode="DRIV">
            <localVariableName value="Underweight_Diagnosis_q5Nvm"/>
            <observationCriteria classCode="OBS" moodCode="EVN">
               <templateId>
                  <item extension="2021-02-01" root="2.16.840.1.113883.10.20.28.4.110"/>
               </templateId>
               <id extension="Underweight_Diagnosis" root="2a9eb85f-4c96-46b6-8d49-65d83d22e60c"/>
               <code code="282291009" codeSystem="2.16.840.1.113883.6.96" codeSystemName="SNOMED CT">
                  <displayName value="Diagnosis"/>
               </code>
               <title value="Diagnosis"/>
               <statusCode code="COMPLETED"/>
               <value valueSet="2.16.840.1.113883.3.526.3.1563" xsi:type="CD"/>
            </observationCriteria>
         </entry>
         <entry typeCode="DRIV">
            <localVariableName value="Race_PatientCharacteristicRace_RZnLA"/>
            <observationCriteria classCode="OBS" moodCode="EVN">
               <templateId>
                  <item extension="2017-05-01" root="2.16.840.1.113883.10.20.28.4.59"/>
               </templateId>
               <id extension="Race_PatientCharacteristicRace"
                   root="3e217584-2c99-45f4-a2d5-ea048925bd62"/>
               <code code="32624-9" codeSystem="2.16.840.1.113883.6.1" codeSystemName="LOINC">
                  <displayName value="Race"/>
               </code>
               <title value="Patient Characteristic Race"/>
               <statusCode code="COMPLETED"/>
               <value valueSet="2.16.840.1.114222.4.11.836" xsi:type="CD"/>
            </observationCriteria>
         </entry>
         <entry typeCode="DRIV">
            <localVariableName value="ReferralsWhereWeightAssessmentMayOccur_InterventionNotOrdered_XLfHL"/>
            <actCriteria actionNegationInd="TRUE" classCode="ACT" moodCode="RQO">
               <templateId>
                  <item extension="2021-02-01" root="2.16.840.1.113883.10.20.28.4.35"/>
               </templateId>
               <id extension="ReferralsWhereWeightAssessmentMayOccur_InterventionNotOrdered"
                   root="74de7ca4-e8a0-46a9-9979-c0f0e13026a4"/>
               <code valueSet="2.16.840.1.113883.3.600.1.1527"/>
               <title value="Intervention, Not Ordered"/>
               <statusCode code="ACTIVE"/>
            </actCriteria>
         </entry>
         <entry typeCode="DRIV">
            <localVariableName value="ReferralsWhereWeightAssessmentMayOccur_InterventionOrder_GfYdF"/>
            <actCriteria classCode="ACT" moodCode="RQO">
               <templateId>
                  <item extension="2021-02-01" root="2.16.840.1.113883.10.20.28.4.35"/>
               </templateId>
               <id extension="ReferralsWhereWeightAssessmentMayOccur_InterventionOrder"
                   root="74de7ca4-e8a0-46a9-9979-c0f0e13026a4"/>
               <code valueSet="2.16.840.1.113883.3.600.1.1527"/>
               <title value="Intervention, Order"/>
               <statusCode code="ACTIVE"/>
            </actCriteria>
         </entry>
         <entry typeCode="DRIV">
            <localVariableName value="MedicationsforBelowNormalBMI_MedicationNotOrdered_EQSRL"/>
            <substanceAdministrationCriteria actionNegationInd="TRUE" classCode="SBADM" moodCode="RQO">
               <templateId>
                  <item extension="2021-02-01" root="2.16.840.1.113883.10.20.28.4.51"/>
               </templateId>
               <id extension="MedicationsforBelowNormalBMI_MedicationNotOrdered"
                   root="b579074f-8e10-4cb1-86d8-c2c49a415c3c"/>
               <title value="Medication, Not Ordered"/>
               <statusCode code="ACTIVE"/>
			            <participation typeCode="CSM">
                  <role classCode="MANU">
                     <playingMaterial classCode="MMAT" determinerCode="KIND">
                        <code valueSet="2.16.840.1.113883.3.526.3.1562"/>
                     </playingMaterial>
                  </role>
               </participation>
		          </substanceAdministrationCriteria>
         </entry>
         <entry typeCode="DRIV">
            <localVariableName value="MedicationsforBelowNormalBMI_MedicationOrder_ymWu2"/>
            <substanceAdministrationCriteria classCode="SBADM" moodCode="RQO">
               <templateId>
                  <item extension="2021-02-01" root="2.16.840.1.113883.10.20.28.4.51"/>
               </templateId>
               <id extension="MedicationsforBelowNormalBMI_MedicationOrder"
                   root="b579074f-8e10-4cb1-86d8-c2c49a415c3c"/>
               <title value="Medication, Order"/>
               <statusCode code="ACTIVE"/>
			            <participation typeCode="CSM">
                  <role classCode="MANU">
                     <playingMaterial classCode="MMAT" determinerCode="KIND">
                        <code valueSet="2.16.840.1.113883.3.526.3.1562"/>
                     </playingMaterial>
                  </role>
               </participation>
		          </substanceAdministrationCriteria>
         </entry>
         <entry typeCode="DRIV">
            <localVariableName value="FollowUpforAboveNormalBMI_InterventionPerformed_PwStm"/>
            <actCriteria classCode="ACT" moodCode="EVN">
               <templateId>
                  <item extension="2021-02-01" root="2.16.840.1.113883.10.20.28.4.36"/>
               </templateId>
               <id extension="FollowUpforAboveNormalBMI_InterventionPerformed"
                   root="40280381-3e93-d1af-013e-d6e2b78f1530"/>
               <code valueSet="2.16.840.1.113883.3.600.1.1525"/>
               <title value="Intervention, Performed"/>
               <statusCode code="COMPLETED"/>
            </actCriteria>
         </entry>
         <entry typeCode="DRIV">
            <localVariableName value="FollowUpforAboveNormalBMI_InterventionNotOrdered_nWy0W"/>
            <actCriteria actionNegationInd="TRUE" classCode="ACT" moodCode="RQO">
               <templateId>
                  <item extension="2021-02-01" root="2.16.840.1.113883.10.20.28.4.35"/>
               </templateId>
               <id extension="FollowUpforAboveNormalBMI_InterventionNotOrdered"
                   root="40280381-3e93-d1af-013e-d6e2b78f1530"/>
               <code valueSet="2.16.840.1.113883.3.600.1.1525"/>
               <title value="Intervention, Not Ordered"/>
               <statusCode code="ACTIVE"/>
            </actCriteria>
         </entry>
         <entry typeCode="DRIV">
            <localVariableName value="FollowUpforAboveNormalBMI_InterventionNotPerformed_kJDdy"/>
            <actCriteria actionNegationInd="TRUE" classCode="ACT" moodCode="EVN">
               <templateId>
                  <item extension="2021-02-01" root="2.16.840.1.113883.10.20.28.4.36"/>
               </templateId>
               <id extension="FollowUpforAboveNormalBMI_InterventionNotPerformed"
                   root="40280381-3e93-d1af-013e-d6e2b78f1530"/>
               <code valueSet="2.16.840.1.113883.3.600.1.1525"/>
               <title value="Intervention, Not Performed"/>
               <statusCode code="COMPLETED"/>
            </actCriteria>
         </entry>
         <entry typeCode="DRIV">
            <localVariableName value="FollowUpforAboveNormalBMI_InterventionOrder_alror"/>
            <actCriteria classCode="ACT" moodCode="RQO">
               <templateId>
                  <item extension="2021-02-01" root="2.16.840.1.113883.10.20.28.4.35"/>
               </templateId>
               <id extension="FollowUpforAboveNormalBMI_InterventionOrder"
                   root="40280381-3e93-d1af-013e-d6e2b78f1530"/>
               <code valueSet="2.16.840.1.113883.3.600.1.1525"/>
               <title value="Intervention, Order"/>
               <statusCode code="ACTIVE"/>
            </actCriteria>
         </entry>
         <entry typeCode="DRIV">
            <localVariableName value="FollowUpforBelowNormalBMI_InterventionNotOrdered_E9F99"/>
            <actCriteria actionNegationInd="TRUE" classCode="ACT" moodCode="RQO">
               <templateId>
                  <item extension="2021-02-01" root="2.16.840.1.113883.10.20.28.4.35"/>
               </templateId>
               <id extension="FollowUpforBelowNormalBMI_InterventionNotOrdered"
                   root="40280381-3e93-d1af-013e-d6e2b78f1532"/>
               <code valueSet="2.16.840.1.113883.3.600.1.1528"/>
               <title value="Intervention, Not Ordered"/>
               <statusCode code="ACTIVE"/>
            </actCriteria>
         </entry>
         <entry typeCode="DRIV">
            <localVariableName value="FollowUpforBelowNormalBMI_InterventionNotPerformed_srLSl"/>
            <actCriteria actionNegationInd="TRUE" classCode="ACT" moodCode="EVN">
               <templateId>
                  <item extension="2021-02-01" root="2.16.840.1.113883.10.20.28.4.36"/>
               </templateId>
               <id extension="FollowUpforBelowNormalBMI_InterventionNotPerformed"
                   root="40280381-3e93-d1af-013e-d6e2b78f1532"/>
               <code valueSet="2.16.840.1.113883.3.600.1.1528"/>
               <title value="Intervention, Not Performed"/>
               <statusCode code="COMPLETED"/>
            </actCriteria>
         </entry>
         <entry typeCode="DRIV">
            <localVariableName value="FollowUpforBelowNormalBMI_InterventionPerformed_rhjfM"/>
            <actCriteria classCode="ACT" moodCode="EVN">
               <templateId>
                  <item extension="2021-02-01" root="2.16.840.1.113883.10.20.28.4.36"/>
               </templateId>
               <id extension="FollowUpforBelowNormalBMI_InterventionPerformed"
                   root="40280381-3e93-d1af-013e-d6e2b78f1532"/>
               <code valueSet="2.16.840.1.113883.3.600.1.1528"/>
               <title value="Intervention, Performed"/>
               <statusCode code="COMPLETED"/>
            </actCriteria>
         </entry>
         <entry typeCode="DRIV">
            <localVariableName value="FollowUpforBelowNormalBMI_InterventionOrder_uzDX1"/>
            <actCriteria classCode="ACT" moodCode="RQO">
               <templateId>
                  <item extension="2021-02-01" root="2.16.840.1.113883.10.20.28.4.35"/>
               </templateId>
               <id extension="FollowUpforBelowNormalBMI_InterventionOrder"
                   root="40280381-3e93-d1af-013e-d6e2b78f1532"/>
               <code valueSet="2.16.840.1.113883.3.600.1.1528"/>
               <title value="Intervention, Order"/>
               <statusCode code="ACTIVE"/>
            </actCriteria>
         </entry>
         <entry typeCode="DRIV">
            <observationCriteria classCode="OBS" moodCode="EVN">
               <templateId>
                  <item extension="2021-02-01" root="2.16.840.1.113883.10.20.28.4.110"/>
               </templateId>
               <id extension="Z51.5_Diagnosis" root="02E67A72-FC22-45C8-96FD-86DCEDB81B1E"/>
               <code code="282291009" codeSystem="2.16.840.1.113883.6.96" codeSystemName="SNOMED CT">
                  <displayName value="Diagnosis"/>
               </code>
               <title value="Diagnosis"/>
               <statusCode code="COMPLETED"/>
               <value code="Z51.5" codeSystem="2.16.840.1.113883.6.90" codeSystemName="ICD10CM"
                      xsi:type="CD"/>
            </observationCriteria>
         </entry>
         <entry typeCode="DRIV">
            <observationCriteria classCode="OBS" moodCode="EVN">
               <templateId>
                  <item extension="2021-02-01" root="2.16.840.1.113883.10.20.28.4.117"/>
               </templateId>
               <id extension="71007-9_AssessmentPerformed"
                   root="5546609A-888F-4959-A81B-BE61C036E694"/>
               <code code="71007-9" codeSystem="2.16.840.1.113883.6.1" codeSystemName="LOINC"/>
               <title value="Assessment, Performed"/>
               <statusCode code="COMPLETED"/>
            </observationCriteria>
         </entry>
         <entry typeCode="DRIV">
            <observationCriteria classCode="OBS" moodCode="EVN">
               <templateId>
                  <item extension="2021-02-01" root="2.16.840.1.113883.10.20.28.4.117"/>
               </templateId>
               <id extension="45755-6_AssessmentPerformed"
                   root="84CBB061-9183-4C8C-9533-B353F24B36F7"/>
               <code code="45755-6" codeSystem="2.16.840.1.113883.6.1" codeSystemName="LOINC"/>
               <title value="Assessment, Performed"/>
               <statusCode code="COMPLETED"/>
            </observationCriteria>
         </entry>
         <entry typeCode="DRIV">
            <observationCriteria classCode="OBS" moodCode="EVN">
               <templateId>
                  <item extension="2021-02-01" root="2.16.840.1.113883.10.20.28.4.62"/>
               </templateId>
               <id extension="39156-5_PhysicalExamPerformed"
                   root="E4CBC4C5-11D3-48AD-B610-625228A6C00B"/>
               <code code="5880005" codeSystem="2.16.840.1.113883.6.96" codeSystemName="SNOMED CT">
                  <displayName value="physical examination"/>
               </code>
               <title value="Physical Exam, Performed"/>
               <statusCode code="COMPLETED"/>
               <value code="39156-5" codeSystem="2.16.840.1.113883.6.1" codeSystemName="LOINC"
                      xsi:type="CD"/>
            </observationCriteria>
         </entry>
         <entry typeCode="DRIV">
            <observationCriteria actionNegationInd="TRUE" classCode="OBS" moodCode="EVN">
               <templateId>
                  <item extension="2021-02-01" root="2.16.840.1.113883.10.20.28.4.62"/>
               </templateId>
               <id extension="39156-5_PhysicalExamNotPerformed"
                   root="EE5B72B7-30D9-4D9E-B455-DDB506BD4B3C"/>
               <code code="5880005" codeSystem="2.16.840.1.113883.6.96" codeSystemName="SNOMED CT">
                  <displayName value="physical examination"/>
               </code>
               <title value="Physical Exam, Not Performed"/>
               <statusCode code="COMPLETED"/>
               <value code="39156-5" codeSystem="2.16.840.1.113883.6.1" codeSystemName="LOINC"
                      xsi:type="CD"/>
            </observationCriteria>
         </entry>
      </dataCriteriaSection>
   </component>
   <component>
      <populationCriteriaSection>
         <templateId>
            <item extension="2017-08-01" root="2.16.840.1.113883.10.20.28.2.7"/>
         </templateId>
         <id extension="PopulationCriteria1" root="B26870E5-AEC5-4673-9C2B-F90B12180362"/>
         <code code="57026-7" codeSystem="2.16.840.1.113883.6.1"/>
         <title value="Population Criteria Section"/>
         <text/>
         <component typeCode="COMP">
            <initialPopulationCriteria classCode="OBS" moodCode="EVN">
               <id extension="initialPopulation" root="ECEB0BD8-FF04-4ECE-8674-0AF4A3FB5CA9"/>
               <code code="IPOP" codeSystem="2.16.840.1.113883.5.4" codeSystemName="Act Code"/>
               <precondition typeCode="PRCN">
                  <criteriaReference classCode="OBS" moodCode="EVN">
                     <id extension="PCSBMIScreenAndFollowUp.&quot;Initial Population&quot;"
                         root="D37145B2-D489-43A4-9366-594C18B32C3A"/>
                  </criteriaReference>
               </precondition>
            </initialPopulationCriteria>
         </component>
         <component typeCode="COMP">
            <denominatorCriteria classCode="OBS" moodCode="EVN">
               <id extension="denominator" root="FAB66FEA-6008-423B-A3C2-FBE727361CC3"/>
               <code code="DENOM" codeSystem="2.16.840.1.113883.5.4" codeSystemName="Act Code"/>
               <precondition typeCode="PRCN">
                  <criteriaReference classCode="OBS" moodCode="EVN">
                     <id extension="PCSBMIScreenAndFollowUp.&quot;Denominator&quot;"
                         root="D37145B2-D489-43A4-9366-594C18B32C3A"/>
                  </criteriaReference>
               </precondition>
            </denominatorCriteria>
         </component>
         <component typeCode="COMP">
            <denominatorExclusionCriteria classCode="OBS" moodCode="EVN">
               <id extension="denominatorExclusions" root="49AC7D10-7463-431E-BDA6-D934E841F426"/>
               <code code="DENEX" codeSystem="2.16.840.1.113883.5.4" codeSystemName="Act Code"/>
               <precondition typeCode="PRCN">
                  <criteriaReference classCode="OBS" moodCode="EVN">
                     <id extension="PCSBMIScreenAndFollowUp.&quot;Denominator Exclusions&quot;"
                         root="D37145B2-D489-43A4-9366-594C18B32C3A"/>
                  </criteriaReference>
               </precondition>
            </denominatorExclusionCriteria>
         </component>
         <component typeCode="COMP">
            <denominatorExceptionCriteria classCode="OBS" moodCode="EVN">
               <id extension="denominatorExceptions" root="19CB93F3-2532-4C7D-BC60-593589929D89"/>
               <code code="DENEXCEP" codeSystem="2.16.840.1.113883.5.4" codeSystemName="Act Code"/>
               <precondition typeCode="PRCN">
                  <criteriaReference classCode="OBS" moodCode="EVN">
                     <id extension="PCSBMIScreenAndFollowUp.&quot;Denominator Exceptions&quot;"
                         root="D37145B2-D489-43A4-9366-594C18B32C3A"/>
                  </criteriaReference>
               </precondition>
            </denominatorExceptionCriteria>
         </component>
         <component typeCode="COMP">
            <numeratorCriteria classCode="OBS" moodCode="EVN">
               <id extension="numerator" root="9B735D8D-3813-4887-A324-9F6B48BDC63C"/>
               <code code="NUMER" codeSystem="2.16.840.1.113883.5.4" codeSystemName="Act Code"/>
               <precondition typeCode="PRCN">
                  <criteriaReference classCode="OBS" moodCode="EVN">
                     <id extension="PCSBMIScreenAndFollowUp.&quot;Numerator&quot;"
                         root="D37145B2-D489-43A4-9366-594C18B32C3A"/>
                  </criteriaReference>
               </precondition>
            </numeratorCriteria>
         </component>
         <component typeCode="COMP">
            <cql-ext:supplementalDataElement>
               <id extension="Supplemental Data Elements"
                   root="DA3CC590-5BF1-4A24-992D-014C6D5EE9CC"/>
               <code code="SDE" codeSystem="2.16.840.1.113883.5.4" codeSystemName="Act Code"/>
               <precondition typeCode="PRCN">
                  <criteriaReference classCode="OBS" moodCode="EVN">
                     <id extension="PCSBMIScreenAndFollowUp.&quot;SDE Ethnicity&quot;"
                         root="D37145B2-D489-43A4-9366-594C18B32C3A"/>
                  </criteriaReference>
               </precondition>
            </cql-ext:supplementalDataElement>
         </component>
         <component typeCode="COMP">
            <cql-ext:supplementalDataElement>
               <id extension="Supplemental Data Elements"
                   root="39E0486E-0F9E-4BBE-96C7-EE87E60FE823"/>
               <code code="SDE" codeSystem="2.16.840.1.113883.5.4" codeSystemName="Act Code"/>
               <precondition typeCode="PRCN">
                  <criteriaReference classCode="OBS" moodCode="EVN">
                     <id extension="PCSBMIScreenAndFollowUp.&quot;SDE Payer&quot;"
                         root="D37145B2-D489-43A4-9366-594C18B32C3A"/>
                  </criteriaReference>
               </precondition>
            </cql-ext:supplementalDataElement>
         </component>
         <component typeCode="COMP">
            <cql-ext:supplementalDataElement>
               <id extension="Supplemental Data Elements"
                   root="D34969B2-C186-4C66-9ABE-8F4F24195998"/>
               <code code="SDE" codeSystem="2.16.840.1.113883.5.4" codeSystemName="Act Code"/>
               <precondition typeCode="PRCN">
                  <criteriaReference classCode="OBS" moodCode="EVN">
                     <id extension="PCSBMIScreenAndFollowUp.&quot;SDE Race&quot;"
                         root="D37145B2-D489-43A4-9366-594C18B32C3A"/>
                  </criteriaReference>
               </precondition>
            </cql-ext:supplementalDataElement>
         </component>
         <component typeCode="COMP">
            <cql-ext:supplementalDataElement>
               <id extension="Supplemental Data Elements"
                   root="74C96E67-78A3-485F-A050-65E7885B6770"/>
               <code code="SDE" codeSystem="2.16.840.1.113883.5.4" codeSystemName="Act Code"/>
               <precondition typeCode="PRCN">
                  <criteriaReference classCode="OBS" moodCode="EVN">
                     <id extension="PCSBMIScreenAndFollowUp.&quot;SDE Sex&quot;"
                         root="D37145B2-D489-43A4-9366-594C18B32C3A"/>
                  </criteriaReference>
               </precondition>
            </cql-ext:supplementalDataElement>
         </component>
      </populationCriteriaSection>
   </component>
</QualityMeasureDocument>