<?xml version="1.0" encoding="UTF-8" standalone="yes"?>
<QualityMeasureDocument xmlns="urn:hl7-org:v3"
                        xmlns:cql-ext="urn:hhs-cql:hqmf-n1-extensions:v1"
                        xmlns:xsi="http://www.w3.org/2001/XMLSchema-instance">

      <!--
            **************************************************************
            Measure Details Section
            **************************************************************
        -->
   <typeId extension="POQM_HD000001UV02" root="2.16.840.1.113883.1.3"/>
   <templateId>
      <item extension="2021-02-01" root="2.16.840.1.113883.10.20.28.1.2"/>
   </templateId>
   <id root="b27bda13-a788-4e37-a0f8-f40252fda2ba"/>
   <code code="57024-2" codeSystem="2.16.840.1.113883.6.1">
      <displayName value="Health Quality Measure Document"/>
   </code>
   <title
          value="Core Clinical Data Elements for the Hybrid Hospital-Wide Readmission Measure with Claims and Electronic Health Record Data - HWR"/>
   <text
         value="This logic is intended to extract electronic clinical data. This is not an electronic clinical quality measure and this logic will not produce measure results. Instead, it will produce a file containing the data that CMS will link with administrative claims to risk adjust the Hybrid HWR outcome measure. It is designed to extract the first resulted set of vital signs and basic laboratory results obtained from hospitalizations for adult Medicare Fee-For-Service (FFS) and Medicare Advantage (MA) patients admitted to acute care hospitals."/>
   <statusCode code="COMPLETED"/>
   <setId root="fa75de85-a934-45d7-a2f7-c700a756078b"/>
   <versionNumber value="6.2.000"/>
   <author>
      <responsibleParty classCode="ASSIGNED">
         <representedResponsibleOrganization classCode="ORG" determinerCode="INSTANCE">
            <id>
               <item root="2.16.840.1.113883.3.1240"/>
            </id>
            <name>
               <item>
                  <part value="Mathematica"/>
               </item>
            </name>
         </representedResponsibleOrganization>
      </responsibleParty>
   </author>
   <author>
      <responsibleParty classCode="ASSIGNED">
         <representedResponsibleOrganization classCode="ORG" determinerCode="INSTANCE">
            <id>
               <item root="88a7ab8e-b92d-11e4-a71e-12e3f512a338"/>
            </id>
            <name>
               <item>
                  <part value="Yale New Haven Health Service Corporation/ Center for Outcomes Research and Evaluation"/>
               </item>
            </name>
         </representedResponsibleOrganization>
      </responsibleParty>
   </author>
   <custodian>
      <responsibleParty classCode="ASSIGNED">
         <representedResponsibleOrganization classCode="ORG" determinerCode="INSTANCE">
            <id>
               <item root="9048cd4c-b61b-11e4-a71e-12e3f512a338"/>
            </id>
            <name>
               <item>
                  <part value="Centers for Medicare &amp; Medicaid Services (CMS)"/>
               </item>
            </name>
         </representedResponsibleOrganization>
      </responsibleParty>
   </custodian>
   <!--Race-->
   <definition>
      <valueSet classCode="OBS" moodCode="DEF">
         <id root="2.16.840.1.114222.4.11.836"/>
         <title value="Race"/>
      </valueSet>
   </definition>
   <!--Non Invasive Oxygen Therapy Device Codes-->
   <definition>
      <valueSet classCode="OBS" moodCode="DEF">
         <id root="2.16.840.1.113762.1.4.1170.57"/>
         <title value="Non Invasive Oxygen Therapy Device Codes"/>
      </valueSet>
   </definition>
   <!--Outpatient Surgery Service-->
   <definition>
      <valueSet classCode="OBS" moodCode="DEF">
         <id root="2.16.840.1.113762.1.4.1110.38"/>
         <title value="Outpatient Surgery Service"/>
      </valueSet>
   </definition>
   <!--Federal Administrative Sex-->
   <definition>
      <valueSet classCode="OBS" moodCode="DEF">
         <id root="2.16.840.1.113762.1.4.1021.121"/>
         <title value="Federal Administrative Sex"/>
      </valueSet>
   </definition>
   <!--Respiratory Rate-->
   <definition>
      <valueSet classCode="OBS" moodCode="DEF">
         <id root="2.16.840.1.113762.1.4.1045.130"/>
         <title value="Respiratory Rate"/>
      </valueSet>
   </definition>
   <!--White Blood Cells Count Lab Test-->
   <definition>
      <valueSet classCode="OBS" moodCode="DEF">
         <id root="2.16.840.1.113762.1.4.1045.129"/>
         <title value="White Blood Cells Count Lab Test"/>
      </valueSet>
   </definition>
   <!--Systolic Blood Pressure-->
   <definition>
      <valueSet classCode="OBS" moodCode="DEF">
         <id root="2.16.840.1.113762.1.4.1045.163"/>
         <title value="Systolic Blood Pressure"/>
      </valueSet>
   </definition>
   <!--Oxygen Saturation by Pulse Oximetry-->
   <definition>
      <valueSet classCode="OBS" moodCode="DEF">
         <id root="2.16.840.1.113762.1.4.1045.151"/>
         <title value="Oxygen Saturation by Pulse Oximetry"/>
      </valueSet>
   </definition>
   <!--Creatinine Lab Test-->
   <definition>
      <valueSet classCode="OBS" moodCode="DEF">
         <id root="2.16.840.1.113883.3.666.5.2363"/>
         <title value="Creatinine Lab Test"/>
      </valueSet>
   </definition>
   <!--Medicare Advantage Payer-->
   <definition>
      <valueSet classCode="OBS" moodCode="DEF">
         <id root="2.16.840.1.113762.1.4.1104.12"/>
         <title value="Medicare Advantage Payer"/>
      </valueSet>
   </definition>
   <!--Heart Rate-->
   <definition>
      <valueSet classCode="OBS" moodCode="DEF">
         <id root="2.16.840.1.113883.3.526.2.1341"/>
         <title value="Heart Rate"/>
      </valueSet>
   </definition>
   <!--Encounter Inpatient-->
   <definition>
      <valueSet classCode="OBS" moodCode="DEF">
         <id root="2.16.840.1.113883.3.666.5.307"/>
         <title value="Encounter Inpatient"/>
      </valueSet>
   </definition>
   <!--Medicare FFS Payer-->
   <definition>
      <valueSet classCode="OBS" moodCode="DEF">
         <id root="2.16.840.1.113762.1.4.1104.10"/>
         <title value="Medicare FFS Payer"/>
      </valueSet>
   </definition>
   <!--Sodium Lab Test-->
   <definition>
      <valueSet classCode="OBS" moodCode="DEF">
         <id root="2.16.840.1.113762.1.4.1045.119"/>
         <title value="Sodium Lab Test"/>
      </valueSet>
   </definition>
   <!--Body Temperature-->
   <definition>
      <valueSet classCode="OBS" moodCode="DEF">
         <id root="2.16.840.1.113762.1.4.1045.152"/>
         <title value="Body Temperature"/>
      </valueSet>
   </definition>
   <!--Hematocrit Lab Test-->
   <definition>
      <valueSet classCode="OBS" moodCode="DEF">
         <id root="2.16.840.1.113762.1.4.1045.114"/>
         <title value="Hematocrit Lab Test"/>
      </valueSet>
   </definition>
   <!--Non Invasive Oxygen Therapy by Nasal Cannula or Mask-->
   <definition>
      <valueSet classCode="OBS" moodCode="DEF">
         <id root="2.16.840.1.113762.1.4.1248.209"/>
         <title value="Non Invasive Oxygen Therapy by Nasal Cannula or Mask"/>
      </valueSet>
   </definition>
   <!--Payer Type-->
   <definition>
      <valueSet classCode="OBS" moodCode="DEF">
         <id root="2.16.840.1.114222.4.11.3591"/>
         <title value="Payer Type"/>
      </valueSet>
   </definition>
   <!--Potassium Lab Test-->
   <definition>
      <valueSet classCode="OBS" moodCode="DEF">
         <id root="2.16.840.1.113762.1.4.1045.117"/>
         <title value="Potassium Lab Test"/>
      </valueSet>
   </definition>
   <!--Bicarbonate Lab Test-->
   <definition>
      <valueSet classCode="OBS" moodCode="DEF">
         <id root="2.16.840.1.113762.1.4.1045.139"/>
         <title value="Bicarbonate Lab Test"/>
      </valueSet>
   </definition>
   <!--Emergency Department Visit-->
   <definition>
      <valueSet classCode="OBS" moodCode="DEF">
         <id root="2.16.840.1.113883.3.117.1.7.1.292"/>
         <title value="Emergency Department Visit"/>
      </valueSet>
   </definition>
   <!--Ethnicity-->
   <definition>
      <valueSet classCode="OBS" moodCode="DEF">
         <id root="2.16.840.1.114222.4.11.837"/>
         <title value="Ethnicity"/>
      </valueSet>
   </definition>
   <!--Observation Services-->
   <definition>
      <valueSet classCode="OBS" moodCode="DEF">
         <id root="2.16.840.1.113762.1.4.1111.143"/>
         <title value="Observation Services"/>
      </valueSet>
   </definition>
   <!--Body Weight-->
   <definition>
      <valueSet classCode="OBS" moodCode="DEF">
         <id root="2.16.840.1.113762.1.4.1045.159"/>
         <title value="Body Weight"/>
      </valueSet>
   </definition>
   <!--Glucose Lab Test-->
   <definition>
      <valueSet classCode="OBS" moodCode="DEF">
         <id root="2.16.840.1.113762.1.4.1045.134"/>
         <title value="Glucose Lab Test"/>
      </valueSet>
   </definition>
   <relatedDocument typeCode="COMP">
      <expressionDocument>
         <id root="87cea19f-d605-4325-b150-23fa61ce3271"/>
         <text mediaType="text/cql">
            <reference value="https://madie.cms.gov/libraries/fa75de85-a934-45d7-a2f7-c700a756078b/CMS529HybridHospitalWideReadmission-6.2.000.cql"/>
            <translation mediaType="application/elm+xml">
               <reference value="https://madie.cms.gov/libraries/fa75de85-a934-45d7-a2f7-c700a756078b/CMS529HybridHospitalWideReadmission-6.2.000.xml"/>
            </translation>
            <translation mediaType="application/elm+json">
               <reference value="https://madie.cms.gov/libraries/fa75de85-a934-45d7-a2f7-c700a756078b/CMS529HybridHospitalWideReadmission-6.2.000.json"/>
            </translation>
         </text>
         <setId extension="fa75de85-a934-45d7-a2f7-c700a756078b"
                identifierName="CMS529HybridHospitalWideReadmission"
                root="https://madie.cms.gov/libraries"/>
         <versionNumber value="6.2.000"/>
      </expressionDocument>
   </relatedDocument>
   <relatedDocument typeCode="COMP">
      <expressionDocument>
         <id root="e0012fbe-4b85-4077-8928-9018245fb41f"/>
         <text mediaType="text/cql">
            <reference value="https://madie.cms.gov/libraries/e0012fbe-4b85-4077-8928-9018245fb41f/CQMCommonQDM-9.0.000.cql"/>
            <translation mediaType="application/elm+xml">
               <reference value="https://madie.cms.gov/libraries/e0012fbe-4b85-4077-8928-9018245fb41f/CQMCommonQDM-9.0.000.xml"/>
            </translation>
            <translation mediaType="application/elm+json">
               <reference value="https://madie.cms.gov/libraries/e0012fbe-4b85-4077-8928-9018245fb41f/CQMCommonQDM-9.0.000.json"/>
            </translation>
         </text>
         <setId extension="e0012fbe-4b85-4077-8928-9018245fb41f"
                identifierName="CQMCommonQDM"
                root="https://madie.cms.gov/libraries"/>
         <versionNumber value="9.0.000"/>
      </expressionDocument>
   </relatedDocument>
   <controlVariable>
      <measurePeriod>
         <id extension="measureperiod" root="2e261cd7-f016-4d88-adb6-e34ddb6a1969"/>
         <code code="MSRTP" codeSystem="2.16.840.1.113883.5.4">
            <originalText value="Measurement Period"/>
         </code>
         <value highClosed="false" lowClosed="true" xsi:type="IVL_TS">
            <low value="20260701"/>
            <high value="20270701"/>
         </value>
      </measurePeriod>
   </controlVariable>
   <subjectOf>
      <measureAttribute>
         <code nullFlavor="OTH">
            <originalText value="CMS ID"/>
         </code>
         <value mediaType="text/plain" value="529" xsi:type="ED"/>
      </measureAttribute>
   </subjectOf>
   <subjectOf>
      <measureAttribute>
         <code nullFlavor="OTH">
            <originalText value="CBE Number"/>
         </code>
         <value mediaType="text/plain" value="2879" xsi:type="ED"/>
      </measureAttribute>
   </subjectOf>
   <subjectOf>
      <measureAttribute>
         <code code="COPY" codeSystem="2.16.840.1.113883.5.4">
            <displayName value="Copyright"/>
         </code>
         <value mediaType="text/plain"
                value="Limited proprietary coding is contained in these specifications for user convenience. Users of proprietary code sets should obtain all necessary licenses from the owners of the code sets. This material contains SNOMED Clinical Terms(R) (SNOMED CT[R]) copyright 2004-2024 International Health Terminology Standards Development Organisation. All rights reserved. LOINC(R) copyright 2004-2024 Regenstrief Institute, Inc."
                xsi:type="ED"/>
      </measureAttribute>
   </subjectOf>
   <subjectOf>
      <measureAttribute>
         <code code="DISC" codeSystem="2.16.840.1.113883.5.4">
            <displayName value="Disclaimer"/>
         </code>
         <value mediaType="text/plain"
                value="These performance specifications are not clinical guidelines, do not establish a standard of medical care, and have not been tested for all potential applications. THE MEASURES AND SPECIFICATIONS ARE PROVIDED &quot;AS IS&quot; WITHOUT WARRANTY OF ANY KIND. Due to technical limitations, registered trademarks are indicated by (R) or [R] and unregistered trademarks are indicated by (TM) or [TM]."
                xsi:type="ED"/>
      </measureAttribute>
   </subjectOf>
   <subjectOf>
      <measureAttribute>
         <code code="MSRSCORE" codeSystem="2.16.840.1.113883.5.4">
            <displayName value="Measure Scoring"/>
         </code>
         <value code="COHORT" codeSystem="2.16.840.1.113883.5.1063" xsi:type="CD">
            <displayName value="Cohort"/>
         </value>
      </measureAttribute>
   </subjectOf>
   <subjectOf>
      <measureAttribute>
         <code code="MSRTYPE" codeSystem="2.16.840.1.113883.5.4">
            <displayName value="Measure Type"/>
         </code>
         <value code="OUTCOME" codeSystem="2.16.840.1.113883.5.1063" xsi:type="CD">
            <displayName value="Outcome"/>
         </value>
      </measureAttribute>
   </subjectOf>
   <subjectOf>
      <measureAttribute>
         <code code="STRAT" codeSystem="2.16.840.1.113883.5.4">
            <displayName value="Stratification"/>
         </code>
         <value mediaType="text/plain" value="None" xsi:type="ED"/>
      </measureAttribute>
   </subjectOf>
   <subjectOf>
      <measureAttribute>
         <code code="MSRADJ" codeSystem="2.16.840.1.113883.5.4">
            <displayName value="Risk Adjustment"/>
         </code>
         <value mediaType="text/plain"
                value="For a detailed description of how the core clinical data elements (CCDEs) are used in the Hybrid HWR measure risk adjustment model, see the Hybrid HWR Measure with Electronic Health Record Extracted Risk Factors Specifications Report on QualityNet here: https://qualitynet.cms.gov/inpatient/measures/hybrid/methodology"
                xsi:type="ED"/>
      </measureAttribute>
   </subjectOf>
   <subjectOf>
      <measureAttribute>
         <code code="MSRAGG" codeSystem="2.16.840.1.113883.5.4">
            <displayName value="Rate Aggregation"/>
         </code>
         <value mediaType="text/plain" value="None" xsi:type="ED"/>
      </measureAttribute>
   </subjectOf>
   <subjectOf>
      <measureAttribute>
         <code code="RAT" codeSystem="2.16.840.1.113883.5.4">
            <displayName value="Rationale"/>
         </code>
         <value mediaType="text/plain"
                value="The intent of this logic is to extract the FIRST valid set of clinical data elements from hospital electronic health records (EHRs) for all qualifying hospitalizations. The data will be linked with administrative claims to risk adjust the Hybrid HWR outcome measure. This work addresses stakeholder concerns that clinical data garnered from patients and used by clinicians to guide diagnostic decisions and treatment, are preferable to administrative claims data when profiling hospitals' case mix. We are calling the list of data elements for extraction the &quot;HWR-specific core clinical data elements&quot; (CCDE). The CCDE are the first set of vital signs and basic laboratory tests resulted from hospitalizations for adult Medicare FFS and MA patients, age 65 or older (Initial Population), after they arrive at the hospital to which they are subsequently admitted. For example, this first set of data values are often captured in the emergency department or in the pre-operative area, sometimes hours before a patient is admitted to that same facility. These data elements were selected because they: 1. reflect patients' clinical status when they first present to the hospital, 2. are clinically and statistically relevant to patient outcomes, 3. are consistently obtained during adult inpatient hospitalizations based on current clinical practice, 4. are captured with a standard definition and recorded in a standard format across providers, and 5. are entered in structured fields that are feasibly retrieved from current EHR systems (YNHHS/CORE, 2015). Additional data called Linking Variables are used to link EHR data files with administrative claims data for CMS to calculate results for the Hybrid HWR measure, which are: CMS Certification Number (CCN); Medicare Beneficiary Identifier (MBI); Inpatient Admission Date; and Discharge Date."
                xsi:type="ED"/>
      </measureAttribute>
   </subjectOf>
   <subjectOf>
      <measureAttribute>
         <code code="CRS" codeSystem="2.16.840.1.113883.5.4">
            <displayName value="Clinical Recommendation Statement"/>
         </code>
         <value mediaType="text/plain"
                value="The logic is not meant to guide or alter the care patients receive. The purpose of this CCDE logic is to extract clinical data that are already routinely captured in EHRs from hospitalizations for adult patients. It is not intended to require that clinical staff perform additional measurements or tests that are not needed for diagnostic assessment or treatment of patients."
                xsi:type="ED"/>
      </measureAttribute>
   </subjectOf>
   <subjectOf>
      <measureAttribute>
         <code code="IDUR" codeSystem="2.16.840.1.113883.5.4">
            <displayName value="Improvement Notation"/>
         </code>
         <value mediaType="text/plain"
                value="No actual measure score will be generated by hospitals. Instead, hospitals will report the data values for each of the CCDEs for all hospitalizations in the Initial Population. These CCDEs will be linked to administrative claims data and used by CMS to calculate results for the Hybrid HWR measure."
                xsi:type="ED"/>
      </measureAttribute>
   </subjectOf>
   <subjectOf>
      <measureAttribute>
         <code code="REF" codeSystem="2.16.840.1.113883.5.4">
            <displayName value="Reference"/>
         </code>
         <value mediaType="text/plain"
                value="Citation Yale New Haven Health Services Corporation/Center for Outcomes Research &amp; Evaluation (YNHHSC/CORE) Prepared for CMS. (2015). 2013 Core Clinical Data Elements Technical Report (Version 1.1). https://www.cms.gov/Medicare/Quality-Initiatives-Patient-Assessment-Instruments/HospitalQualityInits/Downloads/Core-Clinical-Data-Elements-and-Hybrid-Measures.zip"
                xsi:type="ED"/>
      </measureAttribute>
   </subjectOf>
   <subjectOf>
      <measureAttribute>
         <code code="DEF" codeSystem="2.16.840.1.113883.5.4">
            <displayName value="Definition"/>
         </code>
         <value mediaType="text/plain"
                value="HWR-Specific Core Clinical Data Elements"
                xsi:type="ED"/>
      </measureAttribute>
   </subjectOf>
   <subjectOf>
      <measureAttribute>
         <code code="GUIDE" codeSystem="2.16.840.1.113883.5.4">
            <displayName value="Guidance"/>
         </code>
         <value mediaType="text/plain"
                value="These specifications are for use for data with discharges that occur between July 1, 2026 and June 30, 2027. The associated Hospital Specific Report (HSR) is anticipated to be released in Spring 2028. As this is a hybrid outcome measure, the electronic specifications contained within this document only cover the case-mix risk-adjustment variables, which ultimately need to be combined with the claims data to calculate an outcome. The logic contained here cannot be used alone to calculate outcome or performance. This logic guides the user to extract the FIRST valid resulted HWR-specific CCDEs for all Medicare FFS and MA hospitalizations for patients age 65 or older (Initial Population) directly admitted to the hospital or admitted to the same facility after being treated in another area such as the emergency department or hospital outpatient/same day surgery location. The logic supports extraction of the FIRST resulted vital signs and laboratory tests, where the result is not null, during the patient encounter or episode of care. This may include values captured after inpatient admission, as well as prior to inpatient admission, for example from the emergency department, pre-operative, or other outpatient areas associated with the hospital, as long as the values fall within the allowed timeframes specified in the measure logic. All clinical systems used in inpatient and outpatient locations associated with the hospital facility should be queried for core clinical data element values related to a patient who is subsequently admitted. Patients who arrive at the hospital on oxygen therapy will be flagged in the logic and the information will be incorporated into the risk adjustment models. Rationale: patients who arrive on oxygen may appear in better condition, that is, having a higher oxygen saturation due to oxygen administration, that is not truly reflective of the patient's status upon arrival. Value sets for the laboratory tests are represented using Logical Observation Identifiers Names Codes (LOINC) currently available for these tests. If the institution is using local codes to capture and store relevant laboratory test data, those sites should map that information to the LOINC code for reporting of the CCDEs. NOTE: It is recommended hospitals only report the FIRST resulted value for EACH core clinical data element collected in the appropriate timeframe, if available. Hospitals may also choose to report ALL values on an encounter during their entire admission; however, only the first resulted values are utilized in the logic for measure calculation. For each CCDE, it is recommended that hospitals report the below Unified Code for Units of Measure (UCUM) units, however, any units may be submitted. Where the reported unit is not easily converted to the requested UCUM units, the value will be set to missing and the median value reported for that CCDE will be imputed. CCDE UCUM Units Bicarbonate-------------------------------------meq/L mmol/L Creatinine---------------------------------------mg/dL Glucose------------------------------------------mg/dL mmol/L - Heart rate---------------------------------------{Beats}/min Hematocrit --------------------------------------% Oxygen saturation (by pulse oximetry)- -% Potassium----------------------------------------meq/L mmol/L Respiratory rate---------------------------------{Breaths}/min Sodium--------------------------------------------meq/L mmol/L Systolic blood pressure-----------------------mm[Hg] Temperature-------------------------------------Cel [degF] Weight---------------------------------------------kg [lb_av] g White blood cell count -----------------------{Cells}/uL 10*3/uL 10*9/L For each hospitalization please also submit the following Linking Variables: CMS Certification Number (CCN); Medicare Beneficiary Identifier (MBI); Inpatient Admission Date; and Discharge Date. The initial population includes patients with inpatient hospitalizations and patients from Acute Hospital Care at Home programs, who are treated and billed as inpatients but receive care in their home. This version of the specifications uses Quality Data Model (QDM) version 5.6. Please refer to the eCQI Resource Center (https://ecqi.healthit.gov/qdm) for more information on the QDM."
                xsi:type="ED"/>
      </measureAttribute>
   </subjectOf>
   <subjectOf>
      <measureAttribute>
         <code code="TRANF" codeSystem="2.16.840.1.113883.5.4">
            <displayName value="Transmission Format"/>
         </code>
         <value mediaType="text/plain" value="TBD" xsi:type="ED"/>
      </measureAttribute>
   </subjectOf>
   <subjectOf>
      <measureAttribute>
         <code code="IPOP" codeSystem="2.16.840.1.113883.5.4">
            <displayName value="Initial Population"/>
         </code>
         <value mediaType="text/plain"
                value="All Medicare FFS and MA hospitalizations for patients aged 65 and older at the start of an inpatient admission, where the length of stay is less than 365 days, and the hospitalization ends during the measurement period. NOTE: All Medicare FFS and MA hospitalizations meeting the above criteria should be included, regardless of whether Medicare FFS/MA is the primary, secondary, or tertiary payer."
                xsi:type="ED"/>
      </measureAttribute>
   </subjectOf>
   <subjectOf>
      <measureAttribute>
         <code code="SDE" codeSystem="2.16.840.1.113883.5.4">
            <displayName value="Supplemental Data Elements"/>
         </code>
         <value mediaType="text/plain"
                value="For hospitalizations in the Initial Population, report the FIRST resulted vital signs (physical exams) during current hospitalization. The physical exam CCDEs are as follows: Body Temperature Heart rate Oxygen saturation (by pulse oximetry) Respiratory rate Systolic blood pressure Body weight For laboratory test results, report the FIRST resulted laboratory tests where result is not null during current hospitalization. The laboratory test CCDEs are as follows: Bicarbonate Creatinine Glucose Hematocrit Potassium Sodium White blood cell count First values for the CCDEs may be resulted in the emergency department or other hospital outpatient locations within the hospital facility before a patient is subsequently admitted to the same hospital. First values for these data elements may also be resulted in an inpatient location for directly admitted patients who do not receive care in the emergency department or other hospital outpatient/same day surgery locations before admission. NOTE: Hospitals may choose to submit all, or only report the FIRST resulted value for EACH CCDE collected in the appropriate timeframe, if available. For every patient in the Initial Population, also identify payer, race, ethnicity and sex."
                xsi:type="ED"/>
      </measureAttribute>
   </subjectOf>
   <componentOf>
      <qualityMeasureSet classCode="ACT">
         <id root="fa75de85-a934-45d7-a2f7-c700a756078b"/>
         <title value=""/>
      </qualityMeasureSet>
   </componentOf>
   <!--Data Criteria Section-->
   <component>
      <dataCriteriaSection>
         <templateId>
            <item extension="2021-02-01" root="2.16.840.1.113883.10.20.28.2.6"/>
         </templateId>
         <code code="57025-9" codeSystem="2.16.840.1.113883.6.1"/>
         <title value="Data Criteria Section"/>
         <text/>
         <entry typeCode="DRIV">
            <localVariableName value="Race_PatientCharacteristicRace_3aRRX"/>
            <observationCriteria classCode="OBS" moodCode="EVN">
               <templateId>
                  <item extension="2017-05-01" root="2.16.840.1.113883.10.20.28.4.59"/>
               </templateId>
               <id extension="Race_PatientCharacteristicRace"
                   root="1b3c5647-efff-49b5-a9c5-311d11bb3e5b"/>
               <code code="32624-9"
                     codeSystem="2.16.840.1.113883.6.1"
                     codeSystemName="LOINC">
                  <displayName value="Race"/>
               </code>
               <title value="Patient Characteristic Race"/>
               <statusCode code="COMPLETED"/>
               <value valueSet="2.16.840.1.114222.4.11.836" xsi:type="CD"/>
            </observationCriteria>
         </entry>
         <entry typeCode="DRIV">
            <localVariableName value="NonInvasiveOxygenTherapyDeviceCodes_DeviceOrder_zIBSq"/>
            <supplyCriteria classCode="SPLY" moodCode="RQO">
               <templateId>
                  <item extension="2021-02-01" root="2.16.840.1.113883.10.20.28.4.15"/>
               </templateId>
               <id extension="NonInvasiveOxygenTherapyDeviceCodes_DeviceOrder"
                   root="aee1ba60-9588-49b5-8223-0908de472915"/>
               <title value="Device, Order"/>
               <statusCode code="ACTIVE"/>
               <participation typeCode="DEV">
                  <role classCode="MANU">
                     <playingDevice classCode="DEV" determinerCode="KIND">
                        <code valueSet="2.16.840.1.113762.1.4.1170.57"/>
                     </playingDevice>
                  </role>
               </participation>
            </supplyCriteria>
         </entry>
         <entry typeCode="DRIV">
            <localVariableName value="OutpatientSurgeryService_EncounterPerformed_ekyGy"/>
            <encounterCriteria classCode="ENC" moodCode="EVN">
               <templateId>
                  <item extension="2021-02-01" root="2.16.840.1.113883.10.20.28.4.5"/>
               </templateId>
               <id extension="OutpatientSurgeryService_EncounterPerformed"
                   root="6f51ecae-b362-448b-b772-f6fe7ce5f1df"/>
               <code valueSet="2.16.840.1.113762.1.4.1110.38"/>
               <title value="Encounter, Performed"/>
               <statusCode code="COMPLETED"/>
            </encounterCriteria>
         </entry>
         <entry typeCode="DRIV">
            <localVariableName value="FederalAdministrativeSex_PatientCharacteristicSex_OHspv"/>
            <observationCriteria classCode="OBS" moodCode="EVN">
               <templateId>
                  <item extension="2017-05-01" root="2.16.840.1.113883.10.20.28.4.55"/>
               </templateId>
               <id extension="FederalAdministrativeSex_PatientCharacteristicSex"
                   root="c1c735ed-7902-4925-ab52-79268dab46d0"/>
               <code code="263495000"
                     codeSystem="2.16.840.1.113883.6.96"
                     codeSystemName="SNOMED CT">
                  <displayName value="Gender"/>
               </code>
               <title value="Patient Characteristic Sex"/>
               <statusCode code="COMPLETED"/>
               <value valueSet="2.16.840.1.113762.1.4.1021.121" xsi:type="CD"/>
            </observationCriteria>
         </entry>
         <entry typeCode="DRIV">
            <localVariableName value="RespiratoryRate_PhysicalExamPerformed_mgRw9"/>
            <observationCriteria classCode="OBS" moodCode="EVN">
               <templateId>
                  <item extension="2021-02-01" root="2.16.840.1.113883.10.20.28.4.62"/>
               </templateId>
               <id extension="RespiratoryRate_PhysicalExamPerformed"
                   root="05ced49c-c8a8-4eee-8f5a-d5bba3458d06"/>
               <code code="5880005"
                     codeSystem="2.16.840.1.113883.6.96"
                     codeSystemName="SNOMED CT">
                  <displayName value="physical examination"/>
               </code>
               <title value="Physical Exam, Performed"/>
               <statusCode code="COMPLETED"/>
               <value valueSet="2.16.840.1.113762.1.4.1045.130" xsi:type="CD"/>
            </observationCriteria>
         </entry>
         <entry typeCode="DRIV">
            <localVariableName value="WhiteBloodCellsCountLabTest_LaboratoryTestPerformed_fCiUE"/>
            <observationCriteria classCode="OBS" moodCode="EVN">
               <templateId>
                  <item extension="2021-02-01" root="2.16.840.1.113883.10.20.28.4.42"/>
               </templateId>
               <id extension="WhiteBloodCellsCountLabTest_LaboratoryTestPerformed"
                   root="83ded444-dc23-4c21-ac75-6ac84bd31ae9"/>
               <code valueSet="2.16.840.1.113762.1.4.1045.129"/>
               <title value="Laboratory Test, Performed"/>
               <statusCode code="COMPLETED"/>
            </observationCriteria>
         </entry>
         <entry typeCode="DRIV">
            <localVariableName value="SystolicBloodPressure_PhysicalExamPerformed_1uxYv"/>
            <observationCriteria classCode="OBS" moodCode="EVN">
               <templateId>
                  <item extension="2021-02-01" root="2.16.840.1.113883.10.20.28.4.62"/>
               </templateId>
               <id extension="SystolicBloodPressure_PhysicalExamPerformed"
                   root="4f880c55-e551-41e3-8485-3ded2dae9b92"/>
               <code code="5880005"
                     codeSystem="2.16.840.1.113883.6.96"
                     codeSystemName="SNOMED CT">
                  <displayName value="physical examination"/>
               </code>
               <title value="Physical Exam, Performed"/>
               <statusCode code="COMPLETED"/>
               <value valueSet="2.16.840.1.113762.1.4.1045.163" xsi:type="CD"/>
            </observationCriteria>
         </entry>
         <entry typeCode="DRIV">
            <localVariableName value="OxygenSaturationbyPulseOximetry_PhysicalExamPerformed_RnWa2"/>
            <observationCriteria classCode="OBS" moodCode="EVN">
               <templateId>
                  <item extension="2021-02-01" root="2.16.840.1.113883.10.20.28.4.62"/>
               </templateId>
               <id extension="OxygenSaturationbyPulseOximetry_PhysicalExamPerformed"
                   root="f3494246-ab74-4200-99a6-6d15fce807a3"/>
               <code code="5880005"
                     codeSystem="2.16.840.1.113883.6.96"
                     codeSystemName="SNOMED CT">
                  <displayName value="physical examination"/>
               </code>
               <title value="Physical Exam, Performed"/>
               <statusCode code="COMPLETED"/>
               <value valueSet="2.16.840.1.113762.1.4.1045.151" xsi:type="CD"/>
            </observationCriteria>
         </entry>
         <entry typeCode="DRIV">
            <localVariableName value="CreatinineLabTest_LaboratoryTestPerformed_EvrZK"/>
            <observationCriteria classCode="OBS" moodCode="EVN">
               <templateId>
                  <item extension="2021-02-01" root="2.16.840.1.113883.10.20.28.4.42"/>
               </templateId>
               <id extension="CreatinineLabTest_LaboratoryTestPerformed"
                   root="6beb4fbb-d391-46f9-b87b-52c4858c07fb"/>
               <code valueSet="2.16.840.1.113883.3.666.5.2363"/>
               <title value="Laboratory Test, Performed"/>
               <statusCode code="COMPLETED"/>
            </observationCriteria>
         </entry>
         <entry typeCode="DRIV">
            <localVariableName value="MedicareAdvantagePayer_PatientCharacteristicPayer_9yHLu"/>
            <observationCriteria classCode="OBS" moodCode="EVN">
               <templateId>
                  <item extension="2017-05-01" root="2.16.840.1.113883.10.20.28.4.58"/>
               </templateId>
               <id extension="MedicareAdvantagePayer_PatientCharacteristicPayer"
                   root="36082af7-88f8-439e-a9df-000bed3aad1d"/>
               <code code="48768-6"
                     codeSystem="2.16.840.1.113883.6.1"
                     codeSystemName="LOINC">
                  <displayName value="Payer Type"/>
               </code>
               <title value="Patient Characteristic Payer"/>
               <statusCode code="COMPLETED"/>
               <value valueSet="2.16.840.1.113762.1.4.1104.12" xsi:type="CD"/>
            </observationCriteria>
         </entry>
         <entry typeCode="DRIV">
            <localVariableName value="HeartRate_PhysicalExamPerformed_Myvtd"/>
            <observationCriteria classCode="OBS" moodCode="EVN">
               <templateId>
                  <item extension="2021-02-01" root="2.16.840.1.113883.10.20.28.4.62"/>
               </templateId>
               <id extension="HeartRate_PhysicalExamPerformed"
                   root="248abecf-88c9-4154-8339-db9c8cc78355"/>
               <code code="5880005"
                     codeSystem="2.16.840.1.113883.6.96"
                     codeSystemName="SNOMED CT">
                  <displayName value="physical examination"/>
               </code>
               <title value="Physical Exam, Performed"/>
               <statusCode code="COMPLETED"/>
               <value valueSet="2.16.840.1.113883.3.526.2.1341" xsi:type="CD"/>
            </observationCriteria>
         </entry>
         <entry typeCode="DRIV">
            <localVariableName value="EncounterInpatient_EncounterPerformed_glpvI"/>
            <encounterCriteria classCode="ENC" moodCode="EVN">
               <templateId>
                  <item extension="2021-02-01" root="2.16.840.1.113883.10.20.28.4.5"/>
               </templateId>
               <id extension="EncounterInpatient_EncounterPerformed"
                   root="6b0c4ce4-87e7-4833-89aa-c242872351d8"/>
               <code valueSet="2.16.840.1.113883.3.666.5.307"/>
               <title value="Encounter, Performed"/>
               <statusCode code="COMPLETED"/>
            </encounterCriteria>
         </entry>
         <entry typeCode="DRIV">
            <localVariableName value="MedicareFFSPayer_PatientCharacteristicPayer_edD6s"/>
            <observationCriteria classCode="OBS" moodCode="EVN">
               <templateId>
                  <item extension="2017-05-01" root="2.16.840.1.113883.10.20.28.4.58"/>
               </templateId>
               <id extension="MedicareFFSPayer_PatientCharacteristicPayer"
                   root="6245715d-b15c-49d9-a944-121e3c3f267c"/>
               <code code="48768-6"
                     codeSystem="2.16.840.1.113883.6.1"
                     codeSystemName="LOINC">
                  <displayName value="Payer Type"/>
               </code>
               <title value="Patient Characteristic Payer"/>
               <statusCode code="COMPLETED"/>
               <value valueSet="2.16.840.1.113762.1.4.1104.10" xsi:type="CD"/>
            </observationCriteria>
         </entry>
         <entry typeCode="DRIV">
            <localVariableName value="SodiumLabTest_LaboratoryTestPerformed_IlzFz"/>
            <observationCriteria classCode="OBS" moodCode="EVN">
               <templateId>
                  <item extension="2021-02-01" root="2.16.840.1.113883.10.20.28.4.42"/>
               </templateId>
               <id extension="SodiumLabTest_LaboratoryTestPerformed"
                   root="fd099a97-66c8-480c-9362-23ece42306e2"/>
               <code valueSet="2.16.840.1.113762.1.4.1045.119"/>
               <title value="Laboratory Test, Performed"/>
               <statusCode code="COMPLETED"/>
            </observationCriteria>
         </entry>
         <entry typeCode="DRIV">
            <localVariableName value="BodyTemperature_PhysicalExamPerformed_mNDIk"/>
            <observationCriteria classCode="OBS" moodCode="EVN">
               <templateId>
                  <item extension="2021-02-01" root="2.16.840.1.113883.10.20.28.4.62"/>
               </templateId>
               <id extension="BodyTemperature_PhysicalExamPerformed"
                   root="2619b0ff-ec70-4b13-a5c7-b03dcf18c953"/>
               <code code="5880005"
                     codeSystem="2.16.840.1.113883.6.96"
                     codeSystemName="SNOMED CT">
                  <displayName value="physical examination"/>
               </code>
               <title value="Physical Exam, Performed"/>
               <statusCode code="COMPLETED"/>
               <value valueSet="2.16.840.1.113762.1.4.1045.152" xsi:type="CD"/>
            </observationCriteria>
         </entry>
         <entry typeCode="DRIV">
            <localVariableName value="HematocritLabTest_LaboratoryTestPerformed_a57ht"/>
            <observationCriteria classCode="OBS" moodCode="EVN">
               <templateId>
                  <item extension="2021-02-01" root="2.16.840.1.113883.10.20.28.4.42"/>
               </templateId>
               <id extension="HematocritLabTest_LaboratoryTestPerformed"
                   root="fb4de692-2cae-419a-bc18-64eb959d8eef"/>
               <code valueSet="2.16.840.1.113762.1.4.1045.114"/>
               <title value="Laboratory Test, Performed"/>
               <statusCode code="COMPLETED"/>
            </observationCriteria>
         </entry>
         <entry typeCode="DRIV">
            <localVariableName value="NonInvasiveOxygenTherapybyNasalCannulaorMask_InterventionPerformed_KYPWj"/>
            <actCriteria classCode="ACT" moodCode="EVN">
               <templateId>
                  <item extension="2021-02-01" root="2.16.840.1.113883.10.20.28.4.36"/>
               </templateId>
               <id extension="NonInvasiveOxygenTherapybyNasalCannulaorMask_InterventionPerformed"
                   root="560c2f3d-ad59-415f-bd50-978187d61073"/>
               <code valueSet="2.16.840.1.113762.1.4.1248.209"/>
               <title value="Intervention, Performed"/>
               <statusCode code="COMPLETED"/>
            </actCriteria>
         </entry>
         <entry typeCode="DRIV">
            <localVariableName value="PayerType_PatientCharacteristicPayer_FKgCC"/>
            <observationCriteria classCode="OBS" moodCode="EVN">
               <templateId>
                  <item extension="2017-05-01" root="2.16.840.1.113883.10.20.28.4.58"/>
               </templateId>
               <id extension="PayerType_PatientCharacteristicPayer"
                   root="b05f3b10-7a06-4d1a-8285-96456176dbbf"/>
               <code code="48768-6"
                     codeSystem="2.16.840.1.113883.6.1"
                     codeSystemName="LOINC">
                  <displayName value="Payer Type"/>
               </code>
               <title value="Patient Characteristic Payer"/>
               <statusCode code="COMPLETED"/>
               <value valueSet="2.16.840.1.114222.4.11.3591" xsi:type="CD"/>
            </observationCriteria>
         </entry>
         <entry typeCode="DRIV">
            <localVariableName value="NonInvasiveOxygenTherapybyNasalCannulaorMask_InterventionOrder_hgWkH"/>
            <actCriteria classCode="ACT" moodCode="RQO">
               <templateId>
                  <item extension="2021-02-01" root="2.16.840.1.113883.10.20.28.4.35"/>
               </templateId>
               <id extension="NonInvasiveOxygenTherapybyNasalCannulaorMask_InterventionOrder"
                   root="088a0159-1c42-4405-955c-d59cbcf5c518"/>
               <code valueSet="2.16.840.1.113762.1.4.1248.209"/>
               <title value="Intervention, Order"/>
               <statusCode code="ACTIVE"/>
            </actCriteria>
         </entry>
         <entry typeCode="DRIV">
            <localVariableName value="PotassiumLabTest_LaboratoryTestPerformed_RKIp4"/>
            <observationCriteria classCode="OBS" moodCode="EVN">
               <templateId>
                  <item extension="2021-02-01" root="2.16.840.1.113883.10.20.28.4.42"/>
               </templateId>
               <id extension="PotassiumLabTest_LaboratoryTestPerformed"
                   root="69b2db55-f15d-486a-9e25-075db955a8c1"/>
               <code valueSet="2.16.840.1.113762.1.4.1045.117"/>
               <title value="Laboratory Test, Performed"/>
               <statusCode code="COMPLETED"/>
            </observationCriteria>
         </entry>
         <entry typeCode="DRIV">
            <localVariableName value="BicarbonateLabTest_LaboratoryTestPerformed_xsYDl"/>
            <observationCriteria classCode="OBS" moodCode="EVN">
               <templateId>
                  <item extension="2021-02-01" root="2.16.840.1.113883.10.20.28.4.42"/>
               </templateId>
               <id extension="BicarbonateLabTest_LaboratoryTestPerformed"
                   root="91ceea3e-36ad-4bcc-9910-eb3c60e84e50"/>
               <code valueSet="2.16.840.1.113762.1.4.1045.139"/>
               <title value="Laboratory Test, Performed"/>
               <statusCode code="COMPLETED"/>
            </observationCriteria>
         </entry>
         <entry typeCode="DRIV">
            <localVariableName value="EmergencyDepartmentVisit_EncounterPerformed_tPfha"/>
            <encounterCriteria classCode="ENC" moodCode="EVN">
               <templateId>
                  <item extension="2021-02-01" root="2.16.840.1.113883.10.20.28.4.5"/>
               </templateId>
               <id extension="EmergencyDepartmentVisit_EncounterPerformed"
                   root="72e1e745-d306-499a-91c2-9a16407e6192"/>
               <code valueSet="2.16.840.1.113883.3.117.1.7.1.292"/>
               <title value="Encounter, Performed"/>
               <statusCode code="COMPLETED"/>
            </encounterCriteria>
         </entry>
         <entry typeCode="DRIV">
            <localVariableName value="Ethnicity_PatientCharacteristicEthnicity_CVbfe"/>
            <observationCriteria classCode="OBS" moodCode="EVN">
               <templateId>
                  <item extension="2017-05-01" root="2.16.840.1.113883.10.20.28.4.56"/>
               </templateId>
               <id extension="Ethnicity_PatientCharacteristicEthnicity"
                   root="362a51ed-6c4b-4bb2-8a20-03e032433025"/>
               <code code="54133-4"
                     codeSystem="2.16.840.1.113883.6.1"
                     codeSystemName="LOINC">
                  <displayName value="Ethnicity"/>
               </code>
               <title value="Patient Characteristic Ethnicity"/>
               <statusCode code="COMPLETED"/>
               <value valueSet="2.16.840.1.114222.4.11.837" xsi:type="CD"/>
            </observationCriteria>
         </entry>
         <entry typeCode="DRIV">
            <localVariableName value="ObservationServices_EncounterPerformed_BZtzC"/>
            <encounterCriteria classCode="ENC" moodCode="EVN">
               <templateId>
                  <item extension="2021-02-01" root="2.16.840.1.113883.10.20.28.4.5"/>
               </templateId>
               <id extension="ObservationServices_EncounterPerformed"
                   root="f73bc0a2-d4ac-4e12-8fd0-561a8f659768"/>
               <code valueSet="2.16.840.1.113762.1.4.1111.143"/>
               <title value="Encounter, Performed"/>
               <statusCode code="COMPLETED"/>
            </encounterCriteria>
         </entry>
         <entry typeCode="DRIV">
            <localVariableName value="BodyWeight_PhysicalExamPerformed_nIRKl"/>
            <observationCriteria classCode="OBS" moodCode="EVN">
               <templateId>
                  <item extension="2021-02-01" root="2.16.840.1.113883.10.20.28.4.62"/>
               </templateId>
               <id extension="BodyWeight_PhysicalExamPerformed"
                   root="e53bfa26-6e0e-4715-89a6-ba07368071cf"/>
               <code code="5880005"
                     codeSystem="2.16.840.1.113883.6.96"
                     codeSystemName="SNOMED CT">
                  <displayName value="physical examination"/>
               </code>
               <title value="Physical Exam, Performed"/>
               <statusCode code="COMPLETED"/>
               <value valueSet="2.16.840.1.113762.1.4.1045.159" xsi:type="CD"/>
            </observationCriteria>
         </entry>
         <entry typeCode="DRIV">
            <localVariableName value="GlucoseLabTest_LaboratoryTestPerformed_gMPT3"/>
            <observationCriteria classCode="OBS" moodCode="EVN">
               <templateId>
                  <item extension="2021-02-01" root="2.16.840.1.113883.10.20.28.4.42"/>
               </templateId>
               <id extension="GlucoseLabTest_LaboratoryTestPerformed"
                   root="7a56bbe0-6b9d-4242-ae76-2d568456dcc9"/>
               <code valueSet="2.16.840.1.113762.1.4.1045.134"/>
               <title value="Laboratory Test, Performed"/>
               <statusCode code="COMPLETED"/>
            </observationCriteria>
         </entry>
      </dataCriteriaSection>
   </component>
   <component>
      <populationCriteriaSection>
         <templateId>
            <item extension="2017-08-01" root="2.16.840.1.113883.10.20.28.2.7"/>
         </templateId>
         <id extension="PopulationCriteria1"
             root="c0fd8311-c410-4c40-83a7-03c907673930"/>
         <code code="57026-7" codeSystem="2.16.840.1.113883.6.1"/>
         <title value="Population Criteria Section"/>
         <text/>
         <component typeCode="COMP">
            <initialPopulationCriteria classCode="OBS" moodCode="EVN">
               <id extension="initialPopulation"
                   root="2B8F3668-25BC-4428-B39E-5177C985B691"/>
               <code code="IPOP"
                     codeSystem="2.16.840.1.113883.5.4"
                     codeSystemName="Act Code"/>
               <precondition typeCode="PRCN">
                  <criteriaReference classCode="OBS" moodCode="EVN">
                     <id extension="CMS529HybridHospitalWideReadmission.&quot;Initial Population&quot;"
                         root="87cea19f-d605-4325-b150-23fa61ce3271"/>
                  </criteriaReference>
               </precondition>
            </initialPopulationCriteria>
         </component>
         <component typeCode="COMP">
            <cql-ext:supplementalDataElement>
               <id extension="Supplemental Data Elements"
                   root="cc97b0a6-aaca-4e78-b046-316311b6811e"/>
               <code code="SDE"
                     codeSystem="2.16.840.1.113883.5.4"
                     codeSystemName="Act Code"/>
               <precondition typeCode="PRCN">
                  <criteriaReference classCode="OBS" moodCode="EVN">
                     <id extension="CMS529HybridHospitalWideReadmission.&quot;SDE Race&quot;"
                         root="87cea19f-d605-4325-b150-23fa61ce3271"/>
                  </criteriaReference>
               </precondition>
            </cql-ext:supplementalDataElement>
         </component>
         <component typeCode="COMP">
            <cql-ext:supplementalDataElement>
               <id extension="Supplemental Data Elements"
                   root="41079f53-39c3-4b0c-93f1-9974dce5ef8f"/>
               <code code="SDE"
                     codeSystem="2.16.840.1.113883.5.4"
                     codeSystemName="Act Code"/>
               <precondition typeCode="PRCN">
                  <criteriaReference classCode="OBS" moodCode="EVN">
                     <id extension="CMS529HybridHospitalWideReadmission.&quot;SDE Payer&quot;"
                         root="87cea19f-d605-4325-b150-23fa61ce3271"/>
                  </criteriaReference>
               </precondition>
            </cql-ext:supplementalDataElement>
         </component>
         <component typeCode="COMP">
            <cql-ext:supplementalDataElement>
               <id extension="Supplemental Data Elements"
                   root="19375604-9a02-4045-ac6d-e305dd87cff6"/>
               <code code="SDE"
                     codeSystem="2.16.840.1.113883.5.4"
                     codeSystemName="Act Code"/>
               <precondition typeCode="PRCN">
                  <criteriaReference classCode="OBS" moodCode="EVN">
                     <id extension="CMS529HybridHospitalWideReadmission.&quot;SDE Sex&quot;"
                         root="87cea19f-d605-4325-b150-23fa61ce3271"/>
                  </criteriaReference>
               </precondition>
            </cql-ext:supplementalDataElement>
         </component>
         <component typeCode="COMP">
            <cql-ext:supplementalDataElement>
               <id extension="Supplemental Data Elements"
                   root="8f5e38ec-3ab7-4a7f-b77f-5140943a04fc"/>
               <code code="SDE"
                     codeSystem="2.16.840.1.113883.5.4"
                     codeSystemName="Act Code"/>
               <precondition typeCode="PRCN">
                  <criteriaReference classCode="OBS" moodCode="EVN">
                     <id extension="CMS529HybridHospitalWideReadmission.&quot;SDE Results&quot;"
                         root="87cea19f-d605-4325-b150-23fa61ce3271"/>
                  </criteriaReference>
               </precondition>
            </cql-ext:supplementalDataElement>
         </component>
         <component typeCode="COMP">
            <cql-ext:supplementalDataElement>
               <id extension="Supplemental Data Elements"
                   root="89ba993a-2572-42df-8d34-c9c0c5fda6a8"/>
               <code code="SDE"
                     codeSystem="2.16.840.1.113883.5.4"
                     codeSystemName="Act Code"/>
               <precondition typeCode="PRCN">
                  <criteriaReference classCode="OBS" moodCode="EVN">
                     <id extension="CMS529HybridHospitalWideReadmission.&quot;SDE Ethnicity&quot;"
                         root="87cea19f-d605-4325-b150-23fa61ce3271"/>
                  </criteriaReference>
               </precondition>
            </cql-ext:supplementalDataElement>
         </component>
         <component typeCode="COMP">
            <cql-ext:supplementalDataElement>
               <id extension="Supplemental Data Elements"
                   root="0b5f47c7-09b7-4377-97d7-81847203a43d"/>
               <code code="SDE"
                     codeSystem="2.16.840.1.113883.5.4"
                     codeSystemName="Act Code"/>
               <precondition typeCode="PRCN">
                  <criteriaReference classCode="OBS" moodCode="EVN">
                     <id extension="CMS529HybridHospitalWideReadmission.&quot;SDE Oxygen 60 Minutes Or Less Prior To ED Admission Or During ED&quot;"
                         root="87cea19f-d605-4325-b150-23fa61ce3271"/>
                  </criteriaReference>
               </precondition>
            </cql-ext:supplementalDataElement>
         </component>
      </populationCriteriaSection>
   </component>
</QualityMeasureDocument>
