{
   "library" : {
      "annotation" : [ {
         "translatorOptions" : "EnableAnnotations,EnableLocators,DisableListDemotion,DisableListPromotion,DisableMethodInvocation",
         "type" : "CqlToElmInfo"
      }, {
         "type" : "Annotation",
         "s" : {
            "r" : "123",
            "s" : [ {
               "value" : [ "","library DementiaCognitiveAssessment version '11.0.000'" ]
            } ]
         }
      } ],
      "identifier" : {
         "id" : "DementiaCognitiveAssessment",
         "version" : "11.0.000"
      },
      "schemaIdentifier" : {
         "id" : "urn:hl7-org:elm",
         "version" : "r1"
      },
      "usings" : {
         "def" : [ {
            "localIdentifier" : "System",
            "uri" : "urn:hl7-org:elm-types:r1"
         }, {
            "localId" : "1",
            "locator" : "3:1-3:23",
            "localIdentifier" : "QDM",
            "uri" : "urn:healthit-gov:qdm:v5_6",
            "version" : "5.6",
            "annotation" : [ {
               "type" : "Annotation",
               "s" : {
                  "r" : "1",
                  "s" : [ {
                     "value" : [ "","using " ]
                  }, {
                     "s" : [ {
                        "value" : [ "QDM" ]
                     } ]
                  }, {
                     "value" : [ " version ","'5.6'" ]
                  } ]
               }
            } ]
         } ]
      },
      "includes" : {
         "def" : [ {
            "localId" : "2",
            "locator" : "5:1-5:64",
            "localIdentifier" : "Global",
            "path" : "MATGlobalCommonFunctions",
            "version" : "7.0.000",
            "annotation" : [ {
               "type" : "Annotation",
               "s" : {
                  "r" : "2",
                  "s" : [ {
                     "value" : [ "","include " ]
                  }, {
                     "s" : [ {
                        "value" : [ "MATGlobalCommonFunctions" ]
                     } ]
                  }, {
                     "value" : [ " version ","'7.0.000'"," called ","Global" ]
                  } ]
               }
            } ]
         } ]
      },
      "parameters" : {
         "def" : [ {
            "localId" : "23",
            "locator" : "26:1-26:49",
            "name" : "Measurement Period",
            "accessLevel" : "Public",
            "annotation" : [ {
               "type" : "Annotation",
               "s" : {
                  "r" : "23",
                  "s" : [ {
                     "value" : [ "","parameter ","\"Measurement Period\""," " ]
                  }, {
                     "r" : "22",
                     "s" : [ {
                        "value" : [ "Interval<" ]
                     }, {
                        "r" : "21",
                        "s" : [ {
                           "value" : [ "DateTime" ]
                        } ]
                     }, {
                        "value" : [ ">" ]
                     } ]
                  } ]
               }
            } ],
            "parameterTypeSpecifier" : {
               "localId" : "22",
               "locator" : "26:32-26:49",
               "type" : "IntervalTypeSpecifier",
               "pointType" : {
                  "localId" : "21",
                  "locator" : "26:41-26:48",
                  "name" : "{urn:hl7-org:elm-types:r1}DateTime",
                  "type" : "NamedTypeSpecifier"
               }
            }
         } ]
      },
      "valueSets" : {
         "def" : [ {
            "localId" : "3",
            "locator" : "7:1-7:85",
            "name" : "Behavioral/Neuropsych Assessment",
            "id" : "urn:oid:2.16.840.1.113883.3.526.3.1023",
            "accessLevel" : "Public",
            "annotation" : [ {
               "type" : "Annotation",
               "s" : {
                  "r" : "3",
                  "s" : [ {
                     "value" : [ "","valueset ","\"Behavioral/Neuropsych Assessment\"",": ","'urn:oid:2.16.840.1.113883.3.526.3.1023'" ]
                  } ]
               }
            } ]
         }, {
            "localId" : "4",
            "locator" : "8:1-8:110",
            "name" : "Care Services in Long Term Residential Facility",
            "id" : "urn:oid:2.16.840.1.113883.3.464.1003.101.12.1014",
            "accessLevel" : "Public",
            "annotation" : [ {
               "type" : "Annotation",
               "s" : {
                  "r" : "4",
                  "s" : [ {
                     "value" : [ "","valueset ","\"Care Services in Long Term Residential Facility\"",": ","'urn:oid:2.16.840.1.113883.3.464.1003.101.12.1014'" ]
                  } ]
               }
            } ]
         }, {
            "localId" : "5",
            "locator" : "9:1-9:73",
            "name" : "Cognitive Assessment",
            "id" : "urn:oid:2.16.840.1.113883.3.526.3.1332",
            "accessLevel" : "Public",
            "annotation" : [ {
               "type" : "Annotation",
               "s" : {
                  "r" : "5",
                  "s" : [ {
                     "value" : [ "","valueset ","\"Cognitive Assessment\"",": ","'urn:oid:2.16.840.1.113883.3.526.3.1332'" ]
                  } ]
               }
            } ]
         }, {
            "localId" : "6",
            "locator" : "10:1-10:84",
            "name" : "Dementia & Mental Degenerations",
            "id" : "urn:oid:2.16.840.1.113883.3.526.3.1005",
            "accessLevel" : "Public",
            "annotation" : [ {
               "type" : "Annotation",
               "s" : {
                  "r" : "6",
                  "s" : [ {
                     "value" : [ "","valueset ","\"Dementia & Mental Degenerations\"",": ","'urn:oid:2.16.840.1.113883.3.526.3.1005'" ]
                  } ]
               }
            } ]
         }, {
            "localId" : "7",
            "locator" : "11:1-11:58",
            "name" : "Ethnicity",
            "id" : "urn:oid:2.16.840.1.114222.4.11.837",
            "accessLevel" : "Public",
            "annotation" : [ {
               "type" : "Annotation",
               "s" : {
                  "r" : "7",
                  "s" : [ {
                     "value" : [ "","valueset ","\"Ethnicity\"",": ","'urn:oid:2.16.840.1.114222.4.11.837'" ]
                  } ]
               }
            } ]
         }, {
            "localId" : "8",
            "locator" : "12:1-12:87",
            "name" : "Home Healthcare Services",
            "id" : "urn:oid:2.16.840.1.113883.3.464.1003.101.12.1016",
            "accessLevel" : "Public",
            "annotation" : [ {
               "type" : "Annotation",
               "s" : {
                  "r" : "8",
                  "s" : [ {
                     "value" : [ "","valueset ","\"Home Healthcare Services\"",": ","'urn:oid:2.16.840.1.113883.3.464.1003.101.12.1016'" ]
                  } ]
               }
            } ]
         }, {
            "localId" : "9",
            "locator" : "13:1-13:85",
            "name" : "Nursing Facility Visit",
            "id" : "urn:oid:2.16.840.1.113883.3.464.1003.101.12.1012",
            "accessLevel" : "Public",
            "annotation" : [ {
               "type" : "Annotation",
               "s" : {
                  "r" : "9",
                  "s" : [ {
                     "value" : [ "","valueset ","\"Nursing Facility Visit\"",": ","'urn:oid:2.16.840.1.113883.3.464.1003.101.12.1012'" ]
                  } ]
               }
            } ]
         }, {
            "localId" : "10",
            "locator" : "14:1-14:84",
            "name" : "Occupational Therapy Evaluation",
            "id" : "urn:oid:2.16.840.1.113883.3.526.3.1011",
            "accessLevel" : "Public",
            "annotation" : [ {
               "type" : "Annotation",
               "s" : {
                  "r" : "10",
                  "s" : [ {
                     "value" : [ "","valueset ","\"Occupational Therapy Evaluation\"",": ","'urn:oid:2.16.840.1.113883.3.526.3.1011'" ]
                  } ]
               }
            } ]
         }, {
            "localId" : "11",
            "locator" : "15:1-15:75",
            "name" : "Office Visit",
            "id" : "urn:oid:2.16.840.1.113883.3.464.1003.101.12.1001",
            "accessLevel" : "Public",
            "annotation" : [ {
               "type" : "Annotation",
               "s" : {
                  "r" : "11",
                  "s" : [ {
                     "value" : [ "","valueset ","\"Office Visit\"",": ","'urn:oid:2.16.840.1.113883.3.464.1003.101.12.1001'" ]
                  } ]
               }
            } ]
         }, {
            "localId" : "12",
            "locator" : "16:1-16:68",
            "name" : "ONC Administrative Sex",
            "id" : "urn:oid:2.16.840.1.113762.1.4.1",
            "accessLevel" : "Public",
            "annotation" : [ {
               "type" : "Annotation",
               "s" : {
                  "r" : "12",
                  "s" : [ {
                     "value" : [ "","valueset ","\"ONC Administrative Sex\"",": ","'urn:oid:2.16.840.1.113762.1.4.1'" ]
                  } ]
               }
            } ]
         }, {
            "localId" : "13",
            "locator" : "17:1-17:86",
            "name" : "Outpatient Consultation",
            "id" : "urn:oid:2.16.840.1.113883.3.464.1003.101.12.1008",
            "accessLevel" : "Public",
            "annotation" : [ {
               "type" : "Annotation",
               "s" : {
                  "r" : "13",
                  "s" : [ {
                     "value" : [ "","valueset ","\"Outpatient Consultation\"",": ","'urn:oid:2.16.840.1.113883.3.464.1003.101.12.1008'" ]
                  } ]
               }
            } ]
         }, {
            "localId" : "14",
            "locator" : "18:1-18:81",
            "name" : "Patient Provider Interaction",
            "id" : "urn:oid:2.16.840.1.113883.3.526.3.1012",
            "accessLevel" : "Public",
            "annotation" : [ {
               "type" : "Annotation",
               "s" : {
                  "r" : "14",
                  "s" : [ {
                     "value" : [ "","valueset ","\"Patient Provider Interaction\"",": ","'urn:oid:2.16.840.1.113883.3.526.3.1012'" ]
                  } ]
               }
            } ]
         }, {
            "localId" : "15",
            "locator" : "19:1-19:67",
            "name" : "Patient Reason",
            "id" : "urn:oid:2.16.840.1.113883.3.526.3.1008",
            "accessLevel" : "Public",
            "annotation" : [ {
               "type" : "Annotation",
               "s" : {
                  "r" : "15",
                  "s" : [ {
                     "value" : [ "","valueset ","\"Patient Reason\"",": ","'urn:oid:2.16.840.1.113883.3.526.3.1008'" ]
                  } ]
               }
            } ]
         }, {
            "localId" : "16",
            "locator" : "20:1-20:55",
            "name" : "Payer",
            "id" : "urn:oid:2.16.840.1.114222.4.11.3591",
            "accessLevel" : "Public",
            "annotation" : [ {
               "type" : "Annotation",
               "s" : {
                  "r" : "16",
                  "s" : [ {
                     "value" : [ "","valueset ","\"Payer\"",": ","'urn:oid:2.16.840.1.114222.4.11.3591'" ]
                  } ]
               }
            } ]
         }, {
            "localId" : "17",
            "locator" : "21:1-21:86",
            "name" : "Psych Visit Diagnostic Evaluation",
            "id" : "urn:oid:2.16.840.1.113883.3.526.3.1492",
            "accessLevel" : "Public",
            "annotation" : [ {
               "type" : "Annotation",
               "s" : {
                  "r" : "17",
                  "s" : [ {
                     "value" : [ "","valueset ","\"Psych Visit Diagnostic Evaluation\"",": ","'urn:oid:2.16.840.1.113883.3.526.3.1492'" ]
                  } ]
               }
            } ]
         }, {
            "localId" : "18",
            "locator" : "22:1-22:78",
            "name" : "Psych Visit Psychotherapy",
            "id" : "urn:oid:2.16.840.1.113883.3.526.3.1496",
            "accessLevel" : "Public",
            "annotation" : [ {
               "type" : "Annotation",
               "s" : {
                  "r" : "18",
                  "s" : [ {
                     "value" : [ "","valueset ","\"Psych Visit Psychotherapy\"",": ","'urn:oid:2.16.840.1.113883.3.526.3.1496'" ]
                  } ]
               }
            } ]
         }, {
            "localId" : "19",
            "locator" : "23:1-23:53",
            "name" : "Race",
            "id" : "urn:oid:2.16.840.1.114222.4.11.836",
            "accessLevel" : "Public",
            "annotation" : [ {
               "type" : "Annotation",
               "s" : {
                  "r" : "19",
                  "s" : [ {
                     "value" : [ "","valueset ","\"Race\"",": ","'urn:oid:2.16.840.1.114222.4.11.836'" ]
                  } ]
               }
            } ]
         }, {
            "localId" : "20",
            "locator" : "24:1-24:99",
            "name" : "Standardized Tools for Assessment of Cognition",
            "id" : "urn:oid:2.16.840.1.113883.3.526.3.1006",
            "accessLevel" : "Public",
            "annotation" : [ {
               "type" : "Annotation",
               "s" : {
                  "r" : "20",
                  "s" : [ {
                     "value" : [ "","valueset ","\"Standardized Tools for Assessment of Cognition\"",": ","'urn:oid:2.16.840.1.113883.3.526.3.1006'" ]
                  } ]
               }
            } ]
         } ]
      },
      "contexts" : {
         "def" : [ {
            "locator" : "28:1-28:15",
            "name" : "Patient"
         } ]
      },
      "statements" : {
         "def" : [ {
            "locator" : "28:1-28:15",
            "name" : "Patient",
            "context" : "Patient",
            "expression" : {
               "type" : "SingletonFrom",
               "operand" : {
                  "locator" : "28:1-28:15",
                  "dataType" : "{urn:healthit-gov:qdm:v5_6}Patient",
                  "templateId" : "Patient",
                  "type" : "Retrieve"
               }
            }
         }, {
            "localId" : "45",
            "locator" : "76:1-85:61",
            "name" : "Encounter to Assess Cognition",
            "context" : "Patient",
            "accessLevel" : "Public",
            "annotation" : [ {
               "type" : "Annotation",
               "s" : {
                  "r" : "45",
                  "s" : [ {
                     "value" : [ "","define ","\"Encounter to Assess Cognition\"",":\n  " ]
                  }, {
                     "r" : "44",
                     "s" : [ {
                        "r" : "42",
                        "s" : [ {
                           "r" : "40",
                           "s" : [ {
                              "r" : "38",
                              "s" : [ {
                                 "r" : "36",
                                 "s" : [ {
                                    "r" : "34",
                                    "s" : [ {
                                       "r" : "32",
                                       "s" : [ {
                                          "r" : "30",
                                          "s" : [ {
                                             "r" : "28",
                                             "s" : [ {
                                                "value" : [ "[","\"Encounter, Performed\"",": " ]
                                             }, {
                                                "s" : [ {
                                                   "value" : [ "\"Psych Visit Diagnostic Evaluation\"" ]
                                                } ]
                                             }, {
                                                "value" : [ "]" ]
                                             } ]
                                          }, {
                                             "value" : [ "\n    union " ]
                                          }, {
                                             "r" : "29",
                                             "s" : [ {
                                                "value" : [ "[","\"Encounter, Performed\"",": " ]
                                             }, {
                                                "s" : [ {
                                                   "value" : [ "\"Nursing Facility Visit\"" ]
                                                } ]
                                             }, {
                                                "value" : [ "]" ]
                                             } ]
                                          } ]
                                       }, {
                                          "value" : [ "\n    union " ]
                                       }, {
                                          "r" : "31",
                                          "s" : [ {
                                             "value" : [ "[","\"Encounter, Performed\"",": " ]
                                          }, {
                                             "s" : [ {
                                                "value" : [ "\"Care Services in Long Term Residential Facility\"" ]
                                             } ]
                                          }, {
                                             "value" : [ "]" ]
                                          } ]
                                       } ]
                                    }, {
                                       "value" : [ "\n    union " ]
                                    }, {
                                       "r" : "33",
                                       "s" : [ {
                                          "value" : [ "[","\"Encounter, Performed\"",": " ]
                                       }, {
                                          "s" : [ {
                                             "value" : [ "\"Home Healthcare Services\"" ]
                                          } ]
                                       }, {
                                          "value" : [ "]" ]
                                       } ]
                                    } ]
                                 }, {
                                    "value" : [ "\n    union " ]
                                 }, {
                                    "r" : "35",
                                    "s" : [ {
                                       "value" : [ "[","\"Encounter, Performed\"",": " ]
                                    }, {
                                       "s" : [ {
                                          "value" : [ "\"Psych Visit Psychotherapy\"" ]
                                       } ]
                                    }, {
                                       "value" : [ "]" ]
                                    } ]
                                 } ]
                              }, {
                                 "value" : [ "\n    union " ]
                              }, {
                                 "r" : "37",
                                 "s" : [ {
                                    "value" : [ "[","\"Encounter, Performed\"",": " ]
                                 }, {
                                    "s" : [ {
                                       "value" : [ "\"Behavioral/Neuropsych Assessment\"" ]
                                    } ]
                                 }, {
                                    "value" : [ "]" ]
                                 } ]
                              } ]
                           }, {
                              "value" : [ "\n    union " ]
                           }, {
                              "r" : "39",
                              "s" : [ {
                                 "value" : [ "[","\"Encounter, Performed\"",": " ]
                              }, {
                                 "s" : [ {
                                    "value" : [ "\"Occupational Therapy Evaluation\"" ]
                                 } ]
                              }, {
                                 "value" : [ "]" ]
                              } ]
                           } ]
                        }, {
                           "value" : [ "\n    union " ]
                        }, {
                           "r" : "41",
                           "s" : [ {
                              "value" : [ "[","\"Encounter, Performed\"",": " ]
                           }, {
                              "s" : [ {
                                 "value" : [ "\"Office Visit\"" ]
                              } ]
                           }, {
                              "value" : [ "]" ]
                           } ]
                        } ]
                     }, {
                        "value" : [ "\n    union " ]
                     }, {
                        "r" : "43",
                        "s" : [ {
                           "value" : [ "[","\"Encounter, Performed\"",": " ]
                        }, {
                           "s" : [ {
                              "value" : [ "\"Outpatient Consultation\"" ]
                           } ]
                        }, {
                           "value" : [ "]" ]
                        } ]
                     } ]
                  } ]
               }
            } ],
            "expression" : {
               "localId" : "44",
               "locator" : "77:3-85:61",
               "type" : "Union",
               "operand" : [ {
                  "localId" : "42",
                  "locator" : "77:3-84:50",
                  "type" : "Union",
                  "operand" : [ {
                     "localId" : "38",
                     "locator" : "77:3-82:70",
                     "type" : "Union",
                     "operand" : [ {
                        "localId" : "34",
                        "locator" : "77:3-80:62",
                        "type" : "Union",
                        "operand" : [ {
                           "localId" : "30",
                           "locator" : "77:3-78:60",
                           "type" : "Union",
                           "operand" : [ {
                              "localId" : "28",
                              "locator" : "77:3-77:63",
                              "dataType" : "{urn:healthit-gov:qdm:v5_6}PositiveEncounterPerformed",
                              "templateId" : "PositiveEncounterPerformed",
                              "codeProperty" : "code",
                              "codeComparator" : "in",
                              "type" : "Retrieve",
                              "codes" : {
                                 "locator" : "77:28-77:62",
                                 "name" : "Psych Visit Diagnostic Evaluation",
                                 "type" : "ValueSetRef"
                              }
                           }, {
                              "localId" : "29",
                              "locator" : "78:11-78:60",
                              "dataType" : "{urn:healthit-gov:qdm:v5_6}PositiveEncounterPerformed",
                              "templateId" : "PositiveEncounterPerformed",
                              "codeProperty" : "code",
                              "codeComparator" : "in",
                              "type" : "Retrieve",
                              "codes" : {
                                 "locator" : "78:36-78:59",
                                 "name" : "Nursing Facility Visit",
                                 "type" : "ValueSetRef"
                              }
                           } ]
                        }, {
                           "type" : "Union",
                           "operand" : [ {
                              "localId" : "31",
                              "locator" : "79:11-79:85",
                              "dataType" : "{urn:healthit-gov:qdm:v5_6}PositiveEncounterPerformed",
                              "templateId" : "PositiveEncounterPerformed",
                              "codeProperty" : "code",
                              "codeComparator" : "in",
                              "type" : "Retrieve",
                              "codes" : {
                                 "locator" : "79:36-79:84",
                                 "name" : "Care Services in Long Term Residential Facility",
                                 "type" : "ValueSetRef"
                              }
                           }, {
                              "localId" : "33",
                              "locator" : "80:11-80:62",
                              "dataType" : "{urn:healthit-gov:qdm:v5_6}PositiveEncounterPerformed",
                              "templateId" : "PositiveEncounterPerformed",
                              "codeProperty" : "code",
                              "codeComparator" : "in",
                              "type" : "Retrieve",
                              "codes" : {
                                 "locator" : "80:36-80:61",
                                 "name" : "Home Healthcare Services",
                                 "type" : "ValueSetRef"
                              }
                           } ]
                        } ]
                     }, {
                        "type" : "Union",
                        "operand" : [ {
                           "localId" : "35",
                           "locator" : "81:11-81:63",
                           "dataType" : "{urn:healthit-gov:qdm:v5_6}PositiveEncounterPerformed",
                           "templateId" : "PositiveEncounterPerformed",
                           "codeProperty" : "code",
                           "codeComparator" : "in",
                           "type" : "Retrieve",
                           "codes" : {
                              "locator" : "81:36-81:62",
                              "name" : "Psych Visit Psychotherapy",
                              "type" : "ValueSetRef"
                           }
                        }, {
                           "localId" : "37",
                           "locator" : "82:11-82:70",
                           "dataType" : "{urn:healthit-gov:qdm:v5_6}PositiveEncounterPerformed",
                           "templateId" : "PositiveEncounterPerformed",
                           "codeProperty" : "code",
                           "codeComparator" : "in",
                           "type" : "Retrieve",
                           "codes" : {
                              "locator" : "82:36-82:69",
                              "name" : "Behavioral/Neuropsych Assessment",
                              "type" : "ValueSetRef"
                           }
                        } ]
                     } ]
                  }, {
                     "type" : "Union",
                     "operand" : [ {
                        "localId" : "39",
                        "locator" : "83:11-83:69",
                        "dataType" : "{urn:healthit-gov:qdm:v5_6}PositiveEncounterPerformed",
                        "templateId" : "PositiveEncounterPerformed",
                        "codeProperty" : "code",
                        "codeComparator" : "in",
                        "type" : "Retrieve",
                        "codes" : {
                           "locator" : "83:36-83:68",
                           "name" : "Occupational Therapy Evaluation",
                           "type" : "ValueSetRef"
                        }
                     }, {
                        "localId" : "41",
                        "locator" : "84:11-84:50",
                        "dataType" : "{urn:healthit-gov:qdm:v5_6}PositiveEncounterPerformed",
                        "templateId" : "PositiveEncounterPerformed",
                        "codeProperty" : "code",
                        "codeComparator" : "in",
                        "type" : "Retrieve",
                        "codes" : {
                           "locator" : "84:36-84:49",
                           "name" : "Office Visit",
                           "type" : "ValueSetRef"
                        }
                     } ]
                  } ]
               }, {
                  "localId" : "43",
                  "locator" : "85:11-85:61",
                  "dataType" : "{urn:healthit-gov:qdm:v5_6}PositiveEncounterPerformed",
                  "templateId" : "PositiveEncounterPerformed",
                  "codeProperty" : "code",
                  "codeComparator" : "in",
                  "type" : "Retrieve",
                  "codes" : {
                     "locator" : "85:36-85:60",
                     "name" : "Outpatient Consultation",
                     "type" : "ValueSetRef"
                  }
               } ]
            }
         }, {
            "localId" : "62",
            "locator" : "70:1-74:86",
            "name" : "Dementia Encounter During Measurement Period",
            "context" : "Patient",
            "accessLevel" : "Public",
            "annotation" : [ {
               "type" : "Annotation",
               "s" : {
                  "r" : "62",
                  "s" : [ {
                     "value" : [ "","define ","\"Dementia Encounter During Measurement Period\"",":\n  " ]
                  }, {
                     "r" : "61",
                     "s" : [ {
                        "s" : [ {
                           "r" : "47",
                           "s" : [ {
                              "r" : "46",
                              "s" : [ {
                                 "s" : [ {
                                    "value" : [ "\"Encounter to Assess Cognition\"" ]
                                 } ]
                              } ]
                           }, {
                              "value" : [ " ","EncounterAssessCognition" ]
                           } ]
                        } ]
                     }, {
                        "value" : [ "\n    " ]
                     }, {
                        "r" : "60",
                        "s" : [ {
                           "value" : [ "with " ]
                        }, {
                           "r" : "49",
                           "s" : [ {
                              "r" : "48",
                              "s" : [ {
                                 "r" : "48",
                                 "s" : [ {
                                    "value" : [ "[","\"Diagnosis\"",": " ]
                                 }, {
                                    "s" : [ {
                                       "value" : [ "\"Dementia & Mental Degenerations\"" ]
                                    } ]
                                 }, {
                                    "value" : [ "]" ]
                                 } ]
                              } ]
                           }, {
                              "value" : [ " ","Dementia" ]
                           } ]
                        }, {
                           "value" : [ "\n      such that " ]
                        }, {
                           "r" : "59",
                           "s" : [ {
                              "r" : "53",
                              "s" : [ {
                                 "r" : "51",
                                 "s" : [ {
                                    "r" : "50",
                                    "s" : [ {
                                       "value" : [ "EncounterAssessCognition" ]
                                    } ]
                                 }, {
                                    "value" : [ "." ]
                                 }, {
                                    "r" : "51",
                                    "s" : [ {
                                       "value" : [ "relevantPeriod" ]
                                    } ]
                                 } ]
                              }, {
                                 "r" : "53",
                                 "value" : [ " ","during"," " ]
                              }, {
                                 "r" : "52",
                                 "s" : [ {
                                    "value" : [ "\"Measurement Period\"" ]
                                 } ]
                              } ]
                           }, {
                              "value" : [ "\n        and " ]
                           }, {
                              "r" : "58",
                              "s" : [ {
                                 "r" : "55",
                                 "s" : [ {
                                    "r" : "54",
                                    "s" : [ {
                                       "value" : [ "Dementia" ]
                                    } ]
                                 }, {
                                    "value" : [ "." ]
                                 }, {
                                    "r" : "55",
                                    "s" : [ {
                                       "value" : [ "prevalencePeriod" ]
                                    } ]
                                 } ]
                              }, {
                                 "r" : "58",
                                 "value" : [ " ","overlaps"," " ]
                              }, {
                                 "r" : "57",
                                 "s" : [ {
                                    "r" : "56",
                                    "s" : [ {
                                       "value" : [ "EncounterAssessCognition" ]
                                    } ]
                                 }, {
                                    "value" : [ "." ]
                                 }, {
                                    "r" : "57",
                                    "s" : [ {
                                       "value" : [ "relevantPeriod" ]
                                    } ]
                                 } ]
                              } ]
                           } ]
                        } ]
                     } ]
                  } ]
               }
            } ],
            "expression" : {
               "localId" : "61",
               "locator" : "71:3-74:86",
               "type" : "Query",
               "source" : [ {
                  "localId" : "47",
                  "locator" : "71:3-71:58",
                  "alias" : "EncounterAssessCognition",
                  "expression" : {
                     "localId" : "46",
                     "locator" : "71:3-71:33",
                     "name" : "Encounter to Assess Cognition",
                     "type" : "ExpressionRef"
                  }
               } ],
               "relationship" : [ {
                  "localId" : "60",
                  "locator" : "72:5-74:86",
                  "alias" : "Dementia",
                  "type" : "With",
                  "expression" : {
                     "localId" : "48",
                     "locator" : "72:10-72:57",
                     "dataType" : "{urn:healthit-gov:qdm:v5_6}Diagnosis",
                     "codeProperty" : "code",
                     "codeComparator" : "in",
                     "type" : "Retrieve",
                     "codes" : {
                        "locator" : "72:24-72:56",
                        "name" : "Dementia & Mental Degenerations",
                        "type" : "ValueSetRef"
                     }
                  },
                  "suchThat" : {
                     "localId" : "59",
                     "locator" : "73:17-74:86",
                     "type" : "And",
                     "operand" : [ {
                        "localId" : "53",
                        "locator" : "73:17-73:83",
                        "type" : "IncludedIn",
                        "operand" : [ {
                           "localId" : "51",
                           "locator" : "73:17-73:55",
                           "path" : "relevantPeriod",
                           "scope" : "EncounterAssessCognition",
                           "type" : "Property"
                        }, {
                           "localId" : "52",
                           "locator" : "73:64-73:83",
                           "name" : "Measurement Period",
                           "type" : "ParameterRef"
                        } ]
                     }, {
                        "localId" : "58",
                        "locator" : "74:13-74:86",
                        "type" : "Overlaps",
                        "operand" : [ {
                           "localId" : "55",
                           "locator" : "74:13-74:37",
                           "path" : "prevalencePeriod",
                           "scope" : "Dementia",
                           "type" : "Property"
                        }, {
                           "localId" : "57",
                           "locator" : "74:48-74:86",
                           "path" : "relevantPeriod",
                           "scope" : "EncounterAssessCognition",
                           "type" : "Property"
                        } ]
                     } ]
                  }
               } ]
            }
         }, {
            "localId" : "81",
            "locator" : "62:1-68:48",
            "name" : "Assessment of Cognition Using Standardized Tools or Alternate Methods",
            "context" : "Patient",
            "accessLevel" : "Public",
            "annotation" : [ {
               "type" : "Annotation",
               "s" : {
                  "r" : "81",
                  "s" : [ {
                     "value" : [ "","define ","\"Assessment of Cognition Using Standardized Tools or Alternate Methods\"",":\n  " ]
                  }, {
                     "r" : "80",
                     "s" : [ {
                        "s" : [ {
                           "r" : "27",
                           "s" : [ {
                              "r" : "26",
                              "s" : [ {
                                 "value" : [ "( " ]
                              }, {
                                 "r" : "26",
                                 "s" : [ {
                                    "r" : "24",
                                    "s" : [ {
                                       "value" : [ "[","\"Assessment, Performed\"",": " ]
                                    }, {
                                       "s" : [ {
                                          "value" : [ "\"Standardized Tools for Assessment of Cognition\"" ]
                                       } ]
                                    }, {
                                       "value" : [ "]" ]
                                    } ]
                                 }, {
                                    "value" : [ "\n    union " ]
                                 }, {
                                    "r" : "25",
                                    "s" : [ {
                                       "value" : [ "[","\"Intervention, Performed\"",": " ]
                                    }, {
                                       "s" : [ {
                                          "value" : [ "\"Cognitive Assessment\"" ]
                                       } ]
                                    }, {
                                       "value" : [ "]" ]
                                    } ]
                                 } ]
                              }, {
                                 "value" : [ " )" ]
                              } ]
                           }, {
                              "value" : [ " ","CognitiveAssessment" ]
                           } ]
                        } ]
                     }, {
                        "value" : [ "\n    " ]
                     }, {
                        "r" : "76",
                        "s" : [ {
                           "value" : [ "with " ]
                        }, {
                           "r" : "64",
                           "s" : [ {
                              "r" : "63",
                              "s" : [ {
                                 "s" : [ {
                                    "value" : [ "\"Dementia Encounter During Measurement Period\"" ]
                                 } ]
                              } ]
                           }, {
                              "value" : [ " ","EncounterDementia" ]
                           } ]
                        }, {
                           "value" : [ "\n      such that " ]
                        }, {
                           "r" : "75",
                           "s" : [ {
                              "r" : "70",
                              "s" : [ {
                                 "r" : "65",
                                 "s" : [ {
                                    "value" : [ "Global" ]
                                 } ]
                              }, {
                                 "value" : [ "." ]
                              }, {
                                 "r" : "70",
                                 "s" : [ {
                                    "value" : [ "\"NormalizeInterval\""," ( " ]
                                 }, {
                                    "r" : "67",
                                    "s" : [ {
                                       "r" : "66",
                                       "s" : [ {
                                          "value" : [ "CognitiveAssessment" ]
                                       } ]
                                    }, {
                                       "value" : [ "." ]
                                    }, {
                                       "r" : "67",
                                       "s" : [ {
                                          "value" : [ "relevantDatetime" ]
                                       } ]
                                    } ]
                                 }, {
                                    "value" : [ ", " ]
                                 }, {
                                    "r" : "69",
                                    "s" : [ {
                                       "r" : "68",
                                       "s" : [ {
                                          "value" : [ "CognitiveAssessment" ]
                                       } ]
                                    }, {
                                       "value" : [ "." ]
                                    }, {
                                       "r" : "69",
                                       "s" : [ {
                                          "value" : [ "relevantPeriod" ]
                                       } ]
                                    } ]
                                 }, {
                                    "value" : [ " )" ]
                                 } ]
                              } ]
                           }, {
                              "value" : [ " " ]
                           }, {
                              "r" : "75",
                              "s" : [ {
                                 "value" : [ "starts " ]
                              }, {
                                 "r" : "74",
                                 "s" : [ {
                                    "value" : [ "12 ","months" ]
                                 } ]
                              }, {
                                 "value" : [ " or less on or before day of" ]
                              } ]
                           }, {
                              "value" : [ " \n      " ]
                           }, {
                              "r" : "73",
                              "s" : [ {
                                 "value" : [ "end of " ]
                              }, {
                                 "r" : "72",
                                 "s" : [ {
                                    "r" : "71",
                                    "s" : [ {
                                       "value" : [ "EncounterDementia" ]
                                    } ]
                                 }, {
                                    "value" : [ "." ]
                                 }, {
                                    "r" : "72",
                                    "s" : [ {
                                       "value" : [ "relevantPeriod" ]
                                    } ]
                                 } ]
                              } ]
                           } ]
                        } ]
                     }, {
                        "value" : [ "\n    " ]
                     }, {
                        "r" : "79",
                        "s" : [ {
                           "value" : [ "where " ]
                        }, {
                           "r" : "79",
                           "s" : [ {
                              "r" : "78",
                              "s" : [ {
                                 "r" : "77",
                                 "s" : [ {
                                    "value" : [ "CognitiveAssessment" ]
                                 } ]
                              }, {
                                 "value" : [ "." ]
                              }, {
                                 "r" : "78",
                                 "s" : [ {
                                    "value" : [ "result" ]
                                 } ]
                              } ]
                           }, {
                              "value" : [ " is not null" ]
                           } ]
                        } ]
                     } ]
                  } ]
               }
            } ],
            "expression" : {
               "localId" : "80",
               "locator" : "63:3-68:48",
               "type" : "Query",
               "source" : [ {
                  "localId" : "27",
                  "locator" : "63:3-64:83",
                  "alias" : "CognitiveAssessment",
                  "expression" : {
                     "localId" : "26",
                     "locator" : "63:3-64:63",
                     "type" : "Union",
                     "operand" : [ {
                        "type" : "As",
                        "operand" : {
                           "localId" : "24",
                           "locator" : "63:5-63:79",
                           "dataType" : "{urn:healthit-gov:qdm:v5_6}PositiveAssessmentPerformed",
                           "templateId" : "PositiveAssessmentPerformed",
                           "codeProperty" : "code",
                           "codeComparator" : "in",
                           "type" : "Retrieve",
                           "codes" : {
                              "locator" : "63:31-63:78",
                              "name" : "Standardized Tools for Assessment of Cognition",
                              "type" : "ValueSetRef"
                           }
                        },
                        "asTypeSpecifier" : {
                           "type" : "ListTypeSpecifier",
                           "elementType" : {
                              "type" : "ChoiceTypeSpecifier",
                              "choice" : [ {
                                 "name" : "{urn:healthit-gov:qdm:v5_6}PositiveInterventionPerformed",
                                 "type" : "NamedTypeSpecifier"
                              }, {
                                 "name" : "{urn:healthit-gov:qdm:v5_6}PositiveAssessmentPerformed",
                                 "type" : "NamedTypeSpecifier"
                              } ]
                           }
                        }
                     }, {
                        "type" : "As",
                        "operand" : {
                           "localId" : "25",
                           "locator" : "64:11-64:61",
                           "dataType" : "{urn:healthit-gov:qdm:v5_6}PositiveInterventionPerformed",
                           "templateId" : "PositiveInterventionPerformed",
                           "codeProperty" : "code",
                           "codeComparator" : "in",
                           "type" : "Retrieve",
                           "codes" : {
                              "locator" : "64:39-64:60",
                              "name" : "Cognitive Assessment",
                              "type" : "ValueSetRef"
                           }
                        },
                        "asTypeSpecifier" : {
                           "type" : "ListTypeSpecifier",
                           "elementType" : {
                              "type" : "ChoiceTypeSpecifier",
                              "choice" : [ {
                                 "name" : "{urn:healthit-gov:qdm:v5_6}PositiveInterventionPerformed",
                                 "type" : "NamedTypeSpecifier"
                              }, {
                                 "name" : "{urn:healthit-gov:qdm:v5_6}PositiveAssessmentPerformed",
                                 "type" : "NamedTypeSpecifier"
                              } ]
                           }
                        }
                     } ]
                  }
               } ],
               "relationship" : [ {
                  "localId" : "76",
                  "locator" : "65:5-67:45",
                  "alias" : "EncounterDementia",
                  "type" : "With",
                  "expression" : {
                     "localId" : "63",
                     "locator" : "65:10-65:55",
                     "name" : "Dementia Encounter During Measurement Period",
                     "type" : "ExpressionRef"
                  },
                  "suchThat" : {
                     "localId" : "75",
                     "locator" : "66:17-67:45",
                     "type" : "And",
                     "operand" : [ {
                        "locator" : "66:128-66:144",
                        "precision" : "Day",
                        "type" : "In",
                        "operand" : [ {
                           "locator" : "66:121-66:126",
                           "type" : "Start",
                           "operand" : {
                              "localId" : "70",
                              "locator" : "66:17-66:119",
                              "name" : "NormalizeInterval",
                              "libraryName" : "Global",
                              "type" : "FunctionRef",
                              "operand" : [ {
                                 "localId" : "67",
                                 "locator" : "66:46-66:81",
                                 "path" : "relevantDatetime",
                                 "scope" : "CognitiveAssessment",
                                 "type" : "Property"
                              }, {
                                 "localId" : "69",
                                 "locator" : "66:84-66:117",
                                 "path" : "relevantPeriod",
                                 "scope" : "CognitiveAssessment",
                                 "type" : "Property"
                              } ]
                           }
                        }, {
                           "locator" : "66:128-66:144",
                           "lowClosed" : true,
                           "highClosed" : true,
                           "type" : "Interval",
                           "low" : {
                              "locator" : "67:7-67:45",
                              "type" : "Subtract",
                              "operand" : [ {
                                 "localId" : "73",
                                 "locator" : "67:7-67:45",
                                 "type" : "End",
                                 "operand" : {
                                    "localId" : "72",
                                    "locator" : "67:14-67:45",
                                    "path" : "relevantPeriod",
                                    "scope" : "EncounterDementia",
                                    "type" : "Property"
                                 }
                              }, {
                                 "localId" : "74",
                                 "locator" : "66:128-66:136",
                                 "value" : 12,
                                 "unit" : "months",
                                 "type" : "Quantity"
                              } ]
                           },
                           "high" : {
                              "localId" : "73",
                              "locator" : "67:7-67:45",
                              "type" : "End",
                              "operand" : {
                                 "localId" : "72",
                                 "locator" : "67:14-67:45",
                                 "path" : "relevantPeriod",
                                 "scope" : "EncounterDementia",
                                 "type" : "Property"
                              }
                           }
                        } ]
                     }, {
                        "locator" : "66:128-66:144",
                        "type" : "Not",
                        "operand" : {
                           "locator" : "66:128-66:144",
                           "type" : "IsNull",
                           "operand" : {
                              "localId" : "73",
                              "locator" : "67:7-67:45",
                              "type" : "End",
                              "operand" : {
                                 "localId" : "72",
                                 "locator" : "67:14-67:45",
                                 "path" : "relevantPeriod",
                                 "scope" : "EncounterDementia",
                                 "type" : "Property"
                              }
                           }
                        }
                     } ]
                  }
               } ],
               "where" : {
                  "localId" : "79",
                  "locator" : "68:5-68:48",
                  "type" : "Not",
                  "operand" : {
                     "locator" : "68:11-68:48",
                     "type" : "IsNull",
                     "operand" : {
                        "localId" : "78",
                        "locator" : "68:11-68:36",
                        "path" : "result",
                        "scope" : "CognitiveAssessment",
                        "type" : "Property"
                     }
                  }
               }
            }
         }, {
            "localId" : "84",
            "locator" : "30:1-31:80",
            "name" : "Numerator",
            "context" : "Patient",
            "accessLevel" : "Public",
            "annotation" : [ {
               "type" : "Annotation",
               "s" : {
                  "r" : "84",
                  "s" : [ {
                     "value" : [ "","define ","\"Numerator\"",":\n  " ]
                  }, {
                     "r" : "83",
                     "s" : [ {
                        "value" : [ "exists " ]
                     }, {
                        "r" : "82",
                        "s" : [ {
                           "value" : [ "\"Assessment of Cognition Using Standardized Tools or Alternate Methods\"" ]
                        } ]
                     } ]
                  } ]
               }
            } ],
            "expression" : {
               "localId" : "83",
               "locator" : "31:3-31:80",
               "type" : "Exists",
               "operand" : {
                  "localId" : "82",
                  "locator" : "31:10-31:80",
                  "name" : "Assessment of Cognition Using Standardized Tools or Alternate Methods",
                  "type" : "ExpressionRef"
               }
            }
         }, {
            "localId" : "86",
            "locator" : "33:1-34:51",
            "name" : "SDE Ethnicity",
            "context" : "Patient",
            "accessLevel" : "Public",
            "annotation" : [ {
               "type" : "Annotation",
               "s" : {
                  "r" : "86",
                  "s" : [ {
                     "value" : [ "","define ","\"SDE Ethnicity\"",":\n  " ]
                  }, {
                     "r" : "85",
                     "s" : [ {
                        "value" : [ "[","\"Patient Characteristic Ethnicity\"",": " ]
                     }, {
                        "s" : [ {
                           "value" : [ "\"Ethnicity\"" ]
                        } ]
                     }, {
                        "value" : [ "]" ]
                     } ]
                  } ]
               }
            } ],
            "expression" : {
               "localId" : "85",
               "locator" : "34:3-34:51",
               "dataType" : "{urn:healthit-gov:qdm:v5_6}PatientCharacteristicEthnicity",
               "codeProperty" : "code",
               "codeComparator" : "in",
               "type" : "Retrieve",
               "codes" : {
                  "locator" : "34:40-34:50",
                  "name" : "Ethnicity",
                  "type" : "ValueSetRef"
               }
            }
         }, {
            "localId" : "88",
            "locator" : "36:1-37:41",
            "name" : "SDE Race",
            "context" : "Patient",
            "accessLevel" : "Public",
            "annotation" : [ {
               "type" : "Annotation",
               "s" : {
                  "r" : "88",
                  "s" : [ {
                     "value" : [ "","define ","\"SDE Race\"",":\n  " ]
                  }, {
                     "r" : "87",
                     "s" : [ {
                        "value" : [ "[","\"Patient Characteristic Race\"",": " ]
                     }, {
                        "s" : [ {
                           "value" : [ "\"Race\"" ]
                        } ]
                     }, {
                        "value" : [ "]" ]
                     } ]
                  } ]
               }
            } ],
            "expression" : {
               "localId" : "87",
               "locator" : "37:3-37:41",
               "dataType" : "{urn:healthit-gov:qdm:v5_6}PatientCharacteristicRace",
               "codeProperty" : "code",
               "codeComparator" : "in",
               "type" : "Retrieve",
               "codes" : {
                  "locator" : "37:35-37:40",
                  "name" : "Race",
                  "type" : "ValueSetRef"
               }
            }
         }, {
            "localId" : "90",
            "locator" : "39:1-40:58",
            "name" : "SDE Sex",
            "context" : "Patient",
            "accessLevel" : "Public",
            "annotation" : [ {
               "type" : "Annotation",
               "s" : {
                  "r" : "90",
                  "s" : [ {
                     "value" : [ "","define ","\"SDE Sex\"",":\n  " ]
                  }, {
                     "r" : "89",
                     "s" : [ {
                        "value" : [ "[","\"Patient Characteristic Sex\"",": " ]
                     }, {
                        "s" : [ {
                           "value" : [ "\"ONC Administrative Sex\"" ]
                        } ]
                     }, {
                        "value" : [ "]" ]
                     } ]
                  } ]
               }
            } ],
            "expression" : {
               "localId" : "89",
               "locator" : "40:3-40:58",
               "dataType" : "{urn:healthit-gov:qdm:v5_6}PatientCharacteristicSex",
               "codeProperty" : "code",
               "codeComparator" : "in",
               "type" : "Retrieve",
               "codes" : {
                  "locator" : "40:34-40:57",
                  "name" : "ONC Administrative Sex",
                  "type" : "ValueSetRef"
               }
            }
         }, {
            "localId" : "108",
            "locator" : "42:1-47:69",
            "name" : "Patient Reason for Not Performing Assessment of Cognition Using Standardized Tools or Alternate Methods",
            "context" : "Patient",
            "accessLevel" : "Public",
            "annotation" : [ {
               "type" : "Annotation",
               "s" : {
                  "r" : "108",
                  "s" : [ {
                     "value" : [ "","define ","\"Patient Reason for Not Performing Assessment of Cognition Using Standardized Tools or Alternate Methods\"",":\n  " ]
                  }, {
                     "r" : "107",
                     "s" : [ {
                        "s" : [ {
                           "r" : "94",
                           "s" : [ {
                              "r" : "93",
                              "s" : [ {
                                 "value" : [ "( " ]
                              }, {
                                 "r" : "93",
                                 "s" : [ {
                                    "r" : "91",
                                    "s" : [ {
                                       "value" : [ "[","\"Assessment, Not Performed\"",": " ]
                                    }, {
                                       "s" : [ {
                                          "value" : [ "\"Standardized Tools for Assessment of Cognition\"" ]
                                       } ]
                                    }, {
                                       "value" : [ "]" ]
                                    } ]
                                 }, {
                                    "value" : [ "\n    union " ]
                                 }, {
                                    "r" : "92",
                                    "s" : [ {
                                       "value" : [ "[","\"Intervention, Not Performed\"",": " ]
                                    }, {
                                       "s" : [ {
                                          "value" : [ "\"Cognitive Assessment\"" ]
                                       } ]
                                    }, {
                                       "value" : [ "]" ]
                                    } ]
                                 } ]
                              }, {
                                 "value" : [ " )" ]
                              } ]
                           }, {
                              "value" : [ " ","NoCognitiveAssessment" ]
                           } ]
                        } ]
                     }, {
                        "value" : [ "\n    " ]
                     }, {
                        "r" : "102",
                        "s" : [ {
                           "value" : [ "with " ]
                        }, {
                           "r" : "96",
                           "s" : [ {
                              "r" : "95",
                              "s" : [ {
                                 "s" : [ {
                                    "value" : [ "\"Dementia Encounter During Measurement Period\"" ]
                                 } ]
                              } ]
                           }, {
                              "value" : [ " ","EncounterDementia" ]
                           } ]
                        }, {
                           "value" : [ "\n      such that " ]
                        }, {
                           "r" : "101",
                           "s" : [ {
                              "r" : "98",
                              "s" : [ {
                                 "r" : "97",
                                 "s" : [ {
                                    "value" : [ "NoCognitiveAssessment" ]
                                 } ]
                              }, {
                                 "value" : [ "." ]
                              }, {
                                 "r" : "98",
                                 "s" : [ {
                                    "value" : [ "authorDatetime" ]
                                 } ]
                              } ]
                           }, {
                              "r" : "101",
                              "value" : [ " ","during"," " ]
                           }, {
                              "r" : "100",
                              "s" : [ {
                                 "r" : "99",
                                 "s" : [ {
                                    "value" : [ "EncounterDementia" ]
                                 } ]
                              }, {
                                 "value" : [ "." ]
                              }, {
                                 "r" : "100",
                                 "s" : [ {
                                    "value" : [ "relevantPeriod" ]
                                 } ]
                              } ]
                           } ]
                        } ]
                     }, {
                        "value" : [ "\n    " ]
                     }, {
                        "r" : "106",
                        "s" : [ {
                           "value" : [ "where " ]
                        }, {
                           "r" : "106",
                           "s" : [ {
                              "r" : "104",
                              "s" : [ {
                                 "r" : "103",
                                 "s" : [ {
                                    "value" : [ "NoCognitiveAssessment" ]
                                 } ]
                              }, {
                                 "value" : [ "." ]
                              }, {
                                 "r" : "104",
                                 "s" : [ {
                                    "value" : [ "negationRationale" ]
                                 } ]
                              } ]
                           }, {
                              "value" : [ " in " ]
                           }, {
                              "r" : "105",
                              "s" : [ {
                                 "value" : [ "\"Patient Reason\"" ]
                              } ]
                           } ]
                        } ]
                     } ]
                  } ]
               }
            } ],
            "expression" : {
               "localId" : "107",
               "locator" : "43:3-47:69",
               "type" : "Query",
               "source" : [ {
                  "localId" : "94",
                  "locator" : "43:3-44:89",
                  "alias" : "NoCognitiveAssessment",
                  "expression" : {
                     "localId" : "93",
                     "locator" : "43:3-44:67",
                     "type" : "Union",
                     "operand" : [ {
                        "type" : "As",
                        "operand" : {
                           "localId" : "91",
                           "locator" : "43:5-43:83",
                           "dataType" : "{urn:healthit-gov:qdm:v5_6}NegativeAssessmentPerformed",
                           "templateId" : "NegativeAssessmentPerformed",
                           "codeProperty" : "code",
                           "codeComparator" : "in",
                           "type" : "Retrieve",
                           "codes" : {
                              "locator" : "43:35-43:82",
                              "name" : "Standardized Tools for Assessment of Cognition",
                              "type" : "ValueSetRef"
                           }
                        },
                        "asTypeSpecifier" : {
                           "type" : "ListTypeSpecifier",
                           "elementType" : {
                              "type" : "ChoiceTypeSpecifier",
                              "choice" : [ {
                                 "name" : "{urn:healthit-gov:qdm:v5_6}NegativeAssessmentPerformed",
                                 "type" : "NamedTypeSpecifier"
                              }, {
                                 "name" : "{urn:healthit-gov:qdm:v5_6}NegativeInterventionPerformed",
                                 "type" : "NamedTypeSpecifier"
                              } ]
                           }
                        }
                     }, {
                        "type" : "As",
                        "operand" : {
                           "localId" : "92",
                           "locator" : "44:11-44:65",
                           "dataType" : "{urn:healthit-gov:qdm:v5_6}NegativeInterventionPerformed",
                           "templateId" : "NegativeInterventionPerformed",
                           "codeProperty" : "code",
                           "codeComparator" : "in",
                           "type" : "Retrieve",
                           "codes" : {
                              "locator" : "44:43-44:64",
                              "name" : "Cognitive Assessment",
                              "type" : "ValueSetRef"
                           }
                        },
                        "asTypeSpecifier" : {
                           "type" : "ListTypeSpecifier",
                           "elementType" : {
                              "type" : "ChoiceTypeSpecifier",
                              "choice" : [ {
                                 "name" : "{urn:healthit-gov:qdm:v5_6}NegativeAssessmentPerformed",
                                 "type" : "NamedTypeSpecifier"
                              }, {
                                 "name" : "{urn:healthit-gov:qdm:v5_6}NegativeInterventionPerformed",
                                 "type" : "NamedTypeSpecifier"
                              } ]
                           }
                        }
                     } ]
                  }
               } ],
               "relationship" : [ {
                  "localId" : "102",
                  "locator" : "45:5-46:92",
                  "alias" : "EncounterDementia",
                  "type" : "With",
                  "expression" : {
                     "localId" : "95",
                     "locator" : "45:10-45:55",
                     "name" : "Dementia Encounter During Measurement Period",
                     "type" : "ExpressionRef"
                  },
                  "suchThat" : {
                     "localId" : "101",
                     "locator" : "46:17-46:92",
                     "type" : "In",
                     "operand" : [ {
                        "localId" : "98",
                        "locator" : "46:17-46:52",
                        "path" : "authorDatetime",
                        "scope" : "NoCognitiveAssessment",
                        "type" : "Property"
                     }, {
                        "localId" : "100",
                        "locator" : "46:61-46:92",
                        "path" : "relevantPeriod",
                        "scope" : "EncounterDementia",
                        "type" : "Property"
                     } ]
                  }
               } ],
               "where" : {
                  "localId" : "106",
                  "locator" : "47:5-47:69",
                  "type" : "InValueSet",
                  "code" : {
                     "localId" : "104",
                     "locator" : "47:11-47:49",
                     "path" : "negationRationale",
                     "scope" : "NoCognitiveAssessment",
                     "type" : "Property"
                  },
                  "valueset" : {
                     "localId" : "105",
                     "locator" : "47:54-47:69",
                     "name" : "Patient Reason",
                     "type" : "ValueSetRef"
                  }
               }
            }
         }, {
            "localId" : "111",
            "locator" : "49:1-50:114",
            "name" : "Denominator Exceptions",
            "context" : "Patient",
            "accessLevel" : "Public",
            "annotation" : [ {
               "type" : "Annotation",
               "s" : {
                  "r" : "111",
                  "s" : [ {
                     "value" : [ "","define ","\"Denominator Exceptions\"",":\n  " ]
                  }, {
                     "r" : "110",
                     "s" : [ {
                        "value" : [ "exists " ]
                     }, {
                        "r" : "109",
                        "s" : [ {
                           "value" : [ "\"Patient Reason for Not Performing Assessment of Cognition Using Standardized Tools or Alternate Methods\"" ]
                        } ]
                     } ]
                  } ]
               }
            } ],
            "expression" : {
               "localId" : "110",
               "locator" : "50:3-50:114",
               "type" : "Exists",
               "operand" : {
                  "localId" : "109",
                  "locator" : "50:10-50:114",
                  "name" : "Patient Reason for Not Performing Assessment of Cognition Using Standardized Tools or Alternate Methods",
                  "type" : "ExpressionRef"
               }
            }
         }, {
            "localId" : "123",
            "locator" : "87:1-90:67",
            "name" : "Qualifying Encounter During Measurement Period",
            "context" : "Patient",
            "accessLevel" : "Public",
            "annotation" : [ {
               "type" : "Annotation",
               "s" : {
                  "r" : "123",
                  "s" : [ {
                     "value" : [ "","define ","\"Qualifying Encounter During Measurement Period\"",":\n  " ]
                  }, {
                     "r" : "122",
                     "s" : [ {
                        "s" : [ {
                           "r" : "117",
                           "s" : [ {
                              "r" : "116",
                              "s" : [ {
                                 "value" : [ "( " ]
                              }, {
                                 "r" : "116",
                                 "s" : [ {
                                    "r" : "114",
                                    "s" : [ {
                                       "value" : [ "\"Encounter to Assess Cognition\"" ]
                                    } ]
                                 }, {
                                    "value" : [ "\n    union " ]
                                 }, {
                                    "r" : "115",
                                    "s" : [ {
                                       "value" : [ "[","\"Encounter, Performed\"",": " ]
                                    }, {
                                       "s" : [ {
                                          "value" : [ "\"Patient Provider Interaction\"" ]
                                       } ]
                                    }, {
                                       "value" : [ "]" ]
                                    } ]
                                 } ]
                              }, {
                                 "value" : [ " )" ]
                              } ]
                           }, {
                              "value" : [ " ","ValidEncounter" ]
                           } ]
                        } ]
                     }, {
                        "value" : [ "\n    " ]
                     }, {
                        "r" : "121",
                        "s" : [ {
                           "value" : [ "where " ]
                        }, {
                           "r" : "121",
                           "s" : [ {
                              "r" : "119",
                              "s" : [ {
                                 "r" : "118",
                                 "s" : [ {
                                    "value" : [ "ValidEncounter" ]
                                 } ]
                              }, {
                                 "value" : [ "." ]
                              }, {
                                 "r" : "119",
                                 "s" : [ {
                                    "value" : [ "relevantPeriod" ]
                                 } ]
                              } ]
                           }, {
                              "r" : "121",
                              "value" : [ " ","during"," " ]
                           }, {
                              "r" : "120",
                              "s" : [ {
                                 "value" : [ "\"Measurement Period\"" ]
                              } ]
                           } ]
                        } ]
                     } ]
                  } ]
               }
            } ],
            "expression" : {
               "localId" : "122",
               "locator" : "88:3-90:67",
               "type" : "Query",
               "source" : [ {
                  "localId" : "117",
                  "locator" : "88:3-89:83",
                  "alias" : "ValidEncounter",
                  "expression" : {
                     "localId" : "116",
                     "locator" : "88:3-89:68",
                     "type" : "Union",
                     "operand" : [ {
                        "localId" : "114",
                        "locator" : "88:5-88:35",
                        "name" : "Encounter to Assess Cognition",
                        "type" : "ExpressionRef"
                     }, {
                        "localId" : "115",
                        "locator" : "89:11-89:66",
                        "dataType" : "{urn:healthit-gov:qdm:v5_6}PositiveEncounterPerformed",
                        "templateId" : "PositiveEncounterPerformed",
                        "codeProperty" : "code",
                        "codeComparator" : "in",
                        "type" : "Retrieve",
                        "codes" : {
                           "locator" : "89:36-89:65",
                           "name" : "Patient Provider Interaction",
                           "type" : "ValueSetRef"
                        }
                     } ]
                  }
               } ],
               "relationship" : [ ],
               "where" : {
                  "localId" : "121",
                  "locator" : "90:5-90:67",
                  "type" : "IncludedIn",
                  "operand" : [ {
                     "localId" : "119",
                     "locator" : "90:11-90:39",
                     "path" : "relevantPeriod",
                     "scope" : "ValidEncounter",
                     "type" : "Property"
                  }, {
                     "localId" : "120",
                     "locator" : "90:48-90:67",
                     "name" : "Measurement Period",
                     "type" : "ParameterRef"
                  } ]
               }
            }
         }, {
            "localId" : "129",
            "locator" : "52:1-54:71",
            "name" : "Initial Population",
            "context" : "Patient",
            "accessLevel" : "Public",
            "annotation" : [ {
               "type" : "Annotation",
               "s" : {
                  "r" : "129",
                  "s" : [ {
                     "value" : [ "","define ","\"Initial Population\"",":\n  " ]
                  }, {
                     "r" : "128",
                     "s" : [ {
                        "r" : "113",
                        "s" : [ {
                           "value" : [ "exists " ]
                        }, {
                           "r" : "112",
                           "s" : [ {
                              "value" : [ "\"Dementia Encounter During Measurement Period\"" ]
                           } ]
                        } ]
                     }, {
                        "value" : [ "\n    and " ]
                     }, {
                        "r" : "127",
                        "s" : [ {
                           "value" : [ "( " ]
                        }, {
                           "r" : "127",
                           "s" : [ {
                              "r" : "125",
                              "s" : [ {
                                 "value" : [ "Count","(" ]
                              }, {
                                 "r" : "124",
                                 "s" : [ {
                                    "value" : [ "\"Qualifying Encounter During Measurement Period\"" ]
                                 } ]
                              }, {
                                 "value" : [ ")" ]
                              } ]
                           }, {
                              "r" : "126",
                              "value" : [ ">="," ","2" ]
                           } ]
                        }, {
                           "value" : [ " )" ]
                        } ]
                     } ]
                  } ]
               }
            } ],
            "expression" : {
               "localId" : "128",
               "locator" : "53:3-54:71",
               "type" : "And",
               "operand" : [ {
                  "localId" : "113",
                  "locator" : "53:3-53:55",
                  "type" : "Exists",
                  "operand" : {
                     "localId" : "112",
                     "locator" : "53:10-53:55",
                     "name" : "Dementia Encounter During Measurement Period",
                     "type" : "ExpressionRef"
                  }
               }, {
                  "localId" : "127",
                  "locator" : "54:9-54:71",
                  "type" : "GreaterOrEqual",
                  "operand" : [ {
                     "localId" : "125",
                     "locator" : "54:11-54:65",
                     "type" : "Count",
                     "source" : {
                        "localId" : "124",
                        "locator" : "54:17-54:64",
                        "name" : "Qualifying Encounter During Measurement Period",
                        "type" : "ExpressionRef"
                     }
                  }, {
                     "localId" : "126",
                     "locator" : "54:69",
                     "valueType" : "{urn:hl7-org:elm-types:r1}Integer",
                     "value" : "2",
                     "type" : "Literal"
                  } ]
               } ]
            }
         }, {
            "localId" : "131",
            "locator" : "56:1-57:43",
            "name" : "SDE Payer",
            "context" : "Patient",
            "accessLevel" : "Public",
            "annotation" : [ {
               "type" : "Annotation",
               "s" : {
                  "r" : "131",
                  "s" : [ {
                     "value" : [ "","define ","\"SDE Payer\"",":\n  " ]
                  }, {
                     "r" : "130",
                     "s" : [ {
                        "value" : [ "[","\"Patient Characteristic Payer\"",": " ]
                     }, {
                        "s" : [ {
                           "value" : [ "\"Payer\"" ]
                        } ]
                     }, {
                        "value" : [ "]" ]
                     } ]
                  } ]
               }
            } ],
            "expression" : {
               "localId" : "130",
               "locator" : "57:3-57:43",
               "dataType" : "{urn:healthit-gov:qdm:v5_6}PatientCharacteristicPayer",
               "codeProperty" : "code",
               "codeComparator" : "in",
               "type" : "Retrieve",
               "codes" : {
                  "locator" : "57:36-57:42",
                  "name" : "Payer",
                  "type" : "ValueSetRef"
               }
            }
         }, {
            "localId" : "133",
            "locator" : "59:1-60:22",
            "name" : "Denominator",
            "context" : "Patient",
            "accessLevel" : "Public",
            "annotation" : [ {
               "type" : "Annotation",
               "s" : {
                  "r" : "133",
                  "s" : [ {
                     "value" : [ "","define ","\"Denominator\"",":\n  " ]
                  }, {
                     "r" : "132",
                     "s" : [ {
                        "value" : [ "\"Initial Population\"" ]
                     } ]
                  } ]
               }
            } ],
            "expression" : {
               "localId" : "132",
               "locator" : "60:3-60:22",
               "name" : "Initial Population",
               "type" : "ExpressionRef"
            }
         } ]
      }
   }
}