{
   "library" : {
      "annotation" : [ {
         "translatorOptions" : "EnableAnnotations,EnableLocators,DisableListDemotion,DisableListPromotion,DisableMethodInvocation",
         "type" : "CqlToElmInfo"
      }, {
         "type" : "Annotation",
         "s" : {
            "r" : "65",
            "s" : [ {
               "value" : [ "","library DementiaCognitiveAssessment version '13.1.000'" ]
            } ]
         }
      } ],
      "identifier" : {
         "id" : "DementiaCognitiveAssessment",
         "version" : "13.1.000"
      },
      "schemaIdentifier" : {
         "id" : "urn:hl7-org:elm",
         "version" : "r1"
      },
      "usings" : {
         "def" : [ {
            "localIdentifier" : "System",
            "uri" : "urn:hl7-org:elm-types:r1"
         }, {
            "localId" : "1",
            "locator" : "3:1-3:23",
            "localIdentifier" : "QDM",
            "uri" : "urn:healthit-gov:qdm:v5_6",
            "version" : "5.6",
            "annotation" : [ {
               "type" : "Annotation",
               "s" : {
                  "r" : "1",
                  "s" : [ {
                     "value" : [ "","using " ]
                  }, {
                     "s" : [ {
                        "value" : [ "QDM" ]
                     } ]
                  }, {
                     "value" : [ " version ","'5.6'" ]
                  } ]
               }
            } ]
         } ]
      },
      "includes" : {
         "def" : [ {
            "localId" : "2",
            "locator" : "5:1-5:67",
            "localIdentifier" : "Global",
            "path" : "MATGlobalCommonFunctionsQDM",
            "version" : "8.0.000",
            "annotation" : [ {
               "type" : "Annotation",
               "s" : {
                  "r" : "2",
                  "s" : [ {
                     "value" : [ "","include " ]
                  }, {
                     "s" : [ {
                        "value" : [ "MATGlobalCommonFunctionsQDM" ]
                     } ]
                  }, {
                     "value" : [ " version ","'8.0.000'"," called ","Global" ]
                  } ]
               }
            } ]
         } ]
      },
      "parameters" : {
         "def" : [ {
            "localId" : "23",
            "locator" : "26:1-26:49",
            "name" : "Measurement Period",
            "accessLevel" : "Public",
            "annotation" : [ {
               "type" : "Annotation",
               "s" : {
                  "r" : "23",
                  "s" : [ {
                     "value" : [ "","parameter ","\"Measurement Period\""," " ]
                  }, {
                     "r" : "22",
                     "s" : [ {
                        "value" : [ "Interval<" ]
                     }, {
                        "r" : "21",
                        "s" : [ {
                           "value" : [ "DateTime" ]
                        } ]
                     }, {
                        "value" : [ ">" ]
                     } ]
                  } ]
               }
            } ],
            "parameterTypeSpecifier" : {
               "localId" : "22",
               "locator" : "26:32-26:49",
               "type" : "IntervalTypeSpecifier",
               "pointType" : {
                  "localId" : "21",
                  "locator" : "26:41-26:48",
                  "name" : "{urn:hl7-org:elm-types:r1}DateTime",
                  "type" : "NamedTypeSpecifier"
               }
            }
         } ]
      },
      "valueSets" : {
         "def" : [ {
            "localId" : "3",
            "locator" : "7:1-7:85",
            "name" : "Behavioral/Neuropsych Assessment",
            "id" : "urn:oid:2.16.840.1.113883.3.526.3.1023",
            "accessLevel" : "Public",
            "annotation" : [ {
               "type" : "Annotation",
               "s" : {
                  "r" : "3",
                  "s" : [ {
                     "value" : [ "","valueset ","\"Behavioral/Neuropsych Assessment\"",": ","'urn:oid:2.16.840.1.113883.3.526.3.1023'" ]
                  } ]
               }
            } ]
         }, {
            "localId" : "4",
            "locator" : "8:1-8:110",
            "name" : "Care Services in Long Term Residential Facility",
            "id" : "urn:oid:2.16.840.1.113883.3.464.1003.101.12.1014",
            "accessLevel" : "Public",
            "annotation" : [ {
               "type" : "Annotation",
               "s" : {
                  "r" : "4",
                  "s" : [ {
                     "value" : [ "","valueset ","\"Care Services in Long Term Residential Facility\"",": ","'urn:oid:2.16.840.1.113883.3.464.1003.101.12.1014'" ]
                  } ]
               }
            } ]
         }, {
            "localId" : "5",
            "locator" : "9:1-9:73",
            "name" : "Cognitive Assessment",
            "id" : "urn:oid:2.16.840.1.113883.3.526.3.1332",
            "accessLevel" : "Public",
            "annotation" : [ {
               "type" : "Annotation",
               "s" : {
                  "r" : "5",
                  "s" : [ {
                     "value" : [ "","valueset ","\"Cognitive Assessment\"",": ","'urn:oid:2.16.840.1.113883.3.526.3.1332'" ]
                  } ]
               }
            } ]
         }, {
            "localId" : "6",
            "locator" : "10:1-10:86",
            "name" : "Dementia and Mental Degenerations",
            "id" : "urn:oid:2.16.840.1.113883.3.526.3.1005",
            "accessLevel" : "Public",
            "annotation" : [ {
               "type" : "Annotation",
               "s" : {
                  "r" : "6",
                  "s" : [ {
                     "value" : [ "","valueset ","\"Dementia and Mental Degenerations\"",": ","'urn:oid:2.16.840.1.113883.3.526.3.1005'" ]
                  } ]
               }
            } ]
         }, {
            "localId" : "7",
            "locator" : "11:1-11:58",
            "name" : "Ethnicity",
            "id" : "urn:oid:2.16.840.1.114222.4.11.837",
            "accessLevel" : "Public",
            "annotation" : [ {
               "type" : "Annotation",
               "s" : {
                  "r" : "7",
                  "s" : [ {
                     "value" : [ "","valueset ","\"Ethnicity\"",": ","'urn:oid:2.16.840.1.114222.4.11.837'" ]
                  } ]
               }
            } ]
         }, {
            "localId" : "8",
            "locator" : "12:1-12:87",
            "name" : "Home Healthcare Services",
            "id" : "urn:oid:2.16.840.1.113883.3.464.1003.101.12.1016",
            "accessLevel" : "Public",
            "annotation" : [ {
               "type" : "Annotation",
               "s" : {
                  "r" : "8",
                  "s" : [ {
                     "value" : [ "","valueset ","\"Home Healthcare Services\"",": ","'urn:oid:2.16.840.1.113883.3.464.1003.101.12.1016'" ]
                  } ]
               }
            } ]
         }, {
            "localId" : "9",
            "locator" : "13:1-13:85",
            "name" : "Nursing Facility Visit",
            "id" : "urn:oid:2.16.840.1.113883.3.464.1003.101.12.1012",
            "accessLevel" : "Public",
            "annotation" : [ {
               "type" : "Annotation",
               "s" : {
                  "r" : "9",
                  "s" : [ {
                     "value" : [ "","valueset ","\"Nursing Facility Visit\"",": ","'urn:oid:2.16.840.1.113883.3.464.1003.101.12.1012'" ]
                  } ]
               }
            } ]
         }, {
            "localId" : "10",
            "locator" : "14:1-14:84",
            "name" : "Occupational Therapy Evaluation",
            "id" : "urn:oid:2.16.840.1.113883.3.526.3.1011",
            "accessLevel" : "Public",
            "annotation" : [ {
               "type" : "Annotation",
               "s" : {
                  "r" : "10",
                  "s" : [ {
                     "value" : [ "","valueset ","\"Occupational Therapy Evaluation\"",": ","'urn:oid:2.16.840.1.113883.3.526.3.1011'" ]
                  } ]
               }
            } ]
         }, {
            "localId" : "11",
            "locator" : "15:1-15:75",
            "name" : "Office Visit",
            "id" : "urn:oid:2.16.840.1.113883.3.464.1003.101.12.1001",
            "accessLevel" : "Public",
            "annotation" : [ {
               "type" : "Annotation",
               "s" : {
                  "r" : "11",
                  "s" : [ {
                     "value" : [ "","valueset ","\"Office Visit\"",": ","'urn:oid:2.16.840.1.113883.3.464.1003.101.12.1001'" ]
                  } ]
               }
            } ]
         }, {
            "localId" : "12",
            "locator" : "16:1-16:68",
            "name" : "ONC Administrative Sex",
            "id" : "urn:oid:2.16.840.1.113762.1.4.1",
            "accessLevel" : "Public",
            "annotation" : [ {
               "type" : "Annotation",
               "s" : {
                  "r" : "12",
                  "s" : [ {
                     "value" : [ "","valueset ","\"ONC Administrative Sex\"",": ","'urn:oid:2.16.840.1.113762.1.4.1'" ]
                  } ]
               }
            } ]
         }, {
            "localId" : "13",
            "locator" : "17:1-17:86",
            "name" : "Outpatient Consultation",
            "id" : "urn:oid:2.16.840.1.113883.3.464.1003.101.12.1008",
            "accessLevel" : "Public",
            "annotation" : [ {
               "type" : "Annotation",
               "s" : {
                  "r" : "13",
                  "s" : [ {
                     "value" : [ "","valueset ","\"Outpatient Consultation\"",": ","'urn:oid:2.16.840.1.113883.3.464.1003.101.12.1008'" ]
                  } ]
               }
            } ]
         }, {
            "localId" : "14",
            "locator" : "18:1-18:81",
            "name" : "Patient Provider Interaction",
            "id" : "urn:oid:2.16.840.1.113883.3.526.3.1012",
            "accessLevel" : "Public",
            "annotation" : [ {
               "type" : "Annotation",
               "s" : {
                  "r" : "14",
                  "s" : [ {
                     "value" : [ "","valueset ","\"Patient Provider Interaction\"",": ","'urn:oid:2.16.840.1.113883.3.526.3.1012'" ]
                  } ]
               }
            } ]
         }, {
            "localId" : "15",
            "locator" : "19:1-19:67",
            "name" : "Patient Reason",
            "id" : "urn:oid:2.16.840.1.113883.3.526.3.1008",
            "accessLevel" : "Public",
            "annotation" : [ {
               "type" : "Annotation",
               "s" : {
                  "r" : "15",
                  "s" : [ {
                     "value" : [ "","valueset ","\"Patient Reason\"",": ","'urn:oid:2.16.840.1.113883.3.526.3.1008'" ]
                  } ]
               }
            } ]
         }, {
            "localId" : "16",
            "locator" : "20:1-20:60",
            "name" : "Payer Type",
            "id" : "urn:oid:2.16.840.1.114222.4.11.3591",
            "accessLevel" : "Public",
            "annotation" : [ {
               "type" : "Annotation",
               "s" : {
                  "r" : "16",
                  "s" : [ {
                     "value" : [ "","valueset ","\"Payer Type\"",": ","'urn:oid:2.16.840.1.114222.4.11.3591'" ]
                  } ]
               }
            } ]
         }, {
            "localId" : "17",
            "locator" : "21:1-21:86",
            "name" : "Psych Visit Diagnostic Evaluation",
            "id" : "urn:oid:2.16.840.1.113883.3.526.3.1492",
            "accessLevel" : "Public",
            "annotation" : [ {
               "type" : "Annotation",
               "s" : {
                  "r" : "17",
                  "s" : [ {
                     "value" : [ "","valueset ","\"Psych Visit Diagnostic Evaluation\"",": ","'urn:oid:2.16.840.1.113883.3.526.3.1492'" ]
                  } ]
               }
            } ]
         }, {
            "localId" : "18",
            "locator" : "22:1-22:78",
            "name" : "Psych Visit Psychotherapy",
            "id" : "urn:oid:2.16.840.1.113883.3.526.3.1496",
            "accessLevel" : "Public",
            "annotation" : [ {
               "type" : "Annotation",
               "s" : {
                  "r" : "18",
                  "s" : [ {
                     "value" : [ "","valueset ","\"Psych Visit Psychotherapy\"",": ","'urn:oid:2.16.840.1.113883.3.526.3.1496'" ]
                  } ]
               }
            } ]
         }, {
            "localId" : "19",
            "locator" : "23:1-23:53",
            "name" : "Race",
            "id" : "urn:oid:2.16.840.1.114222.4.11.836",
            "accessLevel" : "Public",
            "annotation" : [ {
               "type" : "Annotation",
               "s" : {
                  "r" : "19",
                  "s" : [ {
                     "value" : [ "","valueset ","\"Race\"",": ","'urn:oid:2.16.840.1.114222.4.11.836'" ]
                  } ]
               }
            } ]
         }, {
            "localId" : "20",
            "locator" : "24:1-24:105",
            "name" : "Standardized Tools Score for Assessment of Cognition",
            "id" : "urn:oid:2.16.840.1.113883.3.526.3.1006",
            "accessLevel" : "Public",
            "annotation" : [ {
               "type" : "Annotation",
               "s" : {
                  "r" : "20",
                  "s" : [ {
                     "value" : [ "","valueset ","\"Standardized Tools Score for Assessment of Cognition\"",": ","'urn:oid:2.16.840.1.113883.3.526.3.1006'" ]
                  } ]
               }
            } ]
         } ]
      },
      "contexts" : {
         "def" : [ {
            "locator" : "28:1-28:15",
            "name" : "Patient"
         } ]
      },
      "statements" : {
         "def" : [ {
            "locator" : "28:1-28:15",
            "name" : "Patient",
            "context" : "Patient",
            "expression" : {
               "type" : "SingletonFrom",
               "operand" : {
                  "locator" : "28:1-28:15",
                  "dataType" : "{urn:healthit-gov:qdm:v5_6}Patient",
                  "templateId" : "Patient",
                  "type" : "Retrieve"
               }
            }
         }, {
            "localId" : "48",
            "locator" : "52:1-61:61",
            "name" : "Encounter to Assess Cognition",
            "context" : "Patient",
            "accessLevel" : "Public",
            "annotation" : [ {
               "type" : "Annotation",
               "s" : {
                  "r" : "48",
                  "s" : [ {
                     "value" : [ "","define ","\"Encounter to Assess Cognition\"",":\n  " ]
                  }, {
                     "r" : "47",
                     "s" : [ {
                        "r" : "45",
                        "s" : [ {
                           "r" : "42",
                           "s" : [ {
                              "r" : "40",
                              "s" : [ {
                                 "r" : "37",
                                 "s" : [ {
                                    "r" : "35",
                                    "s" : [ {
                                       "r" : "32",
                                       "s" : [ {
                                          "r" : "30",
                                          "s" : [ {
                                             "r" : "28",
                                             "s" : [ {
                                                "value" : [ "[","\"Encounter, Performed\"",": " ]
                                             }, {
                                                "s" : [ {
                                                   "value" : [ "\"Psych Visit Diagnostic Evaluation\"" ]
                                                } ]
                                             }, {
                                                "value" : [ "]" ]
                                             } ]
                                          }, {
                                             "value" : [ "\n    union " ]
                                          }, {
                                             "r" : "29",
                                             "s" : [ {
                                                "value" : [ "[","\"Encounter, Performed\"",": " ]
                                             }, {
                                                "s" : [ {
                                                   "value" : [ "\"Nursing Facility Visit\"" ]
                                                } ]
                                             }, {
                                                "value" : [ "]" ]
                                             } ]
                                          } ]
                                       }, {
                                          "value" : [ "\n    union " ]
                                       }, {
                                          "r" : "31",
                                          "s" : [ {
                                             "value" : [ "[","\"Encounter, Performed\"",": " ]
                                          }, {
                                             "s" : [ {
                                                "value" : [ "\"Care Services in Long Term Residential Facility\"" ]
                                             } ]
                                          }, {
                                             "value" : [ "]" ]
                                          } ]
                                       } ]
                                    }, {
                                       "value" : [ "\n    union " ]
                                    }, {
                                       "r" : "33",
                                       "s" : [ {
                                          "value" : [ "[","\"Encounter, Performed\"",": " ]
                                       }, {
                                          "s" : [ {
                                             "value" : [ "\"Home Healthcare Services\"" ]
                                          } ]
                                       }, {
                                          "value" : [ "]" ]
                                       } ]
                                    } ]
                                 }, {
                                    "value" : [ "\n    union " ]
                                 }, {
                                    "r" : "36",
                                    "s" : [ {
                                       "value" : [ "[","\"Encounter, Performed\"",": " ]
                                    }, {
                                       "s" : [ {
                                          "value" : [ "\"Psych Visit Psychotherapy\"" ]
                                       } ]
                                    }, {
                                       "value" : [ "]" ]
                                    } ]
                                 } ]
                              }, {
                                 "value" : [ "\n    union " ]
                              }, {
                                 "r" : "38",
                                 "s" : [ {
                                    "value" : [ "[","\"Encounter, Performed\"",": " ]
                                 }, {
                                    "s" : [ {
                                       "value" : [ "\"Behavioral/Neuropsych Assessment\"" ]
                                    } ]
                                 }, {
                                    "value" : [ "]" ]
                                 } ]
                              } ]
                           }, {
                              "value" : [ "\n    union " ]
                           }, {
                              "r" : "41",
                              "s" : [ {
                                 "value" : [ "[","\"Encounter, Performed\"",": " ]
                              }, {
                                 "s" : [ {
                                    "value" : [ "\"Occupational Therapy Evaluation\"" ]
                                 } ]
                              }, {
                                 "value" : [ "]" ]
                              } ]
                           } ]
                        }, {
                           "value" : [ "\n    union " ]
                        }, {
                           "r" : "43",
                           "s" : [ {
                              "value" : [ "[","\"Encounter, Performed\"",": " ]
                           }, {
                              "s" : [ {
                                 "value" : [ "\"Office Visit\"" ]
                              } ]
                           }, {
                              "value" : [ "]" ]
                           } ]
                        } ]
                     }, {
                        "value" : [ "\n    union " ]
                     }, {
                        "r" : "46",
                        "s" : [ {
                           "value" : [ "[","\"Encounter, Performed\"",": " ]
                        }, {
                           "s" : [ {
                              "value" : [ "\"Outpatient Consultation\"" ]
                           } ]
                        }, {
                           "value" : [ "]" ]
                        } ]
                     } ]
                  } ]
               }
            } ],
            "expression" : {
               "localId" : "47",
               "locator" : "53:3-61:61",
               "type" : "Union",
               "operand" : [ {
                  "localId" : "45",
                  "locator" : "53:3-60:50",
                  "type" : "Union",
                  "operand" : [ {
                     "localId" : "40",
                     "locator" : "53:3-58:70",
                     "type" : "Union",
                     "operand" : [ {
                        "localId" : "35",
                        "locator" : "53:3-56:62",
                        "type" : "Union",
                        "operand" : [ {
                           "localId" : "30",
                           "locator" : "53:3-54:60",
                           "type" : "Union",
                           "operand" : [ {
                              "localId" : "28",
                              "locator" : "53:3-53:63",
                              "dataType" : "{urn:healthit-gov:qdm:v5_6}PositiveEncounterPerformed",
                              "templateId" : "PositiveEncounterPerformed",
                              "codeProperty" : "code",
                              "codeComparator" : "in",
                              "type" : "Retrieve",
                              "codes" : {
                                 "locator" : "53:28-53:62",
                                 "name" : "Psych Visit Diagnostic Evaluation",
                                 "preserve" : true,
                                 "type" : "ValueSetRef"
                              }
                           }, {
                              "localId" : "29",
                              "locator" : "54:11-54:60",
                              "dataType" : "{urn:healthit-gov:qdm:v5_6}PositiveEncounterPerformed",
                              "templateId" : "PositiveEncounterPerformed",
                              "codeProperty" : "code",
                              "codeComparator" : "in",
                              "type" : "Retrieve",
                              "codes" : {
                                 "locator" : "54:36-54:59",
                                 "name" : "Nursing Facility Visit",
                                 "preserve" : true,
                                 "type" : "ValueSetRef"
                              }
                           } ]
                        }, {
                           "localId" : "34",
                           "type" : "Union",
                           "operand" : [ {
                              "localId" : "31",
                              "locator" : "55:11-55:85",
                              "dataType" : "{urn:healthit-gov:qdm:v5_6}PositiveEncounterPerformed",
                              "templateId" : "PositiveEncounterPerformed",
                              "codeProperty" : "code",
                              "codeComparator" : "in",
                              "type" : "Retrieve",
                              "codes" : {
                                 "locator" : "55:36-55:84",
                                 "name" : "Care Services in Long Term Residential Facility",
                                 "preserve" : true,
                                 "type" : "ValueSetRef"
                              }
                           }, {
                              "localId" : "33",
                              "locator" : "56:11-56:62",
                              "dataType" : "{urn:healthit-gov:qdm:v5_6}PositiveEncounterPerformed",
                              "templateId" : "PositiveEncounterPerformed",
                              "codeProperty" : "code",
                              "codeComparator" : "in",
                              "type" : "Retrieve",
                              "codes" : {
                                 "locator" : "56:36-56:61",
                                 "name" : "Home Healthcare Services",
                                 "preserve" : true,
                                 "type" : "ValueSetRef"
                              }
                           } ]
                        } ]
                     }, {
                        "localId" : "39",
                        "type" : "Union",
                        "operand" : [ {
                           "localId" : "36",
                           "locator" : "57:11-57:63",
                           "dataType" : "{urn:healthit-gov:qdm:v5_6}PositiveEncounterPerformed",
                           "templateId" : "PositiveEncounterPerformed",
                           "codeProperty" : "code",
                           "codeComparator" : "in",
                           "type" : "Retrieve",
                           "codes" : {
                              "locator" : "57:36-57:62",
                              "name" : "Psych Visit Psychotherapy",
                              "preserve" : true,
                              "type" : "ValueSetRef"
                           }
                        }, {
                           "localId" : "38",
                           "locator" : "58:11-58:70",
                           "dataType" : "{urn:healthit-gov:qdm:v5_6}PositiveEncounterPerformed",
                           "templateId" : "PositiveEncounterPerformed",
                           "codeProperty" : "code",
                           "codeComparator" : "in",
                           "type" : "Retrieve",
                           "codes" : {
                              "locator" : "58:36-58:69",
                              "name" : "Behavioral/Neuropsych Assessment",
                              "preserve" : true,
                              "type" : "ValueSetRef"
                           }
                        } ]
                     } ]
                  }, {
                     "localId" : "44",
                     "type" : "Union",
                     "operand" : [ {
                        "localId" : "41",
                        "locator" : "59:11-59:69",
                        "dataType" : "{urn:healthit-gov:qdm:v5_6}PositiveEncounterPerformed",
                        "templateId" : "PositiveEncounterPerformed",
                        "codeProperty" : "code",
                        "codeComparator" : "in",
                        "type" : "Retrieve",
                        "codes" : {
                           "locator" : "59:36-59:68",
                           "name" : "Occupational Therapy Evaluation",
                           "preserve" : true,
                           "type" : "ValueSetRef"
                        }
                     }, {
                        "localId" : "43",
                        "locator" : "60:11-60:50",
                        "dataType" : "{urn:healthit-gov:qdm:v5_6}PositiveEncounterPerformed",
                        "templateId" : "PositiveEncounterPerformed",
                        "codeProperty" : "code",
                        "codeComparator" : "in",
                        "type" : "Retrieve",
                        "codes" : {
                           "locator" : "60:36-60:49",
                           "name" : "Office Visit",
                           "preserve" : true,
                           "type" : "ValueSetRef"
                        }
                     } ]
                  } ]
               }, {
                  "localId" : "46",
                  "locator" : "61:11-61:61",
                  "dataType" : "{urn:healthit-gov:qdm:v5_6}PositiveEncounterPerformed",
                  "templateId" : "PositiveEncounterPerformed",
                  "codeProperty" : "code",
                  "codeComparator" : "in",
                  "type" : "Retrieve",
                  "codes" : {
                     "locator" : "61:36-61:60",
                     "name" : "Outpatient Consultation",
                     "preserve" : true,
                     "type" : "ValueSetRef"
                  }
               } ]
            }
         }, {
            "localId" : "65",
            "locator" : "85:1-89:93",
            "name" : "Dementia Encounter During Measurement Period",
            "context" : "Patient",
            "accessLevel" : "Public",
            "annotation" : [ {
               "type" : "Annotation",
               "s" : {
                  "r" : "65",
                  "s" : [ {
                     "value" : [ "","define ","\"Dementia Encounter During Measurement Period\"",":\n  " ]
                  }, {
                     "r" : "64",
                     "s" : [ {
                        "s" : [ {
                           "r" : "50",
                           "s" : [ {
                              "r" : "49",
                              "s" : [ {
                                 "s" : [ {
                                    "value" : [ "\"Encounter to Assess Cognition\"" ]
                                 } ]
                              } ]
                           }, {
                              "value" : [ " ","EncounterAssessCognition" ]
                           } ]
                        } ]
                     }, {
                        "value" : [ "\n    " ]
                     }, {
                        "r" : "63",
                        "s" : [ {
                           "value" : [ "with " ]
                        }, {
                           "r" : "52",
                           "s" : [ {
                              "r" : "51",
                              "s" : [ {
                                 "r" : "51",
                                 "s" : [ {
                                    "value" : [ "[","\"Diagnosis\"",": " ]
                                 }, {
                                    "s" : [ {
                                       "value" : [ "\"Dementia and Mental Degenerations\"" ]
                                    } ]
                                 }, {
                                    "value" : [ "]" ]
                                 } ]
                              } ]
                           }, {
                              "value" : [ " ","Dementia" ]
                           } ]
                        }, {
                           "value" : [ "\n      such that " ]
                        }, {
                           "r" : "62",
                           "s" : [ {
                              "r" : "56",
                              "s" : [ {
                                 "r" : "54",
                                 "s" : [ {
                                    "r" : "53",
                                    "s" : [ {
                                       "value" : [ "EncounterAssessCognition" ]
                                    } ]
                                 }, {
                                    "value" : [ "." ]
                                 }, {
                                    "r" : "54",
                                    "s" : [ {
                                       "value" : [ "relevantPeriod" ]
                                    } ]
                                 } ]
                              }, {
                                 "r" : "56",
                                 "value" : [ " ","during day of"," " ]
                              }, {
                                 "r" : "55",
                                 "s" : [ {
                                    "value" : [ "\"Measurement Period\"" ]
                                 } ]
                              } ]
                           }, {
                              "value" : [ "\n        and " ]
                           }, {
                              "r" : "61",
                              "s" : [ {
                                 "r" : "58",
                                 "s" : [ {
                                    "r" : "57",
                                    "s" : [ {
                                       "value" : [ "Dementia" ]
                                    } ]
                                 }, {
                                    "value" : [ "." ]
                                 }, {
                                    "r" : "58",
                                    "s" : [ {
                                       "value" : [ "prevalencePeriod" ]
                                    } ]
                                 } ]
                              }, {
                                 "r" : "61",
                                 "value" : [ " ","overlaps day of"," " ]
                              }, {
                                 "r" : "60",
                                 "s" : [ {
                                    "r" : "59",
                                    "s" : [ {
                                       "value" : [ "EncounterAssessCognition" ]
                                    } ]
                                 }, {
                                    "value" : [ "." ]
                                 }, {
                                    "r" : "60",
                                    "s" : [ {
                                       "value" : [ "relevantPeriod" ]
                                    } ]
                                 } ]
                              } ]
                           } ]
                        } ]
                     } ]
                  } ]
               }
            } ],
            "expression" : {
               "localId" : "64",
               "locator" : "86:3-89:93",
               "type" : "Query",
               "source" : [ {
                  "localId" : "50",
                  "locator" : "86:3-86:58",
                  "alias" : "EncounterAssessCognition",
                  "expression" : {
                     "localId" : "49",
                     "locator" : "86:3-86:33",
                     "name" : "Encounter to Assess Cognition",
                     "type" : "ExpressionRef"
                  }
               } ],
               "relationship" : [ {
                  "localId" : "63",
                  "locator" : "87:5-89:93",
                  "alias" : "Dementia",
                  "type" : "With",
                  "expression" : {
                     "localId" : "51",
                     "locator" : "87:10-87:59",
                     "dataType" : "{urn:healthit-gov:qdm:v5_6}Diagnosis",
                     "codeProperty" : "code",
                     "codeComparator" : "in",
                     "type" : "Retrieve",
                     "codes" : {
                        "locator" : "87:24-87:58",
                        "name" : "Dementia and Mental Degenerations",
                        "preserve" : true,
                        "type" : "ValueSetRef"
                     }
                  },
                  "suchThat" : {
                     "localId" : "62",
                     "locator" : "88:17-89:93",
                     "type" : "And",
                     "operand" : [ {
                        "localId" : "56",
                        "locator" : "88:17-88:90",
                        "precision" : "Day",
                        "type" : "IncludedIn",
                        "operand" : [ {
                           "localId" : "54",
                           "locator" : "88:17-88:55",
                           "path" : "relevantPeriod",
                           "scope" : "EncounterAssessCognition",
                           "type" : "Property"
                        }, {
                           "localId" : "55",
                           "locator" : "88:71-88:90",
                           "name" : "Measurement Period",
                           "type" : "ParameterRef"
                        } ]
                     }, {
                        "localId" : "61",
                        "locator" : "89:13-89:93",
                        "precision" : "Day",
                        "type" : "Overlaps",
                        "operand" : [ {
                           "localId" : "58",
                           "locator" : "89:13-89:37",
                           "path" : "prevalencePeriod",
                           "scope" : "Dementia",
                           "type" : "Property"
                        }, {
                           "localId" : "60",
                           "locator" : "89:55-89:93",
                           "path" : "relevantPeriod",
                           "scope" : "EncounterAssessCognition",
                           "type" : "Property"
                        } ]
                     } ]
                  }
               } ]
            }
         }, {
            "localId" : "84",
            "locator" : "63:1-68:48",
            "name" : "Assessment of Cognition Using Standardized Tools or Alternate Methods",
            "context" : "Patient",
            "accessLevel" : "Public",
            "annotation" : [ {
               "type" : "Annotation",
               "s" : {
                  "r" : "84",
                  "s" : [ {
                     "value" : [ "","define ","\"Assessment of Cognition Using Standardized Tools or Alternate Methods\"",":\n  " ]
                  }, {
                     "r" : "83",
                     "s" : [ {
                        "s" : [ {
                           "r" : "27",
                           "s" : [ {
                              "r" : "26",
                              "s" : [ {
                                 "value" : [ "( " ]
                              }, {
                                 "r" : "26",
                                 "s" : [ {
                                    "r" : "24",
                                    "s" : [ {
                                       "value" : [ "[","\"Assessment, Performed\"",": " ]
                                    }, {
                                       "s" : [ {
                                          "value" : [ "\"Standardized Tools Score for Assessment of Cognition\"" ]
                                       } ]
                                    }, {
                                       "value" : [ "]" ]
                                    } ]
                                 }, {
                                    "value" : [ "\n    union " ]
                                 }, {
                                    "r" : "25",
                                    "s" : [ {
                                       "value" : [ "[","\"Intervention, Performed\"",": " ]
                                    }, {
                                       "s" : [ {
                                          "value" : [ "\"Cognitive Assessment\"" ]
                                       } ]
                                    }, {
                                       "value" : [ "]" ]
                                    } ]
                                 } ]
                              }, {
                                 "value" : [ " )" ]
                              } ]
                           }, {
                              "value" : [ " ","CognitiveAssessment" ]
                           } ]
                        } ]
                     }, {
                        "value" : [ "\n    " ]
                     }, {
                        "r" : "79",
                        "s" : [ {
                           "value" : [ "with " ]
                        }, {
                           "r" : "67",
                           "s" : [ {
                              "r" : "66",
                              "s" : [ {
                                 "s" : [ {
                                    "value" : [ "\"Dementia Encounter During Measurement Period\"" ]
                                 } ]
                              } ]
                           }, {
                              "value" : [ " ","EncounterDementia" ]
                           } ]
                        }, {
                           "value" : [ "\n      such that " ]
                        }, {
                           "r" : "78",
                           "s" : [ {
                              "r" : "73",
                              "s" : [ {
                                 "r" : "68",
                                 "s" : [ {
                                    "value" : [ "Global" ]
                                 } ]
                              }, {
                                 "value" : [ "." ]
                              }, {
                                 "r" : "73",
                                 "s" : [ {
                                    "value" : [ "\"NormalizeInterval\""," ( " ]
                                 }, {
                                    "r" : "70",
                                    "s" : [ {
                                       "r" : "69",
                                       "s" : [ {
                                          "value" : [ "CognitiveAssessment" ]
                                       } ]
                                    }, {
                                       "value" : [ "." ]
                                    }, {
                                       "r" : "70",
                                       "s" : [ {
                                          "value" : [ "relevantDatetime" ]
                                       } ]
                                    } ]
                                 }, {
                                    "value" : [ ", " ]
                                 }, {
                                    "r" : "72",
                                    "s" : [ {
                                       "r" : "71",
                                       "s" : [ {
                                          "value" : [ "CognitiveAssessment" ]
                                       } ]
                                    }, {
                                       "value" : [ "." ]
                                    }, {
                                       "r" : "72",
                                       "s" : [ {
                                          "value" : [ "relevantPeriod" ]
                                       } ]
                                    } ]
                                 }, {
                                    "value" : [ " )" ]
                                 } ]
                              } ]
                           }, {
                              "value" : [ " " ]
                           }, {
                              "r" : "78",
                              "s" : [ {
                                 "value" : [ "starts " ]
                              }, {
                                 "r" : "77",
                                 "s" : [ {
                                    "value" : [ "12 ","months" ]
                                 } ]
                              }, {
                                 "value" : [ " or less on or before day of" ]
                              } ]
                           }, {
                              "value" : [ " " ]
                           }, {
                              "r" : "76",
                              "s" : [ {
                                 "value" : [ "end of " ]
                              }, {
                                 "r" : "75",
                                 "s" : [ {
                                    "r" : "74",
                                    "s" : [ {
                                       "value" : [ "EncounterDementia" ]
                                    } ]
                                 }, {
                                    "value" : [ "." ]
                                 }, {
                                    "r" : "75",
                                    "s" : [ {
                                       "value" : [ "relevantPeriod" ]
                                    } ]
                                 } ]
                              } ]
                           } ]
                        } ]
                     }, {
                        "value" : [ "\n    " ]
                     }, {
                        "r" : "82",
                        "s" : [ {
                           "value" : [ "where " ]
                        }, {
                           "r" : "82",
                           "s" : [ {
                              "r" : "81",
                              "s" : [ {
                                 "r" : "80",
                                 "s" : [ {
                                    "value" : [ "CognitiveAssessment" ]
                                 } ]
                              }, {
                                 "value" : [ "." ]
                              }, {
                                 "r" : "81",
                                 "s" : [ {
                                    "value" : [ "result" ]
                                 } ]
                              } ]
                           }, {
                              "value" : [ " is not null" ]
                           } ]
                        } ]
                     } ]
                  } ]
               }
            } ],
            "expression" : {
               "localId" : "83",
               "locator" : "64:3-68:48",
               "type" : "Query",
               "source" : [ {
                  "localId" : "27",
                  "locator" : "64:3-65:83",
                  "alias" : "CognitiveAssessment",
                  "expression" : {
                     "localId" : "26",
                     "locator" : "64:3-65:63",
                     "type" : "Union",
                     "operand" : [ {
                        "type" : "As",
                        "operand" : {
                           "localId" : "24",
                           "locator" : "64:5-64:85",
                           "dataType" : "{urn:healthit-gov:qdm:v5_6}PositiveAssessmentPerformed",
                           "templateId" : "PositiveAssessmentPerformed",
                           "codeProperty" : "code",
                           "codeComparator" : "in",
                           "type" : "Retrieve",
                           "codes" : {
                              "locator" : "64:31-64:84",
                              "name" : "Standardized Tools Score for Assessment of Cognition",
                              "preserve" : true,
                              "type" : "ValueSetRef"
                           }
                        },
                        "asTypeSpecifier" : {
                           "type" : "ListTypeSpecifier",
                           "elementType" : {
                              "type" : "ChoiceTypeSpecifier",
                              "choice" : [ {
                                 "name" : "{urn:healthit-gov:qdm:v5_6}PositiveInterventionPerformed",
                                 "type" : "NamedTypeSpecifier"
                              }, {
                                 "name" : "{urn:healthit-gov:qdm:v5_6}PositiveAssessmentPerformed",
                                 "type" : "NamedTypeSpecifier"
                              } ]
                           }
                        }
                     }, {
                        "type" : "As",
                        "operand" : {
                           "localId" : "25",
                           "locator" : "65:11-65:61",
                           "dataType" : "{urn:healthit-gov:qdm:v5_6}PositiveInterventionPerformed",
                           "templateId" : "PositiveInterventionPerformed",
                           "codeProperty" : "code",
                           "codeComparator" : "in",
                           "type" : "Retrieve",
                           "codes" : {
                              "locator" : "65:39-65:60",
                              "name" : "Cognitive Assessment",
                              "preserve" : true,
                              "type" : "ValueSetRef"
                           }
                        },
                        "asTypeSpecifier" : {
                           "type" : "ListTypeSpecifier",
                           "elementType" : {
                              "type" : "ChoiceTypeSpecifier",
                              "choice" : [ {
                                 "name" : "{urn:healthit-gov:qdm:v5_6}PositiveInterventionPerformed",
                                 "type" : "NamedTypeSpecifier"
                              }, {
                                 "name" : "{urn:healthit-gov:qdm:v5_6}PositiveAssessmentPerformed",
                                 "type" : "NamedTypeSpecifier"
                              } ]
                           }
                        }
                     } ]
                  }
               } ],
               "relationship" : [ {
                  "localId" : "79",
                  "locator" : "66:5-67:204",
                  "alias" : "EncounterDementia",
                  "type" : "With",
                  "expression" : {
                     "localId" : "66",
                     "locator" : "66:10-66:55",
                     "name" : "Dementia Encounter During Measurement Period",
                     "type" : "ExpressionRef"
                  },
                  "suchThat" : {
                     "localId" : "78",
                     "locator" : "67:17-67:204",
                     "type" : "And",
                     "operand" : [ {
                        "locator" : "67:128-67:144",
                        "precision" : "Day",
                        "type" : "In",
                        "operand" : [ {
                           "locator" : "67:121-67:126",
                           "type" : "Start",
                           "operand" : {
                              "localId" : "73",
                              "locator" : "67:17-67:119",
                              "name" : "NormalizeInterval",
                              "libraryName" : "Global",
                              "type" : "FunctionRef",
                              "operand" : [ {
                                 "localId" : "70",
                                 "locator" : "67:46-67:81",
                                 "path" : "relevantDatetime",
                                 "scope" : "CognitiveAssessment",
                                 "type" : "Property"
                              }, {
                                 "localId" : "72",
                                 "locator" : "67:84-67:117",
                                 "path" : "relevantPeriod",
                                 "scope" : "CognitiveAssessment",
                                 "type" : "Property"
                              } ]
                           }
                        }, {
                           "locator" : "67:128-67:144",
                           "lowClosed" : true,
                           "highClosed" : true,
                           "type" : "Interval",
                           "low" : {
                              "locator" : "67:166-67:204",
                              "type" : "Subtract",
                              "operand" : [ {
                                 "localId" : "76",
                                 "locator" : "67:166-67:204",
                                 "type" : "End",
                                 "operand" : {
                                    "localId" : "75",
                                    "locator" : "67:173-67:204",
                                    "path" : "relevantPeriod",
                                    "scope" : "EncounterDementia",
                                    "type" : "Property"
                                 }
                              }, {
                                 "localId" : "77",
                                 "locator" : "67:128-67:136",
                                 "value" : 12,
                                 "unit" : "months",
                                 "type" : "Quantity"
                              } ]
                           },
                           "high" : {
                              "localId" : "76",
                              "locator" : "67:166-67:204",
                              "type" : "End",
                              "operand" : {
                                 "localId" : "75",
                                 "locator" : "67:173-67:204",
                                 "path" : "relevantPeriod",
                                 "scope" : "EncounterDementia",
                                 "type" : "Property"
                              }
                           }
                        } ]
                     }, {
                        "locator" : "67:128-67:144",
                        "type" : "Not",
                        "operand" : {
                           "locator" : "67:128-67:144",
                           "type" : "IsNull",
                           "operand" : {
                              "localId" : "76",
                              "locator" : "67:166-67:204",
                              "type" : "End",
                              "operand" : {
                                 "localId" : "75",
                                 "locator" : "67:173-67:204",
                                 "path" : "relevantPeriod",
                                 "scope" : "EncounterDementia",
                                 "type" : "Property"
                              }
                           }
                        }
                     } ]
                  }
               } ],
               "where" : {
                  "localId" : "82",
                  "locator" : "68:5-68:48",
                  "type" : "Not",
                  "operand" : {
                     "locator" : "68:11-68:48",
                     "type" : "IsNull",
                     "operand" : {
                        "localId" : "81",
                        "locator" : "68:11-68:36",
                        "path" : "result",
                        "scope" : "CognitiveAssessment",
                        "type" : "Property"
                     }
                  }
               }
            }
         }, {
            "localId" : "87",
            "locator" : "30:1-31:80",
            "name" : "Numerator",
            "context" : "Patient",
            "accessLevel" : "Public",
            "annotation" : [ {
               "type" : "Annotation",
               "s" : {
                  "r" : "87",
                  "s" : [ {
                     "value" : [ "","define ","\"Numerator\"",":\n  " ]
                  }, {
                     "r" : "86",
                     "s" : [ {
                        "value" : [ "exists " ]
                     }, {
                        "r" : "85",
                        "s" : [ {
                           "value" : [ "\"Assessment of Cognition Using Standardized Tools or Alternate Methods\"" ]
                        } ]
                     } ]
                  } ]
               }
            } ],
            "expression" : {
               "localId" : "86",
               "locator" : "31:3-31:80",
               "type" : "Exists",
               "operand" : {
                  "localId" : "85",
                  "locator" : "31:10-31:80",
                  "name" : "Assessment of Cognition Using Standardized Tools or Alternate Methods",
                  "type" : "ExpressionRef"
               }
            }
         }, {
            "localId" : "89",
            "locator" : "33:1-34:51",
            "name" : "SDE Ethnicity",
            "context" : "Patient",
            "accessLevel" : "Public",
            "annotation" : [ {
               "type" : "Annotation",
               "s" : {
                  "r" : "89",
                  "s" : [ {
                     "value" : [ "","define ","\"SDE Ethnicity\"",":\n  " ]
                  }, {
                     "r" : "88",
                     "s" : [ {
                        "value" : [ "[","\"Patient Characteristic Ethnicity\"",": " ]
                     }, {
                        "s" : [ {
                           "value" : [ "\"Ethnicity\"" ]
                        } ]
                     }, {
                        "value" : [ "]" ]
                     } ]
                  } ]
               }
            } ],
            "expression" : {
               "localId" : "88",
               "locator" : "34:3-34:51",
               "dataType" : "{urn:healthit-gov:qdm:v5_6}PatientCharacteristicEthnicity",
               "codeProperty" : "code",
               "codeComparator" : "in",
               "type" : "Retrieve",
               "codes" : {
                  "locator" : "34:40-34:50",
                  "name" : "Ethnicity",
                  "preserve" : true,
                  "type" : "ValueSetRef"
               }
            }
         }, {
            "localId" : "91",
            "locator" : "36:1-37:41",
            "name" : "SDE Race",
            "context" : "Patient",
            "accessLevel" : "Public",
            "annotation" : [ {
               "type" : "Annotation",
               "s" : {
                  "r" : "91",
                  "s" : [ {
                     "value" : [ "","define ","\"SDE Race\"",":\n  " ]
                  }, {
                     "r" : "90",
                     "s" : [ {
                        "value" : [ "[","\"Patient Characteristic Race\"",": " ]
                     }, {
                        "s" : [ {
                           "value" : [ "\"Race\"" ]
                        } ]
                     }, {
                        "value" : [ "]" ]
                     } ]
                  } ]
               }
            } ],
            "expression" : {
               "localId" : "90",
               "locator" : "37:3-37:41",
               "dataType" : "{urn:healthit-gov:qdm:v5_6}PatientCharacteristicRace",
               "codeProperty" : "code",
               "codeComparator" : "in",
               "type" : "Retrieve",
               "codes" : {
                  "locator" : "37:35-37:40",
                  "name" : "Race",
                  "preserve" : true,
                  "type" : "ValueSetRef"
               }
            }
         }, {
            "localId" : "93",
            "locator" : "39:1-40:58",
            "name" : "SDE Sex",
            "context" : "Patient",
            "accessLevel" : "Public",
            "annotation" : [ {
               "type" : "Annotation",
               "s" : {
                  "r" : "93",
                  "s" : [ {
                     "value" : [ "","define ","\"SDE Sex\"",":\n  " ]
                  }, {
                     "r" : "92",
                     "s" : [ {
                        "value" : [ "[","\"Patient Characteristic Sex\"",": " ]
                     }, {
                        "s" : [ {
                           "value" : [ "\"ONC Administrative Sex\"" ]
                        } ]
                     }, {
                        "value" : [ "]" ]
                     } ]
                  } ]
               }
            } ],
            "expression" : {
               "localId" : "92",
               "locator" : "40:3-40:58",
               "dataType" : "{urn:healthit-gov:qdm:v5_6}PatientCharacteristicSex",
               "codeProperty" : "code",
               "codeComparator" : "in",
               "type" : "Retrieve",
               "codes" : {
                  "locator" : "40:34-40:57",
                  "name" : "ONC Administrative Sex",
                  "preserve" : true,
                  "type" : "ValueSetRef"
               }
            }
         }, {
            "localId" : "111",
            "locator" : "73:1-78:69",
            "name" : "Patient Reason for Not Performing Assessment of Cognition Using Standardized Tools or Alternate Methods",
            "context" : "Patient",
            "accessLevel" : "Public",
            "annotation" : [ {
               "type" : "Annotation",
               "s" : {
                  "r" : "111",
                  "s" : [ {
                     "value" : [ "","define ","\"Patient Reason for Not Performing Assessment of Cognition Using Standardized Tools or Alternate Methods\"",":\n  " ]
                  }, {
                     "r" : "110",
                     "s" : [ {
                        "s" : [ {
                           "r" : "97",
                           "s" : [ {
                              "r" : "96",
                              "s" : [ {
                                 "value" : [ "( " ]
                              }, {
                                 "r" : "96",
                                 "s" : [ {
                                    "r" : "94",
                                    "s" : [ {
                                       "value" : [ "[","\"Assessment, Not Performed\"",": " ]
                                    }, {
                                       "s" : [ {
                                          "value" : [ "\"Standardized Tools Score for Assessment of Cognition\"" ]
                                       } ]
                                    }, {
                                       "value" : [ "]" ]
                                    } ]
                                 }, {
                                    "value" : [ "\n    union " ]
                                 }, {
                                    "r" : "95",
                                    "s" : [ {
                                       "value" : [ "[","\"Intervention, Not Performed\"",": " ]
                                    }, {
                                       "s" : [ {
                                          "value" : [ "\"Cognitive Assessment\"" ]
                                       } ]
                                    }, {
                                       "value" : [ "]" ]
                                    } ]
                                 } ]
                              }, {
                                 "value" : [ " )" ]
                              } ]
                           }, {
                              "value" : [ " ","NoCognitiveAssessment" ]
                           } ]
                        } ]
                     }, {
                        "value" : [ "\n    " ]
                     }, {
                        "r" : "105",
                        "s" : [ {
                           "value" : [ "with " ]
                        }, {
                           "r" : "99",
                           "s" : [ {
                              "r" : "98",
                              "s" : [ {
                                 "s" : [ {
                                    "value" : [ "\"Dementia Encounter During Measurement Period\"" ]
                                 } ]
                              } ]
                           }, {
                              "value" : [ " ","EncounterDementia" ]
                           } ]
                        }, {
                           "value" : [ "\n      such that " ]
                        }, {
                           "r" : "104",
                           "s" : [ {
                              "r" : "101",
                              "s" : [ {
                                 "r" : "100",
                                 "s" : [ {
                                    "value" : [ "NoCognitiveAssessment" ]
                                 } ]
                              }, {
                                 "value" : [ "." ]
                              }, {
                                 "r" : "101",
                                 "s" : [ {
                                    "value" : [ "authorDatetime" ]
                                 } ]
                              } ]
                           }, {
                              "r" : "104",
                              "value" : [ " ","during"," " ]
                           }, {
                              "r" : "103",
                              "s" : [ {
                                 "r" : "102",
                                 "s" : [ {
                                    "value" : [ "EncounterDementia" ]
                                 } ]
                              }, {
                                 "value" : [ "." ]
                              }, {
                                 "r" : "103",
                                 "s" : [ {
                                    "value" : [ "relevantPeriod" ]
                                 } ]
                              } ]
                           } ]
                        } ]
                     }, {
                        "value" : [ "\n    " ]
                     }, {
                        "r" : "109",
                        "s" : [ {
                           "value" : [ "where " ]
                        }, {
                           "r" : "109",
                           "s" : [ {
                              "r" : "107",
                              "s" : [ {
                                 "r" : "106",
                                 "s" : [ {
                                    "value" : [ "NoCognitiveAssessment" ]
                                 } ]
                              }, {
                                 "value" : [ "." ]
                              }, {
                                 "r" : "107",
                                 "s" : [ {
                                    "value" : [ "negationRationale" ]
                                 } ]
                              } ]
                           }, {
                              "value" : [ " in " ]
                           }, {
                              "r" : "108",
                              "s" : [ {
                                 "value" : [ "\"Patient Reason\"" ]
                              } ]
                           } ]
                        } ]
                     } ]
                  } ]
               }
            } ],
            "expression" : {
               "localId" : "110",
               "locator" : "74:3-78:69",
               "type" : "Query",
               "source" : [ {
                  "localId" : "97",
                  "locator" : "74:3-75:89",
                  "alias" : "NoCognitiveAssessment",
                  "expression" : {
                     "localId" : "96",
                     "locator" : "74:3-75:67",
                     "type" : "Union",
                     "operand" : [ {
                        "type" : "As",
                        "operand" : {
                           "localId" : "94",
                           "locator" : "74:5-74:89",
                           "dataType" : "{urn:healthit-gov:qdm:v5_6}NegativeAssessmentPerformed",
                           "templateId" : "NegativeAssessmentPerformed",
                           "codeProperty" : "code",
                           "codeComparator" : "in",
                           "type" : "Retrieve",
                           "codes" : {
                              "locator" : "74:35-74:88",
                              "name" : "Standardized Tools Score for Assessment of Cognition",
                              "preserve" : true,
                              "type" : "ValueSetRef"
                           }
                        },
                        "asTypeSpecifier" : {
                           "type" : "ListTypeSpecifier",
                           "elementType" : {
                              "type" : "ChoiceTypeSpecifier",
                              "choice" : [ {
                                 "name" : "{urn:healthit-gov:qdm:v5_6}NegativeAssessmentPerformed",
                                 "type" : "NamedTypeSpecifier"
                              }, {
                                 "name" : "{urn:healthit-gov:qdm:v5_6}NegativeInterventionPerformed",
                                 "type" : "NamedTypeSpecifier"
                              } ]
                           }
                        }
                     }, {
                        "type" : "As",
                        "operand" : {
                           "localId" : "95",
                           "locator" : "75:11-75:65",
                           "dataType" : "{urn:healthit-gov:qdm:v5_6}NegativeInterventionPerformed",
                           "templateId" : "NegativeInterventionPerformed",
                           "codeProperty" : "code",
                           "codeComparator" : "in",
                           "type" : "Retrieve",
                           "codes" : {
                              "locator" : "75:43-75:64",
                              "name" : "Cognitive Assessment",
                              "preserve" : true,
                              "type" : "ValueSetRef"
                           }
                        },
                        "asTypeSpecifier" : {
                           "type" : "ListTypeSpecifier",
                           "elementType" : {
                              "type" : "ChoiceTypeSpecifier",
                              "choice" : [ {
                                 "name" : "{urn:healthit-gov:qdm:v5_6}NegativeAssessmentPerformed",
                                 "type" : "NamedTypeSpecifier"
                              }, {
                                 "name" : "{urn:healthit-gov:qdm:v5_6}NegativeInterventionPerformed",
                                 "type" : "NamedTypeSpecifier"
                              } ]
                           }
                        }
                     } ]
                  }
               } ],
               "relationship" : [ {
                  "localId" : "105",
                  "locator" : "76:5-77:92",
                  "alias" : "EncounterDementia",
                  "type" : "With",
                  "expression" : {
                     "localId" : "98",
                     "locator" : "76:10-76:55",
                     "name" : "Dementia Encounter During Measurement Period",
                     "type" : "ExpressionRef"
                  },
                  "suchThat" : {
                     "localId" : "104",
                     "locator" : "77:17-77:92",
                     "type" : "In",
                     "operand" : [ {
                        "localId" : "101",
                        "locator" : "77:17-77:52",
                        "path" : "authorDatetime",
                        "scope" : "NoCognitiveAssessment",
                        "type" : "Property"
                     }, {
                        "localId" : "103",
                        "locator" : "77:61-77:92",
                        "path" : "relevantPeriod",
                        "scope" : "EncounterDementia",
                        "type" : "Property"
                     } ]
                  }
               } ],
               "where" : {
                  "localId" : "109",
                  "locator" : "78:5-78:69",
                  "type" : "InValueSet",
                  "code" : {
                     "localId" : "107",
                     "locator" : "78:11-78:49",
                     "path" : "negationRationale",
                     "scope" : "NoCognitiveAssessment",
                     "type" : "Property"
                  },
                  "valueset" : {
                     "localId" : "108",
                     "locator" : "78:54-78:69",
                     "name" : "Patient Reason",
                     "preserve" : true
                  }
               }
            }
         }, {
            "localId" : "114",
            "locator" : "42:1-43:114",
            "name" : "Denominator Exceptions",
            "context" : "Patient",
            "accessLevel" : "Public",
            "annotation" : [ {
               "type" : "Annotation",
               "s" : {
                  "r" : "114",
                  "s" : [ {
                     "value" : [ "","define ","\"Denominator Exceptions\"",":\n  " ]
                  }, {
                     "r" : "113",
                     "s" : [ {
                        "value" : [ "exists " ]
                     }, {
                        "r" : "112",
                        "s" : [ {
                           "value" : [ "\"Patient Reason for Not Performing Assessment of Cognition Using Standardized Tools or Alternate Methods\"" ]
                        } ]
                     } ]
                  } ]
               }
            } ],
            "expression" : {
               "localId" : "113",
               "locator" : "43:3-43:114",
               "type" : "Exists",
               "operand" : {
                  "localId" : "112",
                  "locator" : "43:10-43:114",
                  "name" : "Patient Reason for Not Performing Assessment of Cognition Using Standardized Tools or Alternate Methods",
                  "type" : "ExpressionRef"
               }
            }
         }, {
            "localId" : "126",
            "locator" : "80:1-83:74",
            "name" : "Qualifying Encounter During Measurement Period",
            "context" : "Patient",
            "accessLevel" : "Public",
            "annotation" : [ {
               "type" : "Annotation",
               "s" : {
                  "r" : "126",
                  "s" : [ {
                     "value" : [ "","define ","\"Qualifying Encounter During Measurement Period\"",":\n  " ]
                  }, {
                     "r" : "125",
                     "s" : [ {
                        "s" : [ {
                           "r" : "120",
                           "s" : [ {
                              "r" : "119",
                              "s" : [ {
                                 "value" : [ "( " ]
                              }, {
                                 "r" : "119",
                                 "s" : [ {
                                    "r" : "117",
                                    "s" : [ {
                                       "value" : [ "\"Encounter to Assess Cognition\"" ]
                                    } ]
                                 }, {
                                    "value" : [ "\n    union " ]
                                 }, {
                                    "r" : "118",
                                    "s" : [ {
                                       "value" : [ "[","\"Encounter, Performed\"",": " ]
                                    }, {
                                       "s" : [ {
                                          "value" : [ "\"Patient Provider Interaction\"" ]
                                       } ]
                                    }, {
                                       "value" : [ "]" ]
                                    } ]
                                 } ]
                              }, {
                                 "value" : [ " )" ]
                              } ]
                           }, {
                              "value" : [ " ","ValidEncounter" ]
                           } ]
                        } ]
                     }, {
                        "value" : [ "\n    " ]
                     }, {
                        "r" : "124",
                        "s" : [ {
                           "value" : [ "where " ]
                        }, {
                           "r" : "124",
                           "s" : [ {
                              "r" : "122",
                              "s" : [ {
                                 "r" : "121",
                                 "s" : [ {
                                    "value" : [ "ValidEncounter" ]
                                 } ]
                              }, {
                                 "value" : [ "." ]
                              }, {
                                 "r" : "122",
                                 "s" : [ {
                                    "value" : [ "relevantPeriod" ]
                                 } ]
                              } ]
                           }, {
                              "r" : "124",
                              "value" : [ " ","during day of"," " ]
                           }, {
                              "r" : "123",
                              "s" : [ {
                                 "value" : [ "\"Measurement Period\"" ]
                              } ]
                           } ]
                        } ]
                     } ]
                  } ]
               }
            } ],
            "expression" : {
               "localId" : "125",
               "locator" : "81:3-83:74",
               "type" : "Query",
               "source" : [ {
                  "localId" : "120",
                  "locator" : "81:3-82:83",
                  "alias" : "ValidEncounter",
                  "expression" : {
                     "localId" : "119",
                     "locator" : "81:3-82:68",
                     "type" : "Union",
                     "operand" : [ {
                        "localId" : "117",
                        "locator" : "81:5-81:35",
                        "name" : "Encounter to Assess Cognition",
                        "type" : "ExpressionRef"
                     }, {
                        "localId" : "118",
                        "locator" : "82:11-82:66",
                        "dataType" : "{urn:healthit-gov:qdm:v5_6}PositiveEncounterPerformed",
                        "templateId" : "PositiveEncounterPerformed",
                        "codeProperty" : "code",
                        "codeComparator" : "in",
                        "type" : "Retrieve",
                        "codes" : {
                           "locator" : "82:36-82:65",
                           "name" : "Patient Provider Interaction",
                           "preserve" : true,
                           "type" : "ValueSetRef"
                        }
                     } ]
                  }
               } ],
               "relationship" : [ ],
               "where" : {
                  "localId" : "124",
                  "locator" : "83:5-83:74",
                  "precision" : "Day",
                  "type" : "IncludedIn",
                  "operand" : [ {
                     "localId" : "122",
                     "locator" : "83:11-83:39",
                     "path" : "relevantPeriod",
                     "scope" : "ValidEncounter",
                     "type" : "Property"
                  }, {
                     "localId" : "123",
                     "locator" : "83:55-83:74",
                     "name" : "Measurement Period",
                     "type" : "ParameterRef"
                  } ]
               }
            }
         }, {
            "localId" : "132",
            "locator" : "45:1-47:72",
            "name" : "Initial Population",
            "context" : "Patient",
            "accessLevel" : "Public",
            "annotation" : [ {
               "type" : "Annotation",
               "s" : {
                  "r" : "132",
                  "s" : [ {
                     "value" : [ "","define ","\"Initial Population\"",":\n  " ]
                  }, {
                     "r" : "131",
                     "s" : [ {
                        "r" : "116",
                        "s" : [ {
                           "value" : [ "exists " ]
                        }, {
                           "r" : "115",
                           "s" : [ {
                              "value" : [ "\"Dementia Encounter During Measurement Period\"" ]
                           } ]
                        } ]
                     }, {
                        "value" : [ "\n    and " ]
                     }, {
                        "r" : "130",
                        "s" : [ {
                           "value" : [ "( " ]
                        }, {
                           "r" : "130",
                           "s" : [ {
                              "r" : "128",
                              "s" : [ {
                                 "value" : [ "Count","(" ]
                              }, {
                                 "r" : "127",
                                 "s" : [ {
                                    "value" : [ "\"Qualifying Encounter During Measurement Period\"" ]
                                 } ]
                              }, {
                                 "value" : [ ")" ]
                              } ]
                           }, {
                              "r" : "129",
                              "value" : [ " ",">="," ","2" ]
                           } ]
                        }, {
                           "value" : [ " )" ]
                        } ]
                     } ]
                  } ]
               }
            } ],
            "expression" : {
               "localId" : "131",
               "locator" : "46:3-47:72",
               "type" : "And",
               "operand" : [ {
                  "localId" : "116",
                  "locator" : "46:3-46:55",
                  "type" : "Exists",
                  "operand" : {
                     "localId" : "115",
                     "locator" : "46:10-46:55",
                     "name" : "Dementia Encounter During Measurement Period",
                     "type" : "ExpressionRef"
                  }
               }, {
                  "localId" : "130",
                  "locator" : "47:9-47:72",
                  "type" : "GreaterOrEqual",
                  "operand" : [ {
                     "localId" : "128",
                     "locator" : "47:11-47:65",
                     "type" : "Count",
                     "source" : {
                        "localId" : "127",
                        "locator" : "47:17-47:64",
                        "name" : "Qualifying Encounter During Measurement Period",
                        "type" : "ExpressionRef"
                     }
                  }, {
                     "localId" : "129",
                     "locator" : "47:70",
                     "valueType" : "{urn:hl7-org:elm-types:r1}Integer",
                     "value" : "2",
                     "type" : "Literal"
                  } ]
               } ]
            }
         }, {
            "localId" : "134",
            "locator" : "49:1-50:48",
            "name" : "SDE Payer",
            "context" : "Patient",
            "accessLevel" : "Public",
            "annotation" : [ {
               "type" : "Annotation",
               "s" : {
                  "r" : "134",
                  "s" : [ {
                     "value" : [ "","define ","\"SDE Payer\"",":\n  " ]
                  }, {
                     "r" : "133",
                     "s" : [ {
                        "value" : [ "[","\"Patient Characteristic Payer\"",": " ]
                     }, {
                        "s" : [ {
                           "value" : [ "\"Payer Type\"" ]
                        } ]
                     }, {
                        "value" : [ "]" ]
                     } ]
                  } ]
               }
            } ],
            "expression" : {
               "localId" : "133",
               "locator" : "50:3-50:48",
               "dataType" : "{urn:healthit-gov:qdm:v5_6}PatientCharacteristicPayer",
               "codeProperty" : "code",
               "codeComparator" : "in",
               "type" : "Retrieve",
               "codes" : {
                  "locator" : "50:36-50:47",
                  "name" : "Payer Type",
                  "preserve" : true,
                  "type" : "ValueSetRef"
               }
            }
         }, {
            "localId" : "136",
            "locator" : "70:1-71:22",
            "name" : "Denominator",
            "context" : "Patient",
            "accessLevel" : "Public",
            "annotation" : [ {
               "type" : "Annotation",
               "s" : {
                  "r" : "136",
                  "s" : [ {
                     "value" : [ "","define ","\"Denominator\"",":\n  " ]
                  }, {
                     "r" : "135",
                     "s" : [ {
                        "value" : [ "\"Initial Population\"" ]
                     } ]
                  } ]
               }
            } ],
            "expression" : {
               "localId" : "135",
               "locator" : "71:3-71:22",
               "name" : "Initial Population",
               "type" : "ExpressionRef"
            }
         } ]
      }
   }
}