{
   "library" : {
      "annotation" : [ {
         "translatorOptions" : "EnableAnnotations,EnableLocators,DisableListDemotion,DisableListPromotion,DisableMethodInvocation",
         "type" : "CqlToElmInfo"
      }, {
         "type" : "Annotation",
         "s" : {
            "r" : "104",
            "s" : [ {
               "value" : [ "","library PneumococcalVaccinationStatusforOlderAdults version '11.0.000'" ]
            } ]
         }
      } ],
      "identifier" : {
         "id" : "PneumococcalVaccinationStatusforOlderAdults",
         "version" : "11.0.000"
      },
      "schemaIdentifier" : {
         "id" : "urn:hl7-org:elm",
         "version" : "r1"
      },
      "usings" : {
         "def" : [ {
            "localIdentifier" : "System",
            "uri" : "urn:hl7-org:elm-types:r1"
         }, {
            "localId" : "1",
            "locator" : "3:1-3:23",
            "localIdentifier" : "QDM",
            "uri" : "urn:healthit-gov:qdm:v5_6",
            "version" : "5.6",
            "annotation" : [ {
               "type" : "Annotation",
               "s" : {
                  "r" : "1",
                  "s" : [ {
                     "value" : [ "","using " ]
                  }, {
                     "s" : [ {
                        "value" : [ "QDM" ]
                     } ]
                  }, {
                     "value" : [ " version ","'5.6'" ]
                  } ]
               }
            } ]
         } ]
      },
      "includes" : {
         "def" : [ {
            "localId" : "2",
            "locator" : "5:1-5:64",
            "localIdentifier" : "Global",
            "path" : "MATGlobalCommonFunctions",
            "version" : "7.0.000",
            "annotation" : [ {
               "type" : "Annotation",
               "s" : {
                  "r" : "2",
                  "s" : [ {
                     "value" : [ "","include " ]
                  }, {
                     "s" : [ {
                        "value" : [ "MATGlobalCommonFunctions" ]
                     } ]
                  }, {
                     "value" : [ " version ","'7.0.000'"," called ","Global" ]
                  } ]
               }
            } ]
         }, {
            "localId" : "3",
            "locator" : "6:1-6:48",
            "localIdentifier" : "Hospice",
            "path" : "Hospice",
            "version" : "4.0.000",
            "annotation" : [ {
               "type" : "Annotation",
               "s" : {
                  "r" : "3",
                  "s" : [ {
                     "value" : [ "","include " ]
                  }, {
                     "s" : [ {
                        "value" : [ "Hospice" ]
                     } ]
                  }, {
                     "value" : [ " version ","'4.0.000'"," called ","Hospice" ]
                  } ]
               }
            } ]
         } ]
      },
      "parameters" : {
         "def" : [ {
            "localId" : "25",
            "locator" : "29:1-29:49",
            "name" : "Measurement Period",
            "accessLevel" : "Public",
            "annotation" : [ {
               "type" : "Annotation",
               "s" : {
                  "r" : "25",
                  "s" : [ {
                     "value" : [ "","parameter ","\"Measurement Period\""," " ]
                  }, {
                     "r" : "24",
                     "s" : [ {
                        "value" : [ "Interval<" ]
                     }, {
                        "r" : "23",
                        "s" : [ {
                           "value" : [ "DateTime" ]
                        } ]
                     }, {
                        "value" : [ ">" ]
                     } ]
                  } ]
               }
            } ],
            "parameterTypeSpecifier" : {
               "localId" : "24",
               "locator" : "29:32-29:49",
               "type" : "IntervalTypeSpecifier",
               "pointType" : {
                  "localId" : "23",
                  "locator" : "29:41-29:48",
                  "name" : "{urn:hl7-org:elm-types:r1}DateTime",
                  "type" : "NamedTypeSpecifier"
               }
            }
         } ]
      },
      "codeSystems" : {
         "def" : [ {
            "localId" : "4",
            "locator" : "8:1-8:50",
            "name" : "CPT",
            "id" : "urn:oid:2.16.840.1.113883.6.12",
            "accessLevel" : "Public",
            "annotation" : [ {
               "type" : "Annotation",
               "s" : {
                  "r" : "4",
                  "s" : [ {
                     "value" : [ "","codesystem ","\"CPT\"",": ","'urn:oid:2.16.840.1.113883.6.12'" ]
                  } ]
               }
            } ]
         } ]
      },
      "valueSets" : {
         "def" : [ {
            "localId" : "5",
            "locator" : "10:1-10:82",
            "name" : "Adult Pneumococcal Vaccine",
            "id" : "urn:oid:2.16.840.1.113883.3.464.1003.1161",
            "accessLevel" : "Public",
            "annotation" : [ {
               "type" : "Annotation",
               "s" : {
                  "r" : "5",
                  "s" : [ {
                     "value" : [ "","valueset ","\"Adult Pneumococcal Vaccine\"",": ","'urn:oid:2.16.840.1.113883.3.464.1003.1161'" ]
                  } ]
               }
            } ]
         }, {
            "localId" : "6",
            "locator" : "11:1-11:95",
            "name" : "Adult Pneumococcal Vaccine Administered",
            "id" : "urn:oid:2.16.840.1.113883.3.464.1003.1162",
            "accessLevel" : "Public",
            "annotation" : [ {
               "type" : "Annotation",
               "s" : {
                  "r" : "6",
                  "s" : [ {
                     "value" : [ "","valueset ","\"Adult Pneumococcal Vaccine Administered\"",": ","'urn:oid:2.16.840.1.113883.3.464.1003.1162'" ]
                  } ]
               }
            } ]
         }, {
            "localId" : "7",
            "locator" : "12:1-12:74",
            "name" : "Annual Wellness Visit",
            "id" : "urn:oid:2.16.840.1.113883.3.526.3.1240",
            "accessLevel" : "Public",
            "annotation" : [ {
               "type" : "Annotation",
               "s" : {
                  "r" : "7",
                  "s" : [ {
                     "value" : [ "","valueset ","\"Annual Wellness Visit\"",": ","'urn:oid:2.16.840.1.113883.3.526.3.1240'" ]
                  } ]
               }
            } ]
         }, {
            "localId" : "8",
            "locator" : "13:1-13:110",
            "name" : "Care Services in Long Term Residential Facility",
            "id" : "urn:oid:2.16.840.1.113883.3.464.1003.101.12.1014",
            "accessLevel" : "Public",
            "annotation" : [ {
               "type" : "Annotation",
               "s" : {
                  "r" : "8",
                  "s" : [ {
                     "value" : [ "","valueset ","\"Care Services in Long Term Residential Facility\"",": ","'urn:oid:2.16.840.1.113883.3.464.1003.101.12.1014'" ]
                  } ]
               }
            } ]
         }, {
            "localId" : "9",
            "locator" : "14:1-14:98",
            "name" : "Discharge Services Nursing Facility",
            "id" : "urn:oid:2.16.840.1.113883.3.464.1003.101.12.1013",
            "accessLevel" : "Public",
            "annotation" : [ {
               "type" : "Annotation",
               "s" : {
                  "r" : "9",
                  "s" : [ {
                     "value" : [ "","valueset ","\"Discharge Services Nursing Facility\"",": ","'urn:oid:2.16.840.1.113883.3.464.1003.101.12.1013'" ]
                  } ]
               }
            } ]
         }, {
            "localId" : "10",
            "locator" : "15:1-15:58",
            "name" : "Ethnicity",
            "id" : "urn:oid:2.16.840.1.114222.4.11.837",
            "accessLevel" : "Public",
            "annotation" : [ {
               "type" : "Annotation",
               "s" : {
                  "r" : "10",
                  "s" : [ {
                     "value" : [ "","valueset ","\"Ethnicity\"",": ","'urn:oid:2.16.840.1.114222.4.11.837'" ]
                  } ]
               }
            } ]
         }, {
            "localId" : "11",
            "locator" : "16:1-16:87",
            "name" : "Home Healthcare Services",
            "id" : "urn:oid:2.16.840.1.113883.3.464.1003.101.12.1016",
            "accessLevel" : "Public",
            "annotation" : [ {
               "type" : "Annotation",
               "s" : {
                  "r" : "11",
                  "s" : [ {
                     "value" : [ "","valueset ","\"Home Healthcare Services\"",": ","'urn:oid:2.16.840.1.113883.3.464.1003.101.12.1016'" ]
                  } ]
               }
            } ]
         }, {
            "localId" : "12",
            "locator" : "17:1-17:85",
            "name" : "Nursing Facility Visit",
            "id" : "urn:oid:2.16.840.1.113883.3.464.1003.101.12.1012",
            "accessLevel" : "Public",
            "annotation" : [ {
               "type" : "Annotation",
               "s" : {
                  "r" : "12",
                  "s" : [ {
                     "value" : [ "","valueset ","\"Nursing Facility Visit\"",": ","'urn:oid:2.16.840.1.113883.3.464.1003.101.12.1012'" ]
                  } ]
               }
            } ]
         }, {
            "localId" : "13",
            "locator" : "18:1-18:75",
            "name" : "Office Visit",
            "id" : "urn:oid:2.16.840.1.113883.3.464.1003.101.12.1001",
            "accessLevel" : "Public",
            "annotation" : [ {
               "type" : "Annotation",
               "s" : {
                  "r" : "13",
                  "s" : [ {
                     "value" : [ "","valueset ","\"Office Visit\"",": ","'urn:oid:2.16.840.1.113883.3.464.1003.101.12.1001'" ]
                  } ]
               }
            } ]
         }, {
            "localId" : "14",
            "locator" : "19:1-19:68",
            "name" : "ONC Administrative Sex",
            "id" : "urn:oid:2.16.840.1.113762.1.4.1",
            "accessLevel" : "Public",
            "annotation" : [ {
               "type" : "Annotation",
               "s" : {
                  "r" : "14",
                  "s" : [ {
                     "value" : [ "","valueset ","\"ONC Administrative Sex\"",": ","'urn:oid:2.16.840.1.113762.1.4.1'" ]
                  } ]
               }
            } ]
         }, {
            "localId" : "15",
            "locator" : "20:1-20:81",
            "name" : "Online Assessments",
            "id" : "urn:oid:2.16.840.1.113883.3.464.1003.101.12.1089",
            "accessLevel" : "Public",
            "annotation" : [ {
               "type" : "Annotation",
               "s" : {
                  "r" : "15",
                  "s" : [ {
                     "value" : [ "","valueset ","\"Online Assessments\"",": ","'urn:oid:2.16.840.1.113883.3.464.1003.101.12.1089'" ]
                  } ]
               }
            } ]
         }, {
            "localId" : "16",
            "locator" : "21:1-21:55",
            "name" : "Payer",
            "id" : "urn:oid:2.16.840.1.114222.4.11.3591",
            "accessLevel" : "Public",
            "annotation" : [ {
               "type" : "Annotation",
               "s" : {
                  "r" : "16",
                  "s" : [ {
                     "value" : [ "","valueset ","\"Payer\"",": ","'urn:oid:2.16.840.1.114222.4.11.3591'" ]
                  } ]
               }
            } ]
         }, {
            "localId" : "17",
            "locator" : "22:1-22:123",
            "name" : "Preventive Care Services Established Office Visit, 18 and Up",
            "id" : "urn:oid:2.16.840.1.113883.3.464.1003.101.12.1025",
            "accessLevel" : "Public",
            "annotation" : [ {
               "type" : "Annotation",
               "s" : {
                  "r" : "17",
                  "s" : [ {
                     "value" : [ "","valueset ","\"Preventive Care Services Established Office Visit, 18 and Up\"",": ","'urn:oid:2.16.840.1.113883.3.464.1003.101.12.1025'" ]
                  } ]
               }
            } ]
         }, {
            "localId" : "18",
            "locator" : "23:1-23:119",
            "name" : "Preventive Care Services Initial Office Visit, 18 and Up",
            "id" : "urn:oid:2.16.840.1.113883.3.464.1003.101.12.1023",
            "accessLevel" : "Public",
            "annotation" : [ {
               "type" : "Annotation",
               "s" : {
                  "r" : "18",
                  "s" : [ {
                     "value" : [ "","valueset ","\"Preventive Care Services Initial Office Visit, 18 and Up\"",": ","'urn:oid:2.16.840.1.113883.3.464.1003.101.12.1023'" ]
                  } ]
               }
            } ]
         }, {
            "localId" : "19",
            "locator" : "24:1-24:53",
            "name" : "Race",
            "id" : "urn:oid:2.16.840.1.114222.4.11.836",
            "accessLevel" : "Public",
            "annotation" : [ {
               "type" : "Annotation",
               "s" : {
                  "r" : "19",
                  "s" : [ {
                     "value" : [ "","valueset ","\"Race\"",": ","'urn:oid:2.16.840.1.114222.4.11.836'" ]
                  } ]
               }
            } ]
         }, {
            "localId" : "20",
            "locator" : "25:1-25:79",
            "name" : "Telephone Visits",
            "id" : "urn:oid:2.16.840.1.113883.3.464.1003.101.12.1080",
            "accessLevel" : "Public",
            "annotation" : [ {
               "type" : "Annotation",
               "s" : {
                  "r" : "20",
                  "s" : [ {
                     "value" : [ "","valueset ","\"Telephone Visits\"",": ","'urn:oid:2.16.840.1.113883.3.464.1003.101.12.1080'" ]
                  } ]
               }
            } ]
         } ]
      },
      "codes" : {
         "def" : [ {
            "localId" : "22",
            "locator" : "27:1-27:508",
            "name" : "Office or other outpatient visit for the evaluation and management of an established patient, that may not require the presence of a physician or other qualified health care professional. Usually, the presenting problem(s) are minimal.",
            "id" : "99211",
            "display" : "Office or other outpatient visit for the evaluation and management of an established patient, that may not require the presence of a physician or other qualified health care professional. Usually, the presenting problem(s) are minimal.",
            "accessLevel" : "Public",
            "annotation" : [ {
               "type" : "Annotation",
               "s" : {
                  "r" : "22",
                  "s" : [ {
                     "value" : [ "","code ","\"Office or other outpatient visit for the evaluation and management of an established patient, that may not require the presence of a physician or other qualified health care professional. Usually, the presenting problem(s) are minimal.\"",": ","'99211'"," from " ]
                  }, {
                     "r" : "21",
                     "s" : [ {
                        "value" : [ "\"CPT\"" ]
                     } ]
                  }, {
                     "value" : [ " display ","'Office or other outpatient visit for the evaluation and management of an established patient, that may not require the presence of a physician or other qualified health care professional. Usually, the presenting problem(s) are minimal.'" ]
                  } ]
               }
            } ],
            "codeSystem" : {
               "localId" : "21",
               "locator" : "27:258-27:262",
               "name" : "CPT"
            }
         } ]
      },
      "contexts" : {
         "def" : [ {
            "locator" : "31:1-31:15",
            "name" : "Patient"
         } ]
      },
      "statements" : {
         "def" : [ {
            "locator" : "31:1-31:15",
            "name" : "Patient",
            "context" : "Patient",
            "expression" : {
               "type" : "SingletonFrom",
               "operand" : {
                  "locator" : "31:1-31:15",
                  "dataType" : "{urn:healthit-gov:qdm:v5_6}Patient",
                  "templateId" : "Patient",
                  "type" : "Retrieve"
               }
            }
         }, {
            "localId" : "59",
            "locator" : "58:1-70:75",
            "name" : "Qualifying Encounters",
            "context" : "Patient",
            "accessLevel" : "Public",
            "annotation" : [ {
               "type" : "Annotation",
               "s" : {
                  "r" : "59",
                  "s" : [ {
                     "value" : [ "","define ","\"Qualifying Encounters\"",":\n  " ]
                  }, {
                     "r" : "58",
                     "s" : [ {
                        "s" : [ {
                           "r" : "53",
                           "s" : [ {
                              "r" : "52",
                              "s" : [ {
                                 "value" : [ "( " ]
                              }, {
                                 "r" : "52",
                                 "s" : [ {
                                    "r" : "50",
                                    "s" : [ {
                                       "r" : "48",
                                       "s" : [ {
                                          "r" : "46",
                                          "s" : [ {
                                             "r" : "44",
                                             "s" : [ {
                                                "r" : "42",
                                                "s" : [ {
                                                   "r" : "40",
                                                   "s" : [ {
                                                      "r" : "38",
                                                      "s" : [ {
                                                         "r" : "36",
                                                         "s" : [ {
                                                            "r" : "34",
                                                            "s" : [ {
                                                               "r" : "32",
                                                               "s" : [ {
                                                                  "value" : [ "[","\"Encounter, Performed\"",": " ]
                                                               }, {
                                                                  "s" : [ {
                                                                     "value" : [ "\"Office Visit\"" ]
                                                                  } ]
                                                               }, {
                                                                  "value" : [ "]" ]
                                                               } ]
                                                            }, {
                                                               "value" : [ "\n    union " ]
                                                            }, {
                                                               "r" : "33",
                                                               "s" : [ {
                                                                  "value" : [ "[","\"Encounter, Performed\"",": " ]
                                                               }, {
                                                                  "s" : [ {
                                                                     "value" : [ "\"Annual Wellness Visit\"" ]
                                                                  } ]
                                                               }, {
                                                                  "value" : [ "]" ]
                                                               } ]
                                                            } ]
                                                         }, {
                                                            "value" : [ "\n    union " ]
                                                         }, {
                                                            "r" : "35",
                                                            "s" : [ {
                                                               "value" : [ "[","\"Encounter, Performed\"",": " ]
                                                            }, {
                                                               "s" : [ {
                                                                  "value" : [ "\"Preventive Care Services Established Office Visit, 18 and Up\"" ]
                                                               } ]
                                                            }, {
                                                               "value" : [ "]" ]
                                                            } ]
                                                         } ]
                                                      }, {
                                                         "value" : [ "\n    union " ]
                                                      }, {
                                                         "r" : "37",
                                                         "s" : [ {
                                                            "value" : [ "[","\"Encounter, Performed\"",": " ]
                                                         }, {
                                                            "s" : [ {
                                                               "value" : [ "\"Preventive Care Services Initial Office Visit, 18 and Up\"" ]
                                                            } ]
                                                         }, {
                                                            "value" : [ "]" ]
                                                         } ]
                                                      } ]
                                                   }, {
                                                      "value" : [ "\n    union " ]
                                                   }, {
                                                      "r" : "39",
                                                      "s" : [ {
                                                         "value" : [ "[","\"Encounter, Performed\"",": " ]
                                                      }, {
                                                         "s" : [ {
                                                            "value" : [ "\"Home Healthcare Services\"" ]
                                                         } ]
                                                      }, {
                                                         "value" : [ "]" ]
                                                      } ]
                                                   } ]
                                                }, {
                                                   "value" : [ "\n    union " ]
                                                }, {
                                                   "r" : "41",
                                                   "s" : [ {
                                                      "value" : [ "[","\"Encounter, Performed\"",": " ]
                                                   }, {
                                                      "s" : [ {
                                                         "value" : [ "\"Care Services in Long Term Residential Facility\"" ]
                                                      } ]
                                                   }, {
                                                      "value" : [ "]" ]
                                                   } ]
                                                } ]
                                             }, {
                                                "value" : [ "\n    union " ]
                                             }, {
                                                "r" : "43",
                                                "s" : [ {
                                                   "value" : [ "[","\"Encounter, Performed\"",": " ]
                                                }, {
                                                   "s" : [ {
                                                      "value" : [ "\"Nursing Facility Visit\"" ]
                                                   } ]
                                                }, {
                                                   "value" : [ "]" ]
                                                } ]
                                             } ]
                                          }, {
                                             "value" : [ "\n    union " ]
                                          }, {
                                             "r" : "45",
                                             "s" : [ {
                                                "value" : [ "[","\"Encounter, Performed\"",": " ]
                                             }, {
                                                "s" : [ {
                                                   "value" : [ "\"Discharge Services Nursing Facility\"" ]
                                                } ]
                                             }, {
                                                "value" : [ "]" ]
                                             } ]
                                          } ]
                                       }, {
                                          "value" : [ "\n    union " ]
                                       }, {
                                          "r" : "47",
                                          "s" : [ {
                                             "value" : [ "[","\"Encounter, Performed\"",": " ]
                                          }, {
                                             "s" : [ {
                                                "value" : [ "\"Online Assessments\"" ]
                                             } ]
                                          }, {
                                             "value" : [ "]" ]
                                          } ]
                                       } ]
                                    }, {
                                       "value" : [ "\n    union " ]
                                    }, {
                                       "r" : "49",
                                       "s" : [ {
                                          "value" : [ "[","\"Encounter, Performed\"",": " ]
                                       }, {
                                          "s" : [ {
                                             "value" : [ "\"Telephone Visits\"" ]
                                          } ]
                                       }, {
                                          "value" : [ "]" ]
                                       } ]
                                    } ]
                                 }, {
                                    "value" : [ "\n    union " ]
                                 }, {
                                    "r" : "51",
                                    "s" : [ {
                                       "value" : [ "[","\"Encounter, Performed\"",": " ]
                                    }, {
                                       "s" : [ {
                                          "value" : [ "\"Office or other outpatient visit for the evaluation and management of an established patient, that may not require the presence of a physician or other qualified health care professional. Usually, the presenting problem(s) are minimal.\"" ]
                                       } ]
                                    }, {
                                       "value" : [ "]" ]
                                    } ]
                                 } ]
                              }, {
                                 "value" : [ " )" ]
                              } ]
                           }, {
                              "value" : [ " ","ValidEncounters" ]
                           } ]
                        } ]
                     }, {
                        "value" : [ "\n    " ]
                     }, {
                        "r" : "57",
                        "s" : [ {
                           "value" : [ "where " ]
                        }, {
                           "r" : "57",
                           "s" : [ {
                              "r" : "55",
                              "s" : [ {
                                 "r" : "54",
                                 "s" : [ {
                                    "value" : [ "ValidEncounters" ]
                                 } ]
                              }, {
                                 "value" : [ "." ]
                              }, {
                                 "r" : "55",
                                 "s" : [ {
                                    "value" : [ "relevantPeriod" ]
                                 } ]
                              } ]
                           }, {
                              "r" : "57",
                              "value" : [ " ","during day of"," " ]
                           }, {
                              "r" : "56",
                              "s" : [ {
                                 "value" : [ "\"Measurement Period\"" ]
                              } ]
                           } ]
                        } ]
                     } ]
                  } ]
               }
            } ],
            "expression" : {
               "localId" : "58",
               "locator" : "59:3-70:75",
               "type" : "Query",
               "source" : [ {
                  "localId" : "53",
                  "locator" : "59:3-69:291",
                  "alias" : "ValidEncounters",
                  "expression" : {
                     "localId" : "52",
                     "locator" : "59:3-69:275",
                     "type" : "Union",
                     "operand" : [ {
                        "localId" : "50",
                        "locator" : "59:5-68:54",
                        "type" : "Union",
                        "operand" : [ {
                           "localId" : "46",
                           "locator" : "59:5-66:73",
                           "type" : "Union",
                           "operand" : [ {
                              "localId" : "42",
                              "locator" : "59:5-64:85",
                              "type" : "Union",
                              "operand" : [ {
                                 "localId" : "38",
                                 "locator" : "59:5-62:94",
                                 "type" : "Union",
                                 "operand" : [ {
                                    "localId" : "34",
                                    "locator" : "59:5-60:59",
                                    "type" : "Union",
                                    "operand" : [ {
                                       "localId" : "32",
                                       "locator" : "59:5-59:44",
                                       "dataType" : "{urn:healthit-gov:qdm:v5_6}PositiveEncounterPerformed",
                                       "templateId" : "PositiveEncounterPerformed",
                                       "codeProperty" : "code",
                                       "codeComparator" : "in",
                                       "type" : "Retrieve",
                                       "codes" : {
                                          "locator" : "59:30-59:43",
                                          "name" : "Office Visit",
                                          "type" : "ValueSetRef"
                                       }
                                    }, {
                                       "localId" : "33",
                                       "locator" : "60:11-60:59",
                                       "dataType" : "{urn:healthit-gov:qdm:v5_6}PositiveEncounterPerformed",
                                       "templateId" : "PositiveEncounterPerformed",
                                       "codeProperty" : "code",
                                       "codeComparator" : "in",
                                       "type" : "Retrieve",
                                       "codes" : {
                                          "locator" : "60:36-60:58",
                                          "name" : "Annual Wellness Visit",
                                          "type" : "ValueSetRef"
                                       }
                                    } ]
                                 }, {
                                    "type" : "Union",
                                    "operand" : [ {
                                       "localId" : "35",
                                       "locator" : "61:11-61:98",
                                       "dataType" : "{urn:healthit-gov:qdm:v5_6}PositiveEncounterPerformed",
                                       "templateId" : "PositiveEncounterPerformed",
                                       "codeProperty" : "code",
                                       "codeComparator" : "in",
                                       "type" : "Retrieve",
                                       "codes" : {
                                          "locator" : "61:36-61:97",
                                          "name" : "Preventive Care Services Established Office Visit, 18 and Up",
                                          "type" : "ValueSetRef"
                                       }
                                    }, {
                                       "localId" : "37",
                                       "locator" : "62:11-62:94",
                                       "dataType" : "{urn:healthit-gov:qdm:v5_6}PositiveEncounterPerformed",
                                       "templateId" : "PositiveEncounterPerformed",
                                       "codeProperty" : "code",
                                       "codeComparator" : "in",
                                       "type" : "Retrieve",
                                       "codes" : {
                                          "locator" : "62:36-62:93",
                                          "name" : "Preventive Care Services Initial Office Visit, 18 and Up",
                                          "type" : "ValueSetRef"
                                       }
                                    } ]
                                 } ]
                              }, {
                                 "type" : "Union",
                                 "operand" : [ {
                                    "localId" : "39",
                                    "locator" : "63:11-63:62",
                                    "dataType" : "{urn:healthit-gov:qdm:v5_6}PositiveEncounterPerformed",
                                    "templateId" : "PositiveEncounterPerformed",
                                    "codeProperty" : "code",
                                    "codeComparator" : "in",
                                    "type" : "Retrieve",
                                    "codes" : {
                                       "locator" : "63:36-63:61",
                                       "name" : "Home Healthcare Services",
                                       "type" : "ValueSetRef"
                                    }
                                 }, {
                                    "localId" : "41",
                                    "locator" : "64:11-64:85",
                                    "dataType" : "{urn:healthit-gov:qdm:v5_6}PositiveEncounterPerformed",
                                    "templateId" : "PositiveEncounterPerformed",
                                    "codeProperty" : "code",
                                    "codeComparator" : "in",
                                    "type" : "Retrieve",
                                    "codes" : {
                                       "locator" : "64:36-64:84",
                                       "name" : "Care Services in Long Term Residential Facility",
                                       "type" : "ValueSetRef"
                                    }
                                 } ]
                              } ]
                           }, {
                              "type" : "Union",
                              "operand" : [ {
                                 "localId" : "43",
                                 "locator" : "65:11-65:60",
                                 "dataType" : "{urn:healthit-gov:qdm:v5_6}PositiveEncounterPerformed",
                                 "templateId" : "PositiveEncounterPerformed",
                                 "codeProperty" : "code",
                                 "codeComparator" : "in",
                                 "type" : "Retrieve",
                                 "codes" : {
                                    "locator" : "65:36-65:59",
                                    "name" : "Nursing Facility Visit",
                                    "type" : "ValueSetRef"
                                 }
                              }, {
                                 "localId" : "45",
                                 "locator" : "66:11-66:73",
                                 "dataType" : "{urn:healthit-gov:qdm:v5_6}PositiveEncounterPerformed",
                                 "templateId" : "PositiveEncounterPerformed",
                                 "codeProperty" : "code",
                                 "codeComparator" : "in",
                                 "type" : "Retrieve",
                                 "codes" : {
                                    "locator" : "66:36-66:72",
                                    "name" : "Discharge Services Nursing Facility",
                                    "type" : "ValueSetRef"
                                 }
                              } ]
                           } ]
                        }, {
                           "type" : "Union",
                           "operand" : [ {
                              "localId" : "47",
                              "locator" : "67:11-67:56",
                              "dataType" : "{urn:healthit-gov:qdm:v5_6}PositiveEncounterPerformed",
                              "templateId" : "PositiveEncounterPerformed",
                              "codeProperty" : "code",
                              "codeComparator" : "in",
                              "type" : "Retrieve",
                              "codes" : {
                                 "locator" : "67:36-67:55",
                                 "name" : "Online Assessments",
                                 "type" : "ValueSetRef"
                              }
                           }, {
                              "localId" : "49",
                              "locator" : "68:11-68:54",
                              "dataType" : "{urn:healthit-gov:qdm:v5_6}PositiveEncounterPerformed",
                              "templateId" : "PositiveEncounterPerformed",
                              "codeProperty" : "code",
                              "codeComparator" : "in",
                              "type" : "Retrieve",
                              "codes" : {
                                 "locator" : "68:36-68:53",
                                 "name" : "Telephone Visits",
                                 "type" : "ValueSetRef"
                              }
                           } ]
                        } ]
                     }, {
                        "localId" : "51",
                        "locator" : "69:11-69:273",
                        "dataType" : "{urn:healthit-gov:qdm:v5_6}PositiveEncounterPerformed",
                        "templateId" : "PositiveEncounterPerformed",
                        "codeProperty" : "code",
                        "codeComparator" : "~",
                        "type" : "Retrieve",
                        "codes" : {
                           "type" : "ToList",
                           "operand" : {
                              "locator" : "69:36-69:272",
                              "name" : "Office or other outpatient visit for the evaluation and management of an established patient, that may not require the presence of a physician or other qualified health care professional. Usually, the presenting problem(s) are minimal.",
                              "type" : "CodeRef"
                           }
                        }
                     } ]
                  }
               } ],
               "relationship" : [ ],
               "where" : {
                  "localId" : "57",
                  "locator" : "70:5-70:75",
                  "precision" : "Day",
                  "type" : "IncludedIn",
                  "operand" : [ {
                     "localId" : "55",
                     "locator" : "70:11-70:40",
                     "path" : "relevantPeriod",
                     "scope" : "ValidEncounters",
                     "type" : "Property"
                  }, {
                     "localId" : "56",
                     "locator" : "70:56-70:75",
                     "name" : "Measurement Period",
                     "type" : "ParameterRef"
                  } ]
               }
            }
         }, {
            "localId" : "63",
            "locator" : "54:1-56:38",
            "name" : "Initial Population",
            "context" : "Patient",
            "accessLevel" : "Public",
            "annotation" : [ {
               "type" : "Annotation",
               "s" : {
                  "r" : "63",
                  "s" : [ {
                     "value" : [ "","define ","\"Initial Population\"",":\n  " ]
                  }, {
                     "r" : "62",
                     "s" : [ {
                        "r" : "31",
                        "s" : [ {
                           "r" : "29",
                           "s" : [ {
                              "value" : [ "AgeInYearsAt","(" ]
                           }, {
                              "r" : "28",
                              "s" : [ {
                                 "value" : [ "date from " ]
                              }, {
                                 "r" : "27",
                                 "s" : [ {
                                    "value" : [ "start of " ]
                                 }, {
                                    "r" : "26",
                                    "s" : [ {
                                       "value" : [ "\"Measurement Period\"" ]
                                    } ]
                                 } ]
                              } ]
                           }, {
                              "value" : [ ")" ]
                           } ]
                        }, {
                           "r" : "30",
                           "value" : [ ">="," ","66" ]
                        } ]
                     }, {
                        "value" : [ "\n    and " ]
                     }, {
                        "r" : "61",
                        "s" : [ {
                           "value" : [ "exists " ]
                        }, {
                           "r" : "60",
                           "s" : [ {
                              "value" : [ "\"Qualifying Encounters\"" ]
                           } ]
                        } ]
                     } ]
                  } ]
               }
            } ],
            "expression" : {
               "localId" : "62",
               "locator" : "55:3-56:38",
               "type" : "And",
               "operand" : [ {
                  "localId" : "31",
                  "locator" : "55:3-55:60",
                  "type" : "GreaterOrEqual",
                  "operand" : [ {
                     "localId" : "29",
                     "locator" : "55:3-55:55",
                     "precision" : "Year",
                     "type" : "CalculateAgeAt",
                     "operand" : [ {
                        "type" : "ToDate",
                        "operand" : {
                           "path" : "birthDatetime",
                           "type" : "Property",
                           "source" : {
                              "name" : "Patient",
                              "type" : "ExpressionRef"
                           }
                        }
                     }, {
                        "localId" : "28",
                        "locator" : "55:16-55:54",
                        "type" : "DateFrom",
                        "operand" : {
                           "localId" : "27",
                           "locator" : "55:26-55:54",
                           "type" : "Start",
                           "operand" : {
                              "localId" : "26",
                              "locator" : "55:35-55:54",
                              "name" : "Measurement Period",
                              "type" : "ParameterRef"
                           }
                        }
                     } ]
                  }, {
                     "localId" : "30",
                     "locator" : "55:59-55:60",
                     "valueType" : "{urn:hl7-org:elm-types:r1}Integer",
                     "value" : "66",
                     "type" : "Literal"
                  } ]
               }, {
                  "localId" : "61",
                  "locator" : "56:9-56:38",
                  "type" : "Exists",
                  "operand" : {
                     "localId" : "60",
                     "locator" : "56:16-56:38",
                     "name" : "Qualifying Encounters",
                     "type" : "ExpressionRef"
                  }
               } ]
            }
         }, {
            "localId" : "65",
            "locator" : "33:1-34:22",
            "name" : "Denominator",
            "context" : "Patient",
            "accessLevel" : "Public",
            "annotation" : [ {
               "type" : "Annotation",
               "s" : {
                  "r" : "65",
                  "s" : [ {
                     "value" : [ "","define ","\"Denominator\"",":\n  " ]
                  }, {
                     "r" : "64",
                     "s" : [ {
                        "value" : [ "\"Initial Population\"" ]
                     } ]
                  } ]
               }
            } ],
            "expression" : {
               "localId" : "64",
               "locator" : "34:3-34:22",
               "name" : "Initial Population",
               "type" : "ExpressionRef"
            }
         }, {
            "localId" : "68",
            "locator" : "36:1-37:32",
            "name" : "Denominator Exclusions",
            "context" : "Patient",
            "accessLevel" : "Public",
            "annotation" : [ {
               "type" : "Annotation",
               "s" : {
                  "r" : "68",
                  "s" : [ {
                     "value" : [ "","define ","\"Denominator Exclusions\"",":\n  " ]
                  }, {
                     "r" : "67",
                     "s" : [ {
                        "r" : "66",
                        "s" : [ {
                           "value" : [ "Hospice" ]
                        } ]
                     }, {
                        "value" : [ "." ]
                     }, {
                        "r" : "67",
                        "s" : [ {
                           "value" : [ "\"Has Hospice Services\"" ]
                        } ]
                     } ]
                  } ]
               }
            } ],
            "expression" : {
               "localId" : "67",
               "locator" : "37:3-37:32",
               "name" : "Has Hospice Services",
               "libraryName" : "Hospice",
               "type" : "ExpressionRef"
            }
         }, {
            "localId" : "70",
            "locator" : "39:1-40:51",
            "name" : "SDE Ethnicity",
            "context" : "Patient",
            "accessLevel" : "Public",
            "annotation" : [ {
               "type" : "Annotation",
               "s" : {
                  "r" : "70",
                  "s" : [ {
                     "value" : [ "","define ","\"SDE Ethnicity\"",":\n  " ]
                  }, {
                     "r" : "69",
                     "s" : [ {
                        "value" : [ "[","\"Patient Characteristic Ethnicity\"",": " ]
                     }, {
                        "s" : [ {
                           "value" : [ "\"Ethnicity\"" ]
                        } ]
                     }, {
                        "value" : [ "]" ]
                     } ]
                  } ]
               }
            } ],
            "expression" : {
               "localId" : "69",
               "locator" : "40:3-40:51",
               "dataType" : "{urn:healthit-gov:qdm:v5_6}PatientCharacteristicEthnicity",
               "codeProperty" : "code",
               "codeComparator" : "in",
               "type" : "Retrieve",
               "codes" : {
                  "locator" : "40:40-40:50",
                  "name" : "Ethnicity",
                  "type" : "ValueSetRef"
               }
            }
         }, {
            "localId" : "72",
            "locator" : "42:1-43:43",
            "name" : "SDE Payer",
            "context" : "Patient",
            "accessLevel" : "Public",
            "annotation" : [ {
               "type" : "Annotation",
               "s" : {
                  "r" : "72",
                  "s" : [ {
                     "value" : [ "","define ","\"SDE Payer\"",":\n  " ]
                  }, {
                     "r" : "71",
                     "s" : [ {
                        "value" : [ "[","\"Patient Characteristic Payer\"",": " ]
                     }, {
                        "s" : [ {
                           "value" : [ "\"Payer\"" ]
                        } ]
                     }, {
                        "value" : [ "]" ]
                     } ]
                  } ]
               }
            } ],
            "expression" : {
               "localId" : "71",
               "locator" : "43:3-43:43",
               "dataType" : "{urn:healthit-gov:qdm:v5_6}PatientCharacteristicPayer",
               "codeProperty" : "code",
               "codeComparator" : "in",
               "type" : "Retrieve",
               "codes" : {
                  "locator" : "43:36-43:42",
                  "name" : "Payer",
                  "type" : "ValueSetRef"
               }
            }
         }, {
            "localId" : "74",
            "locator" : "45:1-46:41",
            "name" : "SDE Race",
            "context" : "Patient",
            "accessLevel" : "Public",
            "annotation" : [ {
               "type" : "Annotation",
               "s" : {
                  "r" : "74",
                  "s" : [ {
                     "value" : [ "","define ","\"SDE Race\"",":\n  " ]
                  }, {
                     "r" : "73",
                     "s" : [ {
                        "value" : [ "[","\"Patient Characteristic Race\"",": " ]
                     }, {
                        "s" : [ {
                           "value" : [ "\"Race\"" ]
                        } ]
                     }, {
                        "value" : [ "]" ]
                     } ]
                  } ]
               }
            } ],
            "expression" : {
               "localId" : "73",
               "locator" : "46:3-46:41",
               "dataType" : "{urn:healthit-gov:qdm:v5_6}PatientCharacteristicRace",
               "codeProperty" : "code",
               "codeComparator" : "in",
               "type" : "Retrieve",
               "codes" : {
                  "locator" : "46:35-46:40",
                  "name" : "Race",
                  "type" : "ValueSetRef"
               }
            }
         }, {
            "localId" : "76",
            "locator" : "48:1-49:58",
            "name" : "SDE Sex",
            "context" : "Patient",
            "accessLevel" : "Public",
            "annotation" : [ {
               "type" : "Annotation",
               "s" : {
                  "r" : "76",
                  "s" : [ {
                     "value" : [ "","define ","\"SDE Sex\"",":\n  " ]
                  }, {
                     "r" : "75",
                     "s" : [ {
                        "value" : [ "[","\"Patient Characteristic Sex\"",": " ]
                     }, {
                        "s" : [ {
                           "value" : [ "\"ONC Administrative Sex\"" ]
                        } ]
                     }, {
                        "value" : [ "]" ]
                     } ]
                  } ]
               }
            } ],
            "expression" : {
               "localId" : "75",
               "locator" : "49:3-49:58",
               "dataType" : "{urn:healthit-gov:qdm:v5_6}PatientCharacteristicSex",
               "codeProperty" : "code",
               "codeComparator" : "in",
               "type" : "Retrieve",
               "codes" : {
                  "locator" : "49:34-49:57",
                  "name" : "ONC Administrative Sex",
                  "type" : "ValueSetRef"
               }
            }
         }, {
            "localId" : "104",
            "locator" : "72:1-78:3",
            "name" : "Has Adult Pneumococcal Vaccine Administered",
            "context" : "Patient",
            "accessLevel" : "Public",
            "annotation" : [ {
               "type" : "Annotation",
               "s" : {
                  "r" : "104",
                  "s" : [ {
                     "value" : [ "","define ","\"Has Adult Pneumococcal Vaccine Administered\"",":\n  " ]
                  }, {
                     "r" : "103",
                     "s" : [ {
                        "value" : [ "exists " ]
                     }, {
                        "r" : "102",
                        "s" : [ {
                           "value" : [ "( " ]
                        }, {
                           "r" : "102",
                           "s" : [ {
                              "s" : [ {
                                 "r" : "80",
                                 "s" : [ {
                                    "r" : "79",
                                    "s" : [ {
                                       "value" : [ "( " ]
                                    }, {
                                       "r" : "79",
                                       "s" : [ {
                                          "r" : "77",
                                          "s" : [ {
                                             "value" : [ "[","\"Immunization, Administered\"",": " ]
                                          }, {
                                             "s" : [ {
                                                "value" : [ "\"Adult Pneumococcal Vaccine\"" ]
                                             } ]
                                          }, {
                                             "value" : [ "]" ]
                                          } ]
                                       }, {
                                          "value" : [ "\n      union " ]
                                       }, {
                                          "r" : "78",
                                          "s" : [ {
                                             "value" : [ "[","\"Procedure, Performed\"",": " ]
                                          }, {
                                             "s" : [ {
                                                "value" : [ "\"Adult Pneumococcal Vaccine Administered\"" ]
                                             } ]
                                          }, {
                                             "value" : [ "]" ]
                                          } ]
                                       } ]
                                    }, {
                                       "value" : [ " )" ]
                                    } ]
                                 }, {
                                    "value" : [ " ","PneumococcalVaccination" ]
                                 } ]
                              } ]
                           }, {
                              "value" : [ "\n      " ]
                           }, {
                              "r" : "101",
                              "s" : [ {
                                 "value" : [ "where " ]
                              }, {
                                 "r" : "101",
                                 "s" : [ {
                                    "r" : "91",
                                    "s" : [ {
                                       "r" : "89",
                                       "s" : [ {
                                          "value" : [ "AgeInYearsAt","(" ]
                                       }, {
                                          "r" : "88",
                                          "s" : [ {
                                             "value" : [ "date from " ]
                                          }, {
                                             "r" : "87",
                                             "s" : [ {
                                                "value" : [ "start of " ]
                                             }, {
                                                "r" : "86",
                                                "s" : [ {
                                                   "r" : "81",
                                                   "s" : [ {
                                                      "value" : [ "Global" ]
                                                   } ]
                                                }, {
                                                   "value" : [ "." ]
                                                }, {
                                                   "r" : "86",
                                                   "s" : [ {
                                                      "value" : [ "\"NormalizeInterval\"","(" ]
                                                   }, {
                                                      "r" : "83",
                                                      "s" : [ {
                                                         "r" : "82",
                                                         "s" : [ {
                                                            "value" : [ "PneumococcalVaccination" ]
                                                         } ]
                                                      }, {
                                                         "value" : [ "." ]
                                                      }, {
                                                         "r" : "83",
                                                         "s" : [ {
                                                            "value" : [ "relevantDatetime" ]
                                                         } ]
                                                      } ]
                                                   }, {
                                                      "value" : [ ", " ]
                                                   }, {
                                                      "r" : "85",
                                                      "s" : [ {
                                                         "r" : "84",
                                                         "s" : [ {
                                                            "value" : [ "PneumococcalVaccination" ]
                                                         } ]
                                                      }, {
                                                         "value" : [ "." ]
                                                      }, {
                                                         "r" : "85",
                                                         "s" : [ {
                                                            "value" : [ "relevantPeriod" ]
                                                         } ]
                                                      } ]
                                                   }, {
                                                      "value" : [ ")" ]
                                                   } ]
                                                } ]
                                             } ]
                                          } ]
                                       }, {
                                          "value" : [ ")" ]
                                       } ]
                                    }, {
                                       "r" : "90",
                                       "value" : [ ">="," ","60" ]
                                    } ]
                                 }, {
                                    "value" : [ "\n        and " ]
                                 }, {
                                    "r" : "100",
                                    "s" : [ {
                                       "r" : "97",
                                       "s" : [ {
                                          "r" : "92",
                                          "s" : [ {
                                             "value" : [ "Global" ]
                                          } ]
                                       }, {
                                          "value" : [ "." ]
                                       }, {
                                          "r" : "97",
                                          "s" : [ {
                                             "value" : [ "\"NormalizeInterval\""," ( " ]
                                          }, {
                                             "r" : "94",
                                             "s" : [ {
                                                "r" : "93",
                                                "s" : [ {
                                                   "value" : [ "PneumococcalVaccination" ]
                                                } ]
                                             }, {
                                                "value" : [ "." ]
                                             }, {
                                                "r" : "94",
                                                "s" : [ {
                                                   "value" : [ "relevantDatetime" ]
                                                } ]
                                             } ]
                                          }, {
                                             "value" : [ ", " ]
                                          }, {
                                             "r" : "96",
                                             "s" : [ {
                                                "r" : "95",
                                                "s" : [ {
                                                   "value" : [ "PneumococcalVaccination" ]
                                                } ]
                                             }, {
                                                "value" : [ "." ]
                                             }, {
                                                "r" : "96",
                                                "s" : [ {
                                                   "value" : [ "relevantPeriod" ]
                                                } ]
                                             } ]
                                          }, {
                                             "value" : [ " )" ]
                                          } ]
                                       } ]
                                    }, {
                                       "r" : "100",
                                       "value" : [ " ","on or before day of"," \n        " ]
                                    }, {
                                       "r" : "99",
                                       "s" : [ {
                                          "value" : [ "end of " ]
                                       }, {
                                          "r" : "98",
                                          "s" : [ {
                                             "value" : [ "\"Measurement Period\"" ]
                                          } ]
                                       } ]
                                    } ]
                                 } ]
                              } ]
                           } ]
                        }, {
                           "value" : [ "\n  )" ]
                        } ]
                     } ]
                  } ]
               }
            } ],
            "expression" : {
               "localId" : "103",
               "locator" : "73:3-78:3",
               "type" : "Exists",
               "operand" : {
                  "localId" : "102",
                  "locator" : "73:10-78:3",
                  "type" : "Query",
                  "source" : [ {
                     "localId" : "80",
                     "locator" : "73:12-74:105",
                     "alias" : "PneumococcalVaccination",
                     "expression" : {
                        "localId" : "79",
                        "locator" : "73:12-74:81",
                        "type" : "Union",
                        "operand" : [ {
                           "type" : "As",
                           "operand" : {
                              "localId" : "77",
                              "locator" : "73:14-73:73",
                              "dataType" : "{urn:healthit-gov:qdm:v5_6}PositiveImmunizationAdministered",
                              "templateId" : "PositiveImmunizationAdministered",
                              "codeProperty" : "code",
                              "codeComparator" : "in",
                              "type" : "Retrieve",
                              "codes" : {
                                 "locator" : "73:45-73:72",
                                 "name" : "Adult Pneumococcal Vaccine",
                                 "type" : "ValueSetRef"
                              }
                           },
                           "asTypeSpecifier" : {
                              "type" : "ListTypeSpecifier",
                              "elementType" : {
                                 "type" : "ChoiceTypeSpecifier",
                                 "choice" : [ {
                                    "name" : "{urn:healthit-gov:qdm:v5_6}PositiveProcedurePerformed",
                                    "type" : "NamedTypeSpecifier"
                                 }, {
                                    "name" : "{urn:healthit-gov:qdm:v5_6}PositiveImmunizationAdministered",
                                    "type" : "NamedTypeSpecifier"
                                 } ]
                              }
                           }
                        }, {
                           "type" : "As",
                           "operand" : {
                              "localId" : "78",
                              "locator" : "74:13-74:79",
                              "dataType" : "{urn:healthit-gov:qdm:v5_6}PositiveProcedurePerformed",
                              "templateId" : "PositiveProcedurePerformed",
                              "codeProperty" : "code",
                              "codeComparator" : "in",
                              "type" : "Retrieve",
                              "codes" : {
                                 "locator" : "74:38-74:78",
                                 "name" : "Adult Pneumococcal Vaccine Administered",
                                 "type" : "ValueSetRef"
                              }
                           },
                           "asTypeSpecifier" : {
                              "type" : "ListTypeSpecifier",
                              "elementType" : {
                                 "type" : "ChoiceTypeSpecifier",
                                 "choice" : [ {
                                    "name" : "{urn:healthit-gov:qdm:v5_6}PositiveProcedurePerformed",
                                    "type" : "NamedTypeSpecifier"
                                 }, {
                                    "name" : "{urn:healthit-gov:qdm:v5_6}PositiveImmunizationAdministered",
                                    "type" : "NamedTypeSpecifier"
                                 } ]
                              }
                           }
                        } ]
                     }
                  } ],
                  "relationship" : [ ],
                  "where" : {
                     "localId" : "101",
                     "locator" : "75:7-77:35",
                     "type" : "And",
                     "operand" : [ {
                        "localId" : "91",
                        "locator" : "75:13-75:158",
                        "type" : "GreaterOrEqual",
                        "operand" : [ {
                           "localId" : "89",
                           "locator" : "75:13-75:153",
                           "precision" : "Year",
                           "type" : "CalculateAgeAt",
                           "operand" : [ {
                              "type" : "ToDate",
                              "operand" : {
                                 "path" : "birthDatetime",
                                 "type" : "Property",
                                 "source" : {
                                    "name" : "Patient",
                                    "type" : "ExpressionRef"
                                 }
                              }
                           }, {
                              "localId" : "88",
                              "locator" : "75:26-75:152",
                              "type" : "DateFrom",
                              "operand" : {
                                 "localId" : "87",
                                 "locator" : "75:36-75:152",
                                 "type" : "Start",
                                 "operand" : {
                                    "localId" : "86",
                                    "locator" : "75:45-75:152",
                                    "name" : "NormalizeInterval",
                                    "libraryName" : "Global",
                                    "type" : "FunctionRef",
                                    "operand" : [ {
                                       "localId" : "83",
                                       "locator" : "75:72-75:111",
                                       "path" : "relevantDatetime",
                                       "scope" : "PneumococcalVaccination",
                                       "type" : "Property"
                                    }, {
                                       "localId" : "85",
                                       "locator" : "75:114-75:151",
                                       "path" : "relevantPeriod",
                                       "scope" : "PneumococcalVaccination",
                                       "type" : "Property"
                                    } ]
                                 }
                              }
                           } ]
                        }, {
                           "localId" : "90",
                           "locator" : "75:157-75:158",
                           "valueType" : "{urn:hl7-org:elm-types:r1}Integer",
                           "value" : "60",
                           "type" : "Literal"
                        } ]
                     }, {
                        "localId" : "100",
                        "locator" : "76:13-77:35",
                        "precision" : "Day",
                        "type" : "SameOrBefore",
                        "operand" : [ {
                           "localId" : "97",
                           "locator" : "76:13-76:123",
                           "name" : "NormalizeInterval",
                           "libraryName" : "Global",
                           "type" : "FunctionRef",
                           "operand" : [ {
                              "localId" : "94",
                              "locator" : "76:42-76:81",
                              "path" : "relevantDatetime",
                              "scope" : "PneumococcalVaccination",
                              "type" : "Property"
                           }, {
                              "localId" : "96",
                              "locator" : "76:84-76:121",
                              "path" : "relevantPeriod",
                              "scope" : "PneumococcalVaccination",
                              "type" : "Property"
                           } ]
                        }, {
                           "type" : "If",
                           "condition" : {
                              "type" : "IsNull",
                              "operand" : {
                                 "localId" : "99",
                                 "locator" : "77:9-77:35",
                                 "type" : "End",
                                 "operand" : {
                                    "localId" : "98",
                                    "locator" : "77:16-77:35",
                                    "name" : "Measurement Period",
                                    "type" : "ParameterRef"
                                 }
                              }
                           },
                           "then" : {
                              "type" : "Null",
                              "resultTypeSpecifier" : {
                                 "type" : "IntervalTypeSpecifier",
                                 "pointType" : {
                                    "name" : "{urn:hl7-org:elm-types:r1}DateTime",
                                    "type" : "NamedTypeSpecifier"
                                 }
                              }
                           },
                           "else" : {
                              "lowClosed" : true,
                              "highClosed" : true,
                              "type" : "Interval",
                              "low" : {
                                 "localId" : "99",
                                 "locator" : "77:9-77:35",
                                 "type" : "End",
                                 "operand" : {
                                    "localId" : "98",
                                    "locator" : "77:16-77:35",
                                    "name" : "Measurement Period",
                                    "type" : "ParameterRef"
                                 }
                              },
                              "high" : {
                                 "localId" : "99",
                                 "locator" : "77:9-77:35",
                                 "type" : "End",
                                 "operand" : {
                                    "localId" : "98",
                                    "locator" : "77:16-77:35",
                                    "name" : "Measurement Period",
                                    "type" : "ParameterRef"
                                 }
                              }
                           }
                        } ]
                     } ]
                  }
               }
            }
         }, {
            "localId" : "106",
            "locator" : "51:1-52:47",
            "name" : "Numerator",
            "context" : "Patient",
            "accessLevel" : "Public",
            "annotation" : [ {
               "type" : "Annotation",
               "s" : {
                  "r" : "106",
                  "s" : [ {
                     "value" : [ "","define ","\"Numerator\"",":\n  " ]
                  }, {
                     "r" : "105",
                     "s" : [ {
                        "value" : [ "\"Has Adult Pneumococcal Vaccine Administered\"" ]
                     } ]
                  } ]
               }
            } ],
            "expression" : {
               "localId" : "105",
               "locator" : "52:3-52:47",
               "name" : "Has Adult Pneumococcal Vaccine Administered",
               "type" : "ExpressionRef"
            }
         } ]
      }
   }
}