{
   "library" : {
      "localId" : "0",
      "annotation" : [ {
         "translatorVersion" : "3.14.0",
         "translatorOptions" : "EnableAnnotations,EnableLocators,EnableResultTypes,EnableDetailedErrors,DisableListDemotion,DisableListPromotion",
         "signatureLevel" : "None",
         "type" : "CqlToElmInfo"
      }, {
         "type" : "Annotation",
         "s" : {
            "r" : "471",
            "s" : [ {
               "value" : [ "","library TJCOverallQDM version '9.0.000'" ]
            } ]
         }
      } ],
      "identifier" : {
         "id" : "TJCOverallQDM",
         "version" : "9.0.000"
      },
      "schemaIdentifier" : {
         "id" : "urn:hl7-org:elm",
         "version" : "r1"
      },
      "usings" : {
         "def" : [ {
            "localId" : "1",
            "localIdentifier" : "System",
            "uri" : "urn:hl7-org:elm-types:r1"
         }, {
            "localId" : "206",
            "locator" : "3:1-3:23",
            "localIdentifier" : "QDM",
            "uri" : "urn:healthit-gov:qdm:v5_6",
            "version" : "5.6",
            "annotation" : [ {
               "type" : "Annotation",
               "s" : {
                  "r" : "206",
                  "s" : [ {
                     "value" : [ "","using " ]
                  }, {
                     "s" : [ {
                        "value" : [ "QDM" ]
                     } ]
                  }, {
                     "value" : [ " version '5.6'" ]
                  } ]
               }
            } ]
         } ]
      },
      "includes" : {
         "def" : [ {
            "localId" : "207",
            "locator" : "5:1-5:52",
            "localIdentifier" : "Global",
            "path" : "CQMCommonQDM",
            "version" : "9.0.000",
            "annotation" : [ {
               "type" : "Annotation",
               "s" : {
                  "r" : "207",
                  "s" : [ {
                     "value" : [ "","include " ]
                  }, {
                     "s" : [ {
                        "value" : [ "CQMCommonQDM" ]
                     } ]
                  }, {
                     "value" : [ " version ","'9.0.000'"," called ","Global" ]
                  } ]
               }
            } ]
         } ]
      },
      "parameters" : {
         "def" : [ {
            "localId" : "218",
            "locator" : "18:1-18:49",
            "name" : "Measurement Period",
            "accessLevel" : "Public",
            "annotation" : [ {
               "type" : "Annotation",
               "s" : {
                  "r" : "218",
                  "s" : [ {
                     "value" : [ "","parameter ","\"Measurement Period\""," " ]
                  }, {
                     "r" : "219",
                     "s" : [ {
                        "value" : [ "Interval<" ]
                     }, {
                        "r" : "220",
                        "s" : [ {
                           "value" : [ "DateTime" ]
                        } ]
                     }, {
                        "value" : [ ">" ]
                     } ]
                  } ]
               }
            } ],
            "resultTypeSpecifier" : {
               "localId" : "223",
               "type" : "IntervalTypeSpecifier",
               "pointType" : {
                  "localId" : "224",
                  "name" : "{urn:hl7-org:elm-types:r1}DateTime",
                  "type" : "NamedTypeSpecifier"
               }
            },
            "parameterTypeSpecifier" : {
               "localId" : "219",
               "locator" : "18:32-18:49",
               "type" : "IntervalTypeSpecifier",
               "resultTypeSpecifier" : {
                  "localId" : "221",
                  "type" : "IntervalTypeSpecifier",
                  "pointType" : {
                     "localId" : "222",
                     "name" : "{urn:hl7-org:elm-types:r1}DateTime",
                     "type" : "NamedTypeSpecifier"
                  }
               },
               "pointType" : {
                  "localId" : "220",
                  "locator" : "18:41-18:48",
                  "resultTypeName" : "{urn:hl7-org:elm-types:r1}DateTime",
                  "name" : "{urn:hl7-org:elm-types:r1}DateTime",
                  "type" : "NamedTypeSpecifier"
               }
            }
         } ]
      },
      "valueSets" : {
         "def" : [ {
            "localId" : "208",
            "locator" : "7:1-7:65",
            "resultTypeName" : "{urn:hl7-org:elm-types:r1}ValueSet",
            "name" : "Comfort Measures",
            "id" : "urn:oid:1.3.6.1.4.1.33895.1.3.0.45",
            "accessLevel" : "Public",
            "annotation" : [ {
               "type" : "Annotation",
               "s" : {
                  "r" : "208",
                  "s" : [ {
                     "value" : [ "","valueset ","\"Comfort Measures\"",": ","'urn:oid:1.3.6.1.4.1.33895.1.3.0.45'" ]
                  } ]
               }
            } ],
            "codeSystem" : [ ]
         }, {
            "localId" : "209",
            "locator" : "8:1-8:87",
            "resultTypeName" : "{urn:hl7-org:elm-types:r1}ValueSet",
            "name" : "Discharge To Acute Care Facility",
            "id" : "urn:oid:2.16.840.1.113883.3.117.1.7.1.87",
            "accessLevel" : "Public",
            "annotation" : [ {
               "type" : "Annotation",
               "s" : {
                  "r" : "209",
                  "s" : [ {
                     "value" : [ "","valueset ","\"Discharge To Acute Care Facility\"",": ","'urn:oid:2.16.840.1.113883.3.117.1.7.1.87'" ]
                  } ]
               }
            } ],
            "codeSystem" : [ ]
         }, {
            "localId" : "210",
            "locator" : "9:1-9:107",
            "resultTypeName" : "{urn:hl7-org:elm-types:r1}ValueSet",
            "name" : "Discharged to Health Care Facility for Hospice Care",
            "id" : "urn:oid:2.16.840.1.113883.3.117.1.7.1.207",
            "accessLevel" : "Public",
            "annotation" : [ {
               "type" : "Annotation",
               "s" : {
                  "r" : "210",
                  "s" : [ {
                     "value" : [ "","valueset ","\"Discharged to Health Care Facility for Hospice Care\"",": ","'urn:oid:2.16.840.1.113883.3.117.1.7.1.207'" ]
                  } ]
               }
            } ],
            "codeSystem" : [ ]
         }, {
            "localId" : "211",
            "locator" : "10:1-10:91",
            "resultTypeName" : "{urn:hl7-org:elm-types:r1}ValueSet",
            "name" : "Discharged to Home for Hospice Care",
            "id" : "urn:oid:2.16.840.1.113883.3.117.1.7.1.209",
            "accessLevel" : "Public",
            "annotation" : [ {
               "type" : "Annotation",
               "s" : {
                  "r" : "211",
                  "s" : [ {
                     "value" : [ "","valueset ","\"Discharged to Home for Hospice Care\"",": ","'urn:oid:2.16.840.1.113883.3.117.1.7.1.209'" ]
                  } ]
               }
            } ],
            "codeSystem" : [ ]
         }, {
            "localId" : "212",
            "locator" : "11:1-11:82",
            "resultTypeName" : "{urn:hl7-org:elm-types:r1}ValueSet",
            "name" : "Emergency Department Visit",
            "id" : "urn:oid:2.16.840.1.113883.3.117.1.7.1.292",
            "accessLevel" : "Public",
            "annotation" : [ {
               "type" : "Annotation",
               "s" : {
                  "r" : "212",
                  "s" : [ {
                     "value" : [ "","valueset ","\"Emergency Department Visit\"",": ","'urn:oid:2.16.840.1.113883.3.117.1.7.1.292'" ]
                  } ]
               }
            } ],
            "codeSystem" : [ ]
         }, {
            "localId" : "213",
            "locator" : "12:1-12:71",
            "resultTypeName" : "{urn:hl7-org:elm-types:r1}ValueSet",
            "name" : "Ischemic Stroke",
            "id" : "urn:oid:2.16.840.1.113883.3.117.1.7.1.247",
            "accessLevel" : "Public",
            "annotation" : [ {
               "type" : "Annotation",
               "s" : {
                  "r" : "213",
                  "s" : [ {
                     "value" : [ "","valueset ","\"Ischemic Stroke\"",": ","'urn:oid:2.16.840.1.113883.3.117.1.7.1.247'" ]
                  } ]
               }
            } ],
            "codeSystem" : [ ]
         }, {
            "localId" : "214",
            "locator" : "13:1-13:83",
            "resultTypeName" : "{urn:hl7-org:elm-types:r1}ValueSet",
            "name" : "Left Against Medical Advice",
            "id" : "urn:oid:2.16.840.1.113883.3.117.1.7.1.308",
            "accessLevel" : "Public",
            "annotation" : [ {
               "type" : "Annotation",
               "s" : {
                  "r" : "214",
                  "s" : [ {
                     "value" : [ "","valueset ","\"Left Against Medical Advice\"",": ","'urn:oid:2.16.840.1.113883.3.117.1.7.1.308'" ]
                  } ]
               }
            } ],
            "codeSystem" : [ ]
         }, {
            "localId" : "215",
            "locator" : "14:1-14:87",
            "resultTypeName" : "{urn:hl7-org:elm-types:r1}ValueSet",
            "name" : "Nonelective Inpatient Encounter",
            "id" : "urn:oid:2.16.840.1.113883.3.117.1.7.1.424",
            "accessLevel" : "Public",
            "annotation" : [ {
               "type" : "Annotation",
               "s" : {
                  "r" : "215",
                  "s" : [ {
                     "value" : [ "","valueset ","\"Nonelective Inpatient Encounter\"",": ","'urn:oid:2.16.840.1.113883.3.117.1.7.1.424'" ]
                  } ]
               }
            } ],
            "codeSystem" : [ ]
         }, {
            "localId" : "216",
            "locator" : "15:1-15:73",
            "resultTypeName" : "{urn:hl7-org:elm-types:r1}ValueSet",
            "name" : "Observation Services",
            "id" : "urn:oid:2.16.840.1.113762.1.4.1111.143",
            "accessLevel" : "Public",
            "annotation" : [ {
               "type" : "Annotation",
               "s" : {
                  "r" : "216",
                  "s" : [ {
                     "value" : [ "","valueset ","\"Observation Services\"",": ","'urn:oid:2.16.840.1.113762.1.4.1111.143'" ]
                  } ]
               }
            } ],
            "codeSystem" : [ ]
         }, {
            "localId" : "217",
            "locator" : "16:1-16:71",
            "resultTypeName" : "{urn:hl7-org:elm-types:r1}ValueSet",
            "name" : "Patient Expired",
            "id" : "urn:oid:2.16.840.1.113883.3.117.1.7.1.309",
            "accessLevel" : "Public",
            "annotation" : [ {
               "type" : "Annotation",
               "s" : {
                  "r" : "217",
                  "s" : [ {
                     "value" : [ "","valueset ","\"Patient Expired\"",": ","'urn:oid:2.16.840.1.113883.3.117.1.7.1.309'" ]
                  } ]
               }
            } ],
            "codeSystem" : [ ]
         } ]
      },
      "contexts" : {
         "def" : [ {
            "localId" : "228",
            "locator" : "20:1-20:15",
            "name" : "Patient"
         } ]
      },
      "statements" : {
         "def" : [ {
            "localId" : "471",
            "locator" : "56:1-57:70",
            "name" : "CalendarDayOfOrDayAfter",
            "context" : "Patient",
            "accessLevel" : "Public",
            "type" : "FunctionDef",
            "annotation" : [ {
               "type" : "Annotation",
               "s" : {
                  "r" : "471",
                  "s" : [ {
                     "value" : [ "","define function \"CalendarDayOfOrDayAfter\"(StartValue DateTime ):\n  " ]
                  }, {
                     "r" : "480",
                     "s" : [ {
                        "r" : "480",
                        "s" : [ {
                           "value" : [ "Interval[" ]
                        }, {
                           "r" : "474",
                           "s" : [ {
                              "value" : [ "date from " ]
                           }, {
                              "r" : "475",
                              "s" : [ {
                                 "value" : [ "( " ]
                              }, {
                                 "r" : "475",
                                 "s" : [ {
                                    "value" : [ "StartValue" ]
                                 } ]
                              }, {
                                 "value" : [ " )" ]
                              } ]
                           } ]
                        }, {
                           "value" : [ ", " ]
                        }, {
                           "r" : "476",
                           "s" : [ {
                              "r" : "477",
                              "s" : [ {
                                 "value" : [ "date from " ]
                              }, {
                                 "r" : "478",
                                 "s" : [ {
                                    "value" : [ "( " ]
                                 }, {
                                    "r" : "478",
                                    "s" : [ {
                                       "value" : [ "StartValue" ]
                                    } ]
                                 }, {
                                    "value" : [ " )" ]
                                 } ]
                              } ]
                           }, {
                              "value" : [ " + " ]
                           }, {
                              "r" : "479",
                              "s" : [ {
                                 "value" : [ "1 ","day" ]
                              } ]
                           } ]
                        }, {
                           "value" : [ "]" ]
                        } ]
                     } ]
                  } ]
               }
            } ],
            "resultTypeSpecifier" : {
               "localId" : "485",
               "type" : "IntervalTypeSpecifier",
               "pointType" : {
                  "localId" : "486",
                  "name" : "{urn:hl7-org:elm-types:r1}Date",
                  "type" : "NamedTypeSpecifier"
               }
            },
            "expression" : {
               "localId" : "480",
               "locator" : "57:3-57:70",
               "lowClosed" : true,
               "highClosed" : true,
               "type" : "Interval",
               "resultTypeSpecifier" : {
                  "localId" : "483",
                  "type" : "IntervalTypeSpecifier",
                  "pointType" : {
                     "localId" : "484",
                     "name" : "{urn:hl7-org:elm-types:r1}Date",
                     "type" : "NamedTypeSpecifier"
                  }
               },
               "low" : {
                  "localId" : "474",
                  "locator" : "57:12-57:35",
                  "resultTypeName" : "{urn:hl7-org:elm-types:r1}Date",
                  "type" : "DateFrom",
                  "signature" : [ ],
                  "operand" : {
                     "localId" : "475",
                     "locator" : "57:22-57:35",
                     "resultTypeName" : "{urn:hl7-org:elm-types:r1}DateTime",
                     "name" : "StartValue",
                     "type" : "OperandRef"
                  }
               },
               "high" : {
                  "localId" : "476",
                  "locator" : "57:38-57:69",
                  "resultTypeName" : "{urn:hl7-org:elm-types:r1}Date",
                  "type" : "Add",
                  "signature" : [ ],
                  "operand" : [ {
                     "localId" : "477",
                     "locator" : "57:38-57:61",
                     "resultTypeName" : "{urn:hl7-org:elm-types:r1}Date",
                     "type" : "DateFrom",
                     "signature" : [ ],
                     "operand" : {
                        "localId" : "478",
                        "locator" : "57:48-57:61",
                        "resultTypeName" : "{urn:hl7-org:elm-types:r1}DateTime",
                        "name" : "StartValue",
                        "type" : "OperandRef"
                     }
                  }, {
                     "localId" : "479",
                     "locator" : "57:65-57:69",
                     "resultTypeName" : "{urn:hl7-org:elm-types:r1}Quantity",
                     "value" : 1,
                     "unit" : "day",
                     "type" : "Quantity"
                  } ]
               }
            },
            "operand" : [ {
               "localId" : "473",
               "name" : "StartValue",
               "operandTypeSpecifier" : {
                  "localId" : "472",
                  "locator" : "56:54-56:61",
                  "resultTypeName" : "{urn:hl7-org:elm-types:r1}DateTime",
                  "name" : "{urn:hl7-org:elm-types:r1}DateTime",
                  "type" : "NamedTypeSpecifier"
               }
            } ]
         }, {
            "localId" : "230",
            "locator" : "22:1-25:230",
            "name" : "Encounter With Comfort Measures During Hospitalization",
            "context" : "Patient",
            "accessLevel" : "Public",
            "annotation" : [ {
               "type" : "Annotation",
               "s" : {
                  "r" : "230",
                  "s" : [ {
                     "value" : [ "","define ","\"Encounter With Comfort Measures During Hospitalization\"",":\n  " ]
                  }, {
                     "r" : "405",
                     "s" : [ {
                        "s" : [ {
                           "r" : "231",
                           "s" : [ {
                              "r" : "314",
                              "s" : [ {
                                 "s" : [ {
                                    "value" : [ "\"Ischemic Stroke Encounter\"" ]
                                 } ]
                              } ]
                           }, {
                              "value" : [ " ","IschemicStrokeEncounter" ]
                           } ]
                        } ]
                     }, {
                        "value" : [ "\n    " ]
                     }, {
                        "r" : "400",
                        "s" : [ {
                           "value" : [ "with " ]
                        }, {
                           "r" : "319",
                           "s" : [ {
                              "r" : "353",
                              "s" : [ {
                                 "s" : [ {
                                    "value" : [ "\"Intervention Comfort Measures\"" ]
                                 } ]
                              } ]
                           }, {
                              "value" : [ " ","ComfortMeasure" ]
                           } ]
                        }, {
                           "value" : [ "\n      such that " ]
                        }, {
                           "r" : "399",
                           "s" : [ {
                              "r" : "390",
                              "s" : [ {
                                 "value" : [ "Coalesce","(" ]
                              }, {
                                 "r" : "362",
                                 "s" : [ {
                                    "value" : [ "start of " ]
                                 }, {
                                    "r" : "378",
                                    "s" : [ {
                                       "r" : "363",
                                       "s" : [ {
                                          "value" : [ "Global" ]
                                       } ]
                                    }, {
                                       "value" : [ "." ]
                                    }, {
                                       "r" : "378",
                                       "s" : [ {
                                          "value" : [ "\"NormalizeInterval\"","(" ]
                                       }, {
                                          "r" : "368",
                                          "s" : [ {
                                             "r" : "364",
                                             "s" : [ {
                                                "value" : [ "ComfortMeasure" ]
                                             } ]
                                          }, {
                                             "value" : [ "." ]
                                          }, {
                                             "r" : "368",
                                             "s" : [ {
                                                "value" : [ "relevantDatetime" ]
                                             } ]
                                          } ]
                                       }, {
                                          "value" : [ ", " ]
                                       }, {
                                          "r" : "373",
                                          "s" : [ {
                                             "r" : "369",
                                             "s" : [ {
                                                "value" : [ "ComfortMeasure" ]
                                             } ]
                                          }, {
                                             "value" : [ "." ]
                                          }, {
                                             "r" : "373",
                                             "s" : [ {
                                                "value" : [ "relevantPeriod" ]
                                             } ]
                                          } ]
                                       }, {
                                          "value" : [ ")" ]
                                       } ]
                                    } ]
                                 } ]
                              }, {
                                 "value" : [ ", " ]
                              }, {
                                 "r" : "387",
                                 "s" : [ {
                                    "r" : "383",
                                    "s" : [ {
                                       "value" : [ "ComfortMeasure" ]
                                    } ]
                                 }, {
                                    "value" : [ "." ]
                                 }, {
                                    "r" : "387",
                                    "s" : [ {
                                       "value" : [ "authorDatetime" ]
                                    } ]
                                 } ]
                              }, {
                                 "value" : [ ")" ]
                              } ]
                           }, {
                              "r" : "399",
                              "value" : [ "during"," " ]
                           }, {
                              "r" : "393",
                              "s" : [ {
                                 "r" : "391",
                                 "s" : [ {
                                    "value" : [ "Global" ]
                                 } ]
                              }, {
                                 "value" : [ "." ]
                              }, {
                                 "r" : "393",
                                 "s" : [ {
                                    "value" : [ "\"HospitalizationWithObservation\""," ( " ]
                                 }, {
                                    "r" : "392",
                                    "s" : [ {
                                       "value" : [ "IschemicStrokeEncounter" ]
                                    } ]
                                 }, {
                                    "value" : [ " )" ]
                                 } ]
                              } ]
                           } ]
                        } ]
                     } ]
                  } ]
               }
            } ],
            "resultTypeSpecifier" : {
               "localId" : "408",
               "type" : "ListTypeSpecifier",
               "elementType" : {
                  "localId" : "409",
                  "name" : "{urn:healthit-gov:qdm:v5_6}PositiveEncounterPerformed",
                  "type" : "NamedTypeSpecifier"
               }
            },
            "expression" : {
               "localId" : "405",
               "locator" : "23:3-25:230",
               "type" : "Query",
               "resultTypeSpecifier" : {
                  "localId" : "406",
                  "type" : "ListTypeSpecifier",
                  "elementType" : {
                     "localId" : "407",
                     "name" : "{urn:healthit-gov:qdm:v5_6}PositiveEncounterPerformed",
                     "type" : "NamedTypeSpecifier"
                  }
               },
               "source" : [ {
                  "localId" : "231",
                  "locator" : "23:3-23:53",
                  "alias" : "IschemicStrokeEncounter",
                  "resultTypeSpecifier" : {
                     "localId" : "317",
                     "type" : "ListTypeSpecifier",
                     "elementType" : {
                        "localId" : "318",
                        "name" : "{urn:healthit-gov:qdm:v5_6}PositiveEncounterPerformed",
                        "type" : "NamedTypeSpecifier"
                     }
                  },
                  "expression" : {
                     "localId" : "314",
                     "locator" : "23:3-23:29",
                     "name" : "Ischemic Stroke Encounter",
                     "type" : "ExpressionRef",
                     "resultTypeSpecifier" : {
                        "localId" : "315",
                        "type" : "ListTypeSpecifier",
                        "elementType" : {
                           "localId" : "316",
                           "name" : "{urn:healthit-gov:qdm:v5_6}PositiveEncounterPerformed",
                           "type" : "NamedTypeSpecifier"
                        }
                     }
                  }
               } ],
               "let" : [ ],
               "relationship" : [ {
                  "localId" : "400",
                  "locator" : "24:5-25:230",
                  "alias" : "ComfortMeasure",
                  "type" : "With",
                  "resultTypeSpecifier" : {
                     "localId" : "401",
                     "type" : "ListTypeSpecifier",
                     "elementType" : {
                        "localId" : "402",
                        "type" : "ChoiceTypeSpecifier",
                        "choice" : [ {
                           "localId" : "403",
                           "name" : "{urn:healthit-gov:qdm:v5_6}PositiveInterventionPerformed",
                           "type" : "NamedTypeSpecifier"
                        }, {
                           "localId" : "404",
                           "name" : "{urn:healthit-gov:qdm:v5_6}PositiveInterventionOrder",
                           "type" : "NamedTypeSpecifier"
                        } ]
                     }
                  },
                  "expression" : {
                     "localId" : "353",
                     "locator" : "24:10-24:40",
                     "name" : "Intervention Comfort Measures",
                     "type" : "ExpressionRef",
                     "resultTypeSpecifier" : {
                        "localId" : "354",
                        "type" : "ListTypeSpecifier",
                        "elementType" : {
                           "localId" : "355",
                           "type" : "ChoiceTypeSpecifier",
                           "choice" : [ {
                              "localId" : "356",
                              "name" : "{urn:healthit-gov:qdm:v5_6}PositiveInterventionPerformed",
                              "type" : "NamedTypeSpecifier"
                           }, {
                              "localId" : "357",
                              "name" : "{urn:healthit-gov:qdm:v5_6}PositiveInterventionOrder",
                              "type" : "NamedTypeSpecifier"
                           } ]
                        }
                     }
                  },
                  "suchThat" : {
                     "localId" : "399",
                     "locator" : "25:17-25:230",
                     "resultTypeName" : "{urn:hl7-org:elm-types:r1}Boolean",
                     "type" : "In",
                     "signature" : [ ],
                     "operand" : [ {
                        "localId" : "390",
                        "locator" : "25:17-25:156",
                        "resultTypeName" : "{urn:hl7-org:elm-types:r1}DateTime",
                        "type" : "Coalesce",
                        "signature" : [ ],
                        "operand" : [ {
                           "localId" : "362",
                           "locator" : "25:26-25:124",
                           "resultTypeName" : "{urn:hl7-org:elm-types:r1}DateTime",
                           "type" : "Start",
                           "signature" : [ ],
                           "operand" : {
                              "localId" : "378",
                              "locator" : "25:35-25:124",
                              "name" : "NormalizeInterval",
                              "libraryName" : "Global",
                              "type" : "FunctionRef",
                              "resultTypeSpecifier" : {
                                 "localId" : "381",
                                 "type" : "IntervalTypeSpecifier",
                                 "pointType" : {
                                    "localId" : "382",
                                    "name" : "{urn:hl7-org:elm-types:r1}DateTime",
                                    "type" : "NamedTypeSpecifier"
                                 }
                              },
                              "signature" : [ ],
                              "operand" : [ {
                                 "localId" : "368",
                                 "locator" : "25:62-25:92",
                                 "resultTypeName" : "{urn:hl7-org:elm-types:r1}DateTime",
                                 "path" : "relevantDatetime",
                                 "scope" : "ComfortMeasure",
                                 "type" : "Property"
                              }, {
                                 "localId" : "373",
                                 "locator" : "25:95-25:123",
                                 "path" : "relevantPeriod",
                                 "scope" : "ComfortMeasure",
                                 "type" : "Property",
                                 "resultTypeSpecifier" : {
                                    "localId" : "376",
                                    "type" : "IntervalTypeSpecifier",
                                    "pointType" : {
                                       "localId" : "377",
                                       "name" : "{urn:hl7-org:elm-types:r1}DateTime",
                                       "type" : "NamedTypeSpecifier"
                                    }
                                 }
                              } ]
                           }
                        }, {
                           "localId" : "387",
                           "locator" : "25:127-25:155",
                           "resultTypeName" : "{urn:hl7-org:elm-types:r1}DateTime",
                           "path" : "authorDatetime",
                           "scope" : "ComfortMeasure",
                           "type" : "Property"
                        } ]
                     }, {
                        "localId" : "393",
                        "locator" : "25:164-25:230",
                        "name" : "HospitalizationWithObservation",
                        "libraryName" : "Global",
                        "type" : "FunctionRef",
                        "resultTypeSpecifier" : {
                           "localId" : "396",
                           "type" : "IntervalTypeSpecifier",
                           "pointType" : {
                              "localId" : "397",
                              "name" : "{urn:hl7-org:elm-types:r1}DateTime",
                              "type" : "NamedTypeSpecifier"
                           }
                        },
                        "signature" : [ ],
                        "operand" : [ {
                           "localId" : "392",
                           "locator" : "25:206-25:228",
                           "resultTypeName" : "{urn:healthit-gov:qdm:v5_6}PositiveEncounterPerformed",
                           "name" : "IschemicStrokeEncounter",
                           "type" : "AliasRef"
                        } ]
                     } ]
                  }
               } ]
            }
         }, {
            "localId" : "459",
            "locator" : "53:1-54:81",
            "resultTypeName" : "{urn:hl7-org:elm-types:r1}Integer",
            "name" : "HospitalizationWithObservationLengthofStay",
            "context" : "Patient",
            "accessLevel" : "Public",
            "type" : "FunctionDef",
            "annotation" : [ {
               "type" : "Annotation",
               "s" : {
                  "r" : "459",
                  "s" : [ {
                     "value" : [ "","define function \"HospitalizationWithObservationLengthofStay\"(Encounter \"Encounter, Performed\" ):\n  " ]
                  }, {
                     "r" : "470",
                     "s" : [ {
                        "r" : "470",
                        "s" : [ {
                           "r" : "462",
                           "s" : [ {
                              "value" : [ "Global" ]
                           } ]
                        }, {
                           "value" : [ "." ]
                        }, {
                           "r" : "470",
                           "s" : [ {
                              "value" : [ "\"LengthInDays\""," ( " ]
                           }, {
                              "r" : "465",
                              "s" : [ {
                                 "r" : "463",
                                 "s" : [ {
                                    "value" : [ "Global" ]
                                 } ]
                              }, {
                                 "value" : [ "." ]
                              }, {
                                 "r" : "465",
                                 "s" : [ {
                                    "value" : [ "\"HospitalizationWithObservation\""," ( " ]
                                 }, {
                                    "r" : "464",
                                    "s" : [ {
                                       "value" : [ "Encounter" ]
                                    } ]
                                 }, {
                                    "value" : [ " )" ]
                                 } ]
                              } ]
                           }, {
                              "value" : [ " )" ]
                           } ]
                        } ]
                     } ]
                  } ]
               }
            } ],
            "expression" : {
               "localId" : "470",
               "locator" : "54:3-54:81",
               "resultTypeName" : "{urn:hl7-org:elm-types:r1}Integer",
               "name" : "LengthInDays",
               "libraryName" : "Global",
               "type" : "FunctionRef",
               "signature" : [ ],
               "operand" : [ {
                  "localId" : "465",
                  "locator" : "54:27-54:79",
                  "name" : "HospitalizationWithObservation",
                  "libraryName" : "Global",
                  "type" : "FunctionRef",
                  "resultTypeSpecifier" : {
                     "localId" : "468",
                     "type" : "IntervalTypeSpecifier",
                     "pointType" : {
                        "localId" : "469",
                        "name" : "{urn:hl7-org:elm-types:r1}DateTime",
                        "type" : "NamedTypeSpecifier"
                     }
                  },
                  "signature" : [ ],
                  "operand" : [ {
                     "localId" : "464",
                     "locator" : "54:69-54:77",
                     "resultTypeName" : "{urn:healthit-gov:qdm:v5_6}PositiveEncounterPerformed",
                     "name" : "Encounter",
                     "type" : "OperandRef"
                  } ]
               } ]
            },
            "operand" : [ {
               "localId" : "461",
               "name" : "Encounter",
               "operandTypeSpecifier" : {
                  "localId" : "460",
                  "locator" : "53:72-53:93",
                  "resultTypeName" : "{urn:healthit-gov:qdm:v5_6}PositiveEncounterPerformed",
                  "name" : "{urn:healthit-gov:qdm:v5_6}PositiveEncounterPerformed",
                  "type" : "NamedTypeSpecifier"
               }
            } ]
         }, {
            "localId" : "321",
            "locator" : "27:1-29:57",
            "name" : "Intervention Comfort Measures",
            "context" : "Patient",
            "accessLevel" : "Public",
            "annotation" : [ {
               "type" : "Annotation",
               "s" : {
                  "r" : "321",
                  "s" : [ {
                     "value" : [ "","define ","\"Intervention Comfort Measures\"",":\n  " ]
                  }, {
                     "r" : "344",
                     "s" : [ {
                        "r" : "324",
                        "s" : [ {
                           "value" : [ "[","\"Intervention, Order\"",": " ]
                        }, {
                           "s" : [ {
                              "value" : [ "\"Comfort Measures\"" ]
                           } ]
                        }, {
                           "value" : [ "]" ]
                        } ]
                     }, {
                        "value" : [ "\n    union " ]
                     }, {
                        "r" : "330",
                        "s" : [ {
                           "value" : [ "[","\"Intervention, Performed\"",": " ]
                        }, {
                           "s" : [ {
                              "value" : [ "\"Comfort Measures\"" ]
                           } ]
                        }, {
                           "value" : [ "]" ]
                        } ]
                     } ]
                  } ]
               }
            } ],
            "resultTypeSpecifier" : {
               "localId" : "410",
               "type" : "ListTypeSpecifier",
               "elementType" : {
                  "localId" : "411",
                  "type" : "ChoiceTypeSpecifier",
                  "choice" : [ {
                     "localId" : "412",
                     "name" : "{urn:healthit-gov:qdm:v5_6}PositiveInterventionPerformed",
                     "type" : "NamedTypeSpecifier"
                  }, {
                     "localId" : "413",
                     "name" : "{urn:healthit-gov:qdm:v5_6}PositiveInterventionOrder",
                     "type" : "NamedTypeSpecifier"
                  } ]
               }
            },
            "expression" : {
               "localId" : "344",
               "locator" : "28:3-29:57",
               "type" : "Union",
               "resultTypeSpecifier" : {
                  "localId" : "345",
                  "type" : "ListTypeSpecifier",
                  "elementType" : {
                     "localId" : "346",
                     "type" : "ChoiceTypeSpecifier",
                     "choice" : [ {
                        "localId" : "347",
                        "name" : "{urn:healthit-gov:qdm:v5_6}PositiveInterventionPerformed",
                        "type" : "NamedTypeSpecifier"
                     }, {
                        "localId" : "348",
                        "name" : "{urn:healthit-gov:qdm:v5_6}PositiveInterventionOrder",
                        "type" : "NamedTypeSpecifier"
                     } ]
                  }
               },
               "signature" : [ ],
               "operand" : [ {
                  "localId" : "334",
                  "type" : "As",
                  "signature" : [ ],
                  "operand" : {
                     "localId" : "324",
                     "locator" : "28:3-28:45",
                     "dataType" : "{urn:healthit-gov:qdm:v5_6}PositiveInterventionOrder",
                     "templateId" : "PositiveInterventionOrder",
                     "codeProperty" : "code",
                     "codeComparator" : "in",
                     "type" : "Retrieve",
                     "resultTypeSpecifier" : {
                        "localId" : "326",
                        "type" : "ListTypeSpecifier",
                        "elementType" : {
                           "localId" : "327",
                           "name" : "{urn:healthit-gov:qdm:v5_6}PositiveInterventionOrder",
                           "type" : "NamedTypeSpecifier"
                        }
                     },
                     "codes" : {
                        "localId" : "323",
                        "locator" : "28:27-28:44",
                        "resultTypeName" : "{urn:hl7-org:elm-types:r1}ValueSet",
                        "name" : "Comfort Measures",
                        "preserve" : true,
                        "type" : "ValueSetRef"
                     },
                     "include" : [ ],
                     "codeFilter" : [ ],
                     "dateFilter" : [ ],
                     "otherFilter" : [ ]
                  },
                  "asTypeSpecifier" : {
                     "localId" : "335",
                     "type" : "ListTypeSpecifier",
                     "elementType" : {
                        "localId" : "336",
                        "type" : "ChoiceTypeSpecifier",
                        "choice" : [ {
                           "localId" : "337",
                           "name" : "{urn:healthit-gov:qdm:v5_6}PositiveInterventionPerformed",
                           "type" : "NamedTypeSpecifier"
                        }, {
                           "localId" : "338",
                           "name" : "{urn:healthit-gov:qdm:v5_6}PositiveInterventionOrder",
                           "type" : "NamedTypeSpecifier"
                        } ]
                     }
                  }
               }, {
                  "localId" : "339",
                  "type" : "As",
                  "signature" : [ ],
                  "operand" : {
                     "localId" : "330",
                     "locator" : "29:11-29:57",
                     "dataType" : "{urn:healthit-gov:qdm:v5_6}PositiveInterventionPerformed",
                     "templateId" : "PositiveInterventionPerformed",
                     "codeProperty" : "code",
                     "codeComparator" : "in",
                     "type" : "Retrieve",
                     "resultTypeSpecifier" : {
                        "localId" : "332",
                        "type" : "ListTypeSpecifier",
                        "elementType" : {
                           "localId" : "333",
                           "name" : "{urn:healthit-gov:qdm:v5_6}PositiveInterventionPerformed",
                           "type" : "NamedTypeSpecifier"
                        }
                     },
                     "codes" : {
                        "localId" : "329",
                        "locator" : "29:39-29:56",
                        "resultTypeName" : "{urn:hl7-org:elm-types:r1}ValueSet",
                        "name" : "Comfort Measures",
                        "preserve" : true,
                        "type" : "ValueSetRef"
                     },
                     "include" : [ ],
                     "codeFilter" : [ ],
                     "dateFilter" : [ ],
                     "otherFilter" : [ ]
                  },
                  "asTypeSpecifier" : {
                     "localId" : "340",
                     "type" : "ListTypeSpecifier",
                     "elementType" : {
                        "localId" : "341",
                        "type" : "ChoiceTypeSpecifier",
                        "choice" : [ {
                           "localId" : "342",
                           "name" : "{urn:healthit-gov:qdm:v5_6}PositiveInterventionPerformed",
                           "type" : "NamedTypeSpecifier"
                        }, {
                           "localId" : "343",
                           "name" : "{urn:healthit-gov:qdm:v5_6}PositiveInterventionOrder",
                           "type" : "NamedTypeSpecifier"
                        } ]
                     }
                  }
               } ]
            }
         }, {
            "localId" : "233",
            "locator" : "46:1-51:5",
            "name" : "Ischemic Stroke Encounter",
            "context" : "Patient",
            "accessLevel" : "Public",
            "annotation" : [ {
               "type" : "Annotation",
               "s" : {
                  "r" : "233",
                  "s" : [ {
                     "value" : [ "","define ","\"Ischemic Stroke Encounter\"",":\n  " ]
                  }, {
                     "r" : "309",
                     "s" : [ {
                        "s" : [ {
                           "r" : "234",
                           "s" : [ {
                              "r" : "282",
                              "s" : [ {
                                 "s" : [ {
                                    "value" : [ "\"Non Elective Encounter With Age\"" ]
                                 } ]
                              } ]
                           }, {
                              "value" : [ " ","NonElectiveEncounterWithAge" ]
                           } ]
                        } ]
                     }, {
                        "value" : [ "\n    " ]
                     }, {
                        "r" : "287",
                        "s" : [ {
                           "value" : [ "where " ]
                        }, {
                           "r" : "287",
                           "s" : [ {
                              "value" : [ "exists " ]
                           }, {
                              "r" : "304",
                              "s" : [ {
                                 "value" : [ "( " ]
                              }, {
                                 "r" : "304",
                                 "s" : [ {
                                    "s" : [ {
                                       "r" : "288",
                                       "s" : [ {
                                          "r" : "290",
                                          "s" : [ {
                                             "s" : [ {
                                                "value" : [ "NonElectiveEncounterWithAge",".","diagnoses" ]
                                             } ]
                                          } ]
                                       }, {
                                          "value" : [ " ","Diagnosis" ]
                                       } ]
                                    } ]
                                 }, {
                                    "value" : [ "\n        " ]
                                 }, {
                                    "r" : "295",
                                    "s" : [ {
                                       "value" : [ "where " ]
                                    }, {
                                       "r" : "295",
                                       "s" : [ {
                                          "r" : "299",
                                          "s" : [ {
                                             "r" : "297",
                                             "s" : [ {
                                                "r" : "296",
                                                "s" : [ {
                                                   "value" : [ "Diagnosis" ]
                                                } ]
                                             }, {
                                                "value" : [ "." ]
                                             }, {
                                                "r" : "297",
                                                "s" : [ {
                                                   "value" : [ "code" ]
                                                } ]
                                             } ]
                                          }, {
                                             "value" : [ " in " ]
                                          }, {
                                             "r" : "298",
                                             "s" : [ {
                                                "value" : [ "\"Ischemic Stroke\"" ]
                                             } ]
                                          } ]
                                       }, {
                                          "value" : [ "\n          and " ]
                                       }, {
                                          "r" : "300",
                                          "s" : [ {
                                             "r" : "302",
                                             "s" : [ {
                                                "r" : "301",
                                                "s" : [ {
                                                   "value" : [ "Diagnosis" ]
                                                } ]
                                             }, {
                                                "value" : [ "." ]
                                             }, {
                                                "r" : "302",
                                                "s" : [ {
                                                   "value" : [ "rank" ]
                                                } ]
                                             } ]
                                          }, {
                                             "r" : "303",
                                             "value" : [ " ","="," ","1" ]
                                          } ]
                                       } ]
                                    } ]
                                 } ]
                              }, {
                                 "value" : [ "\n    )" ]
                              } ]
                           } ]
                        } ]
                     } ]
                  } ]
               }
            } ],
            "resultTypeSpecifier" : {
               "localId" : "457",
               "type" : "ListTypeSpecifier",
               "elementType" : {
                  "localId" : "458",
                  "name" : "{urn:healthit-gov:qdm:v5_6}PositiveEncounterPerformed",
                  "type" : "NamedTypeSpecifier"
               }
            },
            "expression" : {
               "localId" : "309",
               "locator" : "47:3-51:5",
               "type" : "Query",
               "resultTypeSpecifier" : {
                  "localId" : "310",
                  "type" : "ListTypeSpecifier",
                  "elementType" : {
                     "localId" : "311",
                     "name" : "{urn:healthit-gov:qdm:v5_6}PositiveEncounterPerformed",
                     "type" : "NamedTypeSpecifier"
                  }
               },
               "source" : [ {
                  "localId" : "234",
                  "locator" : "47:3-47:63",
                  "alias" : "NonElectiveEncounterWithAge",
                  "resultTypeSpecifier" : {
                     "localId" : "285",
                     "type" : "ListTypeSpecifier",
                     "elementType" : {
                        "localId" : "286",
                        "name" : "{urn:healthit-gov:qdm:v5_6}PositiveEncounterPerformed",
                        "type" : "NamedTypeSpecifier"
                     }
                  },
                  "expression" : {
                     "localId" : "282",
                     "locator" : "47:3-47:35",
                     "name" : "Non Elective Encounter With Age",
                     "type" : "ExpressionRef",
                     "resultTypeSpecifier" : {
                        "localId" : "283",
                        "type" : "ListTypeSpecifier",
                        "elementType" : {
                           "localId" : "284",
                           "name" : "{urn:healthit-gov:qdm:v5_6}PositiveEncounterPerformed",
                           "type" : "NamedTypeSpecifier"
                        }
                     }
                  }
               } ],
               "let" : [ ],
               "relationship" : [ ],
               "where" : {
                  "localId" : "287",
                  "locator" : "48:5-51:5",
                  "resultTypeName" : "{urn:hl7-org:elm-types:r1}Boolean",
                  "type" : "Exists",
                  "signature" : [ ],
                  "operand" : {
                     "localId" : "304",
                     "locator" : "48:18-51:5",
                     "type" : "Query",
                     "resultTypeSpecifier" : {
                        "localId" : "307",
                        "type" : "ListTypeSpecifier",
                        "elementType" : {
                           "localId" : "308",
                           "name" : "{urn:healthit-gov:qdm:v5_6}DiagnosisComponent",
                           "type" : "NamedTypeSpecifier"
                        }
                     },
                     "source" : [ {
                        "localId" : "288",
                        "locator" : "48:20-48:66",
                        "alias" : "Diagnosis",
                        "resultTypeSpecifier" : {
                           "localId" : "293",
                           "type" : "ListTypeSpecifier",
                           "elementType" : {
                              "localId" : "294",
                              "name" : "{urn:healthit-gov:qdm:v5_6}DiagnosisComponent",
                              "type" : "NamedTypeSpecifier"
                           }
                        },
                        "expression" : {
                           "localId" : "290",
                           "locator" : "48:20-48:56",
                           "path" : "diagnoses",
                           "scope" : "NonElectiveEncounterWithAge",
                           "type" : "Property",
                           "resultTypeSpecifier" : {
                              "localId" : "291",
                              "type" : "ListTypeSpecifier",
                              "elementType" : {
                                 "localId" : "292",
                                 "name" : "{urn:healthit-gov:qdm:v5_6}DiagnosisComponent",
                                 "type" : "NamedTypeSpecifier"
                              }
                           }
                        }
                     } ],
                     "let" : [ ],
                     "relationship" : [ ],
                     "where" : {
                        "localId" : "295",
                        "locator" : "49:9-50:32",
                        "resultTypeName" : "{urn:hl7-org:elm-types:r1}Boolean",
                        "type" : "And",
                        "signature" : [ ],
                        "operand" : [ {
                           "localId" : "299",
                           "locator" : "49:15-49:49",
                           "resultTypeName" : "{urn:hl7-org:elm-types:r1}Boolean",
                           "type" : "InValueSet",
                           "signature" : [ ],
                           "code" : {
                              "localId" : "297",
                              "locator" : "49:15-49:28",
                              "resultTypeName" : "{urn:hl7-org:elm-types:r1}Code",
                              "path" : "code",
                              "scope" : "Diagnosis",
                              "type" : "Property"
                           },
                           "valueset" : {
                              "localId" : "298",
                              "locator" : "49:33-49:49",
                              "resultTypeName" : "{urn:hl7-org:elm-types:r1}ValueSet",
                              "name" : "Ischemic Stroke",
                              "preserve" : true
                           }
                        }, {
                           "localId" : "300",
                           "locator" : "50:15-50:32",
                           "resultTypeName" : "{urn:hl7-org:elm-types:r1}Boolean",
                           "type" : "Equal",
                           "signature" : [ ],
                           "operand" : [ {
                              "localId" : "302",
                              "locator" : "50:15-50:28",
                              "resultTypeName" : "{urn:hl7-org:elm-types:r1}Integer",
                              "path" : "rank",
                              "scope" : "Diagnosis",
                              "type" : "Property"
                           }, {
                              "localId" : "303",
                              "locator" : "50:32",
                              "resultTypeName" : "{urn:hl7-org:elm-types:r1}Integer",
                              "valueType" : "{urn:hl7-org:elm-types:r1}Integer",
                              "value" : "1",
                              "type" : "Literal"
                           } ]
                        } ]
                     }
                  }
               }
            }
         }, {
            "localId" : "415",
            "locator" : "31:1-39:3",
            "name" : "Ischemic Stroke Encounters With Discharge Disposition",
            "context" : "Patient",
            "accessLevel" : "Public",
            "annotation" : [ {
               "type" : "Annotation",
               "s" : {
                  "r" : "415",
                  "s" : [ {
                     "value" : [ "","define ","\"Ischemic Stroke Encounters With Discharge Disposition\"",":\n  " ]
                  }, {
                     "r" : "446",
                     "s" : [ {
                        "value" : [ "( " ]
                     }, {
                        "r" : "446",
                        "s" : [ {
                           "value" : [ "( " ]
                        }, {
                           "r" : "446",
                           "s" : [ {
                              "s" : [ {
                                 "r" : "416",
                                 "s" : [ {
                                    "r" : "417",
                                    "s" : [ {
                                       "s" : [ {
                                          "value" : [ "\"Ischemic Stroke Encounter\"" ]
                                       } ]
                                    } ]
                                 }, {
                                    "value" : [ " ","IschemicStrokeEncounter" ]
                                 } ]
                              } ]
                           }, {
                              "value" : [ "\n        " ]
                           }, {
                              "r" : "422",
                              "s" : [ {
                                 "value" : [ "where " ]
                              }, {
                                 "r" : "422",
                                 "s" : [ {
                                    "r" : "423",
                                    "s" : [ {
                                       "r" : "424",
                                       "s" : [ {
                                          "r" : "425",
                                          "s" : [ {
                                             "r" : "429",
                                             "s" : [ {
                                                "r" : "427",
                                                "s" : [ {
                                                   "r" : "426",
                                                   "s" : [ {
                                                      "value" : [ "IschemicStrokeEncounter" ]
                                                   } ]
                                                }, {
                                                   "value" : [ "." ]
                                                }, {
                                                   "r" : "427",
                                                   "s" : [ {
                                                      "value" : [ "dischargeDisposition" ]
                                                   } ]
                                                } ]
                                             }, {
                                                "value" : [ " in " ]
                                             }, {
                                                "r" : "428",
                                                "s" : [ {
                                                   "value" : [ "\"Discharge To Acute Care Facility\"" ]
                                                } ]
                                             } ]
                                          }, {
                                             "value" : [ "\n          or " ]
                                          }, {
                                             "r" : "433",
                                             "s" : [ {
                                                "r" : "431",
                                                "s" : [ {
                                                   "r" : "430",
                                                   "s" : [ {
                                                      "value" : [ "IschemicStrokeEncounter" ]
                                                   } ]
                                                }, {
                                                   "value" : [ "." ]
                                                }, {
                                                   "r" : "431",
                                                   "s" : [ {
                                                      "value" : [ "dischargeDisposition" ]
                                                   } ]
                                                } ]
                                             }, {
                                                "value" : [ " in " ]
                                             }, {
                                                "r" : "432",
                                                "s" : [ {
                                                   "value" : [ "\"Left Against Medical Advice\"" ]
                                                } ]
                                             } ]
                                          } ]
                                       }, {
                                          "value" : [ "\n          or " ]
                                       }, {
                                          "r" : "437",
                                          "s" : [ {
                                             "r" : "435",
                                             "s" : [ {
                                                "r" : "434",
                                                "s" : [ {
                                                   "value" : [ "IschemicStrokeEncounter" ]
                                                } ]
                                             }, {
                                                "value" : [ "." ]
                                             }, {
                                                "r" : "435",
                                                "s" : [ {
                                                   "value" : [ "dischargeDisposition" ]
                                                } ]
                                             } ]
                                          }, {
                                             "value" : [ " in " ]
                                          }, {
                                             "r" : "436",
                                             "s" : [ {
                                                "value" : [ "\"Patient Expired\"" ]
                                             } ]
                                          } ]
                                       } ]
                                    }, {
                                       "value" : [ "\n          or " ]
                                    }, {
                                       "r" : "441",
                                       "s" : [ {
                                          "r" : "439",
                                          "s" : [ {
                                             "r" : "438",
                                             "s" : [ {
                                                "value" : [ "IschemicStrokeEncounter" ]
                                             } ]
                                          }, {
                                             "value" : [ "." ]
                                          }, {
                                             "r" : "439",
                                             "s" : [ {
                                                "value" : [ "dischargeDisposition" ]
                                             } ]
                                          } ]
                                       }, {
                                          "value" : [ " in " ]
                                       }, {
                                          "r" : "440",
                                          "s" : [ {
                                             "value" : [ "\"Discharged to Home for Hospice Care\"" ]
                                          } ]
                                       } ]
                                    } ]
                                 }, {
                                    "value" : [ "\n          or " ]
                                 }, {
                                    "r" : "445",
                                    "s" : [ {
                                       "r" : "443",
                                       "s" : [ {
                                          "r" : "442",
                                          "s" : [ {
                                             "value" : [ "IschemicStrokeEncounter" ]
                                          } ]
                                       }, {
                                          "value" : [ "." ]
                                       }, {
                                          "r" : "443",
                                          "s" : [ {
                                             "value" : [ "dischargeDisposition" ]
                                          } ]
                                       } ]
                                    }, {
                                       "value" : [ " in " ]
                                    }, {
                                       "r" : "444",
                                       "s" : [ {
                                          "value" : [ "\"Discharged to Health Care Facility for Hospice Care\"" ]
                                       } ]
                                    } ]
                                 } ]
                              } ]
                           } ]
                        }, {
                           "value" : [ "\n    )" ]
                        } ]
                     }, {
                        "value" : [ "\n  )" ]
                     } ]
                  } ]
               }
            } ],
            "resultTypeSpecifier" : {
               "localId" : "453",
               "type" : "ListTypeSpecifier",
               "elementType" : {
                  "localId" : "454",
                  "name" : "{urn:healthit-gov:qdm:v5_6}PositiveEncounterPerformed",
                  "type" : "NamedTypeSpecifier"
               }
            },
            "expression" : {
               "localId" : "446",
               "locator" : "32:3-39:3",
               "type" : "Query",
               "resultTypeSpecifier" : {
                  "localId" : "451",
                  "type" : "ListTypeSpecifier",
                  "elementType" : {
                     "localId" : "452",
                     "name" : "{urn:healthit-gov:qdm:v5_6}PositiveEncounterPerformed",
                     "type" : "NamedTypeSpecifier"
                  }
               },
               "source" : [ {
                  "localId" : "416",
                  "locator" : "32:7-32:57",
                  "alias" : "IschemicStrokeEncounter",
                  "resultTypeSpecifier" : {
                     "localId" : "420",
                     "type" : "ListTypeSpecifier",
                     "elementType" : {
                        "localId" : "421",
                        "name" : "{urn:healthit-gov:qdm:v5_6}PositiveEncounterPerformed",
                        "type" : "NamedTypeSpecifier"
                     }
                  },
                  "expression" : {
                     "localId" : "417",
                     "locator" : "32:7-32:33",
                     "name" : "Ischemic Stroke Encounter",
                     "type" : "ExpressionRef",
                     "resultTypeSpecifier" : {
                        "localId" : "418",
                        "type" : "ListTypeSpecifier",
                        "elementType" : {
                           "localId" : "419",
                           "name" : "{urn:healthit-gov:qdm:v5_6}PositiveEncounterPerformed",
                           "type" : "NamedTypeSpecifier"
                        }
                     }
                  }
               } ],
               "let" : [ ],
               "relationship" : [ ],
               "where" : {
                  "localId" : "422",
                  "locator" : "33:9-37:114",
                  "resultTypeName" : "{urn:hl7-org:elm-types:r1}Boolean",
                  "type" : "Or",
                  "signature" : [ ],
                  "operand" : [ {
                     "localId" : "423",
                     "locator" : "33:15-36:98",
                     "resultTypeName" : "{urn:hl7-org:elm-types:r1}Boolean",
                     "type" : "Or",
                     "signature" : [ ],
                     "operand" : [ {
                        "localId" : "424",
                        "locator" : "33:15-35:78",
                        "resultTypeName" : "{urn:hl7-org:elm-types:r1}Boolean",
                        "type" : "Or",
                        "signature" : [ ],
                        "operand" : [ {
                           "localId" : "425",
                           "locator" : "33:15-34:90",
                           "resultTypeName" : "{urn:hl7-org:elm-types:r1}Boolean",
                           "type" : "Or",
                           "signature" : [ ],
                           "operand" : [ {
                              "localId" : "429",
                              "locator" : "33:15-33:96",
                              "resultTypeName" : "{urn:hl7-org:elm-types:r1}Boolean",
                              "type" : "InValueSet",
                              "signature" : [ ],
                              "code" : {
                                 "localId" : "427",
                                 "locator" : "33:15-33:58",
                                 "resultTypeName" : "{urn:hl7-org:elm-types:r1}Code",
                                 "path" : "dischargeDisposition",
                                 "scope" : "IschemicStrokeEncounter",
                                 "type" : "Property"
                              },
                              "valueset" : {
                                 "localId" : "428",
                                 "locator" : "33:63-33:96",
                                 "resultTypeName" : "{urn:hl7-org:elm-types:r1}ValueSet",
                                 "name" : "Discharge To Acute Care Facility",
                                 "preserve" : true
                              }
                           }, {
                              "localId" : "433",
                              "locator" : "34:14-34:90",
                              "resultTypeName" : "{urn:hl7-org:elm-types:r1}Boolean",
                              "type" : "InValueSet",
                              "signature" : [ ],
                              "code" : {
                                 "localId" : "431",
                                 "locator" : "34:14-34:57",
                                 "resultTypeName" : "{urn:hl7-org:elm-types:r1}Code",
                                 "path" : "dischargeDisposition",
                                 "scope" : "IschemicStrokeEncounter",
                                 "type" : "Property"
                              },
                              "valueset" : {
                                 "localId" : "432",
                                 "locator" : "34:62-34:90",
                                 "resultTypeName" : "{urn:hl7-org:elm-types:r1}ValueSet",
                                 "name" : "Left Against Medical Advice",
                                 "preserve" : true
                              }
                           } ]
                        }, {
                           "localId" : "437",
                           "locator" : "35:14-35:78",
                           "resultTypeName" : "{urn:hl7-org:elm-types:r1}Boolean",
                           "type" : "InValueSet",
                           "signature" : [ ],
                           "code" : {
                              "localId" : "435",
                              "locator" : "35:14-35:57",
                              "resultTypeName" : "{urn:hl7-org:elm-types:r1}Code",
                              "path" : "dischargeDisposition",
                              "scope" : "IschemicStrokeEncounter",
                              "type" : "Property"
                           },
                           "valueset" : {
                              "localId" : "436",
                              "locator" : "35:62-35:78",
                              "resultTypeName" : "{urn:hl7-org:elm-types:r1}ValueSet",
                              "name" : "Patient Expired",
                              "preserve" : true
                           }
                        } ]
                     }, {
                        "localId" : "441",
                        "locator" : "36:14-36:98",
                        "resultTypeName" : "{urn:hl7-org:elm-types:r1}Boolean",
                        "type" : "InValueSet",
                        "signature" : [ ],
                        "code" : {
                           "localId" : "439",
                           "locator" : "36:14-36:57",
                           "resultTypeName" : "{urn:hl7-org:elm-types:r1}Code",
                           "path" : "dischargeDisposition",
                           "scope" : "IschemicStrokeEncounter",
                           "type" : "Property"
                        },
                        "valueset" : {
                           "localId" : "440",
                           "locator" : "36:62-36:98",
                           "resultTypeName" : "{urn:hl7-org:elm-types:r1}ValueSet",
                           "name" : "Discharged to Home for Hospice Care",
                           "preserve" : true
                        }
                     } ]
                  }, {
                     "localId" : "445",
                     "locator" : "37:14-37:114",
                     "resultTypeName" : "{urn:hl7-org:elm-types:r1}Boolean",
                     "type" : "InValueSet",
                     "signature" : [ ],
                     "code" : {
                        "localId" : "443",
                        "locator" : "37:14-37:57",
                        "resultTypeName" : "{urn:hl7-org:elm-types:r1}Code",
                        "path" : "dischargeDisposition",
                        "scope" : "IschemicStrokeEncounter",
                        "type" : "Property"
                     },
                     "valueset" : {
                        "localId" : "444",
                        "locator" : "37:62-37:114",
                        "resultTypeName" : "{urn:hl7-org:elm-types:r1}ValueSet",
                        "name" : "Discharged to Health Care Facility for Hospice Care",
                        "preserve" : true
                     }
                  } ]
               }
            }
         }, {
            "localId" : "236",
            "locator" : "41:1-44:85",
            "name" : "Non Elective Encounter With Age",
            "context" : "Patient",
            "accessLevel" : "Public",
            "annotation" : [ {
               "type" : "Annotation",
               "s" : {
                  "r" : "236",
                  "s" : [ {
                     "value" : [ "","define ","\"Non Elective Encounter With Age\"",":\n  " ]
                  }, {
                     "r" : "277",
                     "s" : [ {
                        "s" : [ {
                           "r" : "237",
                           "s" : [ {
                              "r" : "240",
                              "s" : [ {
                                 "r" : "240",
                                 "s" : [ {
                                    "value" : [ "[","\"Encounter, Performed\"",": " ]
                                 }, {
                                    "s" : [ {
                                       "value" : [ "\"Nonelective Inpatient Encounter\"" ]
                                    } ]
                                 }, {
                                    "value" : [ "]" ]
                                 } ]
                              } ]
                           }, {
                              "value" : [ " ","NonElectiveEncounter" ]
                           } ]
                        } ]
                     }, {
                        "value" : [ "\n    " ]
                     }, {
                        "r" : "248",
                        "s" : [ {
                           "value" : [ "where " ]
                        }, {
                           "r" : "248",
                           "s" : [ {
                              "r" : "249",
                              "s" : [ {
                                 "r" : "264",
                                 "s" : [ {
                                    "value" : [ "AgeInYearsAt","(" ]
                                 }, {
                                    "r" : "250",
                                    "s" : [ {
                                       "value" : [ "date from " ]
                                    }, {
                                       "r" : "251",
                                       "s" : [ {
                                          "value" : [ "start of " ]
                                       }, {
                                          "r" : "253",
                                          "s" : [ {
                                             "r" : "252",
                                             "s" : [ {
                                                "value" : [ "NonElectiveEncounter" ]
                                             } ]
                                          }, {
                                             "value" : [ "." ]
                                          }, {
                                             "r" : "253",
                                             "s" : [ {
                                                "value" : [ "relevantPeriod" ]
                                             } ]
                                          } ]
                                       } ]
                                    } ]
                                 }, {
                                    "value" : [ ")" ]
                                 } ]
                              }, {
                                 "r" : "265",
                                 "value" : [ " ",">="," ","18" ]
                              } ]
                           }, {
                              "value" : [ "\n      and " ]
                           }, {
                              "r" : "276",
                              "s" : [ {
                                 "r" : "267",
                                 "s" : [ {
                                    "r" : "266",
                                    "s" : [ {
                                       "value" : [ "NonElectiveEncounter" ]
                                    } ]
                                 }, {
                                    "value" : [ "." ]
                                 }, {
                                    "r" : "267",
                                    "s" : [ {
                                       "value" : [ "relevantPeriod" ]
                                    } ]
                                 } ]
                              }, {
                                 "r" : "276",
                                 "value" : [ " ","ends during day of"," " ]
                              }, {
                                 "r" : "272",
                                 "s" : [ {
                                    "value" : [ "\"Measurement Period\"" ]
                                 } ]
                              } ]
                           } ]
                        } ]
                     } ]
                  } ]
               }
            } ],
            "resultTypeSpecifier" : {
               "localId" : "455",
               "type" : "ListTypeSpecifier",
               "elementType" : {
                  "localId" : "456",
                  "name" : "{urn:healthit-gov:qdm:v5_6}PositiveEncounterPerformed",
                  "type" : "NamedTypeSpecifier"
               }
            },
            "expression" : {
               "localId" : "277",
               "locator" : "42:3-44:85",
               "type" : "Query",
               "resultTypeSpecifier" : {
                  "localId" : "278",
                  "type" : "ListTypeSpecifier",
                  "elementType" : {
                     "localId" : "279",
                     "name" : "{urn:healthit-gov:qdm:v5_6}PositiveEncounterPerformed",
                     "type" : "NamedTypeSpecifier"
                  }
               },
               "source" : [ {
                  "localId" : "237",
                  "locator" : "42:3-42:82",
                  "alias" : "NonElectiveEncounter",
                  "resultTypeSpecifier" : {
                     "localId" : "246",
                     "type" : "ListTypeSpecifier",
                     "elementType" : {
                        "localId" : "247",
                        "name" : "{urn:healthit-gov:qdm:v5_6}PositiveEncounterPerformed",
                        "type" : "NamedTypeSpecifier"
                     }
                  },
                  "expression" : {
                     "localId" : "240",
                     "locator" : "42:3-42:61",
                     "dataType" : "{urn:healthit-gov:qdm:v5_6}PositiveEncounterPerformed",
                     "templateId" : "PositiveEncounterPerformed",
                     "codeProperty" : "code",
                     "codeComparator" : "in",
                     "type" : "Retrieve",
                     "resultTypeSpecifier" : {
                        "localId" : "244",
                        "type" : "ListTypeSpecifier",
                        "elementType" : {
                           "localId" : "245",
                           "name" : "{urn:healthit-gov:qdm:v5_6}PositiveEncounterPerformed",
                           "type" : "NamedTypeSpecifier"
                        }
                     },
                     "codes" : {
                        "localId" : "239",
                        "locator" : "42:28-42:60",
                        "resultTypeName" : "{urn:hl7-org:elm-types:r1}ValueSet",
                        "name" : "Nonelective Inpatient Encounter",
                        "preserve" : true,
                        "type" : "ValueSetRef"
                     },
                     "include" : [ ],
                     "codeFilter" : [ ],
                     "dateFilter" : [ ],
                     "otherFilter" : [ ]
                  }
               } ],
               "let" : [ ],
               "relationship" : [ ],
               "where" : {
                  "localId" : "248",
                  "locator" : "43:5-44:85",
                  "resultTypeName" : "{urn:hl7-org:elm-types:r1}Boolean",
                  "type" : "And",
                  "signature" : [ ],
                  "operand" : [ {
                     "localId" : "249",
                     "locator" : "43:11-43:84",
                     "resultTypeName" : "{urn:hl7-org:elm-types:r1}Boolean",
                     "type" : "GreaterOrEqual",
                     "signature" : [ ],
                     "operand" : [ {
                        "localId" : "264",
                        "locator" : "43:11-43:78",
                        "resultTypeName" : "{urn:hl7-org:elm-types:r1}Integer",
                        "precision" : "Year",
                        "type" : "CalculateAgeAt",
                        "signature" : [ ],
                        "operand" : [ {
                           "localId" : "263",
                           "type" : "ToDate",
                           "signature" : [ ],
                           "operand" : {
                              "localId" : "261",
                              "path" : "birthDatetime",
                              "type" : "Property",
                              "source" : {
                                 "localId" : "260",
                                 "name" : "Patient",
                                 "type" : "ExpressionRef"
                              }
                           }
                        }, {
                           "localId" : "250",
                           "locator" : "43:24-43:77",
                           "resultTypeName" : "{urn:hl7-org:elm-types:r1}Date",
                           "type" : "DateFrom",
                           "signature" : [ ],
                           "operand" : {
                              "localId" : "251",
                              "locator" : "43:34-43:77",
                              "resultTypeName" : "{urn:hl7-org:elm-types:r1}DateTime",
                              "type" : "Start",
                              "signature" : [ ],
                              "operand" : {
                                 "localId" : "253",
                                 "locator" : "43:43-43:77",
                                 "path" : "relevantPeriod",
                                 "scope" : "NonElectiveEncounter",
                                 "type" : "Property",
                                 "resultTypeSpecifier" : {
                                    "localId" : "256",
                                    "type" : "IntervalTypeSpecifier",
                                    "pointType" : {
                                       "localId" : "257",
                                       "name" : "{urn:hl7-org:elm-types:r1}DateTime",
                                       "type" : "NamedTypeSpecifier"
                                    }
                                 }
                              }
                           }
                        } ]
                     }, {
                        "localId" : "265",
                        "locator" : "43:83-43:84",
                        "resultTypeName" : "{urn:hl7-org:elm-types:r1}Integer",
                        "valueType" : "{urn:hl7-org:elm-types:r1}Integer",
                        "value" : "18",
                        "type" : "Literal"
                     } ]
                  }, {
                     "localId" : "276",
                     "locator" : "44:11-44:85",
                     "resultTypeName" : "{urn:hl7-org:elm-types:r1}Boolean",
                     "precision" : "Day",
                     "type" : "In",
                     "signature" : [ ],
                     "operand" : [ {
                        "localId" : "275",
                        "locator" : "44:47-44:50",
                        "type" : "End",
                        "signature" : [ ],
                        "operand" : {
                           "localId" : "267",
                           "locator" : "44:11-44:45",
                           "path" : "relevantPeriod",
                           "scope" : "NonElectiveEncounter",
                           "type" : "Property",
                           "resultTypeSpecifier" : {
                              "localId" : "270",
                              "type" : "IntervalTypeSpecifier",
                              "pointType" : {
                                 "localId" : "271",
                                 "name" : "{urn:hl7-org:elm-types:r1}DateTime",
                                 "type" : "NamedTypeSpecifier"
                              }
                           }
                        }
                     }, {
                        "localId" : "272",
                        "locator" : "44:66-44:85",
                        "name" : "Measurement Period",
                        "type" : "ParameterRef",
                        "resultTypeSpecifier" : {
                           "localId" : "273",
                           "type" : "IntervalTypeSpecifier",
                           "pointType" : {
                              "localId" : "274",
                              "name" : "{urn:hl7-org:elm-types:r1}DateTime",
                              "type" : "NamedTypeSpecifier"
                           }
                        }
                     } ]
                  } ]
               }
            }
         }, {
            "localId" : "226",
            "locator" : "20:1-20:15",
            "name" : "Patient",
            "context" : "Patient",
            "expression" : {
               "localId" : "227",
               "type" : "SingletonFrom",
               "signature" : [ ],
               "operand" : {
                  "localId" : "225",
                  "locator" : "20:1-20:15",
                  "dataType" : "{urn:healthit-gov:qdm:v5_6}Patient",
                  "templateId" : "Patient",
                  "type" : "Retrieve",
                  "include" : [ ],
                  "codeFilter" : [ ],
                  "dateFilter" : [ ],
                  "otherFilter" : [ ]
               }
            }
         } ]
      }
   }
}