{
   "library" : {
      "localId" : "0",
      "annotation" : [ {
         "translatorVersion" : "3.14.0",
         "translatorOptions" : "EnableAnnotations,EnableLocators,EnableResultTypes,EnableDetailedErrors,DisableListDemotion,DisableListPromotion",
         "signatureLevel" : "None",
         "type" : "CqlToElmInfo"
      }, {
         "type" : "Annotation",
         "s" : {
            "r" : "265",
            "s" : [ {
               "value" : [ "","library VTEQDM version '9.0.000'" ]
            } ]
         }
      } ],
      "identifier" : {
         "id" : "VTEQDM",
         "version" : "9.0.000"
      },
      "schemaIdentifier" : {
         "id" : "urn:hl7-org:elm",
         "version" : "r1"
      },
      "usings" : {
         "def" : [ {
            "localId" : "1",
            "localIdentifier" : "System",
            "uri" : "urn:hl7-org:elm-types:r1"
         }, {
            "localId" : "206",
            "locator" : "3:1-3:23",
            "localIdentifier" : "QDM",
            "uri" : "urn:healthit-gov:qdm:v5_6",
            "version" : "5.6",
            "annotation" : [ {
               "type" : "Annotation",
               "s" : {
                  "r" : "206",
                  "s" : [ {
                     "value" : [ "","using " ]
                  }, {
                     "s" : [ {
                        "value" : [ "QDM" ]
                     } ]
                  }, {
                     "value" : [ " version '5.6'" ]
                  } ]
               }
            } ]
         } ]
      },
      "includes" : {
         "def" : [ {
            "localId" : "207",
            "locator" : "5:1-5:52",
            "localIdentifier" : "Global",
            "path" : "CQMCommonQDM",
            "version" : "9.0.000",
            "annotation" : [ {
               "type" : "Annotation",
               "s" : {
                  "r" : "207",
                  "s" : [ {
                     "value" : [ "","include " ]
                  }, {
                     "s" : [ {
                        "value" : [ "CQMCommonQDM" ]
                     } ]
                  }, {
                     "value" : [ " version ","'9.0.000'"," called ","Global" ]
                  } ]
               }
            } ]
         } ]
      },
      "parameters" : {
         "def" : [ {
            "localId" : "211",
            "locator" : "11:1-11:49",
            "name" : "Measurement Period",
            "accessLevel" : "Public",
            "annotation" : [ {
               "type" : "Annotation",
               "s" : {
                  "r" : "211",
                  "s" : [ {
                     "value" : [ "","parameter ","\"Measurement Period\""," " ]
                  }, {
                     "r" : "212",
                     "s" : [ {
                        "value" : [ "Interval<" ]
                     }, {
                        "r" : "213",
                        "s" : [ {
                           "value" : [ "DateTime" ]
                        } ]
                     }, {
                        "value" : [ ">" ]
                     } ]
                  } ]
               }
            } ],
            "resultTypeSpecifier" : {
               "localId" : "216",
               "type" : "IntervalTypeSpecifier",
               "pointType" : {
                  "localId" : "217",
                  "name" : "{urn:hl7-org:elm-types:r1}DateTime",
                  "type" : "NamedTypeSpecifier"
               }
            },
            "parameterTypeSpecifier" : {
               "localId" : "212",
               "locator" : "11:32-11:49",
               "type" : "IntervalTypeSpecifier",
               "resultTypeSpecifier" : {
                  "localId" : "214",
                  "type" : "IntervalTypeSpecifier",
                  "pointType" : {
                     "localId" : "215",
                     "name" : "{urn:hl7-org:elm-types:r1}DateTime",
                     "type" : "NamedTypeSpecifier"
                  }
               },
               "pointType" : {
                  "localId" : "213",
                  "locator" : "11:41-11:48",
                  "resultTypeName" : "{urn:hl7-org:elm-types:r1}DateTime",
                  "name" : "{urn:hl7-org:elm-types:r1}DateTime",
                  "type" : "NamedTypeSpecifier"
               }
            }
         } ]
      },
      "valueSets" : {
         "def" : [ {
            "localId" : "208",
            "locator" : "7:1-7:99",
            "resultTypeName" : "{urn:hl7-org:elm-types:r1}ValueSet",
            "name" : "Obstetrical or Pregnancy Related Conditions",
            "id" : "urn:oid:2.16.840.1.113883.3.117.1.7.1.263",
            "accessLevel" : "Public",
            "annotation" : [ {
               "type" : "Annotation",
               "s" : {
                  "r" : "208",
                  "s" : [ {
                     "value" : [ "","valueset ","\"Obstetrical or Pregnancy Related Conditions\"",": ","'urn:oid:2.16.840.1.113883.3.117.1.7.1.263'" ]
                  } ]
               }
            } ],
            "codeSystem" : [ ]
         }, {
            "localId" : "209",
            "locator" : "8:1-8:70",
            "resultTypeName" : "{urn:hl7-org:elm-types:r1}ValueSet",
            "name" : "Obstetrics VTE",
            "id" : "urn:oid:2.16.840.1.113883.3.117.1.7.1.264",
            "accessLevel" : "Public",
            "annotation" : [ {
               "type" : "Annotation",
               "s" : {
                  "r" : "209",
                  "s" : [ {
                     "value" : [ "","valueset ","\"Obstetrics VTE\"",": ","'urn:oid:2.16.840.1.113883.3.117.1.7.1.264'" ]
                  } ]
               }
            } ],
            "codeSystem" : [ ]
         }, {
            "localId" : "210",
            "locator" : "9:1-9:78",
            "resultTypeName" : "{urn:hl7-org:elm-types:r1}ValueSet",
            "name" : "Venous Thromboembolism",
            "id" : "urn:oid:2.16.840.1.113883.3.117.1.7.1.279",
            "accessLevel" : "Public",
            "annotation" : [ {
               "type" : "Annotation",
               "s" : {
                  "r" : "210",
                  "s" : [ {
                     "value" : [ "","valueset ","\"Venous Thromboembolism\"",": ","'urn:oid:2.16.840.1.113883.3.117.1.7.1.279'" ]
                  } ]
               }
            } ],
            "codeSystem" : [ ]
         } ]
      },
      "contexts" : {
         "def" : [ {
            "localId" : "221",
            "locator" : "13:1-13:15",
            "name" : "Patient"
         } ]
      },
      "statements" : {
         "def" : [ {
            "localId" : "223",
            "locator" : "15:1-23:5",
            "name" : "Admission Without VTE Or Obstetrical Conditions",
            "context" : "Patient",
            "accessLevel" : "Public",
            "annotation" : [ {
               "type" : "Annotation",
               "s" : {
                  "r" : "223",
                  "s" : [ {
                     "value" : [ "","define ","\"Admission Without VTE Or Obstetrical Conditions\"",":\n  " ]
                  }, {
                     "r" : "259",
                     "s" : [ {
                        "s" : [ {
                           "r" : "224",
                           "s" : [ {
                              "r" : "226",
                              "s" : [ {
                                 "s" : [ {
                                    "value" : [ "Global",".","\"Inpatient Encounter\"" ]
                                 } ]
                              } ]
                           }, {
                              "value" : [ " ","InpatientEncounter" ]
                           } ]
                        } ]
                     }, {
                        "value" : [ "\n    " ]
                     }, {
                        "r" : "231",
                        "s" : [ {
                           "value" : [ "where " ]
                        }, {
                           "r" : "231",
                           "s" : [ {
                              "value" : [ "not " ]
                           }, {
                              "r" : "232",
                              "s" : [ {
                                 "value" : [ "( " ]
                              }, {
                                 "r" : "232",
                                 "s" : [ {
                                    "value" : [ "exists " ]
                                 }, {
                                    "r" : "254",
                                    "s" : [ {
                                       "value" : [ "( " ]
                                    }, {
                                       "r" : "254",
                                       "s" : [ {
                                          "s" : [ {
                                             "r" : "233",
                                             "s" : [ {
                                                "r" : "235",
                                                "s" : [ {
                                                   "s" : [ {
                                                      "value" : [ "InpatientEncounter",".","diagnoses" ]
                                                   } ]
                                                } ]
                                             }, {
                                                "value" : [ " ","EncounterDiagnoses" ]
                                             } ]
                                          } ]
                                       }, {
                                          "value" : [ "\n          " ]
                                       }, {
                                          "r" : "240",
                                          "s" : [ {
                                             "value" : [ "where " ]
                                          }, {
                                             "r" : "240",
                                             "s" : [ {
                                                "value" : [ "( " ]
                                             }, {
                                                "r" : "240",
                                                "s" : [ {
                                                   "r" : "241",
                                                   "s" : [ {
                                                      "r" : "245",
                                                      "s" : [ {
                                                         "r" : "243",
                                                         "s" : [ {
                                                            "r" : "242",
                                                            "s" : [ {
                                                               "value" : [ "EncounterDiagnoses" ]
                                                            } ]
                                                         }, {
                                                            "value" : [ "." ]
                                                         }, {
                                                            "r" : "243",
                                                            "s" : [ {
                                                               "value" : [ "code" ]
                                                            } ]
                                                         } ]
                                                      }, {
                                                         "value" : [ " in " ]
                                                      }, {
                                                         "r" : "244",
                                                         "s" : [ {
                                                            "value" : [ "\"Obstetrical or Pregnancy Related Conditions\"" ]
                                                         } ]
                                                      } ]
                                                   }, {
                                                      "value" : [ "\n              or " ]
                                                   }, {
                                                      "r" : "249",
                                                      "s" : [ {
                                                         "r" : "247",
                                                         "s" : [ {
                                                            "r" : "246",
                                                            "s" : [ {
                                                               "value" : [ "EncounterDiagnoses" ]
                                                            } ]
                                                         }, {
                                                            "value" : [ "." ]
                                                         }, {
                                                            "r" : "247",
                                                            "s" : [ {
                                                               "value" : [ "code" ]
                                                            } ]
                                                         } ]
                                                      }, {
                                                         "value" : [ " in " ]
                                                      }, {
                                                         "r" : "248",
                                                         "s" : [ {
                                                            "value" : [ "\"Venous Thromboembolism\"" ]
                                                         } ]
                                                      } ]
                                                   } ]
                                                }, {
                                                   "value" : [ "\n              or " ]
                                                }, {
                                                   "r" : "253",
                                                   "s" : [ {
                                                      "r" : "251",
                                                      "s" : [ {
                                                         "r" : "250",
                                                         "s" : [ {
                                                            "value" : [ "EncounterDiagnoses" ]
                                                         } ]
                                                      }, {
                                                         "value" : [ "." ]
                                                      }, {
                                                         "r" : "251",
                                                         "s" : [ {
                                                            "value" : [ "code" ]
                                                         } ]
                                                      } ]
                                                   }, {
                                                      "value" : [ " in " ]
                                                   }, {
                                                      "r" : "252",
                                                      "s" : [ {
                                                         "value" : [ "\"Obstetrics VTE\"" ]
                                                      } ]
                                                   } ]
                                                } ]
                                             }, {
                                                "value" : [ "\n          )" ]
                                             } ]
                                          } ]
                                       } ]
                                    }, {
                                       "value" : [ "\n      )" ]
                                    } ]
                                 } ]
                              }, {
                                 "value" : [ "\n    )" ]
                              } ]
                           } ]
                        } ]
                     } ]
                  } ]
               }
            } ],
            "resultTypeSpecifier" : {
               "localId" : "262",
               "type" : "ListTypeSpecifier",
               "elementType" : {
                  "localId" : "263",
                  "name" : "{urn:healthit-gov:qdm:v5_6}PositiveEncounterPerformed",
                  "type" : "NamedTypeSpecifier"
               }
            },
            "expression" : {
               "localId" : "259",
               "locator" : "16:3-23:5",
               "type" : "Query",
               "resultTypeSpecifier" : {
                  "localId" : "260",
                  "type" : "ListTypeSpecifier",
                  "elementType" : {
                     "localId" : "261",
                     "name" : "{urn:healthit-gov:qdm:v5_6}PositiveEncounterPerformed",
                     "type" : "NamedTypeSpecifier"
                  }
               },
               "source" : [ {
                  "localId" : "224",
                  "locator" : "16:3-16:49",
                  "alias" : "InpatientEncounter",
                  "resultTypeSpecifier" : {
                     "localId" : "229",
                     "type" : "ListTypeSpecifier",
                     "elementType" : {
                        "localId" : "230",
                        "name" : "{urn:healthit-gov:qdm:v5_6}PositiveEncounterPerformed",
                        "type" : "NamedTypeSpecifier"
                     }
                  },
                  "expression" : {
                     "localId" : "226",
                     "locator" : "16:3-16:30",
                     "name" : "Inpatient Encounter",
                     "libraryName" : "Global",
                     "type" : "ExpressionRef",
                     "resultTypeSpecifier" : {
                        "localId" : "227",
                        "type" : "ListTypeSpecifier",
                        "elementType" : {
                           "localId" : "228",
                           "name" : "{urn:healthit-gov:qdm:v5_6}PositiveEncounterPerformed",
                           "type" : "NamedTypeSpecifier"
                        }
                     }
                  }
               } ],
               "let" : [ ],
               "relationship" : [ ],
               "where" : {
                  "localId" : "231",
                  "locator" : "17:5-23:5",
                  "resultTypeName" : "{urn:hl7-org:elm-types:r1}Boolean",
                  "type" : "Not",
                  "signature" : [ ],
                  "operand" : {
                     "localId" : "232",
                     "locator" : "17:15-23:5",
                     "resultTypeName" : "{urn:hl7-org:elm-types:r1}Boolean",
                     "type" : "Exists",
                     "signature" : [ ],
                     "operand" : {
                        "localId" : "254",
                        "locator" : "17:24-22:7",
                        "type" : "Query",
                        "resultTypeSpecifier" : {
                           "localId" : "257",
                           "type" : "ListTypeSpecifier",
                           "elementType" : {
                              "localId" : "258",
                              "name" : "{urn:healthit-gov:qdm:v5_6}DiagnosisComponent",
                              "type" : "NamedTypeSpecifier"
                           }
                        },
                        "source" : [ {
                           "localId" : "233",
                           "locator" : "17:26-17:72",
                           "alias" : "EncounterDiagnoses",
                           "resultTypeSpecifier" : {
                              "localId" : "238",
                              "type" : "ListTypeSpecifier",
                              "elementType" : {
                                 "localId" : "239",
                                 "name" : "{urn:healthit-gov:qdm:v5_6}DiagnosisComponent",
                                 "type" : "NamedTypeSpecifier"
                              }
                           },
                           "expression" : {
                              "localId" : "235",
                              "locator" : "17:26-17:53",
                              "path" : "diagnoses",
                              "scope" : "InpatientEncounter",
                              "type" : "Property",
                              "resultTypeSpecifier" : {
                                 "localId" : "236",
                                 "type" : "ListTypeSpecifier",
                                 "elementType" : {
                                    "localId" : "237",
                                    "name" : "{urn:healthit-gov:qdm:v5_6}DiagnosisComponent",
                                    "type" : "NamedTypeSpecifier"
                                 }
                              }
                           }
                        } ],
                        "let" : [ ],
                        "relationship" : [ ],
                        "where" : {
                           "localId" : "240",
                           "locator" : "18:11-21:11",
                           "resultTypeName" : "{urn:hl7-org:elm-types:r1}Boolean",
                           "type" : "Or",
                           "signature" : [ ],
                           "operand" : [ {
                              "localId" : "241",
                              "locator" : "18:19-19:68",
                              "resultTypeName" : "{urn:hl7-org:elm-types:r1}Boolean",
                              "type" : "Or",
                              "signature" : [ ],
                              "operand" : [ {
                                 "localId" : "245",
                                 "locator" : "18:19-18:90",
                                 "resultTypeName" : "{urn:hl7-org:elm-types:r1}Boolean",
                                 "type" : "InValueSet",
                                 "signature" : [ ],
                                 "code" : {
                                    "localId" : "243",
                                    "locator" : "18:19-18:41",
                                    "resultTypeName" : "{urn:hl7-org:elm-types:r1}Code",
                                    "path" : "code",
                                    "scope" : "EncounterDiagnoses",
                                    "type" : "Property"
                                 },
                                 "valueset" : {
                                    "localId" : "244",
                                    "locator" : "18:46-18:90",
                                    "resultTypeName" : "{urn:hl7-org:elm-types:r1}ValueSet",
                                    "name" : "Obstetrical or Pregnancy Related Conditions",
                                    "preserve" : true
                                 }
                              }, {
                                 "localId" : "249",
                                 "locator" : "19:18-19:68",
                                 "resultTypeName" : "{urn:hl7-org:elm-types:r1}Boolean",
                                 "type" : "InValueSet",
                                 "signature" : [ ],
                                 "code" : {
                                    "localId" : "247",
                                    "locator" : "19:18-19:40",
                                    "resultTypeName" : "{urn:hl7-org:elm-types:r1}Code",
                                    "path" : "code",
                                    "scope" : "EncounterDiagnoses",
                                    "type" : "Property"
                                 },
                                 "valueset" : {
                                    "localId" : "248",
                                    "locator" : "19:45-19:68",
                                    "resultTypeName" : "{urn:hl7-org:elm-types:r1}ValueSet",
                                    "name" : "Venous Thromboembolism",
                                    "preserve" : true
                                 }
                              } ]
                           }, {
                              "localId" : "253",
                              "locator" : "20:18-20:60",
                              "resultTypeName" : "{urn:hl7-org:elm-types:r1}Boolean",
                              "type" : "InValueSet",
                              "signature" : [ ],
                              "code" : {
                                 "localId" : "251",
                                 "locator" : "20:18-20:40",
                                 "resultTypeName" : "{urn:hl7-org:elm-types:r1}Code",
                                 "path" : "code",
                                 "scope" : "EncounterDiagnoses",
                                 "type" : "Property"
                              },
                              "valueset" : {
                                 "localId" : "252",
                                 "locator" : "20:45-20:60",
                                 "resultTypeName" : "{urn:hl7-org:elm-types:r1}ValueSet",
                                 "name" : "Obstetrics VTE",
                                 "preserve" : true
                              }
                           } ]
                        }
                     }
                  }
               }
            }
         }, {
            "localId" : "265",
            "locator" : "25:1-27:89",
            "name" : "Encounter With Age Range And Without VTE Diagnosis Or Obstetrical Conditions",
            "context" : "Patient",
            "accessLevel" : "Public",
            "annotation" : [ {
               "type" : "Annotation",
               "s" : {
                  "r" : "265",
                  "s" : [ {
                     "value" : [ "","define ","\"Encounter With Age Range And Without VTE Diagnosis Or Obstetrical Conditions\"",":\n  " ]
                  }, {
                     "r" : "289",
                     "s" : [ {
                        "s" : [ {
                           "r" : "266",
                           "s" : [ {
                              "r" : "267",
                              "s" : [ {
                                 "s" : [ {
                                    "value" : [ "\"Admission Without VTE Or Obstetrical Conditions\"" ]
                                 } ]
                              } ]
                           }, {
                              "value" : [ " ","EncounterWithoutConditions" ]
                           } ]
                        } ]
                     }, {
                        "value" : [ "\n    " ]
                     }, {
                        "r" : "272",
                        "s" : [ {
                           "value" : [ "where " ]
                        }, {
                           "r" : "272",
                           "s" : [ {
                              "r" : "287",
                              "s" : [ {
                                 "value" : [ "AgeInYearsAt","(" ]
                              }, {
                                 "r" : "273",
                                 "s" : [ {
                                    "value" : [ "date from " ]
                                 }, {
                                    "r" : "274",
                                    "s" : [ {
                                       "value" : [ "start of " ]
                                    }, {
                                       "r" : "276",
                                       "s" : [ {
                                          "r" : "275",
                                          "s" : [ {
                                             "value" : [ "EncounterWithoutConditions" ]
                                          } ]
                                       }, {
                                          "value" : [ "." ]
                                       }, {
                                          "r" : "276",
                                          "s" : [ {
                                             "value" : [ "relevantPeriod" ]
                                          } ]
                                       } ]
                                    } ]
                                 } ]
                              }, {
                                 "value" : [ ")" ]
                              } ]
                           }, {
                              "r" : "288",
                              "value" : [ ">="," ","18" ]
                           } ]
                        } ]
                     } ]
                  } ]
               }
            } ],
            "resultTypeSpecifier" : {
               "localId" : "292",
               "type" : "ListTypeSpecifier",
               "elementType" : {
                  "localId" : "293",
                  "name" : "{urn:healthit-gov:qdm:v5_6}PositiveEncounterPerformed",
                  "type" : "NamedTypeSpecifier"
               }
            },
            "expression" : {
               "localId" : "289",
               "locator" : "26:3-27:89",
               "type" : "Query",
               "resultTypeSpecifier" : {
                  "localId" : "290",
                  "type" : "ListTypeSpecifier",
                  "elementType" : {
                     "localId" : "291",
                     "name" : "{urn:healthit-gov:qdm:v5_6}PositiveEncounterPerformed",
                     "type" : "NamedTypeSpecifier"
                  }
               },
               "source" : [ {
                  "localId" : "266",
                  "locator" : "26:3-26:78",
                  "alias" : "EncounterWithoutConditions",
                  "resultTypeSpecifier" : {
                     "localId" : "270",
                     "type" : "ListTypeSpecifier",
                     "elementType" : {
                        "localId" : "271",
                        "name" : "{urn:healthit-gov:qdm:v5_6}PositiveEncounterPerformed",
                        "type" : "NamedTypeSpecifier"
                     }
                  },
                  "expression" : {
                     "localId" : "267",
                     "locator" : "26:3-26:51",
                     "name" : "Admission Without VTE Or Obstetrical Conditions",
                     "type" : "ExpressionRef",
                     "resultTypeSpecifier" : {
                        "localId" : "268",
                        "type" : "ListTypeSpecifier",
                        "elementType" : {
                           "localId" : "269",
                           "name" : "{urn:healthit-gov:qdm:v5_6}PositiveEncounterPerformed",
                           "type" : "NamedTypeSpecifier"
                        }
                     }
                  }
               } ],
               "let" : [ ],
               "relationship" : [ ],
               "where" : {
                  "localId" : "272",
                  "locator" : "27:5-27:89",
                  "resultTypeName" : "{urn:hl7-org:elm-types:r1}Boolean",
                  "type" : "GreaterOrEqual",
                  "signature" : [ ],
                  "operand" : [ {
                     "localId" : "287",
                     "locator" : "27:11-27:84",
                     "resultTypeName" : "{urn:hl7-org:elm-types:r1}Integer",
                     "precision" : "Year",
                     "type" : "CalculateAgeAt",
                     "signature" : [ ],
                     "operand" : [ {
                        "localId" : "286",
                        "type" : "ToDate",
                        "signature" : [ ],
                        "operand" : {
                           "localId" : "284",
                           "path" : "birthDatetime",
                           "type" : "Property",
                           "source" : {
                              "localId" : "283",
                              "name" : "Patient",
                              "type" : "ExpressionRef"
                           }
                        }
                     }, {
                        "localId" : "273",
                        "locator" : "27:24-27:83",
                        "resultTypeName" : "{urn:hl7-org:elm-types:r1}Date",
                        "type" : "DateFrom",
                        "signature" : [ ],
                        "operand" : {
                           "localId" : "274",
                           "locator" : "27:34-27:83",
                           "resultTypeName" : "{urn:hl7-org:elm-types:r1}DateTime",
                           "type" : "Start",
                           "signature" : [ ],
                           "operand" : {
                              "localId" : "276",
                              "locator" : "27:43-27:83",
                              "path" : "relevantPeriod",
                              "scope" : "EncounterWithoutConditions",
                              "type" : "Property",
                              "resultTypeSpecifier" : {
                                 "localId" : "279",
                                 "type" : "IntervalTypeSpecifier",
                                 "pointType" : {
                                    "localId" : "280",
                                    "name" : "{urn:hl7-org:elm-types:r1}DateTime",
                                    "type" : "NamedTypeSpecifier"
                                 }
                              }
                           }
                        }
                     } ]
                  }, {
                     "localId" : "288",
                     "locator" : "27:88-27:89",
                     "resultTypeName" : "{urn:hl7-org:elm-types:r1}Integer",
                     "valueType" : "{urn:hl7-org:elm-types:r1}Integer",
                     "value" : "18",
                     "type" : "Literal"
                  } ]
               }
            }
         }, {
            "localId" : "219",
            "locator" : "13:1-13:15",
            "name" : "Patient",
            "context" : "Patient",
            "expression" : {
               "localId" : "220",
               "type" : "SingletonFrom",
               "signature" : [ ],
               "operand" : {
                  "localId" : "218",
                  "locator" : "13:1-13:15",
                  "dataType" : "{urn:healthit-gov:qdm:v5_6}Patient",
                  "templateId" : "Patient",
                  "type" : "Retrieve",
                  "include" : [ ],
                  "codeFilter" : [ ],
                  "dateFilter" : [ ],
                  "otherFilter" : [ ]
               }
            }
         } ]
      }
   }
}