{
   "library" : {
      "localId" : "0",
      "annotation" : [ {
         "translatorVersion" : "3.14.0",
         "translatorOptions" : "EnableAnnotations,EnableLocators,EnableResultTypes,EnableDetailedErrors,DisableListDemotion,DisableListPromotion",
         "signatureLevel" : "None",
         "type" : "CqlToElmInfo"
      }, {
         "type" : "Annotation",
         "s" : {
            "r" : "440",
            "s" : [ {
               "value" : [ "","library CMS104STKDCAntithrombotic version '14.1.000'" ]
            } ]
         }
      } ],
      "identifier" : {
         "id" : "CMS104STKDCAntithrombotic",
         "version" : "14.1.000"
      },
      "schemaIdentifier" : {
         "id" : "urn:hl7-org:elm",
         "version" : "r1"
      },
      "usings" : {
         "def" : [ {
            "localId" : "1",
            "localIdentifier" : "System",
            "uri" : "urn:hl7-org:elm-types:r1"
         }, {
            "localId" : "206",
            "locator" : "3:1-3:23",
            "localIdentifier" : "QDM",
            "uri" : "urn:healthit-gov:qdm:v5_6",
            "version" : "5.6",
            "annotation" : [ {
               "type" : "Annotation",
               "s" : {
                  "r" : "206",
                  "s" : [ {
                     "value" : [ "","using " ]
                  }, {
                     "s" : [ {
                        "value" : [ "QDM" ]
                     } ]
                  }, {
                     "value" : [ " version '5.6'" ]
                  } ]
               }
            } ]
         } ]
      },
      "includes" : {
         "def" : [ {
            "localId" : "207",
            "locator" : "5:1-5:52",
            "localIdentifier" : "Global",
            "path" : "CQMCommonQDM",
            "version" : "9.0.000",
            "annotation" : [ {
               "type" : "Annotation",
               "s" : {
                  "r" : "207",
                  "s" : [ {
                     "value" : [ "","include " ]
                  }, {
                     "s" : [ {
                        "value" : [ "CQMCommonQDM" ]
                     } ]
                  }, {
                     "value" : [ " version ","'9.0.000'"," called ","Global" ]
                  } ]
               }
            } ]
         }, {
            "localId" : "208",
            "locator" : "6:1-6:50",
            "localIdentifier" : "TJC",
            "path" : "TJCOverallQDM",
            "version" : "9.0.000",
            "annotation" : [ {
               "type" : "Annotation",
               "s" : {
                  "r" : "208",
                  "s" : [ {
                     "value" : [ "","include " ]
                  }, {
                     "s" : [ {
                        "value" : [ "TJCOverallQDM" ]
                     } ]
                  }, {
                     "value" : [ " version ","'9.0.000'"," called ","TJC" ]
                  } ]
               }
            } ]
         } ]
      },
      "valueSets" : {
         "def" : [ {
            "localId" : "209",
            "locator" : "8:1-8:94",
            "resultTypeName" : "{urn:hl7-org:elm-types:r1}ValueSet",
            "name" : "Antithrombotic Therapy for Ischemic Stroke",
            "id" : "urn:oid:2.16.840.1.113762.1.4.1110.62",
            "accessLevel" : "Public",
            "annotation" : [ {
               "type" : "Annotation",
               "s" : {
                  "r" : "209",
                  "s" : [ {
                     "value" : [ "","valueset ","\"Antithrombotic Therapy for Ischemic Stroke\"",": ","'urn:oid:2.16.840.1.113762.1.4.1110.62'" ]
                  } ]
               }
            } ],
            "codeSystem" : [ ]
         }, {
            "localId" : "210",
            "locator" : "9:1-9:79",
            "resultTypeName" : "{urn:hl7-org:elm-types:r1}ValueSet",
            "name" : "Federal Administrative Sex",
            "id" : "urn:oid:2.16.840.1.113762.1.4.1021.121",
            "accessLevel" : "Public",
            "annotation" : [ {
               "type" : "Annotation",
               "s" : {
                  "r" : "210",
                  "s" : [ {
                     "value" : [ "","valueset ","\"Federal Administrative Sex\"",": ","'urn:oid:2.16.840.1.113762.1.4.1021.121'" ]
                  } ]
               }
            } ],
            "codeSystem" : [ ]
         }, {
            "localId" : "211",
            "locator" : "10:1-10:58",
            "resultTypeName" : "{urn:hl7-org:elm-types:r1}ValueSet",
            "name" : "Ethnicity",
            "id" : "urn:oid:2.16.840.1.114222.4.11.837",
            "accessLevel" : "Public",
            "annotation" : [ {
               "type" : "Annotation",
               "s" : {
                  "r" : "211",
                  "s" : [ {
                     "value" : [ "","valueset ","\"Ethnicity\"",": ","'urn:oid:2.16.840.1.114222.4.11.837'" ]
                  } ]
               }
            } ],
            "codeSystem" : [ ]
         }, {
            "localId" : "212",
            "locator" : "11:1-11:98",
            "resultTypeName" : "{urn:hl7-org:elm-types:r1}ValueSet",
            "name" : "Medical Reason For Not Providing Treatment",
            "id" : "urn:oid:2.16.840.1.113883.3.117.1.7.1.473",
            "accessLevel" : "Public",
            "annotation" : [ {
               "type" : "Annotation",
               "s" : {
                  "r" : "212",
                  "s" : [ {
                     "value" : [ "","valueset ","\"Medical Reason For Not Providing Treatment\"",": ","'urn:oid:2.16.840.1.113883.3.117.1.7.1.473'" ]
                  } ]
               }
            } ],
            "codeSystem" : [ ]
         }, {
            "localId" : "213",
            "locator" : "12:1-12:70",
            "resultTypeName" : "{urn:hl7-org:elm-types:r1}ValueSet",
            "name" : "Patient Refusal",
            "id" : "urn:oid:2.16.840.1.113883.3.117.1.7.1.93",
            "accessLevel" : "Public",
            "annotation" : [ {
               "type" : "Annotation",
               "s" : {
                  "r" : "213",
                  "s" : [ {
                     "value" : [ "","valueset ","\"Patient Refusal\"",": ","'urn:oid:2.16.840.1.113883.3.117.1.7.1.93'" ]
                  } ]
               }
            } ],
            "codeSystem" : [ ]
         }, {
            "localId" : "214",
            "locator" : "13:1-13:60",
            "resultTypeName" : "{urn:hl7-org:elm-types:r1}ValueSet",
            "name" : "Payer Type",
            "id" : "urn:oid:2.16.840.1.114222.4.11.3591",
            "accessLevel" : "Public",
            "annotation" : [ {
               "type" : "Annotation",
               "s" : {
                  "r" : "214",
                  "s" : [ {
                     "value" : [ "","valueset ","\"Payer Type\"",": ","'urn:oid:2.16.840.1.114222.4.11.3591'" ]
                  } ]
               }
            } ],
            "codeSystem" : [ ]
         }, {
            "localId" : "215",
            "locator" : "14:1-14:112",
            "resultTypeName" : "{urn:hl7-org:elm-types:r1}ValueSet",
            "name" : "Pharmacological Contraindications For Antithrombotic Therapy",
            "id" : "urn:oid:2.16.840.1.113762.1.4.1110.52",
            "accessLevel" : "Public",
            "annotation" : [ {
               "type" : "Annotation",
               "s" : {
                  "r" : "215",
                  "s" : [ {
                     "value" : [ "","valueset ","\"Pharmacological Contraindications For Antithrombotic Therapy\"",": ","'urn:oid:2.16.840.1.113762.1.4.1110.52'" ]
                  } ]
               }
            } ],
            "codeSystem" : [ ]
         }, {
            "localId" : "216",
            "locator" : "15:1-15:53",
            "resultTypeName" : "{urn:hl7-org:elm-types:r1}ValueSet",
            "name" : "Race",
            "id" : "urn:oid:2.16.840.1.114222.4.11.836",
            "accessLevel" : "Public",
            "annotation" : [ {
               "type" : "Annotation",
               "s" : {
                  "r" : "216",
                  "s" : [ {
                     "value" : [ "","valueset ","\"Race\"",": ","'urn:oid:2.16.840.1.114222.4.11.836'" ]
                  } ]
               }
            } ],
            "codeSystem" : [ ]
         } ]
      },
      "contexts" : {
         "def" : [ {
            "localId" : "220",
            "locator" : "17:1-17:15",
            "name" : "Patient"
         } ]
      },
      "statements" : {
         "def" : [ {
            "localId" : "218",
            "locator" : "17:1-17:15",
            "name" : "Patient",
            "context" : "Patient",
            "expression" : {
               "localId" : "219",
               "type" : "SingletonFrom",
               "signature" : [ ],
               "operand" : {
                  "localId" : "217",
                  "locator" : "17:1-17:15",
                  "dataType" : "{urn:healthit-gov:qdm:v5_6}Patient",
                  "templateId" : "Patient",
                  "type" : "Retrieve",
                  "include" : [ ],
                  "codeFilter" : [ ],
                  "dateFilter" : [ ],
                  "otherFilter" : [ ]
               }
            }
         }, {
            "localId" : "222",
            "locator" : "19:1-20:51",
            "name" : "SDE Ethnicity",
            "context" : "Patient",
            "accessLevel" : "Public",
            "annotation" : [ {
               "type" : "Annotation",
               "s" : {
                  "r" : "222",
                  "s" : [ {
                     "value" : [ "","define ","\"SDE Ethnicity\"",":\n  " ]
                  }, {
                     "r" : "225",
                     "s" : [ {
                        "value" : [ "[","\"Patient Characteristic Ethnicity\"",": " ]
                     }, {
                        "s" : [ {
                           "value" : [ "\"Ethnicity\"" ]
                        } ]
                     }, {
                        "value" : [ "]" ]
                     } ]
                  } ]
               }
            } ],
            "resultTypeSpecifier" : {
               "localId" : "229",
               "type" : "ListTypeSpecifier",
               "elementType" : {
                  "localId" : "230",
                  "name" : "{urn:healthit-gov:qdm:v5_6}PatientCharacteristicEthnicity",
                  "type" : "NamedTypeSpecifier"
               }
            },
            "expression" : {
               "localId" : "225",
               "locator" : "20:3-20:51",
               "dataType" : "{urn:healthit-gov:qdm:v5_6}PatientCharacteristicEthnicity",
               "codeProperty" : "code",
               "codeComparator" : "in",
               "type" : "Retrieve",
               "resultTypeSpecifier" : {
                  "localId" : "227",
                  "type" : "ListTypeSpecifier",
                  "elementType" : {
                     "localId" : "228",
                     "name" : "{urn:healthit-gov:qdm:v5_6}PatientCharacteristicEthnicity",
                     "type" : "NamedTypeSpecifier"
                  }
               },
               "codes" : {
                  "localId" : "224",
                  "locator" : "20:40-20:50",
                  "resultTypeName" : "{urn:hl7-org:elm-types:r1}ValueSet",
                  "name" : "Ethnicity",
                  "preserve" : true,
                  "type" : "ValueSetRef"
               },
               "include" : [ ],
               "codeFilter" : [ ],
               "dateFilter" : [ ],
               "otherFilter" : [ ]
            }
         }, {
            "localId" : "232",
            "locator" : "22:1-23:48",
            "name" : "SDE Payer",
            "context" : "Patient",
            "accessLevel" : "Public",
            "annotation" : [ {
               "type" : "Annotation",
               "s" : {
                  "r" : "232",
                  "s" : [ {
                     "value" : [ "","define ","\"SDE Payer\"",":\n  " ]
                  }, {
                     "r" : "235",
                     "s" : [ {
                        "value" : [ "[","\"Patient Characteristic Payer\"",": " ]
                     }, {
                        "s" : [ {
                           "value" : [ "\"Payer Type\"" ]
                        } ]
                     }, {
                        "value" : [ "]" ]
                     } ]
                  } ]
               }
            } ],
            "resultTypeSpecifier" : {
               "localId" : "239",
               "type" : "ListTypeSpecifier",
               "elementType" : {
                  "localId" : "240",
                  "name" : "{urn:healthit-gov:qdm:v5_6}PatientCharacteristicPayer",
                  "type" : "NamedTypeSpecifier"
               }
            },
            "expression" : {
               "localId" : "235",
               "locator" : "23:3-23:48",
               "dataType" : "{urn:healthit-gov:qdm:v5_6}PatientCharacteristicPayer",
               "codeProperty" : "code",
               "codeComparator" : "in",
               "type" : "Retrieve",
               "resultTypeSpecifier" : {
                  "localId" : "237",
                  "type" : "ListTypeSpecifier",
                  "elementType" : {
                     "localId" : "238",
                     "name" : "{urn:healthit-gov:qdm:v5_6}PatientCharacteristicPayer",
                     "type" : "NamedTypeSpecifier"
                  }
               },
               "codes" : {
                  "localId" : "234",
                  "locator" : "23:36-23:47",
                  "resultTypeName" : "{urn:hl7-org:elm-types:r1}ValueSet",
                  "name" : "Payer Type",
                  "preserve" : true,
                  "type" : "ValueSetRef"
               },
               "include" : [ ],
               "codeFilter" : [ ],
               "dateFilter" : [ ],
               "otherFilter" : [ ]
            }
         }, {
            "localId" : "242",
            "locator" : "25:1-26:41",
            "name" : "SDE Race",
            "context" : "Patient",
            "accessLevel" : "Public",
            "annotation" : [ {
               "type" : "Annotation",
               "s" : {
                  "r" : "242",
                  "s" : [ {
                     "value" : [ "","define ","\"SDE Race\"",":\n  " ]
                  }, {
                     "r" : "245",
                     "s" : [ {
                        "value" : [ "[","\"Patient Characteristic Race\"",": " ]
                     }, {
                        "s" : [ {
                           "value" : [ "\"Race\"" ]
                        } ]
                     }, {
                        "value" : [ "]" ]
                     } ]
                  } ]
               }
            } ],
            "resultTypeSpecifier" : {
               "localId" : "249",
               "type" : "ListTypeSpecifier",
               "elementType" : {
                  "localId" : "250",
                  "name" : "{urn:healthit-gov:qdm:v5_6}PatientCharacteristicRace",
                  "type" : "NamedTypeSpecifier"
               }
            },
            "expression" : {
               "localId" : "245",
               "locator" : "26:3-26:41",
               "dataType" : "{urn:healthit-gov:qdm:v5_6}PatientCharacteristicRace",
               "codeProperty" : "code",
               "codeComparator" : "in",
               "type" : "Retrieve",
               "resultTypeSpecifier" : {
                  "localId" : "247",
                  "type" : "ListTypeSpecifier",
                  "elementType" : {
                     "localId" : "248",
                     "name" : "{urn:healthit-gov:qdm:v5_6}PatientCharacteristicRace",
                     "type" : "NamedTypeSpecifier"
                  }
               },
               "codes" : {
                  "localId" : "244",
                  "locator" : "26:35-26:40",
                  "resultTypeName" : "{urn:hl7-org:elm-types:r1}ValueSet",
                  "name" : "Race",
                  "preserve" : true,
                  "type" : "ValueSetRef"
               },
               "include" : [ ],
               "codeFilter" : [ ],
               "dateFilter" : [ ],
               "otherFilter" : [ ]
            }
         }, {
            "localId" : "252",
            "locator" : "28:1-29:62",
            "name" : "SDE Sex",
            "context" : "Patient",
            "accessLevel" : "Public",
            "annotation" : [ {
               "type" : "Annotation",
               "s" : {
                  "r" : "252",
                  "s" : [ {
                     "value" : [ "","define ","\"SDE Sex\"",":\n  " ]
                  }, {
                     "r" : "255",
                     "s" : [ {
                        "value" : [ "[","\"Patient Characteristic Sex\"",": " ]
                     }, {
                        "s" : [ {
                           "value" : [ "\"Federal Administrative Sex\"" ]
                        } ]
                     }, {
                        "value" : [ "]" ]
                     } ]
                  } ]
               }
            } ],
            "resultTypeSpecifier" : {
               "localId" : "259",
               "type" : "ListTypeSpecifier",
               "elementType" : {
                  "localId" : "260",
                  "name" : "{urn:healthit-gov:qdm:v5_6}PatientCharacteristicSex",
                  "type" : "NamedTypeSpecifier"
               }
            },
            "expression" : {
               "localId" : "255",
               "locator" : "29:3-29:62",
               "dataType" : "{urn:healthit-gov:qdm:v5_6}PatientCharacteristicSex",
               "codeProperty" : "code",
               "codeComparator" : "in",
               "type" : "Retrieve",
               "resultTypeSpecifier" : {
                  "localId" : "257",
                  "type" : "ListTypeSpecifier",
                  "elementType" : {
                     "localId" : "258",
                     "name" : "{urn:healthit-gov:qdm:v5_6}PatientCharacteristicSex",
                     "type" : "NamedTypeSpecifier"
                  }
               },
               "codes" : {
                  "localId" : "254",
                  "locator" : "29:34-29:61",
                  "resultTypeName" : "{urn:hl7-org:elm-types:r1}ValueSet",
                  "name" : "Federal Administrative Sex",
                  "preserve" : true,
                  "type" : "ValueSetRef"
               },
               "include" : [ ],
               "codeFilter" : [ ],
               "dateFilter" : [ ],
               "otherFilter" : [ ]
            }
         }, {
            "localId" : "262",
            "locator" : "31:1-33:70",
            "name" : "Denominator Exclusions",
            "context" : "Patient",
            "accessLevel" : "Public",
            "annotation" : [ {
               "type" : "Annotation",
               "s" : {
                  "r" : "262",
                  "s" : [ {
                     "value" : [ "","define ","\"Denominator Exclusions\"",": \n  " ]
                  }, {
                     "r" : "275",
                     "s" : [ {
                        "r" : "264",
                        "s" : [ {
                           "r" : "263",
                           "s" : [ {
                              "value" : [ "TJC" ]
                           } ]
                        }, {
                           "value" : [ "." ]
                        }, {
                           "r" : "264",
                           "s" : [ {
                              "value" : [ "\"Ischemic Stroke Encounters With Discharge Disposition\"" ]
                           } ]
                        } ]
                     }, {
                        "value" : [ "\n    union " ]
                     }, {
                        "r" : "270",
                        "s" : [ {
                           "r" : "269",
                           "s" : [ {
                              "value" : [ "TJC" ]
                           } ]
                        }, {
                           "value" : [ "." ]
                        }, {
                           "r" : "270",
                           "s" : [ {
                              "value" : [ "\"Encounter With Comfort Measures During Hospitalization\"" ]
                           } ]
                        } ]
                     } ]
                  } ]
               }
            } ],
            "resultTypeSpecifier" : {
               "localId" : "278",
               "type" : "ListTypeSpecifier",
               "elementType" : {
                  "localId" : "279",
                  "name" : "{urn:healthit-gov:qdm:v5_6}PositiveEncounterPerformed",
                  "type" : "NamedTypeSpecifier"
               }
            },
            "expression" : {
               "localId" : "275",
               "locator" : "32:3-33:70",
               "type" : "Union",
               "resultTypeSpecifier" : {
                  "localId" : "276",
                  "type" : "ListTypeSpecifier",
                  "elementType" : {
                     "localId" : "277",
                     "name" : "{urn:healthit-gov:qdm:v5_6}PositiveEncounterPerformed",
                     "type" : "NamedTypeSpecifier"
                  }
               },
               "signature" : [ ],
               "operand" : [ {
                  "localId" : "264",
                  "locator" : "32:3-32:61",
                  "name" : "Ischemic Stroke Encounters With Discharge Disposition",
                  "libraryName" : "TJC",
                  "type" : "ExpressionRef",
                  "resultTypeSpecifier" : {
                     "localId" : "267",
                     "type" : "ListTypeSpecifier",
                     "elementType" : {
                        "localId" : "268",
                        "name" : "{urn:healthit-gov:qdm:v5_6}PositiveEncounterPerformed",
                        "type" : "NamedTypeSpecifier"
                     }
                  }
               }, {
                  "localId" : "270",
                  "locator" : "33:11-33:70",
                  "name" : "Encounter With Comfort Measures During Hospitalization",
                  "libraryName" : "TJC",
                  "type" : "ExpressionRef",
                  "resultTypeSpecifier" : {
                     "localId" : "273",
                     "type" : "ListTypeSpecifier",
                     "elementType" : {
                        "localId" : "274",
                        "name" : "{urn:healthit-gov:qdm:v5_6}PositiveEncounterPerformed",
                        "type" : "NamedTypeSpecifier"
                     }
                  }
               } ]
            }
         }, {
            "localId" : "281",
            "locator" : "35:1-38:109",
            "name" : "Encounter With Pharmacological Contraindications For Antithrombotic Therapy At Discharge",
            "context" : "Patient",
            "accessLevel" : "Public",
            "annotation" : [ {
               "type" : "Annotation",
               "s" : {
                  "r" : "281",
                  "s" : [ {
                     "value" : [ "","define ","\"Encounter With Pharmacological Contraindications For Antithrombotic Therapy At Discharge\"",":\n  " ]
                  }, {
                     "r" : "313",
                     "s" : [ {
                        "s" : [ {
                           "r" : "282",
                           "s" : [ {
                              "r" : "284",
                              "s" : [ {
                                 "s" : [ {
                                    "value" : [ "TJC",".","\"Ischemic Stroke Encounter\"" ]
                                 } ]
                              } ]
                           }, {
                              "value" : [ " ","IschemicStrokeEncounter" ]
                           } ]
                        } ]
                     }, {
                        "value" : [ "\n    " ]
                     }, {
                        "r" : "310",
                        "s" : [ {
                           "value" : [ "with " ]
                        }, {
                           "r" : "289",
                           "s" : [ {
                              "r" : "292",
                              "s" : [ {
                                 "r" : "292",
                                 "s" : [ {
                                    "value" : [ "[","\"Medication, Discharge\"",": " ]
                                 }, {
                                    "s" : [ {
                                       "value" : [ "\"Pharmacological Contraindications For Antithrombotic Therapy\"" ]
                                    } ]
                                 }, {
                                    "value" : [ "]" ]
                                 } ]
                              } ]
                           }, {
                              "value" : [ " ","PharmacologicalContraindications" ]
                           } ]
                        }, {
                           "value" : [ "\n      such that " ]
                        }, {
                           "r" : "309",
                           "s" : [ {
                              "r" : "301",
                              "s" : [ {
                                 "r" : "300",
                                 "s" : [ {
                                    "value" : [ "PharmacologicalContraindications" ]
                                 } ]
                              }, {
                                 "value" : [ "." ]
                              }, {
                                 "r" : "301",
                                 "s" : [ {
                                    "value" : [ "authorDatetime" ]
                                 } ]
                              } ]
                           }, {
                              "r" : "309",
                              "value" : [ " ","during"," " ]
                           }, {
                              "r" : "303",
                              "s" : [ {
                                 "r" : "302",
                                 "s" : [ {
                                    "value" : [ "IschemicStrokeEncounter" ]
                                 } ]
                              }, {
                                 "value" : [ "." ]
                              }, {
                                 "r" : "303",
                                 "s" : [ {
                                    "value" : [ "relevantPeriod" ]
                                 } ]
                              } ]
                           } ]
                        } ]
                     } ]
                  } ]
               }
            } ],
            "resultTypeSpecifier" : {
               "localId" : "316",
               "type" : "ListTypeSpecifier",
               "elementType" : {
                  "localId" : "317",
                  "name" : "{urn:healthit-gov:qdm:v5_6}PositiveEncounterPerformed",
                  "type" : "NamedTypeSpecifier"
               }
            },
            "expression" : {
               "localId" : "313",
               "locator" : "36:3-38:109",
               "type" : "Query",
               "resultTypeSpecifier" : {
                  "localId" : "314",
                  "type" : "ListTypeSpecifier",
                  "elementType" : {
                     "localId" : "315",
                     "name" : "{urn:healthit-gov:qdm:v5_6}PositiveEncounterPerformed",
                     "type" : "NamedTypeSpecifier"
                  }
               },
               "source" : [ {
                  "localId" : "282",
                  "locator" : "36:3-36:57",
                  "alias" : "IschemicStrokeEncounter",
                  "resultTypeSpecifier" : {
                     "localId" : "287",
                     "type" : "ListTypeSpecifier",
                     "elementType" : {
                        "localId" : "288",
                        "name" : "{urn:healthit-gov:qdm:v5_6}PositiveEncounterPerformed",
                        "type" : "NamedTypeSpecifier"
                     }
                  },
                  "expression" : {
                     "localId" : "284",
                     "locator" : "36:3-36:33",
                     "name" : "Ischemic Stroke Encounter",
                     "libraryName" : "TJC",
                     "type" : "ExpressionRef",
                     "resultTypeSpecifier" : {
                        "localId" : "285",
                        "type" : "ListTypeSpecifier",
                        "elementType" : {
                           "localId" : "286",
                           "name" : "{urn:healthit-gov:qdm:v5_6}PositiveEncounterPerformed",
                           "type" : "NamedTypeSpecifier"
                        }
                     }
                  }
               } ],
               "let" : [ ],
               "relationship" : [ {
                  "localId" : "310",
                  "locator" : "37:5-38:109",
                  "alias" : "PharmacologicalContraindications",
                  "type" : "With",
                  "resultTypeSpecifier" : {
                     "localId" : "311",
                     "type" : "ListTypeSpecifier",
                     "elementType" : {
                        "localId" : "312",
                        "name" : "{urn:healthit-gov:qdm:v5_6}PositiveMedicationDischarge",
                        "type" : "NamedTypeSpecifier"
                     }
                  },
                  "expression" : {
                     "localId" : "292",
                     "locator" : "37:10-37:98",
                     "dataType" : "{urn:healthit-gov:qdm:v5_6}PositiveMedicationDischarge",
                     "templateId" : "PositiveMedicationDischarge",
                     "codeProperty" : "code",
                     "codeComparator" : "in",
                     "type" : "Retrieve",
                     "resultTypeSpecifier" : {
                        "localId" : "296",
                        "type" : "ListTypeSpecifier",
                        "elementType" : {
                           "localId" : "297",
                           "name" : "{urn:healthit-gov:qdm:v5_6}PositiveMedicationDischarge",
                           "type" : "NamedTypeSpecifier"
                        }
                     },
                     "codes" : {
                        "localId" : "291",
                        "locator" : "37:36-37:97",
                        "resultTypeName" : "{urn:hl7-org:elm-types:r1}ValueSet",
                        "name" : "Pharmacological Contraindications For Antithrombotic Therapy",
                        "preserve" : true,
                        "type" : "ValueSetRef"
                     },
                     "include" : [ ],
                     "codeFilter" : [ ],
                     "dateFilter" : [ ],
                     "otherFilter" : [ ]
                  },
                  "suchThat" : {
                     "localId" : "309",
                     "locator" : "38:17-38:109",
                     "resultTypeName" : "{urn:hl7-org:elm-types:r1}Boolean",
                     "type" : "In",
                     "signature" : [ ],
                     "operand" : [ {
                        "localId" : "301",
                        "locator" : "38:17-38:63",
                        "resultTypeName" : "{urn:hl7-org:elm-types:r1}DateTime",
                        "path" : "authorDatetime",
                        "scope" : "PharmacologicalContraindications",
                        "type" : "Property"
                     }, {
                        "localId" : "303",
                        "locator" : "38:72-38:109",
                        "path" : "relevantPeriod",
                        "scope" : "IschemicStrokeEncounter",
                        "type" : "Property",
                        "resultTypeSpecifier" : {
                           "localId" : "306",
                           "type" : "IntervalTypeSpecifier",
                           "pointType" : {
                              "localId" : "307",
                              "name" : "{urn:hl7-org:elm-types:r1}DateTime",
                              "type" : "NamedTypeSpecifier"
                           }
                        }
                     } ]
                  }
               } ]
            }
         }, {
            "localId" : "319",
            "locator" : "40:1-43:73",
            "name" : "Reason For Not Giving Antithrombotic At Discharge",
            "context" : "Patient",
            "accessLevel" : "Public",
            "annotation" : [ {
               "type" : "Annotation",
               "s" : {
                  "r" : "319",
                  "s" : [ {
                     "value" : [ "","define ","\"Reason For Not Giving Antithrombotic At Discharge\"",":\n  " ]
                  }, {
                     "r" : "340",
                     "s" : [ {
                        "s" : [ {
                           "r" : "320",
                           "s" : [ {
                              "r" : "323",
                              "s" : [ {
                                 "r" : "323",
                                 "s" : [ {
                                    "value" : [ "[","\"Medication, Not Discharged\"",": " ]
                                 }, {
                                    "s" : [ {
                                       "value" : [ "\"Antithrombotic Therapy for Ischemic Stroke\"" ]
                                    } ]
                                 }, {
                                    "value" : [ "]" ]
                                 } ]
                              } ]
                           }, {
                              "value" : [ " ","NoAntithromboticDischarge" ]
                           } ]
                        } ]
                     }, {
                        "value" : [ "\n    " ]
                     }, {
                        "r" : "331",
                        "s" : [ {
                           "value" : [ "where " ]
                        }, {
                           "r" : "331",
                           "s" : [ {
                              "r" : "335",
                              "s" : [ {
                                 "r" : "333",
                                 "s" : [ {
                                    "r" : "332",
                                    "s" : [ {
                                       "value" : [ "NoAntithromboticDischarge" ]
                                    } ]
                                 }, {
                                    "value" : [ "." ]
                                 }, {
                                    "r" : "333",
                                    "s" : [ {
                                       "value" : [ "negationRationale" ]
                                    } ]
                                 } ]
                              }, {
                                 "value" : [ " in " ]
                              }, {
                                 "r" : "334",
                                 "s" : [ {
                                    "value" : [ "\"Medical Reason For Not Providing Treatment\"" ]
                                 } ]
                              } ]
                           }, {
                              "value" : [ "\n      or " ]
                           }, {
                              "r" : "339",
                              "s" : [ {
                                 "r" : "337",
                                 "s" : [ {
                                    "r" : "336",
                                    "s" : [ {
                                       "value" : [ "NoAntithromboticDischarge" ]
                                    } ]
                                 }, {
                                    "value" : [ "." ]
                                 }, {
                                    "r" : "337",
                                    "s" : [ {
                                       "value" : [ "negationRationale" ]
                                    } ]
                                 } ]
                              }, {
                                 "value" : [ " in " ]
                              }, {
                                 "r" : "338",
                                 "s" : [ {
                                    "value" : [ "\"Patient Refusal\"" ]
                                 } ]
                              } ]
                           } ]
                        } ]
                     } ]
                  } ]
               }
            } ],
            "resultTypeSpecifier" : {
               "localId" : "343",
               "type" : "ListTypeSpecifier",
               "elementType" : {
                  "localId" : "344",
                  "name" : "{urn:healthit-gov:qdm:v5_6}NegativeMedicationDischarge",
                  "type" : "NamedTypeSpecifier"
               }
            },
            "expression" : {
               "localId" : "340",
               "locator" : "41:3-43:73",
               "type" : "Query",
               "resultTypeSpecifier" : {
                  "localId" : "341",
                  "type" : "ListTypeSpecifier",
                  "elementType" : {
                     "localId" : "342",
                     "name" : "{urn:healthit-gov:qdm:v5_6}NegativeMedicationDischarge",
                     "type" : "NamedTypeSpecifier"
                  }
               },
               "source" : [ {
                  "localId" : "320",
                  "locator" : "41:3-41:104",
                  "alias" : "NoAntithromboticDischarge",
                  "resultTypeSpecifier" : {
                     "localId" : "329",
                     "type" : "ListTypeSpecifier",
                     "elementType" : {
                        "localId" : "330",
                        "name" : "{urn:healthit-gov:qdm:v5_6}NegativeMedicationDischarge",
                        "type" : "NamedTypeSpecifier"
                     }
                  },
                  "expression" : {
                     "localId" : "323",
                     "locator" : "41:3-41:78",
                     "dataType" : "{urn:healthit-gov:qdm:v5_6}NegativeMedicationDischarge",
                     "templateId" : "NegativeMedicationDischarge",
                     "codeProperty" : "code",
                     "codeComparator" : "in",
                     "type" : "Retrieve",
                     "resultTypeSpecifier" : {
                        "localId" : "327",
                        "type" : "ListTypeSpecifier",
                        "elementType" : {
                           "localId" : "328",
                           "name" : "{urn:healthit-gov:qdm:v5_6}NegativeMedicationDischarge",
                           "type" : "NamedTypeSpecifier"
                        }
                     },
                     "codes" : {
                        "localId" : "322",
                        "locator" : "41:34-41:77",
                        "resultTypeName" : "{urn:hl7-org:elm-types:r1}ValueSet",
                        "name" : "Antithrombotic Therapy for Ischemic Stroke",
                        "preserve" : true,
                        "type" : "ValueSetRef"
                     },
                     "include" : [ ],
                     "codeFilter" : [ ],
                     "dateFilter" : [ ],
                     "otherFilter" : [ ]
                  }
               } ],
               "let" : [ ],
               "relationship" : [ ],
               "where" : {
                  "localId" : "331",
                  "locator" : "42:5-43:73",
                  "resultTypeName" : "{urn:hl7-org:elm-types:r1}Boolean",
                  "type" : "Or",
                  "signature" : [ ],
                  "operand" : [ {
                     "localId" : "335",
                     "locator" : "42:11-42:101",
                     "resultTypeName" : "{urn:hl7-org:elm-types:r1}Boolean",
                     "type" : "InValueSet",
                     "signature" : [ ],
                     "code" : {
                        "localId" : "333",
                        "locator" : "42:11-42:53",
                        "resultTypeName" : "{urn:hl7-org:elm-types:r1}Code",
                        "path" : "negationRationale",
                        "scope" : "NoAntithromboticDischarge",
                        "type" : "Property"
                     },
                     "valueset" : {
                        "localId" : "334",
                        "locator" : "42:58-42:101",
                        "resultTypeName" : "{urn:hl7-org:elm-types:r1}ValueSet",
                        "name" : "Medical Reason For Not Providing Treatment",
                        "preserve" : true
                     }
                  }, {
                     "localId" : "339",
                     "locator" : "43:10-43:73",
                     "resultTypeName" : "{urn:hl7-org:elm-types:r1}Boolean",
                     "type" : "InValueSet",
                     "signature" : [ ],
                     "code" : {
                        "localId" : "337",
                        "locator" : "43:10-43:52",
                        "resultTypeName" : "{urn:hl7-org:elm-types:r1}Code",
                        "path" : "negationRationale",
                        "scope" : "NoAntithromboticDischarge",
                        "type" : "Property"
                     },
                     "valueset" : {
                        "localId" : "338",
                        "locator" : "43:57-43:73",
                        "resultTypeName" : "{urn:hl7-org:elm-types:r1}ValueSet",
                        "name" : "Patient Refusal",
                        "preserve" : true
                     }
                  } ]
               }
            }
         }, {
            "localId" : "346",
            "locator" : "45:1-48:102",
            "name" : "Encounter With Documented Reason For No Antithrombotic At Discharge",
            "context" : "Patient",
            "accessLevel" : "Public",
            "annotation" : [ {
               "type" : "Annotation",
               "s" : {
                  "r" : "346",
                  "s" : [ {
                     "value" : [ "","define ","\"Encounter With Documented Reason For No Antithrombotic At Discharge\"",":\n  " ]
                  }, {
                     "r" : "373",
                     "s" : [ {
                        "s" : [ {
                           "r" : "347",
                           "s" : [ {
                              "r" : "349",
                              "s" : [ {
                                 "s" : [ {
                                    "value" : [ "TJC",".","\"Ischemic Stroke Encounter\"" ]
                                 } ]
                              } ]
                           }, {
                              "value" : [ " ","IschemicStrokeEncounter" ]
                           } ]
                        } ]
                     }, {
                        "value" : [ "\n    " ]
                     }, {
                        "r" : "370",
                        "s" : [ {
                           "value" : [ "with " ]
                        }, {
                           "r" : "354",
                           "s" : [ {
                              "r" : "355",
                              "s" : [ {
                                 "s" : [ {
                                    "value" : [ "\"Reason For Not Giving Antithrombotic At Discharge\"" ]
                                 } ]
                              } ]
                           }, {
                              "value" : [ " ","NoDischargeAntithrombotic" ]
                           } ]
                        }, {
                           "value" : [ "\n      such that " ]
                        }, {
                           "r" : "369",
                           "s" : [ {
                              "r" : "361",
                              "s" : [ {
                                 "r" : "360",
                                 "s" : [ {
                                    "value" : [ "NoDischargeAntithrombotic" ]
                                 } ]
                              }, {
                                 "value" : [ "." ]
                              }, {
                                 "r" : "361",
                                 "s" : [ {
                                    "value" : [ "authorDatetime" ]
                                 } ]
                              } ]
                           }, {
                              "r" : "369",
                              "value" : [ " ","during"," " ]
                           }, {
                              "r" : "363",
                              "s" : [ {
                                 "r" : "362",
                                 "s" : [ {
                                    "value" : [ "IschemicStrokeEncounter" ]
                                 } ]
                              }, {
                                 "value" : [ "." ]
                              }, {
                                 "r" : "363",
                                 "s" : [ {
                                    "value" : [ "relevantPeriod" ]
                                 } ]
                              } ]
                           } ]
                        } ]
                     } ]
                  } ]
               }
            } ],
            "resultTypeSpecifier" : {
               "localId" : "376",
               "type" : "ListTypeSpecifier",
               "elementType" : {
                  "localId" : "377",
                  "name" : "{urn:healthit-gov:qdm:v5_6}PositiveEncounterPerformed",
                  "type" : "NamedTypeSpecifier"
               }
            },
            "expression" : {
               "localId" : "373",
               "locator" : "46:3-48:102",
               "type" : "Query",
               "resultTypeSpecifier" : {
                  "localId" : "374",
                  "type" : "ListTypeSpecifier",
                  "elementType" : {
                     "localId" : "375",
                     "name" : "{urn:healthit-gov:qdm:v5_6}PositiveEncounterPerformed",
                     "type" : "NamedTypeSpecifier"
                  }
               },
               "source" : [ {
                  "localId" : "347",
                  "locator" : "46:3-46:57",
                  "alias" : "IschemicStrokeEncounter",
                  "resultTypeSpecifier" : {
                     "localId" : "352",
                     "type" : "ListTypeSpecifier",
                     "elementType" : {
                        "localId" : "353",
                        "name" : "{urn:healthit-gov:qdm:v5_6}PositiveEncounterPerformed",
                        "type" : "NamedTypeSpecifier"
                     }
                  },
                  "expression" : {
                     "localId" : "349",
                     "locator" : "46:3-46:33",
                     "name" : "Ischemic Stroke Encounter",
                     "libraryName" : "TJC",
                     "type" : "ExpressionRef",
                     "resultTypeSpecifier" : {
                        "localId" : "350",
                        "type" : "ListTypeSpecifier",
                        "elementType" : {
                           "localId" : "351",
                           "name" : "{urn:healthit-gov:qdm:v5_6}PositiveEncounterPerformed",
                           "type" : "NamedTypeSpecifier"
                        }
                     }
                  }
               } ],
               "let" : [ ],
               "relationship" : [ {
                  "localId" : "370",
                  "locator" : "47:5-48:102",
                  "alias" : "NoDischargeAntithrombotic",
                  "type" : "With",
                  "resultTypeSpecifier" : {
                     "localId" : "371",
                     "type" : "ListTypeSpecifier",
                     "elementType" : {
                        "localId" : "372",
                        "name" : "{urn:healthit-gov:qdm:v5_6}NegativeMedicationDischarge",
                        "type" : "NamedTypeSpecifier"
                     }
                  },
                  "expression" : {
                     "localId" : "355",
                     "locator" : "47:10-47:60",
                     "name" : "Reason For Not Giving Antithrombotic At Discharge",
                     "type" : "ExpressionRef",
                     "resultTypeSpecifier" : {
                        "localId" : "356",
                        "type" : "ListTypeSpecifier",
                        "elementType" : {
                           "localId" : "357",
                           "name" : "{urn:healthit-gov:qdm:v5_6}NegativeMedicationDischarge",
                           "type" : "NamedTypeSpecifier"
                        }
                     }
                  },
                  "suchThat" : {
                     "localId" : "369",
                     "locator" : "48:17-48:102",
                     "resultTypeName" : "{urn:hl7-org:elm-types:r1}Boolean",
                     "type" : "In",
                     "signature" : [ ],
                     "operand" : [ {
                        "localId" : "361",
                        "locator" : "48:17-48:56",
                        "resultTypeName" : "{urn:hl7-org:elm-types:r1}DateTime",
                        "path" : "authorDatetime",
                        "scope" : "NoDischargeAntithrombotic",
                        "type" : "Property"
                     }, {
                        "localId" : "363",
                        "locator" : "48:65-48:102",
                        "path" : "relevantPeriod",
                        "scope" : "IschemicStrokeEncounter",
                        "type" : "Property",
                        "resultTypeSpecifier" : {
                           "localId" : "366",
                           "type" : "IntervalTypeSpecifier",
                           "pointType" : {
                              "localId" : "367",
                              "name" : "{urn:hl7-org:elm-types:r1}DateTime",
                              "type" : "NamedTypeSpecifier"
                           }
                        }
                     } ]
                  }
               } ]
            }
         }, {
            "localId" : "379",
            "locator" : "50:1-52:100",
            "name" : "Denominator Exceptions",
            "context" : "Patient",
            "accessLevel" : "Public",
            "annotation" : [ {
               "type" : "Annotation",
               "s" : {
                  "r" : "379",
                  "s" : [ {
                     "value" : [ "","define ","\"Denominator Exceptions\"",":\n  " ]
                  }, {
                     "r" : "386",
                     "s" : [ {
                        "r" : "380",
                        "s" : [ {
                           "value" : [ "\"Encounter With Documented Reason For No Antithrombotic At Discharge\"" ]
                        } ]
                     }, {
                        "value" : [ "\n    union " ]
                     }, {
                        "r" : "383",
                        "s" : [ {
                           "value" : [ "\"Encounter With Pharmacological Contraindications For Antithrombotic Therapy At Discharge\"" ]
                        } ]
                     } ]
                  } ]
               }
            } ],
            "resultTypeSpecifier" : {
               "localId" : "389",
               "type" : "ListTypeSpecifier",
               "elementType" : {
                  "localId" : "390",
                  "name" : "{urn:healthit-gov:qdm:v5_6}PositiveEncounterPerformed",
                  "type" : "NamedTypeSpecifier"
               }
            },
            "expression" : {
               "localId" : "386",
               "locator" : "51:3-52:100",
               "type" : "Union",
               "resultTypeSpecifier" : {
                  "localId" : "387",
                  "type" : "ListTypeSpecifier",
                  "elementType" : {
                     "localId" : "388",
                     "name" : "{urn:healthit-gov:qdm:v5_6}PositiveEncounterPerformed",
                     "type" : "NamedTypeSpecifier"
                  }
               },
               "signature" : [ ],
               "operand" : [ {
                  "localId" : "380",
                  "locator" : "51:3-51:71",
                  "name" : "Encounter With Documented Reason For No Antithrombotic At Discharge",
                  "type" : "ExpressionRef",
                  "resultTypeSpecifier" : {
                     "localId" : "381",
                     "type" : "ListTypeSpecifier",
                     "elementType" : {
                        "localId" : "382",
                        "name" : "{urn:healthit-gov:qdm:v5_6}PositiveEncounterPerformed",
                        "type" : "NamedTypeSpecifier"
                     }
                  }
               }, {
                  "localId" : "383",
                  "locator" : "52:11-52:100",
                  "name" : "Encounter With Pharmacological Contraindications For Antithrombotic Therapy At Discharge",
                  "type" : "ExpressionRef",
                  "resultTypeSpecifier" : {
                     "localId" : "384",
                     "type" : "ListTypeSpecifier",
                     "elementType" : {
                        "localId" : "385",
                        "name" : "{urn:healthit-gov:qdm:v5_6}PositiveEncounterPerformed",
                        "type" : "NamedTypeSpecifier"
                     }
                  }
               } ]
            }
         }, {
            "localId" : "392",
            "locator" : "54:1-57:100",
            "name" : "Numerator",
            "context" : "Patient",
            "accessLevel" : "Public",
            "annotation" : [ {
               "type" : "Annotation",
               "s" : {
                  "r" : "392",
                  "s" : [ {
                     "value" : [ "","define ","\"Numerator\"",":\n  " ]
                  }, {
                     "r" : "424",
                     "s" : [ {
                        "s" : [ {
                           "r" : "393",
                           "s" : [ {
                              "r" : "395",
                              "s" : [ {
                                 "s" : [ {
                                    "value" : [ "TJC",".","\"Ischemic Stroke Encounter\"" ]
                                 } ]
                              } ]
                           }, {
                              "value" : [ " ","IschemicStrokeEncounter" ]
                           } ]
                        } ]
                     }, {
                        "value" : [ "\n    " ]
                     }, {
                        "r" : "421",
                        "s" : [ {
                           "value" : [ "with " ]
                        }, {
                           "r" : "400",
                           "s" : [ {
                              "r" : "403",
                              "s" : [ {
                                 "r" : "403",
                                 "s" : [ {
                                    "value" : [ "[","\"Medication, Discharge\"",": " ]
                                 }, {
                                    "s" : [ {
                                       "value" : [ "\"Antithrombotic Therapy for Ischemic Stroke\"" ]
                                    } ]
                                 }, {
                                    "value" : [ "]" ]
                                 } ]
                              } ]
                           }, {
                              "value" : [ " ","DischargeAntithrombotic" ]
                           } ]
                        }, {
                           "value" : [ "\n      such that " ]
                        }, {
                           "r" : "420",
                           "s" : [ {
                              "r" : "412",
                              "s" : [ {
                                 "r" : "411",
                                 "s" : [ {
                                    "value" : [ "DischargeAntithrombotic" ]
                                 } ]
                              }, {
                                 "value" : [ "." ]
                              }, {
                                 "r" : "412",
                                 "s" : [ {
                                    "value" : [ "authorDatetime" ]
                                 } ]
                              } ]
                           }, {
                              "r" : "420",
                              "value" : [ " ","during"," " ]
                           }, {
                              "r" : "414",
                              "s" : [ {
                                 "r" : "413",
                                 "s" : [ {
                                    "value" : [ "IschemicStrokeEncounter" ]
                                 } ]
                              }, {
                                 "value" : [ "." ]
                              }, {
                                 "r" : "414",
                                 "s" : [ {
                                    "value" : [ "relevantPeriod" ]
                                 } ]
                              } ]
                           } ]
                        } ]
                     } ]
                  } ]
               }
            } ],
            "resultTypeSpecifier" : {
               "localId" : "427",
               "type" : "ListTypeSpecifier",
               "elementType" : {
                  "localId" : "428",
                  "name" : "{urn:healthit-gov:qdm:v5_6}PositiveEncounterPerformed",
                  "type" : "NamedTypeSpecifier"
               }
            },
            "expression" : {
               "localId" : "424",
               "locator" : "55:3-57:100",
               "type" : "Query",
               "resultTypeSpecifier" : {
                  "localId" : "425",
                  "type" : "ListTypeSpecifier",
                  "elementType" : {
                     "localId" : "426",
                     "name" : "{urn:healthit-gov:qdm:v5_6}PositiveEncounterPerformed",
                     "type" : "NamedTypeSpecifier"
                  }
               },
               "source" : [ {
                  "localId" : "393",
                  "locator" : "55:3-55:57",
                  "alias" : "IschemicStrokeEncounter",
                  "resultTypeSpecifier" : {
                     "localId" : "398",
                     "type" : "ListTypeSpecifier",
                     "elementType" : {
                        "localId" : "399",
                        "name" : "{urn:healthit-gov:qdm:v5_6}PositiveEncounterPerformed",
                        "type" : "NamedTypeSpecifier"
                     }
                  },
                  "expression" : {
                     "localId" : "395",
                     "locator" : "55:3-55:33",
                     "name" : "Ischemic Stroke Encounter",
                     "libraryName" : "TJC",
                     "type" : "ExpressionRef",
                     "resultTypeSpecifier" : {
                        "localId" : "396",
                        "type" : "ListTypeSpecifier",
                        "elementType" : {
                           "localId" : "397",
                           "name" : "{urn:healthit-gov:qdm:v5_6}PositiveEncounterPerformed",
                           "type" : "NamedTypeSpecifier"
                        }
                     }
                  }
               } ],
               "let" : [ ],
               "relationship" : [ {
                  "localId" : "421",
                  "locator" : "56:5-57:100",
                  "alias" : "DischargeAntithrombotic",
                  "type" : "With",
                  "resultTypeSpecifier" : {
                     "localId" : "422",
                     "type" : "ListTypeSpecifier",
                     "elementType" : {
                        "localId" : "423",
                        "name" : "{urn:healthit-gov:qdm:v5_6}PositiveMedicationDischarge",
                        "type" : "NamedTypeSpecifier"
                     }
                  },
                  "expression" : {
                     "localId" : "403",
                     "locator" : "56:10-56:80",
                     "dataType" : "{urn:healthit-gov:qdm:v5_6}PositiveMedicationDischarge",
                     "templateId" : "PositiveMedicationDischarge",
                     "codeProperty" : "code",
                     "codeComparator" : "in",
                     "type" : "Retrieve",
                     "resultTypeSpecifier" : {
                        "localId" : "407",
                        "type" : "ListTypeSpecifier",
                        "elementType" : {
                           "localId" : "408",
                           "name" : "{urn:healthit-gov:qdm:v5_6}PositiveMedicationDischarge",
                           "type" : "NamedTypeSpecifier"
                        }
                     },
                     "codes" : {
                        "localId" : "402",
                        "locator" : "56:36-56:79",
                        "resultTypeName" : "{urn:hl7-org:elm-types:r1}ValueSet",
                        "name" : "Antithrombotic Therapy for Ischemic Stroke",
                        "preserve" : true,
                        "type" : "ValueSetRef"
                     },
                     "include" : [ ],
                     "codeFilter" : [ ],
                     "dateFilter" : [ ],
                     "otherFilter" : [ ]
                  },
                  "suchThat" : {
                     "localId" : "420",
                     "locator" : "57:17-57:100",
                     "resultTypeName" : "{urn:hl7-org:elm-types:r1}Boolean",
                     "type" : "In",
                     "signature" : [ ],
                     "operand" : [ {
                        "localId" : "412",
                        "locator" : "57:17-57:54",
                        "resultTypeName" : "{urn:hl7-org:elm-types:r1}DateTime",
                        "path" : "authorDatetime",
                        "scope" : "DischargeAntithrombotic",
                        "type" : "Property"
                     }, {
                        "localId" : "414",
                        "locator" : "57:63-57:100",
                        "path" : "relevantPeriod",
                        "scope" : "IschemicStrokeEncounter",
                        "type" : "Property",
                        "resultTypeSpecifier" : {
                           "localId" : "417",
                           "type" : "IntervalTypeSpecifier",
                           "pointType" : {
                              "localId" : "418",
                              "name" : "{urn:hl7-org:elm-types:r1}DateTime",
                              "type" : "NamedTypeSpecifier"
                           }
                        }
                     } ]
                  }
               } ]
            }
         }, {
            "localId" : "430",
            "locator" : "59:1-60:33",
            "name" : "Initial Population",
            "context" : "Patient",
            "accessLevel" : "Public",
            "annotation" : [ {
               "type" : "Annotation",
               "s" : {
                  "r" : "430",
                  "s" : [ {
                     "value" : [ "","define ","\"Initial Population\"",":\n  " ]
                  }, {
                     "r" : "432",
                     "s" : [ {
                        "r" : "431",
                        "s" : [ {
                           "value" : [ "TJC" ]
                        } ]
                     }, {
                        "value" : [ "." ]
                     }, {
                        "r" : "432",
                        "s" : [ {
                           "value" : [ "\"Ischemic Stroke Encounter\"" ]
                        } ]
                     } ]
                  } ]
               }
            } ],
            "resultTypeSpecifier" : {
               "localId" : "437",
               "type" : "ListTypeSpecifier",
               "elementType" : {
                  "localId" : "438",
                  "name" : "{urn:healthit-gov:qdm:v5_6}PositiveEncounterPerformed",
                  "type" : "NamedTypeSpecifier"
               }
            },
            "expression" : {
               "localId" : "432",
               "locator" : "60:3-60:33",
               "name" : "Ischemic Stroke Encounter",
               "libraryName" : "TJC",
               "type" : "ExpressionRef",
               "resultTypeSpecifier" : {
                  "localId" : "435",
                  "type" : "ListTypeSpecifier",
                  "elementType" : {
                     "localId" : "436",
                     "name" : "{urn:healthit-gov:qdm:v5_6}PositiveEncounterPerformed",
                     "type" : "NamedTypeSpecifier"
                  }
               }
            }
         }, {
            "localId" : "440",
            "locator" : "62:1-63:22",
            "name" : "Denominator",
            "context" : "Patient",
            "accessLevel" : "Public",
            "annotation" : [ {
               "type" : "Annotation",
               "s" : {
                  "r" : "440",
                  "s" : [ {
                     "value" : [ "","define ","\"Denominator\"",":\n  " ]
                  }, {
                     "r" : "441",
                     "s" : [ {
                        "value" : [ "\"Initial Population\"" ]
                     } ]
                  } ]
               }
            } ],
            "resultTypeSpecifier" : {
               "localId" : "444",
               "type" : "ListTypeSpecifier",
               "elementType" : {
                  "localId" : "445",
                  "name" : "{urn:healthit-gov:qdm:v5_6}PositiveEncounterPerformed",
                  "type" : "NamedTypeSpecifier"
               }
            },
            "expression" : {
               "localId" : "441",
               "locator" : "63:3-63:22",
               "name" : "Initial Population",
               "type" : "ExpressionRef",
               "resultTypeSpecifier" : {
                  "localId" : "442",
                  "type" : "ListTypeSpecifier",
                  "elementType" : {
                     "localId" : "443",
                     "name" : "{urn:healthit-gov:qdm:v5_6}PositiveEncounterPerformed",
                     "type" : "NamedTypeSpecifier"
                  }
               }
            }
         } ]
      }
   }
}