{
   "library" : {
      "annotation" : [ {
         "translatorOptions" : "EnableAnnotations,EnableLocators,DisableListDemotion,DisableListPromotion,DisableMethodInvocation",
         "type" : "CqlToElmInfo"
      }, {
         "type" : "Annotation",
         "s" : {
            "r" : "135",
            "s" : [ {
               "value" : [ "","library DiabetesEyeExam version '11.0.000'" ]
            } ]
         }
      } ],
      "identifier" : {
         "id" : "DiabetesEyeExam",
         "version" : "11.0.000"
      },
      "schemaIdentifier" : {
         "id" : "urn:hl7-org:elm",
         "version" : "r1"
      },
      "usings" : {
         "def" : [ {
            "localIdentifier" : "System",
            "uri" : "urn:hl7-org:elm-types:r1"
         }, {
            "localId" : "1",
            "locator" : "3:1-3:23",
            "localIdentifier" : "QDM",
            "uri" : "urn:healthit-gov:qdm:v5_6",
            "version" : "5.6",
            "annotation" : [ {
               "type" : "Annotation",
               "s" : {
                  "r" : "1",
                  "s" : [ {
                     "value" : [ "","using " ]
                  }, {
                     "s" : [ {
                        "value" : [ "QDM" ]
                     } ]
                  }, {
                     "value" : [ " version ","'5.6'" ]
                  } ]
               }
            } ]
         } ]
      },
      "includes" : {
         "def" : [ {
            "localId" : "2",
            "locator" : "5:1-5:64",
            "localIdentifier" : "Global",
            "path" : "MATGlobalCommonFunctions",
            "version" : "7.0.000",
            "annotation" : [ {
               "type" : "Annotation",
               "s" : {
                  "r" : "2",
                  "s" : [ {
                     "value" : [ "","include " ]
                  }, {
                     "s" : [ {
                        "value" : [ "MATGlobalCommonFunctions" ]
                     } ]
                  }, {
                     "value" : [ " version ","'7.0.000'"," called ","Global" ]
                  } ]
               }
            } ]
         }, {
            "localId" : "3",
            "locator" : "6:1-6:48",
            "localIdentifier" : "Hospice",
            "path" : "Hospice",
            "version" : "4.0.000",
            "annotation" : [ {
               "type" : "Annotation",
               "s" : {
                  "r" : "3",
                  "s" : [ {
                     "value" : [ "","include " ]
                  }, {
                     "s" : [ {
                        "value" : [ "Hospice" ]
                     } ]
                  }, {
                     "value" : [ " version ","'4.0.000'"," called ","Hospice" ]
                  } ]
               }
            } ]
         }, {
            "localId" : "4",
            "locator" : "7:1-7:75",
            "localIdentifier" : "PalliativeCare",
            "path" : "PalliativeCareExclusionECQM",
            "version" : "2.0.000",
            "annotation" : [ {
               "type" : "Annotation",
               "s" : {
                  "r" : "4",
                  "s" : [ {
                     "value" : [ "","include " ]
                  }, {
                     "s" : [ {
                        "value" : [ "PalliativeCareExclusionECQM" ]
                     } ]
                  }, {
                     "value" : [ " version ","'2.0.000'"," called ","PalliativeCare" ]
                  } ]
               }
            } ]
         }, {
            "localId" : "5",
            "locator" : "8:1-8:83",
            "localIdentifier" : "AIFrailLTCF",
            "path" : "AdvancedIllnessandFrailtyExclusionECQM",
            "version" : "7.0.000",
            "annotation" : [ {
               "type" : "Annotation",
               "s" : {
                  "r" : "5",
                  "s" : [ {
                     "value" : [ "","include " ]
                  }, {
                     "s" : [ {
                        "value" : [ "AdvancedIllnessandFrailtyExclusionECQM" ]
                     } ]
                  }, {
                     "value" : [ " version ","'7.0.000'"," called ","AIFrailLTCF" ]
                  } ]
               }
            } ]
         } ]
      },
      "parameters" : {
         "def" : [ {
            "localId" : "22",
            "locator" : "25:1-25:49",
            "name" : "Measurement Period",
            "accessLevel" : "Public",
            "annotation" : [ {
               "type" : "Annotation",
               "s" : {
                  "r" : "22",
                  "s" : [ {
                     "value" : [ "","parameter ","\"Measurement Period\""," " ]
                  }, {
                     "r" : "21",
                     "s" : [ {
                        "value" : [ "Interval<" ]
                     }, {
                        "r" : "20",
                        "s" : [ {
                           "value" : [ "DateTime" ]
                        } ]
                     }, {
                        "value" : [ ">" ]
                     } ]
                  } ]
               }
            } ],
            "parameterTypeSpecifier" : {
               "localId" : "21",
               "locator" : "25:32-25:49",
               "type" : "IntervalTypeSpecifier",
               "pointType" : {
                  "localId" : "20",
                  "locator" : "25:41-25:48",
                  "name" : "{urn:hl7-org:elm-types:r1}DateTime",
                  "type" : "NamedTypeSpecifier"
               }
            }
         } ]
      },
      "valueSets" : {
         "def" : [ {
            "localId" : "6",
            "locator" : "10:1-10:74",
            "name" : "Annual Wellness Visit",
            "id" : "urn:oid:2.16.840.1.113883.3.526.3.1240",
            "accessLevel" : "Public",
            "annotation" : [ {
               "type" : "Annotation",
               "s" : {
                  "r" : "6",
                  "s" : [ {
                     "value" : [ "","valueset ","\"Annual Wellness Visit\"",": ","'urn:oid:2.16.840.1.113883.3.526.3.1240'" ]
                  } ]
               }
            } ]
         }, {
            "localId" : "7",
            "locator" : "11:1-11:71",
            "name" : "Diabetes",
            "id" : "urn:oid:2.16.840.1.113883.3.464.1003.103.12.1001",
            "accessLevel" : "Public",
            "annotation" : [ {
               "type" : "Annotation",
               "s" : {
                  "r" : "7",
                  "s" : [ {
                     "value" : [ "","valueset ","\"Diabetes\"",": ","'urn:oid:2.16.840.1.113883.3.464.1003.103.12.1001'" ]
                  } ]
               }
            } ]
         }, {
            "localId" : "8",
            "locator" : "12:1-12:72",
            "name" : "Diabetic Retinopathy",
            "id" : "urn:oid:2.16.840.1.113883.3.526.3.327",
            "accessLevel" : "Public",
            "annotation" : [ {
               "type" : "Annotation",
               "s" : {
                  "r" : "8",
                  "s" : [ {
                     "value" : [ "","valueset ","\"Diabetic Retinopathy\"",": ","'urn:oid:2.16.840.1.113883.3.526.3.327'" ]
                  } ]
               }
            } ]
         }, {
            "localId" : "9",
            "locator" : "13:1-13:58",
            "name" : "Ethnicity",
            "id" : "urn:oid:2.16.840.1.114222.4.11.837",
            "accessLevel" : "Public",
            "annotation" : [ {
               "type" : "Annotation",
               "s" : {
                  "r" : "9",
                  "s" : [ {
                     "value" : [ "","valueset ","\"Ethnicity\"",": ","'urn:oid:2.16.840.1.114222.4.11.837'" ]
                  } ]
               }
            } ]
         }, {
            "localId" : "10",
            "locator" : "14:1-14:87",
            "name" : "Home Healthcare Services",
            "id" : "urn:oid:2.16.840.1.113883.3.464.1003.101.12.1016",
            "accessLevel" : "Public",
            "annotation" : [ {
               "type" : "Annotation",
               "s" : {
                  "r" : "10",
                  "s" : [ {
                     "value" : [ "","valueset ","\"Home Healthcare Services\"",": ","'urn:oid:2.16.840.1.113883.3.464.1003.101.12.1016'" ]
                  } ]
               }
            } ]
         }, {
            "localId" : "11",
            "locator" : "15:1-15:75",
            "name" : "Office Visit",
            "id" : "urn:oid:2.16.840.1.113883.3.464.1003.101.12.1001",
            "accessLevel" : "Public",
            "annotation" : [ {
               "type" : "Annotation",
               "s" : {
                  "r" : "11",
                  "s" : [ {
                     "value" : [ "","valueset ","\"Office Visit\"",": ","'urn:oid:2.16.840.1.113883.3.464.1003.101.12.1001'" ]
                  } ]
               }
            } ]
         }, {
            "localId" : "12",
            "locator" : "16:1-16:68",
            "name" : "ONC Administrative Sex",
            "id" : "urn:oid:2.16.840.1.113762.1.4.1",
            "accessLevel" : "Public",
            "annotation" : [ {
               "type" : "Annotation",
               "s" : {
                  "r" : "12",
                  "s" : [ {
                     "value" : [ "","valueset ","\"ONC Administrative Sex\"",": ","'urn:oid:2.16.840.1.113762.1.4.1'" ]
                  } ]
               }
            } ]
         }, {
            "localId" : "13",
            "locator" : "17:1-17:78",
            "name" : "Ophthalmological Services",
            "id" : "urn:oid:2.16.840.1.113883.3.526.3.1285",
            "accessLevel" : "Public",
            "annotation" : [ {
               "type" : "Annotation",
               "s" : {
                  "r" : "13",
                  "s" : [ {
                     "value" : [ "","valueset ","\"Ophthalmological Services\"",": ","'urn:oid:2.16.840.1.113883.3.526.3.1285'" ]
                  } ]
               }
            } ]
         }, {
            "localId" : "14",
            "locator" : "18:1-18:55",
            "name" : "Payer",
            "id" : "urn:oid:2.16.840.1.114222.4.11.3591",
            "accessLevel" : "Public",
            "annotation" : [ {
               "type" : "Annotation",
               "s" : {
                  "r" : "14",
                  "s" : [ {
                     "value" : [ "","valueset ","\"Payer\"",": ","'urn:oid:2.16.840.1.114222.4.11.3591'" ]
                  } ]
               }
            } ]
         }, {
            "localId" : "15",
            "locator" : "19:1-19:123",
            "name" : "Preventive Care Services Established Office Visit, 18 and Up",
            "id" : "urn:oid:2.16.840.1.113883.3.464.1003.101.12.1025",
            "accessLevel" : "Public",
            "annotation" : [ {
               "type" : "Annotation",
               "s" : {
                  "r" : "15",
                  "s" : [ {
                     "value" : [ "","valueset ","\"Preventive Care Services Established Office Visit, 18 and Up\"",": ","'urn:oid:2.16.840.1.113883.3.464.1003.101.12.1025'" ]
                  } ]
               }
            } ]
         }, {
            "localId" : "16",
            "locator" : "20:1-20:119",
            "name" : "Preventive Care Services Initial Office Visit, 18 and Up",
            "id" : "urn:oid:2.16.840.1.113883.3.464.1003.101.12.1023",
            "accessLevel" : "Public",
            "annotation" : [ {
               "type" : "Annotation",
               "s" : {
                  "r" : "16",
                  "s" : [ {
                     "value" : [ "","valueset ","\"Preventive Care Services Initial Office Visit, 18 and Up\"",": ","'urn:oid:2.16.840.1.113883.3.464.1003.101.12.1023'" ]
                  } ]
               }
            } ]
         }, {
            "localId" : "17",
            "locator" : "21:1-21:53",
            "name" : "Race",
            "id" : "urn:oid:2.16.840.1.114222.4.11.836",
            "accessLevel" : "Public",
            "annotation" : [ {
               "type" : "Annotation",
               "s" : {
                  "r" : "17",
                  "s" : [ {
                     "value" : [ "","valueset ","\"Race\"",": ","'urn:oid:2.16.840.1.114222.4.11.836'" ]
                  } ]
               }
            } ]
         }, {
            "localId" : "18",
            "locator" : "22:1-22:90",
            "name" : "Retinal or Dilated Eye Exam",
            "id" : "urn:oid:2.16.840.1.113883.3.464.1003.115.12.1088",
            "accessLevel" : "Public",
            "annotation" : [ {
               "type" : "Annotation",
               "s" : {
                  "r" : "18",
                  "s" : [ {
                     "value" : [ "","valueset ","\"Retinal or Dilated Eye Exam\"",": ","'urn:oid:2.16.840.1.113883.3.464.1003.115.12.1088'" ]
                  } ]
               }
            } ]
         }, {
            "localId" : "19",
            "locator" : "23:1-23:79",
            "name" : "Telephone Visits",
            "id" : "urn:oid:2.16.840.1.113883.3.464.1003.101.12.1080",
            "accessLevel" : "Public",
            "annotation" : [ {
               "type" : "Annotation",
               "s" : {
                  "r" : "19",
                  "s" : [ {
                     "value" : [ "","valueset ","\"Telephone Visits\"",": ","'urn:oid:2.16.840.1.113883.3.464.1003.101.12.1080'" ]
                  } ]
               }
            } ]
         } ]
      },
      "contexts" : {
         "def" : [ {
            "locator" : "27:1-27:15",
            "name" : "Patient"
         } ]
      },
      "statements" : {
         "def" : [ {
            "locator" : "27:1-27:15",
            "name" : "Patient",
            "context" : "Patient",
            "expression" : {
               "type" : "SingletonFrom",
               "operand" : {
                  "locator" : "27:1-27:15",
                  "dataType" : "{urn:healthit-gov:qdm:v5_6}Patient",
                  "templateId" : "Patient",
                  "type" : "Retrieve"
               }
            }
         }, {
            "localId" : "24",
            "locator" : "29:1-30:51",
            "name" : "SDE Ethnicity",
            "context" : "Patient",
            "accessLevel" : "Public",
            "annotation" : [ {
               "type" : "Annotation",
               "s" : {
                  "r" : "24",
                  "s" : [ {
                     "value" : [ "","define ","\"SDE Ethnicity\"",":\n  " ]
                  }, {
                     "r" : "23",
                     "s" : [ {
                        "value" : [ "[","\"Patient Characteristic Ethnicity\"",": " ]
                     }, {
                        "s" : [ {
                           "value" : [ "\"Ethnicity\"" ]
                        } ]
                     }, {
                        "value" : [ "]" ]
                     } ]
                  } ]
               }
            } ],
            "expression" : {
               "localId" : "23",
               "locator" : "30:3-30:51",
               "dataType" : "{urn:healthit-gov:qdm:v5_6}PatientCharacteristicEthnicity",
               "codeProperty" : "code",
               "codeComparator" : "in",
               "type" : "Retrieve",
               "codes" : {
                  "locator" : "30:40-30:50",
                  "name" : "Ethnicity",
                  "type" : "ValueSetRef"
               }
            }
         }, {
            "localId" : "26",
            "locator" : "32:1-33:43",
            "name" : "SDE Payer",
            "context" : "Patient",
            "accessLevel" : "Public",
            "annotation" : [ {
               "type" : "Annotation",
               "s" : {
                  "r" : "26",
                  "s" : [ {
                     "value" : [ "","define ","\"SDE Payer\"",":\n  " ]
                  }, {
                     "r" : "25",
                     "s" : [ {
                        "value" : [ "[","\"Patient Characteristic Payer\"",": " ]
                     }, {
                        "s" : [ {
                           "value" : [ "\"Payer\"" ]
                        } ]
                     }, {
                        "value" : [ "]" ]
                     } ]
                  } ]
               }
            } ],
            "expression" : {
               "localId" : "25",
               "locator" : "33:3-33:43",
               "dataType" : "{urn:healthit-gov:qdm:v5_6}PatientCharacteristicPayer",
               "codeProperty" : "code",
               "codeComparator" : "in",
               "type" : "Retrieve",
               "codes" : {
                  "locator" : "33:36-33:42",
                  "name" : "Payer",
                  "type" : "ValueSetRef"
               }
            }
         }, {
            "localId" : "28",
            "locator" : "35:1-36:41",
            "name" : "SDE Race",
            "context" : "Patient",
            "accessLevel" : "Public",
            "annotation" : [ {
               "type" : "Annotation",
               "s" : {
                  "r" : "28",
                  "s" : [ {
                     "value" : [ "","define ","\"SDE Race\"",":\n  " ]
                  }, {
                     "r" : "27",
                     "s" : [ {
                        "value" : [ "[","\"Patient Characteristic Race\"",": " ]
                     }, {
                        "s" : [ {
                           "value" : [ "\"Race\"" ]
                        } ]
                     }, {
                        "value" : [ "]" ]
                     } ]
                  } ]
               }
            } ],
            "expression" : {
               "localId" : "27",
               "locator" : "36:3-36:41",
               "dataType" : "{urn:healthit-gov:qdm:v5_6}PatientCharacteristicRace",
               "codeProperty" : "code",
               "codeComparator" : "in",
               "type" : "Retrieve",
               "codes" : {
                  "locator" : "36:35-36:40",
                  "name" : "Race",
                  "type" : "ValueSetRef"
               }
            }
         }, {
            "localId" : "30",
            "locator" : "38:1-39:58",
            "name" : "SDE Sex",
            "context" : "Patient",
            "accessLevel" : "Public",
            "annotation" : [ {
               "type" : "Annotation",
               "s" : {
                  "r" : "30",
                  "s" : [ {
                     "value" : [ "","define ","\"SDE Sex\"",":\n  " ]
                  }, {
                     "r" : "29",
                     "s" : [ {
                        "value" : [ "[","\"Patient Characteristic Sex\"",": " ]
                     }, {
                        "s" : [ {
                           "value" : [ "\"ONC Administrative Sex\"" ]
                        } ]
                     }, {
                        "value" : [ "]" ]
                     } ]
                  } ]
               }
            } ],
            "expression" : {
               "localId" : "29",
               "locator" : "39:3-39:58",
               "dataType" : "{urn:healthit-gov:qdm:v5_6}PatientCharacteristicSex",
               "codeProperty" : "code",
               "codeComparator" : "in",
               "type" : "Retrieve",
               "codes" : {
                  "locator" : "39:34-39:57",
                  "name" : "ONC Administrative Sex",
                  "type" : "ValueSetRef"
               }
            }
         }, {
            "localId" : "58",
            "locator" : "75:1-83:75",
            "name" : "Qualifying Encounters",
            "context" : "Patient",
            "accessLevel" : "Public",
            "annotation" : [ {
               "type" : "Annotation",
               "s" : {
                  "r" : "58",
                  "s" : [ {
                     "value" : [ "","define ","\"Qualifying Encounters\"",":\n  " ]
                  }, {
                     "r" : "57",
                     "s" : [ {
                        "s" : [ {
                           "r" : "52",
                           "s" : [ {
                              "r" : "51",
                              "s" : [ {
                                 "value" : [ "( " ]
                              }, {
                                 "r" : "51",
                                 "s" : [ {
                                    "r" : "49",
                                    "s" : [ {
                                       "r" : "47",
                                       "s" : [ {
                                          "r" : "45",
                                          "s" : [ {
                                             "r" : "43",
                                             "s" : [ {
                                                "r" : "41",
                                                "s" : [ {
                                                   "r" : "39",
                                                   "s" : [ {
                                                      "value" : [ "[","\"Encounter, Performed\"",": " ]
                                                   }, {
                                                      "s" : [ {
                                                         "value" : [ "\"Office Visit\"" ]
                                                      } ]
                                                   }, {
                                                      "value" : [ "]" ]
                                                   } ]
                                                }, {
                                                   "value" : [ "\n    union " ]
                                                }, {
                                                   "r" : "40",
                                                   "s" : [ {
                                                      "value" : [ "[","\"Encounter, Performed\"",": " ]
                                                   }, {
                                                      "s" : [ {
                                                         "value" : [ "\"Annual Wellness Visit\"" ]
                                                      } ]
                                                   }, {
                                                      "value" : [ "]" ]
                                                   } ]
                                                } ]
                                             }, {
                                                "value" : [ "\n    union " ]
                                             }, {
                                                "r" : "42",
                                                "s" : [ {
                                                   "value" : [ "[","\"Encounter, Performed\"",": " ]
                                                }, {
                                                   "s" : [ {
                                                      "value" : [ "\"Preventive Care Services Established Office Visit, 18 and Up\"" ]
                                                   } ]
                                                }, {
                                                   "value" : [ "]" ]
                                                } ]
                                             } ]
                                          }, {
                                             "value" : [ "\n    union " ]
                                          }, {
                                             "r" : "44",
                                             "s" : [ {
                                                "value" : [ "[","\"Encounter, Performed\"",": " ]
                                             }, {
                                                "s" : [ {
                                                   "value" : [ "\"Preventive Care Services Initial Office Visit, 18 and Up\"" ]
                                                } ]
                                             }, {
                                                "value" : [ "]" ]
                                             } ]
                                          } ]
                                       }, {
                                          "value" : [ "\n    union " ]
                                       }, {
                                          "r" : "46",
                                          "s" : [ {
                                             "value" : [ "[","\"Encounter, Performed\"",": " ]
                                          }, {
                                             "s" : [ {
                                                "value" : [ "\"Home Healthcare Services\"" ]
                                             } ]
                                          }, {
                                             "value" : [ "]" ]
                                          } ]
                                       } ]
                                    }, {
                                       "value" : [ "\n    union " ]
                                    }, {
                                       "r" : "48",
                                       "s" : [ {
                                          "value" : [ "[","\"Encounter, Performed\"",": " ]
                                       }, {
                                          "s" : [ {
                                             "value" : [ "\"Ophthalmological Services\"" ]
                                          } ]
                                       }, {
                                          "value" : [ "]" ]
                                       } ]
                                    } ]
                                 }, {
                                    "value" : [ "\n    union " ]
                                 }, {
                                    "r" : "50",
                                    "s" : [ {
                                       "value" : [ "[","\"Encounter, Performed\"",": " ]
                                    }, {
                                       "s" : [ {
                                          "value" : [ "\"Telephone Visits\"" ]
                                       } ]
                                    }, {
                                       "value" : [ "]" ]
                                    } ]
                                 } ]
                              }, {
                                 "value" : [ " )" ]
                              } ]
                           }, {
                              "value" : [ " ","ValidEncounters" ]
                           } ]
                        } ]
                     }, {
                        "value" : [ "\n    " ]
                     }, {
                        "r" : "56",
                        "s" : [ {
                           "value" : [ "where " ]
                        }, {
                           "r" : "56",
                           "s" : [ {
                              "r" : "54",
                              "s" : [ {
                                 "r" : "53",
                                 "s" : [ {
                                    "value" : [ "ValidEncounters" ]
                                 } ]
                              }, {
                                 "value" : [ "." ]
                              }, {
                                 "r" : "54",
                                 "s" : [ {
                                    "value" : [ "relevantPeriod" ]
                                 } ]
                              } ]
                           }, {
                              "r" : "56",
                              "value" : [ " ","during day of"," " ]
                           }, {
                              "r" : "55",
                              "s" : [ {
                                 "value" : [ "\"Measurement Period\"" ]
                              } ]
                           } ]
                        } ]
                     } ]
                  } ]
               }
            } ],
            "expression" : {
               "localId" : "57",
               "locator" : "76:3-83:75",
               "type" : "Query",
               "source" : [ {
                  "localId" : "52",
                  "locator" : "76:3-82:72",
                  "alias" : "ValidEncounters",
                  "expression" : {
                     "localId" : "51",
                     "locator" : "76:3-82:56",
                     "type" : "Union",
                     "operand" : [ {
                        "localId" : "49",
                        "locator" : "76:5-81:63",
                        "type" : "Union",
                        "operand" : [ {
                           "localId" : "45",
                           "locator" : "76:5-79:94",
                           "type" : "Union",
                           "operand" : [ {
                              "localId" : "41",
                              "locator" : "76:5-77:59",
                              "type" : "Union",
                              "operand" : [ {
                                 "localId" : "39",
                                 "locator" : "76:5-76:44",
                                 "dataType" : "{urn:healthit-gov:qdm:v5_6}PositiveEncounterPerformed",
                                 "templateId" : "PositiveEncounterPerformed",
                                 "codeProperty" : "code",
                                 "codeComparator" : "in",
                                 "type" : "Retrieve",
                                 "codes" : {
                                    "locator" : "76:30-76:43",
                                    "name" : "Office Visit",
                                    "type" : "ValueSetRef"
                                 }
                              }, {
                                 "localId" : "40",
                                 "locator" : "77:11-77:59",
                                 "dataType" : "{urn:healthit-gov:qdm:v5_6}PositiveEncounterPerformed",
                                 "templateId" : "PositiveEncounterPerformed",
                                 "codeProperty" : "code",
                                 "codeComparator" : "in",
                                 "type" : "Retrieve",
                                 "codes" : {
                                    "locator" : "77:36-77:58",
                                    "name" : "Annual Wellness Visit",
                                    "type" : "ValueSetRef"
                                 }
                              } ]
                           }, {
                              "type" : "Union",
                              "operand" : [ {
                                 "localId" : "42",
                                 "locator" : "78:11-78:98",
                                 "dataType" : "{urn:healthit-gov:qdm:v5_6}PositiveEncounterPerformed",
                                 "templateId" : "PositiveEncounterPerformed",
                                 "codeProperty" : "code",
                                 "codeComparator" : "in",
                                 "type" : "Retrieve",
                                 "codes" : {
                                    "locator" : "78:36-78:97",
                                    "name" : "Preventive Care Services Established Office Visit, 18 and Up",
                                    "type" : "ValueSetRef"
                                 }
                              }, {
                                 "localId" : "44",
                                 "locator" : "79:11-79:94",
                                 "dataType" : "{urn:healthit-gov:qdm:v5_6}PositiveEncounterPerformed",
                                 "templateId" : "PositiveEncounterPerformed",
                                 "codeProperty" : "code",
                                 "codeComparator" : "in",
                                 "type" : "Retrieve",
                                 "codes" : {
                                    "locator" : "79:36-79:93",
                                    "name" : "Preventive Care Services Initial Office Visit, 18 and Up",
                                    "type" : "ValueSetRef"
                                 }
                              } ]
                           } ]
                        }, {
                           "type" : "Union",
                           "operand" : [ {
                              "localId" : "46",
                              "locator" : "80:11-80:62",
                              "dataType" : "{urn:healthit-gov:qdm:v5_6}PositiveEncounterPerformed",
                              "templateId" : "PositiveEncounterPerformed",
                              "codeProperty" : "code",
                              "codeComparator" : "in",
                              "type" : "Retrieve",
                              "codes" : {
                                 "locator" : "80:36-80:61",
                                 "name" : "Home Healthcare Services",
                                 "type" : "ValueSetRef"
                              }
                           }, {
                              "localId" : "48",
                              "locator" : "81:11-81:63",
                              "dataType" : "{urn:healthit-gov:qdm:v5_6}PositiveEncounterPerformed",
                              "templateId" : "PositiveEncounterPerformed",
                              "codeProperty" : "code",
                              "codeComparator" : "in",
                              "type" : "Retrieve",
                              "codes" : {
                                 "locator" : "81:36-81:62",
                                 "name" : "Ophthalmological Services",
                                 "type" : "ValueSetRef"
                              }
                           } ]
                        } ]
                     }, {
                        "localId" : "50",
                        "locator" : "82:11-82:54",
                        "dataType" : "{urn:healthit-gov:qdm:v5_6}PositiveEncounterPerformed",
                        "templateId" : "PositiveEncounterPerformed",
                        "codeProperty" : "code",
                        "codeComparator" : "in",
                        "type" : "Retrieve",
                        "codes" : {
                           "locator" : "82:36-82:53",
                           "name" : "Telephone Visits",
                           "type" : "ValueSetRef"
                        }
                     } ]
                  }
               } ],
               "relationship" : [ ],
               "where" : {
                  "localId" : "56",
                  "locator" : "83:5-83:75",
                  "precision" : "Day",
                  "type" : "IncludedIn",
                  "operand" : [ {
                     "localId" : "54",
                     "locator" : "83:11-83:40",
                     "path" : "relevantPeriod",
                     "scope" : "ValidEncounters",
                     "type" : "Property"
                  }, {
                     "localId" : "55",
                     "locator" : "83:56-83:75",
                     "name" : "Measurement Period",
                     "type" : "ParameterRef"
                  } ]
               }
            }
         }, {
            "localId" : "71",
            "locator" : "66:1-73:5",
            "name" : "Initial Population",
            "context" : "Patient",
            "accessLevel" : "Public",
            "annotation" : [ {
               "type" : "Annotation",
               "s" : {
                  "r" : "71",
                  "s" : [ {
                     "value" : [ "","define ","\"Initial Population\"",":\n  " ]
                  }, {
                     "r" : "70",
                     "s" : [ {
                        "r" : "61",
                        "s" : [ {
                           "r" : "38",
                           "s" : [ {
                              "r" : "34",
                              "s" : [ {
                                 "value" : [ "AgeInYearsAt","(" ]
                              }, {
                                 "r" : "33",
                                 "s" : [ {
                                    "value" : [ "date from \n    " ]
                                 }, {
                                    "r" : "32",
                                    "s" : [ {
                                       "value" : [ "end of " ]
                                    }, {
                                       "r" : "31",
                                       "s" : [ {
                                          "value" : [ "\"Measurement Period\"" ]
                                       } ]
                                    } ]
                                 } ]
                              }, {
                                 "value" : [ "\n  )" ]
                              } ]
                           }, {
                              "value" : [ "in " ]
                           }, {
                              "r" : "37",
                              "s" : [ {
                                 "r" : "35",
                                 "value" : [ "Interval[","18",", ","75","]" ]
                              } ]
                           } ]
                        }, {
                           "value" : [ "\n    and " ]
                        }, {
                           "r" : "60",
                           "s" : [ {
                              "value" : [ "exists " ]
                           }, {
                              "r" : "59",
                              "s" : [ {
                                 "value" : [ "( " ]
                              }, {
                                 "r" : "59",
                                 "s" : [ {
                                    "value" : [ "\"Qualifying Encounters\"" ]
                                 } ]
                              }, {
                                 "value" : [ " )" ]
                              } ]
                           } ]
                        } ]
                     }, {
                        "value" : [ "\n    and " ]
                     }, {
                        "r" : "69",
                        "s" : [ {
                           "value" : [ "exists " ]
                        }, {
                           "r" : "68",
                           "s" : [ {
                              "value" : [ "( " ]
                           }, {
                              "r" : "68",
                              "s" : [ {
                                 "s" : [ {
                                    "r" : "63",
                                    "s" : [ {
                                       "r" : "62",
                                       "s" : [ {
                                          "r" : "62",
                                          "s" : [ {
                                             "value" : [ "[","\"Diagnosis\"",": " ]
                                          }, {
                                             "s" : [ {
                                                "value" : [ "\"Diabetes\"" ]
                                             } ]
                                          }, {
                                             "value" : [ "]" ]
                                          } ]
                                       } ]
                                    }, {
                                       "value" : [ " ","Diabetes" ]
                                    } ]
                                 } ]
                              }, {
                                 "value" : [ "\n        " ]
                              }, {
                                 "r" : "67",
                                 "s" : [ {
                                    "value" : [ "where " ]
                                 }, {
                                    "r" : "67",
                                    "s" : [ {
                                       "r" : "65",
                                       "s" : [ {
                                          "r" : "64",
                                          "s" : [ {
                                             "value" : [ "Diabetes" ]
                                          } ]
                                       }, {
                                          "value" : [ "." ]
                                       }, {
                                          "r" : "65",
                                          "s" : [ {
                                             "value" : [ "prevalencePeriod" ]
                                          } ]
                                       } ]
                                    }, {
                                       "r" : "67",
                                       "value" : [ " ","overlaps"," " ]
                                    }, {
                                       "r" : "66",
                                       "s" : [ {
                                          "value" : [ "\"Measurement Period\"" ]
                                       } ]
                                    } ]
                                 } ]
                              } ]
                           }, {
                              "value" : [ "\n    )" ]
                           } ]
                        } ]
                     } ]
                  } ]
               }
            } ],
            "expression" : {
               "localId" : "70",
               "locator" : "67:3-73:5",
               "type" : "And",
               "operand" : [ {
                  "localId" : "61",
                  "locator" : "67:3-70:42",
                  "type" : "And",
                  "operand" : [ {
                     "localId" : "38",
                     "locator" : "67:3-69:22",
                     "type" : "In",
                     "operand" : [ {
                        "localId" : "34",
                        "locator" : "67:3-69:3",
                        "precision" : "Year",
                        "type" : "CalculateAgeAt",
                        "operand" : [ {
                           "type" : "ToDate",
                           "operand" : {
                              "path" : "birthDatetime",
                              "type" : "Property",
                              "source" : {
                                 "name" : "Patient",
                                 "type" : "ExpressionRef"
                              }
                           }
                        }, {
                           "localId" : "33",
                           "locator" : "67:16-68:31",
                           "type" : "DateFrom",
                           "operand" : {
                              "localId" : "32",
                              "locator" : "68:5-68:31",
                              "type" : "End",
                              "operand" : {
                                 "localId" : "31",
                                 "locator" : "68:12-68:31",
                                 "name" : "Measurement Period",
                                 "type" : "ParameterRef"
                              }
                           }
                        } ]
                     }, {
                        "localId" : "37",
                        "locator" : "69:7-69:22",
                        "lowClosed" : true,
                        "highClosed" : true,
                        "type" : "Interval",
                        "low" : {
                           "localId" : "35",
                           "locator" : "69:16-69:17",
                           "valueType" : "{urn:hl7-org:elm-types:r1}Integer",
                           "value" : "18",
                           "type" : "Literal"
                        },
                        "high" : {
                           "localId" : "36",
                           "locator" : "69:20-69:21",
                           "valueType" : "{urn:hl7-org:elm-types:r1}Integer",
                           "value" : "75",
                           "type" : "Literal"
                        }
                     } ]
                  }, {
                     "localId" : "60",
                     "locator" : "70:9-70:42",
                     "type" : "Exists",
                     "operand" : {
                        "localId" : "59",
                        "locator" : "70:16-70:42",
                        "name" : "Qualifying Encounters",
                        "type" : "ExpressionRef"
                     }
                  } ]
               }, {
                  "localId" : "69",
                  "locator" : "71:9-73:5",
                  "type" : "Exists",
                  "operand" : {
                     "localId" : "68",
                     "locator" : "71:16-73:5",
                     "type" : "Query",
                     "source" : [ {
                        "localId" : "63",
                        "locator" : "71:18-71:51",
                        "alias" : "Diabetes",
                        "expression" : {
                           "localId" : "62",
                           "locator" : "71:18-71:42",
                           "dataType" : "{urn:healthit-gov:qdm:v5_6}Diagnosis",
                           "codeProperty" : "code",
                           "codeComparator" : "in",
                           "type" : "Retrieve",
                           "codes" : {
                              "locator" : "71:32-71:41",
                              "name" : "Diabetes",
                              "type" : "ValueSetRef"
                           }
                        }
                     } ],
                     "relationship" : [ ],
                     "where" : {
                        "localId" : "67",
                        "locator" : "72:9-72:69",
                        "type" : "Overlaps",
                        "operand" : [ {
                           "localId" : "65",
                           "locator" : "72:15-72:39",
                           "path" : "prevalencePeriod",
                           "scope" : "Diabetes",
                           "type" : "Property"
                        }, {
                           "localId" : "66",
                           "locator" : "72:50-72:69",
                           "name" : "Measurement Period",
                           "type" : "ParameterRef"
                        } ]
                     }
                  }
               } ]
            }
         }, {
            "localId" : "73",
            "locator" : "41:1-42:22",
            "name" : "Denominator",
            "context" : "Patient",
            "accessLevel" : "Public",
            "annotation" : [ {
               "type" : "Annotation",
               "s" : {
                  "r" : "73",
                  "s" : [ {
                     "value" : [ "","define ","\"Denominator\"",":\n  " ]
                  }, {
                     "r" : "72",
                     "s" : [ {
                        "value" : [ "\"Initial Population\"" ]
                     } ]
                  } ]
               }
            } ],
            "expression" : {
               "localId" : "72",
               "locator" : "42:3-42:22",
               "name" : "Initial Population",
               "type" : "ExpressionRef"
            }
         }, {
            "localId" : "82",
            "locator" : "52:1-55:3",
            "name" : "Diabetic Retinopathy Overlapping Measurement Period",
            "context" : "Patient",
            "accessLevel" : "Public",
            "annotation" : [ {
               "type" : "Annotation",
               "s" : {
                  "r" : "82",
                  "s" : [ {
                     "value" : [ "","define ","\"Diabetic Retinopathy Overlapping Measurement Period\"",":\n  " ]
                  }, {
                     "r" : "81",
                     "s" : [ {
                        "value" : [ "exists " ]
                     }, {
                        "r" : "80",
                        "s" : [ {
                           "value" : [ "( " ]
                        }, {
                           "r" : "80",
                           "s" : [ {
                              "s" : [ {
                                 "r" : "75",
                                 "s" : [ {
                                    "r" : "74",
                                    "s" : [ {
                                       "r" : "74",
                                       "s" : [ {
                                          "value" : [ "[","\"Diagnosis\"",": " ]
                                       }, {
                                          "s" : [ {
                                             "value" : [ "\"Diabetic Retinopathy\"" ]
                                          } ]
                                       }, {
                                          "value" : [ "]" ]
                                       } ]
                                    } ]
                                 }, {
                                    "value" : [ " ","Retinopathy" ]
                                 } ]
                              } ]
                           }, {
                              "value" : [ "\n      " ]
                           }, {
                              "r" : "79",
                              "s" : [ {
                                 "value" : [ "where " ]
                              }, {
                                 "r" : "79",
                                 "s" : [ {
                                    "r" : "77",
                                    "s" : [ {
                                       "r" : "76",
                                       "s" : [ {
                                          "value" : [ "Retinopathy" ]
                                       } ]
                                    }, {
                                       "value" : [ "." ]
                                    }, {
                                       "r" : "77",
                                       "s" : [ {
                                          "value" : [ "prevalencePeriod" ]
                                       } ]
                                    } ]
                                 }, {
                                    "r" : "79",
                                    "value" : [ " ","overlaps"," " ]
                                 }, {
                                    "r" : "78",
                                    "s" : [ {
                                       "value" : [ "\"Measurement Period\"" ]
                                    } ]
                                 } ]
                              } ]
                           } ]
                        }, {
                           "value" : [ "\n  )" ]
                        } ]
                     } ]
                  } ]
               }
            } ],
            "expression" : {
               "localId" : "81",
               "locator" : "53:3-55:3",
               "type" : "Exists",
               "operand" : {
                  "localId" : "80",
                  "locator" : "53:10-55:3",
                  "type" : "Query",
                  "source" : [ {
                     "localId" : "75",
                     "locator" : "53:12-53:60",
                     "alias" : "Retinopathy",
                     "expression" : {
                        "localId" : "74",
                        "locator" : "53:12-53:48",
                        "dataType" : "{urn:healthit-gov:qdm:v5_6}Diagnosis",
                        "codeProperty" : "code",
                        "codeComparator" : "in",
                        "type" : "Retrieve",
                        "codes" : {
                           "locator" : "53:26-53:47",
                           "name" : "Diabetic Retinopathy",
                           "type" : "ValueSetRef"
                        }
                     }
                  } ],
                  "relationship" : [ ],
                  "where" : {
                     "localId" : "79",
                     "locator" : "54:7-54:70",
                     "type" : "Overlaps",
                     "operand" : [ {
                        "localId" : "77",
                        "locator" : "54:13-54:40",
                        "path" : "prevalencePeriod",
                        "scope" : "Retinopathy",
                        "type" : "Property"
                     }, {
                        "localId" : "78",
                        "locator" : "54:51-54:70",
                        "name" : "Measurement Period",
                        "type" : "ParameterRef"
                     } ]
                  }
               }
            }
         }, {
            "localId" : "95",
            "locator" : "57:1-59:132",
            "name" : "Retinal Exam in Measurement Period",
            "context" : "Patient",
            "accessLevel" : "Public",
            "annotation" : [ {
               "type" : "Annotation",
               "s" : {
                  "r" : "95",
                  "s" : [ {
                     "value" : [ "","define ","\"Retinal Exam in Measurement Period\"",":\n  " ]
                  }, {
                     "r" : "94",
                     "s" : [ {
                        "s" : [ {
                           "r" : "85",
                           "s" : [ {
                              "r" : "84",
                              "s" : [ {
                                 "r" : "84",
                                 "s" : [ {
                                    "value" : [ "[","\"Physical Exam, Performed\"",": " ]
                                 }, {
                                    "s" : [ {
                                       "value" : [ "\"Retinal or Dilated Eye Exam\"" ]
                                    } ]
                                 }, {
                                    "value" : [ "]" ]
                                 } ]
                              } ]
                           }, {
                              "value" : [ " ","RetinalExam" ]
                           } ]
                        } ]
                     }, {
                        "value" : [ "\n    " ]
                     }, {
                        "r" : "93",
                        "s" : [ {
                           "value" : [ "where " ]
                        }, {
                           "r" : "93",
                           "s" : [ {
                              "r" : "91",
                              "s" : [ {
                                 "r" : "86",
                                 "s" : [ {
                                    "value" : [ "Global" ]
                                 } ]
                              }, {
                                 "value" : [ "." ]
                              }, {
                                 "r" : "91",
                                 "s" : [ {
                                    "value" : [ "\"NormalizeInterval\""," ( " ]
                                 }, {
                                    "r" : "88",
                                    "s" : [ {
                                       "r" : "87",
                                       "s" : [ {
                                          "value" : [ "RetinalExam" ]
                                       } ]
                                    }, {
                                       "value" : [ "." ]
                                    }, {
                                       "r" : "88",
                                       "s" : [ {
                                          "value" : [ "relevantDatetime" ]
                                       } ]
                                    } ]
                                 }, {
                                    "value" : [ ", " ]
                                 }, {
                                    "r" : "90",
                                    "s" : [ {
                                       "r" : "89",
                                       "s" : [ {
                                          "value" : [ "RetinalExam" ]
                                       } ]
                                    }, {
                                       "value" : [ "." ]
                                    }, {
                                       "r" : "90",
                                       "s" : [ {
                                          "value" : [ "relevantPeriod" ]
                                       } ]
                                    } ]
                                 }, {
                                    "value" : [ " )" ]
                                 } ]
                              } ]
                           }, {
                              "r" : "93",
                              "value" : [ " ","during day of"," " ]
                           }, {
                              "r" : "92",
                              "s" : [ {
                                 "value" : [ "\"Measurement Period\"" ]
                              } ]
                           } ]
                        } ]
                     } ]
                  } ]
               }
            } ],
            "expression" : {
               "localId" : "94",
               "locator" : "58:3-59:132",
               "type" : "Query",
               "source" : [ {
                  "localId" : "85",
                  "locator" : "58:3-58:73",
                  "alias" : "RetinalExam",
                  "expression" : {
                     "localId" : "84",
                     "locator" : "58:3-58:61",
                     "dataType" : "{urn:healthit-gov:qdm:v5_6}PositivePhysicalExamPerformed",
                     "templateId" : "PositivePhysicalExamPerformed",
                     "codeProperty" : "code",
                     "codeComparator" : "in",
                     "type" : "Retrieve",
                     "codes" : {
                        "locator" : "58:32-58:60",
                        "name" : "Retinal or Dilated Eye Exam",
                        "type" : "ValueSetRef"
                     }
                  }
               } ],
               "relationship" : [ ],
               "where" : {
                  "localId" : "93",
                  "locator" : "59:5-59:132",
                  "precision" : "Day",
                  "type" : "IncludedIn",
                  "operand" : [ {
                     "localId" : "91",
                     "locator" : "59:11-59:97",
                     "name" : "NormalizeInterval",
                     "libraryName" : "Global",
                     "type" : "FunctionRef",
                     "operand" : [ {
                        "localId" : "88",
                        "locator" : "59:40-59:67",
                        "path" : "relevantDatetime",
                        "scope" : "RetinalExam",
                        "type" : "Property"
                     }, {
                        "localId" : "90",
                        "locator" : "59:70-59:95",
                        "path" : "relevantPeriod",
                        "scope" : "RetinalExam",
                        "type" : "Property"
                     } ]
                  }, {
                     "localId" : "92",
                     "locator" : "59:113-59:132",
                     "name" : "Measurement Period",
                     "type" : "ParameterRef"
                  } ]
               }
            }
         }, {
            "localId" : "118",
            "locator" : "61:1-64:32",
            "name" : "Retinal Exam in Measurement Period or Year Prior",
            "context" : "Patient",
            "accessLevel" : "Public",
            "annotation" : [ {
               "type" : "Annotation",
               "s" : {
                  "r" : "118",
                  "s" : [ {
                     "value" : [ "","define ","\"Retinal Exam in Measurement Period or Year Prior\"",":\n  " ]
                  }, {
                     "r" : "117",
                     "s" : [ {
                        "s" : [ {
                           "r" : "102",
                           "s" : [ {
                              "r" : "101",
                              "s" : [ {
                                 "r" : "101",
                                 "s" : [ {
                                    "value" : [ "[","\"Physical Exam, Performed\"",": " ]
                                 }, {
                                    "s" : [ {
                                       "value" : [ "\"Retinal or Dilated Eye Exam\"" ]
                                    } ]
                                 }, {
                                    "value" : [ "]" ]
                                 } ]
                              } ]
                           }, {
                              "value" : [ " ","RetinalExam" ]
                           } ]
                        } ]
                     }, {
                        "value" : [ "\n    " ]
                     }, {
                        "r" : "116",
                        "s" : [ {
                           "value" : [ "where " ]
                        }, {
                           "r" : "116",
                           "s" : [ {
                              "r" : "108",
                              "s" : [ {
                                 "r" : "103",
                                 "s" : [ {
                                    "value" : [ "Global" ]
                                 } ]
                              }, {
                                 "value" : [ "." ]
                              }, {
                                 "r" : "108",
                                 "s" : [ {
                                    "value" : [ "\"NormalizeInterval\""," ( " ]
                                 }, {
                                    "r" : "105",
                                    "s" : [ {
                                       "r" : "104",
                                       "s" : [ {
                                          "value" : [ "RetinalExam" ]
                                       } ]
                                    }, {
                                       "value" : [ "." ]
                                    }, {
                                       "r" : "105",
                                       "s" : [ {
                                          "value" : [ "relevantDatetime" ]
                                       } ]
                                    } ]
                                 }, {
                                    "value" : [ ", " ]
                                 }, {
                                    "r" : "107",
                                    "s" : [ {
                                       "r" : "106",
                                       "s" : [ {
                                          "value" : [ "RetinalExam" ]
                                       } ]
                                    }, {
                                       "value" : [ "." ]
                                    }, {
                                       "r" : "107",
                                       "s" : [ {
                                          "value" : [ "relevantPeriod" ]
                                       } ]
                                    } ]
                                 }, {
                                    "value" : [ " )" ]
                                 } ]
                              } ]
                           }, {
                              "r" : "116",
                              "value" : [ " ","during day of"," " ]
                           }, {
                              "r" : "115",
                              "s" : [ {
                                 "value" : [ "Interval[" ]
                              }, {
                                 "r" : "112",
                                 "s" : [ {
                                    "r" : "110",
                                    "s" : [ {
                                       "value" : [ "start of " ]
                                    }, {
                                       "r" : "109",
                                       "s" : [ {
                                          "value" : [ "\"Measurement Period\"" ]
                                       } ]
                                    } ]
                                 }, {
                                    "value" : [ " - " ]
                                 }, {
                                    "r" : "111",
                                    "s" : [ {
                                       "value" : [ "1 ","year" ]
                                    } ]
                                 } ]
                              }, {
                                 "value" : [ ", \n    " ]
                              }, {
                                 "r" : "114",
                                 "s" : [ {
                                    "value" : [ "end of " ]
                                 }, {
                                    "r" : "113",
                                    "s" : [ {
                                       "value" : [ "\"Measurement Period\"" ]
                                    } ]
                                 } ]
                              }, {
                                 "value" : [ "]" ]
                              } ]
                           } ]
                        } ]
                     } ]
                  } ]
               }
            } ],
            "expression" : {
               "localId" : "117",
               "locator" : "62:3-64:32",
               "type" : "Query",
               "source" : [ {
                  "localId" : "102",
                  "locator" : "62:3-62:73",
                  "alias" : "RetinalExam",
                  "expression" : {
                     "localId" : "101",
                     "locator" : "62:3-62:61",
                     "dataType" : "{urn:healthit-gov:qdm:v5_6}PositivePhysicalExamPerformed",
                     "templateId" : "PositivePhysicalExamPerformed",
                     "codeProperty" : "code",
                     "codeComparator" : "in",
                     "type" : "Retrieve",
                     "codes" : {
                        "locator" : "62:32-62:60",
                        "name" : "Retinal or Dilated Eye Exam",
                        "type" : "ValueSetRef"
                     }
                  }
               } ],
               "relationship" : [ ],
               "where" : {
                  "localId" : "116",
                  "locator" : "63:5-64:32",
                  "precision" : "Day",
                  "type" : "IncludedIn",
                  "operand" : [ {
                     "localId" : "108",
                     "locator" : "63:11-63:97",
                     "name" : "NormalizeInterval",
                     "libraryName" : "Global",
                     "type" : "FunctionRef",
                     "operand" : [ {
                        "localId" : "105",
                        "locator" : "63:40-63:67",
                        "path" : "relevantDatetime",
                        "scope" : "RetinalExam",
                        "type" : "Property"
                     }, {
                        "localId" : "107",
                        "locator" : "63:70-63:95",
                        "path" : "relevantPeriod",
                        "scope" : "RetinalExam",
                        "type" : "Property"
                     } ]
                  }, {
                     "localId" : "115",
                     "locator" : "63:113-64:32",
                     "lowClosed" : true,
                     "highClosed" : true,
                     "type" : "Interval",
                     "low" : {
                        "localId" : "112",
                        "locator" : "63:122-63:159",
                        "type" : "Subtract",
                        "operand" : [ {
                           "localId" : "110",
                           "locator" : "63:122-63:150",
                           "type" : "Start",
                           "operand" : {
                              "localId" : "109",
                              "locator" : "63:131-63:150",
                              "name" : "Measurement Period",
                              "type" : "ParameterRef"
                           }
                        }, {
                           "localId" : "111",
                           "locator" : "63:154-63:159",
                           "value" : 1,
                           "unit" : "year",
                           "type" : "Quantity"
                        } ]
                     },
                     "high" : {
                        "localId" : "114",
                        "locator" : "64:5-64:31",
                        "type" : "End",
                        "operand" : {
                           "localId" : "113",
                           "locator" : "64:12-64:31",
                           "name" : "Measurement Period",
                           "type" : "ParameterRef"
                        }
                     }
                  } ]
               }
            }
         }, {
            "localId" : "123",
            "locator" : "44:1-50:5",
            "name" : "Numerator",
            "context" : "Patient",
            "accessLevel" : "Public",
            "annotation" : [ {
               "type" : "Annotation",
               "s" : {
                  "r" : "123",
                  "s" : [ {
                     "value" : [ "","define ","\"Numerator\"",":\n  " ]
                  }, {
                     "r" : "122",
                     "s" : [ {
                        "r" : "98",
                        "s" : [ {
                           "value" : [ "( " ]
                        }, {
                           "r" : "98",
                           "s" : [ {
                              "r" : "83",
                              "s" : [ {
                                 "value" : [ "\"Diabetic Retinopathy Overlapping Measurement Period\"" ]
                              } ]
                           }, {
                              "value" : [ "\n      and " ]
                           }, {
                              "r" : "97",
                              "s" : [ {
                                 "value" : [ "exists " ]
                              }, {
                                 "r" : "96",
                                 "s" : [ {
                                    "value" : [ "( " ]
                                 }, {
                                    "r" : "96",
                                    "s" : [ {
                                       "value" : [ "\"Retinal Exam in Measurement Period\"" ]
                                    } ]
                                 }, {
                                    "value" : [ " )" ]
                                 } ]
                              } ]
                           } ]
                        }, {
                           "value" : [ "\n  )" ]
                        } ]
                     }, {
                        "value" : [ "\n    or " ]
                     }, {
                        "r" : "121",
                        "s" : [ {
                           "value" : [ "( " ]
                        }, {
                           "r" : "121",
                           "s" : [ {
                              "r" : "100",
                              "s" : [ {
                                 "value" : [ "not " ]
                              }, {
                                 "r" : "99",
                                 "s" : [ {
                                    "value" : [ "( " ]
                                 }, {
                                    "r" : "99",
                                    "s" : [ {
                                       "value" : [ "\"Diabetic Retinopathy Overlapping Measurement Period\"" ]
                                    } ]
                                 }, {
                                    "value" : [ " )" ]
                                 } ]
                              } ]
                           }, {
                              "value" : [ "\n        and " ]
                           }, {
                              "r" : "120",
                              "s" : [ {
                                 "value" : [ "exists " ]
                              }, {
                                 "r" : "119",
                                 "s" : [ {
                                    "value" : [ "( " ]
                                 }, {
                                    "r" : "119",
                                    "s" : [ {
                                       "value" : [ "\"Retinal Exam in Measurement Period or Year Prior\"" ]
                                    } ]
                                 }, {
                                    "value" : [ " )" ]
                                 } ]
                              } ]
                           } ]
                        }, {
                           "value" : [ "\n    )" ]
                        } ]
                     } ]
                  } ]
               }
            } ],
            "expression" : {
               "localId" : "122",
               "locator" : "45:3-50:5",
               "type" : "Or",
               "operand" : [ {
                  "localId" : "98",
                  "locator" : "45:3-47:3",
                  "type" : "And",
                  "operand" : [ {
                     "localId" : "83",
                     "locator" : "45:5-45:57",
                     "name" : "Diabetic Retinopathy Overlapping Measurement Period",
                     "type" : "ExpressionRef"
                  }, {
                     "localId" : "97",
                     "locator" : "46:11-46:57",
                     "type" : "Exists",
                     "operand" : {
                        "localId" : "96",
                        "locator" : "46:18-46:57",
                        "name" : "Retinal Exam in Measurement Period",
                        "type" : "ExpressionRef"
                     }
                  } ]
               }, {
                  "localId" : "121",
                  "locator" : "48:8-50:5",
                  "type" : "And",
                  "operand" : [ {
                     "localId" : "100",
                     "locator" : "48:10-48:70",
                     "type" : "Not",
                     "operand" : {
                        "localId" : "99",
                        "locator" : "48:14-48:70",
                        "name" : "Diabetic Retinopathy Overlapping Measurement Period",
                        "type" : "ExpressionRef"
                     }
                  }, {
                     "localId" : "120",
                     "locator" : "49:13-49:73",
                     "type" : "Exists",
                     "operand" : {
                        "localId" : "119",
                        "locator" : "49:20-49:73",
                        "name" : "Retinal Exam in Measurement Period or Year Prior",
                        "type" : "ExpressionRef"
                     }
                  } ]
               } ]
            }
         }, {
            "localId" : "135",
            "locator" : "85:1-89:65",
            "name" : "Denominator Exclusions",
            "context" : "Patient",
            "accessLevel" : "Public",
            "annotation" : [ {
               "type" : "Annotation",
               "s" : {
                  "r" : "135",
                  "s" : [ {
                     "value" : [ "","define ","\"Denominator Exclusions\"",":\n  " ]
                  }, {
                     "r" : "134",
                     "s" : [ {
                        "r" : "131",
                        "s" : [ {
                           "r" : "128",
                           "s" : [ {
                              "r" : "125",
                              "s" : [ {
                                 "r" : "124",
                                 "s" : [ {
                                    "value" : [ "Hospice" ]
                                 } ]
                              }, {
                                 "value" : [ "." ]
                              }, {
                                 "r" : "125",
                                 "s" : [ {
                                    "value" : [ "\"Has Hospice Services\"" ]
                                 } ]
                              } ]
                           }, {
                              "value" : [ "\n    or " ]
                           }, {
                              "r" : "127",
                              "s" : [ {
                                 "r" : "126",
                                 "s" : [ {
                                    "value" : [ "AIFrailLTCF" ]
                                 } ]
                              }, {
                                 "value" : [ "." ]
                              }, {
                                 "r" : "127",
                                 "s" : [ {
                                    "value" : [ "\"Is Age 66 or Older with Advanced Illness and Frailty\"" ]
                                 } ]
                              } ]
                           } ]
                        }, {
                           "value" : [ "\n    or " ]
                        }, {
                           "r" : "130",
                           "s" : [ {
                              "r" : "129",
                              "s" : [ {
                                 "value" : [ "AIFrailLTCF" ]
                              } ]
                           }, {
                              "value" : [ "." ]
                           }, {
                              "r" : "130",
                              "s" : [ {
                                 "value" : [ "\"Is Age 66 or Older Living Long Term in a Nursing Home\"" ]
                              } ]
                           } ]
                        } ]
                     }, {
                        "value" : [ "\n    or " ]
                     }, {
                        "r" : "133",
                        "s" : [ {
                           "r" : "132",
                           "s" : [ {
                              "value" : [ "PalliativeCare" ]
                           } ]
                        }, {
                           "value" : [ "." ]
                        }, {
                           "r" : "133",
                           "s" : [ {
                              "value" : [ "\"Palliative Care in the Measurement Period\"" ]
                           } ]
                        } ]
                     } ]
                  } ]
               }
            } ],
            "expression" : {
               "localId" : "134",
               "locator" : "86:3-89:65",
               "type" : "Or",
               "operand" : [ {
                  "localId" : "131",
                  "locator" : "86:3-88:74",
                  "type" : "Or",
                  "operand" : [ {
                     "localId" : "128",
                     "locator" : "86:3-87:73",
                     "type" : "Or",
                     "operand" : [ {
                        "localId" : "125",
                        "locator" : "86:3-86:32",
                        "name" : "Has Hospice Services",
                        "libraryName" : "Hospice",
                        "type" : "ExpressionRef"
                     }, {
                        "localId" : "127",
                        "locator" : "87:8-87:73",
                        "name" : "Is Age 66 or Older with Advanced Illness and Frailty",
                        "libraryName" : "AIFrailLTCF",
                        "type" : "ExpressionRef"
                     } ]
                  }, {
                     "localId" : "130",
                     "locator" : "88:8-88:74",
                     "name" : "Is Age 66 or Older Living Long Term in a Nursing Home",
                     "libraryName" : "AIFrailLTCF",
                     "type" : "ExpressionRef"
                  } ]
               }, {
                  "localId" : "133",
                  "locator" : "89:8-89:65",
                  "name" : "Palliative Care in the Measurement Period",
                  "libraryName" : "PalliativeCare",
                  "type" : "ExpressionRef"
               } ]
            }
         } ]
      }
   }
}