<?xml version="1.0" encoding="UTF-8"?>
<library xmlns="urn:hl7-org:elm:r1" xmlns:t="urn:hl7-org:elm-types:r1" xmlns:xsi="http://www.w3.org/2001/XMLSchema-instance" xmlns:xsd="http://www.w3.org/2001/XMLSchema" xmlns:fhir="http://hl7.org/fhir" xmlns:qdm43="urn:healthit-gov:qdm:v4_3" xmlns:qdm53="urn:healthit-gov:qdm:v5_3" xmlns:a="urn:hl7-org:cql-annotations:r1" localId="0">
   <annotation translatorVersion="3.14.0" translatorOptions="EnableAnnotations,EnableLocators,EnableResultTypes,EnableDetailedErrors,DisableListDemotion,DisableListPromotion" signatureLevel="None" xsi:type="a:CqlToElmInfo"/>
   <annotation xsi:type="a:Annotation">
      <a:s r="574">
         <a:s>library CMS816HHHypo version '5.1.000'</a:s>
      </a:s>
   </annotation>
   <identifier id="CMS816HHHypo" version="5.1.000"/>
   <schemaIdentifier id="urn:hl7-org:elm" version="r1"/>
   <usings>
      <def localId="1" localIdentifier="System" uri="urn:hl7-org:elm-types:r1"/>
      <def localId="206" locator="3:1-3:23" localIdentifier="QDM" uri="urn:healthit-gov:qdm:v5_6" version="5.6">
         <annotation xsi:type="a:Annotation">
            <a:s r="206">
               <a:s>using </a:s>
               <a:s>
                  <a:s>QDM</a:s>
               </a:s>
               <a:s> version '5.6'</a:s>
            </a:s>
         </annotation>
      </def>
   </usings>
   <includes>
      <def localId="207" locator="5:1-5:52" localIdentifier="Global" path="CQMCommonQDM" version="9.0.000">
         <annotation xsi:type="a:Annotation">
            <a:s r="207">
               <a:s>include </a:s>
               <a:s>
                  <a:s>CQMCommonQDM</a:s>
               </a:s>
               <a:s> version '9.0.000' called Global</a:s>
            </a:s>
         </annotation>
      </def>
   </includes>
   <parameters>
      <def localId="215" locator="15:1-15:49" name="Measurement Period" accessLevel="Public">
         <annotation xsi:type="a:Annotation">
            <a:s r="215">
               <a:s>parameter &quot;Measurement Period&quot; </a:s>
               <a:s r="216">
                  <a:s>Interval&lt;</a:s>
                  <a:s r="217">
                     <a:s>DateTime</a:s>
                  </a:s>
                  <a:s>></a:s>
               </a:s>
            </a:s>
         </annotation>
         <resultTypeSpecifier localId="220" xsi:type="IntervalTypeSpecifier">
            <pointType localId="221" name="t:DateTime" xsi:type="NamedTypeSpecifier"/>
         </resultTypeSpecifier>
         <parameterTypeSpecifier localId="216" locator="15:32-15:49" xsi:type="IntervalTypeSpecifier">
            <resultTypeSpecifier localId="218" xsi:type="IntervalTypeSpecifier">
               <pointType localId="219" name="t:DateTime" xsi:type="NamedTypeSpecifier"/>
            </resultTypeSpecifier>
            <pointType localId="217" locator="15:41-15:48" resultTypeName="t:DateTime" name="t:DateTime" xsi:type="NamedTypeSpecifier"/>
         </parameterTypeSpecifier>
      </def>
   </parameters>
   <valueSets>
      <def localId="208" locator="7:1-7:79" resultTypeName="t:ValueSet" name="Federal Administrative Sex" id="urn:oid:2.16.840.1.113762.1.4.1021.121" accessLevel="Public">
         <annotation xsi:type="a:Annotation">
            <a:s r="208">
               <a:s>valueset &quot;Federal Administrative Sex&quot;: 'urn:oid:2.16.840.1.113762.1.4.1021.121'</a:s>
            </a:s>
         </annotation>
      </def>
      <def localId="209" locator="8:1-8:71" resultTypeName="t:ValueSet" name="Encounter Inpatient" id="urn:oid:2.16.840.1.113883.3.666.5.307" accessLevel="Public">
         <annotation xsi:type="a:Annotation">
            <a:s r="209">
               <a:s>valueset &quot;Encounter Inpatient&quot;: 'urn:oid:2.16.840.1.113883.3.666.5.307'</a:s>
            </a:s>
         </annotation>
      </def>
      <def localId="210" locator="9:1-9:58" resultTypeName="t:ValueSet" name="Ethnicity" id="urn:oid:2.16.840.1.114222.4.11.837" accessLevel="Public">
         <annotation xsi:type="a:Annotation">
            <a:s r="210">
               <a:s>valueset &quot;Ethnicity&quot;: 'urn:oid:2.16.840.1.114222.4.11.837'</a:s>
            </a:s>
         </annotation>
      </def>
      <def localId="211" locator="10:1-10:84" resultTypeName="t:ValueSet" name="Glucose Lab Test Mass Per Volume" id="urn:oid:2.16.840.1.113762.1.4.1248.34" accessLevel="Public">
         <annotation xsi:type="a:Annotation">
            <a:s r="211">
               <a:s>valueset &quot;Glucose Lab Test Mass Per Volume&quot;: 'urn:oid:2.16.840.1.113762.1.4.1248.34'</a:s>
            </a:s>
         </annotation>
      </def>
      <def localId="212" locator="11:1-11:86" resultTypeName="t:ValueSet" name="Hypoglycemics Severe Hypoglycemia" id="urn:oid:2.16.840.1.113762.1.4.1196.393" accessLevel="Public">
         <annotation xsi:type="a:Annotation">
            <a:s r="212">
               <a:s>valueset &quot;Hypoglycemics Severe Hypoglycemia&quot;: 'urn:oid:2.16.840.1.113762.1.4.1196.393'</a:s>
            </a:s>
         </annotation>
      </def>
      <def localId="213" locator="12:1-12:60" resultTypeName="t:ValueSet" name="Payer Type" id="urn:oid:2.16.840.1.114222.4.11.3591" accessLevel="Public">
         <annotation xsi:type="a:Annotation">
            <a:s r="213">
               <a:s>valueset &quot;Payer Type&quot;: 'urn:oid:2.16.840.1.114222.4.11.3591'</a:s>
            </a:s>
         </annotation>
      </def>
      <def localId="214" locator="13:1-13:53" resultTypeName="t:ValueSet" name="Race" id="urn:oid:2.16.840.1.114222.4.11.836" accessLevel="Public">
         <annotation xsi:type="a:Annotation">
            <a:s r="214">
               <a:s>valueset &quot;Race&quot;: 'urn:oid:2.16.840.1.114222.4.11.836'</a:s>
            </a:s>
         </annotation>
      </def>
   </valueSets>
   <contexts>
      <def localId="225" locator="17:1-17:15" name="Patient"/>
   </contexts>
   <statements>
      <def localId="223" locator="17:1-17:15" name="Patient" context="Patient">
         <expression localId="224" xsi:type="SingletonFrom">
            <operand localId="222" locator="17:1-17:15" xmlns:ns0="urn:healthit-gov:qdm:v5_6" dataType="ns0:Patient" templateId="Patient" xsi:type="Retrieve"/>
         </expression>
      </def>
      <def localId="234" locator="45:1-48:82" name="Qualifying Encounter" context="Patient" accessLevel="Public">
         <annotation xsi:type="a:Annotation">
            <a:s r="234">
               <a:s>define &quot;Qualifying Encounter&quot;:
  </a:s>
               <a:s r="275">
                  <a:s>
                     <a:s r="235">
                        <a:s r="238">
                           <a:s r="238">
                              <a:s>[&quot;Encounter, Performed&quot;: </a:s>
                              <a:s>
                                 <a:s>&quot;Encounter Inpatient&quot;</a:s>
                              </a:s>
                              <a:s>]</a:s>
                           </a:s>
                        </a:s>
                        <a:s> InpatientEncounter</a:s>
                     </a:s>
                  </a:s>
                  <a:s>
    </a:s>
                  <a:s r="246">
                     <a:s>where </a:s>
                     <a:s r="246">
                        <a:s r="257">
                           <a:s r="248">
                              <a:s r="247">
                                 <a:s>InpatientEncounter</a:s>
                              </a:s>
                              <a:s>.</a:s>
                              <a:s r="248">
                                 <a:s>relevantPeriod</a:s>
                              </a:s>
                           </a:s>
                           <a:s r="257"> ends during day of </a:s>
                           <a:s r="253">
                              <a:s>&quot;Measurement Period&quot;</a:s>
                           </a:s>
                        </a:s>
                        <a:s>
      and </a:s>
                        <a:s r="258">
                           <a:s r="273">
                              <a:s>AgeInYearsAt(</a:s>
                              <a:s r="259">
                                 <a:s>date from </a:s>
                                 <a:s r="260">
                                    <a:s>start of </a:s>
                                    <a:s r="262">
                                       <a:s r="261">
                                          <a:s>InpatientEncounter</a:s>
                                       </a:s>
                                       <a:s>.</a:s>
                                       <a:s r="262">
                                          <a:s>relevantPeriod</a:s>
                                       </a:s>
                                    </a:s>
                                 </a:s>
                              </a:s>
                              <a:s>)</a:s>
                           </a:s>
                           <a:s r="274"> >= 18</a:s>
                        </a:s>
                     </a:s>
                  </a:s>
               </a:s>
            </a:s>
         </annotation>
         <resultTypeSpecifier localId="661" xsi:type="ListTypeSpecifier">
            <elementType localId="662" xmlns:ns1="urn:healthit-gov:qdm:v5_6" name="ns1:PositiveEncounterPerformed" xsi:type="NamedTypeSpecifier"/>
         </resultTypeSpecifier>
         <expression localId="275" locator="46:3-48:82" xsi:type="Query">
            <resultTypeSpecifier localId="276" xsi:type="ListTypeSpecifier">
               <elementType localId="277" xmlns:ns2="urn:healthit-gov:qdm:v5_6" name="ns2:PositiveEncounterPerformed" xsi:type="NamedTypeSpecifier"/>
            </resultTypeSpecifier>
            <source localId="235" locator="46:3-46:68" alias="InpatientEncounter">
               <resultTypeSpecifier localId="244" xsi:type="ListTypeSpecifier">
                  <elementType localId="245" xmlns:ns3="urn:healthit-gov:qdm:v5_6" name="ns3:PositiveEncounterPerformed" xsi:type="NamedTypeSpecifier"/>
               </resultTypeSpecifier>
               <expression localId="238" locator="46:3-46:49" xmlns:ns4="urn:healthit-gov:qdm:v5_6" dataType="ns4:PositiveEncounterPerformed" templateId="PositiveEncounterPerformed" codeProperty="code" codeComparator="in" xsi:type="Retrieve">
                  <resultTypeSpecifier localId="242" xsi:type="ListTypeSpecifier">
                     <elementType localId="243" xmlns:ns5="urn:healthit-gov:qdm:v5_6" name="ns5:PositiveEncounterPerformed" xsi:type="NamedTypeSpecifier"/>
                  </resultTypeSpecifier>
                  <codes localId="237" locator="46:28-46:48" resultTypeName="t:ValueSet" name="Encounter Inpatient" preserve="true" xsi:type="ValueSetRef"/>
               </expression>
            </source>
            <where localId="246" locator="47:5-48:82" resultTypeName="t:Boolean" xsi:type="And">
               <operand localId="257" locator="47:11-47:83" resultTypeName="t:Boolean" precision="Day" xsi:type="In">
                  <operand localId="256" locator="47:45-47:48" xsi:type="End">
                     <operand localId="248" locator="47:11-47:43" path="relevantPeriod" scope="InpatientEncounter" xsi:type="Property">
                        <resultTypeSpecifier localId="251" xsi:type="IntervalTypeSpecifier">
                           <pointType localId="252" name="t:DateTime" xsi:type="NamedTypeSpecifier"/>
                        </resultTypeSpecifier>
                     </operand>
                  </operand>
                  <operand localId="253" locator="47:64-47:83" name="Measurement Period" xsi:type="ParameterRef">
                     <resultTypeSpecifier localId="254" xsi:type="IntervalTypeSpecifier">
                        <pointType localId="255" name="t:DateTime" xsi:type="NamedTypeSpecifier"/>
                     </resultTypeSpecifier>
                  </operand>
               </operand>
               <operand localId="258" locator="48:11-48:82" resultTypeName="t:Boolean" xsi:type="GreaterOrEqual">
                  <operand localId="273" locator="48:11-48:76" resultTypeName="t:Integer" precision="Year" xsi:type="CalculateAgeAt">
                     <operand localId="272" xsi:type="ToDate">
                        <operand localId="270" path="birthDatetime" xsi:type="Property">
                           <source localId="269" name="Patient" xsi:type="ExpressionRef"/>
                        </operand>
                     </operand>
                     <operand localId="259" locator="48:24-48:75" resultTypeName="t:Date" xsi:type="DateFrom">
                        <operand localId="260" locator="48:34-48:75" resultTypeName="t:DateTime" xsi:type="Start">
                           <operand localId="262" locator="48:43-48:75" path="relevantPeriod" scope="InpatientEncounter" xsi:type="Property">
                              <resultTypeSpecifier localId="265" xsi:type="IntervalTypeSpecifier">
                                 <pointType localId="266" name="t:DateTime" xsi:type="NamedTypeSpecifier"/>
                              </resultTypeSpecifier>
                           </operand>
                        </operand>
                     </operand>
                  </operand>
                  <operand localId="274" locator="48:81-48:82" resultTypeName="t:Integer" valueType="t:Integer" value="18" xsi:type="Literal"/>
               </operand>
            </where>
         </expression>
      </def>
      <def localId="287" locator="22:1-23:67" name="Hypoglycemic Medication Administration" context="Patient" accessLevel="Public">
         <annotation xsi:type="a:Annotation">
            <a:s r="287">
               <a:s>define &quot;Hypoglycemic Medication Administration&quot;:
  </a:s>
               <a:s r="290">
                  <a:s>[&quot;Medication, Administered&quot;: </a:s>
                  <a:s>
                     <a:s>&quot;Hypoglycemics Severe Hypoglycemia&quot;</a:s>
                  </a:s>
                  <a:s>]</a:s>
               </a:s>
            </a:s>
         </annotation>
         <resultTypeSpecifier localId="342" xsi:type="ListTypeSpecifier">
            <elementType localId="343" xmlns:ns6="urn:healthit-gov:qdm:v5_6" name="ns6:PositiveMedicationAdministered" xsi:type="NamedTypeSpecifier"/>
         </resultTypeSpecifier>
         <expression localId="290" locator="23:3-23:67" xmlns:ns7="urn:healthit-gov:qdm:v5_6" dataType="ns7:PositiveMedicationAdministered" templateId="PositiveMedicationAdministered" codeProperty="code" codeComparator="in" xsi:type="Retrieve">
            <resultTypeSpecifier localId="292" xsi:type="ListTypeSpecifier">
               <elementType localId="293" xmlns:ns8="urn:healthit-gov:qdm:v5_6" name="ns8:PositiveMedicationAdministered" xsi:type="NamedTypeSpecifier"/>
            </resultTypeSpecifier>
            <codes localId="289" locator="23:32-23:66" resultTypeName="t:ValueSet" name="Hypoglycemics Severe Hypoglycemia" preserve="true" xsi:type="ValueSetRef"/>
         </expression>
      </def>
      <def localId="231" locator="79:1-82:200" name="Encounter with Hypoglycemic Medication Administration" context="Patient" accessLevel="Public">
         <annotation xsi:type="a:Annotation">
            <a:s r="231">
               <a:s>define &quot;Encounter with Hypoglycemic Medication Administration&quot;:
  </a:s>
               <a:s r="327">
                  <a:s>
                     <a:s r="232">
                        <a:s r="280">
                           <a:s>
                              <a:s>&quot;Qualifying Encounter&quot;</a:s>
                           </a:s>
                        </a:s>
                        <a:s> EncounterInpatient</a:s>
                     </a:s>
                  </a:s>
                  <a:s>
    </a:s>
                  <a:s r="324">
                     <a:s>with </a:s>
                     <a:s r="285">
                        <a:s r="296">
                           <a:s>
                              <a:s>&quot;Hypoglycemic Medication Administration&quot;</a:s>
                           </a:s>
                        </a:s>
                        <a:s> HypoglycemicMedication</a:s>
                     </a:s>
                     <a:s>
      such that </a:s>
                     <a:s r="323">
                        <a:s r="310">
                           <a:s r="301">
                              <a:s>Global</a:s>
                           </a:s>
                           <a:s>.</a:s>
                           <a:s r="310">
                              <a:s>&quot;NormalizeInterval&quot; ( </a:s>
                              <a:s r="303">
                                 <a:s r="302">
                                    <a:s>HypoglycemicMedication</a:s>
                                 </a:s>
                                 <a:s>.</a:s>
                                 <a:s r="303">
                                    <a:s>relevantDatetime</a:s>
                                 </a:s>
                              </a:s>
                              <a:s>, </a:s>
                              <a:s r="305">
                                 <a:s r="304">
                                    <a:s>HypoglycemicMedication</a:s>
                                 </a:s>
                                 <a:s>.</a:s>
                                 <a:s r="305">
                                    <a:s>relevantPeriod</a:s>
                                 </a:s>
                              </a:s>
                              <a:s> )</a:s>
                           </a:s>
                        </a:s>
                        <a:s r="323"> starts during </a:s>
                        <a:s r="317">
                           <a:s r="315">
                              <a:s>Global</a:s>
                           </a:s>
                           <a:s>.</a:s>
                           <a:s r="317">
                              <a:s>HospitalizationWithObservation ( </a:s>
                              <a:s r="316">
                                 <a:s>EncounterInpatient</a:s>
                              </a:s>
                              <a:s> )</a:s>
                           </a:s>
                        </a:s>
                     </a:s>
                  </a:s>
               </a:s>
            </a:s>
         </annotation>
         <resultTypeSpecifier localId="707" xsi:type="ListTypeSpecifier">
            <elementType localId="708" xmlns:ns9="urn:healthit-gov:qdm:v5_6" name="ns9:PositiveEncounterPerformed" xsi:type="NamedTypeSpecifier"/>
         </resultTypeSpecifier>
         <expression localId="327" locator="80:3-82:200" xsi:type="Query">
            <resultTypeSpecifier localId="328" xsi:type="ListTypeSpecifier">
               <elementType localId="329" xmlns:ns10="urn:healthit-gov:qdm:v5_6" name="ns10:PositiveEncounterPerformed" xsi:type="NamedTypeSpecifier"/>
            </resultTypeSpecifier>
            <source localId="232" locator="80:3-80:43" alias="EncounterInpatient">
               <resultTypeSpecifier localId="283" xsi:type="ListTypeSpecifier">
                  <elementType localId="284" xmlns:ns11="urn:healthit-gov:qdm:v5_6" name="ns11:PositiveEncounterPerformed" xsi:type="NamedTypeSpecifier"/>
               </resultTypeSpecifier>
               <expression localId="280" locator="80:3-80:24" name="Qualifying Encounter" xsi:type="ExpressionRef">
                  <resultTypeSpecifier localId="281" xsi:type="ListTypeSpecifier">
                     <elementType localId="282" xmlns:ns12="urn:healthit-gov:qdm:v5_6" name="ns12:PositiveEncounterPerformed" xsi:type="NamedTypeSpecifier"/>
                  </resultTypeSpecifier>
               </expression>
            </source>
            <relationship localId="324" locator="81:5-82:200" alias="HypoglycemicMedication" xsi:type="With">
               <resultTypeSpecifier localId="325" xsi:type="ListTypeSpecifier">
                  <elementType localId="326" xmlns:ns13="urn:healthit-gov:qdm:v5_6" name="ns13:PositiveMedicationAdministered" xsi:type="NamedTypeSpecifier"/>
               </resultTypeSpecifier>
               <expression localId="296" locator="81:10-81:49" name="Hypoglycemic Medication Administration" xsi:type="ExpressionRef">
                  <resultTypeSpecifier localId="297" xsi:type="ListTypeSpecifier">
                     <elementType localId="298" xmlns:ns14="urn:healthit-gov:qdm:v5_6" name="ns14:PositiveMedicationAdministered" xsi:type="NamedTypeSpecifier"/>
                  </resultTypeSpecifier>
               </expression>
               <suchThat localId="323" locator="82:17-82:200" resultTypeName="t:Boolean" xsi:type="In">
                  <operand localId="322" locator="82:127-82:132" xsi:type="Start">
                     <operand localId="310" locator="82:17-82:125" name="NormalizeInterval" libraryName="Global" xsi:type="FunctionRef">
                        <resultTypeSpecifier localId="313" xsi:type="IntervalTypeSpecifier">
                           <pointType localId="314" name="t:DateTime" xsi:type="NamedTypeSpecifier"/>
                        </resultTypeSpecifier>
                        <operand localId="303" locator="82:46-82:84" resultTypeName="t:DateTime" path="relevantDatetime" scope="HypoglycemicMedication" xsi:type="Property"/>
                        <operand localId="305" locator="82:87-82:123" path="relevantPeriod" scope="HypoglycemicMedication" xsi:type="Property">
                           <resultTypeSpecifier localId="308" xsi:type="IntervalTypeSpecifier">
                              <pointType localId="309" name="t:DateTime" xsi:type="NamedTypeSpecifier"/>
                           </resultTypeSpecifier>
                        </operand>
                     </operand>
                  </operand>
                  <operand localId="317" locator="82:141-82:200" name="HospitalizationWithObservation" libraryName="Global" xsi:type="FunctionRef">
                     <resultTypeSpecifier localId="320" xsi:type="IntervalTypeSpecifier">
                        <pointType localId="321" name="t:DateTime" xsi:type="NamedTypeSpecifier"/>
                     </resultTypeSpecifier>
                     <operand localId="316" locator="82:181-82:198" xmlns:ns15="urn:healthit-gov:qdm:v5_6" resultTypeName="ns15:PositiveEncounterPerformed" name="EncounterInpatient" xsi:type="AliasRef"/>
                  </operand>
               </suchThat>
            </relationship>
         </expression>
      </def>
      <def localId="229" locator="25:1-26:57" name="Initial Population" context="Patient" accessLevel="Public">
         <annotation xsi:type="a:Annotation">
            <a:s r="229">
               <a:s>define &quot;Initial Population&quot;:
  </a:s>
               <a:s r="332">
                  <a:s>&quot;Encounter with Hypoglycemic Medication Administration&quot;</a:s>
               </a:s>
            </a:s>
         </annotation>
         <resultTypeSpecifier localId="344" xsi:type="ListTypeSpecifier">
            <elementType localId="345" xmlns:ns16="urn:healthit-gov:qdm:v5_6" name="ns16:PositiveEncounterPerformed" xsi:type="NamedTypeSpecifier"/>
         </resultTypeSpecifier>
         <expression localId="332" locator="26:3-26:57" name="Encounter with Hypoglycemic Medication Administration" xsi:type="ExpressionRef">
            <resultTypeSpecifier localId="333" xsi:type="ListTypeSpecifier">
               <elementType localId="334" xmlns:ns17="urn:healthit-gov:qdm:v5_6" name="ns17:PositiveEncounterPerformed" xsi:type="NamedTypeSpecifier"/>
            </resultTypeSpecifier>
         </expression>
      </def>
      <def localId="227" locator="19:1-20:22" name="Denominator" context="Patient" accessLevel="Public">
         <annotation xsi:type="a:Annotation">
            <a:s r="227">
               <a:s>define &quot;Denominator&quot;:
  </a:s>
               <a:s r="337">
                  <a:s>&quot;Initial Population&quot;</a:s>
               </a:s>
            </a:s>
         </annotation>
         <resultTypeSpecifier localId="340" xsi:type="ListTypeSpecifier">
            <elementType localId="341" xmlns:ns18="urn:healthit-gov:qdm:v5_6" name="ns18:PositiveEncounterPerformed" xsi:type="NamedTypeSpecifier"/>
         </resultTypeSpecifier>
         <expression localId="337" locator="20:3-20:22" name="Initial Population" xsi:type="ExpressionRef">
            <resultTypeSpecifier localId="338" xsi:type="ListTypeSpecifier">
               <elementType localId="339" xmlns:ns19="urn:healthit-gov:qdm:v5_6" name="ns19:PositiveEncounterPerformed" xsi:type="NamedTypeSpecifier"/>
            </resultTypeSpecifier>
         </expression>
      </def>
      <def localId="356" locator="66:1-77:22" name="Glucose Test with Result Less Than 40" context="Patient" accessLevel="Public">
         <annotation xsi:type="a:Annotation">
            <a:s r="356">
               <a:s>define &quot;Glucose Test with Result Less Than 40&quot;:
  </a:s>
               <a:s r="461">
                  <a:s>
                     <a:s>from
    </a:s>
                     <a:s r="357">
                        <a:s r="358">
                           <a:s>
                              <a:s>&quot;Denominator&quot;</a:s>
                           </a:s>
                        </a:s>
                        <a:s> QualifyingEncounter</a:s>
                     </a:s>
                     <a:s>,
    </a:s>
                     <a:s r="363">
                        <a:s r="364">
                           <a:s>
                              <a:s>&quot;Hypoglycemic Medication Administration&quot;</a:s>
                           </a:s>
                        </a:s>
                        <a:s> HypoglycemicMedication</a:s>
                     </a:s>
                     <a:s>,
    </a:s>
                     <a:s r="369">
                        <a:s r="372">
                           <a:s r="372">
                              <a:s>[&quot;Laboratory Test, Performed&quot;: </a:s>
                              <a:s>
                                 <a:s>&quot;Glucose Lab Test Mass Per Volume&quot;</a:s>
                              </a:s>
                              <a:s>]</a:s>
                           </a:s>
                        </a:s>
                        <a:s> GlucoseTest</a:s>
                     </a:s>
                  </a:s>
                  <a:s>
    </a:s>
                  <a:s>
                     <a:s>let </a:s>
                     <a:s r="380">
                        <a:s>HospitalizationInterval: </a:s>
                        <a:s r="383">
                           <a:s r="381">
                              <a:s>Global</a:s>
                           </a:s>
                           <a:s>.</a:s>
                           <a:s r="383">
                              <a:s>&quot;HospitalizationWithObservation&quot; ( </a:s>
                              <a:s r="382">
                                 <a:s>QualifyingEncounter</a:s>
                              </a:s>
                              <a:s> )</a:s>
                           </a:s>
                        </a:s>
                     </a:s>
                     <a:s>,
    </a:s>
                     <a:s r="390">
                        <a:s>HypoglycemicMedicationInterval: </a:s>
                        <a:s r="400">
                           <a:s r="391">
                              <a:s>Global</a:s>
                           </a:s>
                           <a:s>.</a:s>
                           <a:s r="400">
                              <a:s>&quot;NormalizeInterval&quot; ( </a:s>
                              <a:s r="393">
                                 <a:s r="392">
                                    <a:s>HypoglycemicMedication</a:s>
                                 </a:s>
                                 <a:s>.</a:s>
                                 <a:s r="393">
                                    <a:s>relevantDatetime</a:s>
                                 </a:s>
                              </a:s>
                              <a:s>, </a:s>
                              <a:s r="395">
                                 <a:s r="394">
                                    <a:s>HypoglycemicMedication</a:s>
                                 </a:s>
                                 <a:s>.</a:s>
                                 <a:s r="395">
                                    <a:s>relevantPeriod</a:s>
                                 </a:s>
                              </a:s>
                              <a:s> )</a:s>
                           </a:s>
                        </a:s>
                     </a:s>
                     <a:s>,
    </a:s>
                     <a:s r="407">
                        <a:s>GlucoseTestTime: </a:s>
                        <a:s r="417">
                           <a:s r="408">
                              <a:s>Global</a:s>
                           </a:s>
                           <a:s>.</a:s>
                           <a:s r="417">
                              <a:s>&quot;EarliestOf&quot; ( </a:s>
                              <a:s r="410">
                                 <a:s r="409">
                                    <a:s>GlucoseTest</a:s>
                                 </a:s>
                                 <a:s>.</a:s>
                                 <a:s r="410">
                                    <a:s>relevantDatetime</a:s>
                                 </a:s>
                              </a:s>
                              <a:s>, </a:s>
                              <a:s r="412">
                                 <a:s r="411">
                                    <a:s>GlucoseTest</a:s>
                                 </a:s>
                                 <a:s>.</a:s>
                                 <a:s r="412">
                                    <a:s>relevantPeriod</a:s>
                                 </a:s>
                              </a:s>
                              <a:s> )</a:s>
                           </a:s>
                        </a:s>
                     </a:s>
                  </a:s>
                  <a:s>
    </a:s>
                  <a:s r="418">
                     <a:s>where </a:s>
                     <a:s r="418">
                        <a:s r="419">
                           <a:s r="425">
                              <a:s r="420">
                                 <a:s>GlucoseTestTime</a:s>
                              </a:s>
                              <a:s r="425"> during </a:s>
                              <a:s r="421">
                                 <a:s>HospitalizationInterval</a:s>
                              </a:s>
                           </a:s>
                           <a:s>
      and </a:s>
                           <a:s r="426">
                              <a:s r="428">
                                 <a:s r="427">
                                    <a:s>GlucoseTest</a:s>
                                 </a:s>
                                 <a:s>.</a:s>
                                 <a:s r="428">
                                    <a:s>result</a:s>
                                 </a:s>
                              </a:s>
                              <a:s> &lt; </a:s>
                              <a:s r="441">
                                 <a:s>40 'mg/dL'</a:s>
                              </a:s>
                           </a:s>
                        </a:s>
                        <a:s>
      and </a:s>
                        <a:s r="456">
                           <a:s r="443">
                              <a:s>HypoglycemicMedicationInterval</a:s>
                           </a:s>
                           <a:s> </a:s>
                           <a:s r="456">
                              <a:s>starts </a:s>
                              <a:s r="448">
                                 <a:s>24 hours</a:s>
                              </a:s>
                              <a:s> or less before or on</a:s>
                           </a:s>
                           <a:s> </a:s>
                           <a:s r="446">
                              <a:s>GlucoseTestTime</a:s>
                           </a:s>
                        </a:s>
                     </a:s>
                  </a:s>
                  <a:s>
    </a:s>
                  <a:s r="457">
                     <a:s>return </a:s>
                     <a:s r="458">
                        <a:s>GlucoseTest</a:s>
                     </a:s>
                  </a:s>
               </a:s>
            </a:s>
         </annotation>
         <resultTypeSpecifier localId="705" xsi:type="ListTypeSpecifier">
            <elementType localId="706" xmlns:ns20="urn:healthit-gov:qdm:v5_6" name="ns20:PositiveLaboratoryTestPerformed" xsi:type="NamedTypeSpecifier"/>
         </resultTypeSpecifier>
         <expression localId="461" locator="67:3-77:22" xsi:type="Query">
            <resultTypeSpecifier localId="462" xsi:type="ListTypeSpecifier">
               <elementType localId="463" xmlns:ns21="urn:healthit-gov:qdm:v5_6" name="ns21:PositiveLaboratoryTestPerformed" xsi:type="NamedTypeSpecifier"/>
            </resultTypeSpecifier>
            <source localId="357" locator="68:5-68:37" alias="QualifyingEncounter">
               <resultTypeSpecifier localId="361" xsi:type="ListTypeSpecifier">
                  <elementType localId="362" xmlns:ns22="urn:healthit-gov:qdm:v5_6" name="ns22:PositiveEncounterPerformed" xsi:type="NamedTypeSpecifier"/>
               </resultTypeSpecifier>
               <expression localId="358" locator="68:5-68:17" name="Denominator" xsi:type="ExpressionRef">
                  <resultTypeSpecifier localId="359" xsi:type="ListTypeSpecifier">
                     <elementType localId="360" xmlns:ns23="urn:healthit-gov:qdm:v5_6" name="ns23:PositiveEncounterPerformed" xsi:type="NamedTypeSpecifier"/>
                  </resultTypeSpecifier>
               </expression>
            </source>
            <source localId="363" locator="69:5-69:67" alias="HypoglycemicMedication">
               <resultTypeSpecifier localId="367" xsi:type="ListTypeSpecifier">
                  <elementType localId="368" xmlns:ns24="urn:healthit-gov:qdm:v5_6" name="ns24:PositiveMedicationAdministered" xsi:type="NamedTypeSpecifier"/>
               </resultTypeSpecifier>
               <expression localId="364" locator="69:5-69:44" name="Hypoglycemic Medication Administration" xsi:type="ExpressionRef">
                  <resultTypeSpecifier localId="365" xsi:type="ListTypeSpecifier">
                     <elementType localId="366" xmlns:ns25="urn:healthit-gov:qdm:v5_6" name="ns25:PositiveMedicationAdministered" xsi:type="NamedTypeSpecifier"/>
                  </resultTypeSpecifier>
               </expression>
            </source>
            <source localId="369" locator="70:5-70:82" alias="GlucoseTest">
               <resultTypeSpecifier localId="378" xsi:type="ListTypeSpecifier">
                  <elementType localId="379" xmlns:ns26="urn:healthit-gov:qdm:v5_6" name="ns26:PositiveLaboratoryTestPerformed" xsi:type="NamedTypeSpecifier"/>
               </resultTypeSpecifier>
               <expression localId="372" locator="70:5-70:70" xmlns:ns27="urn:healthit-gov:qdm:v5_6" dataType="ns27:PositiveLaboratoryTestPerformed" templateId="PositiveLaboratoryTestPerformed" codeProperty="code" codeComparator="in" xsi:type="Retrieve">
                  <resultTypeSpecifier localId="376" xsi:type="ListTypeSpecifier">
                     <elementType localId="377" xmlns:ns28="urn:healthit-gov:qdm:v5_6" name="ns28:PositiveLaboratoryTestPerformed" xsi:type="NamedTypeSpecifier"/>
                  </resultTypeSpecifier>
                  <codes localId="371" locator="70:36-70:69" resultTypeName="t:ValueSet" name="Glucose Lab Test Mass Per Volume" preserve="true" xsi:type="ValueSetRef"/>
               </expression>
            </source>
            <let localId="380" locator="71:9-71:96" identifier="HospitalizationInterval">
               <resultTypeSpecifier localId="388" xsi:type="IntervalTypeSpecifier">
                  <pointType localId="389" name="t:DateTime" xsi:type="NamedTypeSpecifier"/>
               </resultTypeSpecifier>
               <expression localId="383" locator="71:34-71:96" name="HospitalizationWithObservation" libraryName="Global" xsi:type="FunctionRef">
                  <resultTypeSpecifier localId="386" xsi:type="IntervalTypeSpecifier">
                     <pointType localId="387" name="t:DateTime" xsi:type="NamedTypeSpecifier"/>
                  </resultTypeSpecifier>
                  <operand localId="382" locator="71:76-71:94" xmlns:ns29="urn:healthit-gov:qdm:v5_6" resultTypeName="ns29:PositiveEncounterPerformed" name="QualifyingEncounter" xsi:type="AliasRef"/>
               </expression>
            </let>
            <let localId="390" locator="72:5-72:145" identifier="HypoglycemicMedicationInterval">
               <resultTypeSpecifier localId="405" xsi:type="IntervalTypeSpecifier">
                  <pointType localId="406" name="t:DateTime" xsi:type="NamedTypeSpecifier"/>
               </resultTypeSpecifier>
               <expression localId="400" locator="72:37-72:145" name="NormalizeInterval" libraryName="Global" xsi:type="FunctionRef">
                  <resultTypeSpecifier localId="403" xsi:type="IntervalTypeSpecifier">
                     <pointType localId="404" name="t:DateTime" xsi:type="NamedTypeSpecifier"/>
                  </resultTypeSpecifier>
                  <operand localId="393" locator="72:66-72:104" resultTypeName="t:DateTime" path="relevantDatetime" scope="HypoglycemicMedication" xsi:type="Property"/>
                  <operand localId="395" locator="72:107-72:143" path="relevantPeriod" scope="HypoglycemicMedication" xsi:type="Property">
                     <resultTypeSpecifier localId="398" xsi:type="IntervalTypeSpecifier">
                        <pointType localId="399" name="t:DateTime" xsi:type="NamedTypeSpecifier"/>
                     </resultTypeSpecifier>
                  </operand>
               </expression>
            </let>
            <let localId="407" locator="73:5-73:101" resultTypeName="t:DateTime" identifier="GlucoseTestTime">
               <expression localId="417" locator="73:22-73:101" resultTypeName="t:DateTime" name="EarliestOf" libraryName="Global" xsi:type="FunctionRef">
                  <operand localId="410" locator="73:44-73:71" resultTypeName="t:DateTime" path="relevantDatetime" scope="GlucoseTest" xsi:type="Property"/>
                  <operand localId="412" locator="73:74-73:99" path="relevantPeriod" scope="GlucoseTest" xsi:type="Property">
                     <resultTypeSpecifier localId="415" xsi:type="IntervalTypeSpecifier">
                        <pointType localId="416" name="t:DateTime" xsi:type="NamedTypeSpecifier"/>
                     </resultTypeSpecifier>
                  </operand>
               </expression>
            </let>
            <where localId="418" locator="74:5-76:93" resultTypeName="t:Boolean" xsi:type="And">
               <operand localId="419" locator="74:11-75:41" resultTypeName="t:Boolean" xsi:type="And">
                  <operand localId="425" locator="74:11-74:56" resultTypeName="t:Boolean" xsi:type="In">
                     <operand localId="420" locator="74:11-74:25" resultTypeName="t:DateTime" name="GlucoseTestTime" xsi:type="QueryLetRef"/>
                     <operand localId="421" locator="74:34-74:56" name="HospitalizationInterval" xsi:type="QueryLetRef">
                        <resultTypeSpecifier localId="422" xsi:type="IntervalTypeSpecifier">
                           <pointType localId="423" name="t:DateTime" xsi:type="NamedTypeSpecifier"/>
                        </resultTypeSpecifier>
                     </operand>
                  </operand>
                  <operand localId="426" locator="75:11-75:41" resultTypeName="t:Boolean" xsi:type="Less">
                     <operand localId="442" asType="t:Quantity" xsi:type="As">
                        <operand localId="428" locator="75:11-75:28" path="result" scope="GlucoseTest" xsi:type="Property">
                           <resultTypeSpecifier localId="435" xsi:type="ChoiceTypeSpecifier">
                              <choice localId="436" name="t:Integer" xsi:type="NamedTypeSpecifier"/>
                              <choice localId="437" name="t:Decimal" xsi:type="NamedTypeSpecifier"/>
                              <choice localId="438" name="t:Code" xsi:type="NamedTypeSpecifier"/>
                              <choice localId="439" name="t:Quantity" xsi:type="NamedTypeSpecifier"/>
                              <choice localId="440" name="t:Ratio" xsi:type="NamedTypeSpecifier"/>
                           </resultTypeSpecifier>
                        </operand>
                     </operand>
                     <operand localId="441" locator="75:32-75:41" resultTypeName="t:Quantity" value="40" unit="mg/dL" xsi:type="Quantity"/>
                  </operand>
               </operand>
               <operand localId="456" locator="76:11-76:93" resultTypeName="t:Boolean" xsi:type="And">
                  <operand localId="453" locator="76:49-76:64" xsi:type="In">
                     <operand localId="447" locator="76:42-76:47" xsi:type="Start">
                        <operand localId="443" locator="76:11-76:40" name="HypoglycemicMedicationInterval" xsi:type="QueryLetRef">
                           <resultTypeSpecifier localId="444" xsi:type="IntervalTypeSpecifier">
                              <pointType localId="445" name="t:DateTime" xsi:type="NamedTypeSpecifier"/>
                           </resultTypeSpecifier>
                        </operand>
                     </operand>
                     <operand localId="450" locator="76:49-76:64" lowClosed="true" highClosed="true" xsi:type="Interval">
                        <resultTypeSpecifier localId="451" xsi:type="IntervalTypeSpecifier">
                           <pointType localId="452" name="t:DateTime" xsi:type="NamedTypeSpecifier"/>
                        </resultTypeSpecifier>
                        <low localId="449" locator="76:79-76:93" xsi:type="Subtract">
                           <operand localId="446" locator="76:79-76:93" resultTypeName="t:DateTime" name="GlucoseTestTime" xsi:type="QueryLetRef"/>
                           <operand localId="448" locator="76:49-76:56" resultTypeName="t:Quantity" value="24" unit="hours" xsi:type="Quantity"/>
                        </low>
                        <high localId="446" locator="76:79-76:93" resultTypeName="t:DateTime" name="GlucoseTestTime" xsi:type="QueryLetRef"/>
                     </operand>
                  </operand>
                  <operand localId="455" locator="76:49-76:64" xsi:type="Not">
                     <operand localId="454" locator="76:49-76:64" xsi:type="IsNull">
                        <operand localId="446" locator="76:79-76:93" resultTypeName="t:DateTime" name="GlucoseTestTime" xsi:type="QueryLetRef"/>
                     </operand>
                  </operand>
               </operand>
            </where>
            <return localId="457" locator="77:5-77:22">
               <resultTypeSpecifier localId="459" xsi:type="ListTypeSpecifier">
                  <elementType localId="460" xmlns:ns30="urn:healthit-gov:qdm:v5_6" name="ns30:PositiveLaboratoryTestPerformed" xsi:type="NamedTypeSpecifier"/>
               </resultTypeSpecifier>
               <expression localId="458" locator="77:12-77:22" xmlns:ns31="urn:healthit-gov:qdm:v5_6" resultTypeName="ns31:PositiveLaboratoryTestPerformed" name="GlucoseTest" xsi:type="AliasRef"/>
            </return>
         </expression>
      </def>
      <def localId="347" locator="28:1-40:25" name="Low Glucose Test Followed By Glucose Test Result Greater Than 80" context="Patient" accessLevel="Public">
         <annotation xsi:type="a:Annotation">
            <a:s r="347">
               <a:s>define &quot;Low Glucose Test Followed By Glucose Test Result Greater Than 80&quot;:
  </a:s>
               <a:s r="566">
                  <a:s>
                     <a:s>from
    </a:s>
                     <a:s r="348">
                        <a:s r="349">
                           <a:s>
                              <a:s>&quot;Denominator&quot;</a:s>
                           </a:s>
                        </a:s>
                        <a:s> QualifyingEncounter</a:s>
                     </a:s>
                     <a:s>,
    </a:s>
                     <a:s r="354">
                        <a:s r="466">
                           <a:s>
                              <a:s>&quot;Glucose Test with Result Less Than 40&quot;</a:s>
                           </a:s>
                        </a:s>
                        <a:s> LowGlucoseTest</a:s>
                     </a:s>
                     <a:s>,
    </a:s>
                     <a:s r="471">
                        <a:s r="474">
                           <a:s r="474">
                              <a:s>[&quot;Laboratory Test, Performed&quot;: </a:s>
                              <a:s>
                                 <a:s>&quot;Glucose Lab Test Mass Per Volume&quot;</a:s>
                              </a:s>
                              <a:s>]</a:s>
                           </a:s>
                        </a:s>
                        <a:s> FollowupGlucoseTest</a:s>
                     </a:s>
                  </a:s>
                  <a:s>
    </a:s>
                  <a:s>
                     <a:s>let </a:s>
                     <a:s r="482">
                        <a:s>GlucoseTestTime: </a:s>
                        <a:s r="492">
                           <a:s r="483">
                              <a:s>Global</a:s>
                           </a:s>
                           <a:s>.</a:s>
                           <a:s r="492">
                              <a:s>&quot;EarliestOf&quot; ( </a:s>
                              <a:s r="485">
                                 <a:s r="484">
                                    <a:s>LowGlucoseTest</a:s>
                                 </a:s>
                                 <a:s>.</a:s>
                                 <a:s r="485">
                                    <a:s>relevantDatetime</a:s>
                                 </a:s>
                              </a:s>
                              <a:s>, </a:s>
                              <a:s r="487">
                                 <a:s r="486">
                                    <a:s>LowGlucoseTest</a:s>
                                 </a:s>
                                 <a:s>.</a:s>
                                 <a:s r="487">
                                    <a:s>relevantPeriod</a:s>
                                 </a:s>
                              </a:s>
                              <a:s> )</a:s>
                           </a:s>
                        </a:s>
                     </a:s>
                     <a:s>,
    </a:s>
                     <a:s r="493">
                        <a:s>FollowupGlucoseTestTime: </a:s>
                        <a:s r="503">
                           <a:s r="494">
                              <a:s>Global</a:s>
                           </a:s>
                           <a:s>.</a:s>
                           <a:s r="503">
                              <a:s>&quot;EarliestOf&quot; ( </a:s>
                              <a:s r="496">
                                 <a:s r="495">
                                    <a:s>FollowupGlucoseTest</a:s>
                                 </a:s>
                                 <a:s>.</a:s>
                                 <a:s r="496">
                                    <a:s>relevantDatetime</a:s>
                                 </a:s>
                              </a:s>
                              <a:s>, </a:s>
                              <a:s r="498">
                                 <a:s r="497">
                                    <a:s>FollowupGlucoseTest</a:s>
                                 </a:s>
                                 <a:s>.</a:s>
                                 <a:s r="498">
                                    <a:s>relevantPeriod</a:s>
                                 </a:s>
                              </a:s>
                              <a:s> )</a:s>
                           </a:s>
                        </a:s>
                     </a:s>
                  </a:s>
                  <a:s>
    </a:s>
                  <a:s r="504">
                     <a:s>where </a:s>
                     <a:s r="504">
                        <a:s r="505">
                           <a:s r="506">
                              <a:s r="507">
                                 <a:s r="518">
                                    <a:s r="508">
                                       <a:s>FollowupGlucoseTestTime</a:s>
                                    </a:s>
                                    <a:s> </a:s>
                                    <a:s r="518">
                                       <a:s r="510">
                                          <a:s>5 minutes</a:s>
                                       </a:s>
                                       <a:s> or less after</a:s>
                                    </a:s>
                                    <a:s> </a:s>
                                    <a:s r="509">
                                       <a:s>GlucoseTestTime</a:s>
                                    </a:s>
                                 </a:s>
                                 <a:s>
      and </a:s>
                                 <a:s r="528">
                                    <a:s r="519">
                                       <a:s>GlucoseTestTime</a:s>
                                    </a:s>
                                    <a:s r="528"> during </a:s>
                                    <a:s r="522">
                                       <a:s r="520">
                                          <a:s>Global</a:s>
                                       </a:s>
                                       <a:s>.</a:s>
                                       <a:s r="522">
                                          <a:s>&quot;HospitalizationWithObservation&quot; ( </a:s>
                                          <a:s r="521">
                                             <a:s>QualifyingEncounter</a:s>
                                          </a:s>
                                          <a:s> )</a:s>
                                       </a:s>
                                    </a:s>
                                 </a:s>
                              </a:s>
                              <a:s>
      and </a:s>
                              <a:s r="538">
                                 <a:s r="529">
                                    <a:s>FollowupGlucoseTestTime</a:s>
                                 </a:s>
                                 <a:s r="538"> during </a:s>
                                 <a:s r="532">
                                    <a:s r="530">
                                       <a:s>Global</a:s>
                                    </a:s>
                                    <a:s>.</a:s>
                                    <a:s r="532">
                                       <a:s>&quot;HospitalizationWithObservation&quot; ( </a:s>
                                       <a:s r="531">
                                          <a:s>QualifyingEncounter</a:s>
                                       </a:s>
                                       <a:s> )</a:s>
                                    </a:s>
                                 </a:s>
                              </a:s>
                           </a:s>
                           <a:s>
      and </a:s>
                           <a:s r="544">
                              <a:s r="541">
                                 <a:s r="540">
                                    <a:s>FollowupGlucoseTest</a:s>
                                 </a:s>
                                 <a:s>.</a:s>
                                 <a:s r="541">
                                    <a:s>id</a:s>
                                 </a:s>
                              </a:s>
                              <a:s> !~ </a:s>
                              <a:s r="543">
                                 <a:s r="542">
                                    <a:s>LowGlucoseTest</a:s>
                                 </a:s>
                                 <a:s>.</a:s>
                                 <a:s r="543">
                                    <a:s>id</a:s>
                                 </a:s>
                              </a:s>
                           </a:s>
                        </a:s>
                        <a:s>
      and </a:s>
                        <a:s r="545">
                           <a:s r="547">
                              <a:s r="546">
                                 <a:s>FollowupGlucoseTest</a:s>
                              </a:s>
                              <a:s>.</a:s>
                              <a:s r="547">
                                 <a:s>result</a:s>
                              </a:s>
                           </a:s>
                           <a:s> > </a:s>
                           <a:s r="560">
                              <a:s>80 'mg/dL'</a:s>
                           </a:s>
                        </a:s>
                     </a:s>
                  </a:s>
                  <a:s>
    </a:s>
                  <a:s r="562">
                     <a:s>return </a:s>
                     <a:s r="563">
                        <a:s>LowGlucoseTest</a:s>
                     </a:s>
                  </a:s>
               </a:s>
            </a:s>
         </annotation>
         <resultTypeSpecifier localId="569" xsi:type="ListTypeSpecifier">
            <elementType localId="570" xmlns:ns32="urn:healthit-gov:qdm:v5_6" name="ns32:PositiveLaboratoryTestPerformed" xsi:type="NamedTypeSpecifier"/>
         </resultTypeSpecifier>
         <expression localId="566" locator="29:3-40:25" xsi:type="Query">
            <resultTypeSpecifier localId="567" xsi:type="ListTypeSpecifier">
               <elementType localId="568" xmlns:ns33="urn:healthit-gov:qdm:v5_6" name="ns33:PositiveLaboratoryTestPerformed" xsi:type="NamedTypeSpecifier"/>
            </resultTypeSpecifier>
            <source localId="348" locator="30:5-30:37" alias="QualifyingEncounter">
               <resultTypeSpecifier localId="352" xsi:type="ListTypeSpecifier">
                  <elementType localId="353" xmlns:ns34="urn:healthit-gov:qdm:v5_6" name="ns34:PositiveEncounterPerformed" xsi:type="NamedTypeSpecifier"/>
               </resultTypeSpecifier>
               <expression localId="349" locator="30:5-30:17" name="Denominator" xsi:type="ExpressionRef">
                  <resultTypeSpecifier localId="350" xsi:type="ListTypeSpecifier">
                     <elementType localId="351" xmlns:ns35="urn:healthit-gov:qdm:v5_6" name="ns35:PositiveEncounterPerformed" xsi:type="NamedTypeSpecifier"/>
                  </resultTypeSpecifier>
               </expression>
            </source>
            <source localId="354" locator="31:5-31:58" alias="LowGlucoseTest">
               <resultTypeSpecifier localId="469" xsi:type="ListTypeSpecifier">
                  <elementType localId="470" xmlns:ns36="urn:healthit-gov:qdm:v5_6" name="ns36:PositiveLaboratoryTestPerformed" xsi:type="NamedTypeSpecifier"/>
               </resultTypeSpecifier>
               <expression localId="466" locator="31:5-31:43" name="Glucose Test with Result Less Than 40" xsi:type="ExpressionRef">
                  <resultTypeSpecifier localId="467" xsi:type="ListTypeSpecifier">
                     <elementType localId="468" xmlns:ns37="urn:healthit-gov:qdm:v5_6" name="ns37:PositiveLaboratoryTestPerformed" xsi:type="NamedTypeSpecifier"/>
                  </resultTypeSpecifier>
               </expression>
            </source>
            <source localId="471" locator="32:5-32:90" alias="FollowupGlucoseTest">
               <resultTypeSpecifier localId="480" xsi:type="ListTypeSpecifier">
                  <elementType localId="481" xmlns:ns38="urn:healthit-gov:qdm:v5_6" name="ns38:PositiveLaboratoryTestPerformed" xsi:type="NamedTypeSpecifier"/>
               </resultTypeSpecifier>
               <expression localId="474" locator="32:5-32:70" xmlns:ns39="urn:healthit-gov:qdm:v5_6" dataType="ns39:PositiveLaboratoryTestPerformed" templateId="PositiveLaboratoryTestPerformed" codeProperty="code" codeComparator="in" xsi:type="Retrieve">
                  <resultTypeSpecifier localId="478" xsi:type="ListTypeSpecifier">
                     <elementType localId="479" xmlns:ns40="urn:healthit-gov:qdm:v5_6" name="ns40:PositiveLaboratoryTestPerformed" xsi:type="NamedTypeSpecifier"/>
                  </resultTypeSpecifier>
                  <codes localId="473" locator="32:36-32:69" resultTypeName="t:ValueSet" name="Glucose Lab Test Mass Per Volume" preserve="true" xsi:type="ValueSetRef"/>
               </expression>
            </source>
            <let localId="482" locator="33:9-33:111" resultTypeName="t:DateTime" identifier="GlucoseTestTime">
               <expression localId="492" locator="33:26-33:111" resultTypeName="t:DateTime" name="EarliestOf" libraryName="Global" xsi:type="FunctionRef">
                  <operand localId="485" locator="33:48-33:78" resultTypeName="t:DateTime" path="relevantDatetime" scope="LowGlucoseTest" xsi:type="Property"/>
                  <operand localId="487" locator="33:81-33:109" path="relevantPeriod" scope="LowGlucoseTest" xsi:type="Property">
                     <resultTypeSpecifier localId="490" xsi:type="IntervalTypeSpecifier">
                        <pointType localId="491" name="t:DateTime" xsi:type="NamedTypeSpecifier"/>
                     </resultTypeSpecifier>
                  </operand>
               </expression>
            </let>
            <let localId="493" locator="34:5-34:125" resultTypeName="t:DateTime" identifier="FollowupGlucoseTestTime">
               <expression localId="503" locator="34:30-34:125" resultTypeName="t:DateTime" name="EarliestOf" libraryName="Global" xsi:type="FunctionRef">
                  <operand localId="496" locator="34:52-34:87" resultTypeName="t:DateTime" path="relevantDatetime" scope="FollowupGlucoseTest" xsi:type="Property"/>
                  <operand localId="498" locator="34:90-34:123" path="relevantPeriod" scope="FollowupGlucoseTest" xsi:type="Property">
                     <resultTypeSpecifier localId="501" xsi:type="IntervalTypeSpecifier">
                        <pointType localId="502" name="t:DateTime" xsi:type="NamedTypeSpecifier"/>
                     </resultTypeSpecifier>
                  </operand>
               </expression>
            </let>
            <where localId="504" locator="35:5-39:49" resultTypeName="t:Boolean" xsi:type="And">
               <operand localId="505" locator="35:11-38:53" resultTypeName="t:Boolean" xsi:type="And">
                  <operand localId="506" locator="35:11-37:104" resultTypeName="t:Boolean" xsi:type="And">
                     <operand localId="507" locator="35:11-36:96" resultTypeName="t:Boolean" xsi:type="And">
                        <operand localId="518" locator="35:11-35:73" resultTypeName="t:Boolean" xsi:type="And">
                           <operand localId="515" locator="35:35-35:51" xsi:type="In">
                              <operand localId="508" locator="35:11-35:33" resultTypeName="t:DateTime" name="FollowupGlucoseTestTime" xsi:type="QueryLetRef"/>
                              <operand localId="512" locator="35:35-35:51" lowClosed="false" highClosed="true" xsi:type="Interval">
                                 <resultTypeSpecifier localId="513" xsi:type="IntervalTypeSpecifier">
                                    <pointType localId="514" name="t:DateTime" xsi:type="NamedTypeSpecifier"/>
                                 </resultTypeSpecifier>
                                 <low localId="509" locator="35:59-35:73" resultTypeName="t:DateTime" name="GlucoseTestTime" xsi:type="QueryLetRef"/>
                                 <high localId="511" locator="35:59-35:73" xsi:type="Add">
                                    <operand localId="509" locator="35:59-35:73" resultTypeName="t:DateTime" name="GlucoseTestTime" xsi:type="QueryLetRef"/>
                                    <operand localId="510" locator="35:35-35:43" resultTypeName="t:Quantity" value="5" unit="minutes" xsi:type="Quantity"/>
                                 </high>
                              </operand>
                           </operand>
                           <operand localId="517" locator="35:35-35:51" xsi:type="Not">
                              <operand localId="516" locator="35:35-35:51" xsi:type="IsNull">
                                 <operand localId="509" locator="35:59-35:73" resultTypeName="t:DateTime" name="GlucoseTestTime" xsi:type="QueryLetRef"/>
                              </operand>
                           </operand>
                        </operand>
                        <operand localId="528" locator="36:11-36:96" resultTypeName="t:Boolean" xsi:type="In">
                           <operand localId="519" locator="36:11-36:25" resultTypeName="t:DateTime" name="GlucoseTestTime" xsi:type="QueryLetRef"/>
                           <operand localId="522" locator="36:34-36:96" name="HospitalizationWithObservation" libraryName="Global" xsi:type="FunctionRef">
                              <resultTypeSpecifier localId="525" xsi:type="IntervalTypeSpecifier">
                                 <pointType localId="526" name="t:DateTime" xsi:type="NamedTypeSpecifier"/>
                              </resultTypeSpecifier>
                              <operand localId="521" locator="36:76-36:94" xmlns:ns41="urn:healthit-gov:qdm:v5_6" resultTypeName="ns41:PositiveEncounterPerformed" name="QualifyingEncounter" xsi:type="AliasRef"/>
                           </operand>
                        </operand>
                     </operand>
                     <operand localId="538" locator="37:11-37:104" resultTypeName="t:Boolean" xsi:type="In">
                        <operand localId="529" locator="37:11-37:33" resultTypeName="t:DateTime" name="FollowupGlucoseTestTime" xsi:type="QueryLetRef"/>
                        <operand localId="532" locator="37:42-37:104" name="HospitalizationWithObservation" libraryName="Global" xsi:type="FunctionRef">
                           <resultTypeSpecifier localId="535" xsi:type="IntervalTypeSpecifier">
                              <pointType localId="536" name="t:DateTime" xsi:type="NamedTypeSpecifier"/>
                           </resultTypeSpecifier>
                           <operand localId="531" locator="37:84-37:102" xmlns:ns42="urn:healthit-gov:qdm:v5_6" resultTypeName="ns42:PositiveEncounterPerformed" name="QualifyingEncounter" xsi:type="AliasRef"/>
                        </operand>
                     </operand>
                  </operand>
                  <operand localId="544" locator="38:11-38:53" resultTypeName="t:Boolean" xsi:type="Not">
                     <operand localId="539" locator="38:11-38:53" resultTypeName="t:Boolean" xsi:type="Equivalent">
                        <operand localId="541" locator="38:11-38:32" resultTypeName="t:String" path="id" scope="FollowupGlucoseTest" xsi:type="Property"/>
                        <operand localId="543" locator="38:37-38:53" resultTypeName="t:String" path="id" scope="LowGlucoseTest" xsi:type="Property"/>
                     </operand>
                  </operand>
               </operand>
               <operand localId="545" locator="39:11-39:49" resultTypeName="t:Boolean" xsi:type="Greater">
                  <operand localId="561" asType="t:Quantity" xsi:type="As">
                     <operand localId="547" locator="39:11-39:36" path="result" scope="FollowupGlucoseTest" xsi:type="Property">
                        <resultTypeSpecifier localId="554" xsi:type="ChoiceTypeSpecifier">
                           <choice localId="555" name="t:Integer" xsi:type="NamedTypeSpecifier"/>
                           <choice localId="556" name="t:Decimal" xsi:type="NamedTypeSpecifier"/>
                           <choice localId="557" name="t:Code" xsi:type="NamedTypeSpecifier"/>
                           <choice localId="558" name="t:Quantity" xsi:type="NamedTypeSpecifier"/>
                           <choice localId="559" name="t:Ratio" xsi:type="NamedTypeSpecifier"/>
                        </resultTypeSpecifier>
                     </operand>
                  </operand>
                  <operand localId="560" locator="39:40-39:49" resultTypeName="t:Quantity" value="80" unit="mg/dL" xsi:type="Quantity"/>
               </operand>
            </where>
            <return localId="562" locator="40:5-40:25">
               <resultTypeSpecifier localId="564" xsi:type="ListTypeSpecifier">
                  <elementType localId="565" xmlns:ns43="urn:healthit-gov:qdm:v5_6" name="ns43:PositiveLaboratoryTestPerformed" xsi:type="NamedTypeSpecifier"/>
               </resultTypeSpecifier>
               <expression localId="563" locator="40:12-40:25" xmlns:ns44="urn:healthit-gov:qdm:v5_6" resultTypeName="ns44:PositiveLaboratoryTestPerformed" name="LowGlucoseTest" xsi:type="AliasRef"/>
            </return>
         </expression>
      </def>
      <def localId="583" locator="62:1-64:108" name="Severe Hypoglycemic Harm Event" context="Patient" accessLevel="Public">
         <annotation xsi:type="a:Annotation">
            <a:s r="583">
               <a:s>define &quot;Severe Hypoglycemic Harm Event&quot;:
  </a:s>
               <a:s r="610">
                  <a:s>
                     <a:s r="584">
                        <a:s r="585">
                           <a:s>
                              <a:s>&quot;Glucose Test with Result Less Than 40&quot;</a:s>
                           </a:s>
                        </a:s>
                        <a:s> LowGlucoseTest</a:s>
                     </a:s>
                  </a:s>
                  <a:s>
    </a:s>
                  <a:s r="590">
                     <a:s>where </a:s>
                     <a:s r="590">
                        <a:s>not </a:s>
                        <a:s r="609">
                           <a:s>( </a:s>
                           <a:s r="609">
                              <a:s r="592">
                                 <a:s r="591">
                                    <a:s>LowGlucoseTest</a:s>
                                 </a:s>
                                 <a:s>.</a:s>
                                 <a:s r="592">
                                    <a:s>id</a:s>
                                 </a:s>
                              </a:s>
                              <a:s> in </a:s>
                              <a:s r="603">
                                 <a:s r="593">
                                    <a:s>&quot;Low Glucose Test Followed By Glucose Test Result Greater Than 80&quot;</a:s>
                                 </a:s>
                                 <a:s>.</a:s>
                                 <a:s r="603">
                                    <a:s>id</a:s>
                                 </a:s>
                              </a:s>
                           </a:s>
                           <a:s> )</a:s>
                        </a:s>
                     </a:s>
                  </a:s>
               </a:s>
            </a:s>
         </annotation>
         <resultTypeSpecifier localId="703" xsi:type="ListTypeSpecifier">
            <elementType localId="704" xmlns:ns45="urn:healthit-gov:qdm:v5_6" name="ns45:PositiveLaboratoryTestPerformed" xsi:type="NamedTypeSpecifier"/>
         </resultTypeSpecifier>
         <expression localId="610" locator="63:3-64:108" xsi:type="Query">
            <resultTypeSpecifier localId="611" xsi:type="ListTypeSpecifier">
               <elementType localId="612" xmlns:ns46="urn:healthit-gov:qdm:v5_6" name="ns46:PositiveLaboratoryTestPerformed" xsi:type="NamedTypeSpecifier"/>
            </resultTypeSpecifier>
            <source localId="584" locator="63:3-63:56" alias="LowGlucoseTest">
               <resultTypeSpecifier localId="588" xsi:type="ListTypeSpecifier">
                  <elementType localId="589" xmlns:ns47="urn:healthit-gov:qdm:v5_6" name="ns47:PositiveLaboratoryTestPerformed" xsi:type="NamedTypeSpecifier"/>
               </resultTypeSpecifier>
               <expression localId="585" locator="63:3-63:41" name="Glucose Test with Result Less Than 40" xsi:type="ExpressionRef">
                  <resultTypeSpecifier localId="586" xsi:type="ListTypeSpecifier">
                     <elementType localId="587" xmlns:ns48="urn:healthit-gov:qdm:v5_6" name="ns48:PositiveLaboratoryTestPerformed" xsi:type="NamedTypeSpecifier"/>
                  </resultTypeSpecifier>
               </expression>
            </source>
            <where localId="590" locator="64:5-64:108" resultTypeName="t:Boolean" xsi:type="Not">
               <operand localId="609" locator="64:15-64:108" resultTypeName="t:Boolean" xsi:type="In">
                  <operand localId="592" locator="64:17-64:33" resultTypeName="t:String" path="id" scope="LowGlucoseTest" xsi:type="Property"/>
                  <operand localId="603" locator="64:38-64:106" xsi:type="Query">
                     <resultTypeSpecifier localId="607" xsi:type="ListTypeSpecifier">
                        <elementType localId="608" name="t:String" xsi:type="NamedTypeSpecifier"/>
                     </resultTypeSpecifier>
                     <source localId="602" alias="$this">
                        <expression localId="593" locator="64:38-64:103" name="Low Glucose Test Followed By Glucose Test Result Greater Than 80" xsi:type="ExpressionRef">
                           <resultTypeSpecifier localId="594" xsi:type="ListTypeSpecifier">
                              <elementType localId="595" xmlns:ns49="urn:healthit-gov:qdm:v5_6" name="ns49:PositiveLaboratoryTestPerformed" xsi:type="NamedTypeSpecifier"/>
                           </resultTypeSpecifier>
                        </expression>
                     </source>
                     <where localId="599" xsi:type="Not">
                        <operand localId="598" xsi:type="IsNull">
                           <operand localId="597" path="id" xsi:type="Property">
                              <source localId="596" name="$this" xsi:type="AliasRef"/>
                           </operand>
                        </operand>
                     </where>
                     <return localId="604" distinct="false">
                        <expression localId="601" path="id" xsi:type="Property">
                           <source localId="600" name="$this" xsi:type="AliasRef"/>
                        </expression>
                     </return>
                  </operand>
               </operand>
            </where>
         </expression>
      </def>
      <def localId="574" locator="84:1-91:35" name="Encounter with Severe Hypoglycemic Harm Event" context="Patient" accessLevel="Public">
         <annotation xsi:type="a:Annotation">
            <a:s r="574">
               <a:s>define &quot;Encounter with Severe Hypoglycemic Harm Event&quot;:
  </a:s>
               <a:s r="651">
                  <a:s>
                     <a:s>from
    </a:s>
                     <a:s r="575">
                        <a:s r="576">
                           <a:s>
                              <a:s>&quot;Denominator&quot;</a:s>
                           </a:s>
                        </a:s>
                        <a:s> InpatientHospitalization</a:s>
                     </a:s>
                     <a:s>,
    </a:s>
                     <a:s r="581">
                        <a:s r="615">
                           <a:s>
                              <a:s>&quot;Severe Hypoglycemic Harm Event&quot;</a:s>
                           </a:s>
                        </a:s>
                        <a:s> HypoglycemicEvent</a:s>
                     </a:s>
                  </a:s>
                  <a:s>
    </a:s>
                  <a:s>
                     <a:s>let </a:s>
                     <a:s r="620">
                        <a:s>GlucoseTestTime: </a:s>
                        <a:s r="630">
                           <a:s r="621">
                              <a:s>Global</a:s>
                           </a:s>
                           <a:s>.</a:s>
                           <a:s r="630">
                              <a:s>&quot;EarliestOf&quot; ( </a:s>
                              <a:s r="623">
                                 <a:s r="622">
                                    <a:s>HypoglycemicEvent</a:s>
                                 </a:s>
                                 <a:s>.</a:s>
                                 <a:s r="623">
                                    <a:s>relevantDatetime</a:s>
                                 </a:s>
                              </a:s>
                              <a:s>, </a:s>
                              <a:s r="625">
                                 <a:s r="624">
                                    <a:s>HypoglycemicEvent</a:s>
                                 </a:s>
                                 <a:s>.</a:s>
                                 <a:s r="625">
                                    <a:s>relevantPeriod</a:s>
                                 </a:s>
                              </a:s>
                              <a:s> )</a:s>
                           </a:s>
                        </a:s>
                     </a:s>
                     <a:s>,
    </a:s>
                     <a:s r="631">
                        <a:s>HospitalizationInterval: </a:s>
                        <a:s r="634">
                           <a:s r="632">
                              <a:s>Global</a:s>
                           </a:s>
                           <a:s>.</a:s>
                           <a:s r="634">
                              <a:s>&quot;HospitalizationWithObservation&quot; ( </a:s>
                              <a:s r="633">
                                 <a:s>InpatientHospitalization</a:s>
                              </a:s>
                              <a:s> )</a:s>
                           </a:s>
                        </a:s>
                     </a:s>
                  </a:s>
                  <a:s>
    </a:s>
                  <a:s r="646">
                     <a:s>where </a:s>
                     <a:s r="646">
                        <a:s r="641">
                           <a:s>GlucoseTestTime</a:s>
                        </a:s>
                        <a:s r="646"> during </a:s>
                        <a:s r="642">
                           <a:s>HospitalizationInterval</a:s>
                        </a:s>
                     </a:s>
                  </a:s>
                  <a:s>
    </a:s>
                  <a:s r="647">
                     <a:s>return </a:s>
                     <a:s r="648">
                        <a:s>InpatientHospitalization</a:s>
                     </a:s>
                  </a:s>
               </a:s>
            </a:s>
         </annotation>
         <resultTypeSpecifier localId="709" xsi:type="ListTypeSpecifier">
            <elementType localId="710" xmlns:ns50="urn:healthit-gov:qdm:v5_6" name="ns50:PositiveEncounterPerformed" xsi:type="NamedTypeSpecifier"/>
         </resultTypeSpecifier>
         <expression localId="651" locator="85:3-91:35" xsi:type="Query">
            <resultTypeSpecifier localId="652" xsi:type="ListTypeSpecifier">
               <elementType localId="653" xmlns:ns51="urn:healthit-gov:qdm:v5_6" name="ns51:PositiveEncounterPerformed" xsi:type="NamedTypeSpecifier"/>
            </resultTypeSpecifier>
            <source localId="575" locator="86:5-86:42" alias="InpatientHospitalization">
               <resultTypeSpecifier localId="579" xsi:type="ListTypeSpecifier">
                  <elementType localId="580" xmlns:ns52="urn:healthit-gov:qdm:v5_6" name="ns52:PositiveEncounterPerformed" xsi:type="NamedTypeSpecifier"/>
               </resultTypeSpecifier>
               <expression localId="576" locator="86:5-86:17" name="Denominator" xsi:type="ExpressionRef">
                  <resultTypeSpecifier localId="577" xsi:type="ListTypeSpecifier">
                     <elementType localId="578" xmlns:ns53="urn:healthit-gov:qdm:v5_6" name="ns53:PositiveEncounterPerformed" xsi:type="NamedTypeSpecifier"/>
                  </resultTypeSpecifier>
               </expression>
            </source>
            <source localId="581" locator="87:5-87:54" alias="HypoglycemicEvent">
               <resultTypeSpecifier localId="618" xsi:type="ListTypeSpecifier">
                  <elementType localId="619" xmlns:ns54="urn:healthit-gov:qdm:v5_6" name="ns54:PositiveLaboratoryTestPerformed" xsi:type="NamedTypeSpecifier"/>
               </resultTypeSpecifier>
               <expression localId="615" locator="87:5-87:36" name="Severe Hypoglycemic Harm Event" xsi:type="ExpressionRef">
                  <resultTypeSpecifier localId="616" xsi:type="ListTypeSpecifier">
                     <elementType localId="617" xmlns:ns55="urn:healthit-gov:qdm:v5_6" name="ns55:PositiveLaboratoryTestPerformed" xsi:type="NamedTypeSpecifier"/>
                  </resultTypeSpecifier>
               </expression>
            </source>
            <let localId="620" locator="88:9-88:117" resultTypeName="t:DateTime" identifier="GlucoseTestTime">
               <expression localId="630" locator="88:26-88:117" resultTypeName="t:DateTime" name="EarliestOf" libraryName="Global" xsi:type="FunctionRef">
                  <operand localId="623" locator="88:48-88:81" resultTypeName="t:DateTime" path="relevantDatetime" scope="HypoglycemicEvent" xsi:type="Property"/>
                  <operand localId="625" locator="88:84-88:115" path="relevantPeriod" scope="HypoglycemicEvent" xsi:type="Property">
                     <resultTypeSpecifier localId="628" xsi:type="IntervalTypeSpecifier">
                        <pointType localId="629" name="t:DateTime" xsi:type="NamedTypeSpecifier"/>
                     </resultTypeSpecifier>
                  </operand>
               </expression>
            </let>
            <let localId="631" locator="89:5-89:97" identifier="HospitalizationInterval">
               <resultTypeSpecifier localId="639" xsi:type="IntervalTypeSpecifier">
                  <pointType localId="640" name="t:DateTime" xsi:type="NamedTypeSpecifier"/>
               </resultTypeSpecifier>
               <expression localId="634" locator="89:30-89:97" name="HospitalizationWithObservation" libraryName="Global" xsi:type="FunctionRef">
                  <resultTypeSpecifier localId="637" xsi:type="IntervalTypeSpecifier">
                     <pointType localId="638" name="t:DateTime" xsi:type="NamedTypeSpecifier"/>
                  </resultTypeSpecifier>
                  <operand localId="633" locator="89:72-89:95" xmlns:ns56="urn:healthit-gov:qdm:v5_6" resultTypeName="ns56:PositiveEncounterPerformed" name="InpatientHospitalization" xsi:type="AliasRef"/>
               </expression>
            </let>
            <where localId="646" locator="90:5-90:56" resultTypeName="t:Boolean" xsi:type="In">
               <operand localId="641" locator="90:11-90:25" resultTypeName="t:DateTime" name="GlucoseTestTime" xsi:type="QueryLetRef"/>
               <operand localId="642" locator="90:34-90:56" name="HospitalizationInterval" xsi:type="QueryLetRef">
                  <resultTypeSpecifier localId="643" xsi:type="IntervalTypeSpecifier">
                     <pointType localId="644" name="t:DateTime" xsi:type="NamedTypeSpecifier"/>
                  </resultTypeSpecifier>
               </operand>
            </where>
            <return localId="647" locator="91:5-91:35">
               <resultTypeSpecifier localId="649" xsi:type="ListTypeSpecifier">
                  <elementType localId="650" xmlns:ns57="urn:healthit-gov:qdm:v5_6" name="ns57:PositiveEncounterPerformed" xsi:type="NamedTypeSpecifier"/>
               </resultTypeSpecifier>
               <expression localId="648" locator="91:12-91:35" xmlns:ns58="urn:healthit-gov:qdm:v5_6" resultTypeName="ns58:PositiveEncounterPerformed" name="InpatientHospitalization" xsi:type="AliasRef"/>
            </return>
         </expression>
      </def>
      <def localId="572" locator="42:1-43:49" name="Numerator" context="Patient" accessLevel="Public">
         <annotation xsi:type="a:Annotation">
            <a:s r="572">
               <a:s>define &quot;Numerator&quot;:
  </a:s>
               <a:s r="656">
                  <a:s>&quot;Encounter with Severe Hypoglycemic Harm Event&quot;</a:s>
               </a:s>
            </a:s>
         </annotation>
         <resultTypeSpecifier localId="659" xsi:type="ListTypeSpecifier">
            <elementType localId="660" xmlns:ns59="urn:healthit-gov:qdm:v5_6" name="ns59:PositiveEncounterPerformed" xsi:type="NamedTypeSpecifier"/>
         </resultTypeSpecifier>
         <expression localId="656" locator="43:3-43:49" name="Encounter with Severe Hypoglycemic Harm Event" xsi:type="ExpressionRef">
            <resultTypeSpecifier localId="657" xsi:type="ListTypeSpecifier">
               <elementType localId="658" xmlns:ns60="urn:healthit-gov:qdm:v5_6" name="ns60:PositiveEncounterPerformed" xsi:type="NamedTypeSpecifier"/>
            </resultTypeSpecifier>
         </expression>
      </def>
      <def localId="664" locator="50:1-51:51" name="SDE Ethnicity" context="Patient" accessLevel="Public">
         <annotation xsi:type="a:Annotation">
            <a:s r="664">
               <a:s>define &quot;SDE Ethnicity&quot;:
  </a:s>
               <a:s r="667">
                  <a:s>[&quot;Patient Characteristic Ethnicity&quot;: </a:s>
                  <a:s>
                     <a:s>&quot;Ethnicity&quot;</a:s>
                  </a:s>
                  <a:s>]</a:s>
               </a:s>
            </a:s>
         </annotation>
         <resultTypeSpecifier localId="671" xsi:type="ListTypeSpecifier">
            <elementType localId="672" xmlns:ns61="urn:healthit-gov:qdm:v5_6" name="ns61:PatientCharacteristicEthnicity" xsi:type="NamedTypeSpecifier"/>
         </resultTypeSpecifier>
         <expression localId="667" locator="51:3-51:51" xmlns:ns62="urn:healthit-gov:qdm:v5_6" dataType="ns62:PatientCharacteristicEthnicity" codeProperty="code" codeComparator="in" xsi:type="Retrieve">
            <resultTypeSpecifier localId="669" xsi:type="ListTypeSpecifier">
               <elementType localId="670" xmlns:ns63="urn:healthit-gov:qdm:v5_6" name="ns63:PatientCharacteristicEthnicity" xsi:type="NamedTypeSpecifier"/>
            </resultTypeSpecifier>
            <codes localId="666" locator="51:40-51:50" resultTypeName="t:ValueSet" name="Ethnicity" preserve="true" xsi:type="ValueSetRef"/>
         </expression>
      </def>
      <def localId="674" locator="53:1-54:48" name="SDE Payer" context="Patient" accessLevel="Public">
         <annotation xsi:type="a:Annotation">
            <a:s r="674">
               <a:s>define &quot;SDE Payer&quot;:
  </a:s>
               <a:s r="677">
                  <a:s>[&quot;Patient Characteristic Payer&quot;: </a:s>
                  <a:s>
                     <a:s>&quot;Payer Type&quot;</a:s>
                  </a:s>
                  <a:s>]</a:s>
               </a:s>
            </a:s>
         </annotation>
         <resultTypeSpecifier localId="681" xsi:type="ListTypeSpecifier">
            <elementType localId="682" xmlns:ns64="urn:healthit-gov:qdm:v5_6" name="ns64:PatientCharacteristicPayer" xsi:type="NamedTypeSpecifier"/>
         </resultTypeSpecifier>
         <expression localId="677" locator="54:3-54:48" xmlns:ns65="urn:healthit-gov:qdm:v5_6" dataType="ns65:PatientCharacteristicPayer" codeProperty="code" codeComparator="in" xsi:type="Retrieve">
            <resultTypeSpecifier localId="679" xsi:type="ListTypeSpecifier">
               <elementType localId="680" xmlns:ns66="urn:healthit-gov:qdm:v5_6" name="ns66:PatientCharacteristicPayer" xsi:type="NamedTypeSpecifier"/>
            </resultTypeSpecifier>
            <codes localId="676" locator="54:36-54:47" resultTypeName="t:ValueSet" name="Payer Type" preserve="true" xsi:type="ValueSetRef"/>
         </expression>
      </def>
      <def localId="684" locator="56:1-57:41" name="SDE Race" context="Patient" accessLevel="Public">
         <annotation xsi:type="a:Annotation">
            <a:s r="684">
               <a:s>define &quot;SDE Race&quot;:
  </a:s>
               <a:s r="687">
                  <a:s>[&quot;Patient Characteristic Race&quot;: </a:s>
                  <a:s>
                     <a:s>&quot;Race&quot;</a:s>
                  </a:s>
                  <a:s>]</a:s>
               </a:s>
            </a:s>
         </annotation>
         <resultTypeSpecifier localId="691" xsi:type="ListTypeSpecifier">
            <elementType localId="692" xmlns:ns67="urn:healthit-gov:qdm:v5_6" name="ns67:PatientCharacteristicRace" xsi:type="NamedTypeSpecifier"/>
         </resultTypeSpecifier>
         <expression localId="687" locator="57:3-57:41" xmlns:ns68="urn:healthit-gov:qdm:v5_6" dataType="ns68:PatientCharacteristicRace" codeProperty="code" codeComparator="in" xsi:type="Retrieve">
            <resultTypeSpecifier localId="689" xsi:type="ListTypeSpecifier">
               <elementType localId="690" xmlns:ns69="urn:healthit-gov:qdm:v5_6" name="ns69:PatientCharacteristicRace" xsi:type="NamedTypeSpecifier"/>
            </resultTypeSpecifier>
            <codes localId="686" locator="57:35-57:40" resultTypeName="t:ValueSet" name="Race" preserve="true" xsi:type="ValueSetRef"/>
         </expression>
      </def>
      <def localId="694" locator="59:1-60:62" name="SDE Sex" context="Patient" accessLevel="Public">
         <annotation xsi:type="a:Annotation">
            <a:s r="694">
               <a:s>define &quot;SDE Sex&quot;:
  </a:s>
               <a:s r="697">
                  <a:s>[&quot;Patient Characteristic Sex&quot;: </a:s>
                  <a:s>
                     <a:s>&quot;Federal Administrative Sex&quot;</a:s>
                  </a:s>
                  <a:s>]</a:s>
               </a:s>
            </a:s>
         </annotation>
         <resultTypeSpecifier localId="701" xsi:type="ListTypeSpecifier">
            <elementType localId="702" xmlns:ns70="urn:healthit-gov:qdm:v5_6" name="ns70:PatientCharacteristicSex" xsi:type="NamedTypeSpecifier"/>
         </resultTypeSpecifier>
         <expression localId="697" locator="60:3-60:62" xmlns:ns71="urn:healthit-gov:qdm:v5_6" dataType="ns71:PatientCharacteristicSex" codeProperty="code" codeComparator="in" xsi:type="Retrieve">
            <resultTypeSpecifier localId="699" xsi:type="ListTypeSpecifier">
               <elementType localId="700" xmlns:ns72="urn:healthit-gov:qdm:v5_6" name="ns72:PatientCharacteristicSex" xsi:type="NamedTypeSpecifier"/>
            </resultTypeSpecifier>
            <codes localId="696" locator="60:34-60:61" resultTypeName="t:ValueSet" name="Federal Administrative Sex" preserve="true" xsi:type="ValueSetRef"/>
         </expression>
      </def>
   </statements>
</library>
