<?xml version="1.0" encoding="UTF-8" standalone="yes"?>
<QualityMeasureDocument xmlns="urn:hl7-org:v3" xmlns:cql-ext="urn:hhs-cql:hqmf-n1-extensions:v1"
                        xmlns:xsi="http://www.w3.org/2001/XMLSchema-instance">

      <!--
            **************************************************************
            Measure Details Section
            **************************************************************
        -->

      <typeId extension="POQM_HD000001UV02" root="2.16.840.1.113883.1.3"/>
   <templateId>
      <item extension="2021-02-01" root="2.16.840.1.113883.10.20.28.1.2"/>
   </templateId>
   <id root="2c928083-7f47-c81f-017f-9487c6aa2164"/>
   <code code="57024-2" codeSystem="2.16.840.1.113883.6.1">
      <displayName value="Health Quality Measure Document"/>
   </code>
   <title
          value="Median Admit Decision Time to ED Departure Time for Admitted Patients"/>
   <text
         value="Median time (in minutes) from admit decision time to time of departure from the emergency department (ED) for emergency department patients admitted to inpatient status"/>
   <statusCode code="COMPLETED"/>
   <setId root="979f21bd-3f93-4cdd-8273-b23dfe9c0513"/>
   <versionNumber value="11.1.000"/>
   <author>
      <responsibleParty classCode="ASSIGNED">
         <representedResponsibleOrganization classCode="ORG" determinerCode="INSTANCE">
            <id>
               <item root="2.16.840.1.113883.3.666"/>
            </id>
            <name>
               <item>
                  <part value="Oklahoma Foundation for Medical Quality"/>
               </item>
            </name>
         </representedResponsibleOrganization>
      </responsibleParty>
   </author>
   <custodian>
      <responsibleParty classCode="ASSIGNED">
         <representedResponsibleOrganization classCode="ORG" determinerCode="INSTANCE">
            <id>
               <item root="93"/>
            </id>
            <name>
               <item>
                  <part value="Centers for Medicare &amp; Medicaid Services (CMS)"/>
               </item>
            </name>
         </representedResponsibleOrganization>
      </responsibleParty>
   </custodian>
   <!--Payer-->
     	 <definition>
      <valueSet classCode="OBS" moodCode="DEF">
         <id root="2.16.840.1.114222.4.11.3591"/>
         <title value="Payer"/>
      </valueSet>
   </definition>
   <!--ONC Administrative Sex-->
     	 <definition>
      <valueSet classCode="OBS" moodCode="DEF">
         <id root="2.16.840.1.113762.1.4.1"/>
         <title value="ONC Administrative Sex"/>
      </valueSet>
   </definition>
   <!--Ethnicity-->
     	 <definition>
      <valueSet classCode="OBS" moodCode="DEF">
         <id root="2.16.840.1.114222.4.11.837"/>
         <title value="Ethnicity"/>
      </valueSet>
   </definition>
   <!--Race-->
     	 <definition>
      <valueSet classCode="OBS" moodCode="DEF">
         <id root="2.16.840.1.114222.4.11.836"/>
         <title value="Race"/>
      </valueSet>
   </definition>
   <!--Emergency Department Evaluation-->
     	 <definition>
      <valueSet classCode="OBS" moodCode="DEF">
         <id root="2.16.840.1.113762.1.4.1111.163"/>
         <title value="Emergency Department Evaluation"/>
      </valueSet>
   </definition>
   <!--Emergency Department Visit-->
     	 <definition>
      <valueSet classCode="OBS" moodCode="DEF">
         <id root="2.16.840.1.113883.3.117.1.7.1.292"/>
         <title value="Emergency Department Visit"/>
      </valueSet>
   </definition>
   <!--Decision to Admit to Hospital Inpatient-->
     	 <definition>
      <valueSet classCode="OBS" moodCode="DEF">
         <id root="2.16.840.1.113883.3.117.1.7.1.295"/>
         <title value="Decision to Admit to Hospital Inpatient"/>
      </valueSet>
   </definition>
   <!--Encounter Inpatient-->
     	 <definition>
      <valueSet classCode="OBS" moodCode="DEF">
         <id root="2.16.840.1.113883.3.666.5.307"/>
         <title value="Encounter Inpatient"/>
      </valueSet>
   </definition>
   <!--Hospital Settings-->
     	 <definition>
      <valueSet classCode="OBS" moodCode="DEF">
         <id root="2.16.840.1.113762.1.4.1111.126"/>
         <title value="Hospital Settings"/>
      </valueSet>
   </definition>
   <!--Psychiatric/Mental Health Diagnosis-->
     	 <definition>
      <valueSet classCode="OBS" moodCode="DEF">
         <id root="2.16.840.1.113883.3.117.1.7.1.299"/>
         <title value="Psychiatric/Mental Health Diagnosis"/>
      </valueSet>
   </definition>
   <!--Admit Inpatient-->
     	 <definition>
      <valueSet classCode="OBS" moodCode="DEF">
         <id root="2.16.840.1.113762.1.4.1111.164"/>
         <title value="Admit Inpatient"/>
      </valueSet>
   </definition>
   <relatedDocument typeCode="COMP">
      <expressionDocument>
         <id root="73685C19-2D55-44E6-ACD1-F2BEF7FEF42F"/>
         <text mediaType="text/cql">
            <reference value="https://emeasuretool.cms.gov/libraries/979f21bd-3f93-4cdd-8273-b23dfe9c0513/CMS111-v11-1-000-QDM-5-6.cql"/>
            <translation mediaType="application/elm+xml">
               <reference value="https://emeasuretool.cms.gov/libraries/979f21bd-3f93-4cdd-8273-b23dfe9c0513/CMS111-v11-1-000-QDM-5-6.xml"/>
            </translation>
            <translation mediaType="application/elm+json">
               <reference value="https://emeasuretool.cms.gov/libraries/979f21bd-3f93-4cdd-8273-b23dfe9c0513/CMS111-v11-1-000-QDM-5-6.json"/>
            </translation>
         </text>
         <setId extension="979f21bd-3f93-4cdd-8273-b23dfe9c0513"
                identifierName="MedianAdmitDecisionTimetoEDDepartureTimeforAdmittedPatients"
                root="https://emeasuretool.cms.gov/libraries"/>
         <versionNumber value="11.1.000"/>
      </expressionDocument>
   </relatedDocument>
   <relatedDocument typeCode="COMP">
      <expressionDocument>
         <id root="2c9280857b2aeb52017b5f8b96c31ff8"/>
         <text mediaType="text/cql">
            <reference value="https://emeasuretool.cms.gov/libraries/8bdc0a19-b210-4a58-8a07-f5d95a34eca9/MATGlobalCommonFunctions-v7-0-000-QDM-5-6.cql"/>
            <translation mediaType="application/elm+xml">
               <reference value="https://emeasuretool.cms.gov/libraries/8bdc0a19-b210-4a58-8a07-f5d95a34eca9/MATGlobalCommonFunctions-v7-0-000-QDM-5-6.xml"/>
            </translation>
            <translation mediaType="application/elm+json">
               <reference value="https://emeasuretool.cms.gov/libraries/8bdc0a19-b210-4a58-8a07-f5d95a34eca9/MATGlobalCommonFunctions-v7-0-000-QDM-5-6.json"/>
            </translation>
         </text>
         <setId extension="8bdc0a19-b210-4a58-8a07-f5d95a34eca9"
                identifierName="MATGlobalCommonFunctions"
                root="https://emeasuretool.cms.gov/libraries"/>
         <versionNumber value="7.0.000"/>
      </expressionDocument>
   </relatedDocument>
   <controlVariable>
      <measurePeriod>
         <id extension="measureperiod" root="fbe9a6c4-3c35-4ba8-ab22-64a70458e2fa"/>
         <code code="MSRTP" codeSystem="2.16.840.1.113883.5.4">
            <originalText value="Measurement Period"/>
         </code>
         <value xsi:type="PIVL_TS">
            <phase highClosed="true" lowClosed="true">
               <low value="20220101"/>
               <width unit="a" value="1" xsi:type="PQ"/>
            </phase>
            <period unit="a" value="1"/>
         </value>
      </measurePeriod>
   </controlVariable>
   <subjectOf>
      <measureAttribute>
         <code nullFlavor="OTH">
            <originalText value="eCQM Identifier (Measure Authoring Tool)"/>
         </code>
         <value mediaType="text/plain" value="111" xsi:type="ED"/>
      </measureAttribute>
   </subjectOf>
   <subjectOf>
      <measureAttribute>
         <code nullFlavor="OTH">
            <originalText value="NQF Number"/>
         </code>
         <value mediaType="text/plain" value="Not Applicable" xsi:type="ED"/>
      </measureAttribute>
   </subjectOf>
   <subjectOf>
      <measureAttribute>
         <code code="COPY" codeSystem="2.16.840.1.113883.5.4">
            <displayName value="Copyright"/>
         </code>
         <value mediaType="text/plain"
                value="Limited proprietary coding is contained in the Measure specifications for user convenience. Users of proprietary code sets should obtain all necessary licenses from the owners of the code sets. Mathematica disclaims all liability for use or accuracy of any third-party codes contained in the specifications.&#xA;&#xA;CPT(R) contained in the measure specifications is copyright 2004-2021 American Medical Association. LOINC(R) copyright 2004-2021 Regenstrief Institute, Inc. This material contains SNOMED Clinical Terms(R) (SNOMED CT[R]) copyright 2004-2021 International Health Terminology Standards Development Organisation. ICD-10 copyright 2021 World Health Organization. All Rights Reserved."
                xsi:type="ED"/>
      </measureAttribute>
   </subjectOf>
   <subjectOf>
      <measureAttribute>
         <code code="DISC" codeSystem="2.16.840.1.113883.5.4">
            <displayName value="Disclaimer"/>
         </code>
         <value mediaType="text/plain"
                value="These performance measures are not clinical guidelines, do not establish a standard of medical care, and have not been tested for all potential applications.&#xA;&#xA;THE MEASURES AND SPECIFICATION ARE PROVIDED AS IS WITHOUT WARRANTY OF ANY KIND.&#xA;&#xA;Due to technical limitations, registered trademarks are indicated by (R) or [R] and unregistered trademarks are indicated by (TM) or [TM]."
                xsi:type="ED"/>
      </measureAttribute>
   </subjectOf>
   <subjectOf>
      <measureAttribute>
         <code code="MSRSCORE" codeSystem="2.16.840.1.113883.5.4">
            <displayName value="Measure Scoring"/>
         </code>
         <value code="CONTVAR" codeSystem="2.16.840.1.113883.5.1063" xsi:type="CD">
            <displayName value="Continuous Variable"/>
         </value>
      </measureAttribute>
   </subjectOf>
   <subjectOf>
      <measureAttribute>
         <code code="MSRTYPE" codeSystem="2.16.840.1.113883.5.4">
            <displayName value="Measure Type"/>
         </code>
         <value code="PROCESS" codeSystem="2.16.840.1.113883.5.1063" xsi:type="CD">
            <displayName value="PROCESS"/>
         </value>
      </measureAttribute>
   </subjectOf>
   <subjectOf>
      <measureAttribute>
         <code code="STRAT" codeSystem="2.16.840.1.113883.5.4">
            <displayName value="Stratification"/>
         </code>
         <value mediaType="text/plain"
                value="Report total score and the following strata:&#xA;Stratification 1 - all patients seen in the ED and admitted as an inpatient who do not have an inpatient encounter principal diagnosis (rank = 1) consistent with psychiatric/mental health disorders&#xA;Stratification 2 - all patients seen in the ED and admitted as an inpatient who have an inpatient encounter principal diagnosis (rank = 1) consistent with psychiatric/mental health disorders"
                xsi:type="ED"/>
      </measureAttribute>
   </subjectOf>
   <subjectOf>
      <measureAttribute>
         <code code="MSRADJ" codeSystem="2.16.840.1.113883.5.4">
            <displayName value="Risk Adjustment"/>
         </code>
         <value mediaType="text/plain" value="None" xsi:type="ED"/>
      </measureAttribute>
   </subjectOf>
   <subjectOf>
      <measureAttribute>
         <code code="MSRAGG" codeSystem="2.16.840.1.113883.5.4">
            <displayName value="Rate Aggregation"/>
         </code>
         <value mediaType="text/plain"
                value="Calculate the duration in minutes between the Decision to Admit time and the departure time for each ED encounter in the measure population; report the median time for all calculations performed. The specification provides elements from the clinical electronic record required to calculate for each ED encounter, i.e., the duration the patient was in the Emergency Department after the decision to admit, also stated as: the Datetime difference between the Emergency Department facility location departure date/time and the Decision to Admit date/time. The calculation requires the median across all ED encounter durations."
                xsi:type="ED"/>
      </measureAttribute>
   </subjectOf>
   <subjectOf>
      <measureAttribute>
         <code code="RAT" codeSystem="2.16.840.1.113883.5.4">
            <displayName value="Rationale"/>
         </code>
         <value mediaType="text/plain"
                value="Reducing the time patients remain in the emergency department (ED) can improve access to treatment and quality of care (Morley et al., 2018). Morley's study indicates that ED overcrowding contributes to poor patient outcomes, increased mortality, delayed assessment and care, increased inpatient length of stay, risk of readmission, reduced satisfaction, and exposure to error. A review by Boudi et al. (2020) noted that ED boarding time (defined as the time between the decision to admit to inpatient and physical departure from the ED) is associated with adverse patient outcomes, such as delays in antibiotic administration, delays in pain medication administration, lower patient satisfaction, prolonged times to disposition among patients with acute asthma, and higher complication rates for cardiovascular events. Addressing critical gaps in patient throughput effectively and efficiently will shorten the length of stay and improve the delivery of safe, high-quality and patient-centered care."
                xsi:type="ED"/>
      </measureAttribute>
   </subjectOf>
   <subjectOf>
      <measureAttribute>
         <code code="CRS" codeSystem="2.16.840.1.113883.5.4">
            <displayName value="Clinical Recommendation Statement"/>
         </code>
         <value mediaType="text/plain"
                value="Length of stay (LOS) in the emergency department is an important indicator and a tool to monitor emergency care. Increased LOS has been associated with delays in treatment, adverse outcomes, and decreased patient satisfaction (Mentzonie et al., 2019). Empirical evidence shows that shorter lengths of stay in the ED lead to improved clinical outcomes. Quality improvement efforts aimed at reducing length of ED stay and overcrowding have been associated with an increase in ED patient volume, decrease in number of patients who leave without being seen, reduction in costs, and increase in patient satisfaction (Bucci et al., 2016; Chang et al., 2017; Zocchi et al., 2015)."
                xsi:type="ED"/>
      </measureAttribute>
   </subjectOf>
   <subjectOf>
      <measureAttribute>
         <code code="IDUR" codeSystem="2.16.840.1.113883.5.4">
            <displayName value="Improvement Notation"/>
         </code>
         <value mediaType="text/plain"
                value="Improvement noted as a decrease in the median value"
                xsi:type="ED"/>
      </measureAttribute>
   </subjectOf>
   <subjectOf>
      <measureAttribute>
         <code code="REF" codeSystem="2.16.840.1.113883.5.4">
            <displayName value="Reference"/>
         </code>
         <value mediaType="text/plain"
                value="CITATIONAmerican College of Emergency Physicians (ACEP). (2017). Clinical Policy: Critical Issues in the Diagnosis and Management of the Adult Psychiatric Patient in the Emergency Department http://dx.doi.org/10.1016/j.annemergmed.2017.01.036"
                xsi:type="ED"/>
      </measureAttribute>
   </subjectOf>
   <subjectOf>
      <measureAttribute>
         <code code="REF" codeSystem="2.16.840.1.113883.5.4">
            <displayName value="Reference"/>
         </code>
         <value mediaType="text/plain"
                value="CITATIONBoudi, Z., Lauque, D., Alsabri, M., Ostlundh, L., Oneyji, C., Khalemsky, A. et al. (2020) Association between boarding in the emergency department and in-hospital mortality: A systematic review. PLoS ONE 15(4): e0231253. https://journals.plos.org/plosone/article?id=10.1371/journal.pone.0231253"
                xsi:type="ED"/>
      </measureAttribute>
   </subjectOf>
   <subjectOf>
      <measureAttribute>
         <code code="REF" codeSystem="2.16.840.1.113883.5.4">
            <displayName value="Reference"/>
         </code>
         <value mediaType="text/plain"
                value="CITATIONBucci, S., de Belvis, A. G., Marventano,S., De Leva, A. C., Tanzariello, M., Specchia, M. L., Ricciardi, W., and Franceschi, F., Emergency department crowding and hospital bed shortage: Is Lean a smart answer? A systematic review. Eur Rev Med Pharmacol Sci, 2016, 20(20), 4209-4219"
                xsi:type="ED"/>
      </measureAttribute>
   </subjectOf>
   <subjectOf>
      <measureAttribute>
         <code code="REF" codeSystem="2.16.840.1.113883.5.4">
            <displayName value="Reference"/>
         </code>
         <value mediaType="text/plain"
                value="CITATIONChang, A. M., Lin, A., Rongwei, F., McConnell, K. J., Sun, B. Associations of Emergency Department Length of Stay With Publicly Reported Quality-of-care Measures. Acad Emerg Med, 2017, 24(2), 246-250"
                xsi:type="ED"/>
      </measureAttribute>
   </subjectOf>
   <subjectOf>
      <measureAttribute>
         <code code="REF" codeSystem="2.16.840.1.113883.5.4">
            <displayName value="Reference"/>
         </code>
         <value mediaType="text/plain"
                value="CITATIONJoint Commission (2012). APPROVED: Standards Revisions Addressing Patient Flow Through the Emergency Department. Joint Commission Perspectives (R). https://cdn2.hubspot.net/hubfs/3835765/BedWatch_August2017/Docs/Stds_Rev_Patient_Flow.pdf?t=1504703794448"
                xsi:type="ED"/>
      </measureAttribute>
   </subjectOf>
   <subjectOf>
      <measureAttribute>
         <code code="REF" codeSystem="2.16.840.1.113883.5.4">
            <displayName value="Reference"/>
         </code>
         <value mediaType="text/plain"
                value="CITATIONLester, N. A., Thompson, L. R., Herget, K., Stephens, J. A., Campo, J. V., Adkins, E. J., Terndrup, T. E., &amp; Moffatt-Bruce, S. (2018). CALM Interventions: Behavioral Health Crisis Assessment, Linkage, and Management Improve Patient Care"
                xsi:type="ED"/>
      </measureAttribute>
   </subjectOf>
   <subjectOf>
      <measureAttribute>
         <code code="REF" codeSystem="2.16.840.1.113883.5.4">
            <displayName value="Reference"/>
         </code>
         <value mediaType="text/plain"
                value="CITATIONMentzoni et al. BMC Health Services Research (2019) 19:506 https://doi.org/10.1186/s12913-019-4342-4"
                xsi:type="ED"/>
      </measureAttribute>
   </subjectOf>
   <subjectOf>
      <measureAttribute>
         <code code="REF" codeSystem="2.16.840.1.113883.5.4">
            <displayName value="Reference"/>
         </code>
         <value mediaType="text/plain"
                value="CITATIONMorley, C., Unwin, M., Peterson, G. M., Stankovich, J., Kinsman, L. (2018) Emergency department crowding: A systematic review of causes, consequences and solutions. PLoS ONE 13(8): e0203316. https://doi.org/10.1371/journal.pone.0203316"
                xsi:type="ED"/>
      </measureAttribute>
   </subjectOf>
   <subjectOf>
      <measureAttribute>
         <code code="REF" codeSystem="2.16.840.1.113883.5.4">
            <displayName value="Reference"/>
         </code>
         <value mediaType="text/plain"
                value="CITATIONZocchi, M. S., M. S. McClelland, and J. M. Pines. Increasing Throughput: Results From A 42-Hospital Collaborative To Improve Emergency Department Flow. The Joint Commission Journal on Quality and Patient Safety, 2015, 41(12):532-542"
                xsi:type="ED"/>
      </measureAttribute>
   </subjectOf>
   <subjectOf>
      <measureAttribute>
         <code code="DEF" codeSystem="2.16.840.1.113883.5.4">
            <displayName value="Definition"/>
         </code>
         <value mediaType="text/plain"
                value="CMS Certification Number (CCN) is the hospitals identification number that is used for CMS certification"
                xsi:type="ED"/>
      </measureAttribute>
   </subjectOf>
   <subjectOf>
      <measureAttribute>
         <code code="GUIDE" codeSystem="2.16.840.1.113883.5.4">
            <displayName value="Guidance"/>
         </code>
         <value mediaType="text/plain"
                value="This measure specification delineates how to calculate the duration from the Decision to Admit to the departure from an Emergency Department (ED) visit.&#xA;&#xA;Decision to Admit: Documentation of the decision to admit the patient from the ED that is closest to the inpatient admission and since admission processes vary at different hospitals this can use either of the following:&#xA;1. An Order- A) admission order (this may be an operational order rather than the hospital admission to inpatient status order), B) disposition order (must explicitly state to admit), C) documented bed request, or D) documented acceptance from admitting physician. This is not the &quot;bed assignment time&quot; or &quot;report called time&quot;. Or&#xA;2. An Assessment- an ED evaluation that results in a decision to &quot;Admit Inpatient&quot;&#xA;&#xA;The decision to admit inpatient must be performed during the ED visit that is within one hour of the inpatient admission and prior to the patient departing the ED.&#xA;&#xA;The specification provides elements from the clinical electronic record required to calculate the median time, i.e., the duration from the decision to admit to the time the patient physically departed the ED.&#xA;&#xA;Patients with behavioral health emergencies are stratified because often these situations are confounded by policies and practices in the community that are beyond the control of any individual hospital and present the hospital with quality and safety circumstances different from those of the acute medical patients (Joint Commission, 2012). Recent peer-reviewed studies also demonstrate the need for dedicated emergency mental health services, supplying evidence that the clinical needs for these patients substantively differ from the non-psychiatric population (American College of Emergency Physicians (ACEP), 2017; Lester, 2018).&#xA;&#xA;The measure population includes patients with inpatient hospitalizations and patients from Acute Hospital Care at Home programs, who are treated and billed as inpatients but receive care in their home.&#xA;&#xA;This eCQM is an episode-based measure. An episode is defined as each inpatient hospitalization or encounter that ends during the measurement period. &#xA;&#xA;This version of the eCQM uses QDM version 5.6. Please refer to the eCQI resource center (https://ecqi.healthit.gov/qdm) for more information on the QDM."
                xsi:type="ED"/>
      </measureAttribute>
   </subjectOf>
   <subjectOf>
      <measureAttribute>
         <code code="TRANF" codeSystem="2.16.840.1.113883.5.4">
            <displayName value="Transmission Format"/>
         </code>
         <value mediaType="text/plain" value="TBD" xsi:type="ED"/>
      </measureAttribute>
   </subjectOf>
   <subjectOf>
      <measureAttribute>
         <code code="IPOP" codeSystem="2.16.840.1.113883.5.4">
            <displayName value="Initial Population"/>
         </code>
         <value mediaType="text/plain"
                value="Inpatient hospitalizations ending during the measurement period with length of stay less than or equal to 120 days, where the patient received services during the preceding emergency department (ED) visit at the facility when a decision to admit inpatient was made prior to departing the ED"
                xsi:type="ED"/>
      </measureAttribute>
   </subjectOf>
   <subjectOf>
      <measureAttribute>
         <code code="MSRPOPL" codeSystem="2.16.840.1.113883.5.4">
            <displayName value="Measure Population"/>
         </code>
         <value mediaType="text/plain" value="Initial Population" xsi:type="ED"/>
      </measureAttribute>
   </subjectOf>
   <subjectOf>
      <measureAttribute>
         <code code="MSRPOPLEX" codeSystem="2.16.840.1.113883.5.4">
            <displayName value="Measure Population Exclusions"/>
         </code>
         <value mediaType="text/plain"
                value="Emergency department encounters with an admission source in &quot;Hospital Setting&quot; (any different facility- by location or CCN) resulting in an inpatient stay"
                xsi:type="ED"/>
      </measureAttribute>
   </subjectOf>
   <subjectOf>
      <measureAttribute>
         <code code="MSROBS" codeSystem="2.16.840.1.113883.5.4">
            <displayName value="Measure Observation"/>
         </code>
         <value mediaType="text/plain"
                value="Median time (in minutes) from the Decision to Admit to inpatient to the time the patient physically departs the ED to inpatient hospitalization"
                xsi:type="ED"/>
      </measureAttribute>
   </subjectOf>
   <subjectOf>
      <measureAttribute>
         <code code="SDE" codeSystem="2.16.840.1.113883.5.4">
            <displayName value="Supplemental Data Elements"/>
         </code>
         <value mediaType="text/plain"
                value="For every patient evaluated by this measure, also identify payer, race, ethnicity and sex"
                xsi:type="ED"/>
      </measureAttribute>
   </subjectOf>
   <componentOf>
      <qualityMeasureSet classCode="ACT">
         <id root="979f21bd-3f93-4cdd-8273-b23dfe9c0513"/>
         <title value="Emergency Department (ED) Measure Set"/>
      </qualityMeasureSet>
   </componentOf>
   <!--Data Criteria Section-->
   <component>
      <dataCriteriaSection>
         <templateId>
            <item extension="2021-02-01" root="2.16.840.1.113883.10.20.28.2.6"/>
         </templateId>
         <code code="57025-9" codeSystem="2.16.840.1.113883.6.1"/>
         <title value="Data Criteria Section"/>
         <text/>
         <entry typeCode="DRIV">
            <localVariableName value="Payer_PatientCharacteristicPayer_2peGV"/>
            <observationCriteria classCode="OBS" moodCode="EVN">
               <templateId>
                  <item extension="2017-05-01" root="2.16.840.1.113883.10.20.28.4.58"/>
               </templateId>
               <id extension="Payer_PatientCharacteristicPayer"
                   root="dcd84888-7942-4644-8fc8-1fd1779fdc07"/>
               <code code="48768-6" codeSystem="2.16.840.1.113883.6.1" codeSystemName="LOINC">
                  <displayName value="Payer"/>
               </code>
               <title value="Patient Characteristic Payer"/>
               <statusCode code="COMPLETED"/>
               <value valueSet="2.16.840.1.114222.4.11.3591" xsi:type="CD"/>
            </observationCriteria>
         </entry>
         <entry typeCode="DRIV">
            <localVariableName value="ONCAdministrativeSex_PatientCharacteristicSex_b9I6Q"/>
            <observationCriteria classCode="OBS" moodCode="EVN">
               <templateId>
                  <item extension="2017-05-01" root="2.16.840.1.113883.10.20.28.4.55"/>
               </templateId>
               <id extension="ONCAdministrativeSex_PatientCharacteristicSex"
                   root="b9b91c57-eebf-42a8-ac45-6bb6b3b9c971"/>
               <code code="263495000" codeSystem="2.16.840.1.113883.6.96" codeSystemName="SNOMED CT">
                  <displayName value="Gender"/>
               </code>
               <title value="Patient Characteristic Sex"/>
               <statusCode code="COMPLETED"/>
               <value valueSet="2.16.840.1.113762.1.4.1" xsi:type="CD"/>
            </observationCriteria>
         </entry>
         <entry typeCode="DRIV">
            <localVariableName value="Ethnicity_PatientCharacteristicEthnicity_kTM30"/>
            <observationCriteria classCode="OBS" moodCode="EVN">
               <templateId>
                  <item extension="2017-05-01" root="2.16.840.1.113883.10.20.28.4.56"/>
               </templateId>
               <id extension="Ethnicity_PatientCharacteristicEthnicity"
                   root="39068bf7-d476-4009-ae2b-b4a9936e6de5"/>
               <code code="54133-4" codeSystem="2.16.840.1.113883.6.1" codeSystemName="LOINC">
                  <displayName value="Ethnicity"/>
               </code>
               <title value="Patient Characteristic Ethnicity"/>
               <statusCode code="COMPLETED"/>
               <value valueSet="2.16.840.1.114222.4.11.837" xsi:type="CD"/>
            </observationCriteria>
         </entry>
         <entry typeCode="DRIV">
            <localVariableName value="Race_PatientCharacteristicRace_pHzgX"/>
            <observationCriteria classCode="OBS" moodCode="EVN">
               <templateId>
                  <item extension="2017-05-01" root="2.16.840.1.113883.10.20.28.4.59"/>
               </templateId>
               <id extension="Race_PatientCharacteristicRace"
                   root="8a245ab8-f553-4774-9101-07e1596fba18"/>
               <code code="32624-9" codeSystem="2.16.840.1.113883.6.1" codeSystemName="LOINC">
                  <displayName value="Race"/>
               </code>
               <title value="Patient Characteristic Race"/>
               <statusCode code="COMPLETED"/>
               <value valueSet="2.16.840.1.114222.4.11.836" xsi:type="CD"/>
            </observationCriteria>
         </entry>
         <entry typeCode="DRIV">
            <localVariableName value="EmergencyDepartmentEvaluation_AssessmentPerformed_JqPQL"/>
            <observationCriteria classCode="OBS" moodCode="EVN">
               <templateId>
                  <item extension="2021-02-01" root="2.16.840.1.113883.10.20.28.4.117"/>
               </templateId>
               <id extension="EmergencyDepartmentEvaluation_AssessmentPerformed"
                   root="742253c2-e7b8-4a2a-9fdf-de893169e71d"/>
               <code valueSet="2.16.840.1.113762.1.4.1111.163"/>
               <title value="Assessment, Performed"/>
               <statusCode code="COMPLETED"/>
            </observationCriteria>
         </entry>
         <entry typeCode="DRIV">
            <localVariableName value="EmergencyDepartmentVisit_EncounterPerformed_gftM8"/>
            <encounterCriteria classCode="ENC" moodCode="EVN">
               <templateId>
                  <item extension="2021-02-01" root="2.16.840.1.113883.10.20.28.4.5"/>
               </templateId>
               <id extension="EmergencyDepartmentVisit_EncounterPerformed"
                   root="943fd468-a486-47eb-bcef-69bbc31a73a0"/>
               <code valueSet="2.16.840.1.113883.3.117.1.7.1.292"/>
               <title value="Encounter, Performed"/>
               <statusCode code="COMPLETED"/>
            </encounterCriteria>
         </entry>
         <entry typeCode="DRIV">
            <localVariableName value="DecisiontoAdmittoHospitalInpatient_EncounterOrder_UWpqG"/>
            <encounterCriteria classCode="ENC" moodCode="RQO">
               <templateId>
                  <item extension="2021-02-01" root="2.16.840.1.113883.10.20.28.4.27"/>
               </templateId>
               <id extension="DecisiontoAdmittoHospitalInpatient_EncounterOrder"
                   root="948d67f6-abc6-4e48-b728-372c4881c910"/>
               <code valueSet="2.16.840.1.113883.3.117.1.7.1.295"/>
               <title value="Encounter, Order"/>
               <statusCode code="ACTIVE"/>
            </encounterCriteria>
         </entry>
         <entry typeCode="DRIV">
            <localVariableName value="EncounterInpatient_EncounterPerformed_hUlnB"/>
            <encounterCriteria classCode="ENC" moodCode="EVN">
               <templateId>
                  <item extension="2021-02-01" root="2.16.840.1.113883.10.20.28.4.5"/>
               </templateId>
               <id extension="EncounterInpatient_EncounterPerformed"
                   root="c8060e96-dc7d-4780-a5cd-0aff93854cf3"/>
               <code valueSet="2.16.840.1.113883.3.666.5.307"/>
               <title value="Encounter, Performed"/>
               <statusCode code="COMPLETED"/>
            </encounterCriteria>
         </entry>
      </dataCriteriaSection>
   </component>
   <component>
      <populationCriteriaSection>
         <templateId>
            <item extension="2017-08-01" root="2.16.840.1.113883.10.20.28.2.7"/>
         </templateId>
         <id extension="PopulationCriteria1" root="B6DEF749-0D36-4B54-AB91-575EF9A84992"/>
         <code code="57026-7" codeSystem="2.16.840.1.113883.6.1"/>
         <title value="Population Criteria Section"/>
         <text/>
         <component typeCode="COMP">
            <initialPopulationCriteria classCode="OBS" moodCode="EVN">
               <id extension="initialPopulation" root="78238607-F125-4882-9BF5-63CAA092E46F"/>
               <code code="IPOP" codeSystem="2.16.840.1.113883.5.4" codeSystemName="Act Code"/>
               <precondition typeCode="PRCN">
                  <criteriaReference classCode="OBS" moodCode="EVN">
                     <id extension="MedianAdmitDecisionTimetoEDDepartureTimeforAdmittedPatients.&quot;Initial Population&quot;"
                         root="73685C19-2D55-44E6-ACD1-F2BEF7FEF42F"/>
                  </criteriaReference>
               </precondition>
            </initialPopulationCriteria>
         </component>
         <component typeCode="COMP">
            <measurePopulationCriteria classCode="OBS" moodCode="EVN">
               <id extension="measurePopulation" root="0619DF85-C8D9-402F-9A76-0413A818C589"/>
               <code code="MSRPOPL" codeSystem="2.16.840.1.113883.5.4" codeSystemName="Act Code"/>
               <precondition typeCode="PRCN">
                  <criteriaReference classCode="OBS" moodCode="EVN">
                     <id extension="MedianAdmitDecisionTimetoEDDepartureTimeforAdmittedPatients.&quot;Measure Population&quot;"
                         root="73685C19-2D55-44E6-ACD1-F2BEF7FEF42F"/>
                  </criteriaReference>
               </precondition>
            </measurePopulationCriteria>
         </component>
         <component typeCode="COMP">
            <measurePopulationExclusionCriteria classCode="OBS" moodCode="EVN">
               <id extension="measurePopulationExclusions"
                   root="0DEB421C-A476-4A83-9430-4E82861333D5"/>
               <code code="MSRPOPLEX" codeSystem="2.16.840.1.113883.5.4" codeSystemName="Act Code"/>
               <precondition typeCode="PRCN">
                  <criteriaReference classCode="OBS" moodCode="EVN">
                     <id extension="MedianAdmitDecisionTimetoEDDepartureTimeforAdmittedPatients.&quot;Measure Population Exclusions&quot;"
                         root="73685C19-2D55-44E6-ACD1-F2BEF7FEF42F"/>
                  </criteriaReference>
               </precondition>
            </measurePopulationExclusionCriteria>
         </component>
         <component typeCode="COMP">
            <stratifierCriteria>
               <id extension="Stratifiers" root="5320A696-995A-4E85-BBCA-A24D0ACD3CB6"/>
               <code code="STRAT" codeSystem="2.16.840.1.113883.5.4" codeSystemName="Act Code"/>
               <precondition typeCode="PRCN">
                  <criteriaReference classCode="OBS" moodCode="EVN">
                     <id extension="MedianAdmitDecisionTimetoEDDepartureTimeforAdmittedPatients.&quot;Stratification 1&quot;"
                         root="73685C19-2D55-44E6-ACD1-F2BEF7FEF42F"/>
                  </criteriaReference>
               </precondition>
            </stratifierCriteria>
         </component>
         <component typeCode="COMP">
            <stratifierCriteria>
               <id extension="Stratifiers" root="C84166A2-CF3F-43A4-9BD3-D7A4D8F1062C"/>
               <code code="STRAT" codeSystem="2.16.840.1.113883.5.4" codeSystemName="Act Code"/>
               <precondition typeCode="PRCN">
                  <criteriaReference classCode="OBS" moodCode="EVN">
                     <id extension="MedianAdmitDecisionTimetoEDDepartureTimeforAdmittedPatients.&quot;Stratification 2&quot;"
                         root="73685C19-2D55-44E6-ACD1-F2BEF7FEF42F"/>
                  </criteriaReference>
               </precondition>
            </stratifierCriteria>
         </component>
         <component typeCode="COMP">
            <cql-ext:supplementalDataElement>
               <id extension="Supplemental Data Elements"
                   root="3A1E45B7-D972-4926-B5A3-CF6F15AB6B88"/>
               <code code="SDE" codeSystem="2.16.840.1.113883.5.4" codeSystemName="Act Code"/>
               <precondition typeCode="PRCN">
                  <criteriaReference classCode="OBS" moodCode="EVN">
                     <id extension="MedianAdmitDecisionTimetoEDDepartureTimeforAdmittedPatients.&quot;SDE Ethnicity&quot;"
                         root="73685C19-2D55-44E6-ACD1-F2BEF7FEF42F"/>
                  </criteriaReference>
               </precondition>
            </cql-ext:supplementalDataElement>
         </component>
         <component typeCode="COMP">
            <cql-ext:supplementalDataElement>
               <id extension="Supplemental Data Elements"
                   root="90B5F563-FEC3-404B-A984-3D169F07A3C1"/>
               <code code="SDE" codeSystem="2.16.840.1.113883.5.4" codeSystemName="Act Code"/>
               <precondition typeCode="PRCN">
                  <criteriaReference classCode="OBS" moodCode="EVN">
                     <id extension="MedianAdmitDecisionTimetoEDDepartureTimeforAdmittedPatients.&quot;SDE Payer&quot;"
                         root="73685C19-2D55-44E6-ACD1-F2BEF7FEF42F"/>
                  </criteriaReference>
               </precondition>
            </cql-ext:supplementalDataElement>
         </component>
         <component typeCode="COMP">
            <cql-ext:supplementalDataElement>
               <id extension="Supplemental Data Elements"
                   root="BE927EF6-1139-404C-A280-CE247E710F14"/>
               <code code="SDE" codeSystem="2.16.840.1.113883.5.4" codeSystemName="Act Code"/>
               <precondition typeCode="PRCN">
                  <criteriaReference classCode="OBS" moodCode="EVN">
                     <id extension="MedianAdmitDecisionTimetoEDDepartureTimeforAdmittedPatients.&quot;SDE Race&quot;"
                         root="73685C19-2D55-44E6-ACD1-F2BEF7FEF42F"/>
                  </criteriaReference>
               </precondition>
            </cql-ext:supplementalDataElement>
         </component>
         <component typeCode="COMP">
            <cql-ext:supplementalDataElement>
               <id extension="Supplemental Data Elements"
                   root="768BC9E5-CEFA-4F09-A36B-15F5A7668335"/>
               <code code="SDE" codeSystem="2.16.840.1.113883.5.4" codeSystemName="Act Code"/>
               <precondition typeCode="PRCN">
                  <criteriaReference classCode="OBS" moodCode="EVN">
                     <id extension="MedianAdmitDecisionTimetoEDDepartureTimeforAdmittedPatients.&quot;SDE Sex&quot;"
                         root="73685C19-2D55-44E6-ACD1-F2BEF7FEF42F"/>
                  </criteriaReference>
               </precondition>
            </cql-ext:supplementalDataElement>
         </component>
      </populationCriteriaSection>
   </component>
   <component>
      <measureObservationSection>
         <templateId>
            <item extension="2018-05-01" root="2.16.840.1.113883.10.20.28.2.4"/>
         </templateId>
         <id extension="MeasureObservations" root="60769408-C4F9-4E43-808B-DCECB947CFEA"/>
         <code code="57027-5" codeSystem="2.16.840.1.113883.6.1" codeSystemName="LOINC"/>
         <title value="Measure Observation Section"/>
         <text/>
         <!--Definition for Measure Observation 1--><definition>
            <measureObservationDefinition classCode="OBS" moodCode="DEF">
               <id extension="MEDIAN Of MeasureObservation"
                   root="4C99D78B-BE03-451F-B759-B25ABCAB7137"/>
               <code code="AGGREGATE" codeSystem="2.16.840.1.113883.5.4"/>
               <value nullFlavor="DER" xsi:type="INT">
                  <expression value="MedianAdmitDecisionTimetoEDDepartureTimeforAdmittedPatients.&quot;MeasureObservation&quot;"/>
               </value>
               <methodCode>
                  <item code="MEDIAN" codeSystem="2.16.840.1.113883.5.84"/>
               </methodCode>
               <component typeCode="COMP">
                  <criteriaReference classCode="OBS" moodCode="EVN">
                     <id extension="measurePopulation" root="0619DF85-C8D9-402F-9A76-0413A818C589"/>
                  </criteriaReference>
               </component>
            </measureObservationDefinition>
         </definition>
      </measureObservationSection>
   </component>
</QualityMeasureDocument>