<?xml version="1.0" encoding="UTF-8" standalone="yes"?>
<QualityMeasureDocument xmlns="urn:hl7-org:v3"
                        xmlns:cql-ext="urn:hhs-cql:hqmf-n1-extensions:v1"
                        xmlns:xsi="http://www.w3.org/2001/XMLSchema-instance">

      <!--
            **************************************************************
            Measure Details Section
            **************************************************************
        -->
   <typeId extension="POQM_HD000001UV02" root="2.16.840.1.113883.1.3"/>
   <templateId>
      <item extension="2021-02-01" root="2.16.840.1.113883.10.20.28.1.2"/>
   </templateId>
   <id root="e3e538bf-197a-4b4e-89c7-cc40c550a45f"/>
   <code code="57024-2" codeSystem="2.16.840.1.113883.6.1">
      <displayName value="Health Quality Measure Document"/>
   </code>
   <title value="Cervical Cancer Screening"/>
   <text
         value="Percentage of women 21-64 years of age who were screened for cervical cancer using either of the following criteria: - Women age 21-64 who had cervical cytology performed within the last 3 years - Women age 30-64 who had cervical human papillomavirus (HPV) testing performed within the last 5 years"/>
   <statusCode code="COMPLETED"/>
   <setId root="42e7e489-790f-427a-a1a6-d6e807f65a6d"/>
   <versionNumber value="14.0.000"/>
   <author>
      <responsibleParty classCode="ASSIGNED">
         <representedResponsibleOrganization classCode="ORG" determinerCode="INSTANCE">
            <id>
               <item root="2.16.840.1.113883.3.464"/>
            </id>
            <name>
               <item>
                  <part value="National Committee for Quality Assurance"/>
               </item>
            </name>
         </representedResponsibleOrganization>
      </responsibleParty>
   </author>
   <custodian>
      <responsibleParty classCode="ASSIGNED">
         <representedResponsibleOrganization classCode="ORG" determinerCode="INSTANCE">
            <id>
               <item root="2.16.840.1.113883.3.464"/>
            </id>
            <name>
               <item>
                  <part value="National Committee for Quality Assurance"/>
               </item>
            </name>
         </representedResponsibleOrganization>
      </responsibleParty>
   </custodian>
   <!--Preventive Care Services Initial Office Visit, 18 and Up-->
   <definition>
      <valueSet classCode="OBS" moodCode="DEF">
         <id root="2.16.840.1.113883.3.464.1003.101.12.1023"/>
         <title value="Preventive Care Services Initial Office Visit, 18 and Up"/>
      </valueSet>
   </definition>
   <!--Palliative Care Diagnosis-->
   <definition>
      <valueSet classCode="OBS" moodCode="DEF">
         <id root="2.16.840.1.113883.3.464.1003.1167"/>
         <title value="Palliative Care Diagnosis"/>
      </valueSet>
   </definition>
   <!--Pap Test-->
   <definition>
      <valueSet classCode="OBS" moodCode="DEF">
         <id root="2.16.840.1.113883.3.464.1003.108.12.1017"/>
         <title value="Pap Test"/>
      </valueSet>
   </definition>
   <!--HPV Test-->
   <definition>
      <valueSet classCode="OBS" moodCode="DEF">
         <id root="2.16.840.1.113883.3.464.1003.110.12.1059"/>
         <title value="HPV Test"/>
      </valueSet>
   </definition>
   <!--Hospice Diagnosis-->
   <definition>
      <valueSet classCode="OBS" moodCode="DEF">
         <id root="2.16.840.1.113883.3.464.1003.1165"/>
         <title value="Hospice Diagnosis"/>
      </valueSet>
   </definition>
   <!--Office Visit-->
   <definition>
      <valueSet classCode="OBS" moodCode="DEF">
         <id root="2.16.840.1.113883.3.464.1003.101.12.1001"/>
         <title value="Office Visit"/>
      </valueSet>
   </definition>
   <!--Preventive Care Services Established Office Visit, 18 and Up-->
   <definition>
      <valueSet classCode="OBS" moodCode="DEF">
         <id root="2.16.840.1.113883.3.464.1003.101.12.1025"/>
         <title value="Preventive Care Services Established Office Visit, 18 and Up"/>
      </valueSet>
   </definition>
   <!--Virtual Encounter-->
   <definition>
      <valueSet classCode="OBS" moodCode="DEF">
         <id root="2.16.840.1.113883.3.464.1003.101.12.1089"/>
         <title value="Virtual Encounter"/>
      </valueSet>
   </definition>
   <!--Palliative Care Intervention-->
   <definition>
      <valueSet classCode="OBS" moodCode="DEF">
         <id root="2.16.840.1.113883.3.464.1003.198.12.1135"/>
         <title value="Palliative Care Intervention"/>
      </valueSet>
   </definition>
   <!--Telephone Visits-->
   <definition>
      <valueSet classCode="OBS" moodCode="DEF">
         <id root="2.16.840.1.113883.3.464.1003.101.12.1080"/>
         <title value="Telephone Visits"/>
      </valueSet>
   </definition>
   <!--Hospice Care Ambulatory-->
   <definition>
      <valueSet classCode="OBS" moodCode="DEF">
         <id root="2.16.840.1.113883.3.526.3.1584"/>
         <title value="Hospice Care Ambulatory"/>
      </valueSet>
   </definition>
   <!--Payer Type-->
   <definition>
      <valueSet classCode="OBS" moodCode="DEF">
         <id root="2.16.840.1.114222.4.11.3591"/>
         <title value="Payer Type"/>
      </valueSet>
   </definition>
   <!--Home Healthcare Services-->
   <definition>
      <valueSet classCode="OBS" moodCode="DEF">
         <id root="2.16.840.1.113883.3.464.1003.101.12.1016"/>
         <title value="Home Healthcare Services"/>
      </valueSet>
   </definition>
   <!--Race-->
   <definition>
      <valueSet classCode="OBS" moodCode="DEF">
         <id root="2.16.840.1.114222.4.11.836"/>
         <title value="Race"/>
      </valueSet>
   </definition>
   <!--Hospice Encounter-->
   <definition>
      <valueSet classCode="OBS" moodCode="DEF">
         <id root="2.16.840.1.113883.3.464.1003.1003"/>
         <title value="Hospice Encounter"/>
      </valueSet>
   </definition>
   <!--Federal Administrative Sex-->
   <definition>
      <valueSet classCode="OBS" moodCode="DEF">
         <id root="2.16.840.1.113762.1.4.1021.121"/>
         <title value="Federal Administrative Sex"/>
      </valueSet>
   </definition>
   <!--Ethnicity-->
   <definition>
      <valueSet classCode="OBS" moodCode="DEF">
         <id root="2.16.840.1.114222.4.11.837"/>
         <title value="Ethnicity"/>
      </valueSet>
   </definition>
   <!--Encounter Inpatient-->
   <definition>
      <valueSet classCode="OBS" moodCode="DEF">
         <id root="2.16.840.1.113883.3.666.5.307"/>
         <title value="Encounter Inpatient"/>
      </valueSet>
   </definition>
   <!--Congenital or Acquired Absence of Cervix-->
   <definition>
      <valueSet classCode="OBS" moodCode="DEF">
         <id root="2.16.840.1.113883.3.464.1003.111.12.1016"/>
         <title value="Congenital or Acquired Absence of Cervix"/>
      </valueSet>
   </definition>
   <!--Hysterectomy with No Residual Cervix-->
   <definition>
      <valueSet classCode="OBS" moodCode="DEF">
         <id root="2.16.840.1.113883.3.464.1003.198.12.1014"/>
         <title value="Hysterectomy with No Residual Cervix"/>
      </valueSet>
   </definition>
   <!--Palliative Care Encounter-->
   <definition>
      <valueSet classCode="OBS" moodCode="DEF">
         <id root="2.16.840.1.113883.3.464.1003.101.12.1090"/>
         <title value="Palliative Care Encounter"/>
      </valueSet>
   </definition>
   <!--Hospice care [Minimum Data Set]- -->
   <definition>
      <cql-ext:code code="45755-6"
                    codeSystem="2.16.840.1.113883.6.1"
                    codeSystemName="LOINC">
         <displayName value="Hospice care [Minimum Data Set]"/>
      </cql-ext:code>
   </definition>
   <!--Female (finding)- -->
   <definition>
      <cql-ext:code code="248152002"
                    codeSystem="2.16.840.1.113883.6.96"
                    codeSystemName="SNOMEDCT">
         <displayName value="Female (finding)"/>
      </cql-ext:code>
   </definition>
   <!--Discharge to home for hospice care (procedure)- -->
   <definition>
      <cql-ext:code code="428361000124107"
                    codeSystem="2.16.840.1.113883.6.96"
                    codeSystemName="SNOMEDCT">
         <displayName value="Discharge to home for hospice care (procedure)"/>
      </cql-ext:code>
   </definition>
   <!--Functional Assessment of Chronic Illness Therapy - Palliative Care Questionnaire (FACIT-Pal)- -->
   <definition>
      <cql-ext:code code="71007-9"
                    codeSystem="2.16.840.1.113883.6.1"
                    codeSystemName="LOINC">
         <displayName value="Functional Assessment of Chronic Illness Therapy - Palliative Care Questionnaire (FACIT-Pal)"/>
      </cql-ext:code>
   </definition>
   <!--Yes (qualifier value)- -->
   <definition>
      <cql-ext:code code="373066001"
                    codeSystem="2.16.840.1.113883.6.96"
                    codeSystemName="SNOMEDCT">
         <displayName value="Yes (qualifier value)"/>
      </cql-ext:code>
   </definition>
   <!--Discharge to healthcare facility for hospice care (procedure)- -->
   <definition>
      <cql-ext:code code="428371000124100"
                    codeSystem="2.16.840.1.113883.6.96"
                    codeSystemName="SNOMEDCT">
         <displayName value="Discharge to healthcare facility for hospice care (procedure)"/>
      </cql-ext:code>
   </definition>
   <relatedDocument typeCode="COMP">
      <expressionDocument>
         <id root="a2c1f522-de97-4df7-8a51-25ad49240b6f"/>
         <text mediaType="text/cql">
            <reference value="https://madie.cms.gov/libraries/42e7e489-790f-427a-a1a6-d6e807f65a6d/CMS124CervicalCancerScreening-14.0.000.cql"/>
            <translation mediaType="application/elm+xml">
               <reference value="https://madie.cms.gov/libraries/42e7e489-790f-427a-a1a6-d6e807f65a6d/CMS124CervicalCancerScreening-14.0.000.xml"/>
            </translation>
            <translation mediaType="application/elm+json">
               <reference value="https://madie.cms.gov/libraries/42e7e489-790f-427a-a1a6-d6e807f65a6d/CMS124CervicalCancerScreening-14.0.000.json"/>
            </translation>
         </text>
         <setId extension="42e7e489-790f-427a-a1a6-d6e807f65a6d"
                identifierName="CMS124CervicalCancerScreening"
                root="https://madie.cms.gov/libraries"/>
         <versionNumber value="14.0.000"/>
      </expressionDocument>
   </relatedDocument>
   <relatedDocument typeCode="COMP">
      <expressionDocument>
         <id root="296ecc44-56ab-47fd-b44b-910812715a2d"/>
         <text mediaType="text/cql">
            <reference value="https://madie.cms.gov/libraries/296ecc44-56ab-47fd-b44b-910812715a2d/HospiceQDM-7.0.000.cql"/>
            <translation mediaType="application/elm+xml">
               <reference value="https://madie.cms.gov/libraries/296ecc44-56ab-47fd-b44b-910812715a2d/HospiceQDM-7.0.000.xml"/>
            </translation>
            <translation mediaType="application/elm+json">
               <reference value="https://madie.cms.gov/libraries/296ecc44-56ab-47fd-b44b-910812715a2d/HospiceQDM-7.0.000.json"/>
            </translation>
         </text>
         <setId extension="296ecc44-56ab-47fd-b44b-910812715a2d"
                identifierName="HospiceQDM"
                root="https://madie.cms.gov/libraries"/>
         <versionNumber value="7.0.000"/>
      </expressionDocument>
   </relatedDocument>
   <relatedDocument typeCode="COMP">
      <expressionDocument>
         <id root="bd60d148-6219-4121-82a6-5784ab6fd404"/>
         <text mediaType="text/cql">
            <reference value="https://madie.cms.gov/libraries/bd60d148-6219-4121-82a6-5784ab6fd404/PalliativeCareQDM-5.0.000.cql"/>
            <translation mediaType="application/elm+xml">
               <reference value="https://madie.cms.gov/libraries/bd60d148-6219-4121-82a6-5784ab6fd404/PalliativeCareQDM-5.0.000.xml"/>
            </translation>
            <translation mediaType="application/elm+json">
               <reference value="https://madie.cms.gov/libraries/bd60d148-6219-4121-82a6-5784ab6fd404/PalliativeCareQDM-5.0.000.json"/>
            </translation>
         </text>
         <setId extension="bd60d148-6219-4121-82a6-5784ab6fd404"
                identifierName="PalliativeCareQDM"
                root="https://madie.cms.gov/libraries"/>
         <versionNumber value="5.0.000"/>
      </expressionDocument>
   </relatedDocument>
   <relatedDocument typeCode="COMP">
      <expressionDocument>
         <id root="7a3e8423-b856-4b62-a29d-a42b6e712d22"/>
         <text mediaType="text/cql">
            <reference value="https://madie.cms.gov/libraries/7a3e8423-b856-4b62-a29d-a42b6e712d22/CQMCommonQDM-9.0.000.cql"/>
            <translation mediaType="application/elm+xml">
               <reference value="https://madie.cms.gov/libraries/7a3e8423-b856-4b62-a29d-a42b6e712d22/CQMCommonQDM-9.0.000.xml"/>
            </translation>
            <translation mediaType="application/elm+json">
               <reference value="https://madie.cms.gov/libraries/7a3e8423-b856-4b62-a29d-a42b6e712d22/CQMCommonQDM-9.0.000.json"/>
            </translation>
         </text>
         <setId extension="7a3e8423-b856-4b62-a29d-a42b6e712d22"
                identifierName="CQMCommonQDM"
                root="https://madie.cms.gov/libraries"/>
         <versionNumber value="9.0.000"/>
      </expressionDocument>
   </relatedDocument>
   <controlVariable>
      <measurePeriod>
         <id extension="measureperiod" root="a09a1686-80df-4561-9bbe-eebcca6db6d1"/>
         <code code="MSRTP" codeSystem="2.16.840.1.113883.5.4">
            <originalText value="Measurement Period"/>
         </code>
         <value highClosed="false" lowClosed="true" xsi:type="IVL_TS">
            <low value="20260101"/>
            <high value="20270101"/>
         </value>
      </measurePeriod>
   </controlVariable>
   <subjectOf>
      <measureAttribute>
         <code nullFlavor="OTH">
            <originalText value="CMS ID"/>
         </code>
         <value mediaType="text/plain" value="124" xsi:type="ED"/>
      </measureAttribute>
   </subjectOf>
   <subjectOf>
      <measureAttribute>
         <code nullFlavor="OTH">
            <originalText value="CBE Number"/>
         </code>
         <value mediaType="text/plain" value="Not Applicable" xsi:type="ED"/>
      </measureAttribute>
   </subjectOf>
   <subjectOf>
      <measureAttribute>
         <code code="COPY" codeSystem="2.16.840.1.113883.5.4">
            <displayName value="Copyright"/>
         </code>
         <value mediaType="text/plain"
                value="This Physician Performance Measure (Measure) and related data specifications are owned and were developed by the National Committee for Quality Assurance (NCQA). NCQA is not responsible for any use of the Measure. NCQA makes no representations, warranties or endorsements about the quality of any product, test or protocol identified as numerator compliant or otherwise identified as meeting the requirements of the measure or specification. NCQA makes no representations, warranties, or endorsement about the quality of any organization or physician that uses or reports performance measures and NCQA has no liability to anyone who relies on such measures or specifications. NCQA holds a copyright in the Measure. The Measure may be used for internal, noncommercial purposes (e.g., use by healthcare providers in connection with their practices) without obtaining approval from NCQA. All other uses, including a commercial use (including but not limited to vendors using or embedding the measures and specifications into any product or service to calculate measure results for customers for any purpose), must be approved by NCQA and are subject to a license at the discretion of NCQA. (C) 2012-2025 National Committee for Quality Assurance. All Rights Reserved. Limited proprietary coding is contained in the Measure specifications for user convenience. Users of proprietary code sets should obtain all necessary licenses from the owners of the code sets. NCQA disclaims all liability for use or accuracy of any third-party codes contained in the specifications. CPT(R) codes, descriptions and other data are copyright 2025. American Medical Association. All rights reserved. CPT is a trademark of the American Medical Association. Fee schedules, relative value units, conversion factors and/or related components are not assigned by the AMA, are not part of CPT, and the AMA is not recommending their use. The AMA does not directly or indirectly practice medicine or dispense medical services. The AMA assumes no liability for data contained or not contained herein. Applicable FARS/DFARS restrictions apply to government use. Some measure specifications contain coding from LOINC(R) (https://loinc.org). The LOINC table, LOINC codes, LOINC panels and form file, LOINC linguistic variants file, LOINC/RSNA Radiology Playbook, and LOINC/IEEE Medical Device Code Mapping Table are copyright 2004-2025 Regenstrief Institute, Inc. and the Logical Observation Identifiers Names and Codes (LOINC) Committee, and are available at no cost under the license at https://loinc.org/kb/license/. This material contains SNOMED Clinical Terms(R) (SNOMED CT[R]) copyright 2004-2024 International Health Terminology Standards Development Organisation. ICD-10 copyright 2025 World Health Organization. All Rights Reserved. Some measures use RxNorm, a standardized nomenclature and coding for clinical drugs and drug delivery devices, which is made publicly available courtesy of the U.S. National Library of Medicine (NLM), National Institutes of Health, Department of Health and Human Services. NLM is not responsible for the measures and does not endorse or recommend this or any other product. “HL7” is the registered trademark of Health Level Seven International."
                xsi:type="ED"/>
      </measureAttribute>
   </subjectOf>
   <subjectOf>
      <measureAttribute>
         <code code="DISC" codeSystem="2.16.840.1.113883.5.4">
            <displayName value="Disclaimer"/>
         </code>
         <value mediaType="text/plain"
                value="The performance Measure is not a clinical guideline and does not establish a standard of medical care, and has not been tested for all potential applications. THE MEASURE AND SPECIFICATIONS ARE PROVIDED &quot;AS IS&quot; WITHOUT WARRANTY OF ANY KIND. Due to technical limitations, registered trademarks are indicated by (R) or [R] and unregistered trademarks are indicated by (TM) or [TM]."
                xsi:type="ED"/>
      </measureAttribute>
   </subjectOf>
   <subjectOf>
      <measureAttribute>
         <code code="MSRSCORE" codeSystem="2.16.840.1.113883.5.4">
            <displayName value="Measure Scoring"/>
         </code>
         <value code="PROPOR" codeSystem="2.16.840.1.113883.5.1063" xsi:type="CD">
            <displayName value="Proportion"/>
         </value>
      </measureAttribute>
   </subjectOf>
   <subjectOf>
      <measureAttribute>
         <code code="MSRTYPE" codeSystem="2.16.840.1.113883.5.4">
            <displayName value="Measure Type"/>
         </code>
         <value code="PROCESS" codeSystem="2.16.840.1.113883.5.1063" xsi:type="CD">
            <displayName value="Process"/>
         </value>
      </measureAttribute>
   </subjectOf>
   <subjectOf>
      <measureAttribute>
         <code code="STRAT" codeSystem="2.16.840.1.113883.5.4">
            <displayName value="Stratification"/>
         </code>
         <value mediaType="text/plain" value="None" xsi:type="ED"/>
      </measureAttribute>
   </subjectOf>
   <subjectOf>
      <measureAttribute>
         <code code="MSRADJ" codeSystem="2.16.840.1.113883.5.4">
            <displayName value="Risk Adjustment"/>
         </code>
         <value mediaType="text/plain" value="None" xsi:type="ED"/>
      </measureAttribute>
   </subjectOf>
   <subjectOf>
      <measureAttribute>
         <code code="MSRAGG" codeSystem="2.16.840.1.113883.5.4">
            <displayName value="Rate Aggregation"/>
         </code>
         <value mediaType="text/plain" value="None" xsi:type="ED"/>
      </measureAttribute>
   </subjectOf>
   <subjectOf>
      <measureAttribute>
         <code code="RAT" codeSystem="2.16.840.1.113883.5.4">
            <displayName value="Rationale"/>
         </code>
         <value mediaType="text/plain"
                value="All women are at risk for cervical cancer. In 2020, an estimated 13,800 women were diagnosed with cervical cancer in the U.S., resulting in an estimated 4,290 deaths (National Cancer Institute, 2020). Screening can identify precancerous lesions and can detect invasive cancer early, when treatment is more likely to be successful (American Cancer Society, 2020)."
                xsi:type="ED"/>
      </measureAttribute>
   </subjectOf>
   <subjectOf>
      <measureAttribute>
         <code code="CRS" codeSystem="2.16.840.1.113883.5.4">
            <displayName value="Clinical Recommendation Statement"/>
         </code>
         <value mediaType="text/plain"
                value="The U.S Preventive Services Task Force (USPSTF) recommends screening for cervical cancer every 3 years with cervical cytology alone in women aged 21 to 29 years. For women aged 30 to 65 years, the USPSTF recommends screening every 3 years with cervical cytology alone, every 5 years with high-risk human papillomavirus (hrHPV) testing alone, or every 5 years with hrHPV testing in combination with cytology (cotesting) (A recommendation) (USPSTF, 2018). The USPSTF recommends against screening for cervical cancer in women older than 65 years who have had adequate prior screening and are not otherwise at high risk for cervical cancer (D recommendation) (USPSTF, 2018). The USPSTF recommends against screening for cervical cancer in women younger than 21 years. (D recommendation) (USPSTF, 2018). The USPSTF recommends against screening for cervical cancer in women who have had a hysterectomy with removal of the cervix and do not have a history of a high-grade precancerous lesion (i.e., cervical intraepithelial neoplasia [CIN] grade 2 or 3) or cervical cancer (D recommendation) (USPSTF, 2018)."
                xsi:type="ED"/>
      </measureAttribute>
   </subjectOf>
   <subjectOf>
      <measureAttribute>
         <code code="IDUR" codeSystem="2.16.840.1.113883.5.4">
            <displayName value="Improvement Notation"/>
         </code>
         <value mediaType="text/plain"
                value="Higher score equals better quality"
                xsi:type="ED"/>
      </measureAttribute>
   </subjectOf>
   <subjectOf>
      <measureAttribute>
         <code code="REF" codeSystem="2.16.840.1.113883.5.4">
            <displayName value="Reference"/>
         </code>
         <value mediaType="text/plain"
                value="CITATION American Cancer Society. (2020). Cancer Facts &amp; Figures 2020. Atlanta: American Cancer Society."
                xsi:type="ED"/>
      </measureAttribute>
   </subjectOf>
   <subjectOf>
      <measureAttribute>
         <code code="REF" codeSystem="2.16.840.1.113883.5.4">
            <displayName value="Reference"/>
         </code>
         <value mediaType="text/plain"
                value="CITATION National Cancer Institute. (2020). Cancer of the Cervix Uteri - Cancer Stat Facts. https://seer.cancer.gov/statfacts/html/cervix.html"
                xsi:type="ED"/>
      </measureAttribute>
   </subjectOf>
   <subjectOf>
      <measureAttribute>
         <code code="REF" codeSystem="2.16.840.1.113883.5.4">
            <displayName value="Reference"/>
         </code>
         <value mediaType="text/plain"
                value="CITATION US Preventive Services Task Force, Curry, S. J., Krist, A. H., Owens, D. K., Barry, M. J., Caughey, A. B., … Wong, J. B. (2018). Screening for Cervical Cancer: US Preventive Services Task Force Recommendation Statement. JAMA, 320(7), 674–686. https://doi.org/10.1001/jama.2018.10897"
                xsi:type="ED"/>
      </measureAttribute>
   </subjectOf>
   <subjectOf>
      <measureAttribute>
         <code code="DEF" codeSystem="2.16.840.1.113883.5.4">
            <displayName value="Definition"/>
         </code>
         <value mediaType="text/plain" value="None" xsi:type="ED"/>
      </measureAttribute>
   </subjectOf>
   <subjectOf>
      <measureAttribute>
         <code code="GUIDE" codeSystem="2.16.840.1.113883.5.4">
            <displayName value="Guidance"/>
         </code>
         <value mediaType="text/plain"
                value="To ensure the measure is only looking for a cervical cytology test only after a woman turns 21 years of age, the youngest age in the initial population is 23. Please note the measure may include screenings performed outside the age range of patients referenced in the initial population. Screenings that occur prior to the measurement period are valid to meet measure criteria. Evidence of hrHPV testing within the last 5 years also captures patients who had cotesting; therefore additional methods to identify cotesting are not necessary. This eCQM is a patient-based measure. This version of the eCQM uses QDM version 5.6. Please refer to the eCQI resource center (https://ecqi.healthit.gov/qdm) for more information on the QDM."
                xsi:type="ED"/>
      </measureAttribute>
   </subjectOf>
   <subjectOf>
      <measureAttribute>
         <code code="TRANF" codeSystem="2.16.840.1.113883.5.4">
            <displayName value="Transmission Format"/>
         </code>
         <value mediaType="text/plain" value="TBD" xsi:type="ED"/>
      </measureAttribute>
   </subjectOf>
   <subjectOf>
      <measureAttribute>
         <code code="IPOP" codeSystem="2.16.840.1.113883.5.4">
            <displayName value="Initial Population"/>
         </code>
         <value mediaType="text/plain"
                value="Women 24-64 years of age by the end of the measurement period with a visit during the measurement period"
                xsi:type="ED"/>
      </measureAttribute>
   </subjectOf>
   <subjectOf>
      <measureAttribute>
         <code code="DENOM" codeSystem="2.16.840.1.113883.5.4">
            <displayName value="Denominator"/>
         </code>
         <value mediaType="text/plain"
                value="Equals Initial Population"
                xsi:type="ED"/>
      </measureAttribute>
   </subjectOf>
   <subjectOf>
      <measureAttribute>
         <code code="DENEX" codeSystem="2.16.840.1.113883.5.4">
            <displayName value="Denominator Exclusions"/>
         </code>
         <value mediaType="text/plain"
                value="Exclude patients who are in hospice care for any part of the measurement period. Women who had a hysterectomy with no residual cervix or a congenital absence of cervix. Exclude patients receiving palliative care for any part of the measurement period."
                xsi:type="ED"/>
      </measureAttribute>
   </subjectOf>
   <subjectOf>
      <measureAttribute>
         <code code="NUMER" codeSystem="2.16.840.1.113883.5.4">
            <displayName value="Numerator"/>
         </code>
         <value mediaType="text/plain"
                value="Women with one or more screenings for cervical cancer. Appropriate screenings are defined by any one of the following criteria: - Cervical cytology performed during the measurement period or the two years prior to the measurement period for women 24-64 years of age by the end of the measurement period. - Cervical human papillomavirus (HPV) testing performed during the measurement period or the four years prior to the measurement period for women who are 30 years or older at the time of the test."
                xsi:type="ED"/>
      </measureAttribute>
   </subjectOf>
   <subjectOf>
      <measureAttribute>
         <code code="NUMEX" codeSystem="2.16.840.1.113883.5.4">
            <displayName value="Numerator Exclusions"/>
         </code>
         <value mediaType="text/plain" value="None" xsi:type="ED"/>
      </measureAttribute>
   </subjectOf>
   <subjectOf>
      <measureAttribute>
         <code code="DENEXCEP" codeSystem="2.16.840.1.113883.5.4">
            <displayName value="Denominator Exceptions"/>
         </code>
         <value mediaType="text/plain" value="None" xsi:type="ED"/>
      </measureAttribute>
   </subjectOf>
   <subjectOf>
      <measureAttribute>
         <code code="SDE" codeSystem="2.16.840.1.113883.5.4">
            <displayName value="Supplemental Data Elements"/>
         </code>
         <value mediaType="text/plain"
                value="For every patient evaluated by this measure also identify payer, race, ethnicity and sex"
                xsi:type="ED"/>
      </measureAttribute>
   </subjectOf>
   <componentOf>
      <qualityMeasureSet classCode="ACT">
         <id root="42e7e489-790f-427a-a1a6-d6e807f65a6d"/>
         <title value="None"/>
      </qualityMeasureSet>
   </componentOf>
   <!--Data Criteria Section-->
   <component>
      <dataCriteriaSection>
         <templateId>
            <item extension="2021-02-01" root="2.16.840.1.113883.10.20.28.2.6"/>
         </templateId>
         <code code="57025-9" codeSystem="2.16.840.1.113883.6.1"/>
         <title value="Data Criteria Section"/>
         <text/>
         <entry typeCode="DRIV">
            <localVariableName value="PreventiveCareServicesInitialOfficeVisit18andUp_EncounterPerformed_obA9e"/>
            <encounterCriteria classCode="ENC" moodCode="EVN">
               <templateId>
                  <item extension="2021-02-01" root="2.16.840.1.113883.10.20.28.4.5"/>
               </templateId>
               <id extension="PreventiveCareServicesInitialOfficeVisit18andUp_EncounterPerformed"
                   root="6808b63b-f982-4cba-8bde-22224e46d737"/>
               <code valueSet="2.16.840.1.113883.3.464.1003.101.12.1023"/>
               <title value="Encounter, Performed"/>
               <statusCode code="COMPLETED"/>
            </encounterCriteria>
         </entry>
         <entry typeCode="DRIV">
            <localVariableName value="PalliativeCareDiagnosis_Diagnosis_bEfV6"/>
            <observationCriteria classCode="OBS" moodCode="EVN">
               <templateId>
                  <item extension="2021-02-01" root="2.16.840.1.113883.10.20.28.4.110"/>
               </templateId>
               <id extension="PalliativeCareDiagnosis_Diagnosis"
                   root="8f7cc2f0-1529-4079-8f77-b314a1bc2124"/>
               <code code="282291009"
                     codeSystem="2.16.840.1.113883.6.96"
                     codeSystemName="SNOMED CT">
                  <displayName value="Diagnosis"/>
               </code>
               <title value="Diagnosis"/>
               <statusCode code="COMPLETED"/>
               <value valueSet="2.16.840.1.113883.3.464.1003.1167" xsi:type="CD"/>
            </observationCriteria>
         </entry>
         <entry typeCode="DRIV">
            <localVariableName value="PapTest_LaboratoryTestPerformed_BMsjY"/>
            <observationCriteria classCode="OBS" moodCode="EVN">
               <templateId>
                  <item extension="2021-02-01" root="2.16.840.1.113883.10.20.28.4.42"/>
               </templateId>
               <id extension="PapTest_LaboratoryTestPerformed"
                   root="b1ec8094-3509-48f3-b4a3-7b9235af0f46"/>
               <code valueSet="2.16.840.1.113883.3.464.1003.108.12.1017"/>
               <title value="Laboratory Test, Performed"/>
               <statusCode code="COMPLETED"/>
            </observationCriteria>
         </entry>
         <entry typeCode="DRIV">
            <localVariableName value="HPVTest_LaboratoryTestPerformed_W81l1"/>
            <observationCriteria classCode="OBS" moodCode="EVN">
               <templateId>
                  <item extension="2021-02-01" root="2.16.840.1.113883.10.20.28.4.42"/>
               </templateId>
               <id extension="HPVTest_LaboratoryTestPerformed"
                   root="c07bc448-37bc-4892-b24e-caccfb44fa8f"/>
               <code valueSet="2.16.840.1.113883.3.464.1003.110.12.1059"/>
               <title value="Laboratory Test, Performed"/>
               <statusCode code="COMPLETED"/>
            </observationCriteria>
         </entry>
         <entry typeCode="DRIV">
            <localVariableName value="HospiceDiagnosis_Diagnosis_9DnPs"/>
            <observationCriteria classCode="OBS" moodCode="EVN">
               <templateId>
                  <item extension="2021-02-01" root="2.16.840.1.113883.10.20.28.4.110"/>
               </templateId>
               <id extension="HospiceDiagnosis_Diagnosis"
                   root="3b95a25c-dd3b-4604-9523-636c604c88b4"/>
               <code code="282291009"
                     codeSystem="2.16.840.1.113883.6.96"
                     codeSystemName="SNOMED CT">
                  <displayName value="Diagnosis"/>
               </code>
               <title value="Diagnosis"/>
               <statusCode code="COMPLETED"/>
               <value valueSet="2.16.840.1.113883.3.464.1003.1165" xsi:type="CD"/>
            </observationCriteria>
         </entry>
         <entry typeCode="DRIV">
            <localVariableName value="OfficeVisit_EncounterPerformed_cnqHN"/>
            <encounterCriteria classCode="ENC" moodCode="EVN">
               <templateId>
                  <item extension="2021-02-01" root="2.16.840.1.113883.10.20.28.4.5"/>
               </templateId>
               <id extension="OfficeVisit_EncounterPerformed"
                   root="176cbd12-0694-45a4-995f-b3de1f49f9d0"/>
               <code valueSet="2.16.840.1.113883.3.464.1003.101.12.1001"/>
               <title value="Encounter, Performed"/>
               <statusCode code="COMPLETED"/>
            </encounterCriteria>
         </entry>
         <entry typeCode="DRIV">
            <localVariableName value="PreventiveCareServicesEstablishedOfficeVisit18andUp_EncounterPerformed_5Br13"/>
            <encounterCriteria classCode="ENC" moodCode="EVN">
               <templateId>
                  <item extension="2021-02-01" root="2.16.840.1.113883.10.20.28.4.5"/>
               </templateId>
               <id extension="PreventiveCareServicesEstablishedOfficeVisit18andUp_EncounterPerformed"
                   root="5ef6e035-b16d-4a9a-b3c3-ea1dbbb411b0"/>
               <code valueSet="2.16.840.1.113883.3.464.1003.101.12.1025"/>
               <title value="Encounter, Performed"/>
               <statusCode code="COMPLETED"/>
            </encounterCriteria>
         </entry>
         <entry typeCode="DRIV">
            <localVariableName value="VirtualEncounter_EncounterPerformed_znSOj"/>
            <encounterCriteria classCode="ENC" moodCode="EVN">
               <templateId>
                  <item extension="2021-02-01" root="2.16.840.1.113883.10.20.28.4.5"/>
               </templateId>
               <id extension="VirtualEncounter_EncounterPerformed"
                   root="cd376e5e-e3e7-4669-b10e-8c6dbd46cb9a"/>
               <code valueSet="2.16.840.1.113883.3.464.1003.101.12.1089"/>
               <title value="Encounter, Performed"/>
               <statusCode code="COMPLETED"/>
            </encounterCriteria>
         </entry>
         <entry typeCode="DRIV">
            <localVariableName value="PalliativeCareIntervention_InterventionPerformed_xHzsl"/>
            <actCriteria classCode="ACT" moodCode="EVN">
               <templateId>
                  <item extension="2021-02-01" root="2.16.840.1.113883.10.20.28.4.36"/>
               </templateId>
               <id extension="PalliativeCareIntervention_InterventionPerformed"
                   root="b2717bac-986d-462b-a0c6-262daaef692f"/>
               <code valueSet="2.16.840.1.113883.3.464.1003.198.12.1135"/>
               <title value="Intervention, Performed"/>
               <statusCode code="COMPLETED"/>
            </actCriteria>
         </entry>
         <entry typeCode="DRIV">
            <localVariableName value="TelephoneVisits_EncounterPerformed_WXBdb"/>
            <encounterCriteria classCode="ENC" moodCode="EVN">
               <templateId>
                  <item extension="2021-02-01" root="2.16.840.1.113883.10.20.28.4.5"/>
               </templateId>
               <id extension="TelephoneVisits_EncounterPerformed"
                   root="2fcae5a0-2cf2-4eea-a236-777a5926617c"/>
               <code valueSet="2.16.840.1.113883.3.464.1003.101.12.1080"/>
               <title value="Encounter, Performed"/>
               <statusCode code="COMPLETED"/>
            </encounterCriteria>
         </entry>
         <entry typeCode="DRIV">
            <localVariableName value="HospiceCareAmbulatory_InterventionOrder_gSgeI"/>
            <actCriteria classCode="ACT" moodCode="RQO">
               <templateId>
                  <item extension="2021-02-01" root="2.16.840.1.113883.10.20.28.4.35"/>
               </templateId>
               <id extension="HospiceCareAmbulatory_InterventionOrder"
                   root="e7ca78e6-155e-45c2-8304-06659913d4fa"/>
               <code valueSet="2.16.840.1.113883.3.526.3.1584"/>
               <title value="Intervention, Order"/>
               <statusCode code="ACTIVE"/>
            </actCriteria>
         </entry>
         <entry typeCode="DRIV">
            <localVariableName value="HospiceCareAmbulatory_InterventionPerformed_nj83D"/>
            <actCriteria classCode="ACT" moodCode="EVN">
               <templateId>
                  <item extension="2021-02-01" root="2.16.840.1.113883.10.20.28.4.36"/>
               </templateId>
               <id extension="HospiceCareAmbulatory_InterventionPerformed"
                   root="290f83a8-5fb7-4aa6-b58d-de7e59cc2797"/>
               <code valueSet="2.16.840.1.113883.3.526.3.1584"/>
               <title value="Intervention, Performed"/>
               <statusCode code="COMPLETED"/>
            </actCriteria>
         </entry>
         <entry typeCode="DRIV">
            <localVariableName value="PayerType_PatientCharacteristicPayer_6a47w"/>
            <observationCriteria classCode="OBS" moodCode="EVN">
               <templateId>
                  <item extension="2017-05-01" root="2.16.840.1.113883.10.20.28.4.58"/>
               </templateId>
               <id extension="PayerType_PatientCharacteristicPayer"
                   root="617b05b0-e246-496e-8967-9b4f539cad80"/>
               <code code="48768-6"
                     codeSystem="2.16.840.1.113883.6.1"
                     codeSystemName="LOINC">
                  <displayName value="Payer Type"/>
               </code>
               <title value="Patient Characteristic Payer"/>
               <statusCode code="COMPLETED"/>
               <value valueSet="2.16.840.1.114222.4.11.3591" xsi:type="CD"/>
            </observationCriteria>
         </entry>
         <entry typeCode="DRIV">
            <localVariableName value="HomeHealthcareServices_EncounterPerformed_0pW2c"/>
            <encounterCriteria classCode="ENC" moodCode="EVN">
               <templateId>
                  <item extension="2021-02-01" root="2.16.840.1.113883.10.20.28.4.5"/>
               </templateId>
               <id extension="HomeHealthcareServices_EncounterPerformed"
                   root="2bf2ebb0-6c4b-4a5f-85ad-5e1ace4c03e1"/>
               <code valueSet="2.16.840.1.113883.3.464.1003.101.12.1016"/>
               <title value="Encounter, Performed"/>
               <statusCode code="COMPLETED"/>
            </encounterCriteria>
         </entry>
         <entry typeCode="DRIV">
            <localVariableName value="Race_PatientCharacteristicRace_bKD6z"/>
            <observationCriteria classCode="OBS" moodCode="EVN">
               <templateId>
                  <item extension="2017-05-01" root="2.16.840.1.113883.10.20.28.4.59"/>
               </templateId>
               <id extension="Race_PatientCharacteristicRace"
                   root="ab57e3f5-cac6-4b56-8467-75131fb13f60"/>
               <code code="32624-9"
                     codeSystem="2.16.840.1.113883.6.1"
                     codeSystemName="LOINC">
                  <displayName value="Race"/>
               </code>
               <title value="Patient Characteristic Race"/>
               <statusCode code="COMPLETED"/>
               <value valueSet="2.16.840.1.114222.4.11.836" xsi:type="CD"/>
            </observationCriteria>
         </entry>
         <entry typeCode="DRIV">
            <localVariableName value="HospiceEncounter_EncounterPerformed_8TjjH"/>
            <encounterCriteria classCode="ENC" moodCode="EVN">
               <templateId>
                  <item extension="2021-02-01" root="2.16.840.1.113883.10.20.28.4.5"/>
               </templateId>
               <id extension="HospiceEncounter_EncounterPerformed"
                   root="d3795f40-ed4f-4c1c-a381-5f6d1b84434b"/>
               <code valueSet="2.16.840.1.113883.3.464.1003.1003"/>
               <title value="Encounter, Performed"/>
               <statusCode code="COMPLETED"/>
            </encounterCriteria>
         </entry>
         <entry typeCode="DRIV">
            <localVariableName value="FederalAdministrativeSex_PatientCharacteristicSex_XxhGT"/>
            <observationCriteria classCode="OBS" moodCode="EVN">
               <templateId>
                  <item extension="2017-05-01" root="2.16.840.1.113883.10.20.28.4.55"/>
               </templateId>
               <id extension="FederalAdministrativeSex_PatientCharacteristicSex"
                   root="3efda1a1-5d90-424b-9914-c2f10217dd14"/>
               <code code="263495000"
                     codeSystem="2.16.840.1.113883.6.96"
                     codeSystemName="SNOMED CT">
                  <displayName value="Gender"/>
               </code>
               <title value="Patient Characteristic Sex"/>
               <statusCode code="COMPLETED"/>
               <value valueSet="2.16.840.1.113762.1.4.1021.121" xsi:type="CD"/>
            </observationCriteria>
         </entry>
         <entry typeCode="DRIV">
            <localVariableName value="Ethnicity_PatientCharacteristicEthnicity_20DZy"/>
            <observationCriteria classCode="OBS" moodCode="EVN">
               <templateId>
                  <item extension="2017-05-01" root="2.16.840.1.113883.10.20.28.4.56"/>
               </templateId>
               <id extension="Ethnicity_PatientCharacteristicEthnicity"
                   root="a15bd293-2d7d-4e0c-a0c0-113393ee3e7a"/>
               <code code="54133-4"
                     codeSystem="2.16.840.1.113883.6.1"
                     codeSystemName="LOINC">
                  <displayName value="Ethnicity"/>
               </code>
               <title value="Patient Characteristic Ethnicity"/>
               <statusCode code="COMPLETED"/>
               <value valueSet="2.16.840.1.114222.4.11.837" xsi:type="CD"/>
            </observationCriteria>
         </entry>
         <entry typeCode="DRIV">
            <localVariableName value="EncounterInpatient_EncounterPerformed_0Bl4u"/>
            <encounterCriteria classCode="ENC" moodCode="EVN">
               <templateId>
                  <item extension="2021-02-01" root="2.16.840.1.113883.10.20.28.4.5"/>
               </templateId>
               <id extension="EncounterInpatient_EncounterPerformed"
                   root="b69c8465-ab80-471b-a1f0-4de4c9d47a2a"/>
               <code valueSet="2.16.840.1.113883.3.666.5.307"/>
               <title value="Encounter, Performed"/>
               <statusCode code="COMPLETED"/>
            </encounterCriteria>
         </entry>
         <entry typeCode="DRIV">
            <localVariableName value="CongenitalorAcquiredAbsenceofCervix_Diagnosis_sMUTL"/>
            <observationCriteria classCode="OBS" moodCode="EVN">
               <templateId>
                  <item extension="2021-02-01" root="2.16.840.1.113883.10.20.28.4.110"/>
               </templateId>
               <id extension="CongenitalorAcquiredAbsenceofCervix_Diagnosis"
                   root="b30c41bc-4f62-4d9f-9dab-4f30925e989e"/>
               <code code="282291009"
                     codeSystem="2.16.840.1.113883.6.96"
                     codeSystemName="SNOMED CT">
                  <displayName value="Diagnosis"/>
               </code>
               <title value="Diagnosis"/>
               <statusCode code="COMPLETED"/>
               <value valueSet="2.16.840.1.113883.3.464.1003.111.12.1016" xsi:type="CD"/>
            </observationCriteria>
         </entry>
         <entry typeCode="DRIV">
            <localVariableName value="HysterectomywithNoResidualCervix_ProcedurePerformed_ccvSu"/>
            <procedureCriteria classCode="PROC" moodCode="EVN">
               <templateId>
                  <item extension="2021-02-01" root="2.16.840.1.113883.10.20.28.4.67"/>
               </templateId>
               <id extension="HysterectomywithNoResidualCervix_ProcedurePerformed"
                   root="4aa34d5d-bd47-414c-91d5-cc755b579335"/>
               <code valueSet="2.16.840.1.113883.3.464.1003.198.12.1014"/>
               <title value="Procedure, Performed"/>
               <statusCode code="COMPLETED"/>
            </procedureCriteria>
         </entry>
         <entry typeCode="DRIV">
            <localVariableName value="PalliativeCareEncounter_EncounterPerformed_Vygfv"/>
            <encounterCriteria classCode="ENC" moodCode="EVN">
               <templateId>
                  <item extension="2021-02-01" root="2.16.840.1.113883.10.20.28.4.5"/>
               </templateId>
               <id extension="PalliativeCareEncounter_EncounterPerformed"
                   root="8b6b4755-4386-495d-921c-06a738a4145c"/>
               <code valueSet="2.16.840.1.113883.3.464.1003.101.12.1090"/>
               <title value="Encounter, Performed"/>
               <statusCode code="COMPLETED"/>
            </encounterCriteria>
         </entry>
         <entry typeCode="DRIV">
            <observationCriteria classCode="OBS" moodCode="EVN">
               <templateId>
                  <item extension="2021-02-01" root="2.16.840.1.113883.10.20.28.4.117"/>
               </templateId>
               <id extension="45755-6_AssessmentPerformed"
                   root="fe044a6a-38a1-434e-a436-537c6a8e9c71"/>
               <code code="45755-6"
                     codeSystem="2.16.840.1.113883.6.1"
                     codeSystemName="LOINC"/>
               <title value="Assessment, Performed"/>
               <statusCode code="COMPLETED"/>
            </observationCriteria>
         </entry>
         <entry typeCode="DRIV">
            <observationCriteria classCode="OBS" moodCode="EVN">
               <templateId>
                  <item extension="2017-05-01" root="2.16.840.1.113883.10.20.28.4.55"/>
               </templateId>
               <id extension="248152002_PatientCharacteristicSex"
                   root="918fba2f-53ce-4384-8bba-ea4842aaf158"/>
               <code code="263495000"
                     codeSystem="2.16.840.1.113883.6.96"
                     codeSystemName="SNOMED CT">
                  <displayName value="Gender"/>
               </code>
               <title value="Patient Characteristic Sex"/>
               <statusCode code="COMPLETED"/>
               <value code="248152002"
                      codeSystem="2.16.840.1.113883.6.96"
                      codeSystemName="SNOMEDCT"
                      xsi:type="CD"/>
            </observationCriteria>
         </entry>
         <entry typeCode="DRIV">
            <observationCriteria classCode="OBS" moodCode="EVN">
               <templateId>
                  <item extension="2021-02-01" root="2.16.840.1.113883.10.20.28.4.117"/>
               </templateId>
               <id extension="71007-9_AssessmentPerformed"
                   root="31f3ab78-8b6b-4d3e-8a99-d1309509ce09"/>
               <code code="71007-9"
                     codeSystem="2.16.840.1.113883.6.1"
                     codeSystemName="LOINC"/>
               <title value="Assessment, Performed"/>
               <statusCode code="COMPLETED"/>
            </observationCriteria>
         </entry>
      </dataCriteriaSection>
   </component>
   <component>
      <populationCriteriaSection>
         <templateId>
            <item extension="2017-08-01" root="2.16.840.1.113883.10.20.28.2.7"/>
         </templateId>
         <id extension="PopulationCriteria1"
             root="3e6092d1-8c48-4973-8b57-34ebeda65183"/>
         <code code="57026-7" codeSystem="2.16.840.1.113883.6.1"/>
         <title value="Population Criteria Section"/>
         <text/>
         <component typeCode="COMP">
            <initialPopulationCriteria classCode="OBS" moodCode="EVN">
               <id extension="initialPopulation"
                   root="E85A469F-8A90-43B2-8E94-C2AF73A6FA5D"/>
               <code code="IPOP"
                     codeSystem="2.16.840.1.113883.5.4"
                     codeSystemName="Act Code"/>
               <precondition typeCode="PRCN">
                  <criteriaReference classCode="OBS" moodCode="EVN">
                     <id extension="CMS124CervicalCancerScreening.&quot;Initial Population&quot;"
                         root="a2c1f522-de97-4df7-8a51-25ad49240b6f"/>
                  </criteriaReference>
               </precondition>
            </initialPopulationCriteria>
         </component>
         <component typeCode="COMP">
            <denominatorCriteria classCode="OBS" moodCode="EVN">
               <id extension="denominator" root="3B6E90F0-0361-451E-B472-971601A70D4A"/>
               <code code="DENOM"
                     codeSystem="2.16.840.1.113883.5.4"
                     codeSystemName="Act Code"/>
               <precondition typeCode="PRCN">
                  <criteriaReference classCode="OBS" moodCode="EVN">
                     <id extension="CMS124CervicalCancerScreening.&quot;Denominator&quot;"
                         root="a2c1f522-de97-4df7-8a51-25ad49240b6f"/>
                  </criteriaReference>
               </precondition>
            </denominatorCriteria>
         </component>
         <component typeCode="COMP">
            <denominatorExclusionCriteria classCode="OBS" moodCode="EVN">
               <id extension="denominatorExclusions"
                   root="C9602136-DBDF-43FD-975E-D7153704C947"/>
               <code code="DENEX"
                     codeSystem="2.16.840.1.113883.5.4"
                     codeSystemName="Act Code"/>
               <precondition typeCode="PRCN">
                  <criteriaReference classCode="OBS" moodCode="EVN">
                     <id extension="CMS124CervicalCancerScreening.&quot;Denominator Exclusions&quot;"
                         root="a2c1f522-de97-4df7-8a51-25ad49240b6f"/>
                  </criteriaReference>
               </precondition>
            </denominatorExclusionCriteria>
         </component>
         <component typeCode="COMP">
            <numeratorCriteria classCode="OBS" moodCode="EVN">
               <id extension="numerator" root="6A236D90-E202-42EE-8AA6-0743B659F06A"/>
               <code code="NUMER"
                     codeSystem="2.16.840.1.113883.5.4"
                     codeSystemName="Act Code"/>
               <precondition typeCode="PRCN">
                  <criteriaReference classCode="OBS" moodCode="EVN">
                     <id extension="CMS124CervicalCancerScreening.&quot;Numerator&quot;"
                         root="a2c1f522-de97-4df7-8a51-25ad49240b6f"/>
                  </criteriaReference>
               </precondition>
            </numeratorCriteria>
         </component>
         <component typeCode="COMP">
            <cql-ext:supplementalDataElement>
               <id extension="Supplemental Data Elements"
                   root="bc6df4d4-0613-4ac1-8d1c-78f1c285ac53"/>
               <code code="SDE"
                     codeSystem="2.16.840.1.113883.5.4"
                     codeSystemName="Act Code"/>
               <precondition typeCode="PRCN">
                  <criteriaReference classCode="OBS" moodCode="EVN">
                     <id extension="CMS124CervicalCancerScreening.&quot;SDE Sex&quot;"
                         root="a2c1f522-de97-4df7-8a51-25ad49240b6f"/>
                  </criteriaReference>
               </precondition>
            </cql-ext:supplementalDataElement>
         </component>
         <component typeCode="COMP">
            <cql-ext:supplementalDataElement>
               <id extension="Supplemental Data Elements"
                   root="e0ef878d-2507-4e70-b5c0-a28ed9339a2e"/>
               <code code="SDE"
                     codeSystem="2.16.840.1.113883.5.4"
                     codeSystemName="Act Code"/>
               <precondition typeCode="PRCN">
                  <criteriaReference classCode="OBS" moodCode="EVN">
                     <id extension="CMS124CervicalCancerScreening.&quot;SDE Payer&quot;"
                         root="a2c1f522-de97-4df7-8a51-25ad49240b6f"/>
                  </criteriaReference>
               </precondition>
            </cql-ext:supplementalDataElement>
         </component>
         <component typeCode="COMP">
            <cql-ext:supplementalDataElement>
               <id extension="Supplemental Data Elements"
                   root="23313341-9d07-4416-bc01-28fb9e77a88b"/>
               <code code="SDE"
                     codeSystem="2.16.840.1.113883.5.4"
                     codeSystemName="Act Code"/>
               <precondition typeCode="PRCN">
                  <criteriaReference classCode="OBS" moodCode="EVN">
                     <id extension="CMS124CervicalCancerScreening.&quot;SDE Race&quot;"
                         root="a2c1f522-de97-4df7-8a51-25ad49240b6f"/>
                  </criteriaReference>
               </precondition>
            </cql-ext:supplementalDataElement>
         </component>
         <component typeCode="COMP">
            <cql-ext:supplementalDataElement>
               <id extension="Supplemental Data Elements"
                   root="ddfc2ec4-dec2-46c8-958d-e1dae2218701"/>
               <code code="SDE"
                     codeSystem="2.16.840.1.113883.5.4"
                     codeSystemName="Act Code"/>
               <precondition typeCode="PRCN">
                  <criteriaReference classCode="OBS" moodCode="EVN">
                     <id extension="CMS124CervicalCancerScreening.&quot;SDE Ethnicity&quot;"
                         root="a2c1f522-de97-4df7-8a51-25ad49240b6f"/>
                  </criteriaReference>
               </precondition>
            </cql-ext:supplementalDataElement>
         </component>
      </populationCriteriaSection>
   </component>
</QualityMeasureDocument>
