{
   "library" : {
      "annotation" : [ {
         "translatorOptions" : "EnableAnnotations,EnableLocators,DisableListDemotion,DisableListPromotion,DisableMethodInvocation",
         "type" : "CqlToElmInfo"
      }, {
         "type" : "Annotation",
         "s" : {
            "r" : "77",
            "s" : [ {
               "value" : [ "","library CervicalCancerScreening version '13.1.000'" ]
            } ]
         }
      } ],
      "identifier" : {
         "id" : "CervicalCancerScreening",
         "version" : "13.1.000"
      },
      "schemaIdentifier" : {
         "id" : "urn:hl7-org:elm",
         "version" : "r1"
      },
      "usings" : {
         "def" : [ {
            "localIdentifier" : "System",
            "uri" : "urn:hl7-org:elm-types:r1"
         }, {
            "localId" : "1",
            "locator" : "3:1-3:23",
            "localIdentifier" : "QDM",
            "uri" : "urn:healthit-gov:qdm:v5_6",
            "version" : "5.6",
            "annotation" : [ {
               "type" : "Annotation",
               "s" : {
                  "r" : "1",
                  "s" : [ {
                     "value" : [ "","using " ]
                  }, {
                     "s" : [ {
                        "value" : [ "QDM" ]
                     } ]
                  }, {
                     "value" : [ " version ","'5.6'" ]
                  } ]
               }
            } ]
         } ]
      },
      "includes" : {
         "def" : [ {
            "localId" : "2",
            "locator" : "5:1-5:67",
            "localIdentifier" : "Global",
            "path" : "MATGlobalCommonFunctionsQDM",
            "version" : "8.0.000",
            "annotation" : [ {
               "type" : "Annotation",
               "s" : {
                  "r" : "2",
                  "s" : [ {
                     "value" : [ "","include " ]
                  }, {
                     "s" : [ {
                        "value" : [ "MATGlobalCommonFunctionsQDM" ]
                     } ]
                  }, {
                     "value" : [ " version ","'8.0.000'"," called ","Global" ]
                  } ]
               }
            } ]
         }, {
            "localId" : "3",
            "locator" : "6:1-6:51",
            "localIdentifier" : "Hospice",
            "path" : "HospiceQDM",
            "version" : "6.0.000",
            "annotation" : [ {
               "type" : "Annotation",
               "s" : {
                  "r" : "3",
                  "s" : [ {
                     "value" : [ "","include " ]
                  }, {
                     "s" : [ {
                        "value" : [ "HospiceQDM" ]
                     } ]
                  }, {
                     "value" : [ " version ","'6.0.000'"," called ","Hospice" ]
                  } ]
               }
            } ]
         }, {
            "localId" : "4",
            "locator" : "7:1-7:65",
            "localIdentifier" : "PalliativeCare",
            "path" : "PalliativeCareQDM",
            "version" : "4.0.000",
            "annotation" : [ {
               "type" : "Annotation",
               "s" : {
                  "r" : "4",
                  "s" : [ {
                     "value" : [ "","include " ]
                  }, {
                     "s" : [ {
                        "value" : [ "PalliativeCareQDM" ]
                     } ]
                  }, {
                     "value" : [ " version ","'4.0.000'"," called ","PalliativeCare" ]
                  } ]
               }
            } ]
         } ]
      },
      "parameters" : {
         "def" : [ {
            "localId" : "24",
            "locator" : "28:1-28:49",
            "name" : "Measurement Period",
            "accessLevel" : "Public",
            "annotation" : [ {
               "type" : "Annotation",
               "s" : {
                  "r" : "24",
                  "s" : [ {
                     "value" : [ "","parameter ","\"Measurement Period\""," " ]
                  }, {
                     "r" : "23",
                     "s" : [ {
                        "value" : [ "Interval<" ]
                     }, {
                        "r" : "22",
                        "s" : [ {
                           "value" : [ "DateTime" ]
                        } ]
                     }, {
                        "value" : [ ">" ]
                     } ]
                  } ]
               }
            } ],
            "parameterTypeSpecifier" : {
               "localId" : "23",
               "locator" : "28:32-28:49",
               "type" : "IntervalTypeSpecifier",
               "pointType" : {
                  "localId" : "22",
                  "locator" : "28:41-28:48",
                  "name" : "{urn:hl7-org:elm-types:r1}DateTime",
                  "type" : "NamedTypeSpecifier"
               }
            }
         } ]
      },
      "codeSystems" : {
         "def" : [ {
            "localId" : "5",
            "locator" : "9:1-9:66",
            "name" : "AdministrativeGender",
            "id" : "urn:oid:2.16.840.1.113883.5.1",
            "accessLevel" : "Public",
            "annotation" : [ {
               "type" : "Annotation",
               "s" : {
                  "r" : "5",
                  "s" : [ {
                     "value" : [ "","codesystem ","\"AdministrativeGender\"",": ","'urn:oid:2.16.840.1.113883.5.1'" ]
                  } ]
               }
            } ]
         } ]
      },
      "valueSets" : {
         "def" : [ {
            "localId" : "6",
            "locator" : "11:1-11:103",
            "name" : "Congenital or Acquired Absence of Cervix",
            "id" : "urn:oid:2.16.840.1.113883.3.464.1003.111.12.1016",
            "accessLevel" : "Public",
            "annotation" : [ {
               "type" : "Annotation",
               "s" : {
                  "r" : "6",
                  "s" : [ {
                     "value" : [ "","valueset ","\"Congenital or Acquired Absence of Cervix\"",": ","'urn:oid:2.16.840.1.113883.3.464.1003.111.12.1016'" ]
                  } ]
               }
            } ]
         }, {
            "localId" : "7",
            "locator" : "12:1-12:58",
            "name" : "Ethnicity",
            "id" : "urn:oid:2.16.840.1.114222.4.11.837",
            "accessLevel" : "Public",
            "annotation" : [ {
               "type" : "Annotation",
               "s" : {
                  "r" : "7",
                  "s" : [ {
                     "value" : [ "","valueset ","\"Ethnicity\"",": ","'urn:oid:2.16.840.1.114222.4.11.837'" ]
                  } ]
               }
            } ]
         }, {
            "localId" : "8",
            "locator" : "13:1-13:87",
            "name" : "Home Healthcare Services",
            "id" : "urn:oid:2.16.840.1.113883.3.464.1003.101.12.1016",
            "accessLevel" : "Public",
            "annotation" : [ {
               "type" : "Annotation",
               "s" : {
                  "r" : "8",
                  "s" : [ {
                     "value" : [ "","valueset ","\"Home Healthcare Services\"",": ","'urn:oid:2.16.840.1.113883.3.464.1003.101.12.1016'" ]
                  } ]
               }
            } ]
         }, {
            "localId" : "9",
            "locator" : "14:1-14:71",
            "name" : "HPV Test",
            "id" : "urn:oid:2.16.840.1.113883.3.464.1003.110.12.1059",
            "accessLevel" : "Public",
            "annotation" : [ {
               "type" : "Annotation",
               "s" : {
                  "r" : "9",
                  "s" : [ {
                     "value" : [ "","valueset ","\"HPV Test\"",": ","'urn:oid:2.16.840.1.113883.3.464.1003.110.12.1059'" ]
                  } ]
               }
            } ]
         }, {
            "localId" : "10",
            "locator" : "15:1-15:99",
            "name" : "Hysterectomy with No Residual Cervix",
            "id" : "urn:oid:2.16.840.1.113883.3.464.1003.198.12.1014",
            "accessLevel" : "Public",
            "annotation" : [ {
               "type" : "Annotation",
               "s" : {
                  "r" : "10",
                  "s" : [ {
                     "value" : [ "","valueset ","\"Hysterectomy with No Residual Cervix\"",": ","'urn:oid:2.16.840.1.113883.3.464.1003.198.12.1014'" ]
                  } ]
               }
            } ]
         }, {
            "localId" : "11",
            "locator" : "16:1-16:75",
            "name" : "Office Visit",
            "id" : "urn:oid:2.16.840.1.113883.3.464.1003.101.12.1001",
            "accessLevel" : "Public",
            "annotation" : [ {
               "type" : "Annotation",
               "s" : {
                  "r" : "11",
                  "s" : [ {
                     "value" : [ "","valueset ","\"Office Visit\"",": ","'urn:oid:2.16.840.1.113883.3.464.1003.101.12.1001'" ]
                  } ]
               }
            } ]
         }, {
            "localId" : "12",
            "locator" : "17:1-17:68",
            "name" : "ONC Administrative Sex",
            "id" : "urn:oid:2.16.840.1.113762.1.4.1",
            "accessLevel" : "Public",
            "annotation" : [ {
               "type" : "Annotation",
               "s" : {
                  "r" : "12",
                  "s" : [ {
                     "value" : [ "","valueset ","\"ONC Administrative Sex\"",": ","'urn:oid:2.16.840.1.113762.1.4.1'" ]
                  } ]
               }
            } ]
         }, {
            "localId" : "13",
            "locator" : "18:1-18:71",
            "name" : "Pap Test",
            "id" : "urn:oid:2.16.840.1.113883.3.464.1003.108.12.1017",
            "accessLevel" : "Public",
            "annotation" : [ {
               "type" : "Annotation",
               "s" : {
                  "r" : "13",
                  "s" : [ {
                     "value" : [ "","valueset ","\"Pap Test\"",": ","'urn:oid:2.16.840.1.113883.3.464.1003.108.12.1017'" ]
                  } ]
               }
            } ]
         }, {
            "localId" : "14",
            "locator" : "19:1-19:60",
            "name" : "Payer Type",
            "id" : "urn:oid:2.16.840.1.114222.4.11.3591",
            "accessLevel" : "Public",
            "annotation" : [ {
               "type" : "Annotation",
               "s" : {
                  "r" : "14",
                  "s" : [ {
                     "value" : [ "","valueset ","\"Payer Type\"",": ","'urn:oid:2.16.840.1.114222.4.11.3591'" ]
                  } ]
               }
            } ]
         }, {
            "localId" : "15",
            "locator" : "20:1-20:123",
            "name" : "Preventive Care Services Established Office Visit, 18 and Up",
            "id" : "urn:oid:2.16.840.1.113883.3.464.1003.101.12.1025",
            "accessLevel" : "Public",
            "annotation" : [ {
               "type" : "Annotation",
               "s" : {
                  "r" : "15",
                  "s" : [ {
                     "value" : [ "","valueset ","\"Preventive Care Services Established Office Visit, 18 and Up\"",": ","'urn:oid:2.16.840.1.113883.3.464.1003.101.12.1025'" ]
                  } ]
               }
            } ]
         }, {
            "localId" : "16",
            "locator" : "21:1-21:119",
            "name" : "Preventive Care Services Initial Office Visit, 18 and Up",
            "id" : "urn:oid:2.16.840.1.113883.3.464.1003.101.12.1023",
            "accessLevel" : "Public",
            "annotation" : [ {
               "type" : "Annotation",
               "s" : {
                  "r" : "16",
                  "s" : [ {
                     "value" : [ "","valueset ","\"Preventive Care Services Initial Office Visit, 18 and Up\"",": ","'urn:oid:2.16.840.1.113883.3.464.1003.101.12.1023'" ]
                  } ]
               }
            } ]
         }, {
            "localId" : "17",
            "locator" : "22:1-22:53",
            "name" : "Race",
            "id" : "urn:oid:2.16.840.1.114222.4.11.836",
            "accessLevel" : "Public",
            "annotation" : [ {
               "type" : "Annotation",
               "s" : {
                  "r" : "17",
                  "s" : [ {
                     "value" : [ "","valueset ","\"Race\"",": ","'urn:oid:2.16.840.1.114222.4.11.836'" ]
                  } ]
               }
            } ]
         }, {
            "localId" : "18",
            "locator" : "23:1-23:79",
            "name" : "Telephone Visits",
            "id" : "urn:oid:2.16.840.1.113883.3.464.1003.101.12.1080",
            "accessLevel" : "Public",
            "annotation" : [ {
               "type" : "Annotation",
               "s" : {
                  "r" : "18",
                  "s" : [ {
                     "value" : [ "","valueset ","\"Telephone Visits\"",": ","'urn:oid:2.16.840.1.113883.3.464.1003.101.12.1080'" ]
                  } ]
               }
            } ]
         }, {
            "localId" : "19",
            "locator" : "24:1-24:80",
            "name" : "Virtual Encounter",
            "id" : "urn:oid:2.16.840.1.113883.3.464.1003.101.12.1089",
            "accessLevel" : "Public",
            "annotation" : [ {
               "type" : "Annotation",
               "s" : {
                  "r" : "19",
                  "s" : [ {
                     "value" : [ "","valueset ","\"Virtual Encounter\"",": ","'urn:oid:2.16.840.1.113883.3.464.1003.101.12.1089'" ]
                  } ]
               }
            } ]
         } ]
      },
      "codes" : {
         "def" : [ {
            "localId" : "21",
            "locator" : "26:1-26:63",
            "name" : "Female",
            "id" : "F",
            "display" : "Female",
            "accessLevel" : "Public",
            "annotation" : [ {
               "type" : "Annotation",
               "s" : {
                  "r" : "21",
                  "s" : [ {
                     "value" : [ "","code ","\"Female\"",": ","'F'"," from " ]
                  }, {
                     "r" : "20",
                     "s" : [ {
                        "value" : [ "\"AdministrativeGender\"" ]
                     } ]
                  }, {
                     "value" : [ " display ","'Female'" ]
                  } ]
               }
            } ],
            "codeSystem" : {
               "localId" : "20",
               "locator" : "26:25-26:46",
               "name" : "AdministrativeGender"
            }
         } ]
      },
      "contexts" : {
         "def" : [ {
            "locator" : "30:1-30:15",
            "name" : "Patient"
         } ]
      },
      "statements" : {
         "def" : [ {
            "locator" : "30:1-30:15",
            "name" : "Patient",
            "context" : "Patient",
            "expression" : {
               "type" : "SingletonFrom",
               "operand" : {
                  "locator" : "30:1-30:15",
                  "dataType" : "{urn:healthit-gov:qdm:v5_6}Patient",
                  "templateId" : "Patient",
                  "type" : "Retrieve"
               }
            }
         }, {
            "localId" : "46",
            "locator" : "32:1-38:5",
            "name" : "Absence of Cervix",
            "context" : "Patient",
            "accessLevel" : "Public",
            "annotation" : [ {
               "type" : "Annotation",
               "s" : {
                  "r" : "46",
                  "s" : [ {
                     "value" : [ "","define ","\"Absence of Cervix\"",":\n  " ]
                  }, {
                     "r" : "45",
                     "s" : [ {
                        "r" : "36",
                        "s" : [ {
                           "value" : [ "( " ]
                        }, {
                           "r" : "36",
                           "s" : [ {
                              "s" : [ {
                                 "r" : "26",
                                 "s" : [ {
                                    "r" : "25",
                                    "s" : [ {
                                       "r" : "25",
                                       "s" : [ {
                                          "value" : [ "[","\"Procedure, Performed\"",": " ]
                                       }, {
                                          "s" : [ {
                                             "value" : [ "\"Hysterectomy with No Residual Cervix\"" ]
                                          } ]
                                       }, {
                                          "value" : [ "]" ]
                                       } ]
                                    } ]
                                 }, {
                                    "value" : [ " ","NoCervixProcedure" ]
                                 } ]
                              } ]
                           }, {
                              "value" : [ "\n      " ]
                           }, {
                              "r" : "35",
                              "s" : [ {
                                 "value" : [ "where " ]
                              }, {
                                 "r" : "35",
                                 "s" : [ {
                                    "r" : "32",
                                    "s" : [ {
                                       "r" : "27",
                                       "s" : [ {
                                          "value" : [ "Global" ]
                                       } ]
                                    }, {
                                       "value" : [ "." ]
                                    }, {
                                       "r" : "32",
                                       "s" : [ {
                                          "value" : [ "\"NormalizeInterval\""," ( " ]
                                       }, {
                                          "r" : "29",
                                          "s" : [ {
                                             "r" : "28",
                                             "s" : [ {
                                                "value" : [ "NoCervixProcedure" ]
                                             } ]
                                          }, {
                                             "value" : [ "." ]
                                          }, {
                                             "r" : "29",
                                             "s" : [ {
                                                "value" : [ "relevantDatetime" ]
                                             } ]
                                          } ]
                                       }, {
                                          "value" : [ ", " ]
                                       }, {
                                          "r" : "31",
                                          "s" : [ {
                                             "r" : "30",
                                             "s" : [ {
                                                "value" : [ "NoCervixProcedure" ]
                                             } ]
                                          }, {
                                             "value" : [ "." ]
                                          }, {
                                             "r" : "31",
                                             "s" : [ {
                                                "value" : [ "relevantPeriod" ]
                                             } ]
                                          } ]
                                       }, {
                                          "value" : [ " )" ]
                                       } ]
                                    } ]
                                 }, {
                                    "r" : "35",
                                    "value" : [ " ","ends on or before"," " ]
                                 }, {
                                    "r" : "34",
                                    "s" : [ {
                                       "value" : [ "end of " ]
                                    }, {
                                       "r" : "33",
                                       "s" : [ {
                                          "value" : [ "\"Measurement Period\"" ]
                                       } ]
                                    } ]
                                 } ]
                              } ]
                           } ]
                        }, {
                           "value" : [ "\n  )" ]
                        } ]
                     }, {
                        "value" : [ "\n    union " ]
                     }, {
                        "r" : "44",
                        "s" : [ {
                           "value" : [ "( " ]
                        }, {
                           "r" : "44",
                           "s" : [ {
                              "s" : [ {
                                 "r" : "38",
                                 "s" : [ {
                                    "r" : "37",
                                    "s" : [ {
                                       "r" : "37",
                                       "s" : [ {
                                          "value" : [ "[","\"Diagnosis\"",": " ]
                                       }, {
                                          "s" : [ {
                                             "value" : [ "\"Congenital or Acquired Absence of Cervix\"" ]
                                          } ]
                                       }, {
                                          "value" : [ "]" ]
                                       } ]
                                    } ]
                                 }, {
                                    "value" : [ " ","NoCervixDiagnosis" ]
                                 } ]
                              } ]
                           }, {
                              "value" : [ "\n        " ]
                           }, {
                              "r" : "43",
                              "s" : [ {
                                 "value" : [ "where " ]
                              }, {
                                 "r" : "43",
                                 "s" : [ {
                                    "r" : "40",
                                    "s" : [ {
                                       "r" : "39",
                                       "s" : [ {
                                          "value" : [ "NoCervixDiagnosis" ]
                                       } ]
                                    }, {
                                       "value" : [ "." ]
                                    }, {
                                       "r" : "40",
                                       "s" : [ {
                                          "value" : [ "prevalencePeriod" ]
                                       } ]
                                    } ]
                                 }, {
                                    "r" : "43",
                                    "value" : [ " ","starts on or before"," " ]
                                 }, {
                                    "r" : "42",
                                    "s" : [ {
                                       "value" : [ "end of " ]
                                    }, {
                                       "r" : "41",
                                       "s" : [ {
                                          "value" : [ "\"Measurement Period\"" ]
                                       } ]
                                    } ]
                                 } ]
                              } ]
                           } ]
                        }, {
                           "value" : [ "\n    )" ]
                        } ]
                     } ]
                  } ]
               }
            } ],
            "expression" : {
               "localId" : "45",
               "locator" : "33:3-38:5",
               "type" : "Union",
               "operand" : [ {
                  "type" : "As",
                  "operand" : {
                     "localId" : "36",
                     "locator" : "33:3-35:3",
                     "type" : "Query",
                     "source" : [ {
                        "localId" : "26",
                        "locator" : "33:5-33:86",
                        "alias" : "NoCervixProcedure",
                        "expression" : {
                           "localId" : "25",
                           "locator" : "33:5-33:68",
                           "dataType" : "{urn:healthit-gov:qdm:v5_6}PositiveProcedurePerformed",
                           "templateId" : "PositiveProcedurePerformed",
                           "codeProperty" : "code",
                           "codeComparator" : "in",
                           "type" : "Retrieve",
                           "codes" : {
                              "locator" : "33:30-33:67",
                              "name" : "Hysterectomy with No Residual Cervix",
                              "preserve" : true,
                              "type" : "ValueSetRef"
                           }
                        }
                     } ],
                     "relationship" : [ ],
                     "where" : {
                        "localId" : "35",
                        "locator" : "34:7-34:157",
                        "type" : "SameOrBefore",
                        "operand" : [ {
                           "locator" : "34:113-34:116",
                           "type" : "End",
                           "operand" : {
                              "localId" : "32",
                              "locator" : "34:13-34:111",
                              "name" : "NormalizeInterval",
                              "libraryName" : "Global",
                              "type" : "FunctionRef",
                              "operand" : [ {
                                 "localId" : "29",
                                 "locator" : "34:42-34:75",
                                 "path" : "relevantDatetime",
                                 "scope" : "NoCervixProcedure",
                                 "type" : "Property"
                              }, {
                                 "localId" : "31",
                                 "locator" : "34:78-34:109",
                                 "path" : "relevantPeriod",
                                 "scope" : "NoCervixProcedure",
                                 "type" : "Property"
                              } ]
                           }
                        }, {
                           "localId" : "34",
                           "locator" : "34:131-34:157",
                           "type" : "End",
                           "operand" : {
                              "localId" : "33",
                              "locator" : "34:138-34:157",
                              "name" : "Measurement Period",
                              "type" : "ParameterRef"
                           }
                        } ]
                     }
                  },
                  "asTypeSpecifier" : {
                     "type" : "ListTypeSpecifier",
                     "elementType" : {
                        "type" : "ChoiceTypeSpecifier",
                        "choice" : [ {
                           "name" : "{urn:healthit-gov:qdm:v5_6}Diagnosis",
                           "type" : "NamedTypeSpecifier"
                        }, {
                           "name" : "{urn:healthit-gov:qdm:v5_6}PositiveProcedurePerformed",
                           "type" : "NamedTypeSpecifier"
                        } ]
                     }
                  }
               }, {
                  "type" : "As",
                  "operand" : {
                     "localId" : "44",
                     "locator" : "36:11-38:5",
                     "type" : "Query",
                     "source" : [ {
                        "localId" : "38",
                        "locator" : "36:13-36:87",
                        "alias" : "NoCervixDiagnosis",
                        "expression" : {
                           "localId" : "37",
                           "locator" : "36:13-36:69",
                           "dataType" : "{urn:healthit-gov:qdm:v5_6}Diagnosis",
                           "codeProperty" : "code",
                           "codeComparator" : "in",
                           "type" : "Retrieve",
                           "codes" : {
                              "locator" : "36:27-36:68",
                              "name" : "Congenital or Acquired Absence of Cervix",
                              "preserve" : true,
                              "type" : "ValueSetRef"
                           }
                        }
                     } ],
                     "relationship" : [ ],
                     "where" : {
                        "localId" : "43",
                        "locator" : "37:9-37:96",
                        "type" : "SameOrBefore",
                        "operand" : [ {
                           "locator" : "37:50-37:55",
                           "type" : "Start",
                           "operand" : {
                              "localId" : "40",
                              "locator" : "37:15-37:48",
                              "path" : "prevalencePeriod",
                              "scope" : "NoCervixDiagnosis",
                              "type" : "Property"
                           }
                        }, {
                           "localId" : "42",
                           "locator" : "37:70-37:96",
                           "type" : "End",
                           "operand" : {
                              "localId" : "41",
                              "locator" : "37:77-37:96",
                              "name" : "Measurement Period",
                              "type" : "ParameterRef"
                           }
                        } ]
                     }
                  },
                  "asTypeSpecifier" : {
                     "type" : "ListTypeSpecifier",
                     "elementType" : {
                        "type" : "ChoiceTypeSpecifier",
                        "choice" : [ {
                           "name" : "{urn:healthit-gov:qdm:v5_6}Diagnosis",
                           "type" : "NamedTypeSpecifier"
                        }, {
                           "name" : "{urn:healthit-gov:qdm:v5_6}PositiveProcedurePerformed",
                           "type" : "NamedTypeSpecifier"
                        } ]
                     }
                  }
               } ]
            }
         }, {
            "localId" : "77",
            "locator" : "82:1-89:75",
            "name" : "Qualifying Encounters",
            "context" : "Patient",
            "accessLevel" : "Public",
            "annotation" : [ {
               "type" : "Annotation",
               "s" : {
                  "r" : "77",
                  "s" : [ {
                     "value" : [ "","define ","\"Qualifying Encounters\"",":\n  " ]
                  }, {
                     "r" : "76",
                     "s" : [ {
                        "s" : [ {
                           "r" : "71",
                           "s" : [ {
                              "r" : "70",
                              "s" : [ {
                                 "value" : [ "( " ]
                              }, {
                                 "r" : "70",
                                 "s" : [ {
                                    "r" : "67",
                                    "s" : [ {
                                       "r" : "65",
                                       "s" : [ {
                                          "r" : "62",
                                          "s" : [ {
                                             "r" : "60",
                                             "s" : [ {
                                                "r" : "58",
                                                "s" : [ {
                                                   "value" : [ "[","\"Encounter, Performed\"",": " ]
                                                }, {
                                                   "s" : [ {
                                                      "value" : [ "\"Office Visit\"" ]
                                                   } ]
                                                }, {
                                                   "value" : [ "]" ]
                                                } ]
                                             }, {
                                                "value" : [ "\n    union " ]
                                             }, {
                                                "r" : "59",
                                                "s" : [ {
                                                   "value" : [ "[","\"Encounter, Performed\"",": " ]
                                                }, {
                                                   "s" : [ {
                                                      "value" : [ "\"Preventive Care Services Established Office Visit, 18 and Up\"" ]
                                                   } ]
                                                }, {
                                                   "value" : [ "]" ]
                                                } ]
                                             } ]
                                          }, {
                                             "value" : [ "\n    union " ]
                                          }, {
                                             "r" : "61",
                                             "s" : [ {
                                                "value" : [ "[","\"Encounter, Performed\"",": " ]
                                             }, {
                                                "s" : [ {
                                                   "value" : [ "\"Preventive Care Services Initial Office Visit, 18 and Up\"" ]
                                                } ]
                                             }, {
                                                "value" : [ "]" ]
                                             } ]
                                          } ]
                                       }, {
                                          "value" : [ "\n    union " ]
                                       }, {
                                          "r" : "63",
                                          "s" : [ {
                                             "value" : [ "[","\"Encounter, Performed\"",": " ]
                                          }, {
                                             "s" : [ {
                                                "value" : [ "\"Home Healthcare Services\"" ]
                                             } ]
                                          }, {
                                             "value" : [ "]" ]
                                          } ]
                                       } ]
                                    }, {
                                       "value" : [ "\n    union " ]
                                    }, {
                                       "r" : "66",
                                       "s" : [ {
                                          "value" : [ "[","\"Encounter, Performed\"",": " ]
                                       }, {
                                          "s" : [ {
                                             "value" : [ "\"Telephone Visits\"" ]
                                          } ]
                                       }, {
                                          "value" : [ "]" ]
                                       } ]
                                    } ]
                                 }, {
                                    "value" : [ "\n    union " ]
                                 }, {
                                    "r" : "68",
                                    "s" : [ {
                                       "value" : [ "[","\"Encounter, Performed\"",": " ]
                                    }, {
                                       "s" : [ {
                                          "value" : [ "\"Virtual Encounter\"" ]
                                       } ]
                                    }, {
                                       "value" : [ "]" ]
                                    } ]
                                 } ]
                              }, {
                                 "value" : [ " )" ]
                              } ]
                           }, {
                              "value" : [ " ","ValidEncounters" ]
                           } ]
                        } ]
                     }, {
                        "value" : [ "\n    " ]
                     }, {
                        "r" : "75",
                        "s" : [ {
                           "value" : [ "where " ]
                        }, {
                           "r" : "75",
                           "s" : [ {
                              "r" : "73",
                              "s" : [ {
                                 "r" : "72",
                                 "s" : [ {
                                    "value" : [ "ValidEncounters" ]
                                 } ]
                              }, {
                                 "value" : [ "." ]
                              }, {
                                 "r" : "73",
                                 "s" : [ {
                                    "value" : [ "relevantPeriod" ]
                                 } ]
                              } ]
                           }, {
                              "r" : "75",
                              "value" : [ " ","during day of"," " ]
                           }, {
                              "r" : "74",
                              "s" : [ {
                                 "value" : [ "\"Measurement Period\"" ]
                              } ]
                           } ]
                        } ]
                     } ]
                  } ]
               }
            } ],
            "expression" : {
               "localId" : "76",
               "locator" : "83:3-89:75",
               "type" : "Query",
               "source" : [ {
                  "localId" : "71",
                  "locator" : "83:3-88:73",
                  "alias" : "ValidEncounters",
                  "expression" : {
                     "localId" : "70",
                     "locator" : "83:3-88:57",
                     "type" : "Union",
                     "operand" : [ {
                        "localId" : "65",
                        "locator" : "83:5-86:62",
                        "type" : "Union",
                        "operand" : [ {
                           "localId" : "60",
                           "locator" : "83:5-84:98",
                           "type" : "Union",
                           "operand" : [ {
                              "localId" : "58",
                              "locator" : "83:5-83:44",
                              "dataType" : "{urn:healthit-gov:qdm:v5_6}PositiveEncounterPerformed",
                              "templateId" : "PositiveEncounterPerformed",
                              "codeProperty" : "code",
                              "codeComparator" : "in",
                              "type" : "Retrieve",
                              "codes" : {
                                 "locator" : "83:30-83:43",
                                 "name" : "Office Visit",
                                 "preserve" : true,
                                 "type" : "ValueSetRef"
                              }
                           }, {
                              "localId" : "59",
                              "locator" : "84:11-84:98",
                              "dataType" : "{urn:healthit-gov:qdm:v5_6}PositiveEncounterPerformed",
                              "templateId" : "PositiveEncounterPerformed",
                              "codeProperty" : "code",
                              "codeComparator" : "in",
                              "type" : "Retrieve",
                              "codes" : {
                                 "locator" : "84:36-84:97",
                                 "name" : "Preventive Care Services Established Office Visit, 18 and Up",
                                 "preserve" : true,
                                 "type" : "ValueSetRef"
                              }
                           } ]
                        }, {
                           "localId" : "64",
                           "type" : "Union",
                           "operand" : [ {
                              "localId" : "61",
                              "locator" : "85:11-85:94",
                              "dataType" : "{urn:healthit-gov:qdm:v5_6}PositiveEncounterPerformed",
                              "templateId" : "PositiveEncounterPerformed",
                              "codeProperty" : "code",
                              "codeComparator" : "in",
                              "type" : "Retrieve",
                              "codes" : {
                                 "locator" : "85:36-85:93",
                                 "name" : "Preventive Care Services Initial Office Visit, 18 and Up",
                                 "preserve" : true,
                                 "type" : "ValueSetRef"
                              }
                           }, {
                              "localId" : "63",
                              "locator" : "86:11-86:62",
                              "dataType" : "{urn:healthit-gov:qdm:v5_6}PositiveEncounterPerformed",
                              "templateId" : "PositiveEncounterPerformed",
                              "codeProperty" : "code",
                              "codeComparator" : "in",
                              "type" : "Retrieve",
                              "codes" : {
                                 "locator" : "86:36-86:61",
                                 "name" : "Home Healthcare Services",
                                 "preserve" : true,
                                 "type" : "ValueSetRef"
                              }
                           } ]
                        } ]
                     }, {
                        "localId" : "69",
                        "type" : "Union",
                        "operand" : [ {
                           "localId" : "66",
                           "locator" : "87:11-87:54",
                           "dataType" : "{urn:healthit-gov:qdm:v5_6}PositiveEncounterPerformed",
                           "templateId" : "PositiveEncounterPerformed",
                           "codeProperty" : "code",
                           "codeComparator" : "in",
                           "type" : "Retrieve",
                           "codes" : {
                              "locator" : "87:36-87:53",
                              "name" : "Telephone Visits",
                              "preserve" : true,
                              "type" : "ValueSetRef"
                           }
                        }, {
                           "localId" : "68",
                           "locator" : "88:11-88:55",
                           "dataType" : "{urn:healthit-gov:qdm:v5_6}PositiveEncounterPerformed",
                           "templateId" : "PositiveEncounterPerformed",
                           "codeProperty" : "code",
                           "codeComparator" : "in",
                           "type" : "Retrieve",
                           "codes" : {
                              "locator" : "88:36-88:54",
                              "name" : "Virtual Encounter",
                              "preserve" : true,
                              "type" : "ValueSetRef"
                           }
                        } ]
                     } ]
                  }
               } ],
               "relationship" : [ ],
               "where" : {
                  "localId" : "75",
                  "locator" : "89:5-89:75",
                  "precision" : "Day",
                  "type" : "IncludedIn",
                  "operand" : [ {
                     "localId" : "73",
                     "locator" : "89:11-89:40",
                     "path" : "relevantPeriod",
                     "scope" : "ValidEncounters",
                     "type" : "Property"
                  }, {
                     "localId" : "74",
                     "locator" : "89:56-89:75",
                     "name" : "Measurement Period",
                     "type" : "ParameterRef"
                  } ]
               }
            }
         }, {
            "localId" : "81",
            "locator" : "69:1-74:38",
            "name" : "Initial Population",
            "context" : "Patient",
            "accessLevel" : "Public",
            "annotation" : [ {
               "type" : "Annotation",
               "s" : {
                  "r" : "81",
                  "s" : [ {
                     "value" : [ "","define ","\"Initial Population\"",":\n  " ]
                  }, {
                     "r" : "80",
                     "s" : [ {
                        "r" : "57",
                        "s" : [ {
                           "r" : "54",
                           "s" : [ {
                              "r" : "50",
                              "s" : [ {
                                 "value" : [ "AgeInYearsAt","(" ]
                              }, {
                                 "r" : "49",
                                 "s" : [ {
                                    "value" : [ "date from \n    " ]
                                 }, {
                                    "r" : "48",
                                    "s" : [ {
                                       "value" : [ "end of " ]
                                    }, {
                                       "r" : "47",
                                       "s" : [ {
                                          "value" : [ "\"Measurement Period\"" ]
                                       } ]
                                    } ]
                                 } ]
                              }, {
                                 "value" : [ "\n  )" ]
                              } ]
                           }, {
                              "value" : [ " in " ]
                           }, {
                              "r" : "53",
                              "s" : [ {
                                 "r" : "51",
                                 "value" : [ "Interval[","24",", ","64","]" ]
                              } ]
                           } ]
                        }, {
                           "value" : [ "\n    and " ]
                        }, {
                           "r" : "56",
                           "s" : [ {
                              "value" : [ "exists " ]
                           }, {
                              "r" : "55",
                              "s" : [ {
                                 "value" : [ "( " ]
                              }, {
                                 "r" : "55",
                                 "s" : [ {
                                    "value" : [ "[","\"Patient Characteristic Sex\"",": " ]
                                 }, {
                                    "s" : [ {
                                       "value" : [ "\"Female\"" ]
                                    } ]
                                 }, {
                                    "value" : [ "]" ]
                                 } ]
                              }, {
                                 "value" : [ " )" ]
                              } ]
                           } ]
                        } ]
                     }, {
                        "value" : [ "\n    and " ]
                     }, {
                        "r" : "79",
                        "s" : [ {
                           "value" : [ "exists " ]
                        }, {
                           "r" : "78",
                           "s" : [ {
                              "value" : [ "\"Qualifying Encounters\"" ]
                           } ]
                        } ]
                     } ]
                  } ]
               }
            } ],
            "expression" : {
               "localId" : "80",
               "locator" : "70:3-74:38",
               "type" : "And",
               "operand" : [ {
                  "localId" : "57",
                  "locator" : "70:3-73:59",
                  "type" : "And",
                  "operand" : [ {
                     "localId" : "54",
                     "locator" : "70:3-72:23",
                     "type" : "In",
                     "operand" : [ {
                        "localId" : "50",
                        "locator" : "70:3-72:3",
                        "precision" : "Year",
                        "type" : "CalculateAgeAt",
                        "operand" : [ {
                           "type" : "ToDate",
                           "operand" : {
                              "path" : "birthDatetime",
                              "type" : "Property",
                              "source" : {
                                 "name" : "Patient",
                                 "type" : "ExpressionRef"
                              }
                           }
                        }, {
                           "localId" : "49",
                           "locator" : "70:16-71:31",
                           "type" : "DateFrom",
                           "operand" : {
                              "localId" : "48",
                              "locator" : "71:5-71:31",
                              "type" : "End",
                              "operand" : {
                                 "localId" : "47",
                                 "locator" : "71:12-71:31",
                                 "name" : "Measurement Period",
                                 "type" : "ParameterRef"
                              }
                           }
                        } ]
                     }, {
                        "localId" : "53",
                        "locator" : "72:8-72:23",
                        "lowClosed" : true,
                        "highClosed" : true,
                        "type" : "Interval",
                        "low" : {
                           "localId" : "51",
                           "locator" : "72:17-72:18",
                           "valueType" : "{urn:hl7-org:elm-types:r1}Integer",
                           "value" : "24",
                           "type" : "Literal"
                        },
                        "high" : {
                           "localId" : "52",
                           "locator" : "72:21-72:22",
                           "valueType" : "{urn:hl7-org:elm-types:r1}Integer",
                           "value" : "64",
                           "type" : "Literal"
                        }
                     } ]
                  }, {
                     "localId" : "56",
                     "locator" : "73:9-73:59",
                     "type" : "Exists",
                     "operand" : {
                        "localId" : "55",
                        "locator" : "73:16-73:59",
                        "dataType" : "{urn:healthit-gov:qdm:v5_6}PatientCharacteristicSex",
                        "codeProperty" : "code",
                        "codeComparator" : "~",
                        "type" : "Retrieve",
                        "codes" : {
                           "type" : "ToList",
                           "operand" : {
                              "locator" : "73:49-73:56",
                              "name" : "Female",
                              "type" : "CodeRef"
                           }
                        }
                     }
                  } ]
               }, {
                  "localId" : "79",
                  "locator" : "74:9-74:38",
                  "type" : "Exists",
                  "operand" : {
                     "localId" : "78",
                     "locator" : "74:16-74:38",
                     "name" : "Qualifying Encounters",
                     "type" : "ExpressionRef"
                  }
               } ]
            }
         }, {
            "localId" : "83",
            "locator" : "40:1-41:22",
            "name" : "Denominator",
            "context" : "Patient",
            "accessLevel" : "Public",
            "annotation" : [ {
               "type" : "Annotation",
               "s" : {
                  "r" : "83",
                  "s" : [ {
                     "value" : [ "","define ","\"Denominator\"",":\n  " ]
                  }, {
                     "r" : "82",
                     "s" : [ {
                        "value" : [ "\"Initial Population\"" ]
                     } ]
                  } ]
               }
            } ],
            "expression" : {
               "localId" : "82",
               "locator" : "41:3-41:22",
               "name" : "Initial Population",
               "type" : "ExpressionRef"
            }
         }, {
            "localId" : "92",
            "locator" : "43:1-46:69",
            "name" : "Denominator Exclusions",
            "context" : "Patient",
            "accessLevel" : "Public",
            "annotation" : [ {
               "type" : "Annotation",
               "s" : {
                  "r" : "92",
                  "s" : [ {
                     "value" : [ "","define ","\"Denominator Exclusions\"",":\n  " ]
                  }, {
                     "r" : "91",
                     "s" : [ {
                        "r" : "88",
                        "s" : [ {
                           "r" : "85",
                           "s" : [ {
                              "r" : "84",
                              "s" : [ {
                                 "value" : [ "Hospice" ]
                              } ]
                           }, {
                              "value" : [ "." ]
                           }, {
                              "r" : "85",
                              "s" : [ {
                                 "value" : [ "\"Has Hospice Services\"" ]
                              } ]
                           } ]
                        }, {
                           "value" : [ "\n    or " ]
                        }, {
                           "r" : "87",
                           "s" : [ {
                              "value" : [ "exists " ]
                           }, {
                              "r" : "86",
                              "s" : [ {
                                 "value" : [ "\"Absence of Cervix\"" ]
                              } ]
                           } ]
                        } ]
                     }, {
                        "value" : [ "\n    or " ]
                     }, {
                        "r" : "90",
                        "s" : [ {
                           "r" : "89",
                           "s" : [ {
                              "value" : [ "PalliativeCare" ]
                           } ]
                        }, {
                           "value" : [ "." ]
                        }, {
                           "r" : "90",
                           "s" : [ {
                              "value" : [ "\"Has Palliative Care in the Measurement Period\"" ]
                           } ]
                        } ]
                     } ]
                  } ]
               }
            } ],
            "expression" : {
               "localId" : "91",
               "locator" : "44:3-46:69",
               "type" : "Or",
               "operand" : [ {
                  "localId" : "88",
                  "locator" : "44:3-45:33",
                  "type" : "Or",
                  "operand" : [ {
                     "localId" : "85",
                     "locator" : "44:3-44:32",
                     "name" : "Has Hospice Services",
                     "libraryName" : "Hospice",
                     "type" : "ExpressionRef"
                  }, {
                     "localId" : "87",
                     "locator" : "45:8-45:33",
                     "type" : "Exists",
                     "operand" : {
                        "localId" : "86",
                        "locator" : "45:15-45:33",
                        "name" : "Absence of Cervix",
                        "type" : "ExpressionRef"
                     }
                  } ]
               }, {
                  "localId" : "90",
                  "locator" : "46:8-46:69",
                  "name" : "Has Palliative Care in the Measurement Period",
                  "libraryName" : "PalliativeCare",
                  "type" : "ExpressionRef"
               } ]
            }
         }, {
            "localId" : "114",
            "locator" : "64:1-67:45",
            "name" : "Cervical Cytology Within 3 Years",
            "context" : "Patient",
            "accessLevel" : "Public",
            "annotation" : [ {
               "type" : "Annotation",
               "s" : {
                  "r" : "114",
                  "s" : [ {
                     "value" : [ "","define ","\"Cervical Cytology Within 3 Years\"",":\n  " ]
                  }, {
                     "r" : "113",
                     "s" : [ {
                        "s" : [ {
                           "r" : "94",
                           "s" : [ {
                              "r" : "93",
                              "s" : [ {
                                 "r" : "93",
                                 "s" : [ {
                                    "value" : [ "[","\"Laboratory Test, Performed\"",": " ]
                                 }, {
                                    "s" : [ {
                                       "value" : [ "\"Pap Test\"" ]
                                    } ]
                                 }, {
                                    "value" : [ "]" ]
                                 } ]
                              } ]
                           }, {
                              "value" : [ " ","CervicalCytology" ]
                           } ]
                        } ]
                     }, {
                        "value" : [ "\n    " ]
                     }, {
                        "r" : "112",
                        "s" : [ {
                           "value" : [ "where " ]
                        }, {
                           "r" : "112",
                           "s" : [ {
                              "r" : "108",
                              "s" : [ {
                                 "r" : "100",
                                 "s" : [ {
                                    "r" : "95",
                                    "s" : [ {
                                       "value" : [ "Global" ]
                                    } ]
                                 }, {
                                    "value" : [ "." ]
                                 }, {
                                    "r" : "100",
                                    "s" : [ {
                                       "value" : [ "\"LatestOf\""," ( " ]
                                    }, {
                                       "r" : "97",
                                       "s" : [ {
                                          "r" : "96",
                                          "s" : [ {
                                             "value" : [ "CervicalCytology" ]
                                          } ]
                                       }, {
                                          "value" : [ "." ]
                                       }, {
                                          "r" : "97",
                                          "s" : [ {
                                             "value" : [ "relevantDatetime" ]
                                          } ]
                                       } ]
                                    }, {
                                       "value" : [ ", " ]
                                    }, {
                                       "r" : "99",
                                       "s" : [ {
                                          "r" : "98",
                                          "s" : [ {
                                             "value" : [ "CervicalCytology" ]
                                          } ]
                                       }, {
                                          "value" : [ "." ]
                                       }, {
                                          "r" : "99",
                                          "s" : [ {
                                             "value" : [ "relevantPeriod" ]
                                          } ]
                                       } ]
                                    }, {
                                       "value" : [ " )" ]
                                    } ]
                                 } ]
                              }, {
                                 "r" : "108",
                                 "value" : [ " ","during day of"," " ]
                              }, {
                                 "r" : "107",
                                 "s" : [ {
                                    "value" : [ "Interval[" ]
                                 }, {
                                    "r" : "104",
                                    "s" : [ {
                                       "r" : "102",
                                       "s" : [ {
                                          "value" : [ "start of " ]
                                       }, {
                                          "r" : "101",
                                          "s" : [ {
                                             "value" : [ "\"Measurement Period\"" ]
                                          } ]
                                       } ]
                                    }, {
                                       "value" : [ " - " ]
                                    }, {
                                       "r" : "103",
                                       "s" : [ {
                                          "value" : [ "2 ","years" ]
                                       } ]
                                    } ]
                                 }, {
                                    "value" : [ ", " ]
                                 }, {
                                    "r" : "106",
                                    "s" : [ {
                                       "value" : [ "end of " ]
                                    }, {
                                       "r" : "105",
                                       "s" : [ {
                                          "value" : [ "\"Measurement Period\"" ]
                                       } ]
                                    } ]
                                 }, {
                                    "value" : [ "]" ]
                                 } ]
                              } ]
                           }, {
                              "value" : [ "\n      and " ]
                           }, {
                              "r" : "111",
                              "s" : [ {
                                 "r" : "110",
                                 "s" : [ {
                                    "r" : "109",
                                    "s" : [ {
                                       "value" : [ "CervicalCytology" ]
                                    } ]
                                 }, {
                                    "value" : [ "." ]
                                 }, {
                                    "r" : "110",
                                    "s" : [ {
                                       "value" : [ "result" ]
                                    } ]
                                 } ]
                              }, {
                                 "value" : [ " is not null" ]
                              } ]
                           } ]
                        } ]
                     } ]
                  } ]
               }
            } ],
            "expression" : {
               "localId" : "113",
               "locator" : "65:3-67:45",
               "type" : "Query",
               "source" : [ {
                  "localId" : "94",
                  "locator" : "65:3-65:61",
                  "alias" : "CervicalCytology",
                  "expression" : {
                     "localId" : "93",
                     "locator" : "65:3-65:44",
                     "dataType" : "{urn:healthit-gov:qdm:v5_6}PositiveLaboratoryTestPerformed",
                     "templateId" : "PositiveLaboratoryTestPerformed",
                     "codeProperty" : "code",
                     "codeComparator" : "in",
                     "type" : "Retrieve",
                     "codes" : {
                        "locator" : "65:34-65:43",
                        "name" : "Pap Test",
                        "preserve" : true,
                        "type" : "ValueSetRef"
                     }
                  }
               } ],
               "relationship" : [ ],
               "where" : {
                  "localId" : "112",
                  "locator" : "66:5-67:45",
                  "type" : "And",
                  "operand" : [ {
                     "localId" : "108",
                     "locator" : "66:11-66:191",
                     "precision" : "Day",
                     "type" : "In",
                     "operand" : [ {
                        "localId" : "100",
                        "locator" : "66:11-66:98",
                        "name" : "LatestOf",
                        "libraryName" : "Global",
                        "type" : "FunctionRef",
                        "operand" : [ {
                           "localId" : "97",
                           "locator" : "66:31-66:63",
                           "path" : "relevantDatetime",
                           "scope" : "CervicalCytology",
                           "type" : "Property"
                        }, {
                           "localId" : "99",
                           "locator" : "66:66-66:96",
                           "path" : "relevantPeriod",
                           "scope" : "CervicalCytology",
                           "type" : "Property"
                        } ]
                     }, {
                        "localId" : "107",
                        "locator" : "66:114-66:191",
                        "lowClosed" : true,
                        "highClosed" : true,
                        "type" : "Interval",
                        "low" : {
                           "localId" : "104",
                           "locator" : "66:123-66:161",
                           "type" : "Subtract",
                           "operand" : [ {
                              "localId" : "102",
                              "locator" : "66:123-66:151",
                              "type" : "Start",
                              "operand" : {
                                 "localId" : "101",
                                 "locator" : "66:132-66:151",
                                 "name" : "Measurement Period",
                                 "type" : "ParameterRef"
                              }
                           }, {
                              "localId" : "103",
                              "locator" : "66:155-66:161",
                              "value" : 2,
                              "unit" : "years",
                              "type" : "Quantity"
                           } ]
                        },
                        "high" : {
                           "localId" : "106",
                           "locator" : "66:164-66:190",
                           "type" : "End",
                           "operand" : {
                              "localId" : "105",
                              "locator" : "66:171-66:190",
                              "name" : "Measurement Period",
                              "type" : "ParameterRef"
                           }
                        }
                     } ]
                  }, {
                     "localId" : "111",
                     "locator" : "67:11-67:45",
                     "type" : "Not",
                     "operand" : {
                        "locator" : "67:11-67:45",
                        "type" : "IsNull",
                        "operand" : {
                           "localId" : "110",
                           "locator" : "67:11-67:33",
                           "path" : "result",
                           "scope" : "CervicalCytology",
                           "type" : "Property"
                        }
                     }
                  } ]
               }
            }
         }, {
            "localId" : "149",
            "locator" : "76:1-80:36",
            "name" : "HPV Test Within 5 Years for Women Age 30 and Older",
            "context" : "Patient",
            "accessLevel" : "Public",
            "annotation" : [ {
               "type" : "Annotation",
               "s" : {
                  "r" : "149",
                  "s" : [ {
                     "value" : [ "","define ","\"HPV Test Within 5 Years for Women Age 30 and Older\"",":\n  " ]
                  }, {
                     "r" : "148",
                     "s" : [ {
                        "s" : [ {
                           "r" : "118",
                           "s" : [ {
                              "r" : "117",
                              "s" : [ {
                                 "r" : "117",
                                 "s" : [ {
                                    "value" : [ "[","\"Laboratory Test, Performed\"",": " ]
                                 }, {
                                    "s" : [ {
                                       "value" : [ "\"HPV Test\"" ]
                                    } ]
                                 }, {
                                    "value" : [ "]" ]
                                 } ]
                              } ]
                           }, {
                              "value" : [ " ","HPVTest" ]
                           } ]
                        } ]
                     }, {
                        "value" : [ "\n    " ]
                     }, {
                        "r" : "147",
                        "s" : [ {
                           "value" : [ "where " ]
                        }, {
                           "r" : "147",
                           "s" : [ {
                              "r" : "143",
                              "s" : [ {
                                 "r" : "128",
                                 "s" : [ {
                                    "r" : "126",
                                    "s" : [ {
                                       "value" : [ "AgeInYearsAt","(" ]
                                    }, {
                                       "r" : "125",
                                       "s" : [ {
                                          "value" : [ "date from " ]
                                       }, {
                                          "r" : "124",
                                          "s" : [ {
                                             "r" : "119",
                                             "s" : [ {
                                                "value" : [ "Global" ]
                                             } ]
                                          }, {
                                             "value" : [ "." ]
                                          }, {
                                             "r" : "124",
                                             "s" : [ {
                                                "value" : [ "\"LatestOf\"","(" ]
                                             }, {
                                                "r" : "121",
                                                "s" : [ {
                                                   "r" : "120",
                                                   "s" : [ {
                                                      "value" : [ "HPVTest" ]
                                                   } ]
                                                }, {
                                                   "value" : [ "." ]
                                                }, {
                                                   "r" : "121",
                                                   "s" : [ {
                                                      "value" : [ "relevantDatetime" ]
                                                   } ]
                                                } ]
                                             }, {
                                                "value" : [ ", " ]
                                             }, {
                                                "r" : "123",
                                                "s" : [ {
                                                   "r" : "122",
                                                   "s" : [ {
                                                      "value" : [ "HPVTest" ]
                                                   } ]
                                                }, {
                                                   "value" : [ "." ]
                                                }, {
                                                   "r" : "123",
                                                   "s" : [ {
                                                      "value" : [ "relevantPeriod" ]
                                                   } ]
                                                } ]
                                             }, {
                                                "value" : [ ")" ]
                                             } ]
                                          } ]
                                       } ]
                                    }, {
                                       "value" : [ ")" ]
                                    } ]
                                 }, {
                                    "r" : "127",
                                    "value" : [ " ",">="," ","30" ]
                                 } ]
                              }, {
                                 "value" : [ "\n      and " ]
                              }, {
                                 "r" : "142",
                                 "s" : [ {
                                    "r" : "134",
                                    "s" : [ {
                                       "r" : "129",
                                       "s" : [ {
                                          "value" : [ "Global" ]
                                       } ]
                                    }, {
                                       "value" : [ "." ]
                                    }, {
                                       "r" : "134",
                                       "s" : [ {
                                          "value" : [ "\"LatestOf\""," ( " ]
                                       }, {
                                          "r" : "131",
                                          "s" : [ {
                                             "r" : "130",
                                             "s" : [ {
                                                "value" : [ "HPVTest" ]
                                             } ]
                                          }, {
                                             "value" : [ "." ]
                                          }, {
                                             "r" : "131",
                                             "s" : [ {
                                                "value" : [ "relevantDatetime" ]
                                             } ]
                                          } ]
                                       }, {
                                          "value" : [ ", " ]
                                       }, {
                                          "r" : "133",
                                          "s" : [ {
                                             "r" : "132",
                                             "s" : [ {
                                                "value" : [ "HPVTest" ]
                                             } ]
                                          }, {
                                             "value" : [ "." ]
                                          }, {
                                             "r" : "133",
                                             "s" : [ {
                                                "value" : [ "relevantPeriod" ]
                                             } ]
                                          } ]
                                       }, {
                                          "value" : [ " )" ]
                                       } ]
                                    } ]
                                 }, {
                                    "r" : "142",
                                    "value" : [ " ","during day of"," " ]
                                 }, {
                                    "r" : "141",
                                    "s" : [ {
                                       "value" : [ "Interval[" ]
                                    }, {
                                       "r" : "138",
                                       "s" : [ {
                                          "r" : "136",
                                          "s" : [ {
                                             "value" : [ "start of " ]
                                          }, {
                                             "r" : "135",
                                             "s" : [ {
                                                "value" : [ "\"Measurement Period\"" ]
                                             } ]
                                          } ]
                                       }, {
                                          "value" : [ " - " ]
                                       }, {
                                          "r" : "137",
                                          "s" : [ {
                                             "value" : [ "4 ","years" ]
                                          } ]
                                       } ]
                                    }, {
                                       "value" : [ ", " ]
                                    }, {
                                       "r" : "140",
                                       "s" : [ {
                                          "value" : [ "end of " ]
                                       }, {
                                          "r" : "139",
                                          "s" : [ {
                                             "value" : [ "\"Measurement Period\"" ]
                                          } ]
                                       } ]
                                    }, {
                                       "value" : [ "]" ]
                                    } ]
                                 } ]
                              } ]
                           }, {
                              "value" : [ "\n      and " ]
                           }, {
                              "r" : "146",
                              "s" : [ {
                                 "r" : "145",
                                 "s" : [ {
                                    "r" : "144",
                                    "s" : [ {
                                       "value" : [ "HPVTest" ]
                                    } ]
                                 }, {
                                    "value" : [ "." ]
                                 }, {
                                    "r" : "145",
                                    "s" : [ {
                                       "value" : [ "result" ]
                                    } ]
                                 } ]
                              }, {
                                 "value" : [ " is not null" ]
                              } ]
                           } ]
                        } ]
                     } ]
                  } ]
               }
            } ],
            "expression" : {
               "localId" : "148",
               "locator" : "77:3-80:36",
               "type" : "Query",
               "source" : [ {
                  "localId" : "118",
                  "locator" : "77:3-77:52",
                  "alias" : "HPVTest",
                  "expression" : {
                     "localId" : "117",
                     "locator" : "77:3-77:44",
                     "dataType" : "{urn:healthit-gov:qdm:v5_6}PositiveLaboratoryTestPerformed",
                     "templateId" : "PositiveLaboratoryTestPerformed",
                     "codeProperty" : "code",
                     "codeComparator" : "in",
                     "type" : "Retrieve",
                     "codes" : {
                        "locator" : "77:34-77:43",
                        "name" : "HPV Test",
                        "preserve" : true,
                        "type" : "ValueSetRef"
                     }
                  }
               } ],
               "relationship" : [ ],
               "where" : {
                  "localId" : "147",
                  "locator" : "78:5-80:36",
                  "type" : "And",
                  "operand" : [ {
                     "localId" : "143",
                     "locator" : "78:11-79:173",
                     "type" : "And",
                     "operand" : [ {
                        "localId" : "128",
                        "locator" : "78:11-78:107",
                        "type" : "GreaterOrEqual",
                        "operand" : [ {
                           "localId" : "126",
                           "locator" : "78:11-78:101",
                           "precision" : "Year",
                           "type" : "CalculateAgeAt",
                           "operand" : [ {
                              "type" : "ToDate",
                              "operand" : {
                                 "path" : "birthDatetime",
                                 "type" : "Property",
                                 "source" : {
                                    "name" : "Patient",
                                    "type" : "ExpressionRef"
                                 }
                              }
                           }, {
                              "localId" : "125",
                              "locator" : "78:24-78:100",
                              "type" : "DateFrom",
                              "operand" : {
                                 "localId" : "124",
                                 "locator" : "78:34-78:100",
                                 "name" : "LatestOf",
                                 "libraryName" : "Global",
                                 "type" : "FunctionRef",
                                 "operand" : [ {
                                    "localId" : "121",
                                    "locator" : "78:52-78:75",
                                    "path" : "relevantDatetime",
                                    "scope" : "HPVTest",
                                    "type" : "Property"
                                 }, {
                                    "localId" : "123",
                                    "locator" : "78:78-78:99",
                                    "path" : "relevantPeriod",
                                    "scope" : "HPVTest",
                                    "type" : "Property"
                                 } ]
                              }
                           } ]
                        }, {
                           "localId" : "127",
                           "locator" : "78:106-78:107",
                           "valueType" : "{urn:hl7-org:elm-types:r1}Integer",
                           "value" : "30",
                           "type" : "Literal"
                        } ]
                     }, {
                        "localId" : "142",
                        "locator" : "79:11-79:173",
                        "precision" : "Day",
                        "type" : "In",
                        "operand" : [ {
                           "localId" : "134",
                           "locator" : "79:11-79:80",
                           "name" : "LatestOf",
                           "libraryName" : "Global",
                           "type" : "FunctionRef",
                           "operand" : [ {
                              "localId" : "131",
                              "locator" : "79:31-79:54",
                              "path" : "relevantDatetime",
                              "scope" : "HPVTest",
                              "type" : "Property"
                           }, {
                              "localId" : "133",
                              "locator" : "79:57-79:78",
                              "path" : "relevantPeriod",
                              "scope" : "HPVTest",
                              "type" : "Property"
                           } ]
                        }, {
                           "localId" : "141",
                           "locator" : "79:96-79:173",
                           "lowClosed" : true,
                           "highClosed" : true,
                           "type" : "Interval",
                           "low" : {
                              "localId" : "138",
                              "locator" : "79:105-79:143",
                              "type" : "Subtract",
                              "operand" : [ {
                                 "localId" : "136",
                                 "locator" : "79:105-79:133",
                                 "type" : "Start",
                                 "operand" : {
                                    "localId" : "135",
                                    "locator" : "79:114-79:133",
                                    "name" : "Measurement Period",
                                    "type" : "ParameterRef"
                                 }
                              }, {
                                 "localId" : "137",
                                 "locator" : "79:137-79:143",
                                 "value" : 4,
                                 "unit" : "years",
                                 "type" : "Quantity"
                              } ]
                           },
                           "high" : {
                              "localId" : "140",
                              "locator" : "79:146-79:172",
                              "type" : "End",
                              "operand" : {
                                 "localId" : "139",
                                 "locator" : "79:153-79:172",
                                 "name" : "Measurement Period",
                                 "type" : "ParameterRef"
                              }
                           }
                        } ]
                     } ]
                  }, {
                     "localId" : "146",
                     "locator" : "80:11-80:36",
                     "type" : "Not",
                     "operand" : {
                        "locator" : "80:11-80:36",
                        "type" : "IsNull",
                        "operand" : {
                           "localId" : "145",
                           "locator" : "80:11-80:24",
                           "path" : "result",
                           "scope" : "HPVTest",
                           "type" : "Property"
                        }
                     }
                  } ]
               }
            }
         }, {
            "localId" : "153",
            "locator" : "48:1-50:66",
            "name" : "Numerator",
            "context" : "Patient",
            "accessLevel" : "Public",
            "annotation" : [ {
               "type" : "Annotation",
               "s" : {
                  "r" : "153",
                  "s" : [ {
                     "value" : [ "","define ","\"Numerator\"",":\n  " ]
                  }, {
                     "r" : "152",
                     "s" : [ {
                        "r" : "116",
                        "s" : [ {
                           "value" : [ "exists " ]
                        }, {
                           "r" : "115",
                           "s" : [ {
                              "value" : [ "\"Cervical Cytology Within 3 Years\"" ]
                           } ]
                        } ]
                     }, {
                        "value" : [ "\n    or " ]
                     }, {
                        "r" : "151",
                        "s" : [ {
                           "value" : [ "exists " ]
                        }, {
                           "r" : "150",
                           "s" : [ {
                              "value" : [ "\"HPV Test Within 5 Years for Women Age 30 and Older\"" ]
                           } ]
                        } ]
                     } ]
                  } ]
               }
            } ],
            "expression" : {
               "localId" : "152",
               "locator" : "49:3-50:66",
               "type" : "Or",
               "operand" : [ {
                  "localId" : "116",
                  "locator" : "49:3-49:43",
                  "type" : "Exists",
                  "operand" : {
                     "localId" : "115",
                     "locator" : "49:10-49:43",
                     "name" : "Cervical Cytology Within 3 Years",
                     "type" : "ExpressionRef"
                  }
               }, {
                  "localId" : "151",
                  "locator" : "50:8-50:66",
                  "type" : "Exists",
                  "operand" : {
                     "localId" : "150",
                     "locator" : "50:15-50:66",
                     "name" : "HPV Test Within 5 Years for Women Age 30 and Older",
                     "type" : "ExpressionRef"
                  }
               } ]
            }
         }, {
            "localId" : "155",
            "locator" : "52:1-53:51",
            "name" : "SDE Ethnicity",
            "context" : "Patient",
            "accessLevel" : "Public",
            "annotation" : [ {
               "type" : "Annotation",
               "s" : {
                  "r" : "155",
                  "s" : [ {
                     "value" : [ "","define ","\"SDE Ethnicity\"",":\n  " ]
                  }, {
                     "r" : "154",
                     "s" : [ {
                        "value" : [ "[","\"Patient Characteristic Ethnicity\"",": " ]
                     }, {
                        "s" : [ {
                           "value" : [ "\"Ethnicity\"" ]
                        } ]
                     }, {
                        "value" : [ "]" ]
                     } ]
                  } ]
               }
            } ],
            "expression" : {
               "localId" : "154",
               "locator" : "53:3-53:51",
               "dataType" : "{urn:healthit-gov:qdm:v5_6}PatientCharacteristicEthnicity",
               "codeProperty" : "code",
               "codeComparator" : "in",
               "type" : "Retrieve",
               "codes" : {
                  "locator" : "53:40-53:50",
                  "name" : "Ethnicity",
                  "preserve" : true,
                  "type" : "ValueSetRef"
               }
            }
         }, {
            "localId" : "157",
            "locator" : "55:1-56:48",
            "name" : "SDE Payer",
            "context" : "Patient",
            "accessLevel" : "Public",
            "annotation" : [ {
               "type" : "Annotation",
               "s" : {
                  "r" : "157",
                  "s" : [ {
                     "value" : [ "","define ","\"SDE Payer\"",":\n  " ]
                  }, {
                     "r" : "156",
                     "s" : [ {
                        "value" : [ "[","\"Patient Characteristic Payer\"",": " ]
                     }, {
                        "s" : [ {
                           "value" : [ "\"Payer Type\"" ]
                        } ]
                     }, {
                        "value" : [ "]" ]
                     } ]
                  } ]
               }
            } ],
            "expression" : {
               "localId" : "156",
               "locator" : "56:3-56:48",
               "dataType" : "{urn:healthit-gov:qdm:v5_6}PatientCharacteristicPayer",
               "codeProperty" : "code",
               "codeComparator" : "in",
               "type" : "Retrieve",
               "codes" : {
                  "locator" : "56:36-56:47",
                  "name" : "Payer Type",
                  "preserve" : true,
                  "type" : "ValueSetRef"
               }
            }
         }, {
            "localId" : "159",
            "locator" : "58:1-59:41",
            "name" : "SDE Race",
            "context" : "Patient",
            "accessLevel" : "Public",
            "annotation" : [ {
               "type" : "Annotation",
               "s" : {
                  "r" : "159",
                  "s" : [ {
                     "value" : [ "","define ","\"SDE Race\"",":\n  " ]
                  }, {
                     "r" : "158",
                     "s" : [ {
                        "value" : [ "[","\"Patient Characteristic Race\"",": " ]
                     }, {
                        "s" : [ {
                           "value" : [ "\"Race\"" ]
                        } ]
                     }, {
                        "value" : [ "]" ]
                     } ]
                  } ]
               }
            } ],
            "expression" : {
               "localId" : "158",
               "locator" : "59:3-59:41",
               "dataType" : "{urn:healthit-gov:qdm:v5_6}PatientCharacteristicRace",
               "codeProperty" : "code",
               "codeComparator" : "in",
               "type" : "Retrieve",
               "codes" : {
                  "locator" : "59:35-59:40",
                  "name" : "Race",
                  "preserve" : true,
                  "type" : "ValueSetRef"
               }
            }
         }, {
            "localId" : "161",
            "locator" : "61:1-62:58",
            "name" : "SDE Sex",
            "context" : "Patient",
            "accessLevel" : "Public",
            "annotation" : [ {
               "type" : "Annotation",
               "s" : {
                  "r" : "161",
                  "s" : [ {
                     "value" : [ "","define ","\"SDE Sex\"",":\n  " ]
                  }, {
                     "r" : "160",
                     "s" : [ {
                        "value" : [ "[","\"Patient Characteristic Sex\"",": " ]
                     }, {
                        "s" : [ {
                           "value" : [ "\"ONC Administrative Sex\"" ]
                        } ]
                     }, {
                        "value" : [ "]" ]
                     } ]
                  } ]
               }
            } ],
            "expression" : {
               "localId" : "160",
               "locator" : "62:3-62:58",
               "dataType" : "{urn:healthit-gov:qdm:v5_6}PatientCharacteristicSex",
               "codeProperty" : "code",
               "codeComparator" : "in",
               "type" : "Retrieve",
               "codes" : {
                  "locator" : "62:34-62:57",
                  "name" : "ONC Administrative Sex",
                  "preserve" : true,
                  "type" : "ValueSetRef"
               }
            }
         } ]
      }
   }
}