{
   "library" : {
      "annotation" : [ {
         "translatorOptions" : "EnableAnnotations,EnableLocators,DisableListDemotion,DisableListPromotion,DisableMethodInvocation",
         "type" : "CqlToElmInfo"
      }, {
         "type" : "Annotation",
         "s" : {
            "r" : "87",
            "s" : [ {
               "value" : [ "","library VTE version '7.2.000'" ]
            } ]
         }
      } ],
      "identifier" : {
         "id" : "VTE",
         "version" : "7.2.000"
      },
      "schemaIdentifier" : {
         "id" : "urn:hl7-org:elm",
         "version" : "r1"
      },
      "usings" : {
         "def" : [ {
            "localIdentifier" : "System",
            "uri" : "urn:hl7-org:elm-types:r1"
         }, {
            "localId" : "1",
            "locator" : "3:1-3:23",
            "localIdentifier" : "QDM",
            "uri" : "urn:healthit-gov:qdm:v5_6",
            "version" : "5.6",
            "annotation" : [ {
               "type" : "Annotation",
               "s" : {
                  "r" : "1",
                  "s" : [ {
                     "value" : [ "","using " ]
                  }, {
                     "s" : [ {
                        "value" : [ "QDM" ]
                     } ]
                  }, {
                     "value" : [ " version ","'5.6'" ]
                  } ]
               }
            } ]
         } ]
      },
      "includes" : {
         "def" : [ {
            "localId" : "2",
            "locator" : "5:1-5:64",
            "localIdentifier" : "Global",
            "path" : "MATGlobalCommonFunctions",
            "version" : "7.0.000",
            "annotation" : [ {
               "type" : "Annotation",
               "s" : {
                  "r" : "2",
                  "s" : [ {
                     "value" : [ "","include " ]
                  }, {
                     "s" : [ {
                        "value" : [ "MATGlobalCommonFunctions" ]
                     } ]
                  }, {
                     "value" : [ " version ","'7.0.000'"," called ","Global" ]
                  } ]
               }
            } ]
         }, {
            "localId" : "3",
            "locator" : "6:1-6:47",
            "localIdentifier" : "TJC",
            "path" : "TJCOverall",
            "version" : "7.1.000",
            "annotation" : [ {
               "type" : "Annotation",
               "s" : {
                  "r" : "3",
                  "s" : [ {
                     "value" : [ "","include " ]
                  }, {
                     "s" : [ {
                        "value" : [ "TJCOverall" ]
                     } ]
                  }, {
                     "value" : [ " version ","'7.1.000'"," called ","TJC" ]
                  } ]
               }
            } ]
         } ]
      },
      "parameters" : {
         "def" : [ {
            "localId" : "9",
            "locator" : "12:1-12:49",
            "name" : "Measurement Period",
            "accessLevel" : "Public",
            "annotation" : [ {
               "type" : "Annotation",
               "s" : {
                  "r" : "9",
                  "s" : [ {
                     "value" : [ "","parameter ","\"Measurement Period\""," " ]
                  }, {
                     "r" : "8",
                     "s" : [ {
                        "value" : [ "Interval<" ]
                     }, {
                        "r" : "7",
                        "s" : [ {
                           "value" : [ "DateTime" ]
                        } ]
                     }, {
                        "value" : [ ">" ]
                     } ]
                  } ]
               }
            } ],
            "parameterTypeSpecifier" : {
               "localId" : "8",
               "locator" : "12:32-12:49",
               "type" : "IntervalTypeSpecifier",
               "pointType" : {
                  "localId" : "7",
                  "locator" : "12:41-12:48",
                  "name" : "{urn:hl7-org:elm-types:r1}DateTime",
                  "type" : "NamedTypeSpecifier"
               }
            }
         } ]
      },
      "valueSets" : {
         "def" : [ {
            "localId" : "4",
            "locator" : "8:1-8:99",
            "name" : "Obstetrical or Pregnancy Related Conditions",
            "id" : "urn:oid:2.16.840.1.113883.3.117.1.7.1.263",
            "accessLevel" : "Public",
            "annotation" : [ {
               "type" : "Annotation",
               "s" : {
                  "r" : "4",
                  "s" : [ {
                     "value" : [ "","valueset ","\"Obstetrical or Pregnancy Related Conditions\"",": ","'urn:oid:2.16.840.1.113883.3.117.1.7.1.263'" ]
                  } ]
               }
            } ]
         }, {
            "localId" : "5",
            "locator" : "9:1-9:70",
            "name" : "Obstetrics VTE",
            "id" : "urn:oid:2.16.840.1.113883.3.117.1.7.1.264",
            "accessLevel" : "Public",
            "annotation" : [ {
               "type" : "Annotation",
               "s" : {
                  "r" : "5",
                  "s" : [ {
                     "value" : [ "","valueset ","\"Obstetrics VTE\"",": ","'urn:oid:2.16.840.1.113883.3.117.1.7.1.264'" ]
                  } ]
               }
            } ]
         }, {
            "localId" : "6",
            "locator" : "10:1-10:78",
            "name" : "Venous Thromboembolism",
            "id" : "urn:oid:2.16.840.1.113883.3.117.1.7.1.279",
            "accessLevel" : "Public",
            "annotation" : [ {
               "type" : "Annotation",
               "s" : {
                  "r" : "6",
                  "s" : [ {
                     "value" : [ "","valueset ","\"Venous Thromboembolism\"",": ","'urn:oid:2.16.840.1.113883.3.117.1.7.1.279'" ]
                  } ]
               }
            } ]
         } ]
      },
      "contexts" : {
         "def" : [ {
            "locator" : "14:1-14:15",
            "name" : "Patient"
         } ]
      },
      "statements" : {
         "def" : [ {
            "locator" : "14:1-14:15",
            "name" : "Patient",
            "context" : "Patient",
            "expression" : {
               "type" : "SingletonFrom",
               "operand" : {
                  "locator" : "14:1-14:15",
                  "dataType" : "{urn:healthit-gov:qdm:v5_6}Patient",
                  "templateId" : "Patient",
                  "type" : "Retrieve"
               }
            }
         }, {
            "localId" : "32",
            "locator" : "16:1-24:5",
            "name" : "Admission without VTE or Obstetrical Conditions",
            "context" : "Patient",
            "accessLevel" : "Public",
            "annotation" : [ {
               "type" : "Annotation",
               "s" : {
                  "r" : "32",
                  "s" : [ {
                     "value" : [ "","define ","\"Admission without VTE or Obstetrical Conditions\"",":\n  " ]
                  }, {
                     "r" : "31",
                     "s" : [ {
                        "s" : [ {
                           "r" : "11",
                           "s" : [ {
                              "r" : "10",
                              "s" : [ {
                                 "s" : [ {
                                    "value" : [ "Global",".","\"Inpatient Encounter\"" ]
                                 } ]
                              } ]
                           }, {
                              "value" : [ " ","InpatientEncounter" ]
                           } ]
                        } ]
                     }, {
                        "value" : [ "\n    " ]
                     }, {
                        "r" : "30",
                        "s" : [ {
                           "value" : [ "where " ]
                        }, {
                           "r" : "30",
                           "s" : [ {
                              "value" : [ "not " ]
                           }, {
                              "r" : "29",
                              "s" : [ {
                                 "value" : [ "( " ]
                              }, {
                                 "r" : "29",
                                 "s" : [ {
                                    "value" : [ "exists " ]
                                 }, {
                                    "r" : "28",
                                    "s" : [ {
                                       "value" : [ "( " ]
                                    }, {
                                       "r" : "28",
                                       "s" : [ {
                                          "s" : [ {
                                             "r" : "13",
                                             "s" : [ {
                                                "r" : "12",
                                                "s" : [ {
                                                   "s" : [ {
                                                      "value" : [ "InpatientEncounter",".","diagnoses" ]
                                                   } ]
                                                } ]
                                             }, {
                                                "value" : [ " ","EncounterDiagnoses" ]
                                             } ]
                                          } ]
                                       }, {
                                          "value" : [ "\n          " ]
                                       }, {
                                          "r" : "27",
                                          "s" : [ {
                                             "value" : [ "where " ]
                                          }, {
                                             "r" : "27",
                                             "s" : [ {
                                                "value" : [ "( " ]
                                             }, {
                                                "r" : "27",
                                                "s" : [ {
                                                   "r" : "22",
                                                   "s" : [ {
                                                      "r" : "17",
                                                      "s" : [ {
                                                         "r" : "15",
                                                         "s" : [ {
                                                            "r" : "14",
                                                            "s" : [ {
                                                               "value" : [ "EncounterDiagnoses" ]
                                                            } ]
                                                         }, {
                                                            "value" : [ "." ]
                                                         }, {
                                                            "r" : "15",
                                                            "s" : [ {
                                                               "value" : [ "code" ]
                                                            } ]
                                                         } ]
                                                      }, {
                                                         "value" : [ " in " ]
                                                      }, {
                                                         "r" : "16",
                                                         "s" : [ {
                                                            "value" : [ "\"Obstetrical or Pregnancy Related Conditions\"" ]
                                                         } ]
                                                      } ]
                                                   }, {
                                                      "value" : [ "\n              or " ]
                                                   }, {
                                                      "r" : "21",
                                                      "s" : [ {
                                                         "r" : "19",
                                                         "s" : [ {
                                                            "r" : "18",
                                                            "s" : [ {
                                                               "value" : [ "EncounterDiagnoses" ]
                                                            } ]
                                                         }, {
                                                            "value" : [ "." ]
                                                         }, {
                                                            "r" : "19",
                                                            "s" : [ {
                                                               "value" : [ "code" ]
                                                            } ]
                                                         } ]
                                                      }, {
                                                         "value" : [ " in " ]
                                                      }, {
                                                         "r" : "20",
                                                         "s" : [ {
                                                            "value" : [ "\"Venous Thromboembolism\"" ]
                                                         } ]
                                                      } ]
                                                   } ]
                                                }, {
                                                   "value" : [ "\n              or " ]
                                                }, {
                                                   "r" : "26",
                                                   "s" : [ {
                                                      "r" : "24",
                                                      "s" : [ {
                                                         "r" : "23",
                                                         "s" : [ {
                                                            "value" : [ "EncounterDiagnoses" ]
                                                         } ]
                                                      }, {
                                                         "value" : [ "." ]
                                                      }, {
                                                         "r" : "24",
                                                         "s" : [ {
                                                            "value" : [ "code" ]
                                                         } ]
                                                      } ]
                                                   }, {
                                                      "value" : [ " in " ]
                                                   }, {
                                                      "r" : "25",
                                                      "s" : [ {
                                                         "value" : [ "\"Obstetrics VTE\"" ]
                                                      } ]
                                                   } ]
                                                } ]
                                             }, {
                                                "value" : [ "\n          )" ]
                                             } ]
                                          } ]
                                       } ]
                                    }, {
                                       "value" : [ "\n      )" ]
                                    } ]
                                 } ]
                              }, {
                                 "value" : [ "\n    )" ]
                              } ]
                           } ]
                        } ]
                     } ]
                  } ]
               }
            } ],
            "expression" : {
               "localId" : "31",
               "locator" : "17:3-24:5",
               "type" : "Query",
               "source" : [ {
                  "localId" : "11",
                  "locator" : "17:3-17:49",
                  "alias" : "InpatientEncounter",
                  "expression" : {
                     "localId" : "10",
                     "locator" : "17:3-17:30",
                     "name" : "Inpatient Encounter",
                     "libraryName" : "Global",
                     "type" : "ExpressionRef"
                  }
               } ],
               "relationship" : [ ],
               "where" : {
                  "localId" : "30",
                  "locator" : "18:5-24:5",
                  "type" : "Not",
                  "operand" : {
                     "localId" : "29",
                     "locator" : "18:15-24:5",
                     "type" : "Exists",
                     "operand" : {
                        "localId" : "28",
                        "locator" : "18:24-23:7",
                        "type" : "Query",
                        "source" : [ {
                           "localId" : "13",
                           "locator" : "18:26-18:72",
                           "alias" : "EncounterDiagnoses",
                           "expression" : {
                              "localId" : "12",
                              "locator" : "18:26-18:53",
                              "path" : "diagnoses",
                              "scope" : "InpatientEncounter",
                              "type" : "Property"
                           }
                        } ],
                        "relationship" : [ ],
                        "where" : {
                           "localId" : "27",
                           "locator" : "19:11-22:11",
                           "type" : "Or",
                           "operand" : [ {
                              "localId" : "22",
                              "locator" : "19:19-20:68",
                              "type" : "Or",
                              "operand" : [ {
                                 "localId" : "17",
                                 "locator" : "19:19-19:90",
                                 "type" : "InValueSet",
                                 "code" : {
                                    "localId" : "15",
                                    "locator" : "19:19-19:41",
                                    "path" : "code",
                                    "scope" : "EncounterDiagnoses",
                                    "type" : "Property"
                                 },
                                 "valueset" : {
                                    "localId" : "16",
                                    "locator" : "19:46-19:90",
                                    "name" : "Obstetrical or Pregnancy Related Conditions",
                                    "type" : "ValueSetRef"
                                 }
                              }, {
                                 "localId" : "21",
                                 "locator" : "20:18-20:68",
                                 "type" : "InValueSet",
                                 "code" : {
                                    "localId" : "19",
                                    "locator" : "20:18-20:40",
                                    "path" : "code",
                                    "scope" : "EncounterDiagnoses",
                                    "type" : "Property"
                                 },
                                 "valueset" : {
                                    "localId" : "20",
                                    "locator" : "20:45-20:68",
                                    "name" : "Venous Thromboembolism",
                                    "type" : "ValueSetRef"
                                 }
                              } ]
                           }, {
                              "localId" : "26",
                              "locator" : "21:18-21:60",
                              "type" : "InValueSet",
                              "code" : {
                                 "localId" : "24",
                                 "locator" : "21:18-21:40",
                                 "path" : "code",
                                 "scope" : "EncounterDiagnoses",
                                 "type" : "Property"
                              },
                              "valueset" : {
                                 "localId" : "25",
                                 "locator" : "21:45-21:60",
                                 "name" : "Obstetrics VTE",
                                 "type" : "ValueSetRef"
                              }
                           } ]
                        }
                     }
                  }
               }
            }
         }, {
            "localId" : "43",
            "locator" : "26:1-28:89",
            "name" : "Encounter with Age Range and without VTE Diagnosis or Obstetrical Conditions",
            "context" : "Patient",
            "accessLevel" : "Public",
            "annotation" : [ {
               "type" : "Annotation",
               "s" : {
                  "r" : "43",
                  "s" : [ {
                     "value" : [ "","define ","\"Encounter with Age Range and without VTE Diagnosis or Obstetrical Conditions\"",":\n  " ]
                  }, {
                     "r" : "42",
                     "s" : [ {
                        "s" : [ {
                           "r" : "34",
                           "s" : [ {
                              "r" : "33",
                              "s" : [ {
                                 "s" : [ {
                                    "value" : [ "\"Admission without VTE or Obstetrical Conditions\"" ]
                                 } ]
                              } ]
                           }, {
                              "value" : [ " ","EncounterWithoutConditions" ]
                           } ]
                        } ]
                     }, {
                        "value" : [ "\n    " ]
                     }, {
                        "r" : "41",
                        "s" : [ {
                           "value" : [ "where " ]
                        }, {
                           "r" : "41",
                           "s" : [ {
                              "r" : "39",
                              "s" : [ {
                                 "value" : [ "AgeInYearsAt","(" ]
                              }, {
                                 "r" : "38",
                                 "s" : [ {
                                    "value" : [ "date from " ]
                                 }, {
                                    "r" : "37",
                                    "s" : [ {
                                       "value" : [ "start of " ]
                                    }, {
                                       "r" : "36",
                                       "s" : [ {
                                          "r" : "35",
                                          "s" : [ {
                                             "value" : [ "EncounterWithoutConditions" ]
                                          } ]
                                       }, {
                                          "value" : [ "." ]
                                       }, {
                                          "r" : "36",
                                          "s" : [ {
                                             "value" : [ "relevantPeriod" ]
                                          } ]
                                       } ]
                                    } ]
                                 } ]
                              }, {
                                 "value" : [ ")" ]
                              } ]
                           }, {
                              "r" : "40",
                              "value" : [ ">="," ","18" ]
                           } ]
                        } ]
                     } ]
                  } ]
               }
            } ],
            "expression" : {
               "localId" : "42",
               "locator" : "27:3-28:89",
               "type" : "Query",
               "source" : [ {
                  "localId" : "34",
                  "locator" : "27:3-27:78",
                  "alias" : "EncounterWithoutConditions",
                  "expression" : {
                     "localId" : "33",
                     "locator" : "27:3-27:51",
                     "name" : "Admission without VTE or Obstetrical Conditions",
                     "type" : "ExpressionRef"
                  }
               } ],
               "relationship" : [ ],
               "where" : {
                  "localId" : "41",
                  "locator" : "28:5-28:89",
                  "type" : "GreaterOrEqual",
                  "operand" : [ {
                     "localId" : "39",
                     "locator" : "28:11-28:84",
                     "precision" : "Year",
                     "type" : "CalculateAgeAt",
                     "operand" : [ {
                        "type" : "ToDate",
                        "operand" : {
                           "path" : "birthDatetime",
                           "type" : "Property",
                           "source" : {
                              "name" : "Patient",
                              "type" : "ExpressionRef"
                           }
                        }
                     }, {
                        "localId" : "38",
                        "locator" : "28:24-28:83",
                        "type" : "DateFrom",
                        "operand" : {
                           "localId" : "37",
                           "locator" : "28:34-28:83",
                           "type" : "Start",
                           "operand" : {
                              "localId" : "36",
                              "locator" : "28:43-28:83",
                              "path" : "relevantPeriod",
                              "scope" : "EncounterWithoutConditions",
                              "type" : "Property"
                           }
                        }
                     } ]
                  }, {
                     "localId" : "40",
                     "locator" : "28:88-28:89",
                     "valueType" : "{urn:hl7-org:elm-types:r1}Integer",
                     "value" : "18",
                     "type" : "Literal"
                  } ]
               }
            }
         }, {
            "localId" : "51",
            "locator" : "33:1-34:71",
            "name" : "FirstICULocationPeriod",
            "context" : "Patient",
            "accessLevel" : "Public",
            "type" : "FunctionDef",
            "annotation" : [ {
               "type" : "Annotation",
               "s" : {
                  "r" : "51",
                  "s" : [ {
                     "value" : [ "","define function ","\"FirstICULocationPeriod\"","(","Encounter"," " ]
                  }, {
                     "r" : "46",
                     "s" : [ {
                        "value" : [ "\"Encounter, Performed\"" ]
                     } ]
                  }, {
                     "value" : [ " ):\n  " ]
                  }, {
                     "r" : "50",
                     "s" : [ {
                        "r" : "50",
                        "s" : [ {
                           "r" : "49",
                           "s" : [ {
                              "r" : "47",
                              "s" : [ {
                                 "value" : [ "Global" ]
                              } ]
                           }, {
                              "value" : [ "." ]
                           }, {
                              "r" : "49",
                              "s" : [ {
                                 "value" : [ "\"FirstInpatientIntensiveCareUnit\""," ( " ]
                              }, {
                                 "r" : "48",
                                 "s" : [ {
                                    "value" : [ "Encounter" ]
                                 } ]
                              }, {
                                 "value" : [ " )" ]
                              } ]
                           } ]
                        }, {
                           "value" : [ "." ]
                        }, {
                           "r" : "50",
                           "s" : [ {
                              "value" : [ "locationPeriod" ]
                           } ]
                        } ]
                     } ]
                  } ]
               }
            } ],
            "expression" : {
               "localId" : "50",
               "locator" : "34:3-34:71",
               "path" : "locationPeriod",
               "type" : "Property",
               "source" : {
                  "localId" : "49",
                  "locator" : "34:3-34:56",
                  "name" : "FirstInpatientIntensiveCareUnit",
                  "libraryName" : "Global",
                  "type" : "FunctionRef",
                  "operand" : [ {
                     "localId" : "48",
                     "locator" : "34:46-34:54",
                     "name" : "Encounter",
                     "type" : "OperandRef"
                  } ]
               }
            },
            "operand" : [ {
               "name" : "Encounter",
               "operandTypeSpecifier" : {
                  "localId" : "46",
                  "locator" : "33:52-33:73",
                  "name" : "{urn:healthit-gov:qdm:v5_6}PositiveEncounterPerformed",
                  "type" : "NamedTypeSpecifier"
               }
            } ]
         }, {
            "localId" : "54",
            "locator" : "30:1-31:46",
            "name" : "StartOfFirstICU",
            "context" : "Patient",
            "accessLevel" : "Public",
            "type" : "FunctionDef",
            "annotation" : [ {
               "type" : "Annotation",
               "s" : {
                  "r" : "54",
                  "s" : [ {
                     "value" : [ "","define function ","\"StartOfFirstICU\"","(","Encounter"," " ]
                  }, {
                     "r" : "44",
                     "s" : [ {
                        "value" : [ "\"Encounter, Performed\"" ]
                     } ]
                  }, {
                     "value" : [ " ):\n  " ]
                  }, {
                     "r" : "53",
                     "s" : [ {
                        "r" : "53",
                        "s" : [ {
                           "value" : [ "start of " ]
                        }, {
                           "r" : "52",
                           "s" : [ {
                              "value" : [ "\"FirstICULocationPeriod\"","(" ]
                           }, {
                              "r" : "45",
                              "s" : [ {
                                 "value" : [ "Encounter" ]
                              } ]
                           }, {
                              "value" : [ ")" ]
                           } ]
                        } ]
                     } ]
                  } ]
               }
            } ],
            "expression" : {
               "localId" : "53",
               "locator" : "31:3-31:46",
               "type" : "Start",
               "operand" : {
                  "localId" : "52",
                  "locator" : "31:12-31:46",
                  "name" : "FirstICULocationPeriod",
                  "type" : "FunctionRef",
                  "operand" : [ {
                     "localId" : "45",
                     "locator" : "31:37-31:45",
                     "name" : "Encounter",
                     "type" : "OperandRef"
                  } ]
               }
            },
            "operand" : [ {
               "name" : "Encounter",
               "operandTypeSpecifier" : {
                  "localId" : "44",
                  "locator" : "30:45-30:66",
                  "name" : "{urn:healthit-gov:qdm:v5_6}PositiveEncounterPerformed",
                  "type" : "NamedTypeSpecifier"
               }
            } ]
         }, {
            "localId" : "72",
            "locator" : "36:1-37:165",
            "name" : "FromDayOfStartOfHospitalizationToDayAfterAdmission",
            "context" : "Patient",
            "accessLevel" : "Public",
            "type" : "FunctionDef",
            "annotation" : [ {
               "type" : "Annotation",
               "s" : {
                  "r" : "72",
                  "s" : [ {
                     "value" : [ "","define function ","\"FromDayOfStartOfHospitalizationToDayAfterAdmission\"","(","Encounter"," " ]
                  }, {
                     "r" : "57",
                     "s" : [ {
                        "value" : [ "\"Encounter, Performed\"" ]
                     } ]
                  }, {
                     "value" : [ " ):\n  " ]
                  }, {
                     "r" : "71",
                     "s" : [ {
                        "r" : "71",
                        "s" : [ {
                           "value" : [ "Interval[" ]
                        }, {
                           "r" : "63",
                           "s" : [ {
                              "r" : "58",
                              "s" : [ {
                                 "value" : [ "TJC" ]
                              } ]
                           }, {
                              "value" : [ "." ]
                           }, {
                              "r" : "63",
                              "s" : [ {
                                 "value" : [ "\"TruncateTime\""," ( " ]
                              }, {
                                 "r" : "62",
                                 "s" : [ {
                                    "value" : [ "start of " ]
                                 }, {
                                    "r" : "61",
                                    "s" : [ {
                                       "r" : "59",
                                       "s" : [ {
                                          "value" : [ "Global" ]
                                       } ]
                                    }, {
                                       "value" : [ "." ]
                                    }, {
                                       "r" : "61",
                                       "s" : [ {
                                          "value" : [ "\"HospitalizationWithObservation\""," ( " ]
                                       }, {
                                          "r" : "60",
                                          "s" : [ {
                                             "value" : [ "Encounter" ]
                                          } ]
                                       }, {
                                          "value" : [ " )" ]
                                       } ]
                                    } ]
                                 } ]
                              }, {
                                 "value" : [ " )" ]
                              } ]
                           } ]
                        }, {
                           "value" : [ ", " ]
                        }, {
                           "r" : "70",
                           "s" : [ {
                              "r" : "64",
                              "s" : [ {
                                 "value" : [ "TJC" ]
                              } ]
                           }, {
                              "value" : [ "." ]
                           }, {
                              "r" : "70",
                              "s" : [ {
                                 "value" : [ "\"TruncateTime\""," ( " ]
                              }, {
                                 "r" : "69",
                                 "s" : [ {
                                    "r" : "67",
                                    "s" : [ {
                                       "value" : [ "start of " ]
                                    }, {
                                       "r" : "66",
                                       "s" : [ {
                                          "r" : "65",
                                          "s" : [ {
                                             "value" : [ "Encounter" ]
                                          } ]
                                       }, {
                                          "value" : [ "." ]
                                       }, {
                                          "r" : "66",
                                          "s" : [ {
                                             "value" : [ "relevantPeriod" ]
                                          } ]
                                       } ]
                                    } ]
                                 }, {
                                    "value" : [ " + " ]
                                 }, {
                                    "r" : "68",
                                    "s" : [ {
                                       "value" : [ "2 ","days" ]
                                    } ]
                                 } ]
                              }, {
                                 "value" : [ " )" ]
                              } ]
                           } ]
                        }, {
                           "value" : [ " )" ]
                        } ]
                     } ]
                  } ]
               }
            } ],
            "expression" : {
               "localId" : "71",
               "locator" : "37:3-37:165",
               "lowClosed" : true,
               "highClosed" : false,
               "type" : "Interval",
               "low" : {
                  "localId" : "63",
                  "locator" : "37:12-37:96",
                  "name" : "TruncateTime",
                  "libraryName" : "TJC",
                  "type" : "FunctionRef",
                  "operand" : [ {
                     "localId" : "62",
                     "locator" : "37:33-37:94",
                     "type" : "Start",
                     "operand" : {
                        "localId" : "61",
                        "locator" : "37:42-37:94",
                        "name" : "HospitalizationWithObservation",
                        "libraryName" : "Global",
                        "type" : "FunctionRef",
                        "operand" : [ {
                           "localId" : "60",
                           "locator" : "37:84-37:92",
                           "name" : "Encounter",
                           "type" : "OperandRef"
                        } ]
                     }
                  } ]
               },
               "high" : {
                  "localId" : "70",
                  "locator" : "37:99-37:163",
                  "name" : "TruncateTime",
                  "libraryName" : "TJC",
                  "type" : "FunctionRef",
                  "operand" : [ {
                     "localId" : "69",
                     "locator" : "37:120-37:161",
                     "type" : "Add",
                     "operand" : [ {
                        "localId" : "67",
                        "locator" : "37:120-37:152",
                        "type" : "Start",
                        "operand" : {
                           "localId" : "66",
                           "locator" : "37:129-37:152",
                           "path" : "relevantPeriod",
                           "type" : "Property",
                           "source" : {
                              "localId" : "65",
                              "locator" : "37:129-37:137",
                              "name" : "Encounter",
                              "type" : "OperandRef"
                           }
                        }
                     }, {
                        "localId" : "68",
                        "locator" : "37:156-37:161",
                        "value" : 2,
                        "unit" : "days",
                        "type" : "Quantity"
                     } ]
                  } ]
               }
            },
            "operand" : [ {
               "name" : "Encounter",
               "operandTypeSpecifier" : {
                  "localId" : "57",
                  "locator" : "36:80-36:101",
                  "name" : "{urn:healthit-gov:qdm:v5_6}PositiveEncounterPerformed",
                  "type" : "NamedTypeSpecifier"
               }
            } ]
         }, {
            "localId" : "87",
            "locator" : "39:1-40:157",
            "name" : "FromDayOfStartOfHospitalizationToDayAfterFirstICU",
            "context" : "Patient",
            "accessLevel" : "Public",
            "type" : "FunctionDef",
            "annotation" : [ {
               "type" : "Annotation",
               "s" : {
                  "r" : "87",
                  "s" : [ {
                     "value" : [ "","define function ","\"FromDayOfStartOfHospitalizationToDayAfterFirstICU\"","(","Encounter"," " ]
                  }, {
                     "r" : "73",
                     "s" : [ {
                        "value" : [ "\"Encounter, Performed\"" ]
                     } ]
                  }, {
                     "value" : [ " ):\n  " ]
                  }, {
                     "r" : "86",
                     "s" : [ {
                        "r" : "86",
                        "s" : [ {
                           "value" : [ "Interval[" ]
                        }, {
                           "r" : "79",
                           "s" : [ {
                              "r" : "74",
                              "s" : [ {
                                 "value" : [ "TJC" ]
                              } ]
                           }, {
                              "value" : [ "." ]
                           }, {
                              "r" : "79",
                              "s" : [ {
                                 "value" : [ "\"TruncateTime\""," ( " ]
                              }, {
                                 "r" : "78",
                                 "s" : [ {
                                    "value" : [ "start of " ]
                                 }, {
                                    "r" : "77",
                                    "s" : [ {
                                       "r" : "75",
                                       "s" : [ {
                                          "value" : [ "Global" ]
                                       } ]
                                    }, {
                                       "value" : [ "." ]
                                    }, {
                                       "r" : "77",
                                       "s" : [ {
                                          "value" : [ "\"HospitalizationWithObservation\""," ( " ]
                                       }, {
                                          "r" : "76",
                                          "s" : [ {
                                             "value" : [ "Encounter" ]
                                          } ]
                                       }, {
                                          "value" : [ " )" ]
                                       } ]
                                    } ]
                                 } ]
                              }, {
                                 "value" : [ " )" ]
                              } ]
                           } ]
                        }, {
                           "value" : [ ", " ]
                        }, {
                           "r" : "85",
                           "s" : [ {
                              "r" : "80",
                              "s" : [ {
                                 "value" : [ "TJC" ]
                              } ]
                           }, {
                              "value" : [ "." ]
                           }, {
                              "r" : "85",
                              "s" : [ {
                                 "value" : [ "\"TruncateTime\""," ( " ]
                              }, {
                                 "r" : "84",
                                 "s" : [ {
                                    "r" : "82",
                                    "s" : [ {
                                       "value" : [ "StartOfFirstICU","(" ]
                                    }, {
                                       "r" : "81",
                                       "s" : [ {
                                          "value" : [ "Encounter" ]
                                       } ]
                                    }, {
                                       "value" : [ ")" ]
                                    } ]
                                 }, {
                                    "value" : [ "+ " ]
                                 }, {
                                    "r" : "83",
                                    "s" : [ {
                                       "value" : [ "2 ","days" ]
                                    } ]
                                 } ]
                              }, {
                                 "value" : [ " )" ]
                              } ]
                           } ]
                        }, {
                           "value" : [ " )" ]
                        } ]
                     } ]
                  } ]
               }
            } ],
            "expression" : {
               "localId" : "86",
               "locator" : "40:3-40:157",
               "lowClosed" : true,
               "highClosed" : false,
               "type" : "Interval",
               "low" : {
                  "localId" : "79",
                  "locator" : "40:12-40:96",
                  "name" : "TruncateTime",
                  "libraryName" : "TJC",
                  "type" : "FunctionRef",
                  "operand" : [ {
                     "localId" : "78",
                     "locator" : "40:33-40:94",
                     "type" : "Start",
                     "operand" : {
                        "localId" : "77",
                        "locator" : "40:42-40:94",
                        "name" : "HospitalizationWithObservation",
                        "libraryName" : "Global",
                        "type" : "FunctionRef",
                        "operand" : [ {
                           "localId" : "76",
                           "locator" : "40:84-40:92",
                           "name" : "Encounter",
                           "type" : "OperandRef"
                        } ]
                     }
                  } ]
               },
               "high" : {
                  "localId" : "85",
                  "locator" : "40:99-40:155",
                  "name" : "TruncateTime",
                  "libraryName" : "TJC",
                  "type" : "FunctionRef",
                  "operand" : [ {
                     "localId" : "84",
                     "locator" : "40:120-40:153",
                     "type" : "Add",
                     "operand" : [ {
                        "localId" : "82",
                        "locator" : "40:120-40:145",
                        "name" : "StartOfFirstICU",
                        "type" : "FunctionRef",
                        "operand" : [ {
                           "localId" : "81",
                           "locator" : "40:136-40:144",
                           "name" : "Encounter",
                           "type" : "OperandRef"
                        } ]
                     }, {
                        "localId" : "83",
                        "locator" : "40:148-40:153",
                        "value" : 2,
                        "unit" : "days",
                        "type" : "Quantity"
                     } ]
                  } ]
               }
            },
            "operand" : [ {
               "name" : "Encounter",
               "operandTypeSpecifier" : {
                  "localId" : "73",
                  "locator" : "39:79-39:100",
                  "name" : "{urn:healthit-gov:qdm:v5_6}PositiveEncounterPerformed",
                  "type" : "NamedTypeSpecifier"
               }
            } ]
         } ]
      }
   }
}