<?xml version="1.0" encoding="UTF-8"?>
<library xmlns="urn:hl7-org:elm:r1" xmlns:t="urn:hl7-org:elm-types:r1" xmlns:xsi="http://www.w3.org/2001/XMLSchema-instance" xmlns:xsd="http://www.w3.org/2001/XMLSchema" xmlns:fhir="http://hl7.org/fhir" xmlns:qdm43="urn:healthit-gov:qdm:v4_3" xmlns:qdm53="urn:healthit-gov:qdm:v5_3" xmlns:a="urn:hl7-org:cql-annotations:r1">
   <annotation translatorOptions="EnableAnnotations,EnableLocators,DisableListDemotion,DisableListPromotion,DisableMethodInvocation" xsi:type="a:CqlToElmInfo"/>
   <annotation xsi:type="a:Annotation">
      <a:s r="87">
         <a:s>library VTE version '7.2.000'</a:s>
      </a:s>
   </annotation>
   <identifier id="VTE" version="7.2.000"/>
   <schemaIdentifier id="urn:hl7-org:elm" version="r1"/>
   <usings>
      <def localIdentifier="System" uri="urn:hl7-org:elm-types:r1"/>
      <def localId="1" locator="3:1-3:23" localIdentifier="QDM" uri="urn:healthit-gov:qdm:v5_6" version="5.6">
         <annotation xsi:type="a:Annotation">
            <a:s r="1">
               <a:s>using </a:s>
               <a:s>
                  <a:s>QDM</a:s>
               </a:s>
               <a:s> version '5.6'</a:s>
            </a:s>
         </annotation>
      </def>
   </usings>
   <includes>
      <def localId="2" locator="5:1-5:64" localIdentifier="Global" path="MATGlobalCommonFunctions" version="7.0.000">
         <annotation xsi:type="a:Annotation">
            <a:s r="2">
               <a:s>include </a:s>
               <a:s>
                  <a:s>MATGlobalCommonFunctions</a:s>
               </a:s>
               <a:s> version '7.0.000' called Global</a:s>
            </a:s>
         </annotation>
      </def>
      <def localId="3" locator="6:1-6:47" localIdentifier="TJC" path="TJCOverall" version="7.1.000">
         <annotation xsi:type="a:Annotation">
            <a:s r="3">
               <a:s>include </a:s>
               <a:s>
                  <a:s>TJCOverall</a:s>
               </a:s>
               <a:s> version '7.1.000' called TJC</a:s>
            </a:s>
         </annotation>
      </def>
   </includes>
   <parameters>
      <def localId="9" locator="12:1-12:49" name="Measurement Period" accessLevel="Public">
         <annotation xsi:type="a:Annotation">
            <a:s r="9">
               <a:s>parameter &quot;Measurement Period&quot; </a:s>
               <a:s r="8">
                  <a:s>Interval&lt;</a:s>
                  <a:s r="7">
                     <a:s>DateTime</a:s>
                  </a:s>
                  <a:s>></a:s>
               </a:s>
            </a:s>
         </annotation>
         <parameterTypeSpecifier localId="8" locator="12:32-12:49" xsi:type="IntervalTypeSpecifier">
            <pointType localId="7" locator="12:41-12:48" name="t:DateTime" xsi:type="NamedTypeSpecifier"/>
         </parameterTypeSpecifier>
      </def>
   </parameters>
   <valueSets>
      <def localId="4" locator="8:1-8:99" name="Obstetrical or Pregnancy Related Conditions" id="urn:oid:2.16.840.1.113883.3.117.1.7.1.263" accessLevel="Public">
         <annotation xsi:type="a:Annotation">
            <a:s r="4">
               <a:s>valueset &quot;Obstetrical or Pregnancy Related Conditions&quot;: 'urn:oid:2.16.840.1.113883.3.117.1.7.1.263'</a:s>
            </a:s>
         </annotation>
      </def>
      <def localId="5" locator="9:1-9:70" name="Obstetrics VTE" id="urn:oid:2.16.840.1.113883.3.117.1.7.1.264" accessLevel="Public">
         <annotation xsi:type="a:Annotation">
            <a:s r="5">
               <a:s>valueset &quot;Obstetrics VTE&quot;: 'urn:oid:2.16.840.1.113883.3.117.1.7.1.264'</a:s>
            </a:s>
         </annotation>
      </def>
      <def localId="6" locator="10:1-10:78" name="Venous Thromboembolism" id="urn:oid:2.16.840.1.113883.3.117.1.7.1.279" accessLevel="Public">
         <annotation xsi:type="a:Annotation">
            <a:s r="6">
               <a:s>valueset &quot;Venous Thromboembolism&quot;: 'urn:oid:2.16.840.1.113883.3.117.1.7.1.279'</a:s>
            </a:s>
         </annotation>
      </def>
   </valueSets>
   <contexts>
      <def locator="14:1-14:15" name="Patient"/>
   </contexts>
   <statements>
      <def locator="14:1-14:15" name="Patient" context="Patient">
         <expression xsi:type="SingletonFrom">
            <operand locator="14:1-14:15" xmlns:ns0="urn:healthit-gov:qdm:v5_6" dataType="ns0:Patient" templateId="Patient" xsi:type="Retrieve"/>
         </expression>
      </def>
      <def localId="32" locator="16:1-24:5" name="Admission without VTE or Obstetrical Conditions" context="Patient" accessLevel="Public">
         <annotation xsi:type="a:Annotation">
            <a:s r="32">
               <a:s>define &quot;Admission without VTE or Obstetrical Conditions&quot;:
  </a:s>
               <a:s r="31">
                  <a:s>
                     <a:s r="11">
                        <a:s r="10">
                           <a:s>
                              <a:s>Global.&quot;Inpatient Encounter&quot;</a:s>
                           </a:s>
                        </a:s>
                        <a:s> InpatientEncounter</a:s>
                     </a:s>
                  </a:s>
                  <a:s>
    </a:s>
                  <a:s r="30">
                     <a:s>where </a:s>
                     <a:s r="30">
                        <a:s>not </a:s>
                        <a:s r="29">
                           <a:s>( </a:s>
                           <a:s r="29">
                              <a:s>exists </a:s>
                              <a:s r="28">
                                 <a:s>( </a:s>
                                 <a:s r="28">
                                    <a:s>
                                       <a:s r="13">
                                          <a:s r="12">
                                             <a:s>
                                                <a:s>InpatientEncounter.diagnoses</a:s>
                                             </a:s>
                                          </a:s>
                                          <a:s> EncounterDiagnoses</a:s>
                                       </a:s>
                                    </a:s>
                                    <a:s>
          </a:s>
                                    <a:s r="27">
                                       <a:s>where </a:s>
                                       <a:s r="27">
                                          <a:s>( </a:s>
                                          <a:s r="27">
                                             <a:s r="22">
                                                <a:s r="17">
                                                   <a:s r="15">
                                                      <a:s r="14">
                                                         <a:s>EncounterDiagnoses</a:s>
                                                      </a:s>
                                                      <a:s>.</a:s>
                                                      <a:s r="15">
                                                         <a:s>code</a:s>
                                                      </a:s>
                                                   </a:s>
                                                   <a:s> in </a:s>
                                                   <a:s r="16">
                                                      <a:s>&quot;Obstetrical or Pregnancy Related Conditions&quot;</a:s>
                                                   </a:s>
                                                </a:s>
                                                <a:s>
              or </a:s>
                                                <a:s r="21">
                                                   <a:s r="19">
                                                      <a:s r="18">
                                                         <a:s>EncounterDiagnoses</a:s>
                                                      </a:s>
                                                      <a:s>.</a:s>
                                                      <a:s r="19">
                                                         <a:s>code</a:s>
                                                      </a:s>
                                                   </a:s>
                                                   <a:s> in </a:s>
                                                   <a:s r="20">
                                                      <a:s>&quot;Venous Thromboembolism&quot;</a:s>
                                                   </a:s>
                                                </a:s>
                                             </a:s>
                                             <a:s>
              or </a:s>
                                             <a:s r="26">
                                                <a:s r="24">
                                                   <a:s r="23">
                                                      <a:s>EncounterDiagnoses</a:s>
                                                   </a:s>
                                                   <a:s>.</a:s>
                                                   <a:s r="24">
                                                      <a:s>code</a:s>
                                                   </a:s>
                                                </a:s>
                                                <a:s> in </a:s>
                                                <a:s r="25">
                                                   <a:s>&quot;Obstetrics VTE&quot;</a:s>
                                                </a:s>
                                             </a:s>
                                          </a:s>
                                          <a:s>
          )</a:s>
                                       </a:s>
                                    </a:s>
                                 </a:s>
                                 <a:s>
      )</a:s>
                              </a:s>
                           </a:s>
                           <a:s>
    )</a:s>
                        </a:s>
                     </a:s>
                  </a:s>
               </a:s>
            </a:s>
         </annotation>
         <expression localId="31" locator="17:3-24:5" xsi:type="Query">
            <source localId="11" locator="17:3-17:49" alias="InpatientEncounter">
               <expression localId="10" locator="17:3-17:30" name="Inpatient Encounter" libraryName="Global" xsi:type="ExpressionRef"/>
            </source>
            <where localId="30" locator="18:5-24:5" xsi:type="Not">
               <operand localId="29" locator="18:15-24:5" xsi:type="Exists">
                  <operand localId="28" locator="18:24-23:7" xsi:type="Query">
                     <source localId="13" locator="18:26-18:72" alias="EncounterDiagnoses">
                        <expression localId="12" locator="18:26-18:53" path="diagnoses" scope="InpatientEncounter" xsi:type="Property"/>
                     </source>
                     <where localId="27" locator="19:11-22:11" xsi:type="Or">
                        <operand localId="22" locator="19:19-20:68" xsi:type="Or">
                           <operand localId="17" locator="19:19-19:90" xsi:type="InValueSet">
                              <code localId="15" locator="19:19-19:41" path="code" scope="EncounterDiagnoses" xsi:type="Property"/>
                              <valueset localId="16" locator="19:46-19:90" name="Obstetrical or Pregnancy Related Conditions" xsi:type="ValueSetRef"/>
                           </operand>
                           <operand localId="21" locator="20:18-20:68" xsi:type="InValueSet">
                              <code localId="19" locator="20:18-20:40" path="code" scope="EncounterDiagnoses" xsi:type="Property"/>
                              <valueset localId="20" locator="20:45-20:68" name="Venous Thromboembolism" xsi:type="ValueSetRef"/>
                           </operand>
                        </operand>
                        <operand localId="26" locator="21:18-21:60" xsi:type="InValueSet">
                           <code localId="24" locator="21:18-21:40" path="code" scope="EncounterDiagnoses" xsi:type="Property"/>
                           <valueset localId="25" locator="21:45-21:60" name="Obstetrics VTE" xsi:type="ValueSetRef"/>
                        </operand>
                     </where>
                  </operand>
               </operand>
            </where>
         </expression>
      </def>
      <def localId="43" locator="26:1-28:89" name="Encounter with Age Range and without VTE Diagnosis or Obstetrical Conditions" context="Patient" accessLevel="Public">
         <annotation xsi:type="a:Annotation">
            <a:s r="43">
               <a:s>define &quot;Encounter with Age Range and without VTE Diagnosis or Obstetrical Conditions&quot;:
  </a:s>
               <a:s r="42">
                  <a:s>
                     <a:s r="34">
                        <a:s r="33">
                           <a:s>
                              <a:s>&quot;Admission without VTE or Obstetrical Conditions&quot;</a:s>
                           </a:s>
                        </a:s>
                        <a:s> EncounterWithoutConditions</a:s>
                     </a:s>
                  </a:s>
                  <a:s>
    </a:s>
                  <a:s r="41">
                     <a:s>where </a:s>
                     <a:s r="41">
                        <a:s r="39">
                           <a:s>AgeInYearsAt(</a:s>
                           <a:s r="38">
                              <a:s>date from </a:s>
                              <a:s r="37">
                                 <a:s>start of </a:s>
                                 <a:s r="36">
                                    <a:s r="35">
                                       <a:s>EncounterWithoutConditions</a:s>
                                    </a:s>
                                    <a:s>.</a:s>
                                    <a:s r="36">
                                       <a:s>relevantPeriod</a:s>
                                    </a:s>
                                 </a:s>
                              </a:s>
                           </a:s>
                           <a:s>)</a:s>
                        </a:s>
                        <a:s r="40">>= 18</a:s>
                     </a:s>
                  </a:s>
               </a:s>
            </a:s>
         </annotation>
         <expression localId="42" locator="27:3-28:89" xsi:type="Query">
            <source localId="34" locator="27:3-27:78" alias="EncounterWithoutConditions">
               <expression localId="33" locator="27:3-27:51" name="Admission without VTE or Obstetrical Conditions" xsi:type="ExpressionRef"/>
            </source>
            <where localId="41" locator="28:5-28:89" xsi:type="GreaterOrEqual">
               <operand localId="39" locator="28:11-28:84" precision="Year" xsi:type="CalculateAgeAt">
                  <operand xsi:type="ToDate">
                     <operand path="birthDatetime" xsi:type="Property">
                        <source name="Patient" xsi:type="ExpressionRef"/>
                     </operand>
                  </operand>
                  <operand localId="38" locator="28:24-28:83" xsi:type="DateFrom">
                     <operand localId="37" locator="28:34-28:83" xsi:type="Start">
                        <operand localId="36" locator="28:43-28:83" path="relevantPeriod" scope="EncounterWithoutConditions" xsi:type="Property"/>
                     </operand>
                  </operand>
               </operand>
               <operand localId="40" locator="28:88-28:89" valueType="t:Integer" value="18" xsi:type="Literal"/>
            </where>
         </expression>
      </def>
      <def localId="51" locator="33:1-34:71" name="FirstICULocationPeriod" context="Patient" accessLevel="Public" xsi:type="FunctionDef">
         <annotation xsi:type="a:Annotation">
            <a:s r="51">
               <a:s>define function &quot;FirstICULocationPeriod&quot;(Encounter </a:s>
               <a:s r="46">
                  <a:s>&quot;Encounter, Performed&quot;</a:s>
               </a:s>
               <a:s> ):
  </a:s>
               <a:s r="50">
                  <a:s r="50">
                     <a:s r="49">
                        <a:s r="47">
                           <a:s>Global</a:s>
                        </a:s>
                        <a:s>.</a:s>
                        <a:s r="49">
                           <a:s>&quot;FirstInpatientIntensiveCareUnit&quot; ( </a:s>
                           <a:s r="48">
                              <a:s>Encounter</a:s>
                           </a:s>
                           <a:s> )</a:s>
                        </a:s>
                     </a:s>
                     <a:s>.</a:s>
                     <a:s r="50">
                        <a:s>locationPeriod</a:s>
                     </a:s>
                  </a:s>
               </a:s>
            </a:s>
         </annotation>
         <expression localId="50" locator="34:3-34:71" path="locationPeriod" xsi:type="Property">
            <source localId="49" locator="34:3-34:56" name="FirstInpatientIntensiveCareUnit" libraryName="Global" xsi:type="FunctionRef">
               <operand localId="48" locator="34:46-34:54" name="Encounter" xsi:type="OperandRef"/>
            </source>
         </expression>
         <operand name="Encounter">
            <operandTypeSpecifier localId="46" locator="33:52-33:73" xmlns:ns1="urn:healthit-gov:qdm:v5_6" name="ns1:PositiveEncounterPerformed" xsi:type="NamedTypeSpecifier"/>
         </operand>
      </def>
      <def localId="54" locator="30:1-31:46" name="StartOfFirstICU" context="Patient" accessLevel="Public" xsi:type="FunctionDef">
         <annotation xsi:type="a:Annotation">
            <a:s r="54">
               <a:s>define function &quot;StartOfFirstICU&quot;(Encounter </a:s>
               <a:s r="44">
                  <a:s>&quot;Encounter, Performed&quot;</a:s>
               </a:s>
               <a:s> ):
  </a:s>
               <a:s r="53">
                  <a:s r="53">
                     <a:s>start of </a:s>
                     <a:s r="52">
                        <a:s>&quot;FirstICULocationPeriod&quot;(</a:s>
                        <a:s r="45">
                           <a:s>Encounter</a:s>
                        </a:s>
                        <a:s>)</a:s>
                     </a:s>
                  </a:s>
               </a:s>
            </a:s>
         </annotation>
         <expression localId="53" locator="31:3-31:46" xsi:type="Start">
            <operand localId="52" locator="31:12-31:46" name="FirstICULocationPeriod" xsi:type="FunctionRef">
               <operand localId="45" locator="31:37-31:45" name="Encounter" xsi:type="OperandRef"/>
            </operand>
         </expression>
         <operand name="Encounter">
            <operandTypeSpecifier localId="44" locator="30:45-30:66" xmlns:ns2="urn:healthit-gov:qdm:v5_6" name="ns2:PositiveEncounterPerformed" xsi:type="NamedTypeSpecifier"/>
         </operand>
      </def>
      <def localId="72" locator="36:1-37:165" name="FromDayOfStartOfHospitalizationToDayAfterAdmission" context="Patient" accessLevel="Public" xsi:type="FunctionDef">
         <annotation xsi:type="a:Annotation">
            <a:s r="72">
               <a:s>define function &quot;FromDayOfStartOfHospitalizationToDayAfterAdmission&quot;(Encounter </a:s>
               <a:s r="57">
                  <a:s>&quot;Encounter, Performed&quot;</a:s>
               </a:s>
               <a:s> ):
  </a:s>
               <a:s r="71">
                  <a:s r="71">
                     <a:s>Interval[</a:s>
                     <a:s r="63">
                        <a:s r="58">
                           <a:s>TJC</a:s>
                        </a:s>
                        <a:s>.</a:s>
                        <a:s r="63">
                           <a:s>&quot;TruncateTime&quot; ( </a:s>
                           <a:s r="62">
                              <a:s>start of </a:s>
                              <a:s r="61">
                                 <a:s r="59">
                                    <a:s>Global</a:s>
                                 </a:s>
                                 <a:s>.</a:s>
                                 <a:s r="61">
                                    <a:s>&quot;HospitalizationWithObservation&quot; ( </a:s>
                                    <a:s r="60">
                                       <a:s>Encounter</a:s>
                                    </a:s>
                                    <a:s> )</a:s>
                                 </a:s>
                              </a:s>
                           </a:s>
                           <a:s> )</a:s>
                        </a:s>
                     </a:s>
                     <a:s>, </a:s>
                     <a:s r="70">
                        <a:s r="64">
                           <a:s>TJC</a:s>
                        </a:s>
                        <a:s>.</a:s>
                        <a:s r="70">
                           <a:s>&quot;TruncateTime&quot; ( </a:s>
                           <a:s r="69">
                              <a:s r="67">
                                 <a:s>start of </a:s>
                                 <a:s r="66">
                                    <a:s r="65">
                                       <a:s>Encounter</a:s>
                                    </a:s>
                                    <a:s>.</a:s>
                                    <a:s r="66">
                                       <a:s>relevantPeriod</a:s>
                                    </a:s>
                                 </a:s>
                              </a:s>
                              <a:s> + </a:s>
                              <a:s r="68">
                                 <a:s>2 days</a:s>
                              </a:s>
                           </a:s>
                           <a:s> )</a:s>
                        </a:s>
                     </a:s>
                     <a:s> )</a:s>
                  </a:s>
               </a:s>
            </a:s>
         </annotation>
         <expression localId="71" locator="37:3-37:165" lowClosed="true" highClosed="false" xsi:type="Interval">
            <low localId="63" locator="37:12-37:96" name="TruncateTime" libraryName="TJC" xsi:type="FunctionRef">
               <operand localId="62" locator="37:33-37:94" xsi:type="Start">
                  <operand localId="61" locator="37:42-37:94" name="HospitalizationWithObservation" libraryName="Global" xsi:type="FunctionRef">
                     <operand localId="60" locator="37:84-37:92" name="Encounter" xsi:type="OperandRef"/>
                  </operand>
               </operand>
            </low>
            <high localId="70" locator="37:99-37:163" name="TruncateTime" libraryName="TJC" xsi:type="FunctionRef">
               <operand localId="69" locator="37:120-37:161" xsi:type="Add">
                  <operand localId="67" locator="37:120-37:152" xsi:type="Start">
                     <operand localId="66" locator="37:129-37:152" path="relevantPeriod" xsi:type="Property">
                        <source localId="65" locator="37:129-37:137" name="Encounter" xsi:type="OperandRef"/>
                     </operand>
                  </operand>
                  <operand localId="68" locator="37:156-37:161" value="2" unit="days" xsi:type="Quantity"/>
               </operand>
            </high>
         </expression>
         <operand name="Encounter">
            <operandTypeSpecifier localId="57" locator="36:80-36:101" xmlns:ns3="urn:healthit-gov:qdm:v5_6" name="ns3:PositiveEncounterPerformed" xsi:type="NamedTypeSpecifier"/>
         </operand>
      </def>
      <def localId="87" locator="39:1-40:157" name="FromDayOfStartOfHospitalizationToDayAfterFirstICU" context="Patient" accessLevel="Public" xsi:type="FunctionDef">
         <annotation xsi:type="a:Annotation">
            <a:s r="87">
               <a:s>define function &quot;FromDayOfStartOfHospitalizationToDayAfterFirstICU&quot;(Encounter </a:s>
               <a:s r="73">
                  <a:s>&quot;Encounter, Performed&quot;</a:s>
               </a:s>
               <a:s> ):
  </a:s>
               <a:s r="86">
                  <a:s r="86">
                     <a:s>Interval[</a:s>
                     <a:s r="79">
                        <a:s r="74">
                           <a:s>TJC</a:s>
                        </a:s>
                        <a:s>.</a:s>
                        <a:s r="79">
                           <a:s>&quot;TruncateTime&quot; ( </a:s>
                           <a:s r="78">
                              <a:s>start of </a:s>
                              <a:s r="77">
                                 <a:s r="75">
                                    <a:s>Global</a:s>
                                 </a:s>
                                 <a:s>.</a:s>
                                 <a:s r="77">
                                    <a:s>&quot;HospitalizationWithObservation&quot; ( </a:s>
                                    <a:s r="76">
                                       <a:s>Encounter</a:s>
                                    </a:s>
                                    <a:s> )</a:s>
                                 </a:s>
                              </a:s>
                           </a:s>
                           <a:s> )</a:s>
                        </a:s>
                     </a:s>
                     <a:s>, </a:s>
                     <a:s r="85">
                        <a:s r="80">
                           <a:s>TJC</a:s>
                        </a:s>
                        <a:s>.</a:s>
                        <a:s r="85">
                           <a:s>&quot;TruncateTime&quot; ( </a:s>
                           <a:s r="84">
                              <a:s r="82">
                                 <a:s>StartOfFirstICU(</a:s>
                                 <a:s r="81">
                                    <a:s>Encounter</a:s>
                                 </a:s>
                                 <a:s>)</a:s>
                              </a:s>
                              <a:s>+ </a:s>
                              <a:s r="83">
                                 <a:s>2 days</a:s>
                              </a:s>
                           </a:s>
                           <a:s> )</a:s>
                        </a:s>
                     </a:s>
                     <a:s> )</a:s>
                  </a:s>
               </a:s>
            </a:s>
         </annotation>
         <expression localId="86" locator="40:3-40:157" lowClosed="true" highClosed="false" xsi:type="Interval">
            <low localId="79" locator="40:12-40:96" name="TruncateTime" libraryName="TJC" xsi:type="FunctionRef">
               <operand localId="78" locator="40:33-40:94" xsi:type="Start">
                  <operand localId="77" locator="40:42-40:94" name="HospitalizationWithObservation" libraryName="Global" xsi:type="FunctionRef">
                     <operand localId="76" locator="40:84-40:92" name="Encounter" xsi:type="OperandRef"/>
                  </operand>
               </operand>
            </low>
            <high localId="85" locator="40:99-40:155" name="TruncateTime" libraryName="TJC" xsi:type="FunctionRef">
               <operand localId="84" locator="40:120-40:153" xsi:type="Add">
                  <operand localId="82" locator="40:120-40:145" name="StartOfFirstICU" xsi:type="FunctionRef">
                     <operand localId="81" locator="40:136-40:144" name="Encounter" xsi:type="OperandRef"/>
                  </operand>
                  <operand localId="83" locator="40:148-40:153" value="2" unit="days" xsi:type="Quantity"/>
               </operand>
            </high>
         </expression>
         <operand name="Encounter">
            <operandTypeSpecifier localId="73" locator="39:79-39:100" xmlns:ns4="urn:healthit-gov:qdm:v5_6" name="ns4:PositiveEncounterPerformed" xsi:type="NamedTypeSpecifier"/>
         </operand>
      </def>
   </statements>
</library>
