{
   "library" : {
      "annotation" : [ {
         "translatorOptions" : "EnableAnnotations,EnableLocators,DisableListDemotion,DisableListPromotion,DisableMethodInvocation",
         "type" : "CqlToElmInfo"
      }, {
         "type" : "Annotation",
         "s" : {
            "r" : "99",
            "s" : [ {
               "value" : [ "","library HIVScreening version '5.0.000'" ]
            } ]
         }
      } ],
      "identifier" : {
         "id" : "HIVScreening",
         "version" : "5.0.000"
      },
      "schemaIdentifier" : {
         "id" : "urn:hl7-org:elm",
         "version" : "r1"
      },
      "usings" : {
         "def" : [ {
            "localIdentifier" : "System",
            "uri" : "urn:hl7-org:elm-types:r1"
         }, {
            "localId" : "1",
            "locator" : "3:1-3:23",
            "localIdentifier" : "QDM",
            "uri" : "urn:healthit-gov:qdm:v5_6",
            "version" : "5.6",
            "annotation" : [ {
               "type" : "Annotation",
               "s" : {
                  "r" : "1",
                  "s" : [ {
                     "value" : [ "","using " ]
                  }, {
                     "s" : [ {
                        "value" : [ "QDM" ]
                     } ]
                  }, {
                     "value" : [ " version ","'5.6'" ]
                  } ]
               }
            } ]
         } ]
      },
      "includes" : {
         "def" : [ {
            "localId" : "2",
            "locator" : "5:1-5:64",
            "localIdentifier" : "Global",
            "path" : "MATGlobalCommonFunctions",
            "version" : "7.0.000",
            "annotation" : [ {
               "type" : "Annotation",
               "s" : {
                  "r" : "2",
                  "s" : [ {
                     "value" : [ "","include " ]
                  }, {
                     "s" : [ {
                        "value" : [ "MATGlobalCommonFunctions" ]
                     } ]
                  }, {
                     "value" : [ " version ","'7.0.000'"," called ","Global" ]
                  } ]
               }
            } ]
         } ]
      },
      "parameters" : {
         "def" : [ {
            "localId" : "19",
            "locator" : "23:1-23:49",
            "name" : "Measurement Period",
            "accessLevel" : "Public",
            "annotation" : [ {
               "type" : "Annotation",
               "s" : {
                  "r" : "19",
                  "s" : [ {
                     "value" : [ "","parameter ","\"Measurement Period\""," " ]
                  }, {
                     "r" : "18",
                     "s" : [ {
                        "value" : [ "Interval<" ]
                     }, {
                        "r" : "17",
                        "s" : [ {
                           "value" : [ "DateTime" ]
                        } ]
                     }, {
                        "value" : [ ">" ]
                     } ]
                  } ]
               }
            } ],
            "parameterTypeSpecifier" : {
               "localId" : "18",
               "locator" : "23:32-23:49",
               "type" : "IntervalTypeSpecifier",
               "pointType" : {
                  "localId" : "17",
                  "locator" : "23:41-23:48",
                  "name" : "{urn:hl7-org:elm-types:r1}DateTime",
                  "type" : "NamedTypeSpecifier"
               }
            }
         } ]
      },
      "codeSystems" : {
         "def" : [ {
            "localId" : "3",
            "locator" : "7:1-7:51",
            "name" : "LOINC",
            "id" : "urn:oid:2.16.840.1.113883.6.1",
            "accessLevel" : "Public",
            "annotation" : [ {
               "type" : "Annotation",
               "s" : {
                  "r" : "3",
                  "s" : [ {
                     "value" : [ "","codesystem ","\"LOINC\"",": ","'urn:oid:2.16.840.1.113883.6.1'" ]
                  } ]
               }
            } ]
         } ]
      },
      "valueSets" : {
         "def" : [ {
            "localId" : "4",
            "locator" : "9:1-9:58",
            "name" : "Ethnicity",
            "id" : "urn:oid:2.16.840.1.114222.4.11.837",
            "accessLevel" : "Public",
            "annotation" : [ {
               "type" : "Annotation",
               "s" : {
                  "r" : "4",
                  "s" : [ {
                     "value" : [ "","valueset ","\"Ethnicity\"",": ","'urn:oid:2.16.840.1.114222.4.11.837'" ]
                  } ]
               }
            } ]
         }, {
            "localId" : "5",
            "locator" : "10:1-10:66",
            "name" : "HIV",
            "id" : "urn:oid:2.16.840.1.113883.3.464.1003.120.12.1003",
            "accessLevel" : "Public",
            "annotation" : [ {
               "type" : "Annotation",
               "s" : {
                  "r" : "5",
                  "s" : [ {
                     "value" : [ "","valueset ","\"HIV\"",": ","'urn:oid:2.16.840.1.113883.3.464.1003.120.12.1003'" ]
                  } ]
               }
            } ]
         }, {
            "localId" : "6",
            "locator" : "11:1-11:120",
            "name" : "Human Immunodeficiency Virus (HIV) Laboratory Test Codes (Ab and Ag)",
            "id" : "urn:oid:2.16.840.1.113762.1.4.1056.50",
            "accessLevel" : "Public",
            "annotation" : [ {
               "type" : "Annotation",
               "s" : {
                  "r" : "6",
                  "s" : [ {
                     "value" : [ "","valueset ","\"Human Immunodeficiency Virus (HIV) Laboratory Test Codes (Ab and Ag)\"",": ","'urn:oid:2.16.840.1.113762.1.4.1056.50'" ]
                  } ]
               }
            } ]
         }, {
            "localId" : "7",
            "locator" : "12:1-12:75",
            "name" : "Office Visit",
            "id" : "urn:oid:2.16.840.1.113883.3.464.1003.101.12.1001",
            "accessLevel" : "Public",
            "annotation" : [ {
               "type" : "Annotation",
               "s" : {
                  "r" : "7",
                  "s" : [ {
                     "value" : [ "","valueset ","\"Office Visit\"",": ","'urn:oid:2.16.840.1.113883.3.464.1003.101.12.1001'" ]
                  } ]
               }
            } ]
         }, {
            "localId" : "8",
            "locator" : "13:1-13:68",
            "name" : "ONC Administrative Sex",
            "id" : "urn:oid:2.16.840.1.113762.1.4.1",
            "accessLevel" : "Public",
            "annotation" : [ {
               "type" : "Annotation",
               "s" : {
                  "r" : "8",
                  "s" : [ {
                     "value" : [ "","valueset ","\"ONC Administrative Sex\"",": ","'urn:oid:2.16.840.1.113762.1.4.1'" ]
                  } ]
               }
            } ]
         }, {
            "localId" : "9",
            "locator" : "14:1-14:55",
            "name" : "Payer",
            "id" : "urn:oid:2.16.840.1.114222.4.11.3591",
            "accessLevel" : "Public",
            "annotation" : [ {
               "type" : "Annotation",
               "s" : {
                  "r" : "9",
                  "s" : [ {
                     "value" : [ "","valueset ","\"Payer\"",": ","'urn:oid:2.16.840.1.114222.4.11.3591'" ]
                  } ]
               }
            } ]
         }, {
            "localId" : "10",
            "locator" : "15:1-15:125",
            "name" : "Preventive Care Services - Established Office Visit, 18 and Up",
            "id" : "urn:oid:2.16.840.1.113883.3.464.1003.101.12.1025",
            "accessLevel" : "Public",
            "annotation" : [ {
               "type" : "Annotation",
               "s" : {
                  "r" : "10",
                  "s" : [ {
                     "value" : [ "","valueset ","\"Preventive Care Services - Established Office Visit, 18 and Up\"",": ","'urn:oid:2.16.840.1.113883.3.464.1003.101.12.1025'" ]
                  } ]
               }
            } ]
         }, {
            "localId" : "11",
            "locator" : "16:1-16:118",
            "name" : "Preventive Care Services, Initial Office Visit, 0 to 17",
            "id" : "urn:oid:2.16.840.1.113883.3.464.1003.101.12.1022",
            "accessLevel" : "Public",
            "annotation" : [ {
               "type" : "Annotation",
               "s" : {
                  "r" : "11",
                  "s" : [ {
                     "value" : [ "","valueset ","\"Preventive Care Services, Initial Office Visit, 0 to 17\"",": ","'urn:oid:2.16.840.1.113883.3.464.1003.101.12.1022'" ]
                  } ]
               }
            } ]
         }, {
            "localId" : "12",
            "locator" : "17:1-17:119",
            "name" : "Preventive Care Services-Initial Office Visit, 18 and Up",
            "id" : "urn:oid:2.16.840.1.113883.3.464.1003.101.12.1023",
            "accessLevel" : "Public",
            "annotation" : [ {
               "type" : "Annotation",
               "s" : {
                  "r" : "12",
                  "s" : [ {
                     "value" : [ "","valueset ","\"Preventive Care Services-Initial Office Visit, 18 and Up\"",": ","'urn:oid:2.16.840.1.113883.3.464.1003.101.12.1023'" ]
                  } ]
               }
            } ]
         }, {
            "localId" : "13",
            "locator" : "18:1-18:113",
            "name" : "Preventive Care, Established Office Visit, 0 to 17",
            "id" : "urn:oid:2.16.840.1.113883.3.464.1003.101.12.1024",
            "accessLevel" : "Public",
            "annotation" : [ {
               "type" : "Annotation",
               "s" : {
                  "r" : "13",
                  "s" : [ {
                     "value" : [ "","valueset ","\"Preventive Care, Established Office Visit, 0 to 17\"",": ","'urn:oid:2.16.840.1.113883.3.464.1003.101.12.1024'" ]
                  } ]
               }
            } ]
         }, {
            "localId" : "14",
            "locator" : "19:1-19:53",
            "name" : "Race",
            "id" : "urn:oid:2.16.840.1.114222.4.11.836",
            "accessLevel" : "Public",
            "annotation" : [ {
               "type" : "Annotation",
               "s" : {
                  "r" : "14",
                  "s" : [ {
                     "value" : [ "","valueset ","\"Race\"",": ","'urn:oid:2.16.840.1.114222.4.11.836'" ]
                  } ]
               }
            } ]
         } ]
      },
      "codes" : {
         "def" : [ {
            "localId" : "16",
            "locator" : "21:1-21:118",
            "name" : "HIV 1 and 2 tests - Meaningful Use set",
            "id" : "75622-1",
            "display" : "HIV 1 and 2 tests - Meaningful Use set",
            "accessLevel" : "Public",
            "annotation" : [ {
               "type" : "Annotation",
               "s" : {
                  "r" : "16",
                  "s" : [ {
                     "value" : [ "","code ","\"HIV 1 and 2 tests - Meaningful Use set\"",": ","'75622-1'"," from " ]
                  }, {
                     "r" : "15",
                     "s" : [ {
                        "value" : [ "\"LOINC\"" ]
                     } ]
                  }, {
                     "value" : [ " display ","'HIV 1 and 2 tests - Meaningful Use set'" ]
                  } ]
               }
            } ],
            "codeSystem" : {
               "localId" : "15",
               "locator" : "21:63-21:69",
               "name" : "LOINC"
            }
         } ]
      },
      "contexts" : {
         "def" : [ {
            "locator" : "25:1-25:15",
            "name" : "Patient"
         } ]
      },
      "statements" : {
         "def" : [ {
            "locator" : "25:1-25:15",
            "name" : "Patient",
            "context" : "Patient",
            "expression" : {
               "type" : "SingletonFrom",
               "operand" : {
                  "locator" : "25:1-25:15",
                  "dataType" : "{urn:healthit-gov:qdm:v5_6}Patient",
                  "templateId" : "Patient",
                  "type" : "Retrieve"
               }
            }
         }, {
            "localId" : "43",
            "locator" : "40:1-46:62",
            "name" : "Qualifying Encounters",
            "context" : "Patient",
            "accessLevel" : "Public",
            "annotation" : [ {
               "type" : "Annotation",
               "s" : {
                  "r" : "43",
                  "s" : [ {
                     "value" : [ "","define ","\"Qualifying Encounters\"",":\n  " ]
                  }, {
                     "r" : "42",
                     "s" : [ {
                        "s" : [ {
                           "r" : "37",
                           "s" : [ {
                              "r" : "36",
                              "s" : [ {
                                 "value" : [ "( " ]
                              }, {
                                 "r" : "36",
                                 "s" : [ {
                                    "r" : "34",
                                    "s" : [ {
                                       "r" : "32",
                                       "s" : [ {
                                          "r" : "30",
                                          "s" : [ {
                                             "r" : "28",
                                             "s" : [ {
                                                "value" : [ "[","\"Encounter, Performed\"",": " ]
                                             }, {
                                                "s" : [ {
                                                   "value" : [ "\"Preventive Care Services, Initial Office Visit, 0 to 17\"" ]
                                                } ]
                                             }, {
                                                "value" : [ "]" ]
                                             } ]
                                          }, {
                                             "value" : [ "\n    union " ]
                                          }, {
                                             "r" : "29",
                                             "s" : [ {
                                                "value" : [ "[","\"Encounter, Performed\"",": " ]
                                             }, {
                                                "s" : [ {
                                                   "value" : [ "\"Preventive Care Services-Initial Office Visit, 18 and Up\"" ]
                                                } ]
                                             }, {
                                                "value" : [ "]" ]
                                             } ]
                                          } ]
                                       }, {
                                          "value" : [ "\n    union " ]
                                       }, {
                                          "r" : "31",
                                          "s" : [ {
                                             "value" : [ "[","\"Encounter, Performed\"",": " ]
                                          }, {
                                             "s" : [ {
                                                "value" : [ "\"Preventive Care, Established Office Visit, 0 to 17\"" ]
                                             } ]
                                          }, {
                                             "value" : [ "]" ]
                                          } ]
                                       } ]
                                    }, {
                                       "value" : [ "\n    union " ]
                                    }, {
                                       "r" : "33",
                                       "s" : [ {
                                          "value" : [ "[","\"Encounter, Performed\"",": " ]
                                       }, {
                                          "s" : [ {
                                             "value" : [ "\"Preventive Care Services - Established Office Visit, 18 and Up\"" ]
                                          } ]
                                       }, {
                                          "value" : [ "]" ]
                                       } ]
                                    } ]
                                 }, {
                                    "value" : [ "\n    union " ]
                                 }, {
                                    "r" : "35",
                                    "s" : [ {
                                       "value" : [ "[","\"Encounter, Performed\"",": " ]
                                    }, {
                                       "s" : [ {
                                          "value" : [ "\"Office Visit\"" ]
                                       } ]
                                    }, {
                                       "value" : [ "]" ]
                                    } ]
                                 } ]
                              }, {
                                 "value" : [ " )" ]
                              } ]
                           }, {
                              "value" : [ " ","Encounter" ]
                           } ]
                        } ]
                     }, {
                        "value" : [ "\n    " ]
                     }, {
                        "r" : "41",
                        "s" : [ {
                           "value" : [ "where " ]
                        }, {
                           "r" : "41",
                           "s" : [ {
                              "r" : "39",
                              "s" : [ {
                                 "r" : "38",
                                 "s" : [ {
                                    "value" : [ "Encounter" ]
                                 } ]
                              }, {
                                 "value" : [ "." ]
                              }, {
                                 "r" : "39",
                                 "s" : [ {
                                    "value" : [ "relevantPeriod" ]
                                 } ]
                              } ]
                           }, {
                              "r" : "41",
                              "value" : [ " ","during"," " ]
                           }, {
                              "r" : "40",
                              "s" : [ {
                                 "value" : [ "\"Measurement Period\"" ]
                              } ]
                           } ]
                        } ]
                     } ]
                  } ]
               }
            } ],
            "expression" : {
               "localId" : "42",
               "locator" : "41:3-46:62",
               "type" : "Query",
               "source" : [ {
                  "localId" : "37",
                  "locator" : "41:3-45:62",
                  "alias" : "Encounter",
                  "expression" : {
                     "localId" : "36",
                     "locator" : "41:3-45:52",
                     "type" : "Union",
                     "operand" : [ {
                        "localId" : "34",
                        "locator" : "41:5-44:100",
                        "type" : "Union",
                        "operand" : [ {
                           "localId" : "30",
                           "locator" : "41:5-42:94",
                           "type" : "Union",
                           "operand" : [ {
                              "localId" : "28",
                              "locator" : "41:5-41:87",
                              "dataType" : "{urn:healthit-gov:qdm:v5_6}PositiveEncounterPerformed",
                              "templateId" : "PositiveEncounterPerformed",
                              "codeProperty" : "code",
                              "codeComparator" : "in",
                              "type" : "Retrieve",
                              "codes" : {
                                 "locator" : "41:30-41:86",
                                 "name" : "Preventive Care Services, Initial Office Visit, 0 to 17",
                                 "type" : "ValueSetRef"
                              }
                           }, {
                              "localId" : "29",
                              "locator" : "42:11-42:94",
                              "dataType" : "{urn:healthit-gov:qdm:v5_6}PositiveEncounterPerformed",
                              "templateId" : "PositiveEncounterPerformed",
                              "codeProperty" : "code",
                              "codeComparator" : "in",
                              "type" : "Retrieve",
                              "codes" : {
                                 "locator" : "42:36-42:93",
                                 "name" : "Preventive Care Services-Initial Office Visit, 18 and Up",
                                 "type" : "ValueSetRef"
                              }
                           } ]
                        }, {
                           "type" : "Union",
                           "operand" : [ {
                              "localId" : "31",
                              "locator" : "43:11-43:88",
                              "dataType" : "{urn:healthit-gov:qdm:v5_6}PositiveEncounterPerformed",
                              "templateId" : "PositiveEncounterPerformed",
                              "codeProperty" : "code",
                              "codeComparator" : "in",
                              "type" : "Retrieve",
                              "codes" : {
                                 "locator" : "43:36-43:87",
                                 "name" : "Preventive Care, Established Office Visit, 0 to 17",
                                 "type" : "ValueSetRef"
                              }
                           }, {
                              "localId" : "33",
                              "locator" : "44:11-44:100",
                              "dataType" : "{urn:healthit-gov:qdm:v5_6}PositiveEncounterPerformed",
                              "templateId" : "PositiveEncounterPerformed",
                              "codeProperty" : "code",
                              "codeComparator" : "in",
                              "type" : "Retrieve",
                              "codes" : {
                                 "locator" : "44:36-44:99",
                                 "name" : "Preventive Care Services - Established Office Visit, 18 and Up",
                                 "type" : "ValueSetRef"
                              }
                           } ]
                        } ]
                     }, {
                        "localId" : "35",
                        "locator" : "45:11-45:50",
                        "dataType" : "{urn:healthit-gov:qdm:v5_6}PositiveEncounterPerformed",
                        "templateId" : "PositiveEncounterPerformed",
                        "codeProperty" : "code",
                        "codeComparator" : "in",
                        "type" : "Retrieve",
                        "codes" : {
                           "locator" : "45:36-45:49",
                           "name" : "Office Visit",
                           "type" : "ValueSetRef"
                        }
                     } ]
                  }
               } ],
               "relationship" : [ ],
               "where" : {
                  "localId" : "41",
                  "locator" : "46:5-46:62",
                  "type" : "IncludedIn",
                  "operand" : [ {
                     "localId" : "39",
                     "locator" : "46:11-46:34",
                     "path" : "relevantPeriod",
                     "scope" : "Encounter",
                     "type" : "Property"
                  }, {
                     "localId" : "40",
                     "locator" : "46:43-46:62",
                     "name" : "Measurement Period",
                     "type" : "ParameterRef"
                  } ]
               }
            }
         }, {
            "localId" : "47",
            "locator" : "60:1-62:38",
            "name" : "Initial Population",
            "context" : "Patient",
            "accessLevel" : "Public",
            "annotation" : [ {
               "type" : "Annotation",
               "s" : {
                  "r" : "47",
                  "s" : [ {
                     "value" : [ "","define ","\"Initial Population\"",":\n  " ]
                  }, {
                     "r" : "46",
                     "s" : [ {
                        "r" : "27",
                        "s" : [ {
                           "r" : "23",
                           "s" : [ {
                              "value" : [ "AgeInYearsAt","(" ]
                           }, {
                              "r" : "22",
                              "s" : [ {
                                 "value" : [ "date from " ]
                              }, {
                                 "r" : "21",
                                 "s" : [ {
                                    "value" : [ "start of " ]
                                 }, {
                                    "r" : "20",
                                    "s" : [ {
                                       "value" : [ "\"Measurement Period\"" ]
                                    } ]
                                 } ]
                              } ]
                           }, {
                              "value" : [ ")" ]
                           } ]
                        }, {
                           "value" : [ "in " ]
                        }, {
                           "r" : "26",
                           "s" : [ {
                              "r" : "24",
                              "value" : [ "Interval[","15",", ","65","]" ]
                           } ]
                        } ]
                     }, {
                        "value" : [ "\n    and " ]
                     }, {
                        "r" : "45",
                        "s" : [ {
                           "value" : [ "exists " ]
                        }, {
                           "r" : "44",
                           "s" : [ {
                              "value" : [ "\"Qualifying Encounters\"" ]
                           } ]
                        } ]
                     } ]
                  } ]
               }
            } ],
            "expression" : {
               "localId" : "46",
               "locator" : "61:3-62:38",
               "type" : "And",
               "operand" : [ {
                  "localId" : "27",
                  "locator" : "61:3-61:74",
                  "type" : "In",
                  "operand" : [ {
                     "localId" : "23",
                     "locator" : "61:3-61:55",
                     "precision" : "Year",
                     "type" : "CalculateAgeAt",
                     "operand" : [ {
                        "type" : "ToDate",
                        "operand" : {
                           "path" : "birthDatetime",
                           "type" : "Property",
                           "source" : {
                              "name" : "Patient",
                              "type" : "ExpressionRef"
                           }
                        }
                     }, {
                        "localId" : "22",
                        "locator" : "61:16-61:54",
                        "type" : "DateFrom",
                        "operand" : {
                           "localId" : "21",
                           "locator" : "61:26-61:54",
                           "type" : "Start",
                           "operand" : {
                              "localId" : "20",
                              "locator" : "61:35-61:54",
                              "name" : "Measurement Period",
                              "type" : "ParameterRef"
                           }
                        }
                     } ]
                  }, {
                     "localId" : "26",
                     "locator" : "61:59-61:74",
                     "lowClosed" : true,
                     "highClosed" : true,
                     "type" : "Interval",
                     "low" : {
                        "localId" : "24",
                        "locator" : "61:68-61:69",
                        "valueType" : "{urn:hl7-org:elm-types:r1}Integer",
                        "value" : "15",
                        "type" : "Literal"
                     },
                     "high" : {
                        "localId" : "25",
                        "locator" : "61:72-61:73",
                        "valueType" : "{urn:hl7-org:elm-types:r1}Integer",
                        "value" : "65",
                        "type" : "Literal"
                     }
                  } ]
               }, {
                  "localId" : "45",
                  "locator" : "62:9-62:38",
                  "type" : "Exists",
                  "operand" : {
                     "localId" : "44",
                     "locator" : "62:16-62:38",
                     "name" : "Qualifying Encounters",
                     "type" : "ExpressionRef"
                  }
               } ]
            }
         }, {
            "localId" : "49",
            "locator" : "27:1-28:22",
            "name" : "Denominator",
            "context" : "Patient",
            "accessLevel" : "Public",
            "annotation" : [ {
               "type" : "Annotation",
               "s" : {
                  "r" : "49",
                  "s" : [ {
                     "value" : [ "","define ","\"Denominator\"",":\n  " ]
                  }, {
                     "r" : "48",
                     "s" : [ {
                        "value" : [ "\"Initial Population\"" ]
                     } ]
                  } ]
               }
            } ],
            "expression" : {
               "localId" : "48",
               "locator" : "28:3-28:22",
               "name" : "Initial Population",
               "type" : "ExpressionRef"
            }
         }, {
            "localId" : "79",
            "locator" : "30:1-35:33",
            "name" : "Has HIV Test Performed",
            "context" : "Patient",
            "accessLevel" : "Public",
            "annotation" : [ {
               "type" : "Annotation",
               "s" : {
                  "r" : "79",
                  "s" : [ {
                     "value" : [ "","define ","\"Has HIV Test Performed\"",":\n  " ]
                  }, {
                     "r" : "78",
                     "s" : [ {
                        "value" : [ "exists " ]
                     }, {
                        "r" : "77",
                        "s" : [ {
                           "s" : [ {
                              "r" : "53",
                              "s" : [ {
                                 "r" : "52",
                                 "s" : [ {
                                    "value" : [ "( " ]
                                 }, {
                                    "r" : "52",
                                    "s" : [ {
                                       "r" : "50",
                                       "s" : [ {
                                          "value" : [ "[","\"Laboratory Test, Performed\"",": " ]
                                       }, {
                                          "s" : [ {
                                             "value" : [ "\"Human Immunodeficiency Virus (HIV) Laboratory Test Codes (Ab and Ag)\"" ]
                                          } ]
                                       }, {
                                          "value" : [ "]" ]
                                       } ]
                                    }, {
                                       "value" : [ "\n    union " ]
                                    }, {
                                       "r" : "51",
                                       "s" : [ {
                                          "value" : [ "[","\"Laboratory Test, Performed\"",": " ]
                                       }, {
                                          "s" : [ {
                                             "value" : [ "\"HIV 1 and 2 tests - Meaningful Use set\"" ]
                                          } ]
                                       }, {
                                          "value" : [ "]" ]
                                       } ]
                                    } ]
                                 }, {
                                    "value" : [ " )" ]
                                 } ]
                              }, {
                                 "value" : [ " ","HIVTest" ]
                              } ]
                           } ]
                        }, {
                           "value" : [ "\n    " ]
                        }, {
                           "r" : "76",
                           "s" : [ {
                              "value" : [ "where " ]
                           }, {
                              "r" : "76",
                              "s" : [ {
                                 "r" : "66",
                                 "s" : [ {
                                    "r" : "62",
                                    "s" : [ {
                                       "value" : [ "AgeInYearsAt","(" ]
                                    }, {
                                       "r" : "61",
                                       "s" : [ {
                                          "value" : [ "date from " ]
                                       }, {
                                          "r" : "60",
                                          "s" : [ {
                                             "value" : [ "start of " ]
                                          }, {
                                             "r" : "59",
                                             "s" : [ {
                                                "r" : "54",
                                                "s" : [ {
                                                   "value" : [ "Global" ]
                                                } ]
                                             }, {
                                                "value" : [ "." ]
                                             }, {
                                                "r" : "59",
                                                "s" : [ {
                                                   "value" : [ "\"NormalizeInterval\"","(" ]
                                                }, {
                                                   "r" : "56",
                                                   "s" : [ {
                                                      "r" : "55",
                                                      "s" : [ {
                                                         "value" : [ "HIVTest" ]
                                                      } ]
                                                   }, {
                                                      "value" : [ "." ]
                                                   }, {
                                                      "r" : "56",
                                                      "s" : [ {
                                                         "value" : [ "relevantDatetime" ]
                                                      } ]
                                                   } ]
                                                }, {
                                                   "value" : [ ", " ]
                                                }, {
                                                   "r" : "58",
                                                   "s" : [ {
                                                      "r" : "57",
                                                      "s" : [ {
                                                         "value" : [ "HIVTest" ]
                                                      } ]
                                                   }, {
                                                      "value" : [ "." ]
                                                   }, {
                                                      "r" : "58",
                                                      "s" : [ {
                                                         "value" : [ "relevantPeriod" ]
                                                      } ]
                                                   } ]
                                                }, {
                                                   "value" : [ ")" ]
                                                } ]
                                             } ]
                                          } ]
                                       } ]
                                    }, {
                                       "value" : [ ")" ]
                                    } ]
                                 }, {
                                    "value" : [ "in " ]
                                 }, {
                                    "r" : "65",
                                    "s" : [ {
                                       "r" : "63",
                                       "value" : [ "Interval[","15",", ","65","]" ]
                                    } ]
                                 } ]
                              }, {
                                 "value" : [ "\n      and " ]
                              }, {
                                 "r" : "75",
                                 "s" : [ {
                                    "r" : "72",
                                    "s" : [ {
                                       "r" : "67",
                                       "s" : [ {
                                          "value" : [ "Global" ]
                                       } ]
                                    }, {
                                       "value" : [ "." ]
                                    }, {
                                       "r" : "72",
                                       "s" : [ {
                                          "value" : [ "\"NormalizeInterval\""," ( " ]
                                       }, {
                                          "r" : "69",
                                          "s" : [ {
                                             "r" : "68",
                                             "s" : [ {
                                                "value" : [ "HIVTest" ]
                                             } ]
                                          }, {
                                             "value" : [ "." ]
                                          }, {
                                             "r" : "69",
                                             "s" : [ {
                                                "value" : [ "relevantDatetime" ]
                                             } ]
                                          } ]
                                       }, {
                                          "value" : [ ", " ]
                                       }, {
                                          "r" : "71",
                                          "s" : [ {
                                             "r" : "70",
                                             "s" : [ {
                                                "value" : [ "HIVTest" ]
                                             } ]
                                          }, {
                                             "value" : [ "." ]
                                          }, {
                                             "r" : "71",
                                             "s" : [ {
                                                "value" : [ "relevantPeriod" ]
                                             } ]
                                          } ]
                                       }, {
                                          "value" : [ " )" ]
                                       } ]
                                    } ]
                                 }, {
                                    "r" : "75",
                                    "value" : [ " ","starts before"," \n      " ]
                                 }, {
                                    "r" : "74",
                                    "s" : [ {
                                       "value" : [ "end of " ]
                                    }, {
                                       "r" : "73",
                                       "s" : [ {
                                          "value" : [ "\"Measurement Period\"" ]
                                       } ]
                                    } ]
                                 } ]
                              } ]
                           } ]
                        } ]
                     } ]
                  } ]
               }
            } ],
            "expression" : {
               "localId" : "78",
               "locator" : "31:3-35:33",
               "type" : "Exists",
               "operand" : {
                  "localId" : "77",
                  "locator" : "31:10-35:33",
                  "type" : "Query",
                  "source" : [ {
                     "localId" : "53",
                     "locator" : "31:10-32:92",
                     "alias" : "HIVTest",
                     "expression" : {
                        "localId" : "52",
                        "locator" : "31:10-32:84",
                        "type" : "Union",
                        "operand" : [ {
                           "localId" : "50",
                           "locator" : "31:12-31:113",
                           "dataType" : "{urn:healthit-gov:qdm:v5_6}PositiveLaboratoryTestPerformed",
                           "templateId" : "PositiveLaboratoryTestPerformed",
                           "codeProperty" : "code",
                           "codeComparator" : "in",
                           "type" : "Retrieve",
                           "codes" : {
                              "locator" : "31:43-31:112",
                              "name" : "Human Immunodeficiency Virus (HIV) Laboratory Test Codes (Ab and Ag)",
                              "type" : "ValueSetRef"
                           }
                        }, {
                           "localId" : "51",
                           "locator" : "32:11-32:82",
                           "dataType" : "{urn:healthit-gov:qdm:v5_6}PositiveLaboratoryTestPerformed",
                           "templateId" : "PositiveLaboratoryTestPerformed",
                           "codeProperty" : "code",
                           "codeComparator" : "~",
                           "type" : "Retrieve",
                           "codes" : {
                              "type" : "ToList",
                              "operand" : {
                                 "locator" : "32:42-32:81",
                                 "name" : "HIV 1 and 2 tests - Meaningful Use set",
                                 "type" : "CodeRef"
                              }
                           }
                        } ]
                     }
                  } ],
                  "relationship" : [ ],
                  "where" : {
                     "localId" : "76",
                     "locator" : "33:5-35:33",
                     "type" : "And",
                     "operand" : [ {
                        "localId" : "66",
                        "locator" : "33:11-33:138",
                        "type" : "In",
                        "operand" : [ {
                           "localId" : "62",
                           "locator" : "33:11-33:119",
                           "precision" : "Year",
                           "type" : "CalculateAgeAt",
                           "operand" : [ {
                              "type" : "ToDate",
                              "operand" : {
                                 "path" : "birthDatetime",
                                 "type" : "Property",
                                 "source" : {
                                    "name" : "Patient",
                                    "type" : "ExpressionRef"
                                 }
                              }
                           }, {
                              "localId" : "61",
                              "locator" : "33:24-33:118",
                              "type" : "DateFrom",
                              "operand" : {
                                 "localId" : "60",
                                 "locator" : "33:34-33:118",
                                 "type" : "Start",
                                 "operand" : {
                                    "localId" : "59",
                                    "locator" : "33:43-33:118",
                                    "name" : "NormalizeInterval",
                                    "libraryName" : "Global",
                                    "type" : "FunctionRef",
                                    "operand" : [ {
                                       "localId" : "56",
                                       "locator" : "33:70-33:93",
                                       "path" : "relevantDatetime",
                                       "scope" : "HIVTest",
                                       "type" : "Property"
                                    }, {
                                       "localId" : "58",
                                       "locator" : "33:96-33:117",
                                       "path" : "relevantPeriod",
                                       "scope" : "HIVTest",
                                       "type" : "Property"
                                    } ]
                                 }
                              }
                           } ]
                        }, {
                           "localId" : "65",
                           "locator" : "33:123-33:138",
                           "lowClosed" : true,
                           "highClosed" : true,
                           "type" : "Interval",
                           "low" : {
                              "localId" : "63",
                              "locator" : "33:132-33:133",
                              "valueType" : "{urn:hl7-org:elm-types:r1}Integer",
                              "value" : "15",
                              "type" : "Literal"
                           },
                           "high" : {
                              "localId" : "64",
                              "locator" : "33:136-33:137",
                              "valueType" : "{urn:hl7-org:elm-types:r1}Integer",
                              "value" : "65",
                              "type" : "Literal"
                           }
                        } ]
                     }, {
                        "localId" : "75",
                        "locator" : "34:11-35:33",
                        "type" : "Before",
                        "operand" : [ {
                           "locator" : "34:91-34:96",
                           "type" : "Start",
                           "operand" : {
                              "localId" : "72",
                              "locator" : "34:11-34:89",
                              "name" : "NormalizeInterval",
                              "libraryName" : "Global",
                              "type" : "FunctionRef",
                              "operand" : [ {
                                 "localId" : "69",
                                 "locator" : "34:40-34:63",
                                 "path" : "relevantDatetime",
                                 "scope" : "HIVTest",
                                 "type" : "Property"
                              }, {
                                 "localId" : "71",
                                 "locator" : "34:66-34:87",
                                 "path" : "relevantPeriod",
                                 "scope" : "HIVTest",
                                 "type" : "Property"
                              } ]
                           }
                        }, {
                           "localId" : "74",
                           "locator" : "35:7-35:33",
                           "type" : "End",
                           "operand" : {
                              "localId" : "73",
                              "locator" : "35:14-35:33",
                              "name" : "Measurement Period",
                              "type" : "ParameterRef"
                           }
                        } ]
                     } ]
                  }
               }
            }
         }, {
            "localId" : "81",
            "locator" : "37:1-38:30",
            "name" : "Numerator",
            "context" : "Patient",
            "accessLevel" : "Public",
            "annotation" : [ {
               "type" : "Annotation",
               "s" : {
                  "r" : "81",
                  "s" : [ {
                     "value" : [ "","define ","\"Numerator\"",":\n  " ]
                  }, {
                     "r" : "80",
                     "s" : [ {
                        "value" : [ "( " ]
                     }, {
                        "r" : "80",
                        "s" : [ {
                           "value" : [ "\"Has HIV Test Performed\"" ]
                        } ]
                     }, {
                        "value" : [ " )" ]
                     } ]
                  } ]
               }
            } ],
            "expression" : {
               "localId" : "80",
               "locator" : "38:3-38:30",
               "name" : "Has HIV Test Performed",
               "type" : "ExpressionRef"
            }
         }, {
            "localId" : "83",
            "locator" : "48:1-49:51",
            "name" : "SDE Ethnicity",
            "context" : "Patient",
            "accessLevel" : "Public",
            "annotation" : [ {
               "type" : "Annotation",
               "s" : {
                  "r" : "83",
                  "s" : [ {
                     "value" : [ "","define ","\"SDE Ethnicity\"",":\n  " ]
                  }, {
                     "r" : "82",
                     "s" : [ {
                        "value" : [ "[","\"Patient Characteristic Ethnicity\"",": " ]
                     }, {
                        "s" : [ {
                           "value" : [ "\"Ethnicity\"" ]
                        } ]
                     }, {
                        "value" : [ "]" ]
                     } ]
                  } ]
               }
            } ],
            "expression" : {
               "localId" : "82",
               "locator" : "49:3-49:51",
               "dataType" : "{urn:healthit-gov:qdm:v5_6}PatientCharacteristicEthnicity",
               "codeProperty" : "code",
               "codeComparator" : "in",
               "type" : "Retrieve",
               "codes" : {
                  "locator" : "49:40-49:50",
                  "name" : "Ethnicity",
                  "type" : "ValueSetRef"
               }
            }
         }, {
            "localId" : "85",
            "locator" : "51:1-52:43",
            "name" : "SDE Payer",
            "context" : "Patient",
            "accessLevel" : "Public",
            "annotation" : [ {
               "type" : "Annotation",
               "s" : {
                  "r" : "85",
                  "s" : [ {
                     "value" : [ "","define ","\"SDE Payer\"",":\n  " ]
                  }, {
                     "r" : "84",
                     "s" : [ {
                        "value" : [ "[","\"Patient Characteristic Payer\"",": " ]
                     }, {
                        "s" : [ {
                           "value" : [ "\"Payer\"" ]
                        } ]
                     }, {
                        "value" : [ "]" ]
                     } ]
                  } ]
               }
            } ],
            "expression" : {
               "localId" : "84",
               "locator" : "52:3-52:43",
               "dataType" : "{urn:healthit-gov:qdm:v5_6}PatientCharacteristicPayer",
               "codeProperty" : "code",
               "codeComparator" : "in",
               "type" : "Retrieve",
               "codes" : {
                  "locator" : "52:36-52:42",
                  "name" : "Payer",
                  "type" : "ValueSetRef"
               }
            }
         }, {
            "localId" : "87",
            "locator" : "54:1-55:41",
            "name" : "SDE Race",
            "context" : "Patient",
            "accessLevel" : "Public",
            "annotation" : [ {
               "type" : "Annotation",
               "s" : {
                  "r" : "87",
                  "s" : [ {
                     "value" : [ "","define ","\"SDE Race\"",":\n  " ]
                  }, {
                     "r" : "86",
                     "s" : [ {
                        "value" : [ "[","\"Patient Characteristic Race\"",": " ]
                     }, {
                        "s" : [ {
                           "value" : [ "\"Race\"" ]
                        } ]
                     }, {
                        "value" : [ "]" ]
                     } ]
                  } ]
               }
            } ],
            "expression" : {
               "localId" : "86",
               "locator" : "55:3-55:41",
               "dataType" : "{urn:healthit-gov:qdm:v5_6}PatientCharacteristicRace",
               "codeProperty" : "code",
               "codeComparator" : "in",
               "type" : "Retrieve",
               "codes" : {
                  "locator" : "55:35-55:40",
                  "name" : "Race",
                  "type" : "ValueSetRef"
               }
            }
         }, {
            "localId" : "89",
            "locator" : "57:1-58:58",
            "name" : "SDE Sex",
            "context" : "Patient",
            "accessLevel" : "Public",
            "annotation" : [ {
               "type" : "Annotation",
               "s" : {
                  "r" : "89",
                  "s" : [ {
                     "value" : [ "","define ","\"SDE Sex\"",":\n  " ]
                  }, {
                     "r" : "88",
                     "s" : [ {
                        "value" : [ "[","\"Patient Characteristic Sex\"",": " ]
                     }, {
                        "s" : [ {
                           "value" : [ "\"ONC Administrative Sex\"" ]
                        } ]
                     }, {
                        "value" : [ "]" ]
                     } ]
                  } ]
               }
            } ],
            "expression" : {
               "localId" : "88",
               "locator" : "58:3-58:58",
               "dataType" : "{urn:healthit-gov:qdm:v5_6}PatientCharacteristicSex",
               "codeProperty" : "code",
               "codeComparator" : "in",
               "type" : "Retrieve",
               "codes" : {
                  "locator" : "58:34-58:57",
                  "name" : "ONC Administrative Sex",
                  "type" : "ValueSetRef"
               }
            }
         }, {
            "localId" : "99",
            "locator" : "64:1-67:3",
            "name" : "Denominator Exclusions",
            "context" : "Patient",
            "accessLevel" : "Public",
            "annotation" : [ {
               "type" : "Annotation",
               "s" : {
                  "r" : "99",
                  "s" : [ {
                     "value" : [ "","define ","\"Denominator Exclusions\"",":\n  " ]
                  }, {
                     "r" : "98",
                     "s" : [ {
                        "value" : [ "exists " ]
                     }, {
                        "r" : "97",
                        "s" : [ {
                           "value" : [ "( " ]
                        }, {
                           "r" : "97",
                           "s" : [ {
                              "s" : [ {
                                 "r" : "91",
                                 "s" : [ {
                                    "r" : "90",
                                    "s" : [ {
                                       "r" : "90",
                                       "s" : [ {
                                          "value" : [ "[","\"Diagnosis\"",": " ]
                                       }, {
                                          "s" : [ {
                                             "value" : [ "\"HIV\"" ]
                                          } ]
                                       }, {
                                          "value" : [ "]" ]
                                       } ]
                                    } ]
                                 }, {
                                    "value" : [ " ","HIV" ]
                                 } ]
                              } ]
                           }, {
                              "value" : [ "\n      " ]
                           }, {
                              "r" : "96",
                              "s" : [ {
                                 "value" : [ "where " ]
                              }, {
                                 "r" : "96",
                                 "s" : [ {
                                    "r" : "93",
                                    "s" : [ {
                                       "r" : "92",
                                       "s" : [ {
                                          "value" : [ "HIV" ]
                                       } ]
                                    }, {
                                       "value" : [ "." ]
                                    }, {
                                       "r" : "93",
                                       "s" : [ {
                                          "value" : [ "prevalencePeriod" ]
                                       } ]
                                    } ]
                                 }, {
                                    "r" : "96",
                                    "value" : [ " ","starts before"," " ]
                                 }, {
                                    "r" : "95",
                                    "s" : [ {
                                       "value" : [ "start of " ]
                                    }, {
                                       "r" : "94",
                                       "s" : [ {
                                          "value" : [ "\"Measurement Period\"" ]
                                       } ]
                                    } ]
                                 } ]
                              } ]
                           } ]
                        }, {
                           "value" : [ "\n  )" ]
                        } ]
                     } ]
                  } ]
               }
            } ],
            "expression" : {
               "localId" : "98",
               "locator" : "65:3-67:3",
               "type" : "Exists",
               "operand" : {
                  "localId" : "97",
                  "locator" : "65:10-67:3",
                  "type" : "Query",
                  "source" : [ {
                     "localId" : "91",
                     "locator" : "65:12-65:35",
                     "alias" : "HIV",
                     "expression" : {
                        "localId" : "90",
                        "locator" : "65:12-65:31",
                        "dataType" : "{urn:healthit-gov:qdm:v5_6}Diagnosis",
                        "codeProperty" : "code",
                        "codeComparator" : "in",
                        "type" : "Retrieve",
                        "codes" : {
                           "locator" : "65:26-65:30",
                           "name" : "HIV",
                           "type" : "ValueSetRef"
                        }
                     }
                  } ],
                  "relationship" : [ ],
                  "where" : {
                     "localId" : "96",
                     "locator" : "66:7-66:76",
                     "type" : "Before",
                     "operand" : [ {
                        "locator" : "66:34-66:39",
                        "type" : "Start",
                        "operand" : {
                           "localId" : "93",
                           "locator" : "66:13-66:32",
                           "path" : "prevalencePeriod",
                           "scope" : "HIV",
                           "type" : "Property"
                        }
                     }, {
                        "localId" : "95",
                        "locator" : "66:48-66:76",
                        "type" : "Start",
                        "operand" : {
                           "localId" : "94",
                           "locator" : "66:57-66:76",
                           "name" : "Measurement Period",
                           "type" : "ParameterRef"
                        }
                     } ]
                  }
               }
            }
         } ]
      }
   }
}