<?xml version="1.0" encoding="UTF-8" standalone="yes"?>
<QualityMeasureDocument xmlns="urn:hl7-org:v3"
                        xmlns:cql-ext="urn:hhs-cql:hqmf-n1-extensions:v1"
                        xmlns:xsi="http://www.w3.org/2001/XMLSchema-instance">

      <!--
            **************************************************************
            Measure Details Section
            **************************************************************
        -->
   <typeId extension="POQM_HD000001UV02" root="2.16.840.1.113883.1.3"/>
   <templateId>
      <item extension="2021-02-01" root="2.16.840.1.113883.10.20.28.1.2"/>
   </templateId>
   <id root="7f7cb55d-35b9-4032-a33d-9f28562d795b"/>
   <code code="57024-2" codeSystem="2.16.840.1.113883.6.1">
      <displayName value="Health Quality Measure Document"/>
   </code>
   <title value="Documentation of Current Medications in the Medical Record"/>
   <text
         value="Percentage of visits for which the eligible clinician attests to documenting a list of current medications using all immediate resources available on the date of the encounter"/>
   <statusCode code="COMPLETED"/>
   <setId root="9a032d9c-3d9b-11e1-8634-00237d5bf174"/>
   <versionNumber value="15.0.000"/>
   <author>
      <responsibleParty classCode="ASSIGNED">
         <representedResponsibleOrganization classCode="ORG" determinerCode="INSTANCE">
            <id>
               <item root="e9606bf4-a69f-11ea-bb37-0242ac130002"/>
            </id>
            <name>
               <item>
                  <part value="American Institutes for Research (AIR)"/>
               </item>
            </name>
         </representedResponsibleOrganization>
      </responsibleParty>
   </author>
   <custodian>
      <responsibleParty classCode="ASSIGNED">
         <representedResponsibleOrganization classCode="ORG" determinerCode="INSTANCE">
            <id>
               <item root="9048cd4c-b61b-11e4-a71e-12e3f512a338"/>
            </id>
            <name>
               <item>
                  <part value="Centers for Medicare &amp; Medicaid Services (CMS)"/>
               </item>
            </name>
         </representedResponsibleOrganization>
      </responsibleParty>
   </custodian>
   <!--Ethnicity-->
   <definition>
      <valueSet classCode="OBS" moodCode="DEF">
         <id root="2.16.840.1.114222.4.11.837"/>
         <title value="Ethnicity"/>
      </valueSet>
   </definition>
   <!--Race-->
   <definition>
      <valueSet classCode="OBS" moodCode="DEF">
         <id root="2.16.840.1.114222.4.11.836"/>
         <title value="Race"/>
      </valueSet>
   </definition>
   <!--Payer Type-->
   <definition>
      <valueSet classCode="OBS" moodCode="DEF">
         <id root="2.16.840.1.114222.4.11.3591"/>
         <title value="Payer Type"/>
      </valueSet>
   </definition>
   <!--Federal Administrative Sex-->
   <definition>
      <valueSet classCode="OBS" moodCode="DEF">
         <id root="2.16.840.1.113762.1.4.1021.121"/>
         <title value="Federal Administrative Sex"/>
      </valueSet>
   </definition>
   <!--Encounter to Document Medications-->
   <definition>
      <valueSet classCode="OBS" moodCode="DEF">
         <id root="2.16.840.1.113883.3.600.1.1834"/>
         <title value="Encounter to Document Medications"/>
      </valueSet>
   </definition>
   <!--Documentation of current medications (procedure)- -->
   <definition>
      <cql-ext:code code="428191000124101"
                    codeSystem="2.16.840.1.113883.6.96"
                    codeSystemName="SNOMEDCT">
         <displayName value="Documentation of current medications (procedure)"/>
      </cql-ext:code>
   </definition>
   <!--Acute health crisis (finding)- -->
   <definition>
      <cql-ext:code code="705016005"
                    codeSystem="2.16.840.1.113883.6.96"
                    codeSystemName="SNOMEDCT">
         <displayName value="Acute health crisis (finding)"/>
      </cql-ext:code>
   </definition>
   <relatedDocument typeCode="COMP">
      <expressionDocument>
         <id root="7fbd02b1-2975-49aa-b647-a2d937e2c05d"/>
         <text mediaType="text/cql">
            <reference value="https://madie.cms.gov/libraries/9a032d9c-3d9b-11e1-8634-00237d5bf174/CMS68DocumentationOfCurrentMedicationsQDM-15.0.000.cql"/>
            <translation mediaType="application/elm+xml">
               <reference value="https://madie.cms.gov/libraries/9a032d9c-3d9b-11e1-8634-00237d5bf174/CMS68DocumentationOfCurrentMedicationsQDM-15.0.000.xml"/>
            </translation>
            <translation mediaType="application/elm+json">
               <reference value="https://madie.cms.gov/libraries/9a032d9c-3d9b-11e1-8634-00237d5bf174/CMS68DocumentationOfCurrentMedicationsQDM-15.0.000.json"/>
            </translation>
         </text>
         <setId extension="9a032d9c-3d9b-11e1-8634-00237d5bf174"
                identifierName="CMS68DocumentationOfCurrentMedicationsQDM"
                root="https://madie.cms.gov/libraries"/>
         <versionNumber value="15.0.000"/>
      </expressionDocument>
   </relatedDocument>
   <relatedDocument typeCode="COMP">
      <expressionDocument>
         <id root="55a32e1b-16d3-4c8f-a157-b77f5d2d2a96"/>
         <text mediaType="text/cql">
            <reference value="https://madie.cms.gov/libraries/55a32e1b-16d3-4c8f-a157-b77f5d2d2a96/CQMCommonQDM-9.0.000.cql"/>
            <translation mediaType="application/elm+xml">
               <reference value="https://madie.cms.gov/libraries/55a32e1b-16d3-4c8f-a157-b77f5d2d2a96/CQMCommonQDM-9.0.000.xml"/>
            </translation>
            <translation mediaType="application/elm+json">
               <reference value="https://madie.cms.gov/libraries/55a32e1b-16d3-4c8f-a157-b77f5d2d2a96/CQMCommonQDM-9.0.000.json"/>
            </translation>
         </text>
         <setId extension="55a32e1b-16d3-4c8f-a157-b77f5d2d2a96"
                identifierName="CQMCommonQDM"
                root="https://madie.cms.gov/libraries"/>
         <versionNumber value="9.0.000"/>
      </expressionDocument>
   </relatedDocument>
   <controlVariable>
      <measurePeriod>
         <id extension="measureperiod" root="e911fb21-a9d4-40e2-a50f-dac129d758ac"/>
         <code code="MSRTP" codeSystem="2.16.840.1.113883.5.4">
            <originalText value="Measurement Period"/>
         </code>
         <value highClosed="false" lowClosed="true" xsi:type="IVL_TS">
            <low value="20260101"/>
            <high value="20270101"/>
         </value>
      </measurePeriod>
   </controlVariable>
   <subjectOf>
      <measureAttribute>
         <code nullFlavor="OTH">
            <originalText value="CMS ID"/>
         </code>
         <value mediaType="text/plain" value="68" xsi:type="ED"/>
      </measureAttribute>
   </subjectOf>
   <subjectOf>
      <measureAttribute>
         <code nullFlavor="OTH">
            <originalText value="CBE Number"/>
         </code>
         <value mediaType="text/plain" value="Not Applicable" xsi:type="ED"/>
      </measureAttribute>
   </subjectOf>
   <subjectOf>
      <measureAttribute>
         <code code="COPY" codeSystem="2.16.840.1.113883.5.4">
            <displayName value="Copyright"/>
         </code>
         <value mediaType="text/plain"
                value="This electronic clinical quality measure (Measure) and related data specifications are owned and stewarded by the Centers for Medicare &amp; Medicaid Services (CMS). CMS contracted (Contract # 75FCMC18D0027/ Task Order #: 75FCMC24F0144) with the American Institutes for Research (AIR) to develop this electronic measure. AIR is not responsible for any use of the Measure. AIR makes no representations, warranties, or endorsement about the quality of any organization or physician that uses or reports performance measures and AIR has no liability to anyone who relies on such measures or specifications. Limited proprietary coding is contained in the Measure specifications for user convenience. Users of proprietary code sets should obtain all necessary licenses from the owners of the code sets. AIR disclaims all liability for use or accuracy of any third-party codes contained in the specifications. CPT(R) contained in the Measure specifications is copyright 2004-2024 American Medical Association. LOINC(R) copyright 2004-2024 Regenstrief Institute, Inc. This material contains SNOMED Clinical Terms(R) (SNOMED CT[R]) copyright 2004-2024 International Health Terminology Standards Development Organisation."
                xsi:type="ED"/>
      </measureAttribute>
   </subjectOf>
   <subjectOf>
      <measureAttribute>
         <code code="DISC" codeSystem="2.16.840.1.113883.5.4">
            <displayName value="Disclaimer"/>
         </code>
         <value mediaType="text/plain"
                value="This performance Measure is not a clinical guideline, does not establish a standard of medical care, and has not been tested for all potential applications. THE MEASURE AND SPECIFICATIONS ARE PROVIDED &quot;AS IS&quot; WITHOUT WARRANTY OF ANY KIND. Due to technical limitations, registered trademarks are indicated by (R) or [R] and unregistered trademarks are indicated by (TM) or [TM]."
                xsi:type="ED"/>
      </measureAttribute>
   </subjectOf>
   <subjectOf>
      <measureAttribute>
         <code code="MSRSCORE" codeSystem="2.16.840.1.113883.5.4">
            <displayName value="Measure Scoring"/>
         </code>
         <value code="PROPOR" codeSystem="2.16.840.1.113883.5.1063" xsi:type="CD">
            <displayName value="Proportion"/>
         </value>
      </measureAttribute>
   </subjectOf>
   <subjectOf>
      <measureAttribute>
         <code code="MSRTYPE" codeSystem="2.16.840.1.113883.5.4">
            <displayName value="Measure Type"/>
         </code>
         <value code="PROCESS" codeSystem="2.16.840.1.113883.5.1063" xsi:type="CD">
            <displayName value="Process"/>
         </value>
      </measureAttribute>
   </subjectOf>
   <subjectOf>
      <measureAttribute>
         <code code="STRAT" codeSystem="2.16.840.1.113883.5.4">
            <displayName value="Stratification"/>
         </code>
         <value mediaType="text/plain" value="None" xsi:type="ED"/>
      </measureAttribute>
   </subjectOf>
   <subjectOf>
      <measureAttribute>
         <code code="MSRADJ" codeSystem="2.16.840.1.113883.5.4">
            <displayName value="Risk Adjustment"/>
         </code>
         <value mediaType="text/plain" value="None" xsi:type="ED"/>
      </measureAttribute>
   </subjectOf>
   <subjectOf>
      <measureAttribute>
         <code code="MSRAGG" codeSystem="2.16.840.1.113883.5.4">
            <displayName value="Rate Aggregation"/>
         </code>
         <value mediaType="text/plain" value="None" xsi:type="ED"/>
      </measureAttribute>
   </subjectOf>
   <subjectOf>
      <measureAttribute>
         <code code="RAT" codeSystem="2.16.840.1.113883.5.4">
            <displayName value="Rationale"/>
         </code>
         <value mediaType="text/plain"
                value="According to the National Center for Health Statistics, during the years of 2013-2016, 48.4% of patients (both male and female) were prescribed at least one prescription medication with 12.6% taking 5 or more medications. Additionally, 89.8% of patients (both male and female) aged 65 years and older were prescribed at least one medication with 40.9% taking 5 or more medications (2018). In this context, maintaining an accurate and complete medication list has proven to be a challenging documentation endeavor for various health care provider settings. While most of outpatient encounters (two-thirds) result in providers prescribing at least one medication, hospitals have been the focus of medication safety efforts (Stock, Scott, &amp; Gurtel, 2009). Nassaralla, Naessens, Chaudhry, Hansen, and Scheitel (2007) caution that this is at odds with the current trend, where patients with chronic illnesses are increasingly being treated in the outpatient setting and require careful monitoring of multiple medications. Additionally, Nassaralla et al. (2007) reveal that it is in fact in outpatient settings where more fatal adverse drug events (ADE) occur when these are compared to those occurring in hospitals (1 of 131 outpatient deaths compared to 1 in 854 inpatient deaths). In the outpatient setting, ADEs occur 25% of the time and over one-third of these are considered preventable (Tache, Sonnichsen, &amp; Ashcroft, 2011). Particularly vulnerable are patients over 65 years, with evidence suggesting that the rate of ADEs per 10,000 person per year increases with age; 25-44 years old at 1.3; 45-64 at 2.2, and 65 + at 3.8 (Sarkar, López, Maselli, &amp; Gonzales, 2011). Other vulnerable groups include individuals who are chronically ill or disabled (Nabhanizadeh, Oppewal, Boot, &amp; Maes-Festen, 2019). These population groups are more likely to experience ADEs and subsequent hospitalization. A multiplicity of providers and inadequate care coordination among them has been identified as barriers to collecting complete and reliable medication records. A study conducted by Poornima et al. (2015) indicates that reconciliation and documentation continue to be poorly executed with discrepancies occurring in 92% of patients (74 of 80) admitted to the emergency room. Of 80 patients included in the study, the home medications were reordered for 65% of patients on their admission. Of the 65%, 29% had a change in their dosing interval, while 23% had a change in their route of administration, and 13% had a change in dose. A total of 361 medication discrepancies, or the difference between the medications patients were taking before admission and those listed in their admission orders, were identified in at least 74 patients. The study found that &quot;Through an appropriate reconciliation programme, around 80% of errors relating to medication and the potential harm caused by these errors could be reduced&quot; (Poornima et al., 2015). Presley et al. (2020) also recognized specific barriers to sufficient medication documentation and reconciliation in rural and resource-limited care settings. Documentation of current medications in the medical record facilitates the process of medication review and reconciliation by the provider, which is necessary for reducing ADEs and promoting medication safety. The need for provider to provider coordination regarding medication records, and the existing gap in implementation, is highlighted in the American Medical Association's Physician's Role in Medication Reconciliation, which states that &quot;critical patient information, including medical and medication histories, current medications the patient is receiving and taking, and sources of medications, is essential to the delivery of safe medical care. However, interruptions in the continuity of care and information gaps in patient health records are common and significantly affect patient outcomes&quot; (2007). This is because clinical decisions based on information that is incomplete and/or inaccurate are likely to lead to medication error and ADEs. Weeks, Corbette, and Stream (2010) noted similar barriers and identified the utilization of health information technology as an opportunity for facilitating the creation of universal medication lists. One 2015 meta-analysis showed an association between electronic health record (EHR) documentation with an overall risk ratio (RR) of 0.46 (95% CI = 0.38 to 0.55; P &lt; 0.001) and ADEs with an overall RR of 0.66 (95% CI = 0.44 to 0.99; P = 0.045). This meta-analysis provides evidence that the use of the EHR can improve the quality of healthcare delivered to patients by reducing medication errors and ADEs (Campanella et al., 2016)."
                xsi:type="ED"/>
      </measureAttribute>
   </subjectOf>
   <subjectOf>
      <measureAttribute>
         <code code="CRS" codeSystem="2.16.840.1.113883.5.4">
            <displayName value="Clinical Recommendation Statement"/>
         </code>
         <value mediaType="text/plain"
                value="The Joint Commission's 2023 Ambulatory Health Care National Patient Safety Goals guide clinicians to maintain and communicate accurate patient medication information (2023). Specifically, the section NPSG.03.06.01 &quot;Maintain and communicate accurate patient medication information&quot; states the following: &quot;Obtain and/or update information on the medications the patient is currently taking. This information is documented in a list or other format that is useful to those who manage medication. Compare the medication information the patient brought to the organization with the medications ordered for the patient by the organization in order to identify and resolve discrepancies.” The Joint Commission's 2023 Hospital National Patient Safety Goals also addressed documenting current medications (2023). Specifically, the section NPSG.03.06.01 &quot;Maintain and communicate accurate patient information&quot; states the following: &quot;Obtain information on the medications the patient is currently taking when they are admitted to the hospital or is seen in an outpatient setting. This information is documented in a list or other format that is useful to those who manage medications.&quot; The National Quality Forum's Safe Practices for Better Healthcare (2010), states the following: &quot;The healthcare organization must develop, reconcile, and communicate an accurate patient medication list throughout the continuum of care.&quot;"
                xsi:type="ED"/>
      </measureAttribute>
   </subjectOf>
   <subjectOf>
      <measureAttribute>
         <code code="IDUR" codeSystem="2.16.840.1.113883.5.4">
            <displayName value="Improvement Notation"/>
         </code>
         <value mediaType="text/plain"
                value="Higher score indicates better quality"
                xsi:type="ED"/>
      </measureAttribute>
   </subjectOf>
   <subjectOf>
      <measureAttribute>
         <code code="REF" codeSystem="2.16.840.1.113883.5.4">
            <displayName value="Reference"/>
         </code>
         <value mediaType="text/plain"
                value="CITATION American Medical Association. (2007). The physician’s role in medication reconciliation: Issues, strategies, and safety principles. http://www.doctutor.es/wp-content/uploads/2013/09/med-rec-monograph.pdf."
                xsi:type="ED"/>
      </measureAttribute>
   </subjectOf>
   <subjectOf>
      <measureAttribute>
         <code code="REF" codeSystem="2.16.840.1.113883.5.4">
            <displayName value="Reference"/>
         </code>
         <value mediaType="text/plain"
                value="CITATION Campanella, P., Lovato, E., Marone, C., Fallacara, L., Mancuso, A., Ricciardi, W., &amp; Specchia, M. L. (2016). The impact of electronic health records on health care quality: A systematic review and meta-analysis. European Journal of Public Health, 26(1), 60-64. https://doi.org/10.1093/eurpub/ckv122"
                xsi:type="ED"/>
      </measureAttribute>
   </subjectOf>
   <subjectOf>
      <measureAttribute>
         <code code="REF" codeSystem="2.16.840.1.113883.5.4">
            <displayName value="Reference"/>
         </code>
         <value mediaType="text/plain"
                value="CITATION Nabhanizadeh, A., Oppewal, A., Boot, F. H., &amp; Maes-Festen, D. (2019). Effectiveness of medication reviews in identifying and reducing medication-related problems among people with intellectual disabilities: A systematic review. Journal of Applied Research in Intellectual Disabilities, 32(4), 750–761. https://doi.org/10.1111/jar.12580"
                xsi:type="ED"/>
      </measureAttribute>
   </subjectOf>
   <subjectOf>
      <measureAttribute>
         <code code="REF" codeSystem="2.16.840.1.113883.5.4">
            <displayName value="Reference"/>
         </code>
         <value mediaType="text/plain"
                value="CITATION Nassaralla, C. L., Naessens, J. M., Chaudhry, R., Hansen, M. A., &amp; Scheitel, S. M. (2007). Implementation of a medication reconciliation process in an ambulatory internal medicine clinic. Quality and Safety in Health Care, 16(2), 90-94. http://doi.org/10.1136/qshc.2006.021113"
                xsi:type="ED"/>
      </measureAttribute>
   </subjectOf>
   <subjectOf>
      <measureAttribute>
         <code code="REF" codeSystem="2.16.840.1.113883.5.4">
            <displayName value="Reference"/>
         </code>
         <value mediaType="text/plain"
                value="CITATION National Center for Health Statistics. (2018). Health, United States, 2018: Supplementary Table 38. Prescription drug use in the past 30 days, by sex, race and Hispanic origin, and age: United States, selected years 1988–1994 through 2013–2016. https://www.cdc.gov/nchs/data/hus/2018/038.pdf"
                xsi:type="ED"/>
      </measureAttribute>
   </subjectOf>
   <subjectOf>
      <measureAttribute>
         <code code="REF" codeSystem="2.16.840.1.113883.5.4">
            <displayName value="Reference"/>
         </code>
         <value mediaType="text/plain"
                value="CITATION National Quality Forum. (2010). Safe practices for better healthcare - 2010 update. https://www.qualityforum.org/publications/2010/04/safe_practices_for_better_healthcare_%E2%80%93_2010_update.aspx"
                xsi:type="ED"/>
      </measureAttribute>
   </subjectOf>
   <subjectOf>
      <measureAttribute>
         <code code="REF" codeSystem="2.16.840.1.113883.5.4">
            <displayName value="Reference"/>
         </code>
         <value mediaType="text/plain"
                value="CITATION Poornima, P., Reshma, P., Ramakrishnan, T. V., Rani, N. V., Devi, G. S., Seshadri, P. (2015). Medication reconciliation and medication error prevention in an emergency department of a tertiary care hospital. Journal of Young Pharmacists, 7(3), 241-249. https://www.jyoungpharm.org/sites/default/files/JYP_7_3_15.pdf"
                xsi:type="ED"/>
      </measureAttribute>
   </subjectOf>
   <subjectOf>
      <measureAttribute>
         <code code="REF" codeSystem="2.16.840.1.113883.5.4">
            <displayName value="Reference"/>
         </code>
         <value mediaType="text/plain"
                value="CITATION Presley, C. A., Wooldridge, K. T., Byerly, S. H., Aylor, A. R., Kaboli, P. J., Roumie, C. L., Schnipper, J. L., Dittus, R. S., Mixon, A. S. (2020). The Rural VA Multi-Center Medication Reconciliation Quality Improvement Study (R-VA-MARQUIS). American Journal of Health-System Pharmacy, 77, 128-137. https://doi.org/10.1093/ajhp/zxz275"
                xsi:type="ED"/>
      </measureAttribute>
   </subjectOf>
   <subjectOf>
      <measureAttribute>
         <code code="REF" codeSystem="2.16.840.1.113883.5.4">
            <displayName value="Reference"/>
         </code>
         <value mediaType="text/plain"
                value="CITATION Sarkar, U., López, A., Maselli, J. H., Gonzales, R. (2011). Adverse drug events in U.S. adult ambulatory medical care. Health Services Research, 46(5), 1517-1533. http://doi.org/10.1111/j.1475-6773.2011.01269.x"
                xsi:type="ED"/>
      </measureAttribute>
   </subjectOf>
   <subjectOf>
      <measureAttribute>
         <code code="REF" codeSystem="2.16.840.1.113883.5.4">
            <displayName value="Reference"/>
         </code>
         <value mediaType="text/plain"
                value="CITATION Stock, R., Scott, J., &amp; Gurtel, S. (2009). Using an electronic prescribing system to ensure accurate medication lists in a large multidisciplinary medical group. The Joint Commission Journal on Quality and Patient Safety, 35(5), 271-277"
                xsi:type="ED"/>
      </measureAttribute>
   </subjectOf>
   <subjectOf>
      <measureAttribute>
         <code code="REF" codeSystem="2.16.840.1.113883.5.4">
            <displayName value="Reference"/>
         </code>
         <value mediaType="text/plain"
                value="CITATION Tache, S. V., Sonnichsen, A., &amp; Ashcroft, D. M. (2011). Prevalence of adverse drug events in ambulatory care: A systematic review. The Annals of Pharmacotherapy, 45(7-8), 977-989. http://doi.org/10.1345/aph.1P627"
                xsi:type="ED"/>
      </measureAttribute>
   </subjectOf>
   <subjectOf>
      <measureAttribute>
         <code code="REF" codeSystem="2.16.840.1.113883.5.4">
            <displayName value="Reference"/>
         </code>
         <value mediaType="text/plain"
                value="CITATION The Joint Commission. (2023). Ambulatory Health Care: 2023 National Patient Safety Goals. https://www.jointcommission.org/-/media/tjc/documents/standards/national-patient-safety-goals/2023/npsg_chapter_ahc_jul2023.pdf"
                xsi:type="ED"/>
      </measureAttribute>
   </subjectOf>
   <subjectOf>
      <measureAttribute>
         <code code="REF" codeSystem="2.16.840.1.113883.5.4">
            <displayName value="Reference"/>
         </code>
         <value mediaType="text/plain"
                value="CITATION The Joint Commission. (2023). Hospital: 2023 National Patient Safety Goals. https://www.jointcommission.org/-/media/tjc/documents/standards/national-patient-safety-goals/2023/npsg_chapter_hap_jul2023.pdf"
                xsi:type="ED"/>
      </measureAttribute>
   </subjectOf>
   <subjectOf>
      <measureAttribute>
         <code code="REF" codeSystem="2.16.840.1.113883.5.4">
            <displayName value="Reference"/>
         </code>
         <value mediaType="text/plain"
                value="CITATION Weeks, D. L., Corbette, C. F., &amp; Stream, G. (2010). Beliefs of ambulatory care physicians about accuracy of patient medication records and technology-enhanced solutions to improve accuracy. Journal for Healthcare Quality, 32(5), 12-21. http://doi.org/10.1111/j.1945-1474.2010.00097.x"
                xsi:type="ED"/>
      </measureAttribute>
   </subjectOf>
   <subjectOf>
      <measureAttribute>
         <code code="DEF" codeSystem="2.16.840.1.113883.5.4">
            <displayName value="Definition"/>
         </code>
         <value mediaType="text/plain"
                value="Current Medications: Medications the patient is presently taking including all prescriptions, over-the-counter products, herbals, vitamins, minerals, dietary (nutritional) supplements, and cannabis/cannabidiol (CBD) products with each medication's name, dosage, frequency and administered route. Encounter to Document Medications: An encounter performed during the measurement period where medications should be reviewed. Route: Documentation of the way the medication enters the body (some examples include but are not limited to: oral, sublingual, subcutaneous injections, and/or topical)."
                xsi:type="ED"/>
      </measureAttribute>
   </subjectOf>
   <subjectOf>
      <measureAttribute>
         <code code="GUIDE" codeSystem="2.16.840.1.113883.5.4">
            <displayName value="Guidance"/>
         </code>
         <value mediaType="text/plain"
                value="This eCQM is an episode-based measure. An episode is defined as each eligible encounter during the measurement period. This measure is to be reported for every eligible encounter during the measurement period. Eligible clinicians reporting this measure may document medication information received from the patient, authorized representative(s), caregiver(s) or other available healthcare resources. By reporting the action described in this measure, the provider attests to having documented a list of current medications utilizing all immediate resources available on the day of the encounter. This list must include all known prescriptions, over-the-counter products, herbals, vitamins, minerals, dietary (nutritional) supplements, cannabis/cannabidiol (CBD) products AND must contain the medications' name, dosage, frequency and route of administration. This measure should also be reported if the eligible clinician documented the patient is not currently taking any medications. This version of the eCQM uses QDM version 5.6. Please refer to the eCQI resource center (https://ecqi.healthit.gov/qdm) for more information on the QDM."
                xsi:type="ED"/>
      </measureAttribute>
   </subjectOf>
   <subjectOf>
      <measureAttribute>
         <code code="TRANF" codeSystem="2.16.840.1.113883.5.4">
            <displayName value="Transmission Format"/>
         </code>
         <value mediaType="text/plain" value="TBD" xsi:type="ED"/>
      </measureAttribute>
   </subjectOf>
   <subjectOf>
      <measureAttribute>
         <code code="IPOP" codeSystem="2.16.840.1.113883.5.4">
            <displayName value="Initial Population"/>
         </code>
         <value mediaType="text/plain"
                value="All visits occurring during the 12-month measurement period"
                xsi:type="ED"/>
      </measureAttribute>
   </subjectOf>
   <subjectOf>
      <measureAttribute>
         <code code="DENOM" codeSystem="2.16.840.1.113883.5.4">
            <displayName value="Denominator"/>
         </code>
         <value mediaType="text/plain"
                value="Equals Initial Population"
                xsi:type="ED"/>
      </measureAttribute>
   </subjectOf>
   <subjectOf>
      <measureAttribute>
         <code code="DENEX" codeSystem="2.16.840.1.113883.5.4">
            <displayName value="Denominator Exclusions"/>
         </code>
         <value mediaType="text/plain" value="None" xsi:type="ED"/>
      </measureAttribute>
   </subjectOf>
   <subjectOf>
      <measureAttribute>
         <code code="NUMER" codeSystem="2.16.840.1.113883.5.4">
            <displayName value="Numerator"/>
         </code>
         <value mediaType="text/plain"
                value="Eligible clinician attests to documenting, updating, or reviewing the patient's current medications using all immediate resources available on the date of the encounter"
                xsi:type="ED"/>
      </measureAttribute>
   </subjectOf>
   <subjectOf>
      <measureAttribute>
         <code code="NUMEX" codeSystem="2.16.840.1.113883.5.4">
            <displayName value="Numerator Exclusions"/>
         </code>
         <value mediaType="text/plain" value="None" xsi:type="ED"/>
      </measureAttribute>
   </subjectOf>
   <subjectOf>
      <measureAttribute>
         <code code="DENEXCEP" codeSystem="2.16.840.1.113883.5.4">
            <displayName value="Denominator Exceptions"/>
         </code>
         <value mediaType="text/plain"
                value="Documentation of an acute health crisis where time is of the essence and delay of treatment would jeopardize the patient's health status"
                xsi:type="ED"/>
      </measureAttribute>
   </subjectOf>
   <subjectOf>
      <measureAttribute>
         <code code="SDE" codeSystem="2.16.840.1.113883.5.4">
            <displayName value="Supplemental Data Elements"/>
         </code>
         <value mediaType="text/plain"
                value="For every patient evaluated by this measure also identify payer, race, ethnicity and sex"
                xsi:type="ED"/>
      </measureAttribute>
   </subjectOf>
   <componentOf>
      <qualityMeasureSet classCode="ACT">
         <id root="9a032d9c-3d9b-11e1-8634-00237d5bf174"/>
         <title value="CLINICAL QUALITY MEASURE SET"/>
      </qualityMeasureSet>
   </componentOf>
   <!--Data Criteria Section-->
   <component>
      <dataCriteriaSection>
         <templateId>
            <item extension="2021-02-01" root="2.16.840.1.113883.10.20.28.2.6"/>
         </templateId>
         <code code="57025-9" codeSystem="2.16.840.1.113883.6.1"/>
         <title value="Data Criteria Section"/>
         <text/>
         <entry typeCode="DRIV">
            <localVariableName value="Ethnicity_PatientCharacteristicEthnicity_r2Pld"/>
            <observationCriteria classCode="OBS" moodCode="EVN">
               <templateId>
                  <item extension="2017-05-01" root="2.16.840.1.113883.10.20.28.4.56"/>
               </templateId>
               <id extension="Ethnicity_PatientCharacteristicEthnicity"
                   root="ccffd6e7-041e-4de9-b311-f021c29e0e4c"/>
               <code code="54133-4"
                     codeSystem="2.16.840.1.113883.6.1"
                     codeSystemName="LOINC">
                  <displayName value="Ethnicity"/>
               </code>
               <title value="Patient Characteristic Ethnicity"/>
               <statusCode code="COMPLETED"/>
               <value valueSet="2.16.840.1.114222.4.11.837" xsi:type="CD"/>
            </observationCriteria>
         </entry>
         <entry typeCode="DRIV">
            <localVariableName value="Race_PatientCharacteristicRace_TFJod"/>
            <observationCriteria classCode="OBS" moodCode="EVN">
               <templateId>
                  <item extension="2017-05-01" root="2.16.840.1.113883.10.20.28.4.59"/>
               </templateId>
               <id extension="Race_PatientCharacteristicRace"
                   root="50ebaa86-1b0b-4271-84fa-613c23297df8"/>
               <code code="32624-9"
                     codeSystem="2.16.840.1.113883.6.1"
                     codeSystemName="LOINC">
                  <displayName value="Race"/>
               </code>
               <title value="Patient Characteristic Race"/>
               <statusCode code="COMPLETED"/>
               <value valueSet="2.16.840.1.114222.4.11.836" xsi:type="CD"/>
            </observationCriteria>
         </entry>
         <entry typeCode="DRIV">
            <localVariableName value="PayerType_PatientCharacteristicPayer_SuuTR"/>
            <observationCriteria classCode="OBS" moodCode="EVN">
               <templateId>
                  <item extension="2017-05-01" root="2.16.840.1.113883.10.20.28.4.58"/>
               </templateId>
               <id extension="PayerType_PatientCharacteristicPayer"
                   root="8b5aa7ec-9ddd-489b-b017-fe599b140bda"/>
               <code code="48768-6"
                     codeSystem="2.16.840.1.113883.6.1"
                     codeSystemName="LOINC">
                  <displayName value="Payer Type"/>
               </code>
               <title value="Patient Characteristic Payer"/>
               <statusCode code="COMPLETED"/>
               <value valueSet="2.16.840.1.114222.4.11.3591" xsi:type="CD"/>
            </observationCriteria>
         </entry>
         <entry typeCode="DRIV">
            <localVariableName value="FederalAdministrativeSex_PatientCharacteristicSex_O2gzV"/>
            <observationCriteria classCode="OBS" moodCode="EVN">
               <templateId>
                  <item extension="2017-05-01" root="2.16.840.1.113883.10.20.28.4.55"/>
               </templateId>
               <id extension="FederalAdministrativeSex_PatientCharacteristicSex"
                   root="8144506f-918c-4c42-98d4-71b35de411f5"/>
               <code code="263495000"
                     codeSystem="2.16.840.1.113883.6.96"
                     codeSystemName="SNOMED CT">
                  <displayName value="Gender"/>
               </code>
               <title value="Patient Characteristic Sex"/>
               <statusCode code="COMPLETED"/>
               <value valueSet="2.16.840.1.113762.1.4.1021.121" xsi:type="CD"/>
            </observationCriteria>
         </entry>
         <entry typeCode="DRIV">
            <localVariableName value="EncountertoDocumentMedications_EncounterPerformed_mubGH"/>
            <encounterCriteria classCode="ENC" moodCode="EVN">
               <templateId>
                  <item extension="2021-02-01" root="2.16.840.1.113883.10.20.28.4.5"/>
               </templateId>
               <id extension="EncountertoDocumentMedications_EncounterPerformed"
                   root="af20113b-299c-4a41-a53c-bc507b911678"/>
               <code valueSet="2.16.840.1.113883.3.600.1.1834"/>
               <title value="Encounter, Performed"/>
               <statusCode code="COMPLETED"/>
            </encounterCriteria>
         </entry>
         <entry typeCode="DRIV">
            <procedureCriteria actionNegationInd="TRUE" classCode="PROC" moodCode="EVN">
               <templateId>
                  <item extension="2021-02-01" root="2.16.840.1.113883.10.20.28.4.67"/>
               </templateId>
               <id extension="428191000124101_ProcedureNotPerformed"
                   root="0616765e-7fe5-44ee-acac-8697a32d27d8"/>
               <code code="428191000124101"
                     codeSystem="2.16.840.1.113883.6.96"
                     codeSystemName="SNOMEDCT"/>
               <title value="Procedure, Not Performed"/>
               <statusCode code="COMPLETED"/>
            </procedureCriteria>
         </entry>
         <entry typeCode="DRIV">
            <actCriteria classCode="ACT" moodCode="EVN">
               <templateId>
                  <item extension="2021-02-01" root="2.16.840.1.113883.10.20.28.4.36"/>
               </templateId>
               <id extension="428191000124101_InterventionPerformed"
                   root="00979e48-416e-498c-b3c1-385b5feb80b6"/>
               <code code="428191000124101"
                     codeSystem="2.16.840.1.113883.6.96"
                     codeSystemName="SNOMEDCT"/>
               <title value="Intervention, Performed"/>
               <statusCode code="COMPLETED"/>
            </actCriteria>
         </entry>
         <entry typeCode="DRIV">
            <procedureCriteria classCode="PROC" moodCode="EVN">
               <templateId>
                  <item extension="2021-02-01" root="2.16.840.1.113883.10.20.28.4.67"/>
               </templateId>
               <id extension="428191000124101_ProcedurePerformed"
                   root="f9eed0e9-bb85-44c0-9996-3f34aafb6c00"/>
               <code code="428191000124101"
                     codeSystem="2.16.840.1.113883.6.96"
                     codeSystemName="SNOMEDCT"/>
               <title value="Procedure, Performed"/>
               <statusCode code="COMPLETED"/>
            </procedureCriteria>
         </entry>
         <entry typeCode="DRIV">
            <actCriteria actionNegationInd="TRUE" classCode="ACT" moodCode="EVN">
               <templateId>
                  <item extension="2021-02-01" root="2.16.840.1.113883.10.20.28.4.36"/>
               </templateId>
               <id extension="428191000124101_InterventionNotPerformed"
                   root="957a65fd-4f02-4d53-ab92-e2230a64b51c"/>
               <code code="428191000124101"
                     codeSystem="2.16.840.1.113883.6.96"
                     codeSystemName="SNOMEDCT"/>
               <title value="Intervention, Not Performed"/>
               <statusCode code="COMPLETED"/>
            </actCriteria>
         </entry>
      </dataCriteriaSection>
   </component>
   <component>
      <populationCriteriaSection>
         <templateId>
            <item extension="2017-08-01" root="2.16.840.1.113883.10.20.28.2.7"/>
         </templateId>
         <id extension="PopulationCriteria1"
             root="a736403a-7c21-466b-a9b9-19eecda3138f"/>
         <code code="57026-7" codeSystem="2.16.840.1.113883.6.1"/>
         <title value="Population Criteria Section"/>
         <text/>
         <component typeCode="COMP">
            <initialPopulationCriteria classCode="OBS" moodCode="EVN">
               <id extension="initialPopulation"
                   root="F63CAC5B-9592-4E1E-82EE-739A66D86CC9"/>
               <code code="IPOP"
                     codeSystem="2.16.840.1.113883.5.4"
                     codeSystemName="Act Code"/>
               <precondition typeCode="PRCN">
                  <criteriaReference classCode="OBS" moodCode="EVN">
                     <id extension="CMS68DocumentationOfCurrentMedicationsQDM.&quot;Initial Population&quot;"
                         root="7fbd02b1-2975-49aa-b647-a2d937e2c05d"/>
                  </criteriaReference>
               </precondition>
            </initialPopulationCriteria>
         </component>
         <component typeCode="COMP">
            <denominatorCriteria classCode="OBS" moodCode="EVN">
               <id extension="denominator" root="0B529CD7-00FB-4CAE-8B1F-B31DE4BB7E40"/>
               <code code="DENOM"
                     codeSystem="2.16.840.1.113883.5.4"
                     codeSystemName="Act Code"/>
               <precondition typeCode="PRCN">
                  <criteriaReference classCode="OBS" moodCode="EVN">
                     <id extension="CMS68DocumentationOfCurrentMedicationsQDM.&quot;Denominator&quot;"
                         root="7fbd02b1-2975-49aa-b647-a2d937e2c05d"/>
                  </criteriaReference>
               </precondition>
            </denominatorCriteria>
         </component>
         <component typeCode="COMP">
            <numeratorCriteria classCode="OBS" moodCode="EVN">
               <id extension="numerator" root="C2A96F40-F8F6-47B3-AEE5-157F101D3E6E"/>
               <code code="NUMER"
                     codeSystem="2.16.840.1.113883.5.4"
                     codeSystemName="Act Code"/>
               <precondition typeCode="PRCN">
                  <criteriaReference classCode="OBS" moodCode="EVN">
                     <id extension="CMS68DocumentationOfCurrentMedicationsQDM.&quot;Numerator&quot;"
                         root="7fbd02b1-2975-49aa-b647-a2d937e2c05d"/>
                  </criteriaReference>
               </precondition>
            </numeratorCriteria>
         </component>
         <component typeCode="COMP">
            <denominatorExceptionCriteria classCode="OBS" moodCode="EVN">
               <id extension="denominatorExceptions"
                   root="56553A64-494A-472D-905E-78D1CB7A011A"/>
               <code code="DENEXCEP"
                     codeSystem="2.16.840.1.113883.5.4"
                     codeSystemName="Act Code"/>
               <precondition typeCode="PRCN">
                  <criteriaReference classCode="OBS" moodCode="EVN">
                     <id extension="CMS68DocumentationOfCurrentMedicationsQDM.&quot;Denominator Exceptions&quot;"
                         root="7fbd02b1-2975-49aa-b647-a2d937e2c05d"/>
                  </criteriaReference>
               </precondition>
            </denominatorExceptionCriteria>
         </component>
         <component typeCode="COMP">
            <cql-ext:supplementalDataElement>
               <id extension="Supplemental Data Elements"
                   root="686a1bff-3b27-4e57-8630-35ccd4d5ade9"/>
               <code code="SDE"
                     codeSystem="2.16.840.1.113883.5.4"
                     codeSystemName="Act Code"/>
               <precondition typeCode="PRCN">
                  <criteriaReference classCode="OBS" moodCode="EVN">
                     <id extension="CMS68DocumentationOfCurrentMedicationsQDM.&quot;SDE Sex&quot;"
                         root="7fbd02b1-2975-49aa-b647-a2d937e2c05d"/>
                  </criteriaReference>
               </precondition>
            </cql-ext:supplementalDataElement>
         </component>
         <component typeCode="COMP">
            <cql-ext:supplementalDataElement>
               <id extension="Supplemental Data Elements"
                   root="64a8dab2-a588-4e0c-b95c-86dff0c51a04"/>
               <code code="SDE"
                     codeSystem="2.16.840.1.113883.5.4"
                     codeSystemName="Act Code"/>
               <precondition typeCode="PRCN">
                  <criteriaReference classCode="OBS" moodCode="EVN">
                     <id extension="CMS68DocumentationOfCurrentMedicationsQDM.&quot;SDE Race&quot;"
                         root="7fbd02b1-2975-49aa-b647-a2d937e2c05d"/>
                  </criteriaReference>
               </precondition>
            </cql-ext:supplementalDataElement>
         </component>
         <component typeCode="COMP">
            <cql-ext:supplementalDataElement>
               <id extension="Supplemental Data Elements"
                   root="1d3d2e1b-9dea-49cd-9ecd-a88edbe1fb22"/>
               <code code="SDE"
                     codeSystem="2.16.840.1.113883.5.4"
                     codeSystemName="Act Code"/>
               <precondition typeCode="PRCN">
                  <criteriaReference classCode="OBS" moodCode="EVN">
                     <id extension="CMS68DocumentationOfCurrentMedicationsQDM.&quot;SDE Ethnicity&quot;"
                         root="7fbd02b1-2975-49aa-b647-a2d937e2c05d"/>
                  </criteriaReference>
               </precondition>
            </cql-ext:supplementalDataElement>
         </component>
         <component typeCode="COMP">
            <cql-ext:supplementalDataElement>
               <id extension="Supplemental Data Elements"
                   root="7a575ddd-b1a8-41ac-a427-25e4a22a8154"/>
               <code code="SDE"
                     codeSystem="2.16.840.1.113883.5.4"
                     codeSystemName="Act Code"/>
               <precondition typeCode="PRCN">
                  <criteriaReference classCode="OBS" moodCode="EVN">
                     <id extension="CMS68DocumentationOfCurrentMedicationsQDM.&quot;SDE Payer&quot;"
                         root="7fbd02b1-2975-49aa-b647-a2d937e2c05d"/>
                  </criteriaReference>
               </precondition>
            </cql-ext:supplementalDataElement>
         </component>
      </populationCriteriaSection>
   </component>
</QualityMeasureDocument>
