<?xml version="1.0" encoding="UTF-8"?>
<library xmlns="urn:hl7-org:elm:r1" xmlns:t="urn:hl7-org:elm-types:r1" xmlns:xsi="http://www.w3.org/2001/XMLSchema-instance" xmlns:xsd="http://www.w3.org/2001/XMLSchema" xmlns:fhir="http://hl7.org/fhir" xmlns:qdm43="urn:healthit-gov:qdm:v4_3" xmlns:qdm53="urn:healthit-gov:qdm:v5_3" xmlns:a="urn:hl7-org:cql-annotations:r1">
   <annotation translatorOptions="EnableAnnotations,EnableLocators,DisableListDemotion,DisableListPromotion,DisableMethodInvocation" xsi:type="a:CqlToElmInfo"/>
   <annotation xsi:type="a:Annotation">
      <a:s r="239">
         <a:s>library PCMaternalQDM version '4.0.000'</a:s>
      </a:s>
   </annotation>
   <identifier id="PCMaternalQDM" version="4.0.000"/>
   <schemaIdentifier id="urn:hl7-org:elm" version="r1"/>
   <usings>
      <def localIdentifier="System" uri="urn:hl7-org:elm-types:r1"/>
      <def localId="1" locator="3:1-3:23" localIdentifier="QDM" uri="urn:healthit-gov:qdm:v5_6" version="5.6">
         <annotation xsi:type="a:Annotation">
            <a:s r="1">
               <a:s>using </a:s>
               <a:s>
                  <a:s>QDM</a:s>
               </a:s>
               <a:s> version '5.6'</a:s>
            </a:s>
         </annotation>
      </def>
   </usings>
   <includes>
      <def localId="2" locator="5:1-5:67" localIdentifier="Global" path="MATGlobalCommonFunctionsQDM" version="8.0.000">
         <annotation xsi:type="a:Annotation">
            <a:s r="2">
               <a:s>include </a:s>
               <a:s>
                  <a:s>MATGlobalCommonFunctionsQDM</a:s>
               </a:s>
               <a:s> version '8.0.000' called Global</a:s>
            </a:s>
         </annotation>
      </def>
   </includes>
   <parameters>
      <def localId="15" locator="18:1-18:49" name="Measurement Period" accessLevel="Public">
         <annotation xsi:type="a:Annotation">
            <a:s r="15">
               <a:s>parameter &quot;Measurement Period&quot; </a:s>
               <a:s r="14">
                  <a:s>Interval&lt;</a:s>
                  <a:s r="13">
                     <a:s>DateTime</a:s>
                  </a:s>
                  <a:s>></a:s>
               </a:s>
            </a:s>
         </annotation>
         <parameterTypeSpecifier localId="14" locator="18:32-18:49" xsi:type="IntervalTypeSpecifier">
            <pointType localId="13" locator="18:41-18:48" name="t:DateTime" xsi:type="NamedTypeSpecifier"/>
         </parameterTypeSpecifier>
      </def>
   </parameters>
   <codeSystems>
      <def localId="3" locator="7:1-7:51" name="LOINC" id="urn:oid:2.16.840.1.113883.6.1" accessLevel="Public">
         <annotation xsi:type="a:Annotation">
            <a:s r="3">
               <a:s>codesystem &quot;LOINC&quot;: 'urn:oid:2.16.840.1.113883.6.1'</a:s>
            </a:s>
         </annotation>
      </def>
   </codeSystems>
   <valueSets>
      <def localId="4" locator="9:1-9:71" name="Delivery Procedures" id="urn:oid:2.16.840.1.113762.1.4.1045.59" accessLevel="Public">
         <annotation xsi:type="a:Annotation">
            <a:s r="4">
               <a:s>valueset &quot;Delivery Procedures&quot;: 'urn:oid:2.16.840.1.113762.1.4.1045.59'</a:s>
            </a:s>
         </annotation>
      </def>
      <def localId="5" locator="10:1-10:75" name="ED Visit and OB Triage" id="urn:oid:2.16.840.1.113762.1.4.1029.369" accessLevel="Public">
         <annotation xsi:type="a:Annotation">
            <a:s r="5">
               <a:s>valueset &quot;ED Visit and OB Triage&quot;: 'urn:oid:2.16.840.1.113762.1.4.1029.369'</a:s>
            </a:s>
         </annotation>
      </def>
      <def localId="6" locator="11:1-11:71" name="Encounter Inpatient" id="urn:oid:2.16.840.1.113883.3.666.5.307" accessLevel="Public">
         <annotation xsi:type="a:Annotation">
            <a:s r="6">
               <a:s>valueset &quot;Encounter Inpatient&quot;: 'urn:oid:2.16.840.1.113883.3.666.5.307'</a:s>
            </a:s>
         </annotation>
      </def>
      <def localId="7" locator="12:1-12:89" name="Estimated Gestational Age at Delivery" id="urn:oid:2.16.840.1.113762.1.4.1045.26" accessLevel="Public">
         <annotation xsi:type="a:Annotation">
            <a:s r="7">
               <a:s>valueset &quot;Estimated Gestational Age at Delivery&quot;: 'urn:oid:2.16.840.1.113762.1.4.1045.26'</a:s>
            </a:s>
         </annotation>
      </def>
      <def localId="8" locator="13:1-13:73" name="Observation Services" id="urn:oid:2.16.840.1.113762.1.4.1111.143" accessLevel="Public">
         <annotation xsi:type="a:Annotation">
            <a:s r="8">
               <a:s>valueset &quot;Observation Services&quot;: 'urn:oid:2.16.840.1.113762.1.4.1111.143'</a:s>
            </a:s>
         </annotation>
      </def>
   </valueSets>
   <codes>
      <def localId="10" locator="15:1-15:112" name="Date and time of obstetric delivery" id="93857-1" display="Date and time of obstetric delivery" accessLevel="Public">
         <annotation xsi:type="a:Annotation">
            <a:s r="10">
               <a:s>code &quot;Date and time of obstetric delivery&quot;: '93857-1' from </a:s>
               <a:s r="9">
                  <a:s>&quot;LOINC&quot;</a:s>
               </a:s>
               <a:s> display 'Date and time of obstetric delivery'</a:s>
            </a:s>
         </annotation>
         <codeSystem localId="9" locator="15:60-15:66" name="LOINC"/>
      </def>
      <def localId="12" locator="16:1-16:88" name="Delivery date Estimated" id="11778-8" display="Delivery date Estimated" accessLevel="Public">
         <annotation xsi:type="a:Annotation">
            <a:s r="12">
               <a:s>code &quot;Delivery date Estimated&quot;: '11778-8' from </a:s>
               <a:s r="11">
                  <a:s>&quot;LOINC&quot;</a:s>
               </a:s>
               <a:s> display 'Delivery date Estimated'</a:s>
            </a:s>
         </annotation>
         <codeSystem localId="11" locator="16:48-16:54" name="LOINC"/>
      </def>
   </codes>
   <contexts>
      <def locator="20:1-20:15" name="Patient"/>
   </contexts>
   <statements>
      <def locator="20:1-20:15" name="Patient" context="Patient">
         <expression xsi:type="SingletonFrom">
            <operand locator="20:1-20:15" xmlns:ns0="urn:healthit-gov:qdm:v5_6" dataType="ns0:Patient" templateId="Patient" xsi:type="Retrieve"/>
         </expression>
      </def>
      <def localId="34" locator="22:1-25:81" name="Encounter with Age Range" context="Patient" accessLevel="Public">
         <annotation xsi:type="a:Annotation">
            <a:s r="34">
               <a:s>define &quot;Encounter with Age Range&quot;:
  </a:s>
               <a:s r="33">
                  <a:s>
                     <a:s r="17">
                        <a:s r="16">
                           <a:s>
                              <a:s>Global.&quot;Inpatient Encounter&quot;</a:s>
                           </a:s>
                        </a:s>
                        <a:s> InpatientEncounter</a:s>
                     </a:s>
                  </a:s>
                  <a:s>
    </a:s>
                  <a:s r="32">
                     <a:s>where </a:s>
                     <a:s r="32">
                        <a:s r="24">
                           <a:s r="22">
                              <a:s>AgeInYearsAt(</a:s>
                              <a:s r="21">
                                 <a:s>date from </a:s>
                                 <a:s r="20">
                                    <a:s>start of </a:s>
                                    <a:s r="19">
                                       <a:s r="18">
                                          <a:s>InpatientEncounter</a:s>
                                       </a:s>
                                       <a:s>.</a:s>
                                       <a:s r="19">
                                          <a:s>relevantPeriod</a:s>
                                       </a:s>
                                    </a:s>
                                 </a:s>
                              </a:s>
                              <a:s>)</a:s>
                           </a:s>
                           <a:s r="23"> >= 8</a:s>
                        </a:s>
                        <a:s>
      and </a:s>
                        <a:s r="31">
                           <a:s r="29">
                              <a:s>AgeInYearsAt(</a:s>
                              <a:s r="28">
                                 <a:s>date from </a:s>
                                 <a:s r="27">
                                    <a:s>start of </a:s>
                                    <a:s r="26">
                                       <a:s r="25">
                                          <a:s>InpatientEncounter</a:s>
                                       </a:s>
                                       <a:s>.</a:s>
                                       <a:s r="26">
                                          <a:s>relevantPeriod</a:s>
                                       </a:s>
                                    </a:s>
                                 </a:s>
                              </a:s>
                              <a:s>)</a:s>
                           </a:s>
                           <a:s r="30"> &lt; 65</a:s>
                        </a:s>
                     </a:s>
                  </a:s>
               </a:s>
            </a:s>
         </annotation>
         <expression localId="33" locator="23:3-25:81" xsi:type="Query">
            <source localId="17" locator="23:3-23:49" alias="InpatientEncounter">
               <expression localId="16" locator="23:3-23:30" name="Inpatient Encounter" libraryName="Global" xsi:type="ExpressionRef"/>
            </source>
            <where localId="32" locator="24:5-25:81" xsi:type="And">
               <operand localId="24" locator="24:11-24:81" xsi:type="GreaterOrEqual">
                  <operand localId="22" locator="24:11-24:76" precision="Year" xsi:type="CalculateAgeAt">
                     <operand xsi:type="ToDate">
                        <operand path="birthDatetime" xsi:type="Property">
                           <source name="Patient" xsi:type="ExpressionRef"/>
                        </operand>
                     </operand>
                     <operand localId="21" locator="24:24-24:75" xsi:type="DateFrom">
                        <operand localId="20" locator="24:34-24:75" xsi:type="Start">
                           <operand localId="19" locator="24:43-24:75" path="relevantPeriod" scope="InpatientEncounter" xsi:type="Property"/>
                        </operand>
                     </operand>
                  </operand>
                  <operand localId="23" locator="24:81" valueType="t:Integer" value="8" xsi:type="Literal"/>
               </operand>
               <operand localId="31" locator="25:11-25:81" xsi:type="Less">
                  <operand localId="29" locator="25:11-25:76" precision="Year" xsi:type="CalculateAgeAt">
                     <operand xsi:type="ToDate">
                        <operand path="birthDatetime" xsi:type="Property">
                           <source name="Patient" xsi:type="ExpressionRef"/>
                        </operand>
                     </operand>
                     <operand localId="28" locator="25:24-25:75" xsi:type="DateFrom">
                        <operand localId="27" locator="25:34-25:75" xsi:type="Start">
                           <operand localId="26" locator="25:43-25:75" path="relevantPeriod" scope="InpatientEncounter" xsi:type="Property"/>
                        </operand>
                     </operand>
                  </operand>
                  <operand localId="30" locator="25:80-25:81" valueType="t:Integer" value="65" xsi:type="Literal"/>
               </operand>
            </where>
         </expression>
      </def>
      <def localId="98" locator="46:1-61:32" name="HospitalizationWithEDOBTriageObservation" context="Patient" accessLevel="Public" xsi:type="FunctionDef">
         <annotation xsi:type="a:Annotation">
            <a:s r="98">
               <a:s>define function &quot;HospitalizationWithEDOBTriageObservation&quot;(Encounter </a:s>
               <a:s r="46">
                  <a:s>&quot;Encounter, Performed&quot;</a:s>
               </a:s>
               <a:s> ):
  //HospitalizationWithEDOBTriageObservation returns the total interval from the start of any immediately prior emergency department visit or OB Triage visit through the observation visit to the discharge of the given encounter.
  </a:s>
               <a:s r="97">
                  <a:s r="97">
                     <a:s>
                        <a:s r="48">
                           <a:s r="47">
                              <a:s>
                                 <a:s>Encounter</a:s>
                              </a:s>
                           </a:s>
                           <a:s> Visit</a:s>
                        </a:s>
                     </a:s>
                     <a:s>
    </a:s>
                     <a:s>
                        <a:s>let </a:s>
                        <a:s r="64">
                           <a:s>ObsVisit: </a:s>
                           <a:s r="63">
                              <a:s>Last(</a:s>
                              <a:s r="62">
                                 <a:s>
                                    <a:s r="50">
                                       <a:s r="49">
                                          <a:s r="49">
                                             <a:s>[&quot;Encounter, Performed&quot;: </a:s>
                                             <a:s>
                                                <a:s>&quot;Observation Services&quot;</a:s>
                                             </a:s>
                                             <a:s>]</a:s>
                                          </a:s>
                                       </a:s>
                                       <a:s> LastObs</a:s>
                                    </a:s>
                                 </a:s>
                                 <a:s>
        </a:s>
                                 <a:s r="57">
                                    <a:s>where </a:s>
                                    <a:s r="57">
                                       <a:s r="52">
                                          <a:s r="51">
                                             <a:s>LastObs</a:s>
                                          </a:s>
                                          <a:s>.</a:s>
                                          <a:s r="52">
                                             <a:s>relevantPeriod</a:s>
                                          </a:s>
                                       </a:s>
                                       <a:s> </a:s>
                                       <a:s r="57">
                                          <a:s>ends </a:s>
                                          <a:s r="56">
                                             <a:s>1 hour</a:s>
                                          </a:s>
                                          <a:s> or less on or before</a:s>
                                       </a:s>
                                       <a:s> </a:s>
                                       <a:s r="55">
                                          <a:s>start of </a:s>
                                          <a:s r="54">
                                             <a:s r="53">
                                                <a:s>Visit</a:s>
                                             </a:s>
                                             <a:s>.</a:s>
                                             <a:s r="54">
                                                <a:s>relevantPeriod</a:s>
                                             </a:s>
                                          </a:s>
                                       </a:s>
                                    </a:s>
                                 </a:s>
                                 <a:s>
        </a:s>
                                 <a:s r="61">
                                    <a:s>sort by 
        </a:s>
                                    <a:s r="60">
                                       <a:s r="59">
                                          <a:s>end of </a:s>
                                          <a:s r="58">
                                             <a:s>relevantPeriod</a:s>
                                          </a:s>
                                       </a:s>
                                    </a:s>
                                 </a:s>
                              </a:s>
                              <a:s>
    )</a:s>
                           </a:s>
                        </a:s>
                        <a:s>,
    </a:s>
                        <a:s r="72">
                           <a:s>VisitStart: </a:s>
                           <a:s r="71">
                              <a:s>Coalesce(</a:s>
                              <a:s r="67">
                                 <a:s>start of </a:s>
                                 <a:s r="66">
                                    <a:s r="65">
                                       <a:s>ObsVisit</a:s>
                                    </a:s>
                                    <a:s>.</a:s>
                                    <a:s r="66">
                                       <a:s>relevantPeriod</a:s>
                                    </a:s>
                                 </a:s>
                              </a:s>
                              <a:s>, </a:s>
                              <a:s r="70">
                                 <a:s>start of </a:s>
                                 <a:s r="69">
                                    <a:s r="68">
                                       <a:s>Visit</a:s>
                                    </a:s>
                                    <a:s>.</a:s>
                                    <a:s r="69">
                                       <a:s>relevantPeriod</a:s>
                                    </a:s>
                                 </a:s>
                              </a:s>
                              <a:s>)</a:s>
                           </a:s>
                        </a:s>
                        <a:s>,
    </a:s>
                        <a:s r="86">
                           <a:s>EDOBTriageVisit: </a:s>
                           <a:s r="85">
                              <a:s>Last(</a:s>
                              <a:s r="84">
                                 <a:s>
                                    <a:s r="74">
                                       <a:s r="73">
                                          <a:s r="73">
                                             <a:s>[&quot;Encounter, Performed&quot;: </a:s>
                                             <a:s>
                                                <a:s>&quot;ED Visit and OB Triage&quot;</a:s>
                                             </a:s>
                                             <a:s>]</a:s>
                                          </a:s>
                                       </a:s>
                                       <a:s> LastEDOBTriage</a:s>
                                    </a:s>
                                 </a:s>
                                 <a:s>
        </a:s>
                                 <a:s r="79">
                                    <a:s>where </a:s>
                                    <a:s r="79">
                                       <a:s r="76">
                                          <a:s r="75">
                                             <a:s>LastEDOBTriage</a:s>
                                          </a:s>
                                          <a:s>.</a:s>
                                          <a:s r="76">
                                             <a:s>relevantPeriod</a:s>
                                          </a:s>
                                       </a:s>
                                       <a:s> </a:s>
                                       <a:s r="79">
                                          <a:s>ends </a:s>
                                          <a:s r="78">
                                             <a:s>1 hour</a:s>
                                          </a:s>
                                          <a:s> or less on or before</a:s>
                                       </a:s>
                                       <a:s> </a:s>
                                       <a:s r="77">
                                          <a:s>VisitStart</a:s>
                                       </a:s>
                                    </a:s>
                                 </a:s>
                                 <a:s>
        </a:s>
                                 <a:s r="83">
                                    <a:s>sort by 
        </a:s>
                                    <a:s r="82">
                                       <a:s r="81">
                                          <a:s>end of </a:s>
                                          <a:s r="80">
                                             <a:s>relevantPeriod</a:s>
                                          </a:s>
                                       </a:s>
                                    </a:s>
                                 </a:s>
                              </a:s>
                              <a:s>
    )</a:s>
                           </a:s>
                        </a:s>
                     </a:s>
                     <a:s>
    </a:s>
                     <a:s r="96">
                        <a:s>return </a:s>
                        <a:s r="95">
                           <a:s>Interval[</a:s>
                           <a:s r="91">
                              <a:s>Coalesce(</a:s>
                              <a:s r="89">
                                 <a:s>start of </a:s>
                                 <a:s r="88">
                                    <a:s r="87">
                                       <a:s>EDOBTriageVisit</a:s>
                                    </a:s>
                                    <a:s>.</a:s>
                                    <a:s r="88">
                                       <a:s>relevantPeriod</a:s>
                                    </a:s>
                                 </a:s>
                              </a:s>
                              <a:s>, </a:s>
                              <a:s r="90">
                                 <a:s>VisitStart</a:s>
                              </a:s>
                              <a:s>)</a:s>
                           </a:s>
                           <a:s>, 
    </a:s>
                           <a:s r="94">
                              <a:s>end of </a:s>
                              <a:s r="93">
                                 <a:s r="92">
                                    <a:s>Visit</a:s>
                                 </a:s>
                                 <a:s>.</a:s>
                                 <a:s r="93">
                                    <a:s>relevantPeriod</a:s>
                                 </a:s>
                              </a:s>
                           </a:s>
                           <a:s>]</a:s>
                        </a:s>
                     </a:s>
                  </a:s>
               </a:s>
            </a:s>
         </annotation>
         <expression localId="97" locator="48:3-61:32" xsi:type="Query">
            <source localId="48" locator="48:3-48:17" alias="Visit">
               <expression localId="47" locator="48:3-48:11" name="Encounter" xsi:type="OperandRef"/>
            </source>
            <let localId="64" locator="49:9-53:5" identifier="ObsVisit">
               <expression localId="63" locator="49:19-53:5" xsi:type="Last">
                  <source localId="62" locator="49:24-52:29" xsi:type="Query">
                     <source localId="50" locator="49:24-49:79" alias="LastObs">
                        <expression localId="49" locator="49:24-49:71" xmlns:ns1="urn:healthit-gov:qdm:v5_6" dataType="ns1:PositiveEncounterPerformed" templateId="PositiveEncounterPerformed" codeProperty="code" codeComparator="in" xsi:type="Retrieve">
                           <codes locator="49:49-49:70" name="Observation Services" preserve="true" xsi:type="ValueSetRef"/>
                        </expression>
                     </source>
                     <where localId="57" locator="50:9-50:99" xsi:type="And">
                        <operand locator="50:43-50:56" xsi:type="In">
                           <operand locator="50:38-50:41" xsi:type="End">
                              <operand localId="52" locator="50:15-50:36" path="relevantPeriod" scope="LastObs" xsi:type="Property"/>
                           </operand>
                           <operand locator="50:43-50:56" lowClosed="true" highClosed="true" xsi:type="Interval">
                              <low locator="50:71-50:99" xsi:type="Subtract">
                                 <operand localId="55" locator="50:71-50:99" xsi:type="Start">
                                    <operand localId="54" locator="50:80-50:99" path="relevantPeriod" scope="Visit" xsi:type="Property"/>
                                 </operand>
                                 <operand localId="56" locator="50:43-50:48" value="1" unit="hour" xsi:type="Quantity"/>
                              </low>
                              <high localId="55" locator="50:71-50:99" xsi:type="Start">
                                 <operand localId="54" locator="50:80-50:99" path="relevantPeriod" scope="Visit" xsi:type="Property"/>
                              </high>
                           </operand>
                        </operand>
                        <operand locator="50:43-50:56" xsi:type="Not">
                           <operand locator="50:43-50:56" xsi:type="IsNull">
                              <operand localId="55" locator="50:71-50:99" xsi:type="Start">
                                 <operand localId="54" locator="50:80-50:99" path="relevantPeriod" scope="Visit" xsi:type="Property"/>
                              </operand>
                           </operand>
                        </operand>
                     </where>
                     <sort localId="61" locator="51:9-52:29">
                        <by localId="60" locator="52:9-52:29" direction="asc" xsi:type="ByExpression">
                           <expression localId="59" locator="52:9-52:29" xsi:type="End">
                              <operand localId="58" locator="52:16-52:29" name="relevantPeriod" xsi:type="IdentifierRef"/>
                           </expression>
                        </by>
                     </sort>
                  </source>
               </expression>
            </let>
            <let localId="72" locator="54:5-54:89" identifier="VisitStart">
               <expression localId="71" locator="54:17-54:89" xsi:type="Coalesce">
                  <operand localId="67" locator="54:26-54:57" xsi:type="Start">
                     <operand localId="66" locator="54:35-54:57" path="relevantPeriod" xsi:type="Property">
                        <source localId="65" locator="54:35-54:42" name="ObsVisit" xsi:type="QueryLetRef"/>
                     </operand>
                  </operand>
                  <operand localId="70" locator="54:60-54:88" xsi:type="Start">
                     <operand localId="69" locator="54:69-54:88" path="relevantPeriod" scope="Visit" xsi:type="Property"/>
                  </operand>
               </expression>
            </let>
            <let localId="86" locator="55:5-59:5" identifier="EDOBTriageVisit">
               <expression localId="85" locator="55:22-59:5" xsi:type="Last">
                  <source localId="84" locator="55:27-58:29" xsi:type="Query">
                     <source localId="74" locator="55:27-55:91" alias="LastEDOBTriage">
                        <expression localId="73" locator="55:27-55:76" xmlns:ns2="urn:healthit-gov:qdm:v5_6" dataType="ns2:PositiveEncounterPerformed" templateId="PositiveEncounterPerformed" codeProperty="code" codeComparator="in" xsi:type="Retrieve">
                           <codes locator="55:52-55:75" name="ED Visit and OB Triage" preserve="true" xsi:type="ValueSetRef"/>
                        </expression>
                     </source>
                     <where localId="79" locator="56:9-56:87" xsi:type="And">
                        <operand locator="56:50-56:63" xsi:type="In">
                           <operand locator="56:45-56:48" xsi:type="End">
                              <operand localId="76" locator="56:15-56:43" path="relevantPeriod" scope="LastEDOBTriage" xsi:type="Property"/>
                           </operand>
                           <operand locator="56:50-56:63" lowClosed="true" highClosed="true" xsi:type="Interval">
                              <low locator="56:78-56:87" xsi:type="Subtract">
                                 <operand localId="77" locator="56:78-56:87" name="VisitStart" xsi:type="QueryLetRef"/>
                                 <operand localId="78" locator="56:50-56:55" value="1" unit="hour" xsi:type="Quantity"/>
                              </low>
                              <high localId="77" locator="56:78-56:87" name="VisitStart" xsi:type="QueryLetRef"/>
                           </operand>
                        </operand>
                        <operand locator="56:50-56:63" xsi:type="Not">
                           <operand locator="56:50-56:63" xsi:type="IsNull">
                              <operand localId="77" locator="56:78-56:87" name="VisitStart" xsi:type="QueryLetRef"/>
                           </operand>
                        </operand>
                     </where>
                     <sort localId="83" locator="57:9-58:29">
                        <by localId="82" locator="58:9-58:29" direction="asc" xsi:type="ByExpression">
                           <expression localId="81" locator="58:9-58:29" xsi:type="End">
                              <operand localId="80" locator="58:16-58:29" name="relevantPeriod" xsi:type="IdentifierRef"/>
                           </expression>
                        </by>
                     </sort>
                  </source>
               </expression>
            </let>
            <return localId="96" locator="60:5-61:32">
               <expression localId="95" locator="60:12-61:32" lowClosed="true" highClosed="true" xsi:type="Interval">
                  <low localId="91" locator="60:21-60:81" xsi:type="Coalesce">
                     <operand localId="89" locator="60:30-60:68" xsi:type="Start">
                        <operand localId="88" locator="60:39-60:68" path="relevantPeriod" xsi:type="Property">
                           <source localId="87" locator="60:39-60:53" name="EDOBTriageVisit" xsi:type="QueryLetRef"/>
                        </operand>
                     </operand>
                     <operand localId="90" locator="60:71-60:80" name="VisitStart" xsi:type="QueryLetRef"/>
                  </low>
                  <high localId="94" locator="61:5-61:31" xsi:type="End">
                     <operand localId="93" locator="61:12-61:31" path="relevantPeriod" scope="Visit" xsi:type="Property"/>
                  </high>
               </expression>
            </return>
         </expression>
         <operand name="Encounter">
            <operandTypeSpecifier localId="46" locator="46:70-46:91" xmlns:ns3="urn:healthit-gov:qdm:v5_6" name="ns3:PositiveEncounterPerformed" xsi:type="NamedTypeSpecifier"/>
         </operand>
      </def>
      <def localId="103" locator="27:1-30:190" name="Delivery Encounter with Age Range" context="Patient" accessLevel="Public">
         <annotation xsi:type="a:Annotation">
            <a:s r="103">
               <a:s>define &quot;Delivery Encounter with Age Range&quot;:
  </a:s>
               <a:s r="102">
                  <a:s>
                     <a:s r="36">
                        <a:s r="35">
                           <a:s>
                              <a:s>&quot;Encounter with Age Range&quot;</a:s>
                           </a:s>
                        </a:s>
                        <a:s> EncounterWithAge</a:s>
                     </a:s>
                  </a:s>
                  <a:s>
    </a:s>
                  <a:s r="101">
                     <a:s>with </a:s>
                     <a:s r="38">
                        <a:s r="37">
                           <a:s r="37">
                              <a:s>[&quot;Procedure, Performed&quot;: </a:s>
                              <a:s>
                                 <a:s>&quot;Delivery Procedures&quot;</a:s>
                              </a:s>
                              <a:s>]</a:s>
                           </a:s>
                        </a:s>
                        <a:s> DeliveryProcedure</a:s>
                     </a:s>
                     <a:s>
      such that </a:s>
                     <a:s r="100">
                        <a:s r="44">
                           <a:s r="39">
                              <a:s>Global</a:s>
                           </a:s>
                           <a:s>.</a:s>
                           <a:s r="44">
                              <a:s>&quot;NormalizeInterval&quot; ( </a:s>
                              <a:s r="41">
                                 <a:s r="40">
                                    <a:s>DeliveryProcedure</a:s>
                                 </a:s>
                                 <a:s>.</a:s>
                                 <a:s r="41">
                                    <a:s>relevantDatetime</a:s>
                                 </a:s>
                              </a:s>
                              <a:s>, </a:s>
                              <a:s r="43">
                                 <a:s r="42">
                                    <a:s>DeliveryProcedure</a:s>
                                 </a:s>
                                 <a:s>.</a:s>
                                 <a:s r="43">
                                    <a:s>relevantPeriod</a:s>
                                 </a:s>
                              </a:s>
                              <a:s> )</a:s>
                           </a:s>
                        </a:s>
                        <a:s r="100"> starts during </a:s>
                        <a:s r="99">
                           <a:s>&quot;HospitalizationWithEDOBTriageObservation&quot;(</a:s>
                           <a:s r="45">
                              <a:s>EncounterWithAge</a:s>
                           </a:s>
                           <a:s>)</a:s>
                        </a:s>
                     </a:s>
                  </a:s>
               </a:s>
            </a:s>
         </annotation>
         <expression localId="102" locator="28:3-30:190" xsi:type="Query">
            <source localId="36" locator="28:3-28:45" alias="EncounterWithAge">
               <expression localId="35" locator="28:3-28:28" name="Encounter with Age Range" xsi:type="ExpressionRef"/>
            </source>
            <relationship localId="101" locator="29:5-30:190" alias="DeliveryProcedure" xsi:type="With">
               <expression localId="37" locator="29:10-29:56" xmlns:ns4="urn:healthit-gov:qdm:v5_6" dataType="ns4:PositiveProcedurePerformed" templateId="PositiveProcedurePerformed" codeProperty="code" codeComparator="in" xsi:type="Retrieve">
                  <codes locator="29:35-29:55" name="Delivery Procedures" preserve="true" xsi:type="ValueSetRef"/>
               </expression>
               <suchThat localId="100" locator="30:17-30:190" xsi:type="In">
                  <operand locator="30:117-30:122" xsi:type="Start">
                     <operand localId="44" locator="30:17-30:115" name="NormalizeInterval" libraryName="Global" xsi:type="FunctionRef">
                        <operand localId="41" locator="30:46-30:79" path="relevantDatetime" scope="DeliveryProcedure" xsi:type="Property"/>
                        <operand localId="43" locator="30:82-30:113" path="relevantPeriod" scope="DeliveryProcedure" xsi:type="Property"/>
                     </operand>
                  </operand>
                  <operand localId="99" locator="30:131-30:190" name="HospitalizationWithEDOBTriageObservation" xsi:type="FunctionRef">
                     <operand localId="45" locator="30:174-30:189" name="EncounterWithAge" xsi:type="AliasRef"/>
                  </operand>
               </suchThat>
            </relationship>
         </expression>
      </def>
      <def localId="141" locator="39:1-44:22" name="LastTimeOfDelivery" context="Patient" accessLevel="Public" xsi:type="FunctionDef">
         <annotation xsi:type="a:Annotation">
            <a:s r="141">
               <a:s>define function &quot;LastTimeOfDelivery&quot;(Encounter </a:s>
               <a:s r="110">
                  <a:s>&quot;Encounter, Performed&quot;</a:s>
               </a:s>
               <a:s> ):
  </a:s>
               <a:s r="140">
                  <a:s r="140">
                     <a:s r="138">
                        <a:s r="137">
                           <a:s>Last(</a:s>
                           <a:s r="136">
                              <a:s>
                                 <a:s r="112">
                                    <a:s r="111">
                                       <a:s r="111">
                                          <a:s>[&quot;Assessment, Performed&quot;: </a:s>
                                          <a:s>
                                             <a:s>&quot;Date and time of obstetric delivery&quot;</a:s>
                                          </a:s>
                                          <a:s>]</a:s>
                                       </a:s>
                                    </a:s>
                                    <a:s> TimeOfDelivery</a:s>
                                 </a:s>
                              </a:s>
                              <a:s>
      </a:s>
                              <a:s r="129">
                                 <a:s>where </a:s>
                                 <a:s r="129">
                                    <a:s r="121">
                                       <a:s r="118">
                                          <a:s r="113">
                                             <a:s>Global</a:s>
                                          </a:s>
                                          <a:s>.</a:s>
                                          <a:s r="118">
                                             <a:s>&quot;EarliestOf&quot;(</a:s>
                                             <a:s r="115">
                                                <a:s r="114">
                                                   <a:s>TimeOfDelivery</a:s>
                                                </a:s>
                                                <a:s>.</a:s>
                                                <a:s r="115">
                                                   <a:s>relevantDatetime</a:s>
                                                </a:s>
                                             </a:s>
                                             <a:s>, </a:s>
                                             <a:s r="117">
                                                <a:s r="116">
                                                   <a:s>TimeOfDelivery</a:s>
                                                </a:s>
                                                <a:s>.</a:s>
                                                <a:s r="117">
                                                   <a:s>relevantPeriod</a:s>
                                                </a:s>
                                             </a:s>
                                             <a:s>)</a:s>
                                          </a:s>
                                       </a:s>
                                       <a:s r="121">during </a:s>
                                       <a:s r="120">
                                          <a:s>&quot;HospitalizationWithEDOBTriageObservation&quot;(</a:s>
                                          <a:s r="119">
                                             <a:s>Encounter</a:s>
                                          </a:s>
                                          <a:s>)</a:s>
                                       </a:s>
                                    </a:s>
                                    <a:s>
        and </a:s>
                                    <a:s r="128">
                                       <a:s r="125">
                                          <a:s r="123">
                                             <a:s r="122">
                                                <a:s>TimeOfDelivery</a:s>
                                             </a:s>
                                             <a:s>.</a:s>
                                             <a:s r="123">
                                                <a:s>result</a:s>
                                             </a:s>
                                          </a:s>
                                          <a:s> as </a:s>
                                          <a:s r="124">
                                             <a:s>DateTime</a:s>
                                          </a:s>
                                       </a:s>
                                       <a:s r="128"> during </a:s>
                                       <a:s r="127">
                                          <a:s>&quot;HospitalizationWithEDOBTriageObservation&quot;(</a:s>
                                          <a:s r="126">
                                             <a:s>Encounter</a:s>
                                          </a:s>
                                          <a:s>)</a:s>
                                       </a:s>
                                    </a:s>
                                 </a:s>
                              </a:s>
                              <a:s>
      </a:s>
                              <a:s r="135">
                                 <a:s>sort by </a:s>
                                 <a:s r="134">
                                    <a:s r="133">
                                       <a:s r="130">
                                          <a:s>Global</a:s>
                                       </a:s>
                                       <a:s>.</a:s>
                                       <a:s r="133">
                                          <a:s>&quot;EarliestOf&quot;(</a:s>
                                          <a:s r="131">
                                             <a:s>relevantDatetime</a:s>
                                          </a:s>
                                          <a:s>, </a:s>
                                          <a:s r="132">
                                             <a:s>relevantPeriod</a:s>
                                          </a:s>
                                          <a:s>)</a:s>
                                       </a:s>
                                    </a:s>
                                 </a:s>
                              </a:s>
                           </a:s>
                           <a:s>
  )</a:s>
                        </a:s>
                        <a:s>.</a:s>
                        <a:s r="138">
                           <a:s>result</a:s>
                        </a:s>
                     </a:s>
                     <a:s> as </a:s>
                     <a:s r="139">
                        <a:s>DateTime</a:s>
                     </a:s>
                  </a:s>
               </a:s>
            </a:s>
         </annotation>
         <expression localId="140" locator="40:3-44:22" strict="false" xsi:type="As">
            <operand localId="138" locator="40:3-44:10" path="result" xsi:type="Property">
               <source localId="137" locator="40:3-44:3" xsi:type="Last">
                  <source localId="136" locator="40:8-43:67" xsi:type="Query">
                     <source localId="112" locator="40:8-40:86" alias="TimeOfDelivery">
                        <expression localId="111" locator="40:8-40:71" xmlns:ns5="urn:healthit-gov:qdm:v5_6" dataType="ns5:PositiveAssessmentPerformed" templateId="PositiveAssessmentPerformed" codeProperty="code" codeComparator="~" xsi:type="Retrieve">
                           <codes xsi:type="ToList">
                              <operand locator="40:34-40:70" name="Date and time of obstetric delivery" xsi:type="CodeRef"/>
                           </codes>
                        </expression>
                     </source>
                     <where localId="129" locator="41:7-42:106" xsi:type="And">
                        <operand localId="121" locator="41:13-41:155" xsi:type="In">
                           <operand localId="118" locator="41:13-41:95" name="EarliestOf" libraryName="Global" xsi:type="FunctionRef">
                              <operand localId="115" locator="41:33-41:63" path="relevantDatetime" scope="TimeOfDelivery" xsi:type="Property"/>
                              <operand localId="117" locator="41:66-41:94" path="relevantPeriod" scope="TimeOfDelivery" xsi:type="Property"/>
                           </operand>
                           <operand localId="120" locator="41:103-41:155" name="HospitalizationWithEDOBTriageObservation" xsi:type="FunctionRef">
                              <operand localId="119" locator="41:146-41:154" name="Encounter" xsi:type="OperandRef"/>
                           </operand>
                        </operand>
                        <operand localId="128" locator="42:13-42:106" xsi:type="In">
                           <operand localId="125" locator="42:13-42:45" strict="false" xsi:type="As">
                              <operand localId="123" locator="42:13-42:33" path="result" scope="TimeOfDelivery" xsi:type="Property"/>
                              <asTypeSpecifier localId="124" locator="42:38-42:45" name="t:DateTime" xsi:type="NamedTypeSpecifier"/>
                           </operand>
                           <operand localId="127" locator="42:54-42:106" name="HospitalizationWithEDOBTriageObservation" xsi:type="FunctionRef">
                              <operand localId="126" locator="42:97-42:105" name="Encounter" xsi:type="OperandRef"/>
                           </operand>
                        </operand>
                     </where>
                     <sort localId="135" locator="43:7-43:67">
                        <by localId="134" locator="43:15-43:67" direction="asc" xsi:type="ByExpression">
                           <expression localId="133" locator="43:15-43:67" name="EarliestOf" libraryName="Global" xsi:type="FunctionRef">
                              <operand localId="131" locator="43:35-43:50" name="relevantDatetime" xsi:type="IdentifierRef"/>
                              <operand localId="132" locator="43:53-43:66" name="relevantPeriod" xsi:type="IdentifierRef"/>
                           </expression>
                        </by>
                     </sort>
                  </source>
               </source>
            </operand>
            <asTypeSpecifier localId="139" locator="44:15-44:22" name="t:DateTime" xsi:type="NamedTypeSpecifier"/>
         </expression>
         <operand name="Encounter">
            <operandTypeSpecifier localId="110" locator="39:48-39:69" xmlns:ns6="urn:healthit-gov:qdm:v5_6" name="ns6:PositiveEncounterPerformed" xsi:type="NamedTypeSpecifier"/>
         </operand>
      </def>
      <def localId="172" locator="63:1-69:22" name="LastEstimatedDeliveryDate" context="Patient" accessLevel="Public" xsi:type="FunctionDef">
         <annotation xsi:type="a:Annotation">
            <a:s r="172">
               <a:s>define function &quot;LastEstimatedDeliveryDate&quot;(Encounter </a:s>
               <a:s r="144">
                  <a:s>&quot;Encounter, Performed&quot;</a:s>
               </a:s>
               <a:s> ):
  //This function identifies the last time the Estimated Delivery Date was assessed 42 weeks or less prior to or on delivery and stores the result of that assessment.  
  </a:s>
               <a:s r="171">
                  <a:s r="171">
                     <a:s r="169">
                        <a:s r="168">
                           <a:s>Last(</a:s>
                           <a:s r="167">
                              <a:s>
                                 <a:s r="146">
                                    <a:s r="145">
                                       <a:s r="145">
                                          <a:s>[&quot;Assessment, Performed&quot;: </a:s>
                                          <a:s>
                                             <a:s>&quot;Delivery date Estimated&quot;</a:s>
                                          </a:s>
                                          <a:s>]</a:s>
                                       </a:s>
                                    </a:s>
                                    <a:s> EstimatedDateOfDelivery</a:s>
                                 </a:s>
                              </a:s>
                              <a:s>
      </a:s>
                              <a:s r="160">
                                 <a:s>where </a:s>
                                 <a:s r="160">
                                    <a:s r="156">
                                       <a:s r="152">
                                          <a:s r="147">
                                             <a:s>Global</a:s>
                                          </a:s>
                                          <a:s>.</a:s>
                                          <a:s r="152">
                                             <a:s>&quot;EarliestOf&quot;(</a:s>
                                             <a:s r="149">
                                                <a:s r="148">
                                                   <a:s>EstimatedDateOfDelivery</a:s>
                                                </a:s>
                                                <a:s>.</a:s>
                                                <a:s r="149">
                                                   <a:s>relevantDatetime</a:s>
                                                </a:s>
                                             </a:s>
                                             <a:s>, </a:s>
                                             <a:s r="151">
                                                <a:s r="150">
                                                   <a:s>EstimatedDateOfDelivery</a:s>
                                                </a:s>
                                                <a:s>.</a:s>
                                                <a:s r="151">
                                                   <a:s>relevantPeriod</a:s>
                                                </a:s>
                                             </a:s>
                                             <a:s>)</a:s>
                                          </a:s>
                                       </a:s>
                                       <a:s r="156">
                                          <a:s r="155">
                                             <a:s>42 weeks</a:s>
                                          </a:s>
                                          <a:s> or less before or on</a:s>
                                       </a:s>
                                       <a:s> </a:s>
                                       <a:s r="154">
                                          <a:s>&quot;LastTimeOfDelivery&quot;(</a:s>
                                          <a:s r="153">
                                             <a:s>Encounter</a:s>
                                          </a:s>
                                          <a:s>)</a:s>
                                       </a:s>
                                    </a:s>
                                    <a:s>
        and </a:s>
                                    <a:s r="159">
                                       <a:s r="158">
                                          <a:s r="157">
                                             <a:s>EstimatedDateOfDelivery</a:s>
                                          </a:s>
                                          <a:s>.</a:s>
                                          <a:s r="158">
                                             <a:s>result</a:s>
                                          </a:s>
                                       </a:s>
                                       <a:s> is not null</a:s>
                                    </a:s>
                                 </a:s>
                              </a:s>
                              <a:s>
      </a:s>
                              <a:s r="166">
                                 <a:s>sort by </a:s>
                                 <a:s r="165">
                                    <a:s r="164">
                                       <a:s r="161">
                                          <a:s>Global</a:s>
                                       </a:s>
                                       <a:s>.</a:s>
                                       <a:s r="164">
                                          <a:s>&quot;EarliestOf&quot;(</a:s>
                                          <a:s r="162">
                                             <a:s>relevantDatetime</a:s>
                                          </a:s>
                                          <a:s>, </a:s>
                                          <a:s r="163">
                                             <a:s>relevantPeriod</a:s>
                                          </a:s>
                                          <a:s>)</a:s>
                                       </a:s>
                                    </a:s>
                                 </a:s>
                              </a:s>
                           </a:s>
                           <a:s>
  )</a:s>
                        </a:s>
                        <a:s>.</a:s>
                        <a:s r="169">
                           <a:s>result</a:s>
                        </a:s>
                     </a:s>
                     <a:s> as </a:s>
                     <a:s r="170">
                        <a:s>DateTime</a:s>
                     </a:s>
                  </a:s>
               </a:s>
            </a:s>
         </annotation>
         <expression localId="171" locator="65:3-69:22" strict="false" xsi:type="As">
            <operand localId="169" locator="65:3-69:10" path="result" xsi:type="Property">
               <source localId="168" locator="65:3-69:3" xsi:type="Last">
                  <source localId="167" locator="65:8-68:67" xsi:type="Query">
                     <source localId="146" locator="65:8-65:83" alias="EstimatedDateOfDelivery">
                        <expression localId="145" locator="65:8-65:59" xmlns:ns7="urn:healthit-gov:qdm:v5_6" dataType="ns7:PositiveAssessmentPerformed" templateId="PositiveAssessmentPerformed" codeProperty="code" codeComparator="~" xsi:type="Retrieve">
                           <codes xsi:type="ToList">
                              <operand locator="65:34-65:58" name="Delivery date Estimated" xsi:type="CodeRef"/>
                           </codes>
                        </expression>
                     </source>
                     <where localId="160" locator="66:7-67:54" xsi:type="And">
                        <operand localId="156" locator="66:13-66:174" xsi:type="And">
                           <operand locator="66:114-66:129" xsi:type="In">
                              <operand localId="152" locator="66:13-66:113" name="EarliestOf" libraryName="Global" xsi:type="FunctionRef">
                                 <operand localId="149" locator="66:33-66:72" path="relevantDatetime" scope="EstimatedDateOfDelivery" xsi:type="Property"/>
                                 <operand localId="151" locator="66:75-66:112" path="relevantPeriod" scope="EstimatedDateOfDelivery" xsi:type="Property"/>
                              </operand>
                              <operand locator="66:114-66:129" lowClosed="true" highClosed="true" xsi:type="Interval">
                                 <low locator="66:144-66:174" xsi:type="Subtract">
                                    <operand localId="154" locator="66:144-66:174" name="LastTimeOfDelivery" xsi:type="FunctionRef">
                                       <operand localId="153" locator="66:165-66:173" name="Encounter" xsi:type="OperandRef"/>
                                    </operand>
                                    <operand localId="155" locator="66:114-66:121" value="42" unit="weeks" xsi:type="Quantity"/>
                                 </low>
                                 <high localId="154" locator="66:144-66:174" name="LastTimeOfDelivery" xsi:type="FunctionRef">
                                    <operand localId="153" locator="66:165-66:173" name="Encounter" xsi:type="OperandRef"/>
                                 </high>
                              </operand>
                           </operand>
                           <operand locator="66:114-66:129" xsi:type="Not">
                              <operand locator="66:114-66:129" xsi:type="IsNull">
                                 <operand localId="154" locator="66:144-66:174" name="LastTimeOfDelivery" xsi:type="FunctionRef">
                                    <operand localId="153" locator="66:165-66:173" name="Encounter" xsi:type="OperandRef"/>
                                 </operand>
                              </operand>
                           </operand>
                        </operand>
                        <operand localId="159" locator="67:13-67:54" xsi:type="Not">
                           <operand locator="67:13-67:54" xsi:type="IsNull">
                              <operand localId="158" locator="67:13-67:42" path="result" scope="EstimatedDateOfDelivery" xsi:type="Property"/>
                           </operand>
                        </operand>
                     </where>
                     <sort localId="166" locator="68:7-68:67">
                        <by localId="165" locator="68:15-68:67" direction="asc" xsi:type="ByExpression">
                           <expression localId="164" locator="68:15-68:67" name="EarliestOf" libraryName="Global" xsi:type="FunctionRef">
                              <operand localId="162" locator="68:35-68:50" name="relevantDatetime" xsi:type="IdentifierRef"/>
                              <operand localId="163" locator="68:53-68:66" name="relevantPeriod" xsi:type="IdentifierRef"/>
                           </expression>
                        </by>
                     </sort>
                  </source>
               </source>
            </operand>
            <asTypeSpecifier localId="170" locator="69:15-69:22" name="t:DateTime" xsi:type="NamedTypeSpecifier"/>
         </expression>
         <operand name="Encounter">
            <operandTypeSpecifier localId="144" locator="63:55-63:76" xmlns:ns8="urn:healthit-gov:qdm:v5_6" name="ns8:PositiveEncounterPerformed" xsi:type="NamedTypeSpecifier"/>
         </operand>
      </def>
      <def localId="178" locator="71:1-74:123" name="CalculatedGestationalAge" context="Patient" accessLevel="Public" xsi:type="FunctionDef">
         <annotation xsi:type="a:Annotation">
            <a:s r="178">
               <a:s>define function &quot;CalculatedGestationalAge&quot;(Encounter </a:s>
               <a:s r="107">
                  <a:s>&quot;Encounter, Performed&quot;</a:s>
               </a:s>
               <a:s> ):
  // Age = (280-(Estimated Delivery Date minus Reference Date/Delivery Date))/7
  
  </a:s>
               <a:s r="177">
                  <a:s r="177">
                     <a:s r="175">
                        <a:s>( </a:s>
                        <a:s r="175">
                           <a:s r="108">280 - </a:s>
                           <a:s r="174">
                              <a:s>( </a:s>
                              <a:s r="174">
                                 <a:s>difference in days between </a:s>
                                 <a:s r="142">
                                    <a:s>&quot;LastTimeOfDelivery&quot;(</a:s>
                                    <a:s r="109">
                                       <a:s>Encounter</a:s>
                                    </a:s>
                                    <a:s>)</a:s>
                                 </a:s>
                                 <a:s> and </a:s>
                                 <a:s r="173">
                                    <a:s>&quot;LastEstimatedDeliveryDate&quot;(</a:s>
                                    <a:s r="143">
                                       <a:s>Encounter</a:s>
                                    </a:s>
                                    <a:s>)</a:s>
                                 </a:s>
                              </a:s>
                              <a:s> )</a:s>
                           </a:s>
                        </a:s>
                        <a:s> )</a:s>
                     </a:s>
                     <a:s r="176"> div 7</a:s>
                  </a:s>
               </a:s>
            </a:s>
         </annotation>
         <expression localId="177" locator="74:3-74:123" xsi:type="TruncatedDivide">
            <operand localId="175" locator="74:3-74:117" xsi:type="Subtract">
               <operand localId="108" locator="74:5-74:7" valueType="t:Integer" value="280" xsi:type="Literal"/>
               <operand localId="174" locator="74:11-74:115" precision="Day" xsi:type="DifferenceBetween">
                  <operand localId="142" locator="74:40-74:70" name="LastTimeOfDelivery" xsi:type="FunctionRef">
                     <operand localId="109" locator="74:61-74:69" name="Encounter" xsi:type="OperandRef"/>
                  </operand>
                  <operand localId="173" locator="74:76-74:113" name="LastEstimatedDeliveryDate" xsi:type="FunctionRef">
                     <operand localId="143" locator="74:104-74:112" name="Encounter" xsi:type="OperandRef"/>
                  </operand>
               </operand>
            </operand>
            <operand localId="176" locator="74:123" valueType="t:Integer" value="7" xsi:type="Literal"/>
         </expression>
         <operand name="Encounter">
            <operandTypeSpecifier localId="107" locator="71:54-71:75" xmlns:ns9="urn:healthit-gov:qdm:v5_6" name="ns9:PositiveEncounterPerformed" xsi:type="NamedTypeSpecifier"/>
         </operand>
      </def>
      <def localId="186" locator="32:1-37:37" name="Variable Calculated Gestational Age" context="Patient" accessLevel="Public">
         <annotation xsi:type="a:Annotation">
            <a:s r="186">
               <a:s>define &quot;Variable Calculated Gestational Age&quot;:
  //This definition establishes a variable of CGA (Calculated Gestational Age).  CGA is a supplemental data element to store the calculated gestational age result from the &quot;CalculatedGestationalAge&quot; function.  The data element enables the capturing and saving of the CGA for data analysis post data receipt. Hospitals do not need to submit any additional data to comply with this definition.  
  
  </a:s>
               <a:s r="185">
                  <a:s>
                     <a:s r="105">
                        <a:s r="104">
                           <a:s>
                              <a:s>&quot;Delivery Encounter with Age Range&quot;</a:s>
                           </a:s>
                        </a:s>
                        <a:s> DeliveryEncounter</a:s>
                     </a:s>
                  </a:s>
                  <a:s>
    </a:s>
                  <a:s>
                     <a:s>let </a:s>
                     <a:s r="180">
                        <a:s>CGA: </a:s>
                        <a:s r="179">
                           <a:s>&quot;CalculatedGestationalAge&quot;(</a:s>
                           <a:s r="106">
                              <a:s>DeliveryEncounter</a:s>
                           </a:s>
                           <a:s>)</a:s>
                        </a:s>
                     </a:s>
                  </a:s>
                  <a:s>
    </a:s>
                  <a:s r="184">
                     <a:s>return </a:s>
                     <a:s r="183">
                        <a:s>{ </a:s>
                        <a:s r="181">
                           <a:s>DeliveryEncounter</a:s>
                        </a:s>
                        <a:s>, </a:s>
                        <a:s r="182">
                           <a:s>CGA</a:s>
                        </a:s>
                        <a:s> }</a:s>
                     </a:s>
                  </a:s>
               </a:s>
            </a:s>
         </annotation>
         <expression localId="185" locator="35:3-37:37" xsi:type="Query">
            <source localId="105" locator="35:3-35:55" alias="DeliveryEncounter">
               <expression localId="104" locator="35:3-35:37" name="Delivery Encounter with Age Range" xsi:type="ExpressionRef"/>
            </source>
            <let localId="180" locator="36:9-36:58" identifier="CGA">
               <expression localId="179" locator="36:14-36:58" name="CalculatedGestationalAge" xsi:type="FunctionRef">
                  <operand localId="106" locator="36:41-36:57" name="DeliveryEncounter" xsi:type="AliasRef"/>
               </expression>
            </let>
            <return localId="184" locator="37:5-37:37">
               <expression localId="183" locator="37:12-37:37" xsi:type="List">
                  <element localId="181" locator="37:14-37:30" name="DeliveryEncounter" xsi:type="AliasRef"/>
                  <element localId="182" locator="37:33-37:35" name="CGA" xsi:type="QueryLetRef"/>
               </expression>
            </return>
         </expression>
      </def>
      <def localId="239" locator="76:1-87:22" name="LastEstimatedGestationalAge" context="Patient" accessLevel="Public" xsi:type="FunctionDef">
         <annotation xsi:type="a:Annotation">
            <a:s r="239">
               <a:s>define function &quot;LastEstimatedGestationalAge&quot;(Encounter </a:s>
               <a:s r="195">
                  <a:s>&quot;Encounter, Performed&quot;</a:s>
               </a:s>
               <a:s> ):
  </a:s>
               <a:s r="238">
                  <a:s r="238">
                     <a:s r="236">
                        <a:s r="235">
                           <a:s>Last(</a:s>
                           <a:s r="234">
                              <a:s>
                                 <a:s r="197">
                                    <a:s r="196">
                                       <a:s r="196">
                                          <a:s>[&quot;Assessment, Performed&quot;: </a:s>
                                          <a:s>
                                             <a:s>&quot;Estimated Gestational Age at Delivery&quot;</a:s>
                                          </a:s>
                                          <a:s>]</a:s>
                                       </a:s>
                                    </a:s>
                                    <a:s> EstimatedGestationalAge</a:s>
                                 </a:s>
                              </a:s>
                              <a:s>
      </a:s>
                              <a:s>
                                 <a:s>let </a:s>
                                 <a:s r="204">
                                    <a:s>EGATiming: </a:s>
                                    <a:s r="203">
                                       <a:s r="198">
                                          <a:s>Global</a:s>
                                       </a:s>
                                       <a:s>.</a:s>
                                       <a:s r="203">
                                          <a:s>&quot;EarliestOf&quot;(</a:s>
                                          <a:s r="200">
                                             <a:s r="199">
                                                <a:s>EstimatedGestationalAge</a:s>
                                             </a:s>
                                             <a:s>.</a:s>
                                             <a:s r="200">
                                                <a:s>relevantDatetime</a:s>
                                             </a:s>
                                          </a:s>
                                          <a:s>, </a:s>
                                          <a:s r="202">
                                             <a:s r="201">
                                                <a:s>EstimatedGestationalAge</a:s>
                                             </a:s>
                                             <a:s>.</a:s>
                                             <a:s r="202">
                                                <a:s>relevantPeriod</a:s>
                                             </a:s>
                                          </a:s>
                                          <a:s>)</a:s>
                                       </a:s>
                                    </a:s>
                                 </a:s>
                              </a:s>
                              <a:s>
      </a:s>
                              <a:s r="227">
                                 <a:s>where</a:s>
                                 <a:s r="227">
                                    <a:s r="213">
                                       <a:s>(</a:s>
                                       <a:s r="213">
                                          <a:s r="209">
                                             <a:s r="205">
                                                <a:s>EGATiming</a:s>
                                             </a:s>
                                             <a:s> </a:s>
                                             <a:s r="209">
                                                <a:s r="208">
                                                   <a:s>24 hours</a:s>
                                                </a:s>
                                                <a:s> or less before or on</a:s>
                                             </a:s>
                                             <a:s> </a:s>
                                             <a:s r="207">
                                                <a:s>&quot;LastTimeOfDelivery&quot;(</a:s>
                                                <a:s r="206">
                                                   <a:s>Encounter</a:s>
                                                </a:s>
                                                <a:s>)</a:s>
                                             </a:s>
                                          </a:s>
                                          <a:s>
          and </a:s>
                                          <a:s r="212">
                                             <a:s r="211">
                                                <a:s r="210">
                                                   <a:s>EstimatedGestationalAge</a:s>
                                                </a:s>
                                                <a:s>.</a:s>
                                                <a:s r="211">
                                                   <a:s>result</a:s>
                                                </a:s>
                                             </a:s>
                                             <a:s> is not null</a:s>
                                          </a:s>
                                       </a:s>
                                       <a:s>
      )</a:s>
                                    </a:s>
                                    <a:s>
        or</a:s>
                                    <a:s r="226">
                                       <a:s>(</a:s>
                                       <a:s r="226">
                                          <a:s r="222">
                                             <a:s r="217">
                                                <a:s r="214">
                                                   <a:s>EGATiming</a:s>
                                                </a:s>
                                                <a:s r="217"> same day as </a:s>
                                                <a:s r="216">
                                                   <a:s>&quot;LastTimeOfDelivery&quot;(</a:s>
                                                   <a:s r="215">
                                                      <a:s>Encounter</a:s>
                                                   </a:s>
                                                   <a:s>)</a:s>
                                                </a:s>
                                             </a:s>
                                             <a:s>
            and </a:s>
                                             <a:s r="221">
                                                <a:s r="218">
                                                   <a:s>EGATiming</a:s>
                                                </a:s>
                                                <a:s r="221"> during </a:s>
                                                <a:s r="220">
                                                   <a:s>&quot;HospitalizationWithEDOBTriageObservation&quot;(</a:s>
                                                   <a:s r="219">
                                                      <a:s>Encounter</a:s>
                                                   </a:s>
                                                   <a:s>)</a:s>
                                                </a:s>
                                             </a:s>
                                          </a:s>
                                          <a:s>
            and </a:s>
                                          <a:s r="225">
                                             <a:s r="224">
                                                <a:s r="223">
                                                   <a:s>EstimatedGestationalAge</a:s>
                                                </a:s>
                                                <a:s>.</a:s>
                                                <a:s r="224">
                                                   <a:s>result</a:s>
                                                </a:s>
                                             </a:s>
                                             <a:s> is not null</a:s>
                                          </a:s>
                                       </a:s>
                                       <a:s>
        )</a:s>
                                    </a:s>
                                 </a:s>
                              </a:s>
                              <a:s>
      </a:s>
                              <a:s r="233">
                                 <a:s>sort by </a:s>
                                 <a:s r="232">
                                    <a:s r="231">
                                       <a:s r="228">
                                          <a:s>Global</a:s>
                                       </a:s>
                                       <a:s>.</a:s>
                                       <a:s r="231">
                                          <a:s>&quot;EarliestOf&quot;(</a:s>
                                          <a:s r="229">
                                             <a:s>relevantDatetime</a:s>
                                          </a:s>
                                          <a:s>, </a:s>
                                          <a:s r="230">
                                             <a:s>relevantPeriod</a:s>
                                          </a:s>
                                          <a:s>)</a:s>
                                       </a:s>
                                    </a:s>
                                 </a:s>
                              </a:s>
                           </a:s>
                           <a:s>
  )</a:s>
                        </a:s>
                        <a:s>.</a:s>
                        <a:s r="236">
                           <a:s>result</a:s>
                        </a:s>
                     </a:s>
                     <a:s> as </a:s>
                     <a:s r="237">
                        <a:s>Quantity</a:s>
                     </a:s>
                  </a:s>
               </a:s>
            </a:s>
         </annotation>
         <expression localId="238" locator="77:3-87:22" strict="false" xsi:type="As">
            <operand localId="236" locator="77:3-87:10" path="result" xsi:type="Property">
               <source localId="235" locator="77:3-87:3" xsi:type="Last">
                  <source localId="234" locator="77:8-86:67" xsi:type="Query">
                     <source localId="197" locator="77:8-77:97" alias="EstimatedGestationalAge">
                        <expression localId="196" locator="77:8-77:73" xmlns:ns10="urn:healthit-gov:qdm:v5_6" dataType="ns10:PositiveAssessmentPerformed" templateId="PositiveAssessmentPerformed" codeProperty="code" codeComparator="in" xsi:type="Retrieve">
                           <codes locator="77:34-77:72" name="Estimated Gestational Age at Delivery" preserve="true" xsi:type="ValueSetRef"/>
                        </expression>
                     </source>
                     <let localId="204" locator="78:11-78:122" identifier="EGATiming">
                        <expression localId="203" locator="78:22-78:122" name="EarliestOf" libraryName="Global" xsi:type="FunctionRef">
                           <operand localId="200" locator="78:42-78:81" path="relevantDatetime" scope="EstimatedGestationalAge" xsi:type="Property"/>
                           <operand localId="202" locator="78:84-78:121" path="relevantPeriod" scope="EstimatedGestationalAge" xsi:type="Property"/>
                        </expression>
                     </let>
                     <where localId="227" locator="79:7-85:9" xsi:type="Or">
                        <operand localId="213" locator="79:12-81:7" xsi:type="And">
                           <operand localId="209" locator="79:13-79:83" xsi:type="And">
                              <operand locator="79:23-79:38" xsi:type="In">
                                 <operand localId="205" locator="79:13-79:21" name="EGATiming" xsi:type="QueryLetRef"/>
                                 <operand locator="79:23-79:38" lowClosed="true" highClosed="true" xsi:type="Interval">
                                    <low locator="79:53-79:83" xsi:type="Subtract">
                                       <operand localId="207" locator="79:53-79:83" name="LastTimeOfDelivery" xsi:type="FunctionRef">
                                          <operand localId="206" locator="79:74-79:82" name="Encounter" xsi:type="OperandRef"/>
                                       </operand>
                                       <operand localId="208" locator="79:23-79:30" value="24" unit="hours" xsi:type="Quantity"/>
                                    </low>
                                    <high localId="207" locator="79:53-79:83" name="LastTimeOfDelivery" xsi:type="FunctionRef">
                                       <operand localId="206" locator="79:74-79:82" name="Encounter" xsi:type="OperandRef"/>
                                    </high>
                                 </operand>
                              </operand>
                              <operand locator="79:23-79:38" xsi:type="Not">
                                 <operand locator="79:23-79:38" xsi:type="IsNull">
                                    <operand localId="207" locator="79:53-79:83" name="LastTimeOfDelivery" xsi:type="FunctionRef">
                                       <operand localId="206" locator="79:74-79:82" name="Encounter" xsi:type="OperandRef"/>
                                    </operand>
                                 </operand>
                              </operand>
                           </operand>
                           <operand localId="212" locator="80:15-80:56" xsi:type="Not">
                              <operand locator="80:15-80:56" xsi:type="IsNull">
                                 <operand localId="211" locator="80:15-80:44" path="result" scope="EstimatedGestationalAge" xsi:type="Property"/>
                              </operand>
                           </operand>
                        </operand>
                        <operand localId="226" locator="82:11-85:9" xsi:type="And">
                           <operand localId="222" locator="82:12-83:86" xsi:type="And">
                              <operand localId="217" locator="82:12-82:64" precision="Day" xsi:type="SameAs">
                                 <operand localId="214" locator="82:12-82:20" name="EGATiming" xsi:type="QueryLetRef"/>
                                 <operand localId="216" locator="82:34-82:64" name="LastTimeOfDelivery" xsi:type="FunctionRef">
                                    <operand localId="215" locator="82:55-82:63" name="Encounter" xsi:type="OperandRef"/>
                                 </operand>
                              </operand>
                              <operand localId="221" locator="83:17-83:86" xsi:type="In">
                                 <operand localId="218" locator="83:17-83:25" name="EGATiming" xsi:type="QueryLetRef"/>
                                 <operand localId="220" locator="83:34-83:86" name="HospitalizationWithEDOBTriageObservation" xsi:type="FunctionRef">
                                    <operand localId="219" locator="83:77-83:85" name="Encounter" xsi:type="OperandRef"/>
                                 </operand>
                              </operand>
                           </operand>
                           <operand localId="225" locator="84:17-84:58" xsi:type="Not">
                              <operand locator="84:17-84:58" xsi:type="IsNull">
                                 <operand localId="224" locator="84:17-84:46" path="result" scope="EstimatedGestationalAge" xsi:type="Property"/>
                              </operand>
                           </operand>
                        </operand>
                     </where>
                     <sort localId="233" locator="86:7-86:67">
                        <by localId="232" locator="86:15-86:67" direction="asc" xsi:type="ByExpression">
                           <expression localId="231" locator="86:15-86:67" name="EarliestOf" libraryName="Global" xsi:type="FunctionRef">
                              <operand localId="229" locator="86:35-86:50" name="relevantDatetime" xsi:type="IdentifierRef"/>
                              <operand localId="230" locator="86:53-86:66" name="relevantPeriod" xsi:type="IdentifierRef"/>
                           </expression>
                        </by>
                     </sort>
                  </source>
               </source>
            </operand>
            <asTypeSpecifier localId="237" locator="87:15-87:22" name="t:Quantity" xsi:type="NamedTypeSpecifier"/>
         </expression>
         <operand name="Encounter">
            <operandTypeSpecifier localId="195" locator="76:57-76:78" xmlns:ns11="urn:healthit-gov:qdm:v5_6" name="ns11:PositiveEncounterPerformed" xsi:type="NamedTypeSpecifier"/>
         </operand>
      </def>
   </statements>
</library>
