{
   "library" : {
      "localId" : "0",
      "annotation" : [ {
         "translatorVersion" : "3.14.0",
         "translatorOptions" : "EnableAnnotations,EnableLocators,EnableResultTypes,EnableDetailedErrors,DisableListDemotion,DisableListPromotion",
         "signatureLevel" : "None",
         "type" : "CqlToElmInfo"
      }, {
         "type" : "Annotation",
         "s" : {
            "r" : "394",
            "s" : [ {
               "value" : [ "","library CMS1056AlaraCT version '3.1.000'" ]
            } ]
         }
      } ],
      "identifier" : {
         "id" : "CMS1056AlaraCT",
         "version" : "3.1.000"
      },
      "schemaIdentifier" : {
         "id" : "urn:hl7-org:elm",
         "version" : "r1"
      },
      "usings" : {
         "def" : [ {
            "localId" : "1",
            "localIdentifier" : "System",
            "uri" : "urn:hl7-org:elm-types:r1"
         }, {
            "localId" : "206",
            "locator" : "3:1-3:23",
            "localIdentifier" : "QDM",
            "uri" : "urn:healthit-gov:qdm:v5_6",
            "version" : "5.6",
            "annotation" : [ {
               "type" : "Annotation",
               "s" : {
                  "r" : "206",
                  "s" : [ {
                     "value" : [ "","using " ]
                  }, {
                     "s" : [ {
                        "value" : [ "QDM" ]
                     } ]
                  }, {
                     "value" : [ " version '5.6'" ]
                  } ]
               }
            } ]
         } ]
      },
      "includes" : {
         "def" : [ {
            "localId" : "207",
            "locator" : "5:1-5:52",
            "localIdentifier" : "Global",
            "path" : "CQMCommonQDM",
            "version" : "9.0.000",
            "annotation" : [ {
               "type" : "Annotation",
               "s" : {
                  "r" : "207",
                  "s" : [ {
                     "value" : [ "","include " ]
                  }, {
                     "s" : [ {
                        "value" : [ "CQMCommonQDM" ]
                     } ]
                  }, {
                     "value" : [ " version ","'9.0.000'"," called ","Global" ]
                  } ]
               }
            } ]
         }, {
            "localId" : "208",
            "locator" : "6:1-6:68",
            "localIdentifier" : "AlaraCommon",
            "path" : "AlaraCommonFunctionsQDM",
            "version" : "1.4.000",
            "annotation" : [ {
               "type" : "Annotation",
               "s" : {
                  "r" : "208",
                  "s" : [ {
                     "value" : [ "","include " ]
                  }, {
                     "s" : [ {
                        "value" : [ "AlaraCommonFunctionsQDM" ]
                     } ]
                  }, {
                     "value" : [ " version ","'1.4.000'"," called ","AlaraCommon" ]
                  } ]
               }
            } ]
         } ]
      },
      "parameters" : {
         "def" : [ {
            "localId" : "218",
            "locator" : "18:1-18:49",
            "name" : "Measurement Period",
            "accessLevel" : "Public",
            "annotation" : [ {
               "type" : "Annotation",
               "s" : {
                  "r" : "218",
                  "s" : [ {
                     "value" : [ "","parameter ","\"Measurement Period\""," " ]
                  }, {
                     "r" : "219",
                     "s" : [ {
                        "value" : [ "Interval<" ]
                     }, {
                        "r" : "220",
                        "s" : [ {
                           "value" : [ "DateTime" ]
                        } ]
                     }, {
                        "value" : [ ">" ]
                     } ]
                  } ]
               }
            } ],
            "resultTypeSpecifier" : {
               "localId" : "223",
               "type" : "IntervalTypeSpecifier",
               "pointType" : {
                  "localId" : "224",
                  "name" : "{urn:hl7-org:elm-types:r1}DateTime",
                  "type" : "NamedTypeSpecifier"
               }
            },
            "parameterTypeSpecifier" : {
               "localId" : "219",
               "locator" : "18:32-18:49",
               "type" : "IntervalTypeSpecifier",
               "resultTypeSpecifier" : {
                  "localId" : "221",
                  "type" : "IntervalTypeSpecifier",
                  "pointType" : {
                     "localId" : "222",
                     "name" : "{urn:hl7-org:elm-types:r1}DateTime",
                     "type" : "NamedTypeSpecifier"
                  }
               },
               "pointType" : {
                  "localId" : "220",
                  "locator" : "18:41-18:48",
                  "resultTypeName" : "{urn:hl7-org:elm-types:r1}DateTime",
                  "name" : "{urn:hl7-org:elm-types:r1}DateTime",
                  "type" : "NamedTypeSpecifier"
               }
            }
         } ]
      },
      "codeSystems" : {
         "def" : [ {
            "localId" : "209",
            "locator" : "8:1-8:51",
            "resultTypeName" : "{urn:hl7-org:elm-types:r1}CodeSystem",
            "name" : "LOINC",
            "id" : "urn:oid:2.16.840.1.113883.6.1",
            "accessLevel" : "Public",
            "annotation" : [ {
               "type" : "Annotation",
               "s" : {
                  "r" : "209",
                  "s" : [ {
                     "value" : [ "","codesystem ","\"LOINC\"",": ","'urn:oid:2.16.840.1.113883.6.1'" ]
                  } ]
               }
            } ]
         } ]
      },
      "valueSets" : {
         "def" : [ {
            "localId" : "210",
            "locator" : "10:1-10:58",
            "resultTypeName" : "{urn:hl7-org:elm-types:r1}ValueSet",
            "name" : "Ethnicity",
            "id" : "urn:oid:2.16.840.1.114222.4.11.837",
            "accessLevel" : "Public",
            "annotation" : [ {
               "type" : "Annotation",
               "s" : {
                  "r" : "210",
                  "s" : [ {
                     "value" : [ "","valueset ","\"Ethnicity\"",": ","'urn:oid:2.16.840.1.114222.4.11.837'" ]
                  } ]
               }
            } ],
            "codeSystem" : [ ]
         }, {
            "localId" : "211",
            "locator" : "11:1-11:79",
            "resultTypeName" : "{urn:hl7-org:elm-types:r1}ValueSet",
            "name" : "Federal Administrative Sex",
            "id" : "urn:oid:2.16.840.1.113762.1.4.1021.121",
            "accessLevel" : "Public",
            "annotation" : [ {
               "type" : "Annotation",
               "s" : {
                  "r" : "211",
                  "s" : [ {
                     "value" : [ "","valueset ","\"Federal Administrative Sex\"",": ","'urn:oid:2.16.840.1.113762.1.4.1021.121'" ]
                  } ]
               }
            } ],
            "codeSystem" : [ ]
         }, {
            "localId" : "212",
            "locator" : "12:1-12:60",
            "resultTypeName" : "{urn:hl7-org:elm-types:r1}ValueSet",
            "name" : "Payer Type",
            "id" : "urn:oid:2.16.840.1.114222.4.11.3591",
            "accessLevel" : "Public",
            "annotation" : [ {
               "type" : "Annotation",
               "s" : {
                  "r" : "212",
                  "s" : [ {
                     "value" : [ "","valueset ","\"Payer Type\"",": ","'urn:oid:2.16.840.1.114222.4.11.3591'" ]
                  } ]
               }
            } ],
            "codeSystem" : [ ]
         }, {
            "localId" : "213",
            "locator" : "13:1-13:53",
            "resultTypeName" : "{urn:hl7-org:elm-types:r1}ValueSet",
            "name" : "Race",
            "id" : "urn:oid:2.16.840.1.114222.4.11.836",
            "accessLevel" : "Public",
            "annotation" : [ {
               "type" : "Annotation",
               "s" : {
                  "r" : "213",
                  "s" : [ {
                     "value" : [ "","valueset ","\"Race\"",": ","'urn:oid:2.16.840.1.114222.4.11.836'" ]
                  } ]
               }
            } ],
            "codeSystem" : [ ]
         } ]
      },
      "codes" : {
         "def" : [ {
            "localId" : "214",
            "locator" : "15:1-15:110",
            "resultTypeName" : "{urn:hl7-org:elm-types:r1}Code",
            "name" : "CT dose and image quality category",
            "id" : "96914-7",
            "display" : "CT dose and image quality category",
            "accessLevel" : "Public",
            "annotation" : [ {
               "type" : "Annotation",
               "s" : {
                  "r" : "214",
                  "s" : [ {
                     "value" : [ "","code ","\"CT dose and image quality category\"",": ","'96914-7'"," from " ]
                  }, {
                     "r" : "215",
                     "s" : [ {
                        "value" : [ "\"LOINC\"" ]
                     } ]
                  }, {
                     "value" : [ " display ","'CT dose and image quality category'" ]
                  } ]
               }
            } ],
            "codeSystem" : {
               "localId" : "215",
               "locator" : "15:59-15:65",
               "resultTypeName" : "{urn:hl7-org:elm-types:r1}CodeSystem",
               "name" : "LOINC"
            }
         }, {
            "localId" : "216",
            "locator" : "16:1-16:62",
            "resultTypeName" : "{urn:hl7-org:elm-types:r1}Code",
            "name" : "Full Body",
            "id" : "LA31771-1",
            "display" : "Full Body",
            "accessLevel" : "Public",
            "annotation" : [ {
               "type" : "Annotation",
               "s" : {
                  "r" : "216",
                  "s" : [ {
                     "value" : [ "","code ","\"Full Body\"",": ","'LA31771-1'"," from " ]
                  }, {
                     "r" : "217",
                     "s" : [ {
                        "value" : [ "\"LOINC\"" ]
                     } ]
                  }, {
                     "value" : [ " display ","'Full Body'" ]
                  } ]
               }
            } ],
            "codeSystem" : {
               "localId" : "217",
               "locator" : "16:36-16:42",
               "resultTypeName" : "{urn:hl7-org:elm-types:r1}CodeSystem",
               "name" : "LOINC"
            }
         } ]
      },
      "contexts" : {
         "def" : [ {
            "localId" : "228",
            "locator" : "20:1-20:15",
            "name" : "Patient"
         } ]
      },
      "statements" : {
         "def" : [ {
            "localId" : "226",
            "locator" : "20:1-20:15",
            "name" : "Patient",
            "context" : "Patient",
            "expression" : {
               "localId" : "227",
               "type" : "SingletonFrom",
               "signature" : [ ],
               "operand" : {
                  "localId" : "225",
                  "locator" : "20:1-20:15",
                  "dataType" : "{urn:healthit-gov:qdm:v5_6}Patient",
                  "templateId" : "Patient",
                  "type" : "Retrieve",
                  "include" : [ ],
                  "codeFilter" : [ ],
                  "dateFilter" : [ ],
                  "otherFilter" : [ ]
               }
            }
         }, {
            "localId" : "230",
            "locator" : "22:1-23:51",
            "name" : "SDE Ethnicity",
            "context" : "Patient",
            "accessLevel" : "Public",
            "annotation" : [ {
               "type" : "Annotation",
               "s" : {
                  "r" : "230",
                  "s" : [ {
                     "value" : [ "","define ","\"SDE Ethnicity\"",":\n  " ]
                  }, {
                     "r" : "233",
                     "s" : [ {
                        "value" : [ "[","\"Patient Characteristic Ethnicity\"",": " ]
                     }, {
                        "s" : [ {
                           "value" : [ "\"Ethnicity\"" ]
                        } ]
                     }, {
                        "value" : [ "]" ]
                     } ]
                  } ]
               }
            } ],
            "resultTypeSpecifier" : {
               "localId" : "237",
               "type" : "ListTypeSpecifier",
               "elementType" : {
                  "localId" : "238",
                  "name" : "{urn:healthit-gov:qdm:v5_6}PatientCharacteristicEthnicity",
                  "type" : "NamedTypeSpecifier"
               }
            },
            "expression" : {
               "localId" : "233",
               "locator" : "23:3-23:51",
               "dataType" : "{urn:healthit-gov:qdm:v5_6}PatientCharacteristicEthnicity",
               "codeProperty" : "code",
               "codeComparator" : "in",
               "type" : "Retrieve",
               "resultTypeSpecifier" : {
                  "localId" : "235",
                  "type" : "ListTypeSpecifier",
                  "elementType" : {
                     "localId" : "236",
                     "name" : "{urn:healthit-gov:qdm:v5_6}PatientCharacteristicEthnicity",
                     "type" : "NamedTypeSpecifier"
                  }
               },
               "codes" : {
                  "localId" : "232",
                  "locator" : "23:40-23:50",
                  "resultTypeName" : "{urn:hl7-org:elm-types:r1}ValueSet",
                  "name" : "Ethnicity",
                  "preserve" : true,
                  "type" : "ValueSetRef"
               },
               "include" : [ ],
               "codeFilter" : [ ],
               "dateFilter" : [ ],
               "otherFilter" : [ ]
            }
         }, {
            "localId" : "240",
            "locator" : "25:1-26:41",
            "name" : "SDE Race",
            "context" : "Patient",
            "accessLevel" : "Public",
            "annotation" : [ {
               "type" : "Annotation",
               "s" : {
                  "r" : "240",
                  "s" : [ {
                     "value" : [ "","define ","\"SDE Race\"",":\n  " ]
                  }, {
                     "r" : "243",
                     "s" : [ {
                        "value" : [ "[","\"Patient Characteristic Race\"",": " ]
                     }, {
                        "s" : [ {
                           "value" : [ "\"Race\"" ]
                        } ]
                     }, {
                        "value" : [ "]" ]
                     } ]
                  } ]
               }
            } ],
            "resultTypeSpecifier" : {
               "localId" : "247",
               "type" : "ListTypeSpecifier",
               "elementType" : {
                  "localId" : "248",
                  "name" : "{urn:healthit-gov:qdm:v5_6}PatientCharacteristicRace",
                  "type" : "NamedTypeSpecifier"
               }
            },
            "expression" : {
               "localId" : "243",
               "locator" : "26:3-26:41",
               "dataType" : "{urn:healthit-gov:qdm:v5_6}PatientCharacteristicRace",
               "codeProperty" : "code",
               "codeComparator" : "in",
               "type" : "Retrieve",
               "resultTypeSpecifier" : {
                  "localId" : "245",
                  "type" : "ListTypeSpecifier",
                  "elementType" : {
                     "localId" : "246",
                     "name" : "{urn:healthit-gov:qdm:v5_6}PatientCharacteristicRace",
                     "type" : "NamedTypeSpecifier"
                  }
               },
               "codes" : {
                  "localId" : "242",
                  "locator" : "26:35-26:40",
                  "resultTypeName" : "{urn:hl7-org:elm-types:r1}ValueSet",
                  "name" : "Race",
                  "preserve" : true,
                  "type" : "ValueSetRef"
               },
               "include" : [ ],
               "codeFilter" : [ ],
               "dateFilter" : [ ],
               "otherFilter" : [ ]
            }
         }, {
            "localId" : "250",
            "locator" : "28:1-29:62",
            "name" : "SDE Sex",
            "context" : "Patient",
            "accessLevel" : "Public",
            "annotation" : [ {
               "type" : "Annotation",
               "s" : {
                  "r" : "250",
                  "s" : [ {
                     "value" : [ "","define ","\"SDE Sex\"",":\n  " ]
                  }, {
                     "r" : "253",
                     "s" : [ {
                        "value" : [ "[","\"Patient Characteristic Sex\"",": " ]
                     }, {
                        "s" : [ {
                           "value" : [ "\"Federal Administrative Sex\"" ]
                        } ]
                     }, {
                        "value" : [ "]" ]
                     } ]
                  } ]
               }
            } ],
            "resultTypeSpecifier" : {
               "localId" : "257",
               "type" : "ListTypeSpecifier",
               "elementType" : {
                  "localId" : "258",
                  "name" : "{urn:healthit-gov:qdm:v5_6}PatientCharacteristicSex",
                  "type" : "NamedTypeSpecifier"
               }
            },
            "expression" : {
               "localId" : "253",
               "locator" : "29:3-29:62",
               "dataType" : "{urn:healthit-gov:qdm:v5_6}PatientCharacteristicSex",
               "codeProperty" : "code",
               "codeComparator" : "in",
               "type" : "Retrieve",
               "resultTypeSpecifier" : {
                  "localId" : "255",
                  "type" : "ListTypeSpecifier",
                  "elementType" : {
                     "localId" : "256",
                     "name" : "{urn:healthit-gov:qdm:v5_6}PatientCharacteristicSex",
                     "type" : "NamedTypeSpecifier"
                  }
               },
               "codes" : {
                  "localId" : "252",
                  "locator" : "29:34-29:61",
                  "resultTypeName" : "{urn:hl7-org:elm-types:r1}ValueSet",
                  "name" : "Federal Administrative Sex",
                  "preserve" : true,
                  "type" : "ValueSetRef"
               },
               "include" : [ ],
               "codeFilter" : [ ],
               "dateFilter" : [ ],
               "otherFilter" : [ ]
            }
         }, {
            "localId" : "260",
            "locator" : "31:1-32:48",
            "name" : "SDE Payer",
            "context" : "Patient",
            "accessLevel" : "Public",
            "annotation" : [ {
               "type" : "Annotation",
               "s" : {
                  "r" : "260",
                  "s" : [ {
                     "value" : [ "","define ","\"SDE Payer\"",":\n  " ]
                  }, {
                     "r" : "263",
                     "s" : [ {
                        "value" : [ "[","\"Patient Characteristic Payer\"",": " ]
                     }, {
                        "s" : [ {
                           "value" : [ "\"Payer Type\"" ]
                        } ]
                     }, {
                        "value" : [ "]" ]
                     } ]
                  } ]
               }
            } ],
            "resultTypeSpecifier" : {
               "localId" : "267",
               "type" : "ListTypeSpecifier",
               "elementType" : {
                  "localId" : "268",
                  "name" : "{urn:healthit-gov:qdm:v5_6}PatientCharacteristicPayer",
                  "type" : "NamedTypeSpecifier"
               }
            },
            "expression" : {
               "localId" : "263",
               "locator" : "32:3-32:48",
               "dataType" : "{urn:healthit-gov:qdm:v5_6}PatientCharacteristicPayer",
               "codeProperty" : "code",
               "codeComparator" : "in",
               "type" : "Retrieve",
               "resultTypeSpecifier" : {
                  "localId" : "265",
                  "type" : "ListTypeSpecifier",
                  "elementType" : {
                     "localId" : "266",
                     "name" : "{urn:healthit-gov:qdm:v5_6}PatientCharacteristicPayer",
                     "type" : "NamedTypeSpecifier"
                  }
               },
               "codes" : {
                  "localId" : "262",
                  "locator" : "32:36-32:47",
                  "resultTypeName" : "{urn:hl7-org:elm-types:r1}ValueSet",
                  "name" : "Payer Type",
                  "preserve" : true,
                  "type" : "ValueSetRef"
               },
               "include" : [ ],
               "codeFilter" : [ ],
               "dateFilter" : [ ],
               "otherFilter" : [ ]
            }
         }, {
            "localId" : "270",
            "locator" : "34:1-37:63",
            "name" : "Patients with Qualifying CTScan",
            "context" : "Patient",
            "accessLevel" : "Public",
            "annotation" : [ {
               "type" : "Annotation",
               "s" : {
                  "r" : "270",
                  "s" : [ {
                     "value" : [ "","define ","\"Patients with Qualifying CTScan\"",":\n  " ]
                  }, {
                     "r" : "314",
                     "s" : [ {
                        "s" : [ {
                           "r" : "271",
                           "s" : [ {
                              "r" : "274",
                              "s" : [ {
                                 "r" : "274",
                                 "s" : [ {
                                    "value" : [ "[","\"Diagnostic Study, Performed\"",": " ]
                                 }, {
                                    "s" : [ {
                                       "value" : [ "\"CT dose and image quality category\"" ]
                                    } ]
                                 }, {
                                    "value" : [ "]" ]
                                 } ]
                              } ]
                           }, {
                              "value" : [ " ","CTScanResult" ]
                           } ]
                        } ]
                     }, {
                        "value" : [ "\n    " ]
                     }, {
                        "r" : "283",
                        "s" : [ {
                           "value" : [ "where " ]
                        }, {
                           "r" : "283",
                           "s" : [ {
                              "r" : "302",
                              "s" : [ {
                                 "r" : "293",
                                 "s" : [ {
                                    "r" : "284",
                                    "s" : [ {
                                       "value" : [ "Global" ]
                                    } ]
                                 }, {
                                    "value" : [ "." ]
                                 }, {
                                    "r" : "293",
                                    "s" : [ {
                                       "value" : [ "\"NormalizeInterval\""," ( " ]
                                    }, {
                                       "r" : "286",
                                       "s" : [ {
                                          "r" : "285",
                                          "s" : [ {
                                             "value" : [ "CTScanResult" ]
                                          } ]
                                       }, {
                                          "value" : [ "." ]
                                       }, {
                                          "r" : "286",
                                          "s" : [ {
                                             "value" : [ "relevantDatetime" ]
                                          } ]
                                       } ]
                                    }, {
                                       "value" : [ ", " ]
                                    }, {
                                       "r" : "288",
                                       "s" : [ {
                                          "r" : "287",
                                          "s" : [ {
                                             "value" : [ "CTScanResult" ]
                                          } ]
                                       }, {
                                          "value" : [ "." ]
                                       }, {
                                          "r" : "288",
                                          "s" : [ {
                                             "value" : [ "relevantPeriod" ]
                                          } ]
                                       } ]
                                    }, {
                                       "value" : [ " )" ]
                                    } ]
                                 } ]
                              }, {
                                 "r" : "302",
                                 "value" : [ " ","ends during day of"," " ]
                              }, {
                                 "r" : "298",
                                 "s" : [ {
                                    "value" : [ "\"Measurement Period\"" ]
                                 } ]
                              } ]
                           }, {
                              "value" : [ "\n      and " ]
                           }, {
                              "r" : "303",
                              "s" : [ {
                                 "value" : [ "( " ]
                              }, {
                                 "r" : "303",
                                 "s" : [ {
                                    "r" : "312",
                                    "s" : [ {
                                       "value" : [ "AgeInYearsAt","(" ]
                                    }, {
                                       "r" : "304",
                                       "s" : [ {
                                          "value" : [ "start of " ]
                                       }, {
                                          "r" : "305",
                                          "s" : [ {
                                             "value" : [ "\"Measurement Period\"" ]
                                          } ]
                                       } ]
                                    }, {
                                       "value" : [ ")" ]
                                    } ]
                                 }, {
                                    "r" : "313",
                                    "value" : [ " ",">="," ","18" ]
                                 } ]
                              }, {
                                 "value" : [ " )" ]
                              } ]
                           } ]
                        } ]
                     } ]
                  } ]
               }
            } ],
            "resultTypeSpecifier" : {
               "localId" : "317",
               "type" : "ListTypeSpecifier",
               "elementType" : {
                  "localId" : "318",
                  "name" : "{urn:healthit-gov:qdm:v5_6}PositiveDiagnosticStudyPerformed",
                  "type" : "NamedTypeSpecifier"
               }
            },
            "expression" : {
               "localId" : "314",
               "locator" : "35:3-37:63",
               "type" : "Query",
               "resultTypeSpecifier" : {
                  "localId" : "315",
                  "type" : "ListTypeSpecifier",
                  "elementType" : {
                     "localId" : "316",
                     "name" : "{urn:healthit-gov:qdm:v5_6}PositiveDiagnosticStudyPerformed",
                     "type" : "NamedTypeSpecifier"
                  }
               },
               "source" : [ {
                  "localId" : "271",
                  "locator" : "35:3-35:84",
                  "alias" : "CTScanResult",
                  "resultTypeSpecifier" : {
                     "localId" : "281",
                     "type" : "ListTypeSpecifier",
                     "elementType" : {
                        "localId" : "282",
                        "name" : "{urn:healthit-gov:qdm:v5_6}PositiveDiagnosticStudyPerformed",
                        "type" : "NamedTypeSpecifier"
                     }
                  },
                  "expression" : {
                     "localId" : "274",
                     "locator" : "35:3-35:71",
                     "dataType" : "{urn:healthit-gov:qdm:v5_6}PositiveDiagnosticStudyPerformed",
                     "templateId" : "PositiveDiagnosticStudyPerformed",
                     "codeProperty" : "code",
                     "codeComparator" : "~",
                     "type" : "Retrieve",
                     "resultTypeSpecifier" : {
                        "localId" : "279",
                        "type" : "ListTypeSpecifier",
                        "elementType" : {
                           "localId" : "280",
                           "name" : "{urn:healthit-gov:qdm:v5_6}PositiveDiagnosticStudyPerformed",
                           "type" : "NamedTypeSpecifier"
                        }
                     },
                     "codes" : {
                        "localId" : "276",
                        "type" : "ToList",
                        "signature" : [ ],
                        "operand" : {
                           "localId" : "273",
                           "locator" : "35:35-35:70",
                           "resultTypeName" : "{urn:hl7-org:elm-types:r1}Code",
                           "name" : "CT dose and image quality category",
                           "type" : "CodeRef"
                        }
                     },
                     "include" : [ ],
                     "codeFilter" : [ ],
                     "dateFilter" : [ ],
                     "otherFilter" : [ ]
                  }
               } ],
               "let" : [ ],
               "relationship" : [ ],
               "where" : {
                  "localId" : "283",
                  "locator" : "36:5-37:63",
                  "resultTypeName" : "{urn:hl7-org:elm-types:r1}Boolean",
                  "type" : "And",
                  "signature" : [ ],
                  "operand" : [ {
                     "localId" : "302",
                     "locator" : "36:11-36:139",
                     "resultTypeName" : "{urn:hl7-org:elm-types:r1}Boolean",
                     "precision" : "Day",
                     "type" : "In",
                     "signature" : [ ],
                     "operand" : [ {
                        "localId" : "301",
                        "locator" : "36:101-36:104",
                        "type" : "End",
                        "signature" : [ ],
                        "operand" : {
                           "localId" : "293",
                           "locator" : "36:11-36:99",
                           "name" : "NormalizeInterval",
                           "libraryName" : "Global",
                           "type" : "FunctionRef",
                           "resultTypeSpecifier" : {
                              "localId" : "296",
                              "type" : "IntervalTypeSpecifier",
                              "pointType" : {
                                 "localId" : "297",
                                 "name" : "{urn:hl7-org:elm-types:r1}DateTime",
                                 "type" : "NamedTypeSpecifier"
                              }
                           },
                           "signature" : [ ],
                           "operand" : [ {
                              "localId" : "286",
                              "locator" : "36:40-36:68",
                              "resultTypeName" : "{urn:hl7-org:elm-types:r1}DateTime",
                              "path" : "relevantDatetime",
                              "scope" : "CTScanResult",
                              "type" : "Property"
                           }, {
                              "localId" : "288",
                              "locator" : "36:71-36:97",
                              "path" : "relevantPeriod",
                              "scope" : "CTScanResult",
                              "type" : "Property",
                              "resultTypeSpecifier" : {
                                 "localId" : "291",
                                 "type" : "IntervalTypeSpecifier",
                                 "pointType" : {
                                    "localId" : "292",
                                    "name" : "{urn:hl7-org:elm-types:r1}DateTime",
                                    "type" : "NamedTypeSpecifier"
                                 }
                              }
                           } ]
                        }
                     }, {
                        "localId" : "298",
                        "locator" : "36:120-36:139",
                        "name" : "Measurement Period",
                        "type" : "ParameterRef",
                        "resultTypeSpecifier" : {
                           "localId" : "299",
                           "type" : "IntervalTypeSpecifier",
                           "pointType" : {
                              "localId" : "300",
                              "name" : "{urn:hl7-org:elm-types:r1}DateTime",
                              "type" : "NamedTypeSpecifier"
                           }
                        }
                     } ]
                  }, {
                     "localId" : "303",
                     "locator" : "37:11-37:63",
                     "resultTypeName" : "{urn:hl7-org:elm-types:r1}Boolean",
                     "type" : "GreaterOrEqual",
                     "signature" : [ ],
                     "operand" : [ {
                        "localId" : "312",
                        "locator" : "37:13-37:55",
                        "resultTypeName" : "{urn:hl7-org:elm-types:r1}Integer",
                        "precision" : "Year",
                        "type" : "CalculateAgeAt",
                        "signature" : [ ],
                        "operand" : [ {
                           "localId" : "311",
                           "path" : "birthDatetime",
                           "type" : "Property",
                           "source" : {
                              "localId" : "310",
                              "name" : "Patient",
                              "type" : "ExpressionRef"
                           }
                        }, {
                           "localId" : "304",
                           "locator" : "37:26-37:54",
                           "resultTypeName" : "{urn:hl7-org:elm-types:r1}DateTime",
                           "type" : "Start",
                           "signature" : [ ],
                           "operand" : {
                              "localId" : "305",
                              "locator" : "37:35-37:54",
                              "name" : "Measurement Period",
                              "type" : "ParameterRef",
                              "resultTypeSpecifier" : {
                                 "localId" : "306",
                                 "type" : "IntervalTypeSpecifier",
                                 "pointType" : {
                                    "localId" : "307",
                                    "name" : "{urn:hl7-org:elm-types:r1}DateTime",
                                    "type" : "NamedTypeSpecifier"
                                 }
                              }
                           }
                        } ]
                     }, {
                        "localId" : "313",
                        "locator" : "37:60-37:61",
                        "resultTypeName" : "{urn:hl7-org:elm-types:r1}Integer",
                        "valueType" : "{urn:hl7-org:elm-types:r1}Integer",
                        "value" : "18",
                        "type" : "Literal"
                     } ]
                  } ]
               }
            }
         }, {
            "localId" : "320",
            "locator" : "39:1-40:46",
            "resultTypeName" : "{urn:hl7-org:elm-types:r1}Boolean",
            "name" : "Initial Population",
            "context" : "Patient",
            "accessLevel" : "Public",
            "annotation" : [ {
               "type" : "Annotation",
               "s" : {
                  "r" : "320",
                  "s" : [ {
                     "value" : [ "","define ","\"Initial Population\"",":\n  " ]
                  }, {
                     "r" : "321",
                     "s" : [ {
                        "value" : [ "exists " ]
                     }, {
                        "r" : "322",
                        "s" : [ {
                           "value" : [ "( " ]
                        }, {
                           "r" : "322",
                           "s" : [ {
                              "value" : [ "\"Patients with Qualifying CTScan\"" ]
                           } ]
                        }, {
                           "value" : [ " )" ]
                        } ]
                     } ]
                  } ]
               }
            } ],
            "expression" : {
               "localId" : "321",
               "locator" : "40:3-40:46",
               "resultTypeName" : "{urn:hl7-org:elm-types:r1}Boolean",
               "type" : "Exists",
               "signature" : [ ],
               "operand" : {
                  "localId" : "322",
                  "locator" : "40:10-40:46",
                  "name" : "Patients with Qualifying CTScan",
                  "type" : "ExpressionRef",
                  "resultTypeSpecifier" : {
                     "localId" : "325",
                     "type" : "ListTypeSpecifier",
                     "elementType" : {
                        "localId" : "326",
                        "name" : "{urn:healthit-gov:qdm:v5_6}PositiveDiagnosticStudyPerformed",
                        "type" : "NamedTypeSpecifier"
                     }
                  }
               }
            }
         }, {
            "localId" : "328",
            "locator" : "42:1-46:45",
            "name" : "Patients with Qualifying CTScan with Values",
            "context" : "Patient",
            "accessLevel" : "Public",
            "annotation" : [ {
               "type" : "Annotation",
               "s" : {
                  "r" : "328",
                  "s" : [ {
                     "value" : [ "","define ","\"Patients with Qualifying CTScan with Values\"",":\n  " ]
                  }, {
                     "r" : "363",
                     "s" : [ {
                        "s" : [ {
                           "r" : "329",
                           "s" : [ {
                              "r" : "330",
                              "s" : [ {
                                 "s" : [ {
                                    "value" : [ "\"Patients with Qualifying CTScan\"" ]
                                 } ]
                              } ]
                           }, {
                              "value" : [ " ","QualifyingCTScan" ]
                           } ]
                        } ]
                     }, {
                        "value" : [ "\n    " ]
                     }, {
                        "r" : "335",
                        "s" : [ {
                           "value" : [ "where " ]
                        }, {
                           "r" : "335",
                           "s" : [ {
                              "r" : "336",
                              "s" : [ {
                                 "r" : "341",
                                 "s" : [ {
                                    "r" : "339",
                                    "s" : [ {
                                       "r" : "337",
                                       "s" : [ {
                                          "value" : [ "AlaraCommon" ]
                                       } ]
                                    }, {
                                       "value" : [ "." ]
                                    }, {
                                       "r" : "339",
                                       "s" : [ {
                                          "value" : [ "\"Global Noise Value\""," ( " ]
                                       }, {
                                          "r" : "338",
                                          "s" : [ {
                                             "value" : [ "QualifyingCTScan" ]
                                          } ]
                                       }, {
                                          "value" : [ " )" ]
                                       } ]
                                    } ]
                                 }, {
                                    "value" : [ " is not null" ]
                                 } ]
                              }, {
                                 "value" : [ "\n      and " ]
                              }, {
                                 "r" : "346",
                                 "s" : [ {
                                    "r" : "344",
                                    "s" : [ {
                                       "r" : "342",
                                       "s" : [ {
                                          "value" : [ "AlaraCommon" ]
                                       } ]
                                    }, {
                                       "value" : [ "." ]
                                    }, {
                                       "r" : "344",
                                       "s" : [ {
                                          "value" : [ "\"Size Adjusted Value\""," ( " ]
                                       }, {
                                          "r" : "343",
                                          "s" : [ {
                                             "value" : [ "QualifyingCTScan" ]
                                          } ]
                                       }, {
                                          "value" : [ " )" ]
                                       } ]
                                    } ]
                                 }, {
                                    "value" : [ " is not null" ]
                                 } ]
                              } ]
                           }, {
                              "value" : [ "\n      and " ]
                           }, {
                              "r" : "362",
                              "s" : [ {
                                 "r" : "348",
                                 "s" : [ {
                                    "r" : "347",
                                    "s" : [ {
                                       "value" : [ "QualifyingCTScan" ]
                                    } ]
                                 }, {
                                    "value" : [ "." ]
                                 }, {
                                    "r" : "348",
                                    "s" : [ {
                                       "value" : [ "result" ]
                                    } ]
                                 } ]
                              }, {
                                 "value" : [ " is not null" ]
                              } ]
                           } ]
                        } ]
                     } ]
                  } ]
               }
            } ],
            "resultTypeSpecifier" : {
               "localId" : "366",
               "type" : "ListTypeSpecifier",
               "elementType" : {
                  "localId" : "367",
                  "name" : "{urn:healthit-gov:qdm:v5_6}PositiveDiagnosticStudyPerformed",
                  "type" : "NamedTypeSpecifier"
               }
            },
            "expression" : {
               "localId" : "363",
               "locator" : "43:3-46:45",
               "type" : "Query",
               "resultTypeSpecifier" : {
                  "localId" : "364",
                  "type" : "ListTypeSpecifier",
                  "elementType" : {
                     "localId" : "365",
                     "name" : "{urn:healthit-gov:qdm:v5_6}PositiveDiagnosticStudyPerformed",
                     "type" : "NamedTypeSpecifier"
                  }
               },
               "source" : [ {
                  "localId" : "329",
                  "locator" : "43:3-43:52",
                  "alias" : "QualifyingCTScan",
                  "resultTypeSpecifier" : {
                     "localId" : "333",
                     "type" : "ListTypeSpecifier",
                     "elementType" : {
                        "localId" : "334",
                        "name" : "{urn:healthit-gov:qdm:v5_6}PositiveDiagnosticStudyPerformed",
                        "type" : "NamedTypeSpecifier"
                     }
                  },
                  "expression" : {
                     "localId" : "330",
                     "locator" : "43:3-43:35",
                     "name" : "Patients with Qualifying CTScan",
                     "type" : "ExpressionRef",
                     "resultTypeSpecifier" : {
                        "localId" : "331",
                        "type" : "ListTypeSpecifier",
                        "elementType" : {
                           "localId" : "332",
                           "name" : "{urn:healthit-gov:qdm:v5_6}PositiveDiagnosticStudyPerformed",
                           "type" : "NamedTypeSpecifier"
                        }
                     }
                  }
               } ],
               "let" : [ ],
               "relationship" : [ ],
               "where" : {
                  "localId" : "335",
                  "locator" : "44:5-46:45",
                  "resultTypeName" : "{urn:hl7-org:elm-types:r1}Boolean",
                  "type" : "And",
                  "signature" : [ ],
                  "operand" : [ {
                     "localId" : "336",
                     "locator" : "44:11-45:76",
                     "resultTypeName" : "{urn:hl7-org:elm-types:r1}Boolean",
                     "type" : "And",
                     "signature" : [ ],
                     "operand" : [ {
                        "localId" : "341",
                        "locator" : "44:11-44:75",
                        "resultTypeName" : "{urn:hl7-org:elm-types:r1}Boolean",
                        "type" : "Not",
                        "signature" : [ ],
                        "operand" : {
                           "localId" : "340",
                           "locator" : "44:11-44:75",
                           "resultTypeName" : "{urn:hl7-org:elm-types:r1}Boolean",
                           "type" : "IsNull",
                           "signature" : [ ],
                           "operand" : {
                              "localId" : "339",
                              "locator" : "44:11-44:63",
                              "resultTypeName" : "{urn:hl7-org:elm-types:r1}Decimal",
                              "name" : "Global Noise Value",
                              "libraryName" : "AlaraCommon",
                              "type" : "FunctionRef",
                              "signature" : [ ],
                              "operand" : [ {
                                 "localId" : "338",
                                 "locator" : "44:46-44:61",
                                 "resultTypeName" : "{urn:healthit-gov:qdm:v5_6}PositiveDiagnosticStudyPerformed",
                                 "name" : "QualifyingCTScan",
                                 "type" : "AliasRef"
                              } ]
                           }
                        }
                     }, {
                        "localId" : "346",
                        "locator" : "45:11-45:76",
                        "resultTypeName" : "{urn:hl7-org:elm-types:r1}Boolean",
                        "type" : "Not",
                        "signature" : [ ],
                        "operand" : {
                           "localId" : "345",
                           "locator" : "45:11-45:76",
                           "resultTypeName" : "{urn:hl7-org:elm-types:r1}Boolean",
                           "type" : "IsNull",
                           "signature" : [ ],
                           "operand" : {
                              "localId" : "344",
                              "locator" : "45:11-45:64",
                              "resultTypeName" : "{urn:hl7-org:elm-types:r1}Decimal",
                              "name" : "Size Adjusted Value",
                              "libraryName" : "AlaraCommon",
                              "type" : "FunctionRef",
                              "signature" : [ ],
                              "operand" : [ {
                                 "localId" : "343",
                                 "locator" : "45:47-45:62",
                                 "resultTypeName" : "{urn:healthit-gov:qdm:v5_6}PositiveDiagnosticStudyPerformed",
                                 "name" : "QualifyingCTScan",
                                 "type" : "AliasRef"
                              } ]
                           }
                        }
                     } ]
                  }, {
                     "localId" : "362",
                     "locator" : "46:11-46:45",
                     "resultTypeName" : "{urn:hl7-org:elm-types:r1}Boolean",
                     "type" : "Not",
                     "signature" : [ ],
                     "operand" : {
                        "localId" : "361",
                        "locator" : "46:11-46:45",
                        "resultTypeName" : "{urn:hl7-org:elm-types:r1}Boolean",
                        "type" : "IsNull",
                        "signature" : [ ],
                        "operand" : {
                           "localId" : "348",
                           "locator" : "46:11-46:33",
                           "path" : "result",
                           "scope" : "QualifyingCTScan",
                           "type" : "Property",
                           "resultTypeSpecifier" : {
                              "localId" : "355",
                              "type" : "ChoiceTypeSpecifier",
                              "choice" : [ {
                                 "localId" : "356",
                                 "name" : "{urn:hl7-org:elm-types:r1}Integer",
                                 "type" : "NamedTypeSpecifier"
                              }, {
                                 "localId" : "357",
                                 "name" : "{urn:hl7-org:elm-types:r1}Decimal",
                                 "type" : "NamedTypeSpecifier"
                              }, {
                                 "localId" : "358",
                                 "name" : "{urn:hl7-org:elm-types:r1}Code",
                                 "type" : "NamedTypeSpecifier"
                              }, {
                                 "localId" : "359",
                                 "name" : "{urn:hl7-org:elm-types:r1}Quantity",
                                 "type" : "NamedTypeSpecifier"
                              }, {
                                 "localId" : "360",
                                 "name" : "{urn:hl7-org:elm-types:r1}Ratio",
                                 "type" : "NamedTypeSpecifier"
                              } ]
                           }
                        }
                     }
                  } ]
               }
            }
         }, {
            "localId" : "369",
            "locator" : "48:1-49:58",
            "resultTypeName" : "{urn:hl7-org:elm-types:r1}Boolean",
            "name" : "Denominator",
            "context" : "Patient",
            "accessLevel" : "Public",
            "annotation" : [ {
               "type" : "Annotation",
               "s" : {
                  "r" : "369",
                  "s" : [ {
                     "value" : [ "","define ","\"Denominator\"",":\n  " ]
                  }, {
                     "r" : "370",
                     "s" : [ {
                        "value" : [ "exists " ]
                     }, {
                        "r" : "371",
                        "s" : [ {
                           "value" : [ "( " ]
                        }, {
                           "r" : "371",
                           "s" : [ {
                              "value" : [ "\"Patients with Qualifying CTScan with Values\"" ]
                           } ]
                        }, {
                           "value" : [ " )" ]
                        } ]
                     } ]
                  } ]
               }
            } ],
            "expression" : {
               "localId" : "370",
               "locator" : "49:3-49:58",
               "resultTypeName" : "{urn:hl7-org:elm-types:r1}Boolean",
               "type" : "Exists",
               "signature" : [ ],
               "operand" : {
                  "localId" : "371",
                  "locator" : "49:10-49:58",
                  "name" : "Patients with Qualifying CTScan with Values",
                  "type" : "ExpressionRef",
                  "resultTypeSpecifier" : {
                     "localId" : "374",
                     "type" : "ListTypeSpecifier",
                     "elementType" : {
                        "localId" : "375",
                        "name" : "{urn:healthit-gov:qdm:v5_6}PositiveDiagnosticStudyPerformed",
                        "type" : "NamedTypeSpecifier"
                     }
                  }
               }
            }
         }, {
            "localId" : "377",
            "locator" : "51:1-54:3",
            "resultTypeName" : "{urn:hl7-org:elm-types:r1}Boolean",
            "name" : "Numerator",
            "context" : "Patient",
            "accessLevel" : "Public",
            "annotation" : [ {
               "type" : "Annotation",
               "s" : {
                  "r" : "377",
                  "s" : [ {
                     "value" : [ "","define ","\"Numerator\"",":\n  " ]
                  }, {
                     "r" : "378",
                     "s" : [ {
                        "value" : [ "exists " ]
                     }, {
                        "r" : "388",
                        "s" : [ {
                           "value" : [ "( " ]
                        }, {
                           "r" : "388",
                           "s" : [ {
                              "s" : [ {
                                 "r" : "379",
                                 "s" : [ {
                                    "r" : "380",
                                    "s" : [ {
                                       "s" : [ {
                                          "value" : [ "\"Patients with Qualifying CTScan with Values\"" ]
                                       } ]
                                    } ]
                                 }, {
                                    "value" : [ " ","CTScan" ]
                                 } ]
                              } ]
                           }, {
                              "value" : [ "\n      " ]
                           }, {
                              "r" : "387",
                              "s" : [ {
                                 "value" : [ "where " ]
                              }, {
                                 "r" : "387",
                                 "s" : [ {
                                    "r" : "385",
                                    "s" : [ {
                                       "value" : [ "AlaraCommon" ]
                                    } ]
                                 }, {
                                    "value" : [ "." ]
                                 }, {
                                    "r" : "387",
                                    "s" : [ {
                                       "value" : [ "\"CT Scan Qualifies\""," ( " ]
                                    }, {
                                       "r" : "386",
                                       "s" : [ {
                                          "value" : [ "CTScan" ]
                                       } ]
                                    }, {
                                       "value" : [ " )" ]
                                    } ]
                                 } ]
                              } ]
                           } ]
                        }, {
                           "value" : [ "\n  )" ]
                        } ]
                     } ]
                  } ]
               }
            } ],
            "expression" : {
               "localId" : "378",
               "locator" : "52:3-54:3",
               "resultTypeName" : "{urn:hl7-org:elm-types:r1}Boolean",
               "type" : "Exists",
               "signature" : [ ],
               "operand" : {
                  "localId" : "388",
                  "locator" : "52:10-54:3",
                  "type" : "Query",
                  "resultTypeSpecifier" : {
                     "localId" : "391",
                     "type" : "ListTypeSpecifier",
                     "elementType" : {
                        "localId" : "392",
                        "name" : "{urn:healthit-gov:qdm:v5_6}PositiveDiagnosticStudyPerformed",
                        "type" : "NamedTypeSpecifier"
                     }
                  },
                  "source" : [ {
                     "localId" : "379",
                     "locator" : "52:12-52:63",
                     "alias" : "CTScan",
                     "resultTypeSpecifier" : {
                        "localId" : "383",
                        "type" : "ListTypeSpecifier",
                        "elementType" : {
                           "localId" : "384",
                           "name" : "{urn:healthit-gov:qdm:v5_6}PositiveDiagnosticStudyPerformed",
                           "type" : "NamedTypeSpecifier"
                        }
                     },
                     "expression" : {
                        "localId" : "380",
                        "locator" : "52:12-52:56",
                        "name" : "Patients with Qualifying CTScan with Values",
                        "type" : "ExpressionRef",
                        "resultTypeSpecifier" : {
                           "localId" : "381",
                           "type" : "ListTypeSpecifier",
                           "elementType" : {
                              "localId" : "382",
                              "name" : "{urn:healthit-gov:qdm:v5_6}PositiveDiagnosticStudyPerformed",
                              "type" : "NamedTypeSpecifier"
                           }
                        }
                     }
                  } ],
                  "let" : [ ],
                  "relationship" : [ ],
                  "where" : {
                     "localId" : "387",
                     "locator" : "53:7-53:54",
                     "resultTypeName" : "{urn:hl7-org:elm-types:r1}Boolean",
                     "name" : "CT Scan Qualifies",
                     "libraryName" : "AlaraCommon",
                     "type" : "FunctionRef",
                     "signature" : [ ],
                     "operand" : [ {
                        "localId" : "386",
                        "locator" : "53:47-53:52",
                        "resultTypeName" : "{urn:healthit-gov:qdm:v5_6}PositiveDiagnosticStudyPerformed",
                        "name" : "CTScan",
                        "type" : "AliasRef"
                     } ]
                  }
               }
            }
         }, {
            "localId" : "394",
            "locator" : "56:1-59:3",
            "resultTypeName" : "{urn:hl7-org:elm-types:r1}Boolean",
            "name" : "Denominator Exclusion",
            "context" : "Patient",
            "accessLevel" : "Public",
            "annotation" : [ {
               "type" : "Annotation",
               "s" : {
                  "r" : "394",
                  "s" : [ {
                     "value" : [ "","define ","\"Denominator Exclusion\"",":\n  " ]
                  }, {
                     "r" : "395",
                     "s" : [ {
                        "value" : [ "exists " ]
                     }, {
                        "r" : "419",
                        "s" : [ {
                           "value" : [ "( " ]
                        }, {
                           "r" : "419",
                           "s" : [ {
                              "s" : [ {
                                 "r" : "396",
                                 "s" : [ {
                                    "r" : "397",
                                    "s" : [ {
                                       "s" : [ {
                                          "value" : [ "\"Patients with Qualifying CTScan with Values\"" ]
                                       } ]
                                    } ]
                                 }, {
                                    "value" : [ " ","CTScan" ]
                                 } ]
                              } ]
                           }, {
                              "value" : [ "\n      " ]
                           }, {
                              "r" : "402",
                              "s" : [ {
                                 "value" : [ "where " ]
                              }, {
                                 "r" : "402",
                                 "s" : [ {
                                    "r" : "404",
                                    "s" : [ {
                                       "r" : "403",
                                       "s" : [ {
                                          "value" : [ "CTScan" ]
                                       } ]
                                    }, {
                                       "value" : [ "." ]
                                    }, {
                                       "r" : "404",
                                       "s" : [ {
                                          "value" : [ "result" ]
                                       } ]
                                    } ]
                                 }, {
                                    "value" : [ " ","~"," " ]
                                 }, {
                                    "r" : "417",
                                    "s" : [ {
                                       "value" : [ "\"Full Body\"" ]
                                    } ]
                                 } ]
                              } ]
                           } ]
                        }, {
                           "value" : [ "\n  )" ]
                        } ]
                     } ]
                  } ]
               }
            } ],
            "expression" : {
               "localId" : "395",
               "locator" : "57:3-59:3",
               "resultTypeName" : "{urn:hl7-org:elm-types:r1}Boolean",
               "type" : "Exists",
               "signature" : [ ],
               "operand" : {
                  "localId" : "419",
                  "locator" : "57:10-59:3",
                  "type" : "Query",
                  "resultTypeSpecifier" : {
                     "localId" : "422",
                     "type" : "ListTypeSpecifier",
                     "elementType" : {
                        "localId" : "423",
                        "name" : "{urn:healthit-gov:qdm:v5_6}PositiveDiagnosticStudyPerformed",
                        "type" : "NamedTypeSpecifier"
                     }
                  },
                  "source" : [ {
                     "localId" : "396",
                     "locator" : "57:12-57:63",
                     "alias" : "CTScan",
                     "resultTypeSpecifier" : {
                        "localId" : "400",
                        "type" : "ListTypeSpecifier",
                        "elementType" : {
                           "localId" : "401",
                           "name" : "{urn:healthit-gov:qdm:v5_6}PositiveDiagnosticStudyPerformed",
                           "type" : "NamedTypeSpecifier"
                        }
                     },
                     "expression" : {
                        "localId" : "397",
                        "locator" : "57:12-57:56",
                        "name" : "Patients with Qualifying CTScan with Values",
                        "type" : "ExpressionRef",
                        "resultTypeSpecifier" : {
                           "localId" : "398",
                           "type" : "ListTypeSpecifier",
                           "elementType" : {
                              "localId" : "399",
                              "name" : "{urn:healthit-gov:qdm:v5_6}PositiveDiagnosticStudyPerformed",
                              "type" : "NamedTypeSpecifier"
                           }
                        }
                     }
                  } ],
                  "let" : [ ],
                  "relationship" : [ ],
                  "where" : {
                     "localId" : "402",
                     "locator" : "58:7-58:39",
                     "resultTypeName" : "{urn:hl7-org:elm-types:r1}Boolean",
                     "type" : "Equivalent",
                     "signature" : [ ],
                     "operand" : [ {
                        "localId" : "418",
                        "asType" : "{urn:hl7-org:elm-types:r1}Code",
                        "type" : "As",
                        "signature" : [ ],
                        "operand" : {
                           "localId" : "404",
                           "locator" : "58:13-58:25",
                           "path" : "result",
                           "scope" : "CTScan",
                           "type" : "Property",
                           "resultTypeSpecifier" : {
                              "localId" : "411",
                              "type" : "ChoiceTypeSpecifier",
                              "choice" : [ {
                                 "localId" : "412",
                                 "name" : "{urn:hl7-org:elm-types:r1}Integer",
                                 "type" : "NamedTypeSpecifier"
                              }, {
                                 "localId" : "413",
                                 "name" : "{urn:hl7-org:elm-types:r1}Decimal",
                                 "type" : "NamedTypeSpecifier"
                              }, {
                                 "localId" : "414",
                                 "name" : "{urn:hl7-org:elm-types:r1}Code",
                                 "type" : "NamedTypeSpecifier"
                              }, {
                                 "localId" : "415",
                                 "name" : "{urn:hl7-org:elm-types:r1}Quantity",
                                 "type" : "NamedTypeSpecifier"
                              }, {
                                 "localId" : "416",
                                 "name" : "{urn:hl7-org:elm-types:r1}Ratio",
                                 "type" : "NamedTypeSpecifier"
                              } ]
                           }
                        }
                     }, {
                        "localId" : "417",
                        "locator" : "58:29-58:39",
                        "resultTypeName" : "{urn:hl7-org:elm-types:r1}Code",
                        "name" : "Full Body",
                        "type" : "CodeRef"
                     } ]
                  }
               }
            }
         } ]
      }
   }
}