<?xml version="1.0" encoding="UTF-8"?>
<library xmlns="urn:hl7-org:elm:r1" xmlns:t="urn:hl7-org:elm-types:r1" xmlns:xsi="http://www.w3.org/2001/XMLSchema-instance" xmlns:xsd="http://www.w3.org/2001/XMLSchema" xmlns:fhir="http://hl7.org/fhir" xmlns:qdm43="urn:healthit-gov:qdm:v4_3" xmlns:qdm53="urn:healthit-gov:qdm:v5_3" xmlns:a="urn:hl7-org:cql-annotations:r1" localId="0">
   <annotation translatorVersion="3.14.0" translatorOptions="EnableAnnotations,EnableLocators,EnableResultTypes,EnableDetailedErrors,DisableListDemotion,DisableListPromotion" signatureLevel="None" xsi:type="a:CqlToElmInfo"/>
   <annotation xsi:type="a:Annotation">
      <a:s r="394">
         <a:s>library CMS1056AlaraCT version '3.1.000'</a:s>
      </a:s>
   </annotation>
   <identifier id="CMS1056AlaraCT" version="3.1.000"/>
   <schemaIdentifier id="urn:hl7-org:elm" version="r1"/>
   <usings>
      <def localId="1" localIdentifier="System" uri="urn:hl7-org:elm-types:r1"/>
      <def localId="206" locator="3:1-3:23" localIdentifier="QDM" uri="urn:healthit-gov:qdm:v5_6" version="5.6">
         <annotation xsi:type="a:Annotation">
            <a:s r="206">
               <a:s>using </a:s>
               <a:s>
                  <a:s>QDM</a:s>
               </a:s>
               <a:s> version '5.6'</a:s>
            </a:s>
         </annotation>
      </def>
   </usings>
   <includes>
      <def localId="207" locator="5:1-5:52" localIdentifier="Global" path="CQMCommonQDM" version="9.0.000">
         <annotation xsi:type="a:Annotation">
            <a:s r="207">
               <a:s>include </a:s>
               <a:s>
                  <a:s>CQMCommonQDM</a:s>
               </a:s>
               <a:s> version '9.0.000' called Global</a:s>
            </a:s>
         </annotation>
      </def>
      <def localId="208" locator="6:1-6:68" localIdentifier="AlaraCommon" path="AlaraCommonFunctionsQDM" version="1.4.000">
         <annotation xsi:type="a:Annotation">
            <a:s r="208">
               <a:s>include </a:s>
               <a:s>
                  <a:s>AlaraCommonFunctionsQDM</a:s>
               </a:s>
               <a:s> version '1.4.000' called AlaraCommon</a:s>
            </a:s>
         </annotation>
      </def>
   </includes>
   <parameters>
      <def localId="218" locator="18:1-18:49" name="Measurement Period" accessLevel="Public">
         <annotation xsi:type="a:Annotation">
            <a:s r="218">
               <a:s>parameter &quot;Measurement Period&quot; </a:s>
               <a:s r="219">
                  <a:s>Interval&lt;</a:s>
                  <a:s r="220">
                     <a:s>DateTime</a:s>
                  </a:s>
                  <a:s>></a:s>
               </a:s>
            </a:s>
         </annotation>
         <resultTypeSpecifier localId="223" xsi:type="IntervalTypeSpecifier">
            <pointType localId="224" name="t:DateTime" xsi:type="NamedTypeSpecifier"/>
         </resultTypeSpecifier>
         <parameterTypeSpecifier localId="219" locator="18:32-18:49" xsi:type="IntervalTypeSpecifier">
            <resultTypeSpecifier localId="221" xsi:type="IntervalTypeSpecifier">
               <pointType localId="222" name="t:DateTime" xsi:type="NamedTypeSpecifier"/>
            </resultTypeSpecifier>
            <pointType localId="220" locator="18:41-18:48" resultTypeName="t:DateTime" name="t:DateTime" xsi:type="NamedTypeSpecifier"/>
         </parameterTypeSpecifier>
      </def>
   </parameters>
   <codeSystems>
      <def localId="209" locator="8:1-8:51" resultTypeName="t:CodeSystem" name="LOINC" id="urn:oid:2.16.840.1.113883.6.1" accessLevel="Public">
         <annotation xsi:type="a:Annotation">
            <a:s r="209">
               <a:s>codesystem &quot;LOINC&quot;: 'urn:oid:2.16.840.1.113883.6.1'</a:s>
            </a:s>
         </annotation>
      </def>
   </codeSystems>
   <valueSets>
      <def localId="210" locator="10:1-10:58" resultTypeName="t:ValueSet" name="Ethnicity" id="urn:oid:2.16.840.1.114222.4.11.837" accessLevel="Public">
         <annotation xsi:type="a:Annotation">
            <a:s r="210">
               <a:s>valueset &quot;Ethnicity&quot;: 'urn:oid:2.16.840.1.114222.4.11.837'</a:s>
            </a:s>
         </annotation>
      </def>
      <def localId="211" locator="11:1-11:79" resultTypeName="t:ValueSet" name="Federal Administrative Sex" id="urn:oid:2.16.840.1.113762.1.4.1021.121" accessLevel="Public">
         <annotation xsi:type="a:Annotation">
            <a:s r="211">
               <a:s>valueset &quot;Federal Administrative Sex&quot;: 'urn:oid:2.16.840.1.113762.1.4.1021.121'</a:s>
            </a:s>
         </annotation>
      </def>
      <def localId="212" locator="12:1-12:60" resultTypeName="t:ValueSet" name="Payer Type" id="urn:oid:2.16.840.1.114222.4.11.3591" accessLevel="Public">
         <annotation xsi:type="a:Annotation">
            <a:s r="212">
               <a:s>valueset &quot;Payer Type&quot;: 'urn:oid:2.16.840.1.114222.4.11.3591'</a:s>
            </a:s>
         </annotation>
      </def>
      <def localId="213" locator="13:1-13:53" resultTypeName="t:ValueSet" name="Race" id="urn:oid:2.16.840.1.114222.4.11.836" accessLevel="Public">
         <annotation xsi:type="a:Annotation">
            <a:s r="213">
               <a:s>valueset &quot;Race&quot;: 'urn:oid:2.16.840.1.114222.4.11.836'</a:s>
            </a:s>
         </annotation>
      </def>
   </valueSets>
   <codes>
      <def localId="214" locator="15:1-15:110" resultTypeName="t:Code" name="CT dose and image quality category" id="96914-7" display="CT dose and image quality category" accessLevel="Public">
         <annotation xsi:type="a:Annotation">
            <a:s r="214">
               <a:s>code &quot;CT dose and image quality category&quot;: '96914-7' from </a:s>
               <a:s r="215">
                  <a:s>&quot;LOINC&quot;</a:s>
               </a:s>
               <a:s> display 'CT dose and image quality category'</a:s>
            </a:s>
         </annotation>
         <codeSystem localId="215" locator="15:59-15:65" resultTypeName="t:CodeSystem" name="LOINC"/>
      </def>
      <def localId="216" locator="16:1-16:62" resultTypeName="t:Code" name="Full Body" id="LA31771-1" display="Full Body" accessLevel="Public">
         <annotation xsi:type="a:Annotation">
            <a:s r="216">
               <a:s>code &quot;Full Body&quot;: 'LA31771-1' from </a:s>
               <a:s r="217">
                  <a:s>&quot;LOINC&quot;</a:s>
               </a:s>
               <a:s> display 'Full Body'</a:s>
            </a:s>
         </annotation>
         <codeSystem localId="217" locator="16:36-16:42" resultTypeName="t:CodeSystem" name="LOINC"/>
      </def>
   </codes>
   <contexts>
      <def localId="228" locator="20:1-20:15" name="Patient"/>
   </contexts>
   <statements>
      <def localId="226" locator="20:1-20:15" name="Patient" context="Patient">
         <expression localId="227" xsi:type="SingletonFrom">
            <operand localId="225" locator="20:1-20:15" xmlns:ns0="urn:healthit-gov:qdm:v5_6" dataType="ns0:Patient" templateId="Patient" xsi:type="Retrieve"/>
         </expression>
      </def>
      <def localId="230" locator="22:1-23:51" name="SDE Ethnicity" context="Patient" accessLevel="Public">
         <annotation xsi:type="a:Annotation">
            <a:s r="230">
               <a:s>define &quot;SDE Ethnicity&quot;:
  </a:s>
               <a:s r="233">
                  <a:s>[&quot;Patient Characteristic Ethnicity&quot;: </a:s>
                  <a:s>
                     <a:s>&quot;Ethnicity&quot;</a:s>
                  </a:s>
                  <a:s>]</a:s>
               </a:s>
            </a:s>
         </annotation>
         <resultTypeSpecifier localId="237" xsi:type="ListTypeSpecifier">
            <elementType localId="238" xmlns:ns1="urn:healthit-gov:qdm:v5_6" name="ns1:PatientCharacteristicEthnicity" xsi:type="NamedTypeSpecifier"/>
         </resultTypeSpecifier>
         <expression localId="233" locator="23:3-23:51" xmlns:ns2="urn:healthit-gov:qdm:v5_6" dataType="ns2:PatientCharacteristicEthnicity" codeProperty="code" codeComparator="in" xsi:type="Retrieve">
            <resultTypeSpecifier localId="235" xsi:type="ListTypeSpecifier">
               <elementType localId="236" xmlns:ns3="urn:healthit-gov:qdm:v5_6" name="ns3:PatientCharacteristicEthnicity" xsi:type="NamedTypeSpecifier"/>
            </resultTypeSpecifier>
            <codes localId="232" locator="23:40-23:50" resultTypeName="t:ValueSet" name="Ethnicity" preserve="true" xsi:type="ValueSetRef"/>
         </expression>
      </def>
      <def localId="240" locator="25:1-26:41" name="SDE Race" context="Patient" accessLevel="Public">
         <annotation xsi:type="a:Annotation">
            <a:s r="240">
               <a:s>define &quot;SDE Race&quot;:
  </a:s>
               <a:s r="243">
                  <a:s>[&quot;Patient Characteristic Race&quot;: </a:s>
                  <a:s>
                     <a:s>&quot;Race&quot;</a:s>
                  </a:s>
                  <a:s>]</a:s>
               </a:s>
            </a:s>
         </annotation>
         <resultTypeSpecifier localId="247" xsi:type="ListTypeSpecifier">
            <elementType localId="248" xmlns:ns4="urn:healthit-gov:qdm:v5_6" name="ns4:PatientCharacteristicRace" xsi:type="NamedTypeSpecifier"/>
         </resultTypeSpecifier>
         <expression localId="243" locator="26:3-26:41" xmlns:ns5="urn:healthit-gov:qdm:v5_6" dataType="ns5:PatientCharacteristicRace" codeProperty="code" codeComparator="in" xsi:type="Retrieve">
            <resultTypeSpecifier localId="245" xsi:type="ListTypeSpecifier">
               <elementType localId="246" xmlns:ns6="urn:healthit-gov:qdm:v5_6" name="ns6:PatientCharacteristicRace" xsi:type="NamedTypeSpecifier"/>
            </resultTypeSpecifier>
            <codes localId="242" locator="26:35-26:40" resultTypeName="t:ValueSet" name="Race" preserve="true" xsi:type="ValueSetRef"/>
         </expression>
      </def>
      <def localId="250" locator="28:1-29:62" name="SDE Sex" context="Patient" accessLevel="Public">
         <annotation xsi:type="a:Annotation">
            <a:s r="250">
               <a:s>define &quot;SDE Sex&quot;:
  </a:s>
               <a:s r="253">
                  <a:s>[&quot;Patient Characteristic Sex&quot;: </a:s>
                  <a:s>
                     <a:s>&quot;Federal Administrative Sex&quot;</a:s>
                  </a:s>
                  <a:s>]</a:s>
               </a:s>
            </a:s>
         </annotation>
         <resultTypeSpecifier localId="257" xsi:type="ListTypeSpecifier">
            <elementType localId="258" xmlns:ns7="urn:healthit-gov:qdm:v5_6" name="ns7:PatientCharacteristicSex" xsi:type="NamedTypeSpecifier"/>
         </resultTypeSpecifier>
         <expression localId="253" locator="29:3-29:62" xmlns:ns8="urn:healthit-gov:qdm:v5_6" dataType="ns8:PatientCharacteristicSex" codeProperty="code" codeComparator="in" xsi:type="Retrieve">
            <resultTypeSpecifier localId="255" xsi:type="ListTypeSpecifier">
               <elementType localId="256" xmlns:ns9="urn:healthit-gov:qdm:v5_6" name="ns9:PatientCharacteristicSex" xsi:type="NamedTypeSpecifier"/>
            </resultTypeSpecifier>
            <codes localId="252" locator="29:34-29:61" resultTypeName="t:ValueSet" name="Federal Administrative Sex" preserve="true" xsi:type="ValueSetRef"/>
         </expression>
      </def>
      <def localId="260" locator="31:1-32:48" name="SDE Payer" context="Patient" accessLevel="Public">
         <annotation xsi:type="a:Annotation">
            <a:s r="260">
               <a:s>define &quot;SDE Payer&quot;:
  </a:s>
               <a:s r="263">
                  <a:s>[&quot;Patient Characteristic Payer&quot;: </a:s>
                  <a:s>
                     <a:s>&quot;Payer Type&quot;</a:s>
                  </a:s>
                  <a:s>]</a:s>
               </a:s>
            </a:s>
         </annotation>
         <resultTypeSpecifier localId="267" xsi:type="ListTypeSpecifier">
            <elementType localId="268" xmlns:ns10="urn:healthit-gov:qdm:v5_6" name="ns10:PatientCharacteristicPayer" xsi:type="NamedTypeSpecifier"/>
         </resultTypeSpecifier>
         <expression localId="263" locator="32:3-32:48" xmlns:ns11="urn:healthit-gov:qdm:v5_6" dataType="ns11:PatientCharacteristicPayer" codeProperty="code" codeComparator="in" xsi:type="Retrieve">
            <resultTypeSpecifier localId="265" xsi:type="ListTypeSpecifier">
               <elementType localId="266" xmlns:ns12="urn:healthit-gov:qdm:v5_6" name="ns12:PatientCharacteristicPayer" xsi:type="NamedTypeSpecifier"/>
            </resultTypeSpecifier>
            <codes localId="262" locator="32:36-32:47" resultTypeName="t:ValueSet" name="Payer Type" preserve="true" xsi:type="ValueSetRef"/>
         </expression>
      </def>
      <def localId="270" locator="34:1-37:63" name="Patients with Qualifying CTScan" context="Patient" accessLevel="Public">
         <annotation xsi:type="a:Annotation">
            <a:s r="270">
               <a:s>define &quot;Patients with Qualifying CTScan&quot;:
  </a:s>
               <a:s r="314">
                  <a:s>
                     <a:s r="271">
                        <a:s r="274">
                           <a:s r="274">
                              <a:s>[&quot;Diagnostic Study, Performed&quot;: </a:s>
                              <a:s>
                                 <a:s>&quot;CT dose and image quality category&quot;</a:s>
                              </a:s>
                              <a:s>]</a:s>
                           </a:s>
                        </a:s>
                        <a:s> CTScanResult</a:s>
                     </a:s>
                  </a:s>
                  <a:s>
    </a:s>
                  <a:s r="283">
                     <a:s>where </a:s>
                     <a:s r="283">
                        <a:s r="302">
                           <a:s r="293">
                              <a:s r="284">
                                 <a:s>Global</a:s>
                              </a:s>
                              <a:s>.</a:s>
                              <a:s r="293">
                                 <a:s>&quot;NormalizeInterval&quot; ( </a:s>
                                 <a:s r="286">
                                    <a:s r="285">
                                       <a:s>CTScanResult</a:s>
                                    </a:s>
                                    <a:s>.</a:s>
                                    <a:s r="286">
                                       <a:s>relevantDatetime</a:s>
                                    </a:s>
                                 </a:s>
                                 <a:s>, </a:s>
                                 <a:s r="288">
                                    <a:s r="287">
                                       <a:s>CTScanResult</a:s>
                                    </a:s>
                                    <a:s>.</a:s>
                                    <a:s r="288">
                                       <a:s>relevantPeriod</a:s>
                                    </a:s>
                                 </a:s>
                                 <a:s> )</a:s>
                              </a:s>
                           </a:s>
                           <a:s r="302"> ends during day of </a:s>
                           <a:s r="298">
                              <a:s>&quot;Measurement Period&quot;</a:s>
                           </a:s>
                        </a:s>
                        <a:s>
      and </a:s>
                        <a:s r="303">
                           <a:s>( </a:s>
                           <a:s r="303">
                              <a:s r="312">
                                 <a:s>AgeInYearsAt(</a:s>
                                 <a:s r="304">
                                    <a:s>start of </a:s>
                                    <a:s r="305">
                                       <a:s>&quot;Measurement Period&quot;</a:s>
                                    </a:s>
                                 </a:s>
                                 <a:s>)</a:s>
                              </a:s>
                              <a:s r="313"> >= 18</a:s>
                           </a:s>
                           <a:s> )</a:s>
                        </a:s>
                     </a:s>
                  </a:s>
               </a:s>
            </a:s>
         </annotation>
         <resultTypeSpecifier localId="317" xsi:type="ListTypeSpecifier">
            <elementType localId="318" xmlns:ns13="urn:healthit-gov:qdm:v5_6" name="ns13:PositiveDiagnosticStudyPerformed" xsi:type="NamedTypeSpecifier"/>
         </resultTypeSpecifier>
         <expression localId="314" locator="35:3-37:63" xsi:type="Query">
            <resultTypeSpecifier localId="315" xsi:type="ListTypeSpecifier">
               <elementType localId="316" xmlns:ns14="urn:healthit-gov:qdm:v5_6" name="ns14:PositiveDiagnosticStudyPerformed" xsi:type="NamedTypeSpecifier"/>
            </resultTypeSpecifier>
            <source localId="271" locator="35:3-35:84" alias="CTScanResult">
               <resultTypeSpecifier localId="281" xsi:type="ListTypeSpecifier">
                  <elementType localId="282" xmlns:ns15="urn:healthit-gov:qdm:v5_6" name="ns15:PositiveDiagnosticStudyPerformed" xsi:type="NamedTypeSpecifier"/>
               </resultTypeSpecifier>
               <expression localId="274" locator="35:3-35:71" xmlns:ns16="urn:healthit-gov:qdm:v5_6" dataType="ns16:PositiveDiagnosticStudyPerformed" templateId="PositiveDiagnosticStudyPerformed" codeProperty="code" codeComparator="~" xsi:type="Retrieve">
                  <resultTypeSpecifier localId="279" xsi:type="ListTypeSpecifier">
                     <elementType localId="280" xmlns:ns17="urn:healthit-gov:qdm:v5_6" name="ns17:PositiveDiagnosticStudyPerformed" xsi:type="NamedTypeSpecifier"/>
                  </resultTypeSpecifier>
                  <codes localId="276" xsi:type="ToList">
                     <operand localId="273" locator="35:35-35:70" resultTypeName="t:Code" name="CT dose and image quality category" xsi:type="CodeRef"/>
                  </codes>
               </expression>
            </source>
            <where localId="283" locator="36:5-37:63" resultTypeName="t:Boolean" xsi:type="And">
               <operand localId="302" locator="36:11-36:139" resultTypeName="t:Boolean" precision="Day" xsi:type="In">
                  <operand localId="301" locator="36:101-36:104" xsi:type="End">
                     <operand localId="293" locator="36:11-36:99" name="NormalizeInterval" libraryName="Global" xsi:type="FunctionRef">
                        <resultTypeSpecifier localId="296" xsi:type="IntervalTypeSpecifier">
                           <pointType localId="297" name="t:DateTime" xsi:type="NamedTypeSpecifier"/>
                        </resultTypeSpecifier>
                        <operand localId="286" locator="36:40-36:68" resultTypeName="t:DateTime" path="relevantDatetime" scope="CTScanResult" xsi:type="Property"/>
                        <operand localId="288" locator="36:71-36:97" path="relevantPeriod" scope="CTScanResult" xsi:type="Property">
                           <resultTypeSpecifier localId="291" xsi:type="IntervalTypeSpecifier">
                              <pointType localId="292" name="t:DateTime" xsi:type="NamedTypeSpecifier"/>
                           </resultTypeSpecifier>
                        </operand>
                     </operand>
                  </operand>
                  <operand localId="298" locator="36:120-36:139" name="Measurement Period" xsi:type="ParameterRef">
                     <resultTypeSpecifier localId="299" xsi:type="IntervalTypeSpecifier">
                        <pointType localId="300" name="t:DateTime" xsi:type="NamedTypeSpecifier"/>
                     </resultTypeSpecifier>
                  </operand>
               </operand>
               <operand localId="303" locator="37:11-37:63" resultTypeName="t:Boolean" xsi:type="GreaterOrEqual">
                  <operand localId="312" locator="37:13-37:55" resultTypeName="t:Integer" precision="Year" xsi:type="CalculateAgeAt">
                     <operand localId="311" path="birthDatetime" xsi:type="Property">
                        <source localId="310" name="Patient" xsi:type="ExpressionRef"/>
                     </operand>
                     <operand localId="304" locator="37:26-37:54" resultTypeName="t:DateTime" xsi:type="Start">
                        <operand localId="305" locator="37:35-37:54" name="Measurement Period" xsi:type="ParameterRef">
                           <resultTypeSpecifier localId="306" xsi:type="IntervalTypeSpecifier">
                              <pointType localId="307" name="t:DateTime" xsi:type="NamedTypeSpecifier"/>
                           </resultTypeSpecifier>
                        </operand>
                     </operand>
                  </operand>
                  <operand localId="313" locator="37:60-37:61" resultTypeName="t:Integer" valueType="t:Integer" value="18" xsi:type="Literal"/>
               </operand>
            </where>
         </expression>
      </def>
      <def localId="320" locator="39:1-40:46" resultTypeName="t:Boolean" name="Initial Population" context="Patient" accessLevel="Public">
         <annotation xsi:type="a:Annotation">
            <a:s r="320">
               <a:s>define &quot;Initial Population&quot;:
  </a:s>
               <a:s r="321">
                  <a:s>exists </a:s>
                  <a:s r="322">
                     <a:s>( </a:s>
                     <a:s r="322">
                        <a:s>&quot;Patients with Qualifying CTScan&quot;</a:s>
                     </a:s>
                     <a:s> )</a:s>
                  </a:s>
               </a:s>
            </a:s>
         </annotation>
         <expression localId="321" locator="40:3-40:46" resultTypeName="t:Boolean" xsi:type="Exists">
            <operand localId="322" locator="40:10-40:46" name="Patients with Qualifying CTScan" xsi:type="ExpressionRef">
               <resultTypeSpecifier localId="325" xsi:type="ListTypeSpecifier">
                  <elementType localId="326" xmlns:ns18="urn:healthit-gov:qdm:v5_6" name="ns18:PositiveDiagnosticStudyPerformed" xsi:type="NamedTypeSpecifier"/>
               </resultTypeSpecifier>
            </operand>
         </expression>
      </def>
      <def localId="328" locator="42:1-46:45" name="Patients with Qualifying CTScan with Values" context="Patient" accessLevel="Public">
         <annotation xsi:type="a:Annotation">
            <a:s r="328">
               <a:s>define &quot;Patients with Qualifying CTScan with Values&quot;:
  </a:s>
               <a:s r="363">
                  <a:s>
                     <a:s r="329">
                        <a:s r="330">
                           <a:s>
                              <a:s>&quot;Patients with Qualifying CTScan&quot;</a:s>
                           </a:s>
                        </a:s>
                        <a:s> QualifyingCTScan</a:s>
                     </a:s>
                  </a:s>
                  <a:s>
    </a:s>
                  <a:s r="335">
                     <a:s>where </a:s>
                     <a:s r="335">
                        <a:s r="336">
                           <a:s r="341">
                              <a:s r="339">
                                 <a:s r="337">
                                    <a:s>AlaraCommon</a:s>
                                 </a:s>
                                 <a:s>.</a:s>
                                 <a:s r="339">
                                    <a:s>&quot;Global Noise Value&quot; ( </a:s>
                                    <a:s r="338">
                                       <a:s>QualifyingCTScan</a:s>
                                    </a:s>
                                    <a:s> )</a:s>
                                 </a:s>
                              </a:s>
                              <a:s> is not null</a:s>
                           </a:s>
                           <a:s>
      and </a:s>
                           <a:s r="346">
                              <a:s r="344">
                                 <a:s r="342">
                                    <a:s>AlaraCommon</a:s>
                                 </a:s>
                                 <a:s>.</a:s>
                                 <a:s r="344">
                                    <a:s>&quot;Size Adjusted Value&quot; ( </a:s>
                                    <a:s r="343">
                                       <a:s>QualifyingCTScan</a:s>
                                    </a:s>
                                    <a:s> )</a:s>
                                 </a:s>
                              </a:s>
                              <a:s> is not null</a:s>
                           </a:s>
                        </a:s>
                        <a:s>
      and </a:s>
                        <a:s r="362">
                           <a:s r="348">
                              <a:s r="347">
                                 <a:s>QualifyingCTScan</a:s>
                              </a:s>
                              <a:s>.</a:s>
                              <a:s r="348">
                                 <a:s>result</a:s>
                              </a:s>
                           </a:s>
                           <a:s> is not null</a:s>
                        </a:s>
                     </a:s>
                  </a:s>
               </a:s>
            </a:s>
         </annotation>
         <resultTypeSpecifier localId="366" xsi:type="ListTypeSpecifier">
            <elementType localId="367" xmlns:ns19="urn:healthit-gov:qdm:v5_6" name="ns19:PositiveDiagnosticStudyPerformed" xsi:type="NamedTypeSpecifier"/>
         </resultTypeSpecifier>
         <expression localId="363" locator="43:3-46:45" xsi:type="Query">
            <resultTypeSpecifier localId="364" xsi:type="ListTypeSpecifier">
               <elementType localId="365" xmlns:ns20="urn:healthit-gov:qdm:v5_6" name="ns20:PositiveDiagnosticStudyPerformed" xsi:type="NamedTypeSpecifier"/>
            </resultTypeSpecifier>
            <source localId="329" locator="43:3-43:52" alias="QualifyingCTScan">
               <resultTypeSpecifier localId="333" xsi:type="ListTypeSpecifier">
                  <elementType localId="334" xmlns:ns21="urn:healthit-gov:qdm:v5_6" name="ns21:PositiveDiagnosticStudyPerformed" xsi:type="NamedTypeSpecifier"/>
               </resultTypeSpecifier>
               <expression localId="330" locator="43:3-43:35" name="Patients with Qualifying CTScan" xsi:type="ExpressionRef">
                  <resultTypeSpecifier localId="331" xsi:type="ListTypeSpecifier">
                     <elementType localId="332" xmlns:ns22="urn:healthit-gov:qdm:v5_6" name="ns22:PositiveDiagnosticStudyPerformed" xsi:type="NamedTypeSpecifier"/>
                  </resultTypeSpecifier>
               </expression>
            </source>
            <where localId="335" locator="44:5-46:45" resultTypeName="t:Boolean" xsi:type="And">
               <operand localId="336" locator="44:11-45:76" resultTypeName="t:Boolean" xsi:type="And">
                  <operand localId="341" locator="44:11-44:75" resultTypeName="t:Boolean" xsi:type="Not">
                     <operand localId="340" locator="44:11-44:75" resultTypeName="t:Boolean" xsi:type="IsNull">
                        <operand localId="339" locator="44:11-44:63" resultTypeName="t:Decimal" name="Global Noise Value" libraryName="AlaraCommon" xsi:type="FunctionRef">
                           <operand localId="338" locator="44:46-44:61" xmlns:ns23="urn:healthit-gov:qdm:v5_6" resultTypeName="ns23:PositiveDiagnosticStudyPerformed" name="QualifyingCTScan" xsi:type="AliasRef"/>
                        </operand>
                     </operand>
                  </operand>
                  <operand localId="346" locator="45:11-45:76" resultTypeName="t:Boolean" xsi:type="Not">
                     <operand localId="345" locator="45:11-45:76" resultTypeName="t:Boolean" xsi:type="IsNull">
                        <operand localId="344" locator="45:11-45:64" resultTypeName="t:Decimal" name="Size Adjusted Value" libraryName="AlaraCommon" xsi:type="FunctionRef">
                           <operand localId="343" locator="45:47-45:62" xmlns:ns24="urn:healthit-gov:qdm:v5_6" resultTypeName="ns24:PositiveDiagnosticStudyPerformed" name="QualifyingCTScan" xsi:type="AliasRef"/>
                        </operand>
                     </operand>
                  </operand>
               </operand>
               <operand localId="362" locator="46:11-46:45" resultTypeName="t:Boolean" xsi:type="Not">
                  <operand localId="361" locator="46:11-46:45" resultTypeName="t:Boolean" xsi:type="IsNull">
                     <operand localId="348" locator="46:11-46:33" path="result" scope="QualifyingCTScan" xsi:type="Property">
                        <resultTypeSpecifier localId="355" xsi:type="ChoiceTypeSpecifier">
                           <choice localId="356" name="t:Integer" xsi:type="NamedTypeSpecifier"/>
                           <choice localId="357" name="t:Decimal" xsi:type="NamedTypeSpecifier"/>
                           <choice localId="358" name="t:Code" xsi:type="NamedTypeSpecifier"/>
                           <choice localId="359" name="t:Quantity" xsi:type="NamedTypeSpecifier"/>
                           <choice localId="360" name="t:Ratio" xsi:type="NamedTypeSpecifier"/>
                        </resultTypeSpecifier>
                     </operand>
                  </operand>
               </operand>
            </where>
         </expression>
      </def>
      <def localId="369" locator="48:1-49:58" resultTypeName="t:Boolean" name="Denominator" context="Patient" accessLevel="Public">
         <annotation xsi:type="a:Annotation">
            <a:s r="369">
               <a:s>define &quot;Denominator&quot;:
  </a:s>
               <a:s r="370">
                  <a:s>exists </a:s>
                  <a:s r="371">
                     <a:s>( </a:s>
                     <a:s r="371">
                        <a:s>&quot;Patients with Qualifying CTScan with Values&quot;</a:s>
                     </a:s>
                     <a:s> )</a:s>
                  </a:s>
               </a:s>
            </a:s>
         </annotation>
         <expression localId="370" locator="49:3-49:58" resultTypeName="t:Boolean" xsi:type="Exists">
            <operand localId="371" locator="49:10-49:58" name="Patients with Qualifying CTScan with Values" xsi:type="ExpressionRef">
               <resultTypeSpecifier localId="374" xsi:type="ListTypeSpecifier">
                  <elementType localId="375" xmlns:ns25="urn:healthit-gov:qdm:v5_6" name="ns25:PositiveDiagnosticStudyPerformed" xsi:type="NamedTypeSpecifier"/>
               </resultTypeSpecifier>
            </operand>
         </expression>
      </def>
      <def localId="377" locator="51:1-54:3" resultTypeName="t:Boolean" name="Numerator" context="Patient" accessLevel="Public">
         <annotation xsi:type="a:Annotation">
            <a:s r="377">
               <a:s>define &quot;Numerator&quot;:
  </a:s>
               <a:s r="378">
                  <a:s>exists </a:s>
                  <a:s r="388">
                     <a:s>( </a:s>
                     <a:s r="388">
                        <a:s>
                           <a:s r="379">
                              <a:s r="380">
                                 <a:s>
                                    <a:s>&quot;Patients with Qualifying CTScan with Values&quot;</a:s>
                                 </a:s>
                              </a:s>
                              <a:s> CTScan</a:s>
                           </a:s>
                        </a:s>
                        <a:s>
      </a:s>
                        <a:s r="387">
                           <a:s>where </a:s>
                           <a:s r="387">
                              <a:s r="385">
                                 <a:s>AlaraCommon</a:s>
                              </a:s>
                              <a:s>.</a:s>
                              <a:s r="387">
                                 <a:s>&quot;CT Scan Qualifies&quot; ( </a:s>
                                 <a:s r="386">
                                    <a:s>CTScan</a:s>
                                 </a:s>
                                 <a:s> )</a:s>
                              </a:s>
                           </a:s>
                        </a:s>
                     </a:s>
                     <a:s>
  )</a:s>
                  </a:s>
               </a:s>
            </a:s>
         </annotation>
         <expression localId="378" locator="52:3-54:3" resultTypeName="t:Boolean" xsi:type="Exists">
            <operand localId="388" locator="52:10-54:3" xsi:type="Query">
               <resultTypeSpecifier localId="391" xsi:type="ListTypeSpecifier">
                  <elementType localId="392" xmlns:ns26="urn:healthit-gov:qdm:v5_6" name="ns26:PositiveDiagnosticStudyPerformed" xsi:type="NamedTypeSpecifier"/>
               </resultTypeSpecifier>
               <source localId="379" locator="52:12-52:63" alias="CTScan">
                  <resultTypeSpecifier localId="383" xsi:type="ListTypeSpecifier">
                     <elementType localId="384" xmlns:ns27="urn:healthit-gov:qdm:v5_6" name="ns27:PositiveDiagnosticStudyPerformed" xsi:type="NamedTypeSpecifier"/>
                  </resultTypeSpecifier>
                  <expression localId="380" locator="52:12-52:56" name="Patients with Qualifying CTScan with Values" xsi:type="ExpressionRef">
                     <resultTypeSpecifier localId="381" xsi:type="ListTypeSpecifier">
                        <elementType localId="382" xmlns:ns28="urn:healthit-gov:qdm:v5_6" name="ns28:PositiveDiagnosticStudyPerformed" xsi:type="NamedTypeSpecifier"/>
                     </resultTypeSpecifier>
                  </expression>
               </source>
               <where localId="387" locator="53:7-53:54" resultTypeName="t:Boolean" name="CT Scan Qualifies" libraryName="AlaraCommon" xsi:type="FunctionRef">
                  <operand localId="386" locator="53:47-53:52" xmlns:ns29="urn:healthit-gov:qdm:v5_6" resultTypeName="ns29:PositiveDiagnosticStudyPerformed" name="CTScan" xsi:type="AliasRef"/>
               </where>
            </operand>
         </expression>
      </def>
      <def localId="394" locator="56:1-59:3" resultTypeName="t:Boolean" name="Denominator Exclusion" context="Patient" accessLevel="Public">
         <annotation xsi:type="a:Annotation">
            <a:s r="394">
               <a:s>define &quot;Denominator Exclusion&quot;:
  </a:s>
               <a:s r="395">
                  <a:s>exists </a:s>
                  <a:s r="419">
                     <a:s>( </a:s>
                     <a:s r="419">
                        <a:s>
                           <a:s r="396">
                              <a:s r="397">
                                 <a:s>
                                    <a:s>&quot;Patients with Qualifying CTScan with Values&quot;</a:s>
                                 </a:s>
                              </a:s>
                              <a:s> CTScan</a:s>
                           </a:s>
                        </a:s>
                        <a:s>
      </a:s>
                        <a:s r="402">
                           <a:s>where </a:s>
                           <a:s r="402">
                              <a:s r="404">
                                 <a:s r="403">
                                    <a:s>CTScan</a:s>
                                 </a:s>
                                 <a:s>.</a:s>
                                 <a:s r="404">
                                    <a:s>result</a:s>
                                 </a:s>
                              </a:s>
                              <a:s> ~ </a:s>
                              <a:s r="417">
                                 <a:s>&quot;Full Body&quot;</a:s>
                              </a:s>
                           </a:s>
                        </a:s>
                     </a:s>
                     <a:s>
  )</a:s>
                  </a:s>
               </a:s>
            </a:s>
         </annotation>
         <expression localId="395" locator="57:3-59:3" resultTypeName="t:Boolean" xsi:type="Exists">
            <operand localId="419" locator="57:10-59:3" xsi:type="Query">
               <resultTypeSpecifier localId="422" xsi:type="ListTypeSpecifier">
                  <elementType localId="423" xmlns:ns30="urn:healthit-gov:qdm:v5_6" name="ns30:PositiveDiagnosticStudyPerformed" xsi:type="NamedTypeSpecifier"/>
               </resultTypeSpecifier>
               <source localId="396" locator="57:12-57:63" alias="CTScan">
                  <resultTypeSpecifier localId="400" xsi:type="ListTypeSpecifier">
                     <elementType localId="401" xmlns:ns31="urn:healthit-gov:qdm:v5_6" name="ns31:PositiveDiagnosticStudyPerformed" xsi:type="NamedTypeSpecifier"/>
                  </resultTypeSpecifier>
                  <expression localId="397" locator="57:12-57:56" name="Patients with Qualifying CTScan with Values" xsi:type="ExpressionRef">
                     <resultTypeSpecifier localId="398" xsi:type="ListTypeSpecifier">
                        <elementType localId="399" xmlns:ns32="urn:healthit-gov:qdm:v5_6" name="ns32:PositiveDiagnosticStudyPerformed" xsi:type="NamedTypeSpecifier"/>
                     </resultTypeSpecifier>
                  </expression>
               </source>
               <where localId="402" locator="58:7-58:39" resultTypeName="t:Boolean" xsi:type="Equivalent">
                  <operand localId="418" asType="t:Code" xsi:type="As">
                     <operand localId="404" locator="58:13-58:25" path="result" scope="CTScan" xsi:type="Property">
                        <resultTypeSpecifier localId="411" xsi:type="ChoiceTypeSpecifier">
                           <choice localId="412" name="t:Integer" xsi:type="NamedTypeSpecifier"/>
                           <choice localId="413" name="t:Decimal" xsi:type="NamedTypeSpecifier"/>
                           <choice localId="414" name="t:Code" xsi:type="NamedTypeSpecifier"/>
                           <choice localId="415" name="t:Quantity" xsi:type="NamedTypeSpecifier"/>
                           <choice localId="416" name="t:Ratio" xsi:type="NamedTypeSpecifier"/>
                        </resultTypeSpecifier>
                     </operand>
                  </operand>
                  <operand localId="417" locator="58:29-58:39" resultTypeName="t:Code" name="Full Body" xsi:type="CodeRef"/>
               </where>
            </operand>
         </expression>
      </def>
   </statements>
</library>
