<?xml version="1.0" encoding="UTF-8"?>
<library xmlns="urn:hl7-org:elm:r1" xmlns:t="urn:hl7-org:elm-types:r1" xmlns:xsi="http://www.w3.org/2001/XMLSchema-instance" xmlns:xsd="http://www.w3.org/2001/XMLSchema" xmlns:fhir="http://hl7.org/fhir" xmlns:qdm43="urn:healthit-gov:qdm:v4_3" xmlns:qdm53="urn:healthit-gov:qdm:v5_3" xmlns:a="urn:hl7-org:cql-annotations:r1" localId="0">
   <annotation translatorVersion="3.14.0" translatorOptions="EnableAnnotations,EnableLocators,EnableResultTypes,EnableDetailedErrors,DisableListDemotion,DisableListPromotion" signatureLevel="None" xsi:type="a:CqlToElmInfo"/>
   <annotation xsi:type="a:Annotation">
      <a:s r="235">
         <a:s>library CMS819HHORAE version '4.2.000'</a:s>
      </a:s>
   </annotation>
   <identifier id="CMS819HHORAE" version="4.2.000"/>
   <schemaIdentifier id="urn:hl7-org:elm" version="r1"/>
   <usings>
      <def localId="1" localIdentifier="System" uri="urn:hl7-org:elm-types:r1"/>
      <def localId="206" locator="3:1-3:23" localIdentifier="QDM" uri="urn:healthit-gov:qdm:v5_6" version="5.6">
         <annotation xsi:type="a:Annotation">
            <a:s r="206">
               <a:s>using </a:s>
               <a:s>
                  <a:s>QDM</a:s>
               </a:s>
               <a:s> version '5.6'</a:s>
            </a:s>
         </annotation>
      </def>
   </usings>
   <includes>
      <def localId="207" locator="5:1-5:52" localIdentifier="Global" path="CQMCommonQDM" version="9.0.000">
         <annotation xsi:type="a:Annotation">
            <a:s r="207">
               <a:s>include </a:s>
               <a:s>
                  <a:s>CQMCommonQDM</a:s>
               </a:s>
               <a:s> version '9.0.000' called Global</a:s>
            </a:s>
         </annotation>
      </def>
   </includes>
   <parameters>
      <def localId="219" locator="21:1-21:49" name="Measurement Period" accessLevel="Public">
         <annotation xsi:type="a:Annotation">
            <a:s r="219">
               <a:s>parameter &quot;Measurement Period&quot; </a:s>
               <a:s r="220">
                  <a:s>Interval&lt;</a:s>
                  <a:s r="221">
                     <a:s>DateTime</a:s>
                  </a:s>
                  <a:s>></a:s>
               </a:s>
            </a:s>
         </annotation>
         <resultTypeSpecifier localId="224" xsi:type="IntervalTypeSpecifier">
            <pointType localId="225" name="t:DateTime" xsi:type="NamedTypeSpecifier"/>
         </resultTypeSpecifier>
         <parameterTypeSpecifier localId="220" locator="21:32-21:49" xsi:type="IntervalTypeSpecifier">
            <resultTypeSpecifier localId="222" xsi:type="IntervalTypeSpecifier">
               <pointType localId="223" name="t:DateTime" xsi:type="NamedTypeSpecifier"/>
            </resultTypeSpecifier>
            <pointType localId="221" locator="21:41-21:48" resultTypeName="t:DateTime" name="t:DateTime" xsi:type="NamedTypeSpecifier"/>
         </parameterTypeSpecifier>
      </def>
   </parameters>
   <codeSystems>
      <def localId="208" locator="8:1-8:53" resultTypeName="t:CodeSystem" name="HSLOC" id="urn:oid:2.16.840.1.113883.6.259" accessLevel="Public">
         <annotation xsi:type="a:Annotation">
            <a:s r="208">
               <a:s>codesystem &quot;HSLOC&quot;: 'urn:oid:2.16.840.1.113883.6.259'</a:s>
            </a:s>
         </annotation>
      </def>
   </codeSystems>
   <valueSets>
      <def localId="209" locator="10:1-10:79" resultTypeName="t:ValueSet" name="Federal Administrative Sex" id="urn:oid:2.16.840.1.113762.1.4.1021.121" accessLevel="Public">
         <annotation xsi:type="a:Annotation">
            <a:s r="209">
               <a:s>valueset &quot;Federal Administrative Sex&quot;: 'urn:oid:2.16.840.1.113762.1.4.1021.121'</a:s>
            </a:s>
         </annotation>
      </def>
      <def localId="210" locator="11:1-11:71" resultTypeName="t:ValueSet" name="Encounter Inpatient" id="urn:oid:2.16.840.1.113883.3.666.5.307" accessLevel="Public">
         <annotation xsi:type="a:Annotation">
            <a:s r="210">
               <a:s>valueset &quot;Encounter Inpatient&quot;: 'urn:oid:2.16.840.1.113883.3.666.5.307'</a:s>
            </a:s>
         </annotation>
      </def>
      <def localId="211" locator="12:1-12:58" resultTypeName="t:ValueSet" name="Ethnicity" id="urn:oid:2.16.840.1.114222.4.11.837" accessLevel="Public">
         <annotation xsi:type="a:Annotation">
            <a:s r="211">
               <a:s>valueset &quot;Ethnicity&quot;: 'urn:oid:2.16.840.1.114222.4.11.837'</a:s>
            </a:s>
         </annotation>
      </def>
      <def localId="212" locator="13:1-13:70" resultTypeName="t:ValueSet" name="Opioid Antagonist" id="urn:oid:2.16.840.1.113762.1.4.1248.119" accessLevel="Public">
         <annotation xsi:type="a:Annotation">
            <a:s r="212">
               <a:s>valueset &quot;Opioid Antagonist&quot;: 'urn:oid:2.16.840.1.113762.1.4.1248.119'</a:s>
            </a:s>
         </annotation>
      </def>
      <def localId="213" locator="14:1-14:65" resultTypeName="t:ValueSet" name="Opioids, All" id="urn:oid:2.16.840.1.113762.1.4.1196.226" accessLevel="Public">
         <annotation xsi:type="a:Annotation">
            <a:s r="213">
               <a:s>valueset &quot;Opioids, All&quot;: 'urn:oid:2.16.840.1.113762.1.4.1196.226'</a:s>
            </a:s>
         </annotation>
      </def>
      <def localId="214" locator="15:1-15:60" resultTypeName="t:ValueSet" name="Payer Type" id="urn:oid:2.16.840.1.114222.4.11.3591" accessLevel="Public">
         <annotation xsi:type="a:Annotation">
            <a:s r="214">
               <a:s>valueset &quot;Payer Type&quot;: 'urn:oid:2.16.840.1.114222.4.11.3591'</a:s>
            </a:s>
         </annotation>
      </def>
      <def localId="215" locator="16:1-16:53" resultTypeName="t:ValueSet" name="Race" id="urn:oid:2.16.840.1.114222.4.11.836" accessLevel="Public">
         <annotation xsi:type="a:Annotation">
            <a:s r="215">
               <a:s>valueset &quot;Race&quot;: 'urn:oid:2.16.840.1.114222.4.11.836'</a:s>
            </a:s>
         </annotation>
      </def>
      <def localId="216" locator="17:1-17:100" resultTypeName="t:ValueSet" name="Routes of Administration for Opioid Antagonists" id="urn:oid:2.16.840.1.113762.1.4.1248.187" accessLevel="Public">
         <annotation xsi:type="a:Annotation">
            <a:s r="216">
               <a:s>valueset &quot;Routes of Administration for Opioid Antagonists&quot;: 'urn:oid:2.16.840.1.113762.1.4.1248.187'</a:s>
            </a:s>
         </annotation>
      </def>
   </valueSets>
   <codes>
      <def localId="217" locator="19:1-19:81" resultTypeName="t:Code" name="Operating Room/Suite" id="1096-7" display="Operating Room/Suite" accessLevel="Public">
         <annotation xsi:type="a:Annotation">
            <a:s r="217">
               <a:s>code &quot;Operating Room/Suite&quot;: '1096-7' from </a:s>
               <a:s r="218">
                  <a:s>&quot;HSLOC&quot;</a:s>
               </a:s>
               <a:s> display 'Operating Room/Suite'</a:s>
            </a:s>
         </annotation>
         <codeSystem localId="218" locator="19:44-19:50" resultTypeName="t:CodeSystem" name="HSLOC"/>
      </def>
   </codes>
   <contexts>
      <def localId="229" locator="23:1-23:15" name="Patient"/>
   </contexts>
   <statements>
      <def localId="227" locator="23:1-23:15" name="Patient" context="Patient">
         <expression localId="228" xsi:type="SingletonFrom">
            <operand localId="226" locator="23:1-23:15" xmlns:ns0="urn:healthit-gov:qdm:v5_6" dataType="ns0:Patient" templateId="Patient" xsi:type="Retrieve"/>
         </expression>
      </def>
      <def localId="238" locator="41:1-44:88" name="Qualifying Encounter" context="Patient" accessLevel="Public">
         <annotation xsi:type="a:Annotation">
            <a:s r="238">
               <a:s>define &quot;Qualifying Encounter&quot;:
  </a:s>
               <a:s r="279">
                  <a:s>
                     <a:s r="239">
                        <a:s r="242">
                           <a:s r="242">
                              <a:s>[&quot;Encounter, Performed&quot;: </a:s>
                              <a:s>
                                 <a:s>&quot;Encounter Inpatient&quot;</a:s>
                              </a:s>
                              <a:s>]</a:s>
                           </a:s>
                        </a:s>
                        <a:s> InpatientHospitalization</a:s>
                     </a:s>
                  </a:s>
                  <a:s>
    </a:s>
                  <a:s r="250">
                     <a:s>where </a:s>
                     <a:s r="250">
                        <a:s r="261">
                           <a:s r="252">
                              <a:s r="251">
                                 <a:s>InpatientHospitalization</a:s>
                              </a:s>
                              <a:s>.</a:s>
                              <a:s r="252">
                                 <a:s>relevantPeriod</a:s>
                              </a:s>
                           </a:s>
                           <a:s r="261"> ends during day of </a:s>
                           <a:s r="257">
                              <a:s>&quot;Measurement Period&quot;</a:s>
                           </a:s>
                        </a:s>
                        <a:s>
      and </a:s>
                        <a:s r="262">
                           <a:s r="277">
                              <a:s>AgeInYearsAt(</a:s>
                              <a:s r="263">
                                 <a:s>date from </a:s>
                                 <a:s r="264">
                                    <a:s>start of </a:s>
                                    <a:s r="266">
                                       <a:s r="265">
                                          <a:s>InpatientHospitalization</a:s>
                                       </a:s>
                                       <a:s>.</a:s>
                                       <a:s r="266">
                                          <a:s>relevantPeriod</a:s>
                                       </a:s>
                                    </a:s>
                                 </a:s>
                              </a:s>
                              <a:s>)</a:s>
                           </a:s>
                           <a:s r="278"> >= 18</a:s>
                        </a:s>
                     </a:s>
                  </a:s>
               </a:s>
            </a:s>
         </annotation>
         <resultTypeSpecifier localId="591" xsi:type="ListTypeSpecifier">
            <elementType localId="592" xmlns:ns1="urn:healthit-gov:qdm:v5_6" name="ns1:PositiveEncounterPerformed" xsi:type="NamedTypeSpecifier"/>
         </resultTypeSpecifier>
         <expression localId="279" locator="42:3-44:88" xsi:type="Query">
            <resultTypeSpecifier localId="280" xsi:type="ListTypeSpecifier">
               <elementType localId="281" xmlns:ns2="urn:healthit-gov:qdm:v5_6" name="ns2:PositiveEncounterPerformed" xsi:type="NamedTypeSpecifier"/>
            </resultTypeSpecifier>
            <source localId="239" locator="42:3-42:74" alias="InpatientHospitalization">
               <resultTypeSpecifier localId="248" xsi:type="ListTypeSpecifier">
                  <elementType localId="249" xmlns:ns3="urn:healthit-gov:qdm:v5_6" name="ns3:PositiveEncounterPerformed" xsi:type="NamedTypeSpecifier"/>
               </resultTypeSpecifier>
               <expression localId="242" locator="42:3-42:49" xmlns:ns4="urn:healthit-gov:qdm:v5_6" dataType="ns4:PositiveEncounterPerformed" templateId="PositiveEncounterPerformed" codeProperty="code" codeComparator="in" xsi:type="Retrieve">
                  <resultTypeSpecifier localId="246" xsi:type="ListTypeSpecifier">
                     <elementType localId="247" xmlns:ns5="urn:healthit-gov:qdm:v5_6" name="ns5:PositiveEncounterPerformed" xsi:type="NamedTypeSpecifier"/>
                  </resultTypeSpecifier>
                  <codes localId="241" locator="42:28-42:48" resultTypeName="t:ValueSet" name="Encounter Inpatient" preserve="true" xsi:type="ValueSetRef"/>
               </expression>
            </source>
            <where localId="250" locator="43:5-44:88" resultTypeName="t:Boolean" xsi:type="And">
               <operand localId="261" locator="43:11-43:89" resultTypeName="t:Boolean" precision="Day" xsi:type="In">
                  <operand localId="260" locator="43:51-43:54" xsi:type="End">
                     <operand localId="252" locator="43:11-43:49" path="relevantPeriod" scope="InpatientHospitalization" xsi:type="Property">
                        <resultTypeSpecifier localId="255" xsi:type="IntervalTypeSpecifier">
                           <pointType localId="256" name="t:DateTime" xsi:type="NamedTypeSpecifier"/>
                        </resultTypeSpecifier>
                     </operand>
                  </operand>
                  <operand localId="257" locator="43:70-43:89" name="Measurement Period" xsi:type="ParameterRef">
                     <resultTypeSpecifier localId="258" xsi:type="IntervalTypeSpecifier">
                        <pointType localId="259" name="t:DateTime" xsi:type="NamedTypeSpecifier"/>
                     </resultTypeSpecifier>
                  </operand>
               </operand>
               <operand localId="262" locator="44:11-44:88" resultTypeName="t:Boolean" xsi:type="GreaterOrEqual">
                  <operand localId="277" locator="44:11-44:82" resultTypeName="t:Integer" precision="Year" xsi:type="CalculateAgeAt">
                     <operand localId="276" xsi:type="ToDate">
                        <operand localId="274" path="birthDatetime" xsi:type="Property">
                           <source localId="273" name="Patient" xsi:type="ExpressionRef"/>
                        </operand>
                     </operand>
                     <operand localId="263" locator="44:24-44:81" resultTypeName="t:Date" xsi:type="DateFrom">
                        <operand localId="264" locator="44:34-44:81" resultTypeName="t:DateTime" xsi:type="Start">
                           <operand localId="266" locator="44:43-44:81" path="relevantPeriod" scope="InpatientHospitalization" xsi:type="Property">
                              <resultTypeSpecifier localId="269" xsi:type="IntervalTypeSpecifier">
                                 <pointType localId="270" name="t:DateTime" xsi:type="NamedTypeSpecifier"/>
                              </resultTypeSpecifier>
                           </operand>
                        </operand>
                     </operand>
                  </operand>
                  <operand localId="278" locator="44:87-44:88" resultTypeName="t:Integer" valueType="t:Integer" value="18" xsi:type="Literal"/>
               </operand>
            </where>
         </expression>
      </def>
      <def localId="291" locator="38:1-39:46" name="Opioid Administration" context="Patient" accessLevel="Public">
         <annotation xsi:type="a:Annotation">
            <a:s r="291">
               <a:s>define &quot;Opioid Administration&quot;:
  </a:s>
               <a:s r="294">
                  <a:s>[&quot;Medication, Administered&quot;: </a:s>
                  <a:s>
                     <a:s>&quot;Opioids, All&quot;</a:s>
                  </a:s>
                  <a:s>]</a:s>
               </a:s>
            </a:s>
         </annotation>
         <resultTypeSpecifier localId="589" xsi:type="ListTypeSpecifier">
            <elementType localId="590" xmlns:ns6="urn:healthit-gov:qdm:v5_6" name="ns6:PositiveMedicationAdministered" xsi:type="NamedTypeSpecifier"/>
         </resultTypeSpecifier>
         <expression localId="294" locator="39:3-39:46" xmlns:ns7="urn:healthit-gov:qdm:v5_6" dataType="ns7:PositiveMedicationAdministered" templateId="PositiveMedicationAdministered" codeProperty="code" codeComparator="in" xsi:type="Retrieve">
            <resultTypeSpecifier localId="296" xsi:type="ListTypeSpecifier">
               <elementType localId="297" xmlns:ns8="urn:healthit-gov:qdm:v5_6" name="ns8:PositiveMedicationAdministered" xsi:type="NamedTypeSpecifier"/>
            </resultTypeSpecifier>
            <codes localId="293" locator="39:32-39:45" resultTypeName="t:ValueSet" name="Opioids, All" preserve="true" xsi:type="ValueSetRef"/>
         </expression>
      </def>
      <def localId="235" locator="86:1-93:9" name="Encounter with Opioid Administration Outside of Operating Room" context="Patient" accessLevel="Public">
         <annotation xsi:type="a:Annotation">
            <a:s r="235">
               <a:s>define &quot;Encounter with Opioid Administration Outside of Operating Room&quot;:
  </a:s>
               <a:s r="373">
                  <a:s>
                     <a:s r="236">
                        <a:s r="284">
                           <a:s>
                              <a:s>&quot;Qualifying Encounter&quot;</a:s>
                           </a:s>
                        </a:s>
                        <a:s> InpatientEncounter</a:s>
                     </a:s>
                  </a:s>
                  <a:s>
    </a:s>
                  <a:s r="370">
                     <a:s>with </a:s>
                     <a:s r="289">
                        <a:s r="300">
                           <a:s>
                              <a:s>&quot;Opioid Administration&quot;</a:s>
                           </a:s>
                        </a:s>
                        <a:s> OpioidGiven</a:s>
                     </a:s>
                     <a:s>
      such that </a:s>
                     <a:s r="305">
                        <a:s r="328">
                           <a:s r="315">
                              <a:s r="306">
                                 <a:s>Global</a:s>
                              </a:s>
                              <a:s>.</a:s>
                              <a:s r="315">
                                 <a:s>&quot;NormalizeInterval&quot; ( </a:s>
                                 <a:s r="308">
                                    <a:s r="307">
                                       <a:s>OpioidGiven</a:s>
                                    </a:s>
                                    <a:s>.</a:s>
                                    <a:s r="308">
                                       <a:s>relevantDatetime</a:s>
                                    </a:s>
                                 </a:s>
                                 <a:s>, </a:s>
                                 <a:s r="310">
                                    <a:s r="309">
                                       <a:s>OpioidGiven</a:s>
                                    </a:s>
                                    <a:s>.</a:s>
                                    <a:s r="310">
                                       <a:s>relevantPeriod</a:s>
                                    </a:s>
                                 </a:s>
                                 <a:s> )</a:s>
                              </a:s>
                           </a:s>
                           <a:s r="328"> starts during </a:s>
                           <a:s r="322">
                              <a:s r="320">
                                 <a:s>Global</a:s>
                              </a:s>
                              <a:s>.</a:s>
                              <a:s r="322">
                                 <a:s>&quot;HospitalizationWithObservation&quot; ( </a:s>
                                 <a:s r="321">
                                    <a:s>InpatientEncounter</a:s>
                                 </a:s>
                                 <a:s> )</a:s>
                              </a:s>
                           </a:s>
                        </a:s>
                        <a:s>
        and </a:s>
                        <a:s r="329">
                           <a:s>not </a:s>
                           <a:s r="330">
                              <a:s>exists </a:s>
                              <a:s r="365">
                                 <a:s>( </a:s>
                                 <a:s r="365">
                                    <a:s>
                                       <a:s r="331">
                                          <a:s r="333">
                                             <a:s>
                                                <a:s>InpatientEncounter.facilityLocations</a:s>
                                             </a:s>
                                          </a:s>
                                          <a:s> EncounterLocation</a:s>
                                       </a:s>
                                    </a:s>
                                    <a:s>
            </a:s>
                                    <a:s r="338">
                                       <a:s>where </a:s>
                                       <a:s r="338">
                                          <a:s r="339">
                                             <a:s r="341">
                                                <a:s r="340">
                                                   <a:s>EncounterLocation</a:s>
                                                </a:s>
                                                <a:s>.</a:s>
                                                <a:s r="341">
                                                   <a:s>code</a:s>
                                                </a:s>
                                             </a:s>
                                             <a:s> ~ </a:s>
                                             <a:s r="342">
                                                <a:s>&quot;Operating Room/Suite&quot;</a:s>
                                             </a:s>
                                          </a:s>
                                          <a:s>
              and </a:s>
                                          <a:s r="364">
                                             <a:s r="352">
                                                <a:s r="343">
                                                   <a:s>Global</a:s>
                                                </a:s>
                                                <a:s>.</a:s>
                                                <a:s r="352">
                                                   <a:s>&quot;NormalizeInterval&quot; ( </a:s>
                                                   <a:s r="345">
                                                      <a:s r="344">
                                                         <a:s>OpioidGiven</a:s>
                                                      </a:s>
                                                      <a:s>.</a:s>
                                                      <a:s r="345">
                                                         <a:s>relevantDatetime</a:s>
                                                      </a:s>
                                                   </a:s>
                                                   <a:s>, </a:s>
                                                   <a:s r="347">
                                                      <a:s r="346">
                                                         <a:s>OpioidGiven</a:s>
                                                      </a:s>
                                                      <a:s>.</a:s>
                                                      <a:s r="347">
                                                         <a:s>relevantPeriod</a:s>
                                                      </a:s>
                                                   </a:s>
                                                   <a:s> )</a:s>
                                                </a:s>
                                             </a:s>
                                             <a:s r="364"> starts during </a:s>
                                             <a:s r="358">
                                                <a:s r="357">
                                                   <a:s>EncounterLocation</a:s>
                                                </a:s>
                                                <a:s>.</a:s>
                                                <a:s r="358">
                                                   <a:s>locationPeriod</a:s>
                                                </a:s>
                                             </a:s>
                                          </a:s>
                                       </a:s>
                                    </a:s>
                                 </a:s>
                                 <a:s>
        )</a:s>
                              </a:s>
                           </a:s>
                        </a:s>
                     </a:s>
                  </a:s>
               </a:s>
            </a:s>
         </annotation>
         <resultTypeSpecifier localId="635" xsi:type="ListTypeSpecifier">
            <elementType localId="636" xmlns:ns9="urn:healthit-gov:qdm:v5_6" name="ns9:PositiveEncounterPerformed" xsi:type="NamedTypeSpecifier"/>
         </resultTypeSpecifier>
         <expression localId="373" locator="87:3-93:9" xsi:type="Query">
            <resultTypeSpecifier localId="374" xsi:type="ListTypeSpecifier">
               <elementType localId="375" xmlns:ns10="urn:healthit-gov:qdm:v5_6" name="ns10:PositiveEncounterPerformed" xsi:type="NamedTypeSpecifier"/>
            </resultTypeSpecifier>
            <source localId="236" locator="87:3-87:43" alias="InpatientEncounter">
               <resultTypeSpecifier localId="287" xsi:type="ListTypeSpecifier">
                  <elementType localId="288" xmlns:ns11="urn:healthit-gov:qdm:v5_6" name="ns11:PositiveEncounterPerformed" xsi:type="NamedTypeSpecifier"/>
               </resultTypeSpecifier>
               <expression localId="284" locator="87:3-87:24" name="Qualifying Encounter" xsi:type="ExpressionRef">
                  <resultTypeSpecifier localId="285" xsi:type="ListTypeSpecifier">
                     <elementType localId="286" xmlns:ns12="urn:healthit-gov:qdm:v5_6" name="ns12:PositiveEncounterPerformed" xsi:type="NamedTypeSpecifier"/>
                  </resultTypeSpecifier>
               </expression>
            </source>
            <relationship localId="370" locator="88:5-93:9" alias="OpioidGiven" xsi:type="With">
               <resultTypeSpecifier localId="371" xsi:type="ListTypeSpecifier">
                  <elementType localId="372" xmlns:ns13="urn:healthit-gov:qdm:v5_6" name="ns13:PositiveMedicationAdministered" xsi:type="NamedTypeSpecifier"/>
               </resultTypeSpecifier>
               <expression localId="300" locator="88:10-88:32" name="Opioid Administration" xsi:type="ExpressionRef">
                  <resultTypeSpecifier localId="301" xsi:type="ListTypeSpecifier">
                     <elementType localId="302" xmlns:ns14="urn:healthit-gov:qdm:v5_6" name="ns14:PositiveMedicationAdministered" xsi:type="NamedTypeSpecifier"/>
                  </resultTypeSpecifier>
               </expression>
               <suchThat localId="305" locator="89:17-93:9" resultTypeName="t:Boolean" xsi:type="And">
                  <operand localId="328" locator="89:17-89:180" resultTypeName="t:Boolean" xsi:type="In">
                     <operand localId="327" locator="89:105-89:110" xsi:type="Start">
                        <operand localId="315" locator="89:17-89:103" name="NormalizeInterval" libraryName="Global" xsi:type="FunctionRef">
                           <resultTypeSpecifier localId="318" xsi:type="IntervalTypeSpecifier">
                              <pointType localId="319" name="t:DateTime" xsi:type="NamedTypeSpecifier"/>
                           </resultTypeSpecifier>
                           <operand localId="308" locator="89:46-89:73" resultTypeName="t:DateTime" path="relevantDatetime" scope="OpioidGiven" xsi:type="Property"/>
                           <operand localId="310" locator="89:76-89:101" path="relevantPeriod" scope="OpioidGiven" xsi:type="Property">
                              <resultTypeSpecifier localId="313" xsi:type="IntervalTypeSpecifier">
                                 <pointType localId="314" name="t:DateTime" xsi:type="NamedTypeSpecifier"/>
                              </resultTypeSpecifier>
                           </operand>
                        </operand>
                     </operand>
                     <operand localId="322" locator="89:119-89:180" name="HospitalizationWithObservation" libraryName="Global" xsi:type="FunctionRef">
                        <resultTypeSpecifier localId="325" xsi:type="IntervalTypeSpecifier">
                           <pointType localId="326" name="t:DateTime" xsi:type="NamedTypeSpecifier"/>
                        </resultTypeSpecifier>
                        <operand localId="321" locator="89:161-89:178" xmlns:ns15="urn:healthit-gov:qdm:v5_6" resultTypeName="ns15:PositiveEncounterPerformed" name="InpatientEncounter" xsi:type="AliasRef"/>
                     </operand>
                  </operand>
                  <operand localId="329" locator="90:13-93:9" resultTypeName="t:Boolean" xsi:type="Not">
                     <operand localId="330" locator="90:17-93:9" resultTypeName="t:Boolean" xsi:type="Exists">
                        <operand localId="365" locator="90:24-93:9" xsi:type="Query">
                           <resultTypeSpecifier localId="368" xsi:type="ListTypeSpecifier">
                              <elementType localId="369" xmlns:ns16="urn:healthit-gov:qdm:v5_6" name="ns16:FacilityLocation" xsi:type="NamedTypeSpecifier"/>
                           </resultTypeSpecifier>
                           <source localId="331" locator="90:26-90:79" alias="EncounterLocation">
                              <resultTypeSpecifier localId="336" xsi:type="ListTypeSpecifier">
                                 <elementType localId="337" xmlns:ns17="urn:healthit-gov:qdm:v5_6" name="ns17:FacilityLocation" xsi:type="NamedTypeSpecifier"/>
                              </resultTypeSpecifier>
                              <expression localId="333" locator="90:26-90:61" path="facilityLocations" scope="InpatientEncounter" xsi:type="Property">
                                 <resultTypeSpecifier localId="334" xsi:type="ListTypeSpecifier">
                                    <elementType localId="335" xmlns:ns18="urn:healthit-gov:qdm:v5_6" name="ns18:FacilityLocation" xsi:type="NamedTypeSpecifier"/>
                                 </resultTypeSpecifier>
                              </expression>
                           </source>
                           <where localId="338" locator="91:13-92:152" resultTypeName="t:Boolean" xsi:type="And">
                              <operand localId="339" locator="91:19-91:65" resultTypeName="t:Boolean" xsi:type="Equivalent">
                                 <operand localId="341" locator="91:19-91:40" resultTypeName="t:Code" path="code" scope="EncounterLocation" xsi:type="Property"/>
                                 <operand localId="342" locator="91:44-91:65" resultTypeName="t:Code" name="Operating Room/Suite" xsi:type="CodeRef"/>
                              </operand>
                              <operand localId="364" locator="92:19-92:152" resultTypeName="t:Boolean" xsi:type="In">
                                 <operand localId="363" locator="92:107-92:112" xsi:type="Start">
                                    <operand localId="352" locator="92:19-92:105" name="NormalizeInterval" libraryName="Global" xsi:type="FunctionRef">
                                       <resultTypeSpecifier localId="355" xsi:type="IntervalTypeSpecifier">
                                          <pointType localId="356" name="t:DateTime" xsi:type="NamedTypeSpecifier"/>
                                       </resultTypeSpecifier>
                                       <operand localId="345" locator="92:48-92:75" resultTypeName="t:DateTime" path="relevantDatetime" scope="OpioidGiven" xsi:type="Property"/>
                                       <operand localId="347" locator="92:78-92:103" path="relevantPeriod" scope="OpioidGiven" xsi:type="Property">
                                          <resultTypeSpecifier localId="350" xsi:type="IntervalTypeSpecifier">
                                             <pointType localId="351" name="t:DateTime" xsi:type="NamedTypeSpecifier"/>
                                          </resultTypeSpecifier>
                                       </operand>
                                    </operand>
                                 </operand>
                                 <operand localId="358" locator="92:121-92:152" path="locationPeriod" scope="EncounterLocation" xsi:type="Property">
                                    <resultTypeSpecifier localId="361" xsi:type="IntervalTypeSpecifier">
                                       <pointType localId="362" name="t:DateTime" xsi:type="NamedTypeSpecifier"/>
                                    </resultTypeSpecifier>
                                 </operand>
                              </operand>
                           </where>
                        </operand>
                     </operand>
                  </operand>
               </suchThat>
            </relationship>
         </expression>
      </def>
      <def localId="233" locator="28:1-29:66" name="Initial Population" context="Patient" accessLevel="Public">
         <annotation xsi:type="a:Annotation">
            <a:s r="233">
               <a:s>define &quot;Initial Population&quot;:
  </a:s>
               <a:s r="378">
                  <a:s>&quot;Encounter with Opioid Administration Outside of Operating Room&quot;</a:s>
               </a:s>
            </a:s>
         </annotation>
         <resultTypeSpecifier localId="388" xsi:type="ListTypeSpecifier">
            <elementType localId="389" xmlns:ns19="urn:healthit-gov:qdm:v5_6" name="ns19:PositiveEncounterPerformed" xsi:type="NamedTypeSpecifier"/>
         </resultTypeSpecifier>
         <expression localId="378" locator="29:3-29:66" name="Encounter with Opioid Administration Outside of Operating Room" xsi:type="ExpressionRef">
            <resultTypeSpecifier localId="379" xsi:type="ListTypeSpecifier">
               <elementType localId="380" xmlns:ns20="urn:healthit-gov:qdm:v5_6" name="ns20:PositiveEncounterPerformed" xsi:type="NamedTypeSpecifier"/>
            </resultTypeSpecifier>
         </expression>
      </def>
      <def localId="231" locator="25:1-26:22" name="Denominator" context="Patient" accessLevel="Public">
         <annotation xsi:type="a:Annotation">
            <a:s r="231">
               <a:s>define &quot;Denominator&quot;:
  </a:s>
               <a:s r="383">
                  <a:s>&quot;Initial Population&quot;</a:s>
               </a:s>
            </a:s>
         </annotation>
         <resultTypeSpecifier localId="386" xsi:type="ListTypeSpecifier">
            <elementType localId="387" xmlns:ns21="urn:healthit-gov:qdm:v5_6" name="ns21:PositiveEncounterPerformed" xsi:type="NamedTypeSpecifier"/>
         </resultTypeSpecifier>
         <expression localId="383" locator="26:3-26:22" name="Initial Population" xsi:type="ExpressionRef">
            <resultTypeSpecifier localId="384" xsi:type="ListTypeSpecifier">
               <elementType localId="385" xmlns:ns22="urn:healthit-gov:qdm:v5_6" name="ns22:PositiveEncounterPerformed" xsi:type="NamedTypeSpecifier"/>
            </resultTypeSpecifier>
         </expression>
      </def>
      <def localId="391" locator="31:1-33:79" name="Non Enteral Opioid Antagonist Administration" context="Patient" accessLevel="Public">
         <annotation xsi:type="a:Annotation">
            <a:s r="391">
               <a:s>define &quot;Non Enteral Opioid Antagonist Administration&quot;:
  </a:s>
               <a:s r="407">
                  <a:s>
                     <a:s r="392">
                        <a:s r="395">
                           <a:s r="395">
                              <a:s>[&quot;Medication, Administered&quot;: </a:s>
                              <a:s>
                                 <a:s>&quot;Opioid Antagonist&quot;</a:s>
                              </a:s>
                              <a:s>]</a:s>
                           </a:s>
                        </a:s>
                        <a:s> Antagonist</a:s>
                     </a:s>
                  </a:s>
                  <a:s>
    </a:s>
                  <a:s r="406">
                     <a:s>where </a:s>
                     <a:s r="406">
                        <a:s r="404">
                           <a:s r="403">
                              <a:s>Antagonist</a:s>
                           </a:s>
                           <a:s>.</a:s>
                           <a:s r="404">
                              <a:s>route</a:s>
                           </a:s>
                        </a:s>
                        <a:s> in </a:s>
                        <a:s r="405">
                           <a:s>&quot;Routes of Administration for Opioid Antagonists&quot;</a:s>
                        </a:s>
                     </a:s>
                  </a:s>
               </a:s>
            </a:s>
         </annotation>
         <resultTypeSpecifier localId="410" xsi:type="ListTypeSpecifier">
            <elementType localId="411" xmlns:ns23="urn:healthit-gov:qdm:v5_6" name="ns23:PositiveMedicationAdministered" xsi:type="NamedTypeSpecifier"/>
         </resultTypeSpecifier>
         <expression localId="407" locator="32:3-33:79" xsi:type="Query">
            <resultTypeSpecifier localId="408" xsi:type="ListTypeSpecifier">
               <elementType localId="409" xmlns:ns24="urn:healthit-gov:qdm:v5_6" name="ns24:PositiveMedicationAdministered" xsi:type="NamedTypeSpecifier"/>
            </resultTypeSpecifier>
            <source localId="392" locator="32:3-32:62" alias="Antagonist">
               <resultTypeSpecifier localId="401" xsi:type="ListTypeSpecifier">
                  <elementType localId="402" xmlns:ns25="urn:healthit-gov:qdm:v5_6" name="ns25:PositiveMedicationAdministered" xsi:type="NamedTypeSpecifier"/>
               </resultTypeSpecifier>
               <expression localId="395" locator="32:3-32:51" xmlns:ns26="urn:healthit-gov:qdm:v5_6" dataType="ns26:PositiveMedicationAdministered" templateId="PositiveMedicationAdministered" codeProperty="code" codeComparator="in" xsi:type="Retrieve">
                  <resultTypeSpecifier localId="399" xsi:type="ListTypeSpecifier">
                     <elementType localId="400" xmlns:ns27="urn:healthit-gov:qdm:v5_6" name="ns27:PositiveMedicationAdministered" xsi:type="NamedTypeSpecifier"/>
                  </resultTypeSpecifier>
                  <codes localId="394" locator="32:32-32:50" resultTypeName="t:ValueSet" name="Opioid Antagonist" preserve="true" xsi:type="ValueSetRef"/>
               </expression>
            </source>
            <where localId="406" locator="33:5-33:79" resultTypeName="t:Boolean" xsi:type="InValueSet">
               <code localId="404" locator="33:11-33:26" resultTypeName="t:Code" path="route" scope="Antagonist" xsi:type="Property"/>
               <valueset localId="405" locator="33:31-33:79" resultTypeName="t:ValueSet" name="Routes of Administration for Opioid Antagonists" preserve="true"/>
            </where>
         </expression>
      </def>
      <def localId="415" locator="58:1-84:35" name="Encounter with NonOperating Room Opioid and Antagonist Administration" context="Patient" accessLevel="Public">
         <annotation xsi:type="a:Annotation">
            <a:s r="415">
               <a:s>define &quot;Encounter with NonOperating Room Opioid and Antagonist Administration&quot;:
  /* 
  Excludes opioid antagonist administered in operating room 
  AND excludes opioids administered in operating room 
  AND opioid is administered before opioid antagonist 
  AND limits opioid antagonist to non-enteral routes
  */
  
  </a:s>
               <a:s r="579">
                  <a:s>
                     <a:s>from
    </a:s>
                     <a:s r="416">
                        <a:s r="417">
                           <a:s>
                              <a:s>&quot;Non Enteral Opioid Antagonist Administration&quot;</a:s>
                           </a:s>
                        </a:s>
                        <a:s> NonEnteralOpioidAntagonistGiven</a:s>
                     </a:s>
                     <a:s>,
    </a:s>
                     <a:s r="422">
                        <a:s r="423">
                           <a:s>
                              <a:s>&quot;Opioid Administration&quot;</a:s>
                           </a:s>
                        </a:s>
                        <a:s> OpioidGiven</a:s>
                     </a:s>
                     <a:s>,
    </a:s>
                     <a:s r="428">
                        <a:s r="429">
                           <a:s>
                              <a:s>&quot;Denominator&quot;</a:s>
                           </a:s>
                        </a:s>
                        <a:s> InpatientHospitalization</a:s>
                     </a:s>
                  </a:s>
                  <a:s>
    </a:s>
                  <a:s>
                     <a:s>let </a:s>
                     <a:s r="434">
                        <a:s>NonEnteralOpioidAntagonistGivenTime: </a:s>
                        <a:s r="444">
                           <a:s r="435">
                              <a:s>Global</a:s>
                           </a:s>
                           <a:s>.</a:s>
                           <a:s r="444">
                              <a:s>&quot;NormalizeInterval&quot; ( </a:s>
                              <a:s r="437">
                                 <a:s r="436">
                                    <a:s>NonEnteralOpioidAntagonistGiven</a:s>
                                 </a:s>
                                 <a:s>.</a:s>
                                 <a:s r="437">
                                    <a:s>relevantDatetime</a:s>
                                 </a:s>
                              </a:s>
                              <a:s>, </a:s>
                              <a:s r="439">
                                 <a:s r="438">
                                    <a:s>NonEnteralOpioidAntagonistGiven</a:s>
                                 </a:s>
                                 <a:s>.</a:s>
                                 <a:s r="439">
                                    <a:s>relevantPeriod</a:s>
                                 </a:s>
                              </a:s>
                              <a:s> )</a:s>
                           </a:s>
                        </a:s>
                     </a:s>
                     <a:s>,
    </a:s>
                     <a:s r="451">
                        <a:s>OpioidGivenTime: </a:s>
                        <a:s r="461">
                           <a:s r="452">
                              <a:s>Global</a:s>
                           </a:s>
                           <a:s>.</a:s>
                           <a:s r="461">
                              <a:s>&quot;NormalizeInterval&quot; ( </a:s>
                              <a:s r="454">
                                 <a:s r="453">
                                    <a:s>OpioidGiven</a:s>
                                 </a:s>
                                 <a:s>.</a:s>
                                 <a:s r="454">
                                    <a:s>relevantDatetime</a:s>
                                 </a:s>
                              </a:s>
                              <a:s>, </a:s>
                              <a:s r="456">
                                 <a:s r="455">
                                    <a:s>OpioidGiven</a:s>
                                 </a:s>
                                 <a:s>.</a:s>
                                 <a:s r="456">
                                    <a:s>relevantPeriod</a:s>
                                 </a:s>
                              </a:s>
                              <a:s> )</a:s>
                           </a:s>
                        </a:s>
                     </a:s>
                     <a:s>,
    </a:s>
                     <a:s r="468">
                        <a:s>HospitalPeriod: </a:s>
                        <a:s r="471">
                           <a:s r="469">
                              <a:s>Global</a:s>
                           </a:s>
                           <a:s>.</a:s>
                           <a:s r="471">
                              <a:s>&quot;HospitalizationWithObservation&quot; ( </a:s>
                              <a:s r="470">
                                 <a:s>InpatientHospitalization</a:s>
                              </a:s>
                              <a:s> )</a:s>
                           </a:s>
                        </a:s>
                     </a:s>
                  </a:s>
                  <a:s>
    </a:s>
                  <a:s r="478">
                     <a:s>where </a:s>
                     <a:s r="478">
                        <a:s r="479">
                           <a:s r="480">
                              <a:s r="481">
                                 <a:s r="482">
                                    <a:s>not </a:s>
                                    <a:s r="483">
                                       <a:s>exists </a:s>
                                       <a:s r="507">
                                          <a:s>( </a:s>
                                          <a:s r="507">
                                             <a:s>
                                                <a:s r="484">
                                                   <a:s r="486">
                                                      <a:s>
                                                         <a:s>InpatientHospitalization.facilityLocations</a:s>
                                                      </a:s>
                                                   </a:s>
                                                   <a:s> EncounterLocation</a:s>
                                                </a:s>
                                             </a:s>
                                             <a:s>
        </a:s>
                                             <a:s r="491">
                                                <a:s>where </a:s>
                                                <a:s r="491">
                                                   <a:s r="492">
                                                      <a:s r="494">
                                                         <a:s r="493">
                                                            <a:s>EncounterLocation</a:s>
                                                         </a:s>
                                                         <a:s>.</a:s>
                                                         <a:s r="494">
                                                            <a:s>code</a:s>
                                                         </a:s>
                                                      </a:s>
                                                      <a:s> ~ </a:s>
                                                      <a:s r="495">
                                                         <a:s>&quot;Operating Room/Suite&quot;</a:s>
                                                      </a:s>
                                                   </a:s>
                                                   <a:s>
          and </a:s>
                                                   <a:s r="506">
                                                      <a:s r="496">
                                                         <a:s>NonEnteralOpioidAntagonistGivenTime</a:s>
                                                      </a:s>
                                                      <a:s r="506"> starts during </a:s>
                                                      <a:s r="500">
                                                         <a:s r="499">
                                                            <a:s>EncounterLocation</a:s>
                                                         </a:s>
                                                         <a:s>.</a:s>
                                                         <a:s r="500">
                                                            <a:s>locationPeriod</a:s>
                                                         </a:s>
                                                      </a:s>
                                                   </a:s>
                                                </a:s>
                                             </a:s>
                                          </a:s>
                                          <a:s>
    )</a:s>
                                       </a:s>
                                    </a:s>
                                 </a:s>
                                 <a:s>
      and </a:s>
                                 <a:s r="512">
                                    <a:s>not </a:s>
                                    <a:s r="513">
                                       <a:s>exists </a:s>
                                       <a:s r="537">
                                          <a:s>( </a:s>
                                          <a:s r="537">
                                             <a:s>
                                                <a:s r="514">
                                                   <a:s r="516">
                                                      <a:s>
                                                         <a:s>InpatientHospitalization.facilityLocations</a:s>
                                                      </a:s>
                                                   </a:s>
                                                   <a:s> EncounterLocation</a:s>
                                                </a:s>
                                             </a:s>
                                             <a:s>
          </a:s>
                                             <a:s r="521">
                                                <a:s>where </a:s>
                                                <a:s r="521">
                                                   <a:s r="522">
                                                      <a:s r="524">
                                                         <a:s r="523">
                                                            <a:s>EncounterLocation</a:s>
                                                         </a:s>
                                                         <a:s>.</a:s>
                                                         <a:s r="524">
                                                            <a:s>code</a:s>
                                                         </a:s>
                                                      </a:s>
                                                      <a:s> ~ </a:s>
                                                      <a:s r="525">
                                                         <a:s>&quot;Operating Room/Suite&quot;</a:s>
                                                      </a:s>
                                                   </a:s>
                                                   <a:s>
            and </a:s>
                                                   <a:s r="536">
                                                      <a:s r="526">
                                                         <a:s>OpioidGivenTime</a:s>
                                                      </a:s>
                                                      <a:s r="536"> starts during </a:s>
                                                      <a:s r="530">
                                                         <a:s r="529">
                                                            <a:s>EncounterLocation</a:s>
                                                         </a:s>
                                                         <a:s>.</a:s>
                                                         <a:s r="530">
                                                            <a:s>locationPeriod</a:s>
                                                         </a:s>
                                                      </a:s>
                                                   </a:s>
                                                </a:s>
                                             </a:s>
                                          </a:s>
                                          <a:s>
      )</a:s>
                                       </a:s>
                                    </a:s>
                                 </a:s>
                              </a:s>
                              <a:s>
      and </a:s>
                              <a:s r="549">
                                 <a:s r="542">
                                    <a:s>NonEnteralOpioidAntagonistGivenTime</a:s>
                                 </a:s>
                                 <a:s r="549"> starts during </a:s>
                                 <a:s r="545">
                                    <a:s>HospitalPeriod</a:s>
                                 </a:s>
                              </a:s>
                           </a:s>
                           <a:s>
      and </a:s>
                           <a:s r="557">
                              <a:s r="550">
                                 <a:s>OpioidGivenTime</a:s>
                              </a:s>
                              <a:s r="557"> starts during </a:s>
                              <a:s r="553">
                                 <a:s>HospitalPeriod</a:s>
                              </a:s>
                           </a:s>
                        </a:s>
                        <a:s>
      and </a:s>
                        <a:s r="574">
                           <a:s r="558">
                              <a:s>OpioidGivenTime</a:s>
                           </a:s>
                           <a:s> </a:s>
                           <a:s r="574">
                              <a:s>ends </a:s>
                              <a:s r="566">
                                 <a:s>12 hours</a:s>
                              </a:s>
                              <a:s> or less before</a:s>
                           </a:s>
                           <a:s> </a:s>
                           <a:s r="561">
                              <a:s>start of </a:s>
                              <a:s r="562">
                                 <a:s>NonEnteralOpioidAntagonistGivenTime</a:s>
                              </a:s>
                           </a:s>
                        </a:s>
                     </a:s>
                  </a:s>
                  <a:s>
    </a:s>
                  <a:s r="575">
                     <a:s>return </a:s>
                     <a:s r="576">
                        <a:s>InpatientHospitalization</a:s>
                     </a:s>
                  </a:s>
               </a:s>
            </a:s>
         </annotation>
         <resultTypeSpecifier localId="633" xsi:type="ListTypeSpecifier">
            <elementType localId="634" xmlns:ns28="urn:healthit-gov:qdm:v5_6" name="ns28:PositiveEncounterPerformed" xsi:type="NamedTypeSpecifier"/>
         </resultTypeSpecifier>
         <expression localId="579" locator="66:3-84:35" xsi:type="Query">
            <resultTypeSpecifier localId="580" xsi:type="ListTypeSpecifier">
               <elementType localId="581" xmlns:ns29="urn:healthit-gov:qdm:v5_6" name="ns29:PositiveEncounterPerformed" xsi:type="NamedTypeSpecifier"/>
            </resultTypeSpecifier>
            <source localId="416" locator="67:5-67:82" alias="NonEnteralOpioidAntagonistGiven">
               <resultTypeSpecifier localId="420" xsi:type="ListTypeSpecifier">
                  <elementType localId="421" xmlns:ns30="urn:healthit-gov:qdm:v5_6" name="ns30:PositiveMedicationAdministered" xsi:type="NamedTypeSpecifier"/>
               </resultTypeSpecifier>
               <expression localId="417" locator="67:5-67:50" name="Non Enteral Opioid Antagonist Administration" xsi:type="ExpressionRef">
                  <resultTypeSpecifier localId="418" xsi:type="ListTypeSpecifier">
                     <elementType localId="419" xmlns:ns31="urn:healthit-gov:qdm:v5_6" name="ns31:PositiveMedicationAdministered" xsi:type="NamedTypeSpecifier"/>
                  </resultTypeSpecifier>
               </expression>
            </source>
            <source localId="422" locator="68:5-68:39" alias="OpioidGiven">
               <resultTypeSpecifier localId="426" xsi:type="ListTypeSpecifier">
                  <elementType localId="427" xmlns:ns32="urn:healthit-gov:qdm:v5_6" name="ns32:PositiveMedicationAdministered" xsi:type="NamedTypeSpecifier"/>
               </resultTypeSpecifier>
               <expression localId="423" locator="68:5-68:27" name="Opioid Administration" xsi:type="ExpressionRef">
                  <resultTypeSpecifier localId="424" xsi:type="ListTypeSpecifier">
                     <elementType localId="425" xmlns:ns33="urn:healthit-gov:qdm:v5_6" name="ns33:PositiveMedicationAdministered" xsi:type="NamedTypeSpecifier"/>
                  </resultTypeSpecifier>
               </expression>
            </source>
            <source localId="428" locator="69:5-69:42" alias="InpatientHospitalization">
               <resultTypeSpecifier localId="432" xsi:type="ListTypeSpecifier">
                  <elementType localId="433" xmlns:ns34="urn:healthit-gov:qdm:v5_6" name="ns34:PositiveEncounterPerformed" xsi:type="NamedTypeSpecifier"/>
               </resultTypeSpecifier>
               <expression localId="429" locator="69:5-69:17" name="Denominator" xsi:type="ExpressionRef">
                  <resultTypeSpecifier localId="430" xsi:type="ListTypeSpecifier">
                     <elementType localId="431" xmlns:ns35="urn:healthit-gov:qdm:v5_6" name="ns35:PositiveEncounterPerformed" xsi:type="NamedTypeSpecifier"/>
                  </resultTypeSpecifier>
               </expression>
            </source>
            <let localId="434" locator="70:9-70:172" identifier="NonEnteralOpioidAntagonistGivenTime">
               <resultTypeSpecifier localId="449" xsi:type="IntervalTypeSpecifier">
                  <pointType localId="450" name="t:DateTime" xsi:type="NamedTypeSpecifier"/>
               </resultTypeSpecifier>
               <expression localId="444" locator="70:46-70:172" name="NormalizeInterval" libraryName="Global" xsi:type="FunctionRef">
                  <resultTypeSpecifier localId="447" xsi:type="IntervalTypeSpecifier">
                     <pointType localId="448" name="t:DateTime" xsi:type="NamedTypeSpecifier"/>
                  </resultTypeSpecifier>
                  <operand localId="437" locator="70:75-70:122" resultTypeName="t:DateTime" path="relevantDatetime" scope="NonEnteralOpioidAntagonistGiven" xsi:type="Property"/>
                  <operand localId="439" locator="70:125-70:170" path="relevantPeriod" scope="NonEnteralOpioidAntagonistGiven" xsi:type="Property">
                     <resultTypeSpecifier localId="442" xsi:type="IntervalTypeSpecifier">
                        <pointType localId="443" name="t:DateTime" xsi:type="NamedTypeSpecifier"/>
                     </resultTypeSpecifier>
                  </operand>
               </expression>
            </let>
            <let localId="451" locator="71:5-71:108" identifier="OpioidGivenTime">
               <resultTypeSpecifier localId="466" xsi:type="IntervalTypeSpecifier">
                  <pointType localId="467" name="t:DateTime" xsi:type="NamedTypeSpecifier"/>
               </resultTypeSpecifier>
               <expression localId="461" locator="71:22-71:108" name="NormalizeInterval" libraryName="Global" xsi:type="FunctionRef">
                  <resultTypeSpecifier localId="464" xsi:type="IntervalTypeSpecifier">
                     <pointType localId="465" name="t:DateTime" xsi:type="NamedTypeSpecifier"/>
                  </resultTypeSpecifier>
                  <operand localId="454" locator="71:51-71:78" resultTypeName="t:DateTime" path="relevantDatetime" scope="OpioidGiven" xsi:type="Property"/>
                  <operand localId="456" locator="71:81-71:106" path="relevantPeriod" scope="OpioidGiven" xsi:type="Property">
                     <resultTypeSpecifier localId="459" xsi:type="IntervalTypeSpecifier">
                        <pointType localId="460" name="t:DateTime" xsi:type="NamedTypeSpecifier"/>
                     </resultTypeSpecifier>
                  </operand>
               </expression>
            </let>
            <let localId="468" locator="72:5-72:88" identifier="HospitalPeriod">
               <resultTypeSpecifier localId="476" xsi:type="IntervalTypeSpecifier">
                  <pointType localId="477" name="t:DateTime" xsi:type="NamedTypeSpecifier"/>
               </resultTypeSpecifier>
               <expression localId="471" locator="72:21-72:88" name="HospitalizationWithObservation" libraryName="Global" xsi:type="FunctionRef">
                  <resultTypeSpecifier localId="474" xsi:type="IntervalTypeSpecifier">
                     <pointType localId="475" name="t:DateTime" xsi:type="NamedTypeSpecifier"/>
                  </resultTypeSpecifier>
                  <operand localId="470" locator="72:63-72:86" xmlns:ns36="urn:healthit-gov:qdm:v5_6" resultTypeName="ns36:PositiveEncounterPerformed" name="InpatientHospitalization" xsi:type="AliasRef"/>
               </expression>
            </let>
            <where localId="478" locator="73:5-83:99" resultTypeName="t:Boolean" xsi:type="And">
               <operand localId="479" locator="73:11-82:54" resultTypeName="t:Boolean" xsi:type="And">
                  <operand localId="480" locator="73:11-81:74" resultTypeName="t:Boolean" xsi:type="And">
                     <operand localId="481" locator="73:11-80:7" resultTypeName="t:Boolean" xsi:type="And">
                        <operand localId="482" locator="73:11-76:5" resultTypeName="t:Boolean" xsi:type="Not">
                           <operand localId="483" locator="73:15-76:5" resultTypeName="t:Boolean" xsi:type="Exists">
                              <operand localId="507" locator="73:22-76:5" xsi:type="Query">
                                 <resultTypeSpecifier localId="510" xsi:type="ListTypeSpecifier">
                                    <elementType localId="511" xmlns:ns37="urn:healthit-gov:qdm:v5_6" name="ns37:FacilityLocation" xsi:type="NamedTypeSpecifier"/>
                                 </resultTypeSpecifier>
                                 <source localId="484" locator="73:24-73:83" alias="EncounterLocation">
                                    <resultTypeSpecifier localId="489" xsi:type="ListTypeSpecifier">
                                       <elementType localId="490" xmlns:ns38="urn:healthit-gov:qdm:v5_6" name="ns38:FacilityLocation" xsi:type="NamedTypeSpecifier"/>
                                    </resultTypeSpecifier>
                                    <expression localId="486" locator="73:24-73:65" path="facilityLocations" scope="InpatientHospitalization" xsi:type="Property">
                                       <resultTypeSpecifier localId="487" xsi:type="ListTypeSpecifier">
                                          <elementType localId="488" xmlns:ns39="urn:healthit-gov:qdm:v5_6" name="ns39:FacilityLocation" xsi:type="NamedTypeSpecifier"/>
                                       </resultTypeSpecifier>
                                    </expression>
                                 </source>
                                 <where localId="491" locator="74:9-75:96" resultTypeName="t:Boolean" xsi:type="And">
                                    <operand localId="492" locator="74:15-74:61" resultTypeName="t:Boolean" xsi:type="Equivalent">
                                       <operand localId="494" locator="74:15-74:36" resultTypeName="t:Code" path="code" scope="EncounterLocation" xsi:type="Property"/>
                                       <operand localId="495" locator="74:40-74:61" resultTypeName="t:Code" name="Operating Room/Suite" xsi:type="CodeRef"/>
                                    </operand>
                                    <operand localId="506" locator="75:15-75:96" resultTypeName="t:Boolean" xsi:type="In">
                                       <operand localId="505" locator="75:51-75:56" xsi:type="Start">
                                          <operand localId="496" locator="75:15-75:49" name="NonEnteralOpioidAntagonistGivenTime" xsi:type="QueryLetRef">
                                             <resultTypeSpecifier localId="497" xsi:type="IntervalTypeSpecifier">
                                                <pointType localId="498" name="t:DateTime" xsi:type="NamedTypeSpecifier"/>
                                             </resultTypeSpecifier>
                                          </operand>
                                       </operand>
                                       <operand localId="500" locator="75:65-75:96" path="locationPeriod" scope="EncounterLocation" xsi:type="Property">
                                          <resultTypeSpecifier localId="503" xsi:type="IntervalTypeSpecifier">
                                             <pointType localId="504" name="t:DateTime" xsi:type="NamedTypeSpecifier"/>
                                          </resultTypeSpecifier>
                                       </operand>
                                    </operand>
                                 </where>
                              </operand>
                           </operand>
                        </operand>
                        <operand localId="512" locator="77:11-80:7" resultTypeName="t:Boolean" xsi:type="Not">
                           <operand localId="513" locator="77:15-80:7" resultTypeName="t:Boolean" xsi:type="Exists">
                              <operand localId="537" locator="77:22-80:7" xsi:type="Query">
                                 <resultTypeSpecifier localId="540" xsi:type="ListTypeSpecifier">
                                    <elementType localId="541" xmlns:ns40="urn:healthit-gov:qdm:v5_6" name="ns40:FacilityLocation" xsi:type="NamedTypeSpecifier"/>
                                 </resultTypeSpecifier>
                                 <source localId="514" locator="77:24-77:83" alias="EncounterLocation">
                                    <resultTypeSpecifier localId="519" xsi:type="ListTypeSpecifier">
                                       <elementType localId="520" xmlns:ns41="urn:healthit-gov:qdm:v5_6" name="ns41:FacilityLocation" xsi:type="NamedTypeSpecifier"/>
                                    </resultTypeSpecifier>
                                    <expression localId="516" locator="77:24-77:65" path="facilityLocations" scope="InpatientHospitalization" xsi:type="Property">
                                       <resultTypeSpecifier localId="517" xsi:type="ListTypeSpecifier">
                                          <elementType localId="518" xmlns:ns42="urn:healthit-gov:qdm:v5_6" name="ns42:FacilityLocation" xsi:type="NamedTypeSpecifier"/>
                                       </resultTypeSpecifier>
                                    </expression>
                                 </source>
                                 <where localId="521" locator="78:11-79:78" resultTypeName="t:Boolean" xsi:type="And">
                                    <operand localId="522" locator="78:17-78:63" resultTypeName="t:Boolean" xsi:type="Equivalent">
                                       <operand localId="524" locator="78:17-78:38" resultTypeName="t:Code" path="code" scope="EncounterLocation" xsi:type="Property"/>
                                       <operand localId="525" locator="78:42-78:63" resultTypeName="t:Code" name="Operating Room/Suite" xsi:type="CodeRef"/>
                                    </operand>
                                    <operand localId="536" locator="79:17-79:78" resultTypeName="t:Boolean" xsi:type="In">
                                       <operand localId="535" locator="79:33-79:38" xsi:type="Start">
                                          <operand localId="526" locator="79:17-79:31" name="OpioidGivenTime" xsi:type="QueryLetRef">
                                             <resultTypeSpecifier localId="527" xsi:type="IntervalTypeSpecifier">
                                                <pointType localId="528" name="t:DateTime" xsi:type="NamedTypeSpecifier"/>
                                             </resultTypeSpecifier>
                                          </operand>
                                       </operand>
                                       <operand localId="530" locator="79:47-79:78" path="locationPeriod" scope="EncounterLocation" xsi:type="Property">
                                          <resultTypeSpecifier localId="533" xsi:type="IntervalTypeSpecifier">
                                             <pointType localId="534" name="t:DateTime" xsi:type="NamedTypeSpecifier"/>
                                          </resultTypeSpecifier>
                                       </operand>
                                    </operand>
                                 </where>
                              </operand>
                           </operand>
                        </operand>
                     </operand>
                     <operand localId="549" locator="81:11-81:74" resultTypeName="t:Boolean" xsi:type="In">
                        <operand localId="548" locator="81:47-81:52" xsi:type="Start">
                           <operand localId="542" locator="81:11-81:45" name="NonEnteralOpioidAntagonistGivenTime" xsi:type="QueryLetRef">
                              <resultTypeSpecifier localId="543" xsi:type="IntervalTypeSpecifier">
                                 <pointType localId="544" name="t:DateTime" xsi:type="NamedTypeSpecifier"/>
                              </resultTypeSpecifier>
                           </operand>
                        </operand>
                        <operand localId="545" locator="81:61-81:74" name="HospitalPeriod" xsi:type="QueryLetRef">
                           <resultTypeSpecifier localId="546" xsi:type="IntervalTypeSpecifier">
                              <pointType localId="547" name="t:DateTime" xsi:type="NamedTypeSpecifier"/>
                           </resultTypeSpecifier>
                        </operand>
                     </operand>
                  </operand>
                  <operand localId="557" locator="82:11-82:54" resultTypeName="t:Boolean" xsi:type="In">
                     <operand localId="556" locator="82:27-82:32" xsi:type="Start">
                        <operand localId="550" locator="82:11-82:25" name="OpioidGivenTime" xsi:type="QueryLetRef">
                           <resultTypeSpecifier localId="551" xsi:type="IntervalTypeSpecifier">
                              <pointType localId="552" name="t:DateTime" xsi:type="NamedTypeSpecifier"/>
                           </resultTypeSpecifier>
                        </operand>
                     </operand>
                     <operand localId="553" locator="82:41-82:54" name="HospitalPeriod" xsi:type="QueryLetRef">
                        <resultTypeSpecifier localId="554" xsi:type="IntervalTypeSpecifier">
                           <pointType localId="555" name="t:DateTime" xsi:type="NamedTypeSpecifier"/>
                        </resultTypeSpecifier>
                     </operand>
                  </operand>
               </operand>
               <operand localId="574" locator="83:11-83:99" resultTypeName="t:Boolean" xsi:type="And">
                  <operand localId="571" locator="83:32-83:47" xsi:type="In">
                     <operand localId="565" locator="83:27-83:30" xsi:type="End">
                        <operand localId="558" locator="83:11-83:25" name="OpioidGivenTime" xsi:type="QueryLetRef">
                           <resultTypeSpecifier localId="559" xsi:type="IntervalTypeSpecifier">
                              <pointType localId="560" name="t:DateTime" xsi:type="NamedTypeSpecifier"/>
                           </resultTypeSpecifier>
                        </operand>
                     </operand>
                     <operand localId="568" locator="83:32-83:47" lowClosed="true" highClosed="false" xsi:type="Interval">
                        <resultTypeSpecifier localId="569" xsi:type="IntervalTypeSpecifier">
                           <pointType localId="570" name="t:DateTime" xsi:type="NamedTypeSpecifier"/>
                        </resultTypeSpecifier>
                        <low localId="567" locator="83:56-83:99" xsi:type="Subtract">
                           <operand localId="561" locator="83:56-83:99" resultTypeName="t:DateTime" xsi:type="Start">
                              <operand localId="562" locator="83:65-83:99" name="NonEnteralOpioidAntagonistGivenTime" xsi:type="QueryLetRef">
                                 <resultTypeSpecifier localId="563" xsi:type="IntervalTypeSpecifier">
                                    <pointType localId="564" name="t:DateTime" xsi:type="NamedTypeSpecifier"/>
                                 </resultTypeSpecifier>
                              </operand>
                           </operand>
                           <operand localId="566" locator="83:32-83:39" resultTypeName="t:Quantity" value="12" unit="hours" xsi:type="Quantity"/>
                        </low>
                        <high localId="561" locator="83:56-83:99" resultTypeName="t:DateTime" xsi:type="Start">
                           <operand localId="562" locator="83:65-83:99" name="NonEnteralOpioidAntagonistGivenTime" xsi:type="QueryLetRef">
                              <resultTypeSpecifier localId="563" xsi:type="IntervalTypeSpecifier">
                                 <pointType localId="564" name="t:DateTime" xsi:type="NamedTypeSpecifier"/>
                              </resultTypeSpecifier>
                           </operand>
                        </high>
                     </operand>
                  </operand>
                  <operand localId="573" locator="83:32-83:47" xsi:type="Not">
                     <operand localId="572" locator="83:32-83:47" xsi:type="IsNull">
                        <operand localId="561" locator="83:56-83:99" resultTypeName="t:DateTime" xsi:type="Start">
                           <operand localId="562" locator="83:65-83:99" name="NonEnteralOpioidAntagonistGivenTime" xsi:type="QueryLetRef">
                              <resultTypeSpecifier localId="563" xsi:type="IntervalTypeSpecifier">
                                 <pointType localId="564" name="t:DateTime" xsi:type="NamedTypeSpecifier"/>
                              </resultTypeSpecifier>
                           </operand>
                        </operand>
                     </operand>
                  </operand>
               </operand>
            </where>
            <return localId="575" locator="84:5-84:35">
               <resultTypeSpecifier localId="577" xsi:type="ListTypeSpecifier">
                  <elementType localId="578" xmlns:ns43="urn:healthit-gov:qdm:v5_6" name="ns43:PositiveEncounterPerformed" xsi:type="NamedTypeSpecifier"/>
               </resultTypeSpecifier>
               <expression localId="576" locator="84:12-84:35" xmlns:ns44="urn:healthit-gov:qdm:v5_6" resultTypeName="ns44:PositiveEncounterPerformed" name="InpatientHospitalization" xsi:type="AliasRef"/>
            </return>
         </expression>
      </def>
      <def localId="413" locator="35:1-36:73" name="Numerator" context="Patient" accessLevel="Public">
         <annotation xsi:type="a:Annotation">
            <a:s r="413">
               <a:s>define &quot;Numerator&quot;:
  </a:s>
               <a:s r="584">
                  <a:s>&quot;Encounter with NonOperating Room Opioid and Antagonist Administration&quot;</a:s>
               </a:s>
            </a:s>
         </annotation>
         <resultTypeSpecifier localId="587" xsi:type="ListTypeSpecifier">
            <elementType localId="588" xmlns:ns45="urn:healthit-gov:qdm:v5_6" name="ns45:PositiveEncounterPerformed" xsi:type="NamedTypeSpecifier"/>
         </resultTypeSpecifier>
         <expression localId="584" locator="36:3-36:73" name="Encounter with NonOperating Room Opioid and Antagonist Administration" xsi:type="ExpressionRef">
            <resultTypeSpecifier localId="585" xsi:type="ListTypeSpecifier">
               <elementType localId="586" xmlns:ns46="urn:healthit-gov:qdm:v5_6" name="ns46:PositiveEncounterPerformed" xsi:type="NamedTypeSpecifier"/>
            </resultTypeSpecifier>
         </expression>
      </def>
      <def localId="594" locator="46:1-47:51" name="SDE Ethnicity" context="Patient" accessLevel="Public">
         <annotation xsi:type="a:Annotation">
            <a:s r="594">
               <a:s>define &quot;SDE Ethnicity&quot;:
  </a:s>
               <a:s r="597">
                  <a:s>[&quot;Patient Characteristic Ethnicity&quot;: </a:s>
                  <a:s>
                     <a:s>&quot;Ethnicity&quot;</a:s>
                  </a:s>
                  <a:s>]</a:s>
               </a:s>
            </a:s>
         </annotation>
         <resultTypeSpecifier localId="601" xsi:type="ListTypeSpecifier">
            <elementType localId="602" xmlns:ns47="urn:healthit-gov:qdm:v5_6" name="ns47:PatientCharacteristicEthnicity" xsi:type="NamedTypeSpecifier"/>
         </resultTypeSpecifier>
         <expression localId="597" locator="47:3-47:51" xmlns:ns48="urn:healthit-gov:qdm:v5_6" dataType="ns48:PatientCharacteristicEthnicity" codeProperty="code" codeComparator="in" xsi:type="Retrieve">
            <resultTypeSpecifier localId="599" xsi:type="ListTypeSpecifier">
               <elementType localId="600" xmlns:ns49="urn:healthit-gov:qdm:v5_6" name="ns49:PatientCharacteristicEthnicity" xsi:type="NamedTypeSpecifier"/>
            </resultTypeSpecifier>
            <codes localId="596" locator="47:40-47:50" resultTypeName="t:ValueSet" name="Ethnicity" preserve="true" xsi:type="ValueSetRef"/>
         </expression>
      </def>
      <def localId="604" locator="49:1-50:48" name="SDE Payer" context="Patient" accessLevel="Public">
         <annotation xsi:type="a:Annotation">
            <a:s r="604">
               <a:s>define &quot;SDE Payer&quot;:
  </a:s>
               <a:s r="607">
                  <a:s>[&quot;Patient Characteristic Payer&quot;: </a:s>
                  <a:s>
                     <a:s>&quot;Payer Type&quot;</a:s>
                  </a:s>
                  <a:s>]</a:s>
               </a:s>
            </a:s>
         </annotation>
         <resultTypeSpecifier localId="611" xsi:type="ListTypeSpecifier">
            <elementType localId="612" xmlns:ns50="urn:healthit-gov:qdm:v5_6" name="ns50:PatientCharacteristicPayer" xsi:type="NamedTypeSpecifier"/>
         </resultTypeSpecifier>
         <expression localId="607" locator="50:3-50:48" xmlns:ns51="urn:healthit-gov:qdm:v5_6" dataType="ns51:PatientCharacteristicPayer" codeProperty="code" codeComparator="in" xsi:type="Retrieve">
            <resultTypeSpecifier localId="609" xsi:type="ListTypeSpecifier">
               <elementType localId="610" xmlns:ns52="urn:healthit-gov:qdm:v5_6" name="ns52:PatientCharacteristicPayer" xsi:type="NamedTypeSpecifier"/>
            </resultTypeSpecifier>
            <codes localId="606" locator="50:36-50:47" resultTypeName="t:ValueSet" name="Payer Type" preserve="true" xsi:type="ValueSetRef"/>
         </expression>
      </def>
      <def localId="614" locator="52:1-53:41" name="SDE Race" context="Patient" accessLevel="Public">
         <annotation xsi:type="a:Annotation">
            <a:s r="614">
               <a:s>define &quot;SDE Race&quot;:
  </a:s>
               <a:s r="617">
                  <a:s>[&quot;Patient Characteristic Race&quot;: </a:s>
                  <a:s>
                     <a:s>&quot;Race&quot;</a:s>
                  </a:s>
                  <a:s>]</a:s>
               </a:s>
            </a:s>
         </annotation>
         <resultTypeSpecifier localId="621" xsi:type="ListTypeSpecifier">
            <elementType localId="622" xmlns:ns53="urn:healthit-gov:qdm:v5_6" name="ns53:PatientCharacteristicRace" xsi:type="NamedTypeSpecifier"/>
         </resultTypeSpecifier>
         <expression localId="617" locator="53:3-53:41" xmlns:ns54="urn:healthit-gov:qdm:v5_6" dataType="ns54:PatientCharacteristicRace" codeProperty="code" codeComparator="in" xsi:type="Retrieve">
            <resultTypeSpecifier localId="619" xsi:type="ListTypeSpecifier">
               <elementType localId="620" xmlns:ns55="urn:healthit-gov:qdm:v5_6" name="ns55:PatientCharacteristicRace" xsi:type="NamedTypeSpecifier"/>
            </resultTypeSpecifier>
            <codes localId="616" locator="53:35-53:40" resultTypeName="t:ValueSet" name="Race" preserve="true" xsi:type="ValueSetRef"/>
         </expression>
      </def>
      <def localId="624" locator="55:1-56:62" name="SDE Sex" context="Patient" accessLevel="Public">
         <annotation xsi:type="a:Annotation">
            <a:s r="624">
               <a:s>define &quot;SDE Sex&quot;:
  </a:s>
               <a:s r="627">
                  <a:s>[&quot;Patient Characteristic Sex&quot;: </a:s>
                  <a:s>
                     <a:s>&quot;Federal Administrative Sex&quot;</a:s>
                  </a:s>
                  <a:s>]</a:s>
               </a:s>
            </a:s>
         </annotation>
         <resultTypeSpecifier localId="631" xsi:type="ListTypeSpecifier">
            <elementType localId="632" xmlns:ns56="urn:healthit-gov:qdm:v5_6" name="ns56:PatientCharacteristicSex" xsi:type="NamedTypeSpecifier"/>
         </resultTypeSpecifier>
         <expression localId="627" locator="56:3-56:62" xmlns:ns57="urn:healthit-gov:qdm:v5_6" dataType="ns57:PatientCharacteristicSex" codeProperty="code" codeComparator="in" xsi:type="Retrieve">
            <resultTypeSpecifier localId="629" xsi:type="ListTypeSpecifier">
               <elementType localId="630" xmlns:ns58="urn:healthit-gov:qdm:v5_6" name="ns58:PatientCharacteristicSex" xsi:type="NamedTypeSpecifier"/>
            </resultTypeSpecifier>
            <codes localId="626" locator="56:34-56:61" resultTypeName="t:ValueSet" name="Federal Administrative Sex" preserve="true" xsi:type="ValueSetRef"/>
         </expression>
      </def>
   </statements>
</library>
