{
   "library" : {
      "annotation" : [ {
         "translatorOptions" : "EnableAnnotations,EnableLocators,DisableListDemotion,DisableListPromotion,DisableMethodInvocation",
         "type" : "CqlToElmInfo"
      }, {
         "type" : "Annotation",
         "s" : {
            "r" : "110",
            "s" : [ {
               "value" : [ "","library HIVViralSuppression version '1.2.000'" ]
            } ]
         }
      } ],
      "identifier" : {
         "id" : "HIVViralSuppression",
         "version" : "1.2.000"
      },
      "schemaIdentifier" : {
         "id" : "urn:hl7-org:elm",
         "version" : "r1"
      },
      "usings" : {
         "def" : [ {
            "localIdentifier" : "System",
            "uri" : "urn:hl7-org:elm-types:r1"
         }, {
            "localId" : "1",
            "locator" : "3:1-3:23",
            "localIdentifier" : "QDM",
            "uri" : "urn:healthit-gov:qdm:v5_6",
            "version" : "5.6",
            "annotation" : [ {
               "type" : "Annotation",
               "s" : {
                  "r" : "1",
                  "s" : [ {
                     "value" : [ "","using " ]
                  }, {
                     "s" : [ {
                        "value" : [ "QDM" ]
                     } ]
                  }, {
                     "value" : [ " version ","'5.6'" ]
                  } ]
               }
            } ]
         } ]
      },
      "includes" : {
         "def" : [ {
            "localId" : "2",
            "locator" : "5:1-5:64",
            "localIdentifier" : "Global",
            "path" : "MATGlobalCommonFunctions",
            "version" : "7.0.000",
            "annotation" : [ {
               "type" : "Annotation",
               "s" : {
                  "r" : "2",
                  "s" : [ {
                     "value" : [ "","include " ]
                  }, {
                     "s" : [ {
                        "value" : [ "MATGlobalCommonFunctions" ]
                     } ]
                  }, {
                     "value" : [ " version ","'7.0.000'"," called ","Global" ]
                  } ]
               }
            } ]
         } ]
      },
      "parameters" : {
         "def" : [ {
            "localId" : "29",
            "locator" : "31:1-31:49",
            "name" : "Measurement Period",
            "accessLevel" : "Public",
            "annotation" : [ {
               "type" : "Annotation",
               "s" : {
                  "r" : "29",
                  "s" : [ {
                     "value" : [ "","parameter ","\"Measurement Period\""," " ]
                  }, {
                     "r" : "28",
                     "s" : [ {
                        "value" : [ "Interval<" ]
                     }, {
                        "r" : "27",
                        "s" : [ {
                           "value" : [ "DateTime" ]
                        } ]
                     }, {
                        "value" : [ ">" ]
                     } ]
                  } ]
               }
            } ],
            "parameterTypeSpecifier" : {
               "localId" : "28",
               "locator" : "31:32-31:49",
               "type" : "IntervalTypeSpecifier",
               "pointType" : {
                  "localId" : "27",
                  "locator" : "31:41-31:48",
                  "name" : "{urn:hl7-org:elm-types:r1}DateTime",
                  "type" : "NamedTypeSpecifier"
               }
            }
         } ]
      },
      "codeSystems" : {
         "def" : [ {
            "localId" : "3",
            "locator" : "7:1-7:55",
            "name" : "SNOMEDCT",
            "id" : "urn:oid:2.16.840.1.113883.6.96",
            "accessLevel" : "Public",
            "annotation" : [ {
               "type" : "Annotation",
               "s" : {
                  "r" : "3",
                  "s" : [ {
                     "value" : [ "","codesystem ","\"SNOMEDCT\"",": ","'urn:oid:2.16.840.1.113883.6.96'" ]
                  } ]
               }
            } ]
         }, {
            "localId" : "4",
            "locator" : "8:1-8:50",
            "name" : "CPT",
            "id" : "urn:oid:2.16.840.1.113883.6.12",
            "accessLevel" : "Public",
            "annotation" : [ {
               "type" : "Annotation",
               "s" : {
                  "r" : "4",
                  "s" : [ {
                     "value" : [ "","codesystem ","\"CPT\"",": ","'urn:oid:2.16.840.1.113883.6.12'" ]
                  } ]
               }
            } ]
         } ]
      },
      "valueSets" : {
         "def" : [ {
            "localId" : "5",
            "locator" : "10:1-10:74",
            "name" : "Annual Wellness Visit",
            "id" : "urn:oid:2.16.840.1.113883.3.526.3.1240",
            "accessLevel" : "Public",
            "annotation" : [ {
               "type" : "Annotation",
               "s" : {
                  "r" : "5",
                  "s" : [ {
                     "value" : [ "","valueset ","\"Annual Wellness Visit\"",": ","'urn:oid:2.16.840.1.113883.3.526.3.1240'" ]
                  } ]
               }
            } ]
         }, {
            "localId" : "6",
            "locator" : "11:1-11:58",
            "name" : "Ethnicity",
            "id" : "urn:oid:2.16.840.1.114222.4.11.837",
            "accessLevel" : "Public",
            "annotation" : [ {
               "type" : "Annotation",
               "s" : {
                  "r" : "6",
                  "s" : [ {
                     "value" : [ "","valueset ","\"Ethnicity\"",": ","'urn:oid:2.16.840.1.114222.4.11.837'" ]
                  } ]
               }
            } ]
         }, {
            "localId" : "7",
            "locator" : "12:1-12:87",
            "name" : "Face-to-Face Interaction",
            "id" : "urn:oid:2.16.840.1.113883.3.464.1003.101.12.1048",
            "accessLevel" : "Public",
            "annotation" : [ {
               "type" : "Annotation",
               "s" : {
                  "r" : "7",
                  "s" : [ {
                     "value" : [ "","valueset ","\"Face-to-Face Interaction\"",": ","'urn:oid:2.16.840.1.113883.3.464.1003.101.12.1048'" ]
                  } ]
               }
            } ]
         }, {
            "localId" : "8",
            "locator" : "13:1-13:66",
            "name" : "HIV",
            "id" : "urn:oid:2.16.840.1.113883.3.464.1003.120.12.1003",
            "accessLevel" : "Public",
            "annotation" : [ {
               "type" : "Annotation",
               "s" : {
                  "r" : "8",
                  "s" : [ {
                     "value" : [ "","valueset ","\"HIV\"",": ","'urn:oid:2.16.840.1.113883.3.464.1003.120.12.1003'" ]
                  } ]
               }
            } ]
         }, {
            "localId" : "9",
            "locator" : "14:1-14:77",
            "name" : "HIV Viral Load",
            "id" : "urn:oid:2.16.840.1.113883.3.464.1003.120.12.1002",
            "accessLevel" : "Public",
            "annotation" : [ {
               "type" : "Annotation",
               "s" : {
                  "r" : "9",
                  "s" : [ {
                     "value" : [ "","valueset ","\"HIV Viral Load\"",": ","'urn:oid:2.16.840.1.113883.3.464.1003.120.12.1002'" ]
                  } ]
               }
            } ]
         }, {
            "localId" : "10",
            "locator" : "15:1-15:87",
            "name" : "Home Healthcare Services",
            "id" : "urn:oid:2.16.840.1.113883.3.464.1003.101.12.1016",
            "accessLevel" : "Public",
            "annotation" : [ {
               "type" : "Annotation",
               "s" : {
                  "r" : "10",
                  "s" : [ {
                     "value" : [ "","valueset ","\"Home Healthcare Services\"",": ","'urn:oid:2.16.840.1.113883.3.464.1003.101.12.1016'" ]
                  } ]
               }
            } ]
         }, {
            "localId" : "11",
            "locator" : "16:1-16:75",
            "name" : "Office Visit",
            "id" : "urn:oid:2.16.840.1.113883.3.464.1003.101.12.1001",
            "accessLevel" : "Public",
            "annotation" : [ {
               "type" : "Annotation",
               "s" : {
                  "r" : "11",
                  "s" : [ {
                     "value" : [ "","valueset ","\"Office Visit\"",": ","'urn:oid:2.16.840.1.113883.3.464.1003.101.12.1001'" ]
                  } ]
               }
            } ]
         }, {
            "localId" : "12",
            "locator" : "17:1-17:68",
            "name" : "ONC Administrative Sex",
            "id" : "urn:oid:2.16.840.1.113762.1.4.1",
            "accessLevel" : "Public",
            "annotation" : [ {
               "type" : "Annotation",
               "s" : {
                  "r" : "12",
                  "s" : [ {
                     "value" : [ "","valueset ","\"ONC Administrative Sex\"",": ","'urn:oid:2.16.840.1.113762.1.4.1'" ]
                  } ]
               }
            } ]
         }, {
            "localId" : "13",
            "locator" : "18:1-18:86",
            "name" : "Outpatient Consultation",
            "id" : "urn:oid:2.16.840.1.113883.3.464.1003.101.12.1008",
            "accessLevel" : "Public",
            "annotation" : [ {
               "type" : "Annotation",
               "s" : {
                  "r" : "13",
                  "s" : [ {
                     "value" : [ "","valueset ","\"Outpatient Consultation\"",": ","'urn:oid:2.16.840.1.113883.3.464.1003.101.12.1008'" ]
                  } ]
               }
            } ]
         }, {
            "localId" : "14",
            "locator" : "19:1-19:55",
            "name" : "Payer",
            "id" : "urn:oid:2.16.840.1.114222.4.11.3591",
            "accessLevel" : "Public",
            "annotation" : [ {
               "type" : "Annotation",
               "s" : {
                  "r" : "14",
                  "s" : [ {
                     "value" : [ "","valueset ","\"Payer\"",": ","'urn:oid:2.16.840.1.114222.4.11.3591'" ]
                  } ]
               }
            } ]
         }, {
            "localId" : "15",
            "locator" : "20:1-20:123",
            "name" : "Preventive Care Services Established Office Visit, 18 and Up",
            "id" : "urn:oid:2.16.840.1.113883.3.464.1003.101.12.1025",
            "accessLevel" : "Public",
            "annotation" : [ {
               "type" : "Annotation",
               "s" : {
                  "r" : "15",
                  "s" : [ {
                     "value" : [ "","valueset ","\"Preventive Care Services Established Office Visit, 18 and Up\"",": ","'urn:oid:2.16.840.1.113883.3.464.1003.101.12.1025'" ]
                  } ]
               }
            } ]
         }, {
            "localId" : "16",
            "locator" : "21:1-21:119",
            "name" : "Preventive Care Services Initial Office Visit, 18 and Up",
            "id" : "urn:oid:2.16.840.1.113883.3.464.1003.101.12.1023",
            "accessLevel" : "Public",
            "annotation" : [ {
               "type" : "Annotation",
               "s" : {
                  "r" : "16",
                  "s" : [ {
                     "value" : [ "","valueset ","\"Preventive Care Services Initial Office Visit, 18 and Up\"",": ","'urn:oid:2.16.840.1.113883.3.464.1003.101.12.1023'" ]
                  } ]
               }
            } ]
         }, {
            "localId" : "17",
            "locator" : "22:1-22:118",
            "name" : "Preventive Care Services, Initial Office Visit, 0 to 17",
            "id" : "urn:oid:2.16.840.1.113883.3.464.1003.101.12.1022",
            "accessLevel" : "Public",
            "annotation" : [ {
               "type" : "Annotation",
               "s" : {
                  "r" : "17",
                  "s" : [ {
                     "value" : [ "","valueset ","\"Preventive Care Services, Initial Office Visit, 0 to 17\"",": ","'urn:oid:2.16.840.1.113883.3.464.1003.101.12.1022'" ]
                  } ]
               }
            } ]
         }, {
            "localId" : "18",
            "locator" : "23:1-23:113",
            "name" : "Preventive Care, Established Office Visit, 0 to 17",
            "id" : "urn:oid:2.16.840.1.113883.3.464.1003.101.12.1024",
            "accessLevel" : "Public",
            "annotation" : [ {
               "type" : "Annotation",
               "s" : {
                  "r" : "18",
                  "s" : [ {
                     "value" : [ "","valueset ","\"Preventive Care, Established Office Visit, 0 to 17\"",": ","'urn:oid:2.16.840.1.113883.3.464.1003.101.12.1024'" ]
                  } ]
               }
            } ]
         }, {
            "localId" : "19",
            "locator" : "24:1-24:53",
            "name" : "Race",
            "id" : "urn:oid:2.16.840.1.114222.4.11.836",
            "accessLevel" : "Public",
            "annotation" : [ {
               "type" : "Annotation",
               "s" : {
                  "r" : "19",
                  "s" : [ {
                     "value" : [ "","valueset ","\"Race\"",": ","'urn:oid:2.16.840.1.114222.4.11.836'" ]
                  } ]
               }
            } ]
         }, {
            "localId" : "20",
            "locator" : "25:1-25:79",
            "name" : "Telephone Visits",
            "id" : "urn:oid:2.16.840.1.113883.3.464.1003.101.12.1080",
            "accessLevel" : "Public",
            "annotation" : [ {
               "type" : "Annotation",
               "s" : {
                  "r" : "20",
                  "s" : [ {
                     "value" : [ "","valueset ","\"Telephone Visits\"",": ","'urn:oid:2.16.840.1.113883.3.464.1003.101.12.1080'" ]
                  } ]
               }
            } ]
         } ]
      },
      "codes" : {
         "def" : [ {
            "localId" : "22",
            "locator" : "27:1-27:125",
            "name" : "Below threshold level (qualifier value)",
            "id" : "260988000",
            "display" : "Below threshold level (qualifier value)",
            "accessLevel" : "Public",
            "annotation" : [ {
               "type" : "Annotation",
               "s" : {
                  "r" : "22",
                  "s" : [ {
                     "value" : [ "","code ","\"Below threshold level (qualifier value)\"",": ","'260988000'"," from " ]
                  }, {
                     "r" : "21",
                     "s" : [ {
                        "value" : [ "\"SNOMEDCT\"" ]
                     } ]
                  }, {
                     "value" : [ " display ","'Below threshold level (qualifier value)'" ]
                  } ]
               }
            } ],
            "codeSystem" : {
               "localId" : "21",
               "locator" : "27:66-27:75",
               "name" : "SNOMEDCT"
            }
         }, {
            "localId" : "24",
            "locator" : "28:1-28:107",
            "name" : "Not detected (qualifier value)",
            "id" : "260415000",
            "display" : "Not detected (qualifier value)",
            "accessLevel" : "Public",
            "annotation" : [ {
               "type" : "Annotation",
               "s" : {
                  "r" : "24",
                  "s" : [ {
                     "value" : [ "","code ","\"Not detected (qualifier value)\"",": ","'260415000'"," from " ]
                  }, {
                     "r" : "23",
                     "s" : [ {
                        "value" : [ "\"SNOMEDCT\"" ]
                     } ]
                  }, {
                     "value" : [ " display ","'Not detected (qualifier value)'" ]
                  } ]
               }
            } ],
            "codeSystem" : {
               "localId" : "23",
               "locator" : "28:57-28:66",
               "name" : "SNOMEDCT"
            }
         }, {
            "localId" : "26",
            "locator" : "29:1-29:110",
            "name" : "Unlisted preventive medicine service",
            "id" : "99429",
            "display" : "Unlisted preventive medicine service",
            "accessLevel" : "Public",
            "annotation" : [ {
               "type" : "Annotation",
               "s" : {
                  "r" : "26",
                  "s" : [ {
                     "value" : [ "","code ","\"Unlisted preventive medicine service\"",": ","'99429'"," from " ]
                  }, {
                     "r" : "25",
                     "s" : [ {
                        "value" : [ "\"CPT\"" ]
                     } ]
                  }, {
                     "value" : [ " display ","'Unlisted preventive medicine service'" ]
                  } ]
               }
            } ],
            "codeSystem" : {
               "localId" : "25",
               "locator" : "29:59-29:63",
               "name" : "CPT"
            }
         } ]
      },
      "contexts" : {
         "def" : [ {
            "locator" : "33:1-33:15",
            "name" : "Patient"
         } ]
      },
      "statements" : {
         "def" : [ {
            "locator" : "33:1-33:15",
            "name" : "Patient",
            "context" : "Patient",
            "expression" : {
               "type" : "SingletonFrom",
               "operand" : {
                  "locator" : "33:1-33:15",
                  "dataType" : "{urn:healthit-gov:qdm:v5_6}Patient",
                  "templateId" : "Patient",
                  "type" : "Retrieve"
               }
            }
         }, {
            "localId" : "41",
            "locator" : "74:1-76:97",
            "name" : "Has Active HIV Diagnosis Before or in First 90 Days of Measurement Period",
            "context" : "Patient",
            "accessLevel" : "Public",
            "annotation" : [ {
               "type" : "Annotation",
               "s" : {
                  "r" : "41",
                  "s" : [ {
                     "value" : [ "","define ","\"Has Active HIV Diagnosis Before or in First 90 Days of Measurement Period\"",":\n  " ]
                  }, {
                     "r" : "40",
                     "s" : [ {
                        "value" : [ "exists " ]
                     }, {
                        "r" : "39",
                        "s" : [ {
                           "s" : [ {
                              "r" : "31",
                              "s" : [ {
                                 "r" : "30",
                                 "s" : [ {
                                    "r" : "30",
                                    "s" : [ {
                                       "value" : [ "[","\"Diagnosis\"",": " ]
                                    }, {
                                       "s" : [ {
                                          "value" : [ "\"HIV\"" ]
                                       } ]
                                    }, {
                                       "value" : [ "]" ]
                                    } ]
                                 } ]
                              }, {
                                 "value" : [ " ","HIVDx" ]
                              } ]
                           } ]
                        }, {
                           "value" : [ "\n    " ]
                        }, {
                           "r" : "38",
                           "s" : [ {
                              "value" : [ "where " ]
                           }, {
                              "r" : "38",
                              "s" : [ {
                                 "r" : "33",
                                 "s" : [ {
                                    "r" : "32",
                                    "s" : [ {
                                       "value" : [ "HIVDx" ]
                                    } ]
                                 }, {
                                    "value" : [ "." ]
                                 }, {
                                    "r" : "33",
                                    "s" : [ {
                                       "value" : [ "prevalencePeriod" ]
                                    } ]
                                 } ]
                              }, {
                                 "r" : "38",
                                 "value" : [ " ","starts before day of"," " ]
                              }, {
                                 "r" : "37",
                                 "s" : [ {
                                    "value" : [ "( " ]
                                 }, {
                                    "r" : "37",
                                    "s" : [ {
                                       "r" : "35",
                                       "s" : [ {
                                          "value" : [ "start of " ]
                                       }, {
                                          "r" : "34",
                                          "s" : [ {
                                             "value" : [ "\"Measurement Period\"" ]
                                          } ]
                                       } ]
                                    }, {
                                       "value" : [ " + " ]
                                    }, {
                                       "r" : "36",
                                       "s" : [ {
                                          "value" : [ "90 ","days" ]
                                       } ]
                                    } ]
                                 }, {
                                    "value" : [ " )" ]
                                 } ]
                              } ]
                           } ]
                        } ]
                     } ]
                  } ]
               }
            } ],
            "expression" : {
               "localId" : "40",
               "locator" : "75:3-76:97",
               "type" : "Exists",
               "operand" : {
                  "localId" : "39",
                  "locator" : "75:10-76:97",
                  "type" : "Query",
                  "source" : [ {
                     "localId" : "31",
                     "locator" : "75:10-75:35",
                     "alias" : "HIVDx",
                     "expression" : {
                        "localId" : "30",
                        "locator" : "75:10-75:29",
                        "dataType" : "{urn:healthit-gov:qdm:v5_6}Diagnosis",
                        "codeProperty" : "code",
                        "codeComparator" : "in",
                        "type" : "Retrieve",
                        "codes" : {
                           "locator" : "75:24-75:28",
                           "name" : "HIV",
                           "type" : "ValueSetRef"
                        }
                     }
                  } ],
                  "relationship" : [ ],
                  "where" : {
                     "localId" : "38",
                     "locator" : "76:5-76:97",
                     "precision" : "Day",
                     "type" : "Before",
                     "operand" : [ {
                        "locator" : "76:34-76:39",
                        "type" : "Start",
                        "operand" : {
                           "localId" : "33",
                           "locator" : "76:11-76:32",
                           "path" : "prevalencePeriod",
                           "scope" : "HIVDx",
                           "type" : "Property"
                        }
                     }, {
                        "localId" : "37",
                        "locator" : "76:55-76:97",
                        "type" : "Add",
                        "operand" : [ {
                           "localId" : "35",
                           "locator" : "76:57-76:85",
                           "type" : "Start",
                           "operand" : {
                              "localId" : "34",
                              "locator" : "76:66-76:85",
                              "name" : "Measurement Period",
                              "type" : "ParameterRef"
                           }
                        }, {
                           "localId" : "36",
                           "locator" : "76:89-76:95",
                           "value" : 90,
                           "unit" : "days",
                           "type" : "Quantity"
                        } ]
                     } ]
                  }
               }
            }
         }, {
            "localId" : "77",
            "locator" : "59:1-72:3",
            "name" : "Has Qualifying Encounter During First 240 Days of Measurement Period",
            "context" : "Patient",
            "accessLevel" : "Public",
            "annotation" : [ {
               "type" : "Annotation",
               "s" : {
                  "r" : "77",
                  "s" : [ {
                     "value" : [ "","define ","\"Has Qualifying Encounter During First 240 Days of Measurement Period\"",":\n  " ]
                  }, {
                     "r" : "76",
                     "s" : [ {
                        "value" : [ "exists " ]
                     }, {
                        "r" : "75",
                        "s" : [ {
                           "value" : [ "( " ]
                        }, {
                           "r" : "75",
                           "s" : [ {
                              "s" : [ {
                                 "r" : "64",
                                 "s" : [ {
                                    "r" : "63",
                                    "s" : [ {
                                       "value" : [ "( " ]
                                    }, {
                                       "r" : "63",
                                       "s" : [ {
                                          "r" : "61",
                                          "s" : [ {
                                             "r" : "59",
                                             "s" : [ {
                                                "r" : "57",
                                                "s" : [ {
                                                   "r" : "55",
                                                   "s" : [ {
                                                      "r" : "53",
                                                      "s" : [ {
                                                         "r" : "51",
                                                         "s" : [ {
                                                            "r" : "49",
                                                            "s" : [ {
                                                               "r" : "47",
                                                               "s" : [ {
                                                                  "r" : "45",
                                                                  "s" : [ {
                                                                     "r" : "43",
                                                                     "s" : [ {
                                                                        "value" : [ "[","\"Encounter, Performed\"",": " ]
                                                                     }, {
                                                                        "s" : [ {
                                                                           "value" : [ "\"Office Visit\"" ]
                                                                        } ]
                                                                     }, {
                                                                        "value" : [ "]" ]
                                                                     } ]
                                                                  }, {
                                                                     "value" : [ "\n      union " ]
                                                                  }, {
                                                                     "r" : "44",
                                                                     "s" : [ {
                                                                        "value" : [ "[","\"Encounter, Performed\"",": " ]
                                                                     }, {
                                                                        "s" : [ {
                                                                           "value" : [ "\"Outpatient Consultation\"" ]
                                                                        } ]
                                                                     }, {
                                                                        "value" : [ "]" ]
                                                                     } ]
                                                                  } ]
                                                               }, {
                                                                  "value" : [ "\n      union " ]
                                                               }, {
                                                                  "r" : "46",
                                                                  "s" : [ {
                                                                     "value" : [ "[","\"Encounter, Performed\"",": " ]
                                                                  }, {
                                                                     "s" : [ {
                                                                        "value" : [ "\"Annual Wellness Visit\"" ]
                                                                     } ]
                                                                  }, {
                                                                     "value" : [ "]" ]
                                                                  } ]
                                                               } ]
                                                            }, {
                                                               "value" : [ "\n      union " ]
                                                            }, {
                                                               "r" : "48",
                                                               "s" : [ {
                                                                  "value" : [ "[","\"Encounter, Performed\"",": " ]
                                                               }, {
                                                                  "s" : [ {
                                                                     "value" : [ "\"Face-to-Face Interaction\"" ]
                                                                  } ]
                                                               }, {
                                                                  "value" : [ "]" ]
                                                               } ]
                                                            } ]
                                                         }, {
                                                            "value" : [ "\n      union " ]
                                                         }, {
                                                            "r" : "50",
                                                            "s" : [ {
                                                               "value" : [ "[","\"Encounter, Performed\"",": " ]
                                                            }, {
                                                               "s" : [ {
                                                                  "value" : [ "\"Home Healthcare Services\"" ]
                                                               } ]
                                                            }, {
                                                               "value" : [ "]" ]
                                                            } ]
                                                         } ]
                                                      }, {
                                                         "value" : [ "\n      union " ]
                                                      }, {
                                                         "r" : "52",
                                                         "s" : [ {
                                                            "value" : [ "[","\"Encounter, Performed\"",": " ]
                                                         }, {
                                                            "s" : [ {
                                                               "value" : [ "\"Preventive Care Services Established Office Visit, 18 and Up\"" ]
                                                            } ]
                                                         }, {
                                                            "value" : [ "]" ]
                                                         } ]
                                                      } ]
                                                   }, {
                                                      "value" : [ "\n      union " ]
                                                   }, {
                                                      "r" : "54",
                                                      "s" : [ {
                                                         "value" : [ "[","\"Encounter, Performed\"",": " ]
                                                      }, {
                                                         "s" : [ {
                                                            "value" : [ "\"Preventive Care Services Initial Office Visit, 18 and Up\"" ]
                                                         } ]
                                                      }, {
                                                         "value" : [ "]" ]
                                                      } ]
                                                   } ]
                                                }, {
                                                   "value" : [ "\n      union " ]
                                                }, {
                                                   "r" : "56",
                                                   "s" : [ {
                                                      "value" : [ "[","\"Encounter, Performed\"",": " ]
                                                   }, {
                                                      "s" : [ {
                                                         "value" : [ "\"Preventive Care Services, Initial Office Visit, 0 to 17\"" ]
                                                      } ]
                                                   }, {
                                                      "value" : [ "]" ]
                                                   } ]
                                                } ]
                                             }, {
                                                "value" : [ "\n      union " ]
                                             }, {
                                                "r" : "58",
                                                "s" : [ {
                                                   "value" : [ "[","\"Encounter, Performed\"",": " ]
                                                }, {
                                                   "s" : [ {
                                                      "value" : [ "\"Preventive Care, Established Office Visit, 0 to 17\"" ]
                                                   } ]
                                                }, {
                                                   "value" : [ "]" ]
                                                } ]
                                             } ]
                                          }, {
                                             "value" : [ "\n      union " ]
                                          }, {
                                             "r" : "60",
                                             "s" : [ {
                                                "value" : [ "[","\"Encounter, Performed\"",": " ]
                                             }, {
                                                "s" : [ {
                                                   "value" : [ "\"Telephone Visits\"" ]
                                                } ]
                                             }, {
                                                "value" : [ "]" ]
                                             } ]
                                          } ]
                                       }, {
                                          "value" : [ "\n      union " ]
                                       }, {
                                          "r" : "62",
                                          "s" : [ {
                                             "value" : [ "[","\"Encounter, Performed\"",": " ]
                                          }, {
                                             "s" : [ {
                                                "value" : [ "\"Unlisted preventive medicine service\"" ]
                                             } ]
                                          }, {
                                             "value" : [ "]" ]
                                          } ]
                                       } ]
                                    }, {
                                       "value" : [ " )" ]
                                    } ]
                                 }, {
                                    "value" : [ " ","QualifyingEncounter" ]
                                 } ]
                              } ]
                           }, {
                              "value" : [ "\n      " ]
                           }, {
                              "r" : "74",
                              "s" : [ {
                                 "value" : [ "where " ]
                              }, {
                                 "r" : "74",
                                 "s" : [ {
                                    "r" : "66",
                                    "s" : [ {
                                       "r" : "65",
                                       "s" : [ {
                                          "value" : [ "QualifyingEncounter" ]
                                       } ]
                                    }, {
                                       "value" : [ "." ]
                                    }, {
                                       "r" : "66",
                                       "s" : [ {
                                          "value" : [ "relevantPeriod" ]
                                       } ]
                                    } ]
                                 }, {
                                    "r" : "74",
                                    "value" : [ " ","during day of"," " ]
                                 }, {
                                    "r" : "73",
                                    "s" : [ {
                                       "value" : [ "Interval[" ]
                                    }, {
                                       "r" : "68",
                                       "s" : [ {
                                          "value" : [ "start of " ]
                                       }, {
                                          "r" : "67",
                                          "s" : [ {
                                             "value" : [ "\"Measurement Period\"" ]
                                          } ]
                                       } ]
                                    }, {
                                       "value" : [ ", " ]
                                    }, {
                                       "r" : "72",
                                       "s" : [ {
                                          "r" : "70",
                                          "s" : [ {
                                             "value" : [ "start of " ]
                                          }, {
                                             "r" : "69",
                                             "s" : [ {
                                                "value" : [ "\"Measurement Period\"" ]
                                             } ]
                                          } ]
                                       }, {
                                          "value" : [ " + " ]
                                       }, {
                                          "r" : "71",
                                          "s" : [ {
                                             "value" : [ "240 ","days" ]
                                          } ]
                                       } ]
                                    }, {
                                       "value" : [ "]" ]
                                    } ]
                                 } ]
                              } ]
                           } ]
                        }, {
                           "value" : [ "\n  )" ]
                        } ]
                     } ]
                  } ]
               }
            } ],
            "expression" : {
               "localId" : "76",
               "locator" : "60:3-72:3",
               "type" : "Exists",
               "operand" : {
                  "localId" : "75",
                  "locator" : "60:10-72:3",
                  "type" : "Query",
                  "source" : [ {
                     "localId" : "64",
                     "locator" : "60:12-70:98",
                     "alias" : "QualifyingEncounter",
                     "expression" : {
                        "localId" : "63",
                        "locator" : "60:12-70:78",
                        "type" : "Union",
                        "operand" : [ {
                           "localId" : "61",
                           "locator" : "60:14-69:56",
                           "type" : "Union",
                           "operand" : [ {
                              "localId" : "57",
                              "locator" : "60:14-67:95",
                              "type" : "Union",
                              "operand" : [ {
                                 "localId" : "53",
                                 "locator" : "60:14-65:100",
                                 "type" : "Union",
                                 "operand" : [ {
                                    "localId" : "49",
                                    "locator" : "60:14-63:64",
                                    "type" : "Union",
                                    "operand" : [ {
                                       "localId" : "45",
                                       "locator" : "60:14-61:63",
                                       "type" : "Union",
                                       "operand" : [ {
                                          "localId" : "43",
                                          "locator" : "60:14-60:53",
                                          "dataType" : "{urn:healthit-gov:qdm:v5_6}PositiveEncounterPerformed",
                                          "templateId" : "PositiveEncounterPerformed",
                                          "codeProperty" : "code",
                                          "codeComparator" : "in",
                                          "type" : "Retrieve",
                                          "codes" : {
                                             "locator" : "60:39-60:52",
                                             "name" : "Office Visit",
                                             "type" : "ValueSetRef"
                                          }
                                       }, {
                                          "localId" : "44",
                                          "locator" : "61:13-61:63",
                                          "dataType" : "{urn:healthit-gov:qdm:v5_6}PositiveEncounterPerformed",
                                          "templateId" : "PositiveEncounterPerformed",
                                          "codeProperty" : "code",
                                          "codeComparator" : "in",
                                          "type" : "Retrieve",
                                          "codes" : {
                                             "locator" : "61:38-61:62",
                                             "name" : "Outpatient Consultation",
                                             "type" : "ValueSetRef"
                                          }
                                       } ]
                                    }, {
                                       "type" : "Union",
                                       "operand" : [ {
                                          "localId" : "46",
                                          "locator" : "62:13-62:61",
                                          "dataType" : "{urn:healthit-gov:qdm:v5_6}PositiveEncounterPerformed",
                                          "templateId" : "PositiveEncounterPerformed",
                                          "codeProperty" : "code",
                                          "codeComparator" : "in",
                                          "type" : "Retrieve",
                                          "codes" : {
                                             "locator" : "62:38-62:60",
                                             "name" : "Annual Wellness Visit",
                                             "type" : "ValueSetRef"
                                          }
                                       }, {
                                          "localId" : "48",
                                          "locator" : "63:13-63:64",
                                          "dataType" : "{urn:healthit-gov:qdm:v5_6}PositiveEncounterPerformed",
                                          "templateId" : "PositiveEncounterPerformed",
                                          "codeProperty" : "code",
                                          "codeComparator" : "in",
                                          "type" : "Retrieve",
                                          "codes" : {
                                             "locator" : "63:38-63:63",
                                             "name" : "Face-to-Face Interaction",
                                             "type" : "ValueSetRef"
                                          }
                                       } ]
                                    } ]
                                 }, {
                                    "type" : "Union",
                                    "operand" : [ {
                                       "localId" : "50",
                                       "locator" : "64:13-64:64",
                                       "dataType" : "{urn:healthit-gov:qdm:v5_6}PositiveEncounterPerformed",
                                       "templateId" : "PositiveEncounterPerformed",
                                       "codeProperty" : "code",
                                       "codeComparator" : "in",
                                       "type" : "Retrieve",
                                       "codes" : {
                                          "locator" : "64:38-64:63",
                                          "name" : "Home Healthcare Services",
                                          "type" : "ValueSetRef"
                                       }
                                    }, {
                                       "localId" : "52",
                                       "locator" : "65:13-65:100",
                                       "dataType" : "{urn:healthit-gov:qdm:v5_6}PositiveEncounterPerformed",
                                       "templateId" : "PositiveEncounterPerformed",
                                       "codeProperty" : "code",
                                       "codeComparator" : "in",
                                       "type" : "Retrieve",
                                       "codes" : {
                                          "locator" : "65:38-65:99",
                                          "name" : "Preventive Care Services Established Office Visit, 18 and Up",
                                          "type" : "ValueSetRef"
                                       }
                                    } ]
                                 } ]
                              }, {
                                 "type" : "Union",
                                 "operand" : [ {
                                    "localId" : "54",
                                    "locator" : "66:13-66:96",
                                    "dataType" : "{urn:healthit-gov:qdm:v5_6}PositiveEncounterPerformed",
                                    "templateId" : "PositiveEncounterPerformed",
                                    "codeProperty" : "code",
                                    "codeComparator" : "in",
                                    "type" : "Retrieve",
                                    "codes" : {
                                       "locator" : "66:38-66:95",
                                       "name" : "Preventive Care Services Initial Office Visit, 18 and Up",
                                       "type" : "ValueSetRef"
                                    }
                                 }, {
                                    "localId" : "56",
                                    "locator" : "67:13-67:95",
                                    "dataType" : "{urn:healthit-gov:qdm:v5_6}PositiveEncounterPerformed",
                                    "templateId" : "PositiveEncounterPerformed",
                                    "codeProperty" : "code",
                                    "codeComparator" : "in",
                                    "type" : "Retrieve",
                                    "codes" : {
                                       "locator" : "67:38-67:94",
                                       "name" : "Preventive Care Services, Initial Office Visit, 0 to 17",
                                       "type" : "ValueSetRef"
                                    }
                                 } ]
                              } ]
                           }, {
                              "type" : "Union",
                              "operand" : [ {
                                 "localId" : "58",
                                 "locator" : "68:13-68:90",
                                 "dataType" : "{urn:healthit-gov:qdm:v5_6}PositiveEncounterPerformed",
                                 "templateId" : "PositiveEncounterPerformed",
                                 "codeProperty" : "code",
                                 "codeComparator" : "in",
                                 "type" : "Retrieve",
                                 "codes" : {
                                    "locator" : "68:38-68:89",
                                    "name" : "Preventive Care, Established Office Visit, 0 to 17",
                                    "type" : "ValueSetRef"
                                 }
                              }, {
                                 "localId" : "60",
                                 "locator" : "69:13-69:56",
                                 "dataType" : "{urn:healthit-gov:qdm:v5_6}PositiveEncounterPerformed",
                                 "templateId" : "PositiveEncounterPerformed",
                                 "codeProperty" : "code",
                                 "codeComparator" : "in",
                                 "type" : "Retrieve",
                                 "codes" : {
                                    "locator" : "69:38-69:55",
                                    "name" : "Telephone Visits",
                                    "type" : "ValueSetRef"
                                 }
                              } ]
                           } ]
                        }, {
                           "localId" : "62",
                           "locator" : "70:13-70:76",
                           "dataType" : "{urn:healthit-gov:qdm:v5_6}PositiveEncounterPerformed",
                           "templateId" : "PositiveEncounterPerformed",
                           "codeProperty" : "code",
                           "codeComparator" : "~",
                           "type" : "Retrieve",
                           "codes" : {
                              "type" : "ToList",
                              "operand" : {
                                 "locator" : "70:38-70:75",
                                 "name" : "Unlisted preventive medicine service",
                                 "type" : "CodeRef"
                              }
                           }
                        } ]
                     }
                  } ],
                  "relationship" : [ ],
                  "where" : {
                     "localId" : "74",
                     "locator" : "71:7-71:142",
                     "precision" : "Day",
                     "type" : "IncludedIn",
                     "operand" : [ {
                        "localId" : "66",
                        "locator" : "71:13-71:46",
                        "path" : "relevantPeriod",
                        "scope" : "QualifyingEncounter",
                        "type" : "Property"
                     }, {
                        "localId" : "73",
                        "locator" : "71:62-71:142",
                        "lowClosed" : true,
                        "highClosed" : true,
                        "type" : "Interval",
                        "low" : {
                           "localId" : "68",
                           "locator" : "71:71-71:99",
                           "type" : "Start",
                           "operand" : {
                              "localId" : "67",
                              "locator" : "71:80-71:99",
                              "name" : "Measurement Period",
                              "type" : "ParameterRef"
                           }
                        },
                        "high" : {
                           "localId" : "72",
                           "locator" : "71:102-71:141",
                           "type" : "Add",
                           "operand" : [ {
                              "localId" : "70",
                              "locator" : "71:102-71:130",
                              "type" : "Start",
                              "operand" : {
                                 "localId" : "69",
                                 "locator" : "71:111-71:130",
                                 "name" : "Measurement Period",
                                 "type" : "ParameterRef"
                              }
                           }, {
                              "localId" : "71",
                              "locator" : "71:134-71:141",
                              "value" : 240,
                              "unit" : "days",
                              "type" : "Quantity"
                           } ]
                        }
                     } ]
                  }
               }
            }
         }, {
            "localId" : "80",
            "locator" : "50:1-52:78",
            "name" : "Initial Population",
            "context" : "Patient",
            "accessLevel" : "Public",
            "annotation" : [ {
               "type" : "Annotation",
               "s" : {
                  "r" : "80",
                  "s" : [ {
                     "value" : [ "","define ","\"Initial Population\"",":\n  " ]
                  }, {
                     "r" : "79",
                     "s" : [ {
                        "r" : "42",
                        "s" : [ {
                           "value" : [ "\"Has Active HIV Diagnosis Before or in First 90 Days of Measurement Period\"" ]
                        } ]
                     }, {
                        "value" : [ "\n    and " ]
                     }, {
                        "r" : "78",
                        "s" : [ {
                           "value" : [ "\"Has Qualifying Encounter During First 240 Days of Measurement Period\"" ]
                        } ]
                     } ]
                  } ]
               }
            } ],
            "expression" : {
               "localId" : "79",
               "locator" : "51:3-52:78",
               "type" : "And",
               "operand" : [ {
                  "localId" : "42",
                  "locator" : "51:3-51:77",
                  "name" : "Has Active HIV Diagnosis Before or in First 90 Days of Measurement Period",
                  "type" : "ExpressionRef"
               }, {
                  "localId" : "78",
                  "locator" : "52:9-52:78",
                  "name" : "Has Qualifying Encounter During First 240 Days of Measurement Period",
                  "type" : "ExpressionRef"
               } ]
            }
         }, {
            "localId" : "82",
            "locator" : "35:1-36:22",
            "name" : "Denominator",
            "context" : "Patient",
            "accessLevel" : "Public",
            "annotation" : [ {
               "type" : "Annotation",
               "s" : {
                  "r" : "82",
                  "s" : [ {
                     "value" : [ "","define ","\"Denominator\"",":\n  " ]
                  }, {
                     "r" : "81",
                     "s" : [ {
                        "value" : [ "\"Initial Population\"" ]
                     } ]
                  } ]
               }
            } ],
            "expression" : {
               "localId" : "81",
               "locator" : "36:3-36:22",
               "name" : "Initial Population",
               "type" : "ExpressionRef"
            }
         }, {
            "localId" : "84",
            "locator" : "38:1-39:51",
            "name" : "SDE Ethnicity",
            "context" : "Patient",
            "accessLevel" : "Public",
            "annotation" : [ {
               "type" : "Annotation",
               "s" : {
                  "r" : "84",
                  "s" : [ {
                     "value" : [ "","define ","\"SDE Ethnicity\"",":\n  " ]
                  }, {
                     "r" : "83",
                     "s" : [ {
                        "value" : [ "[","\"Patient Characteristic Ethnicity\"",": " ]
                     }, {
                        "s" : [ {
                           "value" : [ "\"Ethnicity\"" ]
                        } ]
                     }, {
                        "value" : [ "]" ]
                     } ]
                  } ]
               }
            } ],
            "expression" : {
               "localId" : "83",
               "locator" : "39:3-39:51",
               "dataType" : "{urn:healthit-gov:qdm:v5_6}PatientCharacteristicEthnicity",
               "codeProperty" : "code",
               "codeComparator" : "in",
               "type" : "Retrieve",
               "codes" : {
                  "locator" : "39:40-39:50",
                  "name" : "Ethnicity",
                  "type" : "ValueSetRef"
               }
            }
         }, {
            "localId" : "86",
            "locator" : "41:1-42:43",
            "name" : "SDE Payer",
            "context" : "Patient",
            "accessLevel" : "Public",
            "annotation" : [ {
               "type" : "Annotation",
               "s" : {
                  "r" : "86",
                  "s" : [ {
                     "value" : [ "","define ","\"SDE Payer\"",":\n  " ]
                  }, {
                     "r" : "85",
                     "s" : [ {
                        "value" : [ "[","\"Patient Characteristic Payer\"",": " ]
                     }, {
                        "s" : [ {
                           "value" : [ "\"Payer\"" ]
                        } ]
                     }, {
                        "value" : [ "]" ]
                     } ]
                  } ]
               }
            } ],
            "expression" : {
               "localId" : "85",
               "locator" : "42:3-42:43",
               "dataType" : "{urn:healthit-gov:qdm:v5_6}PatientCharacteristicPayer",
               "codeProperty" : "code",
               "codeComparator" : "in",
               "type" : "Retrieve",
               "codes" : {
                  "locator" : "42:36-42:42",
                  "name" : "Payer",
                  "type" : "ValueSetRef"
               }
            }
         }, {
            "localId" : "88",
            "locator" : "44:1-45:41",
            "name" : "SDE Race",
            "context" : "Patient",
            "accessLevel" : "Public",
            "annotation" : [ {
               "type" : "Annotation",
               "s" : {
                  "r" : "88",
                  "s" : [ {
                     "value" : [ "","define ","\"SDE Race\"",":\n  " ]
                  }, {
                     "r" : "87",
                     "s" : [ {
                        "value" : [ "[","\"Patient Characteristic Race\"",": " ]
                     }, {
                        "s" : [ {
                           "value" : [ "\"Race\"" ]
                        } ]
                     }, {
                        "value" : [ "]" ]
                     } ]
                  } ]
               }
            } ],
            "expression" : {
               "localId" : "87",
               "locator" : "45:3-45:41",
               "dataType" : "{urn:healthit-gov:qdm:v5_6}PatientCharacteristicRace",
               "codeProperty" : "code",
               "codeComparator" : "in",
               "type" : "Retrieve",
               "codes" : {
                  "locator" : "45:35-45:40",
                  "name" : "Race",
                  "type" : "ValueSetRef"
               }
            }
         }, {
            "localId" : "90",
            "locator" : "47:1-48:58",
            "name" : "SDE Sex",
            "context" : "Patient",
            "accessLevel" : "Public",
            "annotation" : [ {
               "type" : "Annotation",
               "s" : {
                  "r" : "90",
                  "s" : [ {
                     "value" : [ "","define ","\"SDE Sex\"",":\n  " ]
                  }, {
                     "r" : "89",
                     "s" : [ {
                        "value" : [ "[","\"Patient Characteristic Sex\"",": " ]
                     }, {
                        "s" : [ {
                           "value" : [ "\"ONC Administrative Sex\"" ]
                        } ]
                     }, {
                        "value" : [ "]" ]
                     } ]
                  } ]
               }
            } ],
            "expression" : {
               "localId" : "89",
               "locator" : "48:3-48:58",
               "dataType" : "{urn:healthit-gov:qdm:v5_6}PatientCharacteristicSex",
               "codeProperty" : "code",
               "codeComparator" : "in",
               "type" : "Retrieve",
               "codes" : {
                  "locator" : "48:34-48:57",
                  "name" : "ONC Administrative Sex",
                  "type" : "ValueSetRef"
               }
            }
         }, {
            "localId" : "110",
            "locator" : "78:1-82:3",
            "name" : "Most Recent Viral Load Test During Measurement Period",
            "context" : "Patient",
            "accessLevel" : "Public",
            "annotation" : [ {
               "type" : "Annotation",
               "s" : {
                  "r" : "110",
                  "s" : [ {
                     "value" : [ "","define ","\"Most Recent Viral Load Test During Measurement Period\"",":\n  " ]
                  }, {
                     "r" : "109",
                     "s" : [ {
                        "value" : [ "Last","(" ]
                     }, {
                        "r" : "108",
                        "s" : [ {
                           "s" : [ {
                              "r" : "92",
                              "s" : [ {
                                 "r" : "91",
                                 "s" : [ {
                                    "r" : "91",
                                    "s" : [ {
                                       "value" : [ "[","\"Laboratory Test, Performed\"",": " ]
                                    }, {
                                       "s" : [ {
                                          "value" : [ "\"HIV Viral Load\"" ]
                                       } ]
                                    }, {
                                       "value" : [ "]" ]
                                    } ]
                                 } ]
                              }, {
                                 "value" : [ " ","ViralLoad" ]
                              } ]
                           } ]
                        }, {
                           "value" : [ "\n      " ]
                        }, {
                           "r" : "100",
                           "s" : [ {
                              "value" : [ "where " ]
                           }, {
                              "r" : "100",
                              "s" : [ {
                                 "r" : "98",
                                 "s" : [ {
                                    "r" : "93",
                                    "s" : [ {
                                       "value" : [ "Global" ]
                                    } ]
                                 }, {
                                    "value" : [ "." ]
                                 }, {
                                    "r" : "98",
                                    "s" : [ {
                                       "value" : [ "\"LatestOf\"","(" ]
                                    }, {
                                       "r" : "95",
                                       "s" : [ {
                                          "r" : "94",
                                          "s" : [ {
                                             "value" : [ "ViralLoad" ]
                                          } ]
                                       }, {
                                          "value" : [ "." ]
                                       }, {
                                          "r" : "95",
                                          "s" : [ {
                                             "value" : [ "relevantDatetime" ]
                                          } ]
                                       } ]
                                    }, {
                                       "value" : [ ", " ]
                                    }, {
                                       "r" : "97",
                                       "s" : [ {
                                          "r" : "96",
                                          "s" : [ {
                                             "value" : [ "ViralLoad" ]
                                          } ]
                                       }, {
                                          "value" : [ "." ]
                                       }, {
                                          "r" : "97",
                                          "s" : [ {
                                             "value" : [ "relevantPeriod" ]
                                          } ]
                                       } ]
                                    }, {
                                       "value" : [ ")" ]
                                    } ]
                                 } ]
                              }, {
                                 "r" : "100",
                                 "value" : [ "during day of"," " ]
                              }, {
                                 "r" : "99",
                                 "s" : [ {
                                    "value" : [ "\"Measurement Period\"" ]
                                 } ]
                              } ]
                           } ]
                        }, {
                           "value" : [ "\n      " ]
                        }, {
                           "r" : "107",
                           "s" : [ {
                              "value" : [ "sort by " ]
                           }, {
                              "r" : "106",
                              "s" : [ {
                                 "r" : "105",
                                 "s" : [ {
                                    "value" : [ "start of " ]
                                 }, {
                                    "r" : "104",
                                    "s" : [ {
                                       "r" : "101",
                                       "s" : [ {
                                          "value" : [ "Global" ]
                                       } ]
                                    }, {
                                       "value" : [ "." ]
                                    }, {
                                       "r" : "104",
                                       "s" : [ {
                                          "value" : [ "\"NormalizeInterval\"","(" ]
                                       }, {
                                          "r" : "102",
                                          "s" : [ {
                                             "value" : [ "relevantDatetime" ]
                                          } ]
                                       }, {
                                          "value" : [ ", " ]
                                       }, {
                                          "r" : "103",
                                          "s" : [ {
                                             "value" : [ "relevantPeriod" ]
                                          } ]
                                       }, {
                                          "value" : [ ")" ]
                                       } ]
                                    } ]
                                 } ]
                              } ]
                           } ]
                        } ]
                     }, {
                        "value" : [ "\n  )" ]
                     } ]
                  } ]
               }
            } ],
            "expression" : {
               "localId" : "109",
               "locator" : "79:3-82:3",
               "type" : "Last",
               "source" : {
                  "localId" : "108",
                  "locator" : "79:8-81:83",
                  "type" : "Query",
                  "source" : [ {
                     "localId" : "92",
                     "locator" : "79:8-79:65",
                     "alias" : "ViralLoad",
                     "expression" : {
                        "localId" : "91",
                        "locator" : "79:8-79:55",
                        "dataType" : "{urn:healthit-gov:qdm:v5_6}PositiveLaboratoryTestPerformed",
                        "templateId" : "PositiveLaboratoryTestPerformed",
                        "codeProperty" : "code",
                        "codeComparator" : "in",
                        "type" : "Retrieve",
                        "codes" : {
                           "locator" : "79:39-79:54",
                           "name" : "HIV Viral Load",
                           "type" : "ValueSetRef"
                        }
                     }
                  } ],
                  "relationship" : [ ],
                  "where" : {
                     "localId" : "100",
                     "locator" : "80:7-80:117",
                     "precision" : "Day",
                     "type" : "In",
                     "operand" : [ {
                        "localId" : "98",
                        "locator" : "80:13-80:83",
                        "name" : "LatestOf",
                        "libraryName" : "Global",
                        "type" : "FunctionRef",
                        "operand" : [ {
                           "localId" : "95",
                           "locator" : "80:31-80:56",
                           "path" : "relevantDatetime",
                           "scope" : "ViralLoad",
                           "type" : "Property"
                        }, {
                           "localId" : "97",
                           "locator" : "80:59-80:82",
                           "path" : "relevantPeriod",
                           "scope" : "ViralLoad",
                           "type" : "Property"
                        } ]
                     }, {
                        "localId" : "99",
                        "locator" : "80:98-80:117",
                        "name" : "Measurement Period",
                        "type" : "ParameterRef"
                     } ]
                  },
                  "sort" : {
                     "localId" : "107",
                     "locator" : "81:7-81:83",
                     "by" : [ {
                        "localId" : "106",
                        "locator" : "81:15-81:83",
                        "direction" : "asc",
                        "type" : "ByExpression",
                        "expression" : {
                           "localId" : "105",
                           "locator" : "81:15-81:83",
                           "type" : "Start",
                           "operand" : {
                              "localId" : "104",
                              "locator" : "81:24-81:83",
                              "name" : "NormalizeInterval",
                              "libraryName" : "Global",
                              "type" : "FunctionRef",
                              "operand" : [ {
                                 "localId" : "102",
                                 "locator" : "81:51-81:66",
                                 "name" : "relevantDatetime",
                                 "type" : "IdentifierRef"
                              }, {
                                 "localId" : "103",
                                 "locator" : "81:69-81:82",
                                 "name" : "relevantPeriod",
                                 "type" : "IdentifierRef"
                              } ]
                           }
                        }
                     } ]
                  }
               }
            }
         }, {
            "localId" : "125",
            "locator" : "54:1-57:104",
            "name" : "Numerator",
            "context" : "Patient",
            "accessLevel" : "Public",
            "annotation" : [ {
               "type" : "Annotation",
               "s" : {
                  "r" : "125",
                  "s" : [ {
                     "value" : [ "","define ","\"Numerator\"",":\n  " ]
                  }, {
                     "r" : "124",
                     "s" : [ {
                        "r" : "119",
                        "s" : [ {
                           "r" : "114",
                           "s" : [ {
                              "r" : "112",
                              "s" : [ {
                                 "r" : "111",
                                 "s" : [ {
                                    "value" : [ "\"Most Recent Viral Load Test During Measurement Period\"" ]
                                 } ]
                              }, {
                                 "value" : [ "." ]
                              }, {
                                 "r" : "112",
                                 "s" : [ {
                                    "value" : [ "result" ]
                                 } ]
                              } ]
                           }, {
                              "value" : [ " ","<"," " ]
                           }, {
                              "r" : "113",
                              "s" : [ {
                                 "value" : [ "200 ","'{copies}/mL'" ]
                              } ]
                           } ]
                        }, {
                           "value" : [ "\n    or " ]
                        }, {
                           "r" : "118",
                           "s" : [ {
                              "r" : "116",
                              "s" : [ {
                                 "r" : "115",
                                 "s" : [ {
                                    "value" : [ "\"Most Recent Viral Load Test During Measurement Period\"" ]
                                 } ]
                              }, {
                                 "value" : [ "." ]
                              }, {
                                 "r" : "116",
                                 "s" : [ {
                                    "value" : [ "result" ]
                                 } ]
                              } ]
                           }, {
                              "value" : [ " ","~"," " ]
                           }, {
                              "r" : "117",
                              "s" : [ {
                                 "value" : [ "\"Below threshold level (qualifier value)\"" ]
                              } ]
                           } ]
                        } ]
                     }, {
                        "value" : [ "\n    or " ]
                     }, {
                        "r" : "123",
                        "s" : [ {
                           "r" : "121",
                           "s" : [ {
                              "r" : "120",
                              "s" : [ {
                                 "value" : [ "\"Most Recent Viral Load Test During Measurement Period\"" ]
                              } ]
                           }, {
                              "value" : [ "." ]
                           }, {
                              "r" : "121",
                              "s" : [ {
                                 "value" : [ "result" ]
                              } ]
                           } ]
                        }, {
                           "value" : [ " ","~"," " ]
                        }, {
                           "r" : "122",
                           "s" : [ {
                              "value" : [ "\"Not detected (qualifier value)\"" ]
                           } ]
                        } ]
                     } ]
                  } ]
               }
            } ],
            "expression" : {
               "localId" : "124",
               "locator" : "55:3-57:104",
               "type" : "Or",
               "operand" : [ {
                  "localId" : "119",
                  "locator" : "55:3-56:113",
                  "type" : "Or",
                  "operand" : [ {
                     "localId" : "114",
                     "locator" : "55:3-55:84",
                     "type" : "Less",
                     "operand" : [ {
                        "asType" : "{urn:hl7-org:elm-types:r1}Quantity",
                        "type" : "As",
                        "operand" : {
                           "localId" : "112",
                           "locator" : "55:3-55:64",
                           "path" : "result",
                           "type" : "Property",
                           "source" : {
                              "localId" : "111",
                              "locator" : "55:3-55:57",
                              "name" : "Most Recent Viral Load Test During Measurement Period",
                              "type" : "ExpressionRef"
                           }
                        }
                     }, {
                        "localId" : "113",
                        "locator" : "55:68-55:84",
                        "value" : 200,
                        "unit" : "{copies}/mL",
                        "type" : "Quantity"
                     } ]
                  }, {
                     "localId" : "118",
                     "locator" : "56:8-56:113",
                     "type" : "Equivalent",
                     "operand" : [ {
                        "asType" : "{urn:hl7-org:elm-types:r1}Code",
                        "type" : "As",
                        "operand" : {
                           "localId" : "116",
                           "locator" : "56:8-56:69",
                           "path" : "result",
                           "type" : "Property",
                           "source" : {
                              "localId" : "115",
                              "locator" : "56:8-56:62",
                              "name" : "Most Recent Viral Load Test During Measurement Period",
                              "type" : "ExpressionRef"
                           }
                        }
                     }, {
                        "localId" : "117",
                        "locator" : "56:73-56:113",
                        "name" : "Below threshold level (qualifier value)",
                        "type" : "CodeRef"
                     } ]
                  } ]
               }, {
                  "localId" : "123",
                  "locator" : "57:8-57:104",
                  "type" : "Equivalent",
                  "operand" : [ {
                     "asType" : "{urn:hl7-org:elm-types:r1}Code",
                     "type" : "As",
                     "operand" : {
                        "localId" : "121",
                        "locator" : "57:8-57:69",
                        "path" : "result",
                        "type" : "Property",
                        "source" : {
                           "localId" : "120",
                           "locator" : "57:8-57:62",
                           "name" : "Most Recent Viral Load Test During Measurement Period",
                           "type" : "ExpressionRef"
                        }
                     }
                  }, {
                     "localId" : "122",
                     "locator" : "57:73-57:104",
                     "name" : "Not detected (qualifier value)",
                     "type" : "CodeRef"
                  } ]
               } ]
            }
         } ]
      }
   }
}