<?xml version="1.0" encoding="UTF-8" standalone="yes"?>
<QualityMeasureDocument xmlns="urn:hl7-org:v3" xmlns:cql-ext="urn:hhs-cql:hqmf-n1-extensions:v1"
                        xmlns:xsi="http://www.w3.org/2001/XMLSchema-instance">

      <!--
            **************************************************************
            Measure Details Section
            **************************************************************
        -->

      <typeId extension="POQM_HD000001UV02" root="2.16.840.1.113883.1.3"/>
   <templateId>
      <item extension="2021-02-01" root="2.16.840.1.113883.10.20.28.1.2"/>
   </templateId>
   <id root="8a6d044d-8db3-0572-018d-cd12cced034b"/>
   <code code="57024-2" codeSystem="2.16.840.1.113883.6.1">
      <displayName value="Health Quality Measure Document"/>
   </code>
   <title value="Hospital Harm - Severe Hyperglycemia"/>
   <text
         value="This measure assesses the number of inpatient hospital days for patients age 18 and older with a hyperglycemic event (harm) per the total qualifying inpatient hospital days for that encounter"/>
   <statusCode code="COMPLETED"/>
   <setId root="ef95493c-3f65-4440-9ccb-eaf1b9ed1210"/>
   <versionNumber value="4.1.000"/>
   <author>
      <responsibleParty classCode="ASSIGNED">
         <representedResponsibleOrganization classCode="ORG" determinerCode="INSTANCE">
            <id>
               <item root="e9606bf4-a69f-11ea-bb37-0242ac130002"/>
            </id>
            <name>
               <item>
                  <part value="American Institutes for Research (AIR)"/>
               </item>
            </name>
         </representedResponsibleOrganization>
      </responsibleParty>
   </author>
   <custodian>
      <responsibleParty classCode="ASSIGNED">
         <representedResponsibleOrganization classCode="ORG" determinerCode="INSTANCE">
            <id>
               <item root="93"/>
            </id>
            <name>
               <item>
                  <part value="Centers for Medicare &amp; Medicaid Services (CMS)"/>
               </item>
            </name>
         </representedResponsibleOrganization>
      </responsibleParty>
   </custodian>
   <!--Encounter Inpatient-->
     	 <definition>
      <valueSet classCode="OBS" moodCode="DEF">
         <id root="2.16.840.1.113883.3.666.5.307"/>
         <title value="Encounter Inpatient"/>
      </valueSet>
   </definition>
   <!--Comfort Measures-->
     	 <definition>
      <valueSet classCode="OBS" moodCode="DEF">
         <id root="1.3.6.1.4.1.33895.1.3.0.45"/>
         <title value="Comfort Measures"/>
      </valueSet>
   </definition>
   <!--ONC Administrative Sex-->
     	 <definition>
      <valueSet classCode="OBS" moodCode="DEF">
         <id root="2.16.840.1.113762.1.4.1"/>
         <title value="ONC Administrative Sex"/>
      </valueSet>
   </definition>
   <!--Ethnicity-->
     	 <definition>
      <valueSet classCode="OBS" moodCode="DEF">
         <id root="2.16.840.1.114222.4.11.837"/>
         <title value="Ethnicity"/>
      </valueSet>
   </definition>
   <!--Glucose Lab Test Mass Per Volume-->
     	 <definition>
      <valueSet classCode="OBS" moodCode="DEF">
         <id root="2.16.840.1.113762.1.4.1248.34"/>
         <title value="Glucose Lab Test Mass Per Volume"/>
      </valueSet>
   </definition>
   <!--Emergency Department Visit-->
     	 <definition>
      <valueSet classCode="OBS" moodCode="DEF">
         <id root="2.16.840.1.113883.3.117.1.7.1.292"/>
         <title value="Emergency Department Visit"/>
      </valueSet>
   </definition>
   <!--Observation Services-->
     	 <definition>
      <valueSet classCode="OBS" moodCode="DEF">
         <id root="2.16.840.1.113762.1.4.1111.143"/>
         <title value="Observation Services"/>
      </valueSet>
   </definition>
   <!--Race-->
     	 <definition>
      <valueSet classCode="OBS" moodCode="DEF">
         <id root="2.16.840.1.114222.4.11.836"/>
         <title value="Race"/>
      </valueSet>
   </definition>
   <!--Diabetes-->
     	 <definition>
      <valueSet classCode="OBS" moodCode="DEF">
         <id root="2.16.840.1.113883.3.464.1003.103.12.1001"/>
         <title value="Diabetes"/>
      </valueSet>
   </definition>
   <!--Hypoglycemics Treatment Medications-->
     	 <definition>
      <valueSet classCode="OBS" moodCode="DEF">
         <id root="2.16.840.1.113762.1.4.1196.394"/>
         <title value="Hypoglycemics Treatment Medications"/>
      </valueSet>
   </definition>
   <!--Payer Type-->
     	 <definition>
      <valueSet classCode="OBS" moodCode="DEF">
         <id root="2.16.840.1.114222.4.11.3591"/>
         <title value="Payer Type"/>
      </valueSet>
   </definition>
   <!--Discharged to Health Care Facility for Hospice Care-->
     	 <definition>
      <valueSet classCode="OBS" moodCode="DEF">
         <id root="2.16.840.1.113883.3.117.1.7.1.207"/>
         <title value="Discharged to Health Care Facility for Hospice Care"/>
      </valueSet>
   </definition>
   <!--Discharged to Home for Hospice Care-->
     	 <definition>
      <valueSet classCode="OBS" moodCode="DEF">
         <id root="2.16.840.1.113883.3.117.1.7.1.209"/>
         <title value="Discharged to Home for Hospice Care"/>
      </valueSet>
   </definition>
   <relatedDocument typeCode="COMP">
      <expressionDocument>
         <id root="98224522-0813-40C8-9823-D7D280ED3A59"/>
         <text mediaType="text/cql">
            <reference value="https://emeasuretool.cms.gov/libraries/ef95493c-3f65-4440-9ccb-eaf1b9ed1210/CMS871-v4-1-000-QDM-5-6.cql"/>
            <translation mediaType="application/elm+xml">
               <reference value="https://emeasuretool.cms.gov/libraries/ef95493c-3f65-4440-9ccb-eaf1b9ed1210/CMS871-v4-1-000-QDM-5-6.xml"/>
            </translation>
            <translation mediaType="application/elm+json">
               <reference value="https://emeasuretool.cms.gov/libraries/ef95493c-3f65-4440-9ccb-eaf1b9ed1210/CMS871-v4-1-000-QDM-5-6.json"/>
            </translation>
         </text>
         <setId extension="ef95493c-3f65-4440-9ccb-eaf1b9ed1210"
                identifierName="HospitalHarmHyperglycemiainHospitalizedPatients"
                root="https://emeasuretool.cms.gov/libraries"/>
         <versionNumber value="4.1.000"/>
      </expressionDocument>
   </relatedDocument>
   <relatedDocument typeCode="COMP">
      <expressionDocument>
         <id root="8a6d042a8c5931d0018c6e282a31073d"/>
         <text mediaType="text/cql">
            <reference value="https://emeasuretool.cms.gov/libraries/8bdc0a19-b210-4a58-8a07-f5d95a34eca9/MATGlobalCommonFunctionsQDM-v8-0-000-QDM-5-6.cql"/>
            <translation mediaType="application/elm+xml">
               <reference value="https://emeasuretool.cms.gov/libraries/8bdc0a19-b210-4a58-8a07-f5d95a34eca9/MATGlobalCommonFunctionsQDM-v8-0-000-QDM-5-6.xml"/>
            </translation>
            <translation mediaType="application/elm+json">
               <reference value="https://emeasuretool.cms.gov/libraries/8bdc0a19-b210-4a58-8a07-f5d95a34eca9/MATGlobalCommonFunctionsQDM-v8-0-000-QDM-5-6.json"/>
            </translation>
         </text>
         <setId extension="8bdc0a19-b210-4a58-8a07-f5d95a34eca9"
                identifierName="MATGlobalCommonFunctionsQDM"
                root="https://emeasuretool.cms.gov/libraries"/>
         <versionNumber value="8.0.000"/>
      </expressionDocument>
   </relatedDocument>
   <controlVariable>
      <measurePeriod>
         <id extension="measureperiod" root="db4824af-0553-494a-8760-2bba68e01e15"/>
         <code code="MSRTP" codeSystem="2.16.840.1.113883.5.4">
            <originalText value="Measurement Period"/>
         </code>
         <value xsi:type="PIVL_TS">
            <phase highClosed="true" lowClosed="true">
               <low value="20240101"/>
               <width unit="a" value="1" xsi:type="PQ"/>
            </phase>
            <period unit="a" value="1"/>
         </value>
      </measurePeriod>
   </controlVariable>
   <subjectOf>
      <measureAttribute>
         <code nullFlavor="OTH">
            <originalText value="eCQM Identifier (Measure Authoring Tool)"/>
         </code>
         <value mediaType="text/plain" value="871" xsi:type="ED"/>
      </measureAttribute>
   </subjectOf>
   <subjectOf>
      <measureAttribute>
         <code nullFlavor="OTH">
            <originalText value="CBE Number"/>
         </code>
         <value mediaType="text/plain" value="3533e" xsi:type="ED"/>
      </measureAttribute>
   </subjectOf>
   <subjectOf>
      <measureAttribute>
         <code code="COPY" codeSystem="2.16.840.1.113883.5.4">
            <displayName value="Copyright"/>
         </code>
         <value mediaType="text/plain"
                value="Limited proprietary coding is contained in the Measure specifications for user convenience. Users of proprietary code sets should obtain all necessary licenses from the owners of the code sets. American Institutes for Research(R), formerly IMPAQ International, disclaims all liability for use or accuracy of any third party codes contained in the specifications.&#xA;&#xA;LOINC(R) copyright 2004-2023 Regenstrief Institute, Inc. This material contains SNOMED Clinical Terms(R) (SNOMED CT[R]) copyright 2004-2023 International Health Terminology Standards Development Organisation. ICD-10 copyright 2023 World Health Organization. All Rights Reserved."
                xsi:type="ED"/>
      </measureAttribute>
   </subjectOf>
   <subjectOf>
      <measureAttribute>
         <code code="DISC" codeSystem="2.16.840.1.113883.5.4">
            <displayName value="Disclaimer"/>
         </code>
         <value mediaType="text/plain"
                value="This performance measure is not a clinical guideline and does not establish a standard of medical care, and has not been tested for all potential applications.&#xA;&#xA;THE MEASURES AND SPECIFICATIONS ARE PROVIDED &quot;AS IS&quot; WITHOUT WARRANTY OF ANY KIND.&#xA;&#xA;Due to technical limitations, registered trademarks are indicated by (R) or [R] and unregistered trademarks are indicated by (TM) or [TM]."
                xsi:type="ED"/>
      </measureAttribute>
   </subjectOf>
   <subjectOf>
      <measureAttribute>
         <code code="MSRSCORE" codeSystem="2.16.840.1.113883.5.4">
            <displayName value="Measure Scoring"/>
         </code>
         <value code="RATIO" codeSystem="2.16.840.1.113883.5.1063" xsi:type="CD">
            <displayName value="Ratio"/>
         </value>
      </measureAttribute>
   </subjectOf>
   <subjectOf>
      <measureAttribute>
         <code code="MSRTYPE" codeSystem="2.16.840.1.113883.5.4">
            <displayName value="Measure Type"/>
         </code>
         <value code="OUTCOME" codeSystem="2.16.840.1.113883.5.1063" xsi:type="CD">
            <displayName value="OUTCOME"/>
         </value>
      </measureAttribute>
   </subjectOf>
   <subjectOf>
      <measureAttribute>
         <code code="MSRADJ" codeSystem="2.16.840.1.113883.5.4">
            <displayName value="Risk Adjustment"/>
         </code>
         <value mediaType="text/plain" value="None" xsi:type="ED"/>
      </measureAttribute>
   </subjectOf>
   <subjectOf>
      <measureAttribute>
         <code code="MSRAGG" codeSystem="2.16.840.1.113883.5.4">
            <displayName value="Rate Aggregation"/>
         </code>
         <value mediaType="text/plain" value="None" xsi:type="ED"/>
      </measureAttribute>
   </subjectOf>
   <subjectOf>
      <measureAttribute>
         <code code="RAT" codeSystem="2.16.840.1.113883.5.4">
            <displayName value="Rationale"/>
         </code>
         <value mediaType="text/plain"
                value="Hyperglycemia, i.e., elevated glucose level, is common among hospitalized patients, especially those with preexisting diabetes (Umpierrez et al., 2012) and accounts for over 30% of noncritically ill hospitalized patients (Korytkowski, 2022). Hyperglycemia can also affect individuals with no prior history of diabetes and may be induced by medications such as steroids, or parenteral (intravenous) or enteral (tube) feeding.&#xA;&#xA;Severe hyperglycemia, i.e., extremely elevated glucose level, is significantly associated with a range of harms, including increased in-hospital mortality, infection rates, and hospital length of stay (Pasquel, et al., 2021; Umpierrez et al., 2012, 2015). Lower rates of inpatient severe hyperglycemia may not only improve care for patients, but also reduce costs for healthcare payers (Krinsley et al., 2016). The rate of hyperglycemia varies across hospitals, suggesting opportunities for improvement in inpatient glycemic management (Bersoux et al., 2013; Seisa et al., 2022). The rate of inpatient hyperglycemia can be considered a marker for quality of hospital care, since inpatient hyperglycemia is largely avoidable with proper glycemic management. The use of evidence-based standardized protocols and insulin management protocols have been shown to improve glycemic control and safety (Leroy et al., 2020; Maynard et al., 2015).&#xA;&#xA;It should be noted that this measure does not aim to measure overall glucose control in hospitalized patients; rather, our goal is to assess the occurrence and extent of severe hyperglycemia. This measure is also intended to be used in combination with its companion measure of hypoglycemia (Hospital Harm – Hypoglycemia) to reduce unintended consequences of measurement."
                xsi:type="ED"/>
      </measureAttribute>
   </subjectOf>
   <subjectOf>
      <measureAttribute>
         <code code="CRS" codeSystem="2.16.840.1.113883.5.4">
            <displayName value="Clinical Recommendation Statement"/>
         </code>
         <value mediaType="text/plain"
                value="Multiple guidelines address recommended levels of glycemic control, though these do not define severe hyperglycemia: &#xA;&#xA;From Section 16, Diabetes Care in the Hospital, in the Standards of Medical Care in Diabetes by the American Diabetes Association, (American Diabetes Association, 2023): &#xA;&#xA;16.4 Insulin therapy should be initiated for the treatment of persistent hyperglycemia starting at a threshold ≥180 mg/dL (10.0 mmol/L) (checked on two occasions). Once insulin therapy is started, a target glucose range of 140–180 mg/dL (7.8–10.0 mmol/L) is recommended for most critically ill and noncritically ill patients.&#xA;&#xA;16.5 More stringent goals, such as 110–140 mg/dL (6.1–7.8 mmol/L) or 100–180 mg/dL (5.6–10.0 mmol/L), may be appropriate for selected patients and are acceptable if they can be achieved without significant hypoglycemia.&#xA;&#xA;From the Endocrine Society clinical practice guideline on the Management of Hyperglycemia in Hospitalized Patients in Non-critical Care Setting (Korytkowski et al., 2022): &#xA;&#xA;Recommendation 10.1&#xA;In adults with no prior history of diabetes hospitalized for noncritical illness with hyperglycemia [defined as blood glucose (BG) &gt; 140 mg/dL (7.8 mmol/L)] during hospitalization, we suggest initial therapy with correctional insulin over scheduled insulin therapy (defined as basal or basal/bolus insulin) to maintain glucose targets in the range of 100 to 180 mg/dL (5.6 to 10.0 mmol/L). For patients with persistent hyperglycemia [≥2 point-of-care blood glucose (POC-BG) measurements ≥ 180 mg/dL (≥10.0 mmol/L) in a 24-hour period on correctional insulin alone], we suggest the addition of scheduled insulin therapy. &#xA;&#xA;Recommendation 10.2&#xA;In adults with diabetes treated with diet or noninsulin diabetes medications prior to admission, we suggest initial therapy with correctional insulin or scheduled insulin therapy to maintain glucose targets in the range of 100 to 180 mg/dL (5.6 to 10.0 mmol/L). For hospitalized adults started on correctional insulin alone and with persistent hyperglycemia [≥2 point-of-care blood glucose (POC-BG) measurements ≥ 180 mg/dL in a 24-hour period (≥10.0 mmol/L)], we suggest addition of scheduled insulin therapy. We suggest initiation of scheduled insulin therapy for patients with confirmed admission blood glucose (BG) ≥ 180 mg/dL (≥10.0 mmol/L). &#xA;&#xA;Recommendation 10.3&#xA;In adults with insulin-treated diabetes prior to admission who are hospitalized for noncritical illness, we recommend continuation of the scheduled insulin regimen modified for nutritional status and severity of illness to maintain glucose targets in the range of 100 to 180 mg/dL (5.6 to 10.0 mmol/L).&#xA;&#xA;Remarks&#xA;Reductions in the dose of basal insulin (by 10% to 20%) at time of hospitalization may be required for patients on basal heavy insulin regimens (defined as doses of basal insulin ≥ 0.6 to 1.0 units/kg/day), in which basal insulin is being used inappropriately to cover meal-related excursions in BG.&#xA;&#xA;There is no clinically accepted cutoff for severe hyperglycemia. Studies have used thresholds of &gt;140, &gt;180 , &gt;300, &gt;350 and &gt;400 mg/dL, among other values (American Diabetes Association, 2023; Umpierrez et al, 2012, 2015; Jamesen et al., 2015; Donihi et al., 2011; Mendez et al, 2015; Seisa et al., 2022). BGL &lt;180 mg/dL is associated with lower rates of mortality and stroke compared with a target glucose &lt;200 mg/dL (Sathya et al., 2013). Glycemic goals may also differ among hospitalized patients. For inpatient management of hyperglycemia in noncritical care, the expert consensus recommends a target range of 100–180 mg/dL (5.6–10.0 mmol/L) for noncritically ill patients with “new” hyperglycemia as well as people with known diabetes prior to admission. Glycemic levels &gt;250 mg/dL (13.9 mmol/L) may be acceptable in terminally ill patients with short life expectancy. In these individuals, less aggressive insulin regimens to minimize glucosuria, dehydration, and electrolyte disturbances are often more appropriate. (ElSayed et al., 2023). In an older patient with a prior history of severe hypoglycemia, some degree of hyperglycemia may be tolerated to maximize safety. Intensive insulin therapy to target glucose of 100 and 140mg/dLin the ICU didn’t significantly reduce perioperative complications compared with target glucose of 141and180mg/dL after coronary artery bypass surgery (Umpierrez et al., 2015). The current recommendation is to maintain a blood glucose level between 140-180 mg/dL (7.8-10.0 mmol/L) in both cardiac and non-cardiac ICU patients (Sreedharan et al., 2022). &#xA;&#xA;For patients who present with hyperglycemic crises, neurologic status must be monitored closely, with frequent re-examination. Care should be taken to prevent over-correction of hyperglycemia and hyperosmolarity following initial ﬂuid resuscitation of these patients to prevent cerebral edema, which carries a high mortality rate. (Gosmanov et al., 2021).&#xA;&#xA;From the Endocrine Society clinical practice guideline on the Management of Hyperglycemia in Hospitalized Patients in Non-critical Care Setting (Korytkowski et al., 2022):&#xA;Recommendation 1.1&#xA;In adults with insulin-treated diabetes hospitalized for noncritical illness who are at high risk of hypoglycemia, we suggest the use of real-time continuous glucose monitoring (CGM) with confirmatory bedside point-of-care blood glucose (POC-BG) monitoring for adjustments in insulin dosing rather than point-of-care blood glucose (POC-BG) testing alone in hospital settings where resources and training are available."
                xsi:type="ED"/>
      </measureAttribute>
   </subjectOf>
   <subjectOf>
      <measureAttribute>
         <code code="IDUR" codeSystem="2.16.840.1.113883.5.4">
            <displayName value="Improvement Notation"/>
         </code>
         <value mediaType="text/plain" value="A lower measure score indicates higher quality"
                xsi:type="ED"/>
      </measureAttribute>
   </subjectOf>
   <subjectOf>
      <measureAttribute>
         <code code="REF" codeSystem="2.16.840.1.113883.5.4">
            <displayName value="Reference"/>
         </code>
         <value mediaType="text/plain"
                value="CITATIONAmerican Diabetes Association, 16. Diabetes care in the hospital: Standards of care in diabetes—2023. Diabetes Care 1 January 2023; 46 (Supplement_1): S267–S278"
                xsi:type="ED"/>
      </measureAttribute>
   </subjectOf>
   <subjectOf>
      <measureAttribute>
         <code code="REF" codeSystem="2.16.840.1.113883.5.4">
            <displayName value="Reference"/>
         </code>
         <value mediaType="text/plain"
                value="CITATIONBersoux, S., Cook, C.B., Kongable, G.L., &amp; Shu, J. (2013). Trends in glycemic control over a 2-year period in 126 US hospitals. J Hosp Med. 2013;8(3):121-125. doi:10.1002/jhm.1997"
                xsi:type="ED"/>
      </measureAttribute>
   </subjectOf>
   <subjectOf>
      <measureAttribute>
         <code code="REF" codeSystem="2.16.840.1.113883.5.4">
            <displayName value="Reference"/>
         </code>
         <value mediaType="text/plain"
                value="CITATIONDonihi, A.C., Gibson, J.M., Noschese, M.L., DiNardo, M.M., Koerbel, G.L., Curll, M., &amp; Korytkowski, M.T. (2011). Effect of a targeted glycemic management program on provider response to inpatient hyperglycemia. Endocr Pract. 2011 Jul-Aug;17(4):552-7. doi: 10.4158/EP10330.OR. PMID: 21454237"
                xsi:type="ED"/>
      </measureAttribute>
   </subjectOf>
   <subjectOf>
      <measureAttribute>
         <code code="REF" codeSystem="2.16.840.1.113883.5.4">
            <displayName value="Reference"/>
         </code>
         <value mediaType="text/plain"
                value="CITATIONElSayed, N., Aleppo, G., Aroda, V., Bannuru, R., Brown, F., Bruemmer, D., Collins, B., Hilliard, M., Isaacs, D., Johnson, E., Kahan, S., Khunti, K., Leon, J., Lyons, S., Perry, M., Prahalad, P., Pratley, R., Jeffrie Seley, J., Stanton, R., &amp; Gabbay, R. (2023). On behalf of the American Diabetes Association, 16. Diabetes care in the hospital: Standards of care in diabetes. Diabetes Care 1 January 2023; 46 (Supplement_1): S267–S278. https://doi.org/10.2337/dc23-S016"
                xsi:type="ED"/>
      </measureAttribute>
   </subjectOf>
   <subjectOf>
      <measureAttribute>
         <code code="REF" codeSystem="2.16.840.1.113883.5.4">
            <displayName value="Reference"/>
         </code>
         <value mediaType="text/plain"
                value="CITATIONGosmanov, A.R., Gosmanova, E.O., &amp; Kitabchi, A.E. (2021). Hyperglycemic crises: diabetic ketoacidosis and hyperglycemic hyperosmolar state. [Updated 2021 May 9]. In: Feingold, K.R., Anawalt, B., Boyce, A., et al., editors. Endotext [Internet]. South Dartmouth (MA): MDText.com, Inc.; 2000-. Retrieved from: https://www.ncbi.nlm.nih.gov/books/NBK279052/"
                xsi:type="ED"/>
      </measureAttribute>
   </subjectOf>
   <subjectOf>
      <measureAttribute>
         <code code="REF" codeSystem="2.16.840.1.113883.5.4">
            <displayName value="Reference"/>
         </code>
         <value mediaType="text/plain"
                value="CITATIONJamesen, E., Nevalainen, P.L., Eskelinen, A., Kalliovalkama, J., &amp; Moilanen, T. (2015). Risk factors for perioperative hyperglycemia in primary hip and knee replacements. Acta Orthop. 2015 Apr;86(2):175-82. doi: 10.3109/17453674.2014.987064. Epub 2014 Nov 18. PMID: 25409255; PMCID: PMC4404767"
                xsi:type="ED"/>
      </measureAttribute>
   </subjectOf>
   <subjectOf>
      <measureAttribute>
         <code code="REF" codeSystem="2.16.840.1.113883.5.4">
            <displayName value="Reference"/>
         </code>
         <value mediaType="text/plain"
                value="CITATIONKorytkowski, M.T., Muniyappa, R., Antinori-Lent, K., Donihi, A.C., Drincic, A.T, Hirsch, I.B., Luger, A., McDonnell, M.E., Murad, M.H., Nielsen, C., Pegg, C., Rushakoff, R.J., Santesso, N., &amp; Umpierrez, G.E. (2022). Management of hyperglycemia in hospitalized adult patients in non-critical care settings: An Endocrine Society clinical practice guideline, The Journal of Clinical Endocrinology &amp; Metabolism, Volume 107, Issue 8, August 2022, Pages 2101–2128,  https://doi.org/10.1210/clinem/dgac278"
                xsi:type="ED"/>
      </measureAttribute>
   </subjectOf>
   <subjectOf>
      <measureAttribute>
         <code code="REF" codeSystem="2.16.840.1.113883.5.4">
            <displayName value="Reference"/>
         </code>
         <value mediaType="text/plain"
                value="CITATIONKrinsley, J.S., &amp; Jones, R.L. (2016). Cost analysis of intensive glycemic control in critically ill adult patients. Chest. 2016;129(3)644-650. doi: 10.1378/chest.129.3.644. PMID: 16537863"
                xsi:type="ED"/>
      </measureAttribute>
   </subjectOf>
   <subjectOf>
      <measureAttribute>
         <code code="REF" codeSystem="2.16.840.1.113883.5.4">
            <displayName value="Reference"/>
         </code>
         <value mediaType="text/plain"
                value="CITATIONLeRoy, L., &amp; Richard, S. (2020). Harms due to diabetic agents (Chapter 8), making healthcare safer III: A critical analysis of existing and emerging patient safety practices. Retrieved from: https://www.ahrq.gov/sites/default/files/wysiwyg/research/findings/making-healthcare-safer/mhs3/diabetes-1.pdf"
                xsi:type="ED"/>
      </measureAttribute>
   </subjectOf>
   <subjectOf>
      <measureAttribute>
         <code code="REF" codeSystem="2.16.840.1.113883.5.4">
            <displayName value="Reference"/>
         </code>
         <value mediaType="text/plain"
                value="CITATIONMaynard, G., Kulasa, K., Ramos, P., Childers, D., Clay, B., Sebasky, M., Fink, E., Field, A., Renvall, M., Juang, P.S., Choe, C., Pearson, D., Serences, B., &amp; Lohnes, S. (2015). Impact of a hypoglycemic reduction bundle and a systems approach to inpatient glycemic management. Endocr Pract. 2015;21(4):355-367. doi: 10.4158/EP14367.OR. Epub 2014 Dec 22. PMID: 25536971"
                xsi:type="ED"/>
      </measureAttribute>
   </subjectOf>
   <subjectOf>
      <measureAttribute>
         <code code="REF" codeSystem="2.16.840.1.113883.5.4">
            <displayName value="Reference"/>
         </code>
         <value mediaType="text/plain"
                value="CITATIONMendez, C.E., Ata, A., Rourke, J.M., Stain, S.C., &amp; Umpierrez, G. (2015). Daily inpatient glycemic survey (DINGS): A process to remotely identify and assist in the management of hospitalized patients with diabetes and hyperglycemia. Endocr Pract. 2015;21(8):927-935. doi: 10.4158/EP14577.OR. Epub 2015 Jun 29. PMID: 26121456"
                xsi:type="ED"/>
      </measureAttribute>
   </subjectOf>
   <subjectOf>
      <measureAttribute>
         <code code="REF" codeSystem="2.16.840.1.113883.5.4">
            <displayName value="Reference"/>
         </code>
         <value mediaType="text/plain"
                value="CITATIONPasquel, F.J., Lansang, M.C., Dhatariya, K., &amp; Umpierrez, G.E. (2021). Management of diabetes and hyperglycaemia in the hospital. The Lancet Diabetes &amp; Endocrinology. 2021; 9: 174–88. doi: 10.1016/S2213-8587(20)30381-8. Epub 2021 Jan 27. PMID: 33515493; PMCID: PMC10423081"
                xsi:type="ED"/>
      </measureAttribute>
   </subjectOf>
   <subjectOf>
      <measureAttribute>
         <code code="REF" codeSystem="2.16.840.1.113883.5.4">
            <displayName value="Reference"/>
         </code>
         <value mediaType="text/plain"
                value="CITATIONSathya, B., Davis, R., Taveira, T., Whitlatch, H., &amp; Wu, W.C. (2013). Intensity of peri-operative glycemic control and postoperative outcomes in patients with diabetes: a meta-analysis. Diabetes Res Clin Pract. 2013 Oct;102(1):8-15. doi: 10.1016/j.diabres.2013.05.003. Epub 2013 Jun 6. PMID: 23746852"
                xsi:type="ED"/>
      </measureAttribute>
   </subjectOf>
   <subjectOf>
      <measureAttribute>
         <code code="REF" codeSystem="2.16.840.1.113883.5.4">
            <displayName value="Reference"/>
         </code>
         <value mediaType="text/plain"
                value="CITATIONSeisa, M. O., Saadi, S., Nayfeh, T., Muthusamy, K., Shah, S. H., Firwana, M., Hasan, B., Jawaid, T., Abd-Rabu, R., Korytkowski, M. T., Muniyappa, R., Antinori-Lent, K., Donihi, A. C., Drincic, A. T., Luger, A., Torres Roldan, V. D., Urtecho, M., Wang, Z., &amp; Murad, M. H. (2022). A systematic review supporting the Endocrine Society clinical practice guideline for the management of hyperglycemia in adults hospitalized for noncritical illness or undergoing elective surgical procedures. The Journal of Clinical Endocrinology and Metabolism, 107(8), 2139–2147. https://doi.org/10.1210/clinem/dgac277"
                xsi:type="ED"/>
      </measureAttribute>
   </subjectOf>
   <subjectOf>
      <measureAttribute>
         <code code="REF" codeSystem="2.16.840.1.113883.5.4">
            <displayName value="Reference"/>
         </code>
         <value mediaType="text/plain"
                value="CITATIONSreedharan, R., Martini, A., Das, G., Aftab, N., Khanna, S., &amp; Ruetzler, K. (2022). Clinical challenges of glycemic control in the intensive care unit: A narrative review. World Journal of Clinical Cases, 10(31), 11260–11272. https://doi.org/10.12998/wjcc.v10.i31.11260"
                xsi:type="ED"/>
      </measureAttribute>
   </subjectOf>
   <subjectOf>
      <measureAttribute>
         <code code="REF" codeSystem="2.16.840.1.113883.5.4">
            <displayName value="Reference"/>
         </code>
         <value mediaType="text/plain"
                value="CITATIONUmpierrez, G., Cardona, S., Pasquel, F., Jacobs, S., Peng, L., Unigwe, M., Newton, C.A., Smiley-Byrd, D., Vellanki, P., Halkos, M., Puskas, J.D., Guyton, R.A., &amp; Thourani, V.H. (2015). Randomized controlled trial of intensive versus conservative glucose control in patients undergoing coronary artery bypass graft surgery: gluco-CABG trial. Diabetes Care. 2015;38(9):1665-1672. doi: 10.2337/dc15-0303. Epub 2015 Jul 15. PMID: 26180108; PMCID: PMC4542267"
                xsi:type="ED"/>
      </measureAttribute>
   </subjectOf>
   <subjectOf>
      <measureAttribute>
         <code code="REF" codeSystem="2.16.840.1.113883.5.4">
            <displayName value="Reference"/>
         </code>
         <value mediaType="text/plain"
                value="CITATIONUmpierrez, G.E., Hellman, R., Korytkowski, M.T., Kosiborod, M., Maynard, G.A., Montori, V.M., Seley, J.J., &amp; Van den Berghe, G.. (2012). Management of hyperglycemia in hospitalized patients in non-critical care setting: An Endocrine Society Clinical Practice Guideline. J Clin Endocrinol Metab. 2012;97, 16-38. doi: 10.1210/jc.2011-2098. PMID: 22223765"
                xsi:type="ED"/>
      </measureAttribute>
   </subjectOf>
   <subjectOf>
      <measureAttribute>
         <code code="DEF" codeSystem="2.16.840.1.113883.5.4">
            <displayName value="Definition"/>
         </code>
         <value mediaType="text/plain"
                value="Inpatient hospitalizations: Includes time in the emergency department and observation when the transition between these encounters (if they exist) and the inpatient encounter are within an hour or less of each other. &#xA;&#xA;This measure defines a severe hyperglycemic day (harm) as either (1) a day with a test (lab or point-of-care (POC)) for glucose with a result of &gt;300 mg/dL, or (2) a day in which a glucose test with a result was not found and it was preceded by two consecutive days where at least one lab or point-of-care (POC) test during each of the two days for glucose had a result &gt;=200 mg/dL. &#xA;&#xA;Hospital days are not defined as midnight-to-midnight but are full 24-hour periods that start at the time of admission to the hospital (including emergency department and observation), excluding the last period before discharge from hospital inpatient if it is less than 24 hours."
                xsi:type="ED"/>
      </measureAttribute>
   </subjectOf>
   <subjectOf>
      <measureAttribute>
         <code code="GUIDE" codeSystem="2.16.840.1.113883.5.4">
            <displayName value="Guidance"/>
         </code>
         <value mediaType="text/plain"
                value="The measure is using mg/dL as the unit of measurement for glucose results.&#xA;&#xA;When evaluating for days with a glucose level &gt;300 mg/dL, the first 24-hour period after admission to the hospital is not evaluated to account for potentially poor glucose control outside of the hospital setting or that preceded the start of hospital care. The admission starts in the emergency department (ED) or observation when the transition between the ED encounter, observation encounter, and the inpatient encounter are within an hour or less of each other.&#xA;&#xA;This measure evaluates the first 10 days of an eligible inpatient hospitalization in determining eligible days for the denominator and numerator (i.e., the length of stay is truncated to &lt;=10 days when the length exceeds 10 days). Patients admitted for longer length of stays are more likely to have more complex medical conditions.  &#xA;&#xA;The “Days in Hospitalization” logic within Measure Observation 1 (associated with the denominator), in conjunction with other logic, returns the day number (e.g., day 1 to day 10) for each day within the hospitalization period to determine the eligible hospital days (e.g., from day 2 to day 10). &#xA;&#xA;The “Days in Hospitalization” logic within Measure Observation 2 (associated with the numerator), in conjunction with other logic, returns the day number (e.g., day 1 to day 10) for each day within the hospitalization period to determine the eligible hyperglycemic event days (e.g., from day 2 to day 10).&#xA;&#xA;Since the measure does not count any hyperglycemic events that occur in the first 24 hours, day 1 is not considered an eligible hospital day for the Measure Observations. Eligible days range from day 2 up to day 10.&#xA;&#xA;Although the measure does not count any hyperglycemic events that occur in the first 24 hours as a hyperglycemic event day in Measure Observation 2, the first 24 hours of the encounter is considered day 1. This is because if there was a day during the encounter where a glucose result is not found, the measure evaluates the two days preceding to see if each had a glucose value &gt;=200 mg/dL. The measure allows the first 24 hours of the encounter, i.e., day 1, to be one of the preceding days.&#xA;&#xA;Multiple hyperglycemic events can occur during a ‘day’, but this is still considered one hyperglycemic event day.&#xA;&#xA;The numerator returns the first eligible encounter that meets the qualifying criteria: an inpatient&#xA;hospitalization with a hyperglycemic event. Only one numerator is counted per encounter. Note that the&#xA;Numerator returns the encounters, not days, that meet the criteria.&#xA;&#xA;In ratio measures, both the Denominator and Numerator populations flow separately from the same Initial Population. Therefore, the same exclusion criteria must be applied to both the Denominator and Numerator to prevent excluded cases from being considered.&#xA;&#xA;The specimen source for the glucose test is blood, serum, plasma, or interstitial fluid, and can be obtained by a laboratory test, a Point of Care (POC) test, or a continuous glucose monitor (CGM).&#xA;Glucose test results from urine specimens are not considered.&#xA;&#xA;This eCQM is an episode-based measure. An episode is defined as each inpatient hospitalization or&#xA;encounter that ends during the measurement period.&#xA;&#xA;This version of the eCQM uses QDM version 5.6. Please refer to the eCQI resource center&#xA;(https://ecqi.healthit.gov/qdm) for more information on the QDM."
                xsi:type="ED"/>
      </measureAttribute>
   </subjectOf>
   <subjectOf>
      <measureAttribute>
         <code code="TRANF" codeSystem="2.16.840.1.113883.5.4">
            <displayName value="Transmission Format"/>
         </code>
         <value mediaType="text/plain" value="TBD" xsi:type="ED"/>
      </measureAttribute>
   </subjectOf>
   <subjectOf>
      <measureAttribute>
         <code code="IPOP" codeSystem="2.16.840.1.113883.5.4">
            <displayName value="Initial Population"/>
         </code>
         <value mediaType="text/plain"
                value="Inpatient hospitalizations for patients age 18 and older that end during the measurement period, as well as either: &#xA;&#xA;- A diagnosis of diabetes that starts before the end of the encounter; or&#xA;- Administration of at least one dose of insulin or any hypoglycemic medication that starts during the encounter; or&#xA;- Presence of at least one glucose value &gt;=200 mg/dL at any time during the encounter."
                xsi:type="ED"/>
      </measureAttribute>
   </subjectOf>
   <subjectOf>
      <measureAttribute>
         <code code="DENOM" codeSystem="2.16.840.1.113883.5.4">
            <displayName value="Denominator"/>
         </code>
         <value mediaType="text/plain" value="Equals Initial Population" xsi:type="ED"/>
      </measureAttribute>
   </subjectOf>
   <subjectOf>
      <measureAttribute>
         <code code="DENEX" codeSystem="2.16.840.1.113883.5.4">
            <displayName value="Denominator Exclusions"/>
         </code>
         <value mediaType="text/plain"
                value="-Inpatient hospitalizations for patients with a glucose result of &gt;=1000 mg/dL anytime between 1 hour prior to the start of the encounter to 6 hours after the start of the encounter.&#xA;&#xA;-Inpatient hospitalizations for patients who have comfort care measures ordered or provided during the encounter.&#xA;&#xA;-Inpatient hospitalizations for patients who have a discharge disposition to home or to a health care facility for hospice care."
                xsi:type="ED"/>
      </measureAttribute>
   </subjectOf>
   <subjectOf>
      <measureAttribute>
         <code code="NUMER" codeSystem="2.16.840.1.113883.5.4">
            <displayName value="Numerator"/>
         </code>
         <value mediaType="text/plain"
                value="Inpatient hospitalizations with a hyperglycemic event within the first 10 days of the encounter minus the first 24 hours, and minus the last period before discharge from the hospital if less than 24 hours.&#xA;&#xA;A hyperglycemic event is defined as: &#xA;&#xA;- A day with at least one glucose value &gt;300 mg/dL.&#xA;&#xA;OR&#xA;&#xA;- A day where a glucose test and result was not found, and it was immediately preceded by two contiguous, consecutive days where at least one glucose value during each of the two days was &gt;=200 mg/dL."
                xsi:type="ED"/>
      </measureAttribute>
   </subjectOf>
   <subjectOf>
      <measureAttribute>
         <code code="NUMEX" codeSystem="2.16.840.1.113883.5.4">
            <displayName value="Numerator Exclusions"/>
         </code>
         <value mediaType="text/plain"
                value="Inpatient hospitalizations that meet the Denominator Exclusions:&#xA;&#xA;-Inpatient hospitalizations for patients with a glucose result of &gt;=1000 mg/dL anytime between 1 hour prior to the start of the encounter to 6 hours after the start of the encounter.&#xA;&#xA;-Inpatient hospitalizations for patients who have comfort care measures ordered or provided during the encounter.&#xA;&#xA;-Inpatient hospitalizations for patients who have a discharge disposition to home or to a health care facility for hospice care."
                xsi:type="ED"/>
      </measureAttribute>
   </subjectOf>
   <subjectOf>
      <measureAttribute>
         <code code="MSROBS" codeSystem="2.16.840.1.113883.5.4">
            <displayName value="Measure Observation"/>
         </code>
         <value mediaType="text/plain"
                value="There are two Measure Observations:  &#xA;&#xA;Encounter Observation 2, associated with the numerator of the ratio: The total number of hyperglycemic days during the inpatient hospitalization that meet the numerator criteria and did not meet the numerator exclusion criteria. Days with a hyperglycemic event are defined as: &#xA;&#xA;- All days with a glucose level &gt;300 mg/dL (except those occurring in the first 24-hour period after &#xA;admission to the hospital (including the emergency department and observation))&#xA;OR&#xA;- All days where a glucose was not measured, and it was immediately preceded by two contiguous, consecutive days where at least one glucose value during each of the two days was &gt;=200 mg/dL.&#xA;&#xA;Encounter Observation 1, associated with the denominator of the ratio: The total number of eligible days of the inpatient hospitalization which match the initial population/denominator criteria and did not meet the denominator exclusion criteria.&#xA;&#xA;The length of stay for all eligible inpatient hospitalizations is truncated to &lt;=10 days when the length exceeds 10 days.&#xA;&#xA;Do not count the last day if it was less than a 24-hour period as this is not considered a full day."
                xsi:type="ED"/>
      </measureAttribute>
   </subjectOf>
   <subjectOf>
      <measureAttribute>
         <code code="SDE" codeSystem="2.16.840.1.113883.5.4">
            <displayName value="Supplemental Data Elements"/>
         </code>
         <value mediaType="text/plain"
                value="For every patient evaluated by this measure also identify payer, race, ethnicity and sex"
                xsi:type="ED"/>
      </measureAttribute>
   </subjectOf>
   <componentOf>
      <qualityMeasureSet classCode="ACT">
         <id root="ef95493c-3f65-4440-9ccb-eaf1b9ed1210"/>
         <title value=""/>
      </qualityMeasureSet>
   </componentOf>
   <!--Data Criteria Section-->
   <component>
      <dataCriteriaSection>
         <templateId>
            <item extension="2021-02-01" root="2.16.840.1.113883.10.20.28.2.6"/>
         </templateId>
         <code code="57025-9" codeSystem="2.16.840.1.113883.6.1"/>
         <title value="Data Criteria Section"/>
         <text/>
         <entry typeCode="DRIV">
            <localVariableName value="EncounterInpatient_EncounterPerformed_NNMY7"/>
            <encounterCriteria classCode="ENC" moodCode="EVN">
               <templateId>
                  <item extension="2021-02-01" root="2.16.840.1.113883.10.20.28.4.5"/>
               </templateId>
               <id extension="EncounterInpatient_EncounterPerformed"
                   root="2b59320d-78b2-467c-95a9-eccbe06068d8"/>
               <code valueSet="2.16.840.1.113883.3.666.5.307"/>
               <title value="Encounter, Performed"/>
               <statusCode code="COMPLETED"/>
            </encounterCriteria>
         </entry>
         <entry typeCode="DRIV">
            <localVariableName value="ComfortMeasures_InterventionOrder_2X17Z"/>
            <actCriteria classCode="ACT" moodCode="RQO">
               <templateId>
                  <item extension="2021-02-01" root="2.16.840.1.113883.10.20.28.4.35"/>
               </templateId>
               <id extension="ComfortMeasures_InterventionOrder"
                   root="869be4e2-0cd4-47a8-aa7c-93e5692f1b54"/>
               <code valueSet="1.3.6.1.4.1.33895.1.3.0.45"/>
               <title value="Intervention, Order"/>
               <statusCode code="ACTIVE"/>
            </actCriteria>
         </entry>
         <entry typeCode="DRIV">
            <localVariableName value="ComfortMeasures_InterventionPerformed_2lqBb"/>
            <actCriteria classCode="ACT" moodCode="EVN">
               <templateId>
                  <item extension="2021-02-01" root="2.16.840.1.113883.10.20.28.4.36"/>
               </templateId>
               <id extension="ComfortMeasures_InterventionPerformed"
                   root="869be4e2-0cd4-47a8-aa7c-93e5692f1b54"/>
               <code valueSet="1.3.6.1.4.1.33895.1.3.0.45"/>
               <title value="Intervention, Performed"/>
               <statusCode code="COMPLETED"/>
            </actCriteria>
         </entry>
         <entry typeCode="DRIV">
            <localVariableName value="ONCAdministrativeSex_PatientCharacteristicSex_7rKGY"/>
            <observationCriteria classCode="OBS" moodCode="EVN">
               <templateId>
                  <item extension="2017-05-01" root="2.16.840.1.113883.10.20.28.4.55"/>
               </templateId>
               <id extension="ONCAdministrativeSex_PatientCharacteristicSex"
                   root="5e93450b-3424-4a44-a4be-ebfd0b2933d9"/>
               <code code="263495000" codeSystem="2.16.840.1.113883.6.96" codeSystemName="SNOMED CT">
                  <displayName value="Gender"/>
               </code>
               <title value="Patient Characteristic Sex"/>
               <statusCode code="COMPLETED"/>
               <value valueSet="2.16.840.1.113762.1.4.1" xsi:type="CD"/>
            </observationCriteria>
         </entry>
         <entry typeCode="DRIV">
            <localVariableName value="Ethnicity_PatientCharacteristicEthnicity_1Si17"/>
            <observationCriteria classCode="OBS" moodCode="EVN">
               <templateId>
                  <item extension="2017-05-01" root="2.16.840.1.113883.10.20.28.4.56"/>
               </templateId>
               <id extension="Ethnicity_PatientCharacteristicEthnicity"
                   root="f3b083fa-0b74-4ce7-b47f-b9a4589b616d"/>
               <code code="54133-4" codeSystem="2.16.840.1.113883.6.1" codeSystemName="LOINC">
                  <displayName value="Ethnicity"/>
               </code>
               <title value="Patient Characteristic Ethnicity"/>
               <statusCode code="COMPLETED"/>
               <value valueSet="2.16.840.1.114222.4.11.837" xsi:type="CD"/>
            </observationCriteria>
         </entry>
         <entry typeCode="DRIV">
            <localVariableName value="GlucoseLabTestMassPerVolume_LaboratoryTestPerformed_bPUCo"/>
            <observationCriteria classCode="OBS" moodCode="EVN">
               <templateId>
                  <item extension="2021-02-01" root="2.16.840.1.113883.10.20.28.4.42"/>
               </templateId>
               <id extension="GlucoseLabTestMassPerVolume_LaboratoryTestPerformed"
                   root="18c86168-bcbf-4cf0-8874-03fe4e19084d"/>
               <code valueSet="2.16.840.1.113762.1.4.1248.34"/>
               <title value="Laboratory Test, Performed"/>
               <statusCode code="COMPLETED"/>
            </observationCriteria>
         </entry>
         <entry typeCode="DRIV">
            <localVariableName value="EmergencyDepartmentVisit_EncounterPerformed_I6MFh"/>
            <encounterCriteria classCode="ENC" moodCode="EVN">
               <templateId>
                  <item extension="2021-02-01" root="2.16.840.1.113883.10.20.28.4.5"/>
               </templateId>
               <id extension="EmergencyDepartmentVisit_EncounterPerformed"
                   root="943fd468-a486-47eb-bcef-69bbc31a73a0"/>
               <code valueSet="2.16.840.1.113883.3.117.1.7.1.292"/>
               <title value="Encounter, Performed"/>
               <statusCode code="COMPLETED"/>
            </encounterCriteria>
         </entry>
         <entry typeCode="DRIV">
            <localVariableName value="ObservationServices_EncounterPerformed_n8A7N"/>
            <encounterCriteria classCode="ENC" moodCode="EVN">
               <templateId>
                  <item extension="2021-02-01" root="2.16.840.1.113883.10.20.28.4.5"/>
               </templateId>
               <id extension="ObservationServices_EncounterPerformed"
                   root="215b8958-753d-4e97-88e4-80e69c50bd14"/>
               <code valueSet="2.16.840.1.113762.1.4.1111.143"/>
               <title value="Encounter, Performed"/>
               <statusCode code="COMPLETED"/>
            </encounterCriteria>
         </entry>
         <entry typeCode="DRIV">
            <localVariableName value="Race_PatientCharacteristicRace_KYkDx"/>
            <observationCriteria classCode="OBS" moodCode="EVN">
               <templateId>
                  <item extension="2017-05-01" root="2.16.840.1.113883.10.20.28.4.59"/>
               </templateId>
               <id extension="Race_PatientCharacteristicRace"
                   root="2256dbdb-c22a-4ae7-b6c3-4a379e655c67"/>
               <code code="32624-9" codeSystem="2.16.840.1.113883.6.1" codeSystemName="LOINC">
                  <displayName value="Race"/>
               </code>
               <title value="Patient Characteristic Race"/>
               <statusCode code="COMPLETED"/>
               <value valueSet="2.16.840.1.114222.4.11.836" xsi:type="CD"/>
            </observationCriteria>
         </entry>
         <entry typeCode="DRIV">
            <localVariableName value="Diabetes_Diagnosis_FFaie"/>
            <observationCriteria classCode="OBS" moodCode="EVN">
               <templateId>
                  <item extension="2021-02-01" root="2.16.840.1.113883.10.20.28.4.110"/>
               </templateId>
               <id extension="Diabetes_Diagnosis" root="0798f8f6-3731-45a9-85d7-c6d302c4c9c9"/>
               <code code="282291009" codeSystem="2.16.840.1.113883.6.96" codeSystemName="SNOMED CT">
                  <displayName value="Diagnosis"/>
               </code>
               <title value="Diagnosis"/>
               <statusCode code="COMPLETED"/>
               <value valueSet="2.16.840.1.113883.3.464.1003.103.12.1001" xsi:type="CD"/>
            </observationCriteria>
         </entry>
         <entry typeCode="DRIV">
            <localVariableName value="HypoglycemicsTreatmentMedications_MedicationAdministered_8Xggl"/>
            <substanceAdministrationCriteria classCode="SBADM" moodCode="EVN">
               <templateId>
                  <item extension="2021-02-01" root="2.16.840.1.113883.10.20.28.4.45"/>
               </templateId>
               <id extension="HypoglycemicsTreatmentMedications_MedicationAdministered"
                   root="cd15e165-e87c-4dc6-897c-1ff85d397e80"/>
               <code code="416118004" codeSystem="2.16.840.1.113883.6.96"/>
               <title value="Medication, Administered"/>
               <statusCode code="COMPLETED"/>
			            <participation typeCode="CSM">
                  <role classCode="MANU">
                     <playingManufacturedMaterial classCode="MMAT" determinerCode="KIND">
                        <code valueSet="2.16.840.1.113762.1.4.1196.394"/>
                     </playingManufacturedMaterial>
                  </role>
               </participation>
		          </substanceAdministrationCriteria>
         </entry>
         <entry typeCode="DRIV">
            <localVariableName value="PayerType_PatientCharacteristicPayer_TBUkN"/>
            <observationCriteria classCode="OBS" moodCode="EVN">
               <templateId>
                  <item extension="2017-05-01" root="2.16.840.1.113883.10.20.28.4.58"/>
               </templateId>
               <id extension="PayerType_PatientCharacteristicPayer"
                   root="13f54360-7d24-4bc2-a16b-aecfdba280a3"/>
               <code code="48768-6" codeSystem="2.16.840.1.113883.6.1" codeSystemName="LOINC">
                  <displayName value="Payer Type"/>
               </code>
               <title value="Patient Characteristic Payer"/>
               <statusCode code="COMPLETED"/>
               <value valueSet="2.16.840.1.114222.4.11.3591" xsi:type="CD"/>
            </observationCriteria>
         </entry>
      </dataCriteriaSection>
   </component>
   <component>
      <populationCriteriaSection>
         <templateId>
            <item extension="2017-08-01" root="2.16.840.1.113883.10.20.28.2.7"/>
         </templateId>
         <id extension="PopulationCriteria1" root="208898EA-6B84-40E6-B92E-23D735F120C5"/>
         <code code="57026-7" codeSystem="2.16.840.1.113883.6.1"/>
         <title value="Population Criteria Section"/>
         <text/>
         <component typeCode="COMP">
            <initialPopulationCriteria classCode="OBS" moodCode="EVN">
               <id extension="initialPopulation" root="AC4912FE-7597-4C6C-A7CB-88C1EBE9B432"/>
               <code code="IPOP" codeSystem="2.16.840.1.113883.5.4" codeSystemName="Act Code"/>
               <precondition typeCode="PRCN">
                  <criteriaReference classCode="OBS" moodCode="EVN">
                     <id extension="HospitalHarmHyperglycemiainHospitalizedPatients.&quot;Initial Population&quot;"
                         root="98224522-0813-40C8-9823-D7D280ED3A59"/>
                  </criteriaReference>
               </precondition>
            </initialPopulationCriteria>
         </component>
         <component typeCode="COMP">
            <denominatorCriteria classCode="OBS" moodCode="EVN">
               <id extension="denominator" root="79FED0D8-DAB0-445B-ADFE-803B9752CD69"/>
               <code code="DENOM" codeSystem="2.16.840.1.113883.5.4" codeSystemName="Act Code"/>
               <precondition typeCode="PRCN">
                  <criteriaReference classCode="OBS" moodCode="EVN">
                     <id extension="HospitalHarmHyperglycemiainHospitalizedPatients.&quot;Denominator&quot;"
                         root="98224522-0813-40C8-9823-D7D280ED3A59"/>
                  </criteriaReference>
               </precondition>
               <subject typeCode="SUBJ">
                  <criteriaReference classCode="OBS" moodCode="EVN">
                     <id extension="initialPopulation" root="AC4912FE-7597-4C6C-A7CB-88C1EBE9B432"/>
                  </criteriaReference>
               </subject>
            </denominatorCriteria>
         </component>
         <component typeCode="COMP">
            <denominatorExclusionCriteria classCode="OBS" moodCode="EVN">
               <id extension="denominatorExclusions" root="E19759AE-342A-45BB-9560-2964D48CEF77"/>
               <code code="DENEX" codeSystem="2.16.840.1.113883.5.4" codeSystemName="Act Code"/>
               <precondition typeCode="PRCN">
                  <criteriaReference classCode="OBS" moodCode="EVN">
                     <id extension="HospitalHarmHyperglycemiainHospitalizedPatients.&quot;Denominator Exclusions&quot;"
                         root="98224522-0813-40C8-9823-D7D280ED3A59"/>
                  </criteriaReference>
               </precondition>
            </denominatorExclusionCriteria>
         </component>
         <component typeCode="COMP">
            <numeratorCriteria classCode="OBS" moodCode="EVN">
               <id extension="numerator" root="51680212-DFD5-4558-9486-2063C41C3FB8"/>
               <code code="NUMER" codeSystem="2.16.840.1.113883.5.4" codeSystemName="Act Code"/>
               <precondition typeCode="PRCN">
                  <criteriaReference classCode="OBS" moodCode="EVN">
                     <id extension="HospitalHarmHyperglycemiainHospitalizedPatients.&quot;Numerator&quot;"
                         root="98224522-0813-40C8-9823-D7D280ED3A59"/>
                  </criteriaReference>
               </precondition>
               <subject typeCode="SUBJ">
                  <criteriaReference classCode="OBS" moodCode="EVN">
                     <id extension="initialPopulation" root="AC4912FE-7597-4C6C-A7CB-88C1EBE9B432"/>
                  </criteriaReference>
               </subject>
            </numeratorCriteria>
         </component>
         <component typeCode="COMP">
            <numeratorExclusionCriteria classCode="OBS" moodCode="EVN">
               <id extension="numeratorExclusions" root="1F87DF55-1C03-44F9-8D71-3BD6905DF23E"/>
               <code code="NUMEX" codeSystem="2.16.840.1.113883.5.4" codeSystemName="Act Code"/>
               <precondition typeCode="PRCN">
                  <criteriaReference classCode="OBS" moodCode="EVN">
                     <id extension="HospitalHarmHyperglycemiainHospitalizedPatients.&quot;Numerator Exclusions&quot;"
                         root="98224522-0813-40C8-9823-D7D280ED3A59"/>
                  </criteriaReference>
               </precondition>
            </numeratorExclusionCriteria>
         </component>
         <component typeCode="COMP">
            <cql-ext:supplementalDataElement>
               <id extension="Supplemental Data Elements"
                   root="31D2D4D4-691F-4269-81D0-20F256749B02"/>
               <code code="SDE" codeSystem="2.16.840.1.113883.5.4" codeSystemName="Act Code"/>
               <precondition typeCode="PRCN">
                  <criteriaReference classCode="OBS" moodCode="EVN">
                     <id extension="HospitalHarmHyperglycemiainHospitalizedPatients.&quot;SDE Ethnicity&quot;"
                         root="98224522-0813-40C8-9823-D7D280ED3A59"/>
                  </criteriaReference>
               </precondition>
            </cql-ext:supplementalDataElement>
         </component>
         <component typeCode="COMP">
            <cql-ext:supplementalDataElement>
               <id extension="Supplemental Data Elements"
                   root="617AD105-561B-492D-8B33-576AA9432764"/>
               <code code="SDE" codeSystem="2.16.840.1.113883.5.4" codeSystemName="Act Code"/>
               <precondition typeCode="PRCN">
                  <criteriaReference classCode="OBS" moodCode="EVN">
                     <id extension="HospitalHarmHyperglycemiainHospitalizedPatients.&quot;SDE Payer&quot;"
                         root="98224522-0813-40C8-9823-D7D280ED3A59"/>
                  </criteriaReference>
               </precondition>
            </cql-ext:supplementalDataElement>
         </component>
         <component typeCode="COMP">
            <cql-ext:supplementalDataElement>
               <id extension="Supplemental Data Elements"
                   root="C88BC0AB-EC05-4DE3-9DFD-9B2B0FC87DB2"/>
               <code code="SDE" codeSystem="2.16.840.1.113883.5.4" codeSystemName="Act Code"/>
               <precondition typeCode="PRCN">
                  <criteriaReference classCode="OBS" moodCode="EVN">
                     <id extension="HospitalHarmHyperglycemiainHospitalizedPatients.&quot;SDE Race&quot;"
                         root="98224522-0813-40C8-9823-D7D280ED3A59"/>
                  </criteriaReference>
               </precondition>
            </cql-ext:supplementalDataElement>
         </component>
         <component typeCode="COMP">
            <cql-ext:supplementalDataElement>
               <id extension="Supplemental Data Elements"
                   root="3A5227D4-3D6F-4A37-ACD9-C38E13A3A73E"/>
               <code code="SDE" codeSystem="2.16.840.1.113883.5.4" codeSystemName="Act Code"/>
               <precondition typeCode="PRCN">
                  <criteriaReference classCode="OBS" moodCode="EVN">
                     <id extension="HospitalHarmHyperglycemiainHospitalizedPatients.&quot;SDE Sex&quot;"
                         root="98224522-0813-40C8-9823-D7D280ED3A59"/>
                  </criteriaReference>
               </precondition>
            </cql-ext:supplementalDataElement>
         </component>
      </populationCriteriaSection>
   </component>
   <component>
      <measureObservationSection>
         <templateId>
            <item extension="2018-05-01" root="2.16.840.1.113883.10.20.28.2.4"/>
         </templateId>
         <id extension="MeasureObservations" root="9B02F3A4-C696-492B-AB14-83D26BED98F5"/>
         <code code="57027-5" codeSystem="2.16.840.1.113883.6.1" codeSystemName="LOINC"/>
         <title value="Measure Observation Section"/>
         <text/>
         <!--Definition for Measure Observation 6--><definition>
            <measureObservationDefinition classCode="OBS" moodCode="DEF">
               <id extension="SUM Of DenominatorObservations"
                   root="34433EA7-5535-4CE6-B977-939A57DD9FBD"/>
               <code code="AGGREGATE" codeSystem="2.16.840.1.113883.5.4"/>
               <value nullFlavor="DER" xsi:type="INT">
                  <expression value="HospitalHarmHyperglycemiainHospitalizedPatients.&quot;DenominatorObservations&quot;"/>
               </value>
               <methodCode>
                  <item code="SUM" codeSystem="2.16.840.1.113883.5.84"/>
               </methodCode>
               <component typeCode="COMP">
                  <criteriaReference classCode="OBS" moodCode="EVN">
                     <id extension="denominator" root="79FED0D8-DAB0-445B-ADFE-803B9752CD69"/>
                  </criteriaReference>
               </component>
            </measureObservationDefinition>
         </definition>
         <!--Definition for Measure Observation 7--><definition>
            <measureObservationDefinition classCode="OBS" moodCode="DEF">
               <id extension="SUM Of NumeratorObservations"
                   root="6B7E0BE7-FAEF-4E5F-BB51-528229423377"/>
               <code code="AGGREGATE" codeSystem="2.16.840.1.113883.5.4"/>
               <value nullFlavor="DER" xsi:type="INT">
                  <expression value="HospitalHarmHyperglycemiainHospitalizedPatients.&quot;NumeratorObservations&quot;"/>
               </value>
               <methodCode>
                  <item code="SUM" codeSystem="2.16.840.1.113883.5.84"/>
               </methodCode>
               <component typeCode="COMP">
                  <criteriaReference classCode="OBS" moodCode="EVN">
                     <id extension="numerator" root="51680212-DFD5-4558-9486-2063C41C3FB8"/>
                  </criteriaReference>
               </component>
            </measureObservationDefinition>
         </definition>
      </measureObservationSection>
   </component>
</QualityMeasureDocument>