{
   "library" : {
      "annotation" : [ {
         "translatorOptions" : "EnableAnnotations,EnableLocators,DisableListDemotion,DisableListPromotion,DisableMethodInvocation",
         "type" : "CqlToElmInfo"
      }, {
         "type" : "Annotation",
         "s" : {
            "r" : "82",
            "s" : [ {
               "value" : [ "","library VTEQDM version '8.0.000'" ]
            } ]
         }
      } ],
      "identifier" : {
         "id" : "VTEQDM",
         "version" : "8.0.000"
      },
      "schemaIdentifier" : {
         "id" : "urn:hl7-org:elm",
         "version" : "r1"
      },
      "usings" : {
         "def" : [ {
            "localIdentifier" : "System",
            "uri" : "urn:hl7-org:elm-types:r1"
         }, {
            "localId" : "1",
            "locator" : "3:1-3:23",
            "localIdentifier" : "QDM",
            "uri" : "urn:healthit-gov:qdm:v5_6",
            "version" : "5.6",
            "annotation" : [ {
               "type" : "Annotation",
               "s" : {
                  "r" : "1",
                  "s" : [ {
                     "value" : [ "","using " ]
                  }, {
                     "s" : [ {
                        "value" : [ "QDM" ]
                     } ]
                  }, {
                     "value" : [ " version ","'5.6'" ]
                  } ]
               }
            } ]
         } ]
      },
      "includes" : {
         "def" : [ {
            "localId" : "2",
            "locator" : "5:1-5:67",
            "localIdentifier" : "Global",
            "path" : "MATGlobalCommonFunctionsQDM",
            "version" : "8.0.000",
            "annotation" : [ {
               "type" : "Annotation",
               "s" : {
                  "r" : "2",
                  "s" : [ {
                     "value" : [ "","include " ]
                  }, {
                     "s" : [ {
                        "value" : [ "MATGlobalCommonFunctionsQDM" ]
                     } ]
                  }, {
                     "value" : [ " version ","'8.0.000'"," called ","Global" ]
                  } ]
               }
            } ]
         } ]
      },
      "parameters" : {
         "def" : [ {
            "localId" : "8",
            "locator" : "11:1-11:49",
            "name" : "Measurement Period",
            "accessLevel" : "Public",
            "annotation" : [ {
               "type" : "Annotation",
               "s" : {
                  "r" : "8",
                  "s" : [ {
                     "value" : [ "","parameter ","\"Measurement Period\""," " ]
                  }, {
                     "r" : "7",
                     "s" : [ {
                        "value" : [ "Interval<" ]
                     }, {
                        "r" : "6",
                        "s" : [ {
                           "value" : [ "DateTime" ]
                        } ]
                     }, {
                        "value" : [ ">" ]
                     } ]
                  } ]
               }
            } ],
            "parameterTypeSpecifier" : {
               "localId" : "7",
               "locator" : "11:32-11:49",
               "type" : "IntervalTypeSpecifier",
               "pointType" : {
                  "localId" : "6",
                  "locator" : "11:41-11:48",
                  "name" : "{urn:hl7-org:elm-types:r1}DateTime",
                  "type" : "NamedTypeSpecifier"
               }
            }
         } ]
      },
      "valueSets" : {
         "def" : [ {
            "localId" : "3",
            "locator" : "7:1-7:99",
            "name" : "Obstetrical or Pregnancy Related Conditions",
            "id" : "urn:oid:2.16.840.1.113883.3.117.1.7.1.263",
            "accessLevel" : "Public",
            "annotation" : [ {
               "type" : "Annotation",
               "s" : {
                  "r" : "3",
                  "s" : [ {
                     "value" : [ "","valueset ","\"Obstetrical or Pregnancy Related Conditions\"",": ","'urn:oid:2.16.840.1.113883.3.117.1.7.1.263'" ]
                  } ]
               }
            } ]
         }, {
            "localId" : "4",
            "locator" : "8:1-8:70",
            "name" : "Obstetrics VTE",
            "id" : "urn:oid:2.16.840.1.113883.3.117.1.7.1.264",
            "accessLevel" : "Public",
            "annotation" : [ {
               "type" : "Annotation",
               "s" : {
                  "r" : "4",
                  "s" : [ {
                     "value" : [ "","valueset ","\"Obstetrics VTE\"",": ","'urn:oid:2.16.840.1.113883.3.117.1.7.1.264'" ]
                  } ]
               }
            } ]
         }, {
            "localId" : "5",
            "locator" : "9:1-9:78",
            "name" : "Venous Thromboembolism",
            "id" : "urn:oid:2.16.840.1.113883.3.117.1.7.1.279",
            "accessLevel" : "Public",
            "annotation" : [ {
               "type" : "Annotation",
               "s" : {
                  "r" : "5",
                  "s" : [ {
                     "value" : [ "","valueset ","\"Venous Thromboembolism\"",": ","'urn:oid:2.16.840.1.113883.3.117.1.7.1.279'" ]
                  } ]
               }
            } ]
         } ]
      },
      "contexts" : {
         "def" : [ {
            "locator" : "13:1-13:15",
            "name" : "Patient"
         } ]
      },
      "statements" : {
         "def" : [ {
            "locator" : "13:1-13:15",
            "name" : "Patient",
            "context" : "Patient",
            "expression" : {
               "type" : "SingletonFrom",
               "operand" : {
                  "locator" : "13:1-13:15",
                  "dataType" : "{urn:healthit-gov:qdm:v5_6}Patient",
                  "templateId" : "Patient",
                  "type" : "Retrieve"
               }
            }
         }, {
            "localId" : "31",
            "locator" : "15:1-23:5",
            "name" : "Admission without VTE or Obstetrical Conditions",
            "context" : "Patient",
            "accessLevel" : "Public",
            "annotation" : [ {
               "type" : "Annotation",
               "s" : {
                  "r" : "31",
                  "s" : [ {
                     "value" : [ "","define ","\"Admission without VTE or Obstetrical Conditions\"",":\n  " ]
                  }, {
                     "r" : "30",
                     "s" : [ {
                        "s" : [ {
                           "r" : "10",
                           "s" : [ {
                              "r" : "9",
                              "s" : [ {
                                 "s" : [ {
                                    "value" : [ "Global",".","\"Inpatient Encounter\"" ]
                                 } ]
                              } ]
                           }, {
                              "value" : [ " ","InpatientEncounter" ]
                           } ]
                        } ]
                     }, {
                        "value" : [ "\n    " ]
                     }, {
                        "r" : "29",
                        "s" : [ {
                           "value" : [ "where " ]
                        }, {
                           "r" : "29",
                           "s" : [ {
                              "value" : [ "not " ]
                           }, {
                              "r" : "28",
                              "s" : [ {
                                 "value" : [ "( " ]
                              }, {
                                 "r" : "28",
                                 "s" : [ {
                                    "value" : [ "exists " ]
                                 }, {
                                    "r" : "27",
                                    "s" : [ {
                                       "value" : [ "( " ]
                                    }, {
                                       "r" : "27",
                                       "s" : [ {
                                          "s" : [ {
                                             "r" : "12",
                                             "s" : [ {
                                                "r" : "11",
                                                "s" : [ {
                                                   "s" : [ {
                                                      "value" : [ "InpatientEncounter",".","diagnoses" ]
                                                   } ]
                                                } ]
                                             }, {
                                                "value" : [ " ","EncounterDiagnoses" ]
                                             } ]
                                          } ]
                                       }, {
                                          "value" : [ "\n          " ]
                                       }, {
                                          "r" : "26",
                                          "s" : [ {
                                             "value" : [ "where " ]
                                          }, {
                                             "r" : "26",
                                             "s" : [ {
                                                "value" : [ "( " ]
                                             }, {
                                                "r" : "26",
                                                "s" : [ {
                                                   "r" : "21",
                                                   "s" : [ {
                                                      "r" : "16",
                                                      "s" : [ {
                                                         "r" : "14",
                                                         "s" : [ {
                                                            "r" : "13",
                                                            "s" : [ {
                                                               "value" : [ "EncounterDiagnoses" ]
                                                            } ]
                                                         }, {
                                                            "value" : [ "." ]
                                                         }, {
                                                            "r" : "14",
                                                            "s" : [ {
                                                               "value" : [ "code" ]
                                                            } ]
                                                         } ]
                                                      }, {
                                                         "value" : [ " in " ]
                                                      }, {
                                                         "r" : "15",
                                                         "s" : [ {
                                                            "value" : [ "\"Obstetrical or Pregnancy Related Conditions\"" ]
                                                         } ]
                                                      } ]
                                                   }, {
                                                      "value" : [ "\n              or " ]
                                                   }, {
                                                      "r" : "20",
                                                      "s" : [ {
                                                         "r" : "18",
                                                         "s" : [ {
                                                            "r" : "17",
                                                            "s" : [ {
                                                               "value" : [ "EncounterDiagnoses" ]
                                                            } ]
                                                         }, {
                                                            "value" : [ "." ]
                                                         }, {
                                                            "r" : "18",
                                                            "s" : [ {
                                                               "value" : [ "code" ]
                                                            } ]
                                                         } ]
                                                      }, {
                                                         "value" : [ " in " ]
                                                      }, {
                                                         "r" : "19",
                                                         "s" : [ {
                                                            "value" : [ "\"Venous Thromboembolism\"" ]
                                                         } ]
                                                      } ]
                                                   } ]
                                                }, {
                                                   "value" : [ "\n              or " ]
                                                }, {
                                                   "r" : "25",
                                                   "s" : [ {
                                                      "r" : "23",
                                                      "s" : [ {
                                                         "r" : "22",
                                                         "s" : [ {
                                                            "value" : [ "EncounterDiagnoses" ]
                                                         } ]
                                                      }, {
                                                         "value" : [ "." ]
                                                      }, {
                                                         "r" : "23",
                                                         "s" : [ {
                                                            "value" : [ "code" ]
                                                         } ]
                                                      } ]
                                                   }, {
                                                      "value" : [ " in " ]
                                                   }, {
                                                      "r" : "24",
                                                      "s" : [ {
                                                         "value" : [ "\"Obstetrics VTE\"" ]
                                                      } ]
                                                   } ]
                                                } ]
                                             }, {
                                                "value" : [ "\n          )" ]
                                             } ]
                                          } ]
                                       } ]
                                    }, {
                                       "value" : [ "\n      )" ]
                                    } ]
                                 } ]
                              }, {
                                 "value" : [ "\n    )" ]
                              } ]
                           } ]
                        } ]
                     } ]
                  } ]
               }
            } ],
            "expression" : {
               "localId" : "30",
               "locator" : "16:3-23:5",
               "type" : "Query",
               "source" : [ {
                  "localId" : "10",
                  "locator" : "16:3-16:49",
                  "alias" : "InpatientEncounter",
                  "expression" : {
                     "localId" : "9",
                     "locator" : "16:3-16:30",
                     "name" : "Inpatient Encounter",
                     "libraryName" : "Global",
                     "type" : "ExpressionRef"
                  }
               } ],
               "relationship" : [ ],
               "where" : {
                  "localId" : "29",
                  "locator" : "17:5-23:5",
                  "type" : "Not",
                  "operand" : {
                     "localId" : "28",
                     "locator" : "17:15-23:5",
                     "type" : "Exists",
                     "operand" : {
                        "localId" : "27",
                        "locator" : "17:24-22:7",
                        "type" : "Query",
                        "source" : [ {
                           "localId" : "12",
                           "locator" : "17:26-17:72",
                           "alias" : "EncounterDiagnoses",
                           "expression" : {
                              "localId" : "11",
                              "locator" : "17:26-17:53",
                              "path" : "diagnoses",
                              "scope" : "InpatientEncounter",
                              "type" : "Property"
                           }
                        } ],
                        "relationship" : [ ],
                        "where" : {
                           "localId" : "26",
                           "locator" : "18:11-21:11",
                           "type" : "Or",
                           "operand" : [ {
                              "localId" : "21",
                              "locator" : "18:19-19:68",
                              "type" : "Or",
                              "operand" : [ {
                                 "localId" : "16",
                                 "locator" : "18:19-18:90",
                                 "type" : "InValueSet",
                                 "code" : {
                                    "localId" : "14",
                                    "locator" : "18:19-18:41",
                                    "path" : "code",
                                    "scope" : "EncounterDiagnoses",
                                    "type" : "Property"
                                 },
                                 "valueset" : {
                                    "localId" : "15",
                                    "locator" : "18:46-18:90",
                                    "name" : "Obstetrical or Pregnancy Related Conditions",
                                    "preserve" : true
                                 }
                              }, {
                                 "localId" : "20",
                                 "locator" : "19:18-19:68",
                                 "type" : "InValueSet",
                                 "code" : {
                                    "localId" : "18",
                                    "locator" : "19:18-19:40",
                                    "path" : "code",
                                    "scope" : "EncounterDiagnoses",
                                    "type" : "Property"
                                 },
                                 "valueset" : {
                                    "localId" : "19",
                                    "locator" : "19:45-19:68",
                                    "name" : "Venous Thromboembolism",
                                    "preserve" : true
                                 }
                              } ]
                           }, {
                              "localId" : "25",
                              "locator" : "20:18-20:60",
                              "type" : "InValueSet",
                              "code" : {
                                 "localId" : "23",
                                 "locator" : "20:18-20:40",
                                 "path" : "code",
                                 "scope" : "EncounterDiagnoses",
                                 "type" : "Property"
                              },
                              "valueset" : {
                                 "localId" : "24",
                                 "locator" : "20:45-20:60",
                                 "name" : "Obstetrics VTE",
                                 "preserve" : true
                              }
                           } ]
                        }
                     }
                  }
               }
            }
         }, {
            "localId" : "42",
            "locator" : "25:1-27:89",
            "name" : "Encounter with Age Range and without VTE Diagnosis or Obstetrical Conditions",
            "context" : "Patient",
            "accessLevel" : "Public",
            "annotation" : [ {
               "type" : "Annotation",
               "s" : {
                  "r" : "42",
                  "s" : [ {
                     "value" : [ "","define ","\"Encounter with Age Range and without VTE Diagnosis or Obstetrical Conditions\"",":\n  " ]
                  }, {
                     "r" : "41",
                     "s" : [ {
                        "s" : [ {
                           "r" : "33",
                           "s" : [ {
                              "r" : "32",
                              "s" : [ {
                                 "s" : [ {
                                    "value" : [ "\"Admission without VTE or Obstetrical Conditions\"" ]
                                 } ]
                              } ]
                           }, {
                              "value" : [ " ","EncounterWithoutConditions" ]
                           } ]
                        } ]
                     }, {
                        "value" : [ "\n    " ]
                     }, {
                        "r" : "40",
                        "s" : [ {
                           "value" : [ "where " ]
                        }, {
                           "r" : "40",
                           "s" : [ {
                              "r" : "38",
                              "s" : [ {
                                 "value" : [ "AgeInYearsAt","(" ]
                              }, {
                                 "r" : "37",
                                 "s" : [ {
                                    "value" : [ "date from " ]
                                 }, {
                                    "r" : "36",
                                    "s" : [ {
                                       "value" : [ "start of " ]
                                    }, {
                                       "r" : "35",
                                       "s" : [ {
                                          "r" : "34",
                                          "s" : [ {
                                             "value" : [ "EncounterWithoutConditions" ]
                                          } ]
                                       }, {
                                          "value" : [ "." ]
                                       }, {
                                          "r" : "35",
                                          "s" : [ {
                                             "value" : [ "relevantPeriod" ]
                                          } ]
                                       } ]
                                    } ]
                                 } ]
                              }, {
                                 "value" : [ ")" ]
                              } ]
                           }, {
                              "r" : "39",
                              "value" : [ ">="," ","18" ]
                           } ]
                        } ]
                     } ]
                  } ]
               }
            } ],
            "expression" : {
               "localId" : "41",
               "locator" : "26:3-27:89",
               "type" : "Query",
               "source" : [ {
                  "localId" : "33",
                  "locator" : "26:3-26:78",
                  "alias" : "EncounterWithoutConditions",
                  "expression" : {
                     "localId" : "32",
                     "locator" : "26:3-26:51",
                     "name" : "Admission without VTE or Obstetrical Conditions",
                     "type" : "ExpressionRef"
                  }
               } ],
               "relationship" : [ ],
               "where" : {
                  "localId" : "40",
                  "locator" : "27:5-27:89",
                  "type" : "GreaterOrEqual",
                  "operand" : [ {
                     "localId" : "38",
                     "locator" : "27:11-27:84",
                     "precision" : "Year",
                     "type" : "CalculateAgeAt",
                     "operand" : [ {
                        "type" : "ToDate",
                        "operand" : {
                           "path" : "birthDatetime",
                           "type" : "Property",
                           "source" : {
                              "name" : "Patient",
                              "type" : "ExpressionRef"
                           }
                        }
                     }, {
                        "localId" : "37",
                        "locator" : "27:24-27:83",
                        "type" : "DateFrom",
                        "operand" : {
                           "localId" : "36",
                           "locator" : "27:34-27:83",
                           "type" : "Start",
                           "operand" : {
                              "localId" : "35",
                              "locator" : "27:43-27:83",
                              "path" : "relevantPeriod",
                              "scope" : "EncounterWithoutConditions",
                              "type" : "Property"
                           }
                        }
                     } ]
                  }, {
                     "localId" : "39",
                     "locator" : "27:88-27:89",
                     "valueType" : "{urn:hl7-org:elm-types:r1}Integer",
                     "value" : "18",
                     "type" : "Literal"
                  } ]
               }
            }
         }, {
            "localId" : "50",
            "locator" : "32:1-33:71",
            "name" : "FirstICULocationPeriod",
            "context" : "Patient",
            "accessLevel" : "Public",
            "type" : "FunctionDef",
            "annotation" : [ {
               "type" : "Annotation",
               "s" : {
                  "r" : "50",
                  "s" : [ {
                     "value" : [ "","define function ","\"FirstICULocationPeriod\"","(","Encounter"," " ]
                  }, {
                     "r" : "45",
                     "s" : [ {
                        "value" : [ "\"Encounter, Performed\"" ]
                     } ]
                  }, {
                     "value" : [ " ):\n  " ]
                  }, {
                     "r" : "49",
                     "s" : [ {
                        "r" : "49",
                        "s" : [ {
                           "r" : "48",
                           "s" : [ {
                              "r" : "46",
                              "s" : [ {
                                 "value" : [ "Global" ]
                              } ]
                           }, {
                              "value" : [ "." ]
                           }, {
                              "r" : "48",
                              "s" : [ {
                                 "value" : [ "\"FirstInpatientIntensiveCareUnit\""," ( " ]
                              }, {
                                 "r" : "47",
                                 "s" : [ {
                                    "value" : [ "Encounter" ]
                                 } ]
                              }, {
                                 "value" : [ " )" ]
                              } ]
                           } ]
                        }, {
                           "value" : [ "." ]
                        }, {
                           "r" : "49",
                           "s" : [ {
                              "value" : [ "locationPeriod" ]
                           } ]
                        } ]
                     } ]
                  } ]
               }
            } ],
            "expression" : {
               "localId" : "49",
               "locator" : "33:3-33:71",
               "path" : "locationPeriod",
               "type" : "Property",
               "source" : {
                  "localId" : "48",
                  "locator" : "33:3-33:56",
                  "name" : "FirstInpatientIntensiveCareUnit",
                  "libraryName" : "Global",
                  "type" : "FunctionRef",
                  "operand" : [ {
                     "localId" : "47",
                     "locator" : "33:46-33:54",
                     "name" : "Encounter",
                     "type" : "OperandRef"
                  } ]
               }
            },
            "operand" : [ {
               "name" : "Encounter",
               "operandTypeSpecifier" : {
                  "localId" : "45",
                  "locator" : "32:52-32:73",
                  "name" : "{urn:healthit-gov:qdm:v5_6}PositiveEncounterPerformed",
                  "type" : "NamedTypeSpecifier"
               }
            } ]
         }, {
            "localId" : "53",
            "locator" : "29:1-30:46",
            "name" : "StartOfFirstICU",
            "context" : "Patient",
            "accessLevel" : "Public",
            "type" : "FunctionDef",
            "annotation" : [ {
               "type" : "Annotation",
               "s" : {
                  "r" : "53",
                  "s" : [ {
                     "value" : [ "","define function ","\"StartOfFirstICU\"","(","Encounter"," " ]
                  }, {
                     "r" : "43",
                     "s" : [ {
                        "value" : [ "\"Encounter, Performed\"" ]
                     } ]
                  }, {
                     "value" : [ " ):\n  " ]
                  }, {
                     "r" : "52",
                     "s" : [ {
                        "r" : "52",
                        "s" : [ {
                           "value" : [ "start of " ]
                        }, {
                           "r" : "51",
                           "s" : [ {
                              "value" : [ "\"FirstICULocationPeriod\"","(" ]
                           }, {
                              "r" : "44",
                              "s" : [ {
                                 "value" : [ "Encounter" ]
                              } ]
                           }, {
                              "value" : [ ")" ]
                           } ]
                        } ]
                     } ]
                  } ]
               }
            } ],
            "expression" : {
               "localId" : "52",
               "locator" : "30:3-30:46",
               "type" : "Start",
               "operand" : {
                  "localId" : "51",
                  "locator" : "30:12-30:46",
                  "name" : "FirstICULocationPeriod",
                  "type" : "FunctionRef",
                  "operand" : [ {
                     "localId" : "44",
                     "locator" : "30:37-30:45",
                     "name" : "Encounter",
                     "type" : "OperandRef"
                  } ]
               }
            },
            "operand" : [ {
               "name" : "Encounter",
               "operandTypeSpecifier" : {
                  "localId" : "43",
                  "locator" : "29:45-29:66",
                  "name" : "{urn:healthit-gov:qdm:v5_6}PositiveEncounterPerformed",
                  "type" : "NamedTypeSpecifier"
               }
            } ]
         }, {
            "localId" : "69",
            "locator" : "35:1-36:145",
            "name" : "FromDayOfStartOfHospitalizationToDayAfterAdmission",
            "context" : "Patient",
            "accessLevel" : "Public",
            "type" : "FunctionDef",
            "annotation" : [ {
               "type" : "Annotation",
               "s" : {
                  "r" : "69",
                  "s" : [ {
                     "value" : [ "","define function ","\"FromDayOfStartOfHospitalizationToDayAfterAdmission\"","(","Encounter"," " ]
                  }, {
                     "r" : "56",
                     "s" : [ {
                        "value" : [ "\"Encounter, Performed\"" ]
                     } ]
                  }, {
                     "value" : [ " ):\n  " ]
                  }, {
                     "r" : "68",
                     "s" : [ {
                        "r" : "68",
                        "s" : [ {
                           "value" : [ "Interval[" ]
                        }, {
                           "r" : "61",
                           "s" : [ {
                              "value" : [ "date from " ]
                           }, {
                              "r" : "60",
                              "s" : [ {
                                 "value" : [ "( " ]
                              }, {
                                 "r" : "60",
                                 "s" : [ {
                                    "value" : [ "start of " ]
                                 }, {
                                    "r" : "59",
                                    "s" : [ {
                                       "r" : "57",
                                       "s" : [ {
                                          "value" : [ "Global" ]
                                       } ]
                                    }, {
                                       "value" : [ "." ]
                                    }, {
                                       "r" : "59",
                                       "s" : [ {
                                          "value" : [ "\"HospitalizationWithObservation\""," ( " ]
                                       }, {
                                          "r" : "58",
                                          "s" : [ {
                                             "value" : [ "Encounter" ]
                                          } ]
                                       }, {
                                          "value" : [ " )" ]
                                       } ]
                                    } ]
                                 } ]
                              }, {
                                 "value" : [ " )" ]
                              } ]
                           } ]
                        }, {
                           "value" : [ ", " ]
                        }, {
                           "r" : "67",
                           "s" : [ {
                              "r" : "65",
                              "s" : [ {
                                 "value" : [ "date from " ]
                              }, {
                                 "r" : "64",
                                 "s" : [ {
                                    "value" : [ "( " ]
                                 }, {
                                    "r" : "64",
                                    "s" : [ {
                                       "value" : [ "start of " ]
                                    }, {
                                       "r" : "63",
                                       "s" : [ {
                                          "r" : "62",
                                          "s" : [ {
                                             "value" : [ "Encounter" ]
                                          } ]
                                       }, {
                                          "value" : [ "." ]
                                       }, {
                                          "r" : "63",
                                          "s" : [ {
                                             "value" : [ "relevantPeriod" ]
                                          } ]
                                       } ]
                                    } ]
                                 }, {
                                    "value" : [ " )" ]
                                 } ]
                              } ]
                           }, {
                              "value" : [ " + " ]
                           }, {
                              "r" : "66",
                              "s" : [ {
                                 "value" : [ "1 ","day" ]
                              } ]
                           } ]
                        }, {
                           "value" : [ "]" ]
                        } ]
                     } ]
                  } ]
               }
            } ],
            "expression" : {
               "localId" : "68",
               "locator" : "36:3-36:145",
               "lowClosed" : true,
               "highClosed" : true,
               "type" : "Interval",
               "low" : {
                  "localId" : "61",
                  "locator" : "36:12-36:87",
                  "type" : "DateFrom",
                  "operand" : {
                     "localId" : "60",
                     "locator" : "36:22-36:87",
                     "type" : "Start",
                     "operand" : {
                        "localId" : "59",
                        "locator" : "36:33-36:85",
                        "name" : "HospitalizationWithObservation",
                        "libraryName" : "Global",
                        "type" : "FunctionRef",
                        "operand" : [ {
                           "localId" : "58",
                           "locator" : "36:75-36:83",
                           "name" : "Encounter",
                           "type" : "OperandRef"
                        } ]
                     }
                  }
               },
               "high" : {
                  "localId" : "67",
                  "locator" : "36:90-36:144",
                  "type" : "Add",
                  "operand" : [ {
                     "localId" : "65",
                     "locator" : "36:90-36:136",
                     "type" : "DateFrom",
                     "operand" : {
                        "localId" : "64",
                        "locator" : "36:100-36:136",
                        "type" : "Start",
                        "operand" : {
                           "localId" : "63",
                           "locator" : "36:111-36:134",
                           "path" : "relevantPeriod",
                           "type" : "Property",
                           "source" : {
                              "localId" : "62",
                              "locator" : "36:111-36:119",
                              "name" : "Encounter",
                              "type" : "OperandRef"
                           }
                        }
                     }
                  }, {
                     "localId" : "66",
                     "locator" : "36:140-36:144",
                     "value" : 1,
                     "unit" : "day",
                     "type" : "Quantity"
                  } ]
               }
            },
            "operand" : [ {
               "name" : "Encounter",
               "operandTypeSpecifier" : {
                  "localId" : "56",
                  "locator" : "35:80-35:101",
                  "name" : "{urn:healthit-gov:qdm:v5_6}PositiveEncounterPerformed",
                  "type" : "NamedTypeSpecifier"
               }
            } ]
         }, {
            "localId" : "82",
            "locator" : "38:1-39:138",
            "name" : "FromDayOfStartOfHospitalizationToDayAfterFirstICU",
            "context" : "Patient",
            "accessLevel" : "Public",
            "type" : "FunctionDef",
            "annotation" : [ {
               "type" : "Annotation",
               "s" : {
                  "r" : "82",
                  "s" : [ {
                     "value" : [ "","define function ","\"FromDayOfStartOfHospitalizationToDayAfterFirstICU\"","(","Encounter"," " ]
                  }, {
                     "r" : "70",
                     "s" : [ {
                        "value" : [ "\"Encounter, Performed\"" ]
                     } ]
                  }, {
                     "value" : [ " ):\n  " ]
                  }, {
                     "r" : "81",
                     "s" : [ {
                        "r" : "81",
                        "s" : [ {
                           "value" : [ "Interval[" ]
                        }, {
                           "r" : "75",
                           "s" : [ {
                              "value" : [ "date from " ]
                           }, {
                              "r" : "74",
                              "s" : [ {
                                 "value" : [ "( " ]
                              }, {
                                 "r" : "74",
                                 "s" : [ {
                                    "value" : [ "start of " ]
                                 }, {
                                    "r" : "73",
                                    "s" : [ {
                                       "r" : "71",
                                       "s" : [ {
                                          "value" : [ "Global" ]
                                       } ]
                                    }, {
                                       "value" : [ "." ]
                                    }, {
                                       "r" : "73",
                                       "s" : [ {
                                          "value" : [ "\"HospitalizationWithObservation\""," ( " ]
                                       }, {
                                          "r" : "72",
                                          "s" : [ {
                                             "value" : [ "Encounter" ]
                                          } ]
                                       }, {
                                          "value" : [ " )" ]
                                       } ]
                                    } ]
                                 } ]
                              }, {
                                 "value" : [ " )" ]
                              } ]
                           } ]
                        }, {
                           "value" : [ ", " ]
                        }, {
                           "r" : "80",
                           "s" : [ {
                              "r" : "78",
                              "s" : [ {
                                 "value" : [ "date from " ]
                              }, {
                                 "r" : "77",
                                 "s" : [ {
                                    "value" : [ "( " ]
                                 }, {
                                    "r" : "77",
                                    "s" : [ {
                                       "value" : [ "StartOfFirstICU","(" ]
                                    }, {
                                       "r" : "76",
                                       "s" : [ {
                                          "value" : [ "Encounter" ]
                                       } ]
                                    }, {
                                       "value" : [ ")" ]
                                    } ]
                                 }, {
                                    "value" : [ " )" ]
                                 } ]
                              } ]
                           }, {
                              "value" : [ " + " ]
                           }, {
                              "r" : "79",
                              "s" : [ {
                                 "value" : [ "1 ","day" ]
                              } ]
                           } ]
                        }, {
                           "value" : [ "]" ]
                        } ]
                     } ]
                  } ]
               }
            } ],
            "expression" : {
               "localId" : "81",
               "locator" : "39:3-39:138",
               "lowClosed" : true,
               "highClosed" : true,
               "type" : "Interval",
               "low" : {
                  "localId" : "75",
                  "locator" : "39:12-39:87",
                  "type" : "DateFrom",
                  "operand" : {
                     "localId" : "74",
                     "locator" : "39:22-39:87",
                     "type" : "Start",
                     "operand" : {
                        "localId" : "73",
                        "locator" : "39:33-39:85",
                        "name" : "HospitalizationWithObservation",
                        "libraryName" : "Global",
                        "type" : "FunctionRef",
                        "operand" : [ {
                           "localId" : "72",
                           "locator" : "39:75-39:83",
                           "name" : "Encounter",
                           "type" : "OperandRef"
                        } ]
                     }
                  }
               },
               "high" : {
                  "localId" : "80",
                  "locator" : "39:90-39:137",
                  "type" : "Add",
                  "operand" : [ {
                     "localId" : "78",
                     "locator" : "39:90-39:129",
                     "type" : "DateFrom",
                     "operand" : {
                        "localId" : "77",
                        "locator" : "39:100-39:129",
                        "name" : "StartOfFirstICU",
                        "type" : "FunctionRef",
                        "operand" : [ {
                           "localId" : "76",
                           "locator" : "39:118-39:126",
                           "name" : "Encounter",
                           "type" : "OperandRef"
                        } ]
                     }
                  }, {
                     "localId" : "79",
                     "locator" : "39:133-39:137",
                     "value" : 1,
                     "unit" : "day",
                     "type" : "Quantity"
                  } ]
               }
            },
            "operand" : [ {
               "name" : "Encounter",
               "operandTypeSpecifier" : {
                  "localId" : "70",
                  "locator" : "38:79-38:100",
                  "name" : "{urn:healthit-gov:qdm:v5_6}PositiveEncounterPerformed",
                  "type" : "NamedTypeSpecifier"
               }
            } ]
         } ]
      }
   }
}