{
   "library" : {
      "annotation" : [ {
         "translatorOptions" : "EnableAnnotations,EnableLocators,DisableListDemotion,DisableListPromotion,DisableMethodInvocation",
         "type" : "CqlToElmInfo"
      }, {
         "type" : "Annotation",
         "s" : {
            "r" : "52",
            "s" : [ {
               "value" : [ "","library AdultMajorDepressiveDisorderMDDSuicideRiskAssessment version '12.0.000'" ]
            } ]
         }
      } ],
      "identifier" : {
         "id" : "AdultMajorDepressiveDisorderMDDSuicideRiskAssessment",
         "version" : "12.0.000"
      },
      "schemaIdentifier" : {
         "id" : "urn:hl7-org:elm",
         "version" : "r1"
      },
      "usings" : {
         "def" : [ {
            "localIdentifier" : "System",
            "uri" : "urn:hl7-org:elm-types:r1"
         }, {
            "localId" : "1",
            "locator" : "3:1-3:23",
            "localIdentifier" : "QDM",
            "uri" : "urn:healthit-gov:qdm:v5_6",
            "version" : "5.6",
            "annotation" : [ {
               "type" : "Annotation",
               "s" : {
                  "r" : "1",
                  "s" : [ {
                     "value" : [ "","using " ]
                  }, {
                     "s" : [ {
                        "value" : [ "QDM" ]
                     } ]
                  }, {
                     "value" : [ " version ","'5.6'" ]
                  } ]
               }
            } ]
         } ]
      },
      "includes" : {
         "def" : [ {
            "localId" : "2",
            "locator" : "5:1-5:64",
            "localIdentifier" : "Global",
            "path" : "MATGlobalCommonFunctions",
            "version" : "7.0.000",
            "annotation" : [ {
               "type" : "Annotation",
               "s" : {
                  "r" : "2",
                  "s" : [ {
                     "value" : [ "","include " ]
                  }, {
                     "s" : [ {
                        "value" : [ "MATGlobalCommonFunctions" ]
                     } ]
                  }, {
                     "value" : [ " version ","'7.0.000'"," called ","Global" ]
                  } ]
               }
            } ]
         } ]
      },
      "parameters" : {
         "def" : [ {
            "localId" : "20",
            "locator" : "24:1-24:49",
            "name" : "Measurement Period",
            "accessLevel" : "Public",
            "annotation" : [ {
               "type" : "Annotation",
               "s" : {
                  "r" : "20",
                  "s" : [ {
                     "value" : [ "","parameter ","\"Measurement Period\""," " ]
                  }, {
                     "r" : "19",
                     "s" : [ {
                        "value" : [ "Interval<" ]
                     }, {
                        "r" : "18",
                        "s" : [ {
                           "value" : [ "DateTime" ]
                        } ]
                     }, {
                        "value" : [ ">" ]
                     } ]
                  } ]
               }
            } ],
            "parameterTypeSpecifier" : {
               "localId" : "19",
               "locator" : "24:32-24:49",
               "type" : "IntervalTypeSpecifier",
               "pointType" : {
                  "localId" : "18",
                  "locator" : "24:41-24:48",
                  "name" : "{urn:hl7-org:elm-types:r1}DateTime",
                  "type" : "NamedTypeSpecifier"
               }
            }
         } ]
      },
      "codeSystems" : {
         "def" : [ {
            "localId" : "3",
            "locator" : "7:1-7:55",
            "name" : "SNOMEDCT",
            "id" : "urn:oid:2.16.840.1.113883.6.96",
            "accessLevel" : "Public",
            "annotation" : [ {
               "type" : "Annotation",
               "s" : {
                  "r" : "3",
                  "s" : [ {
                     "value" : [ "","codesystem ","\"SNOMEDCT\"",": ","'urn:oid:2.16.840.1.113883.6.96'" ]
                  } ]
               }
            } ]
         } ]
      },
      "valueSets" : {
         "def" : [ {
            "localId" : "4",
            "locator" : "9:1-9:115",
            "name" : "Emergency Department Evaluation and Management Visit",
            "id" : "urn:oid:2.16.840.1.113883.3.464.1003.101.12.1010",
            "accessLevel" : "Public",
            "annotation" : [ {
               "type" : "Annotation",
               "s" : {
                  "r" : "4",
                  "s" : [ {
                     "value" : [ "","valueset ","\"Emergency Department Evaluation and Management Visit\"",": ","'urn:oid:2.16.840.1.113883.3.464.1003.101.12.1010'" ]
                  } ]
               }
            } ]
         }, {
            "localId" : "5",
            "locator" : "10:1-10:58",
            "name" : "Ethnicity",
            "id" : "urn:oid:2.16.840.1.114222.4.11.837",
            "accessLevel" : "Public",
            "annotation" : [ {
               "type" : "Annotation",
               "s" : {
                  "r" : "5",
                  "s" : [ {
                     "value" : [ "","valueset ","\"Ethnicity\"",": ","'urn:oid:2.16.840.1.114222.4.11.837'" ]
                  } ]
               }
            } ]
         }, {
            "localId" : "6",
            "locator" : "11:1-11:85",
            "name" : "Major Depressive Disorder Active",
            "id" : "urn:oid:2.16.840.1.113883.3.526.3.1491",
            "accessLevel" : "Public",
            "annotation" : [ {
               "type" : "Annotation",
               "s" : {
                  "r" : "6",
                  "s" : [ {
                     "value" : [ "","valueset ","\"Major Depressive Disorder Active\"",": ","'urn:oid:2.16.840.1.113883.3.526.3.1491'" ]
                  } ]
               }
            } ]
         }, {
            "localId" : "7",
            "locator" : "12:1-12:75",
            "name" : "Office Visit",
            "id" : "urn:oid:2.16.840.1.113883.3.464.1003.101.12.1001",
            "accessLevel" : "Public",
            "annotation" : [ {
               "type" : "Annotation",
               "s" : {
                  "r" : "7",
                  "s" : [ {
                     "value" : [ "","valueset ","\"Office Visit\"",": ","'urn:oid:2.16.840.1.113883.3.464.1003.101.12.1001'" ]
                  } ]
               }
            } ]
         }, {
            "localId" : "8",
            "locator" : "13:1-13:68",
            "name" : "ONC Administrative Sex",
            "id" : "urn:oid:2.16.840.1.113762.1.4.1",
            "accessLevel" : "Public",
            "annotation" : [ {
               "type" : "Annotation",
               "s" : {
                  "r" : "8",
                  "s" : [ {
                     "value" : [ "","valueset ","\"ONC Administrative Sex\"",": ","'urn:oid:2.16.840.1.113762.1.4.1'" ]
                  } ]
               }
            } ]
         }, {
            "localId" : "9",
            "locator" : "14:1-14:86",
            "name" : "Outpatient Consultation",
            "id" : "urn:oid:2.16.840.1.113883.3.464.1003.101.12.1008",
            "accessLevel" : "Public",
            "annotation" : [ {
               "type" : "Annotation",
               "s" : {
                  "r" : "9",
                  "s" : [ {
                     "value" : [ "","valueset ","\"Outpatient Consultation\"",": ","'urn:oid:2.16.840.1.113883.3.464.1003.101.12.1008'" ]
                  } ]
               }
            } ]
         }, {
            "localId" : "10",
            "locator" : "15:1-15:55",
            "name" : "Payer",
            "id" : "urn:oid:2.16.840.1.114222.4.11.3591",
            "accessLevel" : "Public",
            "annotation" : [ {
               "type" : "Annotation",
               "s" : {
                  "r" : "10",
                  "s" : [ {
                     "value" : [ "","valueset ","\"Payer\"",": ","'urn:oid:2.16.840.1.114222.4.11.3591'" ]
                  } ]
               }
            } ]
         }, {
            "localId" : "11",
            "locator" : "16:1-16:86",
            "name" : "Psych Visit Diagnostic Evaluation",
            "id" : "urn:oid:2.16.840.1.113883.3.526.3.1492",
            "accessLevel" : "Public",
            "annotation" : [ {
               "type" : "Annotation",
               "s" : {
                  "r" : "11",
                  "s" : [ {
                     "value" : [ "","valueset ","\"Psych Visit Diagnostic Evaluation\"",": ","'urn:oid:2.16.840.1.113883.3.526.3.1492'" ]
                  } ]
               }
            } ]
         }, {
            "localId" : "12",
            "locator" : "17:1-17:78",
            "name" : "Psych Visit Psychotherapy",
            "id" : "urn:oid:2.16.840.1.113883.3.526.3.1496",
            "accessLevel" : "Public",
            "annotation" : [ {
               "type" : "Annotation",
               "s" : {
                  "r" : "12",
                  "s" : [ {
                     "value" : [ "","valueset ","\"Psych Visit Psychotherapy\"",": ","'urn:oid:2.16.840.1.113883.3.526.3.1496'" ]
                  } ]
               }
            } ]
         }, {
            "localId" : "13",
            "locator" : "18:1-18:67",
            "name" : "Psychoanalysis",
            "id" : "urn:oid:2.16.840.1.113883.3.526.3.1141",
            "accessLevel" : "Public",
            "annotation" : [ {
               "type" : "Annotation",
               "s" : {
                  "r" : "13",
                  "s" : [ {
                     "value" : [ "","valueset ","\"Psychoanalysis\"",": ","'urn:oid:2.16.840.1.113883.3.526.3.1141'" ]
                  } ]
               }
            } ]
         }, {
            "localId" : "14",
            "locator" : "19:1-19:53",
            "name" : "Race",
            "id" : "urn:oid:2.16.840.1.114222.4.11.836",
            "accessLevel" : "Public",
            "annotation" : [ {
               "type" : "Annotation",
               "s" : {
                  "r" : "14",
                  "s" : [ {
                     "value" : [ "","valueset ","\"Race\"",": ","'urn:oid:2.16.840.1.114222.4.11.836'" ]
                  } ]
               }
            } ]
         }, {
            "localId" : "15",
            "locator" : "20:1-20:82",
            "name" : "Telehealth Services",
            "id" : "urn:oid:2.16.840.1.113883.3.464.1003.101.12.1031",
            "accessLevel" : "Public",
            "annotation" : [ {
               "type" : "Annotation",
               "s" : {
                  "r" : "15",
                  "s" : [ {
                     "value" : [ "","valueset ","\"Telehealth Services\"",": ","'urn:oid:2.16.840.1.113883.3.464.1003.101.12.1031'" ]
                  } ]
               }
            } ]
         } ]
      },
      "codes" : {
         "def" : [ {
            "localId" : "17",
            "locator" : "22:1-22:117",
            "name" : "Suicide risk assessment (procedure)",
            "id" : "225337009",
            "display" : "Suicide risk assessment (procedure)",
            "accessLevel" : "Public",
            "annotation" : [ {
               "type" : "Annotation",
               "s" : {
                  "r" : "17",
                  "s" : [ {
                     "value" : [ "","code ","\"Suicide risk assessment (procedure)\"",": ","'225337009'"," from " ]
                  }, {
                     "r" : "16",
                     "s" : [ {
                        "value" : [ "\"SNOMEDCT\"" ]
                     } ]
                  }, {
                     "value" : [ " display ","'Suicide risk assessment (procedure)'" ]
                  } ]
               }
            } ],
            "codeSystem" : {
               "localId" : "16",
               "locator" : "22:62-22:71",
               "name" : "SNOMEDCT"
            }
         } ]
      },
      "contexts" : {
         "def" : [ {
            "locator" : "26:1-26:15",
            "name" : "Patient"
         } ]
      },
      "statements" : {
         "def" : [ {
            "locator" : "26:1-26:15",
            "name" : "Patient",
            "context" : "Patient",
            "expression" : {
               "type" : "SingletonFrom",
               "operand" : {
                  "locator" : "26:1-26:15",
                  "dataType" : "{urn:healthit-gov:qdm:v5_6}Patient",
                  "templateId" : "Patient",
                  "type" : "Retrieve"
               }
            }
         }, {
            "localId" : "22",
            "locator" : "28:1-29:51",
            "name" : "SDE Ethnicity",
            "context" : "Patient",
            "accessLevel" : "Public",
            "annotation" : [ {
               "type" : "Annotation",
               "s" : {
                  "r" : "22",
                  "s" : [ {
                     "value" : [ "","define ","\"SDE Ethnicity\"",":\n  " ]
                  }, {
                     "r" : "21",
                     "s" : [ {
                        "value" : [ "[","\"Patient Characteristic Ethnicity\"",": " ]
                     }, {
                        "s" : [ {
                           "value" : [ "\"Ethnicity\"" ]
                        } ]
                     }, {
                        "value" : [ "]" ]
                     } ]
                  } ]
               }
            } ],
            "expression" : {
               "localId" : "21",
               "locator" : "29:3-29:51",
               "dataType" : "{urn:healthit-gov:qdm:v5_6}PatientCharacteristicEthnicity",
               "codeProperty" : "code",
               "codeComparator" : "in",
               "type" : "Retrieve",
               "codes" : {
                  "locator" : "29:40-29:50",
                  "name" : "Ethnicity",
                  "type" : "ValueSetRef"
               }
            }
         }, {
            "localId" : "24",
            "locator" : "31:1-32:43",
            "name" : "SDE Payer",
            "context" : "Patient",
            "accessLevel" : "Public",
            "annotation" : [ {
               "type" : "Annotation",
               "s" : {
                  "r" : "24",
                  "s" : [ {
                     "value" : [ "","define ","\"SDE Payer\"",":\n  " ]
                  }, {
                     "r" : "23",
                     "s" : [ {
                        "value" : [ "[","\"Patient Characteristic Payer\"",": " ]
                     }, {
                        "s" : [ {
                           "value" : [ "\"Payer\"" ]
                        } ]
                     }, {
                        "value" : [ "]" ]
                     } ]
                  } ]
               }
            } ],
            "expression" : {
               "localId" : "23",
               "locator" : "32:3-32:43",
               "dataType" : "{urn:healthit-gov:qdm:v5_6}PatientCharacteristicPayer",
               "codeProperty" : "code",
               "codeComparator" : "in",
               "type" : "Retrieve",
               "codes" : {
                  "locator" : "32:36-32:42",
                  "name" : "Payer",
                  "type" : "ValueSetRef"
               }
            }
         }, {
            "localId" : "26",
            "locator" : "34:1-35:41",
            "name" : "SDE Race",
            "context" : "Patient",
            "accessLevel" : "Public",
            "annotation" : [ {
               "type" : "Annotation",
               "s" : {
                  "r" : "26",
                  "s" : [ {
                     "value" : [ "","define ","\"SDE Race\"",":\n  " ]
                  }, {
                     "r" : "25",
                     "s" : [ {
                        "value" : [ "[","\"Patient Characteristic Race\"",": " ]
                     }, {
                        "s" : [ {
                           "value" : [ "\"Race\"" ]
                        } ]
                     }, {
                        "value" : [ "]" ]
                     } ]
                  } ]
               }
            } ],
            "expression" : {
               "localId" : "25",
               "locator" : "35:3-35:41",
               "dataType" : "{urn:healthit-gov:qdm:v5_6}PatientCharacteristicRace",
               "codeProperty" : "code",
               "codeComparator" : "in",
               "type" : "Retrieve",
               "codes" : {
                  "locator" : "35:35-35:40",
                  "name" : "Race",
                  "type" : "ValueSetRef"
               }
            }
         }, {
            "localId" : "28",
            "locator" : "37:1-38:58",
            "name" : "SDE Sex",
            "context" : "Patient",
            "accessLevel" : "Public",
            "annotation" : [ {
               "type" : "Annotation",
               "s" : {
                  "r" : "28",
                  "s" : [ {
                     "value" : [ "","define ","\"SDE Sex\"",":\n  " ]
                  }, {
                     "r" : "27",
                     "s" : [ {
                        "value" : [ "[","\"Patient Characteristic Sex\"",": " ]
                     }, {
                        "s" : [ {
                           "value" : [ "\"ONC Administrative Sex\"" ]
                        } ]
                     }, {
                        "value" : [ "]" ]
                     } ]
                  } ]
               }
            } ],
            "expression" : {
               "localId" : "27",
               "locator" : "38:3-38:58",
               "dataType" : "{urn:healthit-gov:qdm:v5_6}PatientCharacteristicSex",
               "codeProperty" : "code",
               "codeComparator" : "in",
               "type" : "Retrieve",
               "codes" : {
                  "locator" : "38:34-38:57",
                  "name" : "ONC Administrative Sex",
                  "type" : "ValueSetRef"
               }
            }
         }, {
            "localId" : "52",
            "locator" : "59:1-69:5",
            "name" : "Major Depressive Disorder Encounter",
            "context" : "Patient",
            "accessLevel" : "Public",
            "annotation" : [ {
               "type" : "Annotation",
               "s" : {
                  "r" : "52",
                  "s" : [ {
                     "value" : [ "","define ","\"Major Depressive Disorder Encounter\"",":\n  " ]
                  }, {
                     "r" : "51",
                     "s" : [ {
                        "s" : [ {
                           "r" : "42",
                           "s" : [ {
                              "r" : "41",
                              "s" : [ {
                                 "value" : [ "( " ]
                              }, {
                                 "r" : "41",
                                 "s" : [ {
                                    "r" : "39",
                                    "s" : [ {
                                       "r" : "37",
                                       "s" : [ {
                                          "r" : "35",
                                          "s" : [ {
                                             "r" : "33",
                                             "s" : [ {
                                                "r" : "31",
                                                "s" : [ {
                                                   "r" : "29",
                                                   "s" : [ {
                                                      "value" : [ "[","\"Encounter, Performed\"",": " ]
                                                   }, {
                                                      "s" : [ {
                                                         "value" : [ "\"Psych Visit Diagnostic Evaluation\"" ]
                                                      } ]
                                                   }, {
                                                      "value" : [ "]" ]
                                                   } ]
                                                }, {
                                                   "value" : [ "\n    union " ]
                                                }, {
                                                   "r" : "30",
                                                   "s" : [ {
                                                      "value" : [ "[","\"Encounter, Performed\"",": " ]
                                                   }, {
                                                      "s" : [ {
                                                         "value" : [ "\"Emergency Department Evaluation and Management Visit\"" ]
                                                      } ]
                                                   }, {
                                                      "value" : [ "]" ]
                                                   } ]
                                                } ]
                                             }, {
                                                "value" : [ "\n    union " ]
                                             }, {
                                                "r" : "32",
                                                "s" : [ {
                                                   "value" : [ "[","\"Encounter, Performed\"",": " ]
                                                }, {
                                                   "s" : [ {
                                                      "value" : [ "\"Office Visit\"" ]
                                                   } ]
                                                }, {
                                                   "value" : [ "]" ]
                                                } ]
                                             } ]
                                          }, {
                                             "value" : [ "\n    union " ]
                                          }, {
                                             "r" : "34",
                                             "s" : [ {
                                                "value" : [ "[","\"Encounter, Performed\"",": " ]
                                             }, {
                                                "s" : [ {
                                                   "value" : [ "\"Outpatient Consultation\"" ]
                                                } ]
                                             }, {
                                                "value" : [ "]" ]
                                             } ]
                                          } ]
                                       }, {
                                          "value" : [ "\n    union " ]
                                       }, {
                                          "r" : "36",
                                          "s" : [ {
                                             "value" : [ "[","\"Encounter, Performed\"",": " ]
                                          }, {
                                             "s" : [ {
                                                "value" : [ "\"Psych Visit Psychotherapy\"" ]
                                             } ]
                                          }, {
                                             "value" : [ "]" ]
                                          } ]
                                       } ]
                                    }, {
                                       "value" : [ "\n    union " ]
                                    }, {
                                       "r" : "38",
                                       "s" : [ {
                                          "value" : [ "[","\"Encounter, Performed\"",": " ]
                                       }, {
                                          "s" : [ {
                                             "value" : [ "\"Psychoanalysis\"" ]
                                          } ]
                                       }, {
                                          "value" : [ "]" ]
                                       } ]
                                    } ]
                                 }, {
                                    "value" : [ "\n    union " ]
                                 }, {
                                    "r" : "40",
                                    "s" : [ {
                                       "value" : [ "[","\"Encounter, Performed\"",": " ]
                                    }, {
                                       "s" : [ {
                                          "value" : [ "\"Telehealth Services\"" ]
                                       } ]
                                    }, {
                                       "value" : [ "]" ]
                                    } ]
                                 } ]
                              }, {
                                 "value" : [ " )" ]
                              } ]
                           }, {
                              "value" : [ " ","ValidEncounter" ]
                           } ]
                        } ]
                     }, {
                        "value" : [ "\n    " ]
                     }, {
                        "r" : "50",
                        "s" : [ {
                           "value" : [ "where " ]
                        }, {
                           "r" : "50",
                           "s" : [ {
                              "value" : [ "exists " ]
                           }, {
                              "r" : "49",
                              "s" : [ {
                                 "value" : [ "( " ]
                              }, {
                                 "r" : "49",
                                 "s" : [ {
                                    "s" : [ {
                                       "r" : "44",
                                       "s" : [ {
                                          "r" : "43",
                                          "s" : [ {
                                             "s" : [ {
                                                "value" : [ "ValidEncounter",".","diagnoses" ]
                                             } ]
                                          } ]
                                       }, {
                                          "value" : [ " ","EncounterDiagnosis" ]
                                       } ]
                                    } ]
                                 }, {
                                    "value" : [ "\n        " ]
                                 }, {
                                    "r" : "48",
                                    "s" : [ {
                                       "value" : [ "where " ]
                                    }, {
                                       "r" : "48",
                                       "s" : [ {
                                          "r" : "46",
                                          "s" : [ {
                                             "r" : "45",
                                             "s" : [ {
                                                "value" : [ "EncounterDiagnosis" ]
                                             } ]
                                          }, {
                                             "value" : [ "." ]
                                          }, {
                                             "r" : "46",
                                             "s" : [ {
                                                "value" : [ "code" ]
                                             } ]
                                          } ]
                                       }, {
                                          "value" : [ " in " ]
                                       }, {
                                          "r" : "47",
                                          "s" : [ {
                                             "value" : [ "\"Major Depressive Disorder Active\"" ]
                                          } ]
                                       } ]
                                    } ]
                                 } ]
                              }, {
                                 "value" : [ "\n    )" ]
                              } ]
                           } ]
                        } ]
                     } ]
                  } ]
               }
            } ],
            "expression" : {
               "localId" : "51",
               "locator" : "60:3-69:5",
               "type" : "Query",
               "source" : [ {
                  "localId" : "42",
                  "locator" : "60:3-66:74",
                  "alias" : "ValidEncounter",
                  "expression" : {
                     "localId" : "41",
                     "locator" : "60:3-66:59",
                     "type" : "Union",
                     "operand" : [ {
                        "localId" : "39",
                        "locator" : "60:5-65:52",
                        "type" : "Union",
                        "operand" : [ {
                           "localId" : "35",
                           "locator" : "60:5-63:61",
                           "type" : "Union",
                           "operand" : [ {
                              "localId" : "31",
                              "locator" : "60:5-61:90",
                              "type" : "Union",
                              "operand" : [ {
                                 "localId" : "29",
                                 "locator" : "60:5-60:65",
                                 "dataType" : "{urn:healthit-gov:qdm:v5_6}PositiveEncounterPerformed",
                                 "templateId" : "PositiveEncounterPerformed",
                                 "codeProperty" : "code",
                                 "codeComparator" : "in",
                                 "type" : "Retrieve",
                                 "codes" : {
                                    "locator" : "60:30-60:64",
                                    "name" : "Psych Visit Diagnostic Evaluation",
                                    "type" : "ValueSetRef"
                                 }
                              }, {
                                 "localId" : "30",
                                 "locator" : "61:11-61:90",
                                 "dataType" : "{urn:healthit-gov:qdm:v5_6}PositiveEncounterPerformed",
                                 "templateId" : "PositiveEncounterPerformed",
                                 "codeProperty" : "code",
                                 "codeComparator" : "in",
                                 "type" : "Retrieve",
                                 "codes" : {
                                    "locator" : "61:36-61:89",
                                    "name" : "Emergency Department Evaluation and Management Visit",
                                    "type" : "ValueSetRef"
                                 }
                              } ]
                           }, {
                              "type" : "Union",
                              "operand" : [ {
                                 "localId" : "32",
                                 "locator" : "62:11-62:50",
                                 "dataType" : "{urn:healthit-gov:qdm:v5_6}PositiveEncounterPerformed",
                                 "templateId" : "PositiveEncounterPerformed",
                                 "codeProperty" : "code",
                                 "codeComparator" : "in",
                                 "type" : "Retrieve",
                                 "codes" : {
                                    "locator" : "62:36-62:49",
                                    "name" : "Office Visit",
                                    "type" : "ValueSetRef"
                                 }
                              }, {
                                 "localId" : "34",
                                 "locator" : "63:11-63:61",
                                 "dataType" : "{urn:healthit-gov:qdm:v5_6}PositiveEncounterPerformed",
                                 "templateId" : "PositiveEncounterPerformed",
                                 "codeProperty" : "code",
                                 "codeComparator" : "in",
                                 "type" : "Retrieve",
                                 "codes" : {
                                    "locator" : "63:36-63:60",
                                    "name" : "Outpatient Consultation",
                                    "type" : "ValueSetRef"
                                 }
                              } ]
                           } ]
                        }, {
                           "type" : "Union",
                           "operand" : [ {
                              "localId" : "36",
                              "locator" : "64:11-64:63",
                              "dataType" : "{urn:healthit-gov:qdm:v5_6}PositiveEncounterPerformed",
                              "templateId" : "PositiveEncounterPerformed",
                              "codeProperty" : "code",
                              "codeComparator" : "in",
                              "type" : "Retrieve",
                              "codes" : {
                                 "locator" : "64:36-64:62",
                                 "name" : "Psych Visit Psychotherapy",
                                 "type" : "ValueSetRef"
                              }
                           }, {
                              "localId" : "38",
                              "locator" : "65:11-65:52",
                              "dataType" : "{urn:healthit-gov:qdm:v5_6}PositiveEncounterPerformed",
                              "templateId" : "PositiveEncounterPerformed",
                              "codeProperty" : "code",
                              "codeComparator" : "in",
                              "type" : "Retrieve",
                              "codes" : {
                                 "locator" : "65:36-65:51",
                                 "name" : "Psychoanalysis",
                                 "type" : "ValueSetRef"
                              }
                           } ]
                        } ]
                     }, {
                        "localId" : "40",
                        "locator" : "66:11-66:57",
                        "dataType" : "{urn:healthit-gov:qdm:v5_6}PositiveEncounterPerformed",
                        "templateId" : "PositiveEncounterPerformed",
                        "codeProperty" : "code",
                        "codeComparator" : "in",
                        "type" : "Retrieve",
                        "codes" : {
                           "locator" : "66:36-66:56",
                           "name" : "Telehealth Services",
                           "type" : "ValueSetRef"
                        }
                     } ]
                  }
               } ],
               "relationship" : [ ],
               "where" : {
                  "localId" : "50",
                  "locator" : "67:5-69:5",
                  "type" : "Exists",
                  "operand" : {
                     "localId" : "49",
                     "locator" : "67:18-69:5",
                     "type" : "Query",
                     "source" : [ {
                        "localId" : "44",
                        "locator" : "67:20-67:62",
                        "alias" : "EncounterDiagnosis",
                        "expression" : {
                           "localId" : "43",
                           "locator" : "67:20-67:43",
                           "path" : "diagnoses",
                           "scope" : "ValidEncounter",
                           "type" : "Property"
                        }
                     } ],
                     "relationship" : [ ],
                     "where" : {
                        "localId" : "48",
                        "locator" : "68:9-68:75",
                        "type" : "InValueSet",
                        "code" : {
                           "localId" : "46",
                           "locator" : "68:15-68:37",
                           "path" : "code",
                           "scope" : "EncounterDiagnosis",
                           "type" : "Property"
                        },
                        "valueset" : {
                           "localId" : "47",
                           "locator" : "68:42-68:75",
                           "name" : "Major Depressive Disorder Active",
                           "type" : "ValueSetRef"
                        }
                     }
                  }
               }
            }
         }, {
            "localId" : "74",
            "locator" : "52:1-57:65",
            "name" : "New or Recurrent Major Depressive Disorder Encounter",
            "context" : "Patient",
            "accessLevel" : "Public",
            "annotation" : [ {
               "type" : "Annotation",
               "s" : {
                  "r" : "74",
                  "s" : [ {
                     "value" : [ "","define ","\"New or Recurrent Major Depressive Disorder Encounter\"",":\n  " ]
                  }, {
                     "r" : "73",
                     "s" : [ {
                        "s" : [ {
                           "r" : "54",
                           "s" : [ {
                              "r" : "53",
                              "s" : [ {
                                 "s" : [ {
                                    "value" : [ "\"Major Depressive Disorder Encounter\"" ]
                                 } ]
                              } ]
                           }, {
                              "value" : [ " ","MDDEncounter" ]
                           } ]
                        } ]
                     }, {
                        "value" : [ "\n    " ]
                     }, {
                        "r" : "68",
                        "s" : [ {
                           "value" : [ "without " ]
                        }, {
                           "r" : "56",
                           "s" : [ {
                              "r" : "55",
                              "s" : [ {
                                 "s" : [ {
                                    "value" : [ "\"Major Depressive Disorder Encounter\"" ]
                                 } ]
                              } ]
                           }, {
                              "value" : [ " ","PriorMDDEpisodeEncounter" ]
                           } ]
                        }, {
                           "value" : [ "\n      such that " ]
                        }, {
                           "r" : "67",
                           "s" : [ {
                              "r" : "59",
                              "s" : [ {
                                 "r" : "57",
                                 "s" : [ {
                                    "value" : [ "PriorMDDEpisodeEncounter" ]
                                 } ]
                              }, {
                                 "value" : [ " ","!~"," " ]
                              }, {
                                 "r" : "58",
                                 "s" : [ {
                                    "value" : [ "MDDEncounter" ]
                                 } ]
                              } ]
                           }, {
                              "value" : [ "\n        and " ]
                           }, {
                              "r" : "66",
                              "s" : [ {
                                 "r" : "61",
                                 "s" : [ {
                                    "r" : "60",
                                    "s" : [ {
                                       "value" : [ "PriorMDDEpisodeEncounter" ]
                                    } ]
                                 }, {
                                    "value" : [ "." ]
                                 }, {
                                    "r" : "61",
                                    "s" : [ {
                                       "value" : [ "relevantPeriod" ]
                                    } ]
                                 } ]
                              }, {
                                 "value" : [ " " ]
                              }, {
                                 "r" : "66",
                                 "s" : [ {
                                    "value" : [ "ends " ]
                                 }, {
                                    "r" : "65",
                                    "s" : [ {
                                       "value" : [ "104 ","days" ]
                                    } ]
                                 }, {
                                    "value" : [ " or less before day of" ]
                                 } ]
                              }, {
                                 "value" : [ " " ]
                              }, {
                                 "r" : "64",
                                 "s" : [ {
                                    "value" : [ "start of " ]
                                 }, {
                                    "r" : "63",
                                    "s" : [ {
                                       "r" : "62",
                                       "s" : [ {
                                          "value" : [ "MDDEncounter" ]
                                       } ]
                                    }, {
                                       "value" : [ "." ]
                                    }, {
                                       "r" : "63",
                                       "s" : [ {
                                          "value" : [ "relevantPeriod" ]
                                       } ]
                                    } ]
                                 } ]
                              } ]
                           } ]
                        } ]
                     }, {
                        "value" : [ "\n    " ]
                     }, {
                        "r" : "72",
                        "s" : [ {
                           "value" : [ "where " ]
                        }, {
                           "r" : "72",
                           "s" : [ {
                              "r" : "70",
                              "s" : [ {
                                 "r" : "69",
                                 "s" : [ {
                                    "value" : [ "MDDEncounter" ]
                                 } ]
                              }, {
                                 "value" : [ "." ]
                              }, {
                                 "r" : "70",
                                 "s" : [ {
                                    "value" : [ "relevantPeriod" ]
                                 } ]
                              } ]
                           }, {
                              "r" : "72",
                              "value" : [ " ","during"," " ]
                           }, {
                              "r" : "71",
                              "s" : [ {
                                 "value" : [ "\"Measurement Period\"" ]
                              } ]
                           } ]
                        } ]
                     } ]
                  } ]
               }
            } ],
            "expression" : {
               "localId" : "73",
               "locator" : "53:3-57:65",
               "type" : "Query",
               "source" : [ {
                  "localId" : "54",
                  "locator" : "53:3-53:52",
                  "alias" : "MDDEncounter",
                  "expression" : {
                     "localId" : "53",
                     "locator" : "53:3-53:39",
                     "name" : "Major Depressive Disorder Encounter",
                     "type" : "ExpressionRef"
                  }
               } ],
               "relationship" : [ {
                  "localId" : "68",
                  "locator" : "54:5-56:124",
                  "alias" : "PriorMDDEpisodeEncounter",
                  "type" : "Without",
                  "expression" : {
                     "localId" : "55",
                     "locator" : "54:13-54:49",
                     "name" : "Major Depressive Disorder Encounter",
                     "type" : "ExpressionRef"
                  },
                  "suchThat" : {
                     "localId" : "67",
                     "locator" : "55:17-56:124",
                     "type" : "And",
                     "operand" : [ {
                        "localId" : "59",
                        "locator" : "55:17-55:56",
                        "type" : "Not",
                        "operand" : {
                           "locator" : "55:17-55:56",
                           "type" : "Equivalent",
                           "operand" : [ {
                              "localId" : "57",
                              "locator" : "55:17-55:40",
                              "name" : "PriorMDDEpisodeEncounter",
                              "type" : "AliasRef"
                           }, {
                              "localId" : "58",
                              "locator" : "55:45-55:56",
                              "name" : "MDDEncounter",
                              "type" : "AliasRef"
                           } ]
                        }
                     }, {
                        "localId" : "66",
                        "locator" : "56:13-56:124",
                        "type" : "And",
                        "operand" : [ {
                           "locator" : "56:58-56:73",
                           "precision" : "Day",
                           "type" : "In",
                           "operand" : [ {
                              "locator" : "56:53-56:56",
                              "type" : "End",
                              "operand" : {
                                 "localId" : "61",
                                 "locator" : "56:13-56:51",
                                 "path" : "relevantPeriod",
                                 "scope" : "PriorMDDEpisodeEncounter",
                                 "type" : "Property"
                              }
                           }, {
                              "locator" : "56:58-56:73",
                              "lowClosed" : true,
                              "highClosed" : false,
                              "type" : "Interval",
                              "low" : {
                                 "locator" : "56:89-56:124",
                                 "type" : "Subtract",
                                 "operand" : [ {
                                    "localId" : "64",
                                    "locator" : "56:89-56:124",
                                    "type" : "Start",
                                    "operand" : {
                                       "localId" : "63",
                                       "locator" : "56:98-56:124",
                                       "path" : "relevantPeriod",
                                       "scope" : "MDDEncounter",
                                       "type" : "Property"
                                    }
                                 }, {
                                    "localId" : "65",
                                    "locator" : "56:58-56:65",
                                    "value" : 104,
                                    "unit" : "days",
                                    "type" : "Quantity"
                                 } ]
                              },
                              "high" : {
                                 "localId" : "64",
                                 "locator" : "56:89-56:124",
                                 "type" : "Start",
                                 "operand" : {
                                    "localId" : "63",
                                    "locator" : "56:98-56:124",
                                    "path" : "relevantPeriod",
                                    "scope" : "MDDEncounter",
                                    "type" : "Property"
                                 }
                              }
                           } ]
                        }, {
                           "locator" : "56:58-56:73",
                           "type" : "Not",
                           "operand" : {
                              "locator" : "56:58-56:73",
                              "type" : "IsNull",
                              "operand" : {
                                 "localId" : "64",
                                 "locator" : "56:89-56:124",
                                 "type" : "Start",
                                 "operand" : {
                                    "localId" : "63",
                                    "locator" : "56:98-56:124",
                                    "path" : "relevantPeriod",
                                    "scope" : "MDDEncounter",
                                    "type" : "Property"
                                 }
                              }
                           }
                        } ]
                     } ]
                  }
               } ],
               "where" : {
                  "localId" : "72",
                  "locator" : "57:5-57:65",
                  "type" : "IncludedIn",
                  "operand" : [ {
                     "localId" : "70",
                     "locator" : "57:11-57:37",
                     "path" : "relevantPeriod",
                     "scope" : "MDDEncounter",
                     "type" : "Property"
                  }, {
                     "localId" : "71",
                     "locator" : "57:46-57:65",
                     "name" : "Measurement Period",
                     "type" : "ParameterRef"
                  } ]
               }
            }
         }, {
            "localId" : "84",
            "locator" : "48:1-50:70",
            "name" : "Initial Population",
            "context" : "Patient",
            "accessLevel" : "Public",
            "annotation" : [ {
               "type" : "Annotation",
               "s" : {
                  "r" : "84",
                  "s" : [ {
                     "value" : [ "","define ","\"Initial Population\"",":\n  " ]
                  }, {
                     "r" : "83",
                     "s" : [ {
                        "s" : [ {
                           "r" : "76",
                           "s" : [ {
                              "r" : "75",
                              "s" : [ {
                                 "s" : [ {
                                    "value" : [ "\"New or Recurrent Major Depressive Disorder Encounter\"" ]
                                 } ]
                              } ]
                           }, {
                              "value" : [ " ","NewOrRecurrentMDDEncounter" ]
                           } ]
                        } ]
                     }, {
                        "value" : [ "\n    " ]
                     }, {
                        "r" : "82",
                        "s" : [ {
                           "value" : [ "where " ]
                        }, {
                           "r" : "82",
                           "s" : [ {
                              "r" : "80",
                              "s" : [ {
                                 "value" : [ "\"AgeInYearsAt\"","(" ]
                              }, {
                                 "r" : "79",
                                 "s" : [ {
                                    "value" : [ "date from " ]
                                 }, {
                                    "r" : "78",
                                    "s" : [ {
                                       "value" : [ "start of " ]
                                    }, {
                                       "r" : "77",
                                       "s" : [ {
                                          "value" : [ "\"Measurement Period\"" ]
                                       } ]
                                    } ]
                                 } ]
                              }, {
                                 "value" : [ ")" ]
                              } ]
                           }, {
                              "r" : "81",
                              "value" : [ ">="," ","17" ]
                           } ]
                        } ]
                     } ]
                  } ]
               }
            } ],
            "expression" : {
               "localId" : "83",
               "locator" : "49:3-50:70",
               "type" : "Query",
               "source" : [ {
                  "localId" : "76",
                  "locator" : "49:3-49:83",
                  "alias" : "NewOrRecurrentMDDEncounter",
                  "expression" : {
                     "localId" : "75",
                     "locator" : "49:3-49:56",
                     "name" : "New or Recurrent Major Depressive Disorder Encounter",
                     "type" : "ExpressionRef"
                  }
               } ],
               "relationship" : [ ],
               "where" : {
                  "localId" : "82",
                  "locator" : "50:5-50:70",
                  "type" : "GreaterOrEqual",
                  "operand" : [ {
                     "localId" : "80",
                     "locator" : "50:11-50:65",
                     "precision" : "Year",
                     "type" : "CalculateAgeAt",
                     "operand" : [ {
                        "type" : "ToDate",
                        "operand" : {
                           "path" : "birthDatetime",
                           "type" : "Property",
                           "source" : {
                              "name" : "Patient",
                              "type" : "ExpressionRef"
                           }
                        }
                     }, {
                        "localId" : "79",
                        "locator" : "50:26-50:64",
                        "type" : "DateFrom",
                        "operand" : {
                           "localId" : "78",
                           "locator" : "50:36-50:64",
                           "type" : "Start",
                           "operand" : {
                              "localId" : "77",
                              "locator" : "50:45-50:64",
                              "name" : "Measurement Period",
                              "type" : "ParameterRef"
                           }
                        }
                     } ]
                  }, {
                     "localId" : "81",
                     "locator" : "50:69-50:70",
                     "valueType" : "{urn:hl7-org:elm-types:r1}Integer",
                     "value" : "17",
                     "type" : "Literal"
                  } ]
               }
            }
         }, {
            "localId" : "86",
            "locator" : "40:1-41:22",
            "name" : "Denominator",
            "context" : "Patient",
            "accessLevel" : "Public",
            "annotation" : [ {
               "type" : "Annotation",
               "s" : {
                  "r" : "86",
                  "s" : [ {
                     "value" : [ "","define ","\"Denominator\"",":\n  " ]
                  }, {
                     "r" : "85",
                     "s" : [ {
                        "value" : [ "\"Initial Population\"" ]
                     } ]
                  } ]
               }
            } ],
            "expression" : {
               "localId" : "85",
               "locator" : "41:3-41:22",
               "name" : "Initial Population",
               "type" : "ExpressionRef"
            }
         }, {
            "localId" : "102",
            "locator" : "43:1-46:172",
            "name" : "Numerator",
            "context" : "Patient",
            "accessLevel" : "Public",
            "annotation" : [ {
               "type" : "Annotation",
               "s" : {
                  "r" : "102",
                  "s" : [ {
                     "value" : [ "","define ","\"Numerator\"",":\n  " ]
                  }, {
                     "r" : "101",
                     "s" : [ {
                        "s" : [ {
                           "r" : "88",
                           "s" : [ {
                              "r" : "87",
                              "s" : [ {
                                 "s" : [ {
                                    "value" : [ "\"New or Recurrent Major Depressive Disorder Encounter\"" ]
                                 } ]
                              } ]
                           }, {
                              "value" : [ " ","NewOrRecurrentMDDEncounter" ]
                           } ]
                        } ]
                     }, {
                        "value" : [ "\n    " ]
                     }, {
                        "r" : "100",
                        "s" : [ {
                           "value" : [ "with " ]
                        }, {
                           "r" : "90",
                           "s" : [ {
                              "r" : "89",
                              "s" : [ {
                                 "r" : "89",
                                 "s" : [ {
                                    "value" : [ "[","\"Intervention, Performed\"",": " ]
                                 }, {
                                    "s" : [ {
                                       "value" : [ "\"Suicide risk assessment (procedure)\"" ]
                                    } ]
                                 }, {
                                    "value" : [ "]" ]
                                 } ]
                              } ]
                           }, {
                              "value" : [ " ","SuicideRiskAssessment" ]
                           } ]
                        }, {
                           "value" : [ "\n      such that " ]
                        }, {
                           "r" : "99",
                           "s" : [ {
                              "r" : "96",
                              "s" : [ {
                                 "r" : "91",
                                 "s" : [ {
                                    "value" : [ "Global" ]
                                 } ]
                              }, {
                                 "value" : [ "." ]
                              }, {
                                 "r" : "96",
                                 "s" : [ {
                                    "value" : [ "\"NormalizeInterval\""," ( " ]
                                 }, {
                                    "r" : "93",
                                    "s" : [ {
                                       "r" : "92",
                                       "s" : [ {
                                          "value" : [ "SuicideRiskAssessment" ]
                                       } ]
                                    }, {
                                       "value" : [ "." ]
                                    }, {
                                       "r" : "93",
                                       "s" : [ {
                                          "value" : [ "relevantDatetime" ]
                                       } ]
                                    } ]
                                 }, {
                                    "value" : [ ", " ]
                                 }, {
                                    "r" : "95",
                                    "s" : [ {
                                       "r" : "94",
                                       "s" : [ {
                                          "value" : [ "SuicideRiskAssessment" ]
                                       } ]
                                    }, {
                                       "value" : [ "." ]
                                    }, {
                                       "r" : "95",
                                       "s" : [ {
                                          "value" : [ "relevantPeriod" ]
                                       } ]
                                    } ]
                                 }, {
                                    "value" : [ " )" ]
                                 } ]
                              } ]
                           }, {
                              "r" : "99",
                              "value" : [ " ","during"," " ]
                           }, {
                              "r" : "98",
                              "s" : [ {
                                 "r" : "97",
                                 "s" : [ {
                                    "value" : [ "NewOrRecurrentMDDEncounter" ]
                                 } ]
                              }, {
                                 "value" : [ "." ]
                              }, {
                                 "r" : "98",
                                 "s" : [ {
                                    "value" : [ "relevantPeriod" ]
                                 } ]
                              } ]
                           } ]
                        } ]
                     } ]
                  } ]
               }
            } ],
            "expression" : {
               "localId" : "101",
               "locator" : "44:3-46:172",
               "type" : "Query",
               "source" : [ {
                  "localId" : "88",
                  "locator" : "44:3-44:83",
                  "alias" : "NewOrRecurrentMDDEncounter",
                  "expression" : {
                     "localId" : "87",
                     "locator" : "44:3-44:56",
                     "name" : "New or Recurrent Major Depressive Disorder Encounter",
                     "type" : "ExpressionRef"
                  }
               } ],
               "relationship" : [ {
                  "localId" : "100",
                  "locator" : "45:5-46:172",
                  "alias" : "SuicideRiskAssessment",
                  "type" : "With",
                  "expression" : {
                     "localId" : "89",
                     "locator" : "45:10-45:75",
                     "dataType" : "{urn:healthit-gov:qdm:v5_6}PositiveInterventionPerformed",
                     "templateId" : "PositiveInterventionPerformed",
                     "codeProperty" : "code",
                     "codeComparator" : "~",
                     "type" : "Retrieve",
                     "codes" : {
                        "type" : "ToList",
                        "operand" : {
                           "locator" : "45:38-45:74",
                           "name" : "Suicide risk assessment (procedure)",
                           "type" : "CodeRef"
                        }
                     }
                  },
                  "suchThat" : {
                     "localId" : "99",
                     "locator" : "46:17-46:172",
                     "type" : "IncludedIn",
                     "operand" : [ {
                        "localId" : "96",
                        "locator" : "46:17-46:123",
                        "name" : "NormalizeInterval",
                        "libraryName" : "Global",
                        "type" : "FunctionRef",
                        "operand" : [ {
                           "localId" : "93",
                           "locator" : "46:46-46:83",
                           "path" : "relevantDatetime",
                           "scope" : "SuicideRiskAssessment",
                           "type" : "Property"
                        }, {
                           "localId" : "95",
                           "locator" : "46:86-46:121",
                           "path" : "relevantPeriod",
                           "scope" : "SuicideRiskAssessment",
                           "type" : "Property"
                        } ]
                     }, {
                        "localId" : "98",
                        "locator" : "46:132-46:172",
                        "path" : "relevantPeriod",
                        "scope" : "NewOrRecurrentMDDEncounter",
                        "type" : "Property"
                     } ]
                  }
               } ]
            }
         } ]
      }
   }
}