{
   "library" : {
      "annotation" : [ {
         "translatorOptions" : "EnableAnnotations,EnableLocators,DisableListDemotion,DisableListPromotion,DisableMethodInvocation",
         "type" : "CqlToElmInfo"
      }, {
         "type" : "Annotation",
         "s" : {
            "r" : "96",
            "s" : [ {
               "value" : [ "","library PrimaryCariesPreventionasOfferedbyDentists version '14.1.000'" ]
            } ]
         }
      } ],
      "identifier" : {
         "id" : "PrimaryCariesPreventionasOfferedbyDentists",
         "version" : "14.1.000"
      },
      "schemaIdentifier" : {
         "id" : "urn:hl7-org:elm",
         "version" : "r1"
      },
      "usings" : {
         "def" : [ {
            "localIdentifier" : "System",
            "uri" : "urn:hl7-org:elm-types:r1"
         }, {
            "localId" : "1",
            "locator" : "3:1-3:23",
            "localIdentifier" : "QDM",
            "uri" : "urn:healthit-gov:qdm:v5_6",
            "version" : "5.6",
            "annotation" : [ {
               "type" : "Annotation",
               "s" : {
                  "r" : "1",
                  "s" : [ {
                     "value" : [ "","using " ]
                  }, {
                     "s" : [ {
                        "value" : [ "QDM" ]
                     } ]
                  }, {
                     "value" : [ " version ","'5.6'" ]
                  } ]
               }
            } ]
         } ]
      },
      "includes" : {
         "def" : [ {
            "localId" : "2",
            "locator" : "5:1-5:67",
            "localIdentifier" : "Global",
            "path" : "MATGlobalCommonFunctionsQDM",
            "version" : "8.0.000",
            "annotation" : [ {
               "type" : "Annotation",
               "s" : {
                  "r" : "2",
                  "s" : [ {
                     "value" : [ "","include " ]
                  }, {
                     "s" : [ {
                        "value" : [ "MATGlobalCommonFunctionsQDM" ]
                     } ]
                  }, {
                     "value" : [ " version ","'8.0.000'"," called ","Global" ]
                  } ]
               }
            } ]
         }, {
            "localId" : "3",
            "locator" : "6:1-6:51",
            "localIdentifier" : "Hospice",
            "path" : "HospiceQDM",
            "version" : "6.0.000",
            "annotation" : [ {
               "type" : "Annotation",
               "s" : {
                  "r" : "3",
                  "s" : [ {
                     "value" : [ "","include " ]
                  }, {
                     "s" : [ {
                        "value" : [ "HospiceQDM" ]
                     } ]
                  }, {
                     "value" : [ " version ","'6.0.000'"," called ","Hospice" ]
                  } ]
               }
            } ]
         } ]
      },
      "parameters" : {
         "def" : [ {
            "localId" : "12",
            "locator" : "15:1-15:49",
            "name" : "Measurement Period",
            "accessLevel" : "Public",
            "annotation" : [ {
               "type" : "Annotation",
               "s" : {
                  "r" : "12",
                  "s" : [ {
                     "value" : [ "","parameter ","\"Measurement Period\""," " ]
                  }, {
                     "r" : "11",
                     "s" : [ {
                        "value" : [ "Interval<" ]
                     }, {
                        "r" : "10",
                        "s" : [ {
                           "value" : [ "DateTime" ]
                        } ]
                     }, {
                        "value" : [ ">" ]
                     } ]
                  } ]
               }
            } ],
            "parameterTypeSpecifier" : {
               "localId" : "11",
               "locator" : "15:32-15:49",
               "type" : "IntervalTypeSpecifier",
               "pointType" : {
                  "localId" : "10",
                  "locator" : "15:41-15:48",
                  "name" : "{urn:hl7-org:elm-types:r1}DateTime",
                  "type" : "NamedTypeSpecifier"
               }
            }
         } ]
      },
      "valueSets" : {
         "def" : [ {
            "localId" : "4",
            "locator" : "8:1-8:87",
            "name" : "Clinical Oral Evaluation",
            "id" : "urn:oid:2.16.840.1.113883.3.464.1003.125.12.1003",
            "accessLevel" : "Public",
            "annotation" : [ {
               "type" : "Annotation",
               "s" : {
                  "r" : "4",
                  "s" : [ {
                     "value" : [ "","valueset ","\"Clinical Oral Evaluation\"",": ","'urn:oid:2.16.840.1.113883.3.464.1003.125.12.1003'" ]
                  } ]
               }
            } ]
         }, {
            "localId" : "5",
            "locator" : "9:1-9:58",
            "name" : "Ethnicity",
            "id" : "urn:oid:2.16.840.1.114222.4.11.837",
            "accessLevel" : "Public",
            "annotation" : [ {
               "type" : "Annotation",
               "s" : {
                  "r" : "5",
                  "s" : [ {
                     "value" : [ "","valueset ","\"Ethnicity\"",": ","'urn:oid:2.16.840.1.114222.4.11.837'" ]
                  } ]
               }
            } ]
         }, {
            "localId" : "6",
            "locator" : "10:1-10:104",
            "name" : "Fluoride Varnish Application for Children",
            "id" : "urn:oid:2.16.840.1.113883.3.464.1003.125.12.1002",
            "accessLevel" : "Public",
            "annotation" : [ {
               "type" : "Annotation",
               "s" : {
                  "r" : "6",
                  "s" : [ {
                     "value" : [ "","valueset ","\"Fluoride Varnish Application for Children\"",": ","'urn:oid:2.16.840.1.113883.3.464.1003.125.12.1002'" ]
                  } ]
               }
            } ]
         }, {
            "localId" : "7",
            "locator" : "11:1-11:68",
            "name" : "ONC Administrative Sex",
            "id" : "urn:oid:2.16.840.1.113762.1.4.1",
            "accessLevel" : "Public",
            "annotation" : [ {
               "type" : "Annotation",
               "s" : {
                  "r" : "7",
                  "s" : [ {
                     "value" : [ "","valueset ","\"ONC Administrative Sex\"",": ","'urn:oid:2.16.840.1.113762.1.4.1'" ]
                  } ]
               }
            } ]
         }, {
            "localId" : "8",
            "locator" : "12:1-12:60",
            "name" : "Payer Type",
            "id" : "urn:oid:2.16.840.1.114222.4.11.3591",
            "accessLevel" : "Public",
            "annotation" : [ {
               "type" : "Annotation",
               "s" : {
                  "r" : "8",
                  "s" : [ {
                     "value" : [ "","valueset ","\"Payer Type\"",": ","'urn:oid:2.16.840.1.114222.4.11.3591'" ]
                  } ]
               }
            } ]
         }, {
            "localId" : "9",
            "locator" : "13:1-13:53",
            "name" : "Race",
            "id" : "urn:oid:2.16.840.1.114222.4.11.836",
            "accessLevel" : "Public",
            "annotation" : [ {
               "type" : "Annotation",
               "s" : {
                  "r" : "9",
                  "s" : [ {
                     "value" : [ "","valueset ","\"Race\"",": ","'urn:oid:2.16.840.1.114222.4.11.836'" ]
                  } ]
               }
            } ]
         } ]
      },
      "contexts" : {
         "def" : [ {
            "locator" : "17:1-17:15",
            "name" : "Patient"
         } ]
      },
      "statements" : {
         "def" : [ {
            "locator" : "17:1-17:15",
            "name" : "Patient",
            "context" : "Patient",
            "expression" : {
               "type" : "SingletonFrom",
               "operand" : {
                  "locator" : "17:1-17:15",
                  "dataType" : "{urn:healthit-gov:qdm:v5_6}Patient",
                  "templateId" : "Patient",
                  "type" : "Retrieve"
               }
            }
         }, {
            "localId" : "14",
            "locator" : "19:1-20:51",
            "name" : "SDE Ethnicity",
            "context" : "Patient",
            "accessLevel" : "Public",
            "annotation" : [ {
               "type" : "Annotation",
               "s" : {
                  "r" : "14",
                  "s" : [ {
                     "value" : [ "","define ","\"SDE Ethnicity\"",":\n  " ]
                  }, {
                     "r" : "13",
                     "s" : [ {
                        "value" : [ "[","\"Patient Characteristic Ethnicity\"",": " ]
                     }, {
                        "s" : [ {
                           "value" : [ "\"Ethnicity\"" ]
                        } ]
                     }, {
                        "value" : [ "]" ]
                     } ]
                  } ]
               }
            } ],
            "expression" : {
               "localId" : "13",
               "locator" : "20:3-20:51",
               "dataType" : "{urn:healthit-gov:qdm:v5_6}PatientCharacteristicEthnicity",
               "codeProperty" : "code",
               "codeComparator" : "in",
               "type" : "Retrieve",
               "codes" : {
                  "locator" : "20:40-20:50",
                  "name" : "Ethnicity",
                  "preserve" : true,
                  "type" : "ValueSetRef"
               }
            }
         }, {
            "localId" : "16",
            "locator" : "22:1-23:48",
            "name" : "SDE Payer",
            "context" : "Patient",
            "accessLevel" : "Public",
            "annotation" : [ {
               "type" : "Annotation",
               "s" : {
                  "r" : "16",
                  "s" : [ {
                     "value" : [ "","define ","\"SDE Payer\"",":\n  " ]
                  }, {
                     "r" : "15",
                     "s" : [ {
                        "value" : [ "[","\"Patient Characteristic Payer\"",": " ]
                     }, {
                        "s" : [ {
                           "value" : [ "\"Payer Type\"" ]
                        } ]
                     }, {
                        "value" : [ "]" ]
                     } ]
                  } ]
               }
            } ],
            "expression" : {
               "localId" : "15",
               "locator" : "23:3-23:48",
               "dataType" : "{urn:healthit-gov:qdm:v5_6}PatientCharacteristicPayer",
               "codeProperty" : "code",
               "codeComparator" : "in",
               "type" : "Retrieve",
               "codes" : {
                  "locator" : "23:36-23:47",
                  "name" : "Payer Type",
                  "preserve" : true,
                  "type" : "ValueSetRef"
               }
            }
         }, {
            "localId" : "18",
            "locator" : "25:1-26:41",
            "name" : "SDE Race",
            "context" : "Patient",
            "accessLevel" : "Public",
            "annotation" : [ {
               "type" : "Annotation",
               "s" : {
                  "r" : "18",
                  "s" : [ {
                     "value" : [ "","define ","\"SDE Race\"",":\n  " ]
                  }, {
                     "r" : "17",
                     "s" : [ {
                        "value" : [ "[","\"Patient Characteristic Race\"",": " ]
                     }, {
                        "s" : [ {
                           "value" : [ "\"Race\"" ]
                        } ]
                     }, {
                        "value" : [ "]" ]
                     } ]
                  } ]
               }
            } ],
            "expression" : {
               "localId" : "17",
               "locator" : "26:3-26:41",
               "dataType" : "{urn:healthit-gov:qdm:v5_6}PatientCharacteristicRace",
               "codeProperty" : "code",
               "codeComparator" : "in",
               "type" : "Retrieve",
               "codes" : {
                  "locator" : "26:35-26:40",
                  "name" : "Race",
                  "preserve" : true,
                  "type" : "ValueSetRef"
               }
            }
         }, {
            "localId" : "20",
            "locator" : "28:1-29:58",
            "name" : "SDE Sex",
            "context" : "Patient",
            "accessLevel" : "Public",
            "annotation" : [ {
               "type" : "Annotation",
               "s" : {
                  "r" : "20",
                  "s" : [ {
                     "value" : [ "","define ","\"SDE Sex\"",":\n  " ]
                  }, {
                     "r" : "19",
                     "s" : [ {
                        "value" : [ "[","\"Patient Characteristic Sex\"",": " ]
                     }, {
                        "s" : [ {
                           "value" : [ "\"ONC Administrative Sex\"" ]
                        } ]
                     }, {
                        "value" : [ "]" ]
                     } ]
                  } ]
               }
            } ],
            "expression" : {
               "localId" : "19",
               "locator" : "29:3-29:58",
               "dataType" : "{urn:healthit-gov:qdm:v5_6}PatientCharacteristicSex",
               "codeProperty" : "code",
               "codeComparator" : "in",
               "type" : "Retrieve",
               "codes" : {
                  "locator" : "29:34-29:57",
                  "name" : "ONC Administrative Sex",
                  "preserve" : true,
                  "type" : "ValueSetRef"
               }
            }
         }, {
            "localId" : "36",
            "locator" : "43:1-45:74",
            "name" : "Qualifying Encounters",
            "context" : "Patient",
            "accessLevel" : "Public",
            "annotation" : [ {
               "type" : "Annotation",
               "s" : {
                  "r" : "36",
                  "s" : [ {
                     "value" : [ "","define ","\"Qualifying Encounters\"",":\n  " ]
                  }, {
                     "r" : "35",
                     "s" : [ {
                        "s" : [ {
                           "r" : "30",
                           "s" : [ {
                              "r" : "29",
                              "s" : [ {
                                 "r" : "29",
                                 "s" : [ {
                                    "value" : [ "[","\"Encounter, Performed\"",": " ]
                                 }, {
                                    "s" : [ {
                                       "value" : [ "\"Clinical Oral Evaluation\"" ]
                                    } ]
                                 }, {
                                    "value" : [ "]" ]
                                 } ]
                              } ]
                           }, {
                              "value" : [ " ","ValidEncounter" ]
                           } ]
                        } ]
                     }, {
                        "value" : [ "\n    " ]
                     }, {
                        "r" : "34",
                        "s" : [ {
                           "value" : [ "where " ]
                        }, {
                           "r" : "34",
                           "s" : [ {
                              "r" : "32",
                              "s" : [ {
                                 "r" : "31",
                                 "s" : [ {
                                    "value" : [ "ValidEncounter" ]
                                 } ]
                              }, {
                                 "value" : [ "." ]
                              }, {
                                 "r" : "32",
                                 "s" : [ {
                                    "value" : [ "relevantPeriod" ]
                                 } ]
                              } ]
                           }, {
                              "r" : "34",
                              "value" : [ " ","during day of"," " ]
                           }, {
                              "r" : "33",
                              "s" : [ {
                                 "value" : [ "\"Measurement Period\"" ]
                              } ]
                           } ]
                        } ]
                     } ]
                  } ]
               }
            } ],
            "expression" : {
               "localId" : "35",
               "locator" : "44:3-45:74",
               "type" : "Query",
               "source" : [ {
                  "localId" : "30",
                  "locator" : "44:3-44:69",
                  "alias" : "ValidEncounter",
                  "expression" : {
                     "localId" : "29",
                     "locator" : "44:3-44:54",
                     "dataType" : "{urn:healthit-gov:qdm:v5_6}PositiveEncounterPerformed",
                     "templateId" : "PositiveEncounterPerformed",
                     "codeProperty" : "code",
                     "codeComparator" : "in",
                     "type" : "Retrieve",
                     "codes" : {
                        "locator" : "44:28-44:53",
                        "name" : "Clinical Oral Evaluation",
                        "preserve" : true,
                        "type" : "ValueSetRef"
                     }
                  }
               } ],
               "relationship" : [ ],
               "where" : {
                  "localId" : "34",
                  "locator" : "45:5-45:74",
                  "precision" : "Day",
                  "type" : "IncludedIn",
                  "operand" : [ {
                     "localId" : "32",
                     "locator" : "45:11-45:39",
                     "path" : "relevantPeriod",
                     "scope" : "ValidEncounter",
                     "type" : "Property"
                  }, {
                     "localId" : "33",
                     "locator" : "45:55-45:74",
                     "name" : "Measurement Period",
                     "type" : "ParameterRef"
                  } ]
               }
            }
         }, {
            "localId" : "40",
            "locator" : "47:1-49:42",
            "name" : "Initial Population",
            "context" : "Patient",
            "accessLevel" : "Public",
            "annotation" : [ {
               "type" : "Annotation",
               "s" : {
                  "r" : "40",
                  "s" : [ {
                     "value" : [ "","define ","\"Initial Population\"",":\n  " ]
                  }, {
                     "r" : "39",
                     "s" : [ {
                        "r" : "28",
                        "s" : [ {
                           "r" : "24",
                           "s" : [ {
                              "value" : [ "AgeInYearsAt","(" ]
                           }, {
                              "r" : "23",
                              "s" : [ {
                                 "value" : [ "date from " ]
                              }, {
                                 "r" : "22",
                                 "s" : [ {
                                    "value" : [ "start of " ]
                                 }, {
                                    "r" : "21",
                                    "s" : [ {
                                       "value" : [ "\"Measurement Period\"" ]
                                    } ]
                                 } ]
                              } ]
                           }, {
                              "value" : [ ")" ]
                           } ]
                        }, {
                           "value" : [ " in " ]
                        }, {
                           "r" : "27",
                           "s" : [ {
                              "r" : "25",
                              "value" : [ "Interval[","1",", ","20","]" ]
                           } ]
                        } ]
                     }, {
                        "value" : [ "\n    and " ]
                     }, {
                        "r" : "38",
                        "s" : [ {
                           "value" : [ "exists " ]
                        }, {
                           "r" : "37",
                           "s" : [ {
                              "value" : [ "( " ]
                           }, {
                              "r" : "37",
                              "s" : [ {
                                 "value" : [ "\"Qualifying Encounters\"" ]
                              } ]
                           }, {
                              "value" : [ " )" ]
                           } ]
                        } ]
                     } ]
                  } ]
               }
            } ],
            "expression" : {
               "localId" : "39",
               "locator" : "48:3-49:42",
               "type" : "And",
               "operand" : [ {
                  "localId" : "28",
                  "locator" : "48:3-48:74",
                  "type" : "In",
                  "operand" : [ {
                     "localId" : "24",
                     "locator" : "48:3-48:55",
                     "precision" : "Year",
                     "type" : "CalculateAgeAt",
                     "operand" : [ {
                        "type" : "ToDate",
                        "operand" : {
                           "path" : "birthDatetime",
                           "type" : "Property",
                           "source" : {
                              "name" : "Patient",
                              "type" : "ExpressionRef"
                           }
                        }
                     }, {
                        "localId" : "23",
                        "locator" : "48:16-48:54",
                        "type" : "DateFrom",
                        "operand" : {
                           "localId" : "22",
                           "locator" : "48:26-48:54",
                           "type" : "Start",
                           "operand" : {
                              "localId" : "21",
                              "locator" : "48:35-48:54",
                              "name" : "Measurement Period",
                              "type" : "ParameterRef"
                           }
                        }
                     } ]
                  }, {
                     "localId" : "27",
                     "locator" : "48:60-48:74",
                     "lowClosed" : true,
                     "highClosed" : true,
                     "type" : "Interval",
                     "low" : {
                        "localId" : "25",
                        "locator" : "48:69",
                        "valueType" : "{urn:hl7-org:elm-types:r1}Integer",
                        "value" : "1",
                        "type" : "Literal"
                     },
                     "high" : {
                        "localId" : "26",
                        "locator" : "48:72-48:73",
                        "valueType" : "{urn:hl7-org:elm-types:r1}Integer",
                        "value" : "20",
                        "type" : "Literal"
                     }
                  } ]
               }, {
                  "localId" : "38",
                  "locator" : "49:9-49:42",
                  "type" : "Exists",
                  "operand" : {
                     "localId" : "37",
                     "locator" : "49:16-49:42",
                     "name" : "Qualifying Encounters",
                     "type" : "ExpressionRef"
                  }
               } ]
            }
         }, {
            "localId" : "42",
            "locator" : "31:1-32:22",
            "name" : "Denominator",
            "context" : "Patient",
            "accessLevel" : "Public",
            "annotation" : [ {
               "type" : "Annotation",
               "s" : {
                  "r" : "42",
                  "s" : [ {
                     "value" : [ "","define ","\"Denominator\"",":\n  " ]
                  }, {
                     "r" : "41",
                     "s" : [ {
                        "value" : [ "\"Initial Population\"" ]
                     } ]
                  } ]
               }
            } ],
            "expression" : {
               "localId" : "41",
               "locator" : "32:3-32:22",
               "name" : "Initial Population",
               "type" : "ExpressionRef"
            }
         }, {
            "localId" : "51",
            "locator" : "34:1-35:73",
            "name" : "Stratification 1",
            "context" : "Patient",
            "accessLevel" : "Public",
            "annotation" : [ {
               "type" : "Annotation",
               "s" : {
                  "r" : "51",
                  "s" : [ {
                     "value" : [ "","define ","\"Stratification 1\"",":\n  " ]
                  }, {
                     "r" : "50",
                     "s" : [ {
                        "r" : "46",
                        "s" : [ {
                           "value" : [ "AgeInYearsAt","(" ]
                        }, {
                           "r" : "45",
                           "s" : [ {
                              "value" : [ "date from " ]
                           }, {
                              "r" : "44",
                              "s" : [ {
                                 "value" : [ "start of " ]
                              }, {
                                 "r" : "43",
                                 "s" : [ {
                                    "value" : [ "\"Measurement Period\"" ]
                                 } ]
                              } ]
                           } ]
                        }, {
                           "value" : [ ")" ]
                        } ]
                     }, {
                        "value" : [ " in " ]
                     }, {
                        "r" : "49",
                        "s" : [ {
                           "r" : "47",
                           "value" : [ "Interval[","1",", ","5","]" ]
                        } ]
                     } ]
                  } ]
               }
            } ],
            "expression" : {
               "localId" : "50",
               "locator" : "35:3-35:73",
               "type" : "In",
               "operand" : [ {
                  "localId" : "46",
                  "locator" : "35:3-35:55",
                  "precision" : "Year",
                  "type" : "CalculateAgeAt",
                  "operand" : [ {
                     "type" : "ToDate",
                     "operand" : {
                        "path" : "birthDatetime",
                        "type" : "Property",
                        "source" : {
                           "name" : "Patient",
                           "type" : "ExpressionRef"
                        }
                     }
                  }, {
                     "localId" : "45",
                     "locator" : "35:16-35:54",
                     "type" : "DateFrom",
                     "operand" : {
                        "localId" : "44",
                        "locator" : "35:26-35:54",
                        "type" : "Start",
                        "operand" : {
                           "localId" : "43",
                           "locator" : "35:35-35:54",
                           "name" : "Measurement Period",
                           "type" : "ParameterRef"
                        }
                     }
                  } ]
               }, {
                  "localId" : "49",
                  "locator" : "35:60-35:73",
                  "lowClosed" : true,
                  "highClosed" : true,
                  "type" : "Interval",
                  "low" : {
                     "localId" : "47",
                     "locator" : "35:69",
                     "valueType" : "{urn:hl7-org:elm-types:r1}Integer",
                     "value" : "1",
                     "type" : "Literal"
                  },
                  "high" : {
                     "localId" : "48",
                     "locator" : "35:72",
                     "valueType" : "{urn:hl7-org:elm-types:r1}Integer",
                     "value" : "5",
                     "type" : "Literal"
                  }
               } ]
            }
         }, {
            "localId" : "60",
            "locator" : "37:1-38:74",
            "name" : "Stratification 2",
            "context" : "Patient",
            "accessLevel" : "Public",
            "annotation" : [ {
               "type" : "Annotation",
               "s" : {
                  "r" : "60",
                  "s" : [ {
                     "value" : [ "","define ","\"Stratification 2\"",":\n  " ]
                  }, {
                     "r" : "59",
                     "s" : [ {
                        "r" : "55",
                        "s" : [ {
                           "value" : [ "AgeInYearsAt","(" ]
                        }, {
                           "r" : "54",
                           "s" : [ {
                              "value" : [ "date from " ]
                           }, {
                              "r" : "53",
                              "s" : [ {
                                 "value" : [ "start of " ]
                              }, {
                                 "r" : "52",
                                 "s" : [ {
                                    "value" : [ "\"Measurement Period\"" ]
                                 } ]
                              } ]
                           } ]
                        }, {
                           "value" : [ ")" ]
                        } ]
                     }, {
                        "value" : [ " in " ]
                     }, {
                        "r" : "58",
                        "s" : [ {
                           "r" : "56",
                           "value" : [ "Interval[","6",", ","12","]" ]
                        } ]
                     } ]
                  } ]
               }
            } ],
            "expression" : {
               "localId" : "59",
               "locator" : "38:3-38:74",
               "type" : "In",
               "operand" : [ {
                  "localId" : "55",
                  "locator" : "38:3-38:55",
                  "precision" : "Year",
                  "type" : "CalculateAgeAt",
                  "operand" : [ {
                     "type" : "ToDate",
                     "operand" : {
                        "path" : "birthDatetime",
                        "type" : "Property",
                        "source" : {
                           "name" : "Patient",
                           "type" : "ExpressionRef"
                        }
                     }
                  }, {
                     "localId" : "54",
                     "locator" : "38:16-38:54",
                     "type" : "DateFrom",
                     "operand" : {
                        "localId" : "53",
                        "locator" : "38:26-38:54",
                        "type" : "Start",
                        "operand" : {
                           "localId" : "52",
                           "locator" : "38:35-38:54",
                           "name" : "Measurement Period",
                           "type" : "ParameterRef"
                        }
                     }
                  } ]
               }, {
                  "localId" : "58",
                  "locator" : "38:60-38:74",
                  "lowClosed" : true,
                  "highClosed" : true,
                  "type" : "Interval",
                  "low" : {
                     "localId" : "56",
                     "locator" : "38:69",
                     "valueType" : "{urn:hl7-org:elm-types:r1}Integer",
                     "value" : "6",
                     "type" : "Literal"
                  },
                  "high" : {
                     "localId" : "57",
                     "locator" : "38:72-38:73",
                     "valueType" : "{urn:hl7-org:elm-types:r1}Integer",
                     "value" : "12",
                     "type" : "Literal"
                  }
               } ]
            }
         }, {
            "localId" : "69",
            "locator" : "40:1-41:75",
            "name" : "Stratification 3",
            "context" : "Patient",
            "accessLevel" : "Public",
            "annotation" : [ {
               "type" : "Annotation",
               "s" : {
                  "r" : "69",
                  "s" : [ {
                     "value" : [ "","define ","\"Stratification 3\"",":\n  " ]
                  }, {
                     "r" : "68",
                     "s" : [ {
                        "r" : "64",
                        "s" : [ {
                           "value" : [ "AgeInYearsAt","(" ]
                        }, {
                           "r" : "63",
                           "s" : [ {
                              "value" : [ "date from " ]
                           }, {
                              "r" : "62",
                              "s" : [ {
                                 "value" : [ "start of " ]
                              }, {
                                 "r" : "61",
                                 "s" : [ {
                                    "value" : [ "\"Measurement Period\"" ]
                                 } ]
                              } ]
                           } ]
                        }, {
                           "value" : [ ")" ]
                        } ]
                     }, {
                        "value" : [ " in " ]
                     }, {
                        "r" : "67",
                        "s" : [ {
                           "r" : "65",
                           "value" : [ "Interval[","13",", ","20","]" ]
                        } ]
                     } ]
                  } ]
               }
            } ],
            "expression" : {
               "localId" : "68",
               "locator" : "41:3-41:75",
               "type" : "In",
               "operand" : [ {
                  "localId" : "64",
                  "locator" : "41:3-41:55",
                  "precision" : "Year",
                  "type" : "CalculateAgeAt",
                  "operand" : [ {
                     "type" : "ToDate",
                     "operand" : {
                        "path" : "birthDatetime",
                        "type" : "Property",
                        "source" : {
                           "name" : "Patient",
                           "type" : "ExpressionRef"
                        }
                     }
                  }, {
                     "localId" : "63",
                     "locator" : "41:16-41:54",
                     "type" : "DateFrom",
                     "operand" : {
                        "localId" : "62",
                        "locator" : "41:26-41:54",
                        "type" : "Start",
                        "operand" : {
                           "localId" : "61",
                           "locator" : "41:35-41:54",
                           "name" : "Measurement Period",
                           "type" : "ParameterRef"
                        }
                     }
                  } ]
               }, {
                  "localId" : "67",
                  "locator" : "41:60-41:75",
                  "lowClosed" : true,
                  "highClosed" : true,
                  "type" : "Interval",
                  "low" : {
                     "localId" : "65",
                     "locator" : "41:69-41:70",
                     "valueType" : "{urn:hl7-org:elm-types:r1}Integer",
                     "value" : "13",
                     "type" : "Literal"
                  },
                  "high" : {
                     "localId" : "66",
                     "locator" : "41:73-41:74",
                     "valueType" : "{urn:hl7-org:elm-types:r1}Integer",
                     "value" : "20",
                     "type" : "Literal"
                  }
               } ]
            }
         }, {
            "localId" : "72",
            "locator" : "51:1-52:32",
            "name" : "Denominator Exclusions",
            "context" : "Patient",
            "accessLevel" : "Public",
            "annotation" : [ {
               "type" : "Annotation",
               "s" : {
                  "r" : "72",
                  "s" : [ {
                     "value" : [ "","define ","\"Denominator Exclusions\"",":\n  " ]
                  }, {
                     "r" : "71",
                     "s" : [ {
                        "r" : "70",
                        "s" : [ {
                           "value" : [ "Hospice" ]
                        } ]
                     }, {
                        "value" : [ "." ]
                     }, {
                        "r" : "71",
                        "s" : [ {
                           "value" : [ "\"Has Hospice Services\"" ]
                        } ]
                     } ]
                  } ]
               }
            } ],
            "expression" : {
               "localId" : "71",
               "locator" : "52:3-52:32",
               "name" : "Has Hospice Services",
               "libraryName" : "Hospice",
               "type" : "ExpressionRef"
            }
         }, {
            "localId" : "96",
            "locator" : "54:1-59:8",
            "name" : "Numerator",
            "context" : "Patient",
            "accessLevel" : "Public",
            "annotation" : [ {
               "type" : "Annotation",
               "s" : {
                  "r" : "96",
                  "s" : [ {
                     "value" : [ "","define ","\"Numerator\"",":\n  " ]
                  }, {
                     "r" : "95",
                     "s" : [ {
                        "r" : "93",
                        "s" : [ {
                           "value" : [ "Count","(" ]
                        }, {
                           "r" : "92",
                           "s" : [ {
                              "s" : [ {
                                 "r" : "74",
                                 "s" : [ {
                                    "r" : "73",
                                    "s" : [ {
                                       "r" : "73",
                                       "s" : [ {
                                          "value" : [ "[","\"Procedure, Performed\"",": " ]
                                       }, {
                                          "s" : [ {
                                             "value" : [ "\"Fluoride Varnish Application for Children\"" ]
                                          } ]
                                       }, {
                                          "value" : [ "]" ]
                                       } ]
                                    } ]
                                 }, {
                                    "value" : [ " ","FluorideApplication" ]
                                 } ]
                              } ]
                           }, {
                              "value" : [ "\n      " ]
                           }, {
                              "r" : "82",
                              "s" : [ {
                                 "value" : [ "where " ]
                              }, {
                                 "r" : "82",
                                 "s" : [ {
                                    "r" : "80",
                                    "s" : [ {
                                       "r" : "75",
                                       "s" : [ {
                                          "value" : [ "Global" ]
                                       } ]
                                    }, {
                                       "value" : [ "." ]
                                    }, {
                                       "r" : "80",
                                       "s" : [ {
                                          "value" : [ "\"NormalizeInterval\"","(" ]
                                       }, {
                                          "r" : "77",
                                          "s" : [ {
                                             "r" : "76",
                                             "s" : [ {
                                                "value" : [ "FluorideApplication" ]
                                             } ]
                                          }, {
                                             "value" : [ "." ]
                                          }, {
                                             "r" : "77",
                                             "s" : [ {
                                                "value" : [ "relevantDatetime" ]
                                             } ]
                                          } ]
                                       }, {
                                          "value" : [ ", " ]
                                       }, {
                                          "r" : "79",
                                          "s" : [ {
                                             "r" : "78",
                                             "s" : [ {
                                                "value" : [ "FluorideApplication" ]
                                             } ]
                                          }, {
                                             "value" : [ "." ]
                                          }, {
                                             "r" : "79",
                                             "s" : [ {
                                                "value" : [ "relevantPeriod" ]
                                             } ]
                                          } ]
                                       }, {
                                          "value" : [ ")" ]
                                       } ]
                                    } ]
                                 }, {
                                    "r" : "82",
                                    "value" : [ " ","ends during day of"," " ]
                                 }, {
                                    "r" : "81",
                                    "s" : [ {
                                       "value" : [ "\"Measurement Period\"" ]
                                    } ]
                                 } ]
                              } ]
                           }, {
                              "value" : [ "\n      " ]
                           }, {
                              "r" : "91",
                              "s" : [ {
                                 "value" : [ "return distinct " ]
                              }, {
                                 "r" : "90",
                                 "s" : [ {
                                    "value" : [ "date from \n      " ]
                                 }, {
                                    "r" : "89",
                                    "s" : [ {
                                       "value" : [ "end of " ]
                                    }, {
                                       "r" : "88",
                                       "s" : [ {
                                          "r" : "83",
                                          "s" : [ {
                                             "value" : [ "Global" ]
                                          } ]
                                       }, {
                                          "value" : [ "." ]
                                       }, {
                                          "r" : "88",
                                          "s" : [ {
                                             "value" : [ "\"NormalizeInterval\"","(" ]
                                          }, {
                                             "r" : "85",
                                             "s" : [ {
                                                "r" : "84",
                                                "s" : [ {
                                                   "value" : [ "FluorideApplication" ]
                                                } ]
                                             }, {
                                                "value" : [ "." ]
                                             }, {
                                                "r" : "85",
                                                "s" : [ {
                                                   "value" : [ "relevantDatetime" ]
                                                } ]
                                             } ]
                                          }, {
                                             "value" : [ ", " ]
                                          }, {
                                             "r" : "87",
                                             "s" : [ {
                                                "r" : "86",
                                                "s" : [ {
                                                   "value" : [ "FluorideApplication" ]
                                                } ]
                                             }, {
                                                "value" : [ "." ]
                                             }, {
                                                "r" : "87",
                                                "s" : [ {
                                                   "value" : [ "relevantPeriod" ]
                                                } ]
                                             } ]
                                          }, {
                                             "value" : [ ")" ]
                                          } ]
                                       } ]
                                    } ]
                                 } ]
                              } ]
                           } ]
                        }, {
                           "value" : [ "\n  )" ]
                        } ]
                     }, {
                        "r" : "94",
                        "value" : [ " ",">="," ","2" ]
                     } ]
                  } ]
               }
            } ],
            "expression" : {
               "localId" : "95",
               "locator" : "55:3-59:8",
               "type" : "GreaterOrEqual",
               "operand" : [ {
                  "localId" : "93",
                  "locator" : "55:3-59:3",
                  "type" : "Count",
                  "source" : {
                     "localId" : "92",
                     "locator" : "55:9-58:113",
                     "type" : "Query",
                     "source" : [ {
                        "localId" : "74",
                        "locator" : "55:9-55:97",
                        "alias" : "FluorideApplication",
                        "expression" : {
                           "localId" : "73",
                           "locator" : "55:9-55:77",
                           "dataType" : "{urn:healthit-gov:qdm:v5_6}PositiveProcedurePerformed",
                           "templateId" : "PositiveProcedurePerformed",
                           "codeProperty" : "code",
                           "codeComparator" : "in",
                           "type" : "Retrieve",
                           "codes" : {
                              "locator" : "55:34-55:76",
                              "name" : "Fluoride Varnish Application for Children",
                              "preserve" : true,
                              "type" : "ValueSetRef"
                           }
                        }
                     } ],
                     "relationship" : [ ],
                     "where" : {
                        "localId" : "82",
                        "locator" : "56:7-56:152",
                        "precision" : "Day",
                        "type" : "In",
                        "operand" : [ {
                           "locator" : "56:114-56:117",
                           "type" : "End",
                           "operand" : {
                              "localId" : "80",
                              "locator" : "56:13-56:112",
                              "name" : "NormalizeInterval",
                              "libraryName" : "Global",
                              "type" : "FunctionRef",
                              "operand" : [ {
                                 "localId" : "77",
                                 "locator" : "56:40-56:75",
                                 "path" : "relevantDatetime",
                                 "scope" : "FluorideApplication",
                                 "type" : "Property"
                              }, {
                                 "localId" : "79",
                                 "locator" : "56:78-56:111",
                                 "path" : "relevantPeriod",
                                 "scope" : "FluorideApplication",
                                 "type" : "Property"
                              } ]
                           }
                        }, {
                           "localId" : "81",
                           "locator" : "56:133-56:152",
                           "name" : "Measurement Period",
                           "type" : "ParameterRef"
                        } ]
                     },
                     "return" : {
                        "localId" : "91",
                        "locator" : "57:7-58:113",
                        "distinct" : true,
                        "expression" : {
                           "localId" : "90",
                           "locator" : "57:23-58:113",
                           "type" : "DateFrom",
                           "operand" : {
                              "localId" : "89",
                              "locator" : "58:7-58:113",
                              "type" : "End",
                              "operand" : {
                                 "localId" : "88",
                                 "locator" : "58:14-58:113",
                                 "name" : "NormalizeInterval",
                                 "libraryName" : "Global",
                                 "type" : "FunctionRef",
                                 "operand" : [ {
                                    "localId" : "85",
                                    "locator" : "58:41-58:76",
                                    "path" : "relevantDatetime",
                                    "scope" : "FluorideApplication",
                                    "type" : "Property"
                                 }, {
                                    "localId" : "87",
                                    "locator" : "58:79-58:112",
                                    "path" : "relevantPeriod",
                                    "scope" : "FluorideApplication",
                                    "type" : "Property"
                                 } ]
                              }
                           }
                        }
                     }
                  }
               }, {
                  "localId" : "94",
                  "locator" : "59:8",
                  "valueType" : "{urn:hl7-org:elm-types:r1}Integer",
                  "value" : "2",
                  "type" : "Literal"
               } ]
            }
         } ]
      }
   }
}