{
   "library" : {
      "annotation" : [ {
         "translatorOptions" : "EnableAnnotations,EnableLocators,DisableListDemotion,DisableListPromotion,DisableMethodInvocation",
         "type" : "CqlToElmInfo"
      }, {
         "type" : "Annotation",
         "s" : {
            "r" : "140",
            "s" : [ {
               "value" : [ "","library HIVSTITesting version '1.1.000'" ]
            } ]
         }
      } ],
      "identifier" : {
         "id" : "HIVSTITesting",
         "version" : "1.1.000"
      },
      "schemaIdentifier" : {
         "id" : "urn:hl7-org:elm",
         "version" : "r1"
      },
      "usings" : {
         "def" : [ {
            "localIdentifier" : "System",
            "uri" : "urn:hl7-org:elm-types:r1"
         }, {
            "localId" : "1",
            "locator" : "3:1-3:23",
            "localIdentifier" : "QDM",
            "uri" : "urn:healthit-gov:qdm:v5_6",
            "version" : "5.6",
            "annotation" : [ {
               "type" : "Annotation",
               "s" : {
                  "r" : "1",
                  "s" : [ {
                     "value" : [ "","using " ]
                  }, {
                     "s" : [ {
                        "value" : [ "QDM" ]
                     } ]
                  }, {
                     "value" : [ " version ","'5.6'" ]
                  } ]
               }
            } ]
         } ]
      },
      "includes" : {
         "def" : [ {
            "localId" : "2",
            "locator" : "5:1-5:64",
            "localIdentifier" : "Global",
            "path" : "MATGlobalCommonFunctions",
            "version" : "7.0.000",
            "annotation" : [ {
               "type" : "Annotation",
               "s" : {
                  "r" : "2",
                  "s" : [ {
                     "value" : [ "","include " ]
                  }, {
                     "s" : [ {
                        "value" : [ "MATGlobalCommonFunctions" ]
                     } ]
                  }, {
                     "value" : [ " version ","'7.0.000'"," called ","Global" ]
                  } ]
               }
            } ]
         } ]
      },
      "parameters" : {
         "def" : [ {
            "localId" : "26",
            "locator" : "30:1-30:49",
            "name" : "Measurement Period",
            "accessLevel" : "Public",
            "annotation" : [ {
               "type" : "Annotation",
               "s" : {
                  "r" : "26",
                  "s" : [ {
                     "value" : [ "","parameter ","\"Measurement Period\""," " ]
                  }, {
                     "r" : "25",
                     "s" : [ {
                        "value" : [ "Interval<" ]
                     }, {
                        "r" : "24",
                        "s" : [ {
                           "value" : [ "DateTime" ]
                        } ]
                     }, {
                        "value" : [ ">" ]
                     } ]
                  } ]
               }
            } ],
            "parameterTypeSpecifier" : {
               "localId" : "25",
               "locator" : "30:32-30:49",
               "type" : "IntervalTypeSpecifier",
               "pointType" : {
                  "localId" : "24",
                  "locator" : "30:41-30:48",
                  "name" : "{urn:hl7-org:elm-types:r1}DateTime",
                  "type" : "NamedTypeSpecifier"
               }
            }
         } ]
      },
      "codeSystems" : {
         "def" : [ {
            "localId" : "3",
            "locator" : "7:1-7:50",
            "name" : "CPT",
            "id" : "urn:oid:2.16.840.1.113883.6.12",
            "accessLevel" : "Public",
            "annotation" : [ {
               "type" : "Annotation",
               "s" : {
                  "r" : "3",
                  "s" : [ {
                     "value" : [ "","codesystem ","\"CPT\"",": ","'urn:oid:2.16.840.1.113883.6.12'" ]
                  } ]
               }
            } ]
         } ]
      },
      "valueSets" : {
         "def" : [ {
            "localId" : "4",
            "locator" : "9:1-9:74",
            "name" : "Annual Wellness Visit",
            "id" : "urn:oid:2.16.840.1.113883.3.526.3.1240",
            "accessLevel" : "Public",
            "annotation" : [ {
               "type" : "Annotation",
               "s" : {
                  "r" : "4",
                  "s" : [ {
                     "value" : [ "","valueset ","\"Annual Wellness Visit\"",": ","'urn:oid:2.16.840.1.113883.3.526.3.1240'" ]
                  } ]
               }
            } ]
         }, {
            "localId" : "5",
            "locator" : "10:1-10:82",
            "name" : "Chlamydia Screening",
            "id" : "urn:oid:2.16.840.1.113883.3.464.1003.110.12.1052",
            "accessLevel" : "Public",
            "annotation" : [ {
               "type" : "Annotation",
               "s" : {
                  "r" : "5",
                  "s" : [ {
                     "value" : [ "","valueset ","\"Chlamydia Screening\"",": ","'urn:oid:2.16.840.1.113883.3.464.1003.110.12.1052'" ]
                  } ]
               }
            } ]
         }, {
            "localId" : "6",
            "locator" : "11:1-11:58",
            "name" : "Ethnicity",
            "id" : "urn:oid:2.16.840.1.114222.4.11.837",
            "accessLevel" : "Public",
            "annotation" : [ {
               "type" : "Annotation",
               "s" : {
                  "r" : "6",
                  "s" : [ {
                     "value" : [ "","valueset ","\"Ethnicity\"",": ","'urn:oid:2.16.840.1.114222.4.11.837'" ]
                  } ]
               }
            } ]
         }, {
            "localId" : "7",
            "locator" : "12:1-12:87",
            "name" : "Face-to-Face Interaction",
            "id" : "urn:oid:2.16.840.1.113883.3.464.1003.101.12.1048",
            "accessLevel" : "Public",
            "annotation" : [ {
               "type" : "Annotation",
               "s" : {
                  "r" : "7",
                  "s" : [ {
                     "value" : [ "","valueset ","\"Face-to-Face Interaction\"",": ","'urn:oid:2.16.840.1.113883.3.464.1003.101.12.1048'" ]
                  } ]
               }
            } ]
         }, {
            "localId" : "8",
            "locator" : "13:1-13:70",
            "name" : "Gonorrhea Screening",
            "id" : "urn:oid:2.16.840.1.113762.1.4.1258.1",
            "accessLevel" : "Public",
            "annotation" : [ {
               "type" : "Annotation",
               "s" : {
                  "r" : "8",
                  "s" : [ {
                     "value" : [ "","valueset ","\"Gonorrhea Screening\"",": ","'urn:oid:2.16.840.1.113762.1.4.1258.1'" ]
                  } ]
               }
            } ]
         }, {
            "localId" : "9",
            "locator" : "14:1-14:66",
            "name" : "HIV",
            "id" : "urn:oid:2.16.840.1.113883.3.464.1003.120.12.1003",
            "accessLevel" : "Public",
            "annotation" : [ {
               "type" : "Annotation",
               "s" : {
                  "r" : "9",
                  "s" : [ {
                     "value" : [ "","valueset ","\"HIV\"",": ","'urn:oid:2.16.840.1.113883.3.464.1003.120.12.1003'" ]
                  } ]
               }
            } ]
         }, {
            "localId" : "10",
            "locator" : "15:1-15:87",
            "name" : "Home Healthcare Services",
            "id" : "urn:oid:2.16.840.1.113883.3.464.1003.101.12.1016",
            "accessLevel" : "Public",
            "annotation" : [ {
               "type" : "Annotation",
               "s" : {
                  "r" : "10",
                  "s" : [ {
                     "value" : [ "","valueset ","\"Home Healthcare Services\"",": ","'urn:oid:2.16.840.1.113883.3.464.1003.101.12.1016'" ]
                  } ]
               }
            } ]
         }, {
            "localId" : "11",
            "locator" : "16:1-16:75",
            "name" : "Office Visit",
            "id" : "urn:oid:2.16.840.1.113883.3.464.1003.101.12.1001",
            "accessLevel" : "Public",
            "annotation" : [ {
               "type" : "Annotation",
               "s" : {
                  "r" : "11",
                  "s" : [ {
                     "value" : [ "","valueset ","\"Office Visit\"",": ","'urn:oid:2.16.840.1.113883.3.464.1003.101.12.1001'" ]
                  } ]
               }
            } ]
         }, {
            "localId" : "12",
            "locator" : "17:1-17:68",
            "name" : "ONC Administrative Sex",
            "id" : "urn:oid:2.16.840.1.113762.1.4.1",
            "accessLevel" : "Public",
            "annotation" : [ {
               "type" : "Annotation",
               "s" : {
                  "r" : "12",
                  "s" : [ {
                     "value" : [ "","valueset ","\"ONC Administrative Sex\"",": ","'urn:oid:2.16.840.1.113762.1.4.1'" ]
                  } ]
               }
            } ]
         }, {
            "localId" : "13",
            "locator" : "18:1-18:86",
            "name" : "Outpatient Consultation",
            "id" : "urn:oid:2.16.840.1.113883.3.464.1003.101.12.1008",
            "accessLevel" : "Public",
            "annotation" : [ {
               "type" : "Annotation",
               "s" : {
                  "r" : "13",
                  "s" : [ {
                     "value" : [ "","valueset ","\"Outpatient Consultation\"",": ","'urn:oid:2.16.840.1.113883.3.464.1003.101.12.1008'" ]
                  } ]
               }
            } ]
         }, {
            "localId" : "14",
            "locator" : "19:1-19:55",
            "name" : "Payer",
            "id" : "urn:oid:2.16.840.1.114222.4.11.3591",
            "accessLevel" : "Public",
            "annotation" : [ {
               "type" : "Annotation",
               "s" : {
                  "r" : "14",
                  "s" : [ {
                     "value" : [ "","valueset ","\"Payer\"",": ","'urn:oid:2.16.840.1.114222.4.11.3591'" ]
                  } ]
               }
            } ]
         }, {
            "localId" : "15",
            "locator" : "20:1-20:123",
            "name" : "Preventive Care Services Established Office Visit, 18 and Up",
            "id" : "urn:oid:2.16.840.1.113883.3.464.1003.101.12.1025",
            "accessLevel" : "Public",
            "annotation" : [ {
               "type" : "Annotation",
               "s" : {
                  "r" : "15",
                  "s" : [ {
                     "value" : [ "","valueset ","\"Preventive Care Services Established Office Visit, 18 and Up\"",": ","'urn:oid:2.16.840.1.113883.3.464.1003.101.12.1025'" ]
                  } ]
               }
            } ]
         }, {
            "localId" : "16",
            "locator" : "21:1-21:119",
            "name" : "Preventive Care Services Initial Office Visit, 18 and Up",
            "id" : "urn:oid:2.16.840.1.113883.3.464.1003.101.12.1023",
            "accessLevel" : "Public",
            "annotation" : [ {
               "type" : "Annotation",
               "s" : {
                  "r" : "16",
                  "s" : [ {
                     "value" : [ "","valueset ","\"Preventive Care Services Initial Office Visit, 18 and Up\"",": ","'urn:oid:2.16.840.1.113883.3.464.1003.101.12.1023'" ]
                  } ]
               }
            } ]
         }, {
            "localId" : "17",
            "locator" : "22:1-22:118",
            "name" : "Preventive Care Services, Initial Office Visit, 0 to 17",
            "id" : "urn:oid:2.16.840.1.113883.3.464.1003.101.12.1022",
            "accessLevel" : "Public",
            "annotation" : [ {
               "type" : "Annotation",
               "s" : {
                  "r" : "17",
                  "s" : [ {
                     "value" : [ "","valueset ","\"Preventive Care Services, Initial Office Visit, 0 to 17\"",": ","'urn:oid:2.16.840.1.113883.3.464.1003.101.12.1022'" ]
                  } ]
               }
            } ]
         }, {
            "localId" : "18",
            "locator" : "23:1-23:113",
            "name" : "Preventive Care, Established Office Visit, 0 to 17",
            "id" : "urn:oid:2.16.840.1.113883.3.464.1003.101.12.1024",
            "accessLevel" : "Public",
            "annotation" : [ {
               "type" : "Annotation",
               "s" : {
                  "r" : "18",
                  "s" : [ {
                     "value" : [ "","valueset ","\"Preventive Care, Established Office Visit, 0 to 17\"",": ","'urn:oid:2.16.840.1.113883.3.464.1003.101.12.1024'" ]
                  } ]
               }
            } ]
         }, {
            "localId" : "19",
            "locator" : "24:1-24:53",
            "name" : "Race",
            "id" : "urn:oid:2.16.840.1.114222.4.11.836",
            "accessLevel" : "Public",
            "annotation" : [ {
               "type" : "Annotation",
               "s" : {
                  "r" : "19",
                  "s" : [ {
                     "value" : [ "","valueset ","\"Race\"",": ","'urn:oid:2.16.840.1.114222.4.11.836'" ]
                  } ]
               }
            } ]
         }, {
            "localId" : "20",
            "locator" : "25:1-25:67",
            "name" : "Syphilis Tests",
            "id" : "urn:oid:2.16.840.1.113762.1.4.1166.117",
            "accessLevel" : "Public",
            "annotation" : [ {
               "type" : "Annotation",
               "s" : {
                  "r" : "20",
                  "s" : [ {
                     "value" : [ "","valueset ","\"Syphilis Tests\"",": ","'urn:oid:2.16.840.1.113762.1.4.1166.117'" ]
                  } ]
               }
            } ]
         }, {
            "localId" : "21",
            "locator" : "26:1-26:79",
            "name" : "Telephone Visits",
            "id" : "urn:oid:2.16.840.1.113883.3.464.1003.101.12.1080",
            "accessLevel" : "Public",
            "annotation" : [ {
               "type" : "Annotation",
               "s" : {
                  "r" : "21",
                  "s" : [ {
                     "value" : [ "","valueset ","\"Telephone Visits\"",": ","'urn:oid:2.16.840.1.113883.3.464.1003.101.12.1080'" ]
                  } ]
               }
            } ]
         } ]
      },
      "codes" : {
         "def" : [ {
            "localId" : "23",
            "locator" : "28:1-28:110",
            "name" : "Unlisted preventive medicine service",
            "id" : "99429",
            "display" : "Unlisted preventive medicine service",
            "accessLevel" : "Public",
            "annotation" : [ {
               "type" : "Annotation",
               "s" : {
                  "r" : "23",
                  "s" : [ {
                     "value" : [ "","code ","\"Unlisted preventive medicine service\"",": ","'99429'"," from " ]
                  }, {
                     "r" : "22",
                     "s" : [ {
                        "value" : [ "\"CPT\"" ]
                     } ]
                  }, {
                     "value" : [ " display ","'Unlisted preventive medicine service'" ]
                  } ]
               }
            } ],
            "codeSystem" : {
               "localId" : "22",
               "locator" : "28:59-28:63",
               "name" : "CPT"
            }
         } ]
      },
      "contexts" : {
         "def" : [ {
            "locator" : "32:1-32:15",
            "name" : "Patient"
         } ]
      },
      "statements" : {
         "def" : [ {
            "locator" : "32:1-32:15",
            "name" : "Patient",
            "context" : "Patient",
            "expression" : {
               "type" : "SingletonFrom",
               "operand" : {
                  "locator" : "32:1-32:15",
                  "dataType" : "{urn:healthit-gov:qdm:v5_6}Patient",
                  "templateId" : "Patient",
                  "type" : "Retrieve"
               }
            }
         }, {
            "localId" : "61",
            "locator" : "64:1-77:3",
            "name" : "Has Qualifying Encounter During Measurement Period",
            "context" : "Patient",
            "accessLevel" : "Public",
            "annotation" : [ {
               "type" : "Annotation",
               "s" : {
                  "r" : "61",
                  "s" : [ {
                     "value" : [ "","define ","\"Has Qualifying Encounter During Measurement Period\"",":\n  " ]
                  }, {
                     "r" : "60",
                     "s" : [ {
                        "value" : [ "exists " ]
                     }, {
                        "r" : "59",
                        "s" : [ {
                           "value" : [ "( " ]
                        }, {
                           "r" : "59",
                           "s" : [ {
                              "s" : [ {
                                 "r" : "54",
                                 "s" : [ {
                                    "r" : "53",
                                    "s" : [ {
                                       "value" : [ "( " ]
                                    }, {
                                       "r" : "53",
                                       "s" : [ {
                                          "r" : "51",
                                          "s" : [ {
                                             "r" : "49",
                                             "s" : [ {
                                                "r" : "47",
                                                "s" : [ {
                                                   "r" : "45",
                                                   "s" : [ {
                                                      "r" : "43",
                                                      "s" : [ {
                                                         "r" : "41",
                                                         "s" : [ {
                                                            "r" : "39",
                                                            "s" : [ {
                                                               "r" : "37",
                                                               "s" : [ {
                                                                  "r" : "35",
                                                                  "s" : [ {
                                                                     "r" : "33",
                                                                     "s" : [ {
                                                                        "value" : [ "[","\"Encounter, Performed\"",": " ]
                                                                     }, {
                                                                        "s" : [ {
                                                                           "value" : [ "\"Office Visit\"" ]
                                                                        } ]
                                                                     }, {
                                                                        "value" : [ "]" ]
                                                                     } ]
                                                                  }, {
                                                                     "value" : [ "\n      union " ]
                                                                  }, {
                                                                     "r" : "34",
                                                                     "s" : [ {
                                                                        "value" : [ "[","\"Encounter, Performed\"",": " ]
                                                                     }, {
                                                                        "s" : [ {
                                                                           "value" : [ "\"Outpatient Consultation\"" ]
                                                                        } ]
                                                                     }, {
                                                                        "value" : [ "]" ]
                                                                     } ]
                                                                  } ]
                                                               }, {
                                                                  "value" : [ "\n      union " ]
                                                               }, {
                                                                  "r" : "36",
                                                                  "s" : [ {
                                                                     "value" : [ "[","\"Encounter, Performed\"",": " ]
                                                                  }, {
                                                                     "s" : [ {
                                                                        "value" : [ "\"Annual Wellness Visit\"" ]
                                                                     } ]
                                                                  }, {
                                                                     "value" : [ "]" ]
                                                                  } ]
                                                               } ]
                                                            }, {
                                                               "value" : [ "\n      union " ]
                                                            }, {
                                                               "r" : "38",
                                                               "s" : [ {
                                                                  "value" : [ "[","\"Encounter, Performed\"",": " ]
                                                               }, {
                                                                  "s" : [ {
                                                                     "value" : [ "\"Face-to-Face Interaction\"" ]
                                                                  } ]
                                                               }, {
                                                                  "value" : [ "]" ]
                                                               } ]
                                                            } ]
                                                         }, {
                                                            "value" : [ "\n      union " ]
                                                         }, {
                                                            "r" : "40",
                                                            "s" : [ {
                                                               "value" : [ "[","\"Encounter, Performed\"",": " ]
                                                            }, {
                                                               "s" : [ {
                                                                  "value" : [ "\"Home Healthcare Services\"" ]
                                                               } ]
                                                            }, {
                                                               "value" : [ "]" ]
                                                            } ]
                                                         } ]
                                                      }, {
                                                         "value" : [ "\n      union " ]
                                                      }, {
                                                         "r" : "42",
                                                         "s" : [ {
                                                            "value" : [ "[","\"Encounter, Performed\"",": " ]
                                                         }, {
                                                            "s" : [ {
                                                               "value" : [ "\"Preventive Care Services Established Office Visit, 18 and Up\"" ]
                                                            } ]
                                                         }, {
                                                            "value" : [ "]" ]
                                                         } ]
                                                      } ]
                                                   }, {
                                                      "value" : [ "\n      union " ]
                                                   }, {
                                                      "r" : "44",
                                                      "s" : [ {
                                                         "value" : [ "[","\"Encounter, Performed\"",": " ]
                                                      }, {
                                                         "s" : [ {
                                                            "value" : [ "\"Preventive Care Services Initial Office Visit, 18 and Up\"" ]
                                                         } ]
                                                      }, {
                                                         "value" : [ "]" ]
                                                      } ]
                                                   } ]
                                                }, {
                                                   "value" : [ "\n      union " ]
                                                }, {
                                                   "r" : "46",
                                                   "s" : [ {
                                                      "value" : [ "[","\"Encounter, Performed\"",": " ]
                                                   }, {
                                                      "s" : [ {
                                                         "value" : [ "\"Preventive Care Services, Initial Office Visit, 0 to 17\"" ]
                                                      } ]
                                                   }, {
                                                      "value" : [ "]" ]
                                                   } ]
                                                } ]
                                             }, {
                                                "value" : [ "\n      union " ]
                                             }, {
                                                "r" : "48",
                                                "s" : [ {
                                                   "value" : [ "[","\"Encounter, Performed\"",": " ]
                                                }, {
                                                   "s" : [ {
                                                      "value" : [ "\"Preventive Care, Established Office Visit, 0 to 17\"" ]
                                                   } ]
                                                }, {
                                                   "value" : [ "]" ]
                                                } ]
                                             } ]
                                          }, {
                                             "value" : [ "\n      union " ]
                                          }, {
                                             "r" : "50",
                                             "s" : [ {
                                                "value" : [ "[","\"Encounter, Performed\"",": " ]
                                             }, {
                                                "s" : [ {
                                                   "value" : [ "\"Telephone Visits\"" ]
                                                } ]
                                             }, {
                                                "value" : [ "]" ]
                                             } ]
                                          } ]
                                       }, {
                                          "value" : [ "\n      union " ]
                                       }, {
                                          "r" : "52",
                                          "s" : [ {
                                             "value" : [ "[","\"Encounter, Performed\"",": " ]
                                          }, {
                                             "s" : [ {
                                                "value" : [ "\"Unlisted preventive medicine service\"" ]
                                             } ]
                                          }, {
                                             "value" : [ "]" ]
                                          } ]
                                       } ]
                                    }, {
                                       "value" : [ " )" ]
                                    } ]
                                 }, {
                                    "value" : [ " ","QualifyingEncounter" ]
                                 } ]
                              } ]
                           }, {
                              "value" : [ "\n      " ]
                           }, {
                              "r" : "58",
                              "s" : [ {
                                 "value" : [ "where " ]
                              }, {
                                 "r" : "58",
                                 "s" : [ {
                                    "r" : "56",
                                    "s" : [ {
                                       "r" : "55",
                                       "s" : [ {
                                          "value" : [ "QualifyingEncounter" ]
                                       } ]
                                    }, {
                                       "value" : [ "." ]
                                    }, {
                                       "r" : "56",
                                       "s" : [ {
                                          "value" : [ "relevantPeriod" ]
                                       } ]
                                    } ]
                                 }, {
                                    "r" : "58",
                                    "value" : [ " ","during day of"," " ]
                                 }, {
                                    "r" : "57",
                                    "s" : [ {
                                       "value" : [ "\"Measurement Period\"" ]
                                    } ]
                                 } ]
                              } ]
                           } ]
                        }, {
                           "value" : [ "\n  )" ]
                        } ]
                     } ]
                  } ]
               }
            } ],
            "expression" : {
               "localId" : "60",
               "locator" : "65:3-77:3",
               "type" : "Exists",
               "operand" : {
                  "localId" : "59",
                  "locator" : "65:10-77:3",
                  "type" : "Query",
                  "source" : [ {
                     "localId" : "54",
                     "locator" : "65:12-75:98",
                     "alias" : "QualifyingEncounter",
                     "expression" : {
                        "localId" : "53",
                        "locator" : "65:12-75:78",
                        "type" : "Union",
                        "operand" : [ {
                           "localId" : "51",
                           "locator" : "65:14-74:56",
                           "type" : "Union",
                           "operand" : [ {
                              "localId" : "47",
                              "locator" : "65:14-72:95",
                              "type" : "Union",
                              "operand" : [ {
                                 "localId" : "43",
                                 "locator" : "65:14-70:100",
                                 "type" : "Union",
                                 "operand" : [ {
                                    "localId" : "39",
                                    "locator" : "65:14-68:64",
                                    "type" : "Union",
                                    "operand" : [ {
                                       "localId" : "35",
                                       "locator" : "65:14-66:63",
                                       "type" : "Union",
                                       "operand" : [ {
                                          "localId" : "33",
                                          "locator" : "65:14-65:53",
                                          "dataType" : "{urn:healthit-gov:qdm:v5_6}PositiveEncounterPerformed",
                                          "templateId" : "PositiveEncounterPerformed",
                                          "codeProperty" : "code",
                                          "codeComparator" : "in",
                                          "type" : "Retrieve",
                                          "codes" : {
                                             "locator" : "65:39-65:52",
                                             "name" : "Office Visit",
                                             "type" : "ValueSetRef"
                                          }
                                       }, {
                                          "localId" : "34",
                                          "locator" : "66:13-66:63",
                                          "dataType" : "{urn:healthit-gov:qdm:v5_6}PositiveEncounterPerformed",
                                          "templateId" : "PositiveEncounterPerformed",
                                          "codeProperty" : "code",
                                          "codeComparator" : "in",
                                          "type" : "Retrieve",
                                          "codes" : {
                                             "locator" : "66:38-66:62",
                                             "name" : "Outpatient Consultation",
                                             "type" : "ValueSetRef"
                                          }
                                       } ]
                                    }, {
                                       "type" : "Union",
                                       "operand" : [ {
                                          "localId" : "36",
                                          "locator" : "67:13-67:61",
                                          "dataType" : "{urn:healthit-gov:qdm:v5_6}PositiveEncounterPerformed",
                                          "templateId" : "PositiveEncounterPerformed",
                                          "codeProperty" : "code",
                                          "codeComparator" : "in",
                                          "type" : "Retrieve",
                                          "codes" : {
                                             "locator" : "67:38-67:60",
                                             "name" : "Annual Wellness Visit",
                                             "type" : "ValueSetRef"
                                          }
                                       }, {
                                          "localId" : "38",
                                          "locator" : "68:13-68:64",
                                          "dataType" : "{urn:healthit-gov:qdm:v5_6}PositiveEncounterPerformed",
                                          "templateId" : "PositiveEncounterPerformed",
                                          "codeProperty" : "code",
                                          "codeComparator" : "in",
                                          "type" : "Retrieve",
                                          "codes" : {
                                             "locator" : "68:38-68:63",
                                             "name" : "Face-to-Face Interaction",
                                             "type" : "ValueSetRef"
                                          }
                                       } ]
                                    } ]
                                 }, {
                                    "type" : "Union",
                                    "operand" : [ {
                                       "localId" : "40",
                                       "locator" : "69:13-69:64",
                                       "dataType" : "{urn:healthit-gov:qdm:v5_6}PositiveEncounterPerformed",
                                       "templateId" : "PositiveEncounterPerformed",
                                       "codeProperty" : "code",
                                       "codeComparator" : "in",
                                       "type" : "Retrieve",
                                       "codes" : {
                                          "locator" : "69:38-69:63",
                                          "name" : "Home Healthcare Services",
                                          "type" : "ValueSetRef"
                                       }
                                    }, {
                                       "localId" : "42",
                                       "locator" : "70:13-70:100",
                                       "dataType" : "{urn:healthit-gov:qdm:v5_6}PositiveEncounterPerformed",
                                       "templateId" : "PositiveEncounterPerformed",
                                       "codeProperty" : "code",
                                       "codeComparator" : "in",
                                       "type" : "Retrieve",
                                       "codes" : {
                                          "locator" : "70:38-70:99",
                                          "name" : "Preventive Care Services Established Office Visit, 18 and Up",
                                          "type" : "ValueSetRef"
                                       }
                                    } ]
                                 } ]
                              }, {
                                 "type" : "Union",
                                 "operand" : [ {
                                    "localId" : "44",
                                    "locator" : "71:13-71:96",
                                    "dataType" : "{urn:healthit-gov:qdm:v5_6}PositiveEncounterPerformed",
                                    "templateId" : "PositiveEncounterPerformed",
                                    "codeProperty" : "code",
                                    "codeComparator" : "in",
                                    "type" : "Retrieve",
                                    "codes" : {
                                       "locator" : "71:38-71:95",
                                       "name" : "Preventive Care Services Initial Office Visit, 18 and Up",
                                       "type" : "ValueSetRef"
                                    }
                                 }, {
                                    "localId" : "46",
                                    "locator" : "72:13-72:95",
                                    "dataType" : "{urn:healthit-gov:qdm:v5_6}PositiveEncounterPerformed",
                                    "templateId" : "PositiveEncounterPerformed",
                                    "codeProperty" : "code",
                                    "codeComparator" : "in",
                                    "type" : "Retrieve",
                                    "codes" : {
                                       "locator" : "72:38-72:94",
                                       "name" : "Preventive Care Services, Initial Office Visit, 0 to 17",
                                       "type" : "ValueSetRef"
                                    }
                                 } ]
                              } ]
                           }, {
                              "type" : "Union",
                              "operand" : [ {
                                 "localId" : "48",
                                 "locator" : "73:13-73:90",
                                 "dataType" : "{urn:healthit-gov:qdm:v5_6}PositiveEncounterPerformed",
                                 "templateId" : "PositiveEncounterPerformed",
                                 "codeProperty" : "code",
                                 "codeComparator" : "in",
                                 "type" : "Retrieve",
                                 "codes" : {
                                    "locator" : "73:38-73:89",
                                    "name" : "Preventive Care, Established Office Visit, 0 to 17",
                                    "type" : "ValueSetRef"
                                 }
                              }, {
                                 "localId" : "50",
                                 "locator" : "74:13-74:56",
                                 "dataType" : "{urn:healthit-gov:qdm:v5_6}PositiveEncounterPerformed",
                                 "templateId" : "PositiveEncounterPerformed",
                                 "codeProperty" : "code",
                                 "codeComparator" : "in",
                                 "type" : "Retrieve",
                                 "codes" : {
                                    "locator" : "74:38-74:55",
                                    "name" : "Telephone Visits",
                                    "type" : "ValueSetRef"
                                 }
                              } ]
                           } ]
                        }, {
                           "localId" : "52",
                           "locator" : "75:13-75:76",
                           "dataType" : "{urn:healthit-gov:qdm:v5_6}PositiveEncounterPerformed",
                           "templateId" : "PositiveEncounterPerformed",
                           "codeProperty" : "code",
                           "codeComparator" : "~",
                           "type" : "Retrieve",
                           "codes" : {
                              "type" : "ToList",
                              "operand" : {
                                 "locator" : "75:38-75:75",
                                 "name" : "Unlisted preventive medicine service",
                                 "type" : "CodeRef"
                              }
                           }
                        } ]
                     }
                  } ],
                  "relationship" : [ ],
                  "where" : {
                     "localId" : "58",
                     "locator" : "76:7-76:81",
                     "precision" : "Day",
                     "type" : "IncludedIn",
                     "operand" : [ {
                        "localId" : "56",
                        "locator" : "76:13-76:46",
                        "path" : "relevantPeriod",
                        "scope" : "QualifyingEncounter",
                        "type" : "Property"
                     }, {
                        "localId" : "57",
                        "locator" : "76:62-76:81",
                        "name" : "Measurement Period",
                        "type" : "ParameterRef"
                     } ]
                  }
               }
            }
         }, {
            "localId" : "73",
            "locator" : "59:1-62:31",
            "name" : "Has HIV Diagnosis Before End of Measurement Period",
            "context" : "Patient",
            "accessLevel" : "Public",
            "annotation" : [ {
               "type" : "Annotation",
               "s" : {
                  "r" : "73",
                  "s" : [ {
                     "value" : [ "","define ","\"Has HIV Diagnosis Before End of Measurement Period\"",":\n  " ]
                  }, {
                     "r" : "72",
                     "s" : [ {
                        "value" : [ "exists " ]
                     }, {
                        "r" : "71",
                        "s" : [ {
                           "s" : [ {
                              "r" : "65",
                              "s" : [ {
                                 "r" : "64",
                                 "s" : [ {
                                    "r" : "64",
                                    "s" : [ {
                                       "value" : [ "[","\"Diagnosis\"",": " ]
                                    }, {
                                       "s" : [ {
                                          "value" : [ "\"HIV\"" ]
                                       } ]
                                    }, {
                                       "value" : [ "]" ]
                                    } ]
                                 } ]
                              }, {
                                 "value" : [ " ","HIVDx" ]
                              } ]
                           } ]
                        }, {
                           "value" : [ "\n    " ]
                        }, {
                           "r" : "70",
                           "s" : [ {
                              "value" : [ "where " ]
                           }, {
                              "r" : "70",
                              "s" : [ {
                                 "r" : "67",
                                 "s" : [ {
                                    "r" : "66",
                                    "s" : [ {
                                       "value" : [ "HIVDx" ]
                                    } ]
                                 }, {
                                    "value" : [ "." ]
                                 }, {
                                    "r" : "67",
                                    "s" : [ {
                                       "value" : [ "prevalencePeriod" ]
                                    } ]
                                 } ]
                              }, {
                                 "r" : "70",
                                 "value" : [ " ","starts on or before day of"," \n    " ]
                              }, {
                                 "r" : "69",
                                 "s" : [ {
                                    "value" : [ "end of " ]
                                 }, {
                                    "r" : "68",
                                    "s" : [ {
                                       "value" : [ "\"Measurement Period\"" ]
                                    } ]
                                 } ]
                              } ]
                           } ]
                        } ]
                     } ]
                  } ]
               }
            } ],
            "expression" : {
               "localId" : "72",
               "locator" : "60:3-62:31",
               "type" : "Exists",
               "operand" : {
                  "localId" : "71",
                  "locator" : "60:10-62:31",
                  "type" : "Query",
                  "source" : [ {
                     "localId" : "65",
                     "locator" : "60:10-60:35",
                     "alias" : "HIVDx",
                     "expression" : {
                        "localId" : "64",
                        "locator" : "60:10-60:29",
                        "dataType" : "{urn:healthit-gov:qdm:v5_6}Diagnosis",
                        "codeProperty" : "code",
                        "codeComparator" : "in",
                        "type" : "Retrieve",
                        "codes" : {
                           "locator" : "60:24-60:28",
                           "name" : "HIV",
                           "type" : "ValueSetRef"
                        }
                     }
                  } ],
                  "relationship" : [ ],
                  "where" : {
                     "localId" : "70",
                     "locator" : "61:5-62:31",
                     "precision" : "Day",
                     "type" : "SameOrBefore",
                     "operand" : [ {
                        "locator" : "61:34-61:39",
                        "type" : "Start",
                        "operand" : {
                           "localId" : "67",
                           "locator" : "61:11-61:32",
                           "path" : "prevalencePeriod",
                           "scope" : "HIVDx",
                           "type" : "Property"
                        }
                     }, {
                        "localId" : "69",
                        "locator" : "62:5-62:31",
                        "type" : "End",
                        "operand" : {
                           "localId" : "68",
                           "locator" : "62:12-62:31",
                           "name" : "Measurement Period",
                           "type" : "ParameterRef"
                        }
                     } ]
                  }
               }
            }
         }, {
            "localId" : "76",
            "locator" : "37:1-40:60",
            "name" : "Initial Population",
            "context" : "Patient",
            "accessLevel" : "Public",
            "annotation" : [ {
               "type" : "Annotation",
               "s" : {
                  "r" : "76",
                  "s" : [ {
                     "value" : [ "","define ","\"Initial Population\"",":\n  " ]
                  }, {
                     "r" : "75",
                     "s" : [ {
                        "r" : "63",
                        "s" : [ {
                           "r" : "32",
                           "s" : [ {
                              "r" : "30",
                              "s" : [ {
                                 "value" : [ "AgeInYearsAt","(" ]
                              }, {
                                 "r" : "29",
                                 "s" : [ {
                                    "value" : [ "date from " ]
                                 }, {
                                    "r" : "28",
                                    "s" : [ {
                                       "value" : [ "start of " ]
                                    }, {
                                       "r" : "27",
                                       "s" : [ {
                                          "value" : [ "\"Measurement Period\"" ]
                                       } ]
                                    } ]
                                 } ]
                              }, {
                                 "value" : [ ")" ]
                              } ]
                           }, {
                              "r" : "31",
                              "value" : [ ">="," ","13" ]
                           } ]
                        }, {
                           "value" : [ "\n    and " ]
                        }, {
                           "r" : "62",
                           "s" : [ {
                              "value" : [ "\"Has Qualifying Encounter During Measurement Period\"" ]
                           } ]
                        } ]
                     }, {
                        "value" : [ "\n    and " ]
                     }, {
                        "r" : "74",
                        "s" : [ {
                           "value" : [ "\"Has HIV Diagnosis Before End of Measurement Period\"" ]
                        } ]
                     } ]
                  } ]
               }
            } ],
            "expression" : {
               "localId" : "75",
               "locator" : "38:3-40:60",
               "type" : "And",
               "operand" : [ {
                  "localId" : "63",
                  "locator" : "38:3-39:60",
                  "type" : "And",
                  "operand" : [ {
                     "localId" : "32",
                     "locator" : "38:3-38:60",
                     "type" : "GreaterOrEqual",
                     "operand" : [ {
                        "localId" : "30",
                        "locator" : "38:3-38:55",
                        "precision" : "Year",
                        "type" : "CalculateAgeAt",
                        "operand" : [ {
                           "type" : "ToDate",
                           "operand" : {
                              "path" : "birthDatetime",
                              "type" : "Property",
                              "source" : {
                                 "name" : "Patient",
                                 "type" : "ExpressionRef"
                              }
                           }
                        }, {
                           "localId" : "29",
                           "locator" : "38:16-38:54",
                           "type" : "DateFrom",
                           "operand" : {
                              "localId" : "28",
                              "locator" : "38:26-38:54",
                              "type" : "Start",
                              "operand" : {
                                 "localId" : "27",
                                 "locator" : "38:35-38:54",
                                 "name" : "Measurement Period",
                                 "type" : "ParameterRef"
                              }
                           }
                        } ]
                     }, {
                        "localId" : "31",
                        "locator" : "38:59-38:60",
                        "valueType" : "{urn:hl7-org:elm-types:r1}Integer",
                        "value" : "13",
                        "type" : "Literal"
                     } ]
                  }, {
                     "localId" : "62",
                     "locator" : "39:9-39:60",
                     "name" : "Has Qualifying Encounter During Measurement Period",
                     "type" : "ExpressionRef"
                  } ]
               }, {
                  "localId" : "74",
                  "locator" : "40:9-40:60",
                  "name" : "Has HIV Diagnosis Before End of Measurement Period",
                  "type" : "ExpressionRef"
               } ]
            }
         }, {
            "localId" : "78",
            "locator" : "34:1-35:22",
            "name" : "Denominator",
            "context" : "Patient",
            "accessLevel" : "Public",
            "annotation" : [ {
               "type" : "Annotation",
               "s" : {
                  "r" : "78",
                  "s" : [ {
                     "value" : [ "","define ","\"Denominator\"",":\n  " ]
                  }, {
                     "r" : "77",
                     "s" : [ {
                        "value" : [ "\"Initial Population\"" ]
                     } ]
                  } ]
               }
            } ],
            "expression" : {
               "localId" : "77",
               "locator" : "35:3-35:22",
               "name" : "Initial Population",
               "type" : "ExpressionRef"
            }
         }, {
            "localId" : "80",
            "locator" : "42:1-43:51",
            "name" : "SDE Ethnicity",
            "context" : "Patient",
            "accessLevel" : "Public",
            "annotation" : [ {
               "type" : "Annotation",
               "s" : {
                  "r" : "80",
                  "s" : [ {
                     "value" : [ "","define ","\"SDE Ethnicity\"",":\n  " ]
                  }, {
                     "r" : "79",
                     "s" : [ {
                        "value" : [ "[","\"Patient Characteristic Ethnicity\"",": " ]
                     }, {
                        "s" : [ {
                           "value" : [ "\"Ethnicity\"" ]
                        } ]
                     }, {
                        "value" : [ "]" ]
                     } ]
                  } ]
               }
            } ],
            "expression" : {
               "localId" : "79",
               "locator" : "43:3-43:51",
               "dataType" : "{urn:healthit-gov:qdm:v5_6}PatientCharacteristicEthnicity",
               "codeProperty" : "code",
               "codeComparator" : "in",
               "type" : "Retrieve",
               "codes" : {
                  "locator" : "43:40-43:50",
                  "name" : "Ethnicity",
                  "type" : "ValueSetRef"
               }
            }
         }, {
            "localId" : "82",
            "locator" : "45:1-46:43",
            "name" : "SDE Payer",
            "context" : "Patient",
            "accessLevel" : "Public",
            "annotation" : [ {
               "type" : "Annotation",
               "s" : {
                  "r" : "82",
                  "s" : [ {
                     "value" : [ "","define ","\"SDE Payer\"",":\n  " ]
                  }, {
                     "r" : "81",
                     "s" : [ {
                        "value" : [ "[","\"Patient Characteristic Payer\"",": " ]
                     }, {
                        "s" : [ {
                           "value" : [ "\"Payer\"" ]
                        } ]
                     }, {
                        "value" : [ "]" ]
                     } ]
                  } ]
               }
            } ],
            "expression" : {
               "localId" : "81",
               "locator" : "46:3-46:43",
               "dataType" : "{urn:healthit-gov:qdm:v5_6}PatientCharacteristicPayer",
               "codeProperty" : "code",
               "codeComparator" : "in",
               "type" : "Retrieve",
               "codes" : {
                  "locator" : "46:36-46:42",
                  "name" : "Payer",
                  "type" : "ValueSetRef"
               }
            }
         }, {
            "localId" : "84",
            "locator" : "48:1-49:41",
            "name" : "SDE Race",
            "context" : "Patient",
            "accessLevel" : "Public",
            "annotation" : [ {
               "type" : "Annotation",
               "s" : {
                  "r" : "84",
                  "s" : [ {
                     "value" : [ "","define ","\"SDE Race\"",":\n  " ]
                  }, {
                     "r" : "83",
                     "s" : [ {
                        "value" : [ "[","\"Patient Characteristic Race\"",": " ]
                     }, {
                        "s" : [ {
                           "value" : [ "\"Race\"" ]
                        } ]
                     }, {
                        "value" : [ "]" ]
                     } ]
                  } ]
               }
            } ],
            "expression" : {
               "localId" : "83",
               "locator" : "49:3-49:41",
               "dataType" : "{urn:healthit-gov:qdm:v5_6}PatientCharacteristicRace",
               "codeProperty" : "code",
               "codeComparator" : "in",
               "type" : "Retrieve",
               "codes" : {
                  "locator" : "49:35-49:40",
                  "name" : "Race",
                  "type" : "ValueSetRef"
               }
            }
         }, {
            "localId" : "86",
            "locator" : "51:1-52:58",
            "name" : "SDE Sex",
            "context" : "Patient",
            "accessLevel" : "Public",
            "annotation" : [ {
               "type" : "Annotation",
               "s" : {
                  "r" : "86",
                  "s" : [ {
                     "value" : [ "","define ","\"SDE Sex\"",":\n  " ]
                  }, {
                     "r" : "85",
                     "s" : [ {
                        "value" : [ "[","\"Patient Characteristic Sex\"",": " ]
                     }, {
                        "s" : [ {
                           "value" : [ "\"ONC Administrative Sex\"" ]
                        } ]
                     }, {
                        "value" : [ "]" ]
                     } ]
                  } ]
               }
            } ],
            "expression" : {
               "localId" : "85",
               "locator" : "52:3-52:58",
               "dataType" : "{urn:healthit-gov:qdm:v5_6}PatientCharacteristicSex",
               "codeProperty" : "code",
               "codeComparator" : "in",
               "type" : "Retrieve",
               "codes" : {
                  "locator" : "52:34-52:57",
                  "name" : "ONC Administrative Sex",
                  "type" : "ValueSetRef"
               }
            }
         }, {
            "localId" : "103",
            "locator" : "79:1-82:127",
            "name" : "Has Chlamydia Testing",
            "context" : "Patient",
            "accessLevel" : "Public",
            "annotation" : [ {
               "type" : "Annotation",
               "s" : {
                  "r" : "103",
                  "s" : [ {
                     "value" : [ "","define ","\"Has Chlamydia Testing\"",":\n  " ]
                  }, {
                     "r" : "102",
                     "s" : [ {
                        "value" : [ "exists " ]
                     }, {
                        "r" : "101",
                        "s" : [ {
                           "s" : [ {
                              "r" : "88",
                              "s" : [ {
                                 "r" : "87",
                                 "s" : [ {
                                    "r" : "87",
                                    "s" : [ {
                                       "value" : [ "[","\"Laboratory Test, Performed\"",": " ]
                                    }, {
                                       "s" : [ {
                                          "value" : [ "\"Chlamydia Screening\"" ]
                                       } ]
                                    }, {
                                       "value" : [ "]" ]
                                    } ]
                                 } ]
                              }, {
                                 "value" : [ " ","ChlamydiaTest" ]
                              } ]
                           } ]
                        }, {
                           "value" : [ "\n    " ]
                        }, {
                           "r" : "100",
                           "s" : [ {
                              "value" : [ "where " ]
                           }, {
                              "r" : "100",
                              "s" : [ {
                                 "r" : "91",
                                 "s" : [ {
                                    "r" : "90",
                                    "s" : [ {
                                       "r" : "89",
                                       "s" : [ {
                                          "value" : [ "ChlamydiaTest" ]
                                       } ]
                                    }, {
                                       "value" : [ "." ]
                                    }, {
                                       "r" : "90",
                                       "s" : [ {
                                          "value" : [ "result" ]
                                       } ]
                                    } ]
                                 }, {
                                    "value" : [ " is not null" ]
                                 } ]
                              }, {
                                 "value" : [ "\n      and " ]
                              }, {
                                 "r" : "99",
                                 "s" : [ {
                                    "r" : "97",
                                    "s" : [ {
                                       "r" : "92",
                                       "s" : [ {
                                          "value" : [ "Global" ]
                                       } ]
                                    }, {
                                       "value" : [ "." ]
                                    }, {
                                       "r" : "97",
                                       "s" : [ {
                                          "value" : [ "\"LatestOf\""," ( " ]
                                       }, {
                                          "r" : "94",
                                          "s" : [ {
                                             "r" : "93",
                                             "s" : [ {
                                                "value" : [ "ChlamydiaTest" ]
                                             } ]
                                          }, {
                                             "value" : [ "." ]
                                          }, {
                                             "r" : "94",
                                             "s" : [ {
                                                "value" : [ "relevantDatetime" ]
                                             } ]
                                          } ]
                                       }, {
                                          "value" : [ ", " ]
                                       }, {
                                          "r" : "96",
                                          "s" : [ {
                                             "r" : "95",
                                             "s" : [ {
                                                "value" : [ "ChlamydiaTest" ]
                                             } ]
                                          }, {
                                             "value" : [ "." ]
                                          }, {
                                             "r" : "96",
                                             "s" : [ {
                                                "value" : [ "relevantPeriod" ]
                                             } ]
                                          } ]
                                       }, {
                                          "value" : [ " )" ]
                                       } ]
                                    } ]
                                 }, {
                                    "r" : "99",
                                    "value" : [ " ","during day of"," " ]
                                 }, {
                                    "r" : "98",
                                    "s" : [ {
                                       "value" : [ "\"Measurement Period\"" ]
                                    } ]
                                 } ]
                              } ]
                           } ]
                        } ]
                     } ]
                  } ]
               }
            } ],
            "expression" : {
               "localId" : "102",
               "locator" : "80:3-82:127",
               "type" : "Exists",
               "operand" : {
                  "localId" : "101",
                  "locator" : "80:10-82:127",
                  "type" : "Query",
                  "source" : [ {
                     "localId" : "88",
                     "locator" : "80:10-80:76",
                     "alias" : "ChlamydiaTest",
                     "expression" : {
                        "localId" : "87",
                        "locator" : "80:10-80:62",
                        "dataType" : "{urn:healthit-gov:qdm:v5_6}PositiveLaboratoryTestPerformed",
                        "templateId" : "PositiveLaboratoryTestPerformed",
                        "codeProperty" : "code",
                        "codeComparator" : "in",
                        "type" : "Retrieve",
                        "codes" : {
                           "locator" : "80:41-80:61",
                           "name" : "Chlamydia Screening",
                           "type" : "ValueSetRef"
                        }
                     }
                  } ],
                  "relationship" : [ ],
                  "where" : {
                     "localId" : "100",
                     "locator" : "81:5-82:127",
                     "type" : "And",
                     "operand" : [ {
                        "localId" : "91",
                        "locator" : "81:11-81:42",
                        "type" : "Not",
                        "operand" : {
                           "locator" : "81:11-81:42",
                           "type" : "IsNull",
                           "operand" : {
                              "localId" : "90",
                              "locator" : "81:11-81:30",
                              "path" : "result",
                              "scope" : "ChlamydiaTest",
                              "type" : "Property"
                           }
                        }
                     }, {
                        "localId" : "99",
                        "locator" : "82:11-82:127",
                        "precision" : "Day",
                        "type" : "In",
                        "operand" : [ {
                           "localId" : "97",
                           "locator" : "82:11-82:92",
                           "name" : "LatestOf",
                           "libraryName" : "Global",
                           "type" : "FunctionRef",
                           "operand" : [ {
                              "localId" : "94",
                              "locator" : "82:31-82:60",
                              "path" : "relevantDatetime",
                              "scope" : "ChlamydiaTest",
                              "type" : "Property"
                           }, {
                              "localId" : "96",
                              "locator" : "82:63-82:90",
                              "path" : "relevantPeriod",
                              "scope" : "ChlamydiaTest",
                              "type" : "Property"
                           } ]
                        }, {
                           "localId" : "98",
                           "locator" : "82:108-82:127",
                           "name" : "Measurement Period",
                           "type" : "ParameterRef"
                        } ]
                     } ]
                  }
               }
            }
         }, {
            "localId" : "121",
            "locator" : "84:1-87:127",
            "name" : "Has Gonorrhea Testing",
            "context" : "Patient",
            "accessLevel" : "Public",
            "annotation" : [ {
               "type" : "Annotation",
               "s" : {
                  "r" : "121",
                  "s" : [ {
                     "value" : [ "","define ","\"Has Gonorrhea Testing\"",":\n  " ]
                  }, {
                     "r" : "120",
                     "s" : [ {
                        "value" : [ "exists " ]
                     }, {
                        "r" : "119",
                        "s" : [ {
                           "s" : [ {
                              "r" : "106",
                              "s" : [ {
                                 "r" : "105",
                                 "s" : [ {
                                    "r" : "105",
                                    "s" : [ {
                                       "value" : [ "[","\"Laboratory Test, Performed\"",": " ]
                                    }, {
                                       "s" : [ {
                                          "value" : [ "\"Gonorrhea Screening\"" ]
                                       } ]
                                    }, {
                                       "value" : [ "]" ]
                                    } ]
                                 } ]
                              }, {
                                 "value" : [ " ","GonorrheaTest" ]
                              } ]
                           } ]
                        }, {
                           "value" : [ "\n    " ]
                        }, {
                           "r" : "118",
                           "s" : [ {
                              "value" : [ "where " ]
                           }, {
                              "r" : "118",
                              "s" : [ {
                                 "r" : "109",
                                 "s" : [ {
                                    "r" : "108",
                                    "s" : [ {
                                       "r" : "107",
                                       "s" : [ {
                                          "value" : [ "GonorrheaTest" ]
                                       } ]
                                    }, {
                                       "value" : [ "." ]
                                    }, {
                                       "r" : "108",
                                       "s" : [ {
                                          "value" : [ "result" ]
                                       } ]
                                    } ]
                                 }, {
                                    "value" : [ " is not null" ]
                                 } ]
                              }, {
                                 "value" : [ "\n      and " ]
                              }, {
                                 "r" : "117",
                                 "s" : [ {
                                    "r" : "115",
                                    "s" : [ {
                                       "r" : "110",
                                       "s" : [ {
                                          "value" : [ "Global" ]
                                       } ]
                                    }, {
                                       "value" : [ "." ]
                                    }, {
                                       "r" : "115",
                                       "s" : [ {
                                          "value" : [ "\"LatestOf\""," ( " ]
                                       }, {
                                          "r" : "112",
                                          "s" : [ {
                                             "r" : "111",
                                             "s" : [ {
                                                "value" : [ "GonorrheaTest" ]
                                             } ]
                                          }, {
                                             "value" : [ "." ]
                                          }, {
                                             "r" : "112",
                                             "s" : [ {
                                                "value" : [ "relevantDatetime" ]
                                             } ]
                                          } ]
                                       }, {
                                          "value" : [ ", " ]
                                       }, {
                                          "r" : "114",
                                          "s" : [ {
                                             "r" : "113",
                                             "s" : [ {
                                                "value" : [ "GonorrheaTest" ]
                                             } ]
                                          }, {
                                             "value" : [ "." ]
                                          }, {
                                             "r" : "114",
                                             "s" : [ {
                                                "value" : [ "relevantPeriod" ]
                                             } ]
                                          } ]
                                       }, {
                                          "value" : [ " )" ]
                                       } ]
                                    } ]
                                 }, {
                                    "r" : "117",
                                    "value" : [ " ","during day of"," " ]
                                 }, {
                                    "r" : "116",
                                    "s" : [ {
                                       "value" : [ "\"Measurement Period\"" ]
                                    } ]
                                 } ]
                              } ]
                           } ]
                        } ]
                     } ]
                  } ]
               }
            } ],
            "expression" : {
               "localId" : "120",
               "locator" : "85:3-87:127",
               "type" : "Exists",
               "operand" : {
                  "localId" : "119",
                  "locator" : "85:10-87:127",
                  "type" : "Query",
                  "source" : [ {
                     "localId" : "106",
                     "locator" : "85:10-85:76",
                     "alias" : "GonorrheaTest",
                     "expression" : {
                        "localId" : "105",
                        "locator" : "85:10-85:62",
                        "dataType" : "{urn:healthit-gov:qdm:v5_6}PositiveLaboratoryTestPerformed",
                        "templateId" : "PositiveLaboratoryTestPerformed",
                        "codeProperty" : "code",
                        "codeComparator" : "in",
                        "type" : "Retrieve",
                        "codes" : {
                           "locator" : "85:41-85:61",
                           "name" : "Gonorrhea Screening",
                           "type" : "ValueSetRef"
                        }
                     }
                  } ],
                  "relationship" : [ ],
                  "where" : {
                     "localId" : "118",
                     "locator" : "86:5-87:127",
                     "type" : "And",
                     "operand" : [ {
                        "localId" : "109",
                        "locator" : "86:11-86:42",
                        "type" : "Not",
                        "operand" : {
                           "locator" : "86:11-86:42",
                           "type" : "IsNull",
                           "operand" : {
                              "localId" : "108",
                              "locator" : "86:11-86:30",
                              "path" : "result",
                              "scope" : "GonorrheaTest",
                              "type" : "Property"
                           }
                        }
                     }, {
                        "localId" : "117",
                        "locator" : "87:11-87:127",
                        "precision" : "Day",
                        "type" : "In",
                        "operand" : [ {
                           "localId" : "115",
                           "locator" : "87:11-87:92",
                           "name" : "LatestOf",
                           "libraryName" : "Global",
                           "type" : "FunctionRef",
                           "operand" : [ {
                              "localId" : "112",
                              "locator" : "87:31-87:60",
                              "path" : "relevantDatetime",
                              "scope" : "GonorrheaTest",
                              "type" : "Property"
                           }, {
                              "localId" : "114",
                              "locator" : "87:63-87:90",
                              "path" : "relevantPeriod",
                              "scope" : "GonorrheaTest",
                              "type" : "Property"
                           } ]
                        }, {
                           "localId" : "116",
                           "locator" : "87:108-87:127",
                           "name" : "Measurement Period",
                           "type" : "ParameterRef"
                        } ]
                     } ]
                  }
               }
            }
         }, {
            "localId" : "140",
            "locator" : "89:1-92:125",
            "name" : "Has Syphilis Testing",
            "context" : "Patient",
            "accessLevel" : "Public",
            "annotation" : [ {
               "type" : "Annotation",
               "s" : {
                  "r" : "140",
                  "s" : [ {
                     "value" : [ "","define ","\"Has Syphilis Testing\"",":\n  " ]
                  }, {
                     "r" : "139",
                     "s" : [ {
                        "value" : [ "exists " ]
                     }, {
                        "r" : "138",
                        "s" : [ {
                           "s" : [ {
                              "r" : "125",
                              "s" : [ {
                                 "r" : "124",
                                 "s" : [ {
                                    "r" : "124",
                                    "s" : [ {
                                       "value" : [ "[","\"Laboratory Test, Performed\"",": " ]
                                    }, {
                                       "s" : [ {
                                          "value" : [ "\"Syphilis Tests\"" ]
                                       } ]
                                    }, {
                                       "value" : [ "]" ]
                                    } ]
                                 } ]
                              }, {
                                 "value" : [ " ","SyphilisTest" ]
                              } ]
                           } ]
                        }, {
                           "value" : [ "\n    " ]
                        }, {
                           "r" : "137",
                           "s" : [ {
                              "value" : [ "where " ]
                           }, {
                              "r" : "137",
                              "s" : [ {
                                 "r" : "128",
                                 "s" : [ {
                                    "r" : "127",
                                    "s" : [ {
                                       "r" : "126",
                                       "s" : [ {
                                          "value" : [ "SyphilisTest" ]
                                       } ]
                                    }, {
                                       "value" : [ "." ]
                                    }, {
                                       "r" : "127",
                                       "s" : [ {
                                          "value" : [ "result" ]
                                       } ]
                                    } ]
                                 }, {
                                    "value" : [ " is not null" ]
                                 } ]
                              }, {
                                 "value" : [ "\n      and " ]
                              }, {
                                 "r" : "136",
                                 "s" : [ {
                                    "r" : "134",
                                    "s" : [ {
                                       "r" : "129",
                                       "s" : [ {
                                          "value" : [ "Global" ]
                                       } ]
                                    }, {
                                       "value" : [ "." ]
                                    }, {
                                       "r" : "134",
                                       "s" : [ {
                                          "value" : [ "\"LatestOf\""," ( " ]
                                       }, {
                                          "r" : "131",
                                          "s" : [ {
                                             "r" : "130",
                                             "s" : [ {
                                                "value" : [ "SyphilisTest" ]
                                             } ]
                                          }, {
                                             "value" : [ "." ]
                                          }, {
                                             "r" : "131",
                                             "s" : [ {
                                                "value" : [ "relevantDatetime" ]
                                             } ]
                                          } ]
                                       }, {
                                          "value" : [ ", " ]
                                       }, {
                                          "r" : "133",
                                          "s" : [ {
                                             "r" : "132",
                                             "s" : [ {
                                                "value" : [ "SyphilisTest" ]
                                             } ]
                                          }, {
                                             "value" : [ "." ]
                                          }, {
                                             "r" : "133",
                                             "s" : [ {
                                                "value" : [ "relevantPeriod" ]
                                             } ]
                                          } ]
                                       }, {
                                          "value" : [ " )" ]
                                       } ]
                                    } ]
                                 }, {
                                    "r" : "136",
                                    "value" : [ " ","during day of"," " ]
                                 }, {
                                    "r" : "135",
                                    "s" : [ {
                                       "value" : [ "\"Measurement Period\"" ]
                                    } ]
                                 } ]
                              } ]
                           } ]
                        } ]
                     } ]
                  } ]
               }
            } ],
            "expression" : {
               "localId" : "139",
               "locator" : "90:3-92:125",
               "type" : "Exists",
               "operand" : {
                  "localId" : "138",
                  "locator" : "90:10-92:125",
                  "type" : "Query",
                  "source" : [ {
                     "localId" : "125",
                     "locator" : "90:10-90:70",
                     "alias" : "SyphilisTest",
                     "expression" : {
                        "localId" : "124",
                        "locator" : "90:10-90:57",
                        "dataType" : "{urn:healthit-gov:qdm:v5_6}PositiveLaboratoryTestPerformed",
                        "templateId" : "PositiveLaboratoryTestPerformed",
                        "codeProperty" : "code",
                        "codeComparator" : "in",
                        "type" : "Retrieve",
                        "codes" : {
                           "locator" : "90:41-90:56",
                           "name" : "Syphilis Tests",
                           "type" : "ValueSetRef"
                        }
                     }
                  } ],
                  "relationship" : [ ],
                  "where" : {
                     "localId" : "137",
                     "locator" : "91:5-92:125",
                     "type" : "And",
                     "operand" : [ {
                        "localId" : "128",
                        "locator" : "91:11-91:41",
                        "type" : "Not",
                        "operand" : {
                           "locator" : "91:11-91:41",
                           "type" : "IsNull",
                           "operand" : {
                              "localId" : "127",
                              "locator" : "91:11-91:29",
                              "path" : "result",
                              "scope" : "SyphilisTest",
                              "type" : "Property"
                           }
                        }
                     }, {
                        "localId" : "136",
                        "locator" : "92:11-92:125",
                        "precision" : "Day",
                        "type" : "In",
                        "operand" : [ {
                           "localId" : "134",
                           "locator" : "92:11-92:90",
                           "name" : "LatestOf",
                           "libraryName" : "Global",
                           "type" : "FunctionRef",
                           "operand" : [ {
                              "localId" : "131",
                              "locator" : "92:31-92:59",
                              "path" : "relevantDatetime",
                              "scope" : "SyphilisTest",
                              "type" : "Property"
                           }, {
                              "localId" : "133",
                              "locator" : "92:62-92:88",
                              "path" : "relevantPeriod",
                              "scope" : "SyphilisTest",
                              "type" : "Property"
                           } ]
                        }, {
                           "localId" : "135",
                           "locator" : "92:106-92:125",
                           "name" : "Measurement Period",
                           "type" : "ParameterRef"
                        } ]
                     } ]
                  }
               }
            }
         }, {
            "localId" : "143",
            "locator" : "54:1-57:30",
            "name" : "Numerator",
            "context" : "Patient",
            "accessLevel" : "Public",
            "annotation" : [ {
               "type" : "Annotation",
               "s" : {
                  "r" : "143",
                  "s" : [ {
                     "value" : [ "","define ","\"Numerator\"",":\n  " ]
                  }, {
                     "r" : "142",
                     "s" : [ {
                        "r" : "123",
                        "s" : [ {
                           "r" : "104",
                           "s" : [ {
                              "value" : [ "\"Has Chlamydia Testing\"" ]
                           } ]
                        }, {
                           "value" : [ "\n    and " ]
                        }, {
                           "r" : "122",
                           "s" : [ {
                              "value" : [ "\"Has Gonorrhea Testing\"" ]
                           } ]
                        } ]
                     }, {
                        "value" : [ "\n    and " ]
                     }, {
                        "r" : "141",
                        "s" : [ {
                           "value" : [ "\"Has Syphilis Testing\"" ]
                        } ]
                     } ]
                  } ]
               }
            } ],
            "expression" : {
               "localId" : "142",
               "locator" : "55:3-57:30",
               "type" : "And",
               "operand" : [ {
                  "localId" : "123",
                  "locator" : "55:3-56:31",
                  "type" : "And",
                  "operand" : [ {
                     "localId" : "104",
                     "locator" : "55:3-55:25",
                     "name" : "Has Chlamydia Testing",
                     "type" : "ExpressionRef"
                  }, {
                     "localId" : "122",
                     "locator" : "56:9-56:31",
                     "name" : "Has Gonorrhea Testing",
                     "type" : "ExpressionRef"
                  } ]
               }, {
                  "localId" : "141",
                  "locator" : "57:9-57:30",
                  "name" : "Has Syphilis Testing",
                  "type" : "ExpressionRef"
               } ]
            }
         } ]
      }
   }
}