<?xml version="1.0" encoding="UTF-8" standalone="yes"?>
<QualityMeasureDocument xmlns="urn:hl7-org:v3"
                        xmlns:cql-ext="urn:hhs-cql:hqmf-n1-extensions:v1"
                        xmlns:xsi="http://www.w3.org/2001/XMLSchema-instance">

      <!--
            **************************************************************
            Measure Details Section
            **************************************************************
        -->
   <typeId extension="POQM_HD000001UV02" root="2.16.840.1.113883.1.3"/>
   <templateId>
      <item extension="2021-02-01" root="2.16.840.1.113883.10.20.28.1.2"/>
   </templateId>
   <id root="16e6a15d-3a8e-4926-8514-ae1a2f76b8d4"/>
   <code code="57024-2" codeSystem="2.16.840.1.113883.6.1">
      <displayName value="Health Quality Measure Document"/>
   </code>
   <title value="Malnutrition Care Score"/>
   <text
         value="This measure assesses the percentage of eligible encounters of adults aged 18 years and older at the start of the eligible encounter during the measurement period, with a length of stay equal to or greater than 24 hours, who received optimal malnutrition care where care performed was appropriate to the patient's level of malnutrition risk and severity. Malnutrition care best practices recommend that for each eligible encounter, adult inpatients are (1) screened for malnutrition risk or for a dietitian referral order to be placed, (2) assessed by a registered dietitian (RD) or registered dietitian nutritionist (RDN) to confirm findings of malnutrition risk, and if identified with a &quot;moderate&quot; or &quot;severe&quot; malnutrition status in the current performed nutrition assessment, (3) receive a &quot;moderate&quot; or &quot;severe&quot; malnutrition diagnosis by a physician or eligible clinician as defined by the Centers for Medicare &amp; Medicaid Services (CMS), and (4) have a current nutrition care plan performed by an RD/RDN."/>
   <statusCode code="COMPLETED"/>
   <setId root="bff5e631-bcd1-4e4b-af54-9d93cd19c835"/>
   <versionNumber value="5.4.000"/>
   <author>
      <responsibleParty classCode="ASSIGNED">
         <representedResponsibleOrganization classCode="ORG" determinerCode="INSTANCE">
            <id>
               <item root="2.16.840.1.113883.3.6308"/>
            </id>
            <name>
               <item>
                  <part value="Academy of Nutrition and Dietetics"/>
               </item>
            </name>
         </representedResponsibleOrganization>
      </responsibleParty>
   </author>
   <custodian>
      <responsibleParty classCode="ASSIGNED">
         <representedResponsibleOrganization classCode="ORG" determinerCode="INSTANCE">
            <id>
               <item root="2.16.840.1.113883.3.6308"/>
            </id>
            <name>
               <item>
                  <part value="Academy of Nutrition and Dietetics"/>
               </item>
            </name>
         </representedResponsibleOrganization>
      </responsibleParty>
   </custodian>
   <!--Ethnicity-->
   <definition>
      <valueSet classCode="OBS" moodCode="DEF">
         <id root="2.16.840.1.114222.4.11.837"/>
         <title value="Ethnicity"/>
      </valueSet>
   </definition>
   <!--Nutrition Care Plan-->
   <definition>
      <valueSet classCode="OBS" moodCode="DEF">
         <id root="2.16.840.1.113762.1.4.1095.93"/>
         <title value="Nutrition Care Plan"/>
      </valueSet>
   </definition>
   <!--Dietitian Referral-->
   <definition>
      <valueSet classCode="OBS" moodCode="DEF">
         <id root="2.16.840.1.113762.1.4.1095.91"/>
         <title value="Dietitian Referral"/>
      </valueSet>
   </definition>
   <!--Encounter Inpatient-->
   <definition>
      <valueSet classCode="OBS" moodCode="DEF">
         <id root="2.16.840.1.113883.3.666.5.307"/>
         <title value="Encounter Inpatient"/>
      </valueSet>
   </definition>
   <!--Malnutrition Screening Finding of At Risk Result-->
   <definition>
      <valueSet classCode="OBS" moodCode="DEF">
         <id root="2.16.840.1.113762.1.4.1095.89"/>
         <title value="Malnutrition Screening Finding of At Risk Result"/>
      </valueSet>
   </definition>
   <!--Nutrition Assessment Status Finding of Severely Malnourished-->
   <definition>
      <valueSet classCode="OBS" moodCode="DEF">
         <id root="2.16.840.1.113762.1.4.1095.43"/>
         <title value="Nutrition Assessment Status Finding of Severely Malnourished"/>
      </valueSet>
   </definition>
   <!--Hospice Care Referral or Admission-->
   <definition>
      <valueSet classCode="OBS" moodCode="DEF">
         <id root="2.16.840.1.113762.1.4.1116.365"/>
         <title value="Hospice Care Referral or Admission"/>
      </valueSet>
   </definition>
   <!--Race-->
   <definition>
      <valueSet classCode="OBS" moodCode="DEF">
         <id root="2.16.840.1.114222.4.11.836"/>
         <title value="Race"/>
      </valueSet>
   </definition>
   <!--Observation Services-->
   <definition>
      <valueSet classCode="OBS" moodCode="DEF">
         <id root="2.16.840.1.113762.1.4.1111.143"/>
         <title value="Observation Services"/>
      </valueSet>
   </definition>
   <!--Malnutrition Diagnosis-->
   <definition>
      <valueSet classCode="OBS" moodCode="DEF">
         <id root="2.16.840.1.113762.1.4.1095.55"/>
         <title value="Malnutrition Diagnosis"/>
      </valueSet>
   </definition>
   <!--Emergency Department Visit-->
   <definition>
      <valueSet classCode="OBS" moodCode="DEF">
         <id root="2.16.840.1.113883.3.117.1.7.1.292"/>
         <title value="Emergency Department Visit"/>
      </valueSet>
   </definition>
   <!--Hospice Status-->
   <definition>
      <valueSet classCode="OBS" moodCode="DEF">
         <id root="2.16.840.1.113762.1.4.1095.101"/>
         <title value="Hospice Status"/>
      </valueSet>
   </definition>
   <!--Nutrition Assessment-->
   <definition>
      <valueSet classCode="OBS" moodCode="DEF">
         <id root="2.16.840.1.113762.1.4.1095.21"/>
         <title value="Nutrition Assessment"/>
      </valueSet>
   </definition>
   <!--Malnutrition Risk Screening-->
   <definition>
      <valueSet classCode="OBS" moodCode="DEF">
         <id root="2.16.840.1.113762.1.4.1095.92"/>
         <title value="Malnutrition Risk Screening"/>
      </valueSet>
   </definition>
   <!--Malnutrition Screening Finding of Not At Risk Result-->
   <definition>
      <valueSet classCode="OBS" moodCode="DEF">
         <id root="2.16.840.1.113762.1.4.1095.34"/>
         <title value="Malnutrition Screening Finding of Not At Risk Result"/>
      </valueSet>
   </definition>
   <!--Payer Type-->
   <definition>
      <valueSet classCode="OBS" moodCode="DEF">
         <id root="2.16.840.1.114222.4.11.3591"/>
         <title value="Payer Type"/>
      </valueSet>
   </definition>
   <!--Nutrition Assessment Status Finding of Moderately Malnourished-->
   <definition>
      <valueSet classCode="OBS" moodCode="DEF">
         <id root="2.16.840.1.113762.1.4.1095.47"/>
         <title value="Nutrition Assessment Status Finding of Moderately Malnourished"/>
      </valueSet>
   </definition>
   <!--Nutrition Assessment Status Finding of Well Nourished or Not Malnourished or Mildly Malnourished-->
   <definition>
      <valueSet classCode="OBS" moodCode="DEF">
         <id root="2.16.840.1.113762.1.4.1095.96"/>
         <title value="Nutrition Assessment Status Finding of Well Nourished or Not Malnourished or Mildly Malnourished"/>
      </valueSet>
   </definition>
   <!--Federal Administrative Sex-->
   <definition>
      <valueSet classCode="OBS" moodCode="DEF">
         <id root="2.16.840.1.113762.1.4.1021.121"/>
         <title value="Federal Administrative Sex"/>
      </valueSet>
   </definition>
   <relatedDocument typeCode="COMP">
      <expressionDocument>
         <id root="da1151e8-543e-4ff4-a144-466d2495283d"/>
         <text mediaType="text/cql">
            <reference value="https://madie.cms.gov/libraries/bff5e631-bcd1-4e4b-af54-9d93cd19c835/CMS986MalnutritionScore-5.4.000.cql"/>
            <translation mediaType="application/elm+xml">
               <reference value="https://madie.cms.gov/libraries/bff5e631-bcd1-4e4b-af54-9d93cd19c835/CMS986MalnutritionScore-5.4.000.xml"/>
            </translation>
            <translation mediaType="application/elm+json">
               <reference value="https://madie.cms.gov/libraries/bff5e631-bcd1-4e4b-af54-9d93cd19c835/CMS986MalnutritionScore-5.4.000.json"/>
            </translation>
         </text>
         <setId extension="bff5e631-bcd1-4e4b-af54-9d93cd19c835"
                identifierName="CMS986MalnutritionScore"
                root="https://madie.cms.gov/libraries"/>
         <versionNumber value="5.4.000"/>
      </expressionDocument>
   </relatedDocument>
   <relatedDocument typeCode="COMP">
      <expressionDocument>
         <id root="abab419a-2a82-4b59-b071-7435f9f40377"/>
         <text mediaType="text/cql">
            <reference value="https://madie.cms.gov/libraries/abab419a-2a82-4b59-b071-7435f9f40377/CQMCommonQDM-9.0.000.cql"/>
            <translation mediaType="application/elm+xml">
               <reference value="https://madie.cms.gov/libraries/abab419a-2a82-4b59-b071-7435f9f40377/CQMCommonQDM-9.0.000.xml"/>
            </translation>
            <translation mediaType="application/elm+json">
               <reference value="https://madie.cms.gov/libraries/abab419a-2a82-4b59-b071-7435f9f40377/CQMCommonQDM-9.0.000.json"/>
            </translation>
         </text>
         <setId extension="abab419a-2a82-4b59-b071-7435f9f40377"
                identifierName="CQMCommonQDM"
                root="https://madie.cms.gov/libraries"/>
         <versionNumber value="9.0.000"/>
      </expressionDocument>
   </relatedDocument>
   <controlVariable>
      <measurePeriod>
         <id extension="measureperiod" root="da48b9a3-f1dc-4feb-9740-b49d1a205813"/>
         <code code="MSRTP" codeSystem="2.16.840.1.113883.5.4">
            <originalText value="Measurement Period"/>
         </code>
         <value highClosed="false" lowClosed="true" xsi:type="IVL_TS">
            <low value="20260101"/>
            <high value="20270101"/>
         </value>
      </measurePeriod>
   </controlVariable>
   <subjectOf>
      <measureAttribute>
         <code nullFlavor="OTH">
            <originalText value="CMS ID"/>
         </code>
         <value mediaType="text/plain" value="986" xsi:type="ED"/>
      </measureAttribute>
   </subjectOf>
   <subjectOf>
      <measureAttribute>
         <code nullFlavor="OTH">
            <originalText value="CBE Number"/>
         </code>
         <value mediaType="text/plain" value="3592e" xsi:type="ED"/>
      </measureAttribute>
   </subjectOf>
   <subjectOf>
      <measureAttribute>
         <code code="COPY" codeSystem="2.16.840.1.113883.5.4">
            <displayName value="Copyright"/>
         </code>
         <value mediaType="text/plain"
                value="Copyright (C) Academy of Nutrition and Dietetics 2025 Limited proprietary coding is contained in the measure specifications for convenience. Users of the proprietary code sets should obtain all necessary licenses from the owners of these code sets. LOINC(R) copyright 2004-2024 Regenstrief Institute, Inc. ICD-10 copyright 2024 World Health Organization. This material contains SNOMED Clinical Terms (R) (SNOMED CT [R]) copyright 2004-2024. International Health Terminology Standards Development Organisation. All Rights Reserved."
                xsi:type="ED"/>
      </measureAttribute>
   </subjectOf>
   <subjectOf>
      <measureAttribute>
         <code code="DISC" codeSystem="2.16.840.1.113883.5.4">
            <displayName value="Disclaimer"/>
         </code>
         <value mediaType="text/plain"
                value="This performance measure is not a clinical guideline, does not establish a standard of medical care, and has not been tested for all potential applications. THE MEASURE AND SPECIFICATIONS ARE PROVIDED &quot;AS IS&quot; WITHOUT WARRANTY OF ANY KIND. Due to technical limitations, copyright is indicated by (C) or [C], registered trademarks are indicated by (R) or [R], and unregistered trademarks are indicated by (TM) or [TM]."
                xsi:type="ED"/>
      </measureAttribute>
   </subjectOf>
   <subjectOf>
      <measureAttribute>
         <code code="MSRSCORE" codeSystem="2.16.840.1.113883.5.4">
            <displayName value="Measure Scoring"/>
         </code>
         <value code="CONTVAR" codeSystem="2.16.840.1.113883.5.1063" xsi:type="CD">
            <displayName value="Continuous Variable"/>
         </value>
      </measureAttribute>
   </subjectOf>
   <subjectOf>
      <measureAttribute>
         <code code="MSRTYPE" codeSystem="2.16.840.1.113883.5.4">
            <displayName value="Measure Type"/>
         </code>
         <value code="INTERM-OM"
                codeSystem="2.16.840.1.113883.5.1063"
                xsi:type="CD">
            <displayName value="Intermediate Outcome"/>
         </value>
      </measureAttribute>
   </subjectOf>
   <subjectOf>
      <measureAttribute>
         <code code="STRAT" codeSystem="2.16.840.1.113883.5.4">
            <displayName value="Stratification"/>
         </code>
         <value mediaType="text/plain" value="None" xsi:type="ED"/>
      </measureAttribute>
   </subjectOf>
   <subjectOf>
      <measureAttribute>
         <code code="MSRADJ" codeSystem="2.16.840.1.113883.5.4">
            <displayName value="Risk Adjustment"/>
         </code>
         <value mediaType="text/plain" value="None" xsi:type="ED"/>
      </measureAttribute>
   </subjectOf>
   <subjectOf>
      <measureAttribute>
         <code code="MSRAGG" codeSystem="2.16.840.1.113883.5.4">
            <displayName value="Rate Aggregation"/>
         </code>
         <value mediaType="text/plain"
                value="For the reporting facility, the Aggregate Operator 'Count' includes the number of eligible encounters during the measurement period. For the reporting facility, the Aggregate Operator 'Average' averages the performance of each &quot;Total Malnutrition Care Score as Percentage&quot; across all eligible encounters during the measurement period."
                xsi:type="ED"/>
      </measureAttribute>
   </subjectOf>
   <subjectOf>
      <measureAttribute>
         <code code="RAT" codeSystem="2.16.840.1.113883.5.4">
            <displayName value="Rationale"/>
         </code>
         <value mediaType="text/plain"
                value="Malnutrition has been documented in approximately one-third of patients in developed countries upon admission to the hospital, and, if left untreated, can significantly impact important clinical outcomes (Mogensen et al., 2019). Adult patients with malnutrition have a significantly longer hospital length of stay (LOS) (Hudson, Chittams, Griffith, &amp; Compher, 2018 and Mosquera et al., 2016) and significantly more patients with malnutrition have a LOS of greater than 7 days when compared to their well-nourished counterparts. Additionally, both higher rates of 30-day readmission and a significantly higher likelihood of 30-day readmission are observed in these patients (Mogensen et al., 2019; Hiller, Shaw, &amp; Fabri, 2016; Mosquera et al., 2016). Lastly, hospitalized adults with malnutrition have an increased likelihood of death within 90 days of discharge (Hiller, Shaw, &amp; Fabri, 2016). These consequences demonstrate the importance of addressing malnutrition in hospitalized patients to improve outcomes. The components of this measure are supported by clinical guidance that recommends (1) malnutrition screening for patients admitted into the acute inpatient care setting; (2) nutrition assessment for patients identified at risk for malnutrition or with a dietitian referral order to form the basis for appropriate nutrition interventions; (3) appropriate recognition, diagnosis, and documentation of the nutrition status of a patient in order to (4) address their condition with an appropriate plan of care and communicate patient needs to other care providers (Academy of Nutrition and Dietetics, 2017). The process for risk identification, assessment, diagnosis, and treatment of malnutrition necessitates a multi-disciplinary care team that begins with the identification of an initial risk population for a more thorough assessment by the RD/RDN. The RD/RDN, in turn, provides the necessary treatment recommendations to address nutrition problems utilizing a nutrition diagnosis and care plan, along with the clinical indicators that inform a medical diagnosis of malnutrition completed by a physician or eligible clinician as defined by CMS. The four measure observations individually provide a portion of the necessary information on the quality of care for patients at risk for or with malnutrition. Therefore, the four components are summed and averaged according to a patient’s degree of malnutrition and/or malnutrition risk to determine an encounter-level Malnutrition Care Score. High performance on this measure requires malnutrition risk screening and/or referral to RDNs for appropriate nutrition assessment for identified patients during the current hospitalization. For patients identified with moderate or severe malnutrition by the nutrition assessment, best practice also recommends a medical diagnosis by a physician or other eligible clinician and the execution of the nutrition care plan by an RD/RDN. Evidence demonstrates that implementing a standardized protocol for screening, assessment, diagnosis, and care planning results in better identification of patients with malnutrition and subsequent improvements in rates of associated nutrition interventions. Outcomes modeling demonstrates benefits to patient outcomes, including reduced risk of 30-day readmissions, length of hospital stays, and complications, as well as improved quality of life after hospitalization (Sriram et al., 2016)."
                xsi:type="ED"/>
      </measureAttribute>
   </subjectOf>
   <subjectOf>
      <measureAttribute>
         <code code="CRS" codeSystem="2.16.840.1.113883.5.4">
            <displayName value="Clinical Recommendation Statement"/>
         </code>
         <value mediaType="text/plain"
                value="American Society for Parenteral and Enteral Nutrition (ASPEN) clinical guidelines on nutrition screening, assessment, and intervention in adults indicate that screening for nutrition risk is suggested for hospitalized patients (Mueller, Compher, Druyan, &amp; ASPEN Board of Directors, 2011). This guideline places nutrition assessment and screening in the context of intervention as part of nutrition care. Screening those individuals at risk for malnutrition is the first step in nutrition care as risk for malnutrition, identified by nutrition screening, is associated with longer length of hospital stay, complications, and mortality. Malnutrition screening is also a predictor of mortality risk. Malnourished patients, identified by nutrition assessment tools, have more complications and longer hospitalizations than do patients with optimal nutrition status. Such patients, identified by nutrition assessment tools, have more infectious and noninfectious complications, longer hospital length of stay, and greater mortality. Nutrition intervention is recommended for patients identified by assessment as at risk for malnutrition or malnourished. Nutrition intervention with associated monitoring and evaluation plans in patients identified as at risk for malnutrition or malnourished improves clinical outcomes. Nutrition interventions and their associated monitoring and evaluation plans in malnourished patients are associated with improved nutrition status, nutrient intake, physical function, and quality of life. Hospital readmissions, inpatient length of stay, and complications were reduced with increased nutrition support interventions."
                xsi:type="ED"/>
      </measureAttribute>
   </subjectOf>
   <subjectOf>
      <measureAttribute>
         <code code="IDUR" codeSystem="2.16.840.1.113883.5.4">
            <displayName value="Improvement Notation"/>
         </code>
         <value mediaType="text/plain"
                value="Increased score indicates improvement"
                xsi:type="ED"/>
      </measureAttribute>
   </subjectOf>
   <subjectOf>
      <measureAttribute>
         <code code="REF" codeSystem="2.16.840.1.113883.5.4">
            <displayName value="Reference"/>
         </code>
         <value mediaType="text/plain"
                value="Citation Academy of Nutrition and Dietetics. The Nutrition Care Process Model. Published 2017. Accessed June 12, 2023. https://www.ncpro.org/pubs/2020-encpt-en/ncp-model"
                xsi:type="ED"/>
      </measureAttribute>
   </subjectOf>
   <subjectOf>
      <measureAttribute>
         <code code="REF" codeSystem="2.16.840.1.113883.5.4">
            <displayName value="Reference"/>
         </code>
         <value mediaType="text/plain"
                value="Citation Hiller, L.D., Shaw R.F., &amp; Fabri P.J. (2017) Difference in composite end point of readmission and death between malnourished and nonmalnourished veterans assessed using Academy of Nutrition and Dietetics/American Society for Parenteral and Enteral Nutrition clinical characteristics. Journal of Parenteral and Enteral Nutrition, 41(8), 1316-1324. https://doi.org/10.1177/0148607116668523"
                xsi:type="ED"/>
      </measureAttribute>
   </subjectOf>
   <subjectOf>
      <measureAttribute>
         <code code="REF" codeSystem="2.16.840.1.113883.5.4">
            <displayName value="Reference"/>
         </code>
         <value mediaType="text/plain"
                value="Citation Hudson, L., Chittams, J., Griffith, C., &amp; Compher, C. (2018) Malnutrition identified by Academy of Nutrition and Dietetics/American Society for Parenteral and Enteral Nutrition is associated with more 30-day readmissions, greater hospital mortality, and longer hospital stays: a retrospective analysis of nutrition assessment data in a major medical center. Journal of Parenteral and Enteral Nutrition, 42(5), 892-897. https://doi.org/10.1002/jpen.1021"
                xsi:type="ED"/>
      </measureAttribute>
   </subjectOf>
   <subjectOf>
      <measureAttribute>
         <code code="REF" codeSystem="2.16.840.1.113883.5.4">
            <displayName value="Reference"/>
         </code>
         <value mediaType="text/plain"
                value="Citation Mogensen, K.M., Malone, A., Becker, P., Cutrell, S., Frank, L., Gonzales, K., ... Guenter, P. (2019) Academy of Nutrition and Dietetics/American Society for Parenteral and Enteral Nutrition Consensus Malnutrition Characteristics: Usability and Association With Outcomes. Nutrition in Clinical Practice, 34 (5), 657–665. https://doi.org/10.1002/ncp.10310"
                xsi:type="ED"/>
      </measureAttribute>
   </subjectOf>
   <subjectOf>
      <measureAttribute>
         <code code="REF" codeSystem="2.16.840.1.113883.5.4">
            <displayName value="Reference"/>
         </code>
         <value mediaType="text/plain"
                value="Citation Mosquera, C., Koutlas, N.J., Edwards, K.C., Strickland, A., Vohra, N. A., Zervos, E.E., &amp; Fitzgerald, T.L. (2016). Impact of malnutrition on gastrointestinal surgical patients. Journal of Surgical Research. 205(1), 95-101. https://doi.org/10.1016/j.jss.2016.05.030"
                xsi:type="ED"/>
      </measureAttribute>
   </subjectOf>
   <subjectOf>
      <measureAttribute>
         <code code="REF" codeSystem="2.16.840.1.113883.5.4">
            <displayName value="Reference"/>
         </code>
         <value mediaType="text/plain"
                value="Citation Mueller C, Compher C, Druyan M.E., &amp; the ASPEN Board of Directors. (2011). ASPEN clinical guidelines on nutrition screening, assessment, and intervention in adults: Journal of Parenteral and Enteral Nutrition, 35(1), 16-24. https://doi.org/10.1177/0148607110389335"
                xsi:type="ED"/>
      </measureAttribute>
   </subjectOf>
   <subjectOf>
      <measureAttribute>
         <code code="REF" codeSystem="2.16.840.1.113883.5.4">
            <displayName value="Reference"/>
         </code>
         <value mediaType="text/plain"
                value="Citation Sriram K, Sulo S, VanDerBosch G, Partridge J, Feldstein J, Hegazi RA, Summerfelt WT. (2016) A comprehensive nutrition-focused quality improvement program reduces 30-day readmissions and length of stay in hospitalized patients. Journal of Parenteral and Enteral Nutrition, 41(3), 384-391. https://doi.org/10.1177/0148607116681468"
                xsi:type="ED"/>
      </measureAttribute>
   </subjectOf>
   <subjectOf>
      <measureAttribute>
         <code code="DEF" codeSystem="2.16.840.1.113883.5.4">
            <displayName value="Definition"/>
         </code>
         <value mediaType="text/plain"
                value="Malnutrition Risk Screening - the process of identifying and referring those individuals and populations who are at risk for nutrition-related problems, are appropriate for nutrition care services, and would benefit from nutrition interventions. For the inpatient or acute care setting, the Malnutrition Risk Screening can be completed by any eligible healthcare clinician as defined by local, state and federal guidelines. Nutrition Assessment - a systematic approach for collecting, classifying, and synthesizing important and relevant data to describe nutritional status related nutritional problems, and their causes. This assessment includes review of the &quot;whole&quot; patient and evaluates the anthropometrics (i.e., body measurements and proportions), biochemical data (i.e., laboratory findings), clinical observations, and diet history (also known as 'ABCD'). For the inpatient or acute care setting, the Nutrition Assessment is performed by a RD or RDN. Malnutrition Diagnosis - a documented diagnosis that identifies and describes a specific nutrition problem(s) that can be resolved or improved through nutrition intervention(s), monitoring, and evaluation. For the inpatient or acute care setting, the Malnutrition Diagnosis is identified by the physician or other eligible clinician as defined by CMS based on the scope of practice regulations within the respective state, commonwealth, or territory of care delivery. Nutrition Care Plan - a documented plan based on information collected during the Nutrition Assessment of individualized nutrition recommendations, interventions, and monitoring and evaluation plans that are directed toward resolving the Malnutrition Diagnosis by altering or eliminating the nutrition etiology. The Nutrition Care Plan may encompass the interventions of Food and Nutrient Delivery, Nutrition Education, Nutrition Counseling, Coordination of Nutrition Care, and Population Based Nutrition Action, along with a plan for monitoring and evaluation, and is documented by the RD or RDN."
                xsi:type="ED"/>
      </measureAttribute>
   </subjectOf>
   <subjectOf>
      <measureAttribute>
         <code code="GUIDE" codeSystem="2.16.840.1.113883.5.4">
            <displayName value="Guidance"/>
         </code>
         <value mediaType="text/plain"
                value="This measure is constructed of four clinically eligible components that are aggregated as an arithmetic average of eligible encounters and expressed as a percentage. The four populations used to calculate the four components may differ and the measure observations for the four components do not need to be performed sequentially. This eCQM is an episode-based measure. An episode is defined as each eligible encounter with a length of stay of greater than or equal to 24 hours among individuals 18 years of age and older at the start of the inpatient encounter. This version of the eCQM uses QDM version 5.6. Please refer to the eCQI resource center (https://ecqi.healthit.gov/qdm) for more information on the QDM."
                xsi:type="ED"/>
      </measureAttribute>
   </subjectOf>
   <subjectOf>
      <measureAttribute>
         <code code="TRANF" codeSystem="2.16.840.1.113883.5.4">
            <displayName value="Transmission Format"/>
         </code>
         <value mediaType="text/plain" value="TBD" xsi:type="ED"/>
      </measureAttribute>
   </subjectOf>
   <subjectOf>
      <measureAttribute>
         <code code="IPOP" codeSystem="2.16.840.1.113883.5.4">
            <displayName value="Initial Population"/>
         </code>
         <value mediaType="text/plain"
                value="Eligible encounters during the measurement period with length of stay of 24 hours or more among individuals 18 years of age and older at the start of the inpatient encounter"
                xsi:type="ED"/>
      </measureAttribute>
   </subjectOf>
   <subjectOf>
      <measureAttribute>
         <code code="MSRPOPL" codeSystem="2.16.840.1.113883.5.4">
            <displayName value="Measure Population"/>
         </code>
         <value mediaType="text/plain"
                value="Equals Initial Population"
                xsi:type="ED"/>
      </measureAttribute>
   </subjectOf>
   <subjectOf>
      <measureAttribute>
         <code code="MSRPOPLEX" codeSystem="2.16.840.1.113883.5.4">
            <displayName value="Measure Population Exclusions"/>
         </code>
         <value mediaType="text/plain"
                value="Encounters with a discharge disposition for hospice care or with a hospice care order during the inpatient qualifying encounter"
                xsi:type="ED"/>
      </measureAttribute>
   </subjectOf>
   <subjectOf>
      <measureAttribute>
         <code code="MSROBS" codeSystem="2.16.840.1.113883.5.4">
            <displayName value="Measure Observation"/>
         </code>
         <value mediaType="text/plain"
                value="Component Measure 1: Eligible encounters for patients with a current &quot;Malnutrition Risk Screening&quot; performed by an eligible healthcare clinician or a Dietitian Referral. &quot;Measure Observation 1&quot; is &quot;Encounters with Malnutrition Risk Screening and Identified Result or a Dietitian Referral&quot; &quot;Measure Observation 1&quot; identifies eligible encounters where a &quot;Malnutrition Risk Screening&quot; was performed or authored during the encounter (including preceding observation or emergency department encounters) with an identified &quot;Malnutrition Screening Finding of Not At Risk Result&quot; or &quot;Malnutrition Screening Finding of At Risk Result&quot;. It also identifies an eligible encounter where there is a Dietitian Referral, whether there is a &quot;Malnutrition Risk Screening&quot; performed or not. Component Measure 2: Eligible encounters for patients with a documented &quot;Nutrition Assessment&quot; performed by an RD/RDN, after a &quot;Malnutrition Screening Finding of At Risk Result&quot; or a &quot;Dietitian Referral&quot; order from a physician or eligible clinician during the current encounter. &quot;Measure Observation 2&quot; is &quot;Encounter With Most Recent Nutrition Assessment And Identified Status&quot; &quot;Measure Observation 2&quot; identifies eligible encounters where a &quot;Nutrition Assessment&quot; was performed or authored during the encounter (including preceding observation or emergency department encounters) with an identified &quot;Nutrition Assessment Status Finding of Well Nourished or Not Malnourished or Mildly Malnourished&quot;, &quot;Nutrition Assessment Status Finding of Moderately Malnourished&quot;, or &quot;Nutrition Assessment Status Finding of Severely Malnourished&quot;. Component Measure 3: Eligible encounters for patients with a documented &quot;Malnutrition Diagnosis&quot; based on the most recent finding of &quot;Nutrition Assessment Status Finding of Moderately Malnourished&quot; or &quot;Nutrition Assessment Status Finding of Severely Malnourished&quot;. &quot;Measure Observation 3&quot; is &quot;Encounters with Malnutrition Diagnosis&quot; &quot;Measure Observation 3&quot; identifies eligible encounters where a &quot;Malnutrition Diagnosis&quot; was active during the encounter (including preceding observation or emergency department encounters). Component Measure 4: Eligible encounters for patients with a documented &quot;Nutrition Care Plan&quot; based on the most recent finding of &quot;Nutrition Assessment Status Finding of Moderately Malnourished&quot; or “Nutrition Assessment Status Finding of Severely Malnourished”. “Measure Observation 4” is “Encounters with Nutrition Care Plan” &quot;Measure Observation 4&quot; identifies eligible encounters where a &quot;Nutrition Care Plan&quot; was performed or authored during the encounter (including preceding observation or emergency department encounters). Population 5 &quot;Measure Observation Total Malnutrition Components Score&quot; Calculations -For each eligible encounter, Population Criteria 5 represents the subtotal of Measure Observations performed for Population Criteria 1, 2, 3, and 4. Possible values may be 0, 1, 2, 3, or 4. Population 5 &quot;Measure Observation Total Malnutrition Components Score&quot; is (&quot;Measure Observation 1&quot; plus &quot;Measure Observation 2&quot; plus &quot;Measure Observation 3&quot; plus &quot;Measure Observation 4&quot;) Population 6 &quot;Measure Observation Total Malnutrition Care Score as Percentage&quot; Calculations: -For each eligible encounter, Population Criteria 6 represents the sum of performed Measure Observations 1, 2, 3, and 4 divided by the number of clinically eligible occurrences. Population 6 &quot;Measure Observation Total Malnutrition Care Score as Percentage&quot; is 100 multiplied by (&quot;Measure Observation Total Malnutrition Components Score&quot; divided by &quot;Total Malnutrition Care Score Eligible Occurrences&quot;). Possible values may be 0, 50, 75, or 100 percent. &quot;Total Malnutrition Care Score Eligible Occurrences&quot; is always 4 except in the following instances: -The &quot;Total Malnutrition Care Score Eligible Occurrences&quot; is 1 if ---A &quot;Malnutrition Risk Screening&quot; was performed and a &quot;Malnutrition Screening Finding of Not At Risk Result&quot; was identified and &quot;Dietitian Referral&quot; was not ordered. - The &quot;Total Malnutrition Care Score Eligible Occurrences&quot; is 2 ---If the most recent &quot;Nutrition Assessment&quot; performed has a result of &quot;Nutrition Status Finding of Well Nourished or Not Malnourished or Mildly Malnourished&quot;. --- A &quot;Malnutrition Risk Screening&quot; was performed and a &quot;Malnutrition Screening Finding of Not At Risk Result&quot; was identified and &quot;Dietitian Referral&quot; was ordered or a &quot;Malnutrition Risk Screening&quot; was performed and a &quot;Malnutrition Screening Finding of At Risk Result&quot; was identified but the “Nutrition Assessment” was not performed."
                xsi:type="ED"/>
      </measureAttribute>
   </subjectOf>
   <subjectOf>
      <measureAttribute>
         <code code="SDE" codeSystem="2.16.840.1.113883.5.4">
            <displayName value="Supplemental Data Elements"/>
         </code>
         <value mediaType="text/plain"
                value="For every patient evaluated by this measure also identify payer, race, ethnicity and sex"
                xsi:type="ED"/>
      </measureAttribute>
   </subjectOf>
   <componentOf>
      <qualityMeasureSet classCode="ACT">
         <id root="bff5e631-bcd1-4e4b-af54-9d93cd19c835"/>
         <title value="None"/>
      </qualityMeasureSet>
   </componentOf>
   <!--Data Criteria Section-->
   <component>
      <dataCriteriaSection>
         <templateId>
            <item extension="2021-02-01" root="2.16.840.1.113883.10.20.28.2.6"/>
         </templateId>
         <code code="57025-9" codeSystem="2.16.840.1.113883.6.1"/>
         <title value="Data Criteria Section"/>
         <text/>
         <entry typeCode="DRIV">
            <localVariableName value="Ethnicity_PatientCharacteristicEthnicity_ZYMLU"/>
            <observationCriteria classCode="OBS" moodCode="EVN">
               <templateId>
                  <item extension="2017-05-01" root="2.16.840.1.113883.10.20.28.4.56"/>
               </templateId>
               <id extension="Ethnicity_PatientCharacteristicEthnicity"
                   root="1cc273a5-a403-42c4-a3ca-7dfc066e20e0"/>
               <code code="54133-4"
                     codeSystem="2.16.840.1.113883.6.1"
                     codeSystemName="LOINC">
                  <displayName value="Ethnicity"/>
               </code>
               <title value="Patient Characteristic Ethnicity"/>
               <statusCode code="COMPLETED"/>
               <value valueSet="2.16.840.1.114222.4.11.837" xsi:type="CD"/>
            </observationCriteria>
         </entry>
         <entry typeCode="DRIV">
            <localVariableName value="NutritionCarePlan_InterventionPerformed_AXFir"/>
            <actCriteria classCode="ACT" moodCode="EVN">
               <templateId>
                  <item extension="2021-02-01" root="2.16.840.1.113883.10.20.28.4.36"/>
               </templateId>
               <id extension="NutritionCarePlan_InterventionPerformed"
                   root="bddad0d5-09a3-4954-abdd-ea767d4fb261"/>
               <code valueSet="2.16.840.1.113762.1.4.1095.93"/>
               <title value="Intervention, Performed"/>
               <statusCode code="COMPLETED"/>
            </actCriteria>
         </entry>
         <entry typeCode="DRIV">
            <localVariableName value="DietitianReferral_InterventionPerformed_ax1wW"/>
            <actCriteria classCode="ACT" moodCode="EVN">
               <templateId>
                  <item extension="2021-02-01" root="2.16.840.1.113883.10.20.28.4.36"/>
               </templateId>
               <id extension="DietitianReferral_InterventionPerformed"
                   root="66413752-25ee-4a1e-aaa6-9b1fcc0f05dc"/>
               <code valueSet="2.16.840.1.113762.1.4.1095.91"/>
               <title value="Intervention, Performed"/>
               <statusCode code="COMPLETED"/>
            </actCriteria>
         </entry>
         <entry typeCode="DRIV">
            <localVariableName value="EncounterInpatient_EncounterPerformed_ijquS"/>
            <encounterCriteria classCode="ENC" moodCode="EVN">
               <templateId>
                  <item extension="2021-02-01" root="2.16.840.1.113883.10.20.28.4.5"/>
               </templateId>
               <id extension="EncounterInpatient_EncounterPerformed"
                   root="9d2cb87e-05a5-4173-ba58-8a8bf1bbb1bc"/>
               <code valueSet="2.16.840.1.113883.3.666.5.307"/>
               <title value="Encounter, Performed"/>
               <statusCode code="COMPLETED"/>
            </encounterCriteria>
         </entry>
         <entry typeCode="DRIV">
            <localVariableName value="Race_PatientCharacteristicRace_vRORs"/>
            <observationCriteria classCode="OBS" moodCode="EVN">
               <templateId>
                  <item extension="2017-05-01" root="2.16.840.1.113883.10.20.28.4.59"/>
               </templateId>
               <id extension="Race_PatientCharacteristicRace"
                   root="2dd3bbe3-0cad-4564-b7ba-7658e0594258"/>
               <code code="32624-9"
                     codeSystem="2.16.840.1.113883.6.1"
                     codeSystemName="LOINC">
                  <displayName value="Race"/>
               </code>
               <title value="Patient Characteristic Race"/>
               <statusCode code="COMPLETED"/>
               <value valueSet="2.16.840.1.114222.4.11.836" xsi:type="CD"/>
            </observationCriteria>
         </entry>
         <entry typeCode="DRIV">
            <localVariableName value="ObservationServices_EncounterPerformed_tVwPu"/>
            <encounterCriteria classCode="ENC" moodCode="EVN">
               <templateId>
                  <item extension="2021-02-01" root="2.16.840.1.113883.10.20.28.4.5"/>
               </templateId>
               <id extension="ObservationServices_EncounterPerformed"
                   root="6f43e871-2375-4322-b77f-c6f7cced24b9"/>
               <code valueSet="2.16.840.1.113762.1.4.1111.143"/>
               <title value="Encounter, Performed"/>
               <statusCode code="COMPLETED"/>
            </encounterCriteria>
         </entry>
         <entry typeCode="DRIV">
            <localVariableName value="MalnutritionDiagnosis_Diagnosis_uMiW3"/>
            <observationCriteria classCode="OBS" moodCode="EVN">
               <templateId>
                  <item extension="2021-02-01" root="2.16.840.1.113883.10.20.28.4.110"/>
               </templateId>
               <id extension="MalnutritionDiagnosis_Diagnosis"
                   root="4b1e8012-5263-448e-bcf1-51220e4afcad"/>
               <code code="282291009"
                     codeSystem="2.16.840.1.113883.6.96"
                     codeSystemName="SNOMED CT">
                  <displayName value="Diagnosis"/>
               </code>
               <title value="Diagnosis"/>
               <statusCode code="COMPLETED"/>
               <value valueSet="2.16.840.1.113762.1.4.1095.55" xsi:type="CD"/>
            </observationCriteria>
         </entry>
         <entry typeCode="DRIV">
            <localVariableName value="EmergencyDepartmentVisit_EncounterPerformed_fkLFc"/>
            <encounterCriteria classCode="ENC" moodCode="EVN">
               <templateId>
                  <item extension="2021-02-01" root="2.16.840.1.113883.10.20.28.4.5"/>
               </templateId>
               <id extension="EmergencyDepartmentVisit_EncounterPerformed"
                   root="6f91812d-7c81-44fd-82a2-bdd1f0369db2"/>
               <code valueSet="2.16.840.1.113883.3.117.1.7.1.292"/>
               <title value="Encounter, Performed"/>
               <statusCode code="COMPLETED"/>
            </encounterCriteria>
         </entry>
         <entry typeCode="DRIV">
            <localVariableName value="HospiceStatus_InterventionOrder_A5cXf"/>
            <actCriteria classCode="ACT" moodCode="RQO">
               <templateId>
                  <item extension="2021-02-01" root="2.16.840.1.113883.10.20.28.4.35"/>
               </templateId>
               <id extension="HospiceStatus_InterventionOrder"
                   root="ce9c7644-b15b-45bd-bcc8-bf4e4b4c994d"/>
               <code valueSet="2.16.840.1.113762.1.4.1095.101"/>
               <title value="Intervention, Order"/>
               <statusCode code="ACTIVE"/>
            </actCriteria>
         </entry>
         <entry typeCode="DRIV">
            <localVariableName value="NutritionAssessment_AssessmentPerformed_sNacX"/>
            <observationCriteria classCode="OBS" moodCode="EVN">
               <templateId>
                  <item extension="2021-02-01" root="2.16.840.1.113883.10.20.28.4.117"/>
               </templateId>
               <id extension="NutritionAssessment_AssessmentPerformed"
                   root="79bb223f-9c3e-40c5-9d54-21b304413477"/>
               <code valueSet="2.16.840.1.113762.1.4.1095.21"/>
               <title value="Assessment, Performed"/>
               <statusCode code="COMPLETED"/>
            </observationCriteria>
         </entry>
         <entry typeCode="DRIV">
            <localVariableName value="MalnutritionRiskScreening_AssessmentPerformed_G5F9g"/>
            <observationCriteria classCode="OBS" moodCode="EVN">
               <templateId>
                  <item extension="2021-02-01" root="2.16.840.1.113883.10.20.28.4.117"/>
               </templateId>
               <id extension="MalnutritionRiskScreening_AssessmentPerformed"
                   root="8c43042c-3610-4708-94fc-931d826039ab"/>
               <code valueSet="2.16.840.1.113762.1.4.1095.92"/>
               <title value="Assessment, Performed"/>
               <statusCode code="COMPLETED"/>
            </observationCriteria>
         </entry>
         <entry typeCode="DRIV">
            <localVariableName value="PayerType_PatientCharacteristicPayer_UWphj"/>
            <observationCriteria classCode="OBS" moodCode="EVN">
               <templateId>
                  <item extension="2017-05-01" root="2.16.840.1.113883.10.20.28.4.58"/>
               </templateId>
               <id extension="PayerType_PatientCharacteristicPayer"
                   root="9aad16b2-c383-413d-a229-59cc32765b8a"/>
               <code code="48768-6"
                     codeSystem="2.16.840.1.113883.6.1"
                     codeSystemName="LOINC">
                  <displayName value="Payer Type"/>
               </code>
               <title value="Patient Characteristic Payer"/>
               <statusCode code="COMPLETED"/>
               <value valueSet="2.16.840.1.114222.4.11.3591" xsi:type="CD"/>
            </observationCriteria>
         </entry>
         <entry typeCode="DRIV">
            <localVariableName value="DietitianReferral_InterventionOrder_WkJng"/>
            <actCriteria classCode="ACT" moodCode="RQO">
               <templateId>
                  <item extension="2021-02-01" root="2.16.840.1.113883.10.20.28.4.35"/>
               </templateId>
               <id extension="DietitianReferral_InterventionOrder"
                   root="4444b6a6-f8bf-4d25-a27a-7368aa69df6e"/>
               <code valueSet="2.16.840.1.113762.1.4.1095.91"/>
               <title value="Intervention, Order"/>
               <statusCode code="ACTIVE"/>
            </actCriteria>
         </entry>
         <entry typeCode="DRIV">
            <localVariableName value="FederalAdministrativeSex_PatientCharacteristicSex_1Aucq"/>
            <observationCriteria classCode="OBS" moodCode="EVN">
               <templateId>
                  <item extension="2017-05-01" root="2.16.840.1.113883.10.20.28.4.55"/>
               </templateId>
               <id extension="FederalAdministrativeSex_PatientCharacteristicSex"
                   root="eac2650e-6cf3-43dd-8f6b-8aa56e2ddc0c"/>
               <code code="263495000"
                     codeSystem="2.16.840.1.113883.6.96"
                     codeSystemName="SNOMED CT">
                  <displayName value="Gender"/>
               </code>
               <title value="Patient Characteristic Sex"/>
               <statusCode code="COMPLETED"/>
               <value valueSet="2.16.840.1.113762.1.4.1021.121" xsi:type="CD"/>
            </observationCriteria>
         </entry>
      </dataCriteriaSection>
   </component>
   <component>
      <populationCriteriaSection>
         <templateId>
            <item extension="2017-08-01" root="2.16.840.1.113883.10.20.28.2.7"/>
         </templateId>
         <id extension="PopulationCriteria1"
             root="24ba8237-1ab0-414d-954e-d31d524500c7"/>
         <code code="57026-7" codeSystem="2.16.840.1.113883.6.1"/>
         <title value="Population Criteria Section"/>
         <text/>
         <component typeCode="COMP">
            <initialPopulationCriteria classCode="OBS" moodCode="EVN">
               <id extension="initialPopulation"
                   root="F879011D-BC35-4542-952A-5DEE230C9453"/>
               <code code="IPOP"
                     codeSystem="2.16.840.1.113883.5.4"
                     codeSystemName="Act Code"/>
               <precondition typeCode="PRCN">
                  <criteriaReference classCode="OBS" moodCode="EVN">
                     <id extension="CMS986MalnutritionScore.&quot;Initial Population&quot;"
                         root="da1151e8-543e-4ff4-a144-466d2495283d"/>
                  </criteriaReference>
               </precondition>
            </initialPopulationCriteria>
         </component>
         <component typeCode="COMP">
            <measurePopulationCriteria classCode="OBS" moodCode="EVN">
               <id extension="measurePopulation"
                   root="CA6D462E-43A3-4CD3-B341-A161EEF58A60"/>
               <code code="MSRPOPL"
                     codeSystem="2.16.840.1.113883.5.4"
                     codeSystemName="Act Code"/>
               <precondition typeCode="PRCN">
                  <criteriaReference classCode="OBS" moodCode="EVN">
                     <id extension="CMS986MalnutritionScore.&quot;Measure Population&quot;"
                         root="da1151e8-543e-4ff4-a144-466d2495283d"/>
                  </criteriaReference>
               </precondition>
            </measurePopulationCriteria>
         </component>
         <component typeCode="COMP">
            <measurePopulationExclusionCriteria classCode="OBS" moodCode="EVN">
               <id extension="measurePopulationExclusions"
                   root="c8125fc6-5e0c-4c31-8ab9-442543811369"/>
               <code code="MSRPOPLEX"
                     codeSystem="2.16.840.1.113883.5.4"
                     codeSystemName="Act Code"/>
               <precondition typeCode="PRCN">
                  <criteriaReference classCode="OBS" moodCode="EVN">
                     <id extension="CMS986MalnutritionScore.&quot;Measure Population Exclusion&quot;"
                         root="da1151e8-543e-4ff4-a144-466d2495283d"/>
                  </criteriaReference>
               </precondition>
            </measurePopulationExclusionCriteria>
         </component>
         <component typeCode="COMP">
            <cql-ext:supplementalDataElement>
               <id extension="Supplemental Data Elements"
                   root="613a6773-5bb4-4149-8051-e3ffeb4b3af1"/>
               <code code="SDE"
                     codeSystem="2.16.840.1.113883.5.4"
                     codeSystemName="Act Code"/>
               <precondition typeCode="PRCN">
                  <criteriaReference classCode="OBS" moodCode="EVN">
                     <id extension="CMS986MalnutritionScore.&quot;SDE Ethnicity&quot;"
                         root="da1151e8-543e-4ff4-a144-466d2495283d"/>
                  </criteriaReference>
               </precondition>
            </cql-ext:supplementalDataElement>
         </component>
         <component typeCode="COMP">
            <cql-ext:supplementalDataElement>
               <id extension="Supplemental Data Elements"
                   root="3ec9abef-cc90-4c48-abb5-3c386ac71a4d"/>
               <code code="SDE"
                     codeSystem="2.16.840.1.113883.5.4"
                     codeSystemName="Act Code"/>
               <precondition typeCode="PRCN">
                  <criteriaReference classCode="OBS" moodCode="EVN">
                     <id extension="CMS986MalnutritionScore.&quot;SDE Race&quot;"
                         root="da1151e8-543e-4ff4-a144-466d2495283d"/>
                  </criteriaReference>
               </precondition>
            </cql-ext:supplementalDataElement>
         </component>
         <component typeCode="COMP">
            <cql-ext:supplementalDataElement>
               <id extension="Supplemental Data Elements"
                   root="3534fea6-c639-4e73-b282-1c01757df1ae"/>
               <code code="SDE"
                     codeSystem="2.16.840.1.113883.5.4"
                     codeSystemName="Act Code"/>
               <precondition typeCode="PRCN">
                  <criteriaReference classCode="OBS" moodCode="EVN">
                     <id extension="CMS986MalnutritionScore.&quot;SDE Sex&quot;"
                         root="da1151e8-543e-4ff4-a144-466d2495283d"/>
                  </criteriaReference>
               </precondition>
            </cql-ext:supplementalDataElement>
         </component>
         <component typeCode="COMP">
            <cql-ext:supplementalDataElement>
               <id extension="Supplemental Data Elements"
                   root="80fb9b76-c908-47ff-85bd-c4794f32cbf2"/>
               <code code="SDE"
                     codeSystem="2.16.840.1.113883.5.4"
                     codeSystemName="Act Code"/>
               <precondition typeCode="PRCN">
                  <criteriaReference classCode="OBS" moodCode="EVN">
                     <id extension="CMS986MalnutritionScore.&quot;SDE Payer&quot;"
                         root="da1151e8-543e-4ff4-a144-466d2495283d"/>
                  </criteriaReference>
               </precondition>
            </cql-ext:supplementalDataElement>
         </component>
      </populationCriteriaSection>
   </component>
   <component>
      <populationCriteriaSection>
         <templateId>
            <item extension="2017-08-01" root="2.16.840.1.113883.10.20.28.2.7"/>
         </templateId>
         <id extension="PopulationCriteria2"
             root="d09b9905-c6eb-48d5-9a7f-8354d5f32d7a"/>
         <code code="57026-7" codeSystem="2.16.840.1.113883.6.1"/>
         <title value="Population Criteria Section"/>
         <text/>
         <component typeCode="COMP">
            <initialPopulationCriteria classCode="OBS" moodCode="EVN">
               <id extension="initialPopulation"
                   root="4D2A5E36-D7F7-4A0C-BE43-8B5F3596D064"/>
               <code code="IPOP"
                     codeSystem="2.16.840.1.113883.5.4"
                     codeSystemName="Act Code"/>
               <precondition typeCode="PRCN">
                  <criteriaReference classCode="OBS" moodCode="EVN">
                     <id extension="CMS986MalnutritionScore.&quot;Initial Population&quot;"
                         root="da1151e8-543e-4ff4-a144-466d2495283d"/>
                  </criteriaReference>
               </precondition>
            </initialPopulationCriteria>
         </component>
         <component typeCode="COMP">
            <measurePopulationCriteria classCode="OBS" moodCode="EVN">
               <id extension="measurePopulation"
                   root="47EED9BD-B2F7-4C0B-B7E4-9541D45A1604"/>
               <code code="MSRPOPL"
                     codeSystem="2.16.840.1.113883.5.4"
                     codeSystemName="Act Code"/>
               <precondition typeCode="PRCN">
                  <criteriaReference classCode="OBS" moodCode="EVN">
                     <id extension="CMS986MalnutritionScore.&quot;Measure Population&quot;"
                         root="da1151e8-543e-4ff4-a144-466d2495283d"/>
                  </criteriaReference>
               </precondition>
            </measurePopulationCriteria>
         </component>
         <component typeCode="COMP">
            <measurePopulationExclusionCriteria classCode="OBS" moodCode="EVN">
               <id extension="measurePopulationExclusions"
                   root="afa8fa1f-05c2-4701-9fb5-13dc6325e24e"/>
               <code code="MSRPOPLEX"
                     codeSystem="2.16.840.1.113883.5.4"
                     codeSystemName="Act Code"/>
               <precondition typeCode="PRCN">
                  <criteriaReference classCode="OBS" moodCode="EVN">
                     <id extension="CMS986MalnutritionScore.&quot;Measure Population Exclusion&quot;"
                         root="da1151e8-543e-4ff4-a144-466d2495283d"/>
                  </criteriaReference>
               </precondition>
            </measurePopulationExclusionCriteria>
         </component>
         <component typeCode="COMP">
            <cql-ext:supplementalDataElement>
               <id extension="Supplemental Data Elements"
                   root="242909ce-317c-4cd4-bce3-a636aa8d4fb3"/>
               <code code="SDE"
                     codeSystem="2.16.840.1.113883.5.4"
                     codeSystemName="Act Code"/>
               <precondition typeCode="PRCN">
                  <criteriaReference classCode="OBS" moodCode="EVN">
                     <id extension="CMS986MalnutritionScore.&quot;SDE Ethnicity&quot;"
                         root="da1151e8-543e-4ff4-a144-466d2495283d"/>
                  </criteriaReference>
               </precondition>
            </cql-ext:supplementalDataElement>
         </component>
         <component typeCode="COMP">
            <cql-ext:supplementalDataElement>
               <id extension="Supplemental Data Elements"
                   root="9d9daee2-62b4-40ad-886c-811657e1e6e4"/>
               <code code="SDE"
                     codeSystem="2.16.840.1.113883.5.4"
                     codeSystemName="Act Code"/>
               <precondition typeCode="PRCN">
                  <criteriaReference classCode="OBS" moodCode="EVN">
                     <id extension="CMS986MalnutritionScore.&quot;SDE Race&quot;"
                         root="da1151e8-543e-4ff4-a144-466d2495283d"/>
                  </criteriaReference>
               </precondition>
            </cql-ext:supplementalDataElement>
         </component>
         <component typeCode="COMP">
            <cql-ext:supplementalDataElement>
               <id extension="Supplemental Data Elements"
                   root="8aae825e-2357-46d2-8bf0-efba883ef9bf"/>
               <code code="SDE"
                     codeSystem="2.16.840.1.113883.5.4"
                     codeSystemName="Act Code"/>
               <precondition typeCode="PRCN">
                  <criteriaReference classCode="OBS" moodCode="EVN">
                     <id extension="CMS986MalnutritionScore.&quot;SDE Sex&quot;"
                         root="da1151e8-543e-4ff4-a144-466d2495283d"/>
                  </criteriaReference>
               </precondition>
            </cql-ext:supplementalDataElement>
         </component>
         <component typeCode="COMP">
            <cql-ext:supplementalDataElement>
               <id extension="Supplemental Data Elements"
                   root="c56d8f4c-cede-48f0-aecf-c00c98224093"/>
               <code code="SDE"
                     codeSystem="2.16.840.1.113883.5.4"
                     codeSystemName="Act Code"/>
               <precondition typeCode="PRCN">
                  <criteriaReference classCode="OBS" moodCode="EVN">
                     <id extension="CMS986MalnutritionScore.&quot;SDE Payer&quot;"
                         root="da1151e8-543e-4ff4-a144-466d2495283d"/>
                  </criteriaReference>
               </precondition>
            </cql-ext:supplementalDataElement>
         </component>
      </populationCriteriaSection>
   </component>
   <component>
      <populationCriteriaSection>
         <templateId>
            <item extension="2017-08-01" root="2.16.840.1.113883.10.20.28.2.7"/>
         </templateId>
         <id extension="PopulationCriteria3"
             root="6cc7ec73-3834-44e2-b353-879a15206b21"/>
         <code code="57026-7" codeSystem="2.16.840.1.113883.6.1"/>
         <title value="Population Criteria Section"/>
         <text/>
         <component typeCode="COMP">
            <initialPopulationCriteria classCode="OBS" moodCode="EVN">
               <id extension="initialPopulation"
                   root="97C2A627-6FA9-468B-B397-1785B10813A0"/>
               <code code="IPOP"
                     codeSystem="2.16.840.1.113883.5.4"
                     codeSystemName="Act Code"/>
               <precondition typeCode="PRCN">
                  <criteriaReference classCode="OBS" moodCode="EVN">
                     <id extension="CMS986MalnutritionScore.&quot;Initial Population&quot;"
                         root="da1151e8-543e-4ff4-a144-466d2495283d"/>
                  </criteriaReference>
               </precondition>
            </initialPopulationCriteria>
         </component>
         <component typeCode="COMP">
            <measurePopulationCriteria classCode="OBS" moodCode="EVN">
               <id extension="measurePopulation"
                   root="DB0D5DD3-4770-4EE0-8C22-5BFFA2EBD48C"/>
               <code code="MSRPOPL"
                     codeSystem="2.16.840.1.113883.5.4"
                     codeSystemName="Act Code"/>
               <precondition typeCode="PRCN">
                  <criteriaReference classCode="OBS" moodCode="EVN">
                     <id extension="CMS986MalnutritionScore.&quot;Measure Population&quot;"
                         root="da1151e8-543e-4ff4-a144-466d2495283d"/>
                  </criteriaReference>
               </precondition>
            </measurePopulationCriteria>
         </component>
         <component typeCode="COMP">
            <measurePopulationExclusionCriteria classCode="OBS" moodCode="EVN">
               <id extension="measurePopulationExclusions"
                   root="0ba647a1-10bc-4d65-846d-2b8f3cf9616a"/>
               <code code="MSRPOPLEX"
                     codeSystem="2.16.840.1.113883.5.4"
                     codeSystemName="Act Code"/>
               <precondition typeCode="PRCN">
                  <criteriaReference classCode="OBS" moodCode="EVN">
                     <id extension="CMS986MalnutritionScore.&quot;Measure Population Exclusion&quot;"
                         root="da1151e8-543e-4ff4-a144-466d2495283d"/>
                  </criteriaReference>
               </precondition>
            </measurePopulationExclusionCriteria>
         </component>
         <component typeCode="COMP">
            <cql-ext:supplementalDataElement>
               <id extension="Supplemental Data Elements"
                   root="58ecbaeb-bb45-42d5-9533-c32f3692b669"/>
               <code code="SDE"
                     codeSystem="2.16.840.1.113883.5.4"
                     codeSystemName="Act Code"/>
               <precondition typeCode="PRCN">
                  <criteriaReference classCode="OBS" moodCode="EVN">
                     <id extension="CMS986MalnutritionScore.&quot;SDE Ethnicity&quot;"
                         root="da1151e8-543e-4ff4-a144-466d2495283d"/>
                  </criteriaReference>
               </precondition>
            </cql-ext:supplementalDataElement>
         </component>
         <component typeCode="COMP">
            <cql-ext:supplementalDataElement>
               <id extension="Supplemental Data Elements"
                   root="1c255aee-7041-414d-9e9d-4546d4b1571b"/>
               <code code="SDE"
                     codeSystem="2.16.840.1.113883.5.4"
                     codeSystemName="Act Code"/>
               <precondition typeCode="PRCN">
                  <criteriaReference classCode="OBS" moodCode="EVN">
                     <id extension="CMS986MalnutritionScore.&quot;SDE Race&quot;"
                         root="da1151e8-543e-4ff4-a144-466d2495283d"/>
                  </criteriaReference>
               </precondition>
            </cql-ext:supplementalDataElement>
         </component>
         <component typeCode="COMP">
            <cql-ext:supplementalDataElement>
               <id extension="Supplemental Data Elements"
                   root="e9d9f24b-34ce-4deb-9209-df2092b0b8cf"/>
               <code code="SDE"
                     codeSystem="2.16.840.1.113883.5.4"
                     codeSystemName="Act Code"/>
               <precondition typeCode="PRCN">
                  <criteriaReference classCode="OBS" moodCode="EVN">
                     <id extension="CMS986MalnutritionScore.&quot;SDE Sex&quot;"
                         root="da1151e8-543e-4ff4-a144-466d2495283d"/>
                  </criteriaReference>
               </precondition>
            </cql-ext:supplementalDataElement>
         </component>
         <component typeCode="COMP">
            <cql-ext:supplementalDataElement>
               <id extension="Supplemental Data Elements"
                   root="1e4bca9e-ee88-4568-81be-613234dabcb6"/>
               <code code="SDE"
                     codeSystem="2.16.840.1.113883.5.4"
                     codeSystemName="Act Code"/>
               <precondition typeCode="PRCN">
                  <criteriaReference classCode="OBS" moodCode="EVN">
                     <id extension="CMS986MalnutritionScore.&quot;SDE Payer&quot;"
                         root="da1151e8-543e-4ff4-a144-466d2495283d"/>
                  </criteriaReference>
               </precondition>
            </cql-ext:supplementalDataElement>
         </component>
      </populationCriteriaSection>
   </component>
   <component>
      <populationCriteriaSection>
         <templateId>
            <item extension="2017-08-01" root="2.16.840.1.113883.10.20.28.2.7"/>
         </templateId>
         <id extension="PopulationCriteria4"
             root="ad51ec41-27d4-4bfc-a07c-54372f9c888c"/>
         <code code="57026-7" codeSystem="2.16.840.1.113883.6.1"/>
         <title value="Population Criteria Section"/>
         <text/>
         <component typeCode="COMP">
            <initialPopulationCriteria classCode="OBS" moodCode="EVN">
               <id extension="initialPopulation"
                   root="A699A594-0568-4B2F-B3AE-23680927118C"/>
               <code code="IPOP"
                     codeSystem="2.16.840.1.113883.5.4"
                     codeSystemName="Act Code"/>
               <precondition typeCode="PRCN">
                  <criteriaReference classCode="OBS" moodCode="EVN">
                     <id extension="CMS986MalnutritionScore.&quot;Initial Population&quot;"
                         root="da1151e8-543e-4ff4-a144-466d2495283d"/>
                  </criteriaReference>
               </precondition>
            </initialPopulationCriteria>
         </component>
         <component typeCode="COMP">
            <measurePopulationCriteria classCode="OBS" moodCode="EVN">
               <id extension="measurePopulation"
                   root="12AF860E-16C3-47D0-958C-4A948EFF299D"/>
               <code code="MSRPOPL"
                     codeSystem="2.16.840.1.113883.5.4"
                     codeSystemName="Act Code"/>
               <precondition typeCode="PRCN">
                  <criteriaReference classCode="OBS" moodCode="EVN">
                     <id extension="CMS986MalnutritionScore.&quot;Measure Population&quot;"
                         root="da1151e8-543e-4ff4-a144-466d2495283d"/>
                  </criteriaReference>
               </precondition>
            </measurePopulationCriteria>
         </component>
         <component typeCode="COMP">
            <measurePopulationExclusionCriteria classCode="OBS" moodCode="EVN">
               <id extension="measurePopulationExclusions"
                   root="3d2bc884-763c-4fd1-b67b-840b62d88bc4"/>
               <code code="MSRPOPLEX"
                     codeSystem="2.16.840.1.113883.5.4"
                     codeSystemName="Act Code"/>
               <precondition typeCode="PRCN">
                  <criteriaReference classCode="OBS" moodCode="EVN">
                     <id extension="CMS986MalnutritionScore.&quot;Measure Population Exclusion&quot;"
                         root="da1151e8-543e-4ff4-a144-466d2495283d"/>
                  </criteriaReference>
               </precondition>
            </measurePopulationExclusionCriteria>
         </component>
         <component typeCode="COMP">
            <cql-ext:supplementalDataElement>
               <id extension="Supplemental Data Elements"
                   root="773eacc3-34cb-421b-a3f8-0bf92418c1ce"/>
               <code code="SDE"
                     codeSystem="2.16.840.1.113883.5.4"
                     codeSystemName="Act Code"/>
               <precondition typeCode="PRCN">
                  <criteriaReference classCode="OBS" moodCode="EVN">
                     <id extension="CMS986MalnutritionScore.&quot;SDE Ethnicity&quot;"
                         root="da1151e8-543e-4ff4-a144-466d2495283d"/>
                  </criteriaReference>
               </precondition>
            </cql-ext:supplementalDataElement>
         </component>
         <component typeCode="COMP">
            <cql-ext:supplementalDataElement>
               <id extension="Supplemental Data Elements"
                   root="5e1652fe-3bee-4404-a11d-abd7cb0a7c51"/>
               <code code="SDE"
                     codeSystem="2.16.840.1.113883.5.4"
                     codeSystemName="Act Code"/>
               <precondition typeCode="PRCN">
                  <criteriaReference classCode="OBS" moodCode="EVN">
                     <id extension="CMS986MalnutritionScore.&quot;SDE Race&quot;"
                         root="da1151e8-543e-4ff4-a144-466d2495283d"/>
                  </criteriaReference>
               </precondition>
            </cql-ext:supplementalDataElement>
         </component>
         <component typeCode="COMP">
            <cql-ext:supplementalDataElement>
               <id extension="Supplemental Data Elements"
                   root="e885e37d-c7bd-4477-a813-fb38b68fea48"/>
               <code code="SDE"
                     codeSystem="2.16.840.1.113883.5.4"
                     codeSystemName="Act Code"/>
               <precondition typeCode="PRCN">
                  <criteriaReference classCode="OBS" moodCode="EVN">
                     <id extension="CMS986MalnutritionScore.&quot;SDE Sex&quot;"
                         root="da1151e8-543e-4ff4-a144-466d2495283d"/>
                  </criteriaReference>
               </precondition>
            </cql-ext:supplementalDataElement>
         </component>
         <component typeCode="COMP">
            <cql-ext:supplementalDataElement>
               <id extension="Supplemental Data Elements"
                   root="172cf429-c0ec-4ef7-b4f5-d967a15ee016"/>
               <code code="SDE"
                     codeSystem="2.16.840.1.113883.5.4"
                     codeSystemName="Act Code"/>
               <precondition typeCode="PRCN">
                  <criteriaReference classCode="OBS" moodCode="EVN">
                     <id extension="CMS986MalnutritionScore.&quot;SDE Payer&quot;"
                         root="da1151e8-543e-4ff4-a144-466d2495283d"/>
                  </criteriaReference>
               </precondition>
            </cql-ext:supplementalDataElement>
         </component>
      </populationCriteriaSection>
   </component>
   <component>
      <populationCriteriaSection>
         <templateId>
            <item extension="2017-08-01" root="2.16.840.1.113883.10.20.28.2.7"/>
         </templateId>
         <id extension="PopulationCriteria5"
             root="c631ec61-cbe4-4482-b43a-37d2c2e67e24"/>
         <code code="57026-7" codeSystem="2.16.840.1.113883.6.1"/>
         <title value="Population Criteria Section"/>
         <text/>
         <component typeCode="COMP">
            <initialPopulationCriteria classCode="OBS" moodCode="EVN">
               <id extension="initialPopulation"
                   root="D3F7B404-1029-4282-98E2-16B7AF1CBC6D"/>
               <code code="IPOP"
                     codeSystem="2.16.840.1.113883.5.4"
                     codeSystemName="Act Code"/>
               <precondition typeCode="PRCN">
                  <criteriaReference classCode="OBS" moodCode="EVN">
                     <id extension="CMS986MalnutritionScore.&quot;Initial Population&quot;"
                         root="da1151e8-543e-4ff4-a144-466d2495283d"/>
                  </criteriaReference>
               </precondition>
            </initialPopulationCriteria>
         </component>
         <component typeCode="COMP">
            <measurePopulationCriteria classCode="OBS" moodCode="EVN">
               <id extension="measurePopulation"
                   root="CE7659BC-9727-4DD8-BF62-80B24AD79C10"/>
               <code code="MSRPOPL"
                     codeSystem="2.16.840.1.113883.5.4"
                     codeSystemName="Act Code"/>
               <precondition typeCode="PRCN">
                  <criteriaReference classCode="OBS" moodCode="EVN">
                     <id extension="CMS986MalnutritionScore.&quot;Measure Population&quot;"
                         root="da1151e8-543e-4ff4-a144-466d2495283d"/>
                  </criteriaReference>
               </precondition>
            </measurePopulationCriteria>
         </component>
         <component typeCode="COMP">
            <measurePopulationExclusionCriteria classCode="OBS" moodCode="EVN">
               <id extension="measurePopulationExclusions"
                   root="56276f23-8a03-4f5a-bd70-843f8722a290"/>
               <code code="MSRPOPLEX"
                     codeSystem="2.16.840.1.113883.5.4"
                     codeSystemName="Act Code"/>
               <precondition typeCode="PRCN">
                  <criteriaReference classCode="OBS" moodCode="EVN">
                     <id extension="CMS986MalnutritionScore.&quot;Measure Population Exclusion&quot;"
                         root="da1151e8-543e-4ff4-a144-466d2495283d"/>
                  </criteriaReference>
               </precondition>
            </measurePopulationExclusionCriteria>
         </component>
         <component typeCode="COMP">
            <cql-ext:supplementalDataElement>
               <id extension="Supplemental Data Elements"
                   root="abb9cf3d-3bcb-4c81-9ad6-5ddd39ceffd0"/>
               <code code="SDE"
                     codeSystem="2.16.840.1.113883.5.4"
                     codeSystemName="Act Code"/>
               <precondition typeCode="PRCN">
                  <criteriaReference classCode="OBS" moodCode="EVN">
                     <id extension="CMS986MalnutritionScore.&quot;SDE Ethnicity&quot;"
                         root="da1151e8-543e-4ff4-a144-466d2495283d"/>
                  </criteriaReference>
               </precondition>
            </cql-ext:supplementalDataElement>
         </component>
         <component typeCode="COMP">
            <cql-ext:supplementalDataElement>
               <id extension="Supplemental Data Elements"
                   root="1f18fffd-0dbe-467c-9b07-143f21e09725"/>
               <code code="SDE"
                     codeSystem="2.16.840.1.113883.5.4"
                     codeSystemName="Act Code"/>
               <precondition typeCode="PRCN">
                  <criteriaReference classCode="OBS" moodCode="EVN">
                     <id extension="CMS986MalnutritionScore.&quot;SDE Race&quot;"
                         root="da1151e8-543e-4ff4-a144-466d2495283d"/>
                  </criteriaReference>
               </precondition>
            </cql-ext:supplementalDataElement>
         </component>
         <component typeCode="COMP">
            <cql-ext:supplementalDataElement>
               <id extension="Supplemental Data Elements"
                   root="f7583747-e598-4ed1-8c82-577accd16ee6"/>
               <code code="SDE"
                     codeSystem="2.16.840.1.113883.5.4"
                     codeSystemName="Act Code"/>
               <precondition typeCode="PRCN">
                  <criteriaReference classCode="OBS" moodCode="EVN">
                     <id extension="CMS986MalnutritionScore.&quot;SDE Sex&quot;"
                         root="da1151e8-543e-4ff4-a144-466d2495283d"/>
                  </criteriaReference>
               </precondition>
            </cql-ext:supplementalDataElement>
         </component>
         <component typeCode="COMP">
            <cql-ext:supplementalDataElement>
               <id extension="Supplemental Data Elements"
                   root="49a6a184-5555-4569-ba40-9f37592ae2c5"/>
               <code code="SDE"
                     codeSystem="2.16.840.1.113883.5.4"
                     codeSystemName="Act Code"/>
               <precondition typeCode="PRCN">
                  <criteriaReference classCode="OBS" moodCode="EVN">
                     <id extension="CMS986MalnutritionScore.&quot;SDE Payer&quot;"
                         root="da1151e8-543e-4ff4-a144-466d2495283d"/>
                  </criteriaReference>
               </precondition>
            </cql-ext:supplementalDataElement>
         </component>
      </populationCriteriaSection>
   </component>
   <component>
      <populationCriteriaSection>
         <templateId>
            <item extension="2017-08-01" root="2.16.840.1.113883.10.20.28.2.7"/>
         </templateId>
         <id extension="PopulationCriteria6"
             root="069b8325-bc80-4034-ae98-0096ef206b67"/>
         <code code="57026-7" codeSystem="2.16.840.1.113883.6.1"/>
         <title value="Population Criteria Section"/>
         <text/>
         <component typeCode="COMP">
            <initialPopulationCriteria classCode="OBS" moodCode="EVN">
               <id extension="initialPopulation"
                   root="3D0B8AF3-AF35-4FBB-A211-A5D9D6B9029B"/>
               <code code="IPOP"
                     codeSystem="2.16.840.1.113883.5.4"
                     codeSystemName="Act Code"/>
               <precondition typeCode="PRCN">
                  <criteriaReference classCode="OBS" moodCode="EVN">
                     <id extension="CMS986MalnutritionScore.&quot;Initial Population&quot;"
                         root="da1151e8-543e-4ff4-a144-466d2495283d"/>
                  </criteriaReference>
               </precondition>
            </initialPopulationCriteria>
         </component>
         <component typeCode="COMP">
            <measurePopulationCriteria classCode="OBS" moodCode="EVN">
               <id extension="measurePopulation"
                   root="D4A25944-3CA4-41FD-AD82-A996E3C4BC52"/>
               <code code="MSRPOPL"
                     codeSystem="2.16.840.1.113883.5.4"
                     codeSystemName="Act Code"/>
               <precondition typeCode="PRCN">
                  <criteriaReference classCode="OBS" moodCode="EVN">
                     <id extension="CMS986MalnutritionScore.&quot;Measure Population&quot;"
                         root="da1151e8-543e-4ff4-a144-466d2495283d"/>
                  </criteriaReference>
               </precondition>
            </measurePopulationCriteria>
         </component>
         <component typeCode="COMP">
            <measurePopulationExclusionCriteria classCode="OBS" moodCode="EVN">
               <id extension="measurePopulationExclusions"
                   root="ed40319d-121b-4d18-a0c9-4962f3e51553"/>
               <code code="MSRPOPLEX"
                     codeSystem="2.16.840.1.113883.5.4"
                     codeSystemName="Act Code"/>
               <precondition typeCode="PRCN">
                  <criteriaReference classCode="OBS" moodCode="EVN">
                     <id extension="CMS986MalnutritionScore.&quot;Measure Population Exclusion&quot;"
                         root="da1151e8-543e-4ff4-a144-466d2495283d"/>
                  </criteriaReference>
               </precondition>
            </measurePopulationExclusionCriteria>
         </component>
         <component typeCode="COMP">
            <cql-ext:supplementalDataElement>
               <id extension="Supplemental Data Elements"
                   root="7c109223-4b9c-4783-9dc9-b0a567f0e6d6"/>
               <code code="SDE"
                     codeSystem="2.16.840.1.113883.5.4"
                     codeSystemName="Act Code"/>
               <precondition typeCode="PRCN">
                  <criteriaReference classCode="OBS" moodCode="EVN">
                     <id extension="CMS986MalnutritionScore.&quot;SDE Ethnicity&quot;"
                         root="da1151e8-543e-4ff4-a144-466d2495283d"/>
                  </criteriaReference>
               </precondition>
            </cql-ext:supplementalDataElement>
         </component>
         <component typeCode="COMP">
            <cql-ext:supplementalDataElement>
               <id extension="Supplemental Data Elements"
                   root="39ee4b89-f788-4e5c-b49b-c34c2bbb2993"/>
               <code code="SDE"
                     codeSystem="2.16.840.1.113883.5.4"
                     codeSystemName="Act Code"/>
               <precondition typeCode="PRCN">
                  <criteriaReference classCode="OBS" moodCode="EVN">
                     <id extension="CMS986MalnutritionScore.&quot;SDE Race&quot;"
                         root="da1151e8-543e-4ff4-a144-466d2495283d"/>
                  </criteriaReference>
               </precondition>
            </cql-ext:supplementalDataElement>
         </component>
         <component typeCode="COMP">
            <cql-ext:supplementalDataElement>
               <id extension="Supplemental Data Elements"
                   root="5f1853a9-b114-4b51-9ed3-485ecb0ee9c2"/>
               <code code="SDE"
                     codeSystem="2.16.840.1.113883.5.4"
                     codeSystemName="Act Code"/>
               <precondition typeCode="PRCN">
                  <criteriaReference classCode="OBS" moodCode="EVN">
                     <id extension="CMS986MalnutritionScore.&quot;SDE Sex&quot;"
                         root="da1151e8-543e-4ff4-a144-466d2495283d"/>
                  </criteriaReference>
               </precondition>
            </cql-ext:supplementalDataElement>
         </component>
         <component typeCode="COMP">
            <cql-ext:supplementalDataElement>
               <id extension="Supplemental Data Elements"
                   root="2453f7a6-a0fe-443a-bf15-d812bd300ce7"/>
               <code code="SDE"
                     codeSystem="2.16.840.1.113883.5.4"
                     codeSystemName="Act Code"/>
               <precondition typeCode="PRCN">
                  <criteriaReference classCode="OBS" moodCode="EVN">
                     <id extension="CMS986MalnutritionScore.&quot;SDE Payer&quot;"
                         root="da1151e8-543e-4ff4-a144-466d2495283d"/>
                  </criteriaReference>
               </precondition>
            </cql-ext:supplementalDataElement>
         </component>
      </populationCriteriaSection>
   </component>
   <component>
      <measureObservationSection>
         <templateId>
            <item extension="2018-05-01" root="2.16.840.1.113883.10.20.28.2.4"/>
         </templateId>
         <id extension="MeasureObservations"
             root="bbe0a724-05d1-4288-b61f-79aa56caf3ff"/>
         <code code="57027-5"
               codeSystem="2.16.840.1.113883.6.1"
               codeSystemName="LOINC"/>
         <title value="Measure Observation Section"/>
         <text/>
         <!--Definition for Measure Observation-->
         <definition>
            <measureObservationDefinition classCode="OBS" moodCode="DEF">
               <id extension="SUM Of Measure Observation 1"
                   root="1DAD138D-7D69-4951-ADC9-8A9B7AE94A03"/>
               <code code="AGGREGATE" codeSystem="2.16.840.1.113883.5.4"/>
               <value nullFlavor="DER" xsi:type="INT">
                  <expression value="CMS986MalnutritionScore.&quot;Measure Observation 1&quot;"/>
               </value>
               <methodCode>
                  <item code="SUM" codeSystem="2.16.840.1.113883.5.84"/>
               </methodCode>
               <component typeCode="COMP">
                  <criteriaReference classCode="OBS" moodCode="EVN">
                     <id extension="measurePopulation"
                         root="CA6D462E-43A3-4CD3-B341-A161EEF58A60"/>
                  </criteriaReference>
               </component>
            </measureObservationDefinition>
         </definition>
         <!--Definition for Measure Observation-->
         <definition>
            <measureObservationDefinition classCode="OBS" moodCode="DEF">
               <id extension="SUM Of Measure Observation 2"
                   root="FD895159-A683-41E5-9F48-C0D62CEBCF19"/>
               <code code="AGGREGATE" codeSystem="2.16.840.1.113883.5.4"/>
               <value nullFlavor="DER" xsi:type="INT">
                  <expression value="CMS986MalnutritionScore.&quot;Measure Observation 2&quot;"/>
               </value>
               <methodCode>
                  <item code="SUM" codeSystem="2.16.840.1.113883.5.84"/>
               </methodCode>
               <component typeCode="COMP">
                  <criteriaReference classCode="OBS" moodCode="EVN">
                     <id extension="measurePopulation"
                         root="47EED9BD-B2F7-4C0B-B7E4-9541D45A1604"/>
                  </criteriaReference>
               </component>
            </measureObservationDefinition>
         </definition>
         <!--Definition for Measure Observation-->
         <definition>
            <measureObservationDefinition classCode="OBS" moodCode="DEF">
               <id extension="SUM Of Measure Observation 3"
                   root="17A46F74-620D-4FE6-A7D0-37EB9B3CDB42"/>
               <code code="AGGREGATE" codeSystem="2.16.840.1.113883.5.4"/>
               <value nullFlavor="DER" xsi:type="INT">
                  <expression value="CMS986MalnutritionScore.&quot;Measure Observation 3&quot;"/>
               </value>
               <methodCode>
                  <item code="SUM" codeSystem="2.16.840.1.113883.5.84"/>
               </methodCode>
               <component typeCode="COMP">
                  <criteriaReference classCode="OBS" moodCode="EVN">
                     <id extension="measurePopulation"
                         root="DB0D5DD3-4770-4EE0-8C22-5BFFA2EBD48C"/>
                  </criteriaReference>
               </component>
            </measureObservationDefinition>
         </definition>
         <!--Definition for Measure Observation-->
         <definition>
            <measureObservationDefinition classCode="OBS" moodCode="DEF">
               <id extension="SUM Of Measure Observation 4"
                   root="B310C08A-FB38-4115-A994-127CAEAEE38B"/>
               <code code="AGGREGATE" codeSystem="2.16.840.1.113883.5.4"/>
               <value nullFlavor="DER" xsi:type="INT">
                  <expression value="CMS986MalnutritionScore.&quot;Measure Observation 4&quot;"/>
               </value>
               <methodCode>
                  <item code="SUM" codeSystem="2.16.840.1.113883.5.84"/>
               </methodCode>
               <component typeCode="COMP">
                  <criteriaReference classCode="OBS" moodCode="EVN">
                     <id extension="measurePopulation"
                         root="12AF860E-16C3-47D0-958C-4A948EFF299D"/>
                  </criteriaReference>
               </component>
            </measureObservationDefinition>
         </definition>
         <!--Definition for Measure Observation-->
         <definition>
            <measureObservationDefinition classCode="OBS" moodCode="DEF">
               <id extension="COUNT Of Measure Observation Total Malnutrition Components Score"
                   root="C079873A-D26C-4BED-860E-53A8274F285D"/>
               <code code="AGGREGATE" codeSystem="2.16.840.1.113883.5.4"/>
               <value nullFlavor="DER" xsi:type="INT">
                  <expression value="CMS986MalnutritionScore.&quot;Measure Observation Total Malnutrition Components Score&quot;"/>
               </value>
               <methodCode>
                  <item code="COUNT" codeSystem="2.16.840.1.113883.5.84"/>
               </methodCode>
               <component typeCode="COMP">
                  <criteriaReference classCode="OBS" moodCode="EVN">
                     <id extension="measurePopulation"
                         root="CE7659BC-9727-4DD8-BF62-80B24AD79C10"/>
                  </criteriaReference>
               </component>
            </measureObservationDefinition>
         </definition>
         <!--Definition for Measure Observation-->
         <definition>
            <measureObservationDefinition classCode="OBS" moodCode="DEF">
               <id extension="AVERAGE Of Measure Observation Total Malnutrition Care Score as Percentage"
                   root="8F984C1D-40DE-44E6-BFF8-E66A1EE0F3CB"/>
               <code code="AGGREGATE" codeSystem="2.16.840.1.113883.5.4"/>
               <value nullFlavor="DER" xsi:type="INT">
                  <expression value="CMS986MalnutritionScore.&quot;Measure Observation Total Malnutrition Care Score as Percentage&quot;"/>
               </value>
               <methodCode>
                  <item code="AVERAGE" codeSystem="2.16.840.1.113883.5.84"/>
               </methodCode>
               <component typeCode="COMP">
                  <criteriaReference classCode="OBS" moodCode="EVN">
                     <id extension="measurePopulation"
                         root="D4A25944-3CA4-41FD-AD82-A996E3C4BC52"/>
                  </criteriaReference>
               </component>
            </measureObservationDefinition>
         </definition>
      </measureObservationSection>
   </component>
</QualityMeasureDocument>
