{
   "library" : {
      "annotation" : [ {
         "translatorOptions" : "EnableAnnotations,EnableLocators,DisableListDemotion,DisableListPromotion,DisableMethodInvocation",
         "type" : "CqlToElmInfo"
      }, {
         "type" : "Annotation",
         "s" : {
            "r" : "110",
            "s" : [ {
               "value" : [ "","library KidneyHealthEvaluation version '2.0.000'" ]
            } ]
         }
      } ],
      "identifier" : {
         "id" : "KidneyHealthEvaluation",
         "version" : "2.0.000"
      },
      "schemaIdentifier" : {
         "id" : "urn:hl7-org:elm",
         "version" : "r1"
      },
      "usings" : {
         "def" : [ {
            "localIdentifier" : "System",
            "uri" : "urn:hl7-org:elm-types:r1"
         }, {
            "localId" : "1",
            "locator" : "3:1-3:23",
            "localIdentifier" : "QDM",
            "uri" : "urn:healthit-gov:qdm:v5_6",
            "version" : "5.6",
            "annotation" : [ {
               "type" : "Annotation",
               "s" : {
                  "r" : "1",
                  "s" : [ {
                     "value" : [ "","using " ]
                  }, {
                     "s" : [ {
                        "value" : [ "QDM" ]
                     } ]
                  }, {
                     "value" : [ " version ","'5.6'" ]
                  } ]
               }
            } ]
         } ]
      },
      "includes" : {
         "def" : [ {
            "localId" : "2",
            "locator" : "5:1-5:64",
            "localIdentifier" : "Global",
            "path" : "MATGlobalCommonFunctions",
            "version" : "7.0.000",
            "annotation" : [ {
               "type" : "Annotation",
               "s" : {
                  "r" : "2",
                  "s" : [ {
                     "value" : [ "","include " ]
                  }, {
                     "s" : [ {
                        "value" : [ "MATGlobalCommonFunctions" ]
                     } ]
                  }, {
                     "value" : [ " version ","'7.0.000'"," called ","Global" ]
                  } ]
               }
            } ]
         }, {
            "localId" : "3",
            "locator" : "6:1-6:48",
            "localIdentifier" : "Hospice",
            "path" : "Hospice",
            "version" : "5.0.000",
            "annotation" : [ {
               "type" : "Annotation",
               "s" : {
                  "r" : "3",
                  "s" : [ {
                     "value" : [ "","include " ]
                  }, {
                     "s" : [ {
                        "value" : [ "Hospice" ]
                     } ]
                  }, {
                     "value" : [ " version ","'5.0.000'"," called ","Hospice" ]
                  } ]
               }
            } ]
         }, {
            "localId" : "4",
            "locator" : "7:1-7:75",
            "localIdentifier" : "PalliativeCare",
            "path" : "PalliativeCareExclusionECQM",
            "version" : "3.0.000",
            "annotation" : [ {
               "type" : "Annotation",
               "s" : {
                  "r" : "4",
                  "s" : [ {
                     "value" : [ "","include " ]
                  }, {
                     "s" : [ {
                        "value" : [ "PalliativeCareExclusionECQM" ]
                     } ]
                  }, {
                     "value" : [ " version ","'3.0.000'"," called ","PalliativeCare" ]
                  } ]
               }
            } ]
         } ]
      },
      "parameters" : {
         "def" : [ {
            "localId" : "23",
            "locator" : "26:1-26:49",
            "name" : "Measurement Period",
            "accessLevel" : "Public",
            "annotation" : [ {
               "type" : "Annotation",
               "s" : {
                  "r" : "23",
                  "s" : [ {
                     "value" : [ "","parameter ","\"Measurement Period\""," " ]
                  }, {
                     "r" : "22",
                     "s" : [ {
                        "value" : [ "Interval<" ]
                     }, {
                        "r" : "21",
                        "s" : [ {
                           "value" : [ "DateTime" ]
                        } ]
                     }, {
                        "value" : [ ">" ]
                     } ]
                  } ]
               }
            } ],
            "parameterTypeSpecifier" : {
               "localId" : "22",
               "locator" : "26:32-26:49",
               "type" : "IntervalTypeSpecifier",
               "pointType" : {
                  "localId" : "21",
                  "locator" : "26:41-26:48",
                  "name" : "{urn:hl7-org:elm-types:r1}DateTime",
                  "type" : "NamedTypeSpecifier"
               }
            }
         } ]
      },
      "valueSets" : {
         "def" : [ {
            "localId" : "5",
            "locator" : "9:1-9:74",
            "name" : "Annual Wellness Visit",
            "id" : "urn:oid:2.16.840.1.113883.3.526.3.1240",
            "accessLevel" : "Public",
            "annotation" : [ {
               "type" : "Annotation",
               "s" : {
                  "r" : "5",
                  "s" : [ {
                     "value" : [ "","valueset ","\"Annual Wellness Visit\"",": ","'urn:oid:2.16.840.1.113883.3.526.3.1240'" ]
                  } ]
               }
            } ]
         }, {
            "localId" : "6",
            "locator" : "10:1-10:84",
            "name" : "Chronic Kidney Disease, Stage 5",
            "id" : "urn:oid:2.16.840.1.113883.3.526.3.1002",
            "accessLevel" : "Public",
            "annotation" : [ {
               "type" : "Annotation",
               "s" : {
                  "r" : "6",
                  "s" : [ {
                     "value" : [ "","valueset ","\"Chronic Kidney Disease, Stage 5\"",": ","'urn:oid:2.16.840.1.113883.3.526.3.1002'" ]
                  } ]
               }
            } ]
         }, {
            "localId" : "7",
            "locator" : "11:1-11:71",
            "name" : "Diabetes",
            "id" : "urn:oid:2.16.840.1.113883.3.464.1003.103.12.1001",
            "accessLevel" : "Public",
            "annotation" : [ {
               "type" : "Annotation",
               "s" : {
                  "r" : "7",
                  "s" : [ {
                     "value" : [ "","valueset ","\"Diabetes\"",": ","'urn:oid:2.16.840.1.113883.3.464.1003.103.12.1001'" ]
                  } ]
               }
            } ]
         }, {
            "localId" : "8",
            "locator" : "12:1-12:75",
            "name" : "End Stage Renal Disease",
            "id" : "urn:oid:2.16.840.1.113883.3.526.3.353",
            "accessLevel" : "Public",
            "annotation" : [ {
               "type" : "Annotation",
               "s" : {
                  "r" : "8",
                  "s" : [ {
                     "value" : [ "","valueset ","\"End Stage Renal Disease\"",": ","'urn:oid:2.16.840.1.113883.3.526.3.353'" ]
                  } ]
               }
            } ]
         }, {
            "localId" : "9",
            "locator" : "13:1-13:90",
            "name" : "Estimated Glomerular Filtration Rate",
            "id" : "urn:oid:2.16.840.1.113883.3.6929.3.1000",
            "accessLevel" : "Public",
            "annotation" : [ {
               "type" : "Annotation",
               "s" : {
                  "r" : "9",
                  "s" : [ {
                     "value" : [ "","valueset ","\"Estimated Glomerular Filtration Rate\"",": ","'urn:oid:2.16.840.1.113883.3.6929.3.1000'" ]
                  } ]
               }
            } ]
         }, {
            "localId" : "10",
            "locator" : "14:1-14:58",
            "name" : "Ethnicity",
            "id" : "urn:oid:2.16.840.1.114222.4.11.837",
            "accessLevel" : "Public",
            "annotation" : [ {
               "type" : "Annotation",
               "s" : {
                  "r" : "10",
                  "s" : [ {
                     "value" : [ "","valueset ","\"Ethnicity\"",": ","'urn:oid:2.16.840.1.114222.4.11.837'" ]
                  } ]
               }
            } ]
         }, {
            "localId" : "11",
            "locator" : "15:1-15:87",
            "name" : "Home Healthcare Services",
            "id" : "urn:oid:2.16.840.1.113883.3.464.1003.101.12.1016",
            "accessLevel" : "Public",
            "annotation" : [ {
               "type" : "Annotation",
               "s" : {
                  "r" : "11",
                  "s" : [ {
                     "value" : [ "","valueset ","\"Home Healthcare Services\"",": ","'urn:oid:2.16.840.1.113883.3.464.1003.101.12.1016'" ]
                  } ]
               }
            } ]
         }, {
            "localId" : "12",
            "locator" : "16:1-16:75",
            "name" : "Office Visit",
            "id" : "urn:oid:2.16.840.1.113883.3.464.1003.101.12.1001",
            "accessLevel" : "Public",
            "annotation" : [ {
               "type" : "Annotation",
               "s" : {
                  "r" : "12",
                  "s" : [ {
                     "value" : [ "","valueset ","\"Office Visit\"",": ","'urn:oid:2.16.840.1.113883.3.464.1003.101.12.1001'" ]
                  } ]
               }
            } ]
         }, {
            "localId" : "13",
            "locator" : "17:1-17:68",
            "name" : "ONC Administrative Sex",
            "id" : "urn:oid:2.16.840.1.113762.1.4.1",
            "accessLevel" : "Public",
            "annotation" : [ {
               "type" : "Annotation",
               "s" : {
                  "r" : "13",
                  "s" : [ {
                     "value" : [ "","valueset ","\"ONC Administrative Sex\"",": ","'urn:oid:2.16.840.1.113762.1.4.1'" ]
                  } ]
               }
            } ]
         }, {
            "localId" : "14",
            "locator" : "18:1-18:86",
            "name" : "Outpatient Consultation",
            "id" : "urn:oid:2.16.840.1.113883.3.464.1003.101.12.1008",
            "accessLevel" : "Public",
            "annotation" : [ {
               "type" : "Annotation",
               "s" : {
                  "r" : "14",
                  "s" : [ {
                     "value" : [ "","valueset ","\"Outpatient Consultation\"",": ","'urn:oid:2.16.840.1.113883.3.464.1003.101.12.1008'" ]
                  } ]
               }
            } ]
         }, {
            "localId" : "15",
            "locator" : "19:1-19:55",
            "name" : "Payer",
            "id" : "urn:oid:2.16.840.1.114222.4.11.3591",
            "accessLevel" : "Public",
            "annotation" : [ {
               "type" : "Annotation",
               "s" : {
                  "r" : "15",
                  "s" : [ {
                     "value" : [ "","valueset ","\"Payer\"",": ","'urn:oid:2.16.840.1.114222.4.11.3591'" ]
                  } ]
               }
            } ]
         }, {
            "localId" : "16",
            "locator" : "20:1-20:123",
            "name" : "Preventive Care Services Established Office Visit, 18 and Up",
            "id" : "urn:oid:2.16.840.1.113883.3.464.1003.101.12.1025",
            "accessLevel" : "Public",
            "annotation" : [ {
               "type" : "Annotation",
               "s" : {
                  "r" : "16",
                  "s" : [ {
                     "value" : [ "","valueset ","\"Preventive Care Services Established Office Visit, 18 and Up\"",": ","'urn:oid:2.16.840.1.113883.3.464.1003.101.12.1025'" ]
                  } ]
               }
            } ]
         }, {
            "localId" : "17",
            "locator" : "21:1-21:119",
            "name" : "Preventive Care Services Initial Office Visit, 18 and Up",
            "id" : "urn:oid:2.16.840.1.113883.3.464.1003.101.12.1023",
            "accessLevel" : "Public",
            "annotation" : [ {
               "type" : "Annotation",
               "s" : {
                  "r" : "17",
                  "s" : [ {
                     "value" : [ "","valueset ","\"Preventive Care Services Initial Office Visit, 18 and Up\"",": ","'urn:oid:2.16.840.1.113883.3.464.1003.101.12.1023'" ]
                  } ]
               }
            } ]
         }, {
            "localId" : "18",
            "locator" : "22:1-22:53",
            "name" : "Race",
            "id" : "urn:oid:2.16.840.1.114222.4.11.836",
            "accessLevel" : "Public",
            "annotation" : [ {
               "type" : "Annotation",
               "s" : {
                  "r" : "18",
                  "s" : [ {
                     "value" : [ "","valueset ","\"Race\"",": ","'urn:oid:2.16.840.1.114222.4.11.836'" ]
                  } ]
               }
            } ]
         }, {
            "localId" : "19",
            "locator" : "23:1-23:79",
            "name" : "Telephone Visits",
            "id" : "urn:oid:2.16.840.1.113883.3.464.1003.101.12.1080",
            "accessLevel" : "Public",
            "annotation" : [ {
               "type" : "Annotation",
               "s" : {
                  "r" : "19",
                  "s" : [ {
                     "value" : [ "","valueset ","\"Telephone Visits\"",": ","'urn:oid:2.16.840.1.113883.3.464.1003.101.12.1080'" ]
                  } ]
               }
            } ]
         }, {
            "localId" : "20",
            "locator" : "24:1-24:84",
            "name" : "Urine Albumin Creatinine Ratio",
            "id" : "urn:oid:2.16.840.1.113883.3.6929.3.1007",
            "accessLevel" : "Public",
            "annotation" : [ {
               "type" : "Annotation",
               "s" : {
                  "r" : "20",
                  "s" : [ {
                     "value" : [ "","valueset ","\"Urine Albumin Creatinine Ratio\"",": ","'urn:oid:2.16.840.1.113883.3.6929.3.1007'" ]
                  } ]
               }
            } ]
         } ]
      },
      "contexts" : {
         "def" : [ {
            "locator" : "28:1-28:15",
            "name" : "Patient"
         } ]
      },
      "statements" : {
         "def" : [ {
            "locator" : "28:1-28:15",
            "name" : "Patient",
            "context" : "Patient",
            "expression" : {
               "type" : "SingletonFrom",
               "operand" : {
                  "locator" : "28:1-28:15",
                  "dataType" : "{urn:healthit-gov:qdm:v5_6}Patient",
                  "templateId" : "Patient",
                  "type" : "Retrieve"
               }
            }
         }, {
            "localId" : "25",
            "locator" : "30:1-31:51",
            "name" : "SDE Ethnicity",
            "context" : "Patient",
            "accessLevel" : "Public",
            "annotation" : [ {
               "type" : "Annotation",
               "s" : {
                  "r" : "25",
                  "s" : [ {
                     "value" : [ "","define ","\"SDE Ethnicity\"",":\n  " ]
                  }, {
                     "r" : "24",
                     "s" : [ {
                        "value" : [ "[","\"Patient Characteristic Ethnicity\"",": " ]
                     }, {
                        "s" : [ {
                           "value" : [ "\"Ethnicity\"" ]
                        } ]
                     }, {
                        "value" : [ "]" ]
                     } ]
                  } ]
               }
            } ],
            "expression" : {
               "localId" : "24",
               "locator" : "31:3-31:51",
               "dataType" : "{urn:healthit-gov:qdm:v5_6}PatientCharacteristicEthnicity",
               "codeProperty" : "code",
               "codeComparator" : "in",
               "type" : "Retrieve",
               "codes" : {
                  "locator" : "31:40-31:50",
                  "name" : "Ethnicity",
                  "type" : "ValueSetRef"
               }
            }
         }, {
            "localId" : "27",
            "locator" : "33:1-34:43",
            "name" : "SDE Payer",
            "context" : "Patient",
            "accessLevel" : "Public",
            "annotation" : [ {
               "type" : "Annotation",
               "s" : {
                  "r" : "27",
                  "s" : [ {
                     "value" : [ "","define ","\"SDE Payer\"",":\n  " ]
                  }, {
                     "r" : "26",
                     "s" : [ {
                        "value" : [ "[","\"Patient Characteristic Payer\"",": " ]
                     }, {
                        "s" : [ {
                           "value" : [ "\"Payer\"" ]
                        } ]
                     }, {
                        "value" : [ "]" ]
                     } ]
                  } ]
               }
            } ],
            "expression" : {
               "localId" : "26",
               "locator" : "34:3-34:43",
               "dataType" : "{urn:healthit-gov:qdm:v5_6}PatientCharacteristicPayer",
               "codeProperty" : "code",
               "codeComparator" : "in",
               "type" : "Retrieve",
               "codes" : {
                  "locator" : "34:36-34:42",
                  "name" : "Payer",
                  "type" : "ValueSetRef"
               }
            }
         }, {
            "localId" : "29",
            "locator" : "36:1-37:41",
            "name" : "SDE Race",
            "context" : "Patient",
            "accessLevel" : "Public",
            "annotation" : [ {
               "type" : "Annotation",
               "s" : {
                  "r" : "29",
                  "s" : [ {
                     "value" : [ "","define ","\"SDE Race\"",":\n  " ]
                  }, {
                     "r" : "28",
                     "s" : [ {
                        "value" : [ "[","\"Patient Characteristic Race\"",": " ]
                     }, {
                        "s" : [ {
                           "value" : [ "\"Race\"" ]
                        } ]
                     }, {
                        "value" : [ "]" ]
                     } ]
                  } ]
               }
            } ],
            "expression" : {
               "localId" : "28",
               "locator" : "37:3-37:41",
               "dataType" : "{urn:healthit-gov:qdm:v5_6}PatientCharacteristicRace",
               "codeProperty" : "code",
               "codeComparator" : "in",
               "type" : "Retrieve",
               "codes" : {
                  "locator" : "37:35-37:40",
                  "name" : "Race",
                  "type" : "ValueSetRef"
               }
            }
         }, {
            "localId" : "31",
            "locator" : "39:1-40:58",
            "name" : "SDE Sex",
            "context" : "Patient",
            "accessLevel" : "Public",
            "annotation" : [ {
               "type" : "Annotation",
               "s" : {
                  "r" : "31",
                  "s" : [ {
                     "value" : [ "","define ","\"SDE Sex\"",":\n  " ]
                  }, {
                     "r" : "30",
                     "s" : [ {
                        "value" : [ "[","\"Patient Characteristic Sex\"",": " ]
                     }, {
                        "s" : [ {
                           "value" : [ "\"ONC Administrative Sex\"" ]
                        } ]
                     }, {
                        "value" : [ "]" ]
                     } ]
                  } ]
               }
            } ],
            "expression" : {
               "localId" : "30",
               "locator" : "40:3-40:58",
               "dataType" : "{urn:healthit-gov:qdm:v5_6}PatientCharacteristicSex",
               "codeProperty" : "code",
               "codeComparator" : "in",
               "type" : "Retrieve",
               "codes" : {
                  "locator" : "40:34-40:57",
                  "name" : "ONC Administrative Sex",
                  "type" : "ValueSetRef"
               }
            }
         }, {
            "localId" : "48",
            "locator" : "64:1-67:3",
            "name" : "Has Active Diabetes at the start of the Measurement Period",
            "context" : "Patient",
            "accessLevel" : "Public",
            "annotation" : [ {
               "type" : "Annotation",
               "s" : {
                  "r" : "48",
                  "s" : [ {
                     "value" : [ "","define ","\"Has Active Diabetes at the start of the Measurement Period\"",":\n  " ]
                  }, {
                     "r" : "47",
                     "s" : [ {
                        "value" : [ "exists " ]
                     }, {
                        "r" : "46",
                        "s" : [ {
                           "value" : [ "( " ]
                        }, {
                           "r" : "46",
                           "s" : [ {
                              "s" : [ {
                                 "r" : "41",
                                 "s" : [ {
                                    "r" : "40",
                                    "s" : [ {
                                       "r" : "40",
                                       "s" : [ {
                                          "value" : [ "[","\"Diagnosis\"",": " ]
                                       }, {
                                          "s" : [ {
                                             "value" : [ "\"Diabetes\"" ]
                                          } ]
                                       }, {
                                          "value" : [ "]" ]
                                       } ]
                                    } ]
                                 }, {
                                    "value" : [ " ","Diabetes" ]
                                 } ]
                              } ]
                           }, {
                              "value" : [ "\n      " ]
                           }, {
                              "r" : "45",
                              "s" : [ {
                                 "value" : [ "where " ]
                              }, {
                                 "r" : "45",
                                 "s" : [ {
                                    "r" : "43",
                                    "s" : [ {
                                       "r" : "42",
                                       "s" : [ {
                                          "value" : [ "Diabetes" ]
                                       } ]
                                    }, {
                                       "value" : [ "." ]
                                    }, {
                                       "r" : "43",
                                       "s" : [ {
                                          "value" : [ "prevalencePeriod" ]
                                       } ]
                                    } ]
                                 }, {
                                    "r" : "45",
                                    "value" : [ " ","overlaps before"," " ]
                                 }, {
                                    "r" : "44",
                                    "s" : [ {
                                       "value" : [ "\"Measurement Period\"" ]
                                    } ]
                                 } ]
                              } ]
                           } ]
                        }, {
                           "value" : [ "\n  )" ]
                        } ]
                     } ]
                  } ]
               }
            } ],
            "expression" : {
               "localId" : "47",
               "locator" : "65:3-67:3",
               "type" : "Exists",
               "operand" : {
                  "localId" : "46",
                  "locator" : "65:10-67:3",
                  "type" : "Query",
                  "source" : [ {
                     "localId" : "41",
                     "locator" : "65:12-65:45",
                     "alias" : "Diabetes",
                     "expression" : {
                        "localId" : "40",
                        "locator" : "65:12-65:36",
                        "dataType" : "{urn:healthit-gov:qdm:v5_6}Diagnosis",
                        "codeProperty" : "code",
                        "codeComparator" : "in",
                        "type" : "Retrieve",
                        "codes" : {
                           "locator" : "65:26-65:35",
                           "name" : "Diabetes",
                           "type" : "ValueSetRef"
                        }
                     }
                  } ],
                  "relationship" : [ ],
                  "where" : {
                     "localId" : "45",
                     "locator" : "66:7-66:74",
                     "type" : "OverlapsBefore",
                     "operand" : [ {
                        "localId" : "43",
                        "locator" : "66:13-66:37",
                        "path" : "prevalencePeriod",
                        "scope" : "Diabetes",
                        "type" : "Property"
                     }, {
                        "localId" : "44",
                        "locator" : "66:55-66:74",
                        "name" : "Measurement Period",
                        "type" : "ParameterRef"
                     } ]
                  }
               }
            }
         }, {
            "localId" : "71",
            "locator" : "45:1-54:3",
            "name" : "Has Outpatient Visit During Measurement Period",
            "context" : "Patient",
            "accessLevel" : "Public",
            "annotation" : [ {
               "type" : "Annotation",
               "s" : {
                  "r" : "71",
                  "s" : [ {
                     "value" : [ "","define ","\"Has Outpatient Visit During Measurement Period\"",":\n  " ]
                  }, {
                     "r" : "70",
                     "s" : [ {
                        "value" : [ "exists " ]
                     }, {
                        "r" : "69",
                        "s" : [ {
                           "value" : [ "( " ]
                        }, {
                           "r" : "69",
                           "s" : [ {
                              "s" : [ {
                                 "r" : "64",
                                 "s" : [ {
                                    "r" : "63",
                                    "s" : [ {
                                       "value" : [ "( " ]
                                    }, {
                                       "r" : "63",
                                       "s" : [ {
                                          "r" : "61",
                                          "s" : [ {
                                             "r" : "59",
                                             "s" : [ {
                                                "r" : "57",
                                                "s" : [ {
                                                   "r" : "55",
                                                   "s" : [ {
                                                      "r" : "53",
                                                      "s" : [ {
                                                         "r" : "51",
                                                         "s" : [ {
                                                            "value" : [ "[","\"Encounter, Performed\"",": " ]
                                                         }, {
                                                            "s" : [ {
                                                               "value" : [ "\"Annual Wellness Visit\"" ]
                                                            } ]
                                                         }, {
                                                            "value" : [ "]" ]
                                                         } ]
                                                      }, {
                                                         "value" : [ "\n      union " ]
                                                      }, {
                                                         "r" : "52",
                                                         "s" : [ {
                                                            "value" : [ "[","\"Encounter, Performed\"",": " ]
                                                         }, {
                                                            "s" : [ {
                                                               "value" : [ "\"Home Healthcare Services\"" ]
                                                            } ]
                                                         }, {
                                                            "value" : [ "]" ]
                                                         } ]
                                                      } ]
                                                   }, {
                                                      "value" : [ "\n      union " ]
                                                   }, {
                                                      "r" : "54",
                                                      "s" : [ {
                                                         "value" : [ "[","\"Encounter, Performed\"",": " ]
                                                      }, {
                                                         "s" : [ {
                                                            "value" : [ "\"Office Visit\"" ]
                                                         } ]
                                                      }, {
                                                         "value" : [ "]" ]
                                                      } ]
                                                   } ]
                                                }, {
                                                   "value" : [ "\n      union " ]
                                                }, {
                                                   "r" : "56",
                                                   "s" : [ {
                                                      "value" : [ "[","\"Encounter, Performed\"",": " ]
                                                   }, {
                                                      "s" : [ {
                                                         "value" : [ "\"Outpatient Consultation\"" ]
                                                      } ]
                                                   }, {
                                                      "value" : [ "]" ]
                                                   } ]
                                                } ]
                                             }, {
                                                "value" : [ "\n      union " ]
                                             }, {
                                                "r" : "58",
                                                "s" : [ {
                                                   "value" : [ "[","\"Encounter, Performed\"",": " ]
                                                }, {
                                                   "s" : [ {
                                                      "value" : [ "\"Preventive Care Services Established Office Visit, 18 and Up\"" ]
                                                   } ]
                                                }, {
                                                   "value" : [ "]" ]
                                                } ]
                                             } ]
                                          }, {
                                             "value" : [ "\n      union " ]
                                          }, {
                                             "r" : "60",
                                             "s" : [ {
                                                "value" : [ "[","\"Encounter, Performed\"",": " ]
                                             }, {
                                                "s" : [ {
                                                   "value" : [ "\"Preventive Care Services Initial Office Visit, 18 and Up\"" ]
                                                } ]
                                             }, {
                                                "value" : [ "]" ]
                                             } ]
                                          } ]
                                       }, {
                                          "value" : [ "\n      union " ]
                                       }, {
                                          "r" : "62",
                                          "s" : [ {
                                             "value" : [ "[","\"Encounter, Performed\"",": " ]
                                          }, {
                                             "s" : [ {
                                                "value" : [ "\"Telephone Visits\"" ]
                                             } ]
                                          }, {
                                             "value" : [ "]" ]
                                          } ]
                                       } ]
                                    }, {
                                       "value" : [ " )" ]
                                    } ]
                                 }, {
                                    "value" : [ " ","ValidEncounter" ]
                                 } ]
                              } ]
                           }, {
                              "value" : [ "\n      " ]
                           }, {
                              "r" : "68",
                              "s" : [ {
                                 "value" : [ "where " ]
                              }, {
                                 "r" : "68",
                                 "s" : [ {
                                    "r" : "66",
                                    "s" : [ {
                                       "r" : "65",
                                       "s" : [ {
                                          "value" : [ "ValidEncounter" ]
                                       } ]
                                    }, {
                                       "value" : [ "." ]
                                    }, {
                                       "r" : "66",
                                       "s" : [ {
                                          "value" : [ "relevantPeriod" ]
                                       } ]
                                    } ]
                                 }, {
                                    "r" : "68",
                                    "value" : [ " ","during"," " ]
                                 }, {
                                    "r" : "67",
                                    "s" : [ {
                                       "value" : [ "\"Measurement Period\"" ]
                                    } ]
                                 } ]
                              } ]
                           } ]
                        }, {
                           "value" : [ "\n  )" ]
                        } ]
                     } ]
                  } ]
               }
            } ],
            "expression" : {
               "localId" : "70",
               "locator" : "46:3-54:3",
               "type" : "Exists",
               "operand" : {
                  "localId" : "69",
                  "locator" : "46:10-54:3",
                  "type" : "Query",
                  "source" : [ {
                     "localId" : "64",
                     "locator" : "46:12-52:73",
                     "alias" : "ValidEncounter",
                     "expression" : {
                        "localId" : "63",
                        "locator" : "46:12-52:58",
                        "type" : "Union",
                        "operand" : [ {
                           "localId" : "61",
                           "locator" : "46:14-51:96",
                           "type" : "Union",
                           "operand" : [ {
                              "localId" : "57",
                              "locator" : "46:14-49:63",
                              "type" : "Union",
                              "operand" : [ {
                                 "localId" : "53",
                                 "locator" : "46:14-47:64",
                                 "type" : "Union",
                                 "operand" : [ {
                                    "localId" : "51",
                                    "locator" : "46:14-46:62",
                                    "dataType" : "{urn:healthit-gov:qdm:v5_6}PositiveEncounterPerformed",
                                    "templateId" : "PositiveEncounterPerformed",
                                    "codeProperty" : "code",
                                    "codeComparator" : "in",
                                    "type" : "Retrieve",
                                    "codes" : {
                                       "locator" : "46:39-46:61",
                                       "name" : "Annual Wellness Visit",
                                       "type" : "ValueSetRef"
                                    }
                                 }, {
                                    "localId" : "52",
                                    "locator" : "47:13-47:64",
                                    "dataType" : "{urn:healthit-gov:qdm:v5_6}PositiveEncounterPerformed",
                                    "templateId" : "PositiveEncounterPerformed",
                                    "codeProperty" : "code",
                                    "codeComparator" : "in",
                                    "type" : "Retrieve",
                                    "codes" : {
                                       "locator" : "47:38-47:63",
                                       "name" : "Home Healthcare Services",
                                       "type" : "ValueSetRef"
                                    }
                                 } ]
                              }, {
                                 "type" : "Union",
                                 "operand" : [ {
                                    "localId" : "54",
                                    "locator" : "48:13-48:52",
                                    "dataType" : "{urn:healthit-gov:qdm:v5_6}PositiveEncounterPerformed",
                                    "templateId" : "PositiveEncounterPerformed",
                                    "codeProperty" : "code",
                                    "codeComparator" : "in",
                                    "type" : "Retrieve",
                                    "codes" : {
                                       "locator" : "48:38-48:51",
                                       "name" : "Office Visit",
                                       "type" : "ValueSetRef"
                                    }
                                 }, {
                                    "localId" : "56",
                                    "locator" : "49:13-49:63",
                                    "dataType" : "{urn:healthit-gov:qdm:v5_6}PositiveEncounterPerformed",
                                    "templateId" : "PositiveEncounterPerformed",
                                    "codeProperty" : "code",
                                    "codeComparator" : "in",
                                    "type" : "Retrieve",
                                    "codes" : {
                                       "locator" : "49:38-49:62",
                                       "name" : "Outpatient Consultation",
                                       "type" : "ValueSetRef"
                                    }
                                 } ]
                              } ]
                           }, {
                              "type" : "Union",
                              "operand" : [ {
                                 "localId" : "58",
                                 "locator" : "50:13-50:100",
                                 "dataType" : "{urn:healthit-gov:qdm:v5_6}PositiveEncounterPerformed",
                                 "templateId" : "PositiveEncounterPerformed",
                                 "codeProperty" : "code",
                                 "codeComparator" : "in",
                                 "type" : "Retrieve",
                                 "codes" : {
                                    "locator" : "50:38-50:99",
                                    "name" : "Preventive Care Services Established Office Visit, 18 and Up",
                                    "type" : "ValueSetRef"
                                 }
                              }, {
                                 "localId" : "60",
                                 "locator" : "51:13-51:96",
                                 "dataType" : "{urn:healthit-gov:qdm:v5_6}PositiveEncounterPerformed",
                                 "templateId" : "PositiveEncounterPerformed",
                                 "codeProperty" : "code",
                                 "codeComparator" : "in",
                                 "type" : "Retrieve",
                                 "codes" : {
                                    "locator" : "51:38-51:95",
                                    "name" : "Preventive Care Services Initial Office Visit, 18 and Up",
                                    "type" : "ValueSetRef"
                                 }
                              } ]
                           } ]
                        }, {
                           "localId" : "62",
                           "locator" : "52:13-52:56",
                           "dataType" : "{urn:healthit-gov:qdm:v5_6}PositiveEncounterPerformed",
                           "templateId" : "PositiveEncounterPerformed",
                           "codeProperty" : "code",
                           "codeComparator" : "in",
                           "type" : "Retrieve",
                           "codes" : {
                              "locator" : "52:38-52:55",
                              "name" : "Telephone Visits",
                              "type" : "ValueSetRef"
                           }
                        } ]
                     }
                  } ],
                  "relationship" : [ ],
                  "where" : {
                     "localId" : "68",
                     "locator" : "53:7-53:69",
                     "type" : "IncludedIn",
                     "operand" : [ {
                        "localId" : "66",
                        "locator" : "53:13-53:41",
                        "path" : "relevantPeriod",
                        "scope" : "ValidEncounter",
                        "type" : "Property"
                     }, {
                        "localId" : "67",
                        "locator" : "53:50-53:69",
                        "name" : "Measurement Period",
                        "type" : "ParameterRef"
                     } ]
                  }
               }
            }
         }, {
            "localId" : "74",
            "locator" : "69:1-72:56",
            "name" : "Initial Population",
            "context" : "Patient",
            "accessLevel" : "Public",
            "annotation" : [ {
               "type" : "Annotation",
               "s" : {
                  "r" : "74",
                  "s" : [ {
                     "value" : [ "","define ","\"Initial Population\"",":\n  " ]
                  }, {
                     "r" : "73",
                     "s" : [ {
                        "r" : "50",
                        "s" : [ {
                           "r" : "39",
                           "s" : [ {
                              "r" : "35",
                              "s" : [ {
                                 "value" : [ "AgeInYearsAt","(" ]
                              }, {
                                 "r" : "34",
                                 "s" : [ {
                                    "value" : [ "date from " ]
                                 }, {
                                    "r" : "33",
                                    "s" : [ {
                                       "value" : [ "start of " ]
                                    }, {
                                       "r" : "32",
                                       "s" : [ {
                                          "value" : [ "\"Measurement Period\"" ]
                                       } ]
                                    } ]
                                 } ]
                              }, {
                                 "value" : [ ")" ]
                              } ]
                           }, {
                              "value" : [ "in " ]
                           }, {
                              "r" : "38",
                              "s" : [ {
                                 "r" : "36",
                                 "value" : [ "Interval[","18",", ","75","]" ]
                              } ]
                           } ]
                        }, {
                           "value" : [ "\n    and " ]
                        }, {
                           "r" : "49",
                           "s" : [ {
                              "value" : [ "\"Has Active Diabetes at the start of the Measurement Period\"" ]
                           } ]
                        } ]
                     }, {
                        "value" : [ "\n    and " ]
                     }, {
                        "r" : "72",
                        "s" : [ {
                           "value" : [ "\"Has Outpatient Visit During Measurement Period\"" ]
                        } ]
                     } ]
                  } ]
               }
            } ],
            "expression" : {
               "localId" : "73",
               "locator" : "70:3-72:56",
               "type" : "And",
               "operand" : [ {
                  "localId" : "50",
                  "locator" : "70:3-71:68",
                  "type" : "And",
                  "operand" : [ {
                     "localId" : "39",
                     "locator" : "70:3-70:74",
                     "type" : "In",
                     "operand" : [ {
                        "localId" : "35",
                        "locator" : "70:3-70:55",
                        "precision" : "Year",
                        "type" : "CalculateAgeAt",
                        "operand" : [ {
                           "type" : "ToDate",
                           "operand" : {
                              "path" : "birthDatetime",
                              "type" : "Property",
                              "source" : {
                                 "name" : "Patient",
                                 "type" : "ExpressionRef"
                              }
                           }
                        }, {
                           "localId" : "34",
                           "locator" : "70:16-70:54",
                           "type" : "DateFrom",
                           "operand" : {
                              "localId" : "33",
                              "locator" : "70:26-70:54",
                              "type" : "Start",
                              "operand" : {
                                 "localId" : "32",
                                 "locator" : "70:35-70:54",
                                 "name" : "Measurement Period",
                                 "type" : "ParameterRef"
                              }
                           }
                        } ]
                     }, {
                        "localId" : "38",
                        "locator" : "70:59-70:74",
                        "lowClosed" : true,
                        "highClosed" : true,
                        "type" : "Interval",
                        "low" : {
                           "localId" : "36",
                           "locator" : "70:68-70:69",
                           "valueType" : "{urn:hl7-org:elm-types:r1}Integer",
                           "value" : "18",
                           "type" : "Literal"
                        },
                        "high" : {
                           "localId" : "37",
                           "locator" : "70:72-70:73",
                           "valueType" : "{urn:hl7-org:elm-types:r1}Integer",
                           "value" : "75",
                           "type" : "Literal"
                        }
                     } ]
                  }, {
                     "localId" : "49",
                     "locator" : "71:9-71:68",
                     "name" : "Has Active Diabetes at the start of the Measurement Period",
                     "type" : "ExpressionRef"
                  } ]
               }, {
                  "localId" : "72",
                  "locator" : "72:9-72:56",
                  "name" : "Has Outpatient Visit During Measurement Period",
                  "type" : "ExpressionRef"
               } ]
            }
         }, {
            "localId" : "76",
            "locator" : "42:1-43:22",
            "name" : "Denominator",
            "context" : "Patient",
            "accessLevel" : "Public",
            "annotation" : [ {
               "type" : "Annotation",
               "s" : {
                  "r" : "76",
                  "s" : [ {
                     "value" : [ "","define ","\"Denominator\"",":\n  " ]
                  }, {
                     "r" : "75",
                     "s" : [ {
                        "value" : [ "\"Initial Population\"" ]
                     } ]
                  } ]
               }
            } ],
            "expression" : {
               "localId" : "75",
               "locator" : "43:3-43:22",
               "name" : "Initial Population",
               "type" : "ExpressionRef"
            }
         }, {
            "localId" : "110",
            "locator" : "79:1-87:5",
            "name" : "Has Kidney Panel Performed During Measurement Period",
            "context" : "Patient",
            "accessLevel" : "Public",
            "annotation" : [ {
               "type" : "Annotation",
               "s" : {
                  "r" : "110",
                  "s" : [ {
                     "value" : [ "","define ","\"Has Kidney Panel Performed During Measurement Period\"",":\n  " ]
                  }, {
                     "r" : "109",
                     "s" : [ {
                        "r" : "92",
                        "s" : [ {
                           "value" : [ "exists " ]
                        }, {
                           "r" : "91",
                           "s" : [ {
                              "value" : [ "( " ]
                           }, {
                              "r" : "91",
                              "s" : [ {
                                 "s" : [ {
                                    "r" : "78",
                                    "s" : [ {
                                       "r" : "77",
                                       "s" : [ {
                                          "r" : "77",
                                          "s" : [ {
                                             "value" : [ "[","\"Laboratory Test, Performed\"",": " ]
                                          }, {
                                             "s" : [ {
                                                "value" : [ "\"Estimated Glomerular Filtration Rate\"" ]
                                             } ]
                                          }, {
                                             "value" : [ "]" ]
                                          } ]
                                       } ]
                                    }, {
                                       "value" : [ " ","eGFRTest" ]
                                    } ]
                                 } ]
                              }, {
                                 "value" : [ "\n      " ]
                              }, {
                                 "r" : "90",
                                 "s" : [ {
                                    "value" : [ "where " ]
                                 }, {
                                    "r" : "90",
                                    "s" : [ {
                                       "r" : "86",
                                       "s" : [ {
                                          "r" : "84",
                                          "s" : [ {
                                             "r" : "79",
                                             "s" : [ {
                                                "value" : [ "Global" ]
                                             } ]
                                          }, {
                                             "value" : [ "." ]
                                          }, {
                                             "r" : "84",
                                             "s" : [ {
                                                "value" : [ "\"NormalizeInterval\""," ( " ]
                                             }, {
                                                "r" : "81",
                                                "s" : [ {
                                                   "r" : "80",
                                                   "s" : [ {
                                                      "value" : [ "eGFRTest" ]
                                                   } ]
                                                }, {
                                                   "value" : [ "." ]
                                                }, {
                                                   "r" : "81",
                                                   "s" : [ {
                                                      "value" : [ "relevantDatetime" ]
                                                   } ]
                                                } ]
                                             }, {
                                                "value" : [ ", " ]
                                             }, {
                                                "r" : "83",
                                                "s" : [ {
                                                   "r" : "82",
                                                   "s" : [ {
                                                      "value" : [ "eGFRTest" ]
                                                   } ]
                                                }, {
                                                   "value" : [ "." ]
                                                }, {
                                                   "r" : "83",
                                                   "s" : [ {
                                                      "value" : [ "relevantPeriod" ]
                                                   } ]
                                                } ]
                                             }, {
                                                "value" : [ " )" ]
                                             } ]
                                          } ]
                                       }, {
                                          "r" : "86",
                                          "value" : [ " ","during day of"," " ]
                                       }, {
                                          "r" : "85",
                                          "s" : [ {
                                             "value" : [ "\"Measurement Period\"" ]
                                          } ]
                                       } ]
                                    }, {
                                       "value" : [ "\n        and " ]
                                    }, {
                                       "r" : "89",
                                       "s" : [ {
                                          "r" : "88",
                                          "s" : [ {
                                             "r" : "87",
                                             "s" : [ {
                                                "value" : [ "eGFRTest" ]
                                             } ]
                                          }, {
                                             "value" : [ "." ]
                                          }, {
                                             "r" : "88",
                                             "s" : [ {
                                                "value" : [ "result" ]
                                             } ]
                                          } ]
                                       }, {
                                          "value" : [ " is not null" ]
                                       } ]
                                    } ]
                                 } ]
                              } ]
                           }, {
                              "value" : [ "\n  )" ]
                           } ]
                        } ]
                     }, {
                        "value" : [ "\n    and " ]
                     }, {
                        "r" : "108",
                        "s" : [ {
                           "value" : [ "exists " ]
                        }, {
                           "r" : "107",
                           "s" : [ {
                              "value" : [ "( " ]
                           }, {
                              "r" : "107",
                              "s" : [ {
                                 "s" : [ {
                                    "r" : "94",
                                    "s" : [ {
                                       "r" : "93",
                                       "s" : [ {
                                          "r" : "93",
                                          "s" : [ {
                                             "value" : [ "[","\"Laboratory Test, Performed\"",": " ]
                                          }, {
                                             "s" : [ {
                                                "value" : [ "\"Urine Albumin Creatinine Ratio\"" ]
                                             } ]
                                          }, {
                                             "value" : [ "]" ]
                                          } ]
                                       } ]
                                    }, {
                                       "value" : [ " ","uACRTest" ]
                                    } ]
                                 } ]
                              }, {
                                 "value" : [ "\n        " ]
                              }, {
                                 "r" : "106",
                                 "s" : [ {
                                    "value" : [ "where " ]
                                 }, {
                                    "r" : "106",
                                    "s" : [ {
                                       "r" : "102",
                                       "s" : [ {
                                          "r" : "100",
                                          "s" : [ {
                                             "r" : "95",
                                             "s" : [ {
                                                "value" : [ "Global" ]
                                             } ]
                                          }, {
                                             "value" : [ "." ]
                                          }, {
                                             "r" : "100",
                                             "s" : [ {
                                                "value" : [ "\"NormalizeInterval\""," ( " ]
                                             }, {
                                                "r" : "97",
                                                "s" : [ {
                                                   "r" : "96",
                                                   "s" : [ {
                                                      "value" : [ "uACRTest" ]
                                                   } ]
                                                }, {
                                                   "value" : [ "." ]
                                                }, {
                                                   "r" : "97",
                                                   "s" : [ {
                                                      "value" : [ "relevantDatetime" ]
                                                   } ]
                                                } ]
                                             }, {
                                                "value" : [ ", " ]
                                             }, {
                                                "r" : "99",
                                                "s" : [ {
                                                   "r" : "98",
                                                   "s" : [ {
                                                      "value" : [ "uACRTest" ]
                                                   } ]
                                                }, {
                                                   "value" : [ "." ]
                                                }, {
                                                   "r" : "99",
                                                   "s" : [ {
                                                      "value" : [ "relevantPeriod" ]
                                                   } ]
                                                } ]
                                             }, {
                                                "value" : [ " )" ]
                                             } ]
                                          } ]
                                       }, {
                                          "r" : "102",
                                          "value" : [ " ","during day of"," " ]
                                       }, {
                                          "r" : "101",
                                          "s" : [ {
                                             "value" : [ "\"Measurement Period\"" ]
                                          } ]
                                       } ]
                                    }, {
                                       "value" : [ "\n          and " ]
                                    }, {
                                       "r" : "105",
                                       "s" : [ {
                                          "r" : "104",
                                          "s" : [ {
                                             "r" : "103",
                                             "s" : [ {
                                                "value" : [ "uACRTest" ]
                                             } ]
                                          }, {
                                             "value" : [ "." ]
                                          }, {
                                             "r" : "104",
                                             "s" : [ {
                                                "value" : [ "result" ]
                                             } ]
                                          } ]
                                       }, {
                                          "value" : [ " is not null" ]
                                       } ]
                                    } ]
                                 } ]
                              } ]
                           }, {
                              "value" : [ "\n    )" ]
                           } ]
                        } ]
                     } ]
                  } ]
               }
            } ],
            "expression" : {
               "localId" : "109",
               "locator" : "80:3-87:5",
               "type" : "And",
               "operand" : [ {
                  "localId" : "92",
                  "locator" : "80:3-83:3",
                  "type" : "Exists",
                  "operand" : {
                     "localId" : "91",
                     "locator" : "80:10-83:3",
                     "type" : "Query",
                     "source" : [ {
                        "localId" : "78",
                        "locator" : "80:12-80:90",
                        "alias" : "eGFRTest",
                        "expression" : {
                           "localId" : "77",
                           "locator" : "80:12-80:81",
                           "dataType" : "{urn:healthit-gov:qdm:v5_6}PositiveLaboratoryTestPerformed",
                           "templateId" : "PositiveLaboratoryTestPerformed",
                           "codeProperty" : "code",
                           "codeComparator" : "in",
                           "type" : "Retrieve",
                           "codes" : {
                              "locator" : "80:43-80:80",
                              "name" : "Estimated Glomerular Filtration Rate",
                              "type" : "ValueSetRef"
                           }
                        }
                     } ],
                     "relationship" : [ ],
                     "where" : {
                        "localId" : "90",
                        "locator" : "81:7-82:39",
                        "type" : "And",
                        "operand" : [ {
                           "localId" : "86",
                           "locator" : "81:13-81:128",
                           "precision" : "Day",
                           "type" : "IncludedIn",
                           "operand" : [ {
                              "localId" : "84",
                              "locator" : "81:13-81:93",
                              "name" : "NormalizeInterval",
                              "libraryName" : "Global",
                              "type" : "FunctionRef",
                              "operand" : [ {
                                 "localId" : "81",
                                 "locator" : "81:42-81:66",
                                 "path" : "relevantDatetime",
                                 "scope" : "eGFRTest",
                                 "type" : "Property"
                              }, {
                                 "localId" : "83",
                                 "locator" : "81:69-81:91",
                                 "path" : "relevantPeriod",
                                 "scope" : "eGFRTest",
                                 "type" : "Property"
                              } ]
                           }, {
                              "localId" : "85",
                              "locator" : "81:109-81:128",
                              "name" : "Measurement Period",
                              "type" : "ParameterRef"
                           } ]
                        }, {
                           "localId" : "89",
                           "locator" : "82:13-82:39",
                           "type" : "Not",
                           "operand" : {
                              "locator" : "82:13-82:39",
                              "type" : "IsNull",
                              "operand" : {
                                 "localId" : "88",
                                 "locator" : "82:13-82:27",
                                 "path" : "result",
                                 "scope" : "eGFRTest",
                                 "type" : "Property"
                              }
                           }
                        } ]
                     }
                  }
               }, {
                  "localId" : "108",
                  "locator" : "84:9-87:5",
                  "type" : "Exists",
                  "operand" : {
                     "localId" : "107",
                     "locator" : "84:16-87:5",
                     "type" : "Query",
                     "source" : [ {
                        "localId" : "94",
                        "locator" : "84:18-84:90",
                        "alias" : "uACRTest",
                        "expression" : {
                           "localId" : "93",
                           "locator" : "84:18-84:81",
                           "dataType" : "{urn:healthit-gov:qdm:v5_6}PositiveLaboratoryTestPerformed",
                           "templateId" : "PositiveLaboratoryTestPerformed",
                           "codeProperty" : "code",
                           "codeComparator" : "in",
                           "type" : "Retrieve",
                           "codes" : {
                              "locator" : "84:49-84:80",
                              "name" : "Urine Albumin Creatinine Ratio",
                              "type" : "ValueSetRef"
                           }
                        }
                     } ],
                     "relationship" : [ ],
                     "where" : {
                        "localId" : "106",
                        "locator" : "85:9-86:41",
                        "type" : "And",
                        "operand" : [ {
                           "localId" : "102",
                           "locator" : "85:15-85:130",
                           "precision" : "Day",
                           "type" : "IncludedIn",
                           "operand" : [ {
                              "localId" : "100",
                              "locator" : "85:15-85:95",
                              "name" : "NormalizeInterval",
                              "libraryName" : "Global",
                              "type" : "FunctionRef",
                              "operand" : [ {
                                 "localId" : "97",
                                 "locator" : "85:44-85:68",
                                 "path" : "relevantDatetime",
                                 "scope" : "uACRTest",
                                 "type" : "Property"
                              }, {
                                 "localId" : "99",
                                 "locator" : "85:71-85:93",
                                 "path" : "relevantPeriod",
                                 "scope" : "uACRTest",
                                 "type" : "Property"
                              } ]
                           }, {
                              "localId" : "101",
                              "locator" : "85:111-85:130",
                              "name" : "Measurement Period",
                              "type" : "ParameterRef"
                           } ]
                        }, {
                           "localId" : "105",
                           "locator" : "86:15-86:41",
                           "type" : "Not",
                           "operand" : {
                              "locator" : "86:15-86:41",
                              "type" : "IsNull",
                              "operand" : {
                                 "localId" : "104",
                                 "locator" : "86:15-86:29",
                                 "path" : "result",
                                 "scope" : "uACRTest",
                                 "type" : "Property"
                              }
                           }
                        } ]
                     }
                  }
               } ]
            }
         }, {
            "localId" : "112",
            "locator" : "56:1-57:56",
            "name" : "Numerator",
            "context" : "Patient",
            "accessLevel" : "Public",
            "annotation" : [ {
               "type" : "Annotation",
               "s" : {
                  "r" : "112",
                  "s" : [ {
                     "value" : [ "","define ","\"Numerator\"",":\n  " ]
                  }, {
                     "r" : "111",
                     "s" : [ {
                        "value" : [ "\"Has Kidney Panel Performed During Measurement Period\"" ]
                     } ]
                  } ]
               }
            } ],
            "expression" : {
               "localId" : "111",
               "locator" : "57:3-57:56",
               "name" : "Has Kidney Panel Performed During Measurement Period",
               "type" : "ExpressionRef"
            }
         }, {
            "localId" : "122",
            "locator" : "59:1-62:66",
            "name" : "Has CKD Stage 5 or ESRD Diagnosis Overlaps Measurement Period",
            "context" : "Patient",
            "accessLevel" : "Public",
            "annotation" : [ {
               "type" : "Annotation",
               "s" : {
                  "r" : "122",
                  "s" : [ {
                     "value" : [ "","define ","\"Has CKD Stage 5 or ESRD Diagnosis Overlaps Measurement Period\"",":\n  " ]
                  }, {
                     "r" : "121",
                     "s" : [ {
                        "s" : [ {
                           "r" : "116",
                           "s" : [ {
                              "r" : "115",
                              "s" : [ {
                                 "value" : [ "( " ]
                              }, {
                                 "r" : "115",
                                 "s" : [ {
                                    "r" : "113",
                                    "s" : [ {
                                       "value" : [ "[","\"Diagnosis\"",": " ]
                                    }, {
                                       "s" : [ {
                                          "value" : [ "\"Chronic Kidney Disease, Stage 5\"" ]
                                       } ]
                                    }, {
                                       "value" : [ "]" ]
                                    } ]
                                 }, {
                                    "value" : [ "\n    union " ]
                                 }, {
                                    "r" : "114",
                                    "s" : [ {
                                       "value" : [ "[","\"Diagnosis\"",": " ]
                                    }, {
                                       "s" : [ {
                                          "value" : [ "\"End Stage Renal Disease\"" ]
                                       } ]
                                    }, {
                                       "value" : [ "]" ]
                                    } ]
                                 } ]
                              }, {
                                 "value" : [ " )" ]
                              } ]
                           }, {
                              "value" : [ " ","CKDOrESRD" ]
                           } ]
                        } ]
                     }, {
                        "value" : [ "\n    " ]
                     }, {
                        "r" : "120",
                        "s" : [ {
                           "value" : [ "where " ]
                        }, {
                           "r" : "120",
                           "s" : [ {
                              "r" : "118",
                              "s" : [ {
                                 "r" : "117",
                                 "s" : [ {
                                    "value" : [ "CKDOrESRD" ]
                                 } ]
                              }, {
                                 "value" : [ "." ]
                              }, {
                                 "r" : "118",
                                 "s" : [ {
                                    "value" : [ "prevalencePeriod" ]
                                 } ]
                              } ]
                           }, {
                              "r" : "120",
                              "value" : [ " ","overlaps"," " ]
                           }, {
                              "r" : "119",
                              "s" : [ {
                                 "value" : [ "\"Measurement Period\"" ]
                              } ]
                           } ]
                        } ]
                     } ]
                  } ]
               }
            } ],
            "expression" : {
               "localId" : "121",
               "locator" : "60:3-62:66",
               "type" : "Query",
               "source" : [ {
                  "localId" : "116",
                  "locator" : "60:3-61:62",
                  "alias" : "CKDOrESRD",
                  "expression" : {
                     "localId" : "115",
                     "locator" : "60:3-61:52",
                     "type" : "Union",
                     "operand" : [ {
                        "localId" : "113",
                        "locator" : "60:5-60:52",
                        "dataType" : "{urn:healthit-gov:qdm:v5_6}Diagnosis",
                        "codeProperty" : "code",
                        "codeComparator" : "in",
                        "type" : "Retrieve",
                        "codes" : {
                           "locator" : "60:19-60:51",
                           "name" : "Chronic Kidney Disease, Stage 5",
                           "type" : "ValueSetRef"
                        }
                     }, {
                        "localId" : "114",
                        "locator" : "61:11-61:50",
                        "dataType" : "{urn:healthit-gov:qdm:v5_6}Diagnosis",
                        "codeProperty" : "code",
                        "codeComparator" : "in",
                        "type" : "Retrieve",
                        "codes" : {
                           "locator" : "61:25-61:49",
                           "name" : "End Stage Renal Disease",
                           "type" : "ValueSetRef"
                        }
                     } ]
                  }
               } ],
               "relationship" : [ ],
               "where" : {
                  "localId" : "120",
                  "locator" : "62:5-62:66",
                  "type" : "Overlaps",
                  "operand" : [ {
                     "localId" : "118",
                     "locator" : "62:11-62:36",
                     "path" : "prevalencePeriod",
                     "scope" : "CKDOrESRD",
                     "type" : "Property"
                  }, {
                     "localId" : "119",
                     "locator" : "62:47-62:66",
                     "name" : "Measurement Period",
                     "type" : "ParameterRef"
                  } ]
               }
            }
         }, {
            "localId" : "131",
            "locator" : "74:1-77:69",
            "name" : "Denominator Exclusions",
            "context" : "Patient",
            "accessLevel" : "Public",
            "annotation" : [ {
               "type" : "Annotation",
               "s" : {
                  "r" : "131",
                  "s" : [ {
                     "value" : [ "","define ","\"Denominator Exclusions\"",":\n  " ]
                  }, {
                     "r" : "130",
                     "s" : [ {
                        "r" : "127",
                        "s" : [ {
                           "r" : "124",
                           "s" : [ {
                              "value" : [ "exists " ]
                           }, {
                              "r" : "123",
                              "s" : [ {
                                 "value" : [ "\"Has CKD Stage 5 or ESRD Diagnosis Overlaps Measurement Period\"" ]
                              } ]
                           } ]
                        }, {
                           "value" : [ "\n    or " ]
                        }, {
                           "r" : "126",
                           "s" : [ {
                              "r" : "125",
                              "s" : [ {
                                 "value" : [ "Hospice" ]
                              } ]
                           }, {
                              "value" : [ "." ]
                           }, {
                              "r" : "126",
                              "s" : [ {
                                 "value" : [ "\"Has Hospice Services\"" ]
                              } ]
                           } ]
                        } ]
                     }, {
                        "value" : [ "\n    or " ]
                     }, {
                        "r" : "129",
                        "s" : [ {
                           "r" : "128",
                           "s" : [ {
                              "value" : [ "PalliativeCare" ]
                           } ]
                        }, {
                           "value" : [ "." ]
                        }, {
                           "r" : "129",
                           "s" : [ {
                              "value" : [ "\"Has Palliative Care in the Measurement Period\"" ]
                           } ]
                        } ]
                     } ]
                  } ]
               }
            } ],
            "expression" : {
               "localId" : "130",
               "locator" : "75:3-77:69",
               "type" : "Or",
               "operand" : [ {
                  "localId" : "127",
                  "locator" : "75:3-76:37",
                  "type" : "Or",
                  "operand" : [ {
                     "localId" : "124",
                     "locator" : "75:3-75:72",
                     "type" : "Exists",
                     "operand" : {
                        "localId" : "123",
                        "locator" : "75:10-75:72",
                        "name" : "Has CKD Stage 5 or ESRD Diagnosis Overlaps Measurement Period",
                        "type" : "ExpressionRef"
                     }
                  }, {
                     "localId" : "126",
                     "locator" : "76:8-76:37",
                     "name" : "Has Hospice Services",
                     "libraryName" : "Hospice",
                     "type" : "ExpressionRef"
                  } ]
               }, {
                  "localId" : "129",
                  "locator" : "77:8-77:69",
                  "name" : "Has Palliative Care in the Measurement Period",
                  "libraryName" : "PalliativeCare",
                  "type" : "ExpressionRef"
               } ]
            }
         } ]
      }
   }
}