<?xml version="1.0" encoding="UTF-8"?>
<library xmlns="urn:hl7-org:elm:r1" xmlns:t="urn:hl7-org:elm-types:r1" xmlns:xsi="http://www.w3.org/2001/XMLSchema-instance" xmlns:xsd="http://www.w3.org/2001/XMLSchema" xmlns:fhir="http://hl7.org/fhir" xmlns:qdm43="urn:healthit-gov:qdm:v4_3" xmlns:qdm53="urn:healthit-gov:qdm:v5_3" xmlns:a="urn:hl7-org:cql-annotations:r1">
   <annotation translatorOptions="EnableAnnotations,EnableLocators,DisableListDemotion,DisableListPromotion,DisableMethodInvocation" xsi:type="a:CqlToElmInfo"/>
   <annotation xsi:type="a:Annotation">
      <a:s r="96">
         <a:s>library Hospice version '5.0.000'</a:s>
      </a:s>
   </annotation>
   <identifier id="Hospice" version="5.0.000"/>
   <schemaIdentifier id="urn:hl7-org:elm" version="r1"/>
   <usings>
      <def localIdentifier="System" uri="urn:hl7-org:elm-types:r1"/>
      <def localId="1" locator="3:1-3:23" localIdentifier="QDM" uri="urn:healthit-gov:qdm:v5_6" version="5.6">
         <annotation xsi:type="a:Annotation">
            <a:s r="1">
               <a:s>using </a:s>
               <a:s>
                  <a:s>QDM</a:s>
               </a:s>
               <a:s> version '5.6'</a:s>
            </a:s>
         </annotation>
      </def>
   </usings>
   <includes>
      <def localId="2" locator="5:1-5:64" localIdentifier="Global" path="MATGlobalCommonFunctions" version="7.0.000">
         <annotation xsi:type="a:Annotation">
            <a:s r="2">
               <a:s>include </a:s>
               <a:s>
                  <a:s>MATGlobalCommonFunctions</a:s>
               </a:s>
               <a:s> version '7.0.000' called Global</a:s>
            </a:s>
         </annotation>
      </def>
   </includes>
   <parameters>
      <def localId="19" locator="20:1-20:49" name="Measurement Period" accessLevel="Public">
         <annotation xsi:type="a:Annotation">
            <a:s r="19">
               <a:s>parameter &quot;Measurement Period&quot; </a:s>
               <a:s r="18">
                  <a:s>Interval&lt;</a:s>
                  <a:s r="17">
                     <a:s>DateTime</a:s>
                  </a:s>
                  <a:s>></a:s>
               </a:s>
            </a:s>
         </annotation>
         <parameterTypeSpecifier localId="18" locator="20:32-20:49" xsi:type="IntervalTypeSpecifier">
            <pointType localId="17" locator="20:41-20:48" name="t:DateTime" xsi:type="NamedTypeSpecifier"/>
         </parameterTypeSpecifier>
      </def>
   </parameters>
   <codeSystems>
      <def localId="3" locator="7:1-7:55" name="SNOMEDCT" id="urn:oid:2.16.840.1.113883.6.96" accessLevel="Public">
         <annotation xsi:type="a:Annotation">
            <a:s r="3">
               <a:s>codesystem &quot;SNOMEDCT&quot;: 'urn:oid:2.16.840.1.113883.6.96'</a:s>
            </a:s>
         </annotation>
      </def>
      <def localId="4" locator="8:1-8:51" name="LOINC" id="urn:oid:2.16.840.1.113883.6.1" accessLevel="Public">
         <annotation xsi:type="a:Annotation">
            <a:s r="4">
               <a:s>codesystem &quot;LOINC&quot;: 'urn:oid:2.16.840.1.113883.6.1'</a:s>
            </a:s>
         </annotation>
      </def>
   </codeSystems>
   <valueSets>
      <def localId="5" locator="10:1-10:71" name="Encounter Inpatient" id="urn:oid:2.16.840.1.113883.3.666.5.307" accessLevel="Public">
         <annotation xsi:type="a:Annotation">
            <a:s r="5">
               <a:s>valueset &quot;Encounter Inpatient&quot;: 'urn:oid:2.16.840.1.113883.3.666.5.307'</a:s>
            </a:s>
         </annotation>
      </def>
      <def localId="6" locator="11:1-11:76" name="Hospice Care Ambulatory" id="urn:oid:2.16.840.1.113883.3.526.3.1584" accessLevel="Public">
         <annotation xsi:type="a:Annotation">
            <a:s r="6">
               <a:s>valueset &quot;Hospice Care Ambulatory&quot;: 'urn:oid:2.16.840.1.113883.3.526.3.1584'</a:s>
            </a:s>
         </annotation>
      </def>
      <def localId="7" locator="12:1-12:73" name="Hospice Diagnosis" id="urn:oid:2.16.840.1.113883.3.464.1003.1165" accessLevel="Public">
         <annotation xsi:type="a:Annotation">
            <a:s r="7">
               <a:s>valueset &quot;Hospice Diagnosis&quot;: 'urn:oid:2.16.840.1.113883.3.464.1003.1165'</a:s>
            </a:s>
         </annotation>
      </def>
      <def localId="8" locator="13:1-13:73" name="Hospice Encounter" id="urn:oid:2.16.840.1.113883.3.464.1003.1003" accessLevel="Public">
         <annotation xsi:type="a:Annotation">
            <a:s r="8">
               <a:s>valueset &quot;Hospice Encounter&quot;: 'urn:oid:2.16.840.1.113883.3.464.1003.1003'</a:s>
            </a:s>
         </annotation>
      </def>
   </valueSets>
   <codes>
      <def localId="10" locator="15:1-15:175" name="Discharge to healthcare facility for hospice care (procedure)" id="428371000124100" display="Discharge to healthcare facility for hospice care (procedure)" accessLevel="Public">
         <annotation xsi:type="a:Annotation">
            <a:s r="10">
               <a:s>code &quot;Discharge to healthcare facility for hospice care (procedure)&quot;: '428371000124100' from </a:s>
               <a:s r="9">
                  <a:s>&quot;SNOMEDCT&quot;</a:s>
               </a:s>
               <a:s> display 'Discharge to healthcare facility for hospice care (procedure)'</a:s>
            </a:s>
         </annotation>
         <codeSystem localId="9" locator="15:94-15:103" name="SNOMEDCT"/>
      </def>
      <def localId="12" locator="16:1-16:145" name="Discharge to home for hospice care (procedure)" id="428361000124107" display="Discharge to home for hospice care (procedure)" accessLevel="Public">
         <annotation xsi:type="a:Annotation">
            <a:s r="12">
               <a:s>code &quot;Discharge to home for hospice care (procedure)&quot;: '428361000124107' from </a:s>
               <a:s r="11">
                  <a:s>&quot;SNOMEDCT&quot;</a:s>
               </a:s>
               <a:s> display 'Discharge to home for hospice care (procedure)'</a:s>
            </a:s>
         </annotation>
         <codeSystem localId="11" locator="16:79-16:88" name="SNOMEDCT"/>
      </def>
      <def localId="14" locator="17:1-17:104" name="Hospice care [Minimum Data Set]" id="45755-6" display="Hospice care [Minimum Data Set]" accessLevel="Public">
         <annotation xsi:type="a:Annotation">
            <a:s r="14">
               <a:s>code &quot;Hospice care [Minimum Data Set]&quot;: '45755-6' from </a:s>
               <a:s r="13">
                  <a:s>&quot;LOINC&quot;</a:s>
               </a:s>
               <a:s> display 'Hospice care [Minimum Data Set]'</a:s>
            </a:s>
         </annotation>
         <codeSystem localId="13" locator="17:56-17:62" name="LOINC"/>
      </def>
      <def localId="16" locator="18:1-18:89" name="Yes (qualifier value)" id="373066001" display="Yes (qualifier value)" accessLevel="Public">
         <annotation xsi:type="a:Annotation">
            <a:s r="16">
               <a:s>code &quot;Yes (qualifier value)&quot;: '373066001' from </a:s>
               <a:s r="15">
                  <a:s>&quot;SNOMEDCT&quot;</a:s>
               </a:s>
               <a:s> display 'Yes (qualifier value)'</a:s>
            </a:s>
         </annotation>
         <codeSystem localId="15" locator="18:48-18:57" name="SNOMEDCT"/>
      </def>
   </codes>
   <contexts>
      <def locator="22:1-22:15" name="Patient"/>
   </contexts>
   <statements>
      <def locator="22:1-22:15" name="Patient" context="Patient">
         <expression xsi:type="SingletonFrom">
            <operand locator="22:1-22:15" xmlns:ns0="urn:healthit-gov:qdm:v5_6" dataType="ns0:Patient" templateId="Patient" xsi:type="Retrieve"/>
         </expression>
      </def>
      <def localId="96" locator="24:1-46:5" name="Has Hospice Services" context="Patient" accessLevel="Public">
         <annotation xsi:type="a:Annotation">
            <a:s r="96">
               <a:s>define &quot;Has Hospice Services&quot;:
  </a:s>
               <a:s r="95">
                  <a:s r="86">
                     <a:s r="73">
                        <a:s r="64">
                           <a:s r="46">
                              <a:s r="37">
                                 <a:s>exists </a:s>
                                 <a:s r="36">
                                    <a:s>( </a:s>
                                    <a:s r="36">
                                       <a:s>
                                          <a:s r="21">
                                             <a:s r="20">
                                                <a:s r="20">
                                                   <a:s>[&quot;Encounter, Performed&quot;: </a:s>
                                                   <a:s>
                                                      <a:s>&quot;Encounter Inpatient&quot;</a:s>
                                                   </a:s>
                                                   <a:s>]</a:s>
                                                </a:s>
                                             </a:s>
                                             <a:s> InpatientEncounter</a:s>
                                          </a:s>
                                       </a:s>
                                       <a:s>
      </a:s>
                                       <a:s r="35">
                                          <a:s>where </a:s>
                                          <a:s r="35">
                                             <a:s r="30">
                                                <a:s>( </a:s>
                                                <a:s r="30">
                                                   <a:s r="25">
                                                      <a:s r="23">
                                                         <a:s r="22">
                                                            <a:s>InpatientEncounter</a:s>
                                                         </a:s>
                                                         <a:s>.</a:s>
                                                         <a:s r="23">
                                                            <a:s>dischargeDisposition</a:s>
                                                         </a:s>
                                                      </a:s>
                                                      <a:s> ~ </a:s>
                                                      <a:s r="24">
                                                         <a:s>&quot;Discharge to home for hospice care (procedure)&quot;</a:s>
                                                      </a:s>
                                                   </a:s>
                                                   <a:s>
          or </a:s>
                                                   <a:s r="29">
                                                      <a:s r="27">
                                                         <a:s r="26">
                                                            <a:s>InpatientEncounter</a:s>
                                                         </a:s>
                                                         <a:s>.</a:s>
                                                         <a:s r="27">
                                                            <a:s>dischargeDisposition</a:s>
                                                         </a:s>
                                                      </a:s>
                                                      <a:s> ~ </a:s>
                                                      <a:s r="28">
                                                         <a:s>&quot;Discharge to healthcare facility for hospice care (procedure)&quot;</a:s>
                                                      </a:s>
                                                   </a:s>
                                                </a:s>
                                                <a:s>
      )</a:s>
                                             </a:s>
                                             <a:s>
        and </a:s>
                                             <a:s r="34">
                                                <a:s r="32">
                                                   <a:s r="31">
                                                      <a:s>InpatientEncounter</a:s>
                                                   </a:s>
                                                   <a:s>.</a:s>
                                                   <a:s r="32">
                                                      <a:s>relevantPeriod</a:s>
                                                   </a:s>
                                                </a:s>
                                                <a:s r="34"> ends during day of </a:s>
                                                <a:s r="33">
                                                   <a:s>&quot;Measurement Period&quot;</a:s>
                                                </a:s>
                                             </a:s>
                                          </a:s>
                                       </a:s>
                                    </a:s>
                                    <a:s>
  )</a:s>
                                 </a:s>
                              </a:s>
                              <a:s>
    or </a:s>
                              <a:s r="45">
                                 <a:s>exists </a:s>
                                 <a:s r="44">
                                    <a:s>( </a:s>
                                    <a:s r="44">
                                       <a:s>
                                          <a:s r="39">
                                             <a:s r="38">
                                                <a:s r="38">
                                                   <a:s>[&quot;Encounter, Performed&quot;: </a:s>
                                                   <a:s>
                                                      <a:s>&quot;Hospice Encounter&quot;</a:s>
                                                   </a:s>
                                                   <a:s>]</a:s>
                                                </a:s>
                                             </a:s>
                                             <a:s> HospiceEncounter</a:s>
                                          </a:s>
                                       </a:s>
                                       <a:s>
        </a:s>
                                       <a:s r="43">
                                          <a:s>where </a:s>
                                          <a:s r="43">
                                             <a:s r="41">
                                                <a:s r="40">
                                                   <a:s>HospiceEncounter</a:s>
                                                </a:s>
                                                <a:s>.</a:s>
                                                <a:s r="41">
                                                   <a:s>relevantPeriod</a:s>
                                                </a:s>
                                             </a:s>
                                             <a:s r="43"> overlaps day of </a:s>
                                             <a:s r="42">
                                                <a:s>&quot;Measurement Period&quot;</a:s>
                                             </a:s>
                                          </a:s>
                                       </a:s>
                                    </a:s>
                                    <a:s>
    )</a:s>
                                 </a:s>
                              </a:s>
                           </a:s>
                           <a:s>
    or </a:s>
                           <a:s r="63">
                              <a:s>exists </a:s>
                              <a:s r="62">
                                 <a:s>( </a:s>
                                 <a:s r="62">
                                    <a:s>
                                       <a:s r="48">
                                          <a:s r="47">
                                             <a:s r="47">
                                                <a:s>[&quot;Assessment, Performed&quot;: </a:s>
                                                <a:s>
                                                   <a:s>&quot;Hospice care [Minimum Data Set]&quot;</a:s>
                                                </a:s>
                                                <a:s>]</a:s>
                                             </a:s>
                                          </a:s>
                                          <a:s> HospiceAssessment</a:s>
                                       </a:s>
                                    </a:s>
                                    <a:s>
        </a:s>
                                    <a:s r="61">
                                       <a:s>where </a:s>
                                       <a:s r="61">
                                          <a:s r="52">
                                             <a:s r="50">
                                                <a:s r="49">
                                                   <a:s>HospiceAssessment</a:s>
                                                </a:s>
                                                <a:s>.</a:s>
                                                <a:s r="50">
                                                   <a:s>result</a:s>
                                                </a:s>
                                             </a:s>
                                             <a:s> ~ </a:s>
                                             <a:s r="51">
                                                <a:s>&quot;Yes (qualifier value)&quot;</a:s>
                                             </a:s>
                                          </a:s>
                                          <a:s>
          and </a:s>
                                          <a:s r="60">
                                             <a:s r="58">
                                                <a:s r="53">
                                                   <a:s>Global</a:s>
                                                </a:s>
                                                <a:s>.</a:s>
                                                <a:s r="58">
                                                   <a:s>&quot;NormalizeInterval&quot; ( </a:s>
                                                   <a:s r="55">
                                                      <a:s r="54">
                                                         <a:s>HospiceAssessment</a:s>
                                                      </a:s>
                                                      <a:s>.</a:s>
                                                      <a:s r="55">
                                                         <a:s>relevantDatetime</a:s>
                                                      </a:s>
                                                   </a:s>
                                                   <a:s>, </a:s>
                                                   <a:s r="57">
                                                      <a:s r="56">
                                                         <a:s>HospiceAssessment</a:s>
                                                      </a:s>
                                                      <a:s>.</a:s>
                                                      <a:s r="57">
                                                         <a:s>relevantPeriod</a:s>
                                                      </a:s>
                                                   </a:s>
                                                   <a:s> )</a:s>
                                                </a:s>
                                             </a:s>
                                             <a:s r="60"> overlaps day of </a:s>
                                             <a:s r="59">
                                                <a:s>&quot;Measurement Period&quot;</a:s>
                                             </a:s>
                                          </a:s>
                                       </a:s>
                                    </a:s>
                                 </a:s>
                                 <a:s>
    )</a:s>
                              </a:s>
                           </a:s>
                        </a:s>
                        <a:s>
    or </a:s>
                        <a:s r="72">
                           <a:s>exists </a:s>
                           <a:s r="71">
                              <a:s>( </a:s>
                              <a:s r="71">
                                 <a:s>
                                    <a:s r="66">
                                       <a:s r="65">
                                          <a:s r="65">
                                             <a:s>[&quot;Intervention, Order&quot;: </a:s>
                                             <a:s>
                                                <a:s>&quot;Hospice Care Ambulatory&quot;</a:s>
                                             </a:s>
                                             <a:s>]</a:s>
                                          </a:s>
                                       </a:s>
                                       <a:s> HospiceOrder</a:s>
                                    </a:s>
                                 </a:s>
                                 <a:s>
        </a:s>
                                 <a:s r="70">
                                    <a:s>where </a:s>
                                    <a:s r="70">
                                       <a:s r="68">
                                          <a:s r="67">
                                             <a:s>HospiceOrder</a:s>
                                          </a:s>
                                          <a:s>.</a:s>
                                          <a:s r="68">
                                             <a:s>authorDatetime</a:s>
                                          </a:s>
                                       </a:s>
                                       <a:s r="70"> during day of </a:s>
                                       <a:s r="69">
                                          <a:s>&quot;Measurement Period&quot;</a:s>
                                       </a:s>
                                    </a:s>
                                 </a:s>
                              </a:s>
                              <a:s>
    )</a:s>
                           </a:s>
                        </a:s>
                     </a:s>
                     <a:s>
    or </a:s>
                     <a:s r="85">
                        <a:s>exists </a:s>
                        <a:s r="84">
                           <a:s>( </a:s>
                           <a:s r="84">
                              <a:s>
                                 <a:s r="75">
                                    <a:s r="74">
                                       <a:s r="74">
                                          <a:s>[&quot;Intervention, Performed&quot;: </a:s>
                                          <a:s>
                                             <a:s>&quot;Hospice Care Ambulatory&quot;</a:s>
                                          </a:s>
                                          <a:s>]</a:s>
                                       </a:s>
                                    </a:s>
                                    <a:s> HospicePerformed</a:s>
                                 </a:s>
                              </a:s>
                              <a:s>
        </a:s>
                              <a:s r="83">
                                 <a:s>where </a:s>
                                 <a:s r="83">
                                    <a:s r="81">
                                       <a:s r="76">
                                          <a:s>Global</a:s>
                                       </a:s>
                                       <a:s>.</a:s>
                                       <a:s r="81">
                                          <a:s>&quot;NormalizeInterval&quot; ( </a:s>
                                          <a:s r="78">
                                             <a:s r="77">
                                                <a:s>HospicePerformed</a:s>
                                             </a:s>
                                             <a:s>.</a:s>
                                             <a:s r="78">
                                                <a:s>relevantDatetime</a:s>
                                             </a:s>
                                          </a:s>
                                          <a:s>, </a:s>
                                          <a:s r="80">
                                             <a:s r="79">
                                                <a:s>HospicePerformed</a:s>
                                             </a:s>
                                             <a:s>.</a:s>
                                             <a:s r="80">
                                                <a:s>relevantPeriod</a:s>
                                             </a:s>
                                          </a:s>
                                          <a:s> )</a:s>
                                       </a:s>
                                    </a:s>
                                    <a:s r="83"> overlaps day of </a:s>
                                    <a:s r="82">
                                       <a:s>&quot;Measurement Period&quot;</a:s>
                                    </a:s>
                                 </a:s>
                              </a:s>
                           </a:s>
                           <a:s>
    )</a:s>
                        </a:s>
                     </a:s>
                  </a:s>
                  <a:s>
  or </a:s>
                  <a:s r="94">
                     <a:s>exists </a:s>
                     <a:s r="93">
                        <a:s>( </a:s>
                        <a:s r="93">
                           <a:s>
                              <a:s r="88">
                                 <a:s r="87">
                                    <a:s r="87">
                                       <a:s>[&quot;Diagnosis&quot;: </a:s>
                                       <a:s>
                                          <a:s>&quot;Hospice Diagnosis&quot;</a:s>
                                       </a:s>
                                       <a:s>]</a:s>
                                    </a:s>
                                 </a:s>
                                 <a:s> HospiceCareDiagnosis</a:s>
                              </a:s>
                           </a:s>
                           <a:s>
        </a:s>
                           <a:s r="92">
                              <a:s>where </a:s>
                              <a:s r="92">
                                 <a:s r="90">
                                    <a:s r="89">
                                       <a:s>HospiceCareDiagnosis</a:s>
                                    </a:s>
                                    <a:s>.</a:s>
                                    <a:s r="90">
                                       <a:s>prevalencePeriod</a:s>
                                    </a:s>
                                 </a:s>
                                 <a:s r="92"> overlaps day of </a:s>
                                 <a:s r="91">
                                    <a:s>&quot;Measurement Period&quot;</a:s>
                                 </a:s>
                              </a:s>
                           </a:s>
                        </a:s>
                        <a:s>
    )</a:s>
                     </a:s>
                  </a:s>
               </a:s>
            </a:s>
         </annotation>
         <expression localId="95" locator="25:3-46:5" xsi:type="Or">
            <operand localId="86" locator="25:3-43:5" xsi:type="Or">
               <operand localId="73" locator="25:3-40:5" xsi:type="Or">
                  <operand localId="64" locator="25:3-37:5" xsi:type="Or">
                     <operand localId="46" locator="25:3-33:5" xsi:type="Or">
                        <operand localId="37" locator="25:3-30:3" xsi:type="Exists">
                           <operand localId="36" locator="25:10-30:3" xsi:type="Query">
                              <source localId="21" locator="25:12-25:77" alias="InpatientEncounter">
                                 <expression localId="20" locator="25:12-25:58" xmlns:ns1="urn:healthit-gov:qdm:v5_6" dataType="ns1:PositiveEncounterPerformed" templateId="PositiveEncounterPerformed" codeProperty="code" codeComparator="in" xsi:type="Retrieve">
                                    <codes locator="25:37-25:57" name="Encounter Inpatient" xsi:type="ValueSetRef"/>
                                 </expression>
                              </source>
                              <where localId="35" locator="26:7-29:85" xsi:type="And">
                                 <operand localId="30" locator="26:13-28:7" xsi:type="Or">
                                    <operand localId="25" locator="26:15-26:104" xsi:type="Equivalent">
                                       <operand localId="23" locator="26:15-26:53" path="dischargeDisposition" scope="InpatientEncounter" xsi:type="Property"/>
                                       <operand localId="24" locator="26:57-26:104" name="Discharge to home for hospice care (procedure)" xsi:type="CodeRef"/>
                                    </operand>
                                    <operand localId="29" locator="27:14-27:118" xsi:type="Equivalent">
                                       <operand localId="27" locator="27:14-27:52" path="dischargeDisposition" scope="InpatientEncounter" xsi:type="Property"/>
                                       <operand localId="28" locator="27:56-27:118" name="Discharge to healthcare facility for hospice care (procedure)" xsi:type="CodeRef"/>
                                    </operand>
                                 </operand>
                                 <operand localId="34" locator="29:13-29:85" precision="Day" xsi:type="In">
                                    <operand locator="29:47-29:50" xsi:type="End">
                                       <operand localId="32" locator="29:13-29:45" path="relevantPeriod" scope="InpatientEncounter" xsi:type="Property"/>
                                    </operand>
                                    <operand localId="33" locator="29:66-29:85" name="Measurement Period" xsi:type="ParameterRef"/>
                                 </operand>
                              </where>
                           </operand>
                        </operand>
                        <operand localId="45" locator="31:8-33:5" xsi:type="Exists">
                           <operand localId="44" locator="31:15-33:5" xsi:type="Query">
                              <source localId="39" locator="31:17-31:78" alias="HospiceEncounter">
                                 <expression localId="38" locator="31:17-31:61" xmlns:ns2="urn:healthit-gov:qdm:v5_6" dataType="ns2:PositiveEncounterPerformed" templateId="PositiveEncounterPerformed" codeProperty="code" codeComparator="in" xsi:type="Retrieve">
                                    <codes locator="31:42-31:60" name="Hospice Encounter" xsi:type="ValueSetRef"/>
                                 </expression>
                              </source>
                              <where localId="43" locator="32:9-32:82" precision="Day" xsi:type="Overlaps">
                                 <operand localId="41" locator="32:15-32:45" path="relevantPeriod" scope="HospiceEncounter" xsi:type="Property"/>
                                 <operand localId="42" locator="32:63-32:82" name="Measurement Period" xsi:type="ParameterRef"/>
                              </where>
                           </operand>
                        </operand>
                     </operand>
                     <operand localId="63" locator="34:8-37:5" xsi:type="Exists">
                        <operand localId="62" locator="34:15-37:5" xsi:type="Query">
                           <source localId="48" locator="34:17-34:94" alias="HospiceAssessment">
                              <expression localId="47" locator="34:17-34:76" xmlns:ns3="urn:healthit-gov:qdm:v5_6" dataType="ns3:PositiveAssessmentPerformed" templateId="PositiveAssessmentPerformed" codeProperty="code" codeComparator="~" xsi:type="Retrieve">
                                 <codes xsi:type="ToList">
                                    <operand locator="34:43-34:75" name="Hospice care [Minimum Data Set]" xsi:type="CodeRef"/>
                                 </codes>
                              </expression>
                           </source>
                           <where localId="61" locator="35:9-36:150" xsi:type="And">
                              <operand localId="52" locator="35:15-35:64" xsi:type="Equivalent">
                                 <operand asType="t:Code" xsi:type="As">
                                    <operand localId="50" locator="35:15-35:38" path="result" scope="HospiceAssessment" xsi:type="Property"/>
                                 </operand>
                                 <operand localId="51" locator="35:42-35:64" name="Yes (qualifier value)" xsi:type="CodeRef"/>
                              </operand>
                              <operand localId="60" locator="36:15-36:150" precision="Day" xsi:type="Overlaps">
                                 <operand localId="58" locator="36:15-36:113" name="NormalizeInterval" libraryName="Global" xsi:type="FunctionRef">
                                    <operand localId="55" locator="36:44-36:77" path="relevantDatetime" scope="HospiceAssessment" xsi:type="Property"/>
                                    <operand localId="57" locator="36:80-36:111" path="relevantPeriod" scope="HospiceAssessment" xsi:type="Property"/>
                                 </operand>
                                 <operand localId="59" locator="36:131-36:150" name="Measurement Period" xsi:type="ParameterRef"/>
                              </operand>
                           </where>
                        </operand>
                     </operand>
                  </operand>
                  <operand localId="72" locator="38:8-40:5" xsi:type="Exists">
                     <operand localId="71" locator="38:15-40:5" xsi:type="Query">
                        <source localId="66" locator="38:17-38:79" alias="HospiceOrder">
                           <expression localId="65" locator="38:17-38:66" xmlns:ns4="urn:healthit-gov:qdm:v5_6" dataType="ns4:PositiveInterventionOrder" templateId="PositiveInterventionOrder" codeProperty="code" codeComparator="in" xsi:type="Retrieve">
                              <codes locator="38:41-38:65" name="Hospice Care Ambulatory" xsi:type="ValueSetRef"/>
                           </expression>
                        </source>
                        <where localId="70" locator="39:9-39:76" precision="Day" xsi:type="In">
                           <operand localId="68" locator="39:15-39:41" path="authorDatetime" scope="HospiceOrder" xsi:type="Property"/>
                           <operand localId="69" locator="39:57-39:76" name="Measurement Period" xsi:type="ParameterRef"/>
                        </where>
                     </operand>
                  </operand>
               </operand>
               <operand localId="85" locator="41:8-43:5" xsi:type="Exists">
                  <operand localId="84" locator="41:15-43:5" xsi:type="Query">
                     <source localId="75" locator="41:17-41:87" alias="HospicePerformed">
                        <expression localId="74" locator="41:17-41:70" xmlns:ns5="urn:healthit-gov:qdm:v5_6" dataType="ns5:PositiveInterventionPerformed" templateId="PositiveInterventionPerformed" codeProperty="code" codeComparator="in" xsi:type="Retrieve">
                           <codes locator="41:45-41:69" name="Hospice Care Ambulatory" xsi:type="ValueSetRef"/>
                        </expression>
                     </source>
                     <where localId="83" locator="42:9-42:148" precision="Day" xsi:type="Overlaps">
                        <operand localId="81" locator="42:15-42:111" name="NormalizeInterval" libraryName="Global" xsi:type="FunctionRef">
                           <operand localId="78" locator="42:44-42:76" path="relevantDatetime" scope="HospicePerformed" xsi:type="Property"/>
                           <operand localId="80" locator="42:79-42:109" path="relevantPeriod" scope="HospicePerformed" xsi:type="Property"/>
                        </operand>
                        <operand localId="82" locator="42:129-42:148" name="Measurement Period" xsi:type="ParameterRef"/>
                     </where>
                  </operand>
               </operand>
            </operand>
            <operand localId="94" locator="44:6-46:5" xsi:type="Exists">
               <operand localId="93" locator="44:13-46:5" xsi:type="Query">
                  <source localId="88" locator="44:15-44:69" alias="HospiceCareDiagnosis">
                     <expression localId="87" locator="44:15-44:48" xmlns:ns6="urn:healthit-gov:qdm:v5_6" dataType="ns6:Diagnosis" codeProperty="code" codeComparator="in" xsi:type="Retrieve">
                        <codes locator="44:29-44:47" name="Hospice Diagnosis" xsi:type="ValueSetRef"/>
                     </expression>
                  </source>
                  <where localId="92" locator="45:9-45:88" precision="Day" xsi:type="Overlaps">
                     <operand localId="90" locator="45:15-45:51" path="prevalencePeriod" scope="HospiceCareDiagnosis" xsi:type="Property"/>
                     <operand localId="91" locator="45:69-45:88" name="Measurement Period" xsi:type="ParameterRef"/>
                  </where>
               </operand>
            </operand>
         </expression>
      </def>
   </statements>
</library>
