{
   "library" : {
      "localId" : "0",
      "annotation" : [ {
         "translatorVersion" : "3.14.0",
         "translatorOptions" : "EnableAnnotations,EnableLocators,EnableResultTypes,EnableDetailedErrors,DisableListDemotion,DisableListPromotion",
         "signatureLevel" : "None",
         "type" : "CqlToElmInfo"
      }, {
         "type" : "Annotation",
         "s" : {
            "r" : "281",
            "s" : [ {
               "value" : [ "","library CMS177ChildMDDSuicideAssessment version '14.0.000'" ]
            } ]
         }
      } ],
      "identifier" : {
         "id" : "CMS177ChildMDDSuicideAssessment",
         "version" : "14.0.000"
      },
      "schemaIdentifier" : {
         "id" : "urn:hl7-org:elm",
         "version" : "r1"
      },
      "usings" : {
         "def" : [ {
            "localId" : "1",
            "localIdentifier" : "System",
            "uri" : "urn:hl7-org:elm-types:r1"
         }, {
            "localId" : "206",
            "locator" : "3:1-3:23",
            "localIdentifier" : "QDM",
            "uri" : "urn:healthit-gov:qdm:v5_6",
            "version" : "5.6",
            "annotation" : [ {
               "type" : "Annotation",
               "s" : {
                  "r" : "206",
                  "s" : [ {
                     "value" : [ "","using " ]
                  }, {
                     "s" : [ {
                        "value" : [ "QDM" ]
                     } ]
                  }, {
                     "value" : [ " version '5.6'" ]
                  } ]
               }
            } ]
         } ]
      },
      "includes" : {
         "def" : [ {
            "localId" : "207",
            "locator" : "5:1-5:52",
            "localIdentifier" : "Global",
            "path" : "CQMCommonQDM",
            "version" : "9.0.000",
            "annotation" : [ {
               "type" : "Annotation",
               "s" : {
                  "r" : "207",
                  "s" : [ {
                     "value" : [ "","include " ]
                  }, {
                     "s" : [ {
                        "value" : [ "CQMCommonQDM" ]
                     } ]
                  }, {
                     "value" : [ " version ","'9.0.000'"," called ","Global" ]
                  } ]
               }
            } ]
         } ]
      },
      "parameters" : {
         "def" : [ {
            "localId" : "224",
            "locator" : "25:1-25:49",
            "name" : "Measurement Period",
            "accessLevel" : "Public",
            "annotation" : [ {
               "type" : "Annotation",
               "s" : {
                  "r" : "224",
                  "s" : [ {
                     "value" : [ "","parameter ","\"Measurement Period\""," " ]
                  }, {
                     "r" : "225",
                     "s" : [ {
                        "value" : [ "Interval<" ]
                     }, {
                        "r" : "226",
                        "s" : [ {
                           "value" : [ "DateTime" ]
                        } ]
                     }, {
                        "value" : [ ">" ]
                     } ]
                  } ]
               }
            } ],
            "resultTypeSpecifier" : {
               "localId" : "229",
               "type" : "IntervalTypeSpecifier",
               "pointType" : {
                  "localId" : "230",
                  "name" : "{urn:hl7-org:elm-types:r1}DateTime",
                  "type" : "NamedTypeSpecifier"
               }
            },
            "parameterTypeSpecifier" : {
               "localId" : "225",
               "locator" : "25:32-25:49",
               "type" : "IntervalTypeSpecifier",
               "resultTypeSpecifier" : {
                  "localId" : "227",
                  "type" : "IntervalTypeSpecifier",
                  "pointType" : {
                     "localId" : "228",
                     "name" : "{urn:hl7-org:elm-types:r1}DateTime",
                     "type" : "NamedTypeSpecifier"
                  }
               },
               "pointType" : {
                  "localId" : "226",
                  "locator" : "25:41-25:48",
                  "resultTypeName" : "{urn:hl7-org:elm-types:r1}DateTime",
                  "name" : "{urn:hl7-org:elm-types:r1}DateTime",
                  "type" : "NamedTypeSpecifier"
               }
            }
         } ]
      },
      "codeSystems" : {
         "def" : [ {
            "localId" : "208",
            "locator" : "7:1-7:55",
            "resultTypeName" : "{urn:hl7-org:elm-types:r1}CodeSystem",
            "name" : "SNOMEDCT",
            "id" : "urn:oid:2.16.840.1.113883.6.96",
            "accessLevel" : "Public",
            "annotation" : [ {
               "type" : "Annotation",
               "s" : {
                  "r" : "208",
                  "s" : [ {
                     "value" : [ "","codesystem ","\"SNOMEDCT\"",": ","'urn:oid:2.16.840.1.113883.6.96'" ]
                  } ]
               }
            } ]
         } ]
      },
      "valueSets" : {
         "def" : [ {
            "localId" : "209",
            "locator" : "9:1-9:79",
            "resultTypeName" : "{urn:hl7-org:elm-types:r1}ValueSet",
            "name" : "Federal Administrative Sex",
            "id" : "urn:oid:2.16.840.1.113762.1.4.1021.121",
            "accessLevel" : "Public",
            "annotation" : [ {
               "type" : "Annotation",
               "s" : {
                  "r" : "209",
                  "s" : [ {
                     "value" : [ "","valueset ","\"Federal Administrative Sex\"",": ","'urn:oid:2.16.840.1.113762.1.4.1021.121'" ]
                  } ]
               }
            } ],
            "codeSystem" : [ ]
         }, {
            "localId" : "210",
            "locator" : "10:1-10:58",
            "resultTypeName" : "{urn:hl7-org:elm-types:r1}ValueSet",
            "name" : "Ethnicity",
            "id" : "urn:oid:2.16.840.1.114222.4.11.837",
            "accessLevel" : "Public",
            "annotation" : [ {
               "type" : "Annotation",
               "s" : {
                  "r" : "210",
                  "s" : [ {
                     "value" : [ "","valueset ","\"Ethnicity\"",": ","'urn:oid:2.16.840.1.114222.4.11.837'" ]
                  } ]
               }
            } ],
            "codeSystem" : [ ]
         }, {
            "localId" : "211",
            "locator" : "11:1-11:72",
            "resultTypeName" : "{urn:hl7-org:elm-types:r1}ValueSet",
            "name" : "Group Psychotherapy",
            "id" : "urn:oid:2.16.840.1.113883.3.526.3.1187",
            "accessLevel" : "Public",
            "annotation" : [ {
               "type" : "Annotation",
               "s" : {
                  "r" : "211",
                  "s" : [ {
                     "value" : [ "","valueset ","\"Group Psychotherapy\"",": ","'urn:oid:2.16.840.1.113883.3.526.3.1187'" ]
                  } ]
               }
            } ],
            "codeSystem" : [ ]
         }, {
            "localId" : "212",
            "locator" : "12:1-12:85",
            "resultTypeName" : "{urn:hl7-org:elm-types:r1}ValueSet",
            "name" : "Major Depressive Disorder Active",
            "id" : "urn:oid:2.16.840.1.113883.3.526.3.1491",
            "accessLevel" : "Public",
            "annotation" : [ {
               "type" : "Annotation",
               "s" : {
                  "r" : "212",
                  "s" : [ {
                     "value" : [ "","valueset ","\"Major Depressive Disorder Active\"",": ","'urn:oid:2.16.840.1.113883.3.526.3.1491'" ]
                  } ]
               }
            } ],
            "codeSystem" : [ ]
         }, {
            "localId" : "213",
            "locator" : "13:1-13:75",
            "resultTypeName" : "{urn:hl7-org:elm-types:r1}ValueSet",
            "name" : "Office Visit",
            "id" : "urn:oid:2.16.840.1.113883.3.464.1003.101.12.1001",
            "accessLevel" : "Public",
            "annotation" : [ {
               "type" : "Annotation",
               "s" : {
                  "r" : "213",
                  "s" : [ {
                     "value" : [ "","valueset ","\"Office Visit\"",": ","'urn:oid:2.16.840.1.113883.3.464.1003.101.12.1001'" ]
                  } ]
               }
            } ],
            "codeSystem" : [ ]
         }, {
            "localId" : "214",
            "locator" : "14:1-14:86",
            "resultTypeName" : "{urn:hl7-org:elm-types:r1}ValueSet",
            "name" : "Outpatient Consultation",
            "id" : "urn:oid:2.16.840.1.113883.3.464.1003.101.12.1008",
            "accessLevel" : "Public",
            "annotation" : [ {
               "type" : "Annotation",
               "s" : {
                  "r" : "214",
                  "s" : [ {
                     "value" : [ "","valueset ","\"Outpatient Consultation\"",": ","'urn:oid:2.16.840.1.113883.3.464.1003.101.12.1008'" ]
                  } ]
               }
            } ],
            "codeSystem" : [ ]
         }, {
            "localId" : "215",
            "locator" : "15:1-15:60",
            "resultTypeName" : "{urn:hl7-org:elm-types:r1}ValueSet",
            "name" : "Payer Type",
            "id" : "urn:oid:2.16.840.1.114222.4.11.3591",
            "accessLevel" : "Public",
            "annotation" : [ {
               "type" : "Annotation",
               "s" : {
                  "r" : "215",
                  "s" : [ {
                     "value" : [ "","valueset ","\"Payer Type\"",": ","'urn:oid:2.16.840.1.114222.4.11.3591'" ]
                  } ]
               }
            } ],
            "codeSystem" : [ ]
         }, {
            "localId" : "216",
            "locator" : "16:1-16:86",
            "resultTypeName" : "{urn:hl7-org:elm-types:r1}ValueSet",
            "name" : "Psych Visit Diagnostic Evaluation",
            "id" : "urn:oid:2.16.840.1.113883.3.526.3.1492",
            "accessLevel" : "Public",
            "annotation" : [ {
               "type" : "Annotation",
               "s" : {
                  "r" : "216",
                  "s" : [ {
                     "value" : [ "","valueset ","\"Psych Visit Diagnostic Evaluation\"",": ","'urn:oid:2.16.840.1.113883.3.526.3.1492'" ]
                  } ]
               }
            } ],
            "codeSystem" : [ ]
         }, {
            "localId" : "217",
            "locator" : "17:1-17:89",
            "resultTypeName" : "{urn:hl7-org:elm-types:r1}ValueSet",
            "name" : "Psych Visit for Family Psychotherapy",
            "id" : "urn:oid:2.16.840.1.113883.3.526.3.1018",
            "accessLevel" : "Public",
            "annotation" : [ {
               "type" : "Annotation",
               "s" : {
                  "r" : "217",
                  "s" : [ {
                     "value" : [ "","valueset ","\"Psych Visit for Family Psychotherapy\"",": ","'urn:oid:2.16.840.1.113883.3.526.3.1018'" ]
                  } ]
               }
            } ],
            "codeSystem" : [ ]
         }, {
            "localId" : "218",
            "locator" : "18:1-18:78",
            "resultTypeName" : "{urn:hl7-org:elm-types:r1}ValueSet",
            "name" : "Psych Visit Psychotherapy",
            "id" : "urn:oid:2.16.840.1.113883.3.526.3.1496",
            "accessLevel" : "Public",
            "annotation" : [ {
               "type" : "Annotation",
               "s" : {
                  "r" : "218",
                  "s" : [ {
                     "value" : [ "","valueset ","\"Psych Visit Psychotherapy\"",": ","'urn:oid:2.16.840.1.113883.3.526.3.1496'" ]
                  } ]
               }
            } ],
            "codeSystem" : [ ]
         }, {
            "localId" : "219",
            "locator" : "19:1-19:67",
            "resultTypeName" : "{urn:hl7-org:elm-types:r1}ValueSet",
            "name" : "Psychoanalysis",
            "id" : "urn:oid:2.16.840.1.113883.3.526.3.1141",
            "accessLevel" : "Public",
            "annotation" : [ {
               "type" : "Annotation",
               "s" : {
                  "r" : "219",
                  "s" : [ {
                     "value" : [ "","valueset ","\"Psychoanalysis\"",": ","'urn:oid:2.16.840.1.113883.3.526.3.1141'" ]
                  } ]
               }
            } ],
            "codeSystem" : [ ]
         }, {
            "localId" : "220",
            "locator" : "20:1-20:53",
            "resultTypeName" : "{urn:hl7-org:elm-types:r1}ValueSet",
            "name" : "Race",
            "id" : "urn:oid:2.16.840.1.114222.4.11.836",
            "accessLevel" : "Public",
            "annotation" : [ {
               "type" : "Annotation",
               "s" : {
                  "r" : "220",
                  "s" : [ {
                     "value" : [ "","valueset ","\"Race\"",": ","'urn:oid:2.16.840.1.114222.4.11.836'" ]
                  } ]
               }
            } ],
            "codeSystem" : [ ]
         }, {
            "localId" : "221",
            "locator" : "21:1-21:79",
            "resultTypeName" : "{urn:hl7-org:elm-types:r1}ValueSet",
            "name" : "Telephone Visits",
            "id" : "urn:oid:2.16.840.1.113883.3.464.1003.101.12.1080",
            "accessLevel" : "Public",
            "annotation" : [ {
               "type" : "Annotation",
               "s" : {
                  "r" : "221",
                  "s" : [ {
                     "value" : [ "","valueset ","\"Telephone Visits\"",": ","'urn:oid:2.16.840.1.113883.3.464.1003.101.12.1080'" ]
                  } ]
               }
            } ],
            "codeSystem" : [ ]
         } ]
      },
      "codes" : {
         "def" : [ {
            "localId" : "222",
            "locator" : "23:1-23:117",
            "resultTypeName" : "{urn:hl7-org:elm-types:r1}Code",
            "name" : "Suicide risk assessment (procedure)",
            "id" : "225337009",
            "display" : "Suicide risk assessment (procedure)",
            "accessLevel" : "Public",
            "annotation" : [ {
               "type" : "Annotation",
               "s" : {
                  "r" : "222",
                  "s" : [ {
                     "value" : [ "","code ","\"Suicide risk assessment (procedure)\"",": ","'225337009'"," from " ]
                  }, {
                     "r" : "223",
                     "s" : [ {
                        "value" : [ "\"SNOMEDCT\"" ]
                     } ]
                  }, {
                     "value" : [ " display ","'Suicide risk assessment (procedure)'" ]
                  } ]
               }
            } ],
            "codeSystem" : {
               "localId" : "223",
               "locator" : "23:62-23:71",
               "resultTypeName" : "{urn:hl7-org:elm-types:r1}CodeSystem",
               "name" : "SNOMEDCT"
            }
         } ]
      },
      "contexts" : {
         "def" : [ {
            "localId" : "234",
            "locator" : "27:1-27:15",
            "name" : "Patient"
         } ]
      },
      "statements" : {
         "def" : [ {
            "localId" : "232",
            "locator" : "27:1-27:15",
            "name" : "Patient",
            "context" : "Patient",
            "expression" : {
               "localId" : "233",
               "type" : "SingletonFrom",
               "signature" : [ ],
               "operand" : {
                  "localId" : "231",
                  "locator" : "27:1-27:15",
                  "dataType" : "{urn:healthit-gov:qdm:v5_6}Patient",
                  "templateId" : "Patient",
                  "type" : "Retrieve",
                  "include" : [ ],
                  "codeFilter" : [ ],
                  "dateFilter" : [ ],
                  "otherFilter" : [ ]
               }
            }
         }, {
            "localId" : "236",
            "locator" : "29:1-30:51",
            "name" : "SDE Ethnicity",
            "context" : "Patient",
            "accessLevel" : "Public",
            "annotation" : [ {
               "type" : "Annotation",
               "s" : {
                  "r" : "236",
                  "s" : [ {
                     "value" : [ "","define ","\"SDE Ethnicity\"",":\n  " ]
                  }, {
                     "r" : "239",
                     "s" : [ {
                        "value" : [ "[","\"Patient Characteristic Ethnicity\"",": " ]
                     }, {
                        "s" : [ {
                           "value" : [ "\"Ethnicity\"" ]
                        } ]
                     }, {
                        "value" : [ "]" ]
                     } ]
                  } ]
               }
            } ],
            "resultTypeSpecifier" : {
               "localId" : "243",
               "type" : "ListTypeSpecifier",
               "elementType" : {
                  "localId" : "244",
                  "name" : "{urn:healthit-gov:qdm:v5_6}PatientCharacteristicEthnicity",
                  "type" : "NamedTypeSpecifier"
               }
            },
            "expression" : {
               "localId" : "239",
               "locator" : "30:3-30:51",
               "dataType" : "{urn:healthit-gov:qdm:v5_6}PatientCharacteristicEthnicity",
               "codeProperty" : "code",
               "codeComparator" : "in",
               "type" : "Retrieve",
               "resultTypeSpecifier" : {
                  "localId" : "241",
                  "type" : "ListTypeSpecifier",
                  "elementType" : {
                     "localId" : "242",
                     "name" : "{urn:healthit-gov:qdm:v5_6}PatientCharacteristicEthnicity",
                     "type" : "NamedTypeSpecifier"
                  }
               },
               "codes" : {
                  "localId" : "238",
                  "locator" : "30:40-30:50",
                  "resultTypeName" : "{urn:hl7-org:elm-types:r1}ValueSet",
                  "name" : "Ethnicity",
                  "preserve" : true,
                  "type" : "ValueSetRef"
               },
               "include" : [ ],
               "codeFilter" : [ ],
               "dateFilter" : [ ],
               "otherFilter" : [ ]
            }
         }, {
            "localId" : "246",
            "locator" : "32:1-33:48",
            "name" : "SDE Payer",
            "context" : "Patient",
            "accessLevel" : "Public",
            "annotation" : [ {
               "type" : "Annotation",
               "s" : {
                  "r" : "246",
                  "s" : [ {
                     "value" : [ "","define ","\"SDE Payer\"",":\n  " ]
                  }, {
                     "r" : "249",
                     "s" : [ {
                        "value" : [ "[","\"Patient Characteristic Payer\"",": " ]
                     }, {
                        "s" : [ {
                           "value" : [ "\"Payer Type\"" ]
                        } ]
                     }, {
                        "value" : [ "]" ]
                     } ]
                  } ]
               }
            } ],
            "resultTypeSpecifier" : {
               "localId" : "253",
               "type" : "ListTypeSpecifier",
               "elementType" : {
                  "localId" : "254",
                  "name" : "{urn:healthit-gov:qdm:v5_6}PatientCharacteristicPayer",
                  "type" : "NamedTypeSpecifier"
               }
            },
            "expression" : {
               "localId" : "249",
               "locator" : "33:3-33:48",
               "dataType" : "{urn:healthit-gov:qdm:v5_6}PatientCharacteristicPayer",
               "codeProperty" : "code",
               "codeComparator" : "in",
               "type" : "Retrieve",
               "resultTypeSpecifier" : {
                  "localId" : "251",
                  "type" : "ListTypeSpecifier",
                  "elementType" : {
                     "localId" : "252",
                     "name" : "{urn:healthit-gov:qdm:v5_6}PatientCharacteristicPayer",
                     "type" : "NamedTypeSpecifier"
                  }
               },
               "codes" : {
                  "localId" : "248",
                  "locator" : "33:36-33:47",
                  "resultTypeName" : "{urn:hl7-org:elm-types:r1}ValueSet",
                  "name" : "Payer Type",
                  "preserve" : true,
                  "type" : "ValueSetRef"
               },
               "include" : [ ],
               "codeFilter" : [ ],
               "dateFilter" : [ ],
               "otherFilter" : [ ]
            }
         }, {
            "localId" : "256",
            "locator" : "35:1-36:41",
            "name" : "SDE Race",
            "context" : "Patient",
            "accessLevel" : "Public",
            "annotation" : [ {
               "type" : "Annotation",
               "s" : {
                  "r" : "256",
                  "s" : [ {
                     "value" : [ "","define ","\"SDE Race\"",":\n  " ]
                  }, {
                     "r" : "259",
                     "s" : [ {
                        "value" : [ "[","\"Patient Characteristic Race\"",": " ]
                     }, {
                        "s" : [ {
                           "value" : [ "\"Race\"" ]
                        } ]
                     }, {
                        "value" : [ "]" ]
                     } ]
                  } ]
               }
            } ],
            "resultTypeSpecifier" : {
               "localId" : "263",
               "type" : "ListTypeSpecifier",
               "elementType" : {
                  "localId" : "264",
                  "name" : "{urn:healthit-gov:qdm:v5_6}PatientCharacteristicRace",
                  "type" : "NamedTypeSpecifier"
               }
            },
            "expression" : {
               "localId" : "259",
               "locator" : "36:3-36:41",
               "dataType" : "{urn:healthit-gov:qdm:v5_6}PatientCharacteristicRace",
               "codeProperty" : "code",
               "codeComparator" : "in",
               "type" : "Retrieve",
               "resultTypeSpecifier" : {
                  "localId" : "261",
                  "type" : "ListTypeSpecifier",
                  "elementType" : {
                     "localId" : "262",
                     "name" : "{urn:healthit-gov:qdm:v5_6}PatientCharacteristicRace",
                     "type" : "NamedTypeSpecifier"
                  }
               },
               "codes" : {
                  "localId" : "258",
                  "locator" : "36:35-36:40",
                  "resultTypeName" : "{urn:hl7-org:elm-types:r1}ValueSet",
                  "name" : "Race",
                  "preserve" : true,
                  "type" : "ValueSetRef"
               },
               "include" : [ ],
               "codeFilter" : [ ],
               "dateFilter" : [ ],
               "otherFilter" : [ ]
            }
         }, {
            "localId" : "266",
            "locator" : "38:1-39:62",
            "name" : "SDE Sex",
            "context" : "Patient",
            "accessLevel" : "Public",
            "annotation" : [ {
               "type" : "Annotation",
               "s" : {
                  "r" : "266",
                  "s" : [ {
                     "value" : [ "","define ","\"SDE Sex\"",":\n  " ]
                  }, {
                     "r" : "269",
                     "s" : [ {
                        "value" : [ "[","\"Patient Characteristic Sex\"",": " ]
                     }, {
                        "s" : [ {
                           "value" : [ "\"Federal Administrative Sex\"" ]
                        } ]
                     }, {
                        "value" : [ "]" ]
                     } ]
                  } ]
               }
            } ],
            "resultTypeSpecifier" : {
               "localId" : "273",
               "type" : "ListTypeSpecifier",
               "elementType" : {
                  "localId" : "274",
                  "name" : "{urn:healthit-gov:qdm:v5_6}PatientCharacteristicSex",
                  "type" : "NamedTypeSpecifier"
               }
            },
            "expression" : {
               "localId" : "269",
               "locator" : "39:3-39:62",
               "dataType" : "{urn:healthit-gov:qdm:v5_6}PatientCharacteristicSex",
               "codeProperty" : "code",
               "codeComparator" : "in",
               "type" : "Retrieve",
               "resultTypeSpecifier" : {
                  "localId" : "271",
                  "type" : "ListTypeSpecifier",
                  "elementType" : {
                     "localId" : "272",
                     "name" : "{urn:healthit-gov:qdm:v5_6}PatientCharacteristicSex",
                     "type" : "NamedTypeSpecifier"
                  }
               },
               "codes" : {
                  "localId" : "268",
                  "locator" : "39:34-39:61",
                  "resultTypeName" : "{urn:hl7-org:elm-types:r1}ValueSet",
                  "name" : "Federal Administrative Sex",
                  "preserve" : true,
                  "type" : "ValueSetRef"
               },
               "include" : [ ],
               "codeFilter" : [ ],
               "dateFilter" : [ ],
               "otherFilter" : [ ]
            }
         }, {
            "localId" : "281",
            "locator" : "54:1-66:74",
            "name" : "Major Depressive Disorder Encounter",
            "context" : "Patient",
            "accessLevel" : "Public",
            "annotation" : [ {
               "type" : "Annotation",
               "s" : {
                  "r" : "281",
                  "s" : [ {
                     "value" : [ "","define ","\"Major Depressive Disorder Encounter\"",":\n  " ]
                  }, {
                     "r" : "388",
                     "s" : [ {
                        "s" : [ {
                           "r" : "282",
                           "s" : [ {
                              "r" : "352",
                              "s" : [ {
                                 "value" : [ "( " ]
                              }, {
                                 "r" : "352",
                                 "s" : [ {
                                    "r" : "342",
                                    "s" : [ {
                                       "r" : "333",
                                       "s" : [ {
                                          "r" : "323",
                                          "s" : [ {
                                             "r" : "314",
                                             "s" : [ {
                                                "r" : "304",
                                                "s" : [ {
                                                   "r" : "295",
                                                   "s" : [ {
                                                      "r" : "285",
                                                      "s" : [ {
                                                         "value" : [ "[","\"Encounter, Performed\"",": " ]
                                                      }, {
                                                         "s" : [ {
                                                            "value" : [ "\"Office Visit\"" ]
                                                         } ]
                                                      }, {
                                                         "value" : [ "]" ]
                                                      } ]
                                                   }, {
                                                      "value" : [ "\n    union " ]
                                                   }, {
                                                      "r" : "291",
                                                      "s" : [ {
                                                         "value" : [ "[","\"Encounter, Performed\"",": " ]
                                                      }, {
                                                         "s" : [ {
                                                            "value" : [ "\"Outpatient Consultation\"" ]
                                                         } ]
                                                      }, {
                                                         "value" : [ "]" ]
                                                      } ]
                                                   } ]
                                                }, {
                                                   "value" : [ "\n    union " ]
                                                }, {
                                                   "r" : "300",
                                                   "s" : [ {
                                                      "value" : [ "[","\"Encounter, Performed\"",": " ]
                                                   }, {
                                                      "s" : [ {
                                                         "value" : [ "\"Psych Visit Diagnostic Evaluation\"" ]
                                                      } ]
                                                   }, {
                                                      "value" : [ "]" ]
                                                   } ]
                                                } ]
                                             }, {
                                                "value" : [ "\n    union " ]
                                             }, {
                                                "r" : "309",
                                                "s" : [ {
                                                   "value" : [ "[","\"Encounter, Performed\"",": " ]
                                                }, {
                                                   "s" : [ {
                                                      "value" : [ "\"Psych Visit for Family Psychotherapy\"" ]
                                                   } ]
                                                }, {
                                                   "value" : [ "]" ]
                                                } ]
                                             } ]
                                          }, {
                                             "value" : [ "\n    union " ]
                                          }, {
                                             "r" : "319",
                                             "s" : [ {
                                                "value" : [ "[","\"Encounter, Performed\"",": " ]
                                             }, {
                                                "s" : [ {
                                                   "value" : [ "\"Psych Visit Psychotherapy\"" ]
                                                } ]
                                             }, {
                                                "value" : [ "]" ]
                                             } ]
                                          } ]
                                       }, {
                                          "value" : [ "\n    union " ]
                                       }, {
                                          "r" : "328",
                                          "s" : [ {
                                             "value" : [ "[","\"Encounter, Performed\"",": " ]
                                          }, {
                                             "s" : [ {
                                                "value" : [ "\"Psychoanalysis\"" ]
                                             } ]
                                          }, {
                                             "value" : [ "]" ]
                                          } ]
                                       } ]
                                    }, {
                                       "value" : [ "\n    union " ]
                                    }, {
                                       "r" : "338",
                                       "s" : [ {
                                          "value" : [ "[","\"Encounter, Performed\"",": " ]
                                       }, {
                                          "s" : [ {
                                             "value" : [ "\"Group Psychotherapy\"" ]
                                          } ]
                                       }, {
                                          "value" : [ "]" ]
                                       } ]
                                    } ]
                                 }, {
                                    "value" : [ "\n    union " ]
                                 }, {
                                    "r" : "347",
                                    "s" : [ {
                                       "value" : [ "[","\"Encounter, Performed\"",": " ]
                                    }, {
                                       "s" : [ {
                                          "value" : [ "\"Telephone Visits\"" ]
                                       } ]
                                    }, {
                                       "value" : [ "]" ]
                                    } ]
                                 } ]
                              }, {
                                 "value" : [ " )" ]
                              } ]
                           }, {
                              "value" : [ " ","ValidEncounter" ]
                           } ]
                        } ]
                     }, {
                        "value" : [ "\n    " ]
                     }, {
                        "r" : "359",
                        "s" : [ {
                           "value" : [ "where " ]
                        }, {
                           "r" : "359",
                           "s" : [ {
                              "r" : "360",
                              "s" : [ {
                                 "value" : [ "exists " ]
                              }, {
                                 "r" : "372",
                                 "s" : [ {
                                    "value" : [ "( " ]
                                 }, {
                                    "r" : "372",
                                    "s" : [ {
                                       "s" : [ {
                                          "r" : "361",
                                          "s" : [ {
                                             "r" : "363",
                                             "s" : [ {
                                                "s" : [ {
                                                   "value" : [ "ValidEncounter",".","diagnoses" ]
                                                } ]
                                             } ]
                                          }, {
                                             "value" : [ " ","EncounterDiagnosis" ]
                                          } ]
                                       } ]
                                    }, {
                                       "value" : [ "\n        " ]
                                    }, {
                                       "r" : "371",
                                       "s" : [ {
                                          "value" : [ "where " ]
                                       }, {
                                          "r" : "371",
                                          "s" : [ {
                                             "r" : "369",
                                             "s" : [ {
                                                "r" : "368",
                                                "s" : [ {
                                                   "value" : [ "EncounterDiagnosis" ]
                                                } ]
                                             }, {
                                                "value" : [ "." ]
                                             }, {
                                                "r" : "369",
                                                "s" : [ {
                                                   "value" : [ "code" ]
                                                } ]
                                             } ]
                                          }, {
                                             "value" : [ " in " ]
                                          }, {
                                             "r" : "370",
                                             "s" : [ {
                                                "value" : [ "\"Major Depressive Disorder Active\"" ]
                                             } ]
                                          } ]
                                       } ]
                                    } ]
                                 }, {
                                    "value" : [ "\n    )" ]
                                 } ]
                              } ]
                           }, {
                              "value" : [ "\n      and " ]
                           }, {
                              "r" : "386",
                              "s" : [ {
                                 "r" : "378",
                                 "s" : [ {
                                    "r" : "377",
                                    "s" : [ {
                                       "value" : [ "ValidEncounter" ]
                                    } ]
                                 }, {
                                    "value" : [ "." ]
                                 }, {
                                    "r" : "378",
                                    "s" : [ {
                                       "value" : [ "relevantPeriod" ]
                                    } ]
                                 } ]
                              }, {
                                 "r" : "386",
                                 "value" : [ " ","during day of"," " ]
                              }, {
                                 "r" : "383",
                                 "s" : [ {
                                    "value" : [ "\"Measurement Period\"" ]
                                 } ]
                              } ]
                           } ]
                        } ]
                     } ]
                  } ]
               }
            } ],
            "resultTypeSpecifier" : {
               "localId" : "489",
               "type" : "ListTypeSpecifier",
               "elementType" : {
                  "localId" : "490",
                  "name" : "{urn:healthit-gov:qdm:v5_6}PositiveEncounterPerformed",
                  "type" : "NamedTypeSpecifier"
               }
            },
            "expression" : {
               "localId" : "388",
               "locator" : "55:3-66:74",
               "type" : "Query",
               "resultTypeSpecifier" : {
                  "localId" : "389",
                  "type" : "ListTypeSpecifier",
                  "elementType" : {
                     "localId" : "390",
                     "name" : "{urn:healthit-gov:qdm:v5_6}PositiveEncounterPerformed",
                     "type" : "NamedTypeSpecifier"
                  }
               },
               "source" : [ {
                  "localId" : "282",
                  "locator" : "55:3-62:71",
                  "alias" : "ValidEncounter",
                  "resultTypeSpecifier" : {
                     "localId" : "357",
                     "type" : "ListTypeSpecifier",
                     "elementType" : {
                        "localId" : "358",
                        "name" : "{urn:healthit-gov:qdm:v5_6}PositiveEncounterPerformed",
                        "type" : "NamedTypeSpecifier"
                     }
                  },
                  "expression" : {
                     "localId" : "352",
                     "locator" : "55:3-62:56",
                     "type" : "Union",
                     "resultTypeSpecifier" : {
                        "localId" : "355",
                        "type" : "ListTypeSpecifier",
                        "elementType" : {
                           "localId" : "356",
                           "name" : "{urn:healthit-gov:qdm:v5_6}PositiveEncounterPerformed",
                           "type" : "NamedTypeSpecifier"
                        }
                     },
                     "signature" : [ ],
                     "operand" : [ {
                        "localId" : "333",
                        "locator" : "55:5-60:52",
                        "type" : "Union",
                        "resultTypeSpecifier" : {
                           "localId" : "334",
                           "type" : "ListTypeSpecifier",
                           "elementType" : {
                              "localId" : "335",
                              "name" : "{urn:healthit-gov:qdm:v5_6}PositiveEncounterPerformed",
                              "type" : "NamedTypeSpecifier"
                           }
                        },
                        "signature" : [ ],
                        "operand" : [ {
                           "localId" : "314",
                           "locator" : "55:5-58:74",
                           "type" : "Union",
                           "resultTypeSpecifier" : {
                              "localId" : "315",
                              "type" : "ListTypeSpecifier",
                              "elementType" : {
                                 "localId" : "316",
                                 "name" : "{urn:healthit-gov:qdm:v5_6}PositiveEncounterPerformed",
                                 "type" : "NamedTypeSpecifier"
                              }
                           },
                           "signature" : [ ],
                           "operand" : [ {
                              "localId" : "295",
                              "locator" : "55:5-56:61",
                              "type" : "Union",
                              "resultTypeSpecifier" : {
                                 "localId" : "296",
                                 "type" : "ListTypeSpecifier",
                                 "elementType" : {
                                    "localId" : "297",
                                    "name" : "{urn:healthit-gov:qdm:v5_6}PositiveEncounterPerformed",
                                    "type" : "NamedTypeSpecifier"
                                 }
                              },
                              "signature" : [ ],
                              "operand" : [ {
                                 "localId" : "285",
                                 "locator" : "55:5-55:44",
                                 "dataType" : "{urn:healthit-gov:qdm:v5_6}PositiveEncounterPerformed",
                                 "templateId" : "PositiveEncounterPerformed",
                                 "codeProperty" : "code",
                                 "codeComparator" : "in",
                                 "type" : "Retrieve",
                                 "resultTypeSpecifier" : {
                                    "localId" : "287",
                                    "type" : "ListTypeSpecifier",
                                    "elementType" : {
                                       "localId" : "288",
                                       "name" : "{urn:healthit-gov:qdm:v5_6}PositiveEncounterPerformed",
                                       "type" : "NamedTypeSpecifier"
                                    }
                                 },
                                 "codes" : {
                                    "localId" : "284",
                                    "locator" : "55:30-55:43",
                                    "resultTypeName" : "{urn:hl7-org:elm-types:r1}ValueSet",
                                    "name" : "Office Visit",
                                    "preserve" : true,
                                    "type" : "ValueSetRef"
                                 },
                                 "include" : [ ],
                                 "codeFilter" : [ ],
                                 "dateFilter" : [ ],
                                 "otherFilter" : [ ]
                              }, {
                                 "localId" : "291",
                                 "locator" : "56:11-56:61",
                                 "dataType" : "{urn:healthit-gov:qdm:v5_6}PositiveEncounterPerformed",
                                 "templateId" : "PositiveEncounterPerformed",
                                 "codeProperty" : "code",
                                 "codeComparator" : "in",
                                 "type" : "Retrieve",
                                 "resultTypeSpecifier" : {
                                    "localId" : "293",
                                    "type" : "ListTypeSpecifier",
                                    "elementType" : {
                                       "localId" : "294",
                                       "name" : "{urn:healthit-gov:qdm:v5_6}PositiveEncounterPerformed",
                                       "type" : "NamedTypeSpecifier"
                                    }
                                 },
                                 "codes" : {
                                    "localId" : "290",
                                    "locator" : "56:36-56:60",
                                    "resultTypeName" : "{urn:hl7-org:elm-types:r1}ValueSet",
                                    "name" : "Outpatient Consultation",
                                    "preserve" : true,
                                    "type" : "ValueSetRef"
                                 },
                                 "include" : [ ],
                                 "codeFilter" : [ ],
                                 "dateFilter" : [ ],
                                 "otherFilter" : [ ]
                              } ]
                           }, {
                              "localId" : "313",
                              "type" : "Union",
                              "signature" : [ ],
                              "operand" : [ {
                                 "localId" : "300",
                                 "locator" : "57:11-57:71",
                                 "dataType" : "{urn:healthit-gov:qdm:v5_6}PositiveEncounterPerformed",
                                 "templateId" : "PositiveEncounterPerformed",
                                 "codeProperty" : "code",
                                 "codeComparator" : "in",
                                 "type" : "Retrieve",
                                 "resultTypeSpecifier" : {
                                    "localId" : "302",
                                    "type" : "ListTypeSpecifier",
                                    "elementType" : {
                                       "localId" : "303",
                                       "name" : "{urn:healthit-gov:qdm:v5_6}PositiveEncounterPerformed",
                                       "type" : "NamedTypeSpecifier"
                                    }
                                 },
                                 "codes" : {
                                    "localId" : "299",
                                    "locator" : "57:36-57:70",
                                    "resultTypeName" : "{urn:hl7-org:elm-types:r1}ValueSet",
                                    "name" : "Psych Visit Diagnostic Evaluation",
                                    "preserve" : true,
                                    "type" : "ValueSetRef"
                                 },
                                 "include" : [ ],
                                 "codeFilter" : [ ],
                                 "dateFilter" : [ ],
                                 "otherFilter" : [ ]
                              }, {
                                 "localId" : "309",
                                 "locator" : "58:11-58:74",
                                 "dataType" : "{urn:healthit-gov:qdm:v5_6}PositiveEncounterPerformed",
                                 "templateId" : "PositiveEncounterPerformed",
                                 "codeProperty" : "code",
                                 "codeComparator" : "in",
                                 "type" : "Retrieve",
                                 "resultTypeSpecifier" : {
                                    "localId" : "311",
                                    "type" : "ListTypeSpecifier",
                                    "elementType" : {
                                       "localId" : "312",
                                       "name" : "{urn:healthit-gov:qdm:v5_6}PositiveEncounterPerformed",
                                       "type" : "NamedTypeSpecifier"
                                    }
                                 },
                                 "codes" : {
                                    "localId" : "308",
                                    "locator" : "58:36-58:73",
                                    "resultTypeName" : "{urn:hl7-org:elm-types:r1}ValueSet",
                                    "name" : "Psych Visit for Family Psychotherapy",
                                    "preserve" : true,
                                    "type" : "ValueSetRef"
                                 },
                                 "include" : [ ],
                                 "codeFilter" : [ ],
                                 "dateFilter" : [ ],
                                 "otherFilter" : [ ]
                              } ]
                           } ]
                        }, {
                           "localId" : "332",
                           "type" : "Union",
                           "signature" : [ ],
                           "operand" : [ {
                              "localId" : "319",
                              "locator" : "59:11-59:63",
                              "dataType" : "{urn:healthit-gov:qdm:v5_6}PositiveEncounterPerformed",
                              "templateId" : "PositiveEncounterPerformed",
                              "codeProperty" : "code",
                              "codeComparator" : "in",
                              "type" : "Retrieve",
                              "resultTypeSpecifier" : {
                                 "localId" : "321",
                                 "type" : "ListTypeSpecifier",
                                 "elementType" : {
                                    "localId" : "322",
                                    "name" : "{urn:healthit-gov:qdm:v5_6}PositiveEncounterPerformed",
                                    "type" : "NamedTypeSpecifier"
                                 }
                              },
                              "codes" : {
                                 "localId" : "318",
                                 "locator" : "59:36-59:62",
                                 "resultTypeName" : "{urn:hl7-org:elm-types:r1}ValueSet",
                                 "name" : "Psych Visit Psychotherapy",
                                 "preserve" : true,
                                 "type" : "ValueSetRef"
                              },
                              "include" : [ ],
                              "codeFilter" : [ ],
                              "dateFilter" : [ ],
                              "otherFilter" : [ ]
                           }, {
                              "localId" : "328",
                              "locator" : "60:11-60:52",
                              "dataType" : "{urn:healthit-gov:qdm:v5_6}PositiveEncounterPerformed",
                              "templateId" : "PositiveEncounterPerformed",
                              "codeProperty" : "code",
                              "codeComparator" : "in",
                              "type" : "Retrieve",
                              "resultTypeSpecifier" : {
                                 "localId" : "330",
                                 "type" : "ListTypeSpecifier",
                                 "elementType" : {
                                    "localId" : "331",
                                    "name" : "{urn:healthit-gov:qdm:v5_6}PositiveEncounterPerformed",
                                    "type" : "NamedTypeSpecifier"
                                 }
                              },
                              "codes" : {
                                 "localId" : "327",
                                 "locator" : "60:36-60:51",
                                 "resultTypeName" : "{urn:hl7-org:elm-types:r1}ValueSet",
                                 "name" : "Psychoanalysis",
                                 "preserve" : true,
                                 "type" : "ValueSetRef"
                              },
                              "include" : [ ],
                              "codeFilter" : [ ],
                              "dateFilter" : [ ],
                              "otherFilter" : [ ]
                           } ]
                        } ]
                     }, {
                        "localId" : "351",
                        "type" : "Union",
                        "signature" : [ ],
                        "operand" : [ {
                           "localId" : "338",
                           "locator" : "61:11-61:57",
                           "dataType" : "{urn:healthit-gov:qdm:v5_6}PositiveEncounterPerformed",
                           "templateId" : "PositiveEncounterPerformed",
                           "codeProperty" : "code",
                           "codeComparator" : "in",
                           "type" : "Retrieve",
                           "resultTypeSpecifier" : {
                              "localId" : "340",
                              "type" : "ListTypeSpecifier",
                              "elementType" : {
                                 "localId" : "341",
                                 "name" : "{urn:healthit-gov:qdm:v5_6}PositiveEncounterPerformed",
                                 "type" : "NamedTypeSpecifier"
                              }
                           },
                           "codes" : {
                              "localId" : "337",
                              "locator" : "61:36-61:56",
                              "resultTypeName" : "{urn:hl7-org:elm-types:r1}ValueSet",
                              "name" : "Group Psychotherapy",
                              "preserve" : true,
                              "type" : "ValueSetRef"
                           },
                           "include" : [ ],
                           "codeFilter" : [ ],
                           "dateFilter" : [ ],
                           "otherFilter" : [ ]
                        }, {
                           "localId" : "347",
                           "locator" : "62:11-62:54",
                           "dataType" : "{urn:healthit-gov:qdm:v5_6}PositiveEncounterPerformed",
                           "templateId" : "PositiveEncounterPerformed",
                           "codeProperty" : "code",
                           "codeComparator" : "in",
                           "type" : "Retrieve",
                           "resultTypeSpecifier" : {
                              "localId" : "349",
                              "type" : "ListTypeSpecifier",
                              "elementType" : {
                                 "localId" : "350",
                                 "name" : "{urn:healthit-gov:qdm:v5_6}PositiveEncounterPerformed",
                                 "type" : "NamedTypeSpecifier"
                              }
                           },
                           "codes" : {
                              "localId" : "346",
                              "locator" : "62:36-62:53",
                              "resultTypeName" : "{urn:hl7-org:elm-types:r1}ValueSet",
                              "name" : "Telephone Visits",
                              "preserve" : true,
                              "type" : "ValueSetRef"
                           },
                           "include" : [ ],
                           "codeFilter" : [ ],
                           "dateFilter" : [ ],
                           "otherFilter" : [ ]
                        } ]
                     } ]
                  }
               } ],
               "let" : [ ],
               "relationship" : [ ],
               "where" : {
                  "localId" : "359",
                  "locator" : "63:5-66:74",
                  "resultTypeName" : "{urn:hl7-org:elm-types:r1}Boolean",
                  "type" : "And",
                  "signature" : [ ],
                  "operand" : [ {
                     "localId" : "360",
                     "locator" : "63:11-65:5",
                     "resultTypeName" : "{urn:hl7-org:elm-types:r1}Boolean",
                     "type" : "Exists",
                     "signature" : [ ],
                     "operand" : {
                        "localId" : "372",
                        "locator" : "63:18-65:5",
                        "type" : "Query",
                        "resultTypeSpecifier" : {
                           "localId" : "375",
                           "type" : "ListTypeSpecifier",
                           "elementType" : {
                              "localId" : "376",
                              "name" : "{urn:healthit-gov:qdm:v5_6}DiagnosisComponent",
                              "type" : "NamedTypeSpecifier"
                           }
                        },
                        "source" : [ {
                           "localId" : "361",
                           "locator" : "63:20-63:62",
                           "alias" : "EncounterDiagnosis",
                           "resultTypeSpecifier" : {
                              "localId" : "366",
                              "type" : "ListTypeSpecifier",
                              "elementType" : {
                                 "localId" : "367",
                                 "name" : "{urn:healthit-gov:qdm:v5_6}DiagnosisComponent",
                                 "type" : "NamedTypeSpecifier"
                              }
                           },
                           "expression" : {
                              "localId" : "363",
                              "locator" : "63:20-63:43",
                              "path" : "diagnoses",
                              "scope" : "ValidEncounter",
                              "type" : "Property",
                              "resultTypeSpecifier" : {
                                 "localId" : "364",
                                 "type" : "ListTypeSpecifier",
                                 "elementType" : {
                                    "localId" : "365",
                                    "name" : "{urn:healthit-gov:qdm:v5_6}DiagnosisComponent",
                                    "type" : "NamedTypeSpecifier"
                                 }
                              }
                           }
                        } ],
                        "let" : [ ],
                        "relationship" : [ ],
                        "where" : {
                           "localId" : "371",
                           "locator" : "64:9-64:75",
                           "resultTypeName" : "{urn:hl7-org:elm-types:r1}Boolean",
                           "type" : "InValueSet",
                           "signature" : [ ],
                           "code" : {
                              "localId" : "369",
                              "locator" : "64:15-64:37",
                              "resultTypeName" : "{urn:hl7-org:elm-types:r1}Code",
                              "path" : "code",
                              "scope" : "EncounterDiagnosis",
                              "type" : "Property"
                           },
                           "valueset" : {
                              "localId" : "370",
                              "locator" : "64:42-64:75",
                              "resultTypeName" : "{urn:hl7-org:elm-types:r1}ValueSet",
                              "name" : "Major Depressive Disorder Active",
                              "preserve" : true
                           }
                        }
                     }
                  }, {
                     "localId" : "386",
                     "locator" : "66:11-66:74",
                     "resultTypeName" : "{urn:hl7-org:elm-types:r1}Boolean",
                     "precision" : "Day",
                     "type" : "IncludedIn",
                     "signature" : [ ],
                     "operand" : [ {
                        "localId" : "378",
                        "locator" : "66:11-66:39",
                        "path" : "relevantPeriod",
                        "scope" : "ValidEncounter",
                        "type" : "Property",
                        "resultTypeSpecifier" : {
                           "localId" : "381",
                           "type" : "IntervalTypeSpecifier",
                           "pointType" : {
                              "localId" : "382",
                              "name" : "{urn:hl7-org:elm-types:r1}DateTime",
                              "type" : "NamedTypeSpecifier"
                           }
                        }
                     }, {
                        "localId" : "383",
                        "locator" : "66:55-66:74",
                        "name" : "Measurement Period",
                        "type" : "ParameterRef",
                        "resultTypeSpecifier" : {
                           "localId" : "384",
                           "type" : "IntervalTypeSpecifier",
                           "pointType" : {
                              "localId" : "385",
                              "name" : "{urn:hl7-org:elm-types:r1}DateTime",
                              "type" : "NamedTypeSpecifier"
                           }
                        }
                     } ]
                  } ]
               }
            }
         }, {
            "localId" : "278",
            "locator" : "44:1-47:71",
            "name" : "Initial Population",
            "context" : "Patient",
            "accessLevel" : "Public",
            "annotation" : [ {
               "type" : "Annotation",
               "s" : {
                  "r" : "278",
                  "s" : [ {
                     "value" : [ "","define ","\"Initial Population\"",":\n  " ]
                  }, {
                     "r" : "427",
                     "s" : [ {
                        "s" : [ {
                           "r" : "279",
                           "s" : [ {
                              "r" : "393",
                              "s" : [ {
                                 "s" : [ {
                                    "value" : [ "\"Major Depressive Disorder Encounter\"" ]
                                 } ]
                              } ]
                           }, {
                              "value" : [ " ","MDDEncounter" ]
                           } ]
                        } ]
                     }, {
                        "value" : [ "\n    " ]
                     }, {
                        "r" : "398",
                        "s" : [ {
                           "value" : [ "where " ]
                        }, {
                           "r" : "398",
                           "s" : [ {
                              "r" : "399",
                              "s" : [ {
                                 "r" : "411",
                                 "s" : [ {
                                    "value" : [ "\"AgeInYearsAt\"","(" ]
                                 }, {
                                    "r" : "400",
                                    "s" : [ {
                                       "value" : [ "date from " ]
                                    }, {
                                       "r" : "401",
                                       "s" : [ {
                                          "value" : [ "start of " ]
                                       }, {
                                          "r" : "402",
                                          "s" : [ {
                                             "value" : [ "\"Measurement Period\"" ]
                                          } ]
                                       } ]
                                    } ]
                                 }, {
                                    "value" : [ ")" ]
                                 } ]
                              }, {
                                 "r" : "412",
                                 "value" : [ " ",">="," ","6" ]
                              } ]
                           }, {
                              "value" : [ "\n      and " ]
                           }, {
                              "r" : "413",
                              "s" : [ {
                                 "r" : "425",
                                 "s" : [ {
                                    "value" : [ "\"AgeInYearsAt\"","(" ]
                                 }, {
                                    "r" : "414",
                                    "s" : [ {
                                       "value" : [ "date from " ]
                                    }, {
                                       "r" : "415",
                                       "s" : [ {
                                          "value" : [ "start of " ]
                                       }, {
                                          "r" : "416",
                                          "s" : [ {
                                             "value" : [ "\"Measurement Period\"" ]
                                          } ]
                                       } ]
                                    } ]
                                 }, {
                                    "value" : [ ")" ]
                                 } ]
                              }, {
                                 "r" : "426",
                                 "value" : [ " ","<="," ","16" ]
                              } ]
                           } ]
                        } ]
                     } ]
                  } ]
               }
            } ],
            "resultTypeSpecifier" : {
               "localId" : "437",
               "type" : "ListTypeSpecifier",
               "elementType" : {
                  "localId" : "438",
                  "name" : "{urn:healthit-gov:qdm:v5_6}PositiveEncounterPerformed",
                  "type" : "NamedTypeSpecifier"
               }
            },
            "expression" : {
               "localId" : "427",
               "locator" : "45:3-47:71",
               "type" : "Query",
               "resultTypeSpecifier" : {
                  "localId" : "428",
                  "type" : "ListTypeSpecifier",
                  "elementType" : {
                     "localId" : "429",
                     "name" : "{urn:healthit-gov:qdm:v5_6}PositiveEncounterPerformed",
                     "type" : "NamedTypeSpecifier"
                  }
               },
               "source" : [ {
                  "localId" : "279",
                  "locator" : "45:3-45:52",
                  "alias" : "MDDEncounter",
                  "resultTypeSpecifier" : {
                     "localId" : "396",
                     "type" : "ListTypeSpecifier",
                     "elementType" : {
                        "localId" : "397",
                        "name" : "{urn:healthit-gov:qdm:v5_6}PositiveEncounterPerformed",
                        "type" : "NamedTypeSpecifier"
                     }
                  },
                  "expression" : {
                     "localId" : "393",
                     "locator" : "45:3-45:39",
                     "name" : "Major Depressive Disorder Encounter",
                     "type" : "ExpressionRef",
                     "resultTypeSpecifier" : {
                        "localId" : "394",
                        "type" : "ListTypeSpecifier",
                        "elementType" : {
                           "localId" : "395",
                           "name" : "{urn:healthit-gov:qdm:v5_6}PositiveEncounterPerformed",
                           "type" : "NamedTypeSpecifier"
                        }
                     }
                  }
               } ],
               "let" : [ ],
               "relationship" : [ ],
               "where" : {
                  "localId" : "398",
                  "locator" : "46:5-47:71",
                  "resultTypeName" : "{urn:hl7-org:elm-types:r1}Boolean",
                  "type" : "And",
                  "signature" : [ ],
                  "operand" : [ {
                     "localId" : "399",
                     "locator" : "46:11-46:70",
                     "resultTypeName" : "{urn:hl7-org:elm-types:r1}Boolean",
                     "type" : "GreaterOrEqual",
                     "signature" : [ ],
                     "operand" : [ {
                        "localId" : "411",
                        "locator" : "46:11-46:65",
                        "resultTypeName" : "{urn:hl7-org:elm-types:r1}Integer",
                        "precision" : "Year",
                        "type" : "CalculateAgeAt",
                        "signature" : [ ],
                        "operand" : [ {
                           "localId" : "410",
                           "type" : "ToDate",
                           "signature" : [ ],
                           "operand" : {
                              "localId" : "408",
                              "path" : "birthDatetime",
                              "type" : "Property",
                              "source" : {
                                 "localId" : "407",
                                 "name" : "Patient",
                                 "type" : "ExpressionRef"
                              }
                           }
                        }, {
                           "localId" : "400",
                           "locator" : "46:26-46:64",
                           "resultTypeName" : "{urn:hl7-org:elm-types:r1}Date",
                           "type" : "DateFrom",
                           "signature" : [ ],
                           "operand" : {
                              "localId" : "401",
                              "locator" : "46:36-46:64",
                              "resultTypeName" : "{urn:hl7-org:elm-types:r1}DateTime",
                              "type" : "Start",
                              "signature" : [ ],
                              "operand" : {
                                 "localId" : "402",
                                 "locator" : "46:45-46:64",
                                 "name" : "Measurement Period",
                                 "type" : "ParameterRef",
                                 "resultTypeSpecifier" : {
                                    "localId" : "403",
                                    "type" : "IntervalTypeSpecifier",
                                    "pointType" : {
                                       "localId" : "404",
                                       "name" : "{urn:hl7-org:elm-types:r1}DateTime",
                                       "type" : "NamedTypeSpecifier"
                                    }
                                 }
                              }
                           }
                        } ]
                     }, {
                        "localId" : "412",
                        "locator" : "46:70",
                        "resultTypeName" : "{urn:hl7-org:elm-types:r1}Integer",
                        "valueType" : "{urn:hl7-org:elm-types:r1}Integer",
                        "value" : "6",
                        "type" : "Literal"
                     } ]
                  }, {
                     "localId" : "413",
                     "locator" : "47:11-47:71",
                     "resultTypeName" : "{urn:hl7-org:elm-types:r1}Boolean",
                     "type" : "LessOrEqual",
                     "signature" : [ ],
                     "operand" : [ {
                        "localId" : "425",
                        "locator" : "47:11-47:65",
                        "resultTypeName" : "{urn:hl7-org:elm-types:r1}Integer",
                        "precision" : "Year",
                        "type" : "CalculateAgeAt",
                        "signature" : [ ],
                        "operand" : [ {
                           "localId" : "424",
                           "type" : "ToDate",
                           "signature" : [ ],
                           "operand" : {
                              "localId" : "422",
                              "path" : "birthDatetime",
                              "type" : "Property",
                              "source" : {
                                 "localId" : "421",
                                 "name" : "Patient",
                                 "type" : "ExpressionRef"
                              }
                           }
                        }, {
                           "localId" : "414",
                           "locator" : "47:26-47:64",
                           "resultTypeName" : "{urn:hl7-org:elm-types:r1}Date",
                           "type" : "DateFrom",
                           "signature" : [ ],
                           "operand" : {
                              "localId" : "415",
                              "locator" : "47:36-47:64",
                              "resultTypeName" : "{urn:hl7-org:elm-types:r1}DateTime",
                              "type" : "Start",
                              "signature" : [ ],
                              "operand" : {
                                 "localId" : "416",
                                 "locator" : "47:45-47:64",
                                 "name" : "Measurement Period",
                                 "type" : "ParameterRef",
                                 "resultTypeSpecifier" : {
                                    "localId" : "417",
                                    "type" : "IntervalTypeSpecifier",
                                    "pointType" : {
                                       "localId" : "418",
                                       "name" : "{urn:hl7-org:elm-types:r1}DateTime",
                                       "type" : "NamedTypeSpecifier"
                                    }
                                 }
                              }
                           }
                        } ]
                     }, {
                        "localId" : "426",
                        "locator" : "47:70-47:71",
                        "resultTypeName" : "{urn:hl7-org:elm-types:r1}Integer",
                        "valueType" : "{urn:hl7-org:elm-types:r1}Integer",
                        "value" : "16",
                        "type" : "Literal"
                     } ]
                  } ]
               }
            }
         }, {
            "localId" : "276",
            "locator" : "41:1-42:22",
            "name" : "Denominator",
            "context" : "Patient",
            "accessLevel" : "Public",
            "annotation" : [ {
               "type" : "Annotation",
               "s" : {
                  "r" : "276",
                  "s" : [ {
                     "value" : [ "","define ","\"Denominator\"",":\n  " ]
                  }, {
                     "r" : "432",
                     "s" : [ {
                        "value" : [ "\"Initial Population\"" ]
                     } ]
                  } ]
               }
            } ],
            "resultTypeSpecifier" : {
               "localId" : "435",
               "type" : "ListTypeSpecifier",
               "elementType" : {
                  "localId" : "436",
                  "name" : "{urn:healthit-gov:qdm:v5_6}PositiveEncounterPerformed",
                  "type" : "NamedTypeSpecifier"
               }
            },
            "expression" : {
               "localId" : "432",
               "locator" : "42:3-42:22",
               "name" : "Initial Population",
               "type" : "ExpressionRef",
               "resultTypeSpecifier" : {
                  "localId" : "433",
                  "type" : "ListTypeSpecifier",
                  "elementType" : {
                     "localId" : "434",
                     "name" : "{urn:healthit-gov:qdm:v5_6}PositiveEncounterPerformed",
                     "type" : "NamedTypeSpecifier"
                  }
               }
            }
         }, {
            "localId" : "440",
            "locator" : "49:1-52:158",
            "name" : "Numerator",
            "context" : "Patient",
            "accessLevel" : "Public",
            "annotation" : [ {
               "type" : "Annotation",
               "s" : {
                  "r" : "440",
                  "s" : [ {
                     "value" : [ "","define ","\"Numerator\"",":\n  " ]
                  }, {
                     "r" : "484",
                     "s" : [ {
                        "s" : [ {
                           "r" : "441",
                           "s" : [ {
                              "r" : "442",
                              "s" : [ {
                                 "s" : [ {
                                    "value" : [ "\"Major Depressive Disorder Encounter\"" ]
                                 } ]
                              } ]
                           }, {
                              "value" : [ " ","MDDEncounter" ]
                           } ]
                        } ]
                     }, {
                        "value" : [ "\n    " ]
                     }, {
                        "r" : "481",
                        "s" : [ {
                           "value" : [ "with " ]
                        }, {
                           "r" : "447",
                           "s" : [ {
                              "r" : "450",
                              "s" : [ {
                                 "r" : "450",
                                 "s" : [ {
                                    "value" : [ "[","\"Intervention, Performed\"",": " ]
                                 }, {
                                    "s" : [ {
                                       "value" : [ "\"Suicide risk assessment (procedure)\"" ]
                                    } ]
                                 }, {
                                    "value" : [ "]" ]
                                 } ]
                              } ]
                           }, {
                              "value" : [ " ","SuicideRiskAssessment" ]
                           } ]
                        }, {
                           "value" : [ "\n      such that " ]
                        }, {
                           "r" : "479",
                           "s" : [ {
                              "r" : "468",
                              "s" : [ {
                                 "r" : "459",
                                 "s" : [ {
                                    "value" : [ "Global" ]
                                 } ]
                              }, {
                                 "value" : [ "." ]
                              }, {
                                 "r" : "468",
                                 "s" : [ {
                                    "value" : [ "\"NormalizeInterval\""," ( " ]
                                 }, {
                                    "r" : "461",
                                    "s" : [ {
                                       "r" : "460",
                                       "s" : [ {
                                          "value" : [ "SuicideRiskAssessment" ]
                                       } ]
                                    }, {
                                       "value" : [ "." ]
                                    }, {
                                       "r" : "461",
                                       "s" : [ {
                                          "value" : [ "relevantDatetime" ]
                                       } ]
                                    } ]
                                 }, {
                                    "value" : [ ", " ]
                                 }, {
                                    "r" : "463",
                                    "s" : [ {
                                       "r" : "462",
                                       "s" : [ {
                                          "value" : [ "SuicideRiskAssessment" ]
                                       } ]
                                    }, {
                                       "value" : [ "." ]
                                    }, {
                                       "r" : "463",
                                       "s" : [ {
                                          "value" : [ "relevantPeriod" ]
                                       } ]
                                    } ]
                                 }, {
                                    "value" : [ " )" ]
                                 } ]
                              } ]
                           }, {
                              "r" : "479",
                              "value" : [ " ","during"," " ]
                           }, {
                              "r" : "474",
                              "s" : [ {
                                 "r" : "473",
                                 "s" : [ {
                                    "value" : [ "MDDEncounter" ]
                                 } ]
                              }, {
                                 "value" : [ "." ]
                              }, {
                                 "r" : "474",
                                 "s" : [ {
                                    "value" : [ "relevantPeriod" ]
                                 } ]
                              } ]
                           } ]
                        } ]
                     } ]
                  } ]
               }
            } ],
            "resultTypeSpecifier" : {
               "localId" : "487",
               "type" : "ListTypeSpecifier",
               "elementType" : {
                  "localId" : "488",
                  "name" : "{urn:healthit-gov:qdm:v5_6}PositiveEncounterPerformed",
                  "type" : "NamedTypeSpecifier"
               }
            },
            "expression" : {
               "localId" : "484",
               "locator" : "50:3-52:158",
               "type" : "Query",
               "resultTypeSpecifier" : {
                  "localId" : "485",
                  "type" : "ListTypeSpecifier",
                  "elementType" : {
                     "localId" : "486",
                     "name" : "{urn:healthit-gov:qdm:v5_6}PositiveEncounterPerformed",
                     "type" : "NamedTypeSpecifier"
                  }
               },
               "source" : [ {
                  "localId" : "441",
                  "locator" : "50:3-50:52",
                  "alias" : "MDDEncounter",
                  "resultTypeSpecifier" : {
                     "localId" : "445",
                     "type" : "ListTypeSpecifier",
                     "elementType" : {
                        "localId" : "446",
                        "name" : "{urn:healthit-gov:qdm:v5_6}PositiveEncounterPerformed",
                        "type" : "NamedTypeSpecifier"
                     }
                  },
                  "expression" : {
                     "localId" : "442",
                     "locator" : "50:3-50:39",
                     "name" : "Major Depressive Disorder Encounter",
                     "type" : "ExpressionRef",
                     "resultTypeSpecifier" : {
                        "localId" : "443",
                        "type" : "ListTypeSpecifier",
                        "elementType" : {
                           "localId" : "444",
                           "name" : "{urn:healthit-gov:qdm:v5_6}PositiveEncounterPerformed",
                           "type" : "NamedTypeSpecifier"
                        }
                     }
                  }
               } ],
               "let" : [ ],
               "relationship" : [ {
                  "localId" : "481",
                  "locator" : "51:5-52:158",
                  "alias" : "SuicideRiskAssessment",
                  "type" : "With",
                  "resultTypeSpecifier" : {
                     "localId" : "482",
                     "type" : "ListTypeSpecifier",
                     "elementType" : {
                        "localId" : "483",
                        "name" : "{urn:healthit-gov:qdm:v5_6}PositiveInterventionPerformed",
                        "type" : "NamedTypeSpecifier"
                     }
                  },
                  "expression" : {
                     "localId" : "450",
                     "locator" : "51:10-51:75",
                     "dataType" : "{urn:healthit-gov:qdm:v5_6}PositiveInterventionPerformed",
                     "templateId" : "PositiveInterventionPerformed",
                     "codeProperty" : "code",
                     "codeComparator" : "~",
                     "type" : "Retrieve",
                     "resultTypeSpecifier" : {
                        "localId" : "455",
                        "type" : "ListTypeSpecifier",
                        "elementType" : {
                           "localId" : "456",
                           "name" : "{urn:healthit-gov:qdm:v5_6}PositiveInterventionPerformed",
                           "type" : "NamedTypeSpecifier"
                        }
                     },
                     "codes" : {
                        "localId" : "452",
                        "type" : "ToList",
                        "signature" : [ ],
                        "operand" : {
                           "localId" : "449",
                           "locator" : "51:38-51:74",
                           "resultTypeName" : "{urn:hl7-org:elm-types:r1}Code",
                           "name" : "Suicide risk assessment (procedure)",
                           "type" : "CodeRef"
                        }
                     },
                     "include" : [ ],
                     "codeFilter" : [ ],
                     "dateFilter" : [ ],
                     "otherFilter" : [ ]
                  },
                  "suchThat" : {
                     "localId" : "479",
                     "locator" : "52:17-52:158",
                     "resultTypeName" : "{urn:hl7-org:elm-types:r1}Boolean",
                     "type" : "IncludedIn",
                     "signature" : [ ],
                     "operand" : [ {
                        "localId" : "468",
                        "locator" : "52:17-52:123",
                        "name" : "NormalizeInterval",
                        "libraryName" : "Global",
                        "type" : "FunctionRef",
                        "resultTypeSpecifier" : {
                           "localId" : "471",
                           "type" : "IntervalTypeSpecifier",
                           "pointType" : {
                              "localId" : "472",
                              "name" : "{urn:hl7-org:elm-types:r1}DateTime",
                              "type" : "NamedTypeSpecifier"
                           }
                        },
                        "signature" : [ ],
                        "operand" : [ {
                           "localId" : "461",
                           "locator" : "52:46-52:83",
                           "resultTypeName" : "{urn:hl7-org:elm-types:r1}DateTime",
                           "path" : "relevantDatetime",
                           "scope" : "SuicideRiskAssessment",
                           "type" : "Property"
                        }, {
                           "localId" : "463",
                           "locator" : "52:86-52:121",
                           "path" : "relevantPeriod",
                           "scope" : "SuicideRiskAssessment",
                           "type" : "Property",
                           "resultTypeSpecifier" : {
                              "localId" : "466",
                              "type" : "IntervalTypeSpecifier",
                              "pointType" : {
                                 "localId" : "467",
                                 "name" : "{urn:hl7-org:elm-types:r1}DateTime",
                                 "type" : "NamedTypeSpecifier"
                              }
                           }
                        } ]
                     }, {
                        "localId" : "474",
                        "locator" : "52:132-52:158",
                        "path" : "relevantPeriod",
                        "scope" : "MDDEncounter",
                        "type" : "Property",
                        "resultTypeSpecifier" : {
                           "localId" : "477",
                           "type" : "IntervalTypeSpecifier",
                           "pointType" : {
                              "localId" : "478",
                              "name" : "{urn:hl7-org:elm-types:r1}DateTime",
                              "type" : "NamedTypeSpecifier"
                           }
                        }
                     } ]
                  }
               } ]
            }
         } ]
      }
   }
}