{
   "library" : {
      "annotation" : [ {
         "translatorOptions" : "EnableAnnotations,EnableLocators,DisableListDemotion,DisableListPromotion,DisableMethodInvocation",
         "type" : "CqlToElmInfo"
      }, {
         "type" : "Annotation",
         "s" : {
            "r" : "130",
            "s" : [ {
               "value" : [ "","library CRLReceiptofSpecialistReport version '11.2.000'" ]
            } ]
         }
      } ],
      "identifier" : {
         "id" : "CRLReceiptofSpecialistReport",
         "version" : "11.2.000"
      },
      "schemaIdentifier" : {
         "id" : "urn:hl7-org:elm",
         "version" : "r1"
      },
      "usings" : {
         "def" : [ {
            "localIdentifier" : "System",
            "uri" : "urn:hl7-org:elm-types:r1"
         }, {
            "localId" : "1",
            "locator" : "3:1-3:23",
            "localIdentifier" : "QDM",
            "uri" : "urn:healthit-gov:qdm:v5_6",
            "version" : "5.6",
            "annotation" : [ {
               "type" : "Annotation",
               "s" : {
                  "r" : "1",
                  "s" : [ {
                     "value" : [ "","using " ]
                  }, {
                     "s" : [ {
                        "value" : [ "QDM" ]
                     } ]
                  }, {
                     "value" : [ " version ","'5.6'" ]
                  } ]
               }
            } ]
         } ]
      },
      "includes" : {
         "def" : [ {
            "localId" : "2",
            "locator" : "5:1-5:64",
            "localIdentifier" : "Global",
            "path" : "MATGlobalCommonFunctions",
            "version" : "7.0.000",
            "annotation" : [ {
               "type" : "Annotation",
               "s" : {
                  "r" : "2",
                  "s" : [ {
                     "value" : [ "","include " ]
                  }, {
                     "s" : [ {
                        "value" : [ "MATGlobalCommonFunctions" ]
                     } ]
                  }, {
                     "value" : [ " version ","'7.0.000'"," called ","Global" ]
                  } ]
               }
            } ]
         } ]
      },
      "parameters" : {
         "def" : [ {
            "localId" : "17",
            "locator" : "20:1-20:49",
            "name" : "Measurement Period",
            "accessLevel" : "Public",
            "annotation" : [ {
               "type" : "Annotation",
               "s" : {
                  "r" : "17",
                  "s" : [ {
                     "value" : [ "","parameter ","\"Measurement Period\""," " ]
                  }, {
                     "r" : "16",
                     "s" : [ {
                        "value" : [ "Interval<" ]
                     }, {
                        "r" : "15",
                        "s" : [ {
                           "value" : [ "DateTime" ]
                        } ]
                     }, {
                        "value" : [ ">" ]
                     } ]
                  } ]
               }
            } ],
            "parameterTypeSpecifier" : {
               "localId" : "16",
               "locator" : "20:32-20:49",
               "type" : "IntervalTypeSpecifier",
               "pointType" : {
                  "localId" : "15",
                  "locator" : "20:41-20:48",
                  "name" : "{urn:hl7-org:elm-types:r1}DateTime",
                  "type" : "NamedTypeSpecifier"
               }
            }
         } ]
      },
      "valueSets" : {
         "def" : [ {
            "localId" : "3",
            "locator" : "7:1-7:80",
            "name" : "Consultant Report",
            "id" : "urn:oid:2.16.840.1.113883.3.464.1003.121.12.1006",
            "accessLevel" : "Public",
            "annotation" : [ {
               "type" : "Annotation",
               "s" : {
                  "r" : "3",
                  "s" : [ {
                     "value" : [ "","valueset ","\"Consultant Report\"",": ","'urn:oid:2.16.840.1.113883.3.464.1003.121.12.1006'" ]
                  } ]
               }
            } ]
         }, {
            "localId" : "4",
            "locator" : "8:1-8:58",
            "name" : "Ethnicity",
            "id" : "urn:oid:2.16.840.1.114222.4.11.837",
            "accessLevel" : "Public",
            "annotation" : [ {
               "type" : "Annotation",
               "s" : {
                  "r" : "4",
                  "s" : [ {
                     "value" : [ "","valueset ","\"Ethnicity\"",": ","'urn:oid:2.16.840.1.114222.4.11.837'" ]
                  } ]
               }
            } ]
         }, {
            "localId" : "5",
            "locator" : "9:1-9:75",
            "name" : "Office Visit",
            "id" : "urn:oid:2.16.840.1.113883.3.464.1003.101.12.1001",
            "accessLevel" : "Public",
            "annotation" : [ {
               "type" : "Annotation",
               "s" : {
                  "r" : "5",
                  "s" : [ {
                     "value" : [ "","valueset ","\"Office Visit\"",": ","'urn:oid:2.16.840.1.113883.3.464.1003.101.12.1001'" ]
                  } ]
               }
            } ]
         }, {
            "localId" : "6",
            "locator" : "10:1-10:68",
            "name" : "ONC Administrative Sex",
            "id" : "urn:oid:2.16.840.1.113762.1.4.1",
            "accessLevel" : "Public",
            "annotation" : [ {
               "type" : "Annotation",
               "s" : {
                  "r" : "6",
                  "s" : [ {
                     "value" : [ "","valueset ","\"ONC Administrative Sex\"",": ","'urn:oid:2.16.840.1.113762.1.4.1'" ]
                  } ]
               }
            } ]
         }, {
            "localId" : "7",
            "locator" : "11:1-11:78",
            "name" : "Ophthalmological Services",
            "id" : "urn:oid:2.16.840.1.113883.3.526.3.1285",
            "accessLevel" : "Public",
            "annotation" : [ {
               "type" : "Annotation",
               "s" : {
                  "r" : "7",
                  "s" : [ {
                     "value" : [ "","valueset ","\"Ophthalmological Services\"",": ","'urn:oid:2.16.840.1.113883.3.526.3.1285'" ]
                  } ]
               }
            } ]
         }, {
            "localId" : "8",
            "locator" : "12:1-12:55",
            "name" : "Payer",
            "id" : "urn:oid:2.16.840.1.114222.4.11.3591",
            "accessLevel" : "Public",
            "annotation" : [ {
               "type" : "Annotation",
               "s" : {
                  "r" : "8",
                  "s" : [ {
                     "value" : [ "","valueset ","\"Payer\"",": ","'urn:oid:2.16.840.1.114222.4.11.3591'" ]
                  } ]
               }
            } ]
         }, {
            "localId" : "9",
            "locator" : "13:1-13:125",
            "name" : "Preventive Care Services - Established Office Visit, 18 and Up",
            "id" : "urn:oid:2.16.840.1.113883.3.464.1003.101.12.1025",
            "accessLevel" : "Public",
            "annotation" : [ {
               "type" : "Annotation",
               "s" : {
                  "r" : "9",
                  "s" : [ {
                     "value" : [ "","valueset ","\"Preventive Care Services - Established Office Visit, 18 and Up\"",": ","'urn:oid:2.16.840.1.113883.3.464.1003.101.12.1025'" ]
                  } ]
               }
            } ]
         }, {
            "localId" : "10",
            "locator" : "14:1-14:118",
            "name" : "Preventive Care Services, Initial Office Visit, 0 to 17",
            "id" : "urn:oid:2.16.840.1.113883.3.464.1003.101.12.1022",
            "accessLevel" : "Public",
            "annotation" : [ {
               "type" : "Annotation",
               "s" : {
                  "r" : "10",
                  "s" : [ {
                     "value" : [ "","valueset ","\"Preventive Care Services, Initial Office Visit, 0 to 17\"",": ","'urn:oid:2.16.840.1.113883.3.464.1003.101.12.1022'" ]
                  } ]
               }
            } ]
         }, {
            "localId" : "11",
            "locator" : "15:1-15:119",
            "name" : "Preventive Care Services-Initial Office Visit, 18 and Up",
            "id" : "urn:oid:2.16.840.1.113883.3.464.1003.101.12.1023",
            "accessLevel" : "Public",
            "annotation" : [ {
               "type" : "Annotation",
               "s" : {
                  "r" : "11",
                  "s" : [ {
                     "value" : [ "","valueset ","\"Preventive Care Services-Initial Office Visit, 18 and Up\"",": ","'urn:oid:2.16.840.1.113883.3.464.1003.101.12.1023'" ]
                  } ]
               }
            } ]
         }, {
            "localId" : "12",
            "locator" : "16:1-16:113",
            "name" : "Preventive Care, Established Office Visit, 0 to 17",
            "id" : "urn:oid:2.16.840.1.113883.3.464.1003.101.12.1024",
            "accessLevel" : "Public",
            "annotation" : [ {
               "type" : "Annotation",
               "s" : {
                  "r" : "12",
                  "s" : [ {
                     "value" : [ "","valueset ","\"Preventive Care, Established Office Visit, 0 to 17\"",": ","'urn:oid:2.16.840.1.113883.3.464.1003.101.12.1024'" ]
                  } ]
               }
            } ]
         }, {
            "localId" : "13",
            "locator" : "17:1-17:53",
            "name" : "Race",
            "id" : "urn:oid:2.16.840.1.114222.4.11.836",
            "accessLevel" : "Public",
            "annotation" : [ {
               "type" : "Annotation",
               "s" : {
                  "r" : "13",
                  "s" : [ {
                     "value" : [ "","valueset ","\"Race\"",": ","'urn:oid:2.16.840.1.114222.4.11.836'" ]
                  } ]
               }
            } ]
         }, {
            "localId" : "14",
            "locator" : "18:1-18:71",
            "name" : "Referral",
            "id" : "urn:oid:2.16.840.1.113883.3.464.1003.101.12.1046",
            "accessLevel" : "Public",
            "annotation" : [ {
               "type" : "Annotation",
               "s" : {
                  "r" : "14",
                  "s" : [ {
                     "value" : [ "","valueset ","\"Referral\"",": ","'urn:oid:2.16.840.1.113883.3.464.1003.101.12.1046'" ]
                  } ]
               }
            } ]
         } ]
      },
      "contexts" : {
         "def" : [ {
            "locator" : "22:1-22:15",
            "name" : "Patient"
         } ]
      },
      "statements" : {
         "def" : [ {
            "locator" : "22:1-22:15",
            "name" : "Patient",
            "context" : "Patient",
            "expression" : {
               "type" : "SingletonFrom",
               "operand" : {
                  "locator" : "22:1-22:15",
                  "dataType" : "{urn:healthit-gov:qdm:v5_6}Patient",
                  "templateId" : "Patient",
                  "type" : "Retrieve"
               }
            }
         }, {
            "localId" : "36",
            "locator" : "65:1-73:3",
            "name" : "Has Encounter during Measurement Period",
            "context" : "Patient",
            "accessLevel" : "Public",
            "annotation" : [ {
               "type" : "Annotation",
               "s" : {
                  "r" : "36",
                  "s" : [ {
                     "value" : [ "","define ","\"Has Encounter during Measurement Period\"",":\n  " ]
                  }, {
                     "r" : "35",
                     "s" : [ {
                        "value" : [ "exists " ]
                     }, {
                        "r" : "34",
                        "s" : [ {
                           "value" : [ "( " ]
                        }, {
                           "r" : "34",
                           "s" : [ {
                              "s" : [ {
                                 "r" : "29",
                                 "s" : [ {
                                    "r" : "28",
                                    "s" : [ {
                                       "value" : [ "( " ]
                                    }, {
                                       "r" : "28",
                                       "s" : [ {
                                          "r" : "26",
                                          "s" : [ {
                                             "r" : "24",
                                             "s" : [ {
                                                "r" : "22",
                                                "s" : [ {
                                                   "r" : "20",
                                                   "s" : [ {
                                                      "r" : "18",
                                                      "s" : [ {
                                                         "value" : [ "[","\"Encounter, Performed\"",": " ]
                                                      }, {
                                                         "s" : [ {
                                                            "value" : [ "\"Office Visit\"" ]
                                                         } ]
                                                      }, {
                                                         "value" : [ "]" ]
                                                      } ]
                                                   }, {
                                                      "value" : [ "\n      union " ]
                                                   }, {
                                                      "r" : "19",
                                                      "s" : [ {
                                                         "value" : [ "[","\"Encounter, Performed\"",": " ]
                                                      }, {
                                                         "s" : [ {
                                                            "value" : [ "\"Ophthalmological Services\"" ]
                                                         } ]
                                                      }, {
                                                         "value" : [ "]" ]
                                                      } ]
                                                   } ]
                                                }, {
                                                   "value" : [ "\n      union " ]
                                                }, {
                                                   "r" : "21",
                                                   "s" : [ {
                                                      "value" : [ "[","\"Encounter, Performed\"",": " ]
                                                   }, {
                                                      "s" : [ {
                                                         "value" : [ "\"Preventive Care Services - Established Office Visit, 18 and Up\"" ]
                                                      } ]
                                                   }, {
                                                      "value" : [ "]" ]
                                                   } ]
                                                } ]
                                             }, {
                                                "value" : [ "\n      union " ]
                                             }, {
                                                "r" : "23",
                                                "s" : [ {
                                                   "value" : [ "[","\"Encounter, Performed\"",": " ]
                                                }, {
                                                   "s" : [ {
                                                      "value" : [ "\"Preventive Care Services, Initial Office Visit, 0 to 17\"" ]
                                                   } ]
                                                }, {
                                                   "value" : [ "]" ]
                                                } ]
                                             } ]
                                          }, {
                                             "value" : [ "\n      union " ]
                                          }, {
                                             "r" : "25",
                                             "s" : [ {
                                                "value" : [ "[","\"Encounter, Performed\"",": " ]
                                             }, {
                                                "s" : [ {
                                                   "value" : [ "\"Preventive Care Services-Initial Office Visit, 18 and Up\"" ]
                                                } ]
                                             }, {
                                                "value" : [ "]" ]
                                             } ]
                                          } ]
                                       }, {
                                          "value" : [ "\n      union " ]
                                       }, {
                                          "r" : "27",
                                          "s" : [ {
                                             "value" : [ "[","\"Encounter, Performed\"",": " ]
                                          }, {
                                             "s" : [ {
                                                "value" : [ "\"Preventive Care, Established Office Visit, 0 to 17\"" ]
                                             } ]
                                          }, {
                                             "value" : [ "]" ]
                                          } ]
                                       } ]
                                    }, {
                                       "value" : [ " )" ]
                                    } ]
                                 }, {
                                    "value" : [ " ","Encounter" ]
                                 } ]
                              } ]
                           }, {
                              "value" : [ "\n      " ]
                           }, {
                              "r" : "33",
                              "s" : [ {
                                 "value" : [ "where " ]
                              }, {
                                 "r" : "33",
                                 "s" : [ {
                                    "r" : "31",
                                    "s" : [ {
                                       "r" : "30",
                                       "s" : [ {
                                          "value" : [ "Encounter" ]
                                       } ]
                                    }, {
                                       "value" : [ "." ]
                                    }, {
                                       "r" : "31",
                                       "s" : [ {
                                          "value" : [ "relevantPeriod" ]
                                       } ]
                                    } ]
                                 }, {
                                    "r" : "33",
                                    "value" : [ " ","during"," " ]
                                 }, {
                                    "r" : "32",
                                    "s" : [ {
                                       "value" : [ "\"Measurement Period\"" ]
                                    } ]
                                 } ]
                              } ]
                           } ]
                        }, {
                           "value" : [ "\n  )" ]
                        } ]
                     } ]
                  } ]
               }
            } ],
            "expression" : {
               "localId" : "35",
               "locator" : "66:3-73:3",
               "type" : "Exists",
               "operand" : {
                  "localId" : "34",
                  "locator" : "66:10-73:3",
                  "type" : "Query",
                  "source" : [ {
                     "localId" : "29",
                     "locator" : "66:12-71:102",
                     "alias" : "Encounter",
                     "expression" : {
                        "localId" : "28",
                        "locator" : "66:12-71:92",
                        "type" : "Union",
                        "operand" : [ {
                           "localId" : "24",
                           "locator" : "66:14-69:95",
                           "type" : "Union",
                           "operand" : [ {
                              "localId" : "20",
                              "locator" : "66:14-67:65",
                              "type" : "Union",
                              "operand" : [ {
                                 "localId" : "18",
                                 "locator" : "66:14-66:53",
                                 "dataType" : "{urn:healthit-gov:qdm:v5_6}PositiveEncounterPerformed",
                                 "templateId" : "PositiveEncounterPerformed",
                                 "codeProperty" : "code",
                                 "codeComparator" : "in",
                                 "type" : "Retrieve",
                                 "codes" : {
                                    "locator" : "66:39-66:52",
                                    "name" : "Office Visit",
                                    "type" : "ValueSetRef"
                                 }
                              }, {
                                 "localId" : "19",
                                 "locator" : "67:13-67:65",
                                 "dataType" : "{urn:healthit-gov:qdm:v5_6}PositiveEncounterPerformed",
                                 "templateId" : "PositiveEncounterPerformed",
                                 "codeProperty" : "code",
                                 "codeComparator" : "in",
                                 "type" : "Retrieve",
                                 "codes" : {
                                    "locator" : "67:38-67:64",
                                    "name" : "Ophthalmological Services",
                                    "type" : "ValueSetRef"
                                 }
                              } ]
                           }, {
                              "type" : "Union",
                              "operand" : [ {
                                 "localId" : "21",
                                 "locator" : "68:13-68:102",
                                 "dataType" : "{urn:healthit-gov:qdm:v5_6}PositiveEncounterPerformed",
                                 "templateId" : "PositiveEncounterPerformed",
                                 "codeProperty" : "code",
                                 "codeComparator" : "in",
                                 "type" : "Retrieve",
                                 "codes" : {
                                    "locator" : "68:38-68:101",
                                    "name" : "Preventive Care Services - Established Office Visit, 18 and Up",
                                    "type" : "ValueSetRef"
                                 }
                              }, {
                                 "localId" : "23",
                                 "locator" : "69:13-69:95",
                                 "dataType" : "{urn:healthit-gov:qdm:v5_6}PositiveEncounterPerformed",
                                 "templateId" : "PositiveEncounterPerformed",
                                 "codeProperty" : "code",
                                 "codeComparator" : "in",
                                 "type" : "Retrieve",
                                 "codes" : {
                                    "locator" : "69:38-69:94",
                                    "name" : "Preventive Care Services, Initial Office Visit, 0 to 17",
                                    "type" : "ValueSetRef"
                                 }
                              } ]
                           } ]
                        }, {
                           "type" : "Union",
                           "operand" : [ {
                              "localId" : "25",
                              "locator" : "70:13-70:96",
                              "dataType" : "{urn:healthit-gov:qdm:v5_6}PositiveEncounterPerformed",
                              "templateId" : "PositiveEncounterPerformed",
                              "codeProperty" : "code",
                              "codeComparator" : "in",
                              "type" : "Retrieve",
                              "codes" : {
                                 "locator" : "70:38-70:95",
                                 "name" : "Preventive Care Services-Initial Office Visit, 18 and Up",
                                 "type" : "ValueSetRef"
                              }
                           }, {
                              "localId" : "27",
                              "locator" : "71:13-71:90",
                              "dataType" : "{urn:healthit-gov:qdm:v5_6}PositiveEncounterPerformed",
                              "templateId" : "PositiveEncounterPerformed",
                              "codeProperty" : "code",
                              "codeComparator" : "in",
                              "type" : "Retrieve",
                              "codes" : {
                                 "locator" : "71:38-71:89",
                                 "name" : "Preventive Care, Established Office Visit, 0 to 17",
                                 "type" : "ValueSetRef"
                              }
                           } ]
                        } ]
                     }
                  } ],
                  "relationship" : [ ],
                  "where" : {
                     "localId" : "33",
                     "locator" : "72:7-72:64",
                     "type" : "IncludedIn",
                     "operand" : [ {
                        "localId" : "31",
                        "locator" : "72:13-72:36",
                        "path" : "relevantPeriod",
                        "scope" : "Encounter",
                        "type" : "Property"
                     }, {
                        "localId" : "32",
                        "locator" : "72:45-72:64",
                        "name" : "Measurement Period",
                        "type" : "ParameterRef"
                     } ]
                  }
               }
            }
         }, {
            "localId" : "92",
            "locator" : "46:1-63:3",
            "name" : "First Referral during First 10 Months of Measurement Period",
            "context" : "Patient",
            "accessLevel" : "Public",
            "annotation" : [ {
               "type" : "Annotation",
               "s" : {
                  "r" : "92",
                  "s" : [ {
                     "value" : [ "","define ","\"First Referral during First 10 Months of Measurement Period\"",":\n  " ]
                  }, {
                     "r" : "91",
                     "s" : [ {
                        "value" : [ "First","(" ]
                     }, {
                        "r" : "90",
                        "s" : [ {
                           "s" : [ {
                              "r" : "86",
                              "s" : [ {
                                 "r" : "85",
                                 "s" : [ {
                                    "value" : [ "(" ]
                                 }, {
                                    "r" : "85",
                                    "s" : [ {
                                       "r" : "65",
                                       "s" : [ {
                                          "value" : [ "(" ]
                                       }, {
                                          "r" : "65",
                                          "s" : [ {
                                             "s" : [ {
                                                "r" : "39",
                                                "s" : [ {
                                                   "r" : "38",
                                                   "s" : [ {
                                                      "r" : "38",
                                                      "s" : [ {
                                                         "value" : [ "[","\"Intervention, Performed\"",": " ]
                                                      }, {
                                                         "s" : [ {
                                                            "value" : [ "\"Referral\"" ]
                                                         } ]
                                                      }, {
                                                         "value" : [ "]" ]
                                                      } ]
                                                   } ]
                                                }, {
                                                   "value" : [ " ","ReferralPerform" ]
                                                } ]
                                             } ]
                                          }, {
                                             "value" : [ "\n        " ]
                                          }, {
                                             "r" : "53",
                                             "s" : [ {
                                                "value" : [ "where " ]
                                             }, {
                                                "r" : "53",
                                                "s" : [ {
                                                   "r" : "45",
                                                   "s" : [ {
                                                      "r" : "40",
                                                      "s" : [ {
                                                         "value" : [ "Global" ]
                                                      } ]
                                                   }, {
                                                      "value" : [ "." ]
                                                   }, {
                                                      "r" : "45",
                                                      "s" : [ {
                                                         "value" : [ "\"NormalizeInterval\"","(" ]
                                                      }, {
                                                         "r" : "42",
                                                         "s" : [ {
                                                            "r" : "41",
                                                            "s" : [ {
                                                               "value" : [ "ReferralPerform" ]
                                                            } ]
                                                         }, {
                                                            "value" : [ "." ]
                                                         }, {
                                                            "r" : "42",
                                                            "s" : [ {
                                                               "value" : [ "relevantDatetime" ]
                                                            } ]
                                                         } ]
                                                      }, {
                                                         "value" : [ ", " ]
                                                      }, {
                                                         "r" : "44",
                                                         "s" : [ {
                                                            "r" : "43",
                                                            "s" : [ {
                                                               "value" : [ "ReferralPerform" ]
                                                            } ]
                                                         }, {
                                                            "value" : [ "." ]
                                                         }, {
                                                            "r" : "44",
                                                            "s" : [ {
                                                               "value" : [ "relevantPeriod" ]
                                                            } ]
                                                         } ]
                                                      }, {
                                                         "value" : [ ")" ]
                                                      } ]
                                                   } ]
                                                }, {
                                                   "r" : "53",
                                                   "value" : [ "ends during"," " ]
                                                }, {
                                                   "r" : "52",
                                                   "s" : [ {
                                                      "value" : [ "Interval[" ]
                                                   }, {
                                                      "r" : "47",
                                                      "s" : [ {
                                                         "value" : [ "start of " ]
                                                      }, {
                                                         "r" : "46",
                                                         "s" : [ {
                                                            "value" : [ "\"Measurement Period\"" ]
                                                         } ]
                                                      } ]
                                                   }, {
                                                      "value" : [ ", " ]
                                                   }, {
                                                      "r" : "51",
                                                      "s" : [ {
                                                         "r" : "49",
                                                         "s" : [ {
                                                            "value" : [ "start of " ]
                                                         }, {
                                                            "r" : "48",
                                                            "s" : [ {
                                                               "value" : [ "\"Measurement Period\"" ]
                                                            } ]
                                                         } ]
                                                      }, {
                                                         "value" : [ " + " ]
                                                      }, {
                                                         "r" : "50",
                                                         "s" : [ {
                                                            "value" : [ "10 ","months" ]
                                                         } ]
                                                      } ]
                                                   }, {
                                                      "value" : [ "]" ]
                                                   } ]
                                                } ]
                                             } ]
                                          }, {
                                             "value" : [ "\n        " ]
                                          }, {
                                             "r" : "64",
                                             "s" : [ {
                                                "value" : [ "return " ]
                                             }, {
                                                "r" : "63",
                                                "s" : [ {
                                                   "value" : [ "{\n          " ]
                                                }, {
                                                   "s" : [ {
                                                      "value" : [ "identification",": " ]
                                                   }, {
                                                      "r" : "55",
                                                      "s" : [ {
                                                         "r" : "54",
                                                         "s" : [ {
                                                            "value" : [ "ReferralPerform" ]
                                                         } ]
                                                      }, {
                                                         "value" : [ "." ]
                                                      }, {
                                                         "r" : "55",
                                                         "s" : [ {
                                                            "value" : [ "id" ]
                                                         } ]
                                                      } ]
                                                   } ]
                                                }, {
                                                   "value" : [ ",\n          " ]
                                                }, {
                                                   "s" : [ {
                                                      "value" : [ "dateIntervention",": \n          " ]
                                                   }, {
                                                      "r" : "62",
                                                      "s" : [ {
                                                         "value" : [ "end of " ]
                                                      }, {
                                                         "r" : "61",
                                                         "s" : [ {
                                                            "r" : "56",
                                                            "s" : [ {
                                                               "value" : [ "Global" ]
                                                            } ]
                                                         }, {
                                                            "value" : [ "." ]
                                                         }, {
                                                            "r" : "61",
                                                            "s" : [ {
                                                               "value" : [ "\"NormalizeInterval\"","(" ]
                                                            }, {
                                                               "r" : "58",
                                                               "s" : [ {
                                                                  "r" : "57",
                                                                  "s" : [ {
                                                                     "value" : [ "ReferralPerform" ]
                                                                  } ]
                                                               }, {
                                                                  "value" : [ "." ]
                                                               }, {
                                                                  "r" : "58",
                                                                  "s" : [ {
                                                                     "value" : [ "relevantDatetime" ]
                                                                  } ]
                                                               } ]
                                                            }, {
                                                               "value" : [ ", " ]
                                                            }, {
                                                               "r" : "60",
                                                               "s" : [ {
                                                                  "r" : "59",
                                                                  "s" : [ {
                                                                     "value" : [ "ReferralPerform" ]
                                                                  } ]
                                                               }, {
                                                                  "value" : [ "." ]
                                                               }, {
                                                                  "r" : "60",
                                                                  "s" : [ {
                                                                     "value" : [ "relevantPeriod" ]
                                                                  } ]
                                                               } ]
                                                            }, {
                                                               "value" : [ ")" ]
                                                            } ]
                                                         } ]
                                                      } ]
                                                   } ]
                                                }, {
                                                   "value" : [ "\n        }" ]
                                                } ]
                                             } ]
                                          } ]
                                       }, {
                                          "value" : [ "\n    )" ]
                                       } ]
                                    }, {
                                       "value" : [ "\n      union" ]
                                    }, {
                                       "r" : "84",
                                       "s" : [ {
                                          "value" : [ "(" ]
                                       }, {
                                          "r" : "84",
                                          "s" : [ {
                                             "s" : [ {
                                                "r" : "67",
                                                "s" : [ {
                                                   "r" : "66",
                                                   "s" : [ {
                                                      "r" : "66",
                                                      "s" : [ {
                                                         "value" : [ "[","\"Intervention, Order\"",": " ]
                                                      }, {
                                                         "s" : [ {
                                                            "value" : [ "\"Referral\"" ]
                                                         } ]
                                                      }, {
                                                         "value" : [ "]" ]
                                                      } ]
                                                   } ]
                                                }, {
                                                   "value" : [ " ","ReferralOrder" ]
                                                } ]
                                             } ]
                                          }, {
                                             "value" : [ "\n          " ]
                                          }, {
                                             "r" : "77",
                                             "s" : [ {
                                                "value" : [ "where " ]
                                             }, {
                                                "r" : "77",
                                                "s" : [ {
                                                   "r" : "69",
                                                   "s" : [ {
                                                      "r" : "68",
                                                      "s" : [ {
                                                         "value" : [ "ReferralOrder" ]
                                                      } ]
                                                   }, {
                                                      "value" : [ "." ]
                                                   }, {
                                                      "r" : "69",
                                                      "s" : [ {
                                                         "value" : [ "authorDatetime" ]
                                                      } ]
                                                   } ]
                                                }, {
                                                   "r" : "77",
                                                   "value" : [ " ","during"," " ]
                                                }, {
                                                   "r" : "76",
                                                   "s" : [ {
                                                      "value" : [ "Interval[" ]
                                                   }, {
                                                      "r" : "71",
                                                      "s" : [ {
                                                         "value" : [ "start of " ]
                                                      }, {
                                                         "r" : "70",
                                                         "s" : [ {
                                                            "value" : [ "\"Measurement Period\"" ]
                                                         } ]
                                                      } ]
                                                   }, {
                                                      "value" : [ ", " ]
                                                   }, {
                                                      "r" : "75",
                                                      "s" : [ {
                                                         "r" : "73",
                                                         "s" : [ {
                                                            "value" : [ "start of " ]
                                                         }, {
                                                            "r" : "72",
                                                            "s" : [ {
                                                               "value" : [ "\"Measurement Period\"" ]
                                                            } ]
                                                         } ]
                                                      }, {
                                                         "value" : [ " + " ]
                                                      }, {
                                                         "r" : "74",
                                                         "s" : [ {
                                                            "value" : [ "10 ","months" ]
                                                         } ]
                                                      } ]
                                                   }, {
                                                      "value" : [ "]" ]
                                                   } ]
                                                } ]
                                             } ]
                                          }, {
                                             "value" : [ "\n          " ]
                                          }, {
                                             "r" : "83",
                                             "s" : [ {
                                                "value" : [ "return " ]
                                             }, {
                                                "r" : "82",
                                                "s" : [ {
                                                   "value" : [ "{\n            " ]
                                                }, {
                                                   "s" : [ {
                                                      "value" : [ "identification",": " ]
                                                   }, {
                                                      "r" : "79",
                                                      "s" : [ {
                                                         "r" : "78",
                                                         "s" : [ {
                                                            "value" : [ "ReferralOrder" ]
                                                         } ]
                                                      }, {
                                                         "value" : [ "." ]
                                                      }, {
                                                         "r" : "79",
                                                         "s" : [ {
                                                            "value" : [ "id" ]
                                                         } ]
                                                      } ]
                                                   } ]
                                                }, {
                                                   "value" : [ ",\n            " ]
                                                }, {
                                                   "s" : [ {
                                                      "value" : [ "dateIntervention",": " ]
                                                   }, {
                                                      "r" : "81",
                                                      "s" : [ {
                                                         "r" : "80",
                                                         "s" : [ {
                                                            "value" : [ "ReferralOrder" ]
                                                         } ]
                                                      }, {
                                                         "value" : [ "." ]
                                                      }, {
                                                         "r" : "81",
                                                         "s" : [ {
                                                            "value" : [ "authorDatetime" ]
                                                         } ]
                                                      } ]
                                                   } ]
                                                }, {
                                                   "value" : [ "\n          }" ]
                                                } ]
                                             } ]
                                          } ]
                                       }, {
                                          "value" : [ "\n      )" ]
                                       } ]
                                    } ]
                                 }, {
                                    "value" : [ ")" ]
                                 } ]
                              }, {
                                 "value" : [ "ReferralInterventions" ]
                              } ]
                           } ]
                        }, {
                           "value" : [ "\n      " ]
                        }, {
                           "r" : "89",
                           "s" : [ {
                              "value" : [ "sort by " ]
                           }, {
                              "r" : "88",
                              "s" : [ {
                                 "r" : "87",
                                 "s" : [ {
                                    "value" : [ "dateIntervention" ]
                                 } ]
                              }, {
                                 "value" : [ " ascending" ]
                              } ]
                           } ]
                        } ]
                     }, {
                        "value" : [ "\n  )" ]
                     } ]
                  } ]
               }
            } ],
            "expression" : {
               "localId" : "91",
               "locator" : "47:3-63:3",
               "type" : "First",
               "source" : {
                  "localId" : "90",
                  "locator" : "47:9-62:40",
                  "type" : "Query",
                  "source" : [ {
                     "localId" : "86",
                     "locator" : "47:9-61:29",
                     "alias" : "ReferralInterventions",
                     "expression" : {
                        "localId" : "85",
                        "locator" : "47:9-61:8",
                        "type" : "Union",
                        "operand" : [ {
                           "localId" : "65",
                           "locator" : "47:10-54:5",
                           "type" : "Query",
                           "source" : [ {
                              "localId" : "39",
                              "locator" : "47:11-47:65",
                              "alias" : "ReferralPerform",
                              "expression" : {
                                 "localId" : "38",
                                 "locator" : "47:11-47:49",
                                 "dataType" : "{urn:healthit-gov:qdm:v5_6}PositiveInterventionPerformed",
                                 "templateId" : "PositiveInterventionPerformed",
                                 "codeProperty" : "code",
                                 "codeComparator" : "in",
                                 "type" : "Retrieve",
                                 "codes" : {
                                    "locator" : "47:39-47:48",
                                    "name" : "Referral",
                                    "type" : "ValueSetRef"
                                 }
                              }
                           } ],
                           "relationship" : [ ],
                           "where" : {
                              "localId" : "53",
                              "locator" : "48:9-48:200",
                              "type" : "In",
                              "operand" : [ {
                                 "locator" : "48:107-48:110",
                                 "type" : "End",
                                 "operand" : {
                                    "localId" : "45",
                                    "locator" : "48:15-48:106",
                                    "name" : "NormalizeInterval",
                                    "libraryName" : "Global",
                                    "type" : "FunctionRef",
                                    "operand" : [ {
                                       "localId" : "42",
                                       "locator" : "48:42-48:73",
                                       "path" : "relevantDatetime",
                                       "scope" : "ReferralPerform",
                                       "type" : "Property"
                                    }, {
                                       "localId" : "44",
                                       "locator" : "48:76-48:105",
                                       "path" : "relevantPeriod",
                                       "scope" : "ReferralPerform",
                                       "type" : "Property"
                                    } ]
                                 }
                              }, {
                                 "localId" : "52",
                                 "locator" : "48:119-48:200",
                                 "lowClosed" : true,
                                 "highClosed" : true,
                                 "type" : "Interval",
                                 "low" : {
                                    "localId" : "47",
                                    "locator" : "48:128-48:156",
                                    "type" : "Start",
                                    "operand" : {
                                       "localId" : "46",
                                       "locator" : "48:137-48:156",
                                       "name" : "Measurement Period",
                                       "type" : "ParameterRef"
                                    }
                                 },
                                 "high" : {
                                    "localId" : "51",
                                    "locator" : "48:159-48:199",
                                    "type" : "Add",
                                    "operand" : [ {
                                       "localId" : "49",
                                       "locator" : "48:159-48:187",
                                       "type" : "Start",
                                       "operand" : {
                                          "localId" : "48",
                                          "locator" : "48:168-48:187",
                                          "name" : "Measurement Period",
                                          "type" : "ParameterRef"
                                       }
                                    }, {
                                       "localId" : "50",
                                       "locator" : "48:191-48:199",
                                       "value" : 10,
                                       "unit" : "months",
                                       "type" : "Quantity"
                                    } ]
                                 }
                              } ]
                           },
                           "return" : {
                              "localId" : "64",
                              "locator" : "49:9-53:9",
                              "expression" : {
                                 "localId" : "63",
                                 "locator" : "49:16-53:9",
                                 "type" : "Tuple",
                                 "element" : [ {
                                    "name" : "identification",
                                    "value" : {
                                       "localId" : "55",
                                       "locator" : "50:27-50:44",
                                       "path" : "id",
                                       "scope" : "ReferralPerform",
                                       "type" : "Property"
                                    }
                                 }, {
                                    "name" : "dateIntervention",
                                    "value" : {
                                       "localId" : "62",
                                       "locator" : "52:11-52:109",
                                       "type" : "End",
                                       "operand" : {
                                          "localId" : "61",
                                          "locator" : "52:18-52:109",
                                          "name" : "NormalizeInterval",
                                          "libraryName" : "Global",
                                          "type" : "FunctionRef",
                                          "operand" : [ {
                                             "localId" : "58",
                                             "locator" : "52:45-52:76",
                                             "path" : "relevantDatetime",
                                             "scope" : "ReferralPerform",
                                             "type" : "Property"
                                          }, {
                                             "localId" : "60",
                                             "locator" : "52:79-52:108",
                                             "path" : "relevantPeriod",
                                             "scope" : "ReferralPerform",
                                             "type" : "Property"
                                          } ]
                                       }
                                    }
                                 } ]
                              }
                           }
                        }, {
                           "localId" : "84",
                           "locator" : "55:12-61:7",
                           "type" : "Query",
                           "source" : [ {
                              "localId" : "67",
                              "locator" : "55:13-55:61",
                              "alias" : "ReferralOrder",
                              "expression" : {
                                 "localId" : "66",
                                 "locator" : "55:13-55:47",
                                 "dataType" : "{urn:healthit-gov:qdm:v5_6}PositiveInterventionOrder",
                                 "templateId" : "PositiveInterventionOrder",
                                 "codeProperty" : "code",
                                 "codeComparator" : "in",
                                 "type" : "Retrieve",
                                 "codes" : {
                                    "locator" : "55:37-55:46",
                                    "name" : "Referral",
                                    "type" : "ValueSetRef"
                                 }
                              }
                           } ],
                           "relationship" : [ ],
                           "where" : {
                              "localId" : "77",
                              "locator" : "56:11-56:134",
                              "type" : "In",
                              "operand" : [ {
                                 "localId" : "69",
                                 "locator" : "56:17-56:44",
                                 "path" : "authorDatetime",
                                 "scope" : "ReferralOrder",
                                 "type" : "Property"
                              }, {
                                 "localId" : "76",
                                 "locator" : "56:53-56:134",
                                 "lowClosed" : true,
                                 "highClosed" : true,
                                 "type" : "Interval",
                                 "low" : {
                                    "localId" : "71",
                                    "locator" : "56:62-56:90",
                                    "type" : "Start",
                                    "operand" : {
                                       "localId" : "70",
                                       "locator" : "56:71-56:90",
                                       "name" : "Measurement Period",
                                       "type" : "ParameterRef"
                                    }
                                 },
                                 "high" : {
                                    "localId" : "75",
                                    "locator" : "56:93-56:133",
                                    "type" : "Add",
                                    "operand" : [ {
                                       "localId" : "73",
                                       "locator" : "56:93-56:121",
                                       "type" : "Start",
                                       "operand" : {
                                          "localId" : "72",
                                          "locator" : "56:102-56:121",
                                          "name" : "Measurement Period",
                                          "type" : "ParameterRef"
                                       }
                                    }, {
                                       "localId" : "74",
                                       "locator" : "56:125-56:133",
                                       "value" : 10,
                                       "unit" : "months",
                                       "type" : "Quantity"
                                    } ]
                                 }
                              } ]
                           },
                           "return" : {
                              "localId" : "83",
                              "locator" : "57:11-60:11",
                              "expression" : {
                                 "localId" : "82",
                                 "locator" : "57:18-60:11",
                                 "type" : "Tuple",
                                 "element" : [ {
                                    "name" : "identification",
                                    "value" : {
                                       "localId" : "79",
                                       "locator" : "58:29-58:44",
                                       "path" : "id",
                                       "scope" : "ReferralOrder",
                                       "type" : "Property"
                                    }
                                 }, {
                                    "name" : "dateIntervention",
                                    "value" : {
                                       "localId" : "81",
                                       "locator" : "59:31-59:58",
                                       "path" : "authorDatetime",
                                       "scope" : "ReferralOrder",
                                       "type" : "Property"
                                    }
                                 } ]
                              }
                           }
                        } ]
                     }
                  } ],
                  "relationship" : [ ],
                  "sort" : {
                     "localId" : "89",
                     "locator" : "62:7-62:40",
                     "by" : [ {
                        "localId" : "88",
                        "locator" : "62:15-62:40",
                        "direction" : "ascending",
                        "path" : "dateIntervention",
                        "type" : "ByColumn"
                     } ]
                  }
               }
            }
         }, {
            "localId" : "96",
            "locator" : "39:1-41:81",
            "name" : "Initial Population",
            "context" : "Patient",
            "accessLevel" : "Public",
            "annotation" : [ {
               "type" : "Annotation",
               "s" : {
                  "r" : "96",
                  "s" : [ {
                     "value" : [ "","define ","\"Initial Population\"",":\n  " ]
                  }, {
                     "r" : "95",
                     "s" : [ {
                        "r" : "37",
                        "s" : [ {
                           "value" : [ "\"Has Encounter during Measurement Period\"" ]
                        } ]
                     }, {
                        "value" : [ "\n    and " ]
                     }, {
                        "r" : "94",
                        "s" : [ {
                           "r" : "93",
                           "s" : [ {
                              "value" : [ "\"First Referral during First 10 Months of Measurement Period\"" ]
                           } ]
                        }, {
                           "value" : [ " is not null" ]
                        } ]
                     } ]
                  } ]
               }
            } ],
            "expression" : {
               "localId" : "95",
               "locator" : "40:3-41:81",
               "type" : "And",
               "operand" : [ {
                  "localId" : "37",
                  "locator" : "40:3-40:43",
                  "name" : "Has Encounter during Measurement Period",
                  "type" : "ExpressionRef"
               }, {
                  "localId" : "94",
                  "locator" : "41:9-41:81",
                  "type" : "Not",
                  "operand" : {
                     "locator" : "41:9-41:81",
                     "type" : "IsNull",
                     "operand" : {
                        "localId" : "93",
                        "locator" : "41:9-41:69",
                        "name" : "First Referral during First 10 Months of Measurement Period",
                        "type" : "ExpressionRef"
                     }
                  }
               } ]
            }
         }, {
            "localId" : "98",
            "locator" : "24:1-25:22",
            "name" : "Denominator",
            "context" : "Patient",
            "accessLevel" : "Public",
            "annotation" : [ {
               "type" : "Annotation",
               "s" : {
                  "r" : "98",
                  "s" : [ {
                     "value" : [ "","define ","\"Denominator\"",":\n  " ]
                  }, {
                     "r" : "97",
                     "s" : [ {
                        "value" : [ "\"Initial Population\"" ]
                     } ]
                  } ]
               }
            } ],
            "expression" : {
               "localId" : "97",
               "locator" : "25:3-25:22",
               "name" : "Initial Population",
               "type" : "ExpressionRef"
            }
         }, {
            "localId" : "100",
            "locator" : "27:1-28:51",
            "name" : "SDE Ethnicity",
            "context" : "Patient",
            "accessLevel" : "Public",
            "annotation" : [ {
               "type" : "Annotation",
               "s" : {
                  "r" : "100",
                  "s" : [ {
                     "value" : [ "","define ","\"SDE Ethnicity\"",":\n  " ]
                  }, {
                     "r" : "99",
                     "s" : [ {
                        "value" : [ "[","\"Patient Characteristic Ethnicity\"",": " ]
                     }, {
                        "s" : [ {
                           "value" : [ "\"Ethnicity\"" ]
                        } ]
                     }, {
                        "value" : [ "]" ]
                     } ]
                  } ]
               }
            } ],
            "expression" : {
               "localId" : "99",
               "locator" : "28:3-28:51",
               "dataType" : "{urn:healthit-gov:qdm:v5_6}PatientCharacteristicEthnicity",
               "codeProperty" : "code",
               "codeComparator" : "in",
               "type" : "Retrieve",
               "codes" : {
                  "locator" : "28:40-28:50",
                  "name" : "Ethnicity",
                  "type" : "ValueSetRef"
               }
            }
         }, {
            "localId" : "102",
            "locator" : "30:1-31:43",
            "name" : "SDE Payer",
            "context" : "Patient",
            "accessLevel" : "Public",
            "annotation" : [ {
               "type" : "Annotation",
               "s" : {
                  "r" : "102",
                  "s" : [ {
                     "value" : [ "","define ","\"SDE Payer\"",":\n  " ]
                  }, {
                     "r" : "101",
                     "s" : [ {
                        "value" : [ "[","\"Patient Characteristic Payer\"",": " ]
                     }, {
                        "s" : [ {
                           "value" : [ "\"Payer\"" ]
                        } ]
                     }, {
                        "value" : [ "]" ]
                     } ]
                  } ]
               }
            } ],
            "expression" : {
               "localId" : "101",
               "locator" : "31:3-31:43",
               "dataType" : "{urn:healthit-gov:qdm:v5_6}PatientCharacteristicPayer",
               "codeProperty" : "code",
               "codeComparator" : "in",
               "type" : "Retrieve",
               "codes" : {
                  "locator" : "31:36-31:42",
                  "name" : "Payer",
                  "type" : "ValueSetRef"
               }
            }
         }, {
            "localId" : "104",
            "locator" : "33:1-34:41",
            "name" : "SDE Race",
            "context" : "Patient",
            "accessLevel" : "Public",
            "annotation" : [ {
               "type" : "Annotation",
               "s" : {
                  "r" : "104",
                  "s" : [ {
                     "value" : [ "","define ","\"SDE Race\"",":\n  " ]
                  }, {
                     "r" : "103",
                     "s" : [ {
                        "value" : [ "[","\"Patient Characteristic Race\"",": " ]
                     }, {
                        "s" : [ {
                           "value" : [ "\"Race\"" ]
                        } ]
                     }, {
                        "value" : [ "]" ]
                     } ]
                  } ]
               }
            } ],
            "expression" : {
               "localId" : "103",
               "locator" : "34:3-34:41",
               "dataType" : "{urn:healthit-gov:qdm:v5_6}PatientCharacteristicRace",
               "codeProperty" : "code",
               "codeComparator" : "in",
               "type" : "Retrieve",
               "codes" : {
                  "locator" : "34:35-34:40",
                  "name" : "Race",
                  "type" : "ValueSetRef"
               }
            }
         }, {
            "localId" : "106",
            "locator" : "36:1-37:58",
            "name" : "SDE Sex",
            "context" : "Patient",
            "accessLevel" : "Public",
            "annotation" : [ {
               "type" : "Annotation",
               "s" : {
                  "r" : "106",
                  "s" : [ {
                     "value" : [ "","define ","\"SDE Sex\"",":\n  " ]
                  }, {
                     "r" : "105",
                     "s" : [ {
                        "value" : [ "[","\"Patient Characteristic Sex\"",": " ]
                     }, {
                        "s" : [ {
                           "value" : [ "\"ONC Administrative Sex\"" ]
                        } ]
                     }, {
                        "value" : [ "]" ]
                     } ]
                  } ]
               }
            } ],
            "expression" : {
               "localId" : "105",
               "locator" : "37:3-37:58",
               "dataType" : "{urn:healthit-gov:qdm:v5_6}PatientCharacteristicSex",
               "codeProperty" : "code",
               "codeComparator" : "in",
               "type" : "Retrieve",
               "codes" : {
                  "locator" : "37:34-37:57",
                  "name" : "ONC Administrative Sex",
                  "type" : "ValueSetRef"
               }
            }
         }, {
            "localId" : "130",
            "locator" : "75:1-81:3",
            "name" : "Referring Clinician Receives Consultant Report to Close Referral Loop",
            "context" : "Patient",
            "accessLevel" : "Public",
            "annotation" : [ {
               "type" : "Annotation",
               "s" : {
                  "r" : "130",
                  "s" : [ {
                     "value" : [ "","define ","\"Referring Clinician Receives Consultant Report to Close Referral Loop\"",":\n  " ]
                  }, {
                     "r" : "129",
                     "s" : [ {
                        "value" : [ "exists " ]
                     }, {
                        "r" : "128",
                        "s" : [ {
                           "value" : [ "( " ]
                        }, {
                           "r" : "128",
                           "s" : [ {
                              "s" : [ {
                                 "r" : "108",
                                 "s" : [ {
                                    "r" : "107",
                                    "s" : [ {
                                       "r" : "107",
                                       "s" : [ {
                                          "value" : [ "[","\"Communication, Performed\"",": " ]
                                       }, {
                                          "s" : [ {
                                             "value" : [ "\"Consultant Report\"" ]
                                          } ]
                                       }, {
                                          "value" : [ "]" ]
                                       } ]
                                    } ]
                                 }, {
                                    "value" : [ " ","ConsultantReportCommunicated" ]
                                 } ]
                              } ]
                           }, {
                              "value" : [ "\n      " ]
                           }, {
                              "r" : "127",
                              "s" : [ {
                                 "value" : [ "with " ]
                              }, {
                                 "r" : "110",
                                 "s" : [ {
                                    "r" : "109",
                                    "s" : [ {
                                       "s" : [ {
                                          "value" : [ "\"First Referral during First 10 Months of Measurement Period\"" ]
                                       } ]
                                    } ]
                                 }, {
                                    "value" : [ " ","FirstReferral" ]
                                 } ]
                              }, {
                                 "value" : [ "\n        such that " ]
                              }, {
                                 "r" : "126",
                                 "s" : [ {
                                    "r" : "121",
                                    "s" : [ {
                                       "r" : "115",
                                       "s" : [ {
                                          "r" : "112",
                                          "s" : [ {
                                             "r" : "111",
                                             "s" : [ {
                                                "value" : [ "FirstReferral" ]
                                             } ]
                                          }, {
                                             "value" : [ "." ]
                                          }, {
                                             "r" : "112",
                                             "s" : [ {
                                                "value" : [ "identification" ]
                                             } ]
                                          } ]
                                       }, {
                                          "value" : [ " in " ]
                                       }, {
                                          "r" : "114",
                                          "s" : [ {
                                             "r" : "113",
                                             "s" : [ {
                                                "value" : [ "ConsultantReportCommunicated" ]
                                             } ]
                                          }, {
                                             "value" : [ "." ]
                                          }, {
                                             "r" : "114",
                                             "s" : [ {
                                                "value" : [ "relatedTo" ]
                                             } ]
                                          } ]
                                       } ]
                                    }, {
                                       "value" : [ "\n          and " ]
                                    }, {
                                       "r" : "120",
                                       "s" : [ {
                                          "r" : "117",
                                          "s" : [ {
                                             "r" : "116",
                                             "s" : [ {
                                                "value" : [ "ConsultantReportCommunicated" ]
                                             } ]
                                          }, {
                                             "value" : [ "." ]
                                          }, {
                                             "r" : "117",
                                             "s" : [ {
                                                "value" : [ "receivedDatetime" ]
                                             } ]
                                          } ]
                                       }, {
                                          "r" : "120",
                                          "value" : [ " ","after"," " ]
                                       }, {
                                          "r" : "119",
                                          "s" : [ {
                                             "r" : "118",
                                             "s" : [ {
                                                "value" : [ "FirstReferral" ]
                                             } ]
                                          }, {
                                             "value" : [ "." ]
                                          }, {
                                             "r" : "119",
                                             "s" : [ {
                                                "value" : [ "dateIntervention" ]
                                             } ]
                                          } ]
                                       } ]
                                    } ]
                                 }, {
                                    "value" : [ "\n          and " ]
                                 }, {
                                    "r" : "125",
                                    "s" : [ {
                                       "r" : "123",
                                       "s" : [ {
                                          "r" : "122",
                                          "s" : [ {
                                             "value" : [ "ConsultantReportCommunicated" ]
                                          } ]
                                       }, {
                                          "value" : [ "." ]
                                       }, {
                                          "r" : "123",
                                          "s" : [ {
                                             "value" : [ "receivedDatetime" ]
                                          } ]
                                       } ]
                                    }, {
                                       "r" : "125",
                                       "value" : [ " ","during"," " ]
                                    }, {
                                       "r" : "124",
                                       "s" : [ {
                                          "value" : [ "\"Measurement Period\"" ]
                                       } ]
                                    } ]
                                 } ]
                              } ]
                           } ]
                        }, {
                           "value" : [ "\n  )" ]
                        } ]
                     } ]
                  } ]
               }
            } ],
            "expression" : {
               "localId" : "129",
               "locator" : "76:3-81:3",
               "type" : "Exists",
               "operand" : {
                  "localId" : "128",
                  "locator" : "76:10-81:3",
                  "type" : "Query",
                  "source" : [ {
                     "localId" : "108",
                     "locator" : "76:12-76:89",
                     "alias" : "ConsultantReportCommunicated",
                     "expression" : {
                        "localId" : "107",
                        "locator" : "76:12-76:60",
                        "dataType" : "{urn:healthit-gov:qdm:v5_6}PositiveCommunicationPerformed",
                        "templateId" : "PositiveCommunicationPerformed",
                        "codeProperty" : "code",
                        "codeComparator" : "in",
                        "type" : "Retrieve",
                        "codes" : {
                           "locator" : "76:41-76:59",
                           "name" : "Consultant Report",
                           "type" : "ValueSetRef"
                        }
                     }
                  } ],
                  "relationship" : [ {
                     "localId" : "127",
                     "locator" : "77:7-80:87",
                     "alias" : "FirstReferral",
                     "type" : "With",
                     "expression" : {
                        "localId" : "109",
                        "locator" : "77:12-77:72",
                        "name" : "First Referral during First 10 Months of Measurement Period",
                        "type" : "ExpressionRef"
                     },
                     "suchThat" : {
                        "localId" : "126",
                        "locator" : "78:19-80:87",
                        "type" : "And",
                        "operand" : [ {
                           "localId" : "121",
                           "locator" : "78:19-79:96",
                           "type" : "And",
                           "operand" : [ {
                              "localId" : "115",
                              "locator" : "78:19-78:88",
                              "type" : "In",
                              "operand" : [ {
                                 "localId" : "112",
                                 "locator" : "78:19-78:46",
                                 "path" : "identification",
                                 "scope" : "FirstReferral",
                                 "type" : "Property"
                              }, {
                                 "localId" : "114",
                                 "locator" : "78:51-78:88",
                                 "path" : "relatedTo",
                                 "scope" : "ConsultantReportCommunicated",
                                 "type" : "Property"
                              } ]
                           }, {
                              "localId" : "120",
                              "locator" : "79:15-79:96",
                              "type" : "After",
                              "operand" : [ {
                                 "localId" : "117",
                                 "locator" : "79:15-79:59",
                                 "path" : "receivedDatetime",
                                 "scope" : "ConsultantReportCommunicated",
                                 "type" : "Property"
                              }, {
                                 "localId" : "119",
                                 "locator" : "79:67-79:96",
                                 "path" : "dateIntervention",
                                 "scope" : "FirstReferral",
                                 "type" : "Property"
                              } ]
                           } ]
                        }, {
                           "localId" : "125",
                           "locator" : "80:15-80:87",
                           "type" : "In",
                           "operand" : [ {
                              "localId" : "123",
                              "locator" : "80:15-80:59",
                              "path" : "receivedDatetime",
                              "scope" : "ConsultantReportCommunicated",
                              "type" : "Property"
                           }, {
                              "localId" : "124",
                              "locator" : "80:68-80:87",
                              "name" : "Measurement Period",
                              "type" : "ParameterRef"
                           } ]
                        } ]
                     }
                  } ]
               }
            }
         }, {
            "localId" : "132",
            "locator" : "43:1-44:73",
            "name" : "Numerator",
            "context" : "Patient",
            "accessLevel" : "Public",
            "annotation" : [ {
               "type" : "Annotation",
               "s" : {
                  "r" : "132",
                  "s" : [ {
                     "value" : [ "","define ","\"Numerator\"",":\n  " ]
                  }, {
                     "r" : "131",
                     "s" : [ {
                        "value" : [ "\"Referring Clinician Receives Consultant Report to Close Referral Loop\"" ]
                     } ]
                  } ]
               }
            } ],
            "expression" : {
               "localId" : "131",
               "locator" : "44:3-44:73",
               "name" : "Referring Clinician Receives Consultant Report to Close Referral Loop",
               "type" : "ExpressionRef"
            }
         } ]
      }
   }
}