<?xml version="1.0" encoding="UTF-8" standalone="yes"?>
<QualityMeasureDocument xmlns="urn:hl7-org:v3" xmlns:cql-ext="urn:hhs-cql:hqmf-n1-extensions:v1"
                        xmlns:xsi="http://www.w3.org/2001/XMLSchema-instance">

      <!--
            **************************************************************
            Measure Details Section
            **************************************************************
        -->

      <typeId extension="POQM_HD000001UV02" root="2.16.840.1.113883.1.3"/>
   <templateId>
      <item extension="2021-02-01" root="2.16.840.1.113883.10.20.28.1.2"/>
   </templateId>
   <id root="2c928082-7fac-c041-0180-1f512619243f"/>
   <code code="57024-2" codeSystem="2.16.840.1.113883.6.1">
      <displayName value="Health Quality Measure Document"/>
   </code>
   <title value="Hospital Harm - Severe Hyperglycemia"/>
   <text
         value="This measure assesses the number of inpatient hospital days for patients age 18 and older with a hyperglycemic event (harm) per the total qualifying inpatient hospital days for that encounter"/>
   <statusCode code="COMPLETED"/>
   <setId root="ef95493c-3f65-4440-9ccb-eaf1b9ed1210"/>
   <versionNumber value="3.0.000"/>
   <author>
      <responsibleParty classCode="ASSIGNED">
         <representedResponsibleOrganization classCode="ORG" determinerCode="INSTANCE">
            <id>
               <item root="e9606bf4-a69f-11ea-bb37-0242ac130002"/>
            </id>
            <name>
               <item>
                  <part value="American Institutes for Research (AIR)"/>
               </item>
            </name>
         </representedResponsibleOrganization>
      </responsibleParty>
   </author>
   <custodian>
      <responsibleParty classCode="ASSIGNED">
         <representedResponsibleOrganization classCode="ORG" determinerCode="INSTANCE">
            <id>
               <item root="93"/>
            </id>
            <name>
               <item>
                  <part value="Centers for Medicare &amp; Medicaid Services (CMS)"/>
               </item>
            </name>
         </representedResponsibleOrganization>
      </responsibleParty>
   </custodian>
   <verifier>
      <responsibleParty classCode="ASSIGNED">
         <representedResponsibleOrganization classCode="ORG" determinerCode="INSTANCE">
            <id>
               <item root="2.16.840.1.113883.3.560"/>
            </id>
            <name>
               <item>
                  <part value="National Quality Forum"/>
               </item>
            </name>
         </representedResponsibleOrganization>
      </responsibleParty>
   </verifier>
   <!--Encounter Inpatient-->
     	 <definition>
      <valueSet classCode="OBS" moodCode="DEF">
         <id root="2.16.840.1.113883.3.666.5.307"/>
         <title value="Encounter Inpatient"/>
      </valueSet>
   </definition>
   <!--Payer-->
     	 <definition>
      <valueSet classCode="OBS" moodCode="DEF">
         <id root="2.16.840.1.114222.4.11.3591"/>
         <title value="Payer"/>
      </valueSet>
   </definition>
   <!--ONC Administrative Sex-->
     	 <definition>
      <valueSet classCode="OBS" moodCode="DEF">
         <id root="2.16.840.1.113762.1.4.1"/>
         <title value="ONC Administrative Sex"/>
      </valueSet>
   </definition>
   <!--Ethnicity-->
     	 <definition>
      <valueSet classCode="OBS" moodCode="DEF">
         <id root="2.16.840.1.114222.4.11.837"/>
         <title value="Ethnicity"/>
      </valueSet>
   </definition>
   <!--Glucose Lab Test Mass Per Volume-->
     	 <definition>
      <valueSet classCode="OBS" moodCode="DEF">
         <id root="2.16.840.1.113762.1.4.1248.34"/>
         <title value="Glucose Lab Test Mass Per Volume"/>
      </valueSet>
   </definition>
   <!--Observation Services-->
     	 <definition>
      <valueSet classCode="OBS" moodCode="DEF">
         <id root="2.16.840.1.113762.1.4.1111.143"/>
         <title value="Observation Services"/>
      </valueSet>
   </definition>
   <!--Race-->
     	 <definition>
      <valueSet classCode="OBS" moodCode="DEF">
         <id root="2.16.840.1.114222.4.11.836"/>
         <title value="Race"/>
      </valueSet>
   </definition>
   <!--Emergency Department Visit-->
     	 <definition>
      <valueSet classCode="OBS" moodCode="DEF">
         <id root="2.16.840.1.113883.3.117.1.7.1.292"/>
         <title value="Emergency Department Visit"/>
      </valueSet>
   </definition>
   <!--Diabetes-->
     	 <definition>
      <valueSet classCode="OBS" moodCode="DEF">
         <id root="2.16.840.1.113883.3.464.1003.103.12.1001"/>
         <title value="Diabetes"/>
      </valueSet>
   </definition>
   <!--Hypoglycemics Treatment Medications-->
     	 <definition>
      <valueSet classCode="OBS" moodCode="DEF">
         <id root="2.16.840.1.113762.1.4.1196.394"/>
         <title value="Hypoglycemics Treatment Medications"/>
      </valueSet>
   </definition>
   <relatedDocument typeCode="COMP">
      <expressionDocument>
         <id root="05249902-1357-464B-8F87-1017EBB8C0F4"/>
         <text mediaType="text/cql">
            <reference value="https://emeasuretool.cms.gov/libraries/ef95493c-3f65-4440-9ccb-eaf1b9ed1210/CMS871-v3-0-000-QDM-5-6.cql"/>
            <translation mediaType="application/elm+xml">
               <reference value="https://emeasuretool.cms.gov/libraries/ef95493c-3f65-4440-9ccb-eaf1b9ed1210/CMS871-v3-0-000-QDM-5-6.xml"/>
            </translation>
            <translation mediaType="application/elm+json">
               <reference value="https://emeasuretool.cms.gov/libraries/ef95493c-3f65-4440-9ccb-eaf1b9ed1210/CMS871-v3-0-000-QDM-5-6.json"/>
            </translation>
         </text>
         <setId extension="ef95493c-3f65-4440-9ccb-eaf1b9ed1210"
                identifierName="HospitalHarmHyperglycemiainHospitalizedPatients"
                root="https://emeasuretool.cms.gov/libraries"/>
         <versionNumber value="3.0.000"/>
      </expressionDocument>
   </relatedDocument>
   <relatedDocument typeCode="COMP">
      <expressionDocument>
         <id root="2c9280857b2aeb52017b5f8b96c31ff8"/>
         <text mediaType="text/cql">
            <reference value="https://emeasuretool.cms.gov/libraries/8bdc0a19-b210-4a58-8a07-f5d95a34eca9/MATGlobalCommonFunctions-v7-0-000-QDM-5-6.cql"/>
            <translation mediaType="application/elm+xml">
               <reference value="https://emeasuretool.cms.gov/libraries/8bdc0a19-b210-4a58-8a07-f5d95a34eca9/MATGlobalCommonFunctions-v7-0-000-QDM-5-6.xml"/>
            </translation>
            <translation mediaType="application/elm+json">
               <reference value="https://emeasuretool.cms.gov/libraries/8bdc0a19-b210-4a58-8a07-f5d95a34eca9/MATGlobalCommonFunctions-v7-0-000-QDM-5-6.json"/>
            </translation>
         </text>
         <setId extension="8bdc0a19-b210-4a58-8a07-f5d95a34eca9"
                identifierName="MATGlobalCommonFunctions"
                root="https://emeasuretool.cms.gov/libraries"/>
         <versionNumber value="7.0.000"/>
      </expressionDocument>
   </relatedDocument>
   <controlVariable>
      <measurePeriod>
         <id extension="measureperiod" root="1932e15d-df88-4dc4-afa5-9c9fce2ae1f5"/>
         <code code="MSRTP" codeSystem="2.16.840.1.113883.5.4">
            <originalText value="Measurement Period"/>
         </code>
         <value xsi:type="PIVL_TS">
            <phase highClosed="true" lowClosed="true">
               <low value="20230101"/>
               <width unit="a" value="1" xsi:type="PQ"/>
            </phase>
            <period unit="a" value="1"/>
         </value>
      </measurePeriod>
   </controlVariable>
   <subjectOf>
      <measureAttribute>
         <code nullFlavor="OTH">
            <originalText value="eCQM Identifier (Measure Authoring Tool)"/>
         </code>
         <value mediaType="text/plain" value="871" xsi:type="ED"/>
      </measureAttribute>
   </subjectOf>
   <subjectOf>
      <measureAttribute>
         <code nullFlavor="OTH">
            <originalText value="NQF Number"/>
         </code>
         <value mediaType="text/plain" value="3533e" xsi:type="ED"/>
      </measureAttribute>
   </subjectOf>
   <subjectOf>
      <measureAttribute>
         <code code="COPY" codeSystem="2.16.840.1.113883.5.4">
            <displayName value="Copyright"/>
         </code>
         <value mediaType="text/plain"
                value="Limited proprietary coding is contained in the Measure specifications for user convenience. Users of proprietary code sets should obtain all necessary licenses from the owners of the code sets. American Institutes for Research(R), formerly IMPAQ International, disclaims all liability for use or accuracy of any third party codes contained in the specifications.&#xA;&#xA;LOINC(R) copyright 2004-2022 Regenstrief Institute, Inc. This material contains SNOMED Clinical Terms(R) (SNOMED CT[R]) copyright 2004-2022 International Health Terminology Standards Development Organisation. ICD-10 copyright 2022 World Health Organization. All Rights Reserved."
                xsi:type="ED"/>
      </measureAttribute>
   </subjectOf>
   <subjectOf>
      <measureAttribute>
         <code code="DISC" codeSystem="2.16.840.1.113883.5.4">
            <displayName value="Disclaimer"/>
         </code>
         <value mediaType="text/plain"
                value="This performance measure is not a clinical guideline and does not establish a standard of medical care, and has not been tested for all potential applications.&#xA;&#xA;THE MEASURES AND SPECIFICATIONS ARE PROVIDED &quot;AS IS&quot; WITHOUT WARRANTY OF ANY KIND.&#xA;&#xA;Due to technical limitations, registered trademarks are indicated by (R) or [R] and unregistered trademarks are indicated by (TM) or [TM]."
                xsi:type="ED"/>
      </measureAttribute>
   </subjectOf>
   <subjectOf>
      <measureAttribute>
         <code code="MSRSCORE" codeSystem="2.16.840.1.113883.5.4">
            <displayName value="Measure Scoring"/>
         </code>
         <value code="RATIO" codeSystem="2.16.840.1.113883.5.1063" xsi:type="CD">
            <displayName value="Ratio"/>
         </value>
      </measureAttribute>
   </subjectOf>
   <subjectOf>
      <measureAttribute>
         <code code="MSRTYPE" codeSystem="2.16.840.1.113883.5.4">
            <displayName value="Measure Type"/>
         </code>
         <value code="OUTCOME" codeSystem="2.16.840.1.113883.5.1063" xsi:type="CD">
            <displayName value="OUTCOME"/>
         </value>
      </measureAttribute>
   </subjectOf>
   <subjectOf>
      <measureAttribute>
         <code code="MSRADJ" codeSystem="2.16.840.1.113883.5.4">
            <displayName value="Risk Adjustment"/>
         </code>
         <value mediaType="text/plain" value="None" xsi:type="ED"/>
      </measureAttribute>
   </subjectOf>
   <subjectOf>
      <measureAttribute>
         <code code="MSRAGG" codeSystem="2.16.840.1.113883.5.4">
            <displayName value="Rate Aggregation"/>
         </code>
         <value mediaType="text/plain" value="None" xsi:type="ED"/>
      </measureAttribute>
   </subjectOf>
   <subjectOf>
      <measureAttribute>
         <code code="RAT" codeSystem="2.16.840.1.113883.5.4">
            <displayName value="Rationale"/>
         </code>
         <value mediaType="text/plain"
                value="Hyperglycemia, i.e., elevated glucose level, is common among hospitalized patients, especially those with preexisting diabetes (Umpierrez et al., 2012) and account for over 30% of noncritically ill hospitalized patients (Korytkowski, 2022). Hyperglycemia can also affect individuals with no prior history of diabetes and may be induced by medications such as steroids, or parenteral (intravenous) or enteral (tube) feeding.&#xA;&#xA;Severe hyperglycemia, i.e., extremely elevated glucose level, is significantly associated with a range of harms, including increased in-hospital mortality, infection rates, and hospital length of stay (Pasquel, et al., 2021; Umpierrez et al., 2012, 2015). Lower rates of inpatient severe hyperglycemia may not only improve care for patients, but also reduce costs for healthcare payers (Krinsley et al., 2016). The rate of hyperglycemia varies across hospitals, suggesting opportunities for improvement in inpatient glycemic management (Bersoux et al., 2013). The rate of inpatient hyperglycemia can be considered a marker for quality of hospital care, since inpatient hyperglycemia is largely avoidable with proper glycemic management. The use of evidence-based standardized protocols and insulin management protocols have been shown to improve glycemic control and safety (Leroy et al., 2020; Maynard et al., 2015).&#xA;&#xA;From the Endocrine Society clinical practice guideline on the Management of Hyperglycemia in Hospitalized Patients in Non-critical Care Setting, 2022:&#xA;Recommendation 1.1&#xA;In adults with insulin-treated diabetes hospitalized for noncritical illness who are at high risk of hypoglycemia, we suggest the use of real-time continuous glucose monitoring (CGM) with confirmatory bedside point-of-care blood glucose (POC-BG) monitoring for adjustments in insulin dosing rather than point-of-care blood glucose (POC-BG) testing alone in hospital settings where resources and training are available."
                xsi:type="ED"/>
      </measureAttribute>
   </subjectOf>
   <subjectOf>
      <measureAttribute>
         <code code="CRS" codeSystem="2.16.840.1.113883.5.4">
            <displayName value="Clinical Recommendation Statement"/>
         </code>
         <value mediaType="text/plain"
                value="It should be noted that this measure does not aim to measure overall glucose control in hospitalized patients; rather, our goal is to assess the occurrence and extent of severe hyperglycemia. This measure is also intended to be used in combination with its companion measure of hypoglycemia (Hospital Harm – Hypoglycemia) to reduce unintended consequences of measurement. &#xA;&#xA;Multiple guidelines address recommended levels of glycemic control, though these do not define severe hyperglycemia: &#xA;&#xA;From Section 16, Diabetes Care in the Hospital, in the Standards of Medical Care in Diabetes by the American Diabetes Association, (American Diabetes Association, 2022): &#xA;&#xA;16.4 Insulin therapy should be initiated for treatment of persistent hyperglycemia starting at a threshold ≥180 mg/dL (10.0 mmol/L) (checked on two occasions). Once insulin therapy is started, a target glucose range of 140–180 mg/dL (7.8–10.0 mmol/L) is recommended for the majority of critically ill and noncritically ill patients. A&#xA;&#xA;16.5 More stringent goals, such as 110–140 mg/dL (6.1–7.8 mmol/L), may be appropriate for selected patients if they can be achieved without significant hypoglycemia.&#xA;&#xA;From the Endocrine Society clinical practice guideline on the Management of Hyperglycemia in Hospitalized Patients in Non-critical Care Setting (2022): &#xA;&#xA;Recommendation 10.1&#xA;In adults with no prior history of diabetes hospitalized for noncritical illness with hyperglycemia [defined as blood glucose (BG) &gt; 140 mg/dL (7.8 mmol/L)] during hospitalization, we suggest initial therapy with correctional insulin over scheduled insulin therapy (defined as basal or basal/bolus insulin) to maintain glucose targets in the range of 100 to 180 mg/dL (5.6 to 10.0 mmol/L). For patients with persistent hyperglycemia [≥2 point-of-care blood glucose (POC-BG) measurements ≥ 180 mg/dL (≥10.0 mmol/L) in a 24-hour period on correctional insulin alone], we suggest the addition of scheduled insulin therapy. &#xA;&#xA;Recommendation 10.2&#xA;In adults with diabetes treated with diet or noninsulin diabetes medications prior to admission, we suggest initial therapy with correctional insulin or scheduled insulin therapy to maintain glucose targets in the range of 100 to 180 mg/dL (5.6 to 10.0 mmol/L). For hospitalized adults started on correctional insulin alone and with persistent hyperglycemia [≥2 point-of-care blood glucose (POC-BG) measurements ≥ 180 mg/dL in a 24-hour period (≥10.0 mmol/L)], we suggest addition of scheduled insulin therapy. We suggest initiation of scheduled insulin therapy for patients with confirmed admission blood glucose (BG) ≥ 180 mg/dL (≥10.0 mmol/L). &#xA;&#xA;Recommendation 10.3&#xA;In adults with insulin-treated diabetes prior to admission who are hospitalized for noncritical illness, we recommend continuation of the scheduled insulin regimen modified for nutritional status and severity of illness to maintain glucose targets in the range of 100 to 180 mg/dL (5.6 to 10.0 mmol/L).&#xA;&#xA;Remarks&#xA;Reductions in the dose of basal insulin (by 10% to 20%) at time of hospitalization may be required for patients on basal heavy insulin regimens (defined as doses of basal insulin ≥ 0.6 to 1.0 units/kg/day), in which basal insulin is being used inappropriately to cover meal-related excursions in BG.&#xA;&#xA;&#xA;There is no clinically accepted cutoff for severe hyperglycemia. Studies have used thresholds of &gt;140, &gt;180 , &gt;300, and &gt;350 mg/dL, among other values (American Diabetes Association, 2020; Umpierrez et al, 2012, 2015); Jamesen et al., 2015; Donihi et al., 2011; Mendez et al, 2015). BGL &lt;180 mg/dL is associated with lower rates of mortality and stroke compared with a target glucose &lt;200 mg/dL (Sathya, et al., 2013). Glycemic goals may also differ among hospitalized patients. For example, in an older patient with a prior history of severe hypoglycemia, some degree of hyperglycemia may be tolerated to maximize safety. Intensive insulin therapy to target glucose of 100 and 140mg/dLin the ICU didn’t significantly reduce perioperative complications compared with target glucose of 141and180mg/dLafter coronary artery bypass surgery (Umpierrez, 2015).&#xA;&#xA;For patients who present with hyperglycemic crises, neurologic status must be monitored closely, with frequent re-examination. Care should be taken to prevent over-correction of hyperglycemia and hyperosmolarity following initial ﬂuid resuscitation of these patients to prevent cerebral edema, which carries a high mortality rate. (Gosmanov et al., 2021)."
                xsi:type="ED"/>
      </measureAttribute>
   </subjectOf>
   <subjectOf>
      <measureAttribute>
         <code code="IDUR" codeSystem="2.16.840.1.113883.5.4">
            <displayName value="Improvement Notation"/>
         </code>
         <value mediaType="text/plain" value="A lower measure score indicates higher quality"
                xsi:type="ED"/>
      </measureAttribute>
   </subjectOf>
   <subjectOf>
      <measureAttribute>
         <code code="REF" codeSystem="2.16.840.1.113883.5.4">
            <displayName value="Reference"/>
         </code>
         <value mediaType="text/plain"
                value="CITATIONAmerican Diabetes Association Professional Practice Committee; 16. (2022). Diabetes Care in the Hospital: Standards of Medical Care in Diabetes—2022. Diabetes Care 1 January 2022; 45 (Supplement_1): S244–S253.  https://doi.org/10.2337/dc22-S016"
                xsi:type="ED"/>
      </measureAttribute>
   </subjectOf>
   <subjectOf>
      <measureAttribute>
         <code code="REF" codeSystem="2.16.840.1.113883.5.4">
            <displayName value="Reference"/>
         </code>
         <value mediaType="text/plain"
                value="CITATIONBersoux, S., Cook, C.B., Kongable, G.L., Shu, J. (2013). Trends in glycemic control over a 2-year period in 126 US hospitals. J Hosp Med. 2013;8(3):121-125. doi:10.1002/jhm.1997"
                xsi:type="ED"/>
      </measureAttribute>
   </subjectOf>
   <subjectOf>
      <measureAttribute>
         <code code="REF" codeSystem="2.16.840.1.113883.5.4">
            <displayName value="Reference"/>
         </code>
         <value mediaType="text/plain"
                value="CITATIONDonihi, A.C., Gibson, J.M., Noschese, M.L., et al. (2011). Effect of targeted glycemic management program on provider response to inpatient hyperglycemia. Endocr Pract. 2011; (4)552-557"
                xsi:type="ED"/>
      </measureAttribute>
   </subjectOf>
   <subjectOf>
      <measureAttribute>
         <code code="REF" codeSystem="2.16.840.1.113883.5.4">
            <displayName value="Reference"/>
         </code>
         <value mediaType="text/plain"
                value="CITATIONGosmanov, A.R., Gosmanova, E.O., Kitabchi, A.E. (2021). Hyperglycemic Crises: Diabetic Ketoacidosis and Hyperglycemic Hyperosmolar State. [Updated 2021 May 9]. In: Feingold KR, Anawalt B, Boyce A, et al., editors. Endotext [Internet]. South Dartmouth (MA): MDText.com, Inc.; 2000-. Retrieved from: https://www.ncbi.nlm.nih.gov/books/NBK279052/"
                xsi:type="ED"/>
      </measureAttribute>
   </subjectOf>
   <subjectOf>
      <measureAttribute>
         <code code="REF" codeSystem="2.16.840.1.113883.5.4">
            <displayName value="Reference"/>
         </code>
         <value mediaType="text/plain"
                value="CITATIONJamesen, E., Nevalainen, P.L., Eskelinen, A., et al. (2015). Risk factors for perioperative hyperglycemia in primary hip and knee replacements. Acta Orthop. 2015; 86(2):175-182"
                xsi:type="ED"/>
      </measureAttribute>
   </subjectOf>
   <subjectOf>
      <measureAttribute>
         <code code="REF" codeSystem="2.16.840.1.113883.5.4">
            <displayName value="Reference"/>
         </code>
         <value mediaType="text/plain"
                value="CITATIONKorytkowski, M.T., Muniyappa, R., Antinori-Lent, K., Donihi, A.C., Drincic, A.T, Hirsch, I.B., Luger, A., McDonnell, M.E., Murad, M.H., Nielsen, C., Pegg, C., Rushakoff, R.J., Santesso, N., Umpierrez, G.E. (2022). Management of Hyperglycemia in Hospitalized Adult Patients in Non-Critical Care Settings: An Endocrine Society Clinical Practice Guideline, The Journal of Clinical Endocrinology &amp; Metabolism, Volume 107, Issue 8, August 2022, Pages 2101–2128,  https://doi.org/10.1210/clinem/dgac278"
                xsi:type="ED"/>
      </measureAttribute>
   </subjectOf>
   <subjectOf>
      <measureAttribute>
         <code code="REF" codeSystem="2.16.840.1.113883.5.4">
            <displayName value="Reference"/>
         </code>
         <value mediaType="text/plain"
                value="CITATIONKrinsley, J.S., Jones, R.L. (2016). Cost analysis of intensive glycemic control in critically ill adult patients. Chest. 2016;129(3)644-650"
                xsi:type="ED"/>
      </measureAttribute>
   </subjectOf>
   <subjectOf>
      <measureAttribute>
         <code code="REF" codeSystem="2.16.840.1.113883.5.4">
            <displayName value="Reference"/>
         </code>
         <value mediaType="text/plain"
                value="CITATIONLeRoy, L.,  Richard, S. (2020). Harms Due to Diabetic Agents (Chapter 8), Making Healthcare Safer III: A Critical Analysis of Existing and Emerging Patient Safety Practices. Retrieved from: https://www.ahrq.gov/sites/default/files/wysiwyg/research/findings/making-healthcare-safer/mhs3/diabetes-1.pdf"
                xsi:type="ED"/>
      </measureAttribute>
   </subjectOf>
   <subjectOf>
      <measureAttribute>
         <code code="REF" codeSystem="2.16.840.1.113883.5.4">
            <displayName value="Reference"/>
         </code>
         <value mediaType="text/plain"
                value="CITATIONMaynard, G., Kulasa, K., Ramos, P., et al. (2015). Impact of a hypoglycemic reduction bundle and a systems approach to inpatient glycemic management. Endocr Pract. 2015;21(4):355-367"
                xsi:type="ED"/>
      </measureAttribute>
   </subjectOf>
   <subjectOf>
      <measureAttribute>
         <code code="REF" codeSystem="2.16.840.1.113883.5.4">
            <displayName value="Reference"/>
         </code>
         <value mediaType="text/plain"
                value="CITATIONMendez, C.E., Ata, A., Rourke, J.M., et al. (2015). Daily inpatient glycemic survey (DINGS): A process to remotely identify and assist in the management of hospitalized patients with diabetes and hyperglycemia. Endocr Pract. 2015;21(8):927-935"
                xsi:type="ED"/>
      </measureAttribute>
   </subjectOf>
   <subjectOf>
      <measureAttribute>
         <code code="REF" codeSystem="2.16.840.1.113883.5.4">
            <displayName value="Reference"/>
         </code>
         <value mediaType="text/plain"
                value="CITATIONPasquel, F.J., Lansang, M.C., Dhatariya, K., Umpierrez, G.E. (2021). Management of diabetes and hyperglycaemia in the hospital. The Lancet Diabetes &amp; Endocrinology. 2021; 9: 174–88"
                xsi:type="ED"/>
      </measureAttribute>
   </subjectOf>
   <subjectOf>
      <measureAttribute>
         <code code="REF" codeSystem="2.16.840.1.113883.5.4">
            <displayName value="Reference"/>
         </code>
         <value mediaType="text/plain"
                value="CITATIONSathya, B., Davis, R., Taveira, T., et al. (2013). Intensity of peri-operative glycemic control and postoperative outcomes in patients with diabetes: a meta-analysis. Diabetes Res Clin Pract. 2013;102(1):815.10.1016/j.diabres.2013.05.003"
                xsi:type="ED"/>
      </measureAttribute>
   </subjectOf>
   <subjectOf>
      <measureAttribute>
         <code code="REF" codeSystem="2.16.840.1.113883.5.4">
            <displayName value="Reference"/>
         </code>
         <value mediaType="text/plain"
                value="CITATIONUmpierrez, G., Cardona, S., Pasquel, F., et al. (2015). Randomized controlled trial of intensive versus conservative glucose control in patients undergoing coronary artery bypass graft surgery: gluco-CABG trial. Diabetes Care. 2015;38(9):1665-1672"
                xsi:type="ED"/>
      </measureAttribute>
   </subjectOf>
   <subjectOf>
      <measureAttribute>
         <code code="REF" codeSystem="2.16.840.1.113883.5.4">
            <displayName value="Reference"/>
         </code>
         <value mediaType="text/plain"
                value="CITATIONUmpierrez, G.E., Hellman, R., Korytkowski, M.T., et al. (2012). Management of Hyperglycemia in Hospitalized Patients in Non-critical Care Setting: An Endocrine Society Clinical Practice Guideline. J Clin Endocrinol Metab. 2012;97, 16-38"
                xsi:type="ED"/>
      </measureAttribute>
   </subjectOf>
   <subjectOf>
      <measureAttribute>
         <code code="DEF" codeSystem="2.16.840.1.113883.5.4">
            <displayName value="Definition"/>
         </code>
         <value mediaType="text/plain"
                value="Inpatient hospitalizations: Includes time in the emergency department and observation when the transition between these encounters (if they exist) and the inpatient encounter are within an hour or less of each other. &#xA;&#xA;This measure defines a severe hyperglycemic day (harm) as either (1) a day with a test (lab or point-of-care (POC)) for glucose with a result of &gt;300 mg/dL, or (2) a day in which a glucose test with a result was not found and it was preceded by two consecutive days where at least one lab or point-of-care (POC) test during each of the two days for glucose had a result &gt;=200 mg/dL. &#xA;&#xA;Hospital days are not defined as midnight-to-midnight but are full 24-hour periods that start at the time of admission to the hospital (including emergency department and observation), excluding the last period before discharge from hospital inpatient if it is less than 24 hours."
                xsi:type="ED"/>
      </measureAttribute>
   </subjectOf>
   <subjectOf>
      <measureAttribute>
         <code code="GUIDE" codeSystem="2.16.840.1.113883.5.4">
            <displayName value="Guidance"/>
         </code>
         <value mediaType="text/plain"
                value="The measure is using mg/dL as the unit of measurement for glucose results.&#xA;&#xA;To determine the measure outcome, the total number of hyperglycemic days during the inpatient hospitalization is divided by the total number of eligible hospital days of the inpatient hospitalization.&#xA;&#xA;When evaluating for days with a glucose level &gt;300 mg/dL, the first 24-hour period after admission to the hospital (including the emergency department or observation) is not evaluated to account for potentially poor glucose control outside of the hospital setting or that preceded the start of hospital care.&#xA;&#xA;This measure evaluates the first 10 days of an eligible inpatient hospitalization in determining eligible days for the denominator and numerator (i.e., the length of stay is truncated to &lt;=10 days when the length exceeds 10 days). Patients admitted for longer length of stays are more likely to have more complex medical conditions.  &#xA;&#xA;The “Days in Hospitalization” logic within Measure Observation 1 (associated with the denominator), in conjunction with other logic, returns the day number (e.g., day 1 to day 10) for each day within the hospitalization period to determine the eligible hospital days (e.g., from day 2 to day 10). &#xA;&#xA;The “Days in Hospitalization” logic within Measure Observation 2 (associated with the numerator), in conjunction with other logic, returns the day number (e.g., day 1 to day 10) for each day within the hospitalization period to determine the eligible hyperglycemic event days (e.g., from day 2 to day 10).&#xA;&#xA;Since the measure does not count any hyperglycemic events that occur in the first 24 hours, day 1 is not considered an eligible hospital day for the Measure Observations. Eligible days range from day 2 up to day 10.&#xA;&#xA;Although the measure does not count any hyperglycemic events that occur in the first 24 hours as a hyperglycemic event day in Measure Observation 2, the first 24 hours of the encounter is considered day 1. This is because if there was a day during the encounter where a glucose result is not found, the measure evaluates the two days preceding to see if each had a glucose value &gt;=200 mg/dL. The measure allows the first 24 hours of the encounter, i.e., day 1, to be one of the preceding days.&#xA;&#xA;Multiple hyperglycemic events can occur during a ‘day’, but this is still considered one hyperglycemic event day.&#xA;&#xA;The numerator returns the first eligible encounter that meets the qualifying criteria: an inpatient hospitalization with a hyperglycemic event. Only one numerator is counted per encounter. Note that the Numerator returns the encounters, not days, that meet the criteria.&#xA;&#xA;The specimen source for the glucose test is blood, serum, plasma, or interstitial fluid, and can be obtained by a laboratory test, a Point of Care (POC) test, or a continuous glucose monitor (CGM). Glucose test results from urine specimens are not considered.&#xA;&#xA;This eCQM is an episode-based measure. An episode is defined as each inpatient hospitalization or encounter that ends during the measurement period.&#xA;&#xA;This version of the eCQM uses QDM version 5.6. Please refer to the eCQI resource center (https://ecqi.healthit.gov/qdm) for more information on the QDM."
                xsi:type="ED"/>
      </measureAttribute>
   </subjectOf>
   <subjectOf>
      <measureAttribute>
         <code code="TRANF" codeSystem="2.16.840.1.113883.5.4">
            <displayName value="Transmission Format"/>
         </code>
         <value mediaType="text/plain" value="TBD" xsi:type="ED"/>
      </measureAttribute>
   </subjectOf>
   <subjectOf>
      <measureAttribute>
         <code code="IPOP" codeSystem="2.16.840.1.113883.5.4">
            <displayName value="Initial Population"/>
         </code>
         <value mediaType="text/plain"
                value="Inpatient hospitalizations for patients age 18 and older that end during the measurement period, as well as either: &#xA;&#xA; - A diagnosis of diabetes that starts before or during the encounter; or &#xA; - Administration of at least one dose of insulin or any hypoglycemic medication during the encounter; or &#xA; - Presence of at least one glucose value &gt;=200 mg/dL at any time during the encounter"
                xsi:type="ED"/>
      </measureAttribute>
   </subjectOf>
   <subjectOf>
      <measureAttribute>
         <code code="DENOM" codeSystem="2.16.840.1.113883.5.4">
            <displayName value="Denominator"/>
         </code>
         <value mediaType="text/plain" value="Equals Initial Population" xsi:type="ED"/>
      </measureAttribute>
   </subjectOf>
   <subjectOf>
      <measureAttribute>
         <code code="DENEX" codeSystem="2.16.840.1.113883.5.4">
            <displayName value="Denominator Exclusions"/>
         </code>
         <value mediaType="text/plain"
                value="Inpatient hospitalizations for patients with an initial glucose result of &gt;=1000 mg/dL anytime between 1 hour prior to the start of the encounter to 6 hours after the start of the encounter"
                xsi:type="ED"/>
      </measureAttribute>
   </subjectOf>
   <subjectOf>
      <measureAttribute>
         <code code="NUMER" codeSystem="2.16.840.1.113883.5.4">
            <displayName value="Numerator"/>
         </code>
         <value mediaType="text/plain"
                value="Inpatient hospitalizations with a hyperglycemic event within the first 10 days of the encounter minus the first 24 hours, and minus the last period before discharge from the hospital if less than 24 hours&#xA;&#xA;A hyperglycemic event is defined as: &#xA;&#xA; - A day with at least one glucose value &gt;300 mg/dL,&#xA;&#xA;OR&#xA;&#xA; - A day where a glucose test and result was not found, and it was immediately preceded by two contiguous, consecutive days where at least one glucose value during each of the two days was &gt;=200 mg/dL"
                xsi:type="ED"/>
      </measureAttribute>
   </subjectOf>
   <subjectOf>
      <measureAttribute>
         <code code="NUMEX" codeSystem="2.16.840.1.113883.5.4">
            <displayName value="Numerator Exclusions"/>
         </code>
         <value mediaType="text/plain" value="Not Applicable" xsi:type="ED"/>
      </measureAttribute>
   </subjectOf>
   <subjectOf>
      <measureAttribute>
         <code code="MSROBS" codeSystem="2.16.840.1.113883.5.4">
            <displayName value="Measure Observation"/>
         </code>
         <value mediaType="text/plain"
                value="There are two Measure Observations:  &#xA;&#xA;Encounter Observation 2, associated with the numerator of the ratio: The total number of hyperglycemic days during the inpatient hospitalization that meet the numerator criteria. Days with a hyperglycemic event are defined as: &#xA;&#xA; - All days with a glucose level &gt;300 mg/dL (except those occurring in the first 24-hour period after &#xA;admission to the hospital (including the emergency department and observation)), &#xA;OR&#xA; - All days where a glucose was not measured, and it was immediately preceded by two contiguous, consecutive days where at least one glucose value during each of the two days was &gt;=200 mg/dL.&#xA;&#xA;Encounter Observation 1, associated with the denominator of the ratio: The total number of eligible days of the inpatient hospitalization which match the initial population/denominator criteria and did not meet the denominator exclusion criteria.&#xA;&#xA;The length of stay for all eligible inpatient hospitalizations is truncated to &lt;=10 days when the length exceeds 10 days.&#xA;&#xA;Do not count the last day if it was less than a 24-hour period as this is not considered a full day."
                xsi:type="ED"/>
      </measureAttribute>
   </subjectOf>
   <subjectOf>
      <measureAttribute>
         <code code="SDE" codeSystem="2.16.840.1.113883.5.4">
            <displayName value="Supplemental Data Elements"/>
         </code>
         <value mediaType="text/plain"
                value="For every patient evaluated by this measure also identify payer, race, ethnicity and sex"
                xsi:type="ED"/>
      </measureAttribute>
   </subjectOf>
   <componentOf>
      <qualityMeasureSet classCode="ACT">
         <id root="ef95493c-3f65-4440-9ccb-eaf1b9ed1210"/>
         <title value=""/>
      </qualityMeasureSet>
   </componentOf>
   <!--Data Criteria Section-->
   <component>
      <dataCriteriaSection>
         <templateId>
            <item extension="2021-02-01" root="2.16.840.1.113883.10.20.28.2.6"/>
         </templateId>
         <code code="57025-9" codeSystem="2.16.840.1.113883.6.1"/>
         <title value="Data Criteria Section"/>
         <text/>
         <entry typeCode="DRIV">
            <localVariableName value="EncounterInpatient_EncounterPerformed_Q4sqd"/>
            <encounterCriteria classCode="ENC" moodCode="EVN">
               <templateId>
                  <item extension="2021-02-01" root="2.16.840.1.113883.10.20.28.4.5"/>
               </templateId>
               <id extension="EncounterInpatient_EncounterPerformed"
                   root="2b59320d-78b2-467c-95a9-eccbe06068d8"/>
               <code valueSet="2.16.840.1.113883.3.666.5.307"/>
               <title value="Encounter, Performed"/>
               <statusCode code="COMPLETED"/>
            </encounterCriteria>
         </entry>
         <entry typeCode="DRIV">
            <localVariableName value="Payer_PatientCharacteristicPayer_hEWJW"/>
            <observationCriteria classCode="OBS" moodCode="EVN">
               <templateId>
                  <item extension="2017-05-01" root="2.16.840.1.113883.10.20.28.4.58"/>
               </templateId>
               <id extension="Payer_PatientCharacteristicPayer"
                   root="13f54360-7d24-4bc2-a16b-aecfdba280a3"/>
               <code code="48768-6" codeSystem="2.16.840.1.113883.6.1" codeSystemName="LOINC">
                  <displayName value="Payer"/>
               </code>
               <title value="Patient Characteristic Payer"/>
               <statusCode code="COMPLETED"/>
               <value valueSet="2.16.840.1.114222.4.11.3591" xsi:type="CD"/>
            </observationCriteria>
         </entry>
         <entry typeCode="DRIV">
            <localVariableName value="ONCAdministrativeSex_PatientCharacteristicSex_Bf1Ve"/>
            <observationCriteria classCode="OBS" moodCode="EVN">
               <templateId>
                  <item extension="2017-05-01" root="2.16.840.1.113883.10.20.28.4.55"/>
               </templateId>
               <id extension="ONCAdministrativeSex_PatientCharacteristicSex"
                   root="5e93450b-3424-4a44-a4be-ebfd0b2933d9"/>
               <code code="263495000" codeSystem="2.16.840.1.113883.6.96" codeSystemName="SNOMED CT">
                  <displayName value="Gender"/>
               </code>
               <title value="Patient Characteristic Sex"/>
               <statusCode code="COMPLETED"/>
               <value valueSet="2.16.840.1.113762.1.4.1" xsi:type="CD"/>
            </observationCriteria>
         </entry>
         <entry typeCode="DRIV">
            <localVariableName value="Ethnicity_PatientCharacteristicEthnicity_S5Qs8"/>
            <observationCriteria classCode="OBS" moodCode="EVN">
               <templateId>
                  <item extension="2017-05-01" root="2.16.840.1.113883.10.20.28.4.56"/>
               </templateId>
               <id extension="Ethnicity_PatientCharacteristicEthnicity"
                   root="f3b083fa-0b74-4ce7-b47f-b9a4589b616d"/>
               <code code="54133-4" codeSystem="2.16.840.1.113883.6.1" codeSystemName="LOINC">
                  <displayName value="Ethnicity"/>
               </code>
               <title value="Patient Characteristic Ethnicity"/>
               <statusCode code="COMPLETED"/>
               <value valueSet="2.16.840.1.114222.4.11.837" xsi:type="CD"/>
            </observationCriteria>
         </entry>
         <entry typeCode="DRIV">
            <localVariableName value="GlucoseLabTestMassPerVolume_LaboratoryTestPerformed_IrPSL"/>
            <observationCriteria classCode="OBS" moodCode="EVN">
               <templateId>
                  <item extension="2021-02-01" root="2.16.840.1.113883.10.20.28.4.42"/>
               </templateId>
               <id extension="GlucoseLabTestMassPerVolume_LaboratoryTestPerformed"
                   root="18c86168-bcbf-4cf0-8874-03fe4e19084d"/>
               <code valueSet="2.16.840.1.113762.1.4.1248.34"/>
               <title value="Laboratory Test, Performed"/>
               <statusCode code="COMPLETED"/>
            </observationCriteria>
         </entry>
         <entry typeCode="DRIV">
            <localVariableName value="ObservationServices_EncounterPerformed_cKEbi"/>
            <encounterCriteria classCode="ENC" moodCode="EVN">
               <templateId>
                  <item extension="2021-02-01" root="2.16.840.1.113883.10.20.28.4.5"/>
               </templateId>
               <id extension="ObservationServices_EncounterPerformed"
                   root="215b8958-753d-4e97-88e4-80e69c50bd14"/>
               <code valueSet="2.16.840.1.113762.1.4.1111.143"/>
               <title value="Encounter, Performed"/>
               <statusCode code="COMPLETED"/>
            </encounterCriteria>
         </entry>
         <entry typeCode="DRIV">
            <localVariableName value="Race_PatientCharacteristicRace_viGjI"/>
            <observationCriteria classCode="OBS" moodCode="EVN">
               <templateId>
                  <item extension="2017-05-01" root="2.16.840.1.113883.10.20.28.4.59"/>
               </templateId>
               <id extension="Race_PatientCharacteristicRace"
                   root="2256dbdb-c22a-4ae7-b6c3-4a379e655c67"/>
               <code code="32624-9" codeSystem="2.16.840.1.113883.6.1" codeSystemName="LOINC">
                  <displayName value="Race"/>
               </code>
               <title value="Patient Characteristic Race"/>
               <statusCode code="COMPLETED"/>
               <value valueSet="2.16.840.1.114222.4.11.836" xsi:type="CD"/>
            </observationCriteria>
         </entry>
         <entry typeCode="DRIV">
            <localVariableName value="EmergencyDepartmentVisit_EncounterPerformed_Fz79i"/>
            <encounterCriteria classCode="ENC" moodCode="EVN">
               <templateId>
                  <item extension="2021-02-01" root="2.16.840.1.113883.10.20.28.4.5"/>
               </templateId>
               <id extension="EmergencyDepartmentVisit_EncounterPerformed"
                   root="943fd468-a486-47eb-bcef-69bbc31a73a0"/>
               <code valueSet="2.16.840.1.113883.3.117.1.7.1.292"/>
               <title value="Encounter, Performed"/>
               <statusCode code="COMPLETED"/>
            </encounterCriteria>
         </entry>
         <entry typeCode="DRIV">
            <localVariableName value="Diabetes_Diagnosis_1f9aX"/>
            <observationCriteria classCode="OBS" moodCode="EVN">
               <templateId>
                  <item extension="2021-02-01" root="2.16.840.1.113883.10.20.28.4.110"/>
               </templateId>
               <id extension="Diabetes_Diagnosis" root="0798f8f6-3731-45a9-85d7-c6d302c4c9c9"/>
               <code code="282291009" codeSystem="2.16.840.1.113883.6.96" codeSystemName="SNOMED CT">
                  <displayName value="Diagnosis"/>
               </code>
               <title value="Diagnosis"/>
               <statusCode code="COMPLETED"/>
               <value valueSet="2.16.840.1.113883.3.464.1003.103.12.1001" xsi:type="CD"/>
            </observationCriteria>
         </entry>
         <entry typeCode="DRIV">
            <localVariableName value="HypoglycemicsTreatmentMedications_MedicationAdministered_Rrydx"/>
            <substanceAdministrationCriteria classCode="SBADM" moodCode="EVN">
               <templateId>
                  <item extension="2021-02-01" root="2.16.840.1.113883.10.20.28.4.45"/>
               </templateId>
               <id extension="HypoglycemicsTreatmentMedications_MedicationAdministered"
                   root="cd15e165-e87c-4dc6-897c-1ff85d397e80"/>
               <code code="416118004" codeSystem="2.16.840.1.113883.6.96"/>
               <title value="Medication, Administered"/>
               <statusCode code="COMPLETED"/>
			            <participation typeCode="CSM">
                  <role classCode="MANU">
                     <playingManufacturedMaterial classCode="MMAT" determinerCode="KIND">
                        <code valueSet="2.16.840.1.113762.1.4.1196.394"/>
                     </playingManufacturedMaterial>
                  </role>
               </participation>
		          </substanceAdministrationCriteria>
         </entry>
      </dataCriteriaSection>
   </component>
   <component>
      <populationCriteriaSection>
         <templateId>
            <item extension="2017-08-01" root="2.16.840.1.113883.10.20.28.2.7"/>
         </templateId>
         <id extension="PopulationCriteria1" root="7DA1FBF6-7FD3-4F3F-A937-0FA2D0DC5F0F"/>
         <code code="57026-7" codeSystem="2.16.840.1.113883.6.1"/>
         <title value="Population Criteria Section"/>
         <text/>
         <component typeCode="COMP">
            <initialPopulationCriteria classCode="OBS" moodCode="EVN">
               <id extension="initialPopulation" root="D50ED549-6D21-48FE-87EE-A9DFC9C5A3E0"/>
               <code code="IPOP" codeSystem="2.16.840.1.113883.5.4" codeSystemName="Act Code"/>
               <precondition typeCode="PRCN">
                  <criteriaReference classCode="OBS" moodCode="EVN">
                     <id extension="HospitalHarmHyperglycemiainHospitalizedPatients.&quot;Initial Population&quot;"
                         root="05249902-1357-464B-8F87-1017EBB8C0F4"/>
                  </criteriaReference>
               </precondition>
            </initialPopulationCriteria>
         </component>
         <component typeCode="COMP">
            <denominatorCriteria classCode="OBS" moodCode="EVN">
               <id extension="denominator" root="CFD0A000-62D9-4F91-AAC0-EB10D04DA847"/>
               <code code="DENOM" codeSystem="2.16.840.1.113883.5.4" codeSystemName="Act Code"/>
               <precondition typeCode="PRCN">
                  <criteriaReference classCode="OBS" moodCode="EVN">
                     <id extension="HospitalHarmHyperglycemiainHospitalizedPatients.&quot;Denominator&quot;"
                         root="05249902-1357-464B-8F87-1017EBB8C0F4"/>
                  </criteriaReference>
               </precondition>
               <subject typeCode="SUBJ">
                  <criteriaReference classCode="OBS" moodCode="EVN">
                     <id extension="initialPopulation" root="D50ED549-6D21-48FE-87EE-A9DFC9C5A3E0"/>
                  </criteriaReference>
               </subject>
            </denominatorCriteria>
         </component>
         <component typeCode="COMP">
            <denominatorExclusionCriteria classCode="OBS" moodCode="EVN">
               <id extension="denominatorExclusions" root="1EAC7628-1EA9-4E8C-954B-64C0F1C402CA"/>
               <code code="DENEX" codeSystem="2.16.840.1.113883.5.4" codeSystemName="Act Code"/>
               <precondition typeCode="PRCN">
                  <criteriaReference classCode="OBS" moodCode="EVN">
                     <id extension="HospitalHarmHyperglycemiainHospitalizedPatients.&quot;Denominator Exclusions&quot;"
                         root="05249902-1357-464B-8F87-1017EBB8C0F4"/>
                  </criteriaReference>
               </precondition>
            </denominatorExclusionCriteria>
         </component>
         <component typeCode="COMP">
            <numeratorCriteria classCode="OBS" moodCode="EVN">
               <id extension="numerator" root="134DE498-5A4B-4530-AA88-D4D91D167DE9"/>
               <code code="NUMER" codeSystem="2.16.840.1.113883.5.4" codeSystemName="Act Code"/>
               <precondition typeCode="PRCN">
                  <criteriaReference classCode="OBS" moodCode="EVN">
                     <id extension="HospitalHarmHyperglycemiainHospitalizedPatients.&quot;Numerator&quot;"
                         root="05249902-1357-464B-8F87-1017EBB8C0F4"/>
                  </criteriaReference>
               </precondition>
               <subject typeCode="SUBJ">
                  <criteriaReference classCode="OBS" moodCode="EVN">
                     <id extension="initialPopulation" root="D50ED549-6D21-48FE-87EE-A9DFC9C5A3E0"/>
                  </criteriaReference>
               </subject>
            </numeratorCriteria>
         </component>
         <component typeCode="COMP">
            <cql-ext:supplementalDataElement>
               <id extension="Supplemental Data Elements"
                   root="93AA86BF-9433-472F-AB36-11CFCEA8EC09"/>
               <code code="SDE" codeSystem="2.16.840.1.113883.5.4" codeSystemName="Act Code"/>
               <precondition typeCode="PRCN">
                  <criteriaReference classCode="OBS" moodCode="EVN">
                     <id extension="HospitalHarmHyperglycemiainHospitalizedPatients.&quot;SDE Ethnicity&quot;"
                         root="05249902-1357-464B-8F87-1017EBB8C0F4"/>
                  </criteriaReference>
               </precondition>
            </cql-ext:supplementalDataElement>
         </component>
         <component typeCode="COMP">
            <cql-ext:supplementalDataElement>
               <id extension="Supplemental Data Elements"
                   root="7AFF9324-B50F-477F-AC63-8D11ABD0FEE5"/>
               <code code="SDE" codeSystem="2.16.840.1.113883.5.4" codeSystemName="Act Code"/>
               <precondition typeCode="PRCN">
                  <criteriaReference classCode="OBS" moodCode="EVN">
                     <id extension="HospitalHarmHyperglycemiainHospitalizedPatients.&quot;SDE Payer&quot;"
                         root="05249902-1357-464B-8F87-1017EBB8C0F4"/>
                  </criteriaReference>
               </precondition>
            </cql-ext:supplementalDataElement>
         </component>
         <component typeCode="COMP">
            <cql-ext:supplementalDataElement>
               <id extension="Supplemental Data Elements"
                   root="8DEE7467-6F37-4E51-A3B4-152C42EBB95B"/>
               <code code="SDE" codeSystem="2.16.840.1.113883.5.4" codeSystemName="Act Code"/>
               <precondition typeCode="PRCN">
                  <criteriaReference classCode="OBS" moodCode="EVN">
                     <id extension="HospitalHarmHyperglycemiainHospitalizedPatients.&quot;SDE Race&quot;"
                         root="05249902-1357-464B-8F87-1017EBB8C0F4"/>
                  </criteriaReference>
               </precondition>
            </cql-ext:supplementalDataElement>
         </component>
         <component typeCode="COMP">
            <cql-ext:supplementalDataElement>
               <id extension="Supplemental Data Elements"
                   root="53FC790B-37E3-4BDF-92E0-AC165EB4CE16"/>
               <code code="SDE" codeSystem="2.16.840.1.113883.5.4" codeSystemName="Act Code"/>
               <precondition typeCode="PRCN">
                  <criteriaReference classCode="OBS" moodCode="EVN">
                     <id extension="HospitalHarmHyperglycemiainHospitalizedPatients.&quot;SDE Sex&quot;"
                         root="05249902-1357-464B-8F87-1017EBB8C0F4"/>
                  </criteriaReference>
               </precondition>
            </cql-ext:supplementalDataElement>
         </component>
      </populationCriteriaSection>
   </component>
   <component>
      <measureObservationSection>
         <templateId>
            <item extension="2018-05-01" root="2.16.840.1.113883.10.20.28.2.4"/>
         </templateId>
         <id extension="MeasureObservations" root="B011E7A4-66EA-44A1-84DB-7DEF2E3C0C30"/>
         <code code="57027-5" codeSystem="2.16.840.1.113883.6.1" codeSystemName="LOINC"/>
         <title value="Measure Observation Section"/>
         <text/>
         <!--Definition for Measure Observation 6--><definition>
            <measureObservationDefinition classCode="OBS" moodCode="DEF">
               <id extension="SUM Of Denominator Observations"
                   root="39454C32-FD55-4B6A-AABE-55C5467A88BC"/>
               <code code="AGGREGATE" codeSystem="2.16.840.1.113883.5.4"/>
               <value nullFlavor="DER" xsi:type="INT">
                  <expression value="HospitalHarmHyperglycemiainHospitalizedPatients.&quot;Denominator Observations&quot;"/>
               </value>
               <methodCode>
                  <item code="SUM" codeSystem="2.16.840.1.113883.5.84"/>
               </methodCode>
               <component typeCode="COMP">
                  <criteriaReference classCode="OBS" moodCode="EVN">
                     <id extension="denominator" root="CFD0A000-62D9-4F91-AAC0-EB10D04DA847"/>
                  </criteriaReference>
               </component>
            </measureObservationDefinition>
         </definition>
         <!--Definition for Measure Observation 7--><definition>
            <measureObservationDefinition classCode="OBS" moodCode="DEF">
               <id extension="SUM Of Numerator Observations"
                   root="8C95B101-3C3C-40E6-B12A-9002768CE2CE"/>
               <code code="AGGREGATE" codeSystem="2.16.840.1.113883.5.4"/>
               <value nullFlavor="DER" xsi:type="INT">
                  <expression value="HospitalHarmHyperglycemiainHospitalizedPatients.&quot;Numerator Observations&quot;"/>
               </value>
               <methodCode>
                  <item code="SUM" codeSystem="2.16.840.1.113883.5.84"/>
               </methodCode>
               <component typeCode="COMP">
                  <criteriaReference classCode="OBS" moodCode="EVN">
                     <id extension="numerator" root="134DE498-5A4B-4530-AA88-D4D91D167DE9"/>
                  </criteriaReference>
               </component>
            </measureObservationDefinition>
         </definition>
      </measureObservationSection>
   </component>
</QualityMeasureDocument>