{
   "library" : {
      "annotation" : [ {
         "translatorOptions" : "EnableAnnotations,EnableLocators,DisableListDemotion,DisableListPromotion,DisableMethodInvocation",
         "type" : "CqlToElmInfo"
      }, {
         "type" : "Annotation",
         "s" : {
            "r" : "113",
            "s" : [ {
               "value" : [ "","library HIVScreening version '6.1.000'" ]
            } ]
         }
      } ],
      "identifier" : {
         "id" : "HIVScreening",
         "version" : "6.1.000"
      },
      "schemaIdentifier" : {
         "id" : "urn:hl7-org:elm",
         "version" : "r1"
      },
      "usings" : {
         "def" : [ {
            "localIdentifier" : "System",
            "uri" : "urn:hl7-org:elm-types:r1"
         }, {
            "localId" : "1",
            "locator" : "3:1-3:23",
            "localIdentifier" : "QDM",
            "uri" : "urn:healthit-gov:qdm:v5_6",
            "version" : "5.6",
            "annotation" : [ {
               "type" : "Annotation",
               "s" : {
                  "r" : "1",
                  "s" : [ {
                     "value" : [ "","using " ]
                  }, {
                     "s" : [ {
                        "value" : [ "QDM" ]
                     } ]
                  }, {
                     "value" : [ " version ","'5.6'" ]
                  } ]
               }
            } ]
         } ]
      },
      "includes" : {
         "def" : [ {
            "localId" : "2",
            "locator" : "5:1-5:64",
            "localIdentifier" : "Global",
            "path" : "MATGlobalCommonFunctions",
            "version" : "7.0.000",
            "annotation" : [ {
               "type" : "Annotation",
               "s" : {
                  "r" : "2",
                  "s" : [ {
                     "value" : [ "","include " ]
                  }, {
                     "s" : [ {
                        "value" : [ "MATGlobalCommonFunctions" ]
                     } ]
                  }, {
                     "value" : [ " version ","'7.0.000'"," called ","Global" ]
                  } ]
               }
            } ]
         } ]
      },
      "parameters" : {
         "def" : [ {
            "localId" : "22",
            "locator" : "25:1-25:49",
            "name" : "Measurement Period",
            "accessLevel" : "Public",
            "annotation" : [ {
               "type" : "Annotation",
               "s" : {
                  "r" : "22",
                  "s" : [ {
                     "value" : [ "","parameter ","\"Measurement Period\""," " ]
                  }, {
                     "r" : "21",
                     "s" : [ {
                        "value" : [ "Interval<" ]
                     }, {
                        "r" : "20",
                        "s" : [ {
                           "value" : [ "DateTime" ]
                        } ]
                     }, {
                        "value" : [ ">" ]
                     } ]
                  } ]
               }
            } ],
            "parameterTypeSpecifier" : {
               "localId" : "21",
               "locator" : "25:32-25:49",
               "type" : "IntervalTypeSpecifier",
               "pointType" : {
                  "localId" : "20",
                  "locator" : "25:41-25:48",
                  "name" : "{urn:hl7-org:elm-types:r1}DateTime",
                  "type" : "NamedTypeSpecifier"
               }
            }
         } ]
      },
      "codeSystems" : {
         "def" : [ {
            "localId" : "3",
            "locator" : "7:1-7:55",
            "name" : "SNOMEDCT",
            "id" : "urn:oid:2.16.840.1.113883.6.96",
            "accessLevel" : "Public",
            "annotation" : [ {
               "type" : "Annotation",
               "s" : {
                  "r" : "3",
                  "s" : [ {
                     "value" : [ "","codesystem ","\"SNOMEDCT\"",": ","'urn:oid:2.16.840.1.113883.6.96'" ]
                  } ]
               }
            } ]
         }, {
            "localId" : "4",
            "locator" : "8:1-8:51",
            "name" : "LOINC",
            "id" : "urn:oid:2.16.840.1.113883.6.1",
            "accessLevel" : "Public",
            "annotation" : [ {
               "type" : "Annotation",
               "s" : {
                  "r" : "4",
                  "s" : [ {
                     "value" : [ "","codesystem ","\"LOINC\"",": ","'urn:oid:2.16.840.1.113883.6.1'" ]
                  } ]
               }
            } ]
         } ]
      },
      "valueSets" : {
         "def" : [ {
            "localId" : "5",
            "locator" : "10:1-10:58",
            "name" : "Ethnicity",
            "id" : "urn:oid:2.16.840.1.114222.4.11.837",
            "accessLevel" : "Public",
            "annotation" : [ {
               "type" : "Annotation",
               "s" : {
                  "r" : "5",
                  "s" : [ {
                     "value" : [ "","valueset ","\"Ethnicity\"",": ","'urn:oid:2.16.840.1.114222.4.11.837'" ]
                  } ]
               }
            } ]
         }, {
            "localId" : "6",
            "locator" : "11:1-11:66",
            "name" : "HIV",
            "id" : "urn:oid:2.16.840.1.113883.3.464.1003.120.12.1003",
            "accessLevel" : "Public",
            "annotation" : [ {
               "type" : "Annotation",
               "s" : {
                  "r" : "6",
                  "s" : [ {
                     "value" : [ "","valueset ","\"HIV\"",": ","'urn:oid:2.16.840.1.113883.3.464.1003.120.12.1003'" ]
                  } ]
               }
            } ]
         }, {
            "localId" : "7",
            "locator" : "12:1-12:65",
            "name" : "HIV Lab Tests",
            "id" : "urn:oid:2.16.840.1.113762.1.4.1056.50",
            "accessLevel" : "Public",
            "annotation" : [ {
               "type" : "Annotation",
               "s" : {
                  "r" : "7",
                  "s" : [ {
                     "value" : [ "","valueset ","\"HIV Lab Tests\"",": ","'urn:oid:2.16.840.1.113762.1.4.1056.50'" ]
                  } ]
               }
            } ]
         }, {
            "localId" : "8",
            "locator" : "13:1-13:75",
            "name" : "Office Visit",
            "id" : "urn:oid:2.16.840.1.113883.3.464.1003.101.12.1001",
            "accessLevel" : "Public",
            "annotation" : [ {
               "type" : "Annotation",
               "s" : {
                  "r" : "8",
                  "s" : [ {
                     "value" : [ "","valueset ","\"Office Visit\"",": ","'urn:oid:2.16.840.1.113883.3.464.1003.101.12.1001'" ]
                  } ]
               }
            } ]
         }, {
            "localId" : "9",
            "locator" : "14:1-14:68",
            "name" : "ONC Administrative Sex",
            "id" : "urn:oid:2.16.840.1.113762.1.4.1",
            "accessLevel" : "Public",
            "annotation" : [ {
               "type" : "Annotation",
               "s" : {
                  "r" : "9",
                  "s" : [ {
                     "value" : [ "","valueset ","\"ONC Administrative Sex\"",": ","'urn:oid:2.16.840.1.113762.1.4.1'" ]
                  } ]
               }
            } ]
         }, {
            "localId" : "10",
            "locator" : "15:1-15:55",
            "name" : "Payer",
            "id" : "urn:oid:2.16.840.1.114222.4.11.3591",
            "accessLevel" : "Public",
            "annotation" : [ {
               "type" : "Annotation",
               "s" : {
                  "r" : "10",
                  "s" : [ {
                     "value" : [ "","valueset ","\"Payer\"",": ","'urn:oid:2.16.840.1.114222.4.11.3591'" ]
                  } ]
               }
            } ]
         }, {
            "localId" : "11",
            "locator" : "16:1-16:123",
            "name" : "Preventive Care Services Established Office Visit, 18 and Up",
            "id" : "urn:oid:2.16.840.1.113883.3.464.1003.101.12.1025",
            "accessLevel" : "Public",
            "annotation" : [ {
               "type" : "Annotation",
               "s" : {
                  "r" : "11",
                  "s" : [ {
                     "value" : [ "","valueset ","\"Preventive Care Services Established Office Visit, 18 and Up\"",": ","'urn:oid:2.16.840.1.113883.3.464.1003.101.12.1025'" ]
                  } ]
               }
            } ]
         }, {
            "localId" : "12",
            "locator" : "17:1-17:119",
            "name" : "Preventive Care Services Initial Office Visit, 18 and Up",
            "id" : "urn:oid:2.16.840.1.113883.3.464.1003.101.12.1023",
            "accessLevel" : "Public",
            "annotation" : [ {
               "type" : "Annotation",
               "s" : {
                  "r" : "12",
                  "s" : [ {
                     "value" : [ "","valueset ","\"Preventive Care Services Initial Office Visit, 18 and Up\"",": ","'urn:oid:2.16.840.1.113883.3.464.1003.101.12.1023'" ]
                  } ]
               }
            } ]
         }, {
            "localId" : "13",
            "locator" : "18:1-18:118",
            "name" : "Preventive Care Services, Initial Office Visit, 0 to 17",
            "id" : "urn:oid:2.16.840.1.113883.3.464.1003.101.12.1022",
            "accessLevel" : "Public",
            "annotation" : [ {
               "type" : "Annotation",
               "s" : {
                  "r" : "13",
                  "s" : [ {
                     "value" : [ "","valueset ","\"Preventive Care Services, Initial Office Visit, 0 to 17\"",": ","'urn:oid:2.16.840.1.113883.3.464.1003.101.12.1022'" ]
                  } ]
               }
            } ]
         }, {
            "localId" : "14",
            "locator" : "19:1-19:113",
            "name" : "Preventive Care, Established Office Visit, 0 to 17",
            "id" : "urn:oid:2.16.840.1.113883.3.464.1003.101.12.1024",
            "accessLevel" : "Public",
            "annotation" : [ {
               "type" : "Annotation",
               "s" : {
                  "r" : "14",
                  "s" : [ {
                     "value" : [ "","valueset ","\"Preventive Care, Established Office Visit, 0 to 17\"",": ","'urn:oid:2.16.840.1.113883.3.464.1003.101.12.1024'" ]
                  } ]
               }
            } ]
         }, {
            "localId" : "15",
            "locator" : "20:1-20:53",
            "name" : "Race",
            "id" : "urn:oid:2.16.840.1.114222.4.11.836",
            "accessLevel" : "Public",
            "annotation" : [ {
               "type" : "Annotation",
               "s" : {
                  "r" : "15",
                  "s" : [ {
                     "value" : [ "","valueset ","\"Race\"",": ","'urn:oid:2.16.840.1.114222.4.11.836'" ]
                  } ]
               }
            } ]
         } ]
      },
      "codes" : {
         "def" : [ {
            "localId" : "17",
            "locator" : "22:1-22:75",
            "name" : "Dead (finding)",
            "id" : "419099009",
            "display" : "Dead (finding)",
            "accessLevel" : "Public",
            "annotation" : [ {
               "type" : "Annotation",
               "s" : {
                  "r" : "17",
                  "s" : [ {
                     "value" : [ "","code ","\"Dead (finding)\"",": ","'419099009'"," from " ]
                  }, {
                     "r" : "16",
                     "s" : [ {
                        "value" : [ "\"SNOMEDCT\"" ]
                     } ]
                  }, {
                     "value" : [ " display ","'Dead (finding)'" ]
                  } ]
               }
            } ],
            "codeSystem" : {
               "localId" : "16",
               "locator" : "22:41-22:50",
               "name" : "SNOMEDCT"
            }
         }, {
            "localId" : "19",
            "locator" : "23:1-23:118",
            "name" : "HIV 1 and 2 tests - Meaningful Use set",
            "id" : "75622-1",
            "display" : "HIV 1 and 2 tests - Meaningful Use set",
            "accessLevel" : "Public",
            "annotation" : [ {
               "type" : "Annotation",
               "s" : {
                  "r" : "19",
                  "s" : [ {
                     "value" : [ "","code ","\"HIV 1 and 2 tests - Meaningful Use set\"",": ","'75622-1'"," from " ]
                  }, {
                     "r" : "18",
                     "s" : [ {
                        "value" : [ "\"LOINC\"" ]
                     } ]
                  }, {
                     "value" : [ " display ","'HIV 1 and 2 tests - Meaningful Use set'" ]
                  } ]
               }
            } ],
            "codeSystem" : {
               "localId" : "18",
               "locator" : "23:63-23:69",
               "name" : "LOINC"
            }
         } ]
      },
      "contexts" : {
         "def" : [ {
            "locator" : "27:1-27:15",
            "name" : "Patient"
         } ]
      },
      "statements" : {
         "def" : [ {
            "locator" : "27:1-27:15",
            "name" : "Patient",
            "context" : "Patient",
            "expression" : {
               "type" : "SingletonFrom",
               "operand" : {
                  "locator" : "27:1-27:15",
                  "dataType" : "{urn:healthit-gov:qdm:v5_6}Patient",
                  "templateId" : "Patient",
                  "type" : "Retrieve"
               }
            }
         }, {
            "localId" : "46",
            "locator" : "42:1-48:62",
            "name" : "Qualifying Encounters",
            "context" : "Patient",
            "accessLevel" : "Public",
            "annotation" : [ {
               "type" : "Annotation",
               "s" : {
                  "r" : "46",
                  "s" : [ {
                     "value" : [ "","define ","\"Qualifying Encounters\"",":\n  " ]
                  }, {
                     "r" : "45",
                     "s" : [ {
                        "s" : [ {
                           "r" : "40",
                           "s" : [ {
                              "r" : "39",
                              "s" : [ {
                                 "value" : [ "( " ]
                              }, {
                                 "r" : "39",
                                 "s" : [ {
                                    "r" : "37",
                                    "s" : [ {
                                       "r" : "35",
                                       "s" : [ {
                                          "r" : "33",
                                          "s" : [ {
                                             "r" : "31",
                                             "s" : [ {
                                                "value" : [ "[","\"Encounter, Performed\"",": " ]
                                             }, {
                                                "s" : [ {
                                                   "value" : [ "\"Preventive Care Services, Initial Office Visit, 0 to 17\"" ]
                                                } ]
                                             }, {
                                                "value" : [ "]" ]
                                             } ]
                                          }, {
                                             "value" : [ "\n    union " ]
                                          }, {
                                             "r" : "32",
                                             "s" : [ {
                                                "value" : [ "[","\"Encounter, Performed\"",": " ]
                                             }, {
                                                "s" : [ {
                                                   "value" : [ "\"Preventive Care Services Initial Office Visit, 18 and Up\"" ]
                                                } ]
                                             }, {
                                                "value" : [ "]" ]
                                             } ]
                                          } ]
                                       }, {
                                          "value" : [ "\n    union " ]
                                       }, {
                                          "r" : "34",
                                          "s" : [ {
                                             "value" : [ "[","\"Encounter, Performed\"",": " ]
                                          }, {
                                             "s" : [ {
                                                "value" : [ "\"Preventive Care, Established Office Visit, 0 to 17\"" ]
                                             } ]
                                          }, {
                                             "value" : [ "]" ]
                                          } ]
                                       } ]
                                    }, {
                                       "value" : [ "\n    union " ]
                                    }, {
                                       "r" : "36",
                                       "s" : [ {
                                          "value" : [ "[","\"Encounter, Performed\"",": " ]
                                       }, {
                                          "s" : [ {
                                             "value" : [ "\"Preventive Care Services Established Office Visit, 18 and Up\"" ]
                                          } ]
                                       }, {
                                          "value" : [ "]" ]
                                       } ]
                                    } ]
                                 }, {
                                    "value" : [ "\n    union " ]
                                 }, {
                                    "r" : "38",
                                    "s" : [ {
                                       "value" : [ "[","\"Encounter, Performed\"",": " ]
                                    }, {
                                       "s" : [ {
                                          "value" : [ "\"Office Visit\"" ]
                                       } ]
                                    }, {
                                       "value" : [ "]" ]
                                    } ]
                                 } ]
                              }, {
                                 "value" : [ " )" ]
                              } ]
                           }, {
                              "value" : [ " ","Encounter" ]
                           } ]
                        } ]
                     }, {
                        "value" : [ "\n    " ]
                     }, {
                        "r" : "44",
                        "s" : [ {
                           "value" : [ "where " ]
                        }, {
                           "r" : "44",
                           "s" : [ {
                              "r" : "42",
                              "s" : [ {
                                 "r" : "41",
                                 "s" : [ {
                                    "value" : [ "Encounter" ]
                                 } ]
                              }, {
                                 "value" : [ "." ]
                              }, {
                                 "r" : "42",
                                 "s" : [ {
                                    "value" : [ "relevantPeriod" ]
                                 } ]
                              } ]
                           }, {
                              "r" : "44",
                              "value" : [ " ","during"," " ]
                           }, {
                              "r" : "43",
                              "s" : [ {
                                 "value" : [ "\"Measurement Period\"" ]
                              } ]
                           } ]
                        } ]
                     } ]
                  } ]
               }
            } ],
            "expression" : {
               "localId" : "45",
               "locator" : "43:3-48:62",
               "type" : "Query",
               "source" : [ {
                  "localId" : "40",
                  "locator" : "43:3-47:62",
                  "alias" : "Encounter",
                  "expression" : {
                     "localId" : "39",
                     "locator" : "43:3-47:52",
                     "type" : "Union",
                     "operand" : [ {
                        "localId" : "37",
                        "locator" : "43:5-46:98",
                        "type" : "Union",
                        "operand" : [ {
                           "localId" : "33",
                           "locator" : "43:5-44:94",
                           "type" : "Union",
                           "operand" : [ {
                              "localId" : "31",
                              "locator" : "43:5-43:87",
                              "dataType" : "{urn:healthit-gov:qdm:v5_6}PositiveEncounterPerformed",
                              "templateId" : "PositiveEncounterPerformed",
                              "codeProperty" : "code",
                              "codeComparator" : "in",
                              "type" : "Retrieve",
                              "codes" : {
                                 "locator" : "43:30-43:86",
                                 "name" : "Preventive Care Services, Initial Office Visit, 0 to 17",
                                 "type" : "ValueSetRef"
                              }
                           }, {
                              "localId" : "32",
                              "locator" : "44:11-44:94",
                              "dataType" : "{urn:healthit-gov:qdm:v5_6}PositiveEncounterPerformed",
                              "templateId" : "PositiveEncounterPerformed",
                              "codeProperty" : "code",
                              "codeComparator" : "in",
                              "type" : "Retrieve",
                              "codes" : {
                                 "locator" : "44:36-44:93",
                                 "name" : "Preventive Care Services Initial Office Visit, 18 and Up",
                                 "type" : "ValueSetRef"
                              }
                           } ]
                        }, {
                           "type" : "Union",
                           "operand" : [ {
                              "localId" : "34",
                              "locator" : "45:11-45:88",
                              "dataType" : "{urn:healthit-gov:qdm:v5_6}PositiveEncounterPerformed",
                              "templateId" : "PositiveEncounterPerformed",
                              "codeProperty" : "code",
                              "codeComparator" : "in",
                              "type" : "Retrieve",
                              "codes" : {
                                 "locator" : "45:36-45:87",
                                 "name" : "Preventive Care, Established Office Visit, 0 to 17",
                                 "type" : "ValueSetRef"
                              }
                           }, {
                              "localId" : "36",
                              "locator" : "46:11-46:98",
                              "dataType" : "{urn:healthit-gov:qdm:v5_6}PositiveEncounterPerformed",
                              "templateId" : "PositiveEncounterPerformed",
                              "codeProperty" : "code",
                              "codeComparator" : "in",
                              "type" : "Retrieve",
                              "codes" : {
                                 "locator" : "46:36-46:97",
                                 "name" : "Preventive Care Services Established Office Visit, 18 and Up",
                                 "type" : "ValueSetRef"
                              }
                           } ]
                        } ]
                     }, {
                        "localId" : "38",
                        "locator" : "47:11-47:50",
                        "dataType" : "{urn:healthit-gov:qdm:v5_6}PositiveEncounterPerformed",
                        "templateId" : "PositiveEncounterPerformed",
                        "codeProperty" : "code",
                        "codeComparator" : "in",
                        "type" : "Retrieve",
                        "codes" : {
                           "locator" : "47:36-47:49",
                           "name" : "Office Visit",
                           "type" : "ValueSetRef"
                        }
                     } ]
                  }
               } ],
               "relationship" : [ ],
               "where" : {
                  "localId" : "44",
                  "locator" : "48:5-48:62",
                  "type" : "IncludedIn",
                  "operand" : [ {
                     "localId" : "42",
                     "locator" : "48:11-48:34",
                     "path" : "relevantPeriod",
                     "scope" : "Encounter",
                     "type" : "Property"
                  }, {
                     "localId" : "43",
                     "locator" : "48:43-48:62",
                     "name" : "Measurement Period",
                     "type" : "ParameterRef"
                  } ]
               }
            }
         }, {
            "localId" : "50",
            "locator" : "62:1-64:38",
            "name" : "Initial Population",
            "context" : "Patient",
            "accessLevel" : "Public",
            "annotation" : [ {
               "type" : "Annotation",
               "s" : {
                  "r" : "50",
                  "s" : [ {
                     "value" : [ "","define ","\"Initial Population\"",":\n  " ]
                  }, {
                     "r" : "49",
                     "s" : [ {
                        "r" : "30",
                        "s" : [ {
                           "r" : "26",
                           "s" : [ {
                              "value" : [ "AgeInYearsAt","(" ]
                           }, {
                              "r" : "25",
                              "s" : [ {
                                 "value" : [ "date from " ]
                              }, {
                                 "r" : "24",
                                 "s" : [ {
                                    "value" : [ "start of " ]
                                 }, {
                                    "r" : "23",
                                    "s" : [ {
                                       "value" : [ "\"Measurement Period\"" ]
                                    } ]
                                 } ]
                              } ]
                           }, {
                              "value" : [ ")" ]
                           } ]
                        }, {
                           "value" : [ "in " ]
                        }, {
                           "r" : "29",
                           "s" : [ {
                              "r" : "27",
                              "value" : [ "Interval[","15",", ","65","]" ]
                           } ]
                        } ]
                     }, {
                        "value" : [ "\n    and " ]
                     }, {
                        "r" : "48",
                        "s" : [ {
                           "value" : [ "exists " ]
                        }, {
                           "r" : "47",
                           "s" : [ {
                              "value" : [ "\"Qualifying Encounters\"" ]
                           } ]
                        } ]
                     } ]
                  } ]
               }
            } ],
            "expression" : {
               "localId" : "49",
               "locator" : "63:3-64:38",
               "type" : "And",
               "operand" : [ {
                  "localId" : "30",
                  "locator" : "63:3-63:74",
                  "type" : "In",
                  "operand" : [ {
                     "localId" : "26",
                     "locator" : "63:3-63:55",
                     "precision" : "Year",
                     "type" : "CalculateAgeAt",
                     "operand" : [ {
                        "type" : "ToDate",
                        "operand" : {
                           "path" : "birthDatetime",
                           "type" : "Property",
                           "source" : {
                              "name" : "Patient",
                              "type" : "ExpressionRef"
                           }
                        }
                     }, {
                        "localId" : "25",
                        "locator" : "63:16-63:54",
                        "type" : "DateFrom",
                        "operand" : {
                           "localId" : "24",
                           "locator" : "63:26-63:54",
                           "type" : "Start",
                           "operand" : {
                              "localId" : "23",
                              "locator" : "63:35-63:54",
                              "name" : "Measurement Period",
                              "type" : "ParameterRef"
                           }
                        }
                     } ]
                  }, {
                     "localId" : "29",
                     "locator" : "63:59-63:74",
                     "lowClosed" : true,
                     "highClosed" : true,
                     "type" : "Interval",
                     "low" : {
                        "localId" : "27",
                        "locator" : "63:68-63:69",
                        "valueType" : "{urn:hl7-org:elm-types:r1}Integer",
                        "value" : "15",
                        "type" : "Literal"
                     },
                     "high" : {
                        "localId" : "28",
                        "locator" : "63:72-63:73",
                        "valueType" : "{urn:hl7-org:elm-types:r1}Integer",
                        "value" : "65",
                        "type" : "Literal"
                     }
                  } ]
               }, {
                  "localId" : "48",
                  "locator" : "64:9-64:38",
                  "type" : "Exists",
                  "operand" : {
                     "localId" : "47",
                     "locator" : "64:16-64:38",
                     "name" : "Qualifying Encounters",
                     "type" : "ExpressionRef"
                  }
               } ]
            }
         }, {
            "localId" : "52",
            "locator" : "29:1-30:22",
            "name" : "Denominator",
            "context" : "Patient",
            "accessLevel" : "Public",
            "annotation" : [ {
               "type" : "Annotation",
               "s" : {
                  "r" : "52",
                  "s" : [ {
                     "value" : [ "","define ","\"Denominator\"",":\n  " ]
                  }, {
                     "r" : "51",
                     "s" : [ {
                        "value" : [ "\"Initial Population\"" ]
                     } ]
                  } ]
               }
            } ],
            "expression" : {
               "localId" : "51",
               "locator" : "30:3-30:22",
               "name" : "Initial Population",
               "type" : "ExpressionRef"
            }
         }, {
            "localId" : "82",
            "locator" : "32:1-37:33",
            "name" : "Has HIV Test Performed",
            "context" : "Patient",
            "accessLevel" : "Public",
            "annotation" : [ {
               "type" : "Annotation",
               "s" : {
                  "r" : "82",
                  "s" : [ {
                     "value" : [ "","define ","\"Has HIV Test Performed\"",":\n  " ]
                  }, {
                     "r" : "81",
                     "s" : [ {
                        "value" : [ "exists " ]
                     }, {
                        "r" : "80",
                        "s" : [ {
                           "s" : [ {
                              "r" : "56",
                              "s" : [ {
                                 "r" : "55",
                                 "s" : [ {
                                    "value" : [ "( " ]
                                 }, {
                                    "r" : "55",
                                    "s" : [ {
                                       "r" : "53",
                                       "s" : [ {
                                          "value" : [ "[","\"Laboratory Test, Performed\"",": " ]
                                       }, {
                                          "s" : [ {
                                             "value" : [ "\"HIV Lab Tests\"" ]
                                          } ]
                                       }, {
                                          "value" : [ "]" ]
                                       } ]
                                    }, {
                                       "value" : [ "\n    union " ]
                                    }, {
                                       "r" : "54",
                                       "s" : [ {
                                          "value" : [ "[","\"Laboratory Test, Performed\"",": " ]
                                       }, {
                                          "s" : [ {
                                             "value" : [ "\"HIV 1 and 2 tests - Meaningful Use set\"" ]
                                          } ]
                                       }, {
                                          "value" : [ "]" ]
                                       } ]
                                    } ]
                                 }, {
                                    "value" : [ " )" ]
                                 } ]
                              }, {
                                 "value" : [ " ","HIVTest" ]
                              } ]
                           } ]
                        }, {
                           "value" : [ "\n    " ]
                        }, {
                           "r" : "79",
                           "s" : [ {
                              "value" : [ "where " ]
                           }, {
                              "r" : "79",
                              "s" : [ {
                                 "r" : "69",
                                 "s" : [ {
                                    "r" : "65",
                                    "s" : [ {
                                       "value" : [ "AgeInYearsAt","(" ]
                                    }, {
                                       "r" : "64",
                                       "s" : [ {
                                          "value" : [ "date from " ]
                                       }, {
                                          "r" : "63",
                                          "s" : [ {
                                             "value" : [ "start of " ]
                                          }, {
                                             "r" : "62",
                                             "s" : [ {
                                                "r" : "57",
                                                "s" : [ {
                                                   "value" : [ "Global" ]
                                                } ]
                                             }, {
                                                "value" : [ "." ]
                                             }, {
                                                "r" : "62",
                                                "s" : [ {
                                                   "value" : [ "\"NormalizeInterval\"","(" ]
                                                }, {
                                                   "r" : "59",
                                                   "s" : [ {
                                                      "r" : "58",
                                                      "s" : [ {
                                                         "value" : [ "HIVTest" ]
                                                      } ]
                                                   }, {
                                                      "value" : [ "." ]
                                                   }, {
                                                      "r" : "59",
                                                      "s" : [ {
                                                         "value" : [ "relevantDatetime" ]
                                                      } ]
                                                   } ]
                                                }, {
                                                   "value" : [ ", " ]
                                                }, {
                                                   "r" : "61",
                                                   "s" : [ {
                                                      "r" : "60",
                                                      "s" : [ {
                                                         "value" : [ "HIVTest" ]
                                                      } ]
                                                   }, {
                                                      "value" : [ "." ]
                                                   }, {
                                                      "r" : "61",
                                                      "s" : [ {
                                                         "value" : [ "relevantPeriod" ]
                                                      } ]
                                                   } ]
                                                }, {
                                                   "value" : [ ")" ]
                                                } ]
                                             } ]
                                          } ]
                                       } ]
                                    }, {
                                       "value" : [ ")" ]
                                    } ]
                                 }, {
                                    "value" : [ "in " ]
                                 }, {
                                    "r" : "68",
                                    "s" : [ {
                                       "r" : "66",
                                       "value" : [ "Interval[","15",", ","65","]" ]
                                    } ]
                                 } ]
                              }, {
                                 "value" : [ "\n      and " ]
                              }, {
                                 "r" : "78",
                                 "s" : [ {
                                    "r" : "75",
                                    "s" : [ {
                                       "r" : "70",
                                       "s" : [ {
                                          "value" : [ "Global" ]
                                       } ]
                                    }, {
                                       "value" : [ "." ]
                                    }, {
                                       "r" : "75",
                                       "s" : [ {
                                          "value" : [ "\"NormalizeInterval\""," ( " ]
                                       }, {
                                          "r" : "72",
                                          "s" : [ {
                                             "r" : "71",
                                             "s" : [ {
                                                "value" : [ "HIVTest" ]
                                             } ]
                                          }, {
                                             "value" : [ "." ]
                                          }, {
                                             "r" : "72",
                                             "s" : [ {
                                                "value" : [ "relevantDatetime" ]
                                             } ]
                                          } ]
                                       }, {
                                          "value" : [ ", " ]
                                       }, {
                                          "r" : "74",
                                          "s" : [ {
                                             "r" : "73",
                                             "s" : [ {
                                                "value" : [ "HIVTest" ]
                                             } ]
                                          }, {
                                             "value" : [ "." ]
                                          }, {
                                             "r" : "74",
                                             "s" : [ {
                                                "value" : [ "relevantPeriod" ]
                                             } ]
                                          } ]
                                       }, {
                                          "value" : [ " )" ]
                                       } ]
                                    } ]
                                 }, {
                                    "r" : "78",
                                    "value" : [ " ","starts before"," \n      " ]
                                 }, {
                                    "r" : "77",
                                    "s" : [ {
                                       "value" : [ "end of " ]
                                    }, {
                                       "r" : "76",
                                       "s" : [ {
                                          "value" : [ "\"Measurement Period\"" ]
                                       } ]
                                    } ]
                                 } ]
                              } ]
                           } ]
                        } ]
                     } ]
                  } ]
               }
            } ],
            "expression" : {
               "localId" : "81",
               "locator" : "33:3-37:33",
               "type" : "Exists",
               "operand" : {
                  "localId" : "80",
                  "locator" : "33:10-37:33",
                  "type" : "Query",
                  "source" : [ {
                     "localId" : "56",
                     "locator" : "33:10-34:92",
                     "alias" : "HIVTest",
                     "expression" : {
                        "localId" : "55",
                        "locator" : "33:10-34:84",
                        "type" : "Union",
                        "operand" : [ {
                           "localId" : "53",
                           "locator" : "33:12-33:58",
                           "dataType" : "{urn:healthit-gov:qdm:v5_6}PositiveLaboratoryTestPerformed",
                           "templateId" : "PositiveLaboratoryTestPerformed",
                           "codeProperty" : "code",
                           "codeComparator" : "in",
                           "type" : "Retrieve",
                           "codes" : {
                              "locator" : "33:43-33:57",
                              "name" : "HIV Lab Tests",
                              "type" : "ValueSetRef"
                           }
                        }, {
                           "localId" : "54",
                           "locator" : "34:11-34:82",
                           "dataType" : "{urn:healthit-gov:qdm:v5_6}PositiveLaboratoryTestPerformed",
                           "templateId" : "PositiveLaboratoryTestPerformed",
                           "codeProperty" : "code",
                           "codeComparator" : "~",
                           "type" : "Retrieve",
                           "codes" : {
                              "type" : "ToList",
                              "operand" : {
                                 "locator" : "34:42-34:81",
                                 "name" : "HIV 1 and 2 tests - Meaningful Use set",
                                 "type" : "CodeRef"
                              }
                           }
                        } ]
                     }
                  } ],
                  "relationship" : [ ],
                  "where" : {
                     "localId" : "79",
                     "locator" : "35:5-37:33",
                     "type" : "And",
                     "operand" : [ {
                        "localId" : "69",
                        "locator" : "35:11-35:138",
                        "type" : "In",
                        "operand" : [ {
                           "localId" : "65",
                           "locator" : "35:11-35:119",
                           "precision" : "Year",
                           "type" : "CalculateAgeAt",
                           "operand" : [ {
                              "type" : "ToDate",
                              "operand" : {
                                 "path" : "birthDatetime",
                                 "type" : "Property",
                                 "source" : {
                                    "name" : "Patient",
                                    "type" : "ExpressionRef"
                                 }
                              }
                           }, {
                              "localId" : "64",
                              "locator" : "35:24-35:118",
                              "type" : "DateFrom",
                              "operand" : {
                                 "localId" : "63",
                                 "locator" : "35:34-35:118",
                                 "type" : "Start",
                                 "operand" : {
                                    "localId" : "62",
                                    "locator" : "35:43-35:118",
                                    "name" : "NormalizeInterval",
                                    "libraryName" : "Global",
                                    "type" : "FunctionRef",
                                    "operand" : [ {
                                       "localId" : "59",
                                       "locator" : "35:70-35:93",
                                       "path" : "relevantDatetime",
                                       "scope" : "HIVTest",
                                       "type" : "Property"
                                    }, {
                                       "localId" : "61",
                                       "locator" : "35:96-35:117",
                                       "path" : "relevantPeriod",
                                       "scope" : "HIVTest",
                                       "type" : "Property"
                                    } ]
                                 }
                              }
                           } ]
                        }, {
                           "localId" : "68",
                           "locator" : "35:123-35:138",
                           "lowClosed" : true,
                           "highClosed" : true,
                           "type" : "Interval",
                           "low" : {
                              "localId" : "66",
                              "locator" : "35:132-35:133",
                              "valueType" : "{urn:hl7-org:elm-types:r1}Integer",
                              "value" : "15",
                              "type" : "Literal"
                           },
                           "high" : {
                              "localId" : "67",
                              "locator" : "35:136-35:137",
                              "valueType" : "{urn:hl7-org:elm-types:r1}Integer",
                              "value" : "65",
                              "type" : "Literal"
                           }
                        } ]
                     }, {
                        "localId" : "78",
                        "locator" : "36:11-37:33",
                        "type" : "Before",
                        "operand" : [ {
                           "locator" : "36:91-36:96",
                           "type" : "Start",
                           "operand" : {
                              "localId" : "75",
                              "locator" : "36:11-36:89",
                              "name" : "NormalizeInterval",
                              "libraryName" : "Global",
                              "type" : "FunctionRef",
                              "operand" : [ {
                                 "localId" : "72",
                                 "locator" : "36:40-36:63",
                                 "path" : "relevantDatetime",
                                 "scope" : "HIVTest",
                                 "type" : "Property"
                              }, {
                                 "localId" : "74",
                                 "locator" : "36:66-36:87",
                                 "path" : "relevantPeriod",
                                 "scope" : "HIVTest",
                                 "type" : "Property"
                              } ]
                           }
                        }, {
                           "localId" : "77",
                           "locator" : "37:7-37:33",
                           "type" : "End",
                           "operand" : {
                              "localId" : "76",
                              "locator" : "37:14-37:33",
                              "name" : "Measurement Period",
                              "type" : "ParameterRef"
                           }
                        } ]
                     } ]
                  }
               }
            }
         }, {
            "localId" : "84",
            "locator" : "39:1-40:30",
            "name" : "Numerator",
            "context" : "Patient",
            "accessLevel" : "Public",
            "annotation" : [ {
               "type" : "Annotation",
               "s" : {
                  "r" : "84",
                  "s" : [ {
                     "value" : [ "","define ","\"Numerator\"",":\n  " ]
                  }, {
                     "r" : "83",
                     "s" : [ {
                        "value" : [ "( " ]
                     }, {
                        "r" : "83",
                        "s" : [ {
                           "value" : [ "\"Has HIV Test Performed\"" ]
                        } ]
                     }, {
                        "value" : [ " )" ]
                     } ]
                  } ]
               }
            } ],
            "expression" : {
               "localId" : "83",
               "locator" : "40:3-40:30",
               "name" : "Has HIV Test Performed",
               "type" : "ExpressionRef"
            }
         }, {
            "localId" : "86",
            "locator" : "50:1-51:51",
            "name" : "SDE Ethnicity",
            "context" : "Patient",
            "accessLevel" : "Public",
            "annotation" : [ {
               "type" : "Annotation",
               "s" : {
                  "r" : "86",
                  "s" : [ {
                     "value" : [ "","define ","\"SDE Ethnicity\"",":\n  " ]
                  }, {
                     "r" : "85",
                     "s" : [ {
                        "value" : [ "[","\"Patient Characteristic Ethnicity\"",": " ]
                     }, {
                        "s" : [ {
                           "value" : [ "\"Ethnicity\"" ]
                        } ]
                     }, {
                        "value" : [ "]" ]
                     } ]
                  } ]
               }
            } ],
            "expression" : {
               "localId" : "85",
               "locator" : "51:3-51:51",
               "dataType" : "{urn:healthit-gov:qdm:v5_6}PatientCharacteristicEthnicity",
               "codeProperty" : "code",
               "codeComparator" : "in",
               "type" : "Retrieve",
               "codes" : {
                  "locator" : "51:40-51:50",
                  "name" : "Ethnicity",
                  "type" : "ValueSetRef"
               }
            }
         }, {
            "localId" : "88",
            "locator" : "53:1-54:43",
            "name" : "SDE Payer",
            "context" : "Patient",
            "accessLevel" : "Public",
            "annotation" : [ {
               "type" : "Annotation",
               "s" : {
                  "r" : "88",
                  "s" : [ {
                     "value" : [ "","define ","\"SDE Payer\"",":\n  " ]
                  }, {
                     "r" : "87",
                     "s" : [ {
                        "value" : [ "[","\"Patient Characteristic Payer\"",": " ]
                     }, {
                        "s" : [ {
                           "value" : [ "\"Payer\"" ]
                        } ]
                     }, {
                        "value" : [ "]" ]
                     } ]
                  } ]
               }
            } ],
            "expression" : {
               "localId" : "87",
               "locator" : "54:3-54:43",
               "dataType" : "{urn:healthit-gov:qdm:v5_6}PatientCharacteristicPayer",
               "codeProperty" : "code",
               "codeComparator" : "in",
               "type" : "Retrieve",
               "codes" : {
                  "locator" : "54:36-54:42",
                  "name" : "Payer",
                  "type" : "ValueSetRef"
               }
            }
         }, {
            "localId" : "90",
            "locator" : "56:1-57:41",
            "name" : "SDE Race",
            "context" : "Patient",
            "accessLevel" : "Public",
            "annotation" : [ {
               "type" : "Annotation",
               "s" : {
                  "r" : "90",
                  "s" : [ {
                     "value" : [ "","define ","\"SDE Race\"",":\n  " ]
                  }, {
                     "r" : "89",
                     "s" : [ {
                        "value" : [ "[","\"Patient Characteristic Race\"",": " ]
                     }, {
                        "s" : [ {
                           "value" : [ "\"Race\"" ]
                        } ]
                     }, {
                        "value" : [ "]" ]
                     } ]
                  } ]
               }
            } ],
            "expression" : {
               "localId" : "89",
               "locator" : "57:3-57:41",
               "dataType" : "{urn:healthit-gov:qdm:v5_6}PatientCharacteristicRace",
               "codeProperty" : "code",
               "codeComparator" : "in",
               "type" : "Retrieve",
               "codes" : {
                  "locator" : "57:35-57:40",
                  "name" : "Race",
                  "type" : "ValueSetRef"
               }
            }
         }, {
            "localId" : "92",
            "locator" : "59:1-60:58",
            "name" : "SDE Sex",
            "context" : "Patient",
            "accessLevel" : "Public",
            "annotation" : [ {
               "type" : "Annotation",
               "s" : {
                  "r" : "92",
                  "s" : [ {
                     "value" : [ "","define ","\"SDE Sex\"",":\n  " ]
                  }, {
                     "r" : "91",
                     "s" : [ {
                        "value" : [ "[","\"Patient Characteristic Sex\"",": " ]
                     }, {
                        "s" : [ {
                           "value" : [ "\"ONC Administrative Sex\"" ]
                        } ]
                     }, {
                        "value" : [ "]" ]
                     } ]
                  } ]
               }
            } ],
            "expression" : {
               "localId" : "91",
               "locator" : "60:3-60:58",
               "dataType" : "{urn:healthit-gov:qdm:v5_6}PatientCharacteristicSex",
               "codeProperty" : "code",
               "codeComparator" : "in",
               "type" : "Retrieve",
               "codes" : {
                  "locator" : "60:34-60:57",
                  "name" : "ONC Administrative Sex",
                  "type" : "ValueSetRef"
               }
            }
         }, {
            "localId" : "102",
            "locator" : "66:1-69:3",
            "name" : "Denominator Exclusions",
            "context" : "Patient",
            "accessLevel" : "Public",
            "annotation" : [ {
               "type" : "Annotation",
               "s" : {
                  "r" : "102",
                  "s" : [ {
                     "value" : [ "","define ","\"Denominator Exclusions\"",":\n  " ]
                  }, {
                     "r" : "101",
                     "s" : [ {
                        "value" : [ "exists " ]
                     }, {
                        "r" : "100",
                        "s" : [ {
                           "value" : [ "( " ]
                        }, {
                           "r" : "100",
                           "s" : [ {
                              "s" : [ {
                                 "r" : "94",
                                 "s" : [ {
                                    "r" : "93",
                                    "s" : [ {
                                       "r" : "93",
                                       "s" : [ {
                                          "value" : [ "[","\"Diagnosis\"",": " ]
                                       }, {
                                          "s" : [ {
                                             "value" : [ "\"HIV\"" ]
                                          } ]
                                       }, {
                                          "value" : [ "]" ]
                                       } ]
                                    } ]
                                 }, {
                                    "value" : [ " ","HIV" ]
                                 } ]
                              } ]
                           }, {
                              "value" : [ "\n      " ]
                           }, {
                              "r" : "99",
                              "s" : [ {
                                 "value" : [ "where " ]
                              }, {
                                 "r" : "99",
                                 "s" : [ {
                                    "r" : "96",
                                    "s" : [ {
                                       "r" : "95",
                                       "s" : [ {
                                          "value" : [ "HIV" ]
                                       } ]
                                    }, {
                                       "value" : [ "." ]
                                    }, {
                                       "r" : "96",
                                       "s" : [ {
                                          "value" : [ "prevalencePeriod" ]
                                       } ]
                                    } ]
                                 }, {
                                    "r" : "99",
                                    "value" : [ " ","starts before"," " ]
                                 }, {
                                    "r" : "98",
                                    "s" : [ {
                                       "value" : [ "start of " ]
                                    }, {
                                       "r" : "97",
                                       "s" : [ {
                                          "value" : [ "\"Measurement Period\"" ]
                                       } ]
                                    } ]
                                 } ]
                              } ]
                           } ]
                        }, {
                           "value" : [ "\n  )" ]
                        } ]
                     } ]
                  } ]
               }
            } ],
            "expression" : {
               "localId" : "101",
               "locator" : "67:3-69:3",
               "type" : "Exists",
               "operand" : {
                  "localId" : "100",
                  "locator" : "67:10-69:3",
                  "type" : "Query",
                  "source" : [ {
                     "localId" : "94",
                     "locator" : "67:12-67:35",
                     "alias" : "HIV",
                     "expression" : {
                        "localId" : "93",
                        "locator" : "67:12-67:31",
                        "dataType" : "{urn:healthit-gov:qdm:v5_6}Diagnosis",
                        "codeProperty" : "code",
                        "codeComparator" : "in",
                        "type" : "Retrieve",
                        "codes" : {
                           "locator" : "67:26-67:30",
                           "name" : "HIV",
                           "type" : "ValueSetRef"
                        }
                     }
                  } ],
                  "relationship" : [ ],
                  "where" : {
                     "localId" : "99",
                     "locator" : "68:7-68:76",
                     "type" : "Before",
                     "operand" : [ {
                        "locator" : "68:34-68:39",
                        "type" : "Start",
                        "operand" : {
                           "localId" : "96",
                           "locator" : "68:13-68:32",
                           "path" : "prevalencePeriod",
                           "scope" : "HIV",
                           "type" : "Property"
                        }
                     }, {
                        "localId" : "98",
                        "locator" : "68:48-68:76",
                        "type" : "Start",
                        "operand" : {
                           "localId" : "97",
                           "locator" : "68:57-68:76",
                           "name" : "Measurement Period",
                           "type" : "ParameterRef"
                        }
                     } ]
                  }
               }
            }
         }, {
            "localId" : "113",
            "locator" : "71:1-75:3",
            "name" : "Denominator Exception",
            "context" : "Patient",
            "accessLevel" : "Public",
            "annotation" : [ {
               "type" : "Annotation",
               "s" : {
                  "r" : "113",
                  "s" : [ {
                     "value" : [ "","define ","\"Denominator Exception\"",":\n  " ]
                  }, {
                     "r" : "112",
                     "s" : [ {
                        "value" : [ "exists " ]
                     }, {
                        "r" : "111",
                        "s" : [ {
                           "value" : [ "( " ]
                        }, {
                           "r" : "111",
                           "s" : [ {
                              "s" : [ {
                                 "r" : "104",
                                 "s" : [ {
                                    "r" : "103",
                                    "s" : [ {
                                       "r" : "103",
                                       "s" : [ {
                                          "value" : [ "[","\"Patient Characteristic Expired\"",": " ]
                                       }, {
                                          "s" : [ {
                                             "value" : [ "\"Dead (finding)\"" ]
                                          } ]
                                       }, {
                                          "value" : [ "]" ]
                                       } ]
                                    } ]
                                 }, {
                                    "value" : [ " ","Deceased" ]
                                 } ]
                              } ]
                           }, {
                              "value" : [ "\n      " ]
                           }, {
                              "r" : "110",
                              "s" : [ {
                                 "value" : [ "where " ]
                              }, {
                                 "r" : "110",
                                 "s" : [ {
                                    "r" : "107",
                                    "s" : [ {
                                       "value" : [ "ToDate","(" ]
                                    }, {
                                       "r" : "106",
                                       "s" : [ {
                                          "r" : "105",
                                          "s" : [ {
                                             "value" : [ "Deceased" ]
                                          } ]
                                       }, {
                                          "value" : [ "." ]
                                       }, {
                                          "r" : "106",
                                          "s" : [ {
                                             "value" : [ "expiredDatetime" ]
                                          } ]
                                       } ]
                                    }, {
                                       "value" : [ ")" ]
                                    } ]
                                 }, {
                                    "r" : "110",
                                    "value" : [ "occurs on or before"," \n      " ]
                                 }, {
                                    "r" : "109",
                                    "s" : [ {
                                       "value" : [ "end of " ]
                                    }, {
                                       "r" : "108",
                                       "s" : [ {
                                          "value" : [ "\"Measurement Period\"" ]
                                       } ]
                                    } ]
                                 } ]
                              } ]
                           } ]
                        }, {
                           "value" : [ "\n  )" ]
                        } ]
                     } ]
                  } ]
               }
            } ],
            "expression" : {
               "localId" : "112",
               "locator" : "72:3-75:3",
               "type" : "Exists",
               "operand" : {
                  "localId" : "111",
                  "locator" : "72:10-75:3",
                  "type" : "Query",
                  "source" : [ {
                     "localId" : "104",
                     "locator" : "72:12-72:72",
                     "alias" : "Deceased",
                     "expression" : {
                        "localId" : "103",
                        "locator" : "72:12-72:63",
                        "dataType" : "{urn:healthit-gov:qdm:v5_6}PatientCharacteristicExpired",
                        "codeProperty" : "code",
                        "codeComparator" : "~",
                        "type" : "Retrieve",
                        "codes" : {
                           "type" : "ToList",
                           "operand" : {
                              "locator" : "72:47-72:62",
                              "name" : "Dead (finding)",
                              "type" : "CodeRef"
                           }
                        }
                     }
                  } ],
                  "relationship" : [ ],
                  "where" : {
                     "localId" : "110",
                     "locator" : "73:7-74:33",
                     "type" : "SameOrBefore",
                     "operand" : [ {
                        "type" : "ToDateTime",
                        "operand" : {
                           "localId" : "107",
                           "locator" : "73:13-73:44",
                           "type" : "ToDate",
                           "operand" : {
                              "localId" : "106",
                              "locator" : "73:20-73:43",
                              "path" : "expiredDatetime",
                              "scope" : "Deceased",
                              "type" : "Property"
                           }
                        }
                     }, {
                        "localId" : "109",
                        "locator" : "74:7-74:33",
                        "type" : "End",
                        "operand" : {
                           "localId" : "108",
                           "locator" : "74:14-74:33",
                           "name" : "Measurement Period",
                           "type" : "ParameterRef"
                        }
                     } ]
                  }
               }
            }
         } ]
      }
   }
}