{
   "library" : {
      "localId" : "0",
      "annotation" : [ {
         "translatorVersion" : "3.14.0",
         "translatorOptions" : "EnableAnnotations,EnableLocators,EnableResultTypes,EnableDetailedErrors,DisableListDemotion,DisableListPromotion",
         "signatureLevel" : "None",
         "type" : "CqlToElmInfo"
      }, {
         "type" : "Annotation",
         "s" : {
            "r" : "234",
            "s" : [ {
               "value" : [ "","library HospiceQDM version '7.0.000'" ]
            } ]
         }
      } ],
      "identifier" : {
         "id" : "HospiceQDM",
         "version" : "7.0.000"
      },
      "schemaIdentifier" : {
         "id" : "urn:hl7-org:elm",
         "version" : "r1"
      },
      "usings" : {
         "def" : [ {
            "localId" : "1",
            "localIdentifier" : "System",
            "uri" : "urn:hl7-org:elm-types:r1"
         }, {
            "localId" : "206",
            "locator" : "3:1-3:23",
            "localIdentifier" : "QDM",
            "uri" : "urn:healthit-gov:qdm:v5_6",
            "version" : "5.6",
            "annotation" : [ {
               "type" : "Annotation",
               "s" : {
                  "r" : "206",
                  "s" : [ {
                     "value" : [ "","using " ]
                  }, {
                     "s" : [ {
                        "value" : [ "QDM" ]
                     } ]
                  }, {
                     "value" : [ " version '5.6'" ]
                  } ]
               }
            } ]
         } ]
      },
      "includes" : {
         "def" : [ {
            "localId" : "207",
            "locator" : "5:1-5:52",
            "localIdentifier" : "Global",
            "path" : "CQMCommonQDM",
            "version" : "9.0.000",
            "annotation" : [ {
               "type" : "Annotation",
               "s" : {
                  "r" : "207",
                  "s" : [ {
                     "value" : [ "","include " ]
                  }, {
                     "s" : [ {
                        "value" : [ "CQMCommonQDM" ]
                     } ]
                  }, {
                     "value" : [ " version ","'9.0.000'"," called ","Global" ]
                  } ]
               }
            } ]
         } ]
      },
      "parameters" : {
         "def" : [ {
            "localId" : "222",
            "locator" : "20:1-20:49",
            "name" : "Measurement Period",
            "accessLevel" : "Public",
            "annotation" : [ {
               "type" : "Annotation",
               "s" : {
                  "r" : "222",
                  "s" : [ {
                     "value" : [ "","parameter ","\"Measurement Period\""," " ]
                  }, {
                     "r" : "223",
                     "s" : [ {
                        "value" : [ "Interval<" ]
                     }, {
                        "r" : "224",
                        "s" : [ {
                           "value" : [ "DateTime" ]
                        } ]
                     }, {
                        "value" : [ ">" ]
                     } ]
                  } ]
               }
            } ],
            "resultTypeSpecifier" : {
               "localId" : "227",
               "type" : "IntervalTypeSpecifier",
               "pointType" : {
                  "localId" : "228",
                  "name" : "{urn:hl7-org:elm-types:r1}DateTime",
                  "type" : "NamedTypeSpecifier"
               }
            },
            "parameterTypeSpecifier" : {
               "localId" : "223",
               "locator" : "20:32-20:49",
               "type" : "IntervalTypeSpecifier",
               "resultTypeSpecifier" : {
                  "localId" : "225",
                  "type" : "IntervalTypeSpecifier",
                  "pointType" : {
                     "localId" : "226",
                     "name" : "{urn:hl7-org:elm-types:r1}DateTime",
                     "type" : "NamedTypeSpecifier"
                  }
               },
               "pointType" : {
                  "localId" : "224",
                  "locator" : "20:41-20:48",
                  "resultTypeName" : "{urn:hl7-org:elm-types:r1}DateTime",
                  "name" : "{urn:hl7-org:elm-types:r1}DateTime",
                  "type" : "NamedTypeSpecifier"
               }
            }
         } ]
      },
      "codeSystems" : {
         "def" : [ {
            "localId" : "208",
            "locator" : "7:1-7:55",
            "resultTypeName" : "{urn:hl7-org:elm-types:r1}CodeSystem",
            "name" : "SNOMEDCT",
            "id" : "urn:oid:2.16.840.1.113883.6.96",
            "accessLevel" : "Public",
            "annotation" : [ {
               "type" : "Annotation",
               "s" : {
                  "r" : "208",
                  "s" : [ {
                     "value" : [ "","codesystem ","\"SNOMEDCT\"",": ","'urn:oid:2.16.840.1.113883.6.96'" ]
                  } ]
               }
            } ]
         }, {
            "localId" : "209",
            "locator" : "8:1-8:51",
            "resultTypeName" : "{urn:hl7-org:elm-types:r1}CodeSystem",
            "name" : "LOINC",
            "id" : "urn:oid:2.16.840.1.113883.6.1",
            "accessLevel" : "Public",
            "annotation" : [ {
               "type" : "Annotation",
               "s" : {
                  "r" : "209",
                  "s" : [ {
                     "value" : [ "","codesystem ","\"LOINC\"",": ","'urn:oid:2.16.840.1.113883.6.1'" ]
                  } ]
               }
            } ]
         } ]
      },
      "valueSets" : {
         "def" : [ {
            "localId" : "210",
            "locator" : "10:1-10:71",
            "resultTypeName" : "{urn:hl7-org:elm-types:r1}ValueSet",
            "name" : "Encounter Inpatient",
            "id" : "urn:oid:2.16.840.1.113883.3.666.5.307",
            "accessLevel" : "Public",
            "annotation" : [ {
               "type" : "Annotation",
               "s" : {
                  "r" : "210",
                  "s" : [ {
                     "value" : [ "","valueset ","\"Encounter Inpatient\"",": ","'urn:oid:2.16.840.1.113883.3.666.5.307'" ]
                  } ]
               }
            } ],
            "codeSystem" : [ ]
         }, {
            "localId" : "211",
            "locator" : "11:1-11:76",
            "resultTypeName" : "{urn:hl7-org:elm-types:r1}ValueSet",
            "name" : "Hospice Care Ambulatory",
            "id" : "urn:oid:2.16.840.1.113883.3.526.3.1584",
            "accessLevel" : "Public",
            "annotation" : [ {
               "type" : "Annotation",
               "s" : {
                  "r" : "211",
                  "s" : [ {
                     "value" : [ "","valueset ","\"Hospice Care Ambulatory\"",": ","'urn:oid:2.16.840.1.113883.3.526.3.1584'" ]
                  } ]
               }
            } ],
            "codeSystem" : [ ]
         }, {
            "localId" : "212",
            "locator" : "12:1-12:73",
            "resultTypeName" : "{urn:hl7-org:elm-types:r1}ValueSet",
            "name" : "Hospice Diagnosis",
            "id" : "urn:oid:2.16.840.1.113883.3.464.1003.1165",
            "accessLevel" : "Public",
            "annotation" : [ {
               "type" : "Annotation",
               "s" : {
                  "r" : "212",
                  "s" : [ {
                     "value" : [ "","valueset ","\"Hospice Diagnosis\"",": ","'urn:oid:2.16.840.1.113883.3.464.1003.1165'" ]
                  } ]
               }
            } ],
            "codeSystem" : [ ]
         }, {
            "localId" : "213",
            "locator" : "13:1-13:73",
            "resultTypeName" : "{urn:hl7-org:elm-types:r1}ValueSet",
            "name" : "Hospice Encounter",
            "id" : "urn:oid:2.16.840.1.113883.3.464.1003.1003",
            "accessLevel" : "Public",
            "annotation" : [ {
               "type" : "Annotation",
               "s" : {
                  "r" : "213",
                  "s" : [ {
                     "value" : [ "","valueset ","\"Hospice Encounter\"",": ","'urn:oid:2.16.840.1.113883.3.464.1003.1003'" ]
                  } ]
               }
            } ],
            "codeSystem" : [ ]
         } ]
      },
      "codes" : {
         "def" : [ {
            "localId" : "214",
            "locator" : "15:1-15:175",
            "resultTypeName" : "{urn:hl7-org:elm-types:r1}Code",
            "name" : "Discharge to healthcare facility for hospice care (procedure)",
            "id" : "428371000124100",
            "display" : "Discharge to healthcare facility for hospice care (procedure)",
            "accessLevel" : "Public",
            "annotation" : [ {
               "type" : "Annotation",
               "s" : {
                  "r" : "214",
                  "s" : [ {
                     "value" : [ "","code ","\"Discharge to healthcare facility for hospice care (procedure)\"",": ","'428371000124100'"," from " ]
                  }, {
                     "r" : "215",
                     "s" : [ {
                        "value" : [ "\"SNOMEDCT\"" ]
                     } ]
                  }, {
                     "value" : [ " display ","'Discharge to healthcare facility for hospice care (procedure)'" ]
                  } ]
               }
            } ],
            "codeSystem" : {
               "localId" : "215",
               "locator" : "15:94-15:103",
               "resultTypeName" : "{urn:hl7-org:elm-types:r1}CodeSystem",
               "name" : "SNOMEDCT"
            }
         }, {
            "localId" : "216",
            "locator" : "16:1-16:145",
            "resultTypeName" : "{urn:hl7-org:elm-types:r1}Code",
            "name" : "Discharge to home for hospice care (procedure)",
            "id" : "428361000124107",
            "display" : "Discharge to home for hospice care (procedure)",
            "accessLevel" : "Public",
            "annotation" : [ {
               "type" : "Annotation",
               "s" : {
                  "r" : "216",
                  "s" : [ {
                     "value" : [ "","code ","\"Discharge to home for hospice care (procedure)\"",": ","'428361000124107'"," from " ]
                  }, {
                     "r" : "217",
                     "s" : [ {
                        "value" : [ "\"SNOMEDCT\"" ]
                     } ]
                  }, {
                     "value" : [ " display ","'Discharge to home for hospice care (procedure)'" ]
                  } ]
               }
            } ],
            "codeSystem" : {
               "localId" : "217",
               "locator" : "16:79-16:88",
               "resultTypeName" : "{urn:hl7-org:elm-types:r1}CodeSystem",
               "name" : "SNOMEDCT"
            }
         }, {
            "localId" : "218",
            "locator" : "17:1-17:104",
            "resultTypeName" : "{urn:hl7-org:elm-types:r1}Code",
            "name" : "Hospice care [Minimum Data Set]",
            "id" : "45755-6",
            "display" : "Hospice care [Minimum Data Set]",
            "accessLevel" : "Public",
            "annotation" : [ {
               "type" : "Annotation",
               "s" : {
                  "r" : "218",
                  "s" : [ {
                     "value" : [ "","code ","\"Hospice care [Minimum Data Set]\"",": ","'45755-6'"," from " ]
                  }, {
                     "r" : "219",
                     "s" : [ {
                        "value" : [ "\"LOINC\"" ]
                     } ]
                  }, {
                     "value" : [ " display ","'Hospice care [Minimum Data Set]'" ]
                  } ]
               }
            } ],
            "codeSystem" : {
               "localId" : "219",
               "locator" : "17:56-17:62",
               "resultTypeName" : "{urn:hl7-org:elm-types:r1}CodeSystem",
               "name" : "LOINC"
            }
         }, {
            "localId" : "220",
            "locator" : "18:1-18:89",
            "resultTypeName" : "{urn:hl7-org:elm-types:r1}Code",
            "name" : "Yes (qualifier value)",
            "id" : "373066001",
            "display" : "Yes (qualifier value)",
            "accessLevel" : "Public",
            "annotation" : [ {
               "type" : "Annotation",
               "s" : {
                  "r" : "220",
                  "s" : [ {
                     "value" : [ "","code ","\"Yes (qualifier value)\"",": ","'373066001'"," from " ]
                  }, {
                     "r" : "221",
                     "s" : [ {
                        "value" : [ "\"SNOMEDCT\"" ]
                     } ]
                  }, {
                     "value" : [ " display ","'Yes (qualifier value)'" ]
                  } ]
               }
            } ],
            "codeSystem" : {
               "localId" : "221",
               "locator" : "18:48-18:57",
               "resultTypeName" : "{urn:hl7-org:elm-types:r1}CodeSystem",
               "name" : "SNOMEDCT"
            }
         } ]
      },
      "contexts" : {
         "def" : [ {
            "localId" : "232",
            "locator" : "22:1-22:15",
            "name" : "Patient"
         } ]
      },
      "statements" : {
         "def" : [ {
            "localId" : "234",
            "locator" : "24:1-46:5",
            "resultTypeName" : "{urn:hl7-org:elm-types:r1}Boolean",
            "name" : "Has Hospice Services",
            "context" : "Patient",
            "accessLevel" : "Public",
            "annotation" : [ {
               "type" : "Annotation",
               "s" : {
                  "r" : "234",
                  "s" : [ {
                     "value" : [ "","define ","\"Has Hospice Services\"",":\n  " ]
                  }, {
                     "r" : "235",
                     "s" : [ {
                        "r" : "236",
                        "s" : [ {
                           "r" : "237",
                           "s" : [ {
                              "r" : "238",
                              "s" : [ {
                                 "r" : "239",
                                 "s" : [ {
                                    "r" : "240",
                                    "s" : [ {
                                       "value" : [ "exists " ]
                                    }, {
                                       "r" : "273",
                                       "s" : [ {
                                          "value" : [ "( " ]
                                       }, {
                                          "r" : "273",
                                          "s" : [ {
                                             "s" : [ {
                                                "r" : "241",
                                                "s" : [ {
                                                   "r" : "244",
                                                   "s" : [ {
                                                      "r" : "244",
                                                      "s" : [ {
                                                         "value" : [ "[","\"Encounter, Performed\"",": " ]
                                                      }, {
                                                         "s" : [ {
                                                            "value" : [ "\"Encounter Inpatient\"" ]
                                                         } ]
                                                      }, {
                                                         "value" : [ "]" ]
                                                      } ]
                                                   } ]
                                                }, {
                                                   "value" : [ " ","InpatientEncounter" ]
                                                } ]
                                             } ]
                                          }, {
                                             "value" : [ "\n      " ]
                                          }, {
                                             "r" : "252",
                                             "s" : [ {
                                                "value" : [ "where " ]
                                             }, {
                                                "r" : "252",
                                                "s" : [ {
                                                   "r" : "253",
                                                   "s" : [ {
                                                      "value" : [ "( " ]
                                                   }, {
                                                      "r" : "253",
                                                      "s" : [ {
                                                         "r" : "254",
                                                         "s" : [ {
                                                            "r" : "256",
                                                            "s" : [ {
                                                               "r" : "255",
                                                               "s" : [ {
                                                                  "value" : [ "InpatientEncounter" ]
                                                               } ]
                                                            }, {
                                                               "value" : [ "." ]
                                                            }, {
                                                               "r" : "256",
                                                               "s" : [ {
                                                                  "value" : [ "dischargeDisposition" ]
                                                               } ]
                                                            } ]
                                                         }, {
                                                            "value" : [ " ","~"," " ]
                                                         }, {
                                                            "r" : "257",
                                                            "s" : [ {
                                                               "value" : [ "\"Discharge to home for hospice care (procedure)\"" ]
                                                            } ]
                                                         } ]
                                                      }, {
                                                         "value" : [ "\n          or " ]
                                                      }, {
                                                         "r" : "258",
                                                         "s" : [ {
                                                            "r" : "260",
                                                            "s" : [ {
                                                               "r" : "259",
                                                               "s" : [ {
                                                                  "value" : [ "InpatientEncounter" ]
                                                               } ]
                                                            }, {
                                                               "value" : [ "." ]
                                                            }, {
                                                               "r" : "260",
                                                               "s" : [ {
                                                                  "value" : [ "dischargeDisposition" ]
                                                               } ]
                                                            } ]
                                                         }, {
                                                            "value" : [ " ","~"," " ]
                                                         }, {
                                                            "r" : "261",
                                                            "s" : [ {
                                                               "value" : [ "\"Discharge to healthcare facility for hospice care (procedure)\"" ]
                                                            } ]
                                                         } ]
                                                      } ]
                                                   }, {
                                                      "value" : [ "\n      )" ]
                                                   } ]
                                                }, {
                                                   "value" : [ "\n        and " ]
                                                }, {
                                                   "r" : "272",
                                                   "s" : [ {
                                                      "r" : "263",
                                                      "s" : [ {
                                                         "r" : "262",
                                                         "s" : [ {
                                                            "value" : [ "InpatientEncounter" ]
                                                         } ]
                                                      }, {
                                                         "value" : [ "." ]
                                                      }, {
                                                         "r" : "263",
                                                         "s" : [ {
                                                            "value" : [ "relevantPeriod" ]
                                                         } ]
                                                      } ]
                                                   }, {
                                                      "r" : "272",
                                                      "value" : [ " ","ends during day of"," " ]
                                                   }, {
                                                      "r" : "268",
                                                      "s" : [ {
                                                         "value" : [ "\"Measurement Period\"" ]
                                                      } ]
                                                   } ]
                                                } ]
                                             } ]
                                          } ]
                                       }, {
                                          "value" : [ "\n  )" ]
                                       } ]
                                    } ]
                                 }, {
                                    "value" : [ "\n    or " ]
                                 }, {
                                    "r" : "278",
                                    "s" : [ {
                                       "value" : [ "exists " ]
                                    }, {
                                       "r" : "300",
                                       "s" : [ {
                                          "value" : [ "( " ]
                                       }, {
                                          "r" : "300",
                                          "s" : [ {
                                             "s" : [ {
                                                "r" : "279",
                                                "s" : [ {
                                                   "r" : "282",
                                                   "s" : [ {
                                                      "r" : "282",
                                                      "s" : [ {
                                                         "value" : [ "[","\"Encounter, Performed\"",": " ]
                                                      }, {
                                                         "s" : [ {
                                                            "value" : [ "\"Hospice Encounter\"" ]
                                                         } ]
                                                      }, {
                                                         "value" : [ "]" ]
                                                      } ]
                                                   } ]
                                                }, {
                                                   "value" : [ " ","HospiceEncounter" ]
                                                } ]
                                             } ]
                                          }, {
                                             "value" : [ "\n        " ]
                                          }, {
                                             "r" : "299",
                                             "s" : [ {
                                                "value" : [ "where " ]
                                             }, {
                                                "r" : "299",
                                                "s" : [ {
                                                   "r" : "291",
                                                   "s" : [ {
                                                      "r" : "290",
                                                      "s" : [ {
                                                         "value" : [ "HospiceEncounter" ]
                                                      } ]
                                                   }, {
                                                      "value" : [ "." ]
                                                   }, {
                                                      "r" : "291",
                                                      "s" : [ {
                                                         "value" : [ "relevantPeriod" ]
                                                      } ]
                                                   } ]
                                                }, {
                                                   "r" : "299",
                                                   "value" : [ " ","overlaps day of"," " ]
                                                }, {
                                                   "r" : "296",
                                                   "s" : [ {
                                                      "value" : [ "\"Measurement Period\"" ]
                                                   } ]
                                                } ]
                                             } ]
                                          } ]
                                       }, {
                                          "value" : [ "\n    )" ]
                                       } ]
                                    } ]
                                 } ]
                              }, {
                                 "value" : [ "\n    or " ]
                              }, {
                                 "r" : "305",
                                 "s" : [ {
                                    "value" : [ "exists " ]
                                 }, {
                                    "r" : "358",
                                    "s" : [ {
                                       "value" : [ "( " ]
                                    }, {
                                       "r" : "358",
                                       "s" : [ {
                                          "s" : [ {
                                             "r" : "306",
                                             "s" : [ {
                                                "r" : "309",
                                                "s" : [ {
                                                   "r" : "309",
                                                   "s" : [ {
                                                      "value" : [ "[","\"Assessment, Performed\"",": " ]
                                                   }, {
                                                      "s" : [ {
                                                         "value" : [ "\"Hospice care [Minimum Data Set]\"" ]
                                                      } ]
                                                   }, {
                                                      "value" : [ "]" ]
                                                   } ]
                                                } ]
                                             }, {
                                                "value" : [ " ","HospiceAssessment" ]
                                             } ]
                                          } ]
                                       }, {
                                          "value" : [ "\n        " ]
                                       }, {
                                          "r" : "318",
                                          "s" : [ {
                                             "value" : [ "where " ]
                                          }, {
                                             "r" : "318",
                                             "s" : [ {
                                                "r" : "319",
                                                "s" : [ {
                                                   "r" : "321",
                                                   "s" : [ {
                                                      "r" : "320",
                                                      "s" : [ {
                                                         "value" : [ "HospiceAssessment" ]
                                                      } ]
                                                   }, {
                                                      "value" : [ "." ]
                                                   }, {
                                                      "r" : "321",
                                                      "s" : [ {
                                                         "value" : [ "result" ]
                                                      } ]
                                                   } ]
                                                }, {
                                                   "value" : [ " ","~"," " ]
                                                }, {
                                                   "r" : "338",
                                                   "s" : [ {
                                                      "value" : [ "\"Yes (qualifier value)\"" ]
                                                   } ]
                                                } ]
                                             }, {
                                                "value" : [ "\n          and " ]
                                             }, {
                                                "r" : "357",
                                                "s" : [ {
                                                   "r" : "349",
                                                   "s" : [ {
                                                      "r" : "340",
                                                      "s" : [ {
                                                         "value" : [ "Global" ]
                                                      } ]
                                                   }, {
                                                      "value" : [ "." ]
                                                   }, {
                                                      "r" : "349",
                                                      "s" : [ {
                                                         "value" : [ "\"NormalizeInterval\""," ( " ]
                                                      }, {
                                                         "r" : "342",
                                                         "s" : [ {
                                                            "r" : "341",
                                                            "s" : [ {
                                                               "value" : [ "HospiceAssessment" ]
                                                            } ]
                                                         }, {
                                                            "value" : [ "." ]
                                                         }, {
                                                            "r" : "342",
                                                            "s" : [ {
                                                               "value" : [ "relevantDatetime" ]
                                                            } ]
                                                         } ]
                                                      }, {
                                                         "value" : [ ", " ]
                                                      }, {
                                                         "r" : "344",
                                                         "s" : [ {
                                                            "r" : "343",
                                                            "s" : [ {
                                                               "value" : [ "HospiceAssessment" ]
                                                            } ]
                                                         }, {
                                                            "value" : [ "." ]
                                                         }, {
                                                            "r" : "344",
                                                            "s" : [ {
                                                               "value" : [ "relevantPeriod" ]
                                                            } ]
                                                         } ]
                                                      }, {
                                                         "value" : [ " )" ]
                                                      } ]
                                                   } ]
                                                }, {
                                                   "r" : "357",
                                                   "value" : [ " ","overlaps day of"," " ]
                                                }, {
                                                   "r" : "354",
                                                   "s" : [ {
                                                      "value" : [ "\"Measurement Period\"" ]
                                                   } ]
                                                } ]
                                             } ]
                                          } ]
                                       } ]
                                    }, {
                                       "value" : [ "\n    )" ]
                                    } ]
                                 } ]
                              } ]
                           }, {
                              "value" : [ "\n    or " ]
                           }, {
                              "r" : "363",
                              "s" : [ {
                                 "value" : [ "exists " ]
                              }, {
                                 "r" : "382",
                                 "s" : [ {
                                    "value" : [ "( " ]
                                 }, {
                                    "r" : "382",
                                    "s" : [ {
                                       "s" : [ {
                                          "r" : "364",
                                          "s" : [ {
                                             "r" : "367",
                                             "s" : [ {
                                                "r" : "367",
                                                "s" : [ {
                                                   "value" : [ "[","\"Intervention, Order\"",": " ]
                                                }, {
                                                   "s" : [ {
                                                      "value" : [ "\"Hospice Care Ambulatory\"" ]
                                                   } ]
                                                }, {
                                                   "value" : [ "]" ]
                                                } ]
                                             } ]
                                          }, {
                                             "value" : [ " ","HospiceOrder" ]
                                          } ]
                                       } ]
                                    }, {
                                       "value" : [ "\n        " ]
                                    }, {
                                       "r" : "381",
                                       "s" : [ {
                                          "value" : [ "where " ]
                                       }, {
                                          "r" : "381",
                                          "s" : [ {
                                             "r" : "376",
                                             "s" : [ {
                                                "r" : "375",
                                                "s" : [ {
                                                   "value" : [ "HospiceOrder" ]
                                                } ]
                                             }, {
                                                "value" : [ "." ]
                                             }, {
                                                "r" : "376",
                                                "s" : [ {
                                                   "value" : [ "authorDatetime" ]
                                                } ]
                                             } ]
                                          }, {
                                             "r" : "381",
                                             "value" : [ " ","during day of"," " ]
                                          }, {
                                             "r" : "377",
                                             "s" : [ {
                                                "value" : [ "\"Measurement Period\"" ]
                                             } ]
                                          } ]
                                       } ]
                                    } ]
                                 }, {
                                    "value" : [ "\n    )" ]
                                 } ]
                              } ]
                           } ]
                        }, {
                           "value" : [ "\n    or " ]
                        }, {
                           "r" : "387",
                           "s" : [ {
                              "value" : [ "exists " ]
                           }, {
                              "r" : "417",
                              "s" : [ {
                                 "value" : [ "( " ]
                              }, {
                                 "r" : "417",
                                 "s" : [ {
                                    "s" : [ {
                                       "r" : "388",
                                       "s" : [ {
                                          "r" : "391",
                                          "s" : [ {
                                             "r" : "391",
                                             "s" : [ {
                                                "value" : [ "[","\"Intervention, Performed\"",": " ]
                                             }, {
                                                "s" : [ {
                                                   "value" : [ "\"Hospice Care Ambulatory\"" ]
                                                } ]
                                             }, {
                                                "value" : [ "]" ]
                                             } ]
                                          } ]
                                       }, {
                                          "value" : [ " ","HospicePerformed" ]
                                       } ]
                                    } ]
                                 }, {
                                    "value" : [ "\n        " ]
                                 }, {
                                    "r" : "416",
                                    "s" : [ {
                                       "value" : [ "where " ]
                                    }, {
                                       "r" : "416",
                                       "s" : [ {
                                          "r" : "408",
                                          "s" : [ {
                                             "r" : "399",
                                             "s" : [ {
                                                "value" : [ "Global" ]
                                             } ]
                                          }, {
                                             "value" : [ "." ]
                                          }, {
                                             "r" : "408",
                                             "s" : [ {
                                                "value" : [ "\"NormalizeInterval\""," ( " ]
                                             }, {
                                                "r" : "401",
                                                "s" : [ {
                                                   "r" : "400",
                                                   "s" : [ {
                                                      "value" : [ "HospicePerformed" ]
                                                   } ]
                                                }, {
                                                   "value" : [ "." ]
                                                }, {
                                                   "r" : "401",
                                                   "s" : [ {
                                                      "value" : [ "relevantDatetime" ]
                                                   } ]
                                                } ]
                                             }, {
                                                "value" : [ ", " ]
                                             }, {
                                                "r" : "403",
                                                "s" : [ {
                                                   "r" : "402",
                                                   "s" : [ {
                                                      "value" : [ "HospicePerformed" ]
                                                   } ]
                                                }, {
                                                   "value" : [ "." ]
                                                }, {
                                                   "r" : "403",
                                                   "s" : [ {
                                                      "value" : [ "relevantPeriod" ]
                                                   } ]
                                                } ]
                                             }, {
                                                "value" : [ " )" ]
                                             } ]
                                          } ]
                                       }, {
                                          "r" : "416",
                                          "value" : [ " ","overlaps day of"," " ]
                                       }, {
                                          "r" : "413",
                                          "s" : [ {
                                             "value" : [ "\"Measurement Period\"" ]
                                          } ]
                                       } ]
                                    } ]
                                 } ]
                              }, {
                                 "value" : [ "\n    )" ]
                              } ]
                           } ]
                        } ]
                     }, {
                        "value" : [ "\n  or " ]
                     }, {
                        "r" : "422",
                        "s" : [ {
                           "value" : [ "exists " ]
                        }, {
                           "r" : "444",
                           "s" : [ {
                              "value" : [ "( " ]
                           }, {
                              "r" : "444",
                              "s" : [ {
                                 "s" : [ {
                                    "r" : "423",
                                    "s" : [ {
                                       "r" : "426",
                                       "s" : [ {
                                          "r" : "426",
                                          "s" : [ {
                                             "value" : [ "[","\"Diagnosis\"",": " ]
                                          }, {
                                             "s" : [ {
                                                "value" : [ "\"Hospice Diagnosis\"" ]
                                             } ]
                                          }, {
                                             "value" : [ "]" ]
                                          } ]
                                       } ]
                                    }, {
                                       "value" : [ " ","HospiceCareDiagnosis" ]
                                    } ]
                                 } ]
                              }, {
                                 "value" : [ "\n        " ]
                              }, {
                                 "r" : "443",
                                 "s" : [ {
                                    "value" : [ "where " ]
                                 }, {
                                    "r" : "443",
                                    "s" : [ {
                                       "r" : "435",
                                       "s" : [ {
                                          "r" : "434",
                                          "s" : [ {
                                             "value" : [ "HospiceCareDiagnosis" ]
                                          } ]
                                       }, {
                                          "value" : [ "." ]
                                       }, {
                                          "r" : "435",
                                          "s" : [ {
                                             "value" : [ "prevalencePeriod" ]
                                          } ]
                                       } ]
                                    }, {
                                       "r" : "443",
                                       "value" : [ " ","overlaps day of"," " ]
                                    }, {
                                       "r" : "440",
                                       "s" : [ {
                                          "value" : [ "\"Measurement Period\"" ]
                                       } ]
                                    } ]
                                 } ]
                              } ]
                           }, {
                              "value" : [ "\n    )" ]
                           } ]
                        } ]
                     } ]
                  } ]
               }
            } ],
            "expression" : {
               "localId" : "235",
               "locator" : "25:3-46:5",
               "resultTypeName" : "{urn:hl7-org:elm-types:r1}Boolean",
               "type" : "Or",
               "signature" : [ ],
               "operand" : [ {
                  "localId" : "236",
                  "locator" : "25:3-43:5",
                  "resultTypeName" : "{urn:hl7-org:elm-types:r1}Boolean",
                  "type" : "Or",
                  "signature" : [ ],
                  "operand" : [ {
                     "localId" : "237",
                     "locator" : "25:3-40:5",
                     "resultTypeName" : "{urn:hl7-org:elm-types:r1}Boolean",
                     "type" : "Or",
                     "signature" : [ ],
                     "operand" : [ {
                        "localId" : "238",
                        "locator" : "25:3-37:5",
                        "resultTypeName" : "{urn:hl7-org:elm-types:r1}Boolean",
                        "type" : "Or",
                        "signature" : [ ],
                        "operand" : [ {
                           "localId" : "239",
                           "locator" : "25:3-33:5",
                           "resultTypeName" : "{urn:hl7-org:elm-types:r1}Boolean",
                           "type" : "Or",
                           "signature" : [ ],
                           "operand" : [ {
                              "localId" : "240",
                              "locator" : "25:3-30:3",
                              "resultTypeName" : "{urn:hl7-org:elm-types:r1}Boolean",
                              "type" : "Exists",
                              "signature" : [ ],
                              "operand" : {
                                 "localId" : "273",
                                 "locator" : "25:10-30:3",
                                 "type" : "Query",
                                 "resultTypeSpecifier" : {
                                    "localId" : "276",
                                    "type" : "ListTypeSpecifier",
                                    "elementType" : {
                                       "localId" : "277",
                                       "name" : "{urn:healthit-gov:qdm:v5_6}PositiveEncounterPerformed",
                                       "type" : "NamedTypeSpecifier"
                                    }
                                 },
                                 "source" : [ {
                                    "localId" : "241",
                                    "locator" : "25:12-25:77",
                                    "alias" : "InpatientEncounter",
                                    "resultTypeSpecifier" : {
                                       "localId" : "250",
                                       "type" : "ListTypeSpecifier",
                                       "elementType" : {
                                          "localId" : "251",
                                          "name" : "{urn:healthit-gov:qdm:v5_6}PositiveEncounterPerformed",
                                          "type" : "NamedTypeSpecifier"
                                       }
                                    },
                                    "expression" : {
                                       "localId" : "244",
                                       "locator" : "25:12-25:58",
                                       "dataType" : "{urn:healthit-gov:qdm:v5_6}PositiveEncounterPerformed",
                                       "templateId" : "PositiveEncounterPerformed",
                                       "codeProperty" : "code",
                                       "codeComparator" : "in",
                                       "type" : "Retrieve",
                                       "resultTypeSpecifier" : {
                                          "localId" : "248",
                                          "type" : "ListTypeSpecifier",
                                          "elementType" : {
                                             "localId" : "249",
                                             "name" : "{urn:healthit-gov:qdm:v5_6}PositiveEncounterPerformed",
                                             "type" : "NamedTypeSpecifier"
                                          }
                                       },
                                       "codes" : {
                                          "localId" : "243",
                                          "locator" : "25:37-25:57",
                                          "resultTypeName" : "{urn:hl7-org:elm-types:r1}ValueSet",
                                          "name" : "Encounter Inpatient",
                                          "preserve" : true,
                                          "type" : "ValueSetRef"
                                       },
                                       "include" : [ ],
                                       "codeFilter" : [ ],
                                       "dateFilter" : [ ],
                                       "otherFilter" : [ ]
                                    }
                                 } ],
                                 "let" : [ ],
                                 "relationship" : [ ],
                                 "where" : {
                                    "localId" : "252",
                                    "locator" : "26:7-29:85",
                                    "resultTypeName" : "{urn:hl7-org:elm-types:r1}Boolean",
                                    "type" : "And",
                                    "signature" : [ ],
                                    "operand" : [ {
                                       "localId" : "253",
                                       "locator" : "26:13-28:7",
                                       "resultTypeName" : "{urn:hl7-org:elm-types:r1}Boolean",
                                       "type" : "Or",
                                       "signature" : [ ],
                                       "operand" : [ {
                                          "localId" : "254",
                                          "locator" : "26:15-26:104",
                                          "resultTypeName" : "{urn:hl7-org:elm-types:r1}Boolean",
                                          "type" : "Equivalent",
                                          "signature" : [ ],
                                          "operand" : [ {
                                             "localId" : "256",
                                             "locator" : "26:15-26:53",
                                             "resultTypeName" : "{urn:hl7-org:elm-types:r1}Code",
                                             "path" : "dischargeDisposition",
                                             "scope" : "InpatientEncounter",
                                             "type" : "Property"
                                          }, {
                                             "localId" : "257",
                                             "locator" : "26:57-26:104",
                                             "resultTypeName" : "{urn:hl7-org:elm-types:r1}Code",
                                             "name" : "Discharge to home for hospice care (procedure)",
                                             "type" : "CodeRef"
                                          } ]
                                       }, {
                                          "localId" : "258",
                                          "locator" : "27:14-27:118",
                                          "resultTypeName" : "{urn:hl7-org:elm-types:r1}Boolean",
                                          "type" : "Equivalent",
                                          "signature" : [ ],
                                          "operand" : [ {
                                             "localId" : "260",
                                             "locator" : "27:14-27:52",
                                             "resultTypeName" : "{urn:hl7-org:elm-types:r1}Code",
                                             "path" : "dischargeDisposition",
                                             "scope" : "InpatientEncounter",
                                             "type" : "Property"
                                          }, {
                                             "localId" : "261",
                                             "locator" : "27:56-27:118",
                                             "resultTypeName" : "{urn:hl7-org:elm-types:r1}Code",
                                             "name" : "Discharge to healthcare facility for hospice care (procedure)",
                                             "type" : "CodeRef"
                                          } ]
                                       } ]
                                    }, {
                                       "localId" : "272",
                                       "locator" : "29:13-29:85",
                                       "resultTypeName" : "{urn:hl7-org:elm-types:r1}Boolean",
                                       "precision" : "Day",
                                       "type" : "In",
                                       "signature" : [ ],
                                       "operand" : [ {
                                          "localId" : "271",
                                          "locator" : "29:47-29:50",
                                          "type" : "End",
                                          "signature" : [ ],
                                          "operand" : {
                                             "localId" : "263",
                                             "locator" : "29:13-29:45",
                                             "path" : "relevantPeriod",
                                             "scope" : "InpatientEncounter",
                                             "type" : "Property",
                                             "resultTypeSpecifier" : {
                                                "localId" : "266",
                                                "type" : "IntervalTypeSpecifier",
                                                "pointType" : {
                                                   "localId" : "267",
                                                   "name" : "{urn:hl7-org:elm-types:r1}DateTime",
                                                   "type" : "NamedTypeSpecifier"
                                                }
                                             }
                                          }
                                       }, {
                                          "localId" : "268",
                                          "locator" : "29:66-29:85",
                                          "name" : "Measurement Period",
                                          "type" : "ParameterRef",
                                          "resultTypeSpecifier" : {
                                             "localId" : "269",
                                             "type" : "IntervalTypeSpecifier",
                                             "pointType" : {
                                                "localId" : "270",
                                                "name" : "{urn:hl7-org:elm-types:r1}DateTime",
                                                "type" : "NamedTypeSpecifier"
                                             }
                                          }
                                       } ]
                                    } ]
                                 }
                              }
                           }, {
                              "localId" : "278",
                              "locator" : "31:8-33:5",
                              "resultTypeName" : "{urn:hl7-org:elm-types:r1}Boolean",
                              "type" : "Exists",
                              "signature" : [ ],
                              "operand" : {
                                 "localId" : "300",
                                 "locator" : "31:15-33:5",
                                 "type" : "Query",
                                 "resultTypeSpecifier" : {
                                    "localId" : "303",
                                    "type" : "ListTypeSpecifier",
                                    "elementType" : {
                                       "localId" : "304",
                                       "name" : "{urn:healthit-gov:qdm:v5_6}PositiveEncounterPerformed",
                                       "type" : "NamedTypeSpecifier"
                                    }
                                 },
                                 "source" : [ {
                                    "localId" : "279",
                                    "locator" : "31:17-31:78",
                                    "alias" : "HospiceEncounter",
                                    "resultTypeSpecifier" : {
                                       "localId" : "288",
                                       "type" : "ListTypeSpecifier",
                                       "elementType" : {
                                          "localId" : "289",
                                          "name" : "{urn:healthit-gov:qdm:v5_6}PositiveEncounterPerformed",
                                          "type" : "NamedTypeSpecifier"
                                       }
                                    },
                                    "expression" : {
                                       "localId" : "282",
                                       "locator" : "31:17-31:61",
                                       "dataType" : "{urn:healthit-gov:qdm:v5_6}PositiveEncounterPerformed",
                                       "templateId" : "PositiveEncounterPerformed",
                                       "codeProperty" : "code",
                                       "codeComparator" : "in",
                                       "type" : "Retrieve",
                                       "resultTypeSpecifier" : {
                                          "localId" : "286",
                                          "type" : "ListTypeSpecifier",
                                          "elementType" : {
                                             "localId" : "287",
                                             "name" : "{urn:healthit-gov:qdm:v5_6}PositiveEncounterPerformed",
                                             "type" : "NamedTypeSpecifier"
                                          }
                                       },
                                       "codes" : {
                                          "localId" : "281",
                                          "locator" : "31:42-31:60",
                                          "resultTypeName" : "{urn:hl7-org:elm-types:r1}ValueSet",
                                          "name" : "Hospice Encounter",
                                          "preserve" : true,
                                          "type" : "ValueSetRef"
                                       },
                                       "include" : [ ],
                                       "codeFilter" : [ ],
                                       "dateFilter" : [ ],
                                       "otherFilter" : [ ]
                                    }
                                 } ],
                                 "let" : [ ],
                                 "relationship" : [ ],
                                 "where" : {
                                    "localId" : "299",
                                    "locator" : "32:9-32:82",
                                    "resultTypeName" : "{urn:hl7-org:elm-types:r1}Boolean",
                                    "precision" : "Day",
                                    "type" : "Overlaps",
                                    "signature" : [ ],
                                    "operand" : [ {
                                       "localId" : "291",
                                       "locator" : "32:15-32:45",
                                       "path" : "relevantPeriod",
                                       "scope" : "HospiceEncounter",
                                       "type" : "Property",
                                       "resultTypeSpecifier" : {
                                          "localId" : "294",
                                          "type" : "IntervalTypeSpecifier",
                                          "pointType" : {
                                             "localId" : "295",
                                             "name" : "{urn:hl7-org:elm-types:r1}DateTime",
                                             "type" : "NamedTypeSpecifier"
                                          }
                                       }
                                    }, {
                                       "localId" : "296",
                                       "locator" : "32:63-32:82",
                                       "name" : "Measurement Period",
                                       "type" : "ParameterRef",
                                       "resultTypeSpecifier" : {
                                          "localId" : "297",
                                          "type" : "IntervalTypeSpecifier",
                                          "pointType" : {
                                             "localId" : "298",
                                             "name" : "{urn:hl7-org:elm-types:r1}DateTime",
                                             "type" : "NamedTypeSpecifier"
                                          }
                                       }
                                    } ]
                                 }
                              }
                           } ]
                        }, {
                           "localId" : "305",
                           "locator" : "34:8-37:5",
                           "resultTypeName" : "{urn:hl7-org:elm-types:r1}Boolean",
                           "type" : "Exists",
                           "signature" : [ ],
                           "operand" : {
                              "localId" : "358",
                              "locator" : "34:15-37:5",
                              "type" : "Query",
                              "resultTypeSpecifier" : {
                                 "localId" : "361",
                                 "type" : "ListTypeSpecifier",
                                 "elementType" : {
                                    "localId" : "362",
                                    "name" : "{urn:healthit-gov:qdm:v5_6}PositiveAssessmentPerformed",
                                    "type" : "NamedTypeSpecifier"
                                 }
                              },
                              "source" : [ {
                                 "localId" : "306",
                                 "locator" : "34:17-34:94",
                                 "alias" : "HospiceAssessment",
                                 "resultTypeSpecifier" : {
                                    "localId" : "316",
                                    "type" : "ListTypeSpecifier",
                                    "elementType" : {
                                       "localId" : "317",
                                       "name" : "{urn:healthit-gov:qdm:v5_6}PositiveAssessmentPerformed",
                                       "type" : "NamedTypeSpecifier"
                                    }
                                 },
                                 "expression" : {
                                    "localId" : "309",
                                    "locator" : "34:17-34:76",
                                    "dataType" : "{urn:healthit-gov:qdm:v5_6}PositiveAssessmentPerformed",
                                    "templateId" : "PositiveAssessmentPerformed",
                                    "codeProperty" : "code",
                                    "codeComparator" : "~",
                                    "type" : "Retrieve",
                                    "resultTypeSpecifier" : {
                                       "localId" : "314",
                                       "type" : "ListTypeSpecifier",
                                       "elementType" : {
                                          "localId" : "315",
                                          "name" : "{urn:healthit-gov:qdm:v5_6}PositiveAssessmentPerformed",
                                          "type" : "NamedTypeSpecifier"
                                       }
                                    },
                                    "codes" : {
                                       "localId" : "311",
                                       "type" : "ToList",
                                       "signature" : [ ],
                                       "operand" : {
                                          "localId" : "308",
                                          "locator" : "34:43-34:75",
                                          "resultTypeName" : "{urn:hl7-org:elm-types:r1}Code",
                                          "name" : "Hospice care [Minimum Data Set]",
                                          "type" : "CodeRef"
                                       }
                                    },
                                    "include" : [ ],
                                    "codeFilter" : [ ],
                                    "dateFilter" : [ ],
                                    "otherFilter" : [ ]
                                 }
                              } ],
                              "let" : [ ],
                              "relationship" : [ ],
                              "where" : {
                                 "localId" : "318",
                                 "locator" : "35:9-36:150",
                                 "resultTypeName" : "{urn:hl7-org:elm-types:r1}Boolean",
                                 "type" : "And",
                                 "signature" : [ ],
                                 "operand" : [ {
                                    "localId" : "319",
                                    "locator" : "35:15-35:64",
                                    "resultTypeName" : "{urn:hl7-org:elm-types:r1}Boolean",
                                    "type" : "Equivalent",
                                    "signature" : [ ],
                                    "operand" : [ {
                                       "localId" : "339",
                                       "asType" : "{urn:hl7-org:elm-types:r1}Code",
                                       "type" : "As",
                                       "signature" : [ ],
                                       "operand" : {
                                          "localId" : "321",
                                          "locator" : "35:15-35:38",
                                          "path" : "result",
                                          "scope" : "HospiceAssessment",
                                          "type" : "Property",
                                          "resultTypeSpecifier" : {
                                             "localId" : "330",
                                             "type" : "ChoiceTypeSpecifier",
                                             "choice" : [ {
                                                "localId" : "331",
                                                "name" : "{urn:hl7-org:elm-types:r1}Integer",
                                                "type" : "NamedTypeSpecifier"
                                             }, {
                                                "localId" : "332",
                                                "name" : "{urn:hl7-org:elm-types:r1}Decimal",
                                                "type" : "NamedTypeSpecifier"
                                             }, {
                                                "localId" : "333",
                                                "name" : "{urn:hl7-org:elm-types:r1}Code",
                                                "type" : "NamedTypeSpecifier"
                                             }, {
                                                "localId" : "334",
                                                "name" : "{urn:hl7-org:elm-types:r1}Quantity",
                                                "type" : "NamedTypeSpecifier"
                                             }, {
                                                "localId" : "335",
                                                "name" : "{urn:hl7-org:elm-types:r1}Ratio",
                                                "type" : "NamedTypeSpecifier"
                                             }, {
                                                "localId" : "336",
                                                "name" : "{urn:hl7-org:elm-types:r1}DateTime",
                                                "type" : "NamedTypeSpecifier"
                                             }, {
                                                "localId" : "337",
                                                "name" : "{urn:hl7-org:elm-types:r1}Time",
                                                "type" : "NamedTypeSpecifier"
                                             } ]
                                          }
                                       }
                                    }, {
                                       "localId" : "338",
                                       "locator" : "35:42-35:64",
                                       "resultTypeName" : "{urn:hl7-org:elm-types:r1}Code",
                                       "name" : "Yes (qualifier value)",
                                       "type" : "CodeRef"
                                    } ]
                                 }, {
                                    "localId" : "357",
                                    "locator" : "36:15-36:150",
                                    "resultTypeName" : "{urn:hl7-org:elm-types:r1}Boolean",
                                    "precision" : "Day",
                                    "type" : "Overlaps",
                                    "signature" : [ ],
                                    "operand" : [ {
                                       "localId" : "349",
                                       "locator" : "36:15-36:113",
                                       "name" : "NormalizeInterval",
                                       "libraryName" : "Global",
                                       "type" : "FunctionRef",
                                       "resultTypeSpecifier" : {
                                          "localId" : "352",
                                          "type" : "IntervalTypeSpecifier",
                                          "pointType" : {
                                             "localId" : "353",
                                             "name" : "{urn:hl7-org:elm-types:r1}DateTime",
                                             "type" : "NamedTypeSpecifier"
                                          }
                                       },
                                       "signature" : [ ],
                                       "operand" : [ {
                                          "localId" : "342",
                                          "locator" : "36:44-36:77",
                                          "resultTypeName" : "{urn:hl7-org:elm-types:r1}DateTime",
                                          "path" : "relevantDatetime",
                                          "scope" : "HospiceAssessment",
                                          "type" : "Property"
                                       }, {
                                          "localId" : "344",
                                          "locator" : "36:80-36:111",
                                          "path" : "relevantPeriod",
                                          "scope" : "HospiceAssessment",
                                          "type" : "Property",
                                          "resultTypeSpecifier" : {
                                             "localId" : "347",
                                             "type" : "IntervalTypeSpecifier",
                                             "pointType" : {
                                                "localId" : "348",
                                                "name" : "{urn:hl7-org:elm-types:r1}DateTime",
                                                "type" : "NamedTypeSpecifier"
                                             }
                                          }
                                       } ]
                                    }, {
                                       "localId" : "354",
                                       "locator" : "36:131-36:150",
                                       "name" : "Measurement Period",
                                       "type" : "ParameterRef",
                                       "resultTypeSpecifier" : {
                                          "localId" : "355",
                                          "type" : "IntervalTypeSpecifier",
                                          "pointType" : {
                                             "localId" : "356",
                                             "name" : "{urn:hl7-org:elm-types:r1}DateTime",
                                             "type" : "NamedTypeSpecifier"
                                          }
                                       }
                                    } ]
                                 } ]
                              }
                           }
                        } ]
                     }, {
                        "localId" : "363",
                        "locator" : "38:8-40:5",
                        "resultTypeName" : "{urn:hl7-org:elm-types:r1}Boolean",
                        "type" : "Exists",
                        "signature" : [ ],
                        "operand" : {
                           "localId" : "382",
                           "locator" : "38:15-40:5",
                           "type" : "Query",
                           "resultTypeSpecifier" : {
                              "localId" : "385",
                              "type" : "ListTypeSpecifier",
                              "elementType" : {
                                 "localId" : "386",
                                 "name" : "{urn:healthit-gov:qdm:v5_6}PositiveInterventionOrder",
                                 "type" : "NamedTypeSpecifier"
                              }
                           },
                           "source" : [ {
                              "localId" : "364",
                              "locator" : "38:17-38:79",
                              "alias" : "HospiceOrder",
                              "resultTypeSpecifier" : {
                                 "localId" : "373",
                                 "type" : "ListTypeSpecifier",
                                 "elementType" : {
                                    "localId" : "374",
                                    "name" : "{urn:healthit-gov:qdm:v5_6}PositiveInterventionOrder",
                                    "type" : "NamedTypeSpecifier"
                                 }
                              },
                              "expression" : {
                                 "localId" : "367",
                                 "locator" : "38:17-38:66",
                                 "dataType" : "{urn:healthit-gov:qdm:v5_6}PositiveInterventionOrder",
                                 "templateId" : "PositiveInterventionOrder",
                                 "codeProperty" : "code",
                                 "codeComparator" : "in",
                                 "type" : "Retrieve",
                                 "resultTypeSpecifier" : {
                                    "localId" : "371",
                                    "type" : "ListTypeSpecifier",
                                    "elementType" : {
                                       "localId" : "372",
                                       "name" : "{urn:healthit-gov:qdm:v5_6}PositiveInterventionOrder",
                                       "type" : "NamedTypeSpecifier"
                                    }
                                 },
                                 "codes" : {
                                    "localId" : "366",
                                    "locator" : "38:41-38:65",
                                    "resultTypeName" : "{urn:hl7-org:elm-types:r1}ValueSet",
                                    "name" : "Hospice Care Ambulatory",
                                    "preserve" : true,
                                    "type" : "ValueSetRef"
                                 },
                                 "include" : [ ],
                                 "codeFilter" : [ ],
                                 "dateFilter" : [ ],
                                 "otherFilter" : [ ]
                              }
                           } ],
                           "let" : [ ],
                           "relationship" : [ ],
                           "where" : {
                              "localId" : "381",
                              "locator" : "39:9-39:76",
                              "resultTypeName" : "{urn:hl7-org:elm-types:r1}Boolean",
                              "precision" : "Day",
                              "type" : "In",
                              "signature" : [ ],
                              "operand" : [ {
                                 "localId" : "376",
                                 "locator" : "39:15-39:41",
                                 "resultTypeName" : "{urn:hl7-org:elm-types:r1}DateTime",
                                 "path" : "authorDatetime",
                                 "scope" : "HospiceOrder",
                                 "type" : "Property"
                              }, {
                                 "localId" : "377",
                                 "locator" : "39:57-39:76",
                                 "name" : "Measurement Period",
                                 "type" : "ParameterRef",
                                 "resultTypeSpecifier" : {
                                    "localId" : "378",
                                    "type" : "IntervalTypeSpecifier",
                                    "pointType" : {
                                       "localId" : "379",
                                       "name" : "{urn:hl7-org:elm-types:r1}DateTime",
                                       "type" : "NamedTypeSpecifier"
                                    }
                                 }
                              } ]
                           }
                        }
                     } ]
                  }, {
                     "localId" : "387",
                     "locator" : "41:8-43:5",
                     "resultTypeName" : "{urn:hl7-org:elm-types:r1}Boolean",
                     "type" : "Exists",
                     "signature" : [ ],
                     "operand" : {
                        "localId" : "417",
                        "locator" : "41:15-43:5",
                        "type" : "Query",
                        "resultTypeSpecifier" : {
                           "localId" : "420",
                           "type" : "ListTypeSpecifier",
                           "elementType" : {
                              "localId" : "421",
                              "name" : "{urn:healthit-gov:qdm:v5_6}PositiveInterventionPerformed",
                              "type" : "NamedTypeSpecifier"
                           }
                        },
                        "source" : [ {
                           "localId" : "388",
                           "locator" : "41:17-41:87",
                           "alias" : "HospicePerformed",
                           "resultTypeSpecifier" : {
                              "localId" : "397",
                              "type" : "ListTypeSpecifier",
                              "elementType" : {
                                 "localId" : "398",
                                 "name" : "{urn:healthit-gov:qdm:v5_6}PositiveInterventionPerformed",
                                 "type" : "NamedTypeSpecifier"
                              }
                           },
                           "expression" : {
                              "localId" : "391",
                              "locator" : "41:17-41:70",
                              "dataType" : "{urn:healthit-gov:qdm:v5_6}PositiveInterventionPerformed",
                              "templateId" : "PositiveInterventionPerformed",
                              "codeProperty" : "code",
                              "codeComparator" : "in",
                              "type" : "Retrieve",
                              "resultTypeSpecifier" : {
                                 "localId" : "395",
                                 "type" : "ListTypeSpecifier",
                                 "elementType" : {
                                    "localId" : "396",
                                    "name" : "{urn:healthit-gov:qdm:v5_6}PositiveInterventionPerformed",
                                    "type" : "NamedTypeSpecifier"
                                 }
                              },
                              "codes" : {
                                 "localId" : "390",
                                 "locator" : "41:45-41:69",
                                 "resultTypeName" : "{urn:hl7-org:elm-types:r1}ValueSet",
                                 "name" : "Hospice Care Ambulatory",
                                 "preserve" : true,
                                 "type" : "ValueSetRef"
                              },
                              "include" : [ ],
                              "codeFilter" : [ ],
                              "dateFilter" : [ ],
                              "otherFilter" : [ ]
                           }
                        } ],
                        "let" : [ ],
                        "relationship" : [ ],
                        "where" : {
                           "localId" : "416",
                           "locator" : "42:9-42:148",
                           "resultTypeName" : "{urn:hl7-org:elm-types:r1}Boolean",
                           "precision" : "Day",
                           "type" : "Overlaps",
                           "signature" : [ ],
                           "operand" : [ {
                              "localId" : "408",
                              "locator" : "42:15-42:111",
                              "name" : "NormalizeInterval",
                              "libraryName" : "Global",
                              "type" : "FunctionRef",
                              "resultTypeSpecifier" : {
                                 "localId" : "411",
                                 "type" : "IntervalTypeSpecifier",
                                 "pointType" : {
                                    "localId" : "412",
                                    "name" : "{urn:hl7-org:elm-types:r1}DateTime",
                                    "type" : "NamedTypeSpecifier"
                                 }
                              },
                              "signature" : [ ],
                              "operand" : [ {
                                 "localId" : "401",
                                 "locator" : "42:44-42:76",
                                 "resultTypeName" : "{urn:hl7-org:elm-types:r1}DateTime",
                                 "path" : "relevantDatetime",
                                 "scope" : "HospicePerformed",
                                 "type" : "Property"
                              }, {
                                 "localId" : "403",
                                 "locator" : "42:79-42:109",
                                 "path" : "relevantPeriod",
                                 "scope" : "HospicePerformed",
                                 "type" : "Property",
                                 "resultTypeSpecifier" : {
                                    "localId" : "406",
                                    "type" : "IntervalTypeSpecifier",
                                    "pointType" : {
                                       "localId" : "407",
                                       "name" : "{urn:hl7-org:elm-types:r1}DateTime",
                                       "type" : "NamedTypeSpecifier"
                                    }
                                 }
                              } ]
                           }, {
                              "localId" : "413",
                              "locator" : "42:129-42:148",
                              "name" : "Measurement Period",
                              "type" : "ParameterRef",
                              "resultTypeSpecifier" : {
                                 "localId" : "414",
                                 "type" : "IntervalTypeSpecifier",
                                 "pointType" : {
                                    "localId" : "415",
                                    "name" : "{urn:hl7-org:elm-types:r1}DateTime",
                                    "type" : "NamedTypeSpecifier"
                                 }
                              }
                           } ]
                        }
                     }
                  } ]
               }, {
                  "localId" : "422",
                  "locator" : "44:6-46:5",
                  "resultTypeName" : "{urn:hl7-org:elm-types:r1}Boolean",
                  "type" : "Exists",
                  "signature" : [ ],
                  "operand" : {
                     "localId" : "444",
                     "locator" : "44:13-46:5",
                     "type" : "Query",
                     "resultTypeSpecifier" : {
                        "localId" : "447",
                        "type" : "ListTypeSpecifier",
                        "elementType" : {
                           "localId" : "448",
                           "name" : "{urn:healthit-gov:qdm:v5_6}Diagnosis",
                           "type" : "NamedTypeSpecifier"
                        }
                     },
                     "source" : [ {
                        "localId" : "423",
                        "locator" : "44:15-44:69",
                        "alias" : "HospiceCareDiagnosis",
                        "resultTypeSpecifier" : {
                           "localId" : "432",
                           "type" : "ListTypeSpecifier",
                           "elementType" : {
                              "localId" : "433",
                              "name" : "{urn:healthit-gov:qdm:v5_6}Diagnosis",
                              "type" : "NamedTypeSpecifier"
                           }
                        },
                        "expression" : {
                           "localId" : "426",
                           "locator" : "44:15-44:48",
                           "dataType" : "{urn:healthit-gov:qdm:v5_6}Diagnosis",
                           "codeProperty" : "code",
                           "codeComparator" : "in",
                           "type" : "Retrieve",
                           "resultTypeSpecifier" : {
                              "localId" : "430",
                              "type" : "ListTypeSpecifier",
                              "elementType" : {
                                 "localId" : "431",
                                 "name" : "{urn:healthit-gov:qdm:v5_6}Diagnosis",
                                 "type" : "NamedTypeSpecifier"
                              }
                           },
                           "codes" : {
                              "localId" : "425",
                              "locator" : "44:29-44:47",
                              "resultTypeName" : "{urn:hl7-org:elm-types:r1}ValueSet",
                              "name" : "Hospice Diagnosis",
                              "preserve" : true,
                              "type" : "ValueSetRef"
                           },
                           "include" : [ ],
                           "codeFilter" : [ ],
                           "dateFilter" : [ ],
                           "otherFilter" : [ ]
                        }
                     } ],
                     "let" : [ ],
                     "relationship" : [ ],
                     "where" : {
                        "localId" : "443",
                        "locator" : "45:9-45:88",
                        "resultTypeName" : "{urn:hl7-org:elm-types:r1}Boolean",
                        "precision" : "Day",
                        "type" : "Overlaps",
                        "signature" : [ ],
                        "operand" : [ {
                           "localId" : "435",
                           "locator" : "45:15-45:51",
                           "path" : "prevalencePeriod",
                           "scope" : "HospiceCareDiagnosis",
                           "type" : "Property",
                           "resultTypeSpecifier" : {
                              "localId" : "438",
                              "type" : "IntervalTypeSpecifier",
                              "pointType" : {
                                 "localId" : "439",
                                 "name" : "{urn:hl7-org:elm-types:r1}DateTime",
                                 "type" : "NamedTypeSpecifier"
                              }
                           }
                        }, {
                           "localId" : "440",
                           "locator" : "45:69-45:88",
                           "name" : "Measurement Period",
                           "type" : "ParameterRef",
                           "resultTypeSpecifier" : {
                              "localId" : "441",
                              "type" : "IntervalTypeSpecifier",
                              "pointType" : {
                                 "localId" : "442",
                                 "name" : "{urn:hl7-org:elm-types:r1}DateTime",
                                 "type" : "NamedTypeSpecifier"
                              }
                           }
                        } ]
                     }
                  }
               } ]
            }
         }, {
            "localId" : "230",
            "locator" : "22:1-22:15",
            "name" : "Patient",
            "context" : "Patient",
            "expression" : {
               "localId" : "231",
               "type" : "SingletonFrom",
               "signature" : [ ],
               "operand" : {
                  "localId" : "229",
                  "locator" : "22:1-22:15",
                  "dataType" : "{urn:healthit-gov:qdm:v5_6}Patient",
                  "templateId" : "Patient",
                  "type" : "Retrieve",
                  "include" : [ ],
                  "codeFilter" : [ ],
                  "dateFilter" : [ ],
                  "otherFilter" : [ ]
               }
            }
         } ]
      }
   }
}