<?xml version="1.0" encoding="UTF-8" standalone="yes"?>
<QualityMeasureDocument xmlns="urn:hl7-org:v3"
                        xmlns:cql-ext="urn:hhs-cql:hqmf-n1-extensions:v1"
                        xmlns:xsi="http://www.w3.org/2001/XMLSchema-instance">

      <!--
            **************************************************************
            Measure Details Section
            **************************************************************
        -->
   <typeId extension="POQM_HD000001UV02" root="2.16.840.1.113883.1.3"/>
   <templateId>
      <item extension="2021-02-01" root="2.16.840.1.113883.10.20.28.1.2"/>
   </templateId>
   <id root="2af15f05-07a9-4f5c-9a40-11ea768adcda"/>
   <code code="57024-2" codeSystem="2.16.840.1.113883.6.1">
      <displayName value="Health Quality Measure Document"/>
   </code>
   <title value="Closing the Referral Loop: Receipt of Specialist Report"/>
   <text
         value="Percentage of patients with referrals, regardless of age, for which the referring clinician receives a report from the clinician to whom the patient was referred"/>
   <statusCode code="COMPLETED"/>
   <setId root="f58fc0d6-edf5-416a-8d29-79afbfd24dea"/>
   <versionNumber value="14.0.000"/>
   <author>
      <responsibleParty classCode="ASSIGNED">
         <representedResponsibleOrganization classCode="ORG" determinerCode="INSTANCE">
            <id>
               <item root="e9606bf4-a69f-11ea-bb37-0242ac130002"/>
            </id>
            <name>
               <item>
                  <part value="American Institutes for Research (AIR)"/>
               </item>
            </name>
         </representedResponsibleOrganization>
      </responsibleParty>
   </author>
   <custodian>
      <responsibleParty classCode="ASSIGNED">
         <representedResponsibleOrganization classCode="ORG" determinerCode="INSTANCE">
            <id>
               <item root="9048cd4c-b61b-11e4-a71e-12e3f512a338"/>
            </id>
            <name>
               <item>
                  <part value="Centers for Medicare &amp; Medicaid Services (CMS)"/>
               </item>
            </name>
         </representedResponsibleOrganization>
      </responsibleParty>
   </custodian>
   <!--Preventive Care Services Established Office Visit, 18 and Up-->
   <definition>
      <valueSet classCode="OBS" moodCode="DEF">
         <id root="2.16.840.1.113883.3.464.1003.101.12.1025"/>
         <title value="Preventive Care Services Established Office Visit, 18 and Up"/>
      </valueSet>
   </definition>
   <!--Race-->
   <definition>
      <valueSet classCode="OBS" moodCode="DEF">
         <id root="2.16.840.1.114222.4.11.836"/>
         <title value="Race"/>
      </valueSet>
   </definition>
   <!--Office Visit-->
   <definition>
      <valueSet classCode="OBS" moodCode="DEF">
         <id root="2.16.840.1.113883.3.464.1003.101.12.1001"/>
         <title value="Office Visit"/>
      </valueSet>
   </definition>
   <!--Federal Administrative Sex-->
   <definition>
      <valueSet classCode="OBS" moodCode="DEF">
         <id root="2.16.840.1.113762.1.4.1021.121"/>
         <title value="Federal Administrative Sex"/>
      </valueSet>
   </definition>
   <!--Psych Visit Diagnostic Evaluation-->
   <definition>
      <valueSet classCode="OBS" moodCode="DEF">
         <id root="2.16.840.1.113883.3.526.3.1492"/>
         <title value="Psych Visit Diagnostic Evaluation"/>
      </valueSet>
   </definition>
   <!--Ethnicity-->
   <definition>
      <valueSet classCode="OBS" moodCode="DEF">
         <id root="2.16.840.1.114222.4.11.837"/>
         <title value="Ethnicity"/>
      </valueSet>
   </definition>
   <!--Preventive Care Services Initial Office Visit, 18 and Up-->
   <definition>
      <valueSet classCode="OBS" moodCode="DEF">
         <id root="2.16.840.1.113883.3.464.1003.101.12.1023"/>
         <title value="Preventive Care Services Initial Office Visit, 18 and Up"/>
      </valueSet>
   </definition>
   <!--Consultant Report-->
   <definition>
      <valueSet classCode="OBS" moodCode="DEF">
         <id root="2.16.840.1.113883.3.464.1003.121.12.1006"/>
         <title value="Consultant Report"/>
      </valueSet>
   </definition>
   <!--Ophthalmological Services-->
   <definition>
      <valueSet classCode="OBS" moodCode="DEF">
         <id root="2.16.840.1.113883.3.526.3.1285"/>
         <title value="Ophthalmological Services"/>
      </valueSet>
   </definition>
   <!--Preventive Care Services, Initial Office Visit, 0 to 17-->
   <definition>
      <valueSet classCode="OBS" moodCode="DEF">
         <id root="2.16.840.1.113883.3.464.1003.101.12.1022"/>
         <title value="Preventive Care Services, Initial Office Visit, 0 to 17"/>
      </valueSet>
   </definition>
   <!--Referral-->
   <definition>
      <valueSet classCode="OBS" moodCode="DEF">
         <id root="2.16.840.1.113883.3.464.1003.101.12.1046"/>
         <title value="Referral"/>
      </valueSet>
   </definition>
   <!--Preventive Care, Established Office Visit, 0 to 17-->
   <definition>
      <valueSet classCode="OBS" moodCode="DEF">
         <id root="2.16.840.1.113883.3.464.1003.101.12.1024"/>
         <title value="Preventive Care, Established Office Visit, 0 to 17"/>
      </valueSet>
   </definition>
   <!--Behavioral or Neuropsych Assessment-->
   <definition>
      <valueSet classCode="OBS" moodCode="DEF">
         <id root="2.16.840.1.113883.3.526.3.1023"/>
         <title value="Behavioral or Neuropsych Assessment"/>
      </valueSet>
   </definition>
   <!--Payer Type-->
   <definition>
      <valueSet classCode="OBS" moodCode="DEF">
         <id root="2.16.840.1.114222.4.11.3591"/>
         <title value="Payer Type"/>
      </valueSet>
   </definition>
   <!--Psychological or neuropsychological test administration and scoring by technician, two or more tests, any method; first 30 minutes- -->
   <definition>
      <cql-ext:code code="96138"
                    codeSystem="2.16.840.1.113883.6.12"
                    codeSystemName="CPT">
         <displayName value="Psychological or neuropsychological test administration and scoring by technician, two or more tests, any method; first 30 minutes"/>
      </cql-ext:code>
   </definition>
   <!--Psychological or neuropsychological test administration and scoring by physician or other qualified health care professional, two or more tests, any method; first 30 minutes- -->
   <definition>
      <cql-ext:code code="96136"
                    codeSystem="2.16.840.1.113883.6.12"
                    codeSystemName="CPT">
         <displayName value="Psychological or neuropsychological test administration and scoring by physician or other qualified health care professional, two or more tests, any method; first 30 minutes"/>
      </cql-ext:code>
   </definition>
   <!--Psychotherapy for crisis; first 60 minutes- -->
   <definition>
      <cql-ext:code code="90839"
                    codeSystem="2.16.840.1.113883.6.12"
                    codeSystemName="CPT">
         <displayName value="Psychotherapy for crisis; first 60 minutes"/>
      </cql-ext:code>
   </definition>
   <!--Developmental test administration (including assessment of fine and/or gross motor, language, cognitive level, social, memory and/or executive functions by standardized developmental instruments when performed), by physician or other qualified health care professional, with interpretation and report; first hour- -->
   <definition>
      <cql-ext:code code="96112"
                    codeSystem="2.16.840.1.113883.6.12"
                    codeSystemName="CPT">
         <displayName value="Developmental test administration (including assessment of fine and/or gross motor, language, cognitive level, social, memory and/or executive functions by standardized developmental instruments when performed), by physician or other qualified health care professional, with interpretation and report; first hour"/>
      </cql-ext:code>
   </definition>
   <!--Health behavior assessment, or re-assessment (ie, health-focused clinical interview, behavioral observations, clinical decision making)- -->
   <definition>
      <cql-ext:code code="96156"
                    codeSystem="2.16.840.1.113883.6.12"
                    codeSystemName="CPT">
         <displayName value="Health behavior assessment, or re-assessment (ie, health-focused clinical interview, behavioral observations, clinical decision making)"/>
      </cql-ext:code>
   </definition>
   <relatedDocument typeCode="COMP">
      <expressionDocument>
         <id root="54c67029-926f-47d6-9752-fcb1b60f77f1"/>
         <text mediaType="text/cql">
            <reference value="https://madie.cms.gov/libraries/f58fc0d6-edf5-416a-8d29-79afbfd24dea/CMS50CRLReceiptofSpecialistReportQDM-14.0.000.cql"/>
            <translation mediaType="application/elm+xml">
               <reference value="https://madie.cms.gov/libraries/f58fc0d6-edf5-416a-8d29-79afbfd24dea/CMS50CRLReceiptofSpecialistReportQDM-14.0.000.xml"/>
            </translation>
            <translation mediaType="application/elm+json">
               <reference value="https://madie.cms.gov/libraries/f58fc0d6-edf5-416a-8d29-79afbfd24dea/CMS50CRLReceiptofSpecialistReportQDM-14.0.000.json"/>
            </translation>
         </text>
         <setId extension="f58fc0d6-edf5-416a-8d29-79afbfd24dea"
                identifierName="CMS50CRLReceiptofSpecialistReportQDM"
                root="https://madie.cms.gov/libraries"/>
         <versionNumber value="14.0.000"/>
      </expressionDocument>
   </relatedDocument>
   <relatedDocument typeCode="COMP">
      <expressionDocument>
         <id root="92a01b83-0a1c-46f7-9552-91fb0f4e6ef0"/>
         <text mediaType="text/cql">
            <reference value="https://madie.cms.gov/libraries/92a01b83-0a1c-46f7-9552-91fb0f4e6ef0/CQMCommonQDM-9.0.000.cql"/>
            <translation mediaType="application/elm+xml">
               <reference value="https://madie.cms.gov/libraries/92a01b83-0a1c-46f7-9552-91fb0f4e6ef0/CQMCommonQDM-9.0.000.xml"/>
            </translation>
            <translation mediaType="application/elm+json">
               <reference value="https://madie.cms.gov/libraries/92a01b83-0a1c-46f7-9552-91fb0f4e6ef0/CQMCommonQDM-9.0.000.json"/>
            </translation>
         </text>
         <setId extension="92a01b83-0a1c-46f7-9552-91fb0f4e6ef0"
                identifierName="CQMCommonQDM"
                root="https://madie.cms.gov/libraries"/>
         <versionNumber value="9.0.000"/>
      </expressionDocument>
   </relatedDocument>
   <controlVariable>
      <measurePeriod>
         <id extension="measureperiod" root="6af7f9d1-5ce8-419f-994e-e11fa86e74f5"/>
         <code code="MSRTP" codeSystem="2.16.840.1.113883.5.4">
            <originalText value="Measurement Period"/>
         </code>
         <value highClosed="false" lowClosed="true" xsi:type="IVL_TS">
            <low value="20260101"/>
            <high value="20270101"/>
         </value>
      </measurePeriod>
   </controlVariable>
   <subjectOf>
      <measureAttribute>
         <code nullFlavor="OTH">
            <originalText value="CMS ID"/>
         </code>
         <value mediaType="text/plain" value="50" xsi:type="ED"/>
      </measureAttribute>
   </subjectOf>
   <subjectOf>
      <measureAttribute>
         <code nullFlavor="OTH">
            <originalText value="CBE Number"/>
         </code>
         <value mediaType="text/plain" value="Not Applicable" xsi:type="ED"/>
      </measureAttribute>
   </subjectOf>
   <subjectOf>
      <measureAttribute>
         <code code="COPY" codeSystem="2.16.840.1.113883.5.4">
            <displayName value="Copyright"/>
         </code>
         <value mediaType="text/plain"
                value="This electronic clinical quality measure (Measure) and related data specifications are owned and stewarded by the Centers for Medicare &amp; Medicaid Services (CMS). CMS contracted (Contract # 75FCMC18D0027/ Task Order #: 75FCMC24F0144) with the American Institutes for Research (AIR) to develop this electronic measure. AIR is not responsible for any use of the Measure. AIR makes no representations, warranties, or endorsement about the quality of any organization or physician that uses or reports performance measures and AIR has no liability to anyone who relies on such measures or specifications. Limited proprietary coding is contained in the Measure specifications for user convenience. Users of proprietary code sets should obtain all necessary licenses from the owners of the code sets. AIR disclaims all liability for use or accuracy of any third-party codes contained in the specifications. CPT(R) contained in the Measure specifications is copyright 2004-2024 American Medical Association. LOINC(R) is copyright 2004-2024 Regenstrief Institute, Inc. This material contains SNOMED Clinical Terms(R) (SNOMED CT[R]) copyright 2004-2024 International Health Terminology Standards Development Organisation."
                xsi:type="ED"/>
      </measureAttribute>
   </subjectOf>
   <subjectOf>
      <measureAttribute>
         <code code="DISC" codeSystem="2.16.840.1.113883.5.4">
            <displayName value="Disclaimer"/>
         </code>
         <value mediaType="text/plain"
                value="This performance Measure is not a clinical guideline, does not establish a standard of medical care, and has not been tested for all potential applications. THE MEASURE AND SPECIFICATIONS ARE PROVIDED &quot;AS IS&quot; WITHOUT WARRANTY OF ANY KIND. Due to technical limitations, registered trademarks are indicated by (R) or [R] and unregistered trademarks are indicated by (TM) or [TM]."
                xsi:type="ED"/>
      </measureAttribute>
   </subjectOf>
   <subjectOf>
      <measureAttribute>
         <code code="MSRSCORE" codeSystem="2.16.840.1.113883.5.4">
            <displayName value="Measure Scoring"/>
         </code>
         <value code="PROPOR" codeSystem="2.16.840.1.113883.5.1063" xsi:type="CD">
            <displayName value="Proportion"/>
         </value>
      </measureAttribute>
   </subjectOf>
   <subjectOf>
      <measureAttribute>
         <code code="MSRTYPE" codeSystem="2.16.840.1.113883.5.4">
            <displayName value="Measure Type"/>
         </code>
         <value code="PROCESS" codeSystem="2.16.840.1.113883.5.1063" xsi:type="CD">
            <displayName value="Process"/>
         </value>
      </measureAttribute>
   </subjectOf>
   <subjectOf>
      <measureAttribute>
         <code code="STRAT" codeSystem="2.16.840.1.113883.5.4">
            <displayName value="Stratification"/>
         </code>
         <value mediaType="text/plain" value="None" xsi:type="ED"/>
      </measureAttribute>
   </subjectOf>
   <subjectOf>
      <measureAttribute>
         <code code="MSRADJ" codeSystem="2.16.840.1.113883.5.4">
            <displayName value="Risk Adjustment"/>
         </code>
         <value mediaType="text/plain" value="None" xsi:type="ED"/>
      </measureAttribute>
   </subjectOf>
   <subjectOf>
      <measureAttribute>
         <code code="MSRAGG" codeSystem="2.16.840.1.113883.5.4">
            <displayName value="Rate Aggregation"/>
         </code>
         <value mediaType="text/plain" value="None" xsi:type="ED"/>
      </measureAttribute>
   </subjectOf>
   <subjectOf>
      <measureAttribute>
         <code code="RAT" codeSystem="2.16.840.1.113883.5.4">
            <displayName value="Rationale"/>
         </code>
         <value mediaType="text/plain"
                value="Problems in the outpatient referral and consultation process have been documented, including inadequate care pathways between specialty and primary care. Studies suggest that both specialists and primary care providers (PCPs) are not satisfied with current processes (Institute for Healthcare Improvement / National Patient Safety Foundation, 2017; Greenwood-Lee et. al, 2018). Breakdowns in referral communication leads to worse health outcomes, increased cost, and appointment delays (Patel et. al, 2018; Odisho et. al, 2020). A 2018 analysis of primary care referrals to specialists found that of the 103,737 referral scheduling attempts analyzed, only 36,072 (34.8%) resulted in documented complete appointments, defined by the specialty clinician providing report to the PCP after the referral visit (Patel et. al, 2018). Technological and process-based updates can improve the referral loop process and increase rates of closing the referral loop. Ramelson et. al (2018) enhanced an EHR's Referral Manager module to meet the Controlled Risk Insurance Company’s best practice steps and the requirements of both the CMS EHR Incentive Program and the National Committee for Quality Assurance Patient-Centered Medical Home program. Following the updates, 76.8% of referrals were completed and all defined referral process steps were easier to accomplish. Odisho et. al (2020) developed a referrals automation software to simplify the fax to referral process. Feedback from key stakeholder interviews noted that the software enhanced the referrals process by further streamlining and organizing the patient referral process. The Institute for Healthcare Improvement and the National Patient Safety Foundation (2017) reviewed the referrals process in the ambulatory care setting and found that organizational leaders, EHR vendors, regulatory agencies, clinicians, and patients all play a role in creating a referrals system that is effective, safe, convenient, and patient-centered."
                xsi:type="ED"/>
      </measureAttribute>
   </subjectOf>
   <subjectOf>
      <measureAttribute>
         <code code="CRS" codeSystem="2.16.840.1.113883.5.4">
            <displayName value="Clinical Recommendation Statement"/>
         </code>
         <value mediaType="text/plain" value="None" xsi:type="ED"/>
      </measureAttribute>
   </subjectOf>
   <subjectOf>
      <measureAttribute>
         <code code="IDUR" codeSystem="2.16.840.1.113883.5.4">
            <displayName value="Improvement Notation"/>
         </code>
         <value mediaType="text/plain"
                value="Higher score indicates better quality"
                xsi:type="ED"/>
      </measureAttribute>
   </subjectOf>
   <subjectOf>
      <measureAttribute>
         <code code="REF" codeSystem="2.16.840.1.113883.5.4">
            <displayName value="Reference"/>
         </code>
         <value mediaType="text/plain"
                value="CITATION Greenwood-Lee, J., Jewett, L., Woodhouse, L., &amp; Marshall, D. A. (2018). A categorisation of problems and solutions to improve patient referrals from primary to specialty care. BMC health services research, 18(1), 986. https://doi.org/10.1186/s12913-018-3745-y"
                xsi:type="ED"/>
      </measureAttribute>
   </subjectOf>
   <subjectOf>
      <measureAttribute>
         <code code="REF" codeSystem="2.16.840.1.113883.5.4">
            <displayName value="Reference"/>
         </code>
         <value mediaType="text/plain"
                value="CITATION Institute for Healthcare Improvement / National Patient Safety Foundation. (2017). Closing the Loop: A Guide to Safer Ambulatory Referrals in the EHR Era. https://www.ihi.org/resources/Pages/Publications/Closing-the-Loop-A-Guide-to-Safer-Ambulatory-Referrals.aspx"
                xsi:type="ED"/>
      </measureAttribute>
   </subjectOf>
   <subjectOf>
      <measureAttribute>
         <code code="REF" codeSystem="2.16.840.1.113883.5.4">
            <displayName value="Reference"/>
         </code>
         <value mediaType="text/plain"
                value="CITATION Odisho, A. Y., Lui, H., Yerramsetty, R., Bautista, F., Gleason, N., Martin, E., Young, J. J., Blum, M., &amp; Neinstein, A. B. (2020). Design and development of referrals automation, a SMART on FHIR solution to improve patient access to specialty care. JAMIA open, 3(3), 405–412. https://doi.org/10.1093/jamiaopen/ooaa036"
                xsi:type="ED"/>
      </measureAttribute>
   </subjectOf>
   <subjectOf>
      <measureAttribute>
         <code code="REF" codeSystem="2.16.840.1.113883.5.4">
            <displayName value="Reference"/>
         </code>
         <value mediaType="text/plain"
                value="CITATION Patel, M. P., Schettini, P., O'Leary, C. P., Bosworth, H. B., Anderson, J. B., &amp; Shah, K. P. (2018). Closing the Referral Loop: an Analysis of Primary Care Referrals to Specialists in a Large Health System. Journal of general internal medicine, 33(5), 715–721. https://doi.org/10.1007/s11606-018-4392-z"
                xsi:type="ED"/>
      </measureAttribute>
   </subjectOf>
   <subjectOf>
      <measureAttribute>
         <code code="REF" codeSystem="2.16.840.1.113883.5.4">
            <displayName value="Reference"/>
         </code>
         <value mediaType="text/plain"
                value="CITATION Ramelson, H., Nederlof, A., Karmiy, S., Neri, P., Kiernan, D., Krishnamurthy, R., Allen, A., &amp; Bates, D. W. (2018). Closing the loop with an enhanced referral management system. Journal of the American Medical Informatics Association: JAMIA, 25(6), 715–721. https://doi.org/10.1093/jamia/ocy004"
                xsi:type="ED"/>
      </measureAttribute>
   </subjectOf>
   <subjectOf>
      <measureAttribute>
         <code code="DEF" codeSystem="2.16.840.1.113883.5.4">
            <displayName value="Definition"/>
         </code>
         <value mediaType="text/plain"
                value="Referral: A request from one clinician to another clinician for evaluation, treatment, or co-management of a patient's condition. This term encompasses referral and consultation as defined by Centers for Medicare &amp; Medicaid Services. Report: A written document prepared by the eligible clinician (and staff) to whom the patient was referred and that accounts for his or her findings, provides summary of care information about findings, diagnostics, assessments and/or plans of care, and is provided to the referring eligible clinician."
                xsi:type="ED"/>
      </measureAttribute>
   </subjectOf>
   <subjectOf>
      <measureAttribute>
         <code code="GUIDE" codeSystem="2.16.840.1.113883.5.4">
            <displayName value="Guidance"/>
         </code>
         <value mediaType="text/plain"
                value="The clinician who refers the patient to another clinician is the clinician who should be held accountable for the performance of this measure. Only the first referral made between January 1 – October 31 of the measurement period will be considered for this measure to allow adequate time for the referring clinician to collect the consult report by the end of the measurement period. If there are multiple referrals for a patient during the measurement period, use the first referral. The clinician to whom the patient was referred is responsible for sending the consultant report that will fulfill the communication. Note: this is not the same clinician who would report on the measure. The consultant report that will successfully close the referral loop should be related to the first referral for a patient during the measurement period. If there are multiple consultant reports received by the referring clinician which pertain to a particular referral, use the first consultant report to satisfy the measure. Eligible clinicians reporting on this measure should note that all data for the measurement period is to be submitted by the deadline established by CMS. Therefore, eligible clinicians who refer patients towards the end of the measurement period (i.e., October), should request that clinicians to whom they referred their patients share their consult reports as soon as possible in order for those patients to be counted in the measure numerator during the measurement period. When clinicians to whom patients are referred communicate the consult report as soon as possible with the referring clinician, it ensures that the communication loop is closed in a timely manner and that the data are included in the submission to CMS. A procedural report received from a specialist for an exam or procedure conducted (e.g., diabetic eye exam, colonoscopy, etc.) can satisfy the numerator requirement and successfully close the referral loop. A separate consultant note or consultant report is not required to close the referral loop in these circumstances. This eCQM is a patient-based measure. This version of the eCQM uses QDM version 5.6. Please refer to the eCQI resource center (https://ecqi.healthit.gov/qdm) for more information on the QDM."
                xsi:type="ED"/>
      </measureAttribute>
   </subjectOf>
   <subjectOf>
      <measureAttribute>
         <code code="TRANF" codeSystem="2.16.840.1.113883.5.4">
            <displayName value="Transmission Format"/>
         </code>
         <value mediaType="text/plain" value="TBD" xsi:type="ED"/>
      </measureAttribute>
   </subjectOf>
   <subjectOf>
      <measureAttribute>
         <code code="IPOP" codeSystem="2.16.840.1.113883.5.4">
            <displayName value="Initial Population"/>
         </code>
         <value mediaType="text/plain"
                value="Number of patients, regardless of age, who had an encounter during the measurement period and were referred by one clinician to another clinician on or before October 31"
                xsi:type="ED"/>
      </measureAttribute>
   </subjectOf>
   <subjectOf>
      <measureAttribute>
         <code code="DENOM" codeSystem="2.16.840.1.113883.5.4">
            <displayName value="Denominator"/>
         </code>
         <value mediaType="text/plain"
                value="Equals Initial Population"
                xsi:type="ED"/>
      </measureAttribute>
   </subjectOf>
   <subjectOf>
      <measureAttribute>
         <code code="DENEX" codeSystem="2.16.840.1.113883.5.4">
            <displayName value="Denominator Exclusions"/>
         </code>
         <value mediaType="text/plain" value="None" xsi:type="ED"/>
      </measureAttribute>
   </subjectOf>
   <subjectOf>
      <measureAttribute>
         <code code="NUMER" codeSystem="2.16.840.1.113883.5.4">
            <displayName value="Numerator"/>
         </code>
         <value mediaType="text/plain"
                value="Number of patients with a referral on or before October 31, for which the referring clinician received a report from the first clinician to whom the patient was referred"
                xsi:type="ED"/>
      </measureAttribute>
   </subjectOf>
   <subjectOf>
      <measureAttribute>
         <code code="NUMEX" codeSystem="2.16.840.1.113883.5.4">
            <displayName value="Numerator Exclusions"/>
         </code>
         <value mediaType="text/plain" value="None" xsi:type="ED"/>
      </measureAttribute>
   </subjectOf>
   <subjectOf>
      <measureAttribute>
         <code code="DENEXCEP" codeSystem="2.16.840.1.113883.5.4">
            <displayName value="Denominator Exceptions"/>
         </code>
         <value mediaType="text/plain" value="None" xsi:type="ED"/>
      </measureAttribute>
   </subjectOf>
   <subjectOf>
      <measureAttribute>
         <code code="SDE" codeSystem="2.16.840.1.113883.5.4">
            <displayName value="Supplemental Data Elements"/>
         </code>
         <value mediaType="text/plain"
                value="For every patient evaluated by this measure also identify payer, race, ethnicity and sex"
                xsi:type="ED"/>
      </measureAttribute>
   </subjectOf>
   <componentOf>
      <qualityMeasureSet classCode="ACT">
         <id root="f58fc0d6-edf5-416a-8d29-79afbfd24dea"/>
         <title value="Not Applicable"/>
      </qualityMeasureSet>
   </componentOf>
   <!--Data Criteria Section-->
   <component>
      <dataCriteriaSection>
         <templateId>
            <item extension="2021-02-01" root="2.16.840.1.113883.10.20.28.2.6"/>
         </templateId>
         <code code="57025-9" codeSystem="2.16.840.1.113883.6.1"/>
         <title value="Data Criteria Section"/>
         <text/>
         <entry typeCode="DRIV">
            <localVariableName value="PreventiveCareServicesEstablishedOfficeVisit18andUp_EncounterPerformed_Hnrmr"/>
            <encounterCriteria classCode="ENC" moodCode="EVN">
               <templateId>
                  <item extension="2021-02-01" root="2.16.840.1.113883.10.20.28.4.5"/>
               </templateId>
               <id extension="PreventiveCareServicesEstablishedOfficeVisit18andUp_EncounterPerformed"
                   root="66370777-d177-46ba-9469-94f62d1e1bd0"/>
               <code valueSet="2.16.840.1.113883.3.464.1003.101.12.1025"/>
               <title value="Encounter, Performed"/>
               <statusCode code="COMPLETED"/>
            </encounterCriteria>
         </entry>
         <entry typeCode="DRIV">
            <localVariableName value="Race_PatientCharacteristicRace_GNnnf"/>
            <observationCriteria classCode="OBS" moodCode="EVN">
               <templateId>
                  <item extension="2017-05-01" root="2.16.840.1.113883.10.20.28.4.59"/>
               </templateId>
               <id extension="Race_PatientCharacteristicRace"
                   root="6422ff04-fec4-4720-8285-c0153fe547a6"/>
               <code code="32624-9"
                     codeSystem="2.16.840.1.113883.6.1"
                     codeSystemName="LOINC">
                  <displayName value="Race"/>
               </code>
               <title value="Patient Characteristic Race"/>
               <statusCode code="COMPLETED"/>
               <value valueSet="2.16.840.1.114222.4.11.836" xsi:type="CD"/>
            </observationCriteria>
         </entry>
         <entry typeCode="DRIV">
            <localVariableName value="OfficeVisit_EncounterPerformed_7LpjX"/>
            <encounterCriteria classCode="ENC" moodCode="EVN">
               <templateId>
                  <item extension="2021-02-01" root="2.16.840.1.113883.10.20.28.4.5"/>
               </templateId>
               <id extension="OfficeVisit_EncounterPerformed"
                   root="5be2c9b5-7dde-49c1-8968-46b442662cf9"/>
               <code valueSet="2.16.840.1.113883.3.464.1003.101.12.1001"/>
               <title value="Encounter, Performed"/>
               <statusCode code="COMPLETED"/>
            </encounterCriteria>
         </entry>
         <entry typeCode="DRIV">
            <localVariableName value="FederalAdministrativeSex_PatientCharacteristicSex_FfDV4"/>
            <observationCriteria classCode="OBS" moodCode="EVN">
               <templateId>
                  <item extension="2017-05-01" root="2.16.840.1.113883.10.20.28.4.55"/>
               </templateId>
               <id extension="FederalAdministrativeSex_PatientCharacteristicSex"
                   root="3c6e034c-9283-46c2-ba9f-1a47ed74b104"/>
               <code code="263495000"
                     codeSystem="2.16.840.1.113883.6.96"
                     codeSystemName="SNOMED CT">
                  <displayName value="Gender"/>
               </code>
               <title value="Patient Characteristic Sex"/>
               <statusCode code="COMPLETED"/>
               <value valueSet="2.16.840.1.113762.1.4.1021.121" xsi:type="CD"/>
            </observationCriteria>
         </entry>
         <entry typeCode="DRIV">
            <localVariableName value="PsychVisitDiagnosticEvaluation_InterventionPerformed_HVH5c"/>
            <actCriteria classCode="ACT" moodCode="EVN">
               <templateId>
                  <item extension="2021-02-01" root="2.16.840.1.113883.10.20.28.4.36"/>
               </templateId>
               <id extension="PsychVisitDiagnosticEvaluation_InterventionPerformed"
                   root="2ea0beea-c4e3-444e-a346-5cd4503fcee0"/>
               <code valueSet="2.16.840.1.113883.3.526.3.1492"/>
               <title value="Intervention, Performed"/>
               <statusCode code="COMPLETED"/>
            </actCriteria>
         </entry>
         <entry typeCode="DRIV">
            <localVariableName value="Ethnicity_PatientCharacteristicEthnicity_39Iga"/>
            <observationCriteria classCode="OBS" moodCode="EVN">
               <templateId>
                  <item extension="2017-05-01" root="2.16.840.1.113883.10.20.28.4.56"/>
               </templateId>
               <id extension="Ethnicity_PatientCharacteristicEthnicity"
                   root="90030a16-72dc-4abe-944b-7aaed6cec227"/>
               <code code="54133-4"
                     codeSystem="2.16.840.1.113883.6.1"
                     codeSystemName="LOINC">
                  <displayName value="Ethnicity"/>
               </code>
               <title value="Patient Characteristic Ethnicity"/>
               <statusCode code="COMPLETED"/>
               <value valueSet="2.16.840.1.114222.4.11.837" xsi:type="CD"/>
            </observationCriteria>
         </entry>
         <entry typeCode="DRIV">
            <localVariableName value="PreventiveCareServicesInitialOfficeVisit18andUp_EncounterPerformed_mybLq"/>
            <encounterCriteria classCode="ENC" moodCode="EVN">
               <templateId>
                  <item extension="2021-02-01" root="2.16.840.1.113883.10.20.28.4.5"/>
               </templateId>
               <id extension="PreventiveCareServicesInitialOfficeVisit18andUp_EncounterPerformed"
                   root="778cbaaa-b6d7-4c82-bbf2-b569996cca3f"/>
               <code valueSet="2.16.840.1.113883.3.464.1003.101.12.1023"/>
               <title value="Encounter, Performed"/>
               <statusCode code="COMPLETED"/>
            </encounterCriteria>
         </entry>
         <entry typeCode="DRIV">
            <localVariableName value="ConsultantReport_CommunicationPerformed_T0tTd"/>
            <actCriteria classCode="ACT" moodCode="EVN">
               <templateId>
                  <item extension="2021-02-01" root="2.16.840.1.113883.10.20.28.4.132"/>
               </templateId>
               <id extension="ConsultantReport_CommunicationPerformed"
                   root="ebeb09da-94d8-4e93-a0fa-7cf7a5be8acf"/>
               <title value="Communication, Performed"/>
               <statusCode code="COMPLETED"/>
               <outboundRelationship typeCode="RSON">
                  <observationCriteria classCode="OBS" moodCode="EVN">
                     <templateId>
                        <item extension="2017-05-01" root="2.16.840.1.113883.10.20.28.4.88"/>
                     </templateId>
                     <id extension="0353c80b-18b3-4067-bdec-9c7974f3dc91"
                         root="ebeb09da-94d8-4e93-a0fa-7cf7a5be8acf"/>
                     <code code="410666004"
                           codeSystem="2.16.840.1.113883.6.96"
                           codeSystemName="SNOMED CT">
                        <displayName value="Reason"/>
                     </code>
                     <title value="Reason"/>
                     <value valueSet="2.16.840.1.113883.3.464.1003.121.12.1006" xsi:type="CD"/>
                  </observationCriteria>
               </outboundRelationship>
            </actCriteria>
         </entry>
         <entry typeCode="DRIV">
            <localVariableName value="OphthalmologicalServices_EncounterPerformed_E404p"/>
            <encounterCriteria classCode="ENC" moodCode="EVN">
               <templateId>
                  <item extension="2021-02-01" root="2.16.840.1.113883.10.20.28.4.5"/>
               </templateId>
               <id extension="OphthalmologicalServices_EncounterPerformed"
                   root="cf956136-e795-4b01-b80c-1914165f73bc"/>
               <code valueSet="2.16.840.1.113883.3.526.3.1285"/>
               <title value="Encounter, Performed"/>
               <statusCode code="COMPLETED"/>
            </encounterCriteria>
         </entry>
         <entry typeCode="DRIV">
            <localVariableName value="PreventiveCareServicesInitialOfficeVisit0to17_EncounterPerformed_icN7S"/>
            <encounterCriteria classCode="ENC" moodCode="EVN">
               <templateId>
                  <item extension="2021-02-01" root="2.16.840.1.113883.10.20.28.4.5"/>
               </templateId>
               <id extension="PreventiveCareServicesInitialOfficeVisit0to17_EncounterPerformed"
                   root="1f2a3919-6d3a-476b-8073-281f27139780"/>
               <code valueSet="2.16.840.1.113883.3.464.1003.101.12.1022"/>
               <title value="Encounter, Performed"/>
               <statusCode code="COMPLETED"/>
            </encounterCriteria>
         </entry>
         <entry typeCode="DRIV">
            <localVariableName value="Referral_InterventionOrder_8Raws"/>
            <actCriteria classCode="ACT" moodCode="RQO">
               <templateId>
                  <item extension="2021-02-01" root="2.16.840.1.113883.10.20.28.4.35"/>
               </templateId>
               <id extension="Referral_InterventionOrder"
                   root="caeb8864-56a4-4d4f-8d24-de8fe434e112"/>
               <code valueSet="2.16.840.1.113883.3.464.1003.101.12.1046"/>
               <title value="Intervention, Order"/>
               <statusCode code="ACTIVE"/>
            </actCriteria>
         </entry>
         <entry typeCode="DRIV">
            <localVariableName value="Referral_InterventionPerformed_w7Yhg"/>
            <actCriteria classCode="ACT" moodCode="EVN">
               <templateId>
                  <item extension="2021-02-01" root="2.16.840.1.113883.10.20.28.4.36"/>
               </templateId>
               <id extension="Referral_InterventionPerformed"
                   root="a3d3939b-d5ae-4fc3-8c17-2a500fccf0e8"/>
               <code valueSet="2.16.840.1.113883.3.464.1003.101.12.1046"/>
               <title value="Intervention, Performed"/>
               <statusCode code="COMPLETED"/>
            </actCriteria>
         </entry>
         <entry typeCode="DRIV">
            <localVariableName value="PreventiveCareEstablishedOfficeVisit0to17_EncounterPerformed_DXNQp"/>
            <encounterCriteria classCode="ENC" moodCode="EVN">
               <templateId>
                  <item extension="2021-02-01" root="2.16.840.1.113883.10.20.28.4.5"/>
               </templateId>
               <id extension="PreventiveCareEstablishedOfficeVisit0to17_EncounterPerformed"
                   root="8650f438-3168-465b-ac40-50c6ad4b136e"/>
               <code valueSet="2.16.840.1.113883.3.464.1003.101.12.1024"/>
               <title value="Encounter, Performed"/>
               <statusCode code="COMPLETED"/>
            </encounterCriteria>
         </entry>
         <entry typeCode="DRIV">
            <localVariableName value="BehavioralorNeuropsychAssessment_InterventionPerformed_rrSEN"/>
            <actCriteria classCode="ACT" moodCode="EVN">
               <templateId>
                  <item extension="2021-02-01" root="2.16.840.1.113883.10.20.28.4.36"/>
               </templateId>
               <id extension="BehavioralorNeuropsychAssessment_InterventionPerformed"
                   root="693c6b6e-d466-47bd-8dde-7c15bd673840"/>
               <code valueSet="2.16.840.1.113883.3.526.3.1023"/>
               <title value="Intervention, Performed"/>
               <statusCode code="COMPLETED"/>
            </actCriteria>
         </entry>
         <entry typeCode="DRIV">
            <localVariableName value="PayerType_PatientCharacteristicPayer_WwPWW"/>
            <observationCriteria classCode="OBS" moodCode="EVN">
               <templateId>
                  <item extension="2017-05-01" root="2.16.840.1.113883.10.20.28.4.58"/>
               </templateId>
               <id extension="PayerType_PatientCharacteristicPayer"
                   root="56087dbc-de04-43d8-991f-7d71e6258c5e"/>
               <code code="48768-6"
                     codeSystem="2.16.840.1.113883.6.1"
                     codeSystemName="LOINC">
                  <displayName value="Payer Type"/>
               </code>
               <title value="Patient Characteristic Payer"/>
               <statusCode code="COMPLETED"/>
               <value valueSet="2.16.840.1.114222.4.11.3591" xsi:type="CD"/>
            </observationCriteria>
         </entry>
         <entry typeCode="DRIV">
            <actCriteria classCode="ACT" moodCode="EVN">
               <templateId>
                  <item extension="2021-02-01" root="2.16.840.1.113883.10.20.28.4.36"/>
               </templateId>
               <id extension="96138_InterventionPerformed"
                   root="def11f60-290d-4a77-b793-94f67d587a3d"/>
               <code code="96138"
                     codeSystem="2.16.840.1.113883.6.12"
                     codeSystemName="CPT"/>
               <title value="Intervention, Performed"/>
               <statusCode code="COMPLETED"/>
            </actCriteria>
         </entry>
         <entry typeCode="DRIV">
            <actCriteria classCode="ACT" moodCode="EVN">
               <templateId>
                  <item extension="2021-02-01" root="2.16.840.1.113883.10.20.28.4.36"/>
               </templateId>
               <id extension="96136_InterventionPerformed"
                   root="7b876c01-eb99-4183-b799-1cb54811cb3f"/>
               <code code="96136"
                     codeSystem="2.16.840.1.113883.6.12"
                     codeSystemName="CPT"/>
               <title value="Intervention, Performed"/>
               <statusCode code="COMPLETED"/>
            </actCriteria>
         </entry>
         <entry typeCode="DRIV">
            <actCriteria classCode="ACT" moodCode="EVN">
               <templateId>
                  <item extension="2021-02-01" root="2.16.840.1.113883.10.20.28.4.36"/>
               </templateId>
               <id extension="90839_InterventionPerformed"
                   root="d32bbf5d-17a7-426f-bd47-a67ee419b7ef"/>
               <code code="90839"
                     codeSystem="2.16.840.1.113883.6.12"
                     codeSystemName="CPT"/>
               <title value="Intervention, Performed"/>
               <statusCode code="COMPLETED"/>
            </actCriteria>
         </entry>
         <entry typeCode="DRIV">
            <actCriteria classCode="ACT" moodCode="EVN">
               <templateId>
                  <item extension="2021-02-01" root="2.16.840.1.113883.10.20.28.4.36"/>
               </templateId>
               <id extension="96112_InterventionPerformed"
                   root="a7137e9b-d189-4449-a7c5-1224ca9bedcd"/>
               <code code="96112"
                     codeSystem="2.16.840.1.113883.6.12"
                     codeSystemName="CPT"/>
               <title value="Intervention, Performed"/>
               <statusCode code="COMPLETED"/>
            </actCriteria>
         </entry>
         <entry typeCode="DRIV">
            <actCriteria classCode="ACT" moodCode="EVN">
               <templateId>
                  <item extension="2021-02-01" root="2.16.840.1.113883.10.20.28.4.36"/>
               </templateId>
               <id extension="96156_InterventionPerformed"
                   root="8c4cb5d6-b177-4430-af18-a40c9fb4e6db"/>
               <code code="96156"
                     codeSystem="2.16.840.1.113883.6.12"
                     codeSystemName="CPT"/>
               <title value="Intervention, Performed"/>
               <statusCode code="COMPLETED"/>
            </actCriteria>
         </entry>
      </dataCriteriaSection>
   </component>
   <component>
      <populationCriteriaSection>
         <templateId>
            <item extension="2017-08-01" root="2.16.840.1.113883.10.20.28.2.7"/>
         </templateId>
         <id extension="PopulationCriteria1"
             root="e7513bdd-0f10-4398-b119-1be239021886"/>
         <code code="57026-7" codeSystem="2.16.840.1.113883.6.1"/>
         <title value="Population Criteria Section"/>
         <text/>
         <component typeCode="COMP">
            <initialPopulationCriteria classCode="OBS" moodCode="EVN">
               <id extension="initialPopulation"
                   root="D36BF246-D75C-41C1-B4F6-FA174EC27C0D"/>
               <code code="IPOP"
                     codeSystem="2.16.840.1.113883.5.4"
                     codeSystemName="Act Code"/>
               <precondition typeCode="PRCN">
                  <criteriaReference classCode="OBS" moodCode="EVN">
                     <id extension="CMS50CRLReceiptofSpecialistReportQDM.&quot;Initial Population&quot;"
                         root="54c67029-926f-47d6-9752-fcb1b60f77f1"/>
                  </criteriaReference>
               </precondition>
            </initialPopulationCriteria>
         </component>
         <component typeCode="COMP">
            <denominatorCriteria classCode="OBS" moodCode="EVN">
               <id extension="denominator" root="894E9268-7EE5-4E26-BF65-4256C215414D"/>
               <code code="DENOM"
                     codeSystem="2.16.840.1.113883.5.4"
                     codeSystemName="Act Code"/>
               <precondition typeCode="PRCN">
                  <criteriaReference classCode="OBS" moodCode="EVN">
                     <id extension="CMS50CRLReceiptofSpecialistReportQDM.&quot;Denominator&quot;"
                         root="54c67029-926f-47d6-9752-fcb1b60f77f1"/>
                  </criteriaReference>
               </precondition>
            </denominatorCriteria>
         </component>
         <component typeCode="COMP">
            <numeratorCriteria classCode="OBS" moodCode="EVN">
               <id extension="numerator" root="B5A8F06A-68CE-428F-8FBA-FCCEE730ED0C"/>
               <code code="NUMER"
                     codeSystem="2.16.840.1.113883.5.4"
                     codeSystemName="Act Code"/>
               <precondition typeCode="PRCN">
                  <criteriaReference classCode="OBS" moodCode="EVN">
                     <id extension="CMS50CRLReceiptofSpecialistReportQDM.&quot;Numerator&quot;"
                         root="54c67029-926f-47d6-9752-fcb1b60f77f1"/>
                  </criteriaReference>
               </precondition>
            </numeratorCriteria>
         </component>
         <component typeCode="COMP">
            <cql-ext:supplementalDataElement>
               <id extension="Supplemental Data Elements"
                   root="395c7e2c-9c8b-4be7-84a2-4090a7d9ae83"/>
               <code code="SDE"
                     codeSystem="2.16.840.1.113883.5.4"
                     codeSystemName="Act Code"/>
               <precondition typeCode="PRCN">
                  <criteriaReference classCode="OBS" moodCode="EVN">
                     <id extension="CMS50CRLReceiptofSpecialistReportQDM.&quot;SDE Ethnicity&quot;"
                         root="54c67029-926f-47d6-9752-fcb1b60f77f1"/>
                  </criteriaReference>
               </precondition>
            </cql-ext:supplementalDataElement>
         </component>
         <component typeCode="COMP">
            <cql-ext:supplementalDataElement>
               <id extension="Supplemental Data Elements"
                   root="500d77b6-5dbd-44ac-a18f-8c60f9bbf0c1"/>
               <code code="SDE"
                     codeSystem="2.16.840.1.113883.5.4"
                     codeSystemName="Act Code"/>
               <precondition typeCode="PRCN">
                  <criteriaReference classCode="OBS" moodCode="EVN">
                     <id extension="CMS50CRLReceiptofSpecialistReportQDM.&quot;SDE Race&quot;"
                         root="54c67029-926f-47d6-9752-fcb1b60f77f1"/>
                  </criteriaReference>
               </precondition>
            </cql-ext:supplementalDataElement>
         </component>
         <component typeCode="COMP">
            <cql-ext:supplementalDataElement>
               <id extension="Supplemental Data Elements"
                   root="91220f28-237c-4e35-b4fd-29681e86e66f"/>
               <code code="SDE"
                     codeSystem="2.16.840.1.113883.5.4"
                     codeSystemName="Act Code"/>
               <precondition typeCode="PRCN">
                  <criteriaReference classCode="OBS" moodCode="EVN">
                     <id extension="CMS50CRLReceiptofSpecialistReportQDM.&quot;SDE Sex&quot;"
                         root="54c67029-926f-47d6-9752-fcb1b60f77f1"/>
                  </criteriaReference>
               </precondition>
            </cql-ext:supplementalDataElement>
         </component>
         <component typeCode="COMP">
            <cql-ext:supplementalDataElement>
               <id extension="Supplemental Data Elements"
                   root="f14a6d40-16d7-4f81-8605-80a7c6d16aa5"/>
               <code code="SDE"
                     codeSystem="2.16.840.1.113883.5.4"
                     codeSystemName="Act Code"/>
               <precondition typeCode="PRCN">
                  <criteriaReference classCode="OBS" moodCode="EVN">
                     <id extension="CMS50CRLReceiptofSpecialistReportQDM.&quot;SDE Payer&quot;"
                         root="54c67029-926f-47d6-9752-fcb1b60f77f1"/>
                  </criteriaReference>
               </precondition>
            </cql-ext:supplementalDataElement>
         </component>
      </populationCriteriaSection>
   </component>
</QualityMeasureDocument>
