<?xml version="1.0" encoding="UTF-8"?>
<library xmlns="urn:hl7-org:elm:r1" xmlns:t="urn:hl7-org:elm-types:r1" xmlns:xsi="http://www.w3.org/2001/XMLSchema-instance" xmlns:xsd="http://www.w3.org/2001/XMLSchema" xmlns:fhir="http://hl7.org/fhir" xmlns:qdm43="urn:healthit-gov:qdm:v4_3" xmlns:qdm53="urn:healthit-gov:qdm:v5_3" xmlns:a="urn:hl7-org:cql-annotations:r1">
   <annotation translatorOptions="EnableAnnotations,EnableLocators,DisableListDemotion,DisableListPromotion,DisableMethodInvocation" xsi:type="a:CqlToElmInfo"/>
   <annotation xsi:type="a:Annotation">
      <a:s r="96">
         <a:s>library PrimaryCariesPreventionasOfferedbyDentists version '13.0.000'</a:s>
      </a:s>
   </annotation>
   <identifier id="PrimaryCariesPreventionasOfferedbyDentists" version="13.0.000"/>
   <schemaIdentifier id="urn:hl7-org:elm" version="r1"/>
   <usings>
      <def localIdentifier="System" uri="urn:hl7-org:elm-types:r1"/>
      <def localId="1" locator="3:1-3:23" localIdentifier="QDM" uri="urn:healthit-gov:qdm:v5_6" version="5.6">
         <annotation xsi:type="a:Annotation">
            <a:s r="1">
               <a:s>using </a:s>
               <a:s>
                  <a:s>QDM</a:s>
               </a:s>
               <a:s> version '5.6'</a:s>
            </a:s>
         </annotation>
      </def>
   </usings>
   <includes>
      <def localId="2" locator="5:1-5:64" localIdentifier="Global" path="MATGlobalCommonFunctions" version="7.0.000">
         <annotation xsi:type="a:Annotation">
            <a:s r="2">
               <a:s>include </a:s>
               <a:s>
                  <a:s>MATGlobalCommonFunctions</a:s>
               </a:s>
               <a:s> version '7.0.000' called Global</a:s>
            </a:s>
         </annotation>
      </def>
      <def localId="3" locator="6:1-6:48" localIdentifier="Hospice" path="Hospice" version="5.0.000">
         <annotation xsi:type="a:Annotation">
            <a:s r="3">
               <a:s>include </a:s>
               <a:s>
                  <a:s>Hospice</a:s>
               </a:s>
               <a:s> version '5.0.000' called Hospice</a:s>
            </a:s>
         </annotation>
      </def>
   </includes>
   <parameters>
      <def localId="12" locator="15:1-15:49" name="Measurement Period" accessLevel="Public">
         <annotation xsi:type="a:Annotation">
            <a:s r="12">
               <a:s>parameter &quot;Measurement Period&quot; </a:s>
               <a:s r="11">
                  <a:s>Interval&lt;</a:s>
                  <a:s r="10">
                     <a:s>DateTime</a:s>
                  </a:s>
                  <a:s>></a:s>
               </a:s>
            </a:s>
         </annotation>
         <parameterTypeSpecifier localId="11" locator="15:32-15:49" xsi:type="IntervalTypeSpecifier">
            <pointType localId="10" locator="15:41-15:48" name="t:DateTime" xsi:type="NamedTypeSpecifier"/>
         </parameterTypeSpecifier>
      </def>
   </parameters>
   <valueSets>
      <def localId="4" locator="8:1-8:87" name="Clinical Oral Evaluation" id="urn:oid:2.16.840.1.113883.3.464.1003.125.12.1003" accessLevel="Public">
         <annotation xsi:type="a:Annotation">
            <a:s r="4">
               <a:s>valueset &quot;Clinical Oral Evaluation&quot;: 'urn:oid:2.16.840.1.113883.3.464.1003.125.12.1003'</a:s>
            </a:s>
         </annotation>
      </def>
      <def localId="5" locator="9:1-9:58" name="Ethnicity" id="urn:oid:2.16.840.1.114222.4.11.837" accessLevel="Public">
         <annotation xsi:type="a:Annotation">
            <a:s r="5">
               <a:s>valueset &quot;Ethnicity&quot;: 'urn:oid:2.16.840.1.114222.4.11.837'</a:s>
            </a:s>
         </annotation>
      </def>
      <def localId="6" locator="10:1-10:104" name="Fluoride Varnish Application for Children" id="urn:oid:2.16.840.1.113883.3.464.1003.125.12.1002" accessLevel="Public">
         <annotation xsi:type="a:Annotation">
            <a:s r="6">
               <a:s>valueset &quot;Fluoride Varnish Application for Children&quot;: 'urn:oid:2.16.840.1.113883.3.464.1003.125.12.1002'</a:s>
            </a:s>
         </annotation>
      </def>
      <def localId="7" locator="11:1-11:68" name="ONC Administrative Sex" id="urn:oid:2.16.840.1.113762.1.4.1" accessLevel="Public">
         <annotation xsi:type="a:Annotation">
            <a:s r="7">
               <a:s>valueset &quot;ONC Administrative Sex&quot;: 'urn:oid:2.16.840.1.113762.1.4.1'</a:s>
            </a:s>
         </annotation>
      </def>
      <def localId="8" locator="12:1-12:55" name="Payer" id="urn:oid:2.16.840.1.114222.4.11.3591" accessLevel="Public">
         <annotation xsi:type="a:Annotation">
            <a:s r="8">
               <a:s>valueset &quot;Payer&quot;: 'urn:oid:2.16.840.1.114222.4.11.3591'</a:s>
            </a:s>
         </annotation>
      </def>
      <def localId="9" locator="13:1-13:53" name="Race" id="urn:oid:2.16.840.1.114222.4.11.836" accessLevel="Public">
         <annotation xsi:type="a:Annotation">
            <a:s r="9">
               <a:s>valueset &quot;Race&quot;: 'urn:oid:2.16.840.1.114222.4.11.836'</a:s>
            </a:s>
         </annotation>
      </def>
   </valueSets>
   <contexts>
      <def locator="17:1-17:15" name="Patient"/>
   </contexts>
   <statements>
      <def locator="17:1-17:15" name="Patient" context="Patient">
         <expression xsi:type="SingletonFrom">
            <operand locator="17:1-17:15" xmlns:ns0="urn:healthit-gov:qdm:v5_6" dataType="ns0:Patient" templateId="Patient" xsi:type="Retrieve"/>
         </expression>
      </def>
      <def localId="14" locator="19:1-20:51" name="SDE Ethnicity" context="Patient" accessLevel="Public">
         <annotation xsi:type="a:Annotation">
            <a:s r="14">
               <a:s>define &quot;SDE Ethnicity&quot;:
  </a:s>
               <a:s r="13">
                  <a:s>[&quot;Patient Characteristic Ethnicity&quot;: </a:s>
                  <a:s>
                     <a:s>&quot;Ethnicity&quot;</a:s>
                  </a:s>
                  <a:s>]</a:s>
               </a:s>
            </a:s>
         </annotation>
         <expression localId="13" locator="20:3-20:51" xmlns:ns1="urn:healthit-gov:qdm:v5_6" dataType="ns1:PatientCharacteristicEthnicity" codeProperty="code" codeComparator="in" xsi:type="Retrieve">
            <codes locator="20:40-20:50" name="Ethnicity" xsi:type="ValueSetRef"/>
         </expression>
      </def>
      <def localId="16" locator="22:1-23:43" name="SDE Payer" context="Patient" accessLevel="Public">
         <annotation xsi:type="a:Annotation">
            <a:s r="16">
               <a:s>define &quot;SDE Payer&quot;:
  </a:s>
               <a:s r="15">
                  <a:s>[&quot;Patient Characteristic Payer&quot;: </a:s>
                  <a:s>
                     <a:s>&quot;Payer&quot;</a:s>
                  </a:s>
                  <a:s>]</a:s>
               </a:s>
            </a:s>
         </annotation>
         <expression localId="15" locator="23:3-23:43" xmlns:ns2="urn:healthit-gov:qdm:v5_6" dataType="ns2:PatientCharacteristicPayer" codeProperty="code" codeComparator="in" xsi:type="Retrieve">
            <codes locator="23:36-23:42" name="Payer" xsi:type="ValueSetRef"/>
         </expression>
      </def>
      <def localId="18" locator="25:1-26:41" name="SDE Race" context="Patient" accessLevel="Public">
         <annotation xsi:type="a:Annotation">
            <a:s r="18">
               <a:s>define &quot;SDE Race&quot;:
  </a:s>
               <a:s r="17">
                  <a:s>[&quot;Patient Characteristic Race&quot;: </a:s>
                  <a:s>
                     <a:s>&quot;Race&quot;</a:s>
                  </a:s>
                  <a:s>]</a:s>
               </a:s>
            </a:s>
         </annotation>
         <expression localId="17" locator="26:3-26:41" xmlns:ns3="urn:healthit-gov:qdm:v5_6" dataType="ns3:PatientCharacteristicRace" codeProperty="code" codeComparator="in" xsi:type="Retrieve">
            <codes locator="26:35-26:40" name="Race" xsi:type="ValueSetRef"/>
         </expression>
      </def>
      <def localId="20" locator="28:1-29:58" name="SDE Sex" context="Patient" accessLevel="Public">
         <annotation xsi:type="a:Annotation">
            <a:s r="20">
               <a:s>define &quot;SDE Sex&quot;:
  </a:s>
               <a:s r="19">
                  <a:s>[&quot;Patient Characteristic Sex&quot;: </a:s>
                  <a:s>
                     <a:s>&quot;ONC Administrative Sex&quot;</a:s>
                  </a:s>
                  <a:s>]</a:s>
               </a:s>
            </a:s>
         </annotation>
         <expression localId="19" locator="29:3-29:58" xmlns:ns4="urn:healthit-gov:qdm:v5_6" dataType="ns4:PatientCharacteristicSex" codeProperty="code" codeComparator="in" xsi:type="Retrieve">
            <codes locator="29:34-29:57" name="ONC Administrative Sex" xsi:type="ValueSetRef"/>
         </expression>
      </def>
      <def localId="36" locator="43:1-45:74" name="Qualifying Encounters" context="Patient" accessLevel="Public">
         <annotation xsi:type="a:Annotation">
            <a:s r="36">
               <a:s>define &quot;Qualifying Encounters&quot;:
  </a:s>
               <a:s r="35">
                  <a:s>
                     <a:s r="30">
                        <a:s r="29">
                           <a:s r="29">
                              <a:s>[&quot;Encounter, Performed&quot;: </a:s>
                              <a:s>
                                 <a:s>&quot;Clinical Oral Evaluation&quot;</a:s>
                              </a:s>
                              <a:s>]</a:s>
                           </a:s>
                        </a:s>
                        <a:s> ValidEncounter</a:s>
                     </a:s>
                  </a:s>
                  <a:s>
    </a:s>
                  <a:s r="34">
                     <a:s>where </a:s>
                     <a:s r="34">
                        <a:s r="32">
                           <a:s r="31">
                              <a:s>ValidEncounter</a:s>
                           </a:s>
                           <a:s>.</a:s>
                           <a:s r="32">
                              <a:s>relevantPeriod</a:s>
                           </a:s>
                        </a:s>
                        <a:s r="34"> during day of </a:s>
                        <a:s r="33">
                           <a:s>&quot;Measurement Period&quot;</a:s>
                        </a:s>
                     </a:s>
                  </a:s>
               </a:s>
            </a:s>
         </annotation>
         <expression localId="35" locator="44:3-45:74" xsi:type="Query">
            <source localId="30" locator="44:3-44:69" alias="ValidEncounter">
               <expression localId="29" locator="44:3-44:54" xmlns:ns5="urn:healthit-gov:qdm:v5_6" dataType="ns5:PositiveEncounterPerformed" templateId="PositiveEncounterPerformed" codeProperty="code" codeComparator="in" xsi:type="Retrieve">
                  <codes locator="44:28-44:53" name="Clinical Oral Evaluation" xsi:type="ValueSetRef"/>
               </expression>
            </source>
            <where localId="34" locator="45:5-45:74" precision="Day" xsi:type="IncludedIn">
               <operand localId="32" locator="45:11-45:39" path="relevantPeriod" scope="ValidEncounter" xsi:type="Property"/>
               <operand localId="33" locator="45:55-45:74" name="Measurement Period" xsi:type="ParameterRef"/>
            </where>
         </expression>
      </def>
      <def localId="40" locator="47:1-49:42" name="Initial Population" context="Patient" accessLevel="Public">
         <annotation xsi:type="a:Annotation">
            <a:s r="40">
               <a:s>define &quot;Initial Population&quot;:
  </a:s>
               <a:s r="39">
                  <a:s r="28">
                     <a:s r="24">
                        <a:s>AgeInYearsAt(</a:s>
                        <a:s r="23">
                           <a:s>date from </a:s>
                           <a:s r="22">
                              <a:s>start of </a:s>
                              <a:s r="21">
                                 <a:s>&quot;Measurement Period&quot;</a:s>
                              </a:s>
                           </a:s>
                        </a:s>
                        <a:s>)</a:s>
                     </a:s>
                     <a:s>in </a:s>
                     <a:s r="27">
                        <a:s r="25">Interval[1, 20]</a:s>
                     </a:s>
                  </a:s>
                  <a:s>
    and </a:s>
                  <a:s r="38">
                     <a:s>exists </a:s>
                     <a:s r="37">
                        <a:s>( </a:s>
                        <a:s r="37">
                           <a:s>&quot;Qualifying Encounters&quot;</a:s>
                        </a:s>
                        <a:s> )</a:s>
                     </a:s>
                  </a:s>
               </a:s>
            </a:s>
         </annotation>
         <expression localId="39" locator="48:3-49:42" xsi:type="And">
            <operand localId="28" locator="48:3-48:73" xsi:type="In">
               <operand localId="24" locator="48:3-48:55" precision="Year" xsi:type="CalculateAgeAt">
                  <operand xsi:type="ToDate">
                     <operand path="birthDatetime" xsi:type="Property">
                        <source name="Patient" xsi:type="ExpressionRef"/>
                     </operand>
                  </operand>
                  <operand localId="23" locator="48:16-48:54" xsi:type="DateFrom">
                     <operand localId="22" locator="48:26-48:54" xsi:type="Start">
                        <operand localId="21" locator="48:35-48:54" name="Measurement Period" xsi:type="ParameterRef"/>
                     </operand>
                  </operand>
               </operand>
               <operand localId="27" locator="48:59-48:73" lowClosed="true" highClosed="true" xsi:type="Interval">
                  <low localId="25" locator="48:68" valueType="t:Integer" value="1" xsi:type="Literal"/>
                  <high localId="26" locator="48:71-48:72" valueType="t:Integer" value="20" xsi:type="Literal"/>
               </operand>
            </operand>
            <operand localId="38" locator="49:9-49:42" xsi:type="Exists">
               <operand localId="37" locator="49:16-49:42" name="Qualifying Encounters" xsi:type="ExpressionRef"/>
            </operand>
         </expression>
      </def>
      <def localId="42" locator="31:1-32:22" name="Denominator" context="Patient" accessLevel="Public">
         <annotation xsi:type="a:Annotation">
            <a:s r="42">
               <a:s>define &quot;Denominator&quot;:
  </a:s>
               <a:s r="41">
                  <a:s>&quot;Initial Population&quot;</a:s>
               </a:s>
            </a:s>
         </annotation>
         <expression localId="41" locator="32:3-32:22" name="Initial Population" xsi:type="ExpressionRef"/>
      </def>
      <def localId="51" locator="34:1-35:72" name="Stratification 1" context="Patient" accessLevel="Public">
         <annotation xsi:type="a:Annotation">
            <a:s r="51">
               <a:s>define &quot;Stratification 1&quot;:
  </a:s>
               <a:s r="50">
                  <a:s r="46">
                     <a:s>AgeInYearsAt(</a:s>
                     <a:s r="45">
                        <a:s>date from </a:s>
                        <a:s r="44">
                           <a:s>start of </a:s>
                           <a:s r="43">
                              <a:s>&quot;Measurement Period&quot;</a:s>
                           </a:s>
                        </a:s>
                     </a:s>
                     <a:s>)</a:s>
                  </a:s>
                  <a:s>in </a:s>
                  <a:s r="49">
                     <a:s r="47">Interval[1, 5]</a:s>
                  </a:s>
               </a:s>
            </a:s>
         </annotation>
         <expression localId="50" locator="35:3-35:72" xsi:type="In">
            <operand localId="46" locator="35:3-35:55" precision="Year" xsi:type="CalculateAgeAt">
               <operand xsi:type="ToDate">
                  <operand path="birthDatetime" xsi:type="Property">
                     <source name="Patient" xsi:type="ExpressionRef"/>
                  </operand>
               </operand>
               <operand localId="45" locator="35:16-35:54" xsi:type="DateFrom">
                  <operand localId="44" locator="35:26-35:54" xsi:type="Start">
                     <operand localId="43" locator="35:35-35:54" name="Measurement Period" xsi:type="ParameterRef"/>
                  </operand>
               </operand>
            </operand>
            <operand localId="49" locator="35:59-35:72" lowClosed="true" highClosed="true" xsi:type="Interval">
               <low localId="47" locator="35:68" valueType="t:Integer" value="1" xsi:type="Literal"/>
               <high localId="48" locator="35:71" valueType="t:Integer" value="5" xsi:type="Literal"/>
            </operand>
         </expression>
      </def>
      <def localId="60" locator="37:1-38:73" name="Stratification 2" context="Patient" accessLevel="Public">
         <annotation xsi:type="a:Annotation">
            <a:s r="60">
               <a:s>define &quot;Stratification 2&quot;:
  </a:s>
               <a:s r="59">
                  <a:s r="55">
                     <a:s>AgeInYearsAt(</a:s>
                     <a:s r="54">
                        <a:s>date from </a:s>
                        <a:s r="53">
                           <a:s>start of </a:s>
                           <a:s r="52">
                              <a:s>&quot;Measurement Period&quot;</a:s>
                           </a:s>
                        </a:s>
                     </a:s>
                     <a:s>)</a:s>
                  </a:s>
                  <a:s>in </a:s>
                  <a:s r="58">
                     <a:s r="56">Interval[6, 12]</a:s>
                  </a:s>
               </a:s>
            </a:s>
         </annotation>
         <expression localId="59" locator="38:3-38:73" xsi:type="In">
            <operand localId="55" locator="38:3-38:55" precision="Year" xsi:type="CalculateAgeAt">
               <operand xsi:type="ToDate">
                  <operand path="birthDatetime" xsi:type="Property">
                     <source name="Patient" xsi:type="ExpressionRef"/>
                  </operand>
               </operand>
               <operand localId="54" locator="38:16-38:54" xsi:type="DateFrom">
                  <operand localId="53" locator="38:26-38:54" xsi:type="Start">
                     <operand localId="52" locator="38:35-38:54" name="Measurement Period" xsi:type="ParameterRef"/>
                  </operand>
               </operand>
            </operand>
            <operand localId="58" locator="38:59-38:73" lowClosed="true" highClosed="true" xsi:type="Interval">
               <low localId="56" locator="38:68" valueType="t:Integer" value="6" xsi:type="Literal"/>
               <high localId="57" locator="38:71-38:72" valueType="t:Integer" value="12" xsi:type="Literal"/>
            </operand>
         </expression>
      </def>
      <def localId="69" locator="40:1-41:74" name="Stratification 3" context="Patient" accessLevel="Public">
         <annotation xsi:type="a:Annotation">
            <a:s r="69">
               <a:s>define &quot;Stratification 3&quot;:
  </a:s>
               <a:s r="68">
                  <a:s r="64">
                     <a:s>AgeInYearsAt(</a:s>
                     <a:s r="63">
                        <a:s>date from </a:s>
                        <a:s r="62">
                           <a:s>start of </a:s>
                           <a:s r="61">
                              <a:s>&quot;Measurement Period&quot;</a:s>
                           </a:s>
                        </a:s>
                     </a:s>
                     <a:s>)</a:s>
                  </a:s>
                  <a:s>in </a:s>
                  <a:s r="67">
                     <a:s r="65">Interval[13, 20]</a:s>
                  </a:s>
               </a:s>
            </a:s>
         </annotation>
         <expression localId="68" locator="41:3-41:74" xsi:type="In">
            <operand localId="64" locator="41:3-41:55" precision="Year" xsi:type="CalculateAgeAt">
               <operand xsi:type="ToDate">
                  <operand path="birthDatetime" xsi:type="Property">
                     <source name="Patient" xsi:type="ExpressionRef"/>
                  </operand>
               </operand>
               <operand localId="63" locator="41:16-41:54" xsi:type="DateFrom">
                  <operand localId="62" locator="41:26-41:54" xsi:type="Start">
                     <operand localId="61" locator="41:35-41:54" name="Measurement Period" xsi:type="ParameterRef"/>
                  </operand>
               </operand>
            </operand>
            <operand localId="67" locator="41:59-41:74" lowClosed="true" highClosed="true" xsi:type="Interval">
               <low localId="65" locator="41:68-41:69" valueType="t:Integer" value="13" xsi:type="Literal"/>
               <high localId="66" locator="41:72-41:73" valueType="t:Integer" value="20" xsi:type="Literal"/>
            </operand>
         </expression>
      </def>
      <def localId="72" locator="51:1-52:32" name="Denominator Exclusions" context="Patient" accessLevel="Public">
         <annotation xsi:type="a:Annotation">
            <a:s r="72">
               <a:s>define &quot;Denominator Exclusions&quot;:
  </a:s>
               <a:s r="71">
                  <a:s r="70">
                     <a:s>Hospice</a:s>
                  </a:s>
                  <a:s>.</a:s>
                  <a:s r="71">
                     <a:s>&quot;Has Hospice Services&quot;</a:s>
                  </a:s>
               </a:s>
            </a:s>
         </annotation>
         <expression localId="71" locator="52:3-52:32" name="Has Hospice Services" libraryName="Hospice" xsi:type="ExpressionRef"/>
      </def>
      <def localId="96" locator="54:1-59:7" name="Numerator" context="Patient" accessLevel="Public">
         <annotation xsi:type="a:Annotation">
            <a:s r="96">
               <a:s>define &quot;Numerator&quot;:
  </a:s>
               <a:s r="95">
                  <a:s r="93">
                     <a:s>Count(</a:s>
                     <a:s r="92">
                        <a:s>
                           <a:s r="74">
                              <a:s r="73">
                                 <a:s r="73">
                                    <a:s>[&quot;Procedure, Performed&quot;: </a:s>
                                    <a:s>
                                       <a:s>&quot;Fluoride Varnish Application for Children&quot;</a:s>
                                    </a:s>
                                    <a:s>]</a:s>
                                 </a:s>
                              </a:s>
                              <a:s> FluorideApplication</a:s>
                           </a:s>
                        </a:s>
                        <a:s>
      </a:s>
                        <a:s r="82">
                           <a:s>where </a:s>
                           <a:s r="82">
                              <a:s r="80">
                                 <a:s r="75">
                                    <a:s>Global</a:s>
                                 </a:s>
                                 <a:s>.</a:s>
                                 <a:s r="80">
                                    <a:s>&quot;NormalizeInterval&quot;(</a:s>
                                    <a:s r="77">
                                       <a:s r="76">
                                          <a:s>FluorideApplication</a:s>
                                       </a:s>
                                       <a:s>.</a:s>
                                       <a:s r="77">
                                          <a:s>relevantDatetime</a:s>
                                       </a:s>
                                    </a:s>
                                    <a:s>, </a:s>
                                    <a:s r="79">
                                       <a:s r="78">
                                          <a:s>FluorideApplication</a:s>
                                       </a:s>
                                       <a:s>.</a:s>
                                       <a:s r="79">
                                          <a:s>relevantPeriod</a:s>
                                       </a:s>
                                    </a:s>
                                    <a:s>)</a:s>
                                 </a:s>
                              </a:s>
                              <a:s r="82">ends during day of </a:s>
                              <a:s r="81">
                                 <a:s>&quot;Measurement Period&quot;</a:s>
                              </a:s>
                           </a:s>
                        </a:s>
                        <a:s>
      </a:s>
                        <a:s r="91">
                           <a:s>return distinct </a:s>
                           <a:s r="90">
                              <a:s>date from 
      </a:s>
                              <a:s r="89">
                                 <a:s>end of </a:s>
                                 <a:s r="88">
                                    <a:s r="83">
                                       <a:s>Global</a:s>
                                    </a:s>
                                    <a:s>.</a:s>
                                    <a:s r="88">
                                       <a:s>&quot;NormalizeInterval&quot;(</a:s>
                                       <a:s r="85">
                                          <a:s r="84">
                                             <a:s>FluorideApplication</a:s>
                                          </a:s>
                                          <a:s>.</a:s>
                                          <a:s r="85">
                                             <a:s>relevantDatetime</a:s>
                                          </a:s>
                                       </a:s>
                                       <a:s>, </a:s>
                                       <a:s r="87">
                                          <a:s r="86">
                                             <a:s>FluorideApplication</a:s>
                                          </a:s>
                                          <a:s>.</a:s>
                                          <a:s r="87">
                                             <a:s>relevantPeriod</a:s>
                                          </a:s>
                                       </a:s>
                                       <a:s>)</a:s>
                                    </a:s>
                                 </a:s>
                              </a:s>
                           </a:s>
                        </a:s>
                     </a:s>
                     <a:s>
  )</a:s>
                  </a:s>
                  <a:s r="94">>= 2</a:s>
               </a:s>
            </a:s>
         </annotation>
         <expression localId="95" locator="55:3-59:7" xsi:type="GreaterOrEqual">
            <operand localId="93" locator="55:3-59:3" xsi:type="Count">
               <source localId="92" locator="55:9-58:113" xsi:type="Query">
                  <source localId="74" locator="55:9-55:97" alias="FluorideApplication">
                     <expression localId="73" locator="55:9-55:77" xmlns:ns6="urn:healthit-gov:qdm:v5_6" dataType="ns6:PositiveProcedurePerformed" templateId="PositiveProcedurePerformed" codeProperty="code" codeComparator="in" xsi:type="Retrieve">
                        <codes locator="55:34-55:76" name="Fluoride Varnish Application for Children" xsi:type="ValueSetRef"/>
                     </expression>
                  </source>
                  <where localId="82" locator="56:7-56:151" precision="Day" xsi:type="In">
                     <operand locator="56:113-56:116" xsi:type="End">
                        <operand localId="80" locator="56:13-56:112" name="NormalizeInterval" libraryName="Global" xsi:type="FunctionRef">
                           <operand localId="77" locator="56:40-56:75" path="relevantDatetime" scope="FluorideApplication" xsi:type="Property"/>
                           <operand localId="79" locator="56:78-56:111" path="relevantPeriod" scope="FluorideApplication" xsi:type="Property"/>
                        </operand>
                     </operand>
                     <operand localId="81" locator="56:132-56:151" name="Measurement Period" xsi:type="ParameterRef"/>
                  </where>
                  <return localId="91" locator="57:7-58:113" distinct="true">
                     <expression localId="90" locator="57:23-58:113" xsi:type="DateFrom">
                        <operand localId="89" locator="58:7-58:113" xsi:type="End">
                           <operand localId="88" locator="58:14-58:113" name="NormalizeInterval" libraryName="Global" xsi:type="FunctionRef">
                              <operand localId="85" locator="58:41-58:76" path="relevantDatetime" scope="FluorideApplication" xsi:type="Property"/>
                              <operand localId="87" locator="58:79-58:112" path="relevantPeriod" scope="FluorideApplication" xsi:type="Property"/>
                           </operand>
                        </operand>
                     </expression>
                  </return>
               </source>
            </operand>
            <operand localId="94" locator="59:7" valueType="t:Integer" value="2" xsi:type="Literal"/>
         </expression>
      </def>
   </statements>
</library>
