<?xml version="1.0" encoding="UTF-8" standalone="yes"?>
<QualityMeasureDocument xmlns="urn:hl7-org:v3" xmlns:cql-ext="urn:hhs-cql:hqmf-n1-extensions:v1"
                        xmlns:xsi="http://www.w3.org/2001/XMLSchema-instance">

      <!--
            **************************************************************
            Measure Details Section
            **************************************************************
        -->

      <typeId extension="POQM_HD000001UV02" root="2.16.840.1.113883.1.3"/>
   <templateId>
      <item extension="2021-02-01" root="2.16.840.1.113883.10.20.28.1.2"/>
   </templateId>
   <id root="2c928084-82ea-d7c5-0183-6bd4e33420bd"/>
   <code code="57024-2" codeSystem="2.16.840.1.113883.6.1">
      <displayName value="Health Quality Measure Document"/>
   </code>
   <title value="Functional Status Assessment for Total Hip Replacement"/>
   <text
         value="Percentage of patients 19 years of age and older who received an elective primary total hip arthroplasty (THA) and completed a functional status assessment within 90 days prior to the surgery and in the 300 - 425 days after the surgery"/>
   <statusCode code="COMPLETED"/>
   <setId root="2f291003-3f2f-48af-bef9-e5aacb95ac3e"/>
   <versionNumber value="12.0.000"/>
   <author>
      <responsibleParty classCode="ASSIGNED">
         <representedResponsibleOrganization classCode="ORG" determinerCode="INSTANCE">
            <id>
               <item root="2.16.840.1.113883.3.464"/>
            </id>
            <name>
               <item>
                  <part value="National Committee for Quality Assurance"/>
               </item>
            </name>
         </representedResponsibleOrganization>
      </responsibleParty>
   </author>
   <custodian>
      <responsibleParty classCode="ASSIGNED">
         <representedResponsibleOrganization classCode="ORG" determinerCode="INSTANCE">
            <id>
               <item root="93"/>
            </id>
            <name>
               <item>
                  <part value="Centers for Medicare &amp; Medicaid Services (CMS)"/>
               </item>
            </name>
         </representedResponsibleOrganization>
      </responsibleParty>
   </custodian>
   <!--Payer-->
     	 <definition>
      <valueSet classCode="OBS" moodCode="DEF">
         <id root="2.16.840.1.114222.4.11.3591"/>
         <title value="Payer"/>
      </valueSet>
   </definition>
   <!--Mechanical Complications Excluding Upper Body-->
     	 <definition>
      <valueSet classCode="OBS" moodCode="DEF">
         <id root="2.16.840.1.113883.3.464.1003.1182"/>
         <title value="Mechanical Complications Excluding Upper Body"/>
      </valueSet>
   </definition>
   <!--ONC Administrative Sex-->
     	 <definition>
      <valueSet classCode="OBS" moodCode="DEF">
         <id root="2.16.840.1.113762.1.4.1"/>
         <title value="ONC Administrative Sex"/>
      </valueSet>
   </definition>
   <!--Malignant Neoplasms of Lower and Unspecified Limbs-->
     	 <definition>
      <valueSet classCode="OBS" moodCode="DEF">
         <id root="2.16.840.1.113883.3.464.1003.1180"/>
         <title value="Malignant Neoplasms of Lower and Unspecified Limbs"/>
      </valueSet>
   </definition>
   <!--Outpatient Consultation-->
     	 <definition>
      <valueSet classCode="OBS" moodCode="DEF">
         <id root="2.16.840.1.113883.3.464.1003.101.12.1008"/>
         <title value="Outpatient Consultation"/>
      </valueSet>
   </definition>
   <!--Lower Body Fractures Excluding Ankle and Foot-->
     	 <definition>
      <valueSet classCode="OBS" moodCode="DEF">
         <id root="2.16.840.1.113883.3.464.1003.1178"/>
         <title value="Lower Body Fractures Excluding Ankle and Foot"/>
      </valueSet>
   </definition>
   <!--Removal, Revision and Supplement Procedures of the Lower Body and Spine-->
     	 <definition>
      <valueSet classCode="OBS" moodCode="DEF">
         <id root="2.16.840.1.113883.3.464.1003.1189"/>
         <title value="Removal, Revision and Supplement Procedures of the Lower Body and Spine"/>
      </valueSet>
   </definition>
   <!--Partial Arthroplasty of Hip-->
     	 <definition>
      <valueSet classCode="OBS" moodCode="DEF">
         <id root="2.16.840.1.113883.3.464.1003.1184"/>
         <title value="Partial Arthroplasty of Hip"/>
      </valueSet>
   </definition>
   <!--Encounter Inpatient-->
     	 <definition>
      <valueSet classCode="OBS" moodCode="DEF">
         <id root="2.16.840.1.113883.3.666.5.307"/>
         <title value="Encounter Inpatient"/>
      </valueSet>
   </definition>
   <!--Telephone Visits-->
     	 <definition>
      <valueSet classCode="OBS" moodCode="DEF">
         <id root="2.16.840.1.113883.3.464.1003.101.12.1080"/>
         <title value="Telephone Visits"/>
      </valueSet>
   </definition>
   <!--Hospice Care Ambulatory-->
     	 <definition>
      <valueSet classCode="OBS" moodCode="DEF">
         <id root="2.16.840.1.113883.3.526.3.1584"/>
         <title value="Hospice Care Ambulatory"/>
      </valueSet>
   </definition>
   <!--Ethnicity-->
     	 <definition>
      <valueSet classCode="OBS" moodCode="DEF">
         <id root="2.16.840.1.114222.4.11.837"/>
         <title value="Ethnicity"/>
      </valueSet>
   </definition>
   <!--Race-->
     	 <definition>
      <valueSet classCode="OBS" moodCode="DEF">
         <id root="2.16.840.1.114222.4.11.836"/>
         <title value="Race"/>
      </valueSet>
   </definition>
   <!--Hospice Encounter-->
     	 <definition>
      <valueSet classCode="OBS" moodCode="DEF">
         <id root="2.16.840.1.113883.3.464.1003.1003"/>
         <title value="Hospice Encounter"/>
      </valueSet>
   </definition>
   <!--Primary THA Procedure-->
     	 <definition>
      <valueSet classCode="OBS" moodCode="DEF">
         <id root="2.16.840.1.113883.3.464.1003.198.12.1006"/>
         <title value="Primary THA Procedure"/>
      </valueSet>
   </definition>
   <!--Online Assessments-->
     	 <definition>
      <valueSet classCode="OBS" moodCode="DEF">
         <id root="2.16.840.1.113883.3.464.1003.101.12.1089"/>
         <title value="Online Assessments"/>
      </valueSet>
   </definition>
   <!--Office Visit-->
     	 <definition>
      <valueSet classCode="OBS" moodCode="DEF">
         <id root="2.16.840.1.113883.3.464.1003.101.12.1001"/>
         <title value="Office Visit"/>
      </valueSet>
   </definition>
   <!--Hospice Diagnosis-->
     	 <definition>
      <valueSet classCode="OBS" moodCode="DEF">
         <id root="2.16.840.1.113883.3.464.1003.1165"/>
         <title value="Hospice Diagnosis"/>
      </valueSet>
   </definition>
   <!--Dead (finding)-CODE:/CodeSystem/SNOMEDCT/Version/2022-09/Code/419099009/Info-->
      <definition>
      <cql-ext:code code="419099009" codeSystem="2.16.840.1.113883.6.96" codeSystemName="SNOMEDCT">
         <displayName value="Dead (finding)"/>
      </cql-ext:code>
   </definition>
   <!--Quality of life score [HOOS]-CODE:/CodeSystem/LOINC/Version/2.73/Code/72093-8/Info-->
      <definition>
      <cql-ext:code code="72093-8" codeSystem="2.16.840.1.113883.6.1" codeSystemName="LOINC">
         <displayName value="Quality of life score [HOOS]"/>
      </cql-ext:code>
   </definition>
   <!--Hospice care [Minimum Data Set]-CODE:/CodeSystem/LOINC/Version/2.73/Code/45755-6/Info-->
      <definition>
      <cql-ext:code code="45755-6" codeSystem="2.16.840.1.113883.6.1" codeSystemName="LOINC">
         <displayName value="Hospice care [Minimum Data Set]"/>
      </cql-ext:code>
   </definition>
   <!--PROMIS-10 Global Physical Health (GPH) score T-score-CODE:/CodeSystem/LOINC/Version/2.73/Code/71971-6/Info-->
      <definition>
      <cql-ext:code code="71971-6" codeSystem="2.16.840.1.113883.6.1" codeSystemName="LOINC">
         <displayName value="PROMIS-10 Global Physical Health (GPH) score T-score"/>
      </cql-ext:code>
   </definition>
   <!--Total interval score [HOOSJR]-CODE:/CodeSystem/LOINC/Version/2.73/Code/82323-7/Info-->
      <definition>
      <cql-ext:code code="82323-7" codeSystem="2.16.840.1.113883.6.1" codeSystemName="LOINC">
         <displayName value="Total interval score [HOOSJR]"/>
      </cql-ext:code>
   </definition>
   <!--VR-12 Physical component summary (PCS) score - orthogonal method T-score-CODE:/CodeSystem/LOINC/Version/2.73/Code/72027-6/Info-->
      <definition>
      <cql-ext:code code="72027-6" codeSystem="2.16.840.1.113883.6.1" codeSystemName="LOINC">
         <displayName value="VR-12 Physical component summary (PCS) score - orthogonal method T-score"/>
      </cql-ext:code>
   </definition>
   <!--Sport-recreation score [HOOS]-CODE:/CodeSystem/LOINC/Version/2.73/Code/72094-6/Info-->
      <definition>
      <cql-ext:code code="72094-6" codeSystem="2.16.840.1.113883.6.1" codeSystemName="LOINC">
         <displayName value="Sport-recreation score [HOOS]"/>
      </cql-ext:code>
   </definition>
   <!--Activities of daily living score [HOOS]-CODE:/CodeSystem/LOINC/Version/2.73/Code/72095-3/Info-->
      <definition>
      <cql-ext:code code="72095-3" codeSystem="2.16.840.1.113883.6.1" codeSystemName="LOINC">
         <displayName value="Activities of daily living score [HOOS]"/>
      </cql-ext:code>
   </definition>
   <!--VR-12 Mental component summary (MCS) score - orthogonal method T-score-CODE:/CodeSystem/LOINC/Version/2.73/Code/72028-4/Info-->
      <definition>
      <cql-ext:code code="72028-4" codeSystem="2.16.840.1.113883.6.1" codeSystemName="LOINC">
         <displayName value="VR-12 Mental component summary (MCS) score - orthogonal method T-score"/>
      </cql-ext:code>
   </definition>
   <!--Symptoms score [HOOS]-CODE:/CodeSystem/LOINC/Version/2.73/Code/72096-1/Info-->
      <definition>
      <cql-ext:code code="72096-1" codeSystem="2.16.840.1.113883.6.1" codeSystemName="LOINC">
         <displayName value="Symptoms score [HOOS]"/>
      </cql-ext:code>
   </definition>
   <!--Pain score [HOOS]-CODE:/CodeSystem/LOINC/Version/2.73/Code/72097-9/Info-->
      <definition>
      <cql-ext:code code="72097-9" codeSystem="2.16.840.1.113883.6.1" codeSystemName="LOINC">
         <displayName value="Pain score [HOOS]"/>
      </cql-ext:code>
   </definition>
   <!--VR-12 Mental component summary (MCS) score - oblique method T-score-CODE:/CodeSystem/LOINC/Version/2.73/Code/72026-8/Info-->
      <definition>
      <cql-ext:code code="72026-8" codeSystem="2.16.840.1.113883.6.1" codeSystemName="LOINC">
         <displayName value="VR-12 Mental component summary (MCS) score - oblique method T-score"/>
      </cql-ext:code>
   </definition>
   <!--VR-12 Physical component summary (PCS) score - oblique method T-score-CODE:/CodeSystem/LOINC/Version/2.73/Code/72025-0/Info-->
      <definition>
      <cql-ext:code code="72025-0" codeSystem="2.16.840.1.113883.6.1" codeSystemName="LOINC">
         <displayName value="VR-12 Physical component summary (PCS) score - oblique method T-score"/>
      </cql-ext:code>
   </definition>
   <!--PROMIS-10 Global Mental Health (GMH) score T-score-CODE:/CodeSystem/LOINC/Version/2.73/Code/71969-0/Info-->
      <definition>
      <cql-ext:code code="71969-0" codeSystem="2.16.840.1.113883.6.1" codeSystemName="LOINC">
         <displayName value="PROMIS-10 Global Mental Health (GMH) score T-score"/>
      </cql-ext:code>
   </definition>
   <!--Severe cognitive impairment (finding)-CODE:/CodeSystem/SNOMEDCT/Version/2022-09/Code/702956004/Info-->
      <definition>
      <cql-ext:code code="702956004" codeSystem="2.16.840.1.113883.6.96" codeSystemName="SNOMEDCT">
         <displayName value="Severe cognitive impairment (finding)"/>
      </cql-ext:code>
   </definition>
   <!--Postoperative follow-up visit, normally included in the surgical package, to indicate that an evaluation and management service was performed during a postoperative period for a reason(s) related to the original procedure-CODE:/CodeSystem/CPT/Version/2023/Code/99024/Info-->
      <definition>
      <cql-ext:code code="99024" codeSystem="2.16.840.1.113883.6.12" codeSystemName="CPT">
         <displayName value="Postoperative follow-up visit, normally included in the surgical package, to indicate that an evaluation and management service was performed during a postoperative period for a reason(s) related to the original procedure"/>
      </cql-ext:code>
   </definition>
   <!--Discharge to healthcare facility for hospice care (procedure)-CODE:/CodeSystem/SNOMEDCT/Version/2022-09/Code/428371000124100/Info-->
      <definition>
      <cql-ext:code code="428371000124100" codeSystem="2.16.840.1.113883.6.96"
                    codeSystemName="SNOMEDCT">
         <displayName value="Discharge to healthcare facility for hospice care (procedure)"/>
      </cql-ext:code>
   </definition>
   <!--Yes (qualifier value)-CODE:/CodeSystem/SNOMEDCT/Version/2022-09/Code/373066001/Info-->
      <definition>
      <cql-ext:code code="373066001" codeSystem="2.16.840.1.113883.6.96" codeSystemName="SNOMEDCT">
         <displayName value="Yes (qualifier value)"/>
      </cql-ext:code>
   </definition>
   <!--Discharge to home for hospice care (procedure)-CODE:/CodeSystem/SNOMEDCT/Version/2022-09/Code/428361000124107/Info-->
      <definition>
      <cql-ext:code code="428361000124107" codeSystem="2.16.840.1.113883.6.96"
                    codeSystemName="SNOMEDCT">
         <displayName value="Discharge to home for hospice care (procedure)"/>
      </cql-ext:code>
   </definition>
   <relatedDocument typeCode="COMP">
      <expressionDocument>
         <id root="363DE45E-9EB1-40F7-91F1-29EAA3B14319"/>
         <text mediaType="text/cql">
            <reference value="https://emeasuretool.cms.gov/libraries/2f291003-3f2f-48af-bef9-e5aacb95ac3e/CMS56-v12-0-000-QDM-5-6.cql"/>
            <translation mediaType="application/elm+xml">
               <reference value="https://emeasuretool.cms.gov/libraries/2f291003-3f2f-48af-bef9-e5aacb95ac3e/CMS56-v12-0-000-QDM-5-6.xml"/>
            </translation>
            <translation mediaType="application/elm+json">
               <reference value="https://emeasuretool.cms.gov/libraries/2f291003-3f2f-48af-bef9-e5aacb95ac3e/CMS56-v12-0-000-QDM-5-6.json"/>
            </translation>
         </text>
         <setId extension="2f291003-3f2f-48af-bef9-e5aacb95ac3e"
                identifierName="FunctionalStatusAssessmentforTotalHipReplacement"
                root="https://emeasuretool.cms.gov/libraries"/>
         <versionNumber value="12.0.000"/>
      </expressionDocument>
   </relatedDocument>
   <relatedDocument typeCode="COMP">
      <expressionDocument>
         <id root="2c928083865108a3018695077a540ab9"/>
         <text mediaType="text/cql">
            <reference value="https://emeasuretool.cms.gov/libraries/64299b80-f383-4dc9-82e4-d6ef0b271b11/Hospice-v5-0-000-QDM-5-6.cql"/>
            <translation mediaType="application/elm+xml">
               <reference value="https://emeasuretool.cms.gov/libraries/64299b80-f383-4dc9-82e4-d6ef0b271b11/Hospice-v5-0-000-QDM-5-6.xml"/>
            </translation>
            <translation mediaType="application/elm+json">
               <reference value="https://emeasuretool.cms.gov/libraries/64299b80-f383-4dc9-82e4-d6ef0b271b11/Hospice-v5-0-000-QDM-5-6.json"/>
            </translation>
         </text>
         <setId extension="64299b80-f383-4dc9-82e4-d6ef0b271b11" identifierName="Hospice"
                root="https://emeasuretool.cms.gov/libraries"/>
         <versionNumber value="5.0.000"/>
      </expressionDocument>
   </relatedDocument>
   <relatedDocument typeCode="COMP">
      <expressionDocument>
         <id root="2c9280857b2aeb52017b5f8b96c31ff8"/>
         <text mediaType="text/cql">
            <reference value="https://emeasuretool.cms.gov/libraries/8bdc0a19-b210-4a58-8a07-f5d95a34eca9/MATGlobalCommonFunctions-v7-0-000-QDM-5-6.cql"/>
            <translation mediaType="application/elm+xml">
               <reference value="https://emeasuretool.cms.gov/libraries/8bdc0a19-b210-4a58-8a07-f5d95a34eca9/MATGlobalCommonFunctions-v7-0-000-QDM-5-6.xml"/>
            </translation>
            <translation mediaType="application/elm+json">
               <reference value="https://emeasuretool.cms.gov/libraries/8bdc0a19-b210-4a58-8a07-f5d95a34eca9/MATGlobalCommonFunctions-v7-0-000-QDM-5-6.json"/>
            </translation>
         </text>
         <setId extension="8bdc0a19-b210-4a58-8a07-f5d95a34eca9"
                identifierName="MATGlobalCommonFunctions"
                root="https://emeasuretool.cms.gov/libraries"/>
         <versionNumber value="7.0.000"/>
      </expressionDocument>
   </relatedDocument>
   <controlVariable>
      <measurePeriod>
         <id extension="measureperiod" root="6c71a577-f790-4e47-9397-55a09790a7e2"/>
         <code code="MSRTP" codeSystem="2.16.840.1.113883.5.4">
            <originalText value="Measurement Period"/>
         </code>
         <value xsi:type="PIVL_TS">
            <phase highClosed="true" lowClosed="true">
               <low value="20230101"/>
               <width unit="a" value="1" xsi:type="PQ"/>
            </phase>
            <period unit="a" value="1"/>
         </value>
      </measurePeriod>
   </controlVariable>
   <subjectOf>
      <measureAttribute>
         <code nullFlavor="OTH">
            <originalText value="eCQM Identifier (Measure Authoring Tool)"/>
         </code>
         <value mediaType="text/plain" value="56" xsi:type="ED"/>
      </measureAttribute>
   </subjectOf>
   <subjectOf>
      <measureAttribute>
         <code nullFlavor="OTH">
            <originalText value="NQF Number"/>
         </code>
         <value mediaType="text/plain" value="Not Applicable" xsi:type="ED"/>
      </measureAttribute>
   </subjectOf>
   <subjectOf>
      <measureAttribute>
         <code code="COPY" codeSystem="2.16.840.1.113883.5.4">
            <displayName value="Copyright"/>
         </code>
         <value mediaType="text/plain"
                value="This Physician Performance Measure (Measure) and related data specifications are owned and stewarded by the Centers for Medicare &amp; Medicaid Services (CMS). CMS contracted (Contract HHSP23320095627WC; HHSP23337008T) with the National Committee for Quality Assurance (NCQA) to develop this electronic measure. NCQA is not responsible for any use of the Measure. NCQA makes no representations, warranties, or endorsement about the quality of any organization or physician that uses or reports performance measures and NCQA has no liability to anyone who relies on such measures or specifications. &#xA;&#xA;Limited proprietary coding is contained in the Measure specifications for user convenience. Users of proprietary code sets should obtain all necessary licenses from the owners of the code sets. NCQA disclaims all liability for use or accuracy of any third-party codes contained in the specifications. &#xA;&#xA;CPT(R) codes, descriptions and other data are copyright 2022. American Medical Association. All rights reserved. CPT is a trademark of the American Medical Association. No fee schedules, basic units, relative values or related listings are included in CPT. The AMA assumes no liability for the data contained herein. Applicable FARS/DFARS restrictions apply to government use. &#xA;&#xA;LOINC(R) copyright 2004-2022 Regenstrief Institute, Inc. This material contains SNOMED Clinical Terms(R) (SNOMED CT[R]) copyright 2004-2022 International Health Terminology Standards Development Organisation. &#xA;&#xA;ICD-10 copyright 2022 World Health Organization. All Rights Reserved."
                xsi:type="ED"/>
      </measureAttribute>
   </subjectOf>
   <subjectOf>
      <measureAttribute>
         <code code="DISC" codeSystem="2.16.840.1.113883.5.4">
            <displayName value="Disclaimer"/>
         </code>
         <value mediaType="text/plain"
                value="The performance Measure is not a clinical guideline and does not establish a standard of medical care, and has not been tested for all potential applications. THE MEASURE AND SPECIFICATIONS ARE PROVIDED &quot;AS IS&quot; WITHOUT WARRANTY OF ANY KIND.&#xA; &#xA;Due to technical limitations, registered trademarks are indicated by (R) or [R] and unregistered trademarks are indicated by (TM) or [TM]."
                xsi:type="ED"/>
      </measureAttribute>
   </subjectOf>
   <subjectOf>
      <measureAttribute>
         <code code="MSRSCORE" codeSystem="2.16.840.1.113883.5.4">
            <displayName value="Measure Scoring"/>
         </code>
         <value code="PROPOR" codeSystem="2.16.840.1.113883.5.1063" xsi:type="CD">
            <displayName value="Proportion"/>
         </value>
      </measureAttribute>
   </subjectOf>
   <subjectOf>
      <measureAttribute>
         <code code="MSRTYPE" codeSystem="2.16.840.1.113883.5.4">
            <displayName value="Measure Type"/>
         </code>
         <value code="PROCESS" codeSystem="2.16.840.1.113883.5.1063" xsi:type="CD">
            <displayName value="PROCESS"/>
         </value>
      </measureAttribute>
   </subjectOf>
   <subjectOf>
      <measureAttribute>
         <code code="STRAT" codeSystem="2.16.840.1.113883.5.4">
            <displayName value="Stratification"/>
         </code>
         <value mediaType="text/plain" value="None" xsi:type="ED"/>
      </measureAttribute>
   </subjectOf>
   <subjectOf>
      <measureAttribute>
         <code code="MSRADJ" codeSystem="2.16.840.1.113883.5.4">
            <displayName value="Risk Adjustment"/>
         </code>
         <value mediaType="text/plain" value="None" xsi:type="ED"/>
      </measureAttribute>
   </subjectOf>
   <subjectOf>
      <measureAttribute>
         <code code="MSRAGG" codeSystem="2.16.840.1.113883.5.4">
            <displayName value="Rate Aggregation"/>
         </code>
         <value mediaType="text/plain" value="None" xsi:type="ED"/>
      </measureAttribute>
   </subjectOf>
   <subjectOf>
      <measureAttribute>
         <code code="RAT" codeSystem="2.16.840.1.113883.5.4">
            <displayName value="Rationale"/>
         </code>
         <value mediaType="text/plain"
                value="THAs are common surgical procedures that address hip pain and functional impairment, primarily caused by osteoarthritis. Although THA is an effective procedure for addressing osteoarthritis for many patients, some people, particularly those with more severe preoperative pain and impairment, do not experience the improvements in pain, function, and quality of life expected from the procedure (Beswick et al., 2012; Fortin et al., 1999; Tilbury et al., 2016). In 2010, providers performed 326,100 THAs, with 95 percent of them in patients age 45 and older (Wolford, Palso, &amp; Bercovitz, 2015). Although THAs were introduced as a procedure for older adults, the percentage of patients age 55 to 64 (29 percent) who had a THA in 2010 exceeded the percentage of patients age 75 and older (26 percent) who had a THA (Wolford, Palso, &amp; Bercovitz, 2015). Kurtz et al. (2009) projected that patients younger than 65 would account for 52 percent of THAs by 2030. This growth in hip surgeries for patients younger than 65 is significant because these patients often require more expensive joint arthroplasties that will better withstand the wear caused by physical activity (Bozic et al., 2006).&#xA;&#xA;This measure evaluates whether patients complete a patient-reported functional status assessment (FSA) before and after a THA. Measuring functional status for patients undergoing THA permits longitudinal assessment - from the patient's perspective - of the impact of surgical intervention on pain, physical function, as well as health-related quality of life (Rothrock, 2010)."
                xsi:type="ED"/>
      </measureAttribute>
   </subjectOf>
   <subjectOf>
      <measureAttribute>
         <code code="CRS" codeSystem="2.16.840.1.113883.5.4">
            <displayName value="Clinical Recommendation Statement"/>
         </code>
         <value mediaType="text/plain"
                value="While there is no clinical guideline recommending that clinicians assess patients who are undergoing total hip replacements using patient-reported outcomes of function and pain, several clinical specialty societies support the use of a general health questionnaire and a disease-specific questionnaire for these patients. In particular, they recommend the Veterans RAND 12-item health survey (VR-12) or the Patient-Reported Outcomes Measurement Information System [PROMIS]-10-Global as the general health questionnaire and the Hip Disability and Osteoarthritis Outcome Score [HOOS], Jr. as the disease-specific questionnaire (American Association of Orthopaedic Surgeons, the American Joint Replacement Registry, The Hip Society, The Knee Society, &amp; the American Association of Hip and Knee Surgeons, 2015).&#xA;&#xA;Peer-reviewed and grey literature support additional exclusions for patients undergoing total hip replacements. Staged procedures, concurrent procedures, partial procedures, resurfacing procedures, revision procedures, and removal of implant devices or prosthesis were linked to significant morbidity; complications (such as dislocation, infection, and reinfection); and high failure rates (Ludwick, 2021). In addition, mechanical complications, such as instability and dislocation, are also linked to complications and are associated with primary and revision THA/TKA (Gkiatas, 2021). Malignant neoplasms (such as osteonecrosis of the femoral head) are associated with substantial pain and functional disabilities before THA/TKA (Bernhard, 2021).&#xA;&#xA;Additionally, peer-reviewed and grey literature support various postoperative time frames, including follow-up within 10 to 14 months (Franklin, 2021) (Holte, 2021)."
                xsi:type="ED"/>
      </measureAttribute>
   </subjectOf>
   <subjectOf>
      <measureAttribute>
         <code code="IDUR" codeSystem="2.16.840.1.113883.5.4">
            <displayName value="Improvement Notation"/>
         </code>
         <value mediaType="text/plain" value="A higher score indicates better quality"
                xsi:type="ED"/>
      </measureAttribute>
   </subjectOf>
   <subjectOf>
      <measureAttribute>
         <code code="REF" codeSystem="2.16.840.1.113883.5.4">
            <displayName value="Reference"/>
         </code>
         <value mediaType="text/plain"
                value="CITATIONAmerican Association of Orthopaedic Surgeons, The American Joint Replacement Registry, The Hip Society, The Knee Society, &amp; the American Association of Hip and Knee Surgeons. (2015). Patient-reported outcomes summit for total joint arthroplasty report. Retrieved from http://www.aahks.org/wp-content/uploads/2018/08/comment-letter-pro-summit-09082015.pdf"
                xsi:type="ED"/>
      </measureAttribute>
   </subjectOf>
   <subjectOf>
      <measureAttribute>
         <code code="REF" codeSystem="2.16.840.1.113883.5.4">
            <displayName value="Reference"/>
         </code>
         <value mediaType="text/plain"
                value="CITATIONBernhard ME, Barnes CL, DeFeo BM, et al. Total Hip Arthroplasty in Adolescents and Young Adults for Management of Advanced Corticosteroid-Induced Osteonecrosis Secondary to Treatment for Hematologic Malignancies. J Arthroplasty. 2021;36(4):1352-1360. doi:10.1016/j.arth.2020.10.019"
                xsi:type="ED"/>
      </measureAttribute>
   </subjectOf>
   <subjectOf>
      <measureAttribute>
         <code code="REF" codeSystem="2.16.840.1.113883.5.4">
            <displayName value="Reference"/>
         </code>
         <value mediaType="text/plain"
                value="CITATIONBeswick, A. D., Wylde, V., Gooberman-Hill, R., et al. (2012). What Proportion of Patients Report Long-Term Pain after Total Hip or Knee Replacement for Osteoarthritis? A Systematic Review of Prospective Studies in Unselected Patients. British Medical Journal Open, 2(1), 1-12"
                xsi:type="ED"/>
      </measureAttribute>
   </subjectOf>
   <subjectOf>
      <measureAttribute>
         <code code="REF" codeSystem="2.16.840.1.113883.5.4">
            <displayName value="Reference"/>
         </code>
         <value mediaType="text/plain"
                value="CITATIONBozic, K. J., Morsehed, S., Silverstein, M. D., et al. (2006). Use of Cost-Effectiveness Analysis to Evaluate New Technologies in Orthopaedics: The Case of Alternative Bearing Surfaces in Total Hip Arthroplasty. Journal of Bone and Joint Surgery, American Volume, 88(4), 706-714"
                xsi:type="ED"/>
      </measureAttribute>
   </subjectOf>
   <subjectOf>
      <measureAttribute>
         <code code="REF" codeSystem="2.16.840.1.113883.5.4">
            <displayName value="Reference"/>
         </code>
         <value mediaType="text/plain"
                value="CITATIONFortin, P. R., Clarke, A. E., Joseph, L., et al. (1999). Outcomes of Total Hip and Knee Replacement Preoperative Functional Status Predicts Outcomes at Six Months After Surgery. American College of Rheumatology, 42(8), 1722-1728"
                xsi:type="ED"/>
      </measureAttribute>
   </subjectOf>
   <subjectOf>
      <measureAttribute>
         <code code="REF" codeSystem="2.16.840.1.113883.5.4">
            <displayName value="Reference"/>
         </code>
         <value mediaType="text/plain"
                value="CITATIONFranklin PD, Bond CP, Rothrock NE, Cella D. Strategies for Effective Implementation of Patient-Reported Outcome Measures in Arthroplasty Practice. J Bone Joint Surg Am. 2021;103(24):e97. doi:10.2106/JBJS.20.02072"
                xsi:type="ED"/>
      </measureAttribute>
   </subjectOf>
   <subjectOf>
      <measureAttribute>
         <code code="REF" codeSystem="2.16.840.1.113883.5.4">
            <displayName value="Reference"/>
         </code>
         <value mediaType="text/plain"
                value="CITATIONGkiatas, I., Sharma, A. K., Driscoll, D. A., McLawhorn, A. S., Chalmers, B. P., &amp; Sculco, P. K. (2021). Nonconcentric and Irregular Dislocations of Total Hip Arthroplasties: Radiographic Analysis and Review of the Literature. The Journal of Emergency Medicine, 60(4), 451–459. https://doi.org/10.1016/j.jemermed.2020.11.023"
                xsi:type="ED"/>
      </measureAttribute>
   </subjectOf>
   <subjectOf>
      <measureAttribute>
         <code code="REF" codeSystem="2.16.840.1.113883.5.4">
            <displayName value="Reference"/>
         </code>
         <value mediaType="text/plain"
                value="CITATIONHolte AJ, Molloy IB, Werth PM, Jevsevar DS. Do Patient Engagement Platforms in Total Joint Arthroplasty Improve Patient-Reported Outcomes? J Arthroplasty. 2021 Dec;36(12):3850-3858. doi: 10.1016/j.arth.2021.08.003. Epub 2021 Aug 10. PMID: 34481693"
                xsi:type="ED"/>
      </measureAttribute>
   </subjectOf>
   <subjectOf>
      <measureAttribute>
         <code code="REF" codeSystem="2.16.840.1.113883.5.4">
            <displayName value="Reference"/>
         </code>
         <value mediaType="text/plain"
                value="CITATIONKurtz, S. M., Lau, E., Ong, K., et al. (2009). Future Young Patient Demand for Primary and Revision Joint Arthroplasty: National projections from 2010 to 2030. Clinical Orthopaedics and Related Research, 467(10), 2606-2612"
                xsi:type="ED"/>
      </measureAttribute>
   </subjectOf>
   <subjectOf>
      <measureAttribute>
         <code code="REF" codeSystem="2.16.840.1.113883.5.4">
            <displayName value="Reference"/>
         </code>
         <value mediaType="text/plain"
                value="CITATIONLudwick, L., Chisari, E., Wang, J., Clarkson, S., Collins, L., &amp; Parvizi, J. (2021). Emergence of Antibiotic Resistance Across Two-Stage Revision for Periprosthetic Joint Infection. The Journal of Arthroplasty, 36(8), 2946–2950. https://doi.org/10.1016/j.arth.2021.04.007"
                xsi:type="ED"/>
      </measureAttribute>
   </subjectOf>
   <subjectOf>
      <measureAttribute>
         <code code="REF" codeSystem="2.16.840.1.113883.5.4">
            <displayName value="Reference"/>
         </code>
         <value mediaType="text/plain"
                value="CITATIONRothrock, N. E., Hays, R. D., Spritzer, K., et al. (2010). Relative to the General U.S. Population, Chronic Diseases are Associated with Poorer Health-Related Quality of Life as Measured by the Patient-Reported Outcomes Measurement Information System (PROMIS). Journal of Clinical Epidemiology, 63(11), 1195-1204"
                xsi:type="ED"/>
      </measureAttribute>
   </subjectOf>
   <subjectOf>
      <measureAttribute>
         <code code="REF" codeSystem="2.16.840.1.113883.5.4">
            <displayName value="Reference"/>
         </code>
         <value mediaType="text/plain"
                value="CITATIONTilbury, C., Haanstra, T. M., Leichtenberg, C. S., et al. (2016). Unfulfilled Expectations after Total Hip and Knee Arthroplasty Surgery: There is a Need for Better Preoperative Patient Information and Education. Journal of Arthroplasty, 31(10), 2136-2145"
                xsi:type="ED"/>
      </measureAttribute>
   </subjectOf>
   <subjectOf>
      <measureAttribute>
         <code code="REF" codeSystem="2.16.840.1.113883.5.4">
            <displayName value="Reference"/>
         </code>
         <value mediaType="text/plain"
                value="CITATIONWolford, M. L., Palso, K., &amp; Bercovitz, A. (2015, February). Hospitalization for Total Hip Replacement Among Inpatients Aged 45 and Over: United States, 2000-2010. NCHS Data Brief No. 186. Hyattsville, MD: National Center for Health Statistics"
                xsi:type="ED"/>
      </measureAttribute>
   </subjectOf>
   <subjectOf>
      <measureAttribute>
         <code code="DEF" codeSystem="2.16.840.1.113883.5.4">
            <displayName value="Definition"/>
         </code>
         <value mediaType="text/plain" value="None" xsi:type="ED"/>
      </measureAttribute>
   </subjectOf>
   <subjectOf>
      <measureAttribute>
         <code code="GUIDE" codeSystem="2.16.840.1.113883.5.4">
            <displayName value="Guidance"/>
         </code>
         <value mediaType="text/plain"
                value="The same FSA instrument must be used for the initial and follow-up assessment.&#xA;&#xA;This eCQM is a patient-based measure.&#xA;&#xA;This version of the eCQM uses QDM version 5.6. Please refer to the eCQI resource center (https://ecqi.healthit.gov/qdm) for more information on the QDM."
                xsi:type="ED"/>
      </measureAttribute>
   </subjectOf>
   <subjectOf>
      <measureAttribute>
         <code code="TRANF" codeSystem="2.16.840.1.113883.5.4">
            <displayName value="Transmission Format"/>
         </code>
         <value mediaType="text/plain" value="TBD" xsi:type="ED"/>
      </measureAttribute>
   </subjectOf>
   <subjectOf>
      <measureAttribute>
         <code code="IPOP" codeSystem="2.16.840.1.113883.5.4">
            <displayName value="Initial Population"/>
         </code>
         <value mediaType="text/plain"
                value="Patients 19 years of age and older who had a primary THA between November two years prior to the measurement period and October of the year prior to measurement period; and who had an outpatient encounter between November of the year prior to the measurement period and the end of the measurement period"
                xsi:type="ED"/>
      </measureAttribute>
   </subjectOf>
   <subjectOf>
      <measureAttribute>
         <code code="DENOM" codeSystem="2.16.840.1.113883.5.4">
            <displayName value="Denominator"/>
         </code>
         <value mediaType="text/plain" value="Equals Initial Population" xsi:type="ED"/>
      </measureAttribute>
   </subjectOf>
   <subjectOf>
      <measureAttribute>
         <code code="DENEX" codeSystem="2.16.840.1.113883.5.4">
            <displayName value="Denominator Exclusions"/>
         </code>
         <value mediaType="text/plain"
                value="Exclude patients who are in hospice care for any part of the measurement period.&#xA;&#xA;Exclude patients with severe cognitive impairment that starts before or in any part of the measurement period.&#xA;&#xA;Exclude patients with one or more specific lower body fractures indicating trauma in the 24 hours before or at the start of the total hip arthroplasty.&#xA;&#xA;Exclude patients with a partial hip arthroplasty procedure on the day of the total hip arthroplasty.&#xA;&#xA;Exclude patients with a revision hip arthroplasty procedure, an implanted device/prosthesis removal procedure or a resurfacing/supplement procedure on the day of the total hip arthroplasty.&#xA;&#xA;Exclude patients with a malignant neoplasm of the pelvis, sacrum, coccyx, lower limbs, or bone/bone marrow or a disseminated malignant neoplasm on the day of the total hip arthroplasty.&#xA;&#xA;Exclude patients with a mechanical complication on the day of the total hip arthroplasty.&#xA;&#xA;Exclude patients with a second total hip arthroplasty procedure 1 year before or after the original total hip arthroplasty procedure.&#xA;&#xA;Exclude patients who die on the day of the total hip arthroplasty procedure or in the 300 days after."
                xsi:type="ED"/>
      </measureAttribute>
   </subjectOf>
   <subjectOf>
      <measureAttribute>
         <code code="NUMER" codeSystem="2.16.840.1.113883.5.4">
            <displayName value="Numerator"/>
         </code>
         <value mediaType="text/plain"
                value="Patients with patient-reported functional status assessment results (i.e., Veterans RAND 12-item health survey [VR-12], Patient-Reported Outcomes Measurement Information System [PROMIS]-10-Global Health, Hip Disability and Osteoarthritis Outcome Score [HOOS], HOOS Jr.) in the 90 days prior to or on the day of the primary THA procedure, and in the 300 - 425 days after the THA procedure"
                xsi:type="ED"/>
      </measureAttribute>
   </subjectOf>
   <subjectOf>
      <measureAttribute>
         <code code="NUMEX" codeSystem="2.16.840.1.113883.5.4">
            <displayName value="Numerator Exclusions"/>
         </code>
         <value mediaType="text/plain" value="Not Applicable" xsi:type="ED"/>
      </measureAttribute>
   </subjectOf>
   <subjectOf>
      <measureAttribute>
         <code code="DENEXCEP" codeSystem="2.16.840.1.113883.5.4">
            <displayName value="Denominator Exceptions"/>
         </code>
         <value mediaType="text/plain" value="None" xsi:type="ED"/>
      </measureAttribute>
   </subjectOf>
   <subjectOf>
      <measureAttribute>
         <code code="SDE" codeSystem="2.16.840.1.113883.5.4">
            <displayName value="Supplemental Data Elements"/>
         </code>
         <value mediaType="text/plain"
                value="For every patient evaluated by this measure also identify payer, race, ethnicity and sex"
                xsi:type="ED"/>
      </measureAttribute>
   </subjectOf>
   <componentOf>
      <qualityMeasureSet classCode="ACT">
         <id root="2f291003-3f2f-48af-bef9-e5aacb95ac3e"/>
         <title value="Not Applicable"/>
      </qualityMeasureSet>
   </componentOf>
   <!--Data Criteria Section-->
   <component>
      <dataCriteriaSection>
         <templateId>
            <item extension="2021-02-01" root="2.16.840.1.113883.10.20.28.2.6"/>
         </templateId>
         <code code="57025-9" codeSystem="2.16.840.1.113883.6.1"/>
         <title value="Data Criteria Section"/>
         <text/>
         <entry typeCode="DRIV">
            <localVariableName value="Payer_PatientCharacteristicPayer_IycPc"/>
            <observationCriteria classCode="OBS" moodCode="EVN">
               <templateId>
                  <item extension="2017-05-01" root="2.16.840.1.113883.10.20.28.4.58"/>
               </templateId>
               <id extension="Payer_PatientCharacteristicPayer"
                   root="20c990e4-dc06-4ec6-b4db-ba89827fa412"/>
               <code code="48768-6" codeSystem="2.16.840.1.113883.6.1" codeSystemName="LOINC">
                  <displayName value="Payer"/>
               </code>
               <title value="Patient Characteristic Payer"/>
               <statusCode code="COMPLETED"/>
               <value valueSet="2.16.840.1.114222.4.11.3591" xsi:type="CD"/>
            </observationCriteria>
         </entry>
         <entry typeCode="DRIV">
            <localVariableName value="MechanicalComplicationsExcludingUpperBody_Diagnosis_LzdwG"/>
            <observationCriteria classCode="OBS" moodCode="EVN">
               <templateId>
                  <item extension="2021-02-01" root="2.16.840.1.113883.10.20.28.4.110"/>
               </templateId>
               <id extension="MechanicalComplicationsExcludingUpperBody_Diagnosis"
                   root="ed477916-ec95-441d-8a65-4b4b72856e45"/>
               <code code="282291009" codeSystem="2.16.840.1.113883.6.96" codeSystemName="SNOMED CT">
                  <displayName value="Diagnosis"/>
               </code>
               <title value="Diagnosis"/>
               <statusCode code="COMPLETED"/>
               <value valueSet="2.16.840.1.113883.3.464.1003.1182" xsi:type="CD"/>
            </observationCriteria>
         </entry>
         <entry typeCode="DRIV">
            <localVariableName value="ONCAdministrativeSex_PatientCharacteristicSex_9ztC0"/>
            <observationCriteria classCode="OBS" moodCode="EVN">
               <templateId>
                  <item extension="2017-05-01" root="2.16.840.1.113883.10.20.28.4.55"/>
               </templateId>
               <id extension="ONCAdministrativeSex_PatientCharacteristicSex"
                   root="69d865a0-cc11-459d-8850-b91931f2b7da"/>
               <code code="263495000" codeSystem="2.16.840.1.113883.6.96" codeSystemName="SNOMED CT">
                  <displayName value="Gender"/>
               </code>
               <title value="Patient Characteristic Sex"/>
               <statusCode code="COMPLETED"/>
               <value valueSet="2.16.840.1.113762.1.4.1" xsi:type="CD"/>
            </observationCriteria>
         </entry>
         <entry typeCode="DRIV">
            <localVariableName value="MalignantNeoplasmsofLowerandUnspecifiedLimbs_Diagnosis_Xm1w1"/>
            <observationCriteria classCode="OBS" moodCode="EVN">
               <templateId>
                  <item extension="2021-02-01" root="2.16.840.1.113883.10.20.28.4.110"/>
               </templateId>
               <id extension="MalignantNeoplasmsofLowerandUnspecifiedLimbs_Diagnosis"
                   root="4f598190-0c34-460a-b874-35214cdbbcdc"/>
               <code code="282291009" codeSystem="2.16.840.1.113883.6.96" codeSystemName="SNOMED CT">
                  <displayName value="Diagnosis"/>
               </code>
               <title value="Diagnosis"/>
               <statusCode code="COMPLETED"/>
               <value valueSet="2.16.840.1.113883.3.464.1003.1180" xsi:type="CD"/>
            </observationCriteria>
         </entry>
         <entry typeCode="DRIV">
            <localVariableName value="OutpatientConsultation_EncounterPerformed_VPylT"/>
            <encounterCriteria classCode="ENC" moodCode="EVN">
               <templateId>
                  <item extension="2021-02-01" root="2.16.840.1.113883.10.20.28.4.5"/>
               </templateId>
               <id extension="OutpatientConsultation_EncounterPerformed"
                   root="40280381-3e93-d1af-013e-e722ba7d21e1"/>
               <code valueSet="2.16.840.1.113883.3.464.1003.101.12.1008"/>
               <title value="Encounter, Performed"/>
               <statusCode code="COMPLETED"/>
            </encounterCriteria>
         </entry>
         <entry typeCode="DRIV">
            <localVariableName value="LowerBodyFracturesExcludingAnkleandFoot_Diagnosis_7wUBp"/>
            <observationCriteria classCode="OBS" moodCode="EVN">
               <templateId>
                  <item extension="2021-02-01" root="2.16.840.1.113883.10.20.28.4.110"/>
               </templateId>
               <id extension="LowerBodyFracturesExcludingAnkleandFoot_Diagnosis"
                   root="30ff89ff-dbdf-4385-9d8d-4eadc2cf9771"/>
               <code code="282291009" codeSystem="2.16.840.1.113883.6.96" codeSystemName="SNOMED CT">
                  <displayName value="Diagnosis"/>
               </code>
               <title value="Diagnosis"/>
               <statusCode code="COMPLETED"/>
               <value valueSet="2.16.840.1.113883.3.464.1003.1178" xsi:type="CD"/>
            </observationCriteria>
         </entry>
         <entry typeCode="DRIV">
            <localVariableName value="RemovalRevisionandSupplementProceduresoftheLowerBodyandSpine_ProcedurePerformed_JmQ0d"/>
            <procedureCriteria classCode="PROC" moodCode="EVN">
               <templateId>
                  <item extension="2021-02-01" root="2.16.840.1.113883.10.20.28.4.67"/>
               </templateId>
               <id extension="RemovalRevisionandSupplementProceduresoftheLowerBodyandSpine_ProcedurePerformed"
                   root="510ab664-39ad-4c0f-b3ec-4ff925ca612e"/>
               <code valueSet="2.16.840.1.113883.3.464.1003.1189"/>
               <title value="Procedure, Performed"/>
               <statusCode code="COMPLETED"/>
            </procedureCriteria>
         </entry>
         <entry typeCode="DRIV">
            <localVariableName value="PartialArthroplastyofHip_ProcedurePerformed_CepnC"/>
            <procedureCriteria classCode="PROC" moodCode="EVN">
               <templateId>
                  <item extension="2021-02-01" root="2.16.840.1.113883.10.20.28.4.67"/>
               </templateId>
               <id extension="PartialArthroplastyofHip_ProcedurePerformed"
                   root="fc3ef351-1039-426c-8fad-10caec163bcc"/>
               <code valueSet="2.16.840.1.113883.3.464.1003.1184"/>
               <title value="Procedure, Performed"/>
               <statusCode code="COMPLETED"/>
            </procedureCriteria>
         </entry>
         <entry typeCode="DRIV">
            <localVariableName value="EncounterInpatient_EncounterPerformed_32QMC"/>
            <encounterCriteria classCode="ENC" moodCode="EVN">
               <templateId>
                  <item extension="2021-02-01" root="2.16.840.1.113883.10.20.28.4.5"/>
               </templateId>
               <id extension="EncounterInpatient_EncounterPerformed"
                   root="59c3933e-c568-4119-b89d-c29b7c752ef3"/>
               <code valueSet="2.16.840.1.113883.3.666.5.307"/>
               <title value="Encounter, Performed"/>
               <statusCode code="COMPLETED"/>
            </encounterCriteria>
         </entry>
         <entry typeCode="DRIV">
            <localVariableName value="TelephoneVisits_EncounterPerformed_3ZrFI"/>
            <encounterCriteria classCode="ENC" moodCode="EVN">
               <templateId>
                  <item extension="2021-02-01" root="2.16.840.1.113883.10.20.28.4.5"/>
               </templateId>
               <id extension="TelephoneVisits_EncounterPerformed"
                   root="94037114-ed45-43ed-a68d-2f283bb29354"/>
               <code valueSet="2.16.840.1.113883.3.464.1003.101.12.1080"/>
               <title value="Encounter, Performed"/>
               <statusCode code="COMPLETED"/>
            </encounterCriteria>
         </entry>
         <entry typeCode="DRIV">
            <localVariableName value="HospiceCareAmbulatory_InterventionOrder_x5Tgm"/>
            <actCriteria classCode="ACT" moodCode="RQO">
               <templateId>
                  <item extension="2021-02-01" root="2.16.840.1.113883.10.20.28.4.35"/>
               </templateId>
               <id extension="HospiceCareAmbulatory_InterventionOrder"
                   root="1a2e5eaf-2061-42da-a70b-5906364289a2"/>
               <code valueSet="2.16.840.1.113883.3.526.3.1584"/>
               <title value="Intervention, Order"/>
               <statusCode code="ACTIVE"/>
            </actCriteria>
         </entry>
         <entry typeCode="DRIV">
            <localVariableName value="HospiceCareAmbulatory_InterventionPerformed_ZJAn6"/>
            <actCriteria classCode="ACT" moodCode="EVN">
               <templateId>
                  <item extension="2021-02-01" root="2.16.840.1.113883.10.20.28.4.36"/>
               </templateId>
               <id extension="HospiceCareAmbulatory_InterventionPerformed"
                   root="1a2e5eaf-2061-42da-a70b-5906364289a2"/>
               <code valueSet="2.16.840.1.113883.3.526.3.1584"/>
               <title value="Intervention, Performed"/>
               <statusCode code="COMPLETED"/>
            </actCriteria>
         </entry>
         <entry typeCode="DRIV">
            <localVariableName value="Ethnicity_PatientCharacteristicEthnicity_vSzRG"/>
            <observationCriteria classCode="OBS" moodCode="EVN">
               <templateId>
                  <item extension="2017-05-01" root="2.16.840.1.113883.10.20.28.4.56"/>
               </templateId>
               <id extension="Ethnicity_PatientCharacteristicEthnicity"
                   root="6e991bd4-63f3-4b29-8ca8-e1e47c62eba2"/>
               <code code="54133-4" codeSystem="2.16.840.1.113883.6.1" codeSystemName="LOINC">
                  <displayName value="Ethnicity"/>
               </code>
               <title value="Patient Characteristic Ethnicity"/>
               <statusCode code="COMPLETED"/>
               <value valueSet="2.16.840.1.114222.4.11.837" xsi:type="CD"/>
            </observationCriteria>
         </entry>
         <entry typeCode="DRIV">
            <localVariableName value="Race_PatientCharacteristicRace_IjX0K"/>
            <observationCriteria classCode="OBS" moodCode="EVN">
               <templateId>
                  <item extension="2017-05-01" root="2.16.840.1.113883.10.20.28.4.59"/>
               </templateId>
               <id extension="Race_PatientCharacteristicRace"
                   root="e0c2d4b3-e55c-4c6e-a871-7ce4d75fc132"/>
               <code code="32624-9" codeSystem="2.16.840.1.113883.6.1" codeSystemName="LOINC">
                  <displayName value="Race"/>
               </code>
               <title value="Patient Characteristic Race"/>
               <statusCode code="COMPLETED"/>
               <value valueSet="2.16.840.1.114222.4.11.836" xsi:type="CD"/>
            </observationCriteria>
         </entry>
         <entry typeCode="DRIV">
            <localVariableName value="HospiceEncounter_EncounterPerformed_xkIBf"/>
            <encounterCriteria classCode="ENC" moodCode="EVN">
               <templateId>
                  <item extension="2021-02-01" root="2.16.840.1.113883.10.20.28.4.5"/>
               </templateId>
               <id extension="HospiceEncounter_EncounterPerformed"
                   root="93a22f5a-a867-4e89-bb6d-f087930fc43b"/>
               <code valueSet="2.16.840.1.113883.3.464.1003.1003"/>
               <title value="Encounter, Performed"/>
               <statusCode code="COMPLETED"/>
            </encounterCriteria>
         </entry>
         <entry typeCode="DRIV">
            <localVariableName value="PrimaryTHAProcedure_ProcedurePerformed_wl1zL"/>
            <procedureCriteria classCode="PROC" moodCode="EVN">
               <templateId>
                  <item extension="2021-02-01" root="2.16.840.1.113883.10.20.28.4.67"/>
               </templateId>
               <id extension="PrimaryTHAProcedure_ProcedurePerformed"
                   root="e71c8185-924e-4a25-b90a-9cf7d6c2bdd7"/>
               <code valueSet="2.16.840.1.113883.3.464.1003.198.12.1006"/>
               <title value="Procedure, Performed"/>
               <statusCode code="COMPLETED"/>
            </procedureCriteria>
         </entry>
         <entry typeCode="DRIV">
            <localVariableName value="OnlineAssessments_EncounterPerformed_R1rbY"/>
            <encounterCriteria classCode="ENC" moodCode="EVN">
               <templateId>
                  <item extension="2021-02-01" root="2.16.840.1.113883.10.20.28.4.5"/>
               </templateId>
               <id extension="OnlineAssessments_EncounterPerformed"
                   root="f51b5cb2-4ada-43fb-a7d7-42238c05f4a4"/>
               <code valueSet="2.16.840.1.113883.3.464.1003.101.12.1089"/>
               <title value="Encounter, Performed"/>
               <statusCode code="COMPLETED"/>
            </encounterCriteria>
         </entry>
         <entry typeCode="DRIV">
            <localVariableName value="OfficeVisit_EncounterPerformed_MM1LK"/>
            <encounterCriteria classCode="ENC" moodCode="EVN">
               <templateId>
                  <item extension="2021-02-01" root="2.16.840.1.113883.10.20.28.4.5"/>
               </templateId>
               <id extension="OfficeVisit_EncounterPerformed"
                   root="40280381-3e93-d1af-013e-e722ba7e21f2"/>
               <code valueSet="2.16.840.1.113883.3.464.1003.101.12.1001"/>
               <title value="Encounter, Performed"/>
               <statusCode code="COMPLETED"/>
            </encounterCriteria>
         </entry>
         <entry typeCode="DRIV">
            <localVariableName value="HospiceDiagnosis_Diagnosis_2l3rv"/>
            <observationCriteria classCode="OBS" moodCode="EVN">
               <templateId>
                  <item extension="2021-02-01" root="2.16.840.1.113883.10.20.28.4.110"/>
               </templateId>
               <id extension="HospiceDiagnosis_Diagnosis"
                   root="20894cc2-3c1d-4510-a034-2053a45cc394"/>
               <code code="282291009" codeSystem="2.16.840.1.113883.6.96" codeSystemName="SNOMED CT">
                  <displayName value="Diagnosis"/>
               </code>
               <title value="Diagnosis"/>
               <statusCode code="COMPLETED"/>
               <value valueSet="2.16.840.1.113883.3.464.1003.1165" xsi:type="CD"/>
            </observationCriteria>
         </entry>
         <entry typeCode="DRIV">
            <observationCriteria classCode="OBS" moodCode="EVN">
               <templateId>
                  <item extension="2017-05-01" root="2.16.840.1.113883.10.20.28.4.57"/>
               </templateId>
               <id extension="419099009_PatientCharacteristicExpired"
                   root="B2CA8AA0-98BD-4B1D-9A4D-E39803E89012"/>
               <code code="ASSERTION" codeSystem="2.16.840.1.113883.5.4">
                  <displayName value="Assertion"/>
               </code>
               <title value="Patient Characteristic Expired"/>
               <statusCode code="COMPLETED"/>
               <value code="419099009" codeSystem="2.16.840.1.113883.6.96" xsi:type="CD"/>
            </observationCriteria>
         </entry>
         <entry typeCode="DRIV">
            <observationCriteria classCode="OBS" moodCode="EVN">
               <templateId>
                  <item extension="2021-02-01" root="2.16.840.1.113883.10.20.28.4.117"/>
               </templateId>
               <id extension="72093-8_AssessmentPerformed"
                   root="07CE72ED-D0E5-49FF-BA46-E5B298C0F056"/>
               <code code="72093-8" codeSystem="2.16.840.1.113883.6.1" codeSystemName="LOINC"/>
               <title value="Assessment, Performed"/>
               <statusCode code="COMPLETED"/>
            </observationCriteria>
         </entry>
         <entry typeCode="DRIV">
            <observationCriteria classCode="OBS" moodCode="EVN">
               <templateId>
                  <item extension="2021-02-01" root="2.16.840.1.113883.10.20.28.4.117"/>
               </templateId>
               <id extension="45755-6_AssessmentPerformed"
                   root="7E6F3812-20B0-4521-A2DB-8D1047FCA9F8"/>
               <code code="45755-6" codeSystem="2.16.840.1.113883.6.1" codeSystemName="LOINC"/>
               <title value="Assessment, Performed"/>
               <statusCode code="COMPLETED"/>
            </observationCriteria>
         </entry>
         <entry typeCode="DRIV">
            <observationCriteria classCode="OBS" moodCode="EVN">
               <templateId>
                  <item extension="2021-02-01" root="2.16.840.1.113883.10.20.28.4.117"/>
               </templateId>
               <id extension="71971-6_AssessmentPerformed"
                   root="32B23381-2367-4C57-80C4-8E527E305FE2"/>
               <code code="71971-6" codeSystem="2.16.840.1.113883.6.1" codeSystemName="LOINC"/>
               <title value="Assessment, Performed"/>
               <statusCode code="COMPLETED"/>
            </observationCriteria>
         </entry>
         <entry typeCode="DRIV">
            <observationCriteria classCode="OBS" moodCode="EVN">
               <templateId>
                  <item extension="2021-02-01" root="2.16.840.1.113883.10.20.28.4.117"/>
               </templateId>
               <id extension="82323-7_AssessmentPerformed"
                   root="DDA633D5-4FE5-4FD3-B27E-270C73644FC4"/>
               <code code="82323-7" codeSystem="2.16.840.1.113883.6.1" codeSystemName="LOINC"/>
               <title value="Assessment, Performed"/>
               <statusCode code="COMPLETED"/>
            </observationCriteria>
         </entry>
         <entry typeCode="DRIV">
            <observationCriteria classCode="OBS" moodCode="EVN">
               <templateId>
                  <item extension="2021-02-01" root="2.16.840.1.113883.10.20.28.4.117"/>
               </templateId>
               <id extension="72027-6_AssessmentPerformed"
                   root="68405026-D0F7-481E-9989-0A6D5D64F092"/>
               <code code="72027-6" codeSystem="2.16.840.1.113883.6.1" codeSystemName="LOINC"/>
               <title value="Assessment, Performed"/>
               <statusCode code="COMPLETED"/>
            </observationCriteria>
         </entry>
         <entry typeCode="DRIV">
            <observationCriteria classCode="OBS" moodCode="EVN">
               <templateId>
                  <item extension="2021-02-01" root="2.16.840.1.113883.10.20.28.4.117"/>
               </templateId>
               <id extension="72094-6_AssessmentPerformed"
                   root="B0B0ACD2-E833-4D4D-8669-BAA9A9683327"/>
               <code code="72094-6" codeSystem="2.16.840.1.113883.6.1" codeSystemName="LOINC"/>
               <title value="Assessment, Performed"/>
               <statusCode code="COMPLETED"/>
            </observationCriteria>
         </entry>
         <entry typeCode="DRIV">
            <observationCriteria classCode="OBS" moodCode="EVN">
               <templateId>
                  <item extension="2021-02-01" root="2.16.840.1.113883.10.20.28.4.117"/>
               </templateId>
               <id extension="72095-3_AssessmentPerformed"
                   root="7538C1B0-391E-4673-BF88-DDE63B0C5632"/>
               <code code="72095-3" codeSystem="2.16.840.1.113883.6.1" codeSystemName="LOINC"/>
               <title value="Assessment, Performed"/>
               <statusCode code="COMPLETED"/>
            </observationCriteria>
         </entry>
         <entry typeCode="DRIV">
            <observationCriteria classCode="OBS" moodCode="EVN">
               <templateId>
                  <item extension="2021-02-01" root="2.16.840.1.113883.10.20.28.4.117"/>
               </templateId>
               <id extension="72028-4_AssessmentPerformed"
                   root="B9819A3A-E0B5-4B94-8FE1-EFF4B0F06066"/>
               <code code="72028-4" codeSystem="2.16.840.1.113883.6.1" codeSystemName="LOINC"/>
               <title value="Assessment, Performed"/>
               <statusCode code="COMPLETED"/>
            </observationCriteria>
         </entry>
         <entry typeCode="DRIV">
            <observationCriteria classCode="OBS" moodCode="EVN">
               <templateId>
                  <item extension="2021-02-01" root="2.16.840.1.113883.10.20.28.4.117"/>
               </templateId>
               <id extension="72096-1_AssessmentPerformed"
                   root="75512A6A-D679-4F45-B852-01199329F725"/>
               <code code="72096-1" codeSystem="2.16.840.1.113883.6.1" codeSystemName="LOINC"/>
               <title value="Assessment, Performed"/>
               <statusCode code="COMPLETED"/>
            </observationCriteria>
         </entry>
         <entry typeCode="DRIV">
            <observationCriteria classCode="OBS" moodCode="EVN">
               <templateId>
                  <item extension="2021-02-01" root="2.16.840.1.113883.10.20.28.4.117"/>
               </templateId>
               <id extension="72097-9_AssessmentPerformed"
                   root="1694CDB5-4F10-4E71-B62C-C405053B7EE7"/>
               <code code="72097-9" codeSystem="2.16.840.1.113883.6.1" codeSystemName="LOINC"/>
               <title value="Assessment, Performed"/>
               <statusCode code="COMPLETED"/>
            </observationCriteria>
         </entry>
         <entry typeCode="DRIV">
            <observationCriteria classCode="OBS" moodCode="EVN">
               <templateId>
                  <item extension="2021-02-01" root="2.16.840.1.113883.10.20.28.4.117"/>
               </templateId>
               <id extension="72026-8_AssessmentPerformed"
                   root="AADAAE0D-047C-4A23-B7A2-CE4FC52EE9C3"/>
               <code code="72026-8" codeSystem="2.16.840.1.113883.6.1" codeSystemName="LOINC"/>
               <title value="Assessment, Performed"/>
               <statusCode code="COMPLETED"/>
            </observationCriteria>
         </entry>
         <entry typeCode="DRIV">
            <observationCriteria classCode="OBS" moodCode="EVN">
               <templateId>
                  <item extension="2021-02-01" root="2.16.840.1.113883.10.20.28.4.117"/>
               </templateId>
               <id extension="72025-0_AssessmentPerformed"
                   root="DEC6F988-F43D-4CBB-8079-9C4B96794EAB"/>
               <code code="72025-0" codeSystem="2.16.840.1.113883.6.1" codeSystemName="LOINC"/>
               <title value="Assessment, Performed"/>
               <statusCode code="COMPLETED"/>
            </observationCriteria>
         </entry>
         <entry typeCode="DRIV">
            <observationCriteria classCode="OBS" moodCode="EVN">
               <templateId>
                  <item extension="2021-02-01" root="2.16.840.1.113883.10.20.28.4.117"/>
               </templateId>
               <id extension="71969-0_AssessmentPerformed"
                   root="CCB2CA87-06D5-4A25-8918-22A8174A2ABD"/>
               <code code="71969-0" codeSystem="2.16.840.1.113883.6.1" codeSystemName="LOINC"/>
               <title value="Assessment, Performed"/>
               <statusCode code="COMPLETED"/>
            </observationCriteria>
         </entry>
         <entry typeCode="DRIV">
            <observationCriteria classCode="OBS" moodCode="EVN">
               <templateId>
                  <item extension="2021-02-01" root="2.16.840.1.113883.10.20.28.4.110"/>
               </templateId>
               <id extension="702956004_Diagnosis" root="290218B0-FFBE-4614-BBD9-1E3D7EB4B7EA"/>
               <code code="282291009" codeSystem="2.16.840.1.113883.6.96" codeSystemName="SNOMED CT">
                  <displayName value="Diagnosis"/>
               </code>
               <title value="Diagnosis"/>
               <statusCode code="COMPLETED"/>
               <value code="702956004" codeSystem="2.16.840.1.113883.6.96" codeSystemName="SNOMEDCT"
                      xsi:type="CD"/>
            </observationCriteria>
         </entry>
         <entry typeCode="DRIV">
            <encounterCriteria classCode="ENC" moodCode="EVN">
               <templateId>
                  <item extension="2021-02-01" root="2.16.840.1.113883.10.20.28.4.5"/>
               </templateId>
               <id extension="99024_EncounterPerformed"
                   root="20395EF8-E4D2-4C68-81C8-A81A5A3F03DD"/>
               <code code="99024" codeSystem="2.16.840.1.113883.6.12" codeSystemName="CPT"/>
               <title value="Encounter, Performed"/>
               <statusCode code="COMPLETED"/>
            </encounterCriteria>
         </entry>
      </dataCriteriaSection>
   </component>
   <component>
      <populationCriteriaSection>
         <templateId>
            <item extension="2017-08-01" root="2.16.840.1.113883.10.20.28.2.7"/>
         </templateId>
         <id extension="PopulationCriteria1" root="914899DC-4C47-4BD5-B55A-DD2D6DB1DED5"/>
         <code code="57026-7" codeSystem="2.16.840.1.113883.6.1"/>
         <title value="Population Criteria Section"/>
         <text/>
         <component typeCode="COMP">
            <initialPopulationCriteria classCode="OBS" moodCode="EVN">
               <id extension="initialPopulation" root="AF4C1C0E-79D7-4693-ACB8-6FACDCEEF0D4"/>
               <code code="IPOP" codeSystem="2.16.840.1.113883.5.4" codeSystemName="Act Code"/>
               <precondition typeCode="PRCN">
                  <criteriaReference classCode="OBS" moodCode="EVN">
                     <id extension="FunctionalStatusAssessmentforTotalHipReplacement.&quot;Initial Population&quot;"
                         root="363DE45E-9EB1-40F7-91F1-29EAA3B14319"/>
                  </criteriaReference>
               </precondition>
            </initialPopulationCriteria>
         </component>
         <component typeCode="COMP">
            <denominatorCriteria classCode="OBS" moodCode="EVN">
               <id extension="denominator" root="60759161-5DB6-4E1B-8D07-32A5561AE0C4"/>
               <code code="DENOM" codeSystem="2.16.840.1.113883.5.4" codeSystemName="Act Code"/>
               <precondition typeCode="PRCN">
                  <criteriaReference classCode="OBS" moodCode="EVN">
                     <id extension="FunctionalStatusAssessmentforTotalHipReplacement.&quot;Denominator&quot;"
                         root="363DE45E-9EB1-40F7-91F1-29EAA3B14319"/>
                  </criteriaReference>
               </precondition>
            </denominatorCriteria>
         </component>
         <component typeCode="COMP">
            <denominatorExclusionCriteria classCode="OBS" moodCode="EVN">
               <id extension="denominatorExclusions" root="A640731E-3B26-4662-A243-C1BED87544AF"/>
               <code code="DENEX" codeSystem="2.16.840.1.113883.5.4" codeSystemName="Act Code"/>
               <precondition typeCode="PRCN">
                  <criteriaReference classCode="OBS" moodCode="EVN">
                     <id extension="FunctionalStatusAssessmentforTotalHipReplacement.&quot;Denominator Exclusions&quot;"
                         root="363DE45E-9EB1-40F7-91F1-29EAA3B14319"/>
                  </criteriaReference>
               </precondition>
            </denominatorExclusionCriteria>
         </component>
         <component typeCode="COMP">
            <numeratorCriteria classCode="OBS" moodCode="EVN">
               <id extension="numerator" root="AA9FBD3C-49EC-4A9E-BDD5-65F454BC7416"/>
               <code code="NUMER" codeSystem="2.16.840.1.113883.5.4" codeSystemName="Act Code"/>
               <precondition typeCode="PRCN">
                  <criteriaReference classCode="OBS" moodCode="EVN">
                     <id extension="FunctionalStatusAssessmentforTotalHipReplacement.&quot;Numerator&quot;"
                         root="363DE45E-9EB1-40F7-91F1-29EAA3B14319"/>
                  </criteriaReference>
               </precondition>
            </numeratorCriteria>
         </component>
         <component typeCode="COMP">
            <cql-ext:supplementalDataElement>
               <id extension="Supplemental Data Elements"
                   root="313760AC-2ED7-4FA3-A266-2B1CDAF5831D"/>
               <code code="SDE" codeSystem="2.16.840.1.113883.5.4" codeSystemName="Act Code"/>
               <precondition typeCode="PRCN">
                  <criteriaReference classCode="OBS" moodCode="EVN">
                     <id extension="FunctionalStatusAssessmentforTotalHipReplacement.&quot;SDE Ethnicity&quot;"
                         root="363DE45E-9EB1-40F7-91F1-29EAA3B14319"/>
                  </criteriaReference>
               </precondition>
            </cql-ext:supplementalDataElement>
         </component>
         <component typeCode="COMP">
            <cql-ext:supplementalDataElement>
               <id extension="Supplemental Data Elements"
                   root="AEFFF4A5-DBA7-43C0-814C-03291C3DB5C5"/>
               <code code="SDE" codeSystem="2.16.840.1.113883.5.4" codeSystemName="Act Code"/>
               <precondition typeCode="PRCN">
                  <criteriaReference classCode="OBS" moodCode="EVN">
                     <id extension="FunctionalStatusAssessmentforTotalHipReplacement.&quot;SDE Payer&quot;"
                         root="363DE45E-9EB1-40F7-91F1-29EAA3B14319"/>
                  </criteriaReference>
               </precondition>
            </cql-ext:supplementalDataElement>
         </component>
         <component typeCode="COMP">
            <cql-ext:supplementalDataElement>
               <id extension="Supplemental Data Elements"
                   root="708C5EC3-09BC-4AE8-969B-EE144F5AA95D"/>
               <code code="SDE" codeSystem="2.16.840.1.113883.5.4" codeSystemName="Act Code"/>
               <precondition typeCode="PRCN">
                  <criteriaReference classCode="OBS" moodCode="EVN">
                     <id extension="FunctionalStatusAssessmentforTotalHipReplacement.&quot;SDE Race&quot;"
                         root="363DE45E-9EB1-40F7-91F1-29EAA3B14319"/>
                  </criteriaReference>
               </precondition>
            </cql-ext:supplementalDataElement>
         </component>
         <component typeCode="COMP">
            <cql-ext:supplementalDataElement>
               <id extension="Supplemental Data Elements"
                   root="2E8B2112-70EA-46BF-BD05-B4B5C5D2D5F4"/>
               <code code="SDE" codeSystem="2.16.840.1.113883.5.4" codeSystemName="Act Code"/>
               <precondition typeCode="PRCN">
                  <criteriaReference classCode="OBS" moodCode="EVN">
                     <id extension="FunctionalStatusAssessmentforTotalHipReplacement.&quot;SDE Sex&quot;"
                         root="363DE45E-9EB1-40F7-91F1-29EAA3B14319"/>
                  </criteriaReference>
               </precondition>
            </cql-ext:supplementalDataElement>
         </component>
      </populationCriteriaSection>
   </component>
</QualityMeasureDocument>