<?xml version="1.0" encoding="UTF-8" standalone="yes"?>
<QualityMeasureDocument xmlns="urn:hl7-org:v3" xmlns:cql-ext="urn:hhs-cql:hqmf-n1-extensions:v1"
                        xmlns:xsi="http://www.w3.org/2001/XMLSchema-instance">

      <!--
            **************************************************************
            Measure Details Section
            **************************************************************
        -->

      <typeId extension="POQM_HD000001UV02" root="2.16.840.1.113883.1.3"/>
   <templateId>
      <item extension="2021-02-01" root="2.16.840.1.113883.10.20.28.1.2"/>
   </templateId>
   <id root="2c928083-8907-ce68-0189-2bbefefe0669"/>
   <code code="57024-2" codeSystem="2.16.840.1.113883.6.1">
      <displayName value="Health Quality Measure Document"/>
   </code>
   <title value="Follow-Up Care for Children Prescribed ADHD Medication (ADD)"/>
   <text
         value="Percentage of children 6-12 years of age and newly prescribed a medication for attention-deficit/hyperactivity disorder (ADHD) who had appropriate follow-up care. Two rates are reported.  &#xA;a. Percentage of children who had one follow-up visit with a practitioner with prescribing authority during the 30-Day Initiation Phase.&#xA;b. Percentage of children who remained on ADHD medication for at least 210 treatment days and who, in addition to the visit in the Initiation Phase, had at least two additional follow-up visits with a practitioner within 270 days (9 months) after the Initiation Phase ended."/>
   <statusCode code="COMPLETED"/>
   <setId root="703cc49b-b653-4885-80e8-245a057f5ae9"/>
   <versionNumber value="14.0.000"/>
   <author>
      <responsibleParty classCode="ASSIGNED">
         <representedResponsibleOrganization classCode="ORG" determinerCode="INSTANCE">
            <id>
               <item root="2.16.840.1.113883.3.464"/>
            </id>
            <name>
               <item>
                  <part value="National Committee for Quality Assurance"/>
               </item>
            </name>
         </representedResponsibleOrganization>
      </responsibleParty>
   </author>
   <custodian>
      <responsibleParty classCode="ASSIGNED">
         <representedResponsibleOrganization classCode="ORG" determinerCode="INSTANCE">
            <id>
               <item root="40"/>
            </id>
            <name>
               <item>
                  <part value="National Committee for Quality Assurance"/>
               </item>
            </name>
         </representedResponsibleOrganization>
      </responsibleParty>
   </custodian>
   <!--ONC Administrative Sex-->
     	 <definition>
      <valueSet classCode="OBS" moodCode="DEF">
         <id root="2.16.840.1.113762.1.4.1"/>
         <title value="ONC Administrative Sex"/>
      </valueSet>
   </definition>
   <!--Outpatient Consultation-->
     	 <definition>
      <valueSet classCode="OBS" moodCode="DEF">
         <id root="2.16.840.1.113883.3.464.1003.101.12.1008"/>
         <title value="Outpatient Consultation"/>
      </valueSet>
   </definition>
   <!--Telephone Visits-->
     	 <definition>
      <valueSet classCode="OBS" moodCode="DEF">
         <id root="2.16.840.1.113883.3.464.1003.101.12.1080"/>
         <title value="Telephone Visits"/>
      </valueSet>
   </definition>
   <!--Guanfacine Medications-->
     	 <definition>
      <valueSet classCode="OBS" moodCode="DEF">
         <id root="2.16.840.1.113883.3.464.1003.196.11.1252"/>
         <title value="Guanfacine Medications"/>
      </valueSet>
   </definition>
   <!--Preventive Care Services Group Counseling-->
     	 <definition>
      <valueSet classCode="OBS" moodCode="DEF">
         <id root="2.16.840.1.113883.3.464.1003.101.12.1027"/>
         <title value="Preventive Care Services Group Counseling"/>
      </valueSet>
   </definition>
   <!--Hospice Care Ambulatory-->
     	 <definition>
      <valueSet classCode="OBS" moodCode="DEF">
         <id root="2.16.840.1.113883.3.526.3.1584"/>
         <title value="Hospice Care Ambulatory"/>
      </valueSet>
   </definition>
   <!--Psych Visit Psychotherapy-->
     	 <definition>
      <valueSet classCode="OBS" moodCode="DEF">
         <id root="2.16.840.1.113883.3.526.3.1496"/>
         <title value="Psych Visit Psychotherapy"/>
      </valueSet>
   </definition>
   <!--Home Healthcare Services-->
     	 <definition>
      <valueSet classCode="OBS" moodCode="DEF">
         <id root="2.16.840.1.113883.3.464.1003.101.12.1016"/>
         <title value="Home Healthcare Services"/>
      </valueSet>
   </definition>
   <!--Race-->
     	 <definition>
      <valueSet classCode="OBS" moodCode="DEF">
         <id root="2.16.840.1.114222.4.11.836"/>
         <title value="Race"/>
      </valueSet>
   </definition>
   <!--Clonidine-->
     	 <definition>
      <valueSet classCode="OBS" moodCode="DEF">
         <id root="2.16.840.1.113883.3.464.1003.1171"/>
         <title value="Clonidine"/>
      </valueSet>
   </definition>
   <!--Narcolepsy-->
     	 <definition>
      <valueSet classCode="OBS" moodCode="DEF">
         <id root="2.16.840.1.113883.3.464.1003.114.12.1011"/>
         <title value="Narcolepsy"/>
      </valueSet>
   </definition>
   <!--Dexmethylphenidate-->
     	 <definition>
      <valueSet classCode="OBS" moodCode="DEF">
         <id root="2.16.840.1.113883.3.464.1003.1172"/>
         <title value="Dexmethylphenidate"/>
      </valueSet>
   </definition>
   <!--Office Visit-->
     	 <definition>
      <valueSet classCode="OBS" moodCode="DEF">
         <id root="2.16.840.1.113883.3.464.1003.101.12.1001"/>
         <title value="Office Visit"/>
      </valueSet>
   </definition>
   <!--Encounter Inpatient-->
     	 <definition>
      <valueSet classCode="OBS" moodCode="DEF">
         <id root="2.16.840.1.113883.3.666.5.307"/>
         <title value="Encounter Inpatient"/>
      </valueSet>
   </definition>
   <!--Virtual Encounter-->
     	 <definition>
      <valueSet classCode="OBS" moodCode="DEF">
         <id root="2.16.840.1.113883.3.464.1003.101.12.1089"/>
         <title value="Virtual Encounter"/>
      </valueSet>
   </definition>
   <!--Behavioral Health Follow up Visit-->
     	 <definition>
      <valueSet classCode="OBS" moodCode="DEF">
         <id root="2.16.840.1.113883.3.464.1003.101.12.1054"/>
         <title value="Behavioral Health Follow up Visit"/>
      </valueSet>
   </definition>
   <!--Preventive Care Services, Initial Office Visit, 0 to 17-->
     	 <definition>
      <valueSet classCode="OBS" moodCode="DEF">
         <id root="2.16.840.1.113883.3.464.1003.101.12.1022"/>
         <title value="Preventive Care Services, Initial Office Visit, 0 to 17"/>
      </valueSet>
   </definition>
   <!--Preventive Care, Established Office Visit, 0 to 17-->
     	 <definition>
      <valueSet classCode="OBS" moodCode="DEF">
         <id root="2.16.840.1.113883.3.464.1003.101.12.1024"/>
         <title value="Preventive Care, Established Office Visit, 0 to 17"/>
      </valueSet>
   </definition>
   <!--Dextroamphetamine-->
     	 <definition>
      <valueSet classCode="OBS" moodCode="DEF">
         <id root="2.16.840.1.113883.3.464.1003.1173"/>
         <title value="Dextroamphetamine"/>
      </valueSet>
   </definition>
   <!--Lisdexamfetamine-->
     	 <definition>
      <valueSet classCode="OBS" moodCode="DEF">
         <id root="2.16.840.1.113883.3.464.1003.1174"/>
         <title value="Lisdexamfetamine"/>
      </valueSet>
   </definition>
   <!--Preventive Care Services Individual Counseling-->
     	 <definition>
      <valueSet classCode="OBS" moodCode="DEF">
         <id root="2.16.840.1.113883.3.464.1003.101.12.1026"/>
         <title value="Preventive Care Services Individual Counseling"/>
      </valueSet>
   </definition>
   <!--Psych Visit Diagnostic Evaluation-->
     	 <definition>
      <valueSet classCode="OBS" moodCode="DEF">
         <id root="2.16.840.1.113883.3.526.3.1492"/>
         <title value="Psych Visit Diagnostic Evaluation"/>
      </valueSet>
   </definition>
   <!--Ethnicity-->
     	 <definition>
      <valueSet classCode="OBS" moodCode="DEF">
         <id root="2.16.840.1.114222.4.11.837"/>
         <title value="Ethnicity"/>
      </valueSet>
   </definition>
   <!--Atomoxetine-->
     	 <definition>
      <valueSet classCode="OBS" moodCode="DEF">
         <id root="2.16.840.1.113883.3.464.1003.1170"/>
         <title value="Atomoxetine"/>
      </valueSet>
   </definition>
   <!--Hospice Diagnosis-->
     	 <definition>
      <valueSet classCode="OBS" moodCode="DEF">
         <id root="2.16.840.1.113883.3.464.1003.1165"/>
         <title value="Hospice Diagnosis"/>
      </valueSet>
   </definition>
   <!--Hospice Encounter-->
     	 <definition>
      <valueSet classCode="OBS" moodCode="DEF">
         <id root="2.16.840.1.113883.3.464.1003.1003"/>
         <title value="Hospice Encounter"/>
      </valueSet>
   </definition>
   <!--Psychotherapy and Pharmacologic Management-->
     	 <definition>
      <valueSet classCode="OBS" moodCode="DEF">
         <id root="2.16.840.1.113883.3.464.1003.101.12.1055"/>
         <title value="Psychotherapy and Pharmacologic Management"/>
      </valueSet>
   </definition>
   <!--Payer Type-->
     	 <definition>
      <valueSet classCode="OBS" moodCode="DEF">
         <id root="2.16.840.1.114222.4.11.3591"/>
         <title value="Payer Type"/>
      </valueSet>
   </definition>
   <!--Methylphenidate-->
     	 <definition>
      <valueSet classCode="OBS" moodCode="DEF">
         <id root="2.16.840.1.113883.3.464.1003.1176"/>
         <title value="Methylphenidate"/>
      </valueSet>
   </definition>
   <!--Mental Behavioral and Neurodevelopmental Disorders-->
     	 <definition>
      <valueSet classCode="OBS" moodCode="DEF">
         <id root="2.16.840.1.113883.3.464.1003.105.12.1203"/>
         <title value="Mental Behavioral and Neurodevelopmental Disorders"/>
      </valueSet>
   </definition>
   <!--Ambulatory-->
     	 <definition>
      <valueSet classCode="OBS" moodCode="DEF">
         <id root="2.16.840.1.113883.3.464.1003.122.12.1003"/>
         <title value="Ambulatory"/>
      </valueSet>
   </definition>
   <!--methamphetamine hydrochloride 5 MG Oral Tablet-CODE:/CodeSystem/RXNORM/Version/2024-01/Code/977860/Info-->
      <definition>
      <cql-ext:code code="977860" codeSystem="2.16.840.1.113883.6.88" codeSystemName="RXNORM">
         <displayName value="methamphetamine hydrochloride 5 MG Oral Tablet"/>
      </cql-ext:code>
   </definition>
   <!--Hospice care [Minimum Data Set]-CODE:/CodeSystem/LOINC/Version/2.76/Code/45755-6/Info-->
      <definition>
      <cql-ext:code code="45755-6" codeSystem="2.16.840.1.113883.6.1" codeSystemName="LOINC">
         <displayName value="Hospice care [Minimum Data Set]"/>
      </cql-ext:code>
   </definition>
   <!--Every eight hours (qualifier value)-CODE:/CodeSystem/SNOMEDCT/Version/2023-09/Code/307469008/Info-->
      <definition>
      <cql-ext:code code="307469008" codeSystem="2.16.840.1.113883.6.96" codeSystemName="SNOMEDCT">
         <displayName value="Every eight hours (qualifier value)"/>
      </cql-ext:code>
   </definition>
   <!--One to four times a day (qualifier value)-CODE:/CodeSystem/SNOMEDCT/Version/2023-09/Code/396109005/Info-->
      <definition>
      <cql-ext:code code="396109005" codeSystem="2.16.840.1.113883.6.96" codeSystemName="SNOMEDCT">
         <displayName value="One to four times a day (qualifier value)"/>
      </cql-ext:code>
   </definition>
   <!--Every three to four hours (qualifier value)-CODE:/CodeSystem/SNOMEDCT/Version/2023-09/Code/225754004/Info-->
      <definition>
      <cql-ext:code code="225754004" codeSystem="2.16.840.1.113883.6.96" codeSystemName="SNOMEDCT">
         <displayName value="Every three to four hours (qualifier value)"/>
      </cql-ext:code>
   </definition>
   <!--Discharge to home for hospice care (procedure)-CODE:/CodeSystem/SNOMEDCT/Version/2023-09/Code/428361000124107/Info-->
      <definition>
      <cql-ext:code code="428361000124107" codeSystem="2.16.840.1.113883.6.96"
                    codeSystemName="SNOMEDCT">
         <displayName value="Discharge to home for hospice care (procedure)"/>
      </cql-ext:code>
   </definition>
   <!--Every six to eight hours (qualifier value)-CODE:/CodeSystem/SNOMEDCT/Version/2023-09/Code/396139000/Info-->
      <definition>
      <cql-ext:code code="396139000" codeSystem="2.16.840.1.113883.6.96" codeSystemName="SNOMEDCT">
         <displayName value="Every six to eight hours (qualifier value)"/>
      </cql-ext:code>
   </definition>
   <!--Yes (qualifier value)-CODE:/CodeSystem/SNOMEDCT/Version/2023-09/Code/373066001/Info-->
      <definition>
      <cql-ext:code code="373066001" codeSystem="2.16.840.1.113883.6.96" codeSystemName="SNOMEDCT">
         <displayName value="Yes (qualifier value)"/>
      </cql-ext:code>
   </definition>
   <!--One to two times a day (qualifier value)-CODE:/CodeSystem/SNOMEDCT/Version/2023-09/Code/396107007/Info-->
      <definition>
      <cql-ext:code code="396107007" codeSystem="2.16.840.1.113883.6.96" codeSystemName="SNOMEDCT">
         <displayName value="One to two times a day (qualifier value)"/>
      </cql-ext:code>
   </definition>
   <!--Three times daily (qualifier value)-CODE:/CodeSystem/SNOMEDCT/Version/2023-09/Code/229798009/Info-->
      <definition>
      <cql-ext:code code="229798009" codeSystem="2.16.840.1.113883.6.96" codeSystemName="SNOMEDCT">
         <displayName value="Three times daily (qualifier value)"/>
      </cql-ext:code>
   </definition>
   <!--Two to four times a day (qualifier value)-CODE:/CodeSystem/SNOMEDCT/Version/2023-09/Code/396111001/Info-->
      <definition>
      <cql-ext:code code="396111001" codeSystem="2.16.840.1.113883.6.96" codeSystemName="SNOMEDCT">
         <displayName value="Two to four times a day (qualifier value)"/>
      </cql-ext:code>
   </definition>
   <!--Every four hours (qualifier value)-CODE:/CodeSystem/SNOMEDCT/Version/2023-09/Code/225756002/Info-->
      <definition>
      <cql-ext:code code="225756002" codeSystem="2.16.840.1.113883.6.96" codeSystemName="SNOMEDCT">
         <displayName value="Every four hours (qualifier value)"/>
      </cql-ext:code>
   </definition>
   <!--Four times daily (qualifier value)-CODE:/CodeSystem/SNOMEDCT/Version/2023-09/Code/307439001/Info-->
      <definition>
      <cql-ext:code code="307439001" codeSystem="2.16.840.1.113883.6.96" codeSystemName="SNOMEDCT">
         <displayName value="Four times daily (qualifier value)"/>
      </cql-ext:code>
   </definition>
   <!--Every twenty four hours (qualifier value)-CODE:/CodeSystem/SNOMEDCT/Version/2023-09/Code/396125000/Info-->
      <definition>
      <cql-ext:code code="396125000" codeSystem="2.16.840.1.113883.6.96" codeSystemName="SNOMEDCT">
         <displayName value="Every twenty four hours (qualifier value)"/>
      </cql-ext:code>
   </definition>
   <!--Every three to six hours (qualifier value)-CODE:/CodeSystem/SNOMEDCT/Version/2023-09/Code/396127008/Info-->
      <definition>
      <cql-ext:code code="396127008" codeSystem="2.16.840.1.113883.6.96" codeSystemName="SNOMEDCT">
         <displayName value="Every three to six hours (qualifier value)"/>
      </cql-ext:code>
   </definition>
   <!--Twice a day (qualifier value)-CODE:/CodeSystem/SNOMEDCT/Version/2023-09/Code/229799001/Info-->
      <definition>
      <cql-ext:code code="229799001" codeSystem="2.16.840.1.113883.6.96" codeSystemName="SNOMEDCT">
         <displayName value="Twice a day (qualifier value)"/>
      </cql-ext:code>
   </definition>
   <!--Every seventy two hours (qualifier value)-CODE:/CodeSystem/SNOMEDCT/Version/2023-09/Code/396143001/Info-->
      <definition>
      <cql-ext:code code="396143001" codeSystem="2.16.840.1.113883.6.96" codeSystemName="SNOMEDCT">
         <displayName value="Every seventy two hours (qualifier value)"/>
      </cql-ext:code>
   </definition>
   <!--Every eight to twelve hours (qualifier value)-CODE:/CodeSystem/SNOMEDCT/Version/2023-09/Code/396140003/Info-->
      <definition>
      <cql-ext:code code="396140003" codeSystem="2.16.840.1.113883.6.96" codeSystemName="SNOMEDCT">
         <displayName value="Every eight to twelve hours (qualifier value)"/>
      </cql-ext:code>
   </definition>
   <!--Every thirty six hours (qualifier value)-CODE:/CodeSystem/SNOMEDCT/Version/2023-09/Code/396126004/Info-->
      <definition>
      <cql-ext:code code="396126004" codeSystem="2.16.840.1.113883.6.96" codeSystemName="SNOMEDCT">
         <displayName value="Every thirty six hours (qualifier value)"/>
      </cql-ext:code>
   </definition>
   <!--Every forty eight hours (qualifier value)-CODE:/CodeSystem/SNOMEDCT/Version/2023-09/Code/396131002/Info-->
      <definition>
      <cql-ext:code code="396131002" codeSystem="2.16.840.1.113883.6.96" codeSystemName="SNOMEDCT">
         <displayName value="Every forty eight hours (qualifier value)"/>
      </cql-ext:code>
   </definition>
   <!--Discharge to healthcare facility for hospice care (procedure)-CODE:/CodeSystem/SNOMEDCT/Version/2023-09/Code/428371000124100/Info-->
      <definition>
      <cql-ext:code code="428371000124100" codeSystem="2.16.840.1.113883.6.96"
                    codeSystemName="SNOMEDCT">
         <displayName value="Discharge to healthcare facility for hospice care (procedure)"/>
      </cql-ext:code>
   </definition>
   <!--One to three times a day (qualifier value)-CODE:/CodeSystem/SNOMEDCT/Version/2023-09/Code/396108002/Info-->
      <definition>
      <cql-ext:code code="396108002" codeSystem="2.16.840.1.113883.6.96" codeSystemName="SNOMEDCT">
         <displayName value="One to three times a day (qualifier value)"/>
      </cql-ext:code>
   </definition>
   <!--Once daily (qualifier value)-CODE:/CodeSystem/SNOMEDCT/Version/2023-09/Code/229797004/Info-->
      <definition>
      <cql-ext:code code="229797004" codeSystem="2.16.840.1.113883.6.96" codeSystemName="SNOMEDCT">
         <displayName value="Once daily (qualifier value)"/>
      </cql-ext:code>
   </definition>
   <!--Every six hours (qualifier value)-CODE:/CodeSystem/SNOMEDCT/Version/2023-09/Code/307468000/Info-->
      <definition>
      <cql-ext:code code="307468000" codeSystem="2.16.840.1.113883.6.96" codeSystemName="SNOMEDCT">
         <displayName value="Every six hours (qualifier value)"/>
      </cql-ext:code>
   </definition>
   <!--Every twelve hours (qualifier value)-CODE:/CodeSystem/SNOMEDCT/Version/2023-09/Code/307470009/Info-->
      <definition>
      <cql-ext:code code="307470009" codeSystem="2.16.840.1.113883.6.96" codeSystemName="SNOMEDCT">
         <displayName value="Every twelve hours (qualifier value)"/>
      </cql-ext:code>
   </definition>
   <!--Every two to four hours (qualifier value)-CODE:/CodeSystem/SNOMEDCT/Version/2023-09/Code/225752000/Info-->
      <definition>
      <cql-ext:code code="225752000" codeSystem="2.16.840.1.113883.6.96" codeSystemName="SNOMEDCT">
         <displayName value="Every two to four hours (qualifier value)"/>
      </cql-ext:code>
   </definition>
   <relatedDocument typeCode="COMP">
      <expressionDocument>
         <id root="884889F3-A9CC-4FFC-871D-654D9D8D3AAA"/>
         <text mediaType="text/cql">
            <reference value="https://emeasuretool.cms.gov/libraries/703cc49b-b653-4885-80e8-245a057f5ae9/CMS136-v14-0-000-QDM-5-6.cql"/>
            <translation mediaType="application/elm+xml">
               <reference value="https://emeasuretool.cms.gov/libraries/703cc49b-b653-4885-80e8-245a057f5ae9/CMS136-v14-0-000-QDM-5-6.xml"/>
            </translation>
            <translation mediaType="application/elm+json">
               <reference value="https://emeasuretool.cms.gov/libraries/703cc49b-b653-4885-80e8-245a057f5ae9/CMS136-v14-0-000-QDM-5-6.json"/>
            </translation>
         </text>
         <setId extension="703cc49b-b653-4885-80e8-245a057f5ae9"
                identifierName="FollowUpCareforChildrenPrescribedADHDMedicationADD"
                root="https://emeasuretool.cms.gov/libraries"/>
         <versionNumber value="14.0.000"/>
      </expressionDocument>
   </relatedDocument>
   <relatedDocument typeCode="COMP">
      <expressionDocument>
         <id root="8a6d04138d31a32c018db266f42c24b8"/>
         <text mediaType="text/cql">
            <reference value="https://emeasuretool.cms.gov/libraries/a7ed49b6-3b10-4501-9f2d-e0f0782981c7/CumulativeMedicationDurationQDM-v3-0-000-QDM-5-6.cql"/>
            <translation mediaType="application/elm+xml">
               <reference value="https://emeasuretool.cms.gov/libraries/a7ed49b6-3b10-4501-9f2d-e0f0782981c7/CumulativeMedicationDurationQDM-v3-0-000-QDM-5-6.xml"/>
            </translation>
            <translation mediaType="application/elm+json">
               <reference value="https://emeasuretool.cms.gov/libraries/a7ed49b6-3b10-4501-9f2d-e0f0782981c7/CumulativeMedicationDurationQDM-v3-0-000-QDM-5-6.json"/>
            </translation>
         </text>
         <setId extension="a7ed49b6-3b10-4501-9f2d-e0f0782981c7"
                identifierName="CumulativeMedicationDurationQDM"
                root="https://emeasuretool.cms.gov/libraries"/>
         <versionNumber value="3.0.000"/>
      </expressionDocument>
   </relatedDocument>
   <relatedDocument typeCode="COMP">
      <expressionDocument>
         <id root="8a6d04138d31a32c018db25d1778248f"/>
         <text mediaType="text/cql">
            <reference value="https://emeasuretool.cms.gov/libraries/64299b80-f383-4dc9-82e4-d6ef0b271b11/HospiceQDM-v6-0-000-QDM-5-6.cql"/>
            <translation mediaType="application/elm+xml">
               <reference value="https://emeasuretool.cms.gov/libraries/64299b80-f383-4dc9-82e4-d6ef0b271b11/HospiceQDM-v6-0-000-QDM-5-6.xml"/>
            </translation>
            <translation mediaType="application/elm+json">
               <reference value="https://emeasuretool.cms.gov/libraries/64299b80-f383-4dc9-82e4-d6ef0b271b11/HospiceQDM-v6-0-000-QDM-5-6.json"/>
            </translation>
         </text>
         <setId extension="64299b80-f383-4dc9-82e4-d6ef0b271b11" identifierName="HospiceQDM"
                root="https://emeasuretool.cms.gov/libraries"/>
         <versionNumber value="6.0.000"/>
      </expressionDocument>
   </relatedDocument>
   <relatedDocument typeCode="COMP">
      <expressionDocument>
         <id root="8a6d042a8c5931d0018c6e282a31073d"/>
         <text mediaType="text/cql">
            <reference value="https://emeasuretool.cms.gov/libraries/8bdc0a19-b210-4a58-8a07-f5d95a34eca9/MATGlobalCommonFunctionsQDM-v8-0-000-QDM-5-6.cql"/>
            <translation mediaType="application/elm+xml">
               <reference value="https://emeasuretool.cms.gov/libraries/8bdc0a19-b210-4a58-8a07-f5d95a34eca9/MATGlobalCommonFunctionsQDM-v8-0-000-QDM-5-6.xml"/>
            </translation>
            <translation mediaType="application/elm+json">
               <reference value="https://emeasuretool.cms.gov/libraries/8bdc0a19-b210-4a58-8a07-f5d95a34eca9/MATGlobalCommonFunctionsQDM-v8-0-000-QDM-5-6.json"/>
            </translation>
         </text>
         <setId extension="8bdc0a19-b210-4a58-8a07-f5d95a34eca9"
                identifierName="MATGlobalCommonFunctionsQDM"
                root="https://emeasuretool.cms.gov/libraries"/>
         <versionNumber value="8.0.000"/>
      </expressionDocument>
   </relatedDocument>
   <controlVariable>
      <measurePeriod>
         <id extension="measureperiod" root="135bf8f2-fbbe-42ef-b6cc-18fab9ac18e6"/>
         <code code="MSRTP" codeSystem="2.16.840.1.113883.5.4">
            <originalText value="Measurement Period"/>
         </code>
         <value xsi:type="PIVL_TS">
            <phase highClosed="true" lowClosed="true">
               <low value="20240101"/>
               <width unit="a" value="1" xsi:type="PQ"/>
            </phase>
            <period unit="a" value="1"/>
         </value>
      </measurePeriod>
   </controlVariable>
   <subjectOf>
      <measureAttribute>
         <code nullFlavor="OTH">
            <originalText value="eCQM Identifier (Measure Authoring Tool)"/>
         </code>
         <value mediaType="text/plain" value="136" xsi:type="ED"/>
      </measureAttribute>
   </subjectOf>
   <subjectOf>
      <measureAttribute>
         <code nullFlavor="OTH">
            <originalText value="CBE Number"/>
         </code>
         <value mediaType="text/plain" value="Not Applicable" xsi:type="ED"/>
      </measureAttribute>
   </subjectOf>
   <subjectOf>
      <measureAttribute>
         <code code="COPY" codeSystem="2.16.840.1.113883.5.4">
            <displayName value="Copyright"/>
         </code>
         <value mediaType="text/plain"
                value="This Physician Performance Measure (Measure) and related data specifications are owned and were developed by the National Committee for Quality Assurance (NCQA). NCQA is not responsible for any use of the Measure. NCQA makes no representations, warranties, or endorsement about the quality of any organization or physician that uses or reports performance measures and NCQA has no liability to anyone who relies on such measures or specifications. NCQA holds a copyright in the Measure. The Measure can be reproduced and distributed, without modification, for noncommercial purposes (e.g., use by healthcare providers in connection with their practices) without obtaining approval from NCQA. Commercial use is defined as the sale, licensing, or distribution of the Measure for commercial gain, or incorporation of the Measure into a product or service that is sold, licensed or distributed for commercial gain. All commercial uses or requests for modification must be approved by NCQA and are subject to a license at the discretion of NCQA. (C) 2012-2024 National Committee for Quality Assurance. All Rights Reserved.&#xA;&#xA;Limited proprietary coding is contained in the Measure specifications for user convenience. Users of proprietary code sets should obtain all necessary licenses from the owners of the code sets. NCQA disclaims all liability for use or accuracy of any third-party codes contained in the specifications.&#xA;&#xA;CPT(R) codes, descriptions and other data are copyright 2024. American Medical Association. All rights reserved. CPT is a trademark of the American Medical Association. Fee schedules, relative value units, conversion factors and/or related components are not assigned by the AMA, are not part of CPT, and the AMA is not recommending their use. The AMA does not directly or indirectly practice medicine or dispense medical services. The AMA assumes no liability for data contained or not contained herein. Applicable FARS/DFARS restrictions apply to government use.&#xA;&#xA;Some measure specifications contain coding from LOINC(R) (http://loinc.org). The LOINC table, LOINC codes, LOINC panels and form file, LOINC linguistic variants file, LOINC/RSNA Radiology Playbook, and LOINC/IEEE Medical Device Code Mapping Table are copyright 2004-2024 Regenstrief Institute, Inc. and the Logical Observation Identifiers Names and Codes (LOINC) Committee, and are available at no cost under the license at http://loinc.org/terms-of-use.&#xA;&#xA;This material contains SNOMED Clinical Terms(R) (SNOMED CT[R]) copyright 2004-2023 International Health Terminology Standards Development Organisation. &#xA;&#xA;ICD-10 copyright 2024 World Health Organization. All Rights Reserved.&#xA;&#xA;Some measures use RxNorm, a standardized nomenclature and coding for clinical drugs and drug delivery devices, which is made publicly available courtesy of the U.S. National Library of Medicine (NLM), National Institutes of Health, Department of Health and Human Services. NLM is not responsible for the measures and does not endorse or recommend this or any other product.&#xA;&#xA;“HL7” is the registered trademark of Health Level Seven International."
                xsi:type="ED"/>
      </measureAttribute>
   </subjectOf>
   <subjectOf>
      <measureAttribute>
         <code code="DISC" codeSystem="2.16.840.1.113883.5.4">
            <displayName value="Disclaimer"/>
         </code>
         <value mediaType="text/plain"
                value="The performance Measure is not a clinical guideline and does not establish a standard of medical care, and has not been tested for all potential applications. THE MEASURE AND SPECIFICATIONS ARE PROVIDED &quot;AS IS&quot; WITHOUT WARRANTY OF ANY KIND.&#xA; &#xA;Due to technical limitations, registered trademarks are indicated by (R) or [R] and unregistered trademarks are indicated by (TM) or [TM]."
                xsi:type="ED"/>
      </measureAttribute>
   </subjectOf>
   <subjectOf>
      <measureAttribute>
         <code code="MSRSCORE" codeSystem="2.16.840.1.113883.5.4">
            <displayName value="Measure Scoring"/>
         </code>
         <value code="PROPOR" codeSystem="2.16.840.1.113883.5.1063" xsi:type="CD">
            <displayName value="Proportion"/>
         </value>
      </measureAttribute>
   </subjectOf>
   <subjectOf>
      <measureAttribute>
         <code code="MSRTYPE" codeSystem="2.16.840.1.113883.5.4">
            <displayName value="Measure Type"/>
         </code>
         <value code="PROCESS" codeSystem="2.16.840.1.113883.5.1063" xsi:type="CD">
            <displayName value="PROCESS"/>
         </value>
      </measureAttribute>
   </subjectOf>
   <subjectOf>
      <measureAttribute>
         <code code="STRAT" codeSystem="2.16.840.1.113883.5.4">
            <displayName value="Stratification"/>
         </code>
         <value mediaType="text/plain" value="None" xsi:type="ED"/>
      </measureAttribute>
   </subjectOf>
   <subjectOf>
      <measureAttribute>
         <code code="MSRADJ" codeSystem="2.16.840.1.113883.5.4">
            <displayName value="Risk Adjustment"/>
         </code>
         <value mediaType="text/plain" value="None" xsi:type="ED"/>
      </measureAttribute>
   </subjectOf>
   <subjectOf>
      <measureAttribute>
         <code code="MSRAGG" codeSystem="2.16.840.1.113883.5.4">
            <displayName value="Rate Aggregation"/>
         </code>
         <value mediaType="text/plain" value="None" xsi:type="ED"/>
      </measureAttribute>
   </subjectOf>
   <subjectOf>
      <measureAttribute>
         <code code="RAT" codeSystem="2.16.840.1.113883.5.4">
            <displayName value="Rationale"/>
         </code>
         <value mediaType="text/plain"
                value="ADHD is one of the more common chronic conditions of childhood. Children with ADHD may experience significant functional problems, such as school difficulties; academic underachievement; troublesome relationships with family members and peers; and behavioral problems (AAP, 2019). Given the high prevalence of ADHD among school-aged children (11 percent), primary care clinicians will regularly encounter children with ADHD and should have a strategy for diagnosing and long-term management of this condition (Visser et al., 2014). Reports indicate that the use of ADHD medication among children rose 28 percent between 2007 and 2011 (Visser et al., 2014).&#xA;&#xA;Practitioners can convey the efficacy of pharmacotherapy to their patients. American Academy of Pediatrics (AAP) guidelines recommend that once a child is stable, an office visit every three to six months allows assessment of learning and behavior (AAP, 2019). Follow-up appointments should be made at least monthly until the child’s symptoms have been stabilized (AACAP, 2007).&#xA;&#xA;Providers have an opportunity to track medication use in patients and provide the appropriate follow-up care to monitor clinical symptoms and potential adverse events."
                xsi:type="ED"/>
      </measureAttribute>
   </subjectOf>
   <subjectOf>
      <measureAttribute>
         <code code="CRS" codeSystem="2.16.840.1.113883.5.4">
            <displayName value="Clinical Recommendation Statement"/>
         </code>
         <value mediaType="text/plain"
                value="American Academy of Pediatrics Clinical Practice Guideline for the Diagnosis, Evaluation and Treatment of ADHD in Children and Adolescents (2019)&#xA;- Key Action Statement (KAS) 1: The pediatrician or other primary care clinicians (PCC) should initiate an evaluation for ADHD for any child or adolescent age 4 years to the 18th birthday who presents with academic or behavioral problems and symptoms of inattention, hyperactivity, or impulsivity. Grade B: Strong Recommendation&#xA;- KAS 4: ADHD is a chronic condition; therefore, the PCC should manage children and adolescents with ADHD in the same manner that they would children and youth with special health care needs, following the principles of the chronic care model and the medical home. Grade B: Strong Recommendation&#xA;- KAS 5b: For elementary and middle school-aged children (age 6 years to the 12th birthday) with ADHD, the PCC should prescribe FDA-approved medications for ADHD, along with parent training in behavior management (PTBM) and/or behavioral classroom intervention (preferably both PTBM and behavioral classroom interventions). Educational interventions and individualized instructional supports, including school environment, class placement, instructional placement, and behavioral supports, are a necessary part of any treatment plan and often include an Individualized Education Program (IEP) or a rehabilitation plan (504 plan). Grade A: Strong Recommendation&#xA;- KAS 6. “The PCC should titrate doses of medication for ADHD to achieve maximum benefit with tolerable side effects”. Grade B, strong recommendation&#xA;&#xA;American Academy of Child and Adolescent Psychiatry (AACAP) Practice Parameter for the Assessment and Treatment of Children and Adolescents with ADHD (2007)&#xA;- Overall Guideline: The key to effective long-term management of the patient with ADHD is continuity of care with a clinician experienced in the treatment of ADHD. The frequency and duration of follow-up sessions should be individualized for each family and patient, depending on the severity of ADHD symptoms; the degree of comorbidity of other psychiatric illness; the response to treatment; and the degree of impairment in home, school, work, or peer-related activities. The clinician should establish an effective mechanism for receiving feedback from the family and other important informants in the patient's environment to be sure symptoms are well controlled and side effects are minimal. Although this parameter does not seek to set a formula for the method of follow-up, significant contact with the clinician should typically occur two to four times per year in cases of uncomplicated ADHD and up to weekly sessions at times of severe dysfunction or complications of treatment.&#xA;- Recommendation 6: A Well-Thought-Out and Comprehensive Treatment Plan Should Be Developed for the Patient With ADHD. The treatment plan should be reviewed regularly and modified if the patient's symptoms do not respond. Minimal Standard [MS]&#xA;- Recommendation 9. During a Psychopharmacological Intervention for ADHD, the Patient Should Be Monitored for Treatment-Emergent Side Effects. Minimal Standard [MS]&#xA;- Recommendation 12. Patients Should Be Assessed Periodically to Determine Whether There Is Continued Need for Treatment or If Symptoms Have Remitted. Treatment of ADHD Should Continue as Long as Symptoms Remain Present and Cause Impairment. Minimal Standard [MS]"
                xsi:type="ED"/>
      </measureAttribute>
   </subjectOf>
   <subjectOf>
      <measureAttribute>
         <code code="IDUR" codeSystem="2.16.840.1.113883.5.4">
            <displayName value="Improvement Notation"/>
         </code>
         <value mediaType="text/plain" value="Higher score indicates better quality"
                xsi:type="ED"/>
      </measureAttribute>
   </subjectOf>
   <subjectOf>
      <measureAttribute>
         <code code="REF" codeSystem="2.16.840.1.113883.5.4">
            <displayName value="Reference"/>
         </code>
         <value mediaType="text/plain"
                value="CITATIONAmerican Academy of Pediatrics. (2019). Clinical Practice Guideline for the Diagnosis, Evaluation, and Treatment of Attention-Deficit/Hyperactivity Disorder in Children and Adolescents. Pediatrics, 144(4), 1-25."
                xsi:type="ED"/>
      </measureAttribute>
   </subjectOf>
   <subjectOf>
      <measureAttribute>
         <code code="REF" codeSystem="2.16.840.1.113883.5.4">
            <displayName value="Reference"/>
         </code>
         <value mediaType="text/plain"
                value="JUSTIFICATIONAmerican Academy of Pediatrics. (2001). Clinical practice guideline: treatment of the school-aged child with attention-deficit/hyperactivity disorder. Pediatrics, 108(4), 1033–44."
                xsi:type="ED"/>
      </measureAttribute>
   </subjectOf>
   <subjectOf>
      <measureAttribute>
         <code code="REF" codeSystem="2.16.840.1.113883.5.4">
            <displayName value="Reference"/>
         </code>
         <value mediaType="text/plain"
                value="JUSTIFICATIONAmerican Academy of Pediatrics. (2000). Clinical practice guideline: diagnosis and evaluation of the child with attention-deficit/hyperactivity disorder. Pediatrics, 105(5), 1158-1170."
                xsi:type="ED"/>
      </measureAttribute>
   </subjectOf>
   <subjectOf>
      <measureAttribute>
         <code code="REF" codeSystem="2.16.840.1.113883.5.4">
            <displayName value="Reference"/>
         </code>
         <value mediaType="text/plain"
                value="CITATIONPliszka, S., &amp; AACAP Work Group on Quality Issues. (2007). Practice parameter for the assessment and treatment of children and adolescents with attention-deficit/hyperactivity disorder. Journal of the American Academy of Child and Adolescent Psychiatry (AACAP), 46(7), 894-921."
                xsi:type="ED"/>
      </measureAttribute>
   </subjectOf>
   <subjectOf>
      <measureAttribute>
         <code code="REF" codeSystem="2.16.840.1.113883.5.4">
            <displayName value="Reference"/>
         </code>
         <value mediaType="text/plain"
                value="CITATIONVisser, N., Danielson, M., Bitsko, R., Holbrook, J., Kogan, M., Ghandour, R., Perou, R., &amp; Blumberg, S. (2014). Trends in the Parent-Report of Health Care Provider-Diagnoses and Medicated Attention-Deficit/Hyperactivity Disorder: United States, 2003-2011. Journal of the American Academy of Child and Adolescent Psychiatry (AACAP), 53(1), 34-46.e2."
                xsi:type="ED"/>
      </measureAttribute>
   </subjectOf>
   <subjectOf>
      <measureAttribute>
         <code code="DEF" codeSystem="2.16.840.1.113883.5.4">
            <displayName value="Definition"/>
         </code>
         <value mediaType="text/plain"
                value="Intake Period: The twelve-month period starting March 1 of the year prior to the measurement period and ending the last calendar day of February of the measurement period.&#xA;&#xA;Index Prescription Start Date (IPSD): The earliest prescription date for an ADHD medication where the date is in the Intake Period and the patient is not actively on ADHD medication during the 120 days prior. &#xA;&#xA;Initiation Phase: The 30 days following the IPSD. &#xA;&#xA;Continuation and Maintenance Phase: The 300 days following the IPSD.&#xA;&#xA;Treatment days (covered days): The actual number of calendar days covered with prescriptions during the 301-day period. &#xA;Use the following steps to identify and calculate covered days. &#xA;Step 1: For same medications that are prescribed on the same day or on different days with overlapping days supply, the days supply is summed. The start and end dates are then identified. The start date is the date of service of the earliest prescription event and the first covered day. The end date is the calendar day when the days supply runs out. The start date through the end date are considered covered days. This rule assumes that the patient will take one prescription at a time (and start taking the next prescription after exhausting the previous prescription). For example: &#xA;- If there are three 7-days supply prescription events for the same medication on January 1, the start date is January 1 and the end date is January 21. Covered days include January 1–21.  &#xA;- If there are two 7-days supply prescription events for the same medication on January 1 and January 5, the start date is January 1 and the end date is January 14. Covered days include January 1–14. &#xA;- If there are three 7-days supply prescription events for the same medication on January 1, a 7-days supply prescription event on January 20 and a 7-days supply prescription event on January 28, the start date is January 1 and the end date is February 4. Covered days include January 1–February 4.  &#xA;Step 2: For all other events (multiple prescriptions for the same medication on different days without overlap, multiple prescriptions for different medications on the same or different days, with or without overlap), the covered days are identified by the start and end dates for each prescription event individually. The start date through the end date are considered covered days. This rule assumes the member will take the different medications concurrently. &#xA;Step 3: Each calendar day covered by one or more medications is considered one covered day."
                xsi:type="ED"/>
      </measureAttribute>
   </subjectOf>
   <subjectOf>
      <measureAttribute>
         <code code="GUIDE" codeSystem="2.16.840.1.113883.5.4">
            <displayName value="Guidance"/>
         </code>
         <value mediaType="text/plain"
                value="This eCQM is a patient-based measure.&#xA; &#xA;This version of the eCQM uses QDM version 5.6. Please refer to the eCQI resource center (https://ecqi.healthit.gov/qdm) for more information on the QDM."
                xsi:type="ED"/>
      </measureAttribute>
   </subjectOf>
   <subjectOf>
      <measureAttribute>
         <code code="TRANF" codeSystem="2.16.840.1.113883.5.4">
            <displayName value="Transmission Format"/>
         </code>
         <value mediaType="text/plain" value="TBD" xsi:type="ED"/>
      </measureAttribute>
   </subjectOf>
   <subjectOf>
      <measureAttribute>
         <code code="IPOP" codeSystem="2.16.840.1.113883.5.4">
            <displayName value="Initial Population"/>
         </code>
         <value mediaType="text/plain"
                value="Initial Population 1: Children 6-12 years of age as of the Intake Period who had an IPSD and who had a visit within 6 months prior to the IPSD including the IPSD. Children are removed if they had an acute inpatient stay with a principal diagnosis of mental, behavioral or neurodevelopmental disorder during the Initiation Phase.  &#xA;&#xA;Initial Population 2: Children 6-12 years of age as of the Intake Period who had an IPSD and remained on the medication for at least 210 treatment days during the 301-day period, beginning on the IPSD through 300 days after the IPSD, and who had a visit within 6 months prior to the IPSD including the IPSD. Children are removed if they had an acute inpatient stay with a principal diagnosis of mental, behavioral or neurodevelopmental disorder during the Continuation and Maintenance Phase."
                xsi:type="ED"/>
      </measureAttribute>
   </subjectOf>
   <subjectOf>
      <measureAttribute>
         <code code="DENOM" codeSystem="2.16.840.1.113883.5.4">
            <displayName value="Denominator"/>
         </code>
         <value mediaType="text/plain" value="Equals Initial Population" xsi:type="ED"/>
      </measureAttribute>
   </subjectOf>
   <subjectOf>
      <measureAttribute>
         <code code="DENEX" codeSystem="2.16.840.1.113883.5.4">
            <displayName value="Denominator Exclusions"/>
         </code>
         <value mediaType="text/plain"
                value="Exclude patients who are in hospice care for any part of the measurement period.&#xA;&#xA;Exclude patients diagnosed with narcolepsy at any point in their history or during the measurement period."
                xsi:type="ED"/>
      </measureAttribute>
   </subjectOf>
   <subjectOf>
      <measureAttribute>
         <code code="NUMER" codeSystem="2.16.840.1.113883.5.4">
            <displayName value="Numerator"/>
         </code>
         <value mediaType="text/plain"
                value="Numerator 1: Patients who had at least one visit with a practitioner with prescribing authority during the Initiation Phase.&#xA; &#xA;Numerator 2: Patients who had at least one visit with a practitioner with prescribing authority during the Initiation Phase, and at least two follow-up visits on different dates of service during the 31-300 days after the IPSD."
                xsi:type="ED"/>
      </measureAttribute>
   </subjectOf>
   <subjectOf>
      <measureAttribute>
         <code code="NUMEX" codeSystem="2.16.840.1.113883.5.4">
            <displayName value="Numerator Exclusions"/>
         </code>
         <value mediaType="text/plain" value="Not Applicable" xsi:type="ED"/>
      </measureAttribute>
   </subjectOf>
   <subjectOf>
      <measureAttribute>
         <code code="DENEXCEP" codeSystem="2.16.840.1.113883.5.4">
            <displayName value="Denominator Exceptions"/>
         </code>
         <value mediaType="text/plain" value="None" xsi:type="ED"/>
      </measureAttribute>
   </subjectOf>
   <subjectOf>
      <measureAttribute>
         <code code="SDE" codeSystem="2.16.840.1.113883.5.4">
            <displayName value="Supplemental Data Elements"/>
         </code>
         <value mediaType="text/plain"
                value="For every patient evaluated by this measure also identify payer, race, ethnicity and sex"
                xsi:type="ED"/>
      </measureAttribute>
   </subjectOf>
   <componentOf>
      <qualityMeasureSet classCode="ACT">
         <id root="703cc49b-b653-4885-80e8-245a057f5ae9"/>
         <title value="None"/>
      </qualityMeasureSet>
   </componentOf>
   <!--Data Criteria Section-->
   <component>
      <dataCriteriaSection>
         <templateId>
            <item extension="2021-02-01" root="2.16.840.1.113883.10.20.28.2.6"/>
         </templateId>
         <code code="57025-9" codeSystem="2.16.840.1.113883.6.1"/>
         <title value="Data Criteria Section"/>
         <text/>
         <entry typeCode="DRIV">
            <localVariableName value="ONCAdministrativeSex_PatientCharacteristicSex_YmDZj"/>
            <observationCriteria classCode="OBS" moodCode="EVN">
               <templateId>
                  <item extension="2017-05-01" root="2.16.840.1.113883.10.20.28.4.55"/>
               </templateId>
               <id extension="ONCAdministrativeSex_PatientCharacteristicSex"
                   root="cde154fb-1708-4782-b006-c456615e789f"/>
               <code code="263495000" codeSystem="2.16.840.1.113883.6.96" codeSystemName="SNOMED CT">
                  <displayName value="Gender"/>
               </code>
               <title value="Patient Characteristic Sex"/>
               <statusCode code="COMPLETED"/>
               <value valueSet="2.16.840.1.113762.1.4.1" xsi:type="CD"/>
            </observationCriteria>
         </entry>
         <entry typeCode="DRIV">
            <localVariableName value="OutpatientConsultation_EncounterPerformed_aSNVI"/>
            <encounterCriteria classCode="ENC" moodCode="EVN">
               <templateId>
                  <item extension="2021-02-01" root="2.16.840.1.113883.10.20.28.4.5"/>
               </templateId>
               <id extension="OutpatientConsultation_EncounterPerformed"
                   root="40280381-3d61-56a7-013e-62e0524536b1"/>
               <code valueSet="2.16.840.1.113883.3.464.1003.101.12.1008"/>
               <title value="Encounter, Performed"/>
               <statusCode code="COMPLETED"/>
            </encounterCriteria>
         </entry>
         <entry typeCode="DRIV">
            <localVariableName value="TelephoneVisits_EncounterPerformed_ukmST"/>
            <encounterCriteria classCode="ENC" moodCode="EVN">
               <templateId>
                  <item extension="2021-02-01" root="2.16.840.1.113883.10.20.28.4.5"/>
               </templateId>
               <id extension="TelephoneVisits_EncounterPerformed"
                   root="4c5967c8-dc69-44ef-8b51-c309914917d8"/>
               <code valueSet="2.16.840.1.113883.3.464.1003.101.12.1080"/>
               <title value="Encounter, Performed"/>
               <statusCode code="COMPLETED"/>
            </encounterCriteria>
         </entry>
         <entry typeCode="DRIV">
            <localVariableName value="GuanfacineMedications_MedicationOrder_15yLT"/>
            <substanceAdministrationCriteria classCode="SBADM" moodCode="RQO">
               <templateId>
                  <item extension="2021-02-01" root="2.16.840.1.113883.10.20.28.4.51"/>
               </templateId>
               <id extension="GuanfacineMedications_MedicationOrder"
                   root="a603f58b-950c-4fab-9555-4c3ab456cdee"/>
               <title value="Medication, Order"/>
               <statusCode code="ACTIVE"/>
			            <participation typeCode="CSM">
                  <role classCode="MANU">
                     <playingMaterial classCode="MMAT" determinerCode="KIND">
                        <code valueSet="2.16.840.1.113883.3.464.1003.196.11.1252"/>
                     </playingMaterial>
                  </role>
               </participation>
		          </substanceAdministrationCriteria>
         </entry>
         <entry typeCode="DRIV">
            <localVariableName value="GuanfacineMedications_MedicationActive_vEtcZ"/>
            <substanceAdministrationCriteria classCode="SBADM" moodCode="EVN">
               <templateId>
                  <item extension="2021-02-01" root="2.16.840.1.113883.10.20.28.4.44"/>
               </templateId>
               <id extension="GuanfacineMedications_MedicationActive"
                   root="a603f58b-950c-4fab-9555-4c3ab456cdee"/>
               <title value="Medication, Active"/>
               <statusCode code="ACTIVE"/>
			            <participation typeCode="CSM">
                  <role classCode="MANU">
                     <playingMaterial classCode="MMAT" determinerCode="KIND">
                        <code valueSet="2.16.840.1.113883.3.464.1003.196.11.1252"/>
                     </playingMaterial>
                  </role>
               </participation>
		          </substanceAdministrationCriteria>
         </entry>
         <entry typeCode="DRIV">
            <localVariableName value="PreventiveCareServicesGroupCounseling_EncounterPerformed_RpRtz"/>
            <encounterCriteria classCode="ENC" moodCode="EVN">
               <templateId>
                  <item extension="2021-02-01" root="2.16.840.1.113883.10.20.28.4.5"/>
               </templateId>
               <id extension="PreventiveCareServicesGroupCounseling_EncounterPerformed"
                   root="40280381-3d61-56a7-013e-62e0524636b5"/>
               <code valueSet="2.16.840.1.113883.3.464.1003.101.12.1027"/>
               <title value="Encounter, Performed"/>
               <statusCode code="COMPLETED"/>
            </encounterCriteria>
         </entry>
         <entry typeCode="DRIV">
            <localVariableName value="HospiceCareAmbulatory_InterventionOrder_hxDeY"/>
            <actCriteria classCode="ACT" moodCode="RQO">
               <templateId>
                  <item extension="2021-02-01" root="2.16.840.1.113883.10.20.28.4.35"/>
               </templateId>
               <id extension="HospiceCareAmbulatory_InterventionOrder"
                   root="1a2e5eaf-2061-42da-a70b-5906364289a2"/>
               <code valueSet="2.16.840.1.113883.3.526.3.1584"/>
               <title value="Intervention, Order"/>
               <statusCode code="ACTIVE"/>
            </actCriteria>
         </entry>
         <entry typeCode="DRIV">
            <localVariableName value="HospiceCareAmbulatory_InterventionPerformed_sUeFk"/>
            <actCriteria classCode="ACT" moodCode="EVN">
               <templateId>
                  <item extension="2021-02-01" root="2.16.840.1.113883.10.20.28.4.36"/>
               </templateId>
               <id extension="HospiceCareAmbulatory_InterventionPerformed"
                   root="1a2e5eaf-2061-42da-a70b-5906364289a2"/>
               <code valueSet="2.16.840.1.113883.3.526.3.1584"/>
               <title value="Intervention, Performed"/>
               <statusCode code="COMPLETED"/>
            </actCriteria>
         </entry>
         <entry typeCode="DRIV">
            <localVariableName value="PsychVisitPsychotherapy_EncounterPerformed_gVy6z"/>
            <encounterCriteria classCode="ENC" moodCode="EVN">
               <templateId>
                  <item extension="2021-02-01" root="2.16.840.1.113883.10.20.28.4.5"/>
               </templateId>
               <id extension="PsychVisitPsychotherapy_EncounterPerformed"
                   root="40280381-3d61-56a7-013e-62e05244369a"/>
               <code valueSet="2.16.840.1.113883.3.526.3.1496"/>
               <title value="Encounter, Performed"/>
               <statusCode code="COMPLETED"/>
            </encounterCriteria>
         </entry>
         <entry typeCode="DRIV">
            <localVariableName value="HomeHealthcareServices_EncounterPerformed_fzjEK"/>
            <encounterCriteria classCode="ENC" moodCode="EVN">
               <templateId>
                  <item extension="2021-02-01" root="2.16.840.1.113883.10.20.28.4.5"/>
               </templateId>
               <id extension="HomeHealthcareServices_EncounterPerformed"
                   root="40280381-3d61-56a7-013e-62e0524536b2"/>
               <code valueSet="2.16.840.1.113883.3.464.1003.101.12.1016"/>
               <title value="Encounter, Performed"/>
               <statusCode code="COMPLETED"/>
            </encounterCriteria>
         </entry>
         <entry typeCode="DRIV">
            <localVariableName value="Race_PatientCharacteristicRace_EYAQv"/>
            <observationCriteria classCode="OBS" moodCode="EVN">
               <templateId>
                  <item extension="2017-05-01" root="2.16.840.1.113883.10.20.28.4.59"/>
               </templateId>
               <id extension="Race_PatientCharacteristicRace"
                   root="326853ae-8c82-45b1-8f71-5061a66999e0"/>
               <code code="32624-9" codeSystem="2.16.840.1.113883.6.1" codeSystemName="LOINC">
                  <displayName value="Race"/>
               </code>
               <title value="Patient Characteristic Race"/>
               <statusCode code="COMPLETED"/>
               <value valueSet="2.16.840.1.114222.4.11.836" xsi:type="CD"/>
            </observationCriteria>
         </entry>
         <entry typeCode="DRIV">
            <localVariableName value="Clonidine_MedicationOrder_8AAoR"/>
            <substanceAdministrationCriteria classCode="SBADM" moodCode="RQO">
               <templateId>
                  <item extension="2021-02-01" root="2.16.840.1.113883.10.20.28.4.51"/>
               </templateId>
               <id extension="Clonidine_MedicationOrder"
                   root="ac94d4a6-7851-4fe2-8db8-3707cebd537a"/>
               <title value="Medication, Order"/>
               <statusCode code="ACTIVE"/>
			            <participation typeCode="CSM">
                  <role classCode="MANU">
                     <playingMaterial classCode="MMAT" determinerCode="KIND">
                        <code valueSet="2.16.840.1.113883.3.464.1003.1171"/>
                     </playingMaterial>
                  </role>
               </participation>
		          </substanceAdministrationCriteria>
         </entry>
         <entry typeCode="DRIV">
            <localVariableName value="Clonidine_MedicationActive_SIZUC"/>
            <substanceAdministrationCriteria classCode="SBADM" moodCode="EVN">
               <templateId>
                  <item extension="2021-02-01" root="2.16.840.1.113883.10.20.28.4.44"/>
               </templateId>
               <id extension="Clonidine_MedicationActive"
                   root="ac94d4a6-7851-4fe2-8db8-3707cebd537a"/>
               <title value="Medication, Active"/>
               <statusCode code="ACTIVE"/>
			            <participation typeCode="CSM">
                  <role classCode="MANU">
                     <playingMaterial classCode="MMAT" determinerCode="KIND">
                        <code valueSet="2.16.840.1.113883.3.464.1003.1171"/>
                     </playingMaterial>
                  </role>
               </participation>
		          </substanceAdministrationCriteria>
         </entry>
         <entry typeCode="DRIV">
            <localVariableName value="Narcolepsy_Diagnosis_lsY1P"/>
            <observationCriteria classCode="OBS" moodCode="EVN">
               <templateId>
                  <item extension="2021-02-01" root="2.16.840.1.113883.10.20.28.4.110"/>
               </templateId>
               <id extension="Narcolepsy_Diagnosis" root="40280381-3d61-56a7-013e-62e0524536a8"/>
               <code code="282291009" codeSystem="2.16.840.1.113883.6.96" codeSystemName="SNOMED CT">
                  <displayName value="Diagnosis"/>
               </code>
               <title value="Diagnosis"/>
               <statusCode code="COMPLETED"/>
               <value valueSet="2.16.840.1.113883.3.464.1003.114.12.1011" xsi:type="CD"/>
            </observationCriteria>
         </entry>
         <entry typeCode="DRIV">
            <localVariableName value="Dexmethylphenidate_MedicationOrder_VVO2h"/>
            <substanceAdministrationCriteria classCode="SBADM" moodCode="RQO">
               <templateId>
                  <item extension="2021-02-01" root="2.16.840.1.113883.10.20.28.4.51"/>
               </templateId>
               <id extension="Dexmethylphenidate_MedicationOrder"
                   root="bad57a69-abec-4f9d-ba27-fce0d029e386"/>
               <title value="Medication, Order"/>
               <statusCode code="ACTIVE"/>
			            <participation typeCode="CSM">
                  <role classCode="MANU">
                     <playingMaterial classCode="MMAT" determinerCode="KIND">
                        <code valueSet="2.16.840.1.113883.3.464.1003.1172"/>
                     </playingMaterial>
                  </role>
               </participation>
		          </substanceAdministrationCriteria>
         </entry>
         <entry typeCode="DRIV">
            <localVariableName value="Dexmethylphenidate_MedicationActive_kT3Wk"/>
            <substanceAdministrationCriteria classCode="SBADM" moodCode="EVN">
               <templateId>
                  <item extension="2021-02-01" root="2.16.840.1.113883.10.20.28.4.44"/>
               </templateId>
               <id extension="Dexmethylphenidate_MedicationActive"
                   root="bad57a69-abec-4f9d-ba27-fce0d029e386"/>
               <title value="Medication, Active"/>
               <statusCode code="ACTIVE"/>
			            <participation typeCode="CSM">
                  <role classCode="MANU">
                     <playingMaterial classCode="MMAT" determinerCode="KIND">
                        <code valueSet="2.16.840.1.113883.3.464.1003.1172"/>
                     </playingMaterial>
                  </role>
               </participation>
		          </substanceAdministrationCriteria>
         </entry>
         <entry typeCode="DRIV">
            <localVariableName value="OfficeVisit_EncounterPerformed_n6PFl"/>
            <encounterCriteria classCode="ENC" moodCode="EVN">
               <templateId>
                  <item extension="2021-02-01" root="2.16.840.1.113883.10.20.28.4.5"/>
               </templateId>
               <id extension="OfficeVisit_EncounterPerformed"
                   root="40280381-3d61-56a7-013e-62e0524536ae"/>
               <code valueSet="2.16.840.1.113883.3.464.1003.101.12.1001"/>
               <title value="Encounter, Performed"/>
               <statusCode code="COMPLETED"/>
            </encounterCriteria>
         </entry>
         <entry typeCode="DRIV">
            <localVariableName value="EncounterInpatient_EncounterPerformed_1KCKJ"/>
            <encounterCriteria classCode="ENC" moodCode="EVN">
               <templateId>
                  <item extension="2021-02-01" root="2.16.840.1.113883.10.20.28.4.5"/>
               </templateId>
               <id extension="EncounterInpatient_EncounterPerformed"
                   root="f48cfd98-98cc-4976-98b3-99661f2b3788"/>
               <code valueSet="2.16.840.1.113883.3.666.5.307"/>
               <title value="Encounter, Performed"/>
               <statusCode code="COMPLETED"/>
            </encounterCriteria>
         </entry>
         <entry typeCode="DRIV">
            <localVariableName value="VirtualEncounter_EncounterPerformed_uaQ8B"/>
            <encounterCriteria classCode="ENC" moodCode="EVN">
               <templateId>
                  <item extension="2021-02-01" root="2.16.840.1.113883.10.20.28.4.5"/>
               </templateId>
               <id extension="VirtualEncounter_EncounterPerformed"
                   root="958234b7-f79a-4508-bfb7-8ebe3f6451e7"/>
               <code valueSet="2.16.840.1.113883.3.464.1003.101.12.1089"/>
               <title value="Encounter, Performed"/>
               <statusCode code="COMPLETED"/>
            </encounterCriteria>
         </entry>
         <entry typeCode="DRIV">
            <localVariableName value="BehavioralHealthFollowupVisit_EncounterPerformed_v9iVA"/>
            <encounterCriteria classCode="ENC" moodCode="EVN">
               <templateId>
                  <item extension="2021-02-01" root="2.16.840.1.113883.10.20.28.4.5"/>
               </templateId>
               <id extension="BehavioralHealthFollowupVisit_EncounterPerformed"
                   root="40280381-3d61-56a7-013e-62e0524636b7"/>
               <code valueSet="2.16.840.1.113883.3.464.1003.101.12.1054"/>
               <title value="Encounter, Performed"/>
               <statusCode code="COMPLETED"/>
            </encounterCriteria>
         </entry>
         <entry typeCode="DRIV">
            <localVariableName value="PreventiveCareServicesInitialOfficeVisit0to17_EncounterPerformed_x2fca"/>
            <encounterCriteria classCode="ENC" moodCode="EVN">
               <templateId>
                  <item extension="2021-02-01" root="2.16.840.1.113883.10.20.28.4.5"/>
               </templateId>
               <id extension="PreventiveCareServicesInitialOfficeVisit0to17_EncounterPerformed"
                   root="40280381-3d61-56a7-013e-62e0524636b4"/>
               <code valueSet="2.16.840.1.113883.3.464.1003.101.12.1022"/>
               <title value="Encounter, Performed"/>
               <statusCode code="COMPLETED"/>
            </encounterCriteria>
         </entry>
         <entry typeCode="DRIV">
            <localVariableName value="PreventiveCareEstablishedOfficeVisit0to17_EncounterPerformed_AsPQt"/>
            <encounterCriteria classCode="ENC" moodCode="EVN">
               <templateId>
                  <item extension="2021-02-01" root="2.16.840.1.113883.10.20.28.4.5"/>
               </templateId>
               <id extension="PreventiveCareEstablishedOfficeVisit0to17_EncounterPerformed"
                   root="40280381-3d61-56a7-013e-62e0524636b3"/>
               <code valueSet="2.16.840.1.113883.3.464.1003.101.12.1024"/>
               <title value="Encounter, Performed"/>
               <statusCode code="COMPLETED"/>
            </encounterCriteria>
         </entry>
         <entry typeCode="DRIV">
            <localVariableName value="Dextroamphetamine_MedicationOrder_kRbkH"/>
            <substanceAdministrationCriteria classCode="SBADM" moodCode="RQO">
               <templateId>
                  <item extension="2021-02-01" root="2.16.840.1.113883.10.20.28.4.51"/>
               </templateId>
               <id extension="Dextroamphetamine_MedicationOrder"
                   root="397eb65a-3e8a-4cfc-8686-f91750e197d0"/>
               <title value="Medication, Order"/>
               <statusCode code="ACTIVE"/>
			            <participation typeCode="CSM">
                  <role classCode="MANU">
                     <playingMaterial classCode="MMAT" determinerCode="KIND">
                        <code valueSet="2.16.840.1.113883.3.464.1003.1173"/>
                     </playingMaterial>
                  </role>
               </participation>
		          </substanceAdministrationCriteria>
         </entry>
         <entry typeCode="DRIV">
            <localVariableName value="Dextroamphetamine_MedicationActive_8Lbwi"/>
            <substanceAdministrationCriteria classCode="SBADM" moodCode="EVN">
               <templateId>
                  <item extension="2021-02-01" root="2.16.840.1.113883.10.20.28.4.44"/>
               </templateId>
               <id extension="Dextroamphetamine_MedicationActive"
                   root="397eb65a-3e8a-4cfc-8686-f91750e197d0"/>
               <title value="Medication, Active"/>
               <statusCode code="ACTIVE"/>
			            <participation typeCode="CSM">
                  <role classCode="MANU">
                     <playingMaterial classCode="MMAT" determinerCode="KIND">
                        <code valueSet="2.16.840.1.113883.3.464.1003.1173"/>
                     </playingMaterial>
                  </role>
               </participation>
		          </substanceAdministrationCriteria>
         </entry>
         <entry typeCode="DRIV">
            <localVariableName value="Lisdexamfetamine_MedicationOrder_FI4lK"/>
            <substanceAdministrationCriteria classCode="SBADM" moodCode="RQO">
               <templateId>
                  <item extension="2021-02-01" root="2.16.840.1.113883.10.20.28.4.51"/>
               </templateId>
               <id extension="Lisdexamfetamine_MedicationOrder"
                   root="a006c0ca-c88e-4c2f-a6b6-741fbc186dc6"/>
               <title value="Medication, Order"/>
               <statusCode code="ACTIVE"/>
			            <participation typeCode="CSM">
                  <role classCode="MANU">
                     <playingMaterial classCode="MMAT" determinerCode="KIND">
                        <code valueSet="2.16.840.1.113883.3.464.1003.1174"/>
                     </playingMaterial>
                  </role>
               </participation>
		          </substanceAdministrationCriteria>
         </entry>
         <entry typeCode="DRIV">
            <localVariableName value="Lisdexamfetamine_MedicationActive_ds9RH"/>
            <substanceAdministrationCriteria classCode="SBADM" moodCode="EVN">
               <templateId>
                  <item extension="2021-02-01" root="2.16.840.1.113883.10.20.28.4.44"/>
               </templateId>
               <id extension="Lisdexamfetamine_MedicationActive"
                   root="a006c0ca-c88e-4c2f-a6b6-741fbc186dc6"/>
               <title value="Medication, Active"/>
               <statusCode code="ACTIVE"/>
			            <participation typeCode="CSM">
                  <role classCode="MANU">
                     <playingMaterial classCode="MMAT" determinerCode="KIND">
                        <code valueSet="2.16.840.1.113883.3.464.1003.1174"/>
                     </playingMaterial>
                  </role>
               </participation>
		          </substanceAdministrationCriteria>
         </entry>
         <entry typeCode="DRIV">
            <localVariableName value="PreventiveCareServicesIndividualCounseling_EncounterPerformed_58EYi"/>
            <encounterCriteria classCode="ENC" moodCode="EVN">
               <templateId>
                  <item extension="2021-02-01" root="2.16.840.1.113883.10.20.28.4.5"/>
               </templateId>
               <id extension="PreventiveCareServicesIndividualCounseling_EncounterPerformed"
                   root="40280381-3d61-56a7-013e-62e0524636b6"/>
               <code valueSet="2.16.840.1.113883.3.464.1003.101.12.1026"/>
               <title value="Encounter, Performed"/>
               <statusCode code="COMPLETED"/>
            </encounterCriteria>
         </entry>
         <entry typeCode="DRIV">
            <localVariableName value="PsychVisitDiagnosticEvaluation_EncounterPerformed_qHDHU"/>
            <encounterCriteria classCode="ENC" moodCode="EVN">
               <templateId>
                  <item extension="2021-02-01" root="2.16.840.1.113883.10.20.28.4.5"/>
               </templateId>
               <id extension="PsychVisitDiagnosticEvaluation_EncounterPerformed"
                   root="40280381-3d61-56a7-013e-62e05245369b"/>
               <code valueSet="2.16.840.1.113883.3.526.3.1492"/>
               <title value="Encounter, Performed"/>
               <statusCode code="COMPLETED"/>
            </encounterCriteria>
         </entry>
         <entry typeCode="DRIV">
            <localVariableName value="Ethnicity_PatientCharacteristicEthnicity_nvRDR"/>
            <observationCriteria classCode="OBS" moodCode="EVN">
               <templateId>
                  <item extension="2017-05-01" root="2.16.840.1.113883.10.20.28.4.56"/>
               </templateId>
               <id extension="Ethnicity_PatientCharacteristicEthnicity"
                   root="bb898f7d-b9fb-4174-ab45-f2ebcddebac7"/>
               <code code="54133-4" codeSystem="2.16.840.1.113883.6.1" codeSystemName="LOINC">
                  <displayName value="Ethnicity"/>
               </code>
               <title value="Patient Characteristic Ethnicity"/>
               <statusCode code="COMPLETED"/>
               <value valueSet="2.16.840.1.114222.4.11.837" xsi:type="CD"/>
            </observationCriteria>
         </entry>
         <entry typeCode="DRIV">
            <localVariableName value="Atomoxetine_MedicationOrder_PnSuB"/>
            <substanceAdministrationCriteria classCode="SBADM" moodCode="RQO">
               <templateId>
                  <item extension="2021-02-01" root="2.16.840.1.113883.10.20.28.4.51"/>
               </templateId>
               <id extension="Atomoxetine_MedicationOrder"
                   root="feba9ebc-8051-460c-9a78-c8a10ff26788"/>
               <title value="Medication, Order"/>
               <statusCode code="ACTIVE"/>
			            <participation typeCode="CSM">
                  <role classCode="MANU">
                     <playingMaterial classCode="MMAT" determinerCode="KIND">
                        <code valueSet="2.16.840.1.113883.3.464.1003.1170"/>
                     </playingMaterial>
                  </role>
               </participation>
		          </substanceAdministrationCriteria>
         </entry>
         <entry typeCode="DRIV">
            <localVariableName value="Atomoxetine_MedicationActive_eTjjR"/>
            <substanceAdministrationCriteria classCode="SBADM" moodCode="EVN">
               <templateId>
                  <item extension="2021-02-01" root="2.16.840.1.113883.10.20.28.4.44"/>
               </templateId>
               <id extension="Atomoxetine_MedicationActive"
                   root="feba9ebc-8051-460c-9a78-c8a10ff26788"/>
               <title value="Medication, Active"/>
               <statusCode code="ACTIVE"/>
			            <participation typeCode="CSM">
                  <role classCode="MANU">
                     <playingMaterial classCode="MMAT" determinerCode="KIND">
                        <code valueSet="2.16.840.1.113883.3.464.1003.1170"/>
                     </playingMaterial>
                  </role>
               </participation>
		          </substanceAdministrationCriteria>
         </entry>
         <entry typeCode="DRIV">
            <localVariableName value="HospiceDiagnosis_Diagnosis_RxaWL"/>
            <observationCriteria classCode="OBS" moodCode="EVN">
               <templateId>
                  <item extension="2021-02-01" root="2.16.840.1.113883.10.20.28.4.110"/>
               </templateId>
               <id extension="HospiceDiagnosis_Diagnosis"
                   root="20894cc2-3c1d-4510-a034-2053a45cc394"/>
               <code code="282291009" codeSystem="2.16.840.1.113883.6.96" codeSystemName="SNOMED CT">
                  <displayName value="Diagnosis"/>
               </code>
               <title value="Diagnosis"/>
               <statusCode code="COMPLETED"/>
               <value valueSet="2.16.840.1.113883.3.464.1003.1165" xsi:type="CD"/>
            </observationCriteria>
         </entry>
         <entry typeCode="DRIV">
            <localVariableName value="HospiceEncounter_EncounterPerformed_Tkyb6"/>
            <encounterCriteria classCode="ENC" moodCode="EVN">
               <templateId>
                  <item extension="2021-02-01" root="2.16.840.1.113883.10.20.28.4.5"/>
               </templateId>
               <id extension="HospiceEncounter_EncounterPerformed"
                   root="93a22f5a-a867-4e89-bb6d-f087930fc43b"/>
               <code valueSet="2.16.840.1.113883.3.464.1003.1003"/>
               <title value="Encounter, Performed"/>
               <statusCode code="COMPLETED"/>
            </encounterCriteria>
         </entry>
         <entry typeCode="DRIV">
            <localVariableName value="PsychotherapyandPharmacologicManagement_EncounterPerformed_G7JUC"/>
            <encounterCriteria classCode="ENC" moodCode="EVN">
               <templateId>
                  <item extension="2021-02-01" root="2.16.840.1.113883.10.20.28.4.5"/>
               </templateId>
               <id extension="PsychotherapyandPharmacologicManagement_EncounterPerformed"
                   root="40280381-3d61-56a7-013e-62e0524636b9"/>
               <code valueSet="2.16.840.1.113883.3.464.1003.101.12.1055"/>
               <title value="Encounter, Performed"/>
               <statusCode code="COMPLETED"/>
            </encounterCriteria>
         </entry>
         <entry typeCode="DRIV">
            <localVariableName value="PayerType_PatientCharacteristicPayer_tE79B"/>
            <observationCriteria classCode="OBS" moodCode="EVN">
               <templateId>
                  <item extension="2017-05-01" root="2.16.840.1.113883.10.20.28.4.58"/>
               </templateId>
               <id extension="PayerType_PatientCharacteristicPayer"
                   root="faabbb07-b682-49ac-99a8-8332b1a75f7a"/>
               <code code="48768-6" codeSystem="2.16.840.1.113883.6.1" codeSystemName="LOINC">
                  <displayName value="Payer Type"/>
               </code>
               <title value="Patient Characteristic Payer"/>
               <statusCode code="COMPLETED"/>
               <value valueSet="2.16.840.1.114222.4.11.3591" xsi:type="CD"/>
            </observationCriteria>
         </entry>
         <entry typeCode="DRIV">
            <localVariableName value="Methylphenidate_MedicationOrder_QtyeV"/>
            <substanceAdministrationCriteria classCode="SBADM" moodCode="RQO">
               <templateId>
                  <item extension="2021-02-01" root="2.16.840.1.113883.10.20.28.4.51"/>
               </templateId>
               <id extension="Methylphenidate_MedicationOrder"
                   root="ac8cc851-4245-4954-a3c0-25d449c740f7"/>
               <title value="Medication, Order"/>
               <statusCode code="ACTIVE"/>
			            <participation typeCode="CSM">
                  <role classCode="MANU">
                     <playingMaterial classCode="MMAT" determinerCode="KIND">
                        <code valueSet="2.16.840.1.113883.3.464.1003.1176"/>
                     </playingMaterial>
                  </role>
               </participation>
		          </substanceAdministrationCriteria>
         </entry>
         <entry typeCode="DRIV">
            <localVariableName value="Methylphenidate_MedicationActive_XOyMp"/>
            <substanceAdministrationCriteria classCode="SBADM" moodCode="EVN">
               <templateId>
                  <item extension="2021-02-01" root="2.16.840.1.113883.10.20.28.4.44"/>
               </templateId>
               <id extension="Methylphenidate_MedicationActive"
                   root="ac8cc851-4245-4954-a3c0-25d449c740f7"/>
               <title value="Medication, Active"/>
               <statusCode code="ACTIVE"/>
			            <participation typeCode="CSM">
                  <role classCode="MANU">
                     <playingMaterial classCode="MMAT" determinerCode="KIND">
                        <code valueSet="2.16.840.1.113883.3.464.1003.1176"/>
                     </playingMaterial>
                  </role>
               </participation>
		          </substanceAdministrationCriteria>
         </entry>
         <entry typeCode="DRIV">
            <substanceAdministrationCriteria classCode="SBADM" moodCode="RQO">
               <templateId>
                  <item extension="2021-02-01" root="2.16.840.1.113883.10.20.28.4.51"/>
               </templateId>
               <id extension="977860_MedicationOrder" root="D4D52ECF-96AD-4304-8A45-206B5FCD3073"/>
               <title value="Medication, Order"/>
               <statusCode code="ACTIVE"/>
			            <participation typeCode="CSM">
                  <role classCode="MANU">
                     <playingMaterial classCode="MMAT" determinerCode="KIND">
                        <code code="977860" codeSystem="2.16.840.1.113883.6.88" codeSystemName="RXNORM"/>
                     </playingMaterial>
                  </role>
               </participation>
		          </substanceAdministrationCriteria>
         </entry>
         <entry typeCode="DRIV">
            <substanceAdministrationCriteria classCode="SBADM" moodCode="EVN">
               <templateId>
                  <item extension="2021-02-01" root="2.16.840.1.113883.10.20.28.4.44"/>
               </templateId>
               <id extension="977860_MedicationActive" root="109BFCF0-9FF0-4153-98AB-13984834F4E5"/>
               <title value="Medication, Active"/>
               <statusCode code="ACTIVE"/>
			            <participation typeCode="CSM">
                  <role classCode="MANU">
                     <playingMaterial classCode="MMAT" determinerCode="KIND">
                        <code code="977860" codeSystem="2.16.840.1.113883.6.88" codeSystemName="RXNORM"/>
                     </playingMaterial>
                  </role>
               </participation>
		          </substanceAdministrationCriteria>
         </entry>
         <entry typeCode="DRIV">
            <observationCriteria classCode="OBS" moodCode="EVN">
               <templateId>
                  <item extension="2021-02-01" root="2.16.840.1.113883.10.20.28.4.117"/>
               </templateId>
               <id extension="45755-6_AssessmentPerformed"
                   root="A4B9760D-C251-4288-9E01-4B7213892CE5"/>
               <code code="45755-6" codeSystem="2.16.840.1.113883.6.1" codeSystemName="LOINC"/>
               <title value="Assessment, Performed"/>
               <statusCode code="COMPLETED"/>
            </observationCriteria>
         </entry>
      </dataCriteriaSection>
   </component>
   <component>
      <populationCriteriaSection>
         <templateId>
            <item extension="2017-08-01" root="2.16.840.1.113883.10.20.28.2.7"/>
         </templateId>
         <id extension="PopulationCriteria1" root="D48E0D80-B077-4BE4-BE94-B14646A76EDB"/>
         <code code="57026-7" codeSystem="2.16.840.1.113883.6.1"/>
         <title value="Population Criteria Section"/>
         <text/>
         <component typeCode="COMP">
            <initialPopulationCriteria classCode="OBS" moodCode="EVN">
               <id extension="initialPopulation" root="B88DD062-C0C1-46D4-A739-C607A37BB261"/>
               <code code="IPOP" codeSystem="2.16.840.1.113883.5.4" codeSystemName="Act Code"/>
               <precondition typeCode="PRCN">
                  <criteriaReference classCode="OBS" moodCode="EVN">
                     <id extension="FollowUpCareforChildrenPrescribedADHDMedicationADD.&quot;Initial Population 1&quot;"
                         root="884889F3-A9CC-4FFC-871D-654D9D8D3AAA"/>
                  </criteriaReference>
               </precondition>
            </initialPopulationCriteria>
         </component>
         <component typeCode="COMP">
            <denominatorCriteria classCode="OBS" moodCode="EVN">
               <id extension="denominator" root="0EBDF7B3-3C2A-4221-8FC6-5CC442975352"/>
               <code code="DENOM" codeSystem="2.16.840.1.113883.5.4" codeSystemName="Act Code"/>
               <precondition typeCode="PRCN">
                  <criteriaReference classCode="OBS" moodCode="EVN">
                     <id extension="FollowUpCareforChildrenPrescribedADHDMedicationADD.&quot;Denominator 1&quot;"
                         root="884889F3-A9CC-4FFC-871D-654D9D8D3AAA"/>
                  </criteriaReference>
               </precondition>
            </denominatorCriteria>
         </component>
         <component typeCode="COMP">
            <denominatorExclusionCriteria classCode="OBS" moodCode="EVN">
               <id extension="denominatorExclusions" root="02DD44D5-0DB1-4DC2-81CF-B2A71663280E"/>
               <code code="DENEX" codeSystem="2.16.840.1.113883.5.4" codeSystemName="Act Code"/>
               <precondition typeCode="PRCN">
                  <criteriaReference classCode="OBS" moodCode="EVN">
                     <id extension="FollowUpCareforChildrenPrescribedADHDMedicationADD.&quot;Denominator Exclusions&quot;"
                         root="884889F3-A9CC-4FFC-871D-654D9D8D3AAA"/>
                  </criteriaReference>
               </precondition>
            </denominatorExclusionCriteria>
         </component>
         <component typeCode="COMP">
            <numeratorCriteria classCode="OBS" moodCode="EVN">
               <id extension="numerator" root="8AC76953-1D7C-4729-8F96-3AFC552A99EB"/>
               <code code="NUMER" codeSystem="2.16.840.1.113883.5.4" codeSystemName="Act Code"/>
               <precondition typeCode="PRCN">
                  <criteriaReference classCode="OBS" moodCode="EVN">
                     <id extension="FollowUpCareforChildrenPrescribedADHDMedicationADD.&quot;Numerator 1&quot;"
                         root="884889F3-A9CC-4FFC-871D-654D9D8D3AAA"/>
                  </criteriaReference>
               </precondition>
            </numeratorCriteria>
         </component>
         <component typeCode="COMP">
            <cql-ext:supplementalDataElement>
               <id extension="Supplemental Data Elements"
                   root="A0275124-DC9F-49A1-A41B-1021E2236E37"/>
               <code code="SDE" codeSystem="2.16.840.1.113883.5.4" codeSystemName="Act Code"/>
               <precondition typeCode="PRCN">
                  <criteriaReference classCode="OBS" moodCode="EVN">
                     <id extension="FollowUpCareforChildrenPrescribedADHDMedicationADD.&quot;SDE Ethnicity&quot;"
                         root="884889F3-A9CC-4FFC-871D-654D9D8D3AAA"/>
                  </criteriaReference>
               </precondition>
            </cql-ext:supplementalDataElement>
         </component>
         <component typeCode="COMP">
            <cql-ext:supplementalDataElement>
               <id extension="Supplemental Data Elements"
                   root="27A67DBD-8B1B-4188-8B4D-753259936808"/>
               <code code="SDE" codeSystem="2.16.840.1.113883.5.4" codeSystemName="Act Code"/>
               <precondition typeCode="PRCN">
                  <criteriaReference classCode="OBS" moodCode="EVN">
                     <id extension="FollowUpCareforChildrenPrescribedADHDMedicationADD.&quot;SDE Payer&quot;"
                         root="884889F3-A9CC-4FFC-871D-654D9D8D3AAA"/>
                  </criteriaReference>
               </precondition>
            </cql-ext:supplementalDataElement>
         </component>
         <component typeCode="COMP">
            <cql-ext:supplementalDataElement>
               <id extension="Supplemental Data Elements"
                   root="F126A1F6-E286-4A8B-9CE5-9E825EEFEE83"/>
               <code code="SDE" codeSystem="2.16.840.1.113883.5.4" codeSystemName="Act Code"/>
               <precondition typeCode="PRCN">
                  <criteriaReference classCode="OBS" moodCode="EVN">
                     <id extension="FollowUpCareforChildrenPrescribedADHDMedicationADD.&quot;SDE Race&quot;"
                         root="884889F3-A9CC-4FFC-871D-654D9D8D3AAA"/>
                  </criteriaReference>
               </precondition>
            </cql-ext:supplementalDataElement>
         </component>
         <component typeCode="COMP">
            <cql-ext:supplementalDataElement>
               <id extension="Supplemental Data Elements"
                   root="E7694124-3E1B-4EBC-9361-EB7E76B36269"/>
               <code code="SDE" codeSystem="2.16.840.1.113883.5.4" codeSystemName="Act Code"/>
               <precondition typeCode="PRCN">
                  <criteriaReference classCode="OBS" moodCode="EVN">
                     <id extension="FollowUpCareforChildrenPrescribedADHDMedicationADD.&quot;SDE Sex&quot;"
                         root="884889F3-A9CC-4FFC-871D-654D9D8D3AAA"/>
                  </criteriaReference>
               </precondition>
            </cql-ext:supplementalDataElement>
         </component>
      </populationCriteriaSection>
   </component>
   <component>
      <populationCriteriaSection>
         <templateId>
            <item extension="2017-08-01" root="2.16.840.1.113883.10.20.28.2.7"/>
         </templateId>
         <id extension="PopulationCriteria2" root="2E14A72B-CEB1-4C0F-9A10-B923DC010866"/>
         <code code="57026-7" codeSystem="2.16.840.1.113883.6.1"/>
         <title value="Population Criteria Section"/>
         <text/>
         <component typeCode="COMP">
            <initialPopulationCriteria classCode="OBS" moodCode="EVN">
               <id extension="initialPopulation" root="B36D1E39-517E-48A2-866F-F4A1C7D12726"/>
               <code code="IPOP" codeSystem="2.16.840.1.113883.5.4" codeSystemName="Act Code"/>
               <precondition typeCode="PRCN">
                  <criteriaReference classCode="OBS" moodCode="EVN">
                     <id extension="FollowUpCareforChildrenPrescribedADHDMedicationADD.&quot;Initial Population 2&quot;"
                         root="884889F3-A9CC-4FFC-871D-654D9D8D3AAA"/>
                  </criteriaReference>
               </precondition>
            </initialPopulationCriteria>
         </component>
         <component typeCode="COMP">
            <denominatorCriteria classCode="OBS" moodCode="EVN">
               <id extension="denominator" root="6DC20C09-1A43-4632-8CEB-A3A5FA191E64"/>
               <code code="DENOM" codeSystem="2.16.840.1.113883.5.4" codeSystemName="Act Code"/>
               <precondition typeCode="PRCN">
                  <criteriaReference classCode="OBS" moodCode="EVN">
                     <id extension="FollowUpCareforChildrenPrescribedADHDMedicationADD.&quot;Denominator 2&quot;"
                         root="884889F3-A9CC-4FFC-871D-654D9D8D3AAA"/>
                  </criteriaReference>
               </precondition>
            </denominatorCriteria>
         </component>
         <component typeCode="COMP">
            <denominatorExclusionCriteria classCode="OBS" moodCode="EVN">
               <id extension="denominatorExclusions" root="E90337E4-28CC-49DE-9FC6-1139B386F21A"/>
               <code code="DENEX" codeSystem="2.16.840.1.113883.5.4" codeSystemName="Act Code"/>
               <precondition typeCode="PRCN">
                  <criteriaReference classCode="OBS" moodCode="EVN">
                     <id extension="FollowUpCareforChildrenPrescribedADHDMedicationADD.&quot;Denominator Exclusions&quot;"
                         root="884889F3-A9CC-4FFC-871D-654D9D8D3AAA"/>
                  </criteriaReference>
               </precondition>
            </denominatorExclusionCriteria>
         </component>
         <component typeCode="COMP">
            <numeratorCriteria classCode="OBS" moodCode="EVN">
               <id extension="numerator" root="53EB472F-C673-4572-99FF-21AE87C9169B"/>
               <code code="NUMER" codeSystem="2.16.840.1.113883.5.4" codeSystemName="Act Code"/>
               <precondition typeCode="PRCN">
                  <criteriaReference classCode="OBS" moodCode="EVN">
                     <id extension="FollowUpCareforChildrenPrescribedADHDMedicationADD.&quot;Numerator 2&quot;"
                         root="884889F3-A9CC-4FFC-871D-654D9D8D3AAA"/>
                  </criteriaReference>
               </precondition>
            </numeratorCriteria>
         </component>
         <component typeCode="COMP">
            <cql-ext:supplementalDataElement>
               <id extension="Supplemental Data Elements"
                   root="120F7526-32A5-4D7F-B7CA-61D95EB80C5D"/>
               <code code="SDE" codeSystem="2.16.840.1.113883.5.4" codeSystemName="Act Code"/>
               <precondition typeCode="PRCN">
                  <criteriaReference classCode="OBS" moodCode="EVN">
                     <id extension="FollowUpCareforChildrenPrescribedADHDMedicationADD.&quot;SDE Ethnicity&quot;"
                         root="884889F3-A9CC-4FFC-871D-654D9D8D3AAA"/>
                  </criteriaReference>
               </precondition>
            </cql-ext:supplementalDataElement>
         </component>
         <component typeCode="COMP">
            <cql-ext:supplementalDataElement>
               <id extension="Supplemental Data Elements"
                   root="B35E9909-F5BA-412B-B1A9-CC1C5C17506D"/>
               <code code="SDE" codeSystem="2.16.840.1.113883.5.4" codeSystemName="Act Code"/>
               <precondition typeCode="PRCN">
                  <criteriaReference classCode="OBS" moodCode="EVN">
                     <id extension="FollowUpCareforChildrenPrescribedADHDMedicationADD.&quot;SDE Payer&quot;"
                         root="884889F3-A9CC-4FFC-871D-654D9D8D3AAA"/>
                  </criteriaReference>
               </precondition>
            </cql-ext:supplementalDataElement>
         </component>
         <component typeCode="COMP">
            <cql-ext:supplementalDataElement>
               <id extension="Supplemental Data Elements"
                   root="1F1840C1-67B5-45A5-9363-B221C5B1FC1C"/>
               <code code="SDE" codeSystem="2.16.840.1.113883.5.4" codeSystemName="Act Code"/>
               <precondition typeCode="PRCN">
                  <criteriaReference classCode="OBS" moodCode="EVN">
                     <id extension="FollowUpCareforChildrenPrescribedADHDMedicationADD.&quot;SDE Race&quot;"
                         root="884889F3-A9CC-4FFC-871D-654D9D8D3AAA"/>
                  </criteriaReference>
               </precondition>
            </cql-ext:supplementalDataElement>
         </component>
         <component typeCode="COMP">
            <cql-ext:supplementalDataElement>
               <id extension="Supplemental Data Elements"
                   root="1D9B090D-B43C-4A2F-9A27-6A8BA94515FB"/>
               <code code="SDE" codeSystem="2.16.840.1.113883.5.4" codeSystemName="Act Code"/>
               <precondition typeCode="PRCN">
                  <criteriaReference classCode="OBS" moodCode="EVN">
                     <id extension="FollowUpCareforChildrenPrescribedADHDMedicationADD.&quot;SDE Sex&quot;"
                         root="884889F3-A9CC-4FFC-871D-654D9D8D3AAA"/>
                  </criteriaReference>
               </precondition>
            </cql-ext:supplementalDataElement>
         </component>
      </populationCriteriaSection>
   </component>
</QualityMeasureDocument>