<?xml version="1.0" encoding="UTF-8" standalone="yes"?>
<QualityMeasureDocument xmlns="urn:hl7-org:v3"
                        xmlns:cql-ext="urn:hhs-cql:hqmf-n1-extensions:v1"
                        xmlns:xsi="http://www.w3.org/2001/XMLSchema-instance">

      <!--
            **************************************************************
            Measure Details Section
            **************************************************************
        -->
   <typeId extension="POQM_HD000001UV02" root="2.16.840.1.113883.1.3"/>
   <templateId>
      <item extension="2021-02-01" root="2.16.840.1.113883.10.20.28.1.2"/>
   </templateId>
   <id root="ca9416a4-5ea7-425b-8652-807d1f2bd0e5"/>
   <code code="57024-2" codeSystem="2.16.840.1.113883.6.1">
      <displayName value="Health Quality Measure Document"/>
   </code>
   <title value="Discharged on Antithrombotic Therapy"/>
   <text
         value="Ischemic stroke patients prescribed or continuing to take antithrombotic therapy at hospital discharge"/>
   <statusCode code="COMPLETED"/>
   <setId root="42bf391f-38a3-4c0f-9ece-dcd47e9609d9"/>
   <versionNumber value="14.1.000"/>
   <author>
      <responsibleParty classCode="ASSIGNED">
         <representedResponsibleOrganization classCode="ORG" determinerCode="INSTANCE">
            <id>
               <item root="1.3.6.1.4.1.33895"/>
            </id>
            <name>
               <item>
                  <part value="The Joint Commission"/>
               </item>
            </name>
         </representedResponsibleOrganization>
      </responsibleParty>
   </author>
   <custodian>
      <responsibleParty classCode="ASSIGNED">
         <representedResponsibleOrganization classCode="ORG" determinerCode="INSTANCE">
            <id>
               <item root="1.3.6.1.4.1.33895"/>
            </id>
            <name>
               <item>
                  <part value="The Joint Commission"/>
               </item>
            </name>
         </representedResponsibleOrganization>
      </responsibleParty>
   </custodian>
   <!--Patient Expired-->
   <definition>
      <valueSet classCode="OBS" moodCode="DEF">
         <id root="2.16.840.1.113883.3.117.1.7.1.309"/>
         <title value="Patient Expired"/>
      </valueSet>
   </definition>
   <!--Discharged to Health Care Facility for Hospice Care-->
   <definition>
      <valueSet classCode="OBS" moodCode="DEF">
         <id root="2.16.840.1.113883.3.117.1.7.1.207"/>
         <title value="Discharged to Health Care Facility for Hospice Care"/>
      </valueSet>
   </definition>
   <!--Nonelective Inpatient Encounter-->
   <definition>
      <valueSet classCode="OBS" moodCode="DEF">
         <id root="2.16.840.1.113883.3.117.1.7.1.424"/>
         <title value="Nonelective Inpatient Encounter"/>
      </valueSet>
   </definition>
   <!--Left Against Medical Advice-->
   <definition>
      <valueSet classCode="OBS" moodCode="DEF">
         <id root="2.16.840.1.113883.3.117.1.7.1.308"/>
         <title value="Left Against Medical Advice"/>
      </valueSet>
   </definition>
   <!--Pharmacological Contraindications For Antithrombotic Therapy-->
   <definition>
      <valueSet classCode="OBS" moodCode="DEF">
         <id root="2.16.840.1.113762.1.4.1110.52"/>
         <title value="Pharmacological Contraindications For Antithrombotic Therapy"/>
      </valueSet>
   </definition>
   <!--Comfort Measures-->
   <definition>
      <valueSet classCode="OBS" moodCode="DEF">
         <id root="1.3.6.1.4.1.33895.1.3.0.45"/>
         <title value="Comfort Measures"/>
      </valueSet>
   </definition>
   <!--Ethnicity-->
   <definition>
      <valueSet classCode="OBS" moodCode="DEF">
         <id root="2.16.840.1.114222.4.11.837"/>
         <title value="Ethnicity"/>
      </valueSet>
   </definition>
   <!--Federal Administrative Sex-->
   <definition>
      <valueSet classCode="OBS" moodCode="DEF">
         <id root="2.16.840.1.113762.1.4.1021.121"/>
         <title value="Federal Administrative Sex"/>
      </valueSet>
   </definition>
   <!--Patient Refusal-->
   <definition>
      <valueSet classCode="OBS" moodCode="DEF">
         <id root="2.16.840.1.113883.3.117.1.7.1.93"/>
         <title value="Patient Refusal"/>
      </valueSet>
   </definition>
   <!--Ischemic Stroke-->
   <definition>
      <valueSet classCode="OBS" moodCode="DEF">
         <id root="2.16.840.1.113883.3.117.1.7.1.247"/>
         <title value="Ischemic Stroke"/>
      </valueSet>
   </definition>
   <!--Race-->
   <definition>
      <valueSet classCode="OBS" moodCode="DEF">
         <id root="2.16.840.1.114222.4.11.836"/>
         <title value="Race"/>
      </valueSet>
   </definition>
   <!--Observation Services-->
   <definition>
      <valueSet classCode="OBS" moodCode="DEF">
         <id root="2.16.840.1.113762.1.4.1111.143"/>
         <title value="Observation Services"/>
      </valueSet>
   </definition>
   <!--Emergency Department Visit-->
   <definition>
      <valueSet classCode="OBS" moodCode="DEF">
         <id root="2.16.840.1.113883.3.117.1.7.1.292"/>
         <title value="Emergency Department Visit"/>
      </valueSet>
   </definition>
   <!--Medical Reason For Not Providing Treatment-->
   <definition>
      <valueSet classCode="OBS" moodCode="DEF">
         <id root="2.16.840.1.113883.3.117.1.7.1.473"/>
         <title value="Medical Reason For Not Providing Treatment"/>
      </valueSet>
   </definition>
   <!--Discharge To Acute Care Facility-->
   <definition>
      <valueSet classCode="OBS" moodCode="DEF">
         <id root="2.16.840.1.113883.3.117.1.7.1.87"/>
         <title value="Discharge To Acute Care Facility"/>
      </valueSet>
   </definition>
   <!--Antithrombotic Therapy for Ischemic Stroke-->
   <definition>
      <valueSet classCode="OBS" moodCode="DEF">
         <id root="2.16.840.1.113762.1.4.1110.62"/>
         <title value="Antithrombotic Therapy for Ischemic Stroke"/>
      </valueSet>
   </definition>
   <!--Discharged to Home for Hospice Care-->
   <definition>
      <valueSet classCode="OBS" moodCode="DEF">
         <id root="2.16.840.1.113883.3.117.1.7.1.209"/>
         <title value="Discharged to Home for Hospice Care"/>
      </valueSet>
   </definition>
   <!--Payer Type-->
   <definition>
      <valueSet classCode="OBS" moodCode="DEF">
         <id root="2.16.840.1.114222.4.11.3591"/>
         <title value="Payer Type"/>
      </valueSet>
   </definition>
   <relatedDocument typeCode="COMP">
      <expressionDocument>
         <id root="fe0ae1d4-a19e-4e28-8e45-f8361e97cad8"/>
         <text mediaType="text/cql">
            <reference value="https://madie.cms.gov/libraries/42bf391f-38a3-4c0f-9ece-dcd47e9609d9/CMS104STKDCAntithrombotic-14.1.000.cql"/>
            <translation mediaType="application/elm+xml">
               <reference value="https://madie.cms.gov/libraries/42bf391f-38a3-4c0f-9ece-dcd47e9609d9/CMS104STKDCAntithrombotic-14.1.000.xml"/>
            </translation>
            <translation mediaType="application/elm+json">
               <reference value="https://madie.cms.gov/libraries/42bf391f-38a3-4c0f-9ece-dcd47e9609d9/CMS104STKDCAntithrombotic-14.1.000.json"/>
            </translation>
         </text>
         <setId extension="42bf391f-38a3-4c0f-9ece-dcd47e9609d9"
                identifierName="CMS104STKDCAntithrombotic"
                root="https://madie.cms.gov/libraries"/>
         <versionNumber value="14.1.000"/>
      </expressionDocument>
   </relatedDocument>
   <relatedDocument typeCode="COMP">
      <expressionDocument>
         <id root="53227c38-81bb-4992-aeed-b443ebcb8567"/>
         <text mediaType="text/cql">
            <reference value="https://madie.cms.gov/libraries/53227c38-81bb-4992-aeed-b443ebcb8567/CQMCommonQDM-9.0.000.cql"/>
            <translation mediaType="application/elm+xml">
               <reference value="https://madie.cms.gov/libraries/53227c38-81bb-4992-aeed-b443ebcb8567/CQMCommonQDM-9.0.000.xml"/>
            </translation>
            <translation mediaType="application/elm+json">
               <reference value="https://madie.cms.gov/libraries/53227c38-81bb-4992-aeed-b443ebcb8567/CQMCommonQDM-9.0.000.json"/>
            </translation>
         </text>
         <setId extension="53227c38-81bb-4992-aeed-b443ebcb8567"
                identifierName="CQMCommonQDM"
                root="https://madie.cms.gov/libraries"/>
         <versionNumber value="9.0.000"/>
      </expressionDocument>
   </relatedDocument>
   <relatedDocument typeCode="COMP">
      <expressionDocument>
         <id root="40a79ff2-6dd9-49fe-99a9-150a48f25a1f"/>
         <text mediaType="text/cql">
            <reference value="https://madie.cms.gov/libraries/40a79ff2-6dd9-49fe-99a9-150a48f25a1f/TJCOverallQDM-9.0.000.cql"/>
            <translation mediaType="application/elm+xml">
               <reference value="https://madie.cms.gov/libraries/40a79ff2-6dd9-49fe-99a9-150a48f25a1f/TJCOverallQDM-9.0.000.xml"/>
            </translation>
            <translation mediaType="application/elm+json">
               <reference value="https://madie.cms.gov/libraries/40a79ff2-6dd9-49fe-99a9-150a48f25a1f/TJCOverallQDM-9.0.000.json"/>
            </translation>
         </text>
         <setId extension="40a79ff2-6dd9-49fe-99a9-150a48f25a1f"
                identifierName="TJCOverallQDM"
                root="https://madie.cms.gov/libraries"/>
         <versionNumber value="9.0.000"/>
      </expressionDocument>
   </relatedDocument>
   <controlVariable>
      <measurePeriod>
         <id extension="measureperiod" root="abc52cbb-ee85-4a7f-bb26-cdead9059525"/>
         <code code="MSRTP" codeSystem="2.16.840.1.113883.5.4">
            <originalText value="Measurement Period"/>
         </code>
         <value highClosed="false" lowClosed="true" xsi:type="IVL_TS">
            <low value="20260101"/>
            <high value="20270101"/>
         </value>
      </measurePeriod>
   </controlVariable>
   <subjectOf>
      <measureAttribute>
         <code nullFlavor="OTH">
            <originalText value="CMS ID"/>
         </code>
         <value mediaType="text/plain" value="104" xsi:type="ED"/>
      </measureAttribute>
   </subjectOf>
   <subjectOf>
      <measureAttribute>
         <code nullFlavor="OTH">
            <originalText value="CBE Number"/>
         </code>
         <value mediaType="text/plain" value="Not Applicable" xsi:type="ED"/>
      </measureAttribute>
   </subjectOf>
   <subjectOf>
      <measureAttribute>
         <code code="COPY" codeSystem="2.16.840.1.113883.5.4">
            <displayName value="Copyright"/>
         </code>
         <value mediaType="text/plain"
                value="Measure specifications are in the Public Domain. LOINC(R) copyright 2004-2024 Regenstrief Institute, Inc. This material contains SNOMED Clinical Terms(R) (SNOMED CT[R]) copyright 2004-2024 International Health Terminology Standards Development Organisation. ICD-10 copyright 2024 World Health Organization. All Rights Reserved."
                xsi:type="ED"/>
      </measureAttribute>
   </subjectOf>
   <subjectOf>
      <measureAttribute>
         <code code="DISC" codeSystem="2.16.840.1.113883.5.4">
            <displayName value="Disclaimer"/>
         </code>
         <value mediaType="text/plain"
                value="These performance measures are not clinical guidelines, do not establish a standard of medical care, and have not been tested for all potential applications. The measures and specifications are provided without warranty."
                xsi:type="ED"/>
      </measureAttribute>
   </subjectOf>
   <subjectOf>
      <measureAttribute>
         <code code="MSRSCORE" codeSystem="2.16.840.1.113883.5.4">
            <displayName value="Measure Scoring"/>
         </code>
         <value code="PROPOR" codeSystem="2.16.840.1.113883.5.1063" xsi:type="CD">
            <displayName value="Proportion"/>
         </value>
      </measureAttribute>
   </subjectOf>
   <subjectOf>
      <measureAttribute>
         <code code="MSRTYPE" codeSystem="2.16.840.1.113883.5.4">
            <displayName value="Measure Type"/>
         </code>
         <value code="PROCESS" codeSystem="2.16.840.1.113883.5.1063" xsi:type="CD">
            <displayName value="Process"/>
         </value>
      </measureAttribute>
   </subjectOf>
   <subjectOf>
      <measureAttribute>
         <code code="STRAT" codeSystem="2.16.840.1.113883.5.4">
            <displayName value="Stratification"/>
         </code>
         <value mediaType="text/plain" value="None" xsi:type="ED"/>
      </measureAttribute>
   </subjectOf>
   <subjectOf>
      <measureAttribute>
         <code code="MSRADJ" codeSystem="2.16.840.1.113883.5.4">
            <displayName value="Risk Adjustment"/>
         </code>
         <value mediaType="text/plain" value="None" xsi:type="ED"/>
      </measureAttribute>
   </subjectOf>
   <subjectOf>
      <measureAttribute>
         <code code="MSRAGG" codeSystem="2.16.840.1.113883.5.4">
            <displayName value="Rate Aggregation"/>
         </code>
         <value mediaType="text/plain" value="None" xsi:type="ED"/>
      </measureAttribute>
   </subjectOf>
   <subjectOf>
      <measureAttribute>
         <code code="RAT" codeSystem="2.16.840.1.113883.5.4">
            <displayName value="Rationale"/>
         </code>
         <value mediaType="text/plain"
                value="The effectiveness of antithrombotic agents in reducing stroke mortality, stroke-related morbidity and recurrence rates has been studied in several large clinical trials. While the use of these agents for patients with acute ischemic stroke and transient ischemic attacks continues to be the subject of study, substantial evidence is available from completed studies. Data at this time suggest that antithrombotic therapy should be prescribed at discharge following acute ischemic stroke to reduce stroke mortality and morbidity if no contraindications exist. For patients with a stroke due to a cardioembolic source (e.g., atrial fibrillation, mechanical heart valve), warfarin is recommended unless contraindicated. In recent years, novel oral anticoagulant agents (NOACs) have been developed and approved by the U.S. Food and Drug Administration (FDA) for stroke prevention and may be considered as an alternative to warfarin for select patients. Anticoagulation therapy is not generally recommended for secondary stroke prevention in patients presumed to have a non-cardioembolic stroke. Anticoagulants at doses to prevent venous thromboembolism are insufficient antithrombotic therapy to prevent recurrent ischemic stroke or transient ischemic attack (TIA)."
                xsi:type="ED"/>
      </measureAttribute>
   </subjectOf>
   <subjectOf>
      <measureAttribute>
         <code code="CRS" codeSystem="2.16.840.1.113883.5.4">
            <displayName value="Clinical Recommendation Statement"/>
         </code>
         <value mediaType="text/plain"
                value="Clinical trial results suggest that antithrombotic therapy should be prescribed at discharge following acute ischemic stroke to reduce stroke mortality and morbidity if no contraindications exist"
                xsi:type="ED"/>
      </measureAttribute>
   </subjectOf>
   <subjectOf>
      <measureAttribute>
         <code code="IDUR" codeSystem="2.16.840.1.113883.5.4">
            <displayName value="Improvement Notation"/>
         </code>
         <value mediaType="text/plain"
                value="Increased score indicates improvement"
                xsi:type="ED"/>
      </measureAttribute>
   </subjectOf>
   <subjectOf>
      <measureAttribute>
         <code code="REF" codeSystem="2.16.840.1.113883.5.4">
            <displayName value="Reference"/>
         </code>
         <value mediaType="text/plain"
                value="CITATION Adams, H. P., del Zoppo, G., Alberts, M. J., Bhatt, D. L., Brass, L., Furlan, A., . . . Wijdicks, E. F.M, (2007). Guidelines for the early management of adults with ischemic stroke: a guideline from the American Heart Association/American Stroke Association Stroke Council, Clinical Cardiology Council, Cardiovascular Radiology and Intervention Council, and the Atherosclerotic Peripheral Vascular Disease and Quality of Care Outcomes in Research Interdisciplinary Working Groups: the American Academy of Neurology affirms the value of this guideline as an educational tool for neurologists. Stroke, 38(5), 1655–1711. https://doi.org/10.1161/STROKEAHA.107.181486"
                xsi:type="ED"/>
      </measureAttribute>
   </subjectOf>
   <subjectOf>
      <measureAttribute>
         <code code="REF" codeSystem="2.16.840.1.113883.5.4">
            <displayName value="Reference"/>
         </code>
         <value mediaType="text/plain"
                value="CITATION Adams, H., Adams, R., Del Zoppo, G., &amp; Goldstein, L. B. (2005). Guidelines for the early management of patients with ischemic stroke: 2005 guidelines update a scientific statement from the Stroke Council of the American Heart Association/American Stroke Association. Stroke, 36(4), 916–923. https://doi.org/10.1161/01.STR.0000163257.66207.2d"
                xsi:type="ED"/>
      </measureAttribute>
   </subjectOf>
   <subjectOf>
      <measureAttribute>
         <code code="REF" codeSystem="2.16.840.1.113883.5.4">
            <displayName value="Reference"/>
         </code>
         <value mediaType="text/plain"
                value="CITATION Albers, G. W., Amarenco, P., Easton, J. D., Sacco, R. L., &amp; Teal, P. (2001). Antithrombotic and thrombolytic therapy for ischemic stroke. Chest, 119(1 Suppl), 300S–320S. https://doi.org/10.1378/chest.119.1_suppl.300s."
                xsi:type="ED"/>
      </measureAttribute>
   </subjectOf>
   <subjectOf>
      <measureAttribute>
         <code code="REF" codeSystem="2.16.840.1.113883.5.4">
            <displayName value="Reference"/>
         </code>
         <value mediaType="text/plain"
                value="CITATION Albers, G. W., Amarenco, P., Easton, J. D., Sacco, R. L., &amp; Teal, P. (2004). Antithrombotic and thrombolytic therapy for ischemic stroke: the Seventh ACCP Conference on Antithrombotic and Thrombolytic Therapy. Chest, 126(3 Suppl), 483S–512S. https://doi.org/10.1378/chest.126.3_suppl.483s"
                xsi:type="ED"/>
      </measureAttribute>
   </subjectOf>
   <subjectOf>
      <measureAttribute>
         <code code="REF" codeSystem="2.16.840.1.113883.5.4">
            <displayName value="Reference"/>
         </code>
         <value mediaType="text/plain"
                value="CITATION Antiplatelet Trialists’ Collaboration (1994). Collaborative overview of randomised trials of antiplatelet therapy—I: Prevention of death, myocardial infarction, and stroke by prolonged antiplatelet therapy in various categories of patients. BMJ, 308(6921), 81-106."
                xsi:type="ED"/>
      </measureAttribute>
   </subjectOf>
   <subjectOf>
      <measureAttribute>
         <code code="REF" codeSystem="2.16.840.1.113883.5.4">
            <displayName value="Reference"/>
         </code>
         <value mediaType="text/plain"
                value="CITATION Antithrombotic Trialists’ Collaboration (2002). Collaborative meta-analysis of randomised trials of antiplatelet therapy for prevention of death, myocardial infarction, and stroke in high-risk patients. BMJ (Clinical research ed.), 324(7329), 71-86. https://doi.org/10.1136/bmj.324.7329.71"
                xsi:type="ED"/>
      </measureAttribute>
   </subjectOf>
   <subjectOf>
      <measureAttribute>
         <code code="REF" codeSystem="2.16.840.1.113883.5.4">
            <displayName value="Reference"/>
         </code>
         <value mediaType="text/plain"
                value="CITATION Bhatt, D. L., Fox, K. A., Hacke, W., Berger, P. B., Black, H. R., Boden, W. E., . . . Topol, E. J. (2006). Clopidogrel and aspirin versus aspirin alone for the prevention of atherothrombotic events. New England Journal of Medicine, 354(16), 1706–1717. https://doi.org/10.1056/NEJMoa060989"
                xsi:type="ED"/>
      </measureAttribute>
   </subjectOf>
   <subjectOf>
      <measureAttribute>
         <code code="REF" codeSystem="2.16.840.1.113883.5.4">
            <displayName value="Reference"/>
         </code>
         <value mediaType="text/plain"
                value="CITATION Canadian Cooperative Study Group. (1978). A randomized trial of aspirin and sulfinpyrazone in threatened stroke. New England Journal of Medicine, 299(2), 53-59. https://doi.org/10.1056/NEJM197807132990201"
                xsi:type="ED"/>
      </measureAttribute>
   </subjectOf>
   <subjectOf>
      <measureAttribute>
         <code code="REF" codeSystem="2.16.840.1.113883.5.4">
            <displayName value="Reference"/>
         </code>
         <value mediaType="text/plain"
                value="CITATION CAPRIE Steering Committee. (1996). A randomised, blinded trial of clopidogrel versus aspirin in patients at risk of ischaemic events (CAPRIE). Lancet , 348(9038), 1329-1339. https://doi.org/10.1016/s0140-6736(96)09457-3"
                xsi:type="ED"/>
      </measureAttribute>
   </subjectOf>
   <subjectOf>
      <measureAttribute>
         <code code="REF" codeSystem="2.16.840.1.113883.5.4">
            <displayName value="Reference"/>
         </code>
         <value mediaType="text/plain"
                value="CITATION Centers for Disease Control and Prevention. (2009). Prevalence and most common causes of disability among adults—United States, 2005. MMWR. Morbidity and mortality weekly report, 58(16), 421-426."
                xsi:type="ED"/>
      </measureAttribute>
   </subjectOf>
   <subjectOf>
      <measureAttribute>
         <code code="REF" codeSystem="2.16.840.1.113883.5.4">
            <displayName value="Reference"/>
         </code>
         <value mediaType="text/plain"
                value="CITATION Chen, Z. M., Sandercock, P., Pan, H. C., Counsell, C., Collins, R., Liu, L. S., . . . Peto, R. (2000). Indications for early aspirin use in acute ischemic stroke: A combined analysis of 40 000 randomized patients from the chinese acute stroke trial and the international stroke trial. Stroke, 31(6), 1240–1249. https://doi.org/10.1161/01.str.31.6.1240"
                xsi:type="ED"/>
      </measureAttribute>
   </subjectOf>
   <subjectOf>
      <measureAttribute>
         <code code="REF" codeSystem="2.16.840.1.113883.5.4">
            <displayName value="Reference"/>
         </code>
         <value mediaType="text/plain"
                value="CITATION Coull, B. M., Williams, L. S., Goldstein, L. B., Meschia, J. F., Heitzman, D., Chaturvedi, S., . . . (2002). Anticoagulants and antiplatelet agents in acute ischemic stroke: report of the Joint Stroke Guideline Development Committee of the American Academy of Neurology and the American Stroke Association (a division of the American Heart Association). Stroke, 33(7), 1934–1942. https://doi.org/10.1161/01.str.0000028456.18614.93"
                xsi:type="ED"/>
      </measureAttribute>
   </subjectOf>
   <subjectOf>
      <measureAttribute>
         <code code="REF" codeSystem="2.16.840.1.113883.5.4">
            <displayName value="Reference"/>
         </code>
         <value mediaType="text/plain"
                value="CITATION Diener, H. C., Bogousslavsky, J., Brass, L. M., Cimminiello, C., Csiba, L., Kaste, M., . . . Rupprecht, H. J. (2004). Aspirin and clopidogrel compared with clopidogrel alone after recent ischaemic stroke or transient ischaemic attack in high-risk patients (MATCH): randomised, double-blind, placebo-controlled trial. Lancet, 364(9431), 331–337. https://doi.org/10.1016/S0140-6736(04)16721-4"
                xsi:type="ED"/>
      </measureAttribute>
   </subjectOf>
   <subjectOf>
      <measureAttribute>
         <code code="REF" codeSystem="2.16.840.1.113883.5.4">
            <displayName value="Reference"/>
         </code>
         <value mediaType="text/plain"
                value="CITATION Dutch TIA Trial Study Group, van Gijn, J., Algra, A., Kappelle, J., Koudstaal, P. J., &amp; van Latum, A. (1991). A comparison of two doses of aspirin (30 mg vs. 283 mg a day) in patients after a transient ischemic attack or minor ischemic stroke. New England Journal of Medicine, 325(18), 1261–1266. https://doi.org/10.1056/NEJM199110313251801"
                xsi:type="ED"/>
      </measureAttribute>
   </subjectOf>
   <subjectOf>
      <measureAttribute>
         <code code="REF" codeSystem="2.16.840.1.113883.5.4">
            <displayName value="Reference"/>
         </code>
         <value mediaType="text/plain"
                value="CITATION Eccles, M., Freemantle, N., &amp; Mason, J. (1998). North of England Evidence-Based Guideline Development Project: Guideline on the use of aspirin as secondary prophylaxis for vascular disease in primary care. BMJ (Clinical research ed), 316(7140), 1303-1309. https://doi.org/10.1136/bmj.316.7140.1303"
                xsi:type="ED"/>
      </measureAttribute>
   </subjectOf>
   <subjectOf>
      <measureAttribute>
         <code code="REF" codeSystem="2.16.840.1.113883.5.4">
            <displayName value="Reference"/>
         </code>
         <value mediaType="text/plain"
                value="CITATION ESPRIT Study Group, Halkes, P. H., van Gijn, J., Kappelle, L. J., Koudstaal, P. J., &amp; Algra, A. (2006). Aspirin plus dipyridamole versus aspirin alone after cerebral ischaemia of arterial origin (ESPRIT): randomised controlled trial. Lancet, 367(9523), 1665–1673. https://doi.org/10.1016/S0140-6736(06)68734-5"
                xsi:type="ED"/>
      </measureAttribute>
   </subjectOf>
   <subjectOf>
      <measureAttribute>
         <code code="REF" codeSystem="2.16.840.1.113883.5.4">
            <displayName value="Reference"/>
         </code>
         <value mediaType="text/plain"
                value="CITATION Farrell, B., Godwin, J., Richards, S., &amp; Warlow, C. (1991). The United Kingdom transient ischaemic attack (UK-TIA) aspirin trial: final results. Journal of Neurology, Neurosurgery, &amp; Psychiatry, 54(12), 1044–1054. https://doi.org/10.1136/jnnp.54.12.1044"
                xsi:type="ED"/>
      </measureAttribute>
   </subjectOf>
   <subjectOf>
      <measureAttribute>
         <code code="REF" codeSystem="2.16.840.1.113883.5.4">
            <displayName value="Reference"/>
         </code>
         <value mediaType="text/plain"
                value="CITATION Gaspoz, J. M., Coxson, P. G., Goldman, P. A., Williams, L. W., Kuntz, K. M., Hunink, M. G., &amp; Goldman, L. (2002). Cost effectiveness of aspirin, clopidogrel, or both for secondary prevention of coronary heart disease. New England Journal of Medicine, 346(23), 1800–1806. https://doi.org/10.1056/NEJM200206063462309"
                xsi:type="ED"/>
      </measureAttribute>
   </subjectOf>
   <subjectOf>
      <measureAttribute>
         <code code="REF" codeSystem="2.16.840.1.113883.5.4">
            <displayName value="Reference"/>
         </code>
         <value mediaType="text/plain"
                value="CITATION Gent, M., Donald Easton, J., Hachinski, V. C., Panak, E., Sicurella, J., Blakely, J. A., . . . Turpie, A. G. (1989). The Canadian American Ticlopidine Study (CATS) in thromboembolic stroke. Lancet 1(8649), 1215–1220. https://doi.org/10.1016/s0140-6736(89)92327-1"
                xsi:type="ED"/>
      </measureAttribute>
   </subjectOf>
   <subjectOf>
      <measureAttribute>
         <code code="REF" codeSystem="2.16.840.1.113883.5.4">
            <displayName value="Reference"/>
         </code>
         <value mediaType="text/plain"
                value="CITATION Gorelick, P. B., Richardson, D., Kelly, M., Ruland, S., Hung, E., Harris, Y., . . . Leurgans, S. (2003). Aspirin and ticlopidine for prevention of recurrent stroke in black patients: a randomized trial. JAMA, 289(22), 2947–2957. https://doi.org/10.1001/jama.289.22.2947"
                xsi:type="ED"/>
      </measureAttribute>
   </subjectOf>
   <subjectOf>
      <measureAttribute>
         <code code="REF" codeSystem="2.16.840.1.113883.5.4">
            <displayName value="Reference"/>
         </code>
         <value mediaType="text/plain"
                value="CITATION Guyatt, G. H., Akl, E. A., Crowther, M., Gutterman, D. D., Schuünemann, H. J., (2012). Executive summary: Antithrombotic Therapy and Prevention of Thrombosis, 9th ed: American College of Chest Physicians Evidence-Based Clinical Practice Guidelines. Chest, 141(2 Suppl), 7S–47S. https://doi.org/10.1378/chest.1412S3'"
                xsi:type="ED"/>
      </measureAttribute>
   </subjectOf>
   <subjectOf>
      <measureAttribute>
         <code code="REF" codeSystem="2.16.840.1.113883.5.4">
            <displayName value="Reference"/>
         </code>
         <value mediaType="text/plain"
                value="CITATION Guyatt, G., Schunëmann, H., Cook, D., Jaeschke, R., Pauker, S., Bucher, H., (2001). Grades of recommendation for antithrombotic agents. Chest, 119(1 Suppl), 3S–7S. https://doi.org/10.1378/chest.119.1_suppl.3s"
                xsi:type="ED"/>
      </measureAttribute>
   </subjectOf>
   <subjectOf>
      <measureAttribute>
         <code code="REF" codeSystem="2.16.840.1.113883.5.4">
            <displayName value="Reference"/>
         </code>
         <value mediaType="text/plain"
                value="CITATION Hass, W. K., Easton, J. D., Adams, H. P., Jr, Pryse-Phillips, W., Molony, B. A., Anderson, S., &amp; Kamm, B. (1989). A randomized trial comparing ticlopidine hydrochloride with aspirin for the prevention of stroke in high-risk patients. Ticlopidine Aspirin Stroke Study Group. New England Journal of Medicine, 321(8), 501–507. https://doi.org/10.1056/NEJM198908243210804"
                xsi:type="ED"/>
      </measureAttribute>
   </subjectOf>
   <subjectOf>
      <measureAttribute>
         <code code="REF" codeSystem="2.16.840.1.113883.5.4">
            <displayName value="Reference"/>
         </code>
         <value mediaType="text/plain"
                value="CITATION International Stroke Trial Collaborative Group. (1997). The International Stroke Trial (IST): A randomised trial of aspirin, subcutaneous heparin, both, or neither among 19,435 patients with acute ischaemic stroke. Lancet, 349(9065), 1569-1581."
                xsi:type="ED"/>
      </measureAttribute>
   </subjectOf>
   <subjectOf>
      <measureAttribute>
         <code code="REF" codeSystem="2.16.840.1.113883.5.4">
            <displayName value="Reference"/>
         </code>
         <value mediaType="text/plain"
                value="CITATION Jauch, E. C., Saver, J. L., Adams, H. P., Jr, Bruno, A., Connors, J. J., Demaerschalk, B. M., . . . Yonas, H. , Council on Peripheral Vascular Disease, &amp; Council on Clinical Cardiology (2013). Guidelines for the early management of patients with acute ischemic stroke: a guideline for healthcare professionals from the American Heart Association/American Stroke Association. Stroke, 44(3), 870–947. https://doi.org/10.1161/STR.0b013e318284056a"
                xsi:type="ED"/>
      </measureAttribute>
   </subjectOf>
   <subjectOf>
      <measureAttribute>
         <code code="REF" codeSystem="2.16.840.1.113883.5.4">
            <displayName value="Reference"/>
         </code>
         <value mediaType="text/plain"
                value="CITATION Johnson, E. S., Lanes, S. F., Wentworth, C. E., 3rd, Satterfield, M. H., Abebe, B. L., &amp; Dicker, L. W. (1999). A metaregression analysis of the dose-response effect of aspirin on stroke. Archives of Internal Medicine, 159(11), 1248–1253. https://doi.org/10.1001/archinte.159.11.1248"
                xsi:type="ED"/>
      </measureAttribute>
   </subjectOf>
   <subjectOf>
      <measureAttribute>
         <code code="REF" codeSystem="2.16.840.1.113883.5.4">
            <displayName value="Reference"/>
         </code>
         <value mediaType="text/plain"
                value="CITATION Kennedy, J., Hill, M. D., Ryckborst, K. J., Eliasziw, M., Demchuk, A. M., &amp; Buchan, A. M., (2007). Fast assessment of stroke and transient ischaemic attack to prevent early recurrence (FASTER): a randomised controlled pilot trial. The Lancet. Neurology, 6(11), 961–969. https://doi.org/10.1016/S1474-4422(07)70250-8"
                xsi:type="ED"/>
      </measureAttribute>
   </subjectOf>
   <subjectOf>
      <measureAttribute>
         <code code="REF" codeSystem="2.16.840.1.113883.5.4">
            <displayName value="Reference"/>
         </code>
         <value mediaType="text/plain"
                value="CITATION Kernan, W. N., Ovbiagele, B., Black, H. R., Bravata, D. M., Chimowitz, M. I., Ezekowitz, M. D., . . . Wilson, J. A. (2014). Guidelines for the prevention of stroke in patients with stroke and transient ischemic attack: a guideline for healthcare professionals from the American Heart Association/American Stroke Association. Stroke, 45(7), 2160–2236. https://doi.org/10.1161/STR.0000000000000024"
                xsi:type="ED"/>
      </measureAttribute>
   </subjectOf>
   <subjectOf>
      <measureAttribute>
         <code code="REF" codeSystem="2.16.840.1.113883.5.4">
            <displayName value="Reference"/>
         </code>
         <value mediaType="text/plain"
                value="CITATION Kleindorfer, D. O., Towfighi, A., Chaturvedi, S., Cockroft, K. M., Gutierrez, J., Lombardi-Hill, D., ... Williams, L. S. (2021). 2021 guideline for the prevention of stroke in patients with stroke and transient ischemic attack: A guideline from the American Heart Association/American Stroke Association. Stroke, 52(7), e364-e467. https://doi.org/10.1161/STR.0000000000000375"
                xsi:type="ED"/>
      </measureAttribute>
   </subjectOf>
   <subjectOf>
      <measureAttribute>
         <code code="REF" codeSystem="2.16.840.1.113883.5.4">
            <displayName value="Reference"/>
         </code>
         <value mediaType="text/plain"
                value="CITATION Powers, W. J., Rabinstein, A. A., Ackerson, T., Adeoye, O. M., Bambakidis, N. C., Becker, K., . . . Tirschwell, D. L. (2018). 2018 Guidelines for the early management of patients With acute ischemic stroke: A guideline for healthcare professionals from the American Heart Association/American Stroke Association. Stroke, 49(3), e46–e110. https://doi.org/10.1161/STR.0000000000000158"
                xsi:type="ED"/>
      </measureAttribute>
   </subjectOf>
   <subjectOf>
      <measureAttribute>
         <code code="REF" codeSystem="2.16.840.1.113883.5.4">
            <displayName value="Reference"/>
         </code>
         <value mediaType="text/plain"
                value="CITATION Roger, V. L., Go, A. S., Lloyd-Jones, D. M., Benjamin, E. J., Berry, J. D., Borden, W. B., . . . Turner, M. B. (2012). Heart disease and stroke statistics—2012 update: A report from the American Heart Association. Circulation, 125(1), e2-e220. https://doi.org/10.1161/CIR.0b013e31823ac046"
                xsi:type="ED"/>
      </measureAttribute>
   </subjectOf>
   <subjectOf>
      <measureAttribute>
         <code code="REF" codeSystem="2.16.840.1.113883.5.4">
            <displayName value="Reference"/>
         </code>
         <value mediaType="text/plain"
                value="CITATION Sacco, R. L., Diener, H. C., Yusuf, S., Cotton, D., Ounpuu, S., Lawton, W. A., . . . Yoon, B. (2008). Aspirin and extended-release dipyridamole versus clopidogrel for recurrent stroke. New England Journal of Medicine, 359(12), 1238-1251. https://doi.org/10.1056/NEJMoa0805002"
                xsi:type="ED"/>
      </measureAttribute>
   </subjectOf>
   <subjectOf>
      <measureAttribute>
         <code code="REF" codeSystem="2.16.840.1.113883.5.4">
            <displayName value="Reference"/>
         </code>
         <value mediaType="text/plain"
                value="CITATION The European Stroke Prevention Study (ESPS). Principal end-points. The ESPS Group. (1987). Lancet, 2(8572), 1351–1354."
                xsi:type="ED"/>
      </measureAttribute>
   </subjectOf>
   <subjectOf>
      <measureAttribute>
         <code code="REF" codeSystem="2.16.840.1.113883.5.4">
            <displayName value="Reference"/>
         </code>
         <value mediaType="text/plain"
                value="CITATION The SALT Collaborative Group (1991). Swedish Aspirin Low-Dose Trial (SALT) of 75 mg aspirin as secondary prophylaxis after cerebrovascular ischaemic events. Lancet, 338(8779), 1345-1349."
                xsi:type="ED"/>
      </measureAttribute>
   </subjectOf>
   <subjectOf>
      <measureAttribute>
         <code code="REF" codeSystem="2.16.840.1.113883.5.4">
            <displayName value="Reference"/>
         </code>
         <value mediaType="text/plain"
                value="CITATION UK-Tia Study Group. (1988). United Kingdom Transient Ischaemic Attack (UK-Tia) Aspirin Trial: Interim results. British Medical Journal (Clinical research ed.), 296(6618), 316-320."
                xsi:type="ED"/>
      </measureAttribute>
   </subjectOf>
   <subjectOf>
      <measureAttribute>
         <code code="DEF" codeSystem="2.16.840.1.113883.5.4">
            <displayName value="Definition"/>
         </code>
         <value mediaType="text/plain" value="None" xsi:type="ED"/>
      </measureAttribute>
   </subjectOf>
   <subjectOf>
      <measureAttribute>
         <code code="GUIDE" codeSystem="2.16.840.1.113883.5.4">
            <displayName value="Guidance"/>
         </code>
         <value mediaType="text/plain"
                value="The &quot;Nonelective Inpatient Encounter&quot; value set intends to capture all non-scheduled hospitalizations. This value set is a subset of the &quot;Inpatient encounter&quot; value set, excluding concepts that specifically refer to elective hospital admissions. Non-elective admissions include emergency, urgent and unplanned admissions. The &quot;Medication, Discharge&quot; datatype refers to the discharge medication list and is intended to express medications ordered for post-discharge use. The denominator population includes patients with inpatient hospitalizations and patients from Acute Hospital Care at Home programs, who are treated and billed as inpatients but receive care in their home. This eCQM is an episode-based measure. An episode is defined as each inpatient hospitalization or encounter that ends during the measurement period. This version of the eCQM uses QDM version 5.6. Please refer to the eCQI resource center (https://ecqi.healthit.gov/qdm) for more information on the QDM."
                xsi:type="ED"/>
      </measureAttribute>
   </subjectOf>
   <subjectOf>
      <measureAttribute>
         <code code="TRANF" codeSystem="2.16.840.1.113883.5.4">
            <displayName value="Transmission Format"/>
         </code>
         <value mediaType="text/plain" value="TBD" xsi:type="ED"/>
      </measureAttribute>
   </subjectOf>
   <subjectOf>
      <measureAttribute>
         <code code="IPOP" codeSystem="2.16.840.1.113883.5.4">
            <displayName value="Initial Population"/>
         </code>
         <value mediaType="text/plain"
                value="Inpatient hospitalizations (non-elective admissions) for patients age 18 and older, discharged from inpatient care with a principal diagnosis of ischemic stroke, ending during the measurement period"
                xsi:type="ED"/>
      </measureAttribute>
   </subjectOf>
   <subjectOf>
      <measureAttribute>
         <code code="DENOM" codeSystem="2.16.840.1.113883.5.4">
            <displayName value="Denominator"/>
         </code>
         <value mediaType="text/plain"
                value="Equals Initial Population"
                xsi:type="ED"/>
      </measureAttribute>
   </subjectOf>
   <subjectOf>
      <measureAttribute>
         <code code="DENEX" codeSystem="2.16.840.1.113883.5.4">
            <displayName value="Denominator Exclusions"/>
         </code>
         <value mediaType="text/plain"
                value="- Inpatient hospitalizations for patients admitted for elective carotid intervention. This exclusion is implicitly modeled by only including non-elective hospitalizations. - Inpatient hospitalizations for patients discharged to another hospital - Inpatient hospitalizations for patients who left against medical advice - Inpatient hospitalizations for patients who expired - Inpatient hospitalizations for patients discharged to home for hospice care - Inpatient hospitalizations for patients discharged to a health care facility for hospice care - Inpatient hospitalizations for patients with comfort measures documented"
                xsi:type="ED"/>
      </measureAttribute>
   </subjectOf>
   <subjectOf>
      <measureAttribute>
         <code code="NUMER" codeSystem="2.16.840.1.113883.5.4">
            <displayName value="Numerator"/>
         </code>
         <value mediaType="text/plain"
                value="Inpatient hospitalizations for patients prescribed or continuing to take antithrombotic therapy at hospital discharge"
                xsi:type="ED"/>
      </measureAttribute>
   </subjectOf>
   <subjectOf>
      <measureAttribute>
         <code code="NUMEX" codeSystem="2.16.840.1.113883.5.4">
            <displayName value="Numerator Exclusions"/>
         </code>
         <value mediaType="text/plain" value="None" xsi:type="ED"/>
      </measureAttribute>
   </subjectOf>
   <subjectOf>
      <measureAttribute>
         <code code="DENEXCEP" codeSystem="2.16.840.1.113883.5.4">
            <displayName value="Denominator Exceptions"/>
         </code>
         <value mediaType="text/plain"
                value="- Inpatient hospitalizations for patients with a documented reason for not prescribing antithrombotic therapy at discharge - Inpatient hospitalizations for patients who receive Prasugrel as an antithrombotic therapy at discharge"
                xsi:type="ED"/>
      </measureAttribute>
   </subjectOf>
   <subjectOf>
      <measureAttribute>
         <code code="SDE" codeSystem="2.16.840.1.113883.5.4">
            <displayName value="Supplemental Data Elements"/>
         </code>
         <value mediaType="text/plain"
                value="For every patient evaluated by this measure also identify payer, race, ethnicity and sex"
                xsi:type="ED"/>
      </measureAttribute>
   </subjectOf>
   <componentOf>
      <qualityMeasureSet classCode="ACT">
         <id root="42bf391f-38a3-4c0f-9ece-dcd47e9609d9"/>
         <title value="eMeasure Stroke (eSTK)"/>
      </qualityMeasureSet>
   </componentOf>
   <!--Data Criteria Section-->
   <component>
      <dataCriteriaSection>
         <templateId>
            <item extension="2021-02-01" root="2.16.840.1.113883.10.20.28.2.6"/>
         </templateId>
         <code code="57025-9" codeSystem="2.16.840.1.113883.6.1"/>
         <title value="Data Criteria Section"/>
         <text/>
         <entry typeCode="DRIV">
            <localVariableName value="NonelectiveInpatientEncounter_EncounterPerformed_zmMkI"/>
            <encounterCriteria classCode="ENC" moodCode="EVN">
               <templateId>
                  <item extension="2021-02-01" root="2.16.840.1.113883.10.20.28.4.5"/>
               </templateId>
               <id extension="NonelectiveInpatientEncounter_EncounterPerformed"
                   root="9d1dc442-6b0e-4a70-ae2f-91d2a83b1a22"/>
               <code valueSet="2.16.840.1.113883.3.117.1.7.1.424"/>
               <title value="Encounter, Performed"/>
               <statusCode code="COMPLETED"/>
            </encounterCriteria>
         </entry>
         <entry typeCode="DRIV">
            <localVariableName value="PharmacologicalContraindicationsForAntithromboticTherapy_MedicationDischarge_oQUMw"/>
            <substanceAdministrationCriteria classCode="SBADM" moodCode="RQO">
               <templateId>
                  <item extension="2021-02-01" root="2.16.840.1.113883.10.20.28.4.48"/>
               </templateId>
               <id extension="PharmacologicalContraindicationsForAntithromboticTherapy_MedicationDischarge"
                   root="b3f69165-e4fa-4a2b-8bff-2dbd31dcf8f9"/>
               <code code="10183-2" codeSystem="2.16.840.1.113883.6.1"/>
               <title value="Medication, Discharge"/>
               <statusCode code="ACTIVE"/>
               <participation typeCode="CSM">
                  <role classCode="MANU">
                     <playingManufacturedMaterial classCode="MMAT" determinerCode="KIND">
                        <code valueSet="2.16.840.1.113762.1.4.1110.52"/>
                     </playingManufacturedMaterial>
                  </role>
               </participation>
            </substanceAdministrationCriteria>
         </entry>
         <entry typeCode="DRIV">
            <localVariableName value="ComfortMeasures_InterventionOrder_CMM7Z"/>
            <actCriteria classCode="ACT" moodCode="RQO">
               <templateId>
                  <item extension="2021-02-01" root="2.16.840.1.113883.10.20.28.4.35"/>
               </templateId>
               <id extension="ComfortMeasures_InterventionOrder"
                   root="a2ed2634-32bc-4b24-90f1-18494119267e"/>
               <code valueSet="1.3.6.1.4.1.33895.1.3.0.45"/>
               <title value="Intervention, Order"/>
               <statusCode code="ACTIVE"/>
            </actCriteria>
         </entry>
         <entry typeCode="DRIV">
            <localVariableName value="Ethnicity_PatientCharacteristicEthnicity_aVlDq"/>
            <observationCriteria classCode="OBS" moodCode="EVN">
               <templateId>
                  <item extension="2017-05-01" root="2.16.840.1.113883.10.20.28.4.56"/>
               </templateId>
               <id extension="Ethnicity_PatientCharacteristicEthnicity"
                   root="813483b0-db2f-42bf-8792-f6caa40c6f4c"/>
               <code code="54133-4"
                     codeSystem="2.16.840.1.113883.6.1"
                     codeSystemName="LOINC">
                  <displayName value="Ethnicity"/>
               </code>
               <title value="Patient Characteristic Ethnicity"/>
               <statusCode code="COMPLETED"/>
               <value valueSet="2.16.840.1.114222.4.11.837" xsi:type="CD"/>
            </observationCriteria>
         </entry>
         <entry typeCode="DRIV">
            <localVariableName value="ComfortMeasures_InterventionPerformed_tLPqV"/>
            <actCriteria classCode="ACT" moodCode="EVN">
               <templateId>
                  <item extension="2021-02-01" root="2.16.840.1.113883.10.20.28.4.36"/>
               </templateId>
               <id extension="ComfortMeasures_InterventionPerformed"
                   root="af2ac149-570d-4f91-bdea-2e7d8bdfdd89"/>
               <code valueSet="1.3.6.1.4.1.33895.1.3.0.45"/>
               <title value="Intervention, Performed"/>
               <statusCode code="COMPLETED"/>
            </actCriteria>
         </entry>
         <entry typeCode="DRIV">
            <localVariableName value="FederalAdministrativeSex_PatientCharacteristicSex_yjf4D"/>
            <observationCriteria classCode="OBS" moodCode="EVN">
               <templateId>
                  <item extension="2017-05-01" root="2.16.840.1.113883.10.20.28.4.55"/>
               </templateId>
               <id extension="FederalAdministrativeSex_PatientCharacteristicSex"
                   root="bba7249d-bb9a-472e-b242-14f6fc169119"/>
               <code code="263495000"
                     codeSystem="2.16.840.1.113883.6.96"
                     codeSystemName="SNOMED CT">
                  <displayName value="Gender"/>
               </code>
               <title value="Patient Characteristic Sex"/>
               <statusCode code="COMPLETED"/>
               <value valueSet="2.16.840.1.113762.1.4.1021.121" xsi:type="CD"/>
            </observationCriteria>
         </entry>
         <entry typeCode="DRIV">
            <localVariableName value="Race_PatientCharacteristicRace_pkqwJ"/>
            <observationCriteria classCode="OBS" moodCode="EVN">
               <templateId>
                  <item extension="2017-05-01" root="2.16.840.1.113883.10.20.28.4.59"/>
               </templateId>
               <id extension="Race_PatientCharacteristicRace"
                   root="425a0b21-83b7-4a37-9dd4-73e4b9de8676"/>
               <code code="32624-9"
                     codeSystem="2.16.840.1.113883.6.1"
                     codeSystemName="LOINC">
                  <displayName value="Race"/>
               </code>
               <title value="Patient Characteristic Race"/>
               <statusCode code="COMPLETED"/>
               <value valueSet="2.16.840.1.114222.4.11.836" xsi:type="CD"/>
            </observationCriteria>
         </entry>
         <entry typeCode="DRIV">
            <localVariableName value="ObservationServices_EncounterPerformed_GnYKf"/>
            <encounterCriteria classCode="ENC" moodCode="EVN">
               <templateId>
                  <item extension="2021-02-01" root="2.16.840.1.113883.10.20.28.4.5"/>
               </templateId>
               <id extension="ObservationServices_EncounterPerformed"
                   root="0d0646d6-4928-4b98-99c8-4c300a30e47a"/>
               <code valueSet="2.16.840.1.113762.1.4.1111.143"/>
               <title value="Encounter, Performed"/>
               <statusCode code="COMPLETED"/>
            </encounterCriteria>
         </entry>
         <entry typeCode="DRIV">
            <localVariableName value="EmergencyDepartmentVisit_EncounterPerformed_GeR2r"/>
            <encounterCriteria classCode="ENC" moodCode="EVN">
               <templateId>
                  <item extension="2021-02-01" root="2.16.840.1.113883.10.20.28.4.5"/>
               </templateId>
               <id extension="EmergencyDepartmentVisit_EncounterPerformed"
                   root="7e76c714-b42e-4806-be12-d44f5f6cc775"/>
               <code valueSet="2.16.840.1.113883.3.117.1.7.1.292"/>
               <title value="Encounter, Performed"/>
               <statusCode code="COMPLETED"/>
            </encounterCriteria>
         </entry>
         <entry typeCode="DRIV">
            <localVariableName value="AntithromboticTherapyforIschemicStroke_MedicationDischarge_uzQQe"/>
            <substanceAdministrationCriteria classCode="SBADM" moodCode="RQO">
               <templateId>
                  <item extension="2021-02-01" root="2.16.840.1.113883.10.20.28.4.48"/>
               </templateId>
               <id extension="AntithromboticTherapyforIschemicStroke_MedicationDischarge"
                   root="fa8d4138-93db-4745-b3d4-7aaffe8982f1"/>
               <code code="10183-2" codeSystem="2.16.840.1.113883.6.1"/>
               <title value="Medication, Discharge"/>
               <statusCode code="ACTIVE"/>
               <participation typeCode="CSM">
                  <role classCode="MANU">
                     <playingManufacturedMaterial classCode="MMAT" determinerCode="KIND">
                        <code valueSet="2.16.840.1.113762.1.4.1110.62"/>
                     </playingManufacturedMaterial>
                  </role>
               </participation>
            </substanceAdministrationCriteria>
         </entry>
         <entry typeCode="DRIV">
            <localVariableName value="PayerType_PatientCharacteristicPayer_A2UEu"/>
            <observationCriteria classCode="OBS" moodCode="EVN">
               <templateId>
                  <item extension="2017-05-01" root="2.16.840.1.113883.10.20.28.4.58"/>
               </templateId>
               <id extension="PayerType_PatientCharacteristicPayer"
                   root="ae08c288-12c7-42a3-9946-ee7275f0517b"/>
               <code code="48768-6"
                     codeSystem="2.16.840.1.113883.6.1"
                     codeSystemName="LOINC">
                  <displayName value="Payer Type"/>
               </code>
               <title value="Patient Characteristic Payer"/>
               <statusCode code="COMPLETED"/>
               <value valueSet="2.16.840.1.114222.4.11.3591" xsi:type="CD"/>
            </observationCriteria>
         </entry>
         <entry typeCode="DRIV">
            <localVariableName value="AntithromboticTherapyforIschemicStroke_MedicationNotDischarged_JiPCO"/>
            <substanceAdministrationCriteria actionNegationInd="TRUE" classCode="SBADM" moodCode="RQO">
               <templateId>
                  <item extension="2021-02-01" root="2.16.840.1.113883.10.20.28.4.48"/>
               </templateId>
               <id extension="AntithromboticTherapyforIschemicStroke_MedicationNotDischarged"
                   root="a06cec8d-ba68-4913-8bd0-74df432ea987"/>
               <code code="10183-2" codeSystem="2.16.840.1.113883.6.1"/>
               <title value="Medication, Not Discharged"/>
               <statusCode code="ACTIVE"/>
               <participation typeCode="CSM">
                  <role classCode="MANU">
                     <playingManufacturedMaterial classCode="MMAT" determinerCode="KIND">
                        <code valueSet="2.16.840.1.113762.1.4.1110.62"/>
                     </playingManufacturedMaterial>
                  </role>
               </participation>
            </substanceAdministrationCriteria>
         </entry>
      </dataCriteriaSection>
   </component>
   <component>
      <populationCriteriaSection>
         <templateId>
            <item extension="2017-08-01" root="2.16.840.1.113883.10.20.28.2.7"/>
         </templateId>
         <id extension="PopulationCriteria1"
             root="08dbfb3d-5079-4fb7-9d8f-9a6b6bf26997"/>
         <code code="57026-7" codeSystem="2.16.840.1.113883.6.1"/>
         <title value="Population Criteria Section"/>
         <text/>
         <component typeCode="COMP">
            <initialPopulationCriteria classCode="OBS" moodCode="EVN">
               <id extension="initialPopulation"
                   root="162E05FA-D598-4BC9-BAE0-2D6962148047"/>
               <code code="IPOP"
                     codeSystem="2.16.840.1.113883.5.4"
                     codeSystemName="Act Code"/>
               <precondition typeCode="PRCN">
                  <criteriaReference classCode="OBS" moodCode="EVN">
                     <id extension="CMS104STKDCAntithrombotic.&quot;Initial Population&quot;"
                         root="fe0ae1d4-a19e-4e28-8e45-f8361e97cad8"/>
                  </criteriaReference>
               </precondition>
            </initialPopulationCriteria>
         </component>
         <component typeCode="COMP">
            <denominatorCriteria classCode="OBS" moodCode="EVN">
               <id extension="denominator" root="336C1A2D-EC20-44D2-8469-9FD385E73D7A"/>
               <code code="DENOM"
                     codeSystem="2.16.840.1.113883.5.4"
                     codeSystemName="Act Code"/>
               <precondition typeCode="PRCN">
                  <criteriaReference classCode="OBS" moodCode="EVN">
                     <id extension="CMS104STKDCAntithrombotic.&quot;Denominator&quot;"
                         root="fe0ae1d4-a19e-4e28-8e45-f8361e97cad8"/>
                  </criteriaReference>
               </precondition>
            </denominatorCriteria>
         </component>
         <component typeCode="COMP">
            <denominatorExclusionCriteria classCode="OBS" moodCode="EVN">
               <id extension="denominatorExclusions"
                   root="FB80C34E-B061-41E6-BC07-0B2CD2D36E79"/>
               <code code="DENEX"
                     codeSystem="2.16.840.1.113883.5.4"
                     codeSystemName="Act Code"/>
               <precondition typeCode="PRCN">
                  <criteriaReference classCode="OBS" moodCode="EVN">
                     <id extension="CMS104STKDCAntithrombotic.&quot;Denominator Exclusions&quot;"
                         root="fe0ae1d4-a19e-4e28-8e45-f8361e97cad8"/>
                  </criteriaReference>
               </precondition>
            </denominatorExclusionCriteria>
         </component>
         <component typeCode="COMP">
            <numeratorCriteria classCode="OBS" moodCode="EVN">
               <id extension="numerator" root="22B11A5F-6CAB-4ED6-91C2-62B111BA0DA0"/>
               <code code="NUMER"
                     codeSystem="2.16.840.1.113883.5.4"
                     codeSystemName="Act Code"/>
               <precondition typeCode="PRCN">
                  <criteriaReference classCode="OBS" moodCode="EVN">
                     <id extension="CMS104STKDCAntithrombotic.&quot;Numerator&quot;"
                         root="fe0ae1d4-a19e-4e28-8e45-f8361e97cad8"/>
                  </criteriaReference>
               </precondition>
            </numeratorCriteria>
         </component>
         <component typeCode="COMP">
            <denominatorExceptionCriteria classCode="OBS" moodCode="EVN">
               <id extension="denominatorExceptions"
                   root="92AB7EEC-35B7-4663-BACA-924163C3764D"/>
               <code code="DENEXCEP"
                     codeSystem="2.16.840.1.113883.5.4"
                     codeSystemName="Act Code"/>
               <precondition typeCode="PRCN">
                  <criteriaReference classCode="OBS" moodCode="EVN">
                     <id extension="CMS104STKDCAntithrombotic.&quot;Denominator Exceptions&quot;"
                         root="fe0ae1d4-a19e-4e28-8e45-f8361e97cad8"/>
                  </criteriaReference>
               </precondition>
            </denominatorExceptionCriteria>
         </component>
         <component typeCode="COMP">
            <cql-ext:supplementalDataElement>
               <id extension="Supplemental Data Elements"
                   root="5fea0e1e-598f-49a4-b92d-0fbcb201b3d8"/>
               <code code="SDE"
                     codeSystem="2.16.840.1.113883.5.4"
                     codeSystemName="Act Code"/>
               <precondition typeCode="PRCN">
                  <criteriaReference classCode="OBS" moodCode="EVN">
                     <id extension="CMS104STKDCAntithrombotic.&quot;SDE Payer&quot;"
                         root="fe0ae1d4-a19e-4e28-8e45-f8361e97cad8"/>
                  </criteriaReference>
               </precondition>
            </cql-ext:supplementalDataElement>
         </component>
         <component typeCode="COMP">
            <cql-ext:supplementalDataElement>
               <id extension="Supplemental Data Elements"
                   root="fa5e03e9-d172-4137-a09b-430d634697e1"/>
               <code code="SDE"
                     codeSystem="2.16.840.1.113883.5.4"
                     codeSystemName="Act Code"/>
               <precondition typeCode="PRCN">
                  <criteriaReference classCode="OBS" moodCode="EVN">
                     <id extension="CMS104STKDCAntithrombotic.&quot;SDE Sex&quot;"
                         root="fe0ae1d4-a19e-4e28-8e45-f8361e97cad8"/>
                  </criteriaReference>
               </precondition>
            </cql-ext:supplementalDataElement>
         </component>
         <component typeCode="COMP">
            <cql-ext:supplementalDataElement>
               <id extension="Supplemental Data Elements"
                   root="c00bcdec-2eab-4e75-a723-6ac1ef2ad55a"/>
               <code code="SDE"
                     codeSystem="2.16.840.1.113883.5.4"
                     codeSystemName="Act Code"/>
               <precondition typeCode="PRCN">
                  <criteriaReference classCode="OBS" moodCode="EVN">
                     <id extension="CMS104STKDCAntithrombotic.&quot;SDE Race&quot;"
                         root="fe0ae1d4-a19e-4e28-8e45-f8361e97cad8"/>
                  </criteriaReference>
               </precondition>
            </cql-ext:supplementalDataElement>
         </component>
         <component typeCode="COMP">
            <cql-ext:supplementalDataElement>
               <id extension="Supplemental Data Elements"
                   root="e917fa55-96cf-471d-8ed1-42ec8a3accf0"/>
               <code code="SDE"
                     codeSystem="2.16.840.1.113883.5.4"
                     codeSystemName="Act Code"/>
               <precondition typeCode="PRCN">
                  <criteriaReference classCode="OBS" moodCode="EVN">
                     <id extension="CMS104STKDCAntithrombotic.&quot;SDE Ethnicity&quot;"
                         root="fe0ae1d4-a19e-4e28-8e45-f8361e97cad8"/>
                  </criteriaReference>
               </precondition>
            </cql-ext:supplementalDataElement>
         </component>
      </populationCriteriaSection>
   </component>
</QualityMeasureDocument>
