<?xml version="1.0" encoding="UTF-8" standalone="yes"?>
<QualityMeasureDocument xmlns="urn:hl7-org:v3" xmlns:cql-ext="urn:hhs-cql:hqmf-n1-extensions:v1"
                        xmlns:xsi="http://www.w3.org/2001/XMLSchema-instance">

      <!--
            **************************************************************
            Measure Details Section
            **************************************************************
        -->

      <typeId extension="POQM_HD000001UV02" root="2.16.840.1.113883.1.3"/>
   <templateId>
      <item extension="2021-02-01" root="2.16.840.1.113883.10.20.28.1.2"/>
   </templateId>
   <id root="2c928082-7b1b-ab09-017b-28e8655e02f2"/>
   <code code="57024-2" codeSystem="2.16.840.1.113883.6.1">
      <displayName value="Health Quality Measure Document"/>
   </code>
   <title value="Follow-Up Care for Children Prescribed ADHD Medication (ADD)"/>
   <text
         value="Percentage of children 6-12 years of age and newly prescribed a medication for attention-deficit/hyperactivity disorder (ADHD) who had appropriate follow-up care. Two rates are reported.  &#xA;a. Percentage of children who had one follow-up visit with a practitioner with prescribing authority during the 30-Day Initiation Phase.&#xA;b. Percentage of children who remained on ADHD medication for at least 210 days and who, in addition to the visit in the Initiation Phase, had at least two additional follow-up visits with a practitioner within 270 days (9 months) after the Initiation Phase ended."/>
   <statusCode code="COMPLETED"/>
   <setId root="703cc49b-b653-4885-80e8-245a057f5ae9"/>
   <versionNumber value="12.0.000"/>
   <author>
      <responsibleParty classCode="ASSIGNED">
         <representedResponsibleOrganization classCode="ORG" determinerCode="INSTANCE">
            <id>
               <item root="2.16.840.1.113883.3.464"/>
            </id>
            <name>
               <item>
                  <part value="National Committee for Quality Assurance"/>
               </item>
            </name>
         </representedResponsibleOrganization>
      </responsibleParty>
   </author>
   <custodian>
      <responsibleParty classCode="ASSIGNED">
         <representedResponsibleOrganization classCode="ORG" determinerCode="INSTANCE">
            <id>
               <item root="40"/>
            </id>
            <name>
               <item>
                  <part value="National Committee for Quality Assurance"/>
               </item>
            </name>
         </representedResponsibleOrganization>
      </responsibleParty>
   </custodian>
   <!--Encounter Inpatient-->
     	 <definition>
      <valueSet classCode="OBS" moodCode="DEF">
         <id root="2.16.840.1.113883.3.666.5.307"/>
         <title value="Encounter Inpatient"/>
      </valueSet>
   </definition>
   <!--Payer-->
     	 <definition>
      <valueSet classCode="OBS" moodCode="DEF">
         <id root="2.16.840.1.114222.4.11.3591"/>
         <title value="Payer"/>
      </valueSet>
   </definition>
   <!--Behavioral Health Follow up Visit-->
     	 <definition>
      <valueSet classCode="OBS" moodCode="DEF">
         <id root="2.16.840.1.113883.3.464.1003.101.12.1054"/>
         <title value="Behavioral Health Follow up Visit"/>
      </valueSet>
   </definition>
   <!--Preventive Care Services, Initial Office Visit, 0 to 17-->
     	 <definition>
      <valueSet classCode="OBS" moodCode="DEF">
         <id root="2.16.840.1.113883.3.464.1003.101.12.1022"/>
         <title value="Preventive Care Services, Initial Office Visit, 0 to 17"/>
      </valueSet>
   </definition>
   <!--ONC Administrative Sex-->
     	 <definition>
      <valueSet classCode="OBS" moodCode="DEF">
         <id root="2.16.840.1.113762.1.4.1"/>
         <title value="ONC Administrative Sex"/>
      </valueSet>
   </definition>
   <!--Outpatient Consultation-->
     	 <definition>
      <valueSet classCode="OBS" moodCode="DEF">
         <id root="2.16.840.1.113883.3.464.1003.101.12.1008"/>
         <title value="Outpatient Consultation"/>
      </valueSet>
   </definition>
   <!--Preventive Care, Established Office Visit, 0 to 17-->
     	 <definition>
      <valueSet classCode="OBS" moodCode="DEF">
         <id root="2.16.840.1.113883.3.464.1003.101.12.1024"/>
         <title value="Preventive Care, Established Office Visit, 0 to 17"/>
      </valueSet>
   </definition>
   <!--Telephone Visits-->
     	 <definition>
      <valueSet classCode="OBS" moodCode="DEF">
         <id root="2.16.840.1.113883.3.464.1003.101.12.1080"/>
         <title value="Telephone Visits"/>
      </valueSet>
   </definition>
   <!--Preventive Care Services Individual Counseling-->
     	 <definition>
      <valueSet classCode="OBS" moodCode="DEF">
         <id root="2.16.840.1.113883.3.464.1003.101.12.1026"/>
         <title value="Preventive Care Services Individual Counseling"/>
      </valueSet>
   </definition>
   <!--Preventive Care Services Group Counseling-->
     	 <definition>
      <valueSet classCode="OBS" moodCode="DEF">
         <id root="2.16.840.1.113883.3.464.1003.101.12.1027"/>
         <title value="Preventive Care Services Group Counseling"/>
      </valueSet>
   </definition>
   <!--Psych Visit Diagnostic Evaluation-->
     	 <definition>
      <valueSet classCode="OBS" moodCode="DEF">
         <id root="2.16.840.1.113883.3.526.3.1492"/>
         <title value="Psych Visit Diagnostic Evaluation"/>
      </valueSet>
   </definition>
   <!--Psych Visit Psychotherapy-->
     	 <definition>
      <valueSet classCode="OBS" moodCode="DEF">
         <id root="2.16.840.1.113883.3.526.3.1496"/>
         <title value="Psych Visit Psychotherapy"/>
      </valueSet>
   </definition>
   <!--ADHD Medications-->
     	 <definition>
      <valueSet classCode="OBS" moodCode="DEF">
         <id root="2.16.840.1.113883.3.464.1003.196.12.1171"/>
         <title value="ADHD Medications"/>
      </valueSet>
   </definition>
   <!--Hospice Care Ambulatory-->
     	 <definition>
      <valueSet classCode="OBS" moodCode="DEF">
         <id root="2.16.840.1.113883.3.526.3.1584"/>
         <title value="Hospice Care Ambulatory"/>
      </valueSet>
   </definition>
   <!--Ethnicity-->
     	 <definition>
      <valueSet classCode="OBS" moodCode="DEF">
         <id root="2.16.840.1.114222.4.11.837"/>
         <title value="Ethnicity"/>
      </valueSet>
   </definition>
   <!--Home Healthcare Services-->
     	 <definition>
      <valueSet classCode="OBS" moodCode="DEF">
         <id root="2.16.840.1.113883.3.464.1003.101.12.1016"/>
         <title value="Home Healthcare Services"/>
      </valueSet>
   </definition>
   <!--Initial Hospital Observation Care-->
     	 <definition>
      <valueSet classCode="OBS" moodCode="DEF">
         <id root="2.16.840.1.113883.3.464.1003.101.12.1002"/>
         <title value="Initial Hospital Observation Care"/>
      </valueSet>
   </definition>
   <!--Hospice Encounter-->
     	 <definition>
      <valueSet classCode="OBS" moodCode="DEF">
         <id root="2.16.840.1.113883.3.464.1003.1003"/>
         <title value="Hospice Encounter"/>
      </valueSet>
   </definition>
   <!--Race-->
     	 <definition>
      <valueSet classCode="OBS" moodCode="DEF">
         <id root="2.16.840.1.114222.4.11.836"/>
         <title value="Race"/>
      </valueSet>
   </definition>
   <!--Narcolepsy-->
     	 <definition>
      <valueSet classCode="OBS" moodCode="DEF">
         <id root="2.16.840.1.113883.3.464.1003.114.12.1011"/>
         <title value="Narcolepsy"/>
      </valueSet>
   </definition>
   <!--Psychotherapy and Pharmacologic Management-->
     	 <definition>
      <valueSet classCode="OBS" moodCode="DEF">
         <id root="2.16.840.1.113883.3.464.1003.101.12.1055"/>
         <title value="Psychotherapy and Pharmacologic Management"/>
      </valueSet>
   </definition>
   <!--Online Assessments-->
     	 <definition>
      <valueSet classCode="OBS" moodCode="DEF">
         <id root="2.16.840.1.113883.3.464.1003.101.12.1089"/>
         <title value="Online Assessments"/>
      </valueSet>
   </definition>
   <!--Office Visit-->
     	 <definition>
      <valueSet classCode="OBS" moodCode="DEF">
         <id root="2.16.840.1.113883.3.464.1003.101.12.1001"/>
         <title value="Office Visit"/>
      </valueSet>
   </definition>
   <!--Mental Behavioral and Neurodevelopmental Disorders-->
     	 <definition>
      <valueSet classCode="OBS" moodCode="DEF">
         <id root="2.16.840.1.113883.3.464.1003.105.12.1203"/>
         <title value="Mental Behavioral and Neurodevelopmental Disorders"/>
      </valueSet>
   </definition>
   <!--Ambulatory-->
     	 <definition>
      <valueSet classCode="OBS" moodCode="DEF">
         <id root="2.16.840.1.113883.3.464.1003.122.12.1003"/>
         <title value="Ambulatory"/>
      </valueSet>
   </definition>
   <!--Hospice care [Minimum Data Set]-CODE:/CodeSystem/LOINC/Version/2.71/Code/45755-6/Info-->
      <definition>
      <cql-ext:code code="45755-6" codeSystem="2.16.840.1.113883.6.1" codeSystemName="LOINC">
         <displayName value="Hospice care [Minimum Data Set]"/>
      </cql-ext:code>
   </definition>
   <!--Observation care discharge day management (This code is to be utilized to report all services provided to a patient on discharge from outpatient hospital observation status if the discharge is on other than the initial date of observation status. To report services to a patient designated as observation status or inpatient status and discharged on the same date, use the codes for Observation or Inpatient Care Services [including Admission and Discharge Services, 99234-99236 as appropriate.])-CODE:/CodeSystem/CPT/Version/2021/Code/99217/Info-->
      <definition>
      <cql-ext:code code="99217" codeSystem="2.16.840.1.113883.6.12" codeSystemName="CPT">
         <displayName value="Observation care discharge day management (This code is to be utilized to report all services provided to a patient on discharge from outpatient hospital observation status if the discharge is on other than the initial date of observation status. To report services to a patient designated as observation status or inpatient status and discharged on the same date, use the codes for Observation or Inpatient Care Services [including Admission and Discharge Services, 99234-99236 as appropriate.])"/>
      </cql-ext:code>
   </definition>
   <!--Every six to eight hours (qualifier value)-CODE:/CodeSystem/SNOMEDCT/Version/2021-09/Code/396139000/Info-->
      <definition>
      <cql-ext:code code="396139000" codeSystem="2.16.840.1.113883.6.96" codeSystemName="SNOMEDCT">
         <displayName value="Every six to eight hours (qualifier value)"/>
      </cql-ext:code>
   </definition>
   <!--Every two to four hours (qualifier value)-CODE:/CodeSystem/SNOMEDCT/Version/2021-09/Code/225752000/Info-->
      <definition>
      <cql-ext:code code="225752000" codeSystem="2.16.840.1.113883.6.96" codeSystemName="SNOMEDCT">
         <displayName value="Every two to four hours (qualifier value)"/>
      </cql-ext:code>
   </definition>
   <!--Every twelve hours (qualifier value)-CODE:/CodeSystem/SNOMEDCT/Version/2021-09/Code/307470009/Info-->
      <definition>
      <cql-ext:code code="307470009" codeSystem="2.16.840.1.113883.6.96" codeSystemName="SNOMEDCT">
         <displayName value="Every twelve hours (qualifier value)"/>
      </cql-ext:code>
   </definition>
   <!--Discharge to home for hospice care (procedure)-CODE:/CodeSystem/SNOMEDCT/Version/2021-09/Code/428361000124107/Info-->
      <definition>
      <cql-ext:code code="428361000124107" codeSystem="2.16.840.1.113883.6.96"
                    codeSystemName="SNOMEDCT">
         <displayName value="Discharge to home for hospice care (procedure)"/>
      </cql-ext:code>
   </definition>
   <!--Every forty eight hours (qualifier value)-CODE:/CodeSystem/SNOMEDCT/Version/2021-09/Code/396131002/Info-->
      <definition>
      <cql-ext:code code="396131002" codeSystem="2.16.840.1.113883.6.96" codeSystemName="SNOMEDCT">
         <displayName value="Every forty eight hours (qualifier value)"/>
      </cql-ext:code>
   </definition>
   <!--Every seventy two hours (qualifier value)-CODE:/CodeSystem/SNOMEDCT/Version/2021-09/Code/396143001/Info-->
      <definition>
      <cql-ext:code code="396143001" codeSystem="2.16.840.1.113883.6.96" codeSystemName="SNOMEDCT">
         <displayName value="Every seventy two hours (qualifier value)"/>
      </cql-ext:code>
   </definition>
   <!--One to three times a day (qualifier value)-CODE:/CodeSystem/SNOMEDCT/Version/2021-09/Code/396108002/Info-->
      <definition>
      <cql-ext:code code="396108002" codeSystem="2.16.840.1.113883.6.96" codeSystemName="SNOMEDCT">
         <displayName value="One to three times a day (qualifier value)"/>
      </cql-ext:code>
   </definition>
   <!--Every eight hours (qualifier value)-CODE:/CodeSystem/SNOMEDCT/Version/2021-09/Code/307469008/Info-->
      <definition>
      <cql-ext:code code="307469008" codeSystem="2.16.840.1.113883.6.96" codeSystemName="SNOMEDCT">
         <displayName value="Every eight hours (qualifier value)"/>
      </cql-ext:code>
   </definition>
   <!--Every three to four hours (qualifier value)-CODE:/CodeSystem/SNOMEDCT/Version/2021-09/Code/225754004/Info-->
      <definition>
      <cql-ext:code code="225754004" codeSystem="2.16.840.1.113883.6.96" codeSystemName="SNOMEDCT">
         <displayName value="Every three to four hours (qualifier value)"/>
      </cql-ext:code>
   </definition>
   <!--One to four times a day (qualifier value)-CODE:/CodeSystem/SNOMEDCT/Version/2021-09/Code/396109005/Info-->
      <definition>
      <cql-ext:code code="396109005" codeSystem="2.16.840.1.113883.6.96" codeSystemName="SNOMEDCT">
         <displayName value="One to four times a day (qualifier value)"/>
      </cql-ext:code>
   </definition>
   <!--Every three to six hours (qualifier value)-CODE:/CodeSystem/SNOMEDCT/Version/2021-09/Code/396127008/Info-->
      <definition>
      <cql-ext:code code="396127008" codeSystem="2.16.840.1.113883.6.96" codeSystemName="SNOMEDCT">
         <displayName value="Every three to six hours (qualifier value)"/>
      </cql-ext:code>
   </definition>
   <!--Twice a day (qualifier value)-CODE:/CodeSystem/SNOMEDCT/Version/2021-09/Code/229799001/Info-->
      <definition>
      <cql-ext:code code="229799001" codeSystem="2.16.840.1.113883.6.96" codeSystemName="SNOMEDCT">
         <displayName value="Twice a day (qualifier value)"/>
      </cql-ext:code>
   </definition>
   <!--Every twenty four hours (qualifier value)-CODE:/CodeSystem/SNOMEDCT/Version/2021-09/Code/396125000/Info-->
      <definition>
      <cql-ext:code code="396125000" codeSystem="2.16.840.1.113883.6.96" codeSystemName="SNOMEDCT">
         <displayName value="Every twenty four hours (qualifier value)"/>
      </cql-ext:code>
   </definition>
   <!--Four times daily (qualifier value)-CODE:/CodeSystem/SNOMEDCT/Version/2021-09/Code/307439001/Info-->
      <definition>
      <cql-ext:code code="307439001" codeSystem="2.16.840.1.113883.6.96" codeSystemName="SNOMEDCT">
         <displayName value="Four times daily (qualifier value)"/>
      </cql-ext:code>
   </definition>
   <!--Every thirty six hours (qualifier value)-CODE:/CodeSystem/SNOMEDCT/Version/2021-09/Code/396126004/Info-->
      <definition>
      <cql-ext:code code="396126004" codeSystem="2.16.840.1.113883.6.96" codeSystemName="SNOMEDCT">
         <displayName value="Every thirty six hours (qualifier value)"/>
      </cql-ext:code>
   </definition>
   <!--Every eight to twelve hours (qualifier value)-CODE:/CodeSystem/SNOMEDCT/Version/2021-09/Code/396140003/Info-->
      <definition>
      <cql-ext:code code="396140003" codeSystem="2.16.840.1.113883.6.96" codeSystemName="SNOMEDCT">
         <displayName value="Every eight to twelve hours (qualifier value)"/>
      </cql-ext:code>
   </definition>
   <!--Three times daily (qualifier value)-CODE:/CodeSystem/SNOMEDCT/Version/2021-09/Code/229798009/Info-->
      <definition>
      <cql-ext:code code="229798009" codeSystem="2.16.840.1.113883.6.96" codeSystemName="SNOMEDCT">
         <displayName value="Three times daily (qualifier value)"/>
      </cql-ext:code>
   </definition>
   <!--Once daily (qualifier value)-CODE:/CodeSystem/SNOMEDCT/Version/2021-09/Code/229797004/Info-->
      <definition>
      <cql-ext:code code="229797004" codeSystem="2.16.840.1.113883.6.96" codeSystemName="SNOMEDCT">
         <displayName value="Once daily (qualifier value)"/>
      </cql-ext:code>
   </definition>
   <!--Every four hours (qualifier value)-CODE:/CodeSystem/SNOMEDCT/Version/2021-09/Code/225756002/Info-->
      <definition>
      <cql-ext:code code="225756002" codeSystem="2.16.840.1.113883.6.96" codeSystemName="SNOMEDCT">
         <displayName value="Every four hours (qualifier value)"/>
      </cql-ext:code>
   </definition>
   <!--One to two times a day (qualifier value)-CODE:/CodeSystem/SNOMEDCT/Version/2021-09/Code/396107007/Info-->
      <definition>
      <cql-ext:code code="396107007" codeSystem="2.16.840.1.113883.6.96" codeSystemName="SNOMEDCT">
         <displayName value="One to two times a day (qualifier value)"/>
      </cql-ext:code>
   </definition>
   <!--Discharge to healthcare facility for hospice care (procedure)-CODE:/CodeSystem/SNOMEDCT/Version/2021-09/Code/428371000124100/Info-->
      <definition>
      <cql-ext:code code="428371000124100" codeSystem="2.16.840.1.113883.6.96"
                    codeSystemName="SNOMEDCT">
         <displayName value="Discharge to healthcare facility for hospice care (procedure)"/>
      </cql-ext:code>
   </definition>
   <!--Every six hours (qualifier value)-CODE:/CodeSystem/SNOMEDCT/Version/2021-09/Code/307468000/Info-->
      <definition>
      <cql-ext:code code="307468000" codeSystem="2.16.840.1.113883.6.96" codeSystemName="SNOMEDCT">
         <displayName value="Every six hours (qualifier value)"/>
      </cql-ext:code>
   </definition>
   <!--Two to four times a day (qualifier value)-CODE:/CodeSystem/SNOMEDCT/Version/2021-09/Code/396111001/Info-->
      <definition>
      <cql-ext:code code="396111001" codeSystem="2.16.840.1.113883.6.96" codeSystemName="SNOMEDCT">
         <displayName value="Two to four times a day (qualifier value)"/>
      </cql-ext:code>
   </definition>
   <!--Yes (qualifier value)-CODE:/CodeSystem/SNOMEDCT/Version/2021-09/Code/373066001/Info-->
      <definition>
      <cql-ext:code code="373066001" codeSystem="2.16.840.1.113883.6.96" codeSystemName="SNOMEDCT">
         <displayName value="Yes (qualifier value)"/>
      </cql-ext:code>
   </definition>
   <relatedDocument typeCode="COMP">
      <expressionDocument>
         <id root="B3FDCADA-1663-4C31-9BF7-2453CD6BC9D6"/>
         <text mediaType="text/cql">
            <reference value="https://emeasuretool.cms.gov/libraries/703cc49b-b653-4885-80e8-245a057f5ae9/CMS136-v12-0-000-QDM-5-6.cql"/>
            <translation mediaType="application/elm+xml">
               <reference value="https://emeasuretool.cms.gov/libraries/703cc49b-b653-4885-80e8-245a057f5ae9/CMS136-v12-0-000-QDM-5-6.xml"/>
            </translation>
            <translation mediaType="application/elm+json">
               <reference value="https://emeasuretool.cms.gov/libraries/703cc49b-b653-4885-80e8-245a057f5ae9/CMS136-v12-0-000-QDM-5-6.json"/>
            </translation>
         </text>
         <setId extension="703cc49b-b653-4885-80e8-245a057f5ae9"
                identifierName="FollowUpCareforChildrenPrescribedADHDMedicationADD"
                root="https://emeasuretool.cms.gov/libraries"/>
         <versionNumber value="12.0.000"/>
      </expressionDocument>
   </relatedDocument>
   <relatedDocument typeCode="COMP">
      <expressionDocument>
         <id root="2c9280837f47c81f017f7a0d240316af"/>
         <text mediaType="text/cql">
            <reference value="https://emeasuretool.cms.gov/libraries/a7ed49b6-3b10-4501-9f2d-e0f0782981c7/CumulativeMedicationDuration-v1-0-000-QDM-5-6.cql"/>
            <translation mediaType="application/elm+xml">
               <reference value="https://emeasuretool.cms.gov/libraries/a7ed49b6-3b10-4501-9f2d-e0f0782981c7/CumulativeMedicationDuration-v1-0-000-QDM-5-6.xml"/>
            </translation>
            <translation mediaType="application/elm+json">
               <reference value="https://emeasuretool.cms.gov/libraries/a7ed49b6-3b10-4501-9f2d-e0f0782981c7/CumulativeMedicationDuration-v1-0-000-QDM-5-6.json"/>
            </translation>
         </text>
         <setId extension="a7ed49b6-3b10-4501-9f2d-e0f0782981c7"
                identifierName="CumulativeMedicationDuration"
                root="https://emeasuretool.cms.gov/libraries"/>
         <versionNumber value="1.0.000"/>
      </expressionDocument>
   </relatedDocument>
   <relatedDocument typeCode="COMP">
      <expressionDocument>
         <id root="2c9280857b2aeb52017b5f8b96c31ff8"/>
         <text mediaType="text/cql">
            <reference value="https://emeasuretool.cms.gov/libraries/8bdc0a19-b210-4a58-8a07-f5d95a34eca9/MATGlobalCommonFunctions-v7-0-000-QDM-5-6.cql"/>
            <translation mediaType="application/elm+xml">
               <reference value="https://emeasuretool.cms.gov/libraries/8bdc0a19-b210-4a58-8a07-f5d95a34eca9/MATGlobalCommonFunctions-v7-0-000-QDM-5-6.xml"/>
            </translation>
            <translation mediaType="application/elm+json">
               <reference value="https://emeasuretool.cms.gov/libraries/8bdc0a19-b210-4a58-8a07-f5d95a34eca9/MATGlobalCommonFunctions-v7-0-000-QDM-5-6.json"/>
            </translation>
         </text>
         <setId extension="8bdc0a19-b210-4a58-8a07-f5d95a34eca9"
                identifierName="MATGlobalCommonFunctions"
                root="https://emeasuretool.cms.gov/libraries"/>
         <versionNumber value="7.0.000"/>
      </expressionDocument>
   </relatedDocument>
   <relatedDocument typeCode="COMP">
      <expressionDocument>
         <id root="2c9280827eb12de9017f46ba134b37d9"/>
         <text mediaType="text/cql">
            <reference value="https://emeasuretool.cms.gov/libraries/64299b80-f383-4dc9-82e4-d6ef0b271b11/Hospice-v4-0-000-QDM-5-6.cql"/>
            <translation mediaType="application/elm+xml">
               <reference value="https://emeasuretool.cms.gov/libraries/64299b80-f383-4dc9-82e4-d6ef0b271b11/Hospice-v4-0-000-QDM-5-6.xml"/>
            </translation>
            <translation mediaType="application/elm+json">
               <reference value="https://emeasuretool.cms.gov/libraries/64299b80-f383-4dc9-82e4-d6ef0b271b11/Hospice-v4-0-000-QDM-5-6.json"/>
            </translation>
         </text>
         <setId extension="64299b80-f383-4dc9-82e4-d6ef0b271b11" identifierName="Hospice"
                root="https://emeasuretool.cms.gov/libraries"/>
         <versionNumber value="4.0.000"/>
      </expressionDocument>
   </relatedDocument>
   <controlVariable>
      <measurePeriod>
         <id extension="measureperiod" root="8305e591-a93b-4007-8455-3e025a50b392"/>
         <code code="MSRTP" codeSystem="2.16.840.1.113883.5.4">
            <originalText value="Measurement Period"/>
         </code>
         <value xsi:type="PIVL_TS">
            <phase highClosed="true" lowClosed="true">
               <low value="20220101"/>
               <width unit="a" value="1" xsi:type="PQ"/>
            </phase>
            <period unit="a" value="1"/>
         </value>
      </measurePeriod>
   </controlVariable>
   <subjectOf>
      <measureAttribute>
         <code nullFlavor="OTH">
            <originalText value="eCQM Identifier (Measure Authoring Tool)"/>
         </code>
         <value mediaType="text/plain" value="136" xsi:type="ED"/>
      </measureAttribute>
   </subjectOf>
   <subjectOf>
      <measureAttribute>
         <code nullFlavor="OTH">
            <originalText value="NQF Number"/>
         </code>
         <value mediaType="text/plain" value="Not Applicable" xsi:type="ED"/>
      </measureAttribute>
   </subjectOf>
   <subjectOf>
      <measureAttribute>
         <code code="COPY" codeSystem="2.16.840.1.113883.5.4">
            <displayName value="Copyright"/>
         </code>
         <value mediaType="text/plain"
                value="This Physician Performance Measure (Measure) and related data specifications are owned and were developed by the National Committee for Quality Assurance (NCQA). NCQA is not responsible for any use of the Measure. NCQA makes no representations, warranties, or endorsement about the quality of any organization or physician that uses or reports performance measures and NCQA has no liability to anyone who relies on such measures or specifications. NCQA holds a copyright in the Measure. The Measure can be reproduced and distributed, without modification, for noncommercial purposes (e.g., use by healthcare providers in connection with their practices) without obtaining approval from NCQA. Commercial use is defined as the sale, licensing, or distribution of the Measure for commercial gain, or incorporation of the Measure into a product or service that is sold, licensed or distributed for commercial gain. All commercial uses or requests for modification must be approved by NCQA and are subject to a license at the discretion of NCQA. (C) 2012-2021 National Committee for Quality Assurance. All Rights Reserved.&#xA;&#xA;Limited proprietary coding is contained in the Measure specifications for user convenience. Users of proprietary code sets should obtain all necessary licenses from the owners of the code sets. NCQA disclaims all liability for use or accuracy of any third party codes contained in the specifications.&#xA;&#xA;CPT(R) contained in the Measure specifications is copyright 2004-2021 American Medical Association. LOINC(R) copyright 2004-2021 Regenstrief Institute, Inc. This material contains SNOMED Clinical Terms(R) (SNOMED CT[R]) copyright 2004-2021 International Health Terminology Standards Development Organisation. ICD-10 copyright 2021 World Health Organization. All Rights Reserved."
                xsi:type="ED"/>
      </measureAttribute>
   </subjectOf>
   <subjectOf>
      <measureAttribute>
         <code code="DISC" codeSystem="2.16.840.1.113883.5.4">
            <displayName value="Disclaimer"/>
         </code>
         <value mediaType="text/plain"
                value="The performance Measure is not a clinical guideline and does not establish a standard of medical care, and has not been tested for all potential applications. THE MEASURE AND SPECIFICATIONS ARE PROVIDED &quot;AS IS&quot; WITHOUT WARRANTY OF ANY KIND.&#xA; &#xA;Due to technical limitations, registered trademarks are indicated by (R) or [R] and unregistered trademarks are indicated by (TM) or [TM]."
                xsi:type="ED"/>
      </measureAttribute>
   </subjectOf>
   <subjectOf>
      <measureAttribute>
         <code code="MSRSCORE" codeSystem="2.16.840.1.113883.5.4">
            <displayName value="Measure Scoring"/>
         </code>
         <value code="PROPOR" codeSystem="2.16.840.1.113883.5.1063" xsi:type="CD">
            <displayName value="Proportion"/>
         </value>
      </measureAttribute>
   </subjectOf>
   <subjectOf>
      <measureAttribute>
         <code code="MSRTYPE" codeSystem="2.16.840.1.113883.5.4">
            <displayName value="Measure Type"/>
         </code>
         <value code="PROCESS" codeSystem="2.16.840.1.113883.5.1063" xsi:type="CD">
            <displayName value="PROCESS"/>
         </value>
      </measureAttribute>
   </subjectOf>
   <subjectOf>
      <measureAttribute>
         <code code="STRAT" codeSystem="2.16.840.1.113883.5.4">
            <displayName value="Stratification"/>
         </code>
         <value mediaType="text/plain" value="None" xsi:type="ED"/>
      </measureAttribute>
   </subjectOf>
   <subjectOf>
      <measureAttribute>
         <code code="MSRADJ" codeSystem="2.16.840.1.113883.5.4">
            <displayName value="Risk Adjustment"/>
         </code>
         <value mediaType="text/plain" value="None" xsi:type="ED"/>
      </measureAttribute>
   </subjectOf>
   <subjectOf>
      <measureAttribute>
         <code code="MSRAGG" codeSystem="2.16.840.1.113883.5.4">
            <displayName value="Rate Aggregation"/>
         </code>
         <value mediaType="text/plain" value="None" xsi:type="ED"/>
      </measureAttribute>
   </subjectOf>
   <subjectOf>
      <measureAttribute>
         <code code="RAT" codeSystem="2.16.840.1.113883.5.4">
            <displayName value="Rationale"/>
         </code>
         <value mediaType="text/plain"
                value="ADHD is one of the more common chronic conditions of childhood. Children with ADHD may experience significant functional problems, such as school difficulties; academic underachievement; troublesome relationships with family members and peers; and behavioral problems (AAP, 2000). Given the high prevalence of ADHD among school-aged children (4%–12%), primary care clinicians will regularly encounter children with ADHD and should have a strategy for diagnosing and long-term management of this condition (AAP, 2001). &#xA;&#xA;Practitioners can convey the efficacy of pharmacotherapy to their patients. American Academy of Pediatrics (AAP) guidelines recommend that once a child is stable, an office visit every three to six months allows assessment of learning and behavior (AAP, 2001). Follow-up appointments should be made at least monthly until the child’s symptoms have been stabilized (AACAP, 2007).&#xA;&#xA;Providers have an opportunity to track medication use in patients and provide the appropriate follow-up care to monitor clinical symptoms and potential adverse events."
                xsi:type="ED"/>
      </measureAttribute>
   </subjectOf>
   <subjectOf>
      <measureAttribute>
         <code code="CRS" codeSystem="2.16.840.1.113883.5.4">
            <displayName value="Clinical Recommendation Statement"/>
         </code>
         <value mediaType="text/plain"
                value="American Academy of Pediatrics Clinical Practice Guideline for the Diagnosis, Evaluation and Treatment of ADHD in Children and Adolescents (2019)&#xA;•&#x9;Key Action Statement (KAS) 1: The pediatrician or other primary care clinicians (PCC) should initiate an evaluation for ADHD for any child or adolescent age 4 years to the 18th birthday who presents with academic or behavioral problems and symptoms of inattention, hyperactivity, or impulsivity. Grade B: Strong Recommendation&#xA;•&#x9;KAS 4: ADHD is a chronic condition; therefore, the PCC should manage children and adolescents with ADHD in the same manner that they would children and youth with special health care needs, following the principles of the chronic care model and the medical home. Grade B: Strong Recommendation&#xA;•&#x9;KAS 5b: For elementary and middle school-aged children (age 6 years to the 12th birthday) with ADHD, the PCC should prescribe FDA-approved medications for ADHD, along with parent training in behavior management (PTBM) and/or behavioral classroom intervention (preferably both PTBM and behavioral classroom interventions). Educational interventions and individualized instructional supports, including school environment, class placement, instructional placement, and behavioral supports, are a necessary part of any treatment plan and often include an IEP or a rehabilitation plan (504 plan). Grade A: Strong Recommendation&#xA;•&#x9;KAS 6. “The PCC should titrate doses of medication for ADHD to achieve maximum benefit with tolerable side effects”. Grade B, strong recommendation&#xA;&#xA;American Academy of Child and Adolescent Psychiatry (AACAP) Practice Parameter for the Assessment and Treatment of Children and Adolescents with ADHD (2007)&#xA;•&#x9;Overall Guideline: The key to effective long-term management of the patient with ADHD is continuity of care with a clinician experienced in the treatment of ADHD. The frequency and duration of follow-up sessions should be individualized for each family and patient, depending on the severity of ADHD symptoms; the degree of comorbidity of other psychiatric illness; the response to treatment; and the degree of impairment in home, school, work, or peer-related activities. The clinician should establish an effective mechanism for receiving feedback from the family and other important informants in the patient's environment to be sure symptoms are well controlled and side effects are minimal. Although this parameter does not seek to set a formula for the method of follow-up, significant contact with the clinician should typically occur two to four times per year in cases of uncomplicated ADHD and up to weekly sessions at times of severe dysfunction or complications of treatment.&#xA;•&#x9;Recommendation 6: A Well-Thought-Out and Comprehensive Treatment Plan Should Be Developed for the Patient With ADHD. The treatment plan should be reviewed regularly and modified if the patient's symptoms do not respond. Minimal Standard [MS]&#xA;•&#x9;Recommendation 9. During a Psychopharmacological Intervention for ADHD, the Patient Should Be Monitored for Treatment-Emergent Side Effects. Minimal Standard [MS]&#xA;•&#x9;Recommendation 12. Patients Should Be Assessed Periodically to Determine Whether There Is Continued Need for Treatment or If Symptoms Have Remitted. Treatment of ADHD Should Continue as Long as Symptoms Remain Present and Cause Impairment. Minimal Standard [MS]"
                xsi:type="ED"/>
      </measureAttribute>
   </subjectOf>
   <subjectOf>
      <measureAttribute>
         <code code="IDUR" codeSystem="2.16.840.1.113883.5.4">
            <displayName value="Improvement Notation"/>
         </code>
         <value mediaType="text/plain" value="Higher score indicates better quality"
                xsi:type="ED"/>
      </measureAttribute>
   </subjectOf>
   <subjectOf>
      <measureAttribute>
         <code code="REF" codeSystem="2.16.840.1.113883.5.4">
            <displayName value="Reference"/>
         </code>
         <value mediaType="text/plain"
                value="CITATIONAmerican Academy of Pediatrics. (2019). Clinical Practice Guideline for the Diagnosis, Evaluation, and Treatment of Attention-Deficit/Hyperactivity Disorder in Children and Adolescents. Pediatrics, 144(4), 1-25."
                xsi:type="ED"/>
      </measureAttribute>
   </subjectOf>
   <subjectOf>
      <measureAttribute>
         <code code="REF" codeSystem="2.16.840.1.113883.5.4">
            <displayName value="Reference"/>
         </code>
         <value mediaType="text/plain"
                value="CITATIONAmerican Academy of Pediatrics. (2001). Clinical practice guideline: treatment of the school-aged child with attention-deficit/hyperactivity disorder. Pediatrics, 108(4), 1033–44."
                xsi:type="ED"/>
      </measureAttribute>
   </subjectOf>
   <subjectOf>
      <measureAttribute>
         <code code="REF" codeSystem="2.16.840.1.113883.5.4">
            <displayName value="Reference"/>
         </code>
         <value mediaType="text/plain"
                value="CITATIONAmerican Academy of Pediatrics. (2000). Clinical practice guideline: diagnosis and evaluation of the child with attention-deficit/hyperactivity disorder. Pediatrics, 105(5), 1158-1170."
                xsi:type="ED"/>
      </measureAttribute>
   </subjectOf>
   <subjectOf>
      <measureAttribute>
         <code code="REF" codeSystem="2.16.840.1.113883.5.4">
            <displayName value="Reference"/>
         </code>
         <value mediaType="text/plain"
                value="CITATIONPliszka, S., &amp; AACAP Work Group on Quality Issues. (2007). Practice parameter for the assessment and treatment of children and adolescents with attention-deficit/hyperactivity disorder. Journal of the American Academy of Child and Adolescent Psychiatry (AACAP), 46(7), 894-921."
                xsi:type="ED"/>
      </measureAttribute>
   </subjectOf>
   <subjectOf>
      <measureAttribute>
         <code code="DEF" codeSystem="2.16.840.1.113883.5.4">
            <displayName value="Definition"/>
         </code>
         <value mediaType="text/plain"
                value="Intake Period: The twelve-month period starting March 1 of the year prior to the measurement period and ending the last calendar day of February of the measurement period.&#xA;&#xA;Index Prescription Start Date (IPSD): The earliest prescription date for an ADHD medication where the date is in the Intake Period and an ADHD medication was not prescribed during the 120 days prior. &#xA;&#xA;Initiation Phase: The 30 days following the IPSD. &#xA;&#xA;Continuation and Maintenance Phase: The 300 days following the IPSD."
                xsi:type="ED"/>
      </measureAttribute>
   </subjectOf>
   <subjectOf>
      <measureAttribute>
         <code code="GUIDE" codeSystem="2.16.840.1.113883.5.4">
            <displayName value="Guidance"/>
         </code>
         <value mediaType="text/plain"
                value="This eCQM is a patient-based measure.&#xA; &#xA;This version of the eCQM uses QDM version 5.6. Please refer to the eCQI resource center (https://ecqi.healthit.gov/qdm) for more information on the QDM."
                xsi:type="ED"/>
      </measureAttribute>
   </subjectOf>
   <subjectOf>
      <measureAttribute>
         <code code="TRANF" codeSystem="2.16.840.1.113883.5.4">
            <displayName value="Transmission Format"/>
         </code>
         <value mediaType="text/plain" value="TBD" xsi:type="ED"/>
      </measureAttribute>
   </subjectOf>
   <subjectOf>
      <measureAttribute>
         <code code="IPOP" codeSystem="2.16.840.1.113883.5.4">
            <displayName value="Initial Population"/>
         </code>
         <value mediaType="text/plain"
                value="Initial Population 1: Children 6-12 years of age as of the Intake Period who were prescribed an ADHD medication during the Intake Period and who had a visit during the measurement period. Children are removed if they were actively on ADHD medication in the 120 days prior to the IPSD, or had an acute inpatient stay with a principal diagnosis of mental, behavioral or neurodevelopmental disorder during the Initiation Phase.  &#xA;&#xA;Initial Population 2: Children 6-12 years of age as of the Intake Period who were prescribed an ADHD medication during the Intake Period and remained on the medication for at least 210 days during the 301-day period, beginning on the IPSD through 300 days after the IPSD, and who had a visit during the measurement period. Children are removed if they were actively on ADHD medication in the 120 days prior to the IPSD, or had an acute inpatient stay with a principal diagnosis of mental, behavioral or neurodevelopmental disorder during the Continuation and Maintenance Phase."
                xsi:type="ED"/>
      </measureAttribute>
   </subjectOf>
   <subjectOf>
      <measureAttribute>
         <code code="DENOM" codeSystem="2.16.840.1.113883.5.4">
            <displayName value="Denominator"/>
         </code>
         <value mediaType="text/plain" value="Equals Initial Population" xsi:type="ED"/>
      </measureAttribute>
   </subjectOf>
   <subjectOf>
      <measureAttribute>
         <code code="DENEX" codeSystem="2.16.840.1.113883.5.4">
            <displayName value="Denominator Exclusions"/>
         </code>
         <value mediaType="text/plain"
                value="Exclude patients diagnosed with narcolepsy at any point in their history or during the measurement period.&#xA;&#xA;Exclude patients who are in hospice care for any part of the measurement period."
                xsi:type="ED"/>
      </measureAttribute>
   </subjectOf>
   <subjectOf>
      <measureAttribute>
         <code code="NUMER" codeSystem="2.16.840.1.113883.5.4">
            <displayName value="Numerator"/>
         </code>
         <value mediaType="text/plain"
                value="Numerator 1: Patients who had at least one visit with a practitioner with prescribing authority during the Initiation Phase.&#xA; &#xA;Numerator 2: Patients who had at least one visit with a practitioner with prescribing authority during the Initiation Phase, and at least two follow-up visits during the 31-300 days after the IPSD."
                xsi:type="ED"/>
      </measureAttribute>
   </subjectOf>
   <subjectOf>
      <measureAttribute>
         <code code="NUMEX" codeSystem="2.16.840.1.113883.5.4">
            <displayName value="Numerator Exclusions"/>
         </code>
         <value mediaType="text/plain" value="Not Applicable" xsi:type="ED"/>
      </measureAttribute>
   </subjectOf>
   <subjectOf>
      <measureAttribute>
         <code code="DENEXCEP" codeSystem="2.16.840.1.113883.5.4">
            <displayName value="Denominator Exceptions"/>
         </code>
         <value mediaType="text/plain" value="None" xsi:type="ED"/>
      </measureAttribute>
   </subjectOf>
   <subjectOf>
      <measureAttribute>
         <code code="SDE" codeSystem="2.16.840.1.113883.5.4">
            <displayName value="Supplemental Data Elements"/>
         </code>
         <value mediaType="text/plain"
                value="For every patient evaluated by this measure also identify payer, race, ethnicity and sex"
                xsi:type="ED"/>
      </measureAttribute>
   </subjectOf>
   <componentOf>
      <qualityMeasureSet classCode="ACT">
         <id root="703cc49b-b653-4885-80e8-245a057f5ae9"/>
         <title value="None"/>
      </qualityMeasureSet>
   </componentOf>
   <!--Data Criteria Section-->
   <component>
      <dataCriteriaSection>
         <templateId>
            <item extension="2021-02-01" root="2.16.840.1.113883.10.20.28.2.6"/>
         </templateId>
         <code code="57025-9" codeSystem="2.16.840.1.113883.6.1"/>
         <title value="Data Criteria Section"/>
         <text/>
         <entry typeCode="DRIV">
            <localVariableName value="EncounterInpatient_EncounterPerformed_wqPK2"/>
            <encounterCriteria classCode="ENC" moodCode="EVN">
               <templateId>
                  <item extension="2021-02-01" root="2.16.840.1.113883.10.20.28.4.5"/>
               </templateId>
               <id extension="EncounterInpatient_EncounterPerformed"
                   root="f48cfd98-98cc-4976-98b3-99661f2b3788"/>
               <code valueSet="2.16.840.1.113883.3.666.5.307"/>
               <title value="Encounter, Performed"/>
               <statusCode code="COMPLETED"/>
            </encounterCriteria>
         </entry>
         <entry typeCode="DRIV">
            <localVariableName value="Payer_PatientCharacteristicPayer_uCy1W"/>
            <observationCriteria classCode="OBS" moodCode="EVN">
               <templateId>
                  <item extension="2017-05-01" root="2.16.840.1.113883.10.20.28.4.58"/>
               </templateId>
               <id extension="Payer_PatientCharacteristicPayer"
                   root="faabbb07-b682-49ac-99a8-8332b1a75f7a"/>
               <code code="48768-6" codeSystem="2.16.840.1.113883.6.1" codeSystemName="LOINC">
                  <displayName value="Payer"/>
               </code>
               <title value="Patient Characteristic Payer"/>
               <statusCode code="COMPLETED"/>
               <value valueSet="2.16.840.1.114222.4.11.3591" xsi:type="CD"/>
            </observationCriteria>
         </entry>
         <entry typeCode="DRIV">
            <localVariableName value="BehavioralHealthFollowupVisit_EncounterPerformed_kBg9n"/>
            <encounterCriteria classCode="ENC" moodCode="EVN">
               <templateId>
                  <item extension="2021-02-01" root="2.16.840.1.113883.10.20.28.4.5"/>
               </templateId>
               <id extension="BehavioralHealthFollowupVisit_EncounterPerformed"
                   root="40280381-3d61-56a7-013e-62e0524636b7"/>
               <code valueSet="2.16.840.1.113883.3.464.1003.101.12.1054"/>
               <title value="Encounter, Performed"/>
               <statusCode code="COMPLETED"/>
            </encounterCriteria>
         </entry>
         <entry typeCode="DRIV">
            <localVariableName value="PreventiveCareServicesInitialOfficeVisit0to17_EncounterPerformed_dqhQv"/>
            <encounterCriteria classCode="ENC" moodCode="EVN">
               <templateId>
                  <item extension="2021-02-01" root="2.16.840.1.113883.10.20.28.4.5"/>
               </templateId>
               <id extension="PreventiveCareServicesInitialOfficeVisit0to17_EncounterPerformed"
                   root="40280381-3d61-56a7-013e-62e0524636b4"/>
               <code valueSet="2.16.840.1.113883.3.464.1003.101.12.1022"/>
               <title value="Encounter, Performed"/>
               <statusCode code="COMPLETED"/>
            </encounterCriteria>
         </entry>
         <entry typeCode="DRIV">
            <localVariableName value="ONCAdministrativeSex_PatientCharacteristicSex_nSD52"/>
            <observationCriteria classCode="OBS" moodCode="EVN">
               <templateId>
                  <item extension="2017-05-01" root="2.16.840.1.113883.10.20.28.4.55"/>
               </templateId>
               <id extension="ONCAdministrativeSex_PatientCharacteristicSex"
                   root="cde154fb-1708-4782-b006-c456615e789f"/>
               <code code="263495000" codeSystem="2.16.840.1.113883.6.96" codeSystemName="SNOMED CT">
                  <displayName value="Gender"/>
               </code>
               <title value="Patient Characteristic Sex"/>
               <statusCode code="COMPLETED"/>
               <value valueSet="2.16.840.1.113762.1.4.1" xsi:type="CD"/>
            </observationCriteria>
         </entry>
         <entry typeCode="DRIV">
            <localVariableName value="OutpatientConsultation_EncounterPerformed_tJ1qi"/>
            <encounterCriteria classCode="ENC" moodCode="EVN">
               <templateId>
                  <item extension="2021-02-01" root="2.16.840.1.113883.10.20.28.4.5"/>
               </templateId>
               <id extension="OutpatientConsultation_EncounterPerformed"
                   root="40280381-3d61-56a7-013e-62e0524536b1"/>
               <code valueSet="2.16.840.1.113883.3.464.1003.101.12.1008"/>
               <title value="Encounter, Performed"/>
               <statusCode code="COMPLETED"/>
            </encounterCriteria>
         </entry>
         <entry typeCode="DRIV">
            <localVariableName value="PreventiveCareEstablishedOfficeVisit0to17_EncounterPerformed_V27mB"/>
            <encounterCriteria classCode="ENC" moodCode="EVN">
               <templateId>
                  <item extension="2021-02-01" root="2.16.840.1.113883.10.20.28.4.5"/>
               </templateId>
               <id extension="PreventiveCareEstablishedOfficeVisit0to17_EncounterPerformed"
                   root="40280381-3d61-56a7-013e-62e0524636b3"/>
               <code valueSet="2.16.840.1.113883.3.464.1003.101.12.1024"/>
               <title value="Encounter, Performed"/>
               <statusCode code="COMPLETED"/>
            </encounterCriteria>
         </entry>
         <entry typeCode="DRIV">
            <localVariableName value="TelephoneVisits_EncounterPerformed_lyCjX"/>
            <encounterCriteria classCode="ENC" moodCode="EVN">
               <templateId>
                  <item extension="2021-02-01" root="2.16.840.1.113883.10.20.28.4.5"/>
               </templateId>
               <id extension="TelephoneVisits_EncounterPerformed"
                   root="4c5967c8-dc69-44ef-8b51-c309914917d8"/>
               <code valueSet="2.16.840.1.113883.3.464.1003.101.12.1080"/>
               <title value="Encounter, Performed"/>
               <statusCode code="COMPLETED"/>
            </encounterCriteria>
         </entry>
         <entry typeCode="DRIV">
            <localVariableName value="PreventiveCareServicesIndividualCounseling_EncounterPerformed_7woQ7"/>
            <encounterCriteria classCode="ENC" moodCode="EVN">
               <templateId>
                  <item extension="2021-02-01" root="2.16.840.1.113883.10.20.28.4.5"/>
               </templateId>
               <id extension="PreventiveCareServicesIndividualCounseling_EncounterPerformed"
                   root="40280381-3d61-56a7-013e-62e0524636b6"/>
               <code valueSet="2.16.840.1.113883.3.464.1003.101.12.1026"/>
               <title value="Encounter, Performed"/>
               <statusCode code="COMPLETED"/>
            </encounterCriteria>
         </entry>
         <entry typeCode="DRIV">
            <localVariableName value="PreventiveCareServicesGroupCounseling_EncounterPerformed_0n3kb"/>
            <encounterCriteria classCode="ENC" moodCode="EVN">
               <templateId>
                  <item extension="2021-02-01" root="2.16.840.1.113883.10.20.28.4.5"/>
               </templateId>
               <id extension="PreventiveCareServicesGroupCounseling_EncounterPerformed"
                   root="40280381-3d61-56a7-013e-62e0524636b5"/>
               <code valueSet="2.16.840.1.113883.3.464.1003.101.12.1027"/>
               <title value="Encounter, Performed"/>
               <statusCode code="COMPLETED"/>
            </encounterCriteria>
         </entry>
         <entry typeCode="DRIV">
            <localVariableName value="PsychVisitDiagnosticEvaluation_EncounterPerformed_b14o7"/>
            <encounterCriteria classCode="ENC" moodCode="EVN">
               <templateId>
                  <item extension="2021-02-01" root="2.16.840.1.113883.10.20.28.4.5"/>
               </templateId>
               <id extension="PsychVisitDiagnosticEvaluation_EncounterPerformed"
                   root="40280381-3d61-56a7-013e-62e05245369b"/>
               <code valueSet="2.16.840.1.113883.3.526.3.1492"/>
               <title value="Encounter, Performed"/>
               <statusCode code="COMPLETED"/>
            </encounterCriteria>
         </entry>
         <entry typeCode="DRIV">
            <localVariableName value="PsychVisitPsychotherapy_EncounterPerformed_o5zvM"/>
            <encounterCriteria classCode="ENC" moodCode="EVN">
               <templateId>
                  <item extension="2021-02-01" root="2.16.840.1.113883.10.20.28.4.5"/>
               </templateId>
               <id extension="PsychVisitPsychotherapy_EncounterPerformed"
                   root="40280381-3d61-56a7-013e-62e05244369a"/>
               <code valueSet="2.16.840.1.113883.3.526.3.1496"/>
               <title value="Encounter, Performed"/>
               <statusCode code="COMPLETED"/>
            </encounterCriteria>
         </entry>
         <entry typeCode="DRIV">
            <localVariableName value="ADHDMedications_MedicationOrder_VHJL8"/>
            <substanceAdministrationCriteria classCode="SBADM" moodCode="RQO">
               <templateId>
                  <item extension="2021-02-01" root="2.16.840.1.113883.10.20.28.4.51"/>
               </templateId>
               <id extension="ADHDMedications_MedicationOrder"
                   root="40280381-3d61-56a7-013e-62e0524536a7"/>
               <title value="Medication, Order"/>
               <statusCode code="ACTIVE"/>
			            <participation typeCode="CSM">
                  <role classCode="MANU">
                     <playingMaterial classCode="MMAT" determinerCode="KIND">
                        <code valueSet="2.16.840.1.113883.3.464.1003.196.12.1171"/>
                     </playingMaterial>
                  </role>
               </participation>
		          </substanceAdministrationCriteria>
         </entry>
         <entry typeCode="DRIV">
            <localVariableName value="ADHDMedications_MedicationActive_2xLk7"/>
            <substanceAdministrationCriteria classCode="SBADM" moodCode="EVN">
               <templateId>
                  <item extension="2021-02-01" root="2.16.840.1.113883.10.20.28.4.44"/>
               </templateId>
               <id extension="ADHDMedications_MedicationActive"
                   root="40280381-3d61-56a7-013e-62e0524536a7"/>
               <title value="Medication, Active"/>
               <statusCode code="ACTIVE"/>
			            <participation typeCode="CSM">
                  <role classCode="MANU">
                     <playingMaterial classCode="MMAT" determinerCode="KIND">
                        <code valueSet="2.16.840.1.113883.3.464.1003.196.12.1171"/>
                     </playingMaterial>
                  </role>
               </participation>
		          </substanceAdministrationCriteria>
         </entry>
         <entry typeCode="DRIV">
            <localVariableName value="HospiceCareAmbulatory_InterventionOrder_93Dxw"/>
            <actCriteria classCode="ACT" moodCode="RQO">
               <templateId>
                  <item extension="2021-02-01" root="2.16.840.1.113883.10.20.28.4.35"/>
               </templateId>
               <id extension="HospiceCareAmbulatory_InterventionOrder"
                   root="1a2e5eaf-2061-42da-a70b-5906364289a2"/>
               <code valueSet="2.16.840.1.113883.3.526.3.1584"/>
               <title value="Intervention, Order"/>
               <statusCode code="ACTIVE"/>
            </actCriteria>
         </entry>
         <entry typeCode="DRIV">
            <localVariableName value="HospiceCareAmbulatory_InterventionPerformed_npTTe"/>
            <actCriteria classCode="ACT" moodCode="EVN">
               <templateId>
                  <item extension="2021-02-01" root="2.16.840.1.113883.10.20.28.4.36"/>
               </templateId>
               <id extension="HospiceCareAmbulatory_InterventionPerformed"
                   root="1a2e5eaf-2061-42da-a70b-5906364289a2"/>
               <code valueSet="2.16.840.1.113883.3.526.3.1584"/>
               <title value="Intervention, Performed"/>
               <statusCode code="COMPLETED"/>
            </actCriteria>
         </entry>
         <entry typeCode="DRIV">
            <localVariableName value="Ethnicity_PatientCharacteristicEthnicity_OO19l"/>
            <observationCriteria classCode="OBS" moodCode="EVN">
               <templateId>
                  <item extension="2017-05-01" root="2.16.840.1.113883.10.20.28.4.56"/>
               </templateId>
               <id extension="Ethnicity_PatientCharacteristicEthnicity"
                   root="bb898f7d-b9fb-4174-ab45-f2ebcddebac7"/>
               <code code="54133-4" codeSystem="2.16.840.1.113883.6.1" codeSystemName="LOINC">
                  <displayName value="Ethnicity"/>
               </code>
               <title value="Patient Characteristic Ethnicity"/>
               <statusCode code="COMPLETED"/>
               <value valueSet="2.16.840.1.114222.4.11.837" xsi:type="CD"/>
            </observationCriteria>
         </entry>
         <entry typeCode="DRIV">
            <localVariableName value="HomeHealthcareServices_EncounterPerformed_IXKnq"/>
            <encounterCriteria classCode="ENC" moodCode="EVN">
               <templateId>
                  <item extension="2021-02-01" root="2.16.840.1.113883.10.20.28.4.5"/>
               </templateId>
               <id extension="HomeHealthcareServices_EncounterPerformed"
                   root="40280381-3d61-56a7-013e-62e0524536b2"/>
               <code valueSet="2.16.840.1.113883.3.464.1003.101.12.1016"/>
               <title value="Encounter, Performed"/>
               <statusCode code="COMPLETED"/>
            </encounterCriteria>
         </entry>
         <entry typeCode="DRIV">
            <localVariableName value="InitialHospitalObservationCare_EncounterPerformed_4lbwC"/>
            <encounterCriteria classCode="ENC" moodCode="EVN">
               <templateId>
                  <item extension="2021-02-01" root="2.16.840.1.113883.10.20.28.4.5"/>
               </templateId>
               <id extension="InitialHospitalObservationCare_EncounterPerformed"
                   root="40280381-3d61-56a7-013e-62e0524536af"/>
               <code valueSet="2.16.840.1.113883.3.464.1003.101.12.1002"/>
               <title value="Encounter, Performed"/>
               <statusCode code="COMPLETED"/>
            </encounterCriteria>
         </entry>
         <entry typeCode="DRIV">
            <localVariableName value="HospiceEncounter_EncounterPerformed_DWkCv"/>
            <encounterCriteria classCode="ENC" moodCode="EVN">
               <templateId>
                  <item extension="2021-02-01" root="2.16.840.1.113883.10.20.28.4.5"/>
               </templateId>
               <id extension="HospiceEncounter_EncounterPerformed"
                   root="93a22f5a-a867-4e89-bb6d-f087930fc43b"/>
               <code valueSet="2.16.840.1.113883.3.464.1003.1003"/>
               <title value="Encounter, Performed"/>
               <statusCode code="COMPLETED"/>
            </encounterCriteria>
         </entry>
         <entry typeCode="DRIV">
            <localVariableName value="Race_PatientCharacteristicRace_Gt4eO"/>
            <observationCriteria classCode="OBS" moodCode="EVN">
               <templateId>
                  <item extension="2017-05-01" root="2.16.840.1.113883.10.20.28.4.59"/>
               </templateId>
               <id extension="Race_PatientCharacteristicRace"
                   root="326853ae-8c82-45b1-8f71-5061a66999e0"/>
               <code code="32624-9" codeSystem="2.16.840.1.113883.6.1" codeSystemName="LOINC">
                  <displayName value="Race"/>
               </code>
               <title value="Patient Characteristic Race"/>
               <statusCode code="COMPLETED"/>
               <value valueSet="2.16.840.1.114222.4.11.836" xsi:type="CD"/>
            </observationCriteria>
         </entry>
         <entry typeCode="DRIV">
            <localVariableName value="Narcolepsy_Diagnosis_WzXPT"/>
            <observationCriteria classCode="OBS" moodCode="EVN">
               <templateId>
                  <item extension="2021-02-01" root="2.16.840.1.113883.10.20.28.4.110"/>
               </templateId>
               <id extension="Narcolepsy_Diagnosis" root="40280381-3d61-56a7-013e-62e0524536a8"/>
               <code code="282291009" codeSystem="2.16.840.1.113883.6.96" codeSystemName="SNOMED CT">
                  <displayName value="Diagnosis"/>
               </code>
               <title value="Diagnosis"/>
               <statusCode code="COMPLETED"/>
               <value valueSet="2.16.840.1.113883.3.464.1003.114.12.1011" xsi:type="CD"/>
            </observationCriteria>
         </entry>
         <entry typeCode="DRIV">
            <localVariableName value="PsychotherapyandPharmacologicManagement_EncounterPerformed_Bzi1F"/>
            <encounterCriteria classCode="ENC" moodCode="EVN">
               <templateId>
                  <item extension="2021-02-01" root="2.16.840.1.113883.10.20.28.4.5"/>
               </templateId>
               <id extension="PsychotherapyandPharmacologicManagement_EncounterPerformed"
                   root="40280381-3d61-56a7-013e-62e0524636b9"/>
               <code valueSet="2.16.840.1.113883.3.464.1003.101.12.1055"/>
               <title value="Encounter, Performed"/>
               <statusCode code="COMPLETED"/>
            </encounterCriteria>
         </entry>
         <entry typeCode="DRIV">
            <localVariableName value="OnlineAssessments_EncounterPerformed_9uBzB"/>
            <encounterCriteria classCode="ENC" moodCode="EVN">
               <templateId>
                  <item extension="2021-02-01" root="2.16.840.1.113883.10.20.28.4.5"/>
               </templateId>
               <id extension="OnlineAssessments_EncounterPerformed"
                   root="958234b7-f79a-4508-bfb7-8ebe3f6451e7"/>
               <code valueSet="2.16.840.1.113883.3.464.1003.101.12.1089"/>
               <title value="Encounter, Performed"/>
               <statusCode code="COMPLETED"/>
            </encounterCriteria>
         </entry>
         <entry typeCode="DRIV">
            <localVariableName value="OfficeVisit_EncounterPerformed_phHrO"/>
            <encounterCriteria classCode="ENC" moodCode="EVN">
               <templateId>
                  <item extension="2021-02-01" root="2.16.840.1.113883.10.20.28.4.5"/>
               </templateId>
               <id extension="OfficeVisit_EncounterPerformed"
                   root="40280381-3d61-56a7-013e-62e0524536ae"/>
               <code valueSet="2.16.840.1.113883.3.464.1003.101.12.1001"/>
               <title value="Encounter, Performed"/>
               <statusCode code="COMPLETED"/>
            </encounterCriteria>
         </entry>
         <entry typeCode="DRIV">
            <observationCriteria classCode="OBS" moodCode="EVN">
               <templateId>
                  <item extension="2021-02-01" root="2.16.840.1.113883.10.20.28.4.117"/>
               </templateId>
               <id extension="45755-6_AssessmentPerformed"
                   root="6D44BFC8-F830-464E-A890-CC57888F3089"/>
               <code code="45755-6" codeSystem="2.16.840.1.113883.6.1" codeSystemName="LOINC"/>
               <title value="Assessment, Performed"/>
               <statusCode code="COMPLETED"/>
            </observationCriteria>
         </entry>
         <entry typeCode="DRIV">
            <encounterCriteria classCode="ENC" moodCode="EVN">
               <templateId>
                  <item extension="2021-02-01" root="2.16.840.1.113883.10.20.28.4.5"/>
               </templateId>
               <id extension="99217_EncounterPerformed"
                   root="A551BA79-2F99-4720-9441-AD7F3F8A70D6"/>
               <code code="99217" codeSystem="2.16.840.1.113883.6.12" codeSystemName="CPT"/>
               <title value="Encounter, Performed"/>
               <statusCode code="COMPLETED"/>
            </encounterCriteria>
         </entry>
      </dataCriteriaSection>
   </component>
   <component>
      <populationCriteriaSection>
         <templateId>
            <item extension="2017-08-01" root="2.16.840.1.113883.10.20.28.2.7"/>
         </templateId>
         <id extension="PopulationCriteria1" root="AC553D45-7E0E-4405-89CC-29F17BC49737"/>
         <code code="57026-7" codeSystem="2.16.840.1.113883.6.1"/>
         <title value="Population Criteria Section"/>
         <text/>
         <component typeCode="COMP">
            <initialPopulationCriteria classCode="OBS" moodCode="EVN">
               <id extension="initialPopulation" root="D79D2A15-C472-4AC1-A2FD-E2E335A6F316"/>
               <code code="IPOP" codeSystem="2.16.840.1.113883.5.4" codeSystemName="Act Code"/>
               <precondition typeCode="PRCN">
                  <criteriaReference classCode="OBS" moodCode="EVN">
                     <id extension="FollowUpCareforChildrenPrescribedADHDMedicationADD.&quot;Initial Population 1&quot;"
                         root="B3FDCADA-1663-4C31-9BF7-2453CD6BC9D6"/>
                  </criteriaReference>
               </precondition>
            </initialPopulationCriteria>
         </component>
         <component typeCode="COMP">
            <denominatorCriteria classCode="OBS" moodCode="EVN">
               <id extension="denominator" root="97564B2A-C7DE-4F48-B960-46E1940FE6D6"/>
               <code code="DENOM" codeSystem="2.16.840.1.113883.5.4" codeSystemName="Act Code"/>
               <precondition typeCode="PRCN">
                  <criteriaReference classCode="OBS" moodCode="EVN">
                     <id extension="FollowUpCareforChildrenPrescribedADHDMedicationADD.&quot;Denominator 1&quot;"
                         root="B3FDCADA-1663-4C31-9BF7-2453CD6BC9D6"/>
                  </criteriaReference>
               </precondition>
            </denominatorCriteria>
         </component>
         <component typeCode="COMP">
            <denominatorExclusionCriteria classCode="OBS" moodCode="EVN">
               <id extension="denominatorExclusions" root="FF603917-BC11-4B77-9DD7-6BC14409125B"/>
               <code code="DENEX" codeSystem="2.16.840.1.113883.5.4" codeSystemName="Act Code"/>
               <precondition typeCode="PRCN">
                  <criteriaReference classCode="OBS" moodCode="EVN">
                     <id extension="FollowUpCareforChildrenPrescribedADHDMedicationADD.&quot;Denominator Exclusions&quot;"
                         root="B3FDCADA-1663-4C31-9BF7-2453CD6BC9D6"/>
                  </criteriaReference>
               </precondition>
            </denominatorExclusionCriteria>
         </component>
         <component typeCode="COMP">
            <numeratorCriteria classCode="OBS" moodCode="EVN">
               <id extension="numerator" root="6B82B99D-30A6-4CB9-9F89-0FA0B6A8BA62"/>
               <code code="NUMER" codeSystem="2.16.840.1.113883.5.4" codeSystemName="Act Code"/>
               <precondition typeCode="PRCN">
                  <criteriaReference classCode="OBS" moodCode="EVN">
                     <id extension="FollowUpCareforChildrenPrescribedADHDMedicationADD.&quot;Numerator 1&quot;"
                         root="B3FDCADA-1663-4C31-9BF7-2453CD6BC9D6"/>
                  </criteriaReference>
               </precondition>
            </numeratorCriteria>
         </component>
         <component typeCode="COMP">
            <cql-ext:supplementalDataElement>
               <id extension="Supplemental Data Elements"
                   root="A16B6CF6-1D1C-4916-B515-DAE526E1D7E3"/>
               <code code="SDE" codeSystem="2.16.840.1.113883.5.4" codeSystemName="Act Code"/>
               <precondition typeCode="PRCN">
                  <criteriaReference classCode="OBS" moodCode="EVN">
                     <id extension="FollowUpCareforChildrenPrescribedADHDMedicationADD.&quot;SDE Ethnicity&quot;"
                         root="B3FDCADA-1663-4C31-9BF7-2453CD6BC9D6"/>
                  </criteriaReference>
               </precondition>
            </cql-ext:supplementalDataElement>
         </component>
         <component typeCode="COMP">
            <cql-ext:supplementalDataElement>
               <id extension="Supplemental Data Elements"
                   root="4D533ECA-6A5E-4FC3-87FF-DC7E93D9E7F0"/>
               <code code="SDE" codeSystem="2.16.840.1.113883.5.4" codeSystemName="Act Code"/>
               <precondition typeCode="PRCN">
                  <criteriaReference classCode="OBS" moodCode="EVN">
                     <id extension="FollowUpCareforChildrenPrescribedADHDMedicationADD.&quot;SDE Payer&quot;"
                         root="B3FDCADA-1663-4C31-9BF7-2453CD6BC9D6"/>
                  </criteriaReference>
               </precondition>
            </cql-ext:supplementalDataElement>
         </component>
         <component typeCode="COMP">
            <cql-ext:supplementalDataElement>
               <id extension="Supplemental Data Elements"
                   root="53DBFDEC-61D7-42D6-BB7F-FB2CCADDDC7D"/>
               <code code="SDE" codeSystem="2.16.840.1.113883.5.4" codeSystemName="Act Code"/>
               <precondition typeCode="PRCN">
                  <criteriaReference classCode="OBS" moodCode="EVN">
                     <id extension="FollowUpCareforChildrenPrescribedADHDMedicationADD.&quot;SDE Race&quot;"
                         root="B3FDCADA-1663-4C31-9BF7-2453CD6BC9D6"/>
                  </criteriaReference>
               </precondition>
            </cql-ext:supplementalDataElement>
         </component>
         <component typeCode="COMP">
            <cql-ext:supplementalDataElement>
               <id extension="Supplemental Data Elements"
                   root="F34E0AA8-533A-4B3D-9718-6BCA2167B96D"/>
               <code code="SDE" codeSystem="2.16.840.1.113883.5.4" codeSystemName="Act Code"/>
               <precondition typeCode="PRCN">
                  <criteriaReference classCode="OBS" moodCode="EVN">
                     <id extension="FollowUpCareforChildrenPrescribedADHDMedicationADD.&quot;SDE Sex&quot;"
                         root="B3FDCADA-1663-4C31-9BF7-2453CD6BC9D6"/>
                  </criteriaReference>
               </precondition>
            </cql-ext:supplementalDataElement>
         </component>
      </populationCriteriaSection>
   </component>
   <component>
      <populationCriteriaSection>
         <templateId>
            <item extension="2017-08-01" root="2.16.840.1.113883.10.20.28.2.7"/>
         </templateId>
         <id extension="PopulationCriteria2" root="AD9A3B96-1B9E-4409-9CF8-7254192F5849"/>
         <code code="57026-7" codeSystem="2.16.840.1.113883.6.1"/>
         <title value="Population Criteria Section"/>
         <text/>
         <component typeCode="COMP">
            <initialPopulationCriteria classCode="OBS" moodCode="EVN">
               <id extension="initialPopulation" root="1FA8F15B-541A-4179-96DF-37E4EE78B399"/>
               <code code="IPOP" codeSystem="2.16.840.1.113883.5.4" codeSystemName="Act Code"/>
               <precondition typeCode="PRCN">
                  <criteriaReference classCode="OBS" moodCode="EVN">
                     <id extension="FollowUpCareforChildrenPrescribedADHDMedicationADD.&quot;Initial Population 2&quot;"
                         root="B3FDCADA-1663-4C31-9BF7-2453CD6BC9D6"/>
                  </criteriaReference>
               </precondition>
            </initialPopulationCriteria>
         </component>
         <component typeCode="COMP">
            <denominatorCriteria classCode="OBS" moodCode="EVN">
               <id extension="denominator" root="17DB3927-8710-4D08-AF5E-40932359545C"/>
               <code code="DENOM" codeSystem="2.16.840.1.113883.5.4" codeSystemName="Act Code"/>
               <precondition typeCode="PRCN">
                  <criteriaReference classCode="OBS" moodCode="EVN">
                     <id extension="FollowUpCareforChildrenPrescribedADHDMedicationADD.&quot;Denominator 2&quot;"
                         root="B3FDCADA-1663-4C31-9BF7-2453CD6BC9D6"/>
                  </criteriaReference>
               </precondition>
            </denominatorCriteria>
         </component>
         <component typeCode="COMP">
            <denominatorExclusionCriteria classCode="OBS" moodCode="EVN">
               <id extension="denominatorExclusions" root="103358A7-124C-4D76-932D-CBD267CD6A36"/>
               <code code="DENEX" codeSystem="2.16.840.1.113883.5.4" codeSystemName="Act Code"/>
               <precondition typeCode="PRCN">
                  <criteriaReference classCode="OBS" moodCode="EVN">
                     <id extension="FollowUpCareforChildrenPrescribedADHDMedicationADD.&quot;Denominator Exclusions&quot;"
                         root="B3FDCADA-1663-4C31-9BF7-2453CD6BC9D6"/>
                  </criteriaReference>
               </precondition>
            </denominatorExclusionCriteria>
         </component>
         <component typeCode="COMP">
            <numeratorCriteria classCode="OBS" moodCode="EVN">
               <id extension="numerator" root="19D8848F-994D-4B53-8370-95CE18435143"/>
               <code code="NUMER" codeSystem="2.16.840.1.113883.5.4" codeSystemName="Act Code"/>
               <precondition typeCode="PRCN">
                  <criteriaReference classCode="OBS" moodCode="EVN">
                     <id extension="FollowUpCareforChildrenPrescribedADHDMedicationADD.&quot;Numerator 2&quot;"
                         root="B3FDCADA-1663-4C31-9BF7-2453CD6BC9D6"/>
                  </criteriaReference>
               </precondition>
            </numeratorCriteria>
         </component>
         <component typeCode="COMP">
            <cql-ext:supplementalDataElement>
               <id extension="Supplemental Data Elements"
                   root="EE101DD8-39C6-410F-8AAF-5AB39B4E1901"/>
               <code code="SDE" codeSystem="2.16.840.1.113883.5.4" codeSystemName="Act Code"/>
               <precondition typeCode="PRCN">
                  <criteriaReference classCode="OBS" moodCode="EVN">
                     <id extension="FollowUpCareforChildrenPrescribedADHDMedicationADD.&quot;SDE Ethnicity&quot;"
                         root="B3FDCADA-1663-4C31-9BF7-2453CD6BC9D6"/>
                  </criteriaReference>
               </precondition>
            </cql-ext:supplementalDataElement>
         </component>
         <component typeCode="COMP">
            <cql-ext:supplementalDataElement>
               <id extension="Supplemental Data Elements"
                   root="77D084FD-6988-4DCF-AA70-2648F5D692C2"/>
               <code code="SDE" codeSystem="2.16.840.1.113883.5.4" codeSystemName="Act Code"/>
               <precondition typeCode="PRCN">
                  <criteriaReference classCode="OBS" moodCode="EVN">
                     <id extension="FollowUpCareforChildrenPrescribedADHDMedicationADD.&quot;SDE Payer&quot;"
                         root="B3FDCADA-1663-4C31-9BF7-2453CD6BC9D6"/>
                  </criteriaReference>
               </precondition>
            </cql-ext:supplementalDataElement>
         </component>
         <component typeCode="COMP">
            <cql-ext:supplementalDataElement>
               <id extension="Supplemental Data Elements"
                   root="216B5FFA-71BA-482B-97B7-ADBC6DFA4F2E"/>
               <code code="SDE" codeSystem="2.16.840.1.113883.5.4" codeSystemName="Act Code"/>
               <precondition typeCode="PRCN">
                  <criteriaReference classCode="OBS" moodCode="EVN">
                     <id extension="FollowUpCareforChildrenPrescribedADHDMedicationADD.&quot;SDE Race&quot;"
                         root="B3FDCADA-1663-4C31-9BF7-2453CD6BC9D6"/>
                  </criteriaReference>
               </precondition>
            </cql-ext:supplementalDataElement>
         </component>
         <component typeCode="COMP">
            <cql-ext:supplementalDataElement>
               <id extension="Supplemental Data Elements"
                   root="35E2F428-173A-48C2-AA93-A48B94E46AEF"/>
               <code code="SDE" codeSystem="2.16.840.1.113883.5.4" codeSystemName="Act Code"/>
               <precondition typeCode="PRCN">
                  <criteriaReference classCode="OBS" moodCode="EVN">
                     <id extension="FollowUpCareforChildrenPrescribedADHDMedicationADD.&quot;SDE Sex&quot;"
                         root="B3FDCADA-1663-4C31-9BF7-2453CD6BC9D6"/>
                  </criteriaReference>
               </precondition>
            </cql-ext:supplementalDataElement>
         </component>
      </populationCriteriaSection>
   </component>
</QualityMeasureDocument>