<?xml version="1.0" encoding="UTF-8"?>
<library xmlns="urn:hl7-org:elm:r1" xmlns:t="urn:hl7-org:elm-types:r1" xmlns:xsi="http://www.w3.org/2001/XMLSchema-instance" xmlns:xsd="http://www.w3.org/2001/XMLSchema" xmlns:fhir="http://hl7.org/fhir" xmlns:qdm43="urn:healthit-gov:qdm:v4_3" xmlns:qdm53="urn:healthit-gov:qdm:v5_3" xmlns:a="urn:hl7-org:cql-annotations:r1">
   <annotation translatorOptions="EnableAnnotations,EnableLocators,DisableListDemotion,DisableListPromotion,DisableMethodInvocation" xsi:type="a:CqlToElmInfo"/>
   <annotation xsi:type="a:Annotation">
      <a:s r="83">
         <a:s>library DischargedonAntithromboticTherapy version '13.0.000'</a:s>
      </a:s>
   </annotation>
   <identifier id="DischargedonAntithromboticTherapy" version="13.0.000"/>
   <schemaIdentifier id="urn:hl7-org:elm" version="r1"/>
   <usings>
      <def localIdentifier="System" uri="urn:hl7-org:elm-types:r1"/>
      <def localId="1" locator="3:1-3:23" localIdentifier="QDM" uri="urn:healthit-gov:qdm:v5_6" version="5.6">
         <annotation xsi:type="a:Annotation">
            <a:s r="1">
               <a:s>using </a:s>
               <a:s>
                  <a:s>QDM</a:s>
               </a:s>
               <a:s> version '5.6'</a:s>
            </a:s>
         </annotation>
      </def>
   </usings>
   <includes>
      <def localId="2" locator="5:1-5:67" localIdentifier="Global" path="MATGlobalCommonFunctionsQDM" version="8.0.000">
         <annotation xsi:type="a:Annotation">
            <a:s r="2">
               <a:s>include </a:s>
               <a:s>
                  <a:s>MATGlobalCommonFunctionsQDM</a:s>
               </a:s>
               <a:s> version '8.0.000' called Global</a:s>
            </a:s>
         </annotation>
      </def>
      <def localId="3" locator="6:1-6:50" localIdentifier="TJC" path="TJCOverallQDM" version="8.0.000">
         <annotation xsi:type="a:Annotation">
            <a:s r="3">
               <a:s>include </a:s>
               <a:s>
                  <a:s>TJCOverallQDM</a:s>
               </a:s>
               <a:s> version '8.0.000' called TJC</a:s>
            </a:s>
         </annotation>
      </def>
   </includes>
   <valueSets>
      <def localId="4" locator="8:1-8:94" name="Antithrombotic Therapy for Ischemic Stroke" id="urn:oid:2.16.840.1.113762.1.4.1110.62" accessLevel="Public">
         <annotation xsi:type="a:Annotation">
            <a:s r="4">
               <a:s>valueset &quot;Antithrombotic Therapy for Ischemic Stroke&quot;: 'urn:oid:2.16.840.1.113762.1.4.1110.62'</a:s>
            </a:s>
         </annotation>
      </def>
      <def localId="5" locator="9:1-9:58" name="Ethnicity" id="urn:oid:2.16.840.1.114222.4.11.837" accessLevel="Public">
         <annotation xsi:type="a:Annotation">
            <a:s r="5">
               <a:s>valueset &quot;Ethnicity&quot;: 'urn:oid:2.16.840.1.114222.4.11.837'</a:s>
            </a:s>
         </annotation>
      </def>
      <def localId="6" locator="10:1-10:98" name="Medical Reason For Not Providing Treatment" id="urn:oid:2.16.840.1.113883.3.117.1.7.1.473" accessLevel="Public">
         <annotation xsi:type="a:Annotation">
            <a:s r="6">
               <a:s>valueset &quot;Medical Reason For Not Providing Treatment&quot;: 'urn:oid:2.16.840.1.113883.3.117.1.7.1.473'</a:s>
            </a:s>
         </annotation>
      </def>
      <def localId="7" locator="11:1-11:68" name="ONC Administrative Sex" id="urn:oid:2.16.840.1.113762.1.4.1" accessLevel="Public">
         <annotation xsi:type="a:Annotation">
            <a:s r="7">
               <a:s>valueset &quot;ONC Administrative Sex&quot;: 'urn:oid:2.16.840.1.113762.1.4.1'</a:s>
            </a:s>
         </annotation>
      </def>
      <def localId="8" locator="12:1-12:70" name="Patient Refusal" id="urn:oid:2.16.840.1.113883.3.117.1.7.1.93" accessLevel="Public">
         <annotation xsi:type="a:Annotation">
            <a:s r="8">
               <a:s>valueset &quot;Patient Refusal&quot;: 'urn:oid:2.16.840.1.113883.3.117.1.7.1.93'</a:s>
            </a:s>
         </annotation>
      </def>
      <def localId="9" locator="13:1-13:60" name="Payer Type" id="urn:oid:2.16.840.1.114222.4.11.3591" accessLevel="Public">
         <annotation xsi:type="a:Annotation">
            <a:s r="9">
               <a:s>valueset &quot;Payer Type&quot;: 'urn:oid:2.16.840.1.114222.4.11.3591'</a:s>
            </a:s>
         </annotation>
      </def>
      <def localId="10" locator="14:1-14:112" name="Pharmacological Contraindications For Antithrombotic Therapy" id="urn:oid:2.16.840.1.113762.1.4.1110.52" accessLevel="Public">
         <annotation xsi:type="a:Annotation">
            <a:s r="10">
               <a:s>valueset &quot;Pharmacological Contraindications For Antithrombotic Therapy&quot;: 'urn:oid:2.16.840.1.113762.1.4.1110.52'</a:s>
            </a:s>
         </annotation>
      </def>
      <def localId="11" locator="15:1-15:53" name="Race" id="urn:oid:2.16.840.1.114222.4.11.836" accessLevel="Public">
         <annotation xsi:type="a:Annotation">
            <a:s r="11">
               <a:s>valueset &quot;Race&quot;: 'urn:oid:2.16.840.1.114222.4.11.836'</a:s>
            </a:s>
         </annotation>
      </def>
   </valueSets>
   <contexts>
      <def locator="17:1-17:15" name="Patient"/>
   </contexts>
   <statements>
      <def locator="17:1-17:15" name="Patient" context="Patient">
         <expression xsi:type="SingletonFrom">
            <operand locator="17:1-17:15" xmlns:ns0="urn:healthit-gov:qdm:v5_6" dataType="ns0:Patient" templateId="Patient" xsi:type="Retrieve"/>
         </expression>
      </def>
      <def localId="13" locator="19:1-20:51" name="SDE Ethnicity" context="Patient" accessLevel="Public">
         <annotation xsi:type="a:Annotation">
            <a:s r="13">
               <a:s>define &quot;SDE Ethnicity&quot;:
  </a:s>
               <a:s r="12">
                  <a:s>[&quot;Patient Characteristic Ethnicity&quot;: </a:s>
                  <a:s>
                     <a:s>&quot;Ethnicity&quot;</a:s>
                  </a:s>
                  <a:s>]</a:s>
               </a:s>
            </a:s>
         </annotation>
         <expression localId="12" locator="20:3-20:51" xmlns:ns1="urn:healthit-gov:qdm:v5_6" dataType="ns1:PatientCharacteristicEthnicity" codeProperty="code" codeComparator="in" xsi:type="Retrieve">
            <codes locator="20:40-20:50" name="Ethnicity" preserve="true" xsi:type="ValueSetRef"/>
         </expression>
      </def>
      <def localId="15" locator="22:1-23:48" name="SDE Payer" context="Patient" accessLevel="Public">
         <annotation xsi:type="a:Annotation">
            <a:s r="15">
               <a:s>define &quot;SDE Payer&quot;:
  </a:s>
               <a:s r="14">
                  <a:s>[&quot;Patient Characteristic Payer&quot;: </a:s>
                  <a:s>
                     <a:s>&quot;Payer Type&quot;</a:s>
                  </a:s>
                  <a:s>]</a:s>
               </a:s>
            </a:s>
         </annotation>
         <expression localId="14" locator="23:3-23:48" xmlns:ns2="urn:healthit-gov:qdm:v5_6" dataType="ns2:PatientCharacteristicPayer" codeProperty="code" codeComparator="in" xsi:type="Retrieve">
            <codes locator="23:36-23:47" name="Payer Type" preserve="true" xsi:type="ValueSetRef"/>
         </expression>
      </def>
      <def localId="17" locator="25:1-26:41" name="SDE Race" context="Patient" accessLevel="Public">
         <annotation xsi:type="a:Annotation">
            <a:s r="17">
               <a:s>define &quot;SDE Race&quot;:
  </a:s>
               <a:s r="16">
                  <a:s>[&quot;Patient Characteristic Race&quot;: </a:s>
                  <a:s>
                     <a:s>&quot;Race&quot;</a:s>
                  </a:s>
                  <a:s>]</a:s>
               </a:s>
            </a:s>
         </annotation>
         <expression localId="16" locator="26:3-26:41" xmlns:ns3="urn:healthit-gov:qdm:v5_6" dataType="ns3:PatientCharacteristicRace" codeProperty="code" codeComparator="in" xsi:type="Retrieve">
            <codes locator="26:35-26:40" name="Race" preserve="true" xsi:type="ValueSetRef"/>
         </expression>
      </def>
      <def localId="19" locator="28:1-29:58" name="SDE Sex" context="Patient" accessLevel="Public">
         <annotation xsi:type="a:Annotation">
            <a:s r="19">
               <a:s>define &quot;SDE Sex&quot;:
  </a:s>
               <a:s r="18">
                  <a:s>[&quot;Patient Characteristic Sex&quot;: </a:s>
                  <a:s>
                     <a:s>&quot;ONC Administrative Sex&quot;</a:s>
                  </a:s>
                  <a:s>]</a:s>
               </a:s>
            </a:s>
         </annotation>
         <expression localId="18" locator="29:3-29:58" xmlns:ns4="urn:healthit-gov:qdm:v5_6" dataType="ns4:PatientCharacteristicSex" codeProperty="code" codeComparator="in" xsi:type="Retrieve">
            <codes locator="29:34-29:57" name="ONC Administrative Sex" preserve="true" xsi:type="ValueSetRef"/>
         </expression>
      </def>
      <def localId="25" locator="31:1-33:70" name="Denominator Exclusions" context="Patient" accessLevel="Public">
         <annotation xsi:type="a:Annotation">
            <a:s r="25">
               <a:s>define &quot;Denominator Exclusions&quot;:
  </a:s>
               <a:s r="24">
                  <a:s r="21">
                     <a:s r="20">
                        <a:s>TJC</a:s>
                     </a:s>
                     <a:s>.</a:s>
                     <a:s r="21">
                        <a:s>&quot;Ischemic Stroke Encounters with Discharge Disposition&quot;</a:s>
                     </a:s>
                  </a:s>
                  <a:s>
    union </a:s>
                  <a:s r="23">
                     <a:s r="22">
                        <a:s>TJC</a:s>
                     </a:s>
                     <a:s>.</a:s>
                     <a:s r="23">
                        <a:s>&quot;Encounter with Comfort Measures during Hospitalization&quot;</a:s>
                     </a:s>
                  </a:s>
               </a:s>
            </a:s>
         </annotation>
         <expression localId="24" locator="32:3-33:70" xsi:type="Union">
            <operand localId="21" locator="32:3-32:61" name="Ischemic Stroke Encounters with Discharge Disposition" libraryName="TJC" xsi:type="ExpressionRef"/>
            <operand localId="23" locator="33:11-33:70" name="Encounter with Comfort Measures during Hospitalization" libraryName="TJC" xsi:type="ExpressionRef"/>
         </expression>
      </def>
      <def localId="37" locator="35:1-38:92" name="Encounter with Pharmacological Contraindications for Antithrombotic Therapy at Discharge" context="Patient" accessLevel="Public">
         <annotation xsi:type="a:Annotation">
            <a:s r="37">
               <a:s>define &quot;Encounter with Pharmacological Contraindications for Antithrombotic Therapy at Discharge&quot;:
  </a:s>
               <a:s r="36">
                  <a:s>
                     <a:s r="27">
                        <a:s r="26">
                           <a:s>
                              <a:s>TJC.&quot;Ischemic Stroke Encounter&quot;</a:s>
                           </a:s>
                        </a:s>
                        <a:s> IschemicStrokeEncounter</a:s>
                     </a:s>
                  </a:s>
                  <a:s>
    </a:s>
                  <a:s r="35">
                     <a:s>with </a:s>
                     <a:s r="29">
                        <a:s r="28">
                           <a:s r="28">
                              <a:s>[&quot;Medication, Discharge&quot;: </a:s>
                              <a:s>
                                 <a:s>&quot;Pharmacological Contraindications For Antithrombotic Therapy&quot;</a:s>
                              </a:s>
                              <a:s>]</a:s>
                           </a:s>
                        </a:s>
                        <a:s> Pharmacological</a:s>
                     </a:s>
                     <a:s>
      such that </a:s>
                     <a:s r="34">
                        <a:s r="31">
                           <a:s r="30">
                              <a:s>Pharmacological</a:s>
                           </a:s>
                           <a:s>.</a:s>
                           <a:s r="31">
                              <a:s>authorDatetime</a:s>
                           </a:s>
                        </a:s>
                        <a:s r="34"> during </a:s>
                        <a:s r="33">
                           <a:s r="32">
                              <a:s>IschemicStrokeEncounter</a:s>
                           </a:s>
                           <a:s>.</a:s>
                           <a:s r="33">
                              <a:s>relevantPeriod</a:s>
                           </a:s>
                        </a:s>
                     </a:s>
                  </a:s>
               </a:s>
            </a:s>
         </annotation>
         <expression localId="36" locator="36:3-38:92" xsi:type="Query">
            <source localId="27" locator="36:3-36:57" alias="IschemicStrokeEncounter">
               <expression localId="26" locator="36:3-36:33" name="Ischemic Stroke Encounter" libraryName="TJC" xsi:type="ExpressionRef"/>
            </source>
            <relationship localId="35" locator="37:5-38:92" alias="Pharmacological" xsi:type="With">
               <expression localId="28" locator="37:10-37:98" xmlns:ns5="urn:healthit-gov:qdm:v5_6" dataType="ns5:PositiveMedicationDischarge" templateId="PositiveMedicationDischarge" codeProperty="code" codeComparator="in" xsi:type="Retrieve">
                  <codes locator="37:36-37:97" name="Pharmacological Contraindications For Antithrombotic Therapy" preserve="true" xsi:type="ValueSetRef"/>
               </expression>
               <suchThat localId="34" locator="38:17-38:92" xsi:type="In">
                  <operand localId="31" locator="38:17-38:46" path="authorDatetime" scope="Pharmacological" xsi:type="Property"/>
                  <operand localId="33" locator="38:55-38:92" path="relevantPeriod" scope="IschemicStrokeEncounter" xsi:type="Property"/>
               </suchThat>
            </relationship>
         </expression>
      </def>
      <def localId="50" locator="40:1-43:73" name="Reason for Not Giving Antithrombotic at Discharge" context="Patient" accessLevel="Public">
         <annotation xsi:type="a:Annotation">
            <a:s r="50">
               <a:s>define &quot;Reason for Not Giving Antithrombotic at Discharge&quot;:
  </a:s>
               <a:s r="49">
                  <a:s>
                     <a:s r="39">
                        <a:s r="38">
                           <a:s r="38">
                              <a:s>[&quot;Medication, Not Discharged&quot;: </a:s>
                              <a:s>
                                 <a:s>&quot;Antithrombotic Therapy for Ischemic Stroke&quot;</a:s>
                              </a:s>
                              <a:s>]</a:s>
                           </a:s>
                        </a:s>
                        <a:s> NoAntithromboticDischarge</a:s>
                     </a:s>
                  </a:s>
                  <a:s>
    </a:s>
                  <a:s r="48">
                     <a:s>where </a:s>
                     <a:s r="48">
                        <a:s r="43">
                           <a:s r="41">
                              <a:s r="40">
                                 <a:s>NoAntithromboticDischarge</a:s>
                              </a:s>
                              <a:s>.</a:s>
                              <a:s r="41">
                                 <a:s>negationRationale</a:s>
                              </a:s>
                           </a:s>
                           <a:s> in </a:s>
                           <a:s r="42">
                              <a:s>&quot;Medical Reason For Not Providing Treatment&quot;</a:s>
                           </a:s>
                        </a:s>
                        <a:s>
      or </a:s>
                        <a:s r="47">
                           <a:s r="45">
                              <a:s r="44">
                                 <a:s>NoAntithromboticDischarge</a:s>
                              </a:s>
                              <a:s>.</a:s>
                              <a:s r="45">
                                 <a:s>negationRationale</a:s>
                              </a:s>
                           </a:s>
                           <a:s> in </a:s>
                           <a:s r="46">
                              <a:s>&quot;Patient Refusal&quot;</a:s>
                           </a:s>
                        </a:s>
                     </a:s>
                  </a:s>
               </a:s>
            </a:s>
         </annotation>
         <expression localId="49" locator="41:3-43:73" xsi:type="Query">
            <source localId="39" locator="41:3-41:104" alias="NoAntithromboticDischarge">
               <expression localId="38" locator="41:3-41:78" xmlns:ns6="urn:healthit-gov:qdm:v5_6" dataType="ns6:NegativeMedicationDischarge" templateId="NegativeMedicationDischarge" codeProperty="code" codeComparator="in" xsi:type="Retrieve">
                  <codes locator="41:34-41:77" name="Antithrombotic Therapy for Ischemic Stroke" preserve="true" xsi:type="ValueSetRef"/>
               </expression>
            </source>
            <where localId="48" locator="42:5-43:73" xsi:type="Or">
               <operand localId="43" locator="42:11-42:101" xsi:type="InValueSet">
                  <code localId="41" locator="42:11-42:53" path="negationRationale" scope="NoAntithromboticDischarge" xsi:type="Property"/>
                  <valueset localId="42" locator="42:58-42:101" name="Medical Reason For Not Providing Treatment" preserve="true"/>
               </operand>
               <operand localId="47" locator="43:10-43:73" xsi:type="InValueSet">
                  <code localId="45" locator="43:10-43:52" path="negationRationale" scope="NoAntithromboticDischarge" xsi:type="Property"/>
                  <valueset localId="46" locator="43:57-43:73" name="Patient Refusal" preserve="true"/>
               </operand>
            </where>
         </expression>
      </def>
      <def localId="62" locator="45:1-48:102" name="Encounter with Documented Reason for No Antithrombotic At Discharge" context="Patient" accessLevel="Public">
         <annotation xsi:type="a:Annotation">
            <a:s r="62">
               <a:s>define &quot;Encounter with Documented Reason for No Antithrombotic At Discharge&quot;:
  </a:s>
               <a:s r="61">
                  <a:s>
                     <a:s r="52">
                        <a:s r="51">
                           <a:s>
                              <a:s>TJC.&quot;Ischemic Stroke Encounter&quot;</a:s>
                           </a:s>
                        </a:s>
                        <a:s> IschemicStrokeEncounter</a:s>
                     </a:s>
                  </a:s>
                  <a:s>
    </a:s>
                  <a:s r="60">
                     <a:s>with </a:s>
                     <a:s r="54">
                        <a:s r="53">
                           <a:s>
                              <a:s>&quot;Reason for Not Giving Antithrombotic at Discharge&quot;</a:s>
                           </a:s>
                        </a:s>
                        <a:s> NoDischargeAntithrombotic</a:s>
                     </a:s>
                     <a:s>
      such that </a:s>
                     <a:s r="59">
                        <a:s r="56">
                           <a:s r="55">
                              <a:s>NoDischargeAntithrombotic</a:s>
                           </a:s>
                           <a:s>.</a:s>
                           <a:s r="56">
                              <a:s>authorDatetime</a:s>
                           </a:s>
                        </a:s>
                        <a:s r="59"> during </a:s>
                        <a:s r="58">
                           <a:s r="57">
                              <a:s>IschemicStrokeEncounter</a:s>
                           </a:s>
                           <a:s>.</a:s>
                           <a:s r="58">
                              <a:s>relevantPeriod</a:s>
                           </a:s>
                        </a:s>
                     </a:s>
                  </a:s>
               </a:s>
            </a:s>
         </annotation>
         <expression localId="61" locator="46:3-48:102" xsi:type="Query">
            <source localId="52" locator="46:3-46:57" alias="IschemicStrokeEncounter">
               <expression localId="51" locator="46:3-46:33" name="Ischemic Stroke Encounter" libraryName="TJC" xsi:type="ExpressionRef"/>
            </source>
            <relationship localId="60" locator="47:5-48:102" alias="NoDischargeAntithrombotic" xsi:type="With">
               <expression localId="53" locator="47:10-47:60" name="Reason for Not Giving Antithrombotic at Discharge" xsi:type="ExpressionRef"/>
               <suchThat localId="59" locator="48:17-48:102" xsi:type="In">
                  <operand localId="56" locator="48:17-48:56" path="authorDatetime" scope="NoDischargeAntithrombotic" xsi:type="Property"/>
                  <operand localId="58" locator="48:65-48:102" path="relevantPeriod" scope="IschemicStrokeEncounter" xsi:type="Property"/>
               </suchThat>
            </relationship>
         </expression>
      </def>
      <def localId="66" locator="50:1-52:100" name="Denominator Exceptions" context="Patient" accessLevel="Public">
         <annotation xsi:type="a:Annotation">
            <a:s r="66">
               <a:s>define &quot;Denominator Exceptions&quot;:
  </a:s>
               <a:s r="65">
                  <a:s r="63">
                     <a:s>&quot;Encounter with Documented Reason for No Antithrombotic At Discharge&quot;</a:s>
                  </a:s>
                  <a:s>
    union </a:s>
                  <a:s r="64">
                     <a:s>&quot;Encounter with Pharmacological Contraindications for Antithrombotic Therapy at Discharge&quot;</a:s>
                  </a:s>
               </a:s>
            </a:s>
         </annotation>
         <expression localId="65" locator="51:3-52:100" xsi:type="Union">
            <operand localId="63" locator="51:3-51:71" name="Encounter with Documented Reason for No Antithrombotic At Discharge" xsi:type="ExpressionRef"/>
            <operand localId="64" locator="52:11-52:100" name="Encounter with Pharmacological Contraindications for Antithrombotic Therapy at Discharge" xsi:type="ExpressionRef"/>
         </expression>
      </def>
      <def localId="78" locator="54:1-57:100" name="Numerator" context="Patient" accessLevel="Public">
         <annotation xsi:type="a:Annotation">
            <a:s r="78">
               <a:s>define &quot;Numerator&quot;:
  </a:s>
               <a:s r="77">
                  <a:s>
                     <a:s r="68">
                        <a:s r="67">
                           <a:s>
                              <a:s>TJC.&quot;Ischemic Stroke Encounter&quot;</a:s>
                           </a:s>
                        </a:s>
                        <a:s> IschemicStrokeEncounter</a:s>
                     </a:s>
                  </a:s>
                  <a:s>
    </a:s>
                  <a:s r="76">
                     <a:s>with </a:s>
                     <a:s r="70">
                        <a:s r="69">
                           <a:s r="69">
                              <a:s>[&quot;Medication, Discharge&quot;: </a:s>
                              <a:s>
                                 <a:s>&quot;Antithrombotic Therapy for Ischemic Stroke&quot;</a:s>
                              </a:s>
                              <a:s>]</a:s>
                           </a:s>
                        </a:s>
                        <a:s> DischargeAntithrombotic</a:s>
                     </a:s>
                     <a:s>
      such that </a:s>
                     <a:s r="75">
                        <a:s r="72">
                           <a:s r="71">
                              <a:s>DischargeAntithrombotic</a:s>
                           </a:s>
                           <a:s>.</a:s>
                           <a:s r="72">
                              <a:s>authorDatetime</a:s>
                           </a:s>
                        </a:s>
                        <a:s r="75"> during </a:s>
                        <a:s r="74">
                           <a:s r="73">
                              <a:s>IschemicStrokeEncounter</a:s>
                           </a:s>
                           <a:s>.</a:s>
                           <a:s r="74">
                              <a:s>relevantPeriod</a:s>
                           </a:s>
                        </a:s>
                     </a:s>
                  </a:s>
               </a:s>
            </a:s>
         </annotation>
         <expression localId="77" locator="55:3-57:100" xsi:type="Query">
            <source localId="68" locator="55:3-55:57" alias="IschemicStrokeEncounter">
               <expression localId="67" locator="55:3-55:33" name="Ischemic Stroke Encounter" libraryName="TJC" xsi:type="ExpressionRef"/>
            </source>
            <relationship localId="76" locator="56:5-57:100" alias="DischargeAntithrombotic" xsi:type="With">
               <expression localId="69" locator="56:10-56:80" xmlns:ns7="urn:healthit-gov:qdm:v5_6" dataType="ns7:PositiveMedicationDischarge" templateId="PositiveMedicationDischarge" codeProperty="code" codeComparator="in" xsi:type="Retrieve">
                  <codes locator="56:36-56:79" name="Antithrombotic Therapy for Ischemic Stroke" preserve="true" xsi:type="ValueSetRef"/>
               </expression>
               <suchThat localId="75" locator="57:17-57:100" xsi:type="In">
                  <operand localId="72" locator="57:17-57:54" path="authorDatetime" scope="DischargeAntithrombotic" xsi:type="Property"/>
                  <operand localId="74" locator="57:63-57:100" path="relevantPeriod" scope="IschemicStrokeEncounter" xsi:type="Property"/>
               </suchThat>
            </relationship>
         </expression>
      </def>
      <def localId="81" locator="59:1-60:33" name="Initial Population" context="Patient" accessLevel="Public">
         <annotation xsi:type="a:Annotation">
            <a:s r="81">
               <a:s>define &quot;Initial Population&quot;:
  </a:s>
               <a:s r="80">
                  <a:s r="79">
                     <a:s>TJC</a:s>
                  </a:s>
                  <a:s>.</a:s>
                  <a:s r="80">
                     <a:s>&quot;Ischemic Stroke Encounter&quot;</a:s>
                  </a:s>
               </a:s>
            </a:s>
         </annotation>
         <expression localId="80" locator="60:3-60:33" name="Ischemic Stroke Encounter" libraryName="TJC" xsi:type="ExpressionRef"/>
      </def>
      <def localId="83" locator="62:1-63:22" name="Denominator" context="Patient" accessLevel="Public">
         <annotation xsi:type="a:Annotation">
            <a:s r="83">
               <a:s>define &quot;Denominator&quot;:
  </a:s>
               <a:s r="82">
                  <a:s>&quot;Initial Population&quot;</a:s>
               </a:s>
            </a:s>
         </annotation>
         <expression localId="82" locator="63:3-63:22" name="Initial Population" xsi:type="ExpressionRef"/>
      </def>
   </statements>
</library>
