{
   "library" : {
      "annotation" : [ {
         "translatorOptions" : "EnableAnnotations,EnableLocators,DisableListDemotion,DisableListPromotion,DisableMethodInvocation",
         "type" : "CqlToElmInfo"
      }, {
         "type" : "Annotation",
         "s" : {
            "r" : "83",
            "s" : [ {
               "value" : [ "","library DischargedonAntithromboticTherapy version '13.0.000'" ]
            } ]
         }
      } ],
      "identifier" : {
         "id" : "DischargedonAntithromboticTherapy",
         "version" : "13.0.000"
      },
      "schemaIdentifier" : {
         "id" : "urn:hl7-org:elm",
         "version" : "r1"
      },
      "usings" : {
         "def" : [ {
            "localIdentifier" : "System",
            "uri" : "urn:hl7-org:elm-types:r1"
         }, {
            "localId" : "1",
            "locator" : "3:1-3:23",
            "localIdentifier" : "QDM",
            "uri" : "urn:healthit-gov:qdm:v5_6",
            "version" : "5.6",
            "annotation" : [ {
               "type" : "Annotation",
               "s" : {
                  "r" : "1",
                  "s" : [ {
                     "value" : [ "","using " ]
                  }, {
                     "s" : [ {
                        "value" : [ "QDM" ]
                     } ]
                  }, {
                     "value" : [ " version ","'5.6'" ]
                  } ]
               }
            } ]
         } ]
      },
      "includes" : {
         "def" : [ {
            "localId" : "2",
            "locator" : "5:1-5:67",
            "localIdentifier" : "Global",
            "path" : "MATGlobalCommonFunctionsQDM",
            "version" : "8.0.000",
            "annotation" : [ {
               "type" : "Annotation",
               "s" : {
                  "r" : "2",
                  "s" : [ {
                     "value" : [ "","include " ]
                  }, {
                     "s" : [ {
                        "value" : [ "MATGlobalCommonFunctionsQDM" ]
                     } ]
                  }, {
                     "value" : [ " version ","'8.0.000'"," called ","Global" ]
                  } ]
               }
            } ]
         }, {
            "localId" : "3",
            "locator" : "6:1-6:50",
            "localIdentifier" : "TJC",
            "path" : "TJCOverallQDM",
            "version" : "8.0.000",
            "annotation" : [ {
               "type" : "Annotation",
               "s" : {
                  "r" : "3",
                  "s" : [ {
                     "value" : [ "","include " ]
                  }, {
                     "s" : [ {
                        "value" : [ "TJCOverallQDM" ]
                     } ]
                  }, {
                     "value" : [ " version ","'8.0.000'"," called ","TJC" ]
                  } ]
               }
            } ]
         } ]
      },
      "valueSets" : {
         "def" : [ {
            "localId" : "4",
            "locator" : "8:1-8:94",
            "name" : "Antithrombotic Therapy for Ischemic Stroke",
            "id" : "urn:oid:2.16.840.1.113762.1.4.1110.62",
            "accessLevel" : "Public",
            "annotation" : [ {
               "type" : "Annotation",
               "s" : {
                  "r" : "4",
                  "s" : [ {
                     "value" : [ "","valueset ","\"Antithrombotic Therapy for Ischemic Stroke\"",": ","'urn:oid:2.16.840.1.113762.1.4.1110.62'" ]
                  } ]
               }
            } ]
         }, {
            "localId" : "5",
            "locator" : "9:1-9:58",
            "name" : "Ethnicity",
            "id" : "urn:oid:2.16.840.1.114222.4.11.837",
            "accessLevel" : "Public",
            "annotation" : [ {
               "type" : "Annotation",
               "s" : {
                  "r" : "5",
                  "s" : [ {
                     "value" : [ "","valueset ","\"Ethnicity\"",": ","'urn:oid:2.16.840.1.114222.4.11.837'" ]
                  } ]
               }
            } ]
         }, {
            "localId" : "6",
            "locator" : "10:1-10:98",
            "name" : "Medical Reason For Not Providing Treatment",
            "id" : "urn:oid:2.16.840.1.113883.3.117.1.7.1.473",
            "accessLevel" : "Public",
            "annotation" : [ {
               "type" : "Annotation",
               "s" : {
                  "r" : "6",
                  "s" : [ {
                     "value" : [ "","valueset ","\"Medical Reason For Not Providing Treatment\"",": ","'urn:oid:2.16.840.1.113883.3.117.1.7.1.473'" ]
                  } ]
               }
            } ]
         }, {
            "localId" : "7",
            "locator" : "11:1-11:68",
            "name" : "ONC Administrative Sex",
            "id" : "urn:oid:2.16.840.1.113762.1.4.1",
            "accessLevel" : "Public",
            "annotation" : [ {
               "type" : "Annotation",
               "s" : {
                  "r" : "7",
                  "s" : [ {
                     "value" : [ "","valueset ","\"ONC Administrative Sex\"",": ","'urn:oid:2.16.840.1.113762.1.4.1'" ]
                  } ]
               }
            } ]
         }, {
            "localId" : "8",
            "locator" : "12:1-12:70",
            "name" : "Patient Refusal",
            "id" : "urn:oid:2.16.840.1.113883.3.117.1.7.1.93",
            "accessLevel" : "Public",
            "annotation" : [ {
               "type" : "Annotation",
               "s" : {
                  "r" : "8",
                  "s" : [ {
                     "value" : [ "","valueset ","\"Patient Refusal\"",": ","'urn:oid:2.16.840.1.113883.3.117.1.7.1.93'" ]
                  } ]
               }
            } ]
         }, {
            "localId" : "9",
            "locator" : "13:1-13:60",
            "name" : "Payer Type",
            "id" : "urn:oid:2.16.840.1.114222.4.11.3591",
            "accessLevel" : "Public",
            "annotation" : [ {
               "type" : "Annotation",
               "s" : {
                  "r" : "9",
                  "s" : [ {
                     "value" : [ "","valueset ","\"Payer Type\"",": ","'urn:oid:2.16.840.1.114222.4.11.3591'" ]
                  } ]
               }
            } ]
         }, {
            "localId" : "10",
            "locator" : "14:1-14:112",
            "name" : "Pharmacological Contraindications For Antithrombotic Therapy",
            "id" : "urn:oid:2.16.840.1.113762.1.4.1110.52",
            "accessLevel" : "Public",
            "annotation" : [ {
               "type" : "Annotation",
               "s" : {
                  "r" : "10",
                  "s" : [ {
                     "value" : [ "","valueset ","\"Pharmacological Contraindications For Antithrombotic Therapy\"",": ","'urn:oid:2.16.840.1.113762.1.4.1110.52'" ]
                  } ]
               }
            } ]
         }, {
            "localId" : "11",
            "locator" : "15:1-15:53",
            "name" : "Race",
            "id" : "urn:oid:2.16.840.1.114222.4.11.836",
            "accessLevel" : "Public",
            "annotation" : [ {
               "type" : "Annotation",
               "s" : {
                  "r" : "11",
                  "s" : [ {
                     "value" : [ "","valueset ","\"Race\"",": ","'urn:oid:2.16.840.1.114222.4.11.836'" ]
                  } ]
               }
            } ]
         } ]
      },
      "contexts" : {
         "def" : [ {
            "locator" : "17:1-17:15",
            "name" : "Patient"
         } ]
      },
      "statements" : {
         "def" : [ {
            "locator" : "17:1-17:15",
            "name" : "Patient",
            "context" : "Patient",
            "expression" : {
               "type" : "SingletonFrom",
               "operand" : {
                  "locator" : "17:1-17:15",
                  "dataType" : "{urn:healthit-gov:qdm:v5_6}Patient",
                  "templateId" : "Patient",
                  "type" : "Retrieve"
               }
            }
         }, {
            "localId" : "13",
            "locator" : "19:1-20:51",
            "name" : "SDE Ethnicity",
            "context" : "Patient",
            "accessLevel" : "Public",
            "annotation" : [ {
               "type" : "Annotation",
               "s" : {
                  "r" : "13",
                  "s" : [ {
                     "value" : [ "","define ","\"SDE Ethnicity\"",":\n  " ]
                  }, {
                     "r" : "12",
                     "s" : [ {
                        "value" : [ "[","\"Patient Characteristic Ethnicity\"",": " ]
                     }, {
                        "s" : [ {
                           "value" : [ "\"Ethnicity\"" ]
                        } ]
                     }, {
                        "value" : [ "]" ]
                     } ]
                  } ]
               }
            } ],
            "expression" : {
               "localId" : "12",
               "locator" : "20:3-20:51",
               "dataType" : "{urn:healthit-gov:qdm:v5_6}PatientCharacteristicEthnicity",
               "codeProperty" : "code",
               "codeComparator" : "in",
               "type" : "Retrieve",
               "codes" : {
                  "locator" : "20:40-20:50",
                  "name" : "Ethnicity",
                  "preserve" : true,
                  "type" : "ValueSetRef"
               }
            }
         }, {
            "localId" : "15",
            "locator" : "22:1-23:48",
            "name" : "SDE Payer",
            "context" : "Patient",
            "accessLevel" : "Public",
            "annotation" : [ {
               "type" : "Annotation",
               "s" : {
                  "r" : "15",
                  "s" : [ {
                     "value" : [ "","define ","\"SDE Payer\"",":\n  " ]
                  }, {
                     "r" : "14",
                     "s" : [ {
                        "value" : [ "[","\"Patient Characteristic Payer\"",": " ]
                     }, {
                        "s" : [ {
                           "value" : [ "\"Payer Type\"" ]
                        } ]
                     }, {
                        "value" : [ "]" ]
                     } ]
                  } ]
               }
            } ],
            "expression" : {
               "localId" : "14",
               "locator" : "23:3-23:48",
               "dataType" : "{urn:healthit-gov:qdm:v5_6}PatientCharacteristicPayer",
               "codeProperty" : "code",
               "codeComparator" : "in",
               "type" : "Retrieve",
               "codes" : {
                  "locator" : "23:36-23:47",
                  "name" : "Payer Type",
                  "preserve" : true,
                  "type" : "ValueSetRef"
               }
            }
         }, {
            "localId" : "17",
            "locator" : "25:1-26:41",
            "name" : "SDE Race",
            "context" : "Patient",
            "accessLevel" : "Public",
            "annotation" : [ {
               "type" : "Annotation",
               "s" : {
                  "r" : "17",
                  "s" : [ {
                     "value" : [ "","define ","\"SDE Race\"",":\n  " ]
                  }, {
                     "r" : "16",
                     "s" : [ {
                        "value" : [ "[","\"Patient Characteristic Race\"",": " ]
                     }, {
                        "s" : [ {
                           "value" : [ "\"Race\"" ]
                        } ]
                     }, {
                        "value" : [ "]" ]
                     } ]
                  } ]
               }
            } ],
            "expression" : {
               "localId" : "16",
               "locator" : "26:3-26:41",
               "dataType" : "{urn:healthit-gov:qdm:v5_6}PatientCharacteristicRace",
               "codeProperty" : "code",
               "codeComparator" : "in",
               "type" : "Retrieve",
               "codes" : {
                  "locator" : "26:35-26:40",
                  "name" : "Race",
                  "preserve" : true,
                  "type" : "ValueSetRef"
               }
            }
         }, {
            "localId" : "19",
            "locator" : "28:1-29:58",
            "name" : "SDE Sex",
            "context" : "Patient",
            "accessLevel" : "Public",
            "annotation" : [ {
               "type" : "Annotation",
               "s" : {
                  "r" : "19",
                  "s" : [ {
                     "value" : [ "","define ","\"SDE Sex\"",":\n  " ]
                  }, {
                     "r" : "18",
                     "s" : [ {
                        "value" : [ "[","\"Patient Characteristic Sex\"",": " ]
                     }, {
                        "s" : [ {
                           "value" : [ "\"ONC Administrative Sex\"" ]
                        } ]
                     }, {
                        "value" : [ "]" ]
                     } ]
                  } ]
               }
            } ],
            "expression" : {
               "localId" : "18",
               "locator" : "29:3-29:58",
               "dataType" : "{urn:healthit-gov:qdm:v5_6}PatientCharacteristicSex",
               "codeProperty" : "code",
               "codeComparator" : "in",
               "type" : "Retrieve",
               "codes" : {
                  "locator" : "29:34-29:57",
                  "name" : "ONC Administrative Sex",
                  "preserve" : true,
                  "type" : "ValueSetRef"
               }
            }
         }, {
            "localId" : "25",
            "locator" : "31:1-33:70",
            "name" : "Denominator Exclusions",
            "context" : "Patient",
            "accessLevel" : "Public",
            "annotation" : [ {
               "type" : "Annotation",
               "s" : {
                  "r" : "25",
                  "s" : [ {
                     "value" : [ "","define ","\"Denominator Exclusions\"",":\n  " ]
                  }, {
                     "r" : "24",
                     "s" : [ {
                        "r" : "21",
                        "s" : [ {
                           "r" : "20",
                           "s" : [ {
                              "value" : [ "TJC" ]
                           } ]
                        }, {
                           "value" : [ "." ]
                        }, {
                           "r" : "21",
                           "s" : [ {
                              "value" : [ "\"Ischemic Stroke Encounters with Discharge Disposition\"" ]
                           } ]
                        } ]
                     }, {
                        "value" : [ "\n    union " ]
                     }, {
                        "r" : "23",
                        "s" : [ {
                           "r" : "22",
                           "s" : [ {
                              "value" : [ "TJC" ]
                           } ]
                        }, {
                           "value" : [ "." ]
                        }, {
                           "r" : "23",
                           "s" : [ {
                              "value" : [ "\"Encounter with Comfort Measures during Hospitalization\"" ]
                           } ]
                        } ]
                     } ]
                  } ]
               }
            } ],
            "expression" : {
               "localId" : "24",
               "locator" : "32:3-33:70",
               "type" : "Union",
               "operand" : [ {
                  "localId" : "21",
                  "locator" : "32:3-32:61",
                  "name" : "Ischemic Stroke Encounters with Discharge Disposition",
                  "libraryName" : "TJC",
                  "type" : "ExpressionRef"
               }, {
                  "localId" : "23",
                  "locator" : "33:11-33:70",
                  "name" : "Encounter with Comfort Measures during Hospitalization",
                  "libraryName" : "TJC",
                  "type" : "ExpressionRef"
               } ]
            }
         }, {
            "localId" : "37",
            "locator" : "35:1-38:92",
            "name" : "Encounter with Pharmacological Contraindications for Antithrombotic Therapy at Discharge",
            "context" : "Patient",
            "accessLevel" : "Public",
            "annotation" : [ {
               "type" : "Annotation",
               "s" : {
                  "r" : "37",
                  "s" : [ {
                     "value" : [ "","define ","\"Encounter with Pharmacological Contraindications for Antithrombotic Therapy at Discharge\"",":\n  " ]
                  }, {
                     "r" : "36",
                     "s" : [ {
                        "s" : [ {
                           "r" : "27",
                           "s" : [ {
                              "r" : "26",
                              "s" : [ {
                                 "s" : [ {
                                    "value" : [ "TJC",".","\"Ischemic Stroke Encounter\"" ]
                                 } ]
                              } ]
                           }, {
                              "value" : [ " ","IschemicStrokeEncounter" ]
                           } ]
                        } ]
                     }, {
                        "value" : [ "\n    " ]
                     }, {
                        "r" : "35",
                        "s" : [ {
                           "value" : [ "with " ]
                        }, {
                           "r" : "29",
                           "s" : [ {
                              "r" : "28",
                              "s" : [ {
                                 "r" : "28",
                                 "s" : [ {
                                    "value" : [ "[","\"Medication, Discharge\"",": " ]
                                 }, {
                                    "s" : [ {
                                       "value" : [ "\"Pharmacological Contraindications For Antithrombotic Therapy\"" ]
                                    } ]
                                 }, {
                                    "value" : [ "]" ]
                                 } ]
                              } ]
                           }, {
                              "value" : [ " ","Pharmacological" ]
                           } ]
                        }, {
                           "value" : [ "\n      such that " ]
                        }, {
                           "r" : "34",
                           "s" : [ {
                              "r" : "31",
                              "s" : [ {
                                 "r" : "30",
                                 "s" : [ {
                                    "value" : [ "Pharmacological" ]
                                 } ]
                              }, {
                                 "value" : [ "." ]
                              }, {
                                 "r" : "31",
                                 "s" : [ {
                                    "value" : [ "authorDatetime" ]
                                 } ]
                              } ]
                           }, {
                              "r" : "34",
                              "value" : [ " ","during"," " ]
                           }, {
                              "r" : "33",
                              "s" : [ {
                                 "r" : "32",
                                 "s" : [ {
                                    "value" : [ "IschemicStrokeEncounter" ]
                                 } ]
                              }, {
                                 "value" : [ "." ]
                              }, {
                                 "r" : "33",
                                 "s" : [ {
                                    "value" : [ "relevantPeriod" ]
                                 } ]
                              } ]
                           } ]
                        } ]
                     } ]
                  } ]
               }
            } ],
            "expression" : {
               "localId" : "36",
               "locator" : "36:3-38:92",
               "type" : "Query",
               "source" : [ {
                  "localId" : "27",
                  "locator" : "36:3-36:57",
                  "alias" : "IschemicStrokeEncounter",
                  "expression" : {
                     "localId" : "26",
                     "locator" : "36:3-36:33",
                     "name" : "Ischemic Stroke Encounter",
                     "libraryName" : "TJC",
                     "type" : "ExpressionRef"
                  }
               } ],
               "relationship" : [ {
                  "localId" : "35",
                  "locator" : "37:5-38:92",
                  "alias" : "Pharmacological",
                  "type" : "With",
                  "expression" : {
                     "localId" : "28",
                     "locator" : "37:10-37:98",
                     "dataType" : "{urn:healthit-gov:qdm:v5_6}PositiveMedicationDischarge",
                     "templateId" : "PositiveMedicationDischarge",
                     "codeProperty" : "code",
                     "codeComparator" : "in",
                     "type" : "Retrieve",
                     "codes" : {
                        "locator" : "37:36-37:97",
                        "name" : "Pharmacological Contraindications For Antithrombotic Therapy",
                        "preserve" : true,
                        "type" : "ValueSetRef"
                     }
                  },
                  "suchThat" : {
                     "localId" : "34",
                     "locator" : "38:17-38:92",
                     "type" : "In",
                     "operand" : [ {
                        "localId" : "31",
                        "locator" : "38:17-38:46",
                        "path" : "authorDatetime",
                        "scope" : "Pharmacological",
                        "type" : "Property"
                     }, {
                        "localId" : "33",
                        "locator" : "38:55-38:92",
                        "path" : "relevantPeriod",
                        "scope" : "IschemicStrokeEncounter",
                        "type" : "Property"
                     } ]
                  }
               } ]
            }
         }, {
            "localId" : "50",
            "locator" : "40:1-43:73",
            "name" : "Reason for Not Giving Antithrombotic at Discharge",
            "context" : "Patient",
            "accessLevel" : "Public",
            "annotation" : [ {
               "type" : "Annotation",
               "s" : {
                  "r" : "50",
                  "s" : [ {
                     "value" : [ "","define ","\"Reason for Not Giving Antithrombotic at Discharge\"",":\n  " ]
                  }, {
                     "r" : "49",
                     "s" : [ {
                        "s" : [ {
                           "r" : "39",
                           "s" : [ {
                              "r" : "38",
                              "s" : [ {
                                 "r" : "38",
                                 "s" : [ {
                                    "value" : [ "[","\"Medication, Not Discharged\"",": " ]
                                 }, {
                                    "s" : [ {
                                       "value" : [ "\"Antithrombotic Therapy for Ischemic Stroke\"" ]
                                    } ]
                                 }, {
                                    "value" : [ "]" ]
                                 } ]
                              } ]
                           }, {
                              "value" : [ " ","NoAntithromboticDischarge" ]
                           } ]
                        } ]
                     }, {
                        "value" : [ "\n    " ]
                     }, {
                        "r" : "48",
                        "s" : [ {
                           "value" : [ "where " ]
                        }, {
                           "r" : "48",
                           "s" : [ {
                              "r" : "43",
                              "s" : [ {
                                 "r" : "41",
                                 "s" : [ {
                                    "r" : "40",
                                    "s" : [ {
                                       "value" : [ "NoAntithromboticDischarge" ]
                                    } ]
                                 }, {
                                    "value" : [ "." ]
                                 }, {
                                    "r" : "41",
                                    "s" : [ {
                                       "value" : [ "negationRationale" ]
                                    } ]
                                 } ]
                              }, {
                                 "value" : [ " in " ]
                              }, {
                                 "r" : "42",
                                 "s" : [ {
                                    "value" : [ "\"Medical Reason For Not Providing Treatment\"" ]
                                 } ]
                              } ]
                           }, {
                              "value" : [ "\n      or " ]
                           }, {
                              "r" : "47",
                              "s" : [ {
                                 "r" : "45",
                                 "s" : [ {
                                    "r" : "44",
                                    "s" : [ {
                                       "value" : [ "NoAntithromboticDischarge" ]
                                    } ]
                                 }, {
                                    "value" : [ "." ]
                                 }, {
                                    "r" : "45",
                                    "s" : [ {
                                       "value" : [ "negationRationale" ]
                                    } ]
                                 } ]
                              }, {
                                 "value" : [ " in " ]
                              }, {
                                 "r" : "46",
                                 "s" : [ {
                                    "value" : [ "\"Patient Refusal\"" ]
                                 } ]
                              } ]
                           } ]
                        } ]
                     } ]
                  } ]
               }
            } ],
            "expression" : {
               "localId" : "49",
               "locator" : "41:3-43:73",
               "type" : "Query",
               "source" : [ {
                  "localId" : "39",
                  "locator" : "41:3-41:104",
                  "alias" : "NoAntithromboticDischarge",
                  "expression" : {
                     "localId" : "38",
                     "locator" : "41:3-41:78",
                     "dataType" : "{urn:healthit-gov:qdm:v5_6}NegativeMedicationDischarge",
                     "templateId" : "NegativeMedicationDischarge",
                     "codeProperty" : "code",
                     "codeComparator" : "in",
                     "type" : "Retrieve",
                     "codes" : {
                        "locator" : "41:34-41:77",
                        "name" : "Antithrombotic Therapy for Ischemic Stroke",
                        "preserve" : true,
                        "type" : "ValueSetRef"
                     }
                  }
               } ],
               "relationship" : [ ],
               "where" : {
                  "localId" : "48",
                  "locator" : "42:5-43:73",
                  "type" : "Or",
                  "operand" : [ {
                     "localId" : "43",
                     "locator" : "42:11-42:101",
                     "type" : "InValueSet",
                     "code" : {
                        "localId" : "41",
                        "locator" : "42:11-42:53",
                        "path" : "negationRationale",
                        "scope" : "NoAntithromboticDischarge",
                        "type" : "Property"
                     },
                     "valueset" : {
                        "localId" : "42",
                        "locator" : "42:58-42:101",
                        "name" : "Medical Reason For Not Providing Treatment",
                        "preserve" : true
                     }
                  }, {
                     "localId" : "47",
                     "locator" : "43:10-43:73",
                     "type" : "InValueSet",
                     "code" : {
                        "localId" : "45",
                        "locator" : "43:10-43:52",
                        "path" : "negationRationale",
                        "scope" : "NoAntithromboticDischarge",
                        "type" : "Property"
                     },
                     "valueset" : {
                        "localId" : "46",
                        "locator" : "43:57-43:73",
                        "name" : "Patient Refusal",
                        "preserve" : true
                     }
                  } ]
               }
            }
         }, {
            "localId" : "62",
            "locator" : "45:1-48:102",
            "name" : "Encounter with Documented Reason for No Antithrombotic At Discharge",
            "context" : "Patient",
            "accessLevel" : "Public",
            "annotation" : [ {
               "type" : "Annotation",
               "s" : {
                  "r" : "62",
                  "s" : [ {
                     "value" : [ "","define ","\"Encounter with Documented Reason for No Antithrombotic At Discharge\"",":\n  " ]
                  }, {
                     "r" : "61",
                     "s" : [ {
                        "s" : [ {
                           "r" : "52",
                           "s" : [ {
                              "r" : "51",
                              "s" : [ {
                                 "s" : [ {
                                    "value" : [ "TJC",".","\"Ischemic Stroke Encounter\"" ]
                                 } ]
                              } ]
                           }, {
                              "value" : [ " ","IschemicStrokeEncounter" ]
                           } ]
                        } ]
                     }, {
                        "value" : [ "\n    " ]
                     }, {
                        "r" : "60",
                        "s" : [ {
                           "value" : [ "with " ]
                        }, {
                           "r" : "54",
                           "s" : [ {
                              "r" : "53",
                              "s" : [ {
                                 "s" : [ {
                                    "value" : [ "\"Reason for Not Giving Antithrombotic at Discharge\"" ]
                                 } ]
                              } ]
                           }, {
                              "value" : [ " ","NoDischargeAntithrombotic" ]
                           } ]
                        }, {
                           "value" : [ "\n      such that " ]
                        }, {
                           "r" : "59",
                           "s" : [ {
                              "r" : "56",
                              "s" : [ {
                                 "r" : "55",
                                 "s" : [ {
                                    "value" : [ "NoDischargeAntithrombotic" ]
                                 } ]
                              }, {
                                 "value" : [ "." ]
                              }, {
                                 "r" : "56",
                                 "s" : [ {
                                    "value" : [ "authorDatetime" ]
                                 } ]
                              } ]
                           }, {
                              "r" : "59",
                              "value" : [ " ","during"," " ]
                           }, {
                              "r" : "58",
                              "s" : [ {
                                 "r" : "57",
                                 "s" : [ {
                                    "value" : [ "IschemicStrokeEncounter" ]
                                 } ]
                              }, {
                                 "value" : [ "." ]
                              }, {
                                 "r" : "58",
                                 "s" : [ {
                                    "value" : [ "relevantPeriod" ]
                                 } ]
                              } ]
                           } ]
                        } ]
                     } ]
                  } ]
               }
            } ],
            "expression" : {
               "localId" : "61",
               "locator" : "46:3-48:102",
               "type" : "Query",
               "source" : [ {
                  "localId" : "52",
                  "locator" : "46:3-46:57",
                  "alias" : "IschemicStrokeEncounter",
                  "expression" : {
                     "localId" : "51",
                     "locator" : "46:3-46:33",
                     "name" : "Ischemic Stroke Encounter",
                     "libraryName" : "TJC",
                     "type" : "ExpressionRef"
                  }
               } ],
               "relationship" : [ {
                  "localId" : "60",
                  "locator" : "47:5-48:102",
                  "alias" : "NoDischargeAntithrombotic",
                  "type" : "With",
                  "expression" : {
                     "localId" : "53",
                     "locator" : "47:10-47:60",
                     "name" : "Reason for Not Giving Antithrombotic at Discharge",
                     "type" : "ExpressionRef"
                  },
                  "suchThat" : {
                     "localId" : "59",
                     "locator" : "48:17-48:102",
                     "type" : "In",
                     "operand" : [ {
                        "localId" : "56",
                        "locator" : "48:17-48:56",
                        "path" : "authorDatetime",
                        "scope" : "NoDischargeAntithrombotic",
                        "type" : "Property"
                     }, {
                        "localId" : "58",
                        "locator" : "48:65-48:102",
                        "path" : "relevantPeriod",
                        "scope" : "IschemicStrokeEncounter",
                        "type" : "Property"
                     } ]
                  }
               } ]
            }
         }, {
            "localId" : "66",
            "locator" : "50:1-52:100",
            "name" : "Denominator Exceptions",
            "context" : "Patient",
            "accessLevel" : "Public",
            "annotation" : [ {
               "type" : "Annotation",
               "s" : {
                  "r" : "66",
                  "s" : [ {
                     "value" : [ "","define ","\"Denominator Exceptions\"",":\n  " ]
                  }, {
                     "r" : "65",
                     "s" : [ {
                        "r" : "63",
                        "s" : [ {
                           "value" : [ "\"Encounter with Documented Reason for No Antithrombotic At Discharge\"" ]
                        } ]
                     }, {
                        "value" : [ "\n    union " ]
                     }, {
                        "r" : "64",
                        "s" : [ {
                           "value" : [ "\"Encounter with Pharmacological Contraindications for Antithrombotic Therapy at Discharge\"" ]
                        } ]
                     } ]
                  } ]
               }
            } ],
            "expression" : {
               "localId" : "65",
               "locator" : "51:3-52:100",
               "type" : "Union",
               "operand" : [ {
                  "localId" : "63",
                  "locator" : "51:3-51:71",
                  "name" : "Encounter with Documented Reason for No Antithrombotic At Discharge",
                  "type" : "ExpressionRef"
               }, {
                  "localId" : "64",
                  "locator" : "52:11-52:100",
                  "name" : "Encounter with Pharmacological Contraindications for Antithrombotic Therapy at Discharge",
                  "type" : "ExpressionRef"
               } ]
            }
         }, {
            "localId" : "78",
            "locator" : "54:1-57:100",
            "name" : "Numerator",
            "context" : "Patient",
            "accessLevel" : "Public",
            "annotation" : [ {
               "type" : "Annotation",
               "s" : {
                  "r" : "78",
                  "s" : [ {
                     "value" : [ "","define ","\"Numerator\"",":\n  " ]
                  }, {
                     "r" : "77",
                     "s" : [ {
                        "s" : [ {
                           "r" : "68",
                           "s" : [ {
                              "r" : "67",
                              "s" : [ {
                                 "s" : [ {
                                    "value" : [ "TJC",".","\"Ischemic Stroke Encounter\"" ]
                                 } ]
                              } ]
                           }, {
                              "value" : [ " ","IschemicStrokeEncounter" ]
                           } ]
                        } ]
                     }, {
                        "value" : [ "\n    " ]
                     }, {
                        "r" : "76",
                        "s" : [ {
                           "value" : [ "with " ]
                        }, {
                           "r" : "70",
                           "s" : [ {
                              "r" : "69",
                              "s" : [ {
                                 "r" : "69",
                                 "s" : [ {
                                    "value" : [ "[","\"Medication, Discharge\"",": " ]
                                 }, {
                                    "s" : [ {
                                       "value" : [ "\"Antithrombotic Therapy for Ischemic Stroke\"" ]
                                    } ]
                                 }, {
                                    "value" : [ "]" ]
                                 } ]
                              } ]
                           }, {
                              "value" : [ " ","DischargeAntithrombotic" ]
                           } ]
                        }, {
                           "value" : [ "\n      such that " ]
                        }, {
                           "r" : "75",
                           "s" : [ {
                              "r" : "72",
                              "s" : [ {
                                 "r" : "71",
                                 "s" : [ {
                                    "value" : [ "DischargeAntithrombotic" ]
                                 } ]
                              }, {
                                 "value" : [ "." ]
                              }, {
                                 "r" : "72",
                                 "s" : [ {
                                    "value" : [ "authorDatetime" ]
                                 } ]
                              } ]
                           }, {
                              "r" : "75",
                              "value" : [ " ","during"," " ]
                           }, {
                              "r" : "74",
                              "s" : [ {
                                 "r" : "73",
                                 "s" : [ {
                                    "value" : [ "IschemicStrokeEncounter" ]
                                 } ]
                              }, {
                                 "value" : [ "." ]
                              }, {
                                 "r" : "74",
                                 "s" : [ {
                                    "value" : [ "relevantPeriod" ]
                                 } ]
                              } ]
                           } ]
                        } ]
                     } ]
                  } ]
               }
            } ],
            "expression" : {
               "localId" : "77",
               "locator" : "55:3-57:100",
               "type" : "Query",
               "source" : [ {
                  "localId" : "68",
                  "locator" : "55:3-55:57",
                  "alias" : "IschemicStrokeEncounter",
                  "expression" : {
                     "localId" : "67",
                     "locator" : "55:3-55:33",
                     "name" : "Ischemic Stroke Encounter",
                     "libraryName" : "TJC",
                     "type" : "ExpressionRef"
                  }
               } ],
               "relationship" : [ {
                  "localId" : "76",
                  "locator" : "56:5-57:100",
                  "alias" : "DischargeAntithrombotic",
                  "type" : "With",
                  "expression" : {
                     "localId" : "69",
                     "locator" : "56:10-56:80",
                     "dataType" : "{urn:healthit-gov:qdm:v5_6}PositiveMedicationDischarge",
                     "templateId" : "PositiveMedicationDischarge",
                     "codeProperty" : "code",
                     "codeComparator" : "in",
                     "type" : "Retrieve",
                     "codes" : {
                        "locator" : "56:36-56:79",
                        "name" : "Antithrombotic Therapy for Ischemic Stroke",
                        "preserve" : true,
                        "type" : "ValueSetRef"
                     }
                  },
                  "suchThat" : {
                     "localId" : "75",
                     "locator" : "57:17-57:100",
                     "type" : "In",
                     "operand" : [ {
                        "localId" : "72",
                        "locator" : "57:17-57:54",
                        "path" : "authorDatetime",
                        "scope" : "DischargeAntithrombotic",
                        "type" : "Property"
                     }, {
                        "localId" : "74",
                        "locator" : "57:63-57:100",
                        "path" : "relevantPeriod",
                        "scope" : "IschemicStrokeEncounter",
                        "type" : "Property"
                     } ]
                  }
               } ]
            }
         }, {
            "localId" : "81",
            "locator" : "59:1-60:33",
            "name" : "Initial Population",
            "context" : "Patient",
            "accessLevel" : "Public",
            "annotation" : [ {
               "type" : "Annotation",
               "s" : {
                  "r" : "81",
                  "s" : [ {
                     "value" : [ "","define ","\"Initial Population\"",":\n  " ]
                  }, {
                     "r" : "80",
                     "s" : [ {
                        "r" : "79",
                        "s" : [ {
                           "value" : [ "TJC" ]
                        } ]
                     }, {
                        "value" : [ "." ]
                     }, {
                        "r" : "80",
                        "s" : [ {
                           "value" : [ "\"Ischemic Stroke Encounter\"" ]
                        } ]
                     } ]
                  } ]
               }
            } ],
            "expression" : {
               "localId" : "80",
               "locator" : "60:3-60:33",
               "name" : "Ischemic Stroke Encounter",
               "libraryName" : "TJC",
               "type" : "ExpressionRef"
            }
         }, {
            "localId" : "83",
            "locator" : "62:1-63:22",
            "name" : "Denominator",
            "context" : "Patient",
            "accessLevel" : "Public",
            "annotation" : [ {
               "type" : "Annotation",
               "s" : {
                  "r" : "83",
                  "s" : [ {
                     "value" : [ "","define ","\"Denominator\"",":\n  " ]
                  }, {
                     "r" : "82",
                     "s" : [ {
                        "value" : [ "\"Initial Population\"" ]
                     } ]
                  } ]
               }
            } ],
            "expression" : {
               "localId" : "82",
               "locator" : "63:3-63:22",
               "name" : "Initial Population",
               "type" : "ExpressionRef"
            }
         } ]
      }
   }
}