{
   "library" : {
      "annotation" : [ {
         "translatorOptions" : "EnableAnnotations,EnableLocators,DisableListDemotion,DisableListPromotion,DisableMethodInvocation",
         "type" : "CqlToElmInfo"
      }, {
         "type" : "Annotation",
         "s" : {
            "r" : "117",
            "s" : [ {
               "value" : [ "","library TJCOverallQDM version '8.0.000'" ]
            } ]
         }
      } ],
      "identifier" : {
         "id" : "TJCOverallQDM",
         "version" : "8.0.000"
      },
      "schemaIdentifier" : {
         "id" : "urn:hl7-org:elm",
         "version" : "r1"
      },
      "usings" : {
         "def" : [ {
            "localIdentifier" : "System",
            "uri" : "urn:hl7-org:elm-types:r1"
         }, {
            "localId" : "1",
            "locator" : "3:1-3:23",
            "localIdentifier" : "QDM",
            "uri" : "urn:healthit-gov:qdm:v5_6",
            "version" : "5.6",
            "annotation" : [ {
               "type" : "Annotation",
               "s" : {
                  "r" : "1",
                  "s" : [ {
                     "value" : [ "","using " ]
                  }, {
                     "s" : [ {
                        "value" : [ "QDM" ]
                     } ]
                  }, {
                     "value" : [ " version ","'5.6'" ]
                  } ]
               }
            } ]
         } ]
      },
      "includes" : {
         "def" : [ {
            "localId" : "2",
            "locator" : "5:1-5:67",
            "localIdentifier" : "Global",
            "path" : "MATGlobalCommonFunctionsQDM",
            "version" : "8.0.000",
            "annotation" : [ {
               "type" : "Annotation",
               "s" : {
                  "r" : "2",
                  "s" : [ {
                     "value" : [ "","include " ]
                  }, {
                     "s" : [ {
                        "value" : [ "MATGlobalCommonFunctionsQDM" ]
                     } ]
                  }, {
                     "value" : [ " version ","'8.0.000'"," called ","Global" ]
                  } ]
               }
            } ]
         } ]
      },
      "parameters" : {
         "def" : [ {
            "localId" : "15",
            "locator" : "18:1-18:49",
            "name" : "Measurement Period",
            "accessLevel" : "Public",
            "annotation" : [ {
               "type" : "Annotation",
               "s" : {
                  "r" : "15",
                  "s" : [ {
                     "value" : [ "","parameter ","\"Measurement Period\""," " ]
                  }, {
                     "r" : "14",
                     "s" : [ {
                        "value" : [ "Interval<" ]
                     }, {
                        "r" : "13",
                        "s" : [ {
                           "value" : [ "DateTime" ]
                        } ]
                     }, {
                        "value" : [ ">" ]
                     } ]
                  } ]
               }
            } ],
            "parameterTypeSpecifier" : {
               "localId" : "14",
               "locator" : "18:32-18:49",
               "type" : "IntervalTypeSpecifier",
               "pointType" : {
                  "localId" : "13",
                  "locator" : "18:41-18:48",
                  "name" : "{urn:hl7-org:elm-types:r1}DateTime",
                  "type" : "NamedTypeSpecifier"
               }
            }
         } ]
      },
      "valueSets" : {
         "def" : [ {
            "localId" : "3",
            "locator" : "7:1-7:65",
            "name" : "Comfort Measures",
            "id" : "urn:oid:1.3.6.1.4.1.33895.1.3.0.45",
            "accessLevel" : "Public",
            "annotation" : [ {
               "type" : "Annotation",
               "s" : {
                  "r" : "3",
                  "s" : [ {
                     "value" : [ "","valueset ","\"Comfort Measures\"",": ","'urn:oid:1.3.6.1.4.1.33895.1.3.0.45'" ]
                  } ]
               }
            } ]
         }, {
            "localId" : "4",
            "locator" : "8:1-8:87",
            "name" : "Discharge To Acute Care Facility",
            "id" : "urn:oid:2.16.840.1.113883.3.117.1.7.1.87",
            "accessLevel" : "Public",
            "annotation" : [ {
               "type" : "Annotation",
               "s" : {
                  "r" : "4",
                  "s" : [ {
                     "value" : [ "","valueset ","\"Discharge To Acute Care Facility\"",": ","'urn:oid:2.16.840.1.113883.3.117.1.7.1.87'" ]
                  } ]
               }
            } ]
         }, {
            "localId" : "5",
            "locator" : "9:1-9:107",
            "name" : "Discharged to Health Care Facility for Hospice Care",
            "id" : "urn:oid:2.16.840.1.113883.3.117.1.7.1.207",
            "accessLevel" : "Public",
            "annotation" : [ {
               "type" : "Annotation",
               "s" : {
                  "r" : "5",
                  "s" : [ {
                     "value" : [ "","valueset ","\"Discharged to Health Care Facility for Hospice Care\"",": ","'urn:oid:2.16.840.1.113883.3.117.1.7.1.207'" ]
                  } ]
               }
            } ]
         }, {
            "localId" : "6",
            "locator" : "10:1-10:91",
            "name" : "Discharged to Home for Hospice Care",
            "id" : "urn:oid:2.16.840.1.113883.3.117.1.7.1.209",
            "accessLevel" : "Public",
            "annotation" : [ {
               "type" : "Annotation",
               "s" : {
                  "r" : "6",
                  "s" : [ {
                     "value" : [ "","valueset ","\"Discharged to Home for Hospice Care\"",": ","'urn:oid:2.16.840.1.113883.3.117.1.7.1.209'" ]
                  } ]
               }
            } ]
         }, {
            "localId" : "7",
            "locator" : "11:1-11:82",
            "name" : "Emergency Department Visit",
            "id" : "urn:oid:2.16.840.1.113883.3.117.1.7.1.292",
            "accessLevel" : "Public",
            "annotation" : [ {
               "type" : "Annotation",
               "s" : {
                  "r" : "7",
                  "s" : [ {
                     "value" : [ "","valueset ","\"Emergency Department Visit\"",": ","'urn:oid:2.16.840.1.113883.3.117.1.7.1.292'" ]
                  } ]
               }
            } ]
         }, {
            "localId" : "8",
            "locator" : "12:1-12:71",
            "name" : "Ischemic Stroke",
            "id" : "urn:oid:2.16.840.1.113883.3.117.1.7.1.247",
            "accessLevel" : "Public",
            "annotation" : [ {
               "type" : "Annotation",
               "s" : {
                  "r" : "8",
                  "s" : [ {
                     "value" : [ "","valueset ","\"Ischemic Stroke\"",": ","'urn:oid:2.16.840.1.113883.3.117.1.7.1.247'" ]
                  } ]
               }
            } ]
         }, {
            "localId" : "9",
            "locator" : "13:1-13:83",
            "name" : "Left Against Medical Advice",
            "id" : "urn:oid:2.16.840.1.113883.3.117.1.7.1.308",
            "accessLevel" : "Public",
            "annotation" : [ {
               "type" : "Annotation",
               "s" : {
                  "r" : "9",
                  "s" : [ {
                     "value" : [ "","valueset ","\"Left Against Medical Advice\"",": ","'urn:oid:2.16.840.1.113883.3.117.1.7.1.308'" ]
                  } ]
               }
            } ]
         }, {
            "localId" : "10",
            "locator" : "14:1-14:87",
            "name" : "Nonelective Inpatient Encounter",
            "id" : "urn:oid:2.16.840.1.113883.3.117.1.7.1.424",
            "accessLevel" : "Public",
            "annotation" : [ {
               "type" : "Annotation",
               "s" : {
                  "r" : "10",
                  "s" : [ {
                     "value" : [ "","valueset ","\"Nonelective Inpatient Encounter\"",": ","'urn:oid:2.16.840.1.113883.3.117.1.7.1.424'" ]
                  } ]
               }
            } ]
         }, {
            "localId" : "11",
            "locator" : "15:1-15:73",
            "name" : "Observation Services",
            "id" : "urn:oid:2.16.840.1.113762.1.4.1111.143",
            "accessLevel" : "Public",
            "annotation" : [ {
               "type" : "Annotation",
               "s" : {
                  "r" : "11",
                  "s" : [ {
                     "value" : [ "","valueset ","\"Observation Services\"",": ","'urn:oid:2.16.840.1.113762.1.4.1111.143'" ]
                  } ]
               }
            } ]
         }, {
            "localId" : "12",
            "locator" : "16:1-16:71",
            "name" : "Patient Expired",
            "id" : "urn:oid:2.16.840.1.113883.3.117.1.7.1.309",
            "accessLevel" : "Public",
            "annotation" : [ {
               "type" : "Annotation",
               "s" : {
                  "r" : "12",
                  "s" : [ {
                     "value" : [ "","valueset ","\"Patient Expired\"",": ","'urn:oid:2.16.840.1.113883.3.117.1.7.1.309'" ]
                  } ]
               }
            } ]
         } ]
      },
      "contexts" : {
         "def" : [ {
            "locator" : "20:1-20:15",
            "name" : "Patient"
         } ]
      },
      "statements" : {
         "def" : [ {
            "locator" : "20:1-20:15",
            "name" : "Patient",
            "context" : "Patient",
            "expression" : {
               "type" : "SingletonFrom",
               "operand" : {
                  "locator" : "20:1-20:15",
                  "dataType" : "{urn:healthit-gov:qdm:v5_6}Patient",
                  "templateId" : "Patient",
                  "type" : "Retrieve"
               }
            }
         }, {
            "localId" : "31",
            "locator" : "41:1-44:85",
            "name" : "Non Elective Encounter with Age",
            "context" : "Patient",
            "accessLevel" : "Public",
            "annotation" : [ {
               "type" : "Annotation",
               "s" : {
                  "r" : "31",
                  "s" : [ {
                     "value" : [ "","define ","\"Non Elective Encounter with Age\"",":\n  " ]
                  }, {
                     "r" : "30",
                     "s" : [ {
                        "s" : [ {
                           "r" : "17",
                           "s" : [ {
                              "r" : "16",
                              "s" : [ {
                                 "r" : "16",
                                 "s" : [ {
                                    "value" : [ "[","\"Encounter, Performed\"",": " ]
                                 }, {
                                    "s" : [ {
                                       "value" : [ "\"Nonelective Inpatient Encounter\"" ]
                                    } ]
                                 }, {
                                    "value" : [ "]" ]
                                 } ]
                              } ]
                           }, {
                              "value" : [ " ","NonElectiveEncounter" ]
                           } ]
                        } ]
                     }, {
                        "value" : [ "\n    " ]
                     }, {
                        "r" : "29",
                        "s" : [ {
                           "value" : [ "where " ]
                        }, {
                           "r" : "29",
                           "s" : [ {
                              "r" : "24",
                              "s" : [ {
                                 "r" : "22",
                                 "s" : [ {
                                    "value" : [ "AgeInYearsAt","(" ]
                                 }, {
                                    "r" : "21",
                                    "s" : [ {
                                       "value" : [ "date from " ]
                                    }, {
                                       "r" : "20",
                                       "s" : [ {
                                          "value" : [ "start of " ]
                                       }, {
                                          "r" : "19",
                                          "s" : [ {
                                             "r" : "18",
                                             "s" : [ {
                                                "value" : [ "NonElectiveEncounter" ]
                                             } ]
                                          }, {
                                             "value" : [ "." ]
                                          }, {
                                             "r" : "19",
                                             "s" : [ {
                                                "value" : [ "relevantPeriod" ]
                                             } ]
                                          } ]
                                       } ]
                                    } ]
                                 }, {
                                    "value" : [ ")" ]
                                 } ]
                              }, {
                                 "r" : "23",
                                 "value" : [ " ",">="," ","18" ]
                              } ]
                           }, {
                              "value" : [ "\n      and " ]
                           }, {
                              "r" : "28",
                              "s" : [ {
                                 "r" : "26",
                                 "s" : [ {
                                    "r" : "25",
                                    "s" : [ {
                                       "value" : [ "NonElectiveEncounter" ]
                                    } ]
                                 }, {
                                    "value" : [ "." ]
                                 }, {
                                    "r" : "26",
                                    "s" : [ {
                                       "value" : [ "relevantPeriod" ]
                                    } ]
                                 } ]
                              }, {
                                 "r" : "28",
                                 "value" : [ " ","ends during day of"," " ]
                              }, {
                                 "r" : "27",
                                 "s" : [ {
                                    "value" : [ "\"Measurement Period\"" ]
                                 } ]
                              } ]
                           } ]
                        } ]
                     } ]
                  } ]
               }
            } ],
            "expression" : {
               "localId" : "30",
               "locator" : "42:3-44:85",
               "type" : "Query",
               "source" : [ {
                  "localId" : "17",
                  "locator" : "42:3-42:82",
                  "alias" : "NonElectiveEncounter",
                  "expression" : {
                     "localId" : "16",
                     "locator" : "42:3-42:61",
                     "dataType" : "{urn:healthit-gov:qdm:v5_6}PositiveEncounterPerformed",
                     "templateId" : "PositiveEncounterPerformed",
                     "codeProperty" : "code",
                     "codeComparator" : "in",
                     "type" : "Retrieve",
                     "codes" : {
                        "locator" : "42:28-42:60",
                        "name" : "Nonelective Inpatient Encounter",
                        "preserve" : true,
                        "type" : "ValueSetRef"
                     }
                  }
               } ],
               "relationship" : [ ],
               "where" : {
                  "localId" : "29",
                  "locator" : "43:5-44:85",
                  "type" : "And",
                  "operand" : [ {
                     "localId" : "24",
                     "locator" : "43:11-43:84",
                     "type" : "GreaterOrEqual",
                     "operand" : [ {
                        "localId" : "22",
                        "locator" : "43:11-43:78",
                        "precision" : "Year",
                        "type" : "CalculateAgeAt",
                        "operand" : [ {
                           "type" : "ToDate",
                           "operand" : {
                              "path" : "birthDatetime",
                              "type" : "Property",
                              "source" : {
                                 "name" : "Patient",
                                 "type" : "ExpressionRef"
                              }
                           }
                        }, {
                           "localId" : "21",
                           "locator" : "43:24-43:77",
                           "type" : "DateFrom",
                           "operand" : {
                              "localId" : "20",
                              "locator" : "43:34-43:77",
                              "type" : "Start",
                              "operand" : {
                                 "localId" : "19",
                                 "locator" : "43:43-43:77",
                                 "path" : "relevantPeriod",
                                 "scope" : "NonElectiveEncounter",
                                 "type" : "Property"
                              }
                           }
                        } ]
                     }, {
                        "localId" : "23",
                        "locator" : "43:83-43:84",
                        "valueType" : "{urn:hl7-org:elm-types:r1}Integer",
                        "value" : "18",
                        "type" : "Literal"
                     } ]
                  }, {
                     "localId" : "28",
                     "locator" : "44:11-44:85",
                     "precision" : "Day",
                     "type" : "In",
                     "operand" : [ {
                        "locator" : "44:47-44:50",
                        "type" : "End",
                        "operand" : {
                           "localId" : "26",
                           "locator" : "44:11-44:45",
                           "path" : "relevantPeriod",
                           "scope" : "NonElectiveEncounter",
                           "type" : "Property"
                        }
                     }, {
                        "localId" : "27",
                        "locator" : "44:66-44:85",
                        "name" : "Measurement Period",
                        "type" : "ParameterRef"
                     } ]
                  } ]
               }
            }
         }, {
            "localId" : "48",
            "locator" : "46:1-51:5",
            "name" : "Ischemic Stroke Encounter",
            "context" : "Patient",
            "accessLevel" : "Public",
            "annotation" : [ {
               "type" : "Annotation",
               "s" : {
                  "r" : "48",
                  "s" : [ {
                     "value" : [ "","define ","\"Ischemic Stroke Encounter\"",":\n  " ]
                  }, {
                     "r" : "47",
                     "s" : [ {
                        "s" : [ {
                           "r" : "33",
                           "s" : [ {
                              "r" : "32",
                              "s" : [ {
                                 "s" : [ {
                                    "value" : [ "\"Non Elective Encounter with Age\"" ]
                                 } ]
                              } ]
                           }, {
                              "value" : [ " ","NonElectiveEncounterWithAge" ]
                           } ]
                        } ]
                     }, {
                        "value" : [ "\n    " ]
                     }, {
                        "r" : "46",
                        "s" : [ {
                           "value" : [ "where " ]
                        }, {
                           "r" : "46",
                           "s" : [ {
                              "value" : [ "exists " ]
                           }, {
                              "r" : "45",
                              "s" : [ {
                                 "value" : [ "( " ]
                              }, {
                                 "r" : "45",
                                 "s" : [ {
                                    "s" : [ {
                                       "r" : "35",
                                       "s" : [ {
                                          "r" : "34",
                                          "s" : [ {
                                             "s" : [ {
                                                "value" : [ "NonElectiveEncounterWithAge",".","diagnoses" ]
                                             } ]
                                          } ]
                                       }, {
                                          "value" : [ " ","Diagnosis" ]
                                       } ]
                                    } ]
                                 }, {
                                    "value" : [ "\n        " ]
                                 }, {
                                    "r" : "44",
                                    "s" : [ {
                                       "value" : [ "where " ]
                                    }, {
                                       "r" : "44",
                                       "s" : [ {
                                          "r" : "39",
                                          "s" : [ {
                                             "r" : "37",
                                             "s" : [ {
                                                "r" : "36",
                                                "s" : [ {
                                                   "value" : [ "Diagnosis" ]
                                                } ]
                                             }, {
                                                "value" : [ "." ]
                                             }, {
                                                "r" : "37",
                                                "s" : [ {
                                                   "value" : [ "code" ]
                                                } ]
                                             } ]
                                          }, {
                                             "value" : [ " in " ]
                                          }, {
                                             "r" : "38",
                                             "s" : [ {
                                                "value" : [ "\"Ischemic Stroke\"" ]
                                             } ]
                                          } ]
                                       }, {
                                          "value" : [ "\n          and " ]
                                       }, {
                                          "r" : "43",
                                          "s" : [ {
                                             "r" : "41",
                                             "s" : [ {
                                                "r" : "40",
                                                "s" : [ {
                                                   "value" : [ "Diagnosis" ]
                                                } ]
                                             }, {
                                                "value" : [ "." ]
                                             }, {
                                                "r" : "41",
                                                "s" : [ {
                                                   "value" : [ "rank" ]
                                                } ]
                                             } ]
                                          }, {
                                             "r" : "42",
                                             "value" : [ " ","="," ","1" ]
                                          } ]
                                       } ]
                                    } ]
                                 } ]
                              }, {
                                 "value" : [ "\n    )" ]
                              } ]
                           } ]
                        } ]
                     } ]
                  } ]
               }
            } ],
            "expression" : {
               "localId" : "47",
               "locator" : "47:3-51:5",
               "type" : "Query",
               "source" : [ {
                  "localId" : "33",
                  "locator" : "47:3-47:63",
                  "alias" : "NonElectiveEncounterWithAge",
                  "expression" : {
                     "localId" : "32",
                     "locator" : "47:3-47:35",
                     "name" : "Non Elective Encounter with Age",
                     "type" : "ExpressionRef"
                  }
               } ],
               "relationship" : [ ],
               "where" : {
                  "localId" : "46",
                  "locator" : "48:5-51:5",
                  "type" : "Exists",
                  "operand" : {
                     "localId" : "45",
                     "locator" : "48:18-51:5",
                     "type" : "Query",
                     "source" : [ {
                        "localId" : "35",
                        "locator" : "48:20-48:66",
                        "alias" : "Diagnosis",
                        "expression" : {
                           "localId" : "34",
                           "locator" : "48:20-48:56",
                           "path" : "diagnoses",
                           "scope" : "NonElectiveEncounterWithAge",
                           "type" : "Property"
                        }
                     } ],
                     "relationship" : [ ],
                     "where" : {
                        "localId" : "44",
                        "locator" : "49:9-50:32",
                        "type" : "And",
                        "operand" : [ {
                           "localId" : "39",
                           "locator" : "49:15-49:49",
                           "type" : "InValueSet",
                           "code" : {
                              "localId" : "37",
                              "locator" : "49:15-49:28",
                              "path" : "code",
                              "scope" : "Diagnosis",
                              "type" : "Property"
                           },
                           "valueset" : {
                              "localId" : "38",
                              "locator" : "49:33-49:49",
                              "name" : "Ischemic Stroke",
                              "preserve" : true
                           }
                        }, {
                           "localId" : "43",
                           "locator" : "50:15-50:32",
                           "type" : "Equal",
                           "operand" : [ {
                              "localId" : "41",
                              "locator" : "50:15-50:28",
                              "path" : "rank",
                              "scope" : "Diagnosis",
                              "type" : "Property"
                           }, {
                              "localId" : "42",
                              "locator" : "50:32",
                              "valueType" : "{urn:hl7-org:elm-types:r1}Integer",
                              "value" : "1",
                              "type" : "Literal"
                           } ]
                        } ]
                     }
                  }
               }
            }
         }, {
            "localId" : "54",
            "locator" : "27:1-29:57",
            "name" : "Intervention Comfort Measures",
            "context" : "Patient",
            "accessLevel" : "Public",
            "annotation" : [ {
               "type" : "Annotation",
               "s" : {
                  "r" : "54",
                  "s" : [ {
                     "value" : [ "","define ","\"Intervention Comfort Measures\"",":\n  " ]
                  }, {
                     "r" : "53",
                     "s" : [ {
                        "r" : "51",
                        "s" : [ {
                           "value" : [ "[","\"Intervention, Order\"",": " ]
                        }, {
                           "s" : [ {
                              "value" : [ "\"Comfort Measures\"" ]
                           } ]
                        }, {
                           "value" : [ "]" ]
                        } ]
                     }, {
                        "value" : [ "\n    union " ]
                     }, {
                        "r" : "52",
                        "s" : [ {
                           "value" : [ "[","\"Intervention, Performed\"",": " ]
                        }, {
                           "s" : [ {
                              "value" : [ "\"Comfort Measures\"" ]
                           } ]
                        }, {
                           "value" : [ "]" ]
                        } ]
                     } ]
                  } ]
               }
            } ],
            "expression" : {
               "localId" : "53",
               "locator" : "28:3-29:57",
               "type" : "Union",
               "operand" : [ {
                  "type" : "As",
                  "operand" : {
                     "localId" : "51",
                     "locator" : "28:3-28:45",
                     "dataType" : "{urn:healthit-gov:qdm:v5_6}PositiveInterventionOrder",
                     "templateId" : "PositiveInterventionOrder",
                     "codeProperty" : "code",
                     "codeComparator" : "in",
                     "type" : "Retrieve",
                     "codes" : {
                        "locator" : "28:27-28:44",
                        "name" : "Comfort Measures",
                        "preserve" : true,
                        "type" : "ValueSetRef"
                     }
                  },
                  "asTypeSpecifier" : {
                     "type" : "ListTypeSpecifier",
                     "elementType" : {
                        "type" : "ChoiceTypeSpecifier",
                        "choice" : [ {
                           "name" : "{urn:healthit-gov:qdm:v5_6}PositiveInterventionPerformed",
                           "type" : "NamedTypeSpecifier"
                        }, {
                           "name" : "{urn:healthit-gov:qdm:v5_6}PositiveInterventionOrder",
                           "type" : "NamedTypeSpecifier"
                        } ]
                     }
                  }
               }, {
                  "type" : "As",
                  "operand" : {
                     "localId" : "52",
                     "locator" : "29:11-29:57",
                     "dataType" : "{urn:healthit-gov:qdm:v5_6}PositiveInterventionPerformed",
                     "templateId" : "PositiveInterventionPerformed",
                     "codeProperty" : "code",
                     "codeComparator" : "in",
                     "type" : "Retrieve",
                     "codes" : {
                        "locator" : "29:39-29:56",
                        "name" : "Comfort Measures",
                        "preserve" : true,
                        "type" : "ValueSetRef"
                     }
                  },
                  "asTypeSpecifier" : {
                     "type" : "ListTypeSpecifier",
                     "elementType" : {
                        "type" : "ChoiceTypeSpecifier",
                        "choice" : [ {
                           "name" : "{urn:healthit-gov:qdm:v5_6}PositiveInterventionPerformed",
                           "type" : "NamedTypeSpecifier"
                        }, {
                           "name" : "{urn:healthit-gov:qdm:v5_6}PositiveInterventionOrder",
                           "type" : "NamedTypeSpecifier"
                        } ]
                     }
                  }
               } ]
            }
         }, {
            "localId" : "73",
            "locator" : "22:1-25:230",
            "name" : "Encounter with Comfort Measures during Hospitalization",
            "context" : "Patient",
            "accessLevel" : "Public",
            "annotation" : [ {
               "type" : "Annotation",
               "s" : {
                  "r" : "73",
                  "s" : [ {
                     "value" : [ "","define ","\"Encounter with Comfort Measures during Hospitalization\"",":\n  " ]
                  }, {
                     "r" : "72",
                     "s" : [ {
                        "s" : [ {
                           "r" : "50",
                           "s" : [ {
                              "r" : "49",
                              "s" : [ {
                                 "s" : [ {
                                    "value" : [ "\"Ischemic Stroke Encounter\"" ]
                                 } ]
                              } ]
                           }, {
                              "value" : [ " ","IschemicStrokeEncounter" ]
                           } ]
                        } ]
                     }, {
                        "value" : [ "\n    " ]
                     }, {
                        "r" : "71",
                        "s" : [ {
                           "value" : [ "with " ]
                        }, {
                           "r" : "56",
                           "s" : [ {
                              "r" : "55",
                              "s" : [ {
                                 "s" : [ {
                                    "value" : [ "\"Intervention Comfort Measures\"" ]
                                 } ]
                              } ]
                           }, {
                              "value" : [ " ","ComfortMeasure" ]
                           } ]
                        }, {
                           "value" : [ "\n      such that " ]
                        }, {
                           "r" : "70",
                           "s" : [ {
                              "r" : "66",
                              "s" : [ {
                                 "value" : [ "Coalesce","(" ]
                              }, {
                                 "r" : "63",
                                 "s" : [ {
                                    "value" : [ "start of " ]
                                 }, {
                                    "r" : "62",
                                    "s" : [ {
                                       "r" : "57",
                                       "s" : [ {
                                          "value" : [ "Global" ]
                                       } ]
                                    }, {
                                       "value" : [ "." ]
                                    }, {
                                       "r" : "62",
                                       "s" : [ {
                                          "value" : [ "\"NormalizeInterval\"","(" ]
                                       }, {
                                          "r" : "59",
                                          "s" : [ {
                                             "r" : "58",
                                             "s" : [ {
                                                "value" : [ "ComfortMeasure" ]
                                             } ]
                                          }, {
                                             "value" : [ "." ]
                                          }, {
                                             "r" : "59",
                                             "s" : [ {
                                                "value" : [ "relevantDatetime" ]
                                             } ]
                                          } ]
                                       }, {
                                          "value" : [ ", " ]
                                       }, {
                                          "r" : "61",
                                          "s" : [ {
                                             "r" : "60",
                                             "s" : [ {
                                                "value" : [ "ComfortMeasure" ]
                                             } ]
                                          }, {
                                             "value" : [ "." ]
                                          }, {
                                             "r" : "61",
                                             "s" : [ {
                                                "value" : [ "relevantPeriod" ]
                                             } ]
                                          } ]
                                       }, {
                                          "value" : [ ")" ]
                                       } ]
                                    } ]
                                 } ]
                              }, {
                                 "value" : [ ", " ]
                              }, {
                                 "r" : "65",
                                 "s" : [ {
                                    "r" : "64",
                                    "s" : [ {
                                       "value" : [ "ComfortMeasure" ]
                                    } ]
                                 }, {
                                    "value" : [ "." ]
                                 }, {
                                    "r" : "65",
                                    "s" : [ {
                                       "value" : [ "authorDatetime" ]
                                    } ]
                                 } ]
                              }, {
                                 "value" : [ ")" ]
                              } ]
                           }, {
                              "r" : "70",
                              "value" : [ "during"," " ]
                           }, {
                              "r" : "69",
                              "s" : [ {
                                 "r" : "67",
                                 "s" : [ {
                                    "value" : [ "Global" ]
                                 } ]
                              }, {
                                 "value" : [ "." ]
                              }, {
                                 "r" : "69",
                                 "s" : [ {
                                    "value" : [ "\"HospitalizationWithObservation\""," ( " ]
                                 }, {
                                    "r" : "68",
                                    "s" : [ {
                                       "value" : [ "IschemicStrokeEncounter" ]
                                    } ]
                                 }, {
                                    "value" : [ " )" ]
                                 } ]
                              } ]
                           } ]
                        } ]
                     } ]
                  } ]
               }
            } ],
            "expression" : {
               "localId" : "72",
               "locator" : "23:3-25:230",
               "type" : "Query",
               "source" : [ {
                  "localId" : "50",
                  "locator" : "23:3-23:53",
                  "alias" : "IschemicStrokeEncounter",
                  "expression" : {
                     "localId" : "49",
                     "locator" : "23:3-23:29",
                     "name" : "Ischemic Stroke Encounter",
                     "type" : "ExpressionRef"
                  }
               } ],
               "relationship" : [ {
                  "localId" : "71",
                  "locator" : "24:5-25:230",
                  "alias" : "ComfortMeasure",
                  "type" : "With",
                  "expression" : {
                     "localId" : "55",
                     "locator" : "24:10-24:40",
                     "name" : "Intervention Comfort Measures",
                     "type" : "ExpressionRef"
                  },
                  "suchThat" : {
                     "localId" : "70",
                     "locator" : "25:17-25:230",
                     "type" : "In",
                     "operand" : [ {
                        "localId" : "66",
                        "locator" : "25:17-25:156",
                        "type" : "Coalesce",
                        "operand" : [ {
                           "localId" : "63",
                           "locator" : "25:26-25:124",
                           "type" : "Start",
                           "operand" : {
                              "localId" : "62",
                              "locator" : "25:35-25:124",
                              "name" : "NormalizeInterval",
                              "libraryName" : "Global",
                              "type" : "FunctionRef",
                              "operand" : [ {
                                 "localId" : "59",
                                 "locator" : "25:62-25:92",
                                 "path" : "relevantDatetime",
                                 "scope" : "ComfortMeasure",
                                 "type" : "Property"
                              }, {
                                 "localId" : "61",
                                 "locator" : "25:95-25:123",
                                 "path" : "relevantPeriod",
                                 "scope" : "ComfortMeasure",
                                 "type" : "Property"
                              } ]
                           }
                        }, {
                           "localId" : "65",
                           "locator" : "25:127-25:155",
                           "path" : "authorDatetime",
                           "scope" : "ComfortMeasure",
                           "type" : "Property"
                        } ]
                     }, {
                        "localId" : "69",
                        "locator" : "25:164-25:230",
                        "name" : "HospitalizationWithObservation",
                        "libraryName" : "Global",
                        "type" : "FunctionRef",
                        "operand" : [ {
                           "localId" : "68",
                           "locator" : "25:206-25:228",
                           "name" : "IschemicStrokeEncounter",
                           "type" : "AliasRef"
                        } ]
                     } ]
                  }
               } ]
            }
         }, {
            "localId" : "101",
            "locator" : "31:1-39:3",
            "name" : "Ischemic Stroke Encounters with Discharge Disposition",
            "context" : "Patient",
            "accessLevel" : "Public",
            "annotation" : [ {
               "type" : "Annotation",
               "s" : {
                  "r" : "101",
                  "s" : [ {
                     "value" : [ "","define ","\"Ischemic Stroke Encounters with Discharge Disposition\"",":\n  " ]
                  }, {
                     "r" : "100",
                     "s" : [ {
                        "value" : [ "( " ]
                     }, {
                        "r" : "100",
                        "s" : [ {
                           "value" : [ "( " ]
                        }, {
                           "r" : "100",
                           "s" : [ {
                              "s" : [ {
                                 "r" : "75",
                                 "s" : [ {
                                    "r" : "74",
                                    "s" : [ {
                                       "s" : [ {
                                          "value" : [ "\"Ischemic Stroke Encounter\"" ]
                                       } ]
                                    } ]
                                 }, {
                                    "value" : [ " ","IschemicStrokeEncounter" ]
                                 } ]
                              } ]
                           }, {
                              "value" : [ "\n        " ]
                           }, {
                              "r" : "99",
                              "s" : [ {
                                 "value" : [ "where " ]
                              }, {
                                 "r" : "99",
                                 "s" : [ {
                                    "r" : "94",
                                    "s" : [ {
                                       "r" : "89",
                                       "s" : [ {
                                          "r" : "84",
                                          "s" : [ {
                                             "r" : "79",
                                             "s" : [ {
                                                "r" : "77",
                                                "s" : [ {
                                                   "r" : "76",
                                                   "s" : [ {
                                                      "value" : [ "IschemicStrokeEncounter" ]
                                                   } ]
                                                }, {
                                                   "value" : [ "." ]
                                                }, {
                                                   "r" : "77",
                                                   "s" : [ {
                                                      "value" : [ "dischargeDisposition" ]
                                                   } ]
                                                } ]
                                             }, {
                                                "value" : [ " in " ]
                                             }, {
                                                "r" : "78",
                                                "s" : [ {
                                                   "value" : [ "\"Discharge To Acute Care Facility\"" ]
                                                } ]
                                             } ]
                                          }, {
                                             "value" : [ "\n          or " ]
                                          }, {
                                             "r" : "83",
                                             "s" : [ {
                                                "r" : "81",
                                                "s" : [ {
                                                   "r" : "80",
                                                   "s" : [ {
                                                      "value" : [ "IschemicStrokeEncounter" ]
                                                   } ]
                                                }, {
                                                   "value" : [ "." ]
                                                }, {
                                                   "r" : "81",
                                                   "s" : [ {
                                                      "value" : [ "dischargeDisposition" ]
                                                   } ]
                                                } ]
                                             }, {
                                                "value" : [ " in " ]
                                             }, {
                                                "r" : "82",
                                                "s" : [ {
                                                   "value" : [ "\"Left Against Medical Advice\"" ]
                                                } ]
                                             } ]
                                          } ]
                                       }, {
                                          "value" : [ "\n          or " ]
                                       }, {
                                          "r" : "88",
                                          "s" : [ {
                                             "r" : "86",
                                             "s" : [ {
                                                "r" : "85",
                                                "s" : [ {
                                                   "value" : [ "IschemicStrokeEncounter" ]
                                                } ]
                                             }, {
                                                "value" : [ "." ]
                                             }, {
                                                "r" : "86",
                                                "s" : [ {
                                                   "value" : [ "dischargeDisposition" ]
                                                } ]
                                             } ]
                                          }, {
                                             "value" : [ " in " ]
                                          }, {
                                             "r" : "87",
                                             "s" : [ {
                                                "value" : [ "\"Patient Expired\"" ]
                                             } ]
                                          } ]
                                       } ]
                                    }, {
                                       "value" : [ "\n          or " ]
                                    }, {
                                       "r" : "93",
                                       "s" : [ {
                                          "r" : "91",
                                          "s" : [ {
                                             "r" : "90",
                                             "s" : [ {
                                                "value" : [ "IschemicStrokeEncounter" ]
                                             } ]
                                          }, {
                                             "value" : [ "." ]
                                          }, {
                                             "r" : "91",
                                             "s" : [ {
                                                "value" : [ "dischargeDisposition" ]
                                             } ]
                                          } ]
                                       }, {
                                          "value" : [ " in " ]
                                       }, {
                                          "r" : "92",
                                          "s" : [ {
                                             "value" : [ "\"Discharged to Home for Hospice Care\"" ]
                                          } ]
                                       } ]
                                    } ]
                                 }, {
                                    "value" : [ "\n          or " ]
                                 }, {
                                    "r" : "98",
                                    "s" : [ {
                                       "r" : "96",
                                       "s" : [ {
                                          "r" : "95",
                                          "s" : [ {
                                             "value" : [ "IschemicStrokeEncounter" ]
                                          } ]
                                       }, {
                                          "value" : [ "." ]
                                       }, {
                                          "r" : "96",
                                          "s" : [ {
                                             "value" : [ "dischargeDisposition" ]
                                          } ]
                                       } ]
                                    }, {
                                       "value" : [ " in " ]
                                    }, {
                                       "r" : "97",
                                       "s" : [ {
                                          "value" : [ "\"Discharged to Health Care Facility for Hospice Care\"" ]
                                       } ]
                                    } ]
                                 } ]
                              } ]
                           } ]
                        }, {
                           "value" : [ "\n    )" ]
                        } ]
                     }, {
                        "value" : [ "\n  )" ]
                     } ]
                  } ]
               }
            } ],
            "expression" : {
               "localId" : "100",
               "locator" : "32:3-39:3",
               "type" : "Query",
               "source" : [ {
                  "localId" : "75",
                  "locator" : "32:7-32:57",
                  "alias" : "IschemicStrokeEncounter",
                  "expression" : {
                     "localId" : "74",
                     "locator" : "32:7-32:33",
                     "name" : "Ischemic Stroke Encounter",
                     "type" : "ExpressionRef"
                  }
               } ],
               "relationship" : [ ],
               "where" : {
                  "localId" : "99",
                  "locator" : "33:9-37:114",
                  "type" : "Or",
                  "operand" : [ {
                     "localId" : "94",
                     "locator" : "33:15-36:98",
                     "type" : "Or",
                     "operand" : [ {
                        "localId" : "89",
                        "locator" : "33:15-35:78",
                        "type" : "Or",
                        "operand" : [ {
                           "localId" : "84",
                           "locator" : "33:15-34:90",
                           "type" : "Or",
                           "operand" : [ {
                              "localId" : "79",
                              "locator" : "33:15-33:96",
                              "type" : "InValueSet",
                              "code" : {
                                 "localId" : "77",
                                 "locator" : "33:15-33:58",
                                 "path" : "dischargeDisposition",
                                 "scope" : "IschemicStrokeEncounter",
                                 "type" : "Property"
                              },
                              "valueset" : {
                                 "localId" : "78",
                                 "locator" : "33:63-33:96",
                                 "name" : "Discharge To Acute Care Facility",
                                 "preserve" : true
                              }
                           }, {
                              "localId" : "83",
                              "locator" : "34:14-34:90",
                              "type" : "InValueSet",
                              "code" : {
                                 "localId" : "81",
                                 "locator" : "34:14-34:57",
                                 "path" : "dischargeDisposition",
                                 "scope" : "IschemicStrokeEncounter",
                                 "type" : "Property"
                              },
                              "valueset" : {
                                 "localId" : "82",
                                 "locator" : "34:62-34:90",
                                 "name" : "Left Against Medical Advice",
                                 "preserve" : true
                              }
                           } ]
                        }, {
                           "localId" : "88",
                           "locator" : "35:14-35:78",
                           "type" : "InValueSet",
                           "code" : {
                              "localId" : "86",
                              "locator" : "35:14-35:57",
                              "path" : "dischargeDisposition",
                              "scope" : "IschemicStrokeEncounter",
                              "type" : "Property"
                           },
                           "valueset" : {
                              "localId" : "87",
                              "locator" : "35:62-35:78",
                              "name" : "Patient Expired",
                              "preserve" : true
                           }
                        } ]
                     }, {
                        "localId" : "93",
                        "locator" : "36:14-36:98",
                        "type" : "InValueSet",
                        "code" : {
                           "localId" : "91",
                           "locator" : "36:14-36:57",
                           "path" : "dischargeDisposition",
                           "scope" : "IschemicStrokeEncounter",
                           "type" : "Property"
                        },
                        "valueset" : {
                           "localId" : "92",
                           "locator" : "36:62-36:98",
                           "name" : "Discharged to Home for Hospice Care",
                           "preserve" : true
                        }
                     } ]
                  }, {
                     "localId" : "98",
                     "locator" : "37:14-37:114",
                     "type" : "InValueSet",
                     "code" : {
                        "localId" : "96",
                        "locator" : "37:14-37:57",
                        "path" : "dischargeDisposition",
                        "scope" : "IschemicStrokeEncounter",
                        "type" : "Property"
                     },
                     "valueset" : {
                        "localId" : "97",
                        "locator" : "37:62-37:114",
                        "name" : "Discharged to Health Care Facility for Hospice Care",
                        "preserve" : true
                     }
                  } ]
               }
            }
         }, {
            "localId" : "108",
            "locator" : "53:1-54:81",
            "name" : "HospitalizationWithObservationLengthofStay",
            "context" : "Patient",
            "accessLevel" : "Public",
            "type" : "FunctionDef",
            "annotation" : [ {
               "type" : "Annotation",
               "s" : {
                  "r" : "108",
                  "s" : [ {
                     "value" : [ "","define function ","\"HospitalizationWithObservationLengthofStay\"","(","Encounter"," " ]
                  }, {
                     "r" : "102",
                     "s" : [ {
                        "value" : [ "\"Encounter, Performed\"" ]
                     } ]
                  }, {
                     "value" : [ " ):\n  " ]
                  }, {
                     "r" : "107",
                     "s" : [ {
                        "r" : "107",
                        "s" : [ {
                           "r" : "103",
                           "s" : [ {
                              "value" : [ "Global" ]
                           } ]
                        }, {
                           "value" : [ "." ]
                        }, {
                           "r" : "107",
                           "s" : [ {
                              "value" : [ "\"LengthInDays\""," ( " ]
                           }, {
                              "r" : "106",
                              "s" : [ {
                                 "r" : "104",
                                 "s" : [ {
                                    "value" : [ "Global" ]
                                 } ]
                              }, {
                                 "value" : [ "." ]
                              }, {
                                 "r" : "106",
                                 "s" : [ {
                                    "value" : [ "\"HospitalizationWithObservation\""," ( " ]
                                 }, {
                                    "r" : "105",
                                    "s" : [ {
                                       "value" : [ "Encounter" ]
                                    } ]
                                 }, {
                                    "value" : [ " )" ]
                                 } ]
                              } ]
                           }, {
                              "value" : [ " )" ]
                           } ]
                        } ]
                     } ]
                  } ]
               }
            } ],
            "expression" : {
               "localId" : "107",
               "locator" : "54:3-54:81",
               "name" : "LengthInDays",
               "libraryName" : "Global",
               "type" : "FunctionRef",
               "operand" : [ {
                  "localId" : "106",
                  "locator" : "54:27-54:79",
                  "name" : "HospitalizationWithObservation",
                  "libraryName" : "Global",
                  "type" : "FunctionRef",
                  "operand" : [ {
                     "localId" : "105",
                     "locator" : "54:69-54:77",
                     "name" : "Encounter",
                     "type" : "OperandRef"
                  } ]
               } ]
            },
            "operand" : [ {
               "name" : "Encounter",
               "operandTypeSpecifier" : {
                  "localId" : "102",
                  "locator" : "53:72-53:93",
                  "name" : "{urn:healthit-gov:qdm:v5_6}PositiveEncounterPerformed",
                  "type" : "NamedTypeSpecifier"
               }
            } ]
         }, {
            "localId" : "117",
            "locator" : "56:1-57:70",
            "name" : "CalendarDayOfOrDayAfter",
            "context" : "Patient",
            "accessLevel" : "Public",
            "type" : "FunctionDef",
            "annotation" : [ {
               "type" : "Annotation",
               "s" : {
                  "r" : "117",
                  "s" : [ {
                     "value" : [ "","define function ","\"CalendarDayOfOrDayAfter\"","(","StartValue"," " ]
                  }, {
                     "r" : "109",
                     "s" : [ {
                        "value" : [ "DateTime" ]
                     } ]
                  }, {
                     "value" : [ " ):\n  " ]
                  }, {
                     "r" : "116",
                     "s" : [ {
                        "r" : "116",
                        "s" : [ {
                           "value" : [ "Interval[" ]
                        }, {
                           "r" : "111",
                           "s" : [ {
                              "value" : [ "date from " ]
                           }, {
                              "r" : "110",
                              "s" : [ {
                                 "value" : [ "( " ]
                              }, {
                                 "r" : "110",
                                 "s" : [ {
                                    "value" : [ "StartValue" ]
                                 } ]
                              }, {
                                 "value" : [ " )" ]
                              } ]
                           } ]
                        }, {
                           "value" : [ ", " ]
                        }, {
                           "r" : "115",
                           "s" : [ {
                              "r" : "113",
                              "s" : [ {
                                 "value" : [ "date from " ]
                              }, {
                                 "r" : "112",
                                 "s" : [ {
                                    "value" : [ "( " ]
                                 }, {
                                    "r" : "112",
                                    "s" : [ {
                                       "value" : [ "StartValue" ]
                                    } ]
                                 }, {
                                    "value" : [ " )" ]
                                 } ]
                              } ]
                           }, {
                              "value" : [ " + " ]
                           }, {
                              "r" : "114",
                              "s" : [ {
                                 "value" : [ "1 ","day" ]
                              } ]
                           } ]
                        }, {
                           "value" : [ "]" ]
                        } ]
                     } ]
                  } ]
               }
            } ],
            "expression" : {
               "localId" : "116",
               "locator" : "57:3-57:70",
               "lowClosed" : true,
               "highClosed" : true,
               "type" : "Interval",
               "low" : {
                  "localId" : "111",
                  "locator" : "57:12-57:35",
                  "type" : "DateFrom",
                  "operand" : {
                     "localId" : "110",
                     "locator" : "57:22-57:35",
                     "name" : "StartValue",
                     "type" : "OperandRef"
                  }
               },
               "high" : {
                  "localId" : "115",
                  "locator" : "57:38-57:69",
                  "type" : "Add",
                  "operand" : [ {
                     "localId" : "113",
                     "locator" : "57:38-57:61",
                     "type" : "DateFrom",
                     "operand" : {
                        "localId" : "112",
                        "locator" : "57:48-57:61",
                        "name" : "StartValue",
                        "type" : "OperandRef"
                     }
                  }, {
                     "localId" : "114",
                     "locator" : "57:65-57:69",
                     "value" : 1,
                     "unit" : "day",
                     "type" : "Quantity"
                  } ]
               }
            },
            "operand" : [ {
               "name" : "StartValue",
               "operandTypeSpecifier" : {
                  "localId" : "109",
                  "locator" : "56:54-56:61",
                  "name" : "{urn:hl7-org:elm-types:r1}DateTime",
                  "type" : "NamedTypeSpecifier"
               }
            } ]
         } ]
      }
   }
}