<?xml version="1.0" encoding="UTF-8"?>
<library xmlns="urn:hl7-org:elm:r1" xmlns:t="urn:hl7-org:elm-types:r1" xmlns:xsi="http://www.w3.org/2001/XMLSchema-instance" xmlns:xsd="http://www.w3.org/2001/XMLSchema" xmlns:fhir="http://hl7.org/fhir" xmlns:qdm43="urn:healthit-gov:qdm:v4_3" xmlns:qdm53="urn:healthit-gov:qdm:v5_3" xmlns:a="urn:hl7-org:cql-annotations:r1">
   <annotation translatorOptions="EnableAnnotations,EnableLocators,DisableListDemotion,DisableListPromotion,DisableMethodInvocation" xsi:type="a:CqlToElmInfo"/>
   <annotation xsi:type="a:Annotation">
      <a:s r="150">
         <a:s>library HospitalHarmPressureInjury version '1.1.000'</a:s>
      </a:s>
   </annotation>
   <identifier id="HospitalHarmPressureInjury" version="1.1.000"/>
   <schemaIdentifier id="urn:hl7-org:elm" version="r1"/>
   <usings>
      <def localIdentifier="System" uri="urn:hl7-org:elm-types:r1"/>
      <def localId="1" locator="3:1-3:23" localIdentifier="QDM" uri="urn:healthit-gov:qdm:v5_6" version="5.6">
         <annotation xsi:type="a:Annotation">
            <a:s r="1">
               <a:s>using </a:s>
               <a:s>
                  <a:s>QDM</a:s>
               </a:s>
               <a:s> version '5.6'</a:s>
            </a:s>
         </annotation>
      </def>
   </usings>
   <includes>
      <def localId="2" locator="5:1-5:64" localIdentifier="Global" path="MATGlobalCommonFunctions" version="7.0.000">
         <annotation xsi:type="a:Annotation">
            <a:s r="2">
               <a:s>include </a:s>
               <a:s>
                  <a:s>MATGlobalCommonFunctions</a:s>
               </a:s>
               <a:s> version '7.0.000' called Global</a:s>
            </a:s>
         </annotation>
      </def>
   </includes>
   <parameters>
      <def localId="20" locator="24:1-24:49" name="Measurement Period" accessLevel="Public">
         <annotation xsi:type="a:Annotation">
            <a:s r="20">
               <a:s>parameter &quot;Measurement Period&quot; </a:s>
               <a:s r="19">
                  <a:s>Interval&lt;</a:s>
                  <a:s r="18">
                     <a:s>DateTime</a:s>
                  </a:s>
                  <a:s>></a:s>
               </a:s>
            </a:s>
         </annotation>
         <parameterTypeSpecifier localId="19" locator="24:32-24:49" xsi:type="IntervalTypeSpecifier">
            <pointType localId="18" locator="24:41-24:48" name="t:DateTime" xsi:type="NamedTypeSpecifier"/>
         </parameterTypeSpecifier>
      </def>
   </parameters>
   <codeSystems>
      <def localId="3" locator="7:1-7:51" name="LOINC" id="urn:oid:2.16.840.1.113883.6.1" accessLevel="Public">
         <annotation xsi:type="a:Annotation">
            <a:s r="3">
               <a:s>codesystem &quot;LOINC&quot;: 'urn:oid:2.16.840.1.113883.6.1'</a:s>
            </a:s>
         </annotation>
      </def>
   </codeSystems>
   <valueSets>
      <def localId="4" locator="9:1-9:61" name="COVID 19" id="urn:oid:2.16.840.1.113762.1.4.1248.140" accessLevel="Public">
         <annotation xsi:type="a:Annotation">
            <a:s r="4">
               <a:s>valueset &quot;COVID 19&quot;: 'urn:oid:2.16.840.1.113762.1.4.1248.140'</a:s>
            </a:s>
         </annotation>
      </def>
      <def localId="5" locator="10:1-10:71" name="Encounter Inpatient" id="urn:oid:2.16.840.1.113883.3.666.5.307" accessLevel="Public">
         <annotation xsi:type="a:Annotation">
            <a:s r="5">
               <a:s>valueset &quot;Encounter Inpatient&quot;: 'urn:oid:2.16.840.1.113883.3.666.5.307'</a:s>
            </a:s>
         </annotation>
      </def>
      <def localId="6" locator="11:1-11:58" name="Ethnicity" id="urn:oid:2.16.840.1.114222.4.11.837" accessLevel="Public">
         <annotation xsi:type="a:Annotation">
            <a:s r="6">
               <a:s>valueset &quot;Ethnicity&quot;: 'urn:oid:2.16.840.1.114222.4.11.837'</a:s>
            </a:s>
         </annotation>
      </def>
      <def localId="7" locator="12:1-12:120" name="Not Present On Admission or Documentation Insufficient to Determine" id="urn:oid:2.16.840.1.113762.1.4.1147.198" accessLevel="Public">
         <annotation xsi:type="a:Annotation">
            <a:s r="7">
               <a:s>valueset &quot;Not Present On Admission or Documentation Insufficient to Determine&quot;: 'urn:oid:2.16.840.1.113762.1.4.1147.198'</a:s>
            </a:s>
         </annotation>
      </def>
      <def localId="8" locator="13:1-13:68" name="ONC Administrative Sex" id="urn:oid:2.16.840.1.113762.1.4.1" accessLevel="Public">
         <annotation xsi:type="a:Annotation">
            <a:s r="8">
               <a:s>valueset &quot;ONC Administrative Sex&quot;: 'urn:oid:2.16.840.1.113762.1.4.1'</a:s>
            </a:s>
         </annotation>
      </def>
      <def localId="9" locator="14:1-14:55" name="Payer" id="urn:oid:2.16.840.1.114222.4.11.3591" accessLevel="Public">
         <annotation xsi:type="a:Annotation">
            <a:s r="9">
               <a:s>valueset &quot;Payer&quot;: 'urn:oid:2.16.840.1.114222.4.11.3591'</a:s>
            </a:s>
         </annotation>
      </def>
      <def localId="10" locator="15:1-15:100" name="Present on Admission or Clinically Undetermined" id="urn:oid:2.16.840.1.113762.1.4.1147.197" accessLevel="Public">
         <annotation xsi:type="a:Annotation">
            <a:s r="10">
               <a:s>valueset &quot;Present on Admission or Clinically Undetermined&quot;: 'urn:oid:2.16.840.1.113762.1.4.1147.197'</a:s>
            </a:s>
         </annotation>
      </def>
      <def localId="11" locator="16:1-16:80" name="Pressure Injury Deep Tissue" id="urn:oid:2.16.840.1.113762.1.4.1147.112" accessLevel="Public">
         <annotation xsi:type="a:Annotation">
            <a:s r="11">
               <a:s>valueset &quot;Pressure Injury Deep Tissue&quot;: 'urn:oid:2.16.840.1.113762.1.4.1147.112'</a:s>
            </a:s>
         </annotation>
      </def>
      <def localId="12" locator="17:1-17:90" name="Pressure Injury Deep Tissue Diagnoses" id="urn:oid:2.16.840.1.113762.1.4.1147.194" accessLevel="Public">
         <annotation xsi:type="a:Annotation">
            <a:s r="12">
               <a:s>valueset &quot;Pressure Injury Deep Tissue Diagnoses&quot;: 'urn:oid:2.16.840.1.113762.1.4.1147.194'</a:s>
            </a:s>
         </annotation>
      </def>
      <def localId="13" locator="18:1-18:97" name="Pressure Injury Stage 2, 3, 4 or Unstageable" id="urn:oid:2.16.840.1.113762.1.4.1147.113" accessLevel="Public">
         <annotation xsi:type="a:Annotation">
            <a:s r="13">
               <a:s>valueset &quot;Pressure Injury Stage 2, 3, 4 or Unstageable&quot;: 'urn:oid:2.16.840.1.113762.1.4.1147.113'</a:s>
            </a:s>
         </annotation>
      </def>
      <def localId="14" locator="19:1-19:108" name="Pressure Injury Stage 2, 3, 4, or Unstageable Diagnoses" id="urn:oid:2.16.840.1.113762.1.4.1147.196" accessLevel="Public">
         <annotation xsi:type="a:Annotation">
            <a:s r="14">
               <a:s>valueset &quot;Pressure Injury Stage 2, 3, 4, or Unstageable Diagnoses&quot;: 'urn:oid:2.16.840.1.113762.1.4.1147.196'</a:s>
            </a:s>
         </annotation>
      </def>
      <def localId="15" locator="20:1-20:53" name="Race" id="urn:oid:2.16.840.1.114222.4.11.836" accessLevel="Public">
         <annotation xsi:type="a:Annotation">
            <a:s r="15">
               <a:s>valueset &quot;Race&quot;: 'urn:oid:2.16.840.1.114222.4.11.836'</a:s>
            </a:s>
         </annotation>
      </def>
   </valueSets>
   <codes>
      <def localId="17" locator="22:1-22:91" name="Physical findings of Skin" id="8709-8" display="Physical findings of Skin" accessLevel="Public">
         <annotation xsi:type="a:Annotation">
            <a:s r="17">
               <a:s>code &quot;Physical findings of Skin&quot;: '8709-8' from </a:s>
               <a:s r="16">
                  <a:s>&quot;LOINC&quot;</a:s>
               </a:s>
               <a:s> display 'Physical findings of Skin'</a:s>
            </a:s>
         </annotation>
         <codeSystem localId="16" locator="22:49-22:55" name="LOINC"/>
      </def>
   </codes>
   <contexts>
      <def locator="26:1-26:15" name="Patient"/>
   </contexts>
   <statements>
      <def locator="26:1-26:15" name="Patient" context="Patient">
         <expression xsi:type="SingletonFrom">
            <operand locator="26:1-26:15" xmlns:ns0="urn:healthit-gov:qdm:v5_6" dataType="ns0:Patient" templateId="Patient" xsi:type="Retrieve"/>
         </expression>
      </def>
      <def localId="36" locator="36:1-39:81" name="Encounter with Age 18 and Older" context="Patient" accessLevel="Public">
         <annotation xsi:type="a:Annotation">
            <a:s r="36">
               <a:s>define &quot;Encounter with Age 18 and Older&quot;:
  </a:s>
               <a:s r="35">
                  <a:s>
                     <a:s r="22">
                        <a:s r="21">
                           <a:s r="21">
                              <a:s>[&quot;Encounter, Performed&quot;: </a:s>
                              <a:s>
                                 <a:s>&quot;Encounter Inpatient&quot;</a:s>
                              </a:s>
                              <a:s>]</a:s>
                           </a:s>
                        </a:s>
                        <a:s> InpatientEncounter</a:s>
                     </a:s>
                  </a:s>
                  <a:s>
    </a:s>
                  <a:s r="34">
                     <a:s>where </a:s>
                     <a:s r="34">
                        <a:s r="26">
                           <a:s r="24">
                              <a:s r="23">
                                 <a:s>InpatientEncounter</a:s>
                              </a:s>
                              <a:s>.</a:s>
                              <a:s r="24">
                                 <a:s>relevantPeriod</a:s>
                              </a:s>
                           </a:s>
                           <a:s r="26"> ends during day of </a:s>
                           <a:s r="25">
                              <a:s>&quot;Measurement Period&quot;</a:s>
                           </a:s>
                        </a:s>
                        <a:s>
      and </a:s>
                        <a:s r="33">
                           <a:s r="31">
                              <a:s>AgeInYearsAt(</a:s>
                              <a:s r="30">
                                 <a:s>date from </a:s>
                                 <a:s r="29">
                                    <a:s>start of </a:s>
                                    <a:s r="28">
                                       <a:s r="27">
                                          <a:s>InpatientEncounter</a:s>
                                       </a:s>
                                       <a:s>.</a:s>
                                       <a:s r="28">
                                          <a:s>relevantPeriod</a:s>
                                       </a:s>
                                    </a:s>
                                 </a:s>
                              </a:s>
                              <a:s>)</a:s>
                           </a:s>
                           <a:s r="32">>= 18</a:s>
                        </a:s>
                     </a:s>
                  </a:s>
               </a:s>
            </a:s>
         </annotation>
         <expression localId="35" locator="37:3-39:81" xsi:type="Query">
            <source localId="22" locator="37:3-37:68" alias="InpatientEncounter">
               <expression localId="21" locator="37:3-37:49" xmlns:ns1="urn:healthit-gov:qdm:v5_6" dataType="ns1:PositiveEncounterPerformed" templateId="PositiveEncounterPerformed" codeProperty="code" codeComparator="in" xsi:type="Retrieve">
                  <codes locator="37:28-37:48" name="Encounter Inpatient" xsi:type="ValueSetRef"/>
               </expression>
            </source>
            <where localId="34" locator="38:5-39:81" xsi:type="And">
               <operand localId="26" locator="38:11-38:83" precision="Day" xsi:type="In">
                  <operand locator="38:45-38:48" xsi:type="End">
                     <operand localId="24" locator="38:11-38:43" path="relevantPeriod" scope="InpatientEncounter" xsi:type="Property"/>
                  </operand>
                  <operand localId="25" locator="38:64-38:83" name="Measurement Period" xsi:type="ParameterRef"/>
               </operand>
               <operand localId="33" locator="39:11-39:81" xsi:type="GreaterOrEqual">
                  <operand localId="31" locator="39:11-39:76" precision="Year" xsi:type="CalculateAgeAt">
                     <operand xsi:type="ToDate">
                        <operand path="birthDatetime" xsi:type="Property">
                           <source name="Patient" xsi:type="ExpressionRef"/>
                        </operand>
                     </operand>
                     <operand localId="30" locator="39:24-39:75" xsi:type="DateFrom">
                        <operand localId="29" locator="39:34-39:75" xsi:type="Start">
                           <operand localId="28" locator="39:43-39:75" path="relevantPeriod" scope="InpatientEncounter" xsi:type="Property"/>
                        </operand>
                     </operand>
                  </operand>
                  <operand localId="32" locator="39:80-39:81" valueType="t:Integer" value="18" xsi:type="Literal"/>
               </operand>
            </where>
         </expression>
      </def>
      <def localId="38" locator="91:1-92:35" name="Initial Population" context="Patient" accessLevel="Public">
         <annotation xsi:type="a:Annotation">
            <a:s r="38">
               <a:s>define &quot;Initial Population&quot;:
  </a:s>
               <a:s r="37">
                  <a:s>&quot;Encounter with Age 18 and Older&quot;</a:s>
               </a:s>
            </a:s>
         </annotation>
         <expression localId="37" locator="92:3-92:35" name="Encounter with Age 18 and Older" xsi:type="ExpressionRef"/>
      </def>
      <def localId="40" locator="28:1-29:22" name="Denominator" context="Patient" accessLevel="Public">
         <annotation xsi:type="a:Annotation">
            <a:s r="40">
               <a:s>define &quot;Denominator&quot;:
  </a:s>
               <a:s r="39">
                  <a:s>&quot;Initial Population&quot;</a:s>
               </a:s>
            </a:s>
         </annotation>
         <expression localId="39" locator="29:3-29:22" name="Initial Population" xsi:type="ExpressionRef"/>
      </def>
      <def localId="57" locator="45:1-50:5" name="Encounter with Deep Tissue Pressure Injury POA by Indicator" context="Patient" accessLevel="Public">
         <annotation xsi:type="a:Annotation">
            <a:s r="57">
               <a:s>define &quot;Encounter with Deep Tissue Pressure Injury POA by Indicator&quot;:
  </a:s>
               <a:s r="56">
                  <a:s>
                     <a:s r="42">
                        <a:s r="41">
                           <a:s>
                              <a:s>&quot;Encounter with Age 18 and Older&quot;</a:s>
                           </a:s>
                        </a:s>
                        <a:s> InpatientHospitalization</a:s>
                     </a:s>
                  </a:s>
                  <a:s>
    </a:s>
                  <a:s r="55">
                     <a:s>where </a:s>
                     <a:s r="55">
                        <a:s>exists </a:s>
                        <a:s r="54">
                           <a:s>( </a:s>
                           <a:s r="54">
                              <a:s>
                                 <a:s r="44">
                                    <a:s r="43">
                                       <a:s>
                                          <a:s>InpatientHospitalization.diagnoses</a:s>
                                       </a:s>
                                    </a:s>
                                    <a:s> DeepPressureInjury</a:s>
                                 </a:s>
                              </a:s>
                              <a:s>
        </a:s>
                              <a:s r="53">
                                 <a:s>where </a:s>
                                 <a:s r="53">
                                    <a:s r="48">
                                       <a:s r="46">
                                          <a:s r="45">
                                             <a:s>DeepPressureInjury</a:s>
                                          </a:s>
                                          <a:s>.</a:s>
                                          <a:s r="46">
                                             <a:s>code</a:s>
                                          </a:s>
                                       </a:s>
                                       <a:s> in </a:s>
                                       <a:s r="47">
                                          <a:s>&quot;Pressure Injury Deep Tissue Diagnoses&quot;</a:s>
                                       </a:s>
                                    </a:s>
                                    <a:s>
          and </a:s>
                                    <a:s r="52">
                                       <a:s r="50">
                                          <a:s r="49">
                                             <a:s>DeepPressureInjury</a:s>
                                          </a:s>
                                          <a:s>.</a:s>
                                          <a:s r="50">
                                             <a:s>presentOnAdmissionIndicator</a:s>
                                          </a:s>
                                       </a:s>
                                       <a:s> in </a:s>
                                       <a:s r="51">
                                          <a:s>&quot;Present on Admission or Clinically Undetermined&quot;</a:s>
                                       </a:s>
                                    </a:s>
                                 </a:s>
                              </a:s>
                           </a:s>
                           <a:s>
    )</a:s>
                        </a:s>
                     </a:s>
                  </a:s>
               </a:s>
            </a:s>
         </annotation>
         <expression localId="56" locator="46:3-50:5" xsi:type="Query">
            <source localId="42" locator="46:3-46:60" alias="InpatientHospitalization">
               <expression localId="41" locator="46:3-46:35" name="Encounter with Age 18 and Older" xsi:type="ExpressionRef"/>
            </source>
            <where localId="55" locator="47:5-50:5" xsi:type="Exists">
               <operand localId="54" locator="47:18-50:5" xsi:type="Query">
                  <source localId="44" locator="47:20-47:72" alias="DeepPressureInjury">
                     <expression localId="43" locator="47:20-47:53" path="diagnoses" scope="InpatientHospitalization" xsi:type="Property"/>
                  </source>
                  <where localId="53" locator="48:9-49:113" xsi:type="And">
                     <operand localId="48" locator="48:15-48:80" xsi:type="InValueSet">
                        <code localId="46" locator="48:15-48:37" path="code" scope="DeepPressureInjury" xsi:type="Property"/>
                        <valueset localId="47" locator="48:42-48:80" name="Pressure Injury Deep Tissue Diagnoses" xsi:type="ValueSetRef"/>
                     </operand>
                     <operand localId="52" locator="49:15-49:113" xsi:type="InValueSet">
                        <code localId="50" locator="49:15-49:60" path="presentOnAdmissionIndicator" scope="DeepPressureInjury" xsi:type="Property"/>
                        <valueset localId="51" locator="49:65-49:113" name="Present on Admission or Clinically Undetermined" xsi:type="ValueSetRef"/>
                     </operand>
                  </where>
               </operand>
            </where>
         </expression>
      </def>
      <def localId="93" locator="110:1-115:60" name="Encounter with Deep Tissue Pressure Injury POA by Skin Exam within First 72 Hours" context="Patient" accessLevel="Public">
         <annotation xsi:type="a:Annotation">
            <a:s r="93">
               <a:s>define &quot;Encounter with Deep Tissue Pressure Injury POA by Skin Exam within First 72 Hours&quot;:
  </a:s>
               <a:s r="92">
                  <a:s>
                     <a:s r="60">
                        <a:s r="59">
                           <a:s>
                              <a:s>&quot;Encounter with Age 18 and Older&quot;</a:s>
                           </a:s>
                        </a:s>
                        <a:s> InpatientHospitalization</a:s>
                     </a:s>
                  </a:s>
                  <a:s>
    </a:s>
                  <a:s r="91">
                     <a:s>with </a:s>
                     <a:s r="62">
                        <a:s r="61">
                           <a:s r="61">
                              <a:s>[&quot;Physical Exam, Performed&quot;: </a:s>
                              <a:s>
                                 <a:s>&quot;Physical findings of Skin&quot;</a:s>
                              </a:s>
                              <a:s>]</a:s>
                           </a:s>
                        </a:s>
                        <a:s> SkinExam</a:s>
                     </a:s>
                     <a:s>
      such that </a:s>
                     <a:s r="90">
                        <a:s r="85">
                           <a:s r="74">
                              <a:s r="68">
                                 <a:s r="63">
                                    <a:s>Global</a:s>
                                 </a:s>
                                 <a:s>.</a:s>
                                 <a:s r="68">
                                    <a:s>&quot;NormalizeInterval&quot; ( </a:s>
                                    <a:s r="65">
                                       <a:s r="64">
                                          <a:s>SkinExam</a:s>
                                       </a:s>
                                       <a:s>.</a:s>
                                       <a:s r="65">
                                          <a:s>relevantDatetime</a:s>
                                       </a:s>
                                    </a:s>
                                    <a:s>, </a:s>
                                    <a:s r="67">
                                       <a:s r="66">
                                          <a:s>SkinExam</a:s>
                                       </a:s>
                                       <a:s>.</a:s>
                                       <a:s r="67">
                                          <a:s>relevantPeriod</a:s>
                                       </a:s>
                                    </a:s>
                                    <a:s> )</a:s>
                                 </a:s>
                              </a:s>
                              <a:s> </a:s>
                              <a:s r="74">
                                 <a:s>starts </a:s>
                                 <a:s r="73">
                                    <a:s>72 hours</a:s>
                                 </a:s>
                                 <a:s> or less on or after</a:s>
                              </a:s>
                              <a:s> </a:s>
                              <a:s r="72">
                                 <a:s>start of </a:s>
                                 <a:s r="71">
                                    <a:s r="69">
                                       <a:s>Global</a:s>
                                    </a:s>
                                    <a:s>.</a:s>
                                    <a:s r="71">
                                       <a:s>&quot;HospitalizationWithObservation&quot; ( </a:s>
                                       <a:s r="70">
                                          <a:s>InpatientHospitalization</a:s>
                                       </a:s>
                                       <a:s> )</a:s>
                                    </a:s>
                                 </a:s>
                              </a:s>
                           </a:s>
                           <a:s>
        and </a:s>
                           <a:s r="84">
                              <a:s r="80">
                                 <a:s r="75">
                                    <a:s>Global</a:s>
                                 </a:s>
                                 <a:s>.</a:s>
                                 <a:s r="80">
                                    <a:s>&quot;NormalizeInterval&quot; ( </a:s>
                                    <a:s r="77">
                                       <a:s r="76">
                                          <a:s>SkinExam</a:s>
                                       </a:s>
                                       <a:s>.</a:s>
                                       <a:s r="77">
                                          <a:s>relevantDatetime</a:s>
                                       </a:s>
                                    </a:s>
                                    <a:s>, </a:s>
                                    <a:s r="79">
                                       <a:s r="78">
                                          <a:s>SkinExam</a:s>
                                       </a:s>
                                       <a:s>.</a:s>
                                       <a:s r="79">
                                          <a:s>relevantPeriod</a:s>
                                       </a:s>
                                    </a:s>
                                    <a:s> )</a:s>
                                 </a:s>
                              </a:s>
                              <a:s r="84"> starts during </a:s>
                              <a:s r="83">
                                 <a:s r="81">
                                    <a:s>Global</a:s>
                                 </a:s>
                                 <a:s>.</a:s>
                                 <a:s r="83">
                                    <a:s>&quot;HospitalizationWithObservation&quot; ( </a:s>
                                    <a:s r="82">
                                       <a:s>InpatientHospitalization</a:s>
                                    </a:s>
                                    <a:s> )</a:s>
                                 </a:s>
                              </a:s>
                           </a:s>
                        </a:s>
                        <a:s>
        and </a:s>
                        <a:s r="89">
                           <a:s r="87">
                              <a:s r="86">
                                 <a:s>SkinExam</a:s>
                              </a:s>
                              <a:s>.</a:s>
                              <a:s r="87">
                                 <a:s>result</a:s>
                              </a:s>
                           </a:s>
                           <a:s> in </a:s>
                           <a:s r="88">
                              <a:s>&quot;Pressure Injury Deep Tissue&quot;</a:s>
                           </a:s>
                        </a:s>
                     </a:s>
                  </a:s>
               </a:s>
            </a:s>
         </annotation>
         <expression localId="92" locator="111:3-115:60" xsi:type="Query">
            <source localId="60" locator="111:3-111:60" alias="InpatientHospitalization">
               <expression localId="59" locator="111:3-111:35" name="Encounter with Age 18 and Older" xsi:type="ExpressionRef"/>
            </source>
            <relationship localId="91" locator="112:5-115:60" alias="SkinExam" xsi:type="With">
               <expression localId="61" locator="112:10-112:66" xmlns:ns2="urn:healthit-gov:qdm:v5_6" dataType="ns2:PositivePhysicalExamPerformed" templateId="PositivePhysicalExamPerformed" codeProperty="code" codeComparator="~" xsi:type="Retrieve">
                  <codes xsi:type="ToList">
                     <operand locator="112:39-112:65" name="Physical findings of Skin" xsi:type="CodeRef"/>
                  </codes>
               </expression>
               <suchThat localId="90" locator="113:17-115:60" xsi:type="And">
                  <operand localId="85" locator="113:17-114:176" xsi:type="And">
                     <operand localId="74" locator="113:17-113:211" xsi:type="And">
                        <operand locator="113:106-113:121" xsi:type="In">
                           <operand locator="113:99-113:104" xsi:type="Start">
                              <operand localId="68" locator="113:17-113:97" name="NormalizeInterval" libraryName="Global" xsi:type="FunctionRef">
                                 <operand localId="65" locator="113:46-113:70" path="relevantDatetime" scope="SkinExam" xsi:type="Property"/>
                                 <operand localId="67" locator="113:73-113:95" path="relevantPeriod" scope="SkinExam" xsi:type="Property"/>
                              </operand>
                           </operand>
                           <operand locator="113:106-113:121" lowClosed="true" highClosed="true" xsi:type="Interval">
                              <low localId="72" locator="113:135-113:211" xsi:type="Start">
                                 <operand localId="71" locator="113:144-113:211" name="HospitalizationWithObservation" libraryName="Global" xsi:type="FunctionRef">
                                    <operand localId="70" locator="113:186-113:209" name="InpatientHospitalization" xsi:type="AliasRef"/>
                                 </operand>
                              </low>
                              <high locator="113:135-113:211" xsi:type="Add">
                                 <operand localId="72" locator="113:135-113:211" xsi:type="Start">
                                    <operand localId="71" locator="113:144-113:211" name="HospitalizationWithObservation" libraryName="Global" xsi:type="FunctionRef">
                                       <operand localId="70" locator="113:186-113:209" name="InpatientHospitalization" xsi:type="AliasRef"/>
                                    </operand>
                                 </operand>
                                 <operand localId="73" locator="113:106-113:113" value="72" unit="hours" xsi:type="Quantity"/>
                              </high>
                           </operand>
                        </operand>
                        <operand locator="113:106-113:121" xsi:type="Not">
                           <operand locator="113:106-113:121" xsi:type="IsNull">
                              <operand localId="72" locator="113:135-113:211" xsi:type="Start">
                                 <operand localId="71" locator="113:144-113:211" name="HospitalizationWithObservation" libraryName="Global" xsi:type="FunctionRef">
                                    <operand localId="70" locator="113:186-113:209" name="InpatientHospitalization" xsi:type="AliasRef"/>
                                 </operand>
                              </operand>
                           </operand>
                        </operand>
                     </operand>
                     <operand localId="84" locator="114:13-114:176" xsi:type="In">
                        <operand locator="114:95-114:100" xsi:type="Start">
                           <operand localId="80" locator="114:13-114:93" name="NormalizeInterval" libraryName="Global" xsi:type="FunctionRef">
                              <operand localId="77" locator="114:42-114:66" path="relevantDatetime" scope="SkinExam" xsi:type="Property"/>
                              <operand localId="79" locator="114:69-114:91" path="relevantPeriod" scope="SkinExam" xsi:type="Property"/>
                           </operand>
                        </operand>
                        <operand localId="83" locator="114:109-114:176" name="HospitalizationWithObservation" libraryName="Global" xsi:type="FunctionRef">
                           <operand localId="82" locator="114:151-114:174" name="InpatientHospitalization" xsi:type="AliasRef"/>
                        </operand>
                     </operand>
                  </operand>
                  <operand localId="89" locator="115:13-115:60" xsi:type="InValueSet">
                     <code asType="t:Code" xsi:type="As">
                        <operand localId="87" locator="115:13-115:27" path="result" scope="SkinExam" xsi:type="Property"/>
                     </code>
                     <valueset localId="88" locator="115:32-115:60" name="Pressure Injury Deep Tissue" xsi:type="ValueSetRef"/>
                  </operand>
               </suchThat>
            </relationship>
         </expression>
      </def>
      <def localId="96" locator="41:1-43:93" name="Encounter with Deep Tissue Pressure Injury POA" context="Patient" accessLevel="Public">
         <annotation xsi:type="a:Annotation">
            <a:s r="96">
               <a:s>define &quot;Encounter with Deep Tissue Pressure Injury POA&quot;:
  </a:s>
               <a:s r="95">
                  <a:s r="58">
                     <a:s>&quot;Encounter with Deep Tissue Pressure Injury POA by Indicator&quot;</a:s>
                  </a:s>
                  <a:s>
    union </a:s>
                  <a:s r="94">
                     <a:s>&quot;Encounter with Deep Tissue Pressure Injury POA by Skin Exam within First 72 Hours&quot;</a:s>
                  </a:s>
               </a:s>
            </a:s>
         </annotation>
         <expression localId="95" locator="42:3-43:93" xsi:type="Union">
            <operand localId="58" locator="42:3-42:63" name="Encounter with Deep Tissue Pressure Injury POA by Indicator" xsi:type="ExpressionRef"/>
            <operand localId="94" locator="43:11-43:93" name="Encounter with Deep Tissue Pressure Injury POA by Skin Exam within First 72 Hours" xsi:type="ExpressionRef"/>
         </expression>
      </def>
      <def localId="114" locator="84:1-89:5" name="Encounter with Stage 2, 3, 4, or Unstageable Pressure Injury POA by Indicator" context="Patient" accessLevel="Public">
         <annotation xsi:type="a:Annotation">
            <a:s r="114">
               <a:s>define &quot;Encounter with Stage 2, 3, 4, or Unstageable Pressure Injury POA by Indicator&quot;:
  </a:s>
               <a:s r="113">
                  <a:s>
                     <a:s r="99">
                        <a:s r="98">
                           <a:s>
                              <a:s>&quot;Encounter with Age 18 and Older&quot;</a:s>
                           </a:s>
                        </a:s>
                        <a:s> InpatientHospitalization</a:s>
                     </a:s>
                  </a:s>
                  <a:s>
    </a:s>
                  <a:s r="112">
                     <a:s>where </a:s>
                     <a:s r="112">
                        <a:s>exists </a:s>
                        <a:s r="111">
                           <a:s>( </a:s>
                           <a:s r="111">
                              <a:s>
                                 <a:s r="101">
                                    <a:s r="100">
                                       <a:s>
                                          <a:s>InpatientHospitalization.diagnoses</a:s>
                                       </a:s>
                                    </a:s>
                                    <a:s> Stage234UnstageablePressureInjury</a:s>
                                 </a:s>
                              </a:s>
                              <a:s>
        </a:s>
                              <a:s r="110">
                                 <a:s>where </a:s>
                                 <a:s r="110">
                                    <a:s r="105">
                                       <a:s r="103">
                                          <a:s r="102">
                                             <a:s>Stage234UnstageablePressureInjury</a:s>
                                          </a:s>
                                          <a:s>.</a:s>
                                          <a:s r="103">
                                             <a:s>code</a:s>
                                          </a:s>
                                       </a:s>
                                       <a:s> in </a:s>
                                       <a:s r="104">
                                          <a:s>&quot;Pressure Injury Stage 2, 3, 4, or Unstageable Diagnoses&quot;</a:s>
                                       </a:s>
                                    </a:s>
                                    <a:s>
          and </a:s>
                                    <a:s r="109">
                                       <a:s r="107">
                                          <a:s r="106">
                                             <a:s>Stage234UnstageablePressureInjury</a:s>
                                          </a:s>
                                          <a:s>.</a:s>
                                          <a:s r="107">
                                             <a:s>presentOnAdmissionIndicator</a:s>
                                          </a:s>
                                       </a:s>
                                       <a:s> in </a:s>
                                       <a:s r="108">
                                          <a:s>&quot;Present on Admission or Clinically Undetermined&quot;</a:s>
                                       </a:s>
                                    </a:s>
                                 </a:s>
                              </a:s>
                           </a:s>
                           <a:s>
    )</a:s>
                        </a:s>
                     </a:s>
                  </a:s>
               </a:s>
            </a:s>
         </annotation>
         <expression localId="113" locator="85:3-89:5" xsi:type="Query">
            <source localId="99" locator="85:3-85:60" alias="InpatientHospitalization">
               <expression localId="98" locator="85:3-85:35" name="Encounter with Age 18 and Older" xsi:type="ExpressionRef"/>
            </source>
            <where localId="112" locator="86:5-89:5" xsi:type="Exists">
               <operand localId="111" locator="86:18-89:5" xsi:type="Query">
                  <source localId="101" locator="86:20-86:87" alias="Stage234UnstageablePressureInjury">
                     <expression localId="100" locator="86:20-86:53" path="diagnoses" scope="InpatientHospitalization" xsi:type="Property"/>
                  </source>
                  <where localId="110" locator="87:9-88:128" xsi:type="And">
                     <operand localId="105" locator="87:15-87:113" xsi:type="InValueSet">
                        <code localId="103" locator="87:15-87:52" path="code" scope="Stage234UnstageablePressureInjury" xsi:type="Property"/>
                        <valueset localId="104" locator="87:57-87:113" name="Pressure Injury Stage 2, 3, 4, or Unstageable Diagnoses" xsi:type="ValueSetRef"/>
                     </operand>
                     <operand localId="109" locator="88:15-88:128" xsi:type="InValueSet">
                        <code localId="107" locator="88:15-88:75" path="presentOnAdmissionIndicator" scope="Stage234UnstageablePressureInjury" xsi:type="Property"/>
                        <valueset localId="108" locator="88:80-88:128" name="Present on Admission or Clinically Undetermined" xsi:type="ValueSetRef"/>
                     </operand>
                  </where>
               </operand>
            </where>
         </expression>
      </def>
      <def localId="150" locator="133:1-138:77" name="Encounter with Stage 2, 3, 4 or Unstageable Pressure Injury POA by Skin Exam within 24 Hours" context="Patient" accessLevel="Public">
         <annotation xsi:type="a:Annotation">
            <a:s r="150">
               <a:s>define &quot;Encounter with Stage 2, 3, 4 or Unstageable Pressure Injury POA by Skin Exam within 24 Hours&quot;:
  </a:s>
               <a:s r="149">
                  <a:s>
                     <a:s r="117">
                        <a:s r="116">
                           <a:s>
                              <a:s>&quot;Encounter with Age 18 and Older&quot;</a:s>
                           </a:s>
                        </a:s>
                        <a:s> InpatientHospitalization</a:s>
                     </a:s>
                  </a:s>
                  <a:s>
    </a:s>
                  <a:s r="148">
                     <a:s>with </a:s>
                     <a:s r="119">
                        <a:s r="118">
                           <a:s r="118">
                              <a:s>[&quot;Physical Exam, Performed&quot;: </a:s>
                              <a:s>
                                 <a:s>&quot;Physical findings of Skin&quot;</a:s>
                              </a:s>
                              <a:s>]</a:s>
                           </a:s>
                        </a:s>
                        <a:s> SkinExam</a:s>
                     </a:s>
                     <a:s>
      such that </a:s>
                     <a:s r="147">
                        <a:s r="142">
                           <a:s r="131">
                              <a:s r="125">
                                 <a:s r="120">
                                    <a:s>Global</a:s>
                                 </a:s>
                                 <a:s>.</a:s>
                                 <a:s r="125">
                                    <a:s>&quot;NormalizeInterval&quot; ( </a:s>
                                    <a:s r="122">
                                       <a:s r="121">
                                          <a:s>SkinExam</a:s>
                                       </a:s>
                                       <a:s>.</a:s>
                                       <a:s r="122">
                                          <a:s>relevantDatetime</a:s>
                                       </a:s>
                                    </a:s>
                                    <a:s>, </a:s>
                                    <a:s r="124">
                                       <a:s r="123">
                                          <a:s>SkinExam</a:s>
                                       </a:s>
                                       <a:s>.</a:s>
                                       <a:s r="124">
                                          <a:s>relevantPeriod</a:s>
                                       </a:s>
                                    </a:s>
                                    <a:s> )</a:s>
                                 </a:s>
                              </a:s>
                              <a:s> </a:s>
                              <a:s r="131">
                                 <a:s>starts </a:s>
                                 <a:s r="130">
                                    <a:s>24 hours</a:s>
                                 </a:s>
                                 <a:s> or less on or after</a:s>
                              </a:s>
                              <a:s> </a:s>
                              <a:s r="129">
                                 <a:s>start of </a:s>
                                 <a:s r="128">
                                    <a:s r="126">
                                       <a:s>Global</a:s>
                                    </a:s>
                                    <a:s>.</a:s>
                                    <a:s r="128">
                                       <a:s>&quot;HospitalizationWithObservation&quot; ( </a:s>
                                       <a:s r="127">
                                          <a:s>InpatientHospitalization</a:s>
                                       </a:s>
                                       <a:s> )</a:s>
                                    </a:s>
                                 </a:s>
                              </a:s>
                           </a:s>
                           <a:s>
        and </a:s>
                           <a:s r="141">
                              <a:s r="137">
                                 <a:s r="132">
                                    <a:s>Global</a:s>
                                 </a:s>
                                 <a:s>.</a:s>
                                 <a:s r="137">
                                    <a:s>&quot;NormalizeInterval&quot; ( </a:s>
                                    <a:s r="134">
                                       <a:s r="133">
                                          <a:s>SkinExam</a:s>
                                       </a:s>
                                       <a:s>.</a:s>
                                       <a:s r="134">
                                          <a:s>relevantDatetime</a:s>
                                       </a:s>
                                    </a:s>
                                    <a:s>, </a:s>
                                    <a:s r="136">
                                       <a:s r="135">
                                          <a:s>SkinExam</a:s>
                                       </a:s>
                                       <a:s>.</a:s>
                                       <a:s r="136">
                                          <a:s>relevantPeriod</a:s>
                                       </a:s>
                                    </a:s>
                                    <a:s> )</a:s>
                                 </a:s>
                              </a:s>
                              <a:s r="141"> starts during </a:s>
                              <a:s r="140">
                                 <a:s r="138">
                                    <a:s>Global</a:s>
                                 </a:s>
                                 <a:s>.</a:s>
                                 <a:s r="140">
                                    <a:s>&quot;HospitalizationWithObservation&quot; ( </a:s>
                                    <a:s r="139">
                                       <a:s>InpatientHospitalization</a:s>
                                    </a:s>
                                    <a:s> )</a:s>
                                 </a:s>
                              </a:s>
                           </a:s>
                        </a:s>
                        <a:s>
        and </a:s>
                        <a:s r="146">
                           <a:s r="144">
                              <a:s r="143">
                                 <a:s>SkinExam</a:s>
                              </a:s>
                              <a:s>.</a:s>
                              <a:s r="144">
                                 <a:s>result</a:s>
                              </a:s>
                           </a:s>
                           <a:s> in </a:s>
                           <a:s r="145">
                              <a:s>&quot;Pressure Injury Stage 2, 3, 4 or Unstageable&quot;</a:s>
                           </a:s>
                        </a:s>
                     </a:s>
                  </a:s>
               </a:s>
            </a:s>
         </annotation>
         <expression localId="149" locator="134:3-138:77" xsi:type="Query">
            <source localId="117" locator="134:3-134:60" alias="InpatientHospitalization">
               <expression localId="116" locator="134:3-134:35" name="Encounter with Age 18 and Older" xsi:type="ExpressionRef"/>
            </source>
            <relationship localId="148" locator="135:5-138:77" alias="SkinExam" xsi:type="With">
               <expression localId="118" locator="135:10-135:66" xmlns:ns3="urn:healthit-gov:qdm:v5_6" dataType="ns3:PositivePhysicalExamPerformed" templateId="PositivePhysicalExamPerformed" codeProperty="code" codeComparator="~" xsi:type="Retrieve">
                  <codes xsi:type="ToList">
                     <operand locator="135:39-135:65" name="Physical findings of Skin" xsi:type="CodeRef"/>
                  </codes>
               </expression>
               <suchThat localId="147" locator="136:17-138:77" xsi:type="And">
                  <operand localId="142" locator="136:17-137:176" xsi:type="And">
                     <operand localId="131" locator="136:17-136:211" xsi:type="And">
                        <operand locator="136:106-136:121" xsi:type="In">
                           <operand locator="136:99-136:104" xsi:type="Start">
                              <operand localId="125" locator="136:17-136:97" name="NormalizeInterval" libraryName="Global" xsi:type="FunctionRef">
                                 <operand localId="122" locator="136:46-136:70" path="relevantDatetime" scope="SkinExam" xsi:type="Property"/>
                                 <operand localId="124" locator="136:73-136:95" path="relevantPeriod" scope="SkinExam" xsi:type="Property"/>
                              </operand>
                           </operand>
                           <operand locator="136:106-136:121" lowClosed="true" highClosed="true" xsi:type="Interval">
                              <low localId="129" locator="136:135-136:211" xsi:type="Start">
                                 <operand localId="128" locator="136:144-136:211" name="HospitalizationWithObservation" libraryName="Global" xsi:type="FunctionRef">
                                    <operand localId="127" locator="136:186-136:209" name="InpatientHospitalization" xsi:type="AliasRef"/>
                                 </operand>
                              </low>
                              <high locator="136:135-136:211" xsi:type="Add">
                                 <operand localId="129" locator="136:135-136:211" xsi:type="Start">
                                    <operand localId="128" locator="136:144-136:211" name="HospitalizationWithObservation" libraryName="Global" xsi:type="FunctionRef">
                                       <operand localId="127" locator="136:186-136:209" name="InpatientHospitalization" xsi:type="AliasRef"/>
                                    </operand>
                                 </operand>
                                 <operand localId="130" locator="136:106-136:113" value="24" unit="hours" xsi:type="Quantity"/>
                              </high>
                           </operand>
                        </operand>
                        <operand locator="136:106-136:121" xsi:type="Not">
                           <operand locator="136:106-136:121" xsi:type="IsNull">
                              <operand localId="129" locator="136:135-136:211" xsi:type="Start">
                                 <operand localId="128" locator="136:144-136:211" name="HospitalizationWithObservation" libraryName="Global" xsi:type="FunctionRef">
                                    <operand localId="127" locator="136:186-136:209" name="InpatientHospitalization" xsi:type="AliasRef"/>
                                 </operand>
                              </operand>
                           </operand>
                        </operand>
                     </operand>
                     <operand localId="141" locator="137:13-137:176" xsi:type="In">
                        <operand locator="137:95-137:100" xsi:type="Start">
                           <operand localId="137" locator="137:13-137:93" name="NormalizeInterval" libraryName="Global" xsi:type="FunctionRef">
                              <operand localId="134" locator="137:42-137:66" path="relevantDatetime" scope="SkinExam" xsi:type="Property"/>
                              <operand localId="136" locator="137:69-137:91" path="relevantPeriod" scope="SkinExam" xsi:type="Property"/>
                           </operand>
                        </operand>
                        <operand localId="140" locator="137:109-137:176" name="HospitalizationWithObservation" libraryName="Global" xsi:type="FunctionRef">
                           <operand localId="139" locator="137:151-137:174" name="InpatientHospitalization" xsi:type="AliasRef"/>
                        </operand>
                     </operand>
                  </operand>
                  <operand localId="146" locator="138:13-138:77" xsi:type="InValueSet">
                     <code asType="t:Code" xsi:type="As">
                        <operand localId="144" locator="138:13-138:27" path="result" scope="SkinExam" xsi:type="Property"/>
                     </code>
                     <valueset localId="145" locator="138:32-138:77" name="Pressure Injury Stage 2, 3, 4 or Unstageable" xsi:type="ValueSetRef"/>
                  </operand>
               </suchThat>
            </relationship>
         </expression>
      </def>
      <def localId="153" locator="80:1-82:104" name="Encounter with Stage 2, 3, 4 or Unstageable Pressure Injury POA" context="Patient" accessLevel="Public">
         <annotation xsi:type="a:Annotation">
            <a:s r="153">
               <a:s>define &quot;Encounter with Stage 2, 3, 4 or Unstageable Pressure Injury POA&quot;:
  </a:s>
               <a:s r="152">
                  <a:s r="115">
                     <a:s>&quot;Encounter with Stage 2, 3, 4, or Unstageable Pressure Injury POA by Indicator&quot;</a:s>
                  </a:s>
                  <a:s>
    union </a:s>
                  <a:s r="151">
                     <a:s>&quot;Encounter with Stage 2, 3, 4 or Unstageable Pressure Injury POA by Skin Exam within 24 Hours&quot;</a:s>
                  </a:s>
               </a:s>
            </a:s>
         </annotation>
         <expression localId="152" locator="81:3-82:104" xsi:type="Union">
            <operand localId="115" locator="81:3-81:81" name="Encounter with Stage 2, 3, 4, or Unstageable Pressure Injury POA by Indicator" xsi:type="ExpressionRef"/>
            <operand localId="151" locator="82:11-82:104" name="Encounter with Stage 2, 3, 4 or Unstageable Pressure Injury POA by Skin Exam within 24 Hours" xsi:type="ExpressionRef"/>
         </expression>
      </def>
      <def localId="167" locator="52:1-56:5" name="Encounter with Diagnosis of COVID19 Infection" context="Patient" accessLevel="Public">
         <annotation xsi:type="a:Annotation">
            <a:s r="167">
               <a:s>define &quot;Encounter with Diagnosis of COVID19 Infection&quot;:
  </a:s>
               <a:s r="166">
                  <a:s>
                     <a:s r="157">
                        <a:s r="156">
                           <a:s>
                              <a:s>&quot;Encounter with Age 18 and Older&quot;</a:s>
                           </a:s>
                        </a:s>
                        <a:s> InpatientHospitalization</a:s>
                     </a:s>
                  </a:s>
                  <a:s>
    </a:s>
                  <a:s r="165">
                     <a:s>where </a:s>
                     <a:s r="165">
                        <a:s>exists </a:s>
                        <a:s r="164">
                           <a:s>( </a:s>
                           <a:s r="164">
                              <a:s>
                                 <a:s r="159">
                                    <a:s r="158">
                                       <a:s>
                                          <a:s>InpatientHospitalization.diagnoses</a:s>
                                       </a:s>
                                    </a:s>
                                    <a:s> EncounterDiagnosis</a:s>
                                 </a:s>
                              </a:s>
                              <a:s>
        </a:s>
                              <a:s r="163">
                                 <a:s>where </a:s>
                                 <a:s r="163">
                                    <a:s r="161">
                                       <a:s r="160">
                                          <a:s>EncounterDiagnosis</a:s>
                                       </a:s>
                                       <a:s>.</a:s>
                                       <a:s r="161">
                                          <a:s>code</a:s>
                                       </a:s>
                                    </a:s>
                                    <a:s> in </a:s>
                                    <a:s r="162">
                                       <a:s>&quot;COVID 19&quot;</a:s>
                                    </a:s>
                                 </a:s>
                              </a:s>
                           </a:s>
                           <a:s>
    )</a:s>
                        </a:s>
                     </a:s>
                  </a:s>
               </a:s>
            </a:s>
         </annotation>
         <expression localId="166" locator="53:3-56:5" xsi:type="Query">
            <source localId="157" locator="53:3-53:60" alias="InpatientHospitalization">
               <expression localId="156" locator="53:3-53:35" name="Encounter with Age 18 and Older" xsi:type="ExpressionRef"/>
            </source>
            <where localId="165" locator="54:5-56:5" xsi:type="Exists">
               <operand localId="164" locator="54:18-56:5" xsi:type="Query">
                  <source localId="159" locator="54:20-54:72" alias="EncounterDiagnosis">
                     <expression localId="158" locator="54:20-54:53" path="diagnoses" scope="InpatientHospitalization" xsi:type="Property"/>
                  </source>
                  <where localId="163" locator="55:9-55:51" xsi:type="InValueSet">
                     <code localId="161" locator="55:15-55:37" path="code" scope="EncounterDiagnosis" xsi:type="Property"/>
                     <valueset localId="162" locator="55:42-55:51" name="COVID 19" xsi:type="ValueSetRef"/>
                  </where>
               </operand>
            </where>
         </expression>
      </def>
      <def localId="170" locator="31:1-34:57" name="Denominator Exclusions" context="Patient" accessLevel="Public">
         <annotation xsi:type="a:Annotation">
            <a:s r="170">
               <a:s>define &quot;Denominator Exclusions&quot;:
  </a:s>
               <a:s r="169">
                  <a:s r="155">
                     <a:s r="97">
                        <a:s>&quot;Encounter with Deep Tissue Pressure Injury POA&quot;</a:s>
                     </a:s>
                     <a:s>
    union </a:s>
                     <a:s r="154">
                        <a:s>&quot;Encounter with Stage 2, 3, 4 or Unstageable Pressure Injury POA&quot;</a:s>
                     </a:s>
                  </a:s>
                  <a:s>
    union </a:s>
                  <a:s r="168">
                     <a:s>&quot;Encounter with Diagnosis of COVID19 Infection&quot;</a:s>
                  </a:s>
               </a:s>
            </a:s>
         </annotation>
         <expression localId="169" locator="32:3-34:57" xsi:type="Union">
            <operand localId="155" locator="32:3-33:75" xsi:type="Union">
               <operand localId="97" locator="32:3-32:50" name="Encounter with Deep Tissue Pressure Injury POA" xsi:type="ExpressionRef"/>
               <operand localId="154" locator="33:11-33:75" name="Encounter with Stage 2, 3, 4 or Unstageable Pressure Injury POA" xsi:type="ExpressionRef"/>
            </operand>
            <operand localId="168" locator="34:11-34:57" name="Encounter with Diagnosis of COVID19 Infection" xsi:type="ExpressionRef"/>
         </expression>
      </def>
      <def localId="187" locator="62:1-67:5" name="Encounter with New Deep Tissue Pressure Injury Not POA by Indicator" context="Patient" accessLevel="Public">
         <annotation xsi:type="a:Annotation">
            <a:s r="187">
               <a:s>define &quot;Encounter with New Deep Tissue Pressure Injury Not POA by Indicator&quot;:
  </a:s>
               <a:s r="186">
                  <a:s>
                     <a:s r="172">
                        <a:s r="171">
                           <a:s>
                              <a:s>&quot;Encounter with Age 18 and Older&quot;</a:s>
                           </a:s>
                        </a:s>
                        <a:s> InpatientHospitalization</a:s>
                     </a:s>
                  </a:s>
                  <a:s>
    </a:s>
                  <a:s r="185">
                     <a:s>where </a:s>
                     <a:s r="185">
                        <a:s>exists </a:s>
                        <a:s r="184">
                           <a:s>( </a:s>
                           <a:s r="184">
                              <a:s>
                                 <a:s r="174">
                                    <a:s r="173">
                                       <a:s>
                                          <a:s>InpatientHospitalization.diagnoses</a:s>
                                       </a:s>
                                    </a:s>
                                    <a:s> DeepPressureInjury</a:s>
                                 </a:s>
                              </a:s>
                              <a:s>
        </a:s>
                              <a:s r="183">
                                 <a:s>where </a:s>
                                 <a:s r="183">
                                    <a:s r="178">
                                       <a:s r="176">
                                          <a:s r="175">
                                             <a:s>DeepPressureInjury</a:s>
                                          </a:s>
                                          <a:s>.</a:s>
                                          <a:s r="176">
                                             <a:s>code</a:s>
                                          </a:s>
                                       </a:s>
                                       <a:s> in </a:s>
                                       <a:s r="177">
                                          <a:s>&quot;Pressure Injury Deep Tissue Diagnoses&quot;</a:s>
                                       </a:s>
                                    </a:s>
                                    <a:s>
          and </a:s>
                                    <a:s r="182">
                                       <a:s r="180">
                                          <a:s r="179">
                                             <a:s>DeepPressureInjury</a:s>
                                          </a:s>
                                          <a:s>.</a:s>
                                          <a:s r="180">
                                             <a:s>presentOnAdmissionIndicator</a:s>
                                          </a:s>
                                       </a:s>
                                       <a:s> in </a:s>
                                       <a:s r="181">
                                          <a:s>&quot;Not Present On Admission or Documentation Insufficient to Determine&quot;</a:s>
                                       </a:s>
                                    </a:s>
                                 </a:s>
                              </a:s>
                           </a:s>
                           <a:s>
    )</a:s>
                        </a:s>
                     </a:s>
                  </a:s>
               </a:s>
            </a:s>
         </annotation>
         <expression localId="186" locator="63:3-67:5" xsi:type="Query">
            <source localId="172" locator="63:3-63:60" alias="InpatientHospitalization">
               <expression localId="171" locator="63:3-63:35" name="Encounter with Age 18 and Older" xsi:type="ExpressionRef"/>
            </source>
            <where localId="185" locator="64:5-67:5" xsi:type="Exists">
               <operand localId="184" locator="64:18-67:5" xsi:type="Query">
                  <source localId="174" locator="64:20-64:72" alias="DeepPressureInjury">
                     <expression localId="173" locator="64:20-64:53" path="diagnoses" scope="InpatientHospitalization" xsi:type="Property"/>
                  </source>
                  <where localId="183" locator="65:9-66:133" xsi:type="And">
                     <operand localId="178" locator="65:15-65:80" xsi:type="InValueSet">
                        <code localId="176" locator="65:15-65:37" path="code" scope="DeepPressureInjury" xsi:type="Property"/>
                        <valueset localId="177" locator="65:42-65:80" name="Pressure Injury Deep Tissue Diagnoses" xsi:type="ValueSetRef"/>
                     </operand>
                     <operand localId="182" locator="66:15-66:133" xsi:type="InValueSet">
                        <code localId="180" locator="66:15-66:60" path="presentOnAdmissionIndicator" scope="DeepPressureInjury" xsi:type="Property"/>
                        <valueset localId="181" locator="66:65-66:133" name="Not Present On Admission or Documentation Insufficient to Determine" xsi:type="ValueSetRef"/>
                     </operand>
                  </where>
               </operand>
            </where>
         </expression>
      </def>
      <def localId="218" locator="117:1-123:60" name="Encounter with New Deep Tissue Pressure Injury by Skin Exam after First 72 Hours" context="Patient" accessLevel="Public">
         <annotation xsi:type="a:Annotation">
            <a:s r="218">
               <a:s>define &quot;Encounter with New Deep Tissue Pressure Injury by Skin Exam after First 72 Hours&quot;:
  </a:s>
               <a:s r="217">
                  <a:s>
                     <a:s r="190">
                        <a:s r="189">
                           <a:s>
                              <a:s>&quot;Encounter with Age 18 and Older&quot;</a:s>
                           </a:s>
                        </a:s>
                        <a:s> InpatientHospitalization</a:s>
                     </a:s>
                  </a:s>
                  <a:s>
    </a:s>
                  <a:s>
                     <a:s>let </a:s>
                     <a:s r="194">
                        <a:s>hospitalizationPeriod: </a:s>
                        <a:s r="193">
                           <a:s r="191">
                              <a:s>Global</a:s>
                           </a:s>
                           <a:s>.</a:s>
                           <a:s r="193">
                              <a:s>&quot;HospitalizationWithObservation&quot; ( </a:s>
                              <a:s r="192">
                                 <a:s>InpatientHospitalization</a:s>
                              </a:s>
                              <a:s> )</a:s>
                           </a:s>
                        </a:s>
                     </a:s>
                  </a:s>
                  <a:s>
    </a:s>
                  <a:s r="216">
                     <a:s>with </a:s>
                     <a:s r="196">
                        <a:s r="195">
                           <a:s r="195">
                              <a:s>[&quot;Physical Exam, Performed&quot;: </a:s>
                              <a:s>
                                 <a:s>&quot;Physical findings of Skin&quot;</a:s>
                              </a:s>
                              <a:s>]</a:s>
                           </a:s>
                        </a:s>
                        <a:s> SkinExam</a:s>
                     </a:s>
                     <a:s>
      such that </a:s>
                     <a:s r="215">
                        <a:s r="210">
                           <a:s r="202">
                              <a:s r="197">
                                 <a:s>Global</a:s>
                              </a:s>
                              <a:s>.</a:s>
                              <a:s r="202">
                                 <a:s>&quot;NormalizeInterval&quot; ( </a:s>
                                 <a:s r="199">
                                    <a:s r="198">
                                       <a:s>SkinExam</a:s>
                                    </a:s>
                                    <a:s>.</a:s>
                                    <a:s r="199">
                                       <a:s>relevantDatetime</a:s>
                                    </a:s>
                                 </a:s>
                                 <a:s>, </a:s>
                                 <a:s r="201">
                                    <a:s r="200">
                                       <a:s>SkinExam</a:s>
                                    </a:s>
                                    <a:s>.</a:s>
                                    <a:s r="201">
                                       <a:s>relevantPeriod</a:s>
                                    </a:s>
                                 </a:s>
                                 <a:s> )</a:s>
                              </a:s>
                           </a:s>
                           <a:s r="210"> starts during </a:s>
                           <a:s r="209">
                              <a:s>Interval[</a:s>
                              <a:s r="206">
                                 <a:s r="204">
                                    <a:s>start of </a:s>
                                    <a:s r="203">
                                       <a:s>hospitalizationPeriod</a:s>
                                    </a:s>
                                 </a:s>
                                 <a:s> + </a:s>
                                 <a:s r="205">
                                    <a:s>72 hours</a:s>
                                 </a:s>
                              </a:s>
                              <a:s>, 
      </a:s>
                              <a:s r="208">
                                 <a:s>end of </a:s>
                                 <a:s r="207">
                                    <a:s>hospitalizationPeriod</a:s>
                                 </a:s>
                              </a:s>
                              <a:s>]</a:s>
                           </a:s>
                        </a:s>
                        <a:s>
        and </a:s>
                        <a:s r="214">
                           <a:s r="212">
                              <a:s r="211">
                                 <a:s>SkinExam</a:s>
                              </a:s>
                              <a:s>.</a:s>
                              <a:s r="212">
                                 <a:s>result</a:s>
                              </a:s>
                           </a:s>
                           <a:s> in </a:s>
                           <a:s r="213">
                              <a:s>&quot;Pressure Injury Deep Tissue&quot;</a:s>
                           </a:s>
                        </a:s>
                     </a:s>
                  </a:s>
               </a:s>
            </a:s>
         </annotation>
         <expression localId="217" locator="118:3-123:60" xsi:type="Query">
            <source localId="190" locator="118:3-118:60" alias="InpatientHospitalization">
               <expression localId="189" locator="118:3-118:35" name="Encounter with Age 18 and Older" xsi:type="ExpressionRef"/>
            </source>
            <let localId="194" locator="119:9-119:99" identifier="hospitalizationPeriod">
               <expression localId="193" locator="119:32-119:99" name="HospitalizationWithObservation" libraryName="Global" xsi:type="FunctionRef">
                  <operand localId="192" locator="119:74-119:97" name="InpatientHospitalization" xsi:type="AliasRef"/>
               </expression>
            </let>
            <relationship localId="216" locator="120:5-123:60" alias="SkinExam" xsi:type="With">
               <expression localId="195" locator="120:10-120:66" xmlns:ns4="urn:healthit-gov:qdm:v5_6" dataType="ns4:PositivePhysicalExamPerformed" templateId="PositivePhysicalExamPerformed" codeProperty="code" codeComparator="~" xsi:type="Retrieve">
                  <codes xsi:type="ToList">
                     <operand locator="120:39-120:65" name="Physical findings of Skin" xsi:type="CodeRef"/>
                  </codes>
               </expression>
               <suchThat localId="215" locator="121:17-123:60" xsi:type="And">
                  <operand localId="210" locator="121:17-122:35" xsi:type="In">
                     <operand locator="121:99-121:104" xsi:type="Start">
                        <operand localId="202" locator="121:17-121:97" name="NormalizeInterval" libraryName="Global" xsi:type="FunctionRef">
                           <operand localId="199" locator="121:46-121:70" path="relevantDatetime" scope="SkinExam" xsi:type="Property"/>
                           <operand localId="201" locator="121:73-121:95" path="relevantPeriod" scope="SkinExam" xsi:type="Property"/>
                        </operand>
                     </operand>
                     <operand localId="209" locator="121:113-122:35" lowClosed="true" highClosed="true" xsi:type="Interval">
                        <low localId="206" locator="121:122-121:162" xsi:type="Add">
                           <operand localId="204" locator="121:122-121:151" xsi:type="Start">
                              <operand localId="203" locator="121:131-121:151" name="hospitalizationPeriod" xsi:type="QueryLetRef"/>
                           </operand>
                           <operand localId="205" locator="121:155-121:162" value="72" unit="hours" xsi:type="Quantity"/>
                        </low>
                        <high localId="208" locator="122:7-122:34" xsi:type="End">
                           <operand localId="207" locator="122:14-122:34" name="hospitalizationPeriod" xsi:type="QueryLetRef"/>
                        </high>
                     </operand>
                  </operand>
                  <operand localId="214" locator="123:13-123:60" xsi:type="InValueSet">
                     <code asType="t:Code" xsi:type="As">
                        <operand localId="212" locator="123:13-123:27" path="result" scope="SkinExam" xsi:type="Property"/>
                     </code>
                     <valueset localId="213" locator="123:32-123:60" name="Pressure Injury Deep Tissue" xsi:type="ValueSetRef"/>
                  </operand>
               </suchThat>
            </relationship>
         </expression>
      </def>
      <def localId="221" locator="58:1-60:92" name="Encounter with New Deep Tissue Pressure Injury Not POA" context="Patient" accessLevel="Public">
         <annotation xsi:type="a:Annotation">
            <a:s r="221">
               <a:s>define &quot;Encounter with New Deep Tissue Pressure Injury Not POA&quot;:
  </a:s>
               <a:s r="220">
                  <a:s r="188">
                     <a:s>&quot;Encounter with New Deep Tissue Pressure Injury Not POA by Indicator&quot;</a:s>
                  </a:s>
                  <a:s>
    union </a:s>
                  <a:s r="219">
                     <a:s>&quot;Encounter with New Deep Tissue Pressure Injury by Skin Exam after First 72 Hours&quot;</a:s>
                  </a:s>
               </a:s>
            </a:s>
         </annotation>
         <expression localId="220" locator="59:3-60:92" xsi:type="Union">
            <operand localId="188" locator="59:3-59:71" name="Encounter with New Deep Tissue Pressure Injury Not POA by Indicator" xsi:type="ExpressionRef"/>
            <operand localId="219" locator="60:11-60:92" name="Encounter with New Deep Tissue Pressure Injury by Skin Exam after First 72 Hours" xsi:type="ExpressionRef"/>
         </expression>
      </def>
      <def localId="238" locator="73:1-78:5" name="Encounter with New Stage 2, 3, 4 or Unstageable Pressure Injury Not POA by Indicator" context="Patient" accessLevel="Public">
         <annotation xsi:type="a:Annotation">
            <a:s r="238">
               <a:s>define &quot;Encounter with New Stage 2, 3, 4 or Unstageable Pressure Injury Not POA by Indicator&quot;:
  </a:s>
               <a:s r="237">
                  <a:s>
                     <a:s r="223">
                        <a:s r="222">
                           <a:s>
                              <a:s>&quot;Encounter with Age 18 and Older&quot;</a:s>
                           </a:s>
                        </a:s>
                        <a:s> InpatientHospitalization</a:s>
                     </a:s>
                  </a:s>
                  <a:s>
    </a:s>
                  <a:s r="236">
                     <a:s>where </a:s>
                     <a:s r="236">
                        <a:s>exists </a:s>
                        <a:s r="235">
                           <a:s>( </a:s>
                           <a:s r="235">
                              <a:s>
                                 <a:s r="225">
                                    <a:s r="224">
                                       <a:s>
                                          <a:s>InpatientHospitalization.diagnoses</a:s>
                                       </a:s>
                                    </a:s>
                                    <a:s> Stage234UnstageablePressureInjury</a:s>
                                 </a:s>
                              </a:s>
                              <a:s>
        </a:s>
                              <a:s r="234">
                                 <a:s>where </a:s>
                                 <a:s r="234">
                                    <a:s r="229">
                                       <a:s r="227">
                                          <a:s r="226">
                                             <a:s>Stage234UnstageablePressureInjury</a:s>
                                          </a:s>
                                          <a:s>.</a:s>
                                          <a:s r="227">
                                             <a:s>code</a:s>
                                          </a:s>
                                       </a:s>
                                       <a:s> in </a:s>
                                       <a:s r="228">
                                          <a:s>&quot;Pressure Injury Stage 2, 3, 4, or Unstageable Diagnoses&quot;</a:s>
                                       </a:s>
                                    </a:s>
                                    <a:s>
          and </a:s>
                                    <a:s r="233">
                                       <a:s r="231">
                                          <a:s r="230">
                                             <a:s>Stage234UnstageablePressureInjury</a:s>
                                          </a:s>
                                          <a:s>.</a:s>
                                          <a:s r="231">
                                             <a:s>presentOnAdmissionIndicator</a:s>
                                          </a:s>
                                       </a:s>
                                       <a:s> in </a:s>
                                       <a:s r="232">
                                          <a:s>&quot;Not Present On Admission or Documentation Insufficient to Determine&quot;</a:s>
                                       </a:s>
                                    </a:s>
                                 </a:s>
                              </a:s>
                           </a:s>
                           <a:s>
    )</a:s>
                        </a:s>
                     </a:s>
                  </a:s>
               </a:s>
            </a:s>
         </annotation>
         <expression localId="237" locator="74:3-78:5" xsi:type="Query">
            <source localId="223" locator="74:3-74:60" alias="InpatientHospitalization">
               <expression localId="222" locator="74:3-74:35" name="Encounter with Age 18 and Older" xsi:type="ExpressionRef"/>
            </source>
            <where localId="236" locator="75:5-78:5" xsi:type="Exists">
               <operand localId="235" locator="75:18-78:5" xsi:type="Query">
                  <source localId="225" locator="75:20-75:87" alias="Stage234UnstageablePressureInjury">
                     <expression localId="224" locator="75:20-75:53" path="diagnoses" scope="InpatientHospitalization" xsi:type="Property"/>
                  </source>
                  <where localId="234" locator="76:9-77:148" xsi:type="And">
                     <operand localId="229" locator="76:15-76:113" xsi:type="InValueSet">
                        <code localId="227" locator="76:15-76:52" path="code" scope="Stage234UnstageablePressureInjury" xsi:type="Property"/>
                        <valueset localId="228" locator="76:57-76:113" name="Pressure Injury Stage 2, 3, 4, or Unstageable Diagnoses" xsi:type="ValueSetRef"/>
                     </operand>
                     <operand localId="233" locator="77:15-77:148" xsi:type="InValueSet">
                        <code localId="231" locator="77:15-77:75" path="presentOnAdmissionIndicator" scope="Stage234UnstageablePressureInjury" xsi:type="Property"/>
                        <valueset localId="232" locator="77:80-77:148" name="Not Present On Admission or Documentation Insufficient to Determine" xsi:type="ValueSetRef"/>
                     </operand>
                  </where>
               </operand>
            </where>
         </expression>
      </def>
      <def localId="269" locator="125:1-131:77" name="Encounter with New Stage 2, 3, 4 or Unstageable Pressure Injury by Skin Exam after First 24 Hours" context="Patient" accessLevel="Public">
         <annotation xsi:type="a:Annotation">
            <a:s r="269">
               <a:s>define &quot;Encounter with New Stage 2, 3, 4 or Unstageable Pressure Injury by Skin Exam after First 24 Hours&quot;:
  </a:s>
               <a:s r="268">
                  <a:s>
                     <a:s r="241">
                        <a:s r="240">
                           <a:s>
                              <a:s>&quot;Encounter with Age 18 and Older&quot;</a:s>
                           </a:s>
                        </a:s>
                        <a:s> InpatientHospitalization</a:s>
                     </a:s>
                  </a:s>
                  <a:s>
    </a:s>
                  <a:s>
                     <a:s>let </a:s>
                     <a:s r="245">
                        <a:s>hospitalizationPeriod: </a:s>
                        <a:s r="244">
                           <a:s r="242">
                              <a:s>Global</a:s>
                           </a:s>
                           <a:s>.</a:s>
                           <a:s r="244">
                              <a:s>&quot;HospitalizationWithObservation&quot; ( </a:s>
                              <a:s r="243">
                                 <a:s>InpatientHospitalization</a:s>
                              </a:s>
                              <a:s> )</a:s>
                           </a:s>
                        </a:s>
                     </a:s>
                  </a:s>
                  <a:s>
    </a:s>
                  <a:s r="267">
                     <a:s>with </a:s>
                     <a:s r="247">
                        <a:s r="246">
                           <a:s r="246">
                              <a:s>[&quot;Physical Exam, Performed&quot;: </a:s>
                              <a:s>
                                 <a:s>&quot;Physical findings of Skin&quot;</a:s>
                              </a:s>
                              <a:s>]</a:s>
                           </a:s>
                        </a:s>
                        <a:s> SkinExam</a:s>
                     </a:s>
                     <a:s>
      such that </a:s>
                     <a:s r="266">
                        <a:s r="261">
                           <a:s r="253">
                              <a:s r="248">
                                 <a:s>Global</a:s>
                              </a:s>
                              <a:s>.</a:s>
                              <a:s r="253">
                                 <a:s>&quot;NormalizeInterval&quot; ( </a:s>
                                 <a:s r="250">
                                    <a:s r="249">
                                       <a:s>SkinExam</a:s>
                                    </a:s>
                                    <a:s>.</a:s>
                                    <a:s r="250">
                                       <a:s>relevantDatetime</a:s>
                                    </a:s>
                                 </a:s>
                                 <a:s>, </a:s>
                                 <a:s r="252">
                                    <a:s r="251">
                                       <a:s>SkinExam</a:s>
                                    </a:s>
                                    <a:s>.</a:s>
                                    <a:s r="252">
                                       <a:s>relevantPeriod</a:s>
                                    </a:s>
                                 </a:s>
                                 <a:s> )</a:s>
                              </a:s>
                           </a:s>
                           <a:s r="261"> starts during </a:s>
                           <a:s r="260">
                              <a:s>Interval[</a:s>
                              <a:s r="257">
                                 <a:s r="255">
                                    <a:s>start of </a:s>
                                    <a:s r="254">
                                       <a:s>hospitalizationPeriod</a:s>
                                    </a:s>
                                 </a:s>
                                 <a:s> + </a:s>
                                 <a:s r="256">
                                    <a:s>24 hours</a:s>
                                 </a:s>
                              </a:s>
                              <a:s>, 
      </a:s>
                              <a:s r="259">
                                 <a:s>end of </a:s>
                                 <a:s r="258">
                                    <a:s>hospitalizationPeriod</a:s>
                                 </a:s>
                              </a:s>
                              <a:s>]</a:s>
                           </a:s>
                        </a:s>
                        <a:s>
        and </a:s>
                        <a:s r="265">
                           <a:s r="263">
                              <a:s r="262">
                                 <a:s>SkinExam</a:s>
                              </a:s>
                              <a:s>.</a:s>
                              <a:s r="263">
                                 <a:s>result</a:s>
                              </a:s>
                           </a:s>
                           <a:s> in </a:s>
                           <a:s r="264">
                              <a:s>&quot;Pressure Injury Stage 2, 3, 4 or Unstageable&quot;</a:s>
                           </a:s>
                        </a:s>
                     </a:s>
                  </a:s>
               </a:s>
            </a:s>
         </annotation>
         <expression localId="268" locator="126:3-131:77" xsi:type="Query">
            <source localId="241" locator="126:3-126:60" alias="InpatientHospitalization">
               <expression localId="240" locator="126:3-126:35" name="Encounter with Age 18 and Older" xsi:type="ExpressionRef"/>
            </source>
            <let localId="245" locator="127:9-127:99" identifier="hospitalizationPeriod">
               <expression localId="244" locator="127:32-127:99" name="HospitalizationWithObservation" libraryName="Global" xsi:type="FunctionRef">
                  <operand localId="243" locator="127:74-127:97" name="InpatientHospitalization" xsi:type="AliasRef"/>
               </expression>
            </let>
            <relationship localId="267" locator="128:5-131:77" alias="SkinExam" xsi:type="With">
               <expression localId="246" locator="128:10-128:66" xmlns:ns5="urn:healthit-gov:qdm:v5_6" dataType="ns5:PositivePhysicalExamPerformed" templateId="PositivePhysicalExamPerformed" codeProperty="code" codeComparator="~" xsi:type="Retrieve">
                  <codes xsi:type="ToList">
                     <operand locator="128:39-128:65" name="Physical findings of Skin" xsi:type="CodeRef"/>
                  </codes>
               </expression>
               <suchThat localId="266" locator="129:17-131:77" xsi:type="And">
                  <operand localId="261" locator="129:17-130:35" xsi:type="In">
                     <operand locator="129:99-129:104" xsi:type="Start">
                        <operand localId="253" locator="129:17-129:97" name="NormalizeInterval" libraryName="Global" xsi:type="FunctionRef">
                           <operand localId="250" locator="129:46-129:70" path="relevantDatetime" scope="SkinExam" xsi:type="Property"/>
                           <operand localId="252" locator="129:73-129:95" path="relevantPeriod" scope="SkinExam" xsi:type="Property"/>
                        </operand>
                     </operand>
                     <operand localId="260" locator="129:113-130:35" lowClosed="true" highClosed="true" xsi:type="Interval">
                        <low localId="257" locator="129:122-129:162" xsi:type="Add">
                           <operand localId="255" locator="129:122-129:151" xsi:type="Start">
                              <operand localId="254" locator="129:131-129:151" name="hospitalizationPeriod" xsi:type="QueryLetRef"/>
                           </operand>
                           <operand localId="256" locator="129:155-129:162" value="24" unit="hours" xsi:type="Quantity"/>
                        </low>
                        <high localId="259" locator="130:7-130:34" xsi:type="End">
                           <operand localId="258" locator="130:14-130:34" name="hospitalizationPeriod" xsi:type="QueryLetRef"/>
                        </high>
                     </operand>
                  </operand>
                  <operand localId="265" locator="131:13-131:77" xsi:type="InValueSet">
                     <code asType="t:Code" xsi:type="As">
                        <operand localId="263" locator="131:13-131:27" path="result" scope="SkinExam" xsi:type="Property"/>
                     </code>
                     <valueset localId="264" locator="131:32-131:77" name="Pressure Injury Stage 2, 3, 4 or Unstageable" xsi:type="ValueSetRef"/>
                  </operand>
               </suchThat>
            </relationship>
         </expression>
      </def>
      <def localId="272" locator="69:1-71:109" name="Encounter with New Stage 2, 3, 4 or Unstageable Pressure Injury Not POA" context="Patient" accessLevel="Public">
         <annotation xsi:type="a:Annotation">
            <a:s r="272">
               <a:s>define &quot;Encounter with New Stage 2, 3, 4 or Unstageable Pressure Injury Not POA&quot;:
  </a:s>
               <a:s r="271">
                  <a:s r="239">
                     <a:s>&quot;Encounter with New Stage 2, 3, 4 or Unstageable Pressure Injury Not POA by Indicator&quot;</a:s>
                  </a:s>
                  <a:s>
    union </a:s>
                  <a:s r="270">
                     <a:s>&quot;Encounter with New Stage 2, 3, 4 or Unstageable Pressure Injury by Skin Exam after First 24 Hours&quot;</a:s>
                  </a:s>
               </a:s>
            </a:s>
         </annotation>
         <expression localId="271" locator="70:3-71:109" xsi:type="Union">
            <operand localId="239" locator="70:3-70:88" name="Encounter with New Stage 2, 3, 4 or Unstageable Pressure Injury Not POA by Indicator" xsi:type="ExpressionRef"/>
            <operand localId="270" locator="71:11-71:109" name="Encounter with New Stage 2, 3, 4 or Unstageable Pressure Injury by Skin Exam after First 24 Hours" xsi:type="ExpressionRef"/>
         </expression>
      </def>
      <def localId="276" locator="94:1-96:83" name="Numerator" context="Patient" accessLevel="Public">
         <annotation xsi:type="a:Annotation">
            <a:s r="276">
               <a:s>define &quot;Numerator&quot;:
  </a:s>
               <a:s r="275">
                  <a:s r="273">
                     <a:s>&quot;Encounter with New Deep Tissue Pressure Injury Not POA&quot;</a:s>
                  </a:s>
                  <a:s>
    union </a:s>
                  <a:s r="274">
                     <a:s>&quot;Encounter with New Stage 2, 3, 4 or Unstageable Pressure Injury Not POA&quot;</a:s>
                  </a:s>
               </a:s>
            </a:s>
         </annotation>
         <expression localId="275" locator="95:3-96:83" xsi:type="Union">
            <operand localId="273" locator="95:3-95:58" name="Encounter with New Deep Tissue Pressure Injury Not POA" xsi:type="ExpressionRef"/>
            <operand localId="274" locator="96:11-96:83" name="Encounter with New Stage 2, 3, 4 or Unstageable Pressure Injury Not POA" xsi:type="ExpressionRef"/>
         </expression>
      </def>
      <def localId="278" locator="98:1-99:51" name="SDE Ethnicity" context="Patient" accessLevel="Public">
         <annotation xsi:type="a:Annotation">
            <a:s r="278">
               <a:s>define &quot;SDE Ethnicity&quot;:
  </a:s>
               <a:s r="277">
                  <a:s>[&quot;Patient Characteristic Ethnicity&quot;: </a:s>
                  <a:s>
                     <a:s>&quot;Ethnicity&quot;</a:s>
                  </a:s>
                  <a:s>]</a:s>
               </a:s>
            </a:s>
         </annotation>
         <expression localId="277" locator="99:3-99:51" xmlns:ns6="urn:healthit-gov:qdm:v5_6" dataType="ns6:PatientCharacteristicEthnicity" codeProperty="code" codeComparator="in" xsi:type="Retrieve">
            <codes locator="99:40-99:50" name="Ethnicity" xsi:type="ValueSetRef"/>
         </expression>
      </def>
      <def localId="280" locator="101:1-102:43" name="SDE Payer" context="Patient" accessLevel="Public">
         <annotation xsi:type="a:Annotation">
            <a:s r="280">
               <a:s>define &quot;SDE Payer&quot;:
  </a:s>
               <a:s r="279">
                  <a:s>[&quot;Patient Characteristic Payer&quot;: </a:s>
                  <a:s>
                     <a:s>&quot;Payer&quot;</a:s>
                  </a:s>
                  <a:s>]</a:s>
               </a:s>
            </a:s>
         </annotation>
         <expression localId="279" locator="102:3-102:43" xmlns:ns7="urn:healthit-gov:qdm:v5_6" dataType="ns7:PatientCharacteristicPayer" codeProperty="code" codeComparator="in" xsi:type="Retrieve">
            <codes locator="102:36-102:42" name="Payer" xsi:type="ValueSetRef"/>
         </expression>
      </def>
      <def localId="282" locator="104:1-105:41" name="SDE Race" context="Patient" accessLevel="Public">
         <annotation xsi:type="a:Annotation">
            <a:s r="282">
               <a:s>define &quot;SDE Race&quot;:
  </a:s>
               <a:s r="281">
                  <a:s>[&quot;Patient Characteristic Race&quot;: </a:s>
                  <a:s>
                     <a:s>&quot;Race&quot;</a:s>
                  </a:s>
                  <a:s>]</a:s>
               </a:s>
            </a:s>
         </annotation>
         <expression localId="281" locator="105:3-105:41" xmlns:ns8="urn:healthit-gov:qdm:v5_6" dataType="ns8:PatientCharacteristicRace" codeProperty="code" codeComparator="in" xsi:type="Retrieve">
            <codes locator="105:35-105:40" name="Race" xsi:type="ValueSetRef"/>
         </expression>
      </def>
      <def localId="284" locator="107:1-108:58" name="SDE Sex" context="Patient" accessLevel="Public">
         <annotation xsi:type="a:Annotation">
            <a:s r="284">
               <a:s>define &quot;SDE Sex&quot;:
  </a:s>
               <a:s r="283">
                  <a:s>[&quot;Patient Characteristic Sex&quot;: </a:s>
                  <a:s>
                     <a:s>&quot;ONC Administrative Sex&quot;</a:s>
                  </a:s>
                  <a:s>]</a:s>
               </a:s>
            </a:s>
         </annotation>
         <expression localId="283" locator="108:3-108:58" xmlns:ns9="urn:healthit-gov:qdm:v5_6" dataType="ns9:PatientCharacteristicSex" codeProperty="code" codeComparator="in" xsi:type="Retrieve">
            <codes locator="108:34-108:57" name="ONC Administrative Sex" xsi:type="ValueSetRef"/>
         </expression>
      </def>
   </statements>
</library>
