<?xml version="1.0" encoding="UTF-8" standalone="yes"?>
<QualityMeasureDocument xmlns="urn:hl7-org:v3" xmlns:cql-ext="urn:hhs-cql:hqmf-n1-extensions:v1"
                        xmlns:xsi="http://www.w3.org/2001/XMLSchema-instance">

      <!--
            **************************************************************
            Measure Details Section
            **************************************************************
        -->

      <typeId extension="POQM_HD000001UV02" root="2.16.840.1.113883.1.3"/>
   <templateId>
      <item extension="2021-02-01" root="2.16.840.1.113883.10.20.28.1.2"/>
   </templateId>
   <id root="8a6d0438-8f1b-5df7-018f-315079780388"/>
   <code code="57024-2" codeSystem="2.16.840.1.113883.6.1">
      <displayName value="Health Quality Measure Document"/>
   </code>
   <title value="Hospital Harm -  Acute Kidney Injury"/>
   <text
         value="The measure assesses the number of inpatient hospitalizations for patients age 18 and older who have an acute kidney injury (stage 2 or greater) that occurred during the encounter. Acute kidney injury (AKI) stage 2 or greater is defined as a substantial increase in serum creatinine value, or by the initiation of kidney dialysis (continuous renal replacement therapy (CRRT), hemodialysis or peritoneal dialysis)."/>
   <statusCode code="COMPLETED"/>
   <setId root="23ea3b65-bc71-42a6-870e-7a959be80c3f"/>
   <versionNumber value="2.1.000"/>
   <author>
      <responsibleParty classCode="ASSIGNED">
         <representedResponsibleOrganization classCode="ORG" determinerCode="INSTANCE">
            <id>
               <item root="e9606bf4-a69f-11ea-bb37-0242ac130002"/>
            </id>
            <name>
               <item>
                  <part value="American Institutes for Research (AIR)"/>
               </item>
            </name>
         </representedResponsibleOrganization>
      </responsibleParty>
   </author>
   <custodian>
      <responsibleParty classCode="ASSIGNED">
         <representedResponsibleOrganization classCode="ORG" determinerCode="INSTANCE">
            <id>
               <item root="93"/>
            </id>
            <name>
               <item>
                  <part value="Centers for Medicare &amp; Medicaid Services (CMS)"/>
               </item>
            </name>
         </representedResponsibleOrganization>
      </responsibleParty>
   </custodian>
   <!--Encounter Inpatient-->
     	 <definition>
      <valueSet classCode="OBS" moodCode="DEF">
         <id root="2.16.840.1.113883.3.666.5.307"/>
         <title value="Encounter Inpatient"/>
      </valueSet>
   </definition>
   <!--ONC Administrative Sex-->
     	 <definition>
      <valueSet classCode="OBS" moodCode="DEF">
         <id root="2.16.840.1.113762.1.4.1"/>
         <title value="ONC Administrative Sex"/>
      </valueSet>
   </definition>
   <!--Ethnicity-->
     	 <definition>
      <valueSet classCode="OBS" moodCode="DEF">
         <id root="2.16.840.1.114222.4.11.837"/>
         <title value="Ethnicity"/>
      </valueSet>
   </definition>
   <!--Emergency Department Visit-->
     	 <definition>
      <valueSet classCode="OBS" moodCode="DEF">
         <id root="2.16.840.1.113883.3.117.1.7.1.292"/>
         <title value="Emergency Department Visit"/>
      </valueSet>
   </definition>
   <!--Hospital Based Dialysis Services-->
     	 <definition>
      <valueSet classCode="OBS" moodCode="DEF">
         <id root="2.16.840.1.113762.1.4.1248.199"/>
         <title value="Hospital Based Dialysis Services"/>
      </valueSet>
   </definition>
   <!--Observation Services-->
     	 <definition>
      <valueSet classCode="OBS" moodCode="DEF">
         <id root="2.16.840.1.113762.1.4.1111.143"/>
         <title value="Observation Services"/>
      </valueSet>
   </definition>
   <!--Body temperature-->
     	 <definition>
      <valueSet classCode="OBS" moodCode="DEF">
         <id root="2.16.840.1.113762.1.4.1045.152"/>
         <title value="Body temperature"/>
      </valueSet>
   </definition>
   <!--Race-->
     	 <definition>
      <valueSet classCode="OBS" moodCode="DEF">
         <id root="2.16.840.1.114222.4.11.836"/>
         <title value="Race"/>
      </valueSet>
   </definition>
   <!--High Risk Procedures for AKI-->
     	 <definition>
      <valueSet classCode="OBS" moodCode="DEF">
         <id root="2.16.840.1.113762.1.4.1248.19"/>
         <title value="High Risk Procedures for AKI"/>
      </valueSet>
   </definition>
   <!--Payer Type-->
     	 <definition>
      <valueSet classCode="OBS" moodCode="DEF">
         <id root="2.16.840.1.114222.4.11.3591"/>
         <title value="Payer Type"/>
      </valueSet>
   </definition>
   <!--Creatinine Mass Per Volume-->
     	 <definition>
      <valueSet classCode="OBS" moodCode="DEF">
         <id root="2.16.840.1.113762.1.4.1248.21"/>
         <title value="Creatinine Mass Per Volume"/>
      </valueSet>
   </definition>
   <!--High Risk Diagnosis for AKI-->
     	 <definition>
      <valueSet classCode="OBS" moodCode="DEF">
         <id root="2.16.840.1.113762.1.4.1248.12"/>
         <title value="High Risk Diagnosis for AKI"/>
      </valueSet>
   </definition>
   <!--Present on Admission or Clinically Undetermined-->
     	 <definition>
      <valueSet classCode="OBS" moodCode="DEF">
         <id root="2.16.840.1.113762.1.4.1147.197"/>
         <title value="Present on Admission or Clinically Undetermined"/>
      </valueSet>
   </definition>
   <!--Obstetrical or Pregnancy Related Conditions-->
     	 <definition>
      <valueSet classCode="OBS" moodCode="DEF">
         <id root="2.16.840.1.113883.3.117.1.7.1.263"/>
         <title value="Obstetrical or Pregnancy Related Conditions"/>
      </valueSet>
   </definition>
   <!--Systolic blood pressure-CODE:/CodeSystem/LOINC/Version/2.76/Code/8480-6/Info-->
      <definition>
      <cql-ext:code code="8480-6" codeSystem="2.16.840.1.113883.6.1" codeSystemName="LOINC">
         <displayName value="Systolic blood pressure"/>
      </cql-ext:code>
   </definition>
   <!--Heart rate-CODE:/CodeSystem/LOINC/Version/2.76/Code/8867-4/Info-->
      <definition>
      <cql-ext:code code="8867-4" codeSystem="2.16.840.1.113883.6.1" codeSystemName="LOINC">
         <displayName value="Heart rate"/>
      </cql-ext:code>
   </definition>
   <!--Respiratory rate-CODE:/CodeSystem/LOINC/Version/2.76/Code/9279-1/Info-->
      <definition>
      <cql-ext:code code="9279-1" codeSystem="2.16.840.1.113883.6.1" codeSystemName="LOINC">
         <displayName value="Respiratory rate"/>
      </cql-ext:code>
   </definition>
   <!--Female-CODE:/CodeSystem/AdministrativeGender/Version/2023-02/Code/F/Info-->
      <definition>
      <cql-ext:code code="F" codeSystem="2.16.840.1.113883.5.1"
                    codeSystemName="AdministrativeGender">
         <displayName value="Female"/>
      </cql-ext:code>
   </definition>
   <!--Male-CODE:/CodeSystem/AdministrativeGender/Version/2023-02/Code/M/Info-->
      <definition>
      <cql-ext:code code="M" codeSystem="2.16.840.1.113883.5.1"
                    codeSystemName="AdministrativeGender">
         <displayName value="Male"/>
      </cql-ext:code>
   </definition>
   <relatedDocument typeCode="COMP">
      <expressionDocument>
         <id root="5868BED3-266D-4C8D-8641-0786C1F9AF8B"/>
         <text mediaType="text/cql">
            <reference value="https://emeasuretool.cms.gov/libraries/23ea3b65-bc71-42a6-870e-7a959be80c3f/CMS832-v2-1-000-QDM-5-6.cql"/>
            <translation mediaType="application/elm+xml">
               <reference value="https://emeasuretool.cms.gov/libraries/23ea3b65-bc71-42a6-870e-7a959be80c3f/CMS832-v2-1-000-QDM-5-6.xml"/>
            </translation>
            <translation mediaType="application/elm+json">
               <reference value="https://emeasuretool.cms.gov/libraries/23ea3b65-bc71-42a6-870e-7a959be80c3f/CMS832-v2-1-000-QDM-5-6.json"/>
            </translation>
         </text>
         <setId extension="23ea3b65-bc71-42a6-870e-7a959be80c3f"
                identifierName="HospitalHarmAcuteKidneyInjury"
                root="https://emeasuretool.cms.gov/libraries"/>
         <versionNumber value="2.1.000"/>
      </expressionDocument>
   </relatedDocument>
   <relatedDocument typeCode="COMP">
      <expressionDocument>
         <id root="8a6d042a8c5931d0018c6e282a31073d"/>
         <text mediaType="text/cql">
            <reference value="https://emeasuretool.cms.gov/libraries/8bdc0a19-b210-4a58-8a07-f5d95a34eca9/MATGlobalCommonFunctionsQDM-v8-0-000-QDM-5-6.cql"/>
            <translation mediaType="application/elm+xml">
               <reference value="https://emeasuretool.cms.gov/libraries/8bdc0a19-b210-4a58-8a07-f5d95a34eca9/MATGlobalCommonFunctionsQDM-v8-0-000-QDM-5-6.xml"/>
            </translation>
            <translation mediaType="application/elm+json">
               <reference value="https://emeasuretool.cms.gov/libraries/8bdc0a19-b210-4a58-8a07-f5d95a34eca9/MATGlobalCommonFunctionsQDM-v8-0-000-QDM-5-6.json"/>
            </translation>
         </text>
         <setId extension="8bdc0a19-b210-4a58-8a07-f5d95a34eca9"
                identifierName="MATGlobalCommonFunctionsQDM"
                root="https://emeasuretool.cms.gov/libraries"/>
         <versionNumber value="8.0.000"/>
      </expressionDocument>
   </relatedDocument>
   <controlVariable>
      <measurePeriod>
         <id extension="measureperiod" root="3df96abc-b87e-4e35-a54c-751b7b09380d"/>
         <code code="MSRTP" codeSystem="2.16.840.1.113883.5.4">
            <originalText value="Measurement Period"/>
         </code>
         <value xsi:type="PIVL_TS">
            <phase highClosed="true" lowClosed="true">
               <low value="20240101"/>
               <width unit="a" value="1" xsi:type="PQ"/>
            </phase>
            <period unit="a" value="1"/>
         </value>
      </measurePeriod>
   </controlVariable>
   <subjectOf>
      <measureAttribute>
         <code nullFlavor="OTH">
            <originalText value="eCQM Identifier (Measure Authoring Tool)"/>
         </code>
         <value mediaType="text/plain" value="832" xsi:type="ED"/>
      </measureAttribute>
   </subjectOf>
   <subjectOf>
      <measureAttribute>
         <code nullFlavor="OTH">
            <originalText value="CBE Number"/>
         </code>
         <value mediaType="text/plain" value="3713e" xsi:type="ED"/>
      </measureAttribute>
   </subjectOf>
   <subjectOf>
      <measureAttribute>
         <code code="COPY" codeSystem="2.16.840.1.113883.5.4">
            <displayName value="Copyright"/>
         </code>
         <value mediaType="text/plain"
                value="Limited proprietary coding is contained in the Measure specifications for user convenience. Users of proprietary code sets should obtain all necessary licenses from the owners of the code sets. American Institutes for Research(R), formerly IMPAQ International, disclaims all liability for use or accuracy of any third party codes contained in the specifications.&#xA;&#xA;LOINC(R) copyright 2004-2023 Regenstrief Institute, Inc. This material contains SNOMED Clinical Terms(R) (SNOMED CT[R]) copyright 2004-2023 International Health Terminology Standards Development Organisation. ICD-10 copyright 2023 World Health Organization. All Rights Reserved."
                xsi:type="ED"/>
      </measureAttribute>
   </subjectOf>
   <subjectOf>
      <measureAttribute>
         <code code="DISC" codeSystem="2.16.840.1.113883.5.4">
            <displayName value="Disclaimer"/>
         </code>
         <value mediaType="text/plain"
                value="This performance measure is not a clinical guideline and does not establish a standard of medical care, and has not been tested for all potential applications.&#xA;&#xA;THE MEASURES AND SPECIFICATIONS ARE PROVIDED &quot;AS IS&quot; WITHOUT WARRANTY OF ANY KIND. &#xA;&#xA;Due to technical limitations, registered trademarks are indicated by (R) or [R] and unregistered trademarks are indicated by (TM) or [TM]."
                xsi:type="ED"/>
      </measureAttribute>
   </subjectOf>
   <subjectOf>
      <measureAttribute>
         <code code="MSRSCORE" codeSystem="2.16.840.1.113883.5.4">
            <displayName value="Measure Scoring"/>
         </code>
         <value code="PROPOR" codeSystem="2.16.840.1.113883.5.1063" xsi:type="CD">
            <displayName value="Proportion"/>
         </value>
      </measureAttribute>
   </subjectOf>
   <subjectOf>
      <measureAttribute>
         <code code="MSRTYPE" codeSystem="2.16.840.1.113883.5.4">
            <displayName value="Measure Type"/>
         </code>
         <value code="OUTCOME" codeSystem="2.16.840.1.113883.5.1063" xsi:type="CD">
            <displayName value="OUTCOME"/>
         </value>
      </measureAttribute>
   </subjectOf>
   <subjectOf>
      <measureAttribute>
         <code code="STRAT" codeSystem="2.16.840.1.113883.5.4">
            <displayName value="Stratification"/>
         </code>
         <value mediaType="text/plain" value="None" xsi:type="ED"/>
      </measureAttribute>
   </subjectOf>
   <subjectOf>
      <measureAttribute>
         <code code="MSRADJ" codeSystem="2.16.840.1.113883.5.4">
            <displayName value="Risk Adjustment"/>
         </code>
         <value mediaType="text/plain"
                value="Sex and Age.&#xA;&#xA;First vital signs since the encounter start:&#xA;- Heart Rate&#xA;- Respiratory Rate&#xA;- Systolic Blood Pressure&#xA;- Temperature. &#xA;&#xA;The estimated glomerular filtration rate (eGFR) which is calculated using the index serum creatinine, patient sex, and age-based formula.&#xA;&#xA;Patient sex collected for risk adjustment and to calculate the eGFR is determined by the&#xA;AdministrativeGender codes 'F' (female) and 'M' (male). These codes make up the &quot;ONC Administrative&#xA;Sex&quot; value set and are also used to derive the supplemental data element of patient sex for the measure.&#xA;&#xA;All encounter diagnoses along with their present on admission (POA) indicators are being collected for the development of baseline risk adjustment model with initial focus on any encounter diagnoses captured for:&#xA;- Cancer (leukemia, lymphoma, or metastatic cancer)&#xA;- Diabetes&#xA;- Heart failure&#xA;- Hypertension&#xA;- Obesity&#xA;&#xA;Encounter length of stay.&#xA;&#xA;Please see the Hospital Harm - Acute Kidney Injury Risk Adjustment Methodology Report on the eCQM-specific page on the eCQI Resource Center website: https://ecqi.healthit.gov/"
                xsi:type="ED"/>
      </measureAttribute>
   </subjectOf>
   <subjectOf>
      <measureAttribute>
         <code code="MSRAGG" codeSystem="2.16.840.1.113883.5.4">
            <displayName value="Rate Aggregation"/>
         </code>
         <value mediaType="text/plain" value="None" xsi:type="ED"/>
      </measureAttribute>
   </subjectOf>
   <subjectOf>
      <measureAttribute>
         <code code="RAT" codeSystem="2.16.840.1.113883.5.4">
            <displayName value="Rationale"/>
         </code>
         <value mediaType="text/plain"
                value="This measure focuses on stage 2 or greater acute kidney injury as an outcome in the hospital inpatient setting. The incidence of AKI in general hospitalized patients is 10%–20%, and among critically ill patients, the incidence of AKI has been reported as high as 45–50%; in cardiac surgery patients it ranges from 30%-50% (Thongprayoon et al., 2020). Less severe acute kidney injury and acute kidney injury requiring dialysis affect approximately 2,000 to 3,000 and 200 to 300 per million population per year, respectively. Acute kidney injury may result in the need for dialysis, and is associated with an increased risk of mortality (Schwager et al., 2023; Wilson et al., 2013). &#xA;&#xA;While not all instances of acute kidney injury are avoidable and may be due to natural progression of underlying illness or a complication of a necessary treatment such as chemotherapy, a proportion of acute kidney injury cases are preventable and treatable. The Kidney Disease: Improving Global Outcomes (KDIGO) guidelines suggest careful management of hemodynamic status, fluids, and vasoactive medications for the prevention of acute kidney injury (KDIGO, 2012). Several studies identified through systematic literature searches developed or evaluated the effectiveness of acute kidney injury electronic alert systems (Schwager et al., 2023; Selby et al., 2012; Ahmed et al., 2015; Porter et al., 2014; Wilson et al., 2014; Kirkendall et al., 2014; Cho et al., 2012). These studies used data elements for defining acute kidney injury that were already present and populated in the electronic health record (EHR). For acute kidney injury diagnosis, all except two were limited to using serum creatinine levels, suggesting that this is the most reliable and consistently available electronic data element for defining acute kidney injury."
                xsi:type="ED"/>
      </measureAttribute>
   </subjectOf>
   <subjectOf>
      <measureAttribute>
         <code code="CRS" codeSystem="2.16.840.1.113883.5.4">
            <displayName value="Clinical Recommendation Statement"/>
         </code>
         <value mediaType="text/plain"
                value="Serum creatinine is an accepted proxy for acute kidney disease (Ostermann et al., 2020; KDIGO, 2012). It is cited by many guidelines for defining and monitoring acute kidney injury (Lameire et al., 2021; Ostermann et al., 2020; Lopes &amp; Jorge, 2013; KDIGO, 2012). eGFR equations that incorporate creatinine and cystatin C but omit race are more accurate and lead to smaller differences between Black participants and non-Black participants than new equations without race with either creatinine or cystatin C alone (Inker et al., 2021).  As a result, a new race-neutral eGFR equation that that measures serum creatinine or cystatin C incorporate age, sex, and race to estimate measured GFR has been developed and is recommended by the Task Force from the National Kidney Foundation and American Society of Nephrology (Inker et al., 2021; Diao et al., 2021; Delgado et al., 2021; Delgado et al., 2022).  It was recommended by the Task Force to use within the measure a Chronic Kidney Disease Epidemiology Collaboration (CKD-EPI) creatinine equation refit without the race variable. This functionality has been available to all laboratories in the United States (Delgado et al., 2021; Delgado et al., 2022), and has acceptable performance characteristics and potential consequences that do not disproportionately affect any one group of individuals.&#xA;&#xA;The KDIGO offers clinical practice guidelines for preventing and managing acute kidney injury:&#xA;&#xA;FLUIDS&#xA;3.1.1: In the absence of hemorrhagic shock, we suggest using isotonic crystalloids rather than colloids (albumin or starches) as initial management for expansion of intravascular volume in patients at risk for acute kidney injury or with acute kidney injury. (Level 2, grade B)&#xA;&#xA;VASOPRESSORS&#xA;3.1.2: We recommend the use of vasopressors in conjunction with fluids in patients with vasomotor shock with, or at risk for, acute kidney injury. (Level 1, grade C)&#xA;&#xA;PROTOCOLIZED HEMODYNAMIC MANAGEMENT&#xA;3.1.3: We suggest using protocol-based management of hemodynamic and oxygenation parameters to prevent development or worsening of acute kidney injury in high-risk patients in the perioperative setting (2C) or in patients with septic shock. (Level 2, grade C)&#xA;&#xA;In April 2019, KDIGO held a follow-up conference (Ostermann et al., 2020). The effectiveness of the 2012 KDIGO recommendations in preventing AKI was also noted to have been confirmed in small single-center randomized controlled trials (RCTs), such as the Prevention of AKI (PrevAKI) and the Biomarker Guided Intervention for Prevention of AKI (BigpAK) studies (Meersch et al., 2017; Göcze et al., 2018). In addition, results of RCTs have provided new data relevant to several facets of preventing and managing AKI, including early resuscitation, fluid therapy, prevention of contrast-associated AKI, and timing of acute renal replacement therapy (RRT) (Kellum et al., 2016; Nijssen et al., 2017; Self et al., 2018; Zarbock et al, 2016; Gaudry et al., 2016; Barbar et al., 2018)."
                xsi:type="ED"/>
      </measureAttribute>
   </subjectOf>
   <subjectOf>
      <measureAttribute>
         <code code="IDUR" codeSystem="2.16.840.1.113883.5.4">
            <displayName value="Improvement Notation"/>
         </code>
         <value mediaType="text/plain" value="A lower measure score indicates higher quality"
                xsi:type="ED"/>
      </measureAttribute>
   </subjectOf>
   <subjectOf>
      <measureAttribute>
         <code code="REF" codeSystem="2.16.840.1.113883.5.4">
            <displayName value="Reference"/>
         </code>
         <value mediaType="text/plain"
                value="CITATIONAhmed, A., Vairavan, S., Akhoundi, A., Wilson, G., Chiofolo, C., Chbat, N., &amp; Kashani, K. (2015). Development and validation of electronic surveillance tool for acute kidney injury: A retrospective analysis. J Crit Care, 30(5), 988-993. doi: 10.1016/j.jcrc.2015.05.007"
                xsi:type="ED"/>
      </measureAttribute>
   </subjectOf>
   <subjectOf>
      <measureAttribute>
         <code code="REF" codeSystem="2.16.840.1.113883.5.4">
            <displayName value="Reference"/>
         </code>
         <value mediaType="text/plain"
                value="CITATIONBarbar, S.D., Clere-Jehl, R., Bourredjem, A., Hernu, R., Montin,i F., Bruyère, R., Lebert, C., Bohé, J., Badie, J., Erald,i J.P., Rigaud, J.P., Levy, B., Siam,i S., Louis, G., Bouadma, L., Constantin, J.M., Mercier, E., Klouche, K., du Cheyron, D., ... Quenot, J.P. (2018). IDEAL-ICU Trial Investigators and the CRICS TRIGGERSEP Network. Timing of renal-replacement therapy in patients with acute kidney injury and sepsis. N Engl J Med. 2018 Oct 11;379(15):1431-1442. doi: 10.1056/NEJMoa1803213. PMID: 30304656"
                xsi:type="ED"/>
      </measureAttribute>
   </subjectOf>
   <subjectOf>
      <measureAttribute>
         <code code="REF" codeSystem="2.16.840.1.113883.5.4">
            <displayName value="Reference"/>
         </code>
         <value mediaType="text/plain"
                value="CITATIONCho, A., Lee, J.E., Yoon, J.Y., Jang, H.R., Huh, W., Kim, Y.G., &amp; Oh, H.Y. (2012). Effect of an electronic alert on risk of contrast-induced acute kidney injury in hospitalized patients undergoing computed tomography. American Journal of Kidney Diseases, 60(1), 74-81. doi: 10.1053/j.ajkd.2012.02.331. Epub 2012 Apr 11. PMID: 22497793"
                xsi:type="ED"/>
      </measureAttribute>
   </subjectOf>
   <subjectOf>
      <measureAttribute>
         <code code="REF" codeSystem="2.16.840.1.113883.5.4">
            <displayName value="Reference"/>
         </code>
         <value mediaType="text/plain"
                value="CITATIONDelgado, C., Baweja, M., Crews, D.C., Eneanya, N.D., Gadegbeku, C.A., Inker, L.A., Mendu, M L., Miller, W.G., Moxey-Mims, M.M., Roberts, G.V., St Peter, W.L., Warfield, C., &amp; Powe, N.R. (2021). A unifying approach for GFR estimation: Recommendations of the NKF-ASN task force on reassessing the inclusion of race in diagnosing kidney disease. Journal of the American Society of Nephrology: JASN, 32(12), 2994–3015. doi: 10.1681/ASN.2021070988. Epub 2021 Dec 1. PMID: 34556489; PMCID: PMC8638402"
                xsi:type="ED"/>
      </measureAttribute>
   </subjectOf>
   <subjectOf>
      <measureAttribute>
         <code code="REF" codeSystem="2.16.840.1.113883.5.4">
            <displayName value="Reference"/>
         </code>
         <value mediaType="text/plain"
                value="CITATIONDelgado, C., Baweja, M., Crews, D.C., Eneanya, N.D., Gadegbeku, C.A., Inker, L.A., Mendu, M.L., Miller, W.G., Moxey-Mims, M.M., Roberts, G.V., St Peter, W.L., Warfield, C., &amp; Powe, N.R. (2022). A unifying approach for GFR estimation: Recommendations of the NKF-ASN task force on reassessing the inclusion of race in diagnosing kidney disease. American journal of kidney diseases: The official journal of the National Kidney Foundation, 79(2), 268–288.e1. doi: 10.1053/j.ajkd.2021.08.003. Epub 2021 Sep 23. PMID: 34563581"
                xsi:type="ED"/>
      </measureAttribute>
   </subjectOf>
   <subjectOf>
      <measureAttribute>
         <code code="REF" codeSystem="2.16.840.1.113883.5.4">
            <displayName value="Reference"/>
         </code>
         <value mediaType="text/plain"
                value="CITATIONDiao, J.A., Inker, L.A., Levey, A.S., Tighiouart, H., Powe, N.R., &amp; Manrai, A.K. (2021). In search of a better equation - Performance and equity in estimates of kidney function. N Engl J Med. 2021 Feb 4;384(5):396-399. doi: 10.1056/NEJMp2028243. Epub 2021 Jan 6. PMID: 33406354; PMCID: PMC8084706"
                xsi:type="ED"/>
      </measureAttribute>
   </subjectOf>
   <subjectOf>
      <measureAttribute>
         <code code="REF" codeSystem="2.16.840.1.113883.5.4">
            <displayName value="Reference"/>
         </code>
         <value mediaType="text/plain"
                value="CITATIONGaudry, S., Hajage, D., Schortgen, F., Martin-Lefevre, L., Pons, B., Boulet, E., Boyer, A., Chevrel, G., Lerolle, N., Carpentier, D., de Prost, N., Lautrette, A., Bretagnol, A., Mayaux, J., Nseir, S., Megarbane, B., Thirion, M., Forel, J.M., Maize,l J., ... Dreyfuss, D. (2016). Initiation strategies for renal-replacement therapy in the intensive care unit. N Engl J Med. 2016 Jul 14;375(2):122-33. doi: 10.1056/NEJMoa1603017. Epub 2016 May 15. PMID: 27181456"
                xsi:type="ED"/>
      </measureAttribute>
   </subjectOf>
   <subjectOf>
      <measureAttribute>
         <code code="REF" codeSystem="2.16.840.1.113883.5.4">
            <displayName value="Reference"/>
         </code>
         <value mediaType="text/plain"
                value="CITATIONGöcze, I., Jauch, D., Götz, M., Kennedy, P., Jung, B., Zeman, F., Gnewuch, C., Graf, B. M., Gnann, W., Banas, B., Bein, T., Schlitt, H. J., &amp; Bergler, T. (2018). Biomarker-guided Intervention to Prevent Acute Kidney Injury After Major Surgery: The Prospective Randomized BigpAK Study. Annals of surgery, 267(6), 1013–1020. doi: 10.1097/SLA.0000000000002485. PMID: 28857811"
                xsi:type="ED"/>
      </measureAttribute>
   </subjectOf>
   <subjectOf>
      <measureAttribute>
         <code code="REF" codeSystem="2.16.840.1.113883.5.4">
            <displayName value="Reference"/>
         </code>
         <value mediaType="text/plain"
                value="CITATIONInker, L.A., Eneanya, N.D., Coresh, J., Tighiouart, H., Wang, D., Sang, Y., Crews, D.C., Doria, A., Estrella, M.M., Froissart, M., Grams, M.E., Greene, T., Grubb, A., Gudnason, V., Gutiérrez, O.M., Kalil, R., Karger, A.B., Mauer, M., Navis, G., ... Levey, A.S.(2021). Chronic Kidney Disease Epidemiology Collaboration. New creatinine- and cystatin c-based equations to estimate GFR without race. N Engl J Med. 2021 Nov 4;385(19):1737-1749. doi: 10.1056/NEJMoa2102953. Epub 2021 Sep 23. PMID: 34554658; PMCID: PMC8822996"
                xsi:type="ED"/>
      </measureAttribute>
   </subjectOf>
   <subjectOf>
      <measureAttribute>
         <code code="REF" codeSystem="2.16.840.1.113883.5.4">
            <displayName value="Reference"/>
         </code>
         <value mediaType="text/plain"
                value="CITATIONKellum, J.A., Chawla, L.S., Keener, C., Singbartl, K., Palevsky, P.M., Pike, F.L., Yealy, D.M., Huang, D.T., Angus, D.C., &amp; ProCESS and ProGReSS-AKI Investigators. (2016). The effects of alternative resuscitation strategies on acute kidney injury in patients with septic shock. American journal of respiratory and critical care medicine, 193(3), 281–287. doi: 10.1164/rccm.201505-0995OC. PMID: 26398704; PMCID: PMC4803059"
                xsi:type="ED"/>
      </measureAttribute>
   </subjectOf>
   <subjectOf>
      <measureAttribute>
         <code code="REF" codeSystem="2.16.840.1.113883.5.4">
            <displayName value="Reference"/>
         </code>
         <value mediaType="text/plain"
                value="CITATIONKidney Disease: Improving Global Outcomes (KDIGO). (2012). KDIGO 2012 Clinical practice guideline for acute kidney injury. Kidney International, Suppl. 2, 1–141. doi:10.1038/kisup.2012.2"
                xsi:type="ED"/>
      </measureAttribute>
   </subjectOf>
   <subjectOf>
      <measureAttribute>
         <code code="REF" codeSystem="2.16.840.1.113883.5.4">
            <displayName value="Reference"/>
         </code>
         <value mediaType="text/plain"
                value="CITATIONKirkendall, E.S., Spires, W.L., Mottes, T.A., Schaffzin, J.K., Barclay, C., &amp; Goldstein, S.L. (2014). Development and performance of electronic acute kidney injury triggers to identify pediatric patients at risk for nephrotoxic medication-associated harm. Applied Clinical Informatics, 5(2), 313-333. doi: 10.4338/ACI-2013-12-RA-0102. PMID: 25024752; PMCID: PMC4081739"
                xsi:type="ED"/>
      </measureAttribute>
   </subjectOf>
   <subjectOf>
      <measureAttribute>
         <code code="REF" codeSystem="2.16.840.1.113883.5.4">
            <displayName value="Reference"/>
         </code>
         <value mediaType="text/plain"
                value="CITATIONLameire, N.H., Levin, A., Kellum, J.A., Cheung, M., Jadoul, M., Winkelmayer, W.C., Stevens, P.E., &amp; Conference Participants. (2021). Harmonizing acute and chronic kidney disease definition and classification: report of a Kidney Disease: Improving Global Outcomes (KDIGO) Consensus Conference. Kidney International, 100(3), 516–526. https://doi.org/10.1016/j.kint.2021.06.028"
                xsi:type="ED"/>
      </measureAttribute>
   </subjectOf>
   <subjectOf>
      <measureAttribute>
         <code code="REF" codeSystem="2.16.840.1.113883.5.4">
            <displayName value="Reference"/>
         </code>
         <value mediaType="text/plain"
                value="CITATIONLopes, J. A., &amp; Jorge, S. (2013). The RIFLE and AKIN classifications for acute kidney injury: A critical and comprehensive review. Clinical Kidney Journal, 6(1), 8-14. doi: 10.1093/ckj/sfs160. Epub 2012 Jan 1. PMID: 27818745; PMCID: PMC5094385"
                xsi:type="ED"/>
      </measureAttribute>
   </subjectOf>
   <subjectOf>
      <measureAttribute>
         <code code="REF" codeSystem="2.16.840.1.113883.5.4">
            <displayName value="Reference"/>
         </code>
         <value mediaType="text/plain"
                value="CITATIONMeersch, M., Schmidt, C., Hoffmeier, A., Van Aken, H., Wempe, C., Gerss, J., &amp; Zarbock, A. (2017). Prevention of cardiac surgery-associated AKI by implementing the KDIGO guidelines in high risk patients identified by biomarkers: the PrevAKI randomized controlled trial. Intensive care medicine, 43(11), 1551–1561. doi: 10.1007/s00134-016-4670-3. Epub 2017 Jan 21. Erratum in: Intensive Care Med. 2017 Mar 7;: PMID: 28110412; PMCID: PMC5633630"
                xsi:type="ED"/>
      </measureAttribute>
   </subjectOf>
   <subjectOf>
      <measureAttribute>
         <code code="REF" codeSystem="2.16.840.1.113883.5.4">
            <displayName value="Reference"/>
         </code>
         <value mediaType="text/plain"
                value="CITATIONNijssen, E.C., Rennenberg, R J., Nelemans, P.J., Essers, B.A., Janssen, M.M., Vermeeren, M.A., Ommen, V.V., &amp; Wildberger, J.E. (2017). Prophylactic hydration to protect renal function from intravascular iodinated contrast material in patients at high risk of contrast-induced nephropathy (AMACING): a prospective, randomised, phase 3, controlled, open-label, non-inferiority trial. Lancet (London, England), 389(10076), 1312–1322. doi: 10.1016/S0140-6736(17)30057-0. Epub 2017 Feb 21. PMID: 28233565"
                xsi:type="ED"/>
      </measureAttribute>
   </subjectOf>
   <subjectOf>
      <measureAttribute>
         <code code="REF" codeSystem="2.16.840.1.113883.5.4">
            <displayName value="Reference"/>
         </code>
         <value mediaType="text/plain"
                value="CITATIONOstermann, M., Bellomo, R., Burdmann, E.A., Doi, K., Endre, Z.H., Goldstein, S.L., Kane-Gill, S.L., Liu, K.D., Prowle, J.R., Shaw, A.D., Srisawat, N., Cheung, M., Jadoul, M., Winkelmayer, W.C., Kellum, J.A., &amp; Conference Participants. (2020). Controversies in acute kidney injury: conclusions from a Kidney Disease: Improving Global Outcomes (KDIGO) Conference. Kidney international, 98(2), 294–309. doi: 10.1016/j.kint.2020.04.020. Epub 2020 Apr 26. PMID: 32709292; PMCID: PMC8481001"
                xsi:type="ED"/>
      </measureAttribute>
   </subjectOf>
   <subjectOf>
      <measureAttribute>
         <code code="REF" codeSystem="2.16.840.1.113883.5.4">
            <displayName value="Reference"/>
         </code>
         <value mediaType="text/plain"
                value="CITATIONPorter, C.J., Juurlink, I., Bisset, L.H., Bavakunji, R., Mehta, R.L., &amp; Devonald, M.A. (2014). A real-time electronic alert to improve detection of acute kidney injury in a large teaching hospital. Nephrol Dial Transplant, 29(10), 1888-1893. doi: 10.1093/ndt/gfu082"
                xsi:type="ED"/>
      </measureAttribute>
   </subjectOf>
   <subjectOf>
      <measureAttribute>
         <code code="REF" codeSystem="2.16.840.1.113883.5.4">
            <displayName value="Reference"/>
         </code>
         <value mediaType="text/plain"
                value="CITATIONSchwager, E., Ghosh, E., Eshelman, L., Pasupathy, K.S., Barreto, E.F., &amp; Kashani, K. (2023). Accurate and interpretable prediction of ICU-acquired AKI. Journal of critical care, 75, 154278. https://doi.org/10.1016/j.jcrc.2023.154278"
                xsi:type="ED"/>
      </measureAttribute>
   </subjectOf>
   <subjectOf>
      <measureAttribute>
         <code code="REF" codeSystem="2.16.840.1.113883.5.4">
            <displayName value="Reference"/>
         </code>
         <value mediaType="text/plain"
                value="CITATIONSelby, N.M., Crowley, L., Fluck, R.J., McIntyre, C.W., Monaghan, J., Lawson, N., &amp; Kolhe, N.V. (2012). Use of electronic results reporting to diagnose and monitor AKI in hospitalized patients. Clinical Journal of The American Society of Nephrology: CJASN, 7(4), 533-540. doi: 10.2215/CJN.08970911. Epub 2012 Feb 23. PMID: 22362062"
                xsi:type="ED"/>
      </measureAttribute>
   </subjectOf>
   <subjectOf>
      <measureAttribute>
         <code code="REF" codeSystem="2.16.840.1.113883.5.4">
            <displayName value="Reference"/>
         </code>
         <value mediaType="text/plain"
                value="CITATIONSelf, W.H., Semler, M.W., Wanderer, J.P., Wang, L., Byrne, D.W., Collins, S.P., Slovis, C.M., Lindsell, C.J., Ehrenfeld, J.M., Siew, E.D., Shaw, A.D., Bernard, G.R., Rice, T.W., &amp; SALT-ED Investigators. (2018). Balanced crystalloids versus saline in noncritically ill adults. The New England journal of medicine, 378(9), 819–828. doi: 10.1056/NEJMoa1711586. Epub 2018 Feb 27. PMID: 29485926; PMCID: PMC5846618"
                xsi:type="ED"/>
      </measureAttribute>
   </subjectOf>
   <subjectOf>
      <measureAttribute>
         <code code="REF" codeSystem="2.16.840.1.113883.5.4">
            <displayName value="Reference"/>
         </code>
         <value mediaType="text/plain"
                value="CITATIONThongprayoon, C., Hansrivijit, P., Kovvuru, K., Kanduri, S.R., Torres-Ortiz, A., Acharya, P., Gonzalez-Suarez, M.L., Kaewput, W., Bathini, T., &amp; Cheungpasitporn, W. (2020). Diagnostics, risk factors, treatment and outcomes of acute kidney injury in a new paradigm. Journal of clinical medicine, 9(4), 1104. https://doi.org/10.3390/jcm9041104"
                xsi:type="ED"/>
      </measureAttribute>
   </subjectOf>
   <subjectOf>
      <measureAttribute>
         <code code="REF" codeSystem="2.16.840.1.113883.5.4">
            <displayName value="Reference"/>
         </code>
         <value mediaType="text/plain"
                value="CITATIONWilson, F. P., Yang, W., &amp; Feldman, H.I. (2013). Predictors of death and dialysis in severe AKI: The UPHS-AKI cohort. Clinical Journal of the American Society of Nephrology, 8(4), 527-537. doi: 10.2215/cjn.06450612"
                xsi:type="ED"/>
      </measureAttribute>
   </subjectOf>
   <subjectOf>
      <measureAttribute>
         <code code="REF" codeSystem="2.16.840.1.113883.5.4">
            <displayName value="Reference"/>
         </code>
         <value mediaType="text/plain"
                value="CITATIONWilson, F.P., Reese, P.P., Shashaty, M.G., Ellenberg, S.S., Gitelman, Y., Bansal, A.D., &amp; Fuchs, B. (2014). A trial of in-hospital, electronic alerts for acute kidney injury: Design and rationale. Clinical Trials, 11(5), 521-529. doi: 10.1177/1740774514542619. Epub 2014 Jul 14. PMID: 25023200; PMCID: PMC4156885"
                xsi:type="ED"/>
      </measureAttribute>
   </subjectOf>
   <subjectOf>
      <measureAttribute>
         <code code="REF" codeSystem="2.16.840.1.113883.5.4">
            <displayName value="Reference"/>
         </code>
         <value mediaType="text/plain"
                value="CITATIONZarbock, A., Kellum, J.A., Schmidt, C., Van Aken, H., Wempe, C., Pavenstädt, H., Boanta, A., Gerß, J., &amp; Meersch, M. (2016). Effect of early vs delayed initiation of renal replacement therapy on mortality in critically ill patients with acute kidney injury: The ELAIN Randomized Clinical Trial. JAMA, 315(20), 2190–2199. doi: 10.1001/jama.2016.5828. PMID: 27209269"
                xsi:type="ED"/>
      </measureAttribute>
   </subjectOf>
   <subjectOf>
      <measureAttribute>
         <code code="DEF" codeSystem="2.16.840.1.113883.5.4">
            <displayName value="Definition"/>
         </code>
         <value mediaType="text/plain"
                value="Inpatient hospitalizations: Includes time in the emergency department and observation when the transition between these encounters (if they exist) and the inpatient encounter are within an hour or less of each other.&#xA;&#xA;The numerator harm, AKI (stage 2 or greater), is defined as a substantial increase in serum creatinine value during the encounter, as evidenced by a subsequent increase in value at least 2 times higher than the lowest serum creatinine value, and the increased value is greater than the highest sex-specific normal value for serum creatinine. The following steps are performed to determine if this criterion for AKI is met:&#xA;- To identify AKI, evaluate if any serum creatinine value obtained between 48 hours after the start of the encounter and either 30 days after the start of the encounter or discharge, whichever is sooner, is at least 1.5 times higher than the lowest value obtained within the prior 7 days. If yes, then:&#xA;- Evaluate if the increased serum creatinine is greater than the highest sex-specific normal value for serum creatinine. If yes, then:&#xA;- To stage AKI, evaluate if any serum creatinine value obtained between 48 hours after the start of the encounter and either 30 days after the start of the encounter or discharge, whichever is sooner, is at least 2 times higher than the lowest prior value (at any prior time) during that encounter. If yes, then:&#xA;- Evaluate if the increased serum creatinine value is greater than the highest sex-specific normal value for serum creatinine. If yes, then a harm (AKI stage 2 or greater) has been identified.&#xA;&#xA;The highest normal serum creatinine value for females is defined as 1.02 mg/dL.&#xA;The highest normal serum creatinine value for males is defined as 1.18 mg/dL.&#xA;&#xA;The eGFR values are calculated using the CKD-EPI Creatinine Equation, recommended by the National Kidney Foundation (Delgado et al., 2022). This is a sex-specific, race-neutral formula.&#xA;&#xA;The CKD-EPI Creatinine Equation used for females: 142 x [min((Serum Creatinine)/0.7,1)] raised to the power of (-0.241) x max [((Serum Creatinine)/0.7,1) raised to the power of (-1.200)] x [0.9938] raised to the power of Age x 1.012.&#xA;&#xA;The CKD-EPI Creatinine Equation used for males: 142 x [min((Serum Creatinine)/0.9,1)] raised to the power of (-0.302) x max [((Serum Creatinine)/0.9,1) raised to the power of (-1.200)] x [0.9938] raised to the power of Age.&#xA;&#xA;The &quot;index&quot; serum creatinine is defined as the lowest serum creatinine value within the first 24 hours of encounter start. If there are no serum creatinine values within the first 24 hours, then the index is the first serum creatinine value within the first 48 hours of the encounter start. This serum creatinine value is used to identify and exclude patients with AKI at the start of the encounter.&#xA;&#xA;The &quot;index&quot; eGFR is calculated using the &quot;index&quot; serum creatinine, patient sex, and patient age based on the CKD-EPI Creatinine Equation.&#xA;&#xA;&quot;Initiation&quot; of kidney dialysis (CRRT, hemodialysis and peritoneal) during hospitalization is defined as documentation that kidney dialysis (CRRT, hemodialysis or peritoneal) was started during the encounter.&#xA;&#xA;In addition to clinical electronic health record data, this measure uses Present on Admission (POA) indicators (e.g., POA = U) as found in billing/claims system within the measure criteria.&#xA;&#xA;The POA Indicator is intended to differentiate conditions present at the time of admission from those conditions that develop during the inpatient admission.&#xA;- A POA Indicator of Y = yes (Diagnosis was present at time of inpatient admission)&#xA;- A POA Indicator of N = no (Diagnosis was not present at time of inpatient admission)&#xA;- A POA Indicator of W = clinically undetermined&#xA;- A POA Indicator of U = documentation insufficient to determine if the condition was present at the time of inpatient admission&#xA;&#xA;Per CMS and the Agency for Healthcare Research and Quality (AHRQ) convention, POA indicators of Y and W are accepted indicators of a diagnosis present on admission. POA indicators of N and U are accepted indicators of a diagnosis that is not present on admission."
                xsi:type="ED"/>
      </measureAttribute>
   </subjectOf>
   <subjectOf>
      <measureAttribute>
         <code code="GUIDE" codeSystem="2.16.840.1.113883.5.4">
            <displayName value="Guidance"/>
         </code>
         <value mediaType="text/plain"
                value="A patient characteristic of male or female sex is required as part of the initial population criteria, as sex is crucial to this measure. For example:&#xA;- The eGFR estimating equation that is used to identify AKI is sex-specific; and&#xA;- The reference ranges for the serum creatinine value are sex-specific, which matters because the serum creatinine must rise to a sex-specific abnormal value to be flagged as AKI.&#xA;&#xA;Exclude encounters that do not have at least two serum creatine values within 48 hours of arrival. Two values are needed within this timeframe to determine if the patient has AKI or moderate-to-severe renal dysfunction on arrival.&#xA;&#xA;For encounters that show no patients with identified harm of 2.0 increase in serum creatinine, query for initiation of renal dialysis during hospitalization, defined by the start of dialysis occurring during the encounter.&#xA;- If dialysis starts more than 48 hours after the start of the encounter, this meets numerator criteria.&#xA;- If dialysis starts 48 hours or less after the start of the encounter, this meets denominator exclusion criteria.&#xA;&#xA;Encounters for patients with an increase in serum creatinine value of at least 0.3 mg/dL between the index serum creatinine and any subsequent serum creatinine taken within 48 hours of the encounter start are excluded. Due to the variability of decimal precision within programming languages and calculation tools, the value of &gt;=0.3 is expressed in the logic as &gt;0.299.&#xA;&#xA;Note the measure is currently confined to using mg/dL as the unit of measurement for creatinine and mL/min as the unit of measurement for eGFR results.&#xA;&#xA;When reporting the first body temperature for risk adjustment, values from either Celsius or Fahrenheit readings are acceptable to report but Celsius readings are preferred. Celsius readings conform to the Fast Healthcare Interoperability Resources (FHIR) standard which will assist with future FHIR implementations.&#xA;&#xA;This eCQM is an episode-based measure. An episode is defined as each inpatient hospitalization or encounter that ends during the measurement period.&#xA;&#xA;This version of the eCQM uses QDM version 5.6. Please refer to the eCQI resource center (https://ecqi.healthit.gov/qdm) for more information on the QDM."
                xsi:type="ED"/>
      </measureAttribute>
   </subjectOf>
   <subjectOf>
      <measureAttribute>
         <code code="TRANF" codeSystem="2.16.840.1.113883.5.4">
            <displayName value="Transmission Format"/>
         </code>
         <value mediaType="text/plain" value="TBD" xsi:type="ED"/>
      </measureAttribute>
   </subjectOf>
   <subjectOf>
      <measureAttribute>
         <code code="IPOP" codeSystem="2.16.840.1.113883.5.4">
            <displayName value="Initial Population"/>
         </code>
         <value mediaType="text/plain"
                value="Inpatient hospitalizations that end during the measurement period for patients 18 years of age or older without an obstetrical or pregnancy related condition, with a length of stay of 48 hours or longer, and who had at least one serum creatinine value after 48 hours from the start of the hospitalization"
                xsi:type="ED"/>
      </measureAttribute>
   </subjectOf>
   <subjectOf>
      <measureAttribute>
         <code code="DENOM" codeSystem="2.16.840.1.113883.5.4">
            <displayName value="Denominator"/>
         </code>
         <value mediaType="text/plain" value="Equals Initial Population" xsi:type="ED"/>
      </measureAttribute>
   </subjectOf>
   <subjectOf>
      <measureAttribute>
         <code code="DENEX" codeSystem="2.16.840.1.113883.5.4">
            <displayName value="Denominator Exclusions"/>
         </code>
         <value mediaType="text/plain"
                value="Inpatient hospitalizations for patients with an increase in serum creatinine value of at least 0.3 mg/dL&#xA;between the index serum creatinine and a subsequent serum creatinine taken within 48 hours of the encounter start.&#xA;&#xA;Inpatient hospitalizations for patients with the index eGFR value of &lt;60 mL/min within 48 hours of the encounter start.&#xA;&#xA;Inpatient hospitalizations for patients who have less than two serum creatinine results within the first 48 hours of the encounter start.&#xA;&#xA;Inpatient hospitalizations for patients who have kidney dialysis (CRRT, hemodialysis or peritoneal dialysis) initiated 48 hours or less after the encounter start, and who do not have evidence of a 2 times increase in serum creatinine.&#xA;&#xA;Inpatient hospitalizations for patients with at least one specified diagnosis present on admission during the encounter that puts them at extremely high risk for AKI:&#xA;- Hemolytic Uremic Syndrome (HUS)&#xA;- Large Body Surface Area (BSA) Burns&#xA;- Traumatic Avulsion of Kidney&#xA;- Rapidly Progressive Nephritic Syndrome&#xA;- Thrombotic Thrombocytopenic Purpura&#xA;- Out of Hospital Cardiac Arrest (OHCA)&#xA;&#xA;Inpatient hospitalizations for patients who have at least one specified procedure that starts during the encounter that puts them at extremely high risk for AKI:&#xA;- Extracorporeal membrane oxygenation (ECMO)&#xA;- Intra-Aortic Balloon Pump&#xA;- Resuscitative Endovascular Balloon Occlusion of the Aorta (REBOA)&#xA;- Nephrectomy"
                xsi:type="ED"/>
      </measureAttribute>
   </subjectOf>
   <subjectOf>
      <measureAttribute>
         <code code="NUMER" codeSystem="2.16.840.1.113883.5.4">
            <displayName value="Numerator"/>
         </code>
         <value mediaType="text/plain"
                value="Inpatient hospitalizations for patients who develop AKI (stage 2 or greater) during the encounter, as evidenced by:&#xA;&#xA;A subsequent increase in serum creatinine value at least 2 times higher than the lowest serum creatinine value, and the increased value is greater than the highest sex-specific normal value for serum creatinine.&#xA;&#xA;Or:&#xA;&#xA;Kidney dialysis (CRRT, hemodialysis or peritoneal dialysis) initiated more than 48 hours after the start of the encounter. Evidence of a 2 times increase in serum creatinine is not required.&#xA;&#xA;Only one harm is counted per encounter."
                xsi:type="ED"/>
      </measureAttribute>
   </subjectOf>
   <subjectOf>
      <measureAttribute>
         <code code="NUMEX" codeSystem="2.16.840.1.113883.5.4">
            <displayName value="Numerator Exclusions"/>
         </code>
         <value mediaType="text/plain" value="Not Applicable" xsi:type="ED"/>
      </measureAttribute>
   </subjectOf>
   <subjectOf>
      <measureAttribute>
         <code code="DENEXCEP" codeSystem="2.16.840.1.113883.5.4">
            <displayName value="Denominator Exceptions"/>
         </code>
         <value mediaType="text/plain" value="None" xsi:type="ED"/>
      </measureAttribute>
   </subjectOf>
   <subjectOf>
      <measureAttribute>
         <code code="SDE" codeSystem="2.16.840.1.113883.5.4">
            <displayName value="Supplemental Data Elements"/>
         </code>
         <value mediaType="text/plain"
                value="For every patient evaluated by this measure also identify payer, race, ethnicity and sex"
                xsi:type="ED"/>
      </measureAttribute>
   </subjectOf>
   <componentOf>
      <qualityMeasureSet classCode="ACT">
         <id root="23ea3b65-bc71-42a6-870e-7a959be80c3f"/>
         <title value=""/>
      </qualityMeasureSet>
   </componentOf>
   <!--Data Criteria Section-->
   <component>
      <dataCriteriaSection>
         <templateId>
            <item extension="2021-02-01" root="2.16.840.1.113883.10.20.28.2.6"/>
         </templateId>
         <code code="57025-9" codeSystem="2.16.840.1.113883.6.1"/>
         <title value="Data Criteria Section"/>
         <text/>
         <entry typeCode="DRIV">
            <localVariableName value="EncounterInpatient_EncounterPerformed_GAI0l"/>
            <encounterCriteria classCode="ENC" moodCode="EVN">
               <templateId>
                  <item extension="2021-02-01" root="2.16.840.1.113883.10.20.28.4.5"/>
               </templateId>
               <id extension="EncounterInpatient_EncounterPerformed"
                   root="b2b34b95-a9ec-4c03-8e6b-4b8633b37b44"/>
               <code valueSet="2.16.840.1.113883.3.666.5.307"/>
               <title value="Encounter, Performed"/>
               <statusCode code="COMPLETED"/>
            </encounterCriteria>
         </entry>
         <entry typeCode="DRIV">
            <localVariableName value="ONCAdministrativeSex_PatientCharacteristicSex_CBO3u"/>
            <observationCriteria classCode="OBS" moodCode="EVN">
               <templateId>
                  <item extension="2017-05-01" root="2.16.840.1.113883.10.20.28.4.55"/>
               </templateId>
               <id extension="ONCAdministrativeSex_PatientCharacteristicSex"
                   root="b063a06f-bec6-4139-ac99-77274acf7e3d"/>
               <code code="263495000" codeSystem="2.16.840.1.113883.6.96" codeSystemName="SNOMED CT">
                  <displayName value="Gender"/>
               </code>
               <title value="Patient Characteristic Sex"/>
               <statusCode code="COMPLETED"/>
               <value valueSet="2.16.840.1.113762.1.4.1" xsi:type="CD"/>
            </observationCriteria>
         </entry>
         <entry typeCode="DRIV">
            <localVariableName value="Ethnicity_PatientCharacteristicEthnicity_5NFgS"/>
            <observationCriteria classCode="OBS" moodCode="EVN">
               <templateId>
                  <item extension="2017-05-01" root="2.16.840.1.113883.10.20.28.4.56"/>
               </templateId>
               <id extension="Ethnicity_PatientCharacteristicEthnicity"
                   root="cb983a71-b669-4e00-b584-b1777f479e8c"/>
               <code code="54133-4" codeSystem="2.16.840.1.113883.6.1" codeSystemName="LOINC">
                  <displayName value="Ethnicity"/>
               </code>
               <title value="Patient Characteristic Ethnicity"/>
               <statusCode code="COMPLETED"/>
               <value valueSet="2.16.840.1.114222.4.11.837" xsi:type="CD"/>
            </observationCriteria>
         </entry>
         <entry typeCode="DRIV">
            <localVariableName value="EmergencyDepartmentVisit_EncounterPerformed_XN9eX"/>
            <encounterCriteria classCode="ENC" moodCode="EVN">
               <templateId>
                  <item extension="2021-02-01" root="2.16.840.1.113883.10.20.28.4.5"/>
               </templateId>
               <id extension="EmergencyDepartmentVisit_EncounterPerformed"
                   root="943fd468-a486-47eb-bcef-69bbc31a73a0"/>
               <code valueSet="2.16.840.1.113883.3.117.1.7.1.292"/>
               <title value="Encounter, Performed"/>
               <statusCode code="COMPLETED"/>
            </encounterCriteria>
         </entry>
         <entry typeCode="DRIV">
            <localVariableName value="HospitalBasedDialysisServices_ProcedurePerformed_wdgVu"/>
            <procedureCriteria classCode="PROC" moodCode="EVN">
               <templateId>
                  <item extension="2021-02-01" root="2.16.840.1.113883.10.20.28.4.67"/>
               </templateId>
               <id extension="HospitalBasedDialysisServices_ProcedurePerformed"
                   root="6cedab01-7cc1-407a-98e7-c26b3fa2da55"/>
               <code valueSet="2.16.840.1.113762.1.4.1248.199"/>
               <title value="Procedure, Performed"/>
               <statusCode code="COMPLETED"/>
            </procedureCriteria>
         </entry>
         <entry typeCode="DRIV">
            <localVariableName value="ObservationServices_EncounterPerformed_PcaTa"/>
            <encounterCriteria classCode="ENC" moodCode="EVN">
               <templateId>
                  <item extension="2021-02-01" root="2.16.840.1.113883.10.20.28.4.5"/>
               </templateId>
               <id extension="ObservationServices_EncounterPerformed"
                   root="215b8958-753d-4e97-88e4-80e69c50bd14"/>
               <code valueSet="2.16.840.1.113762.1.4.1111.143"/>
               <title value="Encounter, Performed"/>
               <statusCode code="COMPLETED"/>
            </encounterCriteria>
         </entry>
         <entry typeCode="DRIV">
            <localVariableName value="Bodytemperature_PhysicalExamPerformed_0jU8x"/>
            <observationCriteria classCode="OBS" moodCode="EVN">
               <templateId>
                  <item extension="2021-02-01" root="2.16.840.1.113883.10.20.28.4.62"/>
               </templateId>
               <id extension="Bodytemperature_PhysicalExamPerformed"
                   root="7701ed40-d40d-4b89-be6c-217ba2ae7bc1"/>
               <code code="5880005" codeSystem="2.16.840.1.113883.6.96" codeSystemName="SNOMED CT">
                  <displayName value="physical examination"/>
               </code>
               <title value="Physical Exam, Performed"/>
               <statusCode code="COMPLETED"/>
               <value valueSet="2.16.840.1.113762.1.4.1045.152" xsi:type="CD"/>
            </observationCriteria>
         </entry>
         <entry typeCode="DRIV">
            <localVariableName value="Race_PatientCharacteristicRace_cZWR9"/>
            <observationCriteria classCode="OBS" moodCode="EVN">
               <templateId>
                  <item extension="2017-05-01" root="2.16.840.1.113883.10.20.28.4.59"/>
               </templateId>
               <id extension="Race_PatientCharacteristicRace"
                   root="a225bd2e-9ec4-4a74-93d6-c0ea7e6f27fd"/>
               <code code="32624-9" codeSystem="2.16.840.1.113883.6.1" codeSystemName="LOINC">
                  <displayName value="Race"/>
               </code>
               <title value="Patient Characteristic Race"/>
               <statusCode code="COMPLETED"/>
               <value valueSet="2.16.840.1.114222.4.11.836" xsi:type="CD"/>
            </observationCriteria>
         </entry>
         <entry typeCode="DRIV">
            <localVariableName value="HighRiskProceduresforAKI_ProcedurePerformed_nUMzG"/>
            <procedureCriteria classCode="PROC" moodCode="EVN">
               <templateId>
                  <item extension="2021-02-01" root="2.16.840.1.113883.10.20.28.4.67"/>
               </templateId>
               <id extension="HighRiskProceduresforAKI_ProcedurePerformed"
                   root="9c50b194-1764-4d12-b65f-1f88305680db"/>
               <code valueSet="2.16.840.1.113762.1.4.1248.19"/>
               <title value="Procedure, Performed"/>
               <statusCode code="COMPLETED"/>
            </procedureCriteria>
         </entry>
         <entry typeCode="DRIV">
            <localVariableName value="PayerType_PatientCharacteristicPayer_pUUZv"/>
            <observationCriteria classCode="OBS" moodCode="EVN">
               <templateId>
                  <item extension="2017-05-01" root="2.16.840.1.113883.10.20.28.4.58"/>
               </templateId>
               <id extension="PayerType_PatientCharacteristicPayer"
                   root="98b9bafa-f375-41ed-bc74-59acec127650"/>
               <code code="48768-6" codeSystem="2.16.840.1.113883.6.1" codeSystemName="LOINC">
                  <displayName value="Payer Type"/>
               </code>
               <title value="Patient Characteristic Payer"/>
               <statusCode code="COMPLETED"/>
               <value valueSet="2.16.840.1.114222.4.11.3591" xsi:type="CD"/>
            </observationCriteria>
         </entry>
         <entry typeCode="DRIV">
            <localVariableName value="CreatinineMassPerVolume_LaboratoryTestPerformed_NPNiK"/>
            <observationCriteria classCode="OBS" moodCode="EVN">
               <templateId>
                  <item extension="2021-02-01" root="2.16.840.1.113883.10.20.28.4.42"/>
               </templateId>
               <id extension="CreatinineMassPerVolume_LaboratoryTestPerformed"
                   root="a00888c0-6035-4b16-9021-fe4c86aa15df"/>
               <code valueSet="2.16.840.1.113762.1.4.1248.21"/>
               <title value="Laboratory Test, Performed"/>
               <statusCode code="COMPLETED"/>
            </observationCriteria>
         </entry>
         <entry typeCode="DRIV">
            <observationCriteria classCode="OBS" moodCode="EVN">
               <templateId>
                  <item extension="2021-02-01" root="2.16.840.1.113883.10.20.28.4.62"/>
               </templateId>
               <id extension="8480-6_PhysicalExamPerformed"
                   root="F5D7A522-ABFC-4E1F-B927-046BD62F1481"/>
               <code code="5880005" codeSystem="2.16.840.1.113883.6.96" codeSystemName="SNOMED CT">
                  <displayName value="physical examination"/>
               </code>
               <title value="Physical Exam, Performed"/>
               <statusCode code="COMPLETED"/>
               <value code="8480-6" codeSystem="2.16.840.1.113883.6.1" codeSystemName="LOINC"
                      xsi:type="CD"/>
            </observationCriteria>
         </entry>
         <entry typeCode="DRIV">
            <observationCriteria classCode="OBS" moodCode="EVN">
               <templateId>
                  <item extension="2021-02-01" root="2.16.840.1.113883.10.20.28.4.62"/>
               </templateId>
               <id extension="8867-4_PhysicalExamPerformed"
                   root="A9F0A002-D027-497A-BA3E-5291E1CB24AE"/>
               <code code="5880005" codeSystem="2.16.840.1.113883.6.96" codeSystemName="SNOMED CT">
                  <displayName value="physical examination"/>
               </code>
               <title value="Physical Exam, Performed"/>
               <statusCode code="COMPLETED"/>
               <value code="8867-4" codeSystem="2.16.840.1.113883.6.1" codeSystemName="LOINC"
                      xsi:type="CD"/>
            </observationCriteria>
         </entry>
         <entry typeCode="DRIV">
            <observationCriteria classCode="OBS" moodCode="EVN">
               <templateId>
                  <item extension="2021-02-01" root="2.16.840.1.113883.10.20.28.4.62"/>
               </templateId>
               <id extension="9279-1_PhysicalExamPerformed"
                   root="1013568D-D6A6-4DAD-B236-1162C6E33B6F"/>
               <code code="5880005" codeSystem="2.16.840.1.113883.6.96" codeSystemName="SNOMED CT">
                  <displayName value="physical examination"/>
               </code>
               <title value="Physical Exam, Performed"/>
               <statusCode code="COMPLETED"/>
               <value code="9279-1" codeSystem="2.16.840.1.113883.6.1" codeSystemName="LOINC"
                      xsi:type="CD"/>
            </observationCriteria>
         </entry>
         <entry typeCode="DRIV">
            <observationCriteria classCode="OBS" moodCode="EVN">
               <templateId>
                  <item extension="2017-05-01" root="2.16.840.1.113883.10.20.28.4.55"/>
               </templateId>
               <id extension="F_PatientCharacteristicSex"
                   root="14F0CFCC-D815-4278-BC8B-72999CB93CEE"/>
               <code code="263495000" codeSystem="2.16.840.1.113883.6.96" codeSystemName="SNOMED CT">
                  <displayName value="Gender"/>
               </code>
               <title value="Patient Characteristic Sex"/>
               <statusCode code="COMPLETED"/>
               <value code="F" codeSystem="2.16.840.1.113883.5.1"
                      codeSystemName="AdministrativeGender"
                      xsi:type="CD"/>
            </observationCriteria>
         </entry>
         <entry typeCode="DRIV">
            <observationCriteria classCode="OBS" moodCode="EVN">
               <templateId>
                  <item extension="2017-05-01" root="2.16.840.1.113883.10.20.28.4.55"/>
               </templateId>
               <id extension="M_PatientCharacteristicSex"
                   root="338D6D9E-6F28-4C82-A1C3-4FD21534DD18"/>
               <code code="263495000" codeSystem="2.16.840.1.113883.6.96" codeSystemName="SNOMED CT">
                  <displayName value="Gender"/>
               </code>
               <title value="Patient Characteristic Sex"/>
               <statusCode code="COMPLETED"/>
               <value code="M" codeSystem="2.16.840.1.113883.5.1"
                      codeSystemName="AdministrativeGender"
                      xsi:type="CD"/>
            </observationCriteria>
         </entry>
      </dataCriteriaSection>
   </component>
   <component>
      <populationCriteriaSection>
         <templateId>
            <item extension="2017-08-01" root="2.16.840.1.113883.10.20.28.2.7"/>
         </templateId>
         <id extension="PopulationCriteria1" root="408FFF2E-62F7-4FD2-8722-D510622E4083"/>
         <code code="57026-7" codeSystem="2.16.840.1.113883.6.1"/>
         <title value="Population Criteria Section"/>
         <text/>
         <component typeCode="COMP">
            <initialPopulationCriteria classCode="OBS" moodCode="EVN">
               <id extension="initialPopulation" root="93A0D3DC-C744-4598-960A-D8D36C40FE8B"/>
               <code code="IPOP" codeSystem="2.16.840.1.113883.5.4" codeSystemName="Act Code"/>
               <precondition typeCode="PRCN">
                  <criteriaReference classCode="OBS" moodCode="EVN">
                     <id extension="HospitalHarmAcuteKidneyInjury.&quot;Initial Population&quot;"
                         root="5868BED3-266D-4C8D-8641-0786C1F9AF8B"/>
                  </criteriaReference>
               </precondition>
            </initialPopulationCriteria>
         </component>
         <component typeCode="COMP">
            <denominatorCriteria classCode="OBS" moodCode="EVN">
               <id extension="denominator" root="7FD65B0B-1256-4A26-BBE2-D3A1E298D56E"/>
               <code code="DENOM" codeSystem="2.16.840.1.113883.5.4" codeSystemName="Act Code"/>
               <precondition typeCode="PRCN">
                  <criteriaReference classCode="OBS" moodCode="EVN">
                     <id extension="HospitalHarmAcuteKidneyInjury.&quot;Denominator&quot;"
                         root="5868BED3-266D-4C8D-8641-0786C1F9AF8B"/>
                  </criteriaReference>
               </precondition>
            </denominatorCriteria>
         </component>
         <component typeCode="COMP">
            <denominatorExclusionCriteria classCode="OBS" moodCode="EVN">
               <id extension="denominatorExclusions" root="09B20745-65FD-4B0F-8DE2-50F124D4B477"/>
               <code code="DENEX" codeSystem="2.16.840.1.113883.5.4" codeSystemName="Act Code"/>
               <precondition typeCode="PRCN">
                  <criteriaReference classCode="OBS" moodCode="EVN">
                     <id extension="HospitalHarmAcuteKidneyInjury.&quot;Denominator Exclusion&quot;"
                         root="5868BED3-266D-4C8D-8641-0786C1F9AF8B"/>
                  </criteriaReference>
               </precondition>
            </denominatorExclusionCriteria>
         </component>
         <component typeCode="COMP">
            <numeratorCriteria classCode="OBS" moodCode="EVN">
               <id extension="numerator" root="C892847A-B6A2-4B63-ABB3-BE1FBE74CF8A"/>
               <code code="NUMER" codeSystem="2.16.840.1.113883.5.4" codeSystemName="Act Code"/>
               <precondition typeCode="PRCN">
                  <criteriaReference classCode="OBS" moodCode="EVN">
                     <id extension="HospitalHarmAcuteKidneyInjury.&quot;Numerator&quot;"
                         root="5868BED3-266D-4C8D-8641-0786C1F9AF8B"/>
                  </criteriaReference>
               </precondition>
            </numeratorCriteria>
         </component>
         <component typeCode="COMP">
            <cql-ext:supplementalDataElement>
               <id extension="Supplemental Data Elements"
                   root="C0FFCF65-B5E1-4BA7-BDB5-BAF911B73A0B"/>
               <code code="SDE" codeSystem="2.16.840.1.113883.5.4" codeSystemName="Act Code"/>
               <precondition typeCode="PRCN">
                  <criteriaReference classCode="OBS" moodCode="EVN">
                     <id extension="HospitalHarmAcuteKidneyInjury.&quot;SDE Ethnicity&quot;"
                         root="5868BED3-266D-4C8D-8641-0786C1F9AF8B"/>
                  </criteriaReference>
               </precondition>
            </cql-ext:supplementalDataElement>
         </component>
         <component typeCode="COMP">
            <cql-ext:supplementalDataElement>
               <id extension="Supplemental Data Elements"
                   root="7FF29BD4-F2E8-4B84-A8E9-7D3789D8D403"/>
               <code code="SDE" codeSystem="2.16.840.1.113883.5.4" codeSystemName="Act Code"/>
               <precondition typeCode="PRCN">
                  <criteriaReference classCode="OBS" moodCode="EVN">
                     <id extension="HospitalHarmAcuteKidneyInjury.&quot;SDE Payer&quot;"
                         root="5868BED3-266D-4C8D-8641-0786C1F9AF8B"/>
                  </criteriaReference>
               </precondition>
            </cql-ext:supplementalDataElement>
         </component>
         <component typeCode="COMP">
            <cql-ext:supplementalDataElement>
               <id extension="Supplemental Data Elements"
                   root="B1E03849-EDD8-4949-9EEE-D3568AFF9727"/>
               <code code="SDE" codeSystem="2.16.840.1.113883.5.4" codeSystemName="Act Code"/>
               <precondition typeCode="PRCN">
                  <criteriaReference classCode="OBS" moodCode="EVN">
                     <id extension="HospitalHarmAcuteKidneyInjury.&quot;SDE Race&quot;"
                         root="5868BED3-266D-4C8D-8641-0786C1F9AF8B"/>
                  </criteriaReference>
               </precondition>
            </cql-ext:supplementalDataElement>
         </component>
         <component typeCode="COMP">
            <cql-ext:supplementalDataElement>
               <id extension="Supplemental Data Elements"
                   root="6E966110-1A69-4C6D-B7D4-5D0FDF86EE02"/>
               <code code="SDE" codeSystem="2.16.840.1.113883.5.4" codeSystemName="Act Code"/>
               <precondition typeCode="PRCN">
                  <criteriaReference classCode="OBS" moodCode="EVN">
                     <id extension="HospitalHarmAcuteKidneyInjury.&quot;SDE Sex&quot;"
                         root="5868BED3-266D-4C8D-8641-0786C1F9AF8B"/>
                  </criteriaReference>
               </precondition>
            </cql-ext:supplementalDataElement>
         </component>
         <component typeCode="COMP">
            <cql-ext:supplementalDataElement>
               <id extension="Risk Adjustment Variables"
                   root="1D0A1C84-129E-4142-8758-301F190BD157"/>
               <code code="MSRADJ" codeSystem="2.16.840.1.113883.5.4" codeSystemName="Act Code"/>
               <precondition typeCode="PRCN">
                  <criteriaReference classCode="OBS" moodCode="EVN">
                     <id extension="HospitalHarmAcuteKidneyInjury.&quot;Risk Variable All Encounter Diagnoses with POA Indication&quot;"
                         root="5868BED3-266D-4C8D-8641-0786C1F9AF8B"/>
                  </criteriaReference>
               </precondition>
            </cql-ext:supplementalDataElement>
         </component>
         <component typeCode="COMP">
            <cql-ext:supplementalDataElement>
               <id extension="Risk Adjustment Variables"
                   root="F54B2653-DF53-478E-821B-9FA382178793"/>
               <code code="MSRADJ" codeSystem="2.16.840.1.113883.5.4" codeSystemName="Act Code"/>
               <precondition typeCode="PRCN">
                  <criteriaReference classCode="OBS" moodCode="EVN">
                     <id extension="HospitalHarmAcuteKidneyInjury.&quot;Risk Variable Estimated Glomerular Filtration Rate for Females&quot;"
                         root="5868BED3-266D-4C8D-8641-0786C1F9AF8B"/>
                  </criteriaReference>
               </precondition>
            </cql-ext:supplementalDataElement>
         </component>
         <component typeCode="COMP">
            <cql-ext:supplementalDataElement>
               <id extension="Risk Adjustment Variables"
                   root="4C951A57-B967-4FFB-8463-012E2471E88A"/>
               <code code="MSRADJ" codeSystem="2.16.840.1.113883.5.4" codeSystemName="Act Code"/>
               <precondition typeCode="PRCN">
                  <criteriaReference classCode="OBS" moodCode="EVN">
                     <id extension="HospitalHarmAcuteKidneyInjury.&quot;Risk Variable Estimated Glomerular Filtration Rate for Males&quot;"
                         root="5868BED3-266D-4C8D-8641-0786C1F9AF8B"/>
                  </criteriaReference>
               </precondition>
            </cql-ext:supplementalDataElement>
         </component>
         <component typeCode="COMP">
            <cql-ext:supplementalDataElement>
               <id extension="Risk Adjustment Variables"
                   root="D4D9B53F-3AED-4F28-9969-8C58C3CB24BF"/>
               <code code="MSRADJ" codeSystem="2.16.840.1.113883.5.4" codeSystemName="Act Code"/>
               <precondition typeCode="PRCN">
                  <criteriaReference classCode="OBS" moodCode="EVN">
                     <id extension="HospitalHarmAcuteKidneyInjury.&quot;Risk Variable First Heart Rate in Encounter&quot;"
                         root="5868BED3-266D-4C8D-8641-0786C1F9AF8B"/>
                  </criteriaReference>
               </precondition>
            </cql-ext:supplementalDataElement>
         </component>
         <component typeCode="COMP">
            <cql-ext:supplementalDataElement>
               <id extension="Risk Adjustment Variables"
                   root="99DE6204-9DD6-4AC0-85F0-D2DF232C127B"/>
               <code code="MSRADJ" codeSystem="2.16.840.1.113883.5.4" codeSystemName="Act Code"/>
               <precondition typeCode="PRCN">
                  <criteriaReference classCode="OBS" moodCode="EVN">
                     <id extension="HospitalHarmAcuteKidneyInjury.&quot;Risk Variable First Respiratory Rate in Encounter&quot;"
                         root="5868BED3-266D-4C8D-8641-0786C1F9AF8B"/>
                  </criteriaReference>
               </precondition>
            </cql-ext:supplementalDataElement>
         </component>
         <component typeCode="COMP">
            <cql-ext:supplementalDataElement>
               <id extension="Risk Adjustment Variables"
                   root="F02D6F15-0A67-42F3-BE08-FA8F89E9CD55"/>
               <code code="MSRADJ" codeSystem="2.16.840.1.113883.5.4" codeSystemName="Act Code"/>
               <precondition typeCode="PRCN">
                  <criteriaReference classCode="OBS" moodCode="EVN">
                     <id extension="HospitalHarmAcuteKidneyInjury.&quot;Risk Variable First Systolic Blood Pressure in Encounter&quot;"
                         root="5868BED3-266D-4C8D-8641-0786C1F9AF8B"/>
                  </criteriaReference>
               </precondition>
            </cql-ext:supplementalDataElement>
         </component>
         <component typeCode="COMP">
            <cql-ext:supplementalDataElement>
               <id extension="Risk Adjustment Variables"
                   root="5F1CBBE5-9D7C-4CCD-959A-E184E2E78D75"/>
               <code code="MSRADJ" codeSystem="2.16.840.1.113883.5.4" codeSystemName="Act Code"/>
               <precondition typeCode="PRCN">
                  <criteriaReference classCode="OBS" moodCode="EVN">
                     <id extension="HospitalHarmAcuteKidneyInjury.&quot;Risk Variable First Temperature in Encounter&quot;"
                         root="5868BED3-266D-4C8D-8641-0786C1F9AF8B"/>
                  </criteriaReference>
               </precondition>
            </cql-ext:supplementalDataElement>
         </component>
      </populationCriteriaSection>
   </component>
</QualityMeasureDocument>