<?xml version="1.0" encoding="UTF-8" standalone="yes"?>
<QualityMeasureDocument xmlns="urn:hl7-org:v3" xmlns:cql-ext="urn:hhs-cql:hqmf-n1-extensions:v1"
                        xmlns:xsi="http://www.w3.org/2001/XMLSchema-instance">

      <!--
            **************************************************************
            Measure Details Section
            **************************************************************
        -->

      <typeId extension="POQM_HD000001UV02" root="2.16.840.1.113883.1.3"/>
   <templateId>
      <item extension="2021-02-01" root="2.16.840.1.113883.10.20.28.1.2"/>
   </templateId>
   <id root="8a6d040f-8b1e-d837-018b-8c58f1d61e33"/>
   <code code="57024-2" codeSystem="2.16.840.1.113883.6.1">
      <displayName value="Health Quality Measure Document"/>
   </code>
   <title
          value="Appropriate Treatment for ST-Segment Elevation Myocardial Infarction (STEMI) Patients in the Emergency Department (ED)"/>
   <text
         value="Percentage of emergency department (ED) encounters for patients 18 years and older with a diagnosis of ST-segment elevation myocardial infarction (STEMI) that received appropriate treatment, defined as fibrinolytic therapy within 30 minutes of ED arrival, percutaneous coronary intervention (PCI) within 90 minutes of ED arrival, or transfer within 45 minutes of ED arrival"/>
   <statusCode code="COMPLETED"/>
   <setId root="fb8caab1-dc9e-4a95-b14f-4f5dee7c6587"/>
   <versionNumber value="5.1.000"/>
   <author>
      <responsibleParty classCode="ASSIGNED">
         <representedResponsibleOrganization classCode="ORG" determinerCode="INSTANCE">
            <id>
               <item root="88a7ab8e-b92d-11e4-a71e-12e3f512a338"/>
            </id>
            <name>
               <item>
                  <part value="Yale New Haven Health Service Corporation/ Center for Outcomes Research and Evaluation"/>
               </item>
            </name>
         </representedResponsibleOrganization>
      </responsibleParty>
   </author>
   <author>
      <responsibleParty classCode="ASSIGNED">
         <representedResponsibleOrganization classCode="ORG" determinerCode="INSTANCE">
            <id>
               <item root="2.16.840.1.113883.3.3157"/>
            </id>
            <name>
               <item>
                  <part value="The Lewin Group"/>
               </item>
            </name>
         </representedResponsibleOrganization>
      </responsibleParty>
   </author>
   <custodian>
      <responsibleParty classCode="ASSIGNED">
         <representedResponsibleOrganization classCode="ORG" determinerCode="INSTANCE">
            <id>
               <item root="93"/>
            </id>
            <name>
               <item>
                  <part value="Centers for Medicare &amp; Medicaid Services (CMS)"/>
               </item>
            </name>
         </representedResponsibleOrganization>
      </responsibleParty>
   </custodian>
   <!--Thrombolytic medications-->
     	 <definition>
      <valueSet classCode="OBS" moodCode="DEF">
         <id root="2.16.840.1.113762.1.4.1170.4"/>
         <title value="Thrombolytic medications"/>
      </valueSet>
   </definition>
   <!--ONC Administrative Sex-->
     	 <definition>
      <valueSet classCode="OBS" moodCode="DEF">
         <id root="2.16.840.1.113762.1.4.1"/>
         <title value="ONC Administrative Sex"/>
      </valueSet>
   </definition>
   <!--Dementia and Related Intracranial Pathologies-->
     	 <definition>
      <valueSet classCode="OBS" moodCode="DEF">
         <id root="2.16.840.1.113883.3.3157.4043"/>
         <title value="Dementia and Related Intracranial Pathologies"/>
      </valueSet>
   </definition>
   <!--Neurologic impairment-->
     	 <definition>
      <valueSet classCode="OBS" moodCode="DEF">
         <id root="2.16.840.1.113883.3.464.1003.114.12.1012"/>
         <title value="Neurologic impairment"/>
      </valueSet>
   </definition>
   <!--Allergy to thrombolytics-->
     	 <definition>
      <valueSet classCode="OBS" moodCode="DEF">
         <id root="2.16.840.1.113762.1.4.1170.5"/>
         <title value="Allergy to thrombolytics"/>
      </valueSet>
   </definition>
   <!--Insertion or Replacement of Mechanical Circulatory Assist Device-->
     	 <definition>
      <valueSet classCode="OBS" moodCode="DEF">
         <id root="2.16.840.1.113883.3.3157.4052"/>
         <title value="Insertion or Replacement of Mechanical Circulatory Assist Device"/>
      </valueSet>
   </definition>
   <!--Emergency Department Visit-->
     	 <definition>
      <valueSet classCode="OBS" moodCode="DEF">
         <id root="2.16.840.1.113883.3.117.1.7.1.292"/>
         <title value="Emergency Department Visit"/>
      </valueSet>
   </definition>
   <!--Ischemic Stroke-->
     	 <definition>
      <valueSet classCode="OBS" moodCode="DEF">
         <id root="2.16.840.1.113883.3.117.1.7.1.247"/>
         <title value="Ischemic Stroke"/>
      </valueSet>
   </definition>
   <!--Race-->
     	 <definition>
      <valueSet classCode="OBS" moodCode="DEF">
         <id root="2.16.840.1.114222.4.11.836"/>
         <title value="Race"/>
      </valueSet>
   </definition>
   <!--STEMI-->
     	 <definition>
      <valueSet classCode="OBS" moodCode="DEF">
         <id root="2.16.840.1.113883.3.3157.4017"/>
         <title value="STEMI"/>
      </valueSet>
   </definition>
   <!--Fibrinolytic Therapy-->
     	 <definition>
      <valueSet classCode="OBS" moodCode="DEF">
         <id root="2.16.840.1.113883.3.3157.4019"/>
         <title value="Fibrinolytic Therapy"/>
      </valueSet>
   </definition>
   <!--Intracranial or Intraspinal surgery-->
     	 <definition>
      <valueSet classCode="OBS" moodCode="DEF">
         <id root="2.16.840.1.113762.1.4.1170.2"/>
         <title value="Intracranial or Intraspinal surgery"/>
      </valueSet>
   </definition>
   <!--Oral Anticoagulant Medications-->
     	 <definition>
      <valueSet classCode="OBS" moodCode="DEF">
         <id root="2.16.840.1.113883.3.3157.4045"/>
         <title value="Oral Anticoagulant Medications"/>
      </valueSet>
   </definition>
   <!--Malignant Intracranial Neoplasm Group-->
     	 <definition>
      <valueSet classCode="OBS" moodCode="DEF">
         <id root="2.16.840.1.113762.1.4.1170.3"/>
         <title value="Malignant Intracranial Neoplasm Group"/>
      </valueSet>
   </definition>
   <!--Cardiopulmonary Arrest-->
     	 <definition>
      <valueSet classCode="OBS" moodCode="DEF">
         <id root="2.16.840.1.113883.3.3157.4048"/>
         <title value="Cardiopulmonary Arrest"/>
      </valueSet>
   </definition>
   <!--Cerebral Vascular Lesion-->
     	 <definition>
      <valueSet classCode="OBS" moodCode="DEF">
         <id root="2.16.840.1.113883.3.3157.4025"/>
         <title value="Cerebral Vascular Lesion"/>
      </valueSet>
   </definition>
   <!--Aortic Dissection or Ruptured Aortic Aneurysm-->
     	 <definition>
      <valueSet classCode="OBS" moodCode="DEF">
         <id root="2.16.840.1.113883.3.3157.4028"/>
         <title value="Aortic Dissection or Ruptured Aortic Aneurysm"/>
      </valueSet>
   </definition>
   <!--Emergency Department Evaluation and Management Visit-->
     	 <definition>
      <valueSet classCode="OBS" moodCode="DEF">
         <id root="2.16.840.1.113883.3.464.1003.101.12.1010"/>
         <title value="Emergency Department Evaluation and Management Visit"/>
      </valueSet>
   </definition>
   <!--Active Bleeding Excluding Menses or Bleeding Diathesis-->
     	 <definition>
      <valueSet classCode="OBS" moodCode="DEF">
         <id root="2.16.840.1.113883.3.3157.4036"/>
         <title value="Active Bleeding Excluding Menses or Bleeding Diathesis"/>
      </valueSet>
   </definition>
   <!--Major Surgical Procedure-->
     	 <definition>
      <valueSet classCode="OBS" moodCode="DEF">
         <id root="2.16.840.1.113883.3.3157.4056"/>
         <title value="Major Surgical Procedure"/>
      </valueSet>
   </definition>
   <!--Ethnicity-->
     	 <definition>
      <valueSet classCode="OBS" moodCode="DEF">
         <id root="2.16.840.1.114222.4.11.837"/>
         <title value="Ethnicity"/>
      </valueSet>
   </definition>
   <!--Endotracheal Intubation-->
     	 <definition>
      <valueSet classCode="OBS" moodCode="DEF">
         <id root="2.16.840.1.113762.1.4.1045.69"/>
         <title value="Endotracheal Intubation"/>
      </valueSet>
   </definition>
   <!--Pregnant State-->
     	 <definition>
      <valueSet classCode="OBS" moodCode="DEF">
         <id root="2.16.840.1.113883.3.3157.4055"/>
         <title value="Pregnant State"/>
      </valueSet>
   </definition>
   <!--Acute Peptic Ulcer-->
     	 <definition>
      <valueSet classCode="OBS" moodCode="DEF">
         <id root="2.16.840.1.113883.3.3157.4031"/>
         <title value="Acute Peptic Ulcer"/>
      </valueSet>
   </definition>
   <!--Payer Type-->
     	 <definition>
      <valueSet classCode="OBS" moodCode="DEF">
         <id root="2.16.840.1.114222.4.11.3591"/>
         <title value="Payer Type"/>
      </valueSet>
   </definition>
   <!--Percutaneous Coronary Intervention-->
     	 <definition>
      <valueSet classCode="OBS" moodCode="DEF">
         <id root="2.16.840.1.113883.3.3157.2000.5"/>
         <title value="Percutaneous Coronary Intervention"/>
      </valueSet>
   </definition>
   <!--Closed Head and Facial Trauma-->
     	 <definition>
      <valueSet classCode="OBS" moodCode="DEF">
         <id root="2.16.840.1.113883.3.3157.4026"/>
         <title value="Closed Head and Facial Trauma"/>
      </valueSet>
   </definition>
   <!--Thrombolytics Adverse Event-->
     	 <definition>
      <valueSet classCode="OBS" moodCode="DEF">
         <id root="2.16.840.1.113762.1.4.1170.6"/>
         <title value="Thrombolytics Adverse Event"/>
      </valueSet>
   </definition>
   <!--Discharge To Acute Care Facility-->
     	 <definition>
      <valueSet classCode="OBS" moodCode="DEF">
         <id root="2.16.840.1.113883.3.117.1.7.1.87"/>
         <title value="Discharge To Acute Care Facility"/>
      </valueSet>
   </definition>
   <!--Patient Expired-->
     	 <definition>
      <valueSet classCode="OBS" moodCode="DEF">
         <id root="2.16.840.1.113883.3.117.1.7.1.309"/>
         <title value="Patient Expired"/>
      </valueSet>
   </definition>
   <!--Status post administration of tPA (rtPA) in a different facility within the last 24 hours prior to admission to current facility-CODE:/CodeSystem/ICD10CM/Version/2024/Code/Z92.82/Info-->
      <definition>
      <cql-ext:code code="Z92.82" codeSystem="2.16.840.1.113883.6.90" codeSystemName="ICD10CM">
         <displayName value="Status post administration of tPA (rtPA) in a different facility within the last 24 hours prior to admission to current facility"/>
      </cql-ext:code>
   </definition>
   <relatedDocument typeCode="COMP">
      <expressionDocument>
         <id root="E0AEE2EB-2131-438F-9911-4283F087FF87"/>
         <text mediaType="text/cql">
            <reference value="https://emeasuretool.cms.gov/libraries/fb8caab1-dc9e-4a95-b14f-4f5dee7c6587/CMS996-v5-1-000-QDM-5-6.cql"/>
            <translation mediaType="application/elm+xml">
               <reference value="https://emeasuretool.cms.gov/libraries/fb8caab1-dc9e-4a95-b14f-4f5dee7c6587/CMS996-v5-1-000-QDM-5-6.xml"/>
            </translation>
            <translation mediaType="application/elm+json">
               <reference value="https://emeasuretool.cms.gov/libraries/fb8caab1-dc9e-4a95-b14f-4f5dee7c6587/CMS996-v5-1-000-QDM-5-6.json"/>
            </translation>
         </text>
         <setId extension="fb8caab1-dc9e-4a95-b14f-4f5dee7c6587"
                identifierName="AppropriateTreatmentforSTEMI"
                root="https://emeasuretool.cms.gov/libraries"/>
         <versionNumber value="5.1.000"/>
      </expressionDocument>
   </relatedDocument>
   <relatedDocument typeCode="COMP">
      <expressionDocument>
         <id root="8a6d042a8c5931d0018c6e282a31073d"/>
         <text mediaType="text/cql">
            <reference value="https://emeasuretool.cms.gov/libraries/8bdc0a19-b210-4a58-8a07-f5d95a34eca9/MATGlobalCommonFunctionsQDM-v8-0-000-QDM-5-6.cql"/>
            <translation mediaType="application/elm+xml">
               <reference value="https://emeasuretool.cms.gov/libraries/8bdc0a19-b210-4a58-8a07-f5d95a34eca9/MATGlobalCommonFunctionsQDM-v8-0-000-QDM-5-6.xml"/>
            </translation>
            <translation mediaType="application/elm+json">
               <reference value="https://emeasuretool.cms.gov/libraries/8bdc0a19-b210-4a58-8a07-f5d95a34eca9/MATGlobalCommonFunctionsQDM-v8-0-000-QDM-5-6.json"/>
            </translation>
         </text>
         <setId extension="8bdc0a19-b210-4a58-8a07-f5d95a34eca9"
                identifierName="MATGlobalCommonFunctionsQDM"
                root="https://emeasuretool.cms.gov/libraries"/>
         <versionNumber value="8.0.000"/>
      </expressionDocument>
   </relatedDocument>
   <controlVariable>
      <measurePeriod>
         <id extension="measureperiod" root="375fab57-7967-4ec8-94fb-73af89723e3f"/>
         <code code="MSRTP" codeSystem="2.16.840.1.113883.5.4">
            <originalText value="Measurement Period"/>
         </code>
         <value xsi:type="PIVL_TS">
            <phase highClosed="true" lowClosed="true">
               <low value="20240101"/>
               <width unit="a" value="1" xsi:type="PQ"/>
            </phase>
            <period unit="a" value="1"/>
         </value>
      </measurePeriod>
   </controlVariable>
   <subjectOf>
      <measureAttribute>
         <code nullFlavor="OTH">
            <originalText value="eCQM Identifier (Measure Authoring Tool)"/>
         </code>
         <value mediaType="text/plain" value="996" xsi:type="ED"/>
      </measureAttribute>
   </subjectOf>
   <subjectOf>
      <measureAttribute>
         <code nullFlavor="OTH">
            <originalText value="CBE Number"/>
         </code>
         <value mediaType="text/plain" value="3613e" xsi:type="ED"/>
      </measureAttribute>
   </subjectOf>
   <subjectOf>
      <measureAttribute>
         <code code="COPY" codeSystem="2.16.840.1.113883.5.4">
            <displayName value="Copyright"/>
         </code>
         <value mediaType="text/plain"
                value="Limited proprietary coding is contained in these specifications for user convenience. Users of proprietary code sets should obtain all necessary licenses from the owners of the code sets.&#xA;&#xA;This material contains SNOMED Clinical Terms(R) (SNOMED CT[R]) copyright 2004-2023 International Health Terminology Standards Development Organisation. All rights reserved.&#xA;&#xA;LOINC(R) copyright 2004-2023 Regenstrief Institute, Inc.&#xA;&#xA;CPT(R) contained in the Measure specifications is copyright 2004-2023 American Medical Association.&#xA;&#xA;ICD-10 is copyright 2023 World Health Organization. All Rights Reserved."
                xsi:type="ED"/>
      </measureAttribute>
   </subjectOf>
   <subjectOf>
      <measureAttribute>
         <code code="DISC" codeSystem="2.16.840.1.113883.5.4">
            <displayName value="Disclaimer"/>
         </code>
         <value mediaType="text/plain"
                value="These performance specifications are not clinical guidelines and do not establish a standard of medical care, and have not been tested for all potential applications.&#xA;&#xA;THE MEASURES AND SPECIFICATIONS ARE PROVIDED &quot;AS IS&quot; WITHOUT WARRANTY OF ANY KIND.&#xA;&#xA;Due to technical limitations, registered trademarks are indicated by (R) or [R] and unregistered trademarks are indicated by (TM) or [TM]."
                xsi:type="ED"/>
      </measureAttribute>
   </subjectOf>
   <subjectOf>
      <measureAttribute>
         <code code="MSRSCORE" codeSystem="2.16.840.1.113883.5.4">
            <displayName value="Measure Scoring"/>
         </code>
         <value code="PROPOR" codeSystem="2.16.840.1.113883.5.1063" xsi:type="CD">
            <displayName value="Proportion"/>
         </value>
      </measureAttribute>
   </subjectOf>
   <subjectOf>
      <measureAttribute>
         <code code="MSRTYPE" codeSystem="2.16.840.1.113883.5.4">
            <displayName value="Measure Type"/>
         </code>
         <value code="PROCESS" codeSystem="2.16.840.1.113883.5.1063" xsi:type="CD">
            <displayName value="PROCESS"/>
         </value>
      </measureAttribute>
   </subjectOf>
   <subjectOf>
      <measureAttribute>
         <code code="STRAT" codeSystem="2.16.840.1.113883.5.4">
            <displayName value="Stratification"/>
         </code>
         <value mediaType="text/plain" value="None" xsi:type="ED"/>
      </measureAttribute>
   </subjectOf>
   <subjectOf>
      <measureAttribute>
         <code code="MSRADJ" codeSystem="2.16.840.1.113883.5.4">
            <displayName value="Risk Adjustment"/>
         </code>
         <value mediaType="text/plain" value="None" xsi:type="ED"/>
      </measureAttribute>
   </subjectOf>
   <subjectOf>
      <measureAttribute>
         <code code="MSRAGG" codeSystem="2.16.840.1.113883.5.4">
            <displayName value="Rate Aggregation"/>
         </code>
         <value mediaType="text/plain" value="None" xsi:type="ED"/>
      </measureAttribute>
   </subjectOf>
   <subjectOf>
      <measureAttribute>
         <code code="RAT" codeSystem="2.16.840.1.113883.5.4">
            <displayName value="Rationale"/>
         </code>
         <value mediaType="text/plain"
                value="Studies have shown that delays in the treatment of acute myocardial infarction (AMI) leads to increased risk of in-hospital mortality and morbidity, with nearly two lives per 1,000 patients lost per hour of delay in treatment (Sohlpour &amp; Yusuf, 2014; Fibrinolytic Therapy Trialists’ Collaborative Group, 1994). For patients receiving fibrinolytic therapy, the American Heart Association (AHA) estimates that 65 lives will be saved per 1,000 patients if treatment is administered within the first hour of symptom onset, and 131 lives will be saved per 1,000 patients treated if fibrinolytic therapy is delivered within the first three hours (O’Connor et al., 2010). &#xA;The total ischemic time—that is, the time from onset of STEMI symptoms to the initiation of some form of reperfusion therapy—is the principal determinant of health outcomes for patients with an AMI, so timely care is essential to minimize disease morbidity and mortality. Primary PCI is the preferred treatment approach, with guidelines recommending initiation of PCI within 120 minutes from first medical contact (O’Gara et al., 2013). In situations where it is unlikely or impossible for a patient to receive primary PCI within the 120-minute timeframe, fibrinolytic therapy may be used for reperfusion and should be rapidly administered to reduce mortality and minimize morbidity; guidelines recommend that fibrinolytic therapy administration occur within 30 minutes of hospital arrival; this may also require rapid transfer for PCI (O’Gara et al., 2013).&#xA;Implementation of an eCQM addressing appropriateness and effectiveness of care for STEMI patients in the ED has the potential to improve the delivery of care furthering alignment with current clinical practice guidelines, while reducing adverse health outcomes such as mortality, bleeding events, and reinfarction. Use of the proposed eCQM could also reduce burden on facilities currently measured using the chart-abstracted Fibrinolytic Therapy Received within 30 Minutes of ED Arrival (OP-2) measure and broaden the population for which performance scores could be publicly reported."
                xsi:type="ED"/>
      </measureAttribute>
   </subjectOf>
   <subjectOf>
      <measureAttribute>
         <code code="CRS" codeSystem="2.16.840.1.113883.5.4">
            <displayName value="Clinical Recommendation Statement"/>
         </code>
         <value mediaType="text/plain"
                value="Primary PCI in STEMI:&#xA;The 2013 ACCF/AHA clinical practice guideline for the management of STEMI recommends that:&#xA;- &quot;Primary PCI should be performed in patients with STEMI and ischemic symptoms of less than 12 hours’ duration.&quot;&#xA;- &quot;Primary PCI should be performed in patients with STEMI and ischemic symptoms of less than 12 hours’ duration who have contraindications to fibrinolytic therapy, irrespective of the time delay from first medical contact.&quot;&#xA; &#xA;Fibrinolytic Therapy when there is an Anticipated Delay to Performing Primary PCI within 120 Minutes of First Medical Contact:&#xA;The 2013 American College of Cardiology Foundation (ACCF)/American Heart Association(AHA) clinical practice guideline for the management of STEMI recommends that:&#xA;- &quot;In the absence of contraindications, fibrinolytic therapy should be given to patients with STEMI and onset of ischemic symptoms within the previous 12 hours when it is anticipated that primary PCI cannot be performed within 120 minutes of first medical contact.”&#xA; &#xA;Transfer to a PCI-Capable Hospital after Fibrinolytic Therapy:&#xA;The 2013 ACCF/AHA clinical practice guideline for the management of STEMI recommends that:&#xA;- Immediate transfer to a PCI-capable hospital for coronary angiography is recommended for suitable patients with STEMI who develop cardiogenic shock or acute severe heart failure (HF), irrespective of the time delay from MI onset.&#xA;- Urgent transfer to a PCI-capable hospital for coronary angiography is reasonable for patients with STEMI who demonstrate evidence of failed reperfusion or reocclusion after fibrinolytic therapy. &#xA;- Transfer to a PCI-capable hospital for coronary angiography is reasonable for patients with STEMI who have received fibrinolytic therapy even when hemodynamically stable and with clinical evidence of successful reperfusion. Angiography can be performed as soon as logistically feasible at the receiving hospital, and ideally within 24 hours, but should not be performed within the first 2 to 3 hours after administration of fibrinolytic therapy."
                xsi:type="ED"/>
      </measureAttribute>
   </subjectOf>
   <subjectOf>
      <measureAttribute>
         <code code="IDUR" codeSystem="2.16.840.1.113883.5.4">
            <displayName value="Improvement Notation"/>
         </code>
         <value mediaType="text/plain" value="Improvement noted as an increase in the rate"
                xsi:type="ED"/>
      </measureAttribute>
   </subjectOf>
   <subjectOf>
      <measureAttribute>
         <code code="REF" codeSystem="2.16.840.1.113883.5.4">
            <displayName value="Reference"/>
         </code>
         <value mediaType="text/plain"
                value="CITATIONFibrinolytic Therapy Trialists' (FTT) Collaborative Group. (1994). Indications for fibrinolytic therapy in suspected acute myocardial infarction: Collaborative overview of early mortality and major morbidity results from all randomised trials of more than 1000 patients. The Lancet, 343(8893):311-22."
                xsi:type="ED"/>
      </measureAttribute>
   </subjectOf>
   <subjectOf>
      <measureAttribute>
         <code code="REF" codeSystem="2.16.840.1.113883.5.4">
            <displayName value="Reference"/>
         </code>
         <value mediaType="text/plain"
                value="CITATIONO’Connor RE, Brady W, Brooks SC, Diercks D, Egan J, Ghaemmaghami C, Menon V, O’Neil BJ, Travers AH, Yannapoulos D. (2010) Part 10: Acute coronary syndromes: 2010 American Heart Association Guidelines for Cardiopulmonary Resuscitation and Emergency Cardiovascular Care. Circulation, 122(suppl 3): S787-S817. DOI: 10.1161/CIRCULATIONAHA.110.971028."
                xsi:type="ED"/>
      </measureAttribute>
   </subjectOf>
   <subjectOf>
      <measureAttribute>
         <code code="REF" codeSystem="2.16.840.1.113883.5.4">
            <displayName value="Reference"/>
         </code>
         <value mediaType="text/plain"
                value="CITATIONO'Gara P, Kushner F, Ascheim D, Casey D, Chung M, de Lemos J, Ettinger S, Fang J, Fesmire F, Franklin B, Granger C, Krumholz H, Linderbaum J, Morrow D, Newby L, Ornato J, Ou N, Radford M, Tamis-Holland J, Tommaso C, Tracy C, Woo Y, Zhao D, Anderson J, Jacobs A, Halperin J, Albert N, Brindis R, Creager M, DeMets D, Guyton R, Hochman J, Kovacs R, Kushner F, Ohman E, Stevenson W, Yancy C. (2013). 2013 ACCF/AHA guideline for the management of ST-elevation myocardial infarction: A report of the American College of Cardiology Foundation/American Heart Association Task Force on Practice Guidelines. Circulation, 127(4): e362-425."
                xsi:type="ED"/>
      </measureAttribute>
   </subjectOf>
   <subjectOf>
      <measureAttribute>
         <code code="REF" codeSystem="2.16.840.1.113883.5.4">
            <displayName value="Reference"/>
         </code>
         <value mediaType="text/plain"
                value="CITATIONSohlpour A, Yusuf SW. (2014). Fibrinolytic therapy in patients with ST-elevation myocardial infarction. Expert Rev. Cardiovasc. Early online, 1-15."
                xsi:type="ED"/>
      </measureAttribute>
   </subjectOf>
   <subjectOf>
      <measureAttribute>
         <code code="DEF" codeSystem="2.16.840.1.113883.5.4">
            <displayName value="Definition"/>
         </code>
         <value mediaType="text/plain" value="None" xsi:type="ED"/>
      </measureAttribute>
   </subjectOf>
   <subjectOf>
      <measureAttribute>
         <code code="GUIDE" codeSystem="2.16.840.1.113883.5.4">
            <displayName value="Guidance"/>
         </code>
         <value mediaType="text/plain"
                value="This eCQM is an episode-based measure and should be reported for each instance of an ED encounter during the measurement period for patients with a STEMI.&#xA;&#xA;This version of the eCQM uses QDM version 5.6. Please refer to the eCQI resource center (https://ecqi.healthit.gov/qdm) for more information on the QDM."
                xsi:type="ED"/>
      </measureAttribute>
   </subjectOf>
   <subjectOf>
      <measureAttribute>
         <code code="TRANF" codeSystem="2.16.840.1.113883.5.4">
            <displayName value="Transmission Format"/>
         </code>
         <value mediaType="text/plain" value="TBD" xsi:type="ED"/>
      </measureAttribute>
   </subjectOf>
   <subjectOf>
      <measureAttribute>
         <code code="IPOP" codeSystem="2.16.840.1.113883.5.4">
            <displayName value="Initial Population"/>
         </code>
         <value mediaType="text/plain"
                value="All emergency department encounters for patients 18 years and older at the start of the encounter with a diagnosis of ST-segment elevation myocardial infarction (STEMI) during an Emergency Department encounter that ends during the measurement period"
                xsi:type="ED"/>
      </measureAttribute>
   </subjectOf>
   <subjectOf>
      <measureAttribute>
         <code code="DENOM" codeSystem="2.16.840.1.113883.5.4">
            <displayName value="Denominator"/>
         </code>
         <value mediaType="text/plain" value="Equals Initial Population" xsi:type="ED"/>
      </measureAttribute>
   </subjectOf>
   <subjectOf>
      <measureAttribute>
         <code code="DENEX" codeSystem="2.16.840.1.113883.5.4">
            <displayName value="Denominator Exclusions"/>
         </code>
         <value mediaType="text/plain"
                value="Patients with the following conditions are excluded from measure denominator:&#xA;&#xA;At some point during ED encounter:&#xA;- Allergic reaction to alteplase, streptokinase, anistreplase, tenecteplase, or reteplase&#xA;&#xA;Starts before the start of ED encounter and does not end before ED encounter:&#xA;- Bleeding or bleeding diathesis (excluding menses)&#xA;- Known malignant intracranial neoplasm (primary or metastatic)&#xA;- Known structural cerebral vascular lesion (e.g., arteriovenous malformation)&#xA;- Advanced dementia&#xA;- Pregnancy&#xA;- Diagnosis of allergy to thrombolytics&#xA;&#xA;At the start of ED encounter, or most recent dose within 90 days or less of ED encounter:&#xA;-Active oral anticoagulant therapy&#xA;&#xA;Occurs 24 hours or less before start of ED encounter or during ED encounter:&#xA;- Aortic dissection or ruptured aortic aneurysm&#xA;- Severe neurologic impairment&#xA;- Mechanical circulatory assist device placement, including: aortic balloon pump, biventricular assist device, intra-aortic balloon, intra-aortic balloon counterpulsation, intra-aortic counterpulsation balloon pump, left ventricular device, percutaneous ventricular assist device, or ventricular assist device&#xA;- Intubation, including endotracheal intubation, mechanical ventilation, nasotracheal intubation, or orotracheal intubation&#xA;- Cardiopulmonary arrest, including: cardiac arrest, cardiopulmonary resuscitation (CPR), defibrillation, respiratory arrest, or ventricular fibrillation (V-fib), ventricular tachycardia (VT), or pulseless electrical activity (PEA); or, traumatic or prolonged (&gt;10 minutes) CPR&#xA;&#xA;Occurs 21 days or less before start of or starts during ED encounter:&#xA;- Major surgery &#xA;&#xA;Occurs 90 days before start of or at start of ED encounter:&#xA;- Ischemic stroke &#xA;- Significant facial and/or closed head trauma &#xA;- Peptic ulcer&#xA;&#xA;Occurs 90 days or less before start of ED encounter:&#xA;- Intracranial or intraspinal surgery &#xA;&#xA;With a discharge disposition of patient expired in the ED"
                xsi:type="ED"/>
      </measureAttribute>
   </subjectOf>
   <subjectOf>
      <measureAttribute>
         <code code="NUMER" codeSystem="2.16.840.1.113883.5.4">
            <displayName value="Numerator"/>
         </code>
         <value mediaType="text/plain"
                value="Emergency department encounters with a diagnosis of STEMI:&#xA; - where time from ED arrival to fibrinolysis is 30 minutes or fewer;&#xA;OR &#xA;- where PCI is performed within 90 minutes of arrival; &#xA;OR&#xA;- where the patient is transferred within 45 minutes of ED arrival"
                xsi:type="ED"/>
      </measureAttribute>
   </subjectOf>
   <subjectOf>
      <measureAttribute>
         <code code="NUMEX" codeSystem="2.16.840.1.113883.5.4">
            <displayName value="Numerator Exclusions"/>
         </code>
         <value mediaType="text/plain" value="Not Applicable" xsi:type="ED"/>
      </measureAttribute>
   </subjectOf>
   <subjectOf>
      <measureAttribute>
         <code code="DENEXCEP" codeSystem="2.16.840.1.113883.5.4">
            <displayName value="Denominator Exceptions"/>
         </code>
         <value mediaType="text/plain"
                value="Emergency department encounters where the patient received fibrinolytic therapy at another facility within 24 hours."
                xsi:type="ED"/>
      </measureAttribute>
   </subjectOf>
   <subjectOf>
      <measureAttribute>
         <code code="SDE" codeSystem="2.16.840.1.113883.5.4">
            <displayName value="Supplemental Data Elements"/>
         </code>
         <value mediaType="text/plain"
                value="For every patient evaluated by this measure also identify payer, race, ethnicity and sex"
                xsi:type="ED"/>
      </measureAttribute>
   </subjectOf>
   <componentOf>
      <qualityMeasureSet classCode="ACT">
         <id root="fb8caab1-dc9e-4a95-b14f-4f5dee7c6587"/>
         <title value=""/>
      </qualityMeasureSet>
   </componentOf>
   <!--Data Criteria Section-->
   <component>
      <dataCriteriaSection>
         <templateId>
            <item extension="2021-02-01" root="2.16.840.1.113883.10.20.28.2.6"/>
         </templateId>
         <code code="57025-9" codeSystem="2.16.840.1.113883.6.1"/>
         <title value="Data Criteria Section"/>
         <text/>
         <entry typeCode="DRIV">
            <localVariableName value="Thrombolyticmedications_AdverseEvent_GDR4V"/>
            <observationCriteria classCode="OBS" moodCode="EVN">
               <templateId>
                  <item extension="2021-02-01" root="2.16.840.1.113883.10.20.28.4.120"/>
               </templateId>
               <id extension="Thrombolyticmedications_AdverseEvent"
                   root="89ba7a41-005b-44dd-ae7c-f447f61c6b9c"/>
               <code code="ASSERTION" codeSystem="2.16.840.1.113883.5.4"/>
               <title value="Adverse Event"/>
               <statusCode code="COMPLETED"/>
               <value code="281647001" codeSystem="2.16.840.1.113883.6.96" xsi:type="CD"/>
			            <participation typeCode="CSM">
                  <role classCode="MANU">
                     <playingEntity classCode="MMAT" determinerCode="KIND">
                        <code valueSet="2.16.840.1.113762.1.4.1170.4"/>
                     </playingEntity>
                  </role>
               </participation>
		          </observationCriteria>
         </entry>
         <entry typeCode="DRIV">
            <localVariableName value="Thrombolyticmedications_Allergy/Intolerance_8AX0M"/>
            <observationCriteria classCode="OBS" moodCode="EVN">
               <templateId>
                  <item extension="2021-02-01" root="2.16.840.1.113883.10.20.28.4.119"/>
               </templateId>
               <id extension="Thrombolyticmedications_Allergy/Intolerance"
                   root="89ba7a41-005b-44dd-ae7c-f447f61c6b9c"/>
               <code code="ASSERTION" codeSystem="2.16.840.1.113883.5.4" codeSystemName="ActCode"/>
               <title value="Allergy/Intolerance"/>
               <statusCode code="COMPLETED"/>
               <value code="106190000" codeSystem="2.16.840.1.113883.6.96" xsi:type="CD"/>
			            <participation typeCode="CSM">
                  <role classCode="MANU">
                     <playingEntity classCode="MMAT" determinerCode="KIND">
                        <code valueSet="2.16.840.1.113762.1.4.1170.4"/>
                     </playingEntity>
                  </role>
               </participation>
		          </observationCriteria>
         </entry>
         <entry typeCode="DRIV">
            <localVariableName value="ONCAdministrativeSex_PatientCharacteristicSex_FK1aI"/>
            <observationCriteria classCode="OBS" moodCode="EVN">
               <templateId>
                  <item extension="2017-05-01" root="2.16.840.1.113883.10.20.28.4.55"/>
               </templateId>
               <id extension="ONCAdministrativeSex_PatientCharacteristicSex"
                   root="2ef6f5d3-cf1a-49bb-a9a4-daa519fbd816"/>
               <code code="263495000" codeSystem="2.16.840.1.113883.6.96" codeSystemName="SNOMED CT">
                  <displayName value="Gender"/>
               </code>
               <title value="Patient Characteristic Sex"/>
               <statusCode code="COMPLETED"/>
               <value valueSet="2.16.840.1.113762.1.4.1" xsi:type="CD"/>
            </observationCriteria>
         </entry>
         <entry typeCode="DRIV">
            <localVariableName value="DementiaandRelatedIntracranialPathologies_Diagnosis_8Ohzw"/>
            <observationCriteria classCode="OBS" moodCode="EVN">
               <templateId>
                  <item extension="2021-02-01" root="2.16.840.1.113883.10.20.28.4.110"/>
               </templateId>
               <id extension="DementiaandRelatedIntracranialPathologies_Diagnosis"
                   root="f6134b1d-a04f-4ef1-8a91-6e3659630fe0"/>
               <code code="282291009" codeSystem="2.16.840.1.113883.6.96" codeSystemName="SNOMED CT">
                  <displayName value="Diagnosis"/>
               </code>
               <title value="Diagnosis"/>
               <statusCode code="COMPLETED"/>
               <value valueSet="2.16.840.1.113883.3.3157.4043" xsi:type="CD"/>
            </observationCriteria>
         </entry>
         <entry typeCode="DRIV">
            <localVariableName value="Neurologicimpairment_Diagnosis_cINU4"/>
            <observationCriteria classCode="OBS" moodCode="EVN">
               <templateId>
                  <item extension="2021-02-01" root="2.16.840.1.113883.10.20.28.4.110"/>
               </templateId>
               <id extension="Neurologicimpairment_Diagnosis"
                   root="4fd64d4a-debc-4407-a562-bef61eca207f"/>
               <code code="282291009" codeSystem="2.16.840.1.113883.6.96" codeSystemName="SNOMED CT">
                  <displayName value="Diagnosis"/>
               </code>
               <title value="Diagnosis"/>
               <statusCode code="COMPLETED"/>
               <value valueSet="2.16.840.1.113883.3.464.1003.114.12.1012" xsi:type="CD"/>
            </observationCriteria>
         </entry>
         <entry typeCode="DRIV">
            <localVariableName value="Allergytothrombolytics_Diagnosis_64rOX"/>
            <observationCriteria classCode="OBS" moodCode="EVN">
               <templateId>
                  <item extension="2021-02-01" root="2.16.840.1.113883.10.20.28.4.110"/>
               </templateId>
               <id extension="Allergytothrombolytics_Diagnosis"
                   root="7dab3983-7009-4a14-9f6a-11892c4ad551"/>
               <code code="282291009" codeSystem="2.16.840.1.113883.6.96" codeSystemName="SNOMED CT">
                  <displayName value="Diagnosis"/>
               </code>
               <title value="Diagnosis"/>
               <statusCode code="COMPLETED"/>
               <value valueSet="2.16.840.1.113762.1.4.1170.5" xsi:type="CD"/>
            </observationCriteria>
         </entry>
         <entry typeCode="DRIV">
            <localVariableName value="InsertionorReplacementofMechanicalCirculatoryAssistDevice_ProcedurePerformed_a6Ko6"/>
            <procedureCriteria classCode="PROC" moodCode="EVN">
               <templateId>
                  <item extension="2021-02-01" root="2.16.840.1.113883.10.20.28.4.67"/>
               </templateId>
               <id extension="InsertionorReplacementofMechanicalCirculatoryAssistDevice_ProcedurePerformed"
                   root="65e99dcb-39d1-45fc-8f75-6bec899b5e14"/>
               <code valueSet="2.16.840.1.113883.3.3157.4052"/>
               <title value="Procedure, Performed"/>
               <statusCode code="COMPLETED"/>
            </procedureCriteria>
         </entry>
         <entry typeCode="DRIV">
            <localVariableName value="EmergencyDepartmentVisit_EncounterPerformed_2rqnU"/>
            <encounterCriteria classCode="ENC" moodCode="EVN">
               <templateId>
                  <item extension="2021-02-01" root="2.16.840.1.113883.10.20.28.4.5"/>
               </templateId>
               <id extension="EmergencyDepartmentVisit_EncounterPerformed"
                   root="943fd468-a486-47eb-bcef-69bbc31a73a0"/>
               <code valueSet="2.16.840.1.113883.3.117.1.7.1.292"/>
               <title value="Encounter, Performed"/>
               <statusCode code="COMPLETED"/>
            </encounterCriteria>
         </entry>
         <entry typeCode="DRIV">
            <localVariableName value="IschemicStroke_Diagnosis_4hMEp"/>
            <observationCriteria classCode="OBS" moodCode="EVN">
               <templateId>
                  <item extension="2021-02-01" root="2.16.840.1.113883.10.20.28.4.110"/>
               </templateId>
               <id extension="IschemicStroke_Diagnosis"
                   root="c6eff90f-0b64-4f3b-b97e-49caa44da1aa"/>
               <code code="282291009" codeSystem="2.16.840.1.113883.6.96" codeSystemName="SNOMED CT">
                  <displayName value="Diagnosis"/>
               </code>
               <title value="Diagnosis"/>
               <statusCode code="COMPLETED"/>
               <value valueSet="2.16.840.1.113883.3.117.1.7.1.247" xsi:type="CD"/>
            </observationCriteria>
         </entry>
         <entry typeCode="DRIV">
            <localVariableName value="Race_PatientCharacteristicRace_nPFvL"/>
            <observationCriteria classCode="OBS" moodCode="EVN">
               <templateId>
                  <item extension="2017-05-01" root="2.16.840.1.113883.10.20.28.4.59"/>
               </templateId>
               <id extension="Race_PatientCharacteristicRace"
                   root="870b1875-55b0-4311-af81-2c1698f6c564"/>
               <code code="32624-9" codeSystem="2.16.840.1.113883.6.1" codeSystemName="LOINC">
                  <displayName value="Race"/>
               </code>
               <title value="Patient Characteristic Race"/>
               <statusCode code="COMPLETED"/>
               <value valueSet="2.16.840.1.114222.4.11.836" xsi:type="CD"/>
            </observationCriteria>
         </entry>
         <entry typeCode="DRIV">
            <localVariableName value="STEMI_Diagnosis_E3HfD"/>
            <observationCriteria classCode="OBS" moodCode="EVN">
               <templateId>
                  <item extension="2021-02-01" root="2.16.840.1.113883.10.20.28.4.110"/>
               </templateId>
               <id extension="STEMI_Diagnosis" root="89a39b30-ed84-41f3-9ad1-4711e840f2a6"/>
               <code code="282291009" codeSystem="2.16.840.1.113883.6.96" codeSystemName="SNOMED CT">
                  <displayName value="Diagnosis"/>
               </code>
               <title value="Diagnosis"/>
               <statusCode code="COMPLETED"/>
               <value valueSet="2.16.840.1.113883.3.3157.4017" xsi:type="CD"/>
            </observationCriteria>
         </entry>
         <entry typeCode="DRIV">
            <localVariableName value="FibrinolyticTherapy_MedicationAdministered_WjgNi"/>
            <substanceAdministrationCriteria classCode="SBADM" moodCode="EVN">
               <templateId>
                  <item extension="2021-02-01" root="2.16.840.1.113883.10.20.28.4.45"/>
               </templateId>
               <id extension="FibrinolyticTherapy_MedicationAdministered"
                   root="1c52c35f-ec97-4517-b08a-ec5faacc5065"/>
               <code code="416118004" codeSystem="2.16.840.1.113883.6.96"/>
               <title value="Medication, Administered"/>
               <statusCode code="COMPLETED"/>
			            <participation typeCode="CSM">
                  <role classCode="MANU">
                     <playingManufacturedMaterial classCode="MMAT" determinerCode="KIND">
                        <code valueSet="2.16.840.1.113883.3.3157.4019"/>
                     </playingManufacturedMaterial>
                  </role>
               </participation>
		          </substanceAdministrationCriteria>
         </entry>
         <entry typeCode="DRIV">
            <localVariableName value="IntracranialorIntraspinalsurgery_ProcedurePerformed_MzYs8"/>
            <procedureCriteria classCode="PROC" moodCode="EVN">
               <templateId>
                  <item extension="2021-02-01" root="2.16.840.1.113883.10.20.28.4.67"/>
               </templateId>
               <id extension="IntracranialorIntraspinalsurgery_ProcedurePerformed"
                   root="e42185e7-f496-46b8-9460-6a741321b47b"/>
               <code valueSet="2.16.840.1.113762.1.4.1170.2"/>
               <title value="Procedure, Performed"/>
               <statusCode code="COMPLETED"/>
            </procedureCriteria>
         </entry>
         <entry typeCode="DRIV">
            <localVariableName value="OralAnticoagulantMedications_MedicationActive_9fKs9"/>
            <substanceAdministrationCriteria classCode="SBADM" moodCode="EVN">
               <templateId>
                  <item extension="2021-02-01" root="2.16.840.1.113883.10.20.28.4.44"/>
               </templateId>
               <id extension="OralAnticoagulantMedications_MedicationActive"
                   root="1a40898c-4ae7-4c3f-a156-268484e484d3"/>
               <title value="Medication, Active"/>
               <statusCode code="ACTIVE"/>
			            <participation typeCode="CSM">
                  <role classCode="MANU">
                     <playingMaterial classCode="MMAT" determinerCode="KIND">
                        <code valueSet="2.16.840.1.113883.3.3157.4045"/>
                     </playingMaterial>
                  </role>
               </participation>
		          </substanceAdministrationCriteria>
         </entry>
         <entry typeCode="DRIV">
            <localVariableName value="MalignantIntracranialNeoplasmGroup_Diagnosis_QAHg6"/>
            <observationCriteria classCode="OBS" moodCode="EVN">
               <templateId>
                  <item extension="2021-02-01" root="2.16.840.1.113883.10.20.28.4.110"/>
               </templateId>
               <id extension="MalignantIntracranialNeoplasmGroup_Diagnosis"
                   root="79c05f91-0708-4354-907f-e16f5fd50d18"/>
               <code code="282291009" codeSystem="2.16.840.1.113883.6.96" codeSystemName="SNOMED CT">
                  <displayName value="Diagnosis"/>
               </code>
               <title value="Diagnosis"/>
               <statusCode code="COMPLETED"/>
               <value valueSet="2.16.840.1.113762.1.4.1170.3" xsi:type="CD"/>
            </observationCriteria>
         </entry>
         <entry typeCode="DRIV">
            <localVariableName value="CardiopulmonaryArrest_Diagnosis_ofIOq"/>
            <observationCriteria classCode="OBS" moodCode="EVN">
               <templateId>
                  <item extension="2021-02-01" root="2.16.840.1.113883.10.20.28.4.110"/>
               </templateId>
               <id extension="CardiopulmonaryArrest_Diagnosis"
                   root="317a6912-2d1d-483c-923b-e975a0cd8217"/>
               <code code="282291009" codeSystem="2.16.840.1.113883.6.96" codeSystemName="SNOMED CT">
                  <displayName value="Diagnosis"/>
               </code>
               <title value="Diagnosis"/>
               <statusCode code="COMPLETED"/>
               <value valueSet="2.16.840.1.113883.3.3157.4048" xsi:type="CD"/>
            </observationCriteria>
         </entry>
         <entry typeCode="DRIV">
            <localVariableName value="CerebralVascularLesion_Diagnosis_fi6Rr"/>
            <observationCriteria classCode="OBS" moodCode="EVN">
               <templateId>
                  <item extension="2021-02-01" root="2.16.840.1.113883.10.20.28.4.110"/>
               </templateId>
               <id extension="CerebralVascularLesion_Diagnosis"
                   root="e6ba4d3a-f9a6-4282-9354-efee28141015"/>
               <code code="282291009" codeSystem="2.16.840.1.113883.6.96" codeSystemName="SNOMED CT">
                  <displayName value="Diagnosis"/>
               </code>
               <title value="Diagnosis"/>
               <statusCode code="COMPLETED"/>
               <value valueSet="2.16.840.1.113883.3.3157.4025" xsi:type="CD"/>
            </observationCriteria>
         </entry>
         <entry typeCode="DRIV">
            <localVariableName value="AorticDissectionorRupturedAorticAneurysm_Diagnosis_1WhiI"/>
            <observationCriteria classCode="OBS" moodCode="EVN">
               <templateId>
                  <item extension="2021-02-01" root="2.16.840.1.113883.10.20.28.4.110"/>
               </templateId>
               <id extension="AorticDissectionorRupturedAorticAneurysm_Diagnosis"
                   root="d6fbd1a8-c015-483b-8843-a8f9b9a923b7"/>
               <code code="282291009" codeSystem="2.16.840.1.113883.6.96" codeSystemName="SNOMED CT">
                  <displayName value="Diagnosis"/>
               </code>
               <title value="Diagnosis"/>
               <statusCode code="COMPLETED"/>
               <value valueSet="2.16.840.1.113883.3.3157.4028" xsi:type="CD"/>
            </observationCriteria>
         </entry>
         <entry typeCode="DRIV">
            <localVariableName value="EmergencyDepartmentEvaluationandManagementVisit_EncounterPerformed_BzrwO"/>
            <encounterCriteria classCode="ENC" moodCode="EVN">
               <templateId>
                  <item extension="2021-02-01" root="2.16.840.1.113883.10.20.28.4.5"/>
               </templateId>
               <id extension="EmergencyDepartmentEvaluationandManagementVisit_EncounterPerformed"
                   root="16f13d2c-af22-470e-a8eb-17af476dfc1b"/>
               <code valueSet="2.16.840.1.113883.3.464.1003.101.12.1010"/>
               <title value="Encounter, Performed"/>
               <statusCode code="COMPLETED"/>
            </encounterCriteria>
         </entry>
         <entry typeCode="DRIV">
            <localVariableName value="ActiveBleedingExcludingMensesorBleedingDiathesis_Diagnosis_BcrZf"/>
            <observationCriteria classCode="OBS" moodCode="EVN">
               <templateId>
                  <item extension="2021-02-01" root="2.16.840.1.113883.10.20.28.4.110"/>
               </templateId>
               <id extension="ActiveBleedingExcludingMensesorBleedingDiathesis_Diagnosis"
                   root="6c491205-5e11-4efa-906e-7eaf826264e9"/>
               <code code="282291009" codeSystem="2.16.840.1.113883.6.96" codeSystemName="SNOMED CT">
                  <displayName value="Diagnosis"/>
               </code>
               <title value="Diagnosis"/>
               <statusCode code="COMPLETED"/>
               <value valueSet="2.16.840.1.113883.3.3157.4036" xsi:type="CD"/>
            </observationCriteria>
         </entry>
         <entry typeCode="DRIV">
            <localVariableName value="MajorSurgicalProcedure_ProcedurePerformed_ZuFhQ"/>
            <procedureCriteria classCode="PROC" moodCode="EVN">
               <templateId>
                  <item extension="2021-02-01" root="2.16.840.1.113883.10.20.28.4.67"/>
               </templateId>
               <id extension="MajorSurgicalProcedure_ProcedurePerformed"
                   root="cf8c39cc-86e6-4e7c-90a5-27754b4d0f8f"/>
               <code valueSet="2.16.840.1.113883.3.3157.4056"/>
               <title value="Procedure, Performed"/>
               <statusCode code="COMPLETED"/>
            </procedureCriteria>
         </entry>
         <entry typeCode="DRIV">
            <localVariableName value="Ethnicity_PatientCharacteristicEthnicity_DWVBV"/>
            <observationCriteria classCode="OBS" moodCode="EVN">
               <templateId>
                  <item extension="2017-05-01" root="2.16.840.1.113883.10.20.28.4.56"/>
               </templateId>
               <id extension="Ethnicity_PatientCharacteristicEthnicity"
                   root="1e722044-1997-4838-b583-516655970973"/>
               <code code="54133-4" codeSystem="2.16.840.1.113883.6.1" codeSystemName="LOINC">
                  <displayName value="Ethnicity"/>
               </code>
               <title value="Patient Characteristic Ethnicity"/>
               <statusCode code="COMPLETED"/>
               <value valueSet="2.16.840.1.114222.4.11.837" xsi:type="CD"/>
            </observationCriteria>
         </entry>
         <entry typeCode="DRIV">
            <localVariableName value="EndotrachealIntubation_ProcedurePerformed_kMfwE"/>
            <procedureCriteria classCode="PROC" moodCode="EVN">
               <templateId>
                  <item extension="2021-02-01" root="2.16.840.1.113883.10.20.28.4.67"/>
               </templateId>
               <id extension="EndotrachealIntubation_ProcedurePerformed"
                   root="d1a7158d-b0bc-4991-bb49-4067bd20b187"/>
               <code valueSet="2.16.840.1.113762.1.4.1045.69"/>
               <title value="Procedure, Performed"/>
               <statusCode code="COMPLETED"/>
            </procedureCriteria>
         </entry>
         <entry typeCode="DRIV">
            <localVariableName value="PregnantState_Diagnosis_oZ6gY"/>
            <observationCriteria classCode="OBS" moodCode="EVN">
               <templateId>
                  <item extension="2021-02-01" root="2.16.840.1.113883.10.20.28.4.110"/>
               </templateId>
               <id extension="PregnantState_Diagnosis" root="5497903d-f2e3-4e38-bea3-b4b7c59bba7f"/>
               <code code="282291009" codeSystem="2.16.840.1.113883.6.96" codeSystemName="SNOMED CT">
                  <displayName value="Diagnosis"/>
               </code>
               <title value="Diagnosis"/>
               <statusCode code="COMPLETED"/>
               <value valueSet="2.16.840.1.113883.3.3157.4055" xsi:type="CD"/>
            </observationCriteria>
         </entry>
         <entry typeCode="DRIV">
            <localVariableName value="AcutePepticUlcer_Diagnosis_b7nq5"/>
            <observationCriteria classCode="OBS" moodCode="EVN">
               <templateId>
                  <item extension="2021-02-01" root="2.16.840.1.113883.10.20.28.4.110"/>
               </templateId>
               <id extension="AcutePepticUlcer_Diagnosis"
                   root="fb4718a6-3205-4f0b-9d05-5d984eef7d6d"/>
               <code code="282291009" codeSystem="2.16.840.1.113883.6.96" codeSystemName="SNOMED CT">
                  <displayName value="Diagnosis"/>
               </code>
               <title value="Diagnosis"/>
               <statusCode code="COMPLETED"/>
               <value valueSet="2.16.840.1.113883.3.3157.4031" xsi:type="CD"/>
            </observationCriteria>
         </entry>
         <entry typeCode="DRIV">
            <localVariableName value="PayerType_PatientCharacteristicPayer_fqiG7"/>
            <observationCriteria classCode="OBS" moodCode="EVN">
               <templateId>
                  <item extension="2017-05-01" root="2.16.840.1.113883.10.20.28.4.58"/>
               </templateId>
               <id extension="PayerType_PatientCharacteristicPayer"
                   root="882dd25f-f711-4fc5-aac4-eef5d0836eba"/>
               <code code="48768-6" codeSystem="2.16.840.1.113883.6.1" codeSystemName="LOINC">
                  <displayName value="Payer Type"/>
               </code>
               <title value="Patient Characteristic Payer"/>
               <statusCode code="COMPLETED"/>
               <value valueSet="2.16.840.1.114222.4.11.3591" xsi:type="CD"/>
            </observationCriteria>
         </entry>
         <entry typeCode="DRIV">
            <localVariableName value="PercutaneousCoronaryIntervention_ProcedurePerformed_PuLxv"/>
            <procedureCriteria classCode="PROC" moodCode="EVN">
               <templateId>
                  <item extension="2021-02-01" root="2.16.840.1.113883.10.20.28.4.67"/>
               </templateId>
               <id extension="PercutaneousCoronaryIntervention_ProcedurePerformed"
                   root="a3ed5d76-be49-4604-9ad6-77a86ba850b3"/>
               <code valueSet="2.16.840.1.113883.3.3157.2000.5"/>
               <title value="Procedure, Performed"/>
               <statusCode code="COMPLETED"/>
            </procedureCriteria>
         </entry>
         <entry typeCode="DRIV">
            <localVariableName value="ClosedHeadandFacialTrauma_Diagnosis_ZlvlK"/>
            <observationCriteria classCode="OBS" moodCode="EVN">
               <templateId>
                  <item extension="2021-02-01" root="2.16.840.1.113883.10.20.28.4.110"/>
               </templateId>
               <id extension="ClosedHeadandFacialTrauma_Diagnosis"
                   root="ea731539-f55e-4338-9482-d58e7bb6743b"/>
               <code code="282291009" codeSystem="2.16.840.1.113883.6.96" codeSystemName="SNOMED CT">
                  <displayName value="Diagnosis"/>
               </code>
               <title value="Diagnosis"/>
               <statusCode code="COMPLETED"/>
               <value valueSet="2.16.840.1.113883.3.3157.4026" xsi:type="CD"/>
            </observationCriteria>
         </entry>
         <entry typeCode="DRIV">
            <observationCriteria classCode="OBS" moodCode="EVN">
               <templateId>
                  <item extension="2021-02-01" root="2.16.840.1.113883.10.20.28.4.110"/>
               </templateId>
               <id extension="Z92.82_Diagnosis" root="E00CDA61-0C25-4E1E-BA76-C57F1742CD1D"/>
               <code code="282291009" codeSystem="2.16.840.1.113883.6.96" codeSystemName="SNOMED CT">
                  <displayName value="Diagnosis"/>
               </code>
               <title value="Diagnosis"/>
               <statusCode code="COMPLETED"/>
               <value code="Z92.82" codeSystem="2.16.840.1.113883.6.90" codeSystemName="ICD10CM"
                      xsi:type="CD"/>
            </observationCriteria>
         </entry>
      </dataCriteriaSection>
   </component>
   <component>
      <populationCriteriaSection>
         <templateId>
            <item extension="2017-08-01" root="2.16.840.1.113883.10.20.28.2.7"/>
         </templateId>
         <id extension="PopulationCriteria1" root="3FDB5294-283F-45C6-BCCE-70487AB3827F"/>
         <code code="57026-7" codeSystem="2.16.840.1.113883.6.1"/>
         <title value="Population Criteria Section"/>
         <text/>
         <component typeCode="COMP">
            <initialPopulationCriteria classCode="OBS" moodCode="EVN">
               <id extension="initialPopulation" root="970D6B77-3464-443A-8625-A55D43F9FF8E"/>
               <code code="IPOP" codeSystem="2.16.840.1.113883.5.4" codeSystemName="Act Code"/>
               <precondition typeCode="PRCN">
                  <criteriaReference classCode="OBS" moodCode="EVN">
                     <id extension="AppropriateTreatmentforSTEMI.&quot;Initial Population&quot;"
                         root="E0AEE2EB-2131-438F-9911-4283F087FF87"/>
                  </criteriaReference>
               </precondition>
            </initialPopulationCriteria>
         </component>
         <component typeCode="COMP">
            <denominatorCriteria classCode="OBS" moodCode="EVN">
               <id extension="denominator" root="662EBA4E-53FA-4D0A-8BC1-9D1AF5CC5D6D"/>
               <code code="DENOM" codeSystem="2.16.840.1.113883.5.4" codeSystemName="Act Code"/>
               <precondition typeCode="PRCN">
                  <criteriaReference classCode="OBS" moodCode="EVN">
                     <id extension="AppropriateTreatmentforSTEMI.&quot;Denominator&quot;"
                         root="E0AEE2EB-2131-438F-9911-4283F087FF87"/>
                  </criteriaReference>
               </precondition>
            </denominatorCriteria>
         </component>
         <component typeCode="COMP">
            <denominatorExclusionCriteria classCode="OBS" moodCode="EVN">
               <id extension="denominatorExclusions" root="5B397562-584F-48DE-843E-4B6197AB2D2D"/>
               <code code="DENEX" codeSystem="2.16.840.1.113883.5.4" codeSystemName="Act Code"/>
               <precondition typeCode="PRCN">
                  <criteriaReference classCode="OBS" moodCode="EVN">
                     <id extension="AppropriateTreatmentforSTEMI.&quot;Denominator Exclusions&quot;"
                         root="E0AEE2EB-2131-438F-9911-4283F087FF87"/>
                  </criteriaReference>
               </precondition>
            </denominatorExclusionCriteria>
         </component>
         <component typeCode="COMP">
            <denominatorExceptionCriteria classCode="OBS" moodCode="EVN">
               <id extension="denominatorExceptions" root="B1BB87EC-E690-4793-AEC5-5078EC7EC9BA"/>
               <code code="DENEXCEP" codeSystem="2.16.840.1.113883.5.4" codeSystemName="Act Code"/>
               <precondition typeCode="PRCN">
                  <criteriaReference classCode="OBS" moodCode="EVN">
                     <id extension="AppropriateTreatmentforSTEMI.&quot;Received tPA in Another Facility within 24 hours Prior to Admission&quot;"
                         root="E0AEE2EB-2131-438F-9911-4283F087FF87"/>
                  </criteriaReference>
               </precondition>
            </denominatorExceptionCriteria>
         </component>
         <component typeCode="COMP">
            <numeratorCriteria classCode="OBS" moodCode="EVN">
               <id extension="numerator" root="A03E0821-4045-4A29-8EA9-97E84BA7BF68"/>
               <code code="NUMER" codeSystem="2.16.840.1.113883.5.4" codeSystemName="Act Code"/>
               <precondition typeCode="PRCN">
                  <criteriaReference classCode="OBS" moodCode="EVN">
                     <id extension="AppropriateTreatmentforSTEMI.&quot;Numerator&quot;"
                         root="E0AEE2EB-2131-438F-9911-4283F087FF87"/>
                  </criteriaReference>
               </precondition>
            </numeratorCriteria>
         </component>
         <component typeCode="COMP">
            <cql-ext:supplementalDataElement>
               <id extension="Supplemental Data Elements"
                   root="2B9EDFA9-83E4-4D17-BD84-809CF2AE2A95"/>
               <code code="SDE" codeSystem="2.16.840.1.113883.5.4" codeSystemName="Act Code"/>
               <precondition typeCode="PRCN">
                  <criteriaReference classCode="OBS" moodCode="EVN">
                     <id extension="AppropriateTreatmentforSTEMI.&quot;SDE Ethnicity&quot;"
                         root="E0AEE2EB-2131-438F-9911-4283F087FF87"/>
                  </criteriaReference>
               </precondition>
            </cql-ext:supplementalDataElement>
         </component>
         <component typeCode="COMP">
            <cql-ext:supplementalDataElement>
               <id extension="Supplemental Data Elements"
                   root="83C8ABA7-F255-4F86-A91F-A95929F9A3A1"/>
               <code code="SDE" codeSystem="2.16.840.1.113883.5.4" codeSystemName="Act Code"/>
               <precondition typeCode="PRCN">
                  <criteriaReference classCode="OBS" moodCode="EVN">
                     <id extension="AppropriateTreatmentforSTEMI.&quot;SDE Race&quot;"
                         root="E0AEE2EB-2131-438F-9911-4283F087FF87"/>
                  </criteriaReference>
               </precondition>
            </cql-ext:supplementalDataElement>
         </component>
         <component typeCode="COMP">
            <cql-ext:supplementalDataElement>
               <id extension="Supplemental Data Elements"
                   root="C7D58773-2036-41D1-A55C-47229A66DB0C"/>
               <code code="SDE" codeSystem="2.16.840.1.113883.5.4" codeSystemName="Act Code"/>
               <precondition typeCode="PRCN">
                  <criteriaReference classCode="OBS" moodCode="EVN">
                     <id extension="AppropriateTreatmentforSTEMI.&quot;SDE Sex&quot;"
                         root="E0AEE2EB-2131-438F-9911-4283F087FF87"/>
                  </criteriaReference>
               </precondition>
            </cql-ext:supplementalDataElement>
         </component>
         <component typeCode="COMP">
            <cql-ext:supplementalDataElement>
               <id extension="Supplemental Data Elements"
                   root="6E2A58AE-8A3F-4D49-B6B0-9E0E5C96EB0F"/>
               <code code="SDE" codeSystem="2.16.840.1.113883.5.4" codeSystemName="Act Code"/>
               <precondition typeCode="PRCN">
                  <criteriaReference classCode="OBS" moodCode="EVN">
                     <id extension="AppropriateTreatmentforSTEMI.&quot;SDE Payer&quot;"
                         root="E0AEE2EB-2131-438F-9911-4283F087FF87"/>
                  </criteriaReference>
               </precondition>
            </cql-ext:supplementalDataElement>
         </component>
      </populationCriteriaSection>
   </component>
</QualityMeasureDocument>