{
   "library" : {
      "annotation" : [ {
         "translatorOptions" : "EnableAnnotations,EnableLocators,DisableListDemotion,DisableListPromotion,DisableMethodInvocation",
         "type" : "CqlToElmInfo"
      }, {
         "type" : "Annotation",
         "s" : {
            "r" : "41",
            "s" : [ {
               "value" : [ "","library PrimaryCariesPreventionasOfferedbyDentists version '12.0.000'" ]
            } ]
         }
      } ],
      "identifier" : {
         "id" : "PrimaryCariesPreventionasOfferedbyDentists",
         "version" : "12.0.000"
      },
      "schemaIdentifier" : {
         "id" : "urn:hl7-org:elm",
         "version" : "r1"
      },
      "usings" : {
         "def" : [ {
            "localIdentifier" : "System",
            "uri" : "urn:hl7-org:elm-types:r1"
         }, {
            "localId" : "1",
            "locator" : "3:1-3:23",
            "localIdentifier" : "QDM",
            "uri" : "urn:healthit-gov:qdm:v5_6",
            "version" : "5.6",
            "annotation" : [ {
               "type" : "Annotation",
               "s" : {
                  "r" : "1",
                  "s" : [ {
                     "value" : [ "","using " ]
                  }, {
                     "s" : [ {
                        "value" : [ "QDM" ]
                     } ]
                  }, {
                     "value" : [ " version ","'5.6'" ]
                  } ]
               }
            } ]
         } ]
      },
      "includes" : {
         "def" : [ {
            "localId" : "2",
            "locator" : "5:1-5:64",
            "localIdentifier" : "Global",
            "path" : "MATGlobalCommonFunctions",
            "version" : "7.0.000",
            "annotation" : [ {
               "type" : "Annotation",
               "s" : {
                  "r" : "2",
                  "s" : [ {
                     "value" : [ "","include " ]
                  }, {
                     "s" : [ {
                        "value" : [ "MATGlobalCommonFunctions" ]
                     } ]
                  }, {
                     "value" : [ " version ","'7.0.000'"," called ","Global" ]
                  } ]
               }
            } ]
         }, {
            "localId" : "3",
            "locator" : "6:1-6:48",
            "localIdentifier" : "Hospice",
            "path" : "Hospice",
            "version" : "4.0.000",
            "annotation" : [ {
               "type" : "Annotation",
               "s" : {
                  "r" : "3",
                  "s" : [ {
                     "value" : [ "","include " ]
                  }, {
                     "s" : [ {
                        "value" : [ "Hospice" ]
                     } ]
                  }, {
                     "value" : [ " version ","'4.0.000'"," called ","Hospice" ]
                  } ]
               }
            } ]
         } ]
      },
      "parameters" : {
         "def" : [ {
            "localId" : "12",
            "locator" : "15:1-15:49",
            "name" : "Measurement Period",
            "accessLevel" : "Public",
            "annotation" : [ {
               "type" : "Annotation",
               "s" : {
                  "r" : "12",
                  "s" : [ {
                     "value" : [ "","parameter ","\"Measurement Period\""," " ]
                  }, {
                     "r" : "11",
                     "s" : [ {
                        "value" : [ "Interval<" ]
                     }, {
                        "r" : "10",
                        "s" : [ {
                           "value" : [ "DateTime" ]
                        } ]
                     }, {
                        "value" : [ ">" ]
                     } ]
                  } ]
               }
            } ],
            "parameterTypeSpecifier" : {
               "localId" : "11",
               "locator" : "15:32-15:49",
               "type" : "IntervalTypeSpecifier",
               "pointType" : {
                  "localId" : "10",
                  "locator" : "15:41-15:48",
                  "name" : "{urn:hl7-org:elm-types:r1}DateTime",
                  "type" : "NamedTypeSpecifier"
               }
            }
         } ]
      },
      "valueSets" : {
         "def" : [ {
            "localId" : "4",
            "locator" : "8:1-8:87",
            "name" : "Clinical Oral Evaluation",
            "id" : "urn:oid:2.16.840.1.113883.3.464.1003.125.12.1003",
            "accessLevel" : "Public",
            "annotation" : [ {
               "type" : "Annotation",
               "s" : {
                  "r" : "4",
                  "s" : [ {
                     "value" : [ "","valueset ","\"Clinical Oral Evaluation\"",": ","'urn:oid:2.16.840.1.113883.3.464.1003.125.12.1003'" ]
                  } ]
               }
            } ]
         }, {
            "localId" : "5",
            "locator" : "9:1-9:58",
            "name" : "Ethnicity",
            "id" : "urn:oid:2.16.840.1.114222.4.11.837",
            "accessLevel" : "Public",
            "annotation" : [ {
               "type" : "Annotation",
               "s" : {
                  "r" : "5",
                  "s" : [ {
                     "value" : [ "","valueset ","\"Ethnicity\"",": ","'urn:oid:2.16.840.1.114222.4.11.837'" ]
                  } ]
               }
            } ]
         }, {
            "localId" : "6",
            "locator" : "10:1-10:104",
            "name" : "Fluoride Varnish Application for Children",
            "id" : "urn:oid:2.16.840.1.113883.3.464.1003.125.12.1002",
            "accessLevel" : "Public",
            "annotation" : [ {
               "type" : "Annotation",
               "s" : {
                  "r" : "6",
                  "s" : [ {
                     "value" : [ "","valueset ","\"Fluoride Varnish Application for Children\"",": ","'urn:oid:2.16.840.1.113883.3.464.1003.125.12.1002'" ]
                  } ]
               }
            } ]
         }, {
            "localId" : "7",
            "locator" : "11:1-11:68",
            "name" : "ONC Administrative Sex",
            "id" : "urn:oid:2.16.840.1.113762.1.4.1",
            "accessLevel" : "Public",
            "annotation" : [ {
               "type" : "Annotation",
               "s" : {
                  "r" : "7",
                  "s" : [ {
                     "value" : [ "","valueset ","\"ONC Administrative Sex\"",": ","'urn:oid:2.16.840.1.113762.1.4.1'" ]
                  } ]
               }
            } ]
         }, {
            "localId" : "8",
            "locator" : "12:1-12:55",
            "name" : "Payer",
            "id" : "urn:oid:2.16.840.1.114222.4.11.3591",
            "accessLevel" : "Public",
            "annotation" : [ {
               "type" : "Annotation",
               "s" : {
                  "r" : "8",
                  "s" : [ {
                     "value" : [ "","valueset ","\"Payer\"",": ","'urn:oid:2.16.840.1.114222.4.11.3591'" ]
                  } ]
               }
            } ]
         }, {
            "localId" : "9",
            "locator" : "13:1-13:53",
            "name" : "Race",
            "id" : "urn:oid:2.16.840.1.114222.4.11.836",
            "accessLevel" : "Public",
            "annotation" : [ {
               "type" : "Annotation",
               "s" : {
                  "r" : "9",
                  "s" : [ {
                     "value" : [ "","valueset ","\"Race\"",": ","'urn:oid:2.16.840.1.114222.4.11.836'" ]
                  } ]
               }
            } ]
         } ]
      },
      "contexts" : {
         "def" : [ {
            "locator" : "17:1-17:15",
            "name" : "Patient"
         } ]
      },
      "statements" : {
         "def" : [ {
            "locator" : "17:1-17:15",
            "name" : "Patient",
            "context" : "Patient",
            "expression" : {
               "type" : "SingletonFrom",
               "operand" : {
                  "locator" : "17:1-17:15",
                  "dataType" : "{urn:healthit-gov:qdm:v5_6}Patient",
                  "templateId" : "Patient",
                  "type" : "Retrieve"
               }
            }
         }, {
            "localId" : "14",
            "locator" : "19:1-20:51",
            "name" : "SDE Ethnicity",
            "context" : "Patient",
            "accessLevel" : "Public",
            "annotation" : [ {
               "type" : "Annotation",
               "s" : {
                  "r" : "14",
                  "s" : [ {
                     "value" : [ "","define ","\"SDE Ethnicity\"",":\n  " ]
                  }, {
                     "r" : "13",
                     "s" : [ {
                        "value" : [ "[","\"Patient Characteristic Ethnicity\"",": " ]
                     }, {
                        "s" : [ {
                           "value" : [ "\"Ethnicity\"" ]
                        } ]
                     }, {
                        "value" : [ "]" ]
                     } ]
                  } ]
               }
            } ],
            "expression" : {
               "localId" : "13",
               "locator" : "20:3-20:51",
               "dataType" : "{urn:healthit-gov:qdm:v5_6}PatientCharacteristicEthnicity",
               "codeProperty" : "code",
               "codeComparator" : "in",
               "type" : "Retrieve",
               "codes" : {
                  "locator" : "20:40-20:50",
                  "name" : "Ethnicity",
                  "type" : "ValueSetRef"
               }
            }
         }, {
            "localId" : "16",
            "locator" : "22:1-23:43",
            "name" : "SDE Payer",
            "context" : "Patient",
            "accessLevel" : "Public",
            "annotation" : [ {
               "type" : "Annotation",
               "s" : {
                  "r" : "16",
                  "s" : [ {
                     "value" : [ "","define ","\"SDE Payer\"",":\n  " ]
                  }, {
                     "r" : "15",
                     "s" : [ {
                        "value" : [ "[","\"Patient Characteristic Payer\"",": " ]
                     }, {
                        "s" : [ {
                           "value" : [ "\"Payer\"" ]
                        } ]
                     }, {
                        "value" : [ "]" ]
                     } ]
                  } ]
               }
            } ],
            "expression" : {
               "localId" : "15",
               "locator" : "23:3-23:43",
               "dataType" : "{urn:healthit-gov:qdm:v5_6}PatientCharacteristicPayer",
               "codeProperty" : "code",
               "codeComparator" : "in",
               "type" : "Retrieve",
               "codes" : {
                  "locator" : "23:36-23:42",
                  "name" : "Payer",
                  "type" : "ValueSetRef"
               }
            }
         }, {
            "localId" : "18",
            "locator" : "25:1-26:41",
            "name" : "SDE Race",
            "context" : "Patient",
            "accessLevel" : "Public",
            "annotation" : [ {
               "type" : "Annotation",
               "s" : {
                  "r" : "18",
                  "s" : [ {
                     "value" : [ "","define ","\"SDE Race\"",":\n  " ]
                  }, {
                     "r" : "17",
                     "s" : [ {
                        "value" : [ "[","\"Patient Characteristic Race\"",": " ]
                     }, {
                        "s" : [ {
                           "value" : [ "\"Race\"" ]
                        } ]
                     }, {
                        "value" : [ "]" ]
                     } ]
                  } ]
               }
            } ],
            "expression" : {
               "localId" : "17",
               "locator" : "26:3-26:41",
               "dataType" : "{urn:healthit-gov:qdm:v5_6}PatientCharacteristicRace",
               "codeProperty" : "code",
               "codeComparator" : "in",
               "type" : "Retrieve",
               "codes" : {
                  "locator" : "26:35-26:40",
                  "name" : "Race",
                  "type" : "ValueSetRef"
               }
            }
         }, {
            "localId" : "20",
            "locator" : "28:1-29:58",
            "name" : "SDE Sex",
            "context" : "Patient",
            "accessLevel" : "Public",
            "annotation" : [ {
               "type" : "Annotation",
               "s" : {
                  "r" : "20",
                  "s" : [ {
                     "value" : [ "","define ","\"SDE Sex\"",":\n  " ]
                  }, {
                     "r" : "19",
                     "s" : [ {
                        "value" : [ "[","\"Patient Characteristic Sex\"",": " ]
                     }, {
                        "s" : [ {
                           "value" : [ "\"ONC Administrative Sex\"" ]
                        } ]
                     }, {
                        "value" : [ "]" ]
                     } ]
                  } ]
               }
            } ],
            "expression" : {
               "localId" : "19",
               "locator" : "29:3-29:58",
               "dataType" : "{urn:healthit-gov:qdm:v5_6}PatientCharacteristicSex",
               "codeProperty" : "code",
               "codeComparator" : "in",
               "type" : "Retrieve",
               "codes" : {
                  "locator" : "29:34-29:57",
                  "name" : "ONC Administrative Sex",
                  "type" : "ValueSetRef"
               }
            }
         }, {
            "localId" : "41",
            "locator" : "56:1-58:74",
            "name" : "Qualifying Encounters",
            "context" : "Patient",
            "accessLevel" : "Public",
            "annotation" : [ {
               "type" : "Annotation",
               "s" : {
                  "r" : "41",
                  "s" : [ {
                     "value" : [ "","define ","\"Qualifying Encounters\"",":\n  " ]
                  }, {
                     "r" : "40",
                     "s" : [ {
                        "s" : [ {
                           "r" : "35",
                           "s" : [ {
                              "r" : "34",
                              "s" : [ {
                                 "r" : "34",
                                 "s" : [ {
                                    "value" : [ "[","\"Encounter, Performed\"",": " ]
                                 }, {
                                    "s" : [ {
                                       "value" : [ "\"Clinical Oral Evaluation\"" ]
                                    } ]
                                 }, {
                                    "value" : [ "]" ]
                                 } ]
                              } ]
                           }, {
                              "value" : [ " ","ValidEncounter" ]
                           } ]
                        } ]
                     }, {
                        "value" : [ "\n    " ]
                     }, {
                        "r" : "39",
                        "s" : [ {
                           "value" : [ "where " ]
                        }, {
                           "r" : "39",
                           "s" : [ {
                              "r" : "37",
                              "s" : [ {
                                 "r" : "36",
                                 "s" : [ {
                                    "value" : [ "ValidEncounter" ]
                                 } ]
                              }, {
                                 "value" : [ "." ]
                              }, {
                                 "r" : "37",
                                 "s" : [ {
                                    "value" : [ "relevantPeriod" ]
                                 } ]
                              } ]
                           }, {
                              "r" : "39",
                              "value" : [ " ","during day of"," " ]
                           }, {
                              "r" : "38",
                              "s" : [ {
                                 "value" : [ "\"Measurement Period\"" ]
                              } ]
                           } ]
                        } ]
                     } ]
                  } ]
               }
            } ],
            "expression" : {
               "localId" : "40",
               "locator" : "57:3-58:74",
               "type" : "Query",
               "source" : [ {
                  "localId" : "35",
                  "locator" : "57:3-57:69",
                  "alias" : "ValidEncounter",
                  "expression" : {
                     "localId" : "34",
                     "locator" : "57:3-57:54",
                     "dataType" : "{urn:healthit-gov:qdm:v5_6}PositiveEncounterPerformed",
                     "templateId" : "PositiveEncounterPerformed",
                     "codeProperty" : "code",
                     "codeComparator" : "in",
                     "type" : "Retrieve",
                     "codes" : {
                        "locator" : "57:28-57:53",
                        "name" : "Clinical Oral Evaluation",
                        "type" : "ValueSetRef"
                     }
                  }
               } ],
               "relationship" : [ ],
               "where" : {
                  "localId" : "39",
                  "locator" : "58:5-58:74",
                  "precision" : "Day",
                  "type" : "IncludedIn",
                  "operand" : [ {
                     "localId" : "37",
                     "locator" : "58:11-58:39",
                     "path" : "relevantPeriod",
                     "scope" : "ValidEncounter",
                     "type" : "Property"
                  }, {
                     "localId" : "38",
                     "locator" : "58:55-58:74",
                     "name" : "Measurement Period",
                     "type" : "ParameterRef"
                  } ]
               }
            }
         }, {
            "localId" : "45",
            "locator" : "41:1-44:42",
            "name" : "Initial Population",
            "context" : "Patient",
            "accessLevel" : "Public",
            "annotation" : [ {
               "type" : "Annotation",
               "s" : {
                  "r" : "45",
                  "s" : [ {
                     "value" : [ "","define ","\"Initial Population\"",":\n  " ]
                  }, {
                     "r" : "44",
                     "s" : [ {
                        "r" : "33",
                        "s" : [ {
                           "r" : "26",
                           "s" : [ {
                              "r" : "24",
                              "s" : [ {
                                 "value" : [ "AgeInMonthsAt","(" ]
                              }, {
                                 "r" : "23",
                                 "s" : [ {
                                    "value" : [ "date from " ]
                                 }, {
                                    "r" : "22",
                                    "s" : [ {
                                       "value" : [ "start of " ]
                                    }, {
                                       "r" : "21",
                                       "s" : [ {
                                          "value" : [ "\"Measurement Period\"" ]
                                       } ]
                                    } ]
                                 } ]
                              }, {
                                 "value" : [ ")" ]
                              } ]
                           }, {
                              "r" : "25",
                              "value" : [ ">="," ","6" ]
                           } ]
                        }, {
                           "value" : [ "\n    and " ]
                        }, {
                           "r" : "32",
                           "s" : [ {
                              "r" : "30",
                              "s" : [ {
                                 "value" : [ "AgeInYearsAt","(" ]
                              }, {
                                 "r" : "29",
                                 "s" : [ {
                                    "value" : [ "date from " ]
                                 }, {
                                    "r" : "28",
                                    "s" : [ {
                                       "value" : [ "start of " ]
                                    }, {
                                       "r" : "27",
                                       "s" : [ {
                                          "value" : [ "\"Measurement Period\"" ]
                                       } ]
                                    } ]
                                 } ]
                              }, {
                                 "value" : [ ")" ]
                              } ]
                           }, {
                              "r" : "31",
                              "value" : [ "<="," ","20" ]
                           } ]
                        } ]
                     }, {
                        "value" : [ "\n    and " ]
                     }, {
                        "r" : "43",
                        "s" : [ {
                           "value" : [ "exists " ]
                        }, {
                           "r" : "42",
                           "s" : [ {
                              "value" : [ "( " ]
                           }, {
                              "r" : "42",
                              "s" : [ {
                                 "value" : [ "\"Qualifying Encounters\"" ]
                              } ]
                           }, {
                              "value" : [ " )" ]
                           } ]
                        } ]
                     } ]
                  } ]
               }
            } ],
            "expression" : {
               "localId" : "44",
               "locator" : "42:3-44:42",
               "type" : "And",
               "operand" : [ {
                  "localId" : "33",
                  "locator" : "42:3-43:66",
                  "type" : "And",
                  "operand" : [ {
                     "localId" : "26",
                     "locator" : "42:3-42:60",
                     "type" : "GreaterOrEqual",
                     "operand" : [ {
                        "localId" : "24",
                        "locator" : "42:3-42:56",
                        "precision" : "Month",
                        "type" : "CalculateAgeAt",
                        "operand" : [ {
                           "type" : "ToDate",
                           "operand" : {
                              "path" : "birthDatetime",
                              "type" : "Property",
                              "source" : {
                                 "name" : "Patient",
                                 "type" : "ExpressionRef"
                              }
                           }
                        }, {
                           "localId" : "23",
                           "locator" : "42:17-42:55",
                           "type" : "DateFrom",
                           "operand" : {
                              "localId" : "22",
                              "locator" : "42:27-42:55",
                              "type" : "Start",
                              "operand" : {
                                 "localId" : "21",
                                 "locator" : "42:36-42:55",
                                 "name" : "Measurement Period",
                                 "type" : "ParameterRef"
                              }
                           }
                        } ]
                     }, {
                        "localId" : "25",
                        "locator" : "42:60",
                        "valueType" : "{urn:hl7-org:elm-types:r1}Integer",
                        "value" : "6",
                        "type" : "Literal"
                     } ]
                  }, {
                     "localId" : "32",
                     "locator" : "43:9-43:66",
                     "type" : "LessOrEqual",
                     "operand" : [ {
                        "localId" : "30",
                        "locator" : "43:9-43:61",
                        "precision" : "Year",
                        "type" : "CalculateAgeAt",
                        "operand" : [ {
                           "type" : "ToDate",
                           "operand" : {
                              "path" : "birthDatetime",
                              "type" : "Property",
                              "source" : {
                                 "name" : "Patient",
                                 "type" : "ExpressionRef"
                              }
                           }
                        }, {
                           "localId" : "29",
                           "locator" : "43:22-43:60",
                           "type" : "DateFrom",
                           "operand" : {
                              "localId" : "28",
                              "locator" : "43:32-43:60",
                              "type" : "Start",
                              "operand" : {
                                 "localId" : "27",
                                 "locator" : "43:41-43:60",
                                 "name" : "Measurement Period",
                                 "type" : "ParameterRef"
                              }
                           }
                        } ]
                     }, {
                        "localId" : "31",
                        "locator" : "43:65-43:66",
                        "valueType" : "{urn:hl7-org:elm-types:r1}Integer",
                        "value" : "20",
                        "type" : "Literal"
                     } ]
                  } ]
               }, {
                  "localId" : "43",
                  "locator" : "44:9-44:42",
                  "type" : "Exists",
                  "operand" : {
                     "localId" : "42",
                     "locator" : "44:16-44:42",
                     "name" : "Qualifying Encounters",
                     "type" : "ExpressionRef"
                  }
               } ]
            }
         }, {
            "localId" : "47",
            "locator" : "31:1-32:22",
            "name" : "Denominator",
            "context" : "Patient",
            "accessLevel" : "Public",
            "annotation" : [ {
               "type" : "Annotation",
               "s" : {
                  "r" : "47",
                  "s" : [ {
                     "value" : [ "","define ","\"Denominator\"",":\n  " ]
                  }, {
                     "r" : "46",
                     "s" : [ {
                        "value" : [ "\"Initial Population\"" ]
                     } ]
                  } ]
               }
            } ],
            "expression" : {
               "localId" : "46",
               "locator" : "32:3-32:22",
               "name" : "Initial Population",
               "type" : "ExpressionRef"
            }
         }, {
            "localId" : "50",
            "locator" : "34:1-35:32",
            "name" : "Denominator Exclusions",
            "context" : "Patient",
            "accessLevel" : "Public",
            "annotation" : [ {
               "type" : "Annotation",
               "s" : {
                  "r" : "50",
                  "s" : [ {
                     "value" : [ "","define ","\"Denominator Exclusions\"",":\n  " ]
                  }, {
                     "r" : "49",
                     "s" : [ {
                        "r" : "48",
                        "s" : [ {
                           "value" : [ "Hospice" ]
                        } ]
                     }, {
                        "value" : [ "." ]
                     }, {
                        "r" : "49",
                        "s" : [ {
                           "value" : [ "\"Has Hospice Services\"" ]
                        } ]
                     } ]
                  } ]
               }
            } ],
            "expression" : {
               "localId" : "49",
               "locator" : "35:3-35:32",
               "name" : "Has Hospice Services",
               "libraryName" : "Hospice",
               "type" : "ExpressionRef"
            }
         }, {
            "localId" : "63",
            "locator" : "37:1-39:148",
            "name" : "Numerator",
            "context" : "Patient",
            "accessLevel" : "Public",
            "annotation" : [ {
               "type" : "Annotation",
               "s" : {
                  "r" : "63",
                  "s" : [ {
                     "value" : [ "","define ","\"Numerator\"",":\n  " ]
                  }, {
                     "r" : "62",
                     "s" : [ {
                        "value" : [ "exists " ]
                     }, {
                        "r" : "61",
                        "s" : [ {
                           "s" : [ {
                              "r" : "52",
                              "s" : [ {
                                 "r" : "51",
                                 "s" : [ {
                                    "r" : "51",
                                    "s" : [ {
                                       "value" : [ "[","\"Procedure, Performed\"",": " ]
                                    }, {
                                       "s" : [ {
                                          "value" : [ "\"Fluoride Varnish Application for Children\"" ]
                                       } ]
                                    }, {
                                       "value" : [ "]" ]
                                    } ]
                                 } ]
                              }, {
                                 "value" : [ " ","FluorideApplication" ]
                              } ]
                           } ]
                        }, {
                           "value" : [ "\n    " ]
                        }, {
                           "r" : "60",
                           "s" : [ {
                              "value" : [ "where " ]
                           }, {
                              "r" : "60",
                              "s" : [ {
                                 "r" : "58",
                                 "s" : [ {
                                    "r" : "53",
                                    "s" : [ {
                                       "value" : [ "Global" ]
                                    } ]
                                 }, {
                                    "value" : [ "." ]
                                 }, {
                                    "r" : "58",
                                    "s" : [ {
                                       "value" : [ "\"NormalizeInterval\""," ( " ]
                                    }, {
                                       "r" : "55",
                                       "s" : [ {
                                          "r" : "54",
                                          "s" : [ {
                                             "value" : [ "FluorideApplication" ]
                                          } ]
                                       }, {
                                          "value" : [ "." ]
                                       }, {
                                          "r" : "55",
                                          "s" : [ {
                                             "value" : [ "relevantDatetime" ]
                                          } ]
                                       } ]
                                    }, {
                                       "value" : [ ", " ]
                                    }, {
                                       "r" : "57",
                                       "s" : [ {
                                          "r" : "56",
                                          "s" : [ {
                                             "value" : [ "FluorideApplication" ]
                                          } ]
                                       }, {
                                          "value" : [ "." ]
                                       }, {
                                          "r" : "57",
                                          "s" : [ {
                                             "value" : [ "relevantPeriod" ]
                                          } ]
                                       } ]
                                    }, {
                                       "value" : [ " )" ]
                                    } ]
                                 } ]
                              }, {
                                 "r" : "60",
                                 "value" : [ " ","during day of"," " ]
                              }, {
                                 "r" : "59",
                                 "s" : [ {
                                    "value" : [ "\"Measurement Period\"" ]
                                 } ]
                              } ]
                           } ]
                        } ]
                     } ]
                  } ]
               }
            } ],
            "expression" : {
               "localId" : "62",
               "locator" : "38:3-39:148",
               "type" : "Exists",
               "operand" : {
                  "localId" : "61",
                  "locator" : "38:10-39:148",
                  "type" : "Query",
                  "source" : [ {
                     "localId" : "52",
                     "locator" : "38:10-38:98",
                     "alias" : "FluorideApplication",
                     "expression" : {
                        "localId" : "51",
                        "locator" : "38:10-38:78",
                        "dataType" : "{urn:healthit-gov:qdm:v5_6}PositiveProcedurePerformed",
                        "templateId" : "PositiveProcedurePerformed",
                        "codeProperty" : "code",
                        "codeComparator" : "in",
                        "type" : "Retrieve",
                        "codes" : {
                           "locator" : "38:35-38:77",
                           "name" : "Fluoride Varnish Application for Children",
                           "type" : "ValueSetRef"
                        }
                     }
                  } ],
                  "relationship" : [ ],
                  "where" : {
                     "localId" : "60",
                     "locator" : "39:5-39:148",
                     "precision" : "Day",
                     "type" : "IncludedIn",
                     "operand" : [ {
                        "localId" : "58",
                        "locator" : "39:11-39:113",
                        "name" : "NormalizeInterval",
                        "libraryName" : "Global",
                        "type" : "FunctionRef",
                        "operand" : [ {
                           "localId" : "55",
                           "locator" : "39:40-39:75",
                           "path" : "relevantDatetime",
                           "scope" : "FluorideApplication",
                           "type" : "Property"
                        }, {
                           "localId" : "57",
                           "locator" : "39:78-39:111",
                           "path" : "relevantPeriod",
                           "scope" : "FluorideApplication",
                           "type" : "Property"
                        } ]
                     }, {
                        "localId" : "59",
                        "locator" : "39:129-39:148",
                        "name" : "Measurement Period",
                        "type" : "ParameterRef"
                     } ]
                  }
               }
            }
         }, {
            "localId" : "77",
            "locator" : "46:1-48:65",
            "name" : "Stratification 1",
            "context" : "Patient",
            "accessLevel" : "Public",
            "annotation" : [ {
               "type" : "Annotation",
               "s" : {
                  "r" : "77",
                  "s" : [ {
                     "value" : [ "","define ","\"Stratification 1\"",":\n  " ]
                  }, {
                     "r" : "76",
                     "s" : [ {
                        "r" : "69",
                        "s" : [ {
                           "r" : "67",
                           "s" : [ {
                              "value" : [ "AgeInMonthsAt","(" ]
                           }, {
                              "r" : "66",
                              "s" : [ {
                                 "value" : [ "date from " ]
                              }, {
                                 "r" : "65",
                                 "s" : [ {
                                    "value" : [ "start of " ]
                                 }, {
                                    "r" : "64",
                                    "s" : [ {
                                       "value" : [ "\"Measurement Period\"" ]
                                    } ]
                                 } ]
                              } ]
                           }, {
                              "value" : [ ")" ]
                           } ]
                        }, {
                           "r" : "68",
                           "value" : [ ">="," ","6" ]
                        } ]
                     }, {
                        "value" : [ "\n    and " ]
                     }, {
                        "r" : "75",
                        "s" : [ {
                           "r" : "73",
                           "s" : [ {
                              "value" : [ "AgeInYearsAt","(" ]
                           }, {
                              "r" : "72",
                              "s" : [ {
                                 "value" : [ "date from " ]
                              }, {
                                 "r" : "71",
                                 "s" : [ {
                                    "value" : [ "start of " ]
                                 }, {
                                    "r" : "70",
                                    "s" : [ {
                                       "value" : [ "\"Measurement Period\"" ]
                                    } ]
                                 } ]
                              } ]
                           }, {
                              "value" : [ ")" ]
                           } ]
                        }, {
                           "r" : "74",
                           "value" : [ "<="," ","5" ]
                        } ]
                     } ]
                  } ]
               }
            } ],
            "expression" : {
               "localId" : "76",
               "locator" : "47:3-48:65",
               "type" : "And",
               "operand" : [ {
                  "localId" : "69",
                  "locator" : "47:3-47:60",
                  "type" : "GreaterOrEqual",
                  "operand" : [ {
                     "localId" : "67",
                     "locator" : "47:3-47:56",
                     "precision" : "Month",
                     "type" : "CalculateAgeAt",
                     "operand" : [ {
                        "type" : "ToDate",
                        "operand" : {
                           "path" : "birthDatetime",
                           "type" : "Property",
                           "source" : {
                              "name" : "Patient",
                              "type" : "ExpressionRef"
                           }
                        }
                     }, {
                        "localId" : "66",
                        "locator" : "47:17-47:55",
                        "type" : "DateFrom",
                        "operand" : {
                           "localId" : "65",
                           "locator" : "47:27-47:55",
                           "type" : "Start",
                           "operand" : {
                              "localId" : "64",
                              "locator" : "47:36-47:55",
                              "name" : "Measurement Period",
                              "type" : "ParameterRef"
                           }
                        }
                     } ]
                  }, {
                     "localId" : "68",
                     "locator" : "47:60",
                     "valueType" : "{urn:hl7-org:elm-types:r1}Integer",
                     "value" : "6",
                     "type" : "Literal"
                  } ]
               }, {
                  "localId" : "75",
                  "locator" : "48:9-48:65",
                  "type" : "LessOrEqual",
                  "operand" : [ {
                     "localId" : "73",
                     "locator" : "48:9-48:61",
                     "precision" : "Year",
                     "type" : "CalculateAgeAt",
                     "operand" : [ {
                        "type" : "ToDate",
                        "operand" : {
                           "path" : "birthDatetime",
                           "type" : "Property",
                           "source" : {
                              "name" : "Patient",
                              "type" : "ExpressionRef"
                           }
                        }
                     }, {
                        "localId" : "72",
                        "locator" : "48:22-48:60",
                        "type" : "DateFrom",
                        "operand" : {
                           "localId" : "71",
                           "locator" : "48:32-48:60",
                           "type" : "Start",
                           "operand" : {
                              "localId" : "70",
                              "locator" : "48:41-48:60",
                              "name" : "Measurement Period",
                              "type" : "ParameterRef"
                           }
                        }
                     } ]
                  }, {
                     "localId" : "74",
                     "locator" : "48:65",
                     "valueType" : "{urn:hl7-org:elm-types:r1}Integer",
                     "value" : "5",
                     "type" : "Literal"
                  } ]
               } ]
            }
         }, {
            "localId" : "86",
            "locator" : "50:1-51:73",
            "name" : "Stratification 2",
            "context" : "Patient",
            "accessLevel" : "Public",
            "annotation" : [ {
               "type" : "Annotation",
               "s" : {
                  "r" : "86",
                  "s" : [ {
                     "value" : [ "","define ","\"Stratification 2\"",":\n  " ]
                  }, {
                     "r" : "85",
                     "s" : [ {
                        "r" : "81",
                        "s" : [ {
                           "value" : [ "AgeInYearsAt","(" ]
                        }, {
                           "r" : "80",
                           "s" : [ {
                              "value" : [ "date from " ]
                           }, {
                              "r" : "79",
                              "s" : [ {
                                 "value" : [ "start of " ]
                              }, {
                                 "r" : "78",
                                 "s" : [ {
                                    "value" : [ "\"Measurement Period\"" ]
                                 } ]
                              } ]
                           } ]
                        }, {
                           "value" : [ ")" ]
                        } ]
                     }, {
                        "value" : [ "in " ]
                     }, {
                        "r" : "84",
                        "s" : [ {
                           "r" : "82",
                           "value" : [ "Interval[","6",", ","12","]" ]
                        } ]
                     } ]
                  } ]
               }
            } ],
            "expression" : {
               "localId" : "85",
               "locator" : "51:3-51:73",
               "type" : "In",
               "operand" : [ {
                  "localId" : "81",
                  "locator" : "51:3-51:55",
                  "precision" : "Year",
                  "type" : "CalculateAgeAt",
                  "operand" : [ {
                     "type" : "ToDate",
                     "operand" : {
                        "path" : "birthDatetime",
                        "type" : "Property",
                        "source" : {
                           "name" : "Patient",
                           "type" : "ExpressionRef"
                        }
                     }
                  }, {
                     "localId" : "80",
                     "locator" : "51:16-51:54",
                     "type" : "DateFrom",
                     "operand" : {
                        "localId" : "79",
                        "locator" : "51:26-51:54",
                        "type" : "Start",
                        "operand" : {
                           "localId" : "78",
                           "locator" : "51:35-51:54",
                           "name" : "Measurement Period",
                           "type" : "ParameterRef"
                        }
                     }
                  } ]
               }, {
                  "localId" : "84",
                  "locator" : "51:59-51:73",
                  "lowClosed" : true,
                  "highClosed" : true,
                  "type" : "Interval",
                  "low" : {
                     "localId" : "82",
                     "locator" : "51:68",
                     "valueType" : "{urn:hl7-org:elm-types:r1}Integer",
                     "value" : "6",
                     "type" : "Literal"
                  },
                  "high" : {
                     "localId" : "83",
                     "locator" : "51:71-51:72",
                     "valueType" : "{urn:hl7-org:elm-types:r1}Integer",
                     "value" : "12",
                     "type" : "Literal"
                  }
               } ]
            }
         }, {
            "localId" : "95",
            "locator" : "53:1-54:74",
            "name" : "Stratification 3",
            "context" : "Patient",
            "accessLevel" : "Public",
            "annotation" : [ {
               "type" : "Annotation",
               "s" : {
                  "r" : "95",
                  "s" : [ {
                     "value" : [ "","define ","\"Stratification 3\"",":\n  " ]
                  }, {
                     "r" : "94",
                     "s" : [ {
                        "r" : "90",
                        "s" : [ {
                           "value" : [ "AgeInYearsAt","(" ]
                        }, {
                           "r" : "89",
                           "s" : [ {
                              "value" : [ "date from " ]
                           }, {
                              "r" : "88",
                              "s" : [ {
                                 "value" : [ "start of " ]
                              }, {
                                 "r" : "87",
                                 "s" : [ {
                                    "value" : [ "\"Measurement Period\"" ]
                                 } ]
                              } ]
                           } ]
                        }, {
                           "value" : [ ")" ]
                        } ]
                     }, {
                        "value" : [ "in " ]
                     }, {
                        "r" : "93",
                        "s" : [ {
                           "r" : "91",
                           "value" : [ "Interval[","13",", ","20","]" ]
                        } ]
                     } ]
                  } ]
               }
            } ],
            "expression" : {
               "localId" : "94",
               "locator" : "54:3-54:74",
               "type" : "In",
               "operand" : [ {
                  "localId" : "90",
                  "locator" : "54:3-54:55",
                  "precision" : "Year",
                  "type" : "CalculateAgeAt",
                  "operand" : [ {
                     "type" : "ToDate",
                     "operand" : {
                        "path" : "birthDatetime",
                        "type" : "Property",
                        "source" : {
                           "name" : "Patient",
                           "type" : "ExpressionRef"
                        }
                     }
                  }, {
                     "localId" : "89",
                     "locator" : "54:16-54:54",
                     "type" : "DateFrom",
                     "operand" : {
                        "localId" : "88",
                        "locator" : "54:26-54:54",
                        "type" : "Start",
                        "operand" : {
                           "localId" : "87",
                           "locator" : "54:35-54:54",
                           "name" : "Measurement Period",
                           "type" : "ParameterRef"
                        }
                     }
                  } ]
               }, {
                  "localId" : "93",
                  "locator" : "54:59-54:74",
                  "lowClosed" : true,
                  "highClosed" : true,
                  "type" : "Interval",
                  "low" : {
                     "localId" : "91",
                     "locator" : "54:68-54:69",
                     "valueType" : "{urn:hl7-org:elm-types:r1}Integer",
                     "value" : "13",
                     "type" : "Literal"
                  },
                  "high" : {
                     "localId" : "92",
                     "locator" : "54:72-54:73",
                     "valueType" : "{urn:hl7-org:elm-types:r1}Integer",
                     "value" : "20",
                     "type" : "Literal"
                  }
               } ]
            }
         } ]
      }
   }
}