<?xml version="1.0" encoding="UTF-8" standalone="yes"?>
<QualityMeasureDocument xmlns="urn:hl7-org:v3" xmlns:cql-ext="urn:hhs-cql:hqmf-n1-extensions:v1"
                        xmlns:xsi="http://www.w3.org/2001/XMLSchema-instance">

      <!--
            **************************************************************
            Measure Details Section
            **************************************************************
        -->

      <typeId extension="POQM_HD000001UV02" root="2.16.840.1.113883.1.3"/>
   <templateId>
      <item extension="2021-02-01" root="2.16.840.1.113883.10.20.28.1.2"/>
   </templateId>
   <id root="2c928083-8733-4e1b-0187-51a1b1c20477"/>
   <code code="57024-2" codeSystem="2.16.840.1.113883.6.1">
      <displayName value="Health Quality Measure Document"/>
   </code>
   <title value="Hospital Harm - Postoperative Respiratory Failure"/>
   <text
         value="This measure assesses the number of elective inpatient hospitalizations for patients aged 18 years and older without an obstetrical condition who have a procedure resulting in postoperative respiratory failure (PRF)"/>
   <statusCode code="COMPLETED"/>
   <setId root="010fa13e-a59f-4ab7-8b96-e8df0494b611"/>
   <versionNumber value="1.0.000"/>
   <author>
      <responsibleParty classCode="ASSIGNED">
         <representedResponsibleOrganization classCode="ORG" determinerCode="INSTANCE">
            <id>
               <item root="e9606bf4-a69f-11ea-bb37-0242ac130002"/>
            </id>
            <name>
               <item>
                  <part value="American Institutes for Research (AIR)"/>
               </item>
            </name>
         </representedResponsibleOrganization>
      </responsibleParty>
   </author>
   <custodian>
      <responsibleParty classCode="ASSIGNED">
         <representedResponsibleOrganization classCode="ORG" determinerCode="INSTANCE">
            <id>
               <item root="93"/>
            </id>
            <name>
               <item>
                  <part value="Centers for Medicare &amp; Medicaid Services (CMS)"/>
               </item>
            </name>
         </representedResponsibleOrganization>
      </responsibleParty>
   </custodian>
   <!--Platelet count lab test-->
     	 <definition>
      <valueSet classCode="OBS" moodCode="DEF">
         <id root="2.16.840.1.113762.1.4.1045.127"/>
         <title value="Platelet count lab test"/>
      </valueSet>
   </definition>
   <!--ONC Administrative Sex-->
     	 <definition>
      <valueSet classCode="OBS" moodCode="DEF">
         <id root="2.16.840.1.113762.1.4.1"/>
         <title value="ONC Administrative Sex"/>
      </valueSet>
   </definition>
   <!--Hemoglobin lab test-->
     	 <definition>
      <valueSet classCode="OBS" moodCode="DEF">
         <id root="2.16.840.1.113762.1.4.1248.219"/>
         <title value="Hemoglobin lab test"/>
      </valueSet>
   </definition>
   <!--Observation Services-->
     	 <definition>
      <valueSet classCode="OBS" moodCode="DEF">
         <id root="2.16.840.1.113762.1.4.1111.143"/>
         <title value="Observation Services"/>
      </valueSet>
   </definition>
   <!--Carbon Dioxide Partial Pressure in Arterial Blood-->
     	 <definition>
      <valueSet classCode="OBS" moodCode="DEF">
         <id root="2.16.840.1.113762.1.4.1248.95"/>
         <title value="Carbon Dioxide Partial Pressure in Arterial Blood"/>
      </valueSet>
   </definition>
   <!--Sodium lab test-->
     	 <definition>
      <valueSet classCode="OBS" moodCode="DEF">
         <id root="2.16.840.1.113762.1.4.1045.119"/>
         <title value="Sodium lab test"/>
      </valueSet>
   </definition>
   <!--Blood urea nitrogen lab test-->
     	 <definition>
      <valueSet classCode="OBS" moodCode="DEF">
         <id root="2.16.840.1.113762.1.4.1248.218"/>
         <title value="Blood urea nitrogen lab test"/>
      </valueSet>
   </definition>
   <!--Aspartate transaminase lab test-->
     	 <definition>
      <valueSet classCode="OBS" moodCode="DEF">
         <id root="2.16.840.1.113762.1.4.1248.224"/>
         <title value="Aspartate transaminase lab test"/>
      </valueSet>
   </definition>
   <!--Tracheostomy Procedures-->
     	 <definition>
      <valueSet classCode="OBS" moodCode="DEF">
         <id root="2.16.840.1.113762.1.4.1248.181"/>
         <title value="Tracheostomy Procedures"/>
      </valueSet>
   </definition>
   <!--Albumin lab test-->
     	 <definition>
      <valueSet classCode="OBS" moodCode="DEF">
         <id root="2.16.840.1.113762.1.4.1248.221"/>
         <title value="Albumin lab test"/>
      </valueSet>
   </definition>
   <!--Bicarbonate lab test-->
     	 <definition>
      <valueSet classCode="OBS" moodCode="DEF">
         <id root="2.16.840.1.113762.1.4.1045.139"/>
         <title value="Bicarbonate lab test"/>
      </valueSet>
   </definition>
   <!--Emergency Department Visit-->
     	 <definition>
      <valueSet classCode="OBS" moodCode="DEF">
         <id root="2.16.840.1.113883.3.117.1.7.1.292"/>
         <title value="Emergency Department Visit"/>
      </valueSet>
   </definition>
   <!--Arterial Blood pH-->
     	 <definition>
      <valueSet classCode="OBS" moodCode="DEF">
         <id root="2.16.840.1.113762.1.4.1248.96"/>
         <title value="Arterial Blood pH"/>
      </valueSet>
   </definition>
   <!--Anesthesia Requiring Monitored Care-->
     	 <definition>
      <valueSet classCode="OBS" moodCode="DEF">
         <id root="2.16.840.1.113762.1.4.1248.255"/>
         <title value="Anesthesia Requiring Monitored Care"/>
      </valueSet>
   </definition>
   <!--Race-->
     	 <definition>
      <valueSet classCode="OBS" moodCode="DEF">
         <id root="2.16.840.1.114222.4.11.836"/>
         <title value="Race"/>
      </valueSet>
   </definition>
   <!--Non Invasive Oxygen Therapy-->
     	 <definition>
      <valueSet classCode="OBS" moodCode="DEF">
         <id root="2.16.840.1.113762.1.4.1248.213"/>
         <title value="Non Invasive Oxygen Therapy"/>
      </valueSet>
   </definition>
   <!--Hematocrit lab test-->
     	 <definition>
      <valueSet classCode="OBS" moodCode="DEF">
         <id root="2.16.840.1.113762.1.4.1045.114"/>
         <title value="Hematocrit lab test"/>
      </valueSet>
   </definition>
   <!--Outpatient Surgery Service-->
     	 <definition>
      <valueSet classCode="OBS" moodCode="DEF">
         <id root="2.16.840.1.113762.1.4.1110.38"/>
         <title value="Outpatient Surgery Service"/>
      </valueSet>
   </definition>
   <!--Elective Inpatient Encounter-->
     	 <definition>
      <valueSet classCode="OBS" moodCode="DEF">
         <id root="2.16.840.1.113762.1.4.1248.85"/>
         <title value="Elective Inpatient Encounter"/>
      </valueSet>
   </definition>
   <!--Oxygen Partial Pressure in Arterial Blood-->
     	 <definition>
      <valueSet classCode="OBS" moodCode="DEF">
         <id root="2.16.840.1.113762.1.4.1248.94"/>
         <title value="Oxygen Partial Pressure in Arterial Blood"/>
      </valueSet>
   </definition>
   <!--General and Neuraxial Anesthesia-->
     	 <definition>
      <valueSet classCode="OBS" moodCode="DEF">
         <id root="2.16.840.1.113762.1.4.1248.208"/>
         <title value="General and Neuraxial Anesthesia"/>
      </valueSet>
   </definition>
   <!--Non Invasive Oxygen Therapy by Nasal Cannula or Mask-->
     	 <definition>
      <valueSet classCode="OBS" moodCode="DEF">
         <id root="2.16.840.1.113762.1.4.1248.209"/>
         <title value="Non Invasive Oxygen Therapy by Nasal Cannula or Mask"/>
      </valueSet>
   </definition>
   <!--Ethnicity-->
     	 <definition>
      <valueSet classCode="OBS" moodCode="DEF">
         <id root="2.16.840.1.114222.4.11.837"/>
         <title value="Ethnicity"/>
      </valueSet>
   </definition>
   <!--Creatinine lab test-->
     	 <definition>
      <valueSet classCode="OBS" moodCode="DEF">
         <id root="2.16.840.1.113883.3.666.5.2363"/>
         <title value="Creatinine lab test"/>
      </valueSet>
   </definition>
   <!--Bilirubin lab test-->
     	 <definition>
      <valueSet classCode="OBS" moodCode="DEF">
         <id root="2.16.840.1.113762.1.4.1248.223"/>
         <title value="Bilirubin lab test"/>
      </valueSet>
   </definition>
   <!--Leukocyte count lab test-->
     	 <definition>
      <valueSet classCode="OBS" moodCode="DEF">
         <id root="2.16.840.1.113762.1.4.1248.222"/>
         <title value="Leukocyte count lab test"/>
      </valueSet>
   </definition>
   <!--Mechanical Ventilation-->
     	 <definition>
      <valueSet classCode="OBS" moodCode="DEF">
         <id root="2.16.840.1.113762.1.4.1248.107"/>
         <title value="Mechanical Ventilation"/>
      </valueSet>
   </definition>
   <!--Intubation-->
     	 <definition>
      <valueSet classCode="OBS" moodCode="DEF">
         <id root="2.16.840.1.113762.1.4.1248.179"/>
         <title value="Intubation"/>
      </valueSet>
   </definition>
   <!--White blood cells count lab test-->
     	 <definition>
      <valueSet classCode="OBS" moodCode="DEF">
         <id root="2.16.840.1.113762.1.4.1045.129"/>
         <title value="White blood cells count lab test"/>
      </valueSet>
   </definition>
   <!--Head, Neck, and Thoracic Surgeries with High Risk Airway Compromise-->
     	 <definition>
      <valueSet classCode="OBS" moodCode="DEF">
         <id root="2.16.840.1.113762.1.4.1248.251"/>
         <title value="Head, Neck, and Thoracic Surgeries with High Risk Airway Compromise"/>
      </valueSet>
   </definition>
   <!--Payer Type-->
     	 <definition>
      <valueSet classCode="OBS" moodCode="DEF">
         <id root="2.16.840.1.114222.4.11.3591"/>
         <title value="Payer Type"/>
      </valueSet>
   </definition>
   <!--Smoking status-->
     	 <definition>
      <valueSet classCode="OBS" moodCode="DEF">
         <id root="2.16.840.1.113762.1.4.1248.220"/>
         <title value="Smoking status"/>
      </valueSet>
   </definition>
   <!--Present on Admission or Clinically Undetermined-->
     	 <definition>
      <valueSet classCode="OBS" moodCode="DEF">
         <id root="2.16.840.1.113762.1.4.1147.197"/>
         <title value="Present on Admission or Clinically Undetermined"/>
      </valueSet>
   </definition>
   <!--Acute Respiratory Failure-->
     	 <definition>
      <valueSet classCode="OBS" moodCode="DEF">
         <id root="2.16.840.1.113762.1.4.1248.88"/>
         <title value="Acute Respiratory Failure"/>
      </valueSet>
   </definition>
   <!--Obstetrical or Pregnancy Related Conditions-->
     	 <definition>
      <valueSet classCode="OBS" moodCode="DEF">
         <id root="2.16.840.1.113883.3.117.1.7.1.263"/>
         <title value="Obstetrical or Pregnancy Related Conditions"/>
      </valueSet>
   </definition>
   <!--Procedural Hospital Locations-->
     	 <definition>
      <valueSet classCode="OBS" moodCode="DEF">
         <id root="2.16.840.1.113762.1.4.1248.216"/>
         <title value="Procedural Hospital Locations"/>
      </valueSet>
   </definition>
   <!--Degenerative Neurological Disorder-->
     	 <definition>
      <valueSet classCode="OBS" moodCode="DEF">
         <id root="2.16.840.1.113762.1.4.1248.241"/>
         <title value="Degenerative Neurological Disorder"/>
      </valueSet>
   </definition>
   <!--Neuromuscular Disorder-->
     	 <definition>
      <valueSet classCode="OBS" moodCode="DEF">
         <id root="2.16.840.1.113762.1.4.1248.239"/>
         <title value="Neuromuscular Disorder"/>
      </valueSet>
   </definition>
   <!--Tracheostomy Diagnoses-->
     	 <definition>
      <valueSet classCode="OBS" moodCode="DEF">
         <id root="2.16.840.1.113762.1.4.1248.89"/>
         <title value="Tracheostomy Diagnoses"/>
      </valueSet>
   </definition>
   <!--ASA physical status class-->
     	 <definition>
      <valueSet classCode="OBS" moodCode="DEF">
         <id root="2.16.840.1.113762.1.4.1248.217"/>
         <title value="ASA physical status class"/>
      </valueSet>
   </definition>
   <!--Systolic blood pressure-CODE:/CodeSystem/LOINC/Version/2.76/Code/8480-6/Info-->
      <definition>
      <cql-ext:code code="8480-6" codeSystem="2.16.840.1.113883.6.1" codeSystemName="LOINC">
         <displayName value="Systolic blood pressure"/>
      </cql-ext:code>
   </definition>
   <!--Heart rate-CODE:/CodeSystem/LOINC/Version/2.76/Code/8867-4/Info-->
      <definition>
      <cql-ext:code code="8867-4" codeSystem="2.16.840.1.113883.6.1" codeSystemName="LOINC">
         <displayName value="Heart rate"/>
      </cql-ext:code>
   </definition>
   <!--Respiratory rate-CODE:/CodeSystem/LOINC/Version/2.76/Code/9279-1/Info-->
      <definition>
      <cql-ext:code code="9279-1" codeSystem="2.16.840.1.113883.6.1" codeSystemName="LOINC">
         <displayName value="Respiratory rate"/>
      </cql-ext:code>
   </definition>
   <!--Removal of endotracheal tube (procedure)-CODE:/CodeSystem/SNOMEDCT/Version/2023-09/Code/271280005/Info-->
      <definition>
      <cql-ext:code code="271280005" codeSystem="2.16.840.1.113883.6.96" codeSystemName="SNOMEDCT">
         <displayName value="Removal of endotracheal tube (procedure)"/>
      </cql-ext:code>
   </definition>
   <!--Body temperature-CODE:/CodeSystem/LOINC/Version/2.76/Code/8310-5/Info-->
      <definition>
      <cql-ext:code code="8310-5" codeSystem="2.16.840.1.113883.6.1" codeSystemName="LOINC">
         <displayName value="Body temperature"/>
      </cql-ext:code>
   </definition>
   <!--Tobacco smoking status-CODE:/CodeSystem/LOINC/Version/2.76/Code/72166-2/Info-->
      <definition>
      <cql-ext:code code="72166-2" codeSystem="2.16.840.1.113883.6.1" codeSystemName="LOINC">
         <displayName value="Tobacco smoking status"/>
      </cql-ext:code>
   </definition>
   <!--Body mass index (BMI) [Ratio]-CODE:/CodeSystem/LOINC/Version/2.76/Code/39156-5/Info-->
      <definition>
      <cql-ext:code code="39156-5" codeSystem="2.16.840.1.113883.6.1" codeSystemName="LOINC">
         <displayName value="Body mass index (BMI) [Ratio]"/>
      </cql-ext:code>
   </definition>
   <!--American society of anesthesiologists morbidity state-CODE:/CodeSystem/LOINC/Version/2.76/Code/97816-3/Info-->
      <definition>
      <cql-ext:code code="97816-3" codeSystem="2.16.840.1.113883.6.1" codeSystemName="LOINC">
         <displayName value="American society of anesthesiologists morbidity state"/>
      </cql-ext:code>
   </definition>
   <!--Elective (qualifier value)-CODE:/CodeSystem/SNOMEDCT/Version/2023-09/Code/103390000/Info-->
      <definition>
      <cql-ext:code code="103390000" codeSystem="2.16.840.1.113883.6.96" codeSystemName="SNOMEDCT">
         <displayName value="Elective (qualifier value)"/>
      </cql-ext:code>
   </definition>
   <relatedDocument typeCode="COMP">
      <expressionDocument>
         <id root="A2769D7E-C423-473E-B4AA-977F9AF70EAF"/>
         <text mediaType="text/cql">
            <reference value="https://emeasuretool.cms.gov/libraries/010fa13e-a59f-4ab7-8b96-e8df0494b611/CMS1218-v1-0-000-QDM-5-6.cql"/>
            <translation mediaType="application/elm+xml">
               <reference value="https://emeasuretool.cms.gov/libraries/010fa13e-a59f-4ab7-8b96-e8df0494b611/CMS1218-v1-0-000-QDM-5-6.xml"/>
            </translation>
            <translation mediaType="application/elm+json">
               <reference value="https://emeasuretool.cms.gov/libraries/010fa13e-a59f-4ab7-8b96-e8df0494b611/CMS1218-v1-0-000-QDM-5-6.json"/>
            </translation>
         </text>
         <setId extension="010fa13e-a59f-4ab7-8b96-e8df0494b611"
                identifierName="PostopRespFailure"
                root="https://emeasuretool.cms.gov/libraries"/>
         <versionNumber value="1.0.000"/>
      </expressionDocument>
   </relatedDocument>
   <relatedDocument typeCode="COMP">
      <expressionDocument>
         <id root="8a6d042a8c5931d0018c6e282a31073d"/>
         <text mediaType="text/cql">
            <reference value="https://emeasuretool.cms.gov/libraries/8bdc0a19-b210-4a58-8a07-f5d95a34eca9/MATGlobalCommonFunctionsQDM-v8-0-000-QDM-5-6.cql"/>
            <translation mediaType="application/elm+xml">
               <reference value="https://emeasuretool.cms.gov/libraries/8bdc0a19-b210-4a58-8a07-f5d95a34eca9/MATGlobalCommonFunctionsQDM-v8-0-000-QDM-5-6.xml"/>
            </translation>
            <translation mediaType="application/elm+json">
               <reference value="https://emeasuretool.cms.gov/libraries/8bdc0a19-b210-4a58-8a07-f5d95a34eca9/MATGlobalCommonFunctionsQDM-v8-0-000-QDM-5-6.json"/>
            </translation>
         </text>
         <setId extension="8bdc0a19-b210-4a58-8a07-f5d95a34eca9"
                identifierName="MATGlobalCommonFunctionsQDM"
                root="https://emeasuretool.cms.gov/libraries"/>
         <versionNumber value="8.0.000"/>
      </expressionDocument>
   </relatedDocument>
   <controlVariable>
      <measurePeriod>
         <id extension="measureperiod" root="8170d255-d5b3-4764-976d-3c9be72a9798"/>
         <code code="MSRTP" codeSystem="2.16.840.1.113883.5.4">
            <originalText value="Measurement Period"/>
         </code>
         <value xsi:type="PIVL_TS">
            <phase highClosed="true" lowClosed="true">
               <low value="20240101"/>
               <width unit="a" value="1" xsi:type="PQ"/>
            </phase>
            <period unit="a" value="1"/>
         </value>
      </measurePeriod>
   </controlVariable>
   <subjectOf>
      <measureAttribute>
         <code nullFlavor="OTH">
            <originalText value="eCQM Identifier (Measure Authoring Tool)"/>
         </code>
         <value mediaType="text/plain" value="1218" xsi:type="ED"/>
      </measureAttribute>
   </subjectOf>
   <subjectOf>
      <measureAttribute>
         <code nullFlavor="OTH">
            <originalText value="CBE Number"/>
         </code>
         <value mediaType="text/plain" value="4130e" xsi:type="ED"/>
      </measureAttribute>
   </subjectOf>
   <subjectOf>
      <measureAttribute>
         <code code="COPY" codeSystem="2.16.840.1.113883.5.4">
            <displayName value="Copyright"/>
         </code>
         <value mediaType="text/plain"
                value="Limited proprietary coding is contained in the Measure specifications for user convenience. Users of proprietary code sets should obtain all necessary licenses from the owners of the code sets. American Institutes for Research(R), formerly IMPAQ International, disclaims all liability for use or accuracy of any third party codes contained in the specifications.&#xA;&#xA;LOINC(R) copyright 2004-2023 Regenstrief Institute, Inc. This material contains SNOMED Clinical Terms(R) (SNOMED CT[R]) copyright 2004-2023 International Health Terminology Standards Development Organisation. ICD-10 copyright 2023 World Health Organization. All Rights Reserved."
                xsi:type="ED"/>
      </measureAttribute>
   </subjectOf>
   <subjectOf>
      <measureAttribute>
         <code code="DISC" codeSystem="2.16.840.1.113883.5.4">
            <displayName value="Disclaimer"/>
         </code>
         <value mediaType="text/plain"
                value="This performance measure is not a clinical guideline and does not establish a standard of medical care, and has not been tested for all potential applications.&#xA;&#xA;THE MEASURES AND SPECIFICATIONS ARE PROVIDED &quot;AS IS&quot; WITHOUT WARRANTY OF ANY KIND. &#xA;&#xA;Due to technical limitations, registered trademarks are indicated by (R) or [R] and unregistered trademarks are indicated by (TM) or [TM]."
                xsi:type="ED"/>
      </measureAttribute>
   </subjectOf>
   <subjectOf>
      <measureAttribute>
         <code code="MSRSCORE" codeSystem="2.16.840.1.113883.5.4">
            <displayName value="Measure Scoring"/>
         </code>
         <value code="PROPOR" codeSystem="2.16.840.1.113883.5.1063" xsi:type="CD">
            <displayName value="Proportion"/>
         </value>
      </measureAttribute>
   </subjectOf>
   <subjectOf>
      <measureAttribute>
         <code code="MSRTYPE" codeSystem="2.16.840.1.113883.5.4">
            <displayName value="Measure Type"/>
         </code>
         <value code="OUTCOME" codeSystem="2.16.840.1.113883.5.1063" xsi:type="CD">
            <displayName value="OUTCOME"/>
         </value>
      </measureAttribute>
   </subjectOf>
   <subjectOf>
      <measureAttribute>
         <code code="STRAT" codeSystem="2.16.840.1.113883.5.4">
            <displayName value="Stratification"/>
         </code>
         <value mediaType="text/plain" value="None" xsi:type="ED"/>
      </measureAttribute>
   </subjectOf>
   <subjectOf>
      <measureAttribute>
         <code code="MSRADJ" codeSystem="2.16.840.1.113883.5.4">
            <displayName value="Risk Adjustment"/>
         </code>
         <value mediaType="text/plain"
                value="Variables are collected for the development of baseline risk adjustment model&#xA;&#xA;Report the first resulted vital sign values during the encounter in the Unified Code for Units of Measure&#xA;(UCUM) units specified:&#xA; - Body temperature: Cel, [degF]&#xA; - Heart rate:  {Beats}/min&#xA; - Respiratory rate: {Breaths}/min&#xA; - Systolic blood pressure:  mm[Hg]&#xA;&#xA;Report the first resulted laboratory test values during the encounter in UCUM units specified:&#xA; - Albumin: g/dL, umol/L&#xA; - Aspartate aminotransferase (AST/SGOT): U/L, IU/L&#xA; - Bicarbonate: mmol/L&#xA; - Bilirubin: mg/dL, umol/L&#xA; - Blood urea nitrogen (BUN): mg/dL, umol/L&#xA; - Carbon dioxide (partial pressure): mm[Hg]&#xA; - Creatinine: mg/dL, umol/L&#xA; - Hematocrit: %&#xA; - Hemoglobin: g/dL, mmol/L&#xA; - Leukocyte count: {cells}/uL, 10*3/uL, 10*9/L,  /mm3&#xA; - Oxygen (partial pressure): mm[Hg]&#xA; - pH of arterial blood: [pH]&#xA; - Platelet count: 10*3/uL, 10*9/L, /mm3&#xA; - Sodium: meq/L, mmol/L&#xA; - White blood cell count: {cells}/uL, 10*3/uL, 10*9/L,  /mm3&#xA;&#xA;Additional variables used for risk adjustment:&#xA; - American Society of Anesthesiologists (ASA) physical status class assessment that starts during the encounter&#xA; - First Body mass index (BMI), reported using UCUM unit: kg/m2&#xA; - Encounter diagnoses with their present on admission (POA) indicators&#xA; - Most recent smoking status&#xA; - Principal surgical procedures that start during the encounter&#xA;&#xA;Please see the Hospital Harm - Postoperative Respiratory Failure Risk Adjustment Methodology Report on the eCQM-specific page on the eCQI Resource Center website: https://ecqi.healthit.gov/"
                xsi:type="ED"/>
      </measureAttribute>
   </subjectOf>
   <subjectOf>
      <measureAttribute>
         <code code="MSRAGG" codeSystem="2.16.840.1.113883.5.4">
            <displayName value="Rate Aggregation"/>
         </code>
         <value mediaType="text/plain" value="None" xsi:type="ED"/>
      </measureAttribute>
   </subjectOf>
   <subjectOf>
      <measureAttribute>
         <code code="RAT" codeSystem="2.16.840.1.113883.5.4">
            <displayName value="Rationale"/>
         </code>
         <value mediaType="text/plain"
                value="Postoperative respiratory failure (PRF), defined as unplanned endotracheal reintubation, prolonged inability to wean from mechanical ventilation, or inadequate oxygenation and/or ventilation, is the most common serious postoperative pulmonary complication, with an incidence of up to 7.5% (the incidence of any postoperative pulmonary complication ranges from 10-40%) (Arozullah et al., 2000; Canet et al., 2015; Gupta et al., 2011; Kor et al., 2014). This measure addresses the prevalence of PRF and the variance between hospitals in the incidence of PRF. PRF is a serious complication that can increase the risk of morbidity and mortality, with in-hospital mortality resulting from PRF estimated at 25% to 40% (Arozullah et al., 2000; Canet &amp; Gallart, 2014). Surgical procedures complicated by PRF have 3.74 times higher adjusted odds of death than those not complicated by respiratory failure, 1.47 times higher odds of 90-day readmission, and 1.86 times higher odds of an outpatient visit with one of 44 postoperative conditions (e.g., bacterial infection, fluid and electrolyte disorder, abdominal hernia) within 90 days of hospital discharge (Miller et al., 2001; Romano et al, 2009). PRF is additionally associated with prolonged mechanical ventilation and the need for rehabilitation or skilled nursing facility placement upon discharge (Thompson &amp; Lisco, 2018).&#xA;&#xA;The incidence of PRF varies by hospital, with higher reported rates of PRF in nonteaching hospitals than teaching hospitals (Rahman et al., 2013). Additionally, one study found that the odds of developing PRF increased by 6% for each level increase in hospital size from small to large (Rahman et al., 2013). This suggests that there remains room for improvement in hospitals reporting higher rates of PRF.&#xA;&#xA;The most widely used current measures of PRF are based on either claims data (CMS Patient Safety Indicator (PSI) 11) or proprietary registry data (National Surgical Quality Improvement Program (NSQIP) of the American College of Surgeons). The proposed eCQM is closely modeled after the NSQIP measure of PRF, which has been widely adopted across American hospitals, and is intended to complement and eventually supplant CMS PSI 11."
                xsi:type="ED"/>
      </measureAttribute>
   </subjectOf>
   <subjectOf>
      <measureAttribute>
         <code code="CRS" codeSystem="2.16.840.1.113883.5.4">
            <displayName value="Clinical Recommendation Statement"/>
         </code>
         <value mediaType="text/plain"
                value="Recent studies and current clinical practice guidelines for PRF have identified enhanced recovery pathways, prophylactic mucolytics, postoperative continuous positive airway pressure ventilation, lung protective intraoperative ventilation, prophylactic respiratory physiotherapy, epidural analgesia, and goal directed hemodynamic therapy as evidence-based interventions to reduce the incidence of PRF. Yet, progress in reducing the incidence of PRF has been stymied by lack of consensus regarding the definition of PRF, which patients are most at-risk, which risk factors are potentially modifiable, and which patients are more likely to benefit from targeted interventions of a health care system’s limited resources. This measure would address this gap in data."
                xsi:type="ED"/>
      </measureAttribute>
   </subjectOf>
   <subjectOf>
      <measureAttribute>
         <code code="IDUR" codeSystem="2.16.840.1.113883.5.4">
            <displayName value="Improvement Notation"/>
         </code>
         <value mediaType="text/plain" value="A lower measure score indicates higher quality"
                xsi:type="ED"/>
      </measureAttribute>
   </subjectOf>
   <subjectOf>
      <measureAttribute>
         <code code="REF" codeSystem="2.16.840.1.113883.5.4">
            <displayName value="Reference"/>
         </code>
         <value mediaType="text/plain"
                value="CITATIONArozullah, A.M., Daley, J., Henderson, W.G., &amp; Khuri, S.F. (2000). Multifactorial risk index for predicting postoperative respiratory failure in men after major noncardiac surgery. The National Veterans Administration Surgical Quality Improvement Program. Annals of surgery. 232(2):242-253. doi: 10.1097/00000658-200008000-00015. PMID: 10903604; PMCID: PMC1421137."
                xsi:type="ED"/>
      </measureAttribute>
   </subjectOf>
   <subjectOf>
      <measureAttribute>
         <code code="REF" codeSystem="2.16.840.1.113883.5.4">
            <displayName value="Reference"/>
         </code>
         <value mediaType="text/plain"
                value="CITATIONCanet, J., &amp; Gallart, L. (2014). Postoperative respiratory failure: Pathogenesis, prediction, and prevention. Current Opinion in Critical Care. 20(1):56-62. doi: 10.1097/MCC.0000000000000045. PMID: 24240985."
                xsi:type="ED"/>
      </measureAttribute>
   </subjectOf>
   <subjectOf>
      <measureAttribute>
         <code code="REF" codeSystem="2.16.840.1.113883.5.4">
            <displayName value="Reference"/>
         </code>
         <value mediaType="text/plain"
                value="CITATIONCanet, J., Sabaté, S., Mazo, V., Gallart, L., de Abreu, M.G., Belda, J., ... &amp; Pelosi, P. (2015). PERISCOPE group. Development and validation of a score to predict postoperative respiratory failure in a multicentre European cohort: A prospective, observational study. Eur J Anaesthesiol. 32(7):458-70. doi: 10.1097/EJA.0000000000000223. PMID: 26020123."
                xsi:type="ED"/>
      </measureAttribute>
   </subjectOf>
   <subjectOf>
      <measureAttribute>
         <code code="REF" codeSystem="2.16.840.1.113883.5.4">
            <displayName value="Reference"/>
         </code>
         <value mediaType="text/plain"
                value="CITATIONGupta, H., Gupta, P.K., Fang, X., Miller, W.J., Cemaj, S., Forse, R.A., &amp; Morrow, L.E. (2011). Development and validation of a risk calculator predicting postoperative respiratory failure. Chest. 140(5):1207-1215. doi: 10.1378/chest.11-0466. Epub 2011 Jul 14. PMID: 21757571."
                xsi:type="ED"/>
      </measureAttribute>
   </subjectOf>
   <subjectOf>
      <measureAttribute>
         <code code="REF" codeSystem="2.16.840.1.113883.5.4">
            <displayName value="Reference"/>
         </code>
         <value mediaType="text/plain"
                value="CITATIONKor, D.J., Lingineni, R.K., Gajic, O., Park, P.K., Blum, J.M., Hou, P.C., ... &amp; Talmor, D.S. (2014). Predicting risk of postoperative lung injury in high-risk surgical patients: a multicenter cohort study. Anesthesiology. 120(5):1168-81. doi: 10.1097/ALN.0000000000000216. PMID: 24755786; PMCID: PMC3999474."
                xsi:type="ED"/>
      </measureAttribute>
   </subjectOf>
   <subjectOf>
      <measureAttribute>
         <code code="REF" codeSystem="2.16.840.1.113883.5.4">
            <displayName value="Reference"/>
         </code>
         <value mediaType="text/plain"
                value="CITATIONMiller, M.R., Elixhauser, A., Zhan, C., &amp; Meyer, G.S. (2001). Patient Safety Indicators: using administrative data to identify potential patient safety concerns. Health Serv Res. 36(6 Pt 2):110-32. PMID: 16148964; PMCID: PMC1383610."
                xsi:type="ED"/>
      </measureAttribute>
   </subjectOf>
   <subjectOf>
      <measureAttribute>
         <code code="REF" codeSystem="2.16.840.1.113883.5.4">
            <displayName value="Reference"/>
         </code>
         <value mediaType="text/plain"
                value="CITATIONRahman, M., Neal, D., Fargen, K.M., &amp; Hoh, B.L. (2013). Establishing standard performance measures for adult brain tumor patients: a Nationwide Inpatient Sample database study. Neuro Oncol. 15(11):1580-8. doi: 10.1093/neuonc/not108. Epub 2013 Sep 30. PMID: 24084409; PMCID: PMC3813415."
                xsi:type="ED"/>
      </measureAttribute>
   </subjectOf>
   <subjectOf>
      <measureAttribute>
         <code code="REF" codeSystem="2.16.840.1.113883.5.4">
            <displayName value="Reference"/>
         </code>
         <value mediaType="text/plain"
                value="CITATIONRomano, P.S., Mull, H.J., Rivard, P.E., Zhao, S., Henderson, W.G., Loveland, S., Tsilimingras, D., ... &amp; Rosen, A.K. (2009). Validity of selected AHRQ patient safety indicators based on VA National Surgical Quality Improvement Program data. Health Serv Res. 44(1):182-204. doi: 10.1111/j.1475-6773.2008.00905.x. Epub 2008 Sep 17. PMID: 18823449; PMCID: PMC2669628."
                xsi:type="ED"/>
      </measureAttribute>
   </subjectOf>
   <subjectOf>
      <measureAttribute>
         <code code="REF" codeSystem="2.16.840.1.113883.5.4">
            <displayName value="Reference"/>
         </code>
         <value mediaType="text/plain"
                value="CITATIONThompson, S.L., &amp; Lisco, S.J. (2018). Postoperative respiratory failure. Int Anesthesiol Clin. 56(1):147-164. doi: 10.1097/AIA.0000000000000173. PMID: 29189437."
                xsi:type="ED"/>
      </measureAttribute>
   </subjectOf>
   <subjectOf>
      <measureAttribute>
         <code code="DEF" codeSystem="2.16.840.1.113883.5.4">
            <displayName value="Definition"/>
         </code>
         <value mediaType="text/plain"
                value="Inpatient hospitalizations: Includes time in outpatient surgery service or observation when the transition between these encounters (if they exist) and the inpatient encounter are within an hour or less of each other.&#xA;&#xA;&quot;Elective Inpatient Encounter&quot; value set intends to capture all scheduled hospitalizations and excludes emergency, urgent, and unplanned admissions.&#xA;&#xA;Elective surgical procedures: Elective is modeled by specifying an elective inpatient admission encounter type with an encounter class of  ‘elective’. Surgical procedure is referred to as an &quot;Operating Room (OR) procedure&quot; or &quot;procedure&quot; and is modeled by the use of anesthesia during the encounter. These combined concepts determine a qualifying elective surgical procedure occurred.&#xA;&#xA;The ‘First’ OR procedure of the encounter is captured by an administration of general or neuraxial anesthesia, typically only given and monitored within an operating room environment. These anesthesia concepts are included in the ‘General or Neuraxial Anesthesia’ value set.&#xA;&#xA;All other subsequent procedures are captured by an administration of general, neuraxial, regional anesthesia and conscious sedation that requires monitored anesthesia care (MAC) regardless of procedural area location. These anesthesia concepts are included in the &quot;Anesthesia Requiring Monitored Care&quot; value set.&#xA;&#xA;Procedural area locations include operating rooms, endoscopy, cardiac catheterization and interventional radiology suites. Procedural area locations are also defined by areas where there is an  administration of general, neuraxial, regional anesthesia or conscious sedation that requires MAC.&#xA;&#xA;Non-invasive oxygen therapy refers to patients on room air, nasal cannula, face masks, or continuous or intermittent positive airway pressure devices."
                xsi:type="ED"/>
      </measureAttribute>
   </subjectOf>
   <subjectOf>
      <measureAttribute>
         <code code="GUIDE" codeSystem="2.16.840.1.113883.5.4">
            <displayName value="Guidance"/>
         </code>
         <value mediaType="text/plain"
                value="PRF is evaluated using mechanical ventilation (MV) documentation or intubation and extubation documentation to allow for hospital documentation variances. Therefore, if MV documentation is not available, intubation and extubation can serve as a proxy for determining if MV occurred and its duration. To determine that an unplanned initiation of MV occurred, the logic looks for evidence of a non-invasive oxygen therapy assessment such as oxygen via 'nasal canula' or 'breathing room air' prior to the MV occurrence to verify that MV was newly initiated. Additionally, facility location codes are used to determine if MV was initiated outside of a procedural area (e.g., medical floor). Conversely, to determine MV duration, the logic looks for evidence that a non-invasive oxygen therapy assessment or another operating room procedure does not exist prior to the MV occurrence to verify that MV was continued without interruption from a procedural area. &#xA;&#x9;&#xA;This eCQM is an episode-based measure. An episode is defined as each inpatient hospitalization or encounter that ends during the measurement period.&#xA;&#xA;This version of the eCQM uses QDM version 5.6. Please refer to the eCQI resource center (https://ecqi.healthit.gov/qdm) for more information on the QDM."
                xsi:type="ED"/>
      </measureAttribute>
   </subjectOf>
   <subjectOf>
      <measureAttribute>
         <code code="TRANF" codeSystem="2.16.840.1.113883.5.4">
            <displayName value="Transmission Format"/>
         </code>
         <value mediaType="text/plain" value="TBD" xsi:type="ED"/>
      </measureAttribute>
   </subjectOf>
   <subjectOf>
      <measureAttribute>
         <code code="IPOP" codeSystem="2.16.840.1.113883.5.4">
            <displayName value="Initial Population"/>
         </code>
         <value mediaType="text/plain"
                value="Elective inpatient hospitalizations with no preceding emergency department visit that end during the measurement period for patients aged 18 and older without an obstetrical condition and at least one surgical procedure was performed within the first 3 days of the encounter"
                xsi:type="ED"/>
      </measureAttribute>
   </subjectOf>
   <subjectOf>
      <measureAttribute>
         <code code="DENOM" codeSystem="2.16.840.1.113883.5.4">
            <displayName value="Denominator"/>
         </code>
         <value mediaType="text/plain" value="Equals Initial Population" xsi:type="ED"/>
      </measureAttribute>
   </subjectOf>
   <subjectOf>
      <measureAttribute>
         <code code="DENEX" codeSystem="2.16.840.1.113883.5.4">
            <displayName value="Denominator Exclusions"/>
         </code>
         <value mediaType="text/plain"
                value="Inpatient hospitalizations for patients:&#xA;&#xA;With a diagnosis for a degenerative neurological disorder&#xA;&#xA;With any selected head, neck, and thoracic surgery involving significant risk of airway compromise or requiring airway protection&#xA;&#xA;Who have mechanical ventilation that starts more than one hour prior to the start of the first operating procedure (OR) procedure&#xA;&#xA;With a diagnosis for a neuromuscular disorder&#xA;&#xA;With arterial partial pressure of carbon dioxide (PaCO2)&gt;50 mmHg combined with an arterial pH&lt;7.30 within 48 hours or less prior to the start of the first OR procedure&#xA;&#xA;With arterial partial pressure of oxygen (PaO2)&lt;50 mmHg within 48 hours or less prior to the start of the first OR procedure&#xA;&#xA;With a principal diagnosis for acute respiratory failure&#xA;&#xA;With a secondary diagnosis for acute respiratory failure present on admission&#xA;&#xA;With any diagnosis present on admission for the existence of a tracheostomy&#xA;&#xA;Where a tracheostomy is performed before or on the same day as the first OR procedure"
                xsi:type="ED"/>
      </measureAttribute>
   </subjectOf>
   <subjectOf>
      <measureAttribute>
         <code code="NUMER" codeSystem="2.16.840.1.113883.5.4">
            <displayName value="Numerator"/>
         </code>
         <value mediaType="text/plain"
                value="Elective inpatient hospitalizations for patients with postoperative respiratory failure as evidenced by any of the following:&#xA;&#xA;Criterion A: Mechanical ventilation (MV) initiated within 30 days after first OR procedure, as evidenced by:&#xA;&#xA;A.1. Intubation that occurs outside of a procedural area and within 30 days after the end of the first OR procedure of the encounter.&#xA;&#xA;or&#xA;&#xA;A.2. MV that occurs outside of a procedural area within 30 days after the end of the first OR procedure of the encounter and is preceded by a period of non-invasive oxygen therapy between the end of the OR procedure and the MV occurrence, and without a subsequent OR procedure between the non-invasive oxygen therapy and the MV occurrence.&#xA;&#xA;or&#xA;&#xA;Criterion B: MV with a duration of more than 48 hours after the first OR procedure, as evidenced by:&#xA;&#xA;B.1. Extubation that occurs outside of a procedural area more than 48 hours after the end of an OR procedure and within 30 days after the end of the first OR procedure, and is not preceded by a period of non-invasive oxygen therapy or a subsequent OR procedure between the end of the OR procedure and the extubation occurrence.&#xA;&#xA;or&#xA;&#xA;B.2 Mechanical ventilation that occurs between 48 and 72 hours after the end of an OR procedure and within 30 days after the end of the first OR procedure, and is not preceded by a non-invasive oxygen therapy or a subsequent OR procedure between the end of the OR procedure and the MV occurrence. "
                xsi:type="ED"/>
      </measureAttribute>
   </subjectOf>
   <subjectOf>
      <measureAttribute>
         <code code="NUMEX" codeSystem="2.16.840.1.113883.5.4">
            <displayName value="Numerator Exclusions"/>
         </code>
         <value mediaType="text/plain" value="Not Applicable" xsi:type="ED"/>
      </measureAttribute>
   </subjectOf>
   <subjectOf>
      <measureAttribute>
         <code code="DENEXCEP" codeSystem="2.16.840.1.113883.5.4">
            <displayName value="Denominator Exceptions"/>
         </code>
         <value mediaType="text/plain" value="None" xsi:type="ED"/>
      </measureAttribute>
   </subjectOf>
   <subjectOf>
      <measureAttribute>
         <code code="SDE" codeSystem="2.16.840.1.113883.5.4">
            <displayName value="Supplemental Data Elements"/>
         </code>
         <value mediaType="text/plain"
                value="For every patient evaluated by this measure also identify payer, race, ethnicity and sex"
                xsi:type="ED"/>
      </measureAttribute>
   </subjectOf>
   <componentOf>
      <qualityMeasureSet classCode="ACT">
         <id root="010fa13e-a59f-4ab7-8b96-e8df0494b611"/>
         <title value=""/>
      </qualityMeasureSet>
   </componentOf>
   <!--Data Criteria Section-->
   <component>
      <dataCriteriaSection>
         <templateId>
            <item extension="2021-02-01" root="2.16.840.1.113883.10.20.28.2.6"/>
         </templateId>
         <code code="57025-9" codeSystem="2.16.840.1.113883.6.1"/>
         <title value="Data Criteria Section"/>
         <text/>
         <entry typeCode="DRIV">
            <localVariableName value="Plateletcountlabtest_LaboratoryTestPerformed_fB3cg"/>
            <observationCriteria classCode="OBS" moodCode="EVN">
               <templateId>
                  <item extension="2021-02-01" root="2.16.840.1.113883.10.20.28.4.42"/>
               </templateId>
               <id extension="Plateletcountlabtest_LaboratoryTestPerformed"
                   root="b6bc9e5f-2192-4470-b786-9359d6ba0dea"/>
               <code valueSet="2.16.840.1.113762.1.4.1045.127"/>
               <title value="Laboratory Test, Performed"/>
               <statusCode code="COMPLETED"/>
            </observationCriteria>
         </entry>
         <entry typeCode="DRIV">
            <localVariableName value="ONCAdministrativeSex_PatientCharacteristicSex_TsFT7"/>
            <observationCriteria classCode="OBS" moodCode="EVN">
               <templateId>
                  <item extension="2017-05-01" root="2.16.840.1.113883.10.20.28.4.55"/>
               </templateId>
               <id extension="ONCAdministrativeSex_PatientCharacteristicSex"
                   root="d9ddd0e2-c2ac-4d47-9d2e-07b9502b794c"/>
               <code code="263495000" codeSystem="2.16.840.1.113883.6.96" codeSystemName="SNOMED CT">
                  <displayName value="Gender"/>
               </code>
               <title value="Patient Characteristic Sex"/>
               <statusCode code="COMPLETED"/>
               <value valueSet="2.16.840.1.113762.1.4.1" xsi:type="CD"/>
            </observationCriteria>
         </entry>
         <entry typeCode="DRIV">
            <localVariableName value="Hemoglobinlabtest_LaboratoryTestPerformed_KWY6D"/>
            <observationCriteria classCode="OBS" moodCode="EVN">
               <templateId>
                  <item extension="2021-02-01" root="2.16.840.1.113883.10.20.28.4.42"/>
               </templateId>
               <id extension="Hemoglobinlabtest_LaboratoryTestPerformed"
                   root="8c4062bf-a770-4c62-a7ce-19ea4682f20a"/>
               <code valueSet="2.16.840.1.113762.1.4.1248.219"/>
               <title value="Laboratory Test, Performed"/>
               <statusCode code="COMPLETED"/>
            </observationCriteria>
         </entry>
         <entry typeCode="DRIV">
            <localVariableName value="ObservationServices_EncounterPerformed_6Mvwv"/>
            <encounterCriteria classCode="ENC" moodCode="EVN">
               <templateId>
                  <item extension="2021-02-01" root="2.16.840.1.113883.10.20.28.4.5"/>
               </templateId>
               <id extension="ObservationServices_EncounterPerformed"
                   root="215b8958-753d-4e97-88e4-80e69c50bd14"/>
               <code valueSet="2.16.840.1.113762.1.4.1111.143"/>
               <title value="Encounter, Performed"/>
               <statusCode code="COMPLETED"/>
            </encounterCriteria>
         </entry>
         <entry typeCode="DRIV">
            <localVariableName value="CarbonDioxidePartialPressureinArterialBlood_LaboratoryTestPerformed_Ipdwv"/>
            <observationCriteria classCode="OBS" moodCode="EVN">
               <templateId>
                  <item extension="2021-02-01" root="2.16.840.1.113883.10.20.28.4.42"/>
               </templateId>
               <id extension="CarbonDioxidePartialPressureinArterialBlood_LaboratoryTestPerformed"
                   root="9ed88cbd-4f59-470f-9e3a-1bdef24d0d8f"/>
               <code valueSet="2.16.840.1.113762.1.4.1248.95"/>
               <title value="Laboratory Test, Performed"/>
               <statusCode code="COMPLETED"/>
            </observationCriteria>
         </entry>
         <entry typeCode="DRIV">
            <localVariableName value="Sodiumlabtest_LaboratoryTestPerformed_j6IB8"/>
            <observationCriteria classCode="OBS" moodCode="EVN">
               <templateId>
                  <item extension="2021-02-01" root="2.16.840.1.113883.10.20.28.4.42"/>
               </templateId>
               <id extension="Sodiumlabtest_LaboratoryTestPerformed"
                   root="c0b58985-b539-44b4-9bae-e9f29c9c0f38"/>
               <code valueSet="2.16.840.1.113762.1.4.1045.119"/>
               <title value="Laboratory Test, Performed"/>
               <statusCode code="COMPLETED"/>
            </observationCriteria>
         </entry>
         <entry typeCode="DRIV">
            <localVariableName value="Bloodureanitrogenlabtest_LaboratoryTestPerformed_1WRNo"/>
            <observationCriteria classCode="OBS" moodCode="EVN">
               <templateId>
                  <item extension="2021-02-01" root="2.16.840.1.113883.10.20.28.4.42"/>
               </templateId>
               <id extension="Bloodureanitrogenlabtest_LaboratoryTestPerformed"
                   root="6a52d6c1-a2f2-4632-9ab1-09a35dd2e8d0"/>
               <code valueSet="2.16.840.1.113762.1.4.1248.218"/>
               <title value="Laboratory Test, Performed"/>
               <statusCode code="COMPLETED"/>
            </observationCriteria>
         </entry>
         <entry typeCode="DRIV">
            <localVariableName value="Aspartatetransaminaselabtest_LaboratoryTestPerformed_QnVLY"/>
            <observationCriteria classCode="OBS" moodCode="EVN">
               <templateId>
                  <item extension="2021-02-01" root="2.16.840.1.113883.10.20.28.4.42"/>
               </templateId>
               <id extension="Aspartatetransaminaselabtest_LaboratoryTestPerformed"
                   root="bcfbc84c-6fc9-4d64-a189-092e360db9bb"/>
               <code valueSet="2.16.840.1.113762.1.4.1248.224"/>
               <title value="Laboratory Test, Performed"/>
               <statusCode code="COMPLETED"/>
            </observationCriteria>
         </entry>
         <entry typeCode="DRIV">
            <localVariableName value="TracheostomyProcedures_ProcedurePerformed_Y3HfN"/>
            <procedureCriteria classCode="PROC" moodCode="EVN">
               <templateId>
                  <item extension="2021-02-01" root="2.16.840.1.113883.10.20.28.4.67"/>
               </templateId>
               <id extension="TracheostomyProcedures_ProcedurePerformed"
                   root="820e444c-16d4-40d0-882e-8e75c66e4a75"/>
               <code valueSet="2.16.840.1.113762.1.4.1248.181"/>
               <title value="Procedure, Performed"/>
               <statusCode code="COMPLETED"/>
            </procedureCriteria>
         </entry>
         <entry typeCode="DRIV">
            <localVariableName value="Albuminlabtest_LaboratoryTestPerformed_dP79g"/>
            <observationCriteria classCode="OBS" moodCode="EVN">
               <templateId>
                  <item extension="2021-02-01" root="2.16.840.1.113883.10.20.28.4.42"/>
               </templateId>
               <id extension="Albuminlabtest_LaboratoryTestPerformed"
                   root="28a9aaa4-6d80-4ba8-8ff6-95cfe2a80c88"/>
               <code valueSet="2.16.840.1.113762.1.4.1248.221"/>
               <title value="Laboratory Test, Performed"/>
               <statusCode code="COMPLETED"/>
            </observationCriteria>
         </entry>
         <entry typeCode="DRIV">
            <localVariableName value="Bicarbonatelabtest_LaboratoryTestPerformed_8WiF3"/>
            <observationCriteria classCode="OBS" moodCode="EVN">
               <templateId>
                  <item extension="2021-02-01" root="2.16.840.1.113883.10.20.28.4.42"/>
               </templateId>
               <id extension="Bicarbonatelabtest_LaboratoryTestPerformed"
                   root="63aab7fb-0490-4c32-9979-6e1983311ebe"/>
               <code valueSet="2.16.840.1.113762.1.4.1045.139"/>
               <title value="Laboratory Test, Performed"/>
               <statusCode code="COMPLETED"/>
            </observationCriteria>
         </entry>
         <entry typeCode="DRIV">
            <localVariableName value="EmergencyDepartmentVisit_EncounterPerformed_MqSN6"/>
            <encounterCriteria classCode="ENC" moodCode="EVN">
               <templateId>
                  <item extension="2021-02-01" root="2.16.840.1.113883.10.20.28.4.5"/>
               </templateId>
               <id extension="EmergencyDepartmentVisit_EncounterPerformed"
                   root="943fd468-a486-47eb-bcef-69bbc31a73a0"/>
               <code valueSet="2.16.840.1.113883.3.117.1.7.1.292"/>
               <title value="Encounter, Performed"/>
               <statusCode code="COMPLETED"/>
            </encounterCriteria>
         </entry>
         <entry typeCode="DRIV">
            <localVariableName value="ArterialBloodpH_LaboratoryTestPerformed_GqExB"/>
            <observationCriteria classCode="OBS" moodCode="EVN">
               <templateId>
                  <item extension="2021-02-01" root="2.16.840.1.113883.10.20.28.4.42"/>
               </templateId>
               <id extension="ArterialBloodpH_LaboratoryTestPerformed"
                   root="d8780094-287a-499d-ad9f-44d0c92e6f76"/>
               <code valueSet="2.16.840.1.113762.1.4.1248.96"/>
               <title value="Laboratory Test, Performed"/>
               <statusCode code="COMPLETED"/>
            </observationCriteria>
         </entry>
         <entry typeCode="DRIV">
            <localVariableName value="AnesthesiaRequiringMonitoredCare_ProcedurePerformed_hJsrM"/>
            <procedureCriteria classCode="PROC" moodCode="EVN">
               <templateId>
                  <item extension="2021-02-01" root="2.16.840.1.113883.10.20.28.4.67"/>
               </templateId>
               <id extension="AnesthesiaRequiringMonitoredCare_ProcedurePerformed"
                   root="5c750114-c801-4164-a331-71987dd363bd"/>
               <code valueSet="2.16.840.1.113762.1.4.1248.255"/>
               <title value="Procedure, Performed"/>
               <statusCode code="COMPLETED"/>
            </procedureCriteria>
         </entry>
         <entry typeCode="DRIV">
            <localVariableName value="Race_PatientCharacteristicRace_BtrX0"/>
            <observationCriteria classCode="OBS" moodCode="EVN">
               <templateId>
                  <item extension="2017-05-01" root="2.16.840.1.113883.10.20.28.4.59"/>
               </templateId>
               <id extension="Race_PatientCharacteristicRace"
                   root="dccc423d-3b20-40eb-90af-cf444fa13fb7"/>
               <code code="32624-9" codeSystem="2.16.840.1.113883.6.1" codeSystemName="LOINC">
                  <displayName value="Race"/>
               </code>
               <title value="Patient Characteristic Race"/>
               <statusCode code="COMPLETED"/>
               <value valueSet="2.16.840.1.114222.4.11.836" xsi:type="CD"/>
            </observationCriteria>
         </entry>
         <entry typeCode="DRIV">
            <localVariableName value="NonInvasiveOxygenTherapy_AssessmentPerformed_quvJd"/>
            <observationCriteria classCode="OBS" moodCode="EVN">
               <templateId>
                  <item extension="2021-02-01" root="2.16.840.1.113883.10.20.28.4.117"/>
               </templateId>
               <id extension="NonInvasiveOxygenTherapy_AssessmentPerformed"
                   root="29eb0ba1-981c-4781-a5be-3bd016df9c4a"/>
               <code valueSet="2.16.840.1.113762.1.4.1248.213"/>
               <title value="Assessment, Performed"/>
               <statusCode code="COMPLETED"/>
            </observationCriteria>
         </entry>
         <entry typeCode="DRIV">
            <localVariableName value="Hematocritlabtest_LaboratoryTestPerformed_K9LkN"/>
            <observationCriteria classCode="OBS" moodCode="EVN">
               <templateId>
                  <item extension="2021-02-01" root="2.16.840.1.113883.10.20.28.4.42"/>
               </templateId>
               <id extension="Hematocritlabtest_LaboratoryTestPerformed"
                   root="428e7133-57eb-4941-bac2-93f3c2cca58c"/>
               <code valueSet="2.16.840.1.113762.1.4.1045.114"/>
               <title value="Laboratory Test, Performed"/>
               <statusCode code="COMPLETED"/>
            </observationCriteria>
         </entry>
         <entry typeCode="DRIV">
            <localVariableName value="OutpatientSurgeryService_EncounterPerformed_30rXk"/>
            <encounterCriteria classCode="ENC" moodCode="EVN">
               <templateId>
                  <item extension="2021-02-01" root="2.16.840.1.113883.10.20.28.4.5"/>
               </templateId>
               <id extension="OutpatientSurgeryService_EncounterPerformed"
                   root="b83ac179-68d9-4566-b510-def0a48a73dc"/>
               <code valueSet="2.16.840.1.113762.1.4.1110.38"/>
               <title value="Encounter, Performed"/>
               <statusCode code="COMPLETED"/>
            </encounterCriteria>
         </entry>
         <entry typeCode="DRIV">
            <localVariableName value="ElectiveInpatientEncounter_EncounterPerformed_C6fwI"/>
            <encounterCriteria classCode="ENC" moodCode="EVN">
               <templateId>
                  <item extension="2021-02-01" root="2.16.840.1.113883.10.20.28.4.5"/>
               </templateId>
               <id extension="ElectiveInpatientEncounter_EncounterPerformed"
                   root="699f1017-a323-4dbe-bbe7-f672a6065c41"/>
               <code valueSet="2.16.840.1.113762.1.4.1248.85"/>
               <title value="Encounter, Performed"/>
               <statusCode code="COMPLETED"/>
            </encounterCriteria>
         </entry>
         <entry typeCode="DRIV">
            <localVariableName value="OxygenPartialPressureinArterialBlood_LaboratoryTestPerformed_FyEgP"/>
            <observationCriteria classCode="OBS" moodCode="EVN">
               <templateId>
                  <item extension="2021-02-01" root="2.16.840.1.113883.10.20.28.4.42"/>
               </templateId>
               <id extension="OxygenPartialPressureinArterialBlood_LaboratoryTestPerformed"
                   root="60de8bb5-11ab-4074-aa90-690e6ceb16c8"/>
               <code valueSet="2.16.840.1.113762.1.4.1248.94"/>
               <title value="Laboratory Test, Performed"/>
               <statusCode code="COMPLETED"/>
            </observationCriteria>
         </entry>
         <entry typeCode="DRIV">
            <localVariableName value="GeneralandNeuraxialAnesthesia_ProcedurePerformed_Bmlry"/>
            <procedureCriteria classCode="PROC" moodCode="EVN">
               <templateId>
                  <item extension="2021-02-01" root="2.16.840.1.113883.10.20.28.4.67"/>
               </templateId>
               <id extension="GeneralandNeuraxialAnesthesia_ProcedurePerformed"
                   root="cb500e61-eb7d-4dbe-a41a-446fd2b374cd"/>
               <code valueSet="2.16.840.1.113762.1.4.1248.208"/>
               <title value="Procedure, Performed"/>
               <statusCode code="COMPLETED"/>
            </procedureCriteria>
         </entry>
         <entry typeCode="DRIV">
            <localVariableName value="NonInvasiveOxygenTherapybyNasalCannulaorMask_ProcedurePerformed_aLOO7"/>
            <procedureCriteria classCode="PROC" moodCode="EVN">
               <templateId>
                  <item extension="2021-02-01" root="2.16.840.1.113883.10.20.28.4.67"/>
               </templateId>
               <id extension="NonInvasiveOxygenTherapybyNasalCannulaorMask_ProcedurePerformed"
                   root="b711b694-c2d6-4b36-873b-9368b16dbfb5"/>
               <code valueSet="2.16.840.1.113762.1.4.1248.209"/>
               <title value="Procedure, Performed"/>
               <statusCode code="COMPLETED"/>
            </procedureCriteria>
         </entry>
         <entry typeCode="DRIV">
            <localVariableName value="Ethnicity_PatientCharacteristicEthnicity_fPz4j"/>
            <observationCriteria classCode="OBS" moodCode="EVN">
               <templateId>
                  <item extension="2017-05-01" root="2.16.840.1.113883.10.20.28.4.56"/>
               </templateId>
               <id extension="Ethnicity_PatientCharacteristicEthnicity"
                   root="53bac218-f6ef-401c-b9cf-1fc11f70a17c"/>
               <code code="54133-4" codeSystem="2.16.840.1.113883.6.1" codeSystemName="LOINC">
                  <displayName value="Ethnicity"/>
               </code>
               <title value="Patient Characteristic Ethnicity"/>
               <statusCode code="COMPLETED"/>
               <value valueSet="2.16.840.1.114222.4.11.837" xsi:type="CD"/>
            </observationCriteria>
         </entry>
         <entry typeCode="DRIV">
            <localVariableName value="Creatininelabtest_LaboratoryTestPerformed_OQxwF"/>
            <observationCriteria classCode="OBS" moodCode="EVN">
               <templateId>
                  <item extension="2021-02-01" root="2.16.840.1.113883.10.20.28.4.42"/>
               </templateId>
               <id extension="Creatininelabtest_LaboratoryTestPerformed"
                   root="727a32be-8b6e-4b47-9dde-a054f23ba462"/>
               <code valueSet="2.16.840.1.113883.3.666.5.2363"/>
               <title value="Laboratory Test, Performed"/>
               <statusCode code="COMPLETED"/>
            </observationCriteria>
         </entry>
         <entry typeCode="DRIV">
            <localVariableName value="Bilirubinlabtest_LaboratoryTestPerformed_Uxr9m"/>
            <observationCriteria classCode="OBS" moodCode="EVN">
               <templateId>
                  <item extension="2021-02-01" root="2.16.840.1.113883.10.20.28.4.42"/>
               </templateId>
               <id extension="Bilirubinlabtest_LaboratoryTestPerformed"
                   root="18afdfd6-464a-4c78-8051-53841bbebdc9"/>
               <code valueSet="2.16.840.1.113762.1.4.1248.223"/>
               <title value="Laboratory Test, Performed"/>
               <statusCode code="COMPLETED"/>
            </observationCriteria>
         </entry>
         <entry typeCode="DRIV">
            <localVariableName value="Leukocytecountlabtest_LaboratoryTestPerformed_mDnOU"/>
            <observationCriteria classCode="OBS" moodCode="EVN">
               <templateId>
                  <item extension="2021-02-01" root="2.16.840.1.113883.10.20.28.4.42"/>
               </templateId>
               <id extension="Leukocytecountlabtest_LaboratoryTestPerformed"
                   root="88b868bb-807c-4f10-b6a0-d3d1f927cbf6"/>
               <code valueSet="2.16.840.1.113762.1.4.1248.222"/>
               <title value="Laboratory Test, Performed"/>
               <statusCode code="COMPLETED"/>
            </observationCriteria>
         </entry>
         <entry typeCode="DRIV">
            <localVariableName value="MechanicalVentilation_ProcedurePerformed_MmPra"/>
            <procedureCriteria classCode="PROC" moodCode="EVN">
               <templateId>
                  <item extension="2021-02-01" root="2.16.840.1.113883.10.20.28.4.67"/>
               </templateId>
               <id extension="MechanicalVentilation_ProcedurePerformed"
                   root="b6d854e0-6732-4285-8bb9-ecdd77dcc71b"/>
               <code valueSet="2.16.840.1.113762.1.4.1248.107"/>
               <title value="Procedure, Performed"/>
               <statusCode code="COMPLETED"/>
            </procedureCriteria>
         </entry>
         <entry typeCode="DRIV">
            <localVariableName value="Intubation_ProcedurePerformed_1X2KU"/>
            <procedureCriteria classCode="PROC" moodCode="EVN">
               <templateId>
                  <item extension="2021-02-01" root="2.16.840.1.113883.10.20.28.4.67"/>
               </templateId>
               <id extension="Intubation_ProcedurePerformed"
                   root="08a0dfe2-a2dd-4221-97a8-5835277eba66"/>
               <code valueSet="2.16.840.1.113762.1.4.1248.179"/>
               <title value="Procedure, Performed"/>
               <statusCode code="COMPLETED"/>
            </procedureCriteria>
         </entry>
         <entry typeCode="DRIV">
            <localVariableName value="Whitebloodcellscountlabtest_LaboratoryTestPerformed_RdRoI"/>
            <observationCriteria classCode="OBS" moodCode="EVN">
               <templateId>
                  <item extension="2021-02-01" root="2.16.840.1.113883.10.20.28.4.42"/>
               </templateId>
               <id extension="Whitebloodcellscountlabtest_LaboratoryTestPerformed"
                   root="b99da240-7764-4f91-8805-8d061adab2c9"/>
               <code valueSet="2.16.840.1.113762.1.4.1045.129"/>
               <title value="Laboratory Test, Performed"/>
               <statusCode code="COMPLETED"/>
            </observationCriteria>
         </entry>
         <entry typeCode="DRIV">
            <localVariableName value="HeadNeckandThoracicSurgerieswithHighRiskAirwayCompromise_ProcedurePerformed_lEGNp"/>
            <procedureCriteria classCode="PROC" moodCode="EVN">
               <templateId>
                  <item extension="2021-02-01" root="2.16.840.1.113883.10.20.28.4.67"/>
               </templateId>
               <id extension="HeadNeckandThoracicSurgerieswithHighRiskAirwayCompromise_ProcedurePerformed"
                   root="8f4b79f3-c33b-4084-8550-db0a546ae10a"/>
               <code valueSet="2.16.840.1.113762.1.4.1248.251"/>
               <title value="Procedure, Performed"/>
               <statusCode code="COMPLETED"/>
            </procedureCriteria>
         </entry>
         <entry typeCode="DRIV">
            <localVariableName value="PayerType_PatientCharacteristicPayer_cpPLT"/>
            <observationCriteria classCode="OBS" moodCode="EVN">
               <templateId>
                  <item extension="2017-05-01" root="2.16.840.1.113883.10.20.28.4.58"/>
               </templateId>
               <id extension="PayerType_PatientCharacteristicPayer"
                   root="62e5eea2-c773-4e2e-ab07-e63ef5292e48"/>
               <code code="48768-6" codeSystem="2.16.840.1.113883.6.1" codeSystemName="LOINC">
                  <displayName value="Payer Type"/>
               </code>
               <title value="Patient Characteristic Payer"/>
               <statusCode code="COMPLETED"/>
               <value valueSet="2.16.840.1.114222.4.11.3591" xsi:type="CD"/>
            </observationCriteria>
         </entry>
         <entry typeCode="DRIV">
            <observationCriteria classCode="OBS" moodCode="EVN">
               <templateId>
                  <item extension="2021-02-01" root="2.16.840.1.113883.10.20.28.4.62"/>
               </templateId>
               <id extension="8480-6_PhysicalExamPerformed"
                   root="9D9E5952-8795-4F07-95AF-216639A66CB6"/>
               <code code="5880005" codeSystem="2.16.840.1.113883.6.96" codeSystemName="SNOMED CT">
                  <displayName value="physical examination"/>
               </code>
               <title value="Physical Exam, Performed"/>
               <statusCode code="COMPLETED"/>
               <value code="8480-6" codeSystem="2.16.840.1.113883.6.1" codeSystemName="LOINC"
                      xsi:type="CD"/>
            </observationCriteria>
         </entry>
         <entry typeCode="DRIV">
            <observationCriteria classCode="OBS" moodCode="EVN">
               <templateId>
                  <item extension="2021-02-01" root="2.16.840.1.113883.10.20.28.4.62"/>
               </templateId>
               <id extension="8867-4_PhysicalExamPerformed"
                   root="074E5FE7-DC79-4AFC-9D05-4FCF67451D18"/>
               <code code="5880005" codeSystem="2.16.840.1.113883.6.96" codeSystemName="SNOMED CT">
                  <displayName value="physical examination"/>
               </code>
               <title value="Physical Exam, Performed"/>
               <statusCode code="COMPLETED"/>
               <value code="8867-4" codeSystem="2.16.840.1.113883.6.1" codeSystemName="LOINC"
                      xsi:type="CD"/>
            </observationCriteria>
         </entry>
         <entry typeCode="DRIV">
            <observationCriteria classCode="OBS" moodCode="EVN">
               <templateId>
                  <item extension="2021-02-01" root="2.16.840.1.113883.10.20.28.4.62"/>
               </templateId>
               <id extension="9279-1_PhysicalExamPerformed"
                   root="7D69A4C4-B2F1-46E7-86C8-018684B36E85"/>
               <code code="5880005" codeSystem="2.16.840.1.113883.6.96" codeSystemName="SNOMED CT">
                  <displayName value="physical examination"/>
               </code>
               <title value="Physical Exam, Performed"/>
               <statusCode code="COMPLETED"/>
               <value code="9279-1" codeSystem="2.16.840.1.113883.6.1" codeSystemName="LOINC"
                      xsi:type="CD"/>
            </observationCriteria>
         </entry>
         <entry typeCode="DRIV">
            <procedureCriteria classCode="PROC" moodCode="EVN">
               <templateId>
                  <item extension="2021-02-01" root="2.16.840.1.113883.10.20.28.4.67"/>
               </templateId>
               <id extension="271280005_ProcedurePerformed"
                   root="96A36C7A-3C17-4272-AB14-86C936CAC4CD"/>
               <code code="271280005" codeSystem="2.16.840.1.113883.6.96" codeSystemName="SNOMEDCT"/>
               <title value="Procedure, Performed"/>
               <statusCode code="COMPLETED"/>
            </procedureCriteria>
         </entry>
         <entry typeCode="DRIV">
            <observationCriteria classCode="OBS" moodCode="EVN">
               <templateId>
                  <item extension="2021-02-01" root="2.16.840.1.113883.10.20.28.4.62"/>
               </templateId>
               <id extension="8310-5_PhysicalExamPerformed"
                   root="0F797019-A19D-4954-AFDA-9BC08C62DC54"/>
               <code code="5880005" codeSystem="2.16.840.1.113883.6.96" codeSystemName="SNOMED CT">
                  <displayName value="physical examination"/>
               </code>
               <title value="Physical Exam, Performed"/>
               <statusCode code="COMPLETED"/>
               <value code="8310-5" codeSystem="2.16.840.1.113883.6.1" codeSystemName="LOINC"
                      xsi:type="CD"/>
            </observationCriteria>
         </entry>
         <entry typeCode="DRIV">
            <observationCriteria classCode="OBS" moodCode="EVN">
               <templateId>
                  <item extension="2021-02-01" root="2.16.840.1.113883.10.20.28.4.117"/>
               </templateId>
               <id extension="72166-2_AssessmentPerformed"
                   root="4311B648-3901-421A-B26B-F473C93A2B82"/>
               <code code="72166-2" codeSystem="2.16.840.1.113883.6.1" codeSystemName="LOINC"/>
               <title value="Assessment, Performed"/>
               <statusCode code="COMPLETED"/>
            </observationCriteria>
         </entry>
         <entry typeCode="DRIV">
            <observationCriteria classCode="OBS" moodCode="EVN">
               <templateId>
                  <item extension="2021-02-01" root="2.16.840.1.113883.10.20.28.4.62"/>
               </templateId>
               <id extension="39156-5_PhysicalExamPerformed"
                   root="1A1E3B4F-8D1E-429D-80A7-87ABF4CBD261"/>
               <code code="5880005" codeSystem="2.16.840.1.113883.6.96" codeSystemName="SNOMED CT">
                  <displayName value="physical examination"/>
               </code>
               <title value="Physical Exam, Performed"/>
               <statusCode code="COMPLETED"/>
               <value code="39156-5" codeSystem="2.16.840.1.113883.6.1" codeSystemName="LOINC"
                      xsi:type="CD"/>
            </observationCriteria>
         </entry>
         <entry typeCode="DRIV">
            <observationCriteria classCode="OBS" moodCode="EVN">
               <templateId>
                  <item extension="2021-02-01" root="2.16.840.1.113883.10.20.28.4.117"/>
               </templateId>
               <id extension="97816-3_AssessmentPerformed"
                   root="74DBECDD-DF17-4184-8D58-B5513F889EA4"/>
               <code code="97816-3" codeSystem="2.16.840.1.113883.6.1" codeSystemName="LOINC"/>
               <title value="Assessment, Performed"/>
               <statusCode code="COMPLETED"/>
            </observationCriteria>
         </entry>
      </dataCriteriaSection>
   </component>
   <component>
      <populationCriteriaSection>
         <templateId>
            <item extension="2017-08-01" root="2.16.840.1.113883.10.20.28.2.7"/>
         </templateId>
         <id extension="PopulationCriteria1" root="02BABD83-4E91-4EE6-A1E8-FC3C5F2EB377"/>
         <code code="57026-7" codeSystem="2.16.840.1.113883.6.1"/>
         <title value="Population Criteria Section"/>
         <text/>
         <component typeCode="COMP">
            <initialPopulationCriteria classCode="OBS" moodCode="EVN">
               <id extension="initialPopulation" root="A3CEC510-E8C4-4815-83B8-737C6F905483"/>
               <code code="IPOP" codeSystem="2.16.840.1.113883.5.4" codeSystemName="Act Code"/>
               <precondition typeCode="PRCN">
                  <criteriaReference classCode="OBS" moodCode="EVN">
                     <id extension="PostopRespFailure.&quot;Initial Population&quot;"
                         root="A2769D7E-C423-473E-B4AA-977F9AF70EAF"/>
                  </criteriaReference>
               </precondition>
            </initialPopulationCriteria>
         </component>
         <component typeCode="COMP">
            <denominatorCriteria classCode="OBS" moodCode="EVN">
               <id extension="denominator" root="B0375132-AF32-4A13-9B61-C97CB7AE7814"/>
               <code code="DENOM" codeSystem="2.16.840.1.113883.5.4" codeSystemName="Act Code"/>
               <precondition typeCode="PRCN">
                  <criteriaReference classCode="OBS" moodCode="EVN">
                     <id extension="PostopRespFailure.&quot;Denominator&quot;"
                         root="A2769D7E-C423-473E-B4AA-977F9AF70EAF"/>
                  </criteriaReference>
               </precondition>
            </denominatorCriteria>
         </component>
         <component typeCode="COMP">
            <denominatorExclusionCriteria classCode="OBS" moodCode="EVN">
               <id extension="denominatorExclusions" root="B0DD77A7-6DC9-445B-B521-A29230C6DEBA"/>
               <code code="DENEX" codeSystem="2.16.840.1.113883.5.4" codeSystemName="Act Code"/>
               <precondition typeCode="PRCN">
                  <criteriaReference classCode="OBS" moodCode="EVN">
                     <id extension="PostopRespFailure.&quot;Denominator Exclusions&quot;"
                         root="A2769D7E-C423-473E-B4AA-977F9AF70EAF"/>
                  </criteriaReference>
               </precondition>
            </denominatorExclusionCriteria>
         </component>
         <component typeCode="COMP">
            <numeratorCriteria classCode="OBS" moodCode="EVN">
               <id extension="numerator" root="4DD8116E-127C-456D-B268-63FAE8F3043B"/>
               <code code="NUMER" codeSystem="2.16.840.1.113883.5.4" codeSystemName="Act Code"/>
               <precondition typeCode="PRCN">
                  <criteriaReference classCode="OBS" moodCode="EVN">
                     <id extension="PostopRespFailure.&quot;Numerator&quot;"
                         root="A2769D7E-C423-473E-B4AA-977F9AF70EAF"/>
                  </criteriaReference>
               </precondition>
            </numeratorCriteria>
         </component>
         <component typeCode="COMP">
            <cql-ext:supplementalDataElement>
               <id extension="Supplemental Data Elements"
                   root="2EF1C4F3-1297-4E7D-BA2C-F5EE02F8173B"/>
               <code code="SDE" codeSystem="2.16.840.1.113883.5.4" codeSystemName="Act Code"/>
               <precondition typeCode="PRCN">
                  <criteriaReference classCode="OBS" moodCode="EVN">
                     <id extension="PostopRespFailure.&quot;SDE Ethnicity&quot;"
                         root="A2769D7E-C423-473E-B4AA-977F9AF70EAF"/>
                  </criteriaReference>
               </precondition>
            </cql-ext:supplementalDataElement>
         </component>
         <component typeCode="COMP">
            <cql-ext:supplementalDataElement>
               <id extension="Supplemental Data Elements"
                   root="E47561A9-D718-4BF5-9314-824CBBCD68D0"/>
               <code code="SDE" codeSystem="2.16.840.1.113883.5.4" codeSystemName="Act Code"/>
               <precondition typeCode="PRCN">
                  <criteriaReference classCode="OBS" moodCode="EVN">
                     <id extension="PostopRespFailure.&quot;SDE Payer&quot;"
                         root="A2769D7E-C423-473E-B4AA-977F9AF70EAF"/>
                  </criteriaReference>
               </precondition>
            </cql-ext:supplementalDataElement>
         </component>
         <component typeCode="COMP">
            <cql-ext:supplementalDataElement>
               <id extension="Supplemental Data Elements"
                   root="B95C8B01-8066-4835-A398-153DB4FDDC89"/>
               <code code="SDE" codeSystem="2.16.840.1.113883.5.4" codeSystemName="Act Code"/>
               <precondition typeCode="PRCN">
                  <criteriaReference classCode="OBS" moodCode="EVN">
                     <id extension="PostopRespFailure.&quot;SDE Race&quot;"
                         root="A2769D7E-C423-473E-B4AA-977F9AF70EAF"/>
                  </criteriaReference>
               </precondition>
            </cql-ext:supplementalDataElement>
         </component>
         <component typeCode="COMP">
            <cql-ext:supplementalDataElement>
               <id extension="Supplemental Data Elements"
                   root="AC9BAC67-EFAF-4023-A0C3-F92AA70A8ADC"/>
               <code code="SDE" codeSystem="2.16.840.1.113883.5.4" codeSystemName="Act Code"/>
               <precondition typeCode="PRCN">
                  <criteriaReference classCode="OBS" moodCode="EVN">
                     <id extension="PostopRespFailure.&quot;SDE Sex&quot;"
                         root="A2769D7E-C423-473E-B4AA-977F9AF70EAF"/>
                  </criteriaReference>
               </precondition>
            </cql-ext:supplementalDataElement>
         </component>
         <component typeCode="COMP">
            <cql-ext:supplementalDataElement>
               <id extension="Risk Adjustment Variables"
                   root="CAA1E6EF-52F6-46FA-986A-1706C9A71772"/>
               <code code="MSRADJ" codeSystem="2.16.840.1.113883.5.4" codeSystemName="Act Code"/>
               <precondition typeCode="PRCN">
                  <criteriaReference classCode="OBS" moodCode="EVN">
                     <id extension="PostopRespFailure.&quot;Risk Variable ASA Physical Status Class&quot;"
                         root="A2769D7E-C423-473E-B4AA-977F9AF70EAF"/>
                  </criteriaReference>
               </precondition>
            </cql-ext:supplementalDataElement>
         </component>
         <component typeCode="COMP">
            <cql-ext:supplementalDataElement>
               <id extension="Risk Adjustment Variables"
                   root="8B18DB99-3C73-42ED-B103-492C7A0CC603"/>
               <code code="MSRADJ" codeSystem="2.16.840.1.113883.5.4" codeSystemName="Act Code"/>
               <precondition typeCode="PRCN">
                  <criteriaReference classCode="OBS" moodCode="EVN">
                     <id extension="PostopRespFailure.&quot;Risk Variable All Encounter Diagnoses with POA Indication&quot;"
                         root="A2769D7E-C423-473E-B4AA-977F9AF70EAF"/>
                  </criteriaReference>
               </precondition>
            </cql-ext:supplementalDataElement>
         </component>
         <component typeCode="COMP">
            <cql-ext:supplementalDataElement>
               <id extension="Risk Adjustment Variables"
                   root="32A86751-9DAC-4FDD-8FE5-EFFB9DE21FE2"/>
               <code code="MSRADJ" codeSystem="2.16.840.1.113883.5.4" codeSystemName="Act Code"/>
               <precondition typeCode="PRCN">
                  <criteriaReference classCode="OBS" moodCode="EVN">
                     <id extension="PostopRespFailure.&quot;Risk Variable Encounter Procedures&quot;"
                         root="A2769D7E-C423-473E-B4AA-977F9AF70EAF"/>
                  </criteriaReference>
               </precondition>
            </cql-ext:supplementalDataElement>
         </component>
         <component typeCode="COMP">
            <cql-ext:supplementalDataElement>
               <id extension="Risk Adjustment Variables"
                   root="3365E04C-7A0B-4D7A-BACD-F924BF46174F"/>
               <code code="MSRADJ" codeSystem="2.16.840.1.113883.5.4" codeSystemName="Act Code"/>
               <precondition typeCode="PRCN">
                  <criteriaReference classCode="OBS" moodCode="EVN">
                     <id extension="PostopRespFailure.&quot;Risk Variable First AST in Encounter&quot;"
                         root="A2769D7E-C423-473E-B4AA-977F9AF70EAF"/>
                  </criteriaReference>
               </precondition>
            </cql-ext:supplementalDataElement>
         </component>
         <component typeCode="COMP">
            <cql-ext:supplementalDataElement>
               <id extension="Risk Adjustment Variables"
                   root="FB5F5A46-59B3-4D95-B809-DB15A826606D"/>
               <code code="MSRADJ" codeSystem="2.16.840.1.113883.5.4" codeSystemName="Act Code"/>
               <precondition typeCode="PRCN">
                  <criteriaReference classCode="OBS" moodCode="EVN">
                     <id extension="PostopRespFailure.&quot;Risk Variable First Albumin in Encounter&quot;"
                         root="A2769D7E-C423-473E-B4AA-977F9AF70EAF"/>
                  </criteriaReference>
               </precondition>
            </cql-ext:supplementalDataElement>
         </component>
         <component typeCode="COMP">
            <cql-ext:supplementalDataElement>
               <id extension="Risk Adjustment Variables"
                   root="C2386A38-1D7F-47CF-96F6-738B793C2857"/>
               <code code="MSRADJ" codeSystem="2.16.840.1.113883.5.4" codeSystemName="Act Code"/>
               <precondition typeCode="PRCN">
                  <criteriaReference classCode="OBS" moodCode="EVN">
                     <id extension="PostopRespFailure.&quot;Risk Variable First Arterial pH in Encounter&quot;"
                         root="A2769D7E-C423-473E-B4AA-977F9AF70EAF"/>
                  </criteriaReference>
               </precondition>
            </cql-ext:supplementalDataElement>
         </component>
         <component typeCode="COMP">
            <cql-ext:supplementalDataElement>
               <id extension="Risk Adjustment Variables"
                   root="A9DBA42B-5E77-44E8-A7DE-C32AFC6D5203"/>
               <code code="MSRADJ" codeSystem="2.16.840.1.113883.5.4" codeSystemName="Act Code"/>
               <precondition typeCode="PRCN">
                  <criteriaReference classCode="OBS" moodCode="EVN">
                     <id extension="PostopRespFailure.&quot;Risk Variable First BMI&quot;"
                         root="A2769D7E-C423-473E-B4AA-977F9AF70EAF"/>
                  </criteriaReference>
               </precondition>
            </cql-ext:supplementalDataElement>
         </component>
         <component typeCode="COMP">
            <cql-ext:supplementalDataElement>
               <id extension="Risk Adjustment Variables"
                   root="074AFD55-E5E7-4563-8914-BF2E3D8B2569"/>
               <code code="MSRADJ" codeSystem="2.16.840.1.113883.5.4" codeSystemName="Act Code"/>
               <precondition typeCode="PRCN">
                  <criteriaReference classCode="OBS" moodCode="EVN">
                     <id extension="PostopRespFailure.&quot;Risk Variable First Bicarbonate in Encounter&quot;"
                         root="A2769D7E-C423-473E-B4AA-977F9AF70EAF"/>
                  </criteriaReference>
               </precondition>
            </cql-ext:supplementalDataElement>
         </component>
         <component typeCode="COMP">
            <cql-ext:supplementalDataElement>
               <id extension="Risk Adjustment Variables"
                   root="EF714AC6-1695-4538-8DE9-CE55C4B2C2B9"/>
               <code code="MSRADJ" codeSystem="2.16.840.1.113883.5.4" codeSystemName="Act Code"/>
               <precondition typeCode="PRCN">
                  <criteriaReference classCode="OBS" moodCode="EVN">
                     <id extension="PostopRespFailure.&quot;Risk Variable First Bilirubin in Encounter&quot;"
                         root="A2769D7E-C423-473E-B4AA-977F9AF70EAF"/>
                  </criteriaReference>
               </precondition>
            </cql-ext:supplementalDataElement>
         </component>
         <component typeCode="COMP">
            <cql-ext:supplementalDataElement>
               <id extension="Risk Adjustment Variables"
                   root="73DA4B0C-F7EE-4563-9A34-15C2C074DA3D"/>
               <code code="MSRADJ" codeSystem="2.16.840.1.113883.5.4" codeSystemName="Act Code"/>
               <precondition typeCode="PRCN">
                  <criteriaReference classCode="OBS" moodCode="EVN">
                     <id extension="PostopRespFailure.&quot;Risk Variable First Blood Urea Nitrogen in Encounter&quot;"
                         root="A2769D7E-C423-473E-B4AA-977F9AF70EAF"/>
                  </criteriaReference>
               </precondition>
            </cql-ext:supplementalDataElement>
         </component>
         <component typeCode="COMP">
            <cql-ext:supplementalDataElement>
               <id extension="Risk Adjustment Variables"
                   root="ED57FC69-9974-48B3-8827-A6B39A275246"/>
               <code code="MSRADJ" codeSystem="2.16.840.1.113883.5.4" codeSystemName="Act Code"/>
               <precondition typeCode="PRCN">
                  <criteriaReference classCode="OBS" moodCode="EVN">
                     <id extension="PostopRespFailure.&quot;Risk Variable First Body Temperature in Encounter&quot;"
                         root="A2769D7E-C423-473E-B4AA-977F9AF70EAF"/>
                  </criteriaReference>
               </precondition>
            </cql-ext:supplementalDataElement>
         </component>
         <component typeCode="COMP">
            <cql-ext:supplementalDataElement>
               <id extension="Risk Adjustment Variables"
                   root="8BF43431-5FF8-424A-BDE7-89682F51BA8C"/>
               <code code="MSRADJ" codeSystem="2.16.840.1.113883.5.4" codeSystemName="Act Code"/>
               <precondition typeCode="PRCN">
                  <criteriaReference classCode="OBS" moodCode="EVN">
                     <id extension="PostopRespFailure.&quot;Risk Variable First Carbon Dioxide in Encounter&quot;"
                         root="A2769D7E-C423-473E-B4AA-977F9AF70EAF"/>
                  </criteriaReference>
               </precondition>
            </cql-ext:supplementalDataElement>
         </component>
         <component typeCode="COMP">
            <cql-ext:supplementalDataElement>
               <id extension="Risk Adjustment Variables"
                   root="013AB2AE-8BEC-4E46-9218-A9368E0A8D53"/>
               <code code="MSRADJ" codeSystem="2.16.840.1.113883.5.4" codeSystemName="Act Code"/>
               <precondition typeCode="PRCN">
                  <criteriaReference classCode="OBS" moodCode="EVN">
                     <id extension="PostopRespFailure.&quot;Risk Variable First Creatinine in Encounter&quot;"
                         root="A2769D7E-C423-473E-B4AA-977F9AF70EAF"/>
                  </criteriaReference>
               </precondition>
            </cql-ext:supplementalDataElement>
         </component>
         <component typeCode="COMP">
            <cql-ext:supplementalDataElement>
               <id extension="Risk Adjustment Variables"
                   root="236AAE07-D68C-454E-87AF-3865F3CB34DA"/>
               <code code="MSRADJ" codeSystem="2.16.840.1.113883.5.4" codeSystemName="Act Code"/>
               <precondition typeCode="PRCN">
                  <criteriaReference classCode="OBS" moodCode="EVN">
                     <id extension="PostopRespFailure.&quot;Risk Variable First Heart Rate in Encounter&quot;"
                         root="A2769D7E-C423-473E-B4AA-977F9AF70EAF"/>
                  </criteriaReference>
               </precondition>
            </cql-ext:supplementalDataElement>
         </component>
         <component typeCode="COMP">
            <cql-ext:supplementalDataElement>
               <id extension="Risk Adjustment Variables"
                   root="1424278C-89F4-4D02-AD2D-459711D420FC"/>
               <code code="MSRADJ" codeSystem="2.16.840.1.113883.5.4" codeSystemName="Act Code"/>
               <precondition typeCode="PRCN">
                  <criteriaReference classCode="OBS" moodCode="EVN">
                     <id extension="PostopRespFailure.&quot;Risk Variable First Hematocrit in Encounter&quot;"
                         root="A2769D7E-C423-473E-B4AA-977F9AF70EAF"/>
                  </criteriaReference>
               </precondition>
            </cql-ext:supplementalDataElement>
         </component>
         <component typeCode="COMP">
            <cql-ext:supplementalDataElement>
               <id extension="Risk Adjustment Variables"
                   root="73F49A8C-0218-4C44-AF45-83F3B9223685"/>
               <code code="MSRADJ" codeSystem="2.16.840.1.113883.5.4" codeSystemName="Act Code"/>
               <precondition typeCode="PRCN">
                  <criteriaReference classCode="OBS" moodCode="EVN">
                     <id extension="PostopRespFailure.&quot;Risk Variable First Hemoglobin in Encounter&quot;"
                         root="A2769D7E-C423-473E-B4AA-977F9AF70EAF"/>
                  </criteriaReference>
               </precondition>
            </cql-ext:supplementalDataElement>
         </component>
         <component typeCode="COMP">
            <cql-ext:supplementalDataElement>
               <id extension="Risk Adjustment Variables"
                   root="A963EC24-5192-43C0-B31E-A4D9EE0A007C"/>
               <code code="MSRADJ" codeSystem="2.16.840.1.113883.5.4" codeSystemName="Act Code"/>
               <precondition typeCode="PRCN">
                  <criteriaReference classCode="OBS" moodCode="EVN">
                     <id extension="PostopRespFailure.&quot;Risk Variable First Leukocyte Count in Encounter&quot;"
                         root="A2769D7E-C423-473E-B4AA-977F9AF70EAF"/>
                  </criteriaReference>
               </precondition>
            </cql-ext:supplementalDataElement>
         </component>
         <component typeCode="COMP">
            <cql-ext:supplementalDataElement>
               <id extension="Risk Adjustment Variables"
                   root="E5FC2B63-0FF8-4723-9A89-F984245E0DD6"/>
               <code code="MSRADJ" codeSystem="2.16.840.1.113883.5.4" codeSystemName="Act Code"/>
               <precondition typeCode="PRCN">
                  <criteriaReference classCode="OBS" moodCode="EVN">
                     <id extension="PostopRespFailure.&quot;Risk Variable First Oxygen in Encounter&quot;"
                         root="A2769D7E-C423-473E-B4AA-977F9AF70EAF"/>
                  </criteriaReference>
               </precondition>
            </cql-ext:supplementalDataElement>
         </component>
         <component typeCode="COMP">
            <cql-ext:supplementalDataElement>
               <id extension="Risk Adjustment Variables"
                   root="B3355B45-A61C-44EA-83D1-0EF356AA756F"/>
               <code code="MSRADJ" codeSystem="2.16.840.1.113883.5.4" codeSystemName="Act Code"/>
               <precondition typeCode="PRCN">
                  <criteriaReference classCode="OBS" moodCode="EVN">
                     <id extension="PostopRespFailure.&quot;Risk Variable First Platelet Count in Encounter&quot;"
                         root="A2769D7E-C423-473E-B4AA-977F9AF70EAF"/>
                  </criteriaReference>
               </precondition>
            </cql-ext:supplementalDataElement>
         </component>
         <component typeCode="COMP">
            <cql-ext:supplementalDataElement>
               <id extension="Risk Adjustment Variables"
                   root="BEBDFBEB-E7AA-495D-909E-DE3BD3B988F2"/>
               <code code="MSRADJ" codeSystem="2.16.840.1.113883.5.4" codeSystemName="Act Code"/>
               <precondition typeCode="PRCN">
                  <criteriaReference classCode="OBS" moodCode="EVN">
                     <id extension="PostopRespFailure.&quot;Risk Variable First Respiratory Rate in Encounter&quot;"
                         root="A2769D7E-C423-473E-B4AA-977F9AF70EAF"/>
                  </criteriaReference>
               </precondition>
            </cql-ext:supplementalDataElement>
         </component>
         <component typeCode="COMP">
            <cql-ext:supplementalDataElement>
               <id extension="Risk Adjustment Variables"
                   root="92BA5B31-D56E-49DA-B74C-E9BA970AC87B"/>
               <code code="MSRADJ" codeSystem="2.16.840.1.113883.5.4" codeSystemName="Act Code"/>
               <precondition typeCode="PRCN">
                  <criteriaReference classCode="OBS" moodCode="EVN">
                     <id extension="PostopRespFailure.&quot;Risk Variable First Sodium in Encounter&quot;"
                         root="A2769D7E-C423-473E-B4AA-977F9AF70EAF"/>
                  </criteriaReference>
               </precondition>
            </cql-ext:supplementalDataElement>
         </component>
         <component typeCode="COMP">
            <cql-ext:supplementalDataElement>
               <id extension="Risk Adjustment Variables"
                   root="4F2D6264-A87D-49EF-8297-448B72584727"/>
               <code code="MSRADJ" codeSystem="2.16.840.1.113883.5.4" codeSystemName="Act Code"/>
               <precondition typeCode="PRCN">
                  <criteriaReference classCode="OBS" moodCode="EVN">
                     <id extension="PostopRespFailure.&quot;Risk Variable First Systolic Blood Pressure in Encounter&quot;"
                         root="A2769D7E-C423-473E-B4AA-977F9AF70EAF"/>
                  </criteriaReference>
               </precondition>
            </cql-ext:supplementalDataElement>
         </component>
         <component typeCode="COMP">
            <cql-ext:supplementalDataElement>
               <id extension="Risk Adjustment Variables"
                   root="D60D9D05-F0DE-438B-B2A9-1C8859436594"/>
               <code code="MSRADJ" codeSystem="2.16.840.1.113883.5.4" codeSystemName="Act Code"/>
               <precondition typeCode="PRCN">
                  <criteriaReference classCode="OBS" moodCode="EVN">
                     <id extension="PostopRespFailure.&quot;Risk Variable First White Blood Cell Count in Encounter&quot;"
                         root="A2769D7E-C423-473E-B4AA-977F9AF70EAF"/>
                  </criteriaReference>
               </precondition>
            </cql-ext:supplementalDataElement>
         </component>
         <component typeCode="COMP">
            <cql-ext:supplementalDataElement>
               <id extension="Risk Adjustment Variables"
                   root="005D7949-2DC5-4D38-998C-233F132F962A"/>
               <code code="MSRADJ" codeSystem="2.16.840.1.113883.5.4" codeSystemName="Act Code"/>
               <precondition typeCode="PRCN">
                  <criteriaReference classCode="OBS" moodCode="EVN">
                     <id extension="PostopRespFailure.&quot;Risk Variable Principle Procedure&quot;"
                         root="A2769D7E-C423-473E-B4AA-977F9AF70EAF"/>
                  </criteriaReference>
               </precondition>
            </cql-ext:supplementalDataElement>
         </component>
         <component typeCode="COMP">
            <cql-ext:supplementalDataElement>
               <id extension="Risk Adjustment Variables"
                   root="5C861EB2-8EEB-4B0E-B36C-4A19045B8B11"/>
               <code code="MSRADJ" codeSystem="2.16.840.1.113883.5.4" codeSystemName="Act Code"/>
               <precondition typeCode="PRCN">
                  <criteriaReference classCode="OBS" moodCode="EVN">
                     <id extension="PostopRespFailure.&quot;Risk Variable Smoking Status&quot;"
                         root="A2769D7E-C423-473E-B4AA-977F9AF70EAF"/>
                  </criteriaReference>
               </precondition>
            </cql-ext:supplementalDataElement>
         </component>
      </populationCriteriaSection>
   </component>
</QualityMeasureDocument>