{
   "library" : {
      "annotation" : [ {
         "translatorOptions" : "EnableAnnotations,EnableLocators,DisableListDemotion,DisableListPromotion,DisableMethodInvocation",
         "type" : "CqlToElmInfo"
      }, {
         "type" : "Annotation",
         "s" : {
            "r" : "96",
            "s" : [ {
               "value" : [ "","library HospiceQDM version '6.0.000'" ]
            } ]
         }
      } ],
      "identifier" : {
         "id" : "HospiceQDM",
         "version" : "6.0.000"
      },
      "schemaIdentifier" : {
         "id" : "urn:hl7-org:elm",
         "version" : "r1"
      },
      "usings" : {
         "def" : [ {
            "localIdentifier" : "System",
            "uri" : "urn:hl7-org:elm-types:r1"
         }, {
            "localId" : "1",
            "locator" : "3:1-3:23",
            "localIdentifier" : "QDM",
            "uri" : "urn:healthit-gov:qdm:v5_6",
            "version" : "5.6",
            "annotation" : [ {
               "type" : "Annotation",
               "s" : {
                  "r" : "1",
                  "s" : [ {
                     "value" : [ "","using " ]
                  }, {
                     "s" : [ {
                        "value" : [ "QDM" ]
                     } ]
                  }, {
                     "value" : [ " version ","'5.6'" ]
                  } ]
               }
            } ]
         } ]
      },
      "includes" : {
         "def" : [ {
            "localId" : "2",
            "locator" : "5:1-5:67",
            "localIdentifier" : "Global",
            "path" : "MATGlobalCommonFunctionsQDM",
            "version" : "8.0.000",
            "annotation" : [ {
               "type" : "Annotation",
               "s" : {
                  "r" : "2",
                  "s" : [ {
                     "value" : [ "","include " ]
                  }, {
                     "s" : [ {
                        "value" : [ "MATGlobalCommonFunctionsQDM" ]
                     } ]
                  }, {
                     "value" : [ " version ","'8.0.000'"," called ","Global" ]
                  } ]
               }
            } ]
         } ]
      },
      "parameters" : {
         "def" : [ {
            "localId" : "19",
            "locator" : "20:1-20:49",
            "name" : "Measurement Period",
            "accessLevel" : "Public",
            "annotation" : [ {
               "type" : "Annotation",
               "s" : {
                  "r" : "19",
                  "s" : [ {
                     "value" : [ "","parameter ","\"Measurement Period\""," " ]
                  }, {
                     "r" : "18",
                     "s" : [ {
                        "value" : [ "Interval<" ]
                     }, {
                        "r" : "17",
                        "s" : [ {
                           "value" : [ "DateTime" ]
                        } ]
                     }, {
                        "value" : [ ">" ]
                     } ]
                  } ]
               }
            } ],
            "parameterTypeSpecifier" : {
               "localId" : "18",
               "locator" : "20:32-20:49",
               "type" : "IntervalTypeSpecifier",
               "pointType" : {
                  "localId" : "17",
                  "locator" : "20:41-20:48",
                  "name" : "{urn:hl7-org:elm-types:r1}DateTime",
                  "type" : "NamedTypeSpecifier"
               }
            }
         } ]
      },
      "codeSystems" : {
         "def" : [ {
            "localId" : "3",
            "locator" : "7:1-7:55",
            "name" : "SNOMEDCT",
            "id" : "urn:oid:2.16.840.1.113883.6.96",
            "accessLevel" : "Public",
            "annotation" : [ {
               "type" : "Annotation",
               "s" : {
                  "r" : "3",
                  "s" : [ {
                     "value" : [ "","codesystem ","\"SNOMEDCT\"",": ","'urn:oid:2.16.840.1.113883.6.96'" ]
                  } ]
               }
            } ]
         }, {
            "localId" : "4",
            "locator" : "8:1-8:51",
            "name" : "LOINC",
            "id" : "urn:oid:2.16.840.1.113883.6.1",
            "accessLevel" : "Public",
            "annotation" : [ {
               "type" : "Annotation",
               "s" : {
                  "r" : "4",
                  "s" : [ {
                     "value" : [ "","codesystem ","\"LOINC\"",": ","'urn:oid:2.16.840.1.113883.6.1'" ]
                  } ]
               }
            } ]
         } ]
      },
      "valueSets" : {
         "def" : [ {
            "localId" : "5",
            "locator" : "10:1-10:71",
            "name" : "Encounter Inpatient",
            "id" : "urn:oid:2.16.840.1.113883.3.666.5.307",
            "accessLevel" : "Public",
            "annotation" : [ {
               "type" : "Annotation",
               "s" : {
                  "r" : "5",
                  "s" : [ {
                     "value" : [ "","valueset ","\"Encounter Inpatient\"",": ","'urn:oid:2.16.840.1.113883.3.666.5.307'" ]
                  } ]
               }
            } ]
         }, {
            "localId" : "6",
            "locator" : "11:1-11:76",
            "name" : "Hospice Care Ambulatory",
            "id" : "urn:oid:2.16.840.1.113883.3.526.3.1584",
            "accessLevel" : "Public",
            "annotation" : [ {
               "type" : "Annotation",
               "s" : {
                  "r" : "6",
                  "s" : [ {
                     "value" : [ "","valueset ","\"Hospice Care Ambulatory\"",": ","'urn:oid:2.16.840.1.113883.3.526.3.1584'" ]
                  } ]
               }
            } ]
         }, {
            "localId" : "7",
            "locator" : "12:1-12:73",
            "name" : "Hospice Diagnosis",
            "id" : "urn:oid:2.16.840.1.113883.3.464.1003.1165",
            "accessLevel" : "Public",
            "annotation" : [ {
               "type" : "Annotation",
               "s" : {
                  "r" : "7",
                  "s" : [ {
                     "value" : [ "","valueset ","\"Hospice Diagnosis\"",": ","'urn:oid:2.16.840.1.113883.3.464.1003.1165'" ]
                  } ]
               }
            } ]
         }, {
            "localId" : "8",
            "locator" : "13:1-13:73",
            "name" : "Hospice Encounter",
            "id" : "urn:oid:2.16.840.1.113883.3.464.1003.1003",
            "accessLevel" : "Public",
            "annotation" : [ {
               "type" : "Annotation",
               "s" : {
                  "r" : "8",
                  "s" : [ {
                     "value" : [ "","valueset ","\"Hospice Encounter\"",": ","'urn:oid:2.16.840.1.113883.3.464.1003.1003'" ]
                  } ]
               }
            } ]
         } ]
      },
      "codes" : {
         "def" : [ {
            "localId" : "10",
            "locator" : "15:1-15:175",
            "name" : "Discharge to healthcare facility for hospice care (procedure)",
            "id" : "428371000124100",
            "display" : "Discharge to healthcare facility for hospice care (procedure)",
            "accessLevel" : "Public",
            "annotation" : [ {
               "type" : "Annotation",
               "s" : {
                  "r" : "10",
                  "s" : [ {
                     "value" : [ "","code ","\"Discharge to healthcare facility for hospice care (procedure)\"",": ","'428371000124100'"," from " ]
                  }, {
                     "r" : "9",
                     "s" : [ {
                        "value" : [ "\"SNOMEDCT\"" ]
                     } ]
                  }, {
                     "value" : [ " display ","'Discharge to healthcare facility for hospice care (procedure)'" ]
                  } ]
               }
            } ],
            "codeSystem" : {
               "localId" : "9",
               "locator" : "15:94-15:103",
               "name" : "SNOMEDCT"
            }
         }, {
            "localId" : "12",
            "locator" : "16:1-16:145",
            "name" : "Discharge to home for hospice care (procedure)",
            "id" : "428361000124107",
            "display" : "Discharge to home for hospice care (procedure)",
            "accessLevel" : "Public",
            "annotation" : [ {
               "type" : "Annotation",
               "s" : {
                  "r" : "12",
                  "s" : [ {
                     "value" : [ "","code ","\"Discharge to home for hospice care (procedure)\"",": ","'428361000124107'"," from " ]
                  }, {
                     "r" : "11",
                     "s" : [ {
                        "value" : [ "\"SNOMEDCT\"" ]
                     } ]
                  }, {
                     "value" : [ " display ","'Discharge to home for hospice care (procedure)'" ]
                  } ]
               }
            } ],
            "codeSystem" : {
               "localId" : "11",
               "locator" : "16:79-16:88",
               "name" : "SNOMEDCT"
            }
         }, {
            "localId" : "14",
            "locator" : "17:1-17:104",
            "name" : "Hospice care [Minimum Data Set]",
            "id" : "45755-6",
            "display" : "Hospice care [Minimum Data Set]",
            "accessLevel" : "Public",
            "annotation" : [ {
               "type" : "Annotation",
               "s" : {
                  "r" : "14",
                  "s" : [ {
                     "value" : [ "","code ","\"Hospice care [Minimum Data Set]\"",": ","'45755-6'"," from " ]
                  }, {
                     "r" : "13",
                     "s" : [ {
                        "value" : [ "\"LOINC\"" ]
                     } ]
                  }, {
                     "value" : [ " display ","'Hospice care [Minimum Data Set]'" ]
                  } ]
               }
            } ],
            "codeSystem" : {
               "localId" : "13",
               "locator" : "17:56-17:62",
               "name" : "LOINC"
            }
         }, {
            "localId" : "16",
            "locator" : "18:1-18:89",
            "name" : "Yes (qualifier value)",
            "id" : "373066001",
            "display" : "Yes (qualifier value)",
            "accessLevel" : "Public",
            "annotation" : [ {
               "type" : "Annotation",
               "s" : {
                  "r" : "16",
                  "s" : [ {
                     "value" : [ "","code ","\"Yes (qualifier value)\"",": ","'373066001'"," from " ]
                  }, {
                     "r" : "15",
                     "s" : [ {
                        "value" : [ "\"SNOMEDCT\"" ]
                     } ]
                  }, {
                     "value" : [ " display ","'Yes (qualifier value)'" ]
                  } ]
               }
            } ],
            "codeSystem" : {
               "localId" : "15",
               "locator" : "18:48-18:57",
               "name" : "SNOMEDCT"
            }
         } ]
      },
      "contexts" : {
         "def" : [ {
            "locator" : "22:1-22:15",
            "name" : "Patient"
         } ]
      },
      "statements" : {
         "def" : [ {
            "locator" : "22:1-22:15",
            "name" : "Patient",
            "context" : "Patient",
            "expression" : {
               "type" : "SingletonFrom",
               "operand" : {
                  "locator" : "22:1-22:15",
                  "dataType" : "{urn:healthit-gov:qdm:v5_6}Patient",
                  "templateId" : "Patient",
                  "type" : "Retrieve"
               }
            }
         }, {
            "localId" : "96",
            "locator" : "24:1-46:5",
            "name" : "Has Hospice Services",
            "context" : "Patient",
            "accessLevel" : "Public",
            "annotation" : [ {
               "type" : "Annotation",
               "s" : {
                  "r" : "96",
                  "s" : [ {
                     "value" : [ "","define ","\"Has Hospice Services\"",":\n  " ]
                  }, {
                     "r" : "95",
                     "s" : [ {
                        "r" : "86",
                        "s" : [ {
                           "r" : "73",
                           "s" : [ {
                              "r" : "64",
                              "s" : [ {
                                 "r" : "46",
                                 "s" : [ {
                                    "r" : "37",
                                    "s" : [ {
                                       "value" : [ "exists " ]
                                    }, {
                                       "r" : "36",
                                       "s" : [ {
                                          "value" : [ "( " ]
                                       }, {
                                          "r" : "36",
                                          "s" : [ {
                                             "s" : [ {
                                                "r" : "21",
                                                "s" : [ {
                                                   "r" : "20",
                                                   "s" : [ {
                                                      "r" : "20",
                                                      "s" : [ {
                                                         "value" : [ "[","\"Encounter, Performed\"",": " ]
                                                      }, {
                                                         "s" : [ {
                                                            "value" : [ "\"Encounter Inpatient\"" ]
                                                         } ]
                                                      }, {
                                                         "value" : [ "]" ]
                                                      } ]
                                                   } ]
                                                }, {
                                                   "value" : [ " ","InpatientEncounter" ]
                                                } ]
                                             } ]
                                          }, {
                                             "value" : [ "\n      " ]
                                          }, {
                                             "r" : "35",
                                             "s" : [ {
                                                "value" : [ "where " ]
                                             }, {
                                                "r" : "35",
                                                "s" : [ {
                                                   "r" : "30",
                                                   "s" : [ {
                                                      "value" : [ "( " ]
                                                   }, {
                                                      "r" : "30",
                                                      "s" : [ {
                                                         "r" : "25",
                                                         "s" : [ {
                                                            "r" : "23",
                                                            "s" : [ {
                                                               "r" : "22",
                                                               "s" : [ {
                                                                  "value" : [ "InpatientEncounter" ]
                                                               } ]
                                                            }, {
                                                               "value" : [ "." ]
                                                            }, {
                                                               "r" : "23",
                                                               "s" : [ {
                                                                  "value" : [ "dischargeDisposition" ]
                                                               } ]
                                                            } ]
                                                         }, {
                                                            "value" : [ " ","~"," " ]
                                                         }, {
                                                            "r" : "24",
                                                            "s" : [ {
                                                               "value" : [ "\"Discharge to home for hospice care (procedure)\"" ]
                                                            } ]
                                                         } ]
                                                      }, {
                                                         "value" : [ "\n          or " ]
                                                      }, {
                                                         "r" : "29",
                                                         "s" : [ {
                                                            "r" : "27",
                                                            "s" : [ {
                                                               "r" : "26",
                                                               "s" : [ {
                                                                  "value" : [ "InpatientEncounter" ]
                                                               } ]
                                                            }, {
                                                               "value" : [ "." ]
                                                            }, {
                                                               "r" : "27",
                                                               "s" : [ {
                                                                  "value" : [ "dischargeDisposition" ]
                                                               } ]
                                                            } ]
                                                         }, {
                                                            "value" : [ " ","~"," " ]
                                                         }, {
                                                            "r" : "28",
                                                            "s" : [ {
                                                               "value" : [ "\"Discharge to healthcare facility for hospice care (procedure)\"" ]
                                                            } ]
                                                         } ]
                                                      } ]
                                                   }, {
                                                      "value" : [ "\n      )" ]
                                                   } ]
                                                }, {
                                                   "value" : [ "\n        and " ]
                                                }, {
                                                   "r" : "34",
                                                   "s" : [ {
                                                      "r" : "32",
                                                      "s" : [ {
                                                         "r" : "31",
                                                         "s" : [ {
                                                            "value" : [ "InpatientEncounter" ]
                                                         } ]
                                                      }, {
                                                         "value" : [ "." ]
                                                      }, {
                                                         "r" : "32",
                                                         "s" : [ {
                                                            "value" : [ "relevantPeriod" ]
                                                         } ]
                                                      } ]
                                                   }, {
                                                      "r" : "34",
                                                      "value" : [ " ","ends during day of"," " ]
                                                   }, {
                                                      "r" : "33",
                                                      "s" : [ {
                                                         "value" : [ "\"Measurement Period\"" ]
                                                      } ]
                                                   } ]
                                                } ]
                                             } ]
                                          } ]
                                       }, {
                                          "value" : [ "\n  )" ]
                                       } ]
                                    } ]
                                 }, {
                                    "value" : [ "\n    or " ]
                                 }, {
                                    "r" : "45",
                                    "s" : [ {
                                       "value" : [ "exists " ]
                                    }, {
                                       "r" : "44",
                                       "s" : [ {
                                          "value" : [ "( " ]
                                       }, {
                                          "r" : "44",
                                          "s" : [ {
                                             "s" : [ {
                                                "r" : "39",
                                                "s" : [ {
                                                   "r" : "38",
                                                   "s" : [ {
                                                      "r" : "38",
                                                      "s" : [ {
                                                         "value" : [ "[","\"Encounter, Performed\"",": " ]
                                                      }, {
                                                         "s" : [ {
                                                            "value" : [ "\"Hospice Encounter\"" ]
                                                         } ]
                                                      }, {
                                                         "value" : [ "]" ]
                                                      } ]
                                                   } ]
                                                }, {
                                                   "value" : [ " ","HospiceEncounter" ]
                                                } ]
                                             } ]
                                          }, {
                                             "value" : [ "\n        " ]
                                          }, {
                                             "r" : "43",
                                             "s" : [ {
                                                "value" : [ "where " ]
                                             }, {
                                                "r" : "43",
                                                "s" : [ {
                                                   "r" : "41",
                                                   "s" : [ {
                                                      "r" : "40",
                                                      "s" : [ {
                                                         "value" : [ "HospiceEncounter" ]
                                                      } ]
                                                   }, {
                                                      "value" : [ "." ]
                                                   }, {
                                                      "r" : "41",
                                                      "s" : [ {
                                                         "value" : [ "relevantPeriod" ]
                                                      } ]
                                                   } ]
                                                }, {
                                                   "r" : "43",
                                                   "value" : [ " ","overlaps day of"," " ]
                                                }, {
                                                   "r" : "42",
                                                   "s" : [ {
                                                      "value" : [ "\"Measurement Period\"" ]
                                                   } ]
                                                } ]
                                             } ]
                                          } ]
                                       }, {
                                          "value" : [ "\n    )" ]
                                       } ]
                                    } ]
                                 } ]
                              }, {
                                 "value" : [ "\n    or " ]
                              }, {
                                 "r" : "63",
                                 "s" : [ {
                                    "value" : [ "exists " ]
                                 }, {
                                    "r" : "62",
                                    "s" : [ {
                                       "value" : [ "( " ]
                                    }, {
                                       "r" : "62",
                                       "s" : [ {
                                          "s" : [ {
                                             "r" : "48",
                                             "s" : [ {
                                                "r" : "47",
                                                "s" : [ {
                                                   "r" : "47",
                                                   "s" : [ {
                                                      "value" : [ "[","\"Assessment, Performed\"",": " ]
                                                   }, {
                                                      "s" : [ {
                                                         "value" : [ "\"Hospice care [Minimum Data Set]\"" ]
                                                      } ]
                                                   }, {
                                                      "value" : [ "]" ]
                                                   } ]
                                                } ]
                                             }, {
                                                "value" : [ " ","HospiceAssessment" ]
                                             } ]
                                          } ]
                                       }, {
                                          "value" : [ "\n        " ]
                                       }, {
                                          "r" : "61",
                                          "s" : [ {
                                             "value" : [ "where " ]
                                          }, {
                                             "r" : "61",
                                             "s" : [ {
                                                "r" : "52",
                                                "s" : [ {
                                                   "r" : "50",
                                                   "s" : [ {
                                                      "r" : "49",
                                                      "s" : [ {
                                                         "value" : [ "HospiceAssessment" ]
                                                      } ]
                                                   }, {
                                                      "value" : [ "." ]
                                                   }, {
                                                      "r" : "50",
                                                      "s" : [ {
                                                         "value" : [ "result" ]
                                                      } ]
                                                   } ]
                                                }, {
                                                   "value" : [ " ","~"," " ]
                                                }, {
                                                   "r" : "51",
                                                   "s" : [ {
                                                      "value" : [ "\"Yes (qualifier value)\"" ]
                                                   } ]
                                                } ]
                                             }, {
                                                "value" : [ "\n          and " ]
                                             }, {
                                                "r" : "60",
                                                "s" : [ {
                                                   "r" : "58",
                                                   "s" : [ {
                                                      "r" : "53",
                                                      "s" : [ {
                                                         "value" : [ "Global" ]
                                                      } ]
                                                   }, {
                                                      "value" : [ "." ]
                                                   }, {
                                                      "r" : "58",
                                                      "s" : [ {
                                                         "value" : [ "\"NormalizeInterval\""," ( " ]
                                                      }, {
                                                         "r" : "55",
                                                         "s" : [ {
                                                            "r" : "54",
                                                            "s" : [ {
                                                               "value" : [ "HospiceAssessment" ]
                                                            } ]
                                                         }, {
                                                            "value" : [ "." ]
                                                         }, {
                                                            "r" : "55",
                                                            "s" : [ {
                                                               "value" : [ "relevantDatetime" ]
                                                            } ]
                                                         } ]
                                                      }, {
                                                         "value" : [ ", " ]
                                                      }, {
                                                         "r" : "57",
                                                         "s" : [ {
                                                            "r" : "56",
                                                            "s" : [ {
                                                               "value" : [ "HospiceAssessment" ]
                                                            } ]
                                                         }, {
                                                            "value" : [ "." ]
                                                         }, {
                                                            "r" : "57",
                                                            "s" : [ {
                                                               "value" : [ "relevantPeriod" ]
                                                            } ]
                                                         } ]
                                                      }, {
                                                         "value" : [ " )" ]
                                                      } ]
                                                   } ]
                                                }, {
                                                   "r" : "60",
                                                   "value" : [ " ","overlaps day of"," " ]
                                                }, {
                                                   "r" : "59",
                                                   "s" : [ {
                                                      "value" : [ "\"Measurement Period\"" ]
                                                   } ]
                                                } ]
                                             } ]
                                          } ]
                                       } ]
                                    }, {
                                       "value" : [ "\n    )" ]
                                    } ]
                                 } ]
                              } ]
                           }, {
                              "value" : [ "\n    or " ]
                           }, {
                              "r" : "72",
                              "s" : [ {
                                 "value" : [ "exists " ]
                              }, {
                                 "r" : "71",
                                 "s" : [ {
                                    "value" : [ "( " ]
                                 }, {
                                    "r" : "71",
                                    "s" : [ {
                                       "s" : [ {
                                          "r" : "66",
                                          "s" : [ {
                                             "r" : "65",
                                             "s" : [ {
                                                "r" : "65",
                                                "s" : [ {
                                                   "value" : [ "[","\"Intervention, Order\"",": " ]
                                                }, {
                                                   "s" : [ {
                                                      "value" : [ "\"Hospice Care Ambulatory\"" ]
                                                   } ]
                                                }, {
                                                   "value" : [ "]" ]
                                                } ]
                                             } ]
                                          }, {
                                             "value" : [ " ","HospiceOrder" ]
                                          } ]
                                       } ]
                                    }, {
                                       "value" : [ "\n        " ]
                                    }, {
                                       "r" : "70",
                                       "s" : [ {
                                          "value" : [ "where " ]
                                       }, {
                                          "r" : "70",
                                          "s" : [ {
                                             "r" : "68",
                                             "s" : [ {
                                                "r" : "67",
                                                "s" : [ {
                                                   "value" : [ "HospiceOrder" ]
                                                } ]
                                             }, {
                                                "value" : [ "." ]
                                             }, {
                                                "r" : "68",
                                                "s" : [ {
                                                   "value" : [ "authorDatetime" ]
                                                } ]
                                             } ]
                                          }, {
                                             "r" : "70",
                                             "value" : [ " ","during day of"," " ]
                                          }, {
                                             "r" : "69",
                                             "s" : [ {
                                                "value" : [ "\"Measurement Period\"" ]
                                             } ]
                                          } ]
                                       } ]
                                    } ]
                                 }, {
                                    "value" : [ "\n    )" ]
                                 } ]
                              } ]
                           } ]
                        }, {
                           "value" : [ "\n    or " ]
                        }, {
                           "r" : "85",
                           "s" : [ {
                              "value" : [ "exists " ]
                           }, {
                              "r" : "84",
                              "s" : [ {
                                 "value" : [ "( " ]
                              }, {
                                 "r" : "84",
                                 "s" : [ {
                                    "s" : [ {
                                       "r" : "75",
                                       "s" : [ {
                                          "r" : "74",
                                          "s" : [ {
                                             "r" : "74",
                                             "s" : [ {
                                                "value" : [ "[","\"Intervention, Performed\"",": " ]
                                             }, {
                                                "s" : [ {
                                                   "value" : [ "\"Hospice Care Ambulatory\"" ]
                                                } ]
                                             }, {
                                                "value" : [ "]" ]
                                             } ]
                                          } ]
                                       }, {
                                          "value" : [ " ","HospicePerformed" ]
                                       } ]
                                    } ]
                                 }, {
                                    "value" : [ "\n        " ]
                                 }, {
                                    "r" : "83",
                                    "s" : [ {
                                       "value" : [ "where " ]
                                    }, {
                                       "r" : "83",
                                       "s" : [ {
                                          "r" : "81",
                                          "s" : [ {
                                             "r" : "76",
                                             "s" : [ {
                                                "value" : [ "Global" ]
                                             } ]
                                          }, {
                                             "value" : [ "." ]
                                          }, {
                                             "r" : "81",
                                             "s" : [ {
                                                "value" : [ "\"NormalizeInterval\""," ( " ]
                                             }, {
                                                "r" : "78",
                                                "s" : [ {
                                                   "r" : "77",
                                                   "s" : [ {
                                                      "value" : [ "HospicePerformed" ]
                                                   } ]
                                                }, {
                                                   "value" : [ "." ]
                                                }, {
                                                   "r" : "78",
                                                   "s" : [ {
                                                      "value" : [ "relevantDatetime" ]
                                                   } ]
                                                } ]
                                             }, {
                                                "value" : [ ", " ]
                                             }, {
                                                "r" : "80",
                                                "s" : [ {
                                                   "r" : "79",
                                                   "s" : [ {
                                                      "value" : [ "HospicePerformed" ]
                                                   } ]
                                                }, {
                                                   "value" : [ "." ]
                                                }, {
                                                   "r" : "80",
                                                   "s" : [ {
                                                      "value" : [ "relevantPeriod" ]
                                                   } ]
                                                } ]
                                             }, {
                                                "value" : [ " )" ]
                                             } ]
                                          } ]
                                       }, {
                                          "r" : "83",
                                          "value" : [ " ","overlaps day of"," " ]
                                       }, {
                                          "r" : "82",
                                          "s" : [ {
                                             "value" : [ "\"Measurement Period\"" ]
                                          } ]
                                       } ]
                                    } ]
                                 } ]
                              }, {
                                 "value" : [ "\n    )" ]
                              } ]
                           } ]
                        } ]
                     }, {
                        "value" : [ "\n  or " ]
                     }, {
                        "r" : "94",
                        "s" : [ {
                           "value" : [ "exists " ]
                        }, {
                           "r" : "93",
                           "s" : [ {
                              "value" : [ "( " ]
                           }, {
                              "r" : "93",
                              "s" : [ {
                                 "s" : [ {
                                    "r" : "88",
                                    "s" : [ {
                                       "r" : "87",
                                       "s" : [ {
                                          "r" : "87",
                                          "s" : [ {
                                             "value" : [ "[","\"Diagnosis\"",": " ]
                                          }, {
                                             "s" : [ {
                                                "value" : [ "\"Hospice Diagnosis\"" ]
                                             } ]
                                          }, {
                                             "value" : [ "]" ]
                                          } ]
                                       } ]
                                    }, {
                                       "value" : [ " ","HospiceCareDiagnosis" ]
                                    } ]
                                 } ]
                              }, {
                                 "value" : [ "\n        " ]
                              }, {
                                 "r" : "92",
                                 "s" : [ {
                                    "value" : [ "where " ]
                                 }, {
                                    "r" : "92",
                                    "s" : [ {
                                       "r" : "90",
                                       "s" : [ {
                                          "r" : "89",
                                          "s" : [ {
                                             "value" : [ "HospiceCareDiagnosis" ]
                                          } ]
                                       }, {
                                          "value" : [ "." ]
                                       }, {
                                          "r" : "90",
                                          "s" : [ {
                                             "value" : [ "prevalencePeriod" ]
                                          } ]
                                       } ]
                                    }, {
                                       "r" : "92",
                                       "value" : [ " ","overlaps day of"," " ]
                                    }, {
                                       "r" : "91",
                                       "s" : [ {
                                          "value" : [ "\"Measurement Period\"" ]
                                       } ]
                                    } ]
                                 } ]
                              } ]
                           }, {
                              "value" : [ "\n    )" ]
                           } ]
                        } ]
                     } ]
                  } ]
               }
            } ],
            "expression" : {
               "localId" : "95",
               "locator" : "25:3-46:5",
               "type" : "Or",
               "operand" : [ {
                  "localId" : "86",
                  "locator" : "25:3-43:5",
                  "type" : "Or",
                  "operand" : [ {
                     "localId" : "73",
                     "locator" : "25:3-40:5",
                     "type" : "Or",
                     "operand" : [ {
                        "localId" : "64",
                        "locator" : "25:3-37:5",
                        "type" : "Or",
                        "operand" : [ {
                           "localId" : "46",
                           "locator" : "25:3-33:5",
                           "type" : "Or",
                           "operand" : [ {
                              "localId" : "37",
                              "locator" : "25:3-30:3",
                              "type" : "Exists",
                              "operand" : {
                                 "localId" : "36",
                                 "locator" : "25:10-30:3",
                                 "type" : "Query",
                                 "source" : [ {
                                    "localId" : "21",
                                    "locator" : "25:12-25:77",
                                    "alias" : "InpatientEncounter",
                                    "expression" : {
                                       "localId" : "20",
                                       "locator" : "25:12-25:58",
                                       "dataType" : "{urn:healthit-gov:qdm:v5_6}PositiveEncounterPerformed",
                                       "templateId" : "PositiveEncounterPerformed",
                                       "codeProperty" : "code",
                                       "codeComparator" : "in",
                                       "type" : "Retrieve",
                                       "codes" : {
                                          "locator" : "25:37-25:57",
                                          "name" : "Encounter Inpatient",
                                          "preserve" : true,
                                          "type" : "ValueSetRef"
                                       }
                                    }
                                 } ],
                                 "relationship" : [ ],
                                 "where" : {
                                    "localId" : "35",
                                    "locator" : "26:7-29:85",
                                    "type" : "And",
                                    "operand" : [ {
                                       "localId" : "30",
                                       "locator" : "26:13-28:7",
                                       "type" : "Or",
                                       "operand" : [ {
                                          "localId" : "25",
                                          "locator" : "26:15-26:104",
                                          "type" : "Equivalent",
                                          "operand" : [ {
                                             "localId" : "23",
                                             "locator" : "26:15-26:53",
                                             "path" : "dischargeDisposition",
                                             "scope" : "InpatientEncounter",
                                             "type" : "Property"
                                          }, {
                                             "localId" : "24",
                                             "locator" : "26:57-26:104",
                                             "name" : "Discharge to home for hospice care (procedure)",
                                             "type" : "CodeRef"
                                          } ]
                                       }, {
                                          "localId" : "29",
                                          "locator" : "27:14-27:118",
                                          "type" : "Equivalent",
                                          "operand" : [ {
                                             "localId" : "27",
                                             "locator" : "27:14-27:52",
                                             "path" : "dischargeDisposition",
                                             "scope" : "InpatientEncounter",
                                             "type" : "Property"
                                          }, {
                                             "localId" : "28",
                                             "locator" : "27:56-27:118",
                                             "name" : "Discharge to healthcare facility for hospice care (procedure)",
                                             "type" : "CodeRef"
                                          } ]
                                       } ]
                                    }, {
                                       "localId" : "34",
                                       "locator" : "29:13-29:85",
                                       "precision" : "Day",
                                       "type" : "In",
                                       "operand" : [ {
                                          "locator" : "29:47-29:50",
                                          "type" : "End",
                                          "operand" : {
                                             "localId" : "32",
                                             "locator" : "29:13-29:45",
                                             "path" : "relevantPeriod",
                                             "scope" : "InpatientEncounter",
                                             "type" : "Property"
                                          }
                                       }, {
                                          "localId" : "33",
                                          "locator" : "29:66-29:85",
                                          "name" : "Measurement Period",
                                          "type" : "ParameterRef"
                                       } ]
                                    } ]
                                 }
                              }
                           }, {
                              "localId" : "45",
                              "locator" : "31:8-33:5",
                              "type" : "Exists",
                              "operand" : {
                                 "localId" : "44",
                                 "locator" : "31:15-33:5",
                                 "type" : "Query",
                                 "source" : [ {
                                    "localId" : "39",
                                    "locator" : "31:17-31:78",
                                    "alias" : "HospiceEncounter",
                                    "expression" : {
                                       "localId" : "38",
                                       "locator" : "31:17-31:61",
                                       "dataType" : "{urn:healthit-gov:qdm:v5_6}PositiveEncounterPerformed",
                                       "templateId" : "PositiveEncounterPerformed",
                                       "codeProperty" : "code",
                                       "codeComparator" : "in",
                                       "type" : "Retrieve",
                                       "codes" : {
                                          "locator" : "31:42-31:60",
                                          "name" : "Hospice Encounter",
                                          "preserve" : true,
                                          "type" : "ValueSetRef"
                                       }
                                    }
                                 } ],
                                 "relationship" : [ ],
                                 "where" : {
                                    "localId" : "43",
                                    "locator" : "32:9-32:82",
                                    "precision" : "Day",
                                    "type" : "Overlaps",
                                    "operand" : [ {
                                       "localId" : "41",
                                       "locator" : "32:15-32:45",
                                       "path" : "relevantPeriod",
                                       "scope" : "HospiceEncounter",
                                       "type" : "Property"
                                    }, {
                                       "localId" : "42",
                                       "locator" : "32:63-32:82",
                                       "name" : "Measurement Period",
                                       "type" : "ParameterRef"
                                    } ]
                                 }
                              }
                           } ]
                        }, {
                           "localId" : "63",
                           "locator" : "34:8-37:5",
                           "type" : "Exists",
                           "operand" : {
                              "localId" : "62",
                              "locator" : "34:15-37:5",
                              "type" : "Query",
                              "source" : [ {
                                 "localId" : "48",
                                 "locator" : "34:17-34:94",
                                 "alias" : "HospiceAssessment",
                                 "expression" : {
                                    "localId" : "47",
                                    "locator" : "34:17-34:76",
                                    "dataType" : "{urn:healthit-gov:qdm:v5_6}PositiveAssessmentPerformed",
                                    "templateId" : "PositiveAssessmentPerformed",
                                    "codeProperty" : "code",
                                    "codeComparator" : "~",
                                    "type" : "Retrieve",
                                    "codes" : {
                                       "type" : "ToList",
                                       "operand" : {
                                          "locator" : "34:43-34:75",
                                          "name" : "Hospice care [Minimum Data Set]",
                                          "type" : "CodeRef"
                                       }
                                    }
                                 }
                              } ],
                              "relationship" : [ ],
                              "where" : {
                                 "localId" : "61",
                                 "locator" : "35:9-36:150",
                                 "type" : "And",
                                 "operand" : [ {
                                    "localId" : "52",
                                    "locator" : "35:15-35:64",
                                    "type" : "Equivalent",
                                    "operand" : [ {
                                       "asType" : "{urn:hl7-org:elm-types:r1}Code",
                                       "type" : "As",
                                       "operand" : {
                                          "localId" : "50",
                                          "locator" : "35:15-35:38",
                                          "path" : "result",
                                          "scope" : "HospiceAssessment",
                                          "type" : "Property"
                                       }
                                    }, {
                                       "localId" : "51",
                                       "locator" : "35:42-35:64",
                                       "name" : "Yes (qualifier value)",
                                       "type" : "CodeRef"
                                    } ]
                                 }, {
                                    "localId" : "60",
                                    "locator" : "36:15-36:150",
                                    "precision" : "Day",
                                    "type" : "Overlaps",
                                    "operand" : [ {
                                       "localId" : "58",
                                       "locator" : "36:15-36:113",
                                       "name" : "NormalizeInterval",
                                       "libraryName" : "Global",
                                       "type" : "FunctionRef",
                                       "operand" : [ {
                                          "localId" : "55",
                                          "locator" : "36:44-36:77",
                                          "path" : "relevantDatetime",
                                          "scope" : "HospiceAssessment",
                                          "type" : "Property"
                                       }, {
                                          "localId" : "57",
                                          "locator" : "36:80-36:111",
                                          "path" : "relevantPeriod",
                                          "scope" : "HospiceAssessment",
                                          "type" : "Property"
                                       } ]
                                    }, {
                                       "localId" : "59",
                                       "locator" : "36:131-36:150",
                                       "name" : "Measurement Period",
                                       "type" : "ParameterRef"
                                    } ]
                                 } ]
                              }
                           }
                        } ]
                     }, {
                        "localId" : "72",
                        "locator" : "38:8-40:5",
                        "type" : "Exists",
                        "operand" : {
                           "localId" : "71",
                           "locator" : "38:15-40:5",
                           "type" : "Query",
                           "source" : [ {
                              "localId" : "66",
                              "locator" : "38:17-38:79",
                              "alias" : "HospiceOrder",
                              "expression" : {
                                 "localId" : "65",
                                 "locator" : "38:17-38:66",
                                 "dataType" : "{urn:healthit-gov:qdm:v5_6}PositiveInterventionOrder",
                                 "templateId" : "PositiveInterventionOrder",
                                 "codeProperty" : "code",
                                 "codeComparator" : "in",
                                 "type" : "Retrieve",
                                 "codes" : {
                                    "locator" : "38:41-38:65",
                                    "name" : "Hospice Care Ambulatory",
                                    "preserve" : true,
                                    "type" : "ValueSetRef"
                                 }
                              }
                           } ],
                           "relationship" : [ ],
                           "where" : {
                              "localId" : "70",
                              "locator" : "39:9-39:76",
                              "precision" : "Day",
                              "type" : "In",
                              "operand" : [ {
                                 "localId" : "68",
                                 "locator" : "39:15-39:41",
                                 "path" : "authorDatetime",
                                 "scope" : "HospiceOrder",
                                 "type" : "Property"
                              }, {
                                 "localId" : "69",
                                 "locator" : "39:57-39:76",
                                 "name" : "Measurement Period",
                                 "type" : "ParameterRef"
                              } ]
                           }
                        }
                     } ]
                  }, {
                     "localId" : "85",
                     "locator" : "41:8-43:5",
                     "type" : "Exists",
                     "operand" : {
                        "localId" : "84",
                        "locator" : "41:15-43:5",
                        "type" : "Query",
                        "source" : [ {
                           "localId" : "75",
                           "locator" : "41:17-41:87",
                           "alias" : "HospicePerformed",
                           "expression" : {
                              "localId" : "74",
                              "locator" : "41:17-41:70",
                              "dataType" : "{urn:healthit-gov:qdm:v5_6}PositiveInterventionPerformed",
                              "templateId" : "PositiveInterventionPerformed",
                              "codeProperty" : "code",
                              "codeComparator" : "in",
                              "type" : "Retrieve",
                              "codes" : {
                                 "locator" : "41:45-41:69",
                                 "name" : "Hospice Care Ambulatory",
                                 "preserve" : true,
                                 "type" : "ValueSetRef"
                              }
                           }
                        } ],
                        "relationship" : [ ],
                        "where" : {
                           "localId" : "83",
                           "locator" : "42:9-42:148",
                           "precision" : "Day",
                           "type" : "Overlaps",
                           "operand" : [ {
                              "localId" : "81",
                              "locator" : "42:15-42:111",
                              "name" : "NormalizeInterval",
                              "libraryName" : "Global",
                              "type" : "FunctionRef",
                              "operand" : [ {
                                 "localId" : "78",
                                 "locator" : "42:44-42:76",
                                 "path" : "relevantDatetime",
                                 "scope" : "HospicePerformed",
                                 "type" : "Property"
                              }, {
                                 "localId" : "80",
                                 "locator" : "42:79-42:109",
                                 "path" : "relevantPeriod",
                                 "scope" : "HospicePerformed",
                                 "type" : "Property"
                              } ]
                           }, {
                              "localId" : "82",
                              "locator" : "42:129-42:148",
                              "name" : "Measurement Period",
                              "type" : "ParameterRef"
                           } ]
                        }
                     }
                  } ]
               }, {
                  "localId" : "94",
                  "locator" : "44:6-46:5",
                  "type" : "Exists",
                  "operand" : {
                     "localId" : "93",
                     "locator" : "44:13-46:5",
                     "type" : "Query",
                     "source" : [ {
                        "localId" : "88",
                        "locator" : "44:15-44:69",
                        "alias" : "HospiceCareDiagnosis",
                        "expression" : {
                           "localId" : "87",
                           "locator" : "44:15-44:48",
                           "dataType" : "{urn:healthit-gov:qdm:v5_6}Diagnosis",
                           "codeProperty" : "code",
                           "codeComparator" : "in",
                           "type" : "Retrieve",
                           "codes" : {
                              "locator" : "44:29-44:47",
                              "name" : "Hospice Diagnosis",
                              "preserve" : true,
                              "type" : "ValueSetRef"
                           }
                        }
                     } ],
                     "relationship" : [ ],
                     "where" : {
                        "localId" : "92",
                        "locator" : "45:9-45:88",
                        "precision" : "Day",
                        "type" : "Overlaps",
                        "operand" : [ {
                           "localId" : "90",
                           "locator" : "45:15-45:51",
                           "path" : "prevalencePeriod",
                           "scope" : "HospiceCareDiagnosis",
                           "type" : "Property"
                        }, {
                           "localId" : "91",
                           "locator" : "45:69-45:88",
                           "name" : "Measurement Period",
                           "type" : "ParameterRef"
                        } ]
                     }
                  }
               } ]
            }
         } ]
      }
   }
}