<?xml version="1.0" encoding="UTF-8" standalone="yes"?>
<QualityMeasureDocument xmlns="urn:hl7-org:v3"
                        xmlns:cql-ext="urn:hhs-cql:hqmf-n1-extensions:v1"
                        xmlns:xsi="http://www.w3.org/2001/XMLSchema-instance">

      <!--
            **************************************************************
            Measure Details Section
            **************************************************************
        -->
   <typeId extension="POQM_HD000001UV02" root="2.16.840.1.113883.1.3"/>
   <templateId>
      <item extension="2021-02-01" root="2.16.840.1.113883.10.20.28.1.2"/>
   </templateId>
   <id root="1ff2b3d2-6132-4da7-9598-3f071c73789d"/>
   <code code="57024-2" codeSystem="2.16.840.1.113883.6.1">
      <displayName value="Health Quality Measure Document"/>
   </code>
   <title
          value="Diabetic Retinopathy: Communication with the Physician Managing Ongoing Diabetes Care"/>
   <text
         value="Percentage of patients aged 18 years and older with a diagnosis of diabetic retinopathy who had a dilated macular or fundus exam performed with documented communication to the physician who manages the ongoing care of the patient with diabetes mellitus regarding the findings of the macular or fundus exam at least once during the measurement period"/>
   <statusCode code="COMPLETED"/>
   <setId root="53d6d7c3-43fb-4d24-8099-17e74c022c05"/>
   <versionNumber value="14.0.000"/>
   <author>
      <responsibleParty classCode="ASSIGNED">
         <representedResponsibleOrganization classCode="ORG" determinerCode="INSTANCE">
            <id>
               <item root="2.16.840.1.113883.3.1934"/>
            </id>
            <name>
               <item>
                  <part value="American Academy of Ophthalmology"/>
               </item>
            </name>
         </representedResponsibleOrganization>
      </responsibleParty>
   </author>
   <author>
      <responsibleParty classCode="ASSIGNED">
         <representedResponsibleOrganization classCode="ORG" determinerCode="INSTANCE">
            <id>
               <item root="d041e15c-a7a0-41b8-be5b-87340ecd14bc"/>
            </id>
            <name>
               <item>
                  <part value="American Medical Association (AMA)"/>
               </item>
            </name>
         </representedResponsibleOrganization>
      </responsibleParty>
   </author>
   <custodian>
      <responsibleParty classCode="ASSIGNED">
         <representedResponsibleOrganization classCode="ORG" determinerCode="INSTANCE">
            <id>
               <item root="2.16.840.1.113883.3.1934"/>
            </id>
            <name>
               <item>
                  <part value="American Academy of Ophthalmology"/>
               </item>
            </name>
         </representedResponsibleOrganization>
      </responsibleParty>
   </custodian>
   <!--Patient Reason-->
   <definition>
      <valueSet classCode="OBS" moodCode="DEF">
         <id root="2.16.840.1.113883.3.526.3.1008"/>
         <title value="Patient Reason"/>
      </valueSet>
   </definition>
   <!--Macular Edema Findings Present-->
   <definition>
      <valueSet classCode="OBS" moodCode="DEF">
         <id root="2.16.840.1.113883.3.526.3.1320"/>
         <title value="Macular Edema Findings Present"/>
      </valueSet>
   </definition>
   <!--Level of Severity of Retinopathy Findings-->
   <definition>
      <valueSet classCode="OBS" moodCode="DEF">
         <id root="2.16.840.1.113883.3.526.3.1283"/>
         <title value="Level of Severity of Retinopathy Findings"/>
      </valueSet>
   </definition>
   <!--Race-->
   <definition>
      <valueSet classCode="OBS" moodCode="DEF">
         <id root="2.16.840.1.114222.4.11.836"/>
         <title value="Race"/>
      </valueSet>
   </definition>
   <!--Outpatient Consultation-->
   <definition>
      <valueSet classCode="OBS" moodCode="DEF">
         <id root="2.16.840.1.113883.3.464.1003.101.12.1008"/>
         <title value="Outpatient Consultation"/>
      </valueSet>
   </definition>
   <!--Federal Administrative Sex-->
   <definition>
      <valueSet classCode="OBS" moodCode="DEF">
         <id root="2.16.840.1.113762.1.4.1021.121"/>
         <title value="Federal Administrative Sex"/>
      </valueSet>
   </definition>
   <!--Ethnicity-->
   <definition>
      <valueSet classCode="OBS" moodCode="DEF">
         <id root="2.16.840.1.114222.4.11.837"/>
         <title value="Ethnicity"/>
      </valueSet>
   </definition>
   <!--Payer Type-->
   <definition>
      <valueSet classCode="OBS" moodCode="DEF">
         <id root="2.16.840.1.114222.4.11.3591"/>
         <title value="Payer Type"/>
      </valueSet>
   </definition>
   <!--Diabetic Retinopathy-->
   <definition>
      <valueSet classCode="OBS" moodCode="DEF">
         <id root="2.16.840.1.113883.3.526.3.327"/>
         <title value="Diabetic Retinopathy"/>
      </valueSet>
   </definition>
   <!--Care Services in Long Term Residential Facility-->
   <definition>
      <valueSet classCode="OBS" moodCode="DEF">
         <id root="2.16.840.1.113883.3.464.1003.101.12.1014"/>
         <title value="Care Services in Long Term Residential Facility"/>
      </valueSet>
   </definition>
   <!--Macular Exam-->
   <definition>
      <valueSet classCode="OBS" moodCode="DEF">
         <id root="2.16.840.1.113883.3.526.3.1251"/>
         <title value="Macular Exam"/>
      </valueSet>
   </definition>
   <!--Office Visit-->
   <definition>
      <valueSet classCode="OBS" moodCode="DEF">
         <id root="2.16.840.1.113883.3.464.1003.101.12.1001"/>
         <title value="Office Visit"/>
      </valueSet>
   </definition>
   <!--Ophthalmological Services-->
   <definition>
      <valueSet classCode="OBS" moodCode="DEF">
         <id root="2.16.840.1.113883.3.526.3.1285"/>
         <title value="Ophthalmological Services"/>
      </valueSet>
   </definition>
   <!--Medical Reason-->
   <definition>
      <valueSet classCode="OBS" moodCode="DEF">
         <id root="2.16.840.1.113883.3.526.3.1007"/>
         <title value="Medical Reason"/>
      </valueSet>
   </definition>
   <!--Nursing Facility Visit-->
   <definition>
      <valueSet classCode="OBS" moodCode="DEF">
         <id root="2.16.840.1.113883.3.464.1003.101.12.1012"/>
         <title value="Nursing Facility Visit"/>
      </valueSet>
   </definition>
   <!--Macular edema absent (situation)- -->
   <definition>
      <cql-ext:code code="428341000124108"
                    codeSystem="2.16.840.1.113883.6.96"
                    codeSystemName="SNOMEDCT">
         <displayName value="Macular edema absent (situation)"/>
      </cql-ext:code>
   </definition>
   <!--virtual- -->
   <definition>
      <cql-ext:code code="VR"
                    codeSystem="2.16.840.1.113883.5.4"
                    codeSystemName="ActCode">
         <displayName value="virtual"/>
      </cql-ext:code>
   </definition>
   <relatedDocument typeCode="COMP">
      <expressionDocument>
         <id root="fded3a5e-ef87-48c2-abb1-dfc7e4ae0952"/>
         <text mediaType="text/cql">
            <reference value="https://madie.cms.gov/libraries/53d6d7c3-43fb-4d24-8099-17e74c022c05/CMS142DRCommWithPhysicianManagingDiabetesQDM-14.0.000.cql"/>
            <translation mediaType="application/elm+xml">
               <reference value="https://madie.cms.gov/libraries/53d6d7c3-43fb-4d24-8099-17e74c022c05/CMS142DRCommWithPhysicianManagingDiabetesQDM-14.0.000.xml"/>
            </translation>
            <translation mediaType="application/elm+json">
               <reference value="https://madie.cms.gov/libraries/53d6d7c3-43fb-4d24-8099-17e74c022c05/CMS142DRCommWithPhysicianManagingDiabetesQDM-14.0.000.json"/>
            </translation>
         </text>
         <setId extension="53d6d7c3-43fb-4d24-8099-17e74c022c05"
                identifierName="CMS142DRCommWithPhysicianManagingDiabetesQDM"
                root="https://madie.cms.gov/libraries"/>
         <versionNumber value="14.0.000"/>
      </expressionDocument>
   </relatedDocument>
   <relatedDocument typeCode="COMP">
      <expressionDocument>
         <id root="60f06df5-444e-440c-a70d-a261ab862b5e"/>
         <text mediaType="text/cql">
            <reference value="https://madie.cms.gov/libraries/60f06df5-444e-440c-a70d-a261ab862b5e/CQMCommonQDM-9.0.000.cql"/>
            <translation mediaType="application/elm+xml">
               <reference value="https://madie.cms.gov/libraries/60f06df5-444e-440c-a70d-a261ab862b5e/CQMCommonQDM-9.0.000.xml"/>
            </translation>
            <translation mediaType="application/elm+json">
               <reference value="https://madie.cms.gov/libraries/60f06df5-444e-440c-a70d-a261ab862b5e/CQMCommonQDM-9.0.000.json"/>
            </translation>
         </text>
         <setId extension="60f06df5-444e-440c-a70d-a261ab862b5e"
                identifierName="CQMCommonQDM"
                root="https://madie.cms.gov/libraries"/>
         <versionNumber value="9.0.000"/>
      </expressionDocument>
   </relatedDocument>
   <controlVariable>
      <measurePeriod>
         <id extension="measureperiod" root="02f6ddd8-b5aa-48e3-93bb-24d9191d9573"/>
         <code code="MSRTP" codeSystem="2.16.840.1.113883.5.4">
            <originalText value="Measurement Period"/>
         </code>
         <value highClosed="false" lowClosed="true" xsi:type="IVL_TS">
            <low value="20260101"/>
            <high value="20270101"/>
         </value>
      </measurePeriod>
   </controlVariable>
   <subjectOf>
      <measureAttribute>
         <code nullFlavor="OTH">
            <originalText value="CMS ID"/>
         </code>
         <value mediaType="text/plain" value="142" xsi:type="ED"/>
      </measureAttribute>
   </subjectOf>
   <subjectOf>
      <measureAttribute>
         <code nullFlavor="OTH">
            <originalText value="CBE Number"/>
         </code>
         <value mediaType="text/plain" value="Not Applicable" xsi:type="ED"/>
      </measureAttribute>
   </subjectOf>
   <subjectOf>
      <measureAttribute>
         <code code="COPY" codeSystem="2.16.840.1.113883.5.4">
            <displayName value="Copyright"/>
         </code>
         <value mediaType="text/plain"
                value="Copyright 2025 American Academy of Ophthalmology. All Rights Reserved."
                xsi:type="ED"/>
      </measureAttribute>
   </subjectOf>
   <subjectOf>
      <measureAttribute>
         <code code="DISC" codeSystem="2.16.840.1.113883.5.4">
            <displayName value="Disclaimer"/>
         </code>
         <value mediaType="text/plain"
                value="The Measure is not a clinical guideline, does not establish a standard of medical care, and has not been tested for all potential applications. The Measure, while copyrighted, can be reproduced and distributed, without modification, for noncommercial purposes, e.g., use by health care providers in connection with their practices. Commercial use is defined as the sale, license, or distribution of the Measure for commercial gain, or incorporation of the Measure into a product or service that is sold, licensed or distributed for commercial gain. Commercial uses of the Measure require a license agreement between the user and the American Academy of Ophthalmology (Academy). Neither the Academy, PCPI, nor the American Medical Association (AMA), nor the former AMA-convened Physician Consortium for Performance Improvement(R) (AMA-PCPI), nor their members shall be responsible for any use of the Measure. The PCPI’s and AMA’s significant past efforts and contributions to the development and updating of the Measures are acknowledged. The National Committee for Quality Assurance's significant past efforts and contributions to the development and updating of the Measure is acknowledged. THE MEASURE AND SPECIFICATIONS ARE PROVIDED &quot;AS IS&quot; WITHOUT WARRANTY OF ANY KIND. Limited proprietary coding is contained in the Measure specifications for convenience. A license agreement must be entered prior to a third party’s use of Current Procedural Terminology (CPT[R]) or other proprietary code set contained in the Measures. Any other use of CPT or other coding by the third party is strictly prohibited. The Academy, the AMA, and former members of the PCPI disclaim all liability for use or accuracy of any CPT or other coding contained in the specifications. CPT(R) contained in the Measure specifications is copyright 2004-2024 American Medical Association. LOINC(R) is copyright 2004-2024 Regenstrief Institute, Inc. This material contains SNOMED Clinical Terms(R) (SNOMED CT[R]) copyright 2004-2024 International Health Terminology Standards Development Organisation. ICD-10 is copyright 2024 World Health Organization. All Rights Reserved. Due to technical limitations, registered trademarks are indicated by (R) or [R]."
                xsi:type="ED"/>
      </measureAttribute>
   </subjectOf>
   <subjectOf>
      <measureAttribute>
         <code code="MSRSCORE" codeSystem="2.16.840.1.113883.5.4">
            <displayName value="Measure Scoring"/>
         </code>
         <value code="PROPOR" codeSystem="2.16.840.1.113883.5.1063" xsi:type="CD">
            <displayName value="Proportion"/>
         </value>
      </measureAttribute>
   </subjectOf>
   <subjectOf>
      <measureAttribute>
         <code code="MSRTYPE" codeSystem="2.16.840.1.113883.5.4">
            <displayName value="Measure Type"/>
         </code>
         <value code="PROCESS" codeSystem="2.16.840.1.113883.5.1063" xsi:type="CD">
            <displayName value="Process"/>
         </value>
      </measureAttribute>
   </subjectOf>
   <subjectOf>
      <measureAttribute>
         <code code="STRAT" codeSystem="2.16.840.1.113883.5.4">
            <displayName value="Stratification"/>
         </code>
         <value mediaType="text/plain" value="None" xsi:type="ED"/>
      </measureAttribute>
   </subjectOf>
   <subjectOf>
      <measureAttribute>
         <code code="MSRADJ" codeSystem="2.16.840.1.113883.5.4">
            <displayName value="Risk Adjustment"/>
         </code>
         <value mediaType="text/plain" value="None" xsi:type="ED"/>
      </measureAttribute>
   </subjectOf>
   <subjectOf>
      <measureAttribute>
         <code code="MSRAGG" codeSystem="2.16.840.1.113883.5.4">
            <displayName value="Rate Aggregation"/>
         </code>
         <value mediaType="text/plain" value="None" xsi:type="ED"/>
      </measureAttribute>
   </subjectOf>
   <subjectOf>
      <measureAttribute>
         <code code="RAT" codeSystem="2.16.840.1.113883.5.4">
            <displayName value="Rationale"/>
         </code>
         <value mediaType="text/plain"
                value="Diabetic retinopathy is a prevalent complication of diabetes, estimated to affect 28.5% of diabetic patients in the US (Zhang et al., 2010). Diabetic retinopathy is a key indicator of systemic complications of diabetes (Zhang et al., 2010). Coordination of care between the eye care specialist and the physician managing a patient’s ongoing diabetes care is essential in stemming the progression of vision loss. Communication from the eye care specialist to a primary care physician facilitates the exchange of information about the severity and progression of a patient’s diabetic retinopathy, adherence to recommended ocular care, need for follow-up visits, and treatment plans (Storey et al., 2016). Data from the Diabetes Control and Complications Trial showed that diabetic treatment and maintenance of glucose control delays the onset and slows the progression of diabetic retinopathy (Aiello &amp; DCCT/EDIC Research Group, 2014)."
                xsi:type="ED"/>
      </measureAttribute>
   </subjectOf>
   <subjectOf>
      <measureAttribute>
         <code code="CRS" codeSystem="2.16.840.1.113883.5.4">
            <displayName value="Clinical Recommendation Statement"/>
         </code>
         <value mediaType="text/plain"
                value="The ophthalmologist should refer patients with diabetes to a primary care physician or endocrinologist for appropriate management of their systemic condition and should communicate examination results to the physician managing the patient’s ongoing diabetes care (Lim et al., 2025). A goal is to achieve optimal control of blood glucose, blood pressure, and other risk factors through close communication with the patient’s primary care physician on the status of the DR and the need for optimal metabolic control (Lim et al., 2025). Establishing a close partnership between the ophthalmologist and the primary care physician is an important step to ensure optimal patient care. Furthermore, it is important to help educate patients with diabetes as well as their primary care physician about the ophthalmologic implications of controlling blood glucose (as monitored by HbA1c) to as near to normal as is safely possible (Lim et al., 2025)."
                xsi:type="ED"/>
      </measureAttribute>
   </subjectOf>
   <subjectOf>
      <measureAttribute>
         <code code="IDUR" codeSystem="2.16.840.1.113883.5.4">
            <displayName value="Improvement Notation"/>
         </code>
         <value mediaType="text/plain"
                value="Higher score indicates better quality"
                xsi:type="ED"/>
      </measureAttribute>
   </subjectOf>
   <subjectOf>
      <measureAttribute>
         <code code="REF" codeSystem="2.16.840.1.113883.5.4">
            <displayName value="Reference"/>
         </code>
         <value mediaType="text/plain"
                value="CITATION Aiello, L. P., &amp; DCCT/EDIC Research Group (2014). Diabetic retinopathy and other ocular findings in the diabetes control and complications trial/epidemiology of diabetes interventions and complications study. Diabetes care, 37(1), 17–23. doi:10.2337/dc13-2251"
                xsi:type="ED"/>
      </measureAttribute>
   </subjectOf>
   <subjectOf>
      <measureAttribute>
         <code code="REF" codeSystem="2.16.840.1.113883.5.4">
            <displayName value="Reference"/>
         </code>
         <value mediaType="text/plain"
                value="Citation Lim, J.I., Kim, S.J., Bailey, S.T., Kovach, J.L., Vemulakonda, G.A., Ying, G., Flaxel, C.J. and the American Academy of Ophthalmology Preferred Practice Pattern Retina/Vitreous Committee (2025). Diabetic Retinopathy Preferred Practice Pattern. Ophthalmology. 2025 in press. doi: 10.1016/j.ophtha.2024.12.020."
                xsi:type="ED"/>
      </measureAttribute>
   </subjectOf>
   <subjectOf>
      <measureAttribute>
         <code code="REF" codeSystem="2.16.840.1.113883.5.4">
            <displayName value="Reference"/>
         </code>
         <value mediaType="text/plain"
                value="CITATION Storey, P. P., Murchison, A. P., Pizzi, L. T., Hark, L. A., Dai, Y., Leiby, B. E., &amp; Haller, J. A. (2016). Impact of physician communication on diabetic eye examination adherence: Results from a Retrospective Cohort Analysis. Retina.;36(1),20-7. doi:10.1097/IAE.0000000000000652"
                xsi:type="ED"/>
      </measureAttribute>
   </subjectOf>
   <subjectOf>
      <measureAttribute>
         <code code="REF" codeSystem="2.16.840.1.113883.5.4">
            <displayName value="Reference"/>
         </code>
         <value mediaType="text/plain"
                value="CITATION Zhang, X., Saaddine, J. B., Chou, C. F., Cotch, M. F., Cheng, Y. J., Geiss, L. S., … Klein, R. (2010). Prevalence of diabetic retinopathy in the United States, 2005-2008. JAMA, 304(6), 649–656. doi:10.1001/jama.2010.1111"
                xsi:type="ED"/>
      </measureAttribute>
   </subjectOf>
   <subjectOf>
      <measureAttribute>
         <code code="DEF" codeSystem="2.16.840.1.113883.5.4">
            <displayName value="Definition"/>
         </code>
         <value mediaType="text/plain"
                value="Communication - May include documentation in the medical record indicating that the findings of the dilated macular or fundus exam were communicated (e.g., verbally, by letter) with the clinician managing the patient's diabetic care OR a copy of a letter in the medical record to the clinician managing the patient's diabetic care outlining the findings of the dilated macular or fundus exam. Findings - Includes level of severity of retinopathy (e.g., mild nonproliferative, moderate nonproliferative, severe nonproliferative, very severe nonproliferative, proliferative) AND the presence or absence of macular edema."
                xsi:type="ED"/>
      </measureAttribute>
   </subjectOf>
   <subjectOf>
      <measureAttribute>
         <code code="GUIDE" codeSystem="2.16.840.1.113883.5.4">
            <displayName value="Guidance"/>
         </code>
         <value mediaType="text/plain"
                value="The measure, as written, does not specifically require documentation of laterality. Coding limitations in particular clinical terminologies do not currently allow for that level of specificity (ICD-10-CM includes laterality, but SNOMED-CT does not uniformly include this distinction). Therefore, at this time, it is not a requirement of this measure to indicate laterality of the diagnoses, findings or procedures. Available coding to capture the data elements specified in this measure has been provided. It is assumed that the eligible clinician will record laterality in the patient medical record, as quality care and clinical documentation should include laterality. The communication of results, including the level of severity of diabetic retinopathy and presence or absence of macular edema to the primary care physician providing ongoing care of a patient's diabetes should be completed soon after the dilated exam is performed. Eligible clinicians reporting on this measure should note that all data for the measurement period is to be submitted by the deadline established by CMS. Therefore, eligible clinicians who see patients towards the end of the measurement period (i.e., December in particular), should communicate the results of the dilated macular exam as soon as possible in order for those patients to be counted in the measure numerator. Communicating the results as soon as possible after the date of the exam will ensure the data are included in the submission to CMS. This eCQM is a patient-based measure. Telehealth encounters are not eligible for this measure because the measure requires a clinical action that cannot be conducted via telehealth. This version of the eCQM uses QDM version 5.6. Please refer to the eCQI resource center (https://ecqi.healthit.gov/qdm) for more information on the QDM."
                xsi:type="ED"/>
      </measureAttribute>
   </subjectOf>
   <subjectOf>
      <measureAttribute>
         <code code="TRANF" codeSystem="2.16.840.1.113883.5.4">
            <displayName value="Transmission Format"/>
         </code>
         <value mediaType="text/plain" value="TBD" xsi:type="ED"/>
      </measureAttribute>
   </subjectOf>
   <subjectOf>
      <measureAttribute>
         <code code="IPOP" codeSystem="2.16.840.1.113883.5.4">
            <displayName value="Initial Population"/>
         </code>
         <value mediaType="text/plain"
                value="All patients aged 18 years and older with a diagnosis of diabetic retinopathy during the measurement period"
                xsi:type="ED"/>
      </measureAttribute>
   </subjectOf>
   <subjectOf>
      <measureAttribute>
         <code code="DENOM" codeSystem="2.16.840.1.113883.5.4">
            <displayName value="Denominator"/>
         </code>
         <value mediaType="text/plain"
                value="Equals Initial Population who had a dilated macular or fundus exam performed during the measurement period"
                xsi:type="ED"/>
      </measureAttribute>
   </subjectOf>
   <subjectOf>
      <measureAttribute>
         <code code="DENEX" codeSystem="2.16.840.1.113883.5.4">
            <displayName value="Denominator Exclusions"/>
         </code>
         <value mediaType="text/plain" value="None" xsi:type="ED"/>
      </measureAttribute>
   </subjectOf>
   <subjectOf>
      <measureAttribute>
         <code code="NUMER" codeSystem="2.16.840.1.113883.5.4">
            <displayName value="Numerator"/>
         </code>
         <value mediaType="text/plain"
                value="Patients with documentation, at least once within the measurement period, of the findings of the dilated macular or fundus exam via communication to the physician who manages the patient's diabetic care"
                xsi:type="ED"/>
      </measureAttribute>
   </subjectOf>
   <subjectOf>
      <measureAttribute>
         <code code="NUMEX" codeSystem="2.16.840.1.113883.5.4">
            <displayName value="Numerator Exclusions"/>
         </code>
         <value mediaType="text/plain" value="None" xsi:type="ED"/>
      </measureAttribute>
   </subjectOf>
   <subjectOf>
      <measureAttribute>
         <code code="DENEXCEP" codeSystem="2.16.840.1.113883.5.4">
            <displayName value="Denominator Exceptions"/>
         </code>
         <value mediaType="text/plain"
                value="Documentation of medical reason(s) for not communicating the findings of the dilated macular or fundus exam to the physician who manages the ongoing care of the patient with diabetes Documentation of patient reason(s) for not communicating the findings of the dilated macular or fundus exam to the physician who manages the ongoing care of the patient with diabetes"
                xsi:type="ED"/>
      </measureAttribute>
   </subjectOf>
   <subjectOf>
      <measureAttribute>
         <code code="SDE" codeSystem="2.16.840.1.113883.5.4">
            <displayName value="Supplemental Data Elements"/>
         </code>
         <value mediaType="text/plain"
                value="For every patient evaluated by this measure also identify payer, race, ethnicity, and sex."
                xsi:type="ED"/>
      </measureAttribute>
   </subjectOf>
   <componentOf>
      <qualityMeasureSet classCode="ACT">
         <id root="53d6d7c3-43fb-4d24-8099-17e74c022c05"/>
         <title value="None"/>
      </qualityMeasureSet>
   </componentOf>
   <!--Data Criteria Section-->
   <component>
      <dataCriteriaSection>
         <templateId>
            <item extension="2021-02-01" root="2.16.840.1.113883.10.20.28.2.6"/>
         </templateId>
         <code code="57025-9" codeSystem="2.16.840.1.113883.6.1"/>
         <title value="Data Criteria Section"/>
         <text/>
         <entry typeCode="DRIV">
            <localVariableName value="MacularEdemaFindingsPresent_CommunicationNotPerformed_HGPIG"/>
            <actCriteria actionNegationInd="TRUE" classCode="ACT" moodCode="EVN">
               <templateId>
                  <item extension="2021-02-01" root="2.16.840.1.113883.10.20.28.4.132"/>
               </templateId>
               <id extension="MacularEdemaFindingsPresent_CommunicationNotPerformed"
                   root="45af7f93-60aa-46a5-a4ac-f8bcbc25ab95"/>
               <title value="Communication, Not Performed"/>
               <statusCode code="COMPLETED"/>
               <outboundRelationship typeCode="RSON">
                  <observationCriteria classCode="OBS" moodCode="EVN">
                     <templateId>
                        <item extension="2017-05-01" root="2.16.840.1.113883.10.20.28.4.88"/>
                     </templateId>
                     <id extension="5262516c-0a8f-4df9-8e2b-ff1a32b494db"
                         root="45af7f93-60aa-46a5-a4ac-f8bcbc25ab95"/>
                     <code code="410666004"
                           codeSystem="2.16.840.1.113883.6.96"
                           codeSystemName="SNOMED CT">
                        <displayName value="Reason"/>
                     </code>
                     <title value="Reason"/>
                     <value valueSet="2.16.840.1.113883.3.526.3.1320" xsi:type="CD"/>
                  </observationCriteria>
               </outboundRelationship>
            </actCriteria>
         </entry>
         <entry typeCode="DRIV">
            <localVariableName value="LevelofSeverityofRetinopathyFindings_CommunicationPerformed_t3qrn"/>
            <actCriteria classCode="ACT" moodCode="EVN">
               <templateId>
                  <item extension="2021-02-01" root="2.16.840.1.113883.10.20.28.4.132"/>
               </templateId>
               <id extension="LevelofSeverityofRetinopathyFindings_CommunicationPerformed"
                   root="b319f77d-3f0d-4aea-950f-18f9994f0348"/>
               <title value="Communication, Performed"/>
               <statusCode code="COMPLETED"/>
               <outboundRelationship typeCode="RSON">
                  <observationCriteria classCode="OBS" moodCode="EVN">
                     <templateId>
                        <item extension="2017-05-01" root="2.16.840.1.113883.10.20.28.4.88"/>
                     </templateId>
                     <id extension="0d71904a-383b-40ce-980a-39f7ade488f5"
                         root="b319f77d-3f0d-4aea-950f-18f9994f0348"/>
                     <code code="410666004"
                           codeSystem="2.16.840.1.113883.6.96"
                           codeSystemName="SNOMED CT">
                        <displayName value="Reason"/>
                     </code>
                     <title value="Reason"/>
                     <value valueSet="2.16.840.1.113883.3.526.3.1283" xsi:type="CD"/>
                  </observationCriteria>
               </outboundRelationship>
            </actCriteria>
         </entry>
         <entry typeCode="DRIV">
            <localVariableName value="Race_PatientCharacteristicRace_yS5wL"/>
            <observationCriteria classCode="OBS" moodCode="EVN">
               <templateId>
                  <item extension="2017-05-01" root="2.16.840.1.113883.10.20.28.4.59"/>
               </templateId>
               <id extension="Race_PatientCharacteristicRace"
                   root="4fc01e08-c3da-40a2-9cba-7abd73ab8c49"/>
               <code code="32624-9"
                     codeSystem="2.16.840.1.113883.6.1"
                     codeSystemName="LOINC">
                  <displayName value="Race"/>
               </code>
               <title value="Patient Characteristic Race"/>
               <statusCode code="COMPLETED"/>
               <value valueSet="2.16.840.1.114222.4.11.836" xsi:type="CD"/>
            </observationCriteria>
         </entry>
         <entry typeCode="DRIV">
            <localVariableName value="OutpatientConsultation_EncounterPerformed_bvnpi"/>
            <encounterCriteria classCode="ENC" moodCode="EVN">
               <templateId>
                  <item extension="2021-02-01" root="2.16.840.1.113883.10.20.28.4.5"/>
               </templateId>
               <id extension="OutpatientConsultation_EncounterPerformed"
                   root="754d0fab-fd1e-4553-88aa-e3d85c9f72cd"/>
               <code valueSet="2.16.840.1.113883.3.464.1003.101.12.1008"/>
               <title value="Encounter, Performed"/>
               <statusCode code="COMPLETED"/>
            </encounterCriteria>
         </entry>
         <entry typeCode="DRIV">
            <localVariableName value="FederalAdministrativeSex_PatientCharacteristicSex_utR1p"/>
            <observationCriteria classCode="OBS" moodCode="EVN">
               <templateId>
                  <item extension="2017-05-01" root="2.16.840.1.113883.10.20.28.4.55"/>
               </templateId>
               <id extension="FederalAdministrativeSex_PatientCharacteristicSex"
                   root="b988bfc7-a6ea-43af-8d38-432077ffce2d"/>
               <code code="263495000"
                     codeSystem="2.16.840.1.113883.6.96"
                     codeSystemName="SNOMED CT">
                  <displayName value="Gender"/>
               </code>
               <title value="Patient Characteristic Sex"/>
               <statusCode code="COMPLETED"/>
               <value valueSet="2.16.840.1.113762.1.4.1021.121" xsi:type="CD"/>
            </observationCriteria>
         </entry>
         <entry typeCode="DRIV">
            <localVariableName value="Ethnicity_PatientCharacteristicEthnicity_jaXRU"/>
            <observationCriteria classCode="OBS" moodCode="EVN">
               <templateId>
                  <item extension="2017-05-01" root="2.16.840.1.113883.10.20.28.4.56"/>
               </templateId>
               <id extension="Ethnicity_PatientCharacteristicEthnicity"
                   root="858cdf50-c2aa-4337-920b-45591dc5b4ab"/>
               <code code="54133-4"
                     codeSystem="2.16.840.1.113883.6.1"
                     codeSystemName="LOINC">
                  <displayName value="Ethnicity"/>
               </code>
               <title value="Patient Characteristic Ethnicity"/>
               <statusCode code="COMPLETED"/>
               <value valueSet="2.16.840.1.114222.4.11.837" xsi:type="CD"/>
            </observationCriteria>
         </entry>
         <entry typeCode="DRIV">
            <localVariableName value="PayerType_PatientCharacteristicPayer_p1fDW"/>
            <observationCriteria classCode="OBS" moodCode="EVN">
               <templateId>
                  <item extension="2017-05-01" root="2.16.840.1.113883.10.20.28.4.58"/>
               </templateId>
               <id extension="PayerType_PatientCharacteristicPayer"
                   root="a51e8d46-bbb1-415b-9a9c-b50b88e6d142"/>
               <code code="48768-6"
                     codeSystem="2.16.840.1.113883.6.1"
                     codeSystemName="LOINC">
                  <displayName value="Payer Type"/>
               </code>
               <title value="Patient Characteristic Payer"/>
               <statusCode code="COMPLETED"/>
               <value valueSet="2.16.840.1.114222.4.11.3591" xsi:type="CD"/>
            </observationCriteria>
         </entry>
         <entry typeCode="DRIV">
            <localVariableName value="DiabeticRetinopathy_Diagnosis_BPPjq"/>
            <observationCriteria classCode="OBS" moodCode="EVN">
               <templateId>
                  <item extension="2021-02-01" root="2.16.840.1.113883.10.20.28.4.110"/>
               </templateId>
               <id extension="DiabeticRetinopathy_Diagnosis"
                   root="d25b5115-5d43-420e-8f06-55a18cfe103f"/>
               <code code="282291009"
                     codeSystem="2.16.840.1.113883.6.96"
                     codeSystemName="SNOMED CT">
                  <displayName value="Diagnosis"/>
               </code>
               <title value="Diagnosis"/>
               <statusCode code="COMPLETED"/>
               <value valueSet="2.16.840.1.113883.3.526.3.327" xsi:type="CD"/>
            </observationCriteria>
         </entry>
         <entry typeCode="DRIV">
            <localVariableName value="CareServicesinLongTermResidentialFacility_EncounterPerformed_PDeo1"/>
            <encounterCriteria classCode="ENC" moodCode="EVN">
               <templateId>
                  <item extension="2021-02-01" root="2.16.840.1.113883.10.20.28.4.5"/>
               </templateId>
               <id extension="CareServicesinLongTermResidentialFacility_EncounterPerformed"
                   root="74f5edd9-9b58-48e6-9ab6-44ac97ad0353"/>
               <code valueSet="2.16.840.1.113883.3.464.1003.101.12.1014"/>
               <title value="Encounter, Performed"/>
               <statusCode code="COMPLETED"/>
            </encounterCriteria>
         </entry>
         <entry typeCode="DRIV">
            <localVariableName value="MacularExam_DiagnosticStudyPerformed_axhuL"/>
            <observationCriteria classCode="OBS" moodCode="EVN">
               <templateId>
                  <item extension="2021-02-01" root="2.16.840.1.113883.10.20.28.4.23"/>
               </templateId>
               <id extension="MacularExam_DiagnosticStudyPerformed"
                   root="274f37f9-ae03-465f-b7a0-1c35b14e8f45"/>
               <code valueSet="2.16.840.1.113883.3.526.3.1251"/>
               <title value="Diagnostic Study, Performed"/>
               <statusCode code="COMPLETED"/>
            </observationCriteria>
         </entry>
         <entry typeCode="DRIV">
            <localVariableName value="MacularEdemaFindingsPresent_CommunicationPerformed_F0b6L"/>
            <actCriteria classCode="ACT" moodCode="EVN">
               <templateId>
                  <item extension="2021-02-01" root="2.16.840.1.113883.10.20.28.4.132"/>
               </templateId>
               <id extension="MacularEdemaFindingsPresent_CommunicationPerformed"
                   root="85ee060a-b032-49d1-8eaa-9bb9e59728f7"/>
               <title value="Communication, Performed"/>
               <statusCode code="COMPLETED"/>
               <outboundRelationship typeCode="RSON">
                  <observationCriteria classCode="OBS" moodCode="EVN">
                     <templateId>
                        <item extension="2017-05-01" root="2.16.840.1.113883.10.20.28.4.88"/>
                     </templateId>
                     <id extension="241d1f93-0e0a-4c18-8eb1-df9a96bec728"
                         root="85ee060a-b032-49d1-8eaa-9bb9e59728f7"/>
                     <code code="410666004"
                           codeSystem="2.16.840.1.113883.6.96"
                           codeSystemName="SNOMED CT">
                        <displayName value="Reason"/>
                     </code>
                     <title value="Reason"/>
                     <value valueSet="2.16.840.1.113883.3.526.3.1320" xsi:type="CD"/>
                  </observationCriteria>
               </outboundRelationship>
            </actCriteria>
         </entry>
         <entry typeCode="DRIV">
            <localVariableName value="OfficeVisit_EncounterPerformed_jhyeE"/>
            <encounterCriteria classCode="ENC" moodCode="EVN">
               <templateId>
                  <item extension="2021-02-01" root="2.16.840.1.113883.10.20.28.4.5"/>
               </templateId>
               <id extension="OfficeVisit_EncounterPerformed"
                   root="cb1463d0-77d6-4ce6-81ce-54d9a7736e56"/>
               <code valueSet="2.16.840.1.113883.3.464.1003.101.12.1001"/>
               <title value="Encounter, Performed"/>
               <statusCode code="COMPLETED"/>
            </encounterCriteria>
         </entry>
         <entry typeCode="DRIV">
            <localVariableName value="OphthalmologicalServices_EncounterPerformed_sThoB"/>
            <encounterCriteria classCode="ENC" moodCode="EVN">
               <templateId>
                  <item extension="2021-02-01" root="2.16.840.1.113883.10.20.28.4.5"/>
               </templateId>
               <id extension="OphthalmologicalServices_EncounterPerformed"
                   root="6daa94b0-1a8a-45ee-9f5b-afe91de4e280"/>
               <code valueSet="2.16.840.1.113883.3.526.3.1285"/>
               <title value="Encounter, Performed"/>
               <statusCode code="COMPLETED"/>
            </encounterCriteria>
         </entry>
         <entry typeCode="DRIV">
            <localVariableName value="LevelofSeverityofRetinopathyFindings_CommunicationNotPerformed_jMGC6"/>
            <actCriteria actionNegationInd="TRUE" classCode="ACT" moodCode="EVN">
               <templateId>
                  <item extension="2021-02-01" root="2.16.840.1.113883.10.20.28.4.132"/>
               </templateId>
               <id extension="LevelofSeverityofRetinopathyFindings_CommunicationNotPerformed"
                   root="ac6a4d23-802f-4618-bec4-27f6b7b280ce"/>
               <title value="Communication, Not Performed"/>
               <statusCode code="COMPLETED"/>
               <outboundRelationship typeCode="RSON">
                  <observationCriteria classCode="OBS" moodCode="EVN">
                     <templateId>
                        <item extension="2017-05-01" root="2.16.840.1.113883.10.20.28.4.88"/>
                     </templateId>
                     <id extension="f7fd31cc-5f94-4854-b492-26c241fd5f7c"
                         root="ac6a4d23-802f-4618-bec4-27f6b7b280ce"/>
                     <code code="410666004"
                           codeSystem="2.16.840.1.113883.6.96"
                           codeSystemName="SNOMED CT">
                        <displayName value="Reason"/>
                     </code>
                     <title value="Reason"/>
                     <value valueSet="2.16.840.1.113883.3.526.3.1283" xsi:type="CD"/>
                  </observationCriteria>
               </outboundRelationship>
            </actCriteria>
         </entry>
         <entry typeCode="DRIV">
            <localVariableName value="NursingFacilityVisit_EncounterPerformed_JHbga"/>
            <encounterCriteria classCode="ENC" moodCode="EVN">
               <templateId>
                  <item extension="2021-02-01" root="2.16.840.1.113883.10.20.28.4.5"/>
               </templateId>
               <id extension="NursingFacilityVisit_EncounterPerformed"
                   root="35bbb1e2-634f-4a6f-b9e4-86fb915823ca"/>
               <code valueSet="2.16.840.1.113883.3.464.1003.101.12.1012"/>
               <title value="Encounter, Performed"/>
               <statusCode code="COMPLETED"/>
            </encounterCriteria>
         </entry>
         <entry typeCode="DRIV">
            <actCriteria classCode="ACT" moodCode="EVN">
               <templateId>
                  <item extension="2021-02-01" root="2.16.840.1.113883.10.20.28.4.132"/>
               </templateId>
               <id extension="428341000124108_CommunicationPerformed"
                   root="0bd2815a-8af3-4882-b211-36300eb5ac17"/>
               <title value="Communication, Performed"/>
               <statusCode code="COMPLETED"/>
               <outboundRelationship typeCode="RSON">
                  <observationCriteria classCode="OBS" moodCode="EVN">
                     <templateId>
                        <item extension="2017-05-01" root="2.16.840.1.113883.10.20.28.4.88"/>
                     </templateId>
                     <id extension="b3dd1ae5-03fd-41ac-add8-102391625c7f"
                         root="0bd2815a-8af3-4882-b211-36300eb5ac17"/>
                     <code code="410666004"
                           codeSystem="2.16.840.1.113883.6.96"
                           codeSystemName="SNOMED CT">
                        <displayName value="Reason"/>
                     </code>
                     <title value="Reason"/>
                     <value code="428341000124108"
                            codeSystem="2.16.840.1.113883.6.96"
                            codeSystemName="SNOMEDCT"
                            xsi:type="CD"/>
                  </observationCriteria>
               </outboundRelationship>
            </actCriteria>
         </entry>
         <entry typeCode="DRIV">
            <actCriteria actionNegationInd="TRUE" classCode="ACT" moodCode="EVN">
               <templateId>
                  <item extension="2021-02-01" root="2.16.840.1.113883.10.20.28.4.132"/>
               </templateId>
               <id extension="428341000124108_CommunicationNotPerformed"
                   root="35dfbab2-94b6-4c8b-b468-915193e792c0"/>
               <title value="Communication, Not Performed"/>
               <statusCode code="COMPLETED"/>
               <outboundRelationship typeCode="RSON">
                  <observationCriteria classCode="OBS" moodCode="EVN">
                     <templateId>
                        <item extension="2017-05-01" root="2.16.840.1.113883.10.20.28.4.88"/>
                     </templateId>
                     <id extension="3f9e381e-4dc9-4b0b-bb23-5dde8db3202f"
                         root="35dfbab2-94b6-4c8b-b468-915193e792c0"/>
                     <code code="410666004"
                           codeSystem="2.16.840.1.113883.6.96"
                           codeSystemName="SNOMED CT">
                        <displayName value="Reason"/>
                     </code>
                     <title value="Reason"/>
                     <value code="428341000124108"
                            codeSystem="2.16.840.1.113883.6.96"
                            codeSystemName="SNOMEDCT"
                            xsi:type="CD"/>
                  </observationCriteria>
               </outboundRelationship>
            </actCriteria>
         </entry>
      </dataCriteriaSection>
   </component>
   <component>
      <populationCriteriaSection>
         <templateId>
            <item extension="2017-08-01" root="2.16.840.1.113883.10.20.28.2.7"/>
         </templateId>
         <id extension="PopulationCriteria1"
             root="4c708cb2-0248-4fc0-84d1-25bbc550dc68"/>
         <code code="57026-7" codeSystem="2.16.840.1.113883.6.1"/>
         <title value="Population Criteria Section"/>
         <text/>
         <component typeCode="COMP">
            <initialPopulationCriteria classCode="OBS" moodCode="EVN">
               <id extension="initialPopulation"
                   root="25A23253-E238-4C41-AC70-556A2C25EBAE"/>
               <code code="IPOP"
                     codeSystem="2.16.840.1.113883.5.4"
                     codeSystemName="Act Code"/>
               <precondition typeCode="PRCN">
                  <criteriaReference classCode="OBS" moodCode="EVN">
                     <id extension="CMS142DRCommWithPhysicianManagingDiabetesQDM.&quot;Initial Population&quot;"
                         root="fded3a5e-ef87-48c2-abb1-dfc7e4ae0952"/>
                  </criteriaReference>
               </precondition>
            </initialPopulationCriteria>
         </component>
         <component typeCode="COMP">
            <denominatorCriteria classCode="OBS" moodCode="EVN">
               <id extension="denominator" root="1FDD8A3A-9815-43BB-A69A-6430BD9D5507"/>
               <code code="DENOM"
                     codeSystem="2.16.840.1.113883.5.4"
                     codeSystemName="Act Code"/>
               <precondition typeCode="PRCN">
                  <criteriaReference classCode="OBS" moodCode="EVN">
                     <id extension="CMS142DRCommWithPhysicianManagingDiabetesQDM.&quot;Denominator&quot;"
                         root="fded3a5e-ef87-48c2-abb1-dfc7e4ae0952"/>
                  </criteriaReference>
               </precondition>
            </denominatorCriteria>
         </component>
         <component typeCode="COMP">
            <numeratorCriteria classCode="OBS" moodCode="EVN">
               <id extension="numerator" root="75CBF5D5-DF61-4232-90AA-E935A07E25BE"/>
               <code code="NUMER"
                     codeSystem="2.16.840.1.113883.5.4"
                     codeSystemName="Act Code"/>
               <precondition typeCode="PRCN">
                  <criteriaReference classCode="OBS" moodCode="EVN">
                     <id extension="CMS142DRCommWithPhysicianManagingDiabetesQDM.&quot;Numerator&quot;"
                         root="fded3a5e-ef87-48c2-abb1-dfc7e4ae0952"/>
                  </criteriaReference>
               </precondition>
            </numeratorCriteria>
         </component>
         <component typeCode="COMP">
            <denominatorExceptionCriteria classCode="OBS" moodCode="EVN">
               <id extension="denominatorExceptions"
                   root="7C701A84-4CE6-4B35-BC7B-A55104C4318D"/>
               <code code="DENEXCEP"
                     codeSystem="2.16.840.1.113883.5.4"
                     codeSystemName="Act Code"/>
               <precondition typeCode="PRCN">
                  <criteriaReference classCode="OBS" moodCode="EVN">
                     <id extension="CMS142DRCommWithPhysicianManagingDiabetesQDM.&quot;Denominator Exceptions&quot;"
                         root="fded3a5e-ef87-48c2-abb1-dfc7e4ae0952"/>
                  </criteriaReference>
               </precondition>
            </denominatorExceptionCriteria>
         </component>
         <component typeCode="COMP">
            <cql-ext:supplementalDataElement>
               <id extension="Supplemental Data Elements"
                   root="e83d112e-0059-4d9d-8781-a619947d2f9f"/>
               <code code="SDE"
                     codeSystem="2.16.840.1.113883.5.4"
                     codeSystemName="Act Code"/>
               <precondition typeCode="PRCN">
                  <criteriaReference classCode="OBS" moodCode="EVN">
                     <id extension="CMS142DRCommWithPhysicianManagingDiabetesQDM.&quot;SDE Race&quot;"
                         root="fded3a5e-ef87-48c2-abb1-dfc7e4ae0952"/>
                  </criteriaReference>
               </precondition>
            </cql-ext:supplementalDataElement>
         </component>
         <component typeCode="COMP">
            <cql-ext:supplementalDataElement>
               <id extension="Supplemental Data Elements"
                   root="dcfadb09-c1fc-45b9-8c7f-c7178135d454"/>
               <code code="SDE"
                     codeSystem="2.16.840.1.113883.5.4"
                     codeSystemName="Act Code"/>
               <precondition typeCode="PRCN">
                  <criteriaReference classCode="OBS" moodCode="EVN">
                     <id extension="CMS142DRCommWithPhysicianManagingDiabetesQDM.&quot;SDE Payer&quot;"
                         root="fded3a5e-ef87-48c2-abb1-dfc7e4ae0952"/>
                  </criteriaReference>
               </precondition>
            </cql-ext:supplementalDataElement>
         </component>
         <component typeCode="COMP">
            <cql-ext:supplementalDataElement>
               <id extension="Supplemental Data Elements"
                   root="be2d9db7-2b31-4cb2-8db9-90e8a3f378f3"/>
               <code code="SDE"
                     codeSystem="2.16.840.1.113883.5.4"
                     codeSystemName="Act Code"/>
               <precondition typeCode="PRCN">
                  <criteriaReference classCode="OBS" moodCode="EVN">
                     <id extension="CMS142DRCommWithPhysicianManagingDiabetesQDM.&quot;SDE Ethnicity&quot;"
                         root="fded3a5e-ef87-48c2-abb1-dfc7e4ae0952"/>
                  </criteriaReference>
               </precondition>
            </cql-ext:supplementalDataElement>
         </component>
         <component typeCode="COMP">
            <cql-ext:supplementalDataElement>
               <id extension="Supplemental Data Elements"
                   root="975a3c9d-c55c-44b2-877e-7308949bd316"/>
               <code code="SDE"
                     codeSystem="2.16.840.1.113883.5.4"
                     codeSystemName="Act Code"/>
               <precondition typeCode="PRCN">
                  <criteriaReference classCode="OBS" moodCode="EVN">
                     <id extension="CMS142DRCommWithPhysicianManagingDiabetesQDM.&quot;SDE Sex&quot;"
                         root="fded3a5e-ef87-48c2-abb1-dfc7e4ae0952"/>
                  </criteriaReference>
               </precondition>
            </cql-ext:supplementalDataElement>
         </component>
      </populationCriteriaSection>
   </component>
</QualityMeasureDocument>
