<?xml version="1.0" encoding="UTF-8" standalone="yes"?>
<QualityMeasureDocument xmlns="urn:hl7-org:v3" xmlns:cql-ext="urn:hhs-cql:hqmf-n1-extensions:v1"
                        xmlns:xsi="http://www.w3.org/2001/XMLSchema-instance">

      <!--
            **************************************************************
            Measure Details Section
            **************************************************************
        -->

      <typeId extension="POQM_HD000001UV02" root="2.16.840.1.113883.1.3"/>
   <templateId>
      <item extension="2021-02-01" root="2.16.840.1.113883.10.20.28.1.2"/>
   </templateId>
   <id root="2c928082-7fac-c041-017f-e1110496119a"/>
   <code code="57024-2" codeSystem="2.16.840.1.113883.6.1">
      <displayName value="Health Quality Measure Document"/>
   </code>
   <title value="Functional Status Assessments for Heart Failure"/>
   <text
         value="Percentage of patients 18 years of age and older with heart failure who completed initial and follow-up patient-reported functional status assessments"/>
   <statusCode code="COMPLETED"/>
   <setId root="bb9b8ef7-0354-40e0-bec7-d6891b7df519"/>
   <versionNumber value="12.1.000"/>
   <author>
      <responsibleParty classCode="ASSIGNED">
         <representedResponsibleOrganization classCode="ORG" determinerCode="INSTANCE">
            <id>
               <item root="2.16.840.1.113883.3.464"/>
            </id>
            <name>
               <item>
                  <part value="National Committee for Quality Assurance"/>
               </item>
            </name>
         </representedResponsibleOrganization>
      </responsibleParty>
   </author>
   <custodian>
      <responsibleParty classCode="ASSIGNED">
         <representedResponsibleOrganization classCode="ORG" determinerCode="INSTANCE">
            <id>
               <item root="93"/>
            </id>
            <name>
               <item>
                  <part value="Centers for Medicare &amp; Medicaid Services (CMS)"/>
               </item>
            </name>
         </representedResponsibleOrganization>
      </responsibleParty>
   </custodian>
   <!--Encounter Inpatient-->
     	 <definition>
      <valueSet classCode="OBS" moodCode="DEF">
         <id root="2.16.840.1.113883.3.666.5.307"/>
         <title value="Encounter Inpatient"/>
      </valueSet>
   </definition>
   <!--Payer-->
     	 <definition>
      <valueSet classCode="OBS" moodCode="DEF">
         <id root="2.16.840.1.114222.4.11.3591"/>
         <title value="Payer"/>
      </valueSet>
   </definition>
   <!--Hospice Care Ambulatory-->
     	 <definition>
      <valueSet classCode="OBS" moodCode="DEF">
         <id root="2.16.840.1.113883.3.526.3.1584"/>
         <title value="Hospice Care Ambulatory"/>
      </valueSet>
   </definition>
   <!--ONC Administrative Sex-->
     	 <definition>
      <valueSet classCode="OBS" moodCode="DEF">
         <id root="2.16.840.1.113762.1.4.1"/>
         <title value="ONC Administrative Sex"/>
      </valueSet>
   </definition>
   <!--Ethnicity-->
     	 <definition>
      <valueSet classCode="OBS" moodCode="DEF">
         <id root="2.16.840.1.114222.4.11.837"/>
         <title value="Ethnicity"/>
      </valueSet>
   </definition>
   <!--Hospice Encounter-->
     	 <definition>
      <valueSet classCode="OBS" moodCode="DEF">
         <id root="2.16.840.1.113883.3.464.1003.1003"/>
         <title value="Hospice Encounter"/>
      </valueSet>
   </definition>
   <!--Race-->
     	 <definition>
      <valueSet classCode="OBS" moodCode="DEF">
         <id root="2.16.840.1.114222.4.11.836"/>
         <title value="Race"/>
      </valueSet>
   </definition>
   <!--Heart Failure-->
     	 <definition>
      <valueSet classCode="OBS" moodCode="DEF">
         <id root="2.16.840.1.113883.3.526.3.376"/>
         <title value="Heart Failure"/>
      </valueSet>
   </definition>
   <!--Telephone Visits-->
     	 <definition>
      <valueSet classCode="OBS" moodCode="DEF">
         <id root="2.16.840.1.113883.3.464.1003.101.12.1080"/>
         <title value="Telephone Visits"/>
      </valueSet>
   </definition>
   <!--Online Assessments-->
     	 <definition>
      <valueSet classCode="OBS" moodCode="DEF">
         <id root="2.16.840.1.113883.3.464.1003.101.12.1089"/>
         <title value="Online Assessments"/>
      </valueSet>
   </definition>
   <!--Office Visit-->
     	 <definition>
      <valueSet classCode="OBS" moodCode="DEF">
         <id root="2.16.840.1.113883.3.464.1003.101.12.1001"/>
         <title value="Office Visit"/>
      </valueSet>
   </definition>
   <!--Quality of life score [KCCQ]-CODE:/CodeSystem/LOINC/Version/2.71/Code/72189-4/Info-->
      <definition>
      <cql-ext:code code="72189-4" codeSystem="2.16.840.1.113883.6.1" codeSystemName="LOINC">
         <displayName value="Quality of life score [KCCQ]"/>
      </cql-ext:code>
   </definition>
   <!--PROMIS-29 Fatigue score T-score-CODE:/CodeSystem/LOINC/Version/2.71/Code/71963-3/Info-->
      <definition>
      <cql-ext:code code="71963-3" codeSystem="2.16.840.1.113883.6.1" codeSystemName="LOINC">
         <displayName value="PROMIS-29 Fatigue score T-score"/>
      </cql-ext:code>
   </definition>
   <!--PROMIS-29 Physical function score T-score-CODE:/CodeSystem/LOINC/Version/2.71/Code/71959-1/Info-->
      <definition>
      <cql-ext:code code="71959-1" codeSystem="2.16.840.1.113883.6.1" codeSystemName="LOINC">
         <displayName value="PROMIS-29 Physical function score T-score"/>
      </cql-ext:code>
   </definition>
   <!--Physical score [MLHFQ]-CODE:/CodeSystem/LOINC/Version/2.71/Code/85618-7/Info-->
      <definition>
      <cql-ext:code code="85618-7" codeSystem="2.16.840.1.113883.6.1" codeSystemName="LOINC">
         <displayName value="Physical score [MLHFQ]"/>
      </cql-ext:code>
   </definition>
   <!--Self-efficacy score [KCCQ]-CODE:/CodeSystem/LOINC/Version/2.71/Code/72190-2/Info-->
      <definition>
      <cql-ext:code code="72190-2" codeSystem="2.16.840.1.113883.6.1" codeSystemName="LOINC">
         <displayName value="Self-efficacy score [KCCQ]"/>
      </cql-ext:code>
   </definition>
   <!--Total symptom score [KCCQ]-CODE:/CodeSystem/LOINC/Version/2.71/Code/72191-0/Info-->
      <definition>
      <cql-ext:code code="72191-0" codeSystem="2.16.840.1.113883.6.1" codeSystemName="LOINC">
         <displayName value="Total symptom score [KCCQ]"/>
      </cql-ext:code>
   </definition>
   <!--Severe dementia (disorder)-CODE:/CodeSystem/SNOMEDCT/Version/2021-09/Code/428351000124105/Info-->
      <definition>
      <cql-ext:code code="428351000124105" codeSystem="2.16.840.1.113883.6.96"
                    codeSystemName="SNOMEDCT">
         <displayName value="Severe dementia (disorder)"/>
      </cql-ext:code>
   </definition>
   <!--VR-36 Physical component summary (PCS) score - oblique method T-score-CODE:/CodeSystem/LOINC/Version/2.71/Code/71989-8/Info-->
      <definition>
      <cql-ext:code code="71989-8" codeSystem="2.16.840.1.113883.6.1" codeSystemName="LOINC">
         <displayName value="VR-36 Physical component summary (PCS) score - oblique method T-score"/>
      </cql-ext:code>
   </definition>
   <!--PROMIS-29 Satisfaction with participation in social roles score T-score-CODE:/CodeSystem/LOINC/Version/2.71/Code/71957-5/Info-->
      <definition>
      <cql-ext:code code="71957-5" codeSystem="2.16.840.1.113883.6.1" codeSystemName="LOINC">
         <displayName value="PROMIS-29 Satisfaction with participation in social roles score T-score"/>
      </cql-ext:code>
   </definition>
   <!--PROMIS-29 Pain interference score T-score-CODE:/CodeSystem/LOINC/Version/2.71/Code/71961-7/Info-->
      <definition>
      <cql-ext:code code="71961-7" codeSystem="2.16.840.1.113883.6.1" codeSystemName="LOINC">
         <displayName value="PROMIS-29 Pain interference score T-score"/>
      </cql-ext:code>
   </definition>
   <!--VR-36 Mental component summary (MCS) score - oblique method T-score-CODE:/CodeSystem/LOINC/Version/2.71/Code/71990-6/Info-->
      <definition>
      <cql-ext:code code="71990-6" codeSystem="2.16.840.1.113883.6.1" codeSystemName="LOINC">
         <displayName value="VR-36 Mental component summary (MCS) score - oblique method T-score"/>
      </cql-ext:code>
   </definition>
   <!--PROMIS-29 Depression score T-score-CODE:/CodeSystem/LOINC/Version/2.71/Code/71965-8/Info-->
      <definition>
      <cql-ext:code code="71965-8" codeSystem="2.16.840.1.113883.6.1" codeSystemName="LOINC">
         <displayName value="PROMIS-29 Depression score T-score"/>
      </cql-ext:code>
   </definition>
   <!--VR-12 Mental component summary (MCS) score - oblique method T-score-CODE:/CodeSystem/LOINC/Version/2.71/Code/72026-8/Info-->
      <definition>
      <cql-ext:code code="72026-8" codeSystem="2.16.840.1.113883.6.1" codeSystemName="LOINC">
         <displayName value="VR-12 Mental component summary (MCS) score - oblique method T-score"/>
      </cql-ext:code>
   </definition>
   <!--Emotional score [MLHFQ]-CODE:/CodeSystem/LOINC/Version/2.71/Code/85609-6/Info-->
      <definition>
      <cql-ext:code code="85609-6" codeSystem="2.16.840.1.113883.6.1" codeSystemName="LOINC">
         <displayName value="Emotional score [MLHFQ]"/>
      </cql-ext:code>
   </definition>
   <!--Hospice care [Minimum Data Set]-CODE:/CodeSystem/LOINC/Version/2.71/Code/45755-6/Info-->
      <definition>
      <cql-ext:code code="45755-6" codeSystem="2.16.840.1.113883.6.1" codeSystemName="LOINC">
         <displayName value="Hospice care [Minimum Data Set]"/>
      </cql-ext:code>
   </definition>
   <!--VR-36 Physical component summary (PCS) score - orthogonal method T-score-CODE:/CodeSystem/LOINC/Version/2.71/Code/72007-8/Info-->
      <definition>
      <cql-ext:code code="72007-8" codeSystem="2.16.840.1.113883.6.1" codeSystemName="LOINC">
         <displayName value="VR-36 Physical component summary (PCS) score - orthogonal method T-score"/>
      </cql-ext:code>
   </definition>
   <!--PROMIS-29 Anxiety score T-score-CODE:/CodeSystem/LOINC/Version/2.71/Code/71967-4/Info-->
      <definition>
      <cql-ext:code code="71967-4" codeSystem="2.16.840.1.113883.6.1" codeSystemName="LOINC">
         <displayName value="PROMIS-29 Anxiety score T-score"/>
      </cql-ext:code>
   </definition>
   <!--Overall summary score [KCCQ]-CODE:/CodeSystem/LOINC/Version/2.71/Code/71940-1/Info-->
      <definition>
      <cql-ext:code code="71940-1" codeSystem="2.16.840.1.113883.6.1" codeSystemName="LOINC">
         <displayName value="Overall summary score [KCCQ]"/>
      </cql-ext:code>
   </definition>
   <!--Overall summary score [KCCQ-12]-CODE:/CodeSystem/LOINC/Version/2.71/Code/86924-8/Info-->
      <definition>
      <cql-ext:code code="86924-8" codeSystem="2.16.840.1.113883.6.1" codeSystemName="LOINC">
         <displayName value="Overall summary score [KCCQ-12]"/>
      </cql-ext:code>
   </definition>
   <!--PROMIS-10 Global Physical Health (GPH) score T-score-CODE:/CodeSystem/LOINC/Version/2.71/Code/71971-6/Info-->
      <definition>
      <cql-ext:code code="71971-6" codeSystem="2.16.840.1.113883.6.1" codeSystemName="LOINC">
         <displayName value="PROMIS-10 Global Physical Health (GPH) score T-score"/>
      </cql-ext:code>
   </definition>
   <!--VR-12 Physical component summary (PCS) score - orthogonal method T-score-CODE:/CodeSystem/LOINC/Version/2.71/Code/72027-6/Info-->
      <definition>
      <cql-ext:code code="72027-6" codeSystem="2.16.840.1.113883.6.1" codeSystemName="LOINC">
         <displayName value="VR-12 Physical component summary (PCS) score - orthogonal method T-score"/>
      </cql-ext:code>
   </definition>
   <!--Social limitation score [KCCQ]-CODE:/CodeSystem/LOINC/Version/2.71/Code/72196-9/Info-->
      <definition>
      <cql-ext:code code="72196-9" codeSystem="2.16.840.1.113883.6.1" codeSystemName="LOINC">
         <displayName value="Social limitation score [KCCQ]"/>
      </cql-ext:code>
   </definition>
   <!--Symptom stability score [KCCQ]-CODE:/CodeSystem/LOINC/Version/2.71/Code/72194-4/Info-->
      <definition>
      <cql-ext:code code="72194-4" codeSystem="2.16.840.1.113883.6.1" codeSystemName="LOINC">
         <displayName value="Symptom stability score [KCCQ]"/>
      </cql-ext:code>
   </definition>
   <!--PROMIS-29 Sleep disturbance score T-score-CODE:/CodeSystem/LOINC/Version/2.71/Code/71955-9/Info-->
      <definition>
      <cql-ext:code code="71955-9" codeSystem="2.16.840.1.113883.6.1" codeSystemName="LOINC">
         <displayName value="PROMIS-29 Sleep disturbance score T-score"/>
      </cql-ext:code>
   </definition>
   <!--VR-36 Mental component summary (MCS) score - orthogonal method T-score-CODE:/CodeSystem/LOINC/Version/2.71/Code/72008-6/Info-->
      <definition>
      <cql-ext:code code="72008-6" codeSystem="2.16.840.1.113883.6.1" codeSystemName="LOINC">
         <displayName value="VR-36 Mental component summary (MCS) score - orthogonal method T-score"/>
      </cql-ext:code>
   </definition>
   <!--VR-12 Mental component summary (MCS) score - orthogonal method T-score-CODE:/CodeSystem/LOINC/Version/2.71/Code/72028-4/Info-->
      <definition>
      <cql-ext:code code="72028-4" codeSystem="2.16.840.1.113883.6.1" codeSystemName="LOINC">
         <displayName value="VR-12 Mental component summary (MCS) score - orthogonal method T-score"/>
      </cql-ext:code>
   </definition>
   <!--VR-12 Physical component summary (PCS) score - oblique method T-score-CODE:/CodeSystem/LOINC/Version/2.71/Code/72025-0/Info-->
      <definition>
      <cql-ext:code code="72025-0" codeSystem="2.16.840.1.113883.6.1" codeSystemName="LOINC">
         <displayName value="VR-12 Physical component summary (PCS) score - oblique method T-score"/>
      </cql-ext:code>
   </definition>
   <!--PROMIS-10 Global Mental Health (GMH) score T-score-CODE:/CodeSystem/LOINC/Version/2.71/Code/71969-0/Info-->
      <definition>
      <cql-ext:code code="71969-0" codeSystem="2.16.840.1.113883.6.1" codeSystemName="LOINC">
         <displayName value="PROMIS-10 Global Mental Health (GMH) score T-score"/>
      </cql-ext:code>
   </definition>
   <!--Kansas City Cardiomyopathy Questionnaire - 12 item [KCCQ-12]-CODE:/CodeSystem/LOINC/Version/2.71/Code/86923-0/Info-->
      <definition>
      <cql-ext:code code="86923-0" codeSystem="2.16.840.1.113883.6.1" codeSystemName="LOINC">
         <displayName value="Kansas City Cardiomyopathy Questionnaire - 12 item [KCCQ-12]"/>
      </cql-ext:code>
   </definition>
   <!--Physical limitation score [KCCQ]-CODE:/CodeSystem/LOINC/Version/2.71/Code/72195-1/Info-->
      <definition>
      <cql-ext:code code="72195-1" codeSystem="2.16.840.1.113883.6.1" codeSystemName="LOINC">
         <displayName value="Physical limitation score [KCCQ]"/>
      </cql-ext:code>
   </definition>
   <!--Discharge to home for hospice care (procedure)-CODE:/CodeSystem/SNOMEDCT/Version/2021-09/Code/428361000124107/Info-->
      <definition>
      <cql-ext:code code="428361000124107" codeSystem="2.16.840.1.113883.6.96"
                    codeSystemName="SNOMEDCT">
         <displayName value="Discharge to home for hospice care (procedure)"/>
      </cql-ext:code>
   </definition>
   <!--Discharge to healthcare facility for hospice care (procedure)-CODE:/CodeSystem/SNOMEDCT/Version/2021-09/Code/428371000124100/Info-->
      <definition>
      <cql-ext:code code="428371000124100" codeSystem="2.16.840.1.113883.6.96"
                    codeSystemName="SNOMEDCT">
         <displayName value="Discharge to healthcare facility for hospice care (procedure)"/>
      </cql-ext:code>
   </definition>
   <!--Yes (qualifier value)-CODE:/CodeSystem/SNOMEDCT/Version/2021-09/Code/373066001/Info-->
      <definition>
      <cql-ext:code code="373066001" codeSystem="2.16.840.1.113883.6.96" codeSystemName="SNOMEDCT">
         <displayName value="Yes (qualifier value)"/>
      </cql-ext:code>
   </definition>
   <relatedDocument typeCode="COMP">
      <expressionDocument>
         <id root="44AED04E-08B9-44DB-9552-C75BDBA8F8DF"/>
         <text mediaType="text/cql">
            <reference value="https://emeasuretool.cms.gov/libraries/bb9b8ef7-0354-40e0-bec7-d6891b7df519/CMS90-v12-1-000-QDM-5-6.cql"/>
            <translation mediaType="application/elm+xml">
               <reference value="https://emeasuretool.cms.gov/libraries/bb9b8ef7-0354-40e0-bec7-d6891b7df519/CMS90-v12-1-000-QDM-5-6.xml"/>
            </translation>
            <translation mediaType="application/elm+json">
               <reference value="https://emeasuretool.cms.gov/libraries/bb9b8ef7-0354-40e0-bec7-d6891b7df519/CMS90-v12-1-000-QDM-5-6.json"/>
            </translation>
         </text>
         <setId extension="bb9b8ef7-0354-40e0-bec7-d6891b7df519"
                identifierName="FunctionalStatusAssessmentsforHeartFailure"
                root="https://emeasuretool.cms.gov/libraries"/>
         <versionNumber value="12.1.000"/>
      </expressionDocument>
   </relatedDocument>
   <relatedDocument typeCode="COMP">
      <expressionDocument>
         <id root="2c9280857b2aeb52017b5f8b96c31ff8"/>
         <text mediaType="text/cql">
            <reference value="https://emeasuretool.cms.gov/libraries/8bdc0a19-b210-4a58-8a07-f5d95a34eca9/MATGlobalCommonFunctions-v7-0-000-QDM-5-6.cql"/>
            <translation mediaType="application/elm+xml">
               <reference value="https://emeasuretool.cms.gov/libraries/8bdc0a19-b210-4a58-8a07-f5d95a34eca9/MATGlobalCommonFunctions-v7-0-000-QDM-5-6.xml"/>
            </translation>
            <translation mediaType="application/elm+json">
               <reference value="https://emeasuretool.cms.gov/libraries/8bdc0a19-b210-4a58-8a07-f5d95a34eca9/MATGlobalCommonFunctions-v7-0-000-QDM-5-6.json"/>
            </translation>
         </text>
         <setId extension="8bdc0a19-b210-4a58-8a07-f5d95a34eca9"
                identifierName="MATGlobalCommonFunctions"
                root="https://emeasuretool.cms.gov/libraries"/>
         <versionNumber value="7.0.000"/>
      </expressionDocument>
   </relatedDocument>
   <relatedDocument typeCode="COMP">
      <expressionDocument>
         <id root="2c9280827eb12de9017f46ba134b37d9"/>
         <text mediaType="text/cql">
            <reference value="https://emeasuretool.cms.gov/libraries/64299b80-f383-4dc9-82e4-d6ef0b271b11/Hospice-v4-0-000-QDM-5-6.cql"/>
            <translation mediaType="application/elm+xml">
               <reference value="https://emeasuretool.cms.gov/libraries/64299b80-f383-4dc9-82e4-d6ef0b271b11/Hospice-v4-0-000-QDM-5-6.xml"/>
            </translation>
            <translation mediaType="application/elm+json">
               <reference value="https://emeasuretool.cms.gov/libraries/64299b80-f383-4dc9-82e4-d6ef0b271b11/Hospice-v4-0-000-QDM-5-6.json"/>
            </translation>
         </text>
         <setId extension="64299b80-f383-4dc9-82e4-d6ef0b271b11" identifierName="Hospice"
                root="https://emeasuretool.cms.gov/libraries"/>
         <versionNumber value="4.0.000"/>
      </expressionDocument>
   </relatedDocument>
   <controlVariable>
      <measurePeriod>
         <id extension="measureperiod" root="421eb8b9-56ce-4581-9624-b5be0da481b4"/>
         <code code="MSRTP" codeSystem="2.16.840.1.113883.5.4">
            <originalText value="Measurement Period"/>
         </code>
         <value xsi:type="PIVL_TS">
            <phase highClosed="true" lowClosed="true">
               <low value="20220101"/>
               <width unit="a" value="1" xsi:type="PQ"/>
            </phase>
            <period unit="a" value="1"/>
         </value>
      </measurePeriod>
   </controlVariable>
   <subjectOf>
      <measureAttribute>
         <code nullFlavor="OTH">
            <originalText value="eCQM Identifier (Measure Authoring Tool)"/>
         </code>
         <value mediaType="text/plain" value="90" xsi:type="ED"/>
      </measureAttribute>
   </subjectOf>
   <subjectOf>
      <measureAttribute>
         <code nullFlavor="OTH">
            <originalText value="NQF Number"/>
         </code>
         <value mediaType="text/plain" value="Not Applicable" xsi:type="ED"/>
      </measureAttribute>
   </subjectOf>
   <subjectOf>
      <measureAttribute>
         <code code="COPY" codeSystem="2.16.840.1.113883.5.4">
            <displayName value="Copyright"/>
         </code>
         <value mediaType="text/plain"
                value="This Physician Performance Measure (Measure) and related data specifications are owned and stewarded by the Centers for Medicare &amp; Medicaid Services (CMS). CMS contracted (Contract HHSP23320095627WC; HHSP23337008T) with the National Committee for Quality Assurance (NCQA) to develop this electronic measure. NCQA is not responsible for any use of the Measure. NCQA makes no representations, warranties, or endorsement about the quality of any organization or physician that uses or reports performance measures and NCQA has no liability to anyone who relies on such measures or specifications.&#xA;&#xA;Limited proprietary coding is contained in the Measure specifications for user convenience. Users of proprietary code sets should obtain all necessary licenses from the owners of the code sets. NCQA disclaims all liability for use or accuracy of any third party codes contained in the specifications.&#xA;&#xA;CPT(R) contained in the Measure specifications is copyright 2004-2021 American Medical Association. LOINC(R) copyright 2004-2021 Regenstrief Institute, Inc. This material contains SNOMED Clinical Terms(R) (SNOMED CT[R]) copyright 2004-2021 International Health Terminology Standards Development Organisation. ICD-10 copyright 2021 World Health Organization. All Rights Reserved."
                xsi:type="ED"/>
      </measureAttribute>
   </subjectOf>
   <subjectOf>
      <measureAttribute>
         <code code="DISC" codeSystem="2.16.840.1.113883.5.4">
            <displayName value="Disclaimer"/>
         </code>
         <value mediaType="text/plain"
                value="The performance Measure is not a clinical guideline and does not establish a standard of medical care, and has not been tested for all potential applications. THE MEASURE AND SPECIFICATIONS ARE PROVIDED &quot;AS IS&quot; WITHOUT WARRANTY OF ANY KIND.&#xA; &#xA;Due to technical limitations, registered trademarks are indicated by (R) or [R] and unregistered trademarks are indicated by (TM) or [TM]."
                xsi:type="ED"/>
      </measureAttribute>
   </subjectOf>
   <subjectOf>
      <measureAttribute>
         <code code="MSRSCORE" codeSystem="2.16.840.1.113883.5.4">
            <displayName value="Measure Scoring"/>
         </code>
         <value code="PROPOR" codeSystem="2.16.840.1.113883.5.1063" xsi:type="CD">
            <displayName value="Proportion"/>
         </value>
      </measureAttribute>
   </subjectOf>
   <subjectOf>
      <measureAttribute>
         <code code="MSRTYPE" codeSystem="2.16.840.1.113883.5.4">
            <displayName value="Measure Type"/>
         </code>
         <value code="PROCESS" codeSystem="2.16.840.1.113883.5.1063" xsi:type="CD">
            <displayName value="PROCESS"/>
         </value>
      </measureAttribute>
   </subjectOf>
   <subjectOf>
      <measureAttribute>
         <code code="STRAT" codeSystem="2.16.840.1.113883.5.4">
            <displayName value="Stratification"/>
         </code>
         <value mediaType="text/plain" value="None" xsi:type="ED"/>
      </measureAttribute>
   </subjectOf>
   <subjectOf>
      <measureAttribute>
         <code code="MSRADJ" codeSystem="2.16.840.1.113883.5.4">
            <displayName value="Risk Adjustment"/>
         </code>
         <value mediaType="text/plain" value="None" xsi:type="ED"/>
      </measureAttribute>
   </subjectOf>
   <subjectOf>
      <measureAttribute>
         <code code="MSRAGG" codeSystem="2.16.840.1.113883.5.4">
            <displayName value="Rate Aggregation"/>
         </code>
         <value mediaType="text/plain" value="None" xsi:type="ED"/>
      </measureAttribute>
   </subjectOf>
   <subjectOf>
      <measureAttribute>
         <code code="RAT" codeSystem="2.16.840.1.113883.5.4">
            <displayName value="Rationale"/>
         </code>
         <value mediaType="text/plain"
                value="Patients living with heart failure often have poor functional status and health-related quality of life, which declines as the disease progresses (Allen et al., 2012). In addition, their care is often complicated by multiple comorbidities. To assist in managing these complex patients, the American College of Cardiology Foundation and American Heart Association recommend collecting initial and repeat assessments of a patient's function and ability to complete desired activities of daily living (Hunt et al., 2009). The American Heart Association has also released scientific statements emphasizing the collection of patient-reported health status (for example, functional limitations, symptom burden, quality of life) from heart failure patients as an important means of establishing a dynamic conversation between patient and provider regarding care goals and the patient's priorities (Allen et al., 2012; Rumsfeld et al., 2013)."
                xsi:type="ED"/>
      </measureAttribute>
   </subjectOf>
   <subjectOf>
      <measureAttribute>
         <code code="CRS" codeSystem="2.16.840.1.113883.5.4">
            <displayName value="Clinical Recommendation Statement"/>
         </code>
         <value mediaType="text/plain"
                value="American College of Cardiology Foundation and American Heart Association (2013): While this guideline does not explicitly recommend the use of patient-reported functional status or quality of life assessments (such as the Kansas City Cardiomyopathy Questionnaire or Minnesota Living with Heart Failure Questionnaire), it does “refer to meaningful survival a state in which HRQOL [health-related quality of life] is satisfactory to the patient.” The guideline also includes quality of life assessments in its description of a detailed plan of care for patients with chronic heart failure."
                xsi:type="ED"/>
      </measureAttribute>
   </subjectOf>
   <subjectOf>
      <measureAttribute>
         <code code="IDUR" codeSystem="2.16.840.1.113883.5.4">
            <displayName value="Improvement Notation"/>
         </code>
         <value mediaType="text/plain" value="A higher score indicates better quality"
                xsi:type="ED"/>
      </measureAttribute>
   </subjectOf>
   <subjectOf>
      <measureAttribute>
         <code code="REF" codeSystem="2.16.840.1.113883.5.4">
            <displayName value="Reference"/>
         </code>
         <value mediaType="text/plain"
                value="CITATIONAllen, L. A., Stevenson, L. W., Grady, K. L., et al. (2012). Decision Making in Advanced Heart Failure: A Scientific Statement from the American Heart Association. Circulation, 125(15), 1928-1952. doi: 10.1161/CIR.0b013e31824f2173"
                xsi:type="ED"/>
      </measureAttribute>
   </subjectOf>
   <subjectOf>
      <measureAttribute>
         <code code="REF" codeSystem="2.16.840.1.113883.5.4">
            <displayName value="Reference"/>
         </code>
         <value mediaType="text/plain"
                value="CITATIONAmerican College of Cardiology Foundation &amp; American Heart Association. (2013). Guideline for the Management of Heart Failure: A report of the American College of Cardiology Foundation/American Heart Association Task Force on Practice Guidelines. Circulation, 128(16), e240-e327. doi: 10.1161/CIR.0b013e31829e8776"
                xsi:type="ED"/>
      </measureAttribute>
   </subjectOf>
   <subjectOf>
      <measureAttribute>
         <code code="REF" codeSystem="2.16.840.1.113883.5.4">
            <displayName value="Reference"/>
         </code>
         <value mediaType="text/plain"
                value="CITATIONHunt, S. A., Abraham, W. T., Chin, M. H., et al. (2009). 2009 Focused Update Incorporated into the ACC/AHA 2005 Guidelines for the Diagnosis and Management of Heart Failure in Adults. Circulation, 119(14), e391-e479. doi: 10.1161/CIRCULATIONAHA.109.192065"
                xsi:type="ED"/>
      </measureAttribute>
   </subjectOf>
   <subjectOf>
      <measureAttribute>
         <code code="REF" codeSystem="2.16.840.1.113883.5.4">
            <displayName value="Reference"/>
         </code>
         <value mediaType="text/plain"
                value="CITATIONRumsfeld, J. S., Alexander, K. P., Goff, D. C., et al. (2013). Cardiovascular health: The Importance of Measuring Patient-Reported Health Status: A Scientific Statement from the American Heart Association. Circulation, 127(22), 2233-2249. doi: 10.1161/CIR.0b013e3182949a2e"
                xsi:type="ED"/>
      </measureAttribute>
   </subjectOf>
   <subjectOf>
      <measureAttribute>
         <code code="DEF" codeSystem="2.16.840.1.113883.5.4">
            <displayName value="Definition"/>
         </code>
         <value mediaType="text/plain" value="None" xsi:type="ED"/>
      </measureAttribute>
   </subjectOf>
   <subjectOf>
      <measureAttribute>
         <code code="GUIDE" codeSystem="2.16.840.1.113883.5.4">
            <displayName value="Guidance"/>
         </code>
         <value mediaType="text/plain"
                value="Initial functional status assessment (FSA) and encounter: The initial FSA is an FSA that occurs within two weeks before or during an encounter, in the 180 days or more before the end of the measurement period.&#xA;&#xA;Follow-up FSA: The follow-up FSA must be completed at least 30 days but no more than 180 days after the initial FSA.&#xA;&#xA;The same FSA instrument must be used for the initial and follow-up assessment.&#xA;&#xA;This eCQM is a patient-based measure.&#xA;&#xA;This version of the eCQM uses QDM version 5.6. Please refer to the eCQI resource center (https://ecqi.healthit.gov/qdm) for more information on the QDM."
                xsi:type="ED"/>
      </measureAttribute>
   </subjectOf>
   <subjectOf>
      <measureAttribute>
         <code code="TRANF" codeSystem="2.16.840.1.113883.5.4">
            <displayName value="Transmission Format"/>
         </code>
         <value mediaType="text/plain" value="TBD" xsi:type="ED"/>
      </measureAttribute>
   </subjectOf>
   <subjectOf>
      <measureAttribute>
         <code code="IPOP" codeSystem="2.16.840.1.113883.5.4">
            <displayName value="Initial Population"/>
         </code>
         <value mediaType="text/plain"
                value="Patients 18 years of age and older who had two outpatient encounters during the measurement period and a diagnosis of heart failure that starts any time before and continues into the measurement period."
                xsi:type="ED"/>
      </measureAttribute>
   </subjectOf>
   <subjectOf>
      <measureAttribute>
         <code code="DENOM" codeSystem="2.16.840.1.113883.5.4">
            <displayName value="Denominator"/>
         </code>
         <value mediaType="text/plain" value="Equals Initial Population" xsi:type="ED"/>
      </measureAttribute>
   </subjectOf>
   <subjectOf>
      <measureAttribute>
         <code code="DENEX" codeSystem="2.16.840.1.113883.5.4">
            <displayName value="Denominator Exclusions"/>
         </code>
         <value mediaType="text/plain"
                value="Exclude patients with severe cognitive impairment in any part of the measurement period.&#xA;&#xA;Exclude patients who are in hospice care for any part of the measurement period."
                xsi:type="ED"/>
      </measureAttribute>
   </subjectOf>
   <subjectOf>
      <measureAttribute>
         <code code="NUMER" codeSystem="2.16.840.1.113883.5.4">
            <displayName value="Numerator"/>
         </code>
         <value mediaType="text/plain"
                value="Patients with patient-reported functional status assessment results (i.e., Veterans RAND 12-item health survey [VR-12]; VR-36; Kansas City Cardiomyopathy Questionnaire [KCCQ]; KCCQ-12; Minnesota Living with Heart Failure Questionnaire [MLHFQ]; Patient-Reported Outcomes Measurement Information System [PROMIS]-10 Global Health, PROMIS-29) present in the EHR within two weeks before or during the initial FSA encounter and results for the follow-up FSA at least 30 days but no more than 180 days after the initial FSA"
                xsi:type="ED"/>
      </measureAttribute>
   </subjectOf>
   <subjectOf>
      <measureAttribute>
         <code code="NUMEX" codeSystem="2.16.840.1.113883.5.4">
            <displayName value="Numerator Exclusions"/>
         </code>
         <value mediaType="text/plain" value="Not Applicable" xsi:type="ED"/>
      </measureAttribute>
   </subjectOf>
   <subjectOf>
      <measureAttribute>
         <code code="DENEXCEP" codeSystem="2.16.840.1.113883.5.4">
            <displayName value="Denominator Exceptions"/>
         </code>
         <value mediaType="text/plain" value="None" xsi:type="ED"/>
      </measureAttribute>
   </subjectOf>
   <subjectOf>
      <measureAttribute>
         <code code="SDE" codeSystem="2.16.840.1.113883.5.4">
            <displayName value="Supplemental Data Elements"/>
         </code>
         <value mediaType="text/plain"
                value="For every patient evaluated by this measure also identify payer, race, ethnicity and sex"
                xsi:type="ED"/>
      </measureAttribute>
   </subjectOf>
   <componentOf>
      <qualityMeasureSet classCode="ACT">
         <id root="bb9b8ef7-0354-40e0-bec7-d6891b7df519"/>
         <title value="None"/>
      </qualityMeasureSet>
   </componentOf>
   <!--Data Criteria Section-->
   <component>
      <dataCriteriaSection>
         <templateId>
            <item extension="2021-02-01" root="2.16.840.1.113883.10.20.28.2.6"/>
         </templateId>
         <code code="57025-9" codeSystem="2.16.840.1.113883.6.1"/>
         <title value="Data Criteria Section"/>
         <text/>
         <entry typeCode="DRIV">
            <localVariableName value="EncounterInpatient_EncounterPerformed_WWT7B"/>
            <encounterCriteria classCode="ENC" moodCode="EVN">
               <templateId>
                  <item extension="2021-02-01" root="2.16.840.1.113883.10.20.28.4.5"/>
               </templateId>
               <id extension="EncounterInpatient_EncounterPerformed"
                   root="59c3933e-c568-4119-b89d-c29b7c752ef3"/>
               <code valueSet="2.16.840.1.113883.3.666.5.307"/>
               <title value="Encounter, Performed"/>
               <statusCode code="COMPLETED"/>
            </encounterCriteria>
         </entry>
         <entry typeCode="DRIV">
            <localVariableName value="Payer_PatientCharacteristicPayer_syo0V"/>
            <observationCriteria classCode="OBS" moodCode="EVN">
               <templateId>
                  <item extension="2017-05-01" root="2.16.840.1.113883.10.20.28.4.58"/>
               </templateId>
               <id extension="Payer_PatientCharacteristicPayer"
                   root="7593a808-b444-4019-86c5-7fd354bbdf67"/>
               <code code="48768-6" codeSystem="2.16.840.1.113883.6.1" codeSystemName="LOINC">
                  <displayName value="Payer"/>
               </code>
               <title value="Patient Characteristic Payer"/>
               <statusCode code="COMPLETED"/>
               <value valueSet="2.16.840.1.114222.4.11.3591" xsi:type="CD"/>
            </observationCriteria>
         </entry>
         <entry typeCode="DRIV">
            <localVariableName value="HospiceCareAmbulatory_InterventionOrder_qa7CP"/>
            <actCriteria classCode="ACT" moodCode="RQO">
               <templateId>
                  <item extension="2021-02-01" root="2.16.840.1.113883.10.20.28.4.35"/>
               </templateId>
               <id extension="HospiceCareAmbulatory_InterventionOrder"
                   root="1a2e5eaf-2061-42da-a70b-5906364289a2"/>
               <code valueSet="2.16.840.1.113883.3.526.3.1584"/>
               <title value="Intervention, Order"/>
               <statusCode code="ACTIVE"/>
            </actCriteria>
         </entry>
         <entry typeCode="DRIV">
            <localVariableName value="HospiceCareAmbulatory_InterventionPerformed_NIsGi"/>
            <actCriteria classCode="ACT" moodCode="EVN">
               <templateId>
                  <item extension="2021-02-01" root="2.16.840.1.113883.10.20.28.4.36"/>
               </templateId>
               <id extension="HospiceCareAmbulatory_InterventionPerformed"
                   root="1a2e5eaf-2061-42da-a70b-5906364289a2"/>
               <code valueSet="2.16.840.1.113883.3.526.3.1584"/>
               <title value="Intervention, Performed"/>
               <statusCode code="COMPLETED"/>
            </actCriteria>
         </entry>
         <entry typeCode="DRIV">
            <localVariableName value="ONCAdministrativeSex_PatientCharacteristicSex_Fn7sa"/>
            <observationCriteria classCode="OBS" moodCode="EVN">
               <templateId>
                  <item extension="2017-05-01" root="2.16.840.1.113883.10.20.28.4.55"/>
               </templateId>
               <id extension="ONCAdministrativeSex_PatientCharacteristicSex"
                   root="7be55f89-3063-4d05-9aad-cd9105edcf1c"/>
               <code code="263495000" codeSystem="2.16.840.1.113883.6.96" codeSystemName="SNOMED CT">
                  <displayName value="Gender"/>
               </code>
               <title value="Patient Characteristic Sex"/>
               <statusCode code="COMPLETED"/>
               <value valueSet="2.16.840.1.113762.1.4.1" xsi:type="CD"/>
            </observationCriteria>
         </entry>
         <entry typeCode="DRIV">
            <localVariableName value="Ethnicity_PatientCharacteristicEthnicity_9O6Tu"/>
            <observationCriteria classCode="OBS" moodCode="EVN">
               <templateId>
                  <item extension="2017-05-01" root="2.16.840.1.113883.10.20.28.4.56"/>
               </templateId>
               <id extension="Ethnicity_PatientCharacteristicEthnicity"
                   root="4855eaa5-6877-4661-8af2-b470daf096d7"/>
               <code code="54133-4" codeSystem="2.16.840.1.113883.6.1" codeSystemName="LOINC">
                  <displayName value="Ethnicity"/>
               </code>
               <title value="Patient Characteristic Ethnicity"/>
               <statusCode code="COMPLETED"/>
               <value valueSet="2.16.840.1.114222.4.11.837" xsi:type="CD"/>
            </observationCriteria>
         </entry>
         <entry typeCode="DRIV">
            <localVariableName value="HospiceEncounter_EncounterPerformed_yu4nb"/>
            <encounterCriteria classCode="ENC" moodCode="EVN">
               <templateId>
                  <item extension="2021-02-01" root="2.16.840.1.113883.10.20.28.4.5"/>
               </templateId>
               <id extension="HospiceEncounter_EncounterPerformed"
                   root="93a22f5a-a867-4e89-bb6d-f087930fc43b"/>
               <code valueSet="2.16.840.1.113883.3.464.1003.1003"/>
               <title value="Encounter, Performed"/>
               <statusCode code="COMPLETED"/>
            </encounterCriteria>
         </entry>
         <entry typeCode="DRIV">
            <localVariableName value="Race_PatientCharacteristicRace_vgv0X"/>
            <observationCriteria classCode="OBS" moodCode="EVN">
               <templateId>
                  <item extension="2017-05-01" root="2.16.840.1.113883.10.20.28.4.59"/>
               </templateId>
               <id extension="Race_PatientCharacteristicRace"
                   root="b54a0b75-32ab-44d0-8d34-c309272ccbd2"/>
               <code code="32624-9" codeSystem="2.16.840.1.113883.6.1" codeSystemName="LOINC">
                  <displayName value="Race"/>
               </code>
               <title value="Patient Characteristic Race"/>
               <statusCode code="COMPLETED"/>
               <value valueSet="2.16.840.1.114222.4.11.836" xsi:type="CD"/>
            </observationCriteria>
         </entry>
         <entry typeCode="DRIV">
            <localVariableName value="HeartFailure_Diagnosis_8Msq8"/>
            <observationCriteria classCode="OBS" moodCode="EVN">
               <templateId>
                  <item extension="2021-02-01" root="2.16.840.1.113883.10.20.28.4.110"/>
               </templateId>
               <id extension="HeartFailure_Diagnosis" root="99faee3a-e2b5-42d8-81af-57f491b00336"/>
               <code code="282291009" codeSystem="2.16.840.1.113883.6.96" codeSystemName="SNOMED CT">
                  <displayName value="Diagnosis"/>
               </code>
               <title value="Diagnosis"/>
               <statusCode code="COMPLETED"/>
               <value valueSet="2.16.840.1.113883.3.526.3.376" xsi:type="CD"/>
            </observationCriteria>
         </entry>
         <entry typeCode="DRIV">
            <localVariableName value="TelephoneVisits_EncounterPerformed_z5k8E"/>
            <encounterCriteria classCode="ENC" moodCode="EVN">
               <templateId>
                  <item extension="2021-02-01" root="2.16.840.1.113883.10.20.28.4.5"/>
               </templateId>
               <id extension="TelephoneVisits_EncounterPerformed"
                   root="81f8a5cf-ab45-45d1-ac26-d17efa763c7e"/>
               <code valueSet="2.16.840.1.113883.3.464.1003.101.12.1080"/>
               <title value="Encounter, Performed"/>
               <statusCode code="COMPLETED"/>
            </encounterCriteria>
         </entry>
         <entry typeCode="DRIV">
            <localVariableName value="OnlineAssessments_EncounterPerformed_tPybo"/>
            <encounterCriteria classCode="ENC" moodCode="EVN">
               <templateId>
                  <item extension="2021-02-01" root="2.16.840.1.113883.10.20.28.4.5"/>
               </templateId>
               <id extension="OnlineAssessments_EncounterPerformed"
                   root="bf048669-7575-47f1-9ebb-ee35d7218fc8"/>
               <code valueSet="2.16.840.1.113883.3.464.1003.101.12.1089"/>
               <title value="Encounter, Performed"/>
               <statusCode code="COMPLETED"/>
            </encounterCriteria>
         </entry>
         <entry typeCode="DRIV">
            <localVariableName value="OfficeVisit_EncounterPerformed_L66Pc"/>
            <encounterCriteria classCode="ENC" moodCode="EVN">
               <templateId>
                  <item extension="2021-02-01" root="2.16.840.1.113883.10.20.28.4.5"/>
               </templateId>
               <id extension="OfficeVisit_EncounterPerformed"
                   root="40280381-3e93-d1af-013e-a49caa184016"/>
               <code valueSet="2.16.840.1.113883.3.464.1003.101.12.1001"/>
               <title value="Encounter, Performed"/>
               <statusCode code="COMPLETED"/>
            </encounterCriteria>
         </entry>
         <entry typeCode="DRIV">
            <observationCriteria classCode="OBS" moodCode="EVN">
               <templateId>
                  <item extension="2021-02-01" root="2.16.840.1.113883.10.20.28.4.117"/>
               </templateId>
               <id extension="72189-4_AssessmentPerformed"
                   root="B7266A0F-C5DF-4437-A00C-B9890BAFA385"/>
               <code code="72189-4" codeSystem="2.16.840.1.113883.6.1" codeSystemName="LOINC"/>
               <title value="Assessment, Performed"/>
               <statusCode code="COMPLETED"/>
            </observationCriteria>
         </entry>
         <entry typeCode="DRIV">
            <observationCriteria classCode="OBS" moodCode="EVN">
               <templateId>
                  <item extension="2021-02-01" root="2.16.840.1.113883.10.20.28.4.117"/>
               </templateId>
               <id extension="71963-3_AssessmentPerformed"
                   root="3406A6FF-A7BD-4A19-8BDD-682EA18EC2EA"/>
               <code code="71963-3" codeSystem="2.16.840.1.113883.6.1" codeSystemName="LOINC"/>
               <title value="Assessment, Performed"/>
               <statusCode code="COMPLETED"/>
            </observationCriteria>
         </entry>
         <entry typeCode="DRIV">
            <observationCriteria classCode="OBS" moodCode="EVN">
               <templateId>
                  <item extension="2021-02-01" root="2.16.840.1.113883.10.20.28.4.117"/>
               </templateId>
               <id extension="71959-1_AssessmentPerformed"
                   root="F9563759-2B24-4737-874D-A066427272F9"/>
               <code code="71959-1" codeSystem="2.16.840.1.113883.6.1" codeSystemName="LOINC"/>
               <title value="Assessment, Performed"/>
               <statusCode code="COMPLETED"/>
            </observationCriteria>
         </entry>
         <entry typeCode="DRIV">
            <observationCriteria classCode="OBS" moodCode="EVN">
               <templateId>
                  <item extension="2021-02-01" root="2.16.840.1.113883.10.20.28.4.117"/>
               </templateId>
               <id extension="85618-7_AssessmentPerformed"
                   root="C2880B53-72CB-4A6C-B328-7070223DE19B"/>
               <code code="85618-7" codeSystem="2.16.840.1.113883.6.1" codeSystemName="LOINC"/>
               <title value="Assessment, Performed"/>
               <statusCode code="COMPLETED"/>
            </observationCriteria>
         </entry>
         <entry typeCode="DRIV">
            <observationCriteria classCode="OBS" moodCode="EVN">
               <templateId>
                  <item extension="2021-02-01" root="2.16.840.1.113883.10.20.28.4.117"/>
               </templateId>
               <id extension="72190-2_AssessmentPerformed"
                   root="95A46A59-39D8-4533-99B3-0FF5D0EA0DF0"/>
               <code code="72190-2" codeSystem="2.16.840.1.113883.6.1" codeSystemName="LOINC"/>
               <title value="Assessment, Performed"/>
               <statusCode code="COMPLETED"/>
            </observationCriteria>
         </entry>
         <entry typeCode="DRIV">
            <observationCriteria classCode="OBS" moodCode="EVN">
               <templateId>
                  <item extension="2021-02-01" root="2.16.840.1.113883.10.20.28.4.117"/>
               </templateId>
               <id extension="72191-0_AssessmentPerformed"
                   root="AF5CF04A-64A7-417F-8CC8-70D9C94B9246"/>
               <code code="72191-0" codeSystem="2.16.840.1.113883.6.1" codeSystemName="LOINC"/>
               <title value="Assessment, Performed"/>
               <statusCode code="COMPLETED"/>
            </observationCriteria>
         </entry>
         <entry typeCode="DRIV">
            <observationCriteria classCode="OBS" moodCode="EVN">
               <templateId>
                  <item extension="2021-02-01" root="2.16.840.1.113883.10.20.28.4.110"/>
               </templateId>
               <id extension="428351000124105_Diagnosis"
                   root="8CC7691D-CF21-4F55-AC9D-B5E64620E671"/>
               <code code="282291009" codeSystem="2.16.840.1.113883.6.96" codeSystemName="SNOMED CT">
                  <displayName value="Diagnosis"/>
               </code>
               <title value="Diagnosis"/>
               <statusCode code="COMPLETED"/>
               <value code="428351000124105" codeSystem="2.16.840.1.113883.6.96"
                      codeSystemName="SNOMEDCT"
                      xsi:type="CD"/>
            </observationCriteria>
         </entry>
         <entry typeCode="DRIV">
            <observationCriteria classCode="OBS" moodCode="EVN">
               <templateId>
                  <item extension="2021-02-01" root="2.16.840.1.113883.10.20.28.4.117"/>
               </templateId>
               <id extension="71989-8_AssessmentPerformed"
                   root="72E992C8-746B-446E-A330-CE172AD06C42"/>
               <code code="71989-8" codeSystem="2.16.840.1.113883.6.1" codeSystemName="LOINC"/>
               <title value="Assessment, Performed"/>
               <statusCode code="COMPLETED"/>
            </observationCriteria>
         </entry>
         <entry typeCode="DRIV">
            <observationCriteria classCode="OBS" moodCode="EVN">
               <templateId>
                  <item extension="2021-02-01" root="2.16.840.1.113883.10.20.28.4.117"/>
               </templateId>
               <id extension="71957-5_AssessmentPerformed"
                   root="A3E8171C-BBC1-4324-9B86-BB9CE76E97F0"/>
               <code code="71957-5" codeSystem="2.16.840.1.113883.6.1" codeSystemName="LOINC"/>
               <title value="Assessment, Performed"/>
               <statusCode code="COMPLETED"/>
            </observationCriteria>
         </entry>
         <entry typeCode="DRIV">
            <observationCriteria classCode="OBS" moodCode="EVN">
               <templateId>
                  <item extension="2021-02-01" root="2.16.840.1.113883.10.20.28.4.117"/>
               </templateId>
               <id extension="71961-7_AssessmentPerformed"
                   root="2CB510A7-2A37-417D-A562-398CBD98DACC"/>
               <code code="71961-7" codeSystem="2.16.840.1.113883.6.1" codeSystemName="LOINC"/>
               <title value="Assessment, Performed"/>
               <statusCode code="COMPLETED"/>
            </observationCriteria>
         </entry>
         <entry typeCode="DRIV">
            <observationCriteria classCode="OBS" moodCode="EVN">
               <templateId>
                  <item extension="2021-02-01" root="2.16.840.1.113883.10.20.28.4.117"/>
               </templateId>
               <id extension="71990-6_AssessmentPerformed"
                   root="8F0F057E-65C7-4377-96ED-C10C0F60D1BF"/>
               <code code="71990-6" codeSystem="2.16.840.1.113883.6.1" codeSystemName="LOINC"/>
               <title value="Assessment, Performed"/>
               <statusCode code="COMPLETED"/>
            </observationCriteria>
         </entry>
         <entry typeCode="DRIV">
            <observationCriteria classCode="OBS" moodCode="EVN">
               <templateId>
                  <item extension="2021-02-01" root="2.16.840.1.113883.10.20.28.4.117"/>
               </templateId>
               <id extension="71965-8_AssessmentPerformed"
                   root="AEC44661-2B6B-41A9-A2D4-A5A0906F9D9C"/>
               <code code="71965-8" codeSystem="2.16.840.1.113883.6.1" codeSystemName="LOINC"/>
               <title value="Assessment, Performed"/>
               <statusCode code="COMPLETED"/>
            </observationCriteria>
         </entry>
         <entry typeCode="DRIV">
            <observationCriteria classCode="OBS" moodCode="EVN">
               <templateId>
                  <item extension="2021-02-01" root="2.16.840.1.113883.10.20.28.4.117"/>
               </templateId>
               <id extension="72026-8_AssessmentPerformed"
                   root="94AA8A07-1D05-4508-87C6-02C1419EBA58"/>
               <code code="72026-8" codeSystem="2.16.840.1.113883.6.1" codeSystemName="LOINC"/>
               <title value="Assessment, Performed"/>
               <statusCode code="COMPLETED"/>
            </observationCriteria>
         </entry>
         <entry typeCode="DRIV">
            <observationCriteria classCode="OBS" moodCode="EVN">
               <templateId>
                  <item extension="2021-02-01" root="2.16.840.1.113883.10.20.28.4.117"/>
               </templateId>
               <id extension="85609-6_AssessmentPerformed"
                   root="02717CFD-4F59-4823-BCBA-F2E3A60670B2"/>
               <code code="85609-6" codeSystem="2.16.840.1.113883.6.1" codeSystemName="LOINC"/>
               <title value="Assessment, Performed"/>
               <statusCode code="COMPLETED"/>
            </observationCriteria>
         </entry>
         <entry typeCode="DRIV">
            <observationCriteria classCode="OBS" moodCode="EVN">
               <templateId>
                  <item extension="2021-02-01" root="2.16.840.1.113883.10.20.28.4.117"/>
               </templateId>
               <id extension="45755-6_AssessmentPerformed"
                   root="E9CDF294-A3C6-472E-9160-63C0B7A5B34E"/>
               <code code="45755-6" codeSystem="2.16.840.1.113883.6.1" codeSystemName="LOINC"/>
               <title value="Assessment, Performed"/>
               <statusCode code="COMPLETED"/>
            </observationCriteria>
         </entry>
         <entry typeCode="DRIV">
            <observationCriteria classCode="OBS" moodCode="EVN">
               <templateId>
                  <item extension="2021-02-01" root="2.16.840.1.113883.10.20.28.4.117"/>
               </templateId>
               <id extension="72007-8_AssessmentPerformed"
                   root="4C393C94-14B9-48A5-BE9B-FD5BBF2F9C0D"/>
               <code code="72007-8" codeSystem="2.16.840.1.113883.6.1" codeSystemName="LOINC"/>
               <title value="Assessment, Performed"/>
               <statusCode code="COMPLETED"/>
            </observationCriteria>
         </entry>
         <entry typeCode="DRIV">
            <observationCriteria classCode="OBS" moodCode="EVN">
               <templateId>
                  <item extension="2021-02-01" root="2.16.840.1.113883.10.20.28.4.117"/>
               </templateId>
               <id extension="71967-4_AssessmentPerformed"
                   root="18698C50-1078-41EC-BE2E-695AC3DBAE7B"/>
               <code code="71967-4" codeSystem="2.16.840.1.113883.6.1" codeSystemName="LOINC"/>
               <title value="Assessment, Performed"/>
               <statusCode code="COMPLETED"/>
            </observationCriteria>
         </entry>
         <entry typeCode="DRIV">
            <observationCriteria classCode="OBS" moodCode="EVN">
               <templateId>
                  <item extension="2021-02-01" root="2.16.840.1.113883.10.20.28.4.117"/>
               </templateId>
               <id extension="71940-1_AssessmentPerformed"
                   root="62EFBCE0-AE46-4A9C-95A7-E48B053755DC"/>
               <code code="71940-1" codeSystem="2.16.840.1.113883.6.1" codeSystemName="LOINC"/>
               <title value="Assessment, Performed"/>
               <statusCode code="COMPLETED"/>
            </observationCriteria>
         </entry>
         <entry typeCode="DRIV">
            <observationCriteria classCode="OBS" moodCode="EVN">
               <templateId>
                  <item extension="2021-02-01" root="2.16.840.1.113883.10.20.28.4.117"/>
               </templateId>
               <id extension="86924-8_AssessmentPerformed"
                   root="A8662B0A-B7A0-4125-A338-98780CAD2BF1"/>
               <code code="86924-8" codeSystem="2.16.840.1.113883.6.1" codeSystemName="LOINC"/>
               <title value="Assessment, Performed"/>
               <statusCode code="COMPLETED"/>
            </observationCriteria>
         </entry>
         <entry typeCode="DRIV">
            <observationCriteria classCode="OBS" moodCode="EVN">
               <templateId>
                  <item extension="2021-02-01" root="2.16.840.1.113883.10.20.28.4.117"/>
               </templateId>
               <id extension="71971-6_AssessmentPerformed"
                   root="9052E8BD-864E-4679-AE68-02B011CAC062"/>
               <code code="71971-6" codeSystem="2.16.840.1.113883.6.1" codeSystemName="LOINC"/>
               <title value="Assessment, Performed"/>
               <statusCode code="COMPLETED"/>
            </observationCriteria>
         </entry>
         <entry typeCode="DRIV">
            <observationCriteria classCode="OBS" moodCode="EVN">
               <templateId>
                  <item extension="2021-02-01" root="2.16.840.1.113883.10.20.28.4.117"/>
               </templateId>
               <id extension="72027-6_AssessmentPerformed"
                   root="7F28195F-F3F3-4866-BF4D-D034DEDBBB9F"/>
               <code code="72027-6" codeSystem="2.16.840.1.113883.6.1" codeSystemName="LOINC"/>
               <title value="Assessment, Performed"/>
               <statusCode code="COMPLETED"/>
            </observationCriteria>
         </entry>
         <entry typeCode="DRIV">
            <observationCriteria classCode="OBS" moodCode="EVN">
               <templateId>
                  <item extension="2021-02-01" root="2.16.840.1.113883.10.20.28.4.117"/>
               </templateId>
               <id extension="72196-9_AssessmentPerformed"
                   root="2433E0FB-41DD-41F3-8C62-25871662C5DA"/>
               <code code="72196-9" codeSystem="2.16.840.1.113883.6.1" codeSystemName="LOINC"/>
               <title value="Assessment, Performed"/>
               <statusCode code="COMPLETED"/>
            </observationCriteria>
         </entry>
         <entry typeCode="DRIV">
            <observationCriteria classCode="OBS" moodCode="EVN">
               <templateId>
                  <item extension="2021-02-01" root="2.16.840.1.113883.10.20.28.4.117"/>
               </templateId>
               <id extension="72194-4_AssessmentPerformed"
                   root="530707A3-DC84-4771-A647-4F8E666FC4F2"/>
               <code code="72194-4" codeSystem="2.16.840.1.113883.6.1" codeSystemName="LOINC"/>
               <title value="Assessment, Performed"/>
               <statusCode code="COMPLETED"/>
            </observationCriteria>
         </entry>
         <entry typeCode="DRIV">
            <observationCriteria classCode="OBS" moodCode="EVN">
               <templateId>
                  <item extension="2021-02-01" root="2.16.840.1.113883.10.20.28.4.117"/>
               </templateId>
               <id extension="71955-9_AssessmentPerformed"
                   root="891FF6B3-B8E8-4CD8-8E7A-E9FC04931B15"/>
               <code code="71955-9" codeSystem="2.16.840.1.113883.6.1" codeSystemName="LOINC"/>
               <title value="Assessment, Performed"/>
               <statusCode code="COMPLETED"/>
            </observationCriteria>
         </entry>
         <entry typeCode="DRIV">
            <observationCriteria classCode="OBS" moodCode="EVN">
               <templateId>
                  <item extension="2021-02-01" root="2.16.840.1.113883.10.20.28.4.117"/>
               </templateId>
               <id extension="72008-6_AssessmentPerformed"
                   root="26438452-7806-49ED-BB4E-EC36C092A199"/>
               <code code="72008-6" codeSystem="2.16.840.1.113883.6.1" codeSystemName="LOINC"/>
               <title value="Assessment, Performed"/>
               <statusCode code="COMPLETED"/>
            </observationCriteria>
         </entry>
         <entry typeCode="DRIV">
            <observationCriteria classCode="OBS" moodCode="EVN">
               <templateId>
                  <item extension="2021-02-01" root="2.16.840.1.113883.10.20.28.4.117"/>
               </templateId>
               <id extension="72028-4_AssessmentPerformed"
                   root="F91E62AB-EF90-4C0A-8EC1-C3651E39EF6A"/>
               <code code="72028-4" codeSystem="2.16.840.1.113883.6.1" codeSystemName="LOINC"/>
               <title value="Assessment, Performed"/>
               <statusCode code="COMPLETED"/>
            </observationCriteria>
         </entry>
         <entry typeCode="DRIV">
            <observationCriteria classCode="OBS" moodCode="EVN">
               <templateId>
                  <item extension="2021-02-01" root="2.16.840.1.113883.10.20.28.4.117"/>
               </templateId>
               <id extension="72025-0_AssessmentPerformed"
                   root="9AEF6A69-235D-424D-94B0-AFF456CD1152"/>
               <code code="72025-0" codeSystem="2.16.840.1.113883.6.1" codeSystemName="LOINC"/>
               <title value="Assessment, Performed"/>
               <statusCode code="COMPLETED"/>
            </observationCriteria>
         </entry>
         <entry typeCode="DRIV">
            <observationCriteria classCode="OBS" moodCode="EVN">
               <templateId>
                  <item extension="2021-02-01" root="2.16.840.1.113883.10.20.28.4.117"/>
               </templateId>
               <id extension="71969-0_AssessmentPerformed"
                   root="7CB5DE74-8714-4E36-9B32-0A2DD232EA85"/>
               <code code="71969-0" codeSystem="2.16.840.1.113883.6.1" codeSystemName="LOINC"/>
               <title value="Assessment, Performed"/>
               <statusCode code="COMPLETED"/>
            </observationCriteria>
         </entry>
         <entry typeCode="DRIV">
            <observationCriteria classCode="OBS" moodCode="EVN">
               <templateId>
                  <item extension="2021-02-01" root="2.16.840.1.113883.10.20.28.4.117"/>
               </templateId>
               <id extension="86923-0_AssessmentPerformed"
                   root="E630FD9E-A476-4586-BFFC-60ED6E7D3612"/>
               <code code="86923-0" codeSystem="2.16.840.1.113883.6.1" codeSystemName="LOINC"/>
               <title value="Assessment, Performed"/>
               <statusCode code="COMPLETED"/>
            </observationCriteria>
         </entry>
         <entry typeCode="DRIV">
            <observationCriteria classCode="OBS" moodCode="EVN">
               <templateId>
                  <item extension="2021-02-01" root="2.16.840.1.113883.10.20.28.4.117"/>
               </templateId>
               <id extension="72195-1_AssessmentPerformed"
                   root="C728A0B2-87C3-432A-8AA9-FFDEBDDD7D4A"/>
               <code code="72195-1" codeSystem="2.16.840.1.113883.6.1" codeSystemName="LOINC"/>
               <title value="Assessment, Performed"/>
               <statusCode code="COMPLETED"/>
            </observationCriteria>
         </entry>
      </dataCriteriaSection>
   </component>
   <component>
      <populationCriteriaSection>
         <templateId>
            <item extension="2017-08-01" root="2.16.840.1.113883.10.20.28.2.7"/>
         </templateId>
         <id extension="PopulationCriteria1" root="12078F46-3E43-4B35-88E0-6B1262E47F88"/>
         <code code="57026-7" codeSystem="2.16.840.1.113883.6.1"/>
         <title value="Population Criteria Section"/>
         <text/>
         <component typeCode="COMP">
            <initialPopulationCriteria classCode="OBS" moodCode="EVN">
               <id extension="initialPopulation" root="2FD2D5BD-5766-427F-9DE7-F0C4FD319A86"/>
               <code code="IPOP" codeSystem="2.16.840.1.113883.5.4" codeSystemName="Act Code"/>
               <precondition typeCode="PRCN">
                  <criteriaReference classCode="OBS" moodCode="EVN">
                     <id extension="FunctionalStatusAssessmentsforHeartFailure.&quot;Initial Population&quot;"
                         root="44AED04E-08B9-44DB-9552-C75BDBA8F8DF"/>
                  </criteriaReference>
               </precondition>
            </initialPopulationCriteria>
         </component>
         <component typeCode="COMP">
            <denominatorCriteria classCode="OBS" moodCode="EVN">
               <id extension="denominator" root="DD21E3D1-8F5B-41EE-878A-4F4E77AE684A"/>
               <code code="DENOM" codeSystem="2.16.840.1.113883.5.4" codeSystemName="Act Code"/>
               <precondition typeCode="PRCN">
                  <criteriaReference classCode="OBS" moodCode="EVN">
                     <id extension="FunctionalStatusAssessmentsforHeartFailure.&quot;Denominator&quot;"
                         root="44AED04E-08B9-44DB-9552-C75BDBA8F8DF"/>
                  </criteriaReference>
               </precondition>
            </denominatorCriteria>
         </component>
         <component typeCode="COMP">
            <denominatorExclusionCriteria classCode="OBS" moodCode="EVN">
               <id extension="denominatorExclusions" root="693817B3-25B9-4990-9526-C4B559E7EDDF"/>
               <code code="DENEX" codeSystem="2.16.840.1.113883.5.4" codeSystemName="Act Code"/>
               <precondition typeCode="PRCN">
                  <criteriaReference classCode="OBS" moodCode="EVN">
                     <id extension="FunctionalStatusAssessmentsforHeartFailure.&quot;Denominator Exclusions&quot;"
                         root="44AED04E-08B9-44DB-9552-C75BDBA8F8DF"/>
                  </criteriaReference>
               </precondition>
            </denominatorExclusionCriteria>
         </component>
         <component typeCode="COMP">
            <numeratorCriteria classCode="OBS" moodCode="EVN">
               <id extension="numerator" root="A01BF233-7E85-4D00-9866-FD2C245F2A3F"/>
               <code code="NUMER" codeSystem="2.16.840.1.113883.5.4" codeSystemName="Act Code"/>
               <precondition typeCode="PRCN">
                  <criteriaReference classCode="OBS" moodCode="EVN">
                     <id extension="FunctionalStatusAssessmentsforHeartFailure.&quot;Numerator&quot;"
                         root="44AED04E-08B9-44DB-9552-C75BDBA8F8DF"/>
                  </criteriaReference>
               </precondition>
            </numeratorCriteria>
         </component>
         <component typeCode="COMP">
            <cql-ext:supplementalDataElement>
               <id extension="Supplemental Data Elements"
                   root="A4EB807E-D342-4176-9CBA-D93BCE5391D7"/>
               <code code="SDE" codeSystem="2.16.840.1.113883.5.4" codeSystemName="Act Code"/>
               <precondition typeCode="PRCN">
                  <criteriaReference classCode="OBS" moodCode="EVN">
                     <id extension="FunctionalStatusAssessmentsforHeartFailure.&quot;SDE Ethnicity&quot;"
                         root="44AED04E-08B9-44DB-9552-C75BDBA8F8DF"/>
                  </criteriaReference>
               </precondition>
            </cql-ext:supplementalDataElement>
         </component>
         <component typeCode="COMP">
            <cql-ext:supplementalDataElement>
               <id extension="Supplemental Data Elements"
                   root="79A3BAAC-C016-4E4D-B25A-29A91085653A"/>
               <code code="SDE" codeSystem="2.16.840.1.113883.5.4" codeSystemName="Act Code"/>
               <precondition typeCode="PRCN">
                  <criteriaReference classCode="OBS" moodCode="EVN">
                     <id extension="FunctionalStatusAssessmentsforHeartFailure.&quot;SDE Payer&quot;"
                         root="44AED04E-08B9-44DB-9552-C75BDBA8F8DF"/>
                  </criteriaReference>
               </precondition>
            </cql-ext:supplementalDataElement>
         </component>
         <component typeCode="COMP">
            <cql-ext:supplementalDataElement>
               <id extension="Supplemental Data Elements"
                   root="4478ECCF-EF37-48D5-82BF-1A0E522B0633"/>
               <code code="SDE" codeSystem="2.16.840.1.113883.5.4" codeSystemName="Act Code"/>
               <precondition typeCode="PRCN">
                  <criteriaReference classCode="OBS" moodCode="EVN">
                     <id extension="FunctionalStatusAssessmentsforHeartFailure.&quot;SDE Race&quot;"
                         root="44AED04E-08B9-44DB-9552-C75BDBA8F8DF"/>
                  </criteriaReference>
               </precondition>
            </cql-ext:supplementalDataElement>
         </component>
         <component typeCode="COMP">
            <cql-ext:supplementalDataElement>
               <id extension="Supplemental Data Elements"
                   root="11C5E963-C6C1-4F96-B022-6FF1933A5F92"/>
               <code code="SDE" codeSystem="2.16.840.1.113883.5.4" codeSystemName="Act Code"/>
               <precondition typeCode="PRCN">
                  <criteriaReference classCode="OBS" moodCode="EVN">
                     <id extension="FunctionalStatusAssessmentsforHeartFailure.&quot;SDE Sex&quot;"
                         root="44AED04E-08B9-44DB-9552-C75BDBA8F8DF"/>
                  </criteriaReference>
               </precondition>
            </cql-ext:supplementalDataElement>
         </component>
      </populationCriteriaSection>
   </component>
</QualityMeasureDocument>