{
   "library" : {
      "annotation" : [ {
         "translatorOptions" : "EnableAnnotations,EnableLocators,DisableListDemotion,DisableListPromotion,DisableMethodInvocation",
         "type" : "CqlToElmInfo"
      }, {
         "type" : "Annotation",
         "s" : {
            "r" : "81",
            "s" : [ {
               "value" : [ "","library AlaraCT version '2.2.000'" ]
            } ]
         }
      } ],
      "identifier" : {
         "id" : "AlaraCT",
         "version" : "2.2.000"
      },
      "schemaIdentifier" : {
         "id" : "urn:hl7-org:elm",
         "version" : "r1"
      },
      "usings" : {
         "def" : [ {
            "localIdentifier" : "System",
            "uri" : "urn:hl7-org:elm-types:r1"
         }, {
            "localId" : "1",
            "locator" : "3:1-3:23",
            "localIdentifier" : "QDM",
            "uri" : "urn:healthit-gov:qdm:v5_6",
            "version" : "5.6",
            "annotation" : [ {
               "type" : "Annotation",
               "s" : {
                  "r" : "1",
                  "s" : [ {
                     "value" : [ "","using " ]
                  }, {
                     "s" : [ {
                        "value" : [ "QDM" ]
                     } ]
                  }, {
                     "value" : [ " version ","'5.6'" ]
                  } ]
               }
            } ]
         } ]
      },
      "includes" : {
         "def" : [ {
            "localId" : "2",
            "locator" : "5:1-5:67",
            "localIdentifier" : "Global",
            "path" : "MATGlobalCommonFunctionsQDM",
            "version" : "8.0.000",
            "annotation" : [ {
               "type" : "Annotation",
               "s" : {
                  "r" : "2",
                  "s" : [ {
                     "value" : [ "","include " ]
                  }, {
                     "s" : [ {
                        "value" : [ "MATGlobalCommonFunctionsQDM" ]
                     } ]
                  }, {
                     "value" : [ " version ","'8.0.000'"," called ","Global" ]
                  } ]
               }
            } ]
         }, {
            "localId" : "3",
            "locator" : "6:1-6:65",
            "localIdentifier" : "AlaraCommon",
            "path" : "AlaraCommonFunctions",
            "version" : "1.4.000",
            "annotation" : [ {
               "type" : "Annotation",
               "s" : {
                  "r" : "3",
                  "s" : [ {
                     "value" : [ "","include " ]
                  }, {
                     "s" : [ {
                        "value" : [ "AlaraCommonFunctions" ]
                     } ]
                  }, {
                     "value" : [ " version ","'1.4.000'"," called ","AlaraCommon" ]
                  } ]
               }
            } ]
         } ]
      },
      "parameters" : {
         "def" : [ {
            "localId" : "15",
            "locator" : "18:1-18:49",
            "name" : "Measurement Period",
            "accessLevel" : "Public",
            "annotation" : [ {
               "type" : "Annotation",
               "s" : {
                  "r" : "15",
                  "s" : [ {
                     "value" : [ "","parameter ","\"Measurement Period\""," " ]
                  }, {
                     "r" : "14",
                     "s" : [ {
                        "value" : [ "Interval<" ]
                     }, {
                        "r" : "13",
                        "s" : [ {
                           "value" : [ "DateTime" ]
                        } ]
                     }, {
                        "value" : [ ">" ]
                     } ]
                  } ]
               }
            } ],
            "parameterTypeSpecifier" : {
               "localId" : "14",
               "locator" : "18:32-18:49",
               "type" : "IntervalTypeSpecifier",
               "pointType" : {
                  "localId" : "13",
                  "locator" : "18:41-18:48",
                  "name" : "{urn:hl7-org:elm-types:r1}DateTime",
                  "type" : "NamedTypeSpecifier"
               }
            }
         } ]
      },
      "codeSystems" : {
         "def" : [ {
            "localId" : "4",
            "locator" : "8:1-8:51",
            "name" : "LOINC",
            "id" : "urn:oid:2.16.840.1.113883.6.1",
            "accessLevel" : "Public",
            "annotation" : [ {
               "type" : "Annotation",
               "s" : {
                  "r" : "4",
                  "s" : [ {
                     "value" : [ "","codesystem ","\"LOINC\"",": ","'urn:oid:2.16.840.1.113883.6.1'" ]
                  } ]
               }
            } ]
         } ]
      },
      "valueSets" : {
         "def" : [ {
            "localId" : "5",
            "locator" : "10:1-10:58",
            "name" : "Ethnicity",
            "id" : "urn:oid:2.16.840.1.114222.4.11.837",
            "accessLevel" : "Public",
            "annotation" : [ {
               "type" : "Annotation",
               "s" : {
                  "r" : "5",
                  "s" : [ {
                     "value" : [ "","valueset ","\"Ethnicity\"",": ","'urn:oid:2.16.840.1.114222.4.11.837'" ]
                  } ]
               }
            } ]
         }, {
            "localId" : "6",
            "locator" : "11:1-11:68",
            "name" : "ONC Administrative Sex",
            "id" : "urn:oid:2.16.840.1.113762.1.4.1",
            "accessLevel" : "Public",
            "annotation" : [ {
               "type" : "Annotation",
               "s" : {
                  "r" : "6",
                  "s" : [ {
                     "value" : [ "","valueset ","\"ONC Administrative Sex\"",": ","'urn:oid:2.16.840.1.113762.1.4.1'" ]
                  } ]
               }
            } ]
         }, {
            "localId" : "7",
            "locator" : "12:1-12:60",
            "name" : "Payer Type",
            "id" : "urn:oid:2.16.840.1.114222.4.11.3591",
            "accessLevel" : "Public",
            "annotation" : [ {
               "type" : "Annotation",
               "s" : {
                  "r" : "7",
                  "s" : [ {
                     "value" : [ "","valueset ","\"Payer Type\"",": ","'urn:oid:2.16.840.1.114222.4.11.3591'" ]
                  } ]
               }
            } ]
         }, {
            "localId" : "8",
            "locator" : "13:1-13:53",
            "name" : "Race",
            "id" : "urn:oid:2.16.840.1.114222.4.11.836",
            "accessLevel" : "Public",
            "annotation" : [ {
               "type" : "Annotation",
               "s" : {
                  "r" : "8",
                  "s" : [ {
                     "value" : [ "","valueset ","\"Race\"",": ","'urn:oid:2.16.840.1.114222.4.11.836'" ]
                  } ]
               }
            } ]
         } ]
      },
      "codes" : {
         "def" : [ {
            "localId" : "10",
            "locator" : "15:1-15:110",
            "name" : "CT dose and image quality category",
            "id" : "96914-7",
            "display" : "CT dose and image quality category",
            "accessLevel" : "Public",
            "annotation" : [ {
               "type" : "Annotation",
               "s" : {
                  "r" : "10",
                  "s" : [ {
                     "value" : [ "","code ","\"CT dose and image quality category\"",": ","'96914-7'"," from " ]
                  }, {
                     "r" : "9",
                     "s" : [ {
                        "value" : [ "\"LOINC\"" ]
                     } ]
                  }, {
                     "value" : [ " display ","'CT dose and image quality category'" ]
                  } ]
               }
            } ],
            "codeSystem" : {
               "localId" : "9",
               "locator" : "15:59-15:65",
               "name" : "LOINC"
            }
         }, {
            "localId" : "12",
            "locator" : "16:1-16:62",
            "name" : "Full Body",
            "id" : "LA31771-1",
            "display" : "Full Body",
            "accessLevel" : "Public",
            "annotation" : [ {
               "type" : "Annotation",
               "s" : {
                  "r" : "12",
                  "s" : [ {
                     "value" : [ "","code ","\"Full Body\"",": ","'LA31771-1'"," from " ]
                  }, {
                     "r" : "11",
                     "s" : [ {
                        "value" : [ "\"LOINC\"" ]
                     } ]
                  }, {
                     "value" : [ " display ","'Full Body'" ]
                  } ]
               }
            } ],
            "codeSystem" : {
               "localId" : "11",
               "locator" : "16:36-16:42",
               "name" : "LOINC"
            }
         } ]
      },
      "contexts" : {
         "def" : [ {
            "locator" : "20:1-20:15",
            "name" : "Patient"
         } ]
      },
      "statements" : {
         "def" : [ {
            "locator" : "20:1-20:15",
            "name" : "Patient",
            "context" : "Patient",
            "expression" : {
               "type" : "SingletonFrom",
               "operand" : {
                  "locator" : "20:1-20:15",
                  "dataType" : "{urn:healthit-gov:qdm:v5_6}Patient",
                  "templateId" : "Patient",
                  "type" : "Retrieve"
               }
            }
         }, {
            "localId" : "17",
            "locator" : "22:1-23:51",
            "name" : "SDE Ethnicity",
            "context" : "Patient",
            "accessLevel" : "Public",
            "annotation" : [ {
               "type" : "Annotation",
               "s" : {
                  "r" : "17",
                  "s" : [ {
                     "value" : [ "","define ","\"SDE Ethnicity\"",":\n  " ]
                  }, {
                     "r" : "16",
                     "s" : [ {
                        "value" : [ "[","\"Patient Characteristic Ethnicity\"",": " ]
                     }, {
                        "s" : [ {
                           "value" : [ "\"Ethnicity\"" ]
                        } ]
                     }, {
                        "value" : [ "]" ]
                     } ]
                  } ]
               }
            } ],
            "expression" : {
               "localId" : "16",
               "locator" : "23:3-23:51",
               "dataType" : "{urn:healthit-gov:qdm:v5_6}PatientCharacteristicEthnicity",
               "codeProperty" : "code",
               "codeComparator" : "in",
               "type" : "Retrieve",
               "codes" : {
                  "locator" : "23:40-23:50",
                  "name" : "Ethnicity",
                  "preserve" : true,
                  "type" : "ValueSetRef"
               }
            }
         }, {
            "localId" : "19",
            "locator" : "25:1-26:41",
            "name" : "SDE Race",
            "context" : "Patient",
            "accessLevel" : "Public",
            "annotation" : [ {
               "type" : "Annotation",
               "s" : {
                  "r" : "19",
                  "s" : [ {
                     "value" : [ "","define ","\"SDE Race\"",":\n  " ]
                  }, {
                     "r" : "18",
                     "s" : [ {
                        "value" : [ "[","\"Patient Characteristic Race\"",": " ]
                     }, {
                        "s" : [ {
                           "value" : [ "\"Race\"" ]
                        } ]
                     }, {
                        "value" : [ "]" ]
                     } ]
                  } ]
               }
            } ],
            "expression" : {
               "localId" : "18",
               "locator" : "26:3-26:41",
               "dataType" : "{urn:healthit-gov:qdm:v5_6}PatientCharacteristicRace",
               "codeProperty" : "code",
               "codeComparator" : "in",
               "type" : "Retrieve",
               "codes" : {
                  "locator" : "26:35-26:40",
                  "name" : "Race",
                  "preserve" : true,
                  "type" : "ValueSetRef"
               }
            }
         }, {
            "localId" : "21",
            "locator" : "28:1-29:58",
            "name" : "SDE Sex",
            "context" : "Patient",
            "accessLevel" : "Public",
            "annotation" : [ {
               "type" : "Annotation",
               "s" : {
                  "r" : "21",
                  "s" : [ {
                     "value" : [ "","define ","\"SDE Sex\"",":\n  " ]
                  }, {
                     "r" : "20",
                     "s" : [ {
                        "value" : [ "[","\"Patient Characteristic Sex\"",": " ]
                     }, {
                        "s" : [ {
                           "value" : [ "\"ONC Administrative Sex\"" ]
                        } ]
                     }, {
                        "value" : [ "]" ]
                     } ]
                  } ]
               }
            } ],
            "expression" : {
               "localId" : "20",
               "locator" : "29:3-29:58",
               "dataType" : "{urn:healthit-gov:qdm:v5_6}PatientCharacteristicSex",
               "codeProperty" : "code",
               "codeComparator" : "in",
               "type" : "Retrieve",
               "codes" : {
                  "locator" : "29:34-29:57",
                  "name" : "ONC Administrative Sex",
                  "preserve" : true,
                  "type" : "ValueSetRef"
               }
            }
         }, {
            "localId" : "23",
            "locator" : "31:1-32:48",
            "name" : "SDE Payer",
            "context" : "Patient",
            "accessLevel" : "Public",
            "annotation" : [ {
               "type" : "Annotation",
               "s" : {
                  "r" : "23",
                  "s" : [ {
                     "value" : [ "","define ","\"SDE Payer\"",":\n  " ]
                  }, {
                     "r" : "22",
                     "s" : [ {
                        "value" : [ "[","\"Patient Characteristic Payer\"",": " ]
                     }, {
                        "s" : [ {
                           "value" : [ "\"Payer Type\"" ]
                        } ]
                     }, {
                        "value" : [ "]" ]
                     } ]
                  } ]
               }
            } ],
            "expression" : {
               "localId" : "22",
               "locator" : "32:3-32:48",
               "dataType" : "{urn:healthit-gov:qdm:v5_6}PatientCharacteristicPayer",
               "codeProperty" : "code",
               "codeComparator" : "in",
               "type" : "Retrieve",
               "codes" : {
                  "locator" : "32:36-32:47",
                  "name" : "Payer Type",
                  "preserve" : true,
                  "type" : "ValueSetRef"
               }
            }
         }, {
            "localId" : "41",
            "locator" : "34:1-37:63",
            "name" : "Patients with Qualifying CTScan",
            "context" : "Patient",
            "accessLevel" : "Public",
            "annotation" : [ {
               "type" : "Annotation",
               "s" : {
                  "r" : "41",
                  "s" : [ {
                     "value" : [ "","define ","\"Patients with Qualifying CTScan\"",":\n  " ]
                  }, {
                     "r" : "40",
                     "s" : [ {
                        "s" : [ {
                           "r" : "25",
                           "s" : [ {
                              "r" : "24",
                              "s" : [ {
                                 "r" : "24",
                                 "s" : [ {
                                    "value" : [ "[","\"Diagnostic Study, Performed\"",": " ]
                                 }, {
                                    "s" : [ {
                                       "value" : [ "\"CT dose and image quality category\"" ]
                                    } ]
                                 }, {
                                    "value" : [ "]" ]
                                 } ]
                              } ]
                           }, {
                              "value" : [ " ","CTScanResult" ]
                           } ]
                        } ]
                     }, {
                        "value" : [ "\n    " ]
                     }, {
                        "r" : "39",
                        "s" : [ {
                           "value" : [ "where " ]
                        }, {
                           "r" : "39",
                           "s" : [ {
                              "r" : "33",
                              "s" : [ {
                                 "r" : "31",
                                 "s" : [ {
                                    "r" : "26",
                                    "s" : [ {
                                       "value" : [ "Global" ]
                                    } ]
                                 }, {
                                    "value" : [ "." ]
                                 }, {
                                    "r" : "31",
                                    "s" : [ {
                                       "value" : [ "\"NormalizeInterval\""," ( " ]
                                    }, {
                                       "r" : "28",
                                       "s" : [ {
                                          "r" : "27",
                                          "s" : [ {
                                             "value" : [ "CTScanResult" ]
                                          } ]
                                       }, {
                                          "value" : [ "." ]
                                       }, {
                                          "r" : "28",
                                          "s" : [ {
                                             "value" : [ "relevantDatetime" ]
                                          } ]
                                       } ]
                                    }, {
                                       "value" : [ ", " ]
                                    }, {
                                       "r" : "30",
                                       "s" : [ {
                                          "r" : "29",
                                          "s" : [ {
                                             "value" : [ "CTScanResult" ]
                                          } ]
                                       }, {
                                          "value" : [ "." ]
                                       }, {
                                          "r" : "30",
                                          "s" : [ {
                                             "value" : [ "relevantPeriod" ]
                                          } ]
                                       } ]
                                    }, {
                                       "value" : [ " )" ]
                                    } ]
                                 } ]
                              }, {
                                 "r" : "33",
                                 "value" : [ " ","ends during day of"," " ]
                              }, {
                                 "r" : "32",
                                 "s" : [ {
                                    "value" : [ "\"Measurement Period\"" ]
                                 } ]
                              } ]
                           }, {
                              "value" : [ "\n      and " ]
                           }, {
                              "r" : "38",
                              "s" : [ {
                                 "value" : [ "( " ]
                              }, {
                                 "r" : "38",
                                 "s" : [ {
                                    "r" : "36",
                                    "s" : [ {
                                       "value" : [ "AgeInYearsAt","(" ]
                                    }, {
                                       "r" : "35",
                                       "s" : [ {
                                          "value" : [ "start of " ]
                                       }, {
                                          "r" : "34",
                                          "s" : [ {
                                             "value" : [ "\"Measurement Period\"" ]
                                          } ]
                                       } ]
                                    }, {
                                       "value" : [ ")" ]
                                    } ]
                                 }, {
                                    "r" : "37",
                                    "value" : [ " ",">="," ","18" ]
                                 } ]
                              }, {
                                 "value" : [ " )" ]
                              } ]
                           } ]
                        } ]
                     } ]
                  } ]
               }
            } ],
            "expression" : {
               "localId" : "40",
               "locator" : "35:3-37:63",
               "type" : "Query",
               "source" : [ {
                  "localId" : "25",
                  "locator" : "35:3-35:84",
                  "alias" : "CTScanResult",
                  "expression" : {
                     "localId" : "24",
                     "locator" : "35:3-35:71",
                     "dataType" : "{urn:healthit-gov:qdm:v5_6}PositiveDiagnosticStudyPerformed",
                     "templateId" : "PositiveDiagnosticStudyPerformed",
                     "codeProperty" : "code",
                     "codeComparator" : "~",
                     "type" : "Retrieve",
                     "codes" : {
                        "type" : "ToList",
                        "operand" : {
                           "locator" : "35:35-35:70",
                           "name" : "CT dose and image quality category",
                           "type" : "CodeRef"
                        }
                     }
                  }
               } ],
               "relationship" : [ ],
               "where" : {
                  "localId" : "39",
                  "locator" : "36:5-37:63",
                  "type" : "And",
                  "operand" : [ {
                     "localId" : "33",
                     "locator" : "36:11-36:139",
                     "precision" : "Day",
                     "type" : "In",
                     "operand" : [ {
                        "locator" : "36:101-36:104",
                        "type" : "End",
                        "operand" : {
                           "localId" : "31",
                           "locator" : "36:11-36:99",
                           "name" : "NormalizeInterval",
                           "libraryName" : "Global",
                           "type" : "FunctionRef",
                           "operand" : [ {
                              "localId" : "28",
                              "locator" : "36:40-36:68",
                              "path" : "relevantDatetime",
                              "scope" : "CTScanResult",
                              "type" : "Property"
                           }, {
                              "localId" : "30",
                              "locator" : "36:71-36:97",
                              "path" : "relevantPeriod",
                              "scope" : "CTScanResult",
                              "type" : "Property"
                           } ]
                        }
                     }, {
                        "localId" : "32",
                        "locator" : "36:120-36:139",
                        "name" : "Measurement Period",
                        "type" : "ParameterRef"
                     } ]
                  }, {
                     "localId" : "38",
                     "locator" : "37:11-37:63",
                     "type" : "GreaterOrEqual",
                     "operand" : [ {
                        "localId" : "36",
                        "locator" : "37:13-37:55",
                        "precision" : "Year",
                        "type" : "CalculateAgeAt",
                        "operand" : [ {
                           "path" : "birthDatetime",
                           "type" : "Property",
                           "source" : {
                              "name" : "Patient",
                              "type" : "ExpressionRef"
                           }
                        }, {
                           "localId" : "35",
                           "locator" : "37:26-37:54",
                           "type" : "Start",
                           "operand" : {
                              "localId" : "34",
                              "locator" : "37:35-37:54",
                              "name" : "Measurement Period",
                              "type" : "ParameterRef"
                           }
                        } ]
                     }, {
                        "localId" : "37",
                        "locator" : "37:60-37:61",
                        "valueType" : "{urn:hl7-org:elm-types:r1}Integer",
                        "value" : "18",
                        "type" : "Literal"
                     } ]
                  } ]
               }
            }
         }, {
            "localId" : "44",
            "locator" : "39:1-40:46",
            "name" : "Initial Population",
            "context" : "Patient",
            "accessLevel" : "Public",
            "annotation" : [ {
               "type" : "Annotation",
               "s" : {
                  "r" : "44",
                  "s" : [ {
                     "value" : [ "","define ","\"Initial Population\"",":\n  " ]
                  }, {
                     "r" : "43",
                     "s" : [ {
                        "value" : [ "exists " ]
                     }, {
                        "r" : "42",
                        "s" : [ {
                           "value" : [ "( " ]
                        }, {
                           "r" : "42",
                           "s" : [ {
                              "value" : [ "\"Patients with Qualifying CTScan\"" ]
                           } ]
                        }, {
                           "value" : [ " )" ]
                        } ]
                     } ]
                  } ]
               }
            } ],
            "expression" : {
               "localId" : "43",
               "locator" : "40:3-40:46",
               "type" : "Exists",
               "operand" : {
                  "localId" : "42",
                  "locator" : "40:10-40:46",
                  "name" : "Patients with Qualifying CTScan",
                  "type" : "ExpressionRef"
               }
            }
         }, {
            "localId" : "61",
            "locator" : "42:1-46:45",
            "name" : "Patients with Qualifying CTScan with Values",
            "context" : "Patient",
            "accessLevel" : "Public",
            "annotation" : [ {
               "type" : "Annotation",
               "s" : {
                  "r" : "61",
                  "s" : [ {
                     "value" : [ "","define ","\"Patients with Qualifying CTScan with Values\"",":\n  " ]
                  }, {
                     "r" : "60",
                     "s" : [ {
                        "s" : [ {
                           "r" : "46",
                           "s" : [ {
                              "r" : "45",
                              "s" : [ {
                                 "s" : [ {
                                    "value" : [ "\"Patients with Qualifying CTScan\"" ]
                                 } ]
                              } ]
                           }, {
                              "value" : [ " ","QualifyingCTScan" ]
                           } ]
                        } ]
                     }, {
                        "value" : [ "\n    " ]
                     }, {
                        "r" : "59",
                        "s" : [ {
                           "value" : [ "where " ]
                        }, {
                           "r" : "59",
                           "s" : [ {
                              "r" : "55",
                              "s" : [ {
                                 "r" : "50",
                                 "s" : [ {
                                    "r" : "49",
                                    "s" : [ {
                                       "r" : "47",
                                       "s" : [ {
                                          "value" : [ "AlaraCommon" ]
                                       } ]
                                    }, {
                                       "value" : [ "." ]
                                    }, {
                                       "r" : "49",
                                       "s" : [ {
                                          "value" : [ "\"Global Noise Value\""," ( " ]
                                       }, {
                                          "r" : "48",
                                          "s" : [ {
                                             "value" : [ "QualifyingCTScan" ]
                                          } ]
                                       }, {
                                          "value" : [ " )" ]
                                       } ]
                                    } ]
                                 }, {
                                    "value" : [ " is not null" ]
                                 } ]
                              }, {
                                 "value" : [ "\n      and " ]
                              }, {
                                 "r" : "54",
                                 "s" : [ {
                                    "r" : "53",
                                    "s" : [ {
                                       "r" : "51",
                                       "s" : [ {
                                          "value" : [ "AlaraCommon" ]
                                       } ]
                                    }, {
                                       "value" : [ "." ]
                                    }, {
                                       "r" : "53",
                                       "s" : [ {
                                          "value" : [ "\"Size Adjusted Value\""," ( " ]
                                       }, {
                                          "r" : "52",
                                          "s" : [ {
                                             "value" : [ "QualifyingCTScan" ]
                                          } ]
                                       }, {
                                          "value" : [ " )" ]
                                       } ]
                                    } ]
                                 }, {
                                    "value" : [ " is not null" ]
                                 } ]
                              } ]
                           }, {
                              "value" : [ "\n      and " ]
                           }, {
                              "r" : "58",
                              "s" : [ {
                                 "r" : "57",
                                 "s" : [ {
                                    "r" : "56",
                                    "s" : [ {
                                       "value" : [ "QualifyingCTScan" ]
                                    } ]
                                 }, {
                                    "value" : [ "." ]
                                 }, {
                                    "r" : "57",
                                    "s" : [ {
                                       "value" : [ "result" ]
                                    } ]
                                 } ]
                              }, {
                                 "value" : [ " is not null" ]
                              } ]
                           } ]
                        } ]
                     } ]
                  } ]
               }
            } ],
            "expression" : {
               "localId" : "60",
               "locator" : "43:3-46:45",
               "type" : "Query",
               "source" : [ {
                  "localId" : "46",
                  "locator" : "43:3-43:52",
                  "alias" : "QualifyingCTScan",
                  "expression" : {
                     "localId" : "45",
                     "locator" : "43:3-43:35",
                     "name" : "Patients with Qualifying CTScan",
                     "type" : "ExpressionRef"
                  }
               } ],
               "relationship" : [ ],
               "where" : {
                  "localId" : "59",
                  "locator" : "44:5-46:45",
                  "type" : "And",
                  "operand" : [ {
                     "localId" : "55",
                     "locator" : "44:11-45:76",
                     "type" : "And",
                     "operand" : [ {
                        "localId" : "50",
                        "locator" : "44:11-44:75",
                        "type" : "Not",
                        "operand" : {
                           "locator" : "44:11-44:75",
                           "type" : "IsNull",
                           "operand" : {
                              "localId" : "49",
                              "locator" : "44:11-44:63",
                              "name" : "Global Noise Value",
                              "libraryName" : "AlaraCommon",
                              "type" : "FunctionRef",
                              "operand" : [ {
                                 "localId" : "48",
                                 "locator" : "44:46-44:61",
                                 "name" : "QualifyingCTScan",
                                 "type" : "AliasRef"
                              } ]
                           }
                        }
                     }, {
                        "localId" : "54",
                        "locator" : "45:11-45:76",
                        "type" : "Not",
                        "operand" : {
                           "locator" : "45:11-45:76",
                           "type" : "IsNull",
                           "operand" : {
                              "localId" : "53",
                              "locator" : "45:11-45:64",
                              "name" : "Size Adjusted Value",
                              "libraryName" : "AlaraCommon",
                              "type" : "FunctionRef",
                              "operand" : [ {
                                 "localId" : "52",
                                 "locator" : "45:47-45:62",
                                 "name" : "QualifyingCTScan",
                                 "type" : "AliasRef"
                              } ]
                           }
                        }
                     } ]
                  }, {
                     "localId" : "58",
                     "locator" : "46:11-46:45",
                     "type" : "Not",
                     "operand" : {
                        "locator" : "46:11-46:45",
                        "type" : "IsNull",
                        "operand" : {
                           "localId" : "57",
                           "locator" : "46:11-46:33",
                           "path" : "result",
                           "scope" : "QualifyingCTScan",
                           "type" : "Property"
                        }
                     }
                  } ]
               }
            }
         }, {
            "localId" : "64",
            "locator" : "48:1-49:58",
            "name" : "Denominator",
            "context" : "Patient",
            "accessLevel" : "Public",
            "annotation" : [ {
               "type" : "Annotation",
               "s" : {
                  "r" : "64",
                  "s" : [ {
                     "value" : [ "","define ","\"Denominator\"",":\n  " ]
                  }, {
                     "r" : "63",
                     "s" : [ {
                        "value" : [ "exists " ]
                     }, {
                        "r" : "62",
                        "s" : [ {
                           "value" : [ "( " ]
                        }, {
                           "r" : "62",
                           "s" : [ {
                              "value" : [ "\"Patients with Qualifying CTScan with Values\"" ]
                           } ]
                        }, {
                           "value" : [ " )" ]
                        } ]
                     } ]
                  } ]
               }
            } ],
            "expression" : {
               "localId" : "63",
               "locator" : "49:3-49:58",
               "type" : "Exists",
               "operand" : {
                  "localId" : "62",
                  "locator" : "49:10-49:58",
                  "name" : "Patients with Qualifying CTScan with Values",
                  "type" : "ExpressionRef"
               }
            }
         }, {
            "localId" : "72",
            "locator" : "51:1-54:3",
            "name" : "Numerator",
            "context" : "Patient",
            "accessLevel" : "Public",
            "annotation" : [ {
               "type" : "Annotation",
               "s" : {
                  "r" : "72",
                  "s" : [ {
                     "value" : [ "","define ","\"Numerator\"",":\n  " ]
                  }, {
                     "r" : "71",
                     "s" : [ {
                        "value" : [ "exists " ]
                     }, {
                        "r" : "70",
                        "s" : [ {
                           "value" : [ "( " ]
                        }, {
                           "r" : "70",
                           "s" : [ {
                              "s" : [ {
                                 "r" : "66",
                                 "s" : [ {
                                    "r" : "65",
                                    "s" : [ {
                                       "s" : [ {
                                          "value" : [ "\"Patients with Qualifying CTScan with Values\"" ]
                                       } ]
                                    } ]
                                 }, {
                                    "value" : [ " ","CTScan" ]
                                 } ]
                              } ]
                           }, {
                              "value" : [ "\n      " ]
                           }, {
                              "r" : "69",
                              "s" : [ {
                                 "value" : [ "where " ]
                              }, {
                                 "r" : "69",
                                 "s" : [ {
                                    "r" : "67",
                                    "s" : [ {
                                       "value" : [ "AlaraCommon" ]
                                    } ]
                                 }, {
                                    "value" : [ "." ]
                                 }, {
                                    "r" : "69",
                                    "s" : [ {
                                       "value" : [ "\"CT Scan Qualifies\""," ( " ]
                                    }, {
                                       "r" : "68",
                                       "s" : [ {
                                          "value" : [ "CTScan" ]
                                       } ]
                                    }, {
                                       "value" : [ " )" ]
                                    } ]
                                 } ]
                              } ]
                           } ]
                        }, {
                           "value" : [ "\n  )" ]
                        } ]
                     } ]
                  } ]
               }
            } ],
            "expression" : {
               "localId" : "71",
               "locator" : "52:3-54:3",
               "type" : "Exists",
               "operand" : {
                  "localId" : "70",
                  "locator" : "52:10-54:3",
                  "type" : "Query",
                  "source" : [ {
                     "localId" : "66",
                     "locator" : "52:12-52:63",
                     "alias" : "CTScan",
                     "expression" : {
                        "localId" : "65",
                        "locator" : "52:12-52:56",
                        "name" : "Patients with Qualifying CTScan with Values",
                        "type" : "ExpressionRef"
                     }
                  } ],
                  "relationship" : [ ],
                  "where" : {
                     "localId" : "69",
                     "locator" : "53:7-53:54",
                     "name" : "CT Scan Qualifies",
                     "libraryName" : "AlaraCommon",
                     "type" : "FunctionRef",
                     "operand" : [ {
                        "localId" : "68",
                        "locator" : "53:47-53:52",
                        "name" : "CTScan",
                        "type" : "AliasRef"
                     } ]
                  }
               }
            }
         }, {
            "localId" : "81",
            "locator" : "56:1-59:3",
            "name" : "Denominator Exclusion",
            "context" : "Patient",
            "accessLevel" : "Public",
            "annotation" : [ {
               "type" : "Annotation",
               "s" : {
                  "r" : "81",
                  "s" : [ {
                     "value" : [ "","define ","\"Denominator Exclusion\"",":\n  " ]
                  }, {
                     "r" : "80",
                     "s" : [ {
                        "value" : [ "exists " ]
                     }, {
                        "r" : "79",
                        "s" : [ {
                           "value" : [ "( " ]
                        }, {
                           "r" : "79",
                           "s" : [ {
                              "s" : [ {
                                 "r" : "74",
                                 "s" : [ {
                                    "r" : "73",
                                    "s" : [ {
                                       "s" : [ {
                                          "value" : [ "\"Patients with Qualifying CTScan with Values\"" ]
                                       } ]
                                    } ]
                                 }, {
                                    "value" : [ " ","CTScan" ]
                                 } ]
                              } ]
                           }, {
                              "value" : [ "\n      " ]
                           }, {
                              "r" : "78",
                              "s" : [ {
                                 "value" : [ "where " ]
                              }, {
                                 "r" : "78",
                                 "s" : [ {
                                    "r" : "76",
                                    "s" : [ {
                                       "r" : "75",
                                       "s" : [ {
                                          "value" : [ "CTScan" ]
                                       } ]
                                    }, {
                                       "value" : [ "." ]
                                    }, {
                                       "r" : "76",
                                       "s" : [ {
                                          "value" : [ "result" ]
                                       } ]
                                    } ]
                                 }, {
                                    "value" : [ " ","~"," " ]
                                 }, {
                                    "r" : "77",
                                    "s" : [ {
                                       "value" : [ "\"Full Body\"" ]
                                    } ]
                                 } ]
                              } ]
                           } ]
                        }, {
                           "value" : [ "\n  )" ]
                        } ]
                     } ]
                  } ]
               }
            } ],
            "expression" : {
               "localId" : "80",
               "locator" : "57:3-59:3",
               "type" : "Exists",
               "operand" : {
                  "localId" : "79",
                  "locator" : "57:10-59:3",
                  "type" : "Query",
                  "source" : [ {
                     "localId" : "74",
                     "locator" : "57:12-57:63",
                     "alias" : "CTScan",
                     "expression" : {
                        "localId" : "73",
                        "locator" : "57:12-57:56",
                        "name" : "Patients with Qualifying CTScan with Values",
                        "type" : "ExpressionRef"
                     }
                  } ],
                  "relationship" : [ ],
                  "where" : {
                     "localId" : "78",
                     "locator" : "58:7-58:39",
                     "type" : "Equivalent",
                     "operand" : [ {
                        "asType" : "{urn:hl7-org:elm-types:r1}Code",
                        "type" : "As",
                        "operand" : {
                           "localId" : "76",
                           "locator" : "58:13-58:25",
                           "path" : "result",
                           "scope" : "CTScan",
                           "type" : "Property"
                        }
                     }, {
                        "localId" : "77",
                        "locator" : "58:29-58:39",
                        "name" : "Full Body",
                        "type" : "CodeRef"
                     } ]
                  }
               }
            }
         } ]
      }
   }
}