<?xml version="1.0" encoding="UTF-8"?>
<library xmlns="urn:hl7-org:elm:r1" xmlns:t="urn:hl7-org:elm-types:r1" xmlns:xsi="http://www.w3.org/2001/XMLSchema-instance" xmlns:xsd="http://www.w3.org/2001/XMLSchema" xmlns:fhir="http://hl7.org/fhir" xmlns:qdm43="urn:healthit-gov:qdm:v4_3" xmlns:qdm53="urn:healthit-gov:qdm:v5_3" xmlns:a="urn:hl7-org:cql-annotations:r1">
   <annotation translatorOptions="EnableAnnotations,EnableLocators,DisableListDemotion,DisableListPromotion,DisableMethodInvocation" xsi:type="a:CqlToElmInfo"/>
   <annotation xsi:type="a:Annotation">
      <a:s r="81">
         <a:s>library AlaraCT version '2.2.000'</a:s>
      </a:s>
   </annotation>
   <identifier id="AlaraCT" version="2.2.000"/>
   <schemaIdentifier id="urn:hl7-org:elm" version="r1"/>
   <usings>
      <def localIdentifier="System" uri="urn:hl7-org:elm-types:r1"/>
      <def localId="1" locator="3:1-3:23" localIdentifier="QDM" uri="urn:healthit-gov:qdm:v5_6" version="5.6">
         <annotation xsi:type="a:Annotation">
            <a:s r="1">
               <a:s>using </a:s>
               <a:s>
                  <a:s>QDM</a:s>
               </a:s>
               <a:s> version '5.6'</a:s>
            </a:s>
         </annotation>
      </def>
   </usings>
   <includes>
      <def localId="2" locator="5:1-5:67" localIdentifier="Global" path="MATGlobalCommonFunctionsQDM" version="8.0.000">
         <annotation xsi:type="a:Annotation">
            <a:s r="2">
               <a:s>include </a:s>
               <a:s>
                  <a:s>MATGlobalCommonFunctionsQDM</a:s>
               </a:s>
               <a:s> version '8.0.000' called Global</a:s>
            </a:s>
         </annotation>
      </def>
      <def localId="3" locator="6:1-6:65" localIdentifier="AlaraCommon" path="AlaraCommonFunctions" version="1.4.000">
         <annotation xsi:type="a:Annotation">
            <a:s r="3">
               <a:s>include </a:s>
               <a:s>
                  <a:s>AlaraCommonFunctions</a:s>
               </a:s>
               <a:s> version '1.4.000' called AlaraCommon</a:s>
            </a:s>
         </annotation>
      </def>
   </includes>
   <parameters>
      <def localId="15" locator="18:1-18:49" name="Measurement Period" accessLevel="Public">
         <annotation xsi:type="a:Annotation">
            <a:s r="15">
               <a:s>parameter &quot;Measurement Period&quot; </a:s>
               <a:s r="14">
                  <a:s>Interval&lt;</a:s>
                  <a:s r="13">
                     <a:s>DateTime</a:s>
                  </a:s>
                  <a:s>></a:s>
               </a:s>
            </a:s>
         </annotation>
         <parameterTypeSpecifier localId="14" locator="18:32-18:49" xsi:type="IntervalTypeSpecifier">
            <pointType localId="13" locator="18:41-18:48" name="t:DateTime" xsi:type="NamedTypeSpecifier"/>
         </parameterTypeSpecifier>
      </def>
   </parameters>
   <codeSystems>
      <def localId="4" locator="8:1-8:51" name="LOINC" id="urn:oid:2.16.840.1.113883.6.1" accessLevel="Public">
         <annotation xsi:type="a:Annotation">
            <a:s r="4">
               <a:s>codesystem &quot;LOINC&quot;: 'urn:oid:2.16.840.1.113883.6.1'</a:s>
            </a:s>
         </annotation>
      </def>
   </codeSystems>
   <valueSets>
      <def localId="5" locator="10:1-10:58" name="Ethnicity" id="urn:oid:2.16.840.1.114222.4.11.837" accessLevel="Public">
         <annotation xsi:type="a:Annotation">
            <a:s r="5">
               <a:s>valueset &quot;Ethnicity&quot;: 'urn:oid:2.16.840.1.114222.4.11.837'</a:s>
            </a:s>
         </annotation>
      </def>
      <def localId="6" locator="11:1-11:68" name="ONC Administrative Sex" id="urn:oid:2.16.840.1.113762.1.4.1" accessLevel="Public">
         <annotation xsi:type="a:Annotation">
            <a:s r="6">
               <a:s>valueset &quot;ONC Administrative Sex&quot;: 'urn:oid:2.16.840.1.113762.1.4.1'</a:s>
            </a:s>
         </annotation>
      </def>
      <def localId="7" locator="12:1-12:60" name="Payer Type" id="urn:oid:2.16.840.1.114222.4.11.3591" accessLevel="Public">
         <annotation xsi:type="a:Annotation">
            <a:s r="7">
               <a:s>valueset &quot;Payer Type&quot;: 'urn:oid:2.16.840.1.114222.4.11.3591'</a:s>
            </a:s>
         </annotation>
      </def>
      <def localId="8" locator="13:1-13:53" name="Race" id="urn:oid:2.16.840.1.114222.4.11.836" accessLevel="Public">
         <annotation xsi:type="a:Annotation">
            <a:s r="8">
               <a:s>valueset &quot;Race&quot;: 'urn:oid:2.16.840.1.114222.4.11.836'</a:s>
            </a:s>
         </annotation>
      </def>
   </valueSets>
   <codes>
      <def localId="10" locator="15:1-15:110" name="CT dose and image quality category" id="96914-7" display="CT dose and image quality category" accessLevel="Public">
         <annotation xsi:type="a:Annotation">
            <a:s r="10">
               <a:s>code &quot;CT dose and image quality category&quot;: '96914-7' from </a:s>
               <a:s r="9">
                  <a:s>&quot;LOINC&quot;</a:s>
               </a:s>
               <a:s> display 'CT dose and image quality category'</a:s>
            </a:s>
         </annotation>
         <codeSystem localId="9" locator="15:59-15:65" name="LOINC"/>
      </def>
      <def localId="12" locator="16:1-16:62" name="Full Body" id="LA31771-1" display="Full Body" accessLevel="Public">
         <annotation xsi:type="a:Annotation">
            <a:s r="12">
               <a:s>code &quot;Full Body&quot;: 'LA31771-1' from </a:s>
               <a:s r="11">
                  <a:s>&quot;LOINC&quot;</a:s>
               </a:s>
               <a:s> display 'Full Body'</a:s>
            </a:s>
         </annotation>
         <codeSystem localId="11" locator="16:36-16:42" name="LOINC"/>
      </def>
   </codes>
   <contexts>
      <def locator="20:1-20:15" name="Patient"/>
   </contexts>
   <statements>
      <def locator="20:1-20:15" name="Patient" context="Patient">
         <expression xsi:type="SingletonFrom">
            <operand locator="20:1-20:15" xmlns:ns0="urn:healthit-gov:qdm:v5_6" dataType="ns0:Patient" templateId="Patient" xsi:type="Retrieve"/>
         </expression>
      </def>
      <def localId="17" locator="22:1-23:51" name="SDE Ethnicity" context="Patient" accessLevel="Public">
         <annotation xsi:type="a:Annotation">
            <a:s r="17">
               <a:s>define &quot;SDE Ethnicity&quot;:
  </a:s>
               <a:s r="16">
                  <a:s>[&quot;Patient Characteristic Ethnicity&quot;: </a:s>
                  <a:s>
                     <a:s>&quot;Ethnicity&quot;</a:s>
                  </a:s>
                  <a:s>]</a:s>
               </a:s>
            </a:s>
         </annotation>
         <expression localId="16" locator="23:3-23:51" xmlns:ns1="urn:healthit-gov:qdm:v5_6" dataType="ns1:PatientCharacteristicEthnicity" codeProperty="code" codeComparator="in" xsi:type="Retrieve">
            <codes locator="23:40-23:50" name="Ethnicity" preserve="true" xsi:type="ValueSetRef"/>
         </expression>
      </def>
      <def localId="19" locator="25:1-26:41" name="SDE Race" context="Patient" accessLevel="Public">
         <annotation xsi:type="a:Annotation">
            <a:s r="19">
               <a:s>define &quot;SDE Race&quot;:
  </a:s>
               <a:s r="18">
                  <a:s>[&quot;Patient Characteristic Race&quot;: </a:s>
                  <a:s>
                     <a:s>&quot;Race&quot;</a:s>
                  </a:s>
                  <a:s>]</a:s>
               </a:s>
            </a:s>
         </annotation>
         <expression localId="18" locator="26:3-26:41" xmlns:ns2="urn:healthit-gov:qdm:v5_6" dataType="ns2:PatientCharacteristicRace" codeProperty="code" codeComparator="in" xsi:type="Retrieve">
            <codes locator="26:35-26:40" name="Race" preserve="true" xsi:type="ValueSetRef"/>
         </expression>
      </def>
      <def localId="21" locator="28:1-29:58" name="SDE Sex" context="Patient" accessLevel="Public">
         <annotation xsi:type="a:Annotation">
            <a:s r="21">
               <a:s>define &quot;SDE Sex&quot;:
  </a:s>
               <a:s r="20">
                  <a:s>[&quot;Patient Characteristic Sex&quot;: </a:s>
                  <a:s>
                     <a:s>&quot;ONC Administrative Sex&quot;</a:s>
                  </a:s>
                  <a:s>]</a:s>
               </a:s>
            </a:s>
         </annotation>
         <expression localId="20" locator="29:3-29:58" xmlns:ns3="urn:healthit-gov:qdm:v5_6" dataType="ns3:PatientCharacteristicSex" codeProperty="code" codeComparator="in" xsi:type="Retrieve">
            <codes locator="29:34-29:57" name="ONC Administrative Sex" preserve="true" xsi:type="ValueSetRef"/>
         </expression>
      </def>
      <def localId="23" locator="31:1-32:48" name="SDE Payer" context="Patient" accessLevel="Public">
         <annotation xsi:type="a:Annotation">
            <a:s r="23">
               <a:s>define &quot;SDE Payer&quot;:
  </a:s>
               <a:s r="22">
                  <a:s>[&quot;Patient Characteristic Payer&quot;: </a:s>
                  <a:s>
                     <a:s>&quot;Payer Type&quot;</a:s>
                  </a:s>
                  <a:s>]</a:s>
               </a:s>
            </a:s>
         </annotation>
         <expression localId="22" locator="32:3-32:48" xmlns:ns4="urn:healthit-gov:qdm:v5_6" dataType="ns4:PatientCharacteristicPayer" codeProperty="code" codeComparator="in" xsi:type="Retrieve">
            <codes locator="32:36-32:47" name="Payer Type" preserve="true" xsi:type="ValueSetRef"/>
         </expression>
      </def>
      <def localId="41" locator="34:1-37:63" name="Patients with Qualifying CTScan" context="Patient" accessLevel="Public">
         <annotation xsi:type="a:Annotation">
            <a:s r="41">
               <a:s>define &quot;Patients with Qualifying CTScan&quot;:
  </a:s>
               <a:s r="40">
                  <a:s>
                     <a:s r="25">
                        <a:s r="24">
                           <a:s r="24">
                              <a:s>[&quot;Diagnostic Study, Performed&quot;: </a:s>
                              <a:s>
                                 <a:s>&quot;CT dose and image quality category&quot;</a:s>
                              </a:s>
                              <a:s>]</a:s>
                           </a:s>
                        </a:s>
                        <a:s> CTScanResult</a:s>
                     </a:s>
                  </a:s>
                  <a:s>
    </a:s>
                  <a:s r="39">
                     <a:s>where </a:s>
                     <a:s r="39">
                        <a:s r="33">
                           <a:s r="31">
                              <a:s r="26">
                                 <a:s>Global</a:s>
                              </a:s>
                              <a:s>.</a:s>
                              <a:s r="31">
                                 <a:s>&quot;NormalizeInterval&quot; ( </a:s>
                                 <a:s r="28">
                                    <a:s r="27">
                                       <a:s>CTScanResult</a:s>
                                    </a:s>
                                    <a:s>.</a:s>
                                    <a:s r="28">
                                       <a:s>relevantDatetime</a:s>
                                    </a:s>
                                 </a:s>
                                 <a:s>, </a:s>
                                 <a:s r="30">
                                    <a:s r="29">
                                       <a:s>CTScanResult</a:s>
                                    </a:s>
                                    <a:s>.</a:s>
                                    <a:s r="30">
                                       <a:s>relevantPeriod</a:s>
                                    </a:s>
                                 </a:s>
                                 <a:s> )</a:s>
                              </a:s>
                           </a:s>
                           <a:s r="33"> ends during day of </a:s>
                           <a:s r="32">
                              <a:s>&quot;Measurement Period&quot;</a:s>
                           </a:s>
                        </a:s>
                        <a:s>
      and </a:s>
                        <a:s r="38">
                           <a:s>( </a:s>
                           <a:s r="38">
                              <a:s r="36">
                                 <a:s>AgeInYearsAt(</a:s>
                                 <a:s r="35">
                                    <a:s>start of </a:s>
                                    <a:s r="34">
                                       <a:s>&quot;Measurement Period&quot;</a:s>
                                    </a:s>
                                 </a:s>
                                 <a:s>)</a:s>
                              </a:s>
                              <a:s r="37"> >= 18</a:s>
                           </a:s>
                           <a:s> )</a:s>
                        </a:s>
                     </a:s>
                  </a:s>
               </a:s>
            </a:s>
         </annotation>
         <expression localId="40" locator="35:3-37:63" xsi:type="Query">
            <source localId="25" locator="35:3-35:84" alias="CTScanResult">
               <expression localId="24" locator="35:3-35:71" xmlns:ns5="urn:healthit-gov:qdm:v5_6" dataType="ns5:PositiveDiagnosticStudyPerformed" templateId="PositiveDiagnosticStudyPerformed" codeProperty="code" codeComparator="~" xsi:type="Retrieve">
                  <codes xsi:type="ToList">
                     <operand locator="35:35-35:70" name="CT dose and image quality category" xsi:type="CodeRef"/>
                  </codes>
               </expression>
            </source>
            <where localId="39" locator="36:5-37:63" xsi:type="And">
               <operand localId="33" locator="36:11-36:139" precision="Day" xsi:type="In">
                  <operand locator="36:101-36:104" xsi:type="End">
                     <operand localId="31" locator="36:11-36:99" name="NormalizeInterval" libraryName="Global" xsi:type="FunctionRef">
                        <operand localId="28" locator="36:40-36:68" path="relevantDatetime" scope="CTScanResult" xsi:type="Property"/>
                        <operand localId="30" locator="36:71-36:97" path="relevantPeriod" scope="CTScanResult" xsi:type="Property"/>
                     </operand>
                  </operand>
                  <operand localId="32" locator="36:120-36:139" name="Measurement Period" xsi:type="ParameterRef"/>
               </operand>
               <operand localId="38" locator="37:11-37:63" xsi:type="GreaterOrEqual">
                  <operand localId="36" locator="37:13-37:55" precision="Year" xsi:type="CalculateAgeAt">
                     <operand path="birthDatetime" xsi:type="Property">
                        <source name="Patient" xsi:type="ExpressionRef"/>
                     </operand>
                     <operand localId="35" locator="37:26-37:54" xsi:type="Start">
                        <operand localId="34" locator="37:35-37:54" name="Measurement Period" xsi:type="ParameterRef"/>
                     </operand>
                  </operand>
                  <operand localId="37" locator="37:60-37:61" valueType="t:Integer" value="18" xsi:type="Literal"/>
               </operand>
            </where>
         </expression>
      </def>
      <def localId="44" locator="39:1-40:46" name="Initial Population" context="Patient" accessLevel="Public">
         <annotation xsi:type="a:Annotation">
            <a:s r="44">
               <a:s>define &quot;Initial Population&quot;:
  </a:s>
               <a:s r="43">
                  <a:s>exists </a:s>
                  <a:s r="42">
                     <a:s>( </a:s>
                     <a:s r="42">
                        <a:s>&quot;Patients with Qualifying CTScan&quot;</a:s>
                     </a:s>
                     <a:s> )</a:s>
                  </a:s>
               </a:s>
            </a:s>
         </annotation>
         <expression localId="43" locator="40:3-40:46" xsi:type="Exists">
            <operand localId="42" locator="40:10-40:46" name="Patients with Qualifying CTScan" xsi:type="ExpressionRef"/>
         </expression>
      </def>
      <def localId="61" locator="42:1-46:45" name="Patients with Qualifying CTScan with Values" context="Patient" accessLevel="Public">
         <annotation xsi:type="a:Annotation">
            <a:s r="61">
               <a:s>define &quot;Patients with Qualifying CTScan with Values&quot;:
  </a:s>
               <a:s r="60">
                  <a:s>
                     <a:s r="46">
                        <a:s r="45">
                           <a:s>
                              <a:s>&quot;Patients with Qualifying CTScan&quot;</a:s>
                           </a:s>
                        </a:s>
                        <a:s> QualifyingCTScan</a:s>
                     </a:s>
                  </a:s>
                  <a:s>
    </a:s>
                  <a:s r="59">
                     <a:s>where </a:s>
                     <a:s r="59">
                        <a:s r="55">
                           <a:s r="50">
                              <a:s r="49">
                                 <a:s r="47">
                                    <a:s>AlaraCommon</a:s>
                                 </a:s>
                                 <a:s>.</a:s>
                                 <a:s r="49">
                                    <a:s>&quot;Global Noise Value&quot; ( </a:s>
                                    <a:s r="48">
                                       <a:s>QualifyingCTScan</a:s>
                                    </a:s>
                                    <a:s> )</a:s>
                                 </a:s>
                              </a:s>
                              <a:s> is not null</a:s>
                           </a:s>
                           <a:s>
      and </a:s>
                           <a:s r="54">
                              <a:s r="53">
                                 <a:s r="51">
                                    <a:s>AlaraCommon</a:s>
                                 </a:s>
                                 <a:s>.</a:s>
                                 <a:s r="53">
                                    <a:s>&quot;Size Adjusted Value&quot; ( </a:s>
                                    <a:s r="52">
                                       <a:s>QualifyingCTScan</a:s>
                                    </a:s>
                                    <a:s> )</a:s>
                                 </a:s>
                              </a:s>
                              <a:s> is not null</a:s>
                           </a:s>
                        </a:s>
                        <a:s>
      and </a:s>
                        <a:s r="58">
                           <a:s r="57">
                              <a:s r="56">
                                 <a:s>QualifyingCTScan</a:s>
                              </a:s>
                              <a:s>.</a:s>
                              <a:s r="57">
                                 <a:s>result</a:s>
                              </a:s>
                           </a:s>
                           <a:s> is not null</a:s>
                        </a:s>
                     </a:s>
                  </a:s>
               </a:s>
            </a:s>
         </annotation>
         <expression localId="60" locator="43:3-46:45" xsi:type="Query">
            <source localId="46" locator="43:3-43:52" alias="QualifyingCTScan">
               <expression localId="45" locator="43:3-43:35" name="Patients with Qualifying CTScan" xsi:type="ExpressionRef"/>
            </source>
            <where localId="59" locator="44:5-46:45" xsi:type="And">
               <operand localId="55" locator="44:11-45:76" xsi:type="And">
                  <operand localId="50" locator="44:11-44:75" xsi:type="Not">
                     <operand locator="44:11-44:75" xsi:type="IsNull">
                        <operand localId="49" locator="44:11-44:63" name="Global Noise Value" libraryName="AlaraCommon" xsi:type="FunctionRef">
                           <operand localId="48" locator="44:46-44:61" name="QualifyingCTScan" xsi:type="AliasRef"/>
                        </operand>
                     </operand>
                  </operand>
                  <operand localId="54" locator="45:11-45:76" xsi:type="Not">
                     <operand locator="45:11-45:76" xsi:type="IsNull">
                        <operand localId="53" locator="45:11-45:64" name="Size Adjusted Value" libraryName="AlaraCommon" xsi:type="FunctionRef">
                           <operand localId="52" locator="45:47-45:62" name="QualifyingCTScan" xsi:type="AliasRef"/>
                        </operand>
                     </operand>
                  </operand>
               </operand>
               <operand localId="58" locator="46:11-46:45" xsi:type="Not">
                  <operand locator="46:11-46:45" xsi:type="IsNull">
                     <operand localId="57" locator="46:11-46:33" path="result" scope="QualifyingCTScan" xsi:type="Property"/>
                  </operand>
               </operand>
            </where>
         </expression>
      </def>
      <def localId="64" locator="48:1-49:58" name="Denominator" context="Patient" accessLevel="Public">
         <annotation xsi:type="a:Annotation">
            <a:s r="64">
               <a:s>define &quot;Denominator&quot;:
  </a:s>
               <a:s r="63">
                  <a:s>exists </a:s>
                  <a:s r="62">
                     <a:s>( </a:s>
                     <a:s r="62">
                        <a:s>&quot;Patients with Qualifying CTScan with Values&quot;</a:s>
                     </a:s>
                     <a:s> )</a:s>
                  </a:s>
               </a:s>
            </a:s>
         </annotation>
         <expression localId="63" locator="49:3-49:58" xsi:type="Exists">
            <operand localId="62" locator="49:10-49:58" name="Patients with Qualifying CTScan with Values" xsi:type="ExpressionRef"/>
         </expression>
      </def>
      <def localId="72" locator="51:1-54:3" name="Numerator" context="Patient" accessLevel="Public">
         <annotation xsi:type="a:Annotation">
            <a:s r="72">
               <a:s>define &quot;Numerator&quot;:
  </a:s>
               <a:s r="71">
                  <a:s>exists </a:s>
                  <a:s r="70">
                     <a:s>( </a:s>
                     <a:s r="70">
                        <a:s>
                           <a:s r="66">
                              <a:s r="65">
                                 <a:s>
                                    <a:s>&quot;Patients with Qualifying CTScan with Values&quot;</a:s>
                                 </a:s>
                              </a:s>
                              <a:s> CTScan</a:s>
                           </a:s>
                        </a:s>
                        <a:s>
      </a:s>
                        <a:s r="69">
                           <a:s>where </a:s>
                           <a:s r="69">
                              <a:s r="67">
                                 <a:s>AlaraCommon</a:s>
                              </a:s>
                              <a:s>.</a:s>
                              <a:s r="69">
                                 <a:s>&quot;CT Scan Qualifies&quot; ( </a:s>
                                 <a:s r="68">
                                    <a:s>CTScan</a:s>
                                 </a:s>
                                 <a:s> )</a:s>
                              </a:s>
                           </a:s>
                        </a:s>
                     </a:s>
                     <a:s>
  )</a:s>
                  </a:s>
               </a:s>
            </a:s>
         </annotation>
         <expression localId="71" locator="52:3-54:3" xsi:type="Exists">
            <operand localId="70" locator="52:10-54:3" xsi:type="Query">
               <source localId="66" locator="52:12-52:63" alias="CTScan">
                  <expression localId="65" locator="52:12-52:56" name="Patients with Qualifying CTScan with Values" xsi:type="ExpressionRef"/>
               </source>
               <where localId="69" locator="53:7-53:54" name="CT Scan Qualifies" libraryName="AlaraCommon" xsi:type="FunctionRef">
                  <operand localId="68" locator="53:47-53:52" name="CTScan" xsi:type="AliasRef"/>
               </where>
            </operand>
         </expression>
      </def>
      <def localId="81" locator="56:1-59:3" name="Denominator Exclusion" context="Patient" accessLevel="Public">
         <annotation xsi:type="a:Annotation">
            <a:s r="81">
               <a:s>define &quot;Denominator Exclusion&quot;:
  </a:s>
               <a:s r="80">
                  <a:s>exists </a:s>
                  <a:s r="79">
                     <a:s>( </a:s>
                     <a:s r="79">
                        <a:s>
                           <a:s r="74">
                              <a:s r="73">
                                 <a:s>
                                    <a:s>&quot;Patients with Qualifying CTScan with Values&quot;</a:s>
                                 </a:s>
                              </a:s>
                              <a:s> CTScan</a:s>
                           </a:s>
                        </a:s>
                        <a:s>
      </a:s>
                        <a:s r="78">
                           <a:s>where </a:s>
                           <a:s r="78">
                              <a:s r="76">
                                 <a:s r="75">
                                    <a:s>CTScan</a:s>
                                 </a:s>
                                 <a:s>.</a:s>
                                 <a:s r="76">
                                    <a:s>result</a:s>
                                 </a:s>
                              </a:s>
                              <a:s> ~ </a:s>
                              <a:s r="77">
                                 <a:s>&quot;Full Body&quot;</a:s>
                              </a:s>
                           </a:s>
                        </a:s>
                     </a:s>
                     <a:s>
  )</a:s>
                  </a:s>
               </a:s>
            </a:s>
         </annotation>
         <expression localId="80" locator="57:3-59:3" xsi:type="Exists">
            <operand localId="79" locator="57:10-59:3" xsi:type="Query">
               <source localId="74" locator="57:12-57:63" alias="CTScan">
                  <expression localId="73" locator="57:12-57:56" name="Patients with Qualifying CTScan with Values" xsi:type="ExpressionRef"/>
               </source>
               <where localId="78" locator="58:7-58:39" xsi:type="Equivalent">
                  <operand asType="t:Code" xsi:type="As">
                     <operand localId="76" locator="58:13-58:25" path="result" scope="CTScan" xsi:type="Property"/>
                  </operand>
                  <operand localId="77" locator="58:29-58:39" name="Full Body" xsi:type="CodeRef"/>
               </where>
            </operand>
         </expression>
      </def>
   </statements>
</library>
