<?xml version="1.0" encoding="UTF-8" standalone="yes"?>
<QualityMeasureDocument xmlns="urn:hl7-org:v3" xmlns:cql-ext="urn:hhs-cql:hqmf-n1-extensions:v1"
                        xmlns:xsi="http://www.w3.org/2001/XMLSchema-instance">

      <!--
            **************************************************************
            Measure Details Section
            **************************************************************
        -->

      <typeId extension="POQM_HD000001UV02" root="2.16.840.1.113883.1.3"/>
   <templateId>
      <item extension="2021-02-01" root="2.16.840.1.113883.10.20.28.1.2"/>
   </templateId>
   <id root="8a6d044d-8db3-0572-018d-d65db35c0720"/>
   <code code="57024-2" codeSystem="2.16.840.1.113883.6.1">
      <displayName value="Health Quality Measure Document"/>
   </code>
   <title
          value="Excessive Radiation Dose or Inadequate Image Quality for Diagnostic Computed Tomography (CT) in Adults (Facility IQR)"/>
   <text
         value="This measure provides a standardized method for monitoring the performance of diagnostic CT to discourage unnecessarily high radiation doses, a risk factor for cancer, while preserving image quality. This measure is expressed as a percentage of CT exams that are out-of-range based on having either excessive radiation dose or inadequate image quality relative to evidence-based thresholds based on the clinical indication for the exam. All diagnostic CT exams of specified anatomic sites performed in hospital inpatient care settings are eligible. This eCQM requires the use of additional software to access primary data elements stored within radiology electronic health records and translate them into data elements that can be ingested by this eCQM. Additional details are included in the Guidance field."/>
   <statusCode code="COMPLETED"/>
   <setId root="208faa56-5ce9-4181-84d9-f100a5693062"/>
   <versionNumber value="2.0.000"/>
   <author>
      <responsibleParty classCode="ASSIGNED">
         <representedResponsibleOrganization classCode="ORG" determinerCode="INSTANCE">
            <id>
               <item root="e960570e-a69f-11ea-bb37-0242ac130002"/>
            </id>
            <name>
               <item>
                  <part value="University of California San Francisco"/>
               </item>
            </name>
         </representedResponsibleOrganization>
      </responsibleParty>
   </author>
   <custodian>
      <responsibleParty classCode="ASSIGNED">
         <representedResponsibleOrganization classCode="ORG" determinerCode="INSTANCE">
            <id>
               <item root="220"/>
            </id>
            <name>
               <item>
                  <part value="Alara Imaging, Inc."/>
               </item>
            </name>
         </representedResponsibleOrganization>
      </responsibleParty>
   </custodian>
   <!--Encounter Inpatient-->
     	 <definition>
      <valueSet classCode="OBS" moodCode="DEF">
         <id root="2.16.840.1.113883.3.666.5.307"/>
         <title value="Encounter Inpatient"/>
      </valueSet>
   </definition>
   <!--ONC Administrative Sex-->
     	 <definition>
      <valueSet classCode="OBS" moodCode="DEF">
         <id root="2.16.840.1.113762.1.4.1"/>
         <title value="ONC Administrative Sex"/>
      </valueSet>
   </definition>
   <!--Ethnicity-->
     	 <definition>
      <valueSet classCode="OBS" moodCode="DEF">
         <id root="2.16.840.1.114222.4.11.837"/>
         <title value="Ethnicity"/>
      </valueSet>
   </definition>
   <!--Race-->
     	 <definition>
      <valueSet classCode="OBS" moodCode="DEF">
         <id root="2.16.840.1.114222.4.11.836"/>
         <title value="Race"/>
      </valueSet>
   </definition>
   <!--Payer Type-->
     	 <definition>
      <valueSet classCode="OBS" moodCode="DEF">
         <id root="2.16.840.1.114222.4.11.3591"/>
         <title value="Payer Type"/>
      </valueSet>
   </definition>
   <!--CT dose and image quality category-CODE:/CodeSystem/LOINC/Version/2.76/Code/96914-7/Info-->
      <definition>
      <cql-ext:code code="96914-7" codeSystem="2.16.840.1.113883.6.1" codeSystemName="LOINC">
         <displayName value="CT dose and image quality category"/>
      </cql-ext:code>
   </definition>
   <!--Head Low Dose-CODE:/CodeSystem/LOINC/Version/2.76/Code/LA31762-0/Info-->
      <definition>
      <cql-ext:code code="LA31762-0" codeSystem="2.16.840.1.113883.6.1" codeSystemName="LOINC">
         <displayName value="Head Low Dose"/>
      </cql-ext:code>
   </definition>
   <!--Extremity-CODE:/CodeSystem/LOINC/Version/2.76/Code/LA31765-3/Info-->
      <definition>
      <cql-ext:code code="LA31765-3" codeSystem="2.16.840.1.113883.6.1" codeSystemName="LOINC">
         <displayName value="Extremity"/>
      </cql-ext:code>
   </definition>
   <!--Thoracic or Lumbar Spine-CODE:/CodeSystem/LOINC/Version/2.76/Code/LA31767-9/Info-->
      <definition>
      <cql-ext:code code="LA31767-9" codeSystem="2.16.840.1.113883.6.1" codeSystemName="LOINC">
         <displayName value="Thoracic or Lumbar Spine"/>
      </cql-ext:code>
   </definition>
   <!--Simultaneous Thoracic and Lumbar Spine-CODE:/CodeSystem/LOINC/Version/2.76/Code/LA31851-1/Info-->
      <definition>
      <cql-ext:code code="LA31851-1" codeSystem="2.16.840.1.113883.6.1" codeSystemName="LOINC">
         <displayName value="Simultaneous Thoracic and Lumbar Spine"/>
      </cql-ext:code>
   </definition>
   <!--Chest Routine Dose-CODE:/CodeSystem/LOINC/Version/2.76/Code/LA31759-6/Info-->
      <definition>
      <cql-ext:code code="LA31759-6" codeSystem="2.16.840.1.113883.6.1" codeSystemName="LOINC">
         <displayName value="Chest Routine Dose"/>
      </cql-ext:code>
   </definition>
   <!--Cardiac Low Dose-CODE:/CodeSystem/LOINC/Version/2.76/Code/LA31755-4/Info-->
      <definition>
      <cql-ext:code code="LA31755-4" codeSystem="2.16.840.1.113883.6.1" codeSystemName="LOINC">
         <displayName value="Cardiac Low Dose"/>
      </cql-ext:code>
   </definition>
   <!--Chest Low Dose-CODE:/CodeSystem/LOINC/Version/2.76/Code/LA31758-8/Info-->
      <definition>
      <cql-ext:code code="LA31758-8" codeSystem="2.16.840.1.113883.6.1" codeSystemName="LOINC">
         <displayName value="Chest Low Dose"/>
      </cql-ext:code>
   </definition>
   <!--Abdomen and Pelvis High Dose-CODE:/CodeSystem/LOINC/Version/2.76/Code/LA31754-7/Info-->
      <definition>
      <cql-ext:code code="LA31754-7" codeSystem="2.16.840.1.113883.6.1" codeSystemName="LOINC">
         <displayName value="Abdomen and Pelvis High Dose"/>
      </cql-ext:code>
   </definition>
   <!--Cardiac High Dose or Chest High Dose-CODE:/CodeSystem/LOINC/Version/2.76/Code/LA31761-2/Info-->
      <definition>
      <cql-ext:code code="LA31761-2" codeSystem="2.16.840.1.113883.6.1" codeSystemName="LOINC">
         <displayName value="Cardiac High Dose or Chest High Dose"/>
      </cql-ext:code>
   </definition>
   <!--Simultaneous Chest and Abdomen and Pelvis-CODE:/CodeSystem/LOINC/Version/2.76/Code/LA31768-7/Info-->
      <definition>
      <cql-ext:code code="LA31768-7" codeSystem="2.16.840.1.113883.6.1" codeSystemName="LOINC">
         <displayName value="Simultaneous Chest and Abdomen and Pelvis"/>
      </cql-ext:code>
   </definition>
   <!--Simultaneous Head and Neck Routine Dose-CODE:/CodeSystem/LOINC/Version/2.76/Code/LA31769-5/Info-->
      <definition>
      <cql-ext:code code="LA31769-5" codeSystem="2.16.840.1.113883.6.1" codeSystemName="LOINC">
         <displayName value="Simultaneous Head and Neck Routine Dose"/>
      </cql-ext:code>
   </definition>
   <!--Calculated CT size-adjusted dose-CODE:/CodeSystem/LOINC/Version/2.76/Code/96913-9/Info-->
      <definition>
      <cql-ext:code code="96913-9" codeSystem="2.16.840.1.113883.6.1" codeSystemName="LOINC">
         <displayName value="Calculated CT size-adjusted dose"/>
      </cql-ext:code>
   </definition>
   <!--Abdomen and Pelvis Low Dose-CODE:/CodeSystem/LOINC/Version/2.76/Code/LA31752-1/Info-->
      <definition>
      <cql-ext:code code="LA31752-1" codeSystem="2.16.840.1.113883.6.1" codeSystemName="LOINC">
         <displayName value="Abdomen and Pelvis Low Dose"/>
      </cql-ext:code>
   </definition>
   <!--Head High Dose-CODE:/CodeSystem/LOINC/Version/2.76/Code/LA31764-6/Info-->
      <definition>
      <cql-ext:code code="LA31764-6" codeSystem="2.16.840.1.113883.6.1" codeSystemName="LOINC">
         <displayName value="Head High Dose"/>
      </cql-ext:code>
   </definition>
   <!--Head Routine Dose-CODE:/CodeSystem/LOINC/Version/2.76/Code/LA31763-8/Info-->
      <definition>
      <cql-ext:code code="LA31763-8" codeSystem="2.16.840.1.113883.6.1" codeSystemName="LOINC">
         <displayName value="Head Routine Dose"/>
      </cql-ext:code>
   </definition>
   <!--Simultaneous Head and Neck High Dose-CODE:/CodeSystem/LOINC/Version/2.76/Code/LA31770-3/Info-->
      <definition>
      <cql-ext:code code="LA31770-3" codeSystem="2.16.840.1.113883.6.1" codeSystemName="LOINC">
         <displayName value="Simultaneous Head and Neck High Dose"/>
      </cql-ext:code>
   </definition>
   <!--Calculated CT global noise-CODE:/CodeSystem/LOINC/Version/2.76/Code/96912-1/Info-->
      <definition>
      <cql-ext:code code="96912-1" codeSystem="2.16.840.1.113883.6.1" codeSystemName="LOINC">
         <displayName value="Calculated CT global noise"/>
      </cql-ext:code>
   </definition>
   <!--Cardiac Routine Dose-CODE:/CodeSystem/LOINC/Version/2.76/Code/LA31756-2/Info-->
      <definition>
      <cql-ext:code code="LA31756-2" codeSystem="2.16.840.1.113883.6.1" codeSystemName="LOINC">
         <displayName value="Cardiac Routine Dose"/>
      </cql-ext:code>
   </definition>
   <!--Full Body-CODE:/CodeSystem/LOINC/Version/2.76/Code/LA31771-1/Info-->
      <definition>
      <cql-ext:code code="LA31771-1" codeSystem="2.16.840.1.113883.6.1" codeSystemName="LOINC">
         <displayName value="Full Body"/>
      </cql-ext:code>
   </definition>
   <!--Abdomen and Pelvis Routine Dose-CODE:/CodeSystem/LOINC/Version/2.76/Code/LA31753-9/Info-->
      <definition>
      <cql-ext:code code="LA31753-9" codeSystem="2.16.840.1.113883.6.1" codeSystemName="LOINC">
         <displayName value="Abdomen and Pelvis Routine Dose"/>
      </cql-ext:code>
   </definition>
   <!--Neck or Cervical Spine-CODE:/CodeSystem/LOINC/Version/2.76/Code/LA31766-1/Info-->
      <definition>
      <cql-ext:code code="LA31766-1" codeSystem="2.16.840.1.113883.6.1" codeSystemName="LOINC">
         <displayName value="Neck or Cervical Spine"/>
      </cql-ext:code>
   </definition>
   <relatedDocument typeCode="COMP">
      <expressionDocument>
         <id root="9189B554-7C4A-4A5A-B1FA-9504C1957B35"/>
         <text mediaType="text/cql">
            <reference value="https://emeasuretool.cms.gov/libraries/208faa56-5ce9-4181-84d9-f100a5693062/CMS1074-v2-0-000-QDM-5-6.cql"/>
            <translation mediaType="application/elm+xml">
               <reference value="https://emeasuretool.cms.gov/libraries/208faa56-5ce9-4181-84d9-f100a5693062/CMS1074-v2-0-000-QDM-5-6.xml"/>
            </translation>
            <translation mediaType="application/elm+json">
               <reference value="https://emeasuretool.cms.gov/libraries/208faa56-5ce9-4181-84d9-f100a5693062/CMS1074-v2-0-000-QDM-5-6.json"/>
            </translation>
         </text>
         <setId extension="208faa56-5ce9-4181-84d9-f100a5693062" identifierName="AlaraCTIQR"
                root="https://emeasuretool.cms.gov/libraries"/>
         <versionNumber value="2.0.000"/>
      </expressionDocument>
   </relatedDocument>
   <relatedDocument typeCode="COMP">
      <expressionDocument>
         <id root="8a6d04138d31a32c018da8759d801f85"/>
         <text mediaType="text/cql">
            <reference value="https://emeasuretool.cms.gov/libraries/6a83deef-51f1-4acf-a618-0d70154e5c14/AlaraCommonFunctions-v1-4-000-QDM-5-6.cql"/>
            <translation mediaType="application/elm+xml">
               <reference value="https://emeasuretool.cms.gov/libraries/6a83deef-51f1-4acf-a618-0d70154e5c14/AlaraCommonFunctions-v1-4-000-QDM-5-6.xml"/>
            </translation>
            <translation mediaType="application/elm+json">
               <reference value="https://emeasuretool.cms.gov/libraries/6a83deef-51f1-4acf-a618-0d70154e5c14/AlaraCommonFunctions-v1-4-000-QDM-5-6.json"/>
            </translation>
         </text>
         <setId extension="6a83deef-51f1-4acf-a618-0d70154e5c14"
                identifierName="AlaraCommonFunctions"
                root="https://emeasuretool.cms.gov/libraries"/>
         <versionNumber value="1.4.000"/>
      </expressionDocument>
   </relatedDocument>
   <relatedDocument typeCode="COMP">
      <expressionDocument>
         <id root="8a6d042a8c5931d0018c6e282a31073d"/>
         <text mediaType="text/cql">
            <reference value="https://emeasuretool.cms.gov/libraries/8bdc0a19-b210-4a58-8a07-f5d95a34eca9/MATGlobalCommonFunctionsQDM-v8-0-000-QDM-5-6.cql"/>
            <translation mediaType="application/elm+xml">
               <reference value="https://emeasuretool.cms.gov/libraries/8bdc0a19-b210-4a58-8a07-f5d95a34eca9/MATGlobalCommonFunctionsQDM-v8-0-000-QDM-5-6.xml"/>
            </translation>
            <translation mediaType="application/elm+json">
               <reference value="https://emeasuretool.cms.gov/libraries/8bdc0a19-b210-4a58-8a07-f5d95a34eca9/MATGlobalCommonFunctionsQDM-v8-0-000-QDM-5-6.json"/>
            </translation>
         </text>
         <setId extension="8bdc0a19-b210-4a58-8a07-f5d95a34eca9"
                identifierName="MATGlobalCommonFunctionsQDM"
                root="https://emeasuretool.cms.gov/libraries"/>
         <versionNumber value="8.0.000"/>
      </expressionDocument>
   </relatedDocument>
   <controlVariable>
      <measurePeriod>
         <id extension="measureperiod" root="e1d99aa2-6b52-4b26-bd74-4cfd56148641"/>
         <code code="MSRTP" codeSystem="2.16.840.1.113883.5.4">
            <originalText value="Measurement Period"/>
         </code>
         <value xsi:type="PIVL_TS">
            <phase highClosed="true" lowClosed="true">
               <low value="20240101"/>
               <width unit="a" value="1" xsi:type="PQ"/>
            </phase>
            <period unit="a" value="1"/>
         </value>
      </measurePeriod>
   </controlVariable>
   <subjectOf>
      <measureAttribute>
         <code nullFlavor="OTH">
            <originalText value="eCQM Identifier (Measure Authoring Tool)"/>
         </code>
         <value mediaType="text/plain" value="1074" xsi:type="ED"/>
      </measureAttribute>
   </subjectOf>
   <subjectOf>
      <measureAttribute>
         <code nullFlavor="OTH">
            <originalText value="CBE Number"/>
         </code>
         <value mediaType="text/plain" value="3663e" xsi:type="ED"/>
      </measureAttribute>
   </subjectOf>
   <subjectOf>
      <measureAttribute>
         <code code="COPY" codeSystem="2.16.840.1.113883.5.4">
            <displayName value="Copyright"/>
         </code>
         <value mediaType="text/plain"
                value="The translation software was written and will be updated and maintained by Alara Imaging and will be accessible by creating a secure account through Alara’s website.&#xA;&#xA;Copyright (C) 2024 Alara Imaging, Inc. All Rights Reserved. &#xA;&#xA;This Measure and related data specifications are owned by Alara Imaging, Inc. Alara Imaging, Inc. is not responsible for any use of the Measure. Alara Imaging, Inc. makes no representations, warranties, or endorsement about the quality of any organization or physician that uses or reports performance measures and Alara Imaging, Inc. has no liability to anyone who relies on such measures or specifications.&#xA;&#xA;The Measure can be reproduced and distributed, without modification, for noncommercial purposes (e.g., use by healthcare providers in connection with their practices). Commercial use is defined as the sale, licensing, or distribution of the Measure for commercial gain, or incorporation of the Measure into a product or service that is sold, licensed or distributed for commercial gain. All commercial uses or requests for modification must be approved by Alara Imaging, Inc. and are subject to a license at the discretion of Alara Imaging, Inc."
                xsi:type="ED"/>
      </measureAttribute>
   </subjectOf>
   <subjectOf>
      <measureAttribute>
         <code code="DISC" codeSystem="2.16.840.1.113883.5.4">
            <displayName value="Disclaimer"/>
         </code>
         <value mediaType="text/plain"
                value="The Measure is not a clinical guideline, does not establish a standard of medical care, and has not been tested for all potential applications.&#xA;&#xA;Alara Imaging, Inc., the University of California San Francisco, and its members and users shall not be responsible for any use or accuracy of the Measure or any code contained within the Measure. THE MEASURE AND SPECIFICATIONS ARE PROVIDED “AS IS” WITHOUT WARRANTY OF ANY KIND. &#xA;&#xA;Limited proprietary coding is contained in the Measure specifications for convenience. Users of the proprietary code sets should obtain all necessary licenses from the owners of these code sets. Alara Imaging, Inc. disclaims all liability for use or accuracy of any third-party code contained in the specifications. CPT(R) contained in the Measure specifications is copyright 2004-2023 American Medical Association. LOINC(R) is copyright 2004-2023 Regenstrief Institute, Inc. SNOMED Clinical Terms(R) (SNOMED CT[R]) is copyright 2004-2023 International Health Terminology Standards Development Organisation. ICD-10 is copyright 2023 World Health Organization. All Rights Reserved. Due to technical limitations, registered trademarks are indicated by (R) or [R]."
                xsi:type="ED"/>
      </measureAttribute>
   </subjectOf>
   <subjectOf>
      <measureAttribute>
         <code code="MSRSCORE" codeSystem="2.16.840.1.113883.5.4">
            <displayName value="Measure Scoring"/>
         </code>
         <value code="PROPOR" codeSystem="2.16.840.1.113883.5.1063" xsi:type="CD">
            <displayName value="Proportion"/>
         </value>
      </measureAttribute>
   </subjectOf>
   <subjectOf>
      <measureAttribute>
         <code code="MSRTYPE" codeSystem="2.16.840.1.113883.5.4">
            <displayName value="Measure Type"/>
         </code>
         <value code="INTERM-OM" codeSystem="2.16.840.1.113883.5.1063" xsi:type="CD">
            <displayName value="INTERM-OM"/>
         </value>
      </measureAttribute>
   </subjectOf>
   <subjectOf>
      <measureAttribute>
         <code code="STRAT" codeSystem="2.16.840.1.113883.5.4">
            <displayName value="Stratification"/>
         </code>
         <value mediaType="text/plain" value="None" xsi:type="ED"/>
      </measureAttribute>
   </subjectOf>
   <subjectOf>
      <measureAttribute>
         <code code="MSRADJ" codeSystem="2.16.840.1.113883.5.4">
            <displayName value="Risk Adjustment"/>
         </code>
         <value mediaType="text/plain" value="None" xsi:type="ED"/>
      </measureAttribute>
   </subjectOf>
   <subjectOf>
      <measureAttribute>
         <code code="MSRAGG" codeSystem="2.16.840.1.113883.5.4">
            <displayName value="Rate Aggregation"/>
         </code>
         <value mediaType="text/plain" value="None" xsi:type="ED"/>
      </measureAttribute>
   </subjectOf>
   <subjectOf>
      <measureAttribute>
         <code code="RAT" codeSystem="2.16.840.1.113883.5.4">
            <displayName value="Rationale"/>
         </code>
         <value mediaType="text/plain"
                value="Diagnostic imaging using CT occurs in more than a third of acute care hospitalizations in the U.S. (Vance, 2013) and greater than 90 million scans are performed annually in the U.S. (IMV, 2019 ). There is marked observed variation in the radiation doses used to perform these exams (Smith-Bindman, 2019). The inconsistency in how CT exams are performed represents a significant, unnecessary, and modifiable iatrogenic health risk, as there is extensive epidemiological and biological evidence that suggests exposure to radiation in the same range as that routinely delivered by CT increases a person's risk of developing cancer (Board of Radiation Effects, 2006; Grant, 2017; Hong, 2019; Sakata, 2019; Sadakane, 2019; Bernier, 2019; Meulepas, 2019; Brenner, 2020; Berrington de Gonzalez, 2020; Sugiyama, 2020; Hauptmann, 2020; Huang, 2020; Abalo, 2021; Cao, 2022; Hauptmann, 2023). It is estimated that 2% (37,000) of the 1.8 million cancers diagnosed annually in the U.S. are caused by CT exams (Berrington de Gonzalez, 2009; NCI Cancer Statistics, 2020).&#xA;&#xA;The measure focuses on reducing radiation dose in CT, an intermediate outcome directly and proportionally related to cancer prevention. As radiation dose is known to be directly related and proportional to future cancer risk (Board of Radiation Effects, 2006; Berrington de Gonzalez, 2009), any reduction in radiation exposure would be expected to lead to a proportional reduction in cancers. Research suggests that when healthcare organizations and clinicians are provided with a summary of their CT radiation doses, their subsequent doses can be reduced without changing the usefulness of these tests (Smith-Bindman, 2020).&#xA;&#xA;On the basis of the current estimated number of CT scans performed annually in the U.S. (IMV, 2019), distribution in scan types and observed doses (Demb, 2017; Smith-Bindman, 2019), modeling of the cancer risk associated with CT at different ages of exposure (Berrington de Gonzalez, 2009), and costs of cancer care (Dieguez, 2017; Mariotto, 2011), an estimated 13,982 cancers could be prevented among Medicare beneficiaries annually, resulting in $1.86 billion to $5.21 billion annual cost savings. These cost calculations were supported by more recent data on cancer survivorship and costs, which yielded an estimated $3.04 billion dollars in annual costs savings to Medicare. (Mariotto, 2020; NCI Office of Cancer Survivorship, 2022)."
                xsi:type="ED"/>
      </measureAttribute>
   </subjectOf>
   <subjectOf>
      <measureAttribute>
         <code code="CRS" codeSystem="2.16.840.1.113883.5.4">
            <displayName value="Clinical Recommendation Statement"/>
         </code>
         <value mediaType="text/plain"
                value="The measure aligns with numerous evidence- and consensus-based clinical guidelines asking radiologists to track, optimize, and lower CT radiation doses, guidelines that have been written by the American College of Radiology (Kanal, 2017), cardiovascular imaging societies (Hirshfeld, 2018, references a, b and c noted below), Image Gently Alliance, an initiative begun by the American College of Radiology, the Radiological Society of North America, American Society of Radiologic Technologists, the American Association of Physicists in Medicine, and the Society of Pediatric Radiology, which dozens of U.S. and international organizations have joined as recently as 2020 (Image Gently Alliance, 2022), and the US Food and Drug Administration (FDA, 2019).&#xA;&#xA;This measure has been strongly supported by a Technical Expert Panel (TEP) comprising a diverse group of clinicians, patient advocates, and leaders of medical specialty societies, payers, and healthcare safety and accrediting organizations, all of whom were engaged through every stage of measure conceptualization, development, and testing. In assessing the face validity of the measure, 100% of TEP members agreed radiation dose and global noise are relevant metrics of CT quality, that size is an appropriate method of risk adjustment, and that performance on this measure of radiation dose and image quality as specified is a representation of quality."
                xsi:type="ED"/>
      </measureAttribute>
   </subjectOf>
   <subjectOf>
      <measureAttribute>
         <code code="IDUR" codeSystem="2.16.840.1.113883.5.4">
            <displayName value="Improvement Notation"/>
         </code>
         <value mediaType="text/plain"
                value="Lower score indicates higher quality, and a decreased score over time indicates improvement"
                xsi:type="ED"/>
      </measureAttribute>
   </subjectOf>
   <subjectOf>
      <measureAttribute>
         <code code="REF" codeSystem="2.16.840.1.113883.5.4">
            <displayName value="Reference"/>
         </code>
         <value mediaType="text/plain"
                value="CITATIONBerrington de González, A., Mahesh, M., Kim, K. P., Bhargavan, M., Lewis, R., Mettler, F., &amp; Land, C. (2009). Projected cancer risks from computed tomographic scans performed in the United States in 2007. Archives of internal medicine, 169(22), 2071–2077. https://doi.org/10.1001/archinternmed.2009.440"
                xsi:type="ED"/>
      </measureAttribute>
   </subjectOf>
   <subjectOf>
      <measureAttribute>
         <code code="REF" codeSystem="2.16.840.1.113883.5.4">
            <displayName value="Reference"/>
         </code>
         <value mediaType="text/plain"
                value="CITATIONBoard of Radiation Effects Research Division on Earth and Life Sciences National Research Council of the National Academies. (2006). Health Risks from Exposure to Low Levels of Ionizing Radiation: BEIR VII Phase 2, Washington, D.C.: The National Academies Press."
                xsi:type="ED"/>
      </measureAttribute>
   </subjectOf>
   <subjectOf>
      <measureAttribute>
         <code code="REF" codeSystem="2.16.840.1.113883.5.4">
            <displayName value="Reference"/>
         </code>
         <value mediaType="text/plain"
                value="CITATION'Demb, J., Chu, P., Nelson, T., Hall, D., Seibert, A., Lamba, R., … Smith-Bindman, R. (2017). Optimizing radiation doses for computed tomography across institutions: dose auditing and best practices. JAMA internal medicine, 177(6), 810–817. https://doi.org/10.1001/jamainternmed.2017.0445"
                xsi:type="ED"/>
      </measureAttribute>
   </subjectOf>
   <subjectOf>
      <measureAttribute>
         <code code="REF" codeSystem="2.16.840.1.113883.5.4">
            <displayName value="Reference"/>
         </code>
         <value mediaType="text/plain"
                value="CITATIONDieguez, G., Ferro, C., &amp; Pyenson, B. (2017, April 10). Milliman Research Report: A Multi-Year Look at the Cost Burden of Cancer Care. Milliman. Retrieved from https://www.milliman.com/en/insight/2017/a-multi-year-look-at-the-cost-burden-of-cancer-care"
                xsi:type="ED"/>
      </measureAttribute>
   </subjectOf>
   <subjectOf>
      <measureAttribute>
         <code code="REF" codeSystem="2.16.840.1.113883.5.4">
            <displayName value="Reference"/>
         </code>
         <value mediaType="text/plain"
                value="CITATIONHong, J. Y., Han, K., Jung, J. H., &amp; Kim, J. S. (2019). Association of exposure to diagnostic low-dose ionizing radiation with risk of cancer among youths in South Korea. JAMA network open, 2(9), e1910584. https://doi.org/10.1001/jamanetworkopen.2019.10584"
                xsi:type="ED"/>
      </measureAttribute>
   </subjectOf>
   <subjectOf>
      <measureAttribute>
         <code code="REF" codeSystem="2.16.840.1.113883.5.4">
            <displayName value="Reference"/>
         </code>
         <value mediaType="text/plain"
                value="CITATIONIMV 2019 CT Market Outlook Report. (2019). Retrieved from https://imvinfo.com/product/2019-ct-market-outlook-report/"
                xsi:type="ED"/>
      </measureAttribute>
   </subjectOf>
   <subjectOf>
      <measureAttribute>
         <code code="REF" codeSystem="2.16.840.1.113883.5.4">
            <displayName value="Reference"/>
         </code>
         <value mediaType="text/plain"
                value="CITATIONKanal, K. M., Butler, P. F., Sengupta, D., Bhargavan-Chatfield, M., Coombs, L. P., &amp; Morin, R. L. (2017). U.S. diagnostic reference levels and achievable doses for 10 adult CT examinations. Radiology, 284(1), 120–133. https://doi.org/10.1148/radiol.2017161911"
                xsi:type="ED"/>
      </measureAttribute>
   </subjectOf>
   <subjectOf>
      <measureAttribute>
         <code code="REF" codeSystem="2.16.840.1.113883.5.4">
            <displayName value="Reference"/>
         </code>
         <value mediaType="text/plain"
                value="CITATIONMariotto, A. B., Yabroff, K. R., Shao, Y., Feuer, E. J., &amp; Brown, M. L. (2011). Projections of the cost of cancer care in the United States: 2010-2020. Journal of the National Cancer Institute, 103(2), 117–128. https://doi.org/10.1093/jnci/djq495"
                xsi:type="ED"/>
      </measureAttribute>
   </subjectOf>
   <subjectOf>
      <measureAttribute>
         <code code="REF" codeSystem="2.16.840.1.113883.5.4">
            <displayName value="Reference"/>
         </code>
         <value mediaType="text/plain"
                value="CITATIONNational Cancer Institute. (2020, September 25). Cancer Statistics. Retrieved from https://www.cancer.gov/about-cancer/understanding/statistics"
                xsi:type="ED"/>
      </measureAttribute>
   </subjectOf>
   <subjectOf>
      <measureAttribute>
         <code code="REF" codeSystem="2.16.840.1.113883.5.4">
            <displayName value="Reference"/>
         </code>
         <value mediaType="text/plain"
                value="CITATIONSmith-Bindman, R., Wang, Y., Chu, P., Chung, R., Einstein, A. J., Balcombe, J., … Miglioretti, D. L. (2019). International variation in radiation dose for computed tomography examinations: prospective cohort study. BMJ (Clinical research ed.), 364, k4931. https://doi.org/10.1136/bmj.k4931"
                xsi:type="ED"/>
      </measureAttribute>
   </subjectOf>
   <subjectOf>
      <measureAttribute>
         <code code="REF" codeSystem="2.16.840.1.113883.5.4">
            <displayName value="Reference"/>
         </code>
         <value mediaType="text/plain"
                value="CITATIONSmith-Bindman, R., Chu, P., Wang, Y., Chung, R., Lopez-Solano, N., Einstein, A. J., … Miglioretti, D. L. (2020). Comparison of the effectiveness of single-Ccomponent and multicomponent interventions for reducing radiation doses in patients undergoing computed tomography: a randomized clinical trial. JAMA internal medicine, 180(5), 666–675. https://doi.org/10.1001/jamainternmed.2020.0064"
                xsi:type="ED"/>
      </measureAttribute>
   </subjectOf>
   <subjectOf>
      <measureAttribute>
         <code code="REF" codeSystem="2.16.840.1.113883.5.4">
            <displayName value="Reference"/>
         </code>
         <value mediaType="text/plain"
                value="CITATIONU.S. Food and Drug Administration. (2019, June 14) White Paper: Initiative to Reduce Unnecessary Radiation Exposure from Medical Imaging. Retrieved from https://www.fda.gov/radiation-emitting-products/initiative-reduce-unnecessary-radiation-exposure-medical-imaging/white-paper-initiative-reduce-unnecessary-radiation-exposure-medical-imaging"
                xsi:type="ED"/>
      </measureAttribute>
   </subjectOf>
   <subjectOf>
      <measureAttribute>
         <code code="REF" codeSystem="2.16.840.1.113883.5.4">
            <displayName value="Reference"/>
         </code>
         <value mediaType="text/plain"
                value="CITATIONVance, E. A., Xie, X., Henry, A., Wernz, C., &amp; Slonim, A. D. (2013). Computed tomography scan use variation: patient, hospital, and geographic factors. The American journal of managed care, 19(3), e93–e99."
                xsi:type="ED"/>
      </measureAttribute>
   </subjectOf>
   <subjectOf>
      <measureAttribute>
         <code code="REF" codeSystem="2.16.840.1.113883.5.4">
            <displayName value="Reference"/>
         </code>
         <value mediaType="text/plain"
                value="CITATIONHirshfeld, J. W. (a), Jr, Ferrari, V. A., Bengel, F. M., Bergersen, L., Chambers, C. E., Einstein, A. J., … Wiggins, B. S. (2018). 2018 ACC/HRS/NASCI/SCAI/SCCT Expert consensus document on optimal use of ionizing radiation in cardiovascular imaging-best practices for safety and effectiveness, part 2: radiological equipment operation, dose-sparing methodologies, patient and medical personnel protection. Catheterization and cardiovascular interventions: official journal of the Society for Cardiac Angiography &amp; Interventions, 92(2), 222–246. https://doi.org/10.1002/ccd.27661"
                xsi:type="ED"/>
      </measureAttribute>
   </subjectOf>
   <subjectOf>
      <measureAttribute>
         <code code="REF" codeSystem="2.16.840.1.113883.5.4">
            <displayName value="Reference"/>
         </code>
         <value mediaType="text/plain"
                value="CITATIONHirshfeld, J. W. (b), Jr, Ferrari, V. A., Bengel, F. M., Bergersen, L., Chambers, C. E., Einstein, A. J., … Wann, L. S. (2018). 2018 ACC/HRS/NASCI/SCAI/SCCT Expert consensus document on optimal use of ionizing radiation in cardiovascular imaging: best practices for safety and effectiveness: a report of the American College of Cardiology task force on expert consensus decision pathways. Journal of the American College of Cardiology, 71(24), e283–e351. https://doi.org/10.1016/j.jacc.2018.02.016"
                xsi:type="ED"/>
      </measureAttribute>
   </subjectOf>
   <subjectOf>
      <measureAttribute>
         <code code="REF" codeSystem="2.16.840.1.113883.5.4">
            <displayName value="Reference"/>
         </code>
         <value mediaType="text/plain"
                value="CITATIONHirshfeld, J. W. (c), Jr, Ferrari, V. A., Bengel, F. M., Bergersen, L., Chambers, C. E., Einstein, A. J., … Wann, L. S. (2018). 2018 ACC/HRS/NASCI/SCAI/SCCT Expert consensus document on optimal use of ionizing radiation in cardiovascular imaging-best practices for safety and effectiveness, part 1: radiation physics and radiation biology: a report of the American College of Cardiology task force on expert consensus decision Ppathways. Journal of the American College of Cardiology, 71(24), 2811–2828. https://doi.org/10.1016/j.jacc.2018.02.017"
                xsi:type="ED"/>
      </measureAttribute>
   </subjectOf>
   <subjectOf>
      <measureAttribute>
         <code code="REF" codeSystem="2.16.840.1.113883.5.4">
            <displayName value="Reference"/>
         </code>
         <value mediaType="text/plain"
                value="CITATIONAbalo, K. D., Rage, E., Leuraud, K., Richardson, D. B., Le Pointe, H. D., Laurier, D., &amp; Bernier, M. O. (2021). Early life ionizing radiation exposure and cancer risks: systematic review and meta-analysis. Pediatric radiology, 51(1), 45–56. https://doi.org/10.1007/s00247-020-04803-0"
                xsi:type="ED"/>
      </measureAttribute>
   </subjectOf>
   <subjectOf>
      <measureAttribute>
         <code code="REF" codeSystem="2.16.840.1.113883.5.4">
            <displayName value="Reference"/>
         </code>
         <value mediaType="text/plain"
                value="CITATIONBernier, M. O., Baysson, H., Pearce, M. S., Moissonnier, M., Cardis, E., Hauptmann, M., … Kesminiene, A. (2019). Cohort Profile: the EPI-CT study: a European pooled epidemiological study to quantify the risk of radiation-induced cancer from paediatric CT. International journal of epidemiology, 48(2), 379–381g. https://doi.org/10.1093/ije/dyy231"
                xsi:type="ED"/>
      </measureAttribute>
   </subjectOf>
   <subjectOf>
      <measureAttribute>
         <code code="REF" codeSystem="2.16.840.1.113883.5.4">
            <displayName value="Reference"/>
         </code>
         <value mediaType="text/plain"
                value="CITATIONBerrington de Gonzalez, A., Daniels, R. D., Cardis, E., Cullings, H. M., Gilbert, E., Hauptmann, M., … Schubauer-Berigan, M. K. (2020). Epidemiological studies of low-dose ionizing radiation and cancer: rationale and framework for the monograph and overview of eligible studies. Journal of the National Cancer Institute. Monographs, 2020(56), 97–113. https://doi.org/10.1093/jncimonographs/lgaa009"
                xsi:type="ED"/>
      </measureAttribute>
   </subjectOf>
   <subjectOf>
      <measureAttribute>
         <code code="REF" codeSystem="2.16.840.1.113883.5.4">
            <displayName value="Reference"/>
         </code>
         <value mediaType="text/plain"
                value="CITATIONBrenner, A. V., Sugiyama, H., Preston, D. L., Sakata, R., French, B., Sadakane, A., … Ozasa, K. (2020). Radiation risk of central nervous system tumors in the Life Span Study of atomic bomb survivors, 1958-2009. European journal of epidemiology, 35(6), 591–600. https://doi.org/10.1007/s10654-019-00599-y"
                xsi:type="ED"/>
      </measureAttribute>
   </subjectOf>
   <subjectOf>
      <measureAttribute>
         <code code="REF" codeSystem="2.16.840.1.113883.5.4">
            <displayName value="Reference"/>
         </code>
         <value mediaType="text/plain"
                value="CITATIONCao, C. F., Ma, K. L., Shan, H., Liu, T. F., Zhao, S. Q., Wan, Y., … Wang, H. Q. (2022). CT scans and cancer risks: a systematic review and dose-response meta-analysis. BMC cancer, 22(1), 1238. https://doi.org/10.1186/s12885-022-10310-2"
                xsi:type="ED"/>
      </measureAttribute>
   </subjectOf>
   <subjectOf>
      <measureAttribute>
         <code code="REF" codeSystem="2.16.840.1.113883.5.4">
            <displayName value="Reference"/>
         </code>
         <value mediaType="text/plain"
                value="CITATIONGrant, E. J., Brenner, A., Sugiyama, H., Sakata, R., Sadakane, A., Utada, M., … Ozasa, K. (2017). Solid Cancer Incidence among the Life Span Study of Atomic Bomb Survivors: 1958-2009. Radiation research, 187(5), 513–537. https://doi.org/10.1667/RR14492.1"
                xsi:type="ED"/>
      </measureAttribute>
   </subjectOf>
   <subjectOf>
      <measureAttribute>
         <code code="REF" codeSystem="2.16.840.1.113883.5.4">
            <displayName value="Reference"/>
         </code>
         <value mediaType="text/plain"
                value="CITATIONHauptmann, M., Daniels, R. D., Cardis, E., Cullings, H. M., Kendall, G., Laurier, D., … Berrington de Gonzalez, A. (2020). Epidemiological studies of low-dose ionizing radiation and cancer: summary bias assessment and meta-analysis. Journal of the National Cancer Institute. Monographs, 2020(56), 188–200. https://doi.org/10.1093/jncimonographs/lgaa010"
                xsi:type="ED"/>
      </measureAttribute>
   </subjectOf>
   <subjectOf>
      <measureAttribute>
         <code code="REF" codeSystem="2.16.840.1.113883.5.4">
            <displayName value="Reference"/>
         </code>
         <value mediaType="text/plain"
                value="CITATIONHauptmann, M., Byrnes, G., Cardis, E., Bernier, M. O., Blettner, M., Dabin, J., … Kesminiene, A. (2023). Brain cancer after radiation exposure from CT examinations of children and young adults: results from the EPI-CT cohort study. The Lancet. Oncology, 24(1), 45–53. https://doi.org/10.1016/S1470-2045(22)00655-6"
                xsi:type="ED"/>
      </measureAttribute>
   </subjectOf>
   <subjectOf>
      <measureAttribute>
         <code code="REF" codeSystem="2.16.840.1.113883.5.4">
            <displayName value="Reference"/>
         </code>
         <value mediaType="text/plain"
                value="CITATIONHuang, R., Liu, X., He, L., &amp; Zhou, P. K. (2020). Radiation exposure associated with computed tomography in childhood and the subsequent risk of cancer: a meta-analysis of cohort studies. Dose-response: a publication of International Hormesis Society, 18(2), 1559325820923828. https://doi.org/10.1177/1559325820923828"
                xsi:type="ED"/>
      </measureAttribute>
   </subjectOf>
   <subjectOf>
      <measureAttribute>
         <code code="REF" codeSystem="2.16.840.1.113883.5.4">
            <displayName value="Reference"/>
         </code>
         <value mediaType="text/plain"
                value="CITATIONMariotto, A. B., Enewold, L., Zhao, J., Zeruto, C. A., &amp; Yabroff, K. R. (2020). Medical care costs associated with cancer survivorship in the United States. Cancer epidemiology, biomarkers &amp; prevention: a publication of the American Association for Cancer Research, cosponsored by the American Society of Preventive Oncology, 29(7), 1304–1312. https://doi.org/10.1158/1055-9965.EPI-19-1534"
                xsi:type="ED"/>
      </measureAttribute>
   </subjectOf>
   <subjectOf>
      <measureAttribute>
         <code code="REF" codeSystem="2.16.840.1.113883.5.4">
            <displayName value="Reference"/>
         </code>
         <value mediaType="text/plain"
                value="CITATIONMeulepas, J. M., Ronckers, C. M., Smets, A. M. J. B., Nievelstein, R. A. J., Gradowska, P., Lee, C., … Hauptmann, M. (2019). Radiation exposure from pediatric CT scans and subsequent cancer risk in the Netherlands. Journal of the National Cancer Institute, 111(3), 256–263. https://doi.org/10.1093/jnci/djy104"
                xsi:type="ED"/>
      </measureAttribute>
   </subjectOf>
   <subjectOf>
      <measureAttribute>
         <code code="REF" codeSystem="2.16.840.1.113883.5.4">
            <displayName value="Reference"/>
         </code>
         <value mediaType="text/plain"
                value="CITATIONNational Cancer Institute Office of Cancer Survivorship. Statistics and Graphs. (2022, November 17). Retrieved from https://cancercontrol.cancer.gov/ocs/statistics#stats"
                xsi:type="ED"/>
      </measureAttribute>
   </subjectOf>
   <subjectOf>
      <measureAttribute>
         <code code="REF" codeSystem="2.16.840.1.113883.5.4">
            <displayName value="Reference"/>
         </code>
         <value mediaType="text/plain"
                value="CITATIONSugiyama, H., Misumi, M., Brenner, A., Grant, E. J., Sakata, R., Sadakane, A., … Ozasa, K. (2020). Radiation risk of incident colorectal cancer by anatomical site among atomic bomb survivors: 1958-2009. International Journal of Cancer, 146(3), 635–645. https://doi.org/10.1002/ijc.32275"
                xsi:type="ED"/>
      </measureAttribute>
   </subjectOf>
   <subjectOf>
      <measureAttribute>
         <code code="REF" codeSystem="2.16.840.1.113883.5.4">
            <displayName value="Reference"/>
         </code>
         <value mediaType="text/plain"
                value="CITATIONImage Gently Alliance, Strategic Agenda 2022-2027. (2022). Retrieved from http://www.imagegently.org/Portals/6/IGA%20Strategic%20Plan%201_10_22.pdf"
                xsi:type="ED"/>
      </measureAttribute>
   </subjectOf>
   <subjectOf>
      <measureAttribute>
         <code code="REF" codeSystem="2.16.840.1.113883.5.4">
            <displayName value="Reference"/>
         </code>
         <value mediaType="text/plain"
                value="CITATIONSadakane, A. (a), French B., Brenner A.V., Preston, D. L., Sugiyama, H., Grant, E. J., … Ozasa, K.(2019) Radiation and risk of liver, biliary tract, and pancreatic cancers among atomic bomb survivors in Hiroshima and Nagasaki: 1958-2009. Radiat Res 192:299-310. https://doi.org/10.1667/RR15341.1"
                xsi:type="ED"/>
      </measureAttribute>
   </subjectOf>
   <subjectOf>
      <measureAttribute>
         <code code="REF" codeSystem="2.16.840.1.113883.5.4">
            <displayName value="Reference"/>
         </code>
         <value mediaType="text/plain"
                value="CITATIONSadakane, A. (b), Landes, R.D., Sakata, R., Nagano, J., Shore, R.E., &amp; Ozasa, K. (2019) Medical radiation exposure among atomic bomb survivors: understanding its impact on risk estimates of atomic bomb radiation. Radiat Res 191:507-517. https://doi.org/10.1667/RR15054.1"
                xsi:type="ED"/>
      </measureAttribute>
   </subjectOf>
   <subjectOf>
      <measureAttribute>
         <code code="REF" codeSystem="2.16.840.1.113883.5.4">
            <displayName value="Reference"/>
         </code>
         <value mediaType="text/plain"
                value="CITATIONSakata, R., Preston, D.L., Brenner, A.V., Sugiyama, H., Grant, E. J., Rajaraman, P., … Ozasa, K. (2019) Radiation-related risk of cancers of the upper digestive tract among Japanese atomic bomb Ssurvivors. Radiat Res 192:331-344. https://doi.org/10.1667/RR15386.1."
                xsi:type="ED"/>
      </measureAttribute>
   </subjectOf>
   <subjectOf>
      <measureAttribute>
         <code code="DEF" codeSystem="2.16.840.1.113883.5.4">
            <displayName value="Definition"/>
         </code>
         <value mediaType="text/plain"
                value="CT Dose and Image Quality Category: reflects the type of exam performed based on body region and clinical indication. Each CT Dose and Image Quality Category has a specific set of dose and image quality (global noise) thresholds. &#xA;&#xA;Calculated CT Size-Adjusted Dose: reflects the total radiation dose received during CT, risk-adjusted by patient size. The Calculated CT Size-Adjusted Dose thresholds vary by the CT Dose and Image Quality Category. &#xA;&#xA;Calculated CT Global Noise: reflects the image quality of the CT. The Calculated CT Global Noise thresholds vary by the CT Dose and Image Quality Category."
                xsi:type="ED"/>
      </measureAttribute>
   </subjectOf>
   <subjectOf>
      <measureAttribute>
         <code code="GUIDE" codeSystem="2.16.840.1.113883.5.4">
            <displayName value="Guidance"/>
         </code>
         <value mediaType="text/plain"
                value="This is an inverse measure; as such the higher the value the worse the performance. &#xA;&#xA;The level of aggregation for this eCQM is the facility. A parallel eCQM measures CT exams aggregated at the level of the clinician or clinician group. A single CT exam may be simultaneously measured in both the MIPS and one of the hospital reporting programs (inpatient or outpatient); however, a single exam cannot be measured in both the inpatient and outpatient hospital quality reporting programs.   &#xA;&#xA;TRANSLATION SOFTWARE&#xA;&#xA;As a radiology measure, the measure derives standardized data elements from structured fields within both the electronic health record (EHR) and the radiology electronic clinical data systems, including the Radiology Information System (RIS) and the Picture Archiving and Communication System (PACS). Primary imaging data including Radiation Dose Structured Reports and image pixel data are stored in the PACS in Digital Imaging and Communications in Medicine (DICOM) format, a universally adopted standard for medical imaging information. Because of limitations in their specifications and format, eCQMs cannot currently access and consume elements from these radiology sources in their original DICOM formats. Thus, translation software was developed to transform primary data into a format that the eCQM can consume. This eCQM requires the use of additional software (translation software) to access the primary data elements that are required for measure computation and translate them into data elements that can be ingested by this eCQM. The purpose of this translation software is to access and link these primary data elements with minimal site burden, assess each CT exam for eligibility based on initial population criteria, and generate the three data elements mapped to a clinical terminology for eCQM consumption: CT Dose and Image Quality Category, Calculated CT Size-Adjusted Dose, and Calculated CT Global Noise. The translation software necessary to use this eCQM is written and maintained by Alara Imaging, Inc. &#xA;&#xA;CODING&#xA;&#xA;The translation software will create three variables required for measure computation including the CT Dose and Image Quality Category (LOINC(R) Code 96914-7), the Calculated CT Global Noise (LOINC(R) Code 96912-1) and the Calculated CT Size-Adjusted Dose (LOINC(R) Code 96913-9). These variables are defined in the Definition field above. These transformed data elements can be stored in the EHR. &#xA;&#xA;MEASURE CALCULATION&#xA;&#xA;The measure will evaluate each included CT exam based on allowable thresholds that are specified by the CT Dose and Image Quality Category. An exam is considered out of range if either the Calculated CT Global Noise or the Calculated CT Size-Adjusted Dose is out of range for the CT Dose and Image Quality Category. Exams will be evaluated against their corresponding threshold, shown below with the following format: [Category shorthand (=CT Dose and Image Quality Category), threshold for the Calculated CT Global Noise in Hounsfield units, threshold for the Calculated CT Size-Adjusted Dose in dose length product].&#xA;&#xA;[LA31752-1 (=Abdomen and Pelvis, Low Dose), 64, 598];&#xA;[LA31753-9 (=Abdomen and Pelvis, Routine Dose), 29, 644];&#xA;[LA31754-7 (=Abdomen and Pelvis, High Dose), 29, 1260];&#xA;[LA31755-4 (=Cardiac Low Dose), 55, 93];&#xA;[LA31756-2 (=Cardiac Routine Dose), 32, 576];&#xA;[LA31758-8 (=Chest Low Dose), 55, 377];&#xA;[LA31759-6 (=Chest Routine Dose), 49, 377];&#xA;[LA31761-2 (=Chest High Dose or Cardiac High Dose), 49, 1282];&#xA;[LA31762-0 (=Head Low Dose), 115, 582];&#xA;[LA31763-8 (=Head Routine Dose), 115, 1025];&#xA;[LA31764-6 (=Head High Dose), 115, 1832];&#xA;[LA31765-3 (=Upper or Lower Extremity), 73, 320];&#xA;[LA31766-1 (=Neck or Cervical Spine), 25, 1260];&#xA;[LA31767-9 (=Thoracic or Lumbar Spine), 25, 1260];&#xA;[LA31768-7 (=Combined Chest, Abdomen and Pelvis), 29, 1637];&#xA;[LA31851-1 (=Combined Thoracic and Lumbar Spine), 25, 2520];&#xA;[LA31769-5 (=Combined Head and Neck, Routine Dose), 25, 2285];&#xA;[LA31770-3 (=Combined Head and Neck, High Dose), 25, 3092]&#xA;&#xA;EXCLUSIONS&#xA;&#xA;CT scans with missing patient age or missing CT Dose and Image Quality Category (LOINC(R) 96914-7) are excluded from the initial population. CT scans with a missing Calculated Global Noise value or a missing Calculated CT Size-Adjusted Dose value are not included in the denominator. CT scans assigned a CT Dose and Image Quality Category (LOINC(R) 96914-7) value using the LOINC(R) answer list (LL5824-9) of full body (LA31771-1) are excluded from the denominator. These exams are included in the initial population because they have a non-missing CT Dose and Image Quality Category but are then removed as a Denominator Exclusion in the eCQM because the value is full body, which reflects CT exams that cannot be categorized by anatomical area or by clinical indication, either because they are simultaneous exams of multiple body regions outside of four commonly encountered multiple region groupings, or because there is insufficient data for their classification based on the given diagnosis and procedure codes.&#xA;&#xA;This eCQM is an episode-based measure and should be reported for each eligible CT scan performed in a hospital inpatient setting.&#xA;&#xA;This version of the eCQM uses QDM version 5.6. Please refer to the eCQI resource center (https://ecqi.healthit.gov/qdm) for more information on the QDM."
                xsi:type="ED"/>
      </measureAttribute>
   </subjectOf>
   <subjectOf>
      <measureAttribute>
         <code code="TRANF" codeSystem="2.16.840.1.113883.5.4">
            <displayName value="Transmission Format"/>
         </code>
         <value mediaType="text/plain" value="TBD" xsi:type="ED"/>
      </measureAttribute>
   </subjectOf>
   <subjectOf>
      <measureAttribute>
         <code code="IPOP" codeSystem="2.16.840.1.113883.5.4">
            <displayName value="Initial Population"/>
         </code>
         <value mediaType="text/plain"
                value="All CT scans in adults aged 18 years and older at the start of the measurement period that have a CT Dose and Image Quality Category and were performed during an inpatient hospitalization during the measurement period"
                xsi:type="ED"/>
      </measureAttribute>
   </subjectOf>
   <subjectOf>
      <measureAttribute>
         <code code="DENOM" codeSystem="2.16.840.1.113883.5.4">
            <displayName value="Denominator"/>
         </code>
         <value mediaType="text/plain"
                value="Equals Initial population with a CT Dose and Image Quality Category, a Calculated Global Noise value, and a Calculated CT Size-Adjusted Dose value"
                xsi:type="ED"/>
      </measureAttribute>
   </subjectOf>
   <subjectOf>
      <measureAttribute>
         <code code="DENEX" codeSystem="2.16.840.1.113883.5.4">
            <displayName value="Denominator Exclusions"/>
         </code>
         <value mediaType="text/plain"
                value="Denominator, where a CT scan with a CT Dose and Image Quality Category = full body"
                xsi:type="ED"/>
      </measureAttribute>
   </subjectOf>
   <subjectOf>
      <measureAttribute>
         <code code="NUMER" codeSystem="2.16.840.1.113883.5.4">
            <displayName value="Numerator"/>
         </code>
         <value mediaType="text/plain"
                value="Calculated CT Size-Adjusted Dose greater than or equal to a threshold specific to the CT Dose and Image Quality Category, or Calculated CT Global Noise value greater than or equal to a threshold specific to the CT Dose and Image Quality Category"
                xsi:type="ED"/>
      </measureAttribute>
   </subjectOf>
   <subjectOf>
      <measureAttribute>
         <code code="NUMEX" codeSystem="2.16.840.1.113883.5.4">
            <displayName value="Numerator Exclusions"/>
         </code>
         <value mediaType="text/plain" value="Not Applicable" xsi:type="ED"/>
      </measureAttribute>
   </subjectOf>
   <subjectOf>
      <measureAttribute>
         <code code="DENEXCEP" codeSystem="2.16.840.1.113883.5.4">
            <displayName value="Denominator Exceptions"/>
         </code>
         <value mediaType="text/plain" value="None" xsi:type="ED"/>
      </measureAttribute>
   </subjectOf>
   <subjectOf>
      <measureAttribute>
         <code code="SDE" codeSystem="2.16.840.1.113883.5.4">
            <displayName value="Supplemental Data Elements"/>
         </code>
         <value mediaType="text/plain"
                value="For every patient evaluated by this measure also identify payer, race, ethnicity and sex"
                xsi:type="ED"/>
      </measureAttribute>
   </subjectOf>
   <componentOf>
      <qualityMeasureSet classCode="ACT">
         <id root="208faa56-5ce9-4181-84d9-f100a5693062"/>
         <title value="None"/>
      </qualityMeasureSet>
   </componentOf>
   <!--Data Criteria Section-->
   <component>
      <dataCriteriaSection>
         <templateId>
            <item extension="2021-02-01" root="2.16.840.1.113883.10.20.28.2.6"/>
         </templateId>
         <code code="57025-9" codeSystem="2.16.840.1.113883.6.1"/>
         <title value="Data Criteria Section"/>
         <text/>
         <entry typeCode="DRIV">
            <localVariableName value="EncounterInpatient_EncounterPerformed_HuUE9"/>
            <encounterCriteria classCode="ENC" moodCode="EVN">
               <templateId>
                  <item extension="2021-02-01" root="2.16.840.1.113883.10.20.28.4.5"/>
               </templateId>
               <id extension="EncounterInpatient_EncounterPerformed"
                   root="284880f5-ad7a-4ee4-969d-a63bcd21098f"/>
               <code valueSet="2.16.840.1.113883.3.666.5.307"/>
               <title value="Encounter, Performed"/>
               <statusCode code="COMPLETED"/>
            </encounterCriteria>
         </entry>
         <entry typeCode="DRIV">
            <localVariableName value="ONCAdministrativeSex_PatientCharacteristicSex_2wtp3"/>
            <observationCriteria classCode="OBS" moodCode="EVN">
               <templateId>
                  <item extension="2017-05-01" root="2.16.840.1.113883.10.20.28.4.55"/>
               </templateId>
               <id extension="ONCAdministrativeSex_PatientCharacteristicSex"
                   root="d1b966e5-5ae3-4559-bd78-429038c882fc"/>
               <code code="263495000" codeSystem="2.16.840.1.113883.6.96" codeSystemName="SNOMED CT">
                  <displayName value="Gender"/>
               </code>
               <title value="Patient Characteristic Sex"/>
               <statusCode code="COMPLETED"/>
               <value valueSet="2.16.840.1.113762.1.4.1" xsi:type="CD"/>
            </observationCriteria>
         </entry>
         <entry typeCode="DRIV">
            <localVariableName value="Ethnicity_PatientCharacteristicEthnicity_ggAXo"/>
            <observationCriteria classCode="OBS" moodCode="EVN">
               <templateId>
                  <item extension="2017-05-01" root="2.16.840.1.113883.10.20.28.4.56"/>
               </templateId>
               <id extension="Ethnicity_PatientCharacteristicEthnicity"
                   root="395e8610-0775-4985-a6cc-abd3ff27e2d0"/>
               <code code="54133-4" codeSystem="2.16.840.1.113883.6.1" codeSystemName="LOINC">
                  <displayName value="Ethnicity"/>
               </code>
               <title value="Patient Characteristic Ethnicity"/>
               <statusCode code="COMPLETED"/>
               <value valueSet="2.16.840.1.114222.4.11.837" xsi:type="CD"/>
            </observationCriteria>
         </entry>
         <entry typeCode="DRIV">
            <localVariableName value="Race_PatientCharacteristicRace_gjqiv"/>
            <observationCriteria classCode="OBS" moodCode="EVN">
               <templateId>
                  <item extension="2017-05-01" root="2.16.840.1.113883.10.20.28.4.59"/>
               </templateId>
               <id extension="Race_PatientCharacteristicRace"
                   root="0db71b3e-abdd-484b-8c78-9217e2798c7e"/>
               <code code="32624-9" codeSystem="2.16.840.1.113883.6.1" codeSystemName="LOINC">
                  <displayName value="Race"/>
               </code>
               <title value="Patient Characteristic Race"/>
               <statusCode code="COMPLETED"/>
               <value valueSet="2.16.840.1.114222.4.11.836" xsi:type="CD"/>
            </observationCriteria>
         </entry>
         <entry typeCode="DRIV">
            <localVariableName value="PayerType_PatientCharacteristicPayer_15p5b"/>
            <observationCriteria classCode="OBS" moodCode="EVN">
               <templateId>
                  <item extension="2017-05-01" root="2.16.840.1.113883.10.20.28.4.58"/>
               </templateId>
               <id extension="PayerType_PatientCharacteristicPayer"
                   root="7710e263-2753-4a21-adb1-c7deadd565c6"/>
               <code code="48768-6" codeSystem="2.16.840.1.113883.6.1" codeSystemName="LOINC">
                  <displayName value="Payer Type"/>
               </code>
               <title value="Patient Characteristic Payer"/>
               <statusCode code="COMPLETED"/>
               <value valueSet="2.16.840.1.114222.4.11.3591" xsi:type="CD"/>
            </observationCriteria>
         </entry>
         <entry typeCode="DRIV">
            <observationCriteria classCode="OBS" moodCode="EVN">
               <templateId>
                  <item extension="2021-02-01" root="2.16.840.1.113883.10.20.28.4.23"/>
               </templateId>
               <id extension="96914-7_DiagnosticStudyPerformed"
                   root="2EC14837-2369-4462-ADA8-28ECFBA56229"/>
               <code code="96914-7" codeSystem="2.16.840.1.113883.6.1" codeSystemName="LOINC"/>
               <title value="Diagnostic Study, Performed"/>
               <statusCode code="COMPLETED"/>
            </observationCriteria>
         </entry>
      </dataCriteriaSection>
   </component>
   <component>
      <populationCriteriaSection>
         <templateId>
            <item extension="2017-08-01" root="2.16.840.1.113883.10.20.28.2.7"/>
         </templateId>
         <id extension="PopulationCriteria1" root="D2B5840F-FE1A-488B-8DC6-BCCD8488F326"/>
         <code code="57026-7" codeSystem="2.16.840.1.113883.6.1"/>
         <title value="Population Criteria Section"/>
         <text/>
         <component typeCode="COMP">
            <initialPopulationCriteria classCode="OBS" moodCode="EVN">
               <id extension="initialPopulation" root="7E0D1FD0-BA47-4E91-B636-1B3E35B789CF"/>
               <code code="IPOP" codeSystem="2.16.840.1.113883.5.4" codeSystemName="Act Code"/>
               <precondition typeCode="PRCN">
                  <criteriaReference classCode="OBS" moodCode="EVN">
                     <id extension="AlaraCTIQR.&quot;Initial Population&quot;"
                         root="9189B554-7C4A-4A5A-B1FA-9504C1957B35"/>
                  </criteriaReference>
               </precondition>
            </initialPopulationCriteria>
         </component>
         <component typeCode="COMP">
            <denominatorCriteria classCode="OBS" moodCode="EVN">
               <id extension="denominator" root="CC4B1F38-AF8F-4441-B7FE-A60DC2026D7E"/>
               <code code="DENOM" codeSystem="2.16.840.1.113883.5.4" codeSystemName="Act Code"/>
               <precondition typeCode="PRCN">
                  <criteriaReference classCode="OBS" moodCode="EVN">
                     <id extension="AlaraCTIQR.&quot;Denominator&quot;"
                         root="9189B554-7C4A-4A5A-B1FA-9504C1957B35"/>
                  </criteriaReference>
               </precondition>
            </denominatorCriteria>
         </component>
         <component typeCode="COMP">
            <denominatorExclusionCriteria classCode="OBS" moodCode="EVN">
               <id extension="denominatorExclusions" root="B0E0D937-126D-4006-B942-E694F0F79009"/>
               <code code="DENEX" codeSystem="2.16.840.1.113883.5.4" codeSystemName="Act Code"/>
               <precondition typeCode="PRCN">
                  <criteriaReference classCode="OBS" moodCode="EVN">
                     <id extension="AlaraCTIQR.&quot;Denominator Exclusion&quot;"
                         root="9189B554-7C4A-4A5A-B1FA-9504C1957B35"/>
                  </criteriaReference>
               </precondition>
            </denominatorExclusionCriteria>
         </component>
         <component typeCode="COMP">
            <numeratorCriteria classCode="OBS" moodCode="EVN">
               <id extension="numerator" root="AADF899F-CA38-43F8-BAB9-2E4824E08249"/>
               <code code="NUMER" codeSystem="2.16.840.1.113883.5.4" codeSystemName="Act Code"/>
               <precondition typeCode="PRCN">
                  <criteriaReference classCode="OBS" moodCode="EVN">
                     <id extension="AlaraCTIQR.&quot;Numerator&quot;" root="9189B554-7C4A-4A5A-B1FA-9504C1957B35"/>
                  </criteriaReference>
               </precondition>
            </numeratorCriteria>
         </component>
         <component typeCode="COMP">
            <cql-ext:supplementalDataElement>
               <id extension="Supplemental Data Elements"
                   root="A95CFCFC-E3E9-42AE-84AA-1B80D5A1E71B"/>
               <code code="SDE" codeSystem="2.16.840.1.113883.5.4" codeSystemName="Act Code"/>
               <precondition typeCode="PRCN">
                  <criteriaReference classCode="OBS" moodCode="EVN">
                     <id extension="AlaraCTIQR.&quot;SDE Ethnicity&quot;"
                         root="9189B554-7C4A-4A5A-B1FA-9504C1957B35"/>
                  </criteriaReference>
               </precondition>
            </cql-ext:supplementalDataElement>
         </component>
         <component typeCode="COMP">
            <cql-ext:supplementalDataElement>
               <id extension="Supplemental Data Elements"
                   root="18BBDB1F-58F9-4E0D-A27C-0FB5CED796BD"/>
               <code code="SDE" codeSystem="2.16.840.1.113883.5.4" codeSystemName="Act Code"/>
               <precondition typeCode="PRCN">
                  <criteriaReference classCode="OBS" moodCode="EVN">
                     <id extension="AlaraCTIQR.&quot;SDE Race&quot;" root="9189B554-7C4A-4A5A-B1FA-9504C1957B35"/>
                  </criteriaReference>
               </precondition>
            </cql-ext:supplementalDataElement>
         </component>
         <component typeCode="COMP">
            <cql-ext:supplementalDataElement>
               <id extension="Supplemental Data Elements"
                   root="67C363CB-219D-453E-B595-7CFAF97968F3"/>
               <code code="SDE" codeSystem="2.16.840.1.113883.5.4" codeSystemName="Act Code"/>
               <precondition typeCode="PRCN">
                  <criteriaReference classCode="OBS" moodCode="EVN">
                     <id extension="AlaraCTIQR.&quot;SDE Sex&quot;" root="9189B554-7C4A-4A5A-B1FA-9504C1957B35"/>
                  </criteriaReference>
               </precondition>
            </cql-ext:supplementalDataElement>
         </component>
         <component typeCode="COMP">
            <cql-ext:supplementalDataElement>
               <id extension="Supplemental Data Elements"
                   root="322CA932-3F0D-48C9-A9BA-812B7F415AFA"/>
               <code code="SDE" codeSystem="2.16.840.1.113883.5.4" codeSystemName="Act Code"/>
               <precondition typeCode="PRCN">
                  <criteriaReference classCode="OBS" moodCode="EVN">
                     <id extension="AlaraCTIQR.&quot;SDE Payer&quot;" root="9189B554-7C4A-4A5A-B1FA-9504C1957B35"/>
                  </criteriaReference>
               </precondition>
            </cql-ext:supplementalDataElement>
         </component>
      </populationCriteriaSection>
   </component>
</QualityMeasureDocument>