{
   "library" : {
      "annotation" : [ {
         "translatorOptions" : "EnableAnnotations,EnableLocators,DisableListDemotion,DisableListPromotion,DisableMethodInvocation",
         "type" : "CqlToElmInfo"
      }, {
         "type" : "Annotation",
         "s" : {
            "r" : "99",
            "s" : [ {
               "value" : [ "","library AlaraCTIQR version '2.0.000'" ]
            } ]
         }
      } ],
      "identifier" : {
         "id" : "AlaraCTIQR",
         "version" : "2.0.000"
      },
      "schemaIdentifier" : {
         "id" : "urn:hl7-org:elm",
         "version" : "r1"
      },
      "usings" : {
         "def" : [ {
            "localIdentifier" : "System",
            "uri" : "urn:hl7-org:elm-types:r1"
         }, {
            "localId" : "1",
            "locator" : "3:1-3:23",
            "localIdentifier" : "QDM",
            "uri" : "urn:healthit-gov:qdm:v5_6",
            "version" : "5.6",
            "annotation" : [ {
               "type" : "Annotation",
               "s" : {
                  "r" : "1",
                  "s" : [ {
                     "value" : [ "","using " ]
                  }, {
                     "s" : [ {
                        "value" : [ "QDM" ]
                     } ]
                  }, {
                     "value" : [ " version ","'5.6'" ]
                  } ]
               }
            } ]
         } ]
      },
      "includes" : {
         "def" : [ {
            "localId" : "2",
            "locator" : "5:1-5:67",
            "localIdentifier" : "Global",
            "path" : "MATGlobalCommonFunctionsQDM",
            "version" : "8.0.000",
            "annotation" : [ {
               "type" : "Annotation",
               "s" : {
                  "r" : "2",
                  "s" : [ {
                     "value" : [ "","include " ]
                  }, {
                     "s" : [ {
                        "value" : [ "MATGlobalCommonFunctionsQDM" ]
                     } ]
                  }, {
                     "value" : [ " version ","'8.0.000'"," called ","Global" ]
                  } ]
               }
            } ]
         }, {
            "localId" : "3",
            "locator" : "6:1-6:65",
            "localIdentifier" : "AlaraCommon",
            "path" : "AlaraCommonFunctions",
            "version" : "1.4.000",
            "annotation" : [ {
               "type" : "Annotation",
               "s" : {
                  "r" : "3",
                  "s" : [ {
                     "value" : [ "","include " ]
                  }, {
                     "s" : [ {
                        "value" : [ "AlaraCommonFunctions" ]
                     } ]
                  }, {
                     "value" : [ " version ","'1.4.000'"," called ","AlaraCommon" ]
                  } ]
               }
            } ]
         } ]
      },
      "parameters" : {
         "def" : [ {
            "localId" : "16",
            "locator" : "19:1-19:49",
            "name" : "Measurement Period",
            "accessLevel" : "Public",
            "annotation" : [ {
               "type" : "Annotation",
               "s" : {
                  "r" : "16",
                  "s" : [ {
                     "value" : [ "","parameter ","\"Measurement Period\""," " ]
                  }, {
                     "r" : "15",
                     "s" : [ {
                        "value" : [ "Interval<" ]
                     }, {
                        "r" : "14",
                        "s" : [ {
                           "value" : [ "DateTime" ]
                        } ]
                     }, {
                        "value" : [ ">" ]
                     } ]
                  } ]
               }
            } ],
            "parameterTypeSpecifier" : {
               "localId" : "15",
               "locator" : "19:32-19:49",
               "type" : "IntervalTypeSpecifier",
               "pointType" : {
                  "localId" : "14",
                  "locator" : "19:41-19:48",
                  "name" : "{urn:hl7-org:elm-types:r1}DateTime",
                  "type" : "NamedTypeSpecifier"
               }
            }
         } ]
      },
      "codeSystems" : {
         "def" : [ {
            "localId" : "4",
            "locator" : "8:1-8:51",
            "name" : "LOINC",
            "id" : "urn:oid:2.16.840.1.113883.6.1",
            "accessLevel" : "Public",
            "annotation" : [ {
               "type" : "Annotation",
               "s" : {
                  "r" : "4",
                  "s" : [ {
                     "value" : [ "","codesystem ","\"LOINC\"",": ","'urn:oid:2.16.840.1.113883.6.1'" ]
                  } ]
               }
            } ]
         } ]
      },
      "valueSets" : {
         "def" : [ {
            "localId" : "5",
            "locator" : "10:1-10:71",
            "name" : "Encounter Inpatient",
            "id" : "urn:oid:2.16.840.1.113883.3.666.5.307",
            "accessLevel" : "Public",
            "annotation" : [ {
               "type" : "Annotation",
               "s" : {
                  "r" : "5",
                  "s" : [ {
                     "value" : [ "","valueset ","\"Encounter Inpatient\"",": ","'urn:oid:2.16.840.1.113883.3.666.5.307'" ]
                  } ]
               }
            } ]
         }, {
            "localId" : "6",
            "locator" : "11:1-11:58",
            "name" : "Ethnicity",
            "id" : "urn:oid:2.16.840.1.114222.4.11.837",
            "accessLevel" : "Public",
            "annotation" : [ {
               "type" : "Annotation",
               "s" : {
                  "r" : "6",
                  "s" : [ {
                     "value" : [ "","valueset ","\"Ethnicity\"",": ","'urn:oid:2.16.840.1.114222.4.11.837'" ]
                  } ]
               }
            } ]
         }, {
            "localId" : "7",
            "locator" : "12:1-12:68",
            "name" : "ONC Administrative Sex",
            "id" : "urn:oid:2.16.840.1.113762.1.4.1",
            "accessLevel" : "Public",
            "annotation" : [ {
               "type" : "Annotation",
               "s" : {
                  "r" : "7",
                  "s" : [ {
                     "value" : [ "","valueset ","\"ONC Administrative Sex\"",": ","'urn:oid:2.16.840.1.113762.1.4.1'" ]
                  } ]
               }
            } ]
         }, {
            "localId" : "8",
            "locator" : "13:1-13:60",
            "name" : "Payer Type",
            "id" : "urn:oid:2.16.840.1.114222.4.11.3591",
            "accessLevel" : "Public",
            "annotation" : [ {
               "type" : "Annotation",
               "s" : {
                  "r" : "8",
                  "s" : [ {
                     "value" : [ "","valueset ","\"Payer Type\"",": ","'urn:oid:2.16.840.1.114222.4.11.3591'" ]
                  } ]
               }
            } ]
         }, {
            "localId" : "9",
            "locator" : "14:1-14:53",
            "name" : "Race",
            "id" : "urn:oid:2.16.840.1.114222.4.11.836",
            "accessLevel" : "Public",
            "annotation" : [ {
               "type" : "Annotation",
               "s" : {
                  "r" : "9",
                  "s" : [ {
                     "value" : [ "","valueset ","\"Race\"",": ","'urn:oid:2.16.840.1.114222.4.11.836'" ]
                  } ]
               }
            } ]
         } ]
      },
      "codes" : {
         "def" : [ {
            "localId" : "11",
            "locator" : "16:1-16:110",
            "name" : "CT dose and image quality category",
            "id" : "96914-7",
            "display" : "CT dose and image quality category",
            "accessLevel" : "Public",
            "annotation" : [ {
               "type" : "Annotation",
               "s" : {
                  "r" : "11",
                  "s" : [ {
                     "value" : [ "","code ","\"CT dose and image quality category\"",": ","'96914-7'"," from " ]
                  }, {
                     "r" : "10",
                     "s" : [ {
                        "value" : [ "\"LOINC\"" ]
                     } ]
                  }, {
                     "value" : [ " display ","'CT dose and image quality category'" ]
                  } ]
               }
            } ],
            "codeSystem" : {
               "localId" : "10",
               "locator" : "16:59-16:65",
               "name" : "LOINC"
            }
         }, {
            "localId" : "13",
            "locator" : "17:1-17:62",
            "name" : "Full Body",
            "id" : "LA31771-1",
            "display" : "Full Body",
            "accessLevel" : "Public",
            "annotation" : [ {
               "type" : "Annotation",
               "s" : {
                  "r" : "13",
                  "s" : [ {
                     "value" : [ "","code ","\"Full Body\"",": ","'LA31771-1'"," from " ]
                  }, {
                     "r" : "12",
                     "s" : [ {
                        "value" : [ "\"LOINC\"" ]
                     } ]
                  }, {
                     "value" : [ " display ","'Full Body'" ]
                  } ]
               }
            } ],
            "codeSystem" : {
               "localId" : "12",
               "locator" : "17:36-17:42",
               "name" : "LOINC"
            }
         } ]
      },
      "contexts" : {
         "def" : [ {
            "locator" : "21:1-21:15",
            "name" : "Patient"
         } ]
      },
      "statements" : {
         "def" : [ {
            "locator" : "21:1-21:15",
            "name" : "Patient",
            "context" : "Patient",
            "expression" : {
               "type" : "SingletonFrom",
               "operand" : {
                  "locator" : "21:1-21:15",
                  "dataType" : "{urn:healthit-gov:qdm:v5_6}Patient",
                  "templateId" : "Patient",
                  "type" : "Retrieve"
               }
            }
         }, {
            "localId" : "30",
            "locator" : "23:1-26:59",
            "name" : "Qualifying Inpatient Encounters",
            "context" : "Patient",
            "accessLevel" : "Public",
            "annotation" : [ {
               "type" : "Annotation",
               "s" : {
                  "r" : "30",
                  "s" : [ {
                     "value" : [ "","define ","\"Qualifying Inpatient Encounters\"",":\n  " ]
                  }, {
                     "r" : "29",
                     "s" : [ {
                        "s" : [ {
                           "r" : "18",
                           "s" : [ {
                              "r" : "17",
                              "s" : [ {
                                 "r" : "17",
                                 "s" : [ {
                                    "value" : [ "[","\"Encounter, Performed\"",": " ]
                                 }, {
                                    "s" : [ {
                                       "value" : [ "\"Encounter Inpatient\"" ]
                                    } ]
                                 }, {
                                    "value" : [ "]" ]
                                 } ]
                              } ]
                           }, {
                              "value" : [ " ","InpatientEncounter" ]
                           } ]
                        } ]
                     }, {
                        "value" : [ "\n    " ]
                     }, {
                        "r" : "28",
                        "s" : [ {
                           "value" : [ "where " ]
                        }, {
                           "r" : "28",
                           "s" : [ {
                              "r" : "22",
                              "s" : [ {
                                 "r" : "20",
                                 "s" : [ {
                                    "r" : "19",
                                    "s" : [ {
                                       "value" : [ "InpatientEncounter" ]
                                    } ]
                                 }, {
                                    "value" : [ "." ]
                                 }, {
                                    "r" : "20",
                                    "s" : [ {
                                       "value" : [ "relevantPeriod" ]
                                    } ]
                                 } ]
                              }, {
                                 "r" : "22",
                                 "value" : [ " ","overlaps"," " ]
                              }, {
                                 "r" : "21",
                                 "s" : [ {
                                    "value" : [ "\"Measurement Period\"" ]
                                 } ]
                              } ]
                           }, {
                              "value" : [ "\n      and " ]
                           }, {
                              "r" : "27",
                              "s" : [ {
                                 "r" : "25",
                                 "s" : [ {
                                    "value" : [ "AgeInYearsAt","(" ]
                                 }, {
                                    "r" : "24",
                                    "s" : [ {
                                       "value" : [ "start of " ]
                                    }, {
                                       "r" : "23",
                                       "s" : [ {
                                          "value" : [ "\"Measurement Period\"" ]
                                       } ]
                                    } ]
                                 }, {
                                    "value" : [ ")" ]
                                 } ]
                              }, {
                                 "r" : "26",
                                 "value" : [ " ",">="," ","18" ]
                              } ]
                           } ]
                        } ]
                     } ]
                  } ]
               }
            } ],
            "expression" : {
               "localId" : "29",
               "locator" : "24:3-26:59",
               "type" : "Query",
               "source" : [ {
                  "localId" : "18",
                  "locator" : "24:3-24:68",
                  "alias" : "InpatientEncounter",
                  "expression" : {
                     "localId" : "17",
                     "locator" : "24:3-24:49",
                     "dataType" : "{urn:healthit-gov:qdm:v5_6}PositiveEncounterPerformed",
                     "templateId" : "PositiveEncounterPerformed",
                     "codeProperty" : "code",
                     "codeComparator" : "in",
                     "type" : "Retrieve",
                     "codes" : {
                        "locator" : "24:28-24:48",
                        "name" : "Encounter Inpatient",
                        "preserve" : true,
                        "type" : "ValueSetRef"
                     }
                  }
               } ],
               "relationship" : [ ],
               "where" : {
                  "localId" : "28",
                  "locator" : "25:5-26:59",
                  "type" : "And",
                  "operand" : [ {
                     "localId" : "22",
                     "locator" : "25:11-25:73",
                     "type" : "Overlaps",
                     "operand" : [ {
                        "localId" : "20",
                        "locator" : "25:11-25:43",
                        "path" : "relevantPeriod",
                        "scope" : "InpatientEncounter",
                        "type" : "Property"
                     }, {
                        "localId" : "21",
                        "locator" : "25:54-25:73",
                        "name" : "Measurement Period",
                        "type" : "ParameterRef"
                     } ]
                  }, {
                     "localId" : "27",
                     "locator" : "26:11-26:59",
                     "type" : "GreaterOrEqual",
                     "operand" : [ {
                        "localId" : "25",
                        "locator" : "26:11-26:53",
                        "precision" : "Year",
                        "type" : "CalculateAgeAt",
                        "operand" : [ {
                           "path" : "birthDatetime",
                           "type" : "Property",
                           "source" : {
                              "name" : "Patient",
                              "type" : "ExpressionRef"
                           }
                        }, {
                           "localId" : "24",
                           "locator" : "26:24-26:52",
                           "type" : "Start",
                           "operand" : {
                              "localId" : "23",
                              "locator" : "26:33-26:52",
                              "name" : "Measurement Period",
                              "type" : "ParameterRef"
                           }
                        } ]
                     }, {
                        "localId" : "26",
                        "locator" : "26:58-26:59",
                        "valueType" : "{urn:hl7-org:elm-types:r1}Integer",
                        "value" : "18",
                        "type" : "Literal"
                     } ]
                  } ]
               }
            }
         }, {
            "localId" : "32",
            "locator" : "28:1-29:51",
            "name" : "SDE Ethnicity",
            "context" : "Patient",
            "accessLevel" : "Public",
            "annotation" : [ {
               "type" : "Annotation",
               "s" : {
                  "r" : "32",
                  "s" : [ {
                     "value" : [ "","define ","\"SDE Ethnicity\"",":\n  " ]
                  }, {
                     "r" : "31",
                     "s" : [ {
                        "value" : [ "[","\"Patient Characteristic Ethnicity\"",": " ]
                     }, {
                        "s" : [ {
                           "value" : [ "\"Ethnicity\"" ]
                        } ]
                     }, {
                        "value" : [ "]" ]
                     } ]
                  } ]
               }
            } ],
            "expression" : {
               "localId" : "31",
               "locator" : "29:3-29:51",
               "dataType" : "{urn:healthit-gov:qdm:v5_6}PatientCharacteristicEthnicity",
               "codeProperty" : "code",
               "codeComparator" : "in",
               "type" : "Retrieve",
               "codes" : {
                  "locator" : "29:40-29:50",
                  "name" : "Ethnicity",
                  "preserve" : true,
                  "type" : "ValueSetRef"
               }
            }
         }, {
            "localId" : "34",
            "locator" : "31:1-32:41",
            "name" : "SDE Race",
            "context" : "Patient",
            "accessLevel" : "Public",
            "annotation" : [ {
               "type" : "Annotation",
               "s" : {
                  "r" : "34",
                  "s" : [ {
                     "value" : [ "","define ","\"SDE Race\"",":\n  " ]
                  }, {
                     "r" : "33",
                     "s" : [ {
                        "value" : [ "[","\"Patient Characteristic Race\"",": " ]
                     }, {
                        "s" : [ {
                           "value" : [ "\"Race\"" ]
                        } ]
                     }, {
                        "value" : [ "]" ]
                     } ]
                  } ]
               }
            } ],
            "expression" : {
               "localId" : "33",
               "locator" : "32:3-32:41",
               "dataType" : "{urn:healthit-gov:qdm:v5_6}PatientCharacteristicRace",
               "codeProperty" : "code",
               "codeComparator" : "in",
               "type" : "Retrieve",
               "codes" : {
                  "locator" : "32:35-32:40",
                  "name" : "Race",
                  "preserve" : true,
                  "type" : "ValueSetRef"
               }
            }
         }, {
            "localId" : "36",
            "locator" : "34:1-35:58",
            "name" : "SDE Sex",
            "context" : "Patient",
            "accessLevel" : "Public",
            "annotation" : [ {
               "type" : "Annotation",
               "s" : {
                  "r" : "36",
                  "s" : [ {
                     "value" : [ "","define ","\"SDE Sex\"",":\n  " ]
                  }, {
                     "r" : "35",
                     "s" : [ {
                        "value" : [ "[","\"Patient Characteristic Sex\"",": " ]
                     }, {
                        "s" : [ {
                           "value" : [ "\"ONC Administrative Sex\"" ]
                        } ]
                     }, {
                        "value" : [ "]" ]
                     } ]
                  } ]
               }
            } ],
            "expression" : {
               "localId" : "35",
               "locator" : "35:3-35:58",
               "dataType" : "{urn:healthit-gov:qdm:v5_6}PatientCharacteristicSex",
               "codeProperty" : "code",
               "codeComparator" : "in",
               "type" : "Retrieve",
               "codes" : {
                  "locator" : "35:34-35:57",
                  "name" : "ONC Administrative Sex",
                  "preserve" : true,
                  "type" : "ValueSetRef"
               }
            }
         }, {
            "localId" : "38",
            "locator" : "37:1-38:48",
            "name" : "SDE Payer",
            "context" : "Patient",
            "accessLevel" : "Public",
            "annotation" : [ {
               "type" : "Annotation",
               "s" : {
                  "r" : "38",
                  "s" : [ {
                     "value" : [ "","define ","\"SDE Payer\"",":\n  " ]
                  }, {
                     "r" : "37",
                     "s" : [ {
                        "value" : [ "[","\"Patient Characteristic Payer\"",": " ]
                     }, {
                        "s" : [ {
                           "value" : [ "\"Payer Type\"" ]
                        } ]
                     }, {
                        "value" : [ "]" ]
                     } ]
                  } ]
               }
            } ],
            "expression" : {
               "localId" : "37",
               "locator" : "38:3-38:48",
               "dataType" : "{urn:healthit-gov:qdm:v5_6}PatientCharacteristicPayer",
               "codeProperty" : "code",
               "codeComparator" : "in",
               "type" : "Retrieve",
               "codes" : {
                  "locator" : "38:36-38:47",
                  "name" : "Payer Type",
                  "preserve" : true,
                  "type" : "ValueSetRef"
               }
            }
         }, {
            "localId" : "63",
            "locator" : "56:1-60:129",
            "name" : "Qualifying Scan During Inpatient Encounter",
            "context" : "Patient",
            "accessLevel" : "Public",
            "annotation" : [ {
               "type" : "Annotation",
               "s" : {
                  "r" : "63",
                  "s" : [ {
                     "value" : [ "","define ","\"Qualifying Scan During Inpatient Encounter\"",":\n  " ]
                  }, {
                     "r" : "62",
                     "s" : [ {
                        "s" : [ {
                           "r" : "40",
                           "s" : [ {
                              "r" : "39",
                              "s" : [ {
                                 "r" : "39",
                                 "s" : [ {
                                    "value" : [ "[","\"Diagnostic Study, Performed\"",": " ]
                                 }, {
                                    "s" : [ {
                                       "value" : [ "\"CT dose and image quality category\"" ]
                                    } ]
                                 }, {
                                    "value" : [ "]" ]
                                 } ]
                              } ]
                           }, {
                              "value" : [ " ","CTScan" ]
                           } ]
                        } ]
                     }, {
                        "value" : [ "\n    " ]
                     }, {
                        "r" : "61",
                        "s" : [ {
                           "value" : [ "with " ]
                        }, {
                           "r" : "42",
                           "s" : [ {
                              "r" : "41",
                              "s" : [ {
                                 "s" : [ {
                                    "value" : [ "\"Qualifying Inpatient Encounters\"" ]
                                 } ]
                              } ]
                           }, {
                              "value" : [ " ","InpatientEncounters" ]
                           } ]
                        }, {
                           "value" : [ "\n      such that " ]
                        }, {
                           "r" : "60",
                           "s" : [ {
                              "r" : "51",
                              "s" : [ {
                                 "r" : "48",
                                 "s" : [ {
                                    "r" : "43",
                                    "s" : [ {
                                       "value" : [ "Global" ]
                                    } ]
                                 }, {
                                    "value" : [ "." ]
                                 }, {
                                    "r" : "48",
                                    "s" : [ {
                                       "value" : [ "\"NormalizeInterval\""," ( " ]
                                    }, {
                                       "r" : "45",
                                       "s" : [ {
                                          "r" : "44",
                                          "s" : [ {
                                             "value" : [ "CTScan" ]
                                          } ]
                                       }, {
                                          "value" : [ "." ]
                                       }, {
                                          "r" : "45",
                                          "s" : [ {
                                             "value" : [ "relevantDatetime" ]
                                          } ]
                                       } ]
                                    }, {
                                       "value" : [ ", " ]
                                    }, {
                                       "r" : "47",
                                       "s" : [ {
                                          "r" : "46",
                                          "s" : [ {
                                             "value" : [ "CTScan" ]
                                          } ]
                                       }, {
                                          "value" : [ "." ]
                                       }, {
                                          "r" : "47",
                                          "s" : [ {
                                             "value" : [ "relevantPeriod" ]
                                          } ]
                                       } ]
                                    }, {
                                       "value" : [ " )" ]
                                    } ]
                                 } ]
                              }, {
                                 "r" : "51",
                                 "value" : [ " ","starts during"," " ]
                              }, {
                                 "r" : "50",
                                 "s" : [ {
                                    "r" : "49",
                                    "s" : [ {
                                       "value" : [ "InpatientEncounters" ]
                                    } ]
                                 }, {
                                    "value" : [ "." ]
                                 }, {
                                    "r" : "50",
                                    "s" : [ {
                                       "value" : [ "relevantPeriod" ]
                                    } ]
                                 } ]
                              } ]
                           }, {
                              "value" : [ "\n        and " ]
                           }, {
                              "r" : "59",
                              "s" : [ {
                                 "r" : "57",
                                 "s" : [ {
                                    "r" : "52",
                                    "s" : [ {
                                       "value" : [ "Global" ]
                                    } ]
                                 }, {
                                    "value" : [ "." ]
                                 }, {
                                    "r" : "57",
                                    "s" : [ {
                                       "value" : [ "\"NormalizeInterval\""," ( " ]
                                    }, {
                                       "r" : "54",
                                       "s" : [ {
                                          "r" : "53",
                                          "s" : [ {
                                             "value" : [ "CTScan" ]
                                          } ]
                                       }, {
                                          "value" : [ "." ]
                                       }, {
                                          "r" : "54",
                                          "s" : [ {
                                             "value" : [ "relevantDatetime" ]
                                          } ]
                                       } ]
                                    }, {
                                       "value" : [ ", " ]
                                    }, {
                                       "r" : "56",
                                       "s" : [ {
                                          "r" : "55",
                                          "s" : [ {
                                             "value" : [ "CTScan" ]
                                          } ]
                                       }, {
                                          "value" : [ "." ]
                                       }, {
                                          "r" : "56",
                                          "s" : [ {
                                             "value" : [ "relevantPeriod" ]
                                          } ]
                                       } ]
                                    }, {
                                       "value" : [ " )" ]
                                    } ]
                                 } ]
                              }, {
                                 "r" : "59",
                                 "value" : [ " ","ends during day of"," " ]
                              }, {
                                 "r" : "58",
                                 "s" : [ {
                                    "value" : [ "\"Measurement Period\"" ]
                                 } ]
                              } ]
                           } ]
                        } ]
                     } ]
                  } ]
               }
            } ],
            "expression" : {
               "localId" : "62",
               "locator" : "57:3-60:129",
               "type" : "Query",
               "source" : [ {
                  "localId" : "40",
                  "locator" : "57:3-57:78",
                  "alias" : "CTScan",
                  "expression" : {
                     "localId" : "39",
                     "locator" : "57:3-57:71",
                     "dataType" : "{urn:healthit-gov:qdm:v5_6}PositiveDiagnosticStudyPerformed",
                     "templateId" : "PositiveDiagnosticStudyPerformed",
                     "codeProperty" : "code",
                     "codeComparator" : "~",
                     "type" : "Retrieve",
                     "codes" : {
                        "type" : "ToList",
                        "operand" : {
                           "locator" : "57:35-57:70",
                           "name" : "CT dose and image quality category",
                           "type" : "CodeRef"
                        }
                     }
                  }
               } ],
               "relationship" : [ {
                  "localId" : "61",
                  "locator" : "58:5-60:129",
                  "alias" : "InpatientEncounters",
                  "type" : "With",
                  "expression" : {
                     "localId" : "41",
                     "locator" : "58:10-58:42",
                     "name" : "Qualifying Inpatient Encounters",
                     "type" : "ExpressionRef"
                  },
                  "suchThat" : {
                     "localId" : "60",
                     "locator" : "59:17-60:129",
                     "type" : "And",
                     "operand" : [ {
                        "localId" : "51",
                        "locator" : "59:17-59:142",
                        "type" : "In",
                        "operand" : [ {
                           "locator" : "59:95-59:100",
                           "type" : "Start",
                           "operand" : {
                              "localId" : "48",
                              "locator" : "59:17-59:93",
                              "name" : "NormalizeInterval",
                              "libraryName" : "Global",
                              "type" : "FunctionRef",
                              "operand" : [ {
                                 "localId" : "45",
                                 "locator" : "59:46-59:68",
                                 "path" : "relevantDatetime",
                                 "scope" : "CTScan",
                                 "type" : "Property"
                              }, {
                                 "localId" : "47",
                                 "locator" : "59:71-59:91",
                                 "path" : "relevantPeriod",
                                 "scope" : "CTScan",
                                 "type" : "Property"
                              } ]
                           }
                        }, {
                           "localId" : "50",
                           "locator" : "59:109-59:142",
                           "path" : "relevantPeriod",
                           "scope" : "InpatientEncounters",
                           "type" : "Property"
                        } ]
                     }, {
                        "localId" : "59",
                        "locator" : "60:13-60:129",
                        "precision" : "Day",
                        "type" : "In",
                        "operand" : [ {
                           "locator" : "60:91-60:94",
                           "type" : "End",
                           "operand" : {
                              "localId" : "57",
                              "locator" : "60:13-60:89",
                              "name" : "NormalizeInterval",
                              "libraryName" : "Global",
                              "type" : "FunctionRef",
                              "operand" : [ {
                                 "localId" : "54",
                                 "locator" : "60:42-60:64",
                                 "path" : "relevantDatetime",
                                 "scope" : "CTScan",
                                 "type" : "Property"
                              }, {
                                 "localId" : "56",
                                 "locator" : "60:67-60:87",
                                 "path" : "relevantPeriod",
                                 "scope" : "CTScan",
                                 "type" : "Property"
                              } ]
                           }
                        }, {
                           "localId" : "58",
                           "locator" : "60:110-60:129",
                           "name" : "Measurement Period",
                           "type" : "ParameterRef"
                        } ]
                     } ]
                  }
               } ]
            }
         }, {
            "localId" : "65",
            "locator" : "40:1-41:46",
            "name" : "Initial Population",
            "context" : "Patient",
            "accessLevel" : "Public",
            "annotation" : [ {
               "type" : "Annotation",
               "s" : {
                  "r" : "65",
                  "s" : [ {
                     "value" : [ "","define ","\"Initial Population\"",":\n  " ]
                  }, {
                     "r" : "64",
                     "s" : [ {
                        "value" : [ "\"Qualifying Scan During Inpatient Encounter\"" ]
                     } ]
                  } ]
               }
            } ],
            "expression" : {
               "localId" : "64",
               "locator" : "41:3-41:46",
               "name" : "Qualifying Scan During Inpatient Encounter",
               "type" : "ExpressionRef"
            }
         }, {
            "localId" : "82",
            "locator" : "43:1-47:35",
            "name" : "Qualifying Scan with Values",
            "context" : "Patient",
            "accessLevel" : "Public",
            "annotation" : [ {
               "type" : "Annotation",
               "s" : {
                  "r" : "82",
                  "s" : [ {
                     "value" : [ "","define ","\"Qualifying Scan with Values\"",":\n  " ]
                  }, {
                     "r" : "81",
                     "s" : [ {
                        "s" : [ {
                           "r" : "67",
                           "s" : [ {
                              "r" : "66",
                              "s" : [ {
                                 "s" : [ {
                                    "value" : [ "\"Qualifying Scan During Inpatient Encounter\"" ]
                                 } ]
                              } ]
                           }, {
                              "value" : [ " ","CTScan" ]
                           } ]
                        } ]
                     }, {
                        "value" : [ "\n    " ]
                     }, {
                        "r" : "80",
                        "s" : [ {
                           "value" : [ "where " ]
                        }, {
                           "r" : "80",
                           "s" : [ {
                              "r" : "76",
                              "s" : [ {
                                 "r" : "71",
                                 "s" : [ {
                                    "r" : "70",
                                    "s" : [ {
                                       "r" : "68",
                                       "s" : [ {
                                          "value" : [ "AlaraCommon" ]
                                       } ]
                                    }, {
                                       "value" : [ "." ]
                                    }, {
                                       "r" : "70",
                                       "s" : [ {
                                          "value" : [ "\"Global Noise Value\""," ( " ]
                                       }, {
                                          "r" : "69",
                                          "s" : [ {
                                             "value" : [ "CTScan" ]
                                          } ]
                                       }, {
                                          "value" : [ " )" ]
                                       } ]
                                    } ]
                                 }, {
                                    "value" : [ " is not null" ]
                                 } ]
                              }, {
                                 "value" : [ "\n      and " ]
                              }, {
                                 "r" : "75",
                                 "s" : [ {
                                    "r" : "74",
                                    "s" : [ {
                                       "r" : "72",
                                       "s" : [ {
                                          "value" : [ "AlaraCommon" ]
                                       } ]
                                    }, {
                                       "value" : [ "." ]
                                    }, {
                                       "r" : "74",
                                       "s" : [ {
                                          "value" : [ "\"Size Adjusted Value\""," ( " ]
                                       }, {
                                          "r" : "73",
                                          "s" : [ {
                                             "value" : [ "CTScan" ]
                                          } ]
                                       }, {
                                          "value" : [ " )" ]
                                       } ]
                                    } ]
                                 }, {
                                    "value" : [ " is not null" ]
                                 } ]
                              } ]
                           }, {
                              "value" : [ "\n      and " ]
                           }, {
                              "r" : "79",
                              "s" : [ {
                                 "r" : "78",
                                 "s" : [ {
                                    "r" : "77",
                                    "s" : [ {
                                       "value" : [ "CTScan" ]
                                    } ]
                                 }, {
                                    "value" : [ "." ]
                                 }, {
                                    "r" : "78",
                                    "s" : [ {
                                       "value" : [ "result" ]
                                    } ]
                                 } ]
                              }, {
                                 "value" : [ " is not null" ]
                              } ]
                           } ]
                        } ]
                     } ]
                  } ]
               }
            } ],
            "expression" : {
               "localId" : "81",
               "locator" : "44:3-47:35",
               "type" : "Query",
               "source" : [ {
                  "localId" : "67",
                  "locator" : "44:3-44:53",
                  "alias" : "CTScan",
                  "expression" : {
                     "localId" : "66",
                     "locator" : "44:3-44:46",
                     "name" : "Qualifying Scan During Inpatient Encounter",
                     "type" : "ExpressionRef"
                  }
               } ],
               "relationship" : [ ],
               "where" : {
                  "localId" : "80",
                  "locator" : "45:5-47:35",
                  "type" : "And",
                  "operand" : [ {
                     "localId" : "76",
                     "locator" : "45:11-46:66",
                     "type" : "And",
                     "operand" : [ {
                        "localId" : "71",
                        "locator" : "45:11-45:65",
                        "type" : "Not",
                        "operand" : {
                           "locator" : "45:11-45:65",
                           "type" : "IsNull",
                           "operand" : {
                              "localId" : "70",
                              "locator" : "45:11-45:53",
                              "name" : "Global Noise Value",
                              "libraryName" : "AlaraCommon",
                              "type" : "FunctionRef",
                              "operand" : [ {
                                 "localId" : "69",
                                 "locator" : "45:46-45:51",
                                 "name" : "CTScan",
                                 "type" : "AliasRef"
                              } ]
                           }
                        }
                     }, {
                        "localId" : "75",
                        "locator" : "46:11-46:66",
                        "type" : "Not",
                        "operand" : {
                           "locator" : "46:11-46:66",
                           "type" : "IsNull",
                           "operand" : {
                              "localId" : "74",
                              "locator" : "46:11-46:54",
                              "name" : "Size Adjusted Value",
                              "libraryName" : "AlaraCommon",
                              "type" : "FunctionRef",
                              "operand" : [ {
                                 "localId" : "73",
                                 "locator" : "46:47-46:52",
                                 "name" : "CTScan",
                                 "type" : "AliasRef"
                              } ]
                           }
                        }
                     } ]
                  }, {
                     "localId" : "79",
                     "locator" : "47:11-47:35",
                     "type" : "Not",
                     "operand" : {
                        "locator" : "47:11-47:35",
                        "type" : "IsNull",
                        "operand" : {
                           "localId" : "78",
                           "locator" : "47:11-47:23",
                           "path" : "result",
                           "scope" : "CTScan",
                           "type" : "Property"
                        }
                     }
                  } ]
               }
            }
         }, {
            "localId" : "84",
            "locator" : "49:1-50:31",
            "name" : "Denominator",
            "context" : "Patient",
            "accessLevel" : "Public",
            "annotation" : [ {
               "type" : "Annotation",
               "s" : {
                  "r" : "84",
                  "s" : [ {
                     "value" : [ "","define ","\"Denominator\"",":\n  " ]
                  }, {
                     "r" : "83",
                     "s" : [ {
                        "value" : [ "\"Qualifying Scan with Values\"" ]
                     } ]
                  } ]
               }
            } ],
            "expression" : {
               "localId" : "83",
               "locator" : "50:3-50:31",
               "name" : "Qualifying Scan with Values",
               "type" : "ExpressionRef"
            }
         }, {
            "localId" : "91",
            "locator" : "52:1-54:52",
            "name" : "Numerator",
            "context" : "Patient",
            "accessLevel" : "Public",
            "annotation" : [ {
               "type" : "Annotation",
               "s" : {
                  "r" : "91",
                  "s" : [ {
                     "value" : [ "","define ","\"Numerator\"",":\n  " ]
                  }, {
                     "r" : "90",
                     "s" : [ {
                        "s" : [ {
                           "r" : "86",
                           "s" : [ {
                              "r" : "85",
                              "s" : [ {
                                 "s" : [ {
                                    "value" : [ "\"Qualifying Scan with Values\"" ]
                                 } ]
                              } ]
                           }, {
                              "value" : [ " ","CTScan" ]
                           } ]
                        } ]
                     }, {
                        "value" : [ "\n    " ]
                     }, {
                        "r" : "89",
                        "s" : [ {
                           "value" : [ "where " ]
                        }, {
                           "r" : "89",
                           "s" : [ {
                              "r" : "87",
                              "s" : [ {
                                 "value" : [ "AlaraCommon" ]
                              } ]
                           }, {
                              "value" : [ "." ]
                           }, {
                              "r" : "89",
                              "s" : [ {
                                 "value" : [ "\"CT Scan Qualifies\""," ( " ]
                              }, {
                                 "r" : "88",
                                 "s" : [ {
                                    "value" : [ "CTScan" ]
                                 } ]
                              }, {
                                 "value" : [ " )" ]
                              } ]
                           } ]
                        } ]
                     } ]
                  } ]
               }
            } ],
            "expression" : {
               "localId" : "90",
               "locator" : "53:3-54:52",
               "type" : "Query",
               "source" : [ {
                  "localId" : "86",
                  "locator" : "53:3-53:38",
                  "alias" : "CTScan",
                  "expression" : {
                     "localId" : "85",
                     "locator" : "53:3-53:31",
                     "name" : "Qualifying Scan with Values",
                     "type" : "ExpressionRef"
                  }
               } ],
               "relationship" : [ ],
               "where" : {
                  "localId" : "89",
                  "locator" : "54:5-54:52",
                  "name" : "CT Scan Qualifies",
                  "libraryName" : "AlaraCommon",
                  "type" : "FunctionRef",
                  "operand" : [ {
                     "localId" : "88",
                     "locator" : "54:45-54:50",
                     "name" : "CTScan",
                     "type" : "AliasRef"
                  } ]
               }
            }
         }, {
            "localId" : "99",
            "locator" : "62:1-64:37",
            "name" : "Denominator Exclusion",
            "context" : "Patient",
            "accessLevel" : "Public",
            "annotation" : [ {
               "type" : "Annotation",
               "s" : {
                  "r" : "99",
                  "s" : [ {
                     "value" : [ "","define ","\"Denominator Exclusion\"",":\n  " ]
                  }, {
                     "r" : "98",
                     "s" : [ {
                        "s" : [ {
                           "r" : "93",
                           "s" : [ {
                              "r" : "92",
                              "s" : [ {
                                 "s" : [ {
                                    "value" : [ "\"Qualifying Scan with Values\"" ]
                                 } ]
                              } ]
                           }, {
                              "value" : [ " ","CTScan" ]
                           } ]
                        } ]
                     }, {
                        "value" : [ "\n    " ]
                     }, {
                        "r" : "97",
                        "s" : [ {
                           "value" : [ "where " ]
                        }, {
                           "r" : "97",
                           "s" : [ {
                              "r" : "95",
                              "s" : [ {
                                 "r" : "94",
                                 "s" : [ {
                                    "value" : [ "CTScan" ]
                                 } ]
                              }, {
                                 "value" : [ "." ]
                              }, {
                                 "r" : "95",
                                 "s" : [ {
                                    "value" : [ "result" ]
                                 } ]
                              } ]
                           }, {
                              "value" : [ " ","~"," " ]
                           }, {
                              "r" : "96",
                              "s" : [ {
                                 "value" : [ "\"Full Body\"" ]
                              } ]
                           } ]
                        } ]
                     } ]
                  } ]
               }
            } ],
            "expression" : {
               "localId" : "98",
               "locator" : "63:3-64:37",
               "type" : "Query",
               "source" : [ {
                  "localId" : "93",
                  "locator" : "63:3-63:38",
                  "alias" : "CTScan",
                  "expression" : {
                     "localId" : "92",
                     "locator" : "63:3-63:31",
                     "name" : "Qualifying Scan with Values",
                     "type" : "ExpressionRef"
                  }
               } ],
               "relationship" : [ ],
               "where" : {
                  "localId" : "97",
                  "locator" : "64:5-64:37",
                  "type" : "Equivalent",
                  "operand" : [ {
                     "asType" : "{urn:hl7-org:elm-types:r1}Code",
                     "type" : "As",
                     "operand" : {
                        "localId" : "95",
                        "locator" : "64:11-64:23",
                        "path" : "result",
                        "scope" : "CTScan",
                        "type" : "Property"
                     }
                  }, {
                     "localId" : "96",
                     "locator" : "64:27-64:37",
                     "name" : "Full Body",
                     "type" : "CodeRef"
                  } ]
               }
            }
         } ]
      }
   }
}