<?xml version="1.0" encoding="UTF-8"?>
<library xmlns="urn:hl7-org:elm:r1" xmlns:t="urn:hl7-org:elm-types:r1" xmlns:xsi="http://www.w3.org/2001/XMLSchema-instance" xmlns:xsd="http://www.w3.org/2001/XMLSchema" xmlns:fhir="http://hl7.org/fhir" xmlns:qdm43="urn:healthit-gov:qdm:v4_3" xmlns:qdm53="urn:healthit-gov:qdm:v5_3" xmlns:a="urn:hl7-org:cql-annotations:r1">
   <annotation translatorOptions="EnableAnnotations,EnableLocators,DisableListDemotion,DisableListPromotion,DisableMethodInvocation" xsi:type="a:CqlToElmInfo"/>
   <annotation xsi:type="a:Annotation">
      <a:s r="99">
         <a:s>library AlaraCTIQR version '2.0.000'</a:s>
      </a:s>
   </annotation>
   <identifier id="AlaraCTIQR" version="2.0.000"/>
   <schemaIdentifier id="urn:hl7-org:elm" version="r1"/>
   <usings>
      <def localIdentifier="System" uri="urn:hl7-org:elm-types:r1"/>
      <def localId="1" locator="3:1-3:23" localIdentifier="QDM" uri="urn:healthit-gov:qdm:v5_6" version="5.6">
         <annotation xsi:type="a:Annotation">
            <a:s r="1">
               <a:s>using </a:s>
               <a:s>
                  <a:s>QDM</a:s>
               </a:s>
               <a:s> version '5.6'</a:s>
            </a:s>
         </annotation>
      </def>
   </usings>
   <includes>
      <def localId="2" locator="5:1-5:67" localIdentifier="Global" path="MATGlobalCommonFunctionsQDM" version="8.0.000">
         <annotation xsi:type="a:Annotation">
            <a:s r="2">
               <a:s>include </a:s>
               <a:s>
                  <a:s>MATGlobalCommonFunctionsQDM</a:s>
               </a:s>
               <a:s> version '8.0.000' called Global</a:s>
            </a:s>
         </annotation>
      </def>
      <def localId="3" locator="6:1-6:65" localIdentifier="AlaraCommon" path="AlaraCommonFunctions" version="1.4.000">
         <annotation xsi:type="a:Annotation">
            <a:s r="3">
               <a:s>include </a:s>
               <a:s>
                  <a:s>AlaraCommonFunctions</a:s>
               </a:s>
               <a:s> version '1.4.000' called AlaraCommon</a:s>
            </a:s>
         </annotation>
      </def>
   </includes>
   <parameters>
      <def localId="16" locator="19:1-19:49" name="Measurement Period" accessLevel="Public">
         <annotation xsi:type="a:Annotation">
            <a:s r="16">
               <a:s>parameter &quot;Measurement Period&quot; </a:s>
               <a:s r="15">
                  <a:s>Interval&lt;</a:s>
                  <a:s r="14">
                     <a:s>DateTime</a:s>
                  </a:s>
                  <a:s>></a:s>
               </a:s>
            </a:s>
         </annotation>
         <parameterTypeSpecifier localId="15" locator="19:32-19:49" xsi:type="IntervalTypeSpecifier">
            <pointType localId="14" locator="19:41-19:48" name="t:DateTime" xsi:type="NamedTypeSpecifier"/>
         </parameterTypeSpecifier>
      </def>
   </parameters>
   <codeSystems>
      <def localId="4" locator="8:1-8:51" name="LOINC" id="urn:oid:2.16.840.1.113883.6.1" accessLevel="Public">
         <annotation xsi:type="a:Annotation">
            <a:s r="4">
               <a:s>codesystem &quot;LOINC&quot;: 'urn:oid:2.16.840.1.113883.6.1'</a:s>
            </a:s>
         </annotation>
      </def>
   </codeSystems>
   <valueSets>
      <def localId="5" locator="10:1-10:71" name="Encounter Inpatient" id="urn:oid:2.16.840.1.113883.3.666.5.307" accessLevel="Public">
         <annotation xsi:type="a:Annotation">
            <a:s r="5">
               <a:s>valueset &quot;Encounter Inpatient&quot;: 'urn:oid:2.16.840.1.113883.3.666.5.307'</a:s>
            </a:s>
         </annotation>
      </def>
      <def localId="6" locator="11:1-11:58" name="Ethnicity" id="urn:oid:2.16.840.1.114222.4.11.837" accessLevel="Public">
         <annotation xsi:type="a:Annotation">
            <a:s r="6">
               <a:s>valueset &quot;Ethnicity&quot;: 'urn:oid:2.16.840.1.114222.4.11.837'</a:s>
            </a:s>
         </annotation>
      </def>
      <def localId="7" locator="12:1-12:68" name="ONC Administrative Sex" id="urn:oid:2.16.840.1.113762.1.4.1" accessLevel="Public">
         <annotation xsi:type="a:Annotation">
            <a:s r="7">
               <a:s>valueset &quot;ONC Administrative Sex&quot;: 'urn:oid:2.16.840.1.113762.1.4.1'</a:s>
            </a:s>
         </annotation>
      </def>
      <def localId="8" locator="13:1-13:60" name="Payer Type" id="urn:oid:2.16.840.1.114222.4.11.3591" accessLevel="Public">
         <annotation xsi:type="a:Annotation">
            <a:s r="8">
               <a:s>valueset &quot;Payer Type&quot;: 'urn:oid:2.16.840.1.114222.4.11.3591'</a:s>
            </a:s>
         </annotation>
      </def>
      <def localId="9" locator="14:1-14:53" name="Race" id="urn:oid:2.16.840.1.114222.4.11.836" accessLevel="Public">
         <annotation xsi:type="a:Annotation">
            <a:s r="9">
               <a:s>valueset &quot;Race&quot;: 'urn:oid:2.16.840.1.114222.4.11.836'</a:s>
            </a:s>
         </annotation>
      </def>
   </valueSets>
   <codes>
      <def localId="11" locator="16:1-16:110" name="CT dose and image quality category" id="96914-7" display="CT dose and image quality category" accessLevel="Public">
         <annotation xsi:type="a:Annotation">
            <a:s r="11">
               <a:s>code &quot;CT dose and image quality category&quot;: '96914-7' from </a:s>
               <a:s r="10">
                  <a:s>&quot;LOINC&quot;</a:s>
               </a:s>
               <a:s> display 'CT dose and image quality category'</a:s>
            </a:s>
         </annotation>
         <codeSystem localId="10" locator="16:59-16:65" name="LOINC"/>
      </def>
      <def localId="13" locator="17:1-17:62" name="Full Body" id="LA31771-1" display="Full Body" accessLevel="Public">
         <annotation xsi:type="a:Annotation">
            <a:s r="13">
               <a:s>code &quot;Full Body&quot;: 'LA31771-1' from </a:s>
               <a:s r="12">
                  <a:s>&quot;LOINC&quot;</a:s>
               </a:s>
               <a:s> display 'Full Body'</a:s>
            </a:s>
         </annotation>
         <codeSystem localId="12" locator="17:36-17:42" name="LOINC"/>
      </def>
   </codes>
   <contexts>
      <def locator="21:1-21:15" name="Patient"/>
   </contexts>
   <statements>
      <def locator="21:1-21:15" name="Patient" context="Patient">
         <expression xsi:type="SingletonFrom">
            <operand locator="21:1-21:15" xmlns:ns0="urn:healthit-gov:qdm:v5_6" dataType="ns0:Patient" templateId="Patient" xsi:type="Retrieve"/>
         </expression>
      </def>
      <def localId="30" locator="23:1-26:59" name="Qualifying Inpatient Encounters" context="Patient" accessLevel="Public">
         <annotation xsi:type="a:Annotation">
            <a:s r="30">
               <a:s>define &quot;Qualifying Inpatient Encounters&quot;:
  </a:s>
               <a:s r="29">
                  <a:s>
                     <a:s r="18">
                        <a:s r="17">
                           <a:s r="17">
                              <a:s>[&quot;Encounter, Performed&quot;: </a:s>
                              <a:s>
                                 <a:s>&quot;Encounter Inpatient&quot;</a:s>
                              </a:s>
                              <a:s>]</a:s>
                           </a:s>
                        </a:s>
                        <a:s> InpatientEncounter</a:s>
                     </a:s>
                  </a:s>
                  <a:s>
    </a:s>
                  <a:s r="28">
                     <a:s>where </a:s>
                     <a:s r="28">
                        <a:s r="22">
                           <a:s r="20">
                              <a:s r="19">
                                 <a:s>InpatientEncounter</a:s>
                              </a:s>
                              <a:s>.</a:s>
                              <a:s r="20">
                                 <a:s>relevantPeriod</a:s>
                              </a:s>
                           </a:s>
                           <a:s r="22"> overlaps </a:s>
                           <a:s r="21">
                              <a:s>&quot;Measurement Period&quot;</a:s>
                           </a:s>
                        </a:s>
                        <a:s>
      and </a:s>
                        <a:s r="27">
                           <a:s r="25">
                              <a:s>AgeInYearsAt(</a:s>
                              <a:s r="24">
                                 <a:s>start of </a:s>
                                 <a:s r="23">
                                    <a:s>&quot;Measurement Period&quot;</a:s>
                                 </a:s>
                              </a:s>
                              <a:s>)</a:s>
                           </a:s>
                           <a:s r="26"> >= 18</a:s>
                        </a:s>
                     </a:s>
                  </a:s>
               </a:s>
            </a:s>
         </annotation>
         <expression localId="29" locator="24:3-26:59" xsi:type="Query">
            <source localId="18" locator="24:3-24:68" alias="InpatientEncounter">
               <expression localId="17" locator="24:3-24:49" xmlns:ns1="urn:healthit-gov:qdm:v5_6" dataType="ns1:PositiveEncounterPerformed" templateId="PositiveEncounterPerformed" codeProperty="code" codeComparator="in" xsi:type="Retrieve">
                  <codes locator="24:28-24:48" name="Encounter Inpatient" preserve="true" xsi:type="ValueSetRef"/>
               </expression>
            </source>
            <where localId="28" locator="25:5-26:59" xsi:type="And">
               <operand localId="22" locator="25:11-25:73" xsi:type="Overlaps">
                  <operand localId="20" locator="25:11-25:43" path="relevantPeriod" scope="InpatientEncounter" xsi:type="Property"/>
                  <operand localId="21" locator="25:54-25:73" name="Measurement Period" xsi:type="ParameterRef"/>
               </operand>
               <operand localId="27" locator="26:11-26:59" xsi:type="GreaterOrEqual">
                  <operand localId="25" locator="26:11-26:53" precision="Year" xsi:type="CalculateAgeAt">
                     <operand path="birthDatetime" xsi:type="Property">
                        <source name="Patient" xsi:type="ExpressionRef"/>
                     </operand>
                     <operand localId="24" locator="26:24-26:52" xsi:type="Start">
                        <operand localId="23" locator="26:33-26:52" name="Measurement Period" xsi:type="ParameterRef"/>
                     </operand>
                  </operand>
                  <operand localId="26" locator="26:58-26:59" valueType="t:Integer" value="18" xsi:type="Literal"/>
               </operand>
            </where>
         </expression>
      </def>
      <def localId="32" locator="28:1-29:51" name="SDE Ethnicity" context="Patient" accessLevel="Public">
         <annotation xsi:type="a:Annotation">
            <a:s r="32">
               <a:s>define &quot;SDE Ethnicity&quot;:
  </a:s>
               <a:s r="31">
                  <a:s>[&quot;Patient Characteristic Ethnicity&quot;: </a:s>
                  <a:s>
                     <a:s>&quot;Ethnicity&quot;</a:s>
                  </a:s>
                  <a:s>]</a:s>
               </a:s>
            </a:s>
         </annotation>
         <expression localId="31" locator="29:3-29:51" xmlns:ns2="urn:healthit-gov:qdm:v5_6" dataType="ns2:PatientCharacteristicEthnicity" codeProperty="code" codeComparator="in" xsi:type="Retrieve">
            <codes locator="29:40-29:50" name="Ethnicity" preserve="true" xsi:type="ValueSetRef"/>
         </expression>
      </def>
      <def localId="34" locator="31:1-32:41" name="SDE Race" context="Patient" accessLevel="Public">
         <annotation xsi:type="a:Annotation">
            <a:s r="34">
               <a:s>define &quot;SDE Race&quot;:
  </a:s>
               <a:s r="33">
                  <a:s>[&quot;Patient Characteristic Race&quot;: </a:s>
                  <a:s>
                     <a:s>&quot;Race&quot;</a:s>
                  </a:s>
                  <a:s>]</a:s>
               </a:s>
            </a:s>
         </annotation>
         <expression localId="33" locator="32:3-32:41" xmlns:ns3="urn:healthit-gov:qdm:v5_6" dataType="ns3:PatientCharacteristicRace" codeProperty="code" codeComparator="in" xsi:type="Retrieve">
            <codes locator="32:35-32:40" name="Race" preserve="true" xsi:type="ValueSetRef"/>
         </expression>
      </def>
      <def localId="36" locator="34:1-35:58" name="SDE Sex" context="Patient" accessLevel="Public">
         <annotation xsi:type="a:Annotation">
            <a:s r="36">
               <a:s>define &quot;SDE Sex&quot;:
  </a:s>
               <a:s r="35">
                  <a:s>[&quot;Patient Characteristic Sex&quot;: </a:s>
                  <a:s>
                     <a:s>&quot;ONC Administrative Sex&quot;</a:s>
                  </a:s>
                  <a:s>]</a:s>
               </a:s>
            </a:s>
         </annotation>
         <expression localId="35" locator="35:3-35:58" xmlns:ns4="urn:healthit-gov:qdm:v5_6" dataType="ns4:PatientCharacteristicSex" codeProperty="code" codeComparator="in" xsi:type="Retrieve">
            <codes locator="35:34-35:57" name="ONC Administrative Sex" preserve="true" xsi:type="ValueSetRef"/>
         </expression>
      </def>
      <def localId="38" locator="37:1-38:48" name="SDE Payer" context="Patient" accessLevel="Public">
         <annotation xsi:type="a:Annotation">
            <a:s r="38">
               <a:s>define &quot;SDE Payer&quot;:
  </a:s>
               <a:s r="37">
                  <a:s>[&quot;Patient Characteristic Payer&quot;: </a:s>
                  <a:s>
                     <a:s>&quot;Payer Type&quot;</a:s>
                  </a:s>
                  <a:s>]</a:s>
               </a:s>
            </a:s>
         </annotation>
         <expression localId="37" locator="38:3-38:48" xmlns:ns5="urn:healthit-gov:qdm:v5_6" dataType="ns5:PatientCharacteristicPayer" codeProperty="code" codeComparator="in" xsi:type="Retrieve">
            <codes locator="38:36-38:47" name="Payer Type" preserve="true" xsi:type="ValueSetRef"/>
         </expression>
      </def>
      <def localId="63" locator="56:1-60:129" name="Qualifying Scan During Inpatient Encounter" context="Patient" accessLevel="Public">
         <annotation xsi:type="a:Annotation">
            <a:s r="63">
               <a:s>define &quot;Qualifying Scan During Inpatient Encounter&quot;:
  </a:s>
               <a:s r="62">
                  <a:s>
                     <a:s r="40">
                        <a:s r="39">
                           <a:s r="39">
                              <a:s>[&quot;Diagnostic Study, Performed&quot;: </a:s>
                              <a:s>
                                 <a:s>&quot;CT dose and image quality category&quot;</a:s>
                              </a:s>
                              <a:s>]</a:s>
                           </a:s>
                        </a:s>
                        <a:s> CTScan</a:s>
                     </a:s>
                  </a:s>
                  <a:s>
    </a:s>
                  <a:s r="61">
                     <a:s>with </a:s>
                     <a:s r="42">
                        <a:s r="41">
                           <a:s>
                              <a:s>&quot;Qualifying Inpatient Encounters&quot;</a:s>
                           </a:s>
                        </a:s>
                        <a:s> InpatientEncounters</a:s>
                     </a:s>
                     <a:s>
      such that </a:s>
                     <a:s r="60">
                        <a:s r="51">
                           <a:s r="48">
                              <a:s r="43">
                                 <a:s>Global</a:s>
                              </a:s>
                              <a:s>.</a:s>
                              <a:s r="48">
                                 <a:s>&quot;NormalizeInterval&quot; ( </a:s>
                                 <a:s r="45">
                                    <a:s r="44">
                                       <a:s>CTScan</a:s>
                                    </a:s>
                                    <a:s>.</a:s>
                                    <a:s r="45">
                                       <a:s>relevantDatetime</a:s>
                                    </a:s>
                                 </a:s>
                                 <a:s>, </a:s>
                                 <a:s r="47">
                                    <a:s r="46">
                                       <a:s>CTScan</a:s>
                                    </a:s>
                                    <a:s>.</a:s>
                                    <a:s r="47">
                                       <a:s>relevantPeriod</a:s>
                                    </a:s>
                                 </a:s>
                                 <a:s> )</a:s>
                              </a:s>
                           </a:s>
                           <a:s r="51"> starts during </a:s>
                           <a:s r="50">
                              <a:s r="49">
                                 <a:s>InpatientEncounters</a:s>
                              </a:s>
                              <a:s>.</a:s>
                              <a:s r="50">
                                 <a:s>relevantPeriod</a:s>
                              </a:s>
                           </a:s>
                        </a:s>
                        <a:s>
        and </a:s>
                        <a:s r="59">
                           <a:s r="57">
                              <a:s r="52">
                                 <a:s>Global</a:s>
                              </a:s>
                              <a:s>.</a:s>
                              <a:s r="57">
                                 <a:s>&quot;NormalizeInterval&quot; ( </a:s>
                                 <a:s r="54">
                                    <a:s r="53">
                                       <a:s>CTScan</a:s>
                                    </a:s>
                                    <a:s>.</a:s>
                                    <a:s r="54">
                                       <a:s>relevantDatetime</a:s>
                                    </a:s>
                                 </a:s>
                                 <a:s>, </a:s>
                                 <a:s r="56">
                                    <a:s r="55">
                                       <a:s>CTScan</a:s>
                                    </a:s>
                                    <a:s>.</a:s>
                                    <a:s r="56">
                                       <a:s>relevantPeriod</a:s>
                                    </a:s>
                                 </a:s>
                                 <a:s> )</a:s>
                              </a:s>
                           </a:s>
                           <a:s r="59"> ends during day of </a:s>
                           <a:s r="58">
                              <a:s>&quot;Measurement Period&quot;</a:s>
                           </a:s>
                        </a:s>
                     </a:s>
                  </a:s>
               </a:s>
            </a:s>
         </annotation>
         <expression localId="62" locator="57:3-60:129" xsi:type="Query">
            <source localId="40" locator="57:3-57:78" alias="CTScan">
               <expression localId="39" locator="57:3-57:71" xmlns:ns6="urn:healthit-gov:qdm:v5_6" dataType="ns6:PositiveDiagnosticStudyPerformed" templateId="PositiveDiagnosticStudyPerformed" codeProperty="code" codeComparator="~" xsi:type="Retrieve">
                  <codes xsi:type="ToList">
                     <operand locator="57:35-57:70" name="CT dose and image quality category" xsi:type="CodeRef"/>
                  </codes>
               </expression>
            </source>
            <relationship localId="61" locator="58:5-60:129" alias="InpatientEncounters" xsi:type="With">
               <expression localId="41" locator="58:10-58:42" name="Qualifying Inpatient Encounters" xsi:type="ExpressionRef"/>
               <suchThat localId="60" locator="59:17-60:129" xsi:type="And">
                  <operand localId="51" locator="59:17-59:142" xsi:type="In">
                     <operand locator="59:95-59:100" xsi:type="Start">
                        <operand localId="48" locator="59:17-59:93" name="NormalizeInterval" libraryName="Global" xsi:type="FunctionRef">
                           <operand localId="45" locator="59:46-59:68" path="relevantDatetime" scope="CTScan" xsi:type="Property"/>
                           <operand localId="47" locator="59:71-59:91" path="relevantPeriod" scope="CTScan" xsi:type="Property"/>
                        </operand>
                     </operand>
                     <operand localId="50" locator="59:109-59:142" path="relevantPeriod" scope="InpatientEncounters" xsi:type="Property"/>
                  </operand>
                  <operand localId="59" locator="60:13-60:129" precision="Day" xsi:type="In">
                     <operand locator="60:91-60:94" xsi:type="End">
                        <operand localId="57" locator="60:13-60:89" name="NormalizeInterval" libraryName="Global" xsi:type="FunctionRef">
                           <operand localId="54" locator="60:42-60:64" path="relevantDatetime" scope="CTScan" xsi:type="Property"/>
                           <operand localId="56" locator="60:67-60:87" path="relevantPeriod" scope="CTScan" xsi:type="Property"/>
                        </operand>
                     </operand>
                     <operand localId="58" locator="60:110-60:129" name="Measurement Period" xsi:type="ParameterRef"/>
                  </operand>
               </suchThat>
            </relationship>
         </expression>
      </def>
      <def localId="65" locator="40:1-41:46" name="Initial Population" context="Patient" accessLevel="Public">
         <annotation xsi:type="a:Annotation">
            <a:s r="65">
               <a:s>define &quot;Initial Population&quot;:
  </a:s>
               <a:s r="64">
                  <a:s>&quot;Qualifying Scan During Inpatient Encounter&quot;</a:s>
               </a:s>
            </a:s>
         </annotation>
         <expression localId="64" locator="41:3-41:46" name="Qualifying Scan During Inpatient Encounter" xsi:type="ExpressionRef"/>
      </def>
      <def localId="82" locator="43:1-47:35" name="Qualifying Scan with Values" context="Patient" accessLevel="Public">
         <annotation xsi:type="a:Annotation">
            <a:s r="82">
               <a:s>define &quot;Qualifying Scan with Values&quot;:
  </a:s>
               <a:s r="81">
                  <a:s>
                     <a:s r="67">
                        <a:s r="66">
                           <a:s>
                              <a:s>&quot;Qualifying Scan During Inpatient Encounter&quot;</a:s>
                           </a:s>
                        </a:s>
                        <a:s> CTScan</a:s>
                     </a:s>
                  </a:s>
                  <a:s>
    </a:s>
                  <a:s r="80">
                     <a:s>where </a:s>
                     <a:s r="80">
                        <a:s r="76">
                           <a:s r="71">
                              <a:s r="70">
                                 <a:s r="68">
                                    <a:s>AlaraCommon</a:s>
                                 </a:s>
                                 <a:s>.</a:s>
                                 <a:s r="70">
                                    <a:s>&quot;Global Noise Value&quot; ( </a:s>
                                    <a:s r="69">
                                       <a:s>CTScan</a:s>
                                    </a:s>
                                    <a:s> )</a:s>
                                 </a:s>
                              </a:s>
                              <a:s> is not null</a:s>
                           </a:s>
                           <a:s>
      and </a:s>
                           <a:s r="75">
                              <a:s r="74">
                                 <a:s r="72">
                                    <a:s>AlaraCommon</a:s>
                                 </a:s>
                                 <a:s>.</a:s>
                                 <a:s r="74">
                                    <a:s>&quot;Size Adjusted Value&quot; ( </a:s>
                                    <a:s r="73">
                                       <a:s>CTScan</a:s>
                                    </a:s>
                                    <a:s> )</a:s>
                                 </a:s>
                              </a:s>
                              <a:s> is not null</a:s>
                           </a:s>
                        </a:s>
                        <a:s>
      and </a:s>
                        <a:s r="79">
                           <a:s r="78">
                              <a:s r="77">
                                 <a:s>CTScan</a:s>
                              </a:s>
                              <a:s>.</a:s>
                              <a:s r="78">
                                 <a:s>result</a:s>
                              </a:s>
                           </a:s>
                           <a:s> is not null</a:s>
                        </a:s>
                     </a:s>
                  </a:s>
               </a:s>
            </a:s>
         </annotation>
         <expression localId="81" locator="44:3-47:35" xsi:type="Query">
            <source localId="67" locator="44:3-44:53" alias="CTScan">
               <expression localId="66" locator="44:3-44:46" name="Qualifying Scan During Inpatient Encounter" xsi:type="ExpressionRef"/>
            </source>
            <where localId="80" locator="45:5-47:35" xsi:type="And">
               <operand localId="76" locator="45:11-46:66" xsi:type="And">
                  <operand localId="71" locator="45:11-45:65" xsi:type="Not">
                     <operand locator="45:11-45:65" xsi:type="IsNull">
                        <operand localId="70" locator="45:11-45:53" name="Global Noise Value" libraryName="AlaraCommon" xsi:type="FunctionRef">
                           <operand localId="69" locator="45:46-45:51" name="CTScan" xsi:type="AliasRef"/>
                        </operand>
                     </operand>
                  </operand>
                  <operand localId="75" locator="46:11-46:66" xsi:type="Not">
                     <operand locator="46:11-46:66" xsi:type="IsNull">
                        <operand localId="74" locator="46:11-46:54" name="Size Adjusted Value" libraryName="AlaraCommon" xsi:type="FunctionRef">
                           <operand localId="73" locator="46:47-46:52" name="CTScan" xsi:type="AliasRef"/>
                        </operand>
                     </operand>
                  </operand>
               </operand>
               <operand localId="79" locator="47:11-47:35" xsi:type="Not">
                  <operand locator="47:11-47:35" xsi:type="IsNull">
                     <operand localId="78" locator="47:11-47:23" path="result" scope="CTScan" xsi:type="Property"/>
                  </operand>
               </operand>
            </where>
         </expression>
      </def>
      <def localId="84" locator="49:1-50:31" name="Denominator" context="Patient" accessLevel="Public">
         <annotation xsi:type="a:Annotation">
            <a:s r="84">
               <a:s>define &quot;Denominator&quot;:
  </a:s>
               <a:s r="83">
                  <a:s>&quot;Qualifying Scan with Values&quot;</a:s>
               </a:s>
            </a:s>
         </annotation>
         <expression localId="83" locator="50:3-50:31" name="Qualifying Scan with Values" xsi:type="ExpressionRef"/>
      </def>
      <def localId="91" locator="52:1-54:52" name="Numerator" context="Patient" accessLevel="Public">
         <annotation xsi:type="a:Annotation">
            <a:s r="91">
               <a:s>define &quot;Numerator&quot;:
  </a:s>
               <a:s r="90">
                  <a:s>
                     <a:s r="86">
                        <a:s r="85">
                           <a:s>
                              <a:s>&quot;Qualifying Scan with Values&quot;</a:s>
                           </a:s>
                        </a:s>
                        <a:s> CTScan</a:s>
                     </a:s>
                  </a:s>
                  <a:s>
    </a:s>
                  <a:s r="89">
                     <a:s>where </a:s>
                     <a:s r="89">
                        <a:s r="87">
                           <a:s>AlaraCommon</a:s>
                        </a:s>
                        <a:s>.</a:s>
                        <a:s r="89">
                           <a:s>&quot;CT Scan Qualifies&quot; ( </a:s>
                           <a:s r="88">
                              <a:s>CTScan</a:s>
                           </a:s>
                           <a:s> )</a:s>
                        </a:s>
                     </a:s>
                  </a:s>
               </a:s>
            </a:s>
         </annotation>
         <expression localId="90" locator="53:3-54:52" xsi:type="Query">
            <source localId="86" locator="53:3-53:38" alias="CTScan">
               <expression localId="85" locator="53:3-53:31" name="Qualifying Scan with Values" xsi:type="ExpressionRef"/>
            </source>
            <where localId="89" locator="54:5-54:52" name="CT Scan Qualifies" libraryName="AlaraCommon" xsi:type="FunctionRef">
               <operand localId="88" locator="54:45-54:50" name="CTScan" xsi:type="AliasRef"/>
            </where>
         </expression>
      </def>
      <def localId="99" locator="62:1-64:37" name="Denominator Exclusion" context="Patient" accessLevel="Public">
         <annotation xsi:type="a:Annotation">
            <a:s r="99">
               <a:s>define &quot;Denominator Exclusion&quot;:
  </a:s>
               <a:s r="98">
                  <a:s>
                     <a:s r="93">
                        <a:s r="92">
                           <a:s>
                              <a:s>&quot;Qualifying Scan with Values&quot;</a:s>
                           </a:s>
                        </a:s>
                        <a:s> CTScan</a:s>
                     </a:s>
                  </a:s>
                  <a:s>
    </a:s>
                  <a:s r="97">
                     <a:s>where </a:s>
                     <a:s r="97">
                        <a:s r="95">
                           <a:s r="94">
                              <a:s>CTScan</a:s>
                           </a:s>
                           <a:s>.</a:s>
                           <a:s r="95">
                              <a:s>result</a:s>
                           </a:s>
                        </a:s>
                        <a:s> ~ </a:s>
                        <a:s r="96">
                           <a:s>&quot;Full Body&quot;</a:s>
                        </a:s>
                     </a:s>
                  </a:s>
               </a:s>
            </a:s>
         </annotation>
         <expression localId="98" locator="63:3-64:37" xsi:type="Query">
            <source localId="93" locator="63:3-63:38" alias="CTScan">
               <expression localId="92" locator="63:3-63:31" name="Qualifying Scan with Values" xsi:type="ExpressionRef"/>
            </source>
            <where localId="97" locator="64:5-64:37" xsi:type="Equivalent">
               <operand asType="t:Code" xsi:type="As">
                  <operand localId="95" locator="64:11-64:23" path="result" scope="CTScan" xsi:type="Property"/>
               </operand>
               <operand localId="96" locator="64:27-64:37" name="Full Body" xsi:type="CodeRef"/>
            </where>
         </expression>
      </def>
   </statements>
</library>
