<?xml version="1.0" encoding="UTF-8" standalone="yes"?>
<QualityMeasureDocument xmlns="urn:hl7-org:v3"
                        xmlns:cql-ext="urn:hhs-cql:hqmf-n1-extensions:v1"
                        xmlns:xsi="http://www.w3.org/2001/XMLSchema-instance">

      <!--
            **************************************************************
            Measure Details Section
            **************************************************************
        -->
   <typeId extension="POQM_HD000001UV02" root="2.16.840.1.113883.1.3"/>
   <templateId>
      <item extension="2021-02-01" root="2.16.840.1.113883.10.20.28.1.2"/>
   </templateId>
   <id root="7e9ed220-274d-4f27-8ff0-6fd0cb482cf6"/>
   <code code="57024-2" codeSystem="2.16.840.1.113883.6.1">
      <displayName value="Health Quality Measure Document"/>
   </code>
   <title
          value="Urinary Symptom Score Change 6-12 Months After Diagnosis of Benign Prostatic Hyperplasia"/>
   <text
         value="Percentage of patients with an office visit within the measurement period and with a new diagnosis of clinically significant Benign Prostatic Hyperplasia who have International Prostate Symptoms Score (IPSS) or American Urological Association (AUA) Symptom Index (SI) documented at time of diagnosis and again 6-12 months later with an improvement of 3 points"/>
   <statusCode code="COMPLETED"/>
   <setId root="1c05c6c0-8099-4270-83ce-292cf6e35c51"/>
   <versionNumber value="7.0.000"/>
   <author>
      <responsibleParty classCode="ASSIGNED">
         <representedResponsibleOrganization classCode="ORG" determinerCode="INSTANCE">
            <id>
               <item root="2.16.840.1.113883.3.7320"/>
            </id>
            <name>
               <item>
                  <part value="Large Urology Group Practice Association (LUGPA)"/>
               </item>
            </name>
         </representedResponsibleOrganization>
      </responsibleParty>
   </author>
   <custodian>
      <responsibleParty classCode="ASSIGNED">
         <representedResponsibleOrganization classCode="ORG" determinerCode="INSTANCE">
            <id>
               <item root="2.16.840.1.113883.3.7320"/>
            </id>
            <name>
               <item>
                  <part value="Large Urology Group Practice Association (LUGPA)"/>
               </item>
            </name>
         </representedResponsibleOrganization>
      </responsibleParty>
   </custodian>
   <!--Ethnicity-->
   <definition>
      <valueSet classCode="OBS" moodCode="DEF">
         <id root="2.16.840.1.114222.4.11.837"/>
         <title value="Ethnicity"/>
      </valueSet>
   </definition>
   <!--Federal Administrative Sex-->
   <definition>
      <valueSet classCode="OBS" moodCode="DEF">
         <id root="2.16.840.1.113762.1.4.1021.121"/>
         <title value="Federal Administrative Sex"/>
      </valueSet>
   </definition>
   <!--Race-->
   <definition>
      <valueSet classCode="OBS" moodCode="DEF">
         <id root="2.16.840.1.114222.4.11.836"/>
         <title value="Race"/>
      </valueSet>
   </definition>
   <!--Morbid Obesity-->
   <definition>
      <valueSet classCode="OBS" moodCode="DEF">
         <id root="2.16.840.1.113762.1.4.1248.368"/>
         <title value="Morbid Obesity"/>
      </valueSet>
   </definition>
   <!--Office Visit-->
   <definition>
      <valueSet classCode="OBS" moodCode="DEF">
         <id root="2.16.840.1.113883.3.464.1003.101.12.1001"/>
         <title value="Office Visit"/>
      </valueSet>
   </definition>
   <!--Payer Type-->
   <definition>
      <valueSet classCode="OBS" moodCode="DEF">
         <id root="2.16.840.1.114222.4.11.3591"/>
         <title value="Payer Type"/>
      </valueSet>
   </definition>
   <!--Hospital Services for Urology Care-->
   <definition>
      <valueSet classCode="OBS" moodCode="DEF">
         <id root="2.16.840.1.113762.1.4.1248.360"/>
         <title value="Hospital Services for Urology Care"/>
      </valueSet>
   </definition>
   <!--Urinary Retention-->
   <definition>
      <valueSet classCode="OBS" moodCode="DEF">
         <id root="2.16.840.1.113762.1.4.1248.372"/>
         <title value="Urinary Retention"/>
      </valueSet>
   </definition>
   <!--virtual- -->
   <definition>
      <cql-ext:code code="VR"
                    codeSystem="2.16.840.1.113883.5.4"
                    codeSystemName="ActCode">
         <displayName value="virtual"/>
      </cql-ext:code>
   </definition>
   <!--If you were to spend the rest of your life with your urinary condition just the way it is now, how would you feel about that [IPSS]- -->
   <definition>
      <cql-ext:code code="81090-3"
                    codeSystem="2.16.840.1.113883.6.1"
                    codeSystemName="LOINC">
         <displayName value="If you were to spend the rest of your life with your urinary condition just the way it is now, how would you feel about that [IPSS]"/>
      </cql-ext:code>
   </definition>
   <!--Male (finding)- -->
   <definition>
      <cql-ext:code code="248153007"
                    codeSystem="2.16.840.1.113883.6.96"
                    codeSystemName="SNOMEDCT">
         <displayName value="Male (finding)"/>
      </cql-ext:code>
   </definition>
   <!--International Prostate Symptom Score [IPSS]- -->
   <definition>
      <cql-ext:code code="80976-4"
                    codeSystem="2.16.840.1.113883.6.1"
                    codeSystemName="LOINC">
         <displayName value="International Prostate Symptom Score [IPSS]"/>
      </cql-ext:code>
   </definition>
   <!--Body mass index (BMI) [Ratio]- -->
   <definition>
      <cql-ext:code code="39156-5"
                    codeSystem="2.16.840.1.113883.6.1"
                    codeSystemName="LOINC">
         <displayName value="Body mass index (BMI) [Ratio]"/>
      </cql-ext:code>
   </definition>
   <!--Benign prostatic hyperplasia with lower urinary tract symptoms- -->
   <definition>
      <cql-ext:code code="N40.1"
                    codeSystem="2.16.840.1.113883.6.90"
                    codeSystemName="ICD10CM">
         <displayName value="Benign prostatic hyperplasia with lower urinary tract symptoms"/>
      </cql-ext:code>
   </definition>
   <!--American Urological Association Symptom Index [AUASI]- -->
   <definition>
      <cql-ext:code code="80883-2"
                    codeSystem="2.16.840.1.113883.6.1"
                    codeSystemName="LOINC">
         <displayName value="American Urological Association Symptom Index [AUASI]"/>
      </cql-ext:code>
   </definition>
   <relatedDocument typeCode="COMP">
      <expressionDocument>
         <id root="d23c85b5-a226-42e9-bb43-f2ab58776aa1"/>
         <text mediaType="text/cql">
            <reference value="https://madie.cms.gov/libraries/1c05c6c0-8099-4270-83ce-292cf6e35c51/CMS771UrinarySymptomScoreAfterProstaticHyperplasiaQDM-7.0.000.cql"/>
            <translation mediaType="application/elm+xml">
               <reference value="https://madie.cms.gov/libraries/1c05c6c0-8099-4270-83ce-292cf6e35c51/CMS771UrinarySymptomScoreAfterProstaticHyperplasiaQDM-7.0.000.xml"/>
            </translation>
            <translation mediaType="application/elm+json">
               <reference value="https://madie.cms.gov/libraries/1c05c6c0-8099-4270-83ce-292cf6e35c51/CMS771UrinarySymptomScoreAfterProstaticHyperplasiaQDM-7.0.000.json"/>
            </translation>
         </text>
         <setId extension="1c05c6c0-8099-4270-83ce-292cf6e35c51"
                identifierName="CMS771UrinarySymptomScoreAfterProstaticHyperplasiaQDM"
                root="https://madie.cms.gov/libraries"/>
         <versionNumber value="7.0.000"/>
      </expressionDocument>
   </relatedDocument>
   <relatedDocument typeCode="COMP">
      <expressionDocument>
         <id root="8013d863-2375-49a3-87e9-88011120aacb"/>
         <text mediaType="text/cql">
            <reference value="https://madie.cms.gov/libraries/8013d863-2375-49a3-87e9-88011120aacb/CQMCommonQDM-9.0.000.cql"/>
            <translation mediaType="application/elm+xml">
               <reference value="https://madie.cms.gov/libraries/8013d863-2375-49a3-87e9-88011120aacb/CQMCommonQDM-9.0.000.xml"/>
            </translation>
            <translation mediaType="application/elm+json">
               <reference value="https://madie.cms.gov/libraries/8013d863-2375-49a3-87e9-88011120aacb/CQMCommonQDM-9.0.000.json"/>
            </translation>
         </text>
         <setId extension="8013d863-2375-49a3-87e9-88011120aacb"
                identifierName="CQMCommonQDM"
                root="https://madie.cms.gov/libraries"/>
         <versionNumber value="9.0.000"/>
      </expressionDocument>
   </relatedDocument>
   <controlVariable>
      <measurePeriod>
         <id extension="measureperiod" root="7568af96-1481-4d33-8b6d-32cc6b9ed8b1"/>
         <code code="MSRTP" codeSystem="2.16.840.1.113883.5.4">
            <originalText value="Measurement Period"/>
         </code>
         <value highClosed="false" lowClosed="true" xsi:type="IVL_TS">
            <low value="20260101"/>
            <high value="20270101"/>
         </value>
      </measurePeriod>
   </controlVariable>
   <subjectOf>
      <measureAttribute>
         <code nullFlavor="OTH">
            <originalText value="CMS ID"/>
         </code>
         <value mediaType="text/plain" value="771" xsi:type="ED"/>
      </measureAttribute>
   </subjectOf>
   <subjectOf>
      <measureAttribute>
         <code nullFlavor="OTH">
            <originalText value="CBE Number"/>
         </code>
         <value mediaType="text/plain" value="Not Applicable" xsi:type="ED"/>
      </measureAttribute>
   </subjectOf>
   <subjectOf>
      <measureAttribute>
         <code code="COPY" codeSystem="2.16.840.1.113883.5.4">
            <displayName value="Copyright"/>
         </code>
         <value mediaType="text/plain"
                value="Limited proprietary coding is contained in the measure specifications for user convenience. Users of the proprietary code sets should obtain all necessary licenses from the owners of these code sets. Large Urology Group Practice Association (LUGPA) and Oregon Urology Institute (OUI) disclaim all liability for the use or accuracy of any third-party codes contained in the specifications. CPT(R) contained in the Measure specifications is copyright 2004-2024. American Medical Association. LOINC(R) copyright 2004-2024 Regenstrief Institute, Inc. This material contains SNOMED Clinical Terms(R) (SNOMED CT[R]) copyright 2004-2024 International Health Terminology Standards Development Organisation. ICD-10 copyright 2024 World Health Organization. All Rights Reserved."
                xsi:type="ED"/>
      </measureAttribute>
   </subjectOf>
   <subjectOf>
      <measureAttribute>
         <code code="DISC" codeSystem="2.16.840.1.113883.5.4">
            <displayName value="Disclaimer"/>
         </code>
         <value mediaType="text/plain"
                value="The performance measure is not a clinical guideline, does not establish a standard of medical care, and has not been tested for all potential applications. THE MEASURE AND SPECIFICATIONS ARE PROVIDED &quot;AS IS&quot; WITHOUT WARRANTY OF ANY KIND. Due to technical limitations, registered trademarks are indicated by (R) or [R], and unregistered trademarks are indicated by (TM) or [TM]."
                xsi:type="ED"/>
      </measureAttribute>
   </subjectOf>
   <subjectOf>
      <measureAttribute>
         <code code="MSRSCORE" codeSystem="2.16.840.1.113883.5.4">
            <displayName value="Measure Scoring"/>
         </code>
         <value code="PROPOR" codeSystem="2.16.840.1.113883.5.1063" xsi:type="CD">
            <displayName value="Proportion"/>
         </value>
      </measureAttribute>
   </subjectOf>
   <subjectOf>
      <measureAttribute>
         <code code="MSRTYPE" codeSystem="2.16.840.1.113883.5.4">
            <displayName value="Measure Type"/>
         </code>
         <value code="PRO-PM" codeSystem="2.16.840.1.113883.5.1063" xsi:type="CD">
            <displayName value="Patient Reported Outcome"/>
         </value>
      </measureAttribute>
   </subjectOf>
   <subjectOf>
      <measureAttribute>
         <code code="STRAT" codeSystem="2.16.840.1.113883.5.4">
            <displayName value="Stratification"/>
         </code>
         <value mediaType="text/plain" value="None" xsi:type="ED"/>
      </measureAttribute>
   </subjectOf>
   <subjectOf>
      <measureAttribute>
         <code code="MSRADJ" codeSystem="2.16.840.1.113883.5.4">
            <displayName value="Risk Adjustment"/>
         </code>
         <value mediaType="text/plain" value="None" xsi:type="ED"/>
      </measureAttribute>
   </subjectOf>
   <subjectOf>
      <measureAttribute>
         <code code="MSRAGG" codeSystem="2.16.840.1.113883.5.4">
            <displayName value="Rate Aggregation"/>
         </code>
         <value mediaType="text/plain" value="None" xsi:type="ED"/>
      </measureAttribute>
   </subjectOf>
   <subjectOf>
      <measureAttribute>
         <code code="RAT" codeSystem="2.16.840.1.113883.5.4">
            <displayName value="Rationale"/>
         </code>
         <value mediaType="text/plain"
                value="Benign prostatic hyperplasia (BPH) is one of the most common conditions affecting older males, with a prevalence of 50% by age 60 years and 90% by the ninth decade of life (Medina et al., 1999). The enlarged gland had been proposed to contribute to the overall lower urinary tract symptoms (LUTS) complex (McVary et al., 2014). Although LUTS secondary to BPH is not often a life-threatening condition, the impact of LUTS/BPH on quality of life can be significant (Wei et al., 2005). The American Urological Association Symptom Index (AUA-SI) and the International Prostate Symptom Score (IPSS) were developed to measure outcomes in studies of different treatments for BPH (Wuerstle et al., 2011). The IPSS uses the same questions as the AUA-SI, but also adds a disease-specific quality of life question (OLeary, 2005). The IPSS was adopted in 1993 by the World Health Organization. It is a reproducible, validated index designed to determine disease severity and response to therapy (D’Silva et al., 2014). It includes 3 storage symptom questions (frequency, nocturia, urgency) and four voiding symptoms (feeling of incomplete emptying, intermittency, straining, and a weak stream) as well as a Bother question: If you were to spend the rest of your life with your urinary condition just the way it is now, how would you feel about that? A three-point improvement in the score is considered meaningful (McVary et al., 2014)."
                xsi:type="ED"/>
      </measureAttribute>
   </subjectOf>
   <subjectOf>
      <measureAttribute>
         <code code="CRS" codeSystem="2.16.840.1.113883.5.4">
            <displayName value="Clinical Recommendation Statement"/>
         </code>
         <value mediaType="text/plain"
                value="The symptoms of BPH are lower urinary tract symptoms (LUTS). There are other disorders with similar symptoms that need to be excluded. History, physical examination, and testing are required prior to a diagnosis of BPH. IPSS by itself is not a reliable diagnostic tool for LUTS suggestive of BPH but serves as a quantitative measure of LUTS after the diagnosis is established (D’Silva et al., 2014). Medical and surgical interventions for BPH recommend a follow up IPSS evaluation to determine effectiveness of treatment. IPSS should be evaluated at the time of diagnosis and after definitive treatment."
                xsi:type="ED"/>
      </measureAttribute>
   </subjectOf>
   <subjectOf>
      <measureAttribute>
         <code code="IDUR" codeSystem="2.16.840.1.113883.5.4">
            <displayName value="Improvement Notation"/>
         </code>
         <value mediaType="text/plain"
                value="A meaningful improvement is a negative 3-point change in the urinary symptom score. The quality improves when a higher proportion of people meet the meaningful improvement definition."
                xsi:type="ED"/>
      </measureAttribute>
   </subjectOf>
   <subjectOf>
      <measureAttribute>
         <code code="REF" codeSystem="2.16.840.1.113883.5.4">
            <displayName value="Reference"/>
         </code>
         <value mediaType="text/plain"
                value="CITATION D'Silva, K. A., Dahm, P., &amp; Wong, C. L. (2014). Does this man with lower urinary tract symptoms have bladder outlet obstruction? The Rational Clinical Examination: A systematic review. Journal of the American Medical Association, 312(5), 535-542. Retrieved from https://www.ncbi.nlm.nih.gov/pubmed/25096693"
                xsi:type="ED"/>
      </measureAttribute>
   </subjectOf>
   <subjectOf>
      <measureAttribute>
         <code code="REF" codeSystem="2.16.840.1.113883.5.4">
            <displayName value="Reference"/>
         </code>
         <value mediaType="text/plain"
                value="CITATION McVary, K. T., Roehrborn, C. G., Avins, A. L., et al. (2014). Management of benign prostatic hyperplasia. Retrieved from https://pubmed.ncbi.nlm.nih.gov/21420124/"
                xsi:type="ED"/>
      </measureAttribute>
   </subjectOf>
   <subjectOf>
      <measureAttribute>
         <code code="REF" codeSystem="2.16.840.1.113883.5.4">
            <displayName value="Reference"/>
         </code>
         <value mediaType="text/plain"
                value="CITATION Medina, J. J., Parra, R. O., &amp; Moore, R. G. (1999). Benign prostatic hyperplasia (the aging prostate). Medical Clinics of North America, 83(5), 1213-1229. Retrieved from http://www.sciencedirect.com/science/article/pii/S0025712505701590"
                xsi:type="ED"/>
      </measureAttribute>
   </subjectOf>
   <subjectOf>
      <measureAttribute>
         <code code="REF" codeSystem="2.16.840.1.113883.5.4">
            <displayName value="Reference"/>
         </code>
         <value mediaType="text/plain"
                value="CITATION O’Leary, M. P. (2005). Validity of the Bother Score in the evaluation and treatment of symptomatic benign prostatic hyperplasia. Reviews in Urology, 7(1), 1-10. Retrieved from https://www.ncbi.nlm.nih.gov/pmc/articles/PMC1477553/"
                xsi:type="ED"/>
      </measureAttribute>
   </subjectOf>
   <subjectOf>
      <measureAttribute>
         <code code="REF" codeSystem="2.16.840.1.113883.5.4">
            <displayName value="Reference"/>
         </code>
         <value mediaType="text/plain"
                value="CITATION Wei, J., Calhoun, E., &amp; Jacobsen, S. (2005). Urologic diseases in America project: Benign prostatic hyperplasia. Journal of Urology, 173(4), 1256-1261. Retrieved from https://www.ncbi.nlm.nih.gov/pubmed/15758764"
                xsi:type="ED"/>
      </measureAttribute>
   </subjectOf>
   <subjectOf>
      <measureAttribute>
         <code code="REF" codeSystem="2.16.840.1.113883.5.4">
            <displayName value="Reference"/>
         </code>
         <value mediaType="text/plain"
                value="CITATION Wuerstle, M. C., Van Den Eeden, S. K., Poon, K. T., et al. (2011). Contribution of common medications to lower urinary tract symptoms in men. Archives of Internal Medicine, 171(18), 1680-1682. Retrieved from https://www.ncbi.nlm.nih.gov/pubmed/21987200"
                xsi:type="ED"/>
      </measureAttribute>
   </subjectOf>
   <subjectOf>
      <measureAttribute>
         <code code="DEF" codeSystem="2.16.840.1.113883.5.4">
            <displayName value="Definition"/>
         </code>
         <value mediaType="text/plain"
                value="Clinically significant Benign Prostatic Hyperplasia (BPH) is BPH with lower urinary tract symptoms (LUTS). IPSS - International Prostate Symptom Score AUA-SI - American Urological Association-Symptom Index QOL - Quality of Life score"
                xsi:type="ED"/>
      </measureAttribute>
   </subjectOf>
   <subjectOf>
      <measureAttribute>
         <code code="GUIDE" codeSystem="2.16.840.1.113883.5.4">
            <displayName value="Guidance"/>
         </code>
         <value mediaType="text/plain"
                value="The IPSS is inclusive of the symptom index score and the quality of life score. The AUA-SI is the symptom index score alone and must be added to the QOL score. The AUA-SI with the QOL equals the IPSS. Both of these are the urinary symptom score. The patient must have a urinary symptom score (USS) within 1 month after initial diagnosis. If more than one USS in the initial one month, then the first USS counts. The patient must have a USS again at 6-12 months after the initial diagnosis and if more than one USS in this time frame, then the last USS counts. The result of the test is a numeric value that relates to a continuous numeric scale. Reported either as an integer, a ratio, a real number, or a range. The test result value may optionally contain a relational operator from the set {&lt;=, &lt;, &gt;, &gt;=}. Valid values for a quantitative test are of the form “7”, “-7”, “7.4”, “-7.4”, “7.8912”, “0.125”, “&lt;10”, “&lt;10.15”, “&gt;12000”, 1-10, 1:256. Hospitalization within 30 days of Initial BPH Diagnosis refers to a 30-day period between the end of the hospitalization and the clinical office setting BPH diagnosis. This is due to aggravating factors from hospitalization, such as bed rest, medications, surgery, and altered body functions. Symptoms of BPH include urinary frequency, urinary urgency, difficulty starting urination, weak urine stream, dribbling at the end of urination, incomplete bladder emptying. This eCQM is a patient-based measure. Telehealth encounters are not eligible for this measure because the measure requires a clinical action that cannot be conducted via telehealth. This version of the eCQM uses QDM version 5.6. Please refer to the eCQI resource center (https://ecqi.healthit.gov/qdm) for more information on the QDM."
                xsi:type="ED"/>
      </measureAttribute>
   </subjectOf>
   <subjectOf>
      <measureAttribute>
         <code code="TRANF" codeSystem="2.16.840.1.113883.5.4">
            <displayName value="Transmission Format"/>
         </code>
         <value mediaType="text/plain" value="TBD" xsi:type="ED"/>
      </measureAttribute>
   </subjectOf>
   <subjectOf>
      <measureAttribute>
         <code code="IPOP" codeSystem="2.16.840.1.113883.5.4">
            <displayName value="Initial Population"/>
         </code>
         <value mediaType="text/plain"
                value="Male patients with an initial diagnosis of benign prostatic hyperplasia 6 months prior to the measurement period who had a qualifying visit during the measurement period"
                xsi:type="ED"/>
      </measureAttribute>
   </subjectOf>
   <subjectOf>
      <measureAttribute>
         <code code="DENOM" codeSystem="2.16.840.1.113883.5.4">
            <displayName value="Denominator"/>
         </code>
         <value mediaType="text/plain"
                value="Patients in the Initial Population with a urinary symptom score assessment within 1 month of initial diagnosis and a follow-up urinary symptom score assessment within 6-12 months"
                xsi:type="ED"/>
      </measureAttribute>
   </subjectOf>
   <subjectOf>
      <measureAttribute>
         <code code="DENEX" codeSystem="2.16.840.1.113883.5.4">
            <displayName value="Denominator Exclusions"/>
         </code>
         <value mediaType="text/plain"
                value="Patients with urinary retention that starts within 1 year of initial BPH diagnosis Patients with an initial BPH diagnosis that starts during, or within 30 days after end of hospitalization Patients with a diagnosis of morbid obesity, or with a BMI Exam &gt;=40 before the follow up urinary symptom score"
                xsi:type="ED"/>
      </measureAttribute>
   </subjectOf>
   <subjectOf>
      <measureAttribute>
         <code code="NUMER" codeSystem="2.16.840.1.113883.5.4">
            <displayName value="Numerator"/>
         </code>
         <value mediaType="text/plain"
                value="Patients with a documented improvement of at least 3 points in their urinary symptom score during the measurement period"
                xsi:type="ED"/>
      </measureAttribute>
   </subjectOf>
   <subjectOf>
      <measureAttribute>
         <code code="NUMEX" codeSystem="2.16.840.1.113883.5.4">
            <displayName value="Numerator Exclusions"/>
         </code>
         <value mediaType="text/plain" value="None" xsi:type="ED"/>
      </measureAttribute>
   </subjectOf>
   <subjectOf>
      <measureAttribute>
         <code code="DENEXCEP" codeSystem="2.16.840.1.113883.5.4">
            <displayName value="Denominator Exceptions"/>
         </code>
         <value mediaType="text/plain" value="None" xsi:type="ED"/>
      </measureAttribute>
   </subjectOf>
   <subjectOf>
      <measureAttribute>
         <code code="SDE" codeSystem="2.16.840.1.113883.5.4">
            <displayName value="Supplemental Data Elements"/>
         </code>
         <value mediaType="text/plain"
                value="For every patient evaluated by this measure also identify payer, race, ethnicity and sex"
                xsi:type="ED"/>
      </measureAttribute>
   </subjectOf>
   <componentOf>
      <qualityMeasureSet classCode="ACT">
         <id root="1c05c6c0-8099-4270-83ce-292cf6e35c51"/>
         <title value="None"/>
      </qualityMeasureSet>
   </componentOf>
   <!--Data Criteria Section-->
   <component>
      <dataCriteriaSection>
         <templateId>
            <item extension="2021-02-01" root="2.16.840.1.113883.10.20.28.2.6"/>
         </templateId>
         <code code="57025-9" codeSystem="2.16.840.1.113883.6.1"/>
         <title value="Data Criteria Section"/>
         <text/>
         <entry typeCode="DRIV">
            <localVariableName value="Ethnicity_PatientCharacteristicEthnicity_TvKCJ"/>
            <observationCriteria classCode="OBS" moodCode="EVN">
               <templateId>
                  <item extension="2017-05-01" root="2.16.840.1.113883.10.20.28.4.56"/>
               </templateId>
               <id extension="Ethnicity_PatientCharacteristicEthnicity"
                   root="dd63df72-cc45-4989-9da0-2de25e6c805c"/>
               <code code="54133-4"
                     codeSystem="2.16.840.1.113883.6.1"
                     codeSystemName="LOINC">
                  <displayName value="Ethnicity"/>
               </code>
               <title value="Patient Characteristic Ethnicity"/>
               <statusCode code="COMPLETED"/>
               <value valueSet="2.16.840.1.114222.4.11.837" xsi:type="CD"/>
            </observationCriteria>
         </entry>
         <entry typeCode="DRIV">
            <localVariableName value="FederalAdministrativeSex_PatientCharacteristicSex_meiiS"/>
            <observationCriteria classCode="OBS" moodCode="EVN">
               <templateId>
                  <item extension="2017-05-01" root="2.16.840.1.113883.10.20.28.4.55"/>
               </templateId>
               <id extension="FederalAdministrativeSex_PatientCharacteristicSex"
                   root="bc4f8eb0-461a-4342-ac9f-ce74431cb26a"/>
               <code code="263495000"
                     codeSystem="2.16.840.1.113883.6.96"
                     codeSystemName="SNOMED CT">
                  <displayName value="Gender"/>
               </code>
               <title value="Patient Characteristic Sex"/>
               <statusCode code="COMPLETED"/>
               <value valueSet="2.16.840.1.113762.1.4.1021.121" xsi:type="CD"/>
            </observationCriteria>
         </entry>
         <entry typeCode="DRIV">
            <localVariableName value="Race_PatientCharacteristicRace_gqKob"/>
            <observationCriteria classCode="OBS" moodCode="EVN">
               <templateId>
                  <item extension="2017-05-01" root="2.16.840.1.113883.10.20.28.4.59"/>
               </templateId>
               <id extension="Race_PatientCharacteristicRace"
                   root="ad49a77b-7f2d-425e-b31f-c4d7ce2edf31"/>
               <code code="32624-9"
                     codeSystem="2.16.840.1.113883.6.1"
                     codeSystemName="LOINC">
                  <displayName value="Race"/>
               </code>
               <title value="Patient Characteristic Race"/>
               <statusCode code="COMPLETED"/>
               <value valueSet="2.16.840.1.114222.4.11.836" xsi:type="CD"/>
            </observationCriteria>
         </entry>
         <entry typeCode="DRIV">
            <localVariableName value="MorbidObesity_Diagnosis_jzllP"/>
            <observationCriteria classCode="OBS" moodCode="EVN">
               <templateId>
                  <item extension="2021-02-01" root="2.16.840.1.113883.10.20.28.4.110"/>
               </templateId>
               <id extension="MorbidObesity_Diagnosis"
                   root="e099aa18-5ab1-4714-9446-72ab55a991b5"/>
               <code code="282291009"
                     codeSystem="2.16.840.1.113883.6.96"
                     codeSystemName="SNOMED CT">
                  <displayName value="Diagnosis"/>
               </code>
               <title value="Diagnosis"/>
               <statusCode code="COMPLETED"/>
               <value valueSet="2.16.840.1.113762.1.4.1248.368" xsi:type="CD"/>
            </observationCriteria>
         </entry>
         <entry typeCode="DRIV">
            <localVariableName value="OfficeVisit_EncounterPerformed_cE0cz"/>
            <encounterCriteria classCode="ENC" moodCode="EVN">
               <templateId>
                  <item extension="2021-02-01" root="2.16.840.1.113883.10.20.28.4.5"/>
               </templateId>
               <id extension="OfficeVisit_EncounterPerformed"
                   root="e074a37a-f826-4de6-9f07-642c3e8fb255"/>
               <code valueSet="2.16.840.1.113883.3.464.1003.101.12.1001"/>
               <title value="Encounter, Performed"/>
               <statusCode code="COMPLETED"/>
            </encounterCriteria>
         </entry>
         <entry typeCode="DRIV">
            <localVariableName value="PayerType_PatientCharacteristicPayer_ZTIIX"/>
            <observationCriteria classCode="OBS" moodCode="EVN">
               <templateId>
                  <item extension="2017-05-01" root="2.16.840.1.113883.10.20.28.4.58"/>
               </templateId>
               <id extension="PayerType_PatientCharacteristicPayer"
                   root="4bed62f5-c403-45b9-a7ee-b8763bd96cf0"/>
               <code code="48768-6"
                     codeSystem="2.16.840.1.113883.6.1"
                     codeSystemName="LOINC">
                  <displayName value="Payer Type"/>
               </code>
               <title value="Patient Characteristic Payer"/>
               <statusCode code="COMPLETED"/>
               <value valueSet="2.16.840.1.114222.4.11.3591" xsi:type="CD"/>
            </observationCriteria>
         </entry>
         <entry typeCode="DRIV">
            <localVariableName value="HospitalServicesforUrologyCare_EncounterPerformed_Y7Rpg"/>
            <encounterCriteria classCode="ENC" moodCode="EVN">
               <templateId>
                  <item extension="2021-02-01" root="2.16.840.1.113883.10.20.28.4.5"/>
               </templateId>
               <id extension="HospitalServicesforUrologyCare_EncounterPerformed"
                   root="8ae8d2b5-9901-4529-838e-6239f9239792"/>
               <code valueSet="2.16.840.1.113762.1.4.1248.360"/>
               <title value="Encounter, Performed"/>
               <statusCode code="COMPLETED"/>
            </encounterCriteria>
         </entry>
         <entry typeCode="DRIV">
            <localVariableName value="UrinaryRetention_Diagnosis_YO7Sy"/>
            <observationCriteria classCode="OBS" moodCode="EVN">
               <templateId>
                  <item extension="2021-02-01" root="2.16.840.1.113883.10.20.28.4.110"/>
               </templateId>
               <id extension="UrinaryRetention_Diagnosis"
                   root="8b514ae5-474e-4b23-9a54-f4fbfbf1456c"/>
               <code code="282291009"
                     codeSystem="2.16.840.1.113883.6.96"
                     codeSystemName="SNOMED CT">
                  <displayName value="Diagnosis"/>
               </code>
               <title value="Diagnosis"/>
               <statusCode code="COMPLETED"/>
               <value valueSet="2.16.840.1.113762.1.4.1248.372" xsi:type="CD"/>
            </observationCriteria>
         </entry>
         <entry typeCode="DRIV">
            <observationCriteria classCode="OBS" moodCode="EVN">
               <templateId>
                  <item extension="2021-02-01" root="2.16.840.1.113883.10.20.28.4.117"/>
               </templateId>
               <id extension="81090-3_AssessmentPerformed"
                   root="79cb05be-a213-480d-9f14-ce12327dc7f6"/>
               <code code="81090-3"
                     codeSystem="2.16.840.1.113883.6.1"
                     codeSystemName="LOINC"/>
               <title value="Assessment, Performed"/>
               <statusCode code="COMPLETED"/>
            </observationCriteria>
         </entry>
         <entry typeCode="DRIV">
            <observationCriteria classCode="OBS" moodCode="EVN">
               <templateId>
                  <item extension="2017-05-01" root="2.16.840.1.113883.10.20.28.4.55"/>
               </templateId>
               <id extension="248153007_PatientCharacteristicSex"
                   root="38aadfa5-ceba-4aef-a4e6-90fe19423134"/>
               <code code="263495000"
                     codeSystem="2.16.840.1.113883.6.96"
                     codeSystemName="SNOMED CT">
                  <displayName value="Gender"/>
               </code>
               <title value="Patient Characteristic Sex"/>
               <statusCode code="COMPLETED"/>
               <value code="248153007"
                      codeSystem="2.16.840.1.113883.6.96"
                      codeSystemName="SNOMEDCT"
                      xsi:type="CD"/>
            </observationCriteria>
         </entry>
         <entry typeCode="DRIV">
            <observationCriteria classCode="OBS" moodCode="EVN">
               <templateId>
                  <item extension="2021-02-01" root="2.16.840.1.113883.10.20.28.4.117"/>
               </templateId>
               <id extension="80976-4_AssessmentPerformed"
                   root="e8788a56-c5de-448f-a096-9977ba5dc09a"/>
               <code code="80976-4"
                     codeSystem="2.16.840.1.113883.6.1"
                     codeSystemName="LOINC"/>
               <title value="Assessment, Performed"/>
               <statusCode code="COMPLETED"/>
            </observationCriteria>
         </entry>
         <entry typeCode="DRIV">
            <observationCriteria classCode="OBS" moodCode="EVN">
               <templateId>
                  <item extension="2021-02-01" root="2.16.840.1.113883.10.20.28.4.62"/>
               </templateId>
               <id extension="39156-5_PhysicalExamPerformed"
                   root="dd8368ee-3798-4e0f-918b-33fe34946c86"/>
               <code code="5880005"
                     codeSystem="2.16.840.1.113883.6.96"
                     codeSystemName="SNOMED CT">
                  <displayName value="physical examination"/>
               </code>
               <title value="Physical Exam, Performed"/>
               <statusCode code="COMPLETED"/>
               <value code="39156-5"
                      codeSystem="2.16.840.1.113883.6.1"
                      codeSystemName="LOINC"
                      xsi:type="CD"/>
            </observationCriteria>
         </entry>
         <entry typeCode="DRIV">
            <observationCriteria classCode="OBS" moodCode="EVN">
               <templateId>
                  <item extension="2021-02-01" root="2.16.840.1.113883.10.20.28.4.110"/>
               </templateId>
               <id extension="N40.1_Diagnosis" root="c121e6fc-afdd-4f1a-9243-07c82f463afa"/>
               <code code="282291009"
                     codeSystem="2.16.840.1.113883.6.96"
                     codeSystemName="SNOMED CT">
                  <displayName value="Diagnosis"/>
               </code>
               <title value="Diagnosis"/>
               <statusCode code="COMPLETED"/>
               <value code="N40.1"
                      codeSystem="2.16.840.1.113883.6.90"
                      codeSystemName="ICD10CM"
                      xsi:type="CD"/>
            </observationCriteria>
         </entry>
         <entry typeCode="DRIV">
            <observationCriteria classCode="OBS" moodCode="EVN">
               <templateId>
                  <item extension="2021-02-01" root="2.16.840.1.113883.10.20.28.4.117"/>
               </templateId>
               <id extension="80883-2_AssessmentPerformed"
                   root="baac3293-3384-4b03-9bca-7008ecc96e09"/>
               <code code="80883-2"
                     codeSystem="2.16.840.1.113883.6.1"
                     codeSystemName="LOINC"/>
               <title value="Assessment, Performed"/>
               <statusCode code="COMPLETED"/>
            </observationCriteria>
         </entry>
      </dataCriteriaSection>
   </component>
   <component>
      <populationCriteriaSection>
         <templateId>
            <item extension="2017-08-01" root="2.16.840.1.113883.10.20.28.2.7"/>
         </templateId>
         <id extension="PopulationCriteria1"
             root="a8ab4098-7df6-4811-b27a-5185c20ff75e"/>
         <code code="57026-7" codeSystem="2.16.840.1.113883.6.1"/>
         <title value="Population Criteria Section"/>
         <text/>
         <component typeCode="COMP">
            <initialPopulationCriteria classCode="OBS" moodCode="EVN">
               <id extension="initialPopulation"
                   root="F5F30C86-7504-463A-822F-2A7773AD62E8"/>
               <code code="IPOP"
                     codeSystem="2.16.840.1.113883.5.4"
                     codeSystemName="Act Code"/>
               <precondition typeCode="PRCN">
                  <criteriaReference classCode="OBS" moodCode="EVN">
                     <id extension="CMS771UrinarySymptomScoreAfterProstaticHyperplasiaQDM.&quot;Initial Population&quot;"
                         root="d23c85b5-a226-42e9-bb43-f2ab58776aa1"/>
                  </criteriaReference>
               </precondition>
            </initialPopulationCriteria>
         </component>
         <component typeCode="COMP">
            <denominatorCriteria classCode="OBS" moodCode="EVN">
               <id extension="denominator" root="73DF06D9-B793-4CBC-85D5-AE7D396F23BD"/>
               <code code="DENOM"
                     codeSystem="2.16.840.1.113883.5.4"
                     codeSystemName="Act Code"/>
               <precondition typeCode="PRCN">
                  <criteriaReference classCode="OBS" moodCode="EVN">
                     <id extension="CMS771UrinarySymptomScoreAfterProstaticHyperplasiaQDM.&quot;Denominator&quot;"
                         root="d23c85b5-a226-42e9-bb43-f2ab58776aa1"/>
                  </criteriaReference>
               </precondition>
            </denominatorCriteria>
         </component>
         <component typeCode="COMP">
            <denominatorExclusionCriteria classCode="OBS" moodCode="EVN">
               <id extension="denominatorExclusions"
                   root="4D96A847-9BCC-478A-A6E0-D01638CF5F00"/>
               <code code="DENEX"
                     codeSystem="2.16.840.1.113883.5.4"
                     codeSystemName="Act Code"/>
               <precondition typeCode="PRCN">
                  <criteriaReference classCode="OBS" moodCode="EVN">
                     <id extension="CMS771UrinarySymptomScoreAfterProstaticHyperplasiaQDM.&quot;Denominator Exclusions&quot;"
                         root="d23c85b5-a226-42e9-bb43-f2ab58776aa1"/>
                  </criteriaReference>
               </precondition>
            </denominatorExclusionCriteria>
         </component>
         <component typeCode="COMP">
            <numeratorCriteria classCode="OBS" moodCode="EVN">
               <id extension="numerator" root="A064DE1F-FC50-4199-AFC4-816074DA3E1F"/>
               <code code="NUMER"
                     codeSystem="2.16.840.1.113883.5.4"
                     codeSystemName="Act Code"/>
               <precondition typeCode="PRCN">
                  <criteriaReference classCode="OBS" moodCode="EVN">
                     <id extension="CMS771UrinarySymptomScoreAfterProstaticHyperplasiaQDM.&quot;Numerator&quot;"
                         root="d23c85b5-a226-42e9-bb43-f2ab58776aa1"/>
                  </criteriaReference>
               </precondition>
            </numeratorCriteria>
         </component>
         <component typeCode="COMP">
            <cql-ext:supplementalDataElement>
               <id extension="Supplemental Data Elements"
                   root="1de2f843-44aa-41cd-9651-c8db57c1c844"/>
               <code code="SDE"
                     codeSystem="2.16.840.1.113883.5.4"
                     codeSystemName="Act Code"/>
               <precondition typeCode="PRCN">
                  <criteriaReference classCode="OBS" moodCode="EVN">
                     <id extension="CMS771UrinarySymptomScoreAfterProstaticHyperplasiaQDM.&quot;SDE Sex&quot;"
                         root="d23c85b5-a226-42e9-bb43-f2ab58776aa1"/>
                  </criteriaReference>
               </precondition>
            </cql-ext:supplementalDataElement>
         </component>
         <component typeCode="COMP">
            <cql-ext:supplementalDataElement>
               <id extension="Supplemental Data Elements"
                   root="42c78ada-5445-450e-b0f3-53824494ea9c"/>
               <code code="SDE"
                     codeSystem="2.16.840.1.113883.5.4"
                     codeSystemName="Act Code"/>
               <precondition typeCode="PRCN">
                  <criteriaReference classCode="OBS" moodCode="EVN">
                     <id extension="CMS771UrinarySymptomScoreAfterProstaticHyperplasiaQDM.&quot;SDE Ethnicity&quot;"
                         root="d23c85b5-a226-42e9-bb43-f2ab58776aa1"/>
                  </criteriaReference>
               </precondition>
            </cql-ext:supplementalDataElement>
         </component>
         <component typeCode="COMP">
            <cql-ext:supplementalDataElement>
               <id extension="Supplemental Data Elements"
                   root="c2f4831e-b201-4f1d-9ff6-9322bc171350"/>
               <code code="SDE"
                     codeSystem="2.16.840.1.113883.5.4"
                     codeSystemName="Act Code"/>
               <precondition typeCode="PRCN">
                  <criteriaReference classCode="OBS" moodCode="EVN">
                     <id extension="CMS771UrinarySymptomScoreAfterProstaticHyperplasiaQDM.&quot;SDE Race&quot;"
                         root="d23c85b5-a226-42e9-bb43-f2ab58776aa1"/>
                  </criteriaReference>
               </precondition>
            </cql-ext:supplementalDataElement>
         </component>
         <component typeCode="COMP">
            <cql-ext:supplementalDataElement>
               <id extension="Supplemental Data Elements"
                   root="f8c3dd55-a38b-4a8f-b72f-d84d20c844da"/>
               <code code="SDE"
                     codeSystem="2.16.840.1.113883.5.4"
                     codeSystemName="Act Code"/>
               <precondition typeCode="PRCN">
                  <criteriaReference classCode="OBS" moodCode="EVN">
                     <id extension="CMS771UrinarySymptomScoreAfterProstaticHyperplasiaQDM.&quot;SDE Payer&quot;"
                         root="d23c85b5-a226-42e9-bb43-f2ab58776aa1"/>
                  </criteriaReference>
               </precondition>
            </cql-ext:supplementalDataElement>
         </component>
      </populationCriteriaSection>
   </component>
</QualityMeasureDocument>
