<?xml version="1.0" encoding="UTF-8"?>
<library xmlns="urn:hl7-org:elm:r1" xmlns:t="urn:hl7-org:elm-types:r1" xmlns:xsi="http://www.w3.org/2001/XMLSchema-instance" xmlns:xsd="http://www.w3.org/2001/XMLSchema" xmlns:fhir="http://hl7.org/fhir" xmlns:qdm43="urn:healthit-gov:qdm:v4_3" xmlns:qdm53="urn:healthit-gov:qdm:v5_3" xmlns:a="urn:hl7-org:cql-annotations:r1">
   <annotation translatorOptions="EnableAnnotations,EnableLocators,DisableListDemotion,DisableListPromotion,DisableMethodInvocation" xsi:type="a:CqlToElmInfo"/>
   <annotation xsi:type="a:Annotation">
      <a:s r="158">
         <a:s>library DiabetesHemoglobinA1cHbA1cPoorControl9 version '12.0.000'</a:s>
      </a:s>
   </annotation>
   <identifier id="DiabetesHemoglobinA1cHbA1cPoorControl9" version="12.0.000"/>
   <schemaIdentifier id="urn:hl7-org:elm" version="r1"/>
   <usings>
      <def localIdentifier="System" uri="urn:hl7-org:elm-types:r1"/>
      <def localId="1" locator="3:1-3:23" localIdentifier="QDM" uri="urn:healthit-gov:qdm:v5_6" version="5.6">
         <annotation xsi:type="a:Annotation">
            <a:s r="1">
               <a:s>using </a:s>
               <a:s>
                  <a:s>QDM</a:s>
               </a:s>
               <a:s> version '5.6'</a:s>
            </a:s>
         </annotation>
      </def>
   </usings>
   <includes>
      <def localId="2" locator="5:1-5:64" localIdentifier="Global" path="MATGlobalCommonFunctions" version="7.0.000">
         <annotation xsi:type="a:Annotation">
            <a:s r="2">
               <a:s>include </a:s>
               <a:s>
                  <a:s>MATGlobalCommonFunctions</a:s>
               </a:s>
               <a:s> version '7.0.000' called Global</a:s>
            </a:s>
         </annotation>
      </def>
      <def localId="3" locator="6:1-6:75" localIdentifier="PalliativeCare" path="PalliativeCareExclusionECQM" version="3.0.000">
         <annotation xsi:type="a:Annotation">
            <a:s r="3">
               <a:s>include </a:s>
               <a:s>
                  <a:s>PalliativeCareExclusionECQM</a:s>
               </a:s>
               <a:s> version '3.0.000' called PalliativeCare</a:s>
            </a:s>
         </annotation>
      </def>
      <def localId="4" locator="7:1-7:48" localIdentifier="Hospice" path="Hospice" version="5.0.000">
         <annotation xsi:type="a:Annotation">
            <a:s r="4">
               <a:s>include </a:s>
               <a:s>
                  <a:s>Hospice</a:s>
               </a:s>
               <a:s> version '5.0.000' called Hospice</a:s>
            </a:s>
         </annotation>
      </def>
      <def localId="5" locator="8:1-8:83" localIdentifier="AIFrailLTCF" path="AdvancedIllnessandFrailtyExclusionECQM" version="8.0.000">
         <annotation xsi:type="a:Annotation">
            <a:s r="5">
               <a:s>include </a:s>
               <a:s>
                  <a:s>AdvancedIllnessandFrailtyExclusionECQM</a:s>
               </a:s>
               <a:s> version '8.0.000' called AIFrailLTCF</a:s>
            </a:s>
         </annotation>
      </def>
   </includes>
   <parameters>
      <def localId="33" locator="33:1-33:49" name="Measurement Period" accessLevel="Public">
         <annotation xsi:type="a:Annotation">
            <a:s r="33">
               <a:s>parameter &quot;Measurement Period&quot; </a:s>
               <a:s r="32">
                  <a:s>Interval&lt;</a:s>
                  <a:s r="31">
                     <a:s>DateTime</a:s>
                  </a:s>
                  <a:s>></a:s>
               </a:s>
            </a:s>
         </annotation>
         <parameterTypeSpecifier localId="32" locator="33:32-33:49" xsi:type="IntervalTypeSpecifier">
            <pointType localId="31" locator="33:41-33:48" name="t:DateTime" xsi:type="NamedTypeSpecifier"/>
         </parameterTypeSpecifier>
      </def>
   </parameters>
   <codeSystems>
      <def localId="6" locator="10:1-10:53" name="HCPCS" id="urn:oid:2.16.840.1.113883.6.285" accessLevel="Public">
         <annotation xsi:type="a:Annotation">
            <a:s r="6">
               <a:s>codesystem &quot;HCPCS&quot;: 'urn:oid:2.16.840.1.113883.6.285'</a:s>
            </a:s>
         </annotation>
      </def>
      <def localId="7" locator="11:1-11:50" name="CPT" id="urn:oid:2.16.840.1.113883.6.12" accessLevel="Public">
         <annotation xsi:type="a:Annotation">
            <a:s r="7">
               <a:s>codesystem &quot;CPT&quot;: 'urn:oid:2.16.840.1.113883.6.12'</a:s>
            </a:s>
         </annotation>
      </def>
   </codeSystems>
   <valueSets>
      <def localId="8" locator="13:1-13:74" name="Annual Wellness Visit" id="urn:oid:2.16.840.1.113883.3.526.3.1240" accessLevel="Public">
         <annotation xsi:type="a:Annotation">
            <a:s r="8">
               <a:s>valueset &quot;Annual Wellness Visit&quot;: 'urn:oid:2.16.840.1.113883.3.526.3.1240'</a:s>
            </a:s>
         </annotation>
      </def>
      <def localId="9" locator="14:1-14:71" name="Diabetes" id="urn:oid:2.16.840.1.113883.3.464.1003.103.12.1001" accessLevel="Public">
         <annotation xsi:type="a:Annotation">
            <a:s r="9">
               <a:s>valueset &quot;Diabetes&quot;: 'urn:oid:2.16.840.1.113883.3.464.1003.103.12.1001'</a:s>
            </a:s>
         </annotation>
      </def>
      <def localId="10" locator="15:1-15:58" name="Ethnicity" id="urn:oid:2.16.840.1.114222.4.11.837" accessLevel="Public">
         <annotation xsi:type="a:Annotation">
            <a:s r="10">
               <a:s>valueset &quot;Ethnicity&quot;: 'urn:oid:2.16.840.1.114222.4.11.837'</a:s>
            </a:s>
         </annotation>
      </def>
      <def localId="11" locator="16:1-16:84" name="HbA1c Laboratory Test" id="urn:oid:2.16.840.1.113883.3.464.1003.198.12.1013" accessLevel="Public">
         <annotation xsi:type="a:Annotation">
            <a:s r="11">
               <a:s>valueset &quot;HbA1c Laboratory Test&quot;: 'urn:oid:2.16.840.1.113883.3.464.1003.198.12.1013'</a:s>
            </a:s>
         </annotation>
      </def>
      <def localId="12" locator="17:1-17:87" name="Home Healthcare Services" id="urn:oid:2.16.840.1.113883.3.464.1003.101.12.1016" accessLevel="Public">
         <annotation xsi:type="a:Annotation">
            <a:s r="12">
               <a:s>valueset &quot;Home Healthcare Services&quot;: 'urn:oid:2.16.840.1.113883.3.464.1003.101.12.1016'</a:s>
            </a:s>
         </annotation>
      </def>
      <def localId="13" locator="18:1-18:74" name="Nutrition Services" id="urn:oid:2.16.840.1.113883.3.464.1003.1006" accessLevel="Public">
         <annotation xsi:type="a:Annotation">
            <a:s r="13">
               <a:s>valueset &quot;Nutrition Services&quot;: 'urn:oid:2.16.840.1.113883.3.464.1003.1006'</a:s>
            </a:s>
         </annotation>
      </def>
      <def localId="14" locator="19:1-19:75" name="Office Visit" id="urn:oid:2.16.840.1.113883.3.464.1003.101.12.1001" accessLevel="Public">
         <annotation xsi:type="a:Annotation">
            <a:s r="14">
               <a:s>valueset &quot;Office Visit&quot;: 'urn:oid:2.16.840.1.113883.3.464.1003.101.12.1001'</a:s>
            </a:s>
         </annotation>
      </def>
      <def localId="15" locator="20:1-20:68" name="ONC Administrative Sex" id="urn:oid:2.16.840.1.113762.1.4.1" accessLevel="Public">
         <annotation xsi:type="a:Annotation">
            <a:s r="15">
               <a:s>valueset &quot;ONC Administrative Sex&quot;: 'urn:oid:2.16.840.1.113762.1.4.1'</a:s>
            </a:s>
         </annotation>
      </def>
      <def localId="16" locator="21:1-21:55" name="Payer" id="urn:oid:2.16.840.1.114222.4.11.3591" accessLevel="Public">
         <annotation xsi:type="a:Annotation">
            <a:s r="16">
               <a:s>valueset &quot;Payer&quot;: 'urn:oid:2.16.840.1.114222.4.11.3591'</a:s>
            </a:s>
         </annotation>
      </def>
      <def localId="17" locator="22:1-22:123" name="Preventive Care Services Established Office Visit, 18 and Up" id="urn:oid:2.16.840.1.113883.3.464.1003.101.12.1025" accessLevel="Public">
         <annotation xsi:type="a:Annotation">
            <a:s r="17">
               <a:s>valueset &quot;Preventive Care Services Established Office Visit, 18 and Up&quot;: 'urn:oid:2.16.840.1.113883.3.464.1003.101.12.1025'</a:s>
            </a:s>
         </annotation>
      </def>
      <def localId="18" locator="23:1-23:119" name="Preventive Care Services Initial Office Visit, 18 and Up" id="urn:oid:2.16.840.1.113883.3.464.1003.101.12.1023" accessLevel="Public">
         <annotation xsi:type="a:Annotation">
            <a:s r="18">
               <a:s>valueset &quot;Preventive Care Services Initial Office Visit, 18 and Up&quot;: 'urn:oid:2.16.840.1.113883.3.464.1003.101.12.1023'</a:s>
            </a:s>
         </annotation>
      </def>
      <def localId="19" locator="24:1-24:53" name="Race" id="urn:oid:2.16.840.1.114222.4.11.836" accessLevel="Public">
         <annotation xsi:type="a:Annotation">
            <a:s r="19">
               <a:s>valueset &quot;Race&quot;: 'urn:oid:2.16.840.1.114222.4.11.836'</a:s>
            </a:s>
         </annotation>
      </def>
      <def localId="20" locator="25:1-25:79" name="Telephone Visits" id="urn:oid:2.16.840.1.113883.3.464.1003.101.12.1080" accessLevel="Public">
         <annotation xsi:type="a:Annotation">
            <a:s r="20">
               <a:s>valueset &quot;Telephone Visits&quot;: 'urn:oid:2.16.840.1.113883.3.464.1003.101.12.1080'</a:s>
            </a:s>
         </annotation>
      </def>
   </valueSets>
   <codes>
      <def localId="22" locator="27:1-27:592" name="Medical nutrition therapy, reassessment and subsequent intervention(s) following second referral in same year for change in diagnosis, medical condition, or treatment regimen (including additional hours needed for renal disease), group (2 or more individuals), each 30 minutes" id="G0271" display="Medical nutrition therapy, reassessment and subsequent intervention(s) following second referral in same year for change in diagnosis, medical condition, or treatment regimen (including additional hours needed for renal disease), group (2 or more individuals), each 30 minutes" accessLevel="Public">
         <annotation xsi:type="a:Annotation">
            <a:s r="22">
               <a:s>code &quot;Medical nutrition therapy, reassessment and subsequent intervention(s) following second referral in same year for change in diagnosis, medical condition, or treatment regimen (including additional hours needed for renal disease), group (2 or more individuals), each 30 minutes&quot;: 'G0271' from </a:s>
               <a:s r="21">
                  <a:s>&quot;HCPCS&quot;</a:s>
               </a:s>
               <a:s> display 'Medical nutrition therapy, reassessment and subsequent intervention(s) following second referral in same year for change in diagnosis, medical condition, or treatment regimen (including additional hours needed for renal disease), group (2 or more individuals), each 30 minutes'</a:s>
            </a:s>
         </annotation>
         <codeSystem localId="21" locator="27:299-27:305" name="HCPCS"/>
      </def>
      <def localId="24" locator="28:1-28:188" name="Medical nutrition therapy; group (2 or more individual(s)), each 30 minutes" id="97804" display="Medical nutrition therapy; group (2 or more individual(s)), each 30 minutes" accessLevel="Public">
         <annotation xsi:type="a:Annotation">
            <a:s r="24">
               <a:s>code &quot;Medical nutrition therapy; group (2 or more individual(s)), each 30 minutes&quot;: '97804' from </a:s>
               <a:s r="23">
                  <a:s>&quot;CPT&quot;</a:s>
               </a:s>
               <a:s> display 'Medical nutrition therapy; group (2 or more individual(s)), each 30 minutes'</a:s>
            </a:s>
         </annotation>
         <codeSystem localId="23" locator="28:98-28:102" name="CPT"/>
      </def>
      <def localId="26" locator="29:1-29:282" name="Medical nutrition therapy; initial assessment and intervention, individual, face-to-face with the patient, each 15 minutes" id="97802" display="Medical nutrition therapy; initial assessment and intervention, individual, face-to-face with the patient, each 15 minutes" accessLevel="Public">
         <annotation xsi:type="a:Annotation">
            <a:s r="26">
               <a:s>code &quot;Medical nutrition therapy; initial assessment and intervention, individual, face-to-face with the patient, each 15 minutes&quot;: '97802' from </a:s>
               <a:s r="25">
                  <a:s>&quot;CPT&quot;</a:s>
               </a:s>
               <a:s> display 'Medical nutrition therapy; initial assessment and intervention, individual, face-to-face with the patient, each 15 minutes'</a:s>
            </a:s>
         </annotation>
         <codeSystem localId="25" locator="29:145-29:149" name="CPT"/>
      </def>
      <def localId="28" locator="30:1-30:272" name="Medical nutrition therapy; re-assessment and intervention, individual, face-to-face with the patient, each 15 minutes" id="97803" display="Medical nutrition therapy; re-assessment and intervention, individual, face-to-face with the patient, each 15 minutes" accessLevel="Public">
         <annotation xsi:type="a:Annotation">
            <a:s r="28">
               <a:s>code &quot;Medical nutrition therapy; re-assessment and intervention, individual, face-to-face with the patient, each 15 minutes&quot;: '97803' from </a:s>
               <a:s r="27">
                  <a:s>&quot;CPT&quot;</a:s>
               </a:s>
               <a:s> display 'Medical nutrition therapy; re-assessment and intervention, individual, face-to-face with the patient, each 15 minutes'</a:s>
            </a:s>
         </annotation>
         <codeSystem localId="27" locator="30:140-30:144" name="CPT"/>
      </def>
      <def localId="30" locator="31:1-31:614" name="Medical nutrition therapy; reassessment and subsequent intervention(s) following second referral in same year for change in diagnosis, medical condition or treatment regimen (including additional hours needed for renal disease), individual, face to face with the patient, each 15 minutes" id="G0270" display="Medical nutrition therapy; reassessment and subsequent intervention(s) following second referral in same year for change in diagnosis, medical condition or treatment regimen (including additional hours needed for renal disease), individual, face to face with the patient, each 15 minutes" accessLevel="Public">
         <annotation xsi:type="a:Annotation">
            <a:s r="30">
               <a:s>code &quot;Medical nutrition therapy; reassessment and subsequent intervention(s) following second referral in same year for change in diagnosis, medical condition or treatment regimen (including additional hours needed for renal disease), individual, face to face with the patient, each 15 minutes&quot;: 'G0270' from </a:s>
               <a:s r="29">
                  <a:s>&quot;HCPCS&quot;</a:s>
               </a:s>
               <a:s> display 'Medical nutrition therapy; reassessment and subsequent intervention(s) following second referral in same year for change in diagnosis, medical condition or treatment regimen (including additional hours needed for renal disease), individual, face to face with the patient, each 15 minutes'</a:s>
            </a:s>
         </annotation>
         <codeSystem localId="29" locator="31:310-31:316" name="HCPCS"/>
      </def>
   </codes>
   <contexts>
      <def locator="35:1-35:15" name="Patient"/>
   </contexts>
   <statements>
      <def locator="35:1-35:15" name="Patient" context="Patient">
         <expression xsi:type="SingletonFrom">
            <operand locator="35:1-35:15" xmlns:ns0="urn:healthit-gov:qdm:v5_6" dataType="ns0:Patient" templateId="Patient" xsi:type="Retrieve"/>
         </expression>
      </def>
      <def localId="71" locator="83:1-96:75" name="Qualifying Encounters" context="Patient" accessLevel="Public">
         <annotation xsi:type="a:Annotation">
            <a:s r="71">
               <a:s>define &quot;Qualifying Encounters&quot;:
  </a:s>
               <a:s r="70">
                  <a:s>
                     <a:s r="65">
                        <a:s r="64">
                           <a:s>( </a:s>
                           <a:s r="64">
                              <a:s r="62">
                                 <a:s r="60">
                                    <a:s r="58">
                                       <a:s r="56">
                                          <a:s r="54">
                                             <a:s r="52">
                                                <a:s r="50">
                                                   <a:s r="48">
                                                      <a:s r="46">
                                                         <a:s r="44">
                                                            <a:s r="42">
                                                               <a:s>[&quot;Encounter, Performed&quot;: </a:s>
                                                               <a:s>
                                                                  <a:s>&quot;Office Visit&quot;</a:s>
                                                               </a:s>
                                                               <a:s>]</a:s>
                                                            </a:s>
                                                            <a:s>
    union </a:s>
                                                            <a:s r="43">
                                                               <a:s>[&quot;Encounter, Performed&quot;: </a:s>
                                                               <a:s>
                                                                  <a:s>&quot;Annual Wellness Visit&quot;</a:s>
                                                               </a:s>
                                                               <a:s>]</a:s>
                                                            </a:s>
                                                         </a:s>
                                                         <a:s>
    union </a:s>
                                                         <a:s r="45">
                                                            <a:s>[&quot;Encounter, Performed&quot;: </a:s>
                                                            <a:s>
                                                               <a:s>&quot;Preventive Care Services Established Office Visit, 18 and Up&quot;</a:s>
                                                            </a:s>
                                                            <a:s>]</a:s>
                                                         </a:s>
                                                      </a:s>
                                                      <a:s>
    union </a:s>
                                                      <a:s r="47">
                                                         <a:s>[&quot;Encounter, Performed&quot;: </a:s>
                                                         <a:s>
                                                            <a:s>&quot;Preventive Care Services Initial Office Visit, 18 and Up&quot;</a:s>
                                                         </a:s>
                                                         <a:s>]</a:s>
                                                      </a:s>
                                                   </a:s>
                                                   <a:s>
    union </a:s>
                                                   <a:s r="49">
                                                      <a:s>[&quot;Encounter, Performed&quot;: </a:s>
                                                      <a:s>
                                                         <a:s>&quot;Home Healthcare Services&quot;</a:s>
                                                      </a:s>
                                                      <a:s>]</a:s>
                                                   </a:s>
                                                </a:s>
                                                <a:s>
    union </a:s>
                                                <a:s r="51">
                                                   <a:s>[&quot;Encounter, Performed&quot;: </a:s>
                                                   <a:s>
                                                      <a:s>&quot;Nutrition Services&quot;</a:s>
                                                   </a:s>
                                                   <a:s>]</a:s>
                                                </a:s>
                                             </a:s>
                                             <a:s>
    union </a:s>
                                             <a:s r="53">
                                                <a:s>[&quot;Encounter, Performed&quot;: </a:s>
                                                <a:s>
                                                   <a:s>&quot;Medical nutrition therapy; initial assessment and intervention, individual, face-to-face with the patient, each 15 minutes&quot;</a:s>
                                                </a:s>
                                                <a:s>]</a:s>
                                             </a:s>
                                          </a:s>
                                          <a:s>
    union </a:s>
                                          <a:s r="55">
                                             <a:s>[&quot;Encounter, Performed&quot;: </a:s>
                                             <a:s>
                                                <a:s>&quot;Medical nutrition therapy; re-assessment and intervention, individual, face-to-face with the patient, each 15 minutes&quot;</a:s>
                                             </a:s>
                                             <a:s>]</a:s>
                                          </a:s>
                                       </a:s>
                                       <a:s>
    union </a:s>
                                       <a:s r="57">
                                          <a:s>[&quot;Encounter, Performed&quot;: </a:s>
                                          <a:s>
                                             <a:s>&quot;Medical nutrition therapy; group (2 or more individual(s)), each 30 minutes&quot;</a:s>
                                          </a:s>
                                          <a:s>]</a:s>
                                       </a:s>
                                    </a:s>
                                    <a:s>
    union </a:s>
                                    <a:s r="59">
                                       <a:s>[&quot;Encounter, Performed&quot;: </a:s>
                                       <a:s>
                                          <a:s>&quot;Medical nutrition therapy; reassessment and subsequent intervention(s) following second referral in same year for change in diagnosis, medical condition or treatment regimen (including additional hours needed for renal disease), individual, face to face with the patient, each 15 minutes&quot;</a:s>
                                       </a:s>
                                       <a:s>]</a:s>
                                    </a:s>
                                 </a:s>
                                 <a:s>
    union </a:s>
                                 <a:s r="61">
                                    <a:s>[&quot;Encounter, Performed&quot;: </a:s>
                                    <a:s>
                                       <a:s>&quot;Medical nutrition therapy, reassessment and subsequent intervention(s) following second referral in same year for change in diagnosis, medical condition, or treatment regimen (including additional hours needed for renal disease), group (2 or more individuals), each 30 minutes&quot;</a:s>
                                    </a:s>
                                    <a:s>]</a:s>
                                 </a:s>
                              </a:s>
                              <a:s>
    union </a:s>
                              <a:s r="63">
                                 <a:s>[&quot;Encounter, Performed&quot;: </a:s>
                                 <a:s>
                                    <a:s>&quot;Telephone Visits&quot;</a:s>
                                 </a:s>
                                 <a:s>]</a:s>
                              </a:s>
                           </a:s>
                           <a:s> )</a:s>
                        </a:s>
                        <a:s> ValidEncounters</a:s>
                     </a:s>
                  </a:s>
                  <a:s>
    </a:s>
                  <a:s r="69">
                     <a:s>where </a:s>
                     <a:s r="69">
                        <a:s r="67">
                           <a:s r="66">
                              <a:s>ValidEncounters</a:s>
                           </a:s>
                           <a:s>.</a:s>
                           <a:s r="67">
                              <a:s>relevantPeriod</a:s>
                           </a:s>
                        </a:s>
                        <a:s r="69"> during day of </a:s>
                        <a:s r="68">
                           <a:s>&quot;Measurement Period&quot;</a:s>
                        </a:s>
                     </a:s>
                  </a:s>
               </a:s>
            </a:s>
         </annotation>
         <expression localId="70" locator="84:3-96:75" xsi:type="Query">
            <source localId="65" locator="84:3-95:72" alias="ValidEncounters">
               <expression localId="64" locator="84:3-95:56" xsi:type="Union">
                  <operand localId="60" locator="84:5-93:325" xsi:type="Union">
                     <operand localId="56" locator="84:5-91:155" xsi:type="Union">
                        <operand localId="52" locator="84:5-89:56" xsi:type="Union">
                           <operand localId="48" locator="84:5-87:94" xsi:type="Union">
                              <operand localId="44" locator="84:5-85:59" xsi:type="Union">
                                 <operand localId="42" locator="84:5-84:44" xmlns:ns1="urn:healthit-gov:qdm:v5_6" dataType="ns1:PositiveEncounterPerformed" templateId="PositiveEncounterPerformed" codeProperty="code" codeComparator="in" xsi:type="Retrieve">
                                    <codes locator="84:30-84:43" name="Office Visit" xsi:type="ValueSetRef"/>
                                 </operand>
                                 <operand localId="43" locator="85:11-85:59" xmlns:ns2="urn:healthit-gov:qdm:v5_6" dataType="ns2:PositiveEncounterPerformed" templateId="PositiveEncounterPerformed" codeProperty="code" codeComparator="in" xsi:type="Retrieve">
                                    <codes locator="85:36-85:58" name="Annual Wellness Visit" xsi:type="ValueSetRef"/>
                                 </operand>
                              </operand>
                              <operand xsi:type="Union">
                                 <operand localId="45" locator="86:11-86:98" xmlns:ns3="urn:healthit-gov:qdm:v5_6" dataType="ns3:PositiveEncounterPerformed" templateId="PositiveEncounterPerformed" codeProperty="code" codeComparator="in" xsi:type="Retrieve">
                                    <codes locator="86:36-86:97" name="Preventive Care Services Established Office Visit, 18 and Up" xsi:type="ValueSetRef"/>
                                 </operand>
                                 <operand localId="47" locator="87:11-87:94" xmlns:ns4="urn:healthit-gov:qdm:v5_6" dataType="ns4:PositiveEncounterPerformed" templateId="PositiveEncounterPerformed" codeProperty="code" codeComparator="in" xsi:type="Retrieve">
                                    <codes locator="87:36-87:93" name="Preventive Care Services Initial Office Visit, 18 and Up" xsi:type="ValueSetRef"/>
                                 </operand>
                              </operand>
                           </operand>
                           <operand xsi:type="Union">
                              <operand localId="49" locator="88:11-88:62" xmlns:ns5="urn:healthit-gov:qdm:v5_6" dataType="ns5:PositiveEncounterPerformed" templateId="PositiveEncounterPerformed" codeProperty="code" codeComparator="in" xsi:type="Retrieve">
                                 <codes locator="88:36-88:61" name="Home Healthcare Services" xsi:type="ValueSetRef"/>
                              </operand>
                              <operand localId="51" locator="89:11-89:56" xmlns:ns6="urn:healthit-gov:qdm:v5_6" dataType="ns6:PositiveEncounterPerformed" templateId="PositiveEncounterPerformed" codeProperty="code" codeComparator="in" xsi:type="Retrieve">
                                 <codes locator="89:36-89:55" name="Nutrition Services" xsi:type="ValueSetRef"/>
                              </operand>
                           </operand>
                        </operand>
                        <operand xsi:type="Union">
                           <operand localId="53" locator="90:11-90:160" xmlns:ns7="urn:healthit-gov:qdm:v5_6" dataType="ns7:PositiveEncounterPerformed" templateId="PositiveEncounterPerformed" codeProperty="code" codeComparator="~" xsi:type="Retrieve">
                              <codes xsi:type="ToList">
                                 <operand locator="90:36-90:159" name="Medical nutrition therapy; initial assessment and intervention, individual, face-to-face with the patient, each 15 minutes" xsi:type="CodeRef"/>
                              </codes>
                           </operand>
                           <operand localId="55" locator="91:11-91:155" xmlns:ns8="urn:healthit-gov:qdm:v5_6" dataType="ns8:PositiveEncounterPerformed" templateId="PositiveEncounterPerformed" codeProperty="code" codeComparator="~" xsi:type="Retrieve">
                              <codes xsi:type="ToList">
                                 <operand locator="91:36-91:154" name="Medical nutrition therapy; re-assessment and intervention, individual, face-to-face with the patient, each 15 minutes" xsi:type="CodeRef"/>
                              </codes>
                           </operand>
                        </operand>
                     </operand>
                     <operand xsi:type="Union">
                        <operand localId="57" locator="92:11-92:113" xmlns:ns9="urn:healthit-gov:qdm:v5_6" dataType="ns9:PositiveEncounterPerformed" templateId="PositiveEncounterPerformed" codeProperty="code" codeComparator="~" xsi:type="Retrieve">
                           <codes xsi:type="ToList">
                              <operand locator="92:36-92:112" name="Medical nutrition therapy; group (2 or more individual(s)), each 30 minutes" xsi:type="CodeRef"/>
                           </codes>
                        </operand>
                        <operand localId="59" locator="93:11-93:325" xmlns:ns10="urn:healthit-gov:qdm:v5_6" dataType="ns10:PositiveEncounterPerformed" templateId="PositiveEncounterPerformed" codeProperty="code" codeComparator="~" xsi:type="Retrieve">
                           <codes xsi:type="ToList">
                              <operand locator="93:36-93:324" name="Medical nutrition therapy; reassessment and subsequent intervention(s) following second referral in same year for change in diagnosis, medical condition or treatment regimen (including additional hours needed for renal disease), individual, face to face with the patient, each 15 minutes" xsi:type="CodeRef"/>
                           </codes>
                        </operand>
                     </operand>
                  </operand>
                  <operand xsi:type="Union">
                     <operand localId="61" locator="94:11-94:314" xmlns:ns11="urn:healthit-gov:qdm:v5_6" dataType="ns11:PositiveEncounterPerformed" templateId="PositiveEncounterPerformed" codeProperty="code" codeComparator="~" xsi:type="Retrieve">
                        <codes xsi:type="ToList">
                           <operand locator="94:36-94:313" name="Medical nutrition therapy, reassessment and subsequent intervention(s) following second referral in same year for change in diagnosis, medical condition, or treatment regimen (including additional hours needed for renal disease), group (2 or more individuals), each 30 minutes" xsi:type="CodeRef"/>
                        </codes>
                     </operand>
                     <operand localId="63" locator="95:11-95:54" xmlns:ns12="urn:healthit-gov:qdm:v5_6" dataType="ns12:PositiveEncounterPerformed" templateId="PositiveEncounterPerformed" codeProperty="code" codeComparator="in" xsi:type="Retrieve">
                        <codes locator="95:36-95:53" name="Telephone Visits" xsi:type="ValueSetRef"/>
                     </operand>
                  </operand>
               </expression>
            </source>
            <where localId="69" locator="96:5-96:75" precision="Day" xsi:type="IncludedIn">
               <operand localId="67" locator="96:11-96:40" path="relevantPeriod" scope="ValidEncounters" xsi:type="Property"/>
               <operand localId="68" locator="96:56-96:75" name="Measurement Period" xsi:type="ParameterRef"/>
            </where>
         </expression>
      </def>
      <def localId="84" locator="70:1-77:5" name="Initial Population" context="Patient" accessLevel="Public">
         <annotation xsi:type="a:Annotation">
            <a:s r="84">
               <a:s>define &quot;Initial Population&quot;:
  </a:s>
               <a:s r="83">
                  <a:s r="74">
                     <a:s r="41">
                        <a:s r="37">
                           <a:s>AgeInYearsAt(</a:s>
                           <a:s r="36">
                              <a:s>date from 
    </a:s>
                              <a:s r="35">
                                 <a:s>end of </a:s>
                                 <a:s r="34">
                                    <a:s>&quot;Measurement Period&quot;</a:s>
                                 </a:s>
                              </a:s>
                           </a:s>
                           <a:s>
  )</a:s>
                        </a:s>
                        <a:s>in </a:s>
                        <a:s r="40">
                           <a:s r="38">Interval[18, 75]</a:s>
                        </a:s>
                     </a:s>
                     <a:s>
    and </a:s>
                     <a:s r="73">
                        <a:s>exists </a:s>
                        <a:s r="72">
                           <a:s>( </a:s>
                           <a:s r="72">
                              <a:s>&quot;Qualifying Encounters&quot;</a:s>
                           </a:s>
                           <a:s> )</a:s>
                        </a:s>
                     </a:s>
                  </a:s>
                  <a:s>
    and </a:s>
                  <a:s r="82">
                     <a:s>exists </a:s>
                     <a:s r="81">
                        <a:s>( </a:s>
                        <a:s r="81">
                           <a:s>
                              <a:s r="76">
                                 <a:s r="75">
                                    <a:s r="75">
                                       <a:s>[&quot;Diagnosis&quot;: </a:s>
                                       <a:s>
                                          <a:s>&quot;Diabetes&quot;</a:s>
                                       </a:s>
                                       <a:s>]</a:s>
                                    </a:s>
                                 </a:s>
                                 <a:s> Diabetes</a:s>
                              </a:s>
                           </a:s>
                           <a:s>
        </a:s>
                           <a:s r="80">
                              <a:s>where </a:s>
                              <a:s r="80">
                                 <a:s r="78">
                                    <a:s r="77">
                                       <a:s>Diabetes</a:s>
                                    </a:s>
                                    <a:s>.</a:s>
                                    <a:s r="78">
                                       <a:s>prevalencePeriod</a:s>
                                    </a:s>
                                 </a:s>
                                 <a:s r="80"> overlaps </a:s>
                                 <a:s r="79">
                                    <a:s>&quot;Measurement Period&quot;</a:s>
                                 </a:s>
                              </a:s>
                           </a:s>
                        </a:s>
                        <a:s>
    )</a:s>
                     </a:s>
                  </a:s>
               </a:s>
            </a:s>
         </annotation>
         <expression localId="83" locator="71:3-77:5" xsi:type="And">
            <operand localId="74" locator="71:3-74:42" xsi:type="And">
               <operand localId="41" locator="71:3-73:22" xsi:type="In">
                  <operand localId="37" locator="71:3-73:3" precision="Year" xsi:type="CalculateAgeAt">
                     <operand xsi:type="ToDate">
                        <operand path="birthDatetime" xsi:type="Property">
                           <source name="Patient" xsi:type="ExpressionRef"/>
                        </operand>
                     </operand>
                     <operand localId="36" locator="71:16-72:31" xsi:type="DateFrom">
                        <operand localId="35" locator="72:5-72:31" xsi:type="End">
                           <operand localId="34" locator="72:12-72:31" name="Measurement Period" xsi:type="ParameterRef"/>
                        </operand>
                     </operand>
                  </operand>
                  <operand localId="40" locator="73:7-73:22" lowClosed="true" highClosed="true" xsi:type="Interval">
                     <low localId="38" locator="73:16-73:17" valueType="t:Integer" value="18" xsi:type="Literal"/>
                     <high localId="39" locator="73:20-73:21" valueType="t:Integer" value="75" xsi:type="Literal"/>
                  </operand>
               </operand>
               <operand localId="73" locator="74:9-74:42" xsi:type="Exists">
                  <operand localId="72" locator="74:16-74:42" name="Qualifying Encounters" xsi:type="ExpressionRef"/>
               </operand>
            </operand>
            <operand localId="82" locator="75:9-77:5" xsi:type="Exists">
               <operand localId="81" locator="75:16-77:5" xsi:type="Query">
                  <source localId="76" locator="75:18-75:51" alias="Diabetes">
                     <expression localId="75" locator="75:18-75:42" xmlns:ns13="urn:healthit-gov:qdm:v5_6" dataType="ns13:Diagnosis" codeProperty="code" codeComparator="in" xsi:type="Retrieve">
                        <codes locator="75:32-75:41" name="Diabetes" xsi:type="ValueSetRef"/>
                     </expression>
                  </source>
                  <where localId="80" locator="76:9-76:69" xsi:type="Overlaps">
                     <operand localId="78" locator="76:15-76:39" path="prevalencePeriod" scope="Diabetes" xsi:type="Property"/>
                     <operand localId="79" locator="76:50-76:69" name="Measurement Period" xsi:type="ParameterRef"/>
                  </where>
               </operand>
            </operand>
         </expression>
      </def>
      <def localId="86" locator="37:1-38:22" name="Denominator" context="Patient" accessLevel="Public">
         <annotation xsi:type="a:Annotation">
            <a:s r="86">
               <a:s>define &quot;Denominator&quot;:
  </a:s>
               <a:s r="85">
                  <a:s>&quot;Initial Population&quot;</a:s>
               </a:s>
            </a:s>
         </annotation>
         <expression localId="85" locator="38:3-38:22" name="Initial Population" xsi:type="ExpressionRef"/>
      </def>
      <def localId="106" locator="64:1-68:3" name="Most Recent HbA1c" context="Patient" accessLevel="Public">
         <annotation xsi:type="a:Annotation">
            <a:s r="106">
               <a:s>define &quot;Most Recent HbA1c&quot;:
  </a:s>
               <a:s r="105">
                  <a:s>Last(</a:s>
                  <a:s r="104">
                     <a:s>
                        <a:s r="88">
                           <a:s r="87">
                              <a:s r="87">
                                 <a:s>[&quot;Laboratory Test, Performed&quot;: </a:s>
                                 <a:s>
                                    <a:s>&quot;HbA1c Laboratory Test&quot;</a:s>
                                 </a:s>
                                 <a:s>]</a:s>
                              </a:s>
                           </a:s>
                           <a:s> RecentHbA1c</a:s>
                        </a:s>
                     </a:s>
                     <a:s>
      </a:s>
                     <a:s r="96">
                        <a:s>where </a:s>
                        <a:s r="96">
                           <a:s r="94">
                              <a:s r="89">
                                 <a:s>Global</a:s>
                              </a:s>
                              <a:s>.</a:s>
                              <a:s r="94">
                                 <a:s>&quot;LatestOf&quot;(</a:s>
                                 <a:s r="91">
                                    <a:s r="90">
                                       <a:s>RecentHbA1c</a:s>
                                    </a:s>
                                    <a:s>.</a:s>
                                    <a:s r="91">
                                       <a:s>relevantDatetime</a:s>
                                    </a:s>
                                 </a:s>
                                 <a:s>, </a:s>
                                 <a:s r="93">
                                    <a:s r="92">
                                       <a:s>RecentHbA1c</a:s>
                                    </a:s>
                                    <a:s>.</a:s>
                                    <a:s r="93">
                                       <a:s>relevantPeriod</a:s>
                                    </a:s>
                                 </a:s>
                                 <a:s>)</a:s>
                              </a:s>
                           </a:s>
                           <a:s r="96">during day of </a:s>
                           <a:s r="95">
                              <a:s>&quot;Measurement Period&quot;</a:s>
                           </a:s>
                        </a:s>
                     </a:s>
                     <a:s>
      </a:s>
                     <a:s r="103">
                        <a:s>sort by </a:s>
                        <a:s r="102">
                           <a:s r="101">
                              <a:s>start of </a:s>
                              <a:s r="100">
                                 <a:s r="97">
                                    <a:s>Global</a:s>
                                 </a:s>
                                 <a:s>.</a:s>
                                 <a:s r="100">
                                    <a:s>&quot;NormalizeInterval&quot;(</a:s>
                                    <a:s r="98">
                                       <a:s>relevantDatetime</a:s>
                                    </a:s>
                                    <a:s>, </a:s>
                                    <a:s r="99">
                                       <a:s>relevantPeriod</a:s>
                                    </a:s>
                                    <a:s>)</a:s>
                                 </a:s>
                              </a:s>
                           </a:s>
                        </a:s>
                     </a:s>
                  </a:s>
                  <a:s>
  )</a:s>
               </a:s>
            </a:s>
         </annotation>
         <expression localId="105" locator="65:3-68:3" xsi:type="Last">
            <source localId="104" locator="65:8-67:83" xsi:type="Query">
               <source localId="88" locator="65:8-65:74" alias="RecentHbA1c">
                  <expression localId="87" locator="65:8-65:62" xmlns:ns14="urn:healthit-gov:qdm:v5_6" dataType="ns14:PositiveLaboratoryTestPerformed" templateId="PositiveLaboratoryTestPerformed" codeProperty="code" codeComparator="in" xsi:type="Retrieve">
                     <codes locator="65:39-65:61" name="HbA1c Laboratory Test" xsi:type="ValueSetRef"/>
                  </expression>
               </source>
               <where localId="96" locator="66:7-66:121" precision="Day" xsi:type="In">
                  <operand localId="94" locator="66:13-66:87" name="LatestOf" libraryName="Global" xsi:type="FunctionRef">
                     <operand localId="91" locator="66:31-66:58" path="relevantDatetime" scope="RecentHbA1c" xsi:type="Property"/>
                     <operand localId="93" locator="66:61-66:86" path="relevantPeriod" scope="RecentHbA1c" xsi:type="Property"/>
                  </operand>
                  <operand localId="95" locator="66:102-66:121" name="Measurement Period" xsi:type="ParameterRef"/>
               </where>
               <sort localId="103" locator="67:7-67:83">
                  <by localId="102" locator="67:15-67:83" direction="asc" xsi:type="ByExpression">
                     <expression localId="101" locator="67:15-67:83" xsi:type="Start">
                        <operand localId="100" locator="67:24-67:83" name="NormalizeInterval" libraryName="Global" xsi:type="FunctionRef">
                           <operand localId="98" locator="67:51-67:66" name="relevantDatetime" xsi:type="IdentifierRef"/>
                           <operand localId="99" locator="67:69-67:82" name="relevantPeriod" xsi:type="IdentifierRef"/>
                        </operand>
                     </expression>
                  </by>
               </sort>
            </source>
         </expression>
      </def>
      <def localId="111" locator="40:1-41:36" name="Has Most Recent Elevated HbA1c" context="Patient" accessLevel="Public">
         <annotation xsi:type="a:Annotation">
            <a:s r="111">
               <a:s>define &quot;Has Most Recent Elevated HbA1c&quot;:
  </a:s>
               <a:s r="110">
                  <a:s r="108">
                     <a:s r="107">
                        <a:s>&quot;Most Recent HbA1c&quot;</a:s>
                     </a:s>
                     <a:s>.</a:s>
                     <a:s r="108">
                        <a:s>result</a:s>
                     </a:s>
                  </a:s>
                  <a:s> > </a:s>
                  <a:s r="109">
                     <a:s>9 '%'</a:s>
                  </a:s>
               </a:s>
            </a:s>
         </annotation>
         <expression localId="110" locator="41:3-41:36" xsi:type="Greater">
            <operand asType="t:Quantity" xsi:type="As">
               <operand localId="108" locator="41:3-41:28" path="result" xsi:type="Property">
                  <source localId="107" locator="41:3-41:21" name="Most Recent HbA1c" xsi:type="ExpressionRef"/>
               </operand>
            </operand>
            <operand localId="109" locator="41:32-41:36" value="9" unit="%" xsi:type="Quantity"/>
         </expression>
      </def>
      <def localId="118" locator="43:1-45:42" name="Has Most Recent HbA1c Without Result" context="Patient" accessLevel="Public">
         <annotation xsi:type="a:Annotation">
            <a:s r="118">
               <a:s>define &quot;Has Most Recent HbA1c Without Result&quot;:
  </a:s>
               <a:s r="117">
                  <a:s r="113">
                     <a:s r="112">
                        <a:s>&quot;Most Recent HbA1c&quot;</a:s>
                     </a:s>
                     <a:s> is not null</a:s>
                  </a:s>
                  <a:s>
    and </a:s>
                  <a:s r="116">
                     <a:s r="115">
                        <a:s r="114">
                           <a:s>&quot;Most Recent HbA1c&quot;</a:s>
                        </a:s>
                        <a:s>.</a:s>
                        <a:s r="115">
                           <a:s>result</a:s>
                        </a:s>
                     </a:s>
                     <a:s> is null</a:s>
                  </a:s>
               </a:s>
            </a:s>
         </annotation>
         <expression localId="117" locator="44:3-45:42" xsi:type="And">
            <operand localId="113" locator="44:3-44:33" xsi:type="Not">
               <operand locator="44:3-44:33" xsi:type="IsNull">
                  <operand localId="112" locator="44:3-44:21" name="Most Recent HbA1c" xsi:type="ExpressionRef"/>
               </operand>
            </operand>
            <operand localId="116" locator="45:9-45:42" xsi:type="IsNull">
               <operand localId="115" locator="45:9-45:34" path="result" xsi:type="Property">
                  <source localId="114" locator="45:9-45:27" name="Most Recent HbA1c" xsi:type="ExpressionRef"/>
               </operand>
            </operand>
         </expression>
      </def>
      <def localId="135" locator="79:1-81:115" name="Has No Record Of HbA1c" context="Patient" accessLevel="Public">
         <annotation xsi:type="a:Annotation">
            <a:s r="135">
               <a:s>define &quot;Has No Record Of HbA1c&quot;:
  </a:s>
               <a:s r="134">
                  <a:s>not </a:s>
                  <a:s r="133">
                     <a:s>exists </a:s>
                     <a:s r="132">
                        <a:s>
                           <a:s r="123">
                              <a:s r="122">
                                 <a:s r="122">
                                    <a:s>[&quot;Laboratory Test, Performed&quot;: </a:s>
                                    <a:s>
                                       <a:s>&quot;HbA1c Laboratory Test&quot;</a:s>
                                    </a:s>
                                    <a:s>]</a:s>
                                 </a:s>
                              </a:s>
                              <a:s> NoHbA1c</a:s>
                           </a:s>
                        </a:s>
                        <a:s>
    </a:s>
                        <a:s r="131">
                           <a:s>where </a:s>
                           <a:s r="131">
                              <a:s r="129">
                                 <a:s r="124">
                                    <a:s>Global</a:s>
                                 </a:s>
                                 <a:s>.</a:s>
                                 <a:s r="129">
                                    <a:s>&quot;LatestOf&quot; ( </a:s>
                                    <a:s r="126">
                                       <a:s r="125">
                                          <a:s>NoHbA1c</a:s>
                                       </a:s>
                                       <a:s>.</a:s>
                                       <a:s r="126">
                                          <a:s>relevantDatetime</a:s>
                                       </a:s>
                                    </a:s>
                                    <a:s>, </a:s>
                                    <a:s r="128">
                                       <a:s r="127">
                                          <a:s>NoHbA1c</a:s>
                                       </a:s>
                                       <a:s>.</a:s>
                                       <a:s r="128">
                                          <a:s>relevantPeriod</a:s>
                                       </a:s>
                                    </a:s>
                                    <a:s> )</a:s>
                                 </a:s>
                              </a:s>
                              <a:s r="131"> during day of </a:s>
                              <a:s r="130">
                                 <a:s>&quot;Measurement Period&quot;</a:s>
                              </a:s>
                           </a:s>
                        </a:s>
                     </a:s>
                  </a:s>
               </a:s>
            </a:s>
         </annotation>
         <expression localId="134" locator="80:3-81:115" xsi:type="Not">
            <operand localId="133" locator="80:7-81:115" xsi:type="Exists">
               <operand localId="132" locator="80:14-81:115" xsi:type="Query">
                  <source localId="123" locator="80:14-80:76" alias="NoHbA1c">
                     <expression localId="122" locator="80:14-80:68" xmlns:ns15="urn:healthit-gov:qdm:v5_6" dataType="ns15:PositiveLaboratoryTestPerformed" templateId="PositiveLaboratoryTestPerformed" codeProperty="code" codeComparator="in" xsi:type="Retrieve">
                        <codes locator="80:45-80:67" name="HbA1c Laboratory Test" xsi:type="ValueSetRef"/>
                     </expression>
                  </source>
                  <where localId="131" locator="81:5-81:115" precision="Day" xsi:type="In">
                     <operand localId="129" locator="81:11-81:80" name="LatestOf" libraryName="Global" xsi:type="FunctionRef">
                        <operand localId="126" locator="81:31-81:54" path="relevantDatetime" scope="NoHbA1c" xsi:type="Property"/>
                        <operand localId="128" locator="81:57-81:78" path="relevantPeriod" scope="NoHbA1c" xsi:type="Property"/>
                     </operand>
                     <operand localId="130" locator="81:96-81:115" name="Measurement Period" xsi:type="ParameterRef"/>
                  </where>
               </operand>
            </operand>
         </expression>
      </def>
      <def localId="138" locator="47:1-50:31" name="Numerator" context="Patient" accessLevel="Public">
         <annotation xsi:type="a:Annotation">
            <a:s r="138">
               <a:s>define &quot;Numerator&quot;:
  </a:s>
               <a:s r="137">
                  <a:s r="121">
                     <a:s r="119">
                        <a:s>&quot;Has Most Recent HbA1c Without Result&quot;</a:s>
                     </a:s>
                     <a:s>
    or </a:s>
                     <a:s r="120">
                        <a:s>&quot;Has Most Recent Elevated HbA1c&quot;</a:s>
                     </a:s>
                  </a:s>
                  <a:s>
    or </a:s>
                  <a:s r="136">
                     <a:s>&quot;Has No Record Of HbA1c&quot;</a:s>
                  </a:s>
               </a:s>
            </a:s>
         </annotation>
         <expression localId="137" locator="48:3-50:31" xsi:type="Or">
            <operand localId="121" locator="48:3-49:39" xsi:type="Or">
               <operand localId="119" locator="48:3-48:40" name="Has Most Recent HbA1c Without Result" xsi:type="ExpressionRef"/>
               <operand localId="120" locator="49:8-49:39" name="Has Most Recent Elevated HbA1c" xsi:type="ExpressionRef"/>
            </operand>
            <operand localId="136" locator="50:8-50:31" name="Has No Record Of HbA1c" xsi:type="ExpressionRef"/>
         </expression>
      </def>
      <def localId="140" locator="52:1-53:51" name="SDE Ethnicity" context="Patient" accessLevel="Public">
         <annotation xsi:type="a:Annotation">
            <a:s r="140">
               <a:s>define &quot;SDE Ethnicity&quot;:
  </a:s>
               <a:s r="139">
                  <a:s>[&quot;Patient Characteristic Ethnicity&quot;: </a:s>
                  <a:s>
                     <a:s>&quot;Ethnicity&quot;</a:s>
                  </a:s>
                  <a:s>]</a:s>
               </a:s>
            </a:s>
         </annotation>
         <expression localId="139" locator="53:3-53:51" xmlns:ns16="urn:healthit-gov:qdm:v5_6" dataType="ns16:PatientCharacteristicEthnicity" codeProperty="code" codeComparator="in" xsi:type="Retrieve">
            <codes locator="53:40-53:50" name="Ethnicity" xsi:type="ValueSetRef"/>
         </expression>
      </def>
      <def localId="142" locator="55:1-56:43" name="SDE Payer" context="Patient" accessLevel="Public">
         <annotation xsi:type="a:Annotation">
            <a:s r="142">
               <a:s>define &quot;SDE Payer&quot;:
  </a:s>
               <a:s r="141">
                  <a:s>[&quot;Patient Characteristic Payer&quot;: </a:s>
                  <a:s>
                     <a:s>&quot;Payer&quot;</a:s>
                  </a:s>
                  <a:s>]</a:s>
               </a:s>
            </a:s>
         </annotation>
         <expression localId="141" locator="56:3-56:43" xmlns:ns17="urn:healthit-gov:qdm:v5_6" dataType="ns17:PatientCharacteristicPayer" codeProperty="code" codeComparator="in" xsi:type="Retrieve">
            <codes locator="56:36-56:42" name="Payer" xsi:type="ValueSetRef"/>
         </expression>
      </def>
      <def localId="144" locator="58:1-59:41" name="SDE Race" context="Patient" accessLevel="Public">
         <annotation xsi:type="a:Annotation">
            <a:s r="144">
               <a:s>define &quot;SDE Race&quot;:
  </a:s>
               <a:s r="143">
                  <a:s>[&quot;Patient Characteristic Race&quot;: </a:s>
                  <a:s>
                     <a:s>&quot;Race&quot;</a:s>
                  </a:s>
                  <a:s>]</a:s>
               </a:s>
            </a:s>
         </annotation>
         <expression localId="143" locator="59:3-59:41" xmlns:ns18="urn:healthit-gov:qdm:v5_6" dataType="ns18:PatientCharacteristicRace" codeProperty="code" codeComparator="in" xsi:type="Retrieve">
            <codes locator="59:35-59:40" name="Race" xsi:type="ValueSetRef"/>
         </expression>
      </def>
      <def localId="146" locator="61:1-62:58" name="SDE Sex" context="Patient" accessLevel="Public">
         <annotation xsi:type="a:Annotation">
            <a:s r="146">
               <a:s>define &quot;SDE Sex&quot;:
  </a:s>
               <a:s r="145">
                  <a:s>[&quot;Patient Characteristic Sex&quot;: </a:s>
                  <a:s>
                     <a:s>&quot;ONC Administrative Sex&quot;</a:s>
                  </a:s>
                  <a:s>]</a:s>
               </a:s>
            </a:s>
         </annotation>
         <expression localId="145" locator="62:3-62:58" xmlns:ns19="urn:healthit-gov:qdm:v5_6" dataType="ns19:PatientCharacteristicSex" codeProperty="code" codeComparator="in" xsi:type="Retrieve">
            <codes locator="62:34-62:57" name="ONC Administrative Sex" xsi:type="ValueSetRef"/>
         </expression>
      </def>
      <def localId="158" locator="98:1-102:69" name="Denominator Exclusions" context="Patient" accessLevel="Public">
         <annotation xsi:type="a:Annotation">
            <a:s r="158">
               <a:s>define &quot;Denominator Exclusions&quot;:
  </a:s>
               <a:s r="157">
                  <a:s r="154">
                     <a:s r="151">
                        <a:s r="148">
                           <a:s r="147">
                              <a:s>Hospice</a:s>
                           </a:s>
                           <a:s>.</a:s>
                           <a:s r="148">
                              <a:s>&quot;Has Hospice Services&quot;</a:s>
                           </a:s>
                        </a:s>
                        <a:s>
    or </a:s>
                        <a:s r="150">
                           <a:s r="149">
                              <a:s>AIFrailLTCF</a:s>
                           </a:s>
                           <a:s>.</a:s>
                           <a:s r="150">
                              <a:s>&quot;Is Age 66 or Older Living Long Term in a Nursing Home&quot;</a:s>
                           </a:s>
                        </a:s>
                     </a:s>
                     <a:s>
    or </a:s>
                     <a:s r="153">
                        <a:s r="152">
                           <a:s>AIFrailLTCF</a:s>
                        </a:s>
                        <a:s>.</a:s>
                        <a:s r="153">
                           <a:s>&quot;Is Age 66 or Older with Advanced Illness and Frailty&quot;</a:s>
                        </a:s>
                     </a:s>
                  </a:s>
                  <a:s>
    or </a:s>
                  <a:s r="156">
                     <a:s r="155">
                        <a:s>PalliativeCare</a:s>
                     </a:s>
                     <a:s>.</a:s>
                     <a:s r="156">
                        <a:s>&quot;Has Palliative Care in the Measurement Period&quot;</a:s>
                     </a:s>
                  </a:s>
               </a:s>
            </a:s>
         </annotation>
         <expression localId="157" locator="99:3-102:69" xsi:type="Or">
            <operand localId="154" locator="99:3-101:73" xsi:type="Or">
               <operand localId="151" locator="99:3-100:74" xsi:type="Or">
                  <operand localId="148" locator="99:3-99:32" name="Has Hospice Services" libraryName="Hospice" xsi:type="ExpressionRef"/>
                  <operand localId="150" locator="100:8-100:74" name="Is Age 66 or Older Living Long Term in a Nursing Home" libraryName="AIFrailLTCF" xsi:type="ExpressionRef"/>
               </operand>
               <operand localId="153" locator="101:8-101:73" name="Is Age 66 or Older with Advanced Illness and Frailty" libraryName="AIFrailLTCF" xsi:type="ExpressionRef"/>
            </operand>
            <operand localId="156" locator="102:8-102:69" name="Has Palliative Care in the Measurement Period" libraryName="PalliativeCare" xsi:type="ExpressionRef"/>
         </expression>
      </def>
   </statements>
</library>
