{
   "library" : {
      "annotation" : [ {
         "translatorOptions" : "EnableAnnotations,EnableLocators,DisableListDemotion,DisableListPromotion,DisableMethodInvocation",
         "type" : "CqlToElmInfo"
      }, {
         "type" : "Annotation",
         "s" : {
            "r" : "124",
            "s" : [ {
               "value" : [ "","library KidneyHealthEvaluation version '3.0.000'" ]
            } ]
         }
      } ],
      "identifier" : {
         "id" : "KidneyHealthEvaluation",
         "version" : "3.0.000"
      },
      "schemaIdentifier" : {
         "id" : "urn:hl7-org:elm",
         "version" : "r1"
      },
      "usings" : {
         "def" : [ {
            "localIdentifier" : "System",
            "uri" : "urn:hl7-org:elm-types:r1"
         }, {
            "localId" : "1",
            "locator" : "3:1-3:23",
            "localIdentifier" : "QDM",
            "uri" : "urn:healthit-gov:qdm:v5_6",
            "version" : "5.6",
            "annotation" : [ {
               "type" : "Annotation",
               "s" : {
                  "r" : "1",
                  "s" : [ {
                     "value" : [ "","using " ]
                  }, {
                     "s" : [ {
                        "value" : [ "QDM" ]
                     } ]
                  }, {
                     "value" : [ " version ","'5.6'" ]
                  } ]
               }
            } ]
         } ]
      },
      "includes" : {
         "def" : [ {
            "localId" : "2",
            "locator" : "5:1-5:67",
            "localIdentifier" : "Global",
            "path" : "MATGlobalCommonFunctionsQDM",
            "version" : "8.0.000",
            "annotation" : [ {
               "type" : "Annotation",
               "s" : {
                  "r" : "2",
                  "s" : [ {
                     "value" : [ "","include " ]
                  }, {
                     "s" : [ {
                        "value" : [ "MATGlobalCommonFunctionsQDM" ]
                     } ]
                  }, {
                     "value" : [ " version ","'8.0.000'"," called ","Global" ]
                  } ]
               }
            } ]
         }, {
            "localId" : "3",
            "locator" : "6:1-6:51",
            "localIdentifier" : "Hospice",
            "path" : "HospiceQDM",
            "version" : "6.0.000",
            "annotation" : [ {
               "type" : "Annotation",
               "s" : {
                  "r" : "3",
                  "s" : [ {
                     "value" : [ "","include " ]
                  }, {
                     "s" : [ {
                        "value" : [ "HospiceQDM" ]
                     } ]
                  }, {
                     "value" : [ " version ","'6.0.000'"," called ","Hospice" ]
                  } ]
               }
            } ]
         }, {
            "localId" : "4",
            "locator" : "7:1-7:65",
            "localIdentifier" : "PalliativeCare",
            "path" : "PalliativeCareQDM",
            "version" : "4.0.000",
            "annotation" : [ {
               "type" : "Annotation",
               "s" : {
                  "r" : "4",
                  "s" : [ {
                     "value" : [ "","include " ]
                  }, {
                     "s" : [ {
                        "value" : [ "PalliativeCareQDM" ]
                     } ]
                  }, {
                     "value" : [ " version ","'4.0.000'"," called ","PalliativeCare" ]
                  } ]
               }
            } ]
         } ]
      },
      "parameters" : {
         "def" : [ {
            "localId" : "23",
            "locator" : "26:1-26:49",
            "name" : "Measurement Period",
            "accessLevel" : "Public",
            "annotation" : [ {
               "type" : "Annotation",
               "s" : {
                  "r" : "23",
                  "s" : [ {
                     "value" : [ "","parameter ","\"Measurement Period\""," " ]
                  }, {
                     "r" : "22",
                     "s" : [ {
                        "value" : [ "Interval<" ]
                     }, {
                        "r" : "21",
                        "s" : [ {
                           "value" : [ "DateTime" ]
                        } ]
                     }, {
                        "value" : [ ">" ]
                     } ]
                  } ]
               }
            } ],
            "parameterTypeSpecifier" : {
               "localId" : "22",
               "locator" : "26:32-26:49",
               "type" : "IntervalTypeSpecifier",
               "pointType" : {
                  "localId" : "21",
                  "locator" : "26:41-26:48",
                  "name" : "{urn:hl7-org:elm-types:r1}DateTime",
                  "type" : "NamedTypeSpecifier"
               }
            }
         } ]
      },
      "valueSets" : {
         "def" : [ {
            "localId" : "5",
            "locator" : "9:1-9:74",
            "name" : "Annual Wellness Visit",
            "id" : "urn:oid:2.16.840.1.113883.3.526.3.1240",
            "accessLevel" : "Public",
            "annotation" : [ {
               "type" : "Annotation",
               "s" : {
                  "r" : "5",
                  "s" : [ {
                     "value" : [ "","valueset ","\"Annual Wellness Visit\"",": ","'urn:oid:2.16.840.1.113883.3.526.3.1240'" ]
                  } ]
               }
            } ]
         }, {
            "localId" : "6",
            "locator" : "10:1-10:84",
            "name" : "Chronic Kidney Disease, Stage 5",
            "id" : "urn:oid:2.16.840.1.113883.3.526.3.1002",
            "accessLevel" : "Public",
            "annotation" : [ {
               "type" : "Annotation",
               "s" : {
                  "r" : "6",
                  "s" : [ {
                     "value" : [ "","valueset ","\"Chronic Kidney Disease, Stage 5\"",": ","'urn:oid:2.16.840.1.113883.3.526.3.1002'" ]
                  } ]
               }
            } ]
         }, {
            "localId" : "7",
            "locator" : "11:1-11:71",
            "name" : "Diabetes",
            "id" : "urn:oid:2.16.840.1.113883.3.464.1003.103.12.1001",
            "accessLevel" : "Public",
            "annotation" : [ {
               "type" : "Annotation",
               "s" : {
                  "r" : "7",
                  "s" : [ {
                     "value" : [ "","valueset ","\"Diabetes\"",": ","'urn:oid:2.16.840.1.113883.3.464.1003.103.12.1001'" ]
                  } ]
               }
            } ]
         }, {
            "localId" : "8",
            "locator" : "12:1-12:75",
            "name" : "End Stage Renal Disease",
            "id" : "urn:oid:2.16.840.1.113883.3.526.3.353",
            "accessLevel" : "Public",
            "annotation" : [ {
               "type" : "Annotation",
               "s" : {
                  "r" : "8",
                  "s" : [ {
                     "value" : [ "","valueset ","\"End Stage Renal Disease\"",": ","'urn:oid:2.16.840.1.113883.3.526.3.353'" ]
                  } ]
               }
            } ]
         }, {
            "localId" : "9",
            "locator" : "13:1-13:90",
            "name" : "Estimated Glomerular Filtration Rate",
            "id" : "urn:oid:2.16.840.1.113883.3.6929.3.1000",
            "accessLevel" : "Public",
            "annotation" : [ {
               "type" : "Annotation",
               "s" : {
                  "r" : "9",
                  "s" : [ {
                     "value" : [ "","valueset ","\"Estimated Glomerular Filtration Rate\"",": ","'urn:oid:2.16.840.1.113883.3.6929.3.1000'" ]
                  } ]
               }
            } ]
         }, {
            "localId" : "10",
            "locator" : "14:1-14:58",
            "name" : "Ethnicity",
            "id" : "urn:oid:2.16.840.1.114222.4.11.837",
            "accessLevel" : "Public",
            "annotation" : [ {
               "type" : "Annotation",
               "s" : {
                  "r" : "10",
                  "s" : [ {
                     "value" : [ "","valueset ","\"Ethnicity\"",": ","'urn:oid:2.16.840.1.114222.4.11.837'" ]
                  } ]
               }
            } ]
         }, {
            "localId" : "11",
            "locator" : "15:1-15:87",
            "name" : "Home Healthcare Services",
            "id" : "urn:oid:2.16.840.1.113883.3.464.1003.101.12.1016",
            "accessLevel" : "Public",
            "annotation" : [ {
               "type" : "Annotation",
               "s" : {
                  "r" : "11",
                  "s" : [ {
                     "value" : [ "","valueset ","\"Home Healthcare Services\"",": ","'urn:oid:2.16.840.1.113883.3.464.1003.101.12.1016'" ]
                  } ]
               }
            } ]
         }, {
            "localId" : "12",
            "locator" : "16:1-16:75",
            "name" : "Office Visit",
            "id" : "urn:oid:2.16.840.1.113883.3.464.1003.101.12.1001",
            "accessLevel" : "Public",
            "annotation" : [ {
               "type" : "Annotation",
               "s" : {
                  "r" : "12",
                  "s" : [ {
                     "value" : [ "","valueset ","\"Office Visit\"",": ","'urn:oid:2.16.840.1.113883.3.464.1003.101.12.1001'" ]
                  } ]
               }
            } ]
         }, {
            "localId" : "13",
            "locator" : "17:1-17:68",
            "name" : "ONC Administrative Sex",
            "id" : "urn:oid:2.16.840.1.113762.1.4.1",
            "accessLevel" : "Public",
            "annotation" : [ {
               "type" : "Annotation",
               "s" : {
                  "r" : "13",
                  "s" : [ {
                     "value" : [ "","valueset ","\"ONC Administrative Sex\"",": ","'urn:oid:2.16.840.1.113762.1.4.1'" ]
                  } ]
               }
            } ]
         }, {
            "localId" : "14",
            "locator" : "18:1-18:86",
            "name" : "Outpatient Consultation",
            "id" : "urn:oid:2.16.840.1.113883.3.464.1003.101.12.1008",
            "accessLevel" : "Public",
            "annotation" : [ {
               "type" : "Annotation",
               "s" : {
                  "r" : "14",
                  "s" : [ {
                     "value" : [ "","valueset ","\"Outpatient Consultation\"",": ","'urn:oid:2.16.840.1.113883.3.464.1003.101.12.1008'" ]
                  } ]
               }
            } ]
         }, {
            "localId" : "15",
            "locator" : "19:1-19:60",
            "name" : "Payer Type",
            "id" : "urn:oid:2.16.840.1.114222.4.11.3591",
            "accessLevel" : "Public",
            "annotation" : [ {
               "type" : "Annotation",
               "s" : {
                  "r" : "15",
                  "s" : [ {
                     "value" : [ "","valueset ","\"Payer Type\"",": ","'urn:oid:2.16.840.1.114222.4.11.3591'" ]
                  } ]
               }
            } ]
         }, {
            "localId" : "16",
            "locator" : "20:1-20:123",
            "name" : "Preventive Care Services Established Office Visit, 18 and Up",
            "id" : "urn:oid:2.16.840.1.113883.3.464.1003.101.12.1025",
            "accessLevel" : "Public",
            "annotation" : [ {
               "type" : "Annotation",
               "s" : {
                  "r" : "16",
                  "s" : [ {
                     "value" : [ "","valueset ","\"Preventive Care Services Established Office Visit, 18 and Up\"",": ","'urn:oid:2.16.840.1.113883.3.464.1003.101.12.1025'" ]
                  } ]
               }
            } ]
         }, {
            "localId" : "17",
            "locator" : "21:1-21:119",
            "name" : "Preventive Care Services Initial Office Visit, 18 and Up",
            "id" : "urn:oid:2.16.840.1.113883.3.464.1003.101.12.1023",
            "accessLevel" : "Public",
            "annotation" : [ {
               "type" : "Annotation",
               "s" : {
                  "r" : "17",
                  "s" : [ {
                     "value" : [ "","valueset ","\"Preventive Care Services Initial Office Visit, 18 and Up\"",": ","'urn:oid:2.16.840.1.113883.3.464.1003.101.12.1023'" ]
                  } ]
               }
            } ]
         }, {
            "localId" : "18",
            "locator" : "22:1-22:53",
            "name" : "Race",
            "id" : "urn:oid:2.16.840.1.114222.4.11.836",
            "accessLevel" : "Public",
            "annotation" : [ {
               "type" : "Annotation",
               "s" : {
                  "r" : "18",
                  "s" : [ {
                     "value" : [ "","valueset ","\"Race\"",": ","'urn:oid:2.16.840.1.114222.4.11.836'" ]
                  } ]
               }
            } ]
         }, {
            "localId" : "19",
            "locator" : "23:1-23:79",
            "name" : "Telephone Visits",
            "id" : "urn:oid:2.16.840.1.113883.3.464.1003.101.12.1080",
            "accessLevel" : "Public",
            "annotation" : [ {
               "type" : "Annotation",
               "s" : {
                  "r" : "19",
                  "s" : [ {
                     "value" : [ "","valueset ","\"Telephone Visits\"",": ","'urn:oid:2.16.840.1.113883.3.464.1003.101.12.1080'" ]
                  } ]
               }
            } ]
         }, {
            "localId" : "20",
            "locator" : "24:1-24:84",
            "name" : "Urine Albumin Creatinine Ratio",
            "id" : "urn:oid:2.16.840.1.113883.3.6929.3.1007",
            "accessLevel" : "Public",
            "annotation" : [ {
               "type" : "Annotation",
               "s" : {
                  "r" : "20",
                  "s" : [ {
                     "value" : [ "","valueset ","\"Urine Albumin Creatinine Ratio\"",": ","'urn:oid:2.16.840.1.113883.3.6929.3.1007'" ]
                  } ]
               }
            } ]
         } ]
      },
      "contexts" : {
         "def" : [ {
            "locator" : "28:1-28:15",
            "name" : "Patient"
         } ]
      },
      "statements" : {
         "def" : [ {
            "locator" : "28:1-28:15",
            "name" : "Patient",
            "context" : "Patient",
            "expression" : {
               "type" : "SingletonFrom",
               "operand" : {
                  "locator" : "28:1-28:15",
                  "dataType" : "{urn:healthit-gov:qdm:v5_6}Patient",
                  "templateId" : "Patient",
                  "type" : "Retrieve"
               }
            }
         }, {
            "localId" : "25",
            "locator" : "30:1-31:51",
            "name" : "SDE Ethnicity",
            "context" : "Patient",
            "accessLevel" : "Public",
            "annotation" : [ {
               "type" : "Annotation",
               "s" : {
                  "r" : "25",
                  "s" : [ {
                     "value" : [ "","define ","\"SDE Ethnicity\"",":\n  " ]
                  }, {
                     "r" : "24",
                     "s" : [ {
                        "value" : [ "[","\"Patient Characteristic Ethnicity\"",": " ]
                     }, {
                        "s" : [ {
                           "value" : [ "\"Ethnicity\"" ]
                        } ]
                     }, {
                        "value" : [ "]" ]
                     } ]
                  } ]
               }
            } ],
            "expression" : {
               "localId" : "24",
               "locator" : "31:3-31:51",
               "dataType" : "{urn:healthit-gov:qdm:v5_6}PatientCharacteristicEthnicity",
               "codeProperty" : "code",
               "codeComparator" : "in",
               "type" : "Retrieve",
               "codes" : {
                  "locator" : "31:40-31:50",
                  "name" : "Ethnicity",
                  "preserve" : true,
                  "type" : "ValueSetRef"
               }
            }
         }, {
            "localId" : "27",
            "locator" : "33:1-34:48",
            "name" : "SDE Payer",
            "context" : "Patient",
            "accessLevel" : "Public",
            "annotation" : [ {
               "type" : "Annotation",
               "s" : {
                  "r" : "27",
                  "s" : [ {
                     "value" : [ "","define ","\"SDE Payer\"",":\n  " ]
                  }, {
                     "r" : "26",
                     "s" : [ {
                        "value" : [ "[","\"Patient Characteristic Payer\"",": " ]
                     }, {
                        "s" : [ {
                           "value" : [ "\"Payer Type\"" ]
                        } ]
                     }, {
                        "value" : [ "]" ]
                     } ]
                  } ]
               }
            } ],
            "expression" : {
               "localId" : "26",
               "locator" : "34:3-34:48",
               "dataType" : "{urn:healthit-gov:qdm:v5_6}PatientCharacteristicPayer",
               "codeProperty" : "code",
               "codeComparator" : "in",
               "type" : "Retrieve",
               "codes" : {
                  "locator" : "34:36-34:47",
                  "name" : "Payer Type",
                  "preserve" : true,
                  "type" : "ValueSetRef"
               }
            }
         }, {
            "localId" : "29",
            "locator" : "36:1-37:41",
            "name" : "SDE Race",
            "context" : "Patient",
            "accessLevel" : "Public",
            "annotation" : [ {
               "type" : "Annotation",
               "s" : {
                  "r" : "29",
                  "s" : [ {
                     "value" : [ "","define ","\"SDE Race\"",":\n  " ]
                  }, {
                     "r" : "28",
                     "s" : [ {
                        "value" : [ "[","\"Patient Characteristic Race\"",": " ]
                     }, {
                        "s" : [ {
                           "value" : [ "\"Race\"" ]
                        } ]
                     }, {
                        "value" : [ "]" ]
                     } ]
                  } ]
               }
            } ],
            "expression" : {
               "localId" : "28",
               "locator" : "37:3-37:41",
               "dataType" : "{urn:healthit-gov:qdm:v5_6}PatientCharacteristicRace",
               "codeProperty" : "code",
               "codeComparator" : "in",
               "type" : "Retrieve",
               "codes" : {
                  "locator" : "37:35-37:40",
                  "name" : "Race",
                  "preserve" : true,
                  "type" : "ValueSetRef"
               }
            }
         }, {
            "localId" : "31",
            "locator" : "39:1-40:58",
            "name" : "SDE Sex",
            "context" : "Patient",
            "accessLevel" : "Public",
            "annotation" : [ {
               "type" : "Annotation",
               "s" : {
                  "r" : "31",
                  "s" : [ {
                     "value" : [ "","define ","\"SDE Sex\"",":\n  " ]
                  }, {
                     "r" : "30",
                     "s" : [ {
                        "value" : [ "[","\"Patient Characteristic Sex\"",": " ]
                     }, {
                        "s" : [ {
                           "value" : [ "\"ONC Administrative Sex\"" ]
                        } ]
                     }, {
                        "value" : [ "]" ]
                     } ]
                  } ]
               }
            } ],
            "expression" : {
               "localId" : "30",
               "locator" : "40:3-40:58",
               "dataType" : "{urn:healthit-gov:qdm:v5_6}PatientCharacteristicSex",
               "codeProperty" : "code",
               "codeComparator" : "in",
               "type" : "Retrieve",
               "codes" : {
                  "locator" : "40:34-40:57",
                  "name" : "ONC Administrative Sex",
                  "preserve" : true,
                  "type" : "ValueSetRef"
               }
            }
         }, {
            "localId" : "48",
            "locator" : "59:1-62:3",
            "name" : "Has Active Diabetes at the start of the Measurement Period",
            "context" : "Patient",
            "accessLevel" : "Public",
            "annotation" : [ {
               "type" : "Annotation",
               "s" : {
                  "r" : "48",
                  "s" : [ {
                     "value" : [ "","define ","\"Has Active Diabetes at the start of the Measurement Period\"",":\n  " ]
                  }, {
                     "r" : "47",
                     "s" : [ {
                        "value" : [ "exists " ]
                     }, {
                        "r" : "46",
                        "s" : [ {
                           "value" : [ "( " ]
                        }, {
                           "r" : "46",
                           "s" : [ {
                              "s" : [ {
                                 "r" : "41",
                                 "s" : [ {
                                    "r" : "40",
                                    "s" : [ {
                                       "r" : "40",
                                       "s" : [ {
                                          "value" : [ "[","\"Diagnosis\"",": " ]
                                       }, {
                                          "s" : [ {
                                             "value" : [ "\"Diabetes\"" ]
                                          } ]
                                       }, {
                                          "value" : [ "]" ]
                                       } ]
                                    } ]
                                 }, {
                                    "value" : [ " ","Diabetes" ]
                                 } ]
                              } ]
                           }, {
                              "value" : [ "\n      " ]
                           }, {
                              "r" : "45",
                              "s" : [ {
                                 "value" : [ "where " ]
                              }, {
                                 "r" : "45",
                                 "s" : [ {
                                    "r" : "43",
                                    "s" : [ {
                                       "r" : "42",
                                       "s" : [ {
                                          "value" : [ "Diabetes" ]
                                       } ]
                                    }, {
                                       "value" : [ "." ]
                                    }, {
                                       "r" : "43",
                                       "s" : [ {
                                          "value" : [ "prevalencePeriod" ]
                                       } ]
                                    } ]
                                 }, {
                                    "r" : "45",
                                    "value" : [ " ","overlaps before"," " ]
                                 }, {
                                    "r" : "44",
                                    "s" : [ {
                                       "value" : [ "\"Measurement Period\"" ]
                                    } ]
                                 } ]
                              } ]
                           } ]
                        }, {
                           "value" : [ "\n  )" ]
                        } ]
                     } ]
                  } ]
               }
            } ],
            "expression" : {
               "localId" : "47",
               "locator" : "60:3-62:3",
               "type" : "Exists",
               "operand" : {
                  "localId" : "46",
                  "locator" : "60:10-62:3",
                  "type" : "Query",
                  "source" : [ {
                     "localId" : "41",
                     "locator" : "60:12-60:45",
                     "alias" : "Diabetes",
                     "expression" : {
                        "localId" : "40",
                        "locator" : "60:12-60:36",
                        "dataType" : "{urn:healthit-gov:qdm:v5_6}Diagnosis",
                        "codeProperty" : "code",
                        "codeComparator" : "in",
                        "type" : "Retrieve",
                        "codes" : {
                           "locator" : "60:26-60:35",
                           "name" : "Diabetes",
                           "preserve" : true,
                           "type" : "ValueSetRef"
                        }
                     }
                  } ],
                  "relationship" : [ ],
                  "where" : {
                     "localId" : "45",
                     "locator" : "61:7-61:74",
                     "type" : "OverlapsBefore",
                     "operand" : [ {
                        "localId" : "43",
                        "locator" : "61:13-61:37",
                        "path" : "prevalencePeriod",
                        "scope" : "Diabetes",
                        "type" : "Property"
                     }, {
                        "localId" : "44",
                        "locator" : "61:55-61:74",
                        "name" : "Measurement Period",
                        "type" : "ParameterRef"
                     } ]
                  }
               }
            }
         }, {
            "localId" : "73",
            "locator" : "45:1-54:3",
            "name" : "Has Outpatient Visit During Measurement Period",
            "context" : "Patient",
            "accessLevel" : "Public",
            "annotation" : [ {
               "type" : "Annotation",
               "s" : {
                  "r" : "73",
                  "s" : [ {
                     "value" : [ "","define ","\"Has Outpatient Visit During Measurement Period\"",":\n  " ]
                  }, {
                     "r" : "72",
                     "s" : [ {
                        "value" : [ "exists " ]
                     }, {
                        "r" : "71",
                        "s" : [ {
                           "value" : [ "( " ]
                        }, {
                           "r" : "71",
                           "s" : [ {
                              "s" : [ {
                                 "r" : "66",
                                 "s" : [ {
                                    "r" : "65",
                                    "s" : [ {
                                       "value" : [ "( " ]
                                    }, {
                                       "r" : "65",
                                       "s" : [ {
                                          "r" : "63",
                                          "s" : [ {
                                             "r" : "60",
                                             "s" : [ {
                                                "r" : "58",
                                                "s" : [ {
                                                   "r" : "55",
                                                   "s" : [ {
                                                      "r" : "53",
                                                      "s" : [ {
                                                         "r" : "51",
                                                         "s" : [ {
                                                            "value" : [ "[","\"Encounter, Performed\"",": " ]
                                                         }, {
                                                            "s" : [ {
                                                               "value" : [ "\"Annual Wellness Visit\"" ]
                                                            } ]
                                                         }, {
                                                            "value" : [ "]" ]
                                                         } ]
                                                      }, {
                                                         "value" : [ "\n      union " ]
                                                      }, {
                                                         "r" : "52",
                                                         "s" : [ {
                                                            "value" : [ "[","\"Encounter, Performed\"",": " ]
                                                         }, {
                                                            "s" : [ {
                                                               "value" : [ "\"Home Healthcare Services\"" ]
                                                            } ]
                                                         }, {
                                                            "value" : [ "]" ]
                                                         } ]
                                                      } ]
                                                   }, {
                                                      "value" : [ "\n      union " ]
                                                   }, {
                                                      "r" : "54",
                                                      "s" : [ {
                                                         "value" : [ "[","\"Encounter, Performed\"",": " ]
                                                      }, {
                                                         "s" : [ {
                                                            "value" : [ "\"Office Visit\"" ]
                                                         } ]
                                                      }, {
                                                         "value" : [ "]" ]
                                                      } ]
                                                   } ]
                                                }, {
                                                   "value" : [ "\n      union " ]
                                                }, {
                                                   "r" : "56",
                                                   "s" : [ {
                                                      "value" : [ "[","\"Encounter, Performed\"",": " ]
                                                   }, {
                                                      "s" : [ {
                                                         "value" : [ "\"Outpatient Consultation\"" ]
                                                      } ]
                                                   }, {
                                                      "value" : [ "]" ]
                                                   } ]
                                                } ]
                                             }, {
                                                "value" : [ "\n      union " ]
                                             }, {
                                                "r" : "59",
                                                "s" : [ {
                                                   "value" : [ "[","\"Encounter, Performed\"",": " ]
                                                }, {
                                                   "s" : [ {
                                                      "value" : [ "\"Preventive Care Services Established Office Visit, 18 and Up\"" ]
                                                   } ]
                                                }, {
                                                   "value" : [ "]" ]
                                                } ]
                                             } ]
                                          }, {
                                             "value" : [ "\n      union " ]
                                          }, {
                                             "r" : "61",
                                             "s" : [ {
                                                "value" : [ "[","\"Encounter, Performed\"",": " ]
                                             }, {
                                                "s" : [ {
                                                   "value" : [ "\"Preventive Care Services Initial Office Visit, 18 and Up\"" ]
                                                } ]
                                             }, {
                                                "value" : [ "]" ]
                                             } ]
                                          } ]
                                       }, {
                                          "value" : [ "\n      union " ]
                                       }, {
                                          "r" : "64",
                                          "s" : [ {
                                             "value" : [ "[","\"Encounter, Performed\"",": " ]
                                          }, {
                                             "s" : [ {
                                                "value" : [ "\"Telephone Visits\"" ]
                                             } ]
                                          }, {
                                             "value" : [ "]" ]
                                          } ]
                                       } ]
                                    }, {
                                       "value" : [ " )" ]
                                    } ]
                                 }, {
                                    "value" : [ " ","ValidEncounter" ]
                                 } ]
                              } ]
                           }, {
                              "value" : [ "\n      " ]
                           }, {
                              "r" : "70",
                              "s" : [ {
                                 "value" : [ "where " ]
                              }, {
                                 "r" : "70",
                                 "s" : [ {
                                    "r" : "68",
                                    "s" : [ {
                                       "r" : "67",
                                       "s" : [ {
                                          "value" : [ "ValidEncounter" ]
                                       } ]
                                    }, {
                                       "value" : [ "." ]
                                    }, {
                                       "r" : "68",
                                       "s" : [ {
                                          "value" : [ "relevantPeriod" ]
                                       } ]
                                    } ]
                                 }, {
                                    "r" : "70",
                                    "value" : [ " ","during"," " ]
                                 }, {
                                    "r" : "69",
                                    "s" : [ {
                                       "value" : [ "\"Measurement Period\"" ]
                                    } ]
                                 } ]
                              } ]
                           } ]
                        }, {
                           "value" : [ "\n  )" ]
                        } ]
                     } ]
                  } ]
               }
            } ],
            "expression" : {
               "localId" : "72",
               "locator" : "46:3-54:3",
               "type" : "Exists",
               "operand" : {
                  "localId" : "71",
                  "locator" : "46:10-54:3",
                  "type" : "Query",
                  "source" : [ {
                     "localId" : "66",
                     "locator" : "46:12-52:73",
                     "alias" : "ValidEncounter",
                     "expression" : {
                        "localId" : "65",
                        "locator" : "46:12-52:58",
                        "type" : "Union",
                        "operand" : [ {
                           "localId" : "63",
                           "locator" : "46:14-51:96",
                           "type" : "Union",
                           "operand" : [ {
                              "localId" : "58",
                              "locator" : "46:14-49:63",
                              "type" : "Union",
                              "operand" : [ {
                                 "localId" : "53",
                                 "locator" : "46:14-47:64",
                                 "type" : "Union",
                                 "operand" : [ {
                                    "localId" : "51",
                                    "locator" : "46:14-46:62",
                                    "dataType" : "{urn:healthit-gov:qdm:v5_6}PositiveEncounterPerformed",
                                    "templateId" : "PositiveEncounterPerformed",
                                    "codeProperty" : "code",
                                    "codeComparator" : "in",
                                    "type" : "Retrieve",
                                    "codes" : {
                                       "locator" : "46:39-46:61",
                                       "name" : "Annual Wellness Visit",
                                       "preserve" : true,
                                       "type" : "ValueSetRef"
                                    }
                                 }, {
                                    "localId" : "52",
                                    "locator" : "47:13-47:64",
                                    "dataType" : "{urn:healthit-gov:qdm:v5_6}PositiveEncounterPerformed",
                                    "templateId" : "PositiveEncounterPerformed",
                                    "codeProperty" : "code",
                                    "codeComparator" : "in",
                                    "type" : "Retrieve",
                                    "codes" : {
                                       "locator" : "47:38-47:63",
                                       "name" : "Home Healthcare Services",
                                       "preserve" : true,
                                       "type" : "ValueSetRef"
                                    }
                                 } ]
                              }, {
                                 "localId" : "57",
                                 "type" : "Union",
                                 "operand" : [ {
                                    "localId" : "54",
                                    "locator" : "48:13-48:52",
                                    "dataType" : "{urn:healthit-gov:qdm:v5_6}PositiveEncounterPerformed",
                                    "templateId" : "PositiveEncounterPerformed",
                                    "codeProperty" : "code",
                                    "codeComparator" : "in",
                                    "type" : "Retrieve",
                                    "codes" : {
                                       "locator" : "48:38-48:51",
                                       "name" : "Office Visit",
                                       "preserve" : true,
                                       "type" : "ValueSetRef"
                                    }
                                 }, {
                                    "localId" : "56",
                                    "locator" : "49:13-49:63",
                                    "dataType" : "{urn:healthit-gov:qdm:v5_6}PositiveEncounterPerformed",
                                    "templateId" : "PositiveEncounterPerformed",
                                    "codeProperty" : "code",
                                    "codeComparator" : "in",
                                    "type" : "Retrieve",
                                    "codes" : {
                                       "locator" : "49:38-49:62",
                                       "name" : "Outpatient Consultation",
                                       "preserve" : true,
                                       "type" : "ValueSetRef"
                                    }
                                 } ]
                              } ]
                           }, {
                              "localId" : "62",
                              "type" : "Union",
                              "operand" : [ {
                                 "localId" : "59",
                                 "locator" : "50:13-50:100",
                                 "dataType" : "{urn:healthit-gov:qdm:v5_6}PositiveEncounterPerformed",
                                 "templateId" : "PositiveEncounterPerformed",
                                 "codeProperty" : "code",
                                 "codeComparator" : "in",
                                 "type" : "Retrieve",
                                 "codes" : {
                                    "locator" : "50:38-50:99",
                                    "name" : "Preventive Care Services Established Office Visit, 18 and Up",
                                    "preserve" : true,
                                    "type" : "ValueSetRef"
                                 }
                              }, {
                                 "localId" : "61",
                                 "locator" : "51:13-51:96",
                                 "dataType" : "{urn:healthit-gov:qdm:v5_6}PositiveEncounterPerformed",
                                 "templateId" : "PositiveEncounterPerformed",
                                 "codeProperty" : "code",
                                 "codeComparator" : "in",
                                 "type" : "Retrieve",
                                 "codes" : {
                                    "locator" : "51:38-51:95",
                                    "name" : "Preventive Care Services Initial Office Visit, 18 and Up",
                                    "preserve" : true,
                                    "type" : "ValueSetRef"
                                 }
                              } ]
                           } ]
                        }, {
                           "localId" : "64",
                           "locator" : "52:13-52:56",
                           "dataType" : "{urn:healthit-gov:qdm:v5_6}PositiveEncounterPerformed",
                           "templateId" : "PositiveEncounterPerformed",
                           "codeProperty" : "code",
                           "codeComparator" : "in",
                           "type" : "Retrieve",
                           "codes" : {
                              "locator" : "52:38-52:55",
                              "name" : "Telephone Visits",
                              "preserve" : true,
                              "type" : "ValueSetRef"
                           }
                        } ]
                     }
                  } ],
                  "relationship" : [ ],
                  "where" : {
                     "localId" : "70",
                     "locator" : "53:7-53:69",
                     "type" : "IncludedIn",
                     "operand" : [ {
                        "localId" : "68",
                        "locator" : "53:13-53:41",
                        "path" : "relevantPeriod",
                        "scope" : "ValidEncounter",
                        "type" : "Property"
                     }, {
                        "localId" : "69",
                        "locator" : "53:50-53:69",
                        "name" : "Measurement Period",
                        "type" : "ParameterRef"
                     } ]
                  }
               }
            }
         }, {
            "localId" : "76",
            "locator" : "79:1-82:56",
            "name" : "Initial Population",
            "context" : "Patient",
            "accessLevel" : "Public",
            "annotation" : [ {
               "type" : "Annotation",
               "s" : {
                  "r" : "76",
                  "s" : [ {
                     "value" : [ "","define ","\"Initial Population\"",":\n  " ]
                  }, {
                     "r" : "75",
                     "s" : [ {
                        "r" : "50",
                        "s" : [ {
                           "r" : "39",
                           "s" : [ {
                              "r" : "35",
                              "s" : [ {
                                 "value" : [ "AgeInYearsAt","(" ]
                              }, {
                                 "r" : "34",
                                 "s" : [ {
                                    "value" : [ "date from " ]
                                 }, {
                                    "r" : "33",
                                    "s" : [ {
                                       "value" : [ "start of " ]
                                    }, {
                                       "r" : "32",
                                       "s" : [ {
                                          "value" : [ "\"Measurement Period\"" ]
                                       } ]
                                    } ]
                                 } ]
                              }, {
                                 "value" : [ ")" ]
                              } ]
                           }, {
                              "value" : [ " in " ]
                           }, {
                              "r" : "38",
                              "s" : [ {
                                 "r" : "36",
                                 "value" : [ "Interval[","18",", ","85","]" ]
                              } ]
                           } ]
                        }, {
                           "value" : [ "\n    and " ]
                        }, {
                           "r" : "49",
                           "s" : [ {
                              "value" : [ "\"Has Active Diabetes at the start of the Measurement Period\"" ]
                           } ]
                        } ]
                     }, {
                        "value" : [ "\n    and " ]
                     }, {
                        "r" : "74",
                        "s" : [ {
                           "value" : [ "\"Has Outpatient Visit During Measurement Period\"" ]
                        } ]
                     } ]
                  } ]
               }
            } ],
            "expression" : {
               "localId" : "75",
               "locator" : "80:3-82:56",
               "type" : "And",
               "operand" : [ {
                  "localId" : "50",
                  "locator" : "80:3-81:68",
                  "type" : "And",
                  "operand" : [ {
                     "localId" : "39",
                     "locator" : "80:3-80:75",
                     "type" : "In",
                     "operand" : [ {
                        "localId" : "35",
                        "locator" : "80:3-80:55",
                        "precision" : "Year",
                        "type" : "CalculateAgeAt",
                        "operand" : [ {
                           "type" : "ToDate",
                           "operand" : {
                              "path" : "birthDatetime",
                              "type" : "Property",
                              "source" : {
                                 "name" : "Patient",
                                 "type" : "ExpressionRef"
                              }
                           }
                        }, {
                           "localId" : "34",
                           "locator" : "80:16-80:54",
                           "type" : "DateFrom",
                           "operand" : {
                              "localId" : "33",
                              "locator" : "80:26-80:54",
                              "type" : "Start",
                              "operand" : {
                                 "localId" : "32",
                                 "locator" : "80:35-80:54",
                                 "name" : "Measurement Period",
                                 "type" : "ParameterRef"
                              }
                           }
                        } ]
                     }, {
                        "localId" : "38",
                        "locator" : "80:60-80:75",
                        "lowClosed" : true,
                        "highClosed" : true,
                        "type" : "Interval",
                        "low" : {
                           "localId" : "36",
                           "locator" : "80:69-80:70",
                           "valueType" : "{urn:hl7-org:elm-types:r1}Integer",
                           "value" : "18",
                           "type" : "Literal"
                        },
                        "high" : {
                           "localId" : "37",
                           "locator" : "80:73-80:74",
                           "valueType" : "{urn:hl7-org:elm-types:r1}Integer",
                           "value" : "85",
                           "type" : "Literal"
                        }
                     } ]
                  }, {
                     "localId" : "49",
                     "locator" : "81:9-81:68",
                     "name" : "Has Active Diabetes at the start of the Measurement Period",
                     "type" : "ExpressionRef"
                  } ]
               }, {
                  "localId" : "74",
                  "locator" : "82:9-82:56",
                  "name" : "Has Outpatient Visit During Measurement Period",
                  "type" : "ExpressionRef"
               } ]
            }
         }, {
            "localId" : "78",
            "locator" : "42:1-43:22",
            "name" : "Denominator",
            "context" : "Patient",
            "accessLevel" : "Public",
            "annotation" : [ {
               "type" : "Annotation",
               "s" : {
                  "r" : "78",
                  "s" : [ {
                     "value" : [ "","define ","\"Denominator\"",":\n  " ]
                  }, {
                     "r" : "77",
                     "s" : [ {
                        "value" : [ "\"Initial Population\"" ]
                     } ]
                  } ]
               }
            } ],
            "expression" : {
               "localId" : "77",
               "locator" : "43:3-43:22",
               "name" : "Initial Population",
               "type" : "ExpressionRef"
            }
         }, {
            "localId" : "112",
            "locator" : "69:1-77:5",
            "name" : "Has Kidney Panel Performed During Measurement Period",
            "context" : "Patient",
            "accessLevel" : "Public",
            "annotation" : [ {
               "type" : "Annotation",
               "s" : {
                  "r" : "112",
                  "s" : [ {
                     "value" : [ "","define ","\"Has Kidney Panel Performed During Measurement Period\"",":\n  " ]
                  }, {
                     "r" : "111",
                     "s" : [ {
                        "r" : "94",
                        "s" : [ {
                           "value" : [ "exists " ]
                        }, {
                           "r" : "93",
                           "s" : [ {
                              "value" : [ "( " ]
                           }, {
                              "r" : "93",
                              "s" : [ {
                                 "s" : [ {
                                    "r" : "80",
                                    "s" : [ {
                                       "r" : "79",
                                       "s" : [ {
                                          "r" : "79",
                                          "s" : [ {
                                             "value" : [ "[","\"Laboratory Test, Performed\"",": " ]
                                          }, {
                                             "s" : [ {
                                                "value" : [ "\"Estimated Glomerular Filtration Rate\"" ]
                                             } ]
                                          }, {
                                             "value" : [ "]" ]
                                          } ]
                                       } ]
                                    }, {
                                       "value" : [ " ","eGFRTest" ]
                                    } ]
                                 } ]
                              }, {
                                 "value" : [ "\n      " ]
                              }, {
                                 "r" : "92",
                                 "s" : [ {
                                    "value" : [ "where " ]
                                 }, {
                                    "r" : "92",
                                    "s" : [ {
                                       "r" : "88",
                                       "s" : [ {
                                          "r" : "86",
                                          "s" : [ {
                                             "r" : "81",
                                             "s" : [ {
                                                "value" : [ "Global" ]
                                             } ]
                                          }, {
                                             "value" : [ "." ]
                                          }, {
                                             "r" : "86",
                                             "s" : [ {
                                                "value" : [ "\"NormalizeInterval\""," ( " ]
                                             }, {
                                                "r" : "83",
                                                "s" : [ {
                                                   "r" : "82",
                                                   "s" : [ {
                                                      "value" : [ "eGFRTest" ]
                                                   } ]
                                                }, {
                                                   "value" : [ "." ]
                                                }, {
                                                   "r" : "83",
                                                   "s" : [ {
                                                      "value" : [ "relevantDatetime" ]
                                                   } ]
                                                } ]
                                             }, {
                                                "value" : [ ", " ]
                                             }, {
                                                "r" : "85",
                                                "s" : [ {
                                                   "r" : "84",
                                                   "s" : [ {
                                                      "value" : [ "eGFRTest" ]
                                                   } ]
                                                }, {
                                                   "value" : [ "." ]
                                                }, {
                                                   "r" : "85",
                                                   "s" : [ {
                                                      "value" : [ "relevantPeriod" ]
                                                   } ]
                                                } ]
                                             }, {
                                                "value" : [ " )" ]
                                             } ]
                                          } ]
                                       }, {
                                          "r" : "88",
                                          "value" : [ " ","during day of"," " ]
                                       }, {
                                          "r" : "87",
                                          "s" : [ {
                                             "value" : [ "\"Measurement Period\"" ]
                                          } ]
                                       } ]
                                    }, {
                                       "value" : [ "\n        and " ]
                                    }, {
                                       "r" : "91",
                                       "s" : [ {
                                          "r" : "90",
                                          "s" : [ {
                                             "r" : "89",
                                             "s" : [ {
                                                "value" : [ "eGFRTest" ]
                                             } ]
                                          }, {
                                             "value" : [ "." ]
                                          }, {
                                             "r" : "90",
                                             "s" : [ {
                                                "value" : [ "result" ]
                                             } ]
                                          } ]
                                       }, {
                                          "value" : [ " is not null" ]
                                       } ]
                                    } ]
                                 } ]
                              } ]
                           }, {
                              "value" : [ "\n  )" ]
                           } ]
                        } ]
                     }, {
                        "value" : [ "\n    and " ]
                     }, {
                        "r" : "110",
                        "s" : [ {
                           "value" : [ "exists " ]
                        }, {
                           "r" : "109",
                           "s" : [ {
                              "value" : [ "( " ]
                           }, {
                              "r" : "109",
                              "s" : [ {
                                 "s" : [ {
                                    "r" : "96",
                                    "s" : [ {
                                       "r" : "95",
                                       "s" : [ {
                                          "r" : "95",
                                          "s" : [ {
                                             "value" : [ "[","\"Laboratory Test, Performed\"",": " ]
                                          }, {
                                             "s" : [ {
                                                "value" : [ "\"Urine Albumin Creatinine Ratio\"" ]
                                             } ]
                                          }, {
                                             "value" : [ "]" ]
                                          } ]
                                       } ]
                                    }, {
                                       "value" : [ " ","uACRTest" ]
                                    } ]
                                 } ]
                              }, {
                                 "value" : [ "\n        " ]
                              }, {
                                 "r" : "108",
                                 "s" : [ {
                                    "value" : [ "where " ]
                                 }, {
                                    "r" : "108",
                                    "s" : [ {
                                       "r" : "104",
                                       "s" : [ {
                                          "r" : "102",
                                          "s" : [ {
                                             "r" : "97",
                                             "s" : [ {
                                                "value" : [ "Global" ]
                                             } ]
                                          }, {
                                             "value" : [ "." ]
                                          }, {
                                             "r" : "102",
                                             "s" : [ {
                                                "value" : [ "\"NormalizeInterval\""," ( " ]
                                             }, {
                                                "r" : "99",
                                                "s" : [ {
                                                   "r" : "98",
                                                   "s" : [ {
                                                      "value" : [ "uACRTest" ]
                                                   } ]
                                                }, {
                                                   "value" : [ "." ]
                                                }, {
                                                   "r" : "99",
                                                   "s" : [ {
                                                      "value" : [ "relevantDatetime" ]
                                                   } ]
                                                } ]
                                             }, {
                                                "value" : [ ", " ]
                                             }, {
                                                "r" : "101",
                                                "s" : [ {
                                                   "r" : "100",
                                                   "s" : [ {
                                                      "value" : [ "uACRTest" ]
                                                   } ]
                                                }, {
                                                   "value" : [ "." ]
                                                }, {
                                                   "r" : "101",
                                                   "s" : [ {
                                                      "value" : [ "relevantPeriod" ]
                                                   } ]
                                                } ]
                                             }, {
                                                "value" : [ " )" ]
                                             } ]
                                          } ]
                                       }, {
                                          "r" : "104",
                                          "value" : [ " ","during day of"," " ]
                                       }, {
                                          "r" : "103",
                                          "s" : [ {
                                             "value" : [ "\"Measurement Period\"" ]
                                          } ]
                                       } ]
                                    }, {
                                       "value" : [ "\n          and " ]
                                    }, {
                                       "r" : "107",
                                       "s" : [ {
                                          "r" : "106",
                                          "s" : [ {
                                             "r" : "105",
                                             "s" : [ {
                                                "value" : [ "uACRTest" ]
                                             } ]
                                          }, {
                                             "value" : [ "." ]
                                          }, {
                                             "r" : "106",
                                             "s" : [ {
                                                "value" : [ "result" ]
                                             } ]
                                          } ]
                                       }, {
                                          "value" : [ " is not null" ]
                                       } ]
                                    } ]
                                 } ]
                              } ]
                           }, {
                              "value" : [ "\n    )" ]
                           } ]
                        } ]
                     } ]
                  } ]
               }
            } ],
            "expression" : {
               "localId" : "111",
               "locator" : "70:3-77:5",
               "type" : "And",
               "operand" : [ {
                  "localId" : "94",
                  "locator" : "70:3-73:3",
                  "type" : "Exists",
                  "operand" : {
                     "localId" : "93",
                     "locator" : "70:10-73:3",
                     "type" : "Query",
                     "source" : [ {
                        "localId" : "80",
                        "locator" : "70:12-70:90",
                        "alias" : "eGFRTest",
                        "expression" : {
                           "localId" : "79",
                           "locator" : "70:12-70:81",
                           "dataType" : "{urn:healthit-gov:qdm:v5_6}PositiveLaboratoryTestPerformed",
                           "templateId" : "PositiveLaboratoryTestPerformed",
                           "codeProperty" : "code",
                           "codeComparator" : "in",
                           "type" : "Retrieve",
                           "codes" : {
                              "locator" : "70:43-70:80",
                              "name" : "Estimated Glomerular Filtration Rate",
                              "preserve" : true,
                              "type" : "ValueSetRef"
                           }
                        }
                     } ],
                     "relationship" : [ ],
                     "where" : {
                        "localId" : "92",
                        "locator" : "71:7-72:39",
                        "type" : "And",
                        "operand" : [ {
                           "localId" : "88",
                           "locator" : "71:13-71:128",
                           "precision" : "Day",
                           "type" : "IncludedIn",
                           "operand" : [ {
                              "localId" : "86",
                              "locator" : "71:13-71:93",
                              "name" : "NormalizeInterval",
                              "libraryName" : "Global",
                              "type" : "FunctionRef",
                              "operand" : [ {
                                 "localId" : "83",
                                 "locator" : "71:42-71:66",
                                 "path" : "relevantDatetime",
                                 "scope" : "eGFRTest",
                                 "type" : "Property"
                              }, {
                                 "localId" : "85",
                                 "locator" : "71:69-71:91",
                                 "path" : "relevantPeriod",
                                 "scope" : "eGFRTest",
                                 "type" : "Property"
                              } ]
                           }, {
                              "localId" : "87",
                              "locator" : "71:109-71:128",
                              "name" : "Measurement Period",
                              "type" : "ParameterRef"
                           } ]
                        }, {
                           "localId" : "91",
                           "locator" : "72:13-72:39",
                           "type" : "Not",
                           "operand" : {
                              "locator" : "72:13-72:39",
                              "type" : "IsNull",
                              "operand" : {
                                 "localId" : "90",
                                 "locator" : "72:13-72:27",
                                 "path" : "result",
                                 "scope" : "eGFRTest",
                                 "type" : "Property"
                              }
                           }
                        } ]
                     }
                  }
               }, {
                  "localId" : "110",
                  "locator" : "74:9-77:5",
                  "type" : "Exists",
                  "operand" : {
                     "localId" : "109",
                     "locator" : "74:16-77:5",
                     "type" : "Query",
                     "source" : [ {
                        "localId" : "96",
                        "locator" : "74:18-74:90",
                        "alias" : "uACRTest",
                        "expression" : {
                           "localId" : "95",
                           "locator" : "74:18-74:81",
                           "dataType" : "{urn:healthit-gov:qdm:v5_6}PositiveLaboratoryTestPerformed",
                           "templateId" : "PositiveLaboratoryTestPerformed",
                           "codeProperty" : "code",
                           "codeComparator" : "in",
                           "type" : "Retrieve",
                           "codes" : {
                              "locator" : "74:49-74:80",
                              "name" : "Urine Albumin Creatinine Ratio",
                              "preserve" : true,
                              "type" : "ValueSetRef"
                           }
                        }
                     } ],
                     "relationship" : [ ],
                     "where" : {
                        "localId" : "108",
                        "locator" : "75:9-76:41",
                        "type" : "And",
                        "operand" : [ {
                           "localId" : "104",
                           "locator" : "75:15-75:130",
                           "precision" : "Day",
                           "type" : "IncludedIn",
                           "operand" : [ {
                              "localId" : "102",
                              "locator" : "75:15-75:95",
                              "name" : "NormalizeInterval",
                              "libraryName" : "Global",
                              "type" : "FunctionRef",
                              "operand" : [ {
                                 "localId" : "99",
                                 "locator" : "75:44-75:68",
                                 "path" : "relevantDatetime",
                                 "scope" : "uACRTest",
                                 "type" : "Property"
                              }, {
                                 "localId" : "101",
                                 "locator" : "75:71-75:93",
                                 "path" : "relevantPeriod",
                                 "scope" : "uACRTest",
                                 "type" : "Property"
                              } ]
                           }, {
                              "localId" : "103",
                              "locator" : "75:111-75:130",
                              "name" : "Measurement Period",
                              "type" : "ParameterRef"
                           } ]
                        }, {
                           "localId" : "107",
                           "locator" : "76:15-76:41",
                           "type" : "Not",
                           "operand" : {
                              "locator" : "76:15-76:41",
                              "type" : "IsNull",
                              "operand" : {
                                 "localId" : "106",
                                 "locator" : "76:15-76:29",
                                 "path" : "result",
                                 "scope" : "uACRTest",
                                 "type" : "Property"
                              }
                           }
                        } ]
                     }
                  }
               } ]
            }
         }, {
            "localId" : "114",
            "locator" : "56:1-57:56",
            "name" : "Numerator",
            "context" : "Patient",
            "accessLevel" : "Public",
            "annotation" : [ {
               "type" : "Annotation",
               "s" : {
                  "r" : "114",
                  "s" : [ {
                     "value" : [ "","define ","\"Numerator\"",":\n  " ]
                  }, {
                     "r" : "113",
                     "s" : [ {
                        "value" : [ "\"Has Kidney Panel Performed During Measurement Period\"" ]
                     } ]
                  } ]
               }
            } ],
            "expression" : {
               "localId" : "113",
               "locator" : "57:3-57:56",
               "name" : "Has Kidney Panel Performed During Measurement Period",
               "type" : "ExpressionRef"
            }
         }, {
            "localId" : "124",
            "locator" : "84:1-87:73",
            "name" : "Has CKD Stage 5 or ESRD Diagnosis Overlaps Measurement Period",
            "context" : "Patient",
            "accessLevel" : "Public",
            "annotation" : [ {
               "type" : "Annotation",
               "s" : {
                  "r" : "124",
                  "s" : [ {
                     "value" : [ "","define ","\"Has CKD Stage 5 or ESRD Diagnosis Overlaps Measurement Period\"",":\n  " ]
                  }, {
                     "r" : "123",
                     "s" : [ {
                        "s" : [ {
                           "r" : "118",
                           "s" : [ {
                              "r" : "117",
                              "s" : [ {
                                 "value" : [ "( " ]
                              }, {
                                 "r" : "117",
                                 "s" : [ {
                                    "r" : "115",
                                    "s" : [ {
                                       "value" : [ "[","\"Diagnosis\"",": " ]
                                    }, {
                                       "s" : [ {
                                          "value" : [ "\"Chronic Kidney Disease, Stage 5\"" ]
                                       } ]
                                    }, {
                                       "value" : [ "]" ]
                                    } ]
                                 }, {
                                    "value" : [ "\n    union " ]
                                 }, {
                                    "r" : "116",
                                    "s" : [ {
                                       "value" : [ "[","\"Diagnosis\"",": " ]
                                    }, {
                                       "s" : [ {
                                          "value" : [ "\"End Stage Renal Disease\"" ]
                                       } ]
                                    }, {
                                       "value" : [ "]" ]
                                    } ]
                                 } ]
                              }, {
                                 "value" : [ " )" ]
                              } ]
                           }, {
                              "value" : [ " ","CKDOrESRD" ]
                           } ]
                        } ]
                     }, {
                        "value" : [ "\n    " ]
                     }, {
                        "r" : "122",
                        "s" : [ {
                           "value" : [ "where " ]
                        }, {
                           "r" : "122",
                           "s" : [ {
                              "r" : "120",
                              "s" : [ {
                                 "r" : "119",
                                 "s" : [ {
                                    "value" : [ "CKDOrESRD" ]
                                 } ]
                              }, {
                                 "value" : [ "." ]
                              }, {
                                 "r" : "120",
                                 "s" : [ {
                                    "value" : [ "prevalencePeriod" ]
                                 } ]
                              } ]
                           }, {
                              "r" : "122",
                              "value" : [ " ","overlaps day of"," " ]
                           }, {
                              "r" : "121",
                              "s" : [ {
                                 "value" : [ "\"Measurement Period\"" ]
                              } ]
                           } ]
                        } ]
                     } ]
                  } ]
               }
            } ],
            "expression" : {
               "localId" : "123",
               "locator" : "85:3-87:73",
               "type" : "Query",
               "source" : [ {
                  "localId" : "118",
                  "locator" : "85:3-86:62",
                  "alias" : "CKDOrESRD",
                  "expression" : {
                     "localId" : "117",
                     "locator" : "85:3-86:52",
                     "type" : "Union",
                     "operand" : [ {
                        "localId" : "115",
                        "locator" : "85:5-85:52",
                        "dataType" : "{urn:healthit-gov:qdm:v5_6}Diagnosis",
                        "codeProperty" : "code",
                        "codeComparator" : "in",
                        "type" : "Retrieve",
                        "codes" : {
                           "locator" : "85:19-85:51",
                           "name" : "Chronic Kidney Disease, Stage 5",
                           "preserve" : true,
                           "type" : "ValueSetRef"
                        }
                     }, {
                        "localId" : "116",
                        "locator" : "86:11-86:50",
                        "dataType" : "{urn:healthit-gov:qdm:v5_6}Diagnosis",
                        "codeProperty" : "code",
                        "codeComparator" : "in",
                        "type" : "Retrieve",
                        "codes" : {
                           "locator" : "86:25-86:49",
                           "name" : "End Stage Renal Disease",
                           "preserve" : true,
                           "type" : "ValueSetRef"
                        }
                     } ]
                  }
               } ],
               "relationship" : [ ],
               "where" : {
                  "localId" : "122",
                  "locator" : "87:5-87:73",
                  "precision" : "Day",
                  "type" : "Overlaps",
                  "operand" : [ {
                     "localId" : "120",
                     "locator" : "87:11-87:36",
                     "path" : "prevalencePeriod",
                     "scope" : "CKDOrESRD",
                     "type" : "Property"
                  }, {
                     "localId" : "121",
                     "locator" : "87:54-87:73",
                     "name" : "Measurement Period",
                     "type" : "ParameterRef"
                  } ]
               }
            }
         }, {
            "localId" : "133",
            "locator" : "64:1-67:69",
            "name" : "Denominator Exclusions",
            "context" : "Patient",
            "accessLevel" : "Public",
            "annotation" : [ {
               "type" : "Annotation",
               "s" : {
                  "r" : "133",
                  "s" : [ {
                     "value" : [ "","define ","\"Denominator Exclusions\"",":\n  " ]
                  }, {
                     "r" : "132",
                     "s" : [ {
                        "r" : "129",
                        "s" : [ {
                           "r" : "126",
                           "s" : [ {
                              "value" : [ "exists " ]
                           }, {
                              "r" : "125",
                              "s" : [ {
                                 "value" : [ "\"Has CKD Stage 5 or ESRD Diagnosis Overlaps Measurement Period\"" ]
                              } ]
                           } ]
                        }, {
                           "value" : [ "\n    or " ]
                        }, {
                           "r" : "128",
                           "s" : [ {
                              "r" : "127",
                              "s" : [ {
                                 "value" : [ "Hospice" ]
                              } ]
                           }, {
                              "value" : [ "." ]
                           }, {
                              "r" : "128",
                              "s" : [ {
                                 "value" : [ "\"Has Hospice Services\"" ]
                              } ]
                           } ]
                        } ]
                     }, {
                        "value" : [ "\n    or " ]
                     }, {
                        "r" : "131",
                        "s" : [ {
                           "r" : "130",
                           "s" : [ {
                              "value" : [ "PalliativeCare" ]
                           } ]
                        }, {
                           "value" : [ "." ]
                        }, {
                           "r" : "131",
                           "s" : [ {
                              "value" : [ "\"Has Palliative Care in the Measurement Period\"" ]
                           } ]
                        } ]
                     } ]
                  } ]
               }
            } ],
            "expression" : {
               "localId" : "132",
               "locator" : "65:3-67:69",
               "type" : "Or",
               "operand" : [ {
                  "localId" : "129",
                  "locator" : "65:3-66:37",
                  "type" : "Or",
                  "operand" : [ {
                     "localId" : "126",
                     "locator" : "65:3-65:72",
                     "type" : "Exists",
                     "operand" : {
                        "localId" : "125",
                        "locator" : "65:10-65:72",
                        "name" : "Has CKD Stage 5 or ESRD Diagnosis Overlaps Measurement Period",
                        "type" : "ExpressionRef"
                     }
                  }, {
                     "localId" : "128",
                     "locator" : "66:8-66:37",
                     "name" : "Has Hospice Services",
                     "libraryName" : "Hospice",
                     "type" : "ExpressionRef"
                  } ]
               }, {
                  "localId" : "131",
                  "locator" : "67:8-67:69",
                  "name" : "Has Palliative Care in the Measurement Period",
                  "libraryName" : "PalliativeCare",
                  "type" : "ExpressionRef"
               } ]
            }
         } ]
      }
   }
}