<?xml version="1.0" encoding="UTF-8"?>
<library xmlns="urn:hl7-org:elm:r1" xmlns:t="urn:hl7-org:elm-types:r1" xmlns:xsi="http://www.w3.org/2001/XMLSchema-instance" xmlns:xsd="http://www.w3.org/2001/XMLSchema" xmlns:fhir="http://hl7.org/fhir" xmlns:qdm43="urn:healthit-gov:qdm:v4_3" xmlns:qdm53="urn:healthit-gov:qdm:v5_3" xmlns:a="urn:hl7-org:cql-annotations:r1">
   <annotation translatorOptions="EnableAnnotations,EnableLocators,DisableListDemotion,DisableListPromotion,DisableMethodInvocation" xsi:type="a:CqlToElmInfo"/>
   <annotation xsi:type="a:Annotation">
      <a:s r="124">
         <a:s>library KidneyHealthEvaluation version '3.0.000'</a:s>
      </a:s>
   </annotation>
   <identifier id="KidneyHealthEvaluation" version="3.0.000"/>
   <schemaIdentifier id="urn:hl7-org:elm" version="r1"/>
   <usings>
      <def localIdentifier="System" uri="urn:hl7-org:elm-types:r1"/>
      <def localId="1" locator="3:1-3:23" localIdentifier="QDM" uri="urn:healthit-gov:qdm:v5_6" version="5.6">
         <annotation xsi:type="a:Annotation">
            <a:s r="1">
               <a:s>using </a:s>
               <a:s>
                  <a:s>QDM</a:s>
               </a:s>
               <a:s> version '5.6'</a:s>
            </a:s>
         </annotation>
      </def>
   </usings>
   <includes>
      <def localId="2" locator="5:1-5:67" localIdentifier="Global" path="MATGlobalCommonFunctionsQDM" version="8.0.000">
         <annotation xsi:type="a:Annotation">
            <a:s r="2">
               <a:s>include </a:s>
               <a:s>
                  <a:s>MATGlobalCommonFunctionsQDM</a:s>
               </a:s>
               <a:s> version '8.0.000' called Global</a:s>
            </a:s>
         </annotation>
      </def>
      <def localId="3" locator="6:1-6:51" localIdentifier="Hospice" path="HospiceQDM" version="6.0.000">
         <annotation xsi:type="a:Annotation">
            <a:s r="3">
               <a:s>include </a:s>
               <a:s>
                  <a:s>HospiceQDM</a:s>
               </a:s>
               <a:s> version '6.0.000' called Hospice</a:s>
            </a:s>
         </annotation>
      </def>
      <def localId="4" locator="7:1-7:65" localIdentifier="PalliativeCare" path="PalliativeCareQDM" version="4.0.000">
         <annotation xsi:type="a:Annotation">
            <a:s r="4">
               <a:s>include </a:s>
               <a:s>
                  <a:s>PalliativeCareQDM</a:s>
               </a:s>
               <a:s> version '4.0.000' called PalliativeCare</a:s>
            </a:s>
         </annotation>
      </def>
   </includes>
   <parameters>
      <def localId="23" locator="26:1-26:49" name="Measurement Period" accessLevel="Public">
         <annotation xsi:type="a:Annotation">
            <a:s r="23">
               <a:s>parameter &quot;Measurement Period&quot; </a:s>
               <a:s r="22">
                  <a:s>Interval&lt;</a:s>
                  <a:s r="21">
                     <a:s>DateTime</a:s>
                  </a:s>
                  <a:s>></a:s>
               </a:s>
            </a:s>
         </annotation>
         <parameterTypeSpecifier localId="22" locator="26:32-26:49" xsi:type="IntervalTypeSpecifier">
            <pointType localId="21" locator="26:41-26:48" name="t:DateTime" xsi:type="NamedTypeSpecifier"/>
         </parameterTypeSpecifier>
      </def>
   </parameters>
   <valueSets>
      <def localId="5" locator="9:1-9:74" name="Annual Wellness Visit" id="urn:oid:2.16.840.1.113883.3.526.3.1240" accessLevel="Public">
         <annotation xsi:type="a:Annotation">
            <a:s r="5">
               <a:s>valueset &quot;Annual Wellness Visit&quot;: 'urn:oid:2.16.840.1.113883.3.526.3.1240'</a:s>
            </a:s>
         </annotation>
      </def>
      <def localId="6" locator="10:1-10:84" name="Chronic Kidney Disease, Stage 5" id="urn:oid:2.16.840.1.113883.3.526.3.1002" accessLevel="Public">
         <annotation xsi:type="a:Annotation">
            <a:s r="6">
               <a:s>valueset &quot;Chronic Kidney Disease, Stage 5&quot;: 'urn:oid:2.16.840.1.113883.3.526.3.1002'</a:s>
            </a:s>
         </annotation>
      </def>
      <def localId="7" locator="11:1-11:71" name="Diabetes" id="urn:oid:2.16.840.1.113883.3.464.1003.103.12.1001" accessLevel="Public">
         <annotation xsi:type="a:Annotation">
            <a:s r="7">
               <a:s>valueset &quot;Diabetes&quot;: 'urn:oid:2.16.840.1.113883.3.464.1003.103.12.1001'</a:s>
            </a:s>
         </annotation>
      </def>
      <def localId="8" locator="12:1-12:75" name="End Stage Renal Disease" id="urn:oid:2.16.840.1.113883.3.526.3.353" accessLevel="Public">
         <annotation xsi:type="a:Annotation">
            <a:s r="8">
               <a:s>valueset &quot;End Stage Renal Disease&quot;: 'urn:oid:2.16.840.1.113883.3.526.3.353'</a:s>
            </a:s>
         </annotation>
      </def>
      <def localId="9" locator="13:1-13:90" name="Estimated Glomerular Filtration Rate" id="urn:oid:2.16.840.1.113883.3.6929.3.1000" accessLevel="Public">
         <annotation xsi:type="a:Annotation">
            <a:s r="9">
               <a:s>valueset &quot;Estimated Glomerular Filtration Rate&quot;: 'urn:oid:2.16.840.1.113883.3.6929.3.1000'</a:s>
            </a:s>
         </annotation>
      </def>
      <def localId="10" locator="14:1-14:58" name="Ethnicity" id="urn:oid:2.16.840.1.114222.4.11.837" accessLevel="Public">
         <annotation xsi:type="a:Annotation">
            <a:s r="10">
               <a:s>valueset &quot;Ethnicity&quot;: 'urn:oid:2.16.840.1.114222.4.11.837'</a:s>
            </a:s>
         </annotation>
      </def>
      <def localId="11" locator="15:1-15:87" name="Home Healthcare Services" id="urn:oid:2.16.840.1.113883.3.464.1003.101.12.1016" accessLevel="Public">
         <annotation xsi:type="a:Annotation">
            <a:s r="11">
               <a:s>valueset &quot;Home Healthcare Services&quot;: 'urn:oid:2.16.840.1.113883.3.464.1003.101.12.1016'</a:s>
            </a:s>
         </annotation>
      </def>
      <def localId="12" locator="16:1-16:75" name="Office Visit" id="urn:oid:2.16.840.1.113883.3.464.1003.101.12.1001" accessLevel="Public">
         <annotation xsi:type="a:Annotation">
            <a:s r="12">
               <a:s>valueset &quot;Office Visit&quot;: 'urn:oid:2.16.840.1.113883.3.464.1003.101.12.1001'</a:s>
            </a:s>
         </annotation>
      </def>
      <def localId="13" locator="17:1-17:68" name="ONC Administrative Sex" id="urn:oid:2.16.840.1.113762.1.4.1" accessLevel="Public">
         <annotation xsi:type="a:Annotation">
            <a:s r="13">
               <a:s>valueset &quot;ONC Administrative Sex&quot;: 'urn:oid:2.16.840.1.113762.1.4.1'</a:s>
            </a:s>
         </annotation>
      </def>
      <def localId="14" locator="18:1-18:86" name="Outpatient Consultation" id="urn:oid:2.16.840.1.113883.3.464.1003.101.12.1008" accessLevel="Public">
         <annotation xsi:type="a:Annotation">
            <a:s r="14">
               <a:s>valueset &quot;Outpatient Consultation&quot;: 'urn:oid:2.16.840.1.113883.3.464.1003.101.12.1008'</a:s>
            </a:s>
         </annotation>
      </def>
      <def localId="15" locator="19:1-19:60" name="Payer Type" id="urn:oid:2.16.840.1.114222.4.11.3591" accessLevel="Public">
         <annotation xsi:type="a:Annotation">
            <a:s r="15">
               <a:s>valueset &quot;Payer Type&quot;: 'urn:oid:2.16.840.1.114222.4.11.3591'</a:s>
            </a:s>
         </annotation>
      </def>
      <def localId="16" locator="20:1-20:123" name="Preventive Care Services Established Office Visit, 18 and Up" id="urn:oid:2.16.840.1.113883.3.464.1003.101.12.1025" accessLevel="Public">
         <annotation xsi:type="a:Annotation">
            <a:s r="16">
               <a:s>valueset &quot;Preventive Care Services Established Office Visit, 18 and Up&quot;: 'urn:oid:2.16.840.1.113883.3.464.1003.101.12.1025'</a:s>
            </a:s>
         </annotation>
      </def>
      <def localId="17" locator="21:1-21:119" name="Preventive Care Services Initial Office Visit, 18 and Up" id="urn:oid:2.16.840.1.113883.3.464.1003.101.12.1023" accessLevel="Public">
         <annotation xsi:type="a:Annotation">
            <a:s r="17">
               <a:s>valueset &quot;Preventive Care Services Initial Office Visit, 18 and Up&quot;: 'urn:oid:2.16.840.1.113883.3.464.1003.101.12.1023'</a:s>
            </a:s>
         </annotation>
      </def>
      <def localId="18" locator="22:1-22:53" name="Race" id="urn:oid:2.16.840.1.114222.4.11.836" accessLevel="Public">
         <annotation xsi:type="a:Annotation">
            <a:s r="18">
               <a:s>valueset &quot;Race&quot;: 'urn:oid:2.16.840.1.114222.4.11.836'</a:s>
            </a:s>
         </annotation>
      </def>
      <def localId="19" locator="23:1-23:79" name="Telephone Visits" id="urn:oid:2.16.840.1.113883.3.464.1003.101.12.1080" accessLevel="Public">
         <annotation xsi:type="a:Annotation">
            <a:s r="19">
               <a:s>valueset &quot;Telephone Visits&quot;: 'urn:oid:2.16.840.1.113883.3.464.1003.101.12.1080'</a:s>
            </a:s>
         </annotation>
      </def>
      <def localId="20" locator="24:1-24:84" name="Urine Albumin Creatinine Ratio" id="urn:oid:2.16.840.1.113883.3.6929.3.1007" accessLevel="Public">
         <annotation xsi:type="a:Annotation">
            <a:s r="20">
               <a:s>valueset &quot;Urine Albumin Creatinine Ratio&quot;: 'urn:oid:2.16.840.1.113883.3.6929.3.1007'</a:s>
            </a:s>
         </annotation>
      </def>
   </valueSets>
   <contexts>
      <def locator="28:1-28:15" name="Patient"/>
   </contexts>
   <statements>
      <def locator="28:1-28:15" name="Patient" context="Patient">
         <expression xsi:type="SingletonFrom">
            <operand locator="28:1-28:15" xmlns:ns0="urn:healthit-gov:qdm:v5_6" dataType="ns0:Patient" templateId="Patient" xsi:type="Retrieve"/>
         </expression>
      </def>
      <def localId="25" locator="30:1-31:51" name="SDE Ethnicity" context="Patient" accessLevel="Public">
         <annotation xsi:type="a:Annotation">
            <a:s r="25">
               <a:s>define &quot;SDE Ethnicity&quot;:
  </a:s>
               <a:s r="24">
                  <a:s>[&quot;Patient Characteristic Ethnicity&quot;: </a:s>
                  <a:s>
                     <a:s>&quot;Ethnicity&quot;</a:s>
                  </a:s>
                  <a:s>]</a:s>
               </a:s>
            </a:s>
         </annotation>
         <expression localId="24" locator="31:3-31:51" xmlns:ns1="urn:healthit-gov:qdm:v5_6" dataType="ns1:PatientCharacteristicEthnicity" codeProperty="code" codeComparator="in" xsi:type="Retrieve">
            <codes locator="31:40-31:50" name="Ethnicity" preserve="true" xsi:type="ValueSetRef"/>
         </expression>
      </def>
      <def localId="27" locator="33:1-34:48" name="SDE Payer" context="Patient" accessLevel="Public">
         <annotation xsi:type="a:Annotation">
            <a:s r="27">
               <a:s>define &quot;SDE Payer&quot;:
  </a:s>
               <a:s r="26">
                  <a:s>[&quot;Patient Characteristic Payer&quot;: </a:s>
                  <a:s>
                     <a:s>&quot;Payer Type&quot;</a:s>
                  </a:s>
                  <a:s>]</a:s>
               </a:s>
            </a:s>
         </annotation>
         <expression localId="26" locator="34:3-34:48" xmlns:ns2="urn:healthit-gov:qdm:v5_6" dataType="ns2:PatientCharacteristicPayer" codeProperty="code" codeComparator="in" xsi:type="Retrieve">
            <codes locator="34:36-34:47" name="Payer Type" preserve="true" xsi:type="ValueSetRef"/>
         </expression>
      </def>
      <def localId="29" locator="36:1-37:41" name="SDE Race" context="Patient" accessLevel="Public">
         <annotation xsi:type="a:Annotation">
            <a:s r="29">
               <a:s>define &quot;SDE Race&quot;:
  </a:s>
               <a:s r="28">
                  <a:s>[&quot;Patient Characteristic Race&quot;: </a:s>
                  <a:s>
                     <a:s>&quot;Race&quot;</a:s>
                  </a:s>
                  <a:s>]</a:s>
               </a:s>
            </a:s>
         </annotation>
         <expression localId="28" locator="37:3-37:41" xmlns:ns3="urn:healthit-gov:qdm:v5_6" dataType="ns3:PatientCharacteristicRace" codeProperty="code" codeComparator="in" xsi:type="Retrieve">
            <codes locator="37:35-37:40" name="Race" preserve="true" xsi:type="ValueSetRef"/>
         </expression>
      </def>
      <def localId="31" locator="39:1-40:58" name="SDE Sex" context="Patient" accessLevel="Public">
         <annotation xsi:type="a:Annotation">
            <a:s r="31">
               <a:s>define &quot;SDE Sex&quot;:
  </a:s>
               <a:s r="30">
                  <a:s>[&quot;Patient Characteristic Sex&quot;: </a:s>
                  <a:s>
                     <a:s>&quot;ONC Administrative Sex&quot;</a:s>
                  </a:s>
                  <a:s>]</a:s>
               </a:s>
            </a:s>
         </annotation>
         <expression localId="30" locator="40:3-40:58" xmlns:ns4="urn:healthit-gov:qdm:v5_6" dataType="ns4:PatientCharacteristicSex" codeProperty="code" codeComparator="in" xsi:type="Retrieve">
            <codes locator="40:34-40:57" name="ONC Administrative Sex" preserve="true" xsi:type="ValueSetRef"/>
         </expression>
      </def>
      <def localId="48" locator="59:1-62:3" name="Has Active Diabetes at the start of the Measurement Period" context="Patient" accessLevel="Public">
         <annotation xsi:type="a:Annotation">
            <a:s r="48">
               <a:s>define &quot;Has Active Diabetes at the start of the Measurement Period&quot;:
  </a:s>
               <a:s r="47">
                  <a:s>exists </a:s>
                  <a:s r="46">
                     <a:s>( </a:s>
                     <a:s r="46">
                        <a:s>
                           <a:s r="41">
                              <a:s r="40">
                                 <a:s r="40">
                                    <a:s>[&quot;Diagnosis&quot;: </a:s>
                                    <a:s>
                                       <a:s>&quot;Diabetes&quot;</a:s>
                                    </a:s>
                                    <a:s>]</a:s>
                                 </a:s>
                              </a:s>
                              <a:s> Diabetes</a:s>
                           </a:s>
                        </a:s>
                        <a:s>
      </a:s>
                        <a:s r="45">
                           <a:s>where </a:s>
                           <a:s r="45">
                              <a:s r="43">
                                 <a:s r="42">
                                    <a:s>Diabetes</a:s>
                                 </a:s>
                                 <a:s>.</a:s>
                                 <a:s r="43">
                                    <a:s>prevalencePeriod</a:s>
                                 </a:s>
                              </a:s>
                              <a:s r="45"> overlaps before </a:s>
                              <a:s r="44">
                                 <a:s>&quot;Measurement Period&quot;</a:s>
                              </a:s>
                           </a:s>
                        </a:s>
                     </a:s>
                     <a:s>
  )</a:s>
                  </a:s>
               </a:s>
            </a:s>
         </annotation>
         <expression localId="47" locator="60:3-62:3" xsi:type="Exists">
            <operand localId="46" locator="60:10-62:3" xsi:type="Query">
               <source localId="41" locator="60:12-60:45" alias="Diabetes">
                  <expression localId="40" locator="60:12-60:36" xmlns:ns5="urn:healthit-gov:qdm:v5_6" dataType="ns5:Diagnosis" codeProperty="code" codeComparator="in" xsi:type="Retrieve">
                     <codes locator="60:26-60:35" name="Diabetes" preserve="true" xsi:type="ValueSetRef"/>
                  </expression>
               </source>
               <where localId="45" locator="61:7-61:74" xsi:type="OverlapsBefore">
                  <operand localId="43" locator="61:13-61:37" path="prevalencePeriod" scope="Diabetes" xsi:type="Property"/>
                  <operand localId="44" locator="61:55-61:74" name="Measurement Period" xsi:type="ParameterRef"/>
               </where>
            </operand>
         </expression>
      </def>
      <def localId="73" locator="45:1-54:3" name="Has Outpatient Visit During Measurement Period" context="Patient" accessLevel="Public">
         <annotation xsi:type="a:Annotation">
            <a:s r="73">
               <a:s>define &quot;Has Outpatient Visit During Measurement Period&quot;:
  </a:s>
               <a:s r="72">
                  <a:s>exists </a:s>
                  <a:s r="71">
                     <a:s>( </a:s>
                     <a:s r="71">
                        <a:s>
                           <a:s r="66">
                              <a:s r="65">
                                 <a:s>( </a:s>
                                 <a:s r="65">
                                    <a:s r="63">
                                       <a:s r="60">
                                          <a:s r="58">
                                             <a:s r="55">
                                                <a:s r="53">
                                                   <a:s r="51">
                                                      <a:s>[&quot;Encounter, Performed&quot;: </a:s>
                                                      <a:s>
                                                         <a:s>&quot;Annual Wellness Visit&quot;</a:s>
                                                      </a:s>
                                                      <a:s>]</a:s>
                                                   </a:s>
                                                   <a:s>
      union </a:s>
                                                   <a:s r="52">
                                                      <a:s>[&quot;Encounter, Performed&quot;: </a:s>
                                                      <a:s>
                                                         <a:s>&quot;Home Healthcare Services&quot;</a:s>
                                                      </a:s>
                                                      <a:s>]</a:s>
                                                   </a:s>
                                                </a:s>
                                                <a:s>
      union </a:s>
                                                <a:s r="54">
                                                   <a:s>[&quot;Encounter, Performed&quot;: </a:s>
                                                   <a:s>
                                                      <a:s>&quot;Office Visit&quot;</a:s>
                                                   </a:s>
                                                   <a:s>]</a:s>
                                                </a:s>
                                             </a:s>
                                             <a:s>
      union </a:s>
                                             <a:s r="56">
                                                <a:s>[&quot;Encounter, Performed&quot;: </a:s>
                                                <a:s>
                                                   <a:s>&quot;Outpatient Consultation&quot;</a:s>
                                                </a:s>
                                                <a:s>]</a:s>
                                             </a:s>
                                          </a:s>
                                          <a:s>
      union </a:s>
                                          <a:s r="59">
                                             <a:s>[&quot;Encounter, Performed&quot;: </a:s>
                                             <a:s>
                                                <a:s>&quot;Preventive Care Services Established Office Visit, 18 and Up&quot;</a:s>
                                             </a:s>
                                             <a:s>]</a:s>
                                          </a:s>
                                       </a:s>
                                       <a:s>
      union </a:s>
                                       <a:s r="61">
                                          <a:s>[&quot;Encounter, Performed&quot;: </a:s>
                                          <a:s>
                                             <a:s>&quot;Preventive Care Services Initial Office Visit, 18 and Up&quot;</a:s>
                                          </a:s>
                                          <a:s>]</a:s>
                                       </a:s>
                                    </a:s>
                                    <a:s>
      union </a:s>
                                    <a:s r="64">
                                       <a:s>[&quot;Encounter, Performed&quot;: </a:s>
                                       <a:s>
                                          <a:s>&quot;Telephone Visits&quot;</a:s>
                                       </a:s>
                                       <a:s>]</a:s>
                                    </a:s>
                                 </a:s>
                                 <a:s> )</a:s>
                              </a:s>
                              <a:s> ValidEncounter</a:s>
                           </a:s>
                        </a:s>
                        <a:s>
      </a:s>
                        <a:s r="70">
                           <a:s>where </a:s>
                           <a:s r="70">
                              <a:s r="68">
                                 <a:s r="67">
                                    <a:s>ValidEncounter</a:s>
                                 </a:s>
                                 <a:s>.</a:s>
                                 <a:s r="68">
                                    <a:s>relevantPeriod</a:s>
                                 </a:s>
                              </a:s>
                              <a:s r="70"> during </a:s>
                              <a:s r="69">
                                 <a:s>&quot;Measurement Period&quot;</a:s>
                              </a:s>
                           </a:s>
                        </a:s>
                     </a:s>
                     <a:s>
  )</a:s>
                  </a:s>
               </a:s>
            </a:s>
         </annotation>
         <expression localId="72" locator="46:3-54:3" xsi:type="Exists">
            <operand localId="71" locator="46:10-54:3" xsi:type="Query">
               <source localId="66" locator="46:12-52:73" alias="ValidEncounter">
                  <expression localId="65" locator="46:12-52:58" xsi:type="Union">
                     <operand localId="63" locator="46:14-51:96" xsi:type="Union">
                        <operand localId="58" locator="46:14-49:63" xsi:type="Union">
                           <operand localId="53" locator="46:14-47:64" xsi:type="Union">
                              <operand localId="51" locator="46:14-46:62" xmlns:ns6="urn:healthit-gov:qdm:v5_6" dataType="ns6:PositiveEncounterPerformed" templateId="PositiveEncounterPerformed" codeProperty="code" codeComparator="in" xsi:type="Retrieve">
                                 <codes locator="46:39-46:61" name="Annual Wellness Visit" preserve="true" xsi:type="ValueSetRef"/>
                              </operand>
                              <operand localId="52" locator="47:13-47:64" xmlns:ns7="urn:healthit-gov:qdm:v5_6" dataType="ns7:PositiveEncounterPerformed" templateId="PositiveEncounterPerformed" codeProperty="code" codeComparator="in" xsi:type="Retrieve">
                                 <codes locator="47:38-47:63" name="Home Healthcare Services" preserve="true" xsi:type="ValueSetRef"/>
                              </operand>
                           </operand>
                           <operand localId="57" xsi:type="Union">
                              <operand localId="54" locator="48:13-48:52" xmlns:ns8="urn:healthit-gov:qdm:v5_6" dataType="ns8:PositiveEncounterPerformed" templateId="PositiveEncounterPerformed" codeProperty="code" codeComparator="in" xsi:type="Retrieve">
                                 <codes locator="48:38-48:51" name="Office Visit" preserve="true" xsi:type="ValueSetRef"/>
                              </operand>
                              <operand localId="56" locator="49:13-49:63" xmlns:ns9="urn:healthit-gov:qdm:v5_6" dataType="ns9:PositiveEncounterPerformed" templateId="PositiveEncounterPerformed" codeProperty="code" codeComparator="in" xsi:type="Retrieve">
                                 <codes locator="49:38-49:62" name="Outpatient Consultation" preserve="true" xsi:type="ValueSetRef"/>
                              </operand>
                           </operand>
                        </operand>
                        <operand localId="62" xsi:type="Union">
                           <operand localId="59" locator="50:13-50:100" xmlns:ns10="urn:healthit-gov:qdm:v5_6" dataType="ns10:PositiveEncounterPerformed" templateId="PositiveEncounterPerformed" codeProperty="code" codeComparator="in" xsi:type="Retrieve">
                              <codes locator="50:38-50:99" name="Preventive Care Services Established Office Visit, 18 and Up" preserve="true" xsi:type="ValueSetRef"/>
                           </operand>
                           <operand localId="61" locator="51:13-51:96" xmlns:ns11="urn:healthit-gov:qdm:v5_6" dataType="ns11:PositiveEncounterPerformed" templateId="PositiveEncounterPerformed" codeProperty="code" codeComparator="in" xsi:type="Retrieve">
                              <codes locator="51:38-51:95" name="Preventive Care Services Initial Office Visit, 18 and Up" preserve="true" xsi:type="ValueSetRef"/>
                           </operand>
                        </operand>
                     </operand>
                     <operand localId="64" locator="52:13-52:56" xmlns:ns12="urn:healthit-gov:qdm:v5_6" dataType="ns12:PositiveEncounterPerformed" templateId="PositiveEncounterPerformed" codeProperty="code" codeComparator="in" xsi:type="Retrieve">
                        <codes locator="52:38-52:55" name="Telephone Visits" preserve="true" xsi:type="ValueSetRef"/>
                     </operand>
                  </expression>
               </source>
               <where localId="70" locator="53:7-53:69" xsi:type="IncludedIn">
                  <operand localId="68" locator="53:13-53:41" path="relevantPeriod" scope="ValidEncounter" xsi:type="Property"/>
                  <operand localId="69" locator="53:50-53:69" name="Measurement Period" xsi:type="ParameterRef"/>
               </where>
            </operand>
         </expression>
      </def>
      <def localId="76" locator="79:1-82:56" name="Initial Population" context="Patient" accessLevel="Public">
         <annotation xsi:type="a:Annotation">
            <a:s r="76">
               <a:s>define &quot;Initial Population&quot;:
  </a:s>
               <a:s r="75">
                  <a:s r="50">
                     <a:s r="39">
                        <a:s r="35">
                           <a:s>AgeInYearsAt(</a:s>
                           <a:s r="34">
                              <a:s>date from </a:s>
                              <a:s r="33">
                                 <a:s>start of </a:s>
                                 <a:s r="32">
                                    <a:s>&quot;Measurement Period&quot;</a:s>
                                 </a:s>
                              </a:s>
                           </a:s>
                           <a:s>)</a:s>
                        </a:s>
                        <a:s> in </a:s>
                        <a:s r="38">
                           <a:s r="36">Interval[18, 85]</a:s>
                        </a:s>
                     </a:s>
                     <a:s>
    and </a:s>
                     <a:s r="49">
                        <a:s>&quot;Has Active Diabetes at the start of the Measurement Period&quot;</a:s>
                     </a:s>
                  </a:s>
                  <a:s>
    and </a:s>
                  <a:s r="74">
                     <a:s>&quot;Has Outpatient Visit During Measurement Period&quot;</a:s>
                  </a:s>
               </a:s>
            </a:s>
         </annotation>
         <expression localId="75" locator="80:3-82:56" xsi:type="And">
            <operand localId="50" locator="80:3-81:68" xsi:type="And">
               <operand localId="39" locator="80:3-80:75" xsi:type="In">
                  <operand localId="35" locator="80:3-80:55" precision="Year" xsi:type="CalculateAgeAt">
                     <operand xsi:type="ToDate">
                        <operand path="birthDatetime" xsi:type="Property">
                           <source name="Patient" xsi:type="ExpressionRef"/>
                        </operand>
                     </operand>
                     <operand localId="34" locator="80:16-80:54" xsi:type="DateFrom">
                        <operand localId="33" locator="80:26-80:54" xsi:type="Start">
                           <operand localId="32" locator="80:35-80:54" name="Measurement Period" xsi:type="ParameterRef"/>
                        </operand>
                     </operand>
                  </operand>
                  <operand localId="38" locator="80:60-80:75" lowClosed="true" highClosed="true" xsi:type="Interval">
                     <low localId="36" locator="80:69-80:70" valueType="t:Integer" value="18" xsi:type="Literal"/>
                     <high localId="37" locator="80:73-80:74" valueType="t:Integer" value="85" xsi:type="Literal"/>
                  </operand>
               </operand>
               <operand localId="49" locator="81:9-81:68" name="Has Active Diabetes at the start of the Measurement Period" xsi:type="ExpressionRef"/>
            </operand>
            <operand localId="74" locator="82:9-82:56" name="Has Outpatient Visit During Measurement Period" xsi:type="ExpressionRef"/>
         </expression>
      </def>
      <def localId="78" locator="42:1-43:22" name="Denominator" context="Patient" accessLevel="Public">
         <annotation xsi:type="a:Annotation">
            <a:s r="78">
               <a:s>define &quot;Denominator&quot;:
  </a:s>
               <a:s r="77">
                  <a:s>&quot;Initial Population&quot;</a:s>
               </a:s>
            </a:s>
         </annotation>
         <expression localId="77" locator="43:3-43:22" name="Initial Population" xsi:type="ExpressionRef"/>
      </def>
      <def localId="112" locator="69:1-77:5" name="Has Kidney Panel Performed During Measurement Period" context="Patient" accessLevel="Public">
         <annotation xsi:type="a:Annotation">
            <a:s r="112">
               <a:s>define &quot;Has Kidney Panel Performed During Measurement Period&quot;:
  </a:s>
               <a:s r="111">
                  <a:s r="94">
                     <a:s>exists </a:s>
                     <a:s r="93">
                        <a:s>( </a:s>
                        <a:s r="93">
                           <a:s>
                              <a:s r="80">
                                 <a:s r="79">
                                    <a:s r="79">
                                       <a:s>[&quot;Laboratory Test, Performed&quot;: </a:s>
                                       <a:s>
                                          <a:s>&quot;Estimated Glomerular Filtration Rate&quot;</a:s>
                                       </a:s>
                                       <a:s>]</a:s>
                                    </a:s>
                                 </a:s>
                                 <a:s> eGFRTest</a:s>
                              </a:s>
                           </a:s>
                           <a:s>
      </a:s>
                           <a:s r="92">
                              <a:s>where </a:s>
                              <a:s r="92">
                                 <a:s r="88">
                                    <a:s r="86">
                                       <a:s r="81">
                                          <a:s>Global</a:s>
                                       </a:s>
                                       <a:s>.</a:s>
                                       <a:s r="86">
                                          <a:s>&quot;NormalizeInterval&quot; ( </a:s>
                                          <a:s r="83">
                                             <a:s r="82">
                                                <a:s>eGFRTest</a:s>
                                             </a:s>
                                             <a:s>.</a:s>
                                             <a:s r="83">
                                                <a:s>relevantDatetime</a:s>
                                             </a:s>
                                          </a:s>
                                          <a:s>, </a:s>
                                          <a:s r="85">
                                             <a:s r="84">
                                                <a:s>eGFRTest</a:s>
                                             </a:s>
                                             <a:s>.</a:s>
                                             <a:s r="85">
                                                <a:s>relevantPeriod</a:s>
                                             </a:s>
                                          </a:s>
                                          <a:s> )</a:s>
                                       </a:s>
                                    </a:s>
                                    <a:s r="88"> during day of </a:s>
                                    <a:s r="87">
                                       <a:s>&quot;Measurement Period&quot;</a:s>
                                    </a:s>
                                 </a:s>
                                 <a:s>
        and </a:s>
                                 <a:s r="91">
                                    <a:s r="90">
                                       <a:s r="89">
                                          <a:s>eGFRTest</a:s>
                                       </a:s>
                                       <a:s>.</a:s>
                                       <a:s r="90">
                                          <a:s>result</a:s>
                                       </a:s>
                                    </a:s>
                                    <a:s> is not null</a:s>
                                 </a:s>
                              </a:s>
                           </a:s>
                        </a:s>
                        <a:s>
  )</a:s>
                     </a:s>
                  </a:s>
                  <a:s>
    and </a:s>
                  <a:s r="110">
                     <a:s>exists </a:s>
                     <a:s r="109">
                        <a:s>( </a:s>
                        <a:s r="109">
                           <a:s>
                              <a:s r="96">
                                 <a:s r="95">
                                    <a:s r="95">
                                       <a:s>[&quot;Laboratory Test, Performed&quot;: </a:s>
                                       <a:s>
                                          <a:s>&quot;Urine Albumin Creatinine Ratio&quot;</a:s>
                                       </a:s>
                                       <a:s>]</a:s>
                                    </a:s>
                                 </a:s>
                                 <a:s> uACRTest</a:s>
                              </a:s>
                           </a:s>
                           <a:s>
        </a:s>
                           <a:s r="108">
                              <a:s>where </a:s>
                              <a:s r="108">
                                 <a:s r="104">
                                    <a:s r="102">
                                       <a:s r="97">
                                          <a:s>Global</a:s>
                                       </a:s>
                                       <a:s>.</a:s>
                                       <a:s r="102">
                                          <a:s>&quot;NormalizeInterval&quot; ( </a:s>
                                          <a:s r="99">
                                             <a:s r="98">
                                                <a:s>uACRTest</a:s>
                                             </a:s>
                                             <a:s>.</a:s>
                                             <a:s r="99">
                                                <a:s>relevantDatetime</a:s>
                                             </a:s>
                                          </a:s>
                                          <a:s>, </a:s>
                                          <a:s r="101">
                                             <a:s r="100">
                                                <a:s>uACRTest</a:s>
                                             </a:s>
                                             <a:s>.</a:s>
                                             <a:s r="101">
                                                <a:s>relevantPeriod</a:s>
                                             </a:s>
                                          </a:s>
                                          <a:s> )</a:s>
                                       </a:s>
                                    </a:s>
                                    <a:s r="104"> during day of </a:s>
                                    <a:s r="103">
                                       <a:s>&quot;Measurement Period&quot;</a:s>
                                    </a:s>
                                 </a:s>
                                 <a:s>
          and </a:s>
                                 <a:s r="107">
                                    <a:s r="106">
                                       <a:s r="105">
                                          <a:s>uACRTest</a:s>
                                       </a:s>
                                       <a:s>.</a:s>
                                       <a:s r="106">
                                          <a:s>result</a:s>
                                       </a:s>
                                    </a:s>
                                    <a:s> is not null</a:s>
                                 </a:s>
                              </a:s>
                           </a:s>
                        </a:s>
                        <a:s>
    )</a:s>
                     </a:s>
                  </a:s>
               </a:s>
            </a:s>
         </annotation>
         <expression localId="111" locator="70:3-77:5" xsi:type="And">
            <operand localId="94" locator="70:3-73:3" xsi:type="Exists">
               <operand localId="93" locator="70:10-73:3" xsi:type="Query">
                  <source localId="80" locator="70:12-70:90" alias="eGFRTest">
                     <expression localId="79" locator="70:12-70:81" xmlns:ns13="urn:healthit-gov:qdm:v5_6" dataType="ns13:PositiveLaboratoryTestPerformed" templateId="PositiveLaboratoryTestPerformed" codeProperty="code" codeComparator="in" xsi:type="Retrieve">
                        <codes locator="70:43-70:80" name="Estimated Glomerular Filtration Rate" preserve="true" xsi:type="ValueSetRef"/>
                     </expression>
                  </source>
                  <where localId="92" locator="71:7-72:39" xsi:type="And">
                     <operand localId="88" locator="71:13-71:128" precision="Day" xsi:type="IncludedIn">
                        <operand localId="86" locator="71:13-71:93" name="NormalizeInterval" libraryName="Global" xsi:type="FunctionRef">
                           <operand localId="83" locator="71:42-71:66" path="relevantDatetime" scope="eGFRTest" xsi:type="Property"/>
                           <operand localId="85" locator="71:69-71:91" path="relevantPeriod" scope="eGFRTest" xsi:type="Property"/>
                        </operand>
                        <operand localId="87" locator="71:109-71:128" name="Measurement Period" xsi:type="ParameterRef"/>
                     </operand>
                     <operand localId="91" locator="72:13-72:39" xsi:type="Not">
                        <operand locator="72:13-72:39" xsi:type="IsNull">
                           <operand localId="90" locator="72:13-72:27" path="result" scope="eGFRTest" xsi:type="Property"/>
                        </operand>
                     </operand>
                  </where>
               </operand>
            </operand>
            <operand localId="110" locator="74:9-77:5" xsi:type="Exists">
               <operand localId="109" locator="74:16-77:5" xsi:type="Query">
                  <source localId="96" locator="74:18-74:90" alias="uACRTest">
                     <expression localId="95" locator="74:18-74:81" xmlns:ns14="urn:healthit-gov:qdm:v5_6" dataType="ns14:PositiveLaboratoryTestPerformed" templateId="PositiveLaboratoryTestPerformed" codeProperty="code" codeComparator="in" xsi:type="Retrieve">
                        <codes locator="74:49-74:80" name="Urine Albumin Creatinine Ratio" preserve="true" xsi:type="ValueSetRef"/>
                     </expression>
                  </source>
                  <where localId="108" locator="75:9-76:41" xsi:type="And">
                     <operand localId="104" locator="75:15-75:130" precision="Day" xsi:type="IncludedIn">
                        <operand localId="102" locator="75:15-75:95" name="NormalizeInterval" libraryName="Global" xsi:type="FunctionRef">
                           <operand localId="99" locator="75:44-75:68" path="relevantDatetime" scope="uACRTest" xsi:type="Property"/>
                           <operand localId="101" locator="75:71-75:93" path="relevantPeriod" scope="uACRTest" xsi:type="Property"/>
                        </operand>
                        <operand localId="103" locator="75:111-75:130" name="Measurement Period" xsi:type="ParameterRef"/>
                     </operand>
                     <operand localId="107" locator="76:15-76:41" xsi:type="Not">
                        <operand locator="76:15-76:41" xsi:type="IsNull">
                           <operand localId="106" locator="76:15-76:29" path="result" scope="uACRTest" xsi:type="Property"/>
                        </operand>
                     </operand>
                  </where>
               </operand>
            </operand>
         </expression>
      </def>
      <def localId="114" locator="56:1-57:56" name="Numerator" context="Patient" accessLevel="Public">
         <annotation xsi:type="a:Annotation">
            <a:s r="114">
               <a:s>define &quot;Numerator&quot;:
  </a:s>
               <a:s r="113">
                  <a:s>&quot;Has Kidney Panel Performed During Measurement Period&quot;</a:s>
               </a:s>
            </a:s>
         </annotation>
         <expression localId="113" locator="57:3-57:56" name="Has Kidney Panel Performed During Measurement Period" xsi:type="ExpressionRef"/>
      </def>
      <def localId="124" locator="84:1-87:73" name="Has CKD Stage 5 or ESRD Diagnosis Overlaps Measurement Period" context="Patient" accessLevel="Public">
         <annotation xsi:type="a:Annotation">
            <a:s r="124">
               <a:s>define &quot;Has CKD Stage 5 or ESRD Diagnosis Overlaps Measurement Period&quot;:
  </a:s>
               <a:s r="123">
                  <a:s>
                     <a:s r="118">
                        <a:s r="117">
                           <a:s>( </a:s>
                           <a:s r="117">
                              <a:s r="115">
                                 <a:s>[&quot;Diagnosis&quot;: </a:s>
                                 <a:s>
                                    <a:s>&quot;Chronic Kidney Disease, Stage 5&quot;</a:s>
                                 </a:s>
                                 <a:s>]</a:s>
                              </a:s>
                              <a:s>
    union </a:s>
                              <a:s r="116">
                                 <a:s>[&quot;Diagnosis&quot;: </a:s>
                                 <a:s>
                                    <a:s>&quot;End Stage Renal Disease&quot;</a:s>
                                 </a:s>
                                 <a:s>]</a:s>
                              </a:s>
                           </a:s>
                           <a:s> )</a:s>
                        </a:s>
                        <a:s> CKDOrESRD</a:s>
                     </a:s>
                  </a:s>
                  <a:s>
    </a:s>
                  <a:s r="122">
                     <a:s>where </a:s>
                     <a:s r="122">
                        <a:s r="120">
                           <a:s r="119">
                              <a:s>CKDOrESRD</a:s>
                           </a:s>
                           <a:s>.</a:s>
                           <a:s r="120">
                              <a:s>prevalencePeriod</a:s>
                           </a:s>
                        </a:s>
                        <a:s r="122"> overlaps day of </a:s>
                        <a:s r="121">
                           <a:s>&quot;Measurement Period&quot;</a:s>
                        </a:s>
                     </a:s>
                  </a:s>
               </a:s>
            </a:s>
         </annotation>
         <expression localId="123" locator="85:3-87:73" xsi:type="Query">
            <source localId="118" locator="85:3-86:62" alias="CKDOrESRD">
               <expression localId="117" locator="85:3-86:52" xsi:type="Union">
                  <operand localId="115" locator="85:5-85:52" xmlns:ns15="urn:healthit-gov:qdm:v5_6" dataType="ns15:Diagnosis" codeProperty="code" codeComparator="in" xsi:type="Retrieve">
                     <codes locator="85:19-85:51" name="Chronic Kidney Disease, Stage 5" preserve="true" xsi:type="ValueSetRef"/>
                  </operand>
                  <operand localId="116" locator="86:11-86:50" xmlns:ns16="urn:healthit-gov:qdm:v5_6" dataType="ns16:Diagnosis" codeProperty="code" codeComparator="in" xsi:type="Retrieve">
                     <codes locator="86:25-86:49" name="End Stage Renal Disease" preserve="true" xsi:type="ValueSetRef"/>
                  </operand>
               </expression>
            </source>
            <where localId="122" locator="87:5-87:73" precision="Day" xsi:type="Overlaps">
               <operand localId="120" locator="87:11-87:36" path="prevalencePeriod" scope="CKDOrESRD" xsi:type="Property"/>
               <operand localId="121" locator="87:54-87:73" name="Measurement Period" xsi:type="ParameterRef"/>
            </where>
         </expression>
      </def>
      <def localId="133" locator="64:1-67:69" name="Denominator Exclusions" context="Patient" accessLevel="Public">
         <annotation xsi:type="a:Annotation">
            <a:s r="133">
               <a:s>define &quot;Denominator Exclusions&quot;:
  </a:s>
               <a:s r="132">
                  <a:s r="129">
                     <a:s r="126">
                        <a:s>exists </a:s>
                        <a:s r="125">
                           <a:s>&quot;Has CKD Stage 5 or ESRD Diagnosis Overlaps Measurement Period&quot;</a:s>
                        </a:s>
                     </a:s>
                     <a:s>
    or </a:s>
                     <a:s r="128">
                        <a:s r="127">
                           <a:s>Hospice</a:s>
                        </a:s>
                        <a:s>.</a:s>
                        <a:s r="128">
                           <a:s>&quot;Has Hospice Services&quot;</a:s>
                        </a:s>
                     </a:s>
                  </a:s>
                  <a:s>
    or </a:s>
                  <a:s r="131">
                     <a:s r="130">
                        <a:s>PalliativeCare</a:s>
                     </a:s>
                     <a:s>.</a:s>
                     <a:s r="131">
                        <a:s>&quot;Has Palliative Care in the Measurement Period&quot;</a:s>
                     </a:s>
                  </a:s>
               </a:s>
            </a:s>
         </annotation>
         <expression localId="132" locator="65:3-67:69" xsi:type="Or">
            <operand localId="129" locator="65:3-66:37" xsi:type="Or">
               <operand localId="126" locator="65:3-65:72" xsi:type="Exists">
                  <operand localId="125" locator="65:10-65:72" name="Has CKD Stage 5 or ESRD Diagnosis Overlaps Measurement Period" xsi:type="ExpressionRef"/>
               </operand>
               <operand localId="128" locator="66:8-66:37" name="Has Hospice Services" libraryName="Hospice" xsi:type="ExpressionRef"/>
            </operand>
            <operand localId="131" locator="67:8-67:69" name="Has Palliative Care in the Measurement Period" libraryName="PalliativeCare" xsi:type="ExpressionRef"/>
         </expression>
      </def>
   </statements>
</library>
