{
   "library" : {
      "annotation" : [ {
         "translatorOptions" : "EnableAnnotations,EnableLocators,DisableListDemotion,DisableListPromotion,DisableMethodInvocation",
         "type" : "CqlToElmInfo"
      }, {
         "type" : "Annotation",
         "s" : {
            "r" : "84",
            "s" : [ {
               "value" : [ "","library DiabetesEyeExam version '13.0.000'" ]
            } ]
         }
      } ],
      "identifier" : {
         "id" : "DiabetesEyeExam",
         "version" : "13.0.000"
      },
      "schemaIdentifier" : {
         "id" : "urn:hl7-org:elm",
         "version" : "r1"
      },
      "usings" : {
         "def" : [ {
            "localIdentifier" : "System",
            "uri" : "urn:hl7-org:elm-types:r1"
         }, {
            "localId" : "1",
            "locator" : "3:1-3:23",
            "localIdentifier" : "QDM",
            "uri" : "urn:healthit-gov:qdm:v5_6",
            "version" : "5.6",
            "annotation" : [ {
               "type" : "Annotation",
               "s" : {
                  "r" : "1",
                  "s" : [ {
                     "value" : [ "","using " ]
                  }, {
                     "s" : [ {
                        "value" : [ "QDM" ]
                     } ]
                  }, {
                     "value" : [ " version ","'5.6'" ]
                  } ]
               }
            } ]
         } ]
      },
      "includes" : {
         "def" : [ {
            "localId" : "2",
            "locator" : "5:1-5:67",
            "localIdentifier" : "Global",
            "path" : "MATGlobalCommonFunctionsQDM",
            "version" : "8.0.000",
            "annotation" : [ {
               "type" : "Annotation",
               "s" : {
                  "r" : "2",
                  "s" : [ {
                     "value" : [ "","include " ]
                  }, {
                     "s" : [ {
                        "value" : [ "MATGlobalCommonFunctionsQDM" ]
                     } ]
                  }, {
                     "value" : [ " version ","'8.0.000'"," called ","Global" ]
                  } ]
               }
            } ]
         }, {
            "localId" : "3",
            "locator" : "6:1-6:51",
            "localIdentifier" : "Hospice",
            "path" : "HospiceQDM",
            "version" : "6.0.000",
            "annotation" : [ {
               "type" : "Annotation",
               "s" : {
                  "r" : "3",
                  "s" : [ {
                     "value" : [ "","include " ]
                  }, {
                     "s" : [ {
                        "value" : [ "HospiceQDM" ]
                     } ]
                  }, {
                     "value" : [ " version ","'6.0.000'"," called ","Hospice" ]
                  } ]
               }
            } ]
         }, {
            "localId" : "4",
            "locator" : "7:1-7:65",
            "localIdentifier" : "PalliativeCare",
            "path" : "PalliativeCareQDM",
            "version" : "4.0.000",
            "annotation" : [ {
               "type" : "Annotation",
               "s" : {
                  "r" : "4",
                  "s" : [ {
                     "value" : [ "","include " ]
                  }, {
                     "s" : [ {
                        "value" : [ "PalliativeCareQDM" ]
                     } ]
                  }, {
                     "value" : [ " version ","'4.0.000'"," called ","PalliativeCare" ]
                  } ]
               }
            } ]
         }, {
            "localId" : "5",
            "locator" : "8:1-8:73",
            "localIdentifier" : "AIFrailLTCF",
            "path" : "AdvancedIllnessandFrailtyQDM",
            "version" : "9.0.000",
            "annotation" : [ {
               "type" : "Annotation",
               "s" : {
                  "r" : "5",
                  "s" : [ {
                     "value" : [ "","include " ]
                  }, {
                     "s" : [ {
                        "value" : [ "AdvancedIllnessandFrailtyQDM" ]
                     } ]
                  }, {
                     "value" : [ " version ","'9.0.000'"," called ","AIFrailLTCF" ]
                  } ]
               }
            } ]
         } ]
      },
      "parameters" : {
         "def" : [ {
            "localId" : "22",
            "locator" : "25:1-25:49",
            "name" : "Measurement Period",
            "accessLevel" : "Public",
            "annotation" : [ {
               "type" : "Annotation",
               "s" : {
                  "r" : "22",
                  "s" : [ {
                     "value" : [ "","parameter ","\"Measurement Period\""," " ]
                  }, {
                     "r" : "21",
                     "s" : [ {
                        "value" : [ "Interval<" ]
                     }, {
                        "r" : "20",
                        "s" : [ {
                           "value" : [ "DateTime" ]
                        } ]
                     }, {
                        "value" : [ ">" ]
                     } ]
                  } ]
               }
            } ],
            "parameterTypeSpecifier" : {
               "localId" : "21",
               "locator" : "25:32-25:49",
               "type" : "IntervalTypeSpecifier",
               "pointType" : {
                  "localId" : "20",
                  "locator" : "25:41-25:48",
                  "name" : "{urn:hl7-org:elm-types:r1}DateTime",
                  "type" : "NamedTypeSpecifier"
               }
            }
         } ]
      },
      "valueSets" : {
         "def" : [ {
            "localId" : "6",
            "locator" : "10:1-10:74",
            "name" : "Annual Wellness Visit",
            "id" : "urn:oid:2.16.840.1.113883.3.526.3.1240",
            "accessLevel" : "Public",
            "annotation" : [ {
               "type" : "Annotation",
               "s" : {
                  "r" : "6",
                  "s" : [ {
                     "value" : [ "","valueset ","\"Annual Wellness Visit\"",": ","'urn:oid:2.16.840.1.113883.3.526.3.1240'" ]
                  } ]
               }
            } ]
         }, {
            "localId" : "7",
            "locator" : "11:1-11:71",
            "name" : "Diabetes",
            "id" : "urn:oid:2.16.840.1.113883.3.464.1003.103.12.1001",
            "accessLevel" : "Public",
            "annotation" : [ {
               "type" : "Annotation",
               "s" : {
                  "r" : "7",
                  "s" : [ {
                     "value" : [ "","valueset ","\"Diabetes\"",": ","'urn:oid:2.16.840.1.113883.3.464.1003.103.12.1001'" ]
                  } ]
               }
            } ]
         }, {
            "localId" : "8",
            "locator" : "12:1-12:72",
            "name" : "Diabetic Retinopathy",
            "id" : "urn:oid:2.16.840.1.113883.3.526.3.327",
            "accessLevel" : "Public",
            "annotation" : [ {
               "type" : "Annotation",
               "s" : {
                  "r" : "8",
                  "s" : [ {
                     "value" : [ "","valueset ","\"Diabetic Retinopathy\"",": ","'urn:oid:2.16.840.1.113883.3.526.3.327'" ]
                  } ]
               }
            } ]
         }, {
            "localId" : "9",
            "locator" : "13:1-13:58",
            "name" : "Ethnicity",
            "id" : "urn:oid:2.16.840.1.114222.4.11.837",
            "accessLevel" : "Public",
            "annotation" : [ {
               "type" : "Annotation",
               "s" : {
                  "r" : "9",
                  "s" : [ {
                     "value" : [ "","valueset ","\"Ethnicity\"",": ","'urn:oid:2.16.840.1.114222.4.11.837'" ]
                  } ]
               }
            } ]
         }, {
            "localId" : "10",
            "locator" : "14:1-14:87",
            "name" : "Home Healthcare Services",
            "id" : "urn:oid:2.16.840.1.113883.3.464.1003.101.12.1016",
            "accessLevel" : "Public",
            "annotation" : [ {
               "type" : "Annotation",
               "s" : {
                  "r" : "10",
                  "s" : [ {
                     "value" : [ "","valueset ","\"Home Healthcare Services\"",": ","'urn:oid:2.16.840.1.113883.3.464.1003.101.12.1016'" ]
                  } ]
               }
            } ]
         }, {
            "localId" : "11",
            "locator" : "15:1-15:75",
            "name" : "Office Visit",
            "id" : "urn:oid:2.16.840.1.113883.3.464.1003.101.12.1001",
            "accessLevel" : "Public",
            "annotation" : [ {
               "type" : "Annotation",
               "s" : {
                  "r" : "11",
                  "s" : [ {
                     "value" : [ "","valueset ","\"Office Visit\"",": ","'urn:oid:2.16.840.1.113883.3.464.1003.101.12.1001'" ]
                  } ]
               }
            } ]
         }, {
            "localId" : "12",
            "locator" : "16:1-16:68",
            "name" : "ONC Administrative Sex",
            "id" : "urn:oid:2.16.840.1.113762.1.4.1",
            "accessLevel" : "Public",
            "annotation" : [ {
               "type" : "Annotation",
               "s" : {
                  "r" : "12",
                  "s" : [ {
                     "value" : [ "","valueset ","\"ONC Administrative Sex\"",": ","'urn:oid:2.16.840.1.113762.1.4.1'" ]
                  } ]
               }
            } ]
         }, {
            "localId" : "13",
            "locator" : "17:1-17:78",
            "name" : "Ophthalmological Services",
            "id" : "urn:oid:2.16.840.1.113883.3.526.3.1285",
            "accessLevel" : "Public",
            "annotation" : [ {
               "type" : "Annotation",
               "s" : {
                  "r" : "13",
                  "s" : [ {
                     "value" : [ "","valueset ","\"Ophthalmological Services\"",": ","'urn:oid:2.16.840.1.113883.3.526.3.1285'" ]
                  } ]
               }
            } ]
         }, {
            "localId" : "14",
            "locator" : "18:1-18:60",
            "name" : "Payer Type",
            "id" : "urn:oid:2.16.840.1.114222.4.11.3591",
            "accessLevel" : "Public",
            "annotation" : [ {
               "type" : "Annotation",
               "s" : {
                  "r" : "14",
                  "s" : [ {
                     "value" : [ "","valueset ","\"Payer Type\"",": ","'urn:oid:2.16.840.1.114222.4.11.3591'" ]
                  } ]
               }
            } ]
         }, {
            "localId" : "15",
            "locator" : "19:1-19:123",
            "name" : "Preventive Care Services Established Office Visit, 18 and Up",
            "id" : "urn:oid:2.16.840.1.113883.3.464.1003.101.12.1025",
            "accessLevel" : "Public",
            "annotation" : [ {
               "type" : "Annotation",
               "s" : {
                  "r" : "15",
                  "s" : [ {
                     "value" : [ "","valueset ","\"Preventive Care Services Established Office Visit, 18 and Up\"",": ","'urn:oid:2.16.840.1.113883.3.464.1003.101.12.1025'" ]
                  } ]
               }
            } ]
         }, {
            "localId" : "16",
            "locator" : "20:1-20:119",
            "name" : "Preventive Care Services Initial Office Visit, 18 and Up",
            "id" : "urn:oid:2.16.840.1.113883.3.464.1003.101.12.1023",
            "accessLevel" : "Public",
            "annotation" : [ {
               "type" : "Annotation",
               "s" : {
                  "r" : "16",
                  "s" : [ {
                     "value" : [ "","valueset ","\"Preventive Care Services Initial Office Visit, 18 and Up\"",": ","'urn:oid:2.16.840.1.113883.3.464.1003.101.12.1023'" ]
                  } ]
               }
            } ]
         }, {
            "localId" : "17",
            "locator" : "21:1-21:53",
            "name" : "Race",
            "id" : "urn:oid:2.16.840.1.114222.4.11.836",
            "accessLevel" : "Public",
            "annotation" : [ {
               "type" : "Annotation",
               "s" : {
                  "r" : "17",
                  "s" : [ {
                     "value" : [ "","valueset ","\"Race\"",": ","'urn:oid:2.16.840.1.114222.4.11.836'" ]
                  } ]
               }
            } ]
         }, {
            "localId" : "18",
            "locator" : "22:1-22:90",
            "name" : "Retinal or Dilated Eye Exam",
            "id" : "urn:oid:2.16.840.1.113883.3.464.1003.115.12.1088",
            "accessLevel" : "Public",
            "annotation" : [ {
               "type" : "Annotation",
               "s" : {
                  "r" : "18",
                  "s" : [ {
                     "value" : [ "","valueset ","\"Retinal or Dilated Eye Exam\"",": ","'urn:oid:2.16.840.1.113883.3.464.1003.115.12.1088'" ]
                  } ]
               }
            } ]
         }, {
            "localId" : "19",
            "locator" : "23:1-23:79",
            "name" : "Telephone Visits",
            "id" : "urn:oid:2.16.840.1.113883.3.464.1003.101.12.1080",
            "accessLevel" : "Public",
            "annotation" : [ {
               "type" : "Annotation",
               "s" : {
                  "r" : "19",
                  "s" : [ {
                     "value" : [ "","valueset ","\"Telephone Visits\"",": ","'urn:oid:2.16.840.1.113883.3.464.1003.101.12.1080'" ]
                  } ]
               }
            } ]
         } ]
      },
      "contexts" : {
         "def" : [ {
            "locator" : "27:1-27:15",
            "name" : "Patient"
         } ]
      },
      "statements" : {
         "def" : [ {
            "locator" : "27:1-27:15",
            "name" : "Patient",
            "context" : "Patient",
            "expression" : {
               "type" : "SingletonFrom",
               "operand" : {
                  "locator" : "27:1-27:15",
                  "dataType" : "{urn:healthit-gov:qdm:v5_6}Patient",
                  "templateId" : "Patient",
                  "type" : "Retrieve"
               }
            }
         }, {
            "localId" : "24",
            "locator" : "29:1-30:51",
            "name" : "SDE Ethnicity",
            "context" : "Patient",
            "accessLevel" : "Public",
            "annotation" : [ {
               "type" : "Annotation",
               "s" : {
                  "r" : "24",
                  "s" : [ {
                     "value" : [ "","define ","\"SDE Ethnicity\"",":\n  " ]
                  }, {
                     "r" : "23",
                     "s" : [ {
                        "value" : [ "[","\"Patient Characteristic Ethnicity\"",": " ]
                     }, {
                        "s" : [ {
                           "value" : [ "\"Ethnicity\"" ]
                        } ]
                     }, {
                        "value" : [ "]" ]
                     } ]
                  } ]
               }
            } ],
            "expression" : {
               "localId" : "23",
               "locator" : "30:3-30:51",
               "dataType" : "{urn:healthit-gov:qdm:v5_6}PatientCharacteristicEthnicity",
               "codeProperty" : "code",
               "codeComparator" : "in",
               "type" : "Retrieve",
               "codes" : {
                  "locator" : "30:40-30:50",
                  "name" : "Ethnicity",
                  "preserve" : true,
                  "type" : "ValueSetRef"
               }
            }
         }, {
            "localId" : "26",
            "locator" : "32:1-33:48",
            "name" : "SDE Payer",
            "context" : "Patient",
            "accessLevel" : "Public",
            "annotation" : [ {
               "type" : "Annotation",
               "s" : {
                  "r" : "26",
                  "s" : [ {
                     "value" : [ "","define ","\"SDE Payer\"",":\n  " ]
                  }, {
                     "r" : "25",
                     "s" : [ {
                        "value" : [ "[","\"Patient Characteristic Payer\"",": " ]
                     }, {
                        "s" : [ {
                           "value" : [ "\"Payer Type\"" ]
                        } ]
                     }, {
                        "value" : [ "]" ]
                     } ]
                  } ]
               }
            } ],
            "expression" : {
               "localId" : "25",
               "locator" : "33:3-33:48",
               "dataType" : "{urn:healthit-gov:qdm:v5_6}PatientCharacteristicPayer",
               "codeProperty" : "code",
               "codeComparator" : "in",
               "type" : "Retrieve",
               "codes" : {
                  "locator" : "33:36-33:47",
                  "name" : "Payer Type",
                  "preserve" : true,
                  "type" : "ValueSetRef"
               }
            }
         }, {
            "localId" : "28",
            "locator" : "35:1-36:41",
            "name" : "SDE Race",
            "context" : "Patient",
            "accessLevel" : "Public",
            "annotation" : [ {
               "type" : "Annotation",
               "s" : {
                  "r" : "28",
                  "s" : [ {
                     "value" : [ "","define ","\"SDE Race\"",":\n  " ]
                  }, {
                     "r" : "27",
                     "s" : [ {
                        "value" : [ "[","\"Patient Characteristic Race\"",": " ]
                     }, {
                        "s" : [ {
                           "value" : [ "\"Race\"" ]
                        } ]
                     }, {
                        "value" : [ "]" ]
                     } ]
                  } ]
               }
            } ],
            "expression" : {
               "localId" : "27",
               "locator" : "36:3-36:41",
               "dataType" : "{urn:healthit-gov:qdm:v5_6}PatientCharacteristicRace",
               "codeProperty" : "code",
               "codeComparator" : "in",
               "type" : "Retrieve",
               "codes" : {
                  "locator" : "36:35-36:40",
                  "name" : "Race",
                  "preserve" : true,
                  "type" : "ValueSetRef"
               }
            }
         }, {
            "localId" : "30",
            "locator" : "38:1-39:58",
            "name" : "SDE Sex",
            "context" : "Patient",
            "accessLevel" : "Public",
            "annotation" : [ {
               "type" : "Annotation",
               "s" : {
                  "r" : "30",
                  "s" : [ {
                     "value" : [ "","define ","\"SDE Sex\"",":\n  " ]
                  }, {
                     "r" : "29",
                     "s" : [ {
                        "value" : [ "[","\"Patient Characteristic Sex\"",": " ]
                     }, {
                        "s" : [ {
                           "value" : [ "\"ONC Administrative Sex\"" ]
                        } ]
                     }, {
                        "value" : [ "]" ]
                     } ]
                  } ]
               }
            } ],
            "expression" : {
               "localId" : "29",
               "locator" : "39:3-39:58",
               "dataType" : "{urn:healthit-gov:qdm:v5_6}PatientCharacteristicSex",
               "codeProperty" : "code",
               "codeComparator" : "in",
               "type" : "Retrieve",
               "codes" : {
                  "locator" : "39:34-39:57",
                  "name" : "ONC Administrative Sex",
                  "preserve" : true,
                  "type" : "ValueSetRef"
               }
            }
         }, {
            "localId" : "60",
            "locator" : "56:1-64:75",
            "name" : "Qualifying Encounters",
            "context" : "Patient",
            "accessLevel" : "Public",
            "annotation" : [ {
               "type" : "Annotation",
               "s" : {
                  "r" : "60",
                  "s" : [ {
                     "value" : [ "","define ","\"Qualifying Encounters\"",":\n  " ]
                  }, {
                     "r" : "59",
                     "s" : [ {
                        "s" : [ {
                           "r" : "54",
                           "s" : [ {
                              "r" : "53",
                              "s" : [ {
                                 "value" : [ "( " ]
                              }, {
                                 "r" : "53",
                                 "s" : [ {
                                    "r" : "51",
                                    "s" : [ {
                                       "r" : "48",
                                       "s" : [ {
                                          "r" : "46",
                                          "s" : [ {
                                             "r" : "43",
                                             "s" : [ {
                                                "r" : "41",
                                                "s" : [ {
                                                   "r" : "39",
                                                   "s" : [ {
                                                      "value" : [ "[","\"Encounter, Performed\"",": " ]
                                                   }, {
                                                      "s" : [ {
                                                         "value" : [ "\"Office Visit\"" ]
                                                      } ]
                                                   }, {
                                                      "value" : [ "]" ]
                                                   } ]
                                                }, {
                                                   "value" : [ "\n    union " ]
                                                }, {
                                                   "r" : "40",
                                                   "s" : [ {
                                                      "value" : [ "[","\"Encounter, Performed\"",": " ]
                                                   }, {
                                                      "s" : [ {
                                                         "value" : [ "\"Annual Wellness Visit\"" ]
                                                      } ]
                                                   }, {
                                                      "value" : [ "]" ]
                                                   } ]
                                                } ]
                                             }, {
                                                "value" : [ "\n    union " ]
                                             }, {
                                                "r" : "42",
                                                "s" : [ {
                                                   "value" : [ "[","\"Encounter, Performed\"",": " ]
                                                }, {
                                                   "s" : [ {
                                                      "value" : [ "\"Preventive Care Services Established Office Visit, 18 and Up\"" ]
                                                   } ]
                                                }, {
                                                   "value" : [ "]" ]
                                                } ]
                                             } ]
                                          }, {
                                             "value" : [ "\n    union " ]
                                          }, {
                                             "r" : "44",
                                             "s" : [ {
                                                "value" : [ "[","\"Encounter, Performed\"",": " ]
                                             }, {
                                                "s" : [ {
                                                   "value" : [ "\"Preventive Care Services Initial Office Visit, 18 and Up\"" ]
                                                } ]
                                             }, {
                                                "value" : [ "]" ]
                                             } ]
                                          } ]
                                       }, {
                                          "value" : [ "\n    union " ]
                                       }, {
                                          "r" : "47",
                                          "s" : [ {
                                             "value" : [ "[","\"Encounter, Performed\"",": " ]
                                          }, {
                                             "s" : [ {
                                                "value" : [ "\"Home Healthcare Services\"" ]
                                             } ]
                                          }, {
                                             "value" : [ "]" ]
                                          } ]
                                       } ]
                                    }, {
                                       "value" : [ "\n    union " ]
                                    }, {
                                       "r" : "49",
                                       "s" : [ {
                                          "value" : [ "[","\"Encounter, Performed\"",": " ]
                                       }, {
                                          "s" : [ {
                                             "value" : [ "\"Ophthalmological Services\"" ]
                                          } ]
                                       }, {
                                          "value" : [ "]" ]
                                       } ]
                                    } ]
                                 }, {
                                    "value" : [ "\n    union " ]
                                 }, {
                                    "r" : "52",
                                    "s" : [ {
                                       "value" : [ "[","\"Encounter, Performed\"",": " ]
                                    }, {
                                       "s" : [ {
                                          "value" : [ "\"Telephone Visits\"" ]
                                       } ]
                                    }, {
                                       "value" : [ "]" ]
                                    } ]
                                 } ]
                              }, {
                                 "value" : [ " )" ]
                              } ]
                           }, {
                              "value" : [ " ","ValidEncounters" ]
                           } ]
                        } ]
                     }, {
                        "value" : [ "\n    " ]
                     }, {
                        "r" : "58",
                        "s" : [ {
                           "value" : [ "where " ]
                        }, {
                           "r" : "58",
                           "s" : [ {
                              "r" : "56",
                              "s" : [ {
                                 "r" : "55",
                                 "s" : [ {
                                    "value" : [ "ValidEncounters" ]
                                 } ]
                              }, {
                                 "value" : [ "." ]
                              }, {
                                 "r" : "56",
                                 "s" : [ {
                                    "value" : [ "relevantPeriod" ]
                                 } ]
                              } ]
                           }, {
                              "r" : "58",
                              "value" : [ " ","during day of"," " ]
                           }, {
                              "r" : "57",
                              "s" : [ {
                                 "value" : [ "\"Measurement Period\"" ]
                              } ]
                           } ]
                        } ]
                     } ]
                  } ]
               }
            } ],
            "expression" : {
               "localId" : "59",
               "locator" : "57:3-64:75",
               "type" : "Query",
               "source" : [ {
                  "localId" : "54",
                  "locator" : "57:3-63:72",
                  "alias" : "ValidEncounters",
                  "expression" : {
                     "localId" : "53",
                     "locator" : "57:3-63:56",
                     "type" : "Union",
                     "operand" : [ {
                        "localId" : "51",
                        "locator" : "57:5-62:63",
                        "type" : "Union",
                        "operand" : [ {
                           "localId" : "46",
                           "locator" : "57:5-60:94",
                           "type" : "Union",
                           "operand" : [ {
                              "localId" : "41",
                              "locator" : "57:5-58:59",
                              "type" : "Union",
                              "operand" : [ {
                                 "localId" : "39",
                                 "locator" : "57:5-57:44",
                                 "dataType" : "{urn:healthit-gov:qdm:v5_6}PositiveEncounterPerformed",
                                 "templateId" : "PositiveEncounterPerformed",
                                 "codeProperty" : "code",
                                 "codeComparator" : "in",
                                 "type" : "Retrieve",
                                 "codes" : {
                                    "locator" : "57:30-57:43",
                                    "name" : "Office Visit",
                                    "preserve" : true,
                                    "type" : "ValueSetRef"
                                 }
                              }, {
                                 "localId" : "40",
                                 "locator" : "58:11-58:59",
                                 "dataType" : "{urn:healthit-gov:qdm:v5_6}PositiveEncounterPerformed",
                                 "templateId" : "PositiveEncounterPerformed",
                                 "codeProperty" : "code",
                                 "codeComparator" : "in",
                                 "type" : "Retrieve",
                                 "codes" : {
                                    "locator" : "58:36-58:58",
                                    "name" : "Annual Wellness Visit",
                                    "preserve" : true,
                                    "type" : "ValueSetRef"
                                 }
                              } ]
                           }, {
                              "localId" : "45",
                              "type" : "Union",
                              "operand" : [ {
                                 "localId" : "42",
                                 "locator" : "59:11-59:98",
                                 "dataType" : "{urn:healthit-gov:qdm:v5_6}PositiveEncounterPerformed",
                                 "templateId" : "PositiveEncounterPerformed",
                                 "codeProperty" : "code",
                                 "codeComparator" : "in",
                                 "type" : "Retrieve",
                                 "codes" : {
                                    "locator" : "59:36-59:97",
                                    "name" : "Preventive Care Services Established Office Visit, 18 and Up",
                                    "preserve" : true,
                                    "type" : "ValueSetRef"
                                 }
                              }, {
                                 "localId" : "44",
                                 "locator" : "60:11-60:94",
                                 "dataType" : "{urn:healthit-gov:qdm:v5_6}PositiveEncounterPerformed",
                                 "templateId" : "PositiveEncounterPerformed",
                                 "codeProperty" : "code",
                                 "codeComparator" : "in",
                                 "type" : "Retrieve",
                                 "codes" : {
                                    "locator" : "60:36-60:93",
                                    "name" : "Preventive Care Services Initial Office Visit, 18 and Up",
                                    "preserve" : true,
                                    "type" : "ValueSetRef"
                                 }
                              } ]
                           } ]
                        }, {
                           "localId" : "50",
                           "type" : "Union",
                           "operand" : [ {
                              "localId" : "47",
                              "locator" : "61:11-61:62",
                              "dataType" : "{urn:healthit-gov:qdm:v5_6}PositiveEncounterPerformed",
                              "templateId" : "PositiveEncounterPerformed",
                              "codeProperty" : "code",
                              "codeComparator" : "in",
                              "type" : "Retrieve",
                              "codes" : {
                                 "locator" : "61:36-61:61",
                                 "name" : "Home Healthcare Services",
                                 "preserve" : true,
                                 "type" : "ValueSetRef"
                              }
                           }, {
                              "localId" : "49",
                              "locator" : "62:11-62:63",
                              "dataType" : "{urn:healthit-gov:qdm:v5_6}PositiveEncounterPerformed",
                              "templateId" : "PositiveEncounterPerformed",
                              "codeProperty" : "code",
                              "codeComparator" : "in",
                              "type" : "Retrieve",
                              "codes" : {
                                 "locator" : "62:36-62:62",
                                 "name" : "Ophthalmological Services",
                                 "preserve" : true,
                                 "type" : "ValueSetRef"
                              }
                           } ]
                        } ]
                     }, {
                        "localId" : "52",
                        "locator" : "63:11-63:54",
                        "dataType" : "{urn:healthit-gov:qdm:v5_6}PositiveEncounterPerformed",
                        "templateId" : "PositiveEncounterPerformed",
                        "codeProperty" : "code",
                        "codeComparator" : "in",
                        "type" : "Retrieve",
                        "codes" : {
                           "locator" : "63:36-63:53",
                           "name" : "Telephone Visits",
                           "preserve" : true,
                           "type" : "ValueSetRef"
                        }
                     } ]
                  }
               } ],
               "relationship" : [ ],
               "where" : {
                  "localId" : "58",
                  "locator" : "64:5-64:75",
                  "precision" : "Day",
                  "type" : "IncludedIn",
                  "operand" : [ {
                     "localId" : "56",
                     "locator" : "64:11-64:40",
                     "path" : "relevantPeriod",
                     "scope" : "ValidEncounters",
                     "type" : "Property"
                  }, {
                     "localId" : "57",
                     "locator" : "64:56-64:75",
                     "name" : "Measurement Period",
                     "type" : "ParameterRef"
                  } ]
               }
            }
         }, {
            "localId" : "73",
            "locator" : "76:1-83:5",
            "name" : "Initial Population",
            "context" : "Patient",
            "accessLevel" : "Public",
            "annotation" : [ {
               "type" : "Annotation",
               "s" : {
                  "r" : "73",
                  "s" : [ {
                     "value" : [ "","define ","\"Initial Population\"",":\n  " ]
                  }, {
                     "r" : "72",
                     "s" : [ {
                        "r" : "63",
                        "s" : [ {
                           "r" : "38",
                           "s" : [ {
                              "r" : "34",
                              "s" : [ {
                                 "value" : [ "AgeInYearsAt","(" ]
                              }, {
                                 "r" : "33",
                                 "s" : [ {
                                    "value" : [ "date from \n    " ]
                                 }, {
                                    "r" : "32",
                                    "s" : [ {
                                       "value" : [ "end of " ]
                                    }, {
                                       "r" : "31",
                                       "s" : [ {
                                          "value" : [ "\"Measurement Period\"" ]
                                       } ]
                                    } ]
                                 } ]
                              }, {
                                 "value" : [ "\n  )" ]
                              } ]
                           }, {
                              "value" : [ " in " ]
                           }, {
                              "r" : "37",
                              "s" : [ {
                                 "r" : "35",
                                 "value" : [ "Interval[","18",", ","75","]" ]
                              } ]
                           } ]
                        }, {
                           "value" : [ "\n    and " ]
                        }, {
                           "r" : "62",
                           "s" : [ {
                              "value" : [ "exists " ]
                           }, {
                              "r" : "61",
                              "s" : [ {
                                 "value" : [ "( " ]
                              }, {
                                 "r" : "61",
                                 "s" : [ {
                                    "value" : [ "\"Qualifying Encounters\"" ]
                                 } ]
                              }, {
                                 "value" : [ " )" ]
                              } ]
                           } ]
                        } ]
                     }, {
                        "value" : [ "\n    and " ]
                     }, {
                        "r" : "71",
                        "s" : [ {
                           "value" : [ "exists " ]
                        }, {
                           "r" : "70",
                           "s" : [ {
                              "value" : [ "( " ]
                           }, {
                              "r" : "70",
                              "s" : [ {
                                 "s" : [ {
                                    "r" : "65",
                                    "s" : [ {
                                       "r" : "64",
                                       "s" : [ {
                                          "r" : "64",
                                          "s" : [ {
                                             "value" : [ "[","\"Diagnosis\"",": " ]
                                          }, {
                                             "s" : [ {
                                                "value" : [ "\"Diabetes\"" ]
                                             } ]
                                          }, {
                                             "value" : [ "]" ]
                                          } ]
                                       } ]
                                    }, {
                                       "value" : [ " ","Diabetes" ]
                                    } ]
                                 } ]
                              }, {
                                 "value" : [ "\n        " ]
                              }, {
                                 "r" : "69",
                                 "s" : [ {
                                    "value" : [ "where " ]
                                 }, {
                                    "r" : "69",
                                    "s" : [ {
                                       "r" : "67",
                                       "s" : [ {
                                          "r" : "66",
                                          "s" : [ {
                                             "value" : [ "Diabetes" ]
                                          } ]
                                       }, {
                                          "value" : [ "." ]
                                       }, {
                                          "r" : "67",
                                          "s" : [ {
                                             "value" : [ "prevalencePeriod" ]
                                          } ]
                                       } ]
                                    }, {
                                       "r" : "69",
                                       "value" : [ " ","overlaps day of"," " ]
                                    }, {
                                       "r" : "68",
                                       "s" : [ {
                                          "value" : [ "\"Measurement Period\"" ]
                                       } ]
                                    } ]
                                 } ]
                              } ]
                           }, {
                              "value" : [ "\n    )" ]
                           } ]
                        } ]
                     } ]
                  } ]
               }
            } ],
            "expression" : {
               "localId" : "72",
               "locator" : "77:3-83:5",
               "type" : "And",
               "operand" : [ {
                  "localId" : "63",
                  "locator" : "77:3-80:42",
                  "type" : "And",
                  "operand" : [ {
                     "localId" : "38",
                     "locator" : "77:3-79:23",
                     "type" : "In",
                     "operand" : [ {
                        "localId" : "34",
                        "locator" : "77:3-79:3",
                        "precision" : "Year",
                        "type" : "CalculateAgeAt",
                        "operand" : [ {
                           "type" : "ToDate",
                           "operand" : {
                              "path" : "birthDatetime",
                              "type" : "Property",
                              "source" : {
                                 "name" : "Patient",
                                 "type" : "ExpressionRef"
                              }
                           }
                        }, {
                           "localId" : "33",
                           "locator" : "77:16-78:31",
                           "type" : "DateFrom",
                           "operand" : {
                              "localId" : "32",
                              "locator" : "78:5-78:31",
                              "type" : "End",
                              "operand" : {
                                 "localId" : "31",
                                 "locator" : "78:12-78:31",
                                 "name" : "Measurement Period",
                                 "type" : "ParameterRef"
                              }
                           }
                        } ]
                     }, {
                        "localId" : "37",
                        "locator" : "79:8-79:23",
                        "lowClosed" : true,
                        "highClosed" : true,
                        "type" : "Interval",
                        "low" : {
                           "localId" : "35",
                           "locator" : "79:17-79:18",
                           "valueType" : "{urn:hl7-org:elm-types:r1}Integer",
                           "value" : "18",
                           "type" : "Literal"
                        },
                        "high" : {
                           "localId" : "36",
                           "locator" : "79:21-79:22",
                           "valueType" : "{urn:hl7-org:elm-types:r1}Integer",
                           "value" : "75",
                           "type" : "Literal"
                        }
                     } ]
                  }, {
                     "localId" : "62",
                     "locator" : "80:9-80:42",
                     "type" : "Exists",
                     "operand" : {
                        "localId" : "61",
                        "locator" : "80:16-80:42",
                        "name" : "Qualifying Encounters",
                        "type" : "ExpressionRef"
                     }
                  } ]
               }, {
                  "localId" : "71",
                  "locator" : "81:9-83:5",
                  "type" : "Exists",
                  "operand" : {
                     "localId" : "70",
                     "locator" : "81:16-83:5",
                     "type" : "Query",
                     "source" : [ {
                        "localId" : "65",
                        "locator" : "81:18-81:51",
                        "alias" : "Diabetes",
                        "expression" : {
                           "localId" : "64",
                           "locator" : "81:18-81:42",
                           "dataType" : "{urn:healthit-gov:qdm:v5_6}Diagnosis",
                           "codeProperty" : "code",
                           "codeComparator" : "in",
                           "type" : "Retrieve",
                           "codes" : {
                              "locator" : "81:32-81:41",
                              "name" : "Diabetes",
                              "preserve" : true,
                              "type" : "ValueSetRef"
                           }
                        }
                     } ],
                     "relationship" : [ ],
                     "where" : {
                        "localId" : "69",
                        "locator" : "82:9-82:76",
                        "precision" : "Day",
                        "type" : "Overlaps",
                        "operand" : [ {
                           "localId" : "67",
                           "locator" : "82:15-82:39",
                           "path" : "prevalencePeriod",
                           "scope" : "Diabetes",
                           "type" : "Property"
                        }, {
                           "localId" : "68",
                           "locator" : "82:57-82:76",
                           "name" : "Measurement Period",
                           "type" : "ParameterRef"
                        } ]
                     }
                  }
               } ]
            }
         }, {
            "localId" : "75",
            "locator" : "41:1-42:22",
            "name" : "Denominator",
            "context" : "Patient",
            "accessLevel" : "Public",
            "annotation" : [ {
               "type" : "Annotation",
               "s" : {
                  "r" : "75",
                  "s" : [ {
                     "value" : [ "","define ","\"Denominator\"",":\n  " ]
                  }, {
                     "r" : "74",
                     "s" : [ {
                        "value" : [ "\"Initial Population\"" ]
                     } ]
                  } ]
               }
            } ],
            "expression" : {
               "localId" : "74",
               "locator" : "42:3-42:22",
               "name" : "Initial Population",
               "type" : "ExpressionRef"
            }
         }, {
            "localId" : "84",
            "locator" : "85:1-88:3",
            "name" : "Diabetic Retinopathy Overlapping Measurement Period",
            "context" : "Patient",
            "accessLevel" : "Public",
            "annotation" : [ {
               "type" : "Annotation",
               "s" : {
                  "r" : "84",
                  "s" : [ {
                     "value" : [ "","define ","\"Diabetic Retinopathy Overlapping Measurement Period\"",":\n  " ]
                  }, {
                     "r" : "83",
                     "s" : [ {
                        "value" : [ "exists " ]
                     }, {
                        "r" : "82",
                        "s" : [ {
                           "value" : [ "( " ]
                        }, {
                           "r" : "82",
                           "s" : [ {
                              "s" : [ {
                                 "r" : "77",
                                 "s" : [ {
                                    "r" : "76",
                                    "s" : [ {
                                       "r" : "76",
                                       "s" : [ {
                                          "value" : [ "[","\"Diagnosis\"",": " ]
                                       }, {
                                          "s" : [ {
                                             "value" : [ "\"Diabetic Retinopathy\"" ]
                                          } ]
                                       }, {
                                          "value" : [ "]" ]
                                       } ]
                                    } ]
                                 }, {
                                    "value" : [ " ","Retinopathy" ]
                                 } ]
                              } ]
                           }, {
                              "value" : [ "\n      " ]
                           }, {
                              "r" : "81",
                              "s" : [ {
                                 "value" : [ "where " ]
                              }, {
                                 "r" : "81",
                                 "s" : [ {
                                    "r" : "79",
                                    "s" : [ {
                                       "r" : "78",
                                       "s" : [ {
                                          "value" : [ "Retinopathy" ]
                                       } ]
                                    }, {
                                       "value" : [ "." ]
                                    }, {
                                       "r" : "79",
                                       "s" : [ {
                                          "value" : [ "prevalencePeriod" ]
                                       } ]
                                    } ]
                                 }, {
                                    "r" : "81",
                                    "value" : [ " ","overlaps day of"," " ]
                                 }, {
                                    "r" : "80",
                                    "s" : [ {
                                       "value" : [ "\"Measurement Period\"" ]
                                    } ]
                                 } ]
                              } ]
                           } ]
                        }, {
                           "value" : [ "\n  )" ]
                        } ]
                     } ]
                  } ]
               }
            } ],
            "expression" : {
               "localId" : "83",
               "locator" : "86:3-88:3",
               "type" : "Exists",
               "operand" : {
                  "localId" : "82",
                  "locator" : "86:10-88:3",
                  "type" : "Query",
                  "source" : [ {
                     "localId" : "77",
                     "locator" : "86:12-86:60",
                     "alias" : "Retinopathy",
                     "expression" : {
                        "localId" : "76",
                        "locator" : "86:12-86:48",
                        "dataType" : "{urn:healthit-gov:qdm:v5_6}Diagnosis",
                        "codeProperty" : "code",
                        "codeComparator" : "in",
                        "type" : "Retrieve",
                        "codes" : {
                           "locator" : "86:26-86:47",
                           "name" : "Diabetic Retinopathy",
                           "preserve" : true,
                           "type" : "ValueSetRef"
                        }
                     }
                  } ],
                  "relationship" : [ ],
                  "where" : {
                     "localId" : "81",
                     "locator" : "87:7-87:77",
                     "precision" : "Day",
                     "type" : "Overlaps",
                     "operand" : [ {
                        "localId" : "79",
                        "locator" : "87:13-87:40",
                        "path" : "prevalencePeriod",
                        "scope" : "Retinopathy",
                        "type" : "Property"
                     }, {
                        "localId" : "80",
                        "locator" : "87:58-87:77",
                        "name" : "Measurement Period",
                        "type" : "ParameterRef"
                     } ]
                  }
               }
            }
         }, {
            "localId" : "97",
            "locator" : "66:1-68:132",
            "name" : "Retinal Exam in Measurement Period",
            "context" : "Patient",
            "accessLevel" : "Public",
            "annotation" : [ {
               "type" : "Annotation",
               "s" : {
                  "r" : "97",
                  "s" : [ {
                     "value" : [ "","define ","\"Retinal Exam in Measurement Period\"",":\n  " ]
                  }, {
                     "r" : "96",
                     "s" : [ {
                        "s" : [ {
                           "r" : "87",
                           "s" : [ {
                              "r" : "86",
                              "s" : [ {
                                 "r" : "86",
                                 "s" : [ {
                                    "value" : [ "[","\"Physical Exam, Performed\"",": " ]
                                 }, {
                                    "s" : [ {
                                       "value" : [ "\"Retinal or Dilated Eye Exam\"" ]
                                    } ]
                                 }, {
                                    "value" : [ "]" ]
                                 } ]
                              } ]
                           }, {
                              "value" : [ " ","RetinalExam" ]
                           } ]
                        } ]
                     }, {
                        "value" : [ "\n    " ]
                     }, {
                        "r" : "95",
                        "s" : [ {
                           "value" : [ "where " ]
                        }, {
                           "r" : "95",
                           "s" : [ {
                              "r" : "93",
                              "s" : [ {
                                 "r" : "88",
                                 "s" : [ {
                                    "value" : [ "Global" ]
                                 } ]
                              }, {
                                 "value" : [ "." ]
                              }, {
                                 "r" : "93",
                                 "s" : [ {
                                    "value" : [ "\"NormalizeInterval\""," ( " ]
                                 }, {
                                    "r" : "90",
                                    "s" : [ {
                                       "r" : "89",
                                       "s" : [ {
                                          "value" : [ "RetinalExam" ]
                                       } ]
                                    }, {
                                       "value" : [ "." ]
                                    }, {
                                       "r" : "90",
                                       "s" : [ {
                                          "value" : [ "relevantDatetime" ]
                                       } ]
                                    } ]
                                 }, {
                                    "value" : [ ", " ]
                                 }, {
                                    "r" : "92",
                                    "s" : [ {
                                       "r" : "91",
                                       "s" : [ {
                                          "value" : [ "RetinalExam" ]
                                       } ]
                                    }, {
                                       "value" : [ "." ]
                                    }, {
                                       "r" : "92",
                                       "s" : [ {
                                          "value" : [ "relevantPeriod" ]
                                       } ]
                                    } ]
                                 }, {
                                    "value" : [ " )" ]
                                 } ]
                              } ]
                           }, {
                              "r" : "95",
                              "value" : [ " ","during day of"," " ]
                           }, {
                              "r" : "94",
                              "s" : [ {
                                 "value" : [ "\"Measurement Period\"" ]
                              } ]
                           } ]
                        } ]
                     } ]
                  } ]
               }
            } ],
            "expression" : {
               "localId" : "96",
               "locator" : "67:3-68:132",
               "type" : "Query",
               "source" : [ {
                  "localId" : "87",
                  "locator" : "67:3-67:73",
                  "alias" : "RetinalExam",
                  "expression" : {
                     "localId" : "86",
                     "locator" : "67:3-67:61",
                     "dataType" : "{urn:healthit-gov:qdm:v5_6}PositivePhysicalExamPerformed",
                     "templateId" : "PositivePhysicalExamPerformed",
                     "codeProperty" : "code",
                     "codeComparator" : "in",
                     "type" : "Retrieve",
                     "codes" : {
                        "locator" : "67:32-67:60",
                        "name" : "Retinal or Dilated Eye Exam",
                        "preserve" : true,
                        "type" : "ValueSetRef"
                     }
                  }
               } ],
               "relationship" : [ ],
               "where" : {
                  "localId" : "95",
                  "locator" : "68:5-68:132",
                  "precision" : "Day",
                  "type" : "IncludedIn",
                  "operand" : [ {
                     "localId" : "93",
                     "locator" : "68:11-68:97",
                     "name" : "NormalizeInterval",
                     "libraryName" : "Global",
                     "type" : "FunctionRef",
                     "operand" : [ {
                        "localId" : "90",
                        "locator" : "68:40-68:67",
                        "path" : "relevantDatetime",
                        "scope" : "RetinalExam",
                        "type" : "Property"
                     }, {
                        "localId" : "92",
                        "locator" : "68:70-68:95",
                        "path" : "relevantPeriod",
                        "scope" : "RetinalExam",
                        "type" : "Property"
                     } ]
                  }, {
                     "localId" : "94",
                     "locator" : "68:113-68:132",
                     "name" : "Measurement Period",
                     "type" : "ParameterRef"
                  } ]
               }
            }
         }, {
            "localId" : "120",
            "locator" : "52:1-54:189",
            "name" : "Retinal Exam in Measurement Period or Year Prior",
            "context" : "Patient",
            "accessLevel" : "Public",
            "annotation" : [ {
               "type" : "Annotation",
               "s" : {
                  "r" : "120",
                  "s" : [ {
                     "value" : [ "","define ","\"Retinal Exam in Measurement Period or Year Prior\"",":\n  " ]
                  }, {
                     "r" : "119",
                     "s" : [ {
                        "s" : [ {
                           "r" : "104",
                           "s" : [ {
                              "r" : "103",
                              "s" : [ {
                                 "r" : "103",
                                 "s" : [ {
                                    "value" : [ "[","\"Physical Exam, Performed\"",": " ]
                                 }, {
                                    "s" : [ {
                                       "value" : [ "\"Retinal or Dilated Eye Exam\"" ]
                                    } ]
                                 }, {
                                    "value" : [ "]" ]
                                 } ]
                              } ]
                           }, {
                              "value" : [ " ","RetinalExam" ]
                           } ]
                        } ]
                     }, {
                        "value" : [ "\n    " ]
                     }, {
                        "r" : "118",
                        "s" : [ {
                           "value" : [ "where " ]
                        }, {
                           "r" : "118",
                           "s" : [ {
                              "r" : "110",
                              "s" : [ {
                                 "r" : "105",
                                 "s" : [ {
                                    "value" : [ "Global" ]
                                 } ]
                              }, {
                                 "value" : [ "." ]
                              }, {
                                 "r" : "110",
                                 "s" : [ {
                                    "value" : [ "\"NormalizeInterval\""," ( " ]
                                 }, {
                                    "r" : "107",
                                    "s" : [ {
                                       "r" : "106",
                                       "s" : [ {
                                          "value" : [ "RetinalExam" ]
                                       } ]
                                    }, {
                                       "value" : [ "." ]
                                    }, {
                                       "r" : "107",
                                       "s" : [ {
                                          "value" : [ "relevantDatetime" ]
                                       } ]
                                    } ]
                                 }, {
                                    "value" : [ ", " ]
                                 }, {
                                    "r" : "109",
                                    "s" : [ {
                                       "r" : "108",
                                       "s" : [ {
                                          "value" : [ "RetinalExam" ]
                                       } ]
                                    }, {
                                       "value" : [ "." ]
                                    }, {
                                       "r" : "109",
                                       "s" : [ {
                                          "value" : [ "relevantPeriod" ]
                                       } ]
                                    } ]
                                 }, {
                                    "value" : [ " )" ]
                                 } ]
                              } ]
                           }, {
                              "r" : "118",
                              "value" : [ " ","during day of"," " ]
                           }, {
                              "r" : "117",
                              "s" : [ {
                                 "value" : [ "Interval[" ]
                              }, {
                                 "r" : "114",
                                 "s" : [ {
                                    "r" : "112",
                                    "s" : [ {
                                       "value" : [ "start of " ]
                                    }, {
                                       "r" : "111",
                                       "s" : [ {
                                          "value" : [ "\"Measurement Period\"" ]
                                       } ]
                                    } ]
                                 }, {
                                    "value" : [ " - " ]
                                 }, {
                                    "r" : "113",
                                    "s" : [ {
                                       "value" : [ "1 ","year" ]
                                    } ]
                                 } ]
                              }, {
                                 "value" : [ ", " ]
                              }, {
                                 "r" : "116",
                                 "s" : [ {
                                    "value" : [ "end of " ]
                                 }, {
                                    "r" : "115",
                                    "s" : [ {
                                       "value" : [ "\"Measurement Period\"" ]
                                    } ]
                                 } ]
                              }, {
                                 "value" : [ "]" ]
                              } ]
                           } ]
                        } ]
                     } ]
                  } ]
               }
            } ],
            "expression" : {
               "localId" : "119",
               "locator" : "53:3-54:189",
               "type" : "Query",
               "source" : [ {
                  "localId" : "104",
                  "locator" : "53:3-53:73",
                  "alias" : "RetinalExam",
                  "expression" : {
                     "localId" : "103",
                     "locator" : "53:3-53:61",
                     "dataType" : "{urn:healthit-gov:qdm:v5_6}PositivePhysicalExamPerformed",
                     "templateId" : "PositivePhysicalExamPerformed",
                     "codeProperty" : "code",
                     "codeComparator" : "in",
                     "type" : "Retrieve",
                     "codes" : {
                        "locator" : "53:32-53:60",
                        "name" : "Retinal or Dilated Eye Exam",
                        "preserve" : true,
                        "type" : "ValueSetRef"
                     }
                  }
               } ],
               "relationship" : [ ],
               "where" : {
                  "localId" : "118",
                  "locator" : "54:5-54:189",
                  "precision" : "Day",
                  "type" : "IncludedIn",
                  "operand" : [ {
                     "localId" : "110",
                     "locator" : "54:11-54:97",
                     "name" : "NormalizeInterval",
                     "libraryName" : "Global",
                     "type" : "FunctionRef",
                     "operand" : [ {
                        "localId" : "107",
                        "locator" : "54:40-54:67",
                        "path" : "relevantDatetime",
                        "scope" : "RetinalExam",
                        "type" : "Property"
                     }, {
                        "localId" : "109",
                        "locator" : "54:70-54:95",
                        "path" : "relevantPeriod",
                        "scope" : "RetinalExam",
                        "type" : "Property"
                     } ]
                  }, {
                     "localId" : "117",
                     "locator" : "54:113-54:189",
                     "lowClosed" : true,
                     "highClosed" : true,
                     "type" : "Interval",
                     "low" : {
                        "localId" : "114",
                        "locator" : "54:122-54:159",
                        "type" : "Subtract",
                        "operand" : [ {
                           "localId" : "112",
                           "locator" : "54:122-54:150",
                           "type" : "Start",
                           "operand" : {
                              "localId" : "111",
                              "locator" : "54:131-54:150",
                              "name" : "Measurement Period",
                              "type" : "ParameterRef"
                           }
                        }, {
                           "localId" : "113",
                           "locator" : "54:154-54:159",
                           "value" : 1,
                           "unit" : "year",
                           "type" : "Quantity"
                        } ]
                     },
                     "high" : {
                        "localId" : "116",
                        "locator" : "54:162-54:188",
                        "type" : "End",
                        "operand" : {
                           "localId" : "115",
                           "locator" : "54:169-54:188",
                           "name" : "Measurement Period",
                           "type" : "ParameterRef"
                        }
                     }
                  } ]
               }
            }
         }, {
            "localId" : "125",
            "locator" : "44:1-50:5",
            "name" : "Numerator",
            "context" : "Patient",
            "accessLevel" : "Public",
            "annotation" : [ {
               "type" : "Annotation",
               "s" : {
                  "r" : "125",
                  "s" : [ {
                     "value" : [ "","define ","\"Numerator\"",":\n  " ]
                  }, {
                     "r" : "124",
                     "s" : [ {
                        "r" : "100",
                        "s" : [ {
                           "value" : [ "( " ]
                        }, {
                           "r" : "100",
                           "s" : [ {
                              "r" : "85",
                              "s" : [ {
                                 "value" : [ "\"Diabetic Retinopathy Overlapping Measurement Period\"" ]
                              } ]
                           }, {
                              "value" : [ "\n      and " ]
                           }, {
                              "r" : "99",
                              "s" : [ {
                                 "value" : [ "exists " ]
                              }, {
                                 "r" : "98",
                                 "s" : [ {
                                    "value" : [ "( " ]
                                 }, {
                                    "r" : "98",
                                    "s" : [ {
                                       "value" : [ "\"Retinal Exam in Measurement Period\"" ]
                                    } ]
                                 }, {
                                    "value" : [ " )" ]
                                 } ]
                              } ]
                           } ]
                        }, {
                           "value" : [ "\n  )" ]
                        } ]
                     }, {
                        "value" : [ "\n    or " ]
                     }, {
                        "r" : "123",
                        "s" : [ {
                           "value" : [ "( " ]
                        }, {
                           "r" : "123",
                           "s" : [ {
                              "r" : "102",
                              "s" : [ {
                                 "value" : [ "not " ]
                              }, {
                                 "r" : "101",
                                 "s" : [ {
                                    "value" : [ "( " ]
                                 }, {
                                    "r" : "101",
                                    "s" : [ {
                                       "value" : [ "\"Diabetic Retinopathy Overlapping Measurement Period\"" ]
                                    } ]
                                 }, {
                                    "value" : [ " )" ]
                                 } ]
                              } ]
                           }, {
                              "value" : [ "\n        and " ]
                           }, {
                              "r" : "122",
                              "s" : [ {
                                 "value" : [ "exists " ]
                              }, {
                                 "r" : "121",
                                 "s" : [ {
                                    "value" : [ "( " ]
                                 }, {
                                    "r" : "121",
                                    "s" : [ {
                                       "value" : [ "\"Retinal Exam in Measurement Period or Year Prior\"" ]
                                    } ]
                                 }, {
                                    "value" : [ " )" ]
                                 } ]
                              } ]
                           } ]
                        }, {
                           "value" : [ "\n    )" ]
                        } ]
                     } ]
                  } ]
               }
            } ],
            "expression" : {
               "localId" : "124",
               "locator" : "45:3-50:5",
               "type" : "Or",
               "operand" : [ {
                  "localId" : "100",
                  "locator" : "45:3-47:3",
                  "type" : "And",
                  "operand" : [ {
                     "localId" : "85",
                     "locator" : "45:5-45:57",
                     "name" : "Diabetic Retinopathy Overlapping Measurement Period",
                     "type" : "ExpressionRef"
                  }, {
                     "localId" : "99",
                     "locator" : "46:11-46:57",
                     "type" : "Exists",
                     "operand" : {
                        "localId" : "98",
                        "locator" : "46:18-46:57",
                        "name" : "Retinal Exam in Measurement Period",
                        "type" : "ExpressionRef"
                     }
                  } ]
               }, {
                  "localId" : "123",
                  "locator" : "48:8-50:5",
                  "type" : "And",
                  "operand" : [ {
                     "localId" : "102",
                     "locator" : "48:10-48:70",
                     "type" : "Not",
                     "operand" : {
                        "localId" : "101",
                        "locator" : "48:14-48:70",
                        "name" : "Diabetic Retinopathy Overlapping Measurement Period",
                        "type" : "ExpressionRef"
                     }
                  }, {
                     "localId" : "122",
                     "locator" : "49:13-49:73",
                     "type" : "Exists",
                     "operand" : {
                        "localId" : "121",
                        "locator" : "49:20-49:73",
                        "name" : "Retinal Exam in Measurement Period or Year Prior",
                        "type" : "ExpressionRef"
                     }
                  } ]
               } ]
            }
         }, {
            "localId" : "137",
            "locator" : "70:1-74:69",
            "name" : "Denominator Exclusions",
            "context" : "Patient",
            "accessLevel" : "Public",
            "annotation" : [ {
               "type" : "Annotation",
               "s" : {
                  "r" : "137",
                  "s" : [ {
                     "value" : [ "","define ","\"Denominator Exclusions\"",":\n  " ]
                  }, {
                     "r" : "136",
                     "s" : [ {
                        "r" : "133",
                        "s" : [ {
                           "r" : "130",
                           "s" : [ {
                              "r" : "127",
                              "s" : [ {
                                 "r" : "126",
                                 "s" : [ {
                                    "value" : [ "Hospice" ]
                                 } ]
                              }, {
                                 "value" : [ "." ]
                              }, {
                                 "r" : "127",
                                 "s" : [ {
                                    "value" : [ "\"Has Hospice Services\"" ]
                                 } ]
                              } ]
                           }, {
                              "value" : [ "\n    or " ]
                           }, {
                              "r" : "129",
                              "s" : [ {
                                 "r" : "128",
                                 "s" : [ {
                                    "value" : [ "AIFrailLTCF" ]
                                 } ]
                              }, {
                                 "value" : [ "." ]
                              }, {
                                 "r" : "129",
                                 "s" : [ {
                                    "value" : [ "\"Is Age 66 or Older with Advanced Illness and Frailty\"" ]
                                 } ]
                              } ]
                           } ]
                        }, {
                           "value" : [ "\n    or " ]
                        }, {
                           "r" : "132",
                           "s" : [ {
                              "r" : "131",
                              "s" : [ {
                                 "value" : [ "AIFrailLTCF" ]
                              } ]
                           }, {
                              "value" : [ "." ]
                           }, {
                              "r" : "132",
                              "s" : [ {
                                 "value" : [ "\"Is Age 66 or Older Living Long Term in a Nursing Home\"" ]
                              } ]
                           } ]
                        } ]
                     }, {
                        "value" : [ "\n    or " ]
                     }, {
                        "r" : "135",
                        "s" : [ {
                           "r" : "134",
                           "s" : [ {
                              "value" : [ "PalliativeCare" ]
                           } ]
                        }, {
                           "value" : [ "." ]
                        }, {
                           "r" : "135",
                           "s" : [ {
                              "value" : [ "\"Has Palliative Care in the Measurement Period\"" ]
                           } ]
                        } ]
                     } ]
                  } ]
               }
            } ],
            "expression" : {
               "localId" : "136",
               "locator" : "71:3-74:69",
               "type" : "Or",
               "operand" : [ {
                  "localId" : "133",
                  "locator" : "71:3-73:74",
                  "type" : "Or",
                  "operand" : [ {
                     "localId" : "130",
                     "locator" : "71:3-72:73",
                     "type" : "Or",
                     "operand" : [ {
                        "localId" : "127",
                        "locator" : "71:3-71:32",
                        "name" : "Has Hospice Services",
                        "libraryName" : "Hospice",
                        "type" : "ExpressionRef"
                     }, {
                        "localId" : "129",
                        "locator" : "72:8-72:73",
                        "name" : "Is Age 66 or Older with Advanced Illness and Frailty",
                        "libraryName" : "AIFrailLTCF",
                        "type" : "ExpressionRef"
                     } ]
                  }, {
                     "localId" : "132",
                     "locator" : "73:8-73:74",
                     "name" : "Is Age 66 or Older Living Long Term in a Nursing Home",
                     "libraryName" : "AIFrailLTCF",
                     "type" : "ExpressionRef"
                  } ]
               }, {
                  "localId" : "135",
                  "locator" : "74:8-74:69",
                  "name" : "Has Palliative Care in the Measurement Period",
                  "libraryName" : "PalliativeCare",
                  "type" : "ExpressionRef"
               } ]
            }
         } ]
      }
   }
}