<?xml version="1.0" encoding="UTF-8" standalone="yes"?>
<QualityMeasureDocument xmlns="urn:hl7-org:v3" xmlns:cql-ext="urn:hhs-cql:hqmf-n1-extensions:v1"
                        xmlns:xsi="http://www.w3.org/2001/XMLSchema-instance">

      <!--
            **************************************************************
            Measure Details Section
            **************************************************************
        -->

      <typeId extension="POQM_HD000001UV02" root="2.16.840.1.113883.1.3"/>
   <templateId>
      <item extension="2021-02-01" root="2.16.840.1.113883.10.20.28.1.2"/>
   </templateId>
   <id root="8a6d0454-8df0-2d9f-018e-14a0657f1429"/>
   <code code="57024-2" codeSystem="2.16.840.1.113883.6.1">
      <displayName value="Health Quality Measure Document"/>
   </code>
   <title value="Cesarean Birth"/>
   <text
         value="Nulliparous women with a term, singleton baby in a vertex position delivered by cesarean birth"/>
   <statusCode code="COMPLETED"/>
   <setId root="fc52d0de-b53d-4ccf-816e-1e527748d2d9"/>
   <versionNumber value="6.1.000"/>
   <author>
      <responsibleParty classCode="ASSIGNED">
         <representedResponsibleOrganization classCode="ORG" determinerCode="INSTANCE">
            <id>
               <item root="1.3.6.1.4.1.33895"/>
            </id>
            <name>
               <item>
                  <part value="The Joint Commission"/>
               </item>
            </name>
         </representedResponsibleOrganization>
      </responsibleParty>
   </author>
   <custodian>
      <responsibleParty classCode="ASSIGNED">
         <representedResponsibleOrganization classCode="ORG" determinerCode="INSTANCE">
            <id>
               <item root="5"/>
            </id>
            <name>
               <item>
                  <part value="The Joint Commission"/>
               </item>
            </name>
         </representedResponsibleOrganization>
      </responsibleParty>
   </custodian>
   <!--ONC Administrative Sex-->
     	 <definition>
      <valueSet classCode="OBS" moodCode="DEF">
         <id root="2.16.840.1.113762.1.4.1"/>
         <title value="ONC Administrative Sex"/>
      </valueSet>
   </definition>
   <!--Ethnicity-->
     	 <definition>
      <valueSet classCode="OBS" moodCode="DEF">
         <id root="2.16.840.1.114222.4.11.837"/>
         <title value="Ethnicity"/>
      </valueSet>
   </definition>
   <!--ED Visit and OB Triage-->
     	 <definition>
      <valueSet classCode="OBS" moodCode="DEF">
         <id root="2.16.840.1.113762.1.4.1029.369"/>
         <title value="ED Visit and OB Triage"/>
      </valueSet>
   </definition>
   <!--Estimated Gestational Age at Delivery-->
     	 <definition>
      <valueSet classCode="OBS" moodCode="DEF">
         <id root="2.16.840.1.113762.1.4.1045.26"/>
         <title value="Estimated Gestational Age at Delivery"/>
      </valueSet>
   </definition>
   <!--Race-->
     	 <definition>
      <valueSet classCode="OBS" moodCode="DEF">
         <id root="2.16.840.1.114222.4.11.836"/>
         <title value="Race"/>
      </valueSet>
   </definition>
   <!--Delivery Procedures-->
     	 <definition>
      <valueSet classCode="OBS" moodCode="DEF">
         <id root="2.16.840.1.113762.1.4.1045.59"/>
         <title value="Delivery Procedures"/>
      </valueSet>
   </definition>
   <!--Encounter Inpatient-->
     	 <definition>
      <valueSet classCode="OBS" moodCode="DEF">
         <id root="2.16.840.1.113883.3.666.5.307"/>
         <title value="Encounter Inpatient"/>
      </valueSet>
   </definition>
   <!--Cesarean Birth-->
     	 <definition>
      <valueSet classCode="OBS" moodCode="DEF">
         <id root="2.16.840.1.113883.3.117.1.7.1.282"/>
         <title value="Cesarean Birth"/>
      </valueSet>
   </definition>
   <!--Observation Services-->
     	 <definition>
      <valueSet classCode="OBS" moodCode="DEF">
         <id root="2.16.840.1.113762.1.4.1111.143"/>
         <title value="Observation Services"/>
      </valueSet>
   </definition>
   <!--Payer Type-->
     	 <definition>
      <valueSet classCode="OBS" moodCode="DEF">
         <id root="2.16.840.1.114222.4.11.3591"/>
         <title value="Payer Type"/>
      </valueSet>
   </definition>
   <!--Abnormal Presentation-->
     	 <definition>
      <valueSet classCode="OBS" moodCode="DEF">
         <id root="2.16.840.1.113762.1.4.1045.105"/>
         <title value="Abnormal Presentation"/>
      </valueSet>
   </definition>
   <!--Delivery of Singleton-->
     	 <definition>
      <valueSet classCode="OBS" moodCode="DEF">
         <id root="2.16.840.1.113762.1.4.1045.99"/>
         <title value="Delivery of Singleton"/>
      </valueSet>
   </definition>
   <!--37 to 42 Plus Weeks Gestation-->
     	 <definition>
      <valueSet classCode="OBS" moodCode="DEF">
         <id root="2.16.840.1.113762.1.4.1110.68"/>
         <title value="37 to 42 Plus Weeks Gestation"/>
      </valueSet>
   </definition>
   <!--Genital Herpes-->
     	 <definition>
      <valueSet classCode="OBS" moodCode="DEF">
         <id root="2.16.840.1.113883.3.464.1003.110.12.1049"/>
         <title value="Genital Herpes"/>
      </valueSet>
   </definition>
   <!--Placenta Accreta Spectrum Previa or Vasa Previa-->
     	 <definition>
      <valueSet classCode="OBS" moodCode="DEF">
         <id root="2.16.840.1.113762.1.4.1110.37"/>
         <title value="Placenta Accreta Spectrum Previa or Vasa Previa"/>
      </valueSet>
   </definition>
   <!--[#] Births.term-CODE:/CodeSystem/LOINC/Version/2.76/Code/11639-2/Info-->
      <definition>
      <cql-ext:code code="11639-2" codeSystem="2.16.840.1.113883.6.1" codeSystemName="LOINC">
         <displayName value="[#] Births.term"/>
      </cql-ext:code>
   </definition>
   <!--Delivery date Estimated-CODE:/CodeSystem/LOINC/Version/2.76/Code/11778-8/Info-->
      <definition>
      <cql-ext:code code="11778-8" codeSystem="2.16.840.1.113883.6.1" codeSystemName="LOINC">
         <displayName value="Delivery date Estimated"/>
      </cql-ext:code>
   </definition>
   <!--Date and time of obstetric delivery-CODE:/CodeSystem/LOINC/Version/2.76/Code/93857-1/Info-->
      <definition>
      <cql-ext:code code="93857-1" codeSystem="2.16.840.1.113883.6.1" codeSystemName="LOINC">
         <displayName value="Date and time of obstetric delivery"/>
      </cql-ext:code>
   </definition>
   <!--[#] Parity-CODE:/CodeSystem/LOINC/Version/2.76/Code/11977-6/Info-->
      <definition>
      <cql-ext:code code="11977-6" codeSystem="2.16.840.1.113883.6.1" codeSystemName="LOINC">
         <displayName value="[#] Parity"/>
      </cql-ext:code>
   </definition>
   <!--[#] Pregnancies-CODE:/CodeSystem/LOINC/Version/2.76/Code/11996-6/Info-->
      <definition>
      <cql-ext:code code="11996-6" codeSystem="2.16.840.1.113883.6.1" codeSystemName="LOINC">
         <displayName value="[#] Pregnancies"/>
      </cql-ext:code>
   </definition>
   <!--[#] Births.preterm-CODE:/CodeSystem/LOINC/Version/2.76/Code/11637-6/Info-->
      <definition>
      <cql-ext:code code="11637-6" codeSystem="2.16.840.1.113883.6.1" codeSystemName="LOINC">
         <displayName value="[#] Births.preterm"/>
      </cql-ext:code>
   </definition>
   <relatedDocument typeCode="COMP">
      <expressionDocument>
         <id root="B736B461-E33C-4D01-92A5-DEE2CD1F8873"/>
         <text mediaType="text/cql">
            <reference value="https://emeasuretool.cms.gov/libraries/fc52d0de-b53d-4ccf-816e-1e527748d2d9/CMS334-v6-1-000-QDM-5-6.cql"/>
            <translation mediaType="application/elm+xml">
               <reference value="https://emeasuretool.cms.gov/libraries/fc52d0de-b53d-4ccf-816e-1e527748d2d9/CMS334-v6-1-000-QDM-5-6.xml"/>
            </translation>
            <translation mediaType="application/elm+json">
               <reference value="https://emeasuretool.cms.gov/libraries/fc52d0de-b53d-4ccf-816e-1e527748d2d9/CMS334-v6-1-000-QDM-5-6.json"/>
            </translation>
         </text>
         <setId extension="fc52d0de-b53d-4ccf-816e-1e527748d2d9" identifierName="CesareanBirth"
                root="https://emeasuretool.cms.gov/libraries"/>
         <versionNumber value="6.1.000"/>
      </expressionDocument>
   </relatedDocument>
   <relatedDocument typeCode="COMP">
      <expressionDocument>
         <id root="8a6d042a8c5931d0018c6e282a31073d"/>
         <text mediaType="text/cql">
            <reference value="https://emeasuretool.cms.gov/libraries/8bdc0a19-b210-4a58-8a07-f5d95a34eca9/MATGlobalCommonFunctionsQDM-v8-0-000-QDM-5-6.cql"/>
            <translation mediaType="application/elm+xml">
               <reference value="https://emeasuretool.cms.gov/libraries/8bdc0a19-b210-4a58-8a07-f5d95a34eca9/MATGlobalCommonFunctionsQDM-v8-0-000-QDM-5-6.xml"/>
            </translation>
            <translation mediaType="application/elm+json">
               <reference value="https://emeasuretool.cms.gov/libraries/8bdc0a19-b210-4a58-8a07-f5d95a34eca9/MATGlobalCommonFunctionsQDM-v8-0-000-QDM-5-6.json"/>
            </translation>
         </text>
         <setId extension="8bdc0a19-b210-4a58-8a07-f5d95a34eca9"
                identifierName="MATGlobalCommonFunctionsQDM"
                root="https://emeasuretool.cms.gov/libraries"/>
         <versionNumber value="8.0.000"/>
      </expressionDocument>
   </relatedDocument>
   <relatedDocument typeCode="COMP">
      <expressionDocument>
         <id root="8a6d04138d31a32c018dae33f20f233b"/>
         <text mediaType="text/cql">
            <reference value="https://emeasuretool.cms.gov/libraries/037cce0a-d996-4c98-bc66-f8aa5bbce760/PCMaternalQDM-v4-0-000-QDM-5-6.cql"/>
            <translation mediaType="application/elm+xml">
               <reference value="https://emeasuretool.cms.gov/libraries/037cce0a-d996-4c98-bc66-f8aa5bbce760/PCMaternalQDM-v4-0-000-QDM-5-6.xml"/>
            </translation>
            <translation mediaType="application/elm+json">
               <reference value="https://emeasuretool.cms.gov/libraries/037cce0a-d996-4c98-bc66-f8aa5bbce760/PCMaternalQDM-v4-0-000-QDM-5-6.json"/>
            </translation>
         </text>
         <setId extension="037cce0a-d996-4c98-bc66-f8aa5bbce760" identifierName="PCMaternalQDM"
                root="https://emeasuretool.cms.gov/libraries"/>
         <versionNumber value="4.0.000"/>
      </expressionDocument>
   </relatedDocument>
   <controlVariable>
      <measurePeriod>
         <id extension="measureperiod" root="2cf668a0-ed06-45f4-a2e8-b6fc500a2f20"/>
         <code code="MSRTP" codeSystem="2.16.840.1.113883.5.4">
            <originalText value="Measurement Period"/>
         </code>
         <value xsi:type="PIVL_TS">
            <phase highClosed="true" lowClosed="true">
               <low value="20240101"/>
               <width unit="a" value="1" xsi:type="PQ"/>
            </phase>
            <period unit="a" value="1"/>
         </value>
      </measurePeriod>
   </controlVariable>
   <subjectOf>
      <measureAttribute>
         <code nullFlavor="OTH">
            <originalText value="eCQM Identifier (Measure Authoring Tool)"/>
         </code>
         <value mediaType="text/plain" value="334" xsi:type="ED"/>
      </measureAttribute>
   </subjectOf>
   <subjectOf>
      <measureAttribute>
         <code nullFlavor="OTH">
            <originalText value="CBE Number"/>
         </code>
         <value mediaType="text/plain" value="0471e" xsi:type="ED"/>
      </measureAttribute>
   </subjectOf>
   <subjectOf>
      <measureAttribute>
         <code code="COPY" codeSystem="2.16.840.1.113883.5.4">
            <displayName value="Copyright"/>
         </code>
         <value mediaType="text/plain"
                value="Measure specifications are in the Public Domain.&#xA;&#xA;LOINC(R) copyright 2004-2023 Regenstrief Institute, Inc. This material contains SNOMED Clinical Terms(R) (SNOMED CT[R]) copyright 2004-2023 International Health Terminology Standards Development Organisation. ICD-10 copyright 2023 World Health Organization. All Rights Reserved."
                xsi:type="ED"/>
      </measureAttribute>
   </subjectOf>
   <subjectOf>
      <measureAttribute>
         <code code="DISC" codeSystem="2.16.840.1.113883.5.4">
            <displayName value="Disclaimer"/>
         </code>
         <value mediaType="text/plain"
                value="These performance measures are not clinical guidelines and do not establish a standard of medical care and have not been tested for all potential applications. The measures and specifications are provided without warranty."
                xsi:type="ED"/>
      </measureAttribute>
   </subjectOf>
   <subjectOf>
      <measureAttribute>
         <code code="MSRSCORE" codeSystem="2.16.840.1.113883.5.4">
            <displayName value="Measure Scoring"/>
         </code>
         <value code="PROPOR" codeSystem="2.16.840.1.113883.5.1063" xsi:type="CD">
            <displayName value="Proportion"/>
         </value>
      </measureAttribute>
   </subjectOf>
   <subjectOf>
      <measureAttribute>
         <code code="MSRTYPE" codeSystem="2.16.840.1.113883.5.4">
            <displayName value="Measure Type"/>
         </code>
         <value code="OUTCOME" codeSystem="2.16.840.1.113883.5.1063" xsi:type="CD">
            <displayName value="OUTCOME"/>
         </value>
      </measureAttribute>
   </subjectOf>
   <subjectOf>
      <measureAttribute>
         <code code="STRAT" codeSystem="2.16.840.1.113883.5.4">
            <displayName value="Stratification"/>
         </code>
         <value mediaType="text/plain" value="None" xsi:type="ED"/>
      </measureAttribute>
   </subjectOf>
   <subjectOf>
      <measureAttribute>
         <code code="MSRADJ" codeSystem="2.16.840.1.113883.5.4">
            <displayName value="Risk Adjustment"/>
         </code>
         <value mediaType="text/plain" value="None" xsi:type="ED"/>
      </measureAttribute>
   </subjectOf>
   <subjectOf>
      <measureAttribute>
         <code code="MSRAGG" codeSystem="2.16.840.1.113883.5.4">
            <displayName value="Rate Aggregation"/>
         </code>
         <value mediaType="text/plain" value="None" xsi:type="ED"/>
      </measureAttribute>
   </subjectOf>
   <subjectOf>
      <measureAttribute>
         <code code="RAT" codeSystem="2.16.840.1.113883.5.4">
            <displayName value="Rationale"/>
         </code>
         <value mediaType="text/plain"
                value="The removal of any pressure to not perform a cesarean birth has led to a skyrocketing of hospital, state and national cesarean birth (CB) rates. Some hospitals’ CB rates were over 50%. Hospitals with CB rates at 15-20% have infant outcomes that are just as good and better maternal outcomes (Symum &amp; Zayas-Castro, 2023). There is no data that higher rates improve any outcomes, yet the CB rates continue to rise (Bailit, Garrett, Miller, McMahon, &amp; Cefalo, 2002; Main, Bloomfield, &amp; Hunt, 2004). This measure seeks to focus attention on the most variable portion of the CB epidemic, the term labor CB in nulliparous women. This population segment accounts for the large majority of the variable portion of the CB rate and is the area most affected by subjectivity.&#xA;&#xA;As compared to other CB measures, what is different about Nulliparous, Term, Singleton, Vertex (NTSV) CB rate is that there are clear cut quality improvement activities that can be done to address the differences. Main et al. (2012) found that over 60% of the variation among hospitals can be attributed to first birth labor induction rates and first birth early labor admission rates (Main et al., 2006). The results showed if labor was forced when the cervix was not ready the outcomes were poorer. Rosenstein et al. (2021) also showed that labor and delivery guidelines can make a difference in labor outcomes. Many authors have shown that physician factors, rather than patient characteristics or obstetric diagnoses are the major driver for the difference in rates within a hospital (Berkowitz, Fiarman, Mojica, Bauman, &amp; de Regt, 1989; Goyert, Bottoms, Treadwell, &amp; Nehra, 1989; Luthy, Malmgren, Zingheim, &amp; Leininger, 2003; Symum &amp; Zayas-Castro, 2023; Main et al., 2006). The dramatic variation in cesarean rates seen in all populations studied is striking. Cesarean rates varied tenfold in US hospitals nationwide across hospitals (Agency for Healthcare Research and Quality [AHRQ], 2002), from 7.1% to 69.9%, and there was a 15-fold variation among low-risk women, from 2.4% to 36.5% (Kozhimannil, Law, &amp; Virnig, 2013).&#xA;&#xA;A reduction in the number of NTSV patients delivering by cesarean birth will result in increased patient safety, a substantial decrease in maternal and neonatal morbidity and substantial savings in health care costs (Main et al., 2019). Successful quality improvement efforts incorporate audit and feedback strategies combined with provider and nurse education, guidelines and peer review.&#xA;&#xA;The measure will assist health care organizations to track NTSV patients delivering by cesarean birth to reduce the occurrence. Nulliparous women have 4-6 times the cesarean birth rate than multiparous women thus the NTSV population is the largest driver of primary cesarean birth rate (Sakala, Belanoff, &amp; Declercq, 2020). NTSV has a large variation among facilities, thus identifying an important population on which to focus quality improvement efforts.&#xA;&#xA;In accordance with the American College of Obstetricians and Gynecologists (ACOG) recommendations (2020), cesarean delivery is indicated for patients with active genital lesions of genital herpes or prodromal symptoms (i.e., vulvar pain or burning at delivery) that may indicate viral shedding. Therefore, the measure will exclude encounters with a diagnosis of active genital herpes.&#xA;&#xA;In addition, the accepted approach to treat placenta accreta spectrum, or the range of pathologic adherence of the placenta that includes placenta increta, placenta percreta, and placenta accreta, as well as placenta previa, is cesarean delivery (ACOG &amp; Society for Maternal-Fetal Medicine (SMFM), 2018). Vasa previa is an indication for cesarean delivery (SMFM Publications Committee, Sinkey, Odibo, &amp; Dashe, 2015). Accordingly, placenta previa, vasa previa, and placenta accreta spectrum are all qualifying conditions to also be excluded from the measure. &#xA; &#xA;Ultimately, a reduction in primary cesarean births will reduce the number of women having repeat cesarean births (almost 90% of mothers who have a primary cesarean birth will have subsequent cesarean birth (CDC, 2020)). Thus, improvement in the rates of cesarean birth for the first birth will reduce the morbidity of all future births and avoid all the controversies with trial of labor after cesarean/elective repeat cesareans."
                xsi:type="ED"/>
      </measureAttribute>
   </subjectOf>
   <subjectOf>
      <measureAttribute>
         <code code="CRS" codeSystem="2.16.840.1.113883.5.4">
            <displayName value="Clinical Recommendation Statement"/>
         </code>
         <value mediaType="text/plain"
                value="The  ACOG report, Evaluation of Cesarean Delivery (2000), recognizes the importance of the Nulliparous, Term Singleton Vertex (NTSV) population as the optimal focus for measurement and quality improvement action. A reduction in the number of nulliparous patients with live term singleton newborns in vertex position delivering by cesarean birth will result in increased patient safety, a substantial decrease in maternal and neonatal morbidity and substantial savings in health care costs."
                xsi:type="ED"/>
      </measureAttribute>
   </subjectOf>
   <subjectOf>
      <measureAttribute>
         <code code="IDUR" codeSystem="2.16.840.1.113883.5.4">
            <displayName value="Improvement Notation"/>
         </code>
         <value mediaType="text/plain"
                value="Within Optimal Range. The Joint Commission does not want to encourage inappropriately low Cesarean rates that may be unsafe to patients. Acceptable PC-02 rates are 30% or lower (U.S. Department of Health and Human Services, n.d.), however there is not an established threshold for what rate may be too low. PC-06 serves as a balancing measure for PC-02 to guard against any unanticipated or unintended consequences and to identify unforeseen complications that might arise as a result of quality improvement activities and efforts for this measure. In order to identify areas for improvement, hospitals may want to review results based on specific ICD-10 codes or patient populations. Data could then be analyzed further determine specific patterns or trends to help reduce cesarean births."
                xsi:type="ED"/>
      </measureAttribute>
   </subjectOf>
   <subjectOf>
      <measureAttribute>
         <code code="REF" codeSystem="2.16.840.1.113883.5.4">
            <displayName value="Reference"/>
         </code>
         <value mediaType="text/plain"
                value="CITATIONAgency for Healthcare Research and Quality. (2002). AHRQ Quality Indicators Guide to Inpatient Quality Indicators: Quality of Care in Hospitals Volume, Mortality, and Utilization. Revision 4 (2004, December 22). AHRQ Pub. No. 02-RO204."
                xsi:type="ED"/>
      </measureAttribute>
   </subjectOf>
   <subjectOf>
      <measureAttribute>
         <code code="REF" codeSystem="2.16.840.1.113883.5.4">
            <displayName value="Reference"/>
         </code>
         <value mediaType="text/plain"
                value="CITATIONAmerican College of Obstetricians and Gynecologists. (2000). Task Force on Cesarean Delivery Rates. Evaluation of Cesarean Delivery. (Developed under the direction of the Task Force on Cesarean Delivery Rates, Roger K. Freeman, MD, Chair, Arnold W. Cohen, MD, Richard Depp III, MD, Fredric D. Frigoletto Jr, MD, Gary D.V. Hankins, MD, Ellice Lieberman, MD, DrPH, M. Kathryn Menard, MD, David A. Nagey, MD, Carol W. Saffold, MD, Lisa Sams, RNC, MSN and ACOG Staff: Stanley Zinberg, MD, MS, Debra A. Hawks, MPH, and Elizabeth Steele)"
                xsi:type="ED"/>
      </measureAttribute>
   </subjectOf>
   <subjectOf>
      <measureAttribute>
         <code code="REF" codeSystem="2.16.840.1.113883.5.4">
            <displayName value="Reference"/>
         </code>
         <value mediaType="text/plain"
                value="CITATIONAmerican College of Obstetricians and Gynecologists. (2014). Revitalize: Obstetrics Data Definitions Version 1.0. American College of Obstetricians and Gynecologists. Revitalize: Obstetrics Data Definitions Version 1.0 - Search (bing.com)"
                xsi:type="ED"/>
      </measureAttribute>
   </subjectOf>
   <subjectOf>
      <measureAttribute>
         <code code="REF" codeSystem="2.16.840.1.113883.5.4">
            <displayName value="Reference"/>
         </code>
         <value mediaType="text/plain"
                value="CITATIONAmerican College of Obstetricians and Gynecologists. (2020, May). ACOG Practice Bulletin No. 220: Management of Genital Herpes in Pregnancy. Obstetrics &amp; Gynecology, 135(5), e193-e200."
                xsi:type="ED"/>
      </measureAttribute>
   </subjectOf>
   <subjectOf>
      <measureAttribute>
         <code code="REF" codeSystem="2.16.840.1.113883.5.4">
            <displayName value="Reference"/>
         </code>
         <value mediaType="text/plain"
                value="CITATIONAmerican College of Obstetricians and Gynecologists, &amp; Society for Maternal-Fetal Medicine (2018). Obstetric Care Consensus No. 7: Placenta Accreta Spectrum. Obstetrics and Gynecology, 132(6), e259–e275. https://doi.org/10.1097/AOG.0000000000002983"
                xsi:type="ED"/>
      </measureAttribute>
   </subjectOf>
   <subjectOf>
      <measureAttribute>
         <code code="REF" codeSystem="2.16.840.1.113883.5.4">
            <displayName value="Reference"/>
         </code>
         <value mediaType="text/plain"
                value="CITATIONBailit, J.L., Garrett, J.M., Miller, W.C., McMahon, M.J., &amp; Cefalo, R.C. (2002). Hospital primary cesarean delivery rates and the risk of poor neonatal outcomes. American Journal of Obstetrics &amp; Gynecology, 187(3):721-727."
                xsi:type="ED"/>
      </measureAttribute>
   </subjectOf>
   <subjectOf>
      <measureAttribute>
         <code code="REF" codeSystem="2.16.840.1.113883.5.4">
            <displayName value="Reference"/>
         </code>
         <value mediaType="text/plain"
                value="CITATIONBerkowitz, G. S., Fiarman, G. S., Mojica, M. A., Bauman, J., &amp; de Regt, R. H. (1989). Effect of physician characteristics on the cesarean birth rate. American Journal of Obstetrics and Gynecology, 161(1), 146–149. https://doi.org/10.1016/0002-9378(89)90252-4"
                xsi:type="ED"/>
      </measureAttribute>
   </subjectOf>
   <subjectOf>
      <measureAttribute>
         <code code="REF" codeSystem="2.16.840.1.113883.5.4">
            <displayName value="Reference"/>
         </code>
         <value mediaType="text/plain"
                value="CITATIONCenter for Disease Control. (2020) Recent trends in vaginal birth after cesarean delivery: United States, 2016-2018. Retrieved from National Center for Health Statistics: https://www.cdc.gov/nchs/products/databriefs/db359.htm"
                xsi:type="ED"/>
      </measureAttribute>
   </subjectOf>
   <subjectOf>
      <measureAttribute>
         <code code="REF" codeSystem="2.16.840.1.113883.5.4">
            <displayName value="Reference"/>
         </code>
         <value mediaType="text/plain"
                value="CITATIONGoyert, G. L., Bottoms, S. F., Treadwell, M. C., &amp; Nehra, P. C. (1989). The physician factor in cesarean birth rates. The New England Journal of Medicine, 320(11), 706–709. https://doi.org/10.1056/NEJM198903163201106"
                xsi:type="ED"/>
      </measureAttribute>
   </subjectOf>
   <subjectOf>
      <measureAttribute>
         <code code="REF" codeSystem="2.16.840.1.113883.5.4">
            <displayName value="Reference"/>
         </code>
         <value mediaType="text/plain"
                value="CITATIONKozhimannil, K. B., Law, M. R., &amp; Virnig, B. A. (2013). Cesarean delivery rates vary tenfold among US hospitals; reducing variation may address quality and cost issues. Health Affairs (Project Hope), 32(3), 527–535. https://doi.org/10.1377/hlthaff.2012.1030"
                xsi:type="ED"/>
      </measureAttribute>
   </subjectOf>
   <subjectOf>
      <measureAttribute>
         <code code="REF" codeSystem="2.16.840.1.113883.5.4">
            <displayName value="Reference"/>
         </code>
         <value mediaType="text/plain"
                value="CITATIONLuthy, D. A., Malmgren, J. A., Zingheim, R. W., &amp; Leininger, C. J. (2003). Physician contribution to a cesarean delivery risk model. American Journal of Obstetrics and Gynecology, 188(6), 1579–1587. https://doi.org/10.1067/mob.2003.389"
                xsi:type="ED"/>
      </measureAttribute>
   </subjectOf>
   <subjectOf>
      <measureAttribute>
         <code code="REF" codeSystem="2.16.840.1.113883.5.4">
            <displayName value="Reference"/>
         </code>
         <value mediaType="text/plain"
                value="CITATIONMain E.K., Bloomfield, L., &amp; Hunt, G. (2004). Development of a large-scale obstetric quality-improvement program that focused on the nulliparous patient at term. American Journal of Obstetrics and Gynecology, 190, 1747-58."
                xsi:type="ED"/>
      </measureAttribute>
   </subjectOf>
   <subjectOf>
      <measureAttribute>
         <code code="REF" codeSystem="2.16.840.1.113883.5.4">
            <displayName value="Reference"/>
         </code>
         <value mediaType="text/plain"
                value="CITATIONMain, E. K., Chang, S. C., Cape, V., Sakowski, C., Smith, H., &amp; Vasher, J. (2019). Safety assessment of a large-scale improvement collaborative to reduce nulliparous cesarean delivery rates. Obstetrics and Gynecology, 133(4), 613–623. https://doi.org/10.1097/AOG.0000000000003109"
                xsi:type="ED"/>
      </measureAttribute>
   </subjectOf>
   <subjectOf>
      <measureAttribute>
         <code code="REF" codeSystem="2.16.840.1.113883.5.4">
            <displayName value="Reference"/>
         </code>
         <value mediaType="text/plain"
                value="CITATIONMain, E. K., Moore, D., Farrell, B., Schimmel, L. D., Altman, R. J., Abrahams, C.,... Sterling, J. (2006). Is there a useful cesarean birth measure? Assessment of the nulliparous term singleton vertex cesarean birth rate as a tool for obstetric quality improvement. American Journal of Obstetrics and Gynecology, 194(6), 1644–1652. https://doi.org/10.1016/j.ajog.2006.03.013"
                xsi:type="ED"/>
      </measureAttribute>
   </subjectOf>
   <subjectOf>
      <measureAttribute>
         <code code="REF" codeSystem="2.16.840.1.113883.5.4">
            <displayName value="Reference"/>
         </code>
         <value mediaType="text/plain"
                value="CITATIONMain, E. K., Morton, C. H., Melsop, K., Hopkins, D., Giuliani, G., &amp; Gould, J. B. (2012). Creating a public agenda for maternity safety and quality in cesarean delivery. Obstetrics and Gynecology, 120(5), 1194–1198. https://doi.org/10.1097/aog.0b013e31826fc13d"
                xsi:type="ED"/>
      </measureAttribute>
   </subjectOf>
   <subjectOf>
      <measureAttribute>
         <code code="REF" codeSystem="2.16.840.1.113883.5.4">
            <displayName value="Reference"/>
         </code>
         <value mediaType="text/plain"
                value="CITATIONRosenstein, M. G., Chang, S. C., Sakowski, C., Markow, C., Teleki, S., Lang, L.,... Main, E. K. (2021). Hospital quality improvement interventions, statewide policy initiatives, and rates of cesarean delivery for nulliparous, term, singleton, vertex births in California. JAMA, 325(16), 1631–1639. https://doi.org/10.1001/jama.2021.3816"
                xsi:type="ED"/>
      </measureAttribute>
   </subjectOf>
   <subjectOf>
      <measureAttribute>
         <code code="REF" codeSystem="2.16.840.1.113883.5.4">
            <displayName value="Reference"/>
         </code>
         <value mediaType="text/plain"
                value="CITATIONSakala, C., Belanoff, C., &amp; Declercq, E. R. (2020). Factors Associated with Unplanned Primary Cesarean Birth: Secondary analysis of the listening to mothers in california survey. BMC Pregnancy and Childbirth, 20(1), 462. https://doi.org/10.1186/s12884-020-03095-4"
                xsi:type="ED"/>
      </measureAttribute>
   </subjectOf>
   <subjectOf>
      <measureAttribute>
         <code code="REF" codeSystem="2.16.840.1.113883.5.4">
            <displayName value="Reference"/>
         </code>
         <value mediaType="text/plain"
                value="CITATIONSociety of Maternal-Fetal (SMFM) Publications Committee, Sinkey, R. G., Odibo, A. O., &amp; Dashe, J. S. (2015). SMFM consult series #37: Diagnosis and management of vasa previa. American Journal of Obstetrics &amp; Gynecology, 213(5), 615-619. https://doi.org/10.1016/j.ajog.2015.08.031"
                xsi:type="ED"/>
      </measureAttribute>
   </subjectOf>
   <subjectOf>
      <measureAttribute>
         <code code="REF" codeSystem="2.16.840.1.113883.5.4">
            <displayName value="Reference"/>
         </code>
         <value mediaType="text/plain"
                value="CITATIONSymum, H., &amp; Zayas-Castro, J. L. (2023). A multistate decomposition analysis of cesarean rate variations, associated health outcomes, and financial implications in the United States. American Journal of Perinatology, 40(13), 1473-1483. https://doi.org/10.1055/s-0041-1736538"
                xsi:type="ED"/>
      </measureAttribute>
   </subjectOf>
   <subjectOf>
      <measureAttribute>
         <code code="REF" codeSystem="2.16.840.1.113883.5.4">
            <displayName value="Reference"/>
         </code>
         <value mediaType="text/plain"
                value="CITATIONU.S. Department of Health and Human Services. (n.d.). Reduce cesarean births among low-risk women with no prior births-MICH-06. https://health.gov/healthypeople/objectives-and-data/browse-objectives/pregnancy-and-childbirth/reduce-cesarean-births-among-low-risk-women-no-prior-births-mich-06"
                xsi:type="ED"/>
      </measureAttribute>
   </subjectOf>
   <subjectOf>
      <measureAttribute>
         <code code="DEF" codeSystem="2.16.840.1.113883.5.4">
            <displayName value="Definition"/>
         </code>
         <value mediaType="text/plain"
                value="Parity: The number of pregnancies reaching 20 weeks gestation regardless of the number of fetuses or outcomes&#xA;Gravidity: The number of pregnancies, current and past, regardless of the pregnancy outcome  &#xA;Preterm Birth: The number of births &gt;= 20 weeks and &lt; 37 weeks gestation, regardless of outcome &#xA;Term Birth: The number of births &gt;= 37 weeks gestation, regardless of outcome&#xA;Nulliparous: Parity = 0 or Gravidity = 1 or Preterm &amp; Term Births both = 0"
                xsi:type="ED"/>
      </measureAttribute>
   </subjectOf>
   <subjectOf>
      <measureAttribute>
         <code code="GUIDE" codeSystem="2.16.840.1.113883.5.4">
            <displayName value="Guidance"/>
         </code>
         <value mediaType="text/plain"
                value="Vertex position is modeled implicitly, as the measure excludes deliveries with abnormal presentations.&#xA;&#xA;Patients who do not receive prenatal care and have no documented gestational age or estimated due date are implicitly excluded from the measure, as gestational age is required to meet denominator criteria. &#xA;&#xA;This measure allows for 3 approaches to determine gestational age (GA) in the following order of precedence:&#xA;&#xA;1. The GA is calculated using the American College of Obstetricians and Gynecologists ReVITALize guidelines.*&#xA;2. The GA is obtained from a discrete field in the electronic health record. This option is only used when the calculated GA is not available.&#xA;3. The GA is based on ICD10 or SNOMED codes indicative of weeks gestation. This option is only used when results from items #1 and #2 (see above) are not available.&#xA;&#xA;Wherever gestational age is mentioned, relative to the delivery, the intent is to capture the last estimated gestational age prior to or at the time of delivery.&#xA; &#xA;*ACOG ReVITALize Guidelines for Calculating Gestational Age (ACOG, 2014):      &#xA;     &#xA;                                Gestational Age = (280-(EDD minus Reference Date))/7&#xA;&#xA;--Estimated Due Date (EDD): The best obstetrical Estimated Due Date is determined by last menstrual period if confirmed by early ultrasound or no ultrasound performed, or early ultrasound if no known last menstrual period or the ultrasound is not consistent with last menstrual period, or known date of fertilization (e.g., assisted reproductive technology) &#xA;--Reference Date is the date on which you are trying to determine gestational age. For purposes of this eCQM, Reference Date would be the Date of Delivery.&#xA;&#xA;Note however the calculation may yield a non-whole number and gestational age should be rounded off to the nearest completed week. For example, an infant born on the 5th day of the 36th week (35 weeks and 5/7 days) is at a gestational age of 35 weeks, not 36 weeks.&#xA;&#xA;The timing relationship of relevantDatetime 42 weeks or less before TimeOfDelivery is applied to the data elements of parity, gravida, preterm/term live births for which prenatal records may include relevant information. &#xA;&#xA;Note: The eCQM and chart-based measure slightly digress in the denominator and denominator exclusion logic. The chart-based measure excludes single stillbirth and patients with multiple gestations from the denominator. These concepts are mutually exclusive of the denominator requirement of live singleton newborn and therefore the logic does not address single stillbirth nor multiple gestation.&#xA;&#xA;Parity, preterm and term live births may be updated by the electronic health record software or by clinicians during a delivery encounter. To capture the pre-delivery value, organizations may need to create a rule or calculation to capture the number prior to the delivery start time.&#xA;&#xA;&quot;Gravida&quot;, &quot;PretermBirth&quot;, &quot;TermBirth&quot; and &quot;Parity&quot; results should be submitted via QRDA I as integer and not as number or quantity.&#xA;&#xA;This eCQM is an episode-based measure. An episode is defined as each inpatient hospitalization or encounter that ends during the measurement period.&#xA;&#xA;This version of the eCQM uses QDM version 5.6. Please refer to the eCQI resource center (https://ecqi.healthit.gov/qdm) for more information on the QDM."
                xsi:type="ED"/>
      </measureAttribute>
   </subjectOf>
   <subjectOf>
      <measureAttribute>
         <code code="TRANF" codeSystem="2.16.840.1.113883.5.4">
            <displayName value="Transmission Format"/>
         </code>
         <value mediaType="text/plain" value="TBD" xsi:type="ED"/>
      </measureAttribute>
   </subjectOf>
   <subjectOf>
      <measureAttribute>
         <code code="IPOP" codeSystem="2.16.840.1.113883.5.4">
            <displayName value="Initial Population"/>
         </code>
         <value mediaType="text/plain"
                value="Inpatient hospitalizations for patients age &gt;= 8 years and &lt; 65 admitted to the hospital for inpatient acute care who undergo a delivery procedure with a discharge date that ends during the measurement period"
                xsi:type="ED"/>
      </measureAttribute>
   </subjectOf>
   <subjectOf>
      <measureAttribute>
         <code code="DENOM" codeSystem="2.16.840.1.113883.5.4">
            <displayName value="Denominator"/>
         </code>
         <value mediaType="text/plain"
                value="Inpatient hospitalizations for nulliparous patients who delivered a live term singleton newborn &gt;= 37 weeks' gestation&#xA;&#xA;See Guidance and Definition Sections for more details."
                xsi:type="ED"/>
      </measureAttribute>
   </subjectOf>
   <subjectOf>
      <measureAttribute>
         <code code="DENEX" codeSystem="2.16.840.1.113883.5.4">
            <displayName value="Denominator Exclusions"/>
         </code>
         <value mediaType="text/plain"
                value="Inpatient hospitalizations for patients with any of the following conditions during the encounter:&#xA;- abnormal presentation&#xA;- genital herpes&#xA;- placenta previa&#xA;- vasa previa&#xA;- placenta accreta spectrum"
                xsi:type="ED"/>
      </measureAttribute>
   </subjectOf>
   <subjectOf>
      <measureAttribute>
         <code code="NUMER" codeSystem="2.16.840.1.113883.5.4">
            <displayName value="Numerator"/>
         </code>
         <value mediaType="text/plain"
                value="Inpatient hospitalizations for patients who deliver by cesarean section"
                xsi:type="ED"/>
      </measureAttribute>
   </subjectOf>
   <subjectOf>
      <measureAttribute>
         <code code="NUMEX" codeSystem="2.16.840.1.113883.5.4">
            <displayName value="Numerator Exclusions"/>
         </code>
         <value mediaType="text/plain" value="Not Applicable" xsi:type="ED"/>
      </measureAttribute>
   </subjectOf>
   <subjectOf>
      <measureAttribute>
         <code code="DENEXCEP" codeSystem="2.16.840.1.113883.5.4">
            <displayName value="Denominator Exceptions"/>
         </code>
         <value mediaType="text/plain" value="None" xsi:type="ED"/>
      </measureAttribute>
   </subjectOf>
   <subjectOf>
      <measureAttribute>
         <code code="SDE" codeSystem="2.16.840.1.113883.5.4">
            <displayName value="Supplemental Data Elements"/>
         </code>
         <value mediaType="text/plain"
                value="For every patient evaluated by this measure also identify payer, race, ethnicity, sex and calculated gestational age"
                xsi:type="ED"/>
      </measureAttribute>
   </subjectOf>
   <componentOf>
      <qualityMeasureSet classCode="ACT">
         <id root="fc52d0de-b53d-4ccf-816e-1e527748d2d9"/>
         <title value="eMeasure Perinatal Care (ePC)"/>
      </qualityMeasureSet>
   </componentOf>
   <!--Data Criteria Section-->
   <component>
      <dataCriteriaSection>
         <templateId>
            <item extension="2021-02-01" root="2.16.840.1.113883.10.20.28.2.6"/>
         </templateId>
         <code code="57025-9" codeSystem="2.16.840.1.113883.6.1"/>
         <title value="Data Criteria Section"/>
         <text/>
         <entry typeCode="DRIV">
            <localVariableName value="ONCAdministrativeSex_PatientCharacteristicSex_srxo3"/>
            <observationCriteria classCode="OBS" moodCode="EVN">
               <templateId>
                  <item extension="2017-05-01" root="2.16.840.1.113883.10.20.28.4.55"/>
               </templateId>
               <id extension="ONCAdministrativeSex_PatientCharacteristicSex"
                   root="dd4c9e91-1ad6-4f57-b908-bea52b7c13f7"/>
               <code code="263495000" codeSystem="2.16.840.1.113883.6.96" codeSystemName="SNOMED CT">
                  <displayName value="Gender"/>
               </code>
               <title value="Patient Characteristic Sex"/>
               <statusCode code="COMPLETED"/>
               <value valueSet="2.16.840.1.113762.1.4.1" xsi:type="CD"/>
            </observationCriteria>
         </entry>
         <entry typeCode="DRIV">
            <localVariableName value="Ethnicity_PatientCharacteristicEthnicity_mqhiq"/>
            <observationCriteria classCode="OBS" moodCode="EVN">
               <templateId>
                  <item extension="2017-05-01" root="2.16.840.1.113883.10.20.28.4.56"/>
               </templateId>
               <id extension="Ethnicity_PatientCharacteristicEthnicity"
                   root="8e55e7be-b315-440b-bb0a-a08d0db39ffd"/>
               <code code="54133-4" codeSystem="2.16.840.1.113883.6.1" codeSystemName="LOINC">
                  <displayName value="Ethnicity"/>
               </code>
               <title value="Patient Characteristic Ethnicity"/>
               <statusCode code="COMPLETED"/>
               <value valueSet="2.16.840.1.114222.4.11.837" xsi:type="CD"/>
            </observationCriteria>
         </entry>
         <entry typeCode="DRIV">
            <localVariableName value="EDVisitandOBTriage_EncounterPerformed_xOlyw"/>
            <encounterCriteria classCode="ENC" moodCode="EVN">
               <templateId>
                  <item extension="2021-02-01" root="2.16.840.1.113883.10.20.28.4.5"/>
               </templateId>
               <id extension="EDVisitandOBTriage_EncounterPerformed"
                   root="79f0f95e-c034-49a7-826a-03d1cd864086"/>
               <code valueSet="2.16.840.1.113762.1.4.1029.369"/>
               <title value="Encounter, Performed"/>
               <statusCode code="COMPLETED"/>
            </encounterCriteria>
         </entry>
         <entry typeCode="DRIV">
            <localVariableName value="EstimatedGestationalAgeatDelivery_AssessmentPerformed_VNUah"/>
            <observationCriteria classCode="OBS" moodCode="EVN">
               <templateId>
                  <item extension="2021-02-01" root="2.16.840.1.113883.10.20.28.4.117"/>
               </templateId>
               <id extension="EstimatedGestationalAgeatDelivery_AssessmentPerformed"
                   root="ae918b35-8b62-4a95-b7a4-ea5ec79228d0"/>
               <code valueSet="2.16.840.1.113762.1.4.1045.26"/>
               <title value="Assessment, Performed"/>
               <statusCode code="COMPLETED"/>
            </observationCriteria>
         </entry>
         <entry typeCode="DRIV">
            <localVariableName value="Race_PatientCharacteristicRace_RVrbP"/>
            <observationCriteria classCode="OBS" moodCode="EVN">
               <templateId>
                  <item extension="2017-05-01" root="2.16.840.1.113883.10.20.28.4.59"/>
               </templateId>
               <id extension="Race_PatientCharacteristicRace"
                   root="f65c529a-70ba-42bf-987b-c11dc1209bfd"/>
               <code code="32624-9" codeSystem="2.16.840.1.113883.6.1" codeSystemName="LOINC">
                  <displayName value="Race"/>
               </code>
               <title value="Patient Characteristic Race"/>
               <statusCode code="COMPLETED"/>
               <value valueSet="2.16.840.1.114222.4.11.836" xsi:type="CD"/>
            </observationCriteria>
         </entry>
         <entry typeCode="DRIV">
            <localVariableName value="DeliveryProcedures_ProcedurePerformed_xzmJB"/>
            <procedureCriteria classCode="PROC" moodCode="EVN">
               <templateId>
                  <item extension="2021-02-01" root="2.16.840.1.113883.10.20.28.4.67"/>
               </templateId>
               <id extension="DeliveryProcedures_ProcedurePerformed"
                   root="449779a6-00d9-41a2-864e-7572be8bc1c6"/>
               <code valueSet="2.16.840.1.113762.1.4.1045.59"/>
               <title value="Procedure, Performed"/>
               <statusCode code="COMPLETED"/>
            </procedureCriteria>
         </entry>
         <entry typeCode="DRIV">
            <localVariableName value="EncounterInpatient_EncounterPerformed_xferr"/>
            <encounterCriteria classCode="ENC" moodCode="EVN">
               <templateId>
                  <item extension="2021-02-01" root="2.16.840.1.113883.10.20.28.4.5"/>
               </templateId>
               <id extension="EncounterInpatient_EncounterPerformed"
                   root="c8060e96-dc7d-4780-a5cd-0aff93854cf3"/>
               <code valueSet="2.16.840.1.113883.3.666.5.307"/>
               <title value="Encounter, Performed"/>
               <statusCode code="COMPLETED"/>
            </encounterCriteria>
         </entry>
         <entry typeCode="DRIV">
            <localVariableName value="CesareanBirth_ProcedurePerformed_slN8j"/>
            <procedureCriteria classCode="PROC" moodCode="EVN">
               <templateId>
                  <item extension="2021-02-01" root="2.16.840.1.113883.10.20.28.4.67"/>
               </templateId>
               <id extension="CesareanBirth_ProcedurePerformed"
                   root="265d754b-aeae-420b-afa2-d778092a3fb9"/>
               <code valueSet="2.16.840.1.113883.3.117.1.7.1.282"/>
               <title value="Procedure, Performed"/>
               <statusCode code="COMPLETED"/>
            </procedureCriteria>
         </entry>
         <entry typeCode="DRIV">
            <localVariableName value="ObservationServices_EncounterPerformed_vwTK4"/>
            <encounterCriteria classCode="ENC" moodCode="EVN">
               <templateId>
                  <item extension="2021-02-01" root="2.16.840.1.113883.10.20.28.4.5"/>
               </templateId>
               <id extension="ObservationServices_EncounterPerformed"
                   root="fc27bc50-96f1-47fc-a074-727ad7275a87"/>
               <code valueSet="2.16.840.1.113762.1.4.1111.143"/>
               <title value="Encounter, Performed"/>
               <statusCode code="COMPLETED"/>
            </encounterCriteria>
         </entry>
         <entry typeCode="DRIV">
            <localVariableName value="PayerType_PatientCharacteristicPayer_PdjZp"/>
            <observationCriteria classCode="OBS" moodCode="EVN">
               <templateId>
                  <item extension="2017-05-01" root="2.16.840.1.113883.10.20.28.4.58"/>
               </templateId>
               <id extension="PayerType_PatientCharacteristicPayer"
                   root="8fcba680-91eb-475a-9189-e61366711231"/>
               <code code="48768-6" codeSystem="2.16.840.1.113883.6.1" codeSystemName="LOINC">
                  <displayName value="Payer Type"/>
               </code>
               <title value="Patient Characteristic Payer"/>
               <statusCode code="COMPLETED"/>
               <value valueSet="2.16.840.1.114222.4.11.3591" xsi:type="CD"/>
            </observationCriteria>
         </entry>
         <entry typeCode="DRIV">
            <localVariableName value="AbnormalPresentation_AssessmentPerformed_NtGZ7"/>
            <observationCriteria classCode="OBS" moodCode="EVN">
               <templateId>
                  <item extension="2021-02-01" root="2.16.840.1.113883.10.20.28.4.117"/>
               </templateId>
               <id extension="AbnormalPresentation_AssessmentPerformed"
                   root="f8a44588-1170-4949-ba73-2465362bc3c1"/>
               <code valueSet="2.16.840.1.113762.1.4.1045.105"/>
               <title value="Assessment, Performed"/>
               <statusCode code="COMPLETED"/>
            </observationCriteria>
         </entry>
         <entry typeCode="DRIV">
            <observationCriteria classCode="OBS" moodCode="EVN">
               <templateId>
                  <item extension="2021-02-01" root="2.16.840.1.113883.10.20.28.4.117"/>
               </templateId>
               <id extension="11639-2_AssessmentPerformed"
                   root="F210C7A7-63BA-4458-A8D7-8C1F9C5221B8"/>
               <code code="11639-2" codeSystem="2.16.840.1.113883.6.1" codeSystemName="LOINC"/>
               <title value="Assessment, Performed"/>
               <statusCode code="COMPLETED"/>
            </observationCriteria>
         </entry>
         <entry typeCode="DRIV">
            <observationCriteria classCode="OBS" moodCode="EVN">
               <templateId>
                  <item extension="2021-02-01" root="2.16.840.1.113883.10.20.28.4.117"/>
               </templateId>
               <id extension="11778-8_AssessmentPerformed"
                   root="C0AD1FCA-AA06-4C09-9D0F-87CE1FA594B9"/>
               <code code="11778-8" codeSystem="2.16.840.1.113883.6.1" codeSystemName="LOINC"/>
               <title value="Assessment, Performed"/>
               <statusCode code="COMPLETED"/>
            </observationCriteria>
         </entry>
         <entry typeCode="DRIV">
            <observationCriteria classCode="OBS" moodCode="EVN">
               <templateId>
                  <item extension="2021-02-01" root="2.16.840.1.113883.10.20.28.4.117"/>
               </templateId>
               <id extension="93857-1_AssessmentPerformed"
                   root="5C7B6199-EBEE-46CB-A927-1C8A5452FB44"/>
               <code code="93857-1" codeSystem="2.16.840.1.113883.6.1" codeSystemName="LOINC"/>
               <title value="Assessment, Performed"/>
               <statusCode code="COMPLETED"/>
            </observationCriteria>
         </entry>
         <entry typeCode="DRIV">
            <observationCriteria classCode="OBS" moodCode="EVN">
               <templateId>
                  <item extension="2021-02-01" root="2.16.840.1.113883.10.20.28.4.117"/>
               </templateId>
               <id extension="11977-6_AssessmentPerformed"
                   root="E04247C6-D660-4BAA-BE09-7349D4A2CAE4"/>
               <code code="11977-6" codeSystem="2.16.840.1.113883.6.1" codeSystemName="LOINC"/>
               <title value="Assessment, Performed"/>
               <statusCode code="COMPLETED"/>
            </observationCriteria>
         </entry>
         <entry typeCode="DRIV">
            <observationCriteria classCode="OBS" moodCode="EVN">
               <templateId>
                  <item extension="2021-02-01" root="2.16.840.1.113883.10.20.28.4.117"/>
               </templateId>
               <id extension="11996-6_AssessmentPerformed"
                   root="66A5BB3D-3471-4DC8-A406-EA2312517076"/>
               <code code="11996-6" codeSystem="2.16.840.1.113883.6.1" codeSystemName="LOINC"/>
               <title value="Assessment, Performed"/>
               <statusCode code="COMPLETED"/>
            </observationCriteria>
         </entry>
         <entry typeCode="DRIV">
            <observationCriteria classCode="OBS" moodCode="EVN">
               <templateId>
                  <item extension="2021-02-01" root="2.16.840.1.113883.10.20.28.4.117"/>
               </templateId>
               <id extension="11637-6_AssessmentPerformed"
                   root="1BAA7F5A-A28F-4E3E-A515-5A3B73DBB830"/>
               <code code="11637-6" codeSystem="2.16.840.1.113883.6.1" codeSystemName="LOINC"/>
               <title value="Assessment, Performed"/>
               <statusCode code="COMPLETED"/>
            </observationCriteria>
         </entry>
      </dataCriteriaSection>
   </component>
   <component>
      <populationCriteriaSection>
         <templateId>
            <item extension="2017-08-01" root="2.16.840.1.113883.10.20.28.2.7"/>
         </templateId>
         <id extension="PopulationCriteria1" root="573D508E-70BC-496F-AEF9-C1441DFFB47C"/>
         <code code="57026-7" codeSystem="2.16.840.1.113883.6.1"/>
         <title value="Population Criteria Section"/>
         <text/>
         <component typeCode="COMP">
            <initialPopulationCriteria classCode="OBS" moodCode="EVN">
               <id extension="initialPopulation" root="6C878F86-5B24-4B60-B65E-F050C4AB5207"/>
               <code code="IPOP" codeSystem="2.16.840.1.113883.5.4" codeSystemName="Act Code"/>
               <precondition typeCode="PRCN">
                  <criteriaReference classCode="OBS" moodCode="EVN">
                     <id extension="CesareanBirth.&quot;Initial Population&quot;"
                         root="B736B461-E33C-4D01-92A5-DEE2CD1F8873"/>
                  </criteriaReference>
               </precondition>
            </initialPopulationCriteria>
         </component>
         <component typeCode="COMP">
            <denominatorCriteria classCode="OBS" moodCode="EVN">
               <id extension="denominator" root="BD55DE56-C278-44A9-913D-07C8526CBE1D"/>
               <code code="DENOM" codeSystem="2.16.840.1.113883.5.4" codeSystemName="Act Code"/>
               <precondition typeCode="PRCN">
                  <criteriaReference classCode="OBS" moodCode="EVN">
                     <id extension="CesareanBirth.&quot;Denominator&quot;"
                         root="B736B461-E33C-4D01-92A5-DEE2CD1F8873"/>
                  </criteriaReference>
               </precondition>
            </denominatorCriteria>
         </component>
         <component typeCode="COMP">
            <denominatorExclusionCriteria classCode="OBS" moodCode="EVN">
               <id extension="denominatorExclusions" root="9CF38431-47F7-4A2C-B1EC-96F35DDA7837"/>
               <code code="DENEX" codeSystem="2.16.840.1.113883.5.4" codeSystemName="Act Code"/>
               <precondition typeCode="PRCN">
                  <criteriaReference classCode="OBS" moodCode="EVN">
                     <id extension="CesareanBirth.&quot;Denominator Exclusions&quot;"
                         root="B736B461-E33C-4D01-92A5-DEE2CD1F8873"/>
                  </criteriaReference>
               </precondition>
            </denominatorExclusionCriteria>
         </component>
         <component typeCode="COMP">
            <numeratorCriteria classCode="OBS" moodCode="EVN">
               <id extension="numerator" root="6F01B069-FC08-4E93-99D4-3950A55A91AB"/>
               <code code="NUMER" codeSystem="2.16.840.1.113883.5.4" codeSystemName="Act Code"/>
               <precondition typeCode="PRCN">
                  <criteriaReference classCode="OBS" moodCode="EVN">
                     <id extension="CesareanBirth.&quot;Numerator&quot;"
                         root="B736B461-E33C-4D01-92A5-DEE2CD1F8873"/>
                  </criteriaReference>
               </precondition>
            </numeratorCriteria>
         </component>
         <component typeCode="COMP">
            <cql-ext:supplementalDataElement>
               <id extension="Supplemental Data Elements"
                   root="EAB6CCDC-BF96-4A0E-A755-668EBE7AA8E3"/>
               <code code="SDE" codeSystem="2.16.840.1.113883.5.4" codeSystemName="Act Code"/>
               <precondition typeCode="PRCN">
                  <criteriaReference classCode="OBS" moodCode="EVN">
                     <id extension="CesareanBirth.&quot;SDE Ethnicity&quot;"
                         root="B736B461-E33C-4D01-92A5-DEE2CD1F8873"/>
                  </criteriaReference>
               </precondition>
            </cql-ext:supplementalDataElement>
         </component>
         <component typeCode="COMP">
            <cql-ext:supplementalDataElement>
               <id extension="Supplemental Data Elements"
                   root="4866864A-4A80-444D-B620-FD4537ACDB96"/>
               <code code="SDE" codeSystem="2.16.840.1.113883.5.4" codeSystemName="Act Code"/>
               <precondition typeCode="PRCN">
                  <criteriaReference classCode="OBS" moodCode="EVN">
                     <id extension="CesareanBirth.&quot;SDE Payer&quot;"
                         root="B736B461-E33C-4D01-92A5-DEE2CD1F8873"/>
                  </criteriaReference>
               </precondition>
            </cql-ext:supplementalDataElement>
         </component>
         <component typeCode="COMP">
            <cql-ext:supplementalDataElement>
               <id extension="Supplemental Data Elements"
                   root="F875C8A9-7562-4996-BD1C-2134E63BE931"/>
               <code code="SDE" codeSystem="2.16.840.1.113883.5.4" codeSystemName="Act Code"/>
               <precondition typeCode="PRCN">
                  <criteriaReference classCode="OBS" moodCode="EVN">
                     <id extension="CesareanBirth.&quot;SDE Race&quot;"
                         root="B736B461-E33C-4D01-92A5-DEE2CD1F8873"/>
                  </criteriaReference>
               </precondition>
            </cql-ext:supplementalDataElement>
         </component>
         <component typeCode="COMP">
            <cql-ext:supplementalDataElement>
               <id extension="Supplemental Data Elements"
                   root="CD12B04B-F792-41F7-BA82-DE5ABEE4237B"/>
               <code code="SDE" codeSystem="2.16.840.1.113883.5.4" codeSystemName="Act Code"/>
               <precondition typeCode="PRCN">
                  <criteriaReference classCode="OBS" moodCode="EVN">
                     <id extension="CesareanBirth.&quot;SDE Sex&quot;" root="B736B461-E33C-4D01-92A5-DEE2CD1F8873"/>
                  </criteriaReference>
               </precondition>
            </cql-ext:supplementalDataElement>
         </component>
         <component typeCode="COMP">
            <cql-ext:supplementalDataElement>
               <id extension="Supplemental Data Elements"
                   root="AB697F8E-4D85-453D-9FF0-2D71B3A6014D"/>
               <code code="SDE" codeSystem="2.16.840.1.113883.5.4" codeSystemName="Act Code"/>
               <precondition typeCode="PRCN">
                  <criteriaReference classCode="OBS" moodCode="EVN">
                     <id extension="CesareanBirth.&quot;SDE Variable Calculated Gestational Age&quot;"
                         root="B736B461-E33C-4D01-92A5-DEE2CD1F8873"/>
                  </criteriaReference>
               </precondition>
            </cql-ext:supplementalDataElement>
         </component>
      </populationCriteriaSection>
   </component>
</QualityMeasureDocument>