<?xml version="1.0" encoding="UTF-8" standalone="yes"?>
<QualityMeasureDocument xmlns="urn:hl7-org:v3"
                        xmlns:cql-ext="urn:hhs-cql:hqmf-n1-extensions:v1"
                        xmlns:xsi="http://www.w3.org/2001/XMLSchema-instance">

      <!--
            **************************************************************
            Measure Details Section
            **************************************************************
        -->
   <typeId extension="POQM_HD000001UV02" root="2.16.840.1.113883.1.3"/>
   <templateId>
      <item extension="2021-02-01" root="2.16.840.1.113883.10.20.28.1.2"/>
   </templateId>
   <id root="fbaecc84-b452-4188-95a6-21246e8ca619"/>
   <code code="57024-2" codeSystem="2.16.840.1.113883.6.1">
      <displayName value="Health Quality Measure Document"/>
   </code>
   <title
          value="Preventive Care and Screening: Screening for Depression and Follow-Up Plan"/>
   <text
         value="Percentage of patients aged 12 years and older screened for depression on the date of the encounter or up to 14 days prior to the date of the encounter using an age-appropriate standardized depression screening tool AND if positive a follow-up plan is documented on the date of or up to two days after the date of the qualifying encounter"/>
   <statusCode code="COMPLETED"/>
   <setId root="9a031e24-3d9b-11e1-8634-00237d5bf174"/>
   <versionNumber value="15.0.000"/>
   <author>
      <responsibleParty classCode="ASSIGNED">
         <representedResponsibleOrganization classCode="ORG" determinerCode="INSTANCE">
            <id>
               <item root="e9606bf4-a69f-11ea-bb37-0242ac130002"/>
            </id>
            <name>
               <item>
                  <part value="American Institutes for Research (AIR)"/>
               </item>
            </name>
         </representedResponsibleOrganization>
      </responsibleParty>
   </author>
   <custodian>
      <responsibleParty classCode="ASSIGNED">
         <representedResponsibleOrganization classCode="ORG" determinerCode="INSTANCE">
            <id>
               <item root="9048cd4c-b61b-11e4-a71e-12e3f512a338"/>
            </id>
            <name>
               <item>
                  <part value="Centers for Medicare &amp; Medicaid Services (CMS)"/>
               </item>
            </name>
         </representedResponsibleOrganization>
      </responsibleParty>
   </custodian>
   <!--Adult Depression Medications-->
   <definition>
      <valueSet classCode="OBS" moodCode="DEF">
         <id root="2.16.840.1.113883.3.526.3.1566"/>
         <title value="Adult Depression Medications"/>
      </valueSet>
   </definition>
   <!--Telephone Visits-->
   <definition>
      <valueSet classCode="OBS" moodCode="DEF">
         <id root="2.16.840.1.113883.3.464.1003.101.12.1080"/>
         <title value="Telephone Visits"/>
      </valueSet>
   </definition>
   <!--Medical Reason-->
   <definition>
      <valueSet classCode="OBS" moodCode="DEF">
         <id root="2.16.840.1.113883.3.526.3.1007"/>
         <title value="Medical Reason"/>
      </valueSet>
   </definition>
   <!--Bipolar Disorder-->
   <definition>
      <valueSet classCode="OBS" moodCode="DEF">
         <id root="2.16.840.1.113883.3.67.1.101.1.128"/>
         <title value="Bipolar Disorder"/>
      </valueSet>
   </definition>
   <!--Referral for Adult Depression-->
   <definition>
      <valueSet classCode="OBS" moodCode="DEF">
         <id root="2.16.840.1.113883.3.526.3.1571"/>
         <title value="Referral for Adult Depression"/>
      </valueSet>
   </definition>
   <!--Adolescent Depression Medications-->
   <definition>
      <valueSet classCode="OBS" moodCode="DEF">
         <id root="2.16.840.1.113883.3.526.3.1567"/>
         <title value="Adolescent Depression Medications"/>
      </valueSet>
   </definition>
   <!--Federal Administrative Sex-->
   <definition>
      <valueSet classCode="OBS" moodCode="DEF">
         <id root="2.16.840.1.113762.1.4.1021.121"/>
         <title value="Federal Administrative Sex"/>
      </valueSet>
   </definition>
   <!--Encounter to Screen for Depression-->
   <definition>
      <valueSet classCode="OBS" moodCode="DEF">
         <id root="2.16.840.1.113883.3.600.1916"/>
         <title value="Encounter to Screen for Depression"/>
      </valueSet>
   </definition>
   <!--Follow Up for Adult Depression-->
   <definition>
      <valueSet classCode="OBS" moodCode="DEF">
         <id root="2.16.840.1.113883.3.526.3.1568"/>
         <title value="Follow Up for Adult Depression"/>
      </valueSet>
   </definition>
   <!--Physical Therapy Evaluation-->
   <definition>
      <valueSet classCode="OBS" moodCode="DEF">
         <id root="2.16.840.1.113883.3.526.3.1022"/>
         <title value="Physical Therapy Evaluation"/>
      </valueSet>
   </definition>
   <!--Follow Up for Adolescent Depression-->
   <definition>
      <valueSet classCode="OBS" moodCode="DEF">
         <id root="2.16.840.1.113883.3.526.3.1569"/>
         <title value="Follow Up for Adolescent Depression"/>
      </valueSet>
   </definition>
   <!--Ethnicity-->
   <definition>
      <valueSet classCode="OBS" moodCode="DEF">
         <id root="2.16.840.1.114222.4.11.837"/>
         <title value="Ethnicity"/>
      </valueSet>
   </definition>
   <!--Referral for Adolescent Depression-->
   <definition>
      <valueSet classCode="OBS" moodCode="DEF">
         <id root="2.16.840.1.113883.3.526.3.1570"/>
         <title value="Referral for Adolescent Depression"/>
      </valueSet>
   </definition>
   <!--Payer Type-->
   <definition>
      <valueSet classCode="OBS" moodCode="DEF">
         <id root="2.16.840.1.114222.4.11.3591"/>
         <title value="Payer Type"/>
      </valueSet>
   </definition>
   <!--Race-->
   <definition>
      <valueSet classCode="OBS" moodCode="DEF">
         <id root="2.16.840.1.114222.4.11.836"/>
         <title value="Race"/>
      </valueSet>
   </definition>
   <!--Depression screening negative (finding)- -->
   <definition>
      <cql-ext:code code="428171000124102"
                    codeSystem="2.16.840.1.113883.6.96"
                    codeSystemName="SNOMEDCT">
         <displayName value="Depression screening negative (finding)"/>
      </cql-ext:code>
   </definition>
   <!--Adolescent depression screening assessment- -->
   <definition>
      <cql-ext:code code="73831-0"
                    codeSystem="2.16.840.1.113883.6.1"
                    codeSystemName="LOINC">
         <displayName value="Adolescent depression screening assessment"/>
      </cql-ext:code>
   </definition>
   <!--Adult depression screening assessment- -->
   <definition>
      <cql-ext:code code="73832-8"
                    codeSystem="2.16.840.1.113883.6.1"
                    codeSystemName="LOINC">
         <displayName value="Adult depression screening assessment"/>
      </cql-ext:code>
   </definition>
   <!--Depression screening declined (situation)- -->
   <definition>
      <cql-ext:code code="720834000"
                    codeSystem="2.16.840.1.113883.6.96"
                    codeSystemName="SNOMEDCT">
         <displayName value="Depression screening declined (situation)"/>
      </cql-ext:code>
   </definition>
   <!--Depression screening positive (finding)- -->
   <definition>
      <cql-ext:code code="428181000124104"
                    codeSystem="2.16.840.1.113883.6.96"
                    codeSystemName="SNOMEDCT">
         <displayName value="Depression screening positive (finding)"/>
      </cql-ext:code>
   </definition>
   <relatedDocument typeCode="COMP">
      <expressionDocument>
         <id root="03a38a49-d677-4fd3-9ca9-e5d282b190ff"/>
         <text mediaType="text/cql">
            <reference value="https://madie.cms.gov/libraries/9a031e24-3d9b-11e1-8634-00237d5bf174/CMS2DepressionScreenAndFollowUpQDM-15.0.000.cql"/>
            <translation mediaType="application/elm+xml">
               <reference value="https://madie.cms.gov/libraries/9a031e24-3d9b-11e1-8634-00237d5bf174/CMS2DepressionScreenAndFollowUpQDM-15.0.000.xml"/>
            </translation>
            <translation mediaType="application/elm+json">
               <reference value="https://madie.cms.gov/libraries/9a031e24-3d9b-11e1-8634-00237d5bf174/CMS2DepressionScreenAndFollowUpQDM-15.0.000.json"/>
            </translation>
         </text>
         <setId extension="9a031e24-3d9b-11e1-8634-00237d5bf174"
                identifierName="CMS2DepressionScreenAndFollowUpQDM"
                root="https://madie.cms.gov/libraries"/>
         <versionNumber value="15.0.000"/>
      </expressionDocument>
   </relatedDocument>
   <relatedDocument typeCode="COMP">
      <expressionDocument>
         <id root="d668c0b4-1a9e-4a15-9d8f-a61454a6921e"/>
         <text mediaType="text/cql">
            <reference value="https://madie.cms.gov/libraries/d668c0b4-1a9e-4a15-9d8f-a61454a6921e/CQMCommonQDM-9.0.000.cql"/>
            <translation mediaType="application/elm+xml">
               <reference value="https://madie.cms.gov/libraries/d668c0b4-1a9e-4a15-9d8f-a61454a6921e/CQMCommonQDM-9.0.000.xml"/>
            </translation>
            <translation mediaType="application/elm+json">
               <reference value="https://madie.cms.gov/libraries/d668c0b4-1a9e-4a15-9d8f-a61454a6921e/CQMCommonQDM-9.0.000.json"/>
            </translation>
         </text>
         <setId extension="d668c0b4-1a9e-4a15-9d8f-a61454a6921e"
                identifierName="CQMCommonQDM"
                root="https://madie.cms.gov/libraries"/>
         <versionNumber value="9.0.000"/>
      </expressionDocument>
   </relatedDocument>
   <controlVariable>
      <measurePeriod>
         <id extension="measureperiod" root="25934a42-c62f-4d4a-b043-7b9a734dc211"/>
         <code code="MSRTP" codeSystem="2.16.840.1.113883.5.4">
            <originalText value="Measurement Period"/>
         </code>
         <value highClosed="false" lowClosed="true" xsi:type="IVL_TS">
            <low value="20260101"/>
            <high value="20270101"/>
         </value>
      </measurePeriod>
   </controlVariable>
   <subjectOf>
      <measureAttribute>
         <code nullFlavor="OTH">
            <originalText value="CMS ID"/>
         </code>
         <value mediaType="text/plain" value="2" xsi:type="ED"/>
      </measureAttribute>
   </subjectOf>
   <subjectOf>
      <measureAttribute>
         <code nullFlavor="OTH">
            <originalText value="CBE Number"/>
         </code>
         <value mediaType="text/plain" value="Not Applicable" xsi:type="ED"/>
      </measureAttribute>
   </subjectOf>
   <subjectOf>
      <measureAttribute>
         <code code="COPY" codeSystem="2.16.840.1.113883.5.4">
            <displayName value="Copyright"/>
         </code>
         <value mediaType="text/plain"
                value="This electronic clinical quality measure (Measure) and related data specifications are owned and stewarded by the Centers for Medicare &amp; Medicaid Services (CMS). CMS contracted (Contract # 75FCMC18D0027/ Task Order #: 75FCMC24F0144) with the American Institutes for Research (AIR) to develop this electronic measure. AIR is not responsible for any use of the Measure. AIR makes no representations, warranties, or endorsement about the quality of any organization or physician that uses or reports performance measures and AIR has no liability to anyone who relies on such measures or specifications. Limited proprietary coding is contained in the Measure specifications for user convenience. Users of proprietary code sets should obtain all necessary licenses from the owners of the code sets. AIR disclaims all liability for use or accuracy of any third-party codes contained in the specifications. CPT(R) contained in the Measure specifications is copyright 2004-2024 American Medical Association. LOINC(R) is copyright 2004-2024 Regenstrief Institute, Inc. This material contains SNOMED Clinical Terms(R) (SNOMED CT[R]) copyright 2004-2024 International Health Terminology Standards Development Organization. ICD-10 is copyright 2024 World Health Organization. All Rights Reserved."
                xsi:type="ED"/>
      </measureAttribute>
   </subjectOf>
   <subjectOf>
      <measureAttribute>
         <code code="DISC" codeSystem="2.16.840.1.113883.5.4">
            <displayName value="Disclaimer"/>
         </code>
         <value mediaType="text/plain"
                value="These performance measures are not clinical guidelines and do not establish a standard of medical care, and have not been tested for all potential applications. THE MEASURES AND SPECIFICATIONS ARE PROVIDED “AS IS” WITHOUT WARRANTY OF ANY KIND. Due to technical limitations, registered trademarks are indicated by (R) or [R] and unregistered trademarks are indicated by (TM) or [TM]."
                xsi:type="ED"/>
      </measureAttribute>
   </subjectOf>
   <subjectOf>
      <measureAttribute>
         <code code="MSRSCORE" codeSystem="2.16.840.1.113883.5.4">
            <displayName value="Measure Scoring"/>
         </code>
         <value code="PROPOR" codeSystem="2.16.840.1.113883.5.1063" xsi:type="CD">
            <displayName value="Proportion"/>
         </value>
      </measureAttribute>
   </subjectOf>
   <subjectOf>
      <measureAttribute>
         <code code="MSRTYPE" codeSystem="2.16.840.1.113883.5.4">
            <displayName value="Measure Type"/>
         </code>
         <value code="PROCESS" codeSystem="2.16.840.1.113883.5.1063" xsi:type="CD">
            <displayName value="Process"/>
         </value>
      </measureAttribute>
   </subjectOf>
   <subjectOf>
      <measureAttribute>
         <code code="STRAT" codeSystem="2.16.840.1.113883.5.4">
            <displayName value="Stratification"/>
         </code>
         <value mediaType="text/plain" value="None" xsi:type="ED"/>
      </measureAttribute>
   </subjectOf>
   <subjectOf>
      <measureAttribute>
         <code code="MSRADJ" codeSystem="2.16.840.1.113883.5.4">
            <displayName value="Risk Adjustment"/>
         </code>
         <value mediaType="text/plain" value="None" xsi:type="ED"/>
      </measureAttribute>
   </subjectOf>
   <subjectOf>
      <measureAttribute>
         <code code="MSRAGG" codeSystem="2.16.840.1.113883.5.4">
            <displayName value="Rate Aggregation"/>
         </code>
         <value mediaType="text/plain" value="None" xsi:type="ED"/>
      </measureAttribute>
   </subjectOf>
   <subjectOf>
      <measureAttribute>
         <code code="RAT" codeSystem="2.16.840.1.113883.5.4">
            <displayName value="Rationale"/>
         </code>
         <value mediaType="text/plain"
                value="Depression affects more than two hundred sixty million people across the world and is a leading cause of disability, with a variety of depressive disorders that are independent risk factors for chronic diseases, such as cardiovascular disease and diabetes, lending screening for depression as paramount to identify depressive disorders that can affect the most vulnerable populations (Costantini et al., 2021). Results from a 2018 U.S. survey indicated that 14.4 percent of adolescents (3.5 million adolescents) had a major depressive episode (MDE) in the past year, with nine percent of adolescents (2.4 million adolescents) having one MDE with severe impairment (Substance Abuse and Mental Health Services Administration, 2019). The odds of a diagnosis of depression are believed to be 2.6 times greater for children and adolescents exposed to trauma as compared to those unexposed or less exposed (Vibhakar et al., 2019). Children and teens with major depressive disorder (MDD) have been found to have difficulty carrying out their daily activities, relating to others, growing up healthy, and are at an increased risk of suicide (Siu on behalf of the U.S. Preventive Services Task Force [USPSTF], 2016). The same 2018 study indicated that 7.2 percent of adults aged 18 or older (17.7 million adults) had at least one MDE with 4.7 percent of adults (11.5 million adults) having one MDE with severe impairment in the past year (Substance Abuse and Mental Health Services Administration, 2019). Moreover, it is estimated 22.9 percent of adult patients with chronic pain (2.2 million adults) were diagnosed with comorbid depression from 2011 to 2015, with an upward trend of prevalence among Black Americans, patients aged 65 to 84 years old, Medicare and Medicaid insured patients, and patients from zip code areas with low annual household incomes (Orhurhu et al., 2019). Depression and other mood disorders, such as bipolar disorder and anxiety disorders, especially during the perinatal period, can have devastating effects on women, infants, and families (American College of Obstetricians and Gynecologists, 2018). It's estimated that the global prevalence of antenatal (or perinatal) depression ranges from 15 to 65 percent, with current or previous exposure to abuse and violence, lack of social support, and family history of mental disorders being risk factors. Depressive symptoms measured during pregnancy have been shown to influence the quality of the postpartum mother-infant relationship (Hazell Raine et al., 2020). Additionally, the risk of low birth weight and preterm birth is higher among infants born from depressed mothers (Dadi, Miller, Bisetegn, &amp; Mwanri, 2020). Negative outcomes associated with depression make it crucial to screen in order to identify and treat depression in its early stages. Multiple social costs of depression have been identified, such as reduced educational achievements, poor financial success and role performance, higher amount of days out of role, and increased risk of job loss (Costantini et al., 2021). Depression also imposes significant economic burden through direct and indirect costs, supporting the need for regular depression screening. &quot;In the United States, an estimated $22.8 billion was spent on depression treatment in 2009, and lost productivity cost an additional estimated $23 billion in 2011&quot; (Siu &amp; USPSTF, 2016, p. 383-384). Numerous studies have found significant disparities in depression prevalence and treatment among racial/ethnic minorities. One study revealed that Indigenous adults are at a high risk for posttraumatic stress disorder, depression, suicide, substance use disorder, and concurrent behavioral health disorders secondary to these initial health problems (Ka’apu and Burnette, 2019). Additionally, though rates of depression are lower among Blacks and Hispanics than among whites, depression among Blacks and Hispanics is likely to be more recurrent. Furthermore, 48 percent of whites receive mental health services, compared to just 31 percent of Blacks and Hispanics, and 22 percent of Asians (American Psychiatric Association, 2017). Asian Americans and Black Americans are also significantly more likely to utilize emergency rooms for depression treatment, which contributes to inconsistent follow-up care (Lee et al., 2014). While primary care providers (PCPs) serve as the first line of defense in the detection of depression, studies show that PCPs fail to recognize up to 46 percent of depressed patients (Borner et al., 2010). &quot;In nationally representative U.S. surveys, about eight percent of adolescents reported having major depression in the past year. Only 36 percent to 44 percent of children and adolescents with depression receive treatment, suggesting that a majority of depressed youth are undiagnosed and untreated&quot; (Siu on behalf of USPSTF, 2016). Furthermore, evidence supports that screening for depression in pregnant and postpartum women is of moderate net benefit, and treatment options for positive depression screening should be available for patients twelve and older including pregnant and postpartum women. This measure seeks to align with USPSTF clinical guideline recommendations as well as the Healthy People 2030 recommendation to increase the proportion of adolescents and adults who are screened for depression and if positive, receive appropriate treatment (U.S. Preventive Services Task Force, 2016; U.S. Department of Health and Human Services, 2020). For patients with depression, rescreening has been shown to be an effective tool for measuring response to therapy, therefore influencing appropriate care adjustments in the treatment of depression (Anderson et al., 2002). Chen et al. noted that when patients were re-administered a screening tool after at least eight weeks after starting treatment, their &quot;score gave primary care physicians a clear idea about the nature of patients' depressive symptoms and gave both the patient and the physician an indication of treatment progress&quot; (Chen et al., 2006)."
                xsi:type="ED"/>
      </measureAttribute>
   </subjectOf>
   <subjectOf>
      <measureAttribute>
         <code code="CRS" codeSystem="2.16.840.1.113883.5.4">
            <displayName value="Clinical Recommendation Statement"/>
         </code>
         <value mediaType="text/plain"
                value="Adolescent Recommendation (12-18 years): &quot;The USPSTF recommends screening for MDD in adolescents aged 12 to 18 years. Screening should be implemented with adequate systems in place to ensure accurate diagnosis, effective treatment, and appropriate follow-up (B recommendation)&quot; (Siu on behalf of USPSTF, 2016). Adult Recommendation (18 years and older): &quot;The USPSTF recommends screening for depression in the general adult population, including pregnant and postpartum women. Screening should be implemented with adequate systems in place to ensure accurate diagnosis, effective treatment, and appropriate follow-up (B recommendation)&quot; (Siu &amp; USPSTF, 2016). “The USPSTF recommends that clinicians provide or refer pregnant and postpartum persons who are at increased risk of perinatal depression to counseling interventions (B recommendation)” (U.S. Preventive Services Task Force, 2019). The American College of Obstetricians and Gynecologists (ACOG) provides the following recommendation: &quot;All obstetrician–gynecologists and other obstetric care providers should complete a full assessment of mood and emotional well-being (including screening for postpartum depression and anxiety with a validated instrument) during the comprehensive postpartum visit for each patient&quot; (American College of Obstetricians and Gynecologists, 2018). The Institute for Clinical Systems Improvement (ICSI) health care guideline, Adult Depression in Primary Care, provides the following recommendations: 1. &quot;Clinicians should routinely screen all adults for depression using a standardized instrument.&quot; 2. &quot;Clinicians should establish and maintain follow-up with patients.&quot; 3. &quot;Clinicians should screen and monitor depression in pregnant and post-partum women&quot; (Trangle et al., 2016)."
                xsi:type="ED"/>
      </measureAttribute>
   </subjectOf>
   <subjectOf>
      <measureAttribute>
         <code code="IDUR" codeSystem="2.16.840.1.113883.5.4">
            <displayName value="Improvement Notation"/>
         </code>
         <value mediaType="text/plain"
                value="Higher score indicates better quality"
                xsi:type="ED"/>
      </measureAttribute>
   </subjectOf>
   <subjectOf>
      <measureAttribute>
         <code code="REF" codeSystem="2.16.840.1.113883.5.4">
            <displayName value="Reference"/>
         </code>
         <value mediaType="text/plain"
                value="CITATION American College of Obstetricians and Gynecologists, Committee on Obstetric Practice. (2018). ACOG Committee Opinion Number 757: Screening for perinatal depression. Obstetrics and Gynecology, 132(5), e208-e212. doi: 10.1097/AOG.0000000000002927"
                xsi:type="ED"/>
      </measureAttribute>
   </subjectOf>
   <subjectOf>
      <measureAttribute>
         <code code="REF" codeSystem="2.16.840.1.113883.5.4">
            <displayName value="Reference"/>
         </code>
         <value mediaType="text/plain"
                value="CITATION American Psychiatric Association. (2017). Mental Health Disparities: Diverse Populations. Retrieved from https://www.psychiatry.org/psychiatrists/diversity/education/mental-health-facts"
                xsi:type="ED"/>
      </measureAttribute>
   </subjectOf>
   <subjectOf>
      <measureAttribute>
         <code code="REF" codeSystem="2.16.840.1.113883.5.4">
            <displayName value="Reference"/>
         </code>
         <value mediaType="text/plain"
                value="CITATION Anderson, J., Michalak, E., &amp; Lam, R. (2002). Depression in primary care: Tools for screening, diagnosis, and measuring response to treatment. BCMJ, 44(8),415-419. https://bcmj.org/articles/depression-primary-care-tools-screening-diagnosis-and-measuring-response-treatment"
                xsi:type="ED"/>
      </measureAttribute>
   </subjectOf>
   <subjectOf>
      <measureAttribute>
         <code code="REF" codeSystem="2.16.840.1.113883.5.4">
            <displayName value="Reference"/>
         </code>
         <value mediaType="text/plain"
                value="CITATION Borner, I., Braunstein, J. W., St. Victor, R., &amp; Pollack, J. (2010). Evaluation of a 2-question screening tool for detecting depression in adolescents in primary care. Clinical Pediatrics, 49(10), 947-995. doi:10.1177/0009922810370203"
                xsi:type="ED"/>
      </measureAttribute>
   </subjectOf>
   <subjectOf>
      <measureAttribute>
         <code code="REF" codeSystem="2.16.840.1.113883.5.4">
            <displayName value="Reference"/>
         </code>
         <value mediaType="text/plain"
                value="CITATION Chen, T., Huang, F., Chang, C., &amp; Chung, H. (2006), Using the PHQ-9 for depression screening and treatment monitoring for Chinese Americans in primary care. Psychiatr Serv., 57(7),976–981. https://ps.psychiatryonline.org/doi/full/10.1176/ps.2006.57.7.976"
                xsi:type="ED"/>
      </measureAttribute>
   </subjectOf>
   <subjectOf>
      <measureAttribute>
         <code code="REF" codeSystem="2.16.840.1.113883.5.4">
            <displayName value="Reference"/>
         </code>
         <value mediaType="text/plain"
                value="CITATION Costantini, L., Costanza, A., Odone, A., Aguglia, A., Escelsior, A., Serafini, G., Amore, M., &amp; Amerio, A. (2021). A breakthrough in research on depression screening: from validation to efficacy studies. Acta bio-medica : Atenei Parmensis, 92(3), e2021215. https://doi.org/10.23750/abm.v92i3.11574"
                xsi:type="ED"/>
      </measureAttribute>
   </subjectOf>
   <subjectOf>
      <measureAttribute>
         <code code="REF" codeSystem="2.16.840.1.113883.5.4">
            <displayName value="Reference"/>
         </code>
         <value mediaType="text/plain"
                value="CITATION Dadi, A. F., Miller, E. R., Bisetegn, T. A., &amp; Mwanri, L. (2020). Global burden of antenatal depression and its association with adverse birth outcomes: an umbrella review. BMC public health, 20(1), 173. https://doi.org/10.1186/s12889-020-8293-9"
                xsi:type="ED"/>
      </measureAttribute>
   </subjectOf>
   <subjectOf>
      <measureAttribute>
         <code code="REF" codeSystem="2.16.840.1.113883.5.4">
            <displayName value="Reference"/>
         </code>
         <value mediaType="text/plain"
                value="CITATION Hazell Raine, K., Nath, S., Howard, L. M., Cockshaw, W., Boyce, P., Sawyer, E., &amp; Thorpe, K. (2020). Associations between prenatal maternal mental health indices and mother-infant relationship quality 6 to 18 months' postpartum: A systematic review. Infant mental health journal, 41(1), 24–39. https://doi.org/10.1002/imhj.21825"
                xsi:type="ED"/>
      </measureAttribute>
   </subjectOf>
   <subjectOf>
      <measureAttribute>
         <code code="REF" codeSystem="2.16.840.1.113883.5.4">
            <displayName value="Reference"/>
         </code>
         <value mediaType="text/plain"
                value="CITATION Ka'apu, K., &amp; Burnette, C. E. (2019). A Culturally Informed Systematic Review of Mental Health Disparities Among Adult Indigenous Men and Women of the USA: What is known?. British journal of social work, 49(4), 880–898. https://doi.org/10.1093/bjsw/bcz009"
                xsi:type="ED"/>
      </measureAttribute>
   </subjectOf>
   <subjectOf>
      <measureAttribute>
         <code code="REF" codeSystem="2.16.840.1.113883.5.4">
            <displayName value="Reference"/>
         </code>
         <value mediaType="text/plain"
                value="CITATION Lee, S. Y., Xue, Q. L., Spira, A. P., &amp; Lee, H. B. (2014). Racial and ethnic differences in depressive subtypes and access to mental health care in the United States. Journal of affective disorders, 155, 130–137. https://doi.org/10.1016/j.jad.2013.10.037"
                xsi:type="ED"/>
      </measureAttribute>
   </subjectOf>
   <subjectOf>
      <measureAttribute>
         <code code="REF" codeSystem="2.16.840.1.113883.5.4">
            <displayName value="Reference"/>
         </code>
         <value mediaType="text/plain"
                value="CITATION Orhurhu, V., Olusunmade, M., Akinola, Y., Urits, I., Orhurhu, M. S., Viswanath, O., … Gill, J. S. (2019). Depression Trends in Patients with Chronic Pain: An Analysis of the Nationwide Inpatient Sample. Pain physician, 22(5), E487–E494."
                xsi:type="ED"/>
      </measureAttribute>
   </subjectOf>
   <subjectOf>
      <measureAttribute>
         <code code="REF" codeSystem="2.16.840.1.113883.5.4">
            <displayName value="Reference"/>
         </code>
         <value mediaType="text/plain"
                value="CITATION Siu, A. L., &amp; USPSTF. (2016). Screening for depression in adults: U.S. Preventive Services Task Force recommendation statement. Journal of the American Medical Association, 315(4), 380-387. doi:10.1001/jama.2015.18392."
                xsi:type="ED"/>
      </measureAttribute>
   </subjectOf>
   <subjectOf>
      <measureAttribute>
         <code code="REF" codeSystem="2.16.840.1.113883.5.4">
            <displayName value="Reference"/>
         </code>
         <value mediaType="text/plain"
                value="CITATION Siu, A. L., on behalf of USPSTF. (2016). Screening for depression in children and adolescents: U.S. Preventive Services Task Force recommendation statement. Annals of Internal Medicine, 164(5), 360-366. doi:10.7326/M15-2957"
                xsi:type="ED"/>
      </measureAttribute>
   </subjectOf>
   <subjectOf>
      <measureAttribute>
         <code code="REF" codeSystem="2.16.840.1.113883.5.4">
            <displayName value="Reference"/>
         </code>
         <value mediaType="text/plain"
                value="CITATION Substance Abuse and Mental Health Services Administration. (2019). Key substance use and mental health indicators in the United States: Results from the 2018 National Survey on Drug Use and Health (HHS Publication No. PEP19 5068, NSDUH Series H 54). Rockville, MD: Center for Behavioral Health Statistics and Quality, Substance Abuse and Mental Health Services Administration. Retrieved from https://www.samhsa.gov/data/sites/default/files/cbhsq-reports/NSDUHNationalFindingsReport2018/NSDUHNationalFindingsReport2018.htm#mde"
                xsi:type="ED"/>
      </measureAttribute>
   </subjectOf>
   <subjectOf>
      <measureAttribute>
         <code code="REF" codeSystem="2.16.840.1.113883.5.4">
            <displayName value="Reference"/>
         </code>
         <value mediaType="text/plain"
                value="CITATION Trangle, M., Gursky, J., Haight, R., Hardwig, J., Hinnenkamp, T., Kessler, D.,… Myszkowski, M. (2016). Adult depression in primary care. Bloomington, MN: Institute for Clinical Systems Improvement. Retrieved from https://www.icsi.org/guideline/depression/"
                xsi:type="ED"/>
      </measureAttribute>
   </subjectOf>
   <subjectOf>
      <measureAttribute>
         <code code="REF" codeSystem="2.16.840.1.113883.5.4">
            <displayName value="Reference"/>
         </code>
         <value mediaType="text/plain"
                value="CITATION U.S. Department of Health and Human Services. (2020). Healthy People 2030: Depression in adults: Screening. Washington, DC: U.S. Department of Health and Human Services. Retrieved from https://health.gov/healthypeople/tools-action/browse-evidence-based-resources/depression-adults-screening"
                xsi:type="ED"/>
      </measureAttribute>
   </subjectOf>
   <subjectOf>
      <measureAttribute>
         <code code="REF" codeSystem="2.16.840.1.113883.5.4">
            <displayName value="Reference"/>
         </code>
         <value mediaType="text/plain"
                value="CITATION U.S. Preventive Services Task Force. (2016). Final recommendation statement: depression in adults: screening. Retrieved from https://www.uspreventiveservicestaskforce.org/uspstf/recommendation/depression-in-adults-screening"
                xsi:type="ED"/>
      </measureAttribute>
   </subjectOf>
   <subjectOf>
      <measureAttribute>
         <code code="REF" codeSystem="2.16.840.1.113883.5.4">
            <displayName value="Reference"/>
         </code>
         <value mediaType="text/plain"
                value="CITATION U.S. Preventive Services Task Force. (2019). Interventions to Prevent Perinatal Depression: US Preventive Services Task Force Recommendation Statement. JAMA, 321(6):580–587. doi:10.1001/jama.2019.0007"
                xsi:type="ED"/>
      </measureAttribute>
   </subjectOf>
   <subjectOf>
      <measureAttribute>
         <code code="REF" codeSystem="2.16.840.1.113883.5.4">
            <displayName value="Reference"/>
         </code>
         <value mediaType="text/plain"
                value="CITATION Vibhakar, V., Allen, L. R., Gee, B., &amp; Meiser-Stedman, R. (2019). A systematic review and meta-analysis on the prevalence of depression in children and adolescents after exposure to trauma. Journal of affective disorders, 255, 77–89. https://doi.org/10.1016/j.jad.2019.05.005"
                xsi:type="ED"/>
      </measureAttribute>
   </subjectOf>
   <subjectOf>
      <measureAttribute>
         <code code="DEF" codeSystem="2.16.840.1.113883.5.4">
            <displayName value="Definition"/>
         </code>
         <value mediaType="text/plain"
                value="Screening: Completion of a clinical or diagnostic tool used to identify people at risk of developing or having a certain disease or condition, even in the absence of symptoms. Standardized Depression Screening Tool: A normalized and validated depression screening tool developed for the patient population in which it is being utilized. Examples of standardized depression screening tools include but are not limited to: - Adolescent Screening Tools (12-17 years) - Patient Health Questionnaire for Adolescents (PHQ-A) - Beck Depression Inventory-Primary Care Version (BDI-PC) - Mood Feeling Questionnaire (MFQ) - Center for Epidemiologic Studies Depression Scale (CES-D) - Patient Health Questionnaire (PHQ-9) - Pediatric Symptom Checklist (PSC-17) - Primary Care Evaluation of Mental Disorders Patient Health Questionnaire (PRIME-MD PHQ-2) - Adult Screening Tools (18 years and older) - Patient Health Questionnaire (PHQ-9) - Beck Depression Inventory (BDI or BDI-II) - Center for Epidemiologic Studies Depression Scale (CES-D) - Depression Scale (DEPS) - Duke Anxiety-Depression Scale (DADS) - Geriatric Depression Scale (GDS) - Cornell Scale for Depression in Dementia (CSDD) - PRIME MD-PHQ-2 - Hamilton Rating Scale for Depression (HAM-D) - Quick Inventory of Depressive Symptomatology Self-Report (QID-SR) - Computerized Adaptive Testing Depression Inventory (CAT-DI) - Computerized Adaptive Diagnostic Screener (CAD-MDD) - Perinatal Screening Tools - Edinburgh Postnatal Depression Scale - Postpartum Depression Screening Scale - Patient Health Questionnaire 9 (PHQ-9) - Beck Depression Inventory - Beck Depression Inventory-II - Center for Epidemiologic Studies Depression Scale - Zung Self-rating Depression Scale Follow-Up Plan: Documented follow-up for a positive depression screening must include one or more of the following: - Referral to a provider for additional evaluation and assessment to formulate a follow-up plan for a positive depression screen - Pharmacological interventions (prescribed or active depression medication) - Other interventions or follow-up for the diagnosis or treatment of depression"
                xsi:type="ED"/>
      </measureAttribute>
   </subjectOf>
   <subjectOf>
      <measureAttribute>
         <code code="GUIDE" codeSystem="2.16.840.1.113883.5.4">
            <displayName value="Guidance"/>
         </code>
         <value mediaType="text/plain"
                value="The intent of the measure is to screen all patients for depression except those with previous diagnosis of bipolar disorder. Patients who have ever been diagnosed with bipolar disorder prior to the qualifying encounter will be excluded from the measure regardless of whether the diagnosis is active or not. A depression screen is completed on the date of the encounter or up to 14 calendar days prior to the date of the encounter using an age-appropriate standardized depression screening tool AND if positive, a follow-up plan must be documented on the date of or up to two calendar days after the date of the encounter, such as referral to a provider for additional evaluation, pharmacological interventions, or other interventions for the treatment of depression. An example to illustrate the follow-up plan documentation timing: if the encounter is on a Monday from 3-4 pm (day 0) and the patient screens positive, the clinician has through anytime on Wednesday (day 2) to complete follow-up plan documentation. This measure does not require documentation of a specific score, just whether results of the normalized and validated depression screening tool used are considered positive or negative. Each standardized screening tool provides guidance on whether a particular score is considered positive for depression. The measure is not prescriptive in the specific screening tool being used and provides no hierarchy for acceptance of one tool over another. In the case where two screenings are documented on the same date/time with different results (one positive and one negative), the measure only assesses the most recent screening. Since both screenings are both considered the most recent, the patient will be captured in the numerator if the positive screening result also includes documentation of an intervention following the positive screen. This eCQM is a patient-based measure. Depression screening is required once per measurement period, not at all encounters. Screening Tools: - An age-appropriate, standardized, and validated depression screening tool must be used for numerator compliance. - The name of the age-appropriate standardized depression screening tool utilized must be documented in the medical record. - The depression screening must be reviewed and addressed by the provider, filing the code, on the date of the encounter. Positive pre-screening results indicating a patient is at high risk for self-harm should receive more urgent intervention as determined by the provider practice. - The screening should occur during a qualifying encounter or up to 14 calendar days prior to the date of the qualifying encounter. - The measure assesses the most recent depression screening completed either during the qualifying encounter or within the 14 calendar days prior to that encounter. Therefore, a clinician would not be able to complete another screening at the time of the encounter to count towards a follow-up, because that would serve as the most recent screening. In order to satisfy the follow-up requirement for a patient screening positively, the eligible clinician would need to provide one of the aforementioned follow-up actions, which does not include use of a standardized depression screening tool. Follow-Up Plan: While there are many validated depression screening tools, they are not necessarily diagnostic tools. Patients with elevated depression screening scores should be followed by a clinician to evaluate whether a depression diagnosis is appropriate, but a medication and/or referral are not always indicated for a positive score. In these cases, a follow up plan is appropriate. The follow-up plan MUST still be provided for and discussed with the patient during the qualifying encounter used to evaluate the numerator. However, documentation of the follow-up plan can occur up to two calendar days after the qualifying encounter, in accordance with the policies of an eligible clinician or provider’s practice or health system. All services should be documented during, or as soon as practicable, after the qualifying encounter in order to maintain an accurate medical record. Examples of a follow-up plan include but are not limited to: - Referral to a provider or program for further evaluation for depression, for example, referral to a psychiatrist, psychiatric nurse practitioner, psychologist, clinical social worker, mental health counselor, or other mental health service such as family or group therapy, support group, depression management program, or other service for treatment of depression - Other interventions designed to treat depression such as behavioral health evaluation, psychotherapy, pharmacological interventions, or additional treatment options. - Exercise regimens, education counseling, coping support, and completion of a mental health crisis plan. Should a patient screen positive for depression, a clinician should: - Only order pharmacological intervention when appropriate and after sufficient diagnostic evaluation. However, for the purposes of this measure, additional screening and assessment during the qualifying encounter will not qualify as a follow-up plan. - Opt to complete a suicide risk assessment when appropriate and based on individual patient characteristics. However, for the purposes of this measure, a suicide risk assessment or an additional screening using a standardized tool will not qualify as a follow-up plan. This version of the eCQM uses QDM version 5.6. Please refer to the eCQI resource center (https://ecqi.healthit.gov/qdm) for more information on the QDM."
                xsi:type="ED"/>
      </measureAttribute>
   </subjectOf>
   <subjectOf>
      <measureAttribute>
         <code code="TRANF" codeSystem="2.16.840.1.113883.5.4">
            <displayName value="Transmission Format"/>
         </code>
         <value mediaType="text/plain" value="TBD" xsi:type="ED"/>
      </measureAttribute>
   </subjectOf>
   <subjectOf>
      <measureAttribute>
         <code code="IPOP" codeSystem="2.16.840.1.113883.5.4">
            <displayName value="Initial Population"/>
         </code>
         <value mediaType="text/plain"
                value="All patients aged 12 years and older at the beginning of the measurement period with at least one qualifying encounter during the measurement period"
                xsi:type="ED"/>
      </measureAttribute>
   </subjectOf>
   <subjectOf>
      <measureAttribute>
         <code code="DENOM" codeSystem="2.16.840.1.113883.5.4">
            <displayName value="Denominator"/>
         </code>
         <value mediaType="text/plain"
                value="Equals Initial Population"
                xsi:type="ED"/>
      </measureAttribute>
   </subjectOf>
   <subjectOf>
      <measureAttribute>
         <code code="DENEX" codeSystem="2.16.840.1.113883.5.4">
            <displayName value="Denominator Exclusions"/>
         </code>
         <value mediaType="text/plain"
                value="Patients who have ever been diagnosed with bipolar disorder at any time prior to the qualifying encounter"
                xsi:type="ED"/>
      </measureAttribute>
   </subjectOf>
   <subjectOf>
      <measureAttribute>
         <code code="NUMER" codeSystem="2.16.840.1.113883.5.4">
            <displayName value="Numerator"/>
         </code>
         <value mediaType="text/plain"
                value="Patients screened for depression on the date of the encounter or up to 14 days prior to the date of the encounter using an age-appropriate standardized tool AND if positive, a follow-up plan is documented on the date of or up to two days after the date of the qualifying encounter or an active depression medication overlaps the date of the qualifying encounter"
                xsi:type="ED"/>
      </measureAttribute>
   </subjectOf>
   <subjectOf>
      <measureAttribute>
         <code code="NUMEX" codeSystem="2.16.840.1.113883.5.4">
            <displayName value="Numerator Exclusions"/>
         </code>
         <value mediaType="text/plain" value="None" xsi:type="ED"/>
      </measureAttribute>
   </subjectOf>
   <subjectOf>
      <measureAttribute>
         <code code="DENEXCEP" codeSystem="2.16.840.1.113883.5.4">
            <displayName value="Denominator Exceptions"/>
         </code>
         <value mediaType="text/plain"
                value="Patient Reason(s) Patient refuses to participate in or complete the depression screening OR Medical Reason(s) Documentation of medical reason for not screening patient for depression (e.g., cognitive, functional, or motivational limitations that may impact accuracy of results; patient is in an urgent or emergent situation where time is of the essence and to delay treatment would jeopardize the patient's health status)"
                xsi:type="ED"/>
      </measureAttribute>
   </subjectOf>
   <subjectOf>
      <measureAttribute>
         <code code="SDE" codeSystem="2.16.840.1.113883.5.4">
            <displayName value="Supplemental Data Elements"/>
         </code>
         <value mediaType="text/plain"
                value="For every patient evaluated by this measure also identify payer, race, ethnicity and sex"
                xsi:type="ED"/>
      </measureAttribute>
   </subjectOf>
   <componentOf>
      <qualityMeasureSet classCode="ACT">
         <id root="9a031e24-3d9b-11e1-8634-00237d5bf174"/>
         <title value="Preventive Care and Screening"/>
      </qualityMeasureSet>
   </componentOf>
   <!--Data Criteria Section-->
   <component>
      <dataCriteriaSection>
         <templateId>
            <item extension="2021-02-01" root="2.16.840.1.113883.10.20.28.2.6"/>
         </templateId>
         <code code="57025-9" codeSystem="2.16.840.1.113883.6.1"/>
         <title value="Data Criteria Section"/>
         <text/>
         <entry typeCode="DRIV">
            <localVariableName value="AdultDepressionMedications_MedicationOrder_Lh4Lq"/>
            <substanceAdministrationCriteria classCode="SBADM" moodCode="RQO">
               <templateId>
                  <item extension="2021-02-01" root="2.16.840.1.113883.10.20.28.4.51"/>
               </templateId>
               <id extension="AdultDepressionMedications_MedicationOrder"
                   root="bd670692-0b1d-4b26-ad02-0ed0a10cc786"/>
               <title value="Medication, Order"/>
               <statusCode code="ACTIVE"/>
               <participation typeCode="CSM">
                  <role classCode="MANU">
                     <playingMaterial classCode="MMAT" determinerCode="KIND">
                        <code valueSet="2.16.840.1.113883.3.526.3.1566"/>
                     </playingMaterial>
                  </role>
               </participation>
            </substanceAdministrationCriteria>
         </entry>
         <entry typeCode="DRIV">
            <localVariableName value="TelephoneVisits_EncounterPerformed_Qt0mk"/>
            <encounterCriteria classCode="ENC" moodCode="EVN">
               <templateId>
                  <item extension="2021-02-01" root="2.16.840.1.113883.10.20.28.4.5"/>
               </templateId>
               <id extension="TelephoneVisits_EncounterPerformed"
                   root="058eea21-7fb9-4fb3-bfc0-0c3eed1dba9b"/>
               <code valueSet="2.16.840.1.113883.3.464.1003.101.12.1080"/>
               <title value="Encounter, Performed"/>
               <statusCode code="COMPLETED"/>
            </encounterCriteria>
         </entry>
         <entry typeCode="DRIV">
            <localVariableName value="BipolarDisorder_Diagnosis_fc2lS"/>
            <observationCriteria classCode="OBS" moodCode="EVN">
               <templateId>
                  <item extension="2021-02-01" root="2.16.840.1.113883.10.20.28.4.110"/>
               </templateId>
               <id extension="BipolarDisorder_Diagnosis"
                   root="517cb7f0-5903-4317-8605-9ddd45798904"/>
               <code code="282291009"
                     codeSystem="2.16.840.1.113883.6.96"
                     codeSystemName="SNOMED CT">
                  <displayName value="Diagnosis"/>
               </code>
               <title value="Diagnosis"/>
               <statusCode code="COMPLETED"/>
               <value valueSet="2.16.840.1.113883.3.67.1.101.1.128" xsi:type="CD"/>
            </observationCriteria>
         </entry>
         <entry typeCode="DRIV">
            <localVariableName value="ReferralforAdultDepression_InterventionOrder_rnju0"/>
            <actCriteria classCode="ACT" moodCode="RQO">
               <templateId>
                  <item extension="2021-02-01" root="2.16.840.1.113883.10.20.28.4.35"/>
               </templateId>
               <id extension="ReferralforAdultDepression_InterventionOrder"
                   root="d6ba571c-aeb2-4202-843d-a3bb07285de6"/>
               <code valueSet="2.16.840.1.113883.3.526.3.1571"/>
               <title value="Intervention, Order"/>
               <statusCode code="ACTIVE"/>
            </actCriteria>
         </entry>
         <entry typeCode="DRIV">
            <localVariableName value="AdolescentDepressionMedications_MedicationActive_AGlJo"/>
            <substanceAdministrationCriteria classCode="SBADM" moodCode="EVN">
               <templateId>
                  <item extension="2021-02-01" root="2.16.840.1.113883.10.20.28.4.44"/>
               </templateId>
               <id extension="AdolescentDepressionMedications_MedicationActive"
                   root="2bb2e2ca-82f7-4e33-a3ba-6024b0d7986a"/>
               <title value="Medication, Active"/>
               <statusCode code="ACTIVE"/>
               <participation typeCode="CSM">
                  <role classCode="MANU">
                     <playingMaterial classCode="MMAT" determinerCode="KIND">
                        <code valueSet="2.16.840.1.113883.3.526.3.1567"/>
                     </playingMaterial>
                  </role>
               </participation>
            </substanceAdministrationCriteria>
         </entry>
         <entry typeCode="DRIV">
            <localVariableName value="AdultDepressionMedications_MedicationActive_ZA3AN"/>
            <substanceAdministrationCriteria classCode="SBADM" moodCode="EVN">
               <templateId>
                  <item extension="2021-02-01" root="2.16.840.1.113883.10.20.28.4.44"/>
               </templateId>
               <id extension="AdultDepressionMedications_MedicationActive"
                   root="a28b1a3e-b619-4d80-a380-61318a130106"/>
               <title value="Medication, Active"/>
               <statusCode code="ACTIVE"/>
               <participation typeCode="CSM">
                  <role classCode="MANU">
                     <playingMaterial classCode="MMAT" determinerCode="KIND">
                        <code valueSet="2.16.840.1.113883.3.526.3.1566"/>
                     </playingMaterial>
                  </role>
               </participation>
            </substanceAdministrationCriteria>
         </entry>
         <entry typeCode="DRIV">
            <localVariableName value="FederalAdministrativeSex_PatientCharacteristicSex_AODsg"/>
            <observationCriteria classCode="OBS" moodCode="EVN">
               <templateId>
                  <item extension="2017-05-01" root="2.16.840.1.113883.10.20.28.4.55"/>
               </templateId>
               <id extension="FederalAdministrativeSex_PatientCharacteristicSex"
                   root="3f572fd3-2d2b-4630-a8b2-987d6774fb53"/>
               <code code="263495000"
                     codeSystem="2.16.840.1.113883.6.96"
                     codeSystemName="SNOMED CT">
                  <displayName value="Gender"/>
               </code>
               <title value="Patient Characteristic Sex"/>
               <statusCode code="COMPLETED"/>
               <value valueSet="2.16.840.1.113762.1.4.1021.121" xsi:type="CD"/>
            </observationCriteria>
         </entry>
         <entry typeCode="DRIV">
            <localVariableName value="EncountertoScreenforDepression_EncounterPerformed_XL9WE"/>
            <encounterCriteria classCode="ENC" moodCode="EVN">
               <templateId>
                  <item extension="2021-02-01" root="2.16.840.1.113883.10.20.28.4.5"/>
               </templateId>
               <id extension="EncountertoScreenforDepression_EncounterPerformed"
                   root="5750169a-4c03-4aef-83d7-b71ac6a153f2"/>
               <code valueSet="2.16.840.1.113883.3.600.1916"/>
               <title value="Encounter, Performed"/>
               <statusCode code="COMPLETED"/>
            </encounterCriteria>
         </entry>
         <entry typeCode="DRIV">
            <localVariableName value="FollowUpforAdultDepression_InterventionPerformed_ekjEW"/>
            <actCriteria classCode="ACT" moodCode="EVN">
               <templateId>
                  <item extension="2021-02-01" root="2.16.840.1.113883.10.20.28.4.36"/>
               </templateId>
               <id extension="FollowUpforAdultDepression_InterventionPerformed"
                   root="40d046db-edcd-448d-9b45-b21f0fa5e489"/>
               <code valueSet="2.16.840.1.113883.3.526.3.1568"/>
               <title value="Intervention, Performed"/>
               <statusCode code="COMPLETED"/>
            </actCriteria>
         </entry>
         <entry typeCode="DRIV">
            <localVariableName value="PhysicalTherapyEvaluation_EncounterPerformed_3QMh5"/>
            <encounterCriteria classCode="ENC" moodCode="EVN">
               <templateId>
                  <item extension="2021-02-01" root="2.16.840.1.113883.10.20.28.4.5"/>
               </templateId>
               <id extension="PhysicalTherapyEvaluation_EncounterPerformed"
                   root="1e78acdc-ed31-41db-bbb9-4624767144a2"/>
               <code valueSet="2.16.840.1.113883.3.526.3.1022"/>
               <title value="Encounter, Performed"/>
               <statusCode code="COMPLETED"/>
            </encounterCriteria>
         </entry>
         <entry typeCode="DRIV">
            <localVariableName value="FollowUpforAdolescentDepression_InterventionPerformed_vDRmK"/>
            <actCriteria classCode="ACT" moodCode="EVN">
               <templateId>
                  <item extension="2021-02-01" root="2.16.840.1.113883.10.20.28.4.36"/>
               </templateId>
               <id extension="FollowUpforAdolescentDepression_InterventionPerformed"
                   root="73741803-4242-46da-a5a2-2290455cbaa1"/>
               <code valueSet="2.16.840.1.113883.3.526.3.1569"/>
               <title value="Intervention, Performed"/>
               <statusCode code="COMPLETED"/>
            </actCriteria>
         </entry>
         <entry typeCode="DRIV">
            <localVariableName value="Ethnicity_PatientCharacteristicEthnicity_4PiHP"/>
            <observationCriteria classCode="OBS" moodCode="EVN">
               <templateId>
                  <item extension="2017-05-01" root="2.16.840.1.113883.10.20.28.4.56"/>
               </templateId>
               <id extension="Ethnicity_PatientCharacteristicEthnicity"
                   root="58a5134e-152d-4722-9fc9-06fd2824aecc"/>
               <code code="54133-4"
                     codeSystem="2.16.840.1.113883.6.1"
                     codeSystemName="LOINC">
                  <displayName value="Ethnicity"/>
               </code>
               <title value="Patient Characteristic Ethnicity"/>
               <statusCode code="COMPLETED"/>
               <value valueSet="2.16.840.1.114222.4.11.837" xsi:type="CD"/>
            </observationCriteria>
         </entry>
         <entry typeCode="DRIV">
            <localVariableName value="AdolescentDepressionMedications_MedicationOrder_snka4"/>
            <substanceAdministrationCriteria classCode="SBADM" moodCode="RQO">
               <templateId>
                  <item extension="2021-02-01" root="2.16.840.1.113883.10.20.28.4.51"/>
               </templateId>
               <id extension="AdolescentDepressionMedications_MedicationOrder"
                   root="cdf24216-6680-43d0-83c5-4b4a59c2adb5"/>
               <title value="Medication, Order"/>
               <statusCode code="ACTIVE"/>
               <participation typeCode="CSM">
                  <role classCode="MANU">
                     <playingMaterial classCode="MMAT" determinerCode="KIND">
                        <code valueSet="2.16.840.1.113883.3.526.3.1567"/>
                     </playingMaterial>
                  </role>
               </participation>
            </substanceAdministrationCriteria>
         </entry>
         <entry typeCode="DRIV">
            <localVariableName value="ReferralforAdolescentDepression_InterventionOrder_qigW5"/>
            <actCriteria classCode="ACT" moodCode="RQO">
               <templateId>
                  <item extension="2021-02-01" root="2.16.840.1.113883.10.20.28.4.35"/>
               </templateId>
               <id extension="ReferralforAdolescentDepression_InterventionOrder"
                   root="10390957-17a9-433f-b153-72ec325d0b31"/>
               <code valueSet="2.16.840.1.113883.3.526.3.1570"/>
               <title value="Intervention, Order"/>
               <statusCode code="ACTIVE"/>
            </actCriteria>
         </entry>
         <entry typeCode="DRIV">
            <localVariableName value="PayerType_PatientCharacteristicPayer_kIav5"/>
            <observationCriteria classCode="OBS" moodCode="EVN">
               <templateId>
                  <item extension="2017-05-01" root="2.16.840.1.113883.10.20.28.4.58"/>
               </templateId>
               <id extension="PayerType_PatientCharacteristicPayer"
                   root="3a10a0e0-d4c5-4d17-b125-c559035a444f"/>
               <code code="48768-6"
                     codeSystem="2.16.840.1.113883.6.1"
                     codeSystemName="LOINC">
                  <displayName value="Payer Type"/>
               </code>
               <title value="Patient Characteristic Payer"/>
               <statusCode code="COMPLETED"/>
               <value valueSet="2.16.840.1.114222.4.11.3591" xsi:type="CD"/>
            </observationCriteria>
         </entry>
         <entry typeCode="DRIV">
            <localVariableName value="Race_PatientCharacteristicRace_kTHps"/>
            <observationCriteria classCode="OBS" moodCode="EVN">
               <templateId>
                  <item extension="2017-05-01" root="2.16.840.1.113883.10.20.28.4.59"/>
               </templateId>
               <id extension="Race_PatientCharacteristicRace"
                   root="6eef12a3-8210-4be7-9de5-d9b759318adc"/>
               <code code="32624-9"
                     codeSystem="2.16.840.1.113883.6.1"
                     codeSystemName="LOINC">
                  <displayName value="Race"/>
               </code>
               <title value="Patient Characteristic Race"/>
               <statusCode code="COMPLETED"/>
               <value valueSet="2.16.840.1.114222.4.11.836" xsi:type="CD"/>
            </observationCriteria>
         </entry>
         <entry typeCode="DRIV">
            <observationCriteria actionNegationInd="TRUE" classCode="OBS" moodCode="EVN">
               <templateId>
                  <item extension="2021-02-01" root="2.16.840.1.113883.10.20.28.4.117"/>
               </templateId>
               <id extension="73831-0_AssessmentNotPerformed"
                   root="2b739399-5b40-44cc-b11c-0df918f564fa"/>
               <code code="73831-0"
                     codeSystem="2.16.840.1.113883.6.1"
                     codeSystemName="LOINC"/>
               <title value="Assessment, Not Performed"/>
               <statusCode code="COMPLETED"/>
            </observationCriteria>
         </entry>
         <entry typeCode="DRIV">
            <observationCriteria actionNegationInd="TRUE" classCode="OBS" moodCode="EVN">
               <templateId>
                  <item extension="2021-02-01" root="2.16.840.1.113883.10.20.28.4.117"/>
               </templateId>
               <id extension="73832-8_AssessmentNotPerformed"
                   root="d67b9892-ff4d-4602-8a27-5131de04635e"/>
               <code code="73832-8"
                     codeSystem="2.16.840.1.113883.6.1"
                     codeSystemName="LOINC"/>
               <title value="Assessment, Not Performed"/>
               <statusCode code="COMPLETED"/>
            </observationCriteria>
         </entry>
         <entry typeCode="DRIV">
            <observationCriteria classCode="OBS" moodCode="EVN">
               <templateId>
                  <item extension="2021-02-01" root="2.16.840.1.113883.10.20.28.4.117"/>
               </templateId>
               <id extension="73832-8_AssessmentPerformed"
                   root="3bc933e2-b2ff-4ffb-b279-c358c344decf"/>
               <code code="73832-8"
                     codeSystem="2.16.840.1.113883.6.1"
                     codeSystemName="LOINC"/>
               <title value="Assessment, Performed"/>
               <statusCode code="COMPLETED"/>
            </observationCriteria>
         </entry>
         <entry typeCode="DRIV">
            <observationCriteria classCode="OBS" moodCode="EVN">
               <templateId>
                  <item extension="2021-02-01" root="2.16.840.1.113883.10.20.28.4.117"/>
               </templateId>
               <id extension="73831-0_AssessmentPerformed"
                   root="7a4a5776-cf97-4961-816f-3dd21a047144"/>
               <code code="73831-0"
                     codeSystem="2.16.840.1.113883.6.1"
                     codeSystemName="LOINC"/>
               <title value="Assessment, Performed"/>
               <statusCode code="COMPLETED"/>
            </observationCriteria>
         </entry>
      </dataCriteriaSection>
   </component>
   <component>
      <populationCriteriaSection>
         <templateId>
            <item extension="2017-08-01" root="2.16.840.1.113883.10.20.28.2.7"/>
         </templateId>
         <id extension="PopulationCriteria1"
             root="425201c8-126a-446b-b8f5-8b78ce5fcec4"/>
         <code code="57026-7" codeSystem="2.16.840.1.113883.6.1"/>
         <title value="Population Criteria Section"/>
         <text/>
         <component typeCode="COMP">
            <initialPopulationCriteria classCode="OBS" moodCode="EVN">
               <id extension="initialPopulation"
                   root="30EC0533-2579-4CC6-A86D-5B0051C34604"/>
               <code code="IPOP"
                     codeSystem="2.16.840.1.113883.5.4"
                     codeSystemName="Act Code"/>
               <precondition typeCode="PRCN">
                  <criteriaReference classCode="OBS" moodCode="EVN">
                     <id extension="CMS2DepressionScreenAndFollowUpQDM.&quot;Initial Population&quot;"
                         root="03a38a49-d677-4fd3-9ca9-e5d282b190ff"/>
                  </criteriaReference>
               </precondition>
            </initialPopulationCriteria>
         </component>
         <component typeCode="COMP">
            <denominatorCriteria classCode="OBS" moodCode="EVN">
               <id extension="denominator" root="661C22C5-CAA6-4F30-AE68-6FA59C265128"/>
               <code code="DENOM"
                     codeSystem="2.16.840.1.113883.5.4"
                     codeSystemName="Act Code"/>
               <precondition typeCode="PRCN">
                  <criteriaReference classCode="OBS" moodCode="EVN">
                     <id extension="CMS2DepressionScreenAndFollowUpQDM.&quot;Denominator&quot;"
                         root="03a38a49-d677-4fd3-9ca9-e5d282b190ff"/>
                  </criteriaReference>
               </precondition>
            </denominatorCriteria>
         </component>
         <component typeCode="COMP">
            <denominatorExclusionCriteria classCode="OBS" moodCode="EVN">
               <id extension="denominatorExclusions"
                   root="C22233F9-6C86-4C17-B212-3F1BD3312144"/>
               <code code="DENEX"
                     codeSystem="2.16.840.1.113883.5.4"
                     codeSystemName="Act Code"/>
               <precondition typeCode="PRCN">
                  <criteriaReference classCode="OBS" moodCode="EVN">
                     <id extension="CMS2DepressionScreenAndFollowUpQDM.&quot;Denominator Exclusions&quot;"
                         root="03a38a49-d677-4fd3-9ca9-e5d282b190ff"/>
                  </criteriaReference>
               </precondition>
            </denominatorExclusionCriteria>
         </component>
         <component typeCode="COMP">
            <numeratorCriteria classCode="OBS" moodCode="EVN">
               <id extension="numerator" root="BD02B228-9DE9-447F-A343-0B3BDE778D22"/>
               <code code="NUMER"
                     codeSystem="2.16.840.1.113883.5.4"
                     codeSystemName="Act Code"/>
               <precondition typeCode="PRCN">
                  <criteriaReference classCode="OBS" moodCode="EVN">
                     <id extension="CMS2DepressionScreenAndFollowUpQDM.&quot;Numerator&quot;"
                         root="03a38a49-d677-4fd3-9ca9-e5d282b190ff"/>
                  </criteriaReference>
               </precondition>
            </numeratorCriteria>
         </component>
         <component typeCode="COMP">
            <denominatorExceptionCriteria classCode="OBS" moodCode="EVN">
               <id extension="denominatorExceptions"
                   root="21918DA5-4EA0-4B07-B676-6F26CBD3138A"/>
               <code code="DENEXCEP"
                     codeSystem="2.16.840.1.113883.5.4"
                     codeSystemName="Act Code"/>
               <precondition typeCode="PRCN">
                  <criteriaReference classCode="OBS" moodCode="EVN">
                     <id extension="CMS2DepressionScreenAndFollowUpQDM.&quot;Denominator Exceptions&quot;"
                         root="03a38a49-d677-4fd3-9ca9-e5d282b190ff"/>
                  </criteriaReference>
               </precondition>
            </denominatorExceptionCriteria>
         </component>
         <component typeCode="COMP">
            <cql-ext:supplementalDataElement>
               <id extension="Supplemental Data Elements"
                   root="61e91fd6-9dfa-4259-996e-250929171c1d"/>
               <code code="SDE"
                     codeSystem="2.16.840.1.113883.5.4"
                     codeSystemName="Act Code"/>
               <precondition typeCode="PRCN">
                  <criteriaReference classCode="OBS" moodCode="EVN">
                     <id extension="CMS2DepressionScreenAndFollowUpQDM.&quot;SDE Payer&quot;"
                         root="03a38a49-d677-4fd3-9ca9-e5d282b190ff"/>
                  </criteriaReference>
               </precondition>
            </cql-ext:supplementalDataElement>
         </component>
         <component typeCode="COMP">
            <cql-ext:supplementalDataElement>
               <id extension="Supplemental Data Elements"
                   root="07c2d621-898e-4be7-88ec-c4ac44d4d965"/>
               <code code="SDE"
                     codeSystem="2.16.840.1.113883.5.4"
                     codeSystemName="Act Code"/>
               <precondition typeCode="PRCN">
                  <criteriaReference classCode="OBS" moodCode="EVN">
                     <id extension="CMS2DepressionScreenAndFollowUpQDM.&quot;SDE Race&quot;"
                         root="03a38a49-d677-4fd3-9ca9-e5d282b190ff"/>
                  </criteriaReference>
               </precondition>
            </cql-ext:supplementalDataElement>
         </component>
         <component typeCode="COMP">
            <cql-ext:supplementalDataElement>
               <id extension="Supplemental Data Elements"
                   root="e5fccfcf-64b9-4353-8d0c-4af9cb49f995"/>
               <code code="SDE"
                     codeSystem="2.16.840.1.113883.5.4"
                     codeSystemName="Act Code"/>
               <precondition typeCode="PRCN">
                  <criteriaReference classCode="OBS" moodCode="EVN">
                     <id extension="CMS2DepressionScreenAndFollowUpQDM.&quot;SDE Sex&quot;"
                         root="03a38a49-d677-4fd3-9ca9-e5d282b190ff"/>
                  </criteriaReference>
               </precondition>
            </cql-ext:supplementalDataElement>
         </component>
         <component typeCode="COMP">
            <cql-ext:supplementalDataElement>
               <id extension="Supplemental Data Elements"
                   root="fadd83ff-13a8-47d8-b1db-85130eea8314"/>
               <code code="SDE"
                     codeSystem="2.16.840.1.113883.5.4"
                     codeSystemName="Act Code"/>
               <precondition typeCode="PRCN">
                  <criteriaReference classCode="OBS" moodCode="EVN">
                     <id extension="CMS2DepressionScreenAndFollowUpQDM.&quot;SDE Ethnicity&quot;"
                         root="03a38a49-d677-4fd3-9ca9-e5d282b190ff"/>
                  </criteriaReference>
               </precondition>
            </cql-ext:supplementalDataElement>
         </component>
      </populationCriteriaSection>
   </component>
</QualityMeasureDocument>
