<?xml version="1.0" encoding="UTF-8"?>
<library xmlns="urn:hl7-org:elm:r1" xmlns:t="urn:hl7-org:elm-types:r1" xmlns:xsi="http://www.w3.org/2001/XMLSchema-instance" xmlns:xsd="http://www.w3.org/2001/XMLSchema" xmlns:fhir="http://hl7.org/fhir" xmlns:qdm43="urn:healthit-gov:qdm:v4_3" xmlns:qdm53="urn:healthit-gov:qdm:v5_3" xmlns:a="urn:hl7-org:cql-annotations:r1">
   <annotation translatorOptions="EnableAnnotations,EnableLocators,DisableListDemotion,DisableListPromotion,DisableMethodInvocation" xsi:type="a:CqlToElmInfo"/>
   <annotation xsi:type="a:Annotation">
      <a:s r="155">
         <a:s>library HospitalHarmSevereHypoglycemia version '3.0.000'</a:s>
      </a:s>
   </annotation>
   <identifier id="HospitalHarmSevereHypoglycemia" version="3.0.000"/>
   <schemaIdentifier id="urn:hl7-org:elm" version="r1"/>
   <usings>
      <def localIdentifier="System" uri="urn:hl7-org:elm-types:r1"/>
      <def localId="1" locator="3:1-3:23" localIdentifier="QDM" uri="urn:healthit-gov:qdm:v5_6" version="5.6">
         <annotation xsi:type="a:Annotation">
            <a:s r="1">
               <a:s>using </a:s>
               <a:s>
                  <a:s>QDM</a:s>
               </a:s>
               <a:s> version '5.6'</a:s>
            </a:s>
         </annotation>
      </def>
   </usings>
   <includes>
      <def localId="2" locator="5:1-5:64" localIdentifier="Global" path="MATGlobalCommonFunctions" version="7.0.000">
         <annotation xsi:type="a:Annotation">
            <a:s r="2">
               <a:s>include </a:s>
               <a:s>
                  <a:s>MATGlobalCommonFunctions</a:s>
               </a:s>
               <a:s> version '7.0.000' called Global</a:s>
            </a:s>
         </annotation>
      </def>
   </includes>
   <parameters>
      <def localId="12" locator="15:1-15:49" name="Measurement Period" accessLevel="Public">
         <annotation xsi:type="a:Annotation">
            <a:s r="12">
               <a:s>parameter &quot;Measurement Period&quot; </a:s>
               <a:s r="11">
                  <a:s>Interval&lt;</a:s>
                  <a:s r="10">
                     <a:s>DateTime</a:s>
                  </a:s>
                  <a:s>></a:s>
               </a:s>
            </a:s>
         </annotation>
         <parameterTypeSpecifier localId="11" locator="15:32-15:49" xsi:type="IntervalTypeSpecifier">
            <pointType localId="10" locator="15:41-15:48" name="t:DateTime" xsi:type="NamedTypeSpecifier"/>
         </parameterTypeSpecifier>
      </def>
   </parameters>
   <valueSets>
      <def localId="3" locator="7:1-7:71" name="Encounter Inpatient" id="urn:oid:2.16.840.1.113883.3.666.5.307" accessLevel="Public">
         <annotation xsi:type="a:Annotation">
            <a:s r="3">
               <a:s>valueset &quot;Encounter Inpatient&quot;: 'urn:oid:2.16.840.1.113883.3.666.5.307'</a:s>
            </a:s>
         </annotation>
      </def>
      <def localId="4" locator="8:1-8:58" name="Ethnicity" id="urn:oid:2.16.840.1.114222.4.11.837" accessLevel="Public">
         <annotation xsi:type="a:Annotation">
            <a:s r="4">
               <a:s>valueset &quot;Ethnicity&quot;: 'urn:oid:2.16.840.1.114222.4.11.837'</a:s>
            </a:s>
         </annotation>
      </def>
      <def localId="5" locator="9:1-9:84" name="Glucose Lab Test Mass Per Volume" id="urn:oid:2.16.840.1.113762.1.4.1248.34" accessLevel="Public">
         <annotation xsi:type="a:Annotation">
            <a:s r="5">
               <a:s>valueset &quot;Glucose Lab Test Mass Per Volume&quot;: 'urn:oid:2.16.840.1.113762.1.4.1248.34'</a:s>
            </a:s>
         </annotation>
      </def>
      <def localId="6" locator="10:1-10:86" name="Hypoglycemics Severe Hypoglycemia" id="urn:oid:2.16.840.1.113762.1.4.1196.393" accessLevel="Public">
         <annotation xsi:type="a:Annotation">
            <a:s r="6">
               <a:s>valueset &quot;Hypoglycemics Severe Hypoglycemia&quot;: 'urn:oid:2.16.840.1.113762.1.4.1196.393'</a:s>
            </a:s>
         </annotation>
      </def>
      <def localId="7" locator="11:1-11:68" name="ONC Administrative Sex" id="urn:oid:2.16.840.1.113762.1.4.1" accessLevel="Public">
         <annotation xsi:type="a:Annotation">
            <a:s r="7">
               <a:s>valueset &quot;ONC Administrative Sex&quot;: 'urn:oid:2.16.840.1.113762.1.4.1'</a:s>
            </a:s>
         </annotation>
      </def>
      <def localId="8" locator="12:1-12:55" name="Payer" id="urn:oid:2.16.840.1.114222.4.11.3591" accessLevel="Public">
         <annotation xsi:type="a:Annotation">
            <a:s r="8">
               <a:s>valueset &quot;Payer&quot;: 'urn:oid:2.16.840.1.114222.4.11.3591'</a:s>
            </a:s>
         </annotation>
      </def>
      <def localId="9" locator="13:1-13:53" name="Race" id="urn:oid:2.16.840.1.114222.4.11.836" accessLevel="Public">
         <annotation xsi:type="a:Annotation">
            <a:s r="9">
               <a:s>valueset &quot;Race&quot;: 'urn:oid:2.16.840.1.114222.4.11.836'</a:s>
            </a:s>
         </annotation>
      </def>
   </valueSets>
   <contexts>
      <def locator="17:1-17:15" name="Patient"/>
   </contexts>
   <statements>
      <def locator="17:1-17:15" name="Patient" context="Patient">
         <expression xsi:type="SingletonFrom">
            <operand locator="17:1-17:15" xmlns:ns0="urn:healthit-gov:qdm:v5_6" dataType="ns0:Patient" templateId="Patient" xsi:type="Retrieve"/>
         </expression>
      </def>
      <def localId="28" locator="72:1-75:81" name="Qualifying Encounter" context="Patient" accessLevel="Public">
         <annotation xsi:type="a:Annotation">
            <a:s r="28">
               <a:s>define &quot;Qualifying Encounter&quot;:
  </a:s>
               <a:s r="27">
                  <a:s>
                     <a:s r="14">
                        <a:s r="13">
                           <a:s r="13">
                              <a:s>[&quot;Encounter, Performed&quot;: </a:s>
                              <a:s>
                                 <a:s>&quot;Encounter Inpatient&quot;</a:s>
                              </a:s>
                              <a:s>]</a:s>
                           </a:s>
                        </a:s>
                        <a:s> InpatientEncounter</a:s>
                     </a:s>
                  </a:s>
                  <a:s>
    </a:s>
                  <a:s r="26">
                     <a:s>where </a:s>
                     <a:s r="26">
                        <a:s r="18">
                           <a:s r="16">
                              <a:s r="15">
                                 <a:s>InpatientEncounter</a:s>
                              </a:s>
                              <a:s>.</a:s>
                              <a:s r="16">
                                 <a:s>relevantPeriod</a:s>
                              </a:s>
                           </a:s>
                           <a:s r="18"> ends during day of </a:s>
                           <a:s r="17">
                              <a:s>&quot;Measurement Period&quot;</a:s>
                           </a:s>
                        </a:s>
                        <a:s>
      and </a:s>
                        <a:s r="25">
                           <a:s r="23">
                              <a:s>AgeInYearsAt(</a:s>
                              <a:s r="22">
                                 <a:s>date from </a:s>
                                 <a:s r="21">
                                    <a:s>start of </a:s>
                                    <a:s r="20">
                                       <a:s r="19">
                                          <a:s>InpatientEncounter</a:s>
                                       </a:s>
                                       <a:s>.</a:s>
                                       <a:s r="20">
                                          <a:s>relevantPeriod</a:s>
                                       </a:s>
                                    </a:s>
                                 </a:s>
                              </a:s>
                              <a:s>)</a:s>
                           </a:s>
                           <a:s r="24">>= 18</a:s>
                        </a:s>
                     </a:s>
                  </a:s>
               </a:s>
            </a:s>
         </annotation>
         <expression localId="27" locator="73:3-75:81" xsi:type="Query">
            <source localId="14" locator="73:3-73:68" alias="InpatientEncounter">
               <expression localId="13" locator="73:3-73:49" xmlns:ns1="urn:healthit-gov:qdm:v5_6" dataType="ns1:PositiveEncounterPerformed" templateId="PositiveEncounterPerformed" codeProperty="code" codeComparator="in" xsi:type="Retrieve">
                  <codes locator="73:28-73:48" name="Encounter Inpatient" xsi:type="ValueSetRef"/>
               </expression>
            </source>
            <where localId="26" locator="74:5-75:81" xsi:type="And">
               <operand localId="18" locator="74:11-74:83" precision="Day" xsi:type="In">
                  <operand locator="74:45-74:48" xsi:type="End">
                     <operand localId="16" locator="74:11-74:43" path="relevantPeriod" scope="InpatientEncounter" xsi:type="Property"/>
                  </operand>
                  <operand localId="17" locator="74:64-74:83" name="Measurement Period" xsi:type="ParameterRef"/>
               </operand>
               <operand localId="25" locator="75:11-75:81" xsi:type="GreaterOrEqual">
                  <operand localId="23" locator="75:11-75:76" precision="Year" xsi:type="CalculateAgeAt">
                     <operand xsi:type="ToDate">
                        <operand path="birthDatetime" xsi:type="Property">
                           <source name="Patient" xsi:type="ExpressionRef"/>
                        </operand>
                     </operand>
                     <operand localId="22" locator="75:24-75:75" xsi:type="DateFrom">
                        <operand localId="21" locator="75:34-75:75" xsi:type="Start">
                           <operand localId="20" locator="75:43-75:75" path="relevantPeriod" scope="InpatientEncounter" xsi:type="Property"/>
                        </operand>
                     </operand>
                  </operand>
                  <operand localId="24" locator="75:80-75:81" valueType="t:Integer" value="18" xsi:type="Literal"/>
               </operand>
            </where>
         </expression>
      </def>
      <def localId="32" locator="49:1-50:67" name="Hypoglycemic Medication Administration" context="Patient" accessLevel="Public">
         <annotation xsi:type="a:Annotation">
            <a:s r="32">
               <a:s>define &quot;Hypoglycemic Medication Administration&quot;:
  </a:s>
               <a:s r="31">
                  <a:s>[&quot;Medication, Administered&quot;: </a:s>
                  <a:s>
                     <a:s>&quot;Hypoglycemics Severe Hypoglycemia&quot;</a:s>
                  </a:s>
                  <a:s>]</a:s>
               </a:s>
            </a:s>
         </annotation>
         <expression localId="31" locator="50:3-50:67" xmlns:ns2="urn:healthit-gov:qdm:v5_6" dataType="ns2:PositiveMedicationAdministered" templateId="PositiveMedicationAdministered" codeProperty="code" codeComparator="in" xsi:type="Retrieve">
            <codes locator="50:32-50:66" name="Hypoglycemics Severe Hypoglycemia" xsi:type="ValueSetRef"/>
         </expression>
      </def>
      <def localId="47" locator="22:1-25:206" name="Encounter with Hypoglycemic Medication Administration" context="Patient" accessLevel="Public">
         <annotation xsi:type="a:Annotation">
            <a:s r="47">
               <a:s>define &quot;Encounter with Hypoglycemic Medication Administration&quot;:
  </a:s>
               <a:s r="46">
                  <a:s>
                     <a:s r="30">
                        <a:s r="29">
                           <a:s>
                              <a:s>&quot;Qualifying Encounter&quot;</a:s>
                           </a:s>
                        </a:s>
                        <a:s> InpatientHospitalization</a:s>
                     </a:s>
                  </a:s>
                  <a:s>
    </a:s>
                  <a:s r="45">
                     <a:s>with </a:s>
                     <a:s r="34">
                        <a:s r="33">
                           <a:s>
                              <a:s>&quot;Hypoglycemic Medication Administration&quot;</a:s>
                           </a:s>
                        </a:s>
                        <a:s> HypoglycemicMedication</a:s>
                     </a:s>
                     <a:s>
      such that </a:s>
                     <a:s r="44">
                        <a:s r="40">
                           <a:s r="35">
                              <a:s>Global</a:s>
                           </a:s>
                           <a:s>.</a:s>
                           <a:s r="40">
                              <a:s>&quot;NormalizeInterval&quot; ( </a:s>
                              <a:s r="37">
                                 <a:s r="36">
                                    <a:s>HypoglycemicMedication</a:s>
                                 </a:s>
                                 <a:s>.</a:s>
                                 <a:s r="37">
                                    <a:s>relevantDatetime</a:s>
                                 </a:s>
                              </a:s>
                              <a:s>, </a:s>
                              <a:s r="39">
                                 <a:s r="38">
                                    <a:s>HypoglycemicMedication</a:s>
                                 </a:s>
                                 <a:s>.</a:s>
                                 <a:s r="39">
                                    <a:s>relevantPeriod</a:s>
                                 </a:s>
                              </a:s>
                              <a:s> )</a:s>
                           </a:s>
                        </a:s>
                        <a:s r="44"> starts during </a:s>
                        <a:s r="43">
                           <a:s r="41">
                              <a:s>Global</a:s>
                           </a:s>
                           <a:s>.</a:s>
                           <a:s r="43">
                              <a:s>HospitalizationWithObservation ( </a:s>
                              <a:s r="42">
                                 <a:s>InpatientHospitalization</a:s>
                              </a:s>
                              <a:s> )</a:s>
                           </a:s>
                        </a:s>
                     </a:s>
                  </a:s>
               </a:s>
            </a:s>
         </annotation>
         <expression localId="46" locator="23:3-25:206" xsi:type="Query">
            <source localId="30" locator="23:3-23:49" alias="InpatientHospitalization">
               <expression localId="29" locator="23:3-23:24" name="Qualifying Encounter" xsi:type="ExpressionRef"/>
            </source>
            <relationship localId="45" locator="24:5-25:206" alias="HypoglycemicMedication" xsi:type="With">
               <expression localId="33" locator="24:10-24:49" name="Hypoglycemic Medication Administration" xsi:type="ExpressionRef"/>
               <suchThat localId="44" locator="25:17-25:206" xsi:type="In">
                  <operand locator="25:127-25:132" xsi:type="Start">
                     <operand localId="40" locator="25:17-25:125" name="NormalizeInterval" libraryName="Global" xsi:type="FunctionRef">
                        <operand localId="37" locator="25:46-25:84" path="relevantDatetime" scope="HypoglycemicMedication" xsi:type="Property"/>
                        <operand localId="39" locator="25:87-25:123" path="relevantPeriod" scope="HypoglycemicMedication" xsi:type="Property"/>
                     </operand>
                  </operand>
                  <operand localId="43" locator="25:141-25:206" name="HospitalizationWithObservation" libraryName="Global" xsi:type="FunctionRef">
                     <operand localId="42" locator="25:181-25:204" name="InpatientHospitalization" xsi:type="AliasRef"/>
                  </operand>
               </suchThat>
            </relationship>
         </expression>
      </def>
      <def localId="49" locator="52:1-53:57" name="Initial Population" context="Patient" accessLevel="Public">
         <annotation xsi:type="a:Annotation">
            <a:s r="49">
               <a:s>define &quot;Initial Population&quot;:
  </a:s>
               <a:s r="48">
                  <a:s>&quot;Encounter with Hypoglycemic Medication Administration&quot;</a:s>
               </a:s>
            </a:s>
         </annotation>
         <expression localId="48" locator="53:3-53:57" name="Encounter with Hypoglycemic Medication Administration" xsi:type="ExpressionRef"/>
      </def>
      <def localId="51" locator="19:1-20:22" name="Denominator" context="Patient" accessLevel="Public">
         <annotation xsi:type="a:Annotation">
            <a:s r="51">
               <a:s>define &quot;Denominator&quot;:
  </a:s>
               <a:s r="50">
                  <a:s>&quot;Initial Population&quot;</a:s>
               </a:s>
            </a:s>
         </annotation>
         <expression localId="50" locator="20:3-20:22" name="Initial Population" xsi:type="ExpressionRef"/>
      </def>
      <def localId="94" locator="36:1-47:22" name="Glucose Test with Result Less Than 40" context="Patient" accessLevel="Public">
         <annotation xsi:type="a:Annotation">
            <a:s r="94">
               <a:s>define &quot;Glucose Test with Result Less Than 40&quot;:
  </a:s>
               <a:s r="93">
                  <a:s>
                     <a:s>from
    </a:s>
                     <a:s r="55">
                        <a:s r="54">
                           <a:s>
                              <a:s>&quot;Denominator&quot;</a:s>
                           </a:s>
                        </a:s>
                        <a:s> QualifyingEncounter</a:s>
                     </a:s>
                     <a:s>,
    </a:s>
                     <a:s r="57">
                        <a:s r="56">
                           <a:s>
                              <a:s>&quot;Hypoglycemic Medication Administration&quot;</a:s>
                           </a:s>
                        </a:s>
                        <a:s> HypoglycemicMedication</a:s>
                     </a:s>
                     <a:s>,
    </a:s>
                     <a:s r="59">
                        <a:s r="58">
                           <a:s r="58">
                              <a:s>[&quot;Laboratory Test, Performed&quot;: </a:s>
                              <a:s>
                                 <a:s>&quot;Glucose Lab Test Mass Per Volume&quot;</a:s>
                              </a:s>
                              <a:s>]</a:s>
                           </a:s>
                        </a:s>
                        <a:s> GlucoseTest</a:s>
                     </a:s>
                  </a:s>
                  <a:s>
    </a:s>
                  <a:s>
                     <a:s>let </a:s>
                     <a:s r="63">
                        <a:s>HospitalizationInterval: </a:s>
                        <a:s r="62">
                           <a:s r="60">
                              <a:s>Global</a:s>
                           </a:s>
                           <a:s>.</a:s>
                           <a:s r="62">
                              <a:s>&quot;HospitalizationWithObservation&quot; ( </a:s>
                              <a:s r="61">
                                 <a:s>QualifyingEncounter</a:s>
                              </a:s>
                              <a:s> )</a:s>
                           </a:s>
                        </a:s>
                     </a:s>
                     <a:s>,
    </a:s>
                     <a:s r="70">
                        <a:s>HypoglycemicMedicationStart: </a:s>
                        <a:s r="69">
                           <a:s r="64">
                              <a:s>Global</a:s>
                           </a:s>
                           <a:s>.</a:s>
                           <a:s r="69">
                              <a:s>&quot;NormalizeInterval&quot; ( </a:s>
                              <a:s r="66">
                                 <a:s r="65">
                                    <a:s>HypoglycemicMedication</a:s>
                                 </a:s>
                                 <a:s>.</a:s>
                                 <a:s r="66">
                                    <a:s>relevantDatetime</a:s>
                                 </a:s>
                              </a:s>
                              <a:s>, </a:s>
                              <a:s r="68">
                                 <a:s r="67">
                                    <a:s>HypoglycemicMedication</a:s>
                                 </a:s>
                                 <a:s>.</a:s>
                                 <a:s r="68">
                                    <a:s>relevantPeriod</a:s>
                                 </a:s>
                              </a:s>
                              <a:s> )</a:s>
                           </a:s>
                        </a:s>
                     </a:s>
                     <a:s>,
    </a:s>
                     <a:s r="77">
                        <a:s>GlucoseTestTime: </a:s>
                        <a:s r="76">
                           <a:s r="71">
                              <a:s>Global</a:s>
                           </a:s>
                           <a:s>.</a:s>
                           <a:s r="76">
                              <a:s>&quot;EarliestOf&quot; ( </a:s>
                              <a:s r="73">
                                 <a:s r="72">
                                    <a:s>GlucoseTest</a:s>
                                 </a:s>
                                 <a:s>.</a:s>
                                 <a:s r="73">
                                    <a:s>relevantDatetime</a:s>
                                 </a:s>
                              </a:s>
                              <a:s>, </a:s>
                              <a:s r="75">
                                 <a:s r="74">
                                    <a:s>GlucoseTest</a:s>
                                 </a:s>
                                 <a:s>.</a:s>
                                 <a:s r="75">
                                    <a:s>relevantPeriod</a:s>
                                 </a:s>
                              </a:s>
                              <a:s> )</a:s>
                           </a:s>
                        </a:s>
                     </a:s>
                  </a:s>
                  <a:s>
    </a:s>
                  <a:s r="90">
                     <a:s>where </a:s>
                     <a:s r="90">
                        <a:s r="85">
                           <a:s r="80">
                              <a:s r="78">
                                 <a:s>GlucoseTestTime</a:s>
                              </a:s>
                              <a:s r="80"> during </a:s>
                              <a:s r="79">
                                 <a:s>HospitalizationInterval</a:s>
                              </a:s>
                           </a:s>
                           <a:s>
      and </a:s>
                           <a:s r="84">
                              <a:s r="82">
                                 <a:s r="81">
                                    <a:s>GlucoseTest</a:s>
                                 </a:s>
                                 <a:s>.</a:s>
                                 <a:s r="82">
                                    <a:s>result</a:s>
                                 </a:s>
                              </a:s>
                              <a:s> &lt; </a:s>
                              <a:s r="83">
                                 <a:s>40 'mg/dL'</a:s>
                              </a:s>
                           </a:s>
                        </a:s>
                        <a:s>
      and </a:s>
                        <a:s r="89">
                           <a:s r="86">
                              <a:s>HypoglycemicMedicationStart</a:s>
                           </a:s>
                           <a:s> </a:s>
                           <a:s r="89">
                              <a:s>starts </a:s>
                              <a:s r="88">
                                 <a:s>24 hours</a:s>
                              </a:s>
                              <a:s> or less before or on</a:s>
                           </a:s>
                           <a:s> </a:s>
                           <a:s r="87">
                              <a:s>GlucoseTestTime</a:s>
                           </a:s>
                        </a:s>
                     </a:s>
                  </a:s>
                  <a:s>
    </a:s>
                  <a:s r="92">
                     <a:s>return </a:s>
                     <a:s r="91">
                        <a:s>GlucoseTest</a:s>
                     </a:s>
                  </a:s>
               </a:s>
            </a:s>
         </annotation>
         <expression localId="93" locator="37:3-47:22" xsi:type="Query">
            <source localId="55" locator="38:5-38:37" alias="QualifyingEncounter">
               <expression localId="54" locator="38:5-38:17" name="Denominator" xsi:type="ExpressionRef"/>
            </source>
            <source localId="57" locator="39:5-39:67" alias="HypoglycemicMedication">
               <expression localId="56" locator="39:5-39:44" name="Hypoglycemic Medication Administration" xsi:type="ExpressionRef"/>
            </source>
            <source localId="59" locator="40:5-40:82" alias="GlucoseTest">
               <expression localId="58" locator="40:5-40:70" xmlns:ns3="urn:healthit-gov:qdm:v5_6" dataType="ns3:PositiveLaboratoryTestPerformed" templateId="PositiveLaboratoryTestPerformed" codeProperty="code" codeComparator="in" xsi:type="Retrieve">
                  <codes locator="40:36-40:69" name="Glucose Lab Test Mass Per Volume" xsi:type="ValueSetRef"/>
               </expression>
            </source>
            <let localId="63" locator="41:9-41:96" identifier="HospitalizationInterval">
               <expression localId="62" locator="41:34-41:96" name="HospitalizationWithObservation" libraryName="Global" xsi:type="FunctionRef">
                  <operand localId="61" locator="41:76-41:94" name="QualifyingEncounter" xsi:type="AliasRef"/>
               </expression>
            </let>
            <let localId="70" locator="42:5-42:142" identifier="HypoglycemicMedicationStart">
               <expression localId="69" locator="42:34-42:142" name="NormalizeInterval" libraryName="Global" xsi:type="FunctionRef">
                  <operand localId="66" locator="42:63-42:101" path="relevantDatetime" scope="HypoglycemicMedication" xsi:type="Property"/>
                  <operand localId="68" locator="42:104-42:140" path="relevantPeriod" scope="HypoglycemicMedication" xsi:type="Property"/>
               </expression>
            </let>
            <let localId="77" locator="43:5-43:101" identifier="GlucoseTestTime">
               <expression localId="76" locator="43:22-43:101" name="EarliestOf" libraryName="Global" xsi:type="FunctionRef">
                  <operand localId="73" locator="43:44-43:71" path="relevantDatetime" scope="GlucoseTest" xsi:type="Property"/>
                  <operand localId="75" locator="43:74-43:99" path="relevantPeriod" scope="GlucoseTest" xsi:type="Property"/>
               </expression>
            </let>
            <where localId="90" locator="44:5-46:90" xsi:type="And">
               <operand localId="85" locator="44:11-45:41" xsi:type="And">
                  <operand localId="80" locator="44:11-44:56" xsi:type="In">
                     <operand localId="78" locator="44:11-44:25" name="GlucoseTestTime" xsi:type="QueryLetRef"/>
                     <operand localId="79" locator="44:34-44:56" name="HospitalizationInterval" xsi:type="QueryLetRef"/>
                  </operand>
                  <operand localId="84" locator="45:11-45:41" xsi:type="Less">
                     <operand asType="t:Quantity" xsi:type="As">
                        <operand localId="82" locator="45:11-45:28" path="result" scope="GlucoseTest" xsi:type="Property"/>
                     </operand>
                     <operand localId="83" locator="45:32-45:41" value="40" unit="mg/dL" xsi:type="Quantity"/>
                  </operand>
               </operand>
               <operand localId="89" locator="46:11-46:90" xsi:type="And">
                  <operand locator="46:46-46:61" xsi:type="In">
                     <operand locator="46:39-46:44" xsi:type="Start">
                        <operand localId="86" locator="46:11-46:37" name="HypoglycemicMedicationStart" xsi:type="QueryLetRef"/>
                     </operand>
                     <operand locator="46:46-46:61" lowClosed="true" highClosed="true" xsi:type="Interval">
                        <low locator="46:76-46:90" xsi:type="Subtract">
                           <operand localId="87" locator="46:76-46:90" name="GlucoseTestTime" xsi:type="QueryLetRef"/>
                           <operand localId="88" locator="46:46-46:53" value="24" unit="hours" xsi:type="Quantity"/>
                        </low>
                        <high localId="87" locator="46:76-46:90" name="GlucoseTestTime" xsi:type="QueryLetRef"/>
                     </operand>
                  </operand>
                  <operand locator="46:46-46:61" xsi:type="Not">
                     <operand locator="46:46-46:61" xsi:type="IsNull">
                        <operand localId="87" locator="46:76-46:90" name="GlucoseTestTime" xsi:type="QueryLetRef"/>
                     </operand>
                  </operand>
               </operand>
            </where>
            <return localId="92" locator="47:5-47:22">
               <expression localId="91" locator="47:12-47:22" name="GlucoseTest" xsi:type="AliasRef"/>
            </return>
         </expression>
      </def>
      <def localId="149" locator="55:1-67:25" name="Low Glucose Test Followed By Glucose Test Result Greater Than 80" context="Patient" accessLevel="Public">
         <annotation xsi:type="a:Annotation">
            <a:s r="149">
               <a:s>define &quot;Low Glucose Test Followed By Glucose Test Result Greater Than 80&quot;:
  </a:s>
               <a:s r="148">
                  <a:s>
                     <a:s>from
    </a:s>
                     <a:s r="100">
                        <a:s r="99">
                           <a:s>
                              <a:s>&quot;Denominator&quot;</a:s>
                           </a:s>
                        </a:s>
                        <a:s> QualifyingEncounter</a:s>
                     </a:s>
                     <a:s>,
    </a:s>
                     <a:s r="102">
                        <a:s r="101">
                           <a:s>
                              <a:s>&quot;Glucose Test with Result Less Than 40&quot;</a:s>
                           </a:s>
                        </a:s>
                        <a:s> LowGlucoseTest</a:s>
                     </a:s>
                     <a:s>,
    </a:s>
                     <a:s r="104">
                        <a:s r="103">
                           <a:s r="103">
                              <a:s>[&quot;Laboratory Test, Performed&quot;: </a:s>
                              <a:s>
                                 <a:s>&quot;Glucose Lab Test Mass Per Volume&quot;</a:s>
                              </a:s>
                              <a:s>]</a:s>
                           </a:s>
                        </a:s>
                        <a:s> FollowupGlucoseTest</a:s>
                     </a:s>
                  </a:s>
                  <a:s>
    </a:s>
                  <a:s>
                     <a:s>let </a:s>
                     <a:s r="111">
                        <a:s>GlucoseTestTime: </a:s>
                        <a:s r="110">
                           <a:s r="105">
                              <a:s>Global</a:s>
                           </a:s>
                           <a:s>.</a:s>
                           <a:s r="110">
                              <a:s>&quot;EarliestOf&quot; ( </a:s>
                              <a:s r="107">
                                 <a:s r="106">
                                    <a:s>LowGlucoseTest</a:s>
                                 </a:s>
                                 <a:s>.</a:s>
                                 <a:s r="107">
                                    <a:s>relevantDatetime</a:s>
                                 </a:s>
                              </a:s>
                              <a:s>, </a:s>
                              <a:s r="109">
                                 <a:s r="108">
                                    <a:s>LowGlucoseTest</a:s>
                                 </a:s>
                                 <a:s>.</a:s>
                                 <a:s r="109">
                                    <a:s>relevantPeriod</a:s>
                                 </a:s>
                              </a:s>
                              <a:s> )</a:s>
                           </a:s>
                        </a:s>
                     </a:s>
                     <a:s>,
    </a:s>
                     <a:s r="118">
                        <a:s>FollowupGlucoseTestTime: </a:s>
                        <a:s r="117">
                           <a:s r="112">
                              <a:s>Global</a:s>
                           </a:s>
                           <a:s>.</a:s>
                           <a:s r="117">
                              <a:s>&quot;EarliestOf&quot; ( </a:s>
                              <a:s r="114">
                                 <a:s r="113">
                                    <a:s>FollowupGlucoseTest</a:s>
                                 </a:s>
                                 <a:s>.</a:s>
                                 <a:s r="114">
                                    <a:s>relevantDatetime</a:s>
                                 </a:s>
                              </a:s>
                              <a:s>, </a:s>
                              <a:s r="116">
                                 <a:s r="115">
                                    <a:s>FollowupGlucoseTest</a:s>
                                 </a:s>
                                 <a:s>.</a:s>
                                 <a:s r="116">
                                    <a:s>relevantPeriod</a:s>
                                 </a:s>
                              </a:s>
                              <a:s> )</a:s>
                           </a:s>
                        </a:s>
                     </a:s>
                  </a:s>
                  <a:s>
    </a:s>
                  <a:s r="145">
                     <a:s>where </a:s>
                     <a:s r="145">
                        <a:s r="140">
                           <a:s r="134">
                              <a:s r="128">
                                 <a:s r="122">
                                    <a:s r="119">
                                       <a:s>FollowupGlucoseTestTime</a:s>
                                    </a:s>
                                    <a:s> </a:s>
                                    <a:s r="122">
                                       <a:s r="121">
                                          <a:s>5 minutes</a:s>
                                       </a:s>
                                       <a:s> or less after</a:s>
                                    </a:s>
                                    <a:s> </a:s>
                                    <a:s r="120">
                                       <a:s>GlucoseTestTime</a:s>
                                    </a:s>
                                 </a:s>
                                 <a:s>
      and </a:s>
                                 <a:s r="127">
                                    <a:s r="123">
                                       <a:s>GlucoseTestTime</a:s>
                                    </a:s>
                                    <a:s r="127"> during </a:s>
                                    <a:s r="126">
                                       <a:s r="124">
                                          <a:s>Global</a:s>
                                       </a:s>
                                       <a:s>.</a:s>
                                       <a:s r="126">
                                          <a:s>&quot;HospitalizationWithObservation&quot; ( </a:s>
                                          <a:s r="125">
                                             <a:s>QualifyingEncounter</a:s>
                                          </a:s>
                                          <a:s> )</a:s>
                                       </a:s>
                                    </a:s>
                                 </a:s>
                              </a:s>
                              <a:s>
      and </a:s>
                              <a:s r="133">
                                 <a:s r="129">
                                    <a:s>FollowupGlucoseTestTime</a:s>
                                 </a:s>
                                 <a:s r="133"> during </a:s>
                                 <a:s r="132">
                                    <a:s r="130">
                                       <a:s>Global</a:s>
                                    </a:s>
                                    <a:s>.</a:s>
                                    <a:s r="132">
                                       <a:s>&quot;HospitalizationWithObservation&quot; ( </a:s>
                                       <a:s r="131">
                                          <a:s>QualifyingEncounter</a:s>
                                       </a:s>
                                       <a:s> )</a:s>
                                    </a:s>
                                 </a:s>
                              </a:s>
                           </a:s>
                           <a:s>
      and </a:s>
                           <a:s r="139">
                              <a:s r="136">
                                 <a:s r="135">
                                    <a:s>FollowupGlucoseTest</a:s>
                                 </a:s>
                                 <a:s>.</a:s>
                                 <a:s r="136">
                                    <a:s>id</a:s>
                                 </a:s>
                              </a:s>
                              <a:s> !~ </a:s>
                              <a:s r="138">
                                 <a:s r="137">
                                    <a:s>LowGlucoseTest</a:s>
                                 </a:s>
                                 <a:s>.</a:s>
                                 <a:s r="138">
                                    <a:s>id</a:s>
                                 </a:s>
                              </a:s>
                           </a:s>
                        </a:s>
                        <a:s>
      and </a:s>
                        <a:s r="144">
                           <a:s r="142">
                              <a:s r="141">
                                 <a:s>FollowupGlucoseTest</a:s>
                              </a:s>
                              <a:s>.</a:s>
                              <a:s r="142">
                                 <a:s>result</a:s>
                              </a:s>
                           </a:s>
                           <a:s> > </a:s>
                           <a:s r="143">
                              <a:s>80 'mg/dL'</a:s>
                           </a:s>
                        </a:s>
                     </a:s>
                  </a:s>
                  <a:s>
    </a:s>
                  <a:s r="147">
                     <a:s>return </a:s>
                     <a:s r="146">
                        <a:s>LowGlucoseTest</a:s>
                     </a:s>
                  </a:s>
               </a:s>
            </a:s>
         </annotation>
         <expression localId="148" locator="56:3-67:25" xsi:type="Query">
            <source localId="100" locator="57:5-57:37" alias="QualifyingEncounter">
               <expression localId="99" locator="57:5-57:17" name="Denominator" xsi:type="ExpressionRef"/>
            </source>
            <source localId="102" locator="58:5-58:58" alias="LowGlucoseTest">
               <expression localId="101" locator="58:5-58:43" name="Glucose Test with Result Less Than 40" xsi:type="ExpressionRef"/>
            </source>
            <source localId="104" locator="59:5-59:90" alias="FollowupGlucoseTest">
               <expression localId="103" locator="59:5-59:70" xmlns:ns4="urn:healthit-gov:qdm:v5_6" dataType="ns4:PositiveLaboratoryTestPerformed" templateId="PositiveLaboratoryTestPerformed" codeProperty="code" codeComparator="in" xsi:type="Retrieve">
                  <codes locator="59:36-59:69" name="Glucose Lab Test Mass Per Volume" xsi:type="ValueSetRef"/>
               </expression>
            </source>
            <let localId="111" locator="60:9-60:111" identifier="GlucoseTestTime">
               <expression localId="110" locator="60:26-60:111" name="EarliestOf" libraryName="Global" xsi:type="FunctionRef">
                  <operand localId="107" locator="60:48-60:78" path="relevantDatetime" scope="LowGlucoseTest" xsi:type="Property"/>
                  <operand localId="109" locator="60:81-60:109" path="relevantPeriod" scope="LowGlucoseTest" xsi:type="Property"/>
               </expression>
            </let>
            <let localId="118" locator="61:5-61:125" identifier="FollowupGlucoseTestTime">
               <expression localId="117" locator="61:30-61:125" name="EarliestOf" libraryName="Global" xsi:type="FunctionRef">
                  <operand localId="114" locator="61:52-61:87" path="relevantDatetime" scope="FollowupGlucoseTest" xsi:type="Property"/>
                  <operand localId="116" locator="61:90-61:123" path="relevantPeriod" scope="FollowupGlucoseTest" xsi:type="Property"/>
               </expression>
            </let>
            <where localId="145" locator="62:5-66:49" xsi:type="And">
               <operand localId="140" locator="62:11-65:53" xsi:type="And">
                  <operand localId="134" locator="62:11-64:104" xsi:type="And">
                     <operand localId="128" locator="62:11-63:96" xsi:type="And">
                        <operand localId="122" locator="62:11-62:73" xsi:type="And">
                           <operand locator="62:35-62:51" xsi:type="In">
                              <operand localId="119" locator="62:11-62:33" name="FollowupGlucoseTestTime" xsi:type="QueryLetRef"/>
                              <operand locator="62:35-62:51" lowClosed="false" highClosed="true" xsi:type="Interval">
                                 <low localId="120" locator="62:59-62:73" name="GlucoseTestTime" xsi:type="QueryLetRef"/>
                                 <high locator="62:59-62:73" xsi:type="Add">
                                    <operand localId="120" locator="62:59-62:73" name="GlucoseTestTime" xsi:type="QueryLetRef"/>
                                    <operand localId="121" locator="62:35-62:43" value="5" unit="minutes" xsi:type="Quantity"/>
                                 </high>
                              </operand>
                           </operand>
                           <operand locator="62:35-62:51" xsi:type="Not">
                              <operand locator="62:35-62:51" xsi:type="IsNull">
                                 <operand localId="120" locator="62:59-62:73" name="GlucoseTestTime" xsi:type="QueryLetRef"/>
                              </operand>
                           </operand>
                        </operand>
                        <operand localId="127" locator="63:11-63:96" xsi:type="In">
                           <operand localId="123" locator="63:11-63:25" name="GlucoseTestTime" xsi:type="QueryLetRef"/>
                           <operand localId="126" locator="63:34-63:96" name="HospitalizationWithObservation" libraryName="Global" xsi:type="FunctionRef">
                              <operand localId="125" locator="63:76-63:94" name="QualifyingEncounter" xsi:type="AliasRef"/>
                           </operand>
                        </operand>
                     </operand>
                     <operand localId="133" locator="64:11-64:104" xsi:type="In">
                        <operand localId="129" locator="64:11-64:33" name="FollowupGlucoseTestTime" xsi:type="QueryLetRef"/>
                        <operand localId="132" locator="64:42-64:104" name="HospitalizationWithObservation" libraryName="Global" xsi:type="FunctionRef">
                           <operand localId="131" locator="64:84-64:102" name="QualifyingEncounter" xsi:type="AliasRef"/>
                        </operand>
                     </operand>
                  </operand>
                  <operand localId="139" locator="65:11-65:53" xsi:type="Not">
                     <operand locator="65:11-65:53" xsi:type="Equivalent">
                        <operand localId="136" locator="65:11-65:32" path="id" scope="FollowupGlucoseTest" xsi:type="Property"/>
                        <operand localId="138" locator="65:37-65:53" path="id" scope="LowGlucoseTest" xsi:type="Property"/>
                     </operand>
                  </operand>
               </operand>
               <operand localId="144" locator="66:11-66:49" xsi:type="Greater">
                  <operand asType="t:Quantity" xsi:type="As">
                     <operand localId="142" locator="66:11-66:36" path="result" scope="FollowupGlucoseTest" xsi:type="Property"/>
                  </operand>
                  <operand localId="143" locator="66:40-66:49" value="80" unit="mg/dL" xsi:type="Quantity"/>
               </operand>
            </where>
            <return localId="147" locator="67:5-67:25">
               <expression localId="146" locator="67:12-67:25" name="LowGlucoseTest" xsi:type="AliasRef"/>
            </return>
         </expression>
      </def>
      <def localId="155" locator="89:1-91:108" name="Severe Hypoglycemic Harm Event" context="Patient" accessLevel="Public">
         <annotation xsi:type="a:Annotation">
            <a:s r="155">
               <a:s>define &quot;Severe Hypoglycemic Harm Event&quot;:
  </a:s>
               <a:s r="154">
                  <a:s>
                     <a:s r="96">
                        <a:s r="95">
                           <a:s>
                              <a:s>&quot;Glucose Test with Result Less Than 40&quot;</a:s>
                           </a:s>
                        </a:s>
                        <a:s> LowGlucoseTest</a:s>
                     </a:s>
                  </a:s>
                  <a:s>
    </a:s>
                  <a:s r="153">
                     <a:s>where </a:s>
                     <a:s r="153">
                        <a:s>not </a:s>
                        <a:s r="152">
                           <a:s>( </a:s>
                           <a:s r="152">
                              <a:s r="98">
                                 <a:s r="97">
                                    <a:s>LowGlucoseTest</a:s>
                                 </a:s>
                                 <a:s>.</a:s>
                                 <a:s r="98">
                                    <a:s>id</a:s>
                                 </a:s>
                              </a:s>
                              <a:s> in </a:s>
                              <a:s r="151">
                                 <a:s r="150">
                                    <a:s>&quot;Low Glucose Test Followed By Glucose Test Result Greater Than 80&quot;</a:s>
                                 </a:s>
                                 <a:s>.</a:s>
                                 <a:s r="151">
                                    <a:s>id</a:s>
                                 </a:s>
                              </a:s>
                           </a:s>
                           <a:s> )</a:s>
                        </a:s>
                     </a:s>
                  </a:s>
               </a:s>
            </a:s>
         </annotation>
         <expression localId="154" locator="90:3-91:108" xsi:type="Query">
            <source localId="96" locator="90:3-90:56" alias="LowGlucoseTest">
               <expression localId="95" locator="90:3-90:41" name="Glucose Test with Result Less Than 40" xsi:type="ExpressionRef"/>
            </source>
            <where localId="153" locator="91:5-91:108" xsi:type="Not">
               <operand localId="152" locator="91:15-91:108" xsi:type="In">
                  <operand localId="98" locator="91:17-91:33" path="id" scope="LowGlucoseTest" xsi:type="Property"/>
                  <operand localId="151" locator="91:38-91:106" xsi:type="Query">
                     <source alias="$this">
                        <expression localId="150" locator="91:38-91:103" name="Low Glucose Test Followed By Glucose Test Result Greater Than 80" xsi:type="ExpressionRef"/>
                     </source>
                     <where xsi:type="Not">
                        <operand xsi:type="IsNull">
                           <operand path="id" xsi:type="Property">
                              <source name="$this" xsi:type="AliasRef"/>
                           </operand>
                        </operand>
                     </where>
                     <return distinct="false">
                        <expression path="id" xsi:type="Property">
                           <source name="$this" xsi:type="AliasRef"/>
                        </expression>
                     </return>
                  </operand>
               </operand>
            </where>
         </expression>
      </def>
      <def localId="175" locator="27:1-34:30" name="Encounter with Severe Hypoglycemic Harm Event" context="Patient" accessLevel="Public">
         <annotation xsi:type="a:Annotation">
            <a:s r="175">
               <a:s>define &quot;Encounter with Severe Hypoglycemic Harm Event&quot;:
  </a:s>
               <a:s r="174">
                  <a:s>
                     <a:s>from
    </a:s>
                     <a:s r="53">
                        <a:s r="52">
                           <a:s>
                              <a:s>&quot;Denominator&quot;</a:s>
                           </a:s>
                        </a:s>
                        <a:s> QualifyingEncounter</a:s>
                     </a:s>
                     <a:s>,
    </a:s>
                     <a:s r="157">
                        <a:s r="156">
                           <a:s>
                              <a:s>&quot;Severe Hypoglycemic Harm Event&quot;</a:s>
                           </a:s>
                        </a:s>
                        <a:s> HypoglycemicEvent</a:s>
                     </a:s>
                  </a:s>
                  <a:s>
    </a:s>
                  <a:s>
                     <a:s>let </a:s>
                     <a:s r="164">
                        <a:s>GlucoseTestTime: </a:s>
                        <a:s r="163">
                           <a:s r="158">
                              <a:s>Global</a:s>
                           </a:s>
                           <a:s>.</a:s>
                           <a:s r="163">
                              <a:s>&quot;EarliestOf&quot; ( </a:s>
                              <a:s r="160">
                                 <a:s r="159">
                                    <a:s>HypoglycemicEvent</a:s>
                                 </a:s>
                                 <a:s>.</a:s>
                                 <a:s r="160">
                                    <a:s>relevantDatetime</a:s>
                                 </a:s>
                              </a:s>
                              <a:s>, </a:s>
                              <a:s r="162">
                                 <a:s r="161">
                                    <a:s>HypoglycemicEvent</a:s>
                                 </a:s>
                                 <a:s>.</a:s>
                                 <a:s r="162">
                                    <a:s>relevantPeriod</a:s>
                                 </a:s>
                              </a:s>
                              <a:s> )</a:s>
                           </a:s>
                        </a:s>
                     </a:s>
                     <a:s>,
    </a:s>
                     <a:s r="168">
                        <a:s>HospitalizationInterval: </a:s>
                        <a:s r="167">
                           <a:s r="165">
                              <a:s>Global</a:s>
                           </a:s>
                           <a:s>.</a:s>
                           <a:s r="167">
                              <a:s>&quot;HospitalizationWithObservation&quot; ( </a:s>
                              <a:s r="166">
                                 <a:s>QualifyingEncounter</a:s>
                              </a:s>
                              <a:s> )</a:s>
                           </a:s>
                        </a:s>
                     </a:s>
                  </a:s>
                  <a:s>
    </a:s>
                  <a:s r="171">
                     <a:s>where </a:s>
                     <a:s r="171">
                        <a:s r="169">
                           <a:s>GlucoseTestTime</a:s>
                        </a:s>
                        <a:s r="171"> during </a:s>
                        <a:s r="170">
                           <a:s>HospitalizationInterval</a:s>
                        </a:s>
                     </a:s>
                  </a:s>
                  <a:s>
    </a:s>
                  <a:s r="173">
                     <a:s>return </a:s>
                     <a:s r="172">
                        <a:s>QualifyingEncounter</a:s>
                     </a:s>
                  </a:s>
               </a:s>
            </a:s>
         </annotation>
         <expression localId="174" locator="28:3-34:30" xsi:type="Query">
            <source localId="53" locator="29:5-29:37" alias="QualifyingEncounter">
               <expression localId="52" locator="29:5-29:17" name="Denominator" xsi:type="ExpressionRef"/>
            </source>
            <source localId="157" locator="30:5-30:54" alias="HypoglycemicEvent">
               <expression localId="156" locator="30:5-30:36" name="Severe Hypoglycemic Harm Event" xsi:type="ExpressionRef"/>
            </source>
            <let localId="164" locator="31:9-31:117" identifier="GlucoseTestTime">
               <expression localId="163" locator="31:26-31:117" name="EarliestOf" libraryName="Global" xsi:type="FunctionRef">
                  <operand localId="160" locator="31:48-31:81" path="relevantDatetime" scope="HypoglycemicEvent" xsi:type="Property"/>
                  <operand localId="162" locator="31:84-31:115" path="relevantPeriod" scope="HypoglycemicEvent" xsi:type="Property"/>
               </expression>
            </let>
            <let localId="168" locator="32:5-32:92" identifier="HospitalizationInterval">
               <expression localId="167" locator="32:30-32:92" name="HospitalizationWithObservation" libraryName="Global" xsi:type="FunctionRef">
                  <operand localId="166" locator="32:72-32:90" name="QualifyingEncounter" xsi:type="AliasRef"/>
               </expression>
            </let>
            <where localId="171" locator="33:5-33:56" xsi:type="In">
               <operand localId="169" locator="33:11-33:25" name="GlucoseTestTime" xsi:type="QueryLetRef"/>
               <operand localId="170" locator="33:34-33:56" name="HospitalizationInterval" xsi:type="QueryLetRef"/>
            </where>
            <return localId="173" locator="34:5-34:30">
               <expression localId="172" locator="34:12-34:30" name="QualifyingEncounter" xsi:type="AliasRef"/>
            </return>
         </expression>
      </def>
      <def localId="177" locator="69:1-70:49" name="Numerator" context="Patient" accessLevel="Public">
         <annotation xsi:type="a:Annotation">
            <a:s r="177">
               <a:s>define &quot;Numerator&quot;:
  </a:s>
               <a:s r="176">
                  <a:s>&quot;Encounter with Severe Hypoglycemic Harm Event&quot;</a:s>
               </a:s>
            </a:s>
         </annotation>
         <expression localId="176" locator="70:3-70:49" name="Encounter with Severe Hypoglycemic Harm Event" xsi:type="ExpressionRef"/>
      </def>
      <def localId="179" locator="77:1-78:51" name="SDE Ethnicity" context="Patient" accessLevel="Public">
         <annotation xsi:type="a:Annotation">
            <a:s r="179">
               <a:s>define &quot;SDE Ethnicity&quot;:
  </a:s>
               <a:s r="178">
                  <a:s>[&quot;Patient Characteristic Ethnicity&quot;: </a:s>
                  <a:s>
                     <a:s>&quot;Ethnicity&quot;</a:s>
                  </a:s>
                  <a:s>]</a:s>
               </a:s>
            </a:s>
         </annotation>
         <expression localId="178" locator="78:3-78:51" xmlns:ns5="urn:healthit-gov:qdm:v5_6" dataType="ns5:PatientCharacteristicEthnicity" codeProperty="code" codeComparator="in" xsi:type="Retrieve">
            <codes locator="78:40-78:50" name="Ethnicity" xsi:type="ValueSetRef"/>
         </expression>
      </def>
      <def localId="181" locator="80:1-81:43" name="SDE Payer" context="Patient" accessLevel="Public">
         <annotation xsi:type="a:Annotation">
            <a:s r="181">
               <a:s>define &quot;SDE Payer&quot;:
  </a:s>
               <a:s r="180">
                  <a:s>[&quot;Patient Characteristic Payer&quot;: </a:s>
                  <a:s>
                     <a:s>&quot;Payer&quot;</a:s>
                  </a:s>
                  <a:s>]</a:s>
               </a:s>
            </a:s>
         </annotation>
         <expression localId="180" locator="81:3-81:43" xmlns:ns6="urn:healthit-gov:qdm:v5_6" dataType="ns6:PatientCharacteristicPayer" codeProperty="code" codeComparator="in" xsi:type="Retrieve">
            <codes locator="81:36-81:42" name="Payer" xsi:type="ValueSetRef"/>
         </expression>
      </def>
      <def localId="183" locator="83:1-84:41" name="SDE Race" context="Patient" accessLevel="Public">
         <annotation xsi:type="a:Annotation">
            <a:s r="183">
               <a:s>define &quot;SDE Race&quot;:
  </a:s>
               <a:s r="182">
                  <a:s>[&quot;Patient Characteristic Race&quot;: </a:s>
                  <a:s>
                     <a:s>&quot;Race&quot;</a:s>
                  </a:s>
                  <a:s>]</a:s>
               </a:s>
            </a:s>
         </annotation>
         <expression localId="182" locator="84:3-84:41" xmlns:ns7="urn:healthit-gov:qdm:v5_6" dataType="ns7:PatientCharacteristicRace" codeProperty="code" codeComparator="in" xsi:type="Retrieve">
            <codes locator="84:35-84:40" name="Race" xsi:type="ValueSetRef"/>
         </expression>
      </def>
      <def localId="185" locator="86:1-87:58" name="SDE Sex" context="Patient" accessLevel="Public">
         <annotation xsi:type="a:Annotation">
            <a:s r="185">
               <a:s>define &quot;SDE Sex&quot;:
  </a:s>
               <a:s r="184">
                  <a:s>[&quot;Patient Characteristic Sex&quot;: </a:s>
                  <a:s>
                     <a:s>&quot;ONC Administrative Sex&quot;</a:s>
                  </a:s>
                  <a:s>]</a:s>
               </a:s>
            </a:s>
         </annotation>
         <expression localId="184" locator="87:3-87:58" xmlns:ns8="urn:healthit-gov:qdm:v5_6" dataType="ns8:PatientCharacteristicSex" codeProperty="code" codeComparator="in" xsi:type="Retrieve">
            <codes locator="87:34-87:57" name="ONC Administrative Sex" xsi:type="ValueSetRef"/>
         </expression>
      </def>
   </statements>
</library>
