<?xml version="1.0" encoding="UTF-8" standalone="yes"?>
<QualityMeasureDocument xmlns="urn:hl7-org:v3" xmlns:cql-ext="urn:hhs-cql:hqmf-n1-extensions:v1"
                        xmlns:xsi="http://www.w3.org/2001/XMLSchema-instance">

      <!--
            **************************************************************
            Measure Details Section
            **************************************************************
        -->

      <typeId extension="POQM_HD000001UV02" root="2.16.840.1.113883.1.3"/>
   <templateId>
      <item extension="2021-02-01" root="2.16.840.1.113883.10.20.28.1.2"/>
   </templateId>
   <id root="2c928083-8907-ce68-0189-2bc79da1076a"/>
   <code code="57024-2" codeSystem="2.16.840.1.113883.6.1">
      <displayName value="Health Quality Measure Document"/>
   </code>
   <title value="Appropriate Treatment for Upper Respiratory Infection (URI)"/>
   <text
         value="Percentage of episodes for patients 3 months of age and older with a diagnosis of upper respiratory infection (URI) that did not result in an antibiotic order"/>
   <statusCode code="COMPLETED"/>
   <setId root="e455fac0-f2cb-4074-a351-1e68a90fb7cf"/>
   <versionNumber value="13.0.000"/>
   <author>
      <responsibleParty classCode="ASSIGNED">
         <representedResponsibleOrganization classCode="ORG" determinerCode="INSTANCE">
            <id>
               <item root="2.16.840.1.113883.3.464"/>
            </id>
            <name>
               <item>
                  <part value="National Committee for Quality Assurance"/>
               </item>
            </name>
         </representedResponsibleOrganization>
      </responsibleParty>
   </author>
   <custodian>
      <responsibleParty classCode="ASSIGNED">
         <representedResponsibleOrganization classCode="ORG" determinerCode="INSTANCE">
            <id>
               <item root="40"/>
            </id>
            <name>
               <item>
                  <part value="National Committee for Quality Assurance"/>
               </item>
            </name>
         </representedResponsibleOrganization>
      </responsibleParty>
   </custodian>
   <!--ONC Administrative Sex-->
     	 <definition>
      <valueSet classCode="OBS" moodCode="DEF">
         <id root="2.16.840.1.113762.1.4.1"/>
         <title value="ONC Administrative Sex"/>
      </valueSet>
   </definition>
   <!--Outpatient Consultation-->
     	 <definition>
      <valueSet classCode="OBS" moodCode="DEF">
         <id root="2.16.840.1.113883.3.464.1003.101.12.1008"/>
         <title value="Outpatient Consultation"/>
      </valueSet>
   </definition>
   <!--Antibiotic Medications for Upper Respiratory Infection-->
     	 <definition>
      <valueSet classCode="OBS" moodCode="DEF">
         <id root="2.16.840.1.113883.3.464.1003.1190"/>
         <title value="Antibiotic Medications for Upper Respiratory Infection"/>
      </valueSet>
   </definition>
   <!--Telephone Visits-->
     	 <definition>
      <valueSet classCode="OBS" moodCode="DEF">
         <id root="2.16.840.1.113883.3.464.1003.101.12.1080"/>
         <title value="Telephone Visits"/>
      </valueSet>
   </definition>
   <!--Competing Conditions for Respiratory Conditions-->
     	 <definition>
      <valueSet classCode="OBS" moodCode="DEF">
         <id root="2.16.840.1.113883.3.464.1003.102.12.1017"/>
         <title value="Competing Conditions for Respiratory Conditions"/>
      </valueSet>
   </definition>
   <!--Preventive Care Services Group Counseling-->
     	 <definition>
      <valueSet classCode="OBS" moodCode="DEF">
         <id root="2.16.840.1.113883.3.464.1003.101.12.1027"/>
         <title value="Preventive Care Services Group Counseling"/>
      </valueSet>
   </definition>
   <!--Hospice Care Ambulatory-->
     	 <definition>
      <valueSet classCode="OBS" moodCode="DEF">
         <id root="2.16.840.1.113883.3.526.3.1584"/>
         <title value="Hospice Care Ambulatory"/>
      </valueSet>
   </definition>
   <!--Preventive Care Services Established Office Visit, 18 and Up-->
     	 <definition>
      <valueSet classCode="OBS" moodCode="DEF">
         <id root="2.16.840.1.113883.3.464.1003.101.12.1025"/>
         <title value="Preventive Care Services Established Office Visit, 18 and Up"/>
      </valueSet>
   </definition>
   <!--Home Healthcare Services-->
     	 <definition>
      <valueSet classCode="OBS" moodCode="DEF">
         <id root="2.16.840.1.113883.3.464.1003.101.12.1016"/>
         <title value="Home Healthcare Services"/>
      </valueSet>
   </definition>
   <!--Medical Disability Exam-->
     	 <definition>
      <valueSet classCode="OBS" moodCode="DEF">
         <id root="2.16.840.1.113883.3.464.1003.101.12.1073"/>
         <title value="Medical Disability Exam"/>
      </valueSet>
   </definition>
   <!--Race-->
     	 <definition>
      <valueSet classCode="OBS" moodCode="DEF">
         <id root="2.16.840.1.114222.4.11.836"/>
         <title value="Race"/>
      </valueSet>
   </definition>
   <!--Office Visit-->
     	 <definition>
      <valueSet classCode="OBS" moodCode="DEF">
         <id root="2.16.840.1.113883.3.464.1003.101.12.1001"/>
         <title value="Office Visit"/>
      </valueSet>
   </definition>
   <!--Virtual Encounter-->
     	 <definition>
      <valueSet classCode="OBS" moodCode="DEF">
         <id root="2.16.840.1.113883.3.464.1003.101.12.1089"/>
         <title value="Virtual Encounter"/>
      </valueSet>
   </definition>
   <!--Preventive Care Services, Initial Office Visit, 0 to 17-->
     	 <definition>
      <valueSet classCode="OBS" moodCode="DEF">
         <id root="2.16.840.1.113883.3.464.1003.101.12.1022"/>
         <title value="Preventive Care Services, Initial Office Visit, 0 to 17"/>
      </valueSet>
   </definition>
   <!--Upper Respiratory Infection-->
     	 <definition>
      <valueSet classCode="OBS" moodCode="DEF">
         <id root="2.16.840.1.113883.3.464.1003.102.12.1022"/>
         <title value="Upper Respiratory Infection"/>
      </valueSet>
   </definition>
   <!--Comorbid Conditions for Respiratory Conditions-->
     	 <definition>
      <valueSet classCode="OBS" moodCode="DEF">
         <id root="2.16.840.1.113883.3.464.1003.102.12.1025"/>
         <title value="Comorbid Conditions for Respiratory Conditions"/>
      </valueSet>
   </definition>
   <!--Acute Tonsillitis-->
     	 <definition>
      <valueSet classCode="OBS" moodCode="DEF">
         <id root="2.16.840.1.113883.3.464.1003.102.12.1012"/>
         <title value="Acute Tonsillitis"/>
      </valueSet>
   </definition>
   <!--Preventive Care, Established Office Visit, 0 to 17-->
     	 <definition>
      <valueSet classCode="OBS" moodCode="DEF">
         <id root="2.16.840.1.113883.3.464.1003.101.12.1024"/>
         <title value="Preventive Care, Established Office Visit, 0 to 17"/>
      </valueSet>
   </definition>
   <!--Emergency Department Evaluation and Management Visit-->
     	 <definition>
      <valueSet classCode="OBS" moodCode="DEF">
         <id root="2.16.840.1.113883.3.464.1003.101.12.1010"/>
         <title value="Emergency Department Evaluation and Management Visit"/>
      </valueSet>
   </definition>
   <!--Preventive Care Services Individual Counseling-->
     	 <definition>
      <valueSet classCode="OBS" moodCode="DEF">
         <id root="2.16.840.1.113883.3.464.1003.101.12.1026"/>
         <title value="Preventive Care Services Individual Counseling"/>
      </valueSet>
   </definition>
   <!--Ethnicity-->
     	 <definition>
      <valueSet classCode="OBS" moodCode="DEF">
         <id root="2.16.840.1.114222.4.11.837"/>
         <title value="Ethnicity"/>
      </valueSet>
   </definition>
   <!--Preventive Care Services Initial Office Visit, 18 and Up-->
     	 <definition>
      <valueSet classCode="OBS" moodCode="DEF">
         <id root="2.16.840.1.113883.3.464.1003.101.12.1023"/>
         <title value="Preventive Care Services Initial Office Visit, 18 and Up"/>
      </valueSet>
   </definition>
   <!--Encounter Inpatient-->
     	 <definition>
      <valueSet classCode="OBS" moodCode="DEF">
         <id root="2.16.840.1.113883.3.666.5.307"/>
         <title value="Encounter Inpatient"/>
      </valueSet>
   </definition>
   <!--Hospice Diagnosis-->
     	 <definition>
      <valueSet classCode="OBS" moodCode="DEF">
         <id root="2.16.840.1.113883.3.464.1003.1165"/>
         <title value="Hospice Diagnosis"/>
      </valueSet>
   </definition>
   <!--Hospice Encounter-->
     	 <definition>
      <valueSet classCode="OBS" moodCode="DEF">
         <id root="2.16.840.1.113883.3.464.1003.1003"/>
         <title value="Hospice Encounter"/>
      </valueSet>
   </definition>
   <!--Payer Type-->
     	 <definition>
      <valueSet classCode="OBS" moodCode="DEF">
         <id root="2.16.840.1.114222.4.11.3591"/>
         <title value="Payer Type"/>
      </valueSet>
   </definition>
   <!--Acute Pharyngitis-->
     	 <definition>
      <valueSet classCode="OBS" moodCode="DEF">
         <id root="2.16.840.1.113883.3.464.1003.102.12.1011"/>
         <title value="Acute Pharyngitis"/>
      </valueSet>
   </definition>
   <!--Unlisted preventive medicine service-CODE:/CodeSystem/CPT/Version/2024/Code/99429/Info-->
      <definition>
      <cql-ext:code code="99429" codeSystem="2.16.840.1.113883.6.12" codeSystemName="CPT">
         <displayName value="Unlisted preventive medicine service"/>
      </cql-ext:code>
   </definition>
   <!--Hospice care [Minimum Data Set]-CODE:/CodeSystem/LOINC/Version/2.76/Code/45755-6/Info-->
      <definition>
      <cql-ext:code code="45755-6" codeSystem="2.16.840.1.113883.6.1" codeSystemName="LOINC">
         <displayName value="Hospice care [Minimum Data Set]"/>
      </cql-ext:code>
   </definition>
   <!--Discharge to home for hospice care (procedure)-CODE:/CodeSystem/SNOMEDCT/Version/2023-09/Code/428361000124107/Info-->
      <definition>
      <cql-ext:code code="428361000124107" codeSystem="2.16.840.1.113883.6.96"
                    codeSystemName="SNOMEDCT">
         <displayName value="Discharge to home for hospice care (procedure)"/>
      </cql-ext:code>
   </definition>
   <!--Discharge to healthcare facility for hospice care (procedure)-CODE:/CodeSystem/SNOMEDCT/Version/2023-09/Code/428371000124100/Info-->
      <definition>
      <cql-ext:code code="428371000124100" codeSystem="2.16.840.1.113883.6.96"
                    codeSystemName="SNOMEDCT">
         <displayName value="Discharge to healthcare facility for hospice care (procedure)"/>
      </cql-ext:code>
   </definition>
   <!--Yes (qualifier value)-CODE:/CodeSystem/SNOMEDCT/Version/2023-09/Code/373066001/Info-->
      <definition>
      <cql-ext:code code="373066001" codeSystem="2.16.840.1.113883.6.96" codeSystemName="SNOMEDCT">
         <displayName value="Yes (qualifier value)"/>
      </cql-ext:code>
   </definition>
   <relatedDocument typeCode="COMP">
      <expressionDocument>
         <id root="830412B0-6D46-4033-B665-9772BF8330B6"/>
         <text mediaType="text/cql">
            <reference value="https://emeasuretool.cms.gov/libraries/e455fac0-f2cb-4074-a351-1e68a90fb7cf/CMS154-v13-0-000-QDM-5-6.cql"/>
            <translation mediaType="application/elm+xml">
               <reference value="https://emeasuretool.cms.gov/libraries/e455fac0-f2cb-4074-a351-1e68a90fb7cf/CMS154-v13-0-000-QDM-5-6.xml"/>
            </translation>
            <translation mediaType="application/elm+json">
               <reference value="https://emeasuretool.cms.gov/libraries/e455fac0-f2cb-4074-a351-1e68a90fb7cf/CMS154-v13-0-000-QDM-5-6.json"/>
            </translation>
         </text>
         <setId extension="e455fac0-f2cb-4074-a351-1e68a90fb7cf"
                identifierName="AppropriateTreatmentforUpperRespiratoryInfectionURI"
                root="https://emeasuretool.cms.gov/libraries"/>
         <versionNumber value="13.0.000"/>
      </expressionDocument>
   </relatedDocument>
   <relatedDocument typeCode="COMP">
      <expressionDocument>
         <id root="8a6d04138d31a32c018db25d1778248f"/>
         <text mediaType="text/cql">
            <reference value="https://emeasuretool.cms.gov/libraries/64299b80-f383-4dc9-82e4-d6ef0b271b11/HospiceQDM-v6-0-000-QDM-5-6.cql"/>
            <translation mediaType="application/elm+xml">
               <reference value="https://emeasuretool.cms.gov/libraries/64299b80-f383-4dc9-82e4-d6ef0b271b11/HospiceQDM-v6-0-000-QDM-5-6.xml"/>
            </translation>
            <translation mediaType="application/elm+json">
               <reference value="https://emeasuretool.cms.gov/libraries/64299b80-f383-4dc9-82e4-d6ef0b271b11/HospiceQDM-v6-0-000-QDM-5-6.json"/>
            </translation>
         </text>
         <setId extension="64299b80-f383-4dc9-82e4-d6ef0b271b11" identifierName="HospiceQDM"
                root="https://emeasuretool.cms.gov/libraries"/>
         <versionNumber value="6.0.000"/>
      </expressionDocument>
   </relatedDocument>
   <relatedDocument typeCode="COMP">
      <expressionDocument>
         <id root="8a6d042a8c5931d0018c6e282a31073d"/>
         <text mediaType="text/cql">
            <reference value="https://emeasuretool.cms.gov/libraries/8bdc0a19-b210-4a58-8a07-f5d95a34eca9/MATGlobalCommonFunctionsQDM-v8-0-000-QDM-5-6.cql"/>
            <translation mediaType="application/elm+xml">
               <reference value="https://emeasuretool.cms.gov/libraries/8bdc0a19-b210-4a58-8a07-f5d95a34eca9/MATGlobalCommonFunctionsQDM-v8-0-000-QDM-5-6.xml"/>
            </translation>
            <translation mediaType="application/elm+json">
               <reference value="https://emeasuretool.cms.gov/libraries/8bdc0a19-b210-4a58-8a07-f5d95a34eca9/MATGlobalCommonFunctionsQDM-v8-0-000-QDM-5-6.json"/>
            </translation>
         </text>
         <setId extension="8bdc0a19-b210-4a58-8a07-f5d95a34eca9"
                identifierName="MATGlobalCommonFunctionsQDM"
                root="https://emeasuretool.cms.gov/libraries"/>
         <versionNumber value="8.0.000"/>
      </expressionDocument>
   </relatedDocument>
   <controlVariable>
      <measurePeriod>
         <id extension="measureperiod" root="bf896ad6-0006-4ea9-b13e-087f6c384583"/>
         <code code="MSRTP" codeSystem="2.16.840.1.113883.5.4">
            <originalText value="Measurement Period"/>
         </code>
         <value xsi:type="PIVL_TS">
            <phase highClosed="true" lowClosed="true">
               <low value="20240101"/>
               <width unit="a" value="1" xsi:type="PQ"/>
            </phase>
            <period unit="a" value="1"/>
         </value>
      </measurePeriod>
   </controlVariable>
   <subjectOf>
      <measureAttribute>
         <code nullFlavor="OTH">
            <originalText value="eCQM Identifier (Measure Authoring Tool)"/>
         </code>
         <value mediaType="text/plain" value="154" xsi:type="ED"/>
      </measureAttribute>
   </subjectOf>
   <subjectOf>
      <measureAttribute>
         <code nullFlavor="OTH">
            <originalText value="CBE Number"/>
         </code>
         <value mediaType="text/plain" value="Not Applicable" xsi:type="ED"/>
      </measureAttribute>
   </subjectOf>
   <subjectOf>
      <measureAttribute>
         <code code="COPY" codeSystem="2.16.840.1.113883.5.4">
            <displayName value="Copyright"/>
         </code>
         <value mediaType="text/plain"
                value="This Physician Performance Measure (Measure) and related data specifications are owned and were developed by the National Committee for Quality Assurance (NCQA). NCQA is not responsible for any use of the Measure. NCQA makes no representations, warranties, or endorsement about the quality of any organization or physician that uses or reports performance measures and NCQA has no liability to anyone who relies on such measures or specifications. NCQA holds a copyright in the Measure. The Measure can be reproduced and distributed, without modification, for noncommercial purposes (e.g., use by healthcare providers in connection with their practices) without obtaining approval from NCQA. Commercial use is defined as the sale, licensing, or distribution of the Measure for commercial gain, or incorporation of the Measure into a product or service that is sold, licensed or distributed for commercial gain. All commercial uses or requests for modification must be approved by NCQA and are subject to a license at the discretion of NCQA. (C) 2012-2024 National Committee for Quality Assurance. All Rights Reserved.&#xA;&#xA;Limited proprietary coding is contained in the Measure specifications for user convenience. Users of proprietary code sets should obtain all necessary licenses from the owners of the code sets. NCQA disclaims all liability for use or accuracy of any third-party codes contained in the specifications.&#xA;&#xA;CPT(R) codes, descriptions and other data are copyright 2024. American Medical Association. All rights reserved. CPT is a trademark of the American Medical Association. Fee schedules, relative value units, conversion factors and/or related components are not assigned by the AMA, are not part of CPT, and the AMA is not recommending their use. The AMA does not directly or indirectly practice medicine or dispense medical services. The AMA assumes no liability for data contained or not contained herein. Applicable FARS/DFARS restrictions apply to government use.&#xA;&#xA;Some measure specifications contain coding from LOINC(R) (http://loinc.org). The LOINC table, LOINC codes, LOINC panels and form file, LOINC linguistic variants file, LOINC/RSNA Radiology Playbook, and LOINC/IEEE Medical Device Code Mapping Table are copyright 2004-2024 Regenstrief Institute, Inc. and the Logical Observation Identifiers Names and Codes (LOINC) Committee, and are available at no cost under the license at http://loinc.org/terms-of-use.&#xA;&#xA;This material contains SNOMED Clinical Terms(R) (SNOMED CT[R]) copyright 2004-2023 International Health Terminology Standards Development Organisation. &#xA;&#xA;ICD-10 copyright 2024 World Health Organization. All Rights Reserved.&#xA;&#xA;Some measures use RxNorm, a standardized nomenclature and coding for clinical drugs and drug delivery devices, which is made publicly available courtesy of the U.S. National Library of Medicine (NLM), National Institutes of Health, Department of Health and Human Services. NLM is not responsible for the measures and does not endorse or recommend this or any other product.&#xA;&#xA;“HL7” is the registered trademark of Health Level Seven International."
                xsi:type="ED"/>
      </measureAttribute>
   </subjectOf>
   <subjectOf>
      <measureAttribute>
         <code code="DISC" codeSystem="2.16.840.1.113883.5.4">
            <displayName value="Disclaimer"/>
         </code>
         <value mediaType="text/plain"
                value="The performance Measure is not a clinical guideline and does not establish a standard of medical care, and has not been tested for all potential applications. THE MEASURE AND SPECIFICATIONS ARE PROVIDED &quot;AS IS&quot; WITHOUT WARRANTY OF ANY KIND.&#xA; &#xA;Due to technical limitations, registered trademarks are indicated by (R) or [R] and unregistered trademarks are indicated by (TM) or [TM]."
                xsi:type="ED"/>
      </measureAttribute>
   </subjectOf>
   <subjectOf>
      <measureAttribute>
         <code code="MSRSCORE" codeSystem="2.16.840.1.113883.5.4">
            <displayName value="Measure Scoring"/>
         </code>
         <value code="PROPOR" codeSystem="2.16.840.1.113883.5.1063" xsi:type="CD">
            <displayName value="Proportion"/>
         </value>
      </measureAttribute>
   </subjectOf>
   <subjectOf>
      <measureAttribute>
         <code code="MSRTYPE" codeSystem="2.16.840.1.113883.5.4">
            <displayName value="Measure Type"/>
         </code>
         <value code="PROCESS" codeSystem="2.16.840.1.113883.5.1063" xsi:type="CD">
            <displayName value="PROCESS"/>
         </value>
      </measureAttribute>
   </subjectOf>
   <subjectOf>
      <measureAttribute>
         <code code="STRAT" codeSystem="2.16.840.1.113883.5.4">
            <displayName value="Stratification"/>
         </code>
         <value mediaType="text/plain"
                value="- 3 months-17 years&#xA;- 18-64 years&#xA;- 65 years and older"
                xsi:type="ED"/>
      </measureAttribute>
   </subjectOf>
   <subjectOf>
      <measureAttribute>
         <code code="MSRADJ" codeSystem="2.16.840.1.113883.5.4">
            <displayName value="Risk Adjustment"/>
         </code>
         <value mediaType="text/plain" value="None" xsi:type="ED"/>
      </measureAttribute>
   </subjectOf>
   <subjectOf>
      <measureAttribute>
         <code code="MSRAGG" codeSystem="2.16.840.1.113883.5.4">
            <displayName value="Rate Aggregation"/>
         </code>
         <value mediaType="text/plain" value="None" xsi:type="ED"/>
      </measureAttribute>
   </subjectOf>
   <subjectOf>
      <measureAttribute>
         <code code="RAT" codeSystem="2.16.840.1.113883.5.4">
            <displayName value="Rationale"/>
         </code>
         <value mediaType="text/plain"
                value="Most URI, also known as the common cold, are caused by viruses that require no antibiotic treatment. Too often, antibiotics are prescribed inappropriately, which can lead to antibiotic resistance (when antibiotics can no longer cure bacterial infections). In the United States, at least 2.8 million antibiotic-resistant illnesses and 35,000 deaths occur each year (Centers for Disease Control and Prevention [CDC], 2020)."
                xsi:type="ED"/>
      </measureAttribute>
   </subjectOf>
   <subjectOf>
      <measureAttribute>
         <code code="CRS" codeSystem="2.16.840.1.113883.5.4">
            <displayName value="Clinical Recommendation Statement"/>
         </code>
         <value mediaType="text/plain"
                value="American Family Physician (Fashner, Ericson, &amp; Werner, 2012) &#xA;&#xA;- Antibiotics should not be used for the treatment of cold symptoms in children or adults. (A) &#xA;&#xA;- Nonsteroidal anti-inflammatory drugs reduce pain secondary to upper respiratory tract infection in adults. (A) &#xA;&#xA;- Decongestants, antihistamine/decongestant combinations, and intranasal ipratropium (Atrovent) may improve cold symptoms in adults. (B)&#xA;&#xA;Institute for Clinical Systems Improvement (ICSI) (Short et al., 2017)&#xA;The ICSI work group does not recommend antibiotics for treatment of common cold symptoms in children and adults."
                xsi:type="ED"/>
      </measureAttribute>
   </subjectOf>
   <subjectOf>
      <measureAttribute>
         <code code="IDUR" codeSystem="2.16.840.1.113883.5.4">
            <displayName value="Improvement Notation"/>
         </code>
         <value mediaType="text/plain" value="Higher score indicates better quality"
                xsi:type="ED"/>
      </measureAttribute>
   </subjectOf>
   <subjectOf>
      <measureAttribute>
         <code code="REF" codeSystem="2.16.840.1.113883.5.4">
            <displayName value="Reference"/>
         </code>
         <value mediaType="text/plain"
                value="CITATIONCenters for Disease Control and Prevention. (2020). Be Antibiotics Aware: Smart Use, Best Care. Retrieved from https://www.cdc.gov/patientsafety/features/be-antibiotics-aware.html"
                xsi:type="ED"/>
      </measureAttribute>
   </subjectOf>
   <subjectOf>
      <measureAttribute>
         <code code="REF" codeSystem="2.16.840.1.113883.5.4">
            <displayName value="Reference"/>
         </code>
         <value mediaType="text/plain"
                value="CITATIONFashner, J., Ericson, K., &amp; Werner, S. (2012). Treatment of the Common Cold in Children and Adults. American Family Physician, 86(2), 153-159."
                xsi:type="ED"/>
      </measureAttribute>
   </subjectOf>
   <subjectOf>
      <measureAttribute>
         <code code="REF" codeSystem="2.16.840.1.113883.5.4">
            <displayName value="Reference"/>
         </code>
         <value mediaType="text/plain"
                value="JUSTIFICATIONHarris, A.M., Hicks, L.A., &amp; Qaseem, A. (2016.) Appropriate Antibiotic Use for Acute Respiratory Tract Infection in Adults: Advice for High-Value Care from the American College of Physicians and the Centers for Disease Control and Prevention. Ann Intern Med. 164(6),425-434."
                xsi:type="ED"/>
      </measureAttribute>
   </subjectOf>
   <subjectOf>
      <measureAttribute>
         <code code="REF" codeSystem="2.16.840.1.113883.5.4">
            <displayName value="Reference"/>
         </code>
         <value mediaType="text/plain"
                value="CITATIONShort, S., Bashir, H., Marshall, P., Miller, N., Olmschenk, D., Prigge, K., &amp; Solyntjes, L. (2017). Institute for Clinical Systems Improvement. Diagnosis and Treatment of Respiratory Illness in Children and Adults. Updated September 2017. Retrieved from https://www.icsi.org/wp-content/uploads/2019/01/RespIllness.pdf."
                xsi:type="ED"/>
      </measureAttribute>
   </subjectOf>
   <subjectOf>
      <measureAttribute>
         <code code="DEF" codeSystem="2.16.840.1.113883.5.4">
            <displayName value="Definition"/>
         </code>
         <value mediaType="text/plain" value="None" xsi:type="ED"/>
      </measureAttribute>
   </subjectOf>
   <subjectOf>
      <measureAttribute>
         <code code="GUIDE" codeSystem="2.16.840.1.113883.5.4">
            <displayName value="Guidance"/>
         </code>
         <value mediaType="text/plain"
                value="This is an episode of care measure that examines all eligible episodes for the patient.&#xA;&#xA;This eCQM is an episode-based measure. An episode is defined as each eligible encounter for patients aged 3 months of age and older with a diagnosis of upper respiratory infection from January 1 to December 28 of the measurement period.&#xA; &#xA;This version of the eCQM uses QDM version 5.6. Please refer to the eCQI resource center (https://ecqi.healthit.gov/qdm) for more information on the QDM."
                xsi:type="ED"/>
      </measureAttribute>
   </subjectOf>
   <subjectOf>
      <measureAttribute>
         <code code="TRANF" codeSystem="2.16.840.1.113883.5.4">
            <displayName value="Transmission Format"/>
         </code>
         <value mediaType="text/plain" value="TBD" xsi:type="ED"/>
      </measureAttribute>
   </subjectOf>
   <subjectOf>
      <measureAttribute>
         <code code="IPOP" codeSystem="2.16.840.1.113883.5.4">
            <displayName value="Initial Population"/>
         </code>
         <value mediaType="text/plain"
                value="Outpatient visits, telephone visits, virtual encounter (i.e., e-visit or virtual check-in), or emergency department visits with a diagnosis of URI from January 1 to December 28 of the measurement period for patients 3 months of age and older"
                xsi:type="ED"/>
      </measureAttribute>
   </subjectOf>
   <subjectOf>
      <measureAttribute>
         <code code="DENOM" codeSystem="2.16.840.1.113883.5.4">
            <displayName value="Denominator"/>
         </code>
         <value mediaType="text/plain" value="Equals Initial Population" xsi:type="ED"/>
      </measureAttribute>
   </subjectOf>
   <subjectOf>
      <measureAttribute>
         <code code="DENEX" codeSystem="2.16.840.1.113883.5.4">
            <displayName value="Denominator Exclusions"/>
         </code>
         <value mediaType="text/plain"
                value="Exclude URI episodes when the patient had hospice care for any part of the measurement period.&#xA;&#xA;Exclude URI episodes when the patient had a comorbid condition during the 12 months prior to or on the episode date. &#xA;&#xA;Exclude URI episodes where the patient is taking antibiotics in the 30 days prior to the episode date.&#xA;&#xA;Exclude URI episodes where the patient had competing diagnosis on or three days after the episode date."
                xsi:type="ED"/>
      </measureAttribute>
   </subjectOf>
   <subjectOf>
      <measureAttribute>
         <code code="NUMER" codeSystem="2.16.840.1.113883.5.4">
            <displayName value="Numerator"/>
         </code>
         <value mediaType="text/plain"
                value="URI episodes without a prescription for antibiotic medication on or three days after the outpatient visit, telephone visit, virtual encounter, or emergency department visit for an upper respiratory infection"
                xsi:type="ED"/>
      </measureAttribute>
   </subjectOf>
   <subjectOf>
      <measureAttribute>
         <code code="NUMEX" codeSystem="2.16.840.1.113883.5.4">
            <displayName value="Numerator Exclusions"/>
         </code>
         <value mediaType="text/plain" value="Not Applicable" xsi:type="ED"/>
      </measureAttribute>
   </subjectOf>
   <subjectOf>
      <measureAttribute>
         <code code="DENEXCEP" codeSystem="2.16.840.1.113883.5.4">
            <displayName value="Denominator Exceptions"/>
         </code>
         <value mediaType="text/plain" value="None" xsi:type="ED"/>
      </measureAttribute>
   </subjectOf>
   <subjectOf>
      <measureAttribute>
         <code code="SDE" codeSystem="2.16.840.1.113883.5.4">
            <displayName value="Supplemental Data Elements"/>
         </code>
         <value mediaType="text/plain"
                value="For every patient evaluated by this measure also identify payer, race, ethnicity and sex"
                xsi:type="ED"/>
      </measureAttribute>
   </subjectOf>
   <componentOf>
      <qualityMeasureSet classCode="ACT">
         <id root="e455fac0-f2cb-4074-a351-1e68a90fb7cf"/>
         <title value="None"/>
      </qualityMeasureSet>
   </componentOf>
   <!--Data Criteria Section-->
   <component>
      <dataCriteriaSection>
         <templateId>
            <item extension="2021-02-01" root="2.16.840.1.113883.10.20.28.2.6"/>
         </templateId>
         <code code="57025-9" codeSystem="2.16.840.1.113883.6.1"/>
         <title value="Data Criteria Section"/>
         <text/>
         <entry typeCode="DRIV">
            <localVariableName value="ONCAdministrativeSex_PatientCharacteristicSex_Md5ZP"/>
            <observationCriteria classCode="OBS" moodCode="EVN">
               <templateId>
                  <item extension="2017-05-01" root="2.16.840.1.113883.10.20.28.4.55"/>
               </templateId>
               <id extension="ONCAdministrativeSex_PatientCharacteristicSex"
                   root="73b6887b-34fa-498e-8046-7f5b6f981904"/>
               <code code="263495000" codeSystem="2.16.840.1.113883.6.96" codeSystemName="SNOMED CT">
                  <displayName value="Gender"/>
               </code>
               <title value="Patient Characteristic Sex"/>
               <statusCode code="COMPLETED"/>
               <value valueSet="2.16.840.1.113762.1.4.1" xsi:type="CD"/>
            </observationCriteria>
         </entry>
         <entry typeCode="DRIV">
            <localVariableName value="OutpatientConsultation_EncounterPerformed_Z55HF"/>
            <encounterCriteria classCode="ENC" moodCode="EVN">
               <templateId>
                  <item extension="2021-02-01" root="2.16.840.1.113883.10.20.28.4.5"/>
               </templateId>
               <id extension="OutpatientConsultation_EncounterPerformed"
                   root="ad0fabcc-09ad-4010-9d02-3c2274ab78ee"/>
               <code valueSet="2.16.840.1.113883.3.464.1003.101.12.1008"/>
               <title value="Encounter, Performed"/>
               <statusCode code="COMPLETED"/>
            </encounterCriteria>
         </entry>
         <entry typeCode="DRIV">
            <localVariableName value="AntibioticMedicationsforUpperRespiratoryInfection_MedicationActive_n0y2m"/>
            <substanceAdministrationCriteria classCode="SBADM" moodCode="EVN">
               <templateId>
                  <item extension="2021-02-01" root="2.16.840.1.113883.10.20.28.4.44"/>
               </templateId>
               <id extension="AntibioticMedicationsforUpperRespiratoryInfection_MedicationActive"
                   root="eb11b779-f39a-4db1-93b8-d39da5cb57f7"/>
               <title value="Medication, Active"/>
               <statusCode code="ACTIVE"/>
			            <participation typeCode="CSM">
                  <role classCode="MANU">
                     <playingMaterial classCode="MMAT" determinerCode="KIND">
                        <code valueSet="2.16.840.1.113883.3.464.1003.1190"/>
                     </playingMaterial>
                  </role>
               </participation>
		          </substanceAdministrationCriteria>
         </entry>
         <entry typeCode="DRIV">
            <localVariableName value="AntibioticMedicationsforUpperRespiratoryInfection_MedicationOrder_Gpdey"/>
            <substanceAdministrationCriteria classCode="SBADM" moodCode="RQO">
               <templateId>
                  <item extension="2021-02-01" root="2.16.840.1.113883.10.20.28.4.51"/>
               </templateId>
               <id extension="AntibioticMedicationsforUpperRespiratoryInfection_MedicationOrder"
                   root="eb11b779-f39a-4db1-93b8-d39da5cb57f7"/>
               <title value="Medication, Order"/>
               <statusCode code="ACTIVE"/>
			            <participation typeCode="CSM">
                  <role classCode="MANU">
                     <playingMaterial classCode="MMAT" determinerCode="KIND">
                        <code valueSet="2.16.840.1.113883.3.464.1003.1190"/>
                     </playingMaterial>
                  </role>
               </participation>
		          </substanceAdministrationCriteria>
         </entry>
         <entry typeCode="DRIV">
            <localVariableName value="TelephoneVisits_EncounterPerformed_QS6YC"/>
            <encounterCriteria classCode="ENC" moodCode="EVN">
               <templateId>
                  <item extension="2021-02-01" root="2.16.840.1.113883.10.20.28.4.5"/>
               </templateId>
               <id extension="TelephoneVisits_EncounterPerformed"
                   root="c427a054-bdaf-4efc-bdb7-3f0751dd0b1f"/>
               <code valueSet="2.16.840.1.113883.3.464.1003.101.12.1080"/>
               <title value="Encounter, Performed"/>
               <statusCode code="COMPLETED"/>
            </encounterCriteria>
         </entry>
         <entry typeCode="DRIV">
            <localVariableName value="CompetingConditionsforRespiratoryConditions_Diagnosis_RcXF4"/>
            <observationCriteria classCode="OBS" moodCode="EVN">
               <templateId>
                  <item extension="2021-02-01" root="2.16.840.1.113883.10.20.28.4.110"/>
               </templateId>
               <id extension="CompetingConditionsforRespiratoryConditions_Diagnosis"
                   root="40280381-3d61-56a7-013e-5cc8aa8262a1"/>
               <code code="282291009" codeSystem="2.16.840.1.113883.6.96" codeSystemName="SNOMED CT">
                  <displayName value="Diagnosis"/>
               </code>
               <title value="Diagnosis"/>
               <statusCode code="COMPLETED"/>
               <value valueSet="2.16.840.1.113883.3.464.1003.102.12.1017" xsi:type="CD"/>
            </observationCriteria>
         </entry>
         <entry typeCode="DRIV">
            <localVariableName value="PreventiveCareServicesGroupCounseling_EncounterPerformed_TLcDT"/>
            <encounterCriteria classCode="ENC" moodCode="EVN">
               <templateId>
                  <item extension="2021-02-01" root="2.16.840.1.113883.10.20.28.4.5"/>
               </templateId>
               <id extension="PreventiveCareServicesGroupCounseling_EncounterPerformed"
                   root="1775a46a-75f8-4dcc-8a37-da81e59cc378"/>
               <code valueSet="2.16.840.1.113883.3.464.1003.101.12.1027"/>
               <title value="Encounter, Performed"/>
               <statusCode code="COMPLETED"/>
            </encounterCriteria>
         </entry>
         <entry typeCode="DRIV">
            <localVariableName value="HospiceCareAmbulatory_InterventionOrder_JB8u5"/>
            <actCriteria classCode="ACT" moodCode="RQO">
               <templateId>
                  <item extension="2021-02-01" root="2.16.840.1.113883.10.20.28.4.35"/>
               </templateId>
               <id extension="HospiceCareAmbulatory_InterventionOrder"
                   root="1a2e5eaf-2061-42da-a70b-5906364289a2"/>
               <code valueSet="2.16.840.1.113883.3.526.3.1584"/>
               <title value="Intervention, Order"/>
               <statusCode code="ACTIVE"/>
            </actCriteria>
         </entry>
         <entry typeCode="DRIV">
            <localVariableName value="HospiceCareAmbulatory_InterventionPerformed_ivuB6"/>
            <actCriteria classCode="ACT" moodCode="EVN">
               <templateId>
                  <item extension="2021-02-01" root="2.16.840.1.113883.10.20.28.4.36"/>
               </templateId>
               <id extension="HospiceCareAmbulatory_InterventionPerformed"
                   root="1a2e5eaf-2061-42da-a70b-5906364289a2"/>
               <code valueSet="2.16.840.1.113883.3.526.3.1584"/>
               <title value="Intervention, Performed"/>
               <statusCode code="COMPLETED"/>
            </actCriteria>
         </entry>
         <entry typeCode="DRIV">
            <localVariableName value="PreventiveCareServicesEstablishedOfficeVisit18andUp_EncounterPerformed_t6w0l"/>
            <encounterCriteria classCode="ENC" moodCode="EVN">
               <templateId>
                  <item extension="2021-02-01" root="2.16.840.1.113883.10.20.28.4.5"/>
               </templateId>
               <id extension="PreventiveCareServicesEstablishedOfficeVisit18andUp_EncounterPerformed"
                   root="be2e8826-1812-4900-a8f2-ceae5f4b0208"/>
               <code valueSet="2.16.840.1.113883.3.464.1003.101.12.1025"/>
               <title value="Encounter, Performed"/>
               <statusCode code="COMPLETED"/>
            </encounterCriteria>
         </entry>
         <entry typeCode="DRIV">
            <localVariableName value="HomeHealthcareServices_EncounterPerformed_3q3ji"/>
            <encounterCriteria classCode="ENC" moodCode="EVN">
               <templateId>
                  <item extension="2021-02-01" root="2.16.840.1.113883.10.20.28.4.5"/>
               </templateId>
               <id extension="HomeHealthcareServices_EncounterPerformed"
                   root="3a2975d4-f763-43b6-80a1-c2a74671b3ec"/>
               <code valueSet="2.16.840.1.113883.3.464.1003.101.12.1016"/>
               <title value="Encounter, Performed"/>
               <statusCode code="COMPLETED"/>
            </encounterCriteria>
         </entry>
         <entry typeCode="DRIV">
            <localVariableName value="MedicalDisabilityExam_EncounterPerformed_UrJ8U"/>
            <encounterCriteria classCode="ENC" moodCode="EVN">
               <templateId>
                  <item extension="2021-02-01" root="2.16.840.1.113883.10.20.28.4.5"/>
               </templateId>
               <id extension="MedicalDisabilityExam_EncounterPerformed"
                   root="7fcdda7e-ac8a-4c05-a30b-9828a2eef89d"/>
               <code valueSet="2.16.840.1.113883.3.464.1003.101.12.1073"/>
               <title value="Encounter, Performed"/>
               <statusCode code="COMPLETED"/>
            </encounterCriteria>
         </entry>
         <entry typeCode="DRIV">
            <localVariableName value="Race_PatientCharacteristicRace_FZPbR"/>
            <observationCriteria classCode="OBS" moodCode="EVN">
               <templateId>
                  <item extension="2017-05-01" root="2.16.840.1.113883.10.20.28.4.59"/>
               </templateId>
               <id extension="Race_PatientCharacteristicRace"
                   root="5350b25d-cd61-4de2-a8c6-4598f11fa4bd"/>
               <code code="32624-9" codeSystem="2.16.840.1.113883.6.1" codeSystemName="LOINC">
                  <displayName value="Race"/>
               </code>
               <title value="Patient Characteristic Race"/>
               <statusCode code="COMPLETED"/>
               <value valueSet="2.16.840.1.114222.4.11.836" xsi:type="CD"/>
            </observationCriteria>
         </entry>
         <entry typeCode="DRIV">
            <localVariableName value="OfficeVisit_EncounterPerformed_BqJA0"/>
            <encounterCriteria classCode="ENC" moodCode="EVN">
               <templateId>
                  <item extension="2021-02-01" root="2.16.840.1.113883.10.20.28.4.5"/>
               </templateId>
               <id extension="OfficeVisit_EncounterPerformed"
                   root="40280381-3d61-56a7-013e-5cc8aa826298"/>
               <code valueSet="2.16.840.1.113883.3.464.1003.101.12.1001"/>
               <title value="Encounter, Performed"/>
               <statusCode code="COMPLETED"/>
            </encounterCriteria>
         </entry>
         <entry typeCode="DRIV">
            <localVariableName value="VirtualEncounter_EncounterPerformed_aZ4pp"/>
            <encounterCriteria classCode="ENC" moodCode="EVN">
               <templateId>
                  <item extension="2021-02-01" root="2.16.840.1.113883.10.20.28.4.5"/>
               </templateId>
               <id extension="VirtualEncounter_EncounterPerformed"
                   root="9c0b3cbb-df3f-425b-97e0-3afd8fc2b383"/>
               <code valueSet="2.16.840.1.113883.3.464.1003.101.12.1089"/>
               <title value="Encounter, Performed"/>
               <statusCode code="COMPLETED"/>
            </encounterCriteria>
         </entry>
         <entry typeCode="DRIV">
            <localVariableName value="PreventiveCareServicesInitialOfficeVisit0to17_EncounterPerformed_eIf3w"/>
            <encounterCriteria classCode="ENC" moodCode="EVN">
               <templateId>
                  <item extension="2021-02-01" root="2.16.840.1.113883.10.20.28.4.5"/>
               </templateId>
               <id extension="PreventiveCareServicesInitialOfficeVisit0to17_EncounterPerformed"
                   root="40280381-3d61-56a7-013e-5cc8aa82629b"/>
               <code valueSet="2.16.840.1.113883.3.464.1003.101.12.1022"/>
               <title value="Encounter, Performed"/>
               <statusCode code="COMPLETED"/>
            </encounterCriteria>
         </entry>
         <entry typeCode="DRIV">
            <localVariableName value="UpperRespiratoryInfection_Diagnosis_WB6kh"/>
            <observationCriteria classCode="OBS" moodCode="EVN">
               <templateId>
                  <item extension="2021-02-01" root="2.16.840.1.113883.10.20.28.4.110"/>
               </templateId>
               <id extension="UpperRespiratoryInfection_Diagnosis"
                   root="606da704-8bc4-4d02-bc3c-40b7977ec950"/>
               <code code="282291009" codeSystem="2.16.840.1.113883.6.96" codeSystemName="SNOMED CT">
                  <displayName value="Diagnosis"/>
               </code>
               <title value="Diagnosis"/>
               <statusCode code="COMPLETED"/>
               <value valueSet="2.16.840.1.113883.3.464.1003.102.12.1022" xsi:type="CD"/>
            </observationCriteria>
         </entry>
         <entry typeCode="DRIV">
            <localVariableName value="ComorbidConditionsforRespiratoryConditions_Diagnosis_u3quC"/>
            <observationCriteria classCode="OBS" moodCode="EVN">
               <templateId>
                  <item extension="2021-02-01" root="2.16.840.1.113883.10.20.28.4.110"/>
               </templateId>
               <id extension="ComorbidConditionsforRespiratoryConditions_Diagnosis"
                   root="104728e6-d93e-42be-b2ba-abd8eeed7cf4"/>
               <code code="282291009" codeSystem="2.16.840.1.113883.6.96" codeSystemName="SNOMED CT">
                  <displayName value="Diagnosis"/>
               </code>
               <title value="Diagnosis"/>
               <statusCode code="COMPLETED"/>
               <value valueSet="2.16.840.1.113883.3.464.1003.102.12.1025" xsi:type="CD"/>
            </observationCriteria>
         </entry>
         <entry typeCode="DRIV">
            <localVariableName value="AcuteTonsillitis_Diagnosis_WaojB"/>
            <observationCriteria classCode="OBS" moodCode="EVN">
               <templateId>
                  <item extension="2021-02-01" root="2.16.840.1.113883.10.20.28.4.110"/>
               </templateId>
               <id extension="AcuteTonsillitis_Diagnosis"
                   root="bf465bc9-c065-47fb-9895-fdf6cf7ea127"/>
               <code code="282291009" codeSystem="2.16.840.1.113883.6.96" codeSystemName="SNOMED CT">
                  <displayName value="Diagnosis"/>
               </code>
               <title value="Diagnosis"/>
               <statusCode code="COMPLETED"/>
               <value valueSet="2.16.840.1.113883.3.464.1003.102.12.1012" xsi:type="CD"/>
            </observationCriteria>
         </entry>
         <entry typeCode="DRIV">
            <localVariableName value="PreventiveCareEstablishedOfficeVisit0to17_EncounterPerformed_h8UUF"/>
            <encounterCriteria classCode="ENC" moodCode="EVN">
               <templateId>
                  <item extension="2021-02-01" root="2.16.840.1.113883.10.20.28.4.5"/>
               </templateId>
               <id extension="PreventiveCareEstablishedOfficeVisit0to17_EncounterPerformed"
                   root="40280381-3d61-56a7-013e-5cc8aa82629c"/>
               <code valueSet="2.16.840.1.113883.3.464.1003.101.12.1024"/>
               <title value="Encounter, Performed"/>
               <statusCode code="COMPLETED"/>
            </encounterCriteria>
         </entry>
         <entry typeCode="DRIV">
            <localVariableName value="EmergencyDepartmentEvaluationandManagementVisit_EncounterPerformed_9bHWM"/>
            <encounterCriteria classCode="ENC" moodCode="EVN">
               <templateId>
                  <item extension="2021-02-01" root="2.16.840.1.113883.10.20.28.4.5"/>
               </templateId>
               <id extension="EmergencyDepartmentEvaluationandManagementVisit_EncounterPerformed"
                   root="40280381-3d61-56a7-013e-5cc8aa82629a"/>
               <code valueSet="2.16.840.1.113883.3.464.1003.101.12.1010"/>
               <title value="Encounter, Performed"/>
               <statusCode code="COMPLETED"/>
            </encounterCriteria>
         </entry>
         <entry typeCode="DRIV">
            <localVariableName value="PreventiveCareServicesIndividualCounseling_EncounterPerformed_jbpWX"/>
            <encounterCriteria classCode="ENC" moodCode="EVN">
               <templateId>
                  <item extension="2021-02-01" root="2.16.840.1.113883.10.20.28.4.5"/>
               </templateId>
               <id extension="PreventiveCareServicesIndividualCounseling_EncounterPerformed"
                   root="6d447d2f-540c-4564-bb98-11e4c79ed671"/>
               <code valueSet="2.16.840.1.113883.3.464.1003.101.12.1026"/>
               <title value="Encounter, Performed"/>
               <statusCode code="COMPLETED"/>
            </encounterCriteria>
         </entry>
         <entry typeCode="DRIV">
            <localVariableName value="Ethnicity_PatientCharacteristicEthnicity_TJXOq"/>
            <observationCriteria classCode="OBS" moodCode="EVN">
               <templateId>
                  <item extension="2017-05-01" root="2.16.840.1.113883.10.20.28.4.56"/>
               </templateId>
               <id extension="Ethnicity_PatientCharacteristicEthnicity"
                   root="8a620430-2450-4173-bf95-a815437eec0d"/>
               <code code="54133-4" codeSystem="2.16.840.1.113883.6.1" codeSystemName="LOINC">
                  <displayName value="Ethnicity"/>
               </code>
               <title value="Patient Characteristic Ethnicity"/>
               <statusCode code="COMPLETED"/>
               <value valueSet="2.16.840.1.114222.4.11.837" xsi:type="CD"/>
            </observationCriteria>
         </entry>
         <entry typeCode="DRIV">
            <localVariableName value="PreventiveCareServicesInitialOfficeVisit18andUp_EncounterPerformed_jDYfE"/>
            <encounterCriteria classCode="ENC" moodCode="EVN">
               <templateId>
                  <item extension="2021-02-01" root="2.16.840.1.113883.10.20.28.4.5"/>
               </templateId>
               <id extension="PreventiveCareServicesInitialOfficeVisit18andUp_EncounterPerformed"
                   root="7b82a1dc-95b9-44fc-a47d-51a6ca33f660"/>
               <code valueSet="2.16.840.1.113883.3.464.1003.101.12.1023"/>
               <title value="Encounter, Performed"/>
               <statusCode code="COMPLETED"/>
            </encounterCriteria>
         </entry>
         <entry typeCode="DRIV">
            <localVariableName value="EncounterInpatient_EncounterPerformed_IzZtE"/>
            <encounterCriteria classCode="ENC" moodCode="EVN">
               <templateId>
                  <item extension="2021-02-01" root="2.16.840.1.113883.10.20.28.4.5"/>
               </templateId>
               <id extension="EncounterInpatient_EncounterPerformed"
                   root="59c3933e-c568-4119-b89d-c29b7c752ef3"/>
               <code valueSet="2.16.840.1.113883.3.666.5.307"/>
               <title value="Encounter, Performed"/>
               <statusCode code="COMPLETED"/>
            </encounterCriteria>
         </entry>
         <entry typeCode="DRIV">
            <localVariableName value="HospiceDiagnosis_Diagnosis_WHUf6"/>
            <observationCriteria classCode="OBS" moodCode="EVN">
               <templateId>
                  <item extension="2021-02-01" root="2.16.840.1.113883.10.20.28.4.110"/>
               </templateId>
               <id extension="HospiceDiagnosis_Diagnosis"
                   root="20894cc2-3c1d-4510-a034-2053a45cc394"/>
               <code code="282291009" codeSystem="2.16.840.1.113883.6.96" codeSystemName="SNOMED CT">
                  <displayName value="Diagnosis"/>
               </code>
               <title value="Diagnosis"/>
               <statusCode code="COMPLETED"/>
               <value valueSet="2.16.840.1.113883.3.464.1003.1165" xsi:type="CD"/>
            </observationCriteria>
         </entry>
         <entry typeCode="DRIV">
            <localVariableName value="HospiceEncounter_EncounterPerformed_SRNw3"/>
            <encounterCriteria classCode="ENC" moodCode="EVN">
               <templateId>
                  <item extension="2021-02-01" root="2.16.840.1.113883.10.20.28.4.5"/>
               </templateId>
               <id extension="HospiceEncounter_EncounterPerformed"
                   root="93a22f5a-a867-4e89-bb6d-f087930fc43b"/>
               <code valueSet="2.16.840.1.113883.3.464.1003.1003"/>
               <title value="Encounter, Performed"/>
               <statusCode code="COMPLETED"/>
            </encounterCriteria>
         </entry>
         <entry typeCode="DRIV">
            <localVariableName value="PayerType_PatientCharacteristicPayer_7KX4Y"/>
            <observationCriteria classCode="OBS" moodCode="EVN">
               <templateId>
                  <item extension="2017-05-01" root="2.16.840.1.113883.10.20.28.4.58"/>
               </templateId>
               <id extension="PayerType_PatientCharacteristicPayer"
                   root="e23fb05d-c0e2-4960-bdb1-7f801d2c2cf8"/>
               <code code="48768-6" codeSystem="2.16.840.1.113883.6.1" codeSystemName="LOINC">
                  <displayName value="Payer Type"/>
               </code>
               <title value="Patient Characteristic Payer"/>
               <statusCode code="COMPLETED"/>
               <value valueSet="2.16.840.1.114222.4.11.3591" xsi:type="CD"/>
            </observationCriteria>
         </entry>
         <entry typeCode="DRIV">
            <localVariableName value="AcutePharyngitis_Diagnosis_uzDJO"/>
            <observationCriteria classCode="OBS" moodCode="EVN">
               <templateId>
                  <item extension="2021-02-01" root="2.16.840.1.113883.10.20.28.4.110"/>
               </templateId>
               <id extension="AcutePharyngitis_Diagnosis"
                   root="73757cb9-0fd4-476d-9208-9669323b8971"/>
               <code code="282291009" codeSystem="2.16.840.1.113883.6.96" codeSystemName="SNOMED CT">
                  <displayName value="Diagnosis"/>
               </code>
               <title value="Diagnosis"/>
               <statusCode code="COMPLETED"/>
               <value valueSet="2.16.840.1.113883.3.464.1003.102.12.1011" xsi:type="CD"/>
            </observationCriteria>
         </entry>
         <entry typeCode="DRIV">
            <encounterCriteria classCode="ENC" moodCode="EVN">
               <templateId>
                  <item extension="2021-02-01" root="2.16.840.1.113883.10.20.28.4.5"/>
               </templateId>
               <id extension="99429_EncounterPerformed"
                   root="E808A659-3DEC-44AD-BD99-061143FF99C8"/>
               <code code="99429" codeSystem="2.16.840.1.113883.6.12" codeSystemName="CPT"/>
               <title value="Encounter, Performed"/>
               <statusCode code="COMPLETED"/>
            </encounterCriteria>
         </entry>
         <entry typeCode="DRIV">
            <observationCriteria classCode="OBS" moodCode="EVN">
               <templateId>
                  <item extension="2021-02-01" root="2.16.840.1.113883.10.20.28.4.117"/>
               </templateId>
               <id extension="45755-6_AssessmentPerformed"
                   root="3B833F68-1FAC-440E-A471-FF0331ACD0CC"/>
               <code code="45755-6" codeSystem="2.16.840.1.113883.6.1" codeSystemName="LOINC"/>
               <title value="Assessment, Performed"/>
               <statusCode code="COMPLETED"/>
            </observationCriteria>
         </entry>
      </dataCriteriaSection>
   </component>
   <component>
      <populationCriteriaSection>
         <templateId>
            <item extension="2017-08-01" root="2.16.840.1.113883.10.20.28.2.7"/>
         </templateId>
         <id extension="PopulationCriteria1" root="9AB135AF-589A-48C8-B2E2-02DD23738374"/>
         <code code="57026-7" codeSystem="2.16.840.1.113883.6.1"/>
         <title value="Population Criteria Section"/>
         <text/>
         <component typeCode="COMP">
            <initialPopulationCriteria classCode="OBS" moodCode="EVN">
               <id extension="initialPopulation" root="50D6E6FD-F841-4E7C-9719-CD484A43AC8A"/>
               <code code="IPOP" codeSystem="2.16.840.1.113883.5.4" codeSystemName="Act Code"/>
               <precondition typeCode="PRCN">
                  <criteriaReference classCode="OBS" moodCode="EVN">
                     <id extension="AppropriateTreatmentforUpperRespiratoryInfectionURI.&quot;Initial Population&quot;"
                         root="830412B0-6D46-4033-B665-9772BF8330B6"/>
                  </criteriaReference>
               </precondition>
            </initialPopulationCriteria>
         </component>
         <component typeCode="COMP">
            <denominatorCriteria classCode="OBS" moodCode="EVN">
               <id extension="denominator" root="5DB707B9-4D8B-4CAF-B8AB-4310B02681D0"/>
               <code code="DENOM" codeSystem="2.16.840.1.113883.5.4" codeSystemName="Act Code"/>
               <precondition typeCode="PRCN">
                  <criteriaReference classCode="OBS" moodCode="EVN">
                     <id extension="AppropriateTreatmentforUpperRespiratoryInfectionURI.&quot;Denominator&quot;"
                         root="830412B0-6D46-4033-B665-9772BF8330B6"/>
                  </criteriaReference>
               </precondition>
            </denominatorCriteria>
         </component>
         <component typeCode="COMP">
            <denominatorExclusionCriteria classCode="OBS" moodCode="EVN">
               <id extension="denominatorExclusions" root="932D4556-8347-4562-9B3A-179FD75D7317"/>
               <code code="DENEX" codeSystem="2.16.840.1.113883.5.4" codeSystemName="Act Code"/>
               <precondition typeCode="PRCN">
                  <criteriaReference classCode="OBS" moodCode="EVN">
                     <id extension="AppropriateTreatmentforUpperRespiratoryInfectionURI.&quot;Denominator Exclusions&quot;"
                         root="830412B0-6D46-4033-B665-9772BF8330B6"/>
                  </criteriaReference>
               </precondition>
            </denominatorExclusionCriteria>
         </component>
         <component typeCode="COMP">
            <numeratorCriteria classCode="OBS" moodCode="EVN">
               <id extension="numerator" root="824D23C2-A5B6-472D-BF80-C01FDCE067B5"/>
               <code code="NUMER" codeSystem="2.16.840.1.113883.5.4" codeSystemName="Act Code"/>
               <precondition typeCode="PRCN">
                  <criteriaReference classCode="OBS" moodCode="EVN">
                     <id extension="AppropriateTreatmentforUpperRespiratoryInfectionURI.&quot;Numerator&quot;"
                         root="830412B0-6D46-4033-B665-9772BF8330B6"/>
                  </criteriaReference>
               </precondition>
            </numeratorCriteria>
         </component>
         <component typeCode="COMP">
            <stratifierCriteria>
               <id extension="Stratifiers" root="9C620235-0F60-4FAA-8D45-7F87CE6E43FA"/>
               <code code="STRAT" codeSystem="2.16.840.1.113883.5.4" codeSystemName="Act Code"/>
               <precondition typeCode="PRCN">
                  <criteriaReference classCode="OBS" moodCode="EVN">
                     <id extension="AppropriateTreatmentforUpperRespiratoryInfectionURI.&quot;Stratification 1&quot;"
                         root="830412B0-6D46-4033-B665-9772BF8330B6"/>
                  </criteriaReference>
               </precondition>
            </stratifierCriteria>
         </component>
         <component typeCode="COMP">
            <stratifierCriteria>
               <id extension="Stratifiers" root="9BD1D83A-D619-4657-A6C3-D7A567C732DE"/>
               <code code="STRAT" codeSystem="2.16.840.1.113883.5.4" codeSystemName="Act Code"/>
               <precondition typeCode="PRCN">
                  <criteriaReference classCode="OBS" moodCode="EVN">
                     <id extension="AppropriateTreatmentforUpperRespiratoryInfectionURI.&quot;Stratification 2&quot;"
                         root="830412B0-6D46-4033-B665-9772BF8330B6"/>
                  </criteriaReference>
               </precondition>
            </stratifierCriteria>
         </component>
         <component typeCode="COMP">
            <stratifierCriteria>
               <id extension="Stratifiers" root="3E81D63D-95D1-414A-A1D1-920D11C724A2"/>
               <code code="STRAT" codeSystem="2.16.840.1.113883.5.4" codeSystemName="Act Code"/>
               <precondition typeCode="PRCN">
                  <criteriaReference classCode="OBS" moodCode="EVN">
                     <id extension="AppropriateTreatmentforUpperRespiratoryInfectionURI.&quot;Stratification 3&quot;"
                         root="830412B0-6D46-4033-B665-9772BF8330B6"/>
                  </criteriaReference>
               </precondition>
            </stratifierCriteria>
         </component>
         <component typeCode="COMP">
            <cql-ext:supplementalDataElement>
               <id extension="Supplemental Data Elements"
                   root="97378AD3-1258-48F1-9C7D-327C064516B5"/>
               <code code="SDE" codeSystem="2.16.840.1.113883.5.4" codeSystemName="Act Code"/>
               <precondition typeCode="PRCN">
                  <criteriaReference classCode="OBS" moodCode="EVN">
                     <id extension="AppropriateTreatmentforUpperRespiratoryInfectionURI.&quot;SDE Ethnicity&quot;"
                         root="830412B0-6D46-4033-B665-9772BF8330B6"/>
                  </criteriaReference>
               </precondition>
            </cql-ext:supplementalDataElement>
         </component>
         <component typeCode="COMP">
            <cql-ext:supplementalDataElement>
               <id extension="Supplemental Data Elements"
                   root="016BAD47-4AC5-487E-8912-C8A2A43EDD27"/>
               <code code="SDE" codeSystem="2.16.840.1.113883.5.4" codeSystemName="Act Code"/>
               <precondition typeCode="PRCN">
                  <criteriaReference classCode="OBS" moodCode="EVN">
                     <id extension="AppropriateTreatmentforUpperRespiratoryInfectionURI.&quot;SDE Payer&quot;"
                         root="830412B0-6D46-4033-B665-9772BF8330B6"/>
                  </criteriaReference>
               </precondition>
            </cql-ext:supplementalDataElement>
         </component>
         <component typeCode="COMP">
            <cql-ext:supplementalDataElement>
               <id extension="Supplemental Data Elements"
                   root="B2D8364F-8A5B-4A21-A44E-BD7738DD4D75"/>
               <code code="SDE" codeSystem="2.16.840.1.113883.5.4" codeSystemName="Act Code"/>
               <precondition typeCode="PRCN">
                  <criteriaReference classCode="OBS" moodCode="EVN">
                     <id extension="AppropriateTreatmentforUpperRespiratoryInfectionURI.&quot;SDE Race&quot;"
                         root="830412B0-6D46-4033-B665-9772BF8330B6"/>
                  </criteriaReference>
               </precondition>
            </cql-ext:supplementalDataElement>
         </component>
         <component typeCode="COMP">
            <cql-ext:supplementalDataElement>
               <id extension="Supplemental Data Elements"
                   root="C2E7CADB-0869-48AA-9743-133F370712E8"/>
               <code code="SDE" codeSystem="2.16.840.1.113883.5.4" codeSystemName="Act Code"/>
               <precondition typeCode="PRCN">
                  <criteriaReference classCode="OBS" moodCode="EVN">
                     <id extension="AppropriateTreatmentforUpperRespiratoryInfectionURI.&quot;SDE Sex&quot;"
                         root="830412B0-6D46-4033-B665-9772BF8330B6"/>
                  </criteriaReference>
               </precondition>
            </cql-ext:supplementalDataElement>
         </component>
      </populationCriteriaSection>
   </component>
</QualityMeasureDocument>