<?xml version="1.0" encoding="UTF-8"?>
<library xmlns="urn:hl7-org:elm:r1" xmlns:t="urn:hl7-org:elm-types:r1" xmlns:xsi="http://www.w3.org/2001/XMLSchema-instance" xmlns:xsd="http://www.w3.org/2001/XMLSchema" xmlns:fhir="http://hl7.org/fhir" xmlns:qdm43="urn:healthit-gov:qdm:v4_3" xmlns:qdm53="urn:healthit-gov:qdm:v5_3" xmlns:a="urn:hl7-org:cql-annotations:r1" localId="0">
   <annotation translatorVersion="3.14.0" translatorOptions="EnableAnnotations,EnableLocators,EnableResultTypes,EnableDetailedErrors,DisableListDemotion,DisableListPromotion" signatureLevel="None" xsi:type="a:CqlToElmInfo"/>
   <annotation xsi:type="a:Annotation">
      <a:s r="471">
         <a:s>library TJCOverallQDM version '9.0.000'</a:s>
      </a:s>
   </annotation>
   <identifier id="TJCOverallQDM" version="9.0.000"/>
   <schemaIdentifier id="urn:hl7-org:elm" version="r1"/>
   <usings>
      <def localId="1" localIdentifier="System" uri="urn:hl7-org:elm-types:r1"/>
      <def localId="206" locator="3:1-3:23" localIdentifier="QDM" uri="urn:healthit-gov:qdm:v5_6" version="5.6">
         <annotation xsi:type="a:Annotation">
            <a:s r="206">
               <a:s>using </a:s>
               <a:s>
                  <a:s>QDM</a:s>
               </a:s>
               <a:s> version '5.6'</a:s>
            </a:s>
         </annotation>
      </def>
   </usings>
   <includes>
      <def localId="207" locator="5:1-5:52" localIdentifier="Global" path="CQMCommonQDM" version="9.0.000">
         <annotation xsi:type="a:Annotation">
            <a:s r="207">
               <a:s>include </a:s>
               <a:s>
                  <a:s>CQMCommonQDM</a:s>
               </a:s>
               <a:s> version '9.0.000' called Global</a:s>
            </a:s>
         </annotation>
      </def>
   </includes>
   <parameters>
      <def localId="218" locator="18:1-18:49" name="Measurement Period" accessLevel="Public">
         <annotation xsi:type="a:Annotation">
            <a:s r="218">
               <a:s>parameter &quot;Measurement Period&quot; </a:s>
               <a:s r="219">
                  <a:s>Interval&lt;</a:s>
                  <a:s r="220">
                     <a:s>DateTime</a:s>
                  </a:s>
                  <a:s>></a:s>
               </a:s>
            </a:s>
         </annotation>
         <resultTypeSpecifier localId="223" xsi:type="IntervalTypeSpecifier">
            <pointType localId="224" name="t:DateTime" xsi:type="NamedTypeSpecifier"/>
         </resultTypeSpecifier>
         <parameterTypeSpecifier localId="219" locator="18:32-18:49" xsi:type="IntervalTypeSpecifier">
            <resultTypeSpecifier localId="221" xsi:type="IntervalTypeSpecifier">
               <pointType localId="222" name="t:DateTime" xsi:type="NamedTypeSpecifier"/>
            </resultTypeSpecifier>
            <pointType localId="220" locator="18:41-18:48" resultTypeName="t:DateTime" name="t:DateTime" xsi:type="NamedTypeSpecifier"/>
         </parameterTypeSpecifier>
      </def>
   </parameters>
   <valueSets>
      <def localId="208" locator="7:1-7:65" resultTypeName="t:ValueSet" name="Comfort Measures" id="urn:oid:1.3.6.1.4.1.33895.1.3.0.45" accessLevel="Public">
         <annotation xsi:type="a:Annotation">
            <a:s r="208">
               <a:s>valueset &quot;Comfort Measures&quot;: 'urn:oid:1.3.6.1.4.1.33895.1.3.0.45'</a:s>
            </a:s>
         </annotation>
      </def>
      <def localId="209" locator="8:1-8:87" resultTypeName="t:ValueSet" name="Discharge To Acute Care Facility" id="urn:oid:2.16.840.1.113883.3.117.1.7.1.87" accessLevel="Public">
         <annotation xsi:type="a:Annotation">
            <a:s r="209">
               <a:s>valueset &quot;Discharge To Acute Care Facility&quot;: 'urn:oid:2.16.840.1.113883.3.117.1.7.1.87'</a:s>
            </a:s>
         </annotation>
      </def>
      <def localId="210" locator="9:1-9:107" resultTypeName="t:ValueSet" name="Discharged to Health Care Facility for Hospice Care" id="urn:oid:2.16.840.1.113883.3.117.1.7.1.207" accessLevel="Public">
         <annotation xsi:type="a:Annotation">
            <a:s r="210">
               <a:s>valueset &quot;Discharged to Health Care Facility for Hospice Care&quot;: 'urn:oid:2.16.840.1.113883.3.117.1.7.1.207'</a:s>
            </a:s>
         </annotation>
      </def>
      <def localId="211" locator="10:1-10:91" resultTypeName="t:ValueSet" name="Discharged to Home for Hospice Care" id="urn:oid:2.16.840.1.113883.3.117.1.7.1.209" accessLevel="Public">
         <annotation xsi:type="a:Annotation">
            <a:s r="211">
               <a:s>valueset &quot;Discharged to Home for Hospice Care&quot;: 'urn:oid:2.16.840.1.113883.3.117.1.7.1.209'</a:s>
            </a:s>
         </annotation>
      </def>
      <def localId="212" locator="11:1-11:82" resultTypeName="t:ValueSet" name="Emergency Department Visit" id="urn:oid:2.16.840.1.113883.3.117.1.7.1.292" accessLevel="Public">
         <annotation xsi:type="a:Annotation">
            <a:s r="212">
               <a:s>valueset &quot;Emergency Department Visit&quot;: 'urn:oid:2.16.840.1.113883.3.117.1.7.1.292'</a:s>
            </a:s>
         </annotation>
      </def>
      <def localId="213" locator="12:1-12:71" resultTypeName="t:ValueSet" name="Ischemic Stroke" id="urn:oid:2.16.840.1.113883.3.117.1.7.1.247" accessLevel="Public">
         <annotation xsi:type="a:Annotation">
            <a:s r="213">
               <a:s>valueset &quot;Ischemic Stroke&quot;: 'urn:oid:2.16.840.1.113883.3.117.1.7.1.247'</a:s>
            </a:s>
         </annotation>
      </def>
      <def localId="214" locator="13:1-13:83" resultTypeName="t:ValueSet" name="Left Against Medical Advice" id="urn:oid:2.16.840.1.113883.3.117.1.7.1.308" accessLevel="Public">
         <annotation xsi:type="a:Annotation">
            <a:s r="214">
               <a:s>valueset &quot;Left Against Medical Advice&quot;: 'urn:oid:2.16.840.1.113883.3.117.1.7.1.308'</a:s>
            </a:s>
         </annotation>
      </def>
      <def localId="215" locator="14:1-14:87" resultTypeName="t:ValueSet" name="Nonelective Inpatient Encounter" id="urn:oid:2.16.840.1.113883.3.117.1.7.1.424" accessLevel="Public">
         <annotation xsi:type="a:Annotation">
            <a:s r="215">
               <a:s>valueset &quot;Nonelective Inpatient Encounter&quot;: 'urn:oid:2.16.840.1.113883.3.117.1.7.1.424'</a:s>
            </a:s>
         </annotation>
      </def>
      <def localId="216" locator="15:1-15:73" resultTypeName="t:ValueSet" name="Observation Services" id="urn:oid:2.16.840.1.113762.1.4.1111.143" accessLevel="Public">
         <annotation xsi:type="a:Annotation">
            <a:s r="216">
               <a:s>valueset &quot;Observation Services&quot;: 'urn:oid:2.16.840.1.113762.1.4.1111.143'</a:s>
            </a:s>
         </annotation>
      </def>
      <def localId="217" locator="16:1-16:71" resultTypeName="t:ValueSet" name="Patient Expired" id="urn:oid:2.16.840.1.113883.3.117.1.7.1.309" accessLevel="Public">
         <annotation xsi:type="a:Annotation">
            <a:s r="217">
               <a:s>valueset &quot;Patient Expired&quot;: 'urn:oid:2.16.840.1.113883.3.117.1.7.1.309'</a:s>
            </a:s>
         </annotation>
      </def>
   </valueSets>
   <contexts>
      <def localId="228" locator="20:1-20:15" name="Patient"/>
   </contexts>
   <statements>
      <def localId="471" locator="56:1-57:70" name="CalendarDayOfOrDayAfter" context="Patient" accessLevel="Public" xsi:type="FunctionDef">
         <annotation xsi:type="a:Annotation">
            <a:s r="471">
               <a:s>define function &quot;CalendarDayOfOrDayAfter&quot;(StartValue DateTime ):
  </a:s>
               <a:s r="480">
                  <a:s r="480">
                     <a:s>Interval[</a:s>
                     <a:s r="474">
                        <a:s>date from </a:s>
                        <a:s r="475">
                           <a:s>( </a:s>
                           <a:s r="475">
                              <a:s>StartValue</a:s>
                           </a:s>
                           <a:s> )</a:s>
                        </a:s>
                     </a:s>
                     <a:s>, </a:s>
                     <a:s r="476">
                        <a:s r="477">
                           <a:s>date from </a:s>
                           <a:s r="478">
                              <a:s>( </a:s>
                              <a:s r="478">
                                 <a:s>StartValue</a:s>
                              </a:s>
                              <a:s> )</a:s>
                           </a:s>
                        </a:s>
                        <a:s> + </a:s>
                        <a:s r="479">
                           <a:s>1 day</a:s>
                        </a:s>
                     </a:s>
                     <a:s>]</a:s>
                  </a:s>
               </a:s>
            </a:s>
         </annotation>
         <resultTypeSpecifier localId="485" xsi:type="IntervalTypeSpecifier">
            <pointType localId="486" name="t:Date" xsi:type="NamedTypeSpecifier"/>
         </resultTypeSpecifier>
         <expression localId="480" locator="57:3-57:70" lowClosed="true" highClosed="true" xsi:type="Interval">
            <resultTypeSpecifier localId="483" xsi:type="IntervalTypeSpecifier">
               <pointType localId="484" name="t:Date" xsi:type="NamedTypeSpecifier"/>
            </resultTypeSpecifier>
            <low localId="474" locator="57:12-57:35" resultTypeName="t:Date" xsi:type="DateFrom">
               <operand localId="475" locator="57:22-57:35" resultTypeName="t:DateTime" name="StartValue" xsi:type="OperandRef"/>
            </low>
            <high localId="476" locator="57:38-57:69" resultTypeName="t:Date" xsi:type="Add">
               <operand localId="477" locator="57:38-57:61" resultTypeName="t:Date" xsi:type="DateFrom">
                  <operand localId="478" locator="57:48-57:61" resultTypeName="t:DateTime" name="StartValue" xsi:type="OperandRef"/>
               </operand>
               <operand localId="479" locator="57:65-57:69" resultTypeName="t:Quantity" value="1" unit="day" xsi:type="Quantity"/>
            </high>
         </expression>
         <operand localId="473" name="StartValue">
            <operandTypeSpecifier localId="472" locator="56:54-56:61" resultTypeName="t:DateTime" name="t:DateTime" xsi:type="NamedTypeSpecifier"/>
         </operand>
      </def>
      <def localId="230" locator="22:1-25:230" name="Encounter With Comfort Measures During Hospitalization" context="Patient" accessLevel="Public">
         <annotation xsi:type="a:Annotation">
            <a:s r="230">
               <a:s>define &quot;Encounter With Comfort Measures During Hospitalization&quot;:
  </a:s>
               <a:s r="405">
                  <a:s>
                     <a:s r="231">
                        <a:s r="314">
                           <a:s>
                              <a:s>&quot;Ischemic Stroke Encounter&quot;</a:s>
                           </a:s>
                        </a:s>
                        <a:s> IschemicStrokeEncounter</a:s>
                     </a:s>
                  </a:s>
                  <a:s>
    </a:s>
                  <a:s r="400">
                     <a:s>with </a:s>
                     <a:s r="319">
                        <a:s r="353">
                           <a:s>
                              <a:s>&quot;Intervention Comfort Measures&quot;</a:s>
                           </a:s>
                        </a:s>
                        <a:s> ComfortMeasure</a:s>
                     </a:s>
                     <a:s>
      such that </a:s>
                     <a:s r="399">
                        <a:s r="390">
                           <a:s>Coalesce(</a:s>
                           <a:s r="362">
                              <a:s>start of </a:s>
                              <a:s r="378">
                                 <a:s r="363">
                                    <a:s>Global</a:s>
                                 </a:s>
                                 <a:s>.</a:s>
                                 <a:s r="378">
                                    <a:s>&quot;NormalizeInterval&quot;(</a:s>
                                    <a:s r="368">
                                       <a:s r="364">
                                          <a:s>ComfortMeasure</a:s>
                                       </a:s>
                                       <a:s>.</a:s>
                                       <a:s r="368">
                                          <a:s>relevantDatetime</a:s>
                                       </a:s>
                                    </a:s>
                                    <a:s>, </a:s>
                                    <a:s r="373">
                                       <a:s r="369">
                                          <a:s>ComfortMeasure</a:s>
                                       </a:s>
                                       <a:s>.</a:s>
                                       <a:s r="373">
                                          <a:s>relevantPeriod</a:s>
                                       </a:s>
                                    </a:s>
                                    <a:s>)</a:s>
                                 </a:s>
                              </a:s>
                           </a:s>
                           <a:s>, </a:s>
                           <a:s r="387">
                              <a:s r="383">
                                 <a:s>ComfortMeasure</a:s>
                              </a:s>
                              <a:s>.</a:s>
                              <a:s r="387">
                                 <a:s>authorDatetime</a:s>
                              </a:s>
                           </a:s>
                           <a:s>)</a:s>
                        </a:s>
                        <a:s r="399">during </a:s>
                        <a:s r="393">
                           <a:s r="391">
                              <a:s>Global</a:s>
                           </a:s>
                           <a:s>.</a:s>
                           <a:s r="393">
                              <a:s>&quot;HospitalizationWithObservation&quot; ( </a:s>
                              <a:s r="392">
                                 <a:s>IschemicStrokeEncounter</a:s>
                              </a:s>
                              <a:s> )</a:s>
                           </a:s>
                        </a:s>
                     </a:s>
                  </a:s>
               </a:s>
            </a:s>
         </annotation>
         <resultTypeSpecifier localId="408" xsi:type="ListTypeSpecifier">
            <elementType localId="409" xmlns:ns0="urn:healthit-gov:qdm:v5_6" name="ns0:PositiveEncounterPerformed" xsi:type="NamedTypeSpecifier"/>
         </resultTypeSpecifier>
         <expression localId="405" locator="23:3-25:230" xsi:type="Query">
            <resultTypeSpecifier localId="406" xsi:type="ListTypeSpecifier">
               <elementType localId="407" xmlns:ns1="urn:healthit-gov:qdm:v5_6" name="ns1:PositiveEncounterPerformed" xsi:type="NamedTypeSpecifier"/>
            </resultTypeSpecifier>
            <source localId="231" locator="23:3-23:53" alias="IschemicStrokeEncounter">
               <resultTypeSpecifier localId="317" xsi:type="ListTypeSpecifier">
                  <elementType localId="318" xmlns:ns2="urn:healthit-gov:qdm:v5_6" name="ns2:PositiveEncounterPerformed" xsi:type="NamedTypeSpecifier"/>
               </resultTypeSpecifier>
               <expression localId="314" locator="23:3-23:29" name="Ischemic Stroke Encounter" xsi:type="ExpressionRef">
                  <resultTypeSpecifier localId="315" xsi:type="ListTypeSpecifier">
                     <elementType localId="316" xmlns:ns3="urn:healthit-gov:qdm:v5_6" name="ns3:PositiveEncounterPerformed" xsi:type="NamedTypeSpecifier"/>
                  </resultTypeSpecifier>
               </expression>
            </source>
            <relationship localId="400" locator="24:5-25:230" alias="ComfortMeasure" xsi:type="With">
               <resultTypeSpecifier localId="401" xsi:type="ListTypeSpecifier">
                  <elementType localId="402" xsi:type="ChoiceTypeSpecifier">
                     <choice localId="403" xmlns:ns4="urn:healthit-gov:qdm:v5_6" name="ns4:PositiveInterventionPerformed" xsi:type="NamedTypeSpecifier"/>
                     <choice localId="404" xmlns:ns5="urn:healthit-gov:qdm:v5_6" name="ns5:PositiveInterventionOrder" xsi:type="NamedTypeSpecifier"/>
                  </elementType>
               </resultTypeSpecifier>
               <expression localId="353" locator="24:10-24:40" name="Intervention Comfort Measures" xsi:type="ExpressionRef">
                  <resultTypeSpecifier localId="354" xsi:type="ListTypeSpecifier">
                     <elementType localId="355" xsi:type="ChoiceTypeSpecifier">
                        <choice localId="356" xmlns:ns6="urn:healthit-gov:qdm:v5_6" name="ns6:PositiveInterventionPerformed" xsi:type="NamedTypeSpecifier"/>
                        <choice localId="357" xmlns:ns7="urn:healthit-gov:qdm:v5_6" name="ns7:PositiveInterventionOrder" xsi:type="NamedTypeSpecifier"/>
                     </elementType>
                  </resultTypeSpecifier>
               </expression>
               <suchThat localId="399" locator="25:17-25:230" resultTypeName="t:Boolean" xsi:type="In">
                  <operand localId="390" locator="25:17-25:156" resultTypeName="t:DateTime" xsi:type="Coalesce">
                     <operand localId="362" locator="25:26-25:124" resultTypeName="t:DateTime" xsi:type="Start">
                        <operand localId="378" locator="25:35-25:124" name="NormalizeInterval" libraryName="Global" xsi:type="FunctionRef">
                           <resultTypeSpecifier localId="381" xsi:type="IntervalTypeSpecifier">
                              <pointType localId="382" name="t:DateTime" xsi:type="NamedTypeSpecifier"/>
                           </resultTypeSpecifier>
                           <operand localId="368" locator="25:62-25:92" resultTypeName="t:DateTime" path="relevantDatetime" scope="ComfortMeasure" xsi:type="Property"/>
                           <operand localId="373" locator="25:95-25:123" path="relevantPeriod" scope="ComfortMeasure" xsi:type="Property">
                              <resultTypeSpecifier localId="376" xsi:type="IntervalTypeSpecifier">
                                 <pointType localId="377" name="t:DateTime" xsi:type="NamedTypeSpecifier"/>
                              </resultTypeSpecifier>
                           </operand>
                        </operand>
                     </operand>
                     <operand localId="387" locator="25:127-25:155" resultTypeName="t:DateTime" path="authorDatetime" scope="ComfortMeasure" xsi:type="Property"/>
                  </operand>
                  <operand localId="393" locator="25:164-25:230" name="HospitalizationWithObservation" libraryName="Global" xsi:type="FunctionRef">
                     <resultTypeSpecifier localId="396" xsi:type="IntervalTypeSpecifier">
                        <pointType localId="397" name="t:DateTime" xsi:type="NamedTypeSpecifier"/>
                     </resultTypeSpecifier>
                     <operand localId="392" locator="25:206-25:228" xmlns:ns8="urn:healthit-gov:qdm:v5_6" resultTypeName="ns8:PositiveEncounterPerformed" name="IschemicStrokeEncounter" xsi:type="AliasRef"/>
                  </operand>
               </suchThat>
            </relationship>
         </expression>
      </def>
      <def localId="459" locator="53:1-54:81" resultTypeName="t:Integer" name="HospitalizationWithObservationLengthofStay" context="Patient" accessLevel="Public" xsi:type="FunctionDef">
         <annotation xsi:type="a:Annotation">
            <a:s r="459">
               <a:s>define function &quot;HospitalizationWithObservationLengthofStay&quot;(Encounter &quot;Encounter, Performed&quot; ):
  </a:s>
               <a:s r="470">
                  <a:s r="470">
                     <a:s r="462">
                        <a:s>Global</a:s>
                     </a:s>
                     <a:s>.</a:s>
                     <a:s r="470">
                        <a:s>&quot;LengthInDays&quot; ( </a:s>
                        <a:s r="465">
                           <a:s r="463">
                              <a:s>Global</a:s>
                           </a:s>
                           <a:s>.</a:s>
                           <a:s r="465">
                              <a:s>&quot;HospitalizationWithObservation&quot; ( </a:s>
                              <a:s r="464">
                                 <a:s>Encounter</a:s>
                              </a:s>
                              <a:s> )</a:s>
                           </a:s>
                        </a:s>
                        <a:s> )</a:s>
                     </a:s>
                  </a:s>
               </a:s>
            </a:s>
         </annotation>
         <expression localId="470" locator="54:3-54:81" resultTypeName="t:Integer" name="LengthInDays" libraryName="Global" xsi:type="FunctionRef">
            <operand localId="465" locator="54:27-54:79" name="HospitalizationWithObservation" libraryName="Global" xsi:type="FunctionRef">
               <resultTypeSpecifier localId="468" xsi:type="IntervalTypeSpecifier">
                  <pointType localId="469" name="t:DateTime" xsi:type="NamedTypeSpecifier"/>
               </resultTypeSpecifier>
               <operand localId="464" locator="54:69-54:77" xmlns:ns9="urn:healthit-gov:qdm:v5_6" resultTypeName="ns9:PositiveEncounterPerformed" name="Encounter" xsi:type="OperandRef"/>
            </operand>
         </expression>
         <operand localId="461" name="Encounter">
            <operandTypeSpecifier localId="460" locator="53:72-53:93" xmlns:ns10="urn:healthit-gov:qdm:v5_6" resultTypeName="ns10:PositiveEncounterPerformed" xmlns:ns11="urn:healthit-gov:qdm:v5_6" name="ns11:PositiveEncounterPerformed" xsi:type="NamedTypeSpecifier"/>
         </operand>
      </def>
      <def localId="321" locator="27:1-29:57" name="Intervention Comfort Measures" context="Patient" accessLevel="Public">
         <annotation xsi:type="a:Annotation">
            <a:s r="321">
               <a:s>define &quot;Intervention Comfort Measures&quot;:
  </a:s>
               <a:s r="344">
                  <a:s r="324">
                     <a:s>[&quot;Intervention, Order&quot;: </a:s>
                     <a:s>
                        <a:s>&quot;Comfort Measures&quot;</a:s>
                     </a:s>
                     <a:s>]</a:s>
                  </a:s>
                  <a:s>
    union </a:s>
                  <a:s r="330">
                     <a:s>[&quot;Intervention, Performed&quot;: </a:s>
                     <a:s>
                        <a:s>&quot;Comfort Measures&quot;</a:s>
                     </a:s>
                     <a:s>]</a:s>
                  </a:s>
               </a:s>
            </a:s>
         </annotation>
         <resultTypeSpecifier localId="410" xsi:type="ListTypeSpecifier">
            <elementType localId="411" xsi:type="ChoiceTypeSpecifier">
               <choice localId="412" xmlns:ns12="urn:healthit-gov:qdm:v5_6" name="ns12:PositiveInterventionPerformed" xsi:type="NamedTypeSpecifier"/>
               <choice localId="413" xmlns:ns13="urn:healthit-gov:qdm:v5_6" name="ns13:PositiveInterventionOrder" xsi:type="NamedTypeSpecifier"/>
            </elementType>
         </resultTypeSpecifier>
         <expression localId="344" locator="28:3-29:57" xsi:type="Union">
            <resultTypeSpecifier localId="345" xsi:type="ListTypeSpecifier">
               <elementType localId="346" xsi:type="ChoiceTypeSpecifier">
                  <choice localId="347" xmlns:ns14="urn:healthit-gov:qdm:v5_6" name="ns14:PositiveInterventionPerformed" xsi:type="NamedTypeSpecifier"/>
                  <choice localId="348" xmlns:ns15="urn:healthit-gov:qdm:v5_6" name="ns15:PositiveInterventionOrder" xsi:type="NamedTypeSpecifier"/>
               </elementType>
            </resultTypeSpecifier>
            <operand localId="334" xsi:type="As">
               <operand localId="324" locator="28:3-28:45" xmlns:ns16="urn:healthit-gov:qdm:v5_6" dataType="ns16:PositiveInterventionOrder" templateId="PositiveInterventionOrder" codeProperty="code" codeComparator="in" xsi:type="Retrieve">
                  <resultTypeSpecifier localId="326" xsi:type="ListTypeSpecifier">
                     <elementType localId="327" xmlns:ns17="urn:healthit-gov:qdm:v5_6" name="ns17:PositiveInterventionOrder" xsi:type="NamedTypeSpecifier"/>
                  </resultTypeSpecifier>
                  <codes localId="323" locator="28:27-28:44" resultTypeName="t:ValueSet" name="Comfort Measures" preserve="true" xsi:type="ValueSetRef"/>
               </operand>
               <asTypeSpecifier localId="335" xsi:type="ListTypeSpecifier">
                  <elementType localId="336" xsi:type="ChoiceTypeSpecifier">
                     <choice localId="337" xmlns:ns18="urn:healthit-gov:qdm:v5_6" name="ns18:PositiveInterventionPerformed" xsi:type="NamedTypeSpecifier"/>
                     <choice localId="338" xmlns:ns19="urn:healthit-gov:qdm:v5_6" name="ns19:PositiveInterventionOrder" xsi:type="NamedTypeSpecifier"/>
                  </elementType>
               </asTypeSpecifier>
            </operand>
            <operand localId="339" xsi:type="As">
               <operand localId="330" locator="29:11-29:57" xmlns:ns20="urn:healthit-gov:qdm:v5_6" dataType="ns20:PositiveInterventionPerformed" templateId="PositiveInterventionPerformed" codeProperty="code" codeComparator="in" xsi:type="Retrieve">
                  <resultTypeSpecifier localId="332" xsi:type="ListTypeSpecifier">
                     <elementType localId="333" xmlns:ns21="urn:healthit-gov:qdm:v5_6" name="ns21:PositiveInterventionPerformed" xsi:type="NamedTypeSpecifier"/>
                  </resultTypeSpecifier>
                  <codes localId="329" locator="29:39-29:56" resultTypeName="t:ValueSet" name="Comfort Measures" preserve="true" xsi:type="ValueSetRef"/>
               </operand>
               <asTypeSpecifier localId="340" xsi:type="ListTypeSpecifier">
                  <elementType localId="341" xsi:type="ChoiceTypeSpecifier">
                     <choice localId="342" xmlns:ns22="urn:healthit-gov:qdm:v5_6" name="ns22:PositiveInterventionPerformed" xsi:type="NamedTypeSpecifier"/>
                     <choice localId="343" xmlns:ns23="urn:healthit-gov:qdm:v5_6" name="ns23:PositiveInterventionOrder" xsi:type="NamedTypeSpecifier"/>
                  </elementType>
               </asTypeSpecifier>
            </operand>
         </expression>
      </def>
      <def localId="233" locator="46:1-51:5" name="Ischemic Stroke Encounter" context="Patient" accessLevel="Public">
         <annotation xsi:type="a:Annotation">
            <a:s r="233">
               <a:s>define &quot;Ischemic Stroke Encounter&quot;:
  </a:s>
               <a:s r="309">
                  <a:s>
                     <a:s r="234">
                        <a:s r="282">
                           <a:s>
                              <a:s>&quot;Non Elective Encounter With Age&quot;</a:s>
                           </a:s>
                        </a:s>
                        <a:s> NonElectiveEncounterWithAge</a:s>
                     </a:s>
                  </a:s>
                  <a:s>
    </a:s>
                  <a:s r="287">
                     <a:s>where </a:s>
                     <a:s r="287">
                        <a:s>exists </a:s>
                        <a:s r="304">
                           <a:s>( </a:s>
                           <a:s r="304">
                              <a:s>
                                 <a:s r="288">
                                    <a:s r="290">
                                       <a:s>
                                          <a:s>NonElectiveEncounterWithAge.diagnoses</a:s>
                                       </a:s>
                                    </a:s>
                                    <a:s> Diagnosis</a:s>
                                 </a:s>
                              </a:s>
                              <a:s>
        </a:s>
                              <a:s r="295">
                                 <a:s>where </a:s>
                                 <a:s r="295">
                                    <a:s r="299">
                                       <a:s r="297">
                                          <a:s r="296">
                                             <a:s>Diagnosis</a:s>
                                          </a:s>
                                          <a:s>.</a:s>
                                          <a:s r="297">
                                             <a:s>code</a:s>
                                          </a:s>
                                       </a:s>
                                       <a:s> in </a:s>
                                       <a:s r="298">
                                          <a:s>&quot;Ischemic Stroke&quot;</a:s>
                                       </a:s>
                                    </a:s>
                                    <a:s>
          and </a:s>
                                    <a:s r="300">
                                       <a:s r="302">
                                          <a:s r="301">
                                             <a:s>Diagnosis</a:s>
                                          </a:s>
                                          <a:s>.</a:s>
                                          <a:s r="302">
                                             <a:s>rank</a:s>
                                          </a:s>
                                       </a:s>
                                       <a:s r="303"> = 1</a:s>
                                    </a:s>
                                 </a:s>
                              </a:s>
                           </a:s>
                           <a:s>
    )</a:s>
                        </a:s>
                     </a:s>
                  </a:s>
               </a:s>
            </a:s>
         </annotation>
         <resultTypeSpecifier localId="457" xsi:type="ListTypeSpecifier">
            <elementType localId="458" xmlns:ns24="urn:healthit-gov:qdm:v5_6" name="ns24:PositiveEncounterPerformed" xsi:type="NamedTypeSpecifier"/>
         </resultTypeSpecifier>
         <expression localId="309" locator="47:3-51:5" xsi:type="Query">
            <resultTypeSpecifier localId="310" xsi:type="ListTypeSpecifier">
               <elementType localId="311" xmlns:ns25="urn:healthit-gov:qdm:v5_6" name="ns25:PositiveEncounterPerformed" xsi:type="NamedTypeSpecifier"/>
            </resultTypeSpecifier>
            <source localId="234" locator="47:3-47:63" alias="NonElectiveEncounterWithAge">
               <resultTypeSpecifier localId="285" xsi:type="ListTypeSpecifier">
                  <elementType localId="286" xmlns:ns26="urn:healthit-gov:qdm:v5_6" name="ns26:PositiveEncounterPerformed" xsi:type="NamedTypeSpecifier"/>
               </resultTypeSpecifier>
               <expression localId="282" locator="47:3-47:35" name="Non Elective Encounter With Age" xsi:type="ExpressionRef">
                  <resultTypeSpecifier localId="283" xsi:type="ListTypeSpecifier">
                     <elementType localId="284" xmlns:ns27="urn:healthit-gov:qdm:v5_6" name="ns27:PositiveEncounterPerformed" xsi:type="NamedTypeSpecifier"/>
                  </resultTypeSpecifier>
               </expression>
            </source>
            <where localId="287" locator="48:5-51:5" resultTypeName="t:Boolean" xsi:type="Exists">
               <operand localId="304" locator="48:18-51:5" xsi:type="Query">
                  <resultTypeSpecifier localId="307" xsi:type="ListTypeSpecifier">
                     <elementType localId="308" xmlns:ns28="urn:healthit-gov:qdm:v5_6" name="ns28:DiagnosisComponent" xsi:type="NamedTypeSpecifier"/>
                  </resultTypeSpecifier>
                  <source localId="288" locator="48:20-48:66" alias="Diagnosis">
                     <resultTypeSpecifier localId="293" xsi:type="ListTypeSpecifier">
                        <elementType localId="294" xmlns:ns29="urn:healthit-gov:qdm:v5_6" name="ns29:DiagnosisComponent" xsi:type="NamedTypeSpecifier"/>
                     </resultTypeSpecifier>
                     <expression localId="290" locator="48:20-48:56" path="diagnoses" scope="NonElectiveEncounterWithAge" xsi:type="Property">
                        <resultTypeSpecifier localId="291" xsi:type="ListTypeSpecifier">
                           <elementType localId="292" xmlns:ns30="urn:healthit-gov:qdm:v5_6" name="ns30:DiagnosisComponent" xsi:type="NamedTypeSpecifier"/>
                        </resultTypeSpecifier>
                     </expression>
                  </source>
                  <where localId="295" locator="49:9-50:32" resultTypeName="t:Boolean" xsi:type="And">
                     <operand localId="299" locator="49:15-49:49" resultTypeName="t:Boolean" xsi:type="InValueSet">
                        <code localId="297" locator="49:15-49:28" resultTypeName="t:Code" path="code" scope="Diagnosis" xsi:type="Property"/>
                        <valueset localId="298" locator="49:33-49:49" resultTypeName="t:ValueSet" name="Ischemic Stroke" preserve="true"/>
                     </operand>
                     <operand localId="300" locator="50:15-50:32" resultTypeName="t:Boolean" xsi:type="Equal">
                        <operand localId="302" locator="50:15-50:28" resultTypeName="t:Integer" path="rank" scope="Diagnosis" xsi:type="Property"/>
                        <operand localId="303" locator="50:32" resultTypeName="t:Integer" valueType="t:Integer" value="1" xsi:type="Literal"/>
                     </operand>
                  </where>
               </operand>
            </where>
         </expression>
      </def>
      <def localId="415" locator="31:1-39:3" name="Ischemic Stroke Encounters With Discharge Disposition" context="Patient" accessLevel="Public">
         <annotation xsi:type="a:Annotation">
            <a:s r="415">
               <a:s>define &quot;Ischemic Stroke Encounters With Discharge Disposition&quot;:
  </a:s>
               <a:s r="446">
                  <a:s>( </a:s>
                  <a:s r="446">
                     <a:s>( </a:s>
                     <a:s r="446">
                        <a:s>
                           <a:s r="416">
                              <a:s r="417">
                                 <a:s>
                                    <a:s>&quot;Ischemic Stroke Encounter&quot;</a:s>
                                 </a:s>
                              </a:s>
                              <a:s> IschemicStrokeEncounter</a:s>
                           </a:s>
                        </a:s>
                        <a:s>
        </a:s>
                        <a:s r="422">
                           <a:s>where </a:s>
                           <a:s r="422">
                              <a:s r="423">
                                 <a:s r="424">
                                    <a:s r="425">
                                       <a:s r="429">
                                          <a:s r="427">
                                             <a:s r="426">
                                                <a:s>IschemicStrokeEncounter</a:s>
                                             </a:s>
                                             <a:s>.</a:s>
                                             <a:s r="427">
                                                <a:s>dischargeDisposition</a:s>
                                             </a:s>
                                          </a:s>
                                          <a:s> in </a:s>
                                          <a:s r="428">
                                             <a:s>&quot;Discharge To Acute Care Facility&quot;</a:s>
                                          </a:s>
                                       </a:s>
                                       <a:s>
          or </a:s>
                                       <a:s r="433">
                                          <a:s r="431">
                                             <a:s r="430">
                                                <a:s>IschemicStrokeEncounter</a:s>
                                             </a:s>
                                             <a:s>.</a:s>
                                             <a:s r="431">
                                                <a:s>dischargeDisposition</a:s>
                                             </a:s>
                                          </a:s>
                                          <a:s> in </a:s>
                                          <a:s r="432">
                                             <a:s>&quot;Left Against Medical Advice&quot;</a:s>
                                          </a:s>
                                       </a:s>
                                    </a:s>
                                    <a:s>
          or </a:s>
                                    <a:s r="437">
                                       <a:s r="435">
                                          <a:s r="434">
                                             <a:s>IschemicStrokeEncounter</a:s>
                                          </a:s>
                                          <a:s>.</a:s>
                                          <a:s r="435">
                                             <a:s>dischargeDisposition</a:s>
                                          </a:s>
                                       </a:s>
                                       <a:s> in </a:s>
                                       <a:s r="436">
                                          <a:s>&quot;Patient Expired&quot;</a:s>
                                       </a:s>
                                    </a:s>
                                 </a:s>
                                 <a:s>
          or </a:s>
                                 <a:s r="441">
                                    <a:s r="439">
                                       <a:s r="438">
                                          <a:s>IschemicStrokeEncounter</a:s>
                                       </a:s>
                                       <a:s>.</a:s>
                                       <a:s r="439">
                                          <a:s>dischargeDisposition</a:s>
                                       </a:s>
                                    </a:s>
                                    <a:s> in </a:s>
                                    <a:s r="440">
                                       <a:s>&quot;Discharged to Home for Hospice Care&quot;</a:s>
                                    </a:s>
                                 </a:s>
                              </a:s>
                              <a:s>
          or </a:s>
                              <a:s r="445">
                                 <a:s r="443">
                                    <a:s r="442">
                                       <a:s>IschemicStrokeEncounter</a:s>
                                    </a:s>
                                    <a:s>.</a:s>
                                    <a:s r="443">
                                       <a:s>dischargeDisposition</a:s>
                                    </a:s>
                                 </a:s>
                                 <a:s> in </a:s>
                                 <a:s r="444">
                                    <a:s>&quot;Discharged to Health Care Facility for Hospice Care&quot;</a:s>
                                 </a:s>
                              </a:s>
                           </a:s>
                        </a:s>
                     </a:s>
                     <a:s>
    )</a:s>
                  </a:s>
                  <a:s>
  )</a:s>
               </a:s>
            </a:s>
         </annotation>
         <resultTypeSpecifier localId="453" xsi:type="ListTypeSpecifier">
            <elementType localId="454" xmlns:ns31="urn:healthit-gov:qdm:v5_6" name="ns31:PositiveEncounterPerformed" xsi:type="NamedTypeSpecifier"/>
         </resultTypeSpecifier>
         <expression localId="446" locator="32:3-39:3" xsi:type="Query">
            <resultTypeSpecifier localId="451" xsi:type="ListTypeSpecifier">
               <elementType localId="452" xmlns:ns32="urn:healthit-gov:qdm:v5_6" name="ns32:PositiveEncounterPerformed" xsi:type="NamedTypeSpecifier"/>
            </resultTypeSpecifier>
            <source localId="416" locator="32:7-32:57" alias="IschemicStrokeEncounter">
               <resultTypeSpecifier localId="420" xsi:type="ListTypeSpecifier">
                  <elementType localId="421" xmlns:ns33="urn:healthit-gov:qdm:v5_6" name="ns33:PositiveEncounterPerformed" xsi:type="NamedTypeSpecifier"/>
               </resultTypeSpecifier>
               <expression localId="417" locator="32:7-32:33" name="Ischemic Stroke Encounter" xsi:type="ExpressionRef">
                  <resultTypeSpecifier localId="418" xsi:type="ListTypeSpecifier">
                     <elementType localId="419" xmlns:ns34="urn:healthit-gov:qdm:v5_6" name="ns34:PositiveEncounterPerformed" xsi:type="NamedTypeSpecifier"/>
                  </resultTypeSpecifier>
               </expression>
            </source>
            <where localId="422" locator="33:9-37:114" resultTypeName="t:Boolean" xsi:type="Or">
               <operand localId="423" locator="33:15-36:98" resultTypeName="t:Boolean" xsi:type="Or">
                  <operand localId="424" locator="33:15-35:78" resultTypeName="t:Boolean" xsi:type="Or">
                     <operand localId="425" locator="33:15-34:90" resultTypeName="t:Boolean" xsi:type="Or">
                        <operand localId="429" locator="33:15-33:96" resultTypeName="t:Boolean" xsi:type="InValueSet">
                           <code localId="427" locator="33:15-33:58" resultTypeName="t:Code" path="dischargeDisposition" scope="IschemicStrokeEncounter" xsi:type="Property"/>
                           <valueset localId="428" locator="33:63-33:96" resultTypeName="t:ValueSet" name="Discharge To Acute Care Facility" preserve="true"/>
                        </operand>
                        <operand localId="433" locator="34:14-34:90" resultTypeName="t:Boolean" xsi:type="InValueSet">
                           <code localId="431" locator="34:14-34:57" resultTypeName="t:Code" path="dischargeDisposition" scope="IschemicStrokeEncounter" xsi:type="Property"/>
                           <valueset localId="432" locator="34:62-34:90" resultTypeName="t:ValueSet" name="Left Against Medical Advice" preserve="true"/>
                        </operand>
                     </operand>
                     <operand localId="437" locator="35:14-35:78" resultTypeName="t:Boolean" xsi:type="InValueSet">
                        <code localId="435" locator="35:14-35:57" resultTypeName="t:Code" path="dischargeDisposition" scope="IschemicStrokeEncounter" xsi:type="Property"/>
                        <valueset localId="436" locator="35:62-35:78" resultTypeName="t:ValueSet" name="Patient Expired" preserve="true"/>
                     </operand>
                  </operand>
                  <operand localId="441" locator="36:14-36:98" resultTypeName="t:Boolean" xsi:type="InValueSet">
                     <code localId="439" locator="36:14-36:57" resultTypeName="t:Code" path="dischargeDisposition" scope="IschemicStrokeEncounter" xsi:type="Property"/>
                     <valueset localId="440" locator="36:62-36:98" resultTypeName="t:ValueSet" name="Discharged to Home for Hospice Care" preserve="true"/>
                  </operand>
               </operand>
               <operand localId="445" locator="37:14-37:114" resultTypeName="t:Boolean" xsi:type="InValueSet">
                  <code localId="443" locator="37:14-37:57" resultTypeName="t:Code" path="dischargeDisposition" scope="IschemicStrokeEncounter" xsi:type="Property"/>
                  <valueset localId="444" locator="37:62-37:114" resultTypeName="t:ValueSet" name="Discharged to Health Care Facility for Hospice Care" preserve="true"/>
               </operand>
            </where>
         </expression>
      </def>
      <def localId="236" locator="41:1-44:85" name="Non Elective Encounter With Age" context="Patient" accessLevel="Public">
         <annotation xsi:type="a:Annotation">
            <a:s r="236">
               <a:s>define &quot;Non Elective Encounter With Age&quot;:
  </a:s>
               <a:s r="277">
                  <a:s>
                     <a:s r="237">
                        <a:s r="240">
                           <a:s r="240">
                              <a:s>[&quot;Encounter, Performed&quot;: </a:s>
                              <a:s>
                                 <a:s>&quot;Nonelective Inpatient Encounter&quot;</a:s>
                              </a:s>
                              <a:s>]</a:s>
                           </a:s>
                        </a:s>
                        <a:s> NonElectiveEncounter</a:s>
                     </a:s>
                  </a:s>
                  <a:s>
    </a:s>
                  <a:s r="248">
                     <a:s>where </a:s>
                     <a:s r="248">
                        <a:s r="249">
                           <a:s r="264">
                              <a:s>AgeInYearsAt(</a:s>
                              <a:s r="250">
                                 <a:s>date from </a:s>
                                 <a:s r="251">
                                    <a:s>start of </a:s>
                                    <a:s r="253">
                                       <a:s r="252">
                                          <a:s>NonElectiveEncounter</a:s>
                                       </a:s>
                                       <a:s>.</a:s>
                                       <a:s r="253">
                                          <a:s>relevantPeriod</a:s>
                                       </a:s>
                                    </a:s>
                                 </a:s>
                              </a:s>
                              <a:s>)</a:s>
                           </a:s>
                           <a:s r="265"> >= 18</a:s>
                        </a:s>
                        <a:s>
      and </a:s>
                        <a:s r="276">
                           <a:s r="267">
                              <a:s r="266">
                                 <a:s>NonElectiveEncounter</a:s>
                              </a:s>
                              <a:s>.</a:s>
                              <a:s r="267">
                                 <a:s>relevantPeriod</a:s>
                              </a:s>
                           </a:s>
                           <a:s r="276"> ends during day of </a:s>
                           <a:s r="272">
                              <a:s>&quot;Measurement Period&quot;</a:s>
                           </a:s>
                        </a:s>
                     </a:s>
                  </a:s>
               </a:s>
            </a:s>
         </annotation>
         <resultTypeSpecifier localId="455" xsi:type="ListTypeSpecifier">
            <elementType localId="456" xmlns:ns35="urn:healthit-gov:qdm:v5_6" name="ns35:PositiveEncounterPerformed" xsi:type="NamedTypeSpecifier"/>
         </resultTypeSpecifier>
         <expression localId="277" locator="42:3-44:85" xsi:type="Query">
            <resultTypeSpecifier localId="278" xsi:type="ListTypeSpecifier">
               <elementType localId="279" xmlns:ns36="urn:healthit-gov:qdm:v5_6" name="ns36:PositiveEncounterPerformed" xsi:type="NamedTypeSpecifier"/>
            </resultTypeSpecifier>
            <source localId="237" locator="42:3-42:82" alias="NonElectiveEncounter">
               <resultTypeSpecifier localId="246" xsi:type="ListTypeSpecifier">
                  <elementType localId="247" xmlns:ns37="urn:healthit-gov:qdm:v5_6" name="ns37:PositiveEncounterPerformed" xsi:type="NamedTypeSpecifier"/>
               </resultTypeSpecifier>
               <expression localId="240" locator="42:3-42:61" xmlns:ns38="urn:healthit-gov:qdm:v5_6" dataType="ns38:PositiveEncounterPerformed" templateId="PositiveEncounterPerformed" codeProperty="code" codeComparator="in" xsi:type="Retrieve">
                  <resultTypeSpecifier localId="244" xsi:type="ListTypeSpecifier">
                     <elementType localId="245" xmlns:ns39="urn:healthit-gov:qdm:v5_6" name="ns39:PositiveEncounterPerformed" xsi:type="NamedTypeSpecifier"/>
                  </resultTypeSpecifier>
                  <codes localId="239" locator="42:28-42:60" resultTypeName="t:ValueSet" name="Nonelective Inpatient Encounter" preserve="true" xsi:type="ValueSetRef"/>
               </expression>
            </source>
            <where localId="248" locator="43:5-44:85" resultTypeName="t:Boolean" xsi:type="And">
               <operand localId="249" locator="43:11-43:84" resultTypeName="t:Boolean" xsi:type="GreaterOrEqual">
                  <operand localId="264" locator="43:11-43:78" resultTypeName="t:Integer" precision="Year" xsi:type="CalculateAgeAt">
                     <operand localId="263" xsi:type="ToDate">
                        <operand localId="261" path="birthDatetime" xsi:type="Property">
                           <source localId="260" name="Patient" xsi:type="ExpressionRef"/>
                        </operand>
                     </operand>
                     <operand localId="250" locator="43:24-43:77" resultTypeName="t:Date" xsi:type="DateFrom">
                        <operand localId="251" locator="43:34-43:77" resultTypeName="t:DateTime" xsi:type="Start">
                           <operand localId="253" locator="43:43-43:77" path="relevantPeriod" scope="NonElectiveEncounter" xsi:type="Property">
                              <resultTypeSpecifier localId="256" xsi:type="IntervalTypeSpecifier">
                                 <pointType localId="257" name="t:DateTime" xsi:type="NamedTypeSpecifier"/>
                              </resultTypeSpecifier>
                           </operand>
                        </operand>
                     </operand>
                  </operand>
                  <operand localId="265" locator="43:83-43:84" resultTypeName="t:Integer" valueType="t:Integer" value="18" xsi:type="Literal"/>
               </operand>
               <operand localId="276" locator="44:11-44:85" resultTypeName="t:Boolean" precision="Day" xsi:type="In">
                  <operand localId="275" locator="44:47-44:50" xsi:type="End">
                     <operand localId="267" locator="44:11-44:45" path="relevantPeriod" scope="NonElectiveEncounter" xsi:type="Property">
                        <resultTypeSpecifier localId="270" xsi:type="IntervalTypeSpecifier">
                           <pointType localId="271" name="t:DateTime" xsi:type="NamedTypeSpecifier"/>
                        </resultTypeSpecifier>
                     </operand>
                  </operand>
                  <operand localId="272" locator="44:66-44:85" name="Measurement Period" xsi:type="ParameterRef">
                     <resultTypeSpecifier localId="273" xsi:type="IntervalTypeSpecifier">
                        <pointType localId="274" name="t:DateTime" xsi:type="NamedTypeSpecifier"/>
                     </resultTypeSpecifier>
                  </operand>
               </operand>
            </where>
         </expression>
      </def>
      <def localId="226" locator="20:1-20:15" name="Patient" context="Patient">
         <expression localId="227" xsi:type="SingletonFrom">
            <operand localId="225" locator="20:1-20:15" xmlns:ns40="urn:healthit-gov:qdm:v5_6" dataType="ns40:Patient" templateId="Patient" xsi:type="Retrieve"/>
         </expression>
      </def>
   </statements>
</library>
