{
   "library" : {
      "annotation" : [ {
         "translatorOptions" : "EnableAnnotations,EnableLocators,DisableListDemotion,DisableListPromotion,DisableMethodInvocation",
         "type" : "CqlToElmInfo"
      }, {
         "type" : "Annotation",
         "s" : {
            "r" : "117",
            "s" : [ {
               "value" : [ "","library HIVScreening version '7.0.000'" ]
            } ]
         }
      } ],
      "identifier" : {
         "id" : "HIVScreening",
         "version" : "7.0.000"
      },
      "schemaIdentifier" : {
         "id" : "urn:hl7-org:elm",
         "version" : "r1"
      },
      "usings" : {
         "def" : [ {
            "localIdentifier" : "System",
            "uri" : "urn:hl7-org:elm-types:r1"
         }, {
            "localId" : "1",
            "locator" : "3:1-3:23",
            "localIdentifier" : "QDM",
            "uri" : "urn:healthit-gov:qdm:v5_6",
            "version" : "5.6",
            "annotation" : [ {
               "type" : "Annotation",
               "s" : {
                  "r" : "1",
                  "s" : [ {
                     "value" : [ "","using " ]
                  }, {
                     "s" : [ {
                        "value" : [ "QDM" ]
                     } ]
                  }, {
                     "value" : [ " version ","'5.6'" ]
                  } ]
               }
            } ]
         } ]
      },
      "includes" : {
         "def" : [ {
            "localId" : "2",
            "locator" : "5:1-5:67",
            "localIdentifier" : "Global",
            "path" : "MATGlobalCommonFunctionsQDM",
            "version" : "8.0.000",
            "annotation" : [ {
               "type" : "Annotation",
               "s" : {
                  "r" : "2",
                  "s" : [ {
                     "value" : [ "","include " ]
                  }, {
                     "s" : [ {
                        "value" : [ "MATGlobalCommonFunctionsQDM" ]
                     } ]
                  }, {
                     "value" : [ " version ","'8.0.000'"," called ","Global" ]
                  } ]
               }
            } ]
         } ]
      },
      "parameters" : {
         "def" : [ {
            "localId" : "22",
            "locator" : "25:1-25:49",
            "name" : "Measurement Period",
            "accessLevel" : "Public",
            "annotation" : [ {
               "type" : "Annotation",
               "s" : {
                  "r" : "22",
                  "s" : [ {
                     "value" : [ "","parameter ","\"Measurement Period\""," " ]
                  }, {
                     "r" : "21",
                     "s" : [ {
                        "value" : [ "Interval<" ]
                     }, {
                        "r" : "20",
                        "s" : [ {
                           "value" : [ "DateTime" ]
                        } ]
                     }, {
                        "value" : [ ">" ]
                     } ]
                  } ]
               }
            } ],
            "parameterTypeSpecifier" : {
               "localId" : "21",
               "locator" : "25:32-25:49",
               "type" : "IntervalTypeSpecifier",
               "pointType" : {
                  "localId" : "20",
                  "locator" : "25:41-25:48",
                  "name" : "{urn:hl7-org:elm-types:r1}DateTime",
                  "type" : "NamedTypeSpecifier"
               }
            }
         } ]
      },
      "codeSystems" : {
         "def" : [ {
            "localId" : "3",
            "locator" : "7:1-7:55",
            "name" : "SNOMEDCT",
            "id" : "urn:oid:2.16.840.1.113883.6.96",
            "accessLevel" : "Public",
            "annotation" : [ {
               "type" : "Annotation",
               "s" : {
                  "r" : "3",
                  "s" : [ {
                     "value" : [ "","codesystem ","\"SNOMEDCT\"",": ","'urn:oid:2.16.840.1.113883.6.96'" ]
                  } ]
               }
            } ]
         }, {
            "localId" : "4",
            "locator" : "8:1-8:51",
            "name" : "LOINC",
            "id" : "urn:oid:2.16.840.1.113883.6.1",
            "accessLevel" : "Public",
            "annotation" : [ {
               "type" : "Annotation",
               "s" : {
                  "r" : "4",
                  "s" : [ {
                     "value" : [ "","codesystem ","\"LOINC\"",": ","'urn:oid:2.16.840.1.113883.6.1'" ]
                  } ]
               }
            } ]
         } ]
      },
      "valueSets" : {
         "def" : [ {
            "localId" : "5",
            "locator" : "10:1-10:58",
            "name" : "Ethnicity",
            "id" : "urn:oid:2.16.840.1.114222.4.11.837",
            "accessLevel" : "Public",
            "annotation" : [ {
               "type" : "Annotation",
               "s" : {
                  "r" : "5",
                  "s" : [ {
                     "value" : [ "","valueset ","\"Ethnicity\"",": ","'urn:oid:2.16.840.1.114222.4.11.837'" ]
                  } ]
               }
            } ]
         }, {
            "localId" : "6",
            "locator" : "11:1-11:66",
            "name" : "HIV",
            "id" : "urn:oid:2.16.840.1.113883.3.464.1003.120.12.1003",
            "accessLevel" : "Public",
            "annotation" : [ {
               "type" : "Annotation",
               "s" : {
                  "r" : "6",
                  "s" : [ {
                     "value" : [ "","valueset ","\"HIV\"",": ","'urn:oid:2.16.840.1.113883.3.464.1003.120.12.1003'" ]
                  } ]
               }
            } ]
         }, {
            "localId" : "7",
            "locator" : "12:1-12:65",
            "name" : "HIV Lab Tests",
            "id" : "urn:oid:2.16.840.1.113762.1.4.1056.50",
            "accessLevel" : "Public",
            "annotation" : [ {
               "type" : "Annotation",
               "s" : {
                  "r" : "7",
                  "s" : [ {
                     "value" : [ "","valueset ","\"HIV Lab Tests\"",": ","'urn:oid:2.16.840.1.113762.1.4.1056.50'" ]
                  } ]
               }
            } ]
         }, {
            "localId" : "8",
            "locator" : "13:1-13:75",
            "name" : "Office Visit",
            "id" : "urn:oid:2.16.840.1.113883.3.464.1003.101.12.1001",
            "accessLevel" : "Public",
            "annotation" : [ {
               "type" : "Annotation",
               "s" : {
                  "r" : "8",
                  "s" : [ {
                     "value" : [ "","valueset ","\"Office Visit\"",": ","'urn:oid:2.16.840.1.113883.3.464.1003.101.12.1001'" ]
                  } ]
               }
            } ]
         }, {
            "localId" : "9",
            "locator" : "14:1-14:68",
            "name" : "ONC Administrative Sex",
            "id" : "urn:oid:2.16.840.1.113762.1.4.1",
            "accessLevel" : "Public",
            "annotation" : [ {
               "type" : "Annotation",
               "s" : {
                  "r" : "9",
                  "s" : [ {
                     "value" : [ "","valueset ","\"ONC Administrative Sex\"",": ","'urn:oid:2.16.840.1.113762.1.4.1'" ]
                  } ]
               }
            } ]
         }, {
            "localId" : "10",
            "locator" : "15:1-15:60",
            "name" : "Payer Type",
            "id" : "urn:oid:2.16.840.1.114222.4.11.3591",
            "accessLevel" : "Public",
            "annotation" : [ {
               "type" : "Annotation",
               "s" : {
                  "r" : "10",
                  "s" : [ {
                     "value" : [ "","valueset ","\"Payer Type\"",": ","'urn:oid:2.16.840.1.114222.4.11.3591'" ]
                  } ]
               }
            } ]
         }, {
            "localId" : "11",
            "locator" : "16:1-16:123",
            "name" : "Preventive Care Services Established Office Visit, 18 and Up",
            "id" : "urn:oid:2.16.840.1.113883.3.464.1003.101.12.1025",
            "accessLevel" : "Public",
            "annotation" : [ {
               "type" : "Annotation",
               "s" : {
                  "r" : "11",
                  "s" : [ {
                     "value" : [ "","valueset ","\"Preventive Care Services Established Office Visit, 18 and Up\"",": ","'urn:oid:2.16.840.1.113883.3.464.1003.101.12.1025'" ]
                  } ]
               }
            } ]
         }, {
            "localId" : "12",
            "locator" : "17:1-17:119",
            "name" : "Preventive Care Services Initial Office Visit, 18 and Up",
            "id" : "urn:oid:2.16.840.1.113883.3.464.1003.101.12.1023",
            "accessLevel" : "Public",
            "annotation" : [ {
               "type" : "Annotation",
               "s" : {
                  "r" : "12",
                  "s" : [ {
                     "value" : [ "","valueset ","\"Preventive Care Services Initial Office Visit, 18 and Up\"",": ","'urn:oid:2.16.840.1.113883.3.464.1003.101.12.1023'" ]
                  } ]
               }
            } ]
         }, {
            "localId" : "13",
            "locator" : "18:1-18:118",
            "name" : "Preventive Care Services, Initial Office Visit, 0 to 17",
            "id" : "urn:oid:2.16.840.1.113883.3.464.1003.101.12.1022",
            "accessLevel" : "Public",
            "annotation" : [ {
               "type" : "Annotation",
               "s" : {
                  "r" : "13",
                  "s" : [ {
                     "value" : [ "","valueset ","\"Preventive Care Services, Initial Office Visit, 0 to 17\"",": ","'urn:oid:2.16.840.1.113883.3.464.1003.101.12.1022'" ]
                  } ]
               }
            } ]
         }, {
            "localId" : "14",
            "locator" : "19:1-19:113",
            "name" : "Preventive Care, Established Office Visit, 0 to 17",
            "id" : "urn:oid:2.16.840.1.113883.3.464.1003.101.12.1024",
            "accessLevel" : "Public",
            "annotation" : [ {
               "type" : "Annotation",
               "s" : {
                  "r" : "14",
                  "s" : [ {
                     "value" : [ "","valueset ","\"Preventive Care, Established Office Visit, 0 to 17\"",": ","'urn:oid:2.16.840.1.113883.3.464.1003.101.12.1024'" ]
                  } ]
               }
            } ]
         }, {
            "localId" : "15",
            "locator" : "20:1-20:53",
            "name" : "Race",
            "id" : "urn:oid:2.16.840.1.114222.4.11.836",
            "accessLevel" : "Public",
            "annotation" : [ {
               "type" : "Annotation",
               "s" : {
                  "r" : "15",
                  "s" : [ {
                     "value" : [ "","valueset ","\"Race\"",": ","'urn:oid:2.16.840.1.114222.4.11.836'" ]
                  } ]
               }
            } ]
         } ]
      },
      "codes" : {
         "def" : [ {
            "localId" : "17",
            "locator" : "22:1-22:75",
            "name" : "Dead (finding)",
            "id" : "419099009",
            "display" : "Dead (finding)",
            "accessLevel" : "Public",
            "annotation" : [ {
               "type" : "Annotation",
               "s" : {
                  "r" : "17",
                  "s" : [ {
                     "value" : [ "","code ","\"Dead (finding)\"",": ","'419099009'"," from " ]
                  }, {
                     "r" : "16",
                     "s" : [ {
                        "value" : [ "\"SNOMEDCT\"" ]
                     } ]
                  }, {
                     "value" : [ " display ","'Dead (finding)'" ]
                  } ]
               }
            } ],
            "codeSystem" : {
               "localId" : "16",
               "locator" : "22:41-22:50",
               "name" : "SNOMEDCT"
            }
         }, {
            "localId" : "19",
            "locator" : "23:1-23:118",
            "name" : "HIV 1 and 2 tests - Meaningful Use set",
            "id" : "75622-1",
            "display" : "HIV 1 and 2 tests - Meaningful Use set",
            "accessLevel" : "Public",
            "annotation" : [ {
               "type" : "Annotation",
               "s" : {
                  "r" : "19",
                  "s" : [ {
                     "value" : [ "","code ","\"HIV 1 and 2 tests - Meaningful Use set\"",": ","'75622-1'"," from " ]
                  }, {
                     "r" : "18",
                     "s" : [ {
                        "value" : [ "\"LOINC\"" ]
                     } ]
                  }, {
                     "value" : [ " display ","'HIV 1 and 2 tests - Meaningful Use set'" ]
                  } ]
               }
            } ],
            "codeSystem" : {
               "localId" : "18",
               "locator" : "23:63-23:69",
               "name" : "LOINC"
            }
         } ]
      },
      "contexts" : {
         "def" : [ {
            "locator" : "27:1-27:15",
            "name" : "Patient"
         } ]
      },
      "statements" : {
         "def" : [ {
            "locator" : "27:1-27:15",
            "name" : "Patient",
            "context" : "Patient",
            "expression" : {
               "type" : "SingletonFrom",
               "operand" : {
                  "locator" : "27:1-27:15",
                  "dataType" : "{urn:healthit-gov:qdm:v5_6}Patient",
                  "templateId" : "Patient",
                  "type" : "Retrieve"
               }
            }
         }, {
            "localId" : "47",
            "locator" : "49:1-55:69",
            "name" : "Qualifying Encounters",
            "context" : "Patient",
            "accessLevel" : "Public",
            "annotation" : [ {
               "type" : "Annotation",
               "s" : {
                  "r" : "47",
                  "s" : [ {
                     "value" : [ "","define ","\"Qualifying Encounters\"",":\n  " ]
                  }, {
                     "r" : "46",
                     "s" : [ {
                        "s" : [ {
                           "r" : "41",
                           "s" : [ {
                              "r" : "40",
                              "s" : [ {
                                 "value" : [ "( " ]
                              }, {
                                 "r" : "40",
                                 "s" : [ {
                                    "r" : "38",
                                    "s" : [ {
                                       "r" : "35",
                                       "s" : [ {
                                          "r" : "33",
                                          "s" : [ {
                                             "r" : "31",
                                             "s" : [ {
                                                "value" : [ "[","\"Encounter, Performed\"",": " ]
                                             }, {
                                                "s" : [ {
                                                   "value" : [ "\"Preventive Care Services, Initial Office Visit, 0 to 17\"" ]
                                                } ]
                                             }, {
                                                "value" : [ "]" ]
                                             } ]
                                          }, {
                                             "value" : [ "\n    union " ]
                                          }, {
                                             "r" : "32",
                                             "s" : [ {
                                                "value" : [ "[","\"Encounter, Performed\"",": " ]
                                             }, {
                                                "s" : [ {
                                                   "value" : [ "\"Preventive Care Services Initial Office Visit, 18 and Up\"" ]
                                                } ]
                                             }, {
                                                "value" : [ "]" ]
                                             } ]
                                          } ]
                                       }, {
                                          "value" : [ "\n    union " ]
                                       }, {
                                          "r" : "34",
                                          "s" : [ {
                                             "value" : [ "[","\"Encounter, Performed\"",": " ]
                                          }, {
                                             "s" : [ {
                                                "value" : [ "\"Preventive Care, Established Office Visit, 0 to 17\"" ]
                                             } ]
                                          }, {
                                             "value" : [ "]" ]
                                          } ]
                                       } ]
                                    }, {
                                       "value" : [ "\n    union " ]
                                    }, {
                                       "r" : "36",
                                       "s" : [ {
                                          "value" : [ "[","\"Encounter, Performed\"",": " ]
                                       }, {
                                          "s" : [ {
                                             "value" : [ "\"Preventive Care Services Established Office Visit, 18 and Up\"" ]
                                          } ]
                                       }, {
                                          "value" : [ "]" ]
                                       } ]
                                    } ]
                                 }, {
                                    "value" : [ "\n    union " ]
                                 }, {
                                    "r" : "39",
                                    "s" : [ {
                                       "value" : [ "[","\"Encounter, Performed\"",": " ]
                                    }, {
                                       "s" : [ {
                                          "value" : [ "\"Office Visit\"" ]
                                       } ]
                                    }, {
                                       "value" : [ "]" ]
                                    } ]
                                 } ]
                              }, {
                                 "value" : [ " )" ]
                              } ]
                           }, {
                              "value" : [ " ","Encounter" ]
                           } ]
                        } ]
                     }, {
                        "value" : [ "\n    " ]
                     }, {
                        "r" : "45",
                        "s" : [ {
                           "value" : [ "where " ]
                        }, {
                           "r" : "45",
                           "s" : [ {
                              "r" : "43",
                              "s" : [ {
                                 "r" : "42",
                                 "s" : [ {
                                    "value" : [ "Encounter" ]
                                 } ]
                              }, {
                                 "value" : [ "." ]
                              }, {
                                 "r" : "43",
                                 "s" : [ {
                                    "value" : [ "relevantPeriod" ]
                                 } ]
                              } ]
                           }, {
                              "r" : "45",
                              "value" : [ " ","during day of"," " ]
                           }, {
                              "r" : "44",
                              "s" : [ {
                                 "value" : [ "\"Measurement Period\"" ]
                              } ]
                           } ]
                        } ]
                     } ]
                  } ]
               }
            } ],
            "expression" : {
               "localId" : "46",
               "locator" : "50:3-55:69",
               "type" : "Query",
               "source" : [ {
                  "localId" : "41",
                  "locator" : "50:3-54:62",
                  "alias" : "Encounter",
                  "expression" : {
                     "localId" : "40",
                     "locator" : "50:3-54:52",
                     "type" : "Union",
                     "operand" : [ {
                        "localId" : "38",
                        "locator" : "50:5-53:98",
                        "type" : "Union",
                        "operand" : [ {
                           "localId" : "33",
                           "locator" : "50:5-51:94",
                           "type" : "Union",
                           "operand" : [ {
                              "localId" : "31",
                              "locator" : "50:5-50:87",
                              "dataType" : "{urn:healthit-gov:qdm:v5_6}PositiveEncounterPerformed",
                              "templateId" : "PositiveEncounterPerformed",
                              "codeProperty" : "code",
                              "codeComparator" : "in",
                              "type" : "Retrieve",
                              "codes" : {
                                 "locator" : "50:30-50:86",
                                 "name" : "Preventive Care Services, Initial Office Visit, 0 to 17",
                                 "preserve" : true,
                                 "type" : "ValueSetRef"
                              }
                           }, {
                              "localId" : "32",
                              "locator" : "51:11-51:94",
                              "dataType" : "{urn:healthit-gov:qdm:v5_6}PositiveEncounterPerformed",
                              "templateId" : "PositiveEncounterPerformed",
                              "codeProperty" : "code",
                              "codeComparator" : "in",
                              "type" : "Retrieve",
                              "codes" : {
                                 "locator" : "51:36-51:93",
                                 "name" : "Preventive Care Services Initial Office Visit, 18 and Up",
                                 "preserve" : true,
                                 "type" : "ValueSetRef"
                              }
                           } ]
                        }, {
                           "localId" : "37",
                           "type" : "Union",
                           "operand" : [ {
                              "localId" : "34",
                              "locator" : "52:11-52:88",
                              "dataType" : "{urn:healthit-gov:qdm:v5_6}PositiveEncounterPerformed",
                              "templateId" : "PositiveEncounterPerformed",
                              "codeProperty" : "code",
                              "codeComparator" : "in",
                              "type" : "Retrieve",
                              "codes" : {
                                 "locator" : "52:36-52:87",
                                 "name" : "Preventive Care, Established Office Visit, 0 to 17",
                                 "preserve" : true,
                                 "type" : "ValueSetRef"
                              }
                           }, {
                              "localId" : "36",
                              "locator" : "53:11-53:98",
                              "dataType" : "{urn:healthit-gov:qdm:v5_6}PositiveEncounterPerformed",
                              "templateId" : "PositiveEncounterPerformed",
                              "codeProperty" : "code",
                              "codeComparator" : "in",
                              "type" : "Retrieve",
                              "codes" : {
                                 "locator" : "53:36-53:97",
                                 "name" : "Preventive Care Services Established Office Visit, 18 and Up",
                                 "preserve" : true,
                                 "type" : "ValueSetRef"
                              }
                           } ]
                        } ]
                     }, {
                        "localId" : "39",
                        "locator" : "54:11-54:50",
                        "dataType" : "{urn:healthit-gov:qdm:v5_6}PositiveEncounterPerformed",
                        "templateId" : "PositiveEncounterPerformed",
                        "codeProperty" : "code",
                        "codeComparator" : "in",
                        "type" : "Retrieve",
                        "codes" : {
                           "locator" : "54:36-54:49",
                           "name" : "Office Visit",
                           "preserve" : true,
                           "type" : "ValueSetRef"
                        }
                     } ]
                  }
               } ],
               "relationship" : [ ],
               "where" : {
                  "localId" : "45",
                  "locator" : "55:5-55:69",
                  "precision" : "Day",
                  "type" : "IncludedIn",
                  "operand" : [ {
                     "localId" : "43",
                     "locator" : "55:11-55:34",
                     "path" : "relevantPeriod",
                     "scope" : "Encounter",
                     "type" : "Property"
                  }, {
                     "localId" : "44",
                     "locator" : "55:50-55:69",
                     "name" : "Measurement Period",
                     "type" : "ParameterRef"
                  } ]
               }
            }
         }, {
            "localId" : "51",
            "locator" : "42:1-44:38",
            "name" : "Initial Population",
            "context" : "Patient",
            "accessLevel" : "Public",
            "annotation" : [ {
               "type" : "Annotation",
               "s" : {
                  "r" : "51",
                  "s" : [ {
                     "value" : [ "","define ","\"Initial Population\"",":\n  " ]
                  }, {
                     "r" : "50",
                     "s" : [ {
                        "r" : "30",
                        "s" : [ {
                           "r" : "26",
                           "s" : [ {
                              "value" : [ "AgeInYearsAt","(" ]
                           }, {
                              "r" : "25",
                              "s" : [ {
                                 "value" : [ "date from " ]
                              }, {
                                 "r" : "24",
                                 "s" : [ {
                                    "value" : [ "start of " ]
                                 }, {
                                    "r" : "23",
                                    "s" : [ {
                                       "value" : [ "\"Measurement Period\"" ]
                                    } ]
                                 } ]
                              } ]
                           }, {
                              "value" : [ ")" ]
                           } ]
                        }, {
                           "value" : [ " in " ]
                        }, {
                           "r" : "29",
                           "s" : [ {
                              "r" : "27",
                              "value" : [ "Interval[","15",", ","65","]" ]
                           } ]
                        } ]
                     }, {
                        "value" : [ "\n    and " ]
                     }, {
                        "r" : "49",
                        "s" : [ {
                           "value" : [ "exists " ]
                        }, {
                           "r" : "48",
                           "s" : [ {
                              "value" : [ "\"Qualifying Encounters\"" ]
                           } ]
                        } ]
                     } ]
                  } ]
               }
            } ],
            "expression" : {
               "localId" : "50",
               "locator" : "43:3-44:38",
               "type" : "And",
               "operand" : [ {
                  "localId" : "30",
                  "locator" : "43:3-43:75",
                  "type" : "In",
                  "operand" : [ {
                     "localId" : "26",
                     "locator" : "43:3-43:55",
                     "precision" : "Year",
                     "type" : "CalculateAgeAt",
                     "operand" : [ {
                        "type" : "ToDate",
                        "operand" : {
                           "path" : "birthDatetime",
                           "type" : "Property",
                           "source" : {
                              "name" : "Patient",
                              "type" : "ExpressionRef"
                           }
                        }
                     }, {
                        "localId" : "25",
                        "locator" : "43:16-43:54",
                        "type" : "DateFrom",
                        "operand" : {
                           "localId" : "24",
                           "locator" : "43:26-43:54",
                           "type" : "Start",
                           "operand" : {
                              "localId" : "23",
                              "locator" : "43:35-43:54",
                              "name" : "Measurement Period",
                              "type" : "ParameterRef"
                           }
                        }
                     } ]
                  }, {
                     "localId" : "29",
                     "locator" : "43:60-43:75",
                     "lowClosed" : true,
                     "highClosed" : true,
                     "type" : "Interval",
                     "low" : {
                        "localId" : "27",
                        "locator" : "43:69-43:70",
                        "valueType" : "{urn:hl7-org:elm-types:r1}Integer",
                        "value" : "15",
                        "type" : "Literal"
                     },
                     "high" : {
                        "localId" : "28",
                        "locator" : "43:73-43:74",
                        "valueType" : "{urn:hl7-org:elm-types:r1}Integer",
                        "value" : "65",
                        "type" : "Literal"
                     }
                  } ]
               }, {
                  "localId" : "49",
                  "locator" : "44:9-44:38",
                  "type" : "Exists",
                  "operand" : {
                     "localId" : "48",
                     "locator" : "44:16-44:38",
                     "name" : "Qualifying Encounters",
                     "type" : "ExpressionRef"
                  }
               } ]
            }
         }, {
            "localId" : "53",
            "locator" : "29:1-30:22",
            "name" : "Denominator",
            "context" : "Patient",
            "accessLevel" : "Public",
            "annotation" : [ {
               "type" : "Annotation",
               "s" : {
                  "r" : "53",
                  "s" : [ {
                     "value" : [ "","define ","\"Denominator\"",":\n  " ]
                  }, {
                     "r" : "52",
                     "s" : [ {
                        "value" : [ "\"Initial Population\"" ]
                     } ]
                  } ]
               }
            } ],
            "expression" : {
               "localId" : "52",
               "locator" : "30:3-30:22",
               "name" : "Initial Population",
               "type" : "ExpressionRef"
            }
         }, {
            "localId" : "64",
            "locator" : "32:1-35:3",
            "name" : "Denominator Exception",
            "context" : "Patient",
            "accessLevel" : "Public",
            "annotation" : [ {
               "type" : "Annotation",
               "s" : {
                  "r" : "64",
                  "s" : [ {
                     "value" : [ "","define ","\"Denominator Exception\"",":\n  " ]
                  }, {
                     "r" : "63",
                     "s" : [ {
                        "value" : [ "exists " ]
                     }, {
                        "r" : "62",
                        "s" : [ {
                           "value" : [ "( " ]
                        }, {
                           "r" : "62",
                           "s" : [ {
                              "s" : [ {
                                 "r" : "55",
                                 "s" : [ {
                                    "r" : "54",
                                    "s" : [ {
                                       "r" : "54",
                                       "s" : [ {
                                          "value" : [ "[","\"Patient Characteristic Expired\"",": " ]
                                       }, {
                                          "s" : [ {
                                             "value" : [ "\"Dead (finding)\"" ]
                                          } ]
                                       }, {
                                          "value" : [ "]" ]
                                       } ]
                                    } ]
                                 }, {
                                    "value" : [ " ","Deceased" ]
                                 } ]
                              } ]
                           }, {
                              "value" : [ "\n      " ]
                           }, {
                              "r" : "61",
                              "s" : [ {
                                 "value" : [ "where " ]
                              }, {
                                 "r" : "61",
                                 "s" : [ {
                                    "r" : "58",
                                    "s" : [ {
                                       "value" : [ "ToDate","(" ]
                                    }, {
                                       "r" : "57",
                                       "s" : [ {
                                          "r" : "56",
                                          "s" : [ {
                                             "value" : [ "Deceased" ]
                                          } ]
                                       }, {
                                          "value" : [ "." ]
                                       }, {
                                          "r" : "57",
                                          "s" : [ {
                                             "value" : [ "expiredDatetime" ]
                                          } ]
                                       } ]
                                    }, {
                                       "value" : [ ")" ]
                                    } ]
                                 }, {
                                    "r" : "61",
                                    "value" : [ " ","occurs on or before day of"," " ]
                                 }, {
                                    "r" : "60",
                                    "s" : [ {
                                       "value" : [ "end of " ]
                                    }, {
                                       "r" : "59",
                                       "s" : [ {
                                          "value" : [ "\"Measurement Period\"" ]
                                       } ]
                                    } ]
                                 } ]
                              } ]
                           } ]
                        }, {
                           "value" : [ "\n  )" ]
                        } ]
                     } ]
                  } ]
               }
            } ],
            "expression" : {
               "localId" : "63",
               "locator" : "33:3-35:3",
               "type" : "Exists",
               "operand" : {
                  "localId" : "62",
                  "locator" : "33:10-35:3",
                  "type" : "Query",
                  "source" : [ {
                     "localId" : "55",
                     "locator" : "33:12-33:72",
                     "alias" : "Deceased",
                     "expression" : {
                        "localId" : "54",
                        "locator" : "33:12-33:63",
                        "dataType" : "{urn:healthit-gov:qdm:v5_6}PatientCharacteristicExpired",
                        "codeProperty" : "code",
                        "codeComparator" : "~",
                        "type" : "Retrieve",
                        "codes" : {
                           "type" : "ToList",
                           "operand" : {
                              "locator" : "33:47-33:62",
                              "name" : "Dead (finding)",
                              "type" : "CodeRef"
                           }
                        }
                     }
                  } ],
                  "relationship" : [ ],
                  "where" : {
                     "localId" : "61",
                     "locator" : "34:7-34:99",
                     "precision" : "Day",
                     "type" : "SameOrBefore",
                     "operand" : [ {
                        "type" : "ToDateTime",
                        "operand" : {
                           "localId" : "58",
                           "locator" : "34:13-34:44",
                           "type" : "ToDate",
                           "operand" : {
                              "localId" : "57",
                              "locator" : "34:20-34:43",
                              "path" : "expiredDatetime",
                              "scope" : "Deceased",
                              "type" : "Property"
                           }
                        }
                     }, {
                        "localId" : "60",
                        "locator" : "34:73-34:99",
                        "type" : "End",
                        "operand" : {
                           "localId" : "59",
                           "locator" : "34:80-34:99",
                           "name" : "Measurement Period",
                           "type" : "ParameterRef"
                        }
                     } ]
                  }
               }
            }
         }, {
            "localId" : "74",
            "locator" : "37:1-40:3",
            "name" : "Denominator Exclusions",
            "context" : "Patient",
            "accessLevel" : "Public",
            "annotation" : [ {
               "type" : "Annotation",
               "s" : {
                  "r" : "74",
                  "s" : [ {
                     "value" : [ "","define ","\"Denominator Exclusions\"",":\n  " ]
                  }, {
                     "r" : "73",
                     "s" : [ {
                        "value" : [ "exists " ]
                     }, {
                        "r" : "72",
                        "s" : [ {
                           "value" : [ "( " ]
                        }, {
                           "r" : "72",
                           "s" : [ {
                              "s" : [ {
                                 "r" : "66",
                                 "s" : [ {
                                    "r" : "65",
                                    "s" : [ {
                                       "r" : "65",
                                       "s" : [ {
                                          "value" : [ "[","\"Diagnosis\"",": " ]
                                       }, {
                                          "s" : [ {
                                             "value" : [ "\"HIV\"" ]
                                          } ]
                                       }, {
                                          "value" : [ "]" ]
                                       } ]
                                    } ]
                                 }, {
                                    "value" : [ " ","HIV" ]
                                 } ]
                              } ]
                           }, {
                              "value" : [ "\n      " ]
                           }, {
                              "r" : "71",
                              "s" : [ {
                                 "value" : [ "where " ]
                              }, {
                                 "r" : "71",
                                 "s" : [ {
                                    "r" : "68",
                                    "s" : [ {
                                       "r" : "67",
                                       "s" : [ {
                                          "value" : [ "HIV" ]
                                       } ]
                                    }, {
                                       "value" : [ "." ]
                                    }, {
                                       "r" : "68",
                                       "s" : [ {
                                          "value" : [ "prevalencePeriod" ]
                                       } ]
                                    } ]
                                 }, {
                                    "r" : "71",
                                    "value" : [ " ","starts before day of"," " ]
                                 }, {
                                    "r" : "70",
                                    "s" : [ {
                                       "value" : [ "start of " ]
                                    }, {
                                       "r" : "69",
                                       "s" : [ {
                                          "value" : [ "\"Measurement Period\"" ]
                                       } ]
                                    } ]
                                 } ]
                              } ]
                           } ]
                        }, {
                           "value" : [ "\n  )" ]
                        } ]
                     } ]
                  } ]
               }
            } ],
            "expression" : {
               "localId" : "73",
               "locator" : "38:3-40:3",
               "type" : "Exists",
               "operand" : {
                  "localId" : "72",
                  "locator" : "38:10-40:3",
                  "type" : "Query",
                  "source" : [ {
                     "localId" : "66",
                     "locator" : "38:12-38:35",
                     "alias" : "HIV",
                     "expression" : {
                        "localId" : "65",
                        "locator" : "38:12-38:31",
                        "dataType" : "{urn:healthit-gov:qdm:v5_6}Diagnosis",
                        "codeProperty" : "code",
                        "codeComparator" : "in",
                        "type" : "Retrieve",
                        "codes" : {
                           "locator" : "38:26-38:30",
                           "name" : "HIV",
                           "preserve" : true,
                           "type" : "ValueSetRef"
                        }
                     }
                  } ],
                  "relationship" : [ ],
                  "where" : {
                     "localId" : "71",
                     "locator" : "39:7-39:83",
                     "precision" : "Day",
                     "type" : "Before",
                     "operand" : [ {
                        "locator" : "39:34-39:39",
                        "type" : "Start",
                        "operand" : {
                           "localId" : "68",
                           "locator" : "39:13-39:32",
                           "path" : "prevalencePeriod",
                           "scope" : "HIV",
                           "type" : "Property"
                        }
                     }, {
                        "localId" : "70",
                        "locator" : "39:55-39:83",
                        "type" : "Start",
                        "operand" : {
                           "localId" : "69",
                           "locator" : "39:64-39:83",
                           "name" : "Measurement Period",
                           "type" : "ParameterRef"
                        }
                     } ]
                  }
               }
            }
         }, {
            "localId" : "117",
            "locator" : "69:1-76:7",
            "name" : "Has HIV Test Performed",
            "context" : "Patient",
            "accessLevel" : "Public",
            "annotation" : [ {
               "type" : "Annotation",
               "s" : {
                  "r" : "117",
                  "s" : [ {
                     "value" : [ "","define ","\"Has HIV Test Performed\"",":\n  " ]
                  }, {
                     "r" : "116",
                     "s" : [ {
                        "value" : [ "exists " ]
                     }, {
                        "r" : "115",
                        "s" : [ {
                           "s" : [ {
                              "r" : "78",
                              "s" : [ {
                                 "r" : "77",
                                 "s" : [ {
                                    "value" : [ "( " ]
                                 }, {
                                    "r" : "77",
                                    "s" : [ {
                                       "r" : "75",
                                       "s" : [ {
                                          "value" : [ "[","\"Laboratory Test, Performed\"",": " ]
                                       }, {
                                          "s" : [ {
                                             "value" : [ "\"HIV Lab Tests\"" ]
                                          } ]
                                       }, {
                                          "value" : [ "]" ]
                                       } ]
                                    }, {
                                       "value" : [ "\n    union " ]
                                    }, {
                                       "r" : "76",
                                       "s" : [ {
                                          "value" : [ "[","\"Laboratory Test, Performed\"",": " ]
                                       }, {
                                          "s" : [ {
                                             "value" : [ "\"HIV 1 and 2 tests - Meaningful Use set\"" ]
                                          } ]
                                       }, {
                                          "value" : [ "]" ]
                                       } ]
                                    } ]
                                 }, {
                                    "value" : [ " )" ]
                                 } ]
                              }, {
                                 "value" : [ " ","HIVTest" ]
                              } ]
                           } ]
                        }, {
                           "value" : [ "\n    " ]
                        }, {
                           "r" : "114",
                           "s" : [ {
                              "value" : [ "where " ]
                           }, {
                              "r" : "114",
                              "s" : [ {
                                 "r" : "98",
                                 "s" : [ {
                                    "r" : "81",
                                    "s" : [ {
                                       "r" : "80",
                                       "s" : [ {
                                          "r" : "79",
                                          "s" : [ {
                                             "value" : [ "HIVTest" ]
                                          } ]
                                       }, {
                                          "value" : [ "." ]
                                       }, {
                                          "r" : "80",
                                          "s" : [ {
                                             "value" : [ "result" ]
                                          } ]
                                       } ]
                                    }, {
                                       "value" : [ " is not null" ]
                                    } ]
                                 }, {
                                    "value" : [ "\n      and " ]
                                 }, {
                                    "r" : "97",
                                    "s" : [ {
                                       "r" : "93",
                                       "s" : [ {
                                          "value" : [ "AgeInYearsAt","(" ]
                                       }, {
                                          "r" : "92",
                                          "s" : [ {
                                             "value" : [ "Coalesce","(" ]
                                          }, {
                                             "r" : "89",
                                             "s" : [ {
                                                "value" : [ "date from " ]
                                             }, {
                                                "r" : "88",
                                                "s" : [ {
                                                   "value" : [ "start of " ]
                                                }, {
                                                   "r" : "87",
                                                   "s" : [ {
                                                      "r" : "82",
                                                      "s" : [ {
                                                         "value" : [ "Global" ]
                                                      } ]
                                                   }, {
                                                      "value" : [ "." ]
                                                   }, {
                                                      "r" : "87",
                                                      "s" : [ {
                                                         "value" : [ "\"NormalizeInterval\"","(" ]
                                                      }, {
                                                         "r" : "84",
                                                         "s" : [ {
                                                            "r" : "83",
                                                            "s" : [ {
                                                               "value" : [ "HIVTest" ]
                                                            } ]
                                                         }, {
                                                            "value" : [ "." ]
                                                         }, {
                                                            "r" : "84",
                                                            "s" : [ {
                                                               "value" : [ "relevantDatetime" ]
                                                            } ]
                                                         } ]
                                                      }, {
                                                         "value" : [ ", " ]
                                                      }, {
                                                         "r" : "86",
                                                         "s" : [ {
                                                            "r" : "85",
                                                            "s" : [ {
                                                               "value" : [ "HIVTest" ]
                                                            } ]
                                                         }, {
                                                            "value" : [ "." ]
                                                         }, {
                                                            "r" : "86",
                                                            "s" : [ {
                                                               "value" : [ "relevantPeriod" ]
                                                            } ]
                                                         } ]
                                                      }, {
                                                         "value" : [ ")" ]
                                                      } ]
                                                   } ]
                                                } ]
                                             } ]
                                          }, {
                                             "value" : [ ", " ]
                                          }, {
                                             "r" : "91",
                                             "s" : [ {
                                                "r" : "90",
                                                "s" : [ {
                                                   "value" : [ "HIVTest" ]
                                                } ]
                                             }, {
                                                "value" : [ "." ]
                                             }, {
                                                "r" : "91",
                                                "s" : [ {
                                                   "value" : [ "resultDatetime" ]
                                                } ]
                                             } ]
                                          }, {
                                             "value" : [ ")" ]
                                          } ]
                                       }, {
                                          "value" : [ ")" ]
                                       } ]
                                    }, {
                                       "value" : [ " in " ]
                                    }, {
                                       "r" : "96",
                                       "s" : [ {
                                          "r" : "94",
                                          "value" : [ "Interval[","15",", ","65","]" ]
                                       } ]
                                    } ]
                                 } ]
                              }, {
                                 "value" : [ "\n      and " ]
                              }, {
                                 "r" : "113",
                                 "s" : [ {
                                    "value" : [ "( " ]
                                 }, {
                                    "r" : "113",
                                    "s" : [ {
                                       "r" : "107",
                                       "s" : [ {
                                          "r" : "104",
                                          "s" : [ {
                                             "r" : "99",
                                             "s" : [ {
                                                "value" : [ "Global" ]
                                             } ]
                                          }, {
                                             "value" : [ "." ]
                                          }, {
                                             "r" : "104",
                                             "s" : [ {
                                                "value" : [ "\"NormalizeInterval\""," ( " ]
                                             }, {
                                                "r" : "101",
                                                "s" : [ {
                                                   "r" : "100",
                                                   "s" : [ {
                                                      "value" : [ "HIVTest" ]
                                                   } ]
                                                }, {
                                                   "value" : [ "." ]
                                                }, {
                                                   "r" : "101",
                                                   "s" : [ {
                                                      "value" : [ "relevantDatetime" ]
                                                   } ]
                                                } ]
                                             }, {
                                                "value" : [ ", " ]
                                             }, {
                                                "r" : "103",
                                                "s" : [ {
                                                   "r" : "102",
                                                   "s" : [ {
                                                      "value" : [ "HIVTest" ]
                                                   } ]
                                                }, {
                                                   "value" : [ "." ]
                                                }, {
                                                   "r" : "103",
                                                   "s" : [ {
                                                      "value" : [ "relevantPeriod" ]
                                                   } ]
                                                } ]
                                             }, {
                                                "value" : [ " )" ]
                                             } ]
                                          } ]
                                       }, {
                                          "r" : "107",
                                          "value" : [ " ","starts before day of"," " ]
                                       }, {
                                          "r" : "106",
                                          "s" : [ {
                                             "value" : [ "end of " ]
                                          }, {
                                             "r" : "105",
                                             "s" : [ {
                                                "value" : [ "\"Measurement Period\"" ]
                                             } ]
                                          } ]
                                       } ]
                                    }, {
                                       "value" : [ "\n          or " ]
                                    }, {
                                       "r" : "112",
                                       "s" : [ {
                                          "r" : "109",
                                          "s" : [ {
                                             "r" : "108",
                                             "s" : [ {
                                                "value" : [ "HIVTest" ]
                                             } ]
                                          }, {
                                             "value" : [ "." ]
                                          }, {
                                             "r" : "109",
                                             "s" : [ {
                                                "value" : [ "resultDatetime" ]
                                             } ]
                                          } ]
                                       }, {
                                          "r" : "112",
                                          "value" : [ " ","before"," " ]
                                       }, {
                                          "r" : "111",
                                          "s" : [ {
                                             "value" : [ "end of " ]
                                          }, {
                                             "r" : "110",
                                             "s" : [ {
                                                "value" : [ "\"Measurement Period\"" ]
                                             } ]
                                          } ]
                                       } ]
                                    } ]
                                 }, {
                                    "value" : [ "\n      )" ]
                                 } ]
                              } ]
                           } ]
                        } ]
                     } ]
                  } ]
               }
            } ],
            "expression" : {
               "localId" : "116",
               "locator" : "70:3-76:7",
               "type" : "Exists",
               "operand" : {
                  "localId" : "115",
                  "locator" : "70:10-76:7",
                  "type" : "Query",
                  "source" : [ {
                     "localId" : "78",
                     "locator" : "70:10-71:92",
                     "alias" : "HIVTest",
                     "expression" : {
                        "localId" : "77",
                        "locator" : "70:10-71:84",
                        "type" : "Union",
                        "operand" : [ {
                           "localId" : "75",
                           "locator" : "70:12-70:58",
                           "dataType" : "{urn:healthit-gov:qdm:v5_6}PositiveLaboratoryTestPerformed",
                           "templateId" : "PositiveLaboratoryTestPerformed",
                           "codeProperty" : "code",
                           "codeComparator" : "in",
                           "type" : "Retrieve",
                           "codes" : {
                              "locator" : "70:43-70:57",
                              "name" : "HIV Lab Tests",
                              "preserve" : true,
                              "type" : "ValueSetRef"
                           }
                        }, {
                           "localId" : "76",
                           "locator" : "71:11-71:82",
                           "dataType" : "{urn:healthit-gov:qdm:v5_6}PositiveLaboratoryTestPerformed",
                           "templateId" : "PositiveLaboratoryTestPerformed",
                           "codeProperty" : "code",
                           "codeComparator" : "~",
                           "type" : "Retrieve",
                           "codes" : {
                              "type" : "ToList",
                              "operand" : {
                                 "locator" : "71:42-71:81",
                                 "name" : "HIV 1 and 2 tests - Meaningful Use set",
                                 "type" : "CodeRef"
                              }
                           }
                        } ]
                     }
                  } ],
                  "relationship" : [ ],
                  "where" : {
                     "localId" : "114",
                     "locator" : "72:5-76:7",
                     "type" : "And",
                     "operand" : [ {
                        "localId" : "98",
                        "locator" : "72:11-73:173",
                        "type" : "And",
                        "operand" : [ {
                           "localId" : "81",
                           "locator" : "72:11-72:36",
                           "type" : "Not",
                           "operand" : {
                              "locator" : "72:11-72:36",
                              "type" : "IsNull",
                              "operand" : {
                                 "localId" : "80",
                                 "locator" : "72:11-72:24",
                                 "path" : "result",
                                 "scope" : "HIVTest",
                                 "type" : "Property"
                              }
                           }
                        }, {
                           "localId" : "97",
                           "locator" : "73:11-73:173",
                           "type" : "In",
                           "operand" : [ {
                              "localId" : "93",
                              "locator" : "73:11-73:153",
                              "precision" : "Year",
                              "type" : "CalculateAgeAt",
                              "operand" : [ {
                                 "path" : "birthDatetime",
                                 "type" : "Property",
                                 "source" : {
                                    "name" : "Patient",
                                    "type" : "ExpressionRef"
                                 }
                              }, {
                                 "localId" : "92",
                                 "locator" : "73:24-73:152",
                                 "type" : "Coalesce",
                                 "operand" : [ {
                                    "type" : "ToDateTime",
                                    "operand" : {
                                       "localId" : "89",
                                       "locator" : "73:33-73:127",
                                       "type" : "DateFrom",
                                       "operand" : {
                                          "localId" : "88",
                                          "locator" : "73:43-73:127",
                                          "type" : "Start",
                                          "operand" : {
                                             "localId" : "87",
                                             "locator" : "73:52-73:127",
                                             "name" : "NormalizeInterval",
                                             "libraryName" : "Global",
                                             "type" : "FunctionRef",
                                             "operand" : [ {
                                                "localId" : "84",
                                                "locator" : "73:79-73:102",
                                                "path" : "relevantDatetime",
                                                "scope" : "HIVTest",
                                                "type" : "Property"
                                             }, {
                                                "localId" : "86",
                                                "locator" : "73:105-73:126",
                                                "path" : "relevantPeriod",
                                                "scope" : "HIVTest",
                                                "type" : "Property"
                                             } ]
                                          }
                                       }
                                    }
                                 }, {
                                    "localId" : "91",
                                    "locator" : "73:130-73:151",
                                    "path" : "resultDatetime",
                                    "scope" : "HIVTest",
                                    "type" : "Property"
                                 } ]
                              } ]
                           }, {
                              "localId" : "96",
                              "locator" : "73:158-73:173",
                              "lowClosed" : true,
                              "highClosed" : true,
                              "type" : "Interval",
                              "low" : {
                                 "localId" : "94",
                                 "locator" : "73:167-73:168",
                                 "valueType" : "{urn:hl7-org:elm-types:r1}Integer",
                                 "value" : "15",
                                 "type" : "Literal"
                              },
                              "high" : {
                                 "localId" : "95",
                                 "locator" : "73:171-73:172",
                                 "valueType" : "{urn:hl7-org:elm-types:r1}Integer",
                                 "value" : "65",
                                 "type" : "Literal"
                              }
                           } ]
                        } ]
                     }, {
                        "localId" : "113",
                        "locator" : "74:11-76:7",
                        "type" : "Or",
                        "operand" : [ {
                           "localId" : "107",
                           "locator" : "74:13-74:140",
                           "precision" : "Day",
                           "type" : "Before",
                           "operand" : [ {
                              "locator" : "74:93-74:98",
                              "type" : "Start",
                              "operand" : {
                                 "localId" : "104",
                                 "locator" : "74:13-74:91",
                                 "name" : "NormalizeInterval",
                                 "libraryName" : "Global",
                                 "type" : "FunctionRef",
                                 "operand" : [ {
                                    "localId" : "101",
                                    "locator" : "74:42-74:65",
                                    "path" : "relevantDatetime",
                                    "scope" : "HIVTest",
                                    "type" : "Property"
                                 }, {
                                    "localId" : "103",
                                    "locator" : "74:68-74:89",
                                    "path" : "relevantPeriod",
                                    "scope" : "HIVTest",
                                    "type" : "Property"
                                 } ]
                              }
                           }, {
                              "localId" : "106",
                              "locator" : "74:114-74:140",
                              "type" : "End",
                              "operand" : {
                                 "localId" : "105",
                                 "locator" : "74:121-74:140",
                                 "name" : "Measurement Period",
                                 "type" : "ParameterRef"
                              }
                           } ]
                        }, {
                           "localId" : "112",
                           "locator" : "75:14-75:70",
                           "type" : "Before",
                           "operand" : [ {
                              "localId" : "109",
                              "locator" : "75:14-75:35",
                              "path" : "resultDatetime",
                              "scope" : "HIVTest",
                              "type" : "Property"
                           }, {
                              "localId" : "111",
                              "locator" : "75:44-75:70",
                              "type" : "End",
                              "operand" : {
                                 "localId" : "110",
                                 "locator" : "75:51-75:70",
                                 "name" : "Measurement Period",
                                 "type" : "ParameterRef"
                              }
                           } ]
                        } ]
                     } ]
                  }
               }
            }
         }, {
            "localId" : "119",
            "locator" : "46:1-47:30",
            "name" : "Numerator",
            "context" : "Patient",
            "accessLevel" : "Public",
            "annotation" : [ {
               "type" : "Annotation",
               "s" : {
                  "r" : "119",
                  "s" : [ {
                     "value" : [ "","define ","\"Numerator\"",":\n  " ]
                  }, {
                     "r" : "118",
                     "s" : [ {
                        "value" : [ "( " ]
                     }, {
                        "r" : "118",
                        "s" : [ {
                           "value" : [ "\"Has HIV Test Performed\"" ]
                        } ]
                     }, {
                        "value" : [ " )" ]
                     } ]
                  } ]
               }
            } ],
            "expression" : {
               "localId" : "118",
               "locator" : "47:3-47:30",
               "name" : "Has HIV Test Performed",
               "type" : "ExpressionRef"
            }
         }, {
            "localId" : "121",
            "locator" : "57:1-58:51",
            "name" : "SDE Ethnicity",
            "context" : "Patient",
            "accessLevel" : "Public",
            "annotation" : [ {
               "type" : "Annotation",
               "s" : {
                  "r" : "121",
                  "s" : [ {
                     "value" : [ "","define ","\"SDE Ethnicity\"",":\n  " ]
                  }, {
                     "r" : "120",
                     "s" : [ {
                        "value" : [ "[","\"Patient Characteristic Ethnicity\"",": " ]
                     }, {
                        "s" : [ {
                           "value" : [ "\"Ethnicity\"" ]
                        } ]
                     }, {
                        "value" : [ "]" ]
                     } ]
                  } ]
               }
            } ],
            "expression" : {
               "localId" : "120",
               "locator" : "58:3-58:51",
               "dataType" : "{urn:healthit-gov:qdm:v5_6}PatientCharacteristicEthnicity",
               "codeProperty" : "code",
               "codeComparator" : "in",
               "type" : "Retrieve",
               "codes" : {
                  "locator" : "58:40-58:50",
                  "name" : "Ethnicity",
                  "preserve" : true,
                  "type" : "ValueSetRef"
               }
            }
         }, {
            "localId" : "123",
            "locator" : "60:1-61:48",
            "name" : "SDE Payer",
            "context" : "Patient",
            "accessLevel" : "Public",
            "annotation" : [ {
               "type" : "Annotation",
               "s" : {
                  "r" : "123",
                  "s" : [ {
                     "value" : [ "","define ","\"SDE Payer\"",":\n  " ]
                  }, {
                     "r" : "122",
                     "s" : [ {
                        "value" : [ "[","\"Patient Characteristic Payer\"",": " ]
                     }, {
                        "s" : [ {
                           "value" : [ "\"Payer Type\"" ]
                        } ]
                     }, {
                        "value" : [ "]" ]
                     } ]
                  } ]
               }
            } ],
            "expression" : {
               "localId" : "122",
               "locator" : "61:3-61:48",
               "dataType" : "{urn:healthit-gov:qdm:v5_6}PatientCharacteristicPayer",
               "codeProperty" : "code",
               "codeComparator" : "in",
               "type" : "Retrieve",
               "codes" : {
                  "locator" : "61:36-61:47",
                  "name" : "Payer Type",
                  "preserve" : true,
                  "type" : "ValueSetRef"
               }
            }
         }, {
            "localId" : "125",
            "locator" : "63:1-64:41",
            "name" : "SDE Race",
            "context" : "Patient",
            "accessLevel" : "Public",
            "annotation" : [ {
               "type" : "Annotation",
               "s" : {
                  "r" : "125",
                  "s" : [ {
                     "value" : [ "","define ","\"SDE Race\"",":\n  " ]
                  }, {
                     "r" : "124",
                     "s" : [ {
                        "value" : [ "[","\"Patient Characteristic Race\"",": " ]
                     }, {
                        "s" : [ {
                           "value" : [ "\"Race\"" ]
                        } ]
                     }, {
                        "value" : [ "]" ]
                     } ]
                  } ]
               }
            } ],
            "expression" : {
               "localId" : "124",
               "locator" : "64:3-64:41",
               "dataType" : "{urn:healthit-gov:qdm:v5_6}PatientCharacteristicRace",
               "codeProperty" : "code",
               "codeComparator" : "in",
               "type" : "Retrieve",
               "codes" : {
                  "locator" : "64:35-64:40",
                  "name" : "Race",
                  "preserve" : true,
                  "type" : "ValueSetRef"
               }
            }
         }, {
            "localId" : "127",
            "locator" : "66:1-67:58",
            "name" : "SDE Sex",
            "context" : "Patient",
            "accessLevel" : "Public",
            "annotation" : [ {
               "type" : "Annotation",
               "s" : {
                  "r" : "127",
                  "s" : [ {
                     "value" : [ "","define ","\"SDE Sex\"",":\n  " ]
                  }, {
                     "r" : "126",
                     "s" : [ {
                        "value" : [ "[","\"Patient Characteristic Sex\"",": " ]
                     }, {
                        "s" : [ {
                           "value" : [ "\"ONC Administrative Sex\"" ]
                        } ]
                     }, {
                        "value" : [ "]" ]
                     } ]
                  } ]
               }
            } ],
            "expression" : {
               "localId" : "126",
               "locator" : "67:3-67:58",
               "dataType" : "{urn:healthit-gov:qdm:v5_6}PatientCharacteristicSex",
               "codeProperty" : "code",
               "codeComparator" : "in",
               "type" : "Retrieve",
               "codes" : {
                  "locator" : "67:34-67:57",
                  "name" : "ONC Administrative Sex",
                  "preserve" : true,
                  "type" : "ValueSetRef"
               }
            }
         } ]
      }
   }
}