{
   "library" : {
      "annotation" : [ {
         "translatorOptions" : "EnableAnnotations,EnableLocators,DisableListDemotion,DisableListPromotion,DisableMethodInvocation",
         "type" : "CqlToElmInfo"
      }, {
         "type" : "Annotation",
         "s" : {
            "r" : "130",
            "s" : [ {
               "value" : [ "","library HospitalHarmOpioidRelatedAdverseEvents version '1.0.000'" ]
            } ]
         }
      } ],
      "identifier" : {
         "id" : "HospitalHarmOpioidRelatedAdverseEvents",
         "version" : "1.0.000"
      },
      "schemaIdentifier" : {
         "id" : "urn:hl7-org:elm",
         "version" : "r1"
      },
      "usings" : {
         "def" : [ {
            "localIdentifier" : "System",
            "uri" : "urn:hl7-org:elm-types:r1"
         }, {
            "localId" : "1",
            "locator" : "3:1-3:23",
            "localIdentifier" : "QDM",
            "uri" : "urn:healthit-gov:qdm:v5_6",
            "version" : "5.6",
            "annotation" : [ {
               "type" : "Annotation",
               "s" : {
                  "r" : "1",
                  "s" : [ {
                     "value" : [ "","using " ]
                  }, {
                     "s" : [ {
                        "value" : [ "QDM" ]
                     } ]
                  }, {
                     "value" : [ " version ","'5.6'" ]
                  } ]
               }
            } ]
         } ]
      },
      "includes" : {
         "def" : [ {
            "localId" : "2",
            "locator" : "5:1-5:64",
            "localIdentifier" : "Global",
            "path" : "MATGlobalCommonFunctions",
            "version" : "7.0.000",
            "annotation" : [ {
               "type" : "Annotation",
               "s" : {
                  "r" : "2",
                  "s" : [ {
                     "value" : [ "","include " ]
                  }, {
                     "s" : [ {
                        "value" : [ "MATGlobalCommonFunctions" ]
                     } ]
                  }, {
                     "value" : [ " version ","'7.0.000'"," called ","Global" ]
                  } ]
               }
            } ]
         } ]
      },
      "parameters" : {
         "def" : [ {
            "localId" : "15",
            "locator" : "19:1-19:49",
            "name" : "Measurement Period",
            "accessLevel" : "Public",
            "annotation" : [ {
               "type" : "Annotation",
               "s" : {
                  "r" : "15",
                  "s" : [ {
                     "value" : [ "","parameter ","\"Measurement Period\""," " ]
                  }, {
                     "r" : "14",
                     "s" : [ {
                        "value" : [ "Interval<" ]
                     }, {
                        "r" : "13",
                        "s" : [ {
                           "value" : [ "DateTime" ]
                        } ]
                     }, {
                        "value" : [ ">" ]
                     } ]
                  } ]
               }
            } ],
            "parameterTypeSpecifier" : {
               "localId" : "14",
               "locator" : "19:32-19:49",
               "type" : "IntervalTypeSpecifier",
               "pointType" : {
                  "localId" : "13",
                  "locator" : "19:41-19:48",
                  "name" : "{urn:hl7-org:elm-types:r1}DateTime",
                  "type" : "NamedTypeSpecifier"
               }
            }
         } ]
      },
      "codeSystems" : {
         "def" : [ {
            "localId" : "3",
            "locator" : "7:1-7:53",
            "name" : "HSLOC",
            "id" : "urn:oid:2.16.840.1.113883.6.259",
            "accessLevel" : "Public",
            "annotation" : [ {
               "type" : "Annotation",
               "s" : {
                  "r" : "3",
                  "s" : [ {
                     "value" : [ "","codesystem ","\"HSLOC\"",": ","'urn:oid:2.16.840.1.113883.6.259'" ]
                  } ]
               }
            } ]
         } ]
      },
      "valueSets" : {
         "def" : [ {
            "localId" : "4",
            "locator" : "9:1-9:71",
            "name" : "Encounter Inpatient",
            "id" : "urn:oid:2.16.840.1.113883.3.666.5.307",
            "accessLevel" : "Public",
            "annotation" : [ {
               "type" : "Annotation",
               "s" : {
                  "r" : "4",
                  "s" : [ {
                     "value" : [ "","valueset ","\"Encounter Inpatient\"",": ","'urn:oid:2.16.840.1.113883.3.666.5.307'" ]
                  } ]
               }
            } ]
         }, {
            "localId" : "5",
            "locator" : "10:1-10:58",
            "name" : "Ethnicity",
            "id" : "urn:oid:2.16.840.1.114222.4.11.837",
            "accessLevel" : "Public",
            "annotation" : [ {
               "type" : "Annotation",
               "s" : {
                  "r" : "5",
                  "s" : [ {
                     "value" : [ "","valueset ","\"Ethnicity\"",": ","'urn:oid:2.16.840.1.114222.4.11.837'" ]
                  } ]
               }
            } ]
         }, {
            "localId" : "6",
            "locator" : "11:1-11:68",
            "name" : "ONC Administrative Sex",
            "id" : "urn:oid:2.16.840.1.113762.1.4.1",
            "accessLevel" : "Public",
            "annotation" : [ {
               "type" : "Annotation",
               "s" : {
                  "r" : "6",
                  "s" : [ {
                     "value" : [ "","valueset ","\"ONC Administrative Sex\"",": ","'urn:oid:2.16.840.1.113762.1.4.1'" ]
                  } ]
               }
            } ]
         }, {
            "localId" : "7",
            "locator" : "12:1-12:70",
            "name" : "Opioid Antagonist",
            "id" : "urn:oid:2.16.840.1.113762.1.4.1248.119",
            "accessLevel" : "Public",
            "annotation" : [ {
               "type" : "Annotation",
               "s" : {
                  "r" : "7",
                  "s" : [ {
                     "value" : [ "","valueset ","\"Opioid Antagonist\"",": ","'urn:oid:2.16.840.1.113762.1.4.1248.119'" ]
                  } ]
               }
            } ]
         }, {
            "localId" : "8",
            "locator" : "13:1-13:65",
            "name" : "Opioids, All",
            "id" : "urn:oid:2.16.840.1.113762.1.4.1196.226",
            "accessLevel" : "Public",
            "annotation" : [ {
               "type" : "Annotation",
               "s" : {
                  "r" : "8",
                  "s" : [ {
                     "value" : [ "","valueset ","\"Opioids, All\"",": ","'urn:oid:2.16.840.1.113762.1.4.1196.226'" ]
                  } ]
               }
            } ]
         }, {
            "localId" : "9",
            "locator" : "14:1-14:55",
            "name" : "Payer",
            "id" : "urn:oid:2.16.840.1.114222.4.11.3591",
            "accessLevel" : "Public",
            "annotation" : [ {
               "type" : "Annotation",
               "s" : {
                  "r" : "9",
                  "s" : [ {
                     "value" : [ "","valueset ","\"Payer\"",": ","'urn:oid:2.16.840.1.114222.4.11.3591'" ]
                  } ]
               }
            } ]
         }, {
            "localId" : "10",
            "locator" : "15:1-15:53",
            "name" : "Race",
            "id" : "urn:oid:2.16.840.1.114222.4.11.836",
            "accessLevel" : "Public",
            "annotation" : [ {
               "type" : "Annotation",
               "s" : {
                  "r" : "10",
                  "s" : [ {
                     "value" : [ "","valueset ","\"Race\"",": ","'urn:oid:2.16.840.1.114222.4.11.836'" ]
                  } ]
               }
            } ]
         } ]
      },
      "codes" : {
         "def" : [ {
            "localId" : "12",
            "locator" : "17:1-17:81",
            "name" : "Operating Room/Suite",
            "id" : "1096-7",
            "display" : "Operating Room/Suite",
            "accessLevel" : "Public",
            "annotation" : [ {
               "type" : "Annotation",
               "s" : {
                  "r" : "12",
                  "s" : [ {
                     "value" : [ "","code ","\"Operating Room/Suite\"",": ","'1096-7'"," from " ]
                  }, {
                     "r" : "11",
                     "s" : [ {
                        "value" : [ "\"HSLOC\"" ]
                     } ]
                  }, {
                     "value" : [ " display ","'Operating Room/Suite'" ]
                  } ]
               }
            } ],
            "codeSystem" : {
               "localId" : "11",
               "locator" : "17:44-17:50",
               "name" : "HSLOC"
            }
         } ]
      },
      "contexts" : {
         "def" : [ {
            "locator" : "21:1-21:15",
            "name" : "Patient"
         } ]
      },
      "statements" : {
         "def" : [ {
            "locator" : "21:1-21:15",
            "name" : "Patient",
            "context" : "Patient",
            "expression" : {
               "type" : "SingletonFrom",
               "operand" : {
                  "locator" : "21:1-21:15",
                  "dataType" : "{urn:healthit-gov:qdm:v5_6}Patient",
                  "templateId" : "Patient",
                  "type" : "Retrieve"
               }
            }
         }, {
            "localId" : "17",
            "locator" : "23:1-24:51",
            "name" : "SDE Ethnicity",
            "context" : "Patient",
            "accessLevel" : "Public",
            "annotation" : [ {
               "type" : "Annotation",
               "s" : {
                  "r" : "17",
                  "s" : [ {
                     "value" : [ "","define ","\"SDE Ethnicity\"",":\n  " ]
                  }, {
                     "r" : "16",
                     "s" : [ {
                        "value" : [ "[","\"Patient Characteristic Ethnicity\"",": " ]
                     }, {
                        "s" : [ {
                           "value" : [ "\"Ethnicity\"" ]
                        } ]
                     }, {
                        "value" : [ "]" ]
                     } ]
                  } ]
               }
            } ],
            "expression" : {
               "localId" : "16",
               "locator" : "24:3-24:51",
               "dataType" : "{urn:healthit-gov:qdm:v5_6}PatientCharacteristicEthnicity",
               "codeProperty" : "code",
               "codeComparator" : "in",
               "type" : "Retrieve",
               "codes" : {
                  "locator" : "24:40-24:50",
                  "name" : "Ethnicity",
                  "type" : "ValueSetRef"
               }
            }
         }, {
            "localId" : "19",
            "locator" : "26:1-27:43",
            "name" : "SDE Payer",
            "context" : "Patient",
            "accessLevel" : "Public",
            "annotation" : [ {
               "type" : "Annotation",
               "s" : {
                  "r" : "19",
                  "s" : [ {
                     "value" : [ "","define ","\"SDE Payer\"",":\n  " ]
                  }, {
                     "r" : "18",
                     "s" : [ {
                        "value" : [ "[","\"Patient Characteristic Payer\"",": " ]
                     }, {
                        "s" : [ {
                           "value" : [ "\"Payer\"" ]
                        } ]
                     }, {
                        "value" : [ "]" ]
                     } ]
                  } ]
               }
            } ],
            "expression" : {
               "localId" : "18",
               "locator" : "27:3-27:43",
               "dataType" : "{urn:healthit-gov:qdm:v5_6}PatientCharacteristicPayer",
               "codeProperty" : "code",
               "codeComparator" : "in",
               "type" : "Retrieve",
               "codes" : {
                  "locator" : "27:36-27:42",
                  "name" : "Payer",
                  "type" : "ValueSetRef"
               }
            }
         }, {
            "localId" : "21",
            "locator" : "29:1-30:41",
            "name" : "SDE Race",
            "context" : "Patient",
            "accessLevel" : "Public",
            "annotation" : [ {
               "type" : "Annotation",
               "s" : {
                  "r" : "21",
                  "s" : [ {
                     "value" : [ "","define ","\"SDE Race\"",":\n  " ]
                  }, {
                     "r" : "20",
                     "s" : [ {
                        "value" : [ "[","\"Patient Characteristic Race\"",": " ]
                     }, {
                        "s" : [ {
                           "value" : [ "\"Race\"" ]
                        } ]
                     }, {
                        "value" : [ "]" ]
                     } ]
                  } ]
               }
            } ],
            "expression" : {
               "localId" : "20",
               "locator" : "30:3-30:41",
               "dataType" : "{urn:healthit-gov:qdm:v5_6}PatientCharacteristicRace",
               "codeProperty" : "code",
               "codeComparator" : "in",
               "type" : "Retrieve",
               "codes" : {
                  "locator" : "30:35-30:40",
                  "name" : "Race",
                  "type" : "ValueSetRef"
               }
            }
         }, {
            "localId" : "23",
            "locator" : "32:1-33:58",
            "name" : "SDE Sex",
            "context" : "Patient",
            "accessLevel" : "Public",
            "annotation" : [ {
               "type" : "Annotation",
               "s" : {
                  "r" : "23",
                  "s" : [ {
                     "value" : [ "","define ","\"SDE Sex\"",":\n  " ]
                  }, {
                     "r" : "22",
                     "s" : [ {
                        "value" : [ "[","\"Patient Characteristic Sex\"",": " ]
                     }, {
                        "s" : [ {
                           "value" : [ "\"ONC Administrative Sex\"" ]
                        } ]
                     }, {
                        "value" : [ "]" ]
                     } ]
                  } ]
               }
            } ],
            "expression" : {
               "localId" : "22",
               "locator" : "33:3-33:58",
               "dataType" : "{urn:healthit-gov:qdm:v5_6}PatientCharacteristicSex",
               "codeProperty" : "code",
               "codeComparator" : "in",
               "type" : "Retrieve",
               "codes" : {
                  "locator" : "33:34-33:57",
                  "name" : "ONC Administrative Sex",
                  "type" : "ValueSetRef"
               }
            }
         }, {
            "localId" : "25",
            "locator" : "35:1-36:46",
            "name" : "Opioid Administration",
            "context" : "Patient",
            "accessLevel" : "Public",
            "annotation" : [ {
               "type" : "Annotation",
               "s" : {
                  "r" : "25",
                  "s" : [ {
                     "value" : [ "","define ","\"Opioid Administration\"",":\n  " ]
                  }, {
                     "r" : "24",
                     "s" : [ {
                        "value" : [ "[","\"Medication, Administered\"",": " ]
                     }, {
                        "s" : [ {
                           "value" : [ "\"Opioids, All\"" ]
                        } ]
                     }, {
                        "value" : [ "]" ]
                     } ]
                  } ]
               }
            } ],
            "expression" : {
               "localId" : "24",
               "locator" : "36:3-36:46",
               "dataType" : "{urn:healthit-gov:qdm:v5_6}PositiveMedicationAdministered",
               "templateId" : "PositiveMedicationAdministered",
               "codeProperty" : "code",
               "codeComparator" : "in",
               "type" : "Retrieve",
               "codes" : {
                  "locator" : "36:32-36:45",
                  "name" : "Opioids, All",
                  "type" : "ValueSetRef"
               }
            }
         }, {
            "localId" : "42",
            "locator" : "47:1-50:113",
            "name" : "Qualifying Encounter",
            "context" : "Patient",
            "accessLevel" : "Public",
            "annotation" : [ {
               "type" : "Annotation",
               "s" : {
                  "r" : "42",
                  "s" : [ {
                     "value" : [ "","define ","\"Qualifying Encounter\"",":\n  " ]
                  }, {
                     "r" : "41",
                     "s" : [ {
                        "s" : [ {
                           "r" : "27",
                           "s" : [ {
                              "r" : "26",
                              "s" : [ {
                                 "r" : "26",
                                 "s" : [ {
                                    "value" : [ "[","\"Encounter, Performed\"",": " ]
                                 }, {
                                    "s" : [ {
                                       "value" : [ "\"Encounter Inpatient\"" ]
                                    } ]
                                 }, {
                                    "value" : [ "]" ]
                                 } ]
                              } ]
                           }, {
                              "value" : [ " ","InpatientHospitalization" ]
                           } ]
                        } ]
                     }, {
                        "value" : [ "\n    " ]
                     }, {
                        "r" : "40",
                        "s" : [ {
                           "value" : [ "where " ]
                        }, {
                           "r" : "40",
                           "s" : [ {
                              "r" : "31",
                              "s" : [ {
                                 "r" : "29",
                                 "s" : [ {
                                    "r" : "28",
                                    "s" : [ {
                                       "value" : [ "InpatientHospitalization" ]
                                    } ]
                                 }, {
                                    "value" : [ "." ]
                                 }, {
                                    "r" : "29",
                                    "s" : [ {
                                       "value" : [ "relevantPeriod" ]
                                    } ]
                                 } ]
                              }, {
                                 "r" : "31",
                                 "value" : [ " ","ends during day of"," " ]
                              }, {
                                 "r" : "30",
                                 "s" : [ {
                                    "value" : [ "\"Measurement Period\"" ]
                                 } ]
                              } ]
                           }, {
                              "value" : [ "\n      and " ]
                           }, {
                              "r" : "39",
                              "s" : [ {
                                 "r" : "37",
                                 "s" : [ {
                                    "value" : [ "AgeInYearsAt","(" ]
                                 }, {
                                    "r" : "36",
                                    "s" : [ {
                                       "value" : [ "date from " ]
                                    }, {
                                       "r" : "35",
                                       "s" : [ {
                                          "value" : [ "start of " ]
                                       }, {
                                          "r" : "34",
                                          "s" : [ {
                                             "r" : "32",
                                             "s" : [ {
                                                "value" : [ "Global" ]
                                             } ]
                                          }, {
                                             "value" : [ "." ]
                                          }, {
                                             "r" : "34",
                                             "s" : [ {
                                                "value" : [ "\"HospitalizationWithObservation\"","(" ]
                                             }, {
                                                "r" : "33",
                                                "s" : [ {
                                                   "value" : [ "InpatientHospitalization" ]
                                                } ]
                                             }, {
                                                "value" : [ ")" ]
                                             } ]
                                          } ]
                                       } ]
                                    } ]
                                 }, {
                                    "value" : [ ")" ]
                                 } ]
                              }, {
                                 "r" : "38",
                                 "value" : [ ">="," ","18" ]
                              } ]
                           } ]
                        } ]
                     } ]
                  } ]
               }
            } ],
            "expression" : {
               "localId" : "41",
               "locator" : "48:3-50:113",
               "type" : "Query",
               "source" : [ {
                  "localId" : "27",
                  "locator" : "48:3-48:74",
                  "alias" : "InpatientHospitalization",
                  "expression" : {
                     "localId" : "26",
                     "locator" : "48:3-48:49",
                     "dataType" : "{urn:healthit-gov:qdm:v5_6}PositiveEncounterPerformed",
                     "templateId" : "PositiveEncounterPerformed",
                     "codeProperty" : "code",
                     "codeComparator" : "in",
                     "type" : "Retrieve",
                     "codes" : {
                        "locator" : "48:28-48:48",
                        "name" : "Encounter Inpatient",
                        "type" : "ValueSetRef"
                     }
                  }
               } ],
               "relationship" : [ ],
               "where" : {
                  "localId" : "40",
                  "locator" : "49:5-50:113",
                  "type" : "And",
                  "operand" : [ {
                     "localId" : "31",
                     "locator" : "49:11-49:89",
                     "precision" : "Day",
                     "type" : "In",
                     "operand" : [ {
                        "locator" : "49:51-49:54",
                        "type" : "End",
                        "operand" : {
                           "localId" : "29",
                           "locator" : "49:11-49:49",
                           "path" : "relevantPeriod",
                           "scope" : "InpatientHospitalization",
                           "type" : "Property"
                        }
                     }, {
                        "localId" : "30",
                        "locator" : "49:70-49:89",
                        "name" : "Measurement Period",
                        "type" : "ParameterRef"
                     } ]
                  }, {
                     "localId" : "39",
                     "locator" : "50:11-50:113",
                     "type" : "GreaterOrEqual",
                     "operand" : [ {
                        "localId" : "37",
                        "locator" : "50:11-50:108",
                        "precision" : "Year",
                        "type" : "CalculateAgeAt",
                        "operand" : [ {
                           "type" : "ToDate",
                           "operand" : {
                              "path" : "birthDatetime",
                              "type" : "Property",
                              "source" : {
                                 "name" : "Patient",
                                 "type" : "ExpressionRef"
                              }
                           }
                        }, {
                           "localId" : "36",
                           "locator" : "50:24-50:107",
                           "type" : "DateFrom",
                           "operand" : {
                              "localId" : "35",
                              "locator" : "50:34-50:107",
                              "type" : "Start",
                              "operand" : {
                                 "localId" : "34",
                                 "locator" : "50:43-50:107",
                                 "name" : "HospitalizationWithObservation",
                                 "libraryName" : "Global",
                                 "type" : "FunctionRef",
                                 "operand" : [ {
                                    "localId" : "33",
                                    "locator" : "50:83-50:106",
                                    "name" : "InpatientHospitalization",
                                    "type" : "AliasRef"
                                 } ]
                              }
                           }
                        } ]
                     }, {
                        "localId" : "38",
                        "locator" : "50:112-50:113",
                        "valueType" : "{urn:hl7-org:elm-types:r1}Integer",
                        "value" : "18",
                        "type" : "Literal"
                     } ]
                  } ]
               }
            }
         }, {
            "localId" : "59",
            "locator" : "52:1-55:178",
            "name" : "Encounter With Opioid Administration",
            "context" : "Patient",
            "accessLevel" : "Public",
            "annotation" : [ {
               "type" : "Annotation",
               "s" : {
                  "r" : "59",
                  "s" : [ {
                     "value" : [ "","define ","\"Encounter With Opioid Administration\"",":\n  " ]
                  }, {
                     "r" : "58",
                     "s" : [ {
                        "s" : [ {
                           "r" : "44",
                           "s" : [ {
                              "r" : "43",
                              "s" : [ {
                                 "s" : [ {
                                    "value" : [ "\"Qualifying Encounter\"" ]
                                 } ]
                              } ]
                           }, {
                              "value" : [ " ","InpatientEncounter" ]
                           } ]
                        } ]
                     }, {
                        "value" : [ "\n    " ]
                     }, {
                        "r" : "57",
                        "s" : [ {
                           "value" : [ "with " ]
                        }, {
                           "r" : "46",
                           "s" : [ {
                              "r" : "45",
                              "s" : [ {
                                 "s" : [ {
                                    "value" : [ "\"Opioid Administration\"" ]
                                 } ]
                              } ]
                           }, {
                              "value" : [ " ","OpioidGiven" ]
                           } ]
                        }, {
                           "value" : [ "\n      such that " ]
                        }, {
                           "r" : "56",
                           "s" : [ {
                              "r" : "52",
                              "s" : [ {
                                 "r" : "47",
                                 "s" : [ {
                                    "value" : [ "Global" ]
                                 } ]
                              }, {
                                 "value" : [ "." ]
                              }, {
                                 "r" : "52",
                                 "s" : [ {
                                    "value" : [ "\"NormalizeInterval\""," ( " ]
                                 }, {
                                    "r" : "49",
                                    "s" : [ {
                                       "r" : "48",
                                       "s" : [ {
                                          "value" : [ "OpioidGiven" ]
                                       } ]
                                    }, {
                                       "value" : [ "." ]
                                    }, {
                                       "r" : "49",
                                       "s" : [ {
                                          "value" : [ "relevantDatetime" ]
                                       } ]
                                    } ]
                                 }, {
                                    "value" : [ ", " ]
                                 }, {
                                    "r" : "51",
                                    "s" : [ {
                                       "r" : "50",
                                       "s" : [ {
                                          "value" : [ "OpioidGiven" ]
                                       } ]
                                    }, {
                                       "value" : [ "." ]
                                    }, {
                                       "r" : "51",
                                       "s" : [ {
                                          "value" : [ "relevantPeriod" ]
                                       } ]
                                    } ]
                                 }, {
                                    "value" : [ " )" ]
                                 } ]
                              } ]
                           }, {
                              "r" : "56",
                              "value" : [ " ","starts during"," " ]
                           }, {
                              "r" : "55",
                              "s" : [ {
                                 "r" : "53",
                                 "s" : [ {
                                    "value" : [ "Global" ]
                                 } ]
                              }, {
                                 "value" : [ "." ]
                              }, {
                                 "r" : "55",
                                 "s" : [ {
                                    "value" : [ "HospitalizationWithObservation"," ( " ]
                                 }, {
                                    "r" : "54",
                                    "s" : [ {
                                       "value" : [ "InpatientEncounter" ]
                                    } ]
                                 }, {
                                    "value" : [ " )" ]
                                 } ]
                              } ]
                           } ]
                        } ]
                     } ]
                  } ]
               }
            } ],
            "expression" : {
               "localId" : "58",
               "locator" : "53:3-55:178",
               "type" : "Query",
               "source" : [ {
                  "localId" : "44",
                  "locator" : "53:3-53:43",
                  "alias" : "InpatientEncounter",
                  "expression" : {
                     "localId" : "43",
                     "locator" : "53:3-53:24",
                     "name" : "Qualifying Encounter",
                     "type" : "ExpressionRef"
                  }
               } ],
               "relationship" : [ {
                  "localId" : "57",
                  "locator" : "54:5-55:178",
                  "alias" : "OpioidGiven",
                  "type" : "With",
                  "expression" : {
                     "localId" : "45",
                     "locator" : "54:10-54:32",
                     "name" : "Opioid Administration",
                     "type" : "ExpressionRef"
                  },
                  "suchThat" : {
                     "localId" : "56",
                     "locator" : "55:17-55:178",
                     "type" : "In",
                     "operand" : [ {
                        "locator" : "55:105-55:110",
                        "type" : "Start",
                        "operand" : {
                           "localId" : "52",
                           "locator" : "55:17-55:103",
                           "name" : "NormalizeInterval",
                           "libraryName" : "Global",
                           "type" : "FunctionRef",
                           "operand" : [ {
                              "localId" : "49",
                              "locator" : "55:46-55:73",
                              "path" : "relevantDatetime",
                              "scope" : "OpioidGiven",
                              "type" : "Property"
                           }, {
                              "localId" : "51",
                              "locator" : "55:76-55:101",
                              "path" : "relevantPeriod",
                              "scope" : "OpioidGiven",
                              "type" : "Property"
                           } ]
                        }
                     }, {
                        "localId" : "55",
                        "locator" : "55:119-55:178",
                        "name" : "HospitalizationWithObservation",
                        "libraryName" : "Global",
                        "type" : "FunctionRef",
                        "operand" : [ {
                           "localId" : "54",
                           "locator" : "55:159-55:176",
                           "name" : "InpatientEncounter",
                           "type" : "AliasRef"
                        } ]
                     } ]
                  }
               } ]
            }
         }, {
            "localId" : "61",
            "locator" : "41:1-42:40",
            "name" : "Initial Population",
            "context" : "Patient",
            "accessLevel" : "Public",
            "annotation" : [ {
               "type" : "Annotation",
               "s" : {
                  "r" : "61",
                  "s" : [ {
                     "value" : [ "","define ","\"Initial Population\"",":\n  " ]
                  }, {
                     "r" : "60",
                     "s" : [ {
                        "value" : [ "\"Encounter With Opioid Administration\"" ]
                     } ]
                  } ]
               }
            } ],
            "expression" : {
               "localId" : "60",
               "locator" : "42:3-42:40",
               "name" : "Encounter With Opioid Administration",
               "type" : "ExpressionRef"
            }
         }, {
            "localId" : "63",
            "locator" : "38:1-39:22",
            "name" : "Denominator",
            "context" : "Patient",
            "accessLevel" : "Public",
            "annotation" : [ {
               "type" : "Annotation",
               "s" : {
                  "r" : "63",
                  "s" : [ {
                     "value" : [ "","define ","\"Denominator\"",":\n  " ]
                  }, {
                     "r" : "62",
                     "s" : [ {
                        "value" : [ "\"Initial Population\"" ]
                     } ]
                  } ]
               }
            } ],
            "expression" : {
               "localId" : "62",
               "locator" : "39:3-39:22",
               "name" : "Initial Population",
               "type" : "ExpressionRef"
            }
         }, {
            "localId" : "130",
            "locator" : "57:1-71:37",
            "name" : "Encounter With Opioid Antagonist Administration Outside of Operating Room and Within 12 Hrs After Opioid",
            "context" : "Patient",
            "accessLevel" : "Public",
            "annotation" : [ {
               "type" : "Annotation",
               "s" : {
                  "r" : "130",
                  "s" : [ {
                     "value" : [ "","define ","\"Encounter With Opioid Antagonist Administration Outside of Operating Room and Within 12 Hrs After Opioid\"",":\n  // Opioids administered before opioid antagonist AND excludes opioid antagonist administered in operating room \n  " ]
                  }, {
                     "r" : "129",
                     "s" : [ {
                        "s" : [ {
                           "value" : [ "from\n    " ]
                        }, {
                           "r" : "65",
                           "s" : [ {
                              "r" : "64",
                              "s" : [ {
                                 "r" : "64",
                                 "s" : [ {
                                    "value" : [ "[","\"Medication, Administered\"",": " ]
                                 }, {
                                    "s" : [ {
                                       "value" : [ "\"Opioid Antagonist\"" ]
                                    } ]
                                 }, {
                                    "value" : [ "]" ]
                                 } ]
                              } ]
                           }, {
                              "value" : [ " ","OpioidAntagonistGiven" ]
                           } ]
                        }, {
                           "value" : [ ",\n    " ]
                        }, {
                           "r" : "67",
                           "s" : [ {
                              "r" : "66",
                              "s" : [ {
                                 "s" : [ {
                                    "value" : [ "\"Opioid Administration\"" ]
                                 } ]
                              } ]
                           }, {
                              "value" : [ " ","OpioidGiven" ]
                           } ]
                        }, {
                           "value" : [ ",\n    " ]
                        }, {
                           "r" : "69",
                           "s" : [ {
                              "r" : "68",
                              "s" : [ {
                                 "s" : [ {
                                    "value" : [ "\"Denominator\"" ]
                                 } ]
                              } ]
                           }, {
                              "value" : [ " ","EncounterWithQualifyingAge" ]
                           } ]
                        } ]
                     }, {
                        "value" : [ "\n    " ]
                     }, {
                        "r" : "126",
                        "s" : [ {
                           "value" : [ "where " ]
                        }, {
                           "r" : "126",
                           "s" : [ {
                              "r" : "88",
                              "s" : [ {
                                 "value" : [ "not " ]
                              }, {
                                 "r" : "87",
                                 "s" : [ {
                                    "value" : [ "exists " ]
                                 }, {
                                    "r" : "86",
                                    "s" : [ {
                                       "value" : [ "( " ]
                                    }, {
                                       "r" : "86",
                                       "s" : [ {
                                          "s" : [ {
                                             "r" : "71",
                                             "s" : [ {
                                                "r" : "70",
                                                "s" : [ {
                                                   "s" : [ {
                                                      "value" : [ "EncounterWithQualifyingAge",".","facilityLocations" ]
                                                   } ]
                                                } ]
                                             }, {
                                                "value" : [ " ","EncounterLocation" ]
                                             } ]
                                          } ]
                                       }, {
                                          "value" : [ "\n        " ]
                                       }, {
                                          "r" : "85",
                                          "s" : [ {
                                             "value" : [ "where " ]
                                          }, {
                                             "r" : "85",
                                             "s" : [ {
                                                "r" : "75",
                                                "s" : [ {
                                                   "r" : "73",
                                                   "s" : [ {
                                                      "r" : "72",
                                                      "s" : [ {
                                                         "value" : [ "EncounterLocation" ]
                                                      } ]
                                                   }, {
                                                      "value" : [ "." ]
                                                   }, {
                                                      "r" : "73",
                                                      "s" : [ {
                                                         "value" : [ "code" ]
                                                      } ]
                                                   } ]
                                                }, {
                                                   "value" : [ " ","~"," " ]
                                                }, {
                                                   "r" : "74",
                                                   "s" : [ {
                                                      "value" : [ "\"Operating Room/Suite\"" ]
                                                   } ]
                                                } ]
                                             }, {
                                                "value" : [ "\n          and " ]
                                             }, {
                                                "r" : "84",
                                                "s" : [ {
                                                   "r" : "81",
                                                   "s" : [ {
                                                      "r" : "76",
                                                      "s" : [ {
                                                         "value" : [ "Global" ]
                                                      } ]
                                                   }, {
                                                      "value" : [ "." ]
                                                   }, {
                                                      "r" : "81",
                                                      "s" : [ {
                                                         "value" : [ "\"NormalizeInterval\""," ( " ]
                                                      }, {
                                                         "r" : "78",
                                                         "s" : [ {
                                                            "r" : "77",
                                                            "s" : [ {
                                                               "value" : [ "OpioidAntagonistGiven" ]
                                                            } ]
                                                         }, {
                                                            "value" : [ "." ]
                                                         }, {
                                                            "r" : "78",
                                                            "s" : [ {
                                                               "value" : [ "relevantDatetime" ]
                                                            } ]
                                                         } ]
                                                      }, {
                                                         "value" : [ ", " ]
                                                      }, {
                                                         "r" : "80",
                                                         "s" : [ {
                                                            "r" : "79",
                                                            "s" : [ {
                                                               "value" : [ "OpioidAntagonistGiven" ]
                                                            } ]
                                                         }, {
                                                            "value" : [ "." ]
                                                         }, {
                                                            "r" : "80",
                                                            "s" : [ {
                                                               "value" : [ "relevantPeriod" ]
                                                            } ]
                                                         } ]
                                                      }, {
                                                         "value" : [ " )" ]
                                                      } ]
                                                   } ]
                                                }, {
                                                   "r" : "84",
                                                   "value" : [ " ","starts during"," " ]
                                                }, {
                                                   "r" : "83",
                                                   "s" : [ {
                                                      "r" : "82",
                                                      "s" : [ {
                                                         "value" : [ "EncounterLocation" ]
                                                      } ]
                                                   }, {
                                                      "value" : [ "." ]
                                                   }, {
                                                      "r" : "83",
                                                      "s" : [ {
                                                         "value" : [ "locationPeriod" ]
                                                      } ]
                                                   } ]
                                                } ]
                                             } ]
                                          } ]
                                       } ]
                                    }, {
                                       "value" : [ "\n    )" ]
                                    } ]
                                 } ]
                              } ]
                           }, {
                              "value" : [ "\n      and " ]
                           }, {
                              "r" : "125",
                              "s" : [ {
                                 "value" : [ "( " ]
                              }, {
                                 "r" : "125",
                                 "s" : [ {
                                    "r" : "109",
                                    "s" : [ {
                                       "r" : "98",
                                       "s" : [ {
                                          "r" : "94",
                                          "s" : [ {
                                             "r" : "89",
                                             "s" : [ {
                                                "value" : [ "Global" ]
                                             } ]
                                          }, {
                                             "value" : [ "." ]
                                          }, {
                                             "r" : "94",
                                             "s" : [ {
                                                "value" : [ "\"NormalizeInterval\""," ( " ]
                                             }, {
                                                "r" : "91",
                                                "s" : [ {
                                                   "r" : "90",
                                                   "s" : [ {
                                                      "value" : [ "OpioidAntagonistGiven" ]
                                                   } ]
                                                }, {
                                                   "value" : [ "." ]
                                                }, {
                                                   "r" : "91",
                                                   "s" : [ {
                                                      "value" : [ "relevantDatetime" ]
                                                   } ]
                                                } ]
                                             }, {
                                                "value" : [ ", " ]
                                             }, {
                                                "r" : "93",
                                                "s" : [ {
                                                   "r" : "92",
                                                   "s" : [ {
                                                      "value" : [ "OpioidAntagonistGiven" ]
                                                   } ]
                                                }, {
                                                   "value" : [ "." ]
                                                }, {
                                                   "r" : "93",
                                                   "s" : [ {
                                                      "value" : [ "relevantPeriod" ]
                                                   } ]
                                                } ]
                                             }, {
                                                "value" : [ " )" ]
                                             } ]
                                          } ]
                                       }, {
                                          "r" : "98",
                                          "value" : [ " ","starts during"," " ]
                                       }, {
                                          "r" : "97",
                                          "s" : [ {
                                             "r" : "95",
                                             "s" : [ {
                                                "value" : [ "Global" ]
                                             } ]
                                          }, {
                                             "value" : [ "." ]
                                          }, {
                                             "r" : "97",
                                             "s" : [ {
                                                "value" : [ "\"HospitalizationWithObservation\""," ( " ]
                                             }, {
                                                "r" : "96",
                                                "s" : [ {
                                                   "value" : [ "EncounterWithQualifyingAge" ]
                                                } ]
                                             }, {
                                                "value" : [ " )" ]
                                             } ]
                                          } ]
                                       } ]
                                    }, {
                                       "value" : [ "\n          and " ]
                                    }, {
                                       "r" : "108",
                                       "s" : [ {
                                          "r" : "104",
                                          "s" : [ {
                                             "r" : "99",
                                             "s" : [ {
                                                "value" : [ "Global" ]
                                             } ]
                                          }, {
                                             "value" : [ "." ]
                                          }, {
                                             "r" : "104",
                                             "s" : [ {
                                                "value" : [ "\"NormalizeInterval\""," ( " ]
                                             }, {
                                                "r" : "101",
                                                "s" : [ {
                                                   "r" : "100",
                                                   "s" : [ {
                                                      "value" : [ "OpioidGiven" ]
                                                   } ]
                                                }, {
                                                   "value" : [ "." ]
                                                }, {
                                                   "r" : "101",
                                                   "s" : [ {
                                                      "value" : [ "relevantDatetime" ]
                                                   } ]
                                                } ]
                                             }, {
                                                "value" : [ ", " ]
                                             }, {
                                                "r" : "103",
                                                "s" : [ {
                                                   "r" : "102",
                                                   "s" : [ {
                                                      "value" : [ "OpioidGiven" ]
                                                   } ]
                                                }, {
                                                   "value" : [ "." ]
                                                }, {
                                                   "r" : "103",
                                                   "s" : [ {
                                                      "value" : [ "relevantPeriod" ]
                                                   } ]
                                                } ]
                                             }, {
                                                "value" : [ " )" ]
                                             } ]
                                          } ]
                                       }, {
                                          "r" : "108",
                                          "value" : [ " ","starts during"," " ]
                                       }, {
                                          "r" : "107",
                                          "s" : [ {
                                             "r" : "105",
                                             "s" : [ {
                                                "value" : [ "Global" ]
                                             } ]
                                          }, {
                                             "value" : [ "." ]
                                          }, {
                                             "r" : "107",
                                             "s" : [ {
                                                "value" : [ "\"HospitalizationWithObservation\""," ( " ]
                                             }, {
                                                "r" : "106",
                                                "s" : [ {
                                                   "value" : [ "EncounterWithQualifyingAge" ]
                                                } ]
                                             }, {
                                                "value" : [ " )" ]
                                             } ]
                                          } ]
                                       } ]
                                    } ]
                                 }, {
                                    "value" : [ "\n          and " ]
                                 }, {
                                    "r" : "124",
                                    "s" : [ {
                                       "r" : "115",
                                       "s" : [ {
                                          "r" : "110",
                                          "s" : [ {
                                             "value" : [ "Global" ]
                                          } ]
                                       }, {
                                          "value" : [ "." ]
                                       }, {
                                          "r" : "115",
                                          "s" : [ {
                                             "value" : [ "\"NormalizeInterval\""," ( " ]
                                          }, {
                                             "r" : "112",
                                             "s" : [ {
                                                "r" : "111",
                                                "s" : [ {
                                                   "value" : [ "OpioidGiven" ]
                                                } ]
                                             }, {
                                                "value" : [ "." ]
                                             }, {
                                                "r" : "112",
                                                "s" : [ {
                                                   "value" : [ "relevantDatetime" ]
                                                } ]
                                             } ]
                                          }, {
                                             "value" : [ ", " ]
                                          }, {
                                             "r" : "114",
                                             "s" : [ {
                                                "r" : "113",
                                                "s" : [ {
                                                   "value" : [ "OpioidGiven" ]
                                                } ]
                                             }, {
                                                "value" : [ "." ]
                                             }, {
                                                "r" : "114",
                                                "s" : [ {
                                                   "value" : [ "relevantPeriod" ]
                                                } ]
                                             } ]
                                          }, {
                                             "value" : [ " )" ]
                                          } ]
                                       } ]
                                    }, {
                                       "value" : [ " " ]
                                    }, {
                                       "r" : "124",
                                       "s" : [ {
                                          "value" : [ "ends " ]
                                       }, {
                                          "r" : "123",
                                          "s" : [ {
                                             "value" : [ "12 ","hours" ]
                                          } ]
                                       }, {
                                          "value" : [ " or less before" ]
                                       } ]
                                    }, {
                                       "value" : [ " " ]
                                    }, {
                                       "r" : "122",
                                       "s" : [ {
                                          "value" : [ "start of " ]
                                       }, {
                                          "r" : "121",
                                          "s" : [ {
                                             "r" : "116",
                                             "s" : [ {
                                                "value" : [ "Global" ]
                                             } ]
                                          }, {
                                             "value" : [ "." ]
                                          }, {
                                             "r" : "121",
                                             "s" : [ {
                                                "value" : [ "\"NormalizeInterval\""," ( " ]
                                             }, {
                                                "r" : "118",
                                                "s" : [ {
                                                   "r" : "117",
                                                   "s" : [ {
                                                      "value" : [ "OpioidAntagonistGiven" ]
                                                   } ]
                                                }, {
                                                   "value" : [ "." ]
                                                }, {
                                                   "r" : "118",
                                                   "s" : [ {
                                                      "value" : [ "relevantDatetime" ]
                                                   } ]
                                                } ]
                                             }, {
                                                "value" : [ ", " ]
                                             }, {
                                                "r" : "120",
                                                "s" : [ {
                                                   "r" : "119",
                                                   "s" : [ {
                                                      "value" : [ "OpioidAntagonistGiven" ]
                                                   } ]
                                                }, {
                                                   "value" : [ "." ]
                                                }, {
                                                   "r" : "120",
                                                   "s" : [ {
                                                      "value" : [ "relevantPeriod" ]
                                                   } ]
                                                } ]
                                             }, {
                                                "value" : [ " )" ]
                                             } ]
                                          } ]
                                       } ]
                                    } ]
                                 } ]
                              }, {
                                 "value" : [ "\n      )" ]
                              } ]
                           } ]
                        } ]
                     }, {
                        "value" : [ "\n    " ]
                     }, {
                        "r" : "128",
                        "s" : [ {
                           "value" : [ "return " ]
                        }, {
                           "r" : "127",
                           "s" : [ {
                              "value" : [ "EncounterWithQualifyingAge" ]
                           } ]
                        } ]
                     } ]
                  } ]
               }
            } ],
            "expression" : {
               "localId" : "129",
               "locator" : "59:3-71:37",
               "type" : "Query",
               "source" : [ {
                  "localId" : "65",
                  "locator" : "60:5-60:75",
                  "alias" : "OpioidAntagonistGiven",
                  "expression" : {
                     "localId" : "64",
                     "locator" : "60:5-60:53",
                     "dataType" : "{urn:healthit-gov:qdm:v5_6}PositiveMedicationAdministered",
                     "templateId" : "PositiveMedicationAdministered",
                     "codeProperty" : "code",
                     "codeComparator" : "in",
                     "type" : "Retrieve",
                     "codes" : {
                        "locator" : "60:34-60:52",
                        "name" : "Opioid Antagonist",
                        "type" : "ValueSetRef"
                     }
                  }
               }, {
                  "localId" : "67",
                  "locator" : "61:5-61:39",
                  "alias" : "OpioidGiven",
                  "expression" : {
                     "localId" : "66",
                     "locator" : "61:5-61:27",
                     "name" : "Opioid Administration",
                     "type" : "ExpressionRef"
                  }
               }, {
                  "localId" : "69",
                  "locator" : "62:5-62:44",
                  "alias" : "EncounterWithQualifyingAge",
                  "expression" : {
                     "localId" : "68",
                     "locator" : "62:5-62:17",
                     "name" : "Denominator",
                     "type" : "ExpressionRef"
                  }
               } ],
               "relationship" : [ ],
               "where" : {
                  "localId" : "126",
                  "locator" : "63:5-70:7",
                  "type" : "And",
                  "operand" : [ {
                     "localId" : "88",
                     "locator" : "63:11-66:5",
                     "type" : "Not",
                     "operand" : {
                        "localId" : "87",
                        "locator" : "63:15-66:5",
                        "type" : "Exists",
                        "operand" : {
                           "localId" : "86",
                           "locator" : "63:22-66:5",
                           "type" : "Query",
                           "source" : [ {
                              "localId" : "71",
                              "locator" : "63:24-63:85",
                              "alias" : "EncounterLocation",
                              "expression" : {
                                 "localId" : "70",
                                 "locator" : "63:24-63:67",
                                 "path" : "facilityLocations",
                                 "scope" : "EncounterWithQualifyingAge",
                                 "type" : "Property"
                              }
                           } ],
                           "relationship" : [ ],
                           "where" : {
                              "localId" : "85",
                              "locator" : "64:9-65:168",
                              "type" : "And",
                              "operand" : [ {
                                 "localId" : "75",
                                 "locator" : "64:15-64:61",
                                 "type" : "Equivalent",
                                 "operand" : [ {
                                    "localId" : "73",
                                    "locator" : "64:15-64:36",
                                    "path" : "code",
                                    "scope" : "EncounterLocation",
                                    "type" : "Property"
                                 }, {
                                    "localId" : "74",
                                    "locator" : "64:40-64:61",
                                    "name" : "Operating Room/Suite",
                                    "type" : "CodeRef"
                                 } ]
                              }, {
                                 "localId" : "84",
                                 "locator" : "65:15-65:168",
                                 "type" : "In",
                                 "operand" : [ {
                                    "locator" : "65:123-65:128",
                                    "type" : "Start",
                                    "operand" : {
                                       "localId" : "81",
                                       "locator" : "65:15-65:121",
                                       "name" : "NormalizeInterval",
                                       "libraryName" : "Global",
                                       "type" : "FunctionRef",
                                       "operand" : [ {
                                          "localId" : "78",
                                          "locator" : "65:44-65:81",
                                          "path" : "relevantDatetime",
                                          "scope" : "OpioidAntagonistGiven",
                                          "type" : "Property"
                                       }, {
                                          "localId" : "80",
                                          "locator" : "65:84-65:119",
                                          "path" : "relevantPeriod",
                                          "scope" : "OpioidAntagonistGiven",
                                          "type" : "Property"
                                       } ]
                                    }
                                 }, {
                                    "localId" : "83",
                                    "locator" : "65:137-65:168",
                                    "path" : "locationPeriod",
                                    "scope" : "EncounterLocation",
                                    "type" : "Property"
                                 } ]
                              } ]
                           }
                        }
                     }
                  }, {
                     "localId" : "125",
                     "locator" : "67:11-70:7",
                     "type" : "And",
                     "operand" : [ {
                        "localId" : "109",
                        "locator" : "67:13-68:186",
                        "type" : "And",
                        "operand" : [ {
                           "localId" : "98",
                           "locator" : "67:13-67:204",
                           "type" : "In",
                           "operand" : [ {
                              "locator" : "67:121-67:126",
                              "type" : "Start",
                              "operand" : {
                                 "localId" : "94",
                                 "locator" : "67:13-67:119",
                                 "name" : "NormalizeInterval",
                                 "libraryName" : "Global",
                                 "type" : "FunctionRef",
                                 "operand" : [ {
                                    "localId" : "91",
                                    "locator" : "67:42-67:79",
                                    "path" : "relevantDatetime",
                                    "scope" : "OpioidAntagonistGiven",
                                    "type" : "Property"
                                 }, {
                                    "localId" : "93",
                                    "locator" : "67:82-67:117",
                                    "path" : "relevantPeriod",
                                    "scope" : "OpioidAntagonistGiven",
                                    "type" : "Property"
                                 } ]
                              }
                           }, {
                              "localId" : "97",
                              "locator" : "67:135-67:204",
                              "name" : "HospitalizationWithObservation",
                              "libraryName" : "Global",
                              "type" : "FunctionRef",
                              "operand" : [ {
                                 "localId" : "96",
                                 "locator" : "67:177-67:202",
                                 "name" : "EncounterWithQualifyingAge",
                                 "type" : "AliasRef"
                              } ]
                           } ]
                        }, {
                           "localId" : "108",
                           "locator" : "68:15-68:186",
                           "type" : "In",
                           "operand" : [ {
                              "locator" : "68:103-68:108",
                              "type" : "Start",
                              "operand" : {
                                 "localId" : "104",
                                 "locator" : "68:15-68:101",
                                 "name" : "NormalizeInterval",
                                 "libraryName" : "Global",
                                 "type" : "FunctionRef",
                                 "operand" : [ {
                                    "localId" : "101",
                                    "locator" : "68:44-68:71",
                                    "path" : "relevantDatetime",
                                    "scope" : "OpioidGiven",
                                    "type" : "Property"
                                 }, {
                                    "localId" : "103",
                                    "locator" : "68:74-68:99",
                                    "path" : "relevantPeriod",
                                    "scope" : "OpioidGiven",
                                    "type" : "Property"
                                 } ]
                              }
                           }, {
                              "localId" : "107",
                              "locator" : "68:117-68:186",
                              "name" : "HospitalizationWithObservation",
                              "libraryName" : "Global",
                              "type" : "FunctionRef",
                              "operand" : [ {
                                 "localId" : "106",
                                 "locator" : "68:159-68:184",
                                 "name" : "EncounterWithQualifyingAge",
                                 "type" : "AliasRef"
                              } ]
                           } ]
                        } ]
                     }, {
                        "localId" : "124",
                        "locator" : "69:15-69:247",
                        "type" : "And",
                        "operand" : [ {
                           "locator" : "69:108-69:123",
                           "type" : "In",
                           "operand" : [ {
                              "locator" : "69:103-69:106",
                              "type" : "End",
                              "operand" : {
                                 "localId" : "115",
                                 "locator" : "69:15-69:101",
                                 "name" : "NormalizeInterval",
                                 "libraryName" : "Global",
                                 "type" : "FunctionRef",
                                 "operand" : [ {
                                    "localId" : "112",
                                    "locator" : "69:44-69:71",
                                    "path" : "relevantDatetime",
                                    "scope" : "OpioidGiven",
                                    "type" : "Property"
                                 }, {
                                    "localId" : "114",
                                    "locator" : "69:74-69:99",
                                    "path" : "relevantPeriod",
                                    "scope" : "OpioidGiven",
                                    "type" : "Property"
                                 } ]
                              }
                           }, {
                              "locator" : "69:108-69:123",
                              "lowClosed" : true,
                              "highClosed" : false,
                              "type" : "Interval",
                              "low" : {
                                 "locator" : "69:132-69:247",
                                 "type" : "Subtract",
                                 "operand" : [ {
                                    "localId" : "122",
                                    "locator" : "69:132-69:247",
                                    "type" : "Start",
                                    "operand" : {
                                       "localId" : "121",
                                       "locator" : "69:141-69:247",
                                       "name" : "NormalizeInterval",
                                       "libraryName" : "Global",
                                       "type" : "FunctionRef",
                                       "operand" : [ {
                                          "localId" : "118",
                                          "locator" : "69:170-69:207",
                                          "path" : "relevantDatetime",
                                          "scope" : "OpioidAntagonistGiven",
                                          "type" : "Property"
                                       }, {
                                          "localId" : "120",
                                          "locator" : "69:210-69:245",
                                          "path" : "relevantPeriod",
                                          "scope" : "OpioidAntagonistGiven",
                                          "type" : "Property"
                                       } ]
                                    }
                                 }, {
                                    "localId" : "123",
                                    "locator" : "69:108-69:115",
                                    "value" : 12,
                                    "unit" : "hours",
                                    "type" : "Quantity"
                                 } ]
                              },
                              "high" : {
                                 "localId" : "122",
                                 "locator" : "69:132-69:247",
                                 "type" : "Start",
                                 "operand" : {
                                    "localId" : "121",
                                    "locator" : "69:141-69:247",
                                    "name" : "NormalizeInterval",
                                    "libraryName" : "Global",
                                    "type" : "FunctionRef",
                                    "operand" : [ {
                                       "localId" : "118",
                                       "locator" : "69:170-69:207",
                                       "path" : "relevantDatetime",
                                       "scope" : "OpioidAntagonistGiven",
                                       "type" : "Property"
                                    }, {
                                       "localId" : "120",
                                       "locator" : "69:210-69:245",
                                       "path" : "relevantPeriod",
                                       "scope" : "OpioidAntagonistGiven",
                                       "type" : "Property"
                                    } ]
                                 }
                              }
                           } ]
                        }, {
                           "locator" : "69:108-69:123",
                           "type" : "Not",
                           "operand" : {
                              "locator" : "69:108-69:123",
                              "type" : "IsNull",
                              "operand" : {
                                 "localId" : "122",
                                 "locator" : "69:132-69:247",
                                 "type" : "Start",
                                 "operand" : {
                                    "localId" : "121",
                                    "locator" : "69:141-69:247",
                                    "name" : "NormalizeInterval",
                                    "libraryName" : "Global",
                                    "type" : "FunctionRef",
                                    "operand" : [ {
                                       "localId" : "118",
                                       "locator" : "69:170-69:207",
                                       "path" : "relevantDatetime",
                                       "scope" : "OpioidAntagonistGiven",
                                       "type" : "Property"
                                    }, {
                                       "localId" : "120",
                                       "locator" : "69:210-69:245",
                                       "path" : "relevantPeriod",
                                       "scope" : "OpioidAntagonistGiven",
                                       "type" : "Property"
                                    } ]
                                 }
                              }
                           }
                        } ]
                     } ]
                  } ]
               },
               "return" : {
                  "localId" : "128",
                  "locator" : "71:5-71:37",
                  "expression" : {
                     "localId" : "127",
                     "locator" : "71:12-71:37",
                     "name" : "EncounterWithQualifyingAge",
                     "type" : "AliasRef"
                  }
               }
            }
         }, {
            "localId" : "132",
            "locator" : "44:1-45:108",
            "name" : "Numerator",
            "context" : "Patient",
            "accessLevel" : "Public",
            "annotation" : [ {
               "type" : "Annotation",
               "s" : {
                  "r" : "132",
                  "s" : [ {
                     "value" : [ "","define ","\"Numerator\"",":\n  " ]
                  }, {
                     "r" : "131",
                     "s" : [ {
                        "value" : [ "\"Encounter With Opioid Antagonist Administration Outside of Operating Room and Within 12 Hrs After Opioid\"" ]
                     } ]
                  } ]
               }
            } ],
            "expression" : {
               "localId" : "131",
               "locator" : "45:3-45:108",
               "name" : "Encounter With Opioid Antagonist Administration Outside of Operating Room and Within 12 Hrs After Opioid",
               "type" : "ExpressionRef"
            }
         } ]
      }
   }
}