<?xml version="1.0" encoding="UTF-8"?>
<library xmlns="urn:hl7-org:elm:r1" xmlns:t="urn:hl7-org:elm-types:r1" xmlns:xsi="http://www.w3.org/2001/XMLSchema-instance" xmlns:xsd="http://www.w3.org/2001/XMLSchema" xmlns:fhir="http://hl7.org/fhir" xmlns:qdm43="urn:healthit-gov:qdm:v4_3" xmlns:qdm53="urn:healthit-gov:qdm:v5_3" xmlns:a="urn:hl7-org:cql-annotations:r1">
   <annotation translatorOptions="EnableAnnotations,EnableLocators,DisableListDemotion,DisableListPromotion,DisableMethodInvocation" xsi:type="a:CqlToElmInfo"/>
   <annotation xsi:type="a:Annotation">
      <a:s r="170">
         <a:s>library DiabetesMedicalAttentionForNephropathy version '11.0.000'</a:s>
      </a:s>
   </annotation>
   <identifier id="DiabetesMedicalAttentionForNephropathy" version="11.0.000"/>
   <schemaIdentifier id="urn:hl7-org:elm" version="r1"/>
   <usings>
      <def localIdentifier="System" uri="urn:hl7-org:elm-types:r1"/>
      <def localId="1" locator="3:1-3:23" localIdentifier="QDM" uri="urn:healthit-gov:qdm:v5_6" version="5.6">
         <annotation xsi:type="a:Annotation">
            <a:s r="1">
               <a:s>using </a:s>
               <a:s>
                  <a:s>QDM</a:s>
               </a:s>
               <a:s> version '5.6'</a:s>
            </a:s>
         </annotation>
      </def>
   </usings>
   <includes>
      <def localId="2" locator="5:1-5:64" localIdentifier="Global" path="MATGlobalCommonFunctions" version="7.0.000">
         <annotation xsi:type="a:Annotation">
            <a:s r="2">
               <a:s>include </a:s>
               <a:s>
                  <a:s>MATGlobalCommonFunctions</a:s>
               </a:s>
               <a:s> version '7.0.000' called Global</a:s>
            </a:s>
         </annotation>
      </def>
      <def localId="3" locator="6:1-6:48" localIdentifier="Hospice" path="Hospice" version="4.0.000">
         <annotation xsi:type="a:Annotation">
            <a:s r="3">
               <a:s>include </a:s>
               <a:s>
                  <a:s>Hospice</a:s>
               </a:s>
               <a:s> version '4.0.000' called Hospice</a:s>
            </a:s>
         </annotation>
      </def>
      <def localId="4" locator="7:1-7:75" localIdentifier="PalliativeCare" path="PalliativeCareExclusionECQM" version="2.0.000">
         <annotation xsi:type="a:Annotation">
            <a:s r="4">
               <a:s>include </a:s>
               <a:s>
                  <a:s>PalliativeCareExclusionECQM</a:s>
               </a:s>
               <a:s> version '2.0.000' called PalliativeCare</a:s>
            </a:s>
         </annotation>
      </def>
      <def localId="5" locator="8:1-8:83" localIdentifier="AIFrailLTCF" path="AdvancedIllnessandFrailtyExclusionECQM" version="7.0.000">
         <annotation xsi:type="a:Annotation">
            <a:s r="5">
               <a:s>include </a:s>
               <a:s>
                  <a:s>AdvancedIllnessandFrailtyExclusionECQM</a:s>
               </a:s>
               <a:s> version '7.0.000' called AIFrailLTCF</a:s>
            </a:s>
         </annotation>
      </def>
   </includes>
   <parameters>
      <def localId="31" locator="34:1-34:49" name="Measurement Period" accessLevel="Public">
         <annotation xsi:type="a:Annotation">
            <a:s r="31">
               <a:s>parameter &quot;Measurement Period&quot; </a:s>
               <a:s r="30">
                  <a:s>Interval&lt;</a:s>
                  <a:s r="29">
                     <a:s>DateTime</a:s>
                  </a:s>
                  <a:s>></a:s>
               </a:s>
            </a:s>
         </annotation>
         <parameterTypeSpecifier localId="30" locator="34:32-34:49" xsi:type="IntervalTypeSpecifier">
            <pointType localId="29" locator="34:41-34:48" name="t:DateTime" xsi:type="NamedTypeSpecifier"/>
         </parameterTypeSpecifier>
      </def>
   </parameters>
   <valueSets>
      <def localId="6" locator="10:1-10:81" name="ACE Inhibitor or ARB or ARNI" id="urn:oid:2.16.840.1.113883.3.526.3.1139" accessLevel="Public">
         <annotation xsi:type="a:Annotation">
            <a:s r="6">
               <a:s>valueset &quot;ACE Inhibitor or ARB or ARNI&quot;: 'urn:oid:2.16.840.1.113883.3.526.3.1139'</a:s>
            </a:s>
         </annotation>
      </def>
      <def localId="7" locator="11:1-11:74" name="Annual Wellness Visit" id="urn:oid:2.16.840.1.113883.3.526.3.1240" accessLevel="Public">
         <annotation xsi:type="a:Annotation">
            <a:s r="7">
               <a:s>valueset &quot;Annual Wellness Visit&quot;: 'urn:oid:2.16.840.1.113883.3.526.3.1240'</a:s>
            </a:s>
         </annotation>
      </def>
      <def localId="8" locator="12:1-12:71" name="Diabetes" id="urn:oid:2.16.840.1.113883.3.464.1003.103.12.1001" accessLevel="Public">
         <annotation xsi:type="a:Annotation">
            <a:s r="8">
               <a:s>valueset &quot;Diabetes&quot;: 'urn:oid:2.16.840.1.113883.3.464.1003.103.12.1001'</a:s>
            </a:s>
         </annotation>
      </def>
      <def localId="9" locator="13:1-13:83" name="Diabetic Nephropathy" id="urn:oid:2.16.840.1.113883.3.464.1003.109.12.1004" accessLevel="Public">
         <annotation xsi:type="a:Annotation">
            <a:s r="9">
               <a:s>valueset &quot;Diabetic Nephropathy&quot;: 'urn:oid:2.16.840.1.113883.3.464.1003.109.12.1004'</a:s>
            </a:s>
         </annotation>
      </def>
      <def localId="10" locator="14:1-14:81" name="Dialysis Education" id="urn:oid:2.16.840.1.113883.3.464.1003.109.12.1016" accessLevel="Public">
         <annotation xsi:type="a:Annotation">
            <a:s r="10">
               <a:s>valueset &quot;Dialysis Education&quot;: 'urn:oid:2.16.840.1.113883.3.464.1003.109.12.1016'</a:s>
            </a:s>
         </annotation>
      </def>
      <def localId="11" locator="15:1-15:80" name="Dialysis Services" id="urn:oid:2.16.840.1.113883.3.464.1003.109.12.1013" accessLevel="Public">
         <annotation xsi:type="a:Annotation">
            <a:s r="11">
               <a:s>valueset &quot;Dialysis Services&quot;: 'urn:oid:2.16.840.1.113883.3.464.1003.109.12.1013'</a:s>
            </a:s>
         </annotation>
      </def>
      <def localId="12" locator="16:1-16:95" name="ESRD Monthly Outpatient Services" id="urn:oid:2.16.840.1.113883.3.464.1003.109.12.1014" accessLevel="Public">
         <annotation xsi:type="a:Annotation">
            <a:s r="12">
               <a:s>valueset &quot;ESRD Monthly Outpatient Services&quot;: 'urn:oid:2.16.840.1.113883.3.464.1003.109.12.1014'</a:s>
            </a:s>
         </annotation>
      </def>
      <def localId="13" locator="17:1-17:58" name="Ethnicity" id="urn:oid:2.16.840.1.114222.4.11.837" accessLevel="Public">
         <annotation xsi:type="a:Annotation">
            <a:s r="13">
               <a:s>valueset &quot;Ethnicity&quot;: 'urn:oid:2.16.840.1.114222.4.11.837'</a:s>
            </a:s>
         </annotation>
      </def>
      <def localId="14" locator="18:1-18:104" name="Glomerulonephritis and Nephrotic Syndrome" id="urn:oid:2.16.840.1.113883.3.464.1003.109.12.1018" accessLevel="Public">
         <annotation xsi:type="a:Annotation">
            <a:s r="14">
               <a:s>valueset &quot;Glomerulonephritis and Nephrotic Syndrome&quot;: 'urn:oid:2.16.840.1.113883.3.464.1003.109.12.1018'</a:s>
            </a:s>
         </annotation>
      </def>
      <def localId="15" locator="19:1-19:87" name="Home Healthcare Services" id="urn:oid:2.16.840.1.113883.3.464.1003.101.12.1016" accessLevel="Public">
         <annotation xsi:type="a:Annotation">
            <a:s r="15">
               <a:s>valueset &quot;Home Healthcare Services&quot;: 'urn:oid:2.16.840.1.113883.3.464.1003.101.12.1016'</a:s>
            </a:s>
         </annotation>
      </def>
      <def localId="16" locator="20:1-20:98" name="Hypertensive Chronic Kidney Disease" id="urn:oid:2.16.840.1.113883.3.464.1003.109.12.1017" accessLevel="Public">
         <annotation xsi:type="a:Annotation">
            <a:s r="16">
               <a:s>valueset &quot;Hypertensive Chronic Kidney Disease&quot;: 'urn:oid:2.16.840.1.113883.3.464.1003.109.12.1017'</a:s>
            </a:s>
         </annotation>
      </def>
      <def localId="17" locator="21:1-21:77" name="Kidney Failure" id="urn:oid:2.16.840.1.113883.3.464.1003.109.12.1028" accessLevel="Public">
         <annotation xsi:type="a:Annotation">
            <a:s r="17">
               <a:s>valueset &quot;Kidney Failure&quot;: 'urn:oid:2.16.840.1.113883.3.464.1003.109.12.1028'</a:s>
            </a:s>
         </annotation>
      </def>
      <def localId="18" locator="22:1-22:80" name="Kidney Transplant" id="urn:oid:2.16.840.1.113883.3.464.1003.109.12.1012" accessLevel="Public">
         <annotation xsi:type="a:Annotation">
            <a:s r="18">
               <a:s>valueset &quot;Kidney Transplant&quot;: 'urn:oid:2.16.840.1.113883.3.464.1003.109.12.1012'</a:s>
            </a:s>
         </annotation>
      </def>
      <def localId="19" locator="23:1-23:75" name="Office Visit" id="urn:oid:2.16.840.1.113883.3.464.1003.101.12.1001" accessLevel="Public">
         <annotation xsi:type="a:Annotation">
            <a:s r="19">
               <a:s>valueset &quot;Office Visit&quot;: 'urn:oid:2.16.840.1.113883.3.464.1003.101.12.1001'</a:s>
            </a:s>
         </annotation>
      </def>
      <def localId="20" locator="24:1-24:68" name="ONC Administrative Sex" id="urn:oid:2.16.840.1.113762.1.4.1" accessLevel="Public">
         <annotation xsi:type="a:Annotation">
            <a:s r="20">
               <a:s>valueset &quot;ONC Administrative Sex&quot;: 'urn:oid:2.16.840.1.113762.1.4.1'</a:s>
            </a:s>
         </annotation>
      </def>
      <def localId="21" locator="25:1-25:97" name="Other Services Related to Dialysis" id="urn:oid:2.16.840.1.113883.3.464.1003.109.12.1015" accessLevel="Public">
         <annotation xsi:type="a:Annotation">
            <a:s r="21">
               <a:s>valueset &quot;Other Services Related to Dialysis&quot;: 'urn:oid:2.16.840.1.113883.3.464.1003.109.12.1015'</a:s>
            </a:s>
         </annotation>
      </def>
      <def localId="22" locator="26:1-26:55" name="Payer" id="urn:oid:2.16.840.1.114222.4.11.3591" accessLevel="Public">
         <annotation xsi:type="a:Annotation">
            <a:s r="22">
               <a:s>valueset &quot;Payer&quot;: 'urn:oid:2.16.840.1.114222.4.11.3591'</a:s>
            </a:s>
         </annotation>
      </def>
      <def localId="23" locator="27:1-27:123" name="Preventive Care Services Established Office Visit, 18 and Up" id="urn:oid:2.16.840.1.113883.3.464.1003.101.12.1025" accessLevel="Public">
         <annotation xsi:type="a:Annotation">
            <a:s r="23">
               <a:s>valueset &quot;Preventive Care Services Established Office Visit, 18 and Up&quot;: 'urn:oid:2.16.840.1.113883.3.464.1003.101.12.1025'</a:s>
            </a:s>
         </annotation>
      </def>
      <def localId="24" locator="28:1-28:119" name="Preventive Care Services Initial Office Visit, 18 and Up" id="urn:oid:2.16.840.1.113883.3.464.1003.101.12.1023" accessLevel="Public">
         <annotation xsi:type="a:Annotation">
            <a:s r="24">
               <a:s>valueset &quot;Preventive Care Services Initial Office Visit, 18 and Up&quot;: 'urn:oid:2.16.840.1.113883.3.464.1003.101.12.1023'</a:s>
            </a:s>
         </annotation>
      </def>
      <def localId="25" locator="29:1-29:64" name="Proteinuria" id="urn:oid:2.16.840.1.113883.3.526.3.1003" accessLevel="Public">
         <annotation xsi:type="a:Annotation">
            <a:s r="25">
               <a:s>valueset &quot;Proteinuria&quot;: 'urn:oid:2.16.840.1.113883.3.526.3.1003'</a:s>
            </a:s>
         </annotation>
      </def>
      <def localId="26" locator="30:1-30:53" name="Race" id="urn:oid:2.16.840.1.114222.4.11.836" accessLevel="Public">
         <annotation xsi:type="a:Annotation">
            <a:s r="26">
               <a:s>valueset &quot;Race&quot;: 'urn:oid:2.16.840.1.114222.4.11.836'</a:s>
            </a:s>
         </annotation>
      </def>
      <def localId="27" locator="31:1-31:79" name="Telephone Visits" id="urn:oid:2.16.840.1.113883.3.464.1003.101.12.1080" accessLevel="Public">
         <annotation xsi:type="a:Annotation">
            <a:s r="27">
               <a:s>valueset &quot;Telephone Visits&quot;: 'urn:oid:2.16.840.1.113883.3.464.1003.101.12.1080'</a:s>
            </a:s>
         </annotation>
      </def>
      <def localId="28" locator="32:1-32:82" name="Urine Protein Tests" id="urn:oid:2.16.840.1.113883.3.464.1003.109.12.1024" accessLevel="Public">
         <annotation xsi:type="a:Annotation">
            <a:s r="28">
               <a:s>valueset &quot;Urine Protein Tests&quot;: 'urn:oid:2.16.840.1.113883.3.464.1003.109.12.1024'</a:s>
            </a:s>
         </annotation>
      </def>
   </valueSets>
   <contexts>
      <def locator="36:1-36:15" name="Patient"/>
   </contexts>
   <statements>
      <def locator="36:1-36:15" name="Patient" context="Patient">
         <expression xsi:type="SingletonFrom">
            <operand locator="36:1-36:15" xmlns:ns0="urn:healthit-gov:qdm:v5_6" dataType="ns0:Patient" templateId="Patient" xsi:type="Retrieve"/>
         </expression>
      </def>
      <def localId="43" locator="38:1-40:141" name="Active ACE or ARB Medications" context="Patient" accessLevel="Public">
         <annotation xsi:type="a:Annotation">
            <a:s r="43">
               <a:s>define &quot;Active ACE or ARB Medications&quot;:
  </a:s>
               <a:s r="42">
                  <a:s>
                     <a:s r="33">
                        <a:s r="32">
                           <a:s r="32">
                              <a:s>[&quot;Medication, Active&quot;: </a:s>
                              <a:s>
                                 <a:s>&quot;ACE Inhibitor or ARB or ARNI&quot;</a:s>
                              </a:s>
                              <a:s>]</a:s>
                           </a:s>
                        </a:s>
                        <a:s> ACEorARBMedication</a:s>
                     </a:s>
                  </a:s>
                  <a:s>
    </a:s>
                  <a:s r="41">
                     <a:s>where </a:s>
                     <a:s r="41">
                        <a:s r="39">
                           <a:s r="34">
                              <a:s>Global</a:s>
                           </a:s>
                           <a:s>.</a:s>
                           <a:s r="39">
                              <a:s>&quot;NormalizeInterval&quot; ( </a:s>
                              <a:s r="36">
                                 <a:s r="35">
                                    <a:s>ACEorARBMedication</a:s>
                                 </a:s>
                                 <a:s>.</a:s>
                                 <a:s r="36">
                                    <a:s>relevantDatetime</a:s>
                                 </a:s>
                              </a:s>
                              <a:s>, </a:s>
                              <a:s r="38">
                                 <a:s r="37">
                                    <a:s>ACEorARBMedication</a:s>
                                 </a:s>
                                 <a:s>.</a:s>
                                 <a:s r="38">
                                    <a:s>relevantPeriod</a:s>
                                 </a:s>
                              </a:s>
                              <a:s> )</a:s>
                           </a:s>
                        </a:s>
                        <a:s r="41"> overlaps </a:s>
                        <a:s r="40">
                           <a:s>&quot;Measurement Period&quot;</a:s>
                        </a:s>
                     </a:s>
                  </a:s>
               </a:s>
            </a:s>
         </annotation>
         <expression localId="42" locator="39:3-40:141" xsi:type="Query">
            <source localId="33" locator="39:3-39:75" alias="ACEorARBMedication">
               <expression localId="32" locator="39:3-39:56" xmlns:ns1="urn:healthit-gov:qdm:v5_6" dataType="ns1:MedicationActive" codeProperty="code" codeComparator="in" xsi:type="Retrieve">
                  <codes locator="39:26-39:55" name="ACE Inhibitor or ARB or ARNI" xsi:type="ValueSetRef"/>
               </expression>
            </source>
            <where localId="41" locator="40:5-40:141" xsi:type="Overlaps">
               <operand localId="39" locator="40:11-40:111" name="NormalizeInterval" libraryName="Global" xsi:type="FunctionRef">
                  <operand localId="36" locator="40:40-40:74" path="relevantDatetime" scope="ACEorARBMedication" xsi:type="Property"/>
                  <operand localId="38" locator="40:77-40:109" path="relevantPeriod" scope="ACEorARBMedication" xsi:type="Property"/>
               </operand>
               <operand localId="40" locator="40:122-40:141" name="Measurement Period" xsi:type="ParameterRef"/>
            </where>
         </expression>
      </def>
      <def localId="69" locator="105:1-112:75" name="Qualifying Encounters" context="Patient" accessLevel="Public">
         <annotation xsi:type="a:Annotation">
            <a:s r="69">
               <a:s>define &quot;Qualifying Encounters&quot;:
  </a:s>
               <a:s r="68">
                  <a:s>
                     <a:s r="63">
                        <a:s r="62">
                           <a:s>( </a:s>
                           <a:s r="62">
                              <a:s r="60">
                                 <a:s r="58">
                                    <a:s r="56">
                                       <a:s r="54">
                                          <a:s r="52">
                                             <a:s>[&quot;Encounter, Performed&quot;: </a:s>
                                             <a:s>
                                                <a:s>&quot;Office Visit&quot;</a:s>
                                             </a:s>
                                             <a:s>]</a:s>
                                          </a:s>
                                          <a:s>
    union </a:s>
                                          <a:s r="53">
                                             <a:s>[&quot;Encounter, Performed&quot;: </a:s>
                                             <a:s>
                                                <a:s>&quot;Annual Wellness Visit&quot;</a:s>
                                             </a:s>
                                             <a:s>]</a:s>
                                          </a:s>
                                       </a:s>
                                       <a:s>
    union </a:s>
                                       <a:s r="55">
                                          <a:s>[&quot;Encounter, Performed&quot;: </a:s>
                                          <a:s>
                                             <a:s>&quot;Preventive Care Services Established Office Visit, 18 and Up&quot;</a:s>
                                          </a:s>
                                          <a:s>]</a:s>
                                       </a:s>
                                    </a:s>
                                    <a:s>
    union </a:s>
                                    <a:s r="57">
                                       <a:s>[&quot;Encounter, Performed&quot;: </a:s>
                                       <a:s>
                                          <a:s>&quot;Preventive Care Services Initial Office Visit, 18 and Up&quot;</a:s>
                                       </a:s>
                                       <a:s>]</a:s>
                                    </a:s>
                                 </a:s>
                                 <a:s>
    union </a:s>
                                 <a:s r="59">
                                    <a:s>[&quot;Encounter, Performed&quot;: </a:s>
                                    <a:s>
                                       <a:s>&quot;Home Healthcare Services&quot;</a:s>
                                    </a:s>
                                    <a:s>]</a:s>
                                 </a:s>
                              </a:s>
                              <a:s>
    union </a:s>
                              <a:s r="61">
                                 <a:s>[&quot;Encounter, Performed&quot;: </a:s>
                                 <a:s>
                                    <a:s>&quot;Telephone Visits&quot;</a:s>
                                 </a:s>
                                 <a:s>]</a:s>
                              </a:s>
                           </a:s>
                           <a:s> )</a:s>
                        </a:s>
                        <a:s> ValidEncounters</a:s>
                     </a:s>
                  </a:s>
                  <a:s>
    </a:s>
                  <a:s r="67">
                     <a:s>where </a:s>
                     <a:s r="67">
                        <a:s r="65">
                           <a:s r="64">
                              <a:s>ValidEncounters</a:s>
                           </a:s>
                           <a:s>.</a:s>
                           <a:s r="65">
                              <a:s>relevantPeriod</a:s>
                           </a:s>
                        </a:s>
                        <a:s r="67"> during day of </a:s>
                        <a:s r="66">
                           <a:s>&quot;Measurement Period&quot;</a:s>
                        </a:s>
                     </a:s>
                  </a:s>
               </a:s>
            </a:s>
         </annotation>
         <expression localId="68" locator="106:3-112:75" xsi:type="Query">
            <source localId="63" locator="106:3-111:72" alias="ValidEncounters">
               <expression localId="62" locator="106:3-111:56" xsi:type="Union">
                  <operand localId="58" locator="106:5-109:94" xsi:type="Union">
                     <operand localId="54" locator="106:5-107:59" xsi:type="Union">
                        <operand localId="52" locator="106:5-106:44" xmlns:ns2="urn:healthit-gov:qdm:v5_6" dataType="ns2:PositiveEncounterPerformed" templateId="PositiveEncounterPerformed" codeProperty="code" codeComparator="in" xsi:type="Retrieve">
                           <codes locator="106:30-106:43" name="Office Visit" xsi:type="ValueSetRef"/>
                        </operand>
                        <operand localId="53" locator="107:11-107:59" xmlns:ns3="urn:healthit-gov:qdm:v5_6" dataType="ns3:PositiveEncounterPerformed" templateId="PositiveEncounterPerformed" codeProperty="code" codeComparator="in" xsi:type="Retrieve">
                           <codes locator="107:36-107:58" name="Annual Wellness Visit" xsi:type="ValueSetRef"/>
                        </operand>
                     </operand>
                     <operand xsi:type="Union">
                        <operand localId="55" locator="108:11-108:98" xmlns:ns4="urn:healthit-gov:qdm:v5_6" dataType="ns4:PositiveEncounterPerformed" templateId="PositiveEncounterPerformed" codeProperty="code" codeComparator="in" xsi:type="Retrieve">
                           <codes locator="108:36-108:97" name="Preventive Care Services Established Office Visit, 18 and Up" xsi:type="ValueSetRef"/>
                        </operand>
                        <operand localId="57" locator="109:11-109:94" xmlns:ns5="urn:healthit-gov:qdm:v5_6" dataType="ns5:PositiveEncounterPerformed" templateId="PositiveEncounterPerformed" codeProperty="code" codeComparator="in" xsi:type="Retrieve">
                           <codes locator="109:36-109:93" name="Preventive Care Services Initial Office Visit, 18 and Up" xsi:type="ValueSetRef"/>
                        </operand>
                     </operand>
                  </operand>
                  <operand xsi:type="Union">
                     <operand localId="59" locator="110:11-110:62" xmlns:ns6="urn:healthit-gov:qdm:v5_6" dataType="ns6:PositiveEncounterPerformed" templateId="PositiveEncounterPerformed" codeProperty="code" codeComparator="in" xsi:type="Retrieve">
                        <codes locator="110:36-110:61" name="Home Healthcare Services" xsi:type="ValueSetRef"/>
                     </operand>
                     <operand localId="61" locator="111:11-111:54" xmlns:ns7="urn:healthit-gov:qdm:v5_6" dataType="ns7:PositiveEncounterPerformed" templateId="PositiveEncounterPerformed" codeProperty="code" codeComparator="in" xsi:type="Retrieve">
                        <codes locator="111:36-111:53" name="Telephone Visits" xsi:type="ValueSetRef"/>
                     </operand>
                  </operand>
               </expression>
            </source>
            <where localId="67" locator="112:5-112:75" precision="Day" xsi:type="IncludedIn">
               <operand localId="65" locator="112:11-112:40" path="relevantPeriod" scope="ValidEncounters" xsi:type="Property"/>
               <operand localId="66" locator="112:56-112:75" name="Measurement Period" xsi:type="ParameterRef"/>
            </where>
         </expression>
      </def>
      <def localId="82" locator="96:1-103:5" name="Initial Population" context="Patient" accessLevel="Public">
         <annotation xsi:type="a:Annotation">
            <a:s r="82">
               <a:s>define &quot;Initial Population&quot;:
  </a:s>
               <a:s r="81">
                  <a:s r="72">
                     <a:s r="51">
                        <a:s r="47">
                           <a:s>AgeInYearsAt(</a:s>
                           <a:s r="46">
                              <a:s>date from 
    </a:s>
                              <a:s r="45">
                                 <a:s>end of </a:s>
                                 <a:s r="44">
                                    <a:s>&quot;Measurement Period&quot;</a:s>
                                 </a:s>
                              </a:s>
                           </a:s>
                           <a:s>
  )</a:s>
                        </a:s>
                        <a:s>in </a:s>
                        <a:s r="50">
                           <a:s r="48">Interval[18, 75]</a:s>
                        </a:s>
                     </a:s>
                     <a:s>
    and </a:s>
                     <a:s r="71">
                        <a:s>exists </a:s>
                        <a:s r="70">
                           <a:s>( </a:s>
                           <a:s r="70">
                              <a:s>&quot;Qualifying Encounters&quot;</a:s>
                           </a:s>
                           <a:s> )</a:s>
                        </a:s>
                     </a:s>
                  </a:s>
                  <a:s>
    and </a:s>
                  <a:s r="80">
                     <a:s>exists </a:s>
                     <a:s r="79">
                        <a:s>( </a:s>
                        <a:s r="79">
                           <a:s>
                              <a:s r="74">
                                 <a:s r="73">
                                    <a:s r="73">
                                       <a:s>[&quot;Diagnosis&quot;: </a:s>
                                       <a:s>
                                          <a:s>&quot;Diabetes&quot;</a:s>
                                       </a:s>
                                       <a:s>]</a:s>
                                    </a:s>
                                 </a:s>
                                 <a:s> Diabetes</a:s>
                              </a:s>
                           </a:s>
                           <a:s>
        </a:s>
                           <a:s r="78">
                              <a:s>where </a:s>
                              <a:s r="78">
                                 <a:s r="76">
                                    <a:s r="75">
                                       <a:s>Diabetes</a:s>
                                    </a:s>
                                    <a:s>.</a:s>
                                    <a:s r="76">
                                       <a:s>prevalencePeriod</a:s>
                                    </a:s>
                                 </a:s>
                                 <a:s r="78"> overlaps </a:s>
                                 <a:s r="77">
                                    <a:s>&quot;Measurement Period&quot;</a:s>
                                 </a:s>
                              </a:s>
                           </a:s>
                        </a:s>
                        <a:s>
    )</a:s>
                     </a:s>
                  </a:s>
               </a:s>
            </a:s>
         </annotation>
         <expression localId="81" locator="97:3-103:5" xsi:type="And">
            <operand localId="72" locator="97:3-100:42" xsi:type="And">
               <operand localId="51" locator="97:3-99:22" xsi:type="In">
                  <operand localId="47" locator="97:3-99:3" precision="Year" xsi:type="CalculateAgeAt">
                     <operand xsi:type="ToDate">
                        <operand path="birthDatetime" xsi:type="Property">
                           <source name="Patient" xsi:type="ExpressionRef"/>
                        </operand>
                     </operand>
                     <operand localId="46" locator="97:16-98:31" xsi:type="DateFrom">
                        <operand localId="45" locator="98:5-98:31" xsi:type="End">
                           <operand localId="44" locator="98:12-98:31" name="Measurement Period" xsi:type="ParameterRef"/>
                        </operand>
                     </operand>
                  </operand>
                  <operand localId="50" locator="99:7-99:22" lowClosed="true" highClosed="true" xsi:type="Interval">
                     <low localId="48" locator="99:16-99:17" valueType="t:Integer" value="18" xsi:type="Literal"/>
                     <high localId="49" locator="99:20-99:21" valueType="t:Integer" value="75" xsi:type="Literal"/>
                  </operand>
               </operand>
               <operand localId="71" locator="100:9-100:42" xsi:type="Exists">
                  <operand localId="70" locator="100:16-100:42" name="Qualifying Encounters" xsi:type="ExpressionRef"/>
               </operand>
            </operand>
            <operand localId="80" locator="101:9-103:5" xsi:type="Exists">
               <operand localId="79" locator="101:16-103:5" xsi:type="Query">
                  <source localId="74" locator="101:18-101:51" alias="Diabetes">
                     <expression localId="73" locator="101:18-101:42" xmlns:ns8="urn:healthit-gov:qdm:v5_6" dataType="ns8:Diagnosis" codeProperty="code" codeComparator="in" xsi:type="Retrieve">
                        <codes locator="101:32-101:41" name="Diabetes" xsi:type="ValueSetRef"/>
                     </expression>
                  </source>
                  <where localId="78" locator="102:9-102:69" xsi:type="Overlaps">
                     <operand localId="76" locator="102:15-102:39" path="prevalencePeriod" scope="Diabetes" xsi:type="Property"/>
                     <operand localId="77" locator="102:50-102:69" name="Measurement Period" xsi:type="ParameterRef"/>
                  </where>
               </operand>
            </operand>
         </expression>
      </def>
      <def localId="84" locator="42:1-43:22" name="Denominator" context="Patient" accessLevel="Public">
         <annotation xsi:type="a:Annotation">
            <a:s r="84">
               <a:s>define &quot;Denominator&quot;:
  </a:s>
               <a:s r="83">
                  <a:s>&quot;Initial Population&quot;</a:s>
               </a:s>
            </a:s>
         </annotation>
         <expression localId="83" locator="43:3-43:22" name="Initial Population" xsi:type="ExpressionRef"/>
      </def>
      <def localId="86" locator="45:1-46:62" name="End Stage Renal Disease Encounter" context="Patient" accessLevel="Public">
         <annotation xsi:type="a:Annotation">
            <a:s r="86">
               <a:s>define &quot;End Stage Renal Disease Encounter&quot;:
  </a:s>
               <a:s r="85">
                  <a:s>[&quot;Encounter, Performed&quot;: </a:s>
                  <a:s>
                     <a:s>&quot;ESRD Monthly Outpatient Services&quot;</a:s>
                  </a:s>
                  <a:s>]</a:s>
               </a:s>
            </a:s>
         </annotation>
         <expression localId="85" locator="46:3-46:62" xmlns:ns9="urn:healthit-gov:qdm:v5_6" dataType="ns9:PositiveEncounterPerformed" templateId="PositiveEncounterPerformed" codeProperty="code" codeComparator="in" xsi:type="Retrieve">
            <codes locator="46:28-46:61" name="ESRD Monthly Outpatient Services" xsi:type="ValueSetRef"/>
         </expression>
      </def>
      <def localId="102" locator="48:1-54:77" name="Nephropathy Diagnoses" context="Patient" accessLevel="Public">
         <annotation xsi:type="a:Annotation">
            <a:s r="102">
               <a:s>define &quot;Nephropathy Diagnoses&quot;:
  </a:s>
               <a:s r="101">
                  <a:s>
                     <a:s r="96">
                        <a:s r="95">
                           <a:s>( </a:s>
                           <a:s r="95">
                              <a:s r="93">
                                 <a:s r="91">
                                    <a:s r="89">
                                       <a:s r="87">
                                          <a:s>[&quot;Diagnosis&quot;: </a:s>
                                          <a:s>
                                             <a:s>&quot;Hypertensive Chronic Kidney Disease&quot;</a:s>
                                          </a:s>
                                          <a:s>]</a:s>
                                       </a:s>
                                       <a:s>
    union </a:s>
                                       <a:s r="88">
                                          <a:s>[&quot;Diagnosis&quot;: </a:s>
                                          <a:s>
                                             <a:s>&quot;Kidney Failure&quot;</a:s>
                                          </a:s>
                                          <a:s>]</a:s>
                                       </a:s>
                                    </a:s>
                                    <a:s>
    union </a:s>
                                    <a:s r="90">
                                       <a:s>[&quot;Diagnosis&quot;: </a:s>
                                       <a:s>
                                          <a:s>&quot;Glomerulonephritis and Nephrotic Syndrome&quot;</a:s>
                                       </a:s>
                                       <a:s>]</a:s>
                                    </a:s>
                                 </a:s>
                                 <a:s>
    union </a:s>
                                 <a:s r="92">
                                    <a:s>[&quot;Diagnosis&quot;: </a:s>
                                    <a:s>
                                       <a:s>&quot;Diabetic Nephropathy&quot;</a:s>
                                    </a:s>
                                    <a:s>]</a:s>
                                 </a:s>
                              </a:s>
                              <a:s>
    union </a:s>
                              <a:s r="94">
                                 <a:s>[&quot;Diagnosis&quot;: </a:s>
                                 <a:s>
                                    <a:s>&quot;Proteinuria&quot;</a:s>
                                 </a:s>
                                 <a:s>]</a:s>
                              </a:s>
                           </a:s>
                           <a:s> )</a:s>
                        </a:s>
                        <a:s> NephropathyDiagnoses</a:s>
                     </a:s>
                  </a:s>
                  <a:s>
    </a:s>
                  <a:s r="100">
                     <a:s>where </a:s>
                     <a:s r="100">
                        <a:s r="98">
                           <a:s r="97">
                              <a:s>NephropathyDiagnoses</a:s>
                           </a:s>
                           <a:s>.</a:s>
                           <a:s r="98">
                              <a:s>prevalencePeriod</a:s>
                           </a:s>
                        </a:s>
                        <a:s r="100"> overlaps </a:s>
                        <a:s r="99">
                           <a:s>&quot;Measurement Period&quot;</a:s>
                        </a:s>
                     </a:s>
                  </a:s>
               </a:s>
            </a:s>
         </annotation>
         <expression localId="101" locator="49:3-54:77" xsi:type="Query">
            <source localId="96" locator="49:3-53:61" alias="NephropathyDiagnoses">
               <expression localId="95" locator="49:3-53:40" xsi:type="Union">
                  <operand localId="93" locator="49:5-52:47" xsi:type="Union">
                     <operand localId="89" locator="49:5-50:41" xsi:type="Union">
                        <operand localId="87" locator="49:5-49:56" xmlns:ns10="urn:healthit-gov:qdm:v5_6" dataType="ns10:Diagnosis" codeProperty="code" codeComparator="in" xsi:type="Retrieve">
                           <codes locator="49:19-49:55" name="Hypertensive Chronic Kidney Disease" xsi:type="ValueSetRef"/>
                        </operand>
                        <operand localId="88" locator="50:11-50:41" xmlns:ns11="urn:healthit-gov:qdm:v5_6" dataType="ns11:Diagnosis" codeProperty="code" codeComparator="in" xsi:type="Retrieve">
                           <codes locator="50:25-50:40" name="Kidney Failure" xsi:type="ValueSetRef"/>
                        </operand>
                     </operand>
                     <operand xsi:type="Union">
                        <operand localId="90" locator="51:11-51:68" xmlns:ns12="urn:healthit-gov:qdm:v5_6" dataType="ns12:Diagnosis" codeProperty="code" codeComparator="in" xsi:type="Retrieve">
                           <codes locator="51:25-51:67" name="Glomerulonephritis and Nephrotic Syndrome" xsi:type="ValueSetRef"/>
                        </operand>
                        <operand localId="92" locator="52:11-52:47" xmlns:ns13="urn:healthit-gov:qdm:v5_6" dataType="ns13:Diagnosis" codeProperty="code" codeComparator="in" xsi:type="Retrieve">
                           <codes locator="52:25-52:46" name="Diabetic Nephropathy" xsi:type="ValueSetRef"/>
                        </operand>
                     </operand>
                  </operand>
                  <operand localId="94" locator="53:11-53:38" xmlns:ns14="urn:healthit-gov:qdm:v5_6" dataType="ns14:Diagnosis" codeProperty="code" codeComparator="in" xsi:type="Retrieve">
                     <codes locator="53:25-53:37" name="Proteinuria" xsi:type="ValueSetRef"/>
                  </operand>
               </expression>
            </source>
            <where localId="100" locator="54:5-54:77" xsi:type="Overlaps">
               <operand localId="98" locator="54:11-54:47" path="prevalencePeriod" scope="NephropathyDiagnoses" xsi:type="Property"/>
               <operand localId="99" locator="54:58-54:77" name="Measurement Period" xsi:type="ParameterRef"/>
            </where>
         </expression>
      </def>
      <def localId="111" locator="69:1-72:3" name="Renal Procedures" context="Patient" accessLevel="Public">
         <annotation xsi:type="a:Annotation">
            <a:s r="111">
               <a:s>define &quot;Renal Procedures&quot;:
  </a:s>
               <a:s r="110">
                  <a:s>( </a:s>
                  <a:s r="110">
                     <a:s r="108">
                        <a:s>[&quot;Procedure, Performed&quot;: </a:s>
                        <a:s>
                           <a:s>&quot;Kidney Transplant&quot;</a:s>
                        </a:s>
                        <a:s>]</a:s>
                     </a:s>
                     <a:s>
      union </a:s>
                     <a:s r="109">
                        <a:s>[&quot;Procedure, Performed&quot;: </a:s>
                        <a:s>
                           <a:s>&quot;Dialysis Services&quot;</a:s>
                        </a:s>
                        <a:s>]</a:s>
                     </a:s>
                  </a:s>
                  <a:s>
  )</a:s>
               </a:s>
            </a:s>
         </annotation>
         <expression localId="110" locator="70:3-72:3" xsi:type="Union">
            <operand localId="108" locator="70:5-70:49" xmlns:ns15="urn:healthit-gov:qdm:v5_6" dataType="ns15:PositiveProcedurePerformed" templateId="PositiveProcedurePerformed" codeProperty="code" codeComparator="in" xsi:type="Retrieve">
               <codes locator="70:30-70:48" name="Kidney Transplant" xsi:type="ValueSetRef"/>
            </operand>
            <operand localId="109" locator="71:13-71:57" xmlns:ns16="urn:healthit-gov:qdm:v5_6" dataType="ns16:PositiveProcedurePerformed" templateId="PositiveProcedurePerformed" codeProperty="code" codeComparator="in" xsi:type="Retrieve">
               <codes locator="71:38-71:56" name="Dialysis Services" xsi:type="ValueSetRef"/>
            </operand>
         </expression>
      </def>
      <def localId="116" locator="65:1-67:59" name="Renal Interventions" context="Patient" accessLevel="Public">
         <annotation xsi:type="a:Annotation">
            <a:s r="116">
               <a:s>define &quot;Renal Interventions&quot;:
  </a:s>
               <a:s r="115">
                  <a:s r="113">
                     <a:s>[&quot;Intervention, Performed&quot;: </a:s>
                     <a:s>
                        <a:s>&quot;Other Services Related to Dialysis&quot;</a:s>
                     </a:s>
                     <a:s>]</a:s>
                  </a:s>
                  <a:s>
    union </a:s>
                  <a:s r="114">
                     <a:s>[&quot;Intervention, Performed&quot;: </a:s>
                     <a:s>
                        <a:s>&quot;Dialysis Education&quot;</a:s>
                     </a:s>
                     <a:s>]</a:s>
                  </a:s>
               </a:s>
            </a:s>
         </annotation>
         <expression localId="115" locator="66:3-67:59" xsi:type="Union">
            <operand localId="113" locator="66:3-66:67" xmlns:ns17="urn:healthit-gov:qdm:v5_6" dataType="ns17:PositiveInterventionPerformed" templateId="PositiveInterventionPerformed" codeProperty="code" codeComparator="in" xsi:type="Retrieve">
               <codes locator="66:31-66:66" name="Other Services Related to Dialysis" xsi:type="ValueSetRef"/>
            </operand>
            <operand localId="114" locator="67:11-67:59" xmlns:ns18="urn:healthit-gov:qdm:v5_6" dataType="ns18:PositiveInterventionPerformed" templateId="PositiveInterventionPerformed" codeProperty="code" codeComparator="in" xsi:type="Retrieve">
               <codes locator="67:39-67:58" name="Dialysis Education" xsi:type="ValueSetRef"/>
            </operand>
         </expression>
      </def>
      <def localId="125" locator="61:1-63:46" name="Protein Urea Lab Test" context="Patient" accessLevel="Public">
         <annotation xsi:type="a:Annotation">
            <a:s r="125">
               <a:s>define &quot;Protein Urea Lab Test&quot;:
  </a:s>
               <a:s r="124">
                  <a:s>
                     <a:s r="120">
                        <a:s r="119">
                           <a:s r="119">
                              <a:s>[&quot;Laboratory Test, Performed&quot;: </a:s>
                              <a:s>
                                 <a:s>&quot;Urine Protein Tests&quot;</a:s>
                              </a:s>
                              <a:s>]</a:s>
                           </a:s>
                        </a:s>
                        <a:s> ProteinUreaResult</a:s>
                     </a:s>
                  </a:s>
                  <a:s>
    </a:s>
                  <a:s r="123">
                     <a:s>where </a:s>
                     <a:s r="123">
                        <a:s r="122">
                           <a:s r="121">
                              <a:s>ProteinUreaResult</a:s>
                           </a:s>
                           <a:s>.</a:s>
                           <a:s r="122">
                              <a:s>result</a:s>
                           </a:s>
                        </a:s>
                        <a:s> is not null</a:s>
                     </a:s>
                  </a:s>
               </a:s>
            </a:s>
         </annotation>
         <expression localId="124" locator="62:3-63:46" xsi:type="Query">
            <source localId="120" locator="62:3-62:73" alias="ProteinUreaResult">
               <expression localId="119" locator="62:3-62:55" xmlns:ns19="urn:healthit-gov:qdm:v5_6" dataType="ns19:PositiveLaboratoryTestPerformed" templateId="PositiveLaboratoryTestPerformed" codeProperty="code" codeComparator="in" xsi:type="Retrieve">
                  <codes locator="62:34-62:54" name="Urine Protein Tests" xsi:type="ValueSetRef"/>
               </expression>
            </source>
            <where localId="123" locator="63:5-63:46" xsi:type="Not">
               <operand locator="63:11-63:46" xsi:type="IsNull">
                  <operand localId="122" locator="63:11-63:34" path="result" scope="ProteinUreaResult" xsi:type="Property"/>
               </operand>
            </where>
         </expression>
      </def>
      <def localId="146" locator="86:1-94:5" name="Nephropathy Screenings" context="Patient" accessLevel="Public">
         <annotation xsi:type="a:Annotation">
            <a:s r="146">
               <a:s>define &quot;Nephropathy Screenings&quot;:
  </a:s>
               <a:s r="145">
                  <a:s r="137">
                     <a:s>( </a:s>
                     <a:s r="137">
                        <a:s>
                           <a:s r="128">
                              <a:s r="127">
                                 <a:s>( </a:s>
                                 <a:s r="127">
                                    <a:s r="118">
                                       <a:s r="112">
                                          <a:s>&quot;Renal Procedures&quot;</a:s>
                                       </a:s>
                                       <a:s>
      union </a:s>
                                       <a:s r="117">
                                          <a:s>&quot;Renal Interventions&quot;</a:s>
                                       </a:s>
                                    </a:s>
                                    <a:s>
      union </a:s>
                                    <a:s r="126">
                                       <a:s>&quot;Protein Urea Lab Test&quot;</a:s>
                                    </a:s>
                                 </a:s>
                                 <a:s> )</a:s>
                              </a:s>
                              <a:s> ScreeningNephropathy</a:s>
                           </a:s>
                        </a:s>
                        <a:s>
      </a:s>
                        <a:s r="136">
                           <a:s>where </a:s>
                           <a:s r="136">
                              <a:s r="134">
                                 <a:s r="129">
                                    <a:s>Global</a:s>
                                 </a:s>
                                 <a:s>.</a:s>
                                 <a:s r="134">
                                    <a:s>&quot;NormalizeInterval&quot; ( </a:s>
                                    <a:s r="131">
                                       <a:s r="130">
                                          <a:s>ScreeningNephropathy</a:s>
                                       </a:s>
                                       <a:s>.</a:s>
                                       <a:s r="131">
                                          <a:s>relevantDatetime</a:s>
                                       </a:s>
                                    </a:s>
                                    <a:s>, </a:s>
                                    <a:s r="133">
                                       <a:s r="132">
                                          <a:s>ScreeningNephropathy</a:s>
                                       </a:s>
                                       <a:s>.</a:s>
                                       <a:s r="133">
                                          <a:s>relevantPeriod</a:s>
                                       </a:s>
                                    </a:s>
                                    <a:s> )</a:s>
                                 </a:s>
                              </a:s>
                              <a:s r="136"> during day of </a:s>
                              <a:s r="135">
                                 <a:s>&quot;Measurement Period&quot;</a:s>
                              </a:s>
                           </a:s>
                        </a:s>
                     </a:s>
                     <a:s>
  )</a:s>
                  </a:s>
                  <a:s>
    union </a:s>
                  <a:s r="144">
                     <a:s>( </a:s>
                     <a:s r="144">
                        <a:s>
                           <a:s r="139">
                              <a:s r="138">
                                 <a:s>
                                    <a:s>&quot;End Stage Renal Disease Encounter&quot;</a:s>
                                 </a:s>
                              </a:s>
                              <a:s> ESRDEncounter</a:s>
                           </a:s>
                        </a:s>
                        <a:s>
        </a:s>
                        <a:s r="143">
                           <a:s>where </a:s>
                           <a:s r="143">
                              <a:s r="141">
                                 <a:s r="140">
                                    <a:s>ESRDEncounter</a:s>
                                 </a:s>
                                 <a:s>.</a:s>
                                 <a:s r="141">
                                    <a:s>relevantPeriod</a:s>
                                 </a:s>
                              </a:s>
                              <a:s r="143"> during day of </a:s>
                              <a:s r="142">
                                 <a:s>&quot;Measurement Period&quot;</a:s>
                              </a:s>
                           </a:s>
                        </a:s>
                     </a:s>
                     <a:s>
    )</a:s>
                  </a:s>
               </a:s>
            </a:s>
         </annotation>
         <expression localId="145" locator="87:3-94:5" xsi:type="Union">
            <operand xsi:type="As">
               <operand localId="137" locator="87:3-91:3" xsi:type="Query">
                  <source localId="128" locator="87:5-89:58" alias="ScreeningNephropathy">
                     <expression localId="127" locator="87:5-89:37" xsi:type="Union">
                        <operand xsi:type="As">
                           <operand localId="118" locator="87:7-88:33" xsi:type="Union">
                              <operand xsi:type="As">
                                 <operand localId="112" locator="87:7-87:24" name="Renal Procedures" xsi:type="ExpressionRef"/>
                                 <asTypeSpecifier xsi:type="ListTypeSpecifier">
                                    <elementType xsi:type="ChoiceTypeSpecifier">
                                       <choice xmlns:ns20="urn:healthit-gov:qdm:v5_6" name="ns20:PositiveInterventionPerformed" xsi:type="NamedTypeSpecifier"/>
                                       <choice xmlns:ns21="urn:healthit-gov:qdm:v5_6" name="ns21:PositiveProcedurePerformed" xsi:type="NamedTypeSpecifier"/>
                                    </elementType>
                                 </asTypeSpecifier>
                              </operand>
                              <operand xsi:type="As">
                                 <operand localId="117" locator="88:13-88:33" name="Renal Interventions" xsi:type="ExpressionRef"/>
                                 <asTypeSpecifier xsi:type="ListTypeSpecifier">
                                    <elementType xsi:type="ChoiceTypeSpecifier">
                                       <choice xmlns:ns22="urn:healthit-gov:qdm:v5_6" name="ns22:PositiveInterventionPerformed" xsi:type="NamedTypeSpecifier"/>
                                       <choice xmlns:ns23="urn:healthit-gov:qdm:v5_6" name="ns23:PositiveProcedurePerformed" xsi:type="NamedTypeSpecifier"/>
                                    </elementType>
                                 </asTypeSpecifier>
                              </operand>
                           </operand>
                           <asTypeSpecifier xsi:type="ListTypeSpecifier">
                              <elementType xsi:type="ChoiceTypeSpecifier">
                                 <choice xmlns:ns24="urn:healthit-gov:qdm:v5_6" name="ns24:PositiveLaboratoryTestPerformed" xsi:type="NamedTypeSpecifier"/>
                                 <choice xmlns:ns25="urn:healthit-gov:qdm:v5_6" name="ns25:PositiveInterventionPerformed" xsi:type="NamedTypeSpecifier"/>
                                 <choice xmlns:ns26="urn:healthit-gov:qdm:v5_6" name="ns26:PositiveProcedurePerformed" xsi:type="NamedTypeSpecifier"/>
                              </elementType>
                           </asTypeSpecifier>
                        </operand>
                        <operand xsi:type="As">
                           <operand localId="126" locator="89:13-89:35" name="Protein Urea Lab Test" xsi:type="ExpressionRef"/>
                           <asTypeSpecifier xsi:type="ListTypeSpecifier">
                              <elementType xsi:type="ChoiceTypeSpecifier">
                                 <choice xmlns:ns27="urn:healthit-gov:qdm:v5_6" name="ns27:PositiveLaboratoryTestPerformed" xsi:type="NamedTypeSpecifier"/>
                                 <choice xmlns:ns28="urn:healthit-gov:qdm:v5_6" name="ns28:PositiveInterventionPerformed" xsi:type="NamedTypeSpecifier"/>
                                 <choice xmlns:ns29="urn:healthit-gov:qdm:v5_6" name="ns29:PositiveProcedurePerformed" xsi:type="NamedTypeSpecifier"/>
                              </elementType>
                           </asTypeSpecifier>
                        </operand>
                     </expression>
                  </source>
                  <where localId="136" locator="90:7-90:152" precision="Day" xsi:type="IncludedIn">
                     <operand localId="134" locator="90:13-90:117" name="NormalizeInterval" libraryName="Global" xsi:type="FunctionRef">
                        <operand localId="131" locator="90:42-90:78" path="relevantDatetime" scope="ScreeningNephropathy" xsi:type="Property"/>
                        <operand localId="133" locator="90:81-90:115" path="relevantPeriod" scope="ScreeningNephropathy" xsi:type="Property"/>
                     </operand>
                     <operand localId="135" locator="90:133-90:152" name="Measurement Period" xsi:type="ParameterRef"/>
                  </where>
               </operand>
               <asTypeSpecifier xsi:type="ListTypeSpecifier">
                  <elementType xsi:type="ChoiceTypeSpecifier">
                     <choice xmlns:ns30="urn:healthit-gov:qdm:v5_6" name="ns30:PositiveLaboratoryTestPerformed" xsi:type="NamedTypeSpecifier"/>
                     <choice xmlns:ns31="urn:healthit-gov:qdm:v5_6" name="ns31:PositiveEncounterPerformed" xsi:type="NamedTypeSpecifier"/>
                     <choice xmlns:ns32="urn:healthit-gov:qdm:v5_6" name="ns32:PositiveInterventionPerformed" xsi:type="NamedTypeSpecifier"/>
                     <choice xmlns:ns33="urn:healthit-gov:qdm:v5_6" name="ns33:PositiveProcedurePerformed" xsi:type="NamedTypeSpecifier"/>
                  </elementType>
               </asTypeSpecifier>
            </operand>
            <operand xsi:type="As">
               <operand localId="144" locator="92:11-94:5" xsi:type="Query">
                  <source localId="139" locator="92:13-92:61" alias="ESRDEncounter">
                     <expression localId="138" locator="92:13-92:47" name="End Stage Renal Disease Encounter" xsi:type="ExpressionRef"/>
                  </source>
                  <where localId="143" locator="93:9-93:77" precision="Day" xsi:type="IncludedIn">
                     <operand localId="141" locator="93:15-93:42" path="relevantPeriod" scope="ESRDEncounter" xsi:type="Property"/>
                     <operand localId="142" locator="93:58-93:77" name="Measurement Period" xsi:type="ParameterRef"/>
                  </where>
               </operand>
               <asTypeSpecifier xsi:type="ListTypeSpecifier">
                  <elementType xsi:type="ChoiceTypeSpecifier">
                     <choice xmlns:ns34="urn:healthit-gov:qdm:v5_6" name="ns34:PositiveLaboratoryTestPerformed" xsi:type="NamedTypeSpecifier"/>
                     <choice xmlns:ns35="urn:healthit-gov:qdm:v5_6" name="ns35:PositiveEncounterPerformed" xsi:type="NamedTypeSpecifier"/>
                     <choice xmlns:ns36="urn:healthit-gov:qdm:v5_6" name="ns36:PositiveInterventionPerformed" xsi:type="NamedTypeSpecifier"/>
                     <choice xmlns:ns37="urn:healthit-gov:qdm:v5_6" name="ns37:PositiveProcedurePerformed" xsi:type="NamedTypeSpecifier"/>
                  </elementType>
               </asTypeSpecifier>
            </operand>
         </expression>
      </def>
      <def localId="150" locator="56:1-59:42" name="Numerator" context="Patient" accessLevel="Public">
         <annotation xsi:type="a:Annotation">
            <a:s r="150">
               <a:s>define &quot;Numerator&quot;:
  </a:s>
               <a:s r="149">
                  <a:s r="107">
                     <a:s r="104">
                        <a:s>exists </a:s>
                        <a:s r="103">
                           <a:s>( </a:s>
                           <a:s r="103">
                              <a:s>&quot;Active ACE or ARB Medications&quot;</a:s>
                           </a:s>
                           <a:s> )</a:s>
                        </a:s>
                     </a:s>
                     <a:s>
    or </a:s>
                     <a:s r="106">
                        <a:s>exists </a:s>
                        <a:s r="105">
                           <a:s>( </a:s>
                           <a:s r="105">
                              <a:s>&quot;Nephropathy Diagnoses&quot;</a:s>
                           </a:s>
                           <a:s> )</a:s>
                        </a:s>
                     </a:s>
                  </a:s>
                  <a:s>
    or </a:s>
                  <a:s r="148">
                     <a:s>exists </a:s>
                     <a:s r="147">
                        <a:s>( </a:s>
                        <a:s r="147">
                           <a:s>&quot;Nephropathy Screenings&quot;</a:s>
                        </a:s>
                        <a:s> )</a:s>
                     </a:s>
                  </a:s>
               </a:s>
            </a:s>
         </annotation>
         <expression localId="149" locator="57:3-59:42" xsi:type="Or">
            <operand localId="107" locator="57:3-58:41" xsi:type="Or">
               <operand localId="104" locator="57:3-57:44" xsi:type="Exists">
                  <operand localId="103" locator="57:10-57:44" name="Active ACE or ARB Medications" xsi:type="ExpressionRef"/>
               </operand>
               <operand localId="106" locator="58:8-58:41" xsi:type="Exists">
                  <operand localId="105" locator="58:15-58:41" name="Nephropathy Diagnoses" xsi:type="ExpressionRef"/>
               </operand>
            </operand>
            <operand localId="148" locator="59:8-59:42" xsi:type="Exists">
               <operand localId="147" locator="59:15-59:42" name="Nephropathy Screenings" xsi:type="ExpressionRef"/>
            </operand>
         </expression>
      </def>
      <def localId="152" locator="74:1-75:51" name="SDE Ethnicity" context="Patient" accessLevel="Public">
         <annotation xsi:type="a:Annotation">
            <a:s r="152">
               <a:s>define &quot;SDE Ethnicity&quot;:
  </a:s>
               <a:s r="151">
                  <a:s>[&quot;Patient Characteristic Ethnicity&quot;: </a:s>
                  <a:s>
                     <a:s>&quot;Ethnicity&quot;</a:s>
                  </a:s>
                  <a:s>]</a:s>
               </a:s>
            </a:s>
         </annotation>
         <expression localId="151" locator="75:3-75:51" xmlns:ns38="urn:healthit-gov:qdm:v5_6" dataType="ns38:PatientCharacteristicEthnicity" codeProperty="code" codeComparator="in" xsi:type="Retrieve">
            <codes locator="75:40-75:50" name="Ethnicity" xsi:type="ValueSetRef"/>
         </expression>
      </def>
      <def localId="154" locator="77:1-78:43" name="SDE Payer" context="Patient" accessLevel="Public">
         <annotation xsi:type="a:Annotation">
            <a:s r="154">
               <a:s>define &quot;SDE Payer&quot;:
  </a:s>
               <a:s r="153">
                  <a:s>[&quot;Patient Characteristic Payer&quot;: </a:s>
                  <a:s>
                     <a:s>&quot;Payer&quot;</a:s>
                  </a:s>
                  <a:s>]</a:s>
               </a:s>
            </a:s>
         </annotation>
         <expression localId="153" locator="78:3-78:43" xmlns:ns39="urn:healthit-gov:qdm:v5_6" dataType="ns39:PatientCharacteristicPayer" codeProperty="code" codeComparator="in" xsi:type="Retrieve">
            <codes locator="78:36-78:42" name="Payer" xsi:type="ValueSetRef"/>
         </expression>
      </def>
      <def localId="156" locator="80:1-81:41" name="SDE Race" context="Patient" accessLevel="Public">
         <annotation xsi:type="a:Annotation">
            <a:s r="156">
               <a:s>define &quot;SDE Race&quot;:
  </a:s>
               <a:s r="155">
                  <a:s>[&quot;Patient Characteristic Race&quot;: </a:s>
                  <a:s>
                     <a:s>&quot;Race&quot;</a:s>
                  </a:s>
                  <a:s>]</a:s>
               </a:s>
            </a:s>
         </annotation>
         <expression localId="155" locator="81:3-81:41" xmlns:ns40="urn:healthit-gov:qdm:v5_6" dataType="ns40:PatientCharacteristicRace" codeProperty="code" codeComparator="in" xsi:type="Retrieve">
            <codes locator="81:35-81:40" name="Race" xsi:type="ValueSetRef"/>
         </expression>
      </def>
      <def localId="158" locator="83:1-84:58" name="SDE Sex" context="Patient" accessLevel="Public">
         <annotation xsi:type="a:Annotation">
            <a:s r="158">
               <a:s>define &quot;SDE Sex&quot;:
  </a:s>
               <a:s r="157">
                  <a:s>[&quot;Patient Characteristic Sex&quot;: </a:s>
                  <a:s>
                     <a:s>&quot;ONC Administrative Sex&quot;</a:s>
                  </a:s>
                  <a:s>]</a:s>
               </a:s>
            </a:s>
         </annotation>
         <expression localId="157" locator="84:3-84:58" xmlns:ns41="urn:healthit-gov:qdm:v5_6" dataType="ns41:PatientCharacteristicSex" codeProperty="code" codeComparator="in" xsi:type="Retrieve">
            <codes locator="84:34-84:57" name="ONC Administrative Sex" xsi:type="ValueSetRef"/>
         </expression>
      </def>
      <def localId="170" locator="114:1-118:65" name="Denominator Exclusions" context="Patient" accessLevel="Public">
         <annotation xsi:type="a:Annotation">
            <a:s r="170">
               <a:s>define &quot;Denominator Exclusions&quot;:
  </a:s>
               <a:s r="169">
                  <a:s r="166">
                     <a:s r="163">
                        <a:s r="160">
                           <a:s r="159">
                              <a:s>Hospice</a:s>
                           </a:s>
                           <a:s>.</a:s>
                           <a:s r="160">
                              <a:s>&quot;Has Hospice Services&quot;</a:s>
                           </a:s>
                        </a:s>
                        <a:s>
    or </a:s>
                        <a:s r="162">
                           <a:s r="161">
                              <a:s>AIFrailLTCF</a:s>
                           </a:s>
                           <a:s>.</a:s>
                           <a:s r="162">
                              <a:s>&quot;Is Age 66 or Older with Advanced Illness and Frailty&quot;</a:s>
                           </a:s>
                        </a:s>
                     </a:s>
                     <a:s>
    or </a:s>
                     <a:s r="165">
                        <a:s r="164">
                           <a:s>AIFrailLTCF</a:s>
                        </a:s>
                        <a:s>.</a:s>
                        <a:s r="165">
                           <a:s>&quot;Is Age 66 or Older Living Long Term in a Nursing Home&quot;</a:s>
                        </a:s>
                     </a:s>
                  </a:s>
                  <a:s>
    or </a:s>
                  <a:s r="168">
                     <a:s r="167">
                        <a:s>PalliativeCare</a:s>
                     </a:s>
                     <a:s>.</a:s>
                     <a:s r="168">
                        <a:s>&quot;Palliative Care in the Measurement Period&quot;</a:s>
                     </a:s>
                  </a:s>
               </a:s>
            </a:s>
         </annotation>
         <expression localId="169" locator="115:3-118:65" xsi:type="Or">
            <operand localId="166" locator="115:3-117:74" xsi:type="Or">
               <operand localId="163" locator="115:3-116:73" xsi:type="Or">
                  <operand localId="160" locator="115:3-115:32" name="Has Hospice Services" libraryName="Hospice" xsi:type="ExpressionRef"/>
                  <operand localId="162" locator="116:8-116:73" name="Is Age 66 or Older with Advanced Illness and Frailty" libraryName="AIFrailLTCF" xsi:type="ExpressionRef"/>
               </operand>
               <operand localId="165" locator="117:8-117:74" name="Is Age 66 or Older Living Long Term in a Nursing Home" libraryName="AIFrailLTCF" xsi:type="ExpressionRef"/>
            </operand>
            <operand localId="168" locator="118:8-118:65" name="Palliative Care in the Measurement Period" libraryName="PalliativeCare" xsi:type="ExpressionRef"/>
         </expression>
      </def>
   </statements>
</library>
