<?xml version="1.0" encoding="UTF-8" standalone="yes"?>
<QualityMeasureDocument xmlns="urn:hl7-org:v3" xmlns:cql-ext="urn:hhs-cql:hqmf-n1-extensions:v1"
                        xmlns:xsi="http://www.w3.org/2001/XMLSchema-instance">

      <!--
            **************************************************************
            Measure Details Section
            **************************************************************
        -->

      <typeId extension="POQM_HD000001UV02" root="2.16.840.1.113883.1.3"/>
   <templateId>
      <item extension="2021-02-01" root="2.16.840.1.113883.10.20.28.1.2"/>
   </templateId>
   <id root="2c928084-83d3-1b44-0183-ec9f5639051f"/>
   <code code="57024-2" codeSystem="2.16.840.1.113883.6.1">
      <displayName value="Health Quality Measure Document"/>
   </code>
   <title value="Anti-depressant Medication Management"/>
   <text
         value="Percentage of patients 18 years of age and older who were treated with antidepressant medication, had a diagnosis of major depression, and who remained on an antidepressant medication treatment. Two rates are reported. &#xA;a. Percentage of patients who remained on an antidepressant medication for at least 84 days (12 weeks). &#xA;b. Percentage of patients who remained on an antidepressant medication for at least 180 days (6 months)."/>
   <statusCode code="COMPLETED"/>
   <setId root="8924f2b3-ec06-4650-b634-d70a53dee577"/>
   <versionNumber value="12.0.000"/>
   <author>
      <responsibleParty classCode="ASSIGNED">
         <representedResponsibleOrganization classCode="ORG" determinerCode="INSTANCE">
            <id>
               <item root="2.16.840.1.113883.3.464"/>
            </id>
            <name>
               <item>
                  <part value="National Committee for Quality Assurance"/>
               </item>
            </name>
         </representedResponsibleOrganization>
      </responsibleParty>
   </author>
   <custodian>
      <responsibleParty classCode="ASSIGNED">
         <representedResponsibleOrganization classCode="ORG" determinerCode="INSTANCE">
            <id>
               <item root="40"/>
            </id>
            <name>
               <item>
                  <part value="National Committee for Quality Assurance"/>
               </item>
            </name>
         </representedResponsibleOrganization>
      </responsibleParty>
   </custodian>
   <!--Payer-->
     	 <definition>
      <valueSet classCode="OBS" moodCode="DEF">
         <id root="2.16.840.1.114222.4.11.3591"/>
         <title value="Payer"/>
      </valueSet>
   </definition>
   <!--ONC Administrative Sex-->
     	 <definition>
      <valueSet classCode="OBS" moodCode="DEF">
         <id root="2.16.840.1.113762.1.4.1"/>
         <title value="ONC Administrative Sex"/>
      </valueSet>
   </definition>
   <!--Major Depression-->
     	 <definition>
      <valueSet classCode="OBS" moodCode="DEF">
         <id root="2.16.840.1.113883.3.464.1003.105.12.1007"/>
         <title value="Major Depression"/>
      </valueSet>
   </definition>
   <!--Encounter Inpatient-->
     	 <definition>
      <valueSet classCode="OBS" moodCode="DEF">
         <id root="2.16.840.1.113883.3.666.5.307"/>
         <title value="Encounter Inpatient"/>
      </valueSet>
   </definition>
   <!--Telephone Visits-->
     	 <definition>
      <valueSet classCode="OBS" moodCode="DEF">
         <id root="2.16.840.1.113883.3.464.1003.101.12.1080"/>
         <title value="Telephone Visits"/>
      </valueSet>
   </definition>
   <!--Annual Wellness Visit-->
     	 <definition>
      <valueSet classCode="OBS" moodCode="DEF">
         <id root="2.16.840.1.113883.3.526.3.1240"/>
         <title value="Annual Wellness Visit"/>
      </valueSet>
   </definition>
   <!--Hospice Care Ambulatory-->
     	 <definition>
      <valueSet classCode="OBS" moodCode="DEF">
         <id root="2.16.840.1.113883.3.526.3.1584"/>
         <title value="Hospice Care Ambulatory"/>
      </valueSet>
   </definition>
   <!--Psych Visit Diagnostic Evaluation-->
     	 <definition>
      <valueSet classCode="OBS" moodCode="DEF">
         <id root="2.16.840.1.113883.3.526.3.1492"/>
         <title value="Psych Visit Diagnostic Evaluation"/>
      </valueSet>
   </definition>
   <!--Psych Visit Psychotherapy-->
     	 <definition>
      <valueSet classCode="OBS" moodCode="DEF">
         <id root="2.16.840.1.113883.3.526.3.1496"/>
         <title value="Psych Visit Psychotherapy"/>
      </valueSet>
   </definition>
   <!--Ethnicity-->
     	 <definition>
      <valueSet classCode="OBS" moodCode="DEF">
         <id root="2.16.840.1.114222.4.11.837"/>
         <title value="Ethnicity"/>
      </valueSet>
   </definition>
   <!--Antidepressant Medication-->
     	 <definition>
      <valueSet classCode="OBS" moodCode="DEF">
         <id root="2.16.840.1.113883.3.464.1003.196.12.1213"/>
         <title value="Antidepressant Medication"/>
      </valueSet>
   </definition>
   <!--Preventive Care Services Established Office Visit, 18 and Up-->
     	 <definition>
      <valueSet classCode="OBS" moodCode="DEF">
         <id root="2.16.840.1.113883.3.464.1003.101.12.1025"/>
         <title value="Preventive Care Services Established Office Visit, 18 and Up"/>
      </valueSet>
   </definition>
   <!--Preventive Care Services Initial Office Visit, 18 and Up-->
     	 <definition>
      <valueSet classCode="OBS" moodCode="DEF">
         <id root="2.16.840.1.113883.3.464.1003.101.12.1023"/>
         <title value="Preventive Care Services Initial Office Visit, 18 and Up"/>
      </valueSet>
   </definition>
   <!--Home Healthcare Services-->
     	 <definition>
      <valueSet classCode="OBS" moodCode="DEF">
         <id root="2.16.840.1.113883.3.464.1003.101.12.1016"/>
         <title value="Home Healthcare Services"/>
      </valueSet>
   </definition>
   <!--Race-->
     	 <definition>
      <valueSet classCode="OBS" moodCode="DEF">
         <id root="2.16.840.1.114222.4.11.836"/>
         <title value="Race"/>
      </valueSet>
   </definition>
   <!--Hospice Encounter-->
     	 <definition>
      <valueSet classCode="OBS" moodCode="DEF">
         <id root="2.16.840.1.113883.3.464.1003.1003"/>
         <title value="Hospice Encounter"/>
      </valueSet>
   </definition>
   <!--Nursing Facility Visit-->
     	 <definition>
      <valueSet classCode="OBS" moodCode="DEF">
         <id root="2.16.840.1.113883.3.464.1003.101.12.1012"/>
         <title value="Nursing Facility Visit"/>
      </valueSet>
   </definition>
   <!--Online Assessments-->
     	 <definition>
      <valueSet classCode="OBS" moodCode="DEF">
         <id root="2.16.840.1.113883.3.464.1003.101.12.1089"/>
         <title value="Online Assessments"/>
      </valueSet>
   </definition>
   <!--Office Visit-->
     	 <definition>
      <valueSet classCode="OBS" moodCode="DEF">
         <id root="2.16.840.1.113883.3.464.1003.101.12.1001"/>
         <title value="Office Visit"/>
      </valueSet>
   </definition>
   <!--Hospice Diagnosis-->
     	 <definition>
      <valueSet classCode="OBS" moodCode="DEF">
         <id root="2.16.840.1.113883.3.464.1003.1165"/>
         <title value="Hospice Diagnosis"/>
      </valueSet>
   </definition>
   <!--Hospice care [Minimum Data Set]-CODE:/CodeSystem/LOINC/Version/2.73/Code/45755-6/Info-->
      <definition>
      <cql-ext:code code="45755-6" codeSystem="2.16.840.1.113883.6.1" codeSystemName="LOINC">
         <displayName value="Hospice care [Minimum Data Set]"/>
      </cql-ext:code>
   </definition>
   <!--Every twelve hours (qualifier value)-CODE:/CodeSystem/SNOMEDCT/Version/2022-09/Code/307470009/Info-->
      <definition>
      <cql-ext:code code="307470009" codeSystem="2.16.840.1.113883.6.96" codeSystemName="SNOMEDCT">
         <displayName value="Every twelve hours (qualifier value)"/>
      </cql-ext:code>
   </definition>
   <!--One to two times a day (qualifier value)-CODE:/CodeSystem/SNOMEDCT/Version/2022-09/Code/396107007/Info-->
      <definition>
      <cql-ext:code code="396107007" codeSystem="2.16.840.1.113883.6.96" codeSystemName="SNOMEDCT">
         <displayName value="One to two times a day (qualifier value)"/>
      </cql-ext:code>
   </definition>
   <!--One to four times a day (qualifier value)-CODE:/CodeSystem/SNOMEDCT/Version/2022-09/Code/396109005/Info-->
      <definition>
      <cql-ext:code code="396109005" codeSystem="2.16.840.1.113883.6.96" codeSystemName="SNOMEDCT">
         <displayName value="One to four times a day (qualifier value)"/>
      </cql-ext:code>
   </definition>
   <!--Three times daily (qualifier value)-CODE:/CodeSystem/SNOMEDCT/Version/2022-09/Code/229798009/Info-->
      <definition>
      <cql-ext:code code="229798009" codeSystem="2.16.840.1.113883.6.96" codeSystemName="SNOMEDCT">
         <displayName value="Three times daily (qualifier value)"/>
      </cql-ext:code>
   </definition>
   <!--Every four hours (qualifier value)-CODE:/CodeSystem/SNOMEDCT/Version/2022-09/Code/225756002/Info-->
      <definition>
      <cql-ext:code code="225756002" codeSystem="2.16.840.1.113883.6.96" codeSystemName="SNOMEDCT">
         <displayName value="Every four hours (qualifier value)"/>
      </cql-ext:code>
   </definition>
   <!--Twice a day (qualifier value)-CODE:/CodeSystem/SNOMEDCT/Version/2022-09/Code/229799001/Info-->
      <definition>
      <cql-ext:code code="229799001" codeSystem="2.16.840.1.113883.6.96" codeSystemName="SNOMEDCT">
         <displayName value="Twice a day (qualifier value)"/>
      </cql-ext:code>
   </definition>
   <!--Every thirty six hours (qualifier value)-CODE:/CodeSystem/SNOMEDCT/Version/2022-09/Code/396126004/Info-->
      <definition>
      <cql-ext:code code="396126004" codeSystem="2.16.840.1.113883.6.96" codeSystemName="SNOMEDCT">
         <displayName value="Every thirty six hours (qualifier value)"/>
      </cql-ext:code>
   </definition>
   <!--Four times daily (qualifier value)-CODE:/CodeSystem/SNOMEDCT/Version/2022-09/Code/307439001/Info-->
      <definition>
      <cql-ext:code code="307439001" codeSystem="2.16.840.1.113883.6.96" codeSystemName="SNOMEDCT">
         <displayName value="Four times daily (qualifier value)"/>
      </cql-ext:code>
   </definition>
   <!--Every two to four hours (qualifier value)-CODE:/CodeSystem/SNOMEDCT/Version/2022-09/Code/225752000/Info-->
      <definition>
      <cql-ext:code code="225752000" codeSystem="2.16.840.1.113883.6.96" codeSystemName="SNOMEDCT">
         <displayName value="Every two to four hours (qualifier value)"/>
      </cql-ext:code>
   </definition>
   <!--Yes (qualifier value)-CODE:/CodeSystem/SNOMEDCT/Version/2022-09/Code/373066001/Info-->
      <definition>
      <cql-ext:code code="373066001" codeSystem="2.16.840.1.113883.6.96" codeSystemName="SNOMEDCT">
         <displayName value="Yes (qualifier value)"/>
      </cql-ext:code>
   </definition>
   <!--One to three times a day (qualifier value)-CODE:/CodeSystem/SNOMEDCT/Version/2022-09/Code/396108002/Info-->
      <definition>
      <cql-ext:code code="396108002" codeSystem="2.16.840.1.113883.6.96" codeSystemName="SNOMEDCT">
         <displayName value="One to three times a day (qualifier value)"/>
      </cql-ext:code>
   </definition>
   <!--Every eight to twelve hours (qualifier value)-CODE:/CodeSystem/SNOMEDCT/Version/2022-09/Code/396140003/Info-->
      <definition>
      <cql-ext:code code="396140003" codeSystem="2.16.840.1.113883.6.96" codeSystemName="SNOMEDCT">
         <displayName value="Every eight to twelve hours (qualifier value)"/>
      </cql-ext:code>
   </definition>
   <!--Every eight hours (qualifier value)-CODE:/CodeSystem/SNOMEDCT/Version/2022-09/Code/307469008/Info-->
      <definition>
      <cql-ext:code code="307469008" codeSystem="2.16.840.1.113883.6.96" codeSystemName="SNOMEDCT">
         <displayName value="Every eight hours (qualifier value)"/>
      </cql-ext:code>
   </definition>
   <!--Every seventy two hours (qualifier value)-CODE:/CodeSystem/SNOMEDCT/Version/2022-09/Code/396143001/Info-->
      <definition>
      <cql-ext:code code="396143001" codeSystem="2.16.840.1.113883.6.96" codeSystemName="SNOMEDCT">
         <displayName value="Every seventy two hours (qualifier value)"/>
      </cql-ext:code>
   </definition>
   <!--Every six to eight hours (qualifier value)-CODE:/CodeSystem/SNOMEDCT/Version/2022-09/Code/396139000/Info-->
      <definition>
      <cql-ext:code code="396139000" codeSystem="2.16.840.1.113883.6.96" codeSystemName="SNOMEDCT">
         <displayName value="Every six to eight hours (qualifier value)"/>
      </cql-ext:code>
   </definition>
   <!--Every forty eight hours (qualifier value)-CODE:/CodeSystem/SNOMEDCT/Version/2022-09/Code/396131002/Info-->
      <definition>
      <cql-ext:code code="396131002" codeSystem="2.16.840.1.113883.6.96" codeSystemName="SNOMEDCT">
         <displayName value="Every forty eight hours (qualifier value)"/>
      </cql-ext:code>
   </definition>
   <!--Every six hours (qualifier value)-CODE:/CodeSystem/SNOMEDCT/Version/2022-09/Code/307468000/Info-->
      <definition>
      <cql-ext:code code="307468000" codeSystem="2.16.840.1.113883.6.96" codeSystemName="SNOMEDCT">
         <displayName value="Every six hours (qualifier value)"/>
      </cql-ext:code>
   </definition>
   <!--Every three to four hours (qualifier value)-CODE:/CodeSystem/SNOMEDCT/Version/2022-09/Code/225754004/Info-->
      <definition>
      <cql-ext:code code="225754004" codeSystem="2.16.840.1.113883.6.96" codeSystemName="SNOMEDCT">
         <displayName value="Every three to four hours (qualifier value)"/>
      </cql-ext:code>
   </definition>
   <!--Every twenty four hours (qualifier value)-CODE:/CodeSystem/SNOMEDCT/Version/2022-09/Code/396125000/Info-->
      <definition>
      <cql-ext:code code="396125000" codeSystem="2.16.840.1.113883.6.96" codeSystemName="SNOMEDCT">
         <displayName value="Every twenty four hours (qualifier value)"/>
      </cql-ext:code>
   </definition>
   <!--Once daily (qualifier value)-CODE:/CodeSystem/SNOMEDCT/Version/2022-09/Code/229797004/Info-->
      <definition>
      <cql-ext:code code="229797004" codeSystem="2.16.840.1.113883.6.96" codeSystemName="SNOMEDCT">
         <displayName value="Once daily (qualifier value)"/>
      </cql-ext:code>
   </definition>
   <!--Discharge to healthcare facility for hospice care (procedure)-CODE:/CodeSystem/SNOMEDCT/Version/2022-09/Code/428371000124100/Info-->
      <definition>
      <cql-ext:code code="428371000124100" codeSystem="2.16.840.1.113883.6.96"
                    codeSystemName="SNOMEDCT">
         <displayName value="Discharge to healthcare facility for hospice care (procedure)"/>
      </cql-ext:code>
   </definition>
   <!--Every three to six hours (qualifier value)-CODE:/CodeSystem/SNOMEDCT/Version/2022-09/Code/396127008/Info-->
      <definition>
      <cql-ext:code code="396127008" codeSystem="2.16.840.1.113883.6.96" codeSystemName="SNOMEDCT">
         <displayName value="Every three to six hours (qualifier value)"/>
      </cql-ext:code>
   </definition>
   <!--Two to four times a day (qualifier value)-CODE:/CodeSystem/SNOMEDCT/Version/2022-09/Code/396111001/Info-->
      <definition>
      <cql-ext:code code="396111001" codeSystem="2.16.840.1.113883.6.96" codeSystemName="SNOMEDCT">
         <displayName value="Two to four times a day (qualifier value)"/>
      </cql-ext:code>
   </definition>
   <!--Discharge to home for hospice care (procedure)-CODE:/CodeSystem/SNOMEDCT/Version/2022-09/Code/428361000124107/Info-->
      <definition>
      <cql-ext:code code="428361000124107" codeSystem="2.16.840.1.113883.6.96"
                    codeSystemName="SNOMEDCT">
         <displayName value="Discharge to home for hospice care (procedure)"/>
      </cql-ext:code>
   </definition>
   <relatedDocument typeCode="COMP">
      <expressionDocument>
         <id root="38D61FF0-F045-4688-949D-481A564220D0"/>
         <text mediaType="text/cql">
            <reference value="https://emeasuretool.cms.gov/libraries/8924f2b3-ec06-4650-b634-d70a53dee577/CMS128-v12-0-000-QDM-5-6.cql"/>
            <translation mediaType="application/elm+xml">
               <reference value="https://emeasuretool.cms.gov/libraries/8924f2b3-ec06-4650-b634-d70a53dee577/CMS128-v12-0-000-QDM-5-6.xml"/>
            </translation>
            <translation mediaType="application/elm+json">
               <reference value="https://emeasuretool.cms.gov/libraries/8924f2b3-ec06-4650-b634-d70a53dee577/CMS128-v12-0-000-QDM-5-6.json"/>
            </translation>
         </text>
         <setId extension="8924f2b3-ec06-4650-b634-d70a53dee577"
                identifierName="AntidepressantMedicationManagement"
                root="https://emeasuretool.cms.gov/libraries"/>
         <versionNumber value="12.0.000"/>
      </expressionDocument>
   </relatedDocument>
   <relatedDocument typeCode="COMP">
      <expressionDocument>
         <id root="2c928083865108a3018695077a540ab9"/>
         <text mediaType="text/cql">
            <reference value="https://emeasuretool.cms.gov/libraries/64299b80-f383-4dc9-82e4-d6ef0b271b11/Hospice-v5-0-000-QDM-5-6.cql"/>
            <translation mediaType="application/elm+xml">
               <reference value="https://emeasuretool.cms.gov/libraries/64299b80-f383-4dc9-82e4-d6ef0b271b11/Hospice-v5-0-000-QDM-5-6.xml"/>
            </translation>
            <translation mediaType="application/elm+json">
               <reference value="https://emeasuretool.cms.gov/libraries/64299b80-f383-4dc9-82e4-d6ef0b271b11/Hospice-v5-0-000-QDM-5-6.json"/>
            </translation>
         </text>
         <setId extension="64299b80-f383-4dc9-82e4-d6ef0b271b11" identifierName="Hospice"
                root="https://emeasuretool.cms.gov/libraries"/>
         <versionNumber value="5.0.000"/>
      </expressionDocument>
   </relatedDocument>
   <relatedDocument typeCode="COMP">
      <expressionDocument>
         <id root="2c9280857b2aeb52017b5f8b96c31ff8"/>
         <text mediaType="text/cql">
            <reference value="https://emeasuretool.cms.gov/libraries/8bdc0a19-b210-4a58-8a07-f5d95a34eca9/MATGlobalCommonFunctions-v7-0-000-QDM-5-6.cql"/>
            <translation mediaType="application/elm+xml">
               <reference value="https://emeasuretool.cms.gov/libraries/8bdc0a19-b210-4a58-8a07-f5d95a34eca9/MATGlobalCommonFunctions-v7-0-000-QDM-5-6.xml"/>
            </translation>
            <translation mediaType="application/elm+json">
               <reference value="https://emeasuretool.cms.gov/libraries/8bdc0a19-b210-4a58-8a07-f5d95a34eca9/MATGlobalCommonFunctions-v7-0-000-QDM-5-6.json"/>
            </translation>
         </text>
         <setId extension="8bdc0a19-b210-4a58-8a07-f5d95a34eca9"
                identifierName="MATGlobalCommonFunctions"
                root="https://emeasuretool.cms.gov/libraries"/>
         <versionNumber value="7.0.000"/>
      </expressionDocument>
   </relatedDocument>
   <relatedDocument typeCode="COMP">
      <expressionDocument>
         <id root="2c928083865108a301869e8559770f1e"/>
         <text mediaType="text/cql">
            <reference value="https://emeasuretool.cms.gov/libraries/a7ed49b6-3b10-4501-9f2d-e0f0782981c7/CumulativeMedicationDuration-v2-0-000-QDM-5-6.cql"/>
            <translation mediaType="application/elm+xml">
               <reference value="https://emeasuretool.cms.gov/libraries/a7ed49b6-3b10-4501-9f2d-e0f0782981c7/CumulativeMedicationDuration-v2-0-000-QDM-5-6.xml"/>
            </translation>
            <translation mediaType="application/elm+json">
               <reference value="https://emeasuretool.cms.gov/libraries/a7ed49b6-3b10-4501-9f2d-e0f0782981c7/CumulativeMedicationDuration-v2-0-000-QDM-5-6.json"/>
            </translation>
         </text>
         <setId extension="a7ed49b6-3b10-4501-9f2d-e0f0782981c7"
                identifierName="CumulativeMedicationDuration"
                root="https://emeasuretool.cms.gov/libraries"/>
         <versionNumber value="2.0.000"/>
      </expressionDocument>
   </relatedDocument>
   <controlVariable>
      <measurePeriod>
         <id extension="measureperiod" root="7af9fc51-8b5c-4044-be28-e60de24ca074"/>
         <code code="MSRTP" codeSystem="2.16.840.1.113883.5.4">
            <originalText value="Measurement Period"/>
         </code>
         <value xsi:type="PIVL_TS">
            <phase highClosed="true" lowClosed="true">
               <low value="20230101"/>
               <width unit="a" value="1" xsi:type="PQ"/>
            </phase>
            <period unit="a" value="1"/>
         </value>
      </measurePeriod>
   </controlVariable>
   <subjectOf>
      <measureAttribute>
         <code nullFlavor="OTH">
            <originalText value="eCQM Identifier (Measure Authoring Tool)"/>
         </code>
         <value mediaType="text/plain" value="128" xsi:type="ED"/>
      </measureAttribute>
   </subjectOf>
   <subjectOf>
      <measureAttribute>
         <code nullFlavor="OTH">
            <originalText value="NQF Number"/>
         </code>
         <value mediaType="text/plain" value="Not Applicable" xsi:type="ED"/>
      </measureAttribute>
   </subjectOf>
   <subjectOf>
      <measureAttribute>
         <code code="COPY" codeSystem="2.16.840.1.113883.5.4">
            <displayName value="Copyright"/>
         </code>
         <value mediaType="text/plain"
                value="This Physician Performance Measure (Measure) and related data specifications are owned and were developed by the National Committee for Quality Assurance (NCQA). NCQA is not responsible for any use of the Measure. NCQA makes no representations, warranties, or endorsement about the quality of any organization or physician that uses or reports performance measures and NCQA has no liability to anyone who relies on such measures or specifications. NCQA holds a copyright in the Measure. The Measure can be reproduced and distributed, without modification, for noncommercial purposes (e.g., use by healthcare providers in connection with their practices) without obtaining approval from NCQA. Commercial use is defined as the sale, licensing, or distribution of the Measure for commercial gain, or incorporation of the Measure into a product or service that is sold, licensed or distributed for commercial gain. All commercial uses or requests for modification must be approved by NCQA and are subject to a license at the discretion of NCQA. (C) 2012-2022 National Committee for Quality Assurance. All Rights Reserved. &#xA;&#xA;Limited proprietary coding is contained in the Measure specifications for user convenience. Users of proprietary code sets should obtain all necessary licenses from the owners of the code sets. NCQA disclaims all liability for use or accuracy of any third-party codes contained in the specifications. &#xA;&#xA;CPT(R) codes, descriptions and other data are copyright 2022. American Medical Association. All rights reserved. CPT is a trademark of the American Medical Association. No fee schedules, basic units, relative values or related listings are included in CPT. The AMA assumes no liability for the data contained herein. Applicable FARS/DFARS restrictions apply to government use. &#xA;&#xA;LOINC(R) copyright 2004-2022 Regenstrief Institute, Inc. &#xA;&#xA;This material contains SNOMED Clinical Terms(R) (SNOMED CT[R]) copyright 2004-2022 International Health Terminology Standards Development Organisation. &#xA;&#xA;ICD-10 copyright 2022 World Health Organization. All Rights Reserved."
                xsi:type="ED"/>
      </measureAttribute>
   </subjectOf>
   <subjectOf>
      <measureAttribute>
         <code code="DISC" codeSystem="2.16.840.1.113883.5.4">
            <displayName value="Disclaimer"/>
         </code>
         <value mediaType="text/plain"
                value="The performance Measure is not a clinical guideline and does not establish a standard of medical care, and has not been tested for all potential applications. THE MEASURE AND SPECIFICATIONS ARE PROVIDED &quot;AS IS&quot; WITHOUT WARRANTY OF ANY KIND.&#xA; &#xA;Due to technical limitations, registered trademarks are indicated by (R) or [R] and unregistered trademarks are indicated by (TM) or [TM]."
                xsi:type="ED"/>
      </measureAttribute>
   </subjectOf>
   <subjectOf>
      <measureAttribute>
         <code code="MSRSCORE" codeSystem="2.16.840.1.113883.5.4">
            <displayName value="Measure Scoring"/>
         </code>
         <value code="PROPOR" codeSystem="2.16.840.1.113883.5.1063" xsi:type="CD">
            <displayName value="Proportion"/>
         </value>
      </measureAttribute>
   </subjectOf>
   <subjectOf>
      <measureAttribute>
         <code code="MSRTYPE" codeSystem="2.16.840.1.113883.5.4">
            <displayName value="Measure Type"/>
         </code>
         <value code="PROCESS" codeSystem="2.16.840.1.113883.5.1063" xsi:type="CD">
            <displayName value="PROCESS"/>
         </value>
      </measureAttribute>
   </subjectOf>
   <subjectOf>
      <measureAttribute>
         <code code="STRAT" codeSystem="2.16.840.1.113883.5.4">
            <displayName value="Stratification"/>
         </code>
         <value mediaType="text/plain" value="None" xsi:type="ED"/>
      </measureAttribute>
   </subjectOf>
   <subjectOf>
      <measureAttribute>
         <code code="MSRADJ" codeSystem="2.16.840.1.113883.5.4">
            <displayName value="Risk Adjustment"/>
         </code>
         <value mediaType="text/plain" value="None" xsi:type="ED"/>
      </measureAttribute>
   </subjectOf>
   <subjectOf>
      <measureAttribute>
         <code code="MSRAGG" codeSystem="2.16.840.1.113883.5.4">
            <displayName value="Rate Aggregation"/>
         </code>
         <value mediaType="text/plain" value="None" xsi:type="ED"/>
      </measureAttribute>
   </subjectOf>
   <subjectOf>
      <measureAttribute>
         <code code="RAT" codeSystem="2.16.840.1.113883.5.4">
            <displayName value="Rationale"/>
         </code>
         <value mediaType="text/plain"
                value="Depression affects over 17 million adults in the U.S. (NIMH, 2021) and is estimated to affect nearly a quarter of adults in their lifetime (Burcusa &amp; Iacono, 2007). Symptoms of depression include disturbances in appetite and sleep, anxiety, decreased concentration, and suicidal ideation (NAMI, 2017; Charbonneau et al., 2005). When left untreated, depression can have a dramatic effect on one’s quality of life, causing constant feelings of hopelessness, loss of interest in daily activities and in some cases suicidal ideation (SAMHSA, 2014).&#xA;&#xA;The American Psychiatric Association (APA) recommends use of antidepressant medication and behavioral therapies, such as psychotherapy, for the treatment and management of depression (APA, 2010). For the past 60 years, antidepressant medication has proven to be effective, especially for patients with more severe symptoms (Fournier, 2010). However, studies analyzing adherence to antidepressant medications found that prevalence of nonadherence was high, ranging from 13 percent to 55.7 percent (Sansone, 2012). &#xA;&#xA;Clinical guidelines for depression emphasize the importance of effective clinical management in increasing patients’ medication compliance, monitoring treatment effectiveness, and identifying and managing side effects. If pharmacological treatment is initiated, appropriate dosing and continuation of therapy through the acute and continuation phases decrease recurrence of symptoms. Thus, the evaluation of the duration of pharmacological treatment serves as an important indicator in understanding patient compliance with establishing and maintaining an effective medication regimen."
                xsi:type="ED"/>
      </measureAttribute>
   </subjectOf>
   <subjectOf>
      <measureAttribute>
         <code code="CRS" codeSystem="2.16.840.1.113883.5.4">
            <displayName value="Clinical Recommendation Statement"/>
         </code>
         <value mediaType="text/plain"
                value="American Psychological Association (2019): &#xA;- &quot;For initial treatment of adult patients with depression, the panel recommends the following in the context of sharing decision-making with the patient when considering options: &#xA;1. That clinicians offer either psychotherapy or second-generation antidepressant.&#xA;2. If considering combined treatment, the panel recommends cognitive-behavioral therapy or interpersonal psychotherapy plus a second-generation antidepressant.”&#xA;&#x9;&#xA;- “For initial treatment of older adult patients with depression, the panel recommends the following in the context of shared decision-making with the patient: &#xA;1. Either group life review treatment or Group Cognitive Behavioral Therapy (either alone or added to usual care) over no treatment &#xA;2. Combined pharmacotherapy and interpersonal psychotherapy (IPT) over IPT alone. Of note, while the study upon which this is based used nortriptyline, the panel recommends a second-generation antidepressant due to the reduced risk of side effects.”&#xA;&#xA;American Psychiatric Association (2010): &#xA;- “An antidepressant medication is recommended as an initial treatment choice for patients with mild to moderate major depressive disorder [I: Recommended with substantial clinical confidence] and definitely should be provided for those with severe major depressive disorder unless electroconvulsive therapy (ECT) is planned [I: Recommended with substantial clinical confidence].” &#xA;&#xA;- Patients should be given a realistic notion of what can be expected during the different phases of treatment, including the likely time course of symptom response and the importance of adherence for successful treatment and prophylaxis [I]. &#xA;&#xA;- During the acute phase of treatment, patients should be carefully and systematically monitored on a regular basis to assess their response to pharmacotherapy, identify the emergence of side effects (e.g., gastrointestinal symptoms, sedation, insomnia, activation, changes in weight, and cardiovascular, neurological, anticholinergic, or sexual side effects), and assess patient safety [I]. &#xA;&#xA;- “During the continuation phase of treatment, the patient should be carefully monitored for signs of possible relapse [I: Recommended with substantial clinical confidence]. Systematic assessment of symptoms, side effects, adherence, and functional status is essential [I: Recommended with substantial clinical confidence], and may be facilitated through the use of clinician- and/or patient-administered rating scales [II: Recommended with moderate clinical confidence]. To reduce the risk of relapse, patients who have been treated successfully with antidepressant medications in the acute phase should continue treatment with these agents for 4–9 months [I: Recommended with substantial clinical confidence].”&#xA;&#xA;Department of Veterans Affairs, and Health Affairs, Department of Defense (2022): &#xA;- “For patients with major depressive disorder (MDD), we suggest using a quantitative measure of depression severity in the initial treatment planning and to monitor treatment progress at regular intervals to guide shared treatment decision making.” [Weak for]&#xA;&#x9;&#xA;- “In patients with MDD who achieve remission with antidepressant medication, we recommend continuation of antidepressants at the therapeutic dose for at least six months to decrease risk of relapse.”&#xA;&#xA;Department of Veterans Affairs, and Health Affairs, Department of Defense (2016):&#xA;- ”In patients at high risk for recurrent depressive episodes and who are treated with pharmacotherapy, we recommend offering maintenance pharmacotherapy for at least 12 months and possibly indefinitely.” [Strong For] &#xA; &#xA;- “After initiation of therapy or a change in treatment, we recommend monitoring patients at least monthly until the patient achieves remission. At minimum, assessments should include a measure of symptoms, adherence to medication and psychotherapy, and emergence of adverse effects.” [Strong For] &#xA;&#xA;- “In patients with MDD who achieve remission with antidepressant medication, we recommend continuation of antidepressants at the therapeutic dose for at least six months to decrease risk of relapse.” [Strong For]"
                xsi:type="ED"/>
      </measureAttribute>
   </subjectOf>
   <subjectOf>
      <measureAttribute>
         <code code="IDUR" codeSystem="2.16.840.1.113883.5.4">
            <displayName value="Improvement Notation"/>
         </code>
         <value mediaType="text/plain" value="Higher score indicates better quality"
                xsi:type="ED"/>
      </measureAttribute>
   </subjectOf>
   <subjectOf>
      <measureAttribute>
         <code code="REF" codeSystem="2.16.840.1.113883.5.4">
            <displayName value="Reference"/>
         </code>
         <value mediaType="text/plain"
                value="CITATIONAmerican Psychiatric Association. (2010). Practice guideline for the treatment of patients with major depressive disorder, 3rd edition. Arlington: Author."
                xsi:type="ED"/>
      </measureAttribute>
   </subjectOf>
   <subjectOf>
      <measureAttribute>
         <code code="REF" codeSystem="2.16.840.1.113883.5.4">
            <displayName value="Reference"/>
         </code>
         <value mediaType="text/plain"
                value="CITATIONAmerican Psychological Association. (2019). Clinical practice guideline for the treatment of depression across three age cohorts. Retrieved from https://www.apa.org/depression-guideline"
                xsi:type="ED"/>
      </measureAttribute>
   </subjectOf>
   <subjectOf>
      <measureAttribute>
         <code code="REF" codeSystem="2.16.840.1.113883.5.4">
            <displayName value="Reference"/>
         </code>
         <value mediaType="text/plain"
                value="CITATIONBurcusa, S. L., &amp; Iacono, W. G. (2007). Risk for recurrence in depression. Clinical Psychology Review, 27(8), 959-985."
                xsi:type="ED"/>
      </measureAttribute>
   </subjectOf>
   <subjectOf>
      <measureAttribute>
         <code code="REF" codeSystem="2.16.840.1.113883.5.4">
            <displayName value="Reference"/>
         </code>
         <value mediaType="text/plain"
                value="CITATIONCharbonneau, A., Bruning, W., Titus-Howard, T., et al. (2005). The community initiative on depression: report from a multiphase work site depression intervention. Journal of Occupational and Environmental Medicine, 47(1), 60-67."
                xsi:type="ED"/>
      </measureAttribute>
   </subjectOf>
   <subjectOf>
      <measureAttribute>
         <code code="REF" codeSystem="2.16.840.1.113883.5.4">
            <displayName value="Reference"/>
         </code>
         <value mediaType="text/plain"
                value="CITATIONDepartment of Veterans Affairs and the Department of Defense (VA/DoD). (2022). VA/DoD Clinical Practice Guidelines for the Management of Major Depressive Disorder. Version 4.0 . Retrieved from: https://www.healthquality.va.gov/guidelines/MH/mdd/VADoDMDDCPGFinal508.pdf"
                xsi:type="ED"/>
      </measureAttribute>
   </subjectOf>
   <subjectOf>
      <measureAttribute>
         <code code="REF" codeSystem="2.16.840.1.113883.5.4">
            <displayName value="Reference"/>
         </code>
         <value mediaType="text/plain"
                value="CITATIONDepartment of Veterans Affairs and the Department of Defense (VA/DoD). (2016). VA/DoD Clinical Practice Guidelines for the Management of Major Depressive Disorder. The Management of Major Depressive Disorder Working Group. Retrieved from: https://www.healthquality.va.gov/guidelines/MH/mdd/VADoDMDDCPGFINAL82916.pdf"
                xsi:type="ED"/>
      </measureAttribute>
   </subjectOf>
   <subjectOf>
      <measureAttribute>
         <code code="REF" codeSystem="2.16.840.1.113883.5.4">
            <displayName value="Reference"/>
         </code>
         <value mediaType="text/plain"
                value="CITATIONFournier, J. C., DeRubeis, R. J., Hollon, S. D., et al. (2010). Antidepressant drug effects and depression severity: a patient-level meta-analysis. JAMA, 303(1), 47-53."
                xsi:type="ED"/>
      </measureAttribute>
   </subjectOf>
   <subjectOf>
      <measureAttribute>
         <code code="REF" codeSystem="2.16.840.1.113883.5.4">
            <displayName value="Reference"/>
         </code>
         <value mediaType="text/plain"
                value="CITATIONNational Alliance on Mental Illness (NAMI). (2017). Depression. Retrieved from: https://www.nami.org/About-Mental-Illness/Mental-Health-Conditions/Depression"
                xsi:type="ED"/>
      </measureAttribute>
   </subjectOf>
   <subjectOf>
      <measureAttribute>
         <code code="REF" codeSystem="2.16.840.1.113883.5.4">
            <displayName value="Reference"/>
         </code>
         <value mediaType="text/plain"
                value="CITATIONNIMH. (2021). Major Depression. Retrieved from: https://www.nimh.nih.gov/health/statistics/major-depression.shtml"
                xsi:type="ED"/>
      </measureAttribute>
   </subjectOf>
   <subjectOf>
      <measureAttribute>
         <code code="REF" codeSystem="2.16.840.1.113883.5.4">
            <displayName value="Reference"/>
         </code>
         <value mediaType="text/plain"
                value="CITATIONSansone, R. A., &amp; Sansone, L. A. (2012). Antidepressant adherence: are patients taking their medications? Innovations in Clinical Neuroscience, 9(5–6), 41–46."
                xsi:type="ED"/>
      </measureAttribute>
   </subjectOf>
   <subjectOf>
      <measureAttribute>
         <code code="REF" codeSystem="2.16.840.1.113883.5.4">
            <displayName value="Reference"/>
         </code>
         <value mediaType="text/plain"
                value="CITATIONSubstance Abuse and Mental Health Services Administration (SAMHSA). (2014). Results from the 2013 National Survey on Drug Use and Health: Mental Health Findings, NSDUH Series H-49, HHS Publication No. (SMA) 14-4887. Rockville, MD: Substance Abuse and Mental Health Services Administration."
                xsi:type="ED"/>
      </measureAttribute>
   </subjectOf>
   <subjectOf>
      <measureAttribute>
         <code code="DEF" codeSystem="2.16.840.1.113883.5.4">
            <displayName value="Definition"/>
         </code>
         <value mediaType="text/plain"
                value="Intake Period: The 12-month window starting on May 1 of the year prior to the measurement period and ending on April 30 of the measurement period.&#xA;&#xA;Index Prescription Start Date (IPSD): The date of the earliest prescription dispensing event for an antidepressant medication during the Intake Period.&#xA;&#xA;The &quot;continuous treatment&quot; described in this measure allows for gaps in medication treatment up to a total 31 days during the 115-day period (numerator 1) or 52 days during the 232-day period (numerator 2). Gaps can include either gaps used to change medication, or treatment gaps to refill the same medication."
                xsi:type="ED"/>
      </measureAttribute>
   </subjectOf>
   <subjectOf>
      <measureAttribute>
         <code code="GUIDE" codeSystem="2.16.840.1.113883.5.4">
            <displayName value="Guidance"/>
         </code>
         <value mediaType="text/plain"
                value="To identify new treatment episodes for major depression, there must be a 105-day negative medication history (a period during which the patient was not taking antidepressant medication) prior to the dispensing event associated with the IPSD.&#xA;&#xA;This eCQM is a patient-based measure.&#xA; &#xA;This version of the eCQM uses QDM version 5.6. Please refer to the eCQI resource center (https://ecqi.healthit.gov/qdm) for more information on the QDM."
                xsi:type="ED"/>
      </measureAttribute>
   </subjectOf>
   <subjectOf>
      <measureAttribute>
         <code code="TRANF" codeSystem="2.16.840.1.113883.5.4">
            <displayName value="Transmission Format"/>
         </code>
         <value mediaType="text/plain" value="TBD" xsi:type="ED"/>
      </measureAttribute>
   </subjectOf>
   <subjectOf>
      <measureAttribute>
         <code code="IPOP" codeSystem="2.16.840.1.113883.5.4">
            <displayName value="Initial Population"/>
         </code>
         <value mediaType="text/plain"
                value="Patients 18 years of age and older as of April 30 of the measurement period who were dispensed antidepressant medications during the Intake Period, and were diagnosed with major depression 60 days prior to, or 60 days after the dispensing event and had a visit 60 days prior to, or 60 days after the dispensing event"
                xsi:type="ED"/>
      </measureAttribute>
   </subjectOf>
   <subjectOf>
      <measureAttribute>
         <code code="DENOM" codeSystem="2.16.840.1.113883.5.4">
            <displayName value="Denominator"/>
         </code>
         <value mediaType="text/plain" value="Equals Initial Population" xsi:type="ED"/>
      </measureAttribute>
   </subjectOf>
   <subjectOf>
      <measureAttribute>
         <code code="DENEX" codeSystem="2.16.840.1.113883.5.4">
            <displayName value="Denominator Exclusions"/>
         </code>
         <value mediaType="text/plain"
                value="Patients who were actively on an antidepressant medication in the 105 days prior to the IPSD.&#xA;&#xA;Exclude patients who are in hospice care for any part of the measurement period."
                xsi:type="ED"/>
      </measureAttribute>
   </subjectOf>
   <subjectOf>
      <measureAttribute>
         <code code="NUMER" codeSystem="2.16.840.1.113883.5.4">
            <displayName value="Numerator"/>
         </code>
         <value mediaType="text/plain"
                value="Numerator 1: Patients who have received antidepressant medication for at least 84 days (12 weeks) of continuous treatment beginning on the IPSD through 114 days after the IPSD (115 total days).&#xA;&#xA;Numerator 2: Patients who have received antidepressant medications for at least 180 days (6 months) of continuous treatment beginning on the IPSD through 231 days after the IPSD (232 total days)."
                xsi:type="ED"/>
      </measureAttribute>
   </subjectOf>
   <subjectOf>
      <measureAttribute>
         <code code="NUMEX" codeSystem="2.16.840.1.113883.5.4">
            <displayName value="Numerator Exclusions"/>
         </code>
         <value mediaType="text/plain" value="Not Applicable" xsi:type="ED"/>
      </measureAttribute>
   </subjectOf>
   <subjectOf>
      <measureAttribute>
         <code code="DENEXCEP" codeSystem="2.16.840.1.113883.5.4">
            <displayName value="Denominator Exceptions"/>
         </code>
         <value mediaType="text/plain" value="None" xsi:type="ED"/>
      </measureAttribute>
   </subjectOf>
   <subjectOf>
      <measureAttribute>
         <code code="SDE" codeSystem="2.16.840.1.113883.5.4">
            <displayName value="Supplemental Data Elements"/>
         </code>
         <value mediaType="text/plain"
                value="For every patient evaluated by this measure also identify payer, race, ethnicity and sex"
                xsi:type="ED"/>
      </measureAttribute>
   </subjectOf>
   <componentOf>
      <qualityMeasureSet classCode="ACT">
         <id root="8924f2b3-ec06-4650-b634-d70a53dee577"/>
         <title value="None"/>
      </qualityMeasureSet>
   </componentOf>
   <!--Data Criteria Section-->
   <component>
      <dataCriteriaSection>
         <templateId>
            <item extension="2021-02-01" root="2.16.840.1.113883.10.20.28.2.6"/>
         </templateId>
         <code code="57025-9" codeSystem="2.16.840.1.113883.6.1"/>
         <title value="Data Criteria Section"/>
         <text/>
         <entry typeCode="DRIV">
            <localVariableName value="Payer_PatientCharacteristicPayer_Dcqjq"/>
            <observationCriteria classCode="OBS" moodCode="EVN">
               <templateId>
                  <item extension="2017-05-01" root="2.16.840.1.113883.10.20.28.4.58"/>
               </templateId>
               <id extension="Payer_PatientCharacteristicPayer"
                   root="4ca655bf-2a14-486a-95c6-725f5fc59cad"/>
               <code code="48768-6" codeSystem="2.16.840.1.113883.6.1" codeSystemName="LOINC">
                  <displayName value="Payer"/>
               </code>
               <title value="Patient Characteristic Payer"/>
               <statusCode code="COMPLETED"/>
               <value valueSet="2.16.840.1.114222.4.11.3591" xsi:type="CD"/>
            </observationCriteria>
         </entry>
         <entry typeCode="DRIV">
            <localVariableName value="ONCAdministrativeSex_PatientCharacteristicSex_gOpwF"/>
            <observationCriteria classCode="OBS" moodCode="EVN">
               <templateId>
                  <item extension="2017-05-01" root="2.16.840.1.113883.10.20.28.4.55"/>
               </templateId>
               <id extension="ONCAdministrativeSex_PatientCharacteristicSex"
                   root="3a8e3357-abc3-4008-936b-9dae25822361"/>
               <code code="263495000" codeSystem="2.16.840.1.113883.6.96" codeSystemName="SNOMED CT">
                  <displayName value="Gender"/>
               </code>
               <title value="Patient Characteristic Sex"/>
               <statusCode code="COMPLETED"/>
               <value valueSet="2.16.840.1.113762.1.4.1" xsi:type="CD"/>
            </observationCriteria>
         </entry>
         <entry typeCode="DRIV">
            <localVariableName value="MajorDepression_Diagnosis_Kus7p"/>
            <observationCriteria classCode="OBS" moodCode="EVN">
               <templateId>
                  <item extension="2021-02-01" root="2.16.840.1.113883.10.20.28.4.110"/>
               </templateId>
               <id extension="MajorDepression_Diagnosis"
                   root="803dee17-fee5-468e-8bfd-b84aaa114703"/>
               <code code="282291009" codeSystem="2.16.840.1.113883.6.96" codeSystemName="SNOMED CT">
                  <displayName value="Diagnosis"/>
               </code>
               <title value="Diagnosis"/>
               <statusCode code="COMPLETED"/>
               <value valueSet="2.16.840.1.113883.3.464.1003.105.12.1007" xsi:type="CD"/>
            </observationCriteria>
         </entry>
         <entry typeCode="DRIV">
            <localVariableName value="EncounterInpatient_EncounterPerformed_panFg"/>
            <encounterCriteria classCode="ENC" moodCode="EVN">
               <templateId>
                  <item extension="2021-02-01" root="2.16.840.1.113883.10.20.28.4.5"/>
               </templateId>
               <id extension="EncounterInpatient_EncounterPerformed"
                   root="59c3933e-c568-4119-b89d-c29b7c752ef3"/>
               <code valueSet="2.16.840.1.113883.3.666.5.307"/>
               <title value="Encounter, Performed"/>
               <statusCode code="COMPLETED"/>
            </encounterCriteria>
         </entry>
         <entry typeCode="DRIV">
            <localVariableName value="TelephoneVisits_EncounterPerformed_PTlPB"/>
            <encounterCriteria classCode="ENC" moodCode="EVN">
               <templateId>
                  <item extension="2021-02-01" root="2.16.840.1.113883.10.20.28.4.5"/>
               </templateId>
               <id extension="TelephoneVisits_EncounterPerformed"
                   root="155d3360-cd82-41fc-89c5-7c3321f16e5a"/>
               <code valueSet="2.16.840.1.113883.3.464.1003.101.12.1080"/>
               <title value="Encounter, Performed"/>
               <statusCode code="COMPLETED"/>
            </encounterCriteria>
         </entry>
         <entry typeCode="DRIV">
            <localVariableName value="AnnualWellnessVisit_EncounterPerformed_b4xrS"/>
            <encounterCriteria classCode="ENC" moodCode="EVN">
               <templateId>
                  <item extension="2021-02-01" root="2.16.840.1.113883.10.20.28.4.5"/>
               </templateId>
               <id extension="AnnualWellnessVisit_EncounterPerformed"
                   root="40280381-3d61-56a7-013e-7af6125a6412"/>
               <code valueSet="2.16.840.1.113883.3.526.3.1240"/>
               <title value="Encounter, Performed"/>
               <statusCode code="COMPLETED"/>
            </encounterCriteria>
         </entry>
         <entry typeCode="DRIV">
            <localVariableName value="HospiceCareAmbulatory_InterventionOrder_h08vs"/>
            <actCriteria classCode="ACT" moodCode="RQO">
               <templateId>
                  <item extension="2021-02-01" root="2.16.840.1.113883.10.20.28.4.35"/>
               </templateId>
               <id extension="HospiceCareAmbulatory_InterventionOrder"
                   root="1a2e5eaf-2061-42da-a70b-5906364289a2"/>
               <code valueSet="2.16.840.1.113883.3.526.3.1584"/>
               <title value="Intervention, Order"/>
               <statusCode code="ACTIVE"/>
            </actCriteria>
         </entry>
         <entry typeCode="DRIV">
            <localVariableName value="HospiceCareAmbulatory_InterventionPerformed_jCcDe"/>
            <actCriteria classCode="ACT" moodCode="EVN">
               <templateId>
                  <item extension="2021-02-01" root="2.16.840.1.113883.10.20.28.4.36"/>
               </templateId>
               <id extension="HospiceCareAmbulatory_InterventionPerformed"
                   root="1a2e5eaf-2061-42da-a70b-5906364289a2"/>
               <code valueSet="2.16.840.1.113883.3.526.3.1584"/>
               <title value="Intervention, Performed"/>
               <statusCode code="COMPLETED"/>
            </actCriteria>
         </entry>
         <entry typeCode="DRIV">
            <localVariableName value="PsychVisitDiagnosticEvaluation_EncounterPerformed_6ZEUZ"/>
            <encounterCriteria classCode="ENC" moodCode="EVN">
               <templateId>
                  <item extension="2021-02-01" root="2.16.840.1.113883.10.20.28.4.5"/>
               </templateId>
               <id extension="PsychVisitDiagnosticEvaluation_EncounterPerformed"
                   root="40280381-3d61-56a7-013e-7af6125a6404"/>
               <code valueSet="2.16.840.1.113883.3.526.3.1492"/>
               <title value="Encounter, Performed"/>
               <statusCode code="COMPLETED"/>
            </encounterCriteria>
         </entry>
         <entry typeCode="DRIV">
            <localVariableName value="PsychVisitPsychotherapy_EncounterPerformed_0bCZa"/>
            <encounterCriteria classCode="ENC" moodCode="EVN">
               <templateId>
                  <item extension="2021-02-01" root="2.16.840.1.113883.10.20.28.4.5"/>
               </templateId>
               <id extension="PsychVisitPsychotherapy_EncounterPerformed"
                   root="40280381-3d61-56a7-013e-7af6125a6403"/>
               <code valueSet="2.16.840.1.113883.3.526.3.1496"/>
               <title value="Encounter, Performed"/>
               <statusCode code="COMPLETED"/>
            </encounterCriteria>
         </entry>
         <entry typeCode="DRIV">
            <localVariableName value="Ethnicity_PatientCharacteristicEthnicity_fPc0D"/>
            <observationCriteria classCode="OBS" moodCode="EVN">
               <templateId>
                  <item extension="2017-05-01" root="2.16.840.1.113883.10.20.28.4.56"/>
               </templateId>
               <id extension="Ethnicity_PatientCharacteristicEthnicity"
                   root="9f629832-9667-4036-8070-ba3cb2e917bb"/>
               <code code="54133-4" codeSystem="2.16.840.1.113883.6.1" codeSystemName="LOINC">
                  <displayName value="Ethnicity"/>
               </code>
               <title value="Patient Characteristic Ethnicity"/>
               <statusCode code="COMPLETED"/>
               <value valueSet="2.16.840.1.114222.4.11.837" xsi:type="CD"/>
            </observationCriteria>
         </entry>
         <entry typeCode="DRIV">
            <localVariableName value="AntidepressantMedication_MedicationDispensed_PP9ad"/>
            <supplyCriteria classCode="SPLY" moodCode="EVN">
               <templateId>
                  <item extension="2021-02-01" root="2.16.840.1.113883.10.20.28.4.49"/>
               </templateId>
               <id extension="AntidepressantMedication_MedicationDispensed"
                   root="40280381-3d61-56a7-013e-7af6125a640d"/>
               <title value="Medication, Dispensed"/>
               <statusCode code="COMPLETED"/>
			            <participation typeCode="CSM">
                  <role classCode="MANU">
                     <playingMaterial classCode="MMAT" determinerCode="KIND">
                        <code valueSet="2.16.840.1.113883.3.464.1003.196.12.1213"/>
                     </playingMaterial>
                  </role>
               </participation>
		          </supplyCriteria>
         </entry>
         <entry typeCode="DRIV">
            <localVariableName value="AntidepressantMedication_MedicationActive_qKZAu"/>
            <substanceAdministrationCriteria classCode="SBADM" moodCode="EVN">
               <templateId>
                  <item extension="2021-02-01" root="2.16.840.1.113883.10.20.28.4.44"/>
               </templateId>
               <id extension="AntidepressantMedication_MedicationActive"
                   root="40280381-3d61-56a7-013e-7af6125a640d"/>
               <title value="Medication, Active"/>
               <statusCode code="ACTIVE"/>
			            <participation typeCode="CSM">
                  <role classCode="MANU">
                     <playingMaterial classCode="MMAT" determinerCode="KIND">
                        <code valueSet="2.16.840.1.113883.3.464.1003.196.12.1213"/>
                     </playingMaterial>
                  </role>
               </participation>
		          </substanceAdministrationCriteria>
         </entry>
         <entry typeCode="DRIV">
            <localVariableName value="PreventiveCareServicesEstablishedOfficeVisit18andUp_EncounterPerformed_XJzuf"/>
            <encounterCriteria classCode="ENC" moodCode="EVN">
               <templateId>
                  <item extension="2021-02-01" root="2.16.840.1.113883.10.20.28.4.5"/>
               </templateId>
               <id extension="PreventiveCareServicesEstablishedOfficeVisit18andUp_EncounterPerformed"
                   root="40280381-3d61-56a7-013e-7af6125a6410"/>
               <code valueSet="2.16.840.1.113883.3.464.1003.101.12.1025"/>
               <title value="Encounter, Performed"/>
               <statusCode code="COMPLETED"/>
            </encounterCriteria>
         </entry>
         <entry typeCode="DRIV">
            <localVariableName value="PreventiveCareServicesInitialOfficeVisit18andUp_EncounterPerformed_vMJVZ"/>
            <encounterCriteria classCode="ENC" moodCode="EVN">
               <templateId>
                  <item extension="2021-02-01" root="2.16.840.1.113883.10.20.28.4.5"/>
               </templateId>
               <id extension="PreventiveCareServicesInitialOfficeVisit18andUp_EncounterPerformed"
                   root="40280381-3d61-56a7-013e-7af6125a6411"/>
               <code valueSet="2.16.840.1.113883.3.464.1003.101.12.1023"/>
               <title value="Encounter, Performed"/>
               <statusCode code="COMPLETED"/>
            </encounterCriteria>
         </entry>
         <entry typeCode="DRIV">
            <localVariableName value="HomeHealthcareServices_EncounterPerformed_7YptH"/>
            <encounterCriteria classCode="ENC" moodCode="EVN">
               <templateId>
                  <item extension="2021-02-01" root="2.16.840.1.113883.10.20.28.4.5"/>
               </templateId>
               <id extension="HomeHealthcareServices_EncounterPerformed"
                   root="40280381-3d61-56a7-013e-7af6125a6414"/>
               <code valueSet="2.16.840.1.113883.3.464.1003.101.12.1016"/>
               <title value="Encounter, Performed"/>
               <statusCode code="COMPLETED"/>
            </encounterCriteria>
         </entry>
         <entry typeCode="DRIV">
            <localVariableName value="Race_PatientCharacteristicRace_g1WIb"/>
            <observationCriteria classCode="OBS" moodCode="EVN">
               <templateId>
                  <item extension="2017-05-01" root="2.16.840.1.113883.10.20.28.4.59"/>
               </templateId>
               <id extension="Race_PatientCharacteristicRace"
                   root="6d83ad4e-0460-457e-b99d-faab48895578"/>
               <code code="32624-9" codeSystem="2.16.840.1.113883.6.1" codeSystemName="LOINC">
                  <displayName value="Race"/>
               </code>
               <title value="Patient Characteristic Race"/>
               <statusCode code="COMPLETED"/>
               <value valueSet="2.16.840.1.114222.4.11.836" xsi:type="CD"/>
            </observationCriteria>
         </entry>
         <entry typeCode="DRIV">
            <localVariableName value="HospiceEncounter_EncounterPerformed_zFXkl"/>
            <encounterCriteria classCode="ENC" moodCode="EVN">
               <templateId>
                  <item extension="2021-02-01" root="2.16.840.1.113883.10.20.28.4.5"/>
               </templateId>
               <id extension="HospiceEncounter_EncounterPerformed"
                   root="93a22f5a-a867-4e89-bb6d-f087930fc43b"/>
               <code valueSet="2.16.840.1.113883.3.464.1003.1003"/>
               <title value="Encounter, Performed"/>
               <statusCode code="COMPLETED"/>
            </encounterCriteria>
         </entry>
         <entry typeCode="DRIV">
            <localVariableName value="NursingFacilityVisit_EncounterPerformed_P0NHF"/>
            <encounterCriteria classCode="ENC" moodCode="EVN">
               <templateId>
                  <item extension="2021-02-01" root="2.16.840.1.113883.10.20.28.4.5"/>
               </templateId>
               <id extension="NursingFacilityVisit_EncounterPerformed"
                   root="0ae3091c-880d-41de-a5f1-f482ee66688e"/>
               <code valueSet="2.16.840.1.113883.3.464.1003.101.12.1012"/>
               <title value="Encounter, Performed"/>
               <statusCode code="COMPLETED"/>
            </encounterCriteria>
         </entry>
         <entry typeCode="DRIV">
            <localVariableName value="OnlineAssessments_EncounterPerformed_lutNn"/>
            <encounterCriteria classCode="ENC" moodCode="EVN">
               <templateId>
                  <item extension="2021-02-01" root="2.16.840.1.113883.10.20.28.4.5"/>
               </templateId>
               <id extension="OnlineAssessments_EncounterPerformed"
                   root="633969be-a04a-493e-b81f-3549f468a3d8"/>
               <code valueSet="2.16.840.1.113883.3.464.1003.101.12.1089"/>
               <title value="Encounter, Performed"/>
               <statusCode code="COMPLETED"/>
            </encounterCriteria>
         </entry>
         <entry typeCode="DRIV">
            <localVariableName value="OfficeVisit_EncounterPerformed_DMnod"/>
            <encounterCriteria classCode="ENC" moodCode="EVN">
               <templateId>
                  <item extension="2021-02-01" root="2.16.840.1.113883.10.20.28.4.5"/>
               </templateId>
               <id extension="OfficeVisit_EncounterPerformed"
                   root="40280381-3d61-56a7-013e-7af6125a640f"/>
               <code valueSet="2.16.840.1.113883.3.464.1003.101.12.1001"/>
               <title value="Encounter, Performed"/>
               <statusCode code="COMPLETED"/>
            </encounterCriteria>
         </entry>
         <entry typeCode="DRIV">
            <localVariableName value="HospiceDiagnosis_Diagnosis_Bks7M"/>
            <observationCriteria classCode="OBS" moodCode="EVN">
               <templateId>
                  <item extension="2021-02-01" root="2.16.840.1.113883.10.20.28.4.110"/>
               </templateId>
               <id extension="HospiceDiagnosis_Diagnosis"
                   root="20894cc2-3c1d-4510-a034-2053a45cc394"/>
               <code code="282291009" codeSystem="2.16.840.1.113883.6.96" codeSystemName="SNOMED CT">
                  <displayName value="Diagnosis"/>
               </code>
               <title value="Diagnosis"/>
               <statusCode code="COMPLETED"/>
               <value valueSet="2.16.840.1.113883.3.464.1003.1165" xsi:type="CD"/>
            </observationCriteria>
         </entry>
         <entry typeCode="DRIV">
            <observationCriteria classCode="OBS" moodCode="EVN">
               <templateId>
                  <item extension="2021-02-01" root="2.16.840.1.113883.10.20.28.4.117"/>
               </templateId>
               <id extension="45755-6_AssessmentPerformed"
                   root="906633BA-47DD-4300-8F80-EF4A0D819B46"/>
               <code code="45755-6" codeSystem="2.16.840.1.113883.6.1" codeSystemName="LOINC"/>
               <title value="Assessment, Performed"/>
               <statusCode code="COMPLETED"/>
            </observationCriteria>
         </entry>
      </dataCriteriaSection>
   </component>
   <component>
      <populationCriteriaSection>
         <templateId>
            <item extension="2017-08-01" root="2.16.840.1.113883.10.20.28.2.7"/>
         </templateId>
         <id extension="PopulationCriteria1" root="50140ACE-AC7F-4A11-95B3-4BBAF19C567F"/>
         <code code="57026-7" codeSystem="2.16.840.1.113883.6.1"/>
         <title value="Population Criteria Section"/>
         <text/>
         <component typeCode="COMP">
            <initialPopulationCriteria classCode="OBS" moodCode="EVN">
               <id extension="initialPopulation" root="5C0C2E55-560F-42C1-85E0-2CE36D7F48B4"/>
               <code code="IPOP" codeSystem="2.16.840.1.113883.5.4" codeSystemName="Act Code"/>
               <precondition typeCode="PRCN">
                  <criteriaReference classCode="OBS" moodCode="EVN">
                     <id extension="AntidepressantMedicationManagement.&quot;Initial Population&quot;"
                         root="38D61FF0-F045-4688-949D-481A564220D0"/>
                  </criteriaReference>
               </precondition>
            </initialPopulationCriteria>
         </component>
         <component typeCode="COMP">
            <denominatorCriteria classCode="OBS" moodCode="EVN">
               <id extension="denominator" root="23702C38-4048-438D-BCFC-5B507AB0E058"/>
               <code code="DENOM" codeSystem="2.16.840.1.113883.5.4" codeSystemName="Act Code"/>
               <precondition typeCode="PRCN">
                  <criteriaReference classCode="OBS" moodCode="EVN">
                     <id extension="AntidepressantMedicationManagement.&quot;Denominator&quot;"
                         root="38D61FF0-F045-4688-949D-481A564220D0"/>
                  </criteriaReference>
               </precondition>
            </denominatorCriteria>
         </component>
         <component typeCode="COMP">
            <denominatorExclusionCriteria classCode="OBS" moodCode="EVN">
               <id extension="denominatorExclusions" root="3810F33A-CC55-4949-9DE6-0CD5CCF31723"/>
               <code code="DENEX" codeSystem="2.16.840.1.113883.5.4" codeSystemName="Act Code"/>
               <precondition typeCode="PRCN">
                  <criteriaReference classCode="OBS" moodCode="EVN">
                     <id extension="AntidepressantMedicationManagement.&quot;Denominator Exclusions&quot;"
                         root="38D61FF0-F045-4688-949D-481A564220D0"/>
                  </criteriaReference>
               </precondition>
            </denominatorExclusionCriteria>
         </component>
         <component typeCode="COMP">
            <numeratorCriteria classCode="OBS" moodCode="EVN">
               <id extension="numerator" root="D1230E54-3ED7-4E37-9BD9-14BD987A89CD"/>
               <code code="NUMER" codeSystem="2.16.840.1.113883.5.4" codeSystemName="Act Code"/>
               <precondition typeCode="PRCN">
                  <criteriaReference classCode="OBS" moodCode="EVN">
                     <id extension="AntidepressantMedicationManagement.&quot;Numerator 1&quot;"
                         root="38D61FF0-F045-4688-949D-481A564220D0"/>
                  </criteriaReference>
               </precondition>
            </numeratorCriteria>
         </component>
         <component typeCode="COMP">
            <cql-ext:supplementalDataElement>
               <id extension="Supplemental Data Elements"
                   root="A7C4E9B2-62E5-4154-AED6-6073AAC4BA71"/>
               <code code="SDE" codeSystem="2.16.840.1.113883.5.4" codeSystemName="Act Code"/>
               <precondition typeCode="PRCN">
                  <criteriaReference classCode="OBS" moodCode="EVN">
                     <id extension="AntidepressantMedicationManagement.&quot;SDE Ethnicity&quot;"
                         root="38D61FF0-F045-4688-949D-481A564220D0"/>
                  </criteriaReference>
               </precondition>
            </cql-ext:supplementalDataElement>
         </component>
         <component typeCode="COMP">
            <cql-ext:supplementalDataElement>
               <id extension="Supplemental Data Elements"
                   root="C8AD313D-F062-4EEA-A0E7-FA6B5BFEA681"/>
               <code code="SDE" codeSystem="2.16.840.1.113883.5.4" codeSystemName="Act Code"/>
               <precondition typeCode="PRCN">
                  <criteriaReference classCode="OBS" moodCode="EVN">
                     <id extension="AntidepressantMedicationManagement.&quot;SDE Payer&quot;"
                         root="38D61FF0-F045-4688-949D-481A564220D0"/>
                  </criteriaReference>
               </precondition>
            </cql-ext:supplementalDataElement>
         </component>
         <component typeCode="COMP">
            <cql-ext:supplementalDataElement>
               <id extension="Supplemental Data Elements"
                   root="4A50150E-CF69-42E2-BE72-460A1A581A0B"/>
               <code code="SDE" codeSystem="2.16.840.1.113883.5.4" codeSystemName="Act Code"/>
               <precondition typeCode="PRCN">
                  <criteriaReference classCode="OBS" moodCode="EVN">
                     <id extension="AntidepressantMedicationManagement.&quot;SDE Race&quot;"
                         root="38D61FF0-F045-4688-949D-481A564220D0"/>
                  </criteriaReference>
               </precondition>
            </cql-ext:supplementalDataElement>
         </component>
         <component typeCode="COMP">
            <cql-ext:supplementalDataElement>
               <id extension="Supplemental Data Elements"
                   root="66B0522E-9338-4F61-BB0C-093D88A9C604"/>
               <code code="SDE" codeSystem="2.16.840.1.113883.5.4" codeSystemName="Act Code"/>
               <precondition typeCode="PRCN">
                  <criteriaReference classCode="OBS" moodCode="EVN">
                     <id extension="AntidepressantMedicationManagement.&quot;SDE Sex&quot;"
                         root="38D61FF0-F045-4688-949D-481A564220D0"/>
                  </criteriaReference>
               </precondition>
            </cql-ext:supplementalDataElement>
         </component>
      </populationCriteriaSection>
   </component>
   <component>
      <populationCriteriaSection>
         <templateId>
            <item extension="2017-08-01" root="2.16.840.1.113883.10.20.28.2.7"/>
         </templateId>
         <id extension="PopulationCriteria2" root="7C3A4B38-2C06-47AA-B869-73A6B370C948"/>
         <code code="57026-7" codeSystem="2.16.840.1.113883.6.1"/>
         <title value="Population Criteria Section"/>
         <text/>
         <component typeCode="COMP">
            <initialPopulationCriteria classCode="OBS" moodCode="EVN">
               <id extension="initialPopulation" root="7FE1D093-EFE8-4A37-BB62-F54FE320ABD1"/>
               <code code="IPOP" codeSystem="2.16.840.1.113883.5.4" codeSystemName="Act Code"/>
               <precondition typeCode="PRCN">
                  <criteriaReference classCode="OBS" moodCode="EVN">
                     <id extension="AntidepressantMedicationManagement.&quot;Initial Population&quot;"
                         root="38D61FF0-F045-4688-949D-481A564220D0"/>
                  </criteriaReference>
               </precondition>
            </initialPopulationCriteria>
         </component>
         <component typeCode="COMP">
            <denominatorCriteria classCode="OBS" moodCode="EVN">
               <id extension="denominator" root="2C0FDE5F-C7A5-43A4-9AB2-EF1ED5AF9017"/>
               <code code="DENOM" codeSystem="2.16.840.1.113883.5.4" codeSystemName="Act Code"/>
               <precondition typeCode="PRCN">
                  <criteriaReference classCode="OBS" moodCode="EVN">
                     <id extension="AntidepressantMedicationManagement.&quot;Denominator&quot;"
                         root="38D61FF0-F045-4688-949D-481A564220D0"/>
                  </criteriaReference>
               </precondition>
            </denominatorCriteria>
         </component>
         <component typeCode="COMP">
            <denominatorExclusionCriteria classCode="OBS" moodCode="EVN">
               <id extension="denominatorExclusions" root="C25C172D-A823-4ADD-AABD-4BF11ABA3928"/>
               <code code="DENEX" codeSystem="2.16.840.1.113883.5.4" codeSystemName="Act Code"/>
               <precondition typeCode="PRCN">
                  <criteriaReference classCode="OBS" moodCode="EVN">
                     <id extension="AntidepressantMedicationManagement.&quot;Denominator Exclusions&quot;"
                         root="38D61FF0-F045-4688-949D-481A564220D0"/>
                  </criteriaReference>
               </precondition>
            </denominatorExclusionCriteria>
         </component>
         <component typeCode="COMP">
            <numeratorCriteria classCode="OBS" moodCode="EVN">
               <id extension="numerator" root="2707A6AA-72DE-4D68-B619-775D8715A7BE"/>
               <code code="NUMER" codeSystem="2.16.840.1.113883.5.4" codeSystemName="Act Code"/>
               <precondition typeCode="PRCN">
                  <criteriaReference classCode="OBS" moodCode="EVN">
                     <id extension="AntidepressantMedicationManagement.&quot;Numerator 2&quot;"
                         root="38D61FF0-F045-4688-949D-481A564220D0"/>
                  </criteriaReference>
               </precondition>
            </numeratorCriteria>
         </component>
         <component typeCode="COMP">
            <cql-ext:supplementalDataElement>
               <id extension="Supplemental Data Elements"
                   root="0148E24E-583E-41D1-A6FA-5A0557E2C77C"/>
               <code code="SDE" codeSystem="2.16.840.1.113883.5.4" codeSystemName="Act Code"/>
               <precondition typeCode="PRCN">
                  <criteriaReference classCode="OBS" moodCode="EVN">
                     <id extension="AntidepressantMedicationManagement.&quot;SDE Ethnicity&quot;"
                         root="38D61FF0-F045-4688-949D-481A564220D0"/>
                  </criteriaReference>
               </precondition>
            </cql-ext:supplementalDataElement>
         </component>
         <component typeCode="COMP">
            <cql-ext:supplementalDataElement>
               <id extension="Supplemental Data Elements"
                   root="70537CD9-C97D-4004-81BE-A73AA5337B82"/>
               <code code="SDE" codeSystem="2.16.840.1.113883.5.4" codeSystemName="Act Code"/>
               <precondition typeCode="PRCN">
                  <criteriaReference classCode="OBS" moodCode="EVN">
                     <id extension="AntidepressantMedicationManagement.&quot;SDE Payer&quot;"
                         root="38D61FF0-F045-4688-949D-481A564220D0"/>
                  </criteriaReference>
               </precondition>
            </cql-ext:supplementalDataElement>
         </component>
         <component typeCode="COMP">
            <cql-ext:supplementalDataElement>
               <id extension="Supplemental Data Elements"
                   root="00353908-88DD-43A5-889A-89170EF6E619"/>
               <code code="SDE" codeSystem="2.16.840.1.113883.5.4" codeSystemName="Act Code"/>
               <precondition typeCode="PRCN">
                  <criteriaReference classCode="OBS" moodCode="EVN">
                     <id extension="AntidepressantMedicationManagement.&quot;SDE Race&quot;"
                         root="38D61FF0-F045-4688-949D-481A564220D0"/>
                  </criteriaReference>
               </precondition>
            </cql-ext:supplementalDataElement>
         </component>
         <component typeCode="COMP">
            <cql-ext:supplementalDataElement>
               <id extension="Supplemental Data Elements"
                   root="C7ADB69B-D7A1-4FDD-828C-3AEFD5A2F18F"/>
               <code code="SDE" codeSystem="2.16.840.1.113883.5.4" codeSystemName="Act Code"/>
               <precondition typeCode="PRCN">
                  <criteriaReference classCode="OBS" moodCode="EVN">
                     <id extension="AntidepressantMedicationManagement.&quot;SDE Sex&quot;"
                         root="38D61FF0-F045-4688-949D-481A564220D0"/>
                  </criteriaReference>
               </precondition>
            </cql-ext:supplementalDataElement>
         </component>
      </populationCriteriaSection>
   </component>
</QualityMeasureDocument>