{
   "library" : {
      "annotation" : [ {
         "translatorOptions" : "EnableAnnotations,EnableLocators,DisableListDemotion,DisableListPromotion,DisableMethodInvocation",
         "type" : "CqlToElmInfo"
      }, {
         "type" : "Annotation",
         "s" : {
            "r" : "75",
            "s" : [ {
               "value" : [ "","library CervicalCancerScreening version '11.0.000'" ]
            } ]
         }
      } ],
      "identifier" : {
         "id" : "CervicalCancerScreening",
         "version" : "11.0.000"
      },
      "schemaIdentifier" : {
         "id" : "urn:hl7-org:elm",
         "version" : "r1"
      },
      "usings" : {
         "def" : [ {
            "localIdentifier" : "System",
            "uri" : "urn:hl7-org:elm-types:r1"
         }, {
            "localId" : "1",
            "locator" : "3:1-3:23",
            "localIdentifier" : "QDM",
            "uri" : "urn:healthit-gov:qdm:v5_6",
            "version" : "5.6",
            "annotation" : [ {
               "type" : "Annotation",
               "s" : {
                  "r" : "1",
                  "s" : [ {
                     "value" : [ "","using " ]
                  }, {
                     "s" : [ {
                        "value" : [ "QDM" ]
                     } ]
                  }, {
                     "value" : [ " version ","'5.6'" ]
                  } ]
               }
            } ]
         } ]
      },
      "includes" : {
         "def" : [ {
            "localId" : "2",
            "locator" : "5:1-5:64",
            "localIdentifier" : "Global",
            "path" : "MATGlobalCommonFunctions",
            "version" : "7.0.000",
            "annotation" : [ {
               "type" : "Annotation",
               "s" : {
                  "r" : "2",
                  "s" : [ {
                     "value" : [ "","include " ]
                  }, {
                     "s" : [ {
                        "value" : [ "MATGlobalCommonFunctions" ]
                     } ]
                  }, {
                     "value" : [ " version ","'7.0.000'"," called ","Global" ]
                  } ]
               }
            } ]
         }, {
            "localId" : "3",
            "locator" : "6:1-6:48",
            "localIdentifier" : "Hospice",
            "path" : "Hospice",
            "version" : "4.0.000",
            "annotation" : [ {
               "type" : "Annotation",
               "s" : {
                  "r" : "3",
                  "s" : [ {
                     "value" : [ "","include " ]
                  }, {
                     "s" : [ {
                        "value" : [ "Hospice" ]
                     } ]
                  }, {
                     "value" : [ " version ","'4.0.000'"," called ","Hospice" ]
                  } ]
               }
            } ]
         }, {
            "localId" : "4",
            "locator" : "7:1-7:75",
            "localIdentifier" : "PalliativeCare",
            "path" : "PalliativeCareExclusionECQM",
            "version" : "2.0.000",
            "annotation" : [ {
               "type" : "Annotation",
               "s" : {
                  "r" : "4",
                  "s" : [ {
                     "value" : [ "","include " ]
                  }, {
                     "s" : [ {
                        "value" : [ "PalliativeCareExclusionECQM" ]
                     } ]
                  }, {
                     "value" : [ " version ","'2.0.000'"," called ","PalliativeCare" ]
                  } ]
               }
            } ]
         } ]
      },
      "parameters" : {
         "def" : [ {
            "localId" : "24",
            "locator" : "28:1-28:49",
            "name" : "Measurement Period",
            "accessLevel" : "Public",
            "annotation" : [ {
               "type" : "Annotation",
               "s" : {
                  "r" : "24",
                  "s" : [ {
                     "value" : [ "","parameter ","\"Measurement Period\""," " ]
                  }, {
                     "r" : "23",
                     "s" : [ {
                        "value" : [ "Interval<" ]
                     }, {
                        "r" : "22",
                        "s" : [ {
                           "value" : [ "DateTime" ]
                        } ]
                     }, {
                        "value" : [ ">" ]
                     } ]
                  } ]
               }
            } ],
            "parameterTypeSpecifier" : {
               "localId" : "23",
               "locator" : "28:32-28:49",
               "type" : "IntervalTypeSpecifier",
               "pointType" : {
                  "localId" : "22",
                  "locator" : "28:41-28:48",
                  "name" : "{urn:hl7-org:elm-types:r1}DateTime",
                  "type" : "NamedTypeSpecifier"
               }
            }
         } ]
      },
      "codeSystems" : {
         "def" : [ {
            "localId" : "5",
            "locator" : "9:1-9:66",
            "name" : "AdministrativeGender",
            "id" : "urn:oid:2.16.840.1.113883.5.1",
            "accessLevel" : "Public",
            "annotation" : [ {
               "type" : "Annotation",
               "s" : {
                  "r" : "5",
                  "s" : [ {
                     "value" : [ "","codesystem ","\"AdministrativeGender\"",": ","'urn:oid:2.16.840.1.113883.5.1'" ]
                  } ]
               }
            } ]
         } ]
      },
      "valueSets" : {
         "def" : [ {
            "localId" : "6",
            "locator" : "11:1-11:103",
            "name" : "Congenital or Acquired Absence of Cervix",
            "id" : "urn:oid:2.16.840.1.113883.3.464.1003.111.12.1016",
            "accessLevel" : "Public",
            "annotation" : [ {
               "type" : "Annotation",
               "s" : {
                  "r" : "6",
                  "s" : [ {
                     "value" : [ "","valueset ","\"Congenital or Acquired Absence of Cervix\"",": ","'urn:oid:2.16.840.1.113883.3.464.1003.111.12.1016'" ]
                  } ]
               }
            } ]
         }, {
            "localId" : "7",
            "locator" : "12:1-12:58",
            "name" : "Ethnicity",
            "id" : "urn:oid:2.16.840.1.114222.4.11.837",
            "accessLevel" : "Public",
            "annotation" : [ {
               "type" : "Annotation",
               "s" : {
                  "r" : "7",
                  "s" : [ {
                     "value" : [ "","valueset ","\"Ethnicity\"",": ","'urn:oid:2.16.840.1.114222.4.11.837'" ]
                  } ]
               }
            } ]
         }, {
            "localId" : "8",
            "locator" : "13:1-13:87",
            "name" : "Home Healthcare Services",
            "id" : "urn:oid:2.16.840.1.113883.3.464.1003.101.12.1016",
            "accessLevel" : "Public",
            "annotation" : [ {
               "type" : "Annotation",
               "s" : {
                  "r" : "8",
                  "s" : [ {
                     "value" : [ "","valueset ","\"Home Healthcare Services\"",": ","'urn:oid:2.16.840.1.113883.3.464.1003.101.12.1016'" ]
                  } ]
               }
            } ]
         }, {
            "localId" : "9",
            "locator" : "14:1-14:71",
            "name" : "HPV Test",
            "id" : "urn:oid:2.16.840.1.113883.3.464.1003.110.12.1059",
            "accessLevel" : "Public",
            "annotation" : [ {
               "type" : "Annotation",
               "s" : {
                  "r" : "9",
                  "s" : [ {
                     "value" : [ "","valueset ","\"HPV Test\"",": ","'urn:oid:2.16.840.1.113883.3.464.1003.110.12.1059'" ]
                  } ]
               }
            } ]
         }, {
            "localId" : "10",
            "locator" : "15:1-15:99",
            "name" : "Hysterectomy with No Residual Cervix",
            "id" : "urn:oid:2.16.840.1.113883.3.464.1003.198.12.1014",
            "accessLevel" : "Public",
            "annotation" : [ {
               "type" : "Annotation",
               "s" : {
                  "r" : "10",
                  "s" : [ {
                     "value" : [ "","valueset ","\"Hysterectomy with No Residual Cervix\"",": ","'urn:oid:2.16.840.1.113883.3.464.1003.198.12.1014'" ]
                  } ]
               }
            } ]
         }, {
            "localId" : "11",
            "locator" : "16:1-16:75",
            "name" : "Office Visit",
            "id" : "urn:oid:2.16.840.1.113883.3.464.1003.101.12.1001",
            "accessLevel" : "Public",
            "annotation" : [ {
               "type" : "Annotation",
               "s" : {
                  "r" : "11",
                  "s" : [ {
                     "value" : [ "","valueset ","\"Office Visit\"",": ","'urn:oid:2.16.840.1.113883.3.464.1003.101.12.1001'" ]
                  } ]
               }
            } ]
         }, {
            "localId" : "12",
            "locator" : "17:1-17:68",
            "name" : "ONC Administrative Sex",
            "id" : "urn:oid:2.16.840.1.113762.1.4.1",
            "accessLevel" : "Public",
            "annotation" : [ {
               "type" : "Annotation",
               "s" : {
                  "r" : "12",
                  "s" : [ {
                     "value" : [ "","valueset ","\"ONC Administrative Sex\"",": ","'urn:oid:2.16.840.1.113762.1.4.1'" ]
                  } ]
               }
            } ]
         }, {
            "localId" : "13",
            "locator" : "18:1-18:81",
            "name" : "Online Assessments",
            "id" : "urn:oid:2.16.840.1.113883.3.464.1003.101.12.1089",
            "accessLevel" : "Public",
            "annotation" : [ {
               "type" : "Annotation",
               "s" : {
                  "r" : "13",
                  "s" : [ {
                     "value" : [ "","valueset ","\"Online Assessments\"",": ","'urn:oid:2.16.840.1.113883.3.464.1003.101.12.1089'" ]
                  } ]
               }
            } ]
         }, {
            "localId" : "14",
            "locator" : "19:1-19:71",
            "name" : "Pap Test",
            "id" : "urn:oid:2.16.840.1.113883.3.464.1003.108.12.1017",
            "accessLevel" : "Public",
            "annotation" : [ {
               "type" : "Annotation",
               "s" : {
                  "r" : "14",
                  "s" : [ {
                     "value" : [ "","valueset ","\"Pap Test\"",": ","'urn:oid:2.16.840.1.113883.3.464.1003.108.12.1017'" ]
                  } ]
               }
            } ]
         }, {
            "localId" : "15",
            "locator" : "20:1-20:55",
            "name" : "Payer",
            "id" : "urn:oid:2.16.840.1.114222.4.11.3591",
            "accessLevel" : "Public",
            "annotation" : [ {
               "type" : "Annotation",
               "s" : {
                  "r" : "15",
                  "s" : [ {
                     "value" : [ "","valueset ","\"Payer\"",": ","'urn:oid:2.16.840.1.114222.4.11.3591'" ]
                  } ]
               }
            } ]
         }, {
            "localId" : "16",
            "locator" : "21:1-21:123",
            "name" : "Preventive Care Services Established Office Visit, 18 and Up",
            "id" : "urn:oid:2.16.840.1.113883.3.464.1003.101.12.1025",
            "accessLevel" : "Public",
            "annotation" : [ {
               "type" : "Annotation",
               "s" : {
                  "r" : "16",
                  "s" : [ {
                     "value" : [ "","valueset ","\"Preventive Care Services Established Office Visit, 18 and Up\"",": ","'urn:oid:2.16.840.1.113883.3.464.1003.101.12.1025'" ]
                  } ]
               }
            } ]
         }, {
            "localId" : "17",
            "locator" : "22:1-22:119",
            "name" : "Preventive Care Services Initial Office Visit, 18 and Up",
            "id" : "urn:oid:2.16.840.1.113883.3.464.1003.101.12.1023",
            "accessLevel" : "Public",
            "annotation" : [ {
               "type" : "Annotation",
               "s" : {
                  "r" : "17",
                  "s" : [ {
                     "value" : [ "","valueset ","\"Preventive Care Services Initial Office Visit, 18 and Up\"",": ","'urn:oid:2.16.840.1.113883.3.464.1003.101.12.1023'" ]
                  } ]
               }
            } ]
         }, {
            "localId" : "18",
            "locator" : "23:1-23:53",
            "name" : "Race",
            "id" : "urn:oid:2.16.840.1.114222.4.11.836",
            "accessLevel" : "Public",
            "annotation" : [ {
               "type" : "Annotation",
               "s" : {
                  "r" : "18",
                  "s" : [ {
                     "value" : [ "","valueset ","\"Race\"",": ","'urn:oid:2.16.840.1.114222.4.11.836'" ]
                  } ]
               }
            } ]
         }, {
            "localId" : "19",
            "locator" : "24:1-24:79",
            "name" : "Telephone Visits",
            "id" : "urn:oid:2.16.840.1.113883.3.464.1003.101.12.1080",
            "accessLevel" : "Public",
            "annotation" : [ {
               "type" : "Annotation",
               "s" : {
                  "r" : "19",
                  "s" : [ {
                     "value" : [ "","valueset ","\"Telephone Visits\"",": ","'urn:oid:2.16.840.1.113883.3.464.1003.101.12.1080'" ]
                  } ]
               }
            } ]
         } ]
      },
      "codes" : {
         "def" : [ {
            "localId" : "21",
            "locator" : "26:1-26:63",
            "name" : "Female",
            "id" : "F",
            "display" : "Female",
            "accessLevel" : "Public",
            "annotation" : [ {
               "type" : "Annotation",
               "s" : {
                  "r" : "21",
                  "s" : [ {
                     "value" : [ "","code ","\"Female\"",": ","'F'"," from " ]
                  }, {
                     "r" : "20",
                     "s" : [ {
                        "value" : [ "\"AdministrativeGender\"" ]
                     } ]
                  }, {
                     "value" : [ " display ","'Female'" ]
                  } ]
               }
            } ],
            "codeSystem" : {
               "localId" : "20",
               "locator" : "26:25-26:46",
               "name" : "AdministrativeGender"
            }
         } ]
      },
      "contexts" : {
         "def" : [ {
            "locator" : "30:1-30:15",
            "name" : "Patient"
         } ]
      },
      "statements" : {
         "def" : [ {
            "locator" : "30:1-30:15",
            "name" : "Patient",
            "context" : "Patient",
            "expression" : {
               "type" : "SingletonFrom",
               "operand" : {
                  "locator" : "30:1-30:15",
                  "dataType" : "{urn:healthit-gov:qdm:v5_6}Patient",
                  "templateId" : "Patient",
                  "type" : "Retrieve"
               }
            }
         }, {
            "localId" : "46",
            "locator" : "32:1-40:5",
            "name" : "Absence of Cervix",
            "context" : "Patient",
            "accessLevel" : "Public",
            "annotation" : [ {
               "type" : "Annotation",
               "s" : {
                  "r" : "46",
                  "s" : [ {
                     "value" : [ "","define ","\"Absence of Cervix\"",":\n  " ]
                  }, {
                     "r" : "45",
                     "s" : [ {
                        "r" : "36",
                        "s" : [ {
                           "value" : [ "( " ]
                        }, {
                           "r" : "36",
                           "s" : [ {
                              "s" : [ {
                                 "r" : "26",
                                 "s" : [ {
                                    "r" : "25",
                                    "s" : [ {
                                       "r" : "25",
                                       "s" : [ {
                                          "value" : [ "[","\"Procedure, Performed\"",": " ]
                                       }, {
                                          "s" : [ {
                                             "value" : [ "\"Hysterectomy with No Residual Cervix\"" ]
                                          } ]
                                       }, {
                                          "value" : [ "]" ]
                                       } ]
                                    } ]
                                 }, {
                                    "value" : [ " ","NoCervixProcedure" ]
                                 } ]
                              } ]
                           }, {
                              "value" : [ "\n      " ]
                           }, {
                              "r" : "35",
                              "s" : [ {
                                 "value" : [ "where " ]
                              }, {
                                 "r" : "35",
                                 "s" : [ {
                                    "r" : "32",
                                    "s" : [ {
                                       "r" : "27",
                                       "s" : [ {
                                          "value" : [ "Global" ]
                                       } ]
                                    }, {
                                       "value" : [ "." ]
                                    }, {
                                       "r" : "32",
                                       "s" : [ {
                                          "value" : [ "\"NormalizeInterval\""," ( " ]
                                       }, {
                                          "r" : "29",
                                          "s" : [ {
                                             "r" : "28",
                                             "s" : [ {
                                                "value" : [ "NoCervixProcedure" ]
                                             } ]
                                          }, {
                                             "value" : [ "." ]
                                          }, {
                                             "r" : "29",
                                             "s" : [ {
                                                "value" : [ "relevantDatetime" ]
                                             } ]
                                          } ]
                                       }, {
                                          "value" : [ ", " ]
                                       }, {
                                          "r" : "31",
                                          "s" : [ {
                                             "r" : "30",
                                             "s" : [ {
                                                "value" : [ "NoCervixProcedure" ]
                                             } ]
                                          }, {
                                             "value" : [ "." ]
                                          }, {
                                             "r" : "31",
                                             "s" : [ {
                                                "value" : [ "relevantPeriod" ]
                                             } ]
                                          } ]
                                       }, {
                                          "value" : [ " )" ]
                                       } ]
                                    } ]
                                 }, {
                                    "r" : "35",
                                    "value" : [ " ","ends on or before"," \n      " ]
                                 }, {
                                    "r" : "34",
                                    "s" : [ {
                                       "value" : [ "end of " ]
                                    }, {
                                       "r" : "33",
                                       "s" : [ {
                                          "value" : [ "\"Measurement Period\"" ]
                                       } ]
                                    } ]
                                 } ]
                              } ]
                           } ]
                        }, {
                           "value" : [ "\n  )" ]
                        } ]
                     }, {
                        "value" : [ "\n    union " ]
                     }, {
                        "r" : "44",
                        "s" : [ {
                           "value" : [ "( " ]
                        }, {
                           "r" : "44",
                           "s" : [ {
                              "s" : [ {
                                 "r" : "38",
                                 "s" : [ {
                                    "r" : "37",
                                    "s" : [ {
                                       "r" : "37",
                                       "s" : [ {
                                          "value" : [ "[","\"Diagnosis\"",": " ]
                                       }, {
                                          "s" : [ {
                                             "value" : [ "\"Congenital or Acquired Absence of Cervix\"" ]
                                          } ]
                                       }, {
                                          "value" : [ "]" ]
                                       } ]
                                    } ]
                                 }, {
                                    "value" : [ " ","NoCervixDiagnosis" ]
                                 } ]
                              } ]
                           }, {
                              "value" : [ "\n        " ]
                           }, {
                              "r" : "43",
                              "s" : [ {
                                 "value" : [ "where " ]
                              }, {
                                 "r" : "43",
                                 "s" : [ {
                                    "r" : "40",
                                    "s" : [ {
                                       "r" : "39",
                                       "s" : [ {
                                          "value" : [ "NoCervixDiagnosis" ]
                                       } ]
                                    }, {
                                       "value" : [ "." ]
                                    }, {
                                       "r" : "40",
                                       "s" : [ {
                                          "value" : [ "prevalencePeriod" ]
                                       } ]
                                    } ]
                                 }, {
                                    "r" : "43",
                                    "value" : [ " ","starts on or before"," \n        " ]
                                 }, {
                                    "r" : "42",
                                    "s" : [ {
                                       "value" : [ "end of " ]
                                    }, {
                                       "r" : "41",
                                       "s" : [ {
                                          "value" : [ "\"Measurement Period\"" ]
                                       } ]
                                    } ]
                                 } ]
                              } ]
                           } ]
                        }, {
                           "value" : [ "\n    )" ]
                        } ]
                     } ]
                  } ]
               }
            } ],
            "expression" : {
               "localId" : "45",
               "locator" : "33:3-40:5",
               "type" : "Union",
               "operand" : [ {
                  "type" : "As",
                  "operand" : {
                     "localId" : "36",
                     "locator" : "33:3-36:3",
                     "type" : "Query",
                     "source" : [ {
                        "localId" : "26",
                        "locator" : "33:5-33:86",
                        "alias" : "NoCervixProcedure",
                        "expression" : {
                           "localId" : "25",
                           "locator" : "33:5-33:68",
                           "dataType" : "{urn:healthit-gov:qdm:v5_6}PositiveProcedurePerformed",
                           "templateId" : "PositiveProcedurePerformed",
                           "codeProperty" : "code",
                           "codeComparator" : "in",
                           "type" : "Retrieve",
                           "codes" : {
                              "locator" : "33:30-33:67",
                              "name" : "Hysterectomy with No Residual Cervix",
                              "type" : "ValueSetRef"
                           }
                        }
                     } ],
                     "relationship" : [ ],
                     "where" : {
                        "localId" : "35",
                        "locator" : "34:7-35:33",
                        "type" : "SameOrBefore",
                        "operand" : [ {
                           "locator" : "34:113-34:116",
                           "type" : "End",
                           "operand" : {
                              "localId" : "32",
                              "locator" : "34:13-34:111",
                              "name" : "NormalizeInterval",
                              "libraryName" : "Global",
                              "type" : "FunctionRef",
                              "operand" : [ {
                                 "localId" : "29",
                                 "locator" : "34:42-34:75",
                                 "path" : "relevantDatetime",
                                 "scope" : "NoCervixProcedure",
                                 "type" : "Property"
                              }, {
                                 "localId" : "31",
                                 "locator" : "34:78-34:109",
                                 "path" : "relevantPeriod",
                                 "scope" : "NoCervixProcedure",
                                 "type" : "Property"
                              } ]
                           }
                        }, {
                           "localId" : "34",
                           "locator" : "35:7-35:33",
                           "type" : "End",
                           "operand" : {
                              "localId" : "33",
                              "locator" : "35:14-35:33",
                              "name" : "Measurement Period",
                              "type" : "ParameterRef"
                           }
                        } ]
                     }
                  },
                  "asTypeSpecifier" : {
                     "type" : "ListTypeSpecifier",
                     "elementType" : {
                        "type" : "ChoiceTypeSpecifier",
                        "choice" : [ {
                           "name" : "{urn:healthit-gov:qdm:v5_6}Diagnosis",
                           "type" : "NamedTypeSpecifier"
                        }, {
                           "name" : "{urn:healthit-gov:qdm:v5_6}PositiveProcedurePerformed",
                           "type" : "NamedTypeSpecifier"
                        } ]
                     }
                  }
               }, {
                  "type" : "As",
                  "operand" : {
                     "localId" : "44",
                     "locator" : "37:11-40:5",
                     "type" : "Query",
                     "source" : [ {
                        "localId" : "38",
                        "locator" : "37:13-37:87",
                        "alias" : "NoCervixDiagnosis",
                        "expression" : {
                           "localId" : "37",
                           "locator" : "37:13-37:69",
                           "dataType" : "{urn:healthit-gov:qdm:v5_6}Diagnosis",
                           "codeProperty" : "code",
                           "codeComparator" : "in",
                           "type" : "Retrieve",
                           "codes" : {
                              "locator" : "37:27-37:68",
                              "name" : "Congenital or Acquired Absence of Cervix",
                              "type" : "ValueSetRef"
                           }
                        }
                     } ],
                     "relationship" : [ ],
                     "where" : {
                        "localId" : "43",
                        "locator" : "38:9-39:35",
                        "type" : "SameOrBefore",
                        "operand" : [ {
                           "locator" : "38:50-38:55",
                           "type" : "Start",
                           "operand" : {
                              "localId" : "40",
                              "locator" : "38:15-38:48",
                              "path" : "prevalencePeriod",
                              "scope" : "NoCervixDiagnosis",
                              "type" : "Property"
                           }
                        }, {
                           "localId" : "42",
                           "locator" : "39:9-39:35",
                           "type" : "End",
                           "operand" : {
                              "localId" : "41",
                              "locator" : "39:16-39:35",
                              "name" : "Measurement Period",
                              "type" : "ParameterRef"
                           }
                        } ]
                     }
                  },
                  "asTypeSpecifier" : {
                     "type" : "ListTypeSpecifier",
                     "elementType" : {
                        "type" : "ChoiceTypeSpecifier",
                        "choice" : [ {
                           "name" : "{urn:healthit-gov:qdm:v5_6}Diagnosis",
                           "type" : "NamedTypeSpecifier"
                        }, {
                           "name" : "{urn:healthit-gov:qdm:v5_6}PositiveProcedurePerformed",
                           "type" : "NamedTypeSpecifier"
                        } ]
                     }
                  }
               } ]
            }
         }, {
            "localId" : "75",
            "locator" : "86:1-93:75",
            "name" : "Qualifying Encounters",
            "context" : "Patient",
            "accessLevel" : "Public",
            "annotation" : [ {
               "type" : "Annotation",
               "s" : {
                  "r" : "75",
                  "s" : [ {
                     "value" : [ "","define ","\"Qualifying Encounters\"",":\n  " ]
                  }, {
                     "r" : "74",
                     "s" : [ {
                        "s" : [ {
                           "r" : "69",
                           "s" : [ {
                              "r" : "68",
                              "s" : [ {
                                 "value" : [ "( " ]
                              }, {
                                 "r" : "68",
                                 "s" : [ {
                                    "r" : "66",
                                    "s" : [ {
                                       "r" : "64",
                                       "s" : [ {
                                          "r" : "62",
                                          "s" : [ {
                                             "r" : "60",
                                             "s" : [ {
                                                "r" : "58",
                                                "s" : [ {
                                                   "value" : [ "[","\"Encounter, Performed\"",": " ]
                                                }, {
                                                   "s" : [ {
                                                      "value" : [ "\"Office Visit\"" ]
                                                   } ]
                                                }, {
                                                   "value" : [ "]" ]
                                                } ]
                                             }, {
                                                "value" : [ "\n    union " ]
                                             }, {
                                                "r" : "59",
                                                "s" : [ {
                                                   "value" : [ "[","\"Encounter, Performed\"",": " ]
                                                }, {
                                                   "s" : [ {
                                                      "value" : [ "\"Preventive Care Services Established Office Visit, 18 and Up\"" ]
                                                   } ]
                                                }, {
                                                   "value" : [ "]" ]
                                                } ]
                                             } ]
                                          }, {
                                             "value" : [ "\n    union " ]
                                          }, {
                                             "r" : "61",
                                             "s" : [ {
                                                "value" : [ "[","\"Encounter, Performed\"",": " ]
                                             }, {
                                                "s" : [ {
                                                   "value" : [ "\"Preventive Care Services Initial Office Visit, 18 and Up\"" ]
                                                } ]
                                             }, {
                                                "value" : [ "]" ]
                                             } ]
                                          } ]
                                       }, {
                                          "value" : [ "\n    union " ]
                                       }, {
                                          "r" : "63",
                                          "s" : [ {
                                             "value" : [ "[","\"Encounter, Performed\"",": " ]
                                          }, {
                                             "s" : [ {
                                                "value" : [ "\"Home Healthcare Services\"" ]
                                             } ]
                                          }, {
                                             "value" : [ "]" ]
                                          } ]
                                       } ]
                                    }, {
                                       "value" : [ "\n    union " ]
                                    }, {
                                       "r" : "65",
                                       "s" : [ {
                                          "value" : [ "[","\"Encounter, Performed\"",": " ]
                                       }, {
                                          "s" : [ {
                                             "value" : [ "\"Telephone Visits\"" ]
                                          } ]
                                       }, {
                                          "value" : [ "]" ]
                                       } ]
                                    } ]
                                 }, {
                                    "value" : [ "\n    union " ]
                                 }, {
                                    "r" : "67",
                                    "s" : [ {
                                       "value" : [ "[","\"Encounter, Performed\"",": " ]
                                    }, {
                                       "s" : [ {
                                          "value" : [ "\"Online Assessments\"" ]
                                       } ]
                                    }, {
                                       "value" : [ "]" ]
                                    } ]
                                 } ]
                              }, {
                                 "value" : [ " )" ]
                              } ]
                           }, {
                              "value" : [ " ","ValidEncounters" ]
                           } ]
                        } ]
                     }, {
                        "value" : [ "\n    " ]
                     }, {
                        "r" : "73",
                        "s" : [ {
                           "value" : [ "where " ]
                        }, {
                           "r" : "73",
                           "s" : [ {
                              "r" : "71",
                              "s" : [ {
                                 "r" : "70",
                                 "s" : [ {
                                    "value" : [ "ValidEncounters" ]
                                 } ]
                              }, {
                                 "value" : [ "." ]
                              }, {
                                 "r" : "71",
                                 "s" : [ {
                                    "value" : [ "relevantPeriod" ]
                                 } ]
                              } ]
                           }, {
                              "r" : "73",
                              "value" : [ " ","during day of"," " ]
                           }, {
                              "r" : "72",
                              "s" : [ {
                                 "value" : [ "\"Measurement Period\"" ]
                              } ]
                           } ]
                        } ]
                     } ]
                  } ]
               }
            } ],
            "expression" : {
               "localId" : "74",
               "locator" : "87:3-93:75",
               "type" : "Query",
               "source" : [ {
                  "localId" : "69",
                  "locator" : "87:3-92:74",
                  "alias" : "ValidEncounters",
                  "expression" : {
                     "localId" : "68",
                     "locator" : "87:3-92:58",
                     "type" : "Union",
                     "operand" : [ {
                        "localId" : "64",
                        "locator" : "87:5-90:62",
                        "type" : "Union",
                        "operand" : [ {
                           "localId" : "60",
                           "locator" : "87:5-88:98",
                           "type" : "Union",
                           "operand" : [ {
                              "localId" : "58",
                              "locator" : "87:5-87:44",
                              "dataType" : "{urn:healthit-gov:qdm:v5_6}PositiveEncounterPerformed",
                              "templateId" : "PositiveEncounterPerformed",
                              "codeProperty" : "code",
                              "codeComparator" : "in",
                              "type" : "Retrieve",
                              "codes" : {
                                 "locator" : "87:30-87:43",
                                 "name" : "Office Visit",
                                 "type" : "ValueSetRef"
                              }
                           }, {
                              "localId" : "59",
                              "locator" : "88:11-88:98",
                              "dataType" : "{urn:healthit-gov:qdm:v5_6}PositiveEncounterPerformed",
                              "templateId" : "PositiveEncounterPerformed",
                              "codeProperty" : "code",
                              "codeComparator" : "in",
                              "type" : "Retrieve",
                              "codes" : {
                                 "locator" : "88:36-88:97",
                                 "name" : "Preventive Care Services Established Office Visit, 18 and Up",
                                 "type" : "ValueSetRef"
                              }
                           } ]
                        }, {
                           "type" : "Union",
                           "operand" : [ {
                              "localId" : "61",
                              "locator" : "89:11-89:94",
                              "dataType" : "{urn:healthit-gov:qdm:v5_6}PositiveEncounterPerformed",
                              "templateId" : "PositiveEncounterPerformed",
                              "codeProperty" : "code",
                              "codeComparator" : "in",
                              "type" : "Retrieve",
                              "codes" : {
                                 "locator" : "89:36-89:93",
                                 "name" : "Preventive Care Services Initial Office Visit, 18 and Up",
                                 "type" : "ValueSetRef"
                              }
                           }, {
                              "localId" : "63",
                              "locator" : "90:11-90:62",
                              "dataType" : "{urn:healthit-gov:qdm:v5_6}PositiveEncounterPerformed",
                              "templateId" : "PositiveEncounterPerformed",
                              "codeProperty" : "code",
                              "codeComparator" : "in",
                              "type" : "Retrieve",
                              "codes" : {
                                 "locator" : "90:36-90:61",
                                 "name" : "Home Healthcare Services",
                                 "type" : "ValueSetRef"
                              }
                           } ]
                        } ]
                     }, {
                        "type" : "Union",
                        "operand" : [ {
                           "localId" : "65",
                           "locator" : "91:11-91:54",
                           "dataType" : "{urn:healthit-gov:qdm:v5_6}PositiveEncounterPerformed",
                           "templateId" : "PositiveEncounterPerformed",
                           "codeProperty" : "code",
                           "codeComparator" : "in",
                           "type" : "Retrieve",
                           "codes" : {
                              "locator" : "91:36-91:53",
                              "name" : "Telephone Visits",
                              "type" : "ValueSetRef"
                           }
                        }, {
                           "localId" : "67",
                           "locator" : "92:11-92:56",
                           "dataType" : "{urn:healthit-gov:qdm:v5_6}PositiveEncounterPerformed",
                           "templateId" : "PositiveEncounterPerformed",
                           "codeProperty" : "code",
                           "codeComparator" : "in",
                           "type" : "Retrieve",
                           "codes" : {
                              "locator" : "92:36-92:55",
                              "name" : "Online Assessments",
                              "type" : "ValueSetRef"
                           }
                        } ]
                     } ]
                  }
               } ],
               "relationship" : [ ],
               "where" : {
                  "localId" : "73",
                  "locator" : "93:5-93:75",
                  "precision" : "Day",
                  "type" : "IncludedIn",
                  "operand" : [ {
                     "localId" : "71",
                     "locator" : "93:11-93:40",
                     "path" : "relevantPeriod",
                     "scope" : "ValidEncounters",
                     "type" : "Property"
                  }, {
                     "localId" : "72",
                     "locator" : "93:56-93:75",
                     "name" : "Measurement Period",
                     "type" : "ParameterRef"
                  } ]
               }
            }
         }, {
            "localId" : "79",
            "locator" : "72:1-77:38",
            "name" : "Initial Population",
            "context" : "Patient",
            "accessLevel" : "Public",
            "annotation" : [ {
               "type" : "Annotation",
               "s" : {
                  "r" : "79",
                  "s" : [ {
                     "value" : [ "","define ","\"Initial Population\"",":\n  " ]
                  }, {
                     "r" : "78",
                     "s" : [ {
                        "r" : "57",
                        "s" : [ {
                           "r" : "54",
                           "s" : [ {
                              "r" : "50",
                              "s" : [ {
                                 "value" : [ "AgeInYearsAt","(" ]
                              }, {
                                 "r" : "49",
                                 "s" : [ {
                                    "value" : [ "date from \n    " ]
                                 }, {
                                    "r" : "48",
                                    "s" : [ {
                                       "value" : [ "end of " ]
                                    }, {
                                       "r" : "47",
                                       "s" : [ {
                                          "value" : [ "\"Measurement Period\"" ]
                                       } ]
                                    } ]
                                 } ]
                              }, {
                                 "value" : [ "\n  )" ]
                              } ]
                           }, {
                              "value" : [ "in " ]
                           }, {
                              "r" : "53",
                              "s" : [ {
                                 "r" : "51",
                                 "value" : [ "Interval[","24",", ","64","]" ]
                              } ]
                           } ]
                        }, {
                           "value" : [ "\n    and " ]
                        }, {
                           "r" : "56",
                           "s" : [ {
                              "value" : [ "exists " ]
                           }, {
                              "r" : "55",
                              "s" : [ {
                                 "value" : [ "( " ]
                              }, {
                                 "r" : "55",
                                 "s" : [ {
                                    "value" : [ "[","\"Patient Characteristic Sex\"",": " ]
                                 }, {
                                    "s" : [ {
                                       "value" : [ "\"Female\"" ]
                                    } ]
                                 }, {
                                    "value" : [ "]" ]
                                 } ]
                              }, {
                                 "value" : [ " )" ]
                              } ]
                           } ]
                        } ]
                     }, {
                        "value" : [ "\n    and " ]
                     }, {
                        "r" : "77",
                        "s" : [ {
                           "value" : [ "exists " ]
                        }, {
                           "r" : "76",
                           "s" : [ {
                              "value" : [ "\"Qualifying Encounters\"" ]
                           } ]
                        } ]
                     } ]
                  } ]
               }
            } ],
            "expression" : {
               "localId" : "78",
               "locator" : "73:3-77:38",
               "type" : "And",
               "operand" : [ {
                  "localId" : "57",
                  "locator" : "73:3-76:59",
                  "type" : "And",
                  "operand" : [ {
                     "localId" : "54",
                     "locator" : "73:3-75:22",
                     "type" : "In",
                     "operand" : [ {
                        "localId" : "50",
                        "locator" : "73:3-75:3",
                        "precision" : "Year",
                        "type" : "CalculateAgeAt",
                        "operand" : [ {
                           "type" : "ToDate",
                           "operand" : {
                              "path" : "birthDatetime",
                              "type" : "Property",
                              "source" : {
                                 "name" : "Patient",
                                 "type" : "ExpressionRef"
                              }
                           }
                        }, {
                           "localId" : "49",
                           "locator" : "73:16-74:31",
                           "type" : "DateFrom",
                           "operand" : {
                              "localId" : "48",
                              "locator" : "74:5-74:31",
                              "type" : "End",
                              "operand" : {
                                 "localId" : "47",
                                 "locator" : "74:12-74:31",
                                 "name" : "Measurement Period",
                                 "type" : "ParameterRef"
                              }
                           }
                        } ]
                     }, {
                        "localId" : "53",
                        "locator" : "75:7-75:22",
                        "lowClosed" : true,
                        "highClosed" : true,
                        "type" : "Interval",
                        "low" : {
                           "localId" : "51",
                           "locator" : "75:16-75:17",
                           "valueType" : "{urn:hl7-org:elm-types:r1}Integer",
                           "value" : "24",
                           "type" : "Literal"
                        },
                        "high" : {
                           "localId" : "52",
                           "locator" : "75:20-75:21",
                           "valueType" : "{urn:hl7-org:elm-types:r1}Integer",
                           "value" : "64",
                           "type" : "Literal"
                        }
                     } ]
                  }, {
                     "localId" : "56",
                     "locator" : "76:9-76:59",
                     "type" : "Exists",
                     "operand" : {
                        "localId" : "55",
                        "locator" : "76:16-76:59",
                        "dataType" : "{urn:healthit-gov:qdm:v5_6}PatientCharacteristicSex",
                        "codeProperty" : "code",
                        "codeComparator" : "~",
                        "type" : "Retrieve",
                        "codes" : {
                           "type" : "ToList",
                           "operand" : {
                              "locator" : "76:49-76:56",
                              "name" : "Female",
                              "type" : "CodeRef"
                           }
                        }
                     }
                  } ]
               }, {
                  "localId" : "77",
                  "locator" : "77:9-77:38",
                  "type" : "Exists",
                  "operand" : {
                     "localId" : "76",
                     "locator" : "77:16-77:38",
                     "name" : "Qualifying Encounters",
                     "type" : "ExpressionRef"
                  }
               } ]
            }
         }, {
            "localId" : "81",
            "locator" : "42:1-43:22",
            "name" : "Denominator",
            "context" : "Patient",
            "accessLevel" : "Public",
            "annotation" : [ {
               "type" : "Annotation",
               "s" : {
                  "r" : "81",
                  "s" : [ {
                     "value" : [ "","define ","\"Denominator\"",":\n  " ]
                  }, {
                     "r" : "80",
                     "s" : [ {
                        "value" : [ "\"Initial Population\"" ]
                     } ]
                  } ]
               }
            } ],
            "expression" : {
               "localId" : "80",
               "locator" : "43:3-43:22",
               "name" : "Initial Population",
               "type" : "ExpressionRef"
            }
         }, {
            "localId" : "90",
            "locator" : "45:1-48:65",
            "name" : "Denominator Exclusions",
            "context" : "Patient",
            "accessLevel" : "Public",
            "annotation" : [ {
               "type" : "Annotation",
               "s" : {
                  "r" : "90",
                  "s" : [ {
                     "value" : [ "","define ","\"Denominator Exclusions\"",":\n  " ]
                  }, {
                     "r" : "89",
                     "s" : [ {
                        "r" : "86",
                        "s" : [ {
                           "r" : "83",
                           "s" : [ {
                              "r" : "82",
                              "s" : [ {
                                 "value" : [ "Hospice" ]
                              } ]
                           }, {
                              "value" : [ "." ]
                           }, {
                              "r" : "83",
                              "s" : [ {
                                 "value" : [ "\"Has Hospice Services\"" ]
                              } ]
                           } ]
                        }, {
                           "value" : [ "\n    or " ]
                        }, {
                           "r" : "85",
                           "s" : [ {
                              "value" : [ "exists " ]
                           }, {
                              "r" : "84",
                              "s" : [ {
                                 "value" : [ "\"Absence of Cervix\"" ]
                              } ]
                           } ]
                        } ]
                     }, {
                        "value" : [ "\n    or " ]
                     }, {
                        "r" : "88",
                        "s" : [ {
                           "r" : "87",
                           "s" : [ {
                              "value" : [ "PalliativeCare" ]
                           } ]
                        }, {
                           "value" : [ "." ]
                        }, {
                           "r" : "88",
                           "s" : [ {
                              "value" : [ "\"Palliative Care in the Measurement Period\"" ]
                           } ]
                        } ]
                     } ]
                  } ]
               }
            } ],
            "expression" : {
               "localId" : "89",
               "locator" : "46:3-48:65",
               "type" : "Or",
               "operand" : [ {
                  "localId" : "86",
                  "locator" : "46:3-47:33",
                  "type" : "Or",
                  "operand" : [ {
                     "localId" : "83",
                     "locator" : "46:3-46:32",
                     "name" : "Has Hospice Services",
                     "libraryName" : "Hospice",
                     "type" : "ExpressionRef"
                  }, {
                     "localId" : "85",
                     "locator" : "47:8-47:33",
                     "type" : "Exists",
                     "operand" : {
                        "localId" : "84",
                        "locator" : "47:15-47:33",
                        "name" : "Absence of Cervix",
                        "type" : "ExpressionRef"
                     }
                  } ]
               }, {
                  "localId" : "88",
                  "locator" : "48:8-48:65",
                  "name" : "Palliative Care in the Measurement Period",
                  "libraryName" : "PalliativeCare",
                  "type" : "ExpressionRef"
               } ]
            }
         }, {
            "localId" : "112",
            "locator" : "66:1-70:45",
            "name" : "Cervical Cytology Within 3 Years",
            "context" : "Patient",
            "accessLevel" : "Public",
            "annotation" : [ {
               "type" : "Annotation",
               "s" : {
                  "r" : "112",
                  "s" : [ {
                     "value" : [ "","define ","\"Cervical Cytology Within 3 Years\"",":\n  " ]
                  }, {
                     "r" : "111",
                     "s" : [ {
                        "s" : [ {
                           "r" : "92",
                           "s" : [ {
                              "r" : "91",
                              "s" : [ {
                                 "r" : "91",
                                 "s" : [ {
                                    "value" : [ "[","\"Laboratory Test, Performed\"",": " ]
                                 }, {
                                    "s" : [ {
                                       "value" : [ "\"Pap Test\"" ]
                                    } ]
                                 }, {
                                    "value" : [ "]" ]
                                 } ]
                              } ]
                           }, {
                              "value" : [ " ","CervicalCytology" ]
                           } ]
                        } ]
                     }, {
                        "value" : [ "\n    " ]
                     }, {
                        "r" : "110",
                        "s" : [ {
                           "value" : [ "where " ]
                        }, {
                           "r" : "110",
                           "s" : [ {
                              "r" : "106",
                              "s" : [ {
                                 "r" : "98",
                                 "s" : [ {
                                    "r" : "93",
                                    "s" : [ {
                                       "value" : [ "Global" ]
                                    } ]
                                 }, {
                                    "value" : [ "." ]
                                 }, {
                                    "r" : "98",
                                    "s" : [ {
                                       "value" : [ "\"LatestOf\""," ( " ]
                                    }, {
                                       "r" : "95",
                                       "s" : [ {
                                          "r" : "94",
                                          "s" : [ {
                                             "value" : [ "CervicalCytology" ]
                                          } ]
                                       }, {
                                          "value" : [ "." ]
                                       }, {
                                          "r" : "95",
                                          "s" : [ {
                                             "value" : [ "relevantDatetime" ]
                                          } ]
                                       } ]
                                    }, {
                                       "value" : [ ", " ]
                                    }, {
                                       "r" : "97",
                                       "s" : [ {
                                          "r" : "96",
                                          "s" : [ {
                                             "value" : [ "CervicalCytology" ]
                                          } ]
                                       }, {
                                          "value" : [ "." ]
                                       }, {
                                          "r" : "97",
                                          "s" : [ {
                                             "value" : [ "relevantPeriod" ]
                                          } ]
                                       } ]
                                    }, {
                                       "value" : [ " )" ]
                                    } ]
                                 } ]
                              }, {
                                 "r" : "106",
                                 "value" : [ " ","during day of"," " ]
                              }, {
                                 "r" : "105",
                                 "s" : [ {
                                    "value" : [ "Interval[" ]
                                 }, {
                                    "r" : "102",
                                    "s" : [ {
                                       "r" : "100",
                                       "s" : [ {
                                          "value" : [ "start of " ]
                                       }, {
                                          "r" : "99",
                                          "s" : [ {
                                             "value" : [ "\"Measurement Period\"" ]
                                          } ]
                                       } ]
                                    }, {
                                       "value" : [ " - " ]
                                    }, {
                                       "r" : "101",
                                       "s" : [ {
                                          "value" : [ "2 ","years" ]
                                       } ]
                                    } ]
                                 }, {
                                    "value" : [ ", \n    " ]
                                 }, {
                                    "r" : "104",
                                    "s" : [ {
                                       "value" : [ "end of " ]
                                    }, {
                                       "r" : "103",
                                       "s" : [ {
                                          "value" : [ "\"Measurement Period\"" ]
                                       } ]
                                    } ]
                                 }, {
                                    "value" : [ "]" ]
                                 } ]
                              } ]
                           }, {
                              "value" : [ "\n      and " ]
                           }, {
                              "r" : "109",
                              "s" : [ {
                                 "r" : "108",
                                 "s" : [ {
                                    "r" : "107",
                                    "s" : [ {
                                       "value" : [ "CervicalCytology" ]
                                    } ]
                                 }, {
                                    "value" : [ "." ]
                                 }, {
                                    "r" : "108",
                                    "s" : [ {
                                       "value" : [ "result" ]
                                    } ]
                                 } ]
                              }, {
                                 "value" : [ " is not null" ]
                              } ]
                           } ]
                        } ]
                     } ]
                  } ]
               }
            } ],
            "expression" : {
               "localId" : "111",
               "locator" : "67:3-70:45",
               "type" : "Query",
               "source" : [ {
                  "localId" : "92",
                  "locator" : "67:3-67:61",
                  "alias" : "CervicalCytology",
                  "expression" : {
                     "localId" : "91",
                     "locator" : "67:3-67:44",
                     "dataType" : "{urn:healthit-gov:qdm:v5_6}PositiveLaboratoryTestPerformed",
                     "templateId" : "PositiveLaboratoryTestPerformed",
                     "codeProperty" : "code",
                     "codeComparator" : "in",
                     "type" : "Retrieve",
                     "codes" : {
                        "locator" : "67:34-67:43",
                        "name" : "Pap Test",
                        "type" : "ValueSetRef"
                     }
                  }
               } ],
               "relationship" : [ ],
               "where" : {
                  "localId" : "110",
                  "locator" : "68:5-70:45",
                  "type" : "And",
                  "operand" : [ {
                     "localId" : "106",
                     "locator" : "68:11-69:32",
                     "precision" : "Day",
                     "type" : "In",
                     "operand" : [ {
                        "localId" : "98",
                        "locator" : "68:11-68:98",
                        "name" : "LatestOf",
                        "libraryName" : "Global",
                        "type" : "FunctionRef",
                        "operand" : [ {
                           "localId" : "95",
                           "locator" : "68:31-68:63",
                           "path" : "relevantDatetime",
                           "scope" : "CervicalCytology",
                           "type" : "Property"
                        }, {
                           "localId" : "97",
                           "locator" : "68:66-68:96",
                           "path" : "relevantPeriod",
                           "scope" : "CervicalCytology",
                           "type" : "Property"
                        } ]
                     }, {
                        "localId" : "105",
                        "locator" : "68:114-69:32",
                        "lowClosed" : true,
                        "highClosed" : true,
                        "type" : "Interval",
                        "low" : {
                           "localId" : "102",
                           "locator" : "68:123-68:161",
                           "type" : "Subtract",
                           "operand" : [ {
                              "localId" : "100",
                              "locator" : "68:123-68:151",
                              "type" : "Start",
                              "operand" : {
                                 "localId" : "99",
                                 "locator" : "68:132-68:151",
                                 "name" : "Measurement Period",
                                 "type" : "ParameterRef"
                              }
                           }, {
                              "localId" : "101",
                              "locator" : "68:155-68:161",
                              "value" : 2,
                              "unit" : "years",
                              "type" : "Quantity"
                           } ]
                        },
                        "high" : {
                           "localId" : "104",
                           "locator" : "69:5-69:31",
                           "type" : "End",
                           "operand" : {
                              "localId" : "103",
                              "locator" : "69:12-69:31",
                              "name" : "Measurement Period",
                              "type" : "ParameterRef"
                           }
                        }
                     } ]
                  }, {
                     "localId" : "109",
                     "locator" : "70:11-70:45",
                     "type" : "Not",
                     "operand" : {
                        "locator" : "70:11-70:45",
                        "type" : "IsNull",
                        "operand" : {
                           "localId" : "108",
                           "locator" : "70:11-70:33",
                           "path" : "result",
                           "scope" : "CervicalCytology",
                           "type" : "Property"
                        }
                     }
                  } ]
               }
            }
         }, {
            "localId" : "147",
            "locator" : "79:1-84:36",
            "name" : "HPV Test Within 5 Years for Women Age 30 and Older",
            "context" : "Patient",
            "accessLevel" : "Public",
            "annotation" : [ {
               "type" : "Annotation",
               "s" : {
                  "r" : "147",
                  "s" : [ {
                     "value" : [ "","define ","\"HPV Test Within 5 Years for Women Age 30 and Older\"",":\n  " ]
                  }, {
                     "r" : "146",
                     "s" : [ {
                        "s" : [ {
                           "r" : "116",
                           "s" : [ {
                              "r" : "115",
                              "s" : [ {
                                 "r" : "115",
                                 "s" : [ {
                                    "value" : [ "[","\"Laboratory Test, Performed\"",": " ]
                                 }, {
                                    "s" : [ {
                                       "value" : [ "\"HPV Test\"" ]
                                    } ]
                                 }, {
                                    "value" : [ "]" ]
                                 } ]
                              } ]
                           }, {
                              "value" : [ " ","HPVTest" ]
                           } ]
                        } ]
                     }, {
                        "value" : [ "\n    " ]
                     }, {
                        "r" : "145",
                        "s" : [ {
                           "value" : [ "where " ]
                        }, {
                           "r" : "145",
                           "s" : [ {
                              "r" : "141",
                              "s" : [ {
                                 "r" : "126",
                                 "s" : [ {
                                    "r" : "124",
                                    "s" : [ {
                                       "value" : [ "AgeInYearsAt","(" ]
                                    }, {
                                       "r" : "123",
                                       "s" : [ {
                                          "value" : [ "date from " ]
                                       }, {
                                          "r" : "122",
                                          "s" : [ {
                                             "r" : "117",
                                             "s" : [ {
                                                "value" : [ "Global" ]
                                             } ]
                                          }, {
                                             "value" : [ "." ]
                                          }, {
                                             "r" : "122",
                                             "s" : [ {
                                                "value" : [ "\"LatestOf\"","(" ]
                                             }, {
                                                "r" : "119",
                                                "s" : [ {
                                                   "r" : "118",
                                                   "s" : [ {
                                                      "value" : [ "HPVTest" ]
                                                   } ]
                                                }, {
                                                   "value" : [ "." ]
                                                }, {
                                                   "r" : "119",
                                                   "s" : [ {
                                                      "value" : [ "relevantDatetime" ]
                                                   } ]
                                                } ]
                                             }, {
                                                "value" : [ ", " ]
                                             }, {
                                                "r" : "121",
                                                "s" : [ {
                                                   "r" : "120",
                                                   "s" : [ {
                                                      "value" : [ "HPVTest" ]
                                                   } ]
                                                }, {
                                                   "value" : [ "." ]
                                                }, {
                                                   "r" : "121",
                                                   "s" : [ {
                                                      "value" : [ "relevantPeriod" ]
                                                   } ]
                                                } ]
                                             }, {
                                                "value" : [ ")" ]
                                             } ]
                                          } ]
                                       } ]
                                    }, {
                                       "value" : [ ")" ]
                                    } ]
                                 }, {
                                    "r" : "125",
                                    "value" : [ ">="," ","30" ]
                                 } ]
                              }, {
                                 "value" : [ "\n      and " ]
                              }, {
                                 "r" : "140",
                                 "s" : [ {
                                    "r" : "132",
                                    "s" : [ {
                                       "r" : "127",
                                       "s" : [ {
                                          "value" : [ "Global" ]
                                       } ]
                                    }, {
                                       "value" : [ "." ]
                                    }, {
                                       "r" : "132",
                                       "s" : [ {
                                          "value" : [ "\"LatestOf\""," ( " ]
                                       }, {
                                          "r" : "129",
                                          "s" : [ {
                                             "r" : "128",
                                             "s" : [ {
                                                "value" : [ "HPVTest" ]
                                             } ]
                                          }, {
                                             "value" : [ "." ]
                                          }, {
                                             "r" : "129",
                                             "s" : [ {
                                                "value" : [ "relevantDatetime" ]
                                             } ]
                                          } ]
                                       }, {
                                          "value" : [ ", " ]
                                       }, {
                                          "r" : "131",
                                          "s" : [ {
                                             "r" : "130",
                                             "s" : [ {
                                                "value" : [ "HPVTest" ]
                                             } ]
                                          }, {
                                             "value" : [ "." ]
                                          }, {
                                             "r" : "131",
                                             "s" : [ {
                                                "value" : [ "relevantPeriod" ]
                                             } ]
                                          } ]
                                       }, {
                                          "value" : [ " )" ]
                                       } ]
                                    } ]
                                 }, {
                                    "r" : "140",
                                    "value" : [ " ","during day of"," " ]
                                 }, {
                                    "r" : "139",
                                    "s" : [ {
                                       "value" : [ "Interval[" ]
                                    }, {
                                       "r" : "136",
                                       "s" : [ {
                                          "r" : "134",
                                          "s" : [ {
                                             "value" : [ "start of " ]
                                          }, {
                                             "r" : "133",
                                             "s" : [ {
                                                "value" : [ "\"Measurement Period\"" ]
                                             } ]
                                          } ]
                                       }, {
                                          "value" : [ " - " ]
                                       }, {
                                          "r" : "135",
                                          "s" : [ {
                                             "value" : [ "4 ","years" ]
                                          } ]
                                       } ]
                                    }, {
                                       "value" : [ ", \n      " ]
                                    }, {
                                       "r" : "138",
                                       "s" : [ {
                                          "value" : [ "end of " ]
                                       }, {
                                          "r" : "137",
                                          "s" : [ {
                                             "value" : [ "\"Measurement Period\"" ]
                                          } ]
                                       } ]
                                    }, {
                                       "value" : [ "]" ]
                                    } ]
                                 } ]
                              } ]
                           }, {
                              "value" : [ "\n      and " ]
                           }, {
                              "r" : "144",
                              "s" : [ {
                                 "r" : "143",
                                 "s" : [ {
                                    "r" : "142",
                                    "s" : [ {
                                       "value" : [ "HPVTest" ]
                                    } ]
                                 }, {
                                    "value" : [ "." ]
                                 }, {
                                    "r" : "143",
                                    "s" : [ {
                                       "value" : [ "result" ]
                                    } ]
                                 } ]
                              }, {
                                 "value" : [ " is not null" ]
                              } ]
                           } ]
                        } ]
                     } ]
                  } ]
               }
            } ],
            "expression" : {
               "localId" : "146",
               "locator" : "80:3-84:36",
               "type" : "Query",
               "source" : [ {
                  "localId" : "116",
                  "locator" : "80:3-80:52",
                  "alias" : "HPVTest",
                  "expression" : {
                     "localId" : "115",
                     "locator" : "80:3-80:44",
                     "dataType" : "{urn:healthit-gov:qdm:v5_6}PositiveLaboratoryTestPerformed",
                     "templateId" : "PositiveLaboratoryTestPerformed",
                     "codeProperty" : "code",
                     "codeComparator" : "in",
                     "type" : "Retrieve",
                     "codes" : {
                        "locator" : "80:34-80:43",
                        "name" : "HPV Test",
                        "type" : "ValueSetRef"
                     }
                  }
               } ],
               "relationship" : [ ],
               "where" : {
                  "localId" : "145",
                  "locator" : "81:5-84:36",
                  "type" : "And",
                  "operand" : [ {
                     "localId" : "141",
                     "locator" : "81:11-83:34",
                     "type" : "And",
                     "operand" : [ {
                        "localId" : "126",
                        "locator" : "81:11-81:106",
                        "type" : "GreaterOrEqual",
                        "operand" : [ {
                           "localId" : "124",
                           "locator" : "81:11-81:101",
                           "precision" : "Year",
                           "type" : "CalculateAgeAt",
                           "operand" : [ {
                              "type" : "ToDate",
                              "operand" : {
                                 "path" : "birthDatetime",
                                 "type" : "Property",
                                 "source" : {
                                    "name" : "Patient",
                                    "type" : "ExpressionRef"
                                 }
                              }
                           }, {
                              "localId" : "123",
                              "locator" : "81:24-81:100",
                              "type" : "DateFrom",
                              "operand" : {
                                 "localId" : "122",
                                 "locator" : "81:34-81:100",
                                 "name" : "LatestOf",
                                 "libraryName" : "Global",
                                 "type" : "FunctionRef",
                                 "operand" : [ {
                                    "localId" : "119",
                                    "locator" : "81:52-81:75",
                                    "path" : "relevantDatetime",
                                    "scope" : "HPVTest",
                                    "type" : "Property"
                                 }, {
                                    "localId" : "121",
                                    "locator" : "81:78-81:99",
                                    "path" : "relevantPeriod",
                                    "scope" : "HPVTest",
                                    "type" : "Property"
                                 } ]
                              }
                           } ]
                        }, {
                           "localId" : "125",
                           "locator" : "81:105-81:106",
                           "valueType" : "{urn:hl7-org:elm-types:r1}Integer",
                           "value" : "30",
                           "type" : "Literal"
                        } ]
                     }, {
                        "localId" : "140",
                        "locator" : "82:11-83:34",
                        "precision" : "Day",
                        "type" : "In",
                        "operand" : [ {
                           "localId" : "132",
                           "locator" : "82:11-82:80",
                           "name" : "LatestOf",
                           "libraryName" : "Global",
                           "type" : "FunctionRef",
                           "operand" : [ {
                              "localId" : "129",
                              "locator" : "82:31-82:54",
                              "path" : "relevantDatetime",
                              "scope" : "HPVTest",
                              "type" : "Property"
                           }, {
                              "localId" : "131",
                              "locator" : "82:57-82:78",
                              "path" : "relevantPeriod",
                              "scope" : "HPVTest",
                              "type" : "Property"
                           } ]
                        }, {
                           "localId" : "139",
                           "locator" : "82:96-83:34",
                           "lowClosed" : true,
                           "highClosed" : true,
                           "type" : "Interval",
                           "low" : {
                              "localId" : "136",
                              "locator" : "82:105-82:143",
                              "type" : "Subtract",
                              "operand" : [ {
                                 "localId" : "134",
                                 "locator" : "82:105-82:133",
                                 "type" : "Start",
                                 "operand" : {
                                    "localId" : "133",
                                    "locator" : "82:114-82:133",
                                    "name" : "Measurement Period",
                                    "type" : "ParameterRef"
                                 }
                              }, {
                                 "localId" : "135",
                                 "locator" : "82:137-82:143",
                                 "value" : 4,
                                 "unit" : "years",
                                 "type" : "Quantity"
                              } ]
                           },
                           "high" : {
                              "localId" : "138",
                              "locator" : "83:7-83:33",
                              "type" : "End",
                              "operand" : {
                                 "localId" : "137",
                                 "locator" : "83:14-83:33",
                                 "name" : "Measurement Period",
                                 "type" : "ParameterRef"
                              }
                           }
                        } ]
                     } ]
                  }, {
                     "localId" : "144",
                     "locator" : "84:11-84:36",
                     "type" : "Not",
                     "operand" : {
                        "locator" : "84:11-84:36",
                        "type" : "IsNull",
                        "operand" : {
                           "localId" : "143",
                           "locator" : "84:11-84:24",
                           "path" : "result",
                           "scope" : "HPVTest",
                           "type" : "Property"
                        }
                     }
                  } ]
               }
            }
         }, {
            "localId" : "151",
            "locator" : "50:1-52:66",
            "name" : "Numerator",
            "context" : "Patient",
            "accessLevel" : "Public",
            "annotation" : [ {
               "type" : "Annotation",
               "s" : {
                  "r" : "151",
                  "s" : [ {
                     "value" : [ "","define ","\"Numerator\"",":\n  " ]
                  }, {
                     "r" : "150",
                     "s" : [ {
                        "r" : "114",
                        "s" : [ {
                           "value" : [ "exists " ]
                        }, {
                           "r" : "113",
                           "s" : [ {
                              "value" : [ "\"Cervical Cytology Within 3 Years\"" ]
                           } ]
                        } ]
                     }, {
                        "value" : [ "\n    or " ]
                     }, {
                        "r" : "149",
                        "s" : [ {
                           "value" : [ "exists " ]
                        }, {
                           "r" : "148",
                           "s" : [ {
                              "value" : [ "\"HPV Test Within 5 Years for Women Age 30 and Older\"" ]
                           } ]
                        } ]
                     } ]
                  } ]
               }
            } ],
            "expression" : {
               "localId" : "150",
               "locator" : "51:3-52:66",
               "type" : "Or",
               "operand" : [ {
                  "localId" : "114",
                  "locator" : "51:3-51:43",
                  "type" : "Exists",
                  "operand" : {
                     "localId" : "113",
                     "locator" : "51:10-51:43",
                     "name" : "Cervical Cytology Within 3 Years",
                     "type" : "ExpressionRef"
                  }
               }, {
                  "localId" : "149",
                  "locator" : "52:8-52:66",
                  "type" : "Exists",
                  "operand" : {
                     "localId" : "148",
                     "locator" : "52:15-52:66",
                     "name" : "HPV Test Within 5 Years for Women Age 30 and Older",
                     "type" : "ExpressionRef"
                  }
               } ]
            }
         }, {
            "localId" : "153",
            "locator" : "54:1-55:51",
            "name" : "SDE Ethnicity",
            "context" : "Patient",
            "accessLevel" : "Public",
            "annotation" : [ {
               "type" : "Annotation",
               "s" : {
                  "r" : "153",
                  "s" : [ {
                     "value" : [ "","define ","\"SDE Ethnicity\"",":\n  " ]
                  }, {
                     "r" : "152",
                     "s" : [ {
                        "value" : [ "[","\"Patient Characteristic Ethnicity\"",": " ]
                     }, {
                        "s" : [ {
                           "value" : [ "\"Ethnicity\"" ]
                        } ]
                     }, {
                        "value" : [ "]" ]
                     } ]
                  } ]
               }
            } ],
            "expression" : {
               "localId" : "152",
               "locator" : "55:3-55:51",
               "dataType" : "{urn:healthit-gov:qdm:v5_6}PatientCharacteristicEthnicity",
               "codeProperty" : "code",
               "codeComparator" : "in",
               "type" : "Retrieve",
               "codes" : {
                  "locator" : "55:40-55:50",
                  "name" : "Ethnicity",
                  "type" : "ValueSetRef"
               }
            }
         }, {
            "localId" : "155",
            "locator" : "57:1-58:43",
            "name" : "SDE Payer",
            "context" : "Patient",
            "accessLevel" : "Public",
            "annotation" : [ {
               "type" : "Annotation",
               "s" : {
                  "r" : "155",
                  "s" : [ {
                     "value" : [ "","define ","\"SDE Payer\"",":\n  " ]
                  }, {
                     "r" : "154",
                     "s" : [ {
                        "value" : [ "[","\"Patient Characteristic Payer\"",": " ]
                     }, {
                        "s" : [ {
                           "value" : [ "\"Payer\"" ]
                        } ]
                     }, {
                        "value" : [ "]" ]
                     } ]
                  } ]
               }
            } ],
            "expression" : {
               "localId" : "154",
               "locator" : "58:3-58:43",
               "dataType" : "{urn:healthit-gov:qdm:v5_6}PatientCharacteristicPayer",
               "codeProperty" : "code",
               "codeComparator" : "in",
               "type" : "Retrieve",
               "codes" : {
                  "locator" : "58:36-58:42",
                  "name" : "Payer",
                  "type" : "ValueSetRef"
               }
            }
         }, {
            "localId" : "157",
            "locator" : "60:1-61:41",
            "name" : "SDE Race",
            "context" : "Patient",
            "accessLevel" : "Public",
            "annotation" : [ {
               "type" : "Annotation",
               "s" : {
                  "r" : "157",
                  "s" : [ {
                     "value" : [ "","define ","\"SDE Race\"",":\n  " ]
                  }, {
                     "r" : "156",
                     "s" : [ {
                        "value" : [ "[","\"Patient Characteristic Race\"",": " ]
                     }, {
                        "s" : [ {
                           "value" : [ "\"Race\"" ]
                        } ]
                     }, {
                        "value" : [ "]" ]
                     } ]
                  } ]
               }
            } ],
            "expression" : {
               "localId" : "156",
               "locator" : "61:3-61:41",
               "dataType" : "{urn:healthit-gov:qdm:v5_6}PatientCharacteristicRace",
               "codeProperty" : "code",
               "codeComparator" : "in",
               "type" : "Retrieve",
               "codes" : {
                  "locator" : "61:35-61:40",
                  "name" : "Race",
                  "type" : "ValueSetRef"
               }
            }
         }, {
            "localId" : "159",
            "locator" : "63:1-64:58",
            "name" : "SDE Sex",
            "context" : "Patient",
            "accessLevel" : "Public",
            "annotation" : [ {
               "type" : "Annotation",
               "s" : {
                  "r" : "159",
                  "s" : [ {
                     "value" : [ "","define ","\"SDE Sex\"",":\n  " ]
                  }, {
                     "r" : "158",
                     "s" : [ {
                        "value" : [ "[","\"Patient Characteristic Sex\"",": " ]
                     }, {
                        "s" : [ {
                           "value" : [ "\"ONC Administrative Sex\"" ]
                        } ]
                     }, {
                        "value" : [ "]" ]
                     } ]
                  } ]
               }
            } ],
            "expression" : {
               "localId" : "158",
               "locator" : "64:3-64:58",
               "dataType" : "{urn:healthit-gov:qdm:v5_6}PatientCharacteristicSex",
               "codeProperty" : "code",
               "codeComparator" : "in",
               "type" : "Retrieve",
               "codes" : {
                  "locator" : "64:34-64:57",
                  "name" : "ONC Administrative Sex",
                  "type" : "ValueSetRef"
               }
            }
         } ]
      }
   }
}